poly_id,year,month,cooling_monthly_mean,n_points,month_date,poly_elv
1,2020,10,4.212105198910362,19,2020-10-01,14.236887454986572
1,2020,11,5.341576827199836,19,2020-11-01,14.236887454986572
1,2020,12,5.525003051757812,20,2020-12-01,14.236887454986572
1,2021,1,6.044207121196546,19,2021-01-01,14.236887454986572
1,2021,2,8.069994758157168,17,2021-02-01,14.236887454986572
1,2021,3,8.779475161903783,19,2021-03-01,14.236887454986572
1,2021,4,8.733684339021382,19,2021-04-01,14.236887454986572
1,2021,5,7.7135009765625,20,2021-05-01,14.236887454986572
1,2021,6,6.8131569310238485,19,2021-06-01,14.236887454986572
1,2021,7,6.075262772409539,19,2021-07-01,14.236887454986572
1,2021,8,5.894446478949653,18,2021-08-01,14.236887454986572
1,2021,9,5.904205322265625,19,2021-09-01,14.236887454986572
1,2021,10,7.517495727539062,20,2021-10-01,14.236887454986572
1,2021,11,8.056312962582236,19,2021-11-01,14.236887454986572
1,2021,12,6.95473921926398,19,2021-12-01,14.236887454986572
1,2022,1,6.56631790964227,19,2022-01-01,14.236887454986572
1,2022,2,8.770590389476103,17,2022-02-01,14.236887454986572
1,2022,3,10.6989990234375,20,2022-03-01,14.236887454986572
1,2022,4,11.104739540501646,19,2022-04-01,14.236887454986572
1,2022,5,11.2247314453125,19,2022-05-01,14.236887454986572
1,2022,6,10.800000359030332,17,2022-06-01,14.236887454986572
1,2022,7,4.816313091077302,19,2022-07-01,14.236887454986572
1,2022,8,4.603689093338816,19,2022-08-01,14.236887454986572
1,2022,9,3.5331533331620064,19,2022-09-01,14.236887454986572
1,2022,10,3.2531545538651314,19,2022-10-01,14.236887454986572
1,2022,11,4.716666327582465,18,2022-11-01,14.236887454986572
1,2022,12,7.1342114900287825,19,2022-12-01,14.236887454986572
1,2023,1,6.024998474121094,20,2023-01-01,14.236887454986572
1,2023,2,9.400000678168404,18,2023-02-01,14.236887454986572
1,2023,3,11.323155453330592,19,2023-03-01,14.236887454986572
1,2023,4,11.169998972039474,19,2023-04-01,14.236887454986572
1,2023,5,10.55683818616365,19,2023-05-01,14.236887454986572
1,2023,6,5.637896086040296,19,2023-06-01,14.236887454986572
1,2023,7,3.339501953125,20,2023-07-01,14.236887454986572
1,2023,8,3.1463125128495064,19,2023-08-01,14.236887454986572
1,2023,9,3.7266642252604165,18,2023-09-01,14.236887454986572
1,2023,10,6.481106228298611,18,2023-10-01,14.236887454986572
1,2023,11,6.878948010896382,19,2023-11-01,14.236887454986572
1,2023,12,5.065499877929687,20,2023-12-01,14.236887454986572
1,2024,1,3.5136799059416117,19,2024-01-01,14.236887454986572
1,2024,2,5.134999593098958,18,2024-02-01,14.236887454986572
1,2024,3,7.644999694824219,20,2024-03-01,14.236887454986572
1,2024,4,9.38789287366365,19,2024-04-01,14.236887454986572
1,2024,5,9.503160978618421,19,2024-05-01,14.236887454986572
1,2024,6,9.671573036595396,19,2024-06-01,14.236887454986572
1,2024,7,9.80526412160773,19,2024-07-01,14.236887454986572
1,2024,8,7.329475804379112,19,2024-08-01,14.236887454986572
1,2024,9,1.4378935161389803,19,2024-09-01,14.236887454986572
1,2024,10,1.948884752061632,18,2024-10-01,14.236887454986572
2,2020,10,2.4005239386307564,19,2020-10-01,35.77858638763428
2,2020,11,1.3710471705386513,19,2020-11-01,35.77858638763428
2,2020,12,0.0105010986328125,20,2020-12-01,35.77858638763428
2,2021,1,2.7357900519120064,19,2021-01-01,35.77858638763428
2,2021,2,4.8282309139476105,17,2021-02-01,35.77858638763428
2,2021,3,5.038946854440789,19,2021-03-01,35.77858638763428
2,2021,4,5.057366622121711,19,2021-04-01,35.77858638763428
2,2021,5,3.8724990844726563,20,2021-05-01,35.77858638763428
2,2021,6,2.7073653371710527,19,2021-06-01,35.77858638763428
2,2021,7,2.114736456620066,19,2021-07-01,35.77858638763428
2,2021,8,2.457366943359375,19,2021-08-01,35.77858638763428
2,2021,9,3.487894158614309,19,2021-09-01,35.77858638763428
2,2021,10,3.7834991455078124,20,2021-10-01,35.77858638763428
2,2021,11,3.7852606522409538,19,2021-11-01,35.77858638763428
2,2021,12,3.1605240671258223,19,2021-12-01,35.77858638763428
2,2022,1,2.1036858809621712,19,2022-01-01,35.77858638763428
2,2022,2,3.7388251809512867,17,2022-02-01,35.77858638763428
2,2022,3,5.584002685546875,20,2022-03-01,35.77858638763428
2,2022,4,6.185791015625,19,2022-04-01,35.77858638763428
2,2022,5,6.263678299753289,19,2022-05-01,35.77858638763428
2,2022,6,3.3182390998391544,17,2022-06-01,35.77858638763428
2,2022,7,1.0657894736842106,19,2022-07-01,35.77858638763428
2,2022,8,1.6640045166015625,20,2022-08-01,35.77858638763428
2,2022,9,3.163156609786184,19,2022-09-01,35.77858638763428
2,2022,10,3.5410525673314144,19,2022-10-01,35.77858638763428
2,2022,11,3.4822252061631946,18,2022-11-01,35.77858638763428
2,2022,12,4.827370091488487,19,2022-12-01,35.77858638763428
2,2023,1,4.002999877929687,20,2023-01-01,35.77858638763428
2,2023,2,4.171110365125868,18,2023-02-01,35.77858638763428
2,2023,3,6.409475226151316,19,2023-03-01,35.77858638763428
2,2023,4,5.86105025442023,19,2023-04-01,35.77858638763428
2,2023,5,4.1610557154605265,19,2023-05-01,35.77858638763428
2,2023,6,3.5568365799753288,19,2023-06-01,35.77858638763428
2,2023,7,2.80400390625,20,2023-07-01,35.77858638763428
2,2023,8,2.2426324141652962,19,2023-08-01,35.77858638763428
2,2023,9,2.417777167426215,18,2023-09-01,35.77858638763428
2,2023,10,2.62333001030816,18,2023-10-01,35.77858638763428
2,2023,11,2.587371826171875,19,2023-11-01,35.77858638763428
2,2023,12,3.7745010375976564,20,2023-12-01,35.77858638763428
2,2024,1,3.9089467901932564,19,2024-01-01,35.77858638763428
2,2024,2,5.103330824110243,18,2024-02-01,35.77858638763428
2,2024,3,6.415495300292969,20,2024-03-01,35.77858638763428
2,2024,4,6.609472977487664,19,2024-04-01,35.77858638763428
2,2024,5,6.679472270764802,19,2024-05-01,35.77858638763428
2,2024,6,5.721575285259046,19,2024-06-01,35.77858638763428
2,2024,7,2.678421823601974,19,2024-07-01,35.77858638763428
2,2024,8,2.714731316817434,19,2024-08-01,35.77858638763428
2,2024,9,3.472630550986842,19,2024-09-01,35.77858638763428
2,2024,10,3.2161119249131946,18,2024-10-01,35.77858638763428
3,2020,10,3.4052605879934212,19,2020-10-01,36.62546491622925
3,2020,11,3.3138902452256946,18,2020-11-01,36.62546491622925
3,2020,12,3.2860031127929688,20,2020-12-01,36.62546491622925
3,2021,1,2.1431563527960527,19,2021-01-01,36.62546491622925
3,2021,2,0.9788225959329044,17,2021-02-01,36.62546491622925
3,2021,3,2.885268361944901,19,2021-03-01,36.62546491622925
3,2021,4,3.6415822882401314,19,2021-04-01,36.62546491622925
3,2021,5,5.133998107910156,20,2021-05-01,36.62546491622925
3,2021,6,5.2705238743832235,19,2021-06-01,36.62546491622925
3,2021,7,5.312630101254112,19,2021-07-01,36.62546491622925
3,2021,8,5.272631193462171,19,2021-08-01,36.62546491622925
3,2021,9,5.277364630448191,19,2021-09-01,36.62546491622925
3,2021,10,4.803004455566406,20,2021-10-01,36.62546491622925
3,2021,11,0.3436841462787829,19,2021-11-01,36.62546491622925
3,2021,12,0.9757883172286185,19,2021-12-01,36.62546491622925
3,2022,1,2.901575991981908,19,2022-01-01,36.62546491622925
3,2022,2,3.2994097541360294,17,2022-02-01,36.62546491622925
3,2022,3,3.9245025634765627,20,2022-03-01,36.62546491622925
3,2022,4,4.238946211965461,19,2022-04-01,36.62546491622925
3,2022,5,4.338949103104441,19,2022-05-01,36.62546491622925
3,2022,6,3.9747081083409928,17,2022-06-01,36.62546491622925
3,2022,7,2.668416876541941,19,2022-07-01,36.62546491622925
3,2022,8,1.8810012817382813,20,2022-08-01,36.62546491622925
3,2022,9,1.8073666221217106,19,2022-09-01,36.62546491622925
3,2022,10,1.8326303582442434,19,2022-10-01,36.62546491622925
3,2022,11,2.157221476236979,18,2022-11-01,36.62546491622925
3,2022,12,3.0263141832853617,19,2022-12-01,36.62546491622925
3,2023,1,3.596998596191406,20,2023-01-01,36.62546491622925
3,2023,2,4.5872243245442705,18,2023-02-01,36.62546491622925
3,2023,3,5.2873679713199015,19,2023-03-01,36.62546491622925
3,2023,4,6.056314568770559,19,2023-04-01,36.62546491622925
3,2023,5,7.3752602025082235,19,2023-05-01,36.62546491622925
3,2023,6,8.452105070415296,19,2023-06-01,36.62546491622925
3,2023,7,3.705000305175781,20,2023-07-01,36.62546491622925
3,2023,8,3.1600020559210527,19,2023-08-01,36.62546491622925
3,2023,9,3.201105753580729,18,2023-09-01,36.62546491622925
3,2023,10,2.468331231011285,18,2023-10-01,36.62546491622925
3,2023,11,1.821581388774671,19,2023-11-01,36.62546491622925
3,2023,12,1.5245010375976562,20,2023-12-01,36.62546491622925
3,2024,1,2.727895636307566,19,2024-01-01,36.62546491622925
3,2024,2,3.7405582004123263,18,2024-02-01,36.62546491622925
3,2024,3,6.5760040283203125,20,2024-03-01,36.62546491622925
3,2024,4,7.308947111430921,19,2024-04-01,36.62546491622925
3,2024,5,6.917894865337171,19,2024-05-01,36.62546491622925
3,2024,6,6.310522782175164,19,2024-06-01,36.62546491622925
3,2024,7,6.001048840974507,19,2024-07-01,36.62546491622925
3,2024,8,5.393156352796052,19,2024-08-01,36.62546491622925
3,2024,9,2.0905279862253288,19,2024-09-01,36.62546491622925
3,2024,10,1.6461130777994792,18,2024-10-01,36.62546491622925
4,2020,10,0.6384245219983553,19,2020-10-01,40.78579902648926
4,2020,11,0.6652671412417763,19,2020-11-01,40.78579902648926
4,2020,12,1.6235000610351562,20,2020-12-01,40.78579902648926
4,2021,1,1.485791658100329,19,2021-01-01,40.78579902648926
4,2021,2,2.867061839384191,17,2021-02-01,40.78579902648926
4,2021,3,2.511582223992599,19,2021-03-01,40.78579902648926
4,2021,4,2.1500003212376644,19,2021-04-01,40.78579902648926
4,2021,5,1.3899978637695312,20,2021-05-01,40.78579902648926
4,2021,6,1.0842124537417763,19,2021-06-01,40.78579902648926
4,2021,7,0.7578944156044408,19,2021-07-01,40.78579902648926
4,2021,8,0.627362703022204,19,2021-08-01,40.78579902648926
4,2021,9,0.2557870965254934,19,2021-09-01,40.78579902648926
4,2021,10,0.2489990234375,20,2021-10-01,40.78579902648926
4,2021,11,0.5252685546875,19,2021-11-01,40.78579902648926
4,2021,12,1.202631900185033,19,2021-12-01,40.78579902648926
4,2022,1,1.5036813836348684,19,2022-01-01,40.78579902648926
4,2022,2,2.140585506663603,17,2022-02-01,40.78579902648926
4,2022,3,3.768504333496094,20,2022-03-01,40.78579902648926
4,2022,4,4.65157759817023,19,2022-04-01,40.78579902648926
4,2022,5,2.254739861739309,19,2022-05-01,40.78579902648926
4,2022,6,0.4235319249770221,17,2022-06-01,40.78579902648926
4,2022,7,-0.6415790758634868,19,2022-07-01,40.78579902648926
4,2022,8,-0.5564971923828125,20,2022-08-01,40.78579902648926
4,2022,9,-0.24999678762335525,19,2022-09-01,40.78579902648926
4,2022,10,-0.2722235785590278,19,2022-10-01,40.78579902648926
4,2022,11,0.06388685438368055,18,2022-11-01,40.78579902648926
4,2022,12,0.33579294305098684,19,2022-12-01,40.78579902648926
4,2023,1,0.17700042724609374,20,2023-01-01,40.78579902648926
4,2023,2,0.1477813720703125,18,2023-02-01,40.78579902648926
4,2023,3,2.4747378700657894,19,2023-03-01,40.78579902648926
4,2023,4,1.9778940301192434,19,2023-04-01,40.78579902648926
4,2023,5,0.5726302297491777,19,2023-05-01,40.78579902648926
4,2023,6,-0.3284253572162829,19,2023-06-01,40.78579902648926
4,2023,7,-0.59850311279296875,20,2023-07-01,40.78579902648926
4,2023,8,-0.38683921412417765,19,2023-08-01,40.78579902648926
4,2023,9,-0.3144429524739583,18,2023-09-01,40.78579902648926
4,2023,10,-0.6844482421875,18,2023-10-01,40.78579902648926
4,2023,11,-0.27526052374588816,19,2023-11-01,40.78579902648926
4,2023,12,1.3854965209960937,20,2023-12-01,40.78579902648926
4,2024,1,2.3142874581473216,21,2024-01-01,40.78579902648926
4,2024,2,3.8516659206814237,18,2024-02-01,40.78579902648926
4,2024,3,5.633500671386718,20,2024-03-01,40.78579902648926
4,2024,4,6.624734978926809,19,2024-04-01,40.78579902648926
4,2024,5,6.2310534025493425,19,2024-05-01,40.78579902648926
4,2024,6,1.3447410181949013,19,2024-06-01,40.78579902648926
4,2024,7,-0.15157277960526316,19,2024-07-01,40.78579902648926
4,2024,8,0.058425100226151314,19,2024-08-01,40.78579902648926
4,2024,9,0.2121068050986842,19,2024-09-01,40.78579902648926
4,2024,10,0.6288909912109375,18,2024-10-01,40.78579902648926
5,2020,10,1.6142112330386513,19,2020-10-01,9.813473999500275
5,2020,11,0.5542104620682565,19,2020-11-01,9.813473999500275
5,2020,12,0.62200164794921875,20,2020-12-01,9.813473999500275
5,2021,1,1.692103335731908,19,2021-01-01,9.813473999500275
5,2021,2,3.5747088264016544,17,2021-02-01,9.813473999500275
5,2021,3,4.737368935032895,19,2021-03-01,9.813473999500275
5,2021,4,5.051581131784539,19,2021-04-01,9.813473999500275
5,2021,5,4.425,20,2021-05-01,9.813473999500275
5,2021,6,3.324737548828125,19,2021-06-01,9.813473999500275
5,2021,7,1.9310495476973684,19,2021-07-01,9.813473999500275
5,2021,8,1.7999996609157987,18,2021-08-01,9.813473999500275
5,2021,9,1.94683837890625,19,2021-09-01,9.813473999500275
5,2021,10,0.9379989624023437,20,2021-10-01,9.813473999500275
5,2021,11,0.2594749049136513,19,2021-11-01,9.813473999500275
5,2021,12,0.8921091180098685,19,2021-12-01,9.813473999500275
5,2022,1,2.576310007195724,19,2022-01-01,9.813473999500275
5,2022,2,3.841762767118566,17,2022-02-01,9.813473999500275
5,2022,3,5.358500671386719,20,2022-03-01,9.813473999500275
5,2022,4,5.887891267475329,19,2022-04-01,9.813473999500275
5,2022,5,6.007892809416118,19,2022-05-01,9.813473999500275
5,2022,6,5.978826186236213,17,2022-06-01,9.813473999500275
5,2022,7,3.731577019942434,19,2022-07-01,9.813473999500275
5,2022,8,0.2505252235814145,19,2022-08-01,9.813473999500275
5,2022,9,1.1894740054481907,19,2022-09-01,9.813473999500275
5,2022,10,1.4810550087376644,19,2022-10-01,9.813473999500275
5,2022,11,1.59222412109375,18,2022-11-01,9.813473999500275
5,2022,12,1.993678042763158,19,2022-12-01,9.813473999500275
5,2023,1,3.87550048828125,20,2023-01-01,9.813473999500275
5,2023,2,4.656670464409722,18,2023-02-01,9.813473999500275
5,2023,3,4.982097424958882,19,2023-03-01,9.813473999500275
5,2023,4,4.494208084909539,19,2023-04-01,9.813473999500275
5,2023,5,4.883156224300987,19,2023-05-01,9.813473999500275
5,2023,6,4.305789345189145,19,2023-06-01,9.813473999500275
5,2023,7,3.2185012817382814,20,2023-07-01,9.813473999500275
5,2023,8,5.104736328125,19,2023-08-01,9.813473999500275
5,2023,9,4.987781100802952,18,2023-09-01,9.813473999500275
5,2023,10,1.4966634114583333,18,2023-10-01,9.813473999500275
5,2023,11,0.26684249074835525,19,2023-11-01,9.813473999500275
5,2023,12,-0.22399444580078126,20,2023-12-01,9.813473999500275
5,2024,1,0.962633634868421,19,2024-01-01,9.813473999500275
5,2024,2,2.225001017252604,18,2024-02-01,9.813473999500275
5,2024,3,3.4444961547851563,20,2024-03-01,9.813473999500275
5,2024,4,4.289998907791941,19,2024-04-01,9.813473999500275
5,2024,5,4.636847245065789,19,2024-05-01,9.813473999500275
5,2024,6,4.961053145559211,19,2024-06-01,9.813473999500275
5,2024,7,4.6973716334292765,19,2024-07-01,9.813473999500275
5,2024,8,0.550000642475329,19,2024-08-01,9.813473999500275
5,2024,9,0.6263154682360197,19,2024-09-01,9.813473999500275
5,2024,10,1.0533362494574652,18,2024-10-01,9.813473999500275
6,2020,10,2.9605279219777962,19,2020-10-01,152.9643783569336
6,2020,11,2.987894158614309,19,2020-11-01,152.9643783569336
6,2020,12,3.1204986572265625,20,2020-12-01,152.9643783569336
6,2021,1,3.330526251541941,19,2021-01-01,152.9643783569336
6,2021,2,3.472354664522059,17,2021-02-01,152.9643783569336
6,2021,3,4.5726318359375,19,2021-03-01,152.9643783569336
6,2021,4,4.667894865337171,19,2021-04-01,152.9643783569336
6,2021,5,4.949002075195312,20,2021-05-01,152.9643783569336
6,2021,6,2.273153204666941,19,2021-06-01,152.9643783569336
6,2021,7,2.144211618523849,19,2021-07-01,152.9643783569336
6,2021,8,2.0611097547743054,18,2021-08-01,152.9643783569336
6,2021,9,2.0989492315995064,19,2021-09-01,152.9643783569336
6,2021,10,2.064497375488281,20,2021-10-01,152.9643783569336
6,2021,11,1.738425806949013,19,2021-11-01,152.9643783569336
6,2021,12,1.486842105263158,19,2021-12-01,152.9643783569336
6,2022,1,3.325261166221217,19,2022-01-01,152.9643783569336
6,2022,2,4.258232565487132,17,2022-02-01,152.9643783569336
6,2022,3,5.28499755859375,20,2022-03-01,152.9643783569336
6,2022,4,5.621050382915296,19,2022-04-01,152.9643783569336
6,2022,5,5.796113755967882,18,2022-05-01,152.9643783569336
6,2022,6,2.300000359030331,17,2022-06-01,152.9643783569336
6,2022,7,1.599474455180921,19,2022-07-01,152.9643783569336
6,2022,8,1.1931602076480263,19,2022-08-01,152.9643783569336
6,2022,9,1.138887193467882,18,2022-09-01,152.9643783569336
6,2022,10,1.124738191303454,19,2022-10-01,152.9643783569336
6,2022,11,1.1229373707490808,17,2022-11-01,152.9643783569336
6,2022,12,1.43157958984375,19,2022-12-01,152.9643783569336
6,2023,1,4.052001953125,20,2023-01-01,152.9643783569336
6,2023,2,5.0483347574869795,18,2023-02-01,152.9643783569336
6,2023,3,7.81473099557977,19,2023-03-01,152.9643783569336
6,2023,4,7.809470728824013,19,2023-04-01,152.9643783569336
6,2023,5,6.71889411078559,18,2023-05-01,152.9643783569336
6,2023,6,6.026317395662007,19,2023-06-01,152.9643783569336
6,2023,7,5.870004272460937,20,2023-07-01,152.9643783569336
6,2023,8,5.667369641755757,19,2023-08-01,152.9643783569336
6,2023,9,1.752775404188368,18,2023-09-01,152.9643783569336
6,2023,10,1.472776624891493,18,2023-10-01,152.9643783569336
6,2023,11,1.4978926809210527,19,2023-11-01,152.9643783569336
6,2023,12,1.5050033569335937,20,2023-12-01,152.9643783569336
6,2024,1,3.545792429070724,19,2024-01-01,152.9643783569336
6,2024,2,6.956108940972222,18,2024-02-01,152.9643783569336
6,2024,3,9.744503784179688,20,2024-03-01,152.9643783569336
6,2024,4,10.562626888877467,19,2024-04-01,152.9643783569336
6,2024,5,10.642946131089154,17,2024-05-01,152.9643783569336
6,2024,6,10.551106770833334,18,2024-06-01,152.9643783569336
6,2024,7,10.659472013774671,19,2024-07-01,152.9643783569336
6,2024,8,10.65368009868421,19,2024-08-01,152.9643783569336
6,2024,9,8.228890313042534,18,2024-09-01,152.9643783569336
6,2024,10,0.7361094156901041,18,2024-10-01,152.9643783569336
7,2020,10,2.2589480751439144,19,2020-10-01,48.43452548980713
7,2020,11,0.21210198653371712,19,2020-11-01,48.43452548980713
7,2020,12,2.310499572753906,20,2020-12-01,48.43452548980713
7,2021,1,2.626317074424342,19,2021-01-01,48.43452548980713
7,2021,2,1.4952967026654411,17,2021-02-01,48.43452548980713
7,2021,3,0.6836885151110197,19,2021-03-01,48.43452548980713
7,2021,4,1.4268477590460527,19,2021-04-01,48.43452548980713
7,2021,5,1.658001708984375,20,2021-05-01,48.43452548980713
7,2021,6,0.5700025056537829,19,2021-06-01,48.43452548980713
7,2021,7,0.13684242650082237,19,2021-07-01,48.43452548980713
7,2021,8,-0.057368228310032895,19,2021-08-01,48.43452548980713
7,2021,9,-0.14525724712171054,19,2021-09-01,48.43452548980713
7,2021,10,-0.1555023193359375,20,2021-10-01,48.43452548980713
7,2021,11,0.7831581517269737,19,2021-11-01,48.43452548980713
7,2021,12,2.5857881244860197,19,2021-12-01,48.43452548980713
7,2022,1,2.911050896895559,19,2022-01-01,48.43452548980713
7,2022,2,2.4488238166360294,17,2022-02-01,48.43452548980713
7,2022,3,2.6670013427734376,20,2022-03-01,48.43452548980713
7,2022,4,3.2194711785567436,19,2022-04-01,48.43452548980713
7,2022,5,3.3857903731496712,19,2022-05-01,48.43452548980713
7,2022,6,-0.24999640969669118,17,2022-06-01,48.43452548980713
7,2022,7,-0.12104877672697369,19,2022-07-01,48.43452548980713
7,2022,8,0.40000152587890625,20,2022-08-01,48.43452548980713
7,2022,9,0.279998779296875,19,2022-09-01,48.43452548980713
7,2022,10,0.344207763671875,19,2022-10-01,48.43452548980713
7,2022,11,0.5222218831380209,18,2022-11-01,48.43452548980713
7,2022,12,0.10420789216694079,19,2022-12-01,48.43452548980713
7,2023,1,-0.19250030517578126,20,2023-01-01,48.43452548980713
7,2023,2,1.3061116536458333,18,2023-02-01,48.43452548980713
7,2023,3,3.6836836965460527,19,2023-03-01,48.43452548980713
7,2023,4,3.852102179276316,19,2023-04-01,48.43452548980713
7,2023,5,4.721581710012336,19,2023-05-01,48.43452548980713
7,2023,6,4.584734464946546,19,2023-06-01,48.43452548980713
7,2023,7,2.0829986572265624,20,2023-07-01,48.43452548980713
7,2023,8,2.0878938373766447,19,2023-08-01,48.43452548980713
7,2023,9,1.608885023328993,18,2023-09-01,48.43452548980713
7,2023,10,-0.3922254774305556,18,2023-10-01,48.43452548980713
7,2023,11,-1.461578369140625,19,2023-11-01,48.43452548980713
7,2023,12,1.0034988403320313,20,2023-12-01,48.43452548980713
7,2024,1,1.18157958984375,19,2024-01-01,48.43452548980713
7,2024,2,1.717222425672743,18,2024-02-01,48.43452548980713
7,2024,3,2.3365020751953125,20,2024-03-01,48.43452548980713
7,2024,4,2.9094720137746712,19,2024-04-01,48.43452548980713
7,2024,5,3.3947320235402962,19,2024-05-01,48.43452548980713
7,2024,6,3.776841013055099,19,2024-06-01,48.43452548980713
7,2024,7,3.3194756758840462,19,2024-07-01,48.43452548980713
7,2024,8,-2.3910586708470394,19,2024-08-01,48.43452548980713
7,2024,9,-1.6452652780633223,19,2024-09-01,48.43452548980713
7,2024,10,-1.9638875325520833,18,2024-10-01,48.43452548980713
8,2020,10,2.67315673828125,19,2020-10-01,37.08544862270355
8,2020,11,2.6373660438939144,19,2020-11-01,37.08544862270355
8,2020,12,2.1925018310546873,20,2020-12-01,37.08544862270355
8,2021,1,1.2031539113898027,19,2021-01-01,37.08544862270355
8,2021,2,2.347058464499081,17,2021-02-01,37.08544862270355
8,2021,3,2.580526251541941,19,2021-03-01,37.08544862270355
8,2021,4,2.577362060546875,19,2021-04-01,37.08544862270355
8,2021,5,2.1199966430664063,20,2021-05-01,37.08544862270355
8,2021,6,2.3247359426398027,19,2021-06-01,37.08544862270355
8,2021,7,2.239476254111842,19,2021-07-01,37.08544862270355
8,2021,8,2.155268618935033,19,2021-08-01,37.08544862270355
8,2021,9,2.3473687422902962,19,2021-09-01,37.08544862270355
8,2021,10,2.7684967041015627,20,2021-10-01,37.08544862270355
8,2021,11,2.3715804250616777,19,2021-11-01,37.08544862270355
8,2021,12,1.8394775390625,19,2021-12-01,37.08544862270355
8,2022,1,2.171574642783717,19,2022-01-01,37.08544862270355
8,2022,2,1.9076484231387867,17,2022-02-01,37.08544862270355
8,2022,3,1.8275009155273438,20,2022-03-01,37.08544862270355
8,2022,4,1.27789306640625,19,2022-04-01,37.08544862270355
8,2022,5,0.3089455052425987,19,2022-05-01,37.08544862270355
8,2022,6,-0.052352007697610295,17,2022-06-01,37.08544862270355
8,2022,7,0.5042146381578947,19,2022-07-01,37.08544862270355
8,2022,8,0.5530044555664062,20,2022-08-01,37.08544862270355
8,2022,9,1.4036833110608553,19,2022-09-01,37.08544862270355
8,2022,10,1.481580232319079,19,2022-10-01,37.08544862270355
8,2022,11,1.6077779134114583,18,2022-11-01,37.08544862270355
8,2022,12,1.829472592002467,19,2022-12-01,37.08544862270355
8,2023,1,1.6880020141601562,20,2023-01-01,37.08544862270355
8,2023,2,2.566106160481771,18,2023-02-01,37.08544862270355
8,2023,3,3.4610531455592106,19,2023-03-01,37.08544862270355
8,2023,4,1.9742094341077303,19,2023-04-01,37.08544862270355
8,2023,5,0.9705296566611842,19,2023-05-01,37.08544862270355
8,2023,6,0.25790084035773025,19,2023-06-01,37.08544862270355
8,2023,7,-0.2870025634765625,20,2023-07-01,37.08544862270355
8,2023,8,-0.22894126490542763,19,2023-08-01,37.08544862270355
8,2023,9,-0.10833231608072917,18,2023-09-01,37.08544862270355
8,2023,10,0.4316677517361111,18,2023-10-01,37.08544862270355
8,2023,11,0.4526302939967105,19,2023-11-01,37.08544862270355
8,2023,12,2.2874984741210938,20,2023-12-01,37.08544862270355
8,2024,1,1.4610563579358553,19,2024-01-01,37.08544862270355
8,2024,2,1.3838907877604167,18,2024-02-01,37.08544862270355
8,2024,3,1.9149948120117188,20,2024-03-01,37.08544862270355
8,2024,4,2.943685431229441,19,2024-04-01,37.08544862270355
8,2024,5,3.2000041760896383,19,2024-05-01,37.08544862270355
8,2024,6,2.8447378058182564,19,2024-06-01,37.08544862270355
8,2024,7,2.6894723992598686,19,2024-07-01,37.08544862270355
8,2024,8,2.1542117470189144,19,2024-08-01,37.08544862270355
8,2024,9,-0.9963137978001645,19,2024-09-01,37.08544862270355
8,2024,10,-2.0644429524739585,18,2024-10-01,37.08544862270355
9,2020,10,0.4942064787212171,19,2020-10-01,46.992342948913574
9,2020,11,0.6326342130962171,19,2020-11-01,46.992342948913574
9,2020,12,1.0905014038085938,20,2020-12-01,46.992342948913574
9,2021,1,0.8773691277754935,19,2021-01-01,46.992342948913574
9,2021,2,0.9217619054457721,17,2021-02-01,46.992342948913574
9,2021,3,0.9626352410567435,19,2021-03-01,46.992342948913574
9,2021,4,1.2289492958470394,19,2021-04-01,46.992342948913574
9,2021,5,0.8695037841796875,20,2021-05-01,46.992342948913574
9,2021,6,0.5263173956620065,19,2021-06-01,46.992342948913574
9,2021,7,-0.07315705951891448,19,2021-07-01,46.992342948913574
9,2021,8,-0.20316354851973684,19,2021-08-01,46.992342948913574
9,2021,9,0.048948589124177634,19,2021-09-01,46.992342948913574
9,2021,10,0.9930023193359375,20,2021-10-01,46.992342948913574
9,2021,11,2.2836833753083883,19,2021-11-01,46.992342948913574
9,2021,12,2.701578240645559,19,2021-12-01,46.992342948913574
9,2022,1,2.8921091180098686,19,2022-01-01,46.992342948913574
9,2022,2,2.432351505055147,17,2022-02-01,46.992342948913574
9,2022,3,3.035504150390625,20,2022-03-01,46.992342948913574
9,2022,4,3.2631595009251644,19,2022-04-01,46.992342948913574
9,2022,5,3.2705206620065788,19,2022-05-01,46.992342948913574
9,2022,6,0.5911793428308824,17,2022-06-01,46.992342948913574
9,2022,7,0.5378948010896382,19,2022-07-01,46.992342948913574
9,2022,8,1.2509994506835938,20,2022-08-01,46.992342948913574
9,2022,9,2.2863143117804277,19,2022-09-01,46.992342948913574
9,2022,10,2.4036897358141447,19,2022-10-01,46.992342948913574
9,2022,11,2.129999796549479,18,2022-11-01,46.992342948913574
9,2022,12,1.764208341899671,19,2022-12-01,46.992342948913574
9,2023,1,2.288499450683594,20,2023-01-01,46.992342948913574
9,2023,2,2.3244442409939237,18,2023-02-01,46.992342948913574
9,2023,3,2.3768439041940788,19,2023-03-01,46.992342948913574
9,2023,4,2.1852657920435856,19,2023-04-01,46.992342948913574
9,2023,5,1.8210465280633223,19,2023-05-01,46.992342948913574
9,2023,6,1.1647370990953947,19,2023-06-01,46.992342948913574
9,2023,7,0.15149993896484376,20,2023-07-01,46.992342948913574
9,2023,8,0.3105292069284539,19,2023-08-01,46.992342948913574
9,2023,9,0.7211083306206597,18,2023-09-01,46.992342948913574
9,2023,10,0.8894382052951388,18,2023-10-01,46.992342948913574
9,2023,11,1.2663108424136513,19,2023-11-01,46.992342948913574
9,2023,12,1.443499755859375,20,2023-12-01,46.992342948913574
9,2024,1,2.0278914602179277,19,2024-01-01,46.992342948913574
9,2024,2,2.774444580078125,18,2024-02-01,46.992342948913574
9,2024,3,3.760003662109375,20,2024-03-01,46.992342948913574
9,2024,4,3.9726289447985197,19,2024-04-01,46.992342948913574
9,2024,5,3.050521047491776,19,2024-05-01,46.992342948913574
9,2024,6,2.8800016704358553,19,2024-06-01,46.992342948913574
9,2024,7,3.4789492958470394,19,2024-07-01,46.992342948913574
9,2024,8,3.5784237510279606,19,2024-08-01,46.992342948913574
9,2024,9,3.2494795949835527,19,2024-09-01,46.992342948913574
9,2024,10,3.184444851345486,18,2024-10-01,46.992342948913574
10,2020,10,2.355789987664474,19,2020-10-01,33.284361839294434
10,2020,11,2.3752569901315788,19,2020-11-01,33.284361839294434
10,2020,12,3.1440032958984374,20,2020-12-01,33.284361839294434
10,2021,1,3.6215804250616777,19,2021-01-01,33.284361839294434
10,2021,2,7.6611776912913605,17,2021-02-01,33.284361839294434
10,2021,3,8.476310328433389,19,2021-03-01,33.284361839294434
10,2021,4,8.28315654553865,19,2021-04-01,33.284361839294434
10,2021,5,4.9889984130859375,20,2021-05-01,33.284361839294434
10,2021,6,2.9426301655016447,19,2021-06-01,33.284361839294434
10,2021,7,2.1484182257401314,19,2021-07-01,33.284361839294434
10,2021,8,2.0068423622532894,19,2021-08-01,33.284361839294434
10,2021,9,2.1163153397409538,19,2021-09-01,33.284361839294434
10,2021,10,2.4199981689453125,20,2021-10-01,33.284361839294434
10,2021,11,2.9431586014597038,19,2021-11-01,33.284361839294434
10,2021,12,3.2010530170641447,19,2021-12-01,33.284361839294434
10,2022,1,3.6847357498972038,19,2022-01-01,33.284361839294434
10,2022,2,5.292349422679228,17,2022-02-01,33.284361839294434
10,2022,3,6.808000183105468,20,2022-03-01,33.284361839294434
10,2022,4,6.989998265316612,19,2022-04-01,33.284361839294434
10,2022,5,4.700531005859375,19,2022-05-01,33.284361839294434
10,2022,6,3.988238166360294,17,2022-06-01,33.284361839294434
10,2022,7,3.801579525596217,19,2022-07-01,33.284361839294434
10,2022,8,3.6910018920898438,20,2022-08-01,33.284361839294434
10,2022,9,7.842632092927632,19,2022-09-01,33.284361839294434
10,2022,10,8.198888142903646,18,2022-10-01,33.284361839294434
10,2022,11,8.206670125325521,18,2022-11-01,33.284361839294434
10,2022,12,2.2278924239309212,19,2022-12-01,33.284361839294434
10,2023,1,3.6829986572265625,20,2023-01-01,33.284361839294434
10,2023,2,7.0372314453125,18,2023-02-01,33.284361839294434
10,2023,3,7.4973706697162825,19,2023-03-01,33.284361839294434
10,2023,4,6.399471885279605,19,2023-04-01,33.284361839294434
10,2023,5,5.293331570095486,18,2023-05-01,33.284361839294434
10,2023,6,2.3236806769120064,19,2023-06-01,33.284361839294434
10,2023,7,4.614999389648437,20,2023-07-01,33.284361839294434
10,2023,8,6.898419831928454,19,2023-08-01,33.284361839294434
10,2023,9,7.0144500732421875,18,2023-09-01,33.284361839294434
10,2023,10,4.615884219898897,17,2023-10-01,33.284361839294434
10,2023,11,2.071578176398026,19,2023-11-01,33.284361839294434
10,2023,12,1.9274993896484376,20,2023-12-01,33.284361839294434
10,2024,1,4.484737998560855,19,2024-01-01,33.284361839294434
10,2024,2,6.037217881944445,18,2024-02-01,33.284361839294434
10,2024,3,7.123497009277344,20,2024-03-01,33.284361839294434
10,2024,4,7.530000385485198,19,2024-04-01,33.284361839294434
10,2024,5,7.3610486482319075,19,2024-05-01,33.284361839294434
10,2024,6,7.198415655838816,19,2024-06-01,33.284361839294434
10,2024,7,7.074205900493421,19,2024-07-01,33.284361839294434
10,2024,8,6.638948139391448,19,2024-08-01,33.284361839294434
10,2024,9,6.074442545572917,18,2024-09-01,33.284361839294434
10,2024,10,1.4738888210720487,18,2024-10-01,33.284361839294434
11,2020,10,-0.2631578947368421,19,2020-10-01,79.73870658874512
11,2020,11,-0.2899983723958333,18,2020-11-01,79.73870658874512
11,2020,12,-0.2964996337890625,20,2020-12-01,79.73870658874512
11,2021,1,0.44051963404605265,19,2021-01-01,79.73870658874512
11,2021,2,2.513531853170956,17,2021-02-01,79.73870658874512
11,2021,3,2.517369320518092,19,2021-03-01,79.73870658874512
11,2021,4,2.3852619371916117,19,2021-04-01,79.73870658874512
11,2021,5,1.6559951782226563,20,2021-05-01,79.73870658874512
11,2021,6,1.156319066097862,19,2021-06-01,79.73870658874512
11,2021,7,1.244209691097862,19,2021-07-01,79.73870658874512
11,2021,8,1.280525609066612,19,2021-08-01,79.73870658874512
11,2021,9,1.490526701274671,19,2021-09-01,79.73870658874512
11,2021,10,1.6825057983398437,20,2021-10-01,79.73870658874512
11,2021,11,1.6457840768914473,19,2021-11-01,79.73870658874512
11,2021,12,1.559470728824013,19,2021-12-01,79.73870658874512
11,2022,1,1.606318423622533,19,2022-01-01,79.73870658874512
11,2022,2,1.6658827837775736,17,2022-02-01,79.73870658874512
11,2022,3,0.9515029907226562,20,2022-03-01,79.73870658874512
11,2022,4,0.017891331722861843,19,2022-04-01,79.73870658874512
11,2022,5,0.01684409693667763,19,2022-05-01,79.73870658874512
11,2022,6,0.03352984260110294,17,2022-06-01,79.73870658874512
11,2022,7,0.5452623869243421,19,2022-07-01,79.73870658874512
11,2022,8,0.6835006713867188,20,2022-08-01,79.73870658874512
11,2022,9,1.1963179738898027,19,2022-09-01,79.73870658874512
11,2022,10,1.3821089895148027,19,2022-10-01,79.73870658874512
11,2022,11,1.29388427734375,18,2022-11-01,79.73870658874512
11,2022,12,1.247367457339638,19,2022-12-01,79.73870658874512
11,2023,1,1.7944961547851563,20,2023-01-01,79.73870658874512
11,2023,2,3.9466671413845487,18,2023-02-01,79.73870658874512
11,2023,3,6.0415810032894735,19,2023-03-01,79.73870658874512
11,2023,4,5.651579204358552,19,2023-04-01,79.73870658874512
11,2023,5,5.619468287417763,19,2023-05-01,79.73870658874512
11,2023,6,5.235260009765625,19,2023-06-01,79.73870658874512
11,2023,7,2.0489990234375,20,2023-07-01,79.73870658874512
11,2023,8,1.2168386358963816,19,2023-08-01,79.73870658874512
11,2023,9,1.2877773708767362,18,2023-09-01,79.73870658874512
11,2023,10,0.8644426133897569,18,2023-10-01,79.73870658874512
11,2023,11,0.34157522101151316,19,2023-11-01,79.73870658874512
11,2023,12,3.295001220703125,20,2023-12-01,79.73870658874512
11,2024,1,3.005265085320724,19,2024-01-01,79.73870658874512
11,2024,2,2.3983306884765625,18,2024-02-01,79.73870658874512
11,2024,3,5.082496643066406,20,2024-03-01,79.73870658874512
11,2024,4,5.986840499074836,19,2024-04-01,79.73870658874512
11,2024,5,5.942098517166941,19,2024-05-01,79.73870658874512
11,2024,6,6.0352622584292765,19,2024-06-01,79.73870658874512
11,2024,7,5.254736649362664,19,2024-07-01,79.73870658874512
11,2024,8,4.751575670744243,19,2024-08-01,79.73870658874512
11,2024,9,1.0121090537623356,19,2024-09-01,79.73870658874512
11,2024,10,0.9888865152994791,18,2024-10-01,79.73870658874512
12,2020,10,0.6205251593338815,19,2020-10-01,50.658592224121094
12,2020,11,0.916839599609375,19,2020-11-01,50.658592224121094
12,2020,12,1.1359970092773437,20,2020-12-01,50.658592224121094
12,2021,1,1.5994760613692434,19,2021-01-01,50.658592224121094
12,2021,2,3.4941208783318016,17,2021-02-01,50.658592224121094
12,2021,3,4.527367842824836,19,2021-03-01,50.658592224121094
12,2021,4,3.9431569952713814,19,2021-04-01,50.658592224121094
12,2021,5,2.8475021362304687,20,2021-05-01,50.658592224121094
12,2021,6,1.3794748406661184,19,2021-06-01,50.658592224121094
12,2021,7,0.4052605879934211,19,2021-07-01,50.658592224121094
12,2021,8,0.3615770841899671,19,2021-08-01,50.658592224121094
12,2021,9,0.372100830078125,19,2021-09-01,50.658592224121094
12,2021,10,0.36999664306640623,20,2021-10-01,50.658592224121094
12,2021,11,2.4494709215666117,19,2021-11-01,50.658592224121094
12,2021,12,2.7263151469983553,19,2021-12-01,50.658592224121094
12,2022,1,3.7447381270559212,19,2022-01-01,50.658592224121094
12,2022,2,4.112940171185662,17,2022-02-01,50.658592224121094
12,2022,3,5.281999206542968,20,2022-03-01,50.658592224121094
12,2022,4,5.6542101408305925,19,2022-04-01,50.658592224121094
12,2022,5,5.735786839535362,19,2022-05-01,50.658592224121094
12,2022,6,6.031761618221507,17,2022-06-01,50.658592224121094
12,2022,7,3.533686587685033,19,2022-07-01,50.658592224121094
12,2022,8,1.5964996337890625,20,2022-08-01,50.658592224121094
12,2022,9,1.979998136821546,19,2022-09-01,50.658592224121094
12,2022,10,2.222223917643229,18,2022-10-01,50.658592224121094
12,2022,11,2.3222232394748263,18,2022-11-01,50.658592224121094
12,2022,12,2.759474904913651,19,2022-12-01,50.658592224121094
12,2023,1,2.4705047607421875,20,2023-01-01,50.658592224121094
12,2023,2,3.456661648220486,18,2023-02-01,50.658592224121094
12,2023,3,5.974204615542763,19,2023-03-01,50.658592224121094
12,2023,4,6.005266691509046,19,2023-04-01,50.658592224121094
12,2023,5,3.994440714518229,18,2023-05-01,50.658592224121094
12,2023,6,2.3147358141447367,19,2023-06-01,50.658592224121094
12,2023,7,0.5819992065429688,20,2023-07-01,50.658592224121094
12,2023,8,0.34420615748355265,19,2023-08-01,50.658592224121094
12,2023,9,1.0011121961805556,18,2023-09-01,50.658592224121094
12,2023,10,3.5827772352430554,18,2023-10-01,50.658592224121094
12,2023,11,1.5126310649671053,19,2023-11-01,50.658592224121094
12,2023,12,0.47850189208984373,20,2023-12-01,50.658592224121094
12,2024,1,1.5584218878495066,19,2024-01-01,50.658592224121094
12,2024,2,3.472227308485243,18,2024-02-01,50.658592224121094
12,2024,3,3.539500427246094,20,2024-03-01,50.658592224121094
12,2024,4,2.9331600791529606,19,2024-04-01,50.658592224121094
12,2024,5,2.419473748458059,19,2024-05-01,50.658592224121094
12,2024,6,2.396310906661184,19,2024-06-01,50.658592224121094
12,2024,7,2.5942061574835527,19,2024-07-01,50.658592224121094
12,2024,8,2.355264764083059,19,2024-08-01,50.658592224121094
12,2024,9,3.2184223375822367,19,2024-09-01,50.658592224121094
12,2024,10,2.1127794053819446,18,2024-10-01,50.658592224121094
13,2020,10,2.75322293800386,19,2020-10-01,31.72288942337036
13,2020,11,2.630527872054364,19,2020-11-01,31.72288942337036
13,2020,12,2.0530611905402507,20,2020-12-01,31.72288942337036
13,2021,1,1.4323179922920957,19,2021-01-01,31.72288942337036
13,2021,2,0.7634241939248106,17,2021-02-01,31.72288942337036
13,2021,3,0.9499600859192463,19,2021-03-01,31.72288942337036
13,2021,4,1.0514578014440543,19,2021-04-01,31.72288942337036
13,2021,5,2.8917811094906454,20,2021-05-01,31.72288942337036
13,2021,6,2.6906647234723513,19,2021-06-01,31.72288942337036
13,2021,7,2.3040052298895652,19,2021-07-01,31.72288942337036
13,2021,8,2.118997725432139,19,2021-08-01,31.72288942337036
13,2021,9,2.009820348739939,19,2021-09-01,31.72288942337036
13,2021,10,1.8435727251161496,20,2021-10-01,31.72288942337036
13,2021,11,1.49025385629957,19,2021-11-01,31.72288942337036
13,2021,12,1.8948070697424615,19,2021-12-01,31.72288942337036
13,2022,1,2.3320060848698474,19,2022-01-01,31.72288942337036
13,2022,2,2.2802536784509937,17,2022-02-01,31.72288942337036
13,2022,3,3.812464447120033,20,2022-03-01,31.72288942337036
13,2022,4,4.598878676329736,19,2022-04-01,31.72288942337036
13,2022,5,4.501192322188552,19,2022-05-01,31.72288942337036
13,2022,6,3.7585553921241113,17,2022-06-01,31.72288942337036
13,2022,7,3.5894087127179155,19,2022-07-01,31.72288942337036
13,2022,8,3.4906552782102835,20,2022-08-01,31.72288942337036
13,2022,9,0.9648016244150492,19,2022-09-01,31.72288942337036
13,2022,10,0.7778903248293043,19,2022-10-01,31.72288942337036
13,2022,11,1.0777532004817152,18,2022-11-01,31.72288942337036
13,2022,12,0.7460959766675584,19,2022-12-01,31.72288942337036
13,2023,1,1.3103738859551044,20,2023-01-01,31.72288942337036
13,2023,2,2.942368830901592,18,2023-02-01,31.72288942337036
13,2023,3,4.7777673999820776,19,2023-03-01,31.72288942337036
13,2023,4,4.188348074169937,19,2023-04-01,31.72288942337036
13,2023,5,4.929750801906762,18,2023-05-01,31.72288942337036
13,2023,6,5.41548386974156,19,2023-06-01,31.72288942337036
13,2023,7,5.621944727960516,20,2023-07-01,31.72288942337036
13,2023,8,4.922673179773812,19,2023-08-01,31.72288942337036
13,2023,9,4.613119452476614,18,2023-09-01,31.72288942337036
13,2023,10,1.774070683809359,18,2023-10-01,31.72288942337036
13,2023,11,-0.245225998419519,19,2023-11-01,31.72288942337036
13,2023,12,-0.05001363705036681,20,2023-12-01,31.72288942337036
13,2024,1,0.6388311047990549,19,2024-01-01,31.72288942337036
13,2024,2,1.6735832055451252,18,2024-02-01,31.72288942337036
13,2024,3,3.7281615816484504,20,2024-03-01,31.72288942337036
13,2024,4,5.201215207150734,19,2024-04-01,31.72288942337036
13,2024,5,5.291400235359919,19,2024-05-01,31.72288942337036
13,2024,6,4.658449686970626,19,2024-06-01,31.72288942337036
13,2024,7,4.53974843591645,19,2024-07-01,31.72288942337036
13,2024,8,4.232935868338757,19,2024-08-01,31.72288942337036
13,2024,9,0.6568994128084031,18,2024-09-01,31.72288942337036
13,2024,10,-0.2909901160802488,18,2024-10-01,31.72288942337036
14,2020,10,0.4799949244449013,19,2020-10-01,4.86187744140625
14,2020,11,0.5878922311883223,19,2020-11-01,4.86187744140625
14,2020,12,1.23499755859375,20,2020-12-01,4.86187744140625
14,2021,1,2.7394746479235197,19,2021-01-01,4.86187744140625
14,2021,2,4.771175608915441,17,2021-02-01,4.86187744140625
14,2021,3,5.4263145045230265,19,2021-03-01,4.86187744140625
14,2021,4,5.759473298725329,19,2021-04-01,4.86187744140625
14,2021,5,4.823001098632813,20,2021-05-01,4.86187744140625
14,2021,6,2.6021037854646383,19,2021-06-01,4.86187744140625
14,2021,7,2.183680484169408,19,2021-07-01,4.86187744140625
14,2021,8,2.2352632221422697,19,2021-08-01,4.86187744140625
14,2021,9,2.6573614823190788,19,2021-09-01,4.86187744140625
14,2021,10,2.7874984741210938,20,2021-10-01,4.86187744140625
14,2021,11,2.745793392783717,19,2021-11-01,4.86187744140625
14,2021,12,3.7342111687911186,19,2021-12-01,4.86187744140625
14,2022,1,3.931051153885691,19,2022-01-01,4.86187744140625
14,2022,2,5.201769660500919,17,2022-02-01,4.86187744140625
14,2022,3,7.525498962402343,20,2022-03-01,4.86187744140625
14,2022,4,8.787371183696546,19,2022-04-01,4.86187744140625
14,2022,5,9.29631122789885,19,2022-05-01,4.86187744140625
14,2022,6,0.050005744485294115,17,2022-06-01,4.86187744140625
14,2022,7,0.3468435187088816,19,2022-07-01,4.86187744140625
14,2022,8,4.100497436523438,20,2022-08-01,4.86187744140625
14,2022,9,0.46527099609375,19,2022-09-01,4.86187744140625
14,2022,10,-0.3015811317845395,19,2022-10-01,4.86187744140625
14,2022,11,0.17166646321614584,18,2022-11-01,4.86187744140625
14,2022,12,1.651053980777138,19,2022-12-01,4.86187744140625
14,2023,1,2.674998474121094,20,2023-01-01,4.86187744140625
14,2023,2,4.36555650499132,18,2023-02-01,4.86187744140625
14,2023,3,5.834210847553454,19,2023-03-01,4.86187744140625
14,2023,4,4.507891203227796,19,2023-04-01,4.86187744140625
14,2023,5,3.0372246636284723,18,2023-05-01,4.86187744140625
14,2023,6,2.1852609734786186,19,2023-06-01,4.86187744140625
14,2023,7,1.8664993286132812,20,2023-07-01,4.86187744140625
14,2023,8,1.423680355674342,19,2023-08-01,4.86187744140625
14,2023,9,1.3866628011067708,18,2023-09-01,4.86187744140625
14,2023,10,1.5655568440755208,18,2023-10-01,4.86187744140625
14,2023,11,1.7573659796463816,19,2023-11-01,4.86187744140625
14,2023,12,2.382501220703125,20,2023-12-01,4.86187744140625
14,2024,1,3.435786197060033,19,2024-01-01,4.86187744140625
14,2024,2,4.4650014241536455,18,2024-02-01,4.86187744140625
14,2024,3,6.5885009765625,20,2024-03-01,4.86187744140625
14,2024,4,6.56158447265625,19,2024-04-01,4.86187744140625
14,2024,5,4.997895893297698,19,2024-05-01,4.86187744140625
14,2024,6,4.248421116879112,19,2024-06-01,4.86187744140625
14,2024,7,3.9384235582853617,19,2024-07-01,4.86187744140625
14,2024,8,2.5147335654810856,19,2024-08-01,4.86187744140625
14,2024,9,2.2900017632378473,19,2024-09-01,4.86187744140625
14,2024,10,1.4477793375651042,18,2024-10-01,4.86187744140625
15,2020,10,2.118947882401316,19,2020-10-01,85.35719108581543
15,2020,11,1.392102693256579,19,2020-11-01,85.35719108581543
15,2020,12,2.331501770019531,20,2020-12-01,85.35719108581543
15,2021,1,1.708422209087171,19,2021-01-01,85.35719108581543
15,2021,2,3.8294139188878678,17,2021-02-01,85.35719108581543
15,2021,3,5.031577662417763,19,2021-03-01,85.35719108581543
15,2021,4,5.088415848581414,19,2021-04-01,85.35719108581543
15,2021,5,4.155500793457032,20,2021-05-01,85.35719108581543
15,2021,6,3.4768451891447367,19,2021-06-01,85.35719108581543
15,2021,7,3.2636782997532894,19,2021-07-01,85.35719108581543
15,2021,8,3.1605304918791117,19,2021-08-01,85.35719108581543
15,2021,9,3.1747420461554277,19,2021-09-01,85.35719108581543
15,2021,10,4.078004455566406,20,2021-10-01,85.35719108581543
15,2021,11,4.033684981496711,19,2021-11-01,85.35719108581543
15,2021,12,4.274208470394737,19,2021-12-01,85.35719108581543
15,2022,1,4.357889275801809,19,2022-01-01,85.35719108581543
15,2022,2,4.332357967601103,17,2022-02-01,85.35719108581543
15,2022,3,4.958998107910157,20,2022-03-01,85.35719108581543
15,2022,4,5.407369513260691,19,2022-04-01,85.35719108581543
15,2022,5,5.045787610505757,19,2022-05-01,85.35719108581543
15,2022,6,4.652354520909927,17,2022-06-01,85.35719108581543
15,2022,7,3.150527151007401,19,2022-07-01,85.35719108581543
15,2022,8,2.571000671386719,20,2022-08-01,85.35719108581543
15,2022,9,2.552103142989309,19,2022-09-01,85.35719108581543
15,2022,10,2.574209112870066,19,2022-10-01,85.35719108581543
15,2022,11,2.467776828342014,18,2022-11-01,85.35719108581543
15,2022,12,2.123692562705592,19,2022-12-01,85.35719108581543
15,2023,1,2.849995422363281,20,2023-01-01,85.35719108581543
15,2023,2,3.5744459364149304,18,2023-02-01,85.35719108581543
15,2023,3,5.70315872995477,19,2023-03-01,85.35719108581543
15,2023,4,5.1273659153988485,19,2023-04-01,85.35719108581543
15,2023,5,4.70947265625,19,2023-05-01,85.35719108581543
15,2023,6,3.875265021073191,19,2023-06-01,85.35719108581543
15,2023,7,2.70999755859375,20,2023-07-01,85.35719108581543
15,2023,8,2.852225409613715,19,2023-08-01,85.35719108581543
15,2023,9,3.956110636393229,18,2023-09-01,85.35719108581543
15,2023,10,4.111116197374132,18,2023-10-01,85.35719108581543
15,2023,11,4.2047376130756575,19,2023-11-01,85.35719108581543
15,2023,12,4.086495971679687,20,2023-12-01,85.35719108581543
15,2024,1,5.125996398925781,20,2024-01-01,85.35719108581543
15,2024,2,5.943888346354167,18,2024-02-01,85.35719108581543
15,2024,3,6.641497802734375,20,2024-03-01,85.35719108581543
15,2024,4,6.974734657689145,19,2024-04-01,85.35719108581543
15,2024,5,7.2510520533511515,19,2024-05-01,85.35719108581543
15,2024,6,3.825791208367599,19,2024-06-01,85.35719108581543
15,2024,7,2.0615764417146383,19,2024-07-01,85.35719108581543
15,2024,8,1.7563203510485197,19,2024-08-01,85.35719108581543
15,2024,9,1.5473664936266447,19,2024-09-01,85.35719108581543
15,2024,10,0.6916690402560763,18,2024-10-01,85.35719108581543
16,2020,10,2.8942132247121712,19,2020-10-01,53.716583251953125
16,2020,11,0.6115819027549342,19,2020-11-01,53.716583251953125
16,2020,12,0.8319976806640625,20,2020-12-01,53.716583251953125
16,2021,1,1.1747404399671053,19,2021-01-01,53.716583251953125
16,2021,2,2.671761905445772,17,2021-02-01,53.716583251953125
16,2021,3,4.014733565481086,19,2021-03-01,53.716583251953125
16,2021,4,4.339474326685855,19,2021-04-01,53.716583251953125
16,2021,5,4.331500244140625,20,2021-05-01,53.716583251953125
16,2021,6,3.3563168174342106,19,2021-06-01,53.716583251953125
16,2021,7,2.8936880011307564,19,2021-07-01,53.716583251953125
16,2021,8,2.8657901161595394,19,2021-08-01,53.716583251953125
16,2021,9,3.0784221448396383,19,2021-09-01,53.716583251953125
16,2021,10,3.332502746582031,20,2021-10-01,53.716583251953125
16,2021,11,4.3589429353412825,19,2021-11-01,53.716583251953125
16,2021,12,3.7884200246710527,19,2021-12-01,53.716583251953125
16,2022,1,0.9494773463199013,19,2022-01-01,53.716583251953125
16,2022,2,1.3811753216911764,17,2022-02-01,53.716583251953125
16,2022,3,4.314999389648437,20,2022-03-01,53.716583251953125
16,2022,4,5.389474969161184,19,2022-04-01,53.716583251953125
16,2022,5,5.655265406558388,19,2022-05-01,53.716583251953125
16,2022,6,2.8947071748621322,17,2022-06-01,53.716583251953125
16,2022,7,2.002629330283717,19,2022-07-01,53.716583251953125
16,2022,8,1.34949951171875,20,2022-08-01,53.716583251953125
16,2022,9,1.2757905658922697,19,2022-09-01,53.716583251953125
16,2022,10,1.3794453938802083,18,2022-10-01,53.716583251953125
16,2022,11,2.0233306884765625,18,2022-11-01,53.716583251953125
16,2022,12,2.0521063553659538,19,2022-12-01,53.716583251953125
16,2023,1,1.1744979858398437,20,2023-01-01,53.716583251953125
16,2023,2,2.62888420952691,18,2023-02-01,53.716583251953125
16,2023,3,5.735266434518914,19,2023-03-01,53.716583251953125
16,2023,4,6.758943256578948,19,2023-04-01,53.716583251953125
16,2023,5,4.794442070855035,18,2023-05-01,53.716583251953125
16,2023,6,2.8278921026932564,19,2023-06-01,53.716583251953125
16,2023,7,0.6489990234375,20,2023-07-01,53.716583251953125
16,2023,8,0.34631508275082235,19,2023-08-01,53.716583251953125
16,2023,9,0.5111168755425347,18,2023-09-01,53.716583251953125
16,2023,10,0.877777099609375,18,2023-10-01,53.716583251953125
16,2023,11,0.9605247096011513,19,2023-11-01,53.716583251953125
16,2023,12,4.470503234863282,20,2023-12-01,53.716583251953125
16,2024,1,2.565791079872533,19,2024-01-01,53.716583251953125
16,2024,2,1.9227735731336806,18,2024-02-01,53.716583251953125
16,2024,3,6.234999084472657,20,2024-03-01,53.716583251953125
16,2024,4,6.426842940481086,19,2024-04-01,53.716583251953125
16,2024,5,4.966840242084704,19,2024-05-01,53.716583251953125
16,2024,6,3.9605279219777962,19,2024-06-01,53.716583251953125
16,2024,7,2.7768442254317436,19,2024-07-01,53.716583251953125
16,2024,8,2.3647348504317436,19,2024-08-01,53.716583251953125
16,2024,9,1.949470921566612,19,2024-09-01,53.716583251953125
16,2024,10,1.1261105007595487,18,2024-10-01,53.716583251953125
17,2020,10,-1.4442122609991777,19,2020-10-01,12.074978113174438
17,2020,11,-0.9889462119654605,19,2020-11-01,12.074978113174438
17,2020,12,-1.978497314453125,20,2020-12-01,12.074978113174438
17,2021,1,-1.835261294716283,19,2021-01-01,12.074978113174438
17,2021,2,-1.5429400275735294,17,2021-02-01,12.074978113174438
17,2021,3,-1.3610502544202303,19,2021-03-01,12.074978113174438
17,2021,4,0.04421354594983553,19,2021-04-01,12.074978113174438
17,2021,5,1.35150146484375,20,2021-05-01,12.074978113174438
17,2021,6,5.0889442845394735,19,2021-06-01,12.074978113174438
17,2021,7,4.576313219572368,19,2021-07-01,12.074978113174438
17,2021,8,3.0294767680921053,19,2021-08-01,12.074978113174438
17,2021,9,0.7815760562294408,19,2021-09-01,12.074978113174438
17,2021,10,0.34550628662109373,20,2021-10-01,12.074978113174438
17,2021,11,0.24105353104440788,19,2021-11-01,12.074978113174438
17,2021,12,-0.3431637412623355,19,2021-12-01,12.074978113174438
17,2022,1,-0.10999980725740131,19,2022-01-01,12.074978113174438
17,2022,2,0.9682365866268382,17,2022-02-01,12.074978113174438
17,2022,3,5.177001953125,20,2022-03-01,12.074978113174438
17,2022,4,5.8278969212582235,19,2022-04-01,12.074978113174438
17,2022,5,6.450529399671052,19,2022-05-01,12.074978113174438
17,2022,6,5.198825611787684,17,2022-06-01,12.074978113174438
17,2022,7,0.2531625848067434,19,2022-07-01,12.074978113174438
17,2022,8,0.672998046875,20,2022-08-01,12.074978113174438
17,2022,9,1.710527921977796,19,2022-09-01,12.074978113174438
17,2022,10,1.961046720805921,19,2022-10-01,12.074978113174438
17,2022,11,2.1238911946614585,18,2022-11-01,12.074978113174438
17,2022,12,0.8810569361636513,19,2022-12-01,12.074978113174438
17,2023,1,0.9475051879882812,20,2023-01-01,12.074978113174438
17,2023,2,4.304443359375,18,2023-02-01,12.074978113174438
17,2023,3,6.59158003957648,19,2023-03-01,12.074978113174438
17,2023,4,5.364734850431743,19,2023-04-01,12.074978113174438
17,2023,5,5.6526328638980265,19,2023-05-01,12.074978113174438
17,2023,6,2.751052053351151,19,2023-06-01,12.074978113174438
17,2023,7,3.8010009765625,20,2023-07-01,12.074978113174438
17,2023,8,3.0878970497532894,19,2023-08-01,12.074978113174438
17,2023,9,1.5955539279513888,18,2023-09-01,12.074978113174438
17,2023,10,-1.1316680908203125,18,2023-10-01,12.074978113174438
17,2023,11,-1.352106997841283,19,2023-11-01,12.074978113174438
17,2023,12,-0.6689971923828125,20,2023-12-01,12.074978113174438
17,2024,1,-1.455788060238487,19,2024-01-01,12.074978113174438
17,2024,2,-1.9166598849826388,18,2024-02-01,12.074978113174438
17,2024,3,1.9555007934570312,20,2024-03-01,12.074978113174438
17,2024,4,3.4557912726151314,19,2024-04-01,12.074978113174438
17,2024,5,5.636315596731086,19,2024-05-01,12.074978113174438
17,2024,6,7.071054559004934,19,2024-06-01,12.074978113174438
17,2024,7,4.310000770970395,19,2024-07-01,12.074978113174438
17,2024,8,3.2078921669407894,19,2024-08-01,12.074978113174438
17,2024,9,3.2984201531661186,19,2024-09-01,12.074978113174438
17,2024,10,1.910003662109375,18,2024-10-01,12.074978113174438
18,2020,10,1.0694692511307566,19,2020-10-01,278.0802230834961
18,2020,11,2.1331546181126644,19,2020-11-01,278.0802230834961
18,2020,12,2.40499267578125,20,2020-12-01,278.0802230834961
18,2021,1,2.6047379343133223,19,2021-01-01,278.0802230834961
18,2021,2,3.5105913947610294,17,2021-02-01,278.0802230834961
18,2021,3,5.138419703433388,19,2021-03-01,278.0802230834961
18,2021,4,5.716318230879934,19,2021-04-01,278.0802230834961
18,2021,5,4.282002258300781,20,2021-05-01,278.0802230834961
18,2021,6,2.606318423622533,19,2021-06-01,278.0802230834961
18,2021,7,1.7263119346217106,19,2021-07-01,278.0802230834961
18,2021,8,1.5489485891241777,19,2021-08-01,278.0802230834961
18,2021,9,2.041050961143092,19,2021-09-01,278.0802230834961
18,2021,10,2.379502868652344,20,2021-10-01,278.0802230834961
18,2021,11,2.5426266318873356,19,2021-11-01,278.0802230834961
18,2021,12,2.071578176398026,19,2021-12-01,278.0802230834961
18,2022,1,3.546844482421875,19,2022-01-01,278.0802230834961
18,2022,2,5.3835287655101105,17,2022-02-01,278.0802230834961
18,2022,3,7.405000305175781,20,2022-03-01,278.0802230834961
18,2022,4,8.129474840666118,19,2022-04-01,278.0802230834961
18,2022,5,8.22789884868421,19,2022-05-01,278.0802230834961
18,2022,6,2.081117418077257,18,2022-06-01,278.0802230834961
18,2022,7,1.4921055843955593,19,2022-07-01,278.0802230834961
18,2022,8,1.5300003051757813,20,2022-08-01,278.0802230834961
18,2022,9,2.0142099480879936,19,2022-09-01,278.0802230834961
18,2022,10,2.5105269582648027,19,2022-10-01,278.0802230834961
18,2022,11,2.712222629123264,18,2022-11-01,278.0802230834961
18,2022,12,1.630528500205592,19,2022-12-01,278.0802230834961
18,2023,1,2.113996887207031,20,2023-01-01,278.0802230834961
18,2023,2,4.146669175889757,18,2023-02-01,278.0802230834961
18,2023,3,6.098420795641448,19,2023-03-01,278.0802230834961
18,2023,4,5.506843968441612,19,2023-04-01,278.0802230834961
18,2023,5,4.519441392686632,18,2023-05-01,278.0802230834961
18,2023,6,3.155792236328125,19,2023-06-01,278.0802230834961
18,2023,7,2.748002624511719,20,2023-07-01,278.0802230834961
18,2023,8,3.4347357498972038,19,2023-08-01,278.0802230834961
18,2023,9,4.048885769314236,18,2023-09-01,278.0802230834961
18,2023,10,3.95999993218316,18,2023-10-01,278.0802230834961
18,2023,11,3.764735171669408,19,2023-11-01,278.0802230834961
18,2023,12,0.839495849609375,20,2023-12-01,278.0802230834961
18,2024,1,2.026841013055099,19,2024-01-01,278.0802230834961
18,2024,2,4.832226223415798,18,2024-02-01,278.0802230834961
18,2024,3,7.2649993896484375,20,2024-03-01,278.0802230834961
18,2024,4,7.8721056486430925,19,2024-04-01,278.0802230834961
18,2024,5,6.784738641036184,19,2024-05-01,278.0802230834961
18,2024,6,4.666841205797698,19,2024-06-01,278.0802230834961
18,2024,7,0.8110512181332237,19,2024-07-01,278.0802230834961
18,2024,8,1.1726315146998356,19,2024-08-01,278.0802230834961
18,2024,9,1.152223375108507,18,2024-09-01,278.0802230834961
18,2024,10,0.6644422743055556,18,2024-10-01,278.0802230834961
19,2020,10,5.015785618832237,19,2020-10-01,45.54393529891968
19,2020,11,2.7773726613898027,19,2020-11-01,45.54393529891968
19,2020,12,2.6860000610351564,20,2020-12-01,45.54393529891968
19,2021,1,2.719472784745066,19,2021-01-01,45.54393529891968
19,2021,2,3.8535353716681984,17,2021-02-01,45.54393529891968
19,2021,3,4.0052650853207235,19,2021-03-01,45.54393529891968
19,2021,4,2.9494757401315788,19,2021-04-01,45.54393529891968
19,2021,5,3.2175003051757813,20,2021-05-01,45.54393529891968
19,2021,6,3.0157840126439144,19,2021-06-01,45.54393529891968
19,2021,7,3.1410506399054277,19,2021-07-01,45.54393529891968
19,2021,8,2.6863178453947367,19,2021-08-01,45.54393529891968
19,2021,9,2.4826322856702303,19,2021-09-01,45.54393529891968
19,2021,10,4.372001647949219,20,2021-10-01,45.54393529891968
19,2021,11,4.51736128957648,19,2021-11-01,45.54393529891968
19,2021,12,4.560003983347039,19,2021-12-01,45.54393529891968
19,2022,1,3.2305233604029606,19,2022-01-01,45.54393529891968
19,2022,2,3.7876515107996322,17,2022-02-01,45.54393529891968
19,2022,3,4.25899658203125,20,2022-03-01,45.54393529891968
19,2022,4,4.064208984375,19,2022-04-01,45.54393529891968
19,2022,5,3.5900043688322367,19,2022-05-01,45.54393529891968
19,2022,6,3.557651295381434,17,2022-06-01,45.54393529891968
19,2022,7,3.7905241313733553,19,2022-07-01,45.54393529891968
19,2022,8,3.855998229980469,20,2022-08-01,45.54393529891968
19,2022,9,2.5057854903371712,19,2022-09-01,45.54393529891968
19,2022,10,2.2852654708059212,19,2022-10-01,45.54393529891968
19,2022,11,1.9072197808159723,18,2022-11-01,45.54393529891968
19,2022,12,2.6652607164884867,19,2022-12-01,45.54393529891968
19,2023,1,3.08599853515625,20,2023-01-01,45.54393529891968
19,2023,2,4.249440511067708,18,2023-02-01,45.54393529891968
19,2023,3,5.512632671155427,19,2023-03-01,45.54393529891968
19,2023,4,4.543681897615132,19,2023-04-01,45.54393529891968
19,2023,5,3.102635433799342,19,2023-05-01,45.54393529891968
19,2023,6,2.6978936446340462,19,2023-06-01,45.54393529891968
19,2023,7,2.1894989013671875,20,2023-07-01,45.54393529891968
19,2023,8,1.9938913981119792,18,2023-08-01,45.54393529891968
19,2023,9,1.8627777099609375,18,2023-09-01,45.54393529891968
19,2023,10,0.8405524359809028,18,2023-10-01,45.54393529891968
19,2023,11,0.22210532740542763,19,2023-11-01,45.54393529891968
19,2023,12,0.48450469970703125,20,2023-12-01,45.54393529891968
19,2024,1,1.420501708984375,20,2024-01-01,45.54393529891968
19,2024,2,2.4877777099609375,18,2024-02-01,45.54393529891968
19,2024,3,5.002000427246093,20,2024-03-01,45.54393529891968
19,2024,4,6.2726295872738485,19,2024-04-01,45.54393529891968
19,2024,5,6.2321118806537825,19,2024-05-01,45.54393529891968
19,2024,6,5.191051282380757,19,2024-06-01,45.54393529891968
19,2024,7,5.272105969880757,19,2024-07-01,45.54393529891968
19,2024,8,5.357364052220395,19,2024-08-01,45.54393529891968
19,2024,9,6.052104749177632,19,2024-09-01,45.54393529891968
19,2024,10,5.011106703016493,18,2024-10-01,45.54393529891968
20,2020,10,4.125265021073191,19,2020-10-01,229.20970153808594
20,2020,11,4.1005297209087175,19,2020-11-01,229.20970153808594
20,2020,12,3.5540008544921875,20,2020-12-01,229.20970153808594
20,2021,1,2.711578369140625,19,2021-01-01,229.20970153808594
20,2021,2,4.347645479090073,17,2021-02-01,229.20970153808594
20,2021,3,5.34368896484375,19,2021-03-01,229.20970153808594
20,2021,4,5.6510459498355265,19,2021-04-01,229.20970153808594
20,2021,5,5.167997741699219,20,2021-05-01,229.20970153808594
20,2021,6,5.476319965563323,19,2021-06-01,229.20970153808594
20,2021,7,5.713157252261513,19,2021-07-01,229.20970153808594
20,2021,8,5.680002312911184,19,2021-08-01,229.20970153808594
20,2021,9,4.978422466077302,19,2021-09-01,229.20970153808594
20,2021,10,4.012501525878906,20,2021-10-01,229.20970153808594
20,2021,11,4.262105841385691,19,2021-11-01,229.20970153808594
20,2021,12,5.654736970600329,19,2021-12-01,229.20970153808594
20,2022,1,7.775788959703948,19,2022-01-01,229.20970153808594
20,2022,2,8.125292609719668,17,2022-02-01,229.20970153808594
20,2022,3,8.569000244140625,20,2022-03-01,229.20970153808594
20,2022,4,8.65999402497944,19,2022-04-01,229.20970153808594
20,2022,5,8.387372468647204,19,2022-05-01,229.20970153808594
20,2022,6,6.6599985758463545,18,2022-06-01,229.20970153808594
20,2022,7,6.743157637746711,19,2022-07-01,229.20970153808594
20,2022,8,6.490498352050781,20,2022-08-01,229.20970153808594
20,2022,9,4.781055651212993,19,2022-09-01,229.20970153808594
20,2022,10,4.428332858615452,18,2022-10-01,229.20970153808594
20,2022,11,3.4199981689453125,18,2022-11-01,229.20970153808594
20,2022,12,2.881575734991776,19,2022-12-01,229.20970153808594
20,2023,1,3.6165008544921875,20,2023-01-01,229.20970153808594
20,2023,2,4.920003255208333,18,2023-02-01,229.20970153808594
20,2023,3,5.944210654810855,19,2023-03-01,229.20970153808594
20,2023,4,6.907371119449013,19,2023-04-01,229.20970153808594
20,2023,5,6.90777587890625,18,2023-05-01,229.20970153808594
20,2023,6,6.5673667506167765,19,2023-06-01,229.20970153808594
20,2023,7,5.708497619628906,20,2023-07-01,229.20970153808594
20,2023,8,5.187895122327302,19,2023-08-01,229.20970153808594
20,2023,9,5.423338148328993,18,2023-09-01,229.20970153808594
20,2023,10,4.207221137152778,18,2023-10-01,229.20970153808594
20,2023,11,2.9742094341077303,19,2023-11-01,229.20970153808594
20,2023,12,2.8800033569335937,20,2023-12-01,229.20970153808594
20,2024,1,2.901580810546875,19,2024-01-01,229.20970153808594
20,2024,2,3.695558336046007,18,2024-02-01,229.20970153808594
20,2024,3,4.467997741699219,20,2024-03-01,229.20970153808594
20,2024,4,4.9931640625,19,2024-04-01,229.20970153808594
20,2024,5,5.169473748458059,19,2024-05-01,229.20970153808594
20,2024,6,5.1499987150493425,19,2024-06-01,229.20970153808594
20,2024,7,4.9142102693256575,19,2024-07-01,229.20970153808594
20,2024,8,2.7357900519120064,19,2024-08-01,229.20970153808594
20,2024,9,2.8105276007401314,19,2024-09-01,229.20970153808594
20,2024,10,3.570003933376736,18,2024-10-01,229.20970153808594
21,2020,10,2.984207956414474,19,2020-10-01,519.9567718505859
21,2020,11,2.9810501901726973,19,2020-11-01,519.9567718505859
21,2020,12,3.495503234863281,20,2020-12-01,519.9567718505859
21,2021,1,3.640523810135691,19,2021-01-01,519.9567718505859
21,2021,2,4.626466638901654,17,2021-02-01,519.9567718505859
21,2021,3,5.207366943359375,19,2021-03-01,519.9567718505859
21,2021,4,5.608949360094573,19,2021-04-01,519.9567718505859
21,2021,5,6.480001831054688,20,2021-05-01,519.9567718505859
21,2021,6,5.879995245682566,19,2021-06-01,519.9567718505859
21,2021,7,6.420529014185855,19,2021-07-01,519.9567718505859
21,2021,8,6.51736771432977,19,2021-08-01,519.9567718505859
21,2021,9,6.586311741879112,19,2021-09-01,519.9567718505859
21,2021,10,6.678498840332031,20,2021-10-01,519.9567718505859
21,2021,11,3.507370798211349,19,2021-11-01,519.9567718505859
21,2021,12,2.7436812551398027,19,2021-12-01,519.9567718505859
21,2022,1,1.587367007606908,19,2022-01-01,519.9567718505859
21,2022,2,4.29705810546875,17,2022-02-01,519.9567718505859
21,2022,3,7.273997497558594,20,2022-03-01,519.9567718505859
21,2022,4,7.875266627261513,19,2022-04-01,519.9567718505859
21,2022,5,8.020525480571546,19,2022-05-01,519.9567718505859
21,2022,6,0.8135286218979779,17,2022-06-01,519.9567718505859
21,2022,7,0.3147454512746711,19,2022-07-01,519.9567718505859
21,2022,8,0.44349822998046873,20,2022-08-01,519.9567718505859
21,2022,9,1.483159115439967,19,2022-09-01,519.9567718505859
21,2022,10,1.6126291375411184,19,2022-10-01,519.9567718505859
21,2022,11,2.043331570095486,18,2022-11-01,519.9567718505859
21,2022,12,1.8352596885279606,19,2022-12-01,519.9567718505859
21,2023,1,2.377996826171875,20,2023-01-01,519.9567718505859
21,2023,2,5.100557115342882,18,2023-02-01,519.9567718505859
21,2023,3,7.120521946957237,19,2023-03-01,519.9567718505859
21,2023,4,7.208425421463816,19,2023-04-01,519.9567718505859
21,2023,5,7.423329671223958,18,2023-05-01,519.9567718505859
21,2023,6,5.4263145045230265,19,2023-06-01,519.9567718505859
21,2023,7,4.450494384765625,20,2023-07-01,519.9567718505859
21,2023,8,3.7131588584498356,19,2023-08-01,519.9567718505859
21,2023,9,3.149444580078125,18,2023-09-01,519.9567718505859
21,2023,10,2.912222968207465,18,2023-10-01,519.9567718505859
21,2023,11,2.1347383197985197,19,2023-11-01,519.9567718505859
21,2023,12,1.7695037841796875,20,2023-12-01,519.9567718505859
21,2024,1,1.520001863178454,19,2024-01-01,519.9567718505859
21,2024,2,4.663887871636285,18,2024-02-01,519.9567718505859
21,2024,3,7.218501281738281,20,2024-03-01,519.9567718505859
21,2024,4,8.112633956106086,19,2024-04-01,519.9567718505859
21,2024,5,6.1963147615131575,19,2024-05-01,519.9567718505859
21,2024,6,4.119468287417763,19,2024-06-01,519.9567718505859
21,2024,7,3.264735171669408,19,2024-07-01,519.9567718505859
21,2024,8,2.676314504523026,19,2024-08-01,519.9567718505859
21,2024,9,1.907777574327257,18,2024-09-01,519.9567718505859
21,2024,10,2.45444573296441,18,2024-10-01,519.9567718505859
22,2020,10,3.4073711194490133,19,2020-10-01,326.1105041503906
22,2020,11,2.911574514288651,19,2020-11-01,326.1105041503906
22,2020,12,2.975999450683594,20,2020-12-01,326.1105041503906
22,2021,1,4.192638196443257,19,2021-01-01,326.1105041503906
22,2021,2,4.1782388126148895,17,2021-02-01,326.1105041503906
22,2021,3,4.4273729826274675,19,2021-03-01,326.1105041503906
22,2021,4,4.513684724506579,19,2021-04-01,326.1105041503906
22,2021,5,4.306001281738281,20,2021-05-01,326.1105041503906
22,2021,6,4.4510546232524675,19,2021-06-01,326.1105041503906
22,2021,7,4.718423943770559,19,2021-07-01,326.1105041503906
22,2021,8,3.4621051989103617,19,2021-08-01,326.1105041503906
22,2021,9,2.620529977898849,19,2021-09-01,326.1105041503906
22,2021,10,2.4014968872070313,20,2021-10-01,326.1105041503906
22,2021,11,1.8542062859786184,19,2021-11-01,326.1105041503906
22,2021,12,1.7789467259457237,19,2021-12-01,326.1105041503906
22,2022,1,2.2678961502878288,19,2022-01-01,326.1105041503906
22,2022,2,3.397064208984375,17,2022-02-01,326.1105041503906
22,2022,3,4.239994812011719,20,2022-03-01,326.1105041503906
22,2022,4,4.640527022512336,19,2022-04-01,326.1105041503906
22,2022,5,5.676322535464638,19,2022-05-01,326.1105041503906
22,2022,6,4.988884819878472,18,2022-06-01,326.1105041503906
22,2022,7,4.2647351716694075,19,2022-07-01,326.1105041503906
22,2022,8,3.884996032714844,20,2022-08-01,326.1105041503906
22,2022,9,4.263684724506579,19,2022-09-01,326.1105041503906
22,2022,10,3.549468994140625,19,2022-10-01,326.1105041503906
22,2022,11,3.0361124674479165,18,2022-11-01,326.1105041503906
22,2022,12,3.4594758686266447,19,2022-12-01,326.1105041503906
22,2023,1,3.718003845214844,20,2023-01-01,326.1105041503906
22,2023,2,3.8844468858506946,18,2023-02-01,326.1105041503906
22,2023,3,4.3963173314144735,19,2023-03-01,326.1105041503906
22,2023,4,4.435794228001645,19,2023-04-01,326.1105041503906
22,2023,5,4.8238881429036455,18,2023-05-01,326.1105041503906
22,2023,6,3.974736263877467,19,2023-06-01,326.1105041503906
22,2023,7,3.4239990234375,20,2023-07-01,326.1105041503906
22,2023,8,3.3273652729235197,19,2023-08-01,326.1105041503906
22,2023,9,2.963892618815104,18,2023-09-01,326.1105041503906
22,2023,10,1.224212646484375,19,2023-10-01,326.1105041503906
22,2023,11,0.4873785721628289,19,2023-11-01,326.1105041503906
22,2023,12,-0.20799713134765624,20,2023-12-01,326.1105041503906
22,2024,1,0.41263138620476975,19,2024-01-01,326.1105041503906
22,2024,2,1.8561130099826388,18,2024-02-01,326.1105041503906
22,2024,3,3.4894943237304688,20,2024-03-01,326.1105041503906
22,2024,4,3.629995245682566,19,2024-04-01,326.1105041503906
22,2024,5,3.2536813836348686,19,2024-05-01,326.1105041503906
22,2024,6,2.4857964766652962,19,2024-06-01,326.1105041503906
22,2024,7,1.1315757349917763,19,2024-07-01,326.1105041503906
22,2024,8,0.956311677631579,19,2024-08-01,326.1105041503906
22,2024,9,0.9138895670572916,18,2024-09-01,326.1105041503906
22,2024,10,0.8844468858506944,18,2024-10-01,326.1105041503906
23,2020,10,2.3478987844366777,19,2020-10-01,557.3696594238281
23,2020,11,2.6326261821546053,19,2020-11-01,557.3696594238281
23,2020,12,3.3129959106445313,20,2020-12-01,557.3696594238281
23,2021,1,4.502099288137336,19,2021-01-01,557.3696594238281
23,2021,2,5.327647489659927,17,2021-02-01,557.3696594238281
23,2021,3,5.137367650082237,19,2021-03-01,557.3696594238281
23,2021,4,5.175787674753289,19,2021-04-01,557.3696594238281
23,2021,5,3.506999206542969,20,2021-05-01,557.3696594238281
23,2021,6,2.306839792351974,19,2021-06-01,557.3696594238281
23,2021,7,2.327895315069901,19,2021-07-01,557.3696594238281
23,2021,8,2.304215280633224,19,2021-08-01,557.3696594238281
23,2021,9,2.2531561600534538,19,2021-09-01,557.3696594238281
23,2021,10,1.879498291015625,20,2021-10-01,557.3696594238281
23,2021,11,1.8357961554276316,19,2021-11-01,557.3696594238281
23,2021,12,2.3926311292146383,19,2021-12-01,557.3696594238281
23,2022,1,3.263681512129934,19,2022-01-01,557.3696594238281
23,2022,2,4.419410256778493,17,2022-02-01,557.3696594238281
23,2022,3,5.631500244140625,20,2022-03-01,557.3696594238281
23,2022,4,5.208942614103618,19,2022-04-01,557.3696594238281
23,2022,5,3.794743588096217,19,2022-05-01,557.3696594238281
23,2022,6,2.1794722707648027,19,2022-06-01,557.3696594238281
23,2022,7,1.9563197085731907,19,2022-07-01,557.3696594238281
23,2022,8,2.0245025634765623,20,2022-08-01,557.3696594238281
23,2022,9,1.5768416555304277,19,2022-09-01,557.3696594238281
23,2022,10,1.510528564453125,19,2022-10-01,557.3696594238281
23,2022,11,1.3172183566623263,18,2022-11-01,557.3696594238281
23,2022,12,0.30157631321957235,19,2022-12-01,557.3696594238281
23,2023,1,1.0735000610351562,20,2023-01-01,557.3696594238281
23,2023,2,2.282221476236979,18,2023-02-01,557.3696594238281
23,2023,3,4.16842330129523,19,2023-03-01,557.3696594238281
23,2023,4,3.8889449270148027,19,2023-04-01,557.3696594238281
23,2023,5,3.3411119249131946,18,2023-05-01,557.3696594238281
23,2023,6,2.6031574450041117,19,2023-06-01,557.3696594238281
23,2023,7,2.099504089355469,20,2023-07-01,557.3696594238281
23,2023,8,2.2810556512129936,19,2023-08-01,557.3696594238281
23,2023,9,2.4366658528645835,18,2023-09-01,557.3696594238281
23,2023,10,2.3111131456163196,18,2023-10-01,557.3696594238281
23,2023,11,2.3389474969161186,19,2023-11-01,557.3696594238281
23,2023,12,2.4690017700195313,20,2023-12-01,557.3696594238281
23,2024,1,2.3221050061677633,19,2024-01-01,557.3696594238281
23,2024,2,3.646665785047743,18,2024-02-01,557.3696594238281
23,2024,3,6.976002502441406,20,2024-03-01,557.3696594238281
23,2024,4,7.690527664987664,19,2024-04-01,557.3696594238281
23,2024,5,5.652102821751645,19,2024-05-01,557.3696594238281
23,2024,6,3.505793521278783,19,2024-06-01,557.3696594238281
23,2024,7,1.258946468955592,19,2024-07-01,557.3696594238281
23,2024,8,0.3821041709498355,19,2024-08-01,557.3696594238281
23,2024,9,1.8588935004340277,18,2024-09-01,557.3696594238281
23,2024,10,1.6327768961588542,18,2024-10-01,557.3696594238281
24,2020,10,3.061579654091283,19,2020-10-01,462.6147918701172
24,2020,11,2.7773678428248356,19,2020-11-01,462.6147918701172
24,2020,12,3.93900146484375,20,2020-12-01,462.6147918701172
24,2021,1,5.7494763826069075,19,2021-01-01,462.6147918701172
24,2021,2,6.7982339298023895,17,2021-02-01,462.6147918701172
24,2021,3,4.847370348478618,19,2021-03-01,462.6147918701172
24,2021,4,4.761585436369243,19,2021-04-01,462.6147918701172
24,2021,5,4.3744964599609375,20,2021-05-01,462.6147918701172
24,2021,6,3.195786325555099,19,2021-06-01,462.6147918701172
24,2021,7,2.8847335012335527,19,2021-07-01,462.6147918701172
24,2021,8,2.378946404708059,19,2021-08-01,462.6147918701172
24,2021,9,2.443690249794408,19,2021-09-01,462.6147918701172
24,2021,10,3.0635040283203123,20,2021-10-01,462.6147918701172
24,2021,11,3.1789486533717106,19,2021-11-01,462.6147918701172
24,2021,12,3.2384209883840462,19,2021-12-01,462.6147918701172
24,2022,1,5.230001349198191,19,2022-01-01,462.6147918701172
24,2022,2,6.065296846277573,17,2022-02-01,462.6147918701172
24,2022,3,5.784999084472656,20,2022-03-01,462.6147918701172
24,2022,4,5.232110274465461,19,2022-04-01,462.6147918701172
24,2022,5,2.9042069284539473,19,2022-05-01,462.6147918701172
24,2022,6,1.7016652425130208,18,2022-06-01,462.6147918701172
24,2022,7,1.943690249794408,19,2022-07-01,462.6147918701172
24,2022,8,2.552503967285156,20,2022-08-01,462.6147918701172
24,2022,9,2.7463202225534538,19,2022-09-01,462.6147918701172
24,2022,10,2.8384222733347038,19,2022-10-01,462.6147918701172
24,2022,11,3.0472259521484375,18,2022-11-01,462.6147918701172
24,2022,12,4.42315673828125,19,2022-12-01,462.6147918701172
24,2023,1,5.150999450683594,20,2023-01-01,462.6147918701172
24,2023,2,5.1072235107421875,18,2023-02-01,462.6147918701172
24,2023,3,5.902629651521382,19,2023-03-01,462.6147918701172
24,2023,4,5.090523167660362,19,2023-04-01,462.6147918701172
24,2023,5,3.9205559624565973,18,2023-05-01,462.6147918701172
24,2023,6,2.52105712890625,19,2023-06-01,462.6147918701172
24,2023,7,1.4359970092773438,20,2023-07-01,462.6147918701172
24,2023,8,1.498425935444079,19,2023-08-01,462.6147918701172
24,2023,9,1.546663072374132,18,2023-09-01,462.6147918701172
24,2023,10,1.4410544947574013,19,2023-10-01,462.6147918701172
24,2023,11,2.0299971731085527,19,2023-11-01,462.6147918701172
24,2023,12,3.6024993896484374,20,2023-12-01,462.6147918701172
24,2024,1,4.049002075195313,20,2024-01-01,462.6147918701172
24,2024,2,4.702777438693577,18,2024-02-01,462.6147918701172
24,2024,3,6.199501037597656,20,2024-03-01,462.6147918701172
24,2024,4,6.442633377878289,19,2024-04-01,462.6147918701172
24,2024,5,5.05789505807977,19,2024-05-01,462.6147918701172
24,2024,6,3.2210516678659538,19,2024-06-01,462.6147918701172
24,2024,7,0.7115799753289473,19,2024-07-01,462.6147918701172
24,2024,8,0.13947175678453946,19,2024-08-01,462.6147918701172
24,2024,9,-0.4057874177631579,19,2024-09-01,462.6147918701172
24,2024,10,1.1611141628689237,18,2024-10-01,462.6147918701172
25,2020,10,2.089472720497533,19,2020-10-01,411.1108703613281
25,2020,11,2.319472463507401,19,2020-11-01,411.1108703613281
25,2020,12,3.042497253417969,20,2020-12-01,411.1108703613281
25,2021,1,3.8947368421052633,19,2021-01-01,411.1108703613281
25,2021,2,5.3364724551930145,17,2021-02-01,411.1108703613281
25,2021,3,5.698953728926809,19,2021-03-01,411.1108703613281
25,2021,4,5.74578857421875,19,2021-04-01,411.1108703613281
25,2021,5,3.8475006103515623,20,2021-05-01,411.1108703613281
25,2021,6,3.0321060983758223,19,2021-06-01,411.1108703613281
25,2021,7,2.6384197034333883,19,2021-07-01,411.1108703613281
25,2021,8,2.460526315789474,19,2021-08-01,411.1108703613281
25,2021,9,2.3710519891036186,19,2021-09-01,411.1108703613281
25,2021,10,2.3530029296875,20,2021-10-01,411.1108703613281
25,2021,11,2.3415768271998356,19,2021-11-01,411.1108703613281
25,2021,12,2.912632992393092,19,2021-12-01,411.1108703613281
25,2022,1,3.611581902754934,19,2022-01-01,411.1108703613281
25,2022,2,6.023529052734375,17,2022-02-01,411.1108703613281
25,2022,3,8.46100311279297,20,2022-03-01,411.1108703613281
25,2022,4,8.317893580386514,19,2022-04-01,411.1108703613281
25,2022,5,6.089997944078948,19,2022-05-01,411.1108703613281
25,2022,6,3.945554945203993,18,2022-06-01,411.1108703613281
25,2022,7,3.8210561651932564,19,2022-07-01,411.1108703613281
25,2022,8,3.6650009155273438,20,2022-08-01,411.1108703613281
25,2022,9,2.6689533434416117,19,2022-09-01,411.1108703613281
25,2022,10,2.5363143117804277,19,2022-10-01,411.1108703613281
25,2022,11,2.6327752007378473,18,2022-11-01,411.1108703613281
25,2022,12,2.5115790116159538,19,2022-12-01,411.1108703613281
25,2023,1,3.19150390625,20,2023-01-01,411.1108703613281
25,2023,2,4.805555555555555,18,2023-02-01,411.1108703613281
25,2023,3,6.1699973658511515,19,2023-03-01,411.1108703613281
25,2023,4,5.2668408845600325,19,2023-04-01,411.1108703613281
25,2023,5,4.26611328125,18,2023-05-01,411.1108703613281
25,2023,6,3.0110537880345394,19,2023-06-01,411.1108703613281
25,2023,7,1.9004989624023438,20,2023-07-01,411.1108703613281
25,2023,8,1.3147390265213816,19,2023-08-01,411.1108703613281
25,2023,9,0.9627770317925347,18,2023-09-01,411.1108703613281
25,2023,10,0.8189424213610197,19,2023-10-01,411.1108703613281
25,2023,11,0.6784266421669408,19,2023-11-01,411.1108703613281
25,2023,12,1.4065032958984376,20,2023-12-01,411.1108703613281
25,2024,1,2.4836859452097038,19,2024-01-01,411.1108703613281
25,2024,2,5.266111585828993,18,2024-02-01,411.1108703613281
25,2024,3,7.38349609375,20,2024-03-01,411.1108703613281
25,2024,4,7.105786775287829,19,2024-04-01,411.1108703613281
25,2024,5,6.363155967310855,19,2024-05-01,411.1108703613281
25,2024,6,4.597370348478618,19,2024-06-01,411.1108703613281
25,2024,7,2.296316046463816,19,2024-07-01,411.1108703613281
25,2024,8,1.8457914653577303,19,2024-08-01,411.1108703613281
25,2024,9,1.8038906521267362,18,2024-09-01,411.1108703613281
25,2024,10,0.5966661241319444,18,2024-10-01,411.1108703613281
26,2020,10,1.4894730417351973,19,2020-10-01,394.5237579345703
26,2020,11,1.3868408203125,19,2020-11-01,394.5237579345703
26,2020,12,1.1845001220703124,20,2020-12-01,394.5237579345703
26,2021,1,1.057896664268092,19,2021-01-01,394.5237579345703
26,2021,2,1.1552967744715072,17,2021-02-01,394.5237579345703
26,2021,3,1.993159243935033,19,2021-03-01,394.5237579345703
26,2021,4,3.8742081491570723,19,2021-04-01,394.5237579345703
26,2021,5,4.419999694824218,20,2021-05-01,394.5237579345703
26,2021,6,3.616316945929276,19,2021-06-01,394.5237579345703
26,2021,7,2.5500006424753288,19,2021-07-01,394.5237579345703
26,2021,8,2.2342095626027962,19,2021-08-01,394.5237579345703
26,2021,9,1.5994712428042763,19,2021-09-01,394.5237579345703
26,2021,10,1.6705001831054687,20,2021-10-01,394.5237579345703
26,2021,11,2.1805291426809212,19,2021-11-01,394.5237579345703
26,2021,12,2.484207956414474,19,2021-12-01,394.5237579345703
26,2022,1,2.6521060341282894,19,2022-01-01,394.5237579345703
26,2022,2,3.2141167135799633,17,2022-02-01,394.5237579345703
26,2022,3,5.151498413085937,20,2022-03-01,394.5237579345703
26,2022,4,5.26999222604852,19,2022-04-01,394.5237579345703
26,2022,5,3.7542082134046053,19,2022-05-01,394.5237579345703
26,2022,6,2.758884006076389,18,2022-06-01,394.5237579345703
26,2022,7,1.4331632915296053,19,2022-07-01,394.5237579345703
26,2022,8,-0.19649658203125,20,2022-08-01,394.5237579345703
26,2022,9,0.6605240671258223,19,2022-09-01,394.5237579345703
26,2022,10,1.3055555555555556,18,2022-10-01,394.5237579345703
26,2022,11,1.4894460042317708,18,2022-11-01,394.5237579345703
26,2022,12,0.8642080206620065,19,2022-12-01,394.5237579345703
26,2023,1,0.9305007934570313,20,2023-01-01,394.5237579345703
26,2023,2,1.663330078125,18,2023-02-01,394.5237579345703
26,2023,3,3.7452633506373356,19,2023-03-01,394.5237579345703
26,2023,4,4.544737163342927,19,2023-04-01,394.5237579345703
26,2023,5,3.864998711480035,18,2023-05-01,394.5237579345703
26,2023,6,2.5268474378083883,19,2023-06-01,394.5237579345703
26,2023,7,1.974493408203125,20,2023-07-01,394.5237579345703
26,2023,8,1.7184207313939144,19,2023-08-01,394.5237579345703
26,2023,9,1.4472266303168402,18,2023-09-01,394.5237579345703
26,2023,10,0.43947561163651316,19,2023-10-01,394.5237579345703
26,2023,11,0.6994789525082237,19,2023-11-01,394.5237579345703
26,2023,12,0.896502685546875,20,2023-12-01,394.5237579345703
26,2024,1,1.308418675472862,19,2024-01-01,394.5237579345703
26,2024,2,2.0850016276041665,18,2024-02-01,394.5237579345703
26,2024,3,3.5959991455078124,20,2024-03-01,394.5237579345703
26,2024,4,4.734733179995888,19,2024-04-01,394.5237579345703
26,2024,5,5.471051667865954,19,2024-05-01,394.5237579345703
26,2024,6,4.623687744140625,19,2024-06-01,394.5237579345703
26,2024,7,2.8984198319284538,19,2024-07-01,394.5237579345703
26,2024,8,1.730524966591283,19,2024-08-01,394.5237579345703
26,2024,9,0.9257908871299342,19,2024-09-01,394.5237579345703
26,2024,10,0.20499674479166666,18,2024-10-01,394.5237579345703
27,2020,10,0.02789467259457237,19,2020-10-01,449.5663757324219
27,2020,11,0.32894576223273025,19,2020-11-01,449.5663757324219
27,2020,12,1.2220001220703125,20,2020-12-01,449.5663757324219
27,2021,1,3.2642147666529606,19,2021-01-01,449.5663757324219
27,2021,2,5.012939453125,17,2021-02-01,449.5663757324219
27,2021,3,6.360528243215461,19,2021-03-01,449.5663757324219
27,2021,4,6.676317716899671,19,2021-04-01,449.5663757324219
27,2021,5,3.918501281738281,20,2021-05-01,449.5663757324219
27,2021,6,1.1915829307154606,19,2021-06-01,449.5663757324219
27,2021,7,0.7721059698807565,19,2021-07-01,449.5663757324219
27,2021,8,0.7726327996504935,19,2021-08-01,449.5663757324219
27,2021,9,0.9694711785567435,19,2021-09-01,449.5663757324219
27,2021,10,2.7959976196289063,20,2021-10-01,449.5663757324219
27,2021,11,2.4105240671258223,19,2021-11-01,449.5663757324219
27,2021,12,2.1773697702508223,19,2021-12-01,449.5663757324219
27,2022,1,4.161577726665296,19,2022-01-01,449.5663757324219
27,2022,2,5.228819005629596,17,2022-02-01,449.5663757324219
27,2022,3,6.293496704101562,20,2022-03-01,449.5663757324219
27,2022,4,6.646839342619243,19,2022-04-01,449.5663757324219
27,2022,5,6.855264764083059,19,2022-05-01,449.5663757324219
27,2022,6,5.226469152113971,17,2022-06-01,449.5663757324219
27,2022,7,5.0605308131167765,19,2022-07-01,449.5663757324219
27,2022,8,5.007498168945313,20,2022-08-01,449.5663757324219
27,2022,9,7.780527215254934,19,2022-09-01,449.5663757324219
27,2022,10,7.291054173519737,19,2022-10-01,449.5663757324219
27,2022,11,7.271111382378472,18,2022-11-01,449.5663757324219
27,2022,12,5.762631064967105,19,2022-12-01,449.5663757324219
27,2023,1,7.587495422363281,20,2023-01-01,449.5663757324219
27,2023,2,7.420003255208333,18,2023-02-01,449.5663757324219
27,2023,3,7.334736071134868,19,2023-03-01,449.5663757324219
27,2023,4,8.287891588712993,19,2023-04-01,449.5663757324219
27,2023,5,8.496112399631077,18,2023-05-01,449.5663757324219
27,2023,6,8.546838057668586,19,2023-06-01,449.5663757324219
27,2023,7,5.358502197265625,20,2023-07-01,449.5663757324219
27,2023,8,2.4678939016241777,19,2023-08-01,449.5663757324219
27,2023,9,3.646109686957465,18,2023-09-01,449.5663757324219
27,2023,10,8.409998575846354,18,2023-10-01,449.5663757324219
27,2023,11,7.286841141550164,19,2023-11-01,449.5663757324219
27,2023,12,2.9540008544921874,20,2023-12-01,449.5663757324219
27,2024,1,5.381580553556743,19,2024-01-01,449.5663757324219
27,2024,2,7.390557183159722,18,2024-02-01,449.5663757324219
27,2024,3,7.228001403808594,20,2024-03-01,449.5663757324219
27,2024,4,7.146314119037829,19,2024-04-01,449.5663757324219
27,2024,5,6.404203716077302,19,2024-05-01,449.5663757324219
27,2024,6,6.631053723787007,19,2024-06-01,449.5663757324219
27,2024,7,6.60525833932977,19,2024-07-01,449.5663757324219
27,2024,8,0.8231570595189145,19,2024-08-01,449.5663757324219
27,2024,9,3.083889431423611,18,2024-09-01,449.5663757324219
27,2024,10,4.955552842881945,18,2024-10-01,449.5663757324219
28,2020,10,1.6084193179481907,19,2020-10-01,543.58050537109375
28,2020,11,-0.0936841462787829,19,2020-11-01,543.58050537109375
28,2020,12,0.180499267578125,20,2020-12-01,543.58050537109375
28,2021,1,1.686314633018092,19,2021-01-01,543.58050537109375
28,2021,2,3.2594155704273895,17,2021-02-01,543.58050537109375
28,2021,3,3.5452655993009867,19,2021-03-01,543.58050537109375
28,2021,4,3.4894698293585527,19,2021-04-01,543.58050537109375
28,2021,5,3.4584991455078127,20,2021-05-01,543.58050537109375
28,2021,6,3.6626297800164473,19,2021-06-01,543.58050537109375
28,2021,7,3.143162777549342,19,2021-07-01,543.58050537109375
28,2021,8,2.986318487870066,19,2021-08-01,543.58050537109375
28,2021,9,2.8931515342310856,19,2021-09-01,543.58050537109375
28,2021,10,2.844000244140625,20,2021-10-01,543.58050537109375
28,2021,11,3.0447403757195723,19,2021-11-01,543.58050537109375
28,2021,12,2.0689472399259867,19,2021-12-01,543.58050537109375
28,2022,1,1.457890560752467,19,2022-01-01,543.58050537109375
28,2022,2,2.646475399241728,17,2022-02-01,543.58050537109375
28,2022,3,4.75999755859375,20,2022-03-01,543.58050537109375
28,2022,4,4.811057642886513,19,2022-04-01,543.58050537109375
28,2022,5,4.761055394222862,19,2022-05-01,543.58050537109375
28,2022,6,4.273534438189338,17,2022-06-01,543.58050537109375
28,2022,7,2.871048776726974,19,2022-07-01,543.58050537109375
28,2022,8,2.8870010375976563,20,2022-08-01,543.58050537109375
28,2022,9,1.903159693667763,19,2022-09-01,543.58050537109375
28,2022,10,1.8488905164930556,18,2022-10-01,543.58050537109375
28,2022,11,1.8594495985243056,18,2022-11-01,543.58050537109375
28,2022,12,2.8752618086965462,19,2022-12-01,543.58050537109375
28,2023,1,3.020497131347656,20,2023-01-01,543.58050537109375
28,2023,2,3.9300062391493054,18,2023-02-01,543.58050537109375
28,2023,3,5.312631707442434,19,2023-03-01,543.58050537109375
28,2023,4,5.1368408203125,19,2023-04-01,543.58050537109375
28,2023,5,3.5047334369860197,19,2023-05-01,543.58050537109375
28,2023,6,2.9468399850945723,19,2023-06-01,543.58050537109375
28,2023,7,2.991998291015625,20,2023-07-01,543.58050537109375
28,2023,8,2.9884225945723686,19,2023-08-01,543.58050537109375
28,2023,9,2.9688839382595487,18,2023-09-01,543.58050537109375
28,2023,10,2.7972208658854165,18,2023-10-01,543.58050537109375
28,2023,11,1.7210548802425987,19,2023-11-01,543.58050537109375
28,2023,12,1.817498779296875,20,2023-12-01,543.58050537109375
28,2024,1,2.3614298502604165,21,2024-01-01,543.58050537109375
28,2024,2,2.2877739800347223,18,2024-02-01,543.58050537109375
28,2024,3,3.488494873046875,20,2024-03-01,543.58050537109375
28,2024,4,4.3457898591694075,19,2024-04-01,543.58050537109375
28,2024,5,4.123156095805921,19,2024-05-01,543.58050537109375
28,2024,6,3.6652655350534538,19,2024-06-01,543.58050537109375
28,2024,7,3.473158986944901,19,2024-07-01,543.58050537109375
28,2024,8,3.1863210577713814,19,2024-08-01,543.58050537109375
28,2024,9,1.7852622584292763,19,2024-09-01,543.58050537109375
28,2024,10,0.7316674126519097,18,2024-10-01,543.58050537109375
29,2020,10,4.377899169921875,19,2020-10-01,362.69093322753906
29,2020,11,4.5321093107524675,19,2020-11-01,362.69093322753906
29,2020,12,4.449497985839844,20,2020-12-01,362.69093322753906
29,2021,1,4.650522332442434,19,2021-01-01,362.69093322753906
29,2021,2,6.262939453125,17,2021-02-01,362.69093322753906
29,2021,3,6.603685880962171,19,2021-03-01,362.69093322753906
29,2021,4,6.824739155016448,19,2021-04-01,362.69093322753906
29,2021,5,7.486996459960937,20,2021-05-01,362.69093322753906
29,2021,6,6.579997815583882,19,2021-06-01,362.69093322753906
29,2021,7,5.947368421052632,19,2021-07-01,362.69093322753906
29,2021,8,5.770520662006579,19,2021-08-01,362.69093322753906
29,2021,9,5.3421068693462175,19,2021-09-01,362.69093322753906
29,2021,10,5.753497314453125,20,2021-10-01,362.69093322753906
29,2021,11,4.924207185444079,19,2021-11-01,362.69093322753906
29,2021,12,5.2321022435238485,19,2021-12-01,362.69093322753906
29,2022,1,6.25421142578125,19,2022-01-01,362.69093322753906
29,2022,2,6.835878259995404,17,2022-02-01,362.69093322753906
29,2022,3,8.37099609375,20,2022-03-01,362.69093322753906
29,2022,4,8.922633120888158,19,2022-04-01,362.69093322753906
29,2022,5,7.871580425061677,19,2022-05-01,362.69093322753906
29,2022,6,5.586108737521702,18,2022-06-01,362.69093322753906
29,2022,7,5.035790694387336,19,2022-07-01,362.69093322753906
29,2022,8,4.7114990234375,20,2022-08-01,362.69093322753906
29,2022,9,4.7505236173930925,19,2022-09-01,362.69093322753906
29,2022,10,4.718329535590278,18,2022-10-01,362.69093322753906
29,2022,11,4.6605580647786455,18,2022-11-01,362.69093322753906
29,2022,12,4.7163134123149675,19,2022-12-01,362.69093322753906
29,2023,1,5.40849609375,20,2023-01-01,362.69093322753906
29,2023,2,6.384996202256945,18,2023-02-01,362.69093322753906
29,2023,3,6.9610547517475325,19,2023-03-01,362.69093322753906
29,2023,4,8.413155003597861,19,2023-04-01,362.69093322753906
29,2023,5,8.027223375108507,18,2023-05-01,362.69093322753906
29,2023,6,7.063680548416941,19,2023-06-01,362.69093322753906
29,2023,7,7.61099853515625,20,2023-07-01,362.69093322753906
29,2023,8,6.412107768811677,19,2023-08-01,362.69093322753906
29,2023,9,5.2338918050130205,18,2023-09-01,362.69093322753906
29,2023,10,4.642223782009548,18,2023-10-01,362.69093322753906
29,2023,11,3.6089509662828947,19,2023-11-01,362.69093322753906
29,2023,12,3.7744964599609374,20,2023-12-01,362.69093322753906
29,2024,1,3.6168389571340462,19,2024-01-01,362.69093322753906
29,2024,2,4.873887803819445,18,2024-02-01,362.69093322753906
29,2024,3,6.019999694824219,20,2024-03-01,362.69093322753906
29,2024,4,7.731056614925987,19,2024-04-01,362.69093322753906
29,2024,5,8.457374974300986,19,2024-05-01,362.69093322753906
29,2024,6,7.36368119089227,19,2024-06-01,362.69093322753906
29,2024,7,5.472627338610198,19,2024-07-01,362.69093322753906
29,2024,8,3.471053274054276,19,2024-08-01,362.69093322753906
29,2024,9,3.3368417840254936,19,2024-09-01,362.69093322753906
29,2024,10,3.243893093532986,18,2024-10-01,362.69093322753906
30,2020,10,3.7815776624177633,19,2020-10-01,484.16246032714844
30,2020,11,3.4647393477590462,19,2020-11-01,484.16246032714844
30,2020,12,4.00550537109375,20,2020-12-01,484.16246032714844
30,2021,1,4.883156224300987,19,2021-01-01,484.16246032714844
30,2021,2,5.221762264476103,17,2021-02-01,484.16246032714844
30,2021,3,5.132102564761513,19,2021-03-01,484.16246032714844
30,2021,4,5.016309236225329,19,2021-04-01,484.16246032714844
30,2021,5,4.946504211425781,20,2021-05-01,484.16246032714844
30,2021,6,4.893689607319079,19,2021-06-01,484.16246032714844
30,2021,7,4.257896021792763,19,2021-07-01,484.16246032714844
30,2021,8,3.9815802323190788,19,2021-08-01,484.16246032714844
30,2021,9,2.944737484580592,19,2021-09-01,484.16246032714844
30,2021,10,2.3150009155273437,20,2021-10-01,484.16246032714844
30,2021,11,2.1736771432976973,19,2021-11-01,484.16246032714844
30,2021,12,2.647893002158717,19,2021-12-01,484.16246032714844
30,2022,1,4.027896278782895,19,2022-01-01,484.16246032714844
30,2022,2,5.891763126148897,17,2022-02-01,484.16246032714844
30,2022,3,7.577001953125,20,2022-03-01,484.16246032714844
30,2022,4,7.4542091771175985,19,2022-04-01,484.16246032714844
30,2022,5,5.075792814555921,19,2022-05-01,484.16246032714844
30,2022,6,3.853890313042535,18,2022-06-01,484.16246032714844
30,2022,7,3.0957930715460527,19,2022-07-01,484.16246032714844
30,2022,8,2.7034988403320313,20,2022-08-01,484.16246032714844
30,2022,9,2.325791208367599,19,2022-09-01,484.16246032714844
30,2022,10,2.5500064425998263,18,2022-10-01,484.16246032714844
30,2022,11,2.600557115342882,18,2022-11-01,484.16246032714844
30,2022,12,2.975255062705592,19,2022-12-01,484.16246032714844
30,2023,1,4.250006103515625,20,2023-01-01,484.16246032714844
30,2023,2,4.78611585828993,18,2023-02-01,484.16246032714844
30,2023,3,6.458952251233552,19,2023-03-01,484.16246032714844
30,2023,4,5.74789749948602,19,2023-04-01,484.16246032714844
30,2023,5,4.8655548095703125,18,2023-05-01,484.16246032714844
30,2023,6,3.8163130910773027,19,2023-06-01,484.16246032714844
30,2023,7,3.2029983520507814,20,2023-07-01,484.16246032714844
30,2023,8,2.829472592002467,19,2023-08-01,484.16246032714844
30,2023,9,2.785554673936632,18,2023-09-01,484.16246032714844
30,2023,10,3.007889597039474,19,2023-10-01,484.16246032714844
30,2023,11,2.5794741981907894,19,2023-11-01,484.16246032714844
30,2023,12,3.2854965209960936,20,2023-12-01,484.16246032714844
30,2024,1,4.086843390213816,19,2024-01-01,484.16246032714844
30,2024,2,6.000552707248264,18,2024-02-01,484.16246032714844
30,2024,3,8.732502746582032,20,2024-03-01,484.16246032714844
30,2024,4,8.744738127055921,19,2024-04-01,484.16246032714844
30,2024,5,7.414735492907073,19,2024-05-01,484.16246032714844
30,2024,6,6.097370348478618,19,2024-06-01,484.16246032714844
30,2024,7,4.27105712890625,19,2024-07-01,484.16246032714844
30,2024,8,2.5394720780222038,19,2024-08-01,484.16246032714844
30,2024,9,2.802628366570724,19,2024-09-01,484.16246032714844
30,2024,10,3.6372205946180554,18,2024-10-01,484.16246032714844
31,2020,10,2.792104620682566,19,2020-10-01,885.0867614746094
31,2020,11,1.7157865825452303,19,2020-11-01,885.0867614746094
31,2020,12,2.5230026245117188,20,2020-12-01,885.0867614746094
31,2021,1,4.15841996042352,19,2021-01-01,885.0867614746094
31,2021,2,4.747648351332721,17,2021-02-01,885.0867614746094
31,2021,3,5.3052625154194075,19,2021-03-01,885.0867614746094
31,2021,4,6.016317267166941,19,2021-04-01,885.0867614746094
31,2021,5,5.625495910644531,20,2021-05-01,885.0867614746094
31,2021,6,4.568950452302632,19,2021-06-01,885.0867614746094
31,2021,7,4.31631790964227,19,2021-07-01,885.0867614746094
31,2021,8,4.236838892886513,19,2021-08-01,885.0867614746094
31,2021,9,4.216315018503289,19,2021-09-01,885.0867614746094
31,2021,10,4.124493408203125,20,2021-10-01,885.0867614746094
31,2021,11,4.145260459498355,19,2021-11-01,885.0867614746094
31,2021,12,2.981048583984375,19,2021-12-01,885.0867614746094
31,2022,1,2.637364437705592,19,2022-01-01,885.0867614746094
31,2022,2,4.100591322954963,17,2022-02-01,885.0867614746094
31,2022,3,5.627999877929687,20,2022-03-01,885.0867614746094
31,2022,4,5.8384238795230265,19,2022-04-01,885.0867614746094
31,2022,5,4.432628430818257,19,2022-05-01,885.0867614746094
31,2022,6,2.6422220865885415,18,2022-06-01,885.0867614746094
31,2022,7,2.758427670127467,19,2022-07-01,885.0867614746094
31,2022,8,2.69000244140625,20,2022-08-01,885.0867614746094
31,2022,9,2.884739925986842,19,2022-09-01,885.0867614746094
31,2022,10,2.785268683182566,19,2022-10-01,885.0867614746094
31,2022,11,2.9311150444878473,18,2022-11-01,885.0867614746094
31,2022,12,3.4215778551603617,19,2022-12-01,885.0867614746094
31,2023,1,3.5979965209960936,20,2023-01-01,885.0867614746094
31,2023,2,4.054439968532986,18,2023-02-01,885.0867614746094
31,2023,3,4.9136818333675985,19,2023-03-01,885.0867614746094
31,2023,4,4.609998201069079,19,2023-04-01,885.0867614746094
31,2023,5,3.8488956027560763,18,2023-05-01,885.0867614746094
31,2023,6,2.558950323807566,19,2023-06-01,885.0867614746094
31,2023,7,1.35999755859375,20,2023-07-01,885.0867614746094
31,2023,8,1.8026283665707237,19,2023-08-01,885.0867614746094
31,2023,9,2.090001424153646,18,2023-09-01,885.0867614746094
31,2023,10,2.4452594957853617,19,2023-10-01,885.0867614746094
31,2023,11,2.2747369063527962,19,2023-11-01,885.0867614746094
31,2023,12,2.596002197265625,20,2023-12-01,885.0867614746094
31,2024,1,3.425234840029762,21,2024-01-01,885.0867614746094
31,2024,2,4.706114027235243,18,2024-02-01,885.0867614746094
31,2024,3,5.419497680664063,20,2024-03-01,885.0867614746094
31,2024,4,5.790530556126645,19,2024-04-01,885.0867614746094
31,2024,5,5.675789280941612,19,2024-05-01,885.0867614746094
31,2024,6,5.337893837376645,19,2024-06-01,885.0867614746094
31,2024,7,5.252104106702302,19,2024-07-01,885.0867614746094
31,2024,8,4.975789923416941,19,2024-08-01,885.0867614746094
31,2024,9,3.578944156044408,19,2024-09-01,885.0867614746094
31,2024,10,2.3161129421657987,18,2024-10-01,885.0867614746094
32,2020,10,0.44585182996958467,19,2020-10-01,1051.1854858398438
32,2020,11,0.41577909242704136,19,2020-11-01,1051.1854858398438
32,2020,12,0.4220372584317914,20,2020-12-01,1051.1854858398438
32,2021,1,1.2607549073914164,19,2021-01-01,1051.1854858398438
32,2021,2,2.725562274372792,17,2021-02-01,1051.1854858398438
32,2021,3,2.5861823459359154,19,2021-03-01,1051.1854858398438
32,2021,4,2.1848066820267995,19,2021-04-01,1051.1854858398438
32,2021,5,1.5418527255251717,20,2021-05-01,1051.1854858398438
32,2021,6,1.3959860697196136,19,2021-06-01,1051.1854858398438
32,2021,7,1.5234127780093865,19,2021-07-01,1051.1854858398438
32,2021,8,0.8750033222235809,19,2021-08-01,1051.1854858398438
32,2021,9,0.5961242367129461,19,2021-09-01,1051.1854858398438
32,2021,10,0.7918465858542874,20,2021-10-01,1051.1854858398438
32,2021,11,1.706017921065175,19,2021-11-01,1051.1854858398438
32,2021,12,1.7449465680757072,19,2021-12-01,1051.1854858398438
32,2022,1,2.539521201500553,19,2022-01-01,1051.1854858398438
32,2022,2,2.478861465600042,17,2022-02-01,1051.1854858398438
32,2022,3,2.9930998225404806,20,2022-03-01,1051.1854858398438
32,2022,4,2.72216659835369,19,2022-04-01,1051.1854858398438
32,2022,5,2.436166881146293,19,2022-05-01,1051.1854858398438
32,2022,6,0.7402817266047634,18,2022-06-01,1051.1854858398438
32,2022,7,0.4875831264901828,19,2022-07-01,1051.1854858398438
32,2022,8,0.6277143300060004,20,2022-08-01,1051.1854858398438
32,2022,9,1.6684834612267063,19,2022-09-01,1051.1854858398438
32,2022,10,2.0877286348107424,19,2022-10-01,1051.1854858398438
32,2022,11,2.121528002969683,18,2022-11-01,1051.1854858398438
32,2022,12,3.8666929045810763,19,2022-12-01,1051.1854858398438
32,2023,1,4.11298336445058,20,2023-01-01,1051.1854858398438
32,2023,2,4.06500417276582,18,2023-02-01,1051.1854858398438
32,2023,3,3.9129611308279366,19,2023-03-01,1051.1854858398438
32,2023,4,2.6580000096811167,19,2023-04-01,1051.1854858398438
32,2023,5,2.1636024385047867,18,2023-05-01,1051.1854858398438
32,2023,6,1.083352632211224,19,2023-06-01,1051.1854858398438
32,2023,7,0.9753223863320045,20,2023-07-01,1051.1854858398438
32,2023,8,0.6979180532113823,19,2023-08-01,1051.1854858398438
32,2023,9,0.4369886276680859,18,2023-09-01,1051.1854858398438
32,2023,10,0.04064348450369954,19,2023-10-01,1051.1854858398438
32,2023,11,0.18185625568357686,19,2023-11-01,1051.1854858398438
32,2023,12,2.828966547381543,20,2023-12-01,1051.1854858398438
32,2024,1,3.297504632142284,20,2024-01-01,1051.1854858398438
32,2024,2,3.011189159117382,18,2024-02-01,1051.1854858398438
32,2024,3,3.438152052372652,20,2024-03-01,1051.1854858398438
32,2024,4,3.5735002070169015,19,2024-04-01,1051.1854858398438
32,2024,5,3.091293402217676,19,2024-05-01,1051.1854858398438
32,2024,6,2.597864535531046,19,2024-06-01,1051.1854858398438
32,2024,7,2.3063676055795876,19,2024-07-01,1051.1854858398438
32,2024,8,1.9956927967101263,19,2024-08-01,1051.1854858398438
32,2024,9,1.1767651062492213,19,2024-09-01,1051.1854858398438
32,2024,10,0.5024281060928723,18,2024-10-01,1051.1854858398438
33,2020,10,2.137369256270559,19,2020-10-01,810.50048828125
33,2020,11,2.493159243935033,19,2020-11-01,810.50048828125
33,2020,12,2.9599960327148436,20,2020-12-01,810.50048828125
33,2021,1,4.2810508326480265,19,2021-01-01,810.50048828125
33,2021,2,6.713526108685662,17,2021-02-01,810.50048828125
33,2021,3,6.024738512541118,19,2021-03-01,810.50048828125
33,2021,4,5.293683503803454,19,2021-04-01,810.50048828125
33,2021,5,4.828997802734375,20,2021-05-01,810.50048828125
33,2021,6,2.543161492598684,19,2021-06-01,810.50048828125
33,2021,7,1.267372532894737,19,2021-07-01,810.50048828125
33,2021,8,1.251050447162829,19,2021-08-01,810.50048828125
33,2021,9,2.1957879317434212,19,2021-09-01,810.50048828125
33,2021,10,3.4669952392578125,20,2021-10-01,810.50048828125
33,2021,11,3.415785940069901,19,2021-11-01,810.50048828125
33,2021,12,3.2257931357935856,19,2021-12-01,810.50048828125
33,2022,1,4.5652626439144735,19,2022-01-01,810.50048828125
33,2022,2,6.7064675723805145,17,2022-02-01,810.50048828125
33,2022,3,8.451499938964844,20,2022-03-01,810.50048828125
33,2022,4,8.86105667917352,19,2022-04-01,810.50048828125
33,2022,5,9.05315519634046,19,2022-05-01,810.50048828125
33,2022,6,2.9252983542049633,17,2022-06-01,810.50048828125
33,2022,7,2.067891974198191,19,2022-07-01,810.50048828125
33,2022,8,3.270001220703125,20,2022-08-01,810.50048828125
33,2022,9,3.2110531455592106,19,2022-09-01,810.50048828125
33,2022,10,2.757778591579861,18,2022-10-01,810.50048828125
33,2022,11,2.8027750651041665,18,2022-11-01,810.50048828125
33,2022,12,3.204207570929276,19,2022-12-01,810.50048828125
33,2023,1,5.619999694824219,20,2023-01-01,810.50048828125
33,2023,2,6.672220865885417,18,2023-02-01,810.50048828125
33,2023,3,7.376840691817434,19,2023-03-01,810.50048828125
33,2023,4,6.298943770559211,19,2023-04-01,810.50048828125
33,2023,5,5.243335300021702,18,2023-05-01,810.50048828125
33,2023,6,4.498425935444079,19,2023-06-01,810.50048828125
33,2023,7,2.7029983520507814,20,2023-07-01,810.50048828125
33,2023,8,2.31842041015625,19,2023-08-01,810.50048828125
33,2023,9,2.325003729926215,18,2023-09-01,810.50048828125
33,2023,10,2.4661119249131946,18,2023-10-01,810.50048828125
33,2023,11,2.521580746299342,19,2023-11-01,810.50048828125
33,2023,12,3.682505798339844,20,2023-12-01,810.50048828125
33,2024,1,3.5968435187088814,19,2024-01-01,810.50048828125
33,2024,2,4.886667887369792,18,2024-02-01,810.50048828125
33,2024,3,7.501002502441406,20,2024-03-01,810.50048828125
33,2024,4,7.21368408203125,19,2024-04-01,810.50048828125
33,2024,5,6.131585372121711,19,2024-05-01,810.50048828125
33,2024,6,5.649473491467927,19,2024-06-01,810.50048828125
33,2024,7,2.614211233038651,19,2024-07-01,810.50048828125
33,2024,8,2.6705290141858553,19,2024-08-01,810.50048828125
33,2024,9,2.668889363606771,18,2024-09-01,810.50048828125
33,2024,10,1.4677785237630208,18,2024-10-01,810.50048828125
34,2020,10,1.342110081722862,19,2020-10-01,836.64892578125
34,2020,11,1.3152626439144737,19,2020-11-01,836.64892578125
34,2020,12,1.930999755859375,20,2020-12-01,836.64892578125
34,2021,1,3.7989485891241777,19,2021-01-01,836.64892578125
34,2021,2,4.170586081112132,17,2021-02-01,836.64892578125
34,2021,3,3.7689498098273027,19,2021-03-01,836.64892578125
34,2021,4,4.000001606188323,19,2021-04-01,836.64892578125
34,2021,5,2.4334976196289064,20,2021-05-01,836.64892578125
34,2021,6,1.6805227179276316,19,2021-06-01,836.64892578125
34,2021,7,1.494738127055921,19,2021-07-01,836.64892578125
34,2021,8,1.386832789370888,19,2021-08-01,836.64892578125
34,2021,9,1.4078915244654606,19,2021-09-01,836.64892578125
34,2021,10,1.3914962768554688,20,2021-10-01,836.64892578125
34,2021,11,0.8610582853618421,19,2021-11-01,836.64892578125
34,2021,12,0.6757924933182565,19,2021-12-01,836.64892578125
34,2022,1,1.2621058413856907,19,2022-01-01,836.64892578125
34,2022,2,1.9870533662683822,17,2022-02-01,836.64892578125
34,2022,3,3.148997497558594,20,2022-03-01,836.64892578125
34,2022,4,3.6405302348889803,19,2022-04-01,836.64892578125
34,2022,5,3.7926346628289473,19,2022-05-01,836.64892578125
34,2022,6,2.6284195749383223,19,2022-06-01,836.64892578125
34,2022,7,2.7110515393708883,19,2022-07-01,836.64892578125
34,2022,8,1.3555038452148438,20,2022-08-01,836.64892578125
34,2022,9,-0.4184136641652961,19,2022-09-01,836.64892578125
34,2022,10,-0.7252663060238487,19,2022-10-01,836.64892578125
34,2022,11,-0.7438829210069444,18,2022-11-01,836.64892578125
34,2022,12,1.6310521175986843,19,2022-12-01,836.64892578125
34,2023,1,2.155499267578125,20,2023-01-01,836.64892578125
34,2023,2,1.9722205268012152,18,2023-02-01,836.64892578125
34,2023,3,2.4778972424958883,19,2023-03-01,836.64892578125
34,2023,4,3.4931576377467106,19,2023-04-01,836.64892578125
34,2023,5,3.3355577256944446,18,2023-05-01,836.64892578125
34,2023,6,2.93157958984375,19,2023-06-01,836.64892578125
34,2023,7,2.1370025634765626,20,2023-07-01,836.64892578125
34,2023,8,1.591578433388158,19,2023-08-01,836.64892578125
34,2023,9,1.5605621337890625,18,2023-09-01,836.64892578125
34,2023,10,1.6511162651909723,18,2023-10-01,836.64892578125
34,2023,11,1.8021047491776316,19,2023-11-01,836.64892578125
34,2023,12,3.416001892089844,20,2023-12-01,836.64892578125
34,2024,1,3.2789483321340462,19,2024-01-01,836.64892578125
34,2024,2,3.727781507703993,18,2024-02-01,836.64892578125
34,2024,3,5.0059967041015625,20,2024-03-01,836.64892578125
34,2024,4,5.191576505962171,19,2024-04-01,836.64892578125
34,2024,5,4.395788895456414,19,2024-05-01,836.64892578125
34,2024,6,3.2605301706414473,19,2024-06-01,836.64892578125
34,2024,7,2.8473703484786186,19,2024-07-01,836.64892578125
34,2024,8,2.3326335706208883,19,2024-08-01,836.64892578125
34,2024,9,0.4572245279947917,18,2024-09-01,836.64892578125
34,2024,10,1.6194424099392362,18,2024-10-01,836.64892578125
35,2020,10,2.7036871659128288,19,2020-10-01,705.2720642089844
35,2020,11,2.8247359426398027,19,2020-11-01,705.2720642089844
35,2020,12,4.542500305175781,20,2020-12-01,705.2720642089844
35,2021,1,6.362629137541118,19,2021-01-01,705.2720642089844
35,2021,2,5.794710047104779,17,2021-02-01,705.2720642089844
35,2021,3,5.570005718030427,19,2021-03-01,705.2720642089844
35,2021,4,6.17105423776727,19,2021-04-01,705.2720642089844
35,2021,5,4.872503662109375,20,2021-05-01,705.2720642089844
35,2021,6,3.229471307051809,19,2021-06-01,705.2720642089844
35,2021,7,2.045257568359375,19,2021-07-01,705.2720642089844
35,2021,8,3.1136844032689144,19,2021-08-01,705.2720642089844
35,2021,9,4.573680676912007,19,2021-09-01,705.2720642089844
35,2021,10,3.7034988403320313,20,2021-10-01,705.2720642089844
35,2021,11,3.797898141961349,19,2021-11-01,705.2720642089844
35,2021,12,4.682106419613487,19,2021-12-01,705.2720642089844
35,2022,1,4.8300010279605265,19,2022-01-01,705.2720642089844
35,2022,2,5.198238597196691,17,2022-02-01,705.2720642089844
35,2022,3,5.932502746582031,20,2022-03-01,705.2720642089844
35,2022,4,6.077900133634868,19,2022-04-01,705.2720642089844
35,2022,5,4.4563132838199015,19,2022-05-01,705.2720642089844
35,2022,6,3.331670125325521,18,2022-06-01,705.2720642089844
35,2022,7,3.445265920538651,19,2022-07-01,705.2720642089844
35,2022,8,3.7474960327148437,20,2022-08-01,705.2720642089844
35,2022,9,4.836841784025493,19,2022-09-01,705.2720642089844
35,2022,10,5.296316046463816,19,2022-10-01,705.2720642089844
35,2022,11,5.435555352105035,18,2022-11-01,705.2720642089844
35,2022,12,4.777894672594573,19,2022-12-01,705.2720642089844
35,2023,1,5.546000671386719,20,2023-01-01,705.2720642089844
35,2023,2,5.783333672417535,18,2023-02-01,705.2720642089844
35,2023,3,6.779471949527138,19,2023-03-01,705.2720642089844
35,2023,4,5.363686009457237,19,2023-04-01,705.2720642089844
35,2023,5,4.005550808376736,18,2023-05-01,705.2720642089844
35,2023,6,4.407367907072368,19,2023-06-01,705.2720642089844
35,2023,7,8.421998596191406,20,2023-07-01,705.2720642089844
35,2023,8,7.8136853669819075,19,2023-08-01,705.2720642089844
35,2023,9,7.282779269748264,18,2023-09-01,705.2720642089844
35,2023,10,5.571584601151316,19,2023-10-01,705.2720642089844
35,2023,11,4.597893965871711,19,2023-11-01,705.2720642089844
35,2023,12,0.68699951171875,20,2023-12-01,705.2720642089844
35,2024,1,1.503327869233631,21,2024-01-01,705.2720642089844
35,2024,2,5.331114027235243,18,2024-02-01,705.2720642089844
35,2024,3,6.877000427246093,20,2024-03-01,705.2720642089844
35,2024,4,6.905267012746711,19,2024-04-01,705.2720642089844
35,2024,5,4.407367907072368,19,2024-05-01,705.2720642089844
35,2024,6,2.4115793328536186,19,2024-06-01,705.2720642089844
35,2024,7,0.22999974300986842,19,2024-07-01,705.2720642089844
35,2024,8,0.28789961965460525,19,2024-08-01,705.2720642089844
35,2024,9,3.636845638877467,19,2024-09-01,705.2720642089844
35,2024,10,2.825003729926215,18,2024-10-01,705.2720642089844
36,2020,10,4.5842124537417765,19,2020-10-01,670.7474670410156
36,2020,11,2.7110515393708883,19,2020-11-01,670.7474670410156
36,2020,12,2.5720001220703126,20,2020-12-01,670.7474670410156
36,2021,1,3.430527536492599,19,2021-01-01,670.7474670410156
36,2021,2,2.3582314883961395,17,2021-02-01,670.7474670410156
36,2021,3,3.5442087273848686,19,2021-03-01,670.7474670410156
36,2021,4,3.5063187448601973,19,2021-04-01,670.7474670410156
36,2021,5,3.3704986572265625,20,2021-05-01,670.7474670410156
36,2021,6,1.834734464946546,19,2021-06-01,670.7474670410156
36,2021,7,1.346318295127467,19,2021-07-01,670.7474670410156
36,2021,8,1.0884190609580593,19,2021-08-01,670.7474670410156
36,2021,9,0.9836875513980263,19,2021-09-01,670.7474670410156
36,2021,10,0.935498046875,20,2021-10-01,670.7474670410156
36,2021,11,2.9473684210526314,19,2021-11-01,670.7474670410156
36,2021,12,2.8378970497532894,19,2021-12-01,670.7474670410156
36,2022,1,3.1215756064967106,19,2022-01-01,670.7474670410156
36,2022,2,4.179412841796875,17,2022-02-01,670.7474670410156
36,2022,3,5.971498107910156,20,2022-03-01,670.7474670410156
36,2022,4,5.904211747018914,19,2022-04-01,670.7474670410156
36,2022,5,4.448418868215461,19,2022-05-01,670.7474670410156
36,2022,6,2.3055521647135415,18,2022-06-01,670.7474670410156
36,2022,7,0.46999800832648025,19,2022-07-01,670.7474670410156
36,2022,8,0.3125030517578125,20,2022-08-01,670.7474670410156
36,2022,9,2.4015743857935856,19,2022-09-01,670.7474670410156
36,2022,10,3.26947021484375,19,2022-10-01,670.7474670410156
36,2022,11,3.243891398111979,18,2022-11-01,670.7474670410156
36,2022,12,3.0721050061677633,19,2022-12-01,670.7474670410156
36,2023,1,3.4180023193359377,20,2023-01-01,670.7474670410156
36,2023,2,4.29388427734375,18,2023-02-01,670.7474670410156
36,2023,3,5.518421373869243,19,2023-03-01,670.7474670410156
36,2023,4,4.640003405119243,19,2023-04-01,670.7474670410156
36,2023,5,3.530000474717882,18,2023-05-01,670.7474670410156
36,2023,6,2.2136824758429277,19,2023-06-01,670.7474670410156
36,2023,7,1.4690017700195313,20,2023-07-01,670.7474670410156
36,2023,8,1.1915797183388157,19,2023-08-01,670.7474670410156
36,2023,9,1.1105567084418402,18,2023-09-01,670.7474670410156
36,2023,10,1.1150021023220487,18,2023-10-01,670.7474670410156
36,2023,11,1.6221072548314144,19,2023-11-01,670.7474670410156
36,2023,12,2.803497314453125,20,2023-12-01,670.7474670410156
36,2024,1,2.4052605879934212,19,2024-01-01,670.7474670410156
36,2024,2,4.025553385416667,18,2024-02-01,670.7474670410156
36,2024,3,5.174501037597656,20,2024-03-01,670.7474670410156
36,2024,4,5.527367842824836,19,2024-04-01,670.7474670410156
36,2024,5,3.4815802323190788,19,2024-05-01,670.7474670410156
36,2024,6,2.4305227179276314,19,2024-06-01,670.7474670410156
36,2024,7,1.982627467105263,19,2024-07-01,670.7474670410156
36,2024,8,-1.613686009457237,19,2024-08-01,670.7474670410156
36,2024,9,0.8266686333550347,18,2024-09-01,670.7474670410156
36,2024,10,0.9361131456163194,18,2024-10-01,670.7474670410156
37,2020,10,4.751058478104441,19,2020-10-01,604.7735595703125
37,2020,11,2.3942132247121712,19,2020-11-01,604.7735595703125
37,2020,12,1.158502197265625,20,2020-12-01,604.7735595703125
37,2021,1,1.205792878803454,19,2021-01-01,604.7735595703125
37,2021,2,3.111175537109375,17,2021-02-01,604.7735595703125
37,2021,3,3.5336881938733553,19,2021-03-01,604.7735595703125
37,2021,4,3.8147309955797697,19,2021-04-01,604.7735595703125
37,2021,5,3.2719970703125,20,2021-05-01,604.7735595703125
37,2021,6,1.954737613075658,19,2021-06-01,604.7735595703125
37,2021,7,0.633165861430921,19,2021-07-01,604.7735595703125
37,2021,8,0.3820961400082237,19,2021-08-01,604.7735595703125
37,2021,9,0.6557906301398027,19,2021-09-01,604.7735595703125
37,2021,10,0.3514984130859375,20,2021-10-01,604.7735595703125
37,2021,11,2.199467709189967,19,2021-11-01,604.7735595703125
37,2021,12,3.118947882401316,19,2021-12-01,604.7735595703125
37,2022,1,4.679472270764802,19,2022-01-01,604.7735595703125
37,2022,2,5.988823385799632,17,2022-02-01,604.7735595703125
37,2022,3,6.800999450683594,20,2022-03-01,604.7735595703125
37,2022,4,6.206841719777961,19,2022-04-01,604.7735595703125
37,2022,5,3.315791079872533,19,2022-05-01,604.7735595703125
37,2022,6,0.818328857421875,18,2022-06-01,604.7735595703125
37,2022,7,0.661577726665296,19,2022-07-01,604.7735595703125
37,2022,8,1.872003173828125,20,2022-08-01,604.7735595703125
37,2022,9,3.1878983347039473,19,2022-09-01,604.7735595703125
37,2022,10,3.0227796766493054,18,2022-10-01,604.7735595703125
37,2022,11,2.584443834092882,18,2022-11-01,604.7735595703125
37,2022,12,3.387369256270559,19,2022-12-01,604.7735595703125
37,2023,1,3.599501037597656,20,2023-01-01,604.7735595703125
37,2023,2,4.10333251953125,18,2023-02-01,604.7735595703125
37,2023,3,5.585264507092927,19,2023-03-01,604.7735595703125
37,2023,4,5.451056229440789,19,2023-04-01,604.7735595703125
37,2023,5,6.2861175537109375,18,2023-05-01,604.7735595703125
37,2023,6,6.653684917249177,19,2023-06-01,604.7735595703125
37,2023,7,4.40150146484375,20,2023-07-01,604.7735595703125
37,2023,8,2.6089461477179277,19,2023-08-01,604.7735595703125
37,2023,9,1.5438893636067708,18,2023-09-01,604.7735595703125
37,2023,10,-0.18789833470394737,19,2023-10-01,604.7735595703125
37,2023,11,-0.7789451197574013,19,2023-11-01,604.7735595703125
37,2023,12,1.4944976806640624,20,2023-12-01,604.7735595703125
37,2024,1,2.7863175241570723,19,2024-01-01,604.7735595703125
37,2024,2,5.4622243245442705,18,2024-02-01,604.7735595703125
37,2024,3,7.141497802734375,20,2024-03-01,604.7735595703125
37,2024,4,6.892631129214638,19,2024-04-01,604.7735595703125
37,2024,5,5.737897370990954,19,2024-05-01,604.7735595703125
37,2024,6,4.611051860608552,19,2024-06-01,604.7735595703125
37,2024,7,3.4621051989103617,19,2024-07-01,604.7735595703125
37,2024,8,2.9342121325041117,19,2024-08-01,604.7735595703125
37,2024,9,2.195261101973684,19,2024-09-01,604.7735595703125
37,2024,10,1.7772250705295138,18,2024-10-01,604.7735595703125
38,2020,10,1.425789280941612,19,2020-10-01,895.37481689453125
38,2020,11,1.3936880011307566,19,2020-11-01,895.37481689453125
38,2020,12,2.2454986572265625,20,2020-12-01,895.37481689453125
38,2021,1,3.430002312911184,19,2021-01-01,895.37481689453125
38,2021,2,3.5352926815257355,17,2021-02-01,895.37481689453125
38,2021,3,4.283684981496711,19,2021-03-01,895.37481689453125
38,2021,4,4.952100251850329,19,2021-04-01,895.37481689453125
38,2021,5,5.201498413085938,20,2021-05-01,895.37481689453125
38,2021,6,3.0426362690172697,19,2021-06-01,895.37481689453125
38,2021,7,1.814735814144737,19,2021-07-01,895.37481689453125
38,2021,8,1.764735171669408,19,2021-08-01,895.37481689453125
38,2021,9,1.6989473041735197,19,2021-09-01,895.37481689453125
38,2021,10,1.0539947509765626,20,2021-10-01,895.37481689453125
38,2021,11,1.0478933233963816,19,2021-11-01,895.37481689453125
38,2021,12,0.16526714124177633,19,2021-12-01,895.37481689453125
38,2022,1,1.6399985865542763,19,2022-01-01,895.37481689453125
38,2022,2,3.6935352998621322,17,2022-02-01,895.37481689453125
38,2022,3,6.019003295898438,20,2022-03-01,895.37481689453125
38,2022,4,6.359472977487664,19,2022-04-01,895.37481689453125
38,2022,5,6.5200050755550985,19,2022-05-01,895.37481689453125
38,2022,6,6.692941104664522,17,2022-06-01,895.37481689453125
38,2022,7,6.8410596345600325,19,2022-07-01,895.37481689453125
38,2022,8,6.820004272460937,20,2022-08-01,895.37481689453125
38,2022,9,2.2394778603001644,19,2022-09-01,895.37481689453125
38,2022,10,-0.5911119249131944,18,2022-10-01,895.37481689453125
38,2022,11,0.4016655815972222,18,2022-11-01,895.37481689453125
38,2022,12,2.2484211168791117,19,2022-12-01,895.37481689453125
38,2023,1,2.4625015258789063,20,2023-01-01,895.37481689453125
38,2023,2,2.8188883463541665,18,2023-02-01,895.37481689453125
38,2023,3,5.9731589869449015,19,2023-03-01,895.37481689453125
38,2023,4,6.103162263569079,19,2023-04-01,895.37481689453125
38,2023,5,5.6988881429036455,18,2023-05-01,895.37481689453125
38,2023,6,5.62210404245477,19,2023-06-01,895.37481689453125
38,2023,7,3.4414993286132813,20,2023-07-01,895.37481689453125
38,2023,8,1.5373647589432566,19,2023-08-01,895.37481689453125
38,2023,9,1.502777099609375,18,2023-09-01,895.37481689453125
38,2023,10,0.9394463433159722,18,2023-10-01,895.37481689453125
38,2023,11,0.8721024362664473,19,2023-11-01,895.37481689453125
38,2023,12,0.8410064697265625,20,2023-12-01,895.37481689453125
38,2024,1,2.556839792351974,19,2024-01-01,895.37481689453125
38,2024,2,3.7511138916015625,18,2024-02-01,895.37481689453125
38,2024,3,5.128994750976562,20,2024-03-01,895.37481689453125
38,2024,4,6.5052634791324015,19,2024-04-01,895.37481689453125
38,2024,5,6.147894608347039,19,2024-05-01,895.37481689453125
38,2024,6,5.5031593724300985,19,2024-06-01,895.37481689453125
38,2024,7,5.332105134662829,19,2024-07-01,895.37481689453125
38,2024,8,4.959993061266448,19,2024-08-01,895.37481689453125
38,2024,9,2.2055511474609375,18,2024-09-01,895.37481689453125
38,2024,10,2.7055545383029513,18,2024-10-01,895.37481689453125
40,2020,10,1.733159115439967,19,2020-10-01,777.6642761230469
40,2020,11,1.7268387643914473,19,2020-11-01,777.6642761230469
40,2020,12,2.3134994506835938,20,2020-12-01,777.6642761230469
40,2021,1,3.0947378058182564,19,2021-01-01,777.6642761230469
40,2021,2,3.6376540240119484,17,2021-02-01,777.6642761230469
40,2021,3,5.348949231599507,19,2021-03-01,777.6642761230469
40,2021,4,6.7473706697162825,19,2021-04-01,777.6642761230469
40,2021,5,7.299998474121094,20,2021-05-01,777.6642761230469
40,2021,6,4.434213738692434,19,2021-06-01,777.6642761230469
40,2021,7,1.8373686137952303,19,2021-07-01,777.6642761230469
40,2021,8,1.7936802914268093,19,2021-08-01,777.6642761230469
40,2021,9,1.6215756064967106,19,2021-09-01,777.6642761230469
40,2021,10,1.3389968872070313,20,2021-10-01,777.6642761230469
40,2021,11,1.3273684853001644,19,2021-11-01,777.6642761230469
40,2021,12,1.3010526958264803,19,2021-12-01,777.6642761230469
40,2022,1,2.8684210526315788,19,2022-01-01,777.6642761230469
40,2022,2,4.468828986672794,17,2022-02-01,777.6642761230469
40,2022,3,8.301994323730469,20,2022-03-01,777.6642761230469
40,2022,4,8.613154361122533,19,2022-04-01,777.6642761230469
40,2022,5,8.784737034847861,19,2022-05-01,777.6642761230469
40,2022,6,8.746465346392464,17,2022-06-01,777.6642761230469
40,2022,7,4.547369706003289,19,2022-07-01,777.6642761230469
40,2022,8,4.578001403808594,20,2022-08-01,777.6642761230469
40,2022,9,3.685262579666941,19,2022-09-01,777.6642761230469
40,2022,10,2.912632992393092,19,2022-10-01,777.6642761230469
40,2022,11,2.8816714816623263,18,2022-11-01,777.6642761230469
40,2022,12,2.44000244140625,19,2022-12-01,777.6642761230469
40,2023,1,-0.2060028076171875,20,2023-01-01,777.6642761230469
40,2023,2,5.5372263590494795,18,2023-02-01,777.6642761230469
40,2023,3,7.415265535053454,19,2023-03-01,777.6642761230469
40,2023,4,8.152632863898026,19,2023-04-01,777.6642761230469
40,2023,5,7.579444037543403,18,2023-05-01,777.6642761230469
40,2023,6,7.191582930715461,19,2023-06-01,777.6642761230469
40,2023,7,6.125003051757813,20,2023-07-01,777.6642761230469
40,2023,8,5.810524388363487,19,2023-08-01,777.6642761230469
40,2023,9,5.311665852864583,18,2023-09-01,777.6642761230469
40,2023,10,3.8835341509650734,17,2023-10-01,777.6642761230469
40,2023,11,3.8673673930921053,19,2023-11-01,777.6642761230469
40,2023,12,4.019000244140625,20,2023-12-01,777.6642761230469
40,2024,1,3.8694747121710527,19,2024-01-01,777.6642761230469
40,2024,2,5.421659681532118,18,2024-02-01,777.6642761230469
40,2024,3,8.081004333496093,20,2024-03-01,777.6642761230469
40,2024,4,8.305259303042764,19,2024-04-01,777.6642761230469
40,2024,5,7.685260973478618,19,2024-05-01,777.6642761230469
40,2024,6,7.332103528474507,19,2024-06-01,777.6642761230469
40,2024,7,7.32684326171875,19,2024-07-01,777.6642761230469
40,2024,8,6.207368549547698,19,2024-08-01,777.6642761230469
40,2024,9,4.4483388264973955,18,2024-09-01,777.6642761230469
40,2024,10,2.2705535888671875,18,2024-10-01,777.6642761230469
41,2020,10,0.24158036081414475,19,2020-10-01,1134.3453979492188
41,2020,11,-0.3263180381373355,19,2020-11-01,1134.3453979492188
41,2020,12,0.58599853515625,20,2020-12-01,1134.3453979492188
41,2021,1,1.756840756064967,19,2021-01-01,1134.3453979492188
41,2021,2,2.0511761833639706,17,2021-02-01,1134.3453979492188
41,2021,3,2.4084199604235197,19,2021-03-01,1134.3453979492188
41,2021,4,2.4668450606496712,19,2021-04-01,1134.3453979492188
41,2021,5,2.4820037841796876,20,2021-05-01,1134.3453979492188
41,2021,6,2.5105269582648027,19,2021-06-01,1134.3453979492188
41,2021,7,2.5278946725945723,19,2021-07-01,1134.3453979492188
41,2021,8,2.260523745888158,19,2021-08-01,1134.3453979492188
41,2021,9,-0.04000051398026316,19,2021-09-01,1134.3453979492188
41,2021,10,-0.045501708984375,20,2021-10-01,1134.3453979492188
41,2021,11,0.4626320286800987,19,2021-11-01,1134.3453979492188
41,2021,12,1.0021073190789473,19,2021-12-01,1134.3453979492188
41,2022,1,0.9015775981702303,19,2022-01-01,1134.3453979492188
41,2022,2,0.6358786190257353,17,2022-02-01,1134.3453979492188
41,2022,3,1.1175018310546876,20,2022-03-01,1134.3453979492188
41,2022,4,1.5157872250205593,19,2022-04-01,1134.3453979492188
41,2022,5,1.687369898745888,19,2022-05-01,1134.3453979492188
41,2022,6,1.5561116536458333,18,2022-06-01,1134.3453979492188
41,2022,7,1.6342130962171053,19,2022-07-01,1134.3453979492188
41,2022,8,1.5955001831054687,20,2022-08-01,1134.3453979492188
41,2022,9,0.43526418585526316,19,2022-09-01,1134.3453979492188
41,2022,10,0.3383365207248264,18,2022-10-01,1134.3453979492188
41,2022,11,0.6238827175564237,18,2022-11-01,1134.3453979492188
41,2022,12,1.925267269736842,19,2022-12-01,1134.3453979492188
41,2023,1,1.49000244140625,20,2023-01-01,1134.3453979492188
41,2023,2,2.4555562337239585,18,2023-02-01,1134.3453979492188
41,2023,3,3.9678874768708883,19,2023-03-01,1134.3453979492188
41,2023,4,3.5868401778371712,19,2023-04-01,1134.3453979492188
41,2023,5,2.810002644856771,18,2023-05-01,1134.3453979492188
41,2023,6,2.3268464740953947,19,2023-06-01,1134.3453979492188
41,2023,7,0.8034988403320312,20,2023-07-01,1134.3453979492188
41,2023,8,0.7205280504728618,19,2023-08-01,1134.3453979492188
41,2023,9,0.7522210015190972,18,2023-09-01,1134.3453979492188
41,2023,10,0.7226305509868421,19,2023-10-01,1134.3453979492188
41,2023,11,0.6521044279399671,19,2023-11-01,1134.3453979492188
41,2023,12,1.7515029907226563,20,2023-12-01,1134.3453979492188
41,2024,1,1.567498779296875,20,2024-01-01,1134.3453979492188
41,2024,2,2.5861104329427085,18,2024-02-01,1134.3453979492188
41,2024,3,3.9885040283203126,20,2024-03-01,1134.3453979492188
41,2024,4,3.93157958984375,19,2024-04-01,1134.3453979492188
41,2024,5,3.562108090049342,19,2024-05-01,1134.3453979492188
41,2024,6,1.4563132838199013,19,2024-06-01,1134.3453979492188
41,2024,7,1.0294735557154606,19,2024-07-01,1134.3453979492188
41,2024,8,0.9610515393708882,19,2024-08-01,1134.3453979492188
41,2024,9,0.5942157946134868,19,2024-09-01,1134.3453979492188
41,2024,10,0.3738894992404514,18,2024-10-01,1134.3453979492188
42,2020,10,0.2794735557154605,19,2020-10-01,1041.5003356933594
42,2020,11,-0.2720995451274671,19,2020-11-01,1041.5003356933594
42,2020,12,1.4295013427734375,20,2020-12-01,1041.5003356933594
42,2021,1,2.7105279219777962,19,2021-01-01,1041.5003356933594
42,2021,2,3.2876479204963234,17,2021-02-01,1041.5003356933594
42,2021,3,3.621577212685033,19,2021-03-01,1041.5003356933594
42,2021,4,4.2910509611430925,19,2021-04-01,1041.5003356933594
42,2021,5,4.022000122070312,20,2021-05-01,1041.5003356933594
42,2021,6,2.177363345497533,19,2021-06-01,1041.5003356933594
42,2021,7,0.47842246607730265,19,2021-07-01,1041.5003356933594
42,2021,8,0.3515769556949013,19,2021-08-01,1041.5003356933594
42,2021,9,0.3405263800370066,19,2021-09-01,1041.5003356933594
42,2021,10,0.32649688720703124,20,2021-10-01,1041.5003356933594
42,2021,11,3.2752701608758223,19,2021-11-01,1041.5003356933594
42,2021,12,3.362105520148026,19,2021-12-01,1041.5003356933594
42,2022,1,3.132105777138158,19,2022-01-01,1041.5003356933594
42,2022,2,3.1982350068933822,17,2022-02-01,1041.5003356933594
42,2022,3,4.20150146484375,20,2022-03-01,1041.5003356933594
42,2022,4,4.405270225123355,19,2022-04-01,1041.5003356933594
42,2022,5,3.5815799110814144,19,2022-05-01,1041.5003356933594
42,2022,6,2.8516642252604165,18,2022-06-01,1041.5003356933594
42,2022,7,2.8200008994654606,19,2022-07-01,1041.5003356933594
42,2022,8,3.0414993286132814,21,2022-08-01,1041.5003356933594
42,2022,9,2.853682668585526,19,2022-09-01,1041.5003356933594
42,2022,10,2.95947265625,19,2022-10-01,1041.5003356933594
42,2022,11,2.937769571940104,18,2022-11-01,1041.5003356933594
42,2022,12,3.2457869680304277,19,2022-12-01,1041.5003356933594
42,2023,1,2.9855026245117187,20,2023-01-01,1041.5003356933594
42,2023,2,3.143892076280382,18,2023-02-01,1041.5003356933594
42,2023,3,4.085269325657895,19,2023-03-01,1041.5003356933594
42,2023,4,4.141993713378906,20,2023-04-01,1041.5003356933594
42,2023,5,4.5038909912109375,18,2023-05-01,1041.5003356933594
42,2023,6,3.8021111739309212,19,2023-06-01,1041.5003356933594
42,2023,7,2.3714996337890626,20,2023-07-01,1041.5003356933594
42,2023,8,2.396315725226151,19,2023-08-01,1041.5003356933594
42,2023,9,2.253331502278646,18,2023-09-01,1041.5003356933594
42,2023,10,1.676844546669408,19,2023-10-01,1041.5003356933594
42,2023,11,1.3952668842516447,19,2023-11-01,1041.5003356933594
42,2023,12,1.7915008544921875,20,2023-12-01,1041.5003356933594
42,2024,1,2.795001220703125,20,2024-01-01,1041.5003356933594
42,2024,2,2.586666531032986,18,2024-02-01,1041.5003356933594
42,2024,3,3.929998779296875,20,2024-03-01,1041.5003356933594
42,2024,4,5.420524195620888,19,2024-04-01,1041.5003356933594
42,2024,5,5.313158537212171,19,2024-05-01,1041.5003356933594
42,2024,6,3.8684194464432564,19,2024-06-01,1041.5003356933594
42,2024,7,2.684213738692434,19,2024-07-01,1041.5003356933594
42,2024,8,2.6073640522203947,19,2024-08-01,1041.5003356933594
42,2024,9,3.929473876953125,19,2024-09-01,1041.5003356933594
42,2024,10,1.9794464111328125,18,2024-10-01,1041.5003356933594
43,2020,10,2.152104427939967,19,2020-10-01,974.7439880371094
43,2020,11,2.138422915810033,19,2020-11-01,974.7439880371094
43,2020,12,3.1665008544921873,20,2020-12-01,974.7439880371094
43,2021,1,3.9131582159745064,19,2021-01-01,974.7439880371094
43,2021,2,3.3747055951286766,17,2021-02-01,974.7439880371094
43,2021,3,2.3894765753495064,19,2021-03-01,974.7439880371094
43,2021,4,2.0584170692845394,19,2021-04-01,974.7439880371094
43,2021,5,1.4874954223632813,20,2021-05-01,974.7439880371094
43,2021,6,0.748944734272204,19,2021-06-01,974.7439880371094
43,2021,7,0.4368446751644737,19,2021-07-01,974.7439880371094
43,2021,8,1.2457917865953947,19,2021-08-01,974.7439880371094
43,2021,9,2.0047382555509867,19,2021-09-01,974.7439880371094
43,2021,10,2.635504150390625,20,2021-10-01,974.7439880371094
43,2021,11,2.508946468955592,19,2021-11-01,974.7439880371094
43,2021,12,2.756317138671875,19,2021-12-01,974.7439880371094
43,2022,1,2.191049676192434,19,2022-01-01,974.7439880371094
43,2022,2,1.3788200827205883,17,2022-02-01,974.7439880371094
43,2022,3,1.4534988403320313,20,2022-03-01,974.7439880371094
43,2022,4,1.1921065481085527,19,2022-04-01,974.7439880371094
43,2022,5,-0.0010520533511513158,19,2022-05-01,974.7439880371094
43,2022,6,0.07500372992621528,18,2022-06-01,974.7439880371094
43,2022,7,0.3173683568050987,19,2022-07-01,974.7439880371094
43,2022,8,0.00949859619140625,20,2022-08-01,974.7439880371094
43,2022,9,0.9752646998355263,19,2022-09-01,974.7439880371094
43,2022,10,1.862635562294408,19,2022-10-01,974.7439880371094
43,2022,11,1.801667955186632,18,2022-11-01,974.7439880371094
43,2022,12,2.7752605237458883,19,2022-12-01,974.7439880371094
43,2023,1,2.269500732421875,20,2023-01-01,974.7439880371094
43,2023,2,1.9955546061197917,18,2023-02-01,974.7439880371094
43,2023,3,2.155787417763158,19,2023-03-01,974.7439880371094
43,2023,4,1.4052589818050987,19,2023-04-01,974.7439880371094
43,2023,5,0.4149983723958333,18,2023-05-01,974.7439880371094
43,2023,6,-0.7668392783717105,19,2023-06-01,974.7439880371094
43,2023,7,-0.3285003662109375,20,2023-07-01,974.7439880371094
43,2023,8,-0.15052715100740133,19,2023-08-01,974.7439880371094
43,2023,9,-0.18832906087239584,18,2023-09-01,974.7439880371094
43,2023,10,-0.4242120040090461,19,2023-10-01,974.7439880371094
43,2023,11,-0.5350002712673612,18,2023-11-01,974.7439880371094
43,2023,12,4.263996887207031,20,2023-12-01,974.7439880371094
43,2024,1,2.9269989013671873,20,2024-01-01,974.7439880371094
43,2024,2,4.129443698459202,18,2024-02-01,974.7439880371094
43,2024,3,3.2315017700195314,20,2024-03-01,974.7439880371094
43,2024,4,2.509474904913651,19,2024-04-01,974.7439880371094
43,2024,5,1.7810524388363487,19,2024-05-01,974.7439880371094
43,2024,6,-0.14526206568667763,19,2024-06-01,974.7439880371094
43,2024,7,0.020003469366776317,19,2024-07-01,974.7439880371094
43,2024,8,1.1615761204769737,19,2024-08-01,974.7439880371094
43,2024,9,4.21999800832648,19,2024-09-01,974.7439880371094
43,2024,10,3.1483323838975696,18,2024-10-01,974.7439880371094
45,2020,10,-0.4942129034745066,19,2020-10-01,974.3828430175781
45,2020,11,-0.5157840126439145,19,2020-11-01,974.3828430175781
45,2020,12,-0.37649993896484374,20,2020-12-01,974.3828430175781
45,2021,1,-0.3705315840871711,19,2021-01-01,974.3828430175781
45,2021,2,-0.20823220645680146,17,2021-02-01,974.3828430175781
45,2021,3,0.7010514108758223,19,2021-03-01,974.3828430175781
45,2021,4,1.511052181846217,19,2021-04-01,974.3828430175781
45,2021,5,2.023997497558594,20,2021-05-01,974.3828430175781
45,2021,6,1.3084202816611843,19,2021-06-01,974.3828430175781
45,2021,7,-0.2421055843955592,19,2021-07-01,974.3828430175781
45,2021,8,-0.3068397923519737,19,2021-08-01,974.3828430175781
45,2021,9,-0.09157361482319079,19,2021-09-01,974.3828430175781
45,2021,10,0.05250091552734375,20,2021-10-01,974.3828430175781
45,2021,11,0.22736880653782895,19,2021-11-01,974.3828430175781
45,2021,12,1.965784976356908,19,2021-12-01,974.3828430175781
45,2022,1,2.2700066817434212,19,2022-01-01,974.3828430175781
45,2022,2,2.05999755859375,17,2022-02-01,974.3828430175781
45,2022,3,3.3244979858398436,20,2022-03-01,974.3828430175781
45,2022,4,3.4563164961965462,19,2022-04-01,974.3828430175781
45,2022,5,3.7378925524259867,19,2022-05-01,974.3828430175781
45,2022,6,3.6850043402777777,18,2022-06-01,974.3828430175781
45,2022,7,3.7963176526521383,19,2022-07-01,974.3828430175781
45,2022,8,2.0119979858398436,20,2022-08-01,974.3828430175781
45,2022,9,1.4036881296258223,19,2022-09-01,974.3828430175781
45,2022,10,1.2057944849917763,19,2022-10-01,974.3828430175781
45,2022,11,1.8611077202690973,18,2022-11-01,974.3828430175781
45,2022,12,2.7852590460526314,19,2022-12-01,974.3828430175781
45,2023,1,1.8704986572265625,20,2023-01-01,974.3828430175781
45,2023,2,2.458889431423611,18,2023-02-01,974.3828430175781
45,2023,3,3.96368408203125,19,2023-03-01,974.3828430175781
45,2023,4,3.330000305175781,20,2023-04-01,974.3828430175781
45,2023,5,2.869444105360243,18,2023-05-01,974.3828430175781
45,2023,6,2.807891845703125,19,2023-06-01,974.3828430175781
45,2023,7,3.4425018310546873,20,2023-07-01,974.3828430175781
45,2023,8,2.669473748458059,19,2023-08-01,974.3828430175781
45,2023,9,2.082217746310764,18,2023-09-01,974.3828430175781
45,2023,10,1.6910464638157894,19,2023-10-01,974.3828430175781
45,2023,11,1.7822146945529513,18,2023-11-01,974.3828430175781
45,2023,12,0.8894973754882812,20,2023-12-01,974.3828430175781
45,2024,1,1.6875015258789063,20,2024-01-01,974.3828430175781
45,2024,2,1.9766659206814237,18,2024-02-01,974.3828430175781
45,2024,3,4.248503112792969,20,2024-03-01,974.3828430175781
45,2024,4,5.324737548828125,19,2024-04-01,974.3828430175781
45,2024,5,4.926841334292763,19,2024-05-01,974.3828430175781
45,2024,6,3.937368292557566,19,2024-06-01,974.3828430175781
45,2024,7,3.0794693796258223,19,2024-07-01,974.3828430175781
45,2024,8,2.8100007709703947,19,2024-08-01,974.3828430175781
45,2024,9,2.175267269736842,19,2024-09-01,974.3828430175781
45,2024,10,2.6999969482421875,18,2024-10-01,974.3828430175781
46,2020,10,2.0068391498766447,19,2020-10-01,1075.0966796875
46,2020,11,1.4357894094366777,19,2020-11-01,1075.0966796875
46,2020,12,0.09750213623046874,20,2020-12-01,1075.0966796875
46,2021,1,1.926844546669408,19,2021-01-01,1075.0966796875
46,2021,2,3.2658799115349266,17,2021-02-01,1075.0966796875
46,2021,3,3.7236922414679277,19,2021-03-01,1075.0966796875
46,2021,4,3.8678974352384867,19,2021-04-01,1075.0966796875
46,2021,5,2.67449951171875,20,2021-05-01,1075.0966796875
46,2021,6,2.2689433850740133,19,2021-06-01,1075.0966796875
46,2021,7,2.252634148848684,19,2021-07-01,1075.0966796875
46,2021,8,2.1531564812911186,19,2021-08-01,1075.0966796875
46,2021,9,2.0784269634046053,19,2021-09-01,1075.0966796875
46,2021,10,1.1899993896484375,20,2021-10-01,1075.0966796875
46,2021,11,1.9936844675164473,19,2021-11-01,1075.0966796875
46,2021,12,2.5421110454358553,19,2021-12-01,1075.0966796875
46,2022,1,3.0052602667557564,19,2022-01-01,1075.0966796875
46,2022,2,2.147060618681066,17,2022-02-01,1075.0966796875
46,2022,3,3.339495849609375,20,2022-03-01,1075.0966796875
46,2022,4,3.670527407997533,19,2022-04-01,1075.0966796875
46,2022,5,3.687368292557566,19,2022-05-01,1075.0966796875
46,2022,6,3.2900005139802633,19,2022-06-01,1075.0966796875
46,2022,7,3.6200031481291117,19,2022-07-01,1075.0966796875
46,2022,8,3.1975006103515624,20,2022-08-01,1075.0966796875
46,2022,9,2.061049611944901,19,2022-09-01,1075.0966796875
46,2022,10,2.5663179096422697,19,2022-10-01,1075.0966796875
46,2022,11,2.5072224934895835,18,2022-11-01,1075.0966796875
46,2022,12,3.4273665578741777,19,2022-12-01,1075.0966796875
46,2023,1,3.4010025024414063,20,2023-01-01,1075.0966796875
46,2023,2,3.9416673448350696,18,2023-02-01,1075.0966796875
46,2023,3,4.4957933927837175,19,2023-03-01,1075.0966796875
46,2023,4,3.9526302939967106,19,2023-04-01,1075.0966796875
46,2023,5,2.953338623046875,18,2023-05-01,1075.0966796875
46,2023,6,2.3336824115953947,19,2023-06-01,1075.0966796875
46,2023,7,2.1350006103515624,20,2023-07-01,1075.0966796875
46,2023,8,1.9405244526110197,19,2023-08-01,1075.0966796875
46,2023,9,1.8577796088324652,18,2023-09-01,1075.0966796875
46,2023,10,1.7350006103515625,18,2023-10-01,1075.0966796875
46,2023,11,0.5221027575041118,19,2023-11-01,1075.0966796875
46,2023,12,0.75050048828125,20,2023-12-01,1075.0966796875
46,2024,1,2.4747378700657894,19,2024-01-01,1075.0966796875
46,2024,2,3.339445326063368,18,2024-02-01,1075.0966796875
46,2024,3,4.898497009277344,20,2024-03-01,1075.0966796875
46,2024,4,5.635263543379934,19,2024-04-01,1075.0966796875
46,2024,5,5.023154810855263,19,2024-05-01,1075.0966796875
46,2024,6,4.272632799650493,19,2024-06-01,1075.0966796875
46,2024,7,4.261574193050987,19,2024-07-01,1075.0966796875
46,2024,8,3.936319451583059,19,2024-08-01,1075.0966796875
46,2024,9,2.543889363606771,18,2024-09-01,1075.0966796875
46,2024,10,1.90777587890625,18,2024-10-01,1075.0966796875
47,2020,10,-0.24526174444901316,19,2020-10-01,936.697265625
47,2020,11,-0.15000032123766446,19,2020-11-01,936.697265625
47,2020,12,0.598004150390625,20,2020-12-01,936.697265625
47,2021,1,1.4673702842310856,19,2021-01-01,936.697265625
47,2021,2,2.37823486328125,17,2021-02-01,936.697265625
47,2021,3,3.655263800370066,19,2021-03-01,936.697265625
47,2021,4,4.806314568770559,19,2021-04-01,936.697265625
47,2021,5,3.4515060424804687,20,2021-05-01,936.697265625
47,2021,6,2.5368459601151314,19,2021-06-01,936.697265625
47,2021,7,2.089996337890625,19,2021-07-01,936.697265625
47,2021,8,2.1015801680715462,19,2021-08-01,936.697265625
47,2021,9,2.136317202919408,19,2021-09-01,936.697265625
47,2021,10,2.2785049438476563,20,2021-10-01,936.697265625
47,2021,11,1.319470857319079,19,2021-11-01,936.697265625
47,2021,12,1.1784218236019737,19,2021-12-01,936.697265625
47,2022,1,1.895790501644737,19,2022-01-01,936.697265625
47,2022,2,3.0770586799172794,17,2022-02-01,936.697265625
47,2022,3,4.031501770019531,20,2022-03-01,936.697265625
47,2022,4,4.667898077713816,19,2022-04-01,936.697265625
47,2022,5,3.485260009765625,19,2022-05-01,936.697265625
47,2022,6,2.0827789306640625,18,2022-06-01,936.697265625
47,2022,7,1.938423558285362,19,2022-07-01,936.697265625
47,2022,8,0.6352379208519345,21,2022-08-01,936.697265625
47,2022,9,1.977368806537829,19,2022-09-01,936.697265625
47,2022,10,3.3784259996916117,19,2022-10-01,936.697265625
47,2022,11,3.7233378092447915,18,2022-11-01,936.697265625
47,2022,12,2.998947946648849,19,2022-12-01,936.697265625
47,2023,1,2.7879989624023436,20,2023-01-01,936.697265625
47,2023,2,2.96388922797309,18,2023-02-01,936.697265625
47,2023,3,3.6605288856907894,19,2023-03-01,936.697265625
47,2023,4,3.4199981689453125,20,2023-04-01,936.697265625
47,2023,5,2.407779269748264,18,2023-05-01,936.697265625
47,2023,6,1.9184233012952303,19,2023-06-01,936.697265625
47,2023,7,0.7925064086914062,20,2023-07-01,936.697265625
47,2023,8,0.33684499640213816,19,2023-08-01,936.697265625
47,2023,9,0.4505547417534722,18,2023-09-01,936.697265625
47,2023,10,1.4494725277549343,19,2023-10-01,936.697265625
47,2023,11,1.6057883814761513,19,2023-11-01,936.697265625
47,2023,12,0.5675018310546875,20,2023-12-01,936.697265625
47,2024,1,1.3030029296875,20,2024-01-01,936.697265625
47,2024,2,2.6566636827256946,18,2024-02-01,936.697265625
47,2024,3,3.4754989624023436,20,2024-03-01,936.697265625
47,2024,4,4.1426343415912825,19,2024-04-01,936.697265625
47,2024,5,4.2589464689555925,19,2024-05-01,936.697265625
47,2024,6,0.16789165296052633,19,2024-06-01,936.697265625
47,2024,7,-0.7742068642064145,19,2024-07-01,936.697265625
47,2024,8,-0.8063145687705592,19,2024-08-01,936.697265625
47,2024,9,-0.05684461091694079,19,2024-09-01,936.697265625
47,2024,10,1.0944451226128473,18,2024-10-01,936.697265625
48,2020,10,-0.10000289113898027,19,2020-10-01,870.3188781738281
48,2020,11,-0.08631816663240131,19,2020-11-01,870.3188781738281
48,2020,12,-0.12550201416015624,20,2020-12-01,870.3188781738281
48,2021,1,-0.9205290141858553,19,2021-01-01,870.3188781738281
48,2021,2,-0.5629380170036765,17,2021-02-01,870.3188781738281
48,2021,3,3.1636834395559212,19,2021-03-01,870.3188781738281
48,2021,4,3.500523617393092,19,2021-04-01,870.3188781738281
48,2021,5,3.6904998779296876,20,2021-05-01,870.3188781738281
48,2021,6,3.8094771535773027,19,2021-06-01,870.3188781738281
48,2021,7,3.8915742572985197,19,2021-07-01,870.3188781738281
48,2021,8,3.0731570595189144,19,2021-08-01,870.3188781738281
48,2021,9,-0.10789730674342106,19,2021-09-01,870.3188781738281
48,2021,10,-0.111004638671875,20,2021-10-01,870.3188781738281
48,2021,11,-0.10947297748766448,19,2021-11-01,870.3188781738281
48,2021,12,-0.10894775390625,19,2021-12-01,870.3188781738281
48,2022,1,-0.1000012849506579,19,2022-01-01,870.3188781738281
48,2022,2,0.07529225068933823,17,2022-02-01,870.3188781738281
48,2022,3,1.6159988403320313,20,2022-03-01,870.3188781738281
48,2022,4,2.3863107781661186,19,2022-04-01,870.3188781738281
48,2022,5,2.4226315146998356,19,2022-05-01,870.3188781738281
48,2022,6,2.1894118365119484,17,2022-06-01,870.3188781738281
48,2022,7,1.465789794921875,19,2022-07-01,870.3188781738281
48,2022,8,1.4430023193359376,20,2022-08-01,870.3188781738281
48,2022,9,1.4263193230879934,19,2022-09-01,870.3188781738281
48,2022,10,1.4388885498046875,18,2022-10-01,870.3188781738281
48,2022,11,1.450559828016493,18,2022-11-01,870.3188781738281
48,2022,12,1.006317138671875,19,2022-12-01,870.3188781738281
48,2023,1,-0.13799896240234374,20,2023-01-01,870.3188781738281
48,2023,2,0.23889329698350695,18,2023-02-01,870.3188781738281
48,2023,3,0.8752602025082237,19,2023-03-01,870.3188781738281
48,2023,4,0.8626291375411185,19,2023-04-01,870.3188781738281
48,2023,5,0.6778933876439145,19,2023-05-01,870.3188781738281
48,2023,6,0.21631983706825658,19,2023-06-01,870.3188781738281
48,2023,7,0.2125030517578125,20,2023-07-01,870.3188781738281
48,2023,8,0.22736880653782895,19,2023-08-01,870.3188781738281
48,2023,9,0.1972232394748264,18,2023-09-01,870.3188781738281
48,2023,10,0.2416653103298611,18,2023-10-01,870.3188781738281
48,2023,11,0.21263202868009867,19,2023-11-01,870.3188781738281
48,2023,12,-0.13199920654296876,20,2023-12-01,870.3188781738281
48,2024,1,-0.13380650111607142,21,2024-01-01,870.3188781738281
48,2024,2,1.0705532497829862,18,2024-02-01,870.3188781738281
48,2024,3,2.0069961547851563,20,2024-03-01,870.3188781738281
48,2024,4,1.6310521175986843,19,2024-04-01,870.3188781738281
48,2024,5,1.3152674624794407,19,2024-05-01,870.3188781738281
48,2024,6,1.326316431949013,19,2024-06-01,870.3188781738281
48,2024,7,1.3410483912417763,19,2024-07-01,870.3188781738281
48,2024,8,1.2263167531866777,19,2024-08-01,870.3188781738281
48,2024,9,0.4136818333675987,19,2024-09-01,870.3188781738281
48,2024,10,-0.6505584716796875,18,2024-10-01,870.3188781738281
49,2020,10,-0.22473787006578946,19,2020-10-01,1146.3457641601563
49,2020,11,-0.23894460577713816,19,2020-11-01,1146.3457641601563
49,2020,12,0.36350250244140625,20,2020-12-01,1146.3457641601563
49,2021,1,1.507372404399671,19,2021-01-01,1146.3457641601563
49,2021,2,2.4105852912454044,17,2021-02-01,1146.3457641601563
49,2021,3,2.456313283819901,19,2021-03-01,1146.3457641601563
49,2021,4,3.1157901161595394,19,2021-04-01,1146.3457641601563
49,2021,5,3.3960006713867186,20,2021-05-01,1146.3457641601563
49,2021,6,2.6668412057976973,19,2021-06-01,1146.3457641601563
49,2021,7,1.4857932642886513,19,2021-07-01,1146.3457641601563
49,2021,8,1.4579018040707237,19,2021-08-01,1146.3457641601563
49,2021,9,1.4205290141858553,19,2021-09-01,1146.3457641601563
49,2021,10,1.3725021362304688,20,2021-10-01,1146.3457641601563
49,2021,11,0.23105661492598684,19,2021-11-01,1146.3457641601563
49,2021,12,-0.12631707442434212,19,2021-12-01,1146.3457641601563
49,2022,1,-0.02842310855263158,19,2022-01-01,1146.3457641601563
49,2022,2,0.7858796961167279,17,2022-02-01,1146.3457641601563
49,2022,3,2.2380035400390623,20,2022-03-01,1146.3457641601563
49,2022,4,3.1736835680509867,19,2022-04-01,1146.3457641601563
49,2022,5,3.5268442254317436,19,2022-05-01,1146.3457641601563
49,2022,6,1.0400000678168402,18,2022-06-01,1146.3457641601563
49,2022,7,0.748004150390625,20,2022-07-01,1146.3457641601563
49,2022,8,2.504549893465909,22,2022-08-01,1146.3457641601563
49,2022,9,2.3605266370271383,19,2022-09-01,1146.3457641601563
49,2022,10,2.515792043585526,19,2022-10-01,1146.3457641601563
49,2022,11,1.7027774386935763,18,2022-11-01,1146.3457641601563
49,2022,12,0.40315969366776316,19,2022-12-01,1146.3457641601563
49,2023,1,0.40099639892578126,20,2023-01-01,1146.3457641601563
49,2023,2,0.850555419921875,18,2023-02-01,1146.3457641601563
49,2023,3,1.8868392141241777,19,2023-03-01,1146.3457641601563
49,2023,4,2.686997985839844,20,2023-04-01,1146.3457641601563
49,2023,5,2.8216654459635415,18,2023-05-01,1146.3457641601563
49,2023,6,2.6489498740748356,19,2023-06-01,1146.3457641601563
49,2023,7,0.766497802734375,20,2023-07-01,1146.3457641601563
49,2023,8,0.3499996787623355,19,2023-08-01,1146.3457641601563
49,2023,9,0.2661098904079861,18,2023-09-01,1146.3457641601563
49,2023,10,-0.10315262643914473,19,2023-10-01,1146.3457641601563
49,2023,11,-0.37649993896484374,20,2023-11-01,1146.3457641601563
49,2023,12,-0.48800048828125,20,2023-12-01,1146.3457641601563
49,2024,1,-0.23599853515625,20,2024-01-01,1146.3457641601563
49,2024,2,0.6982385971966911,17,2024-02-01,1146.3457641601563
49,2024,3,1.5255020141601563,20,2024-03-01,1146.3457641601563
49,2024,4,2.4678955078125,19,2024-04-01,1146.3457641601563
49,2024,5,2.1426279168379936,19,2024-05-01,1146.3457641601563
49,2024,6,1.6405302348889803,19,2024-06-01,1146.3457641601563
49,2024,7,1.1768381219161184,19,2024-07-01,1146.3457641601563
49,2024,8,-0.09999807257401316,19,2024-08-01,1146.3457641601563
49,2024,9,-1.422111109683388,19,2024-09-01,1146.3457641601563
49,2024,10,0.13166978624131945,18,2024-10-01,1146.3457641601563
50,2020,10,2.3431621350740133,19,2020-10-01,1030.4036865234375
50,2020,11,-0.16263459858141446,19,2020-11-01,1030.4036865234375
50,2020,12,-0.1875,20,2020-12-01,1030.4036865234375
50,2021,1,3.2199996145148027,19,2021-01-01,1030.4036865234375
50,2021,2,3.5876410989200367,17,2021-02-01,1030.4036865234375
50,2021,3,3.7557903089021383,19,2021-03-01,1030.4036865234375
50,2021,4,4.194740696957237,19,2021-04-01,1030.4036865234375
50,2021,5,3.547496032714844,20,2021-05-01,1030.4036865234375
50,2021,6,3.2731564170435856,19,2021-06-01,1030.4036865234375
50,2021,7,2.616318552117599,19,2021-07-01,1030.4036865234375
50,2021,8,2.4684207313939144,19,2021-08-01,1030.4036865234375
50,2021,9,2.3652632863898027,19,2021-09-01,1030.4036865234375
50,2021,10,2.302998352050781,20,2021-10-01,1030.4036865234375
50,2021,11,2.5952566046463814,19,2021-11-01,1030.4036865234375
50,2021,12,3.503687808388158,19,2021-12-01,1030.4036865234375
50,2022,1,3.658945184004934,19,2022-01-01,1030.4036865234375
50,2022,2,3.7870537252987133,17,2022-02-01,1030.4036865234375
50,2022,3,4.86199951171875,20,2022-03-01,1030.4036865234375
50,2022,4,5.1689501310649675,19,2022-04-01,1030.4036865234375
50,2022,5,5.254741467927632,19,2022-05-01,1030.4036865234375
50,2022,6,2.7173686780427633,19,2022-06-01,1030.4036865234375
50,2022,7,2.3289473684210527,19,2022-07-01,1030.4036865234375
50,2022,8,2.1225021362304686,20,2022-08-01,1030.4036865234375
50,2022,9,2.6157869037828947,19,2022-09-01,1030.4036865234375
50,2022,10,2.8315750925164473,19,2022-10-01,1030.4036865234375
50,2022,11,2.9000040690104165,18,2022-11-01,1030.4036865234375
50,2022,12,4.3789528294613485,19,2022-12-01,1030.4036865234375
50,2023,1,4.1510009765625,20,2023-01-01,1030.4036865234375
50,2023,2,4.873331705729167,18,2023-02-01,1030.4036865234375
50,2023,3,5.6273659153988485,19,2023-03-01,1030.4036865234375
50,2023,4,4.551043058696546,19,2023-04-01,1030.4036865234375
50,2023,5,3.9277801513671875,18,2023-05-01,1030.4036865234375
50,2023,6,3.2668424907483553,19,2023-06-01,1030.4036865234375
50,2023,7,3.227996826171875,20,2023-07-01,1030.4036865234375
50,2023,8,3.4352609734786186,19,2023-08-01,1030.4036865234375
50,2023,9,3.5444454616970487,18,2023-09-01,1030.4036865234375
50,2023,10,3.442779541015625,18,2023-10-01,1030.4036865234375
50,2023,11,3.5831571880139803,19,2023-11-01,1030.4036865234375
50,2023,12,3.152998352050781,20,2023-12-01,1030.4036865234375
50,2024,1,3.3910538522820723,19,2024-01-01,1030.4036865234375
50,2024,2,4.733893500434028,18,2024-02-01,1030.4036865234375
50,2024,3,6.004495239257812,20,2024-03-01,1030.4036865234375
50,2024,4,5.973680998149671,19,2024-04-01,1030.4036865234375
50,2024,5,4.577370091488487,19,2024-05-01,1030.4036865234375
50,2024,6,3.6210519891036186,19,2024-06-01,1030.4036865234375
50,2024,7,3.5652642501027962,19,2024-07-01,1030.4036865234375
50,2024,8,3.199472527754934,19,2024-08-01,1030.4036865234375
50,2024,9,2.581670125325521,18,2024-09-01,1030.4036865234375
50,2024,10,2.566104465060764,18,2024-10-01,1030.4036865234375
51,2020,10,2.712630422491776,19,2020-10-01,1256.7237548828125
51,2020,11,2.763687936883224,19,2020-11-01,1256.7237548828125
51,2020,12,2.3244964599609377,20,2020-12-01,1256.7237548828125
51,2021,1,2.3610550729851973,19,2021-01-01,1256.7237548828125
51,2021,2,2.718234791475184,17,2021-02-01,1256.7237548828125
51,2021,3,2.7142109118009867,19,2021-03-01,1256.7237548828125
51,2021,4,3.1399969803659538,19,2021-04-01,1256.7237548828125
51,2021,5,2.0604934692382813,20,2021-05-01,1256.7237548828125
51,2021,6,1.34210205078125,19,2021-06-01,1256.7237548828125
51,2021,7,1.3105227821751644,19,2021-07-01,1256.7237548828125
51,2021,8,1.2710555227179277,19,2021-08-01,1256.7237548828125
51,2021,9,1.2678945440995066,19,2021-09-01,1256.7237548828125
51,2021,10,1.2484970092773438,20,2021-10-01,1256.7237548828125
51,2021,11,1.272102757504112,19,2021-11-01,1256.7237548828125
51,2021,12,1.2447349146792763,19,2021-12-01,1256.7237548828125
51,2022,1,1.781577662417763,19,2022-01-01,1256.7237548828125
51,2022,2,1.9600058162913603,17,2022-02-01,1256.7237548828125
51,2022,3,2.7824981689453123,20,2022-03-01,1256.7237548828125
51,2022,4,3.024210076583059,19,2022-04-01,1256.7237548828125
51,2022,5,3.113682797080592,19,2022-05-01,1256.7237548828125
51,2022,6,1.757780287000868,18,2022-06-01,1256.7237548828125
51,2022,7,1.569999293277138,19,2022-07-01,1256.7237548828125
51,2022,8,1.0966622488839286,21,2022-08-01,1256.7237548828125
51,2022,9,1.055267333984375,19,2022-09-01,1256.7237548828125
51,2022,10,1.123156095805921,19,2022-10-01,1256.7237548828125
51,2022,11,1.1622212727864583,18,2022-11-01,1256.7237548828125
51,2022,12,1.965789794921875,19,2022-12-01,1256.7237548828125
51,2023,1,2.0999969482421874,20,2023-01-01,1256.7237548828125
51,2023,2,2.28055657280816,18,2023-02-01,1256.7237548828125
51,2023,3,2.9405244526110197,19,2023-03-01,1256.7237548828125
51,2023,4,3.2955001831054687,20,2023-04-01,1256.7237548828125
51,2023,5,3.26444329155816,18,2023-05-01,1256.7237548828125
51,2023,6,2.808945505242599,19,2023-06-01,1256.7237548828125
51,2023,7,0.8764999389648438,20,2023-07-01,1256.7237548828125
51,2023,8,0.9699996145148027,19,2023-08-01,1256.7237548828125
51,2023,9,1.0200042724609375,18,2023-09-01,1256.7237548828125
51,2023,10,1.4179012900904606,19,2023-10-01,1256.7237548828125
51,2023,11,1.5229995727539063,20,2023-11-01,1256.7237548828125
51,2023,12,2.008497619628906,20,2023-12-01,1256.7237548828125
51,2024,1,2.1384979248046876,20,2024-01-01,1256.7237548828125
51,2024,2,2.861109415690104,18,2024-02-01,1256.7237548828125
51,2024,3,3.4864959716796875,20,2024-03-01,1256.7237548828125
51,2024,4,3.7405315198396383,19,2024-04-01,1256.7237548828125
51,2024,5,3.713688900596217,19,2024-05-01,1256.7237548828125
51,2024,6,3.5173709267064144,19,2024-06-01,1256.7237548828125
51,2024,7,3.4899982653166117,19,2024-07-01,1256.7237548828125
51,2024,8,3.0821051346628288,19,2024-08-01,1256.7237548828125
51,2024,9,0.6357919793379935,19,2024-09-01,1256.7237548828125
51,2024,10,1.9899970160590277,18,2024-10-01,1256.7237548828125
52,2020,10,2.084732858758224,19,2020-10-01,1364.3589477539063
52,2020,11,0.03157926860608553,19,2020-11-01,1364.3589477539063
52,2020,12,0.8570037841796875,20,2020-12-01,1364.3589477539063
52,2021,1,2.214737741570724,19,2021-01-01,1364.3589477539063
52,2021,2,2.738821590647978,17,2021-02-01,1364.3589477539063
52,2021,3,3.017892937911184,19,2021-03-01,1364.3589477539063
52,2021,4,3.5921052631578947,19,2021-04-01,1364.3589477539063
52,2021,5,3.485498046875,20,2021-05-01,1364.3589477539063
52,2021,6,2.6689517372532894,19,2021-06-01,1364.3589477539063
52,2021,7,2.6047331157483553,19,2021-07-01,1364.3589477539063
52,2021,8,2.501577276932566,19,2021-08-01,1364.3589477539063
52,2021,9,2.3810537237870064,19,2021-09-01,1364.3589477539063
52,2021,10,2.0469940185546873,20,2021-10-01,1364.3589477539063
52,2021,11,2.636317202919408,19,2021-11-01,1364.3589477539063
52,2021,12,3.1073688707853617,19,2021-12-01,1364.3589477539063
52,2022,1,2.531050832648026,19,2022-01-01,1364.3589477539063
52,2022,2,2.3852951947380516,17,2022-02-01,1364.3589477539063
52,2022,3,3.029493713378906,20,2022-03-01,1364.3589477539063
52,2022,4,3.3489444130345394,19,2022-04-01,1364.3589477539063
52,2022,5,3.4636872944078947,19,2022-05-01,1364.3589477539063
52,2022,6,-0.4994439019097222,18,2022-06-01,1364.3589477539063
52,2022,7,-1.231575413754112,19,2022-07-01,1364.3589477539063
52,2022,8,1.43699951171875,20,2022-08-01,1364.3589477539063
52,2022,9,1.516840884560033,19,2022-09-01,1364.3589477539063
52,2022,10,1.587895443564967,19,2022-10-01,1364.3589477539063
52,2022,11,2.0383368598090277,18,2022-11-01,1364.3589477539063
52,2022,12,0.714734529194079,19,2022-12-01,1364.3589477539063
52,2023,1,0.5090011596679688,20,2023-01-01,1364.3589477539063
52,2023,2,1.70611572265625,18,2023-02-01,1364.3589477539063
52,2023,3,2.7173734966077303,19,2023-03-01,1364.3589477539063
52,2023,4,2.924215216385691,20,2023-04-01,1364.3589477539063
52,2023,5,2.940004136827257,18,2023-05-01,1364.3589477539063
52,2023,6,2.404740182976974,19,2023-06-01,1364.3589477539063
52,2023,7,1.922998046875,20,2023-07-01,1364.3589477539063
52,2023,8,2.3573672645970394,19,2023-08-01,1364.3589477539063
52,2023,9,2.608888414171007,18,2023-09-01,1364.3589477539063
52,2023,10,2.9121061626233553,19,2023-10-01,1364.3589477539063
52,2023,11,3.120552910698785,18,2023-11-01,1364.3589477539063
52,2023,12,3.26199951171875,20,2023-12-01,1364.3589477539063
52,2024,1,2.469000244140625,20,2024-01-01,1364.3589477539063
52,2024,2,2.624445597330729,18,2024-02-01,1364.3589477539063
52,2024,3,3.233001708984375,20,2024-03-01,1364.3589477539063
52,2024,4,3.583155581825658,19,2024-04-01,1364.3589477539063
52,2024,5,2.8836846602590462,19,2024-05-01,1364.3589477539063
52,2024,6,2.206313283819901,19,2024-06-01,1364.3589477539063
52,2024,7,1.8884261281866777,19,2024-07-01,1364.3589477539063
52,2024,8,1.7626326711554277,19,2024-08-01,1364.3589477539063
52,2024,9,2.6084209241365133,19,2024-09-01,1364.3589477539063
52,2024,10,2.906668768988715,18,2024-10-01,1364.3589477539063
53,2020,10,2.5247385125411186,19,2020-10-01,1327.622802734375
53,2020,11,2.0005300421463814,19,2020-11-01,1327.622802734375
53,2020,12,1.69849853515625,20,2020-12-01,1327.622802734375
53,2021,1,1.463160464638158,19,2021-01-01,1327.622802734375
53,2021,2,2.3041184369255516,17,2021-02-01,1327.622802734375
53,2021,3,3.226313540810033,19,2021-03-01,1327.622802734375
53,2021,4,3.7536813836348686,19,2021-04-01,1327.622802734375
53,2021,5,3.65899658203125,20,2021-05-01,1327.622802734375
53,2021,6,1.8957921078330593,19,2021-06-01,1327.622802734375
53,2021,7,1.4878989771792763,19,2021-07-01,1327.622802734375
53,2021,8,1.3526322214226973,19,2021-08-01,1327.622802734375
53,2021,9,1.263161107113487,19,2021-09-01,1327.622802734375
53,2021,10,1.1904998779296876,20,2021-10-01,1327.622802734375
53,2021,11,0.6894740054481908,19,2021-11-01,1327.622802734375
53,2021,12,0.5031641909950658,19,2021-12-01,1327.622802734375
53,2022,1,1.1231593081825657,19,2022-01-01,1327.622802734375
53,2022,2,2.196468577665441,17,2022-02-01,1327.622802734375
53,2022,3,4.125997924804688,20,2022-03-01,1327.622802734375
53,2022,4,5.1978920384457235,19,2022-04-01,1327.622802734375
53,2022,5,5.392631129214638,19,2022-05-01,1327.622802734375
53,2022,6,2.30777825249566,18,2022-06-01,1327.622802734375
53,2022,7,1.860498046875,20,2022-07-01,1327.622802734375
53,2022,8,1.8368169611150569,22,2022-08-01,1327.622802734375
53,2022,9,1.1852609734786184,19,2022-09-01,1327.622802734375
53,2022,10,0.6968448036595395,19,2022-10-01,1327.622802734375
53,2022,11,1.154997083875868,18,2022-11-01,1327.622802734375
53,2022,12,2.2173686780427633,19,2022-12-01,1327.622802734375
53,2023,1,1.882000732421875,20,2023-01-01,1327.622802734375
53,2023,2,2.059446546766493,18,2023-02-01,1327.622802734375
53,2023,3,3.4552628366570723,19,2023-03-01,1327.622802734375
53,2023,4,4.317143031529018,21,2023-04-01,1327.622802734375
53,2023,5,3.5957882529810856,19,2023-05-01,1327.622802734375
53,2023,6,3.062631707442434,19,2023-06-01,1327.622802734375
53,2023,7,3.2275039672851564,20,2023-07-01,1327.622802734375
53,2023,8,3.631052117598684,19,2023-08-01,1327.622802734375
53,2023,9,1.774995591905382,18,2023-09-01,1327.622802734375
53,2023,10,1.8326351768092106,19,2023-10-01,1327.622802734375
53,2023,11,2.1175018310546876,20,2023-11-01,1327.622802734375
53,2023,12,1.0485000610351563,20,2023-12-01,1327.622802734375
53,2024,1,0.9209991455078125,20,2024-01-01,1327.622802734375
53,2024,2,2.7223528693704044,17,2024-02-01,1327.622802734375
53,2024,3,4.015501403808594,20,2024-03-01,1327.622802734375
53,2024,4,5.26052535207648,19,2024-04-01,1327.622802734375
53,2024,5,4.844209369860198,19,2024-05-01,1327.622802734375
53,2024,6,4.0652626439144735,19,2024-06-01,1327.622802734375
53,2024,7,3.5657894736842106,19,2024-07-01,1327.622802734375
53,2024,8,2.875265021073191,19,2024-08-01,1327.622802734375
53,2024,9,-0.503679777446546,19,2024-09-01,1327.622802734375
53,2024,10,0.3488905164930556,18,2024-10-01,1327.622802734375
54,2020,10,1.4799997430098684,19,2020-10-01,1181.7261962890625
54,2020,11,-1.368949488589638,19,2020-11-01,1181.7261962890625
54,2020,12,1.145001220703125,20,2020-12-01,1181.7261962890625
54,2021,1,3.2515756707442436,19,2021-01-01,1181.7261962890625
54,2021,2,3.5517649931066178,17,2021-02-01,1181.7261962890625
54,2021,3,4.334207635176809,19,2021-03-01,1181.7261962890625
54,2021,4,4.866840563322368,19,2021-04-01,1181.7261962890625
54,2021,5,4.76199951171875,20,2021-05-01,1181.7261962890625
54,2021,6,5.3726340846011515,19,2021-06-01,1181.7261962890625
54,2021,7,5.592632092927632,19,2021-07-01,1181.7261962890625
54,2021,8,5.54947220651727,19,2021-08-01,1181.7261962890625
54,2021,9,5.484733179995888,19,2021-09-01,1181.7261962890625
54,2021,10,3.9229995727539064,20,2021-10-01,1181.7261962890625
54,2021,11,1.6147396689967106,19,2021-11-01,1181.7261962890625
54,2021,12,0.1426295230263158,19,2021-12-01,1181.7261962890625
54,2022,1,1.9442106548108553,19,2022-01-01,1181.7261962890625
54,2022,2,4.020590389476103,17,2022-02-01,1181.7261962890625
54,2022,3,5.675497436523438,20,2022-03-01,1181.7261962890625
54,2022,4,6.32895218698602,19,2022-04-01,1181.7261962890625
54,2022,5,6.505788702713816,19,2022-05-01,1181.7261962890625
54,2022,6,6.086666531032986,18,2022-06-01,1181.7261962890625
54,2022,7,6.622632478412829,19,2022-07-01,1181.7261962890625
54,2022,8,6.494500732421875,20,2022-08-01,1181.7261962890625
54,2022,9,3.8378922311883223,19,2022-09-01,1181.7261962890625
54,2022,10,0.6405270225123355,19,2022-10-01,1181.7261962890625
54,2022,11,0.6527760823567709,18,2022-11-01,1181.7261962890625
54,2022,12,0.6526264391447368,19,2022-12-01,1181.7261962890625
54,2023,1,4.360502624511719,20,2023-01-01,1181.7261962890625
54,2023,2,4.894999186197917,18,2023-02-01,1181.7261962890625
54,2023,3,6.582630358244243,19,2023-03-01,1181.7261962890625
54,2023,4,7.1221056486430925,19,2023-04-01,1181.7261962890625
54,2023,5,6.522774590386285,18,2023-05-01,1181.7261962890625
54,2023,6,6.014209948087993,19,2023-06-01,1181.7261962890625
54,2023,7,6.18499755859375,20,2023-07-01,1181.7261962890625
54,2023,8,6.311581260279605,19,2023-08-01,1181.7261962890625
54,2023,9,6.365551418728298,18,2023-09-01,1181.7261962890625
54,2023,10,6.10000289113898,19,2023-10-01,1181.7261962890625
54,2023,11,6.3321083470394735,19,2023-11-01,1181.7261962890625
54,2023,12,2.7770034790039064,20,2023-12-01,1181.7261962890625
54,2024,1,2.4742094341077303,19,2024-01-01,1181.7261962890625
54,2024,2,3.983335706922743,18,2024-02-01,1181.7261962890625
54,2024,3,5.059999084472656,20,2024-03-01,1181.7261962890625
54,2024,4,6.0252685546875,19,2024-04-01,1181.7261962890625
54,2024,5,6.412101344058388,19,2024-05-01,1181.7261962890625
54,2024,6,6.307371440686677,19,2024-06-01,1181.7261962890625
54,2024,7,6.4442090486225325,19,2024-07-01,1181.7261962890625
54,2024,8,6.0236864591899675,19,2024-08-01,1181.7261962890625
54,2024,9,4.039995695415296,19,2024-09-01,1181.7261962890625
54,2024,10,4.08333502875434,18,2024-10-01,1181.7261962890625
55,2020,10,1.2115799753289473,19,2020-10-01,1193.0613403320313
55,2020,11,0.03315333316200658,19,2020-11-01,1193.0613403320313
55,2020,12,0.60250244140625,20,2020-12-01,1193.0613403320313
55,2021,1,0.7668473093133223,19,2021-01-01,1193.0613403320313
55,2021,2,0.7676445456112132,17,2021-02-01,1193.0613403320313
55,2021,3,1.0673683568050987,19,2021-03-01,1193.0613403320313
55,2021,4,1.8110496119449013,19,2021-04-01,1193.0613403320313
55,2021,5,1.77999267578125,20,2021-05-01,1193.0613403320313
55,2021,6,1.597895572060033,19,2021-06-01,1193.0613403320313
55,2021,7,1.5157840126439144,19,2021-07-01,1193.0613403320313
55,2021,8,-0.07684326171875,19,2021-08-01,1193.0613403320313
55,2021,9,-0.6384245219983553,19,2021-09-01,1193.0613403320313
55,2021,10,-0.6229949951171875,20,2021-10-01,1193.0613403320313
55,2021,11,-0.625261808696546,19,2021-11-01,1193.0613403320313
55,2021,12,0.056838186163651314,19,2021-12-01,1193.0613403320313
55,2022,1,0.6352603310032895,19,2022-01-01,1193.0613403320313
55,2022,2,0.9576469870174632,17,2022-02-01,1193.0613403320313
55,2022,3,1.6035003662109375,20,2022-03-01,1193.0613403320313
55,2022,4,1.9878941586143093,19,2022-04-01,1193.0613403320313
55,2022,5,2.1905276649876644,19,2022-05-01,1193.0613403320313
55,2022,6,1.8627811008029513,18,2022-06-01,1193.0613403320313
55,2022,7,1.9831526906866777,19,2022-07-01,1193.0613403320313
55,2022,8,1.9460006713867188,20,2022-08-01,1193.0613403320313
55,2022,9,0.8310530813116777,19,2022-09-01,1193.0613403320313
55,2022,10,0.015266820004111841,19,2022-10-01,1193.0613403320313
55,2022,11,-0.07166375054253472,18,2022-11-01,1193.0613403320313
55,2022,12,-0.12578863846628288,19,2022-12-01,1193.0613403320313
55,2023,1,0.7130020141601563,20,2023-01-01,1193.0613403320313
55,2023,2,0.812225341796875,18,2023-02-01,1193.0613403320313
55,2023,3,1.557891845703125,19,2023-03-01,1193.0613403320313
55,2023,4,1.270530299136513,19,2023-04-01,1193.0613403320313
55,2023,5,0.9444427490234375,18,2023-05-01,1193.0613403320313
55,2023,6,0.7073685495476973,19,2023-06-01,1193.0613403320313
55,2023,7,0.23050384521484374,20,2023-07-01,1193.0613403320313
55,2023,8,-0.2484227230674342,19,2023-08-01,1193.0613403320313
55,2023,9,-0.2005496554904514,18,2023-09-01,1193.0613403320313
55,2023,10,0.2426356265419408,19,2023-10-01,1193.0613403320313
55,2023,11,0.2526309364720395,19,2023-11-01,1193.0613403320313
55,2023,12,1.7019989013671875,20,2023-12-01,1193.0613403320313
55,2024,1,1.3485015869140624,20,2024-01-01,1193.0613403320313
55,2024,2,1.7072211371527777,18,2024-02-01,1193.0613403320313
55,2024,3,2.269999694824219,20,2024-03-01,1193.0613403320313
55,2024,4,2.7178971140008223,19,2024-04-01,1193.0613403320313
55,2024,5,2.8878976922286186,19,2024-05-01,1193.0613403320313
55,2024,6,2.8389507092927633,19,2024-06-01,1193.0613403320313
55,2024,7,2.6294748406661186,19,2024-07-01,1193.0613403320313
55,2024,8,0.8389442845394737,19,2024-08-01,1193.0613403320313
55,2024,9,0.6621077688116777,19,2024-09-01,1193.0613403320313
55,2024,10,1.16278076171875,18,2024-10-01,1193.0613403320313
56,2020,10,3.2073685495476973,19,2020-10-01,1586.5170288085938
56,2020,11,2.2626278525904606,19,2020-11-01,1586.5170288085938
56,2020,12,2.6410064697265625,20,2020-12-01,1586.5170288085938
56,2021,1,3.4373666863692436,19,2021-01-01,1586.5170288085938
56,2021,2,4.939415426815257,17,2021-02-01,1586.5170288085938
56,2021,3,5.933158472964638,19,2021-03-01,1586.5170288085938
56,2021,4,7.2747336939761515,19,2021-04-01,1586.5170288085938
56,2021,5,7.1699981689453125,20,2021-05-01,1586.5170288085938
56,2021,6,5.545257568359375,19,2021-06-01,1586.5170288085938
56,2021,7,3.8552663702713814,19,2021-07-01,1586.5170288085938
56,2021,8,3.7594684801603617,19,2021-08-01,1586.5170288085938
56,2021,9,3.7373689350328947,19,2021-09-01,1586.5170288085938
56,2021,10,3.6169998168945314,20,2021-10-01,1586.5170288085938
56,2021,11,3.20526123046875,19,2021-11-01,1586.5170288085938
56,2021,12,3.770522268194901,19,2021-12-01,1586.5170288085938
56,2022,1,4.516315660978618,19,2022-01-01,1586.5170288085938
56,2022,2,5.244115492876838,17,2022-02-01,1586.5170288085938
56,2022,3,7.315000915527344,20,2022-03-01,1586.5170288085938
56,2022,4,8.218944348787007,19,2022-04-01,1586.5170288085938
56,2022,5,8.62736591539885,19,2022-05-01,1586.5170288085938
56,2022,6,3.8111114501953125,18,2022-06-01,1586.5170288085938
56,2022,7,3.435262579666941,19,2022-07-01,1586.5170288085938
56,2022,8,3.2855010986328126,20,2022-08-01,1586.5170288085938
56,2022,9,3.0831571880139803,19,2022-09-01,1586.5170288085938
56,2022,10,3.198420474403783,19,2022-10-01,1586.5170288085938
56,2022,11,3.19222174750434,18,2022-11-01,1586.5170288085938
56,2022,12,3.4057890239514803,19,2022-12-01,1586.5170288085938
56,2023,1,4.172000122070313,20,2023-01-01,1586.5170288085938
56,2023,2,5.152777777777778,18,2023-02-01,1586.5170288085938
56,2023,3,6.2347363923725325,19,2023-03-01,1586.5170288085938
56,2023,4,7.058947111430921,19,2023-04-01,1586.5170288085938
56,2023,5,6.679996066623264,18,2023-05-01,1586.5170288085938
56,2023,6,6.295789216694079,19,2023-06-01,1586.5170288085938
56,2023,7,4.958998107910157,20,2023-07-01,1586.5170288085938
56,2023,8,3.6410538522820723,19,2023-08-01,1586.5170288085938
56,2023,9,3.0288899739583335,18,2023-09-01,1586.5170288085938
56,2023,10,2.186843068976151,19,2023-10-01,1586.5170288085938
56,2023,11,1.6878951223273027,19,2023-11-01,1586.5170288085938
56,2023,12,2.3555007934570313,20,2023-12-01,1586.5170288085938
56,2024,1,3.4419003441220237,21,2024-01-01,1586.5170288085938
56,2024,2,4.866668701171875,18,2024-02-01,1586.5170288085938
56,2024,3,6.877001953125,20,2024-03-01,1586.5170288085938
56,2024,4,8.2079001978824,19,2024-04-01,1586.5170288085938
56,2024,5,7.965267783717105,19,2024-05-01,1586.5170288085938
56,2024,6,5.386839214124177,19,2024-06-01,1586.5170288085938
56,2024,7,4.457892166940789,19,2024-07-01,1586.5170288085938
56,2024,8,2.1115786903782894,19,2024-08-01,1586.5170288085938
56,2024,9,2.195265920538651,19,2024-09-01,1586.5170288085938
56,2024,10,2.521669175889757,18,2024-10-01,1586.5170288085938
57,2020,10,1.1294764468544407,19,2020-10-01,1259.827392578125
57,2020,11,-0.00421142578125,19,2020-11-01,1259.827392578125
57,2020,12,0.6569976806640625,20,2020-12-01,1259.827392578125
57,2021,1,1.869471499794408,19,2021-01-01,1259.827392578125
57,2021,2,2.5052939022288605,17,2021-02-01,1259.827392578125
57,2021,3,3.132110595703125,19,2021-03-01,1259.827392578125
57,2021,4,3.5105221396998356,19,2021-04-01,1259.827392578125
57,2021,5,3.3295013427734377,20,2021-05-01,1259.827392578125
57,2021,6,1.958949038856908,19,2021-06-01,1259.827392578125
57,2021,7,1.8710535952919407,19,2021-07-01,1259.827392578125
57,2021,8,2.511052181846217,19,2021-08-01,1259.827392578125
57,2021,9,2.8547395405016447,19,2021-09-01,1259.827392578125
57,2021,10,2.8024978637695313,20,2021-10-01,1259.827392578125
57,2021,11,1.3521053916529606,19,2021-11-01,1259.827392578125
57,2021,12,0.6726299085115132,19,2021-12-01,1259.827392578125
57,2022,1,1.448420474403783,19,2022-01-01,1259.827392578125
57,2022,2,1.8570592543658089,17,2022-02-01,1259.827392578125
57,2022,3,2.7260040283203124,20,2022-03-01,1259.827392578125
57,2022,4,3.4605231034128288,19,2022-04-01,1259.827392578125
57,2022,5,2.8221050061677633,19,2022-05-01,1259.827392578125
57,2022,6,1.6677788628472223,18,2022-06-01,1259.827392578125
57,2022,7,1.7805272152549343,19,2022-07-01,1259.827392578125
57,2022,8,1.997998046875,20,2022-08-01,1259.827392578125
57,2022,9,1.705792878803454,19,2022-09-01,1259.827392578125
57,2022,10,1.6926301655016447,19,2022-10-01,1259.827392578125
57,2022,11,1.7205573187934027,18,2022-11-01,1259.827392578125
57,2022,12,2.018422980057566,19,2022-12-01,1259.827392578125
57,2023,1,1.7115036010742188,20,2023-01-01,1259.827392578125
57,2023,2,2.40999518500434,18,2023-02-01,1259.827392578125
57,2023,3,3.3226302297491777,19,2023-03-01,1259.827392578125
57,2023,4,3.205789666426809,19,2023-04-01,1259.827392578125
57,2023,5,2.622777303059896,18,2023-05-01,1259.827392578125
57,2023,6,1.6805211117393093,19,2023-06-01,1259.827392578125
57,2023,7,1.4415023803710938,20,2023-07-01,1259.827392578125
57,2023,8,0.5342069927014803,19,2023-08-01,1259.827392578125
57,2023,9,0.2044457329644097,18,2023-09-01,1259.827392578125
57,2023,10,0.22052323190789475,19,2023-10-01,1259.827392578125
57,2023,11,0.2594765111019737,19,2023-11-01,1259.827392578125
57,2023,12,0.9425003051757812,20,2023-12-01,1259.827392578125
57,2024,1,2.262498474121094,20,2024-01-01,1259.827392578125
57,2024,2,2.6855570475260415,18,2024-02-01,1259.827392578125
57,2024,3,2.6064987182617188,20,2024-03-01,1259.827392578125
57,2024,4,3.525792172080592,19,2024-04-01,1259.827392578125
57,2024,5,3.451054623252467,19,2024-05-01,1259.827392578125
57,2024,6,3.0615828664679277,19,2024-06-01,1259.827392578125
57,2024,7,2.8278937088815788,19,2024-07-01,1259.827392578125
57,2024,8,2.404210140830592,19,2024-08-01,1259.827392578125
57,2024,9,0.5973655299136513,19,2024-09-01,1259.827392578125
57,2024,10,0.165557861328125,18,2024-10-01,1259.827392578125
58,2020,10,0.022626374897203948,19,2020-10-01,1375.034423828125
58,2020,11,0.012104235197368422,19,2020-11-01,1375.034423828125
58,2020,12,1.4994964599609375,20,2020-12-01,1375.034423828125
58,2021,1,4.3663185521175985,19,2021-01-01,1375.034423828125
58,2021,2,5.0976418887867645,17,2021-02-01,1375.034423828125
58,2021,3,5.181047941509046,19,2021-03-01,1375.034423828125
58,2021,4,5.893686394942434,19,2021-04-01,1375.034423828125
58,2021,5,6.2845001220703125,20,2021-05-01,1375.034423828125
58,2021,6,6.2089490388569075,19,2021-06-01,1375.034423828125
58,2021,7,6.570004111842105,19,2021-07-01,1375.034423828125
58,2021,8,6.475786711040296,19,2021-08-01,1375.034423828125
58,2021,9,0.6778982062088815,19,2021-09-01,1375.034423828125
58,2021,10,0.0110015869140625,20,2021-10-01,1375.034423828125
58,2021,11,0.0068375436883223685,19,2021-11-01,1375.034423828125
58,2021,12,-0.30578934518914475,19,2021-12-01,1375.034423828125
58,2022,1,-0.5410493549547697,19,2022-01-01,1375.034423828125
58,2022,2,1.224709903492647,17,2022-02-01,1375.034423828125
58,2022,3,5.5279998779296875,20,2022-03-01,1375.034423828125
58,2022,4,5.787366365131579,19,2022-04-01,1375.034423828125
58,2022,5,5.863684403268914,19,2022-05-01,1375.034423828125
58,2022,6,5.3305198267886515,19,2022-06-01,1375.034423828125
58,2022,7,5.857368870785362,19,2022-07-01,1375.034423828125
58,2022,8,4.297007751464844,20,2022-08-01,1375.034423828125
58,2022,9,2.411055715460526,19,2022-09-01,1375.034423828125
58,2022,10,2.452103464226974,19,2022-10-01,1375.034423828125
58,2022,11,2.4438934326171875,18,2022-11-01,1375.034423828125
58,2022,12,-0.36105186060855265,19,2022-12-01,1375.034423828125
58,2023,1,-0.9814956665039063,20,2023-01-01,1375.034423828125
58,2023,2,2.891667683919271,18,2023-02-01,1375.034423828125
58,2023,3,4.561052824321546,19,2023-03-01,1375.034423828125
58,2023,4,5.3142138029399675,19,2023-04-01,1375.034423828125
58,2023,5,5.516672770182292,18,2023-05-01,1375.034423828125
58,2023,6,5.4205274079975325,19,2023-06-01,1375.034423828125
58,2023,7,5.050001525878907,20,2023-07-01,1375.034423828125
58,2023,8,4.1773681640625,19,2023-08-01,1375.034423828125
58,2023,9,4.184446546766493,18,2023-09-01,1375.034423828125
58,2023,10,2.577366879111842,19,2023-10-01,1375.034423828125
58,2023,11,1.5152571828741777,19,2023-11-01,1375.034423828125
58,2023,12,1.8280014038085937,20,2023-12-01,1375.034423828125
58,2024,1,2.1410442151521383,19,2024-01-01,1375.034423828125
58,2024,2,3.1466606987847223,18,2024-02-01,1375.034423828125
58,2024,3,4.247503662109375,20,2024-03-01,1375.034423828125
58,2024,4,4.736316881681743,19,2024-04-01,1375.034423828125
58,2024,5,5.025787353515625,19,2024-05-01,1375.034423828125
58,2024,6,4.77999556692023,19,2024-06-01,1375.034423828125
58,2024,7,4.943155389083059,19,2024-07-01,1375.034423828125
58,2024,8,4.761055394222862,19,2024-08-01,1375.034423828125
58,2024,9,4.7021034642269735,19,2024-09-01,1375.034423828125
58,2024,10,4.34222412109375,18,2024-10-01,1375.034423828125
59,2020,10,2.283158151726974,19,2020-10-01,1283.5335083007813
59,2020,11,-0.09420615748355263,19,2020-11-01,1283.5335083007813
59,2020,12,-0.5350006103515625,20,2020-12-01,1283.5335083007813
59,2021,1,-1.1942122609991777,19,2021-01-01,1283.5335083007813
59,2021,2,0.41235531077665444,17,2021-02-01,1283.5335083007813
59,2021,3,2.02789306640625,19,2021-03-01,1283.5335083007813
59,2021,4,3.566319515830592,19,2021-04-01,1283.5335083007813
59,2021,5,3.5349990844726564,20,2021-05-01,1283.5335083007813
59,2021,6,3.565261037726151,19,2021-06-01,1283.5335083007813
59,2021,7,4.9563148900082235,19,2021-07-01,1283.5335083007813
59,2021,8,5.093687358655427,19,2021-08-01,1283.5335083007813
59,2021,9,3.8963125128495064,19,2021-09-01,1283.5335083007813
59,2021,10,0.52349853515625,20,2021-10-01,1283.5335083007813
59,2021,11,0.3994686729029605,19,2021-11-01,1283.5335083007813
59,2021,12,0.16894691868832237,19,2021-12-01,1283.5335083007813
59,2022,1,-0.25263254266036184,19,2022-01-01,1283.5335083007813
59,2022,2,0.5494133444393382,17,2022-02-01,1283.5335083007813
59,2022,3,2.2610015869140625,20,2022-03-01,1283.5335083007813
59,2022,4,4.072630229749177,19,2022-04-01,1283.5335083007813
59,2022,5,4.673159950657895,19,2022-05-01,1283.5335083007813
59,2022,6,1.5088857014973958,18,2022-06-01,1283.5335083007813
59,2022,7,1.0009994506835938,20,2022-07-01,1283.5335083007813
59,2022,8,0.9699998335404829,22,2022-08-01,1283.5335083007813
59,2022,9,0.7210500616776315,19,2022-09-01,1283.5335083007813
59,2022,10,-0.24737066971628288,19,2022-10-01,1283.5335083007813
59,2022,11,-0.268890380859375,18,2022-11-01,1283.5335083007813
59,2022,12,1.0778969212582237,19,2022-12-01,1283.5335083007813
59,2023,1,1.8360015869140625,20,2023-01-01,1283.5335083007813
59,2023,2,2.4772220187717013,18,2023-02-01,1283.5335083007813
59,2023,3,3.87420654296875,19,2023-03-01,1283.5335083007813
59,2023,4,4.445498657226563,21,2023-04-01,1283.5335083007813
59,2023,5,3.581668429904514,19,2023-05-01,1283.5335083007813
59,2023,6,2.576314825760691,19,2023-06-01,1283.5335083007813
59,2023,7,2.3139984130859377,20,2023-07-01,1283.5335083007813
59,2023,8,2.144210012335526,19,2023-08-01,1283.5335083007813
59,2023,9,1.000001695421007,18,2023-09-01,1283.5335083007813
59,2023,10,0.8178967927631579,19,2023-10-01,1283.5335083007813
59,2023,11,0.82849884033203125,20,2023-11-01,1283.5335083007813
59,2023,12,1.1449981689453126,20,2023-12-01,1283.5335083007813
59,2024,1,0.9509994506835937,20,2024-01-01,1283.5335083007813
59,2024,2,1.766470516429228,17,2024-02-01,1283.5335083007813
59,2024,3,3.5454986572265623,20,2024-03-01,1283.5335083007813
59,2024,4,5.5694740696957235,19,2024-04-01,1283.5335083007813
59,2024,5,5.916314376027961,19,2024-05-01,1283.5335083007813
59,2024,6,5.614736456620066,19,2024-06-01,1283.5335083007813
59,2024,7,4.566316303453948,19,2024-07-01,1283.5335083007813
59,2024,8,-0.5273678428248355,19,2024-08-01,1283.5335083007813
59,2024,9,0.17315513209292763,19,2024-09-01,1283.5335083007813
59,2024,10,0.7594401041666666,18,2024-10-01,1283.5335083007813
60,2020,10,0.0894775390625,19,2020-10-01,1269.8865966796875
60,2020,11,0.10684043482730263,19,2020-11-01,1269.8865966796875
60,2020,12,0.57199859619140625,20,2020-12-01,1269.8865966796875
60,2021,1,1.5321060983758223,19,2021-01-01,1269.8865966796875
60,2021,2,2.6964703728170956,17,2021-02-01,1269.8865966796875
60,2021,3,2.6815779836554277,19,2021-03-01,1269.8865966796875
60,2021,4,2.8884197034333883,19,2021-04-01,1269.8865966796875
60,2021,5,2.9749969482421874,20,2021-05-01,1269.8865966796875
60,2021,6,2.8847383197985197,19,2021-06-01,1269.8865966796875
60,2021,7,2.9805265727796053,19,2021-07-01,1269.8865966796875
60,2021,8,2.4936860737047697,19,2021-08-01,1269.8865966796875
60,2021,9,0.8400043688322368,19,2021-09-01,1269.8865966796875
60,2021,10,0.8944976806640625,20,2021-10-01,1269.8865966796875
60,2021,11,0.8252659847861842,19,2021-11-01,1269.8865966796875
60,2021,12,0.7036823473478618,19,2021-12-01,1269.8865966796875
60,2022,1,0.5236832468133223,19,2022-01-01,1269.8865966796875
60,2022,2,2.0411753934972428,17,2022-02-01,1269.8865966796875
60,2022,3,3.301495361328125,20,2022-03-01,1269.8865966796875
60,2022,4,3.592106869346217,19,2022-04-01,1269.8865966796875
60,2022,5,3.748946340460526,19,2022-05-01,1269.8865966796875
60,2022,6,3.5449998643663196,18,2022-06-01,1269.8865966796875
60,2022,7,3.8515817742598686,19,2022-07-01,1269.8865966796875
60,2022,8,2.8510009765625,20,2022-08-01,1269.8865966796875
60,2022,9,0.09105160361842106,19,2022-09-01,1269.8865966796875
60,2022,10,0.09737195466694079,19,2022-10-01,1269.8865966796875
60,2022,11,0.10944281684027778,18,2022-11-01,1269.8865966796875
60,2022,12,0.11420962685032894,19,2022-12-01,1269.8865966796875
60,2023,1,0.87550048828125,20,2023-01-01,1269.8865966796875
60,2023,2,3.820556640625,18,2023-02-01,1269.8865966796875
60,2023,3,4.935787803248355,19,2023-03-01,1269.8865966796875
60,2023,4,4.800000642475329,19,2023-04-01,1269.8865966796875
60,2023,5,2.703893025716146,18,2023-05-01,1269.8865966796875
60,2023,6,2.274210076583059,19,2023-06-01,1269.8865966796875
60,2023,7,2.47249755859375,20,2023-07-01,1269.8865966796875
60,2023,8,2.7189459549753288,19,2023-08-01,1269.8865966796875
60,2023,9,2.749998304578993,18,2023-09-01,1269.8865966796875
60,2023,10,2.6278959575452303,19,2023-10-01,1269.8865966796875
60,2023,11,2.725789923416941,19,2023-11-01,1269.8865966796875
60,2023,12,2.7150009155273436,20,2023-12-01,1269.8865966796875
60,2024,1,2.146836130242599,19,2024-01-01,1269.8865966796875
60,2024,2,2.681671142578125,18,2024-02-01,1269.8865966796875
60,2024,3,3.04849853515625,20,2024-03-01,1269.8865966796875
60,2024,4,3.197896857010691,19,2024-04-01,1269.8865966796875
60,2024,5,3.242635626541941,19,2024-05-01,1269.8865966796875
60,2024,6,3.0657878674958883,19,2024-06-01,1269.8865966796875
60,2024,7,3.0247369063527962,19,2024-07-01,1269.8865966796875
60,2024,8,2.665267141241776,19,2024-08-01,1269.8865966796875
60,2024,9,0.8405311986019737,19,2024-09-01,1269.8865966796875
60,2024,10,2.4305555555555554,18,2024-10-01,1269.8865966796875
61,2020,10,1.7084206028988487,19,2020-10-01,1550.0108032226563
61,2020,11,0.022109182257401317,19,2020-11-01,1550.0108032226563
61,2020,12,1.1259994506835938,20,2020-12-01,1550.0108032226563
61,2021,1,2.1342147024054277,19,2021-01-01,1550.0108032226563
61,2021,2,2.2435302734375,17,2021-02-01,1550.0108032226563
61,2021,3,2.4357878032483553,19,2021-03-01,1550.0108032226563
61,2021,4,3.0084228515625,19,2021-04-01,1550.0108032226563
61,2021,5,3.155500793457031,20,2021-05-01,1550.0108032226563
61,2021,6,2.9342105263157894,19,2021-06-01,1550.0108032226563
61,2021,7,3.0994744551809212,19,2021-07-01,1550.0108032226563
61,2021,8,2.9715801038240133,19,2021-08-01,1550.0108032226563
61,2021,9,2.2889468544407894,19,2021-09-01,1550.0108032226563
61,2021,10,0.70099639892578125,20,2021-10-01,1550.0108032226563
61,2021,11,1.3252627724095394,19,2021-11-01,1550.0108032226563
61,2021,12,2.3415800395764803,19,2021-12-01,1550.0108032226563
61,2022,1,2.4605231034128288,19,2022-01-01,1550.0108032226563
61,2022,2,2.7652946920955883,17,2022-02-01,1550.0108032226563
61,2022,3,3.97650146484375,20,2022-03-01,1550.0108032226563
61,2022,4,4.394736842105263,19,2022-04-01,1550.0108032226563
61,2022,5,4.551577919407895,19,2022-05-01,1550.0108032226563
61,2022,6,0.5436867161800987,19,2022-06-01,1550.0108032226563
61,2022,7,0.13999698036595395,19,2022-07-01,1550.0108032226563
61,2022,8,0.5344970703125,20,2022-08-01,1550.0108032226563
61,2022,9,1.021049097964638,19,2022-09-01,1550.0108032226563
61,2022,10,1.0257937782689144,19,2022-10-01,1550.0108032226563
61,2022,11,0.8672197129991319,18,2022-11-01,1550.0108032226563
61,2022,12,1.6136811908922697,19,2022-12-01,1550.0108032226563
61,2023,1,1.825006103515625,20,2023-01-01,1550.0108032226563
61,2023,2,2.4966600206163196,18,2023-02-01,1550.0108032226563
61,2023,3,3.4489456979851973,19,2023-03-01,1550.0108032226563
61,2023,4,2.8831562243009867,19,2023-04-01,1550.0108032226563
61,2023,5,2.019444783528646,18,2023-05-01,1550.0108032226563
61,2023,6,1.5078928094161184,19,2023-06-01,1550.0108032226563
61,2023,7,1.10400390625,20,2023-07-01,1550.0108032226563
61,2023,8,0.6142112330386513,19,2023-08-01,1550.0108032226563
61,2023,9,0.6138882107204862,18,2023-09-01,1550.0108032226563
61,2023,10,0.5842092413651315,19,2023-10-01,1550.0108032226563
61,2023,11,0.6521028217516447,19,2023-11-01,1550.0108032226563
61,2023,12,1.7240005493164063,20,2023-12-01,1550.0108032226563
61,2024,1,2.2636847245065788,19,2024-01-01,1550.0108032226563
61,2024,2,2.786105685763889,18,2024-02-01,1550.0108032226563
61,2024,3,3.548503112792969,20,2024-03-01,1550.0108032226563
61,2024,4,3.3573688707853617,19,2024-04-01,1550.0108032226563
61,2024,5,2.4247372275904606,19,2024-05-01,1550.0108032226563
61,2024,6,1.8468435187088816,19,2024-06-01,1550.0108032226563
61,2024,7,1.8842098838404606,19,2024-07-01,1550.0108032226563
61,2024,8,1.2010562294407894,19,2024-08-01,1550.0108032226563
61,2024,9,0.22263055098684212,19,2024-09-01,1550.0108032226563
61,2024,10,-0.5149993896484375,18,2024-10-01,1550.0108032226563
63,2020,10,0.8052576968544408,19,2020-10-01,1739.105712890625
63,2020,11,0.2615774054276316,19,2020-11-01,1739.105712890625
63,2020,12,1.4889999389648438,20,2020-12-01,1739.105712890625
63,2021,1,4.328422144839638,19,2021-01-01,1739.105712890625
63,2021,2,5.597649069393382,17,2021-02-01,1739.105712890625
63,2021,3,6.214209305612664,19,2021-03-01,1739.105712890625
63,2021,4,7.204210783305921,19,2021-04-01,1739.105712890625
63,2021,5,7.48399658203125,20,2021-05-01,1739.105712890625
63,2021,6,7.263154682360198,19,2021-06-01,1739.105712890625
63,2021,7,7.4278917814555925,19,2021-07-01,1739.105712890625
63,2021,8,7.319475675884046,19,2021-08-01,1739.105712890625
63,2021,9,5.755788702713816,19,2021-09-01,1739.105712890625
63,2021,10,4.981495666503906,20,2021-10-01,1739.105712890625
63,2021,11,1.9984195106907894,19,2021-11-01,1739.105712890625
63,2021,12,0.28420859888980265,19,2021-12-01,1739.105712890625
63,2022,1,3.768422980057566,19,2022-01-01,1739.105712890625
63,2022,2,5.749998204848346,17,2022-02-01,1739.105712890625
63,2022,3,7.286003112792969,20,2022-03-01,1739.105712890625
63,2022,4,7.768951416015625,19,2022-04-01,1739.105712890625
63,2022,5,8.006315532483553,19,2022-05-01,1739.105712890625
63,2022,6,7.4561106363932295,18,2022-06-01,1739.105712890625
63,2022,7,8.079477410567435,19,2022-07-01,1739.105712890625
63,2022,8,5.956002807617187,20,2022-08-01,1739.105712890625
63,2022,9,0.20999948601973684,19,2022-09-01,1739.105712890625
63,2022,10,0.22894608347039475,19,2022-10-01,1739.105712890625
63,2022,11,0.24166700575086805,18,2022-11-01,1739.105712890625
63,2022,12,1.534205386513158,19,2022-12-01,1739.105712890625
63,2023,1,4.593501281738281,20,2023-01-01,1739.105712890625
63,2023,2,5.785556369357639,18,2023-02-01,1739.105712890625
63,2023,3,6.675260844983552,19,2023-03-01,1739.105712890625
63,2023,4,7.7084189967105265,19,2023-04-01,1739.105712890625
63,2023,5,7.435553656684028,18,2023-05-01,1739.105712890625
63,2023,6,6.783154939350329,19,2023-06-01,1739.105712890625
63,2023,7,3.0135009765625,20,2023-07-01,1739.105712890625
63,2023,8,2.5415826094777962,19,2023-08-01,1739.105712890625
63,2023,9,2.5005560980902777,18,2023-09-01,1739.105712890625
63,2023,10,2.537898013466283,19,2023-10-01,1739.105712890625
63,2023,11,4.093160528885691,19,2023-11-01,1739.105712890625
63,2023,12,3.595503234863281,20,2023-12-01,1739.105712890625
63,2024,1,4.900477818080357,21,2024-01-01,1739.105712890625
63,2024,2,5.90777587890625,18,2024-02-01,1739.105712890625
63,2024,3,7.061503601074219,20,2024-03-01,1739.105712890625
63,2024,4,8.082628752055921,19,2024-04-01,1739.105712890625
63,2024,5,8.29157939710115,19,2024-05-01,1739.105712890625
63,2024,6,7.818418803967927,19,2024-06-01,1739.105712890625
63,2024,7,7.697898463199013,19,2024-07-01,1739.105712890625
63,2024,8,7.4631604646381575,19,2024-08-01,1739.105712890625
63,2024,9,7.338949103104441,19,2024-09-01,1739.105712890625
63,2024,10,6.138892279730903,18,2024-10-01,1739.105712890625
65,2020,10,3.368417840254934,19,2020-10-01,1595.8562622070313
65,2020,11,-0.10420467979029606,19,2020-11-01,1595.8562622070313
65,2020,12,0.9940017700195313,20,2020-12-01,1595.8562622070313
65,2021,1,3.0126310649671053,19,2021-01-01,1595.8562622070313
65,2021,2,4.314699060776654,17,2021-02-01,1595.8562622070313
65,2021,3,4.7689465974506575,19,2021-03-01,1595.8562622070313
65,2021,4,5.9205322265625,19,2021-04-01,1595.8562622070313
65,2021,5,6.033502197265625,20,2021-05-01,1595.8562622070313
65,2021,6,4.284737034847862,19,2021-06-01,1595.8562622070313
65,2021,7,2.773158023231908,19,2021-07-01,1595.8562622070313
65,2021,8,2.7294729132401314,19,2021-08-01,1595.8562622070313
65,2021,9,2.715784976356908,19,2021-09-01,1595.8562622070313
65,2021,10,2.6184982299804687,20,2021-10-01,1595.8562622070313
65,2021,11,2.427891781455592,19,2021-11-01,1595.8562622070313
65,2021,12,2.1057915938527962,19,2021-12-01,1595.8562622070313
65,2022,1,3.5626301012541117,19,2022-01-01,1595.8562622070313
65,2022,2,4.338229908662684,17,2022-02-01,1595.8562622070313
65,2022,3,5.831999206542969,20,2022-03-01,1595.8562622070313
65,2022,4,6.33157669870477,19,2022-04-01,1595.8562622070313
65,2022,5,6.5352622584292765,19,2022-05-01,1595.8562622070313
65,2022,6,3.9361080593532987,18,2022-06-01,1595.8562622070313
65,2022,7,3.8305294639185856,19,2022-07-01,1595.8562622070313
65,2022,8,3.6250015258789063,20,2022-08-01,1595.8562622070313
65,2022,9,2.8910602770353617,19,2022-09-01,1595.8562622070313
65,2022,10,2.258418032997533,19,2022-10-01,1595.8562622070313
65,2022,11,2.219997829861111,18,2022-11-01,1595.8562622070313
65,2022,12,2.7121003803453947,19,2022-12-01,1595.8562622070313
65,2023,1,3.930497741699219,20,2023-01-01,1595.8562622070313
65,2023,2,4.241668701171875,18,2023-02-01,1595.8562622070313
65,2023,3,4.959999486019737,19,2023-03-01,1595.8562622070313
65,2023,4,5.98052978515625,19,2023-04-01,1595.8562622070313
65,2023,5,5.517222086588542,18,2023-05-01,1595.8562622070313
65,2023,6,4.9105224609375,19,2023-06-01,1595.8562622070313
65,2023,7,2.816999816894531,20,2023-07-01,1595.8562622070313
65,2023,8,2.364211233038651,19,2023-08-01,1595.8562622070313
65,2023,9,1.5244479709201388,18,2023-09-01,1595.8562622070313
65,2023,10,1.205784847861842,19,2023-10-01,1595.8562622070313
65,2023,11,0.808423494037829,19,2023-11-01,1595.8562622070313
65,2023,12,1.9004974365234375,20,2023-12-01,1595.8562622070313
65,2024,1,3.894291469029018,21,2024-01-01,1595.8562622070313
65,2024,2,4.756106906467014,18,2024-02-01,1595.8562622070313
65,2024,3,5.696498107910156,20,2024-03-01,1595.8562622070313
65,2024,4,6.686311420641448,19,2024-04-01,1595.8562622070313
65,2024,5,6.586316560444079,19,2024-05-01,1595.8562622070313
65,2024,6,4.193156995271382,19,2024-06-01,1595.8562622070313
65,2024,7,3.380523681640625,19,2024-07-01,1595.8562622070313
65,2024,8,1.2636863306949013,19,2024-08-01,1595.8562622070313
65,2024,9,1.453682347347862,19,2024-09-01,1595.8562622070313
65,2024,10,2.4666680230034723,18,2024-10-01,1595.8562622070313
66,2020,10,2.0573666221217106,19,2020-10-01,1547.0839233398438
66,2020,11,0.17737298262746712,19,2020-11-01,1547.0839233398438
66,2020,12,0.8040008544921875,20,2020-12-01,1547.0839233398438
66,2021,1,1.5131562885485197,19,2021-01-01,1547.0839233398438
66,2021,2,1.848236083984375,17,2021-02-01,1547.0839233398438
66,2021,3,1.995264956825658,19,2021-03-01,1547.0839233398438
66,2021,4,2.582631964432566,19,2021-04-01,1547.0839233398438
66,2021,5,2.63800048828125,20,2021-05-01,1547.0839233398438
66,2021,6,2.5594723350123356,19,2021-06-01,1547.0839233398438
66,2021,7,2.6384164910567436,19,2021-07-01,1547.0839233398438
66,2021,8,2.584737677323191,19,2021-08-01,1547.0839233398438
66,2021,9,2.2468438399465462,19,2021-09-01,1547.0839233398438
66,2021,10,0.9395050048828125,20,2021-10-01,1547.0839233398438
66,2021,11,0.2978965357730263,19,2021-11-01,1547.0839233398438
66,2021,12,1.0278962787828947,19,2021-12-01,1547.0839233398438
66,2022,1,2.1505255448190788,19,2022-01-01,1547.0839233398438
66,2022,2,1.6982350068933822,17,2022-02-01,1547.0839233398438
66,2022,3,1.9425033569335937,20,2022-03-01,1547.0839233398438
66,2022,4,1.8936831825657894,19,2022-04-01,1547.0839233398438
66,2022,5,1.856310392680921,19,2022-05-01,1547.0839233398438
66,2022,6,1.633329603407118,18,2022-06-01,1547.0839233398438
66,2022,7,1.687369898745888,19,2022-07-01,1547.0839233398438
66,2022,8,1.60250244140625,20,2022-08-01,1547.0839233398438
66,2022,9,0.8373686137952303,19,2022-09-01,1547.0839233398438
66,2022,10,0.16368504574424342,19,2022-10-01,1547.0839233398438
66,2022,11,0.1761084662543403,18,2022-11-01,1547.0839233398438
66,2022,12,1.756317138671875,19,2022-12-01,1547.0839233398438
66,2023,1,2.10799560546875,20,2023-01-01,1547.0839233398438
66,2023,2,2.14554680718316,18,2023-02-01,1547.0839233398438
66,2023,3,2.752105712890625,19,2023-03-01,1547.0839233398438
66,2023,4,3.4099990844726564,20,2023-04-01,1547.0839233398438
66,2023,5,3.4394395616319446,18,2023-05-01,1547.0839233398438
66,2023,6,2.356318423622533,19,2023-06-01,1547.0839233398438
66,2023,7,1.467498779296875,20,2023-07-01,1547.0839233398438
66,2023,8,1.8447361996299343,19,2023-08-01,1547.0839233398438
66,2023,9,1.8511115180121527,18,2023-09-01,1547.0839233398438
66,2023,10,1.7915793971011513,19,2023-10-01,1547.0839233398438
66,2023,11,1.8994496663411458,18,2023-11-01,1547.0839233398438
66,2023,12,1.74849853515625,20,2023-12-01,1547.0839233398438
66,2024,1,0.7245040893554687,20,2024-01-01,1547.0839233398438
66,2024,2,0.6305558946397569,18,2024-02-01,1547.0839233398438
66,2024,3,2.1819976806640624,20,2024-03-01,1547.0839233398438
66,2024,4,2.984207956414474,19,2024-04-01,1547.0839233398438
66,2024,5,3.2399934467516447,19,2024-05-01,1547.0839233398438
66,2024,6,3.1894772178248356,19,2024-06-01,1547.0839233398438
66,2024,7,3.2468390213815788,19,2024-07-01,1547.0839233398438
66,2024,8,2.9489521227384867,19,2024-08-01,1547.0839233398438
66,2024,9,1.2794783742804277,19,2024-09-01,1547.0839233398438
66,2024,10,0.5372229682074653,18,2024-10-01,1547.0839233398438
67,2020,10,0.7005293996710527,19,2020-10-01,1692.57958984375
67,2020,11,1.359471371299342,19,2020-11-01,1692.57958984375
67,2020,12,1.4895034790039063,20,2020-12-01,1692.57958984375
67,2021,1,2.2268451891447367,19,2021-01-01,1692.57958984375
67,2021,2,3.4658831428079044,17,2021-02-01,1692.57958984375
67,2021,3,4.267366108141448,19,2021-03-01,1692.57958984375
67,2021,4,5.618417840254934,19,2021-04-01,1692.57958984375
67,2021,5,6.27099609375,20,2021-05-01,1692.57958984375
67,2021,6,6.1010485197368425,19,2021-06-01,1692.57958984375
67,2021,7,6.411579332853618,19,2021-07-01,1692.57958984375
67,2021,8,5.983681126644737,19,2021-08-01,1692.57958984375
67,2021,9,3.587895443564967,19,2021-09-01,1692.57958984375
67,2021,10,-0.1095001220703125,20,2021-10-01,1692.57958984375
67,2021,11,-0.08474088969983552,19,2021-11-01,1692.57958984375
67,2021,12,1.2400014776932566,19,2021-12-01,1692.57958984375
67,2022,1,3.4263128983347038,19,2022-01-01,1692.57958984375
67,2022,2,4.231761259191177,17,2022-02-01,1692.57958984375
67,2022,3,6.129499816894532,20,2022-03-01,1692.57958984375
67,2022,4,7.468420731393914,19,2022-04-01,1692.57958984375
67,2022,5,7.804745322779605,19,2022-05-01,1692.57958984375
67,2022,6,6.993886311848958,18,2022-06-01,1692.57958984375
67,2022,7,7.583158794202302,19,2022-07-01,1692.57958984375
67,2022,8,4.747999572753907,20,2022-08-01,1692.57958984375
67,2022,9,1.396318937602796,19,2022-09-01,1692.57958984375
67,2022,10,1.477897242495888,19,2022-10-01,1692.57958984375
67,2022,11,1.4116634792751737,18,2022-11-01,1692.57958984375
67,2022,12,1.3631527549342106,19,2022-12-01,1692.57958984375
67,2023,1,2.288502502441406,20,2023-01-01,1692.57958984375
67,2023,2,4.234444512261285,18,2023-02-01,1692.57958984375
67,2023,3,6.109472977487664,19,2023-03-01,1692.57958984375
67,2023,4,6.381052117598684,19,2023-04-01,1692.57958984375
67,2023,5,4.6511077880859375,18,2023-05-01,1692.57958984375
67,2023,6,4.0568397923519735,19,2023-06-01,1692.57958984375
67,2023,7,3.3155029296875,20,2023-07-01,1692.57958984375
67,2023,8,2.377370733963816,19,2023-08-01,1692.57958984375
67,2023,9,2.0416734483506946,18,2023-09-01,1692.57958984375
67,2023,10,1.138422915810033,19,2023-10-01,1692.57958984375
67,2023,11,1.1194747121710527,19,2023-11-01,1692.57958984375
67,2023,12,1.5494964599609375,20,2023-12-01,1692.57958984375
67,2024,1,1.129473234477796,19,2024-01-01,1692.57958984375
67,2024,2,2.4277784559461804,18,2024-02-01,1692.57958984375
67,2024,3,4.689500427246093,20,2024-03-01,1692.57958984375
67,2024,4,6.325265984786184,19,2024-04-01,1692.57958984375
67,2024,5,6.567369962993421,19,2024-05-01,1692.57958984375
67,2024,6,6.202630293996711,19,2024-06-01,1692.57958984375
67,2024,7,6.229998136821546,19,2024-07-01,1692.57958984375
67,2024,8,5.88473831979852,19,2024-08-01,1692.57958984375
67,2024,9,5.834736071134868,19,2024-09-01,1692.57958984375
67,2024,10,2.4800008138020835,18,2024-10-01,1692.57958984375
70,2020,10,3.0368427477384867,19,2020-10-01,1604.9100952148438
70,2020,11,3.033681769120066,19,2020-11-01,1604.9100952148438
70,2020,12,3.405995178222656,20,2020-12-01,1604.9100952148438
70,2021,1,4.304208855879934,19,2021-01-01,1604.9100952148438
70,2021,2,4.337646484375,17,2021-02-01,1604.9100952148438
70,2021,3,4.163156609786184,19,2021-03-01,1604.9100952148438
70,2021,4,4.869998329564145,19,2021-04-01,1604.9100952148438
70,2021,5,5.012997436523437,20,2021-05-01,1604.9100952148438
70,2021,6,4.796314440275493,19,2021-06-01,1604.9100952148438
70,2021,7,4.844734593441612,19,2021-07-01,1604.9100952148438
70,2021,8,4.667368035567434,19,2021-08-01,1604.9100952148438
70,2021,9,4.5742042943050985,19,2021-09-01,1604.9100952148438
70,2021,10,3.0270034790039064,20,2021-10-01,1604.9100952148438
70,2021,11,0.14052862870065788,19,2021-11-01,1604.9100952148438
70,2021,12,3.0878938373766447,19,2021-12-01,1604.9100952148438
70,2022,1,4.080527857730263,19,2022-01-01,1604.9100952148438
70,2022,2,2.5176463407628678,17,2022-02-01,1604.9100952148438
70,2022,3,4.427503967285157,20,2022-03-01,1604.9100952148438
70,2022,4,4.329474198190789,19,2022-04-01,1604.9100952148438
70,2022,5,4.174740439967105,19,2022-05-01,1604.9100952148438
70,2022,6,3.668333265516493,18,2022-06-01,1604.9100952148438
70,2022,7,3.7715791401110197,19,2022-07-01,1604.9100952148438
70,2022,8,3.560498046875,20,2022-08-01,1604.9100952148438
70,2022,9,1.833155581825658,19,2022-09-01,1604.9100952148438
70,2022,10,0.10842253032483552,19,2022-10-01,1604.9100952148438
70,2022,11,0.12389119466145833,18,2022-11-01,1604.9100952148438
70,2022,12,1.764213160464638,19,2022-12-01,1604.9100952148438
70,2023,1,4.473994445800781,20,2023-01-01,1604.9100952148438
70,2023,2,4.198889838324653,18,2023-02-01,1604.9100952148438
70,2023,3,4.7821044921875,19,2023-03-01,1604.9100952148438
70,2023,4,4.435792621813323,19,2023-04-01,1604.9100952148438
70,2023,5,3.8033311631944446,18,2023-05-01,1604.9100952148438
70,2023,6,3.392104299444901,19,2023-06-01,1604.9100952148438
70,2023,7,3.8680038452148438,20,2023-07-01,1604.9100952148438
70,2023,8,4.501580489309211,19,2023-08-01,1604.9100952148438
70,2023,9,4.465557522243923,18,2023-09-01,1604.9100952148438
70,2023,10,4.317369962993421,19,2023-10-01,1604.9100952148438
70,2023,11,4.461576762952302,19,2023-11-01,1604.9100952148438
70,2023,12,3.7985015869140626,20,2023-12-01,1604.9100952148438
70,2024,1,3.598004150390625,20,2024-01-01,1604.9100952148438
70,2024,2,4.358888414171007,18,2024-02-01,1604.9100952148438
70,2024,3,4.906498718261719,20,2024-03-01,1604.9100952148438
70,2024,4,4.836841784025493,19,2024-04-01,1604.9100952148438
70,2024,5,4.567895186574836,19,2024-05-01,1604.9100952148438
70,2024,6,4.285257439864309,19,2024-06-01,1604.9100952148438
70,2024,7,4.201056229440789,19,2024-07-01,1604.9100952148438
70,2024,8,3.8205245168585527,19,2024-08-01,1604.9100952148438
70,2024,9,2.5789473684210527,19,2024-09-01,1604.9100952148438
70,2024,10,1.7794443766276042,18,2024-10-01,1604.9100952148438
