		Temp	Hi	Low	Out	Dew	Wind	Wind	Wind	Hi	Hi	Wind	Heat	THW	THSW			Rain	Solar	Solar	Hi Solar	UV 	UV 	Hi 	Heat	Cool	In 	In	In 	In 	In 	In Air		Wind	Wind	ISS 	Arc.
Date	Time	Out	Temp	Temp	Hum	Pt.	Speed	Dir	Run	Speed	Dir	Chill	Index	Index	Index	Bar  	Rain	Rate	Rad.	Energy	Rad. 	Index	Dose	UV 	D-D 	D-D 	Temp	Hum	Dew	Heat	EMC	Density	ET 	Samp	Tx 	Recept	Int.
08/01/20	12:30 a	78.9	78.9	78.6	100	78.9	0.0	---	0.00	0.0	---	78.9	86.6	86.6	85.3	29.692	0.00	0.00	0	0.00	0	0.0	0.00	0.0	0.000	0.290	-52.3	0	---	-52.4	-52.4	 .0967	0.000	701	1	100.0	30
08/01/20	1:00 a	79.0	79.0	78.7	100	79.0	0.0	---	0.00	0.0	---	79.0	86.8	86.8	85.6	29.799	0.00	0.00	0	0.00	0	0.0	0.00	0.0	0.000	0.292	-52.3	0	---	-52.4	-52.4	 .0970	0.000	703	1	100.0	30
08/01/20	1:30 a	78.9	79.0	78.8	100	78.9	0.0	---	0.00	0.0	---	78.9	86.6	86.6	85.3	29.692	0.00	0.00	0	0.00	0	0.0	0.00	0.0	0.000	0.290	-52.3	0	---	-52.4	-52.4	 .0967	0.000	702	1	100.0	30
08/01/20	2:00 a	78.7	79.0	78.7	100	78.7	0.0	---	0.00	0.0	---	78.7	86.1	86.1	84.8	29.692	0.00	0.00	0	0.00	0	0.0	0.00	0.0	0.000	0.285	-52.3	0	---	-52.4	-52.4	 .0967	0.000	703	1	100.0	30
08/01/20	2:30 a	78.3	78.8	78.1	100	78.3	0.0	ESE	0.00	1.0	ESE	78.3	85.1	85.1	83.8	29.692	0.00	0.00	0	0.00	0	0.0	0.00	0.0	0.000	0.277	-52.3	0	---	-52.4	-52.4	 .0967	0.000	700	1	100.0	30
08/01/20	3:00 a	77.8	78.4	77.8	100	77.8	0.0	---	0.00	0.0	---	77.8	84.0	84.0	82.6	29.777	0.00	0.00	0	0.00	0	0.0	0.00	0.0	0.000	0.267	-52.3	0	---	-52.4	-52.4	 .0970	0.000	703	1	100.0	30
08/01/20	3:30 a	77.9	78.0	77.7	100	77.9	0.0	ESE	0.00	1.0	ESE	77.9	84.2	84.2	82.8	29.777	0.00	0.00	0	0.00	0	0.0	0.00	0.0	0.000	0.269	-52.3	0	---	-52.4	-52.4	 .0970	0.000	702	1	100.0	30
08/01/20	4:00 a	78.0	78.0	77.9	100	78.0	0.0	---	0.00	0.0	---	78.0	84.4	84.4	83.1	29.777	0.00	0.00	0	0.00	0	0.0	0.00	0.0	0.000	0.271	-52.3	0	---	-52.4	-52.4	 .0970	0.000	701	1	100.0	30
08/01/20	4:30 a	78.1	78.1	77.9	100	78.1	0.0	---	0.00	0.0	---	78.1	84.6	84.6	83.3	29.777	0.00	0.00	0	0.00	0	0.0	0.00	0.0	0.000	0.273	-52.3	0	---	-52.4	-52.4	 .0970	0.000	703	1	100.0	30
08/01/20	5:00 a	77.8	78.2	77.8	100	77.8	0.0	ESE	0.00	1.0	ESE	77.8	84.0	84.0	82.6	29.777	0.00	0.00	0	0.00	0	0.0	0.00	0.0	0.000	0.267	-52.3	0	---	-52.4	-52.4	 .0970	0.000	701	1	100.0	30
08/01/20	5:30 a	78.2	78.2	77.7	100	78.2	0.0	---	0.00	0.0	---	78.2	84.9	84.9	83.6	29.777	0.00	0.00	0	0.00	0	0.0	0.00	0.0	0.000	0.275	-52.3	0	---	-52.4	-52.4	 .0970	0.000	702	1	100.0	30
08/01/20	6:00 a	78.5	78.5	78.1	100	78.5	0.0	---	0.00	0.0	---	78.5	85.6	85.6	84.4	29.777	0.00	0.00	6	0.26	18	0.0	0.00	0.0	0.000	0.281	-52.3	0	---	-52.4	-52.4	 .0970	0.000	698	1	100.0	30
08/01/20	6:30 a	79.1	79.1	78.3	100	79.1	0.0	---	0.00	0.0	---	79.1	87.1	87.1	88.5	29.692	0.00	0.00	44	1.89	77	0.0	0.00	0.0	0.000	0.294	-52.3	0	---	-52.4	-52.4	 .0967	0.000	699	1	100.0	30
08/01/20	7:00 a	79.5	79.8	79.2	100	79.5	0.0	ESE	0.00	2.0	ESE	79.5	88.2	88.2	90.8	29.814	0.00	0.00	83	3.57	114	0.1	0.02	0.5	0.000	0.302	-52.3	0	---	-52.4	-52.4	 .0971	0.002	700	1	100.0	30
08/01/20	7:30 a	80.3	80.4	79.4	100	80.3	0.0	SSE	0.00	2.0	ESE	80.3	90.5	90.5	94.1	29.805	0.00	0.00	123	5.29	262	0.6	0.13	0.9	0.000	0.319	-51.1	0	---	-51.2	-51.2	 .0968	0.000	702	1	100.0	30
08/01/20	8:00 a	80.4	80.8	80.0	100	80.4	1.0	E	0.50	6.0	S	80.4	90.8	90.8	96.1	29.825	0.00	0.00	196	8.43	348	1.2	0.26	1.7	0.000	0.321	-52.3	0	---	-52.4	-52.4	 .0971	0.004	698	1	100.0	30
08/01/20	8:30 a	81.6	81.6	80.3	100	81.6	2.0	SSE	1.00	7.0	S	81.6	94.4	94.4	101.4	29.825	0.00	0.00	287	12.34	362	1.9	0.41	2.3	0.000	0.346	-52.3	0	---	-52.4	-52.4	 .0971	0.000	703	1	100.0	30
08/01/20	9:00 a	81.8	82.2	81.5	100	81.8	1.0	SE	0.50	5.0	S	81.8	95.1	95.1	102.3	29.846	0.00	0.00	313	13.46	380	2.1	0.45	2.3	0.000	0.350	-52.3	0	---	-52.4	-52.4	 .0972	0.007	700	1	100.0	30
08/01/20	9:30 a	83.2	83.4	81.7	100	83.2	1.0	SSW	0.50	4.0	SE	83.2	100.0	100.0	108.4	29.847	0.00	0.00	382	16.43	775	3.2	0.69	5.1	0.000	0.379	-52.3	0	---	-52.4	-52.4	 .0972	0.000	700	1	100.0	30
08/01/20	10:00 a	85.2	85.7	82.1	100	85.2	1.0	SE	0.50	5.0	SSE	85.2	108.7	108.7	120.6	29.847	0.00	0.00	614	26.41	995	5.3	1.14	6.8	0.000	0.421	-52.3	0	---	-52.4	-52.4	 .0972	0.014	701	1	100.0	30
08/01/20	10:30 a	84.4	85.4	84.3	100	84.4	1.0	S	0.50	5.0	SSW	84.4	104.9	104.9	118.1	29.847	0.00	0.00	765	32.90	954	5.2	1.11	6.7	0.000	0.404	-52.3	0	---	-52.4	-52.4	 .0972	0.000	701	1	100.0	30
08/01/20	11:00 a	85.4	86.0	84.3	100	85.4	1.0	SSW	0.50	5.0	SSE	85.4	109.8	109.8	122.9	29.847	0.00	0.00	733	31.52	967	7.0	1.50	8.3	0.000	0.425	-52.3	0	---	-52.4	-52.4	 .0972	0.019	701	1	100.0	30
08/01/20	11:30 a	84.7	85.6	84.6	100	84.7	1.0	SE	0.50	5.0	SSE	84.7	106.2	106.2	119.5	29.232	0.00	0.00	787	33.85	853	7.6	1.63	8.0	0.000	0.410	-52.3	0	---	-52.4	-52.4	 .0952	0.000	701	1	100.0	30
08/01/20	12:00 p	85.9	85.9	84.1	100	85.9	1.0	SE	0.50	4.0	SE	85.9	112.6	112.6	125.4	29.692	0.00	0.00	698	30.02	1011	7.0	1.50	9.2	0.000	0.435	-52.3	0	---	-52.4	-52.4	 .0967	0.019	700	1	100.0	30
08/01/20	12:30 p	86.6	86.7	85.4	100	86.6	2.0	SSE	1.00	7.0	SE	86.6	117.6	117.6	130.2	29.804	0.00	0.00	1037	44.60	1086	9.3	1.99	9.6	0.000	0.450	-52.3	0	---	-52.4	-52.4	 .0970	0.000	700	1	100.0	30
08/01/20	1:00 p	85.6	86.9	85.6	100	85.6	2.0	S	1.00	9.0	S	85.6	111.0	111.0	124.0	29.804	0.00	0.00	1004	43.18	1155	8.4	1.80	9.2	0.000	0.429	-52.3	0	---	-52.4	-52.4	 .0970	0.025	700	1	100.0	30
08/01/20	1:30 p	85.9	86.1	85.0	100	85.9	2.0	S	1.00	7.0	S	85.9	112.6	112.6	124.9	29.804	0.00	0.00	839	36.08	937	7.0	1.50	7.9	0.000	0.435	-52.3	0	---	-52.4	-52.4	 .0970	0.000	701	1	100.0	30
08/01/20	2:00 p	85.3	86.5	85.2	100	85.3	3.0	SE	1.50	8.0	SSE	85.3	109.3	109.3	122.9	29.804	0.00	0.00	864	37.16	911	6.3	1.35	7.1	0.000	0.423	-52.3	0	---	-52.4	-52.4	 .0970	0.021	702	1	100.0	30
08/01/20	2:30 p	85.0	86.2	84.8	100	85.0	2.0	SE	1.00	7.0	SSE	85.0	107.6	107.6	119.8	29.152	0.00	0.00	688	29.59	803	4.7	1.01	5.7	0.000	0.417	-52.3	0	---	-52.4	-52.4	 .0949	0.000	700	1	100.0	30
08/01/20	3:00 p	85.7	85.7	84.9	100	85.7	2.0	SE	1.00	7.0	E	85.7	111.5	111.5	123.7	29.749	0.00	0.00	590	25.37	619	3.5	0.75	3.9	0.000	0.431	-52.3	0	---	-52.4	-52.4	 .0969	0.016	702	1	100.0	30
08/01/20	3:30 p	85.2	85.8	84.5	100	85.2	1.0	S	0.50	6.0	SSE	85.2	108.7	108.7	122.3	29.750	0.00	0.00	547	23.52	633	2.6	0.56	3.1	0.000	0.421	-52.3	0	---	-52.4	-52.4	 .0969	0.000	701	1	100.0	30
08/01/20	4:00 p	85.0	85.4	84.3	100	85.0	1.0	N	0.50	5.0	SE	85.0	107.6	107.6	119.1	29.750	0.00	0.00	381	16.39	489	1.6	0.34	2.1	0.000	0.417	-52.3	0	---	-52.4	-52.4	 .0969	0.012	700	1	100.0	30
08/01/20	4:30 p	83.6	85.0	83.5	100	83.6	1.0	SSE	0.50	6.0	SSE	83.6	101.5	101.5	109.2	29.749	0.00	0.00	203	8.73	313	0.7	0.15	1.2	0.000	0.387	-52.3	0	---	-52.4	-52.4	 .0969	0.000	699	1	100.0	30
08/01/20	5:00 p	82.9	83.9	82.8	100	82.9	1.0	SSE	0.50	5.0	SSE	82.9	98.9	98.9	102.7	29.749	0.00	0.00	98	4.21	163	0.0	0.00	0.0	0.000	0.373	-52.3	0	---	-52.4	-52.4	 .0969	0.004	700	1	100.0	30
08/01/20	5:30 p	82.2	83.1	82.2	100	82.2	0.0	SE	0.00	3.0	SSE	82.2	96.4	96.4	96.4	29.766	0.00	0.00	49	2.11	76	0.0	0.00	0.0	0.000	0.358	-52.3	0	---	-52.4	-52.4	 .0969	0.000	700	1	100.0	30
08/01/20	6:00 p	81.0	82.2	81.0	100	81.0	0.0	SE	0.00	4.0	SSE	81.0	92.5	92.5	91.5	29.692	0.00	0.00	6	0.26	19	0.0	0.00	0.0	0.000	0.333	-52.3	0	---	-52.4	-52.4	 .0967	0.001	699	1	100.0	30
08/01/20	6:30 p	80.4	80.9	80.3	100	80.4	0.0	SSE	0.00	2.0	SSE	80.4	90.8	90.8	89.6	19.390	0.00	0.00	0	0.00	0	0.0	0.00	0.0	0.000	0.321	-52.3	0	---	-52.4	-52.4	 .0631	0.000	702	1	100.0	30
08/01/20	7:00 p	80.1	80.5	80.1	100	80.1	0.0	SSE	0.00	1.0	SSE	80.1	89.9	89.9	88.7	29.779	0.00	0.00	0	0.00	0	0.0	0.00	0.0	0.000	0.315	-52.3	0	---	-52.4	-52.4	 .0970	0.000	702	1	100.0	30
08/01/20	7:30 p	79.6	80.1	79.5	100	79.6	0.0	---	0.00	0.0	---	79.6	88.5	88.5	87.2	29.779	0.00	0.00	0	0.00	0	0.0	0.00	0.0	0.000	0.304	-52.3	0	---	-52.4	-52.4	 .0970	0.000	701	1	100.0	30
08/01/20	8:00 p	79.8	79.8	79.6	100	79.8	0.0	SSE	0.00	1.0	SSE	79.8	89.0	89.0	87.7	29.779	0.00	0.00	0	0.00	0	0.0	0.00	0.0	0.000	0.308	-52.3	0	---	-52.4	-52.4	 .0970	0.000	698	1	100.0	30
08/01/20	8:30 p	79.8	79.9	79.6	100	79.8	0.0	SSE	0.00	1.0	SSE	79.8	89.0	89.0	87.7	29.779	0.00	0.00	0	0.00	0	0.0	0.00	0.0	0.000	0.308	-52.3	0	---	-52.4	-52.4	 .0970	0.000	700	1	100.0	30
08/01/20	9:00 p	79.7	79.8	79.6	100	79.7	0.0	SSE	0.00	1.0	SSE	79.7	88.8	88.8	87.5	29.779	0.00	0.00	0	0.00	0	0.0	0.00	0.0	0.000	0.306	-52.3	0	---	-52.4	-52.4	 .0970	0.000	700	1	100.0	30
08/01/20	9:30 p	79.6	79.8	79.6	100	79.6	0.0	SSE	0.00	1.0	SSE	79.6	88.5	88.5	87.2	29.779	0.00	0.00	0	0.00	0	0.0	0.00	0.0	0.000	0.304	-52.3	0	---	-52.4	-52.4	 .0970	0.000	700	1	100.0	30
08/01/20	10:00 p	79.0	79.7	78.9	100	79.0	0.0	NNE	0.00	3.0	NE	79.0	86.8	86.8	85.5	29.779	0.00	0.00	0	0.00	0	0.0	0.00	0.0	0.000	0.292	-52.3	0	---	-52.4	-52.4	 .0970	0.000	703	1	100.0	30
08/01/20	10:30 p	79.1	79.2	78.9	100	79.1	0.0	---	0.00	0.0	---	79.1	87.1	87.1	85.8	29.843	0.00	0.00	0	0.00	0	0.0	0.00	0.0	0.000	0.294	-52.3	0	---	-52.4	-52.4	 .0972	0.000	699	1	100.0	30
08/01/20	11:00 p	78.8	79.2	78.8	100	78.8	0.0	NNE	0.00	1.0	NNE	78.8	86.3	86.3	85.0	29.843	0.00	0.00	0	0.00	0	0.0	0.00	0.0	0.000	0.288	-52.3	0	---	-52.4	-52.4	 .0972	0.000	702	1	100.0	30
08/01/20	11:30 p	78.6	78.9	78.6	100	78.6	0.0	NNE	0.00	1.0	NNE	78.6	85.8	85.8	84.5	29.692	0.00	0.00	0	0.00	0	0.0	0.00	0.0	0.000	0.283	-52.3	0	---	-52.4	-52.4	 .0967	0.000	700	1	100.0	30
08/02/20	12:00 a	78.3	78.7	78.2	100	78.3	0.0	NNE	0.00	2.0	NNE	78.3	85.1	85.1	83.8	29.692	0.00	0.00	0	0.00	0	0.0	0.00	0.0	0.000	0.277	-52.3	0	---	-52.4	-52.4	 .0967	0.000	701	1	100.0	30
08/02/20	12:30 a	78.0	78.4	78.0	100	78.0	0.0	NNE	0.00	1.0	NNE	78.0	84.4	84.4	83.1	29.692	0.00	0.00	0	0.00	0	0.0	0.00	0.0	0.000	0.271	-52.3	0	---	-52.4	-52.4	 .0967	0.000	701	1	100.0	30
08/02/20	1:00 a	77.9	78.1	77.9	100	77.9	0.0	---	0.00	0.0	---	77.9	84.2	84.2	82.8	29.692	0.00	0.00	0	0.00	0	0.0	0.00	0.0	0.000	0.269	-52.3	0	---	-52.4	-52.4	 .0967	0.000	703	1	100.0	30
08/02/20	1:30 a	77.9	78.1	77.9	100	77.9	0.0	NNE	0.00	1.0	NNE	77.9	84.2	84.2	82.8	29.692	0.00	0.00	0	0.00	0	0.0	0.00	0.0	0.000	0.269	-52.3	0	---	-52.4	-52.4	 .0967	0.000	700	1	100.0	30
08/02/20	2:00 a	77.5	78.0	77.4	100	77.5	0.0	NNE	0.00	1.0	NNE	77.5	83.3	83.3	81.9	29.173	0.00	0.00	0	0.00	0	0.0	0.00	0.0	0.000	0.260	-52.3	0	---	-52.4	-52.4	 .0950	0.000	702	1	100.0	30
08/02/20	2:30 a	77.5	77.6	77.4	100	77.5	0.0	NNE	0.00	1.0	NNE	77.5	83.3	83.3	81.9	29.173	0.00	0.00	0	0.00	0	0.0	0.00	0.0	0.000	0.260	-52.3	0	---	-52.4	-52.4	 .0950	0.000	701	1	100.0	30
08/02/20	3:00 a	77.7	77.7	77.4	100	77.7	0.0	---	0.00	0.0	---	77.7	83.7	83.7	82.3	19.389	0.00	0.00	0	0.00	0	0.0	0.00	0.0	0.000	0.265	-52.3	0	---	-52.4	-52.4	 .0631	0.000	699	1	100.0	30
08/02/20	3:30 a	77.6	77.8	77.6	100	77.6	0.0	NNE	0.00	1.0	NNE	77.6	83.5	83.5	82.1	19.389	0.00	0.00	0	0.00	0	0.0	0.00	0.0	0.000	0.262	-52.3	0	---	-52.4	-52.4	 .0631	0.000	701	1	100.0	30
08/02/20	4:00 a	77.9	77.9	77.7	100	77.9	0.0	NNE	0.00	2.0	NNE	77.9	84.2	84.2	82.8	19.389	0.00	0.00	0	0.00	0	0.0	0.00	0.0	0.000	0.269	-52.3	0	---	-52.4	-52.4	 .0631	0.000	700	1	100.0	30
08/02/20	4:30 a	78.1	78.1	77.8	100	78.1	0.0	WSW	0.00	1.0	WSW	78.1	84.6	84.6	83.3	29.692	0.00	0.00	0	0.00	0	0.0	0.00	0.0	0.000	0.273	-52.3	0	---	-52.4	-52.4	 .0967	0.000	700	1	100.0	30
08/02/20	5:00 a	78.1	78.2	78.0	100	78.1	0.0	WSW	0.00	1.0	WSW	78.1	84.6	84.6	83.3	19.389	0.00	0.00	0	0.00	0	0.0	0.00	0.0	0.000	0.273	-52.3	0	---	-52.4	-52.4	 .0631	0.000	700	1	100.0	30
08/02/20	5:30 a	78.2	78.3	78.1	100	78.2	0.0	WSW	0.00	2.0	WSW	78.2	84.9	84.9	83.6	19.389	0.00	0.00	0	0.00	0	0.0	0.00	0.0	0.000	0.275	-52.3	0	---	-52.4	-52.4	 .0631	0.000	701	1	100.0	30
08/02/20	6:00 a	78.3	78.4	78.2	100	78.3	0.0	SW	0.00	1.0	WSW	78.3	85.1	85.1	84.0	19.389	0.00	0.00	9	0.39	23	0.0	0.00	0.0	0.000	0.277	-52.3	0	---	-52.4	-52.4	 .0631	0.000	699	1	100.0	30
08/02/20	6:30 a	78.7	78.7	78.4	100	78.7	0.0	S	0.00	1.0	S	78.7	86.1	86.1	87.2	19.389	0.00	0.00	39	1.68	49	0.0	0.00	0.0	0.000	0.285	-52.3	0	---	-52.4	-52.4	 .0631	0.000	703	1	100.0	30
08/02/20	7:00 a	79.5	79.6	78.6	100	79.5	0.0	S	0.00	1.0	S	79.5	88.2	88.2	91.7	29.692	0.00	0.00	106	4.56	139	0.1	0.02	0.5	0.000	0.302	-52.3	0	---	-52.4	-52.4	 .0967	0.002	701	1	100.0	30
08/02/20	7:30 a	80.3	80.3	79.2	100	80.3	1.0	WSW	0.50	3.0	SSW	80.3	90.5	90.5	96.4	29.692	0.00	0.00	194	8.34	241	0.8	0.17	1.1	0.000	0.319	-52.3	0	---	-52.4	-52.4	 .0967	0.000	701	1	100.0	30
08/02/20	8:00 a	81.4	81.7	80.1	100	81.4	1.0	WSW	0.50	4.0	SSW	81.4	93.8	93.8	100.1	29.086	0.00	0.00	231	9.93	355	1.4	0.30	1.7	0.000	0.342	-52.3	0	---	-52.4	-52.4	 .0947	0.005	700	1	100.0	30
08/02/20	8:30 a	80.8	81.5	80.6	100	80.8	0.0	S	0.00	1.0	S	80.8	91.9	91.9	94.8	29.827	0.00	0.00	129	5.55	225	1.7	0.36	2.2	0.000	0.329	-22.0	0	---	-22.2	-22.2	 .0904	0.000	702	1	100.0	30
08/02/20	9:00 a	82.2	82.3	80.8	100	82.2	0.0	W	0.00	3.0	WSW	82.2	96.4	96.4	103.2	29.692	0.00	0.00	294	12.64	445	2.4	0.51	3.1	0.000	0.358	-52.3	0	---	-52.4	-52.4	 .0967	0.005	699	1	100.0	30
08/02/20	9:30 a	83.6	84.0	81.8	100	83.6	0.0	SSW	0.00	3.0	SW	83.6	101.5	101.5	108.8	29.237	0.00	0.00	327	14.06	1004	3.4	0.73	6.1	0.000	0.387	-52.3	0	---	-52.4	-52.4	 .0952	0.000	702	1	100.0	30
08/02/20	10:00 a	84.2	84.6	83.1	100	84.2	1.0	SSE	0.50	4.0	W	84.2	104.0	104.0	111.2	29.692	0.00	0.00	323	13.89	1002	4.1	0.88	6.5	0.000	0.400	-52.3	0	---	-52.4	-52.4	 .0967	0.010	701	1	100.0	30
08/02/20	10:30 a	86.3	86.3	83.8	100	86.3	1.0	S	0.50	7.0	SE	86.3	115.4	115.4	128.8	29.692	0.00	0.00	790	33.97	1090	4.8	1.03	7.3	0.000	0.444	-52.3	0	---	-52.4	-52.4	 .0967	0.000	700	1	100.0	30
08/02/20	11:00 a	85.9	86.7	85.7	100	85.9	2.0	S	1.00	7.0	ESE	85.9	112.6	112.6	124.3	30.141	0.00	0.00	970	41.72	1086	8.7	1.86	9.3	0.000	0.435	-52.3	0	---	-52.4	-52.4	 .0981	0.021	701	1	100.0	30
08/02/20	11:30 a	86.4	87.1	85.9	100	86.4	2.0	SW	1.00	5.0	S	86.4	116.1	116.1	127.5	29.839	0.00	0.00	1016	43.69	1046	9.3	1.99	9.5	0.000	0.446	-52.3	0	---	-52.4	-52.4	 .0972	0.000	698	1	100.0	30
08/02/20	12:00 p	86.1	87.2	85.8	100	86.1	2.0	SE	1.00	6.0	N	86.1	113.9	113.9	126.4	29.825	0.00	0.00	953	40.98	1048	8.9	1.91	9.5	0.000	0.440	-52.3	0	---	-52.4	-52.4	 .0971	0.025	700	1	100.0	30
08/02/20	12:30 p	87.0	87.1	86.1	100	87.0	2.0	S	1.00	6.0	SSW	87.0	120.5	120.5	132.9	29.825	0.00	0.00	1015	43.65	1208	8.8	1.89	9.7	0.000	0.458	-52.3	0	---	-52.4	-52.4	 .0971	0.000	699	1	100.0	30
08/02/20	1:00 p	86.7	87.6	86.2	100	86.7	2.0	SSW	1.00	7.0	S	86.7	118.3	118.3	132.2	29.825	0.00	0.00	1064	45.76	1144	8.4	1.80	9.6	0.000	0.452	-52.3	0	---	-52.4	-52.4	 .0971	0.025	702	1	100.0	30
08/02/20	1:30 p	86.6	87.0	84.9	100	86.6	2.0	SSW	1.00	5.0	S	86.6	117.6	117.6	130.3	29.161	0.00	0.00	684	29.42	1238	5.9	1.26	8.5	0.000	0.450	-52.3	0	---	-52.4	-52.4	 .0949	0.000	700	1	100.0	30
08/02/20	2:00 p	85.6	86.6	85.0	100	85.6	2.0	SSE	1.00	6.0	S	85.6	111.0	111.0	121.0	29.786	0.00	0.00	455	19.57	1118	4.9	1.05	7.6	0.000	0.429	-52.3	0	---	-52.4	-52.4	 .0970	0.017	701	1	100.0	30
08/02/20	2:30 p	85.9	86.8	85.6	100	85.9	2.0	S	1.00	7.0	S	85.9	112.6	112.6	126.2	29.086	0.00	0.00	764	32.86	888	4.9	1.05	5.9	0.000	0.435	-52.3	0	---	-52.4	-52.4	 .0947	0.000	700	1	100.0	30
08/02/20	3:00 p	86.0	86.1	85.2	100	86.0	2.0	SSE	1.00	8.0	S	86.0	113.2	113.2	127.6	29.086	0.00	0.00	686	29.50	824	3.6	0.77	4.5	0.000	0.438	-52.3	0	---	-52.4	-52.4	 .0947	0.018	701	1	100.0	30
08/02/20	3:30 p	85.2	86.5	85.1	100	85.2	2.0	SSE	1.00	8.0	SSE	85.2	108.7	108.7	124.1	29.086	0.00	0.00	612	26.32	701	2.6	0.56	3.3	0.000	0.421	-52.3	0	---	-52.4	-52.4	 .0947	0.000	701	1	100.0	30
08/02/20	4:00 p	85.0	85.6	84.9	100	85.0	2.0	SSE	1.00	8.0	ESE	85.0	107.6	107.6	121.1	29.160	0.00	0.00	445	19.14	563	1.6	0.34	2.0	0.000	0.417	-52.3	0	---	-52.4	-52.4	 .0949	0.013	700	1	100.0	30
08/02/20	4:30 p	83.9	84.9	83.9	100	83.9	2.0	SSE	1.00	8.0	ESE	83.9	102.7	102.7	109.1	29.692	0.00	0.00	163	7.01	397	0.7	0.15	1.1	0.000	0.394	-52.3	0	---	-52.4	-52.4	 .0967	0.000	701	1	100.0	30
08/02/20	5:00 p	83.4	83.9	83.3	100	83.4	1.0	S	0.50	8.0	SSE	83.4	100.8	100.8	104.6	29.766	0.00	0.00	105	4.52	128	0.1	0.02	0.5	0.000	0.383	-52.3	0	---	-52.4	-52.4	 .0969	0.004	697	1	100.0	30
08/02/20	5:30 p	82.3	83.4	82.3	100	82.3	0.0	ESE	0.00	5.0	SSE	82.3	96.8	96.8	96.9	29.692	0.00	0.00	53	2.28	120	0.0	0.00	0.0	0.000	0.360	-52.3	0	---	-52.4	-52.4	 .0967	0.000	700	1	100.0	30
08/02/20	6:00 p	81.4	82.4	81.3	100	81.4	0.0	ESE	0.00	4.0	SE	81.4	93.8	93.8	92.8	29.796	0.00	0.00	8	0.34	23	0.0	0.00	0.0	0.000	0.342	-51.7	0	---	-51.8	-51.8	 .0969	0.001	701	1	100.0	30
08/02/20	6:30 p	81.1	81.5	81.1	100	81.1	0.0	NE	0.00	3.0	ENE	81.1	92.8	92.8	91.7	29.692	0.00	0.00	0	0.00	0	0.0	0.00	0.0	0.000	0.335	-52.3	0	---	-52.4	-52.4	 .0967	0.000	699	1	100.0	30
08/02/20	7:00 p	80.7	81.2	80.5	100	80.7	0.0	NE	0.00	2.0	NE	80.7	91.6	91.6	90.4	29.814	0.00	0.00	0	0.00	0	0.0	0.00	0.0	0.000	0.327	-52.3	0	---	-52.4	-52.4	 .0971	0.000	702	1	100.0	30
08/02/20	7:30 p	80.2	80.7	80.2	100	80.2	0.0	NE	0.00	1.0	NE	80.2	90.2	90.2	89.0	29.692	0.00	0.00	0	0.00	0	0.0	0.00	0.0	0.000	0.317	-52.3	0	---	-52.4	-52.4	 .0967	0.000	702	1	100.0	30
08/02/20	8:00 p	80.1	80.3	80.0	100	80.1	0.0	---	0.00	0.0	---	80.1	89.9	89.9	88.7	29.826	0.00	0.00	0	0.00	0	0.0	0.00	0.0	0.000	0.315	-52.3	0	---	-52.4	-52.4	 .0971	0.000	701	1	100.0	30
08/02/20	8:30 p	79.9	80.2	79.9	100	79.9	0.0	NE	0.00	1.0	NE	79.9	89.3	89.3	88.0	29.844	0.00	0.00	0	0.00	0	0.0	0.00	0.0	0.000	0.310	-52.3	0	---	-52.4	-52.4	 .0972	0.000	702	1	100.0	30
08/02/20	9:00 p	79.6	79.9	79.6	100	79.6	0.0	NE	0.00	1.0	NE	79.6	88.5	88.5	87.2	29.848	0.00	0.00	0	0.00	0	0.0	0.00	0.0	0.000	0.304	-52.3	0	---	-52.4	-52.4	 .0972	0.000	701	1	100.0	30
08/02/20	9:30 p	79.4	79.7	79.3	100	79.4	0.0	NE	0.00	1.0	NE	79.4	87.9	87.9	86.6	29.848	0.00	0.00	0	0.00	0	0.0	0.00	0.0	0.000	0.300	-52.3	0	---	-52.4	-52.4	 .0972	0.000	702	1	100.0	30
08/02/20	10:00 p	79.3	79.4	79.2	100	79.3	0.0	NE	0.00	1.0	NE	79.3	87.6	87.6	86.3	29.848	0.00	0.00	0	0.00	0	0.0	0.00	0.0	0.000	0.298	-52.3	0	---	-52.4	-52.4	 .0972	0.000	700	1	100.0	30
08/02/20	10:30 p	79.3	79.5	79.2	100	79.3	0.0	---	0.00	0.0	---	79.3	87.6	87.6	86.3	29.863	0.00	0.00	0	0.00	0	0.0	0.00	0.0	0.000	0.298	-52.3	0	---	-52.4	-52.4	 .0972	0.000	702	1	100.0	30
08/02/20	11:00 p	79.4	79.4	79.3	100	79.4	0.0	---	0.00	0.0	---	79.4	87.9	87.9	86.6	29.870	0.00	0.00	0	0.00	0	0.0	0.00	0.0	0.000	0.300	-52.3	0	---	-52.4	-52.4	 .0973	0.000	702	1	100.0	30
08/02/20	11:30 p	79.3	79.5	79.2	100	79.3	0.0	NE	0.00	1.0	NE	79.3	87.6	87.6	86.3	29.870	0.00	0.00	0	0.00	0	0.0	0.00	0.0	0.000	0.298	-52.3	0	---	-52.4	-52.4	 .0973	0.000	700	1	100.0	30
08/03/20	12:00 a	79.1	79.3	79.1	100	79.1	0.0	NE	0.00	1.0	NE	79.1	87.1	87.1	85.8	29.870	0.00	0.00	0	0.00	0	0.0	0.00	0.0	0.000	0.294	-52.3	0	---	-52.4	-52.4	 .0973	0.000	699	1	100.0	30
08/03/20	12:30 a	78.8	79.2	78.8	100	78.8	0.0	NE	0.00	1.0	NE	78.8	86.3	86.3	84.9	29.870	0.00	0.00	0	0.00	0	0.0	0.00	0.0	0.000	0.288	-52.3	0	---	-52.4	-52.4	 .0973	0.000	699	1	100.0	30
08/03/20	1:00 a	78.8	78.8	78.7	100	78.8	0.0	NE	0.00	1.0	NE	78.8	86.3	86.3	84.9	29.692	0.00	0.00	0	0.00	0	0.0	0.00	0.0	0.000	0.288	-52.3	0	---	-52.4	-52.4	 .0967	0.000	701	1	100.0	30
08/03/20	1:30 a	78.7	79.0	78.7	100	78.7	0.0	NE	0.00	1.0	NE	78.7	86.1	86.1	84.7	29.692	0.00	0.00	0	0.00	0	0.0	0.00	0.0	0.000	0.285	-52.3	0	---	-52.4	-52.4	 .0967	0.000	699	1	100.0	30
08/03/20	2:00 a	78.6	78.8	78.4	100	78.6	0.0	NE	0.00	1.0	NE	78.6	85.8	85.8	84.4	29.692	0.00	0.00	0	0.00	0	0.0	0.00	0.0	0.000	0.283	-52.3	0	---	-52.4	-52.4	 .0967	0.000	700	1	100.0	30
08/03/20	2:30 a	78.8	78.8	78.6	100	78.8	0.0	NE	0.00	1.0	NE	78.8	86.3	86.3	84.9	29.692	0.00	0.00	0	0.00	0	0.0	0.00	0.0	0.000	0.288	-52.3	0	---	-52.4	-52.4	 .0967	0.000	700	1	100.0	30
08/03/20	3:00 a	78.5	78.9	78.5	100	78.5	0.0	NE	0.00	2.0	NE	78.5	85.6	85.6	84.2	29.692	0.00	0.00	0	0.00	0	0.0	0.00	0.0	0.000	0.281	-52.3	0	---	-52.4	-52.4	 .0967	0.000	699	1	100.0	30
08/03/20	3:30 a	78.2	78.6	78.1	100	78.2	0.0	NE	0.00	1.0	NE	78.2	84.9	84.9	83.5	29.692	0.00	0.00	0	0.00	0	0.0	0.00	0.0	0.000	0.275	-52.3	0	---	-52.4	-52.4	 .0967	0.000	702	1	100.0	30
08/03/20	4:00 a	77.7	78.2	77.6	100	77.7	0.0	NE	0.00	1.0	NE	77.7	83.7	83.7	82.3	29.692	0.00	0.00	0	0.00	0	0.0	0.00	0.0	0.000	0.265	-52.3	0	---	-52.4	-52.4	 .0967	0.000	702	1	100.0	30
08/03/20	4:30 a	77.2	77.7	77.2	100	77.2	0.0	NE	0.00	1.0	NE	77.2	82.6	82.6	81.2	29.692	0.00	0.00	0	0.00	0	0.0	0.00	0.0	0.000	0.254	-52.3	0	---	-52.4	-52.4	 .0967	0.000	701	1	100.0	30
08/03/20	5:00 a	77.5	77.6	77.1	100	77.5	0.0	---	0.00	0.0	---	77.5	83.3	83.3	81.9	29.692	0.00	0.00	0	0.00	0	0.0	0.00	0.0	0.000	0.260	-52.3	0	---	-52.4	-52.4	 .0967	0.000	698	1	100.0	30
08/03/20	5:30 a	77.7	77.7	77.5	100	77.7	0.0	NE	0.00	1.0	NE	77.7	83.7	83.7	82.3	29.692	0.00	0.00	0	0.00	0	0.0	0.00	0.0	0.000	0.265	-52.3	0	---	-52.4	-52.4	 .0967	0.000	699	1	100.0	30
08/03/20	6:00 a	77.9	77.9	77.6	100	77.9	0.0	NE	0.00	1.0	NE	77.9	84.2	84.2	83.0	29.692	0.00	0.00	12	0.52	21	0.0	0.00	0.0	0.000	0.269	-52.3	0	---	-52.4	-52.4	 .0967	0.000	700	1	100.0	30
08/03/20	6:30 a	78.5	78.5	77.8	100	78.5	0.0	NE	0.00	2.0	NE	78.5	85.6	85.6	87.1	29.692	0.00	0.00	47	2.02	69	0.0	0.00	0.0	0.000	0.281	-52.3	0	---	-52.4	-52.4	 .0967	0.000	702	1	100.0	30
08/03/20	7:00 a	79.2	79.2	78.5	100	79.2	0.0	NE	0.00	1.0	NE	79.2	87.4	87.4	89.9	29.692	0.00	0.00	80	3.44	88	0.0	0.00	0.0	0.000	0.296	-52.3	0	---	-52.4	-52.4	 .0967	0.002	701	1	100.0	30
08/03/20	7:30 a	79.4	79.6	79.1	100	79.4	0.0	NE	0.00	3.0	NE	79.4	87.9	87.9	89.8	29.692	0.51	5.28	75	3.23	113	0.1	0.02	0.5	0.000	0.300	-52.3	0	---	-52.4	-52.4	 .0967	0.000	700	1	100.0	30
08/03/20	8:00 a	80.6	81.0	79.0	100	80.6	1.0	ESE	0.50	3.0	NNE	80.6	91.3	91.3	97.0	29.692	0.33	3.10	212	9.12	445	1.0	0.21	2.2	0.000	0.325	-52.3	0	---	-52.4	-52.4	 .0967	0.004	702	1	100.0	30
08/03/20	8:30 a	81.2	81.4	80.4	100	81.2	1.0	SSW	0.50	4.0	SSW	81.2	93.1	93.1	101.1	29.692	0.00	0.00	332	14.28	492	2.1	0.45	2.8	0.000	0.337	-52.3	0	---	-52.4	-52.4	 .0967	0.000	698	1	100.0	30
08/03/20	9:00 a	81.1	81.7	80.3	100	81.1	0.0	SW	0.00	1.0	SW	81.1	92.8	92.8	98.7	29.885	0.00	0.00	252	10.84	336	2.1	0.45	2.9	0.000	0.335	-52.3	0	---	-52.4	-52.4	 .0973	0.007	701	1	100.0	30
08/03/20	9:30 a	82.8	83.5	80.5	100	82.8	0.0	SW	0.00	3.0	S	82.8	98.5	98.5	109.1	29.885	0.00	0.00	521	22.41	650	3.9	0.84	4.9	0.000	0.371	-52.3	0	---	-52.4	-52.4	 .0973	0.000	702	1	100.0	30
08/03/20	10:00 a	81.8	82.8	81.6	100	81.8	1.0	SSE	0.50	4.0	ESE	81.8	95.1	95.1	100.0	29.885	0.00	0.00	227	9.76	272	2.7	0.58	3.2	0.000	0.350	-52.3	0	---	-52.4	-52.4	 .0973	0.009	701	1	100.0	30
08/03/20	10:30 a	82.5	83.1	81.8	100	82.5	0.0	SSE	0.00	2.0	SSE	82.5	97.4	97.4	102.8	29.885	0.01	0.00	239	10.28	417	2.5	0.54	4.0	0.000	0.365	-52.3	0	---	-52.4	-52.4	 .0973	0.000	701	1	100.0	30
08/03/20	11:00 a	84.7	84.7	82.1	100	84.7	1.0	SSE	0.50	4.0	S	84.7	106.2	106.2	115.7	29.885	0.00	0.00	447	19.22	835	4.7	1.01	9.1	0.000	0.410	-52.3	0	---	-52.4	-52.4	 .0973	0.010	702	1	100.0	30
08/03/20	11:30 a	82.3	85.0	82.3	100	82.3	1.0	SE	0.50	4.0	SSE	82.3	96.8	96.8	102.5	29.885	0.00	0.00	253	10.88	388	2.8	0.60	4.5	0.000	0.360	-52.3	0	---	-52.4	-52.4	 .0973	0.000	700	1	100.0	30
08/03/20	12:00 p	84.1	84.9	82.3	100	84.1	1.0	SE	0.50	5.0	SSE	84.1	103.5	103.5	112.2	29.885	0.00	0.00	398	17.12	886	4.7	1.01	7.6	0.000	0.398	-52.3	0	---	-52.4	-52.4	 .0973	0.009	702	1	100.0	30
08/03/20	12:30 p	83.5	85.0	83.5	100	83.5	1.0	SSE	0.50	9.0	SSE	83.5	101.1	101.1	108.8	29.885	0.00	0.00	351	15.09	649	4.0	0.86	7.1	0.000	0.385	-52.3	0	---	-52.4	-52.4	 .0973	0.000	699	1	100.0	30
08/03/20	1:00 p	84.1	84.2	82.8	100	84.1	1.0	SE	0.50	6.0	SSE	84.1	103.5	103.5	110.8	29.885	0.00	0.00	329	14.15	580	3.6	0.77	5.7	0.000	0.398	-52.3	0	---	-52.4	-52.4	 .0973	0.009	700	1	100.0	30
08/03/20	1:30 p	82.2	84.7	82.2	100	82.2	2.0	SE	1.00	10.0	S	82.2	96.4	96.4	103.9	29.885	0.13	2.33	338	14.54	1234	3.6	0.77	8.8	0.000	0.358	-52.3	0	---	-52.4	-52.4	 .0973	0.000	700	1	100.0	30
08/03/20	2:00 p	80.3	82.1	80.1	100	80.3	1.0	NNE	0.50	4.0	E	80.3	90.5	90.5	91.6	29.885	0.28	4.57	68	2.92	107	0.6	0.13	1.0	0.000	0.319	-52.3	0	---	-52.4	-52.4	 .0973	0.007	700	1	100.0	30
08/03/20	2:30 p	80.1	80.4	79.9	100	80.1	0.0	E	0.00	2.0	E	80.1	89.9	89.9	90.9	29.885	0.00	0.00	58	2.49	79	0.3	0.06	0.7	0.000	0.315	-52.3	0	---	-52.4	-52.4	 .0973	0.000	699	1	100.0	30
08/03/20	3:00 p	79.9	80.2	79.9	100	79.9	0.0	E	0.00	1.0	E	79.9	89.3	89.3	89.9	29.885	0.00	0.00	44	1.89	67	0.1	0.02	0.5	0.000	0.310	-52.3	0	---	-52.4	-52.4	 .0973	0.001	699	1	100.0	30
08/03/20	3:30 p	79.2	80.0	79.2	100	79.2	2.0	E	1.00	9.0	SSE	79.2	87.4	87.4	86.9	29.885	0.05	1.24	5	0.22	18	0.0	0.00	0.0	0.000	0.296	-52.3	0	---	-52.4	-52.4	 .0973	0.000	701	1	100.0	30
08/03/20	4:00 p	78.1	79.2	77.8	100	78.1	1.0	WNW	0.50	4.0	WNW	78.1	84.6	84.6	84.0	29.885	0.51	4.61	4	0.17	9	0.0	0.00	0.0	0.000	0.273	-52.3	0	---	-52.4	-52.4	 .0973	0.000	701	1	100.0	30
08/03/20	4:30 p	78.1	78.3	78.0	100	78.1	0.0	WNW	0.00	1.0	WNW	78.1	84.6	84.6	84.2	29.885	0.01	0.09	7	0.30	12	0.0	0.00	0.0	0.000	0.273	-52.3	0	---	-52.4	-52.4	 .0973	0.000	699	1	100.0	30
08/03/20	5:00 p	78.4	78.5	78.1	100	78.4	0.0	WNW	0.00	1.0	WNW	78.4	85.4	85.4	85.2	29.837	0.00	0.00	9	0.39	14	0.0	0.00	0.0	0.000	0.279	-52.3	0	---	-52.4	-52.4	 .0971	0.000	699	1	100.0	30
08/03/20	5:30 p	78.4	78.6	78.4	100	78.4	0.0	NW	0.00	2.0	NW	78.4	85.4	85.4	84.5	29.837	0.13	2.74	0	0.00	0	0.0	0.00	0.0	0.000	0.279	-52.3	0	---	-52.4	-52.4	 .0971	0.000	701	1	100.0	30
08/03/20	6:00 p	78.4	78.6	78.4	100	78.4	1.0	NNE	0.50	3.0	N	78.4	85.4	85.4	84.5	29.837	0.06	0.22	0	0.00	0	0.0	0.00	0.0	0.000	0.279	-52.3	0	---	-52.4	-52.4	 .0971	0.000	702	1	100.0	30
08/03/20	6:30 p	76.0	78.4	76.0	100	76.0	1.0	NE	0.50	8.0	NNE	76.0	80.3	80.3	79.3	29.837	0.02	0.07	0	0.00	0	0.0	0.00	0.0	0.000	0.229	-52.3	0	---	-52.4	-52.4	 .0971	0.000	701	1	100.0	30
08/03/20	7:00 p	75.9	76.0	75.8	100	75.9	0.0	NE	0.00	2.0	NE	75.9	80.2	80.2	79.1	29.837	0.00	0.00	0	0.00	0	0.0	0.00	0.0	0.000	0.227	-52.3	0	---	-52.4	-52.4	 .0971	0.000	701	1	100.0	30
08/03/20	7:30 p	75.7	76.0	75.6	100	75.7	0.0	NE	0.00	2.0	NE	75.7	79.8	79.8	78.7	29.837	0.00	0.00	0	0.00	0	0.0	0.00	0.0	0.000	0.223	-52.3	0	---	-52.4	-52.4	 .0971	0.000	700	1	100.0	30
08/03/20	8:00 p	75.5	75.6	75.4	100	75.5	0.0	NE	0.00	3.0	NE	75.5	79.6	79.6	78.5	29.837	0.00	0.00	0	0.00	0	0.0	0.00	0.0	0.000	0.219	-52.3	0	---	-52.4	-52.4	 .0971	0.000	699	1	100.0	30
08/03/20	8:30 p	75.3	75.5	75.3	100	75.3	0.0	NE	0.00	1.0	NE	75.3	79.3	79.3	78.2	29.837	0.00	0.00	0	0.00	0	0.0	0.00	0.0	0.000	0.215	-52.3	0	---	-52.4	-52.4	 .0971	0.000	699	1	100.0	30
08/03/20	9:00 p	75.5	75.5	75.3	100	75.5	1.0	NE	0.50	5.0	NE	75.5	79.6	79.6	78.5	29.837	0.00	0.00	0	0.00	0	0.0	0.00	0.0	0.000	0.219	-52.3	0	---	-52.4	-52.4	 .0971	0.000	702	1	100.0	30
08/03/20	9:30 p	75.5	75.6	75.5	100	75.5	1.0	N	0.50	6.0	NNE	75.5	79.6	79.6	78.5	29.837	0.00	0.00	0	0.00	0	0.0	0.00	0.0	0.000	0.219	-52.3	0	---	-52.4	-52.4	 .0971	0.000	700	1	100.0	30
08/03/20	10:00 p	75.6	75.7	75.5	100	75.6	1.0	N	0.50	3.0	NE	75.6	79.7	79.7	78.6	29.837	0.00	0.00	0	0.00	0	0.0	0.00	0.0	0.000	0.221	-52.3	0	---	-52.4	-52.4	 .0971	0.000	700	1	100.0	30
08/03/20	10:30 p	75.4	75.7	75.4	100	75.4	0.0	SW	0.00	1.0	SW	75.4	79.4	79.4	78.3	29.837	0.00	0.00	0	0.00	0	0.0	0.00	0.0	0.000	0.217	-52.3	0	---	-52.4	-52.4	 .0971	0.000	699	1	100.0	30
08/03/20	11:00 p	75.2	75.4	75.1	100	75.2	0.0	SW	0.00	1.0	SW	75.2	79.1	79.1	78.0	29.837	0.00	0.00	0	0.00	0	0.0	0.00	0.0	0.000	0.212	-52.3	0	---	-52.4	-52.4	 .0971	0.000	703	1	100.0	30
08/03/20	11:30 p	74.9	75.2	74.9	100	74.9	0.0	SW	0.00	1.0	SW	74.9	78.7	78.7	77.6	29.849	0.00	0.00	0	0.00	0	0.0	0.00	0.0	0.000	0.206	-52.3	0	---	-52.4	-52.4	 .0972	0.000	699	1	100.0	30
08/04/20	12:00 a	74.7	74.9	74.7	100	74.7	0.0	---	0.00	0.0	---	74.7	78.4	78.4	77.3	29.849	0.00	0.00	0	0.00	0	0.0	0.00	0.0	0.000	0.202	-52.3	0	---	-52.4	-52.4	 .0972	0.000	701	1	100.0	30
08/04/20	12:30 a	74.5	74.7	74.5	100	74.5	0.0	---	0.00	0.0	---	74.5	78.2	78.2	77.1	29.849	0.00	0.00	0	0.00	0	0.0	0.00	0.0	0.000	0.198	-52.3	0	---	-52.4	-52.4	 .0972	0.000	702	1	100.0	30
08/04/20	1:00 a	74.4	74.5	74.3	100	74.4	0.0	---	0.00	0.0	---	74.4	78.1	78.1	77.0	29.849	0.00	0.00	0	0.00	0	0.0	0.00	0.0	0.000	0.196	-52.3	0	---	-52.4	-52.4	 .0972	0.000	703	1	100.0	30
08/04/20	1:30 a	74.2	74.4	74.2	100	74.2	0.0	---	0.00	0.0	---	74.2	77.8	77.8	76.7	29.849	0.00	0.00	0	0.00	0	0.0	0.00	0.0	0.000	0.192	-52.3	0	---	-52.4	-52.4	 .0972	0.000	702	1	100.0	30
08/04/20	2:00 a	74.2	74.3	74.2	100	74.2	0.0	SW	0.00	1.0	SW	74.2	77.8	77.8	76.7	29.849	0.00	0.00	0	0.00	0	0.0	0.00	0.0	0.000	0.192	-52.3	0	---	-52.4	-52.4	 .0972	0.000	702	1	100.0	30
08/04/20	2:30 a	74.2	74.2	74.1	100	74.2	0.0	---	0.00	0.0	---	74.2	77.8	77.8	76.7	29.849	0.00	0.00	0	0.00	0	0.0	0.00	0.0	0.000	0.192	-52.3	0	---	-52.4	-52.4	 .0972	0.000	701	1	100.0	30
08/04/20	3:00 a	74.2	74.2	74.1	100	74.2	0.0	---	0.00	0.0	---	74.2	77.8	77.8	76.7	29.692	0.00	0.00	0	0.00	0	0.0	0.00	0.0	0.000	0.192	-52.3	0	---	-52.4	-52.4	 .0967	0.000	701	1	100.0	30
08/04/20	3:30 a	74.4	74.4	74.2	100	74.4	0.0	---	0.00	0.0	---	74.4	78.1	78.1	77.0	29.086	0.00	0.00	0	0.00	0	0.0	0.00	0.0	0.000	0.196	-52.3	0	---	-52.4	-52.4	 .0947	0.000	702	1	100.0	30
08/04/20	4:00 a	74.4	74.5	74.3	100	74.4	0.0	SW	0.00	1.0	SW	74.4	78.1	78.1	77.0	29.825	0.00	0.00	0	0.00	0	0.0	0.00	0.0	0.000	0.196	-52.3	0	---	-52.4	-52.4	 .0971	0.000	701	1	100.0	30
08/04/20	4:30 a	74.4	74.5	74.3	100	74.4	0.0	---	0.00	0.0	---	74.4	78.1	78.1	77.0	19.389	0.00	0.00	0	0.00	0	0.0	0.00	0.0	0.000	0.196	-52.3	0	---	-52.4	-52.4	 .0631	0.000	703	1	100.0	30
08/04/20	5:00 a	74.6	74.7	74.4	100	74.6	0.0	SW	0.00	1.0	SW	74.6	78.3	78.3	77.2	19.389	0.00	0.00	0	0.00	0	0.0	0.00	0.0	0.000	0.200	-52.3	0	---	-52.4	-52.4	 .0631	0.000	699	1	100.0	30
08/04/20	5:30 a	74.8	74.9	74.6	100	74.8	0.0	SW	0.00	1.0	SW	74.8	78.6	78.6	77.5	19.389	0.00	0.00	0	0.00	0	0.0	0.00	0.0	0.000	0.204	-52.3	0	---	-52.4	-52.4	 .0631	0.000	701	1	100.0	30
08/04/20	6:00 a	75.0	75.0	74.7	100	75.0	0.0	---	0.00	0.0	---	75.0	78.8	78.8	78.2	29.693	0.00	0.00	20	0.86	42	0.0	0.00	0.0	0.000	0.208	-52.3	0	---	-52.4	-52.4	 .0967	0.000	698	1	100.0	30
08/04/20	6:30 a	75.9	76.0	75.0	100	75.9	0.0	N	0.00	2.0	N	75.9	80.2	80.2	82.2	29.229	0.00	0.00	60	2.58	74	0.0	0.00	0.0	0.000	0.227	-52.3	0	---	-52.4	-52.4	 .0952	0.000	701	1	100.0	30
08/04/20	7:00 a	76.7	76.8	75.9	100	76.7	0.0	N	0.00	2.0	N	76.7	81.6	81.6	84.4	29.229	0.00	0.00	89	3.83	102	0.2	0.04	0.6	0.000	0.244	-52.3	0	---	-52.4	-52.4	 .0952	0.002	702	1	100.0	30
08/04/20	7:30 a	78.0	78.0	76.8	100	78.0	0.0	N	0.00	2.0	N	78.0	84.4	84.4	87.1	29.693	0.00	0.00	98	4.21	144	0.9	0.19	1.2	0.000	0.271	-52.3	0	---	-52.4	-52.4	 .0967	0.000	701	1	100.0	30
08/04/20	8:00 a	79.7	79.7	77.9	100	79.7	1.0	ESE	0.50	3.0	ESE	79.7	88.8	88.8	95.8	19.542	0.00	0.00	263	11.31	334	1.7	0.36	2.3	0.000	0.306	-52.3	0	---	-52.4	-52.4	 .0636	0.004	702	1	100.0	30
08/04/20	8:30 a	80.6	81.2	79.7	100	80.6	0.0	E	0.00	2.0	E	80.6	91.3	91.3	101.5	29.875	0.00	0.00	449	19.31	545	2.8	0.60	3.4	0.000	0.325	-52.3	0	---	-52.4	-52.4	 .0973	0.000	702	1	100.0	30
08/04/20	9:00 a	82.6	82.8	80.5	100	82.6	1.0	ESE	0.50	5.0	S	82.6	97.8	97.8	109.9	29.870	0.00	0.00	617	26.53	673	3.9	0.84	4.6	0.000	0.367	-52.3	0	---	-52.4	-52.4	 .0973	0.013	699	1	100.0	30
08/04/20	9:30 a	84.1	84.4	82.6	100	84.1	1.0	SW	0.50	5.0	S	84.1	103.5	103.5	112.9	29.870	0.00	0.00	437	18.79	861	3.7	0.79	5.3	0.000	0.398	-52.3	0	---	-52.4	-52.4	 .0973	0.000	700	1	100.0	30
08/04/20	10:00 a	84.2	84.3	83.9	100	84.2	0.0	SE	0.00	3.0	NE	84.2	104.0	104.0	109.3	29.870	0.00	0.00	232	9.98	737	3.2	0.69	5.4	0.000	0.400	-52.3	0	---	-52.4	-52.4	 .0973	0.009	701	1	100.0	30
08/04/20	10:30 a	85.7	85.7	84.1	100	85.7	1.0	NNW	0.50	3.0	WSW	85.7	111.5	111.5	122.8	29.870	0.00	0.00	567	24.38	981	4.9	1.05	8.3	0.000	0.431	-52.3	0	---	-52.4	-52.4	 .0973	0.000	696	1	100.0	30
08/04/20	11:00 a	87.6	87.6	85.7	100	87.6	2.0	SSW	1.00	6.0	SSW	87.6	126.4	126.4	139.9	29.086	0.00	0.00	801	34.45	1069	7.6	1.63	8.8	0.000	0.471	-52.3	0	---	-52.4	-52.4	 .0947	0.018	700	1	100.0	30
08/04/20	11:30 a	88.5	88.5	87.6	100	88.5	1.0	SW	0.50	4.0	SW	88.5	137.3	137.3	150.8	29.086	0.00	0.00	764	32.86	1157	7.6	1.63	10.2	0.000	0.490	-52.3	0	---	-52.4	-52.4	 .0947	0.000	700	1	100.0	30
08/04/20	12:00 p	89.8	89.8	88.3	100	89.8	1.0	S	0.50	5.0	SSW	89.8	159.6	159.6	172.3	29.086	0.00	0.00	954	41.03	1187	9.0	1.93	10.2	0.000	0.517	-52.3	0	---	-52.4	-52.4	 .0947	0.023	700	1	100.0	30
08/04/20	12:30 p	90.2	90.4	89.8	100	90.2	2.0	SSW	1.00	7.0	SSE	90.2	168.8	168.8	182.7	29.086	0.00	0.00	1121	48.21	1287	9.3	1.99	10.6	0.000	0.525	-52.3	0	---	-52.4	-52.4	 .0947	0.000	697	1	100.0	30
08/04/20	1:00 p	83.6	90.3	83.5	100	83.6	2.0	SSW	1.00	7.0	SSW	83.6	101.5	101.5	109.7	29.086	0.00	0.00	378	16.26	1324	3.7	0.79	10.2	0.000	0.387	-52.3	0	---	-52.4	-52.4	 .0947	0.018	700	1	100.0	30
08/04/20	1:30 p	83.3	84.4	83.3	100	83.3	2.0	SSW	1.00	7.0	SW	83.3	100.4	100.4	106.8	29.086	0.00	0.00	284	12.21	497	2.9	0.62	4.4	0.000	0.381	-52.3	0	---	-52.4	-52.4	 .0947	0.000	701	1	100.0	30
08/04/20	2:00 p	82.7	83.3	82.1	100	82.7	1.0	SSW	0.50	6.0	SW	82.7	98.1	98.1	101.9	29.228	0.00	0.00	169	7.27	306	2.0	0.43	3.1	0.000	0.369	-52.3	0	---	-52.4	-52.4	 .0952	0.006	698	1	100.0	30
08/04/20	2:30 p	81.1	82.9	81.1	100	81.1	1.0	SE	0.50	4.0	S	81.1	92.8	92.8	94.9	29.228	0.00	0.00	99	4.26	153	1.1	0.24	1.7	0.000	0.335	-52.3	0	---	-52.4	-52.4	 .0952	0.000	701	1	100.0	30
08/04/20	3:00 p	80.7	81.4	80.7	100	80.7	1.0	SE	0.50	3.0	ESE	80.7	91.6	91.6	92.7	29.228	0.00	0.00	56	2.41	116	0.3	0.06	1.1	0.000	0.327	-52.3	0	---	-52.4	-52.4	 .0952	0.002	698	1	100.0	30
08/04/20	3:30 p	79.6	80.7	79.6	100	79.6	0.0	SE	0.00	2.0	SE	79.6	88.5	88.5	88.8	29.228	0.01	0.00	29	1.25	54	0.0	0.00	0.0	0.000	0.304	-52.3	0	---	-52.4	-52.4	 .0952	0.000	703	1	100.0	30
08/04/20	4:00 p	79.9	79.9	79.4	100	79.9	0.0	SE	0.00	1.0	SE	79.9	89.3	89.3	91.5	29.228	0.00	0.00	74	3.18	104	0.1	0.02	0.6	0.000	0.310	-52.3	0	---	-52.4	-52.4	 .0952	0.001	700	1	100.0	30
08/04/20	4:30 p	79.9	80.1	79.7	100	79.9	0.0	SE	0.00	1.0	SE	79.9	89.3	89.3	90.7	29.228	0.00	0.00	44	1.89	84	0.0	0.00	0.0	0.000	0.310	-52.3	0	---	-52.4	-52.4	 .0952	0.000	703	1	100.0	30
08/04/20	5:00 p	79.2	80.0	79.2	100	79.2	0.0	SE	0.00	2.0	SE	79.2	87.4	87.4	89.1	29.086	0.00	0.00	46	1.98	62	0.0	0.00	0.0	0.000	0.296	-52.3	0	---	-52.4	-52.4	 .0947	0.001	702	1	100.0	30
08/04/20	5:30 p	78.7	79.4	78.6	100	78.7	0.0	SE	0.00	2.0	SE	78.7	86.1	86.1	85.6	29.086	0.01	0.00	24	1.03	39	0.0	0.00	0.0	0.000	0.285	-52.3	0	---	-52.4	-52.4	 .0947	0.000	699	1	100.0	30
08/04/20	6:00 p	78.2	78.7	78.2	100	78.2	0.0	SE	0.00	2.0	SE	78.2	84.9	84.9	83.9	29.692	0.00	0.00	2	0.09	9	0.0	0.00	0.0	0.000	0.275	-52.3	0	---	-52.4	-52.4	 .0967	0.000	702	1	100.0	30
08/04/20	6:30 p	78.2	78.3	78.0	100	78.2	0.0	SE	0.00	2.0	SE	78.2	84.9	84.9	83.8	29.769	0.00	0.00	0	0.00	0	0.0	0.00	0.0	0.000	0.275	-52.3	0	---	-52.4	-52.4	 .0969	0.000	699	1	100.0	30
08/04/20	7:00 p	77.8	78.1	77.7	100	77.8	0.0	SE	0.00	2.0	SE	77.8	84.0	84.0	82.9	29.239	0.00	0.00	0	0.00	0	0.0	0.00	0.0	0.000	0.267	-52.3	0	---	-52.4	-52.4	 .0952	0.000	701	1	100.0	30
08/04/20	7:30 p	77.1	77.7	77.0	100	77.1	0.0	SE	0.00	3.0	N	77.1	82.4	82.4	81.3	29.239	0.00	0.00	0	0.00	0	0.0	0.00	0.0	0.000	0.252	-52.3	0	---	-52.4	-52.4	 .0952	0.000	699	1	100.0	30
08/04/20	8:00 p	76.4	77.1	76.3	100	76.4	1.0	NNE	0.50	3.0	NE	76.4	81.1	81.1	79.9	29.257	0.00	0.00	0	0.00	0	0.0	0.00	0.0	0.000	0.238	-52.3	0	---	-52.4	-52.4	 .0953	0.000	700	1	100.0	30
08/04/20	8:30 p	75.5	76.4	75.5	100	75.5	0.0	---	0.00	0.0	---	75.5	79.6	79.6	78.3	29.257	0.00	0.00	0	0.00	0	0.0	0.00	0.0	0.000	0.219	-52.3	0	---	-52.4	-52.4	 .0953	0.000	700	1	100.0	30
08/04/20	9:00 p	75.3	75.5	75.2	100	75.3	0.0	---	0.00	0.0	---	75.3	79.3	79.3	78.0	29.257	0.00	0.00	0	0.00	0	0.0	0.00	0.0	0.000	0.215	-52.3	0	---	-52.4	-52.4	 .0953	0.000	703	1	100.0	30
08/04/20	9:30 p	75.3	75.5	75.2	100	75.3	0.0	NNE	0.00	1.0	NNE	75.3	79.3	79.3	78.0	29.257	0.00	0.00	0	0.00	0	0.0	0.00	0.0	0.000	0.215	-52.3	0	---	-52.4	-52.4	 .0953	0.000	700	1	100.0	30
08/04/20	10:00 p	75.2	75.5	75.2	100	75.2	0.0	NNE	0.00	1.0	NNE	75.2	79.1	79.1	77.8	29.257	0.00	0.00	0	0.00	0	0.0	0.00	0.0	0.000	0.212	-52.3	0	---	-52.4	-52.4	 .0953	0.000	701	1	100.0	30
08/04/20	10:30 p	75.4	75.5	75.1	100	75.4	0.0	---	0.00	0.0	---	75.4	79.4	79.4	78.1	29.086	0.00	0.00	0	0.00	0	0.0	0.00	0.0	0.000	0.217	-52.3	0	---	-52.4	-52.4	 .0947	0.000	701	1	100.0	30
08/04/20	11:00 p	75.8	75.8	75.3	100	75.8	0.0	NNE	0.00	1.0	NNE	75.8	80.0	80.0	78.7	29.086	0.00	0.00	0	0.00	0	0.0	0.00	0.0	0.000	0.225	-52.3	0	---	-52.4	-52.4	 .0947	0.000	701	1	100.0	30
08/04/20	11:30 p	76.0	76.0	75.6	100	76.0	0.0	NNE	0.00	1.0	NNE	76.0	80.3	80.3	79.1	29.086	0.00	0.00	0	0.00	0	0.0	0.00	0.0	0.000	0.229	-52.3	0	---	-52.4	-52.4	 .0947	0.000	699	1	100.0	30
08/05/20	12:00 a	76.2	76.2	75.8	100	76.2	0.0	---	0.00	0.0	---	76.2	80.7	80.7	79.5	29.086	0.00	0.00	0	0.00	0	0.0	0.00	0.0	0.000	0.233	-52.3	0	---	-52.4	-52.4	 .0947	0.000	699	1	100.0	30
08/05/20	12:30 a	76.2	76.2	76.0	100	76.2	0.0	---	0.00	0.0	---	76.2	80.7	80.7	79.5	29.086	0.00	0.00	0	0.00	0	0.0	0.00	0.0	0.000	0.233	-52.3	0	---	-52.4	-52.4	 .0947	0.000	647	1	94.6	30
08/05/20	1:00 a	76.0	76.3	76.0	100	76.0	0.0	NNE	0.00	1.0	NNE	76.0	80.3	80.3	79.1	29.086	0.00	0.00	0	0.00	0	0.0	0.00	0.0	0.000	0.229	-52.3	0	---	-52.4	-52.4	 .0947	0.000	700	1	100.0	30
08/05/20	1:30 a	76.2	76.3	76.0	100	76.2	0.0	NNE	0.00	1.0	NNE	76.2	80.7	80.7	79.5	29.836	0.00	0.00	0	0.00	0	0.0	0.00	0.0	0.000	0.233	-52.3	0	---	-52.4	-52.4	 .0971	0.000	703	1	100.0	30
08/05/20	2:00 a	76.2	76.2	76.0	100	76.2	0.0	NNE	0.00	1.0	NNE	76.2	80.7	80.7	79.5	29.825	0.00	0.00	0	0.00	0	0.0	0.00	0.0	0.000	0.233	-52.3	0	---	-52.4	-52.4	 .0971	0.000	700	1	100.0	30
08/05/20	2:30 a	76.3	76.4	76.1	100	76.3	0.0	NNE	0.00	1.0	NNE	76.3	80.9	80.9	79.7	29.693	0.01	0.00	0	0.00	0	0.0	0.00	0.0	0.000	0.235	-52.3	0	---	-52.4	-52.4	 .0967	0.000	697	1	100.0	30
08/05/20	3:00 a	76.3	76.4	76.2	100	76.3	0.0	NNE	0.00	1.0	NNE	76.3	80.9	80.9	79.7	29.815	0.00	0.00	0	0.00	0	0.0	0.00	0.0	0.000	0.235	-52.3	0	---	-52.4	-52.4	 .0971	0.000	699	1	100.0	30
08/05/20	3:30 a	76.2	76.3	76.1	100	76.2	0.0	NNE	0.00	1.0	NNE	76.2	80.7	80.7	79.5	29.826	0.00	0.00	0	0.00	0	0.0	0.00	0.0	0.000	0.233	-52.3	0	---	-52.4	-52.4	 .0971	0.000	703	1	100.0	30
08/05/20	4:00 a	76.0	76.2	75.9	100	76.0	0.0	---	0.00	0.0	---	76.0	80.3	80.3	79.1	29.821	0.00	0.00	0	0.00	0	0.0	0.00	0.0	0.000	0.229	-52.3	0	---	-52.4	-52.4	 .0971	0.000	700	1	100.0	30
08/05/20	4:30 a	75.6	76.0	75.6	100	75.6	0.0	---	0.00	0.0	---	75.6	79.7	79.7	78.4	29.693	0.00	0.00	0	0.00	0	0.0	0.00	0.0	0.000	0.221	-52.3	0	---	-52.4	-52.4	 .0967	0.000	703	1	100.0	30
08/05/20	5:00 a	75.4	75.7	75.4	100	75.4	0.0	NNE	0.00	1.0	NNE	75.4	79.4	79.4	78.1	29.693	0.00	0.00	0	0.00	0	0.0	0.00	0.0	0.000	0.217	-52.3	0	---	-52.4	-52.4	 .0967	0.000	700	1	100.0	30
08/05/20	5:30 a	75.5	75.5	75.3	100	75.5	0.0	NNE	0.00	1.0	NNE	75.5	79.6	79.6	78.3	29.087	0.00	0.00	0	0.00	5	0.0	0.00	0.0	0.000	0.219	-52.3	0	---	-52.4	-52.4	 .0947	0.000	703	1	100.0	30
08/05/20	6:00 a	75.8	75.8	75.5	100	75.8	0.0	NNE	0.00	1.0	NNE	75.8	80.0	80.0	79.2	29.822	0.00	0.00	21	0.90	32	0.0	0.00	0.0	0.000	0.225	-52.3	0	---	-52.4	-52.4	 .0971	0.000	701	1	100.0	30
08/05/20	6:30 a	76.5	76.5	75.8	100	76.5	0.0	W	0.00	1.0	W	76.5	81.3	81.3	82.7	29.825	0.00	0.00	48	2.06	67	0.0	0.00	0.0	0.000	0.240	-52.3	0	---	-52.4	-52.4	 .0971	0.000	700	1	100.0	30
08/05/20	7:00 a	77.1	77.3	76.5	100	77.1	0.0	WSW	0.00	1.0	W	77.1	82.4	82.4	84.1	19.389	0.00	0.00	62	2.67	79	0.0	0.00	0.0	0.000	0.252	-52.3	0	---	-52.4	-52.4	 .0631	0.001	699	1	100.0	30
08/05/20	7:30 a	78.2	78.4	77.0	100	78.2	0.0	WSW	0.00	2.0	WSW	78.2	84.9	84.9	88.5	30.152	0.00	0.00	125	5.38	200	0.6	0.13	0.8	0.000	0.275	-52.3	0	---	-52.4	-52.4	 .0982	0.000	699	1	100.0	30
08/05/20	8:00 a	78.9	79.1	78.1	100	78.9	0.0	WSW	0.00	4.0	SSE	78.9	86.6	86.6	92.4	30.152	0.00	0.00	219	9.42	367	1.5	0.32	2.1	0.000	0.290	-52.3	0	---	-52.4	-52.4	 .0982	0.004	701	1	100.0	30
08/05/20	8:30 a	79.7	80.2	78.2	100	79.7	1.0	E	0.50	5.0	S	79.7	88.8	88.8	95.8	30.152	0.00	0.00	291	12.51	489	2.2	0.47	2.8	0.000	0.306	-52.3	0	---	-52.4	-52.4	 .0982	0.000	701	1	100.0	30
08/05/20	9:00 a	80.8	81.4	79.8	100	80.8	1.0	SE	0.50	6.0	S	80.8	91.9	91.9	99.8	19.390	0.00	0.00	350	15.05	584	3.0	0.64	4.0	0.000	0.329	-52.3	0	---	-52.4	-52.4	 .0631	0.008	702	1	100.0	30
08/05/20	9:30 a	82.4	83.1	80.9	100	82.4	1.0	W	0.50	5.0	S	82.4	97.1	97.1	105.9	19.389	0.00	0.00	407	17.50	719	3.8	0.81	5.3	0.000	0.363	-52.3	0	---	-52.4	-52.4	 .0631	0.000	701	1	100.0	30
08/05/20	10:00 a	84.0	84.0	82.2	100	84.0	1.0	SSE	0.50	6.0	S	84.0	103.1	103.1	115.2	29.877	0.00	0.00	633	27.22	1005	5.2	1.11	6.9	0.000	0.396	-52.3	0	---	-52.4	-52.4	 .0973	0.013	699	1	100.0	30
08/05/20	10:30 a	83.3	84.5	82.7	100	83.3	1.0	SE	0.50	5.0	S	83.3	100.4	100.4	108.4	29.238	0.00	0.00	368	15.83	501	4.2	0.90	5.7	0.000	0.381	-52.3	0	---	-52.4	-52.4	 .0952	0.000	700	1	100.0	30
08/05/20	11:00 a	81.3	83.2	81.3	100	81.3	1.0	ESE	0.50	4.0	ESE	81.3	93.5	93.5	98.0	29.863	0.00	0.00	210	9.03	420	2.2	0.47	4.0	0.000	0.340	-52.3	0	---	-52.4	-52.4	 .0972	0.007	701	1	100.0	30
08/05/20	11:30 a	78.4	81.3	78.3	100	78.4	1.0	NNE	0.50	4.0	NE	78.4	85.4	85.4	87.5	19.389	0.50	4.20	113	4.86	120	1.3	0.28	1.4	0.000	0.279	-52.3	0	---	-52.4	-52.4	 .0631	0.000	700	1	100.0	30
08/05/20	12:00 p	77.6	78.4	76.6	100	77.6	1.0	W	0.50	4.0	NNE	77.6	83.5	83.5	87.1	19.542	0.41	5.49	180	7.74	265	1.9	0.41	2.8	0.000	0.262	-52.3	0	---	-52.4	-52.4	 .0636	0.004	701	1	100.0	30
08/05/20	12:30 p	81.0	81.3	77.7	100	81.0	0.0	W	0.00	3.0	N	81.0	92.5	92.5	101.5	29.851	0.01	0.09	427	18.36	937	4.9	1.05	9.6	0.000	0.333	-52.3	0	---	-52.4	-52.4	 .0972	0.000	702	1	100.0	30
08/05/20	1:00 p	81.7	82.2	80.2	100	81.7	1.0	ENE	0.50	5.0	SSE	81.7	94.7	94.7	105.6	29.693	0.00	0.00	548	23.57	824	5.6	1.20	9.4	0.000	0.348	-52.3	0	---	-52.4	-52.4	 .0967	0.014	699	1	100.0	30
08/05/20	1:30 p	83.0	83.5	81.6	100	83.0	2.0	S	1.00	9.0	ESE	83.0	99.2	99.2	111.0	29.693	0.00	0.00	603	25.93	1088	5.5	1.18	7.6	0.000	0.375	-52.3	0	---	-52.4	-52.4	 .0967	0.000	700	1	100.0	30
08/05/20	2:00 p	83.2	84.1	83.0	100	83.2	3.0	SE	1.50	10.0	ESE	83.2	100.0	100.0	113.2	29.693	0.00	0.00	850	36.55	1129	6.1	1.31	7.9	0.000	0.379	-52.3	0	---	-52.4	-52.4	 .0967	0.018	701	1	100.0	30
08/05/20	2:30 p	81.1	83.9	81.0	100	81.1	2.0	E	1.00	8.0	E	81.1	92.8	92.8	98.9	29.693	0.00	0.00	250	10.75	617	2.3	0.49	5.7	0.000	0.335	-52.3	0	---	-52.4	-52.4	 .0967	0.000	703	1	100.0	30
08/05/20	3:00 p	80.7	81.4	80.5	100	80.7	2.0	ESE	1.00	10.0	S	80.7	91.6	91.6	96.2	29.693	0.00	0.00	177	7.61	380	1.4	0.30	2.4	0.000	0.327	-52.3	0	---	-52.4	-52.4	 .0967	0.006	697	1	100.0	30
08/05/20	3:30 p	80.5	80.8	80.4	100	80.5	3.0	ESE	1.50	14.0	ESE	80.5	91.1	91.1	98.3	29.693	0.00	0.00	240	10.32	543	1.5	0.32	2.6	0.000	0.323	-52.3	0	---	-52.4	-52.4	 .0967	0.000	702	1	100.0	30
08/05/20	4:00 p	79.7	80.6	79.6	100	79.7	2.0	SE	1.00	9.0	SSE	79.7	88.8	88.8	93.6	29.693	0.00	0.00	143	6.15	200	0.6	0.13	1.0	0.000	0.306	-52.3	0	---	-52.4	-52.4	 .0967	0.005	698	1	100.0	30
08/05/20	4:30 p	77.8	79.9	77.8	100	77.8	1.0	E	0.50	12.0	WNW	77.8	84.0	84.0	84.9	29.693	0.27	5.70	35	1.51	81	0.0	0.00	0.0	0.000	0.267	-52.3	0	---	-52.4	-52.4	 .0967	0.000	701	1	100.0	30
08/05/20	5:00 p	73.1	77.7	73.1	100	73.1	2.0	NNW	1.00	13.0	N	73.1	76.7	76.7	75.8	29.693	1.10	5.70	0	0.00	0	0.0	0.00	0.0	0.000	0.169	-52.3	0	---	-52.4	-52.4	 .0967	0.000	700	1	100.0	30
08/05/20	5:30 p	73.0	73.2	72.8	100	73.0	1.0	NW	0.50	10.0	NW	73.0	76.6	76.6	75.4	29.693	0.23	2.24	0	0.00	0	0.0	0.00	0.0	0.000	0.167	-52.3	0	---	-52.4	-52.4	 .0967	0.000	701	1	100.0	30
08/05/20	6:00 p	72.9	73.1	72.8	100	72.9	1.0	NNW	0.50	11.0	NW	72.9	76.5	76.5	75.3	29.693	0.08	0.20	0	0.00	0	0.0	0.00	0.0	0.000	0.165	-52.3	0	---	-52.4	-52.4	 .0967	0.000	699	1	100.0	30
08/05/20	6:30 p	72.8	73.0	72.8	100	72.8	2.0	NNE	1.00	10.0	NNW	72.8	76.4	76.4	75.2	29.693	0.07	0.23	0	0.00	0	0.0	0.00	0.0	0.000	0.163	-52.3	0	---	-52.4	-52.4	 .0967	0.000	699	1	100.0	30
08/05/20	7:00 p	73.4	73.4	72.8	100	73.4	2.0	NNE	1.00	13.0	NNW	73.4	77.0	77.0	75.8	29.693	0.06	0.13	0	0.00	0	0.0	0.00	0.0	0.000	0.175	-52.3	0	---	-52.4	-52.4	 .0967	0.000	700	1	100.0	30
08/05/20	7:30 p	73.7	73.7	73.4	100	73.7	3.0	N	1.50	10.0	NNE	73.7	77.3	77.3	76.1	29.693	0.05	0.13	0	0.00	0	0.0	0.00	0.0	0.000	0.181	-52.3	0	---	-52.4	-52.4	 .0967	0.000	698	1	100.0	30
08/05/20	8:00 p	73.1	73.7	73.0	100	73.1	1.0	NNW	0.50	6.0	NW	73.1	76.7	76.7	75.5	29.693	0.07	0.17	0	0.00	0	0.0	0.00	0.0	0.000	0.169	-52.3	0	---	-52.4	-52.4	 .0967	0.000	701	1	100.0	30
08/05/20	8:30 p	73.0	73.3	72.9	100	73.0	0.0	NW	0.00	2.0	NW	73.0	76.6	76.6	75.4	29.693	0.05	0.12	0	0.00	0	0.0	0.00	0.0	0.000	0.167	-52.3	0	---	-52.4	-52.4	 .0967	0.000	699	1	100.0	30
08/05/20	9:00 p	72.4	73.0	72.4	100	72.4	0.0	NNE	0.00	4.0	NE	72.4	76.0	76.0	74.8	29.693	0.03	0.10	0	0.00	0	0.0	0.00	0.0	0.000	0.154	-52.3	0	---	-52.4	-52.4	 .0967	0.000	701	1	100.0	30
08/05/20	9:30 p	72.1	72.5	72.1	100	72.1	0.0	NNE	0.00	4.0	N	72.1	75.7	75.7	74.5	29.693	0.01	0.06	0	0.00	0	0.0	0.00	0.0	0.000	0.148	-52.3	0	---	-52.4	-52.4	 .0967	0.000	700	1	100.0	30
08/05/20	10:00 p	72.1	72.3	72.1	100	72.1	0.0	NNE	0.00	2.0	NNE	72.1	75.7	75.7	74.5	29.693	0.01	0.00	0	0.00	0	0.0	0.00	0.0	0.000	0.148	-52.3	0	---	-52.4	-52.4	 .0967	0.000	700	1	100.0	30
08/05/20	10:30 p	72.1	72.2	72.1	100	72.1	0.0	NNE	0.00	1.0	NNE	72.1	75.7	75.7	74.5	29.693	0.00	0.00	0	0.00	0	0.0	0.00	0.0	0.000	0.148	-52.3	0	---	-52.4	-52.4	 .0967	0.000	701	1	100.0	30
08/05/20	11:00 p	72.0	72.1	71.9	100	72.0	0.0	---	0.00	0.0	---	72.0	75.6	75.6	74.4	29.693	0.00	0.00	0	0.00	0	0.0	0.00	0.0	0.000	0.146	-52.3	0	---	-52.4	-52.4	 .0967	0.000	702	1	100.0	30
08/05/20	11:30 p	71.9	72.1	71.8	100	71.9	0.0	NNE	0.00	1.0	NNE	71.9	75.5	75.5	74.3	29.693	0.00	0.00	0	0.00	0	0.0	0.00	0.0	0.000	0.144	-52.3	0	---	-52.4	-52.4	 .0967	0.000	701	1	100.0	30
08/06/20	12:00 a	71.9	71.9	71.7	100	71.9	0.0	NNE	0.00	1.0	NNE	71.9	75.5	75.5	74.3	29.693	0.00	0.00	0	0.00	0	0.0	0.00	0.0	0.000	0.144	-52.3	0	---	-52.4	-52.4	 .0967	0.000	700	1	100.0	30
08/06/20	12:30 a	71.7	71.9	71.6	100	71.7	0.0	---	0.00	0.0	---	71.7	75.3	75.3	74.1	29.693	0.00	0.00	0	0.00	0	0.0	0.00	0.0	0.000	0.140	-52.3	0	---	-52.4	-52.4	 .0967	0.000	700	1	100.0	30
08/06/20	1:00 a	71.9	72.0	71.6	100	71.9	0.0	NNE	0.00	1.0	NNE	71.9	75.5	75.5	74.3	29.693	0.00	0.00	0	0.00	0	0.0	0.00	0.0	0.000	0.144	-52.3	0	---	-52.4	-52.4	 .0967	0.000	700	1	100.0	30
08/06/20	1:30 a	71.9	72.0	71.8	100	71.9	0.0	---	0.00	0.0	---	71.9	75.5	75.5	74.3	29.693	0.00	0.00	0	0.00	0	0.0	0.00	0.0	0.000	0.144	-52.3	0	---	-52.4	-52.4	 .0967	0.000	700	1	100.0	30
08/06/20	2:00 a	72.1	72.2	71.9	100	72.1	0.0	NNE	0.00	1.0	NNE	72.1	75.7	75.7	74.5	29.693	0.00	0.00	0	0.00	0	0.0	0.00	0.0	0.000	0.148	-52.3	0	---	-52.4	-52.4	 .0967	0.000	700	1	100.0	30
08/06/20	2:30 a	72.2	72.2	72.1	100	72.2	0.0	---	0.00	0.0	---	72.2	75.8	75.8	74.6	29.693	0.00	0.00	0	0.00	0	0.0	0.00	0.0	0.000	0.150	-52.3	0	---	-52.4	-52.4	 .0967	0.000	701	1	100.0	30
08/06/20	3:00 a	71.9	72.2	71.8	100	71.9	0.0	---	0.00	0.0	---	71.9	75.5	75.5	74.3	29.693	0.00	0.00	0	0.00	0	0.0	0.00	0.0	0.000	0.144	-52.3	0	---	-52.4	-52.4	 .0967	0.000	700	1	100.0	30
08/06/20	3:30 a	71.6	71.9	71.5	100	71.6	0.0	NNE	0.00	1.0	NNE	71.6	75.2	75.2	74.0	29.693	0.00	0.00	0	0.00	0	0.0	0.00	0.0	0.000	0.137	-52.3	0	---	-52.4	-52.4	 .0967	0.000	701	1	100.0	30
08/06/20	4:00 a	71.4	71.6	71.4	100	71.4	0.0	NNE	0.00	1.0	NNE	71.4	75.1	75.1	73.9	29.693	0.00	0.00	0	0.00	0	0.0	0.00	0.0	0.000	0.133	-52.3	0	---	-52.4	-52.4	 .0967	0.000	698	1	100.0	30
08/06/20	4:30 a	71.4	71.5	71.3	100	71.4	0.0	NNE	0.00	1.0	NNE	71.4	75.1	75.1	73.9	29.693	0.00	0.00	0	0.00	0	0.0	0.00	0.0	0.000	0.133	-52.3	0	---	-52.4	-52.4	 .0967	0.000	699	1	100.0	30
08/06/20	5:00 a	71.7	71.8	71.4	100	71.7	0.0	---	0.00	0.0	---	71.7	75.3	75.3	74.1	29.693	0.00	0.00	0	0.00	0	0.0	0.00	0.0	0.000	0.140	-52.3	0	---	-52.4	-52.4	 .0967	0.000	701	1	100.0	30
08/06/20	5:30 a	71.8	71.9	71.7	100	71.8	0.0	NNE	0.00	1.0	NNE	71.8	75.4	75.4	74.2	29.693	0.00	0.00	0	0.00	0	0.0	0.00	0.0	0.000	0.142	-52.3	0	---	-52.4	-52.4	 .0967	0.000	699	1	100.0	30
08/06/20	6:00 a	71.7	71.8	71.5	100	71.7	0.0	---	0.00	0.0	---	71.7	75.3	75.3	74.2	29.693	0.00	0.00	5	0.22	11	0.0	0.00	0.0	0.000	0.140	-52.3	0	---	-52.4	-52.4	 .0967	0.000	703	1	100.0	30
08/06/20	6:30 a	72.4	72.4	71.7	100	72.4	0.0	---	0.00	0.0	---	72.4	76.0	76.0	76.0	29.693	0.00	0.00	21	0.90	28	0.0	0.00	0.0	0.000	0.154	-52.3	0	---	-52.4	-52.4	 .0967	0.000	700	1	100.0	30
08/06/20	7:00 a	73.8	73.9	72.4	100	73.8	0.0	NNE	0.00	1.0	NNE	73.8	77.4	77.4	78.6	29.693	0.00	0.00	54	2.32	111	0.0	0.00	0.0	0.000	0.183	-52.3	0	---	-52.4	-52.4	 .0967	0.001	702	1	100.0	30
08/06/20	7:30 a	74.9	74.9	73.7	100	74.9	0.0	NE	0.00	1.0	NNE	74.9	78.7	78.7	80.5	29.693	0.00	0.00	77	3.31	104	0.5	0.11	0.8	0.000	0.206	-52.3	0	---	-52.4	-52.4	 .0967	0.000	700	1	100.0	30
08/06/20	8:00 a	76.4	76.5	74.8	100	76.4	0.0	NE	0.00	1.0	NE	76.4	81.1	81.1	84.3	29.693	0.00	0.00	132	5.68	229	0.8	0.17	1.4	0.000	0.238	-52.3	0	---	-52.4	-52.4	 .0967	0.002	701	1	100.0	30
08/06/20	8:30 a	77.7	77.8	76.3	100	77.7	0.0	NE	0.00	2.0	NE	77.7	83.7	83.7	88.6	29.693	0.00	0.00	210	9.03	283	1.5	0.32	2.1	0.000	0.265	-52.3	0	---	-52.4	-52.4	 .0967	0.000	701	1	100.0	30
08/06/20	9:00 a	78.5	78.8	77.7	100	78.5	0.0	NE	0.00	2.0	NE	78.5	85.6	85.6	92.4	29.693	0.00	0.00	304	13.07	327	2.5	0.54	2.6	0.000	0.281	-52.3	0	---	-52.4	-52.4	 .0967	0.006	703	1	100.0	30
08/06/20	9:30 a	78.8	78.9	77.6	100	78.8	0.0	NNE	0.00	3.0	NE	78.8	86.3	86.3	90.8	29.693	0.00	0.00	211	9.07	318	1.9	0.41	2.9	0.000	0.288	-52.3	0	---	-52.4	-52.4	 .0967	0.000	702	1	100.0	30
08/06/20	10:00 a	80.9	81.0	78.7	100	80.9	0.0	NNE	0.00	2.0	NNE	80.9	92.2	92.2	101.0	29.693	0.00	0.00	422	18.15	485	4.0	0.86	4.5	0.000	0.331	-52.3	0	---	-52.4	-52.4	 .0967	0.008	701	1	100.0	30
08/06/20	10:30 a	80.7	81.2	79.9	100	80.7	0.0	SW	0.00	2.0	SW	80.7	91.6	91.6	98.9	19.389	0.00	0.00	339	14.58	406	3.6	0.77	4.3	0.000	0.327	-52.3	0	---	-52.4	-52.4	 .0631	0.000	702	1	100.0	30
08/06/20	11:00 a	82.5	82.5	79.6	100	82.5	1.0	NW	0.50	5.0	NNW	82.5	97.4	97.4	107.1	19.389	0.00	0.00	464	19.95	918	5.1	1.09	9.2	0.000	0.365	-52.3	0	---	-52.4	-52.4	 .0631	0.010	698	1	100.0	30
08/06/20	11:30 a	82.7	82.7	81.9	100	82.7	1.0	S	0.50	4.0	SSW	82.7	98.1	98.1	107.8	19.389	0.00	0.00	460	19.78	566	5.0	1.07	5.9	0.000	0.369	-52.3	0	---	-52.4	-52.4	 .0631	0.000	701	1	100.0	30
08/06/20	12:00 p	82.9	84.1	82.3	100	82.9	1.0	SSE	0.50	7.0	SSE	82.9	98.9	98.9	111.4	29.693	0.00	0.00	681	29.29	1162	7.4	1.59	10.3	0.000	0.373	-52.3	0	---	-52.4	-52.4	 .0967	0.016	700	1	100.0	30
08/06/20	12:30 p	84.1	84.7	82.9	100	84.1	2.0	SW	1.00	8.0	WSW	84.1	103.5	103.5	116.4	29.806	0.00	0.00	908	39.05	1099	8.9	1.91	10.4	0.000	0.398	-52.3	0	---	-52.4	-52.4	 .0970	0.000	702	1	100.0	30
08/06/20	1:00 p	84.1	84.6	83.4	100	84.1	2.0	S	1.00	8.0	SW	84.1	103.5	103.5	116.6	29.832	0.00	0.00	836	35.95	986	7.7	1.65	9.1	0.000	0.398	-52.3	0	---	-52.4	-52.4	 .0971	0.022	701	1	100.0	30
08/06/20	1:30 p	83.3	85.3	83.1	100	83.3	2.0	SW	1.00	6.0	S	83.3	100.4	100.4	112.7	29.829	0.00	0.00	657	28.25	896	6.0	1.29	7.7	0.000	0.381	-52.3	0	---	-52.4	-52.4	 .0971	0.000	697	1	100.0	30
08/06/20	2:00 p	83.2	84.2	82.8	100	83.2	1.0	SW	0.50	4.0	SSW	83.2	100.0	100.0	111.9	29.829	0.00	0.00	588	25.29	773	5.0	1.07	6.2	0.000	0.379	-52.3	0	---	-52.4	-52.4	 .0971	0.016	700	1	100.0	30
08/06/20	2:30 p	82.8	83.4	82.7	100	82.8	1.0	SSW	0.50	4.0	WSW	82.8	98.5	98.5	108.2	29.820	0.00	0.00	413	17.76	605	3.2	0.69	4.0	0.000	0.371	-52.3	0	---	-52.4	-52.4	 .0971	0.000	701	1	100.0	30
08/06/20	3:00 p	82.2	83.2	82.1	100	82.2	0.0	SSW	0.00	3.0	SSW	82.2	96.4	96.4	104.5	29.817	0.00	0.00	304	13.07	390	2.2	0.47	2.9	0.000	0.358	-52.3	0	---	-52.4	-52.4	 .0971	0.009	701	1	100.0	30
08/06/20	3:30 p	80.7	82.3	80.7	100	80.7	0.0	E	0.00	2.0	E	80.7	91.6	91.6	98.7	29.817	0.00	0.00	239	10.28	302	1.5	0.32	1.9	0.000	0.327	-52.3	0	---	-52.4	-52.4	 .0971	0.000	702	1	100.0	30
08/06/20	4:00 p	80.7	80.9	79.9	100	80.7	0.0	SSW	0.00	2.0	SSW	80.7	91.6	91.6	97.2	29.805	0.00	0.00	162	6.97	193	0.9	0.19	1.2	0.000	0.327	-52.3	0	---	-52.4	-52.4	 .0970	0.005	700	1	100.0	30
08/06/20	4:30 p	79.8	80.7	79.8	100	79.8	0.0	---	0.00	0.0	---	79.8	89.0	89.0	93.1	29.805	0.00	0.00	108	4.64	130	0.3	0.06	0.6	0.000	0.308	-52.3	0	---	-52.4	-52.4	 .0970	0.000	701	1	100.0	30
08/06/20	5:00 p	79.3	80.0	79.1	100	79.3	0.0	---	0.00	0.0	---	79.3	87.6	87.6	89.9	29.791	0.00	0.00	60	2.58	83	0.0	0.00	0.0	0.000	0.298	-52.3	0	---	-52.4	-52.4	 .0970	0.002	699	1	100.0	30
08/06/20	5:30 p	78.1	79.3	78.1	100	78.1	0.0	---	0.00	0.0	---	78.1	84.6	84.6	84.0	29.693	0.00	0.00	25	1.08	39	0.0	0.00	0.0	0.000	0.273	-52.3	0	---	-52.4	-52.4	 .0967	0.000	699	1	100.0	30
08/06/20	6:00 p	77.5	78.1	77.5	100	77.5	0.0	---	0.00	0.0	---	77.5	83.3	83.3	82.2	29.806	0.00	0.00	4	0.17	12	0.0	0.00	0.0	0.000	0.260	-52.3	0	---	-52.4	-52.4	 .0970	0.000	700	1	100.0	30
08/06/20	6:30 p	77.1	77.6	77.0	100	77.1	0.0	---	0.00	0.0	---	77.1	82.4	82.4	81.2	29.087	0.00	0.00	0	0.00	0	0.0	0.00	0.0	0.000	0.252	-52.3	0	---	-52.4	-52.4	 .0947	0.000	701	1	100.0	30
08/06/20	7:00 p	76.6	77.1	76.5	100	76.6	0.0	---	0.00	0.0	---	76.6	81.4	81.4	80.1	29.087	0.00	0.00	0	0.00	0	0.0	0.00	0.0	0.000	0.242	-52.3	0	---	-52.4	-52.4	 .0947	0.000	700	1	100.0	30
08/06/20	7:30 p	76.2	76.7	76.1	100	76.2	0.0	---	0.00	0.0	---	76.2	80.7	80.7	79.4	29.087	0.00	0.00	0	0.00	0	0.0	0.00	0.0	0.000	0.233	-52.3	0	---	-52.4	-52.4	 .0947	0.000	700	1	100.0	30
08/06/20	8:00 p	75.8	76.2	75.8	100	75.8	0.0	---	0.00	0.0	---	75.8	80.0	80.0	78.7	29.087	0.00	0.00	0	0.00	0	0.0	0.00	0.0	0.000	0.225	-52.3	0	---	-52.4	-52.4	 .0947	0.000	701	1	100.0	30
08/06/20	8:30 p	75.5	75.8	75.5	100	75.5	0.0	---	0.00	0.0	---	75.5	79.6	79.6	78.3	29.087	0.00	0.00	0	0.00	0	0.0	0.00	0.0	0.000	0.219	-52.3	0	---	-52.4	-52.4	 .0947	0.000	700	1	100.0	30
08/06/20	9:00 p	75.3	75.5	75.3	100	75.3	0.0	---	0.00	0.0	---	75.3	79.3	79.3	78.0	29.693	0.00	0.00	0	0.00	0	0.0	0.00	0.0	0.000	0.215	-52.3	0	---	-52.4	-52.4	 .0967	0.000	700	1	100.0	30
08/06/20	9:30 p	75.3	75.4	75.2	100	75.3	0.0	---	0.00	0.0	---	75.3	79.3	79.3	78.0	29.693	0.00	0.00	0	0.00	0	0.0	0.00	0.0	0.000	0.215	-52.3	0	---	-52.4	-52.4	 .0967	0.000	699	1	100.0	30
08/06/20	10:00 p	75.3	75.3	75.2	100	75.3	0.0	---	0.00	0.0	---	75.3	79.3	79.3	78.0	29.693	0.00	0.00	0	0.00	0	0.0	0.00	0.0	0.000	0.215	-52.3	0	---	-52.4	-52.4	 .0967	0.000	701	1	100.0	30
08/06/20	10:30 p	75.2	75.3	75.2	100	75.2	0.0	---	0.00	0.0	---	75.2	79.1	79.1	77.8	29.693	0.00	0.00	0	0.00	0	0.0	0.00	0.0	0.000	0.212	-52.3	0	---	-52.4	-52.4	 .0967	0.000	700	1	100.0	30
08/06/20	11:00 p	75.0	75.4	75.0	100	75.0	0.0	---	0.00	0.0	---	75.0	78.8	78.8	77.5	19.542	0.00	0.00	0	0.00	0	0.0	0.00	0.0	0.000	0.208	-52.3	0	---	-52.4	-52.4	 .0636	0.000	701	1	100.0	30
08/06/20	11:30 p	74.7	75.0	74.7	100	74.7	0.0	---	0.00	0.0	---	74.7	78.4	78.4	77.0	19.542	0.00	0.00	0	0.00	0	0.0	0.00	0.0	0.000	0.202	-52.3	0	---	-52.4	-52.4	 .0636	0.000	703	1	100.0	30
08/07/20	12:00 a	74.4	74.7	74.3	100	74.4	0.0	---	0.00	0.0	---	74.4	78.1	78.1	76.7	19.542	0.00	0.00	0	0.00	0	0.0	0.00	0.0	0.000	0.196	-52.3	0	---	-52.4	-52.4	 .0636	0.000	702	1	100.0	30
08/07/20	12:30 a	74.2	74.5	74.2	100	74.2	0.0	---	0.00	0.0	---	74.2	77.8	77.8	76.4	29.087	0.00	0.00	0	0.00	0	0.0	0.00	0.0	0.000	0.192	-52.3	0	---	-52.4	-52.4	 .0947	0.000	700	1	100.0	30
08/07/20	1:00 a	74.1	74.2	74.0	100	74.1	0.0	---	0.00	0.0	---	74.1	77.7	77.7	76.3	29.219	0.00	0.00	0	0.00	0	0.0	0.00	0.0	0.000	0.190	-52.3	0	---	-52.4	-52.4	 .0951	0.000	701	1	100.0	30
08/07/20	1:30 a	74.0	74.2	73.9	100	74.0	0.0	---	0.00	0.0	---	74.0	77.6	77.6	76.2	29.219	0.00	0.00	0	0.00	0	0.0	0.00	0.0	0.000	0.188	-52.3	0	---	-52.4	-52.4	 .0951	0.000	702	1	100.0	30
08/07/20	2:00 a	73.8	74.0	73.8	100	73.8	0.0	---	0.00	0.0	---	73.8	77.4	77.4	76.0	29.219	0.00	0.00	0	0.00	0	0.0	0.00	0.0	0.000	0.183	-52.3	0	---	-52.4	-52.4	 .0951	0.000	702	1	100.0	30
08/07/20	2:30 a	73.9	74.0	73.7	100	73.9	0.0	---	0.00	0.0	---	73.9	77.5	77.5	76.1	29.206	0.00	0.00	0	0.00	0	0.0	0.00	0.0	0.000	0.185	-52.3	0	---	-52.4	-52.4	 .0951	0.000	701	1	100.0	30
08/07/20	3:00 a	73.7	73.9	73.7	100	73.7	0.0	---	0.00	0.0	---	73.7	77.3	77.3	75.9	29.196	0.00	0.00	0	0.00	0	0.0	0.00	0.0	0.000	0.181	-52.3	0	---	-52.4	-52.4	 .0951	0.000	700	1	100.0	30
08/07/20	3:30 a	73.9	73.9	73.6	100	73.9	0.0	---	0.00	0.0	---	73.9	77.5	77.5	76.1	29.162	0.00	0.00	0	0.00	0	0.0	0.00	0.0	0.000	0.185	-52.3	0	---	-52.4	-52.4	 .0949	0.000	701	1	100.0	30
08/07/20	4:00 a	75.0	75.0	73.9	100	75.0	0.0	SSW	0.00	1.0	SSW	75.0	78.8	78.8	77.5	29.162	0.00	0.00	0	0.00	0	0.0	0.00	0.0	0.000	0.208	-51.7	0	---	-51.8	-51.8	 .0948	0.000	698	1	100.0	30
08/07/20	4:30 a	75.3	75.3	74.9	100	75.3	0.0	SSW	0.00	2.0	SSW	75.3	79.3	79.3	78.0	29.162	0.00	0.00	0	0.00	0	0.0	0.00	0.0	0.000	0.215	-52.3	0	---	-52.4	-52.4	 .0949	0.000	700	1	100.0	30
08/07/20	5:00 a	75.0	75.3	74.8	100	75.0	0.0	SSW	0.00	1.0	SSW	75.0	78.8	78.8	77.5	19.390	0.00	0.00	0	0.00	0	0.0	0.00	0.0	0.000	0.208	-52.3	0	---	-52.4	-52.4	 .0631	0.000	701	1	100.0	30
08/07/20	5:30 a	75.3	75.3	75.0	100	75.3	0.0	---	0.00	0.0	---	75.3	79.3	79.3	78.0	19.390	0.00	0.00	0	0.00	0	0.0	0.00	0.0	0.000	0.215	-52.3	0	---	-52.4	-52.4	 .0631	0.000	698	1	100.0	30
08/07/20	6:00 a	75.7	75.7	75.2	100	75.7	0.0	---	0.00	0.0	---	75.7	79.8	79.8	78.8	19.390	0.00	0.00	14	0.60	30	0.0	0.00	0.0	0.000	0.223	-52.3	0	---	-52.4	-52.4	 .0631	0.000	703	1	100.0	30
08/07/20	6:30 a	76.5	76.5	75.6	100	76.5	0.0	W	0.00	1.0	W	76.5	81.3	81.3	82.6	29.087	0.00	0.00	45	1.94	70	0.0	0.00	0.0	0.000	0.240	-52.3	0	---	-52.4	-52.4	 .0947	0.000	699	1	100.0	30
08/07/20	7:00 a	77.0	77.0	76.4	100	77.0	0.0	W	0.00	1.0	W	77.0	82.2	82.2	84.7	29.087	0.00	0.00	81	3.48	109	0.2	0.04	0.6	0.000	0.250	-52.3	0	---	-52.4	-52.4	 .0947	0.002	701	1	100.0	30
08/07/20	7:30 a	77.9	78.2	76.9	100	77.9	0.0	W	0.00	2.0	W	77.9	84.2	84.2	88.6	19.390	0.00	0.00	154	6.62	179	0.8	0.17	1.0	0.000	0.269	-52.3	0	---	-52.4	-52.4	 .0631	0.000	699	1	100.0	30
08/07/20	8:00 a	78.7	79.2	77.8	100	78.7	0.0	W	0.00	1.0	W	78.7	86.1	86.1	92.3	19.390	0.00	0.00	236	10.15	359	1.4	0.30	1.7	0.000	0.285	-52.3	0	---	-52.4	-52.4	 .0631	0.005	701	1	100.0	30
08/07/20	8:30 a	79.4	79.8	78.6	100	79.4	0.0	SSW	0.00	3.0	SSW	79.4	87.9	87.9	94.6	29.087	0.00	0.00	275	11.83	332	2.1	0.45	2.5	0.000	0.300	-52.3	0	---	-52.4	-52.4	 .0947	0.000	700	1	100.0	30
08/07/20	9:00 a	81.2	81.3	79.4	100	81.2	0.0	SSW	0.00	3.0	WSW	81.2	93.1	93.1	101.1	30.148	0.00	0.00	357	15.35	480	3.1	0.66	3.9	0.000	0.337	-52.3	0	---	-52.4	-52.4	 .0982	0.008	703	1	100.0	30
08/07/20	9:30 a	81.9	81.9	80.3	100	81.9	0.0	SW	0.00	3.0	WSW	81.9	95.4	95.4	102.8	30.148	0.00	0.00	337	14.49	608	3.5	0.75	4.9	0.000	0.352	-52.3	0	---	-52.4	-52.4	 .0982	0.000	699	1	100.0	30
08/07/20	10:00 a	84.3	84.4	81.9	100	84.3	1.0	SSW	0.50	3.0	SW	84.3	104.5	104.5	117.6	30.148	0.00	0.00	764	32.86	870	6.2	1.33	6.8	0.000	0.402	-52.3	0	---	-52.4	-52.4	 .0982	0.014	702	1	100.0	30
08/07/20	10:30 a	82.5	84.4	82.5	100	82.5	1.0	SSW	0.50	5.0	S	82.5	97.4	97.4	106.5	30.148	0.00	0.00	428	18.41	784	4.9	1.05	6.4	0.000	0.365	-52.3	0	---	-52.4	-52.4	 .0982	0.000	701	1	100.0	30
08/07/20	11:00 a	84.4	84.8	81.9	100	84.4	1.0	WSW	0.50	5.0	S	84.4	104.9	104.9	114.6	29.848	0.00	0.00	457	19.65	1229	6.0	1.29	10.2	0.000	0.404	-52.3	0	---	-52.4	-52.4	 .0972	0.013	702	1	100.0	30
08/07/20	11:30 a	85.3	85.3	83.8	100	85.3	2.0	SSW	1.00	5.0	SSW	85.3	109.3	109.3	120.6	29.848	0.00	0.00	1021	43.91	1102	9.6	2.06	10.2	0.000	0.423	-52.3	0	---	-52.4	-52.4	 .0972	0.000	698	1	100.0	30
08/07/20	12:00 p	84.9	86.3	84.9	100	84.9	2.0	S	1.00	6.0	S	84.9	107.2	107.2	118.8	29.693	0.00	0.00	1030	44.30	1195	9.3	1.99	10.8	0.000	0.415	-52.3	0	---	-52.4	-52.4	 .0967	0.025	701	1	100.0	30
08/07/20	12:30 p	85.3	86.2	84.5	100	85.3	2.0	SSW	1.00	6.0	S	85.3	109.3	109.3	121.4	29.693	0.00	0.00	1016	43.69	1065	9.7	2.08	10.0	0.000	0.423	-52.3	0	---	-52.4	-52.4	 .0967	0.000	702	1	100.0	30
08/07/20	1:00 p	85.4	86.5	85.1	100	85.4	2.0	S	1.00	6.0	S	85.4	109.8	109.8	122.5	29.693	0.00	0.00	983	42.27	1000	9.0	1.93	9.4	0.000	0.425	-52.3	0	---	-52.4	-52.4	 .0967	0.026	701	1	100.0	30
08/07/20	1:30 p	85.0	86.5	84.9	100	85.0	1.0	SSW	0.50	6.0	S	85.0	107.6	107.6	119.9	29.693	0.00	0.00	881	37.89	1088	7.5	1.61	9.0	0.000	0.417	-52.3	0	---	-52.4	-52.4	 .0967	0.000	701	1	100.0	30
08/07/20	2:00 p	85.0	85.6	84.9	100	85.0	2.0	S	1.00	6.0	W	85.0	107.6	107.6	120.2	29.692	0.00	0.00	807	34.71	888	6.4	1.37	6.9	0.000	0.417	-52.3	0	---	-52.4	-52.4	 .0967	0.021	702	1	100.0	30
08/07/20	2:30 p	85.1	85.7	84.8	100	85.1	2.0	SSW	1.00	8.0	S	85.1	108.2	108.2	121.5	29.692	0.00	0.00	747	32.13	860	5.2	1.11	6.2	0.000	0.419	-52.3	0	---	-52.4	-52.4	 .0967	0.000	700	1	100.0	30
08/07/20	3:00 p	84.6	85.2	84.4	100	84.6	2.0	SW	1.00	6.0	SSW	84.6	105.8	105.8	118.0	29.692	0.00	0.00	591	25.42	847	3.5	0.75	4.4	0.000	0.408	-52.3	0	---	-52.4	-52.4	 .0967	0.017	702	1	100.0	30
08/07/20	3:30 p	83.9	85.6	83.8	100	83.9	1.0	SSE	0.50	5.0	S	83.9	102.7	102.7	115.7	29.692	0.00	0.00	529	22.75	766	2.5	0.54	3.3	0.000	0.394	-52.3	0	---	-52.4	-52.4	 .0967	0.000	702	1	100.0	30
08/07/20	4:00 p	83.9	84.4	83.3	100	83.9	1.0	S	0.50	5.0	SSE	83.9	102.7	102.7	113.2	29.787	0.00	0.00	332	14.28	566	1.4	0.30	2.1	0.000	0.394	-52.3	0	---	-52.4	-52.4	 .0970	0.011	698	1	100.0	30
08/07/20	4:30 p	82.5	83.8	82.3	100	82.5	0.0	SSE	0.00	5.0	SSE	82.5	97.4	97.4	102.3	29.787	0.00	0.00	126	5.42	211	0.7	0.15	0.9	0.000	0.365	-52.3	0	---	-52.4	-52.4	 .0970	0.000	700	1	100.0	30
08/07/20	5:00 p	81.6	82.5	81.6	100	81.6	0.0	SSW	0.00	2.0	SSE	81.6	94.4	94.4	98.0	29.787	0.00	0.00	98	4.21	123	0.1	0.02	0.5	0.000	0.346	-52.3	0	---	-52.4	-52.4	 .0970	0.003	701	1	100.0	30
08/07/20	5:30 p	80.9	81.6	80.9	100	80.9	0.0	---	0.00	0.0	---	80.9	92.2	92.2	91.8	29.806	0.00	0.00	37	1.59	69	0.0	0.00	0.0	0.000	0.331	-52.3	0	---	-52.4	-52.4	 .0970	0.000	699	1	100.0	30
08/07/20	6:00 p	79.0	80.9	79.0	100	79.0	0.0	SSW	0.00	1.0	SSW	79.0	86.8	86.8	85.6	29.692	0.00	0.00	3	0.13	14	0.0	0.00	0.0	0.000	0.292	-52.3	0	---	-52.4	-52.4	 .0967	0.001	701	1	100.0	30
08/07/20	6:30 p	77.9	79.1	77.9	100	77.9	0.0	---	0.00	0.0	---	77.9	84.2	84.2	82.8	29.692	0.00	0.00	0	0.00	0	0.0	0.00	0.0	0.000	0.269	-52.3	0	---	-52.4	-52.4	 .0967	0.000	695	1	100.0	30
08/07/20	7:00 p	78.1	78.2	77.8	100	78.1	0.0	---	0.00	0.0	---	78.1	84.6	84.6	83.2	29.692	0.00	0.00	0	0.00	0	0.0	0.00	0.0	0.000	0.273	-52.3	0	---	-52.4	-52.4	 .0967	0.000	703	1	100.0	30
08/07/20	7:30 p	78.0	78.2	78.0	100	78.0	0.0	---	0.00	0.0	---	78.0	84.4	84.4	83.0	29.692	0.00	0.00	0	0.00	0	0.0	0.00	0.0	0.000	0.271	-52.3	0	---	-52.4	-52.4	 .0967	0.000	702	1	100.0	30
08/07/20	8:00 p	78.2	78.3	77.9	100	78.2	0.0	---	0.00	0.0	---	78.2	84.9	84.9	83.5	29.692	0.00	0.00	0	0.00	0	0.0	0.00	0.0	0.000	0.275	-52.3	0	---	-52.4	-52.4	 .0967	0.000	699	1	100.0	30
08/07/20	8:30 p	77.8	78.3	77.8	100	77.8	0.0	---	0.00	0.0	---	77.8	84.0	84.0	82.6	29.837	0.00	0.00	0	0.00	0	0.0	0.00	0.0	0.000	0.267	86.0	0	---	80.8	0.05	 .0725	0.000	699	1	100.0	30
08/07/20	9:00 p	77.6	77.9	77.6	100	77.6	0.0	---	0.00	0.0	---	77.6	83.5	83.5	82.1	29.849	0.00	0.00	0	0.00	0	0.0	0.00	0.0	0.000	0.262	-52.3	0	---	-52.4	-52.4	 .0972	0.000	702	1	100.0	30
08/07/20	9:30 p	78.0	78.0	77.6	100	78.0	0.0	---	0.00	0.0	---	78.0	84.4	84.4	83.0	29.859	0.00	0.00	0	0.00	0	0.0	0.00	0.0	0.000	0.271	-51.7	0	---	-51.8	-51.8	 .0971	0.000	698	1	100.0	30
08/07/20	10:00 p	77.9	78.1	77.8	100	77.9	0.0	---	0.00	0.0	---	77.9	84.2	84.2	82.8	29.859	0.00	0.00	0	0.00	0	0.0	0.00	0.0	0.000	0.269	-52.3	0	---	-52.4	-52.4	 .0972	0.000	699	1	100.0	30
08/07/20	10:30 p	77.6	78.0	77.6	100	77.6	0.0	---	0.00	0.0	---	77.6	83.5	83.5	82.1	29.853	0.00	0.00	0	0.00	0	0.0	0.00	0.0	0.000	0.262	-52.3	0	---	-52.4	-52.4	 .0972	0.000	701	1	100.0	30
08/07/20	11:00 p	77.1	77.7	77.1	100	77.1	0.0	---	0.00	0.0	---	77.1	82.4	82.4	81.0	29.853	0.00	0.00	0	0.00	0	0.0	0.00	0.0	0.000	0.252	-52.3	0	---	-52.4	-52.4	 .0972	0.000	700	1	100.0	30
08/07/20	11:30 p	77.1	77.1	76.9	100	77.1	0.0	---	0.00	0.0	---	77.1	82.4	82.4	81.0	29.853	0.00	0.00	0	0.00	0	0.0	0.00	0.0	0.000	0.252	-52.3	0	---	-52.4	-52.4	 .0972	0.000	702	1	100.0	30
08/08/20	12:00 a	76.9	77.1	76.9	100	76.9	0.0	---	0.00	0.0	---	76.9	82.0	82.0	80.5	29.853	0.00	0.00	0	0.00	0	0.0	0.00	0.0	0.000	0.248	-52.3	0	---	-52.4	-52.4	 .0972	0.000	700	1	100.0	30
08/08/20	12:30 a	77.0	77.2	76.9	100	77.0	0.0	---	0.00	0.0	---	77.0	82.2	82.2	80.8	29.229	0.00	0.00	0	0.00	0	0.0	0.00	0.0	0.000	0.250	-52.3	0	---	-52.4	-52.4	 .0952	0.000	700	1	100.0	30
08/08/20	1:00 a	76.7	77.1	76.7	100	76.7	0.0	---	0.00	0.0	---	76.7	81.6	81.6	80.1	19.389	0.00	0.00	0	0.00	0	0.0	0.00	0.0	0.000	0.244	-52.3	0	---	-52.4	-52.4	 .0631	0.000	697	1	100.0	30
08/08/20	1:30 a	76.4	76.7	76.4	100	76.4	0.0	---	0.00	0.0	---	76.4	81.1	81.1	79.6	29.086	0.00	0.00	0	0.00	0	0.0	0.00	0.0	0.000	0.238	-52.3	0	---	-52.4	-52.4	 .0947	0.000	698	1	100.0	30
08/08/20	2:00 a	76.4	76.4	76.2	100	76.4	0.0	---	0.00	0.0	---	76.4	81.1	81.1	79.6	29.086	0.00	0.00	0	0.00	0	0.0	0.00	0.0	0.000	0.238	-52.3	0	---	-52.4	-52.4	 .0947	0.000	698	1	100.0	30
08/08/20	2:30 a	76.1	76.5	76.1	100	76.1	0.0	---	0.00	0.0	---	76.1	80.5	80.5	79.0	29.813	0.00	0.00	0	0.00	0	0.0	0.00	0.0	0.000	0.231	-52.3	0	---	-52.4	-52.4	 .0971	0.000	702	1	100.0	30
08/08/20	3:00 a	75.8	76.1	75.8	100	75.8	0.0	---	0.00	0.0	---	75.8	80.0	80.0	78.4	29.813	0.00	0.00	0	0.00	0	0.0	0.00	0.0	0.000	0.225	-52.3	0	---	-52.4	-52.4	 .0971	0.000	698	1	100.0	30
08/08/20	3:30 a	75.5	75.9	75.5	100	75.5	0.0	---	0.00	0.0	---	75.5	79.6	79.6	78.0	29.813	0.00	0.00	0	0.00	0	0.0	0.00	0.0	0.000	0.219	-52.3	0	---	-52.4	-52.4	 .0971	0.000	703	1	100.0	30
08/08/20	4:00 a	75.3	75.5	75.3	100	75.3	0.0	---	0.00	0.0	---	75.3	79.3	79.3	77.7	29.813	0.00	0.00	0	0.00	0	0.0	0.00	0.0	0.000	0.215	-51.4	0	---	-51.5	-51.5	 .0969	0.000	702	1	100.0	30
08/08/20	4:30 a	75.1	75.4	75.1	100	75.1	0.0	---	0.00	0.0	---	75.1	78.9	78.9	77.3	29.813	0.00	0.00	0	0.00	0	0.0	0.00	0.0	0.000	0.210	-52.3	0	---	-52.4	-52.4	 .0971	0.000	701	1	100.0	30
08/08/20	5:00 a	75.1	75.4	75.0	100	75.1	0.0	---	0.00	0.0	---	75.1	78.9	78.9	77.3	29.693	0.00	0.00	0	0.00	0	0.0	0.00	0.0	0.000	0.210	-52.3	0	---	-52.4	-52.4	 .0967	0.000	700	1	100.0	30
08/08/20	5:30 a	74.9	75.2	74.8	100	74.9	0.0	SSW	0.00	1.0	SSW	74.9	78.7	78.7	77.1	29.693	0.00	0.00	0	0.00	0	0.0	0.00	0.0	0.000	0.206	-52.3	0	---	-52.4	-52.4	 .0967	0.000	700	1	100.0	30
08/08/20	6:00 a	75.0	75.0	74.8	100	75.0	0.0	SSW	0.00	1.0	SSW	75.0	78.8	78.8	77.4	29.825	0.00	0.00	6	0.26	14	0.0	0.00	0.0	0.000	0.208	-52.3	0	---	-52.4	-52.4	 .0971	0.000	699	1	100.0	30
08/08/20	6:30 a	75.6	75.6	75.0	100	75.6	0.0	---	0.00	0.0	---	75.6	79.7	79.7	79.9	29.825	0.00	0.00	22	0.95	28	0.0	0.00	0.0	0.000	0.221	-52.3	0	---	-52.4	-52.4	 .0971	0.000	700	1	100.0	30
08/08/20	7:00 a	76.6	76.6	75.6	100	76.6	0.0	SSW	0.00	1.0	SSW	76.6	81.4	81.4	82.2	29.836	0.00	0.00	41	1.76	54	0.0	0.00	0.0	0.000	0.242	-52.3	0	---	-52.4	-52.4	 .0971	0.001	700	1	100.0	30
08/08/20	7:30 a	77.3	77.3	76.5	100	77.3	0.0	SSW	0.00	1.0	SSW	77.3	82.9	82.9	84.5	29.836	0.00	0.00	68	2.92	102	0.6	0.13	1.0	0.000	0.256	-52.3	0	---	-52.4	-52.4	 .0971	0.000	701	1	100.0	30
08/08/20	8:00 a	78.8	78.8	77.3	100	78.8	0.0	SSW	0.00	2.0	SSW	78.8	86.3	86.3	94.2	29.836	0.00	0.00	305	13.12	378	1.7	0.36	2.2	0.000	0.288	-52.3	0	---	-52.4	-52.4	 .0971	0.005	699	1	100.0	30
08/08/20	8:30 a	79.7	80.7	78.8	100	79.7	1.0	S	0.50	7.0	SE	79.7	88.8	88.8	98.8	29.836	0.00	0.00	437	18.79	501	2.9	0.62	3.5	0.000	0.306	-52.3	0	---	-52.4	-52.4	 .0971	0.000	702	1	100.0	30
08/08/20	9:00 a	84.5	84.6	79.7	100	84.5	2.0	SE	1.00	8.0	SSE	84.5	105.3	105.3	116.5	29.836	0.00	0.00	531	22.84	608	4.2	0.90	4.8	0.000	0.406	-52.3	0	---	-52.4	-52.4	 .0971	0.012	701	1	100.0	30
08/08/20	9:30 a	86.4	86.4	84.5	100	86.4	1.0	E	0.50	4.0	S	86.4	116.1	116.1	129.2	29.852	0.00	0.00	760	32.68	833	5.6	1.20	6.3	0.000	0.446	-52.3	0	---	-52.4	-52.4	 .0972	0.000	701	1	100.0	30
08/08/20	10:00 a	87.2	87.8	85.6	100	87.2	2.0	S	1.00	6.0	S	87.2	122.5	122.5	134.5	29.852	0.00	0.00	919	39.52	1025	6.9	1.48	7.6	0.000	0.462	-52.3	0	---	-52.4	-52.4	 .0972	0.021	700	1	100.0	30
08/08/20	10:30 a	85.7	87.1	85.0	100	85.7	1.0	SSE	0.50	5.0	S	85.7	111.5	111.5	120.0	29.852	0.00	0.00	389	16.73	1060	6.5	1.39	8.8	0.000	0.431	-52.3	0	---	-52.4	-52.4	 .0972	0.000	702	1	100.0	30
08/08/20	11:00 a	86.4	86.8	85.7	100	86.4	2.0	SSE	1.00	7.0	ESE	86.4	116.1	116.1	127.4	29.852	0.00	0.00	998	42.92	1035	9.1	1.95	9.4	0.000	0.446	-52.3	0	---	-52.4	-52.4	 .0972	0.019	701	1	100.0	30
08/08/20	11:30 a	86.4	87.0	86.1	100	86.4	2.0	SE	1.00	8.0	SE	86.4	116.1	116.1	127.2	29.692	0.00	0.00	1006	43.26	1013	9.7	2.08	9.8	0.000	0.446	-52.3	0	---	-52.4	-52.4	 .0967	0.000	699	1	100.0	30
08/08/20	12:00 p	87.3	87.7	86.3	100	87.3	2.0	SE	1.00	7.0	S	87.3	123.5	123.5	135.1	29.830	0.00	0.00	1016	43.69	1030	9.9	2.12	9.9	0.000	0.465	-52.3	0	---	-52.4	-52.4	 .0971	0.026	700	1	100.0	30
08/08/20	12:30 p	86.7	88.2	86.5	100	86.7	2.0	SE	1.00	12.0	SSE	86.7	118.3	118.3	130.6	29.830	0.00	0.00	1019	43.82	1041	9.6	2.06	9.9	0.000	0.452	-52.3	0	---	-52.4	-52.4	 .0971	0.000	701	1	100.0	30
08/08/20	1:00 p	86.6	87.5	86.4	100	86.6	3.0	S	1.50	9.0	SSE	86.6	117.6	117.6	130.8	29.830	0.00	0.00	1019	43.82	1037	9.0	1.93	9.3	0.000	0.450	-52.3	0	---	-52.4	-52.4	 .0971	0.026	700	1	100.0	30
08/08/20	1:30 p	86.9	87.3	86.6	100	86.9	2.0	SE	1.00	9.0	S	86.9	119.8	119.8	133.1	29.809	0.00	0.00	941	40.47	1005	7.9	1.69	8.6	0.000	0.456	-52.3	0	---	-52.4	-52.4	 .0971	0.000	703	1	100.0	30
08/08/20	2:00 p	86.4	87.1	86.3	100	86.4	3.0	SSE	1.50	11.0	SE	86.4	116.1	116.1	129.8	29.709	0.00	0.00	869	37.37	902	6.7	1.44	7.3	0.000	0.446	-52.3	0	---	-52.4	-52.4	 .0967	0.023	698	1	100.0	30
08/08/20	2:30 p	86.8	87.2	86.2	100	86.8	3.0	SE	1.50	10.0	SSE	86.8	119.0	119.0	133.2	29.778	0.00	0.00	792	34.06	833	5.3	1.14	5.9	0.000	0.454	-52.3	0	---	-52.4	-52.4	 .0970	0.000	702	1	100.0	30
08/08/20	3:00 p	85.6	86.9	84.9	100	85.6	2.0	SSE	1.00	9.0	SSE	85.6	111.0	111.0	122.2	29.774	0.00	0.00	450	19.35	731	3.2	0.69	4.0	0.000	0.429	-52.3	0	---	-52.4	-52.4	 .0969	0.016	700	1	100.0	30
08/08/20	3:30 p	85.5	86.6	85.5	100	85.5	2.0	SE	1.00	9.0	E	85.5	110.4	110.4	124.9	29.763	0.00	0.00	580	24.94	691	2.6	0.56	3.3	0.000	0.427	-52.3	0	---	-52.4	-52.4	 .0969	0.000	698	1	100.0	30
08/08/20	4:00 p	84.9	85.9	84.8	100	84.9	1.0	NNE	0.50	7.0	SSE	84.9	107.2	107.2	118.1	29.748	0.00	0.00	365	15.70	513	1.6	0.34	2.0	0.000	0.415	-52.3	0	---	-52.4	-52.4	 .0969	0.012	702	1	100.0	30
08/08/20	4:30 p	84.3	85.0	84.3	100	84.3	1.0	SSE	0.50	7.0	SSE	84.3	104.5	104.5	111.6	------	0.00	0.00	181	7.78	362	0.8	0.17	1.2	0.000	0.402	-51.1	0	---	-51.2	-51.2	-51.2	0.000	701	1	100.0	30
08/08/20	5:00 p	82.7	84.5	82.7	100	82.7	1.0	ESE	0.50	7.0	ESE	82.7	98.1	98.1	100.4	29.692	0.00	0.00	57	2.45	76	0.0	0.00	0.5	0.000	0.369	-52.3	0	---	-52.4	-52.4	 .0967	0.003	703	1	100.0	30
08/08/20	5:30 p	82.1	83.0	82.1	100	82.1	1.0	SE	0.50	5.0	SSE	82.1	96.0	96.0	95.6	29.692	0.00	0.00	23	0.99	39	0.0	0.00	0.0	0.000	0.356	-52.3	0	---	-52.4	-52.4	 .0967	0.000	699	1	100.0	30
08/08/20	6:00 p	81.3	82.2	81.2	100	81.3	0.0	NE	0.00	3.0	E	81.3	93.5	93.5	92.7	29.692	0.00	0.00	6	0.26	14	0.0	0.00	0.0	0.000	0.340	-52.3	0	---	-52.4	-52.4	 .0967	0.000	702	1	100.0	30
08/08/20	6:30 p	80.7	81.3	80.5	100	80.7	0.0	NE	0.00	2.0	NE	80.7	91.6	91.6	90.6	29.796	0.00	0.00	0	0.00	0	0.0	0.00	0.0	0.000	0.327	-52.3	0	---	-52.4	-52.4	 .0970	0.000	701	1	100.0	30
08/08/20	7:00 p	80.2	80.7	80.2	100	80.2	0.0	---	0.00	0.0	---	80.2	90.2	90.2	89.2	29.796	0.00	0.00	0	0.00	0	0.0	0.00	0.0	0.000	0.317	-52.3	0	---	-52.4	-52.4	 .0970	0.000	701	1	100.0	30
08/08/20	7:30 p	80.0	80.3	79.9	100	80.0	0.0	---	0.00	0.0	---	80.0	89.6	89.6	88.6	19.389	0.00	0.00	0	0.00	0	0.0	0.00	0.0	0.000	0.313	-52.3	0	---	-52.4	-52.4	 .0631	0.000	698	1	100.0	30
08/08/20	8:00 p	79.8	80.0	79.6	100	79.8	0.0	E	0.00	3.0	E	79.8	89.0	89.0	87.9	29.692	0.00	0.00	0	0.00	0	0.0	0.00	0.0	0.000	0.308	-52.3	0	---	-52.4	-52.4	 .0967	0.000	703	1	100.0	30
08/08/20	8:30 p	79.7	79.8	79.6	100	79.7	0.0	E	0.00	1.0	E	79.7	88.8	88.8	87.7	29.692	0.00	0.00	0	0.00	0	0.0	0.00	0.0	0.000	0.306	-52.3	0	---	-52.4	-52.4	 .0967	0.000	699	1	100.0	30
08/08/20	9:00 p	79.6	79.8	79.6	100	79.6	0.0	E	0.00	2.0	E	79.6	88.5	88.5	87.4	29.692	0.00	0.00	0	0.00	0	0.0	0.00	0.0	0.000	0.304	-52.3	0	---	-52.4	-52.4	 .0967	0.000	697	1	100.0	30
08/08/20	9:30 p	79.5	79.7	79.4	100	79.5	0.0	E	0.00	1.0	E	79.5	88.2	88.2	87.1	29.692	0.00	0.00	0	0.00	0	0.0	0.00	0.0	0.000	0.302	-52.3	0	---	-52.4	-52.4	 .0967	0.000	700	1	100.0	30
08/08/20	10:00 p	79.3	79.5	79.3	100	79.3	0.0	E	0.00	1.0	E	79.3	87.6	87.6	86.5	29.692	0.00	0.00	0	0.00	0	0.0	0.00	0.0	0.000	0.298	-52.3	0	---	-52.4	-52.4	 .0967	0.000	702	1	100.0	30
08/08/20	10:30 p	79.2	79.4	79.0	100	79.2	0.0	E	0.00	1.0	E	79.2	87.4	87.4	86.3	29.820	0.00	0.00	0	0.00	0	0.0	0.00	0.0	0.000	0.296	-52.3	0	---	-52.4	-52.4	 .0971	0.000	702	1	100.0	30
08/08/20	11:00 p	78.9	79.2	78.9	100	78.9	0.0	---	0.00	0.0	---	78.9	86.6	86.6	85.5	29.820	0.00	0.00	0	0.00	0	0.0	0.00	0.0	0.000	0.290	-52.3	0	---	-52.4	-52.4	 .0971	0.000	701	1	100.0	30
08/08/20	11:30 p	78.6	78.9	78.6	100	78.6	0.0	---	0.00	0.0	---	78.6	85.8	85.8	84.7	29.823	0.00	0.00	0	0.00	0	0.0	0.00	0.0	0.000	0.283	-52.3	0	---	-52.4	-52.4	 .0971	0.000	702	1	100.0	30
08/09/20	12:00 a	78.7	78.7	78.5	100	78.7	0.0	---	0.00	0.0	---	78.7	86.1	86.1	85.0	29.812	0.00	0.00	0	0.00	0	0.0	0.00	0.0	0.000	0.285	-52.3	0	---	-52.4	-52.4	 .0971	0.000	702	1	100.0	30
08/09/20	12:30 a	78.5	78.7	78.5	100	78.5	0.0	E	0.00	1.0	E	78.5	85.6	85.6	84.5	29.812	0.00	0.00	0	0.00	0	0.0	0.00	0.0	0.000	0.281	-52.3	0	---	-52.4	-52.4	 .0971	0.000	700	1	100.0	30
08/09/20	1:00 a	78.3	78.5	78.3	100	78.3	0.0	E	0.00	1.0	E	78.3	85.1	85.1	84.0	29.812	0.00	0.00	0	0.00	0	0.0	0.00	0.0	0.000	0.277	-52.3	0	---	-52.4	-52.4	 .0971	0.000	699	1	100.0	30
08/09/20	1:30 a	78.0	78.4	78.0	100	78.0	0.0	---	0.00	0.0	---	78.0	84.4	84.4	83.3	29.812	0.00	0.00	0	0.00	0	0.0	0.00	0.0	0.000	0.271	-52.3	0	---	-52.4	-52.4	 .0971	0.000	703	1	100.0	30
08/09/20	2:00 a	77.8	78.0	77.7	100	77.8	0.0	---	0.00	0.0	---	77.8	84.0	84.0	82.8	29.812	0.00	0.00	0	0.00	0	0.0	0.00	0.0	0.000	0.267	-52.3	0	---	-52.4	-52.4	 .0971	0.000	701	1	100.0	30
08/09/20	2:30 a	77.7	77.9	77.6	100	77.7	0.0	---	0.00	0.0	---	77.7	83.7	83.7	82.5	29.812	0.00	0.00	0	0.00	0	0.0	0.00	0.0	0.000	0.265	-52.3	0	---	-52.4	-52.4	 .0971	0.000	703	1	100.0	30
08/09/20	3:00 a	77.6	77.9	77.6	100	77.6	0.0	---	0.00	0.0	---	77.6	83.5	83.5	82.3	29.789	0.00	0.00	0	0.00	0	0.0	0.00	0.0	0.000	0.262	-52.3	0	---	-52.4	-52.4	 .0970	0.000	700	1	100.0	30
08/09/20	3:30 a	77.6	77.8	77.4	100	77.6	0.0	---	0.00	0.0	---	77.6	83.5	83.5	82.3	29.692	0.00	0.00	0	0.00	0	0.0	0.00	0.0	0.000	0.262	-52.3	0	---	-52.4	-52.4	 .0967	0.000	702	1	100.0	30
08/09/20	4:00 a	77.5	77.6	77.5	100	77.5	0.0	---	0.00	0.0	---	77.5	83.3	83.3	82.1	29.692	0.00	0.00	0	0.00	0	0.0	0.00	0.0	0.000	0.260	-52.3	0	---	-52.4	-52.4	 .0967	0.000	698	1	100.0	30
08/09/20	4:30 a	77.6	77.7	77.4	100	77.6	0.0	---	0.00	0.0	---	77.6	83.5	83.5	82.3	29.791	0.00	0.00	0	0.00	0	0.0	0.00	0.0	0.000	0.262	-52.3	0	---	-52.4	-52.4	 .0970	0.000	700	1	100.0	30
08/09/20	5:00 a	77.5	77.7	77.4	100	77.5	0.0	---	0.00	0.0	---	77.5	83.3	83.3	82.1	29.791	0.00	0.00	0	0.00	0	0.0	0.00	0.0	0.000	0.260	-52.3	0	---	-52.4	-52.4	 .0970	0.000	701	1	100.0	30
08/09/20	5:30 a	77.4	77.6	77.4	100	77.4	0.0	---	0.00	0.0	---	77.4	83.1	83.1	81.9	29.791	0.00	0.00	0	0.00	0	0.0	0.00	0.0	0.000	0.258	-52.3	0	---	-52.4	-52.4	 .0970	0.000	700	1	100.0	30
08/09/20	6:00 a	77.6	77.6	77.4	100	77.6	0.0	---	0.00	0.0	---	77.6	83.5	83.5	82.4	29.791	0.00	0.00	3	0.13	11	0.0	0.00	0.0	0.000	0.262	-52.3	0	---	-52.4	-52.4	 .0970	0.000	699	1	100.0	30
08/09/20	6:30 a	78.2	78.2	77.6	100	78.2	0.0	---	0.00	0.0	---	78.2	84.9	84.9	85.6	29.791	0.00	0.00	31	1.33	51	0.0	0.00	0.0	0.000	0.275	-52.3	0	---	-52.4	-52.4	 .0970	0.000	700	1	100.0	30
08/09/20	7:00 a	78.7	78.7	78.2	100	78.7	0.0	NNW	0.00	2.0	E	78.7	86.1	86.1	88.0	29.791	0.00	0.00	67	2.88	97	0.0	0.00	0.0	0.000	0.285	-52.3	0	---	-52.4	-52.4	 .0970	0.001	702	1	100.0	30
08/09/20	7:30 a	79.4	79.5	78.7	100	79.4	0.0	NNW	0.00	2.0	NNW	79.4	87.9	87.9	92.1	29.791	0.00	0.00	143	6.15	199	0.7	0.15	1.0	0.000	0.300	-52.3	0	---	-52.4	-52.4	 .0970	0.000	697	1	100.0	30
08/09/20	8:00 a	81.1	81.4	79.5	100	81.1	1.0	NW	0.50	3.0	SSW	81.1	92.8	92.8	99.5	29.791	0.00	0.00	247	10.62	329	1.3	0.28	1.7	0.000	0.335	-52.3	0	---	-52.4	-52.4	 .0970	0.005	700	1	100.0	30
08/09/20	8:30 a	82.5	82.5	81.0	100	82.5	1.0	NNE	0.50	4.0	WNW	82.5	97.4	97.4	103.8	29.791	0.00	0.00	260	11.18	318	1.6	0.34	2.2	0.000	0.365	-52.3	0	---	-52.4	-52.4	 .0970	0.000	699	1	100.0	30
08/09/20	9:00 a	83.5	84.4	82.5	100	83.5	1.0	NW	0.50	7.0	SSE	83.5	101.1	101.1	111.4	29.791	0.00	0.00	476	20.47	656	3.5	0.75	4.6	0.000	0.385	-52.3	0	---	-52.4	-52.4	 .0970	0.009	701	1	100.0	30
08/09/20	9:30 a	82.1	83.5	82.1	100	82.1	1.0	SE	0.50	7.0	WSW	82.1	96.0	96.0	103.1	29.692	0.00	0.00	318	13.68	538	2.8	0.60	3.5	0.000	0.356	-52.3	0	---	-52.4	-52.4	 .0967	0.000	700	1	100.0	30
08/09/20	10:00 a	81.0	82.2	81.0	100	81.0	2.0	SE	1.00	10.0	S	81.0	92.5	92.5	96.4	29.692	0.00	0.00	184	7.91	381	1.8	0.39	3.7	0.000	0.333	-52.3	0	---	-52.4	-52.4	 .0967	0.006	700	1	100.0	30
08/09/20	10:30 a	79.2	81.1	79.2	100	79.2	2.0	ESE	1.00	11.0	S	79.2	87.4	87.4	88.1	29.692	0.14	1.17	56	2.41	104	0.4	0.09	1.3	0.000	0.296	-52.3	0	---	-52.4	-52.4	 .0967	0.000	699	1	100.0	30
08/09/20	11:00 a	79.2	79.2	78.6	100	79.2	0.0	ESE	0.00	3.0	SE	79.2	87.4	87.4	88.5	29.692	0.07	0.46	75	3.23	105	0.9	0.19	1.3	0.000	0.296	-52.3	0	---	-52.4	-52.4	 .0967	0.002	700	1	100.0	30
08/09/20	11:30 a	78.6	79.2	78.6	100	78.6	1.0	E	0.50	3.0	ENE	78.6	85.8	85.8	87.3	29.692	0.11	0.91	91	3.91	114	1.0	0.21	1.3	0.000	0.283	-52.3	0	---	-52.4	-52.4	 .0967	0.000	702	1	100.0	30
08/09/20	12:00 p	78.7	78.9	78.6	100	78.7	0.0	NE	0.00	2.0	NE	78.7	86.1	86.1	86.6	29.692	0.01	0.09	49	2.11	88	0.3	0.06	1.0	0.000	0.285	-52.3	0	---	-52.4	-52.4	 .0967	0.002	702	1	100.0	30
08/09/20	12:30 p	78.9	78.9	78.6	100	78.9	0.0	ENE	0.00	1.0	ENE	78.9	86.6	86.6	86.2	29.692	0.03	0.09	12	0.52	26	0.0	0.00	0.0	0.000	0.290	-52.3	0	---	-52.4	-52.4	 .0967	0.000	701	1	100.0	30
08/09/20	1:00 p	78.9	78.9	78.6	100	78.9	0.0	ENE	0.00	2.0	ENE	78.9	86.6	86.6	86.2	29.692	0.02	0.12	14	0.60	25	0.0	0.00	0.0	0.000	0.290	-52.3	0	---	-52.4	-52.4	 .0967	0.000	698	1	100.0	30
08/09/20	1:30 p	78.2	78.9	78.2	100	78.2	1.0	ENE	0.50	4.0	SSE	78.2	84.9	84.9	84.5	29.692	0.07	0.27	14	0.60	25	0.0	0.00	0.0	0.000	0.275	-52.3	0	---	-52.4	-52.4	 .0967	0.000	702	1	100.0	30
08/09/20	2:00 p	78.0	78.2	77.8	100	78.0	0.0	E	0.00	2.0	NNE	78.0	84.4	84.4	84.3	29.692	0.05	0.15	26	1.12	33	0.0	0.00	0.0	0.000	0.271	-52.3	0	---	-52.4	-52.4	 .0967	0.000	699	1	100.0	30
08/09/20	2:30 p	77.9	78.0	77.5	100	77.9	0.0	E	0.00	1.0	E	77.9	84.2	84.2	84.2	29.692	0.04	0.10	29	1.25	42	0.0	0.00	0.0	0.000	0.269	-52.3	0	---	-52.4	-52.4	 .0967	0.000	699	1	100.0	30
08/09/20	3:00 p	77.9	78.2	77.7	100	77.9	0.0	E	0.00	2.0	E	77.9	84.2	84.2	85.3	29.692	0.01	0.05	61	2.62	102	0.3	0.06	0.8	0.000	0.269	-52.3	0	---	-52.4	-52.4	 .0967	0.001	702	1	100.0	30
08/09/20	3:30 p	77.8	78.3	77.7	100	77.8	0.0	ENE	0.00	2.0	ENE	77.8	84.0	84.0	86.4	29.692	0.01	0.00	91	3.91	113	0.6	0.13	0.9	0.000	0.267	-52.3	0	---	-52.4	-52.4	 .0967	0.000	701	1	100.0	30
08/09/20	4:00 p	78.2	78.3	77.8	100	78.2	0.0	---	0.00	0.0	---	78.2	84.9	84.9	86.3	29.692	0.00	0.00	54	2.32	79	0.1	0.02	0.5	0.000	0.275	-52.3	0	---	-52.4	-52.4	 .0967	0.002	702	1	100.0	30
08/09/20	4:30 p	77.4	78.1	77.3	100	77.4	0.0	ENE	0.00	2.0	ENE	77.4	83.1	83.1	83.1	29.692	0.00	0.00	17	0.73	25	0.0	0.00	0.0	0.000	0.258	-52.3	0	---	-52.4	-52.4	 .0967	0.000	697	1	100.0	30
08/09/20	5:00 p	77.4	77.6	77.1	100	77.4	0.0	SSW	0.00	2.0	ENE	77.4	83.1	83.1	82.4	29.692	0.05	0.47	2	0.09	9	0.0	0.00	0.0	0.000	0.258	-52.3	0	---	-52.4	-52.4	 .0967	0.000	700	1	100.0	30
08/09/20	5:30 p	77.3	77.5	77.2	100	77.3	0.0	SSW	0.00	2.0	SSW	77.3	82.9	82.9	81.9	29.692	0.08	0.40	0	0.00	0	0.0	0.00	0.0	0.000	0.256	-52.3	0	---	-52.4	-52.4	 .0967	0.000	699	1	100.0	30
08/09/20	6:00 p	77.1	77.3	77.1	100	77.1	0.0	SSW	0.00	2.0	SSW	77.1	82.4	82.4	81.4	29.692	0.02	0.12	0	0.00	0	0.0	0.00	0.0	0.000	0.252	-52.3	0	---	-52.4	-52.4	 .0967	0.000	700	1	100.0	30
08/09/20	6:30 p	77.1	77.2	77.0	100	77.1	0.0	SSW	0.00	2.0	SSW	77.1	82.4	82.4	81.4	29.818	0.05	0.13	0	0.00	0	0.0	0.00	0.0	0.000	0.252	-52.3	0	---	-52.4	-52.4	 .0971	0.000	698	1	100.0	30
08/09/20	7:00 p	77.0	77.1	76.9	100	77.0	0.0	SSW	0.00	2.0	SSW	77.0	82.2	82.2	81.2	19.389	0.03	0.09	0	0.00	0	0.0	0.00	0.0	0.000	0.250	-52.3	0	---	-52.4	-52.4	 .0631	0.000	701	1	100.0	30
08/09/20	7:30 p	76.8	76.9	76.8	100	76.8	0.0	SSW	0.00	1.0	SSW	76.8	81.8	81.8	80.8	29.694	0.04	0.08	0	0.00	0	0.0	0.00	0.0	0.000	0.246	-52.3	0	---	-52.4	-52.4	 .0967	0.000	698	1	100.0	30
08/09/20	8:00 p	76.8	76.9	76.7	100	76.8	0.0	---	0.00	0.0	---	76.8	81.8	81.8	80.8	29.694	0.01	0.06	0	0.00	0	0.0	0.00	0.0	0.000	0.246	-52.3	0	---	-52.4	-52.4	 .0967	0.000	701	1	100.0	30
08/09/20	8:30 p	77.0	77.1	76.8	100	77.0	0.0	SSW	0.00	1.0	SSW	77.0	82.2	82.2	81.2	29.694	0.01	0.00	0	0.00	0	0.0	0.00	0.0	0.000	0.250	-52.3	0	---	-52.4	-52.4	 .0967	0.000	703	1	100.0	30
08/09/20	9:00 p	76.9	77.0	76.8	100	76.9	0.0	SSW	0.00	1.0	SSW	76.9	82.0	82.0	81.0	29.694	0.00	0.00	0	0.00	0	0.0	0.00	0.0	0.000	0.248	-52.3	0	---	-52.4	-52.4	 .0967	0.000	700	1	100.0	30
08/09/20	9:30 p	76.7	77.0	76.7	100	76.7	0.0	SSW	0.00	1.0	SSW	76.7	81.6	81.6	80.6	29.694	0.00	0.00	0	0.00	0	0.0	0.00	0.0	0.000	0.244	-52.3	0	---	-52.4	-52.4	 .0967	0.000	701	1	100.0	30
08/09/20	10:00 p	76.6	76.8	76.5	100	76.6	0.0	---	0.00	0.0	---	76.6	81.4	81.4	80.4	29.694	0.00	0.00	0	0.00	0	0.0	0.00	0.0	0.000	0.242	-52.3	0	---	-52.4	-52.4	 .0967	0.000	699	1	100.0	30
08/09/20	10:30 p	76.8	76.8	76.5	100	76.8	0.0	SSW	0.00	1.0	SSW	76.8	81.8	81.8	80.8	29.694	0.00	0.00	0	0.00	0	0.0	0.00	0.0	0.000	0.246	-52.3	0	---	-52.4	-52.4	 .0967	0.000	701	1	100.0	30
08/09/20	11:00 p	76.4	76.8	76.3	100	76.4	0.0	SSW	0.00	1.0	SSW	76.4	81.1	81.1	80.1	29.694	0.00	0.00	0	0.00	0	0.0	0.00	0.0	0.000	0.238	-52.3	0	---	-52.4	-52.4	 .0967	0.000	701	1	100.0	30
08/09/20	11:30 p	76.6	76.7	76.3	100	76.6	0.0	---	0.00	0.0	---	76.6	81.4	81.4	80.4	29.694	0.00	0.00	0	0.00	0	0.0	0.00	0.0	0.000	0.242	-52.3	0	---	-52.4	-52.4	 .0967	0.000	703	1	100.0	30
08/10/20	12:00 a	76.6	76.8	76.6	100	76.6	0.0	---	0.00	0.0	---	76.6	81.4	81.4	80.4	29.694	0.00	0.00	0	0.00	0	0.0	0.00	0.0	0.000	0.242	-52.3	0	---	-52.4	-52.4	 .0967	0.000	698	1	100.0	30
08/10/20	12:30 a	76.5	76.7	76.5	100	76.5	0.0	SSW	0.00	1.0	SSW	76.5	81.3	81.3	80.3	29.694	0.00	0.00	0	0.00	0	0.0	0.00	0.0	0.000	0.240	-52.3	0	---	-52.4	-52.4	 .0967	0.000	701	1	100.0	30
08/10/20	1:00 a	76.1	76.5	76.0	100	76.1	0.0	SSW	0.00	1.0	SSW	76.1	80.5	80.5	79.5	29.694	0.00	0.00	0	0.00	0	0.0	0.00	0.0	0.000	0.231	-52.3	0	---	-52.4	-52.4	 .0967	0.000	699	1	100.0	30
08/10/20	1:30 a	75.6	76.1	75.5	100	75.6	0.0	SSW	0.00	1.0	SSW	75.6	79.7	79.7	78.6	29.694	0.00	0.00	0	0.00	0	0.0	0.00	0.0	0.000	0.221	-52.3	0	---	-52.4	-52.4	 .0967	0.000	701	1	100.0	30
08/10/20	2:00 a	75.4	75.6	75.3	100	75.4	0.0	---	0.00	0.0	---	75.4	79.4	79.4	78.3	29.694	0.00	0.00	0	0.00	0	0.0	0.00	0.0	0.000	0.217	-52.3	0	---	-52.4	-52.4	 .0967	0.000	701	1	100.0	30
08/10/20	2:30 a	75.3	75.5	75.1	100	75.3	0.0	---	0.00	0.0	---	75.3	79.3	79.3	78.2	29.694	0.00	0.00	0	0.00	0	0.0	0.00	0.0	0.000	0.215	-52.3	0	---	-52.4	-52.4	 .0967	0.000	700	1	100.0	30
08/10/20	3:00 a	75.3	75.6	75.3	100	75.3	0.0	---	0.00	0.0	---	75.3	79.3	79.3	78.2	29.694	0.00	0.00	0	0.00	0	0.0	0.00	0.0	0.000	0.215	-52.3	0	---	-52.4	-52.4	 .0967	0.000	699	1	100.0	30
08/10/20	3:30 a	75.0	75.4	75.0	100	75.0	0.0	---	0.00	0.0	---	75.0	78.8	78.8	77.7	29.693	0.00	0.00	0	0.00	0	0.0	0.00	0.0	0.000	0.208	-52.3	0	---	-52.4	-52.4	 .0967	0.000	699	1	100.0	30
08/10/20	4:00 a	75.2	75.2	74.8	100	75.2	0.0	---	0.00	0.0	---	75.2	79.1	79.1	78.0	29.693	0.00	0.00	0	0.00	0	0.0	0.00	0.0	0.000	0.212	-52.3	0	---	-52.4	-52.4	 .0967	0.000	700	1	100.0	30
08/10/20	4:30 a	74.9	75.2	74.8	100	74.9	0.0	---	0.00	0.0	---	74.9	78.7	78.7	77.6	29.693	0.00	0.00	0	0.00	0	0.0	0.00	0.0	0.000	0.206	-52.3	0	---	-52.4	-52.4	 .0967	0.000	699	1	100.0	30
08/10/20	5:00 a	74.5	74.9	74.5	100	74.5	0.0	---	0.00	0.0	---	74.5	78.2	78.2	77.1	29.693	0.00	0.00	0	0.00	0	0.0	0.00	0.0	0.000	0.198	-52.3	0	---	-52.4	-52.4	 .0967	0.000	702	1	100.0	30
08/10/20	5:30 a	74.5	74.6	74.4	100	74.5	0.0	---	0.00	0.0	---	74.5	78.2	78.2	77.1	29.693	0.00	0.00	0	0.00	0	0.0	0.00	0.0	0.000	0.198	-52.3	0	---	-52.4	-52.4	 .0967	0.000	700	1	100.0	30
08/10/20	6:00 a	74.5	74.6	74.4	100	74.5	0.0	---	0.00	0.0	---	74.5	78.2	78.2	77.4	29.693	0.01	0.00	11	0.47	21	0.0	0.00	0.0	0.000	0.198	-52.3	0	---	-52.4	-52.4	 .0967	0.000	703	1	100.0	30
08/10/20	6:30 a	75.2	75.2	74.5	100	75.2	0.0	NNW	0.00	1.0	NNW	75.2	79.1	79.1	79.6	29.693	0.00	0.00	29	1.25	33	0.0	0.00	0.0	0.000	0.212	-52.3	0	---	-52.4	-52.4	 .0967	0.000	700	1	100.0	30
08/10/20	7:00 a	75.9	75.9	75.2	100	75.9	0.0	---	0.00	0.0	---	75.9	80.2	80.2	80.9	29.693	0.00	0.00	38	1.63	49	0.0	0.00	0.0	0.000	0.227	-52.3	0	---	-52.4	-52.4	 .0967	0.001	702	1	100.0	30
08/10/20	7:30 a	76.9	76.9	75.9	100	76.9	0.0	NNW	0.00	2.0	NNW	76.9	82.0	82.0	83.8	29.693	0.00	0.00	75	3.23	167	0.6	0.13	1.1	0.000	0.248	-52.3	0	---	-52.4	-52.4	 .0967	0.000	701	1	100.0	30
08/10/20	8:00 a	79.3	79.6	76.9	100	79.3	0.0	NNW	0.00	2.0	NNW	79.3	87.6	87.6	92.9	29.693	0.00	0.00	199	8.56	459	1.4	0.30	1.8	0.000	0.298	-52.3	0	---	-52.4	-52.4	 .0967	0.004	701	1	100.0	30
08/10/20	8:30 a	78.9	79.6	78.7	100	78.9	0.0	N	0.00	2.0	N	78.9	86.6	86.6	91.2	29.693	0.00	0.00	194	8.34	559	1.7	0.36	3.3	0.000	0.290	-52.3	0	---	-52.4	-52.4	 .0967	0.000	701	1	100.0	30
08/10/20	9:00 a	79.6	80.5	78.9	100	79.6	1.0	NE	0.50	4.0	SSW	79.6	88.5	88.5	97.8	29.693	0.00	0.00	432	18.58	731	3.3	0.71	4.7	0.000	0.304	-52.3	0	---	-52.4	-52.4	 .0967	0.008	698	1	100.0	30
08/10/20	9:30 a	80.4	80.6	79.5	100	80.4	1.0	S	0.50	5.0	SSW	80.4	90.8	90.8	97.5	29.693	0.00	0.00	306	13.16	888	3.4	0.73	5.6	0.000	0.321	-52.3	0	---	-52.4	-52.4	 .0967	0.000	701	1	100.0	30
08/10/20	10:00 a	82.6	82.7	80.4	100	82.6	2.0	SSW	1.00	7.0	W	82.6	97.8	97.8	108.0	29.693	0.00	0.00	499	21.46	1153	5.8	1.24	8.6	0.000	0.367	-52.3	0	---	-52.4	-52.4	 .0967	0.012	700	1	100.0	30
08/10/20	10:30 a	82.7	84.6	82.6	100	82.7	2.0	S	1.00	6.0	W	82.7	98.1	98.1	110.0	29.693	0.00	0.00	622	26.75	1176	5.6	1.20	8.9	0.000	0.369	-52.3	0	---	-52.4	-52.4	 .0967	0.000	700	1	100.0	30
08/10/20	11:00 a	83.2	83.8	82.7	100	83.2	2.0	SSW	1.00	7.0	S	83.2	100.0	100.0	110.6	29.693	0.00	0.00	519	22.32	722	6.4	1.37	9.5	0.000	0.379	-52.3	0	---	-52.4	-52.4	 .0967	0.015	700	1	100.0	30
08/10/20	11:30 a	83.2	83.4	82.8	100	83.2	2.0	SSW	1.00	6.0	S	83.2	100.0	100.0	110.5	29.693	0.00	0.00	510	21.93	687	6.0	1.29	7.8	0.000	0.379	-52.3	0	---	-52.4	-52.4	 .0967	0.000	696	1	100.0	30
08/10/20	12:00 p	81.7	83.3	81.7	100	81.7	2.0	S	1.00	9.0	SSE	81.7	94.7	94.7	100.8	29.693	0.00	0.00	272	11.70	466	3.3	0.71	5.2	0.000	0.348	-52.3	0	---	-52.4	-52.4	 .0967	0.010	702	1	100.0	30
08/10/20	12:30 p	82.3	82.8	81.3	100	82.3	1.0	S	0.50	7.0	SSE	82.3	96.8	96.8	103.8	29.693	0.00	0.00	320	13.76	492	3.9	0.84	5.4	0.000	0.360	-52.3	0	---	-52.4	-52.4	 .0967	0.000	703	1	100.0	30
08/10/20	1:00 p	81.9	82.4	81.6	100	81.9	2.0	E	1.00	7.0	ESE	81.9	95.4	95.4	102.8	29.693	0.00	0.00	343	14.75	415	3.9	0.84	4.5	0.000	0.352	-52.3	0	---	-52.4	-52.4	 .0967	0.008	701	1	100.0	30
08/10/20	1:30 p	83.5	83.5	81.7	100	83.5	2.0	SSE	1.00	6.0	ESE	83.5	101.1	101.1	113.2	29.086	0.00	0.00	632	27.18	1018	5.9	1.26	8.3	0.000	0.385	-52.3	0	---	-52.4	-52.4	 .0947	0.000	699	1	100.0	30
08/10/20	2:00 p	83.7	84.2	83.0	100	83.7	2.0	SE	1.00	9.0	SSE	83.7	101.9	101.9	114.2	29.086	0.00	0.00	798	34.32	963	6.2	1.33	6.6	0.000	0.390	-52.3	0	---	-52.4	-52.4	 .0947	0.019	700	1	100.0	30
08/10/20	2:30 p	82.1	83.8	82.1	100	82.1	2.0	SSE	1.00	7.0	SE	82.1	96.0	96.0	106.3	29.086	0.00	0.00	447	19.22	791	3.6	0.77	5.7	0.000	0.356	-52.3	0	---	-52.4	-52.4	 .0947	0.000	698	1	100.0	30
08/10/20	3:00 p	83.0	83.2	82.0	100	83.0	1.0	SSE	0.50	7.0	SE	83.0	99.2	99.2	109.1	29.086	0.00	0.00	383	16.47	482	2.7	0.58	3.1	0.000	0.375	-52.3	0	---	-52.4	-52.4	 .0947	0.011	700	1	100.0	30
08/10/20	3:30 p	82.0	83.0	82.0	100	82.0	1.0	SE	0.50	5.0	S	82.0	95.7	95.7	102.9	29.086	0.00	0.00	239	10.28	318	1.6	0.34	2.0	0.000	0.354	-52.3	0	---	-52.4	-52.4	 .0947	0.000	700	1	100.0	30
08/10/20	4:00 p	81.7	82.7	81.7	100	81.7	1.0	SSW	0.50	5.0	S	81.7	94.7	94.7	101.4	29.086	0.00	0.00	195	8.39	329	0.8	0.17	1.6	0.000	0.348	-52.3	0	---	-52.4	-52.4	 .0947	0.006	700	1	100.0	30
08/10/20	4:30 p	81.1	81.7	81.1	100	81.1	1.0	SE	0.50	5.0	SE	81.1	92.8	92.8	96.3	29.086	0.00	0.00	91	3.91	107	0.0	0.00	0.0	0.000	0.335	-52.3	0	---	-52.4	-52.4	 .0947	0.000	702	1	100.0	30
08/10/20	5:00 p	81.0	81.4	80.7	100	81.0	0.0	SE	0.00	2.0	ESE	81.0	92.5	92.5	93.1	29.086	0.00	0.00	63	2.71	102	0.0	0.00	0.0	0.000	0.333	-52.3	0	---	-52.4	-52.4	 .0947	0.002	702	1	100.0	30
08/10/20	5:30 p	79.8	81.0	79.8	100	79.8	0.0	S	0.00	2.0	N	79.8	89.0	89.0	88.2	29.086	0.00	0.00	10	0.43	16	0.0	0.00	0.0	0.000	0.308	-52.3	0	---	-52.4	-52.4	 .0947	0.000	700	1	100.0	30
08/10/20	6:00 p	79.8	80.1	79.8	100	79.8	0.0	S	0.00	1.0	S	79.8	89.0	89.0	88.0	29.086	0.00	0.00	1	0.04	5	0.0	0.00	0.0	0.000	0.308	-52.3	0	---	-52.4	-52.4	 .0947	0.000	701	1	100.0	30
08/10/20	6:30 p	79.5	79.9	79.5	100	79.5	0.0	S	0.00	1.0	S	79.5	88.2	88.2	87.2	29.086	0.00	0.00	0	0.00	0	0.0	0.00	0.0	0.000	0.302	-52.3	0	---	-52.4	-52.4	 .0947	0.000	701	1	100.0	30
08/10/20	7:00 p	79.1	79.5	79.0	100	79.1	0.0	S	0.00	1.0	S	79.1	87.1	87.1	86.1	29.086	0.00	0.00	0	0.00	0	0.0	0.00	0.0	0.000	0.294	-52.3	0	---	-52.4	-52.4	 .0947	0.000	700	1	100.0	30
08/10/20	7:30 p	79.1	79.2	79.0	100	79.1	0.0	S	0.00	1.0	S	79.1	87.1	87.1	86.1	29.086	0.02	0.19	0	0.00	0	0.0	0.00	0.0	0.000	0.294	-52.3	0	---	-52.4	-52.4	 .0947	0.000	700	1	100.0	30
08/10/20	8:00 p	79.0	79.2	78.9	100	79.0	0.0	S	0.00	1.0	S	79.0	86.8	86.8	85.8	29.086	0.01	0.05	0	0.00	0	0.0	0.00	0.0	0.000	0.292	-52.3	0	---	-52.4	-52.4	 .0947	0.000	702	1	100.0	30
08/10/20	8:30 p	78.7	79.0	78.6	100	78.7	0.0	---	0.00	0.0	---	78.7	86.1	86.1	85.0	29.086	0.01	0.07	0	0.00	0	0.0	0.00	0.0	0.000	0.285	-52.3	0	---	-52.4	-52.4	 .0947	0.000	702	1	100.0	30
08/10/20	9:00 p	78.3	78.8	78.3	100	78.3	0.0	S	0.00	1.0	S	78.3	85.1	85.1	84.0	29.086	0.00	0.00	0	0.00	0	0.0	0.00	0.0	0.000	0.277	-52.3	0	---	-52.4	-52.4	 .0947	0.000	701	1	100.0	30
08/10/20	9:30 p	78.2	78.4	78.1	100	78.2	0.0	S	0.00	1.0	S	78.2	84.9	84.9	83.8	29.086	0.00	0.00	0	0.00	0	0.0	0.00	0.0	0.000	0.275	-52.3	0	---	-52.4	-52.4	 .0947	0.000	701	1	100.0	30
08/10/20	10:00 p	77.8	78.3	77.7	100	77.8	0.0	S	0.00	1.0	S	77.8	84.0	84.0	82.9	29.086	0.00	0.00	0	0.00	0	0.0	0.00	0.0	0.000	0.267	-52.3	0	---	-52.4	-52.4	 .0947	0.000	697	1	100.0	30
08/10/20	10:30 p	77.9	77.9	77.7	100	77.9	0.0	---	0.00	0.0	---	77.9	84.2	84.2	83.1	29.086	0.00	0.00	0	0.00	0	0.0	0.00	0.0	0.000	0.269	-52.3	0	---	-52.4	-52.4	 .0947	0.000	703	1	100.0	30
08/10/20	11:00 p	77.7	77.9	77.7	100	77.7	0.0	---	0.00	0.0	---	77.7	83.7	83.7	82.6	29.086	0.00	0.00	0	0.00	0	0.0	0.00	0.0	0.000	0.265	-52.3	0	---	-52.4	-52.4	 .0947	0.000	698	1	100.0	30
08/10/20	11:30 p	77.3	77.8	77.3	100	77.3	0.0	S	0.00	1.0	S	77.3	82.9	82.9	81.8	29.086	0.00	0.00	0	0.00	0	0.0	0.00	0.0	0.000	0.256	-52.3	0	---	-52.4	-52.4	 .0947	0.000	699	1	100.0	30
08/11/20	12:00 a	77.0	77.3	77.0	100	77.0	0.0	---	0.00	0.0	---	77.0	82.2	82.2	81.1	29.086	0.00	0.00	0	0.00	0	0.0	0.00	0.0	0.000	0.250	-52.3	0	---	-52.4	-52.4	 .0947	0.000	698	1	100.0	30
08/11/20	12:30 a	76.7	77.1	76.7	100	76.7	0.0	---	0.00	0.0	---	76.7	81.6	81.6	80.4	29.086	0.00	0.00	0	0.00	0	0.0	0.00	0.0	0.000	0.244	-52.3	0	---	-52.4	-52.4	 .0947	0.000	699	1	100.0	30
08/11/20	1:00 a	76.6	76.8	76.4	100	76.6	0.0	---	0.00	0.0	---	76.6	81.4	81.4	80.2	29.086	0.00	0.00	0	0.00	0	0.0	0.00	0.0	0.000	0.242	-52.3	0	---	-52.4	-52.4	 .0947	0.000	699	1	100.0	30
08/11/20	1:30 a	76.3	76.6	76.2	100	76.3	0.0	---	0.00	0.0	---	76.3	80.9	80.9	79.7	29.086	0.00	0.00	0	0.00	0	0.0	0.00	0.0	0.000	0.235	-52.3	0	---	-52.4	-52.4	 .0947	0.000	699	1	100.0	30
08/11/20	2:00 a	76.3	76.4	76.1	100	76.3	0.0	---	0.00	0.0	---	76.3	80.9	80.9	79.7	29.086	0.00	0.00	0	0.00	0	0.0	0.00	0.0	0.000	0.235	-52.3	0	---	-52.4	-52.4	 .0947	0.000	699	1	100.0	30
08/11/20	2:30 a	76.7	76.7	76.3	100	76.7	0.0	---	0.00	0.0	---	76.7	81.6	81.6	80.4	29.086	0.00	0.00	0	0.00	0	0.0	0.00	0.0	0.000	0.244	-52.3	0	---	-52.4	-52.4	 .0947	0.000	700	1	100.0	30
08/11/20	3:00 a	77.1	77.1	76.6	100	77.1	0.0	S	0.00	1.0	S	77.1	82.4	82.4	81.3	29.086	0.00	0.00	0	0.00	0	0.0	0.00	0.0	0.000	0.252	-52.3	0	---	-52.4	-52.4	 .0947	0.000	699	1	100.0	30
08/11/20	3:30 a	77.2	77.3	76.9	100	77.2	0.0	---	0.00	0.0	---	77.2	82.6	82.6	81.5	29.086	0.00	0.00	0	0.00	0	0.0	0.00	0.0	0.000	0.254	-52.3	0	---	-52.4	-52.4	 .0947	0.000	692	1	100.0	30
08/11/20	4:00 a	77.3	77.4	77.1	100	77.3	0.0	S	0.00	1.0	S	77.3	82.9	82.9	81.8	29.086	0.01	0.00	0	0.00	0	0.0	0.00	0.0	0.000	0.256	-52.3	0	---	-52.4	-52.4	 .0947	0.000	698	1	100.0	30
08/11/20	4:30 a	77.1	77.3	77.0	100	77.1	0.0	S	0.00	1.0	S	77.1	82.4	82.4	81.3	29.086	0.00	0.00	0	0.00	0	0.0	0.00	0.0	0.000	0.252	-52.3	0	---	-52.4	-52.4	 .0947	0.000	699	1	100.0	30
08/11/20	5:00 a	76.9	77.1	76.9	100	76.9	0.0	S	0.00	1.0	S	76.9	82.0	82.0	80.8	29.086	0.00	0.00	0	0.00	0	0.0	0.00	0.0	0.000	0.248	-52.3	0	---	-52.4	-52.4	 .0947	0.000	701	1	100.0	30
08/11/20	5:30 a	76.4	77.0	76.3	100	76.4	0.0	S	0.00	1.0	S	76.4	81.1	81.1	79.9	29.086	0.00	0.00	0	0.00	0	0.0	0.00	0.0	0.000	0.238	-52.3	0	---	-52.4	-52.4	 .0947	0.000	700	1	100.0	30
08/11/20	6:00 a	76.4	76.4	76.0	100	76.4	0.0	---	0.00	0.0	---	76.4	81.1	81.1	80.2	29.086	0.00	0.00	13	0.56	26	0.0	0.00	0.0	0.000	0.238	-52.3	0	---	-52.4	-52.4	 .0947	0.000	701	1	100.0	30
08/11/20	6:30 a	77.2	77.3	76.4	100	77.2	0.0	SSW	0.00	1.0	SSW	77.2	82.6	82.6	83.8	29.086	0.00	0.00	43	1.85	62	0.0	0.00	0.0	0.000	0.254	-52.3	0	---	-52.4	-52.4	 .0947	0.000	700	1	100.0	30
08/11/20	7:00 a	77.9	78.0	77.1	100	77.9	0.0	---	0.00	0.0	---	77.9	84.2	84.2	86.9	29.086	0.00	0.00	86	3.70	114	0.1	0.02	0.5	0.000	0.269	-52.3	0	---	-52.4	-52.4	 .0947	0.002	702	1	100.0	30
08/11/20	7:30 a	78.4	78.4	77.8	100	78.4	0.0	SW	0.00	1.0	SW	78.4	85.4	85.4	88.5	29.086	0.00	0.00	110	4.73	127	0.5	0.11	0.6	0.000	0.279	-52.3	0	---	-52.4	-52.4	 .0947	0.000	702	1	100.0	30
08/11/20	8:00 a	79.5	79.5	78.4	100	79.5	0.0	SW	0.00	1.0	SW	79.5	88.2	88.2	92.8	29.086	0.00	0.00	177	7.61	334	1.1	0.24	2.0	0.000	0.302	-52.3	0	---	-52.4	-52.4	 .0947	0.004	700	1	100.0	30
08/11/20	8:30 a	78.8	80.3	78.4	100	78.8	1.0	SE	0.50	6.0	S	78.8	86.3	86.3	91.9	19.389	0.00	0.00	230	9.89	501	1.4	0.30	2.3	0.000	0.288	-52.3	0	---	-52.4	-52.4	 .0631	0.000	702	1	100.0	30
08/11/20	9:00 a	80.4	81.0	78.8	100	80.4	1.0	SSW	0.50	2.0	SSE	80.4	90.8	90.8	99.5	29.693	0.00	0.00	394	16.94	745	3.3	0.71	4.9	0.000	0.321	-52.3	0	---	-52.4	-52.4	 .0967	0.008	701	1	100.0	30
08/11/20	9:30 a	82.3	82.4	80.3	100	82.3	1.0	SSW	0.50	6.0	E	82.3	96.8	96.8	107.8	29.693	0.00	0.00	544	23.40	803	4.7	1.01	5.8	0.000	0.360	-52.3	0	---	-52.4	-52.4	 .0967	0.000	701	1	100.0	30
08/11/20	10:00 a	84.8	84.8	82.4	100	84.8	1.0	SSE	0.50	5.0	SSE	84.8	106.7	106.7	119.5	29.693	0.00	0.00	710	30.53	1007	6.4	1.37	7.9	0.000	0.413	-52.3	0	---	-52.4	-52.4	 .0967	0.016	701	1	100.0	30
08/11/20	10:30 a	85.1	85.9	84.7	100	85.1	1.0	SE	0.50	6.0	S	85.1	108.2	108.2	120.9	29.787	0.00	0.00	682	29.33	1225	6.8	1.46	9.3	0.000	0.419	-52.3	0	---	-52.4	-52.4	 .0970	0.000	703	1	100.0	30
08/11/20	11:00 a	86.4	86.4	84.8	100	86.4	1.0	SE	0.50	5.0	SSE	86.4	116.1	116.1	129.4	29.805	0.00	0.00	760	32.68	1243	8.1	1.74	10.8	0.000	0.446	-52.3	0	---	-52.4	-52.4	 .0970	0.020	700	1	100.0	30
08/11/20	11:30 a	85.9	86.8	85.1	100	85.9	2.0	S	1.00	7.0	S	85.9	112.6	112.6	125.5	29.805	0.00	0.00	941	40.47	1260	9.2	1.97	11.0	0.000	0.435	-52.3	0	---	-52.4	-52.4	 .0970	0.000	702	1	100.0	30
08/11/20	12:00 p	85.1	87.0	85.1	100	85.1	3.0	SE	1.50	11.0	ESE	85.1	108.2	108.2	120.5	29.805	0.00	0.00	1091	46.92	1225	9.8	2.10	10.9	0.000	0.419	-52.3	0	---	-52.4	-52.4	 .0970	0.025	701	1	100.0	30
08/11/20	12:30 p	86.1	87.1	84.6	100	86.1	3.0	SE	1.50	13.0	S	86.1	113.9	113.9	126.3	29.768	0.00	0.00	1032	44.38	1162	9.2	1.97	10.8	0.000	0.440	-52.3	0	---	-52.4	-52.4	 .0969	0.000	703	1	100.0	30
08/11/20	1:00 p	86.2	87.2	85.9	100	86.2	2.0	SE	1.00	8.0	ESE	86.2	114.7	114.7	127.1	19.389	0.00	0.00	965	41.50	1134	9.0	1.93	10.2	0.000	0.442	-52.3	0	---	-52.4	-52.4	 .0631	0.024	700	1	100.0	30
08/11/20	1:30 p	84.2	86.7	84.2	100	84.2	2.0	SSE	1.00	8.0	E	84.2	104.0	104.0	114.1	19.393	0.00	0.00	478	20.56	993	5.0	1.07	8.3	0.000	0.400	-52.3	0	---	-52.4	-52.4	 .0631	0.000	702	1	100.0	30
08/11/20	2:00 p	81.5	84.2	81.5	100	81.5	1.0	NNE	0.50	6.0	NE	81.5	94.1	94.1	95.8	19.393	0.01	0.00	89	3.83	127	1.0	0.21	1.7	0.000	0.344	-52.3	0	---	-52.4	-52.4	 .0631	0.008	700	1	100.0	30
08/11/20	2:30 p	81.4	81.5	80.7	100	81.4	1.0	E	0.50	3.0	NNE	81.4	93.8	93.8	98.4	29.731	0.08	0.87	192	8.26	427	1.7	0.36	2.8	0.000	0.342	-52.3	0	---	-52.4	-52.4	 .0968	0.000	698	1	100.0	30
08/11/20	3:00 p	83.0	83.3	81.3	100	83.0	0.0	E	0.00	3.0	ESE	83.0	99.2	99.2	109.4	29.731	0.00	0.00	401	17.25	478	2.6	0.56	3.0	0.000	0.375	-52.3	0	---	-52.4	-52.4	 .0968	0.007	698	1	100.0	30
08/11/20	3:30 p	82.8	83.3	82.3	100	82.8	1.0	NE	0.50	3.0	NE	82.8	98.5	98.5	107.8	29.692	0.00	0.00	317	13.63	413	1.9	0.41	2.1	0.000	0.371	-52.3	0	---	-52.4	-52.4	 .0967	0.000	700	1	100.0	30
08/11/20	4:00 p	83.0	83.1	82.3	100	83.0	1.0	ESE	0.50	2.0	NNE	83.0	99.2	99.2	107.0	29.692	0.00	0.00	225	9.68	267	1.2	0.26	1.4	0.000	0.375	-52.3	0	---	-52.4	-52.4	 .0967	0.007	702	1	100.0	30
08/11/20	4:30 p	82.7	83.1	82.4	100	82.7	0.0	SSE	0.00	2.0	SSE	82.7	98.1	98.1	105.1	29.692	0.00	0.00	182	7.83	281	0.7	0.15	1.0	0.000	0.369	-51.1	0	---	-51.2	-51.2	 .0964	0.000	700	1	100.0	30
08/11/20	5:00 p	81.6	82.7	81.6	100	81.6	0.0	SSE	0.00	1.0	SSE	81.6	94.4	94.4	94.7	29.692	0.00	0.00	61	2.62	125	0.0	0.00	0.0	0.000	0.346	-52.3	0	---	-52.4	-52.4	 .0967	0.003	700	1	100.0	30
08/11/20	5:30 p	81.2	81.7	80.8	100	81.2	0.0	SSE	0.00	1.0	SSE	81.2	93.1	93.1	92.5	29.105	0.00	0.00	19	0.82	32	0.0	0.00	0.0	0.000	0.337	-52.3	0	---	-52.4	-52.4	 .0948	0.000	698	1	100.0	30
08/11/20	6:00 p	80.1	81.1	80.1	100	80.1	0.0	SSE	0.00	1.0	SSE	80.1	89.9	89.9	88.8	29.105	0.00	0.00	2	0.09	9	0.0	0.00	0.0	0.000	0.315	-52.3	0	---	-52.4	-52.4	 .0948	0.000	701	1	100.0	30
08/11/20	6:30 p	79.8	80.1	79.8	100	79.8	0.0	---	0.00	0.0	---	79.8	89.0	89.0	87.8	29.105	0.00	0.00	0	0.00	0	0.0	0.00	0.0	0.000	0.308	-52.3	0	---	-52.4	-52.4	 .0948	0.000	702	1	100.0	30
08/11/20	7:00 p	79.3	79.8	79.3	100	79.3	0.0	SSE	0.00	1.0	SSE	79.3	87.6	87.6	86.4	29.105	0.00	0.00	0	0.00	0	0.0	0.00	0.0	0.000	0.298	-52.3	0	---	-52.4	-52.4	 .0948	0.000	699	1	100.0	30
08/11/20	7:30 p	79.1	79.4	79.0	100	79.1	0.0	---	0.00	0.0	---	79.1	87.1	87.1	85.9	29.105	0.00	0.00	0	0.00	0	0.0	0.00	0.0	0.000	0.294	-52.3	0	---	-52.4	-52.4	 .0948	0.000	701	1	100.0	30
08/11/20	8:00 p	79.0	79.1	78.8	100	79.0	0.0	---	0.00	0.0	---	79.0	86.8	86.8	85.6	29.105	0.00	0.00	0	0.00	0	0.0	0.00	0.0	0.000	0.292	-52.3	0	---	-52.4	-52.4	 .0948	0.000	698	1	100.0	30
08/11/20	8:30 p	78.8	79.0	78.7	100	78.8	0.0	---	0.00	0.0	---	78.8	86.3	86.3	85.1	29.160	0.00	0.00	0	0.00	0	0.0	0.00	0.0	0.000	0.288	-52.3	0	---	-52.4	-52.4	 .0949	0.000	701	1	100.0	30
08/11/20	9:00 p	78.8	78.9	78.6	100	78.8	0.0	---	0.00	0.0	---	78.8	86.3	86.3	85.1	29.160	0.00	0.00	0	0.00	0	0.0	0.00	0.0	0.000	0.288	-52.3	0	---	-52.4	-52.4	 .0949	0.000	701	1	100.0	30
08/11/20	9:30 p	78.6	78.8	78.5	100	78.6	0.0	---	0.00	0.0	---	78.6	85.8	85.8	84.6	29.160	0.00	0.00	0	0.00	0	0.0	0.00	0.0	0.000	0.283	-52.3	0	---	-52.4	-52.4	 .0949	0.000	701	1	100.0	30
08/11/20	10:00 p	78.8	78.8	78.6	100	78.8	0.0	---	0.00	0.0	---	78.8	86.3	86.3	85.1	29.160	0.00	0.00	0	0.00	0	0.0	0.00	0.0	0.000	0.288	-52.3	0	---	-52.4	-52.4	 .0949	0.000	701	1	100.0	30
08/11/20	10:30 p	78.8	78.8	78.6	100	78.8	0.0	---	0.00	0.0	---	78.8	86.3	86.3	85.1	29.160	0.00	0.00	0	0.00	0	0.0	0.00	0.0	0.000	0.288	-52.3	0	---	-52.4	-52.4	 .0949	0.000	700	1	100.0	30
08/11/20	11:00 p	78.4	78.9	78.4	100	78.4	0.0	---	0.00	0.0	---	78.4	85.4	85.4	84.2	29.692	0.00	0.00	0	0.00	0	0.0	0.00	0.0	0.000	0.279	-52.3	0	---	-52.4	-52.4	 .0967	0.000	699	1	100.0	30
08/11/20	11:30 p	78.1	78.4	78.1	100	78.1	0.0	---	0.00	0.0	---	78.1	84.6	84.6	83.4	29.692	0.00	0.00	0	0.00	0	0.0	0.00	0.0	0.000	0.273	-52.3	0	---	-52.4	-52.4	 .0967	0.000	702	1	100.0	30
08/12/20	12:00 a	78.0	78.2	78.0	100	78.0	0.0	---	0.00	0.0	---	78.0	84.4	84.4	83.2	29.692	0.00	0.00	0	0.00	0	0.0	0.00	0.0	0.000	0.271	-52.3	0	---	-52.4	-52.4	 .0967	0.000	700	1	100.0	30
08/12/20	12:30 a	78.2	78.2	77.9	100	78.2	0.0	---	0.00	0.0	---	78.2	84.9	84.9	83.7	29.692	0.00	0.00	0	0.00	0	0.0	0.00	0.0	0.000	0.275	-52.3	0	---	-52.4	-52.4	 .0967	0.000	699	1	100.0	30
08/12/20	1:00 a	78.3	78.4	78.2	100	78.3	0.0	SSE	0.00	1.0	SSE	78.3	85.1	85.1	83.9	29.692	0.03	0.21	0	0.00	0	0.0	0.00	0.0	0.000	0.277	-52.3	0	---	-52.4	-52.4	 .0967	0.000	701	1	100.0	30
08/12/20	1:30 a	77.5	78.3	77.5	100	77.5	0.0	SSE	0.00	1.0	SSE	77.5	83.3	83.3	82.0	29.692	0.00	0.00	0	0.00	0	0.0	0.00	0.0	0.000	0.260	-52.3	0	---	-52.4	-52.4	 .0967	0.000	698	1	100.0	30
08/12/20	2:00 a	77.0	77.6	77.0	100	77.0	0.0	SSE	0.00	1.0	SSE	77.0	82.2	82.2	80.9	29.692	0.00	0.00	0	0.00	0	0.0	0.00	0.0	0.000	0.250	-52.3	0	---	-52.4	-52.4	 .0967	0.000	700	1	100.0	30
08/12/20	2:30 a	76.8	77.0	76.8	100	76.8	0.0	SSE	0.00	1.0	SSE	76.8	81.8	81.8	80.4	29.692	0.00	0.00	0	0.00	0	0.0	0.00	0.0	0.000	0.246	-52.3	0	---	-52.4	-52.4	 .0967	0.000	701	1	100.0	30
08/12/20	3:00 a	76.6	76.9	76.5	100	76.6	0.0	SSE	0.00	1.0	SSE	76.6	81.4	81.4	80.0	29.692	0.00	0.00	0	0.00	0	0.0	0.00	0.0	0.000	0.242	-52.3	0	---	-52.4	-52.4	 .0967	0.000	702	1	100.0	30
08/12/20	3:30 a	76.8	76.9	76.6	100	76.8	0.0	SSE	0.00	1.0	SSE	76.8	81.8	81.8	80.4	29.692	0.00	0.00	0	0.00	0	0.0	0.00	0.0	0.000	0.246	-52.3	0	---	-52.4	-52.4	 .0967	0.000	701	1	100.0	30
08/12/20	4:00 a	77.1	77.1	76.7	100	77.1	0.0	SSE	0.00	2.0	SSE	77.1	82.4	82.4	81.1	29.692	0.00	0.00	0	0.00	0	0.0	0.00	0.0	0.000	0.252	-52.3	0	---	-52.4	-52.4	 .0967	0.000	698	1	100.0	30
08/12/20	4:30 a	76.9	77.1	76.8	100	76.9	0.0	SSE	0.00	1.0	SSE	76.9	82.0	82.0	80.6	29.692	0.00	0.00	0	0.00	0	0.0	0.00	0.0	0.000	0.248	-52.3	0	---	-52.4	-52.4	 .0967	0.000	700	1	100.0	30
08/12/20	5:00 a	76.7	76.9	76.6	100	76.7	0.0	SSE	0.00	1.0	SSE	76.7	81.6	81.6	80.2	29.692	0.00	0.00	0	0.00	0	0.0	0.00	0.0	0.000	0.244	-52.3	0	---	-52.4	-52.4	 .0967	0.000	701	1	100.0	30
08/12/20	5:30 a	76.4	76.8	76.4	100	76.4	0.0	SSE	0.00	1.0	SSE	76.4	81.1	81.1	79.7	29.692	0.00	0.00	0	0.00	0	0.0	0.00	0.0	0.000	0.238	-52.3	0	---	-52.4	-52.4	 .0967	0.000	700	1	100.0	30
08/12/20	6:00 a	76.5	76.5	76.2	100	76.5	0.0	SSE	0.00	1.0	SSE	76.5	81.3	81.3	80.0	19.390	0.00	0.00	5	0.22	12	0.0	0.00	0.0	0.000	0.240	-52.3	0	---	-52.4	-52.4	 .0631	0.000	702	1	100.0	30
08/12/20	6:30 a	76.9	77.0	76.5	100	76.9	0.0	---	0.00	0.0	---	76.9	82.0	82.0	82.2	19.390	0.00	0.00	22	0.95	39	0.0	0.00	0.0	0.000	0.248	-52.3	0	---	-52.4	-52.4	 .0631	0.000	702	1	100.0	30
08/12/20	7:00 a	77.9	77.9	76.9	100	77.9	0.0	---	0.00	0.0	---	77.9	84.2	84.2	85.6	19.390	0.00	0.00	54	2.32	77	0.0	0.00	0.5	0.000	0.269	-52.3	0	---	-52.4	-52.4	 .0631	0.001	701	1	100.0	30
08/12/20	7:30 a	79.1	79.3	77.9	100	79.1	0.0	SSE	0.00	1.0	SSE	79.1	87.1	87.1	89.8	19.390	0.00	0.00	99	4.26	146	0.8	0.17	1.0	0.000	0.294	-52.3	0	---	-52.4	-52.4	 .0631	0.000	699	1	100.0	30
08/12/20	8:00 a	80.5	80.6	78.9	100	80.5	0.0	SSE	0.00	1.0	SSE	80.5	91.1	91.1	99.6	19.390	0.00	0.00	326	14.02	448	1.7	0.36	2.3	0.000	0.323	-52.3	0	---	-52.4	-52.4	 .0631	0.005	701	1	100.0	30
08/12/20	8:30 a	81.7	81.8	80.2	100	81.7	0.0	---	0.00	0.0	---	81.7	94.7	94.7	102.5	29.692	0.00	0.00	324	13.93	608	2.2	0.47	3.4	0.000	0.348	-52.3	0	---	-52.4	-52.4	 .0967	0.000	699	1	100.0	30
08/12/20	9:00 a	82.2	82.8	81.1	100	82.2	0.0	NNW	0.00	2.0	NNW	82.2	96.4	96.4	103.3	29.692	0.00	0.00	300	12.90	657	2.5	0.54	3.8	0.000	0.358	-52.3	0	---	-52.4	-52.4	 .0967	0.008	699	1	100.0	30
08/12/20	9:30 a	83.0	83.0	81.9	100	83.0	0.0	NNW	0.00	2.0	NNW	83.0	99.2	99.2	106.2	19.389	0.00	0.00	314	13.50	1078	2.8	0.60	7.2	0.000	0.375	-52.3	0	---	-52.4	-52.4	 .0631	0.000	700	1	100.0	30
08/12/20	10:00 a	83.4	85.5	83.1	100	83.4	1.0	SSE	0.50	4.0	NE	83.4	100.8	100.8	111.4	19.389	0.00	0.00	521	22.41	1153	4.5	0.96	7.7	0.000	0.383	-52.3	0	---	-52.4	-52.4	 .0631	0.011	701	1	100.0	30
08/12/20	10:30 a	82.5	83.4	82.3	100	82.5	1.0	W	0.50	7.0	WSW	82.5	97.4	97.4	101.8	19.389	0.00	0.00	202	8.69	236	2.3	0.49	2.8	0.000	0.365	-52.3	0	---	-52.4	-52.4	 .0631	0.000	701	1	100.0	30
08/12/20	11:00 a	82.0	82.5	81.6	100	82.0	1.0	ESE	0.50	7.0	ESE	82.0	95.7	95.7	102.4	29.797	0.02	0.14	298	12.82	610	3.7	0.79	6.9	0.000	0.354	-52.3	0	---	-52.4	-52.4	 .0970	0.007	698	1	100.0	30
08/12/20	11:30 a	83.9	84.0	81.8	100	83.9	1.0	SE	0.50	3.0	W	83.9	102.7	102.7	116.0	29.692	0.00	0.00	774	33.29	1165	7.4	1.59	9.6	0.000	0.394	-52.3	0	---	-52.4	-52.4	 .0967	0.000	699	1	100.0	30
08/12/20	12:00 p	85.0	85.1	84.0	100	85.0	1.0	SSW	0.50	4.0	SSW	85.0	107.6	107.6	120.0	29.086	0.00	0.00	651	28.00	728	6.9	1.48	7.8	0.000	0.417	-52.3	0	---	-52.4	-52.4	 .0947	0.018	699	1	100.0	30
08/12/20	12:30 p	84.6	85.6	84.5	100	84.6	1.0	SSW	0.50	5.0	SSE	84.6	105.8	105.8	118.0	29.086	0.00	0.00	645	27.74	664	6.6	1.41	6.7	0.000	0.408	-52.3	0	---	-52.4	-52.4	 .0947	0.000	702	1	100.0	30
08/12/20	1:00 p	83.8	84.7	83.5	100	83.8	1.0	SW	0.50	5.0	S	83.8	102.3	102.3	113.5	29.736	0.00	0.00	565	24.30	675	5.7	1.22	6.5	0.000	0.392	-52.3	0	---	-52.4	-52.4	 .0968	0.015	699	1	100.0	30
08/12/20	1:30 p	84.1	84.6	83.0	100	84.1	1.0	SSE	0.50	4.0	SSE	84.1	103.5	103.5	113.7	29.736	0.00	0.00	487	20.94	626	4.7	1.01	5.5	0.000	0.398	-52.3	0	---	-52.4	-52.4	 .0968	0.000	701	1	100.0	30
08/12/20	2:00 p	83.4	84.4	83.3	100	83.4	1.0	S	0.50	4.0	S	83.4	100.8	100.8	110.2	29.736	0.00	0.00	427	18.36	563	3.8	0.81	4.8	0.000	0.383	-52.3	0	---	-52.4	-52.4	 .0968	0.012	703	1	100.0	30
08/12/20	2:30 p	83.7	83.8	82.9	100	83.7	1.0	SE	0.50	6.0	ESE	83.7	101.9	101.9	111.2	29.736	0.00	0.00	393	16.90	663	3.3	0.71	4.2	0.000	0.390	-52.3	0	---	-52.4	-52.4	 .0968	0.000	698	1	100.0	30
08/12/20	3:00 p	82.7	84.1	82.7	100	82.7	2.0	SE	1.00	7.0	SE	82.7	98.1	98.1	105.5	29.736	0.00	0.00	274	11.78	615	2.0	0.43	3.3	0.000	0.369	-52.3	0	---	-52.4	-52.4	 .0968	0.009	702	1	100.0	30
08/12/20	3:30 p	82.3	83.1	82.3	100	82.3	1.0	NNE	0.50	6.0	S	82.3	96.8	96.8	103.9	29.736	0.00	0.00	233	10.02	313	1.4	0.30	1.8	0.000	0.360	-52.3	0	---	-52.4	-52.4	 .0968	0.000	701	1	100.0	30
08/12/20	4:00 p	82.2	82.9	82.1	100	82.2	1.0	ESE	0.50	4.0	NW	82.2	96.4	96.4	103.5	29.086	0.00	0.00	206	8.86	237	1.1	0.24	1.3	0.000	0.358	-52.3	0	---	-52.4	-52.4	 .0947	0.006	701	1	100.0	30
08/12/20	4:30 p	81.9	82.7	81.7	100	81.9	0.0	SE	0.00	3.0	SE	81.9	95.4	95.4	100.5	29.086	0.00	0.00	129	5.55	163	0.5	0.11	0.8	0.000	0.352	-52.3	0	---	-52.4	-52.4	 .0947	0.000	702	1	100.0	30
08/12/20	5:00 p	81.8	82.2	81.6	100	81.8	0.0	WSW	0.00	1.0	WSW	81.8	95.1	95.1	96.1	29.086	0.00	0.00	87	3.74	109	0.0	0.00	0.0	0.000	0.350	-52.3	0	---	-52.4	-52.4	 .0947	0.003	702	1	100.0	30
08/12/20	5:30 p	81.0	81.8	81.0	100	81.0	0.0	SSW	0.00	1.0	SSW	81.0	92.5	92.5	92.3	29.086	0.00	0.00	32	1.38	56	0.0	0.00	0.0	0.000	0.333	-52.3	0	---	-52.4	-52.4	 .0947	0.000	699	1	100.0	30
08/12/20	6:00 p	80.3	81.0	80.2	100	80.3	0.0	S	0.00	4.0	S	80.3	90.5	90.5	89.6	29.086	0.00	0.00	3	0.13	11	0.0	0.00	0.0	0.000	0.319	-52.3	0	---	-52.4	-52.4	 .0947	0.000	703	1	100.0	30
08/12/20	6:30 p	80.1	80.4	80.1	100	80.1	0.0	NNW	0.00	4.0	NNE	80.1	89.9	89.9	88.9	29.086	0.00	0.00	0	0.00	0	0.0	0.00	0.0	0.000	0.315	-52.3	0	---	-52.4	-52.4	 .0947	0.000	700	1	100.0	30
08/12/20	7:00 p	80.0	80.2	79.9	100	80.0	1.0	ESE	0.50	3.0	NNE	80.0	89.6	89.6	88.6	29.086	0.00	0.00	0	0.00	0	0.0	0.00	0.0	0.000	0.313	-52.3	0	---	-52.4	-52.4	 .0947	0.000	701	1	100.0	30
08/12/20	7:30 p	79.7	80.2	79.7	100	79.7	0.0	NE	0.00	3.0	ESE	79.7	88.8	88.8	87.7	29.086	0.08	0.67	0	0.00	0	0.0	0.00	0.0	0.000	0.306	-52.3	0	---	-52.4	-52.4	 .0947	0.000	699	1	100.0	30
08/12/20	8:00 p	79.3	79.7	79.3	100	79.3	0.0	ESE	0.00	3.0	ESE	79.3	87.6	87.6	86.5	29.086	0.05	0.41	0	0.00	0	0.0	0.00	0.0	0.000	0.298	-52.3	0	---	-52.4	-52.4	 .0947	0.000	697	1	100.0	30
08/12/20	8:30 p	79.1	79.4	79.0	100	79.1	0.0	ESE	0.00	2.0	ESE	79.1	87.1	87.1	86.0	29.086	0.00	0.00	0	0.00	0	0.0	0.00	0.0	0.000	0.294	-52.3	0	---	-52.4	-52.4	 .0947	0.000	700	1	100.0	30
08/12/20	9:00 p	78.9	79.1	78.7	100	78.9	0.0	ESE	0.00	1.0	ESE	78.9	86.6	86.6	85.5	29.086	0.00	0.00	0	0.00	0	0.0	0.00	0.0	0.000	0.290	-52.3	0	---	-52.4	-52.4	 .0947	0.000	697	1	100.0	30
08/12/20	9:30 p	78.9	78.9	78.7	100	78.9	0.0	ESE	0.00	2.0	ESE	78.9	86.6	86.6	85.5	29.086	0.09	3.22	0	0.00	0	0.0	0.00	0.0	0.000	0.290	-52.3	0	---	-52.4	-52.4	 .0947	0.000	701	1	100.0	30
08/12/20	10:00 p	78.9	79.0	78.8	100	78.9	0.0	ESE	0.00	1.0	ESE	78.9	86.6	86.6	85.5	29.086	0.15	2.76	0	0.00	0	0.0	0.00	0.0	0.000	0.290	-52.3	0	---	-52.4	-52.4	 .0947	0.000	700	1	100.0	30
08/12/20	10:30 p	78.7	79.1	78.7	100	78.7	0.0	ESE	0.00	1.0	ESE	78.7	86.1	86.1	85.0	29.086	0.01	0.05	0	0.00	0	0.0	0.00	0.0	0.000	0.285	-52.3	0	---	-52.4	-52.4	 .0947	0.000	700	1	100.0	30
08/12/20	11:00 p	78.5	78.7	78.4	100	78.5	0.0	ESE	0.00	1.0	ESE	78.5	85.6	85.6	84.5	19.467	0.00	0.00	0	0.00	0	0.0	0.00	0.0	0.000	0.281	-52.3	0	---	-52.4	-52.4	 .0634	0.000	701	1	100.0	30
08/12/20	11:30 p	78.5	78.6	78.3	100	78.5	0.0	ESE	0.00	1.0	ESE	78.5	85.6	85.6	84.5	19.467	0.00	0.00	0	0.00	0	0.0	0.00	0.0	0.000	0.281	-52.3	0	---	-52.4	-52.4	 .0634	0.000	700	1	100.0	30
08/13/20	12:00 a	78.3	78.5	78.3	100	78.3	0.0	---	0.00	0.0	---	78.3	85.1	85.1	84.0	19.467	0.00	0.00	0	0.00	0	0.0	0.00	0.0	0.000	0.277	-52.3	0	---	-52.4	-52.4	 .0634	0.000	699	1	100.0	30
08/13/20	12:30 a	78.3	78.4	78.2	100	78.3	0.0	ESE	0.00	1.0	ESE	78.3	85.1	85.1	84.0	29.143	0.01	0.00	0	0.00	0	0.0	0.00	0.0	0.000	0.277	-52.3	0	---	-52.4	-52.4	 .0949	0.000	695	1	100.0	30
08/13/20	1:00 a	78.1	78.4	78.0	100	78.1	0.0	WNW	0.00	2.0	ESE	78.1	84.6	84.6	83.5	29.143	0.01	0.00	0	0.00	0	0.0	0.00	0.0	0.000	0.273	-52.3	0	---	-52.4	-52.4	 .0949	0.000	699	1	100.0	30
08/13/20	1:30 a	78.1	78.2	77.9	100	78.1	0.0	NE	0.00	1.0	NE	78.1	84.6	84.6	83.5	29.143	0.06	0.30	0	0.00	0	0.0	0.00	0.0	0.000	0.273	-52.3	0	---	-52.4	-52.4	 .0949	0.000	699	1	100.0	30
08/13/20	2:00 a	77.8	78.1	77.8	100	77.8	0.0	NE	0.00	1.0	NE	77.8	84.0	84.0	82.8	19.389	0.04	0.32	0	0.00	0	0.0	0.00	0.0	0.000	0.267	-52.3	0	---	-52.4	-52.4	 .0631	0.000	701	1	100.0	30
08/13/20	2:30 a	77.4	77.9	77.4	100	77.4	0.0	---	0.00	0.0	---	77.4	83.1	83.1	81.9	19.389	0.00	0.00	0	0.00	0	0.0	0.00	0.0	0.000	0.258	-52.3	0	---	-52.4	-52.4	 .0631	0.000	701	1	100.0	30
08/13/20	3:00 a	77.2	77.4	77.1	100	77.2	0.0	NE	0.00	1.0	NE	77.2	82.6	82.6	81.4	19.389	0.00	0.00	0	0.00	0	0.0	0.00	0.0	0.000	0.254	-52.3	0	---	-52.4	-52.4	 .0631	0.000	702	1	100.0	30
08/13/20	3:30 a	76.9	77.3	76.9	100	76.9	0.0	---	0.00	0.0	---	76.9	82.0	82.0	80.7	29.089	0.00	0.00	0	0.00	0	0.0	0.00	0.0	0.000	0.248	-52.3	0	---	-52.4	-52.4	 .0947	0.000	702	1	100.0	30
08/13/20	4:00 a	76.4	76.9	76.4	100	76.4	0.0	---	0.00	0.0	---	76.4	81.1	81.1	79.8	29.089	0.01	0.00	0	0.00	0	0.0	0.00	0.0	0.000	0.238	-52.3	0	---	-52.4	-52.4	 .0947	0.000	700	1	100.0	30
08/13/20	4:30 a	76.5	76.5	76.3	100	76.5	0.0	NE	0.00	2.0	NE	76.5	81.3	81.3	80.0	29.089	0.00	0.00	0	0.00	0	0.0	0.00	0.0	0.000	0.240	-52.3	0	---	-52.4	-52.4	 .0947	0.000	701	1	100.0	30
08/13/20	5:00 a	76.0	76.5	76.0	100	76.0	0.0	NE	0.00	1.0	NE	76.0	80.3	80.3	79.0	29.089	0.00	0.00	0	0.00	0	0.0	0.00	0.0	0.000	0.229	-52.3	0	---	-52.4	-52.4	 .0947	0.000	701	1	100.0	30
08/13/20	5:30 a	76.2	76.2	75.9	100	76.2	0.0	NE	0.00	1.0	NE	76.2	80.7	80.7	79.4	29.089	0.00	0.00	0	0.00	5	0.0	0.00	0.0	0.000	0.233	-52.3	0	---	-52.4	-52.4	 .0947	0.000	699	1	100.0	30
08/13/20	6:00 a	76.8	76.9	76.1	100	76.8	0.0	---	0.00	0.0	---	76.8	81.8	81.8	81.2	29.089	0.00	0.00	28	1.20	60	0.0	0.00	0.0	0.000	0.246	-52.3	0	---	-52.4	-52.4	 .0947	0.000	701	1	100.0	30
08/13/20	6:30 a	77.3	77.4	76.8	100	77.3	0.0	NE	0.00	1.0	NE	77.3	82.9	82.9	84.3	29.089	0.00	0.00	47	2.02	67	0.0	0.00	0.0	0.000	0.256	-52.3	0	---	-52.4	-52.4	 .0947	0.000	700	1	100.0	30
08/13/20	7:00 a	77.8	77.9	77.3	100	77.8	0.0	NE	0.00	2.0	NE	77.8	84.0	84.0	86.3	29.089	0.00	0.00	76	3.27	95	0.0	0.00	0.0	0.000	0.267	-52.3	0	---	-52.4	-52.4	 .0947	0.002	701	1	100.0	30
08/13/20	7:30 a	78.2	78.3	77.7	100	78.2	0.0	NE	0.00	1.0	NE	78.2	84.9	84.9	86.8	29.089	0.00	0.00	77	3.31	98	0.1	0.02	0.5	0.000	0.275	-52.3	0	---	-52.4	-52.4	 .0947	0.000	699	1	100.0	30
08/13/20	8:00 a	79.4	79.4	78.2	100	79.4	0.0	NE	0.00	1.0	NE	79.4	87.9	87.9	91.9	29.089	0.00	0.00	155	6.67	211	0.9	0.19	1.4	0.000	0.300	-52.3	0	---	-52.4	-52.4	 .0947	0.003	700	1	100.0	30
08/13/20	8:30 a	79.5	80.7	79.0	100	79.5	0.0	NE	0.00	3.0	NE	79.5	88.2	88.2	95.0	29.089	0.00	0.00	283	12.17	338	2.0	0.43	2.6	0.000	0.302	-52.3	0	---	-52.4	-52.4	 .0947	0.000	698	1	100.0	30
08/13/20	9:00 a	81.6	82.0	79.2	100	81.6	1.0	NE	0.50	4.0	NE	81.6	94.4	94.4	104.1	29.089	0.00	0.00	447	19.22	668	3.4	0.73	4.6	0.000	0.346	-52.3	0	---	-52.4	-52.4	 .0947	0.009	702	1	100.0	30
08/13/20	9:30 a	83.0	83.8	81.7	100	83.0	1.0	NE	0.50	5.0	S	83.0	99.2	99.2	110.4	29.089	0.00	0.00	555	23.87	645	4.5	0.96	5.0	0.000	0.375	-52.3	0	---	-52.4	-52.4	 .0947	0.000	700	1	100.0	30
08/13/20	10:00 a	84.7	84.7	82.7	100	84.7	1.0	SSW	0.50	4.0	S	84.7	106.2	106.2	117.6	29.089	0.00	0.00	580	24.94	747	5.3	1.14	6.6	0.000	0.410	-52.3	0	---	-52.4	-52.4	 .0947	0.015	700	1	100.0	30
08/13/20	10:30 a	85.7	85.7	84.7	100	85.7	1.0	S	0.50	4.0	SSW	85.7	111.5	111.5	124.3	29.089	0.00	0.00	704	30.28	779	7.1	1.52	7.6	0.000	0.431	-52.3	0	---	-52.4	-52.4	 .0947	0.000	700	1	100.0	30
08/13/20	11:00 a	85.0	85.7	84.8	100	85.0	1.0	SW	0.50	4.0	SSE	85.0	107.6	107.6	121.1	29.769	0.00	0.00	808	34.75	863	8.0	1.71	8.6	0.000	0.417	-52.3	0	---	-52.4	-52.4	 .0969	0.019	699	1	100.0	30
08/13/20	11:30 a	86.0	86.7	85.1	100	86.0	2.0	SSW	1.00	5.0	SSW	86.0	113.2	113.2	125.9	29.754	0.00	0.00	957	41.16	997	9.3	1.99	9.5	0.000	0.438	-52.3	0	---	-52.4	-52.4	 .0969	0.000	701	1	100.0	30
08/13/20	12:00 p	87.8	88.0	85.3	100	87.8	1.0	SSW	0.50	4.0	SSW	87.8	128.4	128.4	141.1	29.754	0.00	0.00	954	41.03	1114	9.2	1.97	10.3	0.000	0.475	-52.3	0	---	-52.4	-52.4	 .0969	0.024	700	1	100.0	30
08/13/20	12:30 p	86.5	88.0	86.5	100	86.5	2.0	SSW	1.00	6.0	SSW	86.5	116.8	116.8	129.4	29.754	0.00	0.00	935	40.21	1146	8.8	1.89	10.3	0.000	0.448	-52.3	0	---	-52.4	-52.4	 .0969	0.000	702	1	100.0	30
08/13/20	1:00 p	85.2	86.6	85.1	100	85.2	1.0	S	0.50	5.0	SW	85.2	108.7	108.7	121.4	29.754	0.00	0.00	687	29.54	935	6.7	1.44	8.6	0.000	0.421	-52.3	0	---	-52.4	-52.4	 .0969	0.021	701	1	100.0	30
08/13/20	1:30 p	83.8	85.2	83.8	100	83.8	1.0	SSW	0.50	5.0	SSE	83.8	102.3	102.3	109.3	29.702	0.00	0.00	311	13.37	469	3.4	0.73	5.0	0.000	0.392	-52.3	0	---	-52.4	-52.4	 .0967	0.000	698	1	100.0	30
08/13/20	2:00 p	82.6	83.9	82.6	100	82.6	1.0	SE	0.50	4.0	SE	82.6	97.8	97.8	101.0	29.702	0.00	0.00	145	6.24	163	1.5	0.32	1.7	0.000	0.367	-52.3	0	---	-52.4	-52.4	 .0967	0.006	702	1	100.0	30
08/13/20	2:30 p	82.7	82.9	82.2	100	82.7	2.0	SSE	1.00	8.0	SE	82.7	98.1	98.1	102.2	29.702	0.00	0.00	169	7.27	246	1.6	0.34	2.2	0.000	0.369	-52.3	0	---	-52.4	-52.4	 .0967	0.000	701	1	100.0	30
08/13/20	3:00 p	82.1	82.7	82.0	100	82.1	2.0	SE	1.00	8.0	SE	82.1	96.0	96.0	98.6	29.702	0.00	0.00	103	4.43	148	0.9	0.19	1.5	0.000	0.356	-52.3	0	---	-52.4	-52.4	 .0967	0.003	700	1	100.0	30
08/13/20	3:30 p	82.0	82.2	81.9	100	82.0	2.0	SE	1.00	9.0	ESE	82.0	95.7	95.7	97.8	29.702	0.00	0.00	77	3.31	109	0.3	0.06	0.8	0.000	0.354	-52.3	0	---	-52.4	-52.4	 .0967	0.000	701	1	100.0	30
08/13/20	4:00 p	80.4	82.1	80.2	100	80.4	2.0	NNE	1.00	9.0	WSW	80.4	90.8	90.8	92.6	29.702	0.08	1.29	62	2.67	88	0.0	0.00	0.0	0.000	0.321	-52.3	0	---	-52.4	-52.4	 .0967	0.002	703	1	100.0	30
08/13/20	4:30 p	79.6	80.5	79.4	100	79.6	2.0	SSE	1.00	8.0	S	79.6	88.5	88.5	88.3	29.702	0.00	0.00	11	0.47	37	0.0	0.00	0.0	0.000	0.304	-52.3	0	---	-52.4	-52.4	 .0967	0.000	699	1	100.0	30
08/13/20	5:00 p	76.5	79.6	76.5	100	76.5	2.0	NE	1.00	12.0	NNW	76.5	81.3	81.3	80.3	29.702	0.21	2.65	0	0.00	0	0.0	0.00	0.0	0.000	0.240	-52.3	0	---	-52.4	-52.4	 .0967	0.000	701	1	100.0	30
08/13/20	5:30 p	76.4	76.5	76.0	100	76.4	1.0	ESE	0.50	3.0	N	76.4	81.1	81.1	80.1	29.702	0.13	1.53	0	0.00	0	0.0	0.00	0.0	0.000	0.238	-52.3	0	---	-52.4	-52.4	 .0967	0.000	700	1	100.0	30
08/13/20	6:00 p	76.3	76.4	76.1	100	76.3	1.0	ESE	0.50	3.0	E	76.3	80.9	80.9	79.9	29.702	0.05	0.12	0	0.00	0	0.0	0.00	0.0	0.000	0.235	-52.3	0	---	-52.4	-52.4	 .0967	0.000	699	1	100.0	30
08/13/20	6:30 p	76.1	76.4	76.1	100	76.1	0.0	ESE	0.00	3.0	NE	76.1	80.5	80.5	79.5	29.702	0.06	0.18	0	0.00	0	0.0	0.00	0.0	0.000	0.231	-52.3	0	---	-52.4	-52.4	 .0967	0.000	699	1	100.0	30
08/13/20	7:00 p	76.4	76.4	76.0	100	76.4	0.0	NE	0.00	1.0	NE	76.4	81.1	81.1	80.1	29.702	0.05	0.17	0	0.00	0	0.0	0.00	0.0	0.000	0.238	-52.3	0	---	-52.4	-52.4	 .0967	0.000	698	1	100.0	30
08/13/20	7:30 p	75.5	76.4	75.4	100	75.5	0.0	ENE	0.00	7.0	WNW	75.5	79.6	79.6	78.5	29.162	0.04	0.17	0	0.00	0	0.0	0.00	0.0	0.000	0.219	-52.3	0	---	-52.4	-52.4	 .0949	0.000	699	1	100.0	30
08/13/20	8:00 p	74.9	75.6	74.9	100	74.9	1.0	NE	0.50	4.0	NNE	74.9	78.7	78.7	77.6	29.162	0.01	0.05	0	0.00	0	0.0	0.00	0.0	0.000	0.206	-52.3	0	---	-52.4	-52.4	 .0949	0.000	700	1	100.0	30
08/13/20	8:30 p	75.2	75.3	74.8	100	75.2	1.0	N	0.50	5.0	N	75.2	79.1	79.1	78.0	29.162	0.01	0.00	0	0.00	0	0.0	0.00	0.0	0.000	0.212	-52.3	0	---	-52.4	-52.4	 .0949	0.000	699	1	100.0	30
08/13/20	9:00 p	74.8	75.3	74.8	100	74.8	0.0	N	0.00	1.0	N	74.8	78.6	78.6	77.5	29.162	0.00	0.00	0	0.00	0	0.0	0.00	0.0	0.000	0.204	-52.3	0	---	-52.4	-52.4	 .0949	0.000	702	1	100.0	30
08/13/20	9:30 p	74.7	74.8	74.6	100	74.7	0.0	N	0.00	1.0	N	74.7	78.4	78.4	77.3	29.162	0.00	0.00	0	0.00	0	0.0	0.00	0.0	0.000	0.202	-52.3	0	---	-52.4	-52.4	 .0949	0.000	702	1	100.0	30
08/13/20	10:00 p	74.8	74.9	74.6	100	74.8	0.0	N	0.00	1.0	N	74.8	78.6	78.6	77.5	29.162	0.00	0.00	0	0.00	0	0.0	0.00	0.0	0.000	0.204	-52.3	0	---	-52.4	-52.4	 .0949	0.000	702	1	100.0	30
08/13/20	10:30 p	74.8	75.0	74.7	100	74.8	0.0	N	0.00	1.0	N	74.8	78.6	78.6	77.5	29.162	0.00	0.00	0	0.00	0	0.0	0.00	0.0	0.000	0.204	-52.3	0	---	-52.4	-52.4	 .0949	0.000	702	1	100.0	30
08/13/20	11:00 p	74.9	74.9	74.7	100	74.9	0.0	---	0.00	0.0	---	74.9	78.7	78.7	77.6	29.162	0.00	0.00	0	0.00	0	0.0	0.00	0.0	0.000	0.206	-52.3	0	---	-52.4	-52.4	 .0949	0.000	701	1	100.0	30
08/13/20	11:30 p	75.0	75.0	74.8	100	75.0	0.0	---	0.00	0.0	---	75.0	78.8	78.8	77.7	29.162	0.00	0.00	0	0.00	0	0.0	0.00	0.0	0.000	0.208	-52.3	0	---	-52.4	-52.4	 .0949	0.000	702	1	100.0	30
08/14/20	12:00 a	75.0	75.1	74.8	100	75.0	0.0	---	0.00	0.0	---	75.0	78.8	78.8	77.7	29.162	0.00	0.00	0	0.00	0	0.0	0.00	0.0	0.000	0.208	-52.3	0	---	-52.4	-52.4	 .0949	0.000	702	1	100.0	30
08/14/20	12:30 a	75.1	75.2	74.9	100	75.1	0.0	---	0.00	0.0	---	75.1	78.9	78.9	77.8	29.162	0.00	0.00	0	0.00	0	0.0	0.00	0.0	0.000	0.210	-52.3	0	---	-52.4	-52.4	 .0949	0.000	701	1	100.0	30
08/14/20	1:00 a	75.5	75.5	75.1	100	75.5	0.0	N	0.00	2.0	N	75.5	79.6	79.6	78.5	29.162	0.00	0.00	0	0.00	0	0.0	0.00	0.0	0.000	0.219	-52.3	0	---	-52.4	-52.4	 .0949	0.000	701	1	100.0	30
08/14/20	1:30 a	76.0	76.0	75.4	100	76.0	0.0	N	0.00	1.0	N	76.0	80.3	80.3	79.3	29.162	0.00	0.00	0	0.00	0	0.0	0.00	0.0	0.000	0.229	-52.3	0	---	-52.4	-52.4	 .0949	0.000	702	1	100.0	30
08/14/20	2:00 a	76.0	76.0	75.8	100	76.0	0.0	---	0.00	0.0	---	76.0	80.3	80.3	79.3	29.162	0.00	0.00	0	0.00	0	0.0	0.00	0.0	0.000	0.229	-52.3	0	---	-52.4	-52.4	 .0949	0.000	699	1	100.0	30
08/14/20	2:30 a	75.9	76.1	75.7	100	75.9	0.0	N	0.00	1.0	N	75.9	80.2	80.2	79.1	29.162	0.00	0.00	0	0.00	0	0.0	0.00	0.0	0.000	0.227	-52.3	0	---	-52.4	-52.4	 .0949	0.000	700	1	100.0	30
08/14/20	3:00 a	76.0	76.1	75.8	100	76.0	0.0	N	0.00	1.0	N	76.0	80.3	80.3	79.3	29.162	0.00	0.00	0	0.00	0	0.0	0.00	0.0	0.000	0.229	-52.3	0	---	-52.4	-52.4	 .0949	0.000	701	1	100.0	30
08/14/20	3:30 a	76.4	76.4	76.0	100	76.4	0.0	N	0.00	1.0	N	76.4	81.1	81.1	80.1	29.162	0.01	0.00	0	0.00	0	0.0	0.00	0.0	0.000	0.238	-52.3	0	---	-52.4	-52.4	 .0949	0.000	699	1	100.0	30
08/14/20	4:00 a	76.5	76.5	76.3	100	76.5	0.0	N	0.00	2.0	N	76.5	81.3	81.3	80.3	29.162	0.07	0.50	0	0.00	0	0.0	0.00	0.0	0.000	0.240	-52.3	0	---	-52.4	-52.4	 .0949	0.000	702	1	100.0	30
08/14/20	4:30 a	76.6	76.6	76.4	100	76.6	0.0	N	0.00	1.0	N	76.6	81.4	81.4	80.4	29.162	0.02	0.19	0	0.00	0	0.0	0.00	0.0	0.000	0.242	-52.3	0	---	-52.4	-52.4	 .0949	0.000	700	1	100.0	30
08/14/20	5:00 a	76.7	76.8	76.5	100	76.7	0.0	N	0.00	1.0	N	76.7	81.6	81.6	80.6	29.162	0.00	0.00	0	0.00	0	0.0	0.00	0.0	0.000	0.244	-52.3	0	---	-52.4	-52.4	 .0949	0.000	700	1	100.0	30
08/14/20	5:30 a	76.7	76.8	76.6	100	76.7	0.0	---	0.00	0.0	---	76.7	81.6	81.6	80.6	29.162	0.00	0.00	0	0.00	0	0.0	0.00	0.0	0.000	0.244	-52.3	0	---	-52.4	-52.4	 .0949	0.000	700	1	100.0	30
08/14/20	6:00 a	76.5	76.8	76.4	100	76.5	0.0	N	0.00	1.0	N	76.5	81.3	81.3	80.5	29.162	0.00	0.00	9	0.39	16	0.0	0.00	0.0	0.000	0.240	-52.3	0	---	-52.4	-52.4	 .0949	0.000	702	1	100.0	30
08/14/20	6:30 a	77.1	77.1	76.4	100	77.1	0.0	N	0.00	1.0	N	77.1	82.4	82.4	83.1	29.162	0.02	0.10	31	1.33	67	0.0	0.00	0.0	0.000	0.252	-52.3	0	---	-52.4	-52.4	 .0949	0.000	700	1	100.0	30
08/14/20	7:00 a	77.7	77.8	77.1	100	77.7	0.0	N	0.00	1.0	N	77.7	83.7	83.7	86.3	29.162	0.00	0.00	85	3.66	107	0.0	0.00	0.5	0.000	0.265	-52.3	0	---	-52.4	-52.4	 .0949	0.001	697	1	100.0	30
08/14/20	7:30 a	78.5	78.5	77.8	100	78.5	0.0	N	0.00	1.0	N	78.5	85.6	85.6	89.7	29.086	0.00	0.00	143	6.15	181	0.8	0.17	1.1	0.000	0.281	-52.3	0	---	-52.4	-52.4	 .0947	0.000	702	1	100.0	30
08/14/20	8:00 a	79.1	79.6	78.3	100	79.1	0.0	SSE	0.00	4.0	SSE	79.1	87.1	87.1	92.3	29.086	0.00	0.00	197	8.47	244	1.2	0.26	1.5	0.000	0.294	-52.3	0	---	-52.4	-52.4	 .0947	0.004	701	1	100.0	30
08/14/20	8:30 a	78.9	79.1	78.2	100	78.9	1.0	SE	0.50	6.0	ESE	78.9	86.6	86.6	89.5	19.390	0.00	0.00	131	5.63	204	1.0	0.21	1.7	0.000	0.290	-52.3	0	---	-52.4	-52.4	 .0631	0.000	703	1	100.0	30
08/14/20	9:00 a	79.3	79.4	78.1	100	79.3	1.0	SE	0.50	5.0	N	79.3	87.6	87.6	93.3	19.390	0.00	0.00	248	10.67	336	2.0	0.43	2.6	0.000	0.298	-52.3	0	---	-52.4	-52.4	 .0631	0.005	702	1	100.0	30
08/14/20	9:30 a	80.3	81.8	79.2	100	80.3	1.0	SE	0.50	7.0	ESE	80.3	90.5	90.5	99.3	19.390	0.00	0.00	413	17.76	900	3.5	0.75	6.0	0.000	0.319	-52.3	0	---	-52.4	-52.4	 .0631	0.000	699	1	100.0	30
08/14/20	10:00 a	81.5	81.9	80.2	100	81.5	2.0	SE	1.00	9.0	S	81.5	94.1	94.1	103.9	19.390	0.00	0.00	474	20.38	710	5.2	1.11	8.2	0.000	0.344	-52.3	0	---	-52.4	-52.4	 .0631	0.013	700	1	100.0	30
08/14/20	10:30 a	83.6	83.8	81.5	100	83.6	1.0	SE	0.50	8.0	SE	83.6	101.5	101.5	114.4	19.390	0.00	0.00	734	31.57	1058	6.9	1.48	8.6	0.000	0.387	-52.3	0	---	-52.4	-52.4	 .0631	0.000	701	1	100.0	30
08/14/20	11:00 a	82.3	83.7	82.3	100	82.3	2.0	SSE	1.00	7.0	SE	82.3	96.8	96.8	108.8	19.390	0.00	0.00	629	27.05	905	6.5	1.39	8.4	0.000	0.360	-52.3	0	---	-52.4	-52.4	 .0631	0.017	698	1	100.0	30
08/14/20	11:30 a	80.0	82.3	80.0	100	80.0	2.0	SE	1.00	6.0	SSE	80.0	89.6	89.6	94.8	29.768	0.00	0.00	234	10.06	334	2.7	0.58	3.9	0.000	0.313	-52.3	0	---	-52.4	-52.4	 .0969	0.000	701	1	100.0	30
08/14/20	12:00 p	78.8	80.1	78.7	100	78.8	2.0	ESE	1.00	8.0	SE	78.8	86.3	86.3	87.0	29.768	0.08	0.46	59	2.54	109	0.4	0.09	1.2	0.000	0.288	-52.3	0	---	-52.4	-52.4	 .0969	0.004	699	1	100.0	30
08/14/20	12:30 p	77.9	78.7	77.7	100	77.9	1.0	SE	0.50	7.0	SE	77.9	84.2	84.2	85.2	29.768	0.15	0.53	72	3.10	84	0.7	0.15	0.9	0.000	0.269	-52.3	1	-113.9	-52.4	-52.4	 .0969	0.000	699	1	100.0	30
08/14/20	1:00 p	77.4	78.0	77.4	100	77.4	2.0	ESE	1.00	9.0	SSE	77.4	83.1	83.1	84.2	29.768	0.06	0.30	77	3.31	90	0.8	0.17	0.9	0.000	0.258	-52.3	0	---	-52.4	-52.4	 .0969	0.002	702	1	100.0	30
08/14/20	1:30 p	77.4	77.6	77.1	100	77.4	2.0	E	1.00	9.0	E	77.4	83.1	83.1	84.5	19.427	0.03	0.07	86	3.70	139	0.8	0.17	1.4	0.000	0.258	-52.3	0	---	-52.4	-52.4	 .0633	0.000	697	1	100.0	30
08/14/20	2:00 p	77.1	77.6	77.0	100	77.1	3.0	ESE	1.50	12.0	N	77.1	82.4	82.4	84.2	19.427	0.09	0.60	101	4.34	156	0.9	0.19	1.5	0.000	0.252	-52.3	0	---	-52.4	-52.4	 .0633	0.002	699	1	100.0	30
08/14/20	2:30 p	76.2	77.2	76.0	100	76.2	3.0	SE	1.50	14.0	SE	76.2	80.7	80.7	82.5	19.427	0.02	0.13	94	4.04	118	0.9	0.19	1.1	0.000	0.233	-52.3	0	---	-52.4	-52.4	 .0633	0.000	702	1	100.0	30
08/14/20	3:00 p	77.3	77.4	76.1	100	77.3	2.0	ESE	1.00	12.0	SSE	77.3	82.9	82.9	85.2	29.731	0.03	0.14	102	4.39	155	0.8	0.17	1.3	0.000	0.256	-52.3	0	---	-52.4	-52.4	 .0968	0.002	701	1	100.0	30
08/14/20	3:30 p	76.8	77.3	76.8	100	76.8	2.0	E	1.00	8.0	SE	76.8	81.8	81.8	81.9	29.736	0.00	0.00	25	1.08	72	0.0	0.00	0.5	0.000	0.246	-52.3	0	---	-52.4	-52.4	 .0968	0.000	699	1	100.0	30
08/14/20	4:00 p	76.4	76.9	76.4	100	76.4	2.0	SE	1.00	8.0	SE	76.4	81.1	81.1	80.6	19.389	0.04	0.14	8	0.34	12	0.0	0.00	0.0	0.000	0.238	-52.3	0	---	-52.4	-52.4	 .0631	0.000	703	1	100.0	30
08/14/20	4:30 p	76.3	76.6	76.2	100	76.3	1.0	E	0.50	3.0	E	76.3	80.9	80.9	80.6	19.389	0.06	0.16	10	0.43	12	0.0	0.00	0.0	0.000	0.235	-52.3	0	---	-52.4	-52.4	 .0631	0.000	699	1	100.0	30
08/14/20	5:00 p	76.0	76.4	75.9	100	76.0	0.0	E	0.00	2.0	E	76.0	80.3	80.3	79.5	19.389	0.09	0.22	9	0.39	11	0.0	0.00	0.0	0.000	0.229	-52.3	0	---	-52.4	-52.4	 .0631	0.000	701	1	100.0	30
08/14/20	5:30 p	76.0	76.1	75.8	100	76.0	0.0	ENE	0.00	1.0	ENE	76.0	80.3	80.3	79.3	29.693	0.08	0.20	1	0.04	5	0.0	0.00	0.0	0.000	0.229	-52.3	0	---	-52.4	-52.4	 .0967	0.000	700	1	100.0	30
08/14/20	6:00 p	76.1	76.1	75.8	100	76.1	0.0	ENE	0.00	2.0	ENE	76.1	80.5	80.5	79.5	29.693	0.06	0.16	0	0.00	0	0.0	0.00	0.0	0.000	0.231	-52.3	0	---	-52.4	-52.4	 .0967	0.000	702	1	100.0	30
08/14/20	6:30 p	76.0	76.0	75.9	100	76.0	0.0	---	0.00	0.0	---	76.0	80.3	80.3	79.3	29.693	0.03	0.11	0	0.00	0	0.0	0.00	0.0	0.000	0.229	-52.3	0	---	-52.4	-52.4	 .0967	0.000	698	1	100.0	30
08/14/20	7:00 p	75.9	76.1	75.8	100	75.9	0.0	ENE	0.00	2.0	ENE	75.9	80.2	80.2	79.1	29.693	0.03	0.06	0	0.00	0	0.0	0.00	0.0	0.000	0.227	-52.3	0	---	-52.4	-52.4	 .0967	0.000	701	1	100.0	30
08/14/20	7:30 p	75.9	76.0	75.8	100	75.9	0.0	ENE	0.00	3.0	ENE	75.9	80.2	80.2	79.1	29.693	0.03	0.07	0	0.00	0	0.0	0.00	0.0	0.000	0.227	-52.3	0	---	-52.4	-52.4	 .0967	0.000	701	1	100.0	30
08/14/20	8:00 p	75.8	75.9	75.7	100	75.8	0.0	ENE	0.00	3.0	NE	75.8	80.0	80.0	78.9	29.693	0.04	0.26	0	0.00	0	0.0	0.00	0.0	0.000	0.225	-52.3	0	---	-52.4	-52.4	 .0967	0.000	700	1	100.0	30
08/14/20	8:30 p	75.5	75.8	75.5	100	75.5	1.0	NNE	0.50	4.0	NW	75.5	79.6	79.6	78.5	29.693	0.02	0.05	0	0.00	0	0.0	0.00	0.0	0.000	0.219	-52.3	0	---	-52.4	-52.4	 .0967	0.000	700	1	100.0	30
08/14/20	9:00 p	75.5	75.6	75.5	100	75.5	1.0	E	0.50	5.0	E	75.5	79.6	79.6	78.5	29.693	0.00	0.00	0	0.00	0	0.0	0.00	0.0	0.000	0.219	-52.3	0	---	-52.4	-52.4	 .0967	0.000	698	1	100.0	30
08/14/20	9:30 p	75.6	75.6	75.5	100	75.6	1.0	NNE	0.50	4.0	NE	75.6	79.7	79.7	78.6	29.693	0.01	0.00	0	0.00	0	0.0	0.00	0.0	0.000	0.221	-52.3	0	---	-52.4	-52.4	 .0967	0.000	702	1	100.0	30
08/14/20	10:00 p	75.5	75.7	75.5	100	75.5	0.0	WNW	0.00	1.0	WNW	75.5	79.6	79.6	78.5	29.693	0.01	0.00	0	0.00	0	0.0	0.00	0.0	0.000	0.219	-52.3	0	---	-52.4	-52.4	 .0967	0.000	702	1	100.0	30
08/14/20	10:30 p	75.3	75.6	75.3	100	75.3	0.0	WNW	0.00	1.0	WNW	75.3	79.3	79.3	78.2	29.826	0.00	0.00	0	0.00	0	0.0	0.00	0.0	0.000	0.215	-52.3	0	---	-52.4	-52.4	 .0971	0.000	698	1	100.0	30
08/14/20	11:00 p	75.1	75.3	75.1	100	75.1	0.0	---	0.00	0.0	---	75.1	78.9	78.9	77.8	29.826	0.00	0.00	0	0.00	0	0.0	0.00	0.0	0.000	0.210	-52.3	0	---	-52.4	-52.4	 .0971	0.000	701	1	100.0	30
08/14/20	11:30 p	74.9	75.1	74.9	100	74.9	0.0	---	0.00	0.0	---	74.9	78.7	78.7	77.6	29.826	0.01	0.00	0	0.00	0	0.0	0.00	0.0	0.000	0.206	-52.3	0	---	-52.4	-52.4	 .0971	0.000	699	1	100.0	30
08/15/20	12:00 a	74.8	75.0	74.8	100	74.8	0.0	---	0.00	0.0	---	74.8	78.6	78.6	77.5	29.087	0.05	0.15	0	0.00	0	0.0	0.00	0.0	0.000	0.204	-52.3	0	---	-52.4	-52.4	 .0947	0.000	701	1	100.0	30
08/15/20	12:30 a	74.6	74.8	74.6	100	74.6	0.0	---	0.00	0.0	---	74.6	78.3	78.3	77.2	29.087	0.01	0.10	0	0.00	0	0.0	0.00	0.0	0.000	0.200	-52.3	0	---	-52.4	-52.4	 .0947	0.000	698	1	100.0	30
08/15/20	1:00 a	74.5	74.7	74.4	100	74.5	0.0	---	0.00	0.0	---	74.5	78.2	78.2	77.1	29.087	0.00	0.00	0	0.00	0	0.0	0.00	0.0	0.000	0.198	-52.3	0	---	-52.4	-52.4	 .0947	0.000	699	1	100.0	30
08/15/20	1:30 a	74.5	74.6	74.3	100	74.5	0.0	---	0.00	0.0	---	74.5	78.2	78.2	77.1	29.693	0.00	0.00	0	0.00	0	0.0	0.00	0.0	0.000	0.198	-52.3	0	---	-52.4	-52.4	 .0967	0.000	698	1	100.0	30
08/15/20	2:00 a	74.3	74.6	74.3	100	74.3	0.0	---	0.00	0.0	---	74.3	78.0	78.0	76.9	29.693	0.00	0.00	0	0.00	0	0.0	0.00	0.0	0.000	0.194	-52.3	0	---	-52.4	-52.4	 .0967	0.000	701	1	100.0	30
08/15/20	2:30 a	74.1	74.4	74.0	100	74.1	0.0	---	0.00	0.0	---	74.1	77.7	77.7	76.6	19.427	0.00	0.00	0	0.00	0	0.0	0.00	0.0	0.000	0.190	-52.3	0	---	-52.4	-52.4	 .0633	0.000	701	1	100.0	30
08/15/20	3:00 a	74.0	74.2	73.9	100	74.0	0.0	---	0.00	0.0	---	74.0	77.6	77.6	76.5	19.390	0.00	0.00	0	0.00	0	0.0	0.00	0.0	0.000	0.188	-52.3	0	---	-52.4	-52.4	 .0631	0.000	701	1	100.0	30
08/15/20	3:30 a	73.9	74.0	73.9	100	73.9	0.0	---	0.00	0.0	---	73.9	77.5	77.5	76.3	19.390	0.00	0.00	0	0.00	0	0.0	0.00	0.0	0.000	0.185	-52.3	0	---	-52.4	-52.4	 .0631	0.000	701	1	100.0	30
08/15/20	4:00 a	73.9	74.0	73.8	100	73.9	0.0	---	0.00	0.0	---	73.9	77.5	77.5	76.3	19.390	0.00	0.00	0	0.00	0	0.0	0.00	0.0	0.000	0.185	-52.3	0	---	-52.4	-52.4	 .0631	0.000	701	1	100.0	30
08/15/20	4:30 a	73.9	74.0	73.8	100	73.9	0.0	NE	0.00	3.0	NE	73.9	77.5	77.5	76.3	29.725	0.00	0.00	0	0.00	0	0.0	0.00	0.0	0.000	0.185	-52.3	0	---	-52.4	-52.4	 .0968	0.000	701	1	100.0	30
08/15/20	5:00 a	73.8	73.9	73.7	100	73.8	0.0	---	0.00	0.0	---	73.8	77.4	77.4	76.2	29.729	0.00	0.00	0	0.00	0	0.0	0.00	0.0	0.000	0.183	-52.3	0	---	-52.4	-52.4	 .0968	0.000	701	1	100.0	30
08/15/20	5:30 a	73.7	73.9	73.6	100	73.7	0.0	---	0.00	0.0	---	73.7	77.3	77.3	76.1	29.729	0.00	0.00	0	0.00	0	0.0	0.00	0.0	0.000	0.181	-52.3	0	---	-52.4	-52.4	 .0968	0.000	699	1	100.0	30
08/15/20	6:00 a	73.9	73.9	73.6	100	73.9	0.0	---	0.00	0.0	---	73.9	77.5	77.5	76.5	29.729	0.00	0.00	5	0.22	14	0.0	0.00	0.0	0.000	0.185	-52.3	0	---	-52.4	-52.4	 .0968	0.000	702	1	100.0	30
08/15/20	6:30 a	74.4	74.4	73.8	100	74.4	0.0	---	0.00	0.0	---	74.4	78.1	78.1	78.4	29.729	0.00	0.00	26	1.12	39	0.0	0.00	0.0	0.000	0.196	-52.3	0	---	-52.4	-52.4	 .0968	0.000	700	1	100.0	30
08/15/20	7:00 a	74.8	74.8	74.3	100	74.8	0.0	---	0.00	0.0	---	74.8	78.6	78.6	79.7	29.729	0.00	0.00	50	2.15	60	0.0	0.00	0.0	0.000	0.204	-52.3	0	---	-52.4	-52.4	 .0968	0.001	700	1	100.0	30
08/15/20	7:30 a	75.7	75.7	74.8	100	75.7	0.0	---	0.00	0.0	---	75.7	79.8	79.8	82.0	29.729	0.00	0.00	88	3.78	134	0.2	0.04	0.7	0.000	0.223	-52.3	0	---	-52.4	-52.4	 .0968	0.000	698	1	100.0	30
08/15/20	8:00 a	77.0	77.1	75.6	100	77.0	0.0	---	0.00	0.0	---	77.0	82.2	82.2	87.4	29.729	0.00	0.00	198	8.52	229	1.1	0.24	1.5	0.000	0.250	-52.3	0	---	-52.4	-52.4	 .0968	0.003	700	1	100.0	30
08/15/20	8:30 a	77.8	77.8	77.1	100	77.8	0.0	---	0.00	0.0	---	77.8	84.0	84.0	89.1	29.729	0.00	0.00	213	9.16	223	1.6	0.34	1.7	0.000	0.267	-52.3	0	---	-52.4	-52.4	 .0968	0.000	701	1	100.0	30
08/15/20	9:00 a	78.6	78.6	77.7	100	78.6	0.0	---	0.00	0.0	---	78.6	85.8	85.8	90.6	29.729	0.00	0.00	218	9.38	299	2.0	0.43	2.6	0.000	0.283	-52.3	0	---	-52.4	-52.4	 .0968	0.005	702	1	100.0	30
08/15/20	9:30 a	79.3	79.6	78.2	100	79.3	0.0	---	0.00	0.0	---	79.3	87.6	87.6	94.6	29.729	0.00	0.00	324	13.93	380	3.0	0.64	3.3	0.000	0.298	-52.3	0	---	-52.4	-52.4	 .0968	0.000	701	1	100.0	30
08/15/20	10:00 a	80.7	80.8	79.2	100	80.7	0.0	---	0.00	0.0	---	80.7	91.6	91.6	99.4	29.729	0.00	0.00	363	15.61	410	3.7	0.79	4.3	0.000	0.327	-52.3	0	---	-52.4	-52.4	 .0968	0.008	701	1	100.0	30
08/15/20	10:30 a	82.0	82.0	80.3	100	82.0	0.0	---	0.00	0.0	---	82.0	95.7	95.7	105.7	30.109	0.00	0.00	483	20.77	715	5.0	1.07	6.8	0.000	0.354	-52.3	0	---	-52.4	-52.4	 .0980	0.000	703	1	100.0	30
08/15/20	11:00 a	82.7	83.1	81.9	100	82.7	1.0	SSW	0.50	4.0	SSW	82.7	98.1	98.1	109.4	30.109	0.00	0.00	569	24.47	710	6.1	1.31	7.0	0.000	0.369	-52.3	0	---	-52.4	-52.4	 .0980	0.013	702	1	100.0	30
08/15/20	11:30 a	80.3	82.7	80.1	100	80.3	0.0	SW	0.00	2.0	W	80.3	90.5	90.5	96.9	29.204	0.00	0.00	288	12.39	431	3.6	0.77	5.1	0.000	0.319	-52.3	0	---	-52.4	-52.4	 .0951	0.000	700	1	100.0	30
08/15/20	12:00 p	81.2	81.3	80.1	100	81.2	1.0	SW	0.50	4.0	SW	81.2	93.1	93.1	99.7	29.806	0.00	0.00	298	12.82	320	3.6	0.77	3.8	0.000	0.337	-52.3	0	---	-52.4	-52.4	 .0970	0.007	700	1	100.0	30
08/15/20	12:30 p	81.1	81.2	80.7	100	81.1	1.0	SW	0.50	4.0	WSW	81.1	92.8	92.8	99.4	29.793	0.00	0.00	299	12.86	320	3.5	0.75	3.8	0.000	0.335	-52.3	0	---	-52.4	-52.4	 .0970	0.000	700	1	100.0	30
08/15/20	1:00 p	81.1	81.6	80.8	100	81.1	0.0	ESE	0.00	3.0	WSW	81.1	92.8	92.8	99.0	29.793	0.00	0.00	283	12.17	316	3.1	0.66	3.5	0.000	0.335	-52.3	0	---	-52.4	-52.4	 .0970	0.007	702	1	100.0	30
08/15/20	1:30 p	80.9	81.5	80.5	100	80.9	1.0	SSW	0.50	3.0	SW	80.9	92.2	92.2	97.1	29.693	0.00	0.00	226	9.72	269	2.4	0.51	2.9	0.000	0.331	-52.3	0	---	-52.4	-52.4	 .0967	0.000	702	1	100.0	30
08/15/20	2:00 p	80.3	81.2	80.2	100	80.3	1.0	SSE	0.50	5.0	S	80.3	90.5	90.5	94.7	29.693	0.00	0.00	186	8.00	216	1.9	0.41	2.3	0.000	0.319	-52.3	0	---	-52.4	-52.4	 .0967	0.005	700	1	100.0	30
08/15/20	2:30 p	79.9	80.5	79.9	100	79.9	1.0	SE	0.50	5.0	SW	79.9	89.3	89.3	93.4	29.693	0.00	0.00	174	7.48	202	1.6	0.34	1.9	0.000	0.310	-52.3	0	---	-52.4	-52.4	 .0967	0.000	700	1	100.0	30
08/15/20	3:00 p	79.6	80.2	79.5	100	79.6	1.0	SSW	0.50	4.0	SW	79.6	88.5	88.5	92.1	29.693	0.00	0.00	141	6.06	192	1.2	0.26	1.7	0.000	0.304	-52.3	0	---	-52.4	-52.4	 .0967	0.004	701	1	100.0	30
08/15/20	3:30 p	78.6	79.6	78.6	100	78.6	1.0	S	0.50	7.0	S	78.6	85.8	85.8	86.3	29.087	0.01	0.00	37	1.59	54	0.0	0.00	0.0	0.000	0.283	-52.3	0	---	-52.4	-52.4	 .0947	0.000	700	1	100.0	30
08/15/20	4:00 p	76.4	78.7	76.4	100	76.4	2.0	ESE	1.00	6.0	S	76.4	81.1	81.1	80.6	29.087	0.10	1.35	8	0.34	14	0.0	0.00	0.0	0.000	0.238	-52.3	0	---	-52.4	-52.4	 .0947	0.001	700	1	100.0	30
08/15/20	4:30 p	75.8	76.4	75.7	100	75.8	1.0	NE	0.50	6.0	ESE	75.8	80.0	80.0	79.4	29.087	0.16	1.22	6	0.26	7	0.0	0.00	0.0	0.000	0.225	-52.3	0	---	-52.4	-52.4	 .0947	0.000	701	1	100.0	30
08/15/20	5:00 p	75.8	75.8	75.5	100	75.8	1.0	NE	0.50	3.0	NE	75.8	80.0	80.0	78.9	29.768	0.02	0.08	0	0.00	0	0.0	0.00	0.0	0.000	0.225	-52.3	0	---	-52.4	-52.4	 .0969	0.000	698	1	100.0	30
08/15/20	5:30 p	75.9	75.9	75.7	100	75.9	0.0	NE	0.00	2.0	NE	75.9	80.2	80.2	79.1	29.793	0.02	0.06	0	0.00	0	0.0	0.00	0.0	0.000	0.227	-52.3	0	---	-52.4	-52.4	 .0970	0.000	699	1	100.0	30
08/15/20	6:00 p	75.9	76.0	75.8	100	75.9	0.0	NE	0.00	1.0	NE	75.9	80.2	80.2	79.1	29.793	0.08	1.30	0	0.00	0	0.0	0.00	0.0	0.000	0.227	-52.3	0	---	-52.4	-52.4	 .0970	0.000	701	1	100.0	30
08/15/20	6:30 p	75.8	76.0	75.8	100	75.8	0.0	NE	0.00	1.0	NE	75.8	80.0	80.0	78.9	29.693	0.00	0.00	0	0.00	0	0.0	0.00	0.0	0.000	0.225	-52.3	0	---	-52.4	-52.4	 .0967	0.000	702	1	100.0	30
08/15/20	7:00 p	75.4	75.8	75.4	100	75.4	0.0	NE	0.00	2.0	NE	75.4	79.4	79.4	78.3	29.693	0.00	0.00	0	0.00	0	0.0	0.00	0.0	0.000	0.217	-52.3	0	---	-52.4	-52.4	 .0967	0.000	700	1	100.0	30
08/15/20	7:30 p	75.1	75.5	75.1	100	75.1	0.0	NE	0.00	1.0	NE	75.1	78.9	78.9	77.8	29.693	0.01	0.00	0	0.00	0	0.0	0.00	0.0	0.000	0.210	-52.3	0	---	-52.4	-52.4	 .0967	0.000	700	1	100.0	30
08/15/20	8:00 p	74.8	75.2	74.8	100	74.8	0.0	---	0.00	0.0	---	74.8	78.6	78.6	77.5	29.693	0.00	0.00	0	0.00	0	0.0	0.00	0.0	0.000	0.204	-52.3	0	---	-52.4	-52.4	 .0967	0.000	701	1	100.0	30
08/15/20	8:30 p	74.7	74.9	74.6	100	74.7	0.0	NE	0.00	1.0	NE	74.7	78.4	78.4	77.3	29.693	0.00	0.00	0	0.00	0	0.0	0.00	0.0	0.000	0.202	-52.3	0	---	-52.4	-52.4	 .0967	0.000	702	1	100.0	30
08/15/20	9:00 p	74.9	74.9	74.7	100	74.9	0.0	NE	0.00	1.0	NE	74.9	78.7	78.7	77.6	29.693	0.00	0.00	0	0.00	0	0.0	0.00	0.0	0.000	0.206	-52.3	0	---	-52.4	-52.4	 .0967	0.000	700	1	100.0	30
08/15/20	9:30 p	74.8	74.9	74.8	100	74.8	0.0	---	0.00	0.0	---	74.8	78.6	78.6	77.5	29.693	0.00	0.00	0	0.00	0	0.0	0.00	0.0	0.000	0.204	-52.3	0	---	-52.4	-52.4	 .0967	0.000	700	1	100.0	30
08/15/20	10:00 p	74.8	74.8	74.7	100	74.8	0.0	---	0.00	0.0	---	74.8	78.6	78.6	77.5	29.693	0.00	0.00	0	0.00	0	0.0	0.00	0.0	0.000	0.204	-52.3	0	---	-52.4	-52.4	 .0967	0.000	699	1	100.0	30
08/15/20	10:30 p	74.9	74.9	74.8	100	74.9	0.0	NE	0.00	1.0	NE	74.9	78.7	78.7	77.6	29.693	0.00	0.00	0	0.00	0	0.0	0.00	0.0	0.000	0.206	-52.3	0	---	-52.4	-52.4	 .0967	0.000	697	1	100.0	30
08/15/20	11:00 p	75.0	75.1	74.8	100	75.0	0.0	NE	0.00	3.0	NE	75.0	78.8	78.8	77.7	29.693	0.00	0.00	0	0.00	0	0.0	0.00	0.0	0.000	0.208	-52.3	0	---	-52.4	-52.4	 .0967	0.000	702	1	100.0	30
08/15/20	11:30 p	75.0	75.1	75.0	100	75.0	0.0	NE	0.00	2.0	NE	75.0	78.8	78.8	77.7	29.693	0.00	0.00	0	0.00	0	0.0	0.00	0.0	0.000	0.208	-52.3	0	---	-52.4	-52.4	 .0967	0.000	698	1	100.0	30
08/16/20	12:00 a	75.0	75.1	74.9	100	75.0	0.0	---	0.00	0.0	---	75.0	78.8	78.8	77.7	29.693	0.00	0.00	0	0.00	0	0.0	0.00	0.0	0.000	0.208	-52.3	0	---	-52.4	-52.4	 .0967	0.000	701	1	100.0	30
08/16/20	12:30 a	74.9	75.0	74.8	100	74.9	0.0	NE	0.00	1.0	NE	74.9	78.7	78.7	77.6	29.693	0.00	0.00	0	0.00	0	0.0	0.00	0.0	0.000	0.206	-52.3	0	---	-52.4	-52.4	 .0967	0.000	698	1	100.0	30
08/16/20	1:00 a	74.6	75.0	74.6	100	74.6	0.0	NE	0.00	1.0	NE	74.6	78.3	78.3	77.2	29.693	0.01	0.00	0	0.00	0	0.0	0.00	0.0	0.000	0.200	-52.3	0	---	-52.4	-52.4	 .0967	0.000	700	1	100.0	30
08/16/20	1:30 a	74.4	74.7	74.3	100	74.4	0.0	---	0.00	0.0	---	74.4	78.1	78.1	77.0	29.693	0.00	0.00	0	0.00	0	0.0	0.00	0.0	0.000	0.196	-52.3	0	---	-52.4	-52.4	 .0967	0.000	700	1	100.0	30
08/16/20	2:00 a	74.6	74.6	74.3	100	74.6	0.0	NE	0.00	2.0	NE	74.6	78.3	78.3	77.2	29.778	0.00	0.00	0	0.00	0	0.0	0.00	0.0	0.000	0.200	-52.3	0	---	-52.4	-52.4	 .0970	0.000	702	1	100.0	30
08/16/20	2:30 a	74.8	75.0	74.6	100	74.8	0.0	NE	0.00	2.0	NE	74.8	78.6	78.6	77.5	29.778	0.00	0.00	0	0.00	0	0.0	0.00	0.0	0.000	0.204	-52.3	0	---	-52.4	-52.4	 .0970	0.000	700	1	100.0	30
08/16/20	3:00 a	74.6	74.9	74.5	100	74.6	0.0	---	0.00	0.0	---	74.6	78.3	78.3	77.2	29.778	0.00	0.00	0	0.00	0	0.0	0.00	0.0	0.000	0.200	-52.3	0	---	-52.4	-52.4	 .0970	0.000	699	1	100.0	30
08/16/20	3:30 a	74.3	74.6	74.3	100	74.3	0.0	---	0.00	0.0	---	74.3	78.0	78.0	76.9	29.778	0.00	0.00	0	0.00	0	0.0	0.00	0.0	0.000	0.194	-52.3	0	---	-52.4	-52.4	 .0970	0.000	702	1	100.0	30
08/16/20	4:00 a	74.6	74.7	74.1	100	74.6	0.0	NE	0.00	1.0	NE	74.6	78.3	78.3	77.2	29.768	0.00	0.00	0	0.00	0	0.0	0.00	0.0	0.000	0.200	-52.3	0	---	-52.4	-52.4	 .0969	0.000	700	1	100.0	30
08/16/20	4:30 a	74.6	74.7	74.4	100	74.6	0.0	NE	0.00	2.0	NE	74.6	78.3	78.3	77.2	29.768	0.00	0.00	0	0.00	0	0.0	0.00	0.0	0.000	0.200	-52.3	0	---	-52.4	-52.4	 .0969	0.000	700	1	100.0	30
08/16/20	5:00 a	74.4	74.6	74.3	100	74.4	0.0	NE	0.00	1.0	NE	74.4	78.1	78.1	77.0	29.768	0.00	0.00	0	0.00	0	0.0	0.00	0.0	0.000	0.196	-52.3	0	---	-52.4	-52.4	 .0969	0.000	702	1	100.0	30
08/16/20	5:30 a	74.7	74.8	74.3	100	74.7	0.0	---	0.00	0.0	---	74.7	78.4	78.4	77.3	29.768	0.00	0.00	0	0.00	0	0.0	0.00	0.0	0.000	0.202	-52.3	0	---	-52.4	-52.4	 .0969	0.000	698	1	100.0	30
08/16/20	6:00 a	75.0	75.0	74.7	100	75.0	0.0	NE	0.00	1.0	NE	75.0	78.8	78.8	78.0	29.768	0.00	0.00	12	0.52	21	0.0	0.00	0.0	0.000	0.208	-52.3	0	---	-52.4	-52.4	 .0969	0.000	701	1	100.0	30
08/16/20	6:30 a	75.2	75.2	74.9	100	75.2	0.0	NE	0.00	1.0	NE	75.2	79.1	79.1	79.5	19.391	0.00	0.00	27	1.16	42	0.0	0.00	0.0	0.000	0.212	-52.3	0	---	-52.4	-52.4	 .0631	0.000	699	1	100.0	30
08/16/20	7:00 a	76.4	76.4	75.2	100	76.4	0.0	---	0.00	0.0	---	76.4	81.1	81.1	83.6	29.693	0.00	0.00	84	3.61	156	0.3	0.06	0.7	0.000	0.238	-52.3	0	---	-52.4	-52.4	 .0967	0.001	700	1	100.0	30
08/16/20	7:30 a	77.3	77.4	76.4	100	77.3	0.0	NE	0.00	1.0	NE	77.3	82.9	82.9	87.7	29.830	0.00	0.00	168	7.22	193	0.8	0.17	1.0	0.000	0.256	-52.3	0	---	-52.4	-52.4	 .0971	0.000	700	1	100.0	30
08/16/20	8:00 a	77.8	77.8	77.3	100	77.8	0.0	NNE	0.00	1.0	NE	77.8	84.0	84.0	88.1	29.830	0.00	0.00	162	6.97	206	1.3	0.28	1.4	0.000	0.267	-52.3	0	---	-52.4	-52.4	 .0971	0.004	701	1	100.0	30
08/16/20	8:30 a	78.2	78.5	77.3	100	78.2	1.0	SE	0.50	5.0	SSE	78.2	84.9	84.9	91.0	29.693	0.00	0.00	255	10.97	327	1.8	0.39	2.1	0.000	0.275	-52.3	0	---	-52.4	-52.4	 .0967	0.000	701	1	100.0	30
08/16/20	9:00 a	78.3	78.3	77.3	100	78.3	1.0	SE	0.50	3.0	S	78.3	85.1	85.1	88.6	29.693	0.00	0.00	164	7.05	211	2.0	0.43	2.2	0.000	0.277	-52.3	0	---	-52.4	-52.4	 .0967	0.005	700	1	100.0	30
08/16/20	9:30 a	78.0	78.7	78.0	100	78.0	0.0	NE	0.00	2.0	NE	78.0	84.4	84.4	86.6	29.693	0.00	0.00	117	5.03	183	1.4	0.30	2.1	0.000	0.271	-52.3	0	---	-52.4	-52.4	 .0967	0.000	701	1	100.0	30
08/16/20	10:00 a	78.3	78.5	77.7	100	78.3	0.0	NE	0.00	2.0	NE	78.3	85.1	85.1	89.0	29.693	0.01	0.00	191	8.21	262	2.0	0.43	2.7	0.000	0.277	-52.3	0	---	-52.4	-52.4	 .0967	0.004	698	1	100.0	30
08/16/20	10:30 a	78.7	79.1	78.2	100	78.7	0.0	SW	0.00	3.0	SSW	78.7	86.1	86.1	92.7	29.860	0.01	0.00	308	13.25	362	3.3	0.71	4.0	0.000	0.285	-52.3	0	---	-52.4	-52.4	 .0972	0.000	700	1	100.0	30
08/16/20	11:00 a	81.1	81.2	78.8	100	81.1	0.0	WNW	0.00	2.0	N	81.1	92.8	92.8	103.0	29.860	0.00	0.00	493	21.20	731	5.3	1.14	6.8	0.000	0.335	-52.3	0	---	-52.4	-52.4	 .0972	0.010	701	1	100.0	30
08/16/20	11:30 a	82.1	82.4	81.0	100	82.1	1.0	SW	0.50	3.0	W	82.1	96.0	96.0	107.9	29.860	0.00	0.00	617	26.53	765	6.0	1.29	6.7	0.000	0.356	-52.3	0	---	-52.4	-52.4	 .0972	0.000	701	1	100.0	30
08/16/20	12:00 p	83.5	83.7	81.6	100	83.5	1.0	SW	0.50	4.0	SW	83.5	101.1	101.1	113.8	29.860	0.00	0.00	697	29.97	1009	7.3	1.56	9.7	0.000	0.385	-52.3	0	---	-52.4	-52.4	 .0972	0.017	700	1	100.0	30
08/16/20	12:30 p	84.6	85.0	82.6	100	84.6	1.0	SSW	0.50	4.0	S	84.6	105.8	105.8	119.1	29.860	0.00	0.00	837	36.00	1211	8.5	1.82	10.4	0.000	0.408	-52.3	0	---	-52.4	-52.4	 .0972	0.000	700	1	100.0	30
08/16/20	1:00 p	84.7	84.9	83.6	100	84.7	2.0	SW	1.00	7.0	SE	84.7	106.2	106.2	119.7	29.860	0.00	0.00	1059	45.54	1208	8.9	1.91	10.0	0.000	0.410	-52.3	0	---	-52.4	-52.4	 .0972	0.024	701	1	100.0	30
08/16/20	1:30 p	84.6	85.3	84.4	100	84.6	2.0	S	1.00	6.0	S	84.6	105.8	105.8	120.0	29.813	0.00	0.00	1019	43.82	1134	8.3	1.78	9.4	0.000	0.408	-52.3	0	---	-52.4	-52.4	 .0971	0.000	697	1	100.0	30
08/16/20	2:00 p	83.3	85.1	82.7	100	83.3	2.0	SSW	1.00	9.0	S	83.3	100.4	100.4	113.0	29.808	0.00	0.00	677	29.11	1062	5.6	1.20	8.0	0.000	0.381	-52.3	0	---	-52.4	-52.4	 .0971	0.021	699	1	100.0	30
08/16/20	2:30 p	82.2	83.5	82.2	100	82.2	2.0	S	1.00	6.0	SSW	82.2	96.4	96.4	106.4	29.808	0.00	0.00	431	18.54	610	3.5	0.75	4.9	0.000	0.358	-52.3	0	---	-52.4	-52.4	 .0971	0.000	698	1	100.0	30
08/16/20	3:00 p	80.7	82.3	80.7	100	80.7	1.0	SE	0.50	4.0	SSE	80.7	91.6	91.6	96.0	29.768	0.00	0.00	167	7.18	313	1.4	0.30	2.4	0.000	0.327	-51.4	0	---	-51.5	-51.5	 .0967	0.008	701	1	100.0	30
08/16/20	3:30 p	80.2	80.9	80.1	100	80.2	0.0	---	0.00	0.0	---	80.2	90.2	90.2	92.0	29.794	0.00	0.00	72	3.10	97	0.3	0.06	0.7	0.000	0.317	-52.3	0	---	-52.4	-52.4	 .0970	0.000	698	1	100.0	30
08/16/20	4:00 p	79.3	80.2	79.2	100	79.3	0.0	---	0.00	0.0	---	79.3	87.6	87.6	89.3	29.790	0.00	0.00	60	2.58	65	0.0	0.00	0.0	0.000	0.298	-52.3	0	---	-52.4	-52.4	 .0970	0.002	698	1	100.0	30
08/16/20	4:30 p	79.5	79.6	79.3	100	79.5	0.0	---	0.00	0.0	---	79.5	88.2	88.2	89.9	29.790	0.00	0.00	51	2.19	67	0.0	0.00	0.0	0.000	0.302	-52.3	0	---	-52.4	-52.4	 .0970	0.000	697	1	100.0	30
08/16/20	5:00 p	79.0	79.5	79.0	100	79.0	0.0	---	0.00	0.0	---	79.0	86.8	86.8	86.4	29.798	0.00	0.00	22	0.95	35	0.0	0.00	0.0	0.000	0.292	-52.3	0	---	-52.4	-52.4	 .0970	0.001	701	1	100.0	30
08/16/20	5:30 p	78.3	79.0	78.3	100	78.3	0.0	---	0.00	0.0	---	78.3	85.1	85.1	84.3	29.809	0.00	0.00	9	0.39	12	0.0	0.00	0.0	0.000	0.277	-52.3	0	---	-52.4	-52.4	 .0971	0.000	701	1	100.0	30
08/16/20	6:00 p	78.0	78.5	78.0	100	78.0	0.0	---	0.00	0.0	---	78.0	84.4	84.4	83.4	29.809	0.00	0.00	1	0.04	5	0.0	0.00	0.0	0.000	0.271	-52.3	0	---	-52.4	-52.4	 .0971	0.000	700	1	100.0	30
08/16/20	6:30 p	77.8	78.1	77.7	100	77.8	0.0	---	0.00	0.0	---	77.8	84.0	84.0	83.0	29.820	0.00	0.00	0	0.00	0	0.0	0.00	0.0	0.000	0.267	-52.3	0	---	-52.4	-52.4	 .0971	0.000	700	1	100.0	30
08/16/20	7:00 p	77.4	77.8	77.4	100	77.4	0.0	---	0.00	0.0	---	77.4	83.1	83.1	82.1	19.504	0.00	0.00	0	0.00	0	0.0	0.00	0.0	0.000	0.258	-52.3	0	---	-52.4	-52.4	 .0635	0.000	702	1	100.0	30
08/16/20	7:30 p	77.2	77.5	77.2	100	77.2	0.0	---	0.00	0.0	---	77.2	82.6	82.6	81.6	29.817	0.00	0.00	0	0.00	0	0.0	0.00	0.0	0.000	0.254	-52.3	0	---	-52.4	-52.4	 .0971	0.000	699	1	100.0	30
08/16/20	8:00 p	77.0	77.3	77.0	100	77.0	0.0	---	0.00	0.0	---	77.0	82.2	82.2	81.2	29.822	0.00	0.00	0	0.00	0	0.0	0.00	0.0	0.000	0.250	-52.3	0	---	-52.4	-52.4	 .0971	0.000	701	1	100.0	30
08/16/20	8:30 p	76.9	77.1	76.8	100	76.9	0.0	---	0.00	0.0	---	76.9	82.0	82.0	80.9	29.693	0.00	0.00	0	0.00	0	0.0	0.00	0.0	0.000	0.248	-52.3	0	---	-52.4	-52.4	 .0967	0.000	702	1	100.0	30
08/16/20	9:00 p	76.7	76.9	76.7	100	76.7	0.0	---	0.00	0.0	---	76.7	81.6	81.6	80.5	29.693	0.00	0.00	0	0.00	0	0.0	0.00	0.0	0.000	0.244	-52.3	0	---	-52.4	-52.4	 .0967	0.000	699	1	100.0	30
08/16/20	9:30 p	76.6	76.9	76.6	100	76.6	0.0	---	0.00	0.0	---	76.6	81.4	81.4	80.3	29.814	0.00	0.00	0	0.00	0	0.0	0.00	0.0	0.000	0.242	-52.3	0	---	-52.4	-52.4	 .0971	0.000	702	1	100.0	30
08/16/20	10:00 p	76.7	76.8	76.6	100	76.7	0.0	---	0.00	0.0	---	76.7	81.6	81.6	80.5	29.814	0.00	0.00	0	0.00	0	0.0	0.00	0.0	0.000	0.244	-52.3	0	---	-52.4	-52.4	 .0971	0.000	701	1	100.0	30
08/16/20	10:30 p	76.7	76.8	76.6	100	76.7	0.0	---	0.00	0.0	---	76.7	81.6	81.6	80.5	29.843	0.00	0.00	0	0.00	0	0.0	0.00	0.0	0.000	0.244	-52.3	0	---	-52.4	-52.4	 .0972	0.000	699	1	100.0	30
08/16/20	11:00 p	76.5	76.7	76.5	100	76.5	0.0	---	0.00	0.0	---	76.5	81.3	81.3	80.2	29.843	0.00	0.00	0	0.00	0	0.0	0.00	0.0	0.000	0.240	-52.3	0	---	-52.4	-52.4	 .0972	0.000	702	1	100.0	30
08/16/20	11:30 p	76.5	76.6	76.4	100	76.5	0.0	---	0.00	0.0	---	76.5	81.3	81.3	80.2	29.843	0.00	0.00	0	0.00	0	0.0	0.00	0.0	0.000	0.240	-52.3	0	---	-52.4	-52.4	 .0972	0.000	701	1	100.0	30
08/17/20	12:00 a	76.3	76.6	76.3	100	76.3	0.0	---	0.00	0.0	---	76.3	80.9	80.9	79.8	29.843	0.00	0.00	0	0.00	0	0.0	0.00	0.0	0.000	0.235	-52.3	0	---	-52.4	-52.4	 .0972	0.000	703	1	100.0	30
08/17/20	12:30 a	76.2	76.3	76.2	100	76.2	0.0	---	0.00	0.0	---	76.2	80.7	80.7	79.6	29.843	0.00	0.00	0	0.00	0	0.0	0.00	0.0	0.000	0.233	-52.3	0	---	-52.4	-52.4	 .0972	0.000	700	1	100.0	30
08/17/20	1:00 a	76.0	76.2	75.9	100	76.0	0.0	---	0.00	0.0	---	76.0	80.3	80.3	79.2	29.843	0.00	0.00	0	0.00	0	0.0	0.00	0.0	0.000	0.229	-52.3	0	---	-52.4	-52.4	 .0972	0.000	702	1	100.0	30
08/17/20	1:30 a	76.1	76.2	75.9	100	76.1	0.0	---	0.00	0.0	---	76.1	80.5	80.5	79.4	29.843	0.00	0.00	0	0.00	0	0.0	0.00	0.0	0.000	0.231	-52.3	0	---	-52.4	-52.4	 .0972	0.000	701	1	100.0	30
08/17/20	2:00 a	76.0	76.2	76.0	100	76.0	0.0	---	0.00	0.0	---	76.0	80.3	80.3	79.2	29.843	0.00	0.00	0	0.00	0	0.0	0.00	0.0	0.000	0.229	-52.3	0	---	-52.4	-52.4	 .0972	0.000	703	1	100.0	30
08/17/20	2:30 a	75.7	76.0	75.7	100	75.7	0.0	---	0.00	0.0	---	75.7	79.8	79.8	78.6	29.843	0.00	0.00	0	0.00	0	0.0	0.00	0.0	0.000	0.223	-52.3	0	---	-52.4	-52.4	 .0972	0.000	701	1	100.0	30
08/17/20	3:00 a	75.4	75.7	75.4	100	75.4	0.0	---	0.00	0.0	---	75.4	79.4	79.4	78.2	29.843	0.00	0.00	0	0.00	0	0.0	0.00	0.0	0.000	0.217	-52.3	0	---	-52.4	-52.4	 .0972	0.000	698	1	100.0	30
08/17/20	3:30 a	75.2	75.5	75.2	100	75.2	0.0	---	0.00	0.0	---	75.2	79.1	79.1	77.9	29.843	0.00	0.00	0	0.00	0	0.0	0.00	0.0	0.000	0.212	-52.3	0	---	-52.4	-52.4	 .0972	0.000	700	1	100.0	30
08/17/20	4:00 a	76.0	76.0	75.2	100	76.0	0.0	---	0.00	0.0	---	76.0	80.3	80.3	79.2	29.843	0.00	0.00	0	0.00	0	0.0	0.00	0.0	0.000	0.229	-52.3	0	---	-52.4	-52.4	 .0972	0.000	701	1	100.0	30
08/17/20	4:30 a	75.8	76.0	75.7	100	75.8	0.0	---	0.00	0.0	---	75.8	80.0	80.0	78.8	29.843	0.00	0.00	0	0.00	0	0.0	0.00	0.0	0.000	0.225	-52.3	0	---	-52.4	-52.4	 .0972	0.000	697	1	100.0	30
08/17/20	5:00 a	75.3	75.8	75.2	100	75.3	0.0	---	0.00	0.0	---	75.3	79.3	79.3	78.1	29.843	0.00	0.00	0	0.00	0	0.0	0.00	0.0	0.000	0.215	-52.3	0	---	-52.4	-52.4	 .0972	0.000	701	1	100.0	30
08/17/20	5:30 a	75.3	75.3	75.0	100	75.3	0.0	---	0.00	0.0	---	75.3	79.3	79.3	78.1	29.843	0.00	0.00	0	0.00	0	0.0	0.00	0.0	0.000	0.215	-52.3	0	---	-52.4	-52.4	 .0972	0.000	699	1	100.0	30
08/17/20	6:00 a	75.6	75.6	75.1	100	75.6	0.0	---	0.00	0.0	---	75.6	79.7	79.7	79.1	29.843	0.00	0.00	22	0.95	39	0.0	0.00	0.0	0.000	0.221	-52.3	0	---	-52.4	-52.4	 .0972	0.000	700	1	100.0	30
08/17/20	6:30 a	76.4	76.4	75.6	100	76.4	0.0	---	0.00	0.0	---	76.4	81.1	81.1	82.6	29.843	0.00	0.00	49	2.11	62	0.0	0.00	0.0	0.000	0.238	-52.3	0	---	-52.4	-52.4	 .0972	0.000	702	1	100.0	30
08/17/20	7:00 a	77.2	77.2	76.4	100	77.2	0.0	---	0.00	0.0	---	77.2	82.6	82.6	84.4	29.843	0.00	0.00	65	2.80	116	0.2	0.04	0.6	0.000	0.254	-52.3	0	---	-52.4	-52.4	 .0972	0.001	700	1	100.0	30
08/17/20	7:30 a	78.8	78.8	77.2	100	78.8	0.0	S	0.00	3.0	SE	78.8	86.3	86.3	92.1	29.843	0.00	0.00	197	8.47	241	0.7	0.15	0.7	0.000	0.288	-52.3	0	---	-52.4	-52.4	 .0972	0.000	703	1	100.0	30
08/17/20	8:00 a	78.5	79.0	78.3	100	78.5	1.0	SSW	0.50	3.0	SSW	78.5	85.6	85.6	90.2	29.843	0.00	0.00	177	7.61	262	0.7	0.15	1.5	0.000	0.281	-52.3	0	---	-52.4	-52.4	 .0972	0.005	702	1	100.0	30
08/17/20	8:30 a	78.9	79.2	78.3	100	78.9	0.0	SSW	0.00	3.0	SSW	78.9	86.6	86.6	91.1	29.843	0.00	0.00	190	8.17	258	1.6	0.34	1.8	0.000	0.290	-52.3	0	---	-52.4	-52.4	 .0972	0.000	699	1	100.0	30
08/17/20	9:00 a	81.2	81.7	78.7	100	81.2	1.0	WNW	0.50	3.0	WNW	81.2	93.1	93.1	102.3	19.389	0.03	0.22	420	18.06	995	2.7	0.58	5.0	0.000	0.337	-52.3	0	---	-52.4	-52.4	 .0631	0.008	701	1	100.0	30
08/17/20	9:30 a	80.8	81.4	80.2	100	80.8	1.0	SSE	0.50	5.0	NE	80.8	91.9	91.9	98.6	29.693	0.00	0.00	307	13.20	705	3.4	0.73	4.9	0.000	0.329	-52.3	0	---	-52.4	-52.4	 .0967	0.000	700	1	100.0	30
08/17/20	10:00 a	81.2	81.2	80.5	100	81.2	1.0	SE	0.50	4.0	SSW	81.2	93.1	93.1	102.2	29.896	0.00	0.00	435	18.71	1030	4.8	1.03	7.9	0.000	0.337	-51.7	0	---	-51.8	-51.8	 .0972	0.010	702	1	100.0	30
08/17/20	10:30 a	83.3	83.6	81.3	100	83.3	1.0	SSW	0.50	5.0	SW	83.3	100.4	100.4	113.7	29.896	0.00	0.00	830	35.69	1132	7.5	1.61	9.3	0.000	0.381	-52.3	0	---	-52.4	-52.4	 .0973	0.000	699	1	100.0	30
08/17/20	11:00 a	82.8	84.2	82.8	100	82.8	1.0	ESE	0.50	6.0	SSE	82.8	98.5	98.5	110.9	29.693	0.00	0.00	666	28.64	1086	7.2	1.54	10.4	0.000	0.371	-52.3	0	---	-52.4	-52.4	 .0967	0.019	700	1	100.0	30
08/17/20	11:30 a	83.4	84.1	82.4	100	83.4	2.0	S	1.00	8.0	NNW	83.4	100.8	100.8	114.1	29.881	0.00	0.00	792	34.06	1230	7.9	1.69	11.0	0.000	0.383	-52.3	0	---	-52.4	-52.4	 .0973	0.000	697	1	100.0	30
08/17/20	12:00 p	84.1	84.3	83.2	100	84.1	3.0	SSW	1.50	9.0	SE	84.1	103.5	103.5	115.8	29.881	0.00	0.00	1116	47.99	1225	9.9	2.12	10.8	0.000	0.398	-52.3	0	---	-52.4	-52.4	 .0973	0.024	700	1	100.0	30
08/17/20	12:30 p	81.7	84.7	81.7	100	81.7	2.0	SSE	1.00	9.0	SSE	81.7	94.7	94.7	106.0	29.857	0.00	0.00	580	24.94	1318	6.7	1.44	11.1	0.000	0.348	-52.3	0	---	-52.4	-52.4	 .0972	0.000	701	1	100.0	30
08/17/20	1:00 p	80.9	81.6	80.5	100	80.9	1.0	SSE	0.50	6.0	SSE	80.9	92.2	92.2	95.9	29.857	0.00	0.00	177	7.61	237	2.2	0.47	2.5	0.000	0.331	-52.3	0	---	-52.4	-52.4	 .0972	0.011	699	1	100.0	30
08/17/20	1:30 p	80.5	81.1	80.4	100	80.5	0.0	SSE	0.00	5.0	SSE	80.5	91.1	91.1	94.4	29.857	0.00	0.00	158	6.79	234	2.0	0.43	2.7	0.000	0.323	-52.3	0	---	-52.4	-52.4	 .0972	0.000	702	1	100.0	30
08/17/20	2:00 p	80.4	80.7	80.1	100	80.4	0.0	ESE	0.00	3.0	ESE	80.4	90.8	90.8	92.7	29.857	0.00	0.00	99	4.26	141	1.4	0.30	1.8	0.000	0.321	-52.3	0	---	-52.4	-52.4	 .0972	0.003	699	1	100.0	30
08/17/20	2:30 p	81.1	81.6	80.2	100	81.1	1.0	SE	0.50	4.0	ENE	81.1	92.8	92.8	98.2	29.857	0.00	0.00	218	9.38	390	2.2	0.47	4.7	0.000	0.335	-52.3	0	---	-52.4	-52.4	 .0972	0.000	701	1	100.0	30
08/17/20	3:00 p	84.3	84.3	81.2	100	84.3	2.0	SSE	1.00	7.0	S	84.3	104.5	104.5	116.9	29.804	0.00	0.00	568	24.43	849	3.3	0.71	4.3	0.000	0.402	-52.3	0	---	-52.4	-52.4	 .0970	0.010	699	1	100.0	30
08/17/20	3:30 p	82.2	84.9	82.1	100	82.2	2.0	SSE	1.00	5.0	S	82.2	96.4	96.4	107.7	29.807	0.00	0.00	414	17.80	833	2.2	0.47	3.5	0.000	0.358	-52.3	0	---	-52.4	-52.4	 .0970	0.000	699	1	100.0	30
08/17/20	4:00 p	81.6	82.9	81.5	100	81.6	1.0	ESE	0.50	5.0	SSE	81.6	94.4	94.4	101.0	29.807	0.00	0.00	191	8.21	339	0.9	0.19	1.6	0.000	0.346	-52.3	0	---	-52.4	-52.4	 .0970	0.008	699	1	100.0	30
08/17/20	4:30 p	80.6	81.7	80.6	100	80.6	0.0	ESE	0.00	2.0	ESE	80.6	91.3	91.3	93.2	29.807	0.00	0.00	55	2.37	91	0.0	0.00	0.0	0.000	0.325	-52.3	0	---	-52.4	-52.4	 .0970	0.000	703	1	100.0	30
08/17/20	5:00 p	80.2	80.6	80.2	100	80.2	0.0	W	0.00	1.0	W	80.2	90.2	90.2	90.2	29.805	0.00	0.00	37	1.59	44	0.0	0.00	0.0	0.000	0.317	-52.3	0	---	-52.4	-52.4	 .0970	0.001	701	1	100.0	30
08/17/20	5:30 p	79.4	80.2	79.1	100	79.4	0.0	W	0.00	2.0	W	79.4	87.9	87.9	87.3	29.815	0.00	0.00	16	0.69	26	0.0	0.00	0.0	0.000	0.300	-52.3	0	---	-52.4	-52.4	 .0971	0.000	702	1	100.0	30
08/17/20	6:00 p	78.9	79.4	78.9	100	78.9	0.0	W	0.00	1.0	W	78.9	86.6	86.6	85.6	29.693	0.00	0.00	1	0.04	7	0.0	0.00	0.0	0.000	0.290	-52.3	0	---	-52.4	-52.4	 .0967	0.000	698	1	100.0	30
08/17/20	6:30 p	78.3	78.9	78.2	100	78.3	0.0	W	0.00	1.0	W	78.3	85.1	85.1	84.1	29.826	0.00	0.00	0	0.00	0	0.0	0.00	0.0	0.000	0.277	-52.3	0	---	-52.4	-52.4	 .0971	0.000	703	1	100.0	30
08/17/20	7:00 p	77.7	78.3	77.7	100	77.7	0.0	W	0.00	1.0	W	77.7	83.7	83.7	82.6	29.826	0.00	0.00	0	0.00	0	0.0	0.00	0.0	0.000	0.265	-52.3	0	---	-52.4	-52.4	 .0971	0.000	702	1	100.0	30
08/17/20	7:30 p	77.1	77.7	77.1	100	77.1	0.0	---	0.00	0.0	---	77.1	82.4	82.4	81.3	29.832	0.00	0.00	0	0.00	0	0.0	0.00	0.0	0.000	0.252	-52.3	0	---	-52.4	-52.4	 .0971	0.000	703	1	100.0	30
08/17/20	8:00 p	76.9	77.2	76.8	100	76.9	0.0	---	0.00	0.0	---	76.9	82.0	82.0	80.9	29.832	0.00	0.00	0	0.00	0	0.0	0.00	0.0	0.000	0.248	-52.3	0	---	-52.4	-52.4	 .0971	0.000	700	1	100.0	30
08/17/20	8:30 p	76.6	76.9	76.6	100	76.6	0.0	---	0.00	0.0	---	76.6	81.4	81.4	80.3	29.848	0.00	0.00	0	0.00	0	0.0	0.00	0.0	0.000	0.242	-52.3	0	---	-52.4	-52.4	 .0972	0.000	699	1	100.0	30
08/17/20	9:00 p	76.5	76.6	76.4	100	76.5	0.0	---	0.00	0.0	---	76.5	81.3	81.3	80.2	29.693	0.00	0.00	0	0.00	0	0.0	0.00	0.0	0.000	0.240	-52.3	0	---	-52.4	-52.4	 .0967	0.000	701	1	100.0	30
08/17/20	9:30 p	76.4	76.6	76.3	100	76.4	0.0	---	0.00	0.0	---	76.4	81.1	81.1	80.0	29.713	0.00	0.00	0	0.00	0	0.0	0.00	0.0	0.000	0.238	-52.3	0	---	-52.4	-52.4	 .0967	0.000	701	1	100.0	30
08/17/20	10:00 p	76.1	76.4	76.0	100	76.1	0.0	---	0.00	0.0	---	76.1	80.5	80.5	79.4	29.693	0.00	0.00	0	0.00	0	0.0	0.00	0.0	0.000	0.231	-52.3	0	---	-52.4	-52.4	 .0967	0.000	700	1	100.0	30
08/17/20	10:30 p	75.8	76.1	75.8	100	75.8	0.0	---	0.00	0.0	---	75.8	80.0	80.0	78.8	29.871	0.00	0.00	0	0.00	0	0.0	0.00	0.0	0.000	0.225	-52.3	0	---	-52.4	-52.4	 .0973	0.000	693	1	100.0	30
08/17/20	11:00 p	76.0	76.0	75.7	100	76.0	0.0	---	0.00	0.0	---	76.0	80.3	80.3	79.2	29.871	0.00	0.00	0	0.00	0	0.0	0.00	0.0	0.000	0.229	-52.3	0	---	-52.4	-52.4	 .0973	0.000	701	1	100.0	30
08/17/20	11:30 p	76.1	76.1	76.0	100	76.1	0.0	---	0.00	0.0	---	76.1	80.5	80.5	79.4	29.871	0.00	0.00	0	0.00	0	0.0	0.00	0.0	0.000	0.231	-52.3	0	---	-52.4	-52.4	 .0973	0.000	699	1	100.0	30
08/18/20	12:00 a	76.3	76.5	76.1	100	76.3	0.0	---	0.00	0.0	---	76.3	80.9	80.9	79.8	29.871	0.00	0.00	0	0.00	0	0.0	0.00	0.0	0.000	0.235	-52.3	0	---	-52.4	-52.4	 .0973	0.000	700	1	100.0	30
08/18/20	12:30 a	76.4	76.5	76.3	100	76.4	0.0	---	0.00	0.0	---	76.4	81.1	81.1	80.0	29.871	0.00	0.00	0	0.00	0	0.0	0.00	0.0	0.000	0.238	-52.3	0	---	-52.4	-52.4	 .0973	0.000	697	1	100.0	30
08/18/20	1:00 a	76.5	76.6	76.4	100	76.5	0.0	---	0.00	0.0	---	76.5	81.3	81.3	80.2	29.840	0.00	0.00	0	0.00	0	0.0	0.00	0.0	0.000	0.240	-52.3	0	---	-52.4	-52.4	 .0972	0.000	697	1	100.0	30
08/18/20	1:30 a	76.6	76.7	76.5	100	76.6	0.0	---	0.00	0.0	---	76.6	81.4	81.4	80.3	29.843	0.00	0.00	0	0.00	0	0.0	0.00	0.0	0.000	0.242	-52.3	0	---	-52.4	-52.4	 .0972	0.000	699	1	100.0	30
08/18/20	2:00 a	76.0	76.6	76.0	100	76.0	0.0	---	0.00	0.0	---	76.0	80.3	80.3	79.2	29.843	0.00	0.00	0	0.00	0	0.0	0.00	0.0	0.000	0.229	-52.3	0	---	-52.4	-52.4	 .0972	0.000	697	1	100.0	30
08/18/20	2:30 a	75.5	76.0	75.5	100	75.5	0.0	---	0.00	0.0	---	75.5	79.6	79.6	78.4	29.843	0.00	0.00	0	0.00	0	0.0	0.00	0.0	0.000	0.219	-52.3	0	---	-52.4	-52.4	 .0972	0.000	699	1	100.0	30
08/18/20	3:00 a	75.5	75.5	75.3	100	75.5	0.0	W	0.00	1.0	W	75.5	79.6	79.6	78.4	29.843	0.00	0.00	0	0.00	0	0.0	0.00	0.0	0.000	0.219	-52.3	0	---	-52.4	-52.4	 .0972	0.000	700	1	100.0	30
08/18/20	3:30 a	74.9	75.5	74.9	100	74.9	0.0	---	0.00	0.0	---	74.9	78.7	78.7	77.5	29.843	0.00	0.00	0	0.00	0	0.0	0.00	0.0	0.000	0.206	-52.3	0	---	-52.4	-52.4	 .0972	0.000	702	1	100.0	30
08/18/20	4:00 a	74.7	75.0	74.7	100	74.7	0.0	W	0.00	2.0	W	74.7	78.4	78.4	77.2	29.843	0.00	0.00	0	0.00	0	0.0	0.00	0.0	0.000	0.202	-52.3	0	---	-52.4	-52.4	 .0972	0.000	701	1	100.0	30
08/18/20	4:30 a	74.6	74.8	74.6	100	74.6	0.0	---	0.00	0.0	---	74.6	78.3	78.3	77.1	29.843	0.00	0.00	0	0.00	0	0.0	0.00	0.0	0.000	0.200	-52.3	0	---	-52.4	-52.4	 .0972	0.000	701	1	100.0	30
08/18/20	5:00 a	74.3	74.7	74.3	100	74.3	0.0	---	0.00	0.0	---	74.3	78.0	78.0	76.8	29.843	0.00	0.00	0	0.00	0	0.0	0.00	0.0	0.000	0.194	-52.3	0	---	-52.4	-52.4	 .0972	0.000	700	1	100.0	30
08/18/20	5:30 a	74.4	74.6	74.3	100	74.4	0.0	---	0.00	0.0	---	74.4	78.1	78.1	76.9	29.843	0.00	0.00	0	0.00	5	0.0	0.00	0.0	0.000	0.196	-52.3	0	---	-52.4	-52.4	 .0972	0.000	698	1	100.0	30
08/18/20	6:00 a	75.0	75.0	74.5	100	75.0	0.0	---	0.00	0.0	---	75.0	78.8	78.8	78.0	29.693	0.00	0.00	16	0.69	28	0.0	0.00	0.0	0.000	0.208	-52.3	0	---	-52.4	-52.4	 .0967	0.000	693	1	100.0	30
08/18/20	6:30 a	75.7	75.8	75.0	100	75.7	0.0	---	0.00	0.0	---	75.7	79.8	79.8	80.5	29.693	0.00	0.00	34	1.46	40	0.0	0.00	0.0	0.000	0.223	-52.3	0	---	-52.4	-52.4	 .0967	0.000	695	1	100.0	30
08/18/20	7:00 a	76.5	76.5	75.6	100	76.5	0.0	W	0.00	1.0	W	76.5	81.3	81.3	82.2	29.693	0.00	0.00	43	1.85	46	0.0	0.00	0.0	0.000	0.240	-52.3	0	---	-52.4	-52.4	 .0967	0.001	700	1	100.0	30
08/18/20	7:30 a	77.6	77.6	76.5	100	77.6	0.0	W	0.00	2.0	W	77.6	83.5	83.5	84.7	29.693	0.00	0.00	57	2.45	97	0.3	0.06	1.0	0.000	0.262	-52.3	0	---	-52.4	-52.4	 .0967	0.000	700	1	100.0	30
08/18/20	8:00 a	79.2	79.3	77.5	100	79.2	1.0	WSW	0.50	4.0	S	79.2	87.4	87.4	96.3	29.693	0.00	0.00	346	14.88	517	1.6	0.34	2.2	0.000	0.296	-52.3	0	---	-52.4	-52.4	 .0967	0.005	700	1	100.0	30
08/18/20	8:30 a	80.4	80.9	79.1	100	80.4	1.0	S	0.50	4.0	S	80.4	90.8	90.8	102.1	29.845	0.00	0.00	523	22.49	636	2.8	0.60	3.5	0.000	0.321	-52.3	0	---	-52.4	-52.4	 .0972	0.000	703	1	100.0	30
08/18/20	9:00 a	81.6	83.0	80.2	100	81.6	1.0	SE	0.50	4.0	SE	81.6	94.4	94.4	104.6	29.860	0.00	0.00	480	20.64	765	3.6	0.77	4.6	0.000	0.346	-52.3	0	---	-52.4	-52.4	 .0972	0.012	699	1	100.0	30
08/18/20	9:30 a	82.9	82.9	81.2	100	82.9	1.0	S	0.50	3.0	S	82.9	98.9	98.9	107.3	29.856	0.00	0.00	387	16.64	884	4.2	0.90	6.1	0.000	0.373	-52.3	0	---	-52.4	-52.4	 .0972	0.000	700	1	100.0	30
08/18/20	10:00 a	83.2	83.4	82.3	100	83.2	1.0	S	0.50	3.0	S	83.2	100.0	100.0	108.8	29.856	0.00	0.00	411	17.68	766	4.7	1.01	8.0	0.000	0.379	-52.3	0	---	-52.4	-52.4	 .0972	0.012	700	1	100.0	30
08/18/20	10:30 a	85.0	85.6	83.2	100	85.0	1.0	SSW	0.50	4.0	SSW	85.0	107.6	107.6	120.9	29.861	0.00	0.00	879	37.80	1095	8.2	1.76	9.3	0.000	0.417	-52.3	0	---	-52.4	-52.4	 .0972	0.000	697	1	100.0	30
08/18/20	11:00 a	84.2	85.5	83.8	100	84.2	1.0	S	0.50	5.0	SW	84.2	104.0	104.0	115.9	29.861	0.00	0.00	610	26.23	1074	6.8	1.46	9.1	0.000	0.400	-52.3	0	---	-52.4	-52.4	 .0972	0.019	699	1	100.0	30
08/18/20	11:30 a	83.8	84.4	83.3	100	83.8	1.0	WSW	0.50	4.0	S	83.8	102.3	102.3	111.6	29.844	0.00	0.00	431	18.54	601	5.3	1.14	7.0	0.000	0.392	-52.3	0	---	-52.4	-52.4	 .0972	0.000	699	1	100.0	30
08/18/20	12:00 p	84.5	85.5	83.0	100	84.5	1.0	WSW	0.50	4.0	SSE	84.5	105.3	105.3	115.3	29.853	0.00	0.00	470	20.21	780	6.1	1.31	11.0	0.000	0.406	-52.3	0	---	-52.4	-52.4	 .0972	0.012	702	1	100.0	30
08/18/20	12:30 p	85.2	86.2	84.0	100	85.2	2.0	SSW	1.00	6.0	S	85.2	108.7	108.7	120.5	29.853	0.00	0.00	1002	43.09	1181	9.3	1.99	10.8	0.000	0.421	-52.3	0	---	-52.4	-52.4	 .0972	0.000	699	1	100.0	30
08/18/20	1:00 p	83.0	85.1	82.9	100	83.0	1.0	S	0.50	5.0	WSW	83.0	99.2	99.2	105.1	29.830	0.00	0.00	264	11.35	357	3.4	0.73	7.1	0.000	0.375	-52.3	0	---	-52.4	-52.4	 .0971	0.016	702	1	100.0	30
08/18/20	1:30 p	82.9	83.6	82.8	100	82.9	1.0	SSW	0.50	4.0	SSW	82.9	98.9	98.9	105.2	29.812	0.00	0.00	284	12.21	429	3.1	0.66	4.2	0.000	0.373	-52.3	0	---	-52.4	-52.4	 .0971	0.000	699	1	100.0	30
08/18/20	2:00 p	82.5	83.2	82.5	100	82.5	1.0	SE	0.50	4.0	SSE	82.5	97.4	97.4	102.9	29.812	0.00	0.00	235	10.11	278	2.7	0.58	3.2	0.000	0.365	-52.3	0	---	-52.4	-52.4	 .0971	0.006	700	1	100.0	30
08/18/20	2:30 p	83.4	84.2	82.5	100	83.4	1.0	S	0.50	6.0	S	83.4	100.8	100.8	108.7	29.812	0.00	0.00	323	13.89	733	3.3	0.71	4.9	0.000	0.383	-52.3	0	---	-52.4	-52.4	 .0971	0.000	702	1	100.0	30
08/18/20	3:00 p	85.0	85.0	83.3	100	85.0	1.0	SE	0.50	5.0	SSE	85.0	107.6	107.6	119.8	29.812	0.00	0.00	589	25.33	800	3.5	0.75	4.6	0.000	0.417	-52.3	0	---	-52.4	-52.4	 .0971	0.012	701	1	100.0	30
08/18/20	3:30 p	84.7	85.4	84.2	100	84.7	2.0	SE	1.00	5.0	ESE	84.7	106.2	106.2	119.7	29.777	0.00	0.00	542	23.31	675	2.6	0.56	3.3	0.000	0.410	-52.3	0	---	-52.4	-52.4	 .0970	0.000	703	1	100.0	30
08/18/20	4:00 p	82.3	84.7	82.2	100	82.3	1.0	SE	0.50	4.0	NE	82.3	96.8	96.8	103.2	29.777	0.00	0.00	182	7.83	374	0.9	0.19	1.9	0.000	0.360	-52.3	0	---	-52.4	-52.4	 .0970	0.009	702	1	100.0	30
08/18/20	4:30 p	81.2	82.3	80.9	100	81.2	0.0	SE	0.00	3.0	ESE	81.2	93.1	93.1	94.6	29.777	0.00	0.00	44	1.89	95	0.0	0.00	0.5	0.000	0.337	-52.3	0	---	-52.4	-52.4	 .0970	0.000	702	1	100.0	30
08/18/20	5:00 p	80.0	81.2	79.9	100	80.0	1.0	SE	0.50	2.0	SE	80.0	89.6	89.6	89.5	29.777	0.01	0.00	34	1.46	40	0.0	0.00	0.0	0.000	0.313	-52.3	0	---	-52.4	-52.4	 .0970	0.001	700	1	100.0	30
08/18/20	5:30 p	79.8	80.0	79.5	100	79.8	1.0	SE	0.50	6.0	S	79.8	89.0	89.0	88.4	29.777	0.00	0.00	14	0.60	25	0.0	0.00	0.0	0.000	0.308	-52.3	0	---	-52.4	-52.4	 .0970	0.000	699	1	100.0	30
08/18/20	6:00 p	79.6	79.8	79.6	100	79.6	2.0	S	1.00	11.0	S	79.6	88.5	88.5	87.6	29.777	0.01	0.60	0	0.00	0	0.0	0.00	0.0	0.000	0.304	-52.3	0	---	-52.4	-52.4	 .0970	0.000	698	1	100.0	30
08/18/20	6:30 p	78.0	79.6	78.0	100	78.0	1.0	N	0.50	9.0	SSE	78.0	84.4	84.4	83.4	29.825	0.16	1.16	0	0.00	0	0.0	0.00	0.0	0.000	0.271	-52.3	0	---	-52.4	-52.4	 .0971	0.000	700	1	100.0	30
08/18/20	7:00 p	76.5	78.0	76.4	100	76.5	1.0	NNE	0.50	4.0	N	76.5	81.3	81.3	80.2	29.086	1.14	5.54	0	0.00	0	0.0	0.00	0.0	0.000	0.240	-52.3	0	---	-52.4	-52.4	 .0947	0.000	699	1	100.0	30
08/18/20	7:30 p	76.5	76.5	76.3	100	76.5	0.0	NE	0.00	2.0	NE	76.5	81.3	81.3	80.2	29.852	0.52	4.47	0	0.00	0	0.0	0.00	0.0	0.000	0.240	-52.3	0	---	-52.4	-52.4	 .0972	0.000	701	1	100.0	30
08/18/20	8:00 p	76.2	76.5	76.2	100	76.2	1.0	SSE	0.50	4.0	NNW	76.2	80.7	80.7	79.6	29.856	0.39	3.37	0	0.00	0	0.0	0.00	0.0	0.000	0.233	-52.3	0	---	-52.4	-52.4	 .0972	0.000	699	1	100.0	30
08/18/20	8:30 p	76.2	76.3	76.1	100	76.2	0.0	SSE	0.00	3.0	SSE	76.2	80.7	80.7	79.6	29.856	0.07	0.30	0	0.00	0	0.0	0.00	0.0	0.000	0.233	-52.3	0	---	-52.4	-52.4	 .0972	0.000	701	1	100.0	30
08/18/20	9:00 p	75.8	76.2	75.8	100	75.8	0.0	NW	0.00	2.0	NW	75.8	80.0	80.0	78.9	29.856	0.13	0.36	0	0.00	0	0.0	0.00	0.0	0.000	0.225	-52.3	0	---	-52.4	-52.4	 .0972	0.000	702	1	100.0	30
08/18/20	9:30 p	75.3	75.9	75.2	100	75.3	0.0	WNW	0.00	2.0	NW	75.3	79.3	79.3	78.2	29.912	0.10	0.32	0	0.00	0	0.0	0.00	0.0	0.000	0.215	-52.3	0	---	-52.4	-52.4	 .0974	0.000	698	1	100.0	30
08/18/20	10:00 p	74.5	75.2	74.4	100	74.5	1.0	SW	0.50	6.0	W	74.5	78.2	78.2	77.0	29.693	0.06	0.20	0	0.00	0	0.0	0.00	0.0	0.000	0.198	-52.3	0	---	-52.4	-52.4	 .0967	0.000	702	1	100.0	30
08/18/20	10:30 p	74.6	74.7	74.4	100	74.6	0.0	W	0.00	2.0	W	74.6	78.3	78.3	77.1	29.693	0.02	0.15	0	0.00	0	0.0	0.00	0.0	0.000	0.200	-52.3	0	---	-52.4	-52.4	 .0967	0.000	699	1	100.0	30
08/18/20	11:00 p	74.4	74.6	74.4	100	74.4	0.0	W	0.00	2.0	W	74.4	78.1	78.1	76.9	29.086	0.07	0.24	0	0.00	0	0.0	0.00	0.0	0.000	0.196	-52.3	0	---	-52.4	-52.4	 .0947	0.000	699	1	100.0	30
08/18/20	11:30 p	74.3	74.5	74.3	100	74.3	0.0	---	0.00	0.0	---	74.3	78.0	78.0	76.8	29.086	0.05	0.17	0	0.00	0	0.0	0.00	0.0	0.000	0.194	-52.3	0	---	-52.4	-52.4	 .0947	0.000	701	1	100.0	30
08/19/20	12:00 a	74.0	74.4	74.0	100	74.0	0.0	W	0.00	3.0	ENE	74.0	77.6	77.6	76.4	29.086	0.04	0.11	0	0.00	0	0.0	0.00	0.0	0.000	0.188	-52.3	0	---	-52.4	-52.4	 .0947	0.000	701	1	100.0	30
08/19/20	12:30 a	74.0	74.3	74.0	100	74.0	0.0	ENE	0.00	1.0	ENE	74.0	77.6	77.6	76.4	29.086	0.02	0.06	0	0.00	0	0.0	0.00	0.0	0.000	0.188	-52.3	0	---	-52.4	-52.4	 .0947	0.000	698	1	100.0	30
08/19/20	1:00 a	73.9	74.0	73.9	100	73.9	0.0	---	0.00	0.0	---	73.9	77.5	77.5	76.3	29.086	0.00	0.00	0	0.00	0	0.0	0.00	0.0	0.000	0.185	-52.3	0	---	-52.4	-52.4	 .0947	0.000	702	1	100.0	30
08/19/20	1:30 a	74.0	74.0	73.9	100	74.0	0.0	---	0.00	0.0	---	74.0	77.6	77.6	76.4	29.086	0.01	0.00	0	0.00	0	0.0	0.00	0.0	0.000	0.188	-52.3	0	---	-52.4	-52.4	 .0947	0.000	701	1	100.0	30
08/19/20	2:00 a	73.9	74.2	73.8	100	73.9	0.0	---	0.00	0.0	---	73.9	77.5	77.5	76.3	29.086	0.00	0.00	0	0.00	0	0.0	0.00	0.0	0.000	0.185	-52.3	0	---	-52.4	-52.4	 .0947	0.000	702	1	100.0	30
08/19/20	2:30 a	73.9	74.0	73.8	100	73.9	0.0	---	0.00	0.0	---	73.9	77.5	77.5	76.3	29.086	0.00	0.00	0	0.00	0	0.0	0.00	0.0	0.000	0.185	-52.3	0	---	-52.4	-52.4	 .0947	0.000	700	1	100.0	30
08/19/20	3:00 a	74.2	74.4	73.9	100	74.2	0.0	ENE	0.00	1.0	ENE	74.2	77.8	77.8	76.6	29.086	0.00	0.00	0	0.00	0	0.0	0.00	0.0	0.000	0.192	-52.3	0	---	-52.4	-52.4	 .0947	0.000	699	1	100.0	30
08/19/20	3:30 a	74.5	74.5	74.2	100	74.5	0.0	ENE	0.00	1.0	ENE	74.5	78.2	78.2	77.0	29.086	0.00	0.00	0	0.00	0	0.0	0.00	0.0	0.000	0.198	-52.3	0	---	-52.4	-52.4	 .0947	0.000	702	1	100.0	30
08/19/20	4:00 a	74.4	74.6	74.4	100	74.4	0.0	ENE	0.00	2.0	ENE	74.4	78.1	78.1	76.9	29.086	0.00	0.00	0	0.00	0	0.0	0.00	0.0	0.000	0.196	-52.3	0	---	-52.4	-52.4	 .0947	0.000	702	1	100.0	30
08/19/20	4:30 a	74.6	74.6	74.4	100	74.6	0.0	---	0.00	0.0	---	74.6	78.3	78.3	77.1	29.086	0.00	0.00	0	0.00	0	0.0	0.00	0.0	0.000	0.200	-52.3	0	---	-52.4	-52.4	 .0947	0.000	699	1	100.0	30
08/19/20	5:00 a	74.3	74.6	74.2	100	74.3	0.0	ENE	0.00	1.0	ENE	74.3	78.0	78.0	76.8	29.086	0.00	0.00	0	0.00	0	0.0	0.00	0.0	0.000	0.194	-52.3	0	---	-52.4	-52.4	 .0947	0.000	700	1	100.0	30
08/19/20	5:30 a	73.8	74.3	73.7	100	73.8	0.0	ENE	0.00	1.0	ENE	73.8	77.4	77.4	76.2	29.086	0.00	0.00	0	0.00	0	0.0	0.00	0.0	0.000	0.183	-52.3	0	---	-52.4	-52.4	 .0947	0.000	700	1	100.0	30
08/19/20	6:00 a	73.9	74.0	73.7	100	73.9	0.0	---	0.00	0.0	---	73.9	77.5	77.5	76.6	29.086	0.00	0.00	16	0.69	28	0.0	0.00	0.0	0.000	0.185	-52.3	0	---	-52.4	-52.4	 .0947	0.000	699	1	100.0	30
08/19/20	6:30 a	74.5	74.6	73.9	100	74.5	0.0	ENE	0.00	1.0	ENE	74.5	78.2	78.2	79.6	29.086	0.00	0.00	48	2.06	67	0.0	0.00	0.0	0.000	0.198	-52.3	0	---	-52.4	-52.4	 .0947	0.000	702	1	100.0	30
08/19/20	7:00 a	75.3	75.3	74.4	100	75.3	0.0	ENE	0.00	1.0	ENE	75.3	79.3	79.3	81.8	29.086	0.00	0.00	84	3.61	105	0.0	0.00	0.0	0.000	0.215	-52.3	0	---	-52.4	-52.4	 .0947	0.002	699	1	100.0	30
08/19/20	7:30 a	76.4	76.5	75.2	100	76.4	0.0	ENE	0.00	1.0	ENE	76.4	81.1	81.1	85.4	29.086	0.00	0.00	151	6.49	197	0.6	0.13	1.0	0.000	0.238	-52.3	0	---	-52.4	-52.4	 .0947	0.000	700	1	100.0	30
08/19/20	8:00 a	77.2	77.3	76.4	100	77.2	0.0	ENE	0.00	2.0	ENE	77.2	82.6	82.6	88.6	29.854	0.00	0.00	229	9.85	239	1.3	0.28	1.5	0.000	0.254	-52.3	0	---	-52.4	-52.4	 .0972	0.005	701	1	100.0	30
08/19/20	8:30 a	77.7	78.0	77.1	100	77.7	0.0	ENE	0.00	2.0	ENE	77.7	83.7	83.7	88.5	29.693	0.00	0.00	205	8.82	229	1.5	0.32	1.6	0.000	0.265	-52.3	0	---	-52.4	-52.4	 .0967	0.000	700	1	100.0	30
08/19/20	9:00 a	77.9	78.4	77.6	100	77.9	0.0	ENE	0.00	1.0	ENE	77.9	84.2	84.2	89.1	29.693	0.00	0.00	224	9.63	236	1.8	0.39	1.9	0.000	0.269	-52.3	0	---	-52.4	-52.4	 .0967	0.005	703	1	100.0	30
08/19/20	9:30 a	78.7	78.9	77.6	100	78.7	0.0	ENE	0.00	2.0	ENE	78.7	86.1	86.1	91.2	29.693	0.00	0.00	233	10.02	251	2.1	0.45	2.3	0.000	0.285	-52.3	0	---	-52.4	-52.4	 .0967	0.000	700	1	100.0	30
08/19/20	10:00 a	79.4	79.6	78.3	100	79.4	0.0	ENE	0.00	2.0	ENE	79.4	87.9	87.9	94.0	29.693	0.00	0.00	283	12.17	404	2.6	0.56	3.6	0.000	0.300	-52.3	0	---	-52.4	-52.4	 .0967	0.006	701	1	100.0	30
08/19/20	10:30 a	80.0	80.4	79.5	100	80.0	1.0	S	0.50	3.0	WSW	80.0	89.6	89.6	97.1	29.693	0.00	0.00	348	14.97	422	3.5	0.75	3.8	0.000	0.313	-52.3	0	---	-52.4	-52.4	 .0967	0.000	702	1	100.0	30
08/19/20	11:00 a	80.9	81.3	79.9	100	80.9	1.0	SW	0.50	5.0	SSE	80.9	92.2	92.2	100.7	29.693	0.00	0.00	395	16.99	476	4.1	0.88	4.9	0.000	0.331	-52.3	0	---	-52.4	-52.4	 .0967	0.009	702	1	100.0	30
08/19/20	11:30 a	81.0	81.3	80.5	100	81.0	1.0	SSW	0.50	5.0	SSE	81.0	92.5	92.5	99.6	29.858	0.00	0.00	318	13.68	388	3.4	0.73	4.0	0.000	0.333	-52.3	0	---	-52.4	-52.4	 .0972	0.000	700	1	100.0	30
08/19/20	12:00 p	81.9	82.5	80.7	100	81.9	1.0	SSW	0.50	3.0	WSW	81.9	95.4	95.4	105.3	29.834	0.00	0.00	475	20.43	552	5.2	1.11	5.8	0.000	0.352	-52.3	0	---	-52.4	-52.4	 .0971	0.010	701	1	100.0	30
08/19/20	12:30 p	82.8	82.9	81.3	100	82.8	1.0	SSW	0.50	3.0	N	82.8	98.5	98.5	110.0	29.829	0.00	0.00	587	25.24	684	6.2	1.33	6.9	0.000	0.371	-52.3	0	---	-52.4	-52.4	 .0971	0.000	699	1	100.0	30
08/19/20	1:00 p	83.2	84.0	82.3	100	83.2	1.0	SW	0.50	4.0	SSE	83.2	100.0	100.0	112.9	29.825	0.00	0.00	743	31.95	846	7.1	1.52	8.1	0.000	0.379	-52.3	0	---	-52.4	-52.4	 .0971	0.017	701	1	100.0	30
08/19/20	1:30 p	84.1	84.9	83.3	100	84.1	1.0	S	0.50	5.0	SSW	84.1	103.5	103.5	116.3	29.825	0.00	0.00	926	39.82	1071	7.9	1.69	9.0	0.000	0.398	-52.3	0	---	-52.4	-52.4	 .0971	0.000	700	1	100.0	30
08/19/20	2:00 p	83.4	84.8	82.9	100	83.4	1.0	SSE	0.50	6.0	S	83.4	100.8	100.8	113.4	29.825	0.00	0.00	670	28.81	1020	5.9	1.26	7.8	0.000	0.383	-52.3	0	---	-52.4	-52.4	 .0971	0.021	700	1	100.0	30
08/19/20	2:30 p	83.8	83.8	83.1	100	83.8	1.0	SE	0.50	5.0	SSW	83.8	102.3	102.3	114.6	29.796	0.00	0.00	594	25.55	962	4.5	0.96	6.0	0.000	0.392	-52.3	0	---	-52.4	-52.4	 .0970	0.000	700	1	100.0	30
08/19/20	3:00 p	83.9	84.3	83.2	100	83.9	1.0	SSW	0.50	5.0	SSE	83.9	102.7	102.7	117.4	29.796	0.00	0.00	708	30.45	919	4.0	0.86	5.2	0.000	0.394	-52.3	0	---	-52.4	-52.4	 .0970	0.016	699	1	100.0	30
08/19/20	3:30 p	82.6	84.4	82.6	100	82.6	1.0	SSE	0.50	6.0	S	82.6	97.8	97.8	108.5	29.693	0.00	0.00	382	16.43	812	2.3	0.49	3.9	0.000	0.367	-52.3	0	---	-52.4	-52.4	 .0967	0.000	699	1	100.0	30
08/19/20	4:00 p	80.6	82.7	80.6	100	80.6	1.0	SSE	0.50	4.0	SSE	80.6	91.3	91.3	95.1	29.792	0.01	0.00	115	4.95	199	0.5	0.11	0.9	0.000	0.325	-52.3	0	---	-52.4	-52.4	 .0970	0.007	701	1	100.0	30
08/19/20	4:30 p	78.6	80.6	78.5	100	78.6	2.0	SSE	1.00	7.0	ESE	78.6	85.8	85.8	87.9	29.792	0.02	0.30	61	2.62	125	0.0	0.00	0.0	0.000	0.283	-52.3	0	---	-52.4	-52.4	 .0970	0.000	702	1	100.0	30
08/19/20	5:00 p	77.8	78.6	77.8	100	77.8	1.0	NE	0.50	5.0	SE	77.8	84.0	84.0	83.4	29.792	0.07	0.24	19	0.82	26	0.0	0.00	0.0	0.000	0.267	-52.3	0	---	-52.4	-52.4	 .0970	0.001	700	1	100.0	30
08/19/20	5:30 p	77.4	77.9	77.3	100	77.4	1.0	E	0.50	4.0	NE	77.4	83.1	83.1	82.2	29.792	0.09	0.52	6	0.26	19	0.0	0.00	0.0	0.000	0.258	-52.3	0	---	-52.4	-52.4	 .0970	0.000	701	1	100.0	30
08/19/20	6:00 p	77.6	77.6	77.3	100	77.6	0.0	E	0.00	2.0	E	77.6	83.5	83.5	82.4	29.792	0.04	0.12	0	0.00	0	0.0	0.00	0.0	0.000	0.262	-52.3	0	---	-52.4	-52.4	 .0970	0.000	701	1	100.0	30
08/19/20	6:30 p	77.4	77.6	77.3	100	77.4	1.0	ESE	0.50	4.0	SE	77.4	83.1	83.1	82.0	29.792	0.07	0.35	0	0.00	0	0.0	0.00	0.0	0.000	0.258	-52.3	0	---	-52.4	-52.4	 .0970	0.000	700	1	100.0	30
08/19/20	7:00 p	76.9	77.3	76.7	100	76.9	1.0	NE	0.50	4.0	ESE	76.9	82.0	82.0	80.9	29.830	0.20	1.20	0	0.00	0	0.0	0.00	0.0	0.000	0.248	-52.3	0	---	-52.4	-52.4	 .0971	0.000	701	1	100.0	30
08/19/20	7:30 p	77.0	77.1	76.8	100	77.0	1.0	NE	0.50	3.0	NNE	77.0	82.2	82.2	81.1	29.832	0.13	0.58	0	0.00	0	0.0	0.00	0.0	0.000	0.250	-52.3	0	---	-52.4	-52.4	 .0971	0.000	701	1	100.0	30
08/19/20	8:00 p	76.0	77.1	76.0	100	76.0	1.0	NE	0.50	4.0	NE	76.0	80.3	80.3	79.2	29.832	0.36	2.63	0	0.00	0	0.0	0.00	0.0	0.000	0.229	-52.3	0	---	-52.4	-52.4	 .0971	0.000	700	1	100.0	30
08/19/20	8:30 p	75.7	76.0	75.5	100	75.7	1.0	ENE	0.50	3.0	ENE	75.7	79.8	79.8	78.6	29.087	0.57	1.94	0	0.00	0	0.0	0.00	0.0	0.000	0.223	-52.3	0	---	-52.4	-52.4	 .0947	0.000	699	1	100.0	30
08/19/20	9:00 p	75.3	75.7	75.3	100	75.3	1.0	NNE	0.50	3.0	NNE	75.3	79.3	79.3	78.1	29.256	0.71	2.43	0	0.00	0	0.0	0.00	0.0	0.000	0.215	-52.3	0	---	-52.4	-52.4	 .0953	0.000	703	1	100.0	30
08/19/20	9:30 p	75.2	75.5	75.2	100	75.2	0.0	NNE	0.00	5.0	ENE	75.2	79.1	79.1	77.9	29.256	0.31	1.19	0	0.00	0	0.0	0.00	0.0	0.000	0.212	-52.3	0	---	-52.4	-52.4	 .0953	0.000	698	1	100.0	30
08/19/20	10:00 p	74.2	75.2	74.2	100	74.2	2.0	N	1.00	8.0	NNE	74.2	77.8	77.8	76.6	29.256	0.12	0.83	0	0.00	0	0.0	0.00	0.0	0.000	0.192	-52.3	0	---	-52.4	-52.4	 .0953	0.000	703	1	100.0	30
08/19/20	10:30 p	74.2	74.3	74.1	100	74.2	1.0	NE	0.50	4.0	N	74.2	77.8	77.8	76.6	29.256	0.02	0.07	0	0.00	0	0.0	0.00	0.0	0.000	0.192	-52.3	0	---	-52.4	-52.4	 .0953	0.000	701	1	100.0	30
08/19/20	11:00 p	74.6	74.6	74.2	100	74.6	0.0	NNE	0.00	4.0	NNE	74.6	78.3	78.3	77.1	29.256	0.04	0.08	0	0.00	0	0.0	0.00	0.0	0.000	0.200	-52.3	0	---	-52.4	-52.4	 .0953	0.000	701	1	100.0	30
08/19/20	11:30 p	74.6	74.7	74.5	100	74.6	0.0	ENE	0.00	1.0	ENE	74.6	78.3	78.3	77.1	29.865	0.08	0.23	0	0.00	0	0.0	0.00	0.0	0.000	0.200	-52.3	0	---	-52.4	-52.4	 .0972	0.000	700	1	100.0	30
08/20/20	12:00 a	74.5	74.7	74.5	100	74.5	0.0	ENE	0.00	2.0	ENE	74.5	78.2	78.2	77.0	29.865	0.09	0.29	0	0.00	0	0.0	0.00	0.0	0.000	0.198	-52.3	0	---	-52.4	-52.4	 .0972	0.000	700	1	100.0	30
08/20/20	12:30 a	74.4	74.7	74.3	100	74.4	0.0	ENE	0.00	2.0	ENE	74.4	78.1	78.1	76.9	29.865	0.08	0.25	0	0.00	0	0.0	0.00	0.0	0.000	0.196	-52.3	0	---	-52.4	-52.4	 .0972	0.000	699	1	100.0	30
08/20/20	1:00 a	74.2	74.4	74.2	100	74.2	0.0	ESE	0.00	1.0	ESE	74.2	77.8	77.8	76.6	29.865	0.10	0.25	0	0.00	0	0.0	0.00	0.0	0.000	0.192	-52.3	0	---	-52.4	-52.4	 .0972	0.000	702	1	100.0	30
08/20/20	1:30 a	74.1	74.2	74.1	100	74.1	0.0	ESE	0.00	2.0	ESE	74.1	77.7	77.7	76.5	29.865	0.07	0.21	0	0.00	0	0.0	0.00	0.0	0.000	0.190	-52.3	0	---	-52.4	-52.4	 .0972	0.000	700	1	100.0	30
08/20/20	2:00 a	74.0	74.2	74.0	100	74.0	0.0	---	0.00	0.0	---	74.0	77.6	77.6	76.4	29.865	0.07	0.19	0	0.00	0	0.0	0.00	0.0	0.000	0.188	-52.3	0	---	-52.4	-52.4	 .0972	0.000	700	1	100.0	30
08/20/20	2:30 a	73.9	74.1	73.9	100	73.9	0.0	ESE	0.00	1.0	ESE	73.9	77.5	77.5	76.2	29.814	0.04	0.19	0	0.00	0	0.0	0.00	0.0	0.000	0.185	-52.3	0	---	-52.4	-52.4	 .0971	0.000	703	1	100.0	30
08/20/20	3:00 a	73.5	74.0	73.4	100	73.5	0.0	ESE	0.00	2.0	ESE	73.5	77.1	77.1	75.8	29.814	0.02	0.06	0	0.00	0	0.0	0.00	0.0	0.000	0.177	-52.3	0	---	-52.4	-52.4	 .0971	0.000	701	1	100.0	30
08/20/20	3:30 a	73.4	73.7	73.4	100	73.4	0.0	ESE	0.00	1.0	ESE	73.4	77.0	77.0	75.7	29.814	0.00	0.00	0	0.00	0	0.0	0.00	0.0	0.000	0.175	-52.3	0	---	-52.4	-52.4	 .0971	0.000	700	1	100.0	30
08/20/20	4:00 a	73.4	73.5	73.3	100	73.4	0.0	ESE	0.00	1.0	ESE	73.4	77.0	77.0	75.7	29.814	0.01	0.00	0	0.00	0	0.0	0.00	0.0	0.000	0.175	-52.3	0	---	-52.4	-52.4	 .0971	0.000	701	1	100.0	30
08/20/20	4:30 a	73.4	73.5	73.3	100	73.4	0.0	---	0.00	0.0	---	73.4	77.0	77.0	75.7	29.814	0.00	0.00	0	0.00	0	0.0	0.00	0.0	0.000	0.175	-52.3	0	---	-52.4	-52.4	 .0971	0.000	702	1	100.0	30
08/20/20	5:00 a	73.3	73.5	73.3	100	73.3	0.0	ESE	0.00	1.0	ESE	73.3	76.9	76.9	75.6	29.814	0.01	0.00	0	0.00	0	0.0	0.00	0.0	0.000	0.173	-52.3	0	---	-52.4	-52.4	 .0971	0.000	698	1	100.0	30
08/20/20	5:30 a	73.2	73.4	73.2	100	73.2	0.0	ESE	0.00	1.0	ESE	73.2	76.8	76.8	75.5	29.830	0.00	0.00	0	0.00	0	0.0	0.00	0.0	0.000	0.171	-52.3	0	---	-52.4	-52.4	 .0971	0.000	702	1	100.0	30
08/20/20	6:00 a	73.7	73.7	73.2	100	73.7	0.0	---	0.00	0.0	---	73.7	77.3	77.3	76.5	29.830	0.00	0.00	21	0.90	46	0.0	0.00	0.0	0.000	0.181	-52.3	0	---	-52.4	-52.4	 .0971	0.000	699	1	100.0	30
08/20/20	6:30 a	74.4	74.4	73.7	100	74.4	0.0	---	0.00	0.0	---	74.4	78.1	78.1	80.0	29.830	0.00	0.00	60	2.58	69	0.0	0.00	0.0	0.000	0.196	-52.3	0	---	-52.4	-52.4	 .0971	0.000	696	1	100.0	30
08/20/20	7:00 a	75.3	75.4	74.4	100	75.3	0.0	---	0.00	0.0	---	75.3	79.3	79.3	82.3	29.830	0.00	0.00	98	4.21	141	0.1	0.02	0.5	0.000	0.215	-52.3	0	---	-52.4	-52.4	 .0971	0.002	702	1	100.0	30
08/20/20	7:30 a	76.3	76.7	75.3	100	76.3	0.0	---	0.00	0.0	---	76.3	80.9	80.9	86.5	29.830	0.00	0.00	190	8.17	223	0.8	0.17	1.0	0.000	0.235	-52.3	0	---	-52.4	-52.4	 .0971	0.000	701	1	100.0	30
08/20/20	8:00 a	77.6	77.9	76.3	100	77.6	0.0	ESE	0.00	2.0	ESE	77.6	83.5	83.5	90.3	29.830	0.00	0.00	263	11.31	316	1.4	0.30	1.8	0.000	0.262	-52.3	0	---	-52.4	-52.4	 .0971	0.005	701	1	100.0	30
08/20/20	8:30 a	77.8	78.3	77.2	100	77.8	0.0	ESE	0.00	3.0	ESE	77.8	84.0	84.0	90.1	29.830	0.00	0.00	258	11.10	315	1.8	0.39	2.0	0.000	0.267	-52.3	0	---	-52.4	-52.4	 .0971	0.000	697	1	100.0	30
08/20/20	9:00 a	78.6	78.7	77.4	100	78.6	0.0	ESE	0.00	2.0	ESE	78.6	85.8	85.8	91.2	29.830	0.00	0.00	240	10.32	269	2.0	0.43	2.2	0.000	0.283	-52.3	0	---	-52.4	-52.4	 .0971	0.006	700	1	100.0	30
08/20/20	9:30 a	78.6	78.7	77.9	100	78.6	1.0	SW	0.50	5.0	SSW	78.6	85.8	85.8	91.6	29.830	0.00	0.00	264	11.35	336	2.5	0.54	3.2	0.000	0.283	-52.3	0	---	-52.4	-52.4	 .0971	0.000	697	1	100.0	30
08/20/20	10:00 a	77.4	79.1	77.4	100	77.4	1.0	SSW	0.50	6.0	SSW	77.4	83.1	83.1	88.0	29.830	0.00	0.00	234	10.06	304	2.4	0.51	3.0	0.000	0.258	-52.3	0	---	-52.4	-52.4	 .0971	0.006	703	1	100.0	30
08/20/20	10:30 a	77.6	77.8	77.3	100	77.6	1.0	SW	0.50	6.0	SSW	77.6	83.5	83.5	86.5	29.830	0.00	0.00	155	6.67	199	1.7	0.36	2.1	0.000	0.262	-52.3	0	---	-52.4	-52.4	 .0971	0.000	701	1	100.0	30
08/20/20	11:00 a	77.6	78.3	77.4	100	77.6	0.0	E	0.00	3.0	SE	77.6	83.5	83.5	86.4	29.830	0.00	0.00	147	6.32	195	1.6	0.34	2.1	0.000	0.262	-52.3	0	---	-52.4	-52.4	 .0971	0.004	702	1	100.0	30
08/20/20	11:30 a	76.9	77.7	76.8	100	76.9	1.0	SE	0.50	6.0	SSE	76.9	82.0	82.0	83.7	29.830	0.00	0.00	102	4.39	116	1.2	0.26	1.3	0.000	0.248	-52.3	0	---	-52.4	-52.4	 .0971	0.000	699	1	100.0	30
08/20/20	12:00 p	77.3	77.4	76.7	100	77.3	1.0	SSW	0.50	5.0	SSE	77.3	82.9	82.9	85.5	29.830	0.00	0.00	136	5.85	211	1.5	0.32	2.4	0.000	0.256	-52.3	0	---	-52.4	-52.4	 .0971	0.003	700	1	100.0	30
08/20/20	12:30 p	77.5	77.8	77.1	100	77.5	1.0	SE	0.50	7.0	SSE	77.5	83.3	83.3	86.8	29.830	0.00	0.00	176	7.57	227	1.9	0.41	2.6	0.000	0.260	-52.3	0	---	-52.4	-52.4	 .0971	0.000	698	1	100.0	30
08/20/20	1:00 p	77.8	78.5	77.3	100	77.8	2.0	SE	1.00	8.0	S	77.8	84.0	84.0	89.1	29.830	0.00	0.00	239	10.28	329	2.5	0.54	3.5	0.000	0.267	-52.3	0	---	-52.4	-52.4	 .0971	0.005	700	1	100.0	30
08/20/20	1:30 p	76.9	77.8	76.8	100	76.9	1.0	SSE	0.50	7.0	SE	76.9	82.0	82.0	84.4	29.830	0.00	0.00	131	5.63	158	1.4	0.30	1.6	0.000	0.248	-52.3	0	---	-52.4	-52.4	 .0971	0.000	697	1	100.0	30
08/20/20	2:00 p	77.4	77.5	76.8	100	77.4	1.0	NE	0.50	4.0	NE	77.4	83.1	83.1	87.2	29.830	0.00	0.00	187	8.04	257	1.7	0.36	2.5	0.000	0.258	-52.3	0	---	-52.4	-52.4	 .0971	0.004	701	1	100.0	30
08/20/20	2:30 p	77.4	77.5	76.8	100	77.4	0.0	NE	0.00	3.0	SSE	77.4	83.1	83.1	84.8	29.830	0.00	0.00	88	3.78	128	0.7	0.15	1.2	0.000	0.258	-52.3	0	---	-52.4	-52.4	 .0971	0.000	699	1	100.0	30
08/20/20	3:00 p	77.4	77.5	76.8	100	77.4	0.0	NE	0.00	2.0	NE	77.4	83.1	83.1	84.3	29.830	0.01	0.00	65	2.80	83	0.4	0.09	0.7	0.000	0.258	-52.3	0	---	-52.4	-52.4	 .0971	0.002	701	1	100.0	30
08/20/20	3:30 p	77.2	77.9	77.2	100	77.2	0.0	NE	0.00	2.0	NE	77.2	82.6	82.6	86.4	29.830	0.01	0.00	135	5.81	151	0.9	0.19	1.0	0.000	0.254	-52.3	0	---	-52.4	-52.4	 .0971	0.000	700	1	100.0	30
08/20/20	4:00 p	77.5	77.7	76.8	100	77.5	0.0	NE	0.00	2.0	NE	77.5	83.3	83.3	86.3	29.830	0.00	0.00	96	4.13	125	0.4	0.09	0.7	0.000	0.260	-52.3	0	---	-52.4	-52.4	 .0971	0.003	700	1	100.0	30
08/20/20	4:30 p	77.4	77.7	77.3	100	77.4	0.0	NE	0.00	1.0	NE	77.4	83.1	83.1	84.8	29.693	0.00	0.00	52	2.24	67	0.0	0.00	0.0	0.000	0.258	-52.3	0	---	-52.4	-52.4	 .0967	0.000	701	1	100.0	30
08/20/20	5:00 p	77.3	77.6	77.1	100	77.3	0.0	NE	0.00	1.0	NE	77.3	82.9	82.9	83.2	29.812	0.00	0.00	56	2.41	77	0.0	0.00	0.0	0.000	0.256	-52.3	0	---	-52.4	-52.4	 .0971	0.001	700	1	100.0	30
08/20/20	5:30 p	76.7	77.4	76.7	100	76.7	0.0	E	0.00	2.0	NE	76.7	81.6	81.6	80.7	29.817	0.00	0.00	10	0.43	37	0.0	0.00	0.0	0.000	0.244	-52.3	0	---	-52.4	-52.4	 .0971	0.000	701	1	100.0	30
08/20/20	6:00 p	76.4	76.8	76.3	100	76.4	1.0	E	0.50	2.0	E	76.4	81.1	81.1	80.0	29.828	0.00	0.00	1	0.04	5	0.0	0.00	0.0	0.000	0.238	-52.3	0	---	-52.4	-52.4	 .0971	0.000	699	1	100.0	30
08/20/20	6:30 p	76.2	76.5	76.2	100	76.2	0.0	ESE	0.00	4.0	SSE	76.2	80.7	80.7	79.6	29.828	0.00	0.00	0	0.00	0	0.0	0.00	0.0	0.000	0.233	-52.3	0	---	-52.4	-52.4	 .0971	0.000	701	1	100.0	30
08/20/20	7:00 p	75.8	76.2	75.8	100	75.8	1.0	ESE	0.50	4.0	SSE	75.8	80.0	80.0	78.8	29.087	0.01	0.00	0	0.00	0	0.0	0.00	0.0	0.000	0.225	-52.3	0	---	-52.4	-52.4	 .0947	0.000	703	1	100.0	30
08/20/20	7:30 p	75.7	76.0	75.6	100	75.7	0.0	ENE	0.00	3.0	ENE	75.7	79.8	79.8	78.6	29.087	0.00	0.00	0	0.00	0	0.0	0.00	0.0	0.000	0.223	-52.3	0	---	-52.4	-52.4	 .0947	0.000	700	1	100.0	30
08/20/20	8:00 p	75.7	75.8	75.6	100	75.7	0.0	ENE	0.00	1.0	ENE	75.7	79.8	79.8	78.6	29.087	0.00	0.00	0	0.00	0	0.0	0.00	0.0	0.000	0.223	-52.3	0	---	-52.4	-52.4	 .0947	0.000	701	1	100.0	30
08/20/20	8:30 p	75.7	75.8	75.5	100	75.7	0.0	ENE	0.00	1.0	ENE	75.7	79.8	79.8	78.6	29.087	0.00	0.00	0	0.00	0	0.0	0.00	0.0	0.000	0.223	-52.3	0	---	-52.4	-52.4	 .0947	0.000	702	1	100.0	30
08/20/20	9:00 p	75.2	75.7	75.2	100	75.2	0.0	ENE	0.00	1.0	ENE	75.2	79.1	79.1	77.9	29.087	0.00	0.00	0	0.00	0	0.0	0.00	0.0	0.000	0.212	-52.3	0	---	-52.4	-52.4	 .0947	0.000	702	1	100.0	30
08/20/20	9:30 p	75.2	75.3	75.1	100	75.2	0.0	ENE	0.00	1.0	ENE	75.2	79.1	79.1	77.9	29.087	0.00	0.00	0	0.00	0	0.0	0.00	0.0	0.000	0.212	-52.3	0	---	-52.4	-52.4	 .0947	0.000	697	1	100.0	30
08/20/20	10:00 p	75.0	75.2	74.9	100	75.0	0.0	ENE	0.00	1.0	ENE	75.0	78.8	78.8	77.6	29.087	0.00	0.00	0	0.00	0	0.0	0.00	0.0	0.000	0.208	-52.3	0	---	-52.4	-52.4	 .0947	0.000	699	1	100.0	30
08/20/20	10:30 p	75.0	75.2	75.0	100	75.0	0.0	ENE	0.00	1.0	ENE	75.0	78.8	78.8	77.6	29.087	0.00	0.00	0	0.00	0	0.0	0.00	0.0	0.000	0.208	-52.3	0	---	-52.4	-52.4	 .0947	0.000	699	1	100.0	30
08/20/20	11:00 p	74.7	75.0	74.7	100	74.7	0.0	ENE	0.00	1.0	ENE	74.7	78.4	78.4	77.2	19.390	0.00	0.00	0	0.00	0	0.0	0.00	0.0	0.000	0.202	-52.3	0	---	-52.4	-52.4	 .0631	0.000	700	1	100.0	30
08/20/20	11:30 p	74.5	74.8	74.4	100	74.5	0.0	---	0.00	0.0	---	74.5	78.2	78.2	77.0	19.390	0.00	0.00	0	0.00	0	0.0	0.00	0.0	0.000	0.198	-52.3	0	---	-52.4	-52.4	 .0631	0.000	702	1	100.0	30
08/21/20	12:00 a	74.2	74.5	74.1	100	74.2	0.0	ENE	0.00	1.0	ENE	74.2	77.8	77.8	76.6	19.390	0.00	0.00	0	0.00	0	0.0	0.00	0.0	0.000	0.192	-52.3	0	---	-52.4	-52.4	 .0631	0.000	700	1	100.0	30
08/21/20	12:30 a	74.1	74.2	73.9	100	74.1	0.0	---	0.00	0.0	---	74.1	77.7	77.7	76.5	19.390	0.00	0.00	0	0.00	0	0.0	0.00	0.0	0.000	0.190	-52.3	0	---	-52.4	-52.4	 .0631	0.000	648	1	94.7	30
08/21/20	1:00 a	74.0	74.0	73.9	100	74.0	0.0	---	0.00	0.0	---	74.0	77.6	77.6	76.4	19.390	0.00	0.00	0	0.00	0	0.0	0.00	0.0	0.000	0.188	-52.3	0	---	-52.4	-52.4	 .0631	0.000	700	1	100.0	30
08/21/20	1:30 a	74.0	74.0	73.8	100	74.0	0.0	---	0.00	0.0	---	74.0	77.6	77.6	76.4	19.390	0.00	0.00	0	0.00	0	0.0	0.00	0.0	0.000	0.188	-52.3	0	---	-52.4	-52.4	 .0631	0.000	701	1	100.0	30
08/21/20	2:00 a	74.0	74.1	73.9	100	74.0	0.0	ENE	0.00	1.0	ENE	74.0	77.6	77.6	76.4	19.390	0.00	0.00	0	0.00	0	0.0	0.00	0.0	0.000	0.188	-52.3	0	---	-52.4	-52.4	 .0631	0.000	701	1	100.0	30
08/21/20	2:30 a	74.0	74.1	73.9	100	74.0	0.0	---	0.00	0.0	---	74.0	77.6	77.6	76.4	19.391	0.00	0.00	0	0.00	0	0.0	0.00	0.0	0.000	0.188	-52.3	0	---	-52.4	-52.4	 .0631	0.000	700	1	100.0	30
08/21/20	3:00 a	74.0	74.2	73.9	100	74.0	0.0	---	0.00	0.0	---	74.0	77.6	77.6	76.4	19.391	0.00	0.00	0	0.00	0	0.0	0.00	0.0	0.000	0.188	-52.3	0	---	-52.4	-52.4	 .0631	0.000	698	1	100.0	30
08/21/20	3:30 a	74.4	74.4	74.0	100	74.4	0.0	ENE	0.00	1.0	ENE	74.4	78.1	78.1	76.9	19.391	0.00	0.00	0	0.00	0	0.0	0.00	0.0	0.000	0.196	-52.3	0	---	-52.4	-52.4	 .0631	0.000	699	1	100.0	30
08/21/20	4:00 a	74.7	74.8	74.4	100	74.7	0.0	ENE	0.00	2.0	ENE	74.7	78.4	78.4	77.2	19.391	0.00	0.00	0	0.00	0	0.0	0.00	0.0	0.000	0.202	-52.3	0	---	-52.4	-52.4	 .0631	0.000	697	1	100.0	30
08/21/20	4:30 a	74.5	74.7	74.5	100	74.5	1.0	NNE	0.50	5.0	NW	74.5	78.2	78.2	77.0	19.391	0.00	0.00	0	0.00	0	0.0	0.00	0.0	0.000	0.198	-52.3	0	---	-52.4	-52.4	 .0631	0.000	701	1	100.0	30
08/21/20	5:00 a	74.4	74.6	74.4	100	74.4	1.0	NNW	0.50	4.0	NE	74.4	78.1	78.1	76.9	19.390	0.00	0.00	0	0.00	0	0.0	0.00	0.0	0.000	0.196	-52.3	0	---	-52.4	-52.4	 .0631	0.000	698	1	100.0	30
08/21/20	5:30 a	74.1	74.5	74.1	100	74.1	0.0	NNW	0.00	1.0	NNW	74.1	77.7	77.7	76.5	19.390	0.00	0.00	0	0.00	0	0.0	0.00	0.0	0.000	0.190	-52.3	0	---	-52.4	-52.4	 .0631	0.000	701	1	100.0	30
08/21/20	6:00 a	74.5	74.5	74.0	100	74.5	0.0	NNW	0.00	1.0	NNW	74.5	78.2	78.2	77.6	29.749	0.00	0.00	24	1.03	51	0.0	0.00	0.0	0.000	0.198	-52.3	0	---	-52.4	-52.4	 .0969	0.000	700	1	100.0	30
08/21/20	6:30 a	74.9	75.1	74.5	100	74.9	0.0	NNW	0.00	1.0	NNW	74.9	78.7	78.7	80.2	29.693	0.00	0.00	51	2.19	60	0.0	0.00	0.0	0.000	0.206	-52.3	0	---	-52.4	-52.4	 .0967	0.000	701	1	100.0	30
08/21/20	7:00 a	75.6	75.7	75.0	100	75.6	0.0	NNW	0.00	1.0	NNW	75.6	79.7	79.7	81.0	29.693	0.00	0.00	53	2.28	176	0.1	0.02	0.6	0.000	0.221	-52.3	0	---	-52.4	-52.4	 .0967	0.001	699	1	100.0	30
08/21/20	7:30 a	76.7	76.9	75.7	100	76.7	0.0	NNW	0.00	2.0	NNW	76.7	81.6	81.6	85.8	29.852	0.01	0.00	148	6.36	185	0.6	0.13	0.7	0.000	0.244	-52.3	0	---	-52.4	-52.4	 .0972	0.000	699	1	100.0	30
08/21/20	8:00 a	77.5	78.2	76.6	100	77.5	0.0	NNW	0.00	2.0	NNW	77.5	83.3	83.3	88.2	29.852	0.00	0.00	192	8.26	336	1.1	0.24	1.4	0.000	0.260	-52.3	0	---	-52.4	-52.4	 .0972	0.004	701	1	100.0	30
08/21/20	8:30 a	78.2	78.8	77.6	100	78.2	0.0	WSW	0.00	2.0	WSW	78.2	84.9	84.9	90.4	29.873	0.00	0.00	227	9.76	276	1.8	0.39	2.4	0.000	0.275	-52.3	0	---	-52.4	-52.4	 .0973	0.000	700	1	100.0	30
08/21/20	9:00 a	79.5	79.9	78.3	100	79.5	0.0	WSW	0.00	3.0	S	79.5	88.2	88.2	98.6	29.883	0.00	0.00	496	21.33	788	3.5	0.75	4.4	0.000	0.302	-52.3	0	---	-52.4	-52.4	 .0973	0.009	700	1	100.0	30
08/21/20	9:30 a	80.5	80.9	79.3	100	80.5	1.0	SSW	0.50	4.0	S	80.5	91.1	91.1	99.5	29.889	0.00	0.00	391	16.82	810	4.4	0.94	6.7	0.000	0.323	-52.3	0	---	-52.4	-52.4	 .0973	0.000	699	1	100.0	30
08/21/20	10:00 a	81.1	82.1	80.5	100	81.1	1.0	W	0.50	5.0	S	81.1	92.8	92.8	104.6	29.891	0.00	0.00	620	26.66	868	5.7	1.22	7.5	0.000	0.335	-52.3	0	---	-52.4	-52.4	 .0973	0.014	702	1	100.0	30
08/21/20	10:30 a	80.4	81.3	80.2	100	80.4	1.0	S	0.50	6.0	S	80.4	90.8	90.8	98.4	29.892	0.00	0.00	353	15.18	454	4.0	0.86	6.6	0.000	0.321	-52.3	0	---	-52.4	-52.4	 .0973	0.000	700	1	100.0	30
08/21/20	11:00 a	80.5	81.1	80.3	100	80.5	1.0	SW	0.50	6.0	W	80.5	91.1	91.1	99.8	29.878	0.01	0.00	406	17.46	527	4.5	0.96	5.4	0.000	0.323	-52.3	0	---	-52.4	-52.4	 .0973	0.010	702	1	100.0	30
08/21/20	11:30 a	80.3	80.8	80.1	100	80.3	1.0	S	0.50	4.0	SSW	80.3	90.5	90.5	97.9	29.693	0.00	0.00	333	14.32	455	3.9	0.84	5.1	0.000	0.319	-52.3	0	---	-52.4	-52.4	 .0967	0.000	701	1	100.0	30
08/21/20	12:00 p	78.7	80.5	78.7	100	78.7	0.0	ESE	0.00	2.0	SE	78.7	86.1	86.1	89.5	29.863	0.04	0.10	168	7.22	232	2.1	0.45	2.8	0.000	0.285	-52.3	0	---	-52.4	-52.4	 .0972	0.006	698	1	100.0	30
08/21/20	12:30 p	78.0	78.9	77.8	100	78.0	0.0	SW	0.00	2.0	SW	78.0	84.4	84.4	86.2	29.855	0.08	0.64	102	4.39	120	1.4	0.30	1.7	0.000	0.271	-52.3	0	---	-52.4	-52.4	 .0972	0.000	700	1	100.0	30
08/21/20	1:00 p	78.0	78.6	77.8	100	78.0	0.0	SSW	0.00	2.0	SSW	78.0	84.4	84.4	86.7	29.693	0.04	0.11	124	5.33	174	1.6	0.34	2.3	0.000	0.271	-52.3	0	---	-52.4	-52.4	 .0967	0.003	701	1	100.0	30
08/21/20	1:30 p	78.7	79.2	77.9	100	78.7	1.0	SSW	0.50	4.0	WSW	78.7	86.1	86.1	92.7	29.825	0.01	0.07	304	13.07	420	3.0	0.64	4.0	0.000	0.285	-52.3	0	---	-52.4	-52.4	 .0971	0.000	700	1	100.0	30
08/21/20	2:00 p	77.9	78.8	77.8	100	77.9	1.0	SW	0.50	4.0	S	77.9	84.2	84.2	86.2	29.820	0.09	1.42	109	4.69	146	1.2	0.26	1.6	0.000	0.269	-52.3	0	---	-52.4	-52.4	 .0971	0.005	698	1	100.0	30
08/21/20	2:30 p	76.6	77.9	76.4	100	76.6	0.0	WSW	0.00	1.0	WSW	76.6	81.4	81.4	81.8	29.693	0.65	2.85	43	1.85	60	0.0	0.00	0.7	0.000	0.242	-52.3	0	---	-52.4	-52.4	 .0967	0.000	703	1	100.0	30
08/21/20	3:00 p	76.8	77.0	76.5	100	76.8	0.0	WSW	0.00	2.0	WSW	76.8	81.8	81.8	82.1	19.517	0.10	0.39	36	1.55	39	0.0	0.00	0.0	0.000	0.246	-52.3	0	---	-52.4	-52.4	 .0635	0.001	700	1	100.0	30
08/21/20	3:30 p	76.8	76.9	76.6	100	76.8	0.0	S	0.00	1.0	WSW	76.8	81.8	81.8	82.1	29.693	0.07	0.57	32	1.38	42	0.0	0.00	0.0	0.000	0.246	-52.3	0	---	-52.4	-52.4	 .0967	0.000	700	1	100.0	30
08/21/20	4:00 p	76.7	77.0	76.6	100	76.7	0.0	ENE	0.00	3.0	ENE	76.7	81.6	81.6	81.9	29.811	0.00	0.00	27	1.16	32	0.0	0.00	0.0	0.000	0.244	-52.3	0	---	-52.4	-52.4	 .0971	0.001	700	1	100.0	30
08/21/20	4:30 p	76.2	76.8	76.1	100	76.2	0.0	ENE	0.00	2.0	ENE	76.2	80.7	80.7	80.9	29.693	0.00	0.00	22	0.95	28	0.0	0.00	0.0	0.000	0.233	-52.3	0	---	-52.4	-52.4	 .0967	0.000	702	1	100.0	30
08/21/20	5:00 p	75.8	76.2	75.7	100	75.8	0.0	ENE	0.00	2.0	ENE	75.8	80.0	80.0	79.2	29.693	0.00	0.00	14	0.60	18	0.0	0.00	0.0	0.000	0.225	-52.3	0	---	-52.4	-52.4	 .0967	0.000	701	1	100.0	30
08/21/20	5:30 p	75.5	75.9	75.5	100	75.5	0.0	ENE	0.00	1.0	ENE	75.5	79.6	79.6	78.6	29.693	0.00	0.00	4	0.17	9	0.0	0.00	0.0	0.000	0.219	-52.3	0	---	-52.4	-52.4	 .0967	0.000	699	1	100.0	30
08/21/20	6:00 p	75.3	75.5	75.2	100	75.3	0.0	SW	0.00	1.0	SW	75.3	79.3	79.3	78.2	29.693	0.00	0.00	0	0.00	0	0.0	0.00	0.0	0.000	0.215	-52.3	0	---	-52.4	-52.4	 .0967	0.000	699	1	100.0	30
08/21/20	6:30 p	75.3	75.5	75.2	100	75.3	0.0	SW	0.00	1.0	SW	75.3	79.3	79.3	78.2	29.693	0.00	0.00	0	0.00	0	0.0	0.00	0.0	0.000	0.215	-51.2	0	---	-51.3	-51.3	 .0964	0.000	701	1	100.0	30
08/21/20	7:00 p	75.4	75.5	75.3	100	75.4	0.0	SW	0.00	2.0	SW	75.4	79.4	79.4	78.3	29.693	0.00	0.00	0	0.00	0	0.0	0.00	0.0	0.000	0.217	-52.3	0	---	-52.4	-52.4	 .0967	0.000	702	1	100.0	30
08/21/20	7:30 p	75.6	75.7	75.3	100	75.6	0.0	SW	0.00	2.0	SW	75.6	79.7	79.7	78.6	29.693	0.00	0.00	0	0.00	0	0.0	0.00	0.0	0.000	0.221	-52.3	0	---	-52.4	-52.4	 .0967	0.000	701	1	100.0	30
08/21/20	8:00 p	75.7	75.7	75.5	100	75.7	0.0	SW	0.00	1.0	SW	75.7	79.8	79.8	78.7	29.693	0.00	0.00	0	0.00	0	0.0	0.00	0.0	0.000	0.223	-52.3	0	---	-52.4	-52.4	 .0967	0.000	701	1	100.0	30
08/21/20	8:30 p	75.5	75.7	75.5	100	75.5	0.0	SW	0.00	1.0	SW	75.5	79.6	79.6	78.5	29.693	0.00	0.00	0	0.00	0	0.0	0.00	0.0	0.000	0.219	-52.3	0	---	-52.4	-52.4	 .0967	0.000	701	1	100.0	30
08/21/20	9:00 p	75.7	75.7	75.4	100	75.7	0.0	SW	0.00	1.0	SW	75.7	79.8	79.8	78.7	29.693	0.00	0.00	0	0.00	0	0.0	0.00	0.0	0.000	0.223	-52.3	0	---	-52.4	-52.4	 .0967	0.000	702	1	100.0	30
08/21/20	9:30 p	75.8	75.8	75.5	100	75.8	0.0	SW	0.00	2.0	SW	75.8	80.0	80.0	78.9	29.693	0.00	0.00	0	0.00	0	0.0	0.00	0.0	0.000	0.225	-52.3	0	---	-52.4	-52.4	 .0967	0.000	701	1	100.0	30
08/21/20	10:00 p	75.8	75.9	75.7	100	75.8	0.0	SW	0.00	1.0	SW	75.8	80.0	80.0	78.9	29.693	0.00	0.00	0	0.00	0	0.0	0.00	0.0	0.000	0.225	-52.3	0	---	-52.4	-52.4	 .0967	0.000	700	1	100.0	30
08/21/20	10:30 p	75.6	75.8	75.5	100	75.6	0.0	SW	0.00	1.0	SW	75.6	79.7	79.7	78.6	29.996	0.01	0.00	0	0.00	0	0.0	0.00	0.0	0.000	0.221	-52.3	0	---	-52.4	-52.4	 .0977	0.000	701	1	100.0	30
08/21/20	11:00 p	75.5	75.7	75.4	100	75.5	0.0	SW	0.00	1.0	SW	75.5	79.6	79.6	78.5	29.996	0.00	0.00	0	0.00	0	0.0	0.00	0.0	0.000	0.219	-52.3	0	---	-52.4	-52.4	 .0977	0.000	700	1	100.0	30
08/21/20	11:30 p	75.6	75.7	75.5	100	75.6	0.0	SW	0.00	1.0	SW	75.6	79.7	79.7	78.6	29.996	0.00	0.00	0	0.00	0	0.0	0.00	0.0	0.000	0.221	-52.3	0	---	-52.4	-52.4	 .0977	0.000	698	1	100.0	30
08/22/20	12:00 a	75.2	75.6	75.1	100	75.2	0.0	SW	0.00	1.0	SW	75.2	79.1	79.1	78.0	29.996	0.00	0.00	0	0.00	0	0.0	0.00	0.0	0.000	0.212	-52.3	0	---	-52.4	-52.4	 .0977	0.000	702	1	100.0	30
08/22/20	12:30 a	75.0	75.3	75.0	100	75.0	0.0	SW	0.00	1.0	SW	75.0	78.8	78.8	77.7	29.996	0.00	0.00	0	0.00	0	0.0	0.00	0.0	0.000	0.208	-52.3	0	---	-52.4	-52.4	 .0977	0.000	698	1	100.0	30
08/22/20	1:00 a	74.4	75.1	74.4	100	74.4	0.0	SW	0.00	1.0	SW	74.4	78.1	78.1	77.0	19.390	0.00	0.00	0	0.00	0	0.0	0.00	0.0	0.000	0.196	-52.3	0	---	-52.4	-52.4	 .0631	0.000	701	1	100.0	30
08/22/20	1:30 a	73.9	74.4	73.9	100	73.9	0.0	SW	0.00	1.0	SW	73.9	77.5	77.5	76.3	29.693	0.00	0.00	0	0.00	0	0.0	0.00	0.0	0.000	0.185	-52.3	0	---	-52.4	-52.4	 .0967	0.000	700	1	100.0	30
08/22/20	2:00 a	73.7	73.9	73.6	100	73.7	0.0	SW	0.00	1.0	SW	73.7	77.3	77.3	76.1	29.693	0.00	0.00	0	0.00	0	0.0	0.00	0.0	0.000	0.181	-52.3	0	---	-52.4	-52.4	 .0967	0.000	700	1	100.0	30
08/22/20	2:30 a	73.4	73.7	73.3	100	73.4	0.0	NNE	0.00	2.0	NNE	73.4	77.0	77.0	75.8	29.693	0.00	0.00	0	0.00	0	0.0	0.00	0.0	0.000	0.175	-52.3	0	---	-52.4	-52.4	 .0967	0.000	699	1	100.0	30
08/22/20	3:00 a	73.3	73.6	73.3	100	73.3	1.0	NNE	0.50	4.0	NE	73.3	76.9	76.9	75.7	29.693	0.00	0.00	0	0.00	0	0.0	0.00	0.0	0.000	0.173	-52.3	0	---	-52.4	-52.4	 .0967	0.000	700	1	100.0	30
08/22/20	3:30 a	73.0	73.4	73.0	100	73.0	0.0	NE	0.00	1.0	NE	73.0	76.6	76.6	75.4	29.693	0.00	0.00	0	0.00	0	0.0	0.00	0.0	0.000	0.167	-52.3	0	---	-52.4	-52.4	 .0967	0.000	701	1	100.0	30
08/22/20	4:00 a	72.6	73.1	72.6	100	72.6	0.0	NE	0.00	3.0	N	72.6	76.2	76.2	75.0	29.693	0.00	0.00	0	0.00	0	0.0	0.00	0.0	0.000	0.158	-52.3	0	---	-52.4	-52.4	 .0967	0.000	700	1	100.0	30
08/22/20	4:30 a	72.7	72.9	72.6	100	72.7	0.0	N	0.00	1.0	N	72.7	76.3	76.3	75.1	29.693	0.00	0.00	0	0.00	0	0.0	0.00	0.0	0.000	0.160	-52.3	0	---	-52.4	-52.4	 .0967	0.000	701	1	100.0	30
08/22/20	5:00 a	72.9	73.0	72.6	100	72.9	0.0	---	0.00	0.0	---	72.9	76.5	76.5	75.3	29.693	0.00	0.00	0	0.00	0	0.0	0.00	0.0	0.000	0.165	-52.3	0	---	-52.4	-52.4	 .0967	0.000	702	1	100.0	30
08/22/20	5:30 a	73.2	73.2	72.9	100	73.2	0.0	N	0.00	1.0	N	73.2	76.8	76.8	75.6	29.693	0.00	0.00	0	0.00	0	0.0	0.00	0.0	0.000	0.171	-52.3	0	---	-52.4	-52.4	 .0967	0.000	702	1	100.0	30
08/22/20	6:00 a	73.5	73.5	73.1	100	73.5	0.0	N	0.00	1.0	N	73.5	77.1	77.1	76.1	------	0.00	0.00	8	0.34	14	0.0	0.00	0.0	0.000	0.177	-52.3	0	---	-52.4	-52.4	-52.4	0.000	699	1	100.0	30
08/22/20	6:30 a	73.8	73.8	73.4	100	73.8	0.0	---	0.00	0.0	---	73.8	77.4	77.4	77.4	19.390	0.00	0.00	19	0.82	30	0.0	0.00	0.0	0.000	0.183	-52.3	0	---	-52.4	-52.4	 .0631	0.000	701	1	100.0	30
08/22/20	7:00 a	74.9	74.9	73.8	100	74.9	0.0	---	0.00	0.0	---	74.9	78.7	78.7	80.3	19.390	0.00	0.00	62	2.67	79	0.0	0.00	0.0	0.000	0.206	-52.3	0	---	-52.4	-52.4	 .0631	0.001	703	1	100.0	30
08/22/20	7:30 a	75.5	75.5	74.8	100	75.5	0.0	WSW	0.00	1.0	WSW	75.5	79.6	79.6	81.6	19.390	0.00	0.00	84	3.61	95	0.2	0.04	0.5	0.000	0.219	-52.3	0	---	-52.4	-52.4	 .0631	0.000	700	1	100.0	30
08/22/20	8:00 a	76.0	76.0	75.5	100	76.0	0.0	WSW	0.00	1.0	WSW	76.0	80.3	80.3	81.7	19.390	0.00	0.00	73	3.14	107	0.3	0.06	0.7	0.000	0.229	-52.3	0	---	-52.4	-52.4	 .0631	0.002	699	1	100.0	30
08/22/20	8:30 a	77.0	77.1	76.0	100	77.0	0.0	WSW	0.00	1.0	WSW	77.0	82.2	82.2	85.1	19.390	0.00	0.00	134	5.76	171	0.9	0.19	1.3	0.000	0.250	-52.3	0	---	-52.4	-52.4	 .0631	0.000	700	1	100.0	30
08/22/20	9:00 a	78.3	79.3	76.9	100	78.3	0.0	WSW	0.00	2.0	WSW	78.3	85.1	85.1	92.5	19.390	0.00	0.00	333	14.32	594	2.3	0.49	3.6	0.000	0.277	-52.3	0	---	-52.4	-52.4	 .0631	0.006	701	1	100.0	30
08/22/20	9:30 a	79.4	79.9	78.2	100	79.4	0.0	ENE	0.00	2.0	ENE	79.4	87.9	87.9	95.8	19.390	0.00	0.00	367	15.78	404	3.4	0.73	3.9	0.000	0.300	-52.3	0	---	-52.4	-52.4	 .0631	0.000	699	1	100.0	30
08/22/20	10:00 a	80.5	80.9	78.6	100	80.5	0.0	ENE	0.00	2.0	ENE	80.5	91.1	91.1	99.1	19.390	0.00	0.00	374	16.08	508	3.7	0.79	4.8	0.000	0.323	-52.3	0	---	-52.4	-52.4	 .0631	0.009	701	1	100.0	30
08/22/20	10:30 a	79.4	80.5	79.4	100	79.4	0.0	ENE	0.00	2.0	ENE	79.4	87.9	87.9	93.6	19.390	0.00	0.00	260	11.18	322	2.8	0.60	3.4	0.000	0.300	-52.3	0	---	-52.4	-52.4	 .0631	0.000	701	1	100.0	30
08/22/20	11:00 a	79.1	79.5	79.0	100	79.1	0.0	ENE	0.00	1.0	ENE	79.1	87.1	87.1	88.8	19.390	0.00	0.00	98	4.21	183	1.0	0.21	2.0	0.000	0.294	-52.3	0	---	-52.4	-52.4	 .0631	0.004	700	1	100.0	30
08/22/20	11:30 a	80.1	80.1	78.8	100	80.1	0.0	ENE	0.00	1.0	ENE	80.1	89.9	89.9	93.8	29.878	0.00	0.00	182	7.83	265	1.8	0.39	2.7	0.000	0.315	-52.3	0	---	-52.4	-52.4	 .0973	0.000	699	1	100.0	30
08/22/20	12:00 p	80.4	80.5	79.4	100	80.4	0.0	ENE	0.00	1.0	ENE	80.4	90.8	90.8	97.8	29.868	0.00	0.00	319	13.72	357	3.4	0.73	3.8	0.000	0.321	-52.3	0	---	-52.4	-52.4	 .0972	0.006	699	1	100.0	30
08/22/20	12:30 p	81.3	81.4	79.8	100	81.3	1.0	SW	0.50	3.0	SSW	81.3	93.5	93.5	102.3	29.868	0.00	0.00	412	17.72	570	4.3	0.92	5.5	0.000	0.340	-52.3	0	---	-52.4	-52.4	 .0972	0.000	701	1	100.0	30
08/22/20	1:00 p	80.5	81.8	80.5	100	80.5	0.0	SE	0.00	2.0	SE	80.5	91.1	91.1	96.7	29.845	0.00	0.00	256	11.01	348	2.9	0.62	3.9	0.000	0.323	-52.3	0	---	-52.4	-52.4	 .0972	0.008	697	1	100.0	30
08/22/20	1:30 p	78.4	80.4	78.4	100	78.4	1.0	SE	0.50	3.0	ENE	78.4	85.4	85.4	87.2	29.693	0.07	0.73	103	4.43	160	1.1	0.24	1.6	0.000	0.279	-52.3	0	---	-52.4	-52.4	 .0967	0.000	700	1	100.0	30
08/22/20	2:00 p	79.3	79.4	78.4	100	79.3	0.0	NNE	0.00	2.0	NE	79.3	87.6	87.6	92.0	29.693	0.00	0.00	197	8.47	227	1.9	0.41	2.2	0.000	0.298	-52.3	0	---	-52.4	-52.4	 .0967	0.004	701	1	100.0	30
08/22/20	2:30 p	78.9	79.5	78.7	100	78.9	0.0	NNE	0.00	2.0	NNE	78.9	86.6	86.6	91.0	29.693	0.00	0.00	186	8.00	204	1.6	0.34	1.6	0.000	0.290	-52.3	0	---	-52.4	-52.4	 .0967	0.000	700	1	100.0	30
08/22/20	3:00 p	78.9	79.4	78.6	100	78.9	0.0	SSE	0.00	2.0	SSE	78.9	86.6	86.6	91.1	29.693	0.00	0.00	175	7.53	200	1.3	0.28	1.6	0.000	0.290	-52.3	0	---	-52.4	-52.4	 .0967	0.004	699	1	100.0	30
08/22/20	3:30 p	79.6	79.8	78.6	100	79.6	0.0	SSE	0.00	1.0	SSE	79.6	88.5	88.5	94.3	29.693	0.00	0.00	194	8.34	244	1.1	0.24	1.1	0.000	0.304	-52.3	0	---	-52.4	-52.4	 .0967	0.000	701	1	100.0	30
08/22/20	4:00 p	79.2	79.7	78.9	100	79.2	0.0	SSE	0.00	1.0	SSE	79.2	87.4	87.4	93.1	29.693	0.00	0.00	167	7.18	246	0.8	0.17	1.1	0.000	0.296	-52.3	0	---	-52.4	-52.4	 .0967	0.004	699	1	100.0	30
08/22/20	4:30 p	78.6	79.2	78.6	100	78.6	0.0	SSE	0.00	1.0	SSE	78.6	85.8	85.8	89.7	29.693	0.00	0.00	103	4.43	109	0.1	0.02	0.5	0.000	0.283	-52.3	0	---	-52.4	-52.4	 .0967	0.000	702	1	100.0	30
08/22/20	5:00 p	78.3	78.7	78.2	100	78.3	0.0	SSE	0.00	1.0	SSE	78.3	85.1	85.1	86.0	29.693	0.00	0.00	85	3.66	98	0.0	0.00	0.0	0.000	0.277	-52.3	0	---	-52.4	-52.4	 .0967	0.002	700	1	100.0	30
08/22/20	5:30 p	78.0	78.4	77.9	100	78.0	0.0	SSE	0.00	1.0	SSE	78.0	84.4	84.4	84.0	29.693	0.00	0.00	31	1.33	62	0.0	0.00	0.0	0.000	0.271	-52.3	0	---	-52.4	-52.4	 .0967	0.000	701	1	100.0	30
08/22/20	6:00 p	77.5	78.0	77.4	100	77.5	0.0	SSE	0.00	1.0	SSE	77.5	83.3	83.3	82.2	29.693	0.00	0.00	1	0.04	7	0.0	0.00	0.0	0.000	0.260	-52.3	0	---	-52.4	-52.4	 .0967	0.000	702	1	100.0	30
08/22/20	6:30 p	76.8	77.4	76.7	100	76.8	0.0	---	0.00	0.0	---	76.8	81.8	81.8	80.6	29.693	0.00	0.00	0	0.00	0	0.0	0.00	0.0	0.000	0.246	-52.3	0	---	-52.4	-52.4	 .0967	0.000	701	1	100.0	30
08/22/20	7:00 p	76.6	76.8	76.5	100	76.6	0.0	SE	0.00	1.0	SE	76.6	81.4	81.4	80.2	29.693	0.00	0.00	0	0.00	0	0.0	0.00	0.0	0.000	0.242	-52.3	0	---	-52.4	-52.4	 .0967	0.000	701	1	100.0	30
08/22/20	7:30 p	76.2	76.6	76.1	100	76.2	0.0	---	0.00	0.0	---	76.2	80.7	80.7	79.5	29.693	0.00	0.00	0	0.00	0	0.0	0.00	0.0	0.000	0.233	-52.3	0	---	-52.4	-52.4	 .0967	0.000	698	1	100.0	30
08/22/20	8:00 p	75.7	76.2	75.7	100	75.7	0.0	---	0.00	0.0	---	75.7	79.8	79.8	78.5	29.693	0.00	0.00	0	0.00	0	0.0	0.00	0.0	0.000	0.223	-52.3	0	---	-52.4	-52.4	 .0967	0.000	703	1	100.0	30
08/22/20	8:30 p	75.5	75.7	75.5	100	75.5	0.0	SE	0.00	2.0	SE	75.5	79.6	79.6	78.3	29.693	0.00	0.00	0	0.00	0	0.0	0.00	0.0	0.000	0.219	-52.3	0	---	-52.4	-52.4	 .0967	0.000	701	1	100.0	30
08/22/20	9:00 p	75.5	75.6	75.5	100	75.5	0.0	---	0.00	0.0	---	75.5	79.6	79.6	78.3	29.693	0.00	0.00	0	0.00	0	0.0	0.00	0.0	0.000	0.219	-52.3	0	---	-52.4	-52.4	 .0967	0.000	702	1	100.0	30
08/22/20	9:30 p	75.8	75.8	75.5	100	75.8	0.0	---	0.00	0.0	---	75.8	80.0	80.0	78.7	29.087	0.00	0.00	0	0.00	0	0.0	0.00	0.0	0.000	0.225	-52.3	0	---	-52.4	-52.4	 .0947	0.000	695	1	100.0	30
08/22/20	10:00 p	75.9	76.0	75.8	100	75.9	0.0	SE	0.00	1.0	SE	75.9	80.2	80.2	78.9	29.087	0.00	0.00	0	0.00	0	0.0	0.00	0.0	0.000	0.227	-52.3	0	---	-52.4	-52.4	 .0947	0.000	696	1	100.0	30
08/22/20	10:30 p	75.8	76.0	75.7	100	75.8	0.0	SE	0.00	1.0	SE	75.8	80.0	80.0	78.7	29.087	0.00	0.00	0	0.00	0	0.0	0.00	0.0	0.000	0.225	-52.3	0	---	-52.4	-52.4	 .0947	0.000	699	1	100.0	30
08/22/20	11:00 p	76.0	76.0	75.6	100	76.0	0.0	---	0.00	0.0	---	76.0	80.3	80.3	79.1	29.087	0.00	0.00	0	0.00	0	0.0	0.00	0.0	0.000	0.229	-52.3	0	---	-52.4	-52.4	 .0947	0.000	702	1	100.0	30
08/22/20	11:30 p	76.4	76.4	75.9	100	76.4	0.0	---	0.00	0.0	---	76.4	81.1	81.1	79.9	29.693	0.01	0.00	0	0.00	0	0.0	0.00	0.0	0.000	0.238	-52.3	0	---	-52.4	-52.4	 .0967	0.000	701	1	100.0	30
08/23/20	12:00 a	76.4	76.5	76.3	100	76.4	0.0	SE	0.00	1.0	SE	76.4	81.1	81.1	79.9	29.833	0.03	0.15	0	0.00	0	0.0	0.00	0.0	0.000	0.238	-52.3	0	---	-52.4	-52.4	 .0971	0.000	699	1	100.0	30
08/23/20	12:30 a	76.3	76.5	76.3	100	76.3	0.0	SE	0.00	1.0	SE	76.3	80.9	80.9	79.7	29.693	0.08	1.10	0	0.00	0	0.0	0.00	0.0	0.000	0.235	-52.3	0	---	-52.4	-52.4	 .0967	0.000	698	1	100.0	30
08/23/20	1:00 a	76.2	76.4	76.2	100	76.2	0.0	SE	0.00	2.0	SE	76.2	80.7	80.7	79.5	19.391	0.65	2.81	0	0.00	0	0.0	0.00	0.0	0.000	0.233	-51.7	0	---	-51.8	-51.8	 .0630	0.000	700	1	100.0	30
08/23/20	1:30 a	76.1	76.3	76.1	100	76.1	0.0	SE	0.00	3.0	SSE	76.1	80.5	80.5	79.3	19.391	0.46	2.73	0	0.00	0	0.0	0.00	0.0	0.000	0.231	-52.3	0	---	-52.4	-52.4	 .0631	0.000	698	1	100.0	30
08/23/20	2:00 a	75.0	76.1	75.0	100	75.0	1.0	ENE	0.50	3.0	SSE	75.0	78.8	78.8	77.5	19.391	0.05	0.18	0	0.00	0	0.0	0.00	0.0	0.000	0.208	-52.3	0	---	-52.4	-52.4	 .0631	0.000	700	1	100.0	30
08/23/20	2:30 a	74.2	75.0	74.2	100	74.2	1.0	NE	0.50	4.0	NE	74.2	77.8	77.8	76.5	29.693	0.01	0.07	0	0.00	0	0.0	0.00	0.0	0.000	0.192	-52.3	0	---	-52.4	-52.4	 .0967	0.000	698	1	100.0	30
08/23/20	3:00 a	74.0	74.5	74.0	100	74.0	0.0	ESE	0.00	3.0	ESE	74.0	77.6	77.6	76.3	29.693	0.00	0.00	0	0.00	0	0.0	0.00	0.0	0.000	0.188	-52.3	0	---	-52.4	-52.4	 .0967	0.000	700	1	100.0	30
08/23/20	3:30 a	73.4	74.1	73.4	100	73.4	0.0	ESE	0.00	2.0	ESE	73.4	77.0	77.0	75.6	29.087	0.01	0.00	0	0.00	0	0.0	0.00	0.0	0.000	0.175	-52.3	0	---	-52.4	-52.4	 .0947	0.000	699	1	100.0	30
08/23/20	4:00 a	73.1	73.4	73.1	100	73.1	0.0	ESE	0.00	1.0	ESE	73.1	76.7	76.7	75.3	29.807	0.00	0.00	0	0.00	0	0.0	0.00	0.0	0.000	0.169	-52.3	0	---	-52.4	-52.4	 .0970	0.000	701	1	100.0	30
08/23/20	4:30 a	73.2	73.3	73.1	100	73.2	0.0	ESE	0.00	1.0	ESE	73.2	76.8	76.8	75.4	29.815	0.00	0.00	0	0.00	0	0.0	0.00	0.0	0.000	0.171	-51.7	0	---	-51.8	-51.8	 .0969	0.000	702	1	100.0	30
08/23/20	5:00 a	73.3	73.3	73.1	100	73.3	0.0	ESE	0.00	1.0	ESE	73.3	76.9	76.9	75.5	19.391	0.00	0.00	0	0.00	0	0.0	0.00	0.0	0.000	0.173	-52.3	0	---	-52.4	-52.4	 .0631	0.000	702	1	100.0	30
08/23/20	5:30 a	73.5	73.6	73.2	100	73.5	0.0	---	0.00	0.0	---	73.5	77.1	77.1	75.9	29.815	0.00	0.00	7	0.30	42	0.0	0.00	0.0	0.000	0.177	-52.3	0	---	-52.4	-52.4	 .0971	0.000	702	1	100.0	30
08/23/20	6:00 a	74.8	74.8	73.6	100	74.8	0.0	S	0.00	3.0	S	74.8	78.6	78.6	78.6	19.466	0.00	0.00	57	2.45	74	0.0	0.00	0.0	0.000	0.204	-52.3	0	---	-52.4	-52.4	 .0634	0.001	703	1	100.0	30
08/23/20	6:30 a	75.2	75.2	74.8	100	75.2	0.0	---	0.00	0.0	---	75.2	79.1	79.1	81.0	19.466	0.00	0.00	58	2.49	72	0.0	0.00	0.0	0.000	0.212	-52.3	0	---	-52.4	-52.4	 .0634	0.000	701	1	100.0	30
08/23/20	7:00 a	76.1	76.1	75.2	100	76.1	0.0	E	0.00	1.0	E	76.1	80.5	80.5	82.2	29.087	0.00	0.00	64	2.75	86	0.0	0.00	0.0	0.000	0.231	-52.3	0	---	-52.4	-52.4	 .0947	0.001	703	1	100.0	30
08/23/20	7:30 a	76.7	77.0	76.0	100	76.7	0.0	E	0.00	1.0	E	76.7	81.6	81.6	84.9	29.087	0.00	0.00	120	5.16	151	0.5	0.11	1.0	0.000	0.244	-52.3	0	---	-52.4	-52.4	 .0947	0.000	702	1	100.0	30
08/23/20	8:00 a	77.4	77.6	76.6	100	77.4	1.0	SE	0.50	3.0	SE	77.4	83.1	83.1	89.4	29.087	0.00	0.00	243	10.45	455	1.4	0.30	1.7	0.000	0.258	-52.3	0	---	-52.4	-52.4	 .0947	0.004	703	1	100.0	30
08/23/20	8:30 a	78.0	79.2	77.1	100	78.0	1.0	SE	0.50	5.0	SSE	78.0	84.4	84.4	94.1	29.693	0.00	0.00	431	18.54	650	2.6	0.56	3.4	0.000	0.271	-52.3	0	---	-52.4	-52.4	 .0967	0.000	695	1	100.0	30
08/23/20	9:00 a	80.3	80.3	77.7	100	80.3	1.0	SE	0.50	3.0	SSE	80.3	90.5	90.5	100.3	29.846	0.00	0.00	458	19.70	907	3.1	0.66	4.5	0.000	0.319	-52.3	0	---	-52.4	-52.4	 .0972	0.011	701	1	100.0	30
08/23/20	9:30 a	80.1	80.5	79.4	100	80.1	2.0	SE	1.00	7.0	SE	80.1	89.9	89.9	98.1	29.846	0.00	0.00	380	16.34	619	3.5	0.75	5.7	0.000	0.315	-52.3	0	---	-52.4	-52.4	 .0972	0.000	700	1	100.0	30
08/23/20	10:00 a	80.6	80.9	79.5	100	80.6	1.0	S	0.50	6.0	SSE	80.6	91.3	91.3	98.7	29.857	0.00	0.00	345	14.84	930	3.7	0.79	7.4	0.000	0.325	-52.3	0	---	-52.4	-52.4	 .0972	0.011	702	1	100.0	30
08/23/20	10:30 a	82.1	82.3	80.6	100	82.1	2.0	SSE	1.00	9.0	SE	82.1	96.0	96.0	106.1	29.861	0.00	0.00	491	21.12	932	5.9	1.26	9.5	0.000	0.356	-52.3	0	---	-52.4	-52.4	 .0972	0.000	697	1	100.0	30
08/23/20	11:00 a	82.0	82.8	81.7	100	82.0	1.0	E	0.50	6.0	SSE	82.0	95.7	95.7	106.3	29.693	0.00	0.00	520	22.36	1150	5.6	1.20	9.4	0.000	0.354	-52.3	0	---	-52.4	-52.4	 .0967	0.015	697	1	100.0	30
08/23/20	11:30 a	82.6	83.1	81.9	100	82.6	1.0	SE	0.50	7.0	SSE	82.6	97.8	97.8	107.9	29.693	0.00	0.00	484	20.81	671	5.9	1.26	9.7	0.000	0.367	-52.3	0	---	-52.4	-52.4	 .0967	0.000	700	1	100.0	30
08/23/20	12:00 p	82.3	84.5	82.3	100	82.3	2.0	SE	1.00	10.0	ESE	82.3	96.8	96.8	110.0	29.693	0.00	0.00	787	33.85	1274	8.3	1.78	10.9	0.000	0.360	-52.3	0	---	-52.4	-52.4	 .0967	0.017	701	1	100.0	30
08/23/20	12:30 p	83.6	84.3	82.3	100	83.6	3.0	SE	1.50	10.0	E	83.6	101.5	101.5	114.5	29.840	0.00	0.00	737	31.70	1325	8.2	1.76	11.1	0.000	0.387	-52.3	0	---	-52.4	-52.4	 .0972	0.000	700	1	100.0	30
08/23/20	1:00 p	82.7	83.6	81.8	100	82.7	2.0	SE	1.00	9.0	S	82.7	98.1	98.1	106.7	29.825	0.00	0.00	406	17.46	636	5.0	1.07	8.7	0.000	0.369	-52.3	0	---	-52.4	-52.4	 .0971	0.016	700	1	100.0	30
08/23/20	1:30 p	83.3	83.9	82.5	100	83.3	2.0	ESE	1.00	10.0	SE	83.3	100.4	100.4	112.2	29.810	0.00	0.00	606	26.06	1213	6.1	1.31	8.6	0.000	0.381	-52.3	0	---	-52.4	-52.4	 .0971	0.000	698	1	100.0	30
08/23/20	2:00 p	83.9	85.6	83.2	100	83.9	3.0	ESE	1.50	10.0	E	83.9	102.7	102.7	115.8	29.199	0.00	0.00	855	36.77	1000	6.7	1.44	8.2	0.000	0.394	-52.3	0	---	-52.4	-52.4	 .0951	0.019	699	1	100.0	30
08/23/20	2:30 p	82.5	84.4	82.3	100	82.5	3.0	SSE	1.50	14.0	WSW	82.5	97.4	97.4	109.4	29.794	0.00	0.00	568	24.43	1071	4.7	1.01	6.5	0.000	0.365	-52.3	0	---	-52.4	-52.4	 .0970	0.000	702	1	100.0	30
08/23/20	3:00 p	82.5	83.8	82.4	100	82.5	3.0	E	1.50	14.0	S	82.5	97.4	97.4	110.4	29.787	0.00	0.00	638	27.44	858	3.5	0.75	4.3	0.000	0.365	-52.3	0	---	-52.4	-52.4	 .0970	0.016	698	1	100.0	30
08/23/20	3:30 p	81.2	82.5	80.8	100	81.2	2.0	E	1.00	8.0	SE	81.2	93.1	93.1	100.6	29.788	0.00	0.00	252	10.84	378	1.6	0.34	2.0	0.000	0.337	-52.3	0	---	-52.4	-52.4	 .0970	0.000	697	1	100.0	30
08/23/20	4:00 p	80.3	81.1	80.1	100	80.3	1.0	SE	0.50	8.0	SE	80.3	90.5	90.5	96.4	29.788	0.00	0.00	171	7.35	206	0.9	0.19	1.1	0.000	0.319	-52.3	0	---	-52.4	-52.4	 .0970	0.005	700	1	100.0	30
08/23/20	4:30 p	80.3	80.8	80.0	100	80.3	1.0	ESE	0.50	5.0	SSE	80.3	90.5	90.5	97.5	29.788	0.00	0.00	184	7.91	230	0.6	0.13	0.8	0.000	0.319	-52.3	0	---	-52.4	-52.4	 .0970	0.000	702	1	100.0	30
08/23/20	5:00 p	79.2	80.5	79.2	100	79.2	0.0	ENE	0.00	3.0	ESE	79.2	87.4	87.4	88.1	29.784	0.00	0.00	88	3.78	132	0.0	0.00	0.0	0.000	0.296	-52.3	0	---	-52.4	-52.4	 .0970	0.003	701	1	100.0	30
08/23/20	5:30 p	78.3	79.3	78.3	100	78.3	0.0	NE	0.00	1.0	NE	78.3	85.1	85.1	84.7	29.788	0.00	0.00	38	1.63	47	0.0	0.00	0.0	0.000	0.277	-52.3	0	---	-52.4	-52.4	 .0970	0.000	701	1	100.0	30
08/23/20	6:00 p	77.7	78.3	77.7	100	77.7	0.0	SSE	0.00	1.0	NE	77.7	83.7	83.7	82.6	29.693	0.00	0.00	9	0.39	23	0.0	0.00	0.0	0.000	0.265	-52.3	0	---	-52.4	-52.4	 .0967	0.001	703	1	100.0	30
08/23/20	6:30 p	76.9	77.7	76.9	100	76.9	0.0	SSE	0.00	1.0	SSE	76.9	82.0	82.0	80.6	29.807	0.00	0.00	0	0.00	0	0.0	0.00	0.0	0.000	0.248	-41.5	0	---	-41.6	-41.6	 .0945	0.000	700	1	100.0	30
08/23/20	7:00 p	76.8	77.1	76.6	100	76.8	0.0	---	0.00	0.0	---	76.8	81.8	81.8	80.4	29.693	0.00	0.00	0	0.00	0	0.0	0.00	0.0	0.000	0.246	-52.3	0	---	-52.4	-52.4	 .0967	0.000	700	1	100.0	30
08/23/20	7:30 p	76.6	76.8	76.6	100	76.6	0.0	---	0.00	0.0	---	76.6	81.4	81.4	80.0	29.693	0.00	0.00	0	0.00	0	0.0	0.00	0.0	0.000	0.242	-52.3	0	---	-52.4	-52.4	 .0967	0.000	699	1	100.0	30
08/23/20	8:00 p	76.5	76.6	76.4	100	76.5	0.0	---	0.00	0.0	---	76.5	81.3	81.3	79.9	29.693	0.00	0.00	0	0.00	0	0.0	0.00	0.0	0.000	0.240	-52.3	0	---	-52.4	-52.4	 .0967	0.000	701	1	100.0	30
08/23/20	8:30 p	75.9	76.5	75.8	100	75.9	0.0	SSE	0.00	1.0	SSE	75.9	80.2	80.2	78.7	29.693	0.00	0.00	0	0.00	0	0.0	0.00	0.0	0.000	0.227	-52.3	0	---	-52.4	-52.4	 .0967	0.000	698	1	100.0	30
08/23/20	9:00 p	75.6	76.0	75.5	100	75.6	0.0	---	0.00	0.0	---	75.6	79.7	79.7	78.2	29.693	0.00	0.00	0	0.00	0	0.0	0.00	0.0	0.000	0.221	-52.3	0	---	-52.4	-52.4	 .0967	0.000	701	1	100.0	30
08/23/20	9:30 p	75.7	75.8	75.6	100	75.7	0.0	---	0.00	0.0	---	75.7	79.8	79.8	78.3	29.850	0.00	0.00	0	0.00	0	0.0	0.00	0.0	0.000	0.223	-52.3	0	---	-52.4	-52.4	 .0972	0.000	698	1	100.0	30
08/23/20	10:00 p	75.7	75.8	75.5	100	75.7	0.0	---	0.00	0.0	---	75.7	79.8	79.8	78.3	29.855	0.00	0.00	0	0.00	0	0.0	0.00	0.0	0.000	0.223	-52.3	0	---	-52.4	-52.4	 .0972	0.000	696	1	100.0	30
08/23/20	10:30 p	75.6	75.7	75.5	100	75.6	0.0	SSE	0.00	1.0	SSE	75.6	79.7	79.7	78.2	19.390	0.00	0.00	0	0.00	0	0.0	0.00	0.0	0.000	0.221	-51.7	0	---	-51.8	-51.8	 .0630	0.000	701	1	100.0	30
08/23/20	11:00 p	75.3	75.7	75.2	100	75.3	0.0	SSE	0.00	1.0	SSE	75.3	79.3	79.3	77.8	29.848	0.00	0.00	0	0.00	0	0.0	0.00	0.0	0.000	0.215	-52.3	0	---	-52.4	-52.4	 .0972	0.000	702	1	100.0	30
08/23/20	11:30 p	74.9	75.3	74.9	100	74.9	0.0	SSE	0.00	1.0	SSE	74.9	78.7	78.7	77.2	29.843	0.00	0.00	0	0.00	0	0.0	0.00	0.0	0.000	0.206	-52.3	0	---	-52.4	-52.4	 .0972	0.000	701	1	100.0	30
08/24/20	12:00 a	74.9	75.0	74.7	100	74.9	0.0	SSE	0.00	1.0	SSE	74.9	78.7	78.7	77.2	29.835	0.00	0.00	0	0.00	0	0.0	0.00	0.0	0.000	0.206	-52.3	0	---	-52.4	-52.4	 .0971	0.000	702	1	100.0	30
08/24/20	12:30 a	75.0	75.1	74.9	100	75.0	0.0	---	0.00	0.0	---	75.0	78.8	78.8	77.3	29.835	0.00	0.00	0	0.00	0	0.0	0.00	0.0	0.000	0.208	-52.3	0	---	-52.4	-52.4	 .0971	0.000	702	1	100.0	30
08/24/20	1:00 a	75.1	75.1	75.0	100	75.1	0.0	---	0.00	0.0	---	75.1	78.9	78.9	77.4	29.806	0.00	0.00	0	0.00	0	0.0	0.00	0.0	0.000	0.210	-52.3	0	---	-52.4	-52.4	 .0970	0.000	700	1	100.0	30
08/24/20	1:30 a	75.2	75.3	75.1	100	75.2	0.0	---	0.00	0.0	---	75.2	79.1	79.1	77.6	29.806	0.00	0.00	0	0.00	0	0.0	0.00	0.0	0.000	0.212	-52.3	0	---	-52.4	-52.4	 .0970	0.000	702	1	100.0	30
08/24/20	2:00 a	75.3	75.3	75.1	100	75.3	0.0	---	0.00	0.0	---	75.3	79.3	79.3	77.8	29.808	0.00	0.00	0	0.00	0	0.0	0.00	0.0	0.000	0.215	-52.3	0	---	-52.4	-52.4	 .0971	0.000	698	1	100.0	30
08/24/20	2:30 a	75.1	75.4	75.1	100	75.1	0.0	---	0.00	0.0	---	75.1	78.9	78.9	77.4	29.802	0.00	0.00	0	0.00	0	0.0	0.00	0.0	0.000	0.210	-52.3	0	---	-52.4	-52.4	 .0970	0.000	701	1	100.0	30
08/24/20	3:00 a	75.2	75.3	75.0	100	75.2	0.0	---	0.00	0.0	---	75.2	79.1	79.1	77.6	29.693	0.00	0.00	0	0.00	0	0.0	0.00	0.0	0.000	0.212	-52.3	0	---	-52.4	-52.4	 .0967	0.000	699	1	100.0	30
08/24/20	3:30 a	74.3	75.2	74.3	100	74.3	0.0	---	0.00	0.0	---	74.3	78.0	78.0	76.5	29.791	0.00	0.00	0	0.00	0	0.0	0.00	0.0	0.000	0.194	164.0	0	---	150.8	0.05	 .0634	0.000	701	1	100.0	30
08/24/20	4:00 a	74.1	74.3	74.0	100	74.1	0.0	SSE	0.00	1.0	SSE	74.1	77.7	77.7	76.2	29.791	0.00	0.00	0	0.00	0	0.0	0.00	0.0	0.000	0.190	-52.3	0	---	-52.4	-52.4	 .0970	0.000	701	1	100.0	30
08/24/20	4:30 a	73.9	74.1	73.8	100	73.9	0.0	---	0.00	0.0	---	73.9	77.5	77.5	75.9	29.802	0.00	0.00	0	0.00	0	0.0	0.00	0.0	0.000	0.185	-52.3	0	---	-52.4	-52.4	 .0970	0.000	699	1	100.0	30
08/24/20	5:00 a	73.5	74.0	73.5	100	73.5	0.0	SSE	0.00	1.0	SSE	73.5	77.1	77.1	75.5	29.806	0.00	0.00	0	0.00	0	0.0	0.00	0.0	0.000	0.177	-52.3	0	---	-52.4	-52.4	 .0970	0.000	702	1	100.0	30
08/24/20	5:30 a	73.3	73.5	73.2	100	73.3	0.0	---	0.00	0.0	---	73.3	76.9	76.9	75.3	29.796	0.00	0.00	1	0.04	7	0.0	0.00	0.0	0.000	0.173	-52.3	0	---	-52.4	-52.4	 .0970	0.000	700	1	100.0	30
08/24/20	6:00 a	73.5	73.5	73.2	100	73.5	0.0	SSE	0.00	1.0	SSE	73.5	77.1	77.1	75.8	29.806	0.00	0.00	15	0.65	26	0.0	0.00	0.0	0.000	0.177	-51.1	0	---	-51.2	-51.2	 .0968	0.000	701	1	100.0	30
08/24/20	6:30 a	74.4	74.5	73.4	100	74.4	0.0	---	0.00	0.0	---	74.4	78.1	78.1	79.4	29.809	0.00	0.00	47	2.02	88	0.0	0.00	0.0	0.000	0.196	-52.3	0	---	-52.4	-52.4	 .0971	0.000	700	1	100.0	30
08/24/20	7:00 a	75.3	75.3	74.3	100	75.3	0.0	SSE	0.00	1.0	SSE	75.3	79.3	79.3	80.8	29.823	0.00	0.00	60	2.58	121	0.2	0.04	0.6	0.000	0.215	-52.3	0	---	-52.4	-52.4	 .0971	0.001	699	1	100.0	30
08/24/20	7:30 a	77.0	77.0	75.3	100	77.0	0.0	SSE	0.00	1.0	SSE	77.0	82.2	82.2	87.0	29.823	0.00	0.00	167	7.18	211	0.8	0.17	1.0	0.000	0.250	-51.7	0	---	-51.8	-51.8	 .0970	0.000	700	1	100.0	30
08/24/20	8:00 a	78.0	78.2	76.9	100	78.0	0.0	SSE	0.00	2.0	SSE	78.0	84.4	84.4	92.7	29.823	0.00	0.00	321	13.80	622	1.6	0.34	2.3	0.000	0.271	-51.7	0	---	-51.8	-51.8	 .0970	0.006	701	1	100.0	30
08/24/20	8:30 a	79.3	79.4	77.7	100	79.3	0.0	SSE	0.00	2.0	SSE	79.3	87.6	87.6	93.9	29.843	0.00	0.00	261	11.22	680	2.3	0.49	3.0	0.000	0.298	-52.3	0	---	-52.4	-52.4	 .0972	0.000	701	1	100.0	30
08/24/20	9:00 a	80.5	81.1	79.4	100	80.5	1.0	SSE	0.50	4.0	N	80.5	91.1	91.1	97.7	29.839	0.00	0.00	291	12.51	399	2.6	0.56	4.3	0.000	0.323	-52.3	0	---	-52.4	-52.4	 .0972	0.009	695	1	100.0	30
08/24/20	9:30 a	82.4	82.4	79.9	100	82.4	0.0	SE	0.00	2.0	SE	82.4	97.1	97.1	103.3	29.839	0.00	0.00	279	12.00	809	3.4	0.73	6.8	0.000	0.363	-52.3	0	---	-52.4	-52.4	 .0972	0.000	700	1	100.0	30
08/24/20	10:00 a	83.1	84.0	82.4	100	83.1	1.0	SW	0.50	6.0	W	83.1	99.6	99.6	109.4	29.693	0.00	0.00	473	20.34	1158	4.9	1.05	8.4	0.000	0.377	-52.3	0	---	-52.4	-52.4	 .0967	0.012	702	1	100.0	30
08/24/20	10:30 a	82.1	83.1	81.8	100	82.1	1.0	SE	0.50	3.0	ESE	82.1	96.0	96.0	101.7	29.843	0.00	0.00	256	11.01	422	4.0	0.86	8.6	0.000	0.356	-52.3	0	---	-52.4	-52.4	 .0972	0.000	701	1	100.0	30
08/24/20	11:00 a	85.5	85.8	81.8	100	85.5	2.0	ESE	1.00	9.0	SSE	85.5	110.4	110.4	121.3	29.834	0.00	0.00	1001	43.05	1188	8.8	1.89	10.3	0.000	0.427	-52.3	0	---	-52.4	-52.4	 .0971	0.016	697	1	100.0	30
08/24/20	11:30 a	84.8	86.6	84.8	100	84.8	3.0	SSE	1.50	10.0	SSE	84.8	106.7	106.7	118.2	29.819	0.00	0.00	1098	47.22	1199	9.8	2.10	10.4	0.000	0.413	-52.3	0	---	-52.4	-52.4	 .0971	0.000	701	1	100.0	30
08/24/20	12:00 p	85.6	86.2	84.8	100	85.6	3.0	SE	1.50	11.0	SE	85.6	111.0	111.0	122.9	29.813	0.00	0.00	981	42.19	1160	9.4	2.01	10.6	0.000	0.429	-51.1	0	---	-51.2	-51.2	 .0968	0.026	699	1	100.0	30
08/24/20	12:30 p	82.8	85.8	82.8	100	82.8	3.0	SE	1.50	10.0	ESE	82.8	98.5	98.5	107.6	29.799	0.00	0.00	428	18.41	1118	5.7	1.22	9.9	0.000	0.371	-52.3	0	---	-52.4	-52.4	 .0970	0.000	701	1	100.0	30
08/24/20	1:00 p	81.5	82.7	81.3	100	81.5	2.0	ESE	1.00	9.0	ENE	81.5	94.1	94.1	102.9	29.789	0.04	0.22	415	17.85	1134	5.3	1.14	8.2	0.000	0.344	-52.3	0	---	-52.4	-52.4	 .0970	0.014	699	1	100.0	30
08/24/20	1:30 p	83.5	84.0	81.5	100	83.5	2.0	ENE	1.00	8.0	SSE	83.5	101.1	101.1	113.9	29.789	0.00	0.00	731	31.44	1137	6.2	1.33	8.1	0.000	0.385	-52.3	0	---	-52.4	-52.4	 .0970	0.000	701	1	100.0	30
08/24/20	2:00 p	80.1	83.4	80.1	100	80.1	1.0	ENE	0.50	7.0	ESE	80.1	89.9	89.9	92.2	29.777	0.01	0.00	116	4.99	299	1.9	0.41	3.4	0.000	0.315	-52.3	0	---	-52.4	-52.4	 .0970	0.011	699	1	100.0	30
08/24/20	2:30 p	81.1	81.1	79.6	100	81.1	1.0	NE	0.50	4.0	ENE	81.1	92.8	92.8	101.6	29.777	0.00	0.00	374	16.08	522	3.1	0.66	5.1	0.000	0.335	-52.3	0	---	-52.4	-52.4	 .0970	0.000	700	1	100.0	30
08/24/20	3:00 p	80.9	82.0	80.5	100	80.9	1.0	ESE	0.50	7.0	ESE	80.9	92.2	92.2	99.2	29.777	0.00	0.00	266	11.44	554	1.8	0.39	3.4	0.000	0.331	-52.3	0	---	-52.4	-52.4	 .0970	0.008	700	1	100.0	30
08/24/20	3:30 p	79.4	80.8	79.4	100	79.4	0.0	ESE	0.00	3.0	ESE	79.4	87.9	87.9	90.9	29.764	0.00	0.00	106	4.56	148	0.6	0.13	1.0	0.000	0.300	-52.3	0	---	-52.4	-52.4	 .0969	0.000	699	1	100.0	30
08/24/20	4:00 p	79.2	79.5	79.0	100	79.2	0.0	SE	0.00	2.0	SE	79.2	87.4	87.4	89.0	29.752	0.00	0.00	57	2.45	67	0.0	0.00	0.0	0.000	0.296	-52.3	0	---	-52.4	-52.4	 .0969	0.002	701	1	100.0	30
08/24/20	4:30 p	79.0	79.2	78.9	100	79.0	0.0	---	0.00	0.0	---	79.0	86.8	86.8	88.6	29.759	0.00	0.00	52	2.24	56	0.0	0.00	0.0	0.000	0.292	-52.3	0	---	-52.4	-52.4	 .0969	0.000	700	1	100.0	30
08/24/20	5:00 p	78.7	79.2	78.6	100	78.7	0.0	SE	0.00	1.0	SE	78.7	86.1	86.1	86.0	29.767	0.00	0.00	39	1.68	53	0.0	0.00	0.0	0.000	0.285	-52.3	0	---	-52.4	-52.4	 .0969	0.001	703	1	100.0	30
08/24/20	5:30 p	77.6	78.7	77.6	100	77.6	0.0	W	0.00	1.0	W	77.6	83.5	83.5	82.7	19.389	0.00	0.00	12	0.52	25	0.0	0.00	0.0	0.000	0.262	-52.3	0	---	-52.4	-52.4	 .0631	0.000	701	1	100.0	30
08/24/20	6:00 p	77.4	77.7	77.4	100	77.4	0.0	---	0.00	0.0	---	77.4	83.1	83.1	82.0	29.792	0.00	0.00	0	0.00	0	0.0	0.00	0.0	0.000	0.258	-52.3	0	---	-52.4	-52.4	 .0970	0.000	699	1	100.0	30
08/24/20	6:30 p	76.8	77.5	76.8	100	76.8	0.0	W	0.00	1.0	W	76.8	81.8	81.8	80.7	29.795	0.00	0.00	0	0.00	0	0.0	0.00	0.0	0.000	0.246	-52.3	0	---	-52.4	-52.4	 .0970	0.000	701	1	100.0	30
08/24/20	7:00 p	76.4	76.8	76.3	100	76.4	0.0	W	0.00	1.0	W	76.4	81.1	81.1	80.0	29.796	0.00	0.00	0	0.00	0	0.0	0.00	0.0	0.000	0.238	-52.3	0	---	-52.4	-52.4	 .0970	0.000	696	1	100.0	30
08/24/20	7:30 p	76.3	76.5	76.2	100	76.3	0.0	W	0.00	1.0	W	76.3	80.9	80.9	79.8	29.796	0.00	0.00	0	0.00	0	0.0	0.00	0.0	0.000	0.235	-52.3	0	---	-52.4	-52.4	 .0970	0.000	700	1	100.0	30
08/24/20	8:00 p	75.8	76.3	75.8	100	75.8	0.0	W	0.00	1.0	W	75.8	80.0	80.0	78.8	29.821	0.00	0.00	0	0.00	0	0.0	0.00	0.0	0.000	0.225	-52.3	0	---	-52.4	-52.4	 .0971	0.000	701	1	100.0	30
08/24/20	8:30 p	75.5	75.8	75.4	100	75.5	0.0	W	0.00	1.0	W	75.5	79.6	79.6	78.4	29.821	0.00	0.00	0	0.00	0	0.0	0.00	0.0	0.000	0.219	-52.3	0	---	-52.4	-52.4	 .0971	0.000	699	1	100.0	30
08/24/20	9:00 p	75.1	75.5	75.1	100	75.1	0.0	W	0.00	1.0	W	75.1	78.9	78.9	77.7	29.821	0.00	0.00	0	0.00	0	0.0	0.00	0.0	0.000	0.210	-52.3	0	---	-52.4	-52.4	 .0971	0.000	701	1	100.0	30
08/24/20	9:30 p	74.7	75.1	74.6	100	74.7	0.0	---	0.00	0.0	---	74.7	78.4	78.4	77.2	29.821	0.00	0.00	0	0.00	0	0.0	0.00	0.0	0.000	0.202	-52.3	0	---	-52.4	-52.4	 .0971	0.000	702	1	100.0	30
08/24/20	10:00 p	74.4	74.7	74.4	100	74.4	0.0	W	0.00	1.0	W	74.4	78.1	78.1	76.9	29.821	0.00	0.00	0	0.00	0	0.0	0.00	0.0	0.000	0.196	-52.3	0	---	-52.4	-52.4	 .0971	0.000	701	1	100.0	30
08/24/20	10:30 p	74.2	74.5	74.2	100	74.2	0.0	---	0.00	0.0	---	74.2	77.8	77.8	76.6	29.821	0.00	0.00	0	0.00	0	0.0	0.00	0.0	0.000	0.192	-52.3	0	---	-52.4	-52.4	 .0971	0.000	702	1	100.0	30
08/24/20	11:00 p	74.2	74.2	74.0	100	74.2	0.0	---	0.00	0.0	---	74.2	77.8	77.8	76.6	29.821	0.00	0.00	0	0.00	0	0.0	0.00	0.0	0.000	0.192	-52.3	0	---	-52.4	-52.4	 .0971	0.000	700	1	100.0	30
08/24/20	11:30 p	74.0	74.4	74.0	100	74.0	0.0	---	0.00	0.0	---	74.0	77.6	77.6	76.4	29.821	0.00	0.00	0	0.00	0	0.0	0.00	0.0	0.000	0.188	-52.3	0	---	-52.4	-52.4	 .0971	0.000	702	1	100.0	30
08/25/20	12:00 a	74.0	74.2	73.9	100	74.0	0.0	---	0.00	0.0	---	74.0	77.6	77.6	76.4	29.821	0.00	0.00	0	0.00	0	0.0	0.00	0.0	0.000	0.188	-52.3	0	---	-52.4	-52.4	 .0971	0.000	700	1	100.0	30
08/25/20	12:30 a	74.2	74.2	73.9	100	74.2	0.0	---	0.00	0.0	---	74.2	77.8	77.8	76.6	29.821	0.00	0.00	0	0.00	0	0.0	0.00	0.0	0.000	0.192	-52.3	0	---	-52.4	-52.4	 .0971	0.000	701	1	100.0	30
08/25/20	1:00 a	74.2	74.4	74.2	100	74.2	0.0	---	0.00	0.0	---	74.2	77.8	77.8	76.6	29.821	0.00	0.00	0	0.00	0	0.0	0.00	0.0	0.000	0.192	-52.3	0	---	-52.4	-52.4	 .0971	0.000	702	1	100.0	30
08/25/20	1:30 a	74.2	74.3	74.1	100	74.2	0.0	---	0.00	0.0	---	74.2	77.8	77.8	76.6	29.821	0.00	0.00	0	0.00	0	0.0	0.00	0.0	0.000	0.192	-52.3	0	---	-52.4	-52.4	 .0971	0.000	700	1	100.0	30
08/25/20	2:00 a	74.1	74.3	74.1	100	74.1	0.0	---	0.00	0.0	---	74.1	77.7	77.7	76.5	29.821	0.00	0.00	0	0.00	0	0.0	0.00	0.0	0.000	0.190	-52.3	0	---	-52.4	-52.4	 .0971	0.000	699	1	100.0	30
08/25/20	2:30 a	74.0	74.2	74.0	100	74.0	0.0	W	0.00	1.0	W	74.0	77.6	77.6	76.4	29.821	0.00	0.00	0	0.00	0	0.0	0.00	0.0	0.000	0.188	-52.3	0	---	-52.4	-52.4	 .0971	0.000	702	1	100.0	30
08/25/20	3:00 a	73.8	74.1	73.8	100	73.8	0.0	---	0.00	0.0	---	73.8	77.4	77.4	76.1	29.821	0.00	0.00	0	0.00	0	0.0	0.00	0.0	0.000	0.183	-52.3	0	---	-52.4	-52.4	 .0971	0.000	701	1	100.0	30
08/25/20	3:30 a	73.9	73.9	73.7	100	73.9	0.0	W	0.00	1.0	W	73.9	77.5	77.5	76.2	29.693	0.00	0.00	0	0.00	0	0.0	0.00	0.0	0.000	0.185	-52.3	0	---	-52.4	-52.4	 .0967	0.000	703	1	100.0	30
08/25/20	4:00 a	73.9	74.0	73.8	100	73.9	0.0	---	0.00	0.0	---	73.9	77.5	77.5	76.2	29.755	0.00	0.00	0	0.00	0	0.0	0.00	0.0	0.000	0.185	-52.3	0	---	-52.4	-52.4	 .0969	0.000	702	1	100.0	30
08/25/20	4:30 a	73.7	73.9	73.6	100	73.7	0.0	---	0.00	0.0	---	73.7	77.3	77.3	76.0	29.755	0.00	0.00	0	0.00	0	0.0	0.00	0.0	0.000	0.181	-52.3	0	---	-52.4	-52.4	 .0969	0.000	700	1	100.0	30
08/25/20	5:00 a	73.9	73.9	73.6	100	73.9	0.0	---	0.00	0.0	---	73.9	77.5	77.5	76.2	29.755	0.00	0.00	0	0.00	0	0.0	0.00	0.0	0.000	0.185	-52.3	0	---	-52.4	-52.4	 .0969	0.000	701	1	100.0	30
08/25/20	5:30 a	73.9	74.1	73.8	100	73.9	0.0	W	0.00	1.0	W	73.9	77.5	77.5	76.2	29.755	0.00	0.00	0	0.00	0	0.0	0.00	0.0	0.000	0.185	-52.3	0	---	-52.4	-52.4	 .0969	0.000	701	1	100.0	30
08/25/20	6:00 a	73.9	74.0	73.7	100	73.9	0.0	---	0.00	0.0	---	73.9	77.5	77.5	76.6	29.755	0.00	0.00	15	0.65	30	0.0	0.00	0.0	0.000	0.185	-52.3	0	---	-52.4	-52.4	 .0969	0.000	701	1	100.0	30
08/25/20	6:30 a	74.9	74.9	73.9	100	74.9	0.0	---	0.00	0.0	---	74.9	78.7	78.7	80.2	29.755	0.00	0.00	51	2.19	72	0.0	0.00	0.0	0.000	0.206	-52.3	0	---	-52.4	-52.4	 .0969	0.000	700	1	100.0	30
08/25/20	7:00 a	75.9	75.9	74.8	100	75.9	0.0	S	0.00	1.0	S	75.9	80.2	80.2	83.5	29.755	0.00	0.00	104	4.47	132	0.1	0.02	0.5	0.000	0.227	-52.3	0	---	-52.4	-52.4	 .0969	0.002	701	1	100.0	30
08/25/20	7:30 a	77.1	77.1	75.9	100	77.1	0.0	---	0.00	0.0	---	77.1	82.4	82.4	86.7	29.755	0.00	0.00	151	6.49	167	0.8	0.17	1.0	0.000	0.252	-52.3	0	---	-52.4	-52.4	 .0969	0.000	701	1	100.0	30
08/25/20	8:00 a	77.8	79.0	76.9	100	77.8	0.0	S	0.00	1.0	S	77.8	84.0	84.0	89.8	29.755	0.00	0.00	220	9.46	339	1.3	0.28	1.6	0.000	0.267	-52.3	0	---	-52.4	-52.4	 .0969	0.004	702	1	100.0	30
08/25/20	8:30 a	79.0	79.0	77.4	100	79.0	0.0	SE	0.00	4.0	SSE	79.0	86.8	86.8	94.0	29.755	0.00	0.00	300	12.90	420	2.0	0.43	2.4	0.000	0.292	-52.3	0	---	-52.4	-52.4	 .0969	0.000	698	1	100.0	30
08/25/20	9:00 a	81.5	81.7	78.9	100	81.5	0.0	SSW	0.00	3.0	ESE	81.5	94.1	94.1	104.0	29.693	0.00	0.00	461	19.83	708	3.5	0.75	4.6	0.000	0.344	-52.3	0	---	-52.4	-52.4	 .0967	0.010	701	1	100.0	30
08/25/20	9:30 a	80.8	81.6	80.7	100	80.8	1.0	SSW	0.50	5.0	S	80.8	91.9	91.9	99.4	29.693	0.00	0.00	348	14.97	823	3.7	0.79	5.4	0.000	0.329	-52.3	0	---	-52.4	-52.4	 .0967	0.000	699	1	100.0	30
08/25/20	10:00 a	82.5	82.7	80.6	100	82.5	1.0	SW	0.50	2.0	SW	82.5	97.4	97.4	106.6	29.693	0.00	0.00	437	18.79	640	4.7	1.01	6.3	0.000	0.365	-52.3	0	---	-52.4	-52.4	 .0967	0.010	700	1	100.0	30
08/25/20	10:30 a	80.4	83.2	80.3	100	80.4	1.0	ESE	0.50	4.0	SSE	80.4	90.8	90.8	96.9	29.820	0.00	0.00	277	11.91	494	3.5	0.75	6.2	0.000	0.321	164.0	0	---	150.8	0.05	 .0634	0.000	702	1	100.0	30
08/25/20	11:00 a	81.5	81.6	80.3	100	81.5	1.0	SSE	0.50	3.0	S	81.5	94.1	94.1	101.5	29.815	0.00	0.00	335	14.41	411	3.9	0.84	4.5	0.000	0.344	-52.3	0	---	-52.4	-52.4	 .0971	0.008	697	1	100.0	30
08/25/20	11:30 a	81.0	81.8	80.9	100	81.0	1.0	SSW	0.50	4.0	SSW	81.0	92.5	92.5	99.6	29.806	0.00	0.00	317	13.63	410	3.7	0.79	4.7	0.000	0.333	-52.3	0	---	-52.4	-52.4	 .0970	0.000	697	1	100.0	30
08/25/20	12:00 p	81.6	82.0	80.9	100	81.6	1.0	S	0.50	4.0	SSE	81.6	94.4	94.4	102.2	29.788	0.00	0.00	357	15.35	450	4.0	0.86	5.0	0.000	0.346	-52.3	0	---	-52.4	-52.4	 .0970	0.008	699	1	100.0	30
08/25/20	12:30 p	81.3	81.8	80.5	100	81.3	1.0	S	0.50	4.0	SSW	81.3	93.5	93.5	100.0	29.784	0.00	0.00	296	12.73	571	3.2	0.69	5.7	0.000	0.340	-52.3	0	---	-52.4	-52.4	 .0970	0.000	702	1	100.0	30
08/25/20	1:00 p	83.3	83.3	81.0	100	83.3	2.0	S	1.00	8.0	SE	83.3	100.4	100.4	111.4	29.784	0.00	0.00	554	23.83	1062	5.2	1.11	8.5	0.000	0.381	-52.3	0	---	-52.4	-52.4	 .0970	0.011	701	1	100.0	30
08/25/20	1:30 p	82.9	83.7	82.6	100	82.9	1.0	S	0.50	5.0	S	82.9	98.9	98.9	110.0	29.784	0.00	0.00	554	23.83	942	5.2	1.11	7.6	0.000	0.373	-52.3	0	---	-52.4	-52.4	 .0970	0.000	699	1	100.0	30
08/25/20	2:00 p	81.1	82.8	81.0	100	81.1	1.0	SE	0.50	5.0	SSE	81.1	92.8	92.8	99.8	29.784	0.00	0.00	307	13.20	360	3.0	0.64	3.5	0.000	0.335	-52.3	0	---	-52.4	-52.4	 .0970	0.011	700	1	100.0	30
08/25/20	2:30 p	80.5	81.2	80.3	100	80.5	2.0	S	1.00	6.0	S	80.5	91.1	91.1	98.4	29.742	0.00	0.00	303	13.03	366	2.5	0.54	2.7	0.000	0.323	-52.3	0	---	-52.4	-52.4	 .0968	0.000	701	1	100.0	30
08/25/20	3:00 p	80.1	80.8	80.0	100	80.1	2.0	SE	1.00	7.0	S	80.1	89.9	89.9	96.0	29.740	0.00	0.00	228	9.81	313	1.6	0.34	2.3	0.000	0.315	-52.3	0	---	-52.4	-52.4	 .0968	0.007	698	1	100.0	30
08/25/20	3:30 p	79.4	80.1	79.4	100	79.4	2.0	SE	1.00	11.0	SSE	79.4	87.9	87.9	91.4	29.740	0.00	0.00	121	5.20	192	0.8	0.17	1.3	0.000	0.300	-52.3	0	---	-52.4	-52.4	 .0968	0.000	700	1	100.0	30
08/25/20	4:00 p	78.2	79.4	78.2	100	78.2	1.0	SE	0.50	5.0	SSE	78.2	84.9	84.9	87.0	29.740	0.00	0.00	71	3.05	105	0.2	0.04	0.6	0.000	0.275	-52.3	0	---	-52.4	-52.4	 .0968	0.002	700	1	100.0	30
08/25/20	4:30 p	77.7	78.2	77.6	100	77.7	1.0	ESE	0.50	7.0	SE	77.7	83.7	83.7	84.9	29.740	0.00	0.00	41	1.76	70	0.0	0.00	0.0	0.000	0.265	-52.3	0	---	-52.4	-52.4	 .0968	0.000	699	1	100.0	30
08/25/20	5:00 p	77.1	77.8	77.1	100	77.1	1.0	SSW	0.50	5.0	NE	77.1	82.4	82.4	81.7	29.740	0.00	0.00	13	0.56	21	0.0	0.00	0.0	0.000	0.252	-52.3	0	---	-52.4	-52.4	 .0968	0.001	700	1	100.0	30
08/25/20	5:30 p	77.3	77.4	76.8	100	77.3	1.0	NNE	0.50	4.0	WNW	77.3	82.9	82.9	82.0	29.740	0.00	0.00	6	0.26	14	0.0	0.00	0.0	0.000	0.256	-52.3	0	---	-52.4	-52.4	 .0968	0.000	697	1	100.0	30
08/25/20	6:00 p	77.2	77.4	76.9	100	77.2	1.0	N	0.50	4.0	N	77.2	82.6	82.6	81.6	29.740	0.00	0.00	0	0.00	0	0.0	0.00	0.0	0.000	0.254	-52.3	0	---	-52.4	-52.4	 .0968	0.000	702	1	100.0	30
08/25/20	6:30 p	76.9	77.3	76.7	100	76.9	1.0	NNE	0.50	4.0	NNE	76.9	82.0	82.0	80.9	29.740	0.00	0.00	0	0.00	0	0.0	0.00	0.0	0.000	0.248	-52.3	0	---	-52.4	-52.4	 .0968	0.000	700	1	100.0	30
08/25/20	7:00 p	76.2	77.1	76.2	100	76.2	0.0	NNE	0.00	3.0	NNE	76.2	80.7	80.7	79.6	29.740	0.06	0.51	0	0.00	0	0.0	0.00	0.0	0.000	0.233	-52.3	0	---	-52.4	-52.4	 .0968	0.000	701	1	100.0	30
08/25/20	7:30 p	75.5	76.3	75.5	100	75.5	0.0	S	0.00	4.0	SSE	75.5	79.6	79.6	78.5	29.740	0.10	0.94	0	0.00	0	0.0	0.00	0.0	0.000	0.219	-52.3	0	---	-52.4	-52.4	 .0968	0.000	701	1	100.0	30
08/25/20	8:00 p	74.8	75.6	74.8	100	74.8	0.0	SE	0.00	3.0	SSE	74.8	78.6	78.6	77.4	29.740	0.13	0.84	0	0.00	0	0.0	0.00	0.0	0.000	0.204	-52.3	0	---	-52.4	-52.4	 .0968	0.000	701	1	100.0	30
08/25/20	8:30 p	74.8	75.0	74.7	100	74.8	0.0	NNE	0.00	3.0	NNE	74.8	78.6	78.6	77.4	29.740	0.03	0.15	0	0.00	0	0.0	0.00	0.0	0.000	0.204	-52.3	0	---	-52.4	-52.4	 .0968	0.000	701	1	100.0	30
08/25/20	9:00 p	74.9	75.0	74.7	100	74.9	0.0	NNE	0.00	1.0	NNE	74.9	78.7	78.7	77.5	29.740	0.02	0.09	0	0.00	0	0.0	0.00	0.0	0.000	0.206	-52.3	0	---	-52.4	-52.4	 .0968	0.000	700	1	100.0	30
08/25/20	9:30 p	74.6	75.0	74.5	100	74.6	0.0	NNE	0.00	3.0	N	74.6	78.3	78.3	77.1	29.740	0.04	0.09	0	0.00	0	0.0	0.00	0.0	0.000	0.200	-52.3	0	---	-52.4	-52.4	 .0968	0.000	703	1	100.0	30
08/25/20	10:00 p	73.4	74.9	73.4	100	73.4	0.0	SSE	0.00	2.0	SSW	73.4	77.0	77.0	75.8	29.864	0.03	0.10	0	0.00	0	0.0	0.00	0.0	0.000	0.175	-52.3	0	---	-52.4	-52.4	 .0972	0.000	702	1	100.0	30
08/25/20	10:30 p	74.2	74.2	73.4	100	74.2	0.0	S	0.00	6.0	S	74.2	77.8	77.8	76.6	29.865	0.03	0.08	0	0.00	0	0.0	0.00	0.0	0.000	0.192	-52.3	0	---	-52.4	-52.4	 .0972	0.000	700	1	100.0	30
08/25/20	11:00 p	73.9	74.4	73.9	100	73.9	1.0	SSW	0.50	10.0	ESE	73.9	77.5	77.5	76.3	29.865	0.08	0.78	0	0.00	0	0.0	0.00	0.0	0.000	0.185	-52.3	0	---	-52.4	-52.4	 .0972	0.000	701	1	100.0	30
08/25/20	11:30 p	73.6	74.0	73.6	100	73.6	2.0	SSW	1.00	9.0	ESE	73.6	77.2	77.2	76.0	29.867	0.11	0.51	0	0.00	0	0.0	0.00	0.0	0.000	0.179	-52.3	0	---	-52.4	-52.4	 .0972	0.000	700	1	100.0	30
08/26/20	12:00 a	73.7	73.9	73.6	100	73.7	2.0	SE	1.00	8.0	W	73.7	77.3	77.3	76.1	29.693	0.07	0.21	0	0.00	0	0.0	0.00	0.0	0.000	0.181	-52.3	0	---	-52.4	-52.4	 .0967	0.000	699	1	100.0	30
08/26/20	12:30 a	73.8	73.9	73.6	100	73.8	1.0	SSE	0.50	6.0	SSE	73.8	77.4	77.4	76.2	29.854	0.07	0.21	0	0.00	0	0.0	0.00	0.0	0.000	0.183	-52.3	0	---	-52.4	-52.4	 .0972	0.000	698	1	100.0	30
08/26/20	1:00 a	73.7	74.0	73.7	100	73.7	1.0	SSE	0.50	5.0	S	73.7	77.3	77.3	76.1	29.854	0.06	0.18	0	0.00	0	0.0	0.00	0.0	0.000	0.181	-52.3	0	---	-52.4	-52.4	 .0972	0.000	702	1	100.0	30
08/26/20	1:30 a	73.7	73.7	73.4	100	73.7	1.0	NE	0.50	10.0	SE	73.7	77.3	77.3	76.1	29.854	0.05	0.15	0	0.00	0	0.0	0.00	0.0	0.000	0.181	-52.3	0	---	-52.4	-52.4	 .0972	0.000	702	1	100.0	30
08/26/20	2:00 a	73.7	73.9	73.7	100	73.7	1.0	SSE	0.50	8.0	SSE	73.7	77.3	77.3	76.1	29.854	0.03	0.08	0	0.00	0	0.0	0.00	0.0	0.000	0.181	-52.3	0	---	-52.4	-52.4	 .0972	0.000	699	1	100.0	30
08/26/20	2:30 a	73.6	73.9	73.5	100	73.6	2.0	S	1.00	7.0	W	73.6	77.2	77.2	76.0	29.854	0.02	0.06	0	0.00	0	0.0	0.00	0.0	0.000	0.179	-52.3	0	---	-52.4	-52.4	 .0972	0.000	701	1	100.0	30
08/26/20	3:00 a	72.7	73.6	72.7	100	72.7	2.0	S	1.00	10.0	SSE	72.7	76.3	76.3	75.0	29.854	0.02	0.09	0	0.00	0	0.0	0.00	0.0	0.000	0.160	-52.3	0	---	-52.4	-52.4	 .0972	0.000	699	1	100.0	30
08/26/20	3:30 a	72.8	72.8	72.5	100	72.8	1.0	SE	0.50	8.0	SW	72.8	76.4	76.4	75.1	29.854	0.01	0.04	0	0.00	0	0.0	0.00	0.0	0.000	0.163	-52.3	0	---	-52.4	-52.4	 .0972	0.000	699	1	100.0	30
08/26/20	4:00 a	73.0	73.4	72.8	100	73.0	1.0	E	0.50	4.0	SSE	73.0	76.6	76.6	75.4	29.854	0.01	0.05	0	0.00	0	0.0	0.00	0.0	0.000	0.167	-52.3	0	---	-52.4	-52.4	 .0972	0.000	701	1	100.0	30
08/26/20	4:30 a	73.1	73.2	72.9	100	73.1	2.0	S	1.00	7.0	S	73.1	76.7	76.7	75.5	29.769	0.01	0.00	0	0.00	0	0.0	0.00	0.0	0.000	0.169	-52.3	0	---	-52.4	-52.4	 .0969	0.000	700	1	100.0	30
08/26/20	5:00 a	73.4	73.5	73.1	100	73.4	1.0	NNE	0.50	4.0	W	73.4	77.0	77.0	75.8	29.693	0.04	0.21	0	0.00	0	0.0	0.00	0.0	0.000	0.175	-52.3	0	---	-52.4	-52.4	 .0967	0.000	702	1	100.0	30
08/26/20	5:30 a	73.2	73.6	73.1	100	73.2	1.0	NNE	0.50	6.0	S	73.2	76.8	76.8	75.6	29.087	0.01	0.21	0	0.00	0	0.0	0.00	0.0	0.000	0.171	-52.3	0	---	-52.4	-52.4	 .0947	0.000	700	1	100.0	30
08/26/20	6:00 a	73.0	73.2	73.0	100	73.0	1.0	SSW	0.50	7.0	SE	73.0	76.6	76.6	75.5	29.087	0.01	0.04	7	0.30	16	0.0	0.00	0.0	0.000	0.167	-51.7	0	---	-51.8	-51.8	 .0946	0.000	702	1	100.0	30
08/26/20	6:30 a	73.4	73.5	72.9	100	73.4	1.0	SE	0.50	7.0	S	73.4	77.0	77.0	76.7	29.693	0.00	0.00	14	0.60	19	0.0	0.00	0.0	0.000	0.175	-52.3	0	---	-52.4	-52.4	 .0967	0.000	701	1	100.0	30
08/26/20	7:00 a	73.2	73.5	73.2	100	73.2	1.0	SSE	0.50	6.0	S	73.2	76.8	76.8	77.1	29.693	0.00	0.00	30	1.29	40	0.0	0.00	0.0	0.000	0.171	-52.3	0	---	-52.4	-52.4	 .0967	0.001	701	1	100.0	30
08/26/20	7:30 a	73.3	73.4	73.0	100	73.3	2.0	SSW	1.00	8.0	W	73.3	76.9	76.9	77.4	19.390	0.00	0.00	40	1.72	62	0.0	0.00	0.0	0.000	0.173	-52.3	0	---	-52.4	-52.4	 .0631	0.000	700	1	100.0	30
08/26/20	8:00 a	73.4	73.7	73.3	100	73.4	1.0	ESE	0.50	5.0	SE	73.4	77.0	77.0	77.6	19.390	0.00	0.00	50	2.15	60	0.0	0.00	0.0	0.000	0.175	-52.3	0	---	-52.4	-52.4	 .0631	0.001	699	1	100.0	30
08/26/20	8:30 a	73.7	73.9	73.4	100	73.7	1.0	SSW	0.50	5.0	S	73.7	77.3	77.3	78.0	29.905	0.00	0.00	60	2.58	86	0.3	0.06	0.7	0.000	0.181	-52.3	0	---	-52.4	-52.4	 .0974	0.000	700	1	100.0	30
08/26/20	9:00 a	74.0	74.3	73.7	100	74.0	1.0	S	0.50	4.0	SSE	74.0	77.6	77.6	78.7	29.087	0.00	0.00	78	3.35	132	0.6	0.13	1.1	0.000	0.188	-52.3	0	---	-52.4	-52.4	 .0947	0.002	699	1	100.0	30
08/26/20	9:30 a	74.3	74.3	73.7	100	74.3	0.0	E	0.00	3.0	SE	74.3	78.0	78.0	78.6	29.087	0.00	0.00	59	2.54	84	0.4	0.09	0.8	0.000	0.194	-52.3	0	---	-52.4	-52.4	 .0947	0.000	700	1	100.0	30
08/26/20	10:00 a	75.2	75.3	74.1	100	75.2	0.0	SSE	0.00	4.0	SSE	75.2	79.1	79.1	81.5	29.087	0.00	0.00	134	5.76	162	1.4	0.30	1.6	0.000	0.212	-52.3	0	---	-52.4	-52.4	 .0947	0.002	702	1	100.0	30
08/26/20	10:30 a	74.9	75.1	74.5	100	74.9	1.0	SSE	0.50	3.0	ESE	74.9	78.7	78.7	80.3	19.390	0.03	0.24	100	4.30	165	1.0	0.21	1.7	0.000	0.206	-52.3	0	---	-52.4	-52.4	 .0631	0.000	701	1	100.0	30
08/26/20	11:00 a	75.2	75.3	74.2	100	75.2	1.0	ESE	0.50	4.0	SSE	75.2	79.1	79.1	81.1	29.693	0.01	0.12	116	4.99	141	1.3	0.28	1.5	0.000	0.212	-52.3	0	---	-52.4	-52.4	 .0967	0.003	697	1	100.0	30
08/26/20	11:30 a	75.4	75.6	74.7	100	75.4	1.0	ESE	0.50	4.0	SSE	75.4	79.4	79.4	82.6	29.911	0.00	0.00	164	7.05	218	1.8	0.39	2.5	0.000	0.217	-52.3	0	---	-52.4	-52.4	 .0974	0.000	702	1	100.0	30
08/26/20	12:00 p	75.8	75.8	75.2	100	75.8	1.0	SSW	0.50	5.0	SW	75.8	80.0	80.0	82.5	29.087	0.00	0.00	135	5.81	188	1.6	0.34	2.2	0.000	0.225	-52.3	0	---	-52.4	-52.4	 .0947	0.004	700	1	100.0	30
08/26/20	12:30 p	75.2	76.4	75.2	100	75.2	1.0	SW	0.50	4.0	W	75.2	79.1	79.1	84.8	29.888	0.00	0.00	266	11.44	313	2.9	0.62	3.4	0.000	0.212	-52.3	0	---	-52.4	-52.4	 .0973	0.000	701	1	100.0	30
08/26/20	1:00 p	76.5	76.9	75.0	100	76.5	0.0	S	0.00	3.0	S	76.5	81.3	81.3	88.9	29.863	0.00	0.00	362	15.57	425	3.8	0.81	4.4	0.000	0.240	-52.3	0	---	-52.4	-52.4	 .0972	0.008	698	1	100.0	30
08/26/20	1:30 p	77.2	77.7	76.1	100	77.2	1.0	SSW	0.50	4.0	S	77.2	82.6	82.6	89.5	29.693	0.00	0.00	322	13.85	381	3.2	0.69	3.8	0.000	0.254	-52.3	0	---	-52.4	-52.4	 .0967	0.000	700	1	100.0	30
08/26/20	2:00 p	77.9	78.1	76.8	100	77.9	1.0	SSW	0.50	4.0	S	77.9	84.2	84.2	91.9	29.845	0.00	0.00	353	15.18	413	3.3	0.71	3.9	0.000	0.269	-51.7	0	---	-51.8	-51.8	 .0970	0.008	699	1	100.0	30
08/26/20	2:30 p	77.4	77.9	77.0	100	77.4	1.0	SW	0.50	3.0	S	77.4	83.1	83.1	89.0	29.841	0.00	0.00	248	10.67	309	2.1	0.45	3.0	0.000	0.258	-51.4	0	---	-51.5	-51.5	 .0969	0.000	699	1	100.0	30
08/31/20	9:00 p	77.4	77.5	77.3	100	77.4	0.0	---	0.00	0.0	---	77.4	83.1	83.1	81.7	29.883	0.00	0.00	0	0.00	0	0.0	0.00	0.0	0.000	0.258	-52.3	0	---	-52.4	-52.4	 .0973	0.000	699	1	100.0	30
08/31/20	9:30 p	77.0	77.4	76.9	100	77.0	0.0	---	0.00	0.0	---	77.0	82.2	82.2	80.8	29.879	0.00	0.00	0	0.00	0	0.0	0.00	0.0	0.000	0.250	-52.3	0	---	-52.4	-52.4	 .0973	0.000	700	1	100.0	30
08/31/20	10:00 p	77.1	77.2	77.0	100	77.1	0.0	---	0.00	0.0	---	77.1	82.4	82.4	81.0	29.879	0.00	0.00	0	0.00	0	0.0	0.00	0.0	0.000	0.252	-52.3	0	---	-52.4	-52.4	 .0973	0.000	701	1	100.0	30
08/31/20	10:30 p	76.6	77.1	76.6	100	76.6	0.0	E	0.00	1.0	E	76.6	81.4	81.4	79.9	29.879	0.00	0.00	0	0.00	0	0.0	0.00	0.0	0.000	0.242	-52.3	0	---	-52.4	-52.4	 .0973	0.000	698	1	100.0	30
08/31/20	11:00 p	76.2	76.6	76.2	100	76.2	0.0	E	0.00	1.0	E	76.2	80.7	80.7	79.2	29.879	0.00	0.00	0	0.00	0	0.0	0.00	0.0	0.000	0.233	-52.3	0	---	-52.4	-52.4	 .0973	0.000	701	1	100.0	30
08/31/20	11:30 p	76.4	76.5	76.2	100	76.4	0.0	---	0.00	0.0	---	76.4	81.1	81.1	79.6	29.868	0.00	0.00	0	0.00	0	0.0	0.00	0.0	0.000	0.238	-52.3	0	---	-52.4	-52.4	 .0972	0.000	701	1	100.0	30
09/01/20	12:00 a	76.5	76.6	76.4	100	76.5	0.0	---	0.00	0.0	---	76.5	81.3	81.3	79.8	29.869	0.00	0.00	0	0.00	0	0.0	0.00	0.0	0.000	0.240	-51.7	0	---	-51.8	-51.8	 .0971	0.000	702	1	100.0	30
