		Temp	Hi	Low	Out	Dew	Wind	Wind	Wind	Hi	Hi	Wind	Heat	THW	THSW			Rain	Solar	Solar	Hi Solar	UV 	UV 	Hi 	Heat	Cool	In 	In	In 	In 	In 	In Air		Wind	Wind	ISS 	Arc.
Date	Time	Out	Temp	Temp	Hum	Pt.	Speed	Dir	Run	Speed	Dir	Chill	Index	Index	Index	Bar  	Rain	Rate	Rad.	Energy	Rad. 	Index	Dose	UV 	D-D 	D-D 	Temp	Hum	Dew	Heat	EMC	Density	ET 	Samp	Tx 	Recept	Int.
04/01/20	12:30 a	76.7	77.1	76.7	86	72.2	0.0	---	0.00	0.0	---	76.7	80.3	80.3	78.5	29.767	0.00	0.00	0	0.00	0	0.0	0.00	0.0	0.000	0.244	79.2	90	76.0	85.1	20.45	 .0710	0.000	696	1	100.0	30
04/01/20	1:00 a	76.4	76.8	76.4	87	72.2	0.0	---	0.00	0.0	---	76.4	79.9	79.9	78.1	29.752	0.00	0.00	0	0.00	0	0.0	0.00	0.0	0.000	0.238	78.9	91	76.0	84.7	21.03	 .0710	0.001	701	1	100.0	30
04/01/20	1:30 a	76.4	76.5	76.3	87	72.2	0.0	---	0.00	0.0	---	76.4	79.9	79.9	78.1	29.740	0.00	0.00	0	0.00	0	0.0	0.00	0.0	0.000	0.238	78.7	91	75.8	84.3	21.02	 .0711	0.000	700	1	100.0	30
04/01/20	2:00 a	76.1	76.4	76.0	87	71.9	0.0	---	0.00	0.0	---	76.1	79.5	79.5	77.7	29.735	0.00	0.00	0	0.00	0	0.0	0.00	0.0	0.000	0.231	78.4	91	75.6	83.7	21.02	 .0711	0.001	699	1	100.0	30
04/01/20	2:30 a	76.1	76.2	76.0	87	71.9	0.0	---	0.00	0.0	---	76.1	79.5	79.5	77.7	29.724	0.00	0.00	0	0.00	0	0.0	0.00	0.0	0.000	0.231	78.3	92	75.8	83.7	21.12	 .0711	0.000	700	1	100.0	30
04/01/20	3:00 a	76.3	76.3	76.1	87	72.1	0.0	---	0.00	0.0	---	76.3	79.8	79.8	78.0	29.724	0.00	0.00	0	0.00	0	0.0	0.00	0.0	0.000	0.235	78.4	92	75.9	83.9	21.12	 .0711	0.001	701	1	100.0	30
04/01/20	3:30 a	76.3	76.4	76.2	87	72.1	0.0	---	0.00	0.0	---	76.3	79.8	79.8	78.0	29.720	0.00	0.00	0	0.00	0	0.0	0.00	0.0	0.000	0.235	78.3	93	76.1	83.8	21.22	 .0710	0.000	701	1	100.0	30
04/01/20	4:00 a	76.4	76.4	76.3	87	72.2	0.0	---	0.00	0.0	---	76.4	79.9	79.9	78.1	29.732	0.00	0.00	0	0.00	0	0.0	0.00	0.0	0.000	0.238	78.3	93	76.1	83.8	21.22	 .0711	0.001	701	1	100.0	30
04/01/20	4:30 a	76.2	76.4	76.2	87	72.0	0.0	NE	0.00	1.0	NE	76.2	79.6	79.6	77.8	29.739	0.00	0.00	0	0.00	0	0.0	0.00	0.0	0.000	0.233	78.2	93	76.0	83.6	21.21	 .0711	0.000	702	1	100.0	30
04/01/20	5:00 a	76.2	76.3	76.2	87	72.0	0.0	---	0.00	0.0	---	76.2	79.6	79.6	77.8	29.744	0.00	0.00	0	0.00	0	0.0	0.00	0.0	0.000	0.233	78.2	93	76.0	83.6	21.21	 .0711	0.001	697	1	100.0	30
04/01/20	5:30 a	76.2	76.3	76.1	87	72.0	0.0	---	0.00	0.0	---	76.2	79.6	79.6	77.8	29.760	0.00	0.00	0	0.00	0	0.0	0.00	0.0	0.000	0.233	78.0	93	75.8	83.2	21.21	 .0712	0.000	702	1	100.0	30
04/01/20	6:00 a	76.4	76.4	76.1	88	72.6	0.0	---	0.00	0.0	---	76.4	80.0	80.0	78.4	29.771	0.00	0.00	8	0.34	26	0.0	0.00	0.0	0.000	0.238	78.0	94	76.1	83.3	21.35	 .0712	0.000	699	1	100.0	30
04/01/20	6:30 a	77.3	77.3	76.3	87	73.1	0.0	---	0.00	0.0	---	77.3	81.2	81.2	82.7	29.783	0.00	0.00	50	2.15	74	0.0	0.00	0.0	0.000	0.256	78.7	94	76.8	84.9	21.35	 .0711	0.000	703	1	100.0	30
04/01/20	7:00 a	78.3	78.3	77.2	87	74.1	0.0	NE	0.00	1.0	NE	78.3	82.9	82.9	85.2	29.796	0.00	0.00	79	3.40	83	0.3	0.06	0.7	0.000	0.277	80.1	94	78.2	88.1	21.35	 .0708	0.002	699	1	100.0	30
04/01/20	7:30 a	79.4	79.4	78.2	86	74.8	0.0	NE	0.00	2.0	NE	79.4	84.7	84.7	87.0	29.799	0.00	0.00	91	3.91	98	0.9	0.19	1.3	0.000	0.300	81.9	91	79.0	92.2	20.90	 .0705	0.000	703	1	100.0	30
04/01/20	8:00 a	82.6	82.7	79.4	81	76.2	0.0	NNE	0.00	2.0	NNE	82.6	90.9	90.9	97.5	29.812	0.00	0.00	254	10.92	445	1.8	0.39	2.2	0.000	0.367	83.7	89	80.1	96.7	19.58	 .0702	0.005	700	1	100.0	30
04/01/20	8:30 a	83.8	83.8	82.1	80	77.0	1.0	NNE	0.50	2.0	NNE	83.8	93.9	93.9	101.5	29.824	0.00	0.00	323	13.89	610	2.6	0.56	3.7	0.000	0.392	84.7	88	80.7	99.1	18.88	 .0701	0.000	703	1	100.0	30
04/01/20	9:00 a	89.1	89.1	83.9	67	76.7	1.0	NNE	0.50	4.0	S	89.1	101.0	101.0	110.3	29.826	0.00	0.00	438	18.84	624	4.4	0.94	5.2	0.000	0.502	86.5	83	80.7	102.2	16.79	 .0699	0.010	702	1	100.0	30
04/01/20	9:30 a	88.8	89.7	87.2	68	76.9	2.0	SSE	1.00	6.0	SSE	88.8	100.6	100.6	105.2	29.833	0.00	0.00	220	9.46	330	5.3	1.14	6.5	0.000	0.496	87.4	79	80.1	102.5	15.31	 .0698	0.000	700	1	100.0	30
04/01/20	10:00 a	90.6	90.6	88.7	63	76.3	2.0	SSW	1.00	6.0	SW	90.6	103.2	103.2	107.0	29.840	0.00	0.00	189	8.13	216	7.5	1.61	8.3	0.000	0.533	88.7	76	80.2	105.0	14.33	 .0697	0.006	701	1	100.0	30
04/01/20	10:30 a	90.3	90.6	88.9	65	76.9	2.0	S	1.00	7.0	SW	90.3	103.6	103.6	113.9	29.827	0.00	0.00	524	22.53	1014	8.2	1.76	9.8	0.000	0.527	89.3	76	80.7	107.4	14.29	 .0695	0.000	700	1	100.0	30
04/01/20	11:00 a	90.3	91.6	90.2	66	77.4	2.0	S	1.00	7.0	SSW	90.3	104.3	104.3	115.5	29.827	0.00	0.00	1049	45.11	1099	10.2	2.19	10.6	0.000	0.527	90.2	75	81.2	110.2	14.05	 .0694	0.022	701	1	100.0	30
04/01/20	11:30 a	89.6	91.7	89.6	66	76.7	2.0	SSW	1.00	7.0	ESE	89.6	102.1	102.1	112.6	29.813	0.00	0.00	1012	43.52	1132	9.8	2.10	11.1	0.000	0.512	90.8	74	81.4	111.8	13.73	 .0692	0.000	701	1	100.0	30
04/01/20	12:00 p	91.0	91.9	88.0	65	77.6	2.0	SE	1.00	9.0	S	91.0	105.6	105.6	118.5	29.797	0.00	0.00	802	34.49	1099	9.2	1.97	11.1	0.000	0.542	90.6	73	80.8	110.2	13.43	 .0693	0.024	701	1	100.0	30
04/01/20	12:30 p	90.9	92.1	90.7	63	76.6	2.0	SSW	1.00	7.0	SSW	90.9	104.0	104.0	115.9	29.786	0.00	0.00	1024	44.04	1048	10.7	2.29	11.0	0.000	0.540	91.4	71	80.7	111.3	12.82	 .0692	0.000	701	1	100.0	30
04/01/20	1:00 p	91.4	91.8	90.7	63	77.0	2.0	SSW	1.00	5.0	SSE	91.4	105.4	105.4	117.6	29.778	0.00	0.00	966	41.54	1053	9.5	2.04	10.4	0.000	0.550	92.3	70	81.1	113.3	12.50	 .0690	0.027	701	1	100.0	30
04/01/20	1:30 p	91.0	92.2	90.5	65	77.6	2.0	SSW	1.00	7.0	SW	91.0	105.6	105.6	118.6	29.767	0.00	0.00	927	39.87	1065	8.5	1.82	9.6	0.000	0.542	92.5	70	81.3	114.0	12.50	 .0689	0.000	700	1	100.0	30
04/01/20	2:00 p	90.2	91.2	89.6	67	77.8	2.0	SE	1.00	7.0	SE	90.2	104.6	104.6	116.8	29.765	0.00	0.00	715	30.75	919	6.2	1.33	7.5	0.000	0.525	92.2	72	81.9	115.3	13.06	 .0689	0.023	700	1	100.0	30
04/01/20	2:30 p	88.8	90.6	88.8	68	76.9	2.0	SE	1.00	9.0	S	88.8	100.6	100.6	112.2	29.756	0.00	0.00	538	23.14	659	4.4	0.94	5.2	0.000	0.496	91.7	72	81.4	113.4	13.08	 .0690	0.000	698	1	100.0	30
04/01/20	3:00 p	88.3	89.1	88.0	69	76.8	1.0	S	0.50	4.0	N	88.3	99.5	99.5	108.8	29.755	0.00	0.00	351	15.09	403	2.6	0.56	3.2	0.000	0.485	90.8	72	80.5	110.1	13.12	 .0692	0.013	700	1	100.0	30
04/01/20	3:30 p	87.3	88.6	86.9	71	76.7	1.0	S	0.50	5.0	SSE	87.3	98.4	98.4	105.5	29.749	0.00	0.00	227	9.76	258	1.4	0.30	1.8	0.000	0.465	89.7	74	80.3	107.5	13.76	 .0693	0.000	699	1	100.0	30
04/01/20	4:00 p	86.0	87.5	86.0	74	76.7	1.0	SW	0.50	4.0	WSW	86.0	96.7	96.7	101.4	29.749	0.00	0.00	132	5.68	200	0.7	0.15	1.2	0.000	0.438	88.9	75	79.9	105.1	14.09	 .0694	0.005	700	1	100.0	30
04/01/20	4:30 p	84.8	86.1	84.8	78	77.2	1.0	WSW	0.50	3.0	WSW	84.8	95.3	95.3	97.1	29.757	0.02	0.67	52	2.24	104	0.2	0.04	0.5	0.000	0.413	87.7	79	80.4	103.1	15.29	 .0696	0.000	700	1	100.0	30
04/01/20	5:00 p	82.3	84.8	82.1	84	77.0	1.0	WSW	0.50	4.0	SW	82.3	90.9	90.9	90.2	29.762	0.27	2.77	18	0.77	44	0.0	0.00	0.0	0.000	0.360	85.9	83	80.1	100.0	16.81	 .0698	0.001	699	1	100.0	30
04/01/20	5:30 p	80.4	82.3	80.4	85	75.5	1.0	WSW	0.50	3.0	WSW	80.4	86.5	86.5	85.3	29.761	0.19	1.10	1	0.04	5	0.0	0.00	0.0	0.000	0.321	84.7	85	79.7	97.7	17.67	 .0700	0.000	698	1	100.0	30
04/01/20	6:00 p	79.6	80.7	79.6	85	74.7	0.0	E	0.00	3.0	ENE	79.6	84.8	84.8	83.6	29.771	0.03	0.20	3	0.13	11	0.0	0.00	0.0	0.000	0.304	83.8	86	79.2	95.9	18.12	 .0702	0.000	699	1	100.0	30
04/01/20	6:30 p	79.1	79.5	78.9	86	74.5	0.0	NNE	0.00	1.0	NNE	79.1	84.1	84.1	82.8	29.772	0.00	0.00	0	0.00	0	0.0	0.00	0.0	0.000	0.294	82.7	87	78.4	93.0	18.59	 .0704	0.000	695	1	100.0	30
04/01/20	7:00 p	78.5	79.2	78.4	87	74.3	0.0	NNE	0.00	2.0	NNE	78.5	83.2	83.2	81.9	29.774	0.00	0.00	0	0.00	0	0.0	0.00	0.0	0.000	0.281	82.2	88	78.3	92.0	19.13	 .0705	0.001	695	1	100.0	30
04/01/20	7:30 p	78.0	78.5	78.0	87	73.8	0.0	ENE	0.00	2.0	ENE	78.0	82.4	82.4	81.1	29.781	0.00	0.00	0	0.00	0	0.0	0.00	0.0	0.000	0.271	81.6	89	78.0	90.6	19.79	 .0706	0.000	703	1	100.0	30
04/01/20	8:00 p	78.3	78.4	78.0	87	74.1	0.0	ENE	0.00	1.0	ENE	78.3	82.9	82.9	81.6	29.797	0.00	0.00	0	0.00	0	0.0	0.00	0.0	0.000	0.277	81.4	90	78.2	90.4	20.34	 .0707	0.001	700	1	100.0	30
04/01/20	8:30 p	78.3	78.6	78.2	87	74.1	0.0	ENE	0.00	2.0	ENE	78.3	82.9	82.9	81.6	29.808	0.00	0.00	0	0.00	0	0.0	0.00	0.0	0.000	0.277	81.2	91	78.3	90.1	20.95	 .0707	0.000	699	1	100.0	30
04/01/20	9:00 p	78.4	78.5	78.3	87	74.2	0.0	ENE	0.00	1.0	ENE	78.4	83.1	83.1	81.8	29.820	0.01	0.00	0	0.00	0	0.0	0.00	0.0	0.000	0.279	81.0	91	78.1	89.5	20.97	 .0708	0.001	702	1	100.0	30
04/01/20	9:30 p	78.1	78.5	78.0	87	73.9	0.0	---	0.00	0.0	---	78.1	82.6	82.6	81.3	29.830	0.00	0.00	0	0.00	0	0.0	0.00	0.0	0.000	0.273	80.9	91	78.0	89.3	20.98	 .0708	0.000	700	1	100.0	30
04/01/20	10:00 p	77.5	78.1	77.5	88	73.7	0.0	ENE	0.00	1.0	ENE	77.5	81.7	81.7	80.4	29.830	0.00	0.00	0	0.00	0	0.0	0.00	0.0	0.000	0.260	80.7	91	77.8	88.8	20.99	 .0709	0.001	701	1	100.0	30
04/01/20	10:30 p	77.7	77.8	77.4	88	73.9	0.0	ENE	0.00	1.0	ENE	77.7	82.0	82.0	80.7	29.830	0.00	0.00	0	0.00	0	0.0	0.00	0.0	0.000	0.265	80.5	92	78.0	88.6	21.16	 .0709	0.000	702	1	100.0	30
04/01/20	11:00 p	77.6	77.9	77.6	88	73.8	0.0	---	0.00	0.0	---	77.6	81.8	81.8	80.5	29.827	0.00	0.00	0	0.00	0	0.0	0.00	0.0	0.000	0.262	80.4	92	77.9	88.3	21.16	 .0709	0.000	702	1	100.0	30
04/01/20	11:30 p	77.4	77.7	77.3	88	73.6	0.0	ENE	0.00	1.0	ENE	77.4	81.5	81.5	80.2	29.830	0.00	0.00	0	0.00	0	0.0	0.00	0.0	0.000	0.258	80.1	92	77.6	87.6	21.15	 .0710	0.000	699	1	100.0	30
04/02/20	12:00 a	77.2	77.5	77.2	88	73.4	0.0	ENE	0.00	1.0	ENE	77.2	81.2	81.2	79.9	29.811	0.00	0.00	0	0.00	0	0.0	0.00	0.0	0.000	0.254	79.9	92	77.4	87.1	21.15	 .0710	0.000	703	1	100.0	30
04/02/20	12:30 a	77.3	77.4	77.0	88	73.5	0.0	ENE	0.00	1.0	ENE	77.3	81.3	81.3	80.0	29.796	0.00	0.00	0	0.00	0	0.0	0.00	0.0	0.000	0.256	79.8	93	77.6	87.1	21.25	 .0709	0.000	699	1	100.0	30
04/02/20	1:00 a	77.3	77.4	77.1	88	73.5	0.0	ENE	0.00	1.0	ENE	77.3	81.3	81.3	80.0	29.790	0.00	0.00	0	0.00	0	0.0	0.00	0.0	0.000	0.256	79.6	93	77.4	86.7	21.24	 .0709	0.000	702	1	100.0	30
04/02/20	1:30 a	77.1	77.4	77.0	88	73.3	0.0	ENE	0.00	1.0	ENE	77.1	81.0	81.0	79.7	29.785	0.00	0.00	0	0.00	0	0.0	0.00	0.0	0.000	0.252	79.4	93	77.2	86.2	21.24	 .0710	0.000	701	1	100.0	30
04/02/20	2:00 a	77.0	77.3	76.9	88	73.2	0.0	---	0.00	0.0	---	77.0	80.8	80.8	79.5	29.782	0.00	0.00	0	0.00	0	0.0	0.00	0.0	0.000	0.250	79.3	93	77.1	86.0	21.24	 .0710	0.000	702	1	100.0	30
04/02/20	2:30 a	77.1	77.1	76.8	88	73.3	0.0	ENE	0.00	1.0	ENE	77.1	81.0	81.0	79.7	29.773	0.00	0.00	0	0.00	0	0.0	0.00	0.0	0.000	0.252	79.2	94	77.3	86.0	21.35	 .0710	0.000	699	1	100.0	30
04/02/20	3:00 a	76.8	77.1	76.8	88	73.0	0.0	ENE	0.00	1.0	ENE	76.8	80.5	80.5	79.1	29.767	0.00	0.00	0	0.00	0	0.0	0.00	0.0	0.000	0.246	79.0	94	77.1	85.6	21.35	 .0710	0.000	700	1	100.0	30
04/02/20	3:30 a	76.7	76.9	76.6	88	72.9	0.0	ENE	0.00	1.0	ENE	76.7	80.4	80.4	79.0	29.775	0.00	0.00	0	0.00	0	0.0	0.00	0.0	0.000	0.244	78.8	94	76.9	85.1	21.35	 .0710	0.000	702	1	100.0	30
04/02/20	4:00 a	76.7	76.8	76.6	88	72.9	0.0	---	0.00	0.0	---	76.7	80.4	80.4	79.0	29.785	0.00	0.00	0	0.00	0	0.0	0.00	0.0	0.000	0.244	78.7	94	76.8	84.9	21.35	 .0711	0.000	701	1	100.0	30
04/02/20	4:30 a	76.4	76.8	76.3	88	72.6	0.0	ENE	0.00	1.0	ENE	76.4	80.0	80.0	78.6	29.793	0.00	0.00	0	0.00	0	0.0	0.00	0.0	0.000	0.238	78.5	94	76.6	84.4	21.35	 .0712	0.000	702	1	100.0	30
04/02/20	5:00 a	76.4	76.5	76.2	88	72.6	0.0	ENE	0.00	1.0	ENE	76.4	80.0	80.0	78.6	29.795	0.00	0.00	0	0.00	0	0.0	0.00	0.0	0.000	0.238	78.5	94	76.6	84.4	21.35	 .0712	0.000	699	1	100.0	30
04/02/20	5:30 a	76.4	76.4	76.1	88	72.6	0.0	---	0.00	0.0	---	76.4	80.0	80.0	78.6	29.793	0.00	0.00	0	0.00	0	0.0	0.00	0.0	0.000	0.238	78.4	95	76.8	84.4	21.65	 .0712	0.000	702	1	100.0	30
04/02/20	6:00 a	77.0	77.0	76.3	88	73.2	0.0	---	0.00	0.0	---	77.0	80.8	80.8	79.6	29.813	0.00	0.00	7	0.30	21	0.0	0.00	0.0	0.000	0.250	78.5	95	76.9	84.6	21.65	 .0712	0.000	700	1	100.0	30
04/02/20	6:30 a	77.4	77.4	76.7	88	73.6	0.0	ENE	0.00	1.0	ENE	77.4	81.5	81.5	82.0	29.818	0.00	0.00	29	1.25	42	0.0	0.00	0.0	0.000	0.258	78.8	95	77.2	85.3	21.65	 .0711	0.000	700	1	100.0	30
04/02/20	7:00 a	78.4	78.4	77.3	88	74.5	0.0	ENE	0.00	2.0	ENE	78.4	83.2	83.2	85.8	29.835	0.00	0.00	86	3.70	130	0.1	0.02	0.6	0.000	0.279	79.7	95	78.1	87.4	21.65	 .0710	0.002	700	1	100.0	30
04/02/20	7:30 a	79.4	79.4	78.3	88	75.5	0.0	ENE	0.00	2.0	ENE	79.4	85.1	85.1	88.6	29.848	0.00	0.00	125	5.38	148	0.7	0.15	0.8	0.000	0.300	80.6	95	79.0	89.7	21.65	 .0708	0.000	701	1	100.0	30
04/02/20	8:00 a	79.9	80.1	79.0	89	76.4	0.0	NE	0.00	2.0	NE	79.9	86.4	86.4	89.3	29.857	0.00	0.00	122	5.25	127	1.0	0.21	1.0	0.000	0.310	80.9	95	79.3	90.4	21.65	 .0708	0.003	702	1	100.0	30
04/02/20	8:30 a	80.2	80.3	79.7	88	76.3	0.0	NE	0.00	2.0	NE	80.2	86.8	86.8	89.0	29.873	0.00	0.00	108	4.64	114	0.9	0.19	1.0	0.000	0.317	81.2	95	79.6	91.3	21.65	 .0708	0.000	699	1	100.0	30
04/02/20	9:00 a	81.2	81.2	80.1	89	77.6	0.0	NE	0.00	1.0	NE	81.2	89.5	89.5	93.4	29.876	0.00	0.00	182	7.83	279	1.7	0.36	2.6	0.000	0.337	82.1	95	80.5	94.2	21.65	 .0706	0.004	699	1	100.0	30
04/02/20	9:30 a	79.4	81.5	79.2	88	75.5	1.0	NE	0.50	8.0	SW	79.4	85.1	85.1	88.0	29.884	0.00	0.00	149	6.41	285	1.6	0.34	2.8	0.000	0.300	82.0	91	79.1	92.5	20.89	 .0707	0.000	702	1	100.0	30
04/02/20	10:00 a	79.9	79.9	79.3	88	76.0	1.0	N	0.50	4.0	W	79.9	86.1	86.1	87.9	29.873	0.00	0.00	107	4.60	149	1.2	0.26	1.7	0.000	0.310	81.8	91	78.9	91.9	20.91	 .0707	0.003	702	1	100.0	30
04/02/20	10:30 a	81.3	81.3	79.8	86	76.7	1.0	SW	0.50	6.0	SW	81.3	88.9	88.9	93.7	29.866	0.00	0.00	231	9.93	283	2.9	0.62	3.5	0.000	0.340	82.3	90	79.1	92.9	20.27	 .0706	0.000	698	1	100.0	30
04/02/20	11:00 a	82.0	82.1	80.9	83	76.3	1.0	WSW	0.50	8.0	NNE	82.0	89.8	89.8	96.2	29.864	0.00	0.00	298	12.82	308	3.6	0.77	3.7	0.000	0.354	82.9	89	79.3	94.2	19.66	 .0705	0.007	702	1	100.0	30
04/02/20	11:30 a	82.2	82.6	82.0	81	75.8	1.0	NW	0.50	5.0	WSW	82.2	89.8	89.8	96.1	29.838	0.00	0.00	294	12.64	311	3.6	0.77	3.8	0.000	0.358	83.4	88	79.5	95.4	19.01	 .0704	0.000	701	1	100.0	30
04/02/20	12:00 p	83.4	83.4	82.1	81	77.0	1.0	SSW	0.50	5.0	SW	83.4	93.1	93.1	99.9	29.821	0.00	0.00	319	13.72	341	3.9	0.84	4.2	0.000	0.383	84.0	87	79.7	96.9	18.51	 .0703	0.008	701	1	100.0	30
04/02/20	12:30 p	82.9	83.5	82.8	80	76.1	1.0	SW	0.50	7.0	NW	82.9	91.4	91.4	97.4	29.817	0.00	0.00	279	12.00	323	3.4	0.73	4.0	0.000	0.373	83.9	86	79.3	96.2	18.12	 .0703	0.000	702	1	100.0	30
04/02/20	1:00 p	82.0	82.9	82.0	82	76.0	1.0	W	0.50	6.0	NW	82.0	89.5	89.5	92.9	29.797	0.00	0.00	175	7.53	220	2.1	0.45	2.7	0.000	0.354	83.6	87	79.3	95.6	18.53	 .0703	0.006	702	1	100.0	30
04/02/20	1:30 p	82.1	82.4	81.7	82	76.1	1.0	WSW	0.50	3.0	W	82.1	89.8	89.8	93.9	29.780	0.00	0.00	195	8.39	239	2.2	0.47	2.8	0.000	0.356	83.7	87	79.4	95.9	18.53	 .0702	0.000	698	1	100.0	30
04/02/20	2:00 p	82.4	82.8	82.0	82	76.3	1.0	SW	0.50	4.0	SSW	82.4	90.6	90.6	94.4	29.779	0.00	0.00	174	7.48	229	1.9	0.41	2.5	0.000	0.363	83.8	87	79.5	96.2	18.52	 .0702	0.005	699	1	100.0	30
04/02/20	2:30 p	82.9	82.9	82.2	81	76.5	0.0	W	0.00	4.0	NW	82.9	91.7	91.7	97.2	29.751	0.00	0.00	222	9.55	239	2.2	0.47	2.4	0.000	0.373	84.0	86	79.4	96.5	18.11	 .0701	0.000	701	1	100.0	30
04/02/20	3:00 p	82.8	83.3	82.7	81	76.4	1.0	NNE	0.50	3.0	SW	82.8	91.4	91.4	96.3	29.763	0.00	0.00	181	7.78	223	1.6	0.34	2.1	0.000	0.371	84.1	88	80.2	97.5	18.94	 .0701	0.005	702	1	100.0	30
04/02/20	3:30 p	82.5	83.1	82.2	83	76.8	0.0	SSE	0.00	1.0	SSE	82.5	91.2	91.2	95.7	29.753	0.00	0.00	146	6.28	156	1.1	0.24	1.3	0.000	0.365	84.1	87	79.8	97.1	18.50	 .0701	0.000	702	1	100.0	30
04/02/20	4:00 p	82.0	82.7	82.0	82	76.0	1.0	SSE	0.50	4.0	SSE	82.0	89.5	89.5	92.5	29.771	0.00	0.00	89	3.83	113	0.6	0.13	0.8	0.000	0.354	83.7	87	79.4	95.9	18.53	 .0702	0.003	700	1	100.0	30
04/02/20	4:30 p	81.7	82.2	81.7	84	76.4	0.0	WSW	0.00	5.0	WSW	81.7	89.3	89.3	92.4	29.761	0.00	0.00	83	3.57	93	0.2	0.04	0.5	0.000	0.348	83.5	88	79.6	95.7	19.00	 .0702	0.000	701	1	100.0	30
04/02/20	5:00 p	81.4	81.8	81.1	85	76.5	0.0	WSW	0.00	2.0	WSW	81.4	88.8	88.8	88.7	29.763	0.00	0.00	51	2.19	65	0.0	0.00	0.0	0.000	0.342	83.2	90	80.0	95.4	20.19	 .0702	0.002	702	1	100.0	30
04/02/20	5:30 p	80.5	81.4	80.5	86	75.9	0.0	WSW	0.00	1.0	WSW	80.5	87.0	87.0	86.3	29.765	0.00	0.00	27	1.16	44	0.0	0.00	0.0	0.000	0.323	82.9	90	79.7	94.5	20.22	 .0703	0.000	702	1	100.0	30
04/02/20	6:00 p	79.6	80.6	79.6	86	75.0	0.0	WSW	0.00	1.0	WSW	79.6	85.1	85.1	83.8	29.770	0.00	0.00	2	0.09	12	0.0	0.00	0.0	0.000	0.304	82.2	91	79.3	93.0	20.87	 .0704	0.001	699	1	100.0	30
04/02/20	6:30 p	78.9	79.6	78.9	86	74.4	0.0	---	0.00	0.0	---	78.9	83.7	83.7	82.3	29.776	0.00	0.00	0	0.00	0	0.0	0.00	0.0	0.000	0.290	81.4	91	78.5	90.7	20.94	 .0706	0.000	703	1	100.0	30
04/02/20	7:00 p	78.6	78.9	78.6	87	74.4	0.0	WSW	0.00	1.0	WSW	78.6	83.4	83.4	82.0	29.793	0.00	0.00	0	0.00	0	0.0	0.00	0.0	0.000	0.283	81.0	92	78.5	89.8	21.17	 .0707	0.001	700	1	100.0	30
04/02/20	7:30 p	78.4	78.7	78.3	87	74.2	0.0	---	0.00	0.0	---	78.4	83.1	83.1	81.7	29.790	0.00	0.00	0	0.00	0	0.0	0.00	0.0	0.000	0.279	80.6	92	78.1	88.8	21.16	 .0708	0.000	699	1	100.0	30
04/02/20	8:00 p	78.0	78.4	78.0	87	73.8	0.0	---	0.00	0.0	---	78.0	82.4	82.4	81.0	29.798	0.00	0.00	0	0.00	0	0.0	0.00	0.0	0.000	0.271	80.2	93	78.0	88.1	21.25	 .0708	0.001	702	1	100.0	30
04/02/20	8:30 p	77.8	78.1	77.7	87	73.6	0.0	---	0.00	0.0	---	77.8	82.1	82.1	80.7	29.812	0.00	0.00	0	0.00	0	0.0	0.00	0.0	0.000	0.267	79.9	93	77.7	87.4	21.25	 .0709	0.000	700	1	100.0	30
04/02/20	9:00 p	77.6	77.8	77.5	87	73.4	0.0	WSW	0.00	1.0	WSW	77.6	81.7	81.7	80.3	29.817	0.00	0.00	0	0.00	0	0.0	0.00	0.0	0.000	0.262	79.7	93	77.5	86.9	21.24	 .0710	0.001	702	1	100.0	30
04/02/20	9:30 p	77.0	77.7	77.0	87	72.8	0.0	WSW	0.00	1.0	WSW	77.0	80.8	80.8	79.3	29.820	0.00	0.00	0	0.00	0	0.0	0.00	0.0	0.000	0.250	79.4	93	77.2	86.2	21.24	 .0711	0.000	699	1	100.0	30
04/02/20	10:00 p	76.8	77.0	76.7	88	73.0	0.0	---	0.00	0.0	---	76.8	80.5	80.5	79.0	29.824	0.00	0.00	0	0.00	0	0.0	0.00	0.0	0.000	0.246	79.1	93	76.9	85.6	21.23	 .0711	0.001	700	1	100.0	30
04/02/20	10:30 p	76.5	76.8	76.5	88	72.7	0.0	---	0.00	0.0	---	76.5	80.1	80.1	78.6	29.817	0.00	0.00	0	0.00	0	0.0	0.00	0.0	0.000	0.240	78.8	94	76.9	85.1	21.35	 .0712	0.000	699	1	100.0	30
04/02/20	11:00 p	76.3	76.6	76.3	88	72.5	0.0	---	0.00	0.0	---	76.3	79.8	79.8	78.3	29.810	0.00	0.00	0	0.00	0	0.0	0.00	0.0	0.000	0.235	78.5	94	76.6	84.4	21.35	 .0712	0.000	702	1	100.0	30
04/02/20	11:30 p	76.2	76.4	76.2	88	72.4	0.0	---	0.00	0.0	---	76.2	79.7	79.7	78.2	29.797	0.00	0.00	0	0.00	0	0.0	0.00	0.0	0.000	0.233	78.3	94	76.4	84.0	21.35	 .0712	0.000	699	1	100.0	30
04/03/20	12:00 a	76.3	76.4	76.2	88	72.5	0.0	WSW	0.00	1.0	WSW	76.3	79.8	79.8	78.3	29.782	0.00	0.00	0	0.00	0	0.0	0.00	0.0	0.000	0.235	78.2	94	76.3	83.7	21.35	 .0712	0.000	702	1	100.0	30
04/03/20	12:30 a	76.4	76.6	76.3	88	72.6	0.0	---	0.00	0.0	---	76.4	80.0	80.0	78.5	29.771	0.00	0.00	0	0.00	0	0.0	0.00	0.0	0.000	0.238	78.2	95	76.6	83.9	21.65	 .0711	0.000	700	1	100.0	30
04/03/20	1:00 a	76.3	76.5	76.2	88	72.5	0.0	---	0.00	0.0	---	76.3	79.8	79.8	78.3	29.767	0.00	0.00	0	0.00	0	0.0	0.00	0.0	0.000	0.235	78.2	95	76.6	83.9	21.65	 .0711	0.000	702	1	100.0	30
04/03/20	1:30 a	76.2	76.3	76.2	88	72.4	0.0	---	0.00	0.0	---	76.2	79.7	79.7	78.2	29.751	0.00	0.00	0	0.00	0	0.0	0.00	0.0	0.000	0.233	78.0	95	76.5	83.4	21.65	 .0711	0.000	700	1	100.0	30
04/03/20	2:00 a	76.0	76.3	76.0	88	72.2	0.0	---	0.00	0.0	---	76.0	79.4	79.4	77.9	29.750	0.00	0.00	0	0.00	0	0.0	0.00	0.0	0.000	0.229	77.9	95	76.4	83.2	21.65	 .0711	0.000	701	1	100.0	30
04/03/20	2:30 a	75.6	76.0	75.5	88	71.8	0.0	---	0.00	0.0	---	75.6	78.9	78.9	77.4	29.751	0.00	0.00	0	0.00	0	0.0	0.00	0.0	0.000	0.221	77.6	95	76.1	82.6	21.65	 .0712	0.000	701	1	100.0	30
04/03/20	3:00 a	75.2	75.6	75.2	88	71.4	0.0	---	0.00	0.0	---	75.2	78.5	78.5	77.0	29.744	0.00	0.00	0	0.00	0	0.0	0.00	0.0	0.000	0.212	77.3	94	75.4	82.0	21.35	 .0713	0.000	701	1	100.0	30
04/03/20	3:30 a	74.8	75.2	74.8	88	71.0	0.0	---	0.00	0.0	---	74.8	77.9	77.9	76.4	29.744	0.00	0.00	0	0.00	0	0.0	0.00	0.0	0.000	0.204	77.0	95	75.5	81.5	21.65	 .0713	0.000	702	1	100.0	30
04/03/20	4:00 a	74.6	74.9	74.6	88	70.8	0.0	---	0.00	0.0	---	74.6	77.5	77.5	75.9	29.755	0.00	0.00	0	0.00	0	0.0	0.00	0.0	0.000	0.200	76.7	95	75.2	81.0	21.65	 .0714	0.000	701	1	100.0	30
04/03/20	4:30 a	74.4	74.6	74.4	88	70.6	0.0	---	0.00	0.0	---	74.4	77.1	77.1	75.5	29.762	0.00	0.00	0	0.00	0	0.0	0.00	0.0	0.000	0.196	76.5	95	75.0	80.8	21.65	 .0715	0.000	700	1	100.0	30
04/03/20	5:00 a	74.3	74.5	74.2	88	70.5	0.0	---	0.00	0.0	---	74.3	76.9	76.9	75.3	29.765	0.00	0.00	0	0.00	0	0.0	0.00	0.0	0.000	0.194	76.4	95	74.9	80.6	21.65	 .0715	0.000	700	1	100.0	30
04/03/20	5:30 a	74.3	74.4	74.2	88	70.5	0.0	---	0.00	0.0	---	74.3	76.9	76.9	75.3	29.779	0.00	0.00	0	0.00	0	0.0	0.00	0.0	0.000	0.194	76.2	95	74.7	80.3	21.65	 .0716	0.000	702	1	100.0	30
04/03/20	6:00 a	75.0	75.0	74.3	88	71.2	0.0	---	0.00	0.0	---	75.0	78.2	78.2	77.1	29.789	0.00	0.00	21	0.90	40	0.0	0.00	0.0	0.000	0.208	76.6	95	75.1	80.9	21.65	 .0715	0.000	701	1	100.0	30
04/03/20	6:30 a	76.1	76.1	74.9	88	72.3	0.0	---	0.00	0.0	---	76.1	79.5	79.5	81.5	29.800	0.00	0.00	63	2.71	86	0.0	0.00	0.0	0.000	0.231	77.5	96	76.3	82.6	21.75	 .0713	0.000	702	1	100.0	30
04/03/20	7:00 a	77.1	77.3	76.0	88	73.3	0.0	---	0.00	0.0	---	77.1	81.0	81.0	84.4	29.815	0.00	0.00	108	4.64	127	0.3	0.06	0.7	0.000	0.252	78.9	95	77.3	85.6	21.65	 .0711	0.002	699	1	100.0	30
04/03/20	7:30 a	78.6	78.6	77.1	89	75.1	0.0	---	0.00	0.0	---	78.6	83.8	83.8	88.1	29.827	0.00	0.00	150	6.45	165	1.0	0.21	1.3	0.000	0.283	79.9	94	78.0	87.6	21.35	 .0709	0.000	702	1	100.0	30
04/03/20	8:00 a	80.2	80.2	78.7	88	76.3	0.0	---	0.00	0.0	---	80.2	86.8	86.8	95.0	29.833	0.00	0.00	322	13.85	492	1.8	0.39	2.4	0.000	0.317	81.4	93	79.2	91.3	21.28	 .0707	0.006	703	1	100.0	30
04/03/20	8:30 a	81.2	82.0	80.2	86	76.6	0.0	SE	0.00	1.0	WSW	81.2	88.6	88.6	97.0	29.833	0.00	0.00	364	15.65	582	2.6	0.56	3.1	0.000	0.337	83.0	92	80.4	95.8	21.21	 .0704	0.000	700	1	100.0	30
04/03/20	9:00 a	80.5	81.2	80.4	87	76.3	0.0	---	0.00	0.0	---	80.5	87.2	87.2	88.9	29.843	0.00	0.00	96	4.13	118	2.7	0.58	3.5	0.000	0.323	82.7	93	80.5	95.4	21.30	 .0704	0.006	702	1	100.0	30
04/03/20	9:30 a	81.3	81.5	80.3	86	76.7	0.0	SE	0.00	2.0	SE	81.3	88.9	88.9	91.9	29.841	0.00	0.00	152	6.54	396	3.8	0.81	6.2	0.000	0.340	83.2	92	80.6	96.4	21.21	 .0703	0.000	701	1	100.0	30
04/03/20	10:00 a	87.3	87.8	81.3	74	78.0	1.0	E	0.50	5.0	S	87.3	99.7	99.7	103.9	29.844	0.00	0.00	204	8.77	276	7.1	1.52	8.1	0.000	0.465	85.4	88	81.4	101.2	18.83	 .0700	0.005	701	1	100.0	30
04/03/20	10:30 a	88.7	89.2	85.9	71	78.1	2.0	SSW	1.00	7.0	SSW	88.7	101.9	101.9	110.6	29.835	0.00	0.00	418	17.98	967	8.5	1.82	9.4	0.000	0.494	86.9	85	81.8	105.0	17.54	 .0697	0.000	698	1	100.0	30
04/03/20	11:00 a	88.6	89.1	87.9	67	76.2	3.0	SSW	1.50	7.0	SW	88.6	99.5	99.5	110.8	29.820	0.00	0.00	974	41.89	986	9.8	2.10	10.1	0.000	0.492	87.9	81	81.3	105.0	16.03	 .0696	0.020	702	1	100.0	30
04/03/20	11:30 a	89.4	90.0	88.6	66	76.5	2.0	SW	1.00	6.0	SSW	89.4	101.4	101.4	111.7	29.817	0.00	0.00	1007	43.31	1020	10.5	2.25	10.8	0.000	0.508	88.7	80	81.7	107.8	15.60	 .0695	0.000	699	1	100.0	30
04/03/20	12:00 p	89.3	90.2	88.8	68	77.3	2.0	E	1.00	6.0	W	89.3	102.2	102.2	113.3	29.798	0.00	0.00	1026	44.12	1034	10.9	2.34	11.0	0.000	0.506	89.2	80	82.2	110.0	15.58	 .0693	0.028	703	1	100.0	30
04/03/20	12:30 p	89.7	89.7	88.9	70	78.6	2.0	SSW	1.00	8.0	W	89.7	104.7	104.7	116.6	29.784	0.00	0.00	1022	43.95	1032	10.8	2.31	11.0	0.000	0.515	89.3	79	81.9	109.7	15.19	 .0693	0.000	700	1	100.0	30
04/03/20	1:00 p	89.1	90.6	89.1	71	78.5	3.0	SW	1.50	8.0	SW	89.1	103.3	103.3	116.1	29.771	0.00	0.00	1008	43.35	1143	10.0	2.14	10.6	0.000	0.502	89.1	79	81.7	108.9	15.20	 .0693	0.028	701	1	100.0	30
04/03/20	1:30 p	88.4	89.1	87.8	73	78.6	3.0	S	1.50	8.0	SSW	88.4	102.0	102.0	115.1	29.755	0.00	0.00	935	40.21	1218	7.8	1.67	9.4	0.000	0.488	89.2	80	82.2	110.0	15.58	 .0692	0.000	701	1	100.0	30
04/03/20	2:00 p	89.0	89.1	87.4	72	78.8	3.0	S	1.50	7.0	SE	89.0	103.6	103.6	118.2	29.735	0.00	0.00	916	39.39	1100	6.6	1.41	8.3	0.000	0.500	89.2	79	81.8	109.3	15.20	 .0692	0.023	701	1	100.0	30
04/03/20	2:30 p	87.4	89.8	87.4	70	76.4	2.0	SE	1.00	5.0	SSW	87.4	98.1	98.1	110.3	29.721	0.00	0.00	678	29.16	977	5.1	1.09	6.7	0.000	0.467	88.7	80	81.7	107.8	15.60	 .0692	0.000	700	1	100.0	30
04/03/20	3:00 p	86.6	88.1	86.6	73	76.9	2.0	SE	1.00	6.0	ESE	86.6	97.8	97.8	109.2	29.709	0.00	0.00	476	20.47	860	3.0	0.64	4.4	0.000	0.450	88.0	80	81.0	104.4	15.63	 .0694	0.016	700	1	100.0	30
04/03/20	3:30 p	88.1	88.2	86.0	73	78.3	2.0	S	1.00	6.0	ESE	88.1	100.8	100.8	115.8	29.704	0.00	0.00	559	24.04	752	2.5	0.54	2.9	0.000	0.481	87.8	81	81.2	104.7	16.04	 .0694	0.000	701	1	100.0	30
04/03/20	4:00 p	86.9	88.3	86.4	73	77.2	2.0	SSE	1.00	10.0	ESE	86.9	98.5	98.5	113.2	29.701	0.00	0.00	442	19.01	534	1.6	0.34	2.2	0.000	0.456	87.0	82	80.8	103.4	16.47	 .0695	0.014	701	1	100.0	30
04/03/20	4:30 p	85.1	86.9	85.1	75	76.3	2.0	SE	1.00	6.0	SSE	85.1	94.8	94.8	100.9	29.709	0.00	0.00	172	7.40	369	0.8	0.17	1.2	0.000	0.419	86.3	83	80.5	101.4	16.80	 .0696	0.000	703	1	100.0	30
04/03/20	5:00 p	84.5	85.4	84.5	77	76.5	1.0	SSE	0.50	8.0	S	84.5	94.4	94.4	94.1	29.719	0.00	0.00	58	2.49	81	0.0	0.00	0.5	0.000	0.406	85.8	85	80.8	100.6	17.60	 .0697	0.004	699	1	100.0	30
04/03/20	5:30 p	83.5	84.5	83.5	80	76.7	0.0	SE	0.00	4.0	SSE	83.5	93.1	93.1	92.3	29.734	0.00	0.00	33	1.42	47	0.0	0.00	0.0	0.000	0.385	85.2	86	80.5	99.5	18.04	 .0698	0.000	699	1	100.0	30
04/03/20	6:00 p	82.2	83.6	82.2	82	76.2	0.0	S	0.00	2.0	S	82.2	90.1	90.1	88.7	29.740	0.00	0.00	4	0.17	14	0.0	0.00	0.0	0.000	0.358	84.7	87	80.4	98.6	18.47	 .0699	0.001	695	1	100.0	30
04/03/20	6:30 p	81.5	82.2	81.4	84	76.2	0.0	S	0.00	1.0	S	81.5	88.8	88.8	87.3	29.746	0.00	0.00	0	0.00	0	0.0	0.00	0.0	0.000	0.344	84.2	88	80.3	97.8	18.93	 .0700	0.000	701	1	100.0	30
04/03/20	7:00 p	80.7	81.5	80.6	85	75.8	0.0	S	0.00	1.0	S	80.7	87.1	87.1	85.5	29.758	0.00	0.00	0	0.00	0	0.0	0.00	0.0	0.000	0.327	83.7	88	79.8	96.3	18.98	 .0701	0.001	699	1	100.0	30
04/03/20	7:30 p	79.8	80.7	79.7	85	74.9	0.0	S	0.00	1.0	S	79.8	85.2	85.2	83.6	29.765	0.00	0.00	0	0.00	0	0.0	0.00	0.0	0.000	0.308	83.1	89	79.5	94.8	19.64	 .0703	0.000	699	1	100.0	30
04/03/20	8:00 p	79.4	79.8	79.4	86	74.8	0.0	---	0.00	0.0	---	79.4	84.7	84.7	83.1	29.765	0.00	0.00	0	0.00	0	0.0	0.00	0.0	0.000	0.300	82.6	89	79.0	93.4	19.69	 .0704	0.001	693	1	100.0	30
04/03/20	8:30 p	78.9	79.4	78.9	86	74.4	0.0	---	0.00	0.0	---	78.9	83.7	83.7	82.1	29.765	0.00	0.00	0	0.00	0	0.0	0.00	0.0	0.000	0.290	82.1	90	78.9	92.4	20.28	 .0704	0.000	696	1	100.0	30
04/03/20	9:00 p	78.4	78.9	78.4	86	73.9	0.0	---	0.00	0.0	---	78.4	82.9	82.9	81.2	29.765	0.00	0.00	0	0.00	0	0.0	0.00	0.0	0.000	0.279	81.7	90	78.5	91.2	20.31	 .0705	0.001	693	1	100.0	30
04/03/20	9:30 p	78.1	78.4	78.1	87	73.9	0.0	---	0.00	0.0	---	78.1	82.6	82.6	80.9	29.776	0.00	0.00	0	0.00	0	0.0	0.00	0.0	0.000	0.273	81.3	90	78.1	90.1	20.35	 .0706	0.000	699	1	100.0	30
04/03/20	10:00 p	77.9	78.2	77.8	87	73.7	0.0	---	0.00	0.0	---	77.9	82.2	82.2	80.5	29.771	0.00	0.00	0	0.00	0	0.0	0.00	0.0	0.000	0.269	80.9	91	78.0	89.3	20.98	 .0707	0.001	701	1	100.0	30
04/03/20	10:30 p	77.6	77.9	77.5	87	73.4	0.0	---	0.00	0.0	---	77.6	81.7	81.7	80.0	29.767	0.00	0.00	0	0.00	0	0.0	0.00	0.0	0.000	0.262	80.6	91	77.7	88.5	21.00	 .0707	0.000	700	1	100.0	30
04/03/20	11:00 p	77.4	77.6	77.3	87	73.2	0.0	---	0.00	0.0	---	77.4	81.4	81.4	79.7	29.762	0.00	0.00	0	0.00	0	0.0	0.00	0.0	0.000	0.258	80.3	91	77.4	87.8	21.03	 .0708	0.001	699	1	100.0	30
04/03/20	11:30 p	77.1	77.4	77.1	87	72.9	0.0	---	0.00	0.0	---	77.1	80.9	80.9	79.1	29.756	0.00	0.00	0	0.00	0	0.0	0.00	0.0	0.000	0.252	80.1	92	77.6	87.6	21.15	 .0708	0.000	700	1	100.0	30
04/04/20	12:00 a	76.8	77.1	76.8	87	72.6	0.0	---	0.00	0.0	---	76.8	80.5	80.5	78.7	29.750	0.00	0.00	0	0.00	0	0.0	0.00	0.0	0.000	0.246	79.8	92	77.3	86.9	21.15	 .0708	0.001	700	1	100.0	30
04/04/20	12:30 a	76.5	76.9	76.5	88	72.7	0.0	---	0.00	0.0	---	76.5	80.1	80.1	78.3	29.742	0.00	0.00	0	0.00	0	0.0	0.00	0.0	0.000	0.240	79.5	92	77.0	86.2	21.14	 .0709	0.000	700	1	100.0	30
04/04/20	1:00 a	76.4	76.6	76.4	88	72.6	0.0	---	0.00	0.0	---	76.4	80.0	80.0	78.2	29.735	0.00	0.00	0	0.00	0	0.0	0.00	0.0	0.000	0.238	79.3	92	76.8	85.8	21.14	 .0709	0.001	701	1	100.0	30
04/04/20	1:30 a	76.7	76.7	76.4	88	72.9	0.0	---	0.00	0.0	---	76.7	80.4	80.4	78.6	29.727	0.00	0.00	0	0.00	0	0.0	0.00	0.0	0.000	0.244	79.3	93	77.1	86.0	21.24	 .0708	0.000	701	1	100.0	30
04/04/20	2:00 a	76.9	76.9	76.6	88	73.1	0.0	---	0.00	0.0	---	76.9	80.7	80.7	79.0	29.719	0.00	0.00	0	0.00	0	0.0	0.00	0.0	0.000	0.248	79.3	93	77.1	86.0	21.24	 .0708	0.000	700	1	100.0	30
04/04/20	2:30 a	76.6	77.0	76.6	88	72.8	0.0	---	0.00	0.0	---	76.6	80.3	80.3	78.5	29.716	0.00	0.00	0	0.00	0	0.0	0.00	0.0	0.000	0.242	79.2	93	77.0	85.8	21.23	 .0708	0.000	700	1	100.0	30
04/04/20	3:00 a	76.3	76.6	76.2	88	72.5	0.0	---	0.00	0.0	---	76.3	79.8	79.8	78.0	29.714	0.00	0.00	0	0.00	0	0.0	0.00	0.0	0.000	0.235	79.0	93	76.8	85.4	21.23	 .0709	0.000	700	1	100.0	30
04/04/20	3:30 a	76.1	76.3	76.1	88	72.3	0.0	---	0.00	0.0	---	76.1	79.5	79.5	77.7	29.715	0.00	0.00	0	0.00	0	0.0	0.00	0.0	0.000	0.231	78.7	93	76.5	84.7	21.22	 .0709	0.000	702	1	100.0	30
04/04/20	4:00 a	75.9	76.1	75.8	88	72.1	0.0	---	0.00	0.0	---	75.9	79.3	79.3	77.5	29.720	0.00	0.00	0	0.00	0	0.0	0.00	0.0	0.000	0.227	78.4	93	76.2	84.0	21.22	 .0710	0.000	700	1	100.0	30
04/04/20	4:30 a	75.7	75.9	75.7	88	71.9	0.0	---	0.00	0.0	---	75.7	79.0	79.0	77.2	29.723	0.00	0.00	0	0.00	0	0.0	0.00	0.0	0.000	0.223	78.2	93	76.0	83.6	21.21	 .0711	0.000	701	1	100.0	30
04/04/20	5:00 a	75.5	75.8	75.4	88	71.7	0.0	---	0.00	0.0	---	75.5	78.8	78.8	77.0	29.724	0.00	0.00	0	0.00	0	0.0	0.00	0.0	0.000	0.219	78.0	94	76.1	83.3	21.35	 .0711	0.000	700	1	100.0	30
04/04/20	5:30 a	75.5	75.7	75.4	88	71.7	0.0	---	0.00	0.0	---	75.5	78.8	78.8	77.0	29.731	0.00	0.00	0	0.00	0	0.0	0.00	0.0	0.000	0.219	77.9	94	76.0	83.1	21.35	 .0711	0.000	699	1	100.0	30
04/04/20	6:00 a	75.5	75.6	75.3	88	71.7	0.0	---	0.00	0.0	---	75.5	78.8	78.8	77.2	29.745	0.00	0.00	11	0.47	21	0.0	0.00	0.0	0.000	0.219	77.9	94	76.0	83.1	21.35	 .0712	0.000	701	1	100.0	30
04/04/20	6:30 a	76.3	76.3	75.5	88	72.5	0.0	---	0.00	0.0	---	76.3	79.8	79.8	80.3	29.756	0.00	0.00	31	1.33	40	0.0	0.00	0.0	0.000	0.235	78.5	94	76.6	84.4	21.35	 .0711	0.000	702	1	100.0	30
04/04/20	7:00 a	77.3	77.3	76.3	88	73.5	0.0	S	0.00	1.0	S	77.3	81.3	81.3	82.3	29.768	0.00	0.00	47	2.02	51	0.0	0.00	0.0	0.000	0.256	79.8	93	77.6	87.1	21.25	 .0708	0.001	701	1	100.0	30
04/04/20	7:30 a	79.2	79.2	77.3	88	75.3	0.0	S	0.00	2.0	S	79.2	84.7	84.7	85.8	29.779	0.00	0.00	57	2.45	74	0.7	0.15	1.2	0.000	0.296	81.3	93	79.1	91.0	21.28	 .0706	0.000	699	1	100.0	30
04/04/20	8:00 a	81.7	81.7	79.1	88	77.8	1.0	NE	0.50	2.0	SE	81.7	90.6	90.6	99.0	29.791	0.00	0.00	326	14.02	624	1.8	0.39	2.4	0.000	0.348	83.1	92	80.5	96.1	21.21	 .0702	0.005	701	1	100.0	30
04/04/20	8:30 a	83.3	84.5	81.7	82	77.2	1.0	SE	0.50	5.0	S	83.3	93.1	93.1	100.9	29.805	0.00	0.00	335	14.41	682	2.2	0.47	3.6	0.000	0.381	84.4	90	81.1	99.2	20.10	 .0701	0.000	701	1	100.0	30
04/04/20	9:00 a	86.0	86.0	83.2	81	79.5	1.0	SE	0.50	3.0	S	86.0	99.3	99.3	111.7	29.805	0.00	0.00	681	29.29	728	4.5	0.96	5.7	0.000	0.438	85.6	88	81.6	101.9	18.81	 .0699	0.013	702	1	100.0	30
04/04/20	9:30 a	88.1	88.4	85.9	71	77.5	2.0	S	1.00	6.0	SSW	88.1	99.8	99.8	109.9	29.803	0.00	0.00	506	21.76	722	6.1	1.31	7.2	0.000	0.481	86.9	84	81.5	104.3	17.17	 .0697	0.000	701	1	100.0	30
04/04/20	10:00 a	89.2	89.3	88.0	71	78.6	2.0	S	1.00	6.0	E	89.2	103.7	103.7	107.4	29.807	0.00	0.00	181	7.78	334	7.9	1.69	8.6	0.000	0.504	88.0	82	81.8	106.0	16.43	 .0695	0.010	702	1	100.0	30
04/04/20	10:30 a	89.9	90.2	89.0	71	79.2	2.0	SSW	1.00	6.0	ESE	89.9	106.2	106.2	112.5	29.799	0.00	0.00	291	12.51	1044	9.0	1.93	10.1	0.000	0.519	89.0	82	82.8	111.0	16.39	 .0693	0.000	698	1	100.0	30
04/04/20	11:00 a	89.6	90.6	89.0	74	80.2	2.0	SW	1.00	8.0	S	89.6	107.2	107.2	118.9	29.788	0.00	0.00	1085	46.66	1192	10.2	2.19	10.9	0.000	0.512	89.7	80	82.7	112.1	15.56	 .0692	0.019	701	1	100.0	30
04/04/20	11:30 a	90.0	90.8	89.1	69	78.5	3.0	SE	1.50	9.0	S	90.0	105.2	105.2	116.8	29.779	0.00	0.00	1108	47.65	1215	11.2	2.40	11.5	0.000	0.521	90.7	79	83.3	115.8	15.12	 .0690	0.000	701	1	100.0	30
04/04/20	12:00 p	90.3	90.7	89.4	68	78.3	3.0	SE	1.50	12.0	SSE	90.3	105.5	105.5	117.2	29.758	0.00	0.00	1082	46.53	1280	11.1	2.38	11.9	0.000	0.527	91.1	78	83.3	116.8	14.75	 .0689	0.029	702	1	100.0	30
04/04/20	12:30 p	90.5	91.4	90.1	68	78.5	3.0	SSE	1.50	9.0	SSE	90.5	106.1	106.1	118.6	29.751	0.00	0.00	1074	46.19	1230	11.2	2.40	11.9	0.000	0.531	91.9	76	83.2	118.5	14.25	 .0688	0.000	698	1	100.0	30
04/04/20	1:00 p	90.2	91.2	89.7	70	79.1	3.0	S	1.50	10.0	SSE	90.2	106.4	106.4	119.8	29.739	0.00	0.00	1052	45.24	1171	10.1	2.16	10.8	0.000	0.525	91.9	76	83.2	118.5	14.25	 .0688	0.029	701	1	100.0	30
04/04/20	1:30 p	91.9	92.0	89.8	66	78.9	3.0	ENE	1.50	11.0	SSE	91.9	109.0	109.0	123.0	29.729	0.00	0.00	996	42.83	1074	9.2	1.97	9.9	0.000	0.560	91.8	75	82.7	116.9	14.01	 .0688	0.000	701	1	100.0	30
04/04/20	2:00 p	90.7	91.9	89.1	67	78.2	3.0	SE	1.50	11.0	SE	90.7	106.1	106.1	119.9	29.714	0.00	0.00	874	37.59	921	7.5	1.61	8.4	0.000	0.535	91.3	76	82.7	115.7	14.25	 .0688	0.026	699	1	100.0	30
04/04/20	2:30 p	88.8	90.6	88.7	71	78.2	3.0	SE	1.50	10.0	SE	88.8	102.2	102.2	116.5	29.700	0.00	0.00	782	33.63	824	5.9	1.26	6.7	0.000	0.496	90.7	76	82.1	113.1	14.25	 .0689	0.000	699	1	100.0	30
04/04/20	3:00 p	88.8	90.0	88.8	70	77.7	3.0	ESE	1.50	10.0	SE	88.8	101.6	101.6	116.3	29.691	0.00	0.00	677	29.11	728	4.3	0.92	5.0	0.000	0.496	89.7	77	81.5	109.8	14.57	 .0691	0.020	699	1	100.0	30
04/04/20	3:30 p	88.2	89.0	87.7	70	77.2	3.0	SSE	1.50	9.0	SE	88.2	99.7	99.7	114.3	29.687	0.00	0.00	548	23.57	617	2.8	0.60	3.5	0.000	0.483	88.8	78	81.0	106.8	14.85	 .0692	0.000	701	1	100.0	30
04/04/20	4:00 p	87.1	88.8	87.1	71	76.5	2.0	SE	1.00	9.0	SE	87.1	98.1	98.1	111.7	29.685	0.00	0.00	417	17.93	483	1.6	0.34	2.2	0.000	0.460	88.2	79	80.9	104.7	15.26	 .0693	0.014	698	1	100.0	30
04/04/20	4:30 p	86.2	87.7	86.2	74	76.9	2.0	SE	1.00	6.0	ESE	86.2	97.2	97.2	102.6	29.690	0.00	0.00	158	6.79	352	0.8	0.17	1.2	0.000	0.442	87.7	81	81.1	104.5	16.04	 .0694	0.000	702	1	100.0	30
04/04/20	5:00 p	85.5	86.2	85.4	76	77.1	2.0	SSE	1.00	7.0	E	85.5	96.2	96.2	96.0	29.698	0.00	0.00	59	2.54	70	0.1	0.02	0.5	0.000	0.427	87.1	83	81.3	104.4	16.77	 .0694	0.004	702	1	100.0	30
04/04/20	5:30 p	83.8	85.5	83.8	80	77.0	1.0	S	0.50	4.0	SSE	83.8	93.9	93.9	93.1	29.711	0.00	0.00	32	1.38	44	0.0	0.00	0.0	0.000	0.392	86.6	84	81.2	103.1	17.19	 .0695	0.000	698	1	100.0	30
04/04/20	6:00 p	82.8	83.8	82.8	82	76.7	0.0	S	0.00	2.0	S	82.8	91.7	91.7	90.3	29.721	0.00	0.00	4	0.17	14	0.0	0.00	0.0	0.000	0.371	85.9	85	80.9	100.9	17.60	 .0697	0.001	700	1	100.0	30
04/04/20	6:30 p	82.2	82.8	82.2	83	76.5	0.0	S	0.00	2.0	S	82.2	90.3	90.3	88.8	29.727	0.00	0.00	0	0.00	0	0.0	0.00	0.0	0.000	0.358	85.2	86	80.5	99.5	18.04	 .0698	0.000	698	1	100.0	30
04/04/20	7:00 p	81.8	82.3	81.7	84	76.5	0.0	S	0.00	2.0	S	81.8	89.6	89.6	88.1	29.742	0.00	0.00	0	0.00	0	0.0	0.00	0.0	0.000	0.350	84.8	87	80.5	98.9	18.46	 .0699	0.001	699	1	100.0	30
04/04/20	7:30 p	81.7	81.9	81.7	84	76.4	0.0	S	0.00	2.0	S	81.7	89.3	89.3	87.8	29.755	0.00	0.00	0	0.00	0	0.0	0.00	0.0	0.000	0.348	84.7	88	80.7	99.1	18.88	 .0699	0.000	696	1	100.0	30
04/04/20	8:00 p	81.3	81.8	81.2	85	76.4	0.0	S	0.00	1.0	S	81.3	88.6	88.6	87.1	29.763	0.00	0.00	0	0.00	0	0.0	0.00	0.0	0.000	0.340	84.3	88	80.4	98.0	18.92	 .0700	0.001	699	1	100.0	30
04/04/20	8:30 p	80.7	81.3	80.7	85	75.8	0.0	S	0.00	1.0	S	80.7	87.1	87.1	85.5	29.767	0.00	0.00	0	0.00	0	0.0	0.00	0.0	0.000	0.327	83.7	89	80.1	96.7	19.58	 .0701	0.000	697	1	100.0	30
04/04/20	9:00 p	80.2	80.7	80.2	86	75.6	0.0	---	0.00	0.0	---	80.2	86.3	86.3	84.7	29.774	0.00	0.00	0	0.00	0	0.0	0.00	0.0	0.000	0.317	83.2	90	80.0	95.4	20.19	 .0702	0.001	698	1	100.0	30
04/04/20	9:30 p	79.9	80.3	79.8	86	75.3	0.0	S	0.00	1.0	S	79.9	85.6	85.6	84.0	29.782	0.00	0.00	0	0.00	0	0.0	0.00	0.0	0.000	0.310	82.8	90	79.6	94.3	20.23	 .0703	0.000	699	1	100.0	30
04/04/20	10:00 p	79.8	79.9	79.6	87	75.6	0.0	---	0.00	0.0	---	79.8	85.7	85.7	84.1	29.779	0.00	0.00	0	0.00	0	0.0	0.00	0.0	0.000	0.308	82.5	91	79.6	93.9	20.85	 .0704	0.001	699	1	100.0	30
04/04/20	10:30 p	79.4	79.8	79.3	87	75.2	0.0	---	0.00	0.0	---	79.4	84.9	84.9	83.3	29.772	0.00	0.00	0	0.00	0	0.0	0.00	0.0	0.000	0.300	82.3	91	79.4	93.3	20.87	 .0704	0.000	699	1	100.0	30
04/04/20	11:00 p	79.1	79.4	79.0	87	74.9	0.0	---	0.00	0.0	---	79.1	84.3	84.3	82.7	29.766	0.00	0.00	0	0.00	0	0.0	0.00	0.0	0.000	0.294	81.8	92	79.2	92.2	21.19	 .0705	0.001	699	1	100.0	30
04/04/20	11:30 p	79.2	79.2	79.0	87	75.0	0.0	---	0.00	0.0	---	79.2	84.5	84.5	82.9	29.756	0.00	0.00	0	0.00	0	0.0	0.00	0.0	0.000	0.296	81.8	92	79.2	92.2	21.19	 .0704	0.000	700	1	100.0	30
04/05/20	12:00 a	79.2	79.3	79.1	87	75.0	0.0	---	0.00	0.0	---	79.2	84.5	84.5	82.9	29.750	0.00	0.00	0	0.00	0	0.0	0.00	0.0	0.000	0.296	81.9	92	79.3	92.5	21.19	 .0704	0.001	701	1	100.0	30
04/05/20	12:30 a	79.3	79.3	79.2	87	75.1	0.0	---	0.00	0.0	---	79.3	84.7	84.7	83.1	29.738	0.00	0.00	0	0.00	0	0.0	0.00	0.0	0.000	0.298	81.8	92	79.2	92.2	21.19	 .0704	0.000	701	1	100.0	30
04/05/20	1:00 a	79.1	79.3	79.1	87	74.9	0.0	---	0.00	0.0	---	79.1	84.3	84.3	82.7	29.734	0.00	0.00	0	0.00	0	0.0	0.00	0.0	0.000	0.294	81.6	93	79.4	91.9	21.28	 .0704	0.001	700	1	100.0	30
04/05/20	1:30 a	78.9	79.2	78.9	87	74.7	0.0	---	0.00	0.0	---	78.9	83.9	83.9	82.3	29.731	0.00	0.00	0	0.00	0	0.0	0.00	0.0	0.000	0.290	81.5	93	79.3	91.6	21.28	 .0704	0.000	701	1	100.0	30
04/05/20	2:00 a	79.1	79.1	78.9	87	74.9	0.0	---	0.00	0.0	---	79.1	84.3	84.3	82.7	29.734	0.00	0.00	0	0.00	0	0.0	0.00	0.0	0.000	0.294	81.3	93	79.1	91.0	21.28	 .0705	0.001	700	1	100.0	30
04/05/20	2:30 a	78.9	79.2	78.9	87	74.7	0.0	---	0.00	0.0	---	78.9	83.9	83.9	82.3	29.726	0.00	0.00	0	0.00	0	0.0	0.00	0.0	0.000	0.290	81.3	93	79.1	91.0	21.28	 .0704	0.000	699	1	100.0	30
04/05/20	3:00 a	78.9	79.1	78.9	87	74.7	0.0	---	0.00	0.0	---	78.9	83.9	83.9	82.3	29.726	0.00	0.00	0	0.00	0	0.0	0.00	0.0	0.000	0.290	81.2	94	79.3	91.0	21.37	 .0704	0.001	697	1	100.0	30
04/05/20	3:30 a	78.5	78.9	78.5	87	74.3	0.0	---	0.00	0.0	---	78.5	83.2	83.2	81.6	29.729	0.00	0.00	0	0.00	0	0.0	0.00	0.0	0.000	0.281	81.0	93	78.8	90.1	21.27	 .0705	0.000	701	1	100.0	30
04/05/20	4:00 a	78.0	78.6	78.0	87	73.8	0.0	---	0.00	0.0	---	78.0	82.4	82.4	80.7	29.735	0.00	0.00	0	0.00	0	0.0	0.00	0.0	0.000	0.271	80.7	93	78.5	89.3	21.26	 .0706	0.001	700	1	100.0	30
04/05/20	4:30 a	77.5	78.0	77.5	88	73.7	0.0	---	0.00	0.0	---	77.5	81.7	81.7	80.0	29.743	0.00	0.00	0	0.00	0	0.0	0.00	0.0	0.000	0.260	80.3	93	78.1	88.3	21.26	 .0707	0.000	699	1	100.0	30
04/05/20	5:00 a	77.3	77.6	77.3	87	73.1	0.0	---	0.00	0.0	---	77.3	81.2	81.2	79.5	29.751	0.00	0.00	0	0.00	0	0.0	0.00	0.0	0.000	0.256	80.0	93	77.8	87.6	21.25	 .0708	0.001	700	1	100.0	30
04/05/20	5:30 a	77.2	77.4	77.2	88	73.4	0.0	---	0.00	0.0	---	77.2	81.2	81.2	79.5	29.757	0.00	0.00	0	0.00	0	0.0	0.00	0.0	0.000	0.254	79.8	93	77.6	87.1	21.25	 .0708	0.000	703	1	100.0	30
04/05/20	6:00 a	77.2	77.3	77.1	88	73.4	0.0	---	0.00	0.0	---	77.2	81.2	81.2	79.7	29.770	0.00	0.00	10	0.43	18	0.0	0.00	0.0	0.000	0.254	79.7	94	77.8	87.2	21.35	 .0708	0.000	698	1	100.0	30
04/05/20	6:30 a	77.8	77.8	77.2	88	74.0	0.0	---	0.00	0.0	---	77.8	82.2	82.2	82.8	29.782	0.00	0.00	31	1.33	42	0.0	0.00	0.0	0.000	0.267	80.0	94	78.1	87.8	21.35	 .0708	0.000	698	1	100.0	30
04/05/20	7:00 a	78.7	78.7	77.8	88	74.8	0.0	---	0.00	0.0	---	78.7	83.8	83.8	84.8	29.799	0.00	0.00	46	1.98	51	0.0	0.00	0.0	0.000	0.285	81.4	94	79.5	91.7	21.38	 .0706	0.001	700	1	100.0	30
04/05/20	7:30 a	80.0	80.0	78.7	88	76.1	0.0	S	0.00	2.0	S	80.0	86.3	86.3	87.6	29.808	0.00	0.00	60	2.58	98	0.6	0.13	1.3	0.000	0.313	83.1	93	80.9	96.6	21.31	 .0703	0.000	701	1	100.0	30
04/05/20	8:00 a	82.1	82.1	79.9	87	77.8	1.0	S	0.50	4.0	S	82.1	91.3	91.3	96.7	29.830	0.00	0.00	206	8.86	545	1.8	0.39	2.7	0.000	0.356	84.2	91	81.3	99.1	20.71	 .0701	0.004	700	1	100.0	30
04/05/20	8:30 a	86.9	87.2	82.2	76	78.4	1.0	S	0.50	6.0	ESE	86.9	99.8	99.8	111.8	29.832	0.00	0.00	595	25.59	652	3.4	0.73	4.1	0.000	0.456	86.0	88	82.0	103.2	18.79	 .0698	0.000	701	1	100.0	30
04/05/20	9:00 a	87.8	88.0	86.9	73	78.1	1.0	SW	0.50	5.0	SSE	87.8	100.1	100.1	112.2	29.833	0.00	0.00	642	27.61	805	4.6	0.99	5.7	0.000	0.475	87.2	83	81.4	104.6	16.76	 .0697	0.016	701	1	100.0	30
04/05/20	9:30 a	89.2	89.3	87.1	71	78.6	1.0	SE	0.50	6.0	SSE	89.2	103.7	103.7	115.9	29.829	0.00	0.00	672	28.90	831	6.3	1.35	7.3	0.000	0.504	88.0	84	82.6	107.7	17.13	 .0695	0.000	699	1	100.0	30
04/05/20	10:00 a	89.8	89.8	88.8	68	77.8	2.0	S	1.00	6.0	SSE	89.8	103.9	103.9	111.6	29.826	0.00	0.00	364	15.65	666	8.0	1.71	9.0	0.000	0.517	89.1	80	82.1	109.6	15.59	 .0694	0.014	697	1	100.0	30
04/05/20	10:30 a	89.5	90.1	87.3	71	78.8	2.0	SSW	1.00	7.0	ESE	89.5	104.7	104.7	113.5	29.823	0.00	0.00	422	18.15	1014	8.1	1.74	10.4	0.000	0.510	89.3	81	82.7	111.5	15.98	 .0693	0.000	701	1	100.0	30
04/05/20	11:00 a	89.6	90.2	89.3	71	78.9	2.0	S	1.00	8.0	SSW	89.6	105.1	105.1	115.8	29.803	0.00	0.00	1014	43.61	1030	10.7	2.29	11.1	0.000	0.512	90.1	79	82.7	113.0	15.15	 .0692	0.020	703	1	100.0	30
04/05/20	11:30 a	90.7	90.8	89.7	66	77.8	2.0	SSW	1.00	6.0	S	90.7	105.4	105.4	116.0	29.795	0.00	0.00	1033	44.42	1041	11.4	2.44	11.7	0.000	0.535	90.6	75	81.6	111.8	14.04	 .0692	0.000	698	1	100.0	30
04/05/20	12:00 p	90.8	90.9	89.6	67	78.3	3.0	S	1.50	7.0	WSW	90.8	106.4	106.4	117.6	29.780	0.00	0.00	1044	44.90	1051	11.7	2.51	11.7	0.000	0.538	91.0	75	82.0	113.4	14.03	 .0691	0.029	701	1	100.0	30
04/05/20	12:30 p	91.3	91.9	90.1	67	78.8	3.0	S	1.50	7.0	SSW	91.3	107.9	107.9	120.2	29.767	0.00	0.00	1062	45.67	1127	11.4	2.44	11.7	0.000	0.548	91.7	74	82.2	115.4	13.72	 .0689	0.000	698	1	100.0	30
04/05/20	1:00 p	91.1	92.0	90.8	66	78.2	2.0	SSE	1.00	7.0	S	91.1	106.6	106.6	119.6	29.760	0.00	0.00	1031	44.34	1085	10.7	2.29	11.6	0.000	0.544	91.9	73	82.0	115.2	13.37	 .0689	0.029	701	1	100.0	30
04/05/20	1:30 p	90.4	91.8	89.8	65	77.0	2.0	SSE	1.00	11.0	ESE	90.4	103.9	103.9	117.3	29.752	0.00	0.00	965	41.50	1041	9.3	1.99	10.2	0.000	0.529	91.7	72	81.4	113.4	13.08	 .0690	0.000	699	1	100.0	30
04/05/20	2:00 p	90.1	92.4	89.4	66	77.2	2.0	ESE	1.00	8.0	SSE	90.1	103.7	103.7	117.5	29.744	0.00	0.00	878	37.76	1023	7.5	1.61	8.9	0.000	0.523	91.4	71	80.7	111.3	12.82	 .0691	0.024	700	1	100.0	30
04/05/20	2:30 p	89.7	90.4	89.2	67	77.3	3.0	SE	1.50	8.0	SE	89.7	103.0	103.0	117.9	29.731	0.00	0.00	819	35.22	953	5.6	1.20	7.1	0.000	0.515	90.9	74	81.5	112.1	13.73	 .0690	0.000	696	1	100.0	30
04/05/20	3:00 p	90.1	90.4	88.9	67	77.7	3.0	ESE	1.50	9.0	SE	90.1	104.3	104.3	118.8	29.728	0.00	0.00	668	28.73	761	4.4	0.94	5.3	0.000	0.523	90.1	75	81.1	109.8	14.05	 .0691	0.020	701	1	100.0	30
04/05/20	3:30 p	89.4	90.3	88.7	68	77.4	2.0	SE	1.00	7.0	SSE	89.4	102.6	102.6	116.9	29.727	0.00	0.00	540	23.22	619	2.8	0.60	3.7	0.000	0.508	89.7	76	81.1	109.0	14.27	 .0692	0.000	699	1	100.0	30
04/05/20	4:00 p	88.4	89.4	88.4	70	77.4	2.0	SSE	1.00	6.0	ESE	88.4	100.3	100.3	114.5	29.722	0.00	0.00	433	18.62	513	1.7	0.36	2.2	0.000	0.488	89.2	77	81.0	107.8	14.60	 .0692	0.013	702	1	100.0	30
04/05/20	4:30 p	86.8	88.4	86.8	72	76.7	1.0	SSW	0.50	5.0	SE	86.8	97.9	97.9	103.0	29.724	0.00	0.00	136	5.85	390	0.7	0.15	1.2	0.000	0.454	88.7	78	81.0	106.4	14.85	 .0693	0.000	698	1	100.0	30
04/05/20	5:00 p	86.6	87.0	86.3	72	76.5	1.0	ESE	0.50	5.0	ESE	86.6	97.4	97.4	98.1	29.738	0.00	0.00	96	4.13	137	0.0	0.00	0.0	0.000	0.450	88.3	79	81.0	105.2	15.25	 .0694	0.004	700	1	100.0	30
04/05/20	5:30 p	84.9	86.7	84.9	77	76.9	0.0	SE	0.00	3.0	SE	84.9	95.1	95.1	94.8	29.748	0.00	0.00	52	2.24	91	0.0	0.00	0.0	0.000	0.415	87.7	81	81.1	104.5	16.04	 .0695	0.000	700	1	100.0	30
04/05/20	6:00 p	83.0	84.9	83.0	79	75.8	0.0	E	0.00	1.0	E	83.0	91.4	91.4	90.0	29.756	0.00	0.00	5	0.22	19	0.0	0.00	0.0	0.000	0.375	86.5	82	80.3	101.6	16.49	 .0697	0.001	699	1	100.0	30
04/05/20	6:30 p	82.2	83.0	82.2	81	75.8	0.0	E	0.00	2.0	E	82.2	89.8	89.8	88.3	29.758	0.00	0.00	0	0.00	0	0.0	0.00	0.0	0.000	0.358	85.9	84	80.5	100.4	17.21	 .0698	0.000	699	1	100.0	30
04/05/20	7:00 p	81.3	82.2	81.3	82	75.3	0.0	E	0.00	1.0	E	81.3	87.8	87.8	86.3	29.762	0.00	0.00	0	0.00	0	0.0	0.00	0.0	0.000	0.340	85.2	84	79.8	98.5	17.24	 .0700	0.001	696	1	100.0	30
04/05/20	7:30 p	80.6	81.3	80.6	84	75.3	0.0	---	0.00	0.0	---	80.6	86.7	86.7	85.2	29.773	0.00	0.00	0	0.00	0	0.0	0.00	0.0	0.000	0.325	84.5	85	79.5	97.3	17.68	 .0701	0.000	697	1	100.0	30
04/05/20	8:00 p	80.2	80.7	80.2	84	74.9	0.0	---	0.00	0.0	---	80.2	85.8	85.8	84.2	29.787	0.00	0.00	0	0.00	0	0.0	0.00	0.0	0.000	0.317	84.0	86	79.4	96.5	18.11	 .0702	0.001	696	1	100.0	30
04/05/20	8:30 p	80.0	80.3	80.0	85	75.1	0.0	---	0.00	0.0	---	80.0	85.6	85.6	84.1	29.796	0.00	0.00	0	0.00	0	0.0	0.00	0.0	0.000	0.313	83.7	87	79.4	95.9	18.53	 .0703	0.000	699	1	100.0	30
04/05/20	9:00 p	80.1	80.2	79.9	86	75.5	0.0	---	0.00	0.0	---	80.1	86.1	86.1	84.6	29.808	0.00	0.00	0	0.00	0	0.0	0.00	0.0	0.000	0.315	83.5	88	79.6	95.7	19.00	 .0703	0.001	702	1	100.0	30
04/05/20	9:30 p	79.9	80.2	79.9	86	75.3	0.0	---	0.00	0.0	---	79.9	85.6	85.6	84.1	29.821	0.00	0.00	0	0.00	0	0.0	0.00	0.0	0.000	0.310	83.3	88	79.4	95.1	19.02	 .0704	0.000	700	1	100.0	30
04/05/20	10:00 p	79.8	80.0	79.8	86	75.2	0.0	---	0.00	0.0	---	79.8	85.5	85.5	84.0	29.821	0.00	0.00	0	0.00	0	0.0	0.00	0.0	0.000	0.308	83.1	89	79.5	94.8	19.64	 .0704	0.001	701	1	100.0	30
04/05/20	10:30 p	79.7	79.9	79.7	86	75.1	0.0	---	0.00	0.0	---	79.7	85.3	85.3	83.8	29.819	0.00	0.00	0	0.00	0	0.0	0.00	0.0	0.000	0.306	82.9	89	79.3	94.2	19.66	 .0704	0.000	699	1	100.0	30
04/05/20	11:00 p	79.4	79.8	79.4	86	74.8	0.0	---	0.00	0.0	---	79.4	84.7	84.7	83.1	29.809	0.00	0.00	0	0.00	0	0.0	0.00	0.0	0.000	0.300	82.6	90	79.4	93.7	20.24	 .0704	0.001	699	1	100.0	30
04/05/20	11:30 p	78.8	79.4	78.8	86	74.3	0.0	---	0.00	0.0	---	78.8	83.6	83.6	82.0	29.807	0.00	0.00	0	0.00	0	0.0	0.00	0.0	0.000	0.288	82.1	90	78.9	92.4	20.28	 .0705	0.000	697	1	100.0	30
04/06/20	12:00 a	78.7	78.9	78.6	87	74.5	0.0	---	0.00	0.0	---	78.7	83.6	83.6	82.0	29.804	0.00	0.00	0	0.00	0	0.0	0.00	0.0	0.000	0.285	81.8	90	78.6	91.5	20.31	 .0706	0.001	697	1	100.0	30
04/06/20	12:30 a	78.4	78.7	78.4	87	74.2	0.0	---	0.00	0.0	---	78.4	83.1	83.1	81.5	29.797	0.00	0.00	0	0.00	0	0.0	0.00	0.0	0.000	0.279	81.6	91	78.7	91.3	20.92	 .0706	0.000	699	1	100.0	30
04/06/20	1:00 a	78.1	78.4	78.1	87	73.9	0.0	---	0.00	0.0	---	78.1	82.6	82.6	81.0	29.788	0.00	0.00	0	0.00	0	0.0	0.00	0.0	0.000	0.273	81.4	91	78.5	90.7	20.94	 .0706	0.001	700	1	100.0	30
04/06/20	1:30 a	77.7	78.1	77.7	87	73.5	0.0	---	0.00	0.0	---	77.7	81.9	81.9	80.3	29.779	0.00	0.00	0	0.00	0	0.0	0.00	0.0	0.000	0.265	81.0	91	78.1	89.5	20.97	 .0707	0.000	698	1	100.0	30
04/06/20	2:00 a	77.5	77.8	77.4	87	73.3	0.0	E	0.00	1.0	E	77.5	81.6	81.6	80.0	29.771	0.00	0.00	0	0.00	0	0.0	0.00	0.0	0.000	0.260	80.7	91	77.8	88.8	20.99	 .0707	0.001	696	1	100.0	30
04/06/20	2:30 a	77.6	77.6	77.4	87	73.4	0.0	---	0.00	0.0	---	77.6	81.7	81.7	80.1	29.764	0.00	0.00	0	0.00	0	0.0	0.00	0.0	0.000	0.262	80.5	91	77.6	88.3	21.01	 .0707	0.000	699	1	100.0	30
04/06/20	3:00 a	77.3	77.6	77.3	87	73.1	0.0	---	0.00	0.0	---	77.3	81.2	81.2	79.6	29.758	0.00	0.00	0	0.00	0	0.0	0.00	0.0	0.000	0.256	80.3	92	77.8	88.1	21.16	 .0707	0.001	698	1	100.0	30
04/06/20	3:30 a	77.1	77.4	77.1	87	72.9	0.0	---	0.00	0.0	---	77.1	80.9	80.9	79.2	29.758	0.00	0.00	0	0.00	0	0.0	0.00	0.0	0.000	0.252	80.1	92	77.6	87.6	21.15	 .0708	0.000	700	1	100.0	30
04/06/20	4:00 a	76.9	77.1	76.9	87	72.7	0.0	---	0.00	0.0	---	76.9	80.6	80.6	78.9	29.767	0.00	0.00	0	0.00	0	0.0	0.00	0.0	0.000	0.248	79.9	92	77.4	87.1	21.15	 .0708	0.001	700	1	100.0	30
04/06/20	4:30 a	76.7	76.9	76.6	88	72.9	0.0	---	0.00	0.0	---	76.7	80.4	80.4	78.7	29.780	0.00	0.00	0	0.00	0	0.0	0.00	0.0	0.000	0.244	79.6	92	77.1	86.4	21.14	 .0709	0.000	693	1	100.0	30
04/06/20	5:00 a	76.5	76.8	76.5	88	72.7	0.0	E	0.00	1.0	E	76.5	80.1	80.1	78.4	29.782	0.00	0.00	0	0.00	0	0.0	0.00	0.0	0.000	0.240	79.4	92	76.9	86.0	21.14	 .0710	0.000	694	1	100.0	30
04/06/20	5:30 a	76.4	76.5	76.3	88	72.6	0.0	---	0.00	0.0	---	76.4	80.0	80.0	78.3	29.793	0.00	0.00	0	0.00	0	0.0	0.00	0.0	0.000	0.238	79.2	92	76.7	85.6	21.13	 .0711	0.000	698	1	100.0	30
04/06/20	6:00 a	76.6	76.6	76.3	88	72.8	0.0	---	0.00	0.0	---	76.6	80.3	80.3	78.8	29.793	0.00	0.00	10	0.43	19	0.0	0.00	0.0	0.000	0.242	79.2	93	77.0	85.8	21.23	 .0710	0.000	700	1	100.0	30
04/06/20	6:30 a	77.1	77.1	76.5	88	73.3	0.0	---	0.00	0.0	---	77.1	81.0	81.0	81.5	29.811	0.00	0.00	29	1.25	40	0.0	0.00	0.0	0.000	0.252	79.8	93	77.6	87.1	21.25	 .0710	0.000	700	1	100.0	30
04/06/20	7:00 a	78.2	78.2	77.1	88	74.4	0.0	---	0.00	0.0	---	78.2	82.9	82.9	83.9	29.827	0.00	0.00	46	1.98	49	0.0	0.00	0.0	0.000	0.275	81.2	92	78.7	90.4	21.17	 .0707	0.001	702	1	100.0	30
04/06/20	7:30 a	79.2	79.2	78.1	88	75.3	0.0	---	0.00	0.0	---	79.2	84.7	84.7	85.8	29.824	0.00	0.00	57	2.45	93	0.4	0.09	1.3	0.000	0.296	82.5	91	79.6	93.9	20.85	 .0705	0.000	701	1	100.0	30
04/06/20	8:00 a	81.2	81.2	79.2	88	77.3	0.0	---	0.00	0.0	---	81.2	89.2	89.2	97.3	29.836	0.00	0.00	314	13.50	524	1.9	0.41	2.6	0.000	0.337	84.1	90	80.8	98.3	20.12	 .0702	0.005	700	1	100.0	30
04/06/20	8:30 a	86.7	86.7	81.2	79	79.4	0.0	---	0.00	0.0	---	86.7	100.7	100.7	112.6	29.833	0.00	0.00	575	24.73	680	3.3	0.71	4.1	0.000	0.452	85.7	86	81.0	101.0	18.01	 .0700	0.000	699	1	100.0	30
04/06/20	9:00 a	88.0	88.4	86.5	72	77.8	1.0	ENE	0.50	5.0	S	88.0	100.0	100.0	112.0	29.831	0.00	0.00	635	27.31	788	4.7	1.01	5.9	0.000	0.479	87.5	83	81.7	105.5	16.75	 .0697	0.015	702	1	100.0	30
04/06/20	9:30 a	87.9	89.3	87.3	74	78.6	2.0	ESE	1.00	6.0	SSE	87.9	100.7	100.7	112.2	29.831	0.00	0.00	602	25.89	844	5.5	1.18	6.7	0.000	0.477	88.1	82	81.9	106.5	16.43	 .0696	0.000	701	1	100.0	30
04/06/20	10:00 a	90.9	90.9	87.9	67	78.4	2.0	SSW	1.00	8.0	ENE	90.9	106.7	106.7	115.7	29.843	0.00	0.00	438	18.84	830	8.1	1.74	9.0	0.000	0.540	89.3	80	82.3	110.4	15.58	 .0694	0.014	702	1	100.0	30
04/06/20	10:30 a	90.8	91.4	90.2	67	78.3	2.0	S	1.00	8.0	W	90.8	106.4	106.4	114.6	29.835	0.00	0.00	391	16.82	976	9.6	2.06	10.2	0.000	0.538	89.8	76	81.2	109.4	14.26	 .0694	0.000	698	1	100.0	30
04/06/20	11:00 a	91.0	91.4	90.6	65	77.6	3.0	SSW	1.50	8.0	WSW	91.0	105.6	105.6	116.0	29.837	0.00	0.00	1005	43.22	1027	10.8	2.31	11.1	0.000	0.542	90.4	74	81.0	110.2	13.74	 .0694	0.020	700	1	100.0	30
04/06/20	11:30 a	90.1	91.3	89.9	66	77.2	2.0	SW	1.00	7.0	S	90.1	103.7	103.7	114.1	29.810	0.00	0.00	1019	43.82	1083	11.1	2.38	11.7	0.000	0.523	91.3	74	81.8	113.8	13.72	 .0691	0.000	700	1	100.0	30
04/06/20	12:00 p	90.3	91.4	89.8	66	77.4	2.0	SSW	1.00	8.0	W	90.3	104.3	104.3	115.1	29.809	0.00	0.00	1021	43.91	1085	11.3	2.42	11.7	0.000	0.527	91.7	73	81.8	114.4	13.38	 .0691	0.028	701	1	100.0	30
04/06/20	12:30 p	90.4	90.8	90.0	67	77.9	2.0	SSW	1.00	8.0	S	90.4	105.2	105.2	117.8	29.792	0.00	0.00	889	38.23	997	10.0	2.14	11.0	0.000	0.529	91.4	74	81.9	114.2	13.72	 .0691	0.000	703	1	100.0	30
04/06/20	1:00 p	90.3	90.7	89.9	67	77.8	2.0	S	1.00	10.0	WSW	90.3	104.9	104.9	116.6	29.788	0.00	0.00	945	40.64	986	9.9	2.12	10.3	0.000	0.527	91.4	73	81.5	113.2	13.39	 .0691	0.025	700	1	100.0	30
04/06/20	1:30 p	90.1	90.8	89.5	68	78.1	3.0	S	1.50	8.0	SE	90.1	104.9	104.9	118.2	29.783	0.00	0.00	958	41.20	1028	9.0	1.93	9.7	0.000	0.523	91.4	73	81.5	113.2	13.39	 .0691	0.000	701	1	100.0	30
04/06/20	2:00 p	89.0	90.6	89.0	70	77.9	2.0	SSW	1.00	7.0	SSW	89.0	102.3	102.3	114.3	29.774	0.00	0.00	779	33.50	1009	6.7	1.44	8.5	0.000	0.500	91.1	74	81.7	112.9	13.73	 .0691	0.023	701	1	100.0	30
04/06/20	2:30 p	89.3	89.3	87.6	71	78.7	2.0	SSE	1.00	5.0	SSE	89.3	104.0	104.0	112.5	29.774	0.00	0.00	354	15.22	717	3.9	0.84	4.9	0.000	0.506	90.3	76	81.7	111.4	14.25	 .0692	0.000	702	1	100.0	30
04/06/20	3:00 p	89.4	89.9	88.8	68	77.4	2.0	S	1.00	8.0	S	89.4	102.6	102.6	115.8	29.759	0.00	0.00	618	26.58	759	4.1	0.88	4.8	0.000	0.508	89.9	75	80.9	109.0	14.05	 .0693	0.014	696	1	100.0	30
04/06/20	3:30 p	88.8	89.7	88.8	69	77.3	2.0	SE	1.00	9.0	ESE	88.8	101.1	101.1	114.4	29.754	0.00	0.00	509	21.89	587	2.8	0.60	3.5	0.000	0.496	89.5	77	81.3	109.0	14.58	 .0693	0.000	702	1	100.0	30
04/06/20	4:00 p	88.2	89.1	88.0	70	77.2	1.0	SSE	0.50	5.0	SSE	88.2	99.7	99.7	109.4	29.756	0.00	0.00	310	13.33	432	1.5	0.32	2.1	0.000	0.483	89.0	77	80.8	107.0	14.61	 .0694	0.012	699	1	100.0	30
04/06/20	4:30 p	87.1	88.2	87.0	72	77.0	2.0	SSE	1.00	5.0	S	87.1	98.5	98.5	104.9	29.760	0.00	0.00	181	7.78	332	0.8	0.17	1.1	0.000	0.460	88.6	79	81.2	106.6	15.23	 .0694	0.000	701	1	100.0	30
04/06/20	5:00 p	86.4	87.2	86.3	75	77.5	1.0	SSE	0.50	5.0	S	86.4	98.0	98.0	98.5	29.765	0.00	0.00	89	3.83	109	0.1	0.02	0.5	0.000	0.446	88.2	80	81.2	105.4	15.62	 .0695	0.004	698	1	100.0	30
04/06/20	5:30 p	84.9	86.4	84.9	78	77.3	0.0	ESE	0.00	3.0	ESE	84.9	95.5	95.5	95.0	29.773	0.00	0.00	45	1.94	72	0.0	0.00	0.0	0.000	0.415	87.6	81	81.0	104.2	16.05	 .0696	0.000	701	1	100.0	30
04/06/20	6:00 p	83.1	84.9	83.1	81	76.7	0.0	ESE	0.00	1.0	ESE	83.1	92.3	92.3	90.9	29.782	0.00	0.00	4	0.17	19	0.0	0.00	0.0	0.000	0.377	86.9	83	81.1	103.7	16.77	 .0697	0.001	703	1	100.0	30
04/06/20	6:30 p	82.4	83.1	82.3	83	76.7	0.0	ESE	0.00	1.0	ESE	82.4	90.9	90.9	89.4	29.785	0.00	0.00	0	0.00	0	0.0	0.00	0.0	0.000	0.363	86.1	84	80.7	101.1	17.21	 .0698	0.000	701	1	100.0	30
04/06/20	7:00 p	82.3	82.5	82.2	83	76.6	0.0	ESE	0.00	1.0	ESE	82.3	90.6	90.6	89.1	29.787	0.00	0.00	0	0.00	0	0.0	0.00	0.0	0.000	0.360	85.9	85	80.9	100.9	17.60	 .0698	0.001	697	1	100.0	30
04/06/20	7:30 p	81.8	82.3	81.7	83	76.1	0.0	ESE	0.00	1.0	ESE	81.8	89.3	89.3	87.8	29.793	0.00	0.00	0	0.00	0	0.0	0.00	0.0	0.000	0.350	85.5	85	80.5	99.8	17.62	 .0699	0.000	699	1	100.0	30
04/06/20	8:00 p	81.4	81.8	81.4	84	76.1	0.0	ESE	0.00	1.0	ESE	81.4	88.6	88.6	87.1	29.805	0.00	0.00	0	0.00	0	0.0	0.00	0.0	0.000	0.342	85.0	86	80.3	98.9	18.05	 .0700	0.001	701	1	100.0	30
04/06/20	8:30 p	81.0	81.5	81.0	84	75.7	0.0	---	0.00	0.0	---	81.0	87.5	87.5	85.9	29.807	0.00	0.00	0	0.00	0	0.0	0.00	0.0	0.000	0.333	84.5	87	80.2	98.1	18.48	 .0701	0.000	698	1	100.0	30
04/06/20	9:00 p	80.3	81.0	80.3	85	75.4	0.0	ESE	0.00	1.0	ESE	80.3	86.3	86.3	84.7	29.817	0.00	0.00	0	0.00	0	0.0	0.00	0.0	0.000	0.319	83.9	87	79.6	96.6	18.52	 .0703	0.001	700	1	100.0	30
04/06/20	9:30 p	79.7	80.2	79.7	85	74.8	0.0	---	0.00	0.0	---	79.7	85.0	85.0	83.4	29.819	0.00	0.00	0	0.00	0	0.0	0.00	0.0	0.000	0.306	83.4	88	79.5	95.4	19.01	 .0704	0.000	699	1	100.0	30
04/06/20	10:00 p	79.3	79.7	79.3	86	74.7	0.0	---	0.00	0.0	---	79.3	84.5	84.5	82.9	29.819	0.00	0.00	0	0.00	0	0.0	0.00	0.0	0.000	0.298	83.0	88	79.1	94.1	19.05	 .0704	0.001	701	1	100.0	30
04/06/20	10:30 p	79.0	79.3	79.0	86	74.5	0.0	---	0.00	0.0	---	79.0	83.9	83.9	82.3	29.822	0.00	0.00	0	0.00	0	0.0	0.00	0.0	0.000	0.292	82.6	89	79.0	93.4	19.69	 .0705	0.000	702	1	100.0	30
04/06/20	11:00 p	78.7	79.0	78.6	86	74.2	0.0	---	0.00	0.0	---	78.7	83.4	83.4	81.8	29.821	0.00	0.00	0	0.00	0	0.0	0.00	0.0	0.000	0.285	82.3	89	78.7	92.6	19.72	 .0706	0.001	700	1	100.0	30
04/06/20	11:30 p	78.4	78.7	78.4	87	74.2	0.0	---	0.00	0.0	---	78.4	83.1	83.1	81.5	29.819	0.00	0.00	0	0.00	0	0.0	0.00	0.0	0.000	0.279	81.9	90	78.7	91.8	20.30	 .0706	0.000	703	1	100.0	30
04/07/20	12:00 a	78.1	78.4	78.1	87	73.9	0.0	---	0.00	0.0	---	78.1	82.6	82.6	80.9	29.820	0.00	0.00	0	0.00	0	0.0	0.00	0.0	0.000	0.273	81.5	90	78.3	90.6	20.33	 .0707	0.001	702	1	100.0	30
04/07/20	12:30 a	77.8	78.1	77.8	87	73.6	0.0	---	0.00	0.0	---	77.8	82.1	82.1	80.4	29.816	0.00	0.00	0	0.00	0	0.0	0.00	0.0	0.000	0.267	81.3	90	78.1	90.1	20.35	 .0707	0.000	646	1	94.4	30
04/07/20	1:00 a	77.7	77.9	77.7	87	73.5	0.0	---	0.00	0.0	---	77.7	81.9	81.9	80.2	29.812	0.00	0.00	0	0.00	0	0.0	0.00	0.0	0.000	0.265	81.0	90	77.8	89.2	20.37	 .0708	0.001	702	1	100.0	30
04/07/20	1:30 a	77.4	77.8	77.3	87	73.2	0.0	---	0.00	0.0	---	77.4	81.4	81.4	79.7	29.808	0.00	0.00	0	0.00	0	0.0	0.00	0.0	0.000	0.258	80.7	90	77.5	88.5	20.39	 .0708	0.000	699	1	100.0	30
04/07/20	2:00 a	77.2	77.4	77.1	87	73.0	0.0	ESE	0.00	1.0	ESE	77.2	81.1	81.1	79.4	29.795	0.00	0.00	0	0.00	0	0.0	0.00	0.0	0.000	0.254	80.4	91	77.5	88.0	21.02	 .0708	0.001	701	1	100.0	30
04/07/20	2:30 a	77.0	77.2	77.0	87	72.8	0.0	ESE	0.00	1.0	ESE	77.0	80.8	80.8	79.0	29.795	0.00	0.00	0	0.00	0	0.0	0.00	0.0	0.000	0.250	80.3	91	77.4	87.8	21.03	 .0709	0.000	697	1	100.0	30
04/07/20	3:00 a	77.1	77.1	77.0	87	72.9	0.0	---	0.00	0.0	---	77.1	80.9	80.9	79.1	29.793	0.00	0.00	0	0.00	0	0.0	0.00	0.0	0.000	0.252	80.2	91	77.3	87.5	21.03	 .0709	0.001	699	1	100.0	30
04/07/20	3:30 a	77.3	77.3	77.0	87	73.1	0.0	ESE	0.00	1.0	ESE	77.3	81.2	81.2	79.5	29.800	0.00	0.00	0	0.00	0	0.0	0.00	0.0	0.000	0.256	80.1	92	77.6	87.6	21.15	 .0709	0.000	700	1	100.0	30
04/07/20	4:00 a	77.1	77.3	77.1	87	72.9	0.0	---	0.00	0.0	---	77.1	80.9	80.9	79.1	29.792	0.00	0.00	0	0.00	0	0.0	0.00	0.0	0.000	0.252	80.1	92	77.6	87.6	21.15	 .0709	0.001	700	1	100.0	30
04/07/20	4:30 a	77.1	77.2	77.0	88	73.3	0.0	ESE	0.00	1.0	ESE	77.1	81.0	81.0	79.3	29.806	0.00	0.00	0	0.00	0	0.0	0.00	0.0	0.000	0.252	80.0	92	77.5	87.3	21.15	 .0709	0.000	703	1	100.0	30
04/07/20	5:00 a	77.2	77.2	77.0	88	73.4	0.0	ESE	0.00	1.0	ESE	77.2	81.2	81.2	79.5	29.807	0.00	0.00	0	0.00	0	0.0	0.00	0.0	0.000	0.254	79.9	92	77.4	87.1	21.15	 .0709	0.000	700	1	100.0	30
04/07/20	5:30 a	77.0	77.1	76.9	88	73.2	0.0	ESE	0.00	1.0	ESE	77.0	80.8	80.8	79.1	29.820	0.00	0.00	1	0.04	9	0.0	0.00	0.0	0.000	0.250	79.6	92	77.1	86.4	21.14	 .0710	0.000	699	1	100.0	30
04/07/20	6:00 a	77.3	77.3	76.9	88	73.5	0.0	ESE	0.00	1.0	ESE	77.3	81.3	81.3	80.0	29.831	0.00	0.00	18	0.77	32	0.0	0.00	0.0	0.000	0.256	79.8	93	77.6	87.1	21.25	 .0710	0.000	701	1	100.0	30
04/07/20	6:30 a	78.0	78.0	77.3	88	74.2	0.0	---	0.00	0.0	---	78.0	82.5	82.5	83.3	29.841	0.00	0.00	36	1.55	39	0.0	0.00	0.0	0.000	0.271	80.2	93	78.0	88.1	21.25	 .0709	0.000	701	1	100.0	30
04/07/20	7:00 a	78.7	78.7	77.8	88	74.8	0.0	---	0.00	0.0	---	78.7	83.8	83.8	85.1	29.862	0.00	0.00	54	2.32	60	0.4	0.09	0.8	0.000	0.285	81.2	93	79.0	90.7	21.27	 .0708	0.001	695	1	100.0	30
04/07/20	7:30 a	79.7	79.7	78.6	88	75.8	0.0	ESE	0.00	2.0	ESE	79.7	85.7	85.7	87.1	29.859	0.00	0.00	66	2.84	72	1.1	0.24	1.3	0.000	0.306	82.7	92	80.1	94.9	21.20	 .0705	0.000	698	1	100.0	30
04/07/20	8:00 a	81.8	81.8	79.6	87	77.5	0.0	ESE	0.00	2.0	ESE	81.8	90.5	90.5	98.4	29.867	0.00	0.00	306	13.16	545	1.9	0.41	2.7	0.000	0.350	84.6	91	81.7	100.3	20.68	 .0701	0.005	699	1	100.0	30
04/07/20	8:30 a	85.9	85.9	81.8	79	78.6	1.0	SSE	0.50	5.0	SSE	85.9	98.2	98.2	110.0	29.872	0.00	0.00	571	24.56	675	3.3	0.71	4.0	0.000	0.435	86.3	87	82.0	103.9	18.37	 .0699	0.000	699	1	100.0	30
04/07/20	9:00 a	86.7	87.4	85.9	76	78.2	1.0	SSW	0.50	5.0	S	86.7	99.3	99.3	109.6	29.873	0.00	0.00	495	21.29	747	4.2	0.90	5.5	0.000	0.452	87.0	86	82.3	106.3	17.93	 .0698	0.014	699	1	100.0	30
04/07/20	9:30 a	86.0	87.5	85.8	78	78.3	1.0	SW	0.50	4.0	SW	86.0	98.1	98.1	104.5	29.873	0.00	0.00	296	12.73	823	3.9	0.84	6.5	0.000	0.438	87.1	86	82.4	106.6	17.92	 .0698	0.000	700	1	100.0	30
04/07/20	10:00 a	89.0	89.0	85.8	74	79.6	1.0	ESE	0.50	5.0	SSW	89.0	104.9	104.9	111.2	29.875	0.00	0.00	289	12.43	473	6.7	1.44	9.5	0.000	0.500	88.0	85	82.9	108.5	17.47	 .0696	0.009	699	1	100.0	30
04/07/20	10:30 a	89.5	90.3	88.9	71	78.8	2.0	WSW	1.00	8.0	WSW	89.5	104.7	104.7	113.4	29.867	0.00	0.00	415	17.85	970	10.1	2.16	10.7	0.000	0.510	89.2	82	83.0	112.1	16.38	 .0694	0.000	700	1	100.0	30
04/07/20	11:00 a	89.9	90.5	88.9	71	79.2	2.0	S	1.00	6.0	SSW	89.9	106.2	106.2	116.7	29.854	0.00	0.00	1006	43.26	1044	11.3	2.42	11.7	0.000	0.519	89.7	80	82.7	112.1	15.56	 .0694	0.020	699	1	100.0	30
04/07/20	11:30 a	90.1	91.1	89.8	68	78.1	3.0	S	1.50	8.0	WSW	90.1	104.9	104.9	115.6	29.840	0.00	0.00	1048	45.07	1102	11.9	2.55	12.1	0.000	0.523	90.2	78	82.4	112.6	14.75	 .0693	0.000	701	1	100.0	30
04/07/20	12:00 p	91.9	92.0	89.4	68	79.8	2.0	SSW	1.00	8.0	ESE	91.9	110.5	110.5	121.5	29.820	0.00	0.00	1031	44.34	1035	12.1	2.59	12.1	0.000	0.560	90.6	78	82.8	114.5	14.75	 .0692	0.029	700	1	100.0	30
04/07/20	12:30 p	90.5	92.0	89.7	70	79.4	3.0	S	1.50	8.0	ESE	90.5	107.4	107.4	119.2	29.804	0.00	0.00	1024	44.04	1037	11.7	2.51	12.0	0.000	0.531	91.3	77	83.1	116.8	14.52	 .0690	0.000	700	1	100.0	30
04/07/20	1:00 p	90.8	92.1	90.1	68	78.8	2.0	SE	1.00	9.0	SSE	90.8	107.0	107.0	119.3	29.791	0.00	0.00	984	42.32	1014	10.8	2.31	11.3	0.000	0.538	91.7	76	83.1	117.6	14.25	 .0689	0.028	701	1	100.0	30
04/07/20	1:30 p	90.3	91.5	90.3	68	78.3	2.0	S	1.00	7.0	SE	90.3	105.5	105.5	118.6	29.780	0.00	0.00	950	40.86	1009	9.5	2.04	10.2	0.000	0.527	92.1	74	82.6	117.2	13.71	 .0689	0.000	701	1	100.0	30
04/07/20	2:00 p	91.2	91.7	90.3	67	78.7	2.0	SSE	1.00	8.0	SSE	91.2	107.6	107.6	121.5	29.769	0.00	0.00	888	38.19	1007	7.9	1.69	8.9	0.000	0.546	91.8	74	82.3	115.9	13.71	 .0689	0.025	700	1	100.0	30
04/07/20	2:30 p	91.0	91.3	89.7	67	78.5	3.0	SE	1.50	11.0	SE	91.0	107.0	107.0	120.9	29.752	0.00	0.00	770	33.11	821	6.2	1.33	7.1	0.000	0.542	91.3	75	82.3	114.7	14.02	 .0690	0.000	702	1	100.0	30
04/07/20	3:00 p	89.6	91.0	89.6	68	77.6	3.0	SE	1.50	9.0	SE	89.6	103.2	103.2	117.3	29.744	0.00	0.00	658	28.30	715	4.5	0.96	5.3	0.000	0.512	90.4	76	81.8	111.9	14.25	 .0691	0.020	696	1	100.0	30
04/07/20	3:30 p	88.8	90.5	88.5	70	77.7	2.0	SSE	1.00	8.0	SE	88.8	101.6	101.6	115.5	29.734	0.00	0.00	531	22.84	652	2.8	0.60	3.6	0.000	0.496	90.0	77	81.8	111.0	14.55	 .0691	0.000	699	1	100.0	30
04/07/20	4:00 p	88.8	89.3	88.0	70	77.7	2.0	SSE	1.00	7.0	NNE	88.8	101.6	101.6	114.7	29.731	0.00	0.00	405	17.42	476	1.7	0.36	2.2	0.000	0.496	89.3	78	81.5	108.9	14.81	 .0692	0.013	698	1	100.0	30
04/07/20	4:30 p	87.0	88.8	86.9	73	77.3	2.0	SE	1.00	8.0	SE	87.0	98.8	98.8	104.3	29.734	0.00	0.00	148	6.36	334	0.8	0.17	1.2	0.000	0.458	88.5	78	80.8	105.5	14.87	 .0694	0.000	700	1	100.0	30
04/07/20	5:00 p	86.1	87.0	86.1	76	77.6	1.0	E	0.50	6.0	SSE	86.1	97.6	97.6	97.6	29.743	0.00	0.00	64	2.75	84	0.1	0.02	0.5	0.000	0.440	88.0	80	81.0	104.4	15.63	 .0694	0.003	700	1	100.0	30
04/07/20	5:30 p	84.8	86.1	84.8	78	77.2	1.0	ESE	0.50	4.0	SSE	84.8	95.3	95.3	94.5	29.757	0.00	0.00	28	1.20	53	0.0	0.00	0.0	0.000	0.413	87.5	81	80.9	104.0	16.05	 .0696	0.000	700	1	100.0	30
04/07/20	6:00 p	83.6	84.8	83.6	80	76.8	0.0	E	0.00	3.0	E	83.6	93.4	93.4	92.0	29.763	0.00	0.00	2	0.09	9	0.0	0.00	0.0	0.000	0.387	87.1	82	80.9	103.7	16.47	 .0696	0.001	701	1	100.0	30
04/07/20	6:30 p	82.5	83.6	82.5	82	76.4	0.0	E	0.00	2.0	E	82.5	90.9	90.9	89.4	29.770	0.00	0.00	0	0.00	0	0.0	0.00	0.0	0.000	0.365	86.4	83	80.6	101.8	16.79	 .0698	0.000	702	1	100.0	30
04/07/20	7:00 p	82.0	82.6	82.0	82	76.0	0.0	E	0.00	1.0	E	82.0	89.5	89.5	88.0	29.780	0.00	0.00	0	0.00	0	0.0	0.00	0.0	0.000	0.354	85.8	84	80.4	100.2	17.22	 .0699	0.001	700	1	100.0	30
04/07/20	7:30 p	81.3	82.1	81.3	83	75.6	0.0	E	0.00	1.0	E	81.3	88.0	88.0	86.5	29.784	0.00	0.00	0	0.00	0	0.0	0.00	0.0	0.000	0.340	85.2	85	80.2	99.0	17.64	 .0700	0.000	701	1	100.0	30
04/07/20	8:00 p	80.7	81.3	80.7	84	75.4	0.0	---	0.00	0.0	---	80.7	86.9	86.9	85.4	29.792	0.00	0.00	0	0.00	0	0.0	0.00	0.0	0.000	0.327	84.4	86	79.7	97.4	18.09	 .0701	0.001	701	1	100.0	30
04/07/20	8:30 p	80.2	80.6	80.2	85	75.3	0.0	---	0.00	0.0	---	80.2	86.0	86.0	84.5	29.803	0.00	0.00	0	0.00	0	0.0	0.00	0.0	0.000	0.317	83.9	87	79.6	96.6	18.52	 .0702	0.000	702	1	100.0	30
04/07/20	9:00 p	79.6	80.2	79.6	85	74.7	0.0	---	0.00	0.0	---	79.6	84.8	84.8	83.2	29.808	0.00	0.00	0	0.00	0	0.0	0.00	0.0	0.000	0.304	83.3	88	79.4	95.1	19.02	 .0703	0.001	699	1	100.0	30
04/07/20	9:30 p	79.7	79.7	79.5	86	75.1	0.0	---	0.00	0.0	---	79.7	85.3	85.3	83.8	29.817	0.00	0.00	0	0.00	0	0.0	0.00	0.0	0.000	0.306	83.2	89	79.6	95.1	19.63	 .0704	0.000	703	1	100.0	30
04/07/20	10:00 p	79.5	79.7	79.4	86	74.9	0.0	---	0.00	0.0	---	79.5	84.9	84.9	83.3	29.819	0.00	0.00	0	0.00	0	0.0	0.00	0.0	0.000	0.302	82.9	89	79.3	94.2	19.66	 .0704	0.001	701	1	100.0	30
04/07/20	10:30 p	79.4	79.5	79.3	86	74.8	0.0	---	0.00	0.0	---	79.4	84.7	84.7	83.1	29.819	0.00	0.00	0	0.00	0	0.0	0.00	0.0	0.000	0.300	82.7	89	79.1	93.6	19.68	 .0705	0.000	702	1	100.0	30
04/07/20	11:00 p	79.4	79.5	79.3	86	74.8	0.0	---	0.00	0.0	---	79.4	84.7	84.7	83.1	29.810	0.00	0.00	0	0.00	0	0.0	0.00	0.0	0.000	0.300	82.6	90	79.4	93.7	20.24	 .0704	0.001	701	1	100.0	30
04/07/20	11:30 p	79.2	79.4	79.1	86	74.6	0.0	---	0.00	0.0	---	79.2	84.3	84.3	82.7	29.801	0.00	0.00	0	0.00	0	0.0	0.00	0.0	0.000	0.296	82.4	90	79.2	93.2	20.26	 .0705	0.000	701	1	100.0	30
04/08/20	12:00 a	78.8	79.2	78.8	86	74.3	0.0	---	0.00	0.0	---	78.8	83.6	83.6	82.0	29.784	0.00	0.00	0	0.00	0	0.0	0.00	0.0	0.000	0.288	82.1	90	78.9	92.4	20.28	 .0705	0.001	702	1	100.0	30
04/08/20	12:30 a	78.8	78.9	78.7	87	74.6	0.0	---	0.00	0.0	---	78.8	83.8	83.8	82.2	29.775	0.00	0.00	0	0.00	0	0.0	0.00	0.0	0.000	0.288	81.7	91	78.8	91.6	20.91	 .0705	0.000	702	1	100.0	30
04/08/20	1:00 a	78.5	78.9	78.5	87	74.3	0.0	---	0.00	0.0	---	78.5	83.2	83.2	81.6	29.760	0.00	0.00	0	0.00	0	0.0	0.00	0.0	0.000	0.281	81.5	91	78.6	91.0	20.93	 .0705	0.001	700	1	100.0	30
04/08/20	1:30 a	78.5	78.6	78.4	87	74.3	0.0	---	0.00	0.0	---	78.5	83.2	83.2	81.6	29.752	0.00	0.00	0	0.00	0	0.0	0.00	0.0	0.000	0.281	81.4	91	78.5	90.7	20.94	 .0705	0.000	700	1	100.0	30
04/08/20	2:00 a	78.3	78.6	78.3	87	74.1	0.0	---	0.00	0.0	---	78.3	82.9	82.9	81.3	29.750	0.00	0.00	0	0.00	0	0.0	0.00	0.0	0.000	0.277	81.2	91	78.3	90.1	20.95	 .0706	0.001	701	1	100.0	30
04/08/20	2:30 a	78.4	78.4	78.3	87	74.2	0.0	---	0.00	0.0	---	78.4	83.1	83.1	81.5	29.742	0.00	0.00	0	0.00	0	0.0	0.00	0.0	0.000	0.279	81.0	92	78.5	89.8	21.17	 .0706	0.000	702	1	100.0	30
04/08/20	3:00 a	78.6	78.7	78.4	87	74.4	0.0	---	0.00	0.0	---	78.6	83.4	83.4	81.8	29.742	0.00	0.00	0	0.00	0	0.0	0.00	0.0	0.000	0.283	81.2	92	78.7	90.4	21.17	 .0705	0.001	700	1	100.0	30
04/08/20	3:30 a	78.2	78.6	78.2	87	74.0	0.0	---	0.00	0.0	---	78.2	82.7	82.7	81.1	29.743	0.00	0.00	0	0.00	0	0.0	0.00	0.0	0.000	0.275	80.9	92	78.4	89.6	21.17	 .0706	0.000	701	1	100.0	30
04/08/20	4:00 a	78.0	78.2	77.9	87	73.8	0.0	---	0.00	0.0	---	78.0	82.4	82.4	80.8	29.752	0.00	0.00	0	0.00	0	0.0	0.00	0.0	0.000	0.271	80.7	92	78.2	89.1	21.16	 .0706	0.001	701	1	100.0	30
04/08/20	4:30 a	77.7	78.0	77.6	87	73.5	0.0	---	0.00	0.0	---	77.7	81.9	81.9	80.3	29.760	0.00	0.00	0	0.00	0	0.0	0.00	0.0	0.000	0.265	80.4	92	77.9	88.3	21.16	 .0707	0.000	698	1	100.0	30
04/08/20	5:00 a	77.4	77.7	77.4	88	73.6	0.0	---	0.00	0.0	---	77.4	81.5	81.5	79.9	29.770	0.00	0.00	0	0.00	0	0.0	0.00	0.0	0.000	0.258	80.1	92	77.6	87.6	21.15	 .0708	0.001	703	1	100.0	30
04/08/20	5:30 a	77.1	77.4	77.1	88	73.3	0.0	---	0.00	0.0	---	77.1	81.0	81.0	79.4	29.778	0.00	0.00	0	0.00	5	0.0	0.00	0.0	0.000	0.252	79.9	93	77.7	87.4	21.25	 .0709	0.000	699	1	100.0	30
04/08/20	6:00 a	77.3	77.4	77.1	88	73.5	0.0	---	0.00	0.0	---	77.3	81.3	81.3	80.0	29.788	0.00	0.00	15	0.65	23	0.0	0.00	0.0	0.000	0.256	80.0	93	77.8	87.6	21.25	 .0709	0.000	701	1	100.0	30
04/08/20	6:30 a	78.0	78.0	77.3	88	74.2	0.0	---	0.00	0.0	---	78.0	82.5	82.5	83.4	29.801	0.00	0.00	36	1.55	44	0.0	0.00	0.0	0.000	0.271	80.5	93	78.3	88.8	21.26	 .0708	0.000	701	1	100.0	30
04/08/20	7:00 a	78.9	78.9	77.9	88	75.0	0.0	E	0.00	2.0	E	78.9	84.1	84.1	85.2	29.811	0.00	0.00	48	2.06	53	0.0	0.00	0.0	0.000	0.290	81.8	92	79.2	92.2	21.19	 .0706	0.001	700	1	100.0	30
04/08/20	7:30 a	80.1	80.1	78.9	88	76.2	0.0	E	0.00	2.0	E	80.1	86.6	86.6	87.8	29.819	0.00	0.00	59	2.54	74	0.9	0.19	1.3	0.000	0.315	83.3	91	80.4	96.3	20.79	 .0703	0.000	698	1	100.0	30
04/08/20	8:00 a	82.4	82.4	80.1	86	77.8	0.0	ENE	0.00	2.0	ENE	82.4	91.8	91.8	100.9	29.824	0.00	0.00	359	15.44	508	2.0	0.43	2.7	0.000	0.363	85.0	90	81.7	100.9	20.05	 .0700	0.005	702	1	100.0	30
04/08/20	8:30 a	86.3	86.3	82.4	78	78.6	1.0	ENE	0.50	4.0	SSE	86.3	99.0	99.0	110.7	29.831	0.00	0.00	562	24.17	629	3.3	0.71	4.0	0.000	0.444	86.3	86	81.6	103.2	17.97	 .0698	0.000	701	1	100.0	30
04/08/20	9:00 a	88.8	89.4	86.3	72	78.6	1.0	SE	0.50	4.0	SSE	88.8	102.9	102.9	115.2	29.832	0.00	0.00	682	29.33	754	4.8	1.03	6.0	0.000	0.496	87.8	83	82.0	106.3	16.74	 .0696	0.016	702	1	100.0	30
04/08/20	9:30 a	90.1	90.3	88.5	68	78.1	2.0	S	1.00	5.0	SE	90.1	104.9	104.9	117.5	29.832	0.00	0.00	789	33.93	847	6.9	1.48	7.8	0.000	0.523	88.6	81	82.0	108.2	16.01	 .0695	0.000	700	1	100.0	30
04/08/20	10:00 a	90.2	90.6	89.8	70	79.1	2.0	S	1.00	7.0	WSW	90.2	106.4	106.4	118.1	29.834	0.00	0.00	624	26.84	905	7.9	1.69	9.2	0.000	0.525	89.4	80	82.4	110.8	15.57	 .0694	0.019	700	1	100.0	30
04/08/20	10:30 a	91.1	91.2	88.9	69	79.5	2.0	ESE	1.00	8.0	E	91.1	108.6	108.6	116.7	29.829	0.00	0.00	383	16.47	1116	8.3	1.78	11.0	0.000	0.544	90.0	80	83.0	113.3	15.55	 .0692	0.000	700	1	100.0	30
04/08/20	11:00 a	91.3	92.1	90.5	68	79.3	3.0	S	1.50	10.0	SE	91.3	108.6	108.6	119.1	29.829	0.00	0.00	1009	43.39	1028	11.3	2.42	11.8	0.000	0.548	91.0	78	83.2	116.3	14.75	 .0691	0.021	700	1	100.0	30
04/08/20	11:30 a	92.3	92.3	90.4	68	80.2	3.0	SE	1.50	7.0	E	92.3	111.8	111.8	122.5	29.822	0.00	0.00	1042	44.81	1086	12.0	2.57	12.3	0.000	0.569	91.9	76	83.2	118.5	14.25	 .0690	0.000	702	1	100.0	30
04/08/20	12:00 p	89.1	92.9	89.0	72	78.9	2.0	SE	1.00	8.0	NE	89.1	103.9	103.9	116.1	29.811	0.00	0.00	662	28.47	1276	8.6	1.84	12.4	0.000	0.502	92.0	76	83.3	119.0	14.25	 .0689	0.024	698	1	100.0	30
04/08/20	12:30 p	90.7	92.0	89.2	68	78.7	3.0	ESE	1.50	10.0	S	90.7	106.7	106.7	118.7	29.794	0.00	0.00	1046	44.98	1213	11.8	2.53	12.6	0.000	0.535	92.4	75	83.3	119.8	14.00	 .0688	0.000	702	1	100.0	30
04/08/20	1:00 p	91.9	93.3	90.6	66	78.9	3.0	SE	1.50	10.0	NE	91.9	109.0	109.0	121.9	29.788	0.00	0.00	1032	44.38	1079	11.0	2.36	11.4	0.000	0.560	92.8	74	83.3	120.4	13.69	 .0688	0.029	700	1	100.0	30
04/08/20	1:30 p	88.1	91.8	88.1	72	77.9	2.0	SE	1.00	8.0	ESE	88.1	100.3	100.3	106.3	29.779	0.00	0.00	275	11.83	388	4.3	0.92	9.9	0.000	0.481	91.8	75	82.7	116.9	14.01	 .0689	0.000	700	1	100.0	30
04/08/20	2:00 p	88.9	88.9	87.3	71	78.3	1.0	E	0.50	5.0	SSE	88.9	102.6	102.6	112.3	29.754	0.00	0.00	450	19.35	1025	5.0	1.07	7.7	0.000	0.498	91.0	77	82.8	115.3	14.53	 .0689	0.011	699	1	100.0	30
04/08/20	2:30 p	90.0	90.4	89.0	71	79.3	2.0	SSE	1.00	9.0	SSE	90.0	106.5	106.5	118.5	29.746	0.00	0.00	569	24.47	1014	5.2	1.11	7.5	0.000	0.521	91.2	77	83.0	116.3	14.53	 .0689	0.000	703	1	100.0	30
04/08/20	3:00 p	89.6	90.1	88.2	70	78.5	2.0	SE	1.00	5.0	SW	89.6	104.4	104.4	116.0	29.728	0.00	0.00	489	21.03	733	3.8	0.81	5.3	0.000	0.512	90.3	76	81.7	111.4	14.25	 .0691	0.015	700	1	100.0	30
04/08/20	3:30 p	89.0	90.0	89.0	71	78.4	2.0	SE	1.00	6.0	ESE	89.0	102.9	102.9	116.0	29.734	0.00	0.00	503	21.63	552	2.9	0.62	3.6	0.000	0.500	89.8	77	81.6	110.2	14.56	 .0692	0.000	697	1	100.0	30
04/08/20	4:00 p	88.0	89.7	88.0	73	78.3	2.0	SE	1.00	5.0	S	88.0	100.4	100.4	111.0	29.741	0.00	0.00	334	14.36	445	1.6	0.34	2.3	0.000	0.479	89.4	79	82.0	110.1	15.19	 .0692	0.012	701	1	100.0	30
04/08/20	4:30 p	87.1	88.0	87.1	75	78.2	1.0	SE	0.50	7.0	S	87.1	99.8	99.8	105.4	29.743	0.00	0.00	150	6.45	207	0.7	0.15	1.0	0.000	0.460	89.1	80	82.1	109.6	15.59	 .0692	0.000	699	1	100.0	30
04/08/20	5:00 p	85.6	87.1	85.6	77	77.6	1.0	S	0.50	4.0	S	85.6	96.8	96.8	97.0	29.746	0.00	0.00	74	3.18	109	0.0	0.00	0.5	0.000	0.429	88.6	81	82.0	108.2	16.01	 .0693	0.003	702	1	100.0	30
04/08/20	5:30 p	84.1	85.7	84.1	80	77.3	0.0	ESE	0.00	3.0	E	84.1	94.7	94.7	93.9	29.747	0.00	0.00	25	1.08	40	0.0	0.00	0.0	0.000	0.398	87.8	81	81.2	104.7	16.04	 .0695	0.000	701	1	100.0	30
04/08/20	6:00 p	83.1	84.1	83.1	81	76.7	0.0	ESE	0.00	1.0	ESE	83.1	92.3	92.3	90.9	29.765	0.00	0.00	1	0.04	9	0.0	0.00	0.0	0.000	0.377	87.1	83	81.3	104.4	16.77	 .0696	0.001	697	1	100.0	30
04/08/20	6:30 p	82.4	83.1	82.3	83	76.7	0.0	ESE	0.00	1.0	ESE	82.4	90.9	90.9	89.5	29.769	0.00	0.00	0	0.00	0	0.0	0.00	0.0	0.000	0.363	86.3	84	80.9	101.9	17.20	 .0697	0.000	700	1	100.0	30
04/08/20	7:00 p	81.8	82.3	81.8	84	76.5	0.0	---	0.00	0.0	---	81.8	89.6	89.6	88.2	29.776	0.00	0.00	0	0.00	0	0.0	0.00	0.0	0.000	0.350	85.7	85	80.7	100.4	17.61	 .0699	0.001	702	1	100.0	30
04/08/20	7:30 p	81.6	81.8	81.5	84	76.3	0.0	---	0.00	0.0	---	81.6	89.1	89.1	87.7	29.782	0.00	0.00	0	0.00	0	0.0	0.00	0.0	0.000	0.346	85.2	86	80.5	99.5	18.04	 .0699	0.000	701	1	100.0	30
04/08/20	8:00 p	81.3	81.6	81.3	85	76.4	0.0	---	0.00	0.0	---	81.3	88.6	88.6	87.2	29.798	0.00	0.00	0	0.00	0	0.0	0.00	0.0	0.000	0.340	84.8	87	80.5	98.9	18.46	 .0700	0.001	700	1	100.0	30
04/08/20	8:30 p	80.8	81.3	80.7	85	75.9	0.0	---	0.00	0.0	---	80.8	87.4	87.4	85.9	29.806	0.00	0.00	0	0.00	0	0.0	0.00	0.0	0.000	0.329	84.4	88	80.5	98.3	18.91	 .0701	0.000	701	1	100.0	30
04/08/20	9:00 p	80.5	80.8	80.5	86	75.9	0.0	---	0.00	0.0	---	80.5	87.0	87.0	85.5	29.812	0.00	0.00	0	0.00	0	0.0	0.00	0.0	0.000	0.323	83.9	88	80.0	96.9	18.96	 .0702	0.001	699	1	100.0	30
04/08/20	9:30 p	80.0	80.5	80.0	86	75.4	0.0	---	0.00	0.0	---	80.0	85.8	85.8	84.3	29.822	0.00	0.00	0	0.00	0	0.0	0.00	0.0	0.000	0.313	83.5	89	79.9	96.0	19.60	 .0703	0.000	702	1	100.0	30
04/08/20	10:00 p	79.5	80.0	79.5	86	74.9	0.0	---	0.00	0.0	---	79.5	84.9	84.9	83.3	29.826	0.00	0.00	0	0.00	0	0.0	0.00	0.0	0.000	0.302	83.1	89	79.5	94.8	19.64	 .0704	0.001	700	1	100.0	30
04/08/20	10:30 p	79.6	79.8	79.4	86	75.0	0.0	---	0.00	0.0	---	79.6	85.1	85.1	83.6	29.820	0.00	0.00	0	0.00	0	0.0	0.00	0.0	0.000	0.304	82.9	90	79.7	94.5	20.22	 .0704	0.000	702	1	100.0	30
04/08/20	11:00 p	79.2	79.6	79.2	87	75.0	0.0	---	0.00	0.0	---	79.2	84.5	84.5	82.9	29.818	0.00	0.00	0	0.00	0	0.0	0.00	0.0	0.000	0.296	82.6	90	79.4	93.7	20.24	 .0705	0.001	702	1	100.0	30
04/08/20	11:30 p	79.3	79.3	79.1	87	75.1	0.0	---	0.00	0.0	---	79.3	84.7	84.7	83.2	29.818	0.00	0.00	0	0.00	0	0.0	0.00	0.0	0.000	0.298	82.4	90	79.2	93.2	20.26	 .0705	0.000	701	1	100.0	30
04/09/20	12:00 a	79.1	79.3	78.9	87	74.9	0.0	---	0.00	0.0	---	79.1	84.3	84.3	82.7	29.815	0.00	0.00	0	0.00	0	0.0	0.00	0.0	0.000	0.294	82.2	91	79.3	93.0	20.87	 .0705	0.001	701	1	100.0	30
04/09/20	12:30 a	78.6	79.1	78.6	87	74.4	0.0	---	0.00	0.0	---	78.6	83.4	83.4	81.8	29.802	0.00	0.00	0	0.00	0	0.0	0.00	0.0	0.000	0.283	81.9	90	78.7	91.8	20.30	 .0706	0.000	701	1	100.0	30
04/09/20	1:00 a	78.5	78.7	78.5	87	74.3	0.0	---	0.00	0.0	---	78.5	83.2	83.2	81.6	29.790	0.00	0.00	0	0.00	0	0.0	0.00	0.0	0.000	0.281	81.7	91	78.8	91.6	20.91	 .0706	0.001	697	1	100.0	30
04/09/20	1:30 a	78.1	78.5	78.1	87	73.9	0.0	---	0.00	0.0	---	78.1	82.6	82.6	81.0	29.783	0.00	0.00	0	0.00	0	0.0	0.00	0.0	0.000	0.273	81.4	91	78.5	90.7	20.94	 .0706	0.000	702	1	100.0	30
04/09/20	2:00 a	77.8	78.1	77.8	87	73.6	0.0	---	0.00	0.0	---	77.8	82.1	82.1	80.5	29.771	0.00	0.00	0	0.00	0	0.0	0.00	0.0	0.000	0.267	81.1	91	78.2	89.8	20.96	 .0706	0.001	702	1	100.0	30
04/09/20	2:30 a	77.6	77.8	77.6	87	73.4	0.0	---	0.00	0.0	---	77.6	81.7	81.7	80.1	29.756	0.00	0.00	0	0.00	0	0.0	0.00	0.0	0.000	0.262	80.8	91	77.9	89.0	20.99	 .0707	0.000	701	1	100.0	30
04/09/20	3:00 a	77.3	77.6	77.3	87	73.1	0.0	---	0.00	0.0	---	77.3	81.2	81.2	79.6	29.750	0.00	0.00	0	0.00	0	0.0	0.00	0.0	0.000	0.256	80.5	91	77.6	88.3	21.01	 .0707	0.001	701	1	100.0	30
04/09/20	3:30 a	77.1	77.4	77.1	87	72.9	0.0	---	0.00	0.0	---	77.1	80.9	80.9	79.2	29.755	0.00	0.00	0	0.00	0	0.0	0.00	0.0	0.000	0.252	80.2	92	77.7	87.8	21.15	 .0708	0.000	700	1	100.0	30
04/09/20	4:00 a	77.0	77.2	76.9	87	72.8	0.0	---	0.00	0.0	---	77.0	80.8	80.8	79.1	29.752	0.00	0.00	0	0.00	0	0.0	0.00	0.0	0.000	0.250	80.0	92	77.5	87.3	21.15	 .0708	0.001	699	1	100.0	30
04/09/20	4:30 a	76.8	77.0	76.7	88	73.0	0.0	---	0.00	0.0	---	76.8	80.5	80.5	78.8	29.759	0.00	0.00	0	0.00	0	0.0	0.00	0.0	0.000	0.246	79.8	92	77.3	86.9	21.15	 .0709	0.000	698	1	100.0	30
04/09/20	5:00 a	76.6	76.8	76.5	88	72.8	0.0	---	0.00	0.0	---	76.6	80.3	80.3	78.6	29.763	0.00	0.00	0	0.00	0	0.0	0.00	0.0	0.000	0.242	79.6	92	77.1	86.4	21.14	 .0709	0.001	702	1	100.0	30
04/09/20	5:30 a	76.3	76.6	76.3	88	72.5	0.0	---	0.00	0.0	---	76.3	79.8	79.8	78.1	29.770	0.00	0.00	0	0.00	0	0.0	0.00	0.0	0.000	0.235	79.4	92	76.9	86.0	21.14	 .0710	0.000	700	1	100.0	30
04/09/20	6:00 a	76.3	76.4	76.2	88	72.5	0.0	---	0.00	0.0	---	76.3	79.8	79.8	78.5	29.777	0.00	0.00	18	0.77	33	0.0	0.00	0.0	0.000	0.235	79.4	92	76.9	86.0	21.14	 .0710	0.000	702	1	100.0	30
04/09/20	6:30 a	76.7	76.8	76.3	88	72.9	0.0	---	0.00	0.0	---	76.7	80.4	80.4	81.2	29.785	0.00	0.00	37	1.59	46	0.0	0.00	0.0	0.000	0.244	79.8	92	77.3	86.9	21.15	 .0709	0.000	701	1	100.0	30
04/09/20	7:00 a	77.5	77.6	76.7	88	73.7	0.0	---	0.00	0.0	---	77.5	81.7	81.7	82.8	29.799	0.00	0.00	50	2.15	62	0.2	0.04	0.8	0.000	0.260	80.7	92	78.2	89.1	21.16	 .0708	0.001	697	1	100.0	30
04/09/20	7:30 a	78.5	78.5	77.4	88	74.6	0.0	---	0.00	0.0	---	78.5	83.4	83.4	84.9	29.801	0.00	0.00	67	2.88	91	1.1	0.24	1.4	0.000	0.281	82.3	90	79.1	92.9	20.27	 .0705	0.000	701	1	100.0	30
04/09/20	8:00 a	81.0	81.0	78.4	87	76.8	0.0	ESE	0.00	1.0	ESE	81.0	88.4	88.4	97.8	29.820	0.00	0.00	376	16.17	534	2.0	0.43	2.7	0.000	0.333	84.0	90	80.7	98.0	20.13	 .0702	0.005	702	1	100.0	30
04/09/20	8:30 a	86.5	86.5	81.1	71	76.0	0.0	S	0.00	4.0	E	86.5	96.8	96.8	108.5	29.817	0.00	0.00	579	24.90	635	3.3	0.71	4.0	0.000	0.448	86.1	81	79.6	99.6	16.11	 .0700	0.000	699	1	100.0	30
04/09/20	9:00 a	88.7	88.8	86.5	66	75.9	1.0	SSW	0.50	4.0	SSE	88.7	99.3	99.3	111.5	29.819	0.00	0.00	685	29.46	731	4.8	1.03	5.8	0.000	0.494	87.8	79	80.5	103.4	15.28	 .0697	0.017	700	1	100.0	30
04/09/20	9:30 a	89.8	89.8	88.7	67	77.4	2.0	S	1.00	6.0	SSW	89.8	103.3	103.3	115.9	29.825	0.00	0.00	781	33.59	826	6.7	1.44	7.6	0.000	0.517	88.7	78	81.0	106.4	14.85	 .0696	0.000	701	1	100.0	30
04/09/20	10:00 a	90.8	91.3	89.8	67	78.3	2.0	SSW	1.00	5.0	SW	90.8	106.4	106.4	117.8	29.824	0.00	0.00	603	25.93	854	8.4	1.80	9.2	0.000	0.538	89.7	77	81.5	109.8	14.57	 .0694	0.019	698	1	100.0	30
04/09/20	10:30 a	90.4	91.3	90.2	66	77.5	2.0	SW	1.00	6.0	S	90.4	104.6	104.6	114.0	29.832	0.00	0.00	459	19.74	997	9.5	2.04	10.6	0.000	0.529	90.4	76	81.8	111.9	14.25	 .0693	0.000	701	1	100.0	30
04/09/20	11:00 a	90.6	91.5	90.0	68	78.6	2.0	ESE	1.00	5.0	SSW	90.6	106.4	106.4	118.1	29.815	0.00	0.00	972	41.80	1120	10.8	2.31	12.0	0.000	0.533	91.3	76	82.7	115.7	14.25	 .0691	0.020	701	1	100.0	30
04/09/20	11:30 a	91.8	91.9	90.0	67	79.3	2.0	S	1.00	10.0	SSE	91.8	109.5	109.5	122.2	29.811	0.00	0.00	929	39.95	1099	10.4	2.23	12.1	0.000	0.558	91.9	76	83.2	118.5	14.25	 .0689	0.000	700	1	100.0	30
04/09/20	12:00 p	90.5	91.8	89.0	70	79.4	2.0	SE	1.00	8.0	SE	90.5	107.4	107.4	120.4	29.793	0.00	0.00	775	33.33	1146	9.8	2.10	12.3	0.000	0.531	91.7	76	83.1	117.6	14.25	 .0689	0.023	700	1	100.0	30
04/09/20	12:30 p	93.0	93.9	90.4	63	78.5	3.0	ESE	1.50	12.0	SSE	93.0	110.1	110.1	122.0	29.785	0.00	0.00	1043	44.85	1195	11.6	2.49	12.6	0.000	0.583	92.8	74	83.3	120.4	13.69	 .0688	0.000	703	1	100.0	30
04/09/20	1:00 p	90.9	92.9	89.9	68	78.9	3.0	SSE	1.50	8.0	SE	90.9	107.3	107.3	120.0	29.770	0.00	0.00	757	32.56	1014	8.7	1.86	10.8	0.000	0.540	92.6	74	83.1	119.5	13.70	 .0688	0.025	700	1	100.0	30
04/09/20	1:30 p	90.8	91.2	90.1	68	78.8	2.0	E	1.00	8.0	SSE	90.8	107.0	107.0	119.5	29.757	0.00	0.00	738	31.74	791	7.7	1.65	8.3	0.000	0.538	92.4	73	82.5	117.3	13.35	 .0688	0.000	698	1	100.0	30
04/09/20	2:00 p	90.0	91.0	89.4	68	78.0	2.0	SE	1.00	11.0	SSE	90.0	104.6	104.6	116.4	29.743	0.00	0.00	602	25.89	708	5.9	1.26	7.2	0.000	0.521	91.9	73	82.0	115.2	13.37	 .0689	0.019	700	1	100.0	30
04/09/20	2:30 p	89.1	90.3	88.4	71	78.5	2.0	SSE	1.00	9.0	SSE	89.1	103.3	103.3	113.2	29.731	0.00	0.00	427	18.36	499	4.1	0.88	4.8	0.000	0.502	91.1	74	81.7	112.9	13.73	 .0690	0.000	701	1	100.0	30
04/09/20	3:00 p	88.2	89.2	88.1	71	77.6	2.0	SE	1.00	9.0	SSE	88.2	100.2	100.2	110.9	29.727	0.00	0.00	431	18.54	462	3.3	0.71	3.8	0.000	0.483	90.7	75	81.7	112.2	14.04	 .0690	0.012	702	1	100.0	30
04/09/20	3:30 p	87.5	88.6	87.5	72	77.4	2.0	SSE	1.00	7.0	ESE	87.5	99.1	99.1	108.7	29.718	0.00	0.00	326	14.02	431	2.2	0.47	2.8	0.000	0.469	90.2	76	81.6	111.0	14.25	 .0691	0.000	698	1	100.0	30
04/09/20	4:00 p	87.2	88.2	87.1	75	78.3	2.0	SE	1.00	7.0	S	87.2	100.0	100.0	108.3	29.723	0.00	0.00	241	10.36	336	1.4	0.30	1.8	0.000	0.462	89.6	78	81.8	110.1	14.78	 .0691	0.008	699	1	100.0	30
04/09/20	4:30 p	86.3	87.2	86.3	76	77.8	1.0	S	0.50	6.0	NNE	86.3	98.2	98.2	103.4	29.722	0.00	0.00	136	5.85	171	0.7	0.15	1.0	0.000	0.444	89.0	79	81.6	108.5	15.21	 .0692	0.000	699	1	100.0	30
04/09/20	5:00 p	85.3	86.3	85.3	79	78.0	1.0	ESE	0.50	3.0	ESE	85.3	96.8	96.8	97.5	29.726	0.00	0.00	88	3.78	114	0.1	0.02	0.5	0.000	0.423	88.6	80	81.6	107.3	15.61	 .0693	0.003	702	1	100.0	30
04/09/20	5:30 p	84.4	85.3	84.3	81	77.9	0.0	ESE	0.00	2.0	ESE	84.4	95.6	95.6	94.8	29.734	0.00	0.00	22	0.95	51	0.0	0.00	0.0	0.000	0.404	88.1	82	81.9	106.5	16.43	 .0693	0.000	700	1	100.0	30
04/09/20	6:00 p	83.3	84.4	83.3	82	77.2	0.0	ESE	0.00	2.0	ESE	83.3	93.1	93.1	91.8	29.741	0.00	0.00	1	0.04	7	0.0	0.00	0.0	0.000	0.381	87.1	83	81.3	104.4	16.77	 .0695	0.001	700	1	100.0	30
04/09/20	6:30 p	82.4	83.4	82.4	83	76.7	0.0	ESE	0.00	1.0	ESE	82.4	90.9	90.9	89.5	29.751	0.00	0.00	0	0.00	0	0.0	0.00	0.0	0.000	0.363	86.0	85	81.0	101.2	17.59	 .0697	0.000	701	1	100.0	30
04/09/20	7:00 p	81.5	82.5	81.5	84	76.2	0.0	---	0.00	0.0	---	81.5	88.8	88.8	87.4	29.762	0.00	0.00	0	0.00	0	0.0	0.00	0.0	0.000	0.344	85.1	86	80.4	99.2	18.04	 .0699	0.001	702	1	100.0	30
04/09/20	7:30 p	81.2	81.6	81.1	85	76.3	0.0	---	0.00	0.0	---	81.2	88.3	88.3	86.9	29.769	0.00	0.00	0	0.00	0	0.0	0.00	0.0	0.000	0.337	85.0	87	80.7	99.4	18.45	 .0699	0.000	701	1	100.0	30
04/09/20	8:00 p	80.9	81.2	80.8	85	76.0	0.0	---	0.00	0.0	---	80.9	87.6	87.6	86.1	29.782	0.00	0.00	0	0.00	0	0.0	0.00	0.0	0.000	0.331	84.5	88	80.6	98.6	18.90	 .0700	0.001	701	1	100.0	30
04/09/20	8:30 p	80.7	81.1	80.7	86	76.1	0.0	---	0.00	0.0	---	80.7	87.4	87.4	86.0	29.785	0.00	0.00	0	0.00	0	0.0	0.00	0.0	0.000	0.327	84.3	88	80.4	98.0	18.92	 .0701	0.000	703	1	100.0	30
04/09/20	9:00 p	80.4	80.7	80.3	86	75.8	0.0	---	0.00	0.0	---	80.4	86.7	86.7	85.2	29.798	0.00	0.00	0	0.00	0	0.0	0.00	0.0	0.000	0.321	83.9	89	80.3	97.3	19.56	 .0702	0.001	700	1	100.0	30
04/09/20	9:30 p	80.0	80.4	79.9	86	75.4	0.0	---	0.00	0.0	---	80.0	85.8	85.8	84.3	29.805	0.00	0.00	0	0.00	0	0.0	0.00	0.0	0.000	0.313	83.5	89	79.9	96.0	19.60	 .0703	0.000	702	1	100.0	30
04/09/20	10:00 p	79.7	80.0	79.7	86	75.1	0.0	---	0.00	0.0	---	79.7	85.3	85.3	83.8	29.808	0.00	0.00	0	0.00	0	0.0	0.00	0.0	0.000	0.306	83.2	89	79.6	95.1	19.63	 .0703	0.001	700	1	100.0	30
04/09/20	10:30 p	79.4	79.7	79.3	87	75.2	0.0	---	0.00	0.0	---	79.4	84.9	84.9	83.4	29.808	0.00	0.00	0	0.00	0	0.0	0.00	0.0	0.000	0.300	82.8	90	79.6	94.3	20.23	 .0704	0.000	701	1	100.0	30
04/09/20	11:00 p	79.2	79.4	79.1	87	75.0	0.0	---	0.00	0.0	---	79.2	84.5	84.5	83.0	29.804	0.00	0.00	0	0.00	0	0.0	0.00	0.0	0.000	0.296	82.6	90	79.4	93.7	20.24	 .0704	0.001	698	1	100.0	30
04/09/20	11:30 p	79.4	79.4	79.2	87	75.2	0.0	---	0.00	0.0	---	79.4	84.9	84.9	83.4	29.801	0.00	0.00	0	0.00	0	0.0	0.00	0.0	0.000	0.300	82.6	91	79.7	94.2	20.84	 .0704	0.000	700	1	100.0	30
04/10/20	12:00 a	79.3	79.4	79.2	87	75.1	0.0	---	0.00	0.0	---	79.3	84.7	84.7	83.2	29.794	0.00	0.00	0	0.00	0	0.0	0.00	0.0	0.000	0.298	82.4	91	79.5	93.6	20.86	 .0704	0.001	698	1	100.0	30
04/10/20	12:30 a	79.0	79.4	78.9	87	74.8	0.0	---	0.00	0.0	---	79.0	84.1	84.1	82.6	29.784	0.00	0.00	0	0.00	0	0.0	0.00	0.0	0.000	0.292	82.1	91	79.2	92.7	20.88	 .0705	0.000	697	1	100.0	30
04/10/20	1:00 a	78.9	79.0	78.8	87	74.7	0.0	---	0.00	0.0	---	78.9	83.9	83.9	82.4	29.774	0.00	0.00	0	0.00	0	0.0	0.00	0.0	0.000	0.290	81.9	91	79.0	92.2	20.90	 .0705	0.001	699	1	100.0	30
04/10/20	1:30 a	78.7	78.9	78.6	87	74.5	0.0	---	0.00	0.0	---	78.7	83.6	83.6	82.1	29.763	0.00	0.00	0	0.00	0	0.0	0.00	0.0	0.000	0.285	81.7	91	78.8	91.6	20.91	 .0705	0.000	698	1	100.0	30
04/10/20	2:00 a	78.5	78.7	78.5	87	74.3	0.0	---	0.00	0.0	---	78.5	83.2	83.2	81.7	29.759	0.00	0.00	0	0.00	0	0.0	0.00	0.0	0.000	0.281	81.6	92	79.0	91.6	21.18	 .0705	0.001	700	1	100.0	30
04/10/20	2:30 a	78.4	78.5	78.3	87	74.2	0.0	---	0.00	0.0	---	78.4	83.1	83.1	81.6	29.756	0.00	0.00	0	0.00	0	0.0	0.00	0.0	0.000	0.279	81.4	92	78.9	91.0	21.18	 .0705	0.000	699	1	100.0	30
04/10/20	3:00 a	78.2	78.5	78.2	87	74.0	0.0	ESE	0.00	1.0	ESE	78.2	82.7	82.7	81.2	29.758	0.00	0.00	0	0.00	0	0.0	0.00	0.0	0.000	0.275	81.2	92	78.7	90.4	21.17	 .0706	0.001	701	1	100.0	30
04/10/20	3:30 a	78.0	78.2	78.0	87	73.8	0.0	ESE	0.00	1.0	ESE	78.0	82.4	82.4	80.8	29.755	0.00	0.00	0	0.00	0	0.0	0.00	0.0	0.000	0.271	81.0	92	78.5	89.8	21.17	 .0706	0.000	702	1	100.0	30
04/10/20	4:00 a	77.6	78.1	77.6	87	73.4	0.0	ESE	0.00	1.0	ESE	77.6	81.7	81.7	80.1	29.758	0.00	0.00	0	0.00	0	0.0	0.00	0.0	0.000	0.262	80.8	92	78.3	89.3	21.17	 .0706	0.001	699	1	100.0	30
04/10/20	4:30 a	77.2	77.6	77.1	87	73.0	0.0	ESE	0.00	1.0	ESE	77.2	81.1	81.1	79.5	29.754	0.00	0.00	0	0.00	0	0.0	0.00	0.0	0.000	0.254	80.5	92	78.0	88.6	21.16	 .0707	0.000	702	1	100.0	30
04/10/20	5:00 a	76.8	77.2	76.7	87	72.6	0.0	---	0.00	0.0	---	76.8	80.5	80.5	78.9	29.754	0.00	0.00	0	0.00	0	0.0	0.00	0.0	0.000	0.246	80.1	92	77.6	87.6	21.15	 .0708	0.001	700	1	100.0	30
04/10/20	5:30 a	76.4	76.8	76.4	88	72.6	0.0	---	0.00	0.0	---	76.4	80.0	80.0	78.4	29.762	0.00	0.00	0	0.00	5	0.0	0.00	0.0	0.000	0.238	79.8	92	77.3	86.9	21.15	 .0709	0.000	701	1	100.0	30
04/10/20	6:00 a	76.6	76.7	76.4	88	72.8	0.0	---	0.00	0.0	---	76.6	80.3	80.3	79.1	29.765	0.00	0.00	21	0.90	39	0.0	0.00	0.0	0.000	0.242	79.8	92	77.3	86.9	21.15	 .0709	0.000	702	1	100.0	30
04/10/20	6:30 a	77.3	77.3	76.6	88	73.5	0.0	---	0.00	0.0	---	77.3	81.3	81.3	83.1	29.769	0.00	0.00	58	2.49	83	0.0	0.00	0.0	0.000	0.256	80.5	92	78.0	88.6	21.16	 .0707	0.000	700	1	100.0	30
04/10/20	7:00 a	78.3	78.4	77.3	88	74.5	0.0	ESE	0.00	1.0	ESE	78.3	83.1	83.1	86.7	29.780	0.00	0.00	112	4.82	128	0.5	0.11	0.8	0.000	0.277	81.7	91	78.8	91.6	20.91	 .0705	0.002	702	1	100.0	30
04/10/20	7:30 a	79.8	79.8	78.3	86	75.2	0.0	ESE	0.00	2.0	ESE	79.8	85.5	85.5	89.8	29.799	0.00	0.00	150	6.45	174	1.1	0.24	1.5	0.000	0.308	82.9	90	79.7	94.5	20.22	 .0704	0.000	699	1	100.0	30
04/10/20	8:00 a	82.0	82.0	79.8	84	76.7	0.0	ESE	0.00	2.0	ESE	82.0	90.1	90.1	97.4	29.811	0.00	0.00	282	12.13	478	2.0	0.43	2.7	0.000	0.354	84.0	89	80.4	97.6	19.55	 .0702	0.006	703	1	100.0	30
04/10/20	8:30 a	84.3	84.8	82.0	81	77.8	0.0	ESE	0.00	2.0	ESE	84.3	95.4	95.4	105.1	29.812	0.00	0.00	431	18.54	534	3.0	0.64	3.5	0.000	0.402	85.6	84	80.2	99.6	17.23	 .0700	0.000	698	1	100.0	30
04/10/20	9:00 a	87.9	88.6	84.3	72	77.7	1.0	SSE	0.50	4.0	SSE	87.9	99.8	99.8	111.2	29.816	0.00	0.00	579	24.90	733	4.4	0.94	5.2	0.000	0.477	86.8	82	80.6	102.7	16.48	 .0698	0.013	701	1	100.0	30
04/10/20	9:30 a	88.9	89.0	86.9	65	75.6	1.0	SE	0.50	4.0	SE	88.9	99.3	99.3	111.2	29.817	0.00	0.00	659	28.34	810	6.1	1.31	7.3	0.000	0.498	88.3	79	81.0	105.2	15.25	 .0696	0.000	701	1	100.0	30
04/10/20	10:00 a	88.3	90.0	88.0	69	76.8	1.0	S	0.50	7.0	ESE	88.3	99.5	99.5	110.3	29.819	0.00	0.00	565	24.30	874	6.7	1.44	8.5	0.000	0.485	88.9	77	80.7	106.5	14.62	 .0695	0.017	699	1	100.0	30
04/10/20	10:30 a	88.4	88.6	87.4	70	77.4	2.0	SSW	1.00	7.0	ESE	88.4	100.3	100.3	109.0	29.820	0.00	0.00	419	18.02	856	6.2	1.33	8.8	0.000	0.488	89.0	78	81.2	107.7	14.83	 .0695	0.000	698	1	100.0	30
04/10/20	11:00 a	91.0	91.0	88.5	68	79.0	2.0	SE	1.00	6.0	ESE	91.0	107.6	107.6	120.0	29.812	0.00	0.00	940	40.43	1132	10.2	2.19	11.9	0.000	0.542	89.9	78	82.1	111.3	14.76	 .0693	0.019	698	1	100.0	30
04/10/20	11:30 a	91.0	91.3	90.3	68	79.0	2.0	SSW	1.00	6.0	S	91.0	107.6	107.6	120.5	29.817	0.00	0.00	893	38.40	1065	10.3	2.21	11.4	0.000	0.542	91.2	75	82.2	114.3	14.03	 .0691	0.000	698	1	100.0	30
04/10/20	12:00 p	89.1	91.9	88.9	69	77.6	2.0	SSE	1.00	5.0	SE	89.1	102.1	102.1	114.3	29.782	0.00	0.00	674	28.99	946	8.0	1.71	10.5	0.000	0.502	91.4	75	82.4	115.2	14.02	 .0690	0.022	701	1	100.0	30
04/10/20	12:30 p	87.4	89.4	87.4	71	76.8	1.0	S	0.50	5.0	S	87.4	98.5	98.5	106.5	29.776	0.00	0.00	385	16.56	492	4.9	1.05	6.1	0.000	0.467	90.5	76	81.9	112.3	14.25	 .0691	0.000	698	1	100.0	30
04/10/20	1:00 p	87.0	87.4	86.5	72	76.9	1.0	ESE	0.50	5.0	S	87.0	98.3	98.3	104.0	29.765	0.00	0.00	267	11.48	281	3.4	0.73	3.5	0.000	0.458	89.7	77	81.5	109.8	14.57	 .0692	0.009	697	1	100.0	30
04/10/20	1:30 p	87.7	87.7	86.9	74	78.4	1.0	SE	0.50	5.0	SSE	87.7	100.4	100.4	107.7	29.759	0.00	0.00	340	14.62	403	4.0	0.86	4.4	0.000	0.473	89.9	79	82.5	112.1	15.16	 .0691	0.000	703	1	100.0	30
04/10/20	2:00 p	88.3	88.3	87.4	69	76.8	1.0	SSE	0.50	6.0	S	88.3	99.5	99.5	108.0	29.749	0.00	0.00	388	16.69	454	4.1	0.88	4.4	0.000	0.485	90.0	78	82.2	111.7	14.75	 .0691	0.010	697	1	100.0	30
04/10/20	2:30 p	88.6	88.8	87.9	71	78.0	2.0	ENE	1.00	7.0	SSW	88.6	101.6	101.6	112.1	29.735	0.00	0.00	466	20.04	485	4.2	0.90	4.4	0.000	0.492	90.0	77	81.8	111.0	14.55	 .0691	0.000	699	1	100.0	30
04/10/20	3:00 p	88.5	89.2	88.3	72	78.3	2.0	SE	1.00	8.0	SSE	88.5	101.8	101.8	113.2	29.738	0.00	0.00	469	20.17	554	3.4	0.73	3.9	0.000	0.490	89.8	79	82.4	111.7	15.16	 .0691	0.013	699	1	100.0	30
04/10/20	3:30 p	86.3	88.4	86.2	72	76.2	2.0	ESE	1.00	7.0	SSE	86.3	96.7	96.7	103.2	29.735	0.00	0.00	212	9.12	294	1.6	0.34	2.2	0.000	0.444	89.0	78	81.2	107.7	14.83	 .0693	0.000	699	1	100.0	30
04/10/20	4:00 p	85.3	86.4	85.1	78	77.7	1.0	SSE	0.50	2.0	SSE	85.3	96.4	96.4	101.5	29.744	0.00	0.00	145	6.24	181	0.9	0.19	1.2	0.000	0.423	88.7	80	81.7	107.8	15.60	 .0693	0.005	702	1	100.0	30
04/10/20	4:30 p	84.4	85.4	84.2	80	77.6	0.0	SE	0.00	2.0	SE	84.4	95.3	95.3	98.4	29.752	0.00	0.00	83	3.57	114	0.2	0.04	0.6	0.000	0.404	88.1	81	81.5	105.7	16.03	 .0694	0.000	699	1	100.0	30
04/10/20	5:00 p	83.4	84.5	83.3	82	77.3	0.0	SE	0.00	1.0	SE	83.4	93.4	93.4	93.3	29.763	0.00	0.00	45	1.94	56	0.0	0.00	0.0	0.000	0.383	87.5	82	81.3	104.7	16.45	 .0695	0.002	702	1	100.0	30
04/10/20	5:30 p	82.3	83.4	82.3	83	76.6	0.0	SE	0.00	1.0	SE	82.3	90.6	90.6	89.7	29.769	0.00	0.00	15	0.65	30	0.0	0.00	0.0	0.000	0.360	86.6	83	80.8	102.5	16.79	 .0697	0.000	700	1	100.0	30
04/10/20	6:00 p	81.3	82.3	81.3	83	75.6	0.0	SE	0.00	1.0	SE	81.3	88.0	88.0	86.7	29.762	0.00	0.00	0	0.00	5	0.0	0.00	0.0	0.000	0.340	85.7	84	80.3	99.9	17.22	 .0699	0.000	701	1	100.0	30
04/10/20	6:30 p	80.7	81.3	80.7	84	75.4	0.0	SE	0.00	1.0	SE	80.7	86.9	86.9	85.6	29.757	0.00	0.00	0	0.00	0	0.0	0.00	0.0	0.000	0.327	85.0	85	80.0	98.4	17.65	 .0700	0.000	698	1	100.0	30
04/10/20	7:00 p	80.3	80.7	80.3	85	75.4	0.0	SE	0.00	1.0	SE	80.3	86.3	86.3	85.0	29.758	0.00	0.00	0	0.00	0	0.0	0.00	0.0	0.000	0.319	84.4	86	79.7	97.4	18.09	 .0701	0.001	701	1	100.0	30
04/10/20	7:30 p	80.2	80.4	80.2	85	75.3	0.0	---	0.00	0.0	---	80.2	86.0	86.0	84.7	29.774	0.00	0.00	0	0.00	0	0.0	0.00	0.0	0.000	0.317	83.9	87	79.6	96.6	18.52	 .0702	0.000	702	1	100.0	30
04/10/20	8:00 p	80.1	80.3	80.0	85	75.2	0.0	---	0.00	0.0	---	80.1	85.8	85.8	84.5	29.795	0.00	0.00	0	0.00	0	0.0	0.00	0.0	0.000	0.315	83.7	88	79.8	96.3	18.98	 .0702	0.001	700	1	100.0	30
04/10/20	8:30 p	79.6	80.1	79.6	85	74.7	0.0	---	0.00	0.0	---	79.6	84.8	84.8	83.5	29.799	0.00	0.00	0	0.00	0	0.0	0.00	0.0	0.000	0.304	83.4	88	79.5	95.4	19.01	 .0703	0.000	703	1	100.0	30
04/10/20	9:00 p	79.2	79.6	79.2	86	74.6	0.0	SE	0.00	1.0	SE	79.2	84.3	84.3	83.0	29.812	0.00	0.00	0	0.00	0	0.0	0.00	0.0	0.000	0.296	83.0	88	79.1	94.1	19.05	 .0704	0.001	696	1	100.0	30
04/10/20	9:30 p	79.0	79.2	78.9	86	74.5	0.0	---	0.00	0.0	---	79.0	83.9	83.9	82.6	29.821	0.00	0.00	0	0.00	0	0.0	0.00	0.0	0.000	0.292	82.7	88	78.8	93.3	19.08	 .0705	0.000	703	1	100.0	30
04/10/20	10:00 p	78.7	79.0	78.6	86	74.2	0.0	SE	0.00	1.0	SE	78.7	83.4	83.4	82.1	29.829	0.00	0.00	0	0.00	0	0.0	0.00	0.0	0.000	0.285	82.4	89	78.8	92.8	19.71	 .0706	0.001	702	1	100.0	30
04/10/20	10:30 p	78.4	78.7	78.4	86	73.9	0.0	---	0.00	0.0	---	78.4	82.9	82.9	81.5	29.835	0.00	0.00	0	0.00	0	0.0	0.00	0.0	0.000	0.279	81.9	89	78.3	91.5	19.76	 .0707	0.000	699	1	100.0	30
04/10/20	11:00 p	78.1	78.4	78.0	86	73.6	0.0	---	0.00	0.0	---	78.1	82.4	82.4	81.0	29.830	0.00	0.00	0	0.00	0	0.0	0.00	0.0	0.000	0.273	81.6	89	78.0	90.6	19.79	 .0707	0.001	696	1	100.0	30
04/10/20	11:30 p	77.9	78.1	77.8	87	73.7	0.0	---	0.00	0.0	---	77.9	82.2	82.2	80.8	29.823	0.00	0.00	0	0.00	0	0.0	0.00	0.0	0.000	0.269	81.2	90	78.0	89.8	20.35	 .0708	0.000	703	1	100.0	30
04/11/20	12:00 a	77.7	77.9	77.6	87	73.5	0.0	SE	0.00	1.0	SE	77.7	81.9	81.9	80.5	29.820	0.00	0.00	0	0.00	0	0.0	0.00	0.0	0.000	0.265	81.0	90	77.8	89.2	20.37	 .0708	0.001	699	1	100.0	30
04/11/20	12:30 a	77.5	77.7	77.5	87	73.3	0.0	SE	0.00	1.0	SE	77.5	81.6	81.6	80.2	29.816	0.00	0.00	0	0.00	0	0.0	0.00	0.0	0.000	0.260	80.7	90	77.5	88.5	20.39	 .0709	0.000	700	1	100.0	30
04/11/20	1:00 a	77.6	77.6	77.3	87	73.4	0.0	SE	0.00	1.0	SE	77.6	81.7	81.7	80.3	29.798	0.00	0.00	0	0.00	0	0.0	0.00	0.0	0.000	0.262	80.5	91	77.6	88.3	21.01	 .0708	0.001	697	1	100.0	30
04/11/20	1:30 a	77.1	77.6	77.1	87	72.9	0.0	SE	0.00	1.0	SE	77.1	80.9	80.9	79.5	29.793	0.00	0.00	0	0.00	0	0.0	0.00	0.0	0.000	0.252	80.3	91	77.4	87.8	21.03	 .0709	0.000	703	1	100.0	30
04/11/20	2:00 a	76.8	77.2	76.8	87	72.6	0.0	---	0.00	0.0	---	76.8	80.5	80.5	79.1	29.785	0.00	0.00	0	0.00	0	0.0	0.00	0.0	0.000	0.246	80.0	91	77.1	87.1	21.05	 .0709	0.001	701	1	100.0	30
04/11/20	2:30 a	76.7	76.9	76.6	87	72.5	0.0	---	0.00	0.0	---	76.7	80.3	80.3	78.9	29.783	0.00	0.00	0	0.00	0	0.0	0.00	0.0	0.000	0.244	79.7	91	76.8	86.4	21.04	 .0710	0.000	697	1	100.0	30
04/11/20	3:00 a	76.6	76.7	76.5	87	72.4	0.0	---	0.00	0.0	---	76.6	80.2	80.2	78.8	29.777	0.00	0.00	0	0.00	0	0.0	0.00	0.0	0.000	0.242	79.6	92	77.1	86.4	21.14	 .0709	0.001	698	1	100.0	30
04/11/20	3:30 a	76.3	76.8	76.3	88	72.5	0.0	SE	0.00	1.0	SE	76.3	79.8	79.8	78.4	29.780	0.00	0.00	0	0.00	0	0.0	0.00	0.0	0.000	0.235	79.3	92	76.8	85.8	21.14	 .0710	0.000	694	1	100.0	30
04/11/20	4:00 a	76.1	76.3	76.0	87	71.9	0.0	SE	0.00	1.0	SE	76.1	79.5	79.5	78.0	29.790	0.00	0.00	0	0.00	0	0.0	0.00	0.0	0.000	0.231	79.1	92	76.6	85.4	21.13	 .0711	0.001	689	1	100.0	30
04/11/20	4:30 a	76.3	76.3	76.1	88	72.5	0.0	SE	0.00	1.0	SE	76.3	79.8	79.8	78.4	29.798	0.00	0.00	0	0.00	0	0.0	0.00	0.0	0.000	0.235	79.0	92	76.5	85.1	21.13	 .0711	0.000	696	1	100.0	30
04/11/20	5:00 a	76.4	76.5	76.2	88	72.6	0.0	SE	0.00	2.0	SE	76.4	80.0	80.0	78.6	29.806	0.00	0.00	0	0.00	0	0.0	0.00	0.0	0.000	0.238	79.0	93	76.8	85.4	21.23	 .0711	0.000	701	1	100.0	30
04/11/20	5:30 a	76.4	76.5	76.3	88	72.6	0.0	SE	0.00	1.0	SE	76.4	80.0	80.0	78.6	29.813	0.00	0.00	0	0.00	0	0.0	0.00	0.0	0.000	0.238	79.0	93	76.8	85.4	21.23	 .0711	0.000	700	1	100.0	30
04/11/20	6:00 a	76.6	76.6	76.3	88	72.8	0.0	---	0.00	0.0	---	76.6	80.3	80.3	79.3	29.807	0.00	0.00	17	0.73	35	0.0	0.00	0.0	0.000	0.242	79.1	93	76.9	85.6	21.23	 .0711	0.000	703	1	100.0	30
04/11/20	6:30 a	77.3	77.4	76.5	88	73.5	0.0	SE	0.00	1.0	SE	77.3	81.3	81.3	82.6	29.814	0.00	0.00	47	2.02	62	0.0	0.00	0.0	0.000	0.256	79.6	94	77.7	86.9	21.35	 .0710	0.000	699	1	100.0	30
04/11/20	7:00 a	78.3	78.3	77.2	88	74.5	0.0	SE	0.00	1.0	SE	78.3	83.1	83.1	85.9	29.825	0.00	0.00	92	3.96	128	0.2	0.04	0.7	0.000	0.277	80.3	94	78.4	88.6	21.36	 .0709	0.002	702	1	100.0	30
04/11/20	7:30 a	79.7	79.9	78.3	88	75.8	0.0	SE	0.00	2.0	SE	79.7	85.7	85.7	90.2	29.829	0.00	0.00	157	6.75	176	1.0	0.21	1.3	0.000	0.306	81.4	93	79.2	91.3	21.28	 .0707	0.000	699	1	100.0	30
04/11/20	8:00 a	82.5	82.5	79.7	87	78.2	0.0	N	0.00	3.0	N	82.5	92.4	92.4	99.5	29.837	0.00	0.00	272	11.70	352	1.7	0.36	2.2	0.000	0.365	82.7	92	80.1	94.9	21.20	 .0704	0.005	700	1	100.0	30
04/11/20	8:30 a	85.0	85.0	82.5	79	77.8	0.0	N	0.00	3.0	N	85.0	96.0	96.0	105.1	29.846	0.00	0.00	400	17.20	624	2.8	0.60	3.9	0.000	0.417	84.0	91	81.1	98.5	20.73	 .0702	0.000	702	1	100.0	30
04/11/20	9:00 a	88.2	88.6	85.1	71	77.6	1.0	E	0.50	5.0	S	88.2	100.2	100.2	112.2	29.851	0.00	0.00	640	27.52	772	4.6	0.99	5.8	0.000	0.483	85.9	87	81.6	102.2	18.40	 .0699	0.014	697	1	100.0	30
04/11/20	9:30 a	89.2	89.9	88.3	72	79.0	2.0	SSW	1.00	6.0	SSW	89.2	104.3	104.3	116.9	29.848	0.00	0.00	758	32.60	875	6.2	1.33	7.4	0.000	0.504	87.5	83	81.7	105.5	16.75	 .0697	0.000	700	1	100.0	30
04/11/20	10:00 a	90.0	90.3	89.3	70	78.9	2.0	SSW	1.00	7.0	SSW	90.0	105.8	105.8	118.4	29.848	0.00	0.00	741	31.87	923	8.3	1.78	9.2	0.000	0.521	88.8	81	82.2	109.1	16.00	 .0695	0.020	700	1	100.0	30
04/11/20	10:30 a	90.2	91.1	89.8	68	78.2	2.0	SSW	1.00	8.0	WSW	90.2	105.2	105.2	116.6	29.838	0.00	0.00	595	25.59	969	9.2	1.97	9.8	0.000	0.525	89.7	79	82.3	111.3	15.17	 .0694	0.000	701	1	100.0	30
04/11/20	11:00 a	90.1	90.3	89.3	69	78.6	2.0	SSW	1.00	6.0	S	90.1	105.5	105.5	118.2	29.833	0.00	0.00	919	39.52	1037	9.8	2.10	10.9	0.000	0.523	90.2	78	82.4	112.6	14.75	 .0693	0.021	701	1	100.0	30
04/11/20	11:30 a	90.9	91.2	89.0	66	78.0	2.0	S	1.00	8.0	S	90.9	106.0	106.0	119.0	29.824	0.00	0.00	875	37.63	1053	9.7	2.08	11.2	0.000	0.540	90.6	77	82.4	113.6	14.54	 .0692	0.000	702	1	100.0	30
04/11/20	12:00 p	90.9	92.0	90.1	67	78.4	2.0	S	1.00	6.0	SW	90.9	106.7	106.7	118.5	29.822	0.00	0.00	969	41.67	1037	10.8	2.31	11.4	0.000	0.540	91.3	75	82.3	114.7	14.02	 .0691	0.025	697	1	100.0	30
04/11/20	12:30 p	90.5	90.9	89.4	67	78.0	2.0	SW	1.00	8.0	S	90.5	105.5	105.5	118.2	29.817	0.00	0.00	733	31.52	953	8.4	1.80	9.9	0.000	0.531	91.4	75	82.4	115.2	14.02	 .0691	0.000	703	1	100.0	30
04/11/20	1:00 p	89.3	90.6	89.1	69	77.8	2.0	S	1.00	8.0	WSW	89.3	102.8	102.8	115.3	29.795	0.00	0.00	726	31.22	893	7.8	1.67	9.3	0.000	0.506	91.3	75	82.3	114.7	14.02	 .0691	0.020	700	1	100.0	30
04/11/20	1:30 p	88.1	89.9	88.1	72	77.9	2.0	E	1.00	6.0	E	88.1	100.3	100.3	109.9	29.781	0.00	0.00	466	20.04	761	5.4	1.16	7.7	0.000	0.481	91.0	75	82.0	113.4	14.03	 .0691	0.000	700	1	100.0	30
04/11/20	2:00 p	88.6	88.6	87.8	72	78.4	1.0	S	0.50	5.0	SSE	88.6	102.1	102.1	110.6	29.767	0.00	0.00	386	16.60	422	4.1	0.88	4.4	0.000	0.492	90.6	75	81.6	111.8	14.04	 .0691	0.012	701	1	100.0	30
04/11/20	2:30 p	88.0	88.6	87.4	75	79.1	1.0	SE	0.50	6.0	ESE	88.0	101.4	101.4	109.1	29.758	0.00	0.00	318	13.68	364	3.0	0.64	3.7	0.000	0.479	90.0	78	82.2	111.7	14.75	 .0691	0.000	702	1	100.0	30
04/11/20	3:00 p	87.5	88.0	87.4	74	78.2	1.0	SE	0.50	5.0	S	87.5	100.1	100.1	107.6	29.755	0.00	0.00	279	12.00	320	2.2	0.47	2.6	0.000	0.469	89.6	79	82.2	110.9	15.17	 .0692	0.008	703	1	100.0	30
04/11/20	3:30 p	88.6	88.7	87.4	73	78.8	2.0	S	1.00	8.0	ESE	88.6	102.7	102.7	113.5	29.753	0.00	0.00	385	16.56	438	2.3	0.49	2.4	0.000	0.492	89.5	80	82.5	111.3	15.57	 .0692	0.000	696	1	100.0	30
04/11/20	4:00 p	87.5	88.5	87.4	74	78.2	1.0	SSW	0.50	5.0	SE	87.5	100.1	100.1	109.4	29.759	0.00	0.00	284	12.21	390	1.4	0.30	1.9	0.000	0.469	89.2	80	82.2	110.0	15.58	 .0692	0.009	699	1	100.0	30
04/11/20	4:30 p	86.6	87.6	86.6	75	77.7	1.0	SSW	0.50	4.0	SSE	86.6	98.6	98.6	104.5	29.765	0.00	0.00	162	6.97	183	0.7	0.15	1.0	0.000	0.450	88.7	81	82.1	108.6	16.00	 .0693	0.000	699	1	100.0	30
04/11/20	5:00 p	85.7	86.7	85.7	79	78.4	1.0	SSE	0.50	3.0	SSE	85.7	97.7	97.7	98.3	29.775	0.00	0.00	91	3.91	118	0.0	0.00	0.0	0.000	0.431	88.1	82	81.9	106.5	16.43	 .0694	0.004	700	1	100.0	30
04/11/20	5:30 p	84.5	85.7	84.4	80	77.6	0.0	SW	0.00	2.0	SW	84.5	95.4	95.4	94.4	29.781	0.00	0.00	17	0.73	44	0.0	0.00	0.0	0.000	0.406	87.4	83	81.6	105.2	16.75	 .0696	0.000	697	1	100.0	30
04/11/20	6:00 p	83.6	84.4	83.6	82	77.5	0.0	SW	0.00	1.0	SW	83.6	94.0	94.0	92.6	29.778	0.00	0.00	0	0.00	5	0.0	0.00	0.0	0.000	0.387	86.5	85	81.4	103.3	17.56	 .0697	0.000	701	1	100.0	30
04/11/20	6:30 p	83.1	83.6	83.0	83	77.4	0.0	SW	0.00	1.0	SW	83.1	92.8	92.8	91.4	29.796	0.00	0.00	0	0.00	0	0.0	0.00	0.0	0.000	0.377	86.2	86	81.5	102.7	17.98	 .0698	0.000	701	1	100.0	30
04/11/20	7:00 p	82.5	83.1	82.5	83	76.8	0.0	SW	0.00	1.0	SW	82.5	91.2	91.2	89.7	29.814	0.00	0.00	0	0.00	0	0.0	0.00	0.0	0.000	0.365	85.9	86	81.2	101.6	18.00	 .0699	0.001	701	1	100.0	30
04/11/20	7:30 p	82.1	82.6	82.0	84	76.8	0.0	SW	0.00	1.0	SW	82.1	90.4	90.4	88.9	29.814	0.00	0.00	0	0.00	0	0.0	0.00	0.0	0.000	0.356	85.5	87	81.2	101.0	18.42	 .0699	0.000	702	1	100.0	30
04/11/20	8:00 p	81.7	82.1	81.6	84	76.4	0.0	---	0.00	0.0	---	81.7	89.3	89.3	87.8	29.823	0.00	0.00	0	0.00	0	0.0	0.00	0.0	0.000	0.348	85.1	88	81.1	100.2	18.84	 .0700	0.001	701	1	100.0	30
04/11/20	8:30 p	81.5	81.7	81.5	85	76.6	0.0	SW	0.00	1.0	SW	81.5	89.1	89.1	87.6	29.839	0.00	0.00	0	0.00	0	0.0	0.00	0.0	0.000	0.344	84.7	88	80.7	99.1	18.88	 .0701	0.000	697	1	100.0	30
04/11/20	9:00 p	81.1	81.5	81.1	85	76.2	0.0	SW	0.00	2.0	SW	81.1	88.1	88.1	86.6	29.838	0.00	0.00	0	0.00	0	0.0	0.00	0.0	0.000	0.335	84.4	88	80.5	98.3	18.91	 .0702	0.001	700	1	100.0	30
04/11/20	9:30 p	81.1	81.2	81.0	85	76.2	0.0	---	0.00	0.0	---	81.1	88.1	88.1	86.6	29.852	0.00	0.00	0	0.00	0	0.0	0.00	0.0	0.000	0.335	84.1	89	80.5	97.9	19.54	 .0703	0.000	702	1	100.0	30
04/11/20	10:00 p	81.0	81.2	80.9	86	76.4	0.0	SW	0.00	1.0	SW	81.0	88.1	88.1	86.6	29.851	0.00	0.00	0	0.00	0	0.0	0.00	0.0	0.000	0.333	83.9	89	80.3	97.3	19.56	 .0703	0.001	700	1	100.0	30
04/11/20	10:30 p	81.0	81.1	80.9	86	76.4	0.0	SW	0.00	2.0	SW	81.0	88.1	88.1	86.6	29.847	0.00	0.00	0	0.00	0	0.0	0.00	0.0	0.000	0.333	83.8	90	80.6	97.4	20.15	 .0703	0.000	701	1	100.0	30
04/11/20	11:00 p	80.7	81.1	80.6	86	76.1	0.0	NNE	0.00	3.0	NNE	80.7	87.4	87.4	85.9	29.844	0.00	0.00	0	0.00	0	0.0	0.00	0.0	0.000	0.327	83.7	89	80.1	96.7	19.58	 .0703	0.001	702	1	100.0	30
04/11/20	11:30 p	80.4	80.7	80.3	86	75.8	0.0	N	0.00	2.0	NNE	80.4	86.7	86.7	85.2	29.817	0.00	0.00	0	0.00	0	0.0	0.00	0.0	0.000	0.321	83.3	90	80.1	95.8	20.19	 .0703	0.000	703	1	100.0	30
04/12/20	12:00 a	80.1	80.3	80.0	86	75.5	0.0	N	0.00	2.0	N	80.1	86.1	86.1	84.6	29.823	0.00	0.00	0	0.00	0	0.0	0.00	0.0	0.000	0.315	82.9	90	79.7	94.5	20.22	 .0704	0.001	699	1	100.0	30
04/12/20	12:30 a	79.7	80.2	79.7	86	75.1	0.0	N	0.00	1.0	N	79.7	85.3	85.3	83.8	29.804	0.00	0.00	0	0.00	0	0.0	0.00	0.0	0.000	0.306	82.7	91	79.8	94.4	20.83	 .0704	0.000	698	1	100.0	30
04/12/20	1:00 a	79.2	79.7	79.2	86	74.6	0.0	N	0.00	1.0	N	79.2	84.3	84.3	82.7	29.812	0.00	0.00	0	0.00	0	0.0	0.00	0.0	0.000	0.296	82.2	91	79.3	93.0	20.87	 .0705	0.001	702	1	100.0	30
04/12/20	1:30 a	79.1	79.4	79.1	87	74.9	0.0	N	0.00	2.0	N	79.1	84.3	84.3	82.7	29.805	0.00	0.00	0	0.00	0	0.0	0.00	0.0	0.000	0.294	82.1	91	79.2	92.7	20.88	 .0705	0.000	703	1	100.0	30
04/12/20	2:00 a	78.8	79.1	78.8	87	74.6	0.0	N	0.00	1.0	N	78.8	83.8	83.8	82.2	29.791	0.00	0.00	0	0.00	0	0.0	0.00	0.0	0.000	0.288	81.8	91	78.9	91.9	20.91	 .0705	0.001	702	1	100.0	30
04/12/20	2:30 a	78.4	78.9	78.3	87	74.2	0.0	N	0.00	1.0	N	78.4	83.1	83.1	81.5	29.794	0.00	0.00	0	0.00	0	0.0	0.00	0.0	0.000	0.279	81.4	91	78.5	90.7	20.94	 .0706	0.000	700	1	100.0	30
04/12/20	3:00 a	78.0	78.4	77.8	87	73.8	0.0	---	0.00	0.0	---	78.0	82.4	82.4	80.7	29.798	0.00	0.00	0	0.00	0	0.0	0.00	0.0	0.000	0.271	81.0	91	78.1	89.5	20.97	 .0707	0.001	702	1	100.0	30
04/12/20	3:30 a	78.1	78.2	77.8	87	73.9	0.0	N	0.00	1.0	N	78.1	82.6	82.6	80.9	29.809	0.00	0.00	0	0.00	0	0.0	0.00	0.0	0.000	0.273	81.0	92	78.5	89.8	21.17	 .0707	0.000	699	1	100.0	30
04/12/20	4:00 a	78.6	78.6	78.2	87	74.4	0.0	N	0.00	1.0	N	78.6	83.4	83.4	81.8	29.828	0.00	0.00	0	0.00	0	0.0	0.00	0.0	0.000	0.283	81.2	92	78.7	90.4	21.17	 .0707	0.001	703	1	100.0	30
04/12/20	4:30 a	78.5	78.6	78.4	87	74.3	0.0	N	0.00	2.0	N	78.5	83.2	83.2	81.6	29.829	0.00	0.00	0	0.00	0	0.0	0.00	0.0	0.000	0.281	81.1	92	78.6	90.1	21.17	 .0708	0.000	697	1	100.0	30
04/12/20	5:00 a	78.4	78.6	78.3	87	74.2	0.0	N	0.00	1.0	N	78.4	83.1	83.1	81.5	29.831	0.00	0.00	0	0.00	0	0.0	0.00	0.0	0.000	0.279	80.9	93	78.7	89.8	21.27	 .0708	0.001	702	1	100.0	30
04/12/20	5:30 a	78.2	78.4	78.2	87	74.0	0.0	N	0.00	1.0	N	78.2	82.7	82.7	81.1	29.838	0.00	0.00	1	0.04	7	0.0	0.00	0.0	0.000	0.275	80.8	93	78.6	89.6	21.27	 .0708	0.000	701	1	100.0	30
04/12/20	6:00 a	78.6	78.6	78.2	88	74.7	0.0	N	0.00	1.0	N	78.6	83.6	83.6	82.8	29.839	0.00	0.00	37	1.59	63	0.0	0.00	0.0	0.000	0.283	80.9	93	78.7	89.8	21.27	 .0708	0.001	701	1	100.0	30
04/12/20	6:30 a	79.4	79.4	78.6	88	75.5	0.0	N	0.00	1.0	N	79.4	85.1	85.1	87.9	29.858	0.00	0.00	78	3.35	88	0.0	0.00	0.0	0.000	0.300	81.8	93	79.6	92.6	21.29	 .0706	0.000	698	1	100.0	30
04/12/20	7:00 a	80.2	80.2	79.4	88	76.3	0.0	N	0.00	2.0	N	80.2	86.8	86.8	90.0	29.864	0.00	0.00	101	4.34	127	0.5	0.11	0.8	0.000	0.317	83.2	91	80.3	95.9	20.79	 .0704	0.002	703	1	100.0	30
04/12/20	7:30 a	82.0	82.0	80.2	87	77.7	0.0	N	0.00	3.0	SW	82.0	91.1	91.1	95.6	29.878	0.00	0.00	156	6.71	185	1.1	0.24	1.4	0.000	0.354	84.3	91	81.4	99.4	20.71	 .0702	0.000	700	1	100.0	30
04/12/20	8:00 a	84.0	84.4	82.0	81	77.5	1.0	ESE	0.50	4.0	E	84.0	94.8	94.8	102.6	29.893	0.00	0.00	300	12.90	406	1.9	0.41	2.2	0.000	0.396	85.2	89	81.6	101.1	19.43	 .0701	0.006	699	1	100.0	30
04/12/20	8:30 a	83.2	84.6	83.2	81	76.8	1.0	S	0.50	5.0	S	83.2	92.5	92.5	98.2	29.897	0.00	0.00	240	10.32	274	2.1	0.45	2.5	0.000	0.379	85.2	88	81.2	100.6	18.84	 .0702	0.000	699	1	100.0	30
04/12/20	9:00 a	83.5	83.7	83.2	80	76.7	1.0	SE	0.50	5.0	SSW	83.5	93.1	93.1	99.0	29.899	0.00	0.00	266	11.44	339	2.5	0.54	3.1	0.000	0.385	85.1	88	81.1	100.2	18.84	 .0702	0.007	698	1	100.0	30
04/12/20	9:30 a	83.7	84.5	83.4	79	76.5	1.0	SE	0.50	5.0	S	83.7	93.3	93.3	99.6	29.896	0.00	0.00	292	12.56	334	3.2	0.69	3.7	0.000	0.390	85.3	87	81.0	100.3	18.43	 .0702	0.000	698	1	100.0	30
04/12/20	10:00 a	85.7	85.7	83.7	78	78.0	1.0	W	0.50	5.0	S	85.7	97.4	97.4	105.9	29.905	0.00	0.00	410	17.63	459	4.7	1.01	5.2	0.000	0.431	86.0	85	81.0	101.2	17.59	 .0701	0.009	699	1	100.0	30
04/12/20	10:30 a	85.5	85.9	85.2	76	77.1	2.0	SE	1.00	6.0	SSE	85.5	96.2	96.2	106.0	29.906	0.00	0.00	484	20.81	575	5.8	1.24	6.7	0.000	0.427	87.1	84	81.7	105.0	17.17	 .0699	0.000	701	1	100.0	30
04/12/20	11:00 a	84.9	86.7	84.9	77	76.9	2.0	SE	1.00	6.0	E	84.9	95.1	95.1	103.6	29.894	0.00	0.00	402	17.29	684	4.9	1.05	7.6	0.000	0.415	87.4	82	81.2	104.5	16.45	 .0699	0.012	702	1	100.0	30
04/12/20	11:30 a	86.0	86.0	84.8	74	76.7	1.0	SSW	0.50	5.0	SSW	86.0	96.7	96.7	104.4	29.884	0.00	0.00	359	15.44	635	4.3	0.92	7.3	0.000	0.438	87.5	82	81.3	104.7	16.45	 .0698	0.000	698	1	100.0	30
04/12/20	12:00 p	88.7	88.8	85.9	71	78.1	2.0	SE	1.00	6.0	S	88.7	101.9	101.9	115.0	29.880	0.00	0.00	839	36.08	1014	9.2	1.97	10.3	0.000	0.494	88.9	80	81.9	108.7	15.59	 .0696	0.016	699	1	100.0	30
04/12/20	12:30 p	87.2	88.7	85.8	75	78.3	2.0	SE	1.00	7.0	S	87.2	100.0	100.0	111.0	29.858	0.00	0.00	566	24.34	765	6.8	1.46	8.6	0.000	0.462	88.8	79	81.4	107.5	15.22	 .0696	0.000	703	1	100.0	30
04/12/20	1:00 p	88.1	89.0	87.3	72	77.9	2.0	SE	1.00	9.0	ESE	88.1	100.3	100.3	113.0	29.856	0.00	0.00	800	34.40	874	8.6	1.84	9.1	0.000	0.481	89.7	79	82.3	111.3	15.17	 .0694	0.018	699	1	100.0	30
04/12/20	1:30 p	88.8	88.9	87.2	70	77.7	3.0	SE	1.50	11.0	ESE	88.8	101.6	101.6	113.0	29.831	0.00	0.00	852	36.64	967	7.8	1.67	8.7	0.000	0.496	89.8	78	82.0	110.9	14.77	 .0694	0.000	700	1	100.0	30
04/12/20	2:00 p	88.2	89.6	86.6	70	77.2	2.0	SE	1.00	9.0	SSW	88.2	99.7	99.7	111.6	29.824	0.00	0.00	623	26.79	958	5.5	1.18	8.0	0.000	0.483	89.8	78	82.0	110.9	14.77	 .0693	0.020	701	1	100.0	30
04/12/20	2:30 p	87.0	88.1	86.9	73	77.3	3.0	ESE	1.50	11.0	SSE	87.0	98.8	98.8	112.0	29.826	0.00	0.00	752	32.34	925	5.7	1.22	6.7	0.000	0.458	89.2	78	81.4	108.5	14.81	 .0695	0.000	700	1	100.0	30
04/12/20	3:00 p	85.6	87.4	85.6	75	76.8	2.0	SE	1.00	8.0	N	85.6	96.0	96.0	107.2	29.831	0.00	0.00	470	20.21	650	3.5	0.75	4.6	0.000	0.429	88.4	78	80.7	105.0	14.88	 .0696	0.017	701	1	100.0	30
04/12/20	3:30 p	84.9	85.6	84.7	77	76.9	2.0	ENE	1.00	7.0	SSE	84.9	95.1	95.1	103.4	29.829	0.00	0.00	279	12.00	348	2.0	0.43	2.4	0.000	0.415	87.7	80	80.8	103.7	15.64	 .0697	0.000	698	1	100.0	30
04/12/20	4:00 p	84.6	85.1	84.2	78	77.0	1.0	ESE	0.50	8.0	ESE	84.6	94.9	94.9	101.5	29.833	0.00	0.00	191	8.21	229	1.2	0.26	1.6	0.000	0.408	87.3	81	80.8	103.5	16.06	 .0698	0.007	698	1	100.0	30
04/12/20	4:30 p	84.1	84.6	84.0	76	75.7	1.0	S	0.50	6.0	ESE	84.1	93.2	93.2	98.9	29.834	0.00	0.00	157	6.75	186	0.6	0.13	1.0	0.000	0.398	87.0	81	80.5	102.8	16.07	 .0698	0.000	700	1	100.0	30
04/12/20	5:00 p	83.8	85.0	83.8	77	75.8	1.0	SE	0.50	6.0	S	83.8	92.9	92.9	94.3	29.837	0.00	0.00	134	5.76	174	0.0	0.00	0.5	0.000	0.392	86.7	82	80.5	102.3	16.48	 .0699	0.004	700	1	100.0	30
04/12/20	5:30 p	83.0	83.9	83.0	79	75.8	1.0	SSW	0.50	4.0	ENE	83.0	91.4	91.4	90.7	29.846	0.00	0.00	38	1.63	81	0.0	0.00	0.0	0.000	0.375	86.1	83	80.3	100.6	16.81	 .0700	0.000	699	1	100.0	30
04/12/20	6:00 p	81.9	83.0	81.9	82	75.9	0.0	E	0.00	3.0	E	81.9	89.3	89.3	87.8	29.863	0.00	0.00	0	0.00	5	0.0	0.00	0.0	0.000	0.352	85.5	85	80.5	99.8	17.62	 .0701	0.001	700	1	100.0	30
04/12/20	6:30 p	81.0	81.9	81.0	85	76.1	0.0	E	0.00	1.0	E	81.0	87.8	87.8	86.4	29.878	0.01	0.00	0	0.00	0	0.0	0.00	0.0	0.000	0.333	84.7	87	80.4	98.6	18.47	 .0703	0.000	696	1	100.0	30
04/12/20	7:00 p	80.3	81.0	80.3	86	75.7	0.0	E	0.00	1.0	E	80.3	86.5	86.5	85.0	29.886	0.00	0.00	0	0.00	0	0.0	0.00	0.0	0.000	0.319	84.0	88	80.1	97.2	18.95	 .0704	0.001	702	1	100.0	30
04/12/20	7:30 p	79.8	80.4	79.8	86	75.2	0.0	E	0.00	2.0	E	79.8	85.5	85.5	84.0	29.905	0.00	0.00	0	0.00	0	0.0	0.00	0.0	0.000	0.308	83.6	89	80.0	96.4	19.59	 .0705	0.000	701	1	100.0	30
04/12/20	8:00 p	79.4	79.9	79.3	86	74.8	0.0	---	0.00	0.0	---	79.4	84.7	84.7	83.1	29.911	0.00	0.00	0	0.00	0	0.0	0.00	0.0	0.000	0.300	83.1	89	79.5	94.8	19.64	 .0706	0.001	701	1	100.0	30
04/12/20	8:30 p	79.3	79.4	79.3	87	75.1	0.0	---	0.00	0.0	---	79.3	84.7	84.7	83.2	29.918	0.00	0.00	0	0.00	0	0.0	0.00	0.0	0.000	0.298	82.8	90	79.6	94.3	20.23	 .0707	0.000	700	1	100.0	30
04/12/20	9:00 p	79.3	79.3	79.1	87	75.1	0.0	---	0.00	0.0	---	79.3	84.7	84.7	83.2	29.934	0.00	0.00	0	0.00	0	0.0	0.00	0.0	0.000	0.298	82.6	90	79.4	93.7	20.24	 .0707	0.001	699	1	100.0	30
04/12/20	9:30 p	79.3	79.4	79.1	87	75.1	0.0	---	0.00	0.0	---	79.3	84.7	84.7	83.2	29.938	0.00	0.00	0	0.00	0	0.0	0.00	0.0	0.000	0.298	82.4	91	79.5	93.6	20.86	 .0708	0.000	703	1	100.0	30
04/12/20	10:00 p	79.2	79.4	79.2	87	75.0	0.0	---	0.00	0.0	---	79.2	84.5	84.5	82.9	29.933	0.00	0.00	0	0.00	0	0.0	0.00	0.0	0.000	0.296	82.4	91	79.5	93.6	20.86	 .0708	0.001	699	1	100.0	30
04/12/20	10:30 p	78.9	79.2	78.7	87	74.7	0.0	NE	0.00	4.0	NNE	78.9	83.9	83.9	82.3	29.942	0.00	0.00	0	0.00	0	0.0	0.00	0.0	0.000	0.290	82.3	91	79.4	93.3	20.87	 .0708	0.000	702	1	100.0	30
04/12/20	11:00 p	78.7	79.1	78.6	87	74.5	1.0	NNE	0.50	4.0	NNE	78.7	83.6	83.6	82.0	29.930	0.00	0.00	0	0.00	0	0.0	0.00	0.0	0.000	0.285	82.0	90	78.8	92.1	20.29	 .0709	0.001	700	1	100.0	30
04/12/20	11:30 p	78.9	78.9	78.4	87	74.7	1.0	NNE	0.50	9.0	NE	78.9	83.9	83.9	82.3	29.949	0.00	0.00	0	0.00	0	0.0	0.00	0.0	0.000	0.290	81.7	91	78.8	91.6	20.91	 .0709	0.000	698	1	100.0	30
04/13/20	12:00 a	78.0	78.9	77.9	86	73.5	1.0	NE	0.50	7.0	E	78.0	82.2	82.2	80.6	29.938	0.00	0.00	0	0.00	0	0.0	0.00	0.0	0.000	0.271	81.5	90	78.3	90.6	20.33	 .0710	0.001	698	1	100.0	30
04/13/20	12:30 a	78.0	78.1	77.9	86	73.5	0.0	NE	0.00	3.0	NE	78.0	82.2	82.2	80.6	29.928	0.02	0.06	0	0.00	0	0.0	0.00	0.0	0.000	0.271	81.0	91	78.1	89.5	20.97	 .0710	0.000	699	1	100.0	30
04/13/20	1:00 a	77.8	78.0	77.7	87	73.6	0.0	NE	0.00	1.0	NE	77.8	82.1	82.1	80.5	29.888	0.01	0.06	0	0.00	0	0.0	0.00	0.0	0.000	0.267	80.9	92	78.4	89.6	21.17	 .0709	0.001	702	1	100.0	30
04/13/20	1:30 a	77.7	77.9	77.6	87	73.5	0.0	NE	0.00	1.0	NE	77.7	81.9	81.9	80.3	29.877	0.00	0.00	0	0.00	0	0.0	0.00	0.0	0.000	0.265	80.6	92	78.1	88.8	21.16	 .0710	0.000	701	1	100.0	30
04/13/20	2:00 a	77.5	77.8	77.4	87	73.3	0.0	NE	0.00	1.0	NE	77.5	81.6	81.6	80.0	29.859	0.01	0.00	0	0.00	0	0.0	0.00	0.0	0.000	0.260	80.4	92	77.9	88.3	21.16	 .0710	0.001	703	1	100.0	30
04/13/20	2:30 a	77.4	77.5	77.3	87	73.2	0.0	---	0.00	0.0	---	77.4	81.4	81.4	79.8	29.851	0.00	0.00	0	0.00	0	0.0	0.00	0.0	0.000	0.258	80.1	92	77.6	87.6	21.15	 .0710	0.000	699	1	100.0	30
04/13/20	3:00 a	77.1	77.4	77.0	87	72.9	0.0	NE	0.00	1.0	NE	77.1	80.9	80.9	79.2	29.866	0.00	0.00	0	0.00	0	0.0	0.00	0.0	0.000	0.252	80.0	92	77.5	87.3	21.15	 .0711	0.001	702	1	100.0	30
04/13/20	3:30 a	76.4	77.1	76.4	87	72.2	0.0	NE	0.00	2.0	NE	76.4	79.9	79.9	78.2	29.874	0.00	0.00	0	0.00	0	0.0	0.00	0.0	0.000	0.238	79.7	92	77.2	86.7	21.14	 .0712	0.000	701	1	100.0	30
04/13/20	4:00 a	76.3	76.5	76.3	88	72.5	0.0	NE	0.00	1.0	NE	76.3	79.8	79.8	78.1	29.871	0.00	0.00	0	0.00	0	0.0	0.00	0.0	0.000	0.235	79.5	92	77.0	86.2	21.14	 .0712	0.001	702	1	100.0	30
04/13/20	4:30 a	76.0	76.3	76.0	87	71.8	0.0	NE	0.00	1.0	NE	76.0	79.3	79.3	77.5	29.877	0.00	0.00	0	0.00	0	0.0	0.00	0.0	0.000	0.229	79.3	92	76.8	85.8	21.14	 .0712	0.000	700	1	100.0	30
04/13/20	5:00 a	75.7	76.1	75.7	88	71.9	0.0	NE	0.00	1.0	NE	75.7	79.0	79.0	77.2	29.876	0.00	0.00	0	0.00	0	0.0	0.00	0.0	0.000	0.223	79.0	93	76.8	85.4	21.23	 .0713	0.001	700	1	100.0	30
04/13/20	5:30 a	75.5	75.8	75.5	88	71.7	0.0	---	0.00	0.0	---	75.5	78.8	78.8	77.0	29.888	0.00	0.00	0	0.00	0	0.0	0.00	0.0	0.000	0.219	78.6	93	76.4	84.5	21.22	 .0714	0.000	700	1	100.0	30
04/13/20	6:00 a	75.6	75.7	75.4	88	71.8	0.0	NE	0.00	1.0	NE	75.6	78.9	78.9	77.4	29.891	0.00	0.00	14	0.60	23	0.0	0.00	0.0	0.000	0.221	78.6	93	76.4	84.5	21.22	 .0714	0.000	701	1	100.0	30
04/13/20	6:30 a	75.8	75.8	75.5	88	72.0	0.0	NE	0.00	2.0	NE	75.8	79.2	79.2	79.6	29.891	0.00	0.00	29	1.25	37	0.0	0.00	0.0	0.000	0.225	78.8	93	76.6	84.9	21.23	 .0714	0.000	701	1	100.0	30
04/13/20	7:00 a	76.6	76.6	75.7	88	72.8	0.0	---	0.00	0.0	---	76.6	80.3	80.3	81.5	29.881	0.00	0.00	52	2.24	83	0.2	0.04	0.7	0.000	0.242	79.3	93	77.1	86.0	21.24	 .0712	0.001	701	1	100.0	30
04/13/20	7:30 a	77.6	77.7	76.6	88	73.8	0.0	NNE	0.00	1.0	NNE	77.6	81.8	81.8	84.8	29.893	0.00	0.00	112	4.82	125	0.9	0.19	1.2	0.000	0.262	79.9	93	77.7	87.4	21.25	 .0711	0.000	700	1	100.0	30
04/13/20	8:00 a	79.4	79.5	77.6	88	75.5	0.0	NNE	0.00	3.0	NE	79.4	85.1	85.1	92.6	29.896	0.00	0.00	291	12.51	517	1.8	0.39	2.9	0.000	0.300	81.1	93	78.9	90.4	21.27	 .0709	0.005	699	1	100.0	30
04/13/20	8:30 a	83.3	83.3	79.4	84	78.0	1.0	NE	0.50	3.0	ESE	83.3	93.7	93.7	105.7	29.913	0.00	0.00	598	25.72	649	3.7	0.79	4.3	0.000	0.381	83.6	92	81.0	97.7	21.22	 .0704	0.000	696	1	100.0	30
04/13/20	9:00 a	84.4	84.5	82.6	79	77.2	1.0	SSE	0.50	4.0	SSE	84.4	94.9	94.9	106.0	29.918	0.00	0.00	556	23.91	772	4.7	1.01	5.9	0.000	0.404	85.3	87	81.0	100.3	18.43	 .0702	0.015	700	1	100.0	30
04/13/20	9:30 a	85.6	85.6	83.7	77	77.6	1.0	SSW	0.50	6.0	SSW	85.6	96.8	96.8	106.1	29.920	0.00	0.00	453	19.48	981	5.3	1.14	8.0	0.000	0.429	85.9	85	80.9	100.9	17.60	 .0702	0.000	699	1	100.0	30
04/13/20	10:00 a	86.2	86.4	85.5	78	78.5	2.0	SSE	1.00	7.0	SE	86.2	98.7	98.7	107.7	29.924	0.00	0.00	437	18.79	721	5.6	1.20	8.4	0.000	0.442	87.0	86	82.3	106.3	17.93	 .0699	0.013	699	1	100.0	30
04/13/20	10:30 a	88.4	88.4	86.3	74	79.1	2.0	SE	1.00	6.0	ESE	88.4	102.5	102.5	114.4	29.916	0.00	0.00	631	27.14	951	8.5	1.82	10.3	0.000	0.488	88.2	84	82.7	108.7	17.12	 .0697	0.000	701	1	100.0	30
04/13/20	11:00 a	88.9	89.3	87.6	72	78.7	3.0	SE	1.50	8.0	SSE	88.9	103.2	103.2	113.7	29.908	0.00	0.00	1031	44.34	1113	11.3	2.42	12.1	0.000	0.498	89.3	82	83.1	112.6	16.38	 .0695	0.022	697	1	100.0	30
04/13/20	11:30 a	88.0	89.1	87.0	72	77.8	3.0	S	1.50	11.0	SSE	88.0	100.0	100.0	112.2	29.903	0.00	0.00	665	28.60	1136	8.3	1.78	12.3	0.000	0.479	89.5	80	82.5	111.3	15.57	 .0695	0.000	702	1	100.0	30
04/13/20	12:00 p	88.9	89.3	87.1	70	77.8	3.0	SSE	1.50	11.0	SSE	88.9	102.0	102.0	114.1	29.895	0.00	0.00	656	28.21	1213	8.9	1.91	12.8	0.000	0.498	90.1	81	83.5	115.2	15.95	 .0693	0.019	702	1	100.0	30
04/13/20	12:30 p	85.9	89.6	85.9	74	76.6	3.0	SE	1.50	11.0	SE	85.9	96.4	96.4	104.4	29.890	0.00	0.00	384	16.51	1153	6.2	1.33	12.4	0.000	0.435	89.8	79	82.4	111.7	15.16	 .0695	0.000	698	1	100.0	30
04/13/20	1:00 p	79.2	85.9	79.2	82	73.2	3.0	NE	1.50	12.0	NNE	79.2	83.5	83.5	83.6	29.890	0.41	4.72	43	1.85	102	0.4	0.09	1.6	0.000	0.296	86.1	82	80.0	100.1	16.51	 .0701	0.008	700	1	100.0	30
04/13/20	1:30 p	77.9	79.1	77.8	85	73.0	1.0	NE	0.50	5.0	ENE	77.9	81.9	81.9	83.7	29.867	0.28	1.83	111	4.77	179	1.6	0.34	2.5	0.000	0.269	83.9	85	78.9	95.8	17.72	 .0705	0.000	698	1	100.0	30
04/13/20	2:00 p	79.1	79.1	77.8	86	74.5	1.0	NNE	0.50	5.0	NE	79.1	84.1	84.1	89.4	29.838	0.03	0.10	239	10.28	390	3.0	0.64	4.2	0.000	0.294	84.1	86	79.5	96.7	18.10	 .0703	0.005	703	1	100.0	30
04/13/20	2:30 p	82.0	82.2	79.0	84	76.7	1.0	NNE	0.50	5.0	S	82.0	90.1	90.1	101.4	29.838	0.00	0.00	526	22.62	925	4.6	0.99	5.9	0.000	0.354	84.7	87	80.4	98.6	18.47	 .0702	0.000	698	1	100.0	30
04/13/20	3:00 p	81.7	82.5	81.6	86	77.1	1.0	ESE	0.50	3.0	SSE	81.7	89.9	89.9	95.1	29.843	0.00	0.00	193	8.30	227	2.1	0.45	2.5	0.000	0.348	84.7	89	81.1	99.6	19.48	 .0701	0.009	701	1	100.0	30
04/13/20	3:30 p	82.7	82.8	81.7	85	77.7	1.0	E	0.50	5.0	NNE	82.7	92.3	92.3	100.9	29.835	0.00	0.00	289	12.43	485	2.1	0.45	2.2	0.000	0.369	84.9	90	81.6	100.6	20.06	 .0700	0.000	699	1	100.0	30
04/13/20	4:00 p	82.1	83.1	81.9	85	77.1	1.0	E	0.50	3.0	E	82.1	90.7	90.7	94.5	29.840	0.00	0.00	111	4.77	341	0.5	0.11	1.8	0.000	0.356	84.6	90	81.3	99.7	20.08	 .0701	0.005	701	1	100.0	30
04/13/20	4:30 p	81.0	82.2	80.7	86	76.4	0.0	SE	0.00	2.0	ENE	81.0	88.1	88.1	88.2	29.843	0.00	0.00	18	0.77	28	0.0	0.00	0.0	0.000	0.333	83.9	90	80.6	97.7	20.14	 .0703	0.000	699	1	100.0	30
04/13/20	5:00 p	80.3	81.0	80.2	86	75.7	0.0	SE	0.00	1.0	SE	80.3	86.5	86.5	85.7	29.842	0.01	0.00	13	0.56	23	0.0	0.00	0.0	0.000	0.319	83.5	90	80.3	96.4	20.17	 .0703	0.001	701	1	100.0	30
04/13/20	5:30 p	79.4	80.4	79.3	86	74.8	0.0	SE	0.00	3.0	E	79.4	84.7	84.7	83.6	29.868	0.01	0.00	3	0.13	11	0.0	0.00	0.0	0.000	0.300	83.0	90	79.8	94.8	20.21	 .0705	0.000	698	1	100.0	30
04/13/20	6:00 p	78.2	79.4	78.0	86	73.7	2.0	SSW	1.00	7.0	W	78.2	82.6	82.6	81.4	29.881	0.01	0.00	0	0.00	0	0.0	0.00	0.0	0.000	0.275	81.8	90	78.6	91.5	20.31	 .0708	0.000	702	1	100.0	30
04/13/20	6:30 p	78.3	78.3	78.0	87	74.1	2.0	SSE	1.00	8.0	NNW	78.3	82.9	82.9	81.8	29.893	0.02	0.35	0	0.00	0	0.0	0.00	0.0	0.000	0.277	81.5	91	78.6	91.0	20.93	 .0709	0.000	700	1	100.0	30
04/13/20	7:00 p	78.2	78.3	78.0	87	74.0	1.0	ENE	0.50	4.0	SSE	78.2	82.7	82.7	81.6	29.903	0.08	0.89	0	0.00	0	0.0	0.00	0.0	0.000	0.275	81.4	91	78.5	90.7	20.94	 .0709	0.001	699	1	100.0	30
04/13/20	7:30 p	77.7	78.2	77.7	87	73.5	1.0	ENE	0.50	4.0	SSE	77.7	81.9	81.9	80.7	29.909	0.18	0.86	0	0.00	0	0.0	0.00	0.0	0.000	0.265	80.9	91	78.0	89.3	20.98	 .0710	0.000	701	1	100.0	30
04/13/20	8:00 p	77.1	77.8	77.1	87	72.9	1.0	ESE	0.50	3.0	E	77.1	80.9	80.9	79.7	29.919	0.37	2.62	0	0.00	0	0.0	0.00	0.0	0.000	0.252	80.9	91	78.0	89.3	20.98	 .0710	0.001	697	1	100.0	30
04/13/20	8:30 p	76.0	77.3	76.0	87	71.8	1.0	ESE	0.50	5.0	ENE	76.0	79.3	79.3	78.0	29.933	0.11	0.67	0	0.00	0	0.0	0.00	0.0	0.000	0.229	80.4	91	77.5	88.0	21.02	 .0712	0.000	700	1	100.0	30
04/13/20	9:00 p	75.4	76.1	75.2	87	71.3	1.0	NE	0.50	3.0	ENE	75.4	78.6	78.6	77.3	29.946	0.08	0.91	0	0.00	0	0.0	0.00	0.0	0.000	0.217	79.9	90	76.7	86.6	20.45	 .0713	0.001	696	1	100.0	30
04/13/20	9:30 p	75.5	75.7	75.4	87	71.4	0.0	NE	0.00	1.0	NE	75.5	78.7	78.7	77.4	29.944	0.00	0.00	0	0.00	0	0.0	0.00	0.0	0.000	0.219	79.3	91	76.4	85.6	21.04	 .0714	0.000	702	1	100.0	30
04/13/20	10:00 p	75.5	75.5	75.3	87	71.4	0.0	NE	0.00	1.0	NE	75.5	78.7	78.7	77.4	29.948	0.00	0.00	0	0.00	0	0.0	0.00	0.0	0.000	0.219	79.1	91	76.2	85.1	21.03	 .0715	0.001	701	1	100.0	30
04/13/20	10:30 p	75.3	75.5	75.2	87	71.2	0.0	NE	0.00	1.0	NE	75.3	78.5	78.5	77.2	29.949	0.00	0.00	0	0.00	0	0.0	0.00	0.0	0.000	0.215	78.9	91	76.0	84.7	21.03	 .0715	0.000	700	1	100.0	30
04/13/20	11:00 p	75.2	75.4	75.1	87	71.1	0.0	NE	0.00	1.0	NE	75.2	78.4	78.4	77.1	29.937	0.00	0.00	0	0.00	0	0.0	0.00	0.0	0.000	0.212	78.7	92	76.2	84.5	21.12	 .0715	0.001	701	1	100.0	30
04/13/20	11:30 p	75.0	75.3	74.9	88	71.2	0.0	---	0.00	0.0	---	75.0	78.2	78.2	76.9	29.931	0.00	0.00	0	0.00	0	0.0	0.00	0.0	0.000	0.208	78.5	92	76.0	84.1	21.12	 .0715	0.000	698	1	100.0	30
04/14/20	12:00 a	75.1	75.1	74.9	88	71.3	0.0	---	0.00	0.0	---	75.1	78.4	78.4	77.1	29.924	0.00	0.00	0	0.00	0	0.0	0.00	0.0	0.000	0.210	78.3	92	75.8	83.7	21.12	 .0716	0.000	701	1	100.0	30
04/14/20	12:30 a	75.0	75.2	74.9	88	71.2	0.0	---	0.00	0.0	---	75.0	78.2	78.2	76.9	29.908	0.00	0.00	0	0.00	0	0.0	0.00	0.0	0.000	0.208	78.2	92	75.7	83.5	21.11	 .0715	0.000	699	1	100.0	30
04/14/20	1:00 a	75.0	75.2	74.9	88	71.2	0.0	---	0.00	0.0	---	75.0	78.2	78.2	76.9	29.893	0.00	0.00	0	0.00	0	0.0	0.00	0.0	0.000	0.208	78.1	93	75.9	83.4	21.21	 .0715	0.000	696	1	100.0	30
04/14/20	1:30 a	75.1	75.1	75.0	88	71.3	0.0	NE	0.00	1.0	NE	75.1	78.4	78.4	77.1	29.873	0.00	0.00	0	0.00	0	0.0	0.00	0.0	0.000	0.210	78.0	93	75.8	83.2	21.21	 .0715	0.000	702	1	100.0	30
04/14/20	2:00 a	75.2	75.2	75.0	88	71.4	0.0	NE	0.00	1.0	NE	75.2	78.5	78.5	77.2	29.852	0.00	0.00	0	0.00	0	0.0	0.00	0.0	0.000	0.212	78.0	93	75.8	83.2	21.21	 .0714	0.000	701	1	100.0	30
04/14/20	2:30 a	75.2	75.3	75.1	88	71.4	0.0	NE	0.00	1.0	NE	75.2	78.5	78.5	77.2	29.854	0.00	0.00	0	0.00	0	0.0	0.00	0.0	0.000	0.212	77.9	94	76.0	83.1	21.35	 .0714	0.000	701	1	100.0	30
04/14/20	3:00 a	75.3	75.5	75.2	88	71.5	0.0	---	0.00	0.0	---	75.3	78.6	78.6	77.3	29.853	0.00	0.00	0	0.00	0	0.0	0.00	0.0	0.000	0.215	77.9	94	76.0	83.1	21.35	 .0714	0.000	700	1	100.0	30
04/14/20	3:30 a	75.3	75.5	75.2	88	71.5	0.0	---	0.00	0.0	---	75.3	78.6	78.6	77.3	29.851	0.00	0.00	0	0.00	0	0.0	0.00	0.0	0.000	0.215	77.8	94	75.9	82.9	21.35	 .0714	0.000	701	1	100.0	30
04/14/20	4:00 a	75.2	75.3	75.1	88	71.4	0.0	NE	0.00	1.0	NE	75.2	78.5	78.5	77.2	29.856	0.00	0.00	0	0.00	0	0.0	0.00	0.0	0.000	0.212	77.6	94	75.7	82.5	21.35	 .0715	0.000	699	1	100.0	30
04/14/20	4:30 a	74.9	75.2	74.9	88	71.1	0.0	NE	0.00	1.0	NE	74.9	78.0	78.0	76.7	29.865	0.00	0.00	0	0.00	0	0.0	0.00	0.0	0.000	0.206	77.5	94	75.6	82.3	21.35	 .0715	0.000	700	1	100.0	30
04/14/20	5:00 a	74.8	74.9	74.6	88	71.0	0.0	NE	0.00	1.0	NE	74.8	77.9	77.9	76.6	29.866	0.00	0.00	0	0.00	0	0.0	0.00	0.0	0.000	0.204	77.3	94	75.4	82.0	21.35	 .0716	0.000	701	1	100.0	30
04/14/20	5:30 a	74.6	74.8	74.6	88	70.8	0.0	NE	0.00	1.0	NE	74.6	77.5	77.5	76.2	29.876	0.00	0.00	0	0.00	0	0.0	0.00	0.0	0.000	0.200	77.2	94	75.3	81.8	21.35	 .0716	0.000	702	1	100.0	30
04/14/20	6:00 a	75.0	75.0	74.5	88	71.2	0.0	---	0.00	0.0	---	75.0	78.2	78.2	77.2	29.893	0.00	0.00	13	0.56	26	0.0	0.00	0.0	0.000	0.208	77.2	94	75.3	81.8	21.35	 .0717	0.000	701	1	100.0	30
04/14/20	6:30 a	75.7	75.8	74.9	88	71.9	0.0	NE	0.00	1.0	NE	75.7	79.0	79.0	80.7	29.900	0.00	0.00	56	2.41	90	0.0	0.00	0.0	0.000	0.223	77.7	95	76.2	82.8	21.65	 .0716	0.000	696	1	100.0	30
04/14/20	7:00 a	76.9	76.9	75.7	88	73.1	0.0	NE	0.00	1.0	NE	76.9	80.7	80.7	83.2	29.919	0.00	0.00	84	3.61	95	0.4	0.09	0.5	0.000	0.248	78.5	95	76.9	84.6	21.65	 .0714	0.002	702	1	100.0	30
04/14/20	7:30 a	78.1	78.1	76.8	88	74.3	0.0	NE	0.00	1.0	NE	78.1	82.7	82.7	85.8	29.916	0.00	0.00	114	4.90	176	0.8	0.17	1.1	0.000	0.273	79.3	95	77.7	86.5	21.65	 .0713	0.000	701	1	100.0	30
04/14/20	8:00 a	79.6	79.7	78.0	88	75.7	0.0	NE	0.00	2.0	NE	79.6	85.5	85.5	91.2	29.918	0.00	0.00	221	9.50	682	1.6	0.34	2.7	0.000	0.304	80.4	95	78.8	89.1	21.65	 .0710	0.004	698	1	100.0	30
04/14/20	8:30 a	80.4	80.9	78.8	86	75.8	1.0	SSW	0.50	3.0	NW	80.4	86.7	86.7	94.8	29.926	0.00	0.00	351	15.09	844	2.8	0.60	3.7	0.000	0.321	82.0	93	79.8	93.2	21.29	 .0708	0.000	699	1	100.0	30
04/14/20	9:00 a	82.1	82.5	80.3	79	74.9	0.0	SW	0.00	3.0	SW	82.1	88.9	88.9	97.1	29.921	0.00	0.00	382	16.43	752	4.0	0.86	5.9	0.000	0.356	82.3	93	80.1	94.1	21.30	 .0707	0.010	696	1	100.0	30
04/14/20	9:30 a	82.6	84.2	81.5	79	75.4	1.0	SW	0.50	4.0	SSW	82.6	90.3	90.3	98.3	29.923	0.00	0.00	383	16.47	868	5.1	1.09	7.2	0.000	0.367	83.1	90	79.9	95.1	20.20	 .0706	0.000	703	1	100.0	30
04/14/20	10:00 a	82.1	82.9	82.1	82	76.1	1.0	SW	0.50	4.0	S	82.1	89.8	89.8	97.7	29.918	0.00	0.00	380	16.34	744	5.4	1.16	7.4	0.000	0.356	83.7	88	79.8	96.3	18.98	 .0705	0.011	701	1	100.0	30
04/14/20	10:30 a	84.2	84.7	82.0	76	75.8	1.0	SW	0.50	5.0	S	84.2	93.4	93.4	104.2	29.918	0.00	0.00	559	24.04	888	7.8	1.67	10.1	0.000	0.400	84.4	86	79.7	97.4	18.09	 .0704	0.000	700	1	100.0	30
04/14/20	11:00 a	85.7	85.7	83.8	73	76.0	1.0	WNW	0.50	6.0	W	85.7	95.6	95.6	108.6	29.899	0.00	0.00	809	34.79	1157	9.5	2.04	12.4	0.000	0.431	85.1	85	80.1	98.7	17.64	 .0703	0.018	698	1	100.0	30
04/14/20	11:30 a	85.1	87.1	85.1	74	75.9	2.0	S	1.00	6.0	ESE	85.1	94.5	94.5	107.4	29.895	0.00	0.00	851	36.60	1069	10.4	2.23	12.1	0.000	0.419	85.8	84	80.4	100.2	17.22	 .0702	0.000	697	1	100.0	30
04/14/20	12:00 p	86.1	86.5	84.7	74	76.8	2.0	SW	1.00	6.0	S	86.1	96.9	96.9	108.2	29.886	0.00	0.00	981	42.19	1062	11.7	2.51	12.4	0.000	0.440	86.4	83	80.6	101.8	16.79	 .0700	0.024	697	1	100.0	30
04/14/20	12:30 p	87.3	87.8	85.8	76	78.8	2.0	SSE	1.00	6.0	SSW	87.3	100.7	100.7	112.8	29.869	0.00	0.00	1077	46.32	1132	12.1	2.59	12.5	0.000	0.465	87.4	84	82.0	105.9	17.15	 .0698	0.000	701	1	100.0	30
04/14/20	1:00 p	87.2	87.7	85.6	74	77.9	2.0	SE	1.00	9.0	S	87.2	99.5	99.5	111.9	29.851	0.00	0.00	874	37.59	1241	9.6	2.06	12.4	0.000	0.462	87.6	82	81.4	105.0	16.45	 .0697	0.025	698	1	100.0	30
04/14/20	1:30 p	86.6	87.6	85.9	73	76.9	2.0	SE	1.00	9.0	SSE	86.6	97.8	97.8	110.4	29.833	0.00	0.00	943	40.55	1046	9.4	2.01	10.8	0.000	0.450	87.7	82	81.5	105.3	16.44	 .0697	0.000	698	1	100.0	30
04/14/20	2:00 p	86.3	86.9	85.6	74	77.0	3.0	SE	1.50	9.0	S	86.3	97.4	97.4	111.4	29.823	0.00	0.00	921	39.61	993	8.4	1.80	9.1	0.000	0.444	87.7	82	81.5	105.3	16.44	 .0696	0.024	701	1	100.0	30
04/14/20	2:30 p	85.0	87.0	84.9	75	76.2	2.0	SSE	1.00	7.0	ESE	85.0	94.6	94.6	106.7	29.805	0.00	0.00	624	26.84	956	5.6	1.20	7.6	0.000	0.417	87.0	82	80.8	103.4	16.47	 .0697	0.000	699	1	100.0	30
04/14/20	3:00 p	84.5	85.6	84.2	75	75.7	2.0	SSE	1.00	7.0	SE	84.5	93.6	93.6	103.2	29.790	0.00	0.00	384	16.51	933	3.9	0.84	5.5	0.000	0.406	86.5	83	80.7	102.2	16.79	 .0698	0.015	699	1	100.0	30
04/14/20	3:30 p	85.5	86.2	84.5	74	76.3	2.0	S	1.00	6.0	SSE	85.5	95.5	95.5	111.1	29.788	0.00	0.00	610	26.23	810	3.2	0.69	4.3	0.000	0.427	86.3	81	79.8	100.3	16.10	 .0699	0.000	701	1	100.0	30
04/14/20	4:00 p	82.8	85.6	82.8	79	75.6	1.0	SSE	0.50	4.0	S	82.8	90.8	90.8	96.3	29.790	0.00	0.00	158	6.79	499	1.2	0.26	2.5	0.000	0.371	85.8	83	80.0	99.7	16.82	 .0699	0.010	701	1	100.0	30
04/14/20	4:30 p	82.2	83.0	82.1	82	76.2	0.0	SSE	0.00	1.0	SSE	82.2	90.1	90.1	93.0	29.798	0.00	0.00	79	3.40	104	0.3	0.06	0.8	0.000	0.358	85.0	85	80.0	98.4	17.65	 .0701	0.000	701	1	100.0	30
04/14/20	5:00 p	81.4	82.2	81.4	84	76.1	0.0	SSE	0.00	2.0	SSE	81.4	88.6	88.6	88.0	29.820	0.00	0.00	25	1.08	47	0.0	0.00	0.0	0.000	0.342	84.3	86	79.7	97.2	18.09	 .0702	0.002	699	1	100.0	30
04/14/20	5:30 p	80.6	81.5	80.5	85	75.7	0.0	SSE	0.00	1.0	SSE	80.6	86.9	86.9	86.0	29.818	0.00	0.00	13	0.56	18	0.0	0.00	0.0	0.000	0.325	83.8	87	79.5	96.2	18.52	 .0703	0.000	701	1	100.0	30
04/14/20	6:00 p	80.0	80.6	80.0	85	75.1	0.0	SSE	0.00	2.0	SSE	80.0	85.6	85.6	84.5	29.828	0.00	0.00	5	0.22	19	0.0	0.00	0.0	0.000	0.313	83.3	88	79.4	95.1	19.02	 .0704	0.000	701	1	100.0	30
04/14/20	6:30 p	79.6	80.1	79.5	86	75.0	0.0	SSE	0.00	1.0	SSE	79.6	85.1	85.1	83.9	29.836	0.01	0.00	0	0.00	0	0.0	0.00	0.0	0.000	0.304	82.7	89	79.1	93.6	19.68	 .0705	0.000	701	1	100.0	30
04/14/20	7:00 p	79.3	79.6	79.2	86	74.7	0.0	SSE	0.00	1.0	SSE	79.3	84.5	84.5	83.2	29.849	0.01	0.00	0	0.00	0	0.0	0.00	0.0	0.000	0.298	82.3	90	79.1	92.9	20.27	 .0706	0.001	700	1	100.0	30
04/14/20	7:30 p	78.9	79.3	78.9	86	74.4	0.0	---	0.00	0.0	---	78.9	83.7	83.7	82.4	29.861	0.00	0.00	0	0.00	0	0.0	0.00	0.0	0.000	0.290	82.0	91	79.1	92.5	20.89	 .0707	0.000	701	1	100.0	30
04/14/20	8:00 p	78.4	78.9	78.3	87	74.2	1.0	N	0.50	4.0	N	78.4	83.1	83.1	81.8	29.877	0.00	0.00	0	0.00	0	0.0	0.00	0.0	0.000	0.279	81.8	89	78.2	91.2	19.77	 .0708	0.001	700	1	100.0	30
04/14/20	8:30 p	77.8	78.4	77.7	86	73.3	1.0	NNW	0.50	4.0	N	77.8	81.9	81.9	80.5	29.879	0.00	0.00	0	0.00	0	0.0	0.00	0.0	0.000	0.267	81.3	89	77.7	89.8	19.82	 .0709	0.000	700	1	100.0	30
04/14/20	9:00 p	78.0	78.3	77.8	86	73.5	0.0	NNW	0.00	3.0	NNW	78.0	82.2	82.2	80.8	29.863	0.00	0.00	0	0.00	0	0.0	0.00	0.0	0.000	0.271	80.9	90	77.7	89.0	20.38	 .0709	0.001	696	1	100.0	30
04/14/20	9:30 p	77.4	78.0	77.3	86	72.9	0.0	NE	0.00	2.0	NE	77.4	81.3	81.3	79.9	29.864	0.00	0.00	0	0.00	0	0.0	0.00	0.0	0.000	0.258	80.5	91	77.6	88.3	21.01	 .0710	0.000	701	1	100.0	30
04/14/20	10:00 p	77.1	77.4	77.0	87	72.9	0.0	NE	0.00	3.0	NW	77.1	80.9	80.9	79.5	29.869	0.00	0.00	0	0.00	0	0.0	0.00	0.0	0.000	0.252	80.3	91	77.4	87.8	21.03	 .0710	0.001	699	1	100.0	30
04/14/20	10:30 p	76.5	77.1	76.5	87	72.3	0.0	NW	0.00	1.0	NW	76.5	80.0	80.0	78.6	29.866	0.00	0.00	0	0.00	0	0.0	0.00	0.0	0.000	0.240	79.9	91	77.0	86.8	21.05	 .0711	0.000	700	1	100.0	30
04/14/20	11:00 p	76.2	76.6	76.1	87	72.0	0.0	---	0.00	0.0	---	76.2	79.6	79.6	78.2	29.859	0.00	0.00	0	0.00	0	0.0	0.00	0.0	0.000	0.233	79.5	92	77.0	86.2	21.14	 .0712	0.001	701	1	100.0	30
04/14/20	11:30 p	76.0	76.2	75.9	87	71.8	0.0	NW	0.00	1.0	NW	76.0	79.3	79.3	77.8	29.845	0.00	0.00	0	0.00	0	0.0	0.00	0.0	0.000	0.229	79.3	92	76.8	85.8	21.14	 .0712	0.000	699	1	100.0	30
04/15/20	12:00 a	75.8	76.0	75.8	87	71.7	0.0	---	0.00	0.0	---	75.8	79.1	79.1	77.6	29.847	0.00	0.00	0	0.00	0	0.0	0.00	0.0	0.000	0.225	79.0	92	76.5	85.1	21.13	 .0712	0.001	701	1	100.0	30
04/15/20	12:30 a	75.9	76.0	75.7	87	71.8	0.0	NNW	0.00	2.0	NW	75.9	79.2	79.2	77.7	29.836	0.00	0.00	0	0.00	0	0.0	0.00	0.0	0.000	0.227	78.8	92	76.3	84.7	21.13	 .0712	0.000	697	1	100.0	30
04/15/20	1:00 a	76.3	76.3	75.9	88	72.5	1.0	NNE	0.50	7.0	WNW	76.3	79.8	79.8	78.4	29.831	0.00	0.00	0	0.00	0	0.0	0.00	0.0	0.000	0.235	79.2	92	76.7	85.6	21.13	 .0712	0.001	698	1	100.0	30
04/15/20	1:30 a	76.5	76.6	76.3	88	72.7	1.0	N	0.50	5.0	NNW	76.5	80.1	80.1	78.7	29.819	0.00	0.00	0	0.00	0	0.0	0.00	0.0	0.000	0.240	79.2	92	76.7	85.6	21.13	 .0711	0.000	697	1	100.0	30
04/15/20	2:00 a	76.2	76.5	76.1	87	72.0	1.0	NNE	0.50	4.0	NE	76.2	79.6	79.6	78.2	29.816	0.00	0.00	0	0.00	0	0.0	0.00	0.0	0.000	0.233	79.0	92	76.5	85.1	21.13	 .0712	0.001	702	1	100.0	30
04/15/20	2:30 a	76.3	76.3	76.1	87	72.1	1.0	NNE	0.50	6.0	WNW	76.3	79.8	79.8	78.4	29.811	0.00	0.00	0	0.00	0	0.0	0.00	0.0	0.000	0.235	78.8	93	76.6	84.9	21.23	 .0712	0.000	698	1	100.0	30
04/15/20	3:00 a	76.1	76.3	76.1	87	71.9	0.0	NNE	0.00	4.0	NW	76.1	79.5	79.5	78.0	29.805	0.00	0.00	0	0.00	0	0.0	0.00	0.0	0.000	0.231	78.4	93	76.2	84.0	21.22	 .0712	0.001	701	1	100.0	30
04/15/20	3:30 a	75.5	76.1	75.5	87	71.4	0.0	NNE	0.00	2.0	NNE	75.5	78.7	78.7	77.2	29.805	0.00	0.00	0	0.00	0	0.0	0.00	0.0	0.000	0.219	78.1	93	75.9	83.4	21.21	 .0713	0.000	702	1	100.0	30
04/15/20	4:00 a	75.3	75.6	75.2	87	71.2	0.0	NNE	0.00	1.0	NNE	75.3	78.5	78.5	77.0	29.804	0.00	0.00	0	0.00	0	0.0	0.00	0.0	0.000	0.215	77.8	93	75.6	82.8	21.21	 .0713	0.001	701	1	100.0	30
04/15/20	4:30 a	74.9	75.3	74.9	87	70.8	0.0	NNE	0.00	2.0	NNE	74.9	78.0	78.0	76.5	29.812	0.00	0.00	0	0.00	0	0.0	0.00	0.0	0.000	0.206	77.6	93	75.4	82.4	21.20	 .0714	0.000	696	1	100.0	30
04/15/20	5:00 a	74.8	75.1	74.8	88	71.0	0.0	NNE	0.00	1.0	NNE	74.8	77.9	77.9	76.4	29.813	0.00	0.00	0	0.00	0	0.0	0.00	0.0	0.000	0.204	77.4	93	75.2	82.0	21.20	 .0715	0.001	700	1	100.0	30
04/15/20	5:30 a	74.7	74.8	74.6	88	70.9	0.0	---	0.00	0.0	---	74.7	77.7	77.7	76.2	29.824	0.00	0.00	0	0.00	5	0.0	0.00	0.0	0.000	0.202	77.2	94	75.3	81.8	21.35	 .0715	0.000	698	1	100.0	30
04/15/20	6:00 a	75.0	75.0	74.7	88	71.2	0.0	---	0.00	0.0	---	75.0	78.2	78.2	77.0	29.838	0.00	0.00	13	0.56	21	0.0	0.00	0.0	0.000	0.208	77.2	94	75.3	81.8	21.35	 .0715	0.000	700	1	100.0	30
04/15/20	6:30 a	75.7	75.8	75.0	88	71.9	0.0	NNE	0.00	2.0	NNE	75.7	79.0	79.0	79.3	29.842	0.00	0.00	27	1.16	32	0.0	0.00	0.0	0.000	0.223	77.8	94	75.9	82.9	21.35	 .0714	0.000	702	1	100.0	30
04/15/20	7:00 a	76.5	76.6	75.7	88	72.7	1.0	NNE	0.50	4.0	NNW	76.5	80.1	80.1	80.7	29.859	0.00	0.00	37	1.59	42	0.0	0.00	0.0	0.000	0.240	79.2	94	77.3	86.0	21.35	 .0712	0.001	699	1	100.0	30
04/15/20	7:30 a	77.7	77.7	76.5	88	73.9	1.0	NNE	0.50	3.0	N	77.7	82.0	82.0	82.8	29.872	0.00	0.00	48	2.06	54	0.0	0.00	0.0	0.000	0.265	80.4	94	78.5	88.9	21.36	 .0710	0.000	700	1	100.0	30
04/15/20	8:00 a	79.9	79.9	77.6	86	75.3	1.0	N	0.50	3.0	NNE	79.9	85.6	85.6	95.2	29.882	0.00	0.00	391	16.82	527	2.0	0.43	2.7	0.000	0.310	81.9	92	79.3	92.5	21.19	 .0707	0.006	701	1	100.0	30
04/15/20	8:30 a	81.7	83.7	80.0	81	75.3	1.0	NW	0.50	3.0	NNW	81.7	88.5	88.5	97.4	29.882	0.00	0.00	391	16.82	698	2.8	0.60	3.5	0.000	0.348	82.9	90	79.7	94.5	20.22	 .0706	0.000	701	1	100.0	30
04/15/20	9:00 a	81.7	81.8	81.2	84	76.4	0.0	NW	0.00	2.0	SW	81.7	89.3	89.3	93.2	29.893	0.00	0.00	184	7.91	744	3.1	0.66	4.7	0.000	0.348	83.2	90	80.0	95.4	20.19	 .0705	0.009	700	1	100.0	30
04/15/20	9:30 a	80.9	81.8	80.7	85	76.0	0.0	SW	0.00	3.0	SW	80.9	87.6	87.6	89.7	29.895	0.00	0.00	119	5.12	149	3.2	0.69	4.9	0.000	0.331	82.8	89	79.2	93.9	19.67	 .0706	0.000	701	1	100.0	30
04/15/20	10:00 a	85.6	85.6	80.9	75	76.8	2.0	SW	1.00	6.0	S	85.6	96.0	96.0	108.6	29.884	0.00	0.00	756	32.51	1083	7.3	1.56	9.6	0.000	0.429	84.7	84	79.3	97.3	17.26	 .0704	0.010	702	1	100.0	30
04/15/20	10:30 a	86.9	87.0	85.6	74	77.6	3.0	S	1.50	10.0	SW	86.9	98.9	98.9	111.4	29.884	0.00	0.00	919	39.52	1139	9.5	2.04	11.2	0.000	0.456	86.1	84	80.7	101.1	17.21	 .0701	0.000	702	1	100.0	30
04/15/20	11:00 a	87.0	88.4	85.5	73	77.3	3.0	SW	1.50	10.0	WSW	87.0	98.8	98.8	111.2	29.874	0.00	0.00	937	40.30	1213	9.3	1.99	11.8	0.000	0.458	86.3	82	80.2	100.9	16.50	 .0701	0.022	700	1	100.0	30
04/15/20	11:30 a	89.1	89.5	87.2	69	77.6	3.0	SW	1.50	11.0	WSW	89.1	102.1	102.1	112.8	29.856	0.00	0.00	1091	46.92	1134	11.7	2.51	12.0	0.000	0.502	86.7	81	80.2	101.7	16.08	 .0700	0.000	702	1	100.0	30
04/15/20	12:00 p	88.2	89.0	87.9	71	77.6	3.0	SW	1.50	11.0	SW	88.2	100.2	100.2	111.1	29.844	0.00	0.00	1065	45.80	1078	11.8	2.53	12.0	0.000	0.483	87.0	82	80.8	103.4	16.47	 .0698	0.029	703	1	100.0	30
04/15/20	12:30 p	88.5	88.9	87.7	71	77.9	2.0	SSE	1.00	8.0	SSW	88.5	101.2	101.2	113.1	29.830	0.00	0.00	1068	45.93	1095	11.5	2.46	11.7	0.000	0.490	87.8	81	81.2	104.7	16.04	 .0697	0.000	699	1	100.0	30
04/15/20	1:00 p	89.0	89.5	88.5	71	78.4	3.0	SW	1.50	10.0	W	89.0	102.9	102.9	116.2	29.815	0.00	0.00	1080	46.45	1192	10.7	2.29	11.2	0.000	0.500	88.2	80	81.2	105.4	15.62	 .0696	0.029	702	1	100.0	30
04/15/20	1:30 p	88.1	88.9	87.5	73	78.3	3.0	SW	1.50	11.0	WSW	88.1	100.8	100.8	114.3	29.797	0.00	0.00	1000	43.01	1199	9.0	1.93	10.8	0.000	0.481	87.8	81	81.2	104.7	16.04	 .0696	0.000	698	1	100.0	30
04/15/20	2:00 p	88.5	88.6	87.4	72	78.3	2.0	SW	1.00	10.0	S	88.5	101.8	101.8	116.8	29.793	0.00	0.00	975	41.93	1150	8.0	1.71	8.7	0.000	0.490	87.9	80	81.0	104.2	15.63	 .0696	0.025	697	1	100.0	30
04/15/20	2:30 p	84.6	89.7	84.6	75	75.8	2.0	SSE	1.00	8.0	S	84.6	93.8	93.8	99.8	29.789	0.00	0.00	253	10.88	705	3.1	0.66	6.5	0.000	0.408	86.9	79	79.6	101.3	15.34	 .0698	0.000	702	1	100.0	30
04/15/20	3:00 p	83.5	84.7	83.5	78	75.9	1.0	SSW	0.50	6.0	SSW	83.5	92.4	92.4	97.5	29.786	0.00	0.00	195	8.39	204	2.0	0.43	2.2	0.000	0.385	86.1	80	79.2	99.1	15.71	 .0699	0.007	697	1	100.0	30
04/15/20	3:30 p	82.9	83.6	82.9	79	75.7	1.0	SW	0.50	5.0	S	82.9	91.1	91.1	94.1	29.778	0.00	0.00	109	4.69	151	1.4	0.30	1.7	0.000	0.373	85.3	81	78.8	97.5	16.14	 .0701	0.000	697	1	100.0	30
04/15/20	4:00 p	83.6	83.6	82.5	77	75.6	1.0	W	0.50	4.0	WSW	83.6	92.3	92.3	97.7	29.769	0.00	0.00	157	6.75	279	1.2	0.26	1.3	0.000	0.387	84.9	81	78.4	96.6	16.15	 .0701	0.004	701	1	100.0	30
04/15/20	4:30 p	83.9	84.7	83.6	78	76.3	1.0	SSW	0.50	5.0	S	83.9	93.5	93.5	99.5	29.774	0.00	0.00	162	6.97	334	0.5	0.11	1.1	0.000	0.394	85.0	82	78.9	97.2	16.55	 .0701	0.000	700	1	100.0	30
04/15/20	5:00 p	82.7	83.9	82.7	79	75.5	1.0	SSW	0.50	6.0	SW	82.7	90.6	90.6	90.0	29.788	0.00	0.00	40	1.72	88	0.0	0.00	0.0	0.000	0.369	84.8	82	78.7	96.8	16.55	 .0702	0.003	702	1	100.0	30
04/15/20	5:30 p	82.2	82.9	82.2	80	75.4	1.0	NNW	0.50	4.0	S	82.2	89.5	89.5	88.2	29.796	0.00	0.00	9	0.39	23	0.0	0.00	0.0	0.000	0.358	84.4	83	78.7	96.3	16.87	 .0702	0.000	702	1	100.0	30
04/15/20	6:00 p	81.7	82.3	81.6	80	74.9	1.0	WNW	0.50	5.0	WNW	81.7	88.2	88.2	86.6	29.804	0.00	0.00	0	0.00	0	0.0	0.00	0.0	0.000	0.348	84.0	84	78.6	95.8	17.29	 .0703	0.000	700	1	100.0	30
04/15/20	6:30 p	81.6	81.7	81.5	81	75.2	1.0	W	0.50	4.0	WSW	81.6	88.2	88.2	86.7	29.805	0.00	0.00	0	0.00	0	0.0	0.00	0.0	0.000	0.346	83.8	84	78.4	95.2	17.30	 .0703	0.000	702	1	100.0	30
04/15/20	7:00 p	81.9	82.1	81.6	81	75.5	1.0	SSW	0.50	7.0	W	81.9	89.0	89.0	87.5	29.819	0.00	0.00	0	0.00	0	0.0	0.00	0.0	0.000	0.352	83.8	85	78.8	95.5	17.72	 .0704	0.001	700	1	100.0	30
04/15/20	7:30 p	81.8	82.0	81.6	82	75.8	1.0	SW	0.50	7.0	SW	81.8	89.0	89.0	87.5	29.830	0.00	0.00	0	0.00	0	0.0	0.00	0.0	0.000	0.350	83.6	86	79.0	95.3	18.13	 .0704	0.000	703	1	100.0	30
04/15/20	8:00 p	79.9	81.8	79.8	84	74.6	1.0	NW	0.50	3.0	W	79.9	85.2	85.2	83.6	29.847	0.27	1.74	0	0.00	0	0.0	0.00	0.0	0.000	0.310	82.5	88	78.6	92.8	19.10	 .0706	0.001	702	1	100.0	30
04/15/20	8:30 p	79.6	79.9	79.6	86	75.0	1.0	N	0.50	3.0	NNW	79.6	85.1	85.1	83.6	29.860	0.13	1.36	0	0.00	0	0.0	0.00	0.0	0.000	0.304	82.0	90	78.8	92.1	20.29	 .0707	0.000	696	1	100.0	30
04/15/20	9:00 p	79.3	79.7	79.3	86	74.7	1.0	NNW	0.50	6.0	W	79.3	84.5	84.5	82.9	29.852	0.18	2.30	0	0.00	0	0.0	0.00	0.0	0.000	0.298	81.7	91	78.8	91.6	20.91	 .0707	0.001	700	1	100.0	30
04/15/20	9:30 p	78.5	79.4	78.5	86	74.0	2.0	N	1.00	10.0	E	78.5	83.1	83.1	81.5	29.869	0.78	6.06	0	0.00	0	0.0	0.00	0.0	0.000	0.281	81.1	91	78.2	89.8	20.96	 .0709	0.000	701	1	100.0	30
04/15/20	10:00 p	78.1	78.5	78.1	87	73.9	1.0	W	0.50	5.0	SW	78.1	82.6	82.6	81.0	29.854	0.22	4.88	0	0.00	0	0.0	0.00	0.0	0.000	0.273	80.8	92	78.3	89.3	21.17	 .0709	0.001	699	1	100.0	30
04/15/20	10:30 p	77.8	78.3	77.8	87	73.6	1.0	ENE	0.50	3.0	NNW	77.8	82.1	82.1	80.5	29.852	0.07	1.78	0	0.00	0	0.0	0.00	0.0	0.000	0.267	80.7	92	78.2	89.1	21.16	 .0709	0.000	700	1	100.0	30
04/15/20	11:00 p	77.9	78.0	77.6	87	73.7	1.0	NW	0.50	5.0	NW	77.9	82.2	82.2	80.6	29.864	0.05	0.44	0	0.00	0	0.0	0.00	0.0	0.000	0.269	80.5	93	78.3	88.8	21.26	 .0709	0.001	700	1	100.0	30
04/15/20	11:30 p	78.0	78.1	77.9	87	73.8	1.0	NW	0.50	3.0	N	78.0	82.4	82.4	80.8	29.858	0.01	0.05	0	0.00	0	0.0	0.00	0.0	0.000	0.271	80.4	92	77.9	88.3	21.16	 .0710	0.000	700	1	100.0	30
04/16/20	12:00 a	77.6	78.1	77.6	87	73.4	1.0	NW	0.50	7.0	NW	77.6	81.7	81.7	80.1	29.856	0.00	0.00	0	0.00	0	0.0	0.00	0.0	0.000	0.262	80.2	93	78.0	88.1	21.25	 .0710	0.001	702	1	100.0	30
04/16/20	12:30 a	77.4	77.7	77.4	87	73.2	0.0	NW	0.00	1.0	NW	77.4	81.4	81.4	79.8	29.844	0.00	0.00	0	0.00	0	0.0	0.00	0.0	0.000	0.258	80.0	93	77.8	87.6	21.25	 .0710	0.000	699	1	100.0	30
04/16/20	1:00 a	77.4	77.5	77.3	87	73.2	1.0	NW	0.50	4.0	N	77.4	81.4	81.4	79.8	29.840	0.00	0.00	0	0.00	0	0.0	0.00	0.0	0.000	0.258	79.9	93	77.7	87.4	21.25	 .0710	0.001	702	1	100.0	30
04/16/20	1:30 a	77.1	77.4	77.1	87	72.9	0.0	NW	0.00	3.0	NW	77.1	80.9	80.9	79.2	29.835	0.00	0.00	0	0.00	0	0.0	0.00	0.0	0.000	0.252	79.8	93	77.6	87.1	21.25	 .0710	0.000	698	1	100.0	30
04/16/20	2:00 a	76.9	77.2	76.8	88	73.1	0.0	NW	0.00	2.0	NW	76.9	80.7	80.7	79.1	29.825	0.00	0.00	0	0.00	0	0.0	0.00	0.0	0.000	0.248	79.4	94	77.5	86.5	21.35	 .0710	0.001	701	1	100.0	30
04/16/20	2:30 a	76.7	77.0	76.7	88	72.9	0.0	NW	0.00	1.0	NW	76.7	80.4	80.4	78.7	29.829	0.00	0.00	0	0.00	0	0.0	0.00	0.0	0.000	0.244	79.2	94	77.3	86.0	21.35	 .0711	0.000	702	1	100.0	30
04/16/20	3:00 a	77.2	77.2	76.7	88	73.4	1.0	NNE	0.50	4.0	NNE	77.2	81.2	81.2	79.6	29.834	0.00	0.00	0	0.00	0	0.0	0.00	0.0	0.000	0.254	79.3	94	77.4	86.3	21.35	 .0711	0.001	703	1	100.0	30
04/16/20	3:30 a	76.9	77.2	76.9	88	73.1	0.0	NNE	0.00	2.0	NNE	76.9	80.7	80.7	79.1	29.835	0.00	0.00	0	0.00	0	0.0	0.00	0.0	0.000	0.248	79.2	94	77.3	86.0	21.35	 .0711	0.000	697	1	100.0	30
04/16/20	4:00 a	77.0	77.1	76.8	88	73.2	1.0	NNE	0.50	3.0	NW	77.0	80.8	80.8	79.2	29.844	0.00	0.00	0	0.00	0	0.0	0.00	0.0	0.000	0.250	79.2	94	77.3	86.0	21.35	 .0711	0.001	698	1	100.0	30
04/16/20	4:30 a	77.2	77.2	77.0	88	73.4	1.0	NNE	0.50	4.0	N	77.2	81.2	81.2	79.6	29.851	0.00	0.00	0	0.00	0	0.0	0.00	0.0	0.000	0.254	79.1	94	77.2	85.8	21.35	 .0712	0.000	701	1	100.0	30
04/16/20	5:00 a	77.1	77.3	77.0	88	73.3	1.0	NNE	0.50	3.0	NNE	77.1	81.0	81.0	79.4	29.864	0.00	0.00	0	0.00	0	0.0	0.00	0.0	0.000	0.252	79.1	95	77.5	86.0	21.65	 .0712	0.001	700	1	100.0	30
04/16/20	5:30 a	77.2	77.3	77.0	88	73.4	1.0	N	0.50	2.0	N	77.2	81.2	81.2	79.6	29.874	0.00	0.00	2	0.09	11	0.0	0.00	0.0	0.000	0.254	79.1	95	77.5	86.0	21.65	 .0712	0.000	700	1	100.0	30
04/16/20	6:00 a	77.0	77.5	76.9	88	73.2	1.0	N	0.50	4.0	NNW	77.0	80.8	80.8	80.0	29.883	0.00	0.00	39	1.68	62	0.0	0.00	0.0	0.000	0.250	79.4	95	77.8	86.7	21.65	 .0712	0.001	697	1	100.0	30
04/16/20	6:30 a	77.5	77.5	76.9	88	73.7	0.0	N	0.00	3.0	NNW	77.5	81.7	81.7	83.3	29.895	0.00	0.00	53	2.28	60	0.0	0.00	0.0	0.000	0.260	80.0	94	78.1	87.8	21.35	 .0711	0.000	701	1	100.0	30
04/16/20	7:00 a	77.5	77.5	76.9	88	73.7	1.0	NNW	0.50	4.0	NNW	77.5	81.7	81.7	82.9	29.897	0.00	0.00	53	2.28	56	0.1	0.02	0.7	0.000	0.260	80.7	94	78.8	89.6	21.36	 .0710	0.001	700	1	100.0	30
04/16/20	7:30 a	77.7	77.8	77.4	88	73.9	1.0	N	0.50	3.0	N	77.7	82.0	82.0	83.6	29.910	0.00	0.00	71	3.05	290	0.5	0.11	1.6	0.000	0.265	81.4	93	79.2	91.3	21.28	 .0709	0.000	702	1	100.0	30
04/16/20	8:00 a	79.5	79.5	77.6	87	75.3	1.0	N	0.50	4.0	NW	79.5	85.1	85.1	95.9	29.913	0.00	0.00	453	19.48	547	2.1	0.45	2.8	0.000	0.302	82.6	92	80.0	94.6	21.20	 .0706	0.007	701	1	100.0	30
04/16/20	8:30 a	81.7	81.7	79.6	84	76.4	1.0	NW	0.50	6.0	NNE	81.7	89.3	89.3	100.8	29.910	0.00	0.00	556	23.91	703	3.3	0.71	4.1	0.000	0.348	83.9	90	80.6	97.7	20.14	 .0704	0.000	700	1	100.0	30
04/16/20	9:00 a	85.3	85.3	81.7	76	76.9	2.0	NNE	1.00	9.0	NNE	85.3	95.7	95.7	108.0	29.913	0.00	0.00	742	31.91	837	5.0	1.07	6.2	0.000	0.423	85.2	86	80.5	99.5	18.04	 .0703	0.016	699	1	100.0	30
04/16/20	9:30 a	86.3	86.3	84.5	73	76.6	1.0	N	0.50	6.0	NNW	86.3	97.1	97.1	109.6	29.916	0.00	0.00	785	33.76	976	6.4	1.37	7.8	0.000	0.444	86.8	82	80.6	102.7	16.48	 .0701	0.000	702	1	100.0	30
04/16/20	10:00 a	86.2	87.2	85.7	75	77.3	1.0	NNW	0.50	3.0	SW	86.2	97.5	97.5	109.1	29.901	0.00	0.00	971	41.76	1025	7.9	1.69	9.4	0.000	0.442	87.3	80	80.4	102.8	15.66	 .0700	0.021	700	1	100.0	30
04/16/20	10:30 a	87.6	88.1	86.0	71	77.0	2.0	SSW	1.00	5.0	SSW	87.6	98.9	98.9	111.6	29.882	0.00	0.00	746	32.08	1116	8.7	1.86	10.7	0.000	0.471	87.5	77	79.4	101.6	14.70	 .0700	0.000	701	1	100.0	30
04/16/20	11:00 a	88.3	89.0	87.4	69	76.8	2.0	WSW	1.00	8.0	SW	88.3	99.5	99.5	109.7	29.877	0.00	0.00	1022	43.95	1042	10.8	2.31	11.3	0.000	0.485	88.2	78	80.5	104.1	14.89	 .0698	0.023	700	1	100.0	30
04/16/20	11:30 a	88.5	88.5	87.7	72	78.3	3.0	S	1.50	9.0	SSW	88.5	101.8	101.8	111.9	29.862	0.00	0.00	1040	44.73	1056	11.5	2.46	11.6	0.000	0.490	88.0	77	79.9	102.6	14.67	 .0698	0.000	699	1	100.0	30
04/16/20	12:00 p	88.7	89.0	88.3	69	77.2	3.0	SSW	1.50	9.0	S	88.7	100.8	100.8	111.5	29.838	0.00	0.00	1047	45.03	1081	11.6	2.49	11.7	0.000	0.494	88.2	78	80.5	104.1	14.89	 .0697	0.028	700	1	100.0	30
04/16/20	12:30 p	88.5	88.6	86.5	72	78.3	3.0	SSW	1.50	10.0	SSW	88.5	101.8	101.8	113.3	29.829	0.00	0.00	1033	44.42	1100	11.0	2.36	11.8	0.000	0.490	88.1	79	80.8	104.3	15.26	 .0697	0.000	702	1	100.0	30
04/16/20	1:00 p	87.9	88.4	86.9	73	78.2	4.0	SW	2.00	10.0	S	87.9	100.3	100.3	112.5	29.809	0.00	0.00	1004	43.18	1032	10.4	2.23	10.9	0.000	0.477	87.8	79	80.5	103.4	15.28	 .0697	0.027	700	1	100.0	30
04/16/20	1:30 p	88.2	88.3	87.2	72	78.0	3.0	SSW	1.50	10.0	S	88.2	100.7	100.7	113.5	29.799	0.00	0.00	952	40.94	976	9.2	1.97	9.7	0.000	0.483	87.7	79	80.4	103.1	15.29	 .0697	0.000	695	1	100.0	30
04/16/20	2:00 p	88.3	89.0	87.9	70	77.3	3.0	SSW	1.50	10.0	SW	88.3	100.0	100.0	113.2	29.791	0.00	0.00	875	37.63	916	7.6	1.63	8.4	0.000	0.485	87.4	78	79.7	101.9	14.96	 .0698	0.025	701	1	100.0	30
04/16/20	2:30 p	87.4	88.6	87.2	73	77.7	3.0	SSW	1.50	9.0	WSW	87.4	99.4	99.4	113.1	29.787	0.00	0.00	789	33.93	826	5.9	1.26	6.7	0.000	0.467	87.3	79	80.0	102.3	15.31	 .0697	0.000	698	1	100.0	30
04/16/20	3:00 p	87.0	88.1	86.6	70	76.0	2.0	S	1.00	9.0	WSW	87.0	97.5	97.5	111.9	29.782	0.00	0.00	700	30.10	768	4.3	0.92	5.1	0.000	0.458	86.7	80	79.8	101.1	15.68	 .0698	0.020	703	1	100.0	30
04/16/20	3:30 p	86.4	87.3	86.4	72	76.3	3.0	SSW	1.50	8.0	WSW	86.4	96.9	96.9	111.8	29.778	0.00	0.00	593	25.50	673	2.8	0.60	3.5	0.000	0.446	86.3	80	79.4	99.8	15.70	 .0699	0.000	702	1	100.0	30
04/16/20	4:00 p	85.9	86.9	85.8	72	75.8	3.0	SSW	1.50	10.0	WSW	85.9	95.7	95.7	110.2	29.786	0.00	0.00	468	20.13	527	1.7	0.36	2.2	0.000	0.435	86.1	80	79.2	99.1	15.71	 .0699	0.014	699	1	100.0	30
04/16/20	4:30 p	83.5	85.8	83.5	77	75.5	2.0	S	1.00	6.0	SSW	83.5	92.1	92.1	97.6	29.787	0.00	0.00	146	6.28	364	0.8	0.17	1.2	0.000	0.385	85.7	81	79.2	98.5	16.12	 .0700	0.000	701	1	100.0	30
04/16/20	5:00 p	83.4	83.7	83.4	78	75.8	1.0	SSW	0.50	5.0	SW	83.4	92.1	92.1	92.2	29.789	0.00	0.00	67	2.88	84	0.0	0.00	0.5	0.000	0.383	85.2	82	79.1	97.7	16.54	 .0701	0.003	700	1	100.0	30
04/16/20	5:30 p	82.0	83.4	82.0	81	75.6	0.0	ESE	0.00	3.0	SSW	82.0	89.2	89.2	88.4	29.801	0.00	0.00	27	1.16	40	0.0	0.00	0.0	0.000	0.354	84.7	83	79.0	97.0	16.86	 .0702	0.000	701	1	100.0	30
04/16/20	6:00 p	81.1	82.0	81.0	83	75.4	0.0	SE	0.00	1.0	SE	81.1	87.5	87.5	86.1	29.812	0.00	0.00	2	0.09	9	0.0	0.00	0.0	0.000	0.335	83.9	86	79.3	96.2	18.12	 .0703	0.001	701	1	100.0	30
04/16/20	6:30 p	80.0	81.1	79.9	84	74.7	0.0	SE	0.00	1.0	SE	80.0	85.4	85.4	83.9	29.822	0.00	0.00	0	0.00	0	0.0	0.00	0.0	0.000	0.313	83.3	87	79.0	94.7	18.55	 .0704	0.000	702	1	100.0	30
04/16/20	7:00 p	79.4	80.0	79.4	85	74.5	0.0	SE	0.00	1.0	SE	79.4	84.5	84.5	83.0	29.837	0.00	0.00	0	0.00	0	0.0	0.00	0.0	0.000	0.300	82.6	88	78.7	93.0	19.09	 .0706	0.001	697	1	100.0	30
04/16/20	7:30 p	79.3	79.5	79.2	85	74.4	0.0	---	0.00	0.0	---	79.3	84.3	84.3	82.8	29.849	0.00	0.00	0	0.00	0	0.0	0.00	0.0	0.000	0.298	82.3	89	78.7	92.6	19.72	 .0706	0.000	703	1	100.0	30
04/16/20	8:00 p	79.2	79.4	79.2	86	74.6	0.0	---	0.00	0.0	---	79.2	84.3	84.3	82.8	29.859	0.00	0.00	0	0.00	0	0.0	0.00	0.0	0.000	0.296	82.0	90	78.8	92.1	20.29	 .0707	0.001	699	1	100.0	30
04/16/20	8:30 p	79.0	79.2	79.0	86	74.5	0.0	SE	0.00	1.0	SE	79.0	83.9	83.9	82.4	29.869	0.00	0.00	0	0.00	0	0.0	0.00	0.0	0.000	0.292	81.8	90	78.6	91.5	20.31	 .0708	0.000	703	1	100.0	30
04/16/20	9:00 p	78.6	79.1	78.5	86	74.1	0.0	---	0.00	0.0	---	78.6	83.2	83.2	81.7	29.881	0.00	0.00	0	0.00	0	0.0	0.00	0.0	0.000	0.283	81.4	91	78.5	90.7	20.94	 .0708	0.001	699	1	100.0	30
04/16/20	9:30 p	78.7	78.7	78.5	84	73.5	0.0	---	0.00	0.0	---	78.7	83.1	83.1	81.5	29.892	0.00	0.00	0	0.00	0	0.0	0.00	0.0	0.000	0.285	81.3	92	78.8	90.7	21.18	 .0709	0.000	700	1	100.0	30
04/16/20	10:00 p	78.7	78.8	78.6	80	72.0	0.0	---	0.00	0.0	---	78.7	82.4	82.4	80.8	29.897	0.00	0.00	0	0.00	0	0.0	0.00	0.0	0.000	0.285	81.3	92	78.8	90.7	21.18	 .0709	0.001	702	1	100.0	30
04/16/20	10:30 p	78.3	78.7	78.3	78	70.9	0.0	---	0.00	0.0	---	78.3	81.5	81.5	79.8	29.892	0.00	0.00	0	0.00	0	0.0	0.00	0.0	0.000	0.277	80.9	92	78.4	89.6	21.17	 .0709	0.000	700	1	100.0	30
04/16/20	11:00 p	77.9	78.3	77.8	77	70.1	0.0	---	0.00	0.0	---	77.9	80.8	80.8	79.1	29.889	0.00	0.00	0	0.00	0	0.0	0.00	0.0	0.000	0.269	80.5	92	78.0	88.6	21.16	 .0710	0.001	701	1	100.0	30
04/16/20	11:30 p	77.6	77.9	77.6	77	69.8	0.0	---	0.00	0.0	---	77.6	80.4	80.4	78.6	29.879	0.00	0.00	0	0.00	0	0.0	0.00	0.0	0.000	0.262	80.3	93	78.1	88.3	21.26	 .0710	0.000	702	1	100.0	30
04/17/20	12:00 a	78.0	78.1	77.6	77	70.2	0.0	NE	0.00	3.0	SE	78.0	80.9	80.9	79.2	29.868	0.01	0.00	0	0.00	0	0.0	0.00	0.0	0.000	0.271	80.4	93	78.2	88.6	21.26	 .0710	0.001	702	1	100.0	30
04/17/20	12:30 a	78.0	78.3	77.9	79	71.0	0.0	NE	0.00	2.0	NE	78.0	81.2	81.2	79.5	29.857	0.00	0.00	0	0.00	0	0.0	0.00	0.0	0.000	0.271	80.2	93	78.0	88.1	21.25	 .0710	0.000	699	1	100.0	30
04/17/20	1:00 a	77.6	78.1	77.6	81	71.3	0.0	NE	0.00	1.0	NE	77.6	81.0	81.0	79.3	29.850	0.00	0.00	0	0.00	0	0.0	0.00	0.0	0.000	0.262	80.0	94	78.1	87.8	21.35	 .0710	0.001	700	1	100.0	30
04/17/20	1:30 a	77.5	77.7	77.3	84	72.3	0.0	NE	0.00	2.0	NE	77.5	81.2	81.2	79.6	29.839	0.00	0.00	0	0.00	0	0.0	0.00	0.0	0.000	0.260	79.7	94	77.8	87.2	21.35	 .0710	0.000	701	1	100.0	30
04/17/20	2:00 a	77.3	77.6	77.1	87	73.1	0.0	NE	0.00	1.0	NE	77.3	81.2	81.2	79.6	29.832	0.00	0.00	0	0.00	0	0.0	0.00	0.0	0.000	0.256	79.4	94	77.5	86.5	21.35	 .0711	0.001	702	1	100.0	30
04/17/20	2:30 a	77.5	77.7	77.2	91	74.7	0.0	NE	0.00	2.0	NE	77.5	82.0	82.0	80.5	29.832	0.00	0.00	0	0.00	0	0.0	0.00	0.0	0.000	0.260	79.3	95	77.7	86.5	21.65	 .0711	0.000	702	1	100.0	30
04/17/20	3:00 a	77.0	77.6	76.8	95	75.5	0.0	NE	0.00	2.0	NE	77.0	81.5	81.5	80.1	29.837	0.00	0.00	0	0.00	0	0.0	0.00	0.0	0.000	0.250	79.2	95	77.6	86.3	21.65	 .0711	0.000	702	1	100.0	30
04/17/20	3:30 a	76.8	77.1	76.5	99	76.5	0.0	NE	0.00	1.0	NE	76.8	81.7	81.7	80.3	29.841	0.00	0.00	0	0.00	0	0.0	0.00	0.0	0.000	0.246	78.7	95	77.1	85.1	21.65	 .0712	0.000	700	1	100.0	30
04/17/20	4:00 a	76.2	77.1	76.1	100	76.2	0.0	NE	0.00	2.0	NE	76.2	80.7	80.7	79.3	29.846	0.00	0.00	0	0.00	0	0.0	0.00	0.0	0.000	0.233	78.4	95	76.8	84.4	21.65	 .0713	0.000	699	1	100.0	30
04/17/20	4:30 a	76.7	76.8	76.1	100	76.7	0.0	ENE	0.00	2.0	SE	76.7	81.6	81.6	80.2	29.848	0.00	0.00	0	0.00	0	0.0	0.00	0.0	0.000	0.244	78.4	95	76.8	84.4	21.65	 .0713	0.000	701	1	100.0	30
04/17/20	5:00 a	75.8	76.8	75.8	100	75.8	0.0	---	0.00	0.0	---	75.8	80.0	80.0	78.6	29.849	0.00	0.00	0	0.00	0	0.0	0.00	0.0	0.000	0.225	78.2	95	76.6	83.9	21.65	 .0713	0.000	702	1	100.0	30
04/17/20	5:30 a	75.7	75.9	75.7	100	75.7	0.0	ENE	0.00	2.0	ENE	75.7	79.8	79.8	78.4	29.856	0.00	0.00	1	0.04	7	0.0	0.00	0.0	0.000	0.223	78.0	95	76.5	83.4	21.65	 .0714	0.000	701	1	100.0	30
04/17/20	6:00 a	76.1	76.2	75.6	100	76.1	0.0	ENE	0.00	1.0	ENE	76.1	80.5	80.5	79.5	29.866	0.00	0.00	15	0.65	23	0.0	0.00	0.0	0.000	0.231	78.1	95	76.6	83.6	21.65	 .0714	0.000	699	1	100.0	30
04/17/20	6:30 a	77.1	77.1	76.1	100	77.1	0.0	ENE	0.00	1.0	ENE	77.1	82.4	82.4	83.2	29.872	0.00	0.00	33	1.42	40	0.0	0.00	0.0	0.000	0.252	78.8	96	77.6	85.5	21.75	 .0712	0.000	700	1	100.0	30
04/17/20	7:00 a	77.9	78.0	77.1	100	77.9	0.0	E	0.00	2.0	E	77.9	84.2	84.2	85.3	29.890	0.00	0.00	45	1.94	49	0.0	0.00	0.0	0.000	0.269	80.0	95	78.4	88.1	21.65	 .0711	0.001	700	1	100.0	30
04/17/20	7:30 a	78.7	78.8	77.9	100	78.7	0.0	E	0.00	2.0	E	78.7	86.1	86.1	87.4	29.903	0.00	0.00	59	2.54	74	0.7	0.15	1.3	0.000	0.285	81.4	94	79.5	91.7	21.38	 .0708	0.000	698	1	100.0	30
04/17/20	8:00 a	80.2	80.5	78.8	100	80.2	0.0	---	0.00	0.0	---	80.2	90.2	90.2	100.4	29.917	0.00	0.00	407	17.50	552	1.9	0.41	2.6	0.000	0.317	82.7	91	79.8	94.4	20.83	 .0707	0.006	702	1	100.0	30
04/17/20	8:30 a	81.0	81.2	79.9	100	81.0	0.0	S	0.00	4.0	WSW	81.0	92.5	92.5	100.4	29.921	0.00	0.00	329	14.15	585	2.6	0.56	3.0	0.000	0.333	83.3	91	80.4	96.3	20.79	 .0705	0.000	703	1	100.0	30
04/17/20	9:00 a	80.7	81.0	80.4	100	80.7	0.0	S	0.00	1.0	S	80.7	91.6	91.6	94.3	29.921	0.00	0.00	131	5.63	246	2.7	0.58	2.9	0.000	0.327	83.0	91	80.1	95.3	20.81	 .0706	0.006	702	1	100.0	30
04/17/20	9:30 a	82.5	83.3	80.6	100	82.5	1.0	SSW	0.50	5.0	SSW	82.5	97.4	97.4	103.0	29.914	0.00	0.00	251	10.79	916	4.2	0.90	6.9	0.000	0.365	83.7	88	79.8	96.3	18.98	 .0705	0.000	701	1	100.0	30
04/17/20	10:00 a	85.8	86.2	82.4	100	85.8	1.0	SW	0.50	4.0	SW	85.8	112.1	112.1	125.3	29.902	0.00	0.00	858	36.90	997	7.4	1.59	8.7	0.000	0.433	85.5	82	79.4	98.5	16.53	 .0703	0.015	703	1	100.0	30
04/17/20	10:30 a	87.2	87.3	85.8	100	87.2	2.0	S	1.00	8.0	WSW	87.2	122.5	122.5	135.0	29.901	0.00	0.00	951	40.90	1020	9.6	2.06	10.2	0.000	0.462	86.8	82	80.6	102.7	16.48	 .0700	0.000	701	1	100.0	30
04/17/20	11:00 a	88.0	88.0	86.7	100	88.0	2.0	SW	1.00	7.0	S	88.0	130.4	130.4	141.6	29.891	0.00	0.00	1035	44.51	1060	10.7	2.29	11.1	0.000	0.479	87.6	77	79.5	101.8	14.69	 .0700	0.025	698	1	100.0	30
04/17/20	11:30 a	88.2	88.5	87.5	100	88.2	2.0	SW	1.00	8.0	SW	88.2	133.2	133.2	144.1	29.885	0.00	0.00	1050	45.16	1056	11.2	2.40	11.3	0.000	0.483	88.4	80	81.4	106.3	15.61	 .0697	0.000	699	1	100.0	30
04/17/20	12:00 p	87.6	88.7	87.1	100	87.6	2.0	SSW	1.00	9.0	WSW	87.6	126.4	126.4	137.8	29.884	0.00	0.00	1054	45.33	1062	11.3	2.42	11.3	0.000	0.471	88.5	79	81.1	106.1	15.24	 .0697	0.027	701	1	100.0	30
04/17/20	12:30 p	88.7	89.0	87.7	100	88.7	2.0	SE	1.00	7.0	SSW	88.7	140.1	140.1	152.5	29.867	0.00	0.00	1049	45.11	1086	10.9	2.34	11.2	0.000	0.494	88.9	79	81.5	108.0	15.22	 .0696	0.000	700	1	100.0	30
04/17/20	1:00 p	87.9	89.2	87.6	100	87.9	2.0	SW	1.00	7.0	E	87.9	129.4	129.4	142.4	29.853	0.00	0.00	1016	43.69	1065	10.1	2.16	10.9	0.000	0.477	89.1	77	80.9	107.4	14.60	 .0696	0.027	701	1	100.0	30
04/17/20	1:30 p	88.2	89.1	87.8	100	88.2	2.0	ESE	1.00	6.0	SSW	88.2	133.2	133.2	147.3	29.844	0.00	0.00	989	42.53	1030	9.1	1.95	9.8	0.000	0.483	89.3	77	81.1	108.2	14.59	 .0695	0.000	699	1	100.0	30
04/17/20	2:00 p	87.4	88.5	87.4	100	87.4	2.0	S	1.00	6.0	ESE	87.4	124.5	124.5	139.5	29.835	0.00	0.00	943	40.55	1053	7.1	1.52	8.5	0.000	0.467	89.0	77	80.8	107.0	14.61	 .0696	0.024	697	1	100.0	30
04/17/20	2:30 p	87.4	87.7	86.4	100	87.4	2.0	SSE	1.00	9.0	SSE	87.4	124.5	124.5	137.4	29.824	0.00	0.00	638	27.44	963	5.1	1.09	6.6	0.000	0.467	88.5	78	80.8	105.5	14.87	 .0696	0.000	700	1	100.0	30
04/17/20	3:00 p	87.2	88.1	86.9	100	87.2	2.0	SSW	1.00	8.0	SSE	87.2	122.5	122.5	137.4	29.815	0.00	0.00	688	29.59	860	4.0	0.86	5.0	0.000	0.462	87.9	77	79.8	102.4	14.68	 .0697	0.017	701	1	100.0	30
04/17/20	3:30 p	86.6	87.5	86.6	100	86.6	2.0	SE	1.00	7.0	SSE	86.6	117.6	117.6	132.6	29.815	0.00	0.00	572	24.60	643	2.7	0.58	3.4	0.000	0.450	87.1	80	80.2	102.3	15.67	 .0698	0.000	702	1	100.0	30
04/17/20	4:00 p	84.6	86.8	84.6	100	84.6	1.0	SSE	0.50	7.0	SSE	84.6	105.8	105.8	114.4	29.811	0.00	0.00	242	10.41	494	1.4	0.30	2.2	0.000	0.408	86.6	80	79.7	100.8	15.69	 .0699	0.010	700	1	100.0	30
04/17/20	4:30 p	83.2	84.7	83.1	100	83.2	1.0	SE	0.50	3.0	SE	83.2	100.0	100.0	101.9	29.814	0.00	0.00	49	2.11	62	0.2	0.04	0.8	0.000	0.379	85.8	83	80.0	99.7	16.82	 .0700	0.000	701	1	100.0	30
04/17/20	5:00 p	83.4	83.8	82.8	100	83.4	1.0	SSE	0.50	5.0	SE	83.4	100.8	100.8	101.3	29.820	0.00	0.00	53	2.28	113	0.0	0.00	0.0	0.000	0.383	85.4	84	80.0	99.1	17.23	 .0701	0.001	698	1	100.0	30
04/17/20	5:30 p	82.8	83.4	82.8	100	82.8	1.0	ENE	0.50	5.0	S	82.8	98.5	98.5	98.7	29.829	0.00	0.00	41	1.76	84	0.0	0.00	0.0	0.000	0.371	85.0	84	79.6	98.0	17.25	 .0702	0.000	700	1	100.0	30
04/17/20	6:00 p	81.5	82.8	81.5	100	81.5	0.0	ESE	0.00	2.0	ESE	81.5	94.1	94.1	93.3	29.834	0.00	0.00	3	0.13	12	0.0	0.00	0.0	0.000	0.344	84.3	86	79.7	97.2	18.09	 .0703	0.001	699	1	100.0	30
04/17/20	6:30 p	80.6	81.5	80.6	100	80.6	0.0	ESE	0.00	2.0	ESE	80.6	91.3	91.3	90.4	29.837	0.00	0.00	0	0.00	0	0.0	0.00	0.0	0.000	0.325	83.7	87	79.4	95.9	18.53	 .0704	0.000	697	1	100.0	30
04/17/20	7:00 p	80.0	80.6	80.0	100	80.0	0.0	ESE	0.00	1.0	ESE	80.0	89.6	89.6	88.7	29.851	0.00	0.00	0	0.00	0	0.0	0.00	0.0	0.000	0.313	83.1	88	79.2	94.4	19.04	 .0705	0.000	701	1	100.0	30
04/17/20	7:30 p	79.8	80.2	79.8	100	79.8	0.0	ESE	0.00	1.0	ESE	79.8	89.0	89.0	88.0	29.863	0.00	0.00	0	0.00	0	0.0	0.00	0.0	0.000	0.308	82.8	89	79.2	93.9	19.67	 .0706	0.000	700	1	100.0	30
04/17/20	8:00 p	79.4	79.9	79.3	100	79.4	0.0	ESE	0.00	1.0	ESE	79.4	87.9	87.9	86.9	29.869	0.00	0.00	0	0.00	0	0.0	0.00	0.0	0.000	0.300	82.3	90	79.1	92.9	20.27	 .0707	0.000	702	1	100.0	30
04/17/20	8:30 p	78.6	79.4	78.6	100	78.6	0.0	ESE	0.00	1.0	ESE	78.6	85.8	85.8	84.8	29.879	0.00	0.00	0	0.00	0	0.0	0.00	0.0	0.000	0.283	81.8	90	78.6	91.5	20.31	 .0708	0.000	701	1	100.0	30
04/17/20	9:00 p	78.2	78.6	78.1	100	78.2	0.0	ESE	0.00	1.0	ESE	78.2	84.9	84.9	83.9	29.888	0.00	0.00	0	0.00	0	0.0	0.00	0.0	0.000	0.275	81.1	90	77.9	89.5	20.36	 .0709	0.000	701	1	100.0	30
04/17/20	9:30 p	77.6	78.2	77.6	100	77.6	0.0	---	0.00	0.0	---	77.6	83.5	83.5	82.4	29.892	0.00	0.00	0	0.00	0	0.0	0.00	0.0	0.000	0.262	80.8	91	77.9	89.0	20.99	 .0710	0.000	700	1	100.0	30
04/17/20	10:00 p	77.2	77.7	77.2	100	77.2	0.0	---	0.00	0.0	---	77.2	82.6	82.6	81.5	29.895	0.00	0.00	0	0.00	0	0.0	0.00	0.0	0.000	0.254	80.4	91	77.5	88.0	21.02	 .0711	0.000	701	1	100.0	30
04/17/20	10:30 p	76.9	77.3	76.8	100	76.9	0.0	---	0.00	0.0	---	76.9	82.0	82.0	80.9	29.889	0.00	0.00	0	0.00	0	0.0	0.00	0.0	0.000	0.248	80.0	91	77.1	87.1	21.05	 .0712	0.000	702	1	100.0	30
04/17/20	11:00 p	76.6	76.9	76.6	100	76.6	0.0	---	0.00	0.0	---	76.6	81.4	81.4	80.3	29.892	0.00	0.00	0	0.00	0	0.0	0.00	0.0	0.000	0.242	79.7	91	76.8	86.4	21.04	 .0712	0.000	701	1	100.0	30
04/17/20	11:30 p	76.4	76.7	76.4	100	76.4	0.0	---	0.00	0.0	---	76.4	81.1	81.1	80.0	29.887	0.00	0.00	0	0.00	0	0.0	0.00	0.0	0.000	0.238	79.4	92	76.9	86.0	21.14	 .0712	0.000	698	1	100.0	30
04/18/20	12:00 a	76.4	76.5	76.4	100	76.4	0.0	---	0.00	0.0	---	76.4	81.1	81.1	80.0	29.876	0.00	0.00	0	0.00	0	0.0	0.00	0.0	0.000	0.238	79.3	92	76.8	85.8	21.14	 .0712	0.000	700	1	100.0	30
04/18/20	12:30 a	76.2	76.4	76.2	100	76.2	0.0	---	0.00	0.0	---	76.2	80.7	80.7	79.6	29.868	0.00	0.00	0	0.00	0	0.0	0.00	0.0	0.000	0.233	79.1	92	76.6	85.4	21.13	 .0713	0.000	699	1	100.0	30
04/18/20	1:00 a	76.2	76.3	76.2	100	76.2	0.0	---	0.00	0.0	---	76.2	80.7	80.7	79.6	29.860	0.00	0.00	0	0.00	0	0.0	0.00	0.0	0.000	0.233	79.0	93	76.8	85.4	21.23	 .0712	0.000	701	1	100.0	30
04/18/20	1:30 a	76.0	76.2	75.9	100	76.0	0.0	---	0.00	0.0	---	76.0	80.3	80.3	79.2	29.851	0.00	0.00	0	0.00	0	0.0	0.00	0.0	0.000	0.229	78.7	93	76.5	84.7	21.22	 .0713	0.000	702	1	100.0	30
04/18/20	2:00 a	75.6	76.0	75.6	100	75.6	0.0	ESE	0.00	1.0	ESE	75.6	79.7	79.7	78.5	29.852	0.00	0.00	0	0.00	0	0.0	0.00	0.0	0.000	0.221	78.3	93	76.1	83.8	21.22	 .0714	0.000	696	1	100.0	30
04/18/20	2:30 a	75.3	75.7	75.2	100	75.3	0.0	ESE	0.00	1.0	ESE	75.3	79.3	79.3	78.1	29.842	0.00	0.00	0	0.00	0	0.0	0.00	0.0	0.000	0.215	78.1	93	75.9	83.4	21.21	 .0714	0.000	702	1	100.0	30
04/18/20	3:00 a	75.2	75.4	75.1	100	75.2	0.0	---	0.00	0.0	---	75.2	79.1	79.1	77.9	29.855	0.00	0.00	0	0.00	0	0.0	0.00	0.0	0.000	0.212	77.8	93	75.6	82.8	21.21	 .0715	0.000	702	1	100.0	30
04/18/20	3:30 a	74.9	75.2	74.8	100	74.9	0.0	---	0.00	0.0	---	74.9	78.7	78.7	77.5	29.854	0.00	0.00	0	0.00	0	0.0	0.00	0.0	0.000	0.206	77.6	93	75.4	82.4	21.20	 .0715	0.000	699	1	100.0	30
04/18/20	4:00 a	74.7	74.9	74.6	100	74.7	0.0	---	0.00	0.0	---	74.7	78.4	78.4	77.2	29.853	0.00	0.00	0	0.00	0	0.0	0.00	0.0	0.000	0.202	77.3	93	75.1	81.9	21.20	 .0716	0.000	702	1	100.0	30
04/18/20	4:30 a	74.5	74.7	74.4	100	74.5	0.0	---	0.00	0.0	---	74.5	78.2	78.2	77.0	29.856	0.00	0.00	0	0.00	0	0.0	0.00	0.0	0.000	0.198	77.1	93	74.9	81.5	21.19	 .0716	0.000	701	1	100.0	30
04/18/20	5:00 a	74.3	74.5	74.2	100	74.3	0.0	---	0.00	0.0	---	74.3	78.0	78.0	76.8	29.860	0.00	0.00	0	0.00	0	0.0	0.00	0.0	0.000	0.194	76.9	94	75.0	81.3	21.35	 .0716	0.000	701	1	100.0	30
04/18/20	5:30 a	74.3	74.3	74.2	100	74.3	0.0	---	0.00	0.0	---	74.3	78.0	78.0	76.8	29.864	0.00	0.00	1	0.04	5	0.0	0.00	0.0	0.000	0.194	76.7	94	74.8	80.9	21.35	 .0717	0.000	703	1	100.0	30
04/18/20	6:00 a	74.5	74.6	74.2	100	74.5	0.0	---	0.00	0.0	---	74.5	78.2	78.2	77.3	29.870	0.00	0.00	14	0.60	23	0.0	0.00	0.0	0.000	0.198	76.8	94	74.9	81.1	21.35	 .0717	0.000	700	1	100.0	30
04/18/20	6:30 a	75.4	75.4	74.5	100	75.4	0.0	---	0.00	0.0	---	75.4	79.4	79.4	80.0	29.882	0.00	0.00	30	1.29	33	0.0	0.00	0.0	0.000	0.217	77.7	95	76.2	82.8	21.65	 .0715	0.000	700	1	100.0	30
04/18/20	7:00 a	76.2	76.2	75.3	100	76.2	0.0	ESE	0.00	1.0	ESE	76.2	80.7	80.7	81.5	29.889	0.00	0.00	39	1.68	44	0.0	0.00	0.0	0.000	0.233	79.2	94	77.3	86.0	21.35	 .0712	0.001	700	1	100.0	30
04/18/20	7:30 a	77.5	77.5	76.2	100	77.5	0.0	ESE	0.00	1.0	ESE	77.5	83.3	83.3	84.8	29.908	0.00	0.00	64	2.75	142	0.3	0.06	1.3	0.000	0.260	80.7	93	78.5	89.3	21.26	 .0710	0.000	701	1	100.0	30
04/18/20	8:00 a	79.4	79.4	77.5	100	79.4	1.0	ESE	0.50	2.0	ESE	79.4	87.9	87.9	97.6	29.924	0.00	0.00	384	16.51	541	1.9	0.41	2.7	0.000	0.300	82.2	92	79.6	93.4	21.19	 .0708	0.005	701	1	100.0	30
04/18/20	8:30 a	82.5	82.6	79.3	100	82.5	1.0	E	0.50	2.0	E	82.5	97.4	97.4	109.7	29.924	0.00	0.00	602	25.89	668	3.4	0.73	4.2	0.000	0.365	83.4	90	80.2	96.1	20.18	 .0706	0.000	702	1	100.0	30
04/18/20	9:00 a	85.3	85.3	82.6	100	85.3	1.0	SE	0.50	5.0	S	85.3	109.3	109.3	122.2	29.918	0.00	0.00	728	31.31	791	4.9	1.05	5.9	0.000	0.423	84.9	86	80.2	98.7	18.06	 .0703	0.016	699	1	100.0	30
04/18/20	9:30 a	86.9	87.1	85.3	100	86.9	2.0	S	1.00	5.0	SSW	86.9	119.8	119.8	132.7	29.912	0.00	0.00	830	35.69	888	6.8	1.46	7.6	0.000	0.456	85.9	84	80.5	100.4	17.21	 .0702	0.000	701	1	100.0	30
04/18/20	10:00 a	86.2	87.7	86.2	100	86.2	2.0	ESE	1.00	9.0	SE	86.2	114.7	114.7	127.8	29.911	0.00	0.00	747	32.13	990	6.9	1.48	8.6	0.000	0.442	86.6	82	80.4	102.0	16.49	 .0701	0.020	702	1	100.0	30
04/18/20	10:30 a	88.0	88.2	85.5	100	88.0	2.0	ESE	1.00	7.0	SE	88.0	130.4	130.4	144.0	29.908	0.00	0.00	787	33.85	1179	8.7	1.86	10.8	0.000	0.479	87.6	82	81.4	105.0	16.45	 .0699	0.000	697	1	100.0	30
04/18/20	11:00 a	87.4	88.6	87.3	100	87.4	3.0	SSE	1.50	11.0	ESE	87.4	124.5	124.5	135.3	29.899	0.00	0.00	1010	43.44	1232	9.4	2.01	11.5	0.000	0.467	88.4	79	81.1	105.7	15.25	 .0698	0.022	701	1	100.0	30
04/18/20	11:30 a	87.8	88.8	87.0	100	87.8	3.0	ESE	1.50	11.0	SE	87.8	128.4	128.4	138.8	29.887	0.00	0.00	1017	43.74	1223	10.7	2.29	11.7	0.000	0.475	88.9	79	81.5	108.0	15.22	 .0696	0.000	702	1	100.0	30
04/18/20	12:00 p	88.6	89.3	87.9	100	88.6	3.0	SE	1.50	10.0	ESE	88.6	138.7	138.7	149.9	29.877	0.00	0.00	1032	44.38	1190	10.8	2.31	11.8	0.000	0.492	89.3	79	81.9	109.7	15.19	 .0695	0.026	702	1	100.0	30
04/18/20	12:30 p	87.7	88.6	87.5	100	87.7	3.0	SE	1.50	11.0	SSW	87.7	127.4	127.4	139.5	29.867	0.00	0.00	1033	44.42	1048	10.7	2.29	11.1	0.000	0.473	89.5	78	81.7	109.7	14.79	 .0695	0.000	701	1	100.0	30
04/18/20	1:00 p	87.8	88.5	87.5	100	87.8	3.0	SE	1.50	11.0	S	87.8	128.4	128.4	141.1	29.850	0.00	0.00	995	42.79	1014	9.8	2.10	10.3	0.000	0.475	89.7	78	81.9	110.5	14.77	 .0694	0.026	702	1	100.0	30
04/18/20	1:30 p	87.8	89.2	87.4	100	87.8	3.0	ESE	1.50	11.0	ESE	87.8	128.4	128.4	141.7	29.834	0.00	0.00	944	40.60	976	8.6	1.84	9.3	0.000	0.475	89.6	77	81.4	109.4	14.57	 .0694	0.000	698	1	100.0	30
04/18/20	2:00 p	87.4	88.6	87.4	100	87.4	3.0	SSE	1.50	11.0	SSE	87.4	124.5	124.5	138.2	29.822	0.00	0.00	866	37.24	905	7.2	1.54	7.9	0.000	0.467	89.3	76	80.7	107.4	14.29	 .0695	0.024	699	1	100.0	30
04/18/20	2:30 p	87.7	88.6	87.3	100	87.7	2.0	ESE	1.00	9.0	ESE	87.7	127.4	127.4	141.4	29.817	0.00	0.00	771	33.16	828	5.6	1.20	6.4	0.000	0.473	88.9	77	80.7	106.5	14.62	 .0695	0.000	699	1	100.0	30
04/18/20	3:00 p	87.0	88.4	87.0	100	87.0	3.0	SSE	1.50	10.0	SSE	87.0	120.5	120.5	135.5	29.809	0.00	0.00	693	29.80	877	4.1	0.88	5.1	0.000	0.458	88.1	78	80.4	103.7	14.90	 .0697	0.019	700	1	100.0	30
04/18/20	3:30 p	86.7	87.5	86.6	100	86.7	3.0	ESE	1.50	9.0	S	86.7	118.3	118.3	133.0	29.798	0.00	0.00	564	24.26	621	2.7	0.58	3.4	0.000	0.452	87.2	79	79.9	102.0	15.32	 .0698	0.000	700	1	100.0	30
04/18/20	4:00 p	86.3	86.8	85.9	100	86.3	2.0	SE	1.00	8.0	SSE	86.3	115.4	115.4	129.8	29.804	0.00	0.00	444	19.09	501	1.6	0.34	2.1	0.000	0.444	86.6	80	79.7	100.8	15.69	 .0699	0.013	697	1	100.0	30
04/18/20	4:30 p	84.8	86.3	84.8	100	84.8	2.0	SE	1.00	7.0	S	84.8	106.7	106.7	113.9	29.803	0.00	0.00	195	8.39	381	0.8	0.17	1.2	0.000	0.413	86.1	80	79.2	99.1	15.71	 .0700	0.000	702	1	100.0	30
04/18/20	5:00 p	83.6	84.8	83.5	100	83.6	1.0	SE	0.50	6.0	ESE	83.6	101.5	101.5	101.5	29.801	0.00	0.00	46	1.98	62	0.0	0.00	0.5	0.000	0.387	85.6	82	79.5	98.7	16.53	 .0700	0.003	700	1	100.0	30
04/18/20	5:30 p	82.5	83.8	82.5	100	82.5	1.0	SE	0.50	6.0	E	82.5	97.4	97.4	96.8	29.818	0.00	0.00	22	0.95	32	0.0	0.00	0.0	0.000	0.365	85.0	83	79.3	97.6	16.85	 .0702	0.000	698	1	100.0	30
04/18/20	6:00 p	81.3	82.6	81.3	100	81.3	1.0	SE	0.50	4.0	NE	81.3	93.5	93.5	92.4	29.827	0.00	0.00	4	0.17	16	0.0	0.00	0.0	0.000	0.340	84.4	84	79.0	96.7	17.27	 .0703	0.000	701	1	100.0	30
04/18/20	6:30 p	80.3	81.4	80.3	100	80.3	0.0	NNE	0.00	2.0	NNE	80.3	90.5	90.5	89.3	29.832	0.00	0.00	0	0.00	0	0.0	0.00	0.0	0.000	0.319	83.7	86	79.1	95.6	18.13	 .0704	0.000	700	1	100.0	30
04/18/20	7:00 p	79.7	80.4	79.7	100	79.7	0.0	NNE	0.00	2.0	NNE	79.7	88.8	88.8	87.5	29.839	0.00	0.00	0	0.00	0	0.0	0.00	0.0	0.000	0.306	83.2	87	78.9	94.4	18.56	 .0705	0.000	702	1	100.0	30
04/18/20	7:30 p	79.3	79.7	79.2	100	79.3	0.0	NNE	0.00	1.0	NNE	79.3	87.6	87.6	86.3	29.855	0.00	0.00	0	0.00	0	0.0	0.00	0.0	0.000	0.298	82.7	87	78.4	93.0	18.59	 .0706	0.000	698	1	100.0	30
04/18/20	8:00 p	78.5	79.3	78.5	100	78.5	0.0	---	0.00	0.0	---	78.5	85.6	85.6	84.2	29.863	0.00	0.00	0	0.00	0	0.0	0.00	0.0	0.000	0.281	82.2	88	78.3	92.0	19.13	 .0707	0.000	700	1	100.0	30
04/18/20	8:30 p	78.1	78.5	78.0	100	78.1	0.0	---	0.00	0.0	---	78.1	84.6	84.6	83.2	29.875	0.00	0.00	0	0.00	0	0.0	0.00	0.0	0.000	0.273	81.6	89	78.0	90.6	19.79	 .0708	0.000	699	1	100.0	30
04/18/20	9:00 p	77.8	78.2	77.7	100	77.8	0.0	---	0.00	0.0	---	77.8	84.0	84.0	82.6	29.885	0.00	0.00	0	0.00	0	0.0	0.00	0.0	0.000	0.267	80.9	89	77.4	88.7	19.86	 .0710	0.000	703	1	100.0	30
04/18/20	9:30 p	77.4	77.8	77.4	100	77.4	0.0	NNE	0.00	1.0	NNE	77.4	83.1	83.1	81.7	29.892	0.00	0.00	0	0.00	0	0.0	0.00	0.0	0.000	0.258	80.4	90	77.2	87.8	20.42	 .0711	0.000	699	1	100.0	30
04/18/20	10:00 p	77.1	77.5	77.1	100	77.1	0.0	---	0.00	0.0	---	77.1	82.4	82.4	81.0	29.891	0.00	0.00	0	0.00	0	0.0	0.00	0.0	0.000	0.252	80.0	91	77.1	87.1	21.05	 .0712	0.000	701	1	100.0	30
04/18/20	10:30 p	76.8	77.2	76.8	100	76.8	0.0	---	0.00	0.0	---	76.8	81.8	81.8	80.3	29.890	0.00	0.00	0	0.00	0	0.0	0.00	0.0	0.000	0.246	79.8	91	76.9	86.6	21.05	 .0712	0.000	701	1	100.0	30
04/18/20	11:00 p	76.6	76.9	76.6	100	76.6	0.0	---	0.00	0.0	---	76.6	81.4	81.4	79.9	29.885	0.00	0.00	0	0.00	0	0.0	0.00	0.0	0.000	0.242	79.6	91	76.7	86.2	21.04	 .0712	0.000	701	1	100.0	30
04/18/20	11:30 p	76.4	76.7	76.4	100	76.4	0.0	---	0.00	0.0	---	76.4	81.1	81.1	79.6	29.879	0.00	0.00	0	0.00	0	0.0	0.00	0.0	0.000	0.238	79.4	91	76.5	85.8	21.04	 .0713	0.000	702	1	100.0	30
04/19/20	12:00 a	76.3	76.5	76.3	100	76.3	0.0	---	0.00	0.0	---	76.3	80.9	80.9	79.4	29.868	0.00	0.00	0	0.00	0	0.0	0.00	0.0	0.000	0.235	79.2	92	76.7	85.6	21.13	 .0712	0.000	703	1	100.0	30
04/19/20	12:30 a	76.1	76.3	76.1	100	76.1	0.0	---	0.00	0.0	---	76.1	80.5	80.5	79.0	29.861	0.00	0.00	0	0.00	0	0.0	0.00	0.0	0.000	0.231	78.9	92	76.4	84.9	21.13	 .0713	0.000	700	1	100.0	30
04/19/20	1:00 a	75.8	76.2	75.8	100	75.8	0.0	---	0.00	0.0	---	75.8	80.0	80.0	78.4	29.854	0.00	0.00	0	0.00	0	0.0	0.00	0.0	0.000	0.225	78.7	92	76.2	84.5	21.12	 .0713	0.000	702	1	100.0	30
04/19/20	1:30 a	75.6	75.9	75.5	100	75.6	0.0	---	0.00	0.0	---	75.6	79.7	79.7	78.1	29.846	0.00	0.00	0	0.00	0	0.0	0.00	0.0	0.000	0.221	78.4	92	75.9	83.9	21.12	 .0714	0.000	701	1	100.0	30
04/19/20	2:00 a	75.4	75.7	75.3	100	75.4	0.0	---	0.00	0.0	---	75.4	79.4	79.4	77.8	29.837	0.00	0.00	0	0.00	0	0.0	0.00	0.0	0.000	0.217	78.3	92	75.8	83.7	21.12	 .0714	0.000	703	1	100.0	30
04/19/20	2:30 a	75.1	75.4	75.1	100	75.1	0.0	---	0.00	0.0	---	75.1	78.9	78.9	77.3	29.830	0.00	0.00	0	0.00	0	0.0	0.00	0.0	0.000	0.210	78.0	93	75.8	83.2	21.21	 .0714	0.000	699	1	100.0	30
04/19/20	3:00 a	75.1	75.2	75.0	100	75.1	0.0	---	0.00	0.0	---	75.1	78.9	78.9	77.3	29.826	0.00	0.00	0	0.00	0	0.0	0.00	0.0	0.000	0.210	77.8	93	75.6	82.8	21.21	 .0714	0.000	700	1	100.0	30
04/19/20	3:30 a	75.1	75.2	75.0	100	75.1	0.0	---	0.00	0.0	---	75.1	78.9	78.9	77.3	29.824	0.00	0.00	0	0.00	0	0.0	0.00	0.0	0.000	0.210	77.7	93	75.5	82.6	21.20	 .0714	0.000	701	1	100.0	30
04/19/20	4:00 a	75.1	75.3	75.1	100	75.1	0.0	---	0.00	0.0	---	75.1	78.9	78.9	77.3	29.832	0.00	0.00	0	0.00	0	0.0	0.00	0.0	0.000	0.210	77.7	93	75.5	82.6	21.20	 .0714	0.000	699	1	100.0	30
04/19/20	4:30 a	75.1	75.3	75.0	100	75.1	0.0	---	0.00	0.0	---	75.1	78.9	78.9	77.3	29.840	0.00	0.00	0	0.00	0	0.0	0.00	0.0	0.000	0.210	77.5	93	75.3	82.2	21.20	 .0715	0.000	702	1	100.0	30
04/19/20	5:00 a	74.9	75.1	74.8	100	74.9	0.0	---	0.00	0.0	---	74.9	78.7	78.7	77.1	29.842	0.00	0.00	0	0.00	0	0.0	0.00	0.0	0.000	0.206	77.4	94	75.5	82.2	21.35	 .0715	0.000	699	1	100.0	30
04/19/20	5:30 a	75.2	75.3	74.8	100	75.2	0.0	---	0.00	0.0	---	75.2	79.1	79.1	77.6	29.851	0.00	0.00	2	0.09	11	0.0	0.00	0.0	0.000	0.212	77.4	94	75.5	82.2	21.35	 .0715	0.000	700	1	100.0	30
04/19/20	6:00 a	75.7	75.7	75.2	100	75.7	0.0	---	0.00	0.0	---	75.7	79.8	79.8	78.8	29.857	0.00	0.00	29	1.25	44	0.0	0.00	0.0	0.000	0.223	77.9	94	76.0	83.1	21.35	 .0714	0.000	700	1	100.0	30
04/19/20	6:30 a	76.4	76.4	75.7	100	76.4	0.0	---	0.00	0.0	---	76.4	81.1	81.1	82.2	29.861	0.00	0.00	40	1.72	44	0.0	0.00	0.0	0.000	0.238	78.7	94	76.8	84.9	21.35	 .0713	0.000	703	1	100.0	30
04/19/20	7:00 a	77.1	77.1	76.3	100	77.1	0.0	---	0.00	0.0	---	77.1	82.4	82.4	83.5	29.876	0.00	0.00	45	1.94	53	0.0	0.00	0.0	0.000	0.252	80.0	93	77.8	87.6	21.25	 .0711	0.001	698	1	100.0	30
04/19/20	7:30 a	77.9	77.9	77.1	100	77.9	0.0	---	0.00	0.0	---	77.9	84.2	84.2	85.8	29.894	0.00	0.00	69	2.97	135	1.0	0.21	1.3	0.000	0.269	81.2	92	78.7	90.4	21.17	 .0709	0.000	698	1	100.0	30
04/19/20	8:00 a	79.5	79.7	77.9	100	79.5	0.0	---	0.00	0.0	---	79.5	88.2	88.2	97.6	29.908	0.00	0.00	370	15.91	524	2.0	0.43	2.6	0.000	0.302	82.6	92	80.0	94.6	21.20	 .0706	0.005	700	1	100.0	30
04/19/20	8:30 a	80.7	81.0	79.4	100	80.7	0.0	---	0.00	0.0	---	80.7	91.6	91.6	99.8	29.910	0.00	0.00	345	14.84	664	2.7	0.58	3.6	0.000	0.327	83.2	90	80.0	95.4	20.19	 .0706	0.000	701	1	100.0	30
04/19/20	9:00 a	81.7	81.7	80.2	100	81.7	0.0	---	0.00	0.0	---	81.7	94.7	94.7	99.8	29.914	0.00	0.00	219	9.42	821	3.4	0.73	5.9	0.000	0.348	83.1	91	80.2	95.6	20.80	 .0706	0.007	702	1	100.0	30
04/19/20	9:30 a	86.9	86.9	81.7	100	86.9	1.0	SSW	0.50	5.0	SSW	86.9	119.8	119.8	132.6	29.909	0.00	0.00	838	36.04	882	6.7	1.44	7.5	0.000	0.456	85.3	87	81.0	100.3	18.43	 .0702	0.000	700	1	100.0	30
04/19/20	10:00 a	87.8	88.3	86.4	100	87.8	2.0	S	1.00	6.0	SSW	87.8	128.4	128.4	141.3	29.913	0.00	0.00	896	38.53	942	8.0	1.71	9.0	0.000	0.475	86.6	83	80.8	102.5	16.79	 .0701	0.022	698	1	100.0	30
04/19/20	10:30 a	87.7	88.4	87.1	100	87.7	2.0	S	1.00	7.0	SSE	87.7	127.4	127.4	140.2	29.907	0.00	0.00	943	40.55	993	9.5	2.04	10.0	0.000	0.473	87.3	83	81.5	104.9	16.76	 .0699	0.000	696	1	100.0	30
04/19/20	11:00 a	89.0	89.1	87.2	100	89.0	2.0	SSW	1.00	8.0	W	89.0	144.2	144.2	155.2	29.898	0.00	0.00	1013	43.56	1055	10.5	2.25	11.0	0.000	0.500	87.9	81	81.3	105.0	16.03	 .0698	0.024	700	1	100.0	30
04/19/20	11:30 a	87.8	89.4	87.6	100	87.8	2.0	S	1.00	8.0	WSW	87.8	128.4	128.4	139.2	29.892	0.00	0.00	1056	45.41	1076	11.1	2.38	11.3	0.000	0.475	88.4	79	81.1	105.7	15.25	 .0698	0.000	700	1	100.0	30
04/19/20	12:00 p	88.0	89.0	87.8	100	88.0	2.0	SSW	1.00	7.0	WSW	88.0	130.4	130.4	141.8	29.876	0.00	0.00	1051	45.20	1062	11.2	2.40	11.3	0.000	0.479	88.7	78	81.0	106.4	14.85	 .0697	0.027	700	1	100.0	30
04/19/20	12:30 p	88.4	89.0	88.0	100	88.4	2.0	SSW	1.00	7.0	S	88.4	135.9	135.9	148.2	29.858	0.00	0.00	1046	44.98	1051	10.9	2.34	11.1	0.000	0.488	89.1	76	80.5	106.6	14.30	 .0696	0.000	698	1	100.0	30
04/19/20	1:00 p	89.0	89.1	87.9	100	89.0	2.0	SE	1.00	8.0	SE	89.0	144.2	144.2	157.3	29.841	0.00	0.00	1016	43.69	1046	10.1	2.16	10.6	0.000	0.500	89.3	75	80.3	106.7	14.08	 .0696	0.027	703	1	100.0	30
04/19/20	1:30 p	88.3	89.2	87.6	100	88.3	2.0	ESE	1.00	7.0	SE	88.3	134.5	134.5	147.9	29.825	0.00	0.00	950	40.86	983	8.8	1.89	9.5	0.000	0.485	89.3	75	80.3	106.7	14.08	 .0695	0.000	700	1	100.0	30
04/19/20	2:00 p	88.3	88.8	87.7	100	88.3	2.0	SSE	1.00	6.0	ESE	88.3	134.5	134.5	148.3	29.804	0.00	0.00	872	37.50	909	7.3	1.56	8.1	0.000	0.485	89.1	75	80.1	105.9	14.09	 .0695	0.024	698	1	100.0	30
04/19/20	2:30 p	87.7	88.5	87.4	100	87.7	2.0	S	1.00	10.0	ESE	87.7	127.4	127.4	141.6	29.795	0.00	0.00	782	33.63	835	5.7	1.22	6.5	0.000	0.473	88.6	76	80.1	104.5	14.33	 .0696	0.000	702	1	100.0	30
04/19/20	3:00 p	87.0	87.9	87.0	100	87.0	2.0	SE	1.00	8.0	SE	87.0	120.5	120.5	135.2	29.790	0.00	0.00	681	29.29	742	4.0	0.86	4.9	0.000	0.458	88.2	77	80.1	103.5	14.66	 .0696	0.019	698	1	100.0	30
04/19/20	3:30 p	86.6	87.6	86.5	100	86.6	2.0	SSE	1.00	7.0	SE	86.6	117.6	117.6	132.6	29.785	0.00	0.00	578	24.86	749	2.7	0.58	3.4	0.000	0.450	87.9	78	80.2	103.0	14.92	 .0696	0.000	700	1	100.0	30
04/19/20	4:00 p	86.1	87.2	85.8	100	86.1	2.0	SSE	1.00	9.0	S	86.1	113.9	113.9	128.5	29.784	0.00	0.00	454	19.52	526	1.7	0.36	2.1	0.000	0.440	87.1	78	79.4	101.3	14.98	 .0698	0.013	698	1	100.0	30
04/19/20	4:30 p	85.0	86.1	84.9	100	85.0	1.0	ESE	0.50	5.0	SSE	85.0	107.6	107.6	115.9	29.787	0.00	0.00	220	9.46	392	0.8	0.17	1.2	0.000	0.417	86.9	80	80.0	101.8	15.67	 .0698	0.000	699	1	100.0	30
04/19/20	5:00 p	84.1	84.9	84.1	100	84.1	2.0	SE	1.00	6.0	SSE	84.1	103.5	103.5	104.6	29.794	0.00	0.00	93	4.00	113	0.0	0.00	0.5	0.000	0.398	86.3	80	79.4	99.8	15.70	 .0699	0.004	701	1	100.0	30
04/19/20	5:30 p	82.5	84.2	82.4	100	82.5	1.0	NNE	0.50	4.0	SSE	82.5	97.4	97.4	97.3	29.803	0.00	0.00	43	1.85	69	0.0	0.00	0.0	0.000	0.365	85.6	82	79.5	98.7	16.53	 .0700	0.000	702	1	100.0	30
04/19/20	6:00 p	80.8	82.5	80.7	100	80.8	0.0	NNE	0.00	2.0	NNE	80.8	91.9	91.9	90.8	29.814	0.00	0.00	5	0.22	19	0.0	0.00	0.0	0.000	0.329	84.5	83	78.8	96.5	16.87	 .0703	0.001	701	1	100.0	30
04/19/20	6:30 p	80.2	80.8	80.1	100	80.2	0.0	NNE	0.00	1.0	NNE	80.2	90.2	90.2	89.0	29.817	0.00	0.00	0	0.00	0	0.0	0.00	0.0	0.000	0.317	83.6	85	78.6	94.9	17.73	 .0704	0.000	702	1	100.0	30
04/19/20	7:00 p	79.5	80.2	79.4	100	79.5	0.0	NNE	0.00	1.0	NNE	79.5	88.2	88.2	86.9	29.819	0.00	0.00	0	0.00	0	0.0	0.00	0.0	0.000	0.302	83.1	86	78.5	93.7	18.16	 .0705	0.000	702	1	100.0	30
04/19/20	7:30 p	79.2	79.6	79.1	100	79.2	0.0	NNE	0.00	1.0	NNE	79.2	87.4	87.4	86.1	29.830	0.00	0.00	0	0.00	0	0.0	0.00	0.0	0.000	0.296	82.6	87	78.3	92.7	18.59	 .0706	0.000	700	1	100.0	30
04/19/20	8:00 p	79.2	79.4	79.1	100	79.2	0.0	---	0.00	0.0	---	79.2	87.4	87.4	86.1	29.839	0.00	0.00	0	0.00	0	0.0	0.00	0.0	0.000	0.296	82.3	88	78.4	92.2	19.12	 .0706	0.000	699	1	100.0	30
04/19/20	8:30 p	79.0	79.3	79.0	100	79.0	0.0	---	0.00	0.0	---	79.0	86.8	86.8	85.5	29.848	0.00	0.00	0	0.00	0	0.0	0.00	0.0	0.000	0.292	82.0	89	78.4	91.8	19.75	 .0707	0.000	701	1	100.0	30
04/19/20	9:00 p	78.7	79.0	78.6	100	78.7	0.0	---	0.00	0.0	---	78.7	86.1	86.1	84.7	29.861	0.00	0.00	0	0.00	0	0.0	0.00	0.0	0.000	0.285	81.7	89	78.1	90.9	19.78	 .0708	0.000	701	1	100.0	30
04/19/20	9:30 p	78.6	78.7	78.5	100	78.6	0.0	---	0.00	0.0	---	78.6	85.8	85.8	84.4	29.873	0.00	0.00	0	0.00	0	0.0	0.00	0.0	0.000	0.283	81.5	90	78.3	90.6	20.33	 .0708	0.000	701	1	100.0	30
04/19/20	10:00 p	78.6	78.8	78.6	100	78.6	0.0	---	0.00	0.0	---	78.6	85.8	85.8	84.4	29.871	0.00	0.00	0	0.00	0	0.0	0.00	0.0	0.000	0.283	81.4	90	78.2	90.4	20.34	 .0708	0.000	702	1	100.0	30
04/19/20	10:30 p	77.8	78.7	77.8	100	77.8	0.0	---	0.00	0.0	---	77.8	84.0	84.0	82.6	29.868	0.00	0.00	0	0.00	0	0.0	0.00	0.0	0.000	0.267	80.9	91	78.0	89.3	20.98	 .0709	0.000	698	1	100.0	30
04/19/20	11:00 p	77.3	77.9	77.2	100	77.3	0.0	---	0.00	0.0	---	77.3	82.9	82.9	81.5	29.859	0.00	0.00	0	0.00	0	0.0	0.00	0.0	0.000	0.256	80.3	91	77.4	87.8	21.03	 .0710	0.000	701	1	100.0	30
04/19/20	11:30 p	76.6	77.3	76.6	100	76.6	0.0	---	0.00	0.0	---	76.6	81.4	81.4	79.9	29.846	0.00	0.00	0	0.00	0	0.0	0.00	0.0	0.000	0.242	79.8	91	76.9	86.6	21.05	 .0711	0.000	701	1	100.0	30
04/20/20	12:00 a	76.0	76.6	76.0	100	76.0	0.0	---	0.00	0.0	---	76.0	80.3	80.3	78.8	29.844	0.00	0.00	0	0.00	0	0.0	0.00	0.0	0.000	0.229	79.4	91	76.5	85.8	21.04	 .0712	0.000	703	1	100.0	30
04/20/20	12:30 a	75.5	76.0	75.5	100	75.5	0.0	---	0.00	0.0	---	75.5	79.6	79.6	78.0	29.832	0.00	0.00	0	0.00	0	0.0	0.00	0.0	0.000	0.219	78.9	91	76.0	84.7	21.03	 .0712	0.000	700	1	100.0	30
04/20/20	1:00 a	74.9	75.5	74.9	100	74.9	0.0	---	0.00	0.0	---	74.9	78.7	78.7	77.1	29.822	0.00	0.00	0	0.00	0	0.0	0.00	0.0	0.000	0.206	78.5	91	75.7	83.9	21.02	 .0713	0.000	701	1	100.0	30
04/20/20	1:30 a	74.5	75.0	74.5	100	74.5	0.0	---	0.00	0.0	---	74.5	78.2	78.2	76.6	29.818	0.00	0.00	0	0.00	0	0.0	0.00	0.0	0.000	0.198	78.0	91	75.2	82.9	21.01	 .0714	0.000	699	1	100.0	30
04/20/20	2:00 a	74.3	74.6	74.3	100	74.3	0.0	---	0.00	0.0	---	74.3	78.0	78.0	76.4	29.806	0.00	0.00	0	0.00	0	0.0	0.00	0.0	0.000	0.194	77.7	91	74.9	82.4	21.00	 .0714	0.000	701	1	100.0	30
04/20/20	2:30 a	74.1	74.4	74.1	100	74.1	0.0	---	0.00	0.0	---	74.1	77.7	77.7	76.1	29.799	0.00	0.00	0	0.00	0	0.0	0.00	0.0	0.000	0.190	77.5	91	74.7	82.0	21.00	 .0714	0.000	702	1	100.0	30
04/20/20	3:00 a	74.0	74.2	74.0	100	74.0	0.0	---	0.00	0.0	---	74.0	77.6	77.6	76.0	29.793	0.00	0.00	0	0.00	0	0.0	0.00	0.0	0.000	0.188	77.2	92	74.7	81.6	21.09	 .0715	0.000	696	1	100.0	30
04/20/20	3:30 a	73.9	74.1	73.9	100	73.9	0.0	---	0.00	0.0	---	73.9	77.5	77.5	75.8	29.794	0.00	0.00	0	0.00	0	0.0	0.00	0.0	0.000	0.185	77.0	92	74.5	81.2	21.09	 .0715	0.000	700	1	100.0	30
04/20/20	4:00 a	73.9	74.0	73.8	100	73.9	0.0	---	0.00	0.0	---	73.9	77.5	77.5	75.8	29.799	0.00	0.00	0	0.00	0	0.0	0.00	0.0	0.000	0.185	76.8	92	74.3	80.9	21.09	 .0716	0.000	698	1	100.0	30
04/20/20	4:30 a	73.8	73.9	73.7	100	73.8	0.0	---	0.00	0.0	---	73.8	77.4	77.4	75.7	29.813	0.00	0.00	0	0.00	0	0.0	0.00	0.0	0.000	0.183	76.6	92	74.1	80.6	21.08	 .0716	0.000	702	1	100.0	30
04/20/20	5:00 a	73.5	73.8	73.5	100	73.5	0.0	---	0.00	0.0	---	73.5	77.1	77.1	75.4	29.820	0.00	0.00	0	0.00	0	0.0	0.00	0.0	0.000	0.177	76.3	93	74.1	80.3	21.18	 .0717	0.000	697	1	100.0	30
04/20/20	5:30 a	73.5	73.6	73.4	100	73.5	0.0	---	0.00	0.0	---	73.5	77.1	77.1	75.4	29.826	0.00	0.00	1	0.04	7	0.0	0.00	0.0	0.000	0.177	76.2	93	74.0	80.1	21.17	 .0717	0.000	703	1	100.0	30
04/20/20	6:00 a	73.8	73.8	73.5	100	73.8	0.0	---	0.00	0.0	---	73.8	77.4	77.4	76.0	29.829	0.00	0.00	14	0.60	23	0.0	0.00	0.0	0.000	0.183	76.3	93	74.1	80.3	21.18	 .0717	0.000	702	1	100.0	30
04/20/20	6:30 a	74.7	74.7	73.8	100	74.7	0.0	---	0.00	0.0	---	74.7	78.4	78.4	78.9	29.840	0.00	0.00	29	1.25	33	0.0	0.00	0.0	0.000	0.202	77.2	94	75.3	81.8	21.35	 .0715	0.000	699	1	100.0	30
04/20/20	7:00 a	75.8	75.8	74.7	100	75.8	0.0	---	0.00	0.0	---	75.8	80.0	80.0	80.7	29.855	0.00	0.00	37	1.59	42	0.0	0.00	0.0	0.000	0.225	78.8	93	76.6	84.9	21.23	 .0713	0.001	701	1	100.0	30
04/20/20	7:30 a	77.1	77.1	75.8	100	77.1	0.0	---	0.00	0.0	---	77.1	82.4	82.4	84.4	29.869	0.00	0.00	79	3.40	239	0.3	0.06	1.4	0.000	0.252	80.4	92	77.9	88.3	21.16	 .0710	0.000	698	1	100.0	30
04/20/20	8:00 a	79.1	79.1	77.1	100	79.1	0.0	---	0.00	0.0	---	79.1	87.1	87.1	97.9	29.884	0.00	0.00	442	19.01	538	2.1	0.45	2.8	0.000	0.294	81.9	92	79.3	92.5	21.19	 .0707	0.006	702	1	100.0	30
04/20/20	8:30 a	83.3	83.3	79.1	100	83.3	0.0	SSE	0.00	2.0	E	83.3	100.4	100.4	112.8	29.888	0.00	0.00	602	25.89	657	3.6	0.77	4.3	0.000	0.381	83.7	88	79.8	96.3	18.98	 .0705	0.000	698	1	100.0	30
04/20/20	9:00 a	85.8	85.9	83.3	100	85.8	1.0	SSW	0.50	5.0	S	85.8	112.1	112.1	125.0	29.884	0.00	0.00	712	30.62	765	5.1	1.09	6.0	0.000	0.433	85.0	83	79.3	97.6	16.85	 .0703	0.017	703	1	100.0	30
04/20/20	9:30 a	86.6	86.7	85.8	100	86.6	2.0	S	1.00	4.0	SSE	86.6	117.6	117.6	130.7	29.886	0.00	0.00	810	34.83	853	6.8	1.46	7.6	0.000	0.450	85.9	81	79.4	99.0	16.11	 .0702	0.000	698	1	100.0	30
04/20/20	10:00 a	87.2	87.5	86.6	100	87.2	2.0	S	1.00	5.0	SSW	87.2	122.5	122.5	135.5	29.883	0.00	0.00	891	38.32	925	8.4	1.80	9.1	0.000	0.462	86.9	80	80.0	101.8	15.67	 .0700	0.022	699	1	100.0	30
04/20/20	10:30 a	87.3	88.0	87.2	100	87.3	2.0	S	1.00	7.0	SSE	87.3	123.5	123.5	136.6	29.881	0.00	0.00	924	39.74	997	9.8	2.10	10.4	0.000	0.465	87.6	80	80.7	103.5	15.65	 .0699	0.000	701	1	100.0	30
04/20/20	11:00 a	87.9	88.4	87.2	100	87.9	2.0	S	1.00	8.0	W	87.9	129.4	129.4	140.3	29.880	0.00	0.00	1023	43.99	1056	10.9	2.34	11.3	0.000	0.477	88.5	79	81.1	106.1	15.24	 .0697	0.024	702	1	100.0	30
04/20/20	11:30 a	89.0	89.2	87.5	100	89.0	2.0	ESE	1.00	8.0	E	89.0	144.2	144.2	155.4	29.872	0.00	0.00	1087	46.75	1148	11.4	2.44	12.2	0.000	0.500	88.9	79	81.5	108.0	15.22	 .0696	0.000	701	1	100.0	30
04/20/20	12:00 p	89.2	89.6	87.8	100	89.2	2.0	SSE	1.00	8.0	ESE	89.2	148.0	148.0	159.8	29.861	0.00	0.00	1083	46.58	1106	11.8	2.53	11.9	0.000	0.504	89.5	79	82.1	110.5	15.18	 .0695	0.028	701	1	100.0	30
04/20/20	12:30 p	88.8	89.7	87.9	100	88.8	3.0	SSE	1.50	8.0	SSE	88.8	141.4	141.4	154.4	29.847	0.00	0.00	1102	47.39	1243	11.1	2.38	12.0	0.000	0.496	90.3	77	82.1	112.3	14.54	 .0693	0.000	700	1	100.0	30
04/20/20	1:00 p	88.5	88.8	88.2	100	88.5	3.0	SE	1.50	8.0	SSW	88.5	137.3	137.3	150.6	29.834	0.00	0.00	1040	44.73	1069	10.4	2.23	11.0	0.000	0.490	90.2	77	82.0	111.8	14.55	 .0693	0.027	699	1	100.0	30
04/20/20	1:30 p	89.1	89.7	88.1	100	89.1	2.0	ESE	1.00	9.0	SE	89.1	146.1	146.1	159.7	29.818	0.00	0.00	960	41.29	1005	9.0	1.93	9.7	0.000	0.502	90.2	76	81.6	111.0	14.25	 .0693	0.000	699	1	100.0	30
04/20/20	2:00 p	88.0	89.3	88.0	100	88.0	2.0	E	1.00	6.0	NE	88.0	130.4	130.4	144.1	29.807	0.00	0.00	868	37.33	918	7.5	1.61	8.3	0.000	0.479	89.9	75	80.9	109.0	14.05	 .0694	0.024	699	1	100.0	30
04/20/20	2:30 p	87.5	89.7	87.5	100	87.5	3.0	SE	1.50	10.0	SSE	87.5	125.4	125.4	139.6	29.798	0.00	0.00	786	33.80	942	5.8	1.24	6.8	0.000	0.469	89.3	76	80.7	107.4	14.29	 .0694	0.000	699	1	100.0	30
04/20/20	3:00 p	87.8	88.2	87.3	100	87.8	2.0	SE	1.00	7.0	SSE	87.8	128.4	128.4	142.6	29.791	0.00	0.00	665	28.60	717	4.3	0.92	5.0	0.000	0.475	88.4	78	80.7	105.0	14.88	 .0695	0.019	700	1	100.0	30
04/20/20	3:30 p	87.6	87.9	86.8	100	87.6	2.0	ESE	1.00	8.0	E	87.6	126.4	126.4	140.8	29.789	0.00	0.00	553	23.78	613	2.9	0.62	3.5	0.000	0.471	87.6	78	79.9	102.4	14.94	 .0697	0.000	701	1	100.0	30
04/20/20	4:00 p	86.2	87.6	86.2	100	86.2	2.0	SSE	1.00	9.0	S	86.2	114.7	114.7	128.4	29.782	0.00	0.00	427	18.36	487	1.7	0.36	2.2	0.000	0.442	86.9	80	80.0	101.8	15.67	 .0698	0.013	701	1	100.0	30
04/20/20	4:30 p	84.8	86.3	84.8	100	84.8	1.0	SSE	0.50	6.0	ESE	84.8	106.7	106.7	113.0	29.782	0.00	0.00	156	6.71	355	0.7	0.15	1.2	0.000	0.413	86.5	81	80.0	101.0	16.09	 .0698	0.000	703	1	100.0	30
04/20/20	5:00 p	84.4	85.3	84.4	100	84.4	1.0	E	0.50	7.0	SE	84.4	104.9	104.9	105.9	29.791	0.00	0.00	81	3.48	139	0.0	0.00	0.0	0.000	0.404	86.2	82	80.1	100.5	16.50	 .0699	0.003	700	1	100.0	30
04/20/20	5:30 p	82.4	84.5	82.4	100	82.4	1.0	SE	0.50	4.0	NE	82.4	97.1	97.1	96.5	29.797	0.00	0.00	15	0.65	28	0.0	0.00	0.0	0.000	0.363	85.2	83	79.4	98.1	16.84	 .0701	0.000	700	1	100.0	30
04/20/20	6:00 p	81.0	82.3	81.0	100	81.0	0.0	SE	0.00	2.0	SE	81.0	92.5	92.5	91.5	29.812	0.00	0.00	2	0.09	11	0.0	0.00	0.0	0.000	0.333	84.0	85	79.0	96.1	17.71	 .0703	0.000	701	1	100.0	30
04/20/20	6:30 p	79.9	81.0	79.9	100	79.9	0.0	SE	0.00	1.0	SE	79.9	89.3	89.3	88.1	29.814	0.00	0.00	0	0.00	0	0.0	0.00	0.0	0.000	0.310	83.3	86	78.7	94.4	18.15	 .0704	0.000	697	1	100.0	30
04/20/20	7:00 p	79.0	79.9	79.0	100	79.0	0.0	SE	0.00	1.0	SE	79.0	86.8	86.8	85.6	29.827	0.00	0.00	0	0.00	0	0.0	0.00	0.0	0.000	0.292	82.7	87	78.4	93.0	18.59	 .0705	0.000	701	1	100.0	30
04/20/20	7:30 p	78.6	79.1	78.5	100	78.6	0.0	---	0.00	0.0	---	78.6	85.8	85.8	84.6	29.841	0.00	0.00	0	0.00	0	0.0	0.00	0.0	0.000	0.283	82.1	88	78.2	91.7	19.14	 .0707	0.000	699	1	100.0	30
04/20/20	8:00 p	78.1	78.6	78.1	100	78.1	0.0	---	0.00	0.0	---	78.1	84.6	84.6	83.4	29.851	0.00	0.00	0	0.00	0	0.0	0.00	0.0	0.000	0.273	81.6	88	77.7	90.3	19.19	 .0708	0.000	703	1	100.0	30
04/20/20	8:30 p	77.7	78.2	77.7	100	77.7	0.0	---	0.00	0.0	---	77.7	83.7	83.7	82.4	29.862	0.00	0.00	0	0.00	0	0.0	0.00	0.0	0.000	0.265	81.1	89	77.5	89.2	19.84	 .0709	0.000	701	1	100.0	30
04/20/20	9:00 p	77.3	77.7	77.3	100	77.3	0.0	---	0.00	0.0	---	77.3	82.9	82.9	81.6	29.873	0.00	0.00	0	0.00	0	0.0	0.00	0.0	0.000	0.256	80.7	89	77.2	88.2	19.88	 .0710	0.000	702	1	100.0	30
04/20/20	9:30 p	77.0	77.3	77.0	100	77.0	0.0	---	0.00	0.0	---	77.0	82.2	82.2	80.9	29.879	0.00	0.00	0	0.00	0	0.0	0.00	0.0	0.000	0.250	80.2	90	77.0	87.3	20.43	 .0711	0.000	700	1	100.0	30
04/20/20	10:00 p	76.7	77.1	76.7	100	76.7	0.0	---	0.00	0.0	---	76.7	81.6	81.6	80.2	29.882	0.00	0.00	0	0.00	0	0.0	0.00	0.0	0.000	0.244	80.0	90	76.8	86.8	20.45	 .0712	0.000	703	1	100.0	30
04/20/20	10:30 p	76.5	76.7	76.5	100	76.5	0.0	---	0.00	0.0	---	76.5	81.3	81.3	79.9	29.881	0.00	0.00	0	0.00	0	0.0	0.00	0.0	0.000	0.240	79.7	90	76.5	86.2	20.45	 .0712	0.000	700	1	100.0	30
04/20/20	11:00 p	76.3	76.5	76.2	100	76.3	0.0	---	0.00	0.0	---	76.3	80.9	80.9	79.5	29.867	0.00	0.00	0	0.00	0	0.0	0.00	0.0	0.000	0.235	79.3	91	76.4	85.6	21.04	 .0712	0.000	703	1	100.0	30
04/20/20	11:30 p	76.1	76.3	76.0	100	76.1	0.0	---	0.00	0.0	---	76.1	80.5	80.5	79.1	29.864	0.00	0.00	0	0.00	0	0.0	0.00	0.0	0.000	0.231	79.1	91	76.2	85.1	21.03	 .0713	0.000	700	1	100.0	30
04/21/20	12:00 a	75.9	76.1	75.8	100	75.9	0.0	---	0.00	0.0	---	75.9	80.2	80.2	78.8	29.853	0.00	0.00	0	0.00	0	0.0	0.00	0.0	0.000	0.227	78.9	91	76.0	84.7	21.03	 .0713	0.000	701	1	100.0	30
04/21/20	12:30 a	75.7	75.9	75.7	100	75.7	0.0	---	0.00	0.0	---	75.7	79.8	79.8	78.4	29.840	0.00	0.00	0	0.00	0	0.0	0.00	0.0	0.000	0.223	78.5	92	76.0	84.1	21.12	 .0713	0.000	700	1	100.0	30
04/21/20	1:00 a	75.5	75.8	75.5	100	75.5	0.0	---	0.00	0.0	---	75.5	79.6	79.6	78.2	29.833	0.00	0.00	0	0.00	0	0.0	0.00	0.0	0.000	0.219	78.2	92	75.7	83.5	21.11	 .0714	0.000	699	1	100.0	30
04/21/20	1:30 a	75.3	75.5	75.2	100	75.3	0.0	---	0.00	0.0	---	75.3	79.3	79.3	77.9	29.824	0.00	0.00	0	0.00	0	0.0	0.00	0.0	0.000	0.215	78.0	92	75.5	83.0	21.11	 .0714	0.000	700	1	100.0	30
04/21/20	2:00 a	75.2	75.4	75.2	100	75.2	0.0	---	0.00	0.0	---	75.2	79.1	79.1	77.7	29.820	0.00	0.00	0	0.00	0	0.0	0.00	0.0	0.000	0.212	77.7	92	75.2	82.5	21.10	 .0714	0.000	698	1	100.0	30
04/21/20	2:30 a	75.0	75.2	74.9	100	75.0	0.0	---	0.00	0.0	---	75.0	78.8	78.8	77.4	29.812	0.00	0.00	0	0.00	0	0.0	0.00	0.0	0.000	0.208	77.5	92	75.0	82.1	21.10	 .0715	0.000	703	1	100.0	30
04/21/20	3:00 a	74.8	75.0	74.8	100	74.8	0.0	---	0.00	0.0	---	74.8	78.6	78.6	77.1	29.805	0.00	0.00	0	0.00	0	0.0	0.00	0.0	0.000	0.204	77.4	93	75.2	82.0	21.20	 .0714	0.000	697	1	100.0	30
04/21/20	3:30 a	74.6	74.8	74.6	100	74.6	0.0	---	0.00	0.0	---	74.6	78.3	78.3	76.8	29.805	0.00	0.00	0	0.00	0	0.0	0.00	0.0	0.000	0.200	77.2	93	75.0	81.7	21.19	 .0715	0.000	701	1	100.0	30
04/21/20	4:00 a	74.6	74.7	74.5	100	74.6	0.0	---	0.00	0.0	---	74.6	78.3	78.3	76.8	29.808	0.00	0.00	0	0.00	0	0.0	0.00	0.0	0.000	0.200	77.0	93	74.8	81.3	21.19	 .0715	0.000	699	1	100.0	30
04/21/20	4:30 a	74.6	74.6	74.4	100	74.6	0.0	---	0.00	0.0	---	74.6	78.3	78.3	76.8	29.818	0.00	0.00	0	0.00	0	0.0	0.00	0.0	0.000	0.200	76.9	93	74.7	81.2	21.19	 .0716	0.000	701	1	100.0	30
04/21/20	5:00 a	74.4	74.7	74.4	100	74.4	0.0	---	0.00	0.0	---	74.4	78.1	78.1	76.6	29.823	0.00	0.00	0	0.00	0	0.0	0.00	0.0	0.000	0.196	76.8	93	74.6	81.0	21.19	 .0716	0.000	700	1	100.0	30
04/21/20	5:30 a	74.5	74.6	74.4	100	74.5	0.0	---	0.00	0.0	---	74.5	78.2	78.2	76.7	29.832	0.00	0.00	1	0.04	5	0.0	0.00	0.0	0.000	0.198	76.7	94	74.8	80.9	21.35	 .0716	0.000	695	1	100.0	30
04/21/20	6:00 a	74.8	74.8	74.4	100	74.8	0.0	---	0.00	0.0	---	74.8	78.6	78.6	77.5	29.839	0.00	0.00	16	0.69	25	0.0	0.00	0.0	0.000	0.204	76.9	94	75.0	81.3	21.35	 .0716	0.000	700	1	100.0	30
04/21/20	6:30 a	75.6	75.6	74.8	100	75.6	0.0	---	0.00	0.0	---	75.6	79.7	79.7	80.4	29.853	0.00	0.00	32	1.38	39	0.0	0.00	0.0	0.000	0.221	77.7	94	75.8	82.7	21.35	 .0715	0.000	701	1	100.0	30
04/21/20	7:00 a	77.0	77.1	75.6	100	77.0	0.0	---	0.00	0.0	---	77.0	82.2	82.2	84.5	29.868	0.00	0.00	74	3.18	98	0.5	0.11	0.7	0.000	0.250	79.0	94	77.1	85.6	21.35	 .0712	0.001	698	1	100.0	30
04/21/20	7:30 a	78.3	78.3	77.0	100	78.3	0.0	---	0.00	0.0	---	78.3	85.1	85.1	88.7	29.884	0.00	0.00	126	5.42	195	1.1	0.24	1.2	0.000	0.277	80.3	93	78.1	88.3	21.26	 .0710	0.000	700	1	100.0	30
04/21/20	8:00 a	79.7	79.7	78.2	100	79.7	0.0	---	0.00	0.0	---	79.7	88.8	88.8	97.5	29.889	0.00	0.00	336	14.45	517	2.0	0.43	2.7	0.000	0.306	81.5	92	78.9	91.3	21.18	 .0708	0.006	702	1	100.0	30
04/21/20	8:30 a	82.5	82.5	79.7	100	82.5	1.0	SE	0.50	4.0	SE	82.5	97.4	97.4	107.8	29.894	0.00	0.00	454	19.52	635	3.0	0.64	3.7	0.000	0.365	83.0	90	79.8	94.8	20.21	 .0706	0.000	696	1	100.0	30
04/21/20	9:00 a	84.5	84.8	82.3	100	84.5	1.0	SE	0.50	6.0	SSE	84.5	105.3	105.3	114.9	29.893	0.00	0.00	436	18.75	860	4.2	0.90	5.7	0.000	0.406	84.0	88	80.1	97.2	18.95	 .0704	0.012	702	1	100.0	30
04/21/20	9:30 a	86.2	86.3	84.5	100	86.2	1.0	NE	0.50	5.0	SSE	86.2	114.7	114.7	126.5	29.899	0.00	0.00	597	25.67	925	5.6	1.20	7.4	0.000	0.442	85.1	88	81.1	100.2	18.84	 .0702	0.000	693	1	100.0	30
04/21/20	10:00 a	87.8	88.0	86.1	100	87.8	2.0	SE	1.00	8.0	SE	87.8	128.4	128.4	140.1	29.903	0.00	0.00	926	39.82	974	8.2	1.76	9.0	0.000	0.475	86.9	84	81.5	104.3	17.17	 .0699	0.019	703	1	100.0	30
04/21/20	10:30 a	88.4	88.4	87.0	100	88.4	2.0	SE	1.00	8.0	SSE	88.4	135.9	135.9	147.4	29.900	0.00	0.00	982	42.23	1086	9.5	2.04	10.5	0.000	0.488	88.0	82	81.8	106.0	16.43	 .0698	0.000	701	1	100.0	30
04/21/20	11:00 a	88.7	88.7	87.4	100	88.7	2.0	SE	1.00	8.0	SSE	88.7	140.1	140.1	150.9	29.897	0.00	0.00	1008	43.35	1111	10.4	2.23	11.5	0.000	0.494	88.6	79	81.2	106.6	15.23	 .0697	0.024	702	1	100.0	30
04/21/20	11:30 a	88.5	88.8	88.1	100	88.5	3.0	SE	1.50	10.0	ESE	88.5	137.3	137.3	148.6	29.887	0.00	0.00	1109	47.69	1172	11.6	2.49	11.7	0.000	0.490	89.4	78	81.6	109.3	14.80	 .0696	0.000	701	1	100.0	30
04/21/20	12:00 p	89.2	89.2	87.9	100	89.2	3.0	SE	1.50	9.0	SSE	89.2	148.0	148.0	160.0	29.878	0.00	0.00	1105	47.52	1278	11.4	2.44	11.7	0.000	0.504	89.9	76	81.3	109.8	14.26	 .0695	0.028	700	1	100.0	30
04/21/20	12:30 p	88.5	90.0	88.1	100	88.5	3.0	SSE	1.50	14.0	SW	88.5	137.3	137.3	149.4	29.853	0.00	0.00	1031	44.34	1241	10.3	2.21	11.5	0.000	0.490	90.2	76	81.6	111.0	14.25	 .0694	0.000	701	1	100.0	30
04/21/20	1:00 p	88.4	89.0	88.0	100	88.4	3.0	SSE	1.50	12.0	ESE	88.4	135.9	135.9	148.7	29.843	0.00	0.00	1001	43.05	1030	10.0	2.14	10.5	0.000	0.488	90.2	77	82.0	111.8	14.55	 .0693	0.026	697	1	100.0	30
04/21/20	1:30 p	88.7	88.7	87.8	100	88.7	3.0	SE	1.50	11.0	SSE	88.7	140.1	140.1	153.7	29.824	0.00	0.00	966	41.54	1027	8.4	1.80	9.5	0.000	0.494	90.1	76	81.5	110.6	14.25	 .0693	0.000	701	1	100.0	30
04/21/20	2:00 p	88.8	89.8	87.5	100	88.8	3.0	SE	1.50	10.0	SE	88.8	141.4	141.4	154.7	29.802	0.00	0.00	841	36.17	1076	6.7	1.44	8.2	0.000	0.496	89.8	76	81.2	109.4	14.26	 .0693	0.023	698	1	100.0	30
04/21/20	2:30 p	88.1	88.8	87.1	100	88.1	3.0	SSE	1.50	11.0	SE	88.1	131.8	131.8	144.8	29.792	0.00	0.00	720	30.96	909	5.3	1.14	6.5	0.000	0.481	89.2	76	80.6	107.0	14.30	 .0694	0.000	698	1	100.0	30
04/21/20	3:00 p	87.6	89.4	87.5	100	87.6	2.0	SE	1.00	10.0	S	87.6	126.4	126.4	140.4	29.800	0.00	0.00	656	28.21	707	4.1	0.88	4.8	0.000	0.471	88.3	76	79.8	103.3	14.35	 .0697	0.018	700	1	100.0	30
04/21/20	3:30 p	87.9	88.2	87.3	100	87.9	2.0	ESE	1.00	10.0	E	87.9	129.4	129.4	144.5	29.796	0.00	0.00	582	25.03	629	2.7	0.58	3.4	0.000	0.477	87.7	78	80.0	102.6	14.93	 .0697	0.000	701	1	100.0	30
04/21/20	4:00 p	86.1	88.0	86.1	100	86.1	2.0	ESE	1.00	8.0	SSE	86.1	113.9	113.9	126.5	29.794	0.00	0.00	396	17.03	522	1.6	0.34	2.1	0.000	0.440	87.1	79	79.8	101.8	15.32	 .0698	0.012	702	1	100.0	30
04/21/20	4:30 p	85.2	86.4	85.2	100	85.2	1.0	ESE	0.50	5.0	S	85.2	108.7	108.7	115.3	29.795	0.00	0.00	162	6.97	397	0.8	0.17	1.1	0.000	0.421	86.4	80	79.5	100.1	15.69	 .0699	0.000	700	1	100.0	30
04/21/20	5:00 p	83.6	85.2	83.6	100	83.6	1.0	ENE	0.50	6.0	NNW	83.6	101.5	101.5	102.4	29.805	0.00	0.00	81	3.48	113	0.0	0.00	0.5	0.000	0.387	86.2	81	79.7	100.0	16.10	 .0699	0.003	698	1	100.0	30
04/21/20	5:30 p	83.1	83.9	83.1	100	83.1	1.0	ENE	0.50	4.0	E	83.1	99.6	99.6	99.5	29.814	0.00	0.00	35	1.51	56	0.0	0.00	0.0	0.000	0.377	85.5	83	79.7	98.9	16.83	 .0700	0.000	700	1	100.0	30
04/21/20	6:00 p	82.0	83.2	82.0	100	82.0	1.0	ESE	0.50	3.0	ESE	82.0	95.7	95.7	94.8	29.833	0.00	0.00	3	0.13	18	0.0	0.00	0.0	0.000	0.354	84.8	84	79.4	97.6	17.26	 .0702	0.000	698	1	100.0	30
04/21/20	6:30 p	81.3	82.0	81.3	100	81.3	0.0	ESE	0.00	2.0	ESE	81.3	93.5	93.5	92.4	29.837	0.00	0.00	0	0.00	0	0.0	0.00	0.0	0.000	0.340	84.3	85	79.3	96.8	17.69	 .0703	0.000	702	1	100.0	30
04/21/20	7:00 p	80.6	81.4	80.5	100	80.6	0.0	---	0.00	0.0	---	80.6	91.3	91.3	90.2	29.847	0.00	0.00	0	0.00	0	0.0	0.00	0.0	0.000	0.325	83.7	86	79.1	95.6	18.13	 .0704	0.000	703	1	100.0	30
04/21/20	7:30 p	80.3	80.6	80.2	100	80.3	0.0	---	0.00	0.0	---	80.3	90.5	90.5	89.4	29.860	0.00	0.00	0	0.00	0	0.0	0.00	0.0	0.000	0.319	83.1	87	78.8	94.1	18.56	 .0705	0.000	700	1	100.0	30
04/21/20	8:00 p	79.9	80.3	79.9	100	79.9	0.0	---	0.00	0.0	---	79.9	89.3	89.3	88.1	29.864	0.00	0.00	0	0.00	0	0.0	0.00	0.0	0.000	0.310	82.7	88	78.8	93.3	19.08	 .0706	0.000	703	1	100.0	30
04/21/20	8:30 p	80.0	80.1	79.9	100	80.0	0.0	---	0.00	0.0	---	80.0	89.6	89.6	88.5	29.871	0.00	0.00	0	0.00	0	0.0	0.00	0.0	0.000	0.313	82.6	89	79.0	93.4	19.69	 .0706	0.000	698	1	100.0	30
04/21/20	9:00 p	79.4	80.1	79.4	100	79.4	0.0	---	0.00	0.0	---	79.4	87.9	87.9	86.7	29.880	0.00	0.00	0	0.00	0	0.0	0.00	0.0	0.000	0.300	82.2	89	78.6	92.3	19.73	 .0707	0.000	702	1	100.0	30
04/21/20	9:30 p	79.2	79.5	79.2	100	79.2	0.0	---	0.00	0.0	---	79.2	87.4	87.4	86.2	29.887	0.00	0.00	0	0.00	0	0.0	0.00	0.0	0.000	0.296	81.8	89	78.2	91.2	19.77	 .0708	0.000	701	1	100.0	30
04/21/20	10:00 p	78.7	79.3	78.6	100	78.7	0.0	---	0.00	0.0	---	78.7	86.1	86.1	84.8	29.882	0.00	0.00	0	0.00	0	0.0	0.00	0.0	0.000	0.285	81.2	90	78.0	89.8	20.35	 .0709	0.000	702	1	100.0	30
04/21/20	10:30 p	78.0	78.6	78.0	100	78.0	0.0	---	0.00	0.0	---	78.0	84.4	84.4	83.1	29.872	0.00	0.00	0	0.00	0	0.0	0.00	0.0	0.000	0.271	80.5	91	77.6	88.3	21.01	 .0710	0.000	700	1	100.0	30
04/21/20	11:00 p	77.8	78.1	77.7	100	77.8	0.0	---	0.00	0.0	---	77.8	84.0	84.0	82.7	29.871	0.00	0.00	0	0.00	0	0.0	0.00	0.0	0.000	0.267	80.2	92	77.7	87.8	21.15	 .0710	0.000	697	1	100.0	30
04/21/20	11:30 p	77.6	77.8	77.5	100	77.6	0.0	---	0.00	0.0	---	77.6	83.5	83.5	82.2	29.865	0.00	0.00	0	0.00	0	0.0	0.00	0.0	0.000	0.262	79.9	92	77.4	87.1	21.15	 .0711	0.000	700	1	100.0	30
04/22/20	12:00 a	77.8	77.8	77.5	100	77.8	0.0	---	0.00	0.0	---	77.8	84.0	84.0	82.7	29.862	0.00	0.00	0	0.00	0	0.0	0.00	0.0	0.000	0.267	79.9	93	77.7	87.4	21.25	 .0711	0.000	699	1	100.0	30
04/22/20	12:30 a	77.9	77.9	77.7	100	77.9	0.0	---	0.00	0.0	---	77.9	84.2	84.2	82.9	29.858	0.00	0.00	0	0.00	0	0.0	0.00	0.0	0.000	0.269	79.7	93	77.5	86.9	21.24	 .0711	0.000	645	1	94.3	30
04/22/20	1:00 a	77.9	77.9	77.7	100	77.9	0.0	---	0.00	0.0	---	77.9	84.2	84.2	82.9	29.844	0.00	0.00	0	0.00	0	0.0	0.00	0.0	0.000	0.269	79.9	93	77.7	87.4	21.25	 .0710	0.000	699	1	100.0	30
04/22/20	1:30 a	77.8	77.9	77.7	100	77.8	0.0	---	0.00	0.0	---	77.8	84.0	84.0	82.7	29.833	0.00	0.00	0	0.00	0	0.0	0.00	0.0	0.000	0.267	79.8	94	77.9	87.4	21.35	 .0710	0.000	701	1	100.0	30
04/22/20	2:00 a	77.7	78.0	77.7	100	77.7	0.0	---	0.00	0.0	---	77.7	83.7	83.7	82.4	29.823	0.00	0.00	0	0.00	0	0.0	0.00	0.0	0.000	0.265	79.7	94	77.8	87.2	21.35	 .0710	0.000	702	1	100.0	30
04/22/20	2:30 a	77.1	77.7	77.1	100	77.1	0.0	---	0.00	0.0	---	77.1	82.4	82.4	81.1	29.819	0.00	0.00	0	0.00	0	0.0	0.00	0.0	0.000	0.252	79.3	93	77.1	86.0	21.24	 .0711	0.000	702	1	100.0	30
04/22/20	3:00 a	77.1	77.2	77.0	100	77.1	0.0	---	0.00	0.0	---	77.1	82.4	82.4	81.1	29.823	0.00	0.00	0	0.00	0	0.0	0.00	0.0	0.000	0.252	79.3	94	77.4	86.3	21.35	 .0711	0.000	701	1	100.0	30
04/22/20	3:30 a	76.8	77.2	76.8	100	76.8	0.0	---	0.00	0.0	---	76.8	81.8	81.8	80.4	29.829	0.00	0.00	0	0.00	0	0.0	0.00	0.0	0.000	0.246	79.0	94	77.1	85.6	21.35	 .0711	0.000	700	1	100.0	30
04/22/20	4:00 a	76.6	76.9	76.6	100	76.6	0.0	---	0.00	0.0	---	76.6	81.4	81.4	80.0	29.834	0.00	0.00	0	0.00	0	0.0	0.00	0.0	0.000	0.242	78.7	94	76.8	84.9	21.35	 .0712	0.000	700	1	100.0	30
04/22/20	4:30 a	76.5	76.7	76.5	100	76.5	0.0	---	0.00	0.0	---	76.5	81.3	81.3	79.9	29.839	0.00	0.00	0	0.00	0	0.0	0.00	0.0	0.000	0.240	78.3	94	76.4	84.0	21.35	 .0713	0.000	702	1	100.0	30
04/22/20	5:00 a	76.2	76.5	76.2	100	76.2	0.0	---	0.00	0.0	---	76.2	80.7	80.7	79.3	29.834	0.00	0.00	0	0.00	0	0.0	0.00	0.0	0.000	0.233	78.1	94	76.2	83.5	21.35	 .0713	0.000	699	1	100.0	30
04/22/20	5:30 a	76.2	76.3	76.1	100	76.2	0.0	---	0.00	0.0	---	76.2	80.7	80.7	79.4	29.846	0.00	0.00	3	0.13	12	0.0	0.00	0.0	0.000	0.233	78.0	95	76.5	83.4	21.65	 .0714	0.000	699	1	100.0	30
04/22/20	6:00 a	76.7	76.7	76.2	100	76.7	0.0	---	0.00	0.0	---	76.7	81.6	81.6	80.9	29.848	0.00	0.00	32	1.38	49	0.0	0.00	0.0	0.000	0.244	78.3	95	76.7	84.1	21.65	 .0713	0.000	700	1	100.0	30
04/22/20	6:30 a	77.6	77.6	76.7	100	77.6	0.0	---	0.00	0.0	---	77.6	83.5	83.5	85.8	29.861	0.00	0.00	65	2.80	77	0.0	0.00	0.0	0.000	0.262	79.2	96	78.0	86.5	21.75	 .0711	0.000	700	1	100.0	30
04/22/20	7:00 a	78.7	78.7	77.6	100	78.7	0.0	---	0.00	0.0	---	78.7	86.1	86.1	89.4	29.879	0.00	0.00	100	4.30	114	0.6	0.13	0.9	0.000	0.285	80.9	96	79.7	90.8	21.75	 .0708	0.002	701	1	100.0	30
04/22/20	7:30 a	80.3	80.3	78.7	100	80.3	0.0	---	0.00	0.0	---	80.3	90.5	90.5	94.8	29.888	0.00	0.00	145	6.24	320	1.3	0.28	1.7	0.000	0.319	83.0	93	80.8	96.3	21.31	 .0705	0.000	699	1	100.0	30
04/22/20	8:00 a	83.3	83.3	80.3	100	83.3	0.0	---	0.00	0.0	---	83.3	100.4	100.4	110.9	29.891	0.00	0.00	412	17.72	513	2.2	0.47	2.8	0.000	0.381	84.7	89	81.1	99.6	19.48	 .0702	0.007	701	1	100.0	30
04/22/20	8:30 a	84.7	84.9	83.3	100	84.7	1.0	SSW	0.50	4.0	SW	84.7	106.2	106.2	116.6	29.896	0.00	0.00	451	19.40	615	3.1	0.66	3.6	0.000	0.410	85.3	86	80.6	99.8	18.03	 .0702	0.000	701	1	100.0	30
04/22/20	9:00 a	85.0	85.2	83.1	100	85.0	1.0	SSW	0.50	5.0	S	85.0	107.6	107.6	115.1	29.898	0.00	0.00	322	13.85	675	3.6	0.77	5.2	0.000	0.417	85.3	87	81.0	100.3	18.43	 .0702	0.010	700	1	100.0	30
04/22/20	9:30 a	85.4	86.4	84.6	100	85.4	1.0	SSW	0.50	4.0	SSE	85.4	109.8	109.8	120.0	29.898	0.00	0.00	487	20.94	879	5.0	1.07	6.7	0.000	0.425	86.1	84	80.7	101.1	17.21	 .0701	0.000	701	1	100.0	30
04/22/20	10:00 a	84.0	85.4	83.9	100	84.0	1.0	WSW	0.50	4.0	SSW	84.0	103.1	103.1	108.2	29.896	0.00	0.00	227	9.76	299	4.4	0.94	7.1	0.000	0.396	86.1	85	81.1	101.6	17.58	 .0701	0.010	702	1	100.0	30
04/22/20	10:30 a	85.3	85.6	83.5	100	85.3	1.0	SW	0.50	4.0	SSW	85.3	109.3	109.3	116.7	29.890	0.00	0.00	331	14.23	1011	5.7	1.22	8.8	0.000	0.423	86.4	85	81.4	102.9	17.57	 .0700	0.000	701	1	100.0	30
04/22/20	11:00 a	86.4	86.5	85.0	100	86.4	1.0	SSW	0.50	5.0	S	86.4	116.1	116.1	125.4	29.873	0.00	0.00	419	18.02	1130	7.2	1.54	11.6	0.000	0.446	87.3	83	81.5	104.9	16.76	 .0698	0.013	703	1	100.0	30
04/22/20	11:30 a	88.1	88.7	86.5	100	88.1	1.0	S	0.50	4.0	S	88.1	131.8	131.8	145.3	29.871	0.00	0.00	896	38.53	1202	9.8	2.10	11.7	0.000	0.481	88.5	82	82.3	108.5	16.41	 .0696	0.000	699	1	100.0	30
04/22/20	12:00 p	88.6	89.5	88.1	100	88.6	2.0	S	1.00	9.0	SSE	88.6	138.7	138.7	150.8	29.857	0.00	0.00	1123	48.30	1209	11.2	2.40	11.7	0.000	0.492	90.0	77	81.8	111.0	14.55	 .0694	0.026	698	1	100.0	30
04/22/20	12:30 p	88.4	89.5	88.3	100	88.4	2.0	SE	1.00	7.0	SE	88.4	135.9	135.9	147.3	29.850	0.00	0.00	982	42.23	1027	10.4	2.23	10.9	0.000	0.488	90.3	76	81.7	111.4	14.25	 .0694	0.000	700	1	100.0	30
04/22/20	1:00 p	90.3	90.5	88.5	100	90.3	2.0	SSW	1.00	7.0	SE	90.3	171.4	171.4	183.9	29.824	0.00	0.00	968	41.63	1018	9.8	2.10	10.3	0.000	0.527	90.7	77	82.5	114.0	14.54	 .0692	0.026	699	1	100.0	30
04/22/20	1:30 p	89.1	90.3	88.1	100	89.1	2.0	S	1.00	8.0	SSE	89.1	146.1	146.1	158.5	29.805	0.00	0.00	881	37.89	1011	7.6	1.63	9.3	0.000	0.502	90.7	77	82.5	114.0	14.54	 .0691	0.000	702	1	100.0	30
04/22/20	2:00 p	87.5	89.3	87.5	100	87.5	2.0	SSE	1.00	8.0	SE	87.5	125.4	125.4	137.8	29.790	0.00	0.00	779	33.50	919	6.6	1.41	7.9	0.000	0.469	90.5	74	81.1	110.6	13.74	 .0692	0.021	699	1	100.0	30
04/22/20	2:30 p	87.6	88.0	86.9	100	87.6	2.0	SE	1.00	6.0	SW	87.6	126.4	126.4	139.2	29.793	0.00	0.00	626	26.92	737	4.5	0.96	5.0	0.000	0.471	90.2	76	81.6	111.0	14.25	 .0692	0.000	699	1	100.0	30
04/22/20	3:00 p	85.9	87.6	85.9	100	85.9	2.0	SSE	1.00	8.0	ESE	85.9	112.6	112.6	122.1	29.791	0.00	0.00	361	15.53	575	2.7	0.58	3.8	0.000	0.435	89.5	74	80.1	106.8	13.76	 .0695	0.013	699	1	100.0	30
04/22/20	3:30 p	85.7	86.7	85.6	100	85.7	1.0	SSE	0.50	5.0	S	85.7	111.5	111.5	119.9	29.780	0.00	0.00	273	11.74	338	1.9	0.41	2.2	0.000	0.431	88.9	77	80.7	106.5	14.62	 .0694	0.000	702	1	100.0	30
04/22/20	4:00 p	84.5	86.0	84.4	100	84.5	1.0	SE	0.50	4.0	NNE	84.5	105.3	105.3	109.9	29.787	0.00	0.00	129	5.55	257	0.6	0.13	1.4	0.000	0.406	88.0	79	80.7	103.8	15.27	 .0696	0.005	700	1	100.0	30
04/22/20	4:30 p	82.8	84.5	82.7	100	82.8	0.0	SE	0.00	2.0	SE	82.8	98.5	98.5	100.3	29.785	0.00	0.00	50	2.15	79	0.0	0.00	0.0	0.000	0.371	86.8	82	80.6	102.7	16.48	 .0697	0.000	702	1	100.0	30
04/22/20	5:00 p	81.8	82.8	81.8	100	81.8	0.0	SE	0.00	1.0	SE	81.8	95.1	95.1	95.2	29.787	0.00	0.00	40	1.72	42	0.0	0.00	0.0	0.000	0.350	85.8	83	80.0	99.7	16.82	 .0699	0.001	700	1	100.0	30
04/22/20	5:30 p	80.9	81.9	80.9	100	80.9	0.0	SE	0.00	1.0	SE	80.9	92.2	92.2	91.8	29.799	0.00	0.00	22	0.95	35	0.0	0.00	0.0	0.000	0.331	84.9	84	79.5	97.8	17.25	 .0701	0.000	697	1	100.0	30
04/22/20	6:00 p	80.2	80.9	80.1	100	80.2	0.0	SE	0.00	1.0	SE	80.2	90.2	90.2	89.3	29.803	0.00	0.00	1	0.04	7	0.0	0.00	0.0	0.000	0.317	84.0	86	79.4	96.5	18.11	 .0702	0.000	703	1	100.0	30
04/22/20	6:30 p	79.4	80.2	79.4	100	79.4	0.0	SE	0.00	1.0	SE	79.4	87.9	87.9	86.9	29.812	0.00	0.00	0	0.00	0	0.0	0.00	0.0	0.000	0.300	83.3	87	79.0	94.7	18.55	 .0704	0.000	699	1	100.0	30
04/22/20	7:00 p	78.9	79.4	78.9	100	78.9	0.0	---	0.00	0.0	---	78.9	86.6	86.6	85.6	29.827	0.00	0.00	0	0.00	0	0.0	0.00	0.0	0.000	0.290	82.7	87	78.4	93.0	18.59	 .0705	0.000	699	1	100.0	30
04/22/20	7:30 p	78.7	79.0	78.7	100	78.7	0.0	---	0.00	0.0	---	78.7	86.1	86.1	85.1	29.824	0.00	0.00	0	0.00	0	0.0	0.00	0.0	0.000	0.285	82.3	88	78.4	92.2	19.12	 .0706	0.000	700	1	100.0	30
04/22/20	8:00 p	78.6	78.8	78.6	100	78.6	0.0	N	0.00	3.0	NW	78.6	85.8	85.8	84.8	29.828	0.00	0.00	0	0.00	0	0.0	0.00	0.0	0.000	0.283	82.2	88	78.3	92.0	19.13	 .0706	0.000	700	1	100.0	30
04/22/20	8:30 p	78.1	78.6	78.1	100	78.1	0.0	N	0.00	1.0	N	78.1	84.6	84.6	83.6	29.836	0.00	0.00	0	0.00	0	0.0	0.00	0.0	0.000	0.273	81.6	89	78.0	90.6	19.79	 .0707	0.000	702	1	100.0	30
04/22/20	9:00 p	77.6	78.2	77.6	100	77.6	0.0	N	0.00	1.0	N	77.6	83.5	83.5	82.4	29.845	0.00	0.00	0	0.00	0	0.0	0.00	0.0	0.000	0.262	81.1	89	77.5	89.2	19.84	 .0709	0.000	701	1	100.0	30
04/22/20	9:30 p	77.1	77.6	77.1	100	77.1	0.0	---	0.00	0.0	---	77.1	82.4	82.4	81.3	29.842	0.00	0.00	0	0.00	0	0.0	0.00	0.0	0.000	0.252	80.7	89	77.2	88.2	19.88	 .0709	0.000	698	1	100.0	30
04/22/20	10:00 p	76.8	77.1	76.7	100	76.8	0.0	---	0.00	0.0	---	76.8	81.8	81.8	80.7	29.853	0.00	0.00	0	0.00	0	0.0	0.00	0.0	0.000	0.246	80.3	90	77.1	87.5	20.43	 .0710	0.000	702	1	100.0	30
04/22/20	10:30 p	76.4	76.8	76.3	100	76.4	0.0	---	0.00	0.0	---	76.4	81.1	81.1	80.0	29.850	0.00	0.00	0	0.00	0	0.0	0.00	0.0	0.000	0.238	79.9	90	76.7	86.6	20.45	 .0711	0.000	698	1	100.0	30
04/22/20	11:00 p	76.1	76.4	76.1	100	76.1	0.0	---	0.00	0.0	---	76.1	80.5	80.5	79.4	29.851	0.00	0.00	0	0.00	0	0.0	0.00	0.0	0.000	0.231	79.6	90	76.4	86.0	20.45	 .0712	0.000	699	1	100.0	30
04/22/20	11:30 p	76.0	76.1	76.0	100	76.0	0.0	---	0.00	0.0	---	76.0	80.3	80.3	79.2	29.842	0.00	0.00	0	0.00	0	0.0	0.00	0.0	0.000	0.229	79.4	90	76.2	85.5	20.45	 .0712	0.000	700	1	100.0	30
04/23/20	12:00 a	75.9	76.0	75.8	100	75.9	0.0	---	0.00	0.0	---	75.9	80.2	80.2	79.0	29.839	0.00	0.00	0	0.00	0	0.0	0.00	0.0	0.000	0.227	79.1	91	76.2	85.1	21.03	 .0712	0.000	697	1	100.0	30
04/23/20	12:30 a	75.9	76.0	75.8	100	75.9	0.0	---	0.00	0.0	---	75.9	80.2	80.2	79.0	29.833	0.00	0.00	0	0.00	0	0.0	0.00	0.0	0.000	0.227	79.0	91	76.1	84.9	21.03	 .0712	0.000	654	1	95.6	30
04/23/20	1:00 a	75.7	75.9	75.7	100	75.7	0.0	---	0.00	0.0	---	75.7	79.8	79.8	78.6	29.827	0.00	0.00	0	0.00	0	0.0	0.00	0.0	0.000	0.223	78.7	92	76.2	84.5	21.12	 .0712	0.000	700	1	100.0	30
04/23/20	1:30 a	75.7	75.8	75.6	100	75.7	0.0	---	0.00	0.0	---	75.7	79.8	79.8	78.6	29.815	0.00	0.00	0	0.00	0	0.0	0.00	0.0	0.000	0.223	78.5	92	76.0	84.1	21.12	 .0713	0.000	703	1	100.0	30
04/23/20	2:00 a	75.6	75.8	75.5	100	75.6	0.0	---	0.00	0.0	---	75.6	79.7	79.7	78.5	29.804	0.00	0.00	0	0.00	0	0.0	0.00	0.0	0.000	0.221	78.3	92	75.8	83.7	21.12	 .0713	0.000	697	1	100.0	30
04/23/20	2:30 a	75.5	75.7	75.4	100	75.5	0.0	---	0.00	0.0	---	75.5	79.6	79.6	78.4	29.800	0.00	0.00	0	0.00	0	0.0	0.00	0.0	0.000	0.219	78.2	92	75.7	83.5	21.11	 .0713	0.000	701	1	100.0	30
04/23/20	3:00 a	75.4	75.5	75.3	100	75.4	0.0	---	0.00	0.0	---	75.4	79.4	79.4	78.2	29.801	0.00	0.00	0	0.00	0	0.0	0.00	0.0	0.000	0.217	78.0	93	75.8	83.2	21.21	 .0713	0.000	701	1	100.0	30
04/23/20	3:30 a	75.7	75.7	75.3	100	75.7	0.0	---	0.00	0.0	---	75.7	79.8	79.8	78.6	29.800	0.00	0.00	0	0.00	0	0.0	0.00	0.0	0.000	0.223	78.1	93	75.9	83.4	21.21	 .0713	0.000	703	1	100.0	30
04/23/20	4:00 a	75.4	75.7	75.3	100	75.4	0.0	---	0.00	0.0	---	75.4	79.4	79.4	78.2	29.806	0.00	0.00	0	0.00	0	0.0	0.00	0.0	0.000	0.217	77.9	93	75.7	83.0	21.21	 .0713	0.000	697	1	100.0	30
04/23/20	4:30 a	75.5	75.6	75.3	100	75.5	0.0	---	0.00	0.0	---	75.5	79.6	79.6	78.4	29.809	0.00	0.00	0	0.00	0	0.0	0.00	0.0	0.000	0.219	77.9	93	75.7	83.0	21.21	 .0713	0.000	702	1	100.0	30
04/23/20	5:00 a	75.8	75.8	75.5	100	75.8	0.0	---	0.00	0.0	---	75.8	80.0	80.0	78.8	29.805	0.00	0.00	0	0.00	0	0.0	0.00	0.0	0.000	0.225	78.0	94	76.1	83.3	21.35	 .0713	0.000	701	1	100.0	30
04/23/20	5:30 a	75.5	75.8	75.5	100	75.5	0.0	---	0.00	0.0	---	75.5	79.6	79.6	78.4	29.809	0.00	0.00	0	0.00	0	0.0	0.00	0.0	0.000	0.219	77.8	94	75.9	82.9	21.35	 .0713	0.000	700	1	100.0	30
04/23/20	6:00 a	75.5	75.6	75.4	100	75.5	0.0	---	0.00	0.0	---	75.5	79.6	79.6	78.7	29.821	0.00	0.00	13	0.56	21	0.0	0.00	0.0	0.000	0.219	77.7	94	75.8	82.7	21.35	 .0714	0.000	702	1	100.0	30
04/23/20	6:30 a	76.3	76.3	75.5	100	76.3	0.0	---	0.00	0.0	---	76.3	80.9	80.9	81.7	29.833	0.00	0.00	33	1.42	42	0.0	0.00	0.0	0.000	0.235	78.3	94	76.4	84.0	21.35	 .0713	0.000	700	1	100.0	30
04/23/20	7:00 a	77.0	77.0	76.2	100	77.0	0.0	---	0.00	0.0	---	77.0	82.2	82.2	83.3	29.845	0.00	0.00	45	1.94	51	0.0	0.00	0.0	0.000	0.250	79.5	93	77.3	86.5	21.24	 .0711	0.001	702	1	100.0	30
04/23/20	7:30 a	77.9	77.9	77.0	100	77.9	0.0	---	0.00	0.0	---	77.9	84.2	84.2	86.4	29.854	0.00	0.00	86	3.70	220	0.9	0.19	1.4	0.000	0.269	80.9	93	78.7	89.8	21.27	 .0708	0.000	696	1	100.0	30
04/23/20	8:00 a	79.3	79.3	77.9	100	79.3	0.0	---	0.00	0.0	---	79.3	87.6	87.6	93.1	29.862	0.00	0.00	206	8.86	311	1.6	0.34	2.0	0.000	0.298	82.0	93	79.8	93.2	21.29	 .0706	0.004	701	1	100.0	30
04/23/20	8:30 a	82.5	82.5	79.3	100	82.5	0.0	---	0.00	0.0	---	82.5	97.4	97.4	106.7	29.866	0.00	0.00	392	16.86	515	2.8	0.60	3.4	0.000	0.365	83.7	91	80.8	97.5	20.75	 .0703	0.000	702	1	100.0	30
04/23/20	9:00 a	84.6	84.9	82.5	100	84.6	1.0	S	0.50	3.0	E	84.6	105.8	105.8	116.3	29.876	0.00	0.00	487	20.94	689	4.1	0.88	5.0	0.000	0.408	85.0	87	80.7	99.4	18.45	 .0702	0.011	700	1	100.0	30
04/23/20	9:30 a	85.8	86.2	84.6	100	85.8	1.0	S	0.50	4.0	SSW	85.8	112.1	112.1	123.3	29.882	0.00	0.00	552	23.74	724	5.2	1.11	5.9	0.000	0.433	86.3	84	80.9	101.9	17.20	 .0700	0.000	700	1	100.0	30
04/23/20	10:00 a	86.1	86.1	84.8	100	86.1	1.0	S	0.50	4.0	SSE	86.1	113.9	113.9	125.4	29.888	0.00	0.00	575	24.73	851	6.0	1.29	8.2	0.000	0.440	86.5	83	80.7	102.2	16.79	 .0700	0.014	701	1	100.0	30
04/23/20	10:30 a	86.2	86.9	86.0	100	86.2	2.0	SSW	1.00	5.0	WSW	86.2	114.7	114.7	127.4	29.888	0.00	0.00	678	29.16	882	7.7	1.65	8.6	0.000	0.442	87.1	81	80.6	103.0	16.07	 .0700	0.000	702	1	100.0	30
04/23/20	11:00 a	88.2	88.6	86.2	100	88.2	2.0	S	1.00	6.0	SW	88.2	133.2	133.2	144.3	29.878	0.00	0.00	1037	44.60	1123	10.9	2.34	11.7	0.000	0.483	88.4	78	80.7	105.0	14.88	 .0698	0.022	700	1	100.0	30
04/23/20	11:30 a	87.8	89.3	87.7	100	87.8	2.0	S	1.00	6.0	ESE	87.8	128.4	128.4	140.9	29.870	0.00	0.00	968	41.63	1107	10.4	2.23	11.6	0.000	0.475	88.6	80	81.6	107.3	15.61	 .0696	0.000	700	1	100.0	30
04/23/20	12:00 p	86.2	88.5	86.2	100	86.2	2.0	SSW	1.00	5.0	SSW	86.2	114.7	114.7	127.8	29.859	0.00	0.00	713	30.66	1129	8.6	1.84	11.6	0.000	0.442	88.5	80	81.5	106.8	15.61	 .0696	0.022	699	1	100.0	30
04/23/20	12:30 p	86.4	86.5	85.7	100	86.4	1.0	SSW	0.50	4.0	SSW	86.4	116.1	116.1	126.2	29.844	0.00	0.00	478	20.56	733	6.8	1.46	9.2	0.000	0.446	88.2	81	81.6	106.2	16.02	 .0696	0.000	702	1	100.0	30
04/23/20	1:00 p	87.7	88.5	85.8	100	87.7	2.0	SSW	1.00	7.0	WSW	87.7	127.4	127.4	140.8	29.833	0.00	0.00	847	36.43	1088	8.7	1.86	10.3	0.000	0.473	88.3	82	82.1	107.5	16.42	 .0695	0.017	700	1	100.0	30
04/23/20	1:30 p	88.8	88.9	86.6	100	88.8	2.0	SSW	1.00	6.0	S	88.8	141.4	141.4	153.9	29.818	0.00	0.00	857	36.86	1227	8.5	1.82	10.0	0.000	0.496	89.0	79	81.6	108.5	15.21	 .0695	0.000	702	1	100.0	30
04/23/20	2:00 p	88.4	88.9	88.0	100	88.4	2.0	SE	1.00	6.0	SSE	88.4	135.9	135.9	149.0	29.804	0.00	0.00	838	36.04	919	7.3	1.56	8.3	0.000	0.488	89.2	78	81.4	108.5	14.81	 .0694	0.022	701	1	100.0	30
04/23/20	2:30 p	87.4	88.9	87.4	100	87.4	2.0	E	1.00	9.0	SSE	87.4	124.5	124.5	138.9	29.795	0.00	0.00	804	34.58	865	5.7	1.22	6.9	0.000	0.467	89.5	76	80.9	108.2	14.28	 .0694	0.000	697	1	100.0	30
04/23/20	3:00 p	86.6	88.3	86.4	100	86.6	2.0	SE	1.00	7.0	ESE	86.6	117.6	117.6	129.6	29.788	0.00	0.00	491	21.12	791	3.4	0.73	5.0	0.000	0.450	89.1	77	80.9	107.4	14.60	 .0694	0.016	697	1	100.0	30
04/23/20	3:30 p	85.2	86.6	85.2	100	85.2	2.0	SE	1.00	7.0	SSE	85.2	108.7	108.7	116.1	29.785	0.00	0.00	239	10.28	420	1.4	0.30	2.8	0.000	0.421	88.3	79	81.0	105.2	15.25	 .0695	0.000	701	1	100.0	30
04/23/20	4:00 p	83.0	85.2	82.9	100	83.0	2.0	ESE	1.00	13.0	WNW	83.0	99.2	99.2	101.1	29.790	0.00	0.00	59	2.54	77	0.0	0.00	0.0	0.000	0.375	86.9	80	80.0	101.8	15.67	 .0698	0.004	700	1	100.0	30
04/23/20	4:30 p	81.2	82.9	81.2	100	81.2	1.0	WNW	0.50	4.0	SW	81.2	93.1	93.1	94.4	29.793	0.02	0.05	39	1.68	53	0.0	0.00	0.0	0.000	0.337	85.6	85	80.6	100.1	17.61	 .0699	0.000	700	1	100.0	30
04/23/20	5:00 p	81.0	81.5	81.0	100	81.0	0.0	NNW	0.00	2.0	NNW	81.0	92.5	92.5	92.5	29.793	0.00	0.00	36	1.55	49	0.0	0.00	0.0	0.000	0.333	85.0	87	80.7	99.4	18.45	 .0700	0.001	702	1	100.0	30
04/23/20	5:30 p	80.6	81.0	80.5	100	80.6	0.0	WNW	0.00	2.0	WNW	80.6	91.3	91.3	90.6	29.806	0.00	0.00	6	0.26	18	0.0	0.00	0.0	0.000	0.325	84.2	88	80.3	97.8	18.93	 .0702	0.000	697	1	100.0	30
04/23/20	6:00 p	79.7	80.6	79.7	100	79.7	0.0	WNW	0.00	2.0	WNW	79.7	88.8	88.8	87.9	29.797	0.00	0.00	0	0.00	0	0.0	0.00	0.0	0.000	0.306	83.3	89	79.7	95.4	19.62	 .0703	0.000	703	1	100.0	30
04/23/20	6:30 p	79.5	79.7	79.4	100	79.5	0.0	N	0.00	2.0	N	79.5	88.2	88.2	87.3	29.817	0.00	0.00	0	0.00	0	0.0	0.00	0.0	0.000	0.302	82.7	90	79.5	94.0	20.23	 .0704	0.000	700	1	100.0	30
04/23/20	7:00 p	78.9	79.6	78.9	100	78.9	1.0	N	0.50	5.0	NE	78.9	86.6	86.6	85.6	29.820	0.00	0.00	0	0.00	0	0.0	0.00	0.0	0.000	0.290	82.3	90	79.1	92.9	20.27	 .0705	0.000	699	1	100.0	30
04/23/20	7:30 p	78.6	79.1	78.5	100	78.6	1.0	NNE	0.50	7.0	WNW	78.6	85.8	85.8	84.8	29.837	0.02	0.04	0	0.00	0	0.0	0.00	0.0	0.000	0.283	82.1	90	78.9	92.4	20.28	 .0706	0.000	698	1	100.0	30
04/23/20	8:00 p	78.0	78.6	78.0	100	78.0	1.0	NNE	0.50	4.0	NNW	78.0	84.4	84.4	83.4	29.831	0.00	0.00	0	0.00	0	0.0	0.00	0.0	0.000	0.271	81.6	90	78.4	90.9	20.32	 .0707	0.000	701	1	100.0	30
04/23/20	8:30 p	77.5	78.0	77.4	100	77.5	0.0	NNE	0.00	1.0	NNE	77.5	83.3	83.3	82.3	29.839	0.00	0.00	0	0.00	0	0.0	0.00	0.0	0.000	0.260	81.2	91	78.3	90.1	20.95	 .0708	0.000	699	1	100.0	30
04/23/20	9:00 p	76.7	77.5	76.7	100	76.7	0.0	NNE	0.00	1.0	NNE	76.7	81.6	81.6	80.5	29.857	0.00	0.00	0	0.00	0	0.0	0.00	0.0	0.000	0.244	80.6	90	77.4	88.2	20.40	 .0710	0.000	699	1	100.0	30
04/23/20	9:30 p	76.5	76.7	76.4	100	76.5	0.0	---	0.00	0.0	---	76.5	81.3	81.3	80.2	29.864	0.00	0.00	0	0.00	0	0.0	0.00	0.0	0.000	0.240	80.1	91	77.2	87.3	21.04	 .0711	0.000	702	1	100.0	30
04/23/20	10:00 p	76.2	76.5	76.2	100	76.2	0.0	---	0.00	0.0	---	76.2	80.7	80.7	79.6	29.856	0.00	0.00	0	0.00	0	0.0	0.00	0.0	0.000	0.233	79.8	91	76.9	86.6	21.05	 .0711	0.000	700	1	100.0	30
04/23/20	10:30 p	76.2	76.3	76.1	100	76.2	0.0	---	0.00	0.0	---	76.2	80.7	80.7	79.6	29.850	0.00	0.00	0	0.00	0	0.0	0.00	0.0	0.000	0.233	79.5	91	76.6	86.0	21.04	 .0712	0.000	702	1	100.0	30
04/23/20	11:00 p	75.9	76.2	75.8	100	75.9	0.0	NNE	0.00	1.0	NNE	75.9	80.2	80.2	79.1	29.843	0.00	0.00	0	0.00	0	0.0	0.00	0.0	0.000	0.227	79.2	92	76.7	85.6	21.13	 .0712	0.000	699	1	100.0	30
04/23/20	11:30 p	75.8	76.0	75.8	100	75.8	0.0	---	0.00	0.0	---	75.8	80.0	80.0	78.9	29.834	0.00	0.00	0	0.00	0	0.0	0.00	0.0	0.000	0.225	79.0	92	76.5	85.1	21.13	 .0712	0.000	700	1	100.0	30
04/24/20	12:00 a	75.7	75.9	75.7	100	75.7	0.0	---	0.00	0.0	---	75.7	79.8	79.8	78.7	29.825	0.00	0.00	0	0.00	0	0.0	0.00	0.0	0.000	0.223	78.8	92	76.3	84.7	21.13	 .0712	0.000	701	1	100.0	30
04/24/20	12:30 a	75.6	75.8	75.6	100	75.6	0.0	---	0.00	0.0	---	75.6	79.7	79.7	78.6	29.818	0.00	0.00	0	0.00	0	0.0	0.00	0.0	0.000	0.221	78.7	93	76.5	84.7	21.22	 .0712	0.000	697	1	100.0	30
04/24/20	1:00 a	75.6	75.7	75.5	100	75.6	0.0	---	0.00	0.0	---	75.6	79.7	79.7	78.6	29.809	0.00	0.00	0	0.00	0	0.0	0.00	0.0	0.000	0.221	78.5	93	76.3	84.3	21.22	 .0712	0.000	701	1	100.0	30
04/24/20	1:30 a	75.4	75.7	75.4	100	75.4	0.0	---	0.00	0.0	---	75.4	79.4	79.4	78.3	29.800	0.00	0.00	0	0.00	0	0.0	0.00	0.0	0.000	0.217	78.3	93	76.1	83.8	21.22	 .0712	0.000	700	1	100.0	30
04/24/20	2:00 a	75.3	75.5	75.3	100	75.3	0.0	---	0.00	0.0	---	75.3	79.3	79.3	78.2	29.799	0.00	0.00	0	0.00	0	0.0	0.00	0.0	0.000	0.215	78.0	93	75.8	83.2	21.21	 .0713	0.000	700	1	100.0	30
04/24/20	2:30 a	75.2	75.5	75.2	100	75.2	0.0	---	0.00	0.0	---	75.2	79.1	79.1	78.0	29.792	0.00	0.00	0	0.00	0	0.0	0.00	0.0	0.000	0.212	77.9	93	75.7	83.0	21.21	 .0713	0.000	702	1	100.0	30
04/24/20	3:00 a	75.1	75.2	75.0	100	75.1	0.0	---	0.00	0.0	---	75.1	78.9	78.9	77.8	29.795	0.00	0.00	0	0.00	0	0.0	0.00	0.0	0.000	0.210	77.8	93	75.6	82.8	21.21	 .0713	0.000	701	1	100.0	30
04/24/20	3:30 a	74.8	75.2	74.8	100	74.8	0.0	---	0.00	0.0	---	74.8	78.6	78.6	77.4	29.792	0.00	0.00	0	0.00	0	0.0	0.00	0.0	0.000	0.204	77.5	93	75.3	82.2	21.20	 .0714	0.000	703	1	100.0	30
04/24/20	4:00 a	74.7	74.8	74.6	100	74.7	0.0	---	0.00	0.0	---	74.7	78.4	78.4	77.2	29.799	0.00	0.00	0	0.00	0	0.0	0.00	0.0	0.000	0.202	77.3	93	75.1	81.9	21.20	 .0714	0.000	701	1	100.0	30
04/24/20	4:30 a	74.4	74.7	74.4	100	74.4	0.0	---	0.00	0.0	---	74.4	78.1	78.1	76.9	29.801	0.00	0.00	0	0.00	0	0.0	0.00	0.0	0.000	0.196	77.1	94	75.2	81.6	21.35	 .0715	0.000	700	1	100.0	30
04/24/20	5:00 a	74.3	74.5	74.2	100	74.3	0.0	---	0.00	0.0	---	74.3	78.0	78.0	76.8	29.807	0.00	0.00	0	0.00	0	0.0	0.00	0.0	0.000	0.194	77.0	94	75.1	81.4	21.35	 .0715	0.000	700	1	100.0	30
04/24/20	5:30 a	74.4	74.4	74.2	100	74.4	0.0	---	0.00	0.0	---	74.4	78.1	78.1	76.9	29.823	0.00	0.00	1	0.04	7	0.0	0.00	0.0	0.000	0.196	76.8	94	74.9	81.1	21.35	 .0716	0.000	701	1	100.0	30
04/24/20	6:00 a	74.8	74.8	74.3	100	74.8	0.0	---	0.00	0.0	---	74.8	78.6	78.6	77.8	29.827	0.00	0.00	17	0.73	28	0.0	0.00	0.0	0.000	0.204	77.0	94	75.1	81.4	21.35	 .0715	0.000	702	1	100.0	30
04/24/20	6:30 a	75.8	75.8	74.8	100	75.8	0.0	---	0.00	0.0	---	75.8	80.0	80.0	81.5	29.828	0.00	0.00	49	2.11	62	0.0	0.00	0.0	0.000	0.225	78.1	95	76.6	83.6	21.65	 .0713	0.000	701	1	100.0	30
04/24/20	7:00 a	76.8	76.8	75.8	100	76.8	0.0	---	0.00	0.0	---	76.8	81.8	81.8	84.0	29.850	0.00	0.00	73	3.14	114	0.6	0.13	0.9	0.000	0.246	79.8	94	77.9	87.4	21.35	 .0710	0.001	701	1	100.0	30
04/24/20	7:30 a	78.3	78.3	76.8	100	78.3	0.0	---	0.00	0.0	---	78.3	85.1	85.1	90.0	29.870	0.00	0.00	164	7.05	339	1.2	0.26	1.7	0.000	0.277	81.3	93	79.1	91.0	21.28	 .0708	0.000	702	1	100.0	30
04/24/20	8:00 a	79.5	79.5	78.3	100	79.5	0.0	NNE	0.00	2.0	NNE	79.5	88.2	88.2	95.0	29.874	0.00	0.00	256	11.01	482	1.9	0.41	2.2	0.000	0.302	82.4	92	79.8	94.0	21.20	 .0706	0.005	700	1	100.0	30
04/24/20	8:30 a	80.7	80.7	79.4	100	80.7	0.0	NNE	0.00	1.0	NNE	80.7	91.6	91.6	98.6	29.879	0.00	0.00	291	12.51	362	2.6	0.56	3.1	0.000	0.327	83.2	91	80.3	95.9	20.79	 .0705	0.000	699	1	100.0	30
04/24/20	9:00 a	81.5	81.6	80.7	100	81.5	0.0	NNE	0.00	2.0	NNE	81.5	94.1	94.1	101.0	29.878	0.00	0.00	301	12.94	330	3.2	0.69	3.5	0.000	0.344	84.0	91	81.1	98.5	20.73	 .0703	0.007	700	1	100.0	30
04/24/20	9:30 a	83.6	83.7	81.3	100	83.6	0.0	NNE	0.00	2.0	NNE	83.6	101.5	101.5	109.8	29.882	0.00	0.00	379	16.30	415	4.0	0.86	4.5	0.000	0.387	85.0	87	80.7	99.4	18.45	 .0702	0.000	701	1	100.0	30
04/24/20	10:00 a	83.8	84.1	83.1	100	83.8	1.0	S	0.50	2.0	S	83.8	102.3	102.3	111.4	29.884	0.00	0.00	431	18.54	482	4.9	1.05	5.4	0.000	0.392	85.9	87	81.6	102.2	18.40	 .0700	0.010	701	1	100.0	30
04/24/20	10:30 a	84.7	85.2	83.8	100	84.7	1.0	SW	0.50	4.0	SSW	84.7	106.2	106.2	116.3	29.880	0.00	0.00	484	20.81	496	5.7	1.22	5.8	0.000	0.410	86.4	86	81.7	103.6	17.97	 .0699	0.000	701	1	100.0	30
04/24/20	11:00 a	82.7	85.2	82.7	100	82.7	1.0	SSW	0.50	7.0	SSW	82.7	98.1	98.1	104.2	29.881	0.00	0.00	269	11.57	494	3.4	0.73	5.9	0.000	0.369	85.6	86	80.9	100.7	18.01	 .0701	0.010	698	1	100.0	30
04/24/20	11:30 a	81.7	82.7	81.2	100	81.7	1.0	NE	0.50	5.0	E	81.7	94.7	94.7	98.5	29.871	0.00	0.00	176	7.57	330	2.2	0.47	4.1	0.000	0.348	84.7	88	80.7	99.1	18.88	 .0702	0.000	701	1	100.0	30
04/24/20	12:00 p	83.6	83.6	81.7	100	83.6	2.0	ESE	1.00	6.0	SSE	83.6	101.5	101.5	110.0	29.864	0.00	0.00	384	16.51	635	4.7	1.01	6.8	0.000	0.387	85.4	87	81.1	100.6	18.43	 .0701	0.007	701	1	100.0	30
04/24/20	12:30 p	84.7	84.7	83.5	100	84.7	2.0	SSE	1.00	9.0	S	84.7	106.2	106.2	116.2	29.851	0.00	0.00	477	20.51	621	6.0	1.29	7.0	0.000	0.410	86.3	86	81.6	103.2	17.97	 .0699	0.000	701	1	100.0	30
04/24/20	1:00 p	87.8	87.8	84.5	100	87.8	2.0	SSE	1.00	9.0	SSE	87.8	128.4	128.4	141.5	29.830	0.00	0.00	882	37.93	1230	9.0	1.93	10.8	0.000	0.475	87.6	85	82.5	107.3	17.49	 .0696	0.017	701	1	100.0	30
04/24/20	1:30 p	85.6	87.8	85.1	100	85.6	3.0	ESE	1.50	10.0	S	85.6	111.0	111.0	124.1	29.825	0.00	0.00	763	32.81	1148	7.1	1.52	10.3	0.000	0.429	87.7	82	81.5	105.3	16.44	 .0696	0.000	702	1	100.0	30
04/24/20	2:00 p	82.9	85.6	82.8	100	82.9	2.0	ESE	1.00	10.0	S	82.9	98.9	98.9	106.0	29.815	0.00	0.00	312	13.42	645	3.5	0.75	6.0	0.000	0.373	86.6	82	80.4	102.0	16.49	 .0699	0.014	701	1	100.0	30
04/24/20	2:30 p	81.7	82.9	81.7	100	81.7	2.0	SSE	1.00	7.0	SSE	81.7	94.7	94.7	97.1	29.802	0.00	0.00	108	4.64	192	1.2	0.26	2.3	0.000	0.348	85.3	84	79.9	98.8	17.24	 .0700	0.000	701	1	100.0	30
04/24/20	3:00 p	81.4	81.8	81.2	100	81.4	1.0	SSE	0.50	4.0	S	81.4	93.8	93.8	95.6	29.796	0.00	0.00	79	3.40	120	0.7	0.15	1.3	0.000	0.342	84.6	86	79.9	97.9	18.07	 .0701	0.002	700	1	100.0	30
04/24/20	3:30 p	80.3	81.4	80.1	100	80.3	1.0	ESE	0.50	3.0	ESE	80.3	90.5	90.5	93.0	29.780	0.00	0.00	90	3.87	111	0.7	0.15	0.8	0.000	0.319	84.1	86	79.5	96.7	18.10	 .0702	0.000	700	1	100.0	30
04/24/20	4:00 p	80.5	80.8	80.3	100	80.5	0.0	E	0.00	2.0	E	80.5	91.1	91.1	94.4	29.781	0.00	0.00	99	4.26	120	0.5	0.11	0.8	0.000	0.323	84.0	87	79.7	96.9	18.51	 .0702	0.002	701	1	100.0	30
04/24/20	4:30 p	80.8	80.8	80.5	100	80.8	0.0	E	0.00	2.0	E	80.8	91.9	91.9	94.3	29.783	0.00	0.00	65	2.80	97	0.2	0.04	0.5	0.000	0.329	83.8	87	79.5	96.2	18.52	 .0702	0.000	702	1	100.0	30
04/24/20	5:00 p	79.9	80.7	79.9	100	79.9	0.0	E	0.00	2.0	E	79.9	89.3	89.3	89.0	29.787	0.00	0.00	28	1.20	35	0.0	0.00	0.0	0.000	0.310	83.3	88	79.4	95.1	19.02	 .0703	0.001	701	1	100.0	30
04/24/20	5:30 p	79.7	80.0	79.6	100	79.7	0.0	E	0.00	1.0	E	79.7	88.8	88.8	88.3	29.803	0.00	0.00	22	0.95	33	0.0	0.00	0.0	0.000	0.306	82.9	89	79.3	94.2	19.66	 .0704	0.000	700	1	100.0	30
04/24/20	6:00 p	78.9	79.6	78.8	100	78.9	0.0	E	0.00	1.0	E	78.9	86.6	86.6	85.6	29.806	0.00	0.00	1	0.04	9	0.0	0.00	0.0	0.000	0.290	82.1	89	78.5	92.0	19.74	 .0706	0.000	702	1	100.0	30
04/24/20	6:30 p	78.2	78.9	78.2	100	78.2	0.0	E	0.00	1.0	E	78.2	84.9	84.9	83.9	29.810	0.00	0.00	0	0.00	0	0.0	0.00	0.0	0.000	0.275	81.4	90	78.2	90.4	20.34	 .0707	0.000	700	1	100.0	30
04/24/20	7:00 p	77.8	78.2	77.8	100	77.8	0.0	---	0.00	0.0	---	77.8	84.0	84.0	82.9	29.820	0.00	0.00	0	0.00	0	0.0	0.00	0.0	0.000	0.267	81.0	91	78.1	89.5	20.97	 .0708	0.000	695	1	100.0	30
04/24/20	7:30 p	77.5	77.8	77.4	100	77.5	0.0	E	0.00	1.0	E	77.5	83.3	83.3	82.2	29.827	0.00	0.00	0	0.00	0	0.0	0.00	0.0	0.000	0.260	80.7	91	77.8	88.8	20.99	 .0709	0.000	701	1	100.0	30
04/24/20	8:00 p	77.1	77.5	77.1	100	77.1	0.0	---	0.00	0.0	---	77.1	82.4	82.4	81.3	29.830	0.00	0.00	0	0.00	0	0.0	0.00	0.0	0.000	0.252	80.2	91	77.3	87.5	21.03	 .0710	0.000	701	1	100.0	30
04/24/20	8:30 p	76.8	77.2	76.7	100	76.8	0.0	---	0.00	0.0	---	76.8	81.8	81.8	80.7	29.833	0.00	0.00	0	0.00	0	0.0	0.00	0.0	0.000	0.246	79.8	91	76.9	86.6	21.05	 .0711	0.000	698	1	100.0	30
04/24/20	9:00 p	76.4	76.8	76.4	100	76.4	0.0	---	0.00	0.0	---	76.4	81.1	81.1	80.0	29.836	0.00	0.00	0	0.00	0	0.0	0.00	0.0	0.000	0.238	79.4	92	76.9	86.0	21.14	 .0711	0.000	702	1	100.0	30
04/24/20	9:30 p	76.2	76.5	76.2	100	76.2	0.0	---	0.00	0.0	---	76.2	80.7	80.7	79.6	29.839	0.00	0.00	0	0.00	0	0.0	0.00	0.0	0.000	0.233	79.1	92	76.6	85.4	21.13	 .0712	0.000	702	1	100.0	30
04/24/20	10:00 p	76.0	76.2	75.9	100	76.0	0.0	---	0.00	0.0	---	76.0	80.3	80.3	79.2	29.844	0.00	0.00	0	0.00	0	0.0	0.00	0.0	0.000	0.229	78.9	92	76.4	84.9	21.13	 .0712	0.000	701	1	100.0	30
04/24/20	10:30 p	76.0	76.2	75.9	100	76.0	0.0	---	0.00	0.0	---	76.0	80.3	80.3	79.2	29.842	0.00	0.00	0	0.00	0	0.0	0.00	0.0	0.000	0.229	78.8	93	76.6	84.9	21.23	 .0712	0.000	701	1	100.0	30
04/24/20	11:00 p	75.8	76.0	75.7	100	75.8	0.0	---	0.00	0.0	---	75.8	80.0	80.0	78.8	29.830	0.00	0.00	0	0.00	0	0.0	0.00	0.0	0.000	0.225	78.5	93	76.3	84.3	21.22	 .0713	0.000	701	1	100.0	30
04/24/20	11:30 p	75.5	75.8	75.5	100	75.5	0.0	---	0.00	0.0	---	75.5	79.6	79.6	78.4	29.820	0.00	0.00	0	0.00	0	0.0	0.00	0.0	0.000	0.219	78.3	93	76.1	83.8	21.22	 .0713	0.000	702	1	100.0	30
04/25/20	12:00 a	75.3	75.6	75.2	100	75.3	0.0	---	0.00	0.0	---	75.3	79.3	79.3	78.1	29.817	0.00	0.00	0	0.00	0	0.0	0.00	0.0	0.000	0.215	78.0	93	75.8	83.2	21.21	 .0713	0.000	699	1	100.0	30
04/25/20	12:30 a	75.0	75.3	75.0	100	75.0	0.0	---	0.00	0.0	---	75.0	78.8	78.8	77.6	29.806	0.00	0.00	0	0.00	0	0.0	0.00	0.0	0.000	0.208	77.8	93	75.6	82.8	21.21	 .0714	0.000	698	1	100.0	30
04/25/20	1:00 a	74.9	75.1	74.9	100	74.9	0.0	---	0.00	0.0	---	74.9	78.7	78.7	77.5	29.797	0.00	0.00	0	0.00	0	0.0	0.00	0.0	0.000	0.206	77.6	93	75.4	82.4	21.20	 .0714	0.000	699	1	100.0	30
04/25/20	1:30 a	74.8	75.0	74.7	100	74.8	0.0	---	0.00	0.0	---	74.8	78.6	78.6	77.4	29.791	0.00	0.00	0	0.00	0	0.0	0.00	0.0	0.000	0.204	77.4	93	75.2	82.0	21.20	 .0714	0.000	703	1	100.0	30
04/25/20	2:00 a	74.9	74.9	74.7	100	74.9	0.0	---	0.00	0.0	---	74.9	78.7	78.7	77.5	29.785	0.00	0.00	0	0.00	0	0.0	0.00	0.0	0.000	0.206	77.2	94	75.3	81.8	21.35	 .0714	0.000	698	1	100.0	30
04/25/20	2:30 a	75.1	75.2	74.7	100	75.1	0.0	---	0.00	0.0	---	75.1	78.9	78.9	77.7	29.781	0.00	0.00	0	0.00	0	0.0	0.00	0.0	0.000	0.210	77.3	94	75.4	82.0	21.35	 .0714	0.000	699	1	100.0	30
04/25/20	3:00 a	75.4	75.5	75.1	100	75.4	0.0	---	0.00	0.0	---	75.4	79.4	79.4	78.2	29.783	0.00	0.00	0	0.00	0	0.0	0.00	0.0	0.000	0.217	77.5	95	76.0	82.4	21.65	 .0713	0.000	701	1	100.0	30
04/25/20	3:30 a	76.2	76.2	75.5	100	76.2	0.0	---	0.00	0.0	---	76.2	80.7	80.7	79.6	29.787	0.00	0.00	0	0.00	0	0.0	0.00	0.0	0.000	0.233	77.7	95	76.2	82.8	21.65	 .0713	0.000	701	1	100.0	30
04/25/20	4:00 a	76.6	76.7	76.1	100	76.6	0.0	---	0.00	0.0	---	76.6	81.4	81.4	80.3	29.792	0.00	0.00	0	0.00	0	0.0	0.00	0.0	0.000	0.242	78.1	95	76.6	83.6	21.65	 .0712	0.000	699	1	100.0	30
04/25/20	4:30 a	76.4	76.6	76.3	100	76.4	0.0	---	0.00	0.0	---	76.4	81.1	81.1	80.0	29.802	0.00	0.00	0	0.00	0	0.0	0.00	0.0	0.000	0.238	78.1	95	76.6	83.6	21.65	 .0712	0.000	700	1	100.0	30
04/25/20	5:00 a	76.5	76.6	76.3	100	76.5	0.0	---	0.00	0.0	---	76.5	81.3	81.3	80.2	29.816	0.00	0.00	0	0.00	0	0.0	0.00	0.0	0.000	0.240	78.2	95	76.6	83.9	21.65	 .0712	0.000	702	1	100.0	30
04/25/20	5:30 a	76.6	76.6	76.4	100	76.6	0.0	---	0.00	0.0	---	76.6	81.4	81.4	80.3	29.818	0.00	0.00	1	0.04	9	0.0	0.00	0.0	0.000	0.242	78.2	95	76.6	83.9	21.65	 .0713	0.000	700	1	100.0	30
04/25/20	6:00 a	77.2	77.2	76.6	100	77.2	0.0	---	0.00	0.0	---	77.2	82.6	82.6	82.1	29.831	0.00	0.00	24	1.03	39	0.0	0.00	0.0	0.000	0.254	78.4	96	77.2	84.6	21.75	 .0712	0.000	699	1	100.0	30
04/25/20	6:30 a	77.7	77.8	77.0	100	77.7	0.0	---	0.00	0.0	---	77.7	83.7	83.7	86.2	29.834	0.00	0.00	68	2.92	102	0.0	0.00	0.0	0.000	0.265	79.1	95	77.5	86.0	21.65	 .0711	0.000	701	1	100.0	30
04/25/20	7:00 a	78.1	78.3	77.7	100	78.1	0.0	---	0.00	0.0	---	78.1	84.6	84.6	88.5	29.851	0.00	0.00	115	4.95	137	0.4	0.09	0.9	0.000	0.273	80.3	94	78.4	88.6	21.36	 .0709	0.002	701	1	100.0	30
04/25/20	7:30 a	78.4	78.5	78.0	100	78.4	0.0	---	0.00	0.0	---	78.4	85.4	85.4	88.2	29.861	0.00	0.00	100	4.30	139	1.2	0.26	1.5	0.000	0.279	81.6	94	79.7	92.3	21.38	 .0707	0.000	698	1	100.0	30
04/25/20	8:00 a	80.3	80.3	78.3	100	80.3	0.0	---	0.00	0.0	---	80.3	90.5	90.5	101.4	29.871	0.00	0.00	441	18.97	503	2.3	0.49	2.9	0.000	0.319	82.7	92	80.1	94.9	21.20	 .0705	0.007	702	1	100.0	30
04/25/20	8:30 a	83.6	83.6	80.3	100	83.6	0.0	SE	0.00	7.0	SE	83.6	101.5	101.5	113.5	29.869	0.00	0.00	558	24.00	601	3.6	0.77	4.3	0.000	0.387	83.9	89	80.3	97.3	19.56	 .0703	0.000	700	1	100.0	30
04/25/20	9:00 a	85.6	85.8	83.7	100	85.6	1.0	SE	0.50	5.0	SSE	85.6	111.0	111.0	123.7	29.876	0.00	0.00	670	28.81	756	5.2	1.11	6.0	0.000	0.429	85.4	84	80.0	99.1	17.23	 .0702	0.016	701	1	100.0	30
04/25/20	9:30 a	87.2	87.2	85.6	100	87.2	2.0	S	1.00	5.0	SSE	87.2	122.5	122.5	135.6	29.876	0.00	0.00	807	34.71	847	6.8	1.46	7.5	0.000	0.462	86.3	84	80.9	101.9	17.20	 .0700	0.000	700	1	100.0	30
04/25/20	10:00 a	87.4	87.5	86.8	100	87.4	1.0	S	0.50	8.0	SE	87.4	124.5	124.5	137.4	29.871	0.00	0.00	893	38.40	930	8.1	1.74	9.0	0.000	0.467	87.2	83	81.4	104.6	16.76	 .0698	0.022	702	1	100.0	30
04/25/20	10:30 a	87.0	87.8	86.6	100	87.0	2.0	SE	1.00	9.0	ESE	87.0	120.5	120.5	133.6	29.864	0.00	0.00	924	39.74	1004	9.5	2.04	10.3	0.000	0.458	87.8	81	81.2	104.7	16.04	 .0698	0.000	703	1	100.0	30
04/25/20	11:00 a	86.5	87.9	86.2	100	86.5	2.0	ESE	1.00	7.0	SSE	86.5	116.8	116.8	130.3	29.860	0.00	0.00	877	37.72	1262	9.4	2.01	11.6	0.000	0.448	88.5	80	81.5	106.8	15.61	 .0696	0.022	700	1	100.0	30
04/25/20	11:30 a	87.9	88.2	86.5	100	87.9	2.0	S	1.00	8.0	NNE	87.9	129.4	129.4	139.8	29.858	0.00	0.00	1048	45.07	1195	11.2	2.40	12.0	0.000	0.477	88.8	79	81.4	107.5	15.22	 .0696	0.000	696	1	100.0	30
04/25/20	12:00 p	88.1	88.1	87.1	100	88.1	3.0	SE	1.50	7.0	ESE	88.1	131.8	131.8	142.9	29.851	0.00	0.00	1046	44.98	1088	11.4	2.44	11.6	0.000	0.481	89.2	79	81.8	109.3	15.20	 .0695	0.027	700	1	100.0	30
04/25/20	12:30 p	87.8	89.3	87.2	100	87.8	2.0	SE	1.00	10.0	SSE	87.8	128.4	128.4	140.1	29.844	0.00	0.00	1016	43.69	1172	10.7	2.29	11.6	0.000	0.475	89.4	77	81.2	108.6	14.59	 .0695	0.000	701	1	100.0	30
04/25/20	1:00 p	89.7	89.9	87.4	100	89.7	2.0	ESE	1.00	8.0	ESE	89.7	157.6	157.6	169.8	29.826	0.00	0.00	955	41.07	1329	9.0	1.93	11.5	0.000	0.515	90.4	78	82.6	113.6	14.75	 .0692	0.024	699	1	100.0	30
04/25/20	1:30 p	88.1	89.5	87.9	100	88.1	3.0	SSE	1.50	8.0	SE	88.1	131.8	131.8	145.8	29.809	0.00	0.00	1001	43.05	1165	8.3	1.78	10.0	0.000	0.481	90.7	76	82.1	113.1	14.25	 .0692	0.000	700	1	100.0	30
04/25/20	2:00 p	87.2	88.1	86.8	100	87.2	2.0	SE	1.00	8.0	SSE	87.2	122.5	122.5	131.8	29.798	0.00	0.00	414	17.80	1007	5.4	1.16	8.1	0.000	0.462	90.4	77	82.2	112.7	14.54	 .0692	0.019	700	1	100.0	30
04/25/20	2:30 p	85.2	87.2	85.2	100	85.2	2.0	SE	1.00	9.0	ESE	85.2	108.7	108.7	116.1	29.790	0.00	0.00	297	12.77	434	2.9	0.62	3.6	0.000	0.421	89.3	77	81.1	108.2	14.59	 .0694	0.000	701	1	100.0	30
04/25/20	3:00 p	83.4	85.3	83.4	100	83.4	1.0	SE	0.50	5.0	S	83.4	100.8	100.8	102.8	29.788	0.00	0.00	84	3.61	135	0.8	0.17	1.3	0.000	0.383	87.4	81	80.8	103.7	16.05	 .0697	0.005	700	1	100.0	30
04/25/20	3:30 p	81.1	83.4	81.1	100	81.1	1.0	E	0.50	5.0	SE	81.1	92.8	92.8	93.7	29.793	0.01	0.00	44	1.89	97	0.3	0.06	0.9	0.000	0.335	85.7	84	80.3	99.9	17.22	 .0699	0.000	702	1	100.0	30
04/25/20	4:00 p	80.5	81.3	80.5	100	80.5	1.0	NNE	0.50	3.0	NNE	80.5	91.1	91.1	91.5	29.795	0.15	2.32	26	1.12	42	0.0	0.00	0.0	0.000	0.323	84.1	87	79.8	97.1	18.50	 .0702	0.001	701	1	100.0	30
04/25/20	4:30 p	79.6	80.6	79.6	100	79.6	0.0	E	0.00	2.0	E	79.6	88.5	88.5	88.7	29.805	0.01	0.06	19	0.82	40	0.0	0.00	0.0	0.000	0.304	83.1	89	79.5	94.8	19.64	 .0704	0.000	696	1	100.0	30
04/25/20	5:00 p	79.4	79.7	79.2	100	79.4	0.0	E	0.00	2.0	E	79.4	87.9	87.9	87.0	29.802	0.02	0.04	0	0.00	0	0.0	0.00	0.0	0.000	0.300	82.6	90	79.4	93.7	20.24	 .0704	0.000	702	1	100.0	30
04/25/20	5:30 p	79.2	79.5	79.0	100	79.2	0.0	E	0.00	2.0	E	79.2	87.4	87.4	86.5	29.804	0.00	0.00	0	0.00	0	0.0	0.00	0.0	0.000	0.296	82.2	90	79.0	92.6	20.27	 .0705	0.000	700	1	100.0	30
04/25/20	6:00 p	78.9	79.2	78.8	100	78.9	0.0	---	0.00	0.0	---	78.9	86.6	86.6	85.7	29.810	0.00	0.00	0	0.00	0	0.0	0.00	0.0	0.000	0.290	81.9	91	79.0	92.2	20.90	 .0706	0.000	701	1	100.0	30
04/25/20	6:30 p	78.1	79.0	78.1	100	78.1	1.0	NW	0.50	4.0	WNW	78.1	84.6	84.6	83.7	29.827	0.00	0.00	0	0.00	0	0.0	0.00	0.0	0.000	0.273	81.5	91	78.6	91.0	20.93	 .0707	0.000	701	1	100.0	30
04/25/20	7:00 p	77.8	78.2	77.8	100	77.8	0.0	NW	0.00	2.0	NW	77.8	84.0	84.0	83.0	29.825	0.00	0.00	0	0.00	0	0.0	0.00	0.0	0.000	0.267	80.9	92	78.4	89.6	21.17	 .0708	0.000	701	1	100.0	30
04/25/20	7:30 p	77.6	77.9	77.6	100	77.6	0.0	NW	0.00	2.0	NW	77.6	83.5	83.5	82.5	29.820	0.00	0.00	0	0.00	0	0.0	0.00	0.0	0.000	0.262	80.5	92	78.0	88.6	21.16	 .0709	0.000	700	1	100.0	30
04/25/20	8:00 p	77.2	77.7	77.1	100	77.2	0.0	NW	0.00	1.0	NW	77.2	82.6	82.6	81.6	29.832	0.00	0.00	0	0.00	0	0.0	0.00	0.0	0.000	0.254	80.0	92	77.5	87.3	21.15	 .0710	0.000	700	1	100.0	30
04/25/20	8:30 p	76.7	77.2	76.7	100	76.7	0.0	---	0.00	0.0	---	76.7	81.6	81.6	80.6	29.830	0.00	0.00	0	0.00	0	0.0	0.00	0.0	0.000	0.244	79.5	93	77.3	86.5	21.24	 .0711	0.000	697	1	100.0	30
04/25/20	9:00 p	76.6	76.8	76.5	100	76.6	0.0	---	0.00	0.0	---	76.6	81.4	81.4	80.4	29.846	0.00	0.00	0	0.00	0	0.0	0.00	0.0	0.000	0.242	79.2	93	77.0	85.8	21.23	 .0712	0.000	701	1	100.0	30
04/25/20	9:30 p	76.4	76.6	76.3	100	76.4	0.0	NW	0.00	1.0	NW	76.4	81.1	81.1	80.1	29.852	0.00	0.00	0	0.00	0	0.0	0.00	0.0	0.000	0.238	78.9	93	76.7	85.1	21.23	 .0712	0.000	700	1	100.0	30
04/25/20	10:00 p	76.6	76.7	76.4	100	76.6	0.0	---	0.00	0.0	---	76.6	81.4	81.4	80.4	29.850	0.00	0.00	0	0.00	0	0.0	0.00	0.0	0.000	0.242	79.0	94	77.1	85.6	21.35	 .0712	0.000	701	1	100.0	30
04/25/20	10:30 p	76.2	76.7	76.2	100	76.2	0.0	---	0.00	0.0	---	76.2	80.7	80.7	79.7	29.847	0.00	0.00	0	0.00	0	0.0	0.00	0.0	0.000	0.233	78.6	94	76.7	84.7	21.35	 .0713	0.000	700	1	100.0	30
04/25/20	11:00 p	76.1	76.3	76.0	100	76.1	0.0	---	0.00	0.0	---	76.1	80.5	80.5	79.5	29.835	0.00	0.00	0	0.00	0	0.0	0.00	0.0	0.000	0.231	78.4	94	76.5	84.2	21.35	 .0713	0.000	701	1	100.0	30
04/25/20	11:30 p	75.8	76.1	75.7	100	75.8	0.0	---	0.00	0.0	---	75.8	80.0	80.0	78.9	29.822	0.00	0.00	0	0.00	0	0.0	0.00	0.0	0.000	0.225	78.0	94	76.1	83.3	21.35	 .0713	0.000	702	1	100.0	30
04/26/20	12:00 a	75.6	75.8	75.5	100	75.6	0.0	---	0.00	0.0	---	75.6	79.7	79.7	78.6	29.812	0.00	0.00	0	0.00	0	0.0	0.00	0.0	0.000	0.221	77.8	95	76.3	83.0	21.65	 .0713	0.000	700	1	100.0	30
04/26/20	12:30 a	75.2	75.6	75.2	100	75.2	0.0	---	0.00	0.0	---	75.2	79.1	79.1	78.0	29.805	0.00	0.00	0	0.00	0	0.0	0.00	0.0	0.000	0.212	77.5	95	76.0	82.4	21.65	 .0714	0.000	699	1	100.0	30
04/26/20	1:00 a	75.1	75.3	75.1	100	75.1	0.0	---	0.00	0.0	---	75.1	78.9	78.9	77.8	29.802	0.00	0.00	0	0.00	0	0.0	0.00	0.0	0.000	0.210	77.2	95	75.7	81.9	21.65	 .0714	0.000	700	1	100.0	30
04/26/20	1:30 a	75.0	75.2	75.0	100	75.0	0.0	---	0.00	0.0	---	75.0	78.8	78.8	77.7	29.794	0.00	0.00	0	0.00	0	0.0	0.00	0.0	0.000	0.208	77.0	95	75.5	81.5	21.65	 .0714	0.000	701	1	100.0	30
04/26/20	2:00 a	74.9	75.1	74.9	100	74.9	0.0	---	0.00	0.0	---	74.9	78.7	78.7	77.6	29.787	0.00	0.00	0	0.00	0	0.0	0.00	0.0	0.000	0.206	76.8	95	75.3	81.2	21.65	 .0715	0.000	700	1	100.0	30
04/26/20	2:30 a	74.7	75.0	74.7	100	74.7	0.0	---	0.00	0.0	---	74.7	78.4	78.4	77.3	29.785	0.00	0.00	0	0.00	0	0.0	0.00	0.0	0.000	0.202	76.7	95	75.2	81.0	21.65	 .0715	0.000	702	1	100.0	30
04/26/20	3:00 a	74.5	74.8	74.5	100	74.5	0.0	---	0.00	0.0	---	74.5	78.2	78.2	77.1	29.781	0.00	0.00	0	0.00	0	0.0	0.00	0.0	0.000	0.198	76.5	95	75.0	80.8	21.65	 .0715	0.000	701	1	100.0	30
04/26/20	3:30 a	74.5	74.6	74.2	100	74.5	0.0	---	0.00	0.0	---	74.5	78.2	78.2	77.1	29.785	0.00	0.00	0	0.00	0	0.0	0.00	0.0	0.000	0.198	76.3	95	74.8	80.5	21.65	 .0716	0.000	702	1	100.0	30
04/26/20	4:00 a	74.1	74.4	74.0	100	74.1	0.0	---	0.00	0.0	---	74.1	77.7	77.7	76.6	29.794	0.00	0.00	0	0.00	0	0.0	0.00	0.0	0.000	0.190	76.1	96	74.9	80.2	21.75	 .0716	0.000	698	1	100.0	30
04/26/20	4:30 a	74.0	74.2	73.9	100	74.0	0.0	---	0.00	0.0	---	74.0	77.6	77.6	76.5	29.799	0.00	0.00	0	0.00	0	0.0	0.00	0.0	0.000	0.188	75.8	95	74.3	79.7	21.65	 .0717	0.000	700	1	100.0	30
04/26/20	5:00 a	73.9	74.0	73.7	100	73.9	0.0	---	0.00	0.0	---	73.9	77.5	77.5	76.3	29.808	0.00	0.00	0	0.00	0	0.0	0.00	0.0	0.000	0.185	75.6	96	74.4	79.5	21.75	 .0717	0.000	703	1	100.0	30
04/26/20	5:30 a	73.7	73.9	73.7	100	73.7	0.0	---	0.00	0.0	---	73.7	77.3	77.3	76.1	29.821	0.00	0.00	1	0.04	9	0.0	0.00	0.0	0.000	0.181	75.5	96	74.3	79.4	21.75	 .0718	0.000	700	1	100.0	30
04/26/20	6:00 a	74.2	74.2	73.7	100	74.2	0.0	---	0.00	0.0	---	74.2	77.8	77.8	77.2	29.826	0.00	0.00	21	0.90	33	0.0	0.00	0.0	0.000	0.192	75.7	96	74.5	79.7	21.75	 .0718	0.000	700	1	100.0	30
04/26/20	6:30 a	75.0	75.0	74.1	100	75.0	0.0	---	0.00	0.0	---	75.0	78.8	78.8	79.9	29.838	0.00	0.00	39	1.68	44	0.0	0.00	0.0	0.000	0.208	76.6	96	75.4	81.0	21.75	 .0716	0.000	698	1	100.0	30
04/26/20	7:00 a	76.2	76.2	75.0	100	76.2	0.0	---	0.00	0.0	---	76.2	80.7	80.7	81.8	29.842	0.00	0.00	47	2.02	51	0.0	0.00	0.0	0.000	0.233	78.3	97	77.4	84.5	21.75	 .0712	0.001	698	1	100.0	30
04/26/20	7:30 a	77.7	77.7	76.1	100	77.7	0.0	---	0.00	0.0	---	77.7	83.7	83.7	85.4	29.851	0.00	0.00	71	3.05	185	0.8	0.17	1.6	0.000	0.265	80.1	97	79.2	89.0	21.75	 .0709	0.000	700	1	100.0	30
04/26/20	8:00 a	79.6	79.7	77.7	100	79.6	0.0	---	0.00	0.0	---	79.6	88.5	88.5	99.5	29.862	0.00	0.00	453	19.48	531	2.3	0.49	2.9	0.000	0.304	81.8	96	80.5	93.6	21.75	 .0706	0.006	700	1	100.0	30
04/26/20	8:30 a	81.9	82.0	78.3	100	81.9	0.0	---	0.00	0.0	---	81.9	95.4	95.4	107.8	29.862	0.00	0.00	616	26.49	684	3.7	0.79	4.5	0.000	0.352	83.6	95	82.0	99.2	21.65	 .0702	0.000	699	1	100.0	30
04/26/20	9:00 a	83.8	84.0	81.7	100	83.8	0.0	---	0.00	0.0	---	83.8	102.3	102.3	115.1	29.859	0.00	0.00	713	30.66	838	5.1	1.09	5.9	0.000	0.392	84.9	91	82.0	101.2	20.66	 .0700	0.016	698	1	100.0	30
04/26/20	9:30 a	85.8	85.9	83.7	100	85.8	1.0	SSW	0.50	5.0	SSE	85.8	112.1	112.1	124.8	29.852	0.00	0.00	835	35.91	870	6.9	1.48	7.6	0.000	0.433	85.8	89	82.2	103.2	19.37	 .0699	0.000	701	1	100.0	30
04/26/20	10:00 a	87.0	87.0	85.7	100	87.0	2.0	SSW	1.00	5.0	SSW	87.0	120.5	120.5	133.1	29.845	0.01	0.00	909	39.09	951	8.5	1.82	9.3	0.000	0.458	86.6	87	82.3	105.3	18.35	 .0698	0.022	700	1	100.0	30
04/26/20	10:30 a	87.4	87.6	86.4	100	87.4	2.0	SSW	1.00	6.0	S	87.4	124.5	124.5	137.3	29.846	0.00	0.00	939	40.38	1083	9.5	2.04	10.7	0.000	0.467	87.3	85	82.2	106.3	17.51	 .0697	0.000	701	1	100.0	30
04/26/20	11:00 a	87.3	87.8	86.8	100	87.3	2.0	SSW	1.00	6.0	SSW	87.3	123.5	123.5	134.6	29.843	0.00	0.00	1042	44.81	1058	11.1	2.38	11.5	0.000	0.465	87.8	84	82.4	107.1	17.14	 .0696	0.024	699	1	100.0	30
04/26/20	11:30 a	88.6	88.6	86.7	100	88.6	2.0	S	1.00	7.0	S	88.6	138.7	138.7	149.1	29.840	0.00	0.00	1054	45.33	1083	11.7	2.51	11.9	0.000	0.492	88.3	82	82.1	107.5	16.42	 .0696	0.000	702	1	100.0	30
04/26/20	12:00 p	88.0	88.8	87.2	100	88.0	2.0	S	1.00	6.0	SSW	88.0	130.4	130.4	141.4	29.837	0.00	0.00	1044	44.90	1048	11.7	2.51	11.8	0.000	0.479	88.8	82	82.6	110.0	16.40	 .0694	0.027	700	1	100.0	30
04/26/20	12:30 p	87.4	88.1	87.0	100	87.4	2.0	S	1.00	6.0	S	87.4	124.5	124.5	136.3	29.817	0.00	0.00	1030	44.30	1048	11.3	2.42	11.6	0.000	0.467	89.0	81	82.4	110.1	15.99	 .0694	0.000	703	1	100.0	30
04/26/20	1:00 p	88.1	88.3	87.4	100	88.1	2.0	SSW	1.00	6.0	S	88.1	131.8	131.8	144.5	29.806	0.00	0.00	1007	43.31	1020	10.5	2.25	10.9	0.000	0.481	88.8	80	81.8	108.2	15.60	 .0694	0.026	697	1	100.0	30
04/26/20	1:30 p	87.2	88.4	87.0	100	87.2	2.0	SSW	1.00	8.0	SE	87.2	122.5	122.5	135.7	29.793	0.00	0.00	951	40.90	1042	9.1	1.95	9.9	0.000	0.462	89.0	80	82.0	109.2	15.59	 .0694	0.000	703	1	100.0	30
04/26/20	2:00 p	87.2	88.3	87.0	100	87.2	2.0	SSW	1.00	5.0	SSW	87.2	122.5	122.5	135.9	29.786	0.00	0.00	865	37.20	930	7.5	1.61	8.4	0.000	0.462	88.6	79	81.2	106.6	15.23	 .0695	0.023	698	1	100.0	30
04/26/20	2:30 p	87.5	88.4	87.1	100	87.5	2.0	SSW	1.00	7.0	S	87.5	125.4	125.4	139.9	29.782	0.00	0.00	812	34.92	888	5.7	1.22	6.8	0.000	0.469	88.2	80	81.2	105.4	15.62	 .0695	0.000	700	1	100.0	30
04/26/20	3:00 p	87.0	88.3	86.8	100	87.0	2.0	SSW	1.00	6.0	SSW	87.0	120.5	120.5	135.6	29.777	0.00	0.00	717	30.84	847	4.3	0.92	5.2	0.000	0.458	87.8	80	80.9	103.9	15.64	 .0696	0.019	700	1	100.0	30
04/26/20	3:30 p	86.5	87.3	86.2	100	86.5	2.0	S	1.00	5.0	SSE	86.5	116.8	116.8	128.6	29.770	0.00	0.00	434	18.66	731	2.5	0.54	3.1	0.000	0.448	87.5	81	80.9	104.0	16.05	 .0696	0.000	696	1	100.0	30
04/26/20	4:00 p	85.0	86.8	85.0	100	85.0	1.0	SSW	0.50	6.0	S	85.0	107.6	107.6	114.5	29.767	0.00	0.00	193	8.30	552	1.4	0.30	1.9	0.000	0.417	86.8	82	80.6	102.7	16.48	 .0697	0.008	700	1	100.0	30
04/26/20	4:30 p	84.4	85.2	84.4	100	84.4	1.0	SSW	0.50	6.0	S	84.4	104.9	104.9	109.3	29.766	0.00	0.00	109	4.69	144	0.7	0.15	1.0	0.000	0.404	86.5	82	80.3	101.6	16.49	 .0698	0.000	700	1	100.0	30
04/26/20	5:00 p	84.3	85.0	84.1	100	84.3	1.0	SSW	0.50	3.0	S	84.3	104.5	104.5	106.1	29.770	0.00	0.00	102	4.39	121	0.0	0.00	0.5	0.000	0.402	86.3	83	80.5	101.4	16.80	 .0698	0.003	702	1	100.0	30
04/26/20	5:30 p	83.0	84.6	83.0	100	83.0	0.0	SW	0.00	3.0	SSW	83.0	99.2	99.2	99.0	29.775	0.00	0.00	28	1.20	70	0.0	0.00	0.0	0.000	0.375	85.6	84	80.2	99.6	17.23	 .0699	0.000	699	1	100.0	30
04/26/20	6:00 p	82.2	83.0	82.2	100	82.2	0.0	---	0.00	0.0	---	82.2	96.4	96.4	95.6	29.772	0.00	0.00	3	0.13	16	0.0	0.00	0.0	0.000	0.358	84.6	87	80.3	98.4	18.47	 .0700	0.000	702	1	100.0	30
04/26/20	6:30 p	81.0	82.2	81.0	100	81.0	0.0	---	0.00	0.0	---	81.0	92.5	92.5	91.6	29.782	0.00	0.00	0	0.00	0	0.0	0.00	0.0	0.000	0.333	83.6	88	79.7	96.0	18.99	 .0702	0.000	699	1	100.0	30
04/26/20	7:00 p	80.1	81.0	80.0	100	80.1	0.0	---	0.00	0.0	---	80.1	89.9	89.9	88.9	29.782	0.00	0.00	0	0.00	0	0.0	0.00	0.0	0.000	0.315	82.8	90	79.6	94.3	20.23	 .0703	0.000	702	1	100.0	30
04/26/20	7:30 p	79.7	80.0	79.6	100	79.7	0.0	---	0.00	0.0	---	79.7	88.8	88.8	87.7	29.794	0.00	0.00	0	0.00	0	0.0	0.00	0.0	0.000	0.306	82.2	90	79.0	92.6	20.27	 .0705	0.000	697	1	100.0	30
04/26/20	8:00 p	79.2	79.8	79.2	100	79.2	0.0	---	0.00	0.0	---	79.2	87.4	87.4	86.3	29.799	0.00	0.00	0	0.00	0	0.0	0.00	0.0	0.000	0.296	81.7	91	78.8	91.6	20.91	 .0706	0.000	701	1	100.0	30
04/26/20	8:30 p	79.0	79.3	78.9	100	79.0	0.0	---	0.00	0.0	---	79.0	86.8	86.8	85.7	29.808	0.00	0.00	0	0.00	0	0.0	0.00	0.0	0.000	0.292	81.4	92	78.9	91.0	21.18	 .0706	0.000	703	1	100.0	30
04/26/20	9:00 p	78.6	79.1	78.6	100	78.6	0.0	---	0.00	0.0	---	78.6	85.8	85.8	84.7	29.814	0.00	0.00	0	0.00	0	0.0	0.00	0.0	0.000	0.283	81.0	92	78.5	89.8	21.17	 .0707	0.000	701	1	100.0	30
04/26/20	9:30 p	78.4	78.7	78.3	100	78.4	0.0	---	0.00	0.0	---	78.4	85.4	85.4	84.3	29.828	0.00	0.00	0	0.00	0	0.0	0.00	0.0	0.000	0.279	80.7	93	78.5	89.3	21.26	 .0708	0.000	703	1	100.0	30
04/26/20	10:00 p	78.2	78.5	78.1	100	78.2	0.0	---	0.00	0.0	---	78.2	84.9	84.9	83.8	29.843	0.00	0.00	0	0.00	0	0.0	0.00	0.0	0.000	0.275	80.4	93	78.2	88.6	21.26	 .0709	0.000	698	1	100.0	30
04/26/20	10:30 p	78.2	78.3	78.1	100	78.2	0.0	---	0.00	0.0	---	78.2	84.9	84.9	83.8	29.843	0.00	0.00	0	0.00	0	0.0	0.00	0.0	0.000	0.275	80.3	94	78.4	88.6	21.36	 .0709	0.000	703	1	100.0	30
04/26/20	11:00 p	78.4	78.5	78.1	100	78.4	0.0	---	0.00	0.0	---	78.4	85.4	85.4	84.3	29.843	0.00	0.00	0	0.00	0	0.0	0.00	0.0	0.000	0.279	80.4	94	78.5	88.9	21.36	 .0709	0.000	698	1	100.0	30
04/26/20	11:30 p	78.5	78.5	78.3	100	78.5	0.0	---	0.00	0.0	---	78.5	85.6	85.6	84.5	29.832	0.00	0.00	0	0.00	0	0.0	0.00	0.0	0.000	0.281	80.4	94	78.5	88.9	21.36	 .0709	0.000	701	1	100.0	30
04/27/20	12:00 a	78.4	78.6	78.4	100	78.4	0.0	---	0.00	0.0	---	78.4	85.4	85.4	84.3	29.834	0.00	0.00	0	0.00	0	0.0	0.00	0.0	0.000	0.279	80.3	95	78.7	88.9	21.65	 .0709	0.000	701	1	100.0	30
04/27/20	12:30 a	78.3	78.6	78.2	100	78.3	0.0	---	0.00	0.0	---	78.3	85.1	85.1	84.0	29.824	0.00	0.00	0	0.00	0	0.0	0.00	0.0	0.000	0.277	80.1	95	78.5	88.4	21.65	 .0709	0.000	696	1	100.0	30
04/27/20	1:00 a	78.0	78.3	77.9	100	78.0	0.0	---	0.00	0.0	---	78.0	84.4	84.4	83.3	29.810	0.00	0.00	0	0.00	0	0.0	0.00	0.0	0.000	0.271	79.9	95	78.3	87.9	21.65	 .0709	0.000	701	1	100.0	30
04/27/20	1:30 a	77.6	78.0	77.6	100	77.6	0.0	---	0.00	0.0	---	77.6	83.5	83.5	82.3	29.796	0.00	0.00	0	0.00	0	0.0	0.00	0.0	0.000	0.262	79.5	95	77.9	86.9	21.65	 .0709	0.000	700	1	100.0	30
04/27/20	2:00 a	77.3	77.6	77.3	100	77.3	0.0	---	0.00	0.0	---	77.3	82.9	82.9	81.7	29.786	0.00	0.00	0	0.00	0	0.0	0.00	0.0	0.000	0.256	79.3	95	77.7	86.5	21.65	 .0709	0.000	701	1	100.0	30
04/27/20	2:30 a	77.1	77.3	76.9	100	77.1	0.0	---	0.00	0.0	---	77.1	82.4	82.4	81.2	29.786	0.00	0.00	0	0.00	0	0.0	0.00	0.0	0.000	0.252	78.9	95	77.3	85.6	21.65	 .0710	0.000	701	1	100.0	30
04/27/20	3:00 a	76.8	77.1	76.8	100	76.8	0.0	---	0.00	0.0	---	76.8	81.8	81.8	80.6	29.776	0.00	0.00	0	0.00	0	0.0	0.00	0.0	0.000	0.246	78.7	95	77.1	85.1	21.65	 .0710	0.000	701	1	100.0	30
04/27/20	3:30 a	76.9	76.9	76.7	100	76.9	0.0	---	0.00	0.0	---	76.9	82.0	82.0	80.8	29.786	0.00	0.00	0	0.00	0	0.0	0.00	0.0	0.000	0.248	78.5	96	77.3	84.8	21.75	 .0711	0.000	701	1	100.0	30
04/27/20	4:00 a	76.5	76.9	76.4	100	76.5	0.0	---	0.00	0.0	---	76.5	81.3	81.3	80.1	29.802	0.00	0.00	0	0.00	0	0.0	0.00	0.0	0.000	0.240	78.5	95	76.9	84.6	21.65	 .0712	0.000	703	1	100.0	30
04/27/20	4:30 a	76.3	76.5	76.3	100	76.3	0.0	---	0.00	0.0	---	76.3	80.9	80.9	79.7	29.805	0.00	0.00	0	0.00	0	0.0	0.00	0.0	0.000	0.235	78.2	95	76.6	83.9	21.65	 .0712	0.000	699	1	100.0	30
04/27/20	5:00 a	76.2	76.4	76.1	100	76.2	0.0	---	0.00	0.0	---	76.2	80.7	80.7	79.5	29.820	0.00	0.00	0	0.00	0	0.0	0.00	0.0	0.000	0.233	78.0	96	76.8	83.6	21.75	 .0713	0.000	700	1	100.0	30
04/27/20	5:30 a	76.2	76.3	76.1	100	76.2	0.0	---	0.00	0.0	---	76.2	80.7	80.7	79.5	29.820	0.00	0.00	2	0.09	11	0.0	0.00	0.0	0.000	0.233	77.9	96	76.7	83.4	21.75	 .0713	0.000	702	1	100.0	30
04/27/20	6:00 a	76.8	76.8	76.1	100	76.8	0.0	---	0.00	0.0	---	76.8	81.8	81.8	81.3	29.832	0.00	0.00	32	1.38	53	0.0	0.00	0.0	0.000	0.246	78.2	96	77.0	84.1	21.75	 .0713	0.000	701	1	100.0	30
04/27/20	6:30 a	77.6	77.6	76.7	100	77.6	0.0	---	0.00	0.0	---	77.6	83.5	83.5	86.1	29.849	0.00	0.00	71	3.05	91	0.0	0.00	0.0	0.000	0.262	78.8	96	77.6	85.5	21.75	 .0712	0.000	698	1	100.0	30
04/27/20	7:00 a	78.6	78.6	77.6	100	78.6	0.0	---	0.00	0.0	---	78.6	85.8	85.8	89.6	29.861	0.00	0.00	112	4.82	130	0.3	0.06	0.6	0.000	0.283	79.9	96	78.7	88.2	21.75	 .0710	0.002	701	1	100.0	30
04/27/20	7:30 a	79.8	79.9	78.6	100	79.8	0.0	---	0.00	0.0	---	79.8	89.0	89.0	93.4	29.874	0.00	0.00	148	6.36	167	0.8	0.17	0.9	0.000	0.308	80.9	96	79.7	90.8	21.75	 .0708	0.000	700	1	100.0	30
04/27/20	8:00 a	80.6	80.6	79.7	100	80.6	1.0	NE	0.50	5.0	NE	80.6	91.3	91.3	96.0	29.872	0.00	0.00	177	7.61	197	1.2	0.26	1.5	0.000	0.325	81.5	95	79.9	92.3	21.65	 .0707	0.004	700	1	100.0	30
04/27/20	8:30 a	81.8	82.1	80.7	100	81.8	1.0	N	0.50	4.0	WSW	81.8	95.1	95.1	100.2	29.876	0.00	0.00	204	8.77	209	1.7	0.36	1.8	0.000	0.350	82.1	95	80.5	94.2	21.65	 .0706	0.000	700	1	100.0	30
04/27/20	9:00 a	81.8	82.5	81.7	100	81.8	0.0	N	0.00	3.0	N	81.8	95.1	95.1	99.9	29.874	0.00	0.00	212	9.12	214	2.0	0.43	2.1	0.000	0.350	82.6	92	80.0	94.6	21.20	 .0705	0.005	698	1	100.0	30
04/27/20	9:30 a	83.0	83.2	81.9	100	83.0	0.0	N	0.00	2.0	N	83.0	99.2	99.2	104.3	29.876	0.00	0.00	225	9.68	241	2.3	0.49	2.5	0.000	0.375	83.2	93	81.0	96.9	21.31	 .0704	0.000	701	1	100.0	30
04/27/20	10:00 a	83.4	84.0	83.0	100	83.4	0.0	N	0.00	3.0	NE	83.4	100.8	100.8	106.6	29.869	0.00	0.00	258	11.10	287	2.8	0.60	3.0	0.000	0.383	83.8	93	81.6	98.9	21.33	 .0703	0.006	699	1	100.0	30
04/27/20	10:30 a	83.2	84.1	83.0	100	83.2	0.0	ENE	0.00	2.0	ENE	83.2	100.0	100.0	104.8	29.863	0.00	0.00	219	9.42	285	2.5	0.54	3.0	0.000	0.379	84.3	92	81.7	100.0	21.24	 .0702	0.000	702	1	100.0	30
04/27/20	11:00 a	83.4	83.7	82.8	100	83.4	0.0	ENE	0.00	2.0	ENE	83.4	100.8	100.8	106.2	29.861	0.00	0.00	236	10.15	244	2.8	0.60	2.9	0.000	0.383	84.3	90	81.0	98.9	20.11	 .0702	0.006	700	1	100.0	30
04/27/20	11:30 a	82.5	83.5	82.4	100	82.5	0.0	ENE	0.00	1.0	ENE	82.5	97.4	97.4	102.5	29.845	0.00	0.00	222	9.55	243	2.6	0.56	2.9	0.000	0.365	84.1	90	80.8	98.3	20.12	 .0702	0.000	702	1	100.0	30
04/27/20	12:00 p	82.5	82.7	82.2	100	82.5	0.0	ENE	0.00	1.0	ENE	82.5	97.4	97.4	100.5	29.835	0.00	0.00	148	6.36	169	1.7	0.36	2.0	0.000	0.365	83.9	90	80.6	97.7	20.14	 .0702	0.005	698	1	100.0	30
04/27/20	12:30 p	82.0	82.5	81.8	100	82.0	0.0	ENE	0.00	2.0	ENE	82.0	95.7	95.7	99.1	29.836	0.00	0.00	160	6.88	186	1.9	0.41	2.1	0.000	0.354	84.0	91	81.1	98.5	20.73	 .0702	0.000	699	1	100.0	30
04/27/20	1:00 p	82.2	82.6	81.8	100	82.2	1.0	SE	0.50	5.0	SE	82.2	96.4	96.4	100.3	29.822	0.00	0.00	184	7.91	206	2.2	0.47	2.4	0.000	0.358	84.2	90	80.9	98.6	20.11	 .0701	0.004	701	1	100.0	30
04/27/20	1:30 p	82.1	82.3	81.8	100	82.1	1.0	SE	0.50	8.0	SE	82.1	96.0	96.0	98.6	29.811	0.00	0.00	128	5.50	202	1.5	0.32	2.3	0.000	0.356	84.0	90	80.7	98.0	20.13	 .0702	0.000	701	1	100.0	30
04/27/20	2:00 p	82.8	82.8	81.9	100	82.8	1.0	SE	0.50	6.0	ESE	82.8	98.5	98.5	104.4	29.804	0.00	0.00	255	10.97	302	2.7	0.58	3.0	0.000	0.371	84.6	89	81.0	99.3	19.49	 .0700	0.005	702	1	100.0	30
04/27/20	2:30 p	83.3	83.6	82.7	100	83.3	1.0	SE	0.50	6.0	SSE	83.3	100.4	100.4	107.6	29.804	0.00	0.00	297	12.77	323	2.7	0.58	3.1	0.000	0.381	85.0	88	81.0	99.9	18.85	 .0700	0.000	698	1	100.0	30
04/27/20	3:00 p	82.9	83.3	82.8	100	82.9	1.0	SE	0.50	5.0	SSE	82.9	98.9	98.9	105.6	29.803	0.00	0.00	248	10.67	257	2.1	0.45	2.3	0.000	0.373	85.1	88	81.1	100.2	18.84	 .0700	0.007	701	1	100.0	30
04/27/20	3:30 p	83.2	83.2	82.4	100	83.2	1.0	ESE	0.50	6.0	ESE	83.2	100.0	100.0	107.3	29.793	0.00	0.00	241	10.36	253	1.7	0.36	1.9	0.000	0.379	85.0	88	81.0	99.9	18.85	 .0700	0.000	698	1	100.0	30
04/27/20	4:00 p	82.4	83.3	82.2	100	82.4	1.0	SE	0.50	3.0	SE	82.4	97.1	97.1	102.6	29.796	0.00	0.00	156	6.71	229	1.1	0.24	1.5	0.000	0.363	84.6	88	80.6	98.8	18.89	 .0700	0.005	703	1	100.0	30
04/27/20	4:30 p	82.1	82.5	81.8	100	82.1	0.0	ENE	0.00	3.0	E	82.1	96.0	96.0	99.7	29.804	0.00	0.00	93	4.00	130	0.2	0.04	0.6	0.000	0.356	84.1	89	80.5	97.9	19.54	 .0701	0.000	698	1	100.0	30
04/27/20	5:00 p	81.6	82.2	81.6	100	81.6	0.0	ENE	0.00	3.0	ENE	81.6	94.4	94.4	95.1	29.806	0.00	0.00	70	3.01	88	0.0	0.00	0.0	0.000	0.346	83.6	90	80.4	96.7	20.16	 .0702	0.002	699	1	100.0	30
04/27/20	5:30 p	80.5	81.6	80.4	100	80.5	0.0	ENE	0.00	2.0	ENE	80.5	91.1	91.1	90.9	29.812	0.00	0.00	32	1.38	54	0.0	0.00	0.0	0.000	0.323	83.0	91	80.1	95.3	20.81	 .0703	0.000	700	1	100.0	30
04/27/20	6:00 p	79.4	80.5	79.4	100	79.4	0.0	ENE	0.00	1.0	ENE	79.4	87.9	87.9	86.9	29.823	0.00	0.00	1	0.04	9	0.0	0.00	0.0	0.000	0.300	82.0	91	79.1	92.5	20.89	 .0706	0.000	701	1	100.0	30
04/27/20	6:30 p	78.6	79.4	78.6	100	78.6	0.0	---	0.00	0.0	---	78.6	85.8	85.8	84.7	29.833	0.00	0.00	0	0.00	0	0.0	0.00	0.0	0.000	0.283	81.1	92	78.6	90.1	21.17	 .0708	0.000	700	1	100.0	30
04/27/20	7:00 p	78.2	78.6	78.1	100	78.2	0.0	---	0.00	0.0	---	78.2	84.9	84.9	83.8	29.821	0.00	0.00	0	0.00	0	0.0	0.00	0.0	0.000	0.275	80.6	93	78.4	89.1	21.26	 .0708	0.000	700	1	100.0	30
04/27/20	7:30 p	77.7	78.2	77.6	100	77.7	0.0	---	0.00	0.0	---	77.7	83.7	83.7	82.6	29.830	0.00	0.00	0	0.00	0	0.0	0.00	0.0	0.000	0.265	80.1	93	77.9	87.8	21.25	 .0709	0.000	701	1	100.0	30
04/27/20	8:00 p	77.3	77.7	77.3	100	77.3	0.0	---	0.00	0.0	---	77.3	82.9	82.9	81.8	29.834	0.00	0.00	0	0.00	0	0.0	0.00	0.0	0.000	0.256	79.7	93	77.5	86.9	21.24	 .0710	0.000	701	1	100.0	30
04/27/20	8:30 p	77.0	77.4	76.9	100	77.0	0.0	---	0.00	0.0	---	77.0	82.2	82.2	81.1	29.838	0.00	0.00	0	0.00	0	0.0	0.00	0.0	0.000	0.250	79.6	93	77.4	86.7	21.24	 .0711	0.000	702	1	100.0	30
04/27/20	9:00 p	76.7	77.1	76.7	100	76.7	0.0	---	0.00	0.0	---	76.7	81.6	81.6	80.4	29.845	0.00	0.00	0	0.00	0	0.0	0.00	0.0	0.000	0.244	79.3	94	77.4	86.3	21.35	 .0711	0.000	701	1	100.0	30
04/27/20	9:30 p	76.5	76.8	76.4	100	76.5	0.0	---	0.00	0.0	---	76.5	81.3	81.3	80.1	29.850	0.00	0.00	0	0.00	0	0.0	0.00	0.0	0.000	0.240	79.0	94	77.1	85.6	21.35	 .0712	0.000	700	1	100.0	30
04/27/20	10:00 p	76.3	76.6	76.3	100	76.3	0.0	---	0.00	0.0	---	76.3	80.9	80.9	79.7	29.851	0.00	0.00	0	0.00	0	0.0	0.00	0.0	0.000	0.235	78.8	94	76.9	85.1	21.35	 .0712	0.000	695	1	100.0	30
04/27/20	10:30 p	76.3	76.4	76.2	100	76.3	0.0	---	0.00	0.0	---	76.3	80.9	80.9	79.7	29.848	0.00	0.00	0	0.00	0	0.0	0.00	0.0	0.000	0.235	78.5	94	76.6	84.4	21.35	 .0713	0.000	702	1	100.0	30
04/27/20	11:00 p	76.7	76.7	76.2	100	76.7	0.0	---	0.00	0.0	---	76.7	81.6	81.6	80.4	29.852	0.00	0.00	0	0.00	0	0.0	0.00	0.0	0.000	0.244	78.8	95	77.2	85.3	21.65	 .0712	0.000	698	1	100.0	30
04/27/20	11:30 p	76.8	76.8	76.6	100	76.8	0.0	---	0.00	0.0	---	76.8	81.8	81.8	80.6	29.851	0.00	0.00	0	0.00	0	0.0	0.00	0.0	0.000	0.246	78.9	95	77.3	85.6	21.65	 .0712	0.000	699	1	100.0	30
04/28/20	12:00 a	76.7	76.9	76.7	100	76.7	0.0	---	0.00	0.0	---	76.7	81.6	81.6	80.4	29.845	0.00	0.00	0	0.00	0	0.0	0.00	0.0	0.000	0.244	78.9	95	77.3	85.6	21.65	 .0712	0.000	699	1	100.0	30
04/28/20	12:30 a	76.6	76.8	76.6	100	76.6	0.0	---	0.00	0.0	---	76.6	81.4	81.4	80.2	29.834	0.00	0.00	0	0.00	0	0.0	0.00	0.0	0.000	0.242	78.8	95	77.2	85.3	21.65	 .0712	0.000	699	1	100.0	30
04/28/20	1:00 a	76.5	76.7	76.5	100	76.5	0.0	---	0.00	0.0	---	76.5	81.3	81.3	80.1	29.822	0.00	0.00	0	0.00	0	0.0	0.00	0.0	0.000	0.240	78.8	95	77.2	85.3	21.65	 .0711	0.000	700	1	100.0	30
04/28/20	1:30 a	76.4	76.6	76.3	100	76.4	0.0	---	0.00	0.0	---	76.4	81.1	81.1	79.9	29.802	0.00	0.00	0	0.00	0	0.0	0.00	0.0	0.000	0.238	78.6	95	77.0	84.8	21.65	 .0711	0.000	698	1	100.0	30
04/28/20	2:00 a	75.8	76.4	75.8	100	75.8	0.0	---	0.00	0.0	---	75.8	80.0	80.0	78.8	29.795	0.00	0.00	0	0.00	0	0.0	0.00	0.0	0.000	0.225	78.2	95	76.6	83.9	21.65	 .0712	0.000	700	1	100.0	30
04/28/20	2:30 a	75.4	75.9	75.3	100	75.4	0.0	---	0.00	0.0	---	75.4	79.4	79.4	78.2	29.794	0.00	0.00	0	0.00	0	0.0	0.00	0.0	0.000	0.217	77.8	95	76.3	83.0	21.65	 .0713	0.000	702	1	100.0	30
04/28/20	3:00 a	75.5	75.7	75.4	100	75.5	0.0	---	0.00	0.0	---	75.5	79.6	79.6	78.4	29.799	0.00	0.00	0	0.00	0	0.0	0.00	0.0	0.000	0.219	77.8	95	76.3	83.0	21.65	 .0713	0.000	701	1	100.0	30
04/28/20	3:30 a	75.4	75.6	75.3	100	75.4	0.0	---	0.00	0.0	---	75.4	79.4	79.4	78.2	29.805	0.00	0.00	0	0.00	0	0.0	0.00	0.0	0.000	0.217	77.7	95	76.2	82.8	21.65	 .0713	0.000	701	1	100.0	30
04/28/20	4:00 a	75.0	75.4	75.0	100	75.0	0.0	---	0.00	0.0	---	75.0	78.8	78.8	77.6	29.805	0.00	0.00	0	0.00	0	0.0	0.00	0.0	0.000	0.208	77.4	95	75.9	82.3	21.65	 .0714	0.000	700	1	100.0	30
04/28/20	4:30 a	74.5	75.1	74.5	100	74.5	0.0	---	0.00	0.0	---	74.5	78.2	78.2	76.9	29.809	0.00	0.00	0	0.00	0	0.0	0.00	0.0	0.000	0.198	77.0	95	75.5	81.5	21.65	 .0715	0.000	701	1	100.0	30
04/28/20	5:00 a	74.2	74.6	74.2	100	74.2	0.0	---	0.00	0.0	---	74.2	77.8	77.8	76.5	29.820	0.00	0.00	0	0.00	0	0.0	0.00	0.0	0.000	0.192	76.8	95	75.3	81.2	21.65	 .0715	0.000	702	1	100.0	30
04/28/20	5:30 a	74.2	74.4	74.1	100	74.2	0.0	---	0.00	0.0	---	74.2	77.8	77.8	76.5	29.822	0.00	0.00	1	0.04	7	0.0	0.00	0.0	0.000	0.192	76.6	95	75.1	80.9	21.65	 .0716	0.000	701	1	100.0	30
04/28/20	6:00 a	74.4	74.4	74.0	100	74.4	0.0	---	0.00	0.0	---	74.4	78.1	78.1	77.1	29.832	0.00	0.00	15	0.65	28	0.0	0.00	0.0	0.000	0.196	76.7	95	75.2	81.0	21.65	 .0716	0.000	700	1	100.0	30
04/28/20	6:30 a	75.4	75.4	74.3	100	75.4	0.0	---	0.00	0.0	---	75.4	79.4	79.4	81.2	29.846	0.00	0.00	54	2.32	76	0.0	0.00	0.0	0.000	0.217	77.4	96	76.2	82.4	21.75	 .0715	0.000	701	1	100.0	30
04/28/20	7:00 a	76.9	77.0	75.3	100	76.9	0.0	---	0.00	0.0	---	76.9	82.0	82.0	85.5	29.853	0.00	0.00	106	4.56	127	0.4	0.09	0.7	0.000	0.248	78.5	95	76.9	84.6	21.65	 .0713	0.002	697	1	100.0	30
04/28/20	7:30 a	78.5	78.5	76.9	100	78.5	0.0	---	0.00	0.0	---	78.5	85.6	85.6	90.8	29.857	0.00	0.00	173	7.44	234	1.0	0.21	1.4	0.000	0.281	80.1	95	78.5	88.4	21.65	 .0710	0.000	701	1	100.0	30
04/28/20	8:00 a	80.7	80.7	78.5	100	80.7	0.0	---	0.00	0.0	---	80.7	91.6	91.6	102.3	29.868	0.00	0.00	432	18.58	534	2.4	0.51	3.2	0.000	0.327	81.7	92	79.1	91.9	21.18	 .0707	0.007	699	1	100.0	30
04/28/20	8:30 a	83.0	83.0	80.7	100	83.0	0.0	---	0.00	0.0	---	83.0	99.2	99.2	106.9	29.877	0.00	0.00	314	13.50	540	3.0	0.64	4.6	0.000	0.375	83.1	92	80.5	96.1	21.21	 .0704	0.000	702	1	100.0	30
04/28/20	9:00 a	84.3	84.3	83.1	100	84.3	1.0	SSW	0.50	4.0	SSE	84.3	104.5	104.5	114.2	29.875	0.00	0.00	440	18.92	821	4.2	0.90	6.1	0.000	0.402	84.6	88	80.6	98.8	18.89	 .0702	0.010	701	1	100.0	30
04/28/20	9:30 a	87.1	87.1	84.2	100	87.1	1.0	SE	0.50	5.0	SW	87.1	121.5	121.5	134.6	29.874	0.00	0.00	815	35.05	904	6.8	1.46	7.3	0.000	0.460	86.2	85	81.2	102.0	17.58	 .0700	0.000	701	1	100.0	30
04/28/20	10:00 a	85.4	87.5	85.3	100	85.4	1.0	WSW	0.50	4.0	SSE	85.4	109.8	109.8	121.8	29.873	0.00	0.00	622	26.75	1109	6.9	1.48	9.3	0.000	0.425	86.9	81	80.4	102.4	16.07	 .0700	0.019	697	1	100.0	30
04/28/20	10:30 a	85.5	86.4	85.3	100	85.5	2.0	SSW	1.00	4.0	SSE	85.5	110.4	110.4	121.3	29.871	0.00	0.00	530	22.79	849	6.7	1.44	8.2	0.000	0.427	86.9	83	81.1	103.7	16.77	 .0699	0.000	702	1	100.0	30
04/28/20	11:00 a	86.2	86.5	85.3	100	86.2	1.0	SW	0.50	4.0	SW	86.2	114.7	114.7	126.3	29.868	0.00	0.00	571	24.56	703	7.3	1.56	9.6	0.000	0.442	87.5	81	80.9	104.0	16.05	 .0698	0.015	700	1	100.0	30
04/28/20	11:30 a	87.8	87.8	86.2	100	87.8	2.0	S	1.00	6.0	S	87.8	128.4	128.4	140.3	29.850	0.00	0.00	988	42.49	1123	10.4	2.23	11.6	0.000	0.475	88.4	81	81.8	107.2	16.01	 .0696	0.000	700	1	100.0	30
04/28/20	12:00 p	87.9	89.0	86.9	100	87.9	2.0	S	1.00	7.0	S	87.9	129.4	129.4	140.6	29.851	0.00	0.00	1072	46.10	1206	10.7	2.29	11.9	0.000	0.477	89.5	79	82.1	110.5	15.18	 .0694	0.025	699	1	100.0	30
04/28/20	12:30 p	87.8	88.0	86.8	100	87.8	2.0	E	1.00	10.0	SSE	87.8	128.4	128.4	141.6	29.836	0.00	0.00	922	39.65	1211	9.4	2.01	11.9	0.000	0.475	90.0	79	82.6	112.5	15.15	 .0693	0.000	701	1	100.0	30
04/28/20	1:00 p	85.6	88.0	85.4	100	85.6	2.0	SE	1.00	5.0	S	85.6	111.0	111.0	119.7	29.832	0.00	0.00	401	17.25	933	4.9	1.05	9.4	0.000	0.429	89.3	79	81.9	109.7	15.19	 .0694	0.017	703	1	100.0	30
04/28/20	1:30 p	84.4	85.5	84.4	100	84.4	1.0	ENE	0.50	6.0	S	84.4	104.9	104.9	110.7	29.818	0.00	0.00	253	10.88	513	3.0	0.64	5.0	0.000	0.404	88.4	81	81.8	107.2	16.01	 .0695	0.000	699	1	100.0	30
04/28/20	2:00 p	83.9	84.7	83.9	100	83.9	1.0	NE	0.50	4.0	NE	83.9	102.7	102.7	106.7	29.814	0.00	0.00	179	7.70	216	2.0	0.43	2.4	0.000	0.394	87.7	83	81.9	106.0	16.74	 .0696	0.006	700	1	100.0	30
04/28/20	2:30 p	83.1	83.9	83.1	100	83.1	0.0	NE	0.00	1.0	NE	83.1	99.6	99.6	103.9	29.803	0.00	0.00	177	7.61	202	1.7	0.36	1.9	0.000	0.377	87.0	85	81.9	105.4	17.53	 .0696	0.000	702	1	100.0	30
04/28/20	3:00 p	83.4	83.7	83.1	100	83.4	0.0	NE	0.00	1.0	NE	83.4	100.8	100.8	105.4	29.794	0.00	0.00	173	7.44	202	1.5	0.32	1.8	0.000	0.383	86.5	86	81.8	104.1	17.96	 .0697	0.004	702	1	100.0	30
04/28/20	3:30 p	83.2	83.6	82.5	100	83.2	0.0	ESE	0.00	2.0	NE	83.2	100.0	100.0	104.2	29.797	0.00	0.00	140	6.02	149	1.1	0.24	1.2	0.000	0.379	86.1	85	81.1	101.6	17.58	 .0698	0.000	700	1	100.0	30
04/28/20	4:00 p	82.9	83.4	82.4	100	82.9	0.0	ESE	0.00	2.0	ESE	82.9	98.9	98.9	103.3	29.791	0.00	0.00	127	5.46	134	0.8	0.17	0.9	0.000	0.373	86.0	86	81.3	101.9	17.99	 .0698	0.003	702	1	100.0	30
04/28/20	4:30 p	82.5	82.9	82.5	100	82.5	0.0	ESE	0.00	1.0	ESE	82.5	97.4	97.4	101.1	29.794	0.00	0.00	93	4.00	118	0.3	0.06	0.6	0.000	0.365	85.6	88	81.6	101.9	18.81	 .0698	0.000	699	1	100.0	30
04/28/20	5:00 p	82.0	82.5	82.0	100	82.0	0.0	ESE	0.00	1.0	ESE	82.0	95.7	95.7	95.9	29.793	0.00	0.00	45	1.94	58	0.0	0.00	0.0	0.000	0.354	84.9	89	81.3	100.1	19.46	 .0699	0.002	702	1	100.0	30
04/28/20	5:30 p	81.1	82.0	81.1	100	81.1	0.0	---	0.00	0.0	---	81.1	92.8	92.8	92.4	29.801	0.00	0.00	21	0.90	33	0.0	0.00	0.0	0.000	0.335	84.0	90	80.7	98.0	20.13	 .0701	0.000	701	1	100.0	30
04/28/20	6:00 p	80.4	81.1	80.3	100	80.4	0.0	---	0.00	0.0	---	80.4	90.8	90.8	89.9	29.805	0.00	0.00	2	0.09	9	0.0	0.00	0.0	0.000	0.321	83.1	91	80.2	95.6	20.80	 .0703	0.000	703	1	100.0	30
04/28/20	6:30 p	80.2	80.5	80.1	100	80.2	0.0	---	0.00	0.0	---	80.2	90.2	90.2	89.2	29.807	0.00	0.00	0	0.00	0	0.0	0.00	0.0	0.000	0.317	82.7	91	79.8	94.4	20.83	 .0704	0.000	696	1	100.0	30
04/28/20	7:00 p	79.6	80.1	79.5	100	79.6	0.0	---	0.00	0.0	---	79.6	88.5	88.5	87.5	29.812	0.00	0.00	0	0.00	0	0.0	0.00	0.0	0.000	0.304	82.3	92	79.7	93.7	21.20	 .0705	0.000	701	1	100.0	30
04/28/20	7:30 p	78.9	79.6	78.9	100	78.9	0.0	---	0.00	0.0	---	78.9	86.6	86.6	85.5	29.816	0.00	0.00	0	0.00	0	0.0	0.00	0.0	0.000	0.290	81.6	92	79.0	91.6	21.18	 .0706	0.000	703	1	100.0	30
04/28/20	8:00 p	78.4	79.0	78.3	100	78.4	0.0	---	0.00	0.0	---	78.4	85.4	85.4	84.3	29.826	0.00	0.00	0	0.00	0	0.0	0.00	0.0	0.000	0.279	81.3	92	78.8	90.7	21.18	 .0707	0.000	701	1	100.0	30
04/28/20	8:30 p	78.1	78.4	78.1	100	78.1	0.0	---	0.00	0.0	---	78.1	84.6	84.6	83.5	29.837	0.00	0.00	0	0.00	0	0.0	0.00	0.0	0.000	0.273	81.0	92	78.5	89.8	21.17	 .0708	0.000	702	1	100.0	30
04/28/20	9:00 p	77.8	78.1	77.8	100	77.8	0.0	---	0.00	0.0	---	77.8	84.0	84.0	82.9	29.839	0.00	0.00	0	0.00	0	0.0	0.00	0.0	0.000	0.267	80.7	93	78.5	89.3	21.26	 .0708	0.000	699	1	100.0	30
04/28/20	9:30 p	77.5	77.9	77.5	100	77.5	0.0	---	0.00	0.0	---	77.5	83.3	83.3	82.2	29.844	0.00	0.00	0	0.00	0	0.0	0.00	0.0	0.000	0.260	80.4	93	78.2	88.6	21.26	 .0709	0.000	699	1	100.0	30
04/28/20	10:00 p	77.2	77.5	77.2	100	77.2	0.0	---	0.00	0.0	---	77.2	82.6	82.6	81.5	29.845	0.00	0.00	0	0.00	0	0.0	0.00	0.0	0.000	0.254	80.1	93	77.9	87.8	21.25	 .0710	0.000	700	1	100.0	30
04/28/20	10:30 p	77.1	77.2	77.1	100	77.1	0.0	---	0.00	0.0	---	77.1	82.4	82.4	81.3	29.843	0.00	0.00	0	0.00	0	0.0	0.00	0.0	0.000	0.252	79.9	93	77.7	87.4	21.25	 .0710	0.000	702	1	100.0	30
04/28/20	11:00 p	77.0	77.1	77.0	100	77.0	0.0	---	0.00	0.0	---	77.0	82.2	82.2	81.1	29.836	0.00	0.00	0	0.00	0	0.0	0.00	0.0	0.000	0.250	79.7	93	77.5	86.9	21.24	 .0710	0.000	701	1	100.0	30
04/28/20	11:30 p	76.9	77.0	76.8	100	76.9	0.0	---	0.00	0.0	---	76.9	82.0	82.0	80.8	29.826	0.00	0.00	0	0.00	0	0.0	0.00	0.0	0.000	0.248	79.6	94	77.7	86.9	21.35	 .0710	0.000	700	1	100.0	30
04/29/20	12:00 a	76.7	76.9	76.6	100	76.7	0.0	---	0.00	0.0	---	76.7	81.6	81.6	80.4	29.817	0.00	0.00	0	0.00	0	0.0	0.00	0.0	0.000	0.244	79.3	94	77.4	86.3	21.35	 .0710	0.000	701	1	100.0	30
04/29/20	12:30 a	76.6	76.7	76.6	100	76.6	0.0	---	0.00	0.0	---	76.6	81.4	81.4	80.2	29.809	0.00	0.00	0	0.00	0	0.0	0.00	0.0	0.000	0.242	79.1	94	77.2	85.8	21.35	 .0711	0.000	702	1	100.0	30
04/29/20	1:00 a	76.6	76.6	76.4	100	76.6	0.0	---	0.00	0.0	---	76.6	81.4	81.4	80.2	29.801	0.00	0.00	0	0.00	0	0.0	0.00	0.0	0.000	0.242	79.0	94	77.1	85.6	21.35	 .0711	0.000	698	1	100.0	30
04/29/20	1:30 a	76.6	76.7	76.5	100	76.6	0.0	---	0.00	0.0	---	76.6	81.4	81.4	80.2	29.796	0.00	0.00	0	0.00	0	0.0	0.00	0.0	0.000	0.242	79.0	94	77.1	85.6	21.35	 .0711	0.000	702	1	100.0	30
04/29/20	2:00 a	76.5	76.7	76.5	100	76.5	0.0	---	0.00	0.0	---	76.5	81.3	81.3	80.1	29.787	0.00	0.00	0	0.00	0	0.0	0.00	0.0	0.000	0.240	78.9	95	77.3	85.6	21.65	 .0710	0.000	698	1	100.0	30
04/29/20	2:30 a	76.4	76.6	76.3	100	76.4	0.0	---	0.00	0.0	---	76.4	81.1	81.1	79.9	29.786	0.00	0.00	0	0.00	0	0.0	0.00	0.0	0.000	0.238	78.7	94	76.8	84.9	21.35	 .0711	0.000	698	1	100.0	30
04/29/20	3:00 a	76.2	76.4	76.1	100	76.2	0.0	---	0.00	0.0	---	76.2	80.7	80.7	79.5	29.785	0.00	0.00	0	0.00	0	0.0	0.00	0.0	0.000	0.233	78.5	95	76.9	84.6	21.65	 .0711	0.000	703	1	100.0	30
04/29/20	3:30 a	76.1	76.2	75.8	100	76.1	0.0	---	0.00	0.0	---	76.1	80.5	80.5	79.3	29.788	0.00	0.00	0	0.00	0	0.0	0.00	0.0	0.000	0.231	78.3	95	76.7	84.1	21.65	 .0712	0.000	700	1	100.0	30
04/29/20	4:00 a	76.0	76.1	76.0	100	76.0	0.0	---	0.00	0.0	---	76.0	80.3	80.3	79.1	29.795	0.00	0.00	0	0.00	0	0.0	0.00	0.0	0.000	0.229	78.1	95	76.6	83.6	21.65	 .0712	0.000	700	1	100.0	30
04/29/20	4:30 a	76.0	76.1	75.9	100	76.0	0.0	---	0.00	0.0	---	76.0	80.3	80.3	79.1	29.788	0.00	0.00	0	0.00	0	0.0	0.00	0.0	0.000	0.229	78.1	95	76.6	83.6	21.65	 .0712	0.000	698	1	100.0	30
04/29/20	5:00 a	75.8	76.0	75.7	100	75.8	0.0	---	0.00	0.0	---	75.8	80.0	80.0	78.8	29.796	0.00	0.00	0	0.00	0	0.0	0.00	0.0	0.000	0.225	77.9	95	76.4	83.2	21.65	 .0713	0.000	703	1	100.0	30
04/29/20	5:30 a	76.1	76.1	75.7	100	76.1	0.0	---	0.00	0.0	---	76.1	80.5	80.5	79.6	29.789	0.00	0.00	13	0.56	47	0.0	0.00	0.0	0.000	0.231	78.0	96	76.8	83.6	21.75	 .0712	0.000	702	1	100.0	30
04/29/20	6:00 a	76.8	76.8	76.0	100	76.8	0.0	---	0.00	0.0	---	76.8	81.8	81.8	82.0	29.802	0.00	0.00	60	2.58	63	0.0	0.00	0.0	0.000	0.246	78.7	96	77.5	85.3	21.75	 .0711	0.001	701	1	100.0	30
04/29/20	6:30 a	77.7	77.7	76.8	100	77.7	0.0	---	0.00	0.0	---	77.7	83.7	83.7	86.4	29.814	0.00	0.00	73	3.14	81	0.0	0.00	0.0	0.000	0.265	79.9	95	78.3	87.9	21.65	 .0709	0.000	700	1	100.0	30
04/29/20	7:00 a	78.1	78.2	77.6	100	78.1	0.0	---	0.00	0.0	---	78.1	84.6	84.6	86.9	29.826	0.00	0.00	73	3.14	81	0.4	0.09	0.7	0.000	0.273	80.4	95	78.8	89.1	21.65	 .0708	0.002	702	1	100.0	30
04/29/20	7:30 a	78.9	78.9	78.1	100	78.9	0.0	---	0.00	0.0	---	78.9	86.6	86.6	89.4	29.848	0.00	0.00	99	4.26	190	1.0	0.21	1.4	0.000	0.290	80.9	95	79.3	90.4	21.65	 .0708	0.000	702	1	100.0	30
04/29/20	8:00 a	81.7	81.7	78.9	100	81.7	0.0	---	0.00	0.0	---	81.7	94.7	94.7	104.1	29.856	0.00	0.00	363	15.61	570	2.2	0.47	3.3	0.000	0.348	82.8	94	80.9	96.1	21.41	 .0704	0.006	698	1	100.0	30
04/29/20	8:30 a	84.9	84.9	81.7	100	84.9	0.0	---	0.00	0.0	---	84.9	107.2	107.2	119.3	29.862	0.00	0.00	560	24.08	654	3.8	0.81	4.7	0.000	0.415	85.0	90	81.7	100.9	20.05	 .0701	0.000	700	1	100.0	30
04/29/20	9:00 a	86.8	86.8	84.6	100	86.8	0.0	---	0.00	0.0	---	86.8	119.0	119.0	129.8	29.869	0.00	0.00	498	21.42	860	4.5	0.96	6.2	0.000	0.454	86.3	86	81.6	103.2	17.97	 .0699	0.013	701	1	100.0	30
04/29/20	9:30 a	82.8	86.9	82.8	100	82.8	0.0	---	0.00	0.0	---	82.8	98.5	98.5	103.0	29.863	0.00	0.00	206	8.86	670	2.4	0.51	5.3	0.000	0.371	85.3	88	81.3	100.9	18.83	 .0701	0.000	703	1	100.0	30
04/29/20	10:00 a	82.2	83.1	82.2	100	82.2	0.0	---	0.00	0.0	---	82.2	96.4	96.4	98.4	29.850	0.00	0.00	107	4.60	128	1.3	0.28	1.6	0.000	0.358	84.5	90	81.2	99.4	20.09	 .0701	0.004	699	1	100.0	30
04/29/20	10:30 a	81.6	82.4	81.6	100	81.6	0.0	WSW	0.00	7.0	W	81.6	94.4	94.4	95.4	29.855	0.00	0.00	64	2.75	86	0.7	0.15	1.1	0.000	0.346	83.9	92	81.3	98.7	21.23	 .0702	0.000	701	1	100.0	30
04/29/20	11:00 a	81.3	81.6	80.7	100	81.3	1.0	SSW	0.50	6.0	SSE	81.3	93.5	93.5	94.0	29.854	0.00	0.00	45	1.94	102	0.4	0.09	1.3	0.000	0.340	83.2	91	80.3	95.9	20.79	 .0704	0.001	701	1	100.0	30
04/29/20	11:30 a	82.5	82.5	81.1	100	82.5	0.0	E	0.00	2.0	SE	82.5	97.4	97.4	101.6	29.849	0.00	0.00	189	8.13	287	2.5	0.54	3.7	0.000	0.365	84.2	91	81.3	99.1	20.71	 .0702	0.000	700	1	100.0	30
04/29/20	12:00 p	83.6	83.8	82.5	100	83.6	1.0	SE	0.50	6.0	SSE	83.6	101.5	101.5	109.8	29.839	0.00	0.00	374	16.08	510	4.5	0.96	6.0	0.000	0.387	85.3	90	82.0	102.0	20.03	 .0699	0.007	700	1	100.0	30
04/29/20	12:30 p	83.2	83.9	83.0	100	83.2	1.0	S	0.50	6.0	NE	83.2	100.0	100.0	106.3	29.825	0.00	0.00	280	12.04	413	3.4	0.73	4.9	0.000	0.379	85.3	89	81.7	101.4	19.42	 .0699	0.000	699	1	100.0	30
04/29/20	1:00 p	85.6	85.7	83.0	100	85.6	1.0	SSE	0.50	5.0	SE	85.6	111.0	111.0	121.6	29.808	0.00	0.00	513	22.06	963	5.6	1.20	8.5	0.000	0.429	86.0	88	82.0	103.2	18.79	 .0698	0.010	698	1	100.0	30
04/29/20	1:30 p	85.0	85.8	84.7	100	85.0	2.0	SE	1.00	8.0	SSE	85.0	107.6	107.6	118.4	29.791	0.00	0.00	527	22.66	657	5.4	1.16	7.2	0.000	0.417	86.8	85	81.7	104.6	17.54	 .0697	0.000	698	1	100.0	30
04/29/20	2:00 p	85.4	85.9	84.5	100	85.4	2.0	SSE	1.00	5.0	ESE	85.4	109.8	109.8	120.7	29.788	0.00	0.00	512	22.02	756	5.1	1.09	7.0	0.000	0.425	87.2	85	82.1	106.0	17.52	 .0696	0.014	700	1	100.0	30
04/29/20	2:30 p	85.4	85.8	85.0	100	85.4	2.0	SE	1.00	6.0	S	85.4	109.8	109.8	122.4	29.778	0.00	0.00	614	26.41	977	5.1	1.09	6.9	0.000	0.425	87.3	82	81.1	104.2	16.46	 .0696	0.000	698	1	100.0	30
04/29/20	3:00 p	85.6	86.9	85.4	100	85.6	1.0	SSW	0.50	5.0	SSE	85.6	111.0	111.0	123.6	29.776	0.00	0.00	614	26.41	766	3.9	0.84	4.7	0.000	0.429	87.2	82	81.0	103.9	16.46	 .0696	0.016	699	1	100.0	30
04/29/20	3:30 p	83.8	85.6	83.8	100	83.8	1.0	SSE	0.50	4.0	S	83.8	102.3	102.3	109.9	29.780	0.00	0.00	252	10.84	350	1.8	0.39	2.5	0.000	0.392	86.7	83	80.9	102.9	16.78	 .0697	0.000	701	1	100.0	30
04/29/20	4:00 p	83.4	84.0	83.1	100	83.4	1.0	SE	0.50	4.0	SE	83.4	100.8	100.8	105.4	29.793	0.00	0.00	131	5.63	190	0.8	0.17	1.3	0.000	0.383	86.0	85	81.0	101.2	17.59	 .0698	0.005	701	1	100.0	30
04/29/20	4:30 p	83.1	83.5	82.9	100	83.1	1.0	ESE	0.50	2.0	S	83.1	99.6	99.6	102.6	29.786	0.00	0.00	76	3.27	107	0.1	0.02	0.6	0.000	0.377	85.4	87	81.1	100.6	18.43	 .0699	0.000	701	1	100.0	30
04/29/20	5:00 p	81.6	83.0	81.6	100	81.6	1.0	ESE	0.50	6.0	ESE	81.6	94.4	94.4	94.1	29.802	0.00	0.00	24	1.03	56	0.0	0.00	0.0	0.000	0.346	84.6	87	80.3	98.4	18.47	 .0701	0.001	699	1	100.0	30
04/29/20	5:30 p	80.7	81.6	80.7	100	80.7	1.0	S	0.50	9.0	SE	80.7	91.6	91.6	90.7	29.799	0.00	0.00	3	0.13	9	0.0	0.00	0.0	0.000	0.327	83.7	88	79.8	96.3	18.98	 .0702	0.000	701	1	100.0	30
04/29/20	6:00 p	80.0	80.8	80.0	100	80.0	0.0	W	0.00	2.0	W	80.0	89.6	89.6	88.7	29.808	0.03	0.20	0	0.00	0	0.0	0.00	0.0	0.000	0.313	83.0	89	79.4	94.5	19.65	 .0704	0.000	697	1	100.0	30
04/29/20	6:30 p	79.2	80.0	79.2	100	79.2	0.0	SW	0.00	1.0	SW	79.2	87.4	87.4	86.4	29.810	0.00	0.00	0	0.00	0	0.0	0.00	0.0	0.000	0.296	82.3	91	79.4	93.3	20.87	 .0705	0.000	697	1	100.0	30
04/29/20	7:00 p	78.7	79.3	78.7	100	78.7	0.0	SW	0.00	1.0	SW	78.7	86.1	86.1	85.1	29.828	0.00	0.00	0	0.00	0	0.0	0.00	0.0	0.000	0.285	81.7	91	78.8	91.6	20.91	 .0706	0.000	697	1	100.0	30
04/29/20	7:30 p	78.3	78.7	78.3	100	78.3	0.0	SW	0.00	1.0	SW	78.3	85.1	85.1	84.1	29.839	0.00	0.00	0	0.00	0	0.0	0.00	0.0	0.000	0.277	81.3	92	78.8	90.7	21.18	 .0707	0.000	702	1	100.0	30
04/29/20	8:00 p	78.4	78.6	78.2	100	78.4	0.0	---	0.00	0.0	---	78.4	85.4	85.4	84.4	29.846	0.00	0.00	0	0.00	0	0.0	0.00	0.0	0.000	0.279	81.0	93	78.8	90.1	21.27	 .0708	0.000	698	1	100.0	30
04/29/20	8:30 p	78.3	78.4	78.1	100	78.3	0.0	---	0.00	0.0	---	78.3	85.1	85.1	84.1	29.847	0.00	0.00	0	0.00	0	0.0	0.00	0.0	0.000	0.277	80.7	93	78.5	89.3	21.26	 .0709	0.000	700	1	100.0	30
04/29/20	9:00 p	78.4	78.5	78.1	100	78.4	0.0	---	0.00	0.0	---	78.4	85.4	85.4	84.4	29.859	0.00	0.00	0	0.00	0	0.0	0.00	0.0	0.000	0.279	80.5	94	78.6	89.1	21.36	 .0709	0.000	695	1	100.0	30
04/29/20	9:30 p	78.3	78.5	78.3	100	78.3	0.0	SW	0.00	1.0	SW	78.3	85.1	85.1	84.1	29.861	0.00	0.00	0	0.00	0	0.0	0.00	0.0	0.000	0.277	80.6	94	78.7	89.4	21.36	 .0709	0.000	702	1	100.0	30
04/29/20	10:00 p	78.2	78.3	78.1	100	78.2	0.0	SW	0.00	1.0	SW	78.2	84.9	84.9	83.9	29.860	0.00	0.00	0	0.00	0	0.0	0.00	0.0	0.000	0.275	80.4	94	78.5	88.9	21.36	 .0709	0.000	701	1	100.0	30
04/29/20	10:30 p	77.9	78.2	77.9	100	77.9	0.0	SW	0.00	1.0	SW	77.9	84.2	84.2	83.1	29.857	0.00	0.00	0	0.00	0	0.0	0.00	0.0	0.000	0.269	80.2	94	78.3	88.4	21.35	 .0710	0.000	699	1	100.0	30
04/29/20	11:00 p	77.5	78.0	77.5	100	77.5	0.0	SW	0.00	1.0	SW	77.5	83.3	83.3	82.2	29.857	0.00	0.00	0	0.00	0	0.0	0.00	0.0	0.000	0.260	80.0	94	78.1	87.8	21.35	 .0710	0.000	699	1	100.0	30
04/29/20	11:30 p	77.3	77.6	77.3	100	77.3	0.0	SW	0.00	1.0	SW	77.3	82.9	82.9	81.8	29.851	0.00	0.00	0	0.00	0	0.0	0.00	0.0	0.000	0.256	79.7	95	78.1	87.4	21.65	 .0710	0.000	699	1	100.0	30
04/30/20	12:00 a	77.1	77.3	76.9	100	77.1	0.0	---	0.00	0.0	---	77.1	82.4	82.4	81.3	29.846	0.00	0.00	0	0.00	0	0.0	0.00	0.0	0.000	0.252	79.4	95	77.8	86.7	21.65	 .0711	0.000	697	1	100.0	30
04/30/20	12:30 a	76.8	77.1	76.7	100	76.8	0.0	---	0.00	0.0	---	76.8	81.8	81.8	80.6	29.835	0.00	0.00	0	0.00	0	0.0	0.00	0.0	0.000	0.246	79.2	95	77.6	86.3	21.65	 .0711	0.000	700	1	100.0	30
04/30/20	1:00 a	76.8	76.8	76.6	100	76.8	0.0	---	0.00	0.0	---	76.8	81.8	81.8	80.6	29.827	0.00	0.00	0	0.00	0	0.0	0.00	0.0	0.000	0.246	79.1	95	77.5	86.0	21.65	 .0711	0.000	701	1	100.0	30
04/30/20	1:30 a	76.8	76.8	76.6	100	76.8	0.0	---	0.00	0.0	---	76.8	81.8	81.8	80.6	29.827	0.00	0.00	0	0.00	0	0.0	0.00	0.0	0.000	0.246	79.1	95	77.5	86.0	21.65	 .0711	0.000	699	1	100.0	30
04/30/20	2:00 a	76.8	76.8	76.6	100	76.8	0.0	---	0.00	0.0	---	76.8	81.8	81.8	80.6	29.825	0.00	0.00	0	0.00	0	0.0	0.00	0.0	0.000	0.246	79.0	95	77.4	85.8	21.65	 .0711	0.000	702	1	100.0	30
04/30/20	2:30 a	76.8	76.9	76.7	100	76.8	0.0	---	0.00	0.0	---	76.8	81.8	81.8	80.6	29.821	0.00	0.00	0	0.00	0	0.0	0.00	0.0	0.000	0.246	79.0	95	77.4	85.8	21.65	 .0711	0.000	701	1	100.0	30
04/30/20	3:00 a	76.7	76.9	76.6	100	76.7	0.0	---	0.00	0.0	---	76.7	81.6	81.6	80.4	29.816	0.00	0.00	0	0.00	0	0.0	0.00	0.0	0.000	0.244	78.9	95	77.3	85.6	21.65	 .0711	0.000	699	1	100.0	30
04/30/20	3:30 a	76.8	76.8	76.7	100	76.8	0.0	---	0.00	0.0	---	76.8	81.8	81.8	80.6	29.805	0.01	0.00	0	0.00	0	0.0	0.00	0.0	0.000	0.246	78.8	96	77.6	85.5	21.75	 .0711	0.000	700	1	100.0	30
04/30/20	4:00 a	76.9	77.0	76.7	100	76.9	0.0	---	0.00	0.0	---	76.9	82.0	82.0	80.8	29.809	0.00	0.00	0	0.00	0	0.0	0.00	0.0	0.000	0.248	78.7	96	77.5	85.3	21.75	 .0711	0.000	700	1	100.0	30
04/30/20	4:30 a	76.9	77.1	76.8	100	76.9	0.0	---	0.00	0.0	---	76.9	82.0	82.0	80.8	29.820	0.00	0.00	0	0.00	0	0.0	0.00	0.0	0.000	0.248	78.7	96	77.5	85.3	21.75	 .0711	0.000	701	1	100.0	30
04/30/20	5:00 a	77.1	77.2	77.0	100	77.1	0.0	---	0.00	0.0	---	77.1	82.4	82.4	81.3	29.830	0.00	0.00	0	0.00	0	0.0	0.00	0.0	0.000	0.252	78.8	96	77.6	85.5	21.75	 .0711	0.000	702	1	100.0	30
04/30/20	5:30 a	77.2	77.2	77.0	100	77.2	0.0	---	0.00	0.0	---	77.2	82.6	82.6	81.5	29.842	0.00	0.00	1	0.04	5	0.0	0.00	0.0	0.000	0.254	78.8	96	77.6	85.5	21.75	 .0712	0.000	701	1	100.0	30
04/30/20	6:00 a	77.4	77.5	77.2	100	77.4	0.0	---	0.00	0.0	---	77.4	83.1	83.1	82.2	29.847	0.00	0.00	9	0.39	14	0.0	0.00	0.0	0.000	0.258	79.0	96	77.8	86.0	21.75	 .0711	0.000	701	1	100.0	30
04/30/20	6:30 a	77.5	77.5	77.3	100	77.5	0.0	---	0.00	0.0	---	77.5	83.3	83.3	82.7	29.865	0.01	0.00	3	0.13	7	0.0	0.00	0.0	0.000	0.260	79.1	96	77.9	86.2	21.75	 .0712	0.000	702	1	100.0	30
04/30/20	7:00 a	77.5	77.6	77.4	100	77.5	0.0	---	0.00	0.0	---	77.5	83.3	83.3	82.8	29.870	0.03	0.08	7	0.30	7	0.0	0.00	0.0	0.000	0.260	79.1	97	78.2	86.4	21.75	 .0711	0.000	701	1	100.0	30
04/30/20	7:30 a	77.7	77.7	77.4	100	77.7	0.0	---	0.00	0.0	---	77.7	83.7	83.7	83.3	29.887	0.02	0.08	10	0.43	12	0.0	0.00	0.0	0.000	0.265	79.1	97	78.2	86.4	21.75	 .0712	0.000	703	1	100.0	30
04/30/20	8:00 a	78.0	78.0	77.7	100	78.0	0.0	---	0.00	0.0	---	78.0	84.4	84.4	84.3	29.893	0.02	0.08	21	0.90	33	0.0	0.00	0.0	0.000	0.271	79.2	97	78.3	86.7	21.75	 .0712	0.000	701	1	100.0	30
04/30/20	8:30 a	78.7	78.7	78.0	100	78.7	0.0	---	0.00	0.0	---	78.7	86.1	86.1	86.9	29.896	0.01	0.04	54	2.32	70	0.3	0.06	0.7	0.000	0.285	79.7	97	78.8	87.9	21.75	 .0711	0.000	695	1	100.0	30
04/30/20	9:00 a	78.9	79.0	78.6	100	78.9	0.0	---	0.00	0.0	---	78.9	86.6	86.6	87.7	29.896	0.00	0.00	71	3.05	74	0.7	0.15	0.8	0.000	0.290	80.0	97	79.1	88.7	21.75	 .0710	0.002	701	1	100.0	30
04/30/20	9:30 a	78.9	79.2	78.8	100	78.9	0.0	---	0.00	0.0	---	78.9	86.6	86.6	88.1	29.894	0.00	0.00	88	3.78	111	1.0	0.21	1.3	0.000	0.290	80.2	97	79.3	89.2	21.75	 .0710	0.000	700	1	100.0	30
04/30/20	10:00 a	79.5	79.7	78.7	100	79.5	0.0	---	0.00	0.0	---	79.5	88.2	88.2	90.9	29.886	0.00	0.00	137	5.89	160	1.7	0.36	2.0	0.000	0.302	80.8	96	79.6	90.5	21.75	 .0709	0.003	702	1	100.0	30
04/30/20	10:30 a	79.8	80.1	79.2	100	79.8	0.0	SW	0.00	1.0	SW	79.8	89.0	89.0	93.0	29.873	0.00	0.00	191	8.21	225	2.5	0.54	3.0	0.000	0.308	81.3	96	80.0	92.0	21.75	 .0707	0.000	702	1	100.0	30
04/30/20	11:00 a	80.0	80.5	79.1	100	80.0	0.0	SW	0.00	3.0	SSW	80.0	89.6	89.6	95.1	29.864	0.00	0.00	242	10.41	295	3.2	0.69	4.1	0.000	0.313	82.3	95	80.7	94.9	21.65	 .0705	0.005	699	1	100.0	30
04/30/20	11:30 a	80.4	81.1	79.7	100	80.4	1.0	S	0.50	3.0	S	80.4	90.8	90.8	99.4	29.861	0.00	0.00	389	16.73	454	5.2	1.11	6.1	0.000	0.321	83.2	94	81.3	97.4	21.41	 .0703	0.000	702	1	100.0	30
04/30/20	12:00 p	83.1	83.1	80.4	100	83.1	1.0	S	0.50	4.0	ENE	83.1	99.6	99.6	110.7	29.847	0.00	0.00	545	23.44	782	7.2	1.54	9.1	0.000	0.377	83.3	93	81.1	97.3	21.32	 .0703	0.012	700	1	100.0	30
04/30/20	12:30 p	83.3	83.8	82.6	100	83.3	1.0	SE	0.50	7.0	S	83.3	100.4	100.4	112.4	29.832	0.00	0.00	625	26.88	1120	8.2	1.76	12.1	0.000	0.381	84.2	92	81.6	99.6	21.23	 .0701	0.000	697	1	100.0	30
04/30/20	1:00 p	85.5	85.6	83.3	100	85.5	2.0	S	1.00	5.0	S	85.5	110.4	110.4	122.1	29.819	0.00	0.00	955	41.07	1132	10.0	2.14	11.5	0.000	0.427	85.0	90	81.7	100.9	20.05	 .0700	0.020	700	1	100.0	30
04/30/20	1:30 p	85.5	86.7	85.4	100	85.5	2.0	S	1.00	7.0	SE	85.5	110.4	110.4	122.4	29.812	0.00	0.00	887	38.15	1076	9.1	1.95	10.5	0.000	0.427	86.0	89	82.4	103.8	19.35	 .0698	0.000	700	1	100.0	30
04/30/20	2:00 p	85.2	85.6	84.4	100	85.2	2.0	SE	1.00	7.0	ESE	85.2	108.7	108.7	120.4	29.802	0.00	0.00	577	24.81	886	5.9	1.26	7.2	0.000	0.421	86.7	86	82.0	105.0	17.95	 .0697	0.019	700	1	100.0	30
04/30/20	2:30 p	84.6	86.5	84.6	100	84.6	2.0	SE	1.00	7.0	S	84.6	105.8	105.8	118.2	29.803	0.00	0.00	721	31.01	954	5.8	1.24	7.4	0.000	0.408	86.5	87	82.2	104.8	18.36	 .0697	0.000	700	1	100.0	30
04/30/20	3:00 p	85.5	85.6	84.6	100	85.5	2.0	S	1.00	6.0	ESE	85.5	110.4	110.4	122.9	29.791	0.00	0.00	572	24.60	770	3.9	0.84	4.5	0.000	0.427	86.4	86	81.7	103.6	17.97	 .0697	0.017	686	1	100.0	30
04/30/20	3:30 p	83.8	86.3	83.5	100	83.8	2.0	SE	1.00	8.0	SSE	83.8	102.3	102.3	112.8	29.790	0.00	0.00	370	15.91	707	2.4	0.51	3.6	0.000	0.392	85.6	87	81.3	101.3	18.41	 .0698	0.000	700	1	100.0	30
04/30/20	4:00 p	83.1	83.9	83.0	100	83.1	1.0	ENE	0.50	4.0	S	83.1	99.6	99.6	106.8	29.795	0.00	0.00	206	8.86	279	1.3	0.28	1.8	0.000	0.377	85.1	88	81.1	100.2	18.84	 .0699	0.007	702	1	100.0	30
04/30/20	4:30 p	82.4	83.2	82.3	100	82.4	1.0	ENE	0.50	3.0	NNE	82.4	97.1	97.1	102.8	29.801	0.00	0.00	143	6.15	167	0.7	0.15	0.9	0.000	0.363	84.7	88	80.7	99.1	18.88	 .0700	0.000	700	1	100.0	30
04/30/20	5:00 p	82.0	82.8	82.0	100	82.0	0.0	ENE	0.00	2.0	ENE	82.0	95.7	95.7	96.5	29.815	0.00	0.00	77	3.31	113	0.0	0.00	0.0	0.000	0.354	84.2	90	80.9	98.6	20.11	 .0701	0.003	701	1	100.0	30
04/30/20	5:30 p	81.1	82.0	81.1	100	81.1	0.0	ENE	0.00	1.0	ENE	81.1	92.8	92.8	92.4	29.814	0.00	0.00	24	1.03	44	0.0	0.00	0.0	0.000	0.335	83.6	91	80.7	97.2	20.76	 .0702	0.000	701	1	100.0	30
04/30/20	6:00 p	79.9	81.1	79.9	100	79.9	0.0	ENE	0.00	1.0	ENE	79.9	89.3	89.3	88.2	29.813	0.00	0.00	2	0.09	7	0.0	0.00	0.0	0.000	0.310	82.5	92	79.9	94.3	21.20	 .0704	0.000	699	1	100.0	30
04/30/20	6:30 p	79.1	79.9	79.1	100	79.1	0.0	ENE	0.00	1.0	ENE	79.1	87.1	87.1	86.0	29.825	0.00	0.00	0	0.00	0	0.0	0.00	0.0	0.000	0.294	81.7	92	79.1	91.9	21.18	 .0706	0.000	702	1	100.0	30
04/30/20	7:00 p	78.9	79.2	78.8	100	78.9	0.0	---	0.00	0.0	---	78.9	86.6	86.6	85.4	29.846	0.00	0.00	0	0.00	0	0.0	0.00	0.0	0.000	0.290	81.2	93	79.0	90.7	21.27	 .0707	0.000	701	1	100.0	30
04/30/20	7:30 p	78.7	78.9	78.7	100	78.7	0.0	---	0.00	0.0	---	78.7	86.1	86.1	84.9	29.855	0.00	0.00	0	0.00	0	0.0	0.00	0.0	0.000	0.285	81.0	94	79.1	90.4	21.37	 .0708	0.000	702	1	100.0	30
04/30/20	8:00 p	78.5	78.8	78.5	100	78.5	0.0	---	0.00	0.0	---	78.5	85.6	85.6	84.4	29.853	0.00	0.00	0	0.00	0	0.0	0.00	0.0	0.000	0.281	80.7	94	78.8	89.6	21.36	 .0708	0.000	699	1	100.0	30
04/30/20	8:30 p	78.2	78.6	78.1	100	78.2	0.0	---	0.00	0.0	---	78.2	84.9	84.9	83.7	29.848	0.00	0.00	0	0.00	0	0.0	0.00	0.0	0.000	0.275	80.5	94	78.6	89.1	21.36	 .0709	0.000	701	1	100.0	30
04/30/20	9:00 p	78.0	78.2	77.9	100	78.0	0.0	---	0.00	0.0	---	78.0	84.4	84.4	83.2	29.850	0.00	0.00	0	0.00	0	0.0	0.00	0.0	0.000	0.271	80.2	94	78.3	88.4	21.35	 .0709	0.000	698	1	100.0	30
04/30/20	9:30 p	77.9	78.1	77.9	100	77.9	0.0	---	0.00	0.0	---	77.9	84.2	84.2	83.0	29.853	0.00	0.00	0	0.00	0	0.0	0.00	0.0	0.000	0.269	79.9	95	78.3	87.9	21.65	 .0710	0.000	701	1	100.0	30
04/30/20	10:00 p	77.7	78.0	77.7	100	77.7	0.0	---	0.00	0.0	---	77.7	83.7	83.7	82.5	29.856	0.00	0.00	0	0.00	0	0.0	0.00	0.0	0.000	0.265	79.8	95	78.2	87.6	21.65	 .0710	0.000	699	1	100.0	30
04/30/20	10:30 p	77.6	77.7	77.6	100	77.6	0.0	---	0.00	0.0	---	77.6	83.5	83.5	82.3	29.841	0.00	0.00	0	0.00	0	0.0	0.00	0.0	0.000	0.262	79.6	95	78.0	87.2	21.65	 .0710	0.000	699	1	100.0	30
04/30/20	11:00 p	77.4	77.6	77.4	100	77.4	0.0	---	0.00	0.0	---	77.4	83.1	83.1	81.9	29.837	0.00	0.00	0	0.00	0	0.0	0.00	0.0	0.000	0.258	79.4	95	77.8	86.7	21.65	 .0711	0.000	700	1	100.0	30
04/30/20	11:30 p	77.3	77.5	77.3	100	77.3	0.0	---	0.00	0.0	---	77.3	82.9	82.9	81.7	29.833	0.00	0.00	0	0.00	0	0.0	0.00	0.0	0.000	0.256	79.3	96	78.1	86.7	21.75	 .0710	0.000	701	1	100.0	30
05/01/20	12:00 a	77.4	77.6	77.3	100	77.4	0.0	---	0.00	0.0	---	77.4	83.1	83.1	81.9	29.825	0.00	0.00	0	0.00	0	0.0	0.00	0.0	0.000	0.258	79.1	96	77.9	86.2	21.75	 .0711	0.000	700	1	100.0	30
