		Temp	Hi	Low	Out	Dew	Wind	Wind	Wind	Hi	Hi	Wind	Heat	THW	THSW			Rain	Solar	Solar	Hi Solar	UV 	UV 	Hi 	Heat	Cool	In 	In	In 	In 	In 	In Air		Wind	Wind	ISS 	Arc.
Date	Time	Out	Temp	Temp	Hum	Pt.	Speed	Dir	Run	Speed	Dir	Chill	Index	Index	Index	Bar  	Rain	Rate	Rad.	Energy	Rad. 	Index	Dose	UV 	D-D 	D-D 	Temp	Hum	Dew	Heat	EMC	Density	ET 	Samp	Tx 	Recept	Int.
02/01/20	12:30 a	75.4	75.8	75.3	88	71.6	0.0	---	0.00	0.0	---	75.4	78.7	78.7	76.9	29.765	0.00	0.00	0	0.00	0	0.0	0.00	0.0	0.000	0.217	73.4	89	70.0	75.8	19.95	 .0722	0.000	700	1	100.0	30
02/01/20	1:00 a	75.0	75.3	75.0	89	71.5	0.0	---	0.00	0.0	---	75.0	78.3	78.3	76.5	29.760	0.00	0.00	0	0.00	0	0.0	0.00	0.0	0.000	0.208	73.4	89	70.0	75.8	19.95	 .0722	0.000	702	1	100.0	30
02/01/20	1:30 a	74.8	75.1	74.7	89	71.3	0.0	---	0.00	0.0	---	74.8	77.9	77.9	76.1	29.756	0.00	0.00	0	0.00	0	0.0	0.00	0.0	0.000	0.204	73.4	89	70.0	75.8	19.95	 .0722	0.000	699	1	100.0	30
02/01/20	2:00 a	74.5	74.8	74.4	89	71.0	0.0	---	0.00	0.0	---	74.5	77.3	77.3	75.5	29.748	0.00	0.00	0	0.00	0	0.0	0.00	0.0	0.000	0.198	73.4	89	70.0	75.8	19.95	 .0722	0.000	703	1	100.0	30
02/01/20	2:30 a	74.4	74.6	74.3	89	70.9	0.0	---	0.00	0.0	---	74.4	77.1	77.1	75.2	29.747	0.00	0.00	0	0.00	0	0.0	0.00	0.0	0.000	0.196	73.4	89	70.0	75.8	19.95	 .0722	0.000	698	1	100.0	30
02/01/20	3:00 a	74.2	74.4	74.1	89	70.7	0.0	---	0.00	0.0	---	74.2	76.8	76.8	74.9	29.751	0.00	0.00	0	0.00	0	0.0	0.00	0.0	0.000	0.192	73.4	89	70.0	75.8	19.95	 .0722	0.000	703	1	100.0	30
02/01/20	3:30 a	74.0	74.2	73.9	89	70.6	0.0	---	0.00	0.0	---	74.0	76.4	76.4	74.5	29.751	0.00	0.00	0	0.00	0	0.0	0.00	0.0	0.000	0.188	73.4	89	70.0	75.8	19.95	 .0722	0.000	700	1	100.0	30
02/01/20	4:00 a	73.9	74.0	73.9	89	70.5	0.0	---	0.00	0.0	---	73.9	76.3	76.3	74.4	29.752	0.00	0.00	0	0.00	0	0.0	0.00	0.0	0.000	0.185	73.4	89	70.0	75.8	19.95	 .0722	0.000	700	1	100.0	30
02/01/20	4:30 a	73.6	74.0	73.6	89	70.2	0.0	---	0.00	0.0	---	73.6	76.0	76.0	74.1	29.755	0.00	0.00	0	0.00	0	0.0	0.00	0.0	0.000	0.179	73.4	89	70.0	75.8	19.95	 .0722	0.000	700	1	100.0	30
02/01/20	5:00 a	73.7	73.8	73.5	89	70.3	0.0	---	0.00	0.0	---	73.7	76.1	76.1	74.2	29.766	0.00	0.00	0	0.00	0	0.0	0.00	0.0	0.000	0.181	73.4	89	70.0	75.8	19.95	 .0722	0.000	700	1	100.0	30
02/01/20	5:30 a	73.6	73.7	73.4	89	70.2	0.0	---	0.00	0.0	---	73.6	76.0	76.0	74.1	29.779	0.00	0.00	0	0.00	0	0.0	0.00	0.0	0.000	0.179	73.4	89	70.0	75.8	19.95	 .0723	0.000	698	1	100.0	30
02/01/20	6:00 a	73.5	73.6	73.4	89	70.1	0.0	---	0.00	0.0	---	73.5	75.9	75.9	74.0	29.787	0.00	0.00	0	0.00	5	0.0	0.00	0.0	0.000	0.177	73.4	89	70.0	75.8	19.95	 .0723	0.000	701	1	100.0	30
02/01/20	6:30 a	74.0	74.1	73.5	89	70.6	0.0	---	0.00	0.0	---	74.0	76.4	76.4	76.1	29.800	0.00	0.00	13	0.56	21	0.0	0.00	0.0	0.000	0.188	73.4	89	70.0	75.8	19.95	 .0723	0.000	700	1	100.0	30
02/01/20	7:00 a	74.9	74.9	74.1	89	71.4	0.0	---	0.00	0.0	---	74.9	78.1	78.1	78.3	29.816	0.00	0.00	26	1.12	32	0.0	0.00	0.0	0.000	0.206	73.4	89	70.0	75.8	19.95	 .0724	0.001	701	1	100.0	30
02/01/20	7:30 a	75.8	75.9	74.9	89	72.3	0.0	---	0.00	0.0	---	75.8	79.2	79.2	79.7	29.821	0.00	0.00	37	1.59	69	0.0	0.00	0.5	0.000	0.225	73.4	89	70.0	75.8	19.95	 .0724	0.000	700	1	100.0	30
02/01/20	8:00 a	76.8	76.8	75.9	89	73.3	0.0	---	0.00	0.0	---	76.8	80.6	80.6	81.1	29.833	0.00	0.00	43	1.85	67	0.1	0.02	1.2	0.000	0.246	73.5	89	70.1	75.9	19.95	 .0724	0.001	702	1	100.0	30
02/01/20	8:30 a	78.3	78.3	76.8	89	74.8	0.0	---	0.00	0.0	---	78.3	83.2	83.2	84.8	29.840	0.00	0.00	81	3.48	229	0.7	0.15	1.8	0.000	0.277	73.5	89	70.1	75.9	19.95	 .0724	0.000	701	1	100.0	30
02/01/20	9:00 a	80.5	80.5	78.2	89	77.0	0.0	SE	0.00	4.0	S	80.5	87.7	87.7	89.1	29.844	0.00	0.00	77	3.31	366	1.5	0.32	2.7	0.000	0.323	73.5	89	70.1	75.9	19.95	 .0724	0.002	698	1	100.0	30
02/01/20	9:30 a	84.1	84.1	80.6	81	77.6	1.0	SSW	0.50	5.0	SSW	84.1	95.0	95.0	105.9	29.841	0.00	0.00	525	22.58	744	4.2	0.90	5.5	0.000	0.398	73.5	89	70.1	75.9	19.95	 .0724	0.000	702	1	100.0	30
02/01/20	10:00 a	85.5	85.6	84.1	81	79.0	1.0	S	0.50	5.0	S	85.5	98.0	98.0	109.8	29.837	0.00	0.00	813	34.96	900	6.4	1.37	7.2	0.000	0.427	73.4	89	70.0	75.8	19.95	 .0724	0.017	702	1	100.0	30
02/01/20	10:30 a	86.0	86.4	85.4	76	77.5	2.0	SSW	1.00	7.0	SSW	86.0	97.4	97.4	109.4	29.830	0.00	0.00	876	37.67	1032	7.2	1.54	8.6	0.000	0.438	73.5	89	70.1	75.9	19.95	 .0724	0.000	700	1	100.0	30
02/01/20	11:00 a	87.2	87.6	86.1	74	77.9	2.0	SSW	1.00	5.0	SW	87.2	99.5	99.5	113.1	29.815	0.00	0.00	1013	43.56	1079	9.1	1.95	9.4	0.000	0.462	73.5	89	70.1	75.9	19.95	 .0723	0.024	700	1	100.0	30
02/01/20	11:30 a	86.9	88.0	86.9	71	76.4	2.0	S	1.00	7.0	S	86.9	97.7	97.7	110.3	29.801	0.00	0.00	957	41.16	997	9.7	2.08	10.0	0.000	0.456	73.5	89	70.1	75.9	19.95	 .0723	0.000	700	1	100.0	30
02/01/20	12:00 p	87.5	88.5	86.9	70	76.5	2.0	SSW	1.00	10.0	SSE	87.5	98.3	98.3	111.1	29.783	0.00	0.00	954	41.03	962	10.0	2.14	10.0	0.000	0.469	73.5	89	70.1	75.9	19.95	 .0723	0.026	700	1	100.0	30
02/01/20	12:30 p	87.3	87.7	86.7	71	76.7	3.0	SE	1.50	14.0	WSW	87.3	98.4	98.4	111.7	29.780	0.00	0.00	946	40.68	962	9.8	2.10	10.0	0.000	0.465	73.5	89	70.1	75.9	19.95	 .0722	0.000	701	1	100.0	30
02/01/20	1:00 p	86.9	87.8	86.7	70	75.9	3.0	SE	1.50	9.0	ESE	86.9	97.3	97.3	111.1	29.774	0.00	0.00	919	39.52	935	9.2	1.97	9.6	0.000	0.456	73.5	89	70.1	75.9	19.95	 .0722	0.025	703	1	100.0	30
02/01/20	1:30 p	86.8	88.0	86.8	72	76.7	3.0	ESE	1.50	11.0	S	86.8	97.9	97.9	112.5	29.758	0.00	0.00	875	37.63	898	8.3	1.78	8.8	0.000	0.454	73.5	90	70.4	75.9	20.45	 .0722	0.000	698	1	100.0	30
02/01/20	2:00 p	87.4	88.5	86.8	72	77.3	2.0	SE	1.00	11.0	S	87.4	99.0	99.0	114.5	29.742	0.00	0.00	813	34.96	846	7.1	1.52	7.7	0.000	0.467	73.5	90	70.4	75.9	20.45	 .0721	0.023	699	1	100.0	30
02/01/20	2:30 p	86.7	87.6	86.6	73	77.0	3.0	E	1.50	10.0	S	86.7	98.0	98.0	114.2	29.731	0.00	0.00	734	31.57	773	5.6	1.20	6.3	0.000	0.452	73.5	90	70.4	75.9	20.45	 .0721	0.000	701	1	100.0	30
02/01/20	3:00 p	86.3	87.3	86.3	74	77.0	3.0	SE	1.50	9.0	SE	86.3	97.4	97.4	114.4	29.729	0.00	0.00	648	27.87	693	4.2	0.90	4.9	0.000	0.444	73.6	90	70.5	76.0	20.45	 .0721	0.019	700	1	100.0	30
02/01/20	3:30 p	86.0	86.7	85.8	76	77.5	2.0	SE	1.00	8.0	SE	86.0	97.4	97.4	114.8	29.729	0.00	0.00	546	23.48	589	2.8	0.60	3.4	0.000	0.438	73.5	90	70.4	75.9	20.45	 .0721	0.000	701	1	100.0	30
02/01/20	4:00 p	85.5	86.4	85.5	75	76.7	2.0	S	1.00	8.0	SE	85.5	95.8	95.8	112.4	29.724	0.00	0.00	441	18.97	510	1.7	0.36	2.2	0.000	0.427	73.6	90	70.5	76.0	20.45	 .0721	0.014	701	1	100.0	30
02/01/20	4:30 p	84.3	85.5	84.3	77	76.3	1.0	SSE	0.50	9.0	SE	84.3	94.0	94.0	98.0	29.730	0.00	0.00	257	11.05	346	0.8	0.17	1.2	0.000	0.402	73.5	90	70.4	75.9	20.45	 .0721	0.000	701	1	100.0	30
02/01/20	5:00 p	82.5	84.3	82.5	80	75.7	1.0	SE	0.50	7.0	SE	82.5	90.3	90.3	89.9	29.735	0.00	0.00	57	2.45	67	0.1	0.02	0.5	0.000	0.365	73.5	90	70.4	75.9	20.45	 .0721	0.005	700	1	100.0	30
02/01/20	5:30 p	82.0	82.5	81.8	81	75.6	1.0	SE	0.50	3.0	E	82.0	89.2	89.2	88.6	29.745	0.00	0.00	46	1.98	65	0.0	0.00	0.0	0.000	0.354	73.6	90	70.5	76.0	20.45	 .0721	0.000	702	1	100.0	30
02/01/20	6:00 p	81.1	82.1	81.0	84	75.8	1.0	NE	0.50	4.0	E	81.1	87.8	87.8	86.3	29.759	0.00	0.00	4	0.17	18	0.0	0.00	0.0	0.000	0.335	73.6	90	70.5	76.0	20.45	 .0722	0.001	699	1	100.0	30
02/01/20	6:30 p	80.2	81.2	80.2	85	75.3	0.0	E	0.00	1.0	E	80.2	86.0	86.0	84.4	29.765	0.00	0.00	0	0.00	0	0.0	0.00	0.0	0.000	0.317	73.5	90	70.4	75.9	20.45	 .0722	0.000	701	1	100.0	30
02/01/20	7:00 p	79.4	80.2	79.4	86	74.8	0.0	E	0.00	1.0	E	79.4	84.7	84.7	83.1	29.775	0.00	0.00	0	0.00	0	0.0	0.00	0.0	0.000	0.300	73.6	90	70.5	76.0	20.45	 .0722	0.001	702	1	100.0	30
02/01/20	7:30 p	78.9	79.4	78.9	86	74.4	0.0	---	0.00	0.0	---	78.9	83.7	83.7	82.1	29.785	0.00	0.00	0	0.00	0	0.0	0.00	0.0	0.000	0.290	73.6	90	70.5	76.0	20.45	 .0722	0.000	702	1	100.0	30
02/01/20	8:00 p	78.9	79.0	78.8	87	74.7	0.0	---	0.00	0.0	---	78.9	83.9	83.9	82.3	29.797	0.00	0.00	0	0.00	0	0.0	0.00	0.0	0.000	0.290	73.6	90	70.5	76.0	20.45	 .0722	0.001	701	1	100.0	30
02/01/20	8:30 p	78.7	79.0	78.6	87	74.5	0.0	---	0.00	0.0	---	78.7	83.6	83.6	82.0	29.810	0.00	0.00	0	0.00	0	0.0	0.00	0.0	0.000	0.285	73.5	90	70.4	75.9	20.45	 .0723	0.000	703	1	100.0	30
02/01/20	9:00 p	78.2	78.8	78.1	87	74.0	0.0	---	0.00	0.0	---	78.2	82.7	82.7	81.1	29.816	0.00	0.00	0	0.00	0	0.0	0.00	0.0	0.000	0.275	73.5	90	70.4	75.9	20.45	 .0723	0.001	699	1	100.0	30
02/01/20	9:30 p	77.5	78.3	77.5	87	73.3	0.0	---	0.00	0.0	---	77.5	81.6	81.6	79.9	29.818	0.00	0.00	0	0.00	0	0.0	0.00	0.0	0.000	0.260	73.5	90	70.4	75.9	20.45	 .0723	0.000	702	1	100.0	30
02/01/20	10:00 p	77.4	77.5	77.3	87	73.2	0.0	---	0.00	0.0	---	77.4	81.4	81.4	79.7	29.813	0.00	0.00	0	0.00	0	0.0	0.00	0.0	0.000	0.258	73.5	90	70.4	75.9	20.45	 .0723	0.001	698	1	100.0	30
02/01/20	10:30 p	76.8	77.5	76.8	87	72.6	0.0	---	0.00	0.0	---	76.8	80.5	80.5	78.7	29.811	0.00	0.00	0	0.00	0	0.0	0.00	0.0	0.000	0.246	73.6	90	70.5	76.0	20.45	 .0723	0.000	702	1	100.0	30
02/01/20	11:00 p	76.2	76.9	76.2	88	72.4	0.0	---	0.00	0.0	---	76.2	79.7	79.7	77.9	29.803	0.00	0.00	0	0.00	0	0.0	0.00	0.0	0.000	0.233	73.6	90	70.5	76.0	20.45	 .0723	0.001	702	1	100.0	30
02/01/20	11:30 p	75.3	76.2	75.3	88	71.5	0.0	---	0.00	0.0	---	75.3	78.6	78.6	76.8	29.798	0.00	0.00	0	0.00	0	0.0	0.00	0.0	0.000	0.215	73.6	90	70.5	76.0	20.45	 .0722	0.000	700	1	100.0	30
02/02/20	12:00 a	75.0	75.4	74.9	88	71.2	0.0	---	0.00	0.0	---	75.0	78.2	78.2	76.4	29.792	0.00	0.00	0	0.00	0	0.0	0.00	0.0	0.000	0.208	73.6	90	70.5	76.0	20.45	 .0722	0.000	701	1	100.0	30
02/02/20	12:30 a	74.4	74.9	74.4	88	70.6	0.0	---	0.00	0.0	---	74.4	77.1	77.1	75.2	29.782	0.00	0.00	0	0.00	0	0.0	0.00	0.0	0.000	0.196	73.6	90	70.5	76.0	20.45	 .0722	0.000	699	1	100.0	30
02/02/20	1:00 a	74.2	74.5	74.1	88	70.4	0.0	---	0.00	0.0	---	74.2	76.7	76.7	74.8	29.766	0.00	0.00	0	0.00	0	0.0	0.00	0.0	0.000	0.192	73.6	90	70.5	76.0	20.45	 .0722	0.000	700	1	100.0	30
02/02/20	1:30 a	73.9	74.2	73.9	88	70.1	0.0	---	0.00	0.0	---	73.9	76.2	76.2	74.3	29.757	0.00	0.00	0	0.00	0	0.0	0.00	0.0	0.000	0.185	73.6	90	70.5	76.0	20.45	 .0721	0.000	701	1	100.0	30
02/02/20	2:00 a	73.6	73.9	73.6	88	69.8	0.0	---	0.00	0.0	---	73.6	75.9	75.9	73.9	29.742	0.00	0.00	0	0.00	0	0.0	0.00	0.0	0.000	0.179	73.6	90	70.5	76.0	20.45	 .0721	0.000	703	1	100.0	30
02/02/20	2:30 a	73.5	73.7	73.5	88	69.7	0.0	---	0.00	0.0	---	73.5	75.8	75.8	73.8	29.733	0.00	0.00	0	0.00	0	0.0	0.00	0.0	0.000	0.177	73.6	90	70.5	76.0	20.45	 .0721	0.000	701	1	100.0	30
02/02/20	3:00 a	73.6	73.7	73.5	88	69.8	0.0	---	0.00	0.0	---	73.6	75.9	75.9	73.9	29.733	0.00	0.00	0	0.00	0	0.0	0.00	0.0	0.000	0.179	73.6	90	70.5	76.0	20.45	 .0721	0.000	702	1	100.0	30
02/02/20	3:30 a	73.6	73.7	73.5	89	70.2	0.0	---	0.00	0.0	---	73.6	76.0	76.0	74.1	29.730	0.00	0.00	0	0.00	0	0.0	0.00	0.0	0.000	0.179	73.5	90	70.4	75.9	20.45	 .0721	0.000	699	1	100.0	30
02/02/20	4:00 a	73.6	73.7	73.4	89	70.2	0.0	---	0.00	0.0	---	73.6	76.0	76.0	74.1	29.733	0.00	0.00	0	0.00	0	0.0	0.00	0.0	0.000	0.179	73.6	90	70.5	76.0	20.45	 .0721	0.000	701	1	100.0	30
02/02/20	4:30 a	73.5	73.6	73.3	89	70.1	0.0	---	0.00	0.0	---	73.5	75.9	75.9	74.0	29.736	0.00	0.00	0	0.00	0	0.0	0.00	0.0	0.000	0.177	73.6	90	70.5	76.0	20.45	 .0721	0.000	697	1	100.0	30
02/02/20	5:00 a	73.5	73.5	73.1	89	70.1	0.0	---	0.00	0.0	---	73.5	75.9	75.9	74.0	29.746	0.00	0.00	0	0.00	0	0.0	0.00	0.0	0.000	0.177	73.5	90	70.4	75.9	20.45	 .0721	0.000	697	1	100.0	30
02/02/20	5:30 a	73.3	73.5	73.3	89	69.9	0.0	---	0.00	0.0	---	73.3	75.7	75.7	73.7	29.751	0.00	0.00	0	0.00	0	0.0	0.00	0.0	0.000	0.173	73.5	90	70.4	75.9	20.45	 .0722	0.000	702	1	100.0	30
02/02/20	6:00 a	73.5	73.5	73.2	89	70.1	0.0	---	0.00	0.0	---	73.5	75.9	75.9	74.0	29.763	0.00	0.00	0	0.00	0	0.0	0.00	0.0	0.000	0.177	73.5	90	70.4	75.9	20.45	 .0722	0.000	700	1	100.0	30
02/02/20	6:30 a	73.8	73.8	73.4	89	70.4	0.0	---	0.00	0.0	---	73.8	76.2	76.2	75.9	29.784	0.00	0.00	13	0.56	21	0.0	0.00	0.0	0.000	0.183	73.5	90	70.4	75.9	20.45	 .0722	0.000	702	1	100.0	30
02/02/20	7:00 a	74.6	74.6	73.8	89	71.1	0.0	---	0.00	0.0	---	74.6	77.5	77.5	77.7	29.792	0.00	0.00	26	1.12	35	0.0	0.00	0.0	0.000	0.200	73.6	90	70.5	76.0	20.45	 .0722	0.001	701	1	100.0	30
02/02/20	7:30 a	75.8	75.9	74.6	89	72.3	0.0	---	0.00	0.0	---	75.8	79.2	79.2	79.7	29.803	0.00	0.00	37	1.59	54	0.0	0.00	0.0	0.000	0.225	73.5	90	70.4	75.9	20.45	 .0723	0.000	703	1	100.0	30
02/02/20	8:00 a	77.3	77.3	75.8	89	73.8	0.0	---	0.00	0.0	---	77.3	81.4	81.4	81.8	29.802	0.00	0.00	39	1.68	51	0.0	0.00	0.0	0.000	0.256	73.5	90	70.4	75.9	20.45	 .0723	0.001	695	1	100.0	30
02/02/20	8:30 a	78.8	78.8	77.4	89	75.3	0.0	---	0.00	0.0	---	78.8	84.1	84.1	85.4	29.809	0.00	0.00	69	2.97	179	0.7	0.15	1.9	0.000	0.288	73.5	90	70.4	75.9	20.45	 .0723	0.000	700	1	100.0	30
02/02/20	9:00 a	81.0	81.0	78.7	88	77.1	0.0	WNW	0.00	3.0	SE	81.0	88.6	88.6	90.1	29.817	0.00	0.00	81	3.48	566	1.6	0.34	3.2	0.000	0.333	73.5	90	70.4	75.9	20.45	 .0723	0.002	700	1	100.0	30
02/02/20	9:30 a	84.5	84.5	80.9	79	77.3	2.0	SSW	1.00	8.0	SW	84.5	95.1	95.1	106.3	29.816	0.00	0.00	545	23.44	724	4.3	0.92	5.7	0.000	0.406	73.5	90	70.4	75.9	20.45	 .0723	0.000	701	1	100.0	30
02/02/20	10:00 a	85.7	85.9	84.1	76	77.3	1.0	S	0.50	4.0	SSW	85.7	96.6	96.6	108.9	29.818	0.00	0.00	765	32.90	809	6.5	1.39	7.3	0.000	0.431	73.5	90	70.4	75.9	20.45	 .0723	0.017	701	1	100.0	30
02/02/20	10:30 a	85.6	86.7	85.6	75	76.8	2.0	SSW	1.00	7.0	WSW	85.6	96.0	96.0	108.4	29.814	0.00	0.00	777	33.42	898	7.4	1.59	8.9	0.000	0.429	73.5	90	70.4	75.9	20.45	 .0723	0.000	702	1	100.0	30
02/02/20	11:00 a	87.7	87.8	84.9	72	77.5	2.0	SSW	1.00	5.0	SSW	87.7	99.5	99.5	111.3	29.808	0.00	0.00	848	36.47	1111	8.7	1.86	10.7	0.000	0.473	73.6	90	70.5	76.0	20.45	 .0723	0.021	701	1	100.0	30
02/02/20	11:30 a	86.1	87.7	85.6	77	78.0	2.0	SW	1.00	7.0	S	86.1	98.0	98.0	110.0	29.788	0.00	0.00	655	28.17	1215	8.5	1.82	11.7	0.000	0.440	73.5	90	70.4	75.9	20.45	 .0722	0.000	701	1	100.0	30
02/02/20	12:00 p	87.2	87.9	86.2	73	77.5	2.0	SSW	1.00	9.0	SSE	87.2	99.1	99.1	112.1	29.778	0.00	0.00	963	41.41	984	10.4	2.23	10.5	0.000	0.462	73.5	90	70.4	75.9	20.45	 .0722	0.023	702	1	100.0	30
02/02/20	12:30 p	87.2	88.4	87.1	73	77.5	2.0	SSW	1.00	8.0	SW	87.2	99.1	99.1	112.1	29.773	0.00	0.00	924	39.74	1208	9.6	2.06	11.3	0.000	0.462	73.4	90	70.3	75.9	20.45	 .0722	0.000	702	1	100.0	30
02/02/20	1:00 p	86.2	88.2	86.2	76	77.7	2.0	SSW	1.00	5.0	SSW	86.2	97.9	97.9	109.1	29.764	0.00	0.00	561	24.13	1223	7.2	1.54	11.0	0.000	0.442	73.4	90	70.3	75.9	20.45	 .0722	0.021	701	1	100.0	30
02/02/20	1:30 p	87.8	88.1	85.4	72	77.6	3.0	SSW	1.50	7.0	SE	87.8	99.6	99.6	111.2	29.743	0.00	0.00	706	30.36	1155	7.2	1.54	9.1	0.000	0.475	73.5	90	70.4	75.9	20.45	 .0721	0.000	701	1	100.0	30
02/02/20	2:00 p	86.6	87.9	86.5	73	76.9	2.0	SW	1.00	6.0	S	86.6	97.8	97.8	113.1	29.734	0.00	0.00	808	34.75	997	6.4	1.37	8.2	0.000	0.450	73.4	90	70.3	75.9	20.45	 .0721	0.020	701	1	100.0	30
02/02/20	2:30 p	88.1	88.9	86.6	72	77.9	2.0	S	1.00	6.0	S	88.1	100.3	100.3	119.6	29.727	0.00	0.00	865	37.20	951	5.9	1.26	6.6	0.000	0.481	73.4	90	70.3	75.9	20.45	 .0721	0.000	702	1	100.0	30
02/02/20	3:00 p	86.2	88.4	86.2	71	75.7	2.0	SSW	1.00	6.0	S	86.2	96.1	96.1	107.6	29.721	0.00	0.00	461	19.83	911	3.2	0.69	5.5	0.000	0.442	73.5	90	70.4	75.9	20.45	 .0721	0.018	699	1	100.0	30
02/02/20	3:30 p	86.2	86.2	85.5	73	76.5	1.0	S	0.50	4.0	ESE	86.2	96.8	96.8	106.5	29.717	0.00	0.00	326	14.02	689	2.3	0.49	3.2	0.000	0.442	73.5	90	70.4	75.9	20.45	 .0721	0.000	702	1	100.0	30
02/02/20	4:00 p	85.0	86.4	84.9	76	76.6	1.0	S	0.50	5.0	SSW	85.0	95.0	95.0	108.6	29.720	0.00	0.00	370	15.91	561	1.7	0.36	2.3	0.000	0.417	73.5	90	70.4	75.9	20.45	 .0721	0.010	702	1	100.0	30
02/02/20	4:30 p	83.9	84.9	83.3	79	76.7	1.0	S	0.50	2.0	S	83.9	93.9	93.9	95.3	29.727	0.00	0.00	134	5.76	345	0.7	0.15	1.1	0.000	0.394	73.4	90	70.3	75.9	20.45	 .0721	0.000	700	1	100.0	30
02/02/20	5:00 p	82.9	84.2	82.8	82	76.8	0.0	SSW	0.00	3.0	SSE	82.9	92.0	92.0	93.1	29.728	0.00	0.00	121	5.20	146	0.1	0.02	0.5	0.000	0.373	73.4	90	70.3	75.9	20.45	 .0721	0.004	701	1	100.0	30
02/02/20	5:30 p	82.0	83.0	82.0	83	76.3	0.0	S	0.00	4.0	SSW	82.0	89.8	89.8	89.3	29.734	0.00	0.00	47	2.02	84	0.0	0.00	0.0	0.000	0.354	73.4	90	70.3	75.9	20.45	 .0721	0.000	701	1	100.0	30
02/02/20	6:00 p	80.8	82.0	80.8	84	75.5	0.0	S	0.00	1.0	S	80.8	87.1	87.1	85.6	29.741	0.00	0.00	5	0.22	16	0.0	0.00	0.0	0.000	0.329	73.5	90	70.4	75.9	20.45	 .0721	0.001	701	1	100.0	30
02/02/20	6:30 p	80.3	80.9	80.3	85	75.4	0.0	S	0.00	2.0	S	80.3	86.3	86.3	84.7	29.747	0.00	0.00	0	0.00	0	0.0	0.00	0.0	0.000	0.319	73.5	90	70.4	75.9	20.45	 .0721	0.000	700	1	100.0	30
02/02/20	7:00 p	79.5	80.2	79.5	86	74.9	0.0	S	0.00	1.0	S	79.5	84.9	84.9	83.3	29.750	0.00	0.00	0	0.00	0	0.0	0.00	0.0	0.000	0.302	73.5	90	70.4	75.9	20.45	 .0721	0.001	701	1	100.0	30
02/02/20	7:30 p	79.0	79.5	79.0	86	74.5	0.0	---	0.00	0.0	---	79.0	83.9	83.9	82.3	29.753	0.00	0.00	0	0.00	0	0.0	0.00	0.0	0.000	0.292	73.5	90	70.4	75.9	20.45	 .0722	0.000	701	1	100.0	30
02/02/20	8:00 p	78.5	79.0	78.5	87	74.3	0.0	---	0.00	0.0	---	78.5	83.2	83.2	81.6	29.774	0.00	0.00	0	0.00	0	0.0	0.00	0.0	0.000	0.281	73.6	90	70.5	76.0	20.45	 .0722	0.001	700	1	100.0	30
02/02/20	8:30 p	78.3	78.6	78.3	87	74.1	0.0	---	0.00	0.0	---	78.3	82.9	82.9	81.3	29.780	0.00	0.00	0	0.00	0	0.0	0.00	0.0	0.000	0.277	73.7	90	70.6	76.1	20.45	 .0722	0.000	701	1	100.0	30
02/02/20	9:00 p	78.1	78.3	78.0	88	74.3	0.0	---	0.00	0.0	---	78.1	82.7	82.7	81.1	29.781	0.00	0.00	0	0.00	0	0.0	0.00	0.0	0.000	0.273	73.6	90	70.5	76.0	20.45	 .0722	0.001	699	1	100.0	30
02/02/20	9:30 p	77.7	78.0	77.7	88	73.9	0.0	---	0.00	0.0	---	77.7	82.0	82.0	80.3	29.779	0.00	0.00	0	0.00	0	0.0	0.00	0.0	0.000	0.265	73.7	90	70.6	76.1	20.45	 .0722	0.000	703	1	100.0	30
02/02/20	10:00 p	77.4	77.7	77.4	88	73.6	0.0	---	0.00	0.0	---	77.4	81.5	81.5	79.8	29.778	0.00	0.00	0	0.00	0	0.0	0.00	0.0	0.000	0.258	73.7	90	70.6	76.1	20.45	 .0722	0.000	696	1	100.0	30
02/02/20	10:30 p	77.3	77.5	77.2	88	73.5	0.0	---	0.00	0.0	---	77.3	81.3	81.3	79.6	29.771	0.00	0.00	0	0.00	0	0.0	0.00	0.0	0.000	0.256	73.7	90	70.6	76.1	20.45	 .0722	0.000	699	1	100.0	30
02/02/20	11:00 p	77.0	77.3	77.0	88	73.2	0.0	---	0.00	0.0	---	77.0	80.8	80.8	79.1	29.768	0.00	0.00	0	0.00	0	0.0	0.00	0.0	0.000	0.250	73.7	90	70.6	76.1	20.45	 .0722	0.000	700	1	100.0	30
02/02/20	11:30 p	76.9	77.1	76.8	88	73.1	0.0	---	0.00	0.0	---	76.9	80.7	80.7	79.0	29.758	0.00	0.00	0	0.00	0	0.0	0.00	0.0	0.000	0.248	73.7	90	70.6	76.1	20.45	 .0721	0.000	702	1	100.0	30
02/03/20	12:00 a	76.7	76.9	76.6	88	72.9	0.0	---	0.00	0.0	---	76.7	80.4	80.4	78.6	29.750	0.00	0.00	0	0.00	0	0.0	0.00	0.0	0.000	0.244	73.7	90	70.6	76.1	20.45	 .0721	0.000	699	1	100.0	30
02/03/20	12:30 a	76.6	76.7	76.5	89	73.1	0.0	---	0.00	0.0	---	76.6	80.3	80.3	78.6	29.742	0.00	0.00	0	0.00	0	0.0	0.00	0.0	0.000	0.242	73.7	90	70.6	76.1	20.45	 .0721	0.000	699	1	100.0	30
02/03/20	1:00 a	76.6	76.6	76.4	89	73.1	0.0	---	0.00	0.0	---	76.6	80.3	80.3	78.6	29.737	0.00	0.00	0	0.00	0	0.0	0.00	0.0	0.000	0.242	73.7	90	70.6	76.1	20.45	 .0721	0.000	701	1	100.0	30
02/03/20	1:30 a	76.4	76.7	76.4	89	72.9	0.0	---	0.00	0.0	---	76.4	80.0	80.0	78.2	29.733	0.00	0.00	0	0.00	0	0.0	0.00	0.0	0.000	0.238	73.7	90	70.6	76.1	20.45	 .0721	0.000	700	1	100.0	30
02/03/20	2:00 a	76.3	76.4	76.2	89	72.8	0.0	---	0.00	0.0	---	76.3	79.9	79.9	78.1	29.725	0.00	0.00	0	0.00	0	0.0	0.00	0.0	0.000	0.235	73.7	90	70.6	76.1	20.45	 .0720	0.000	700	1	100.0	30
02/03/20	2:30 a	76.0	76.3	75.9	89	72.5	0.0	---	0.00	0.0	---	76.0	79.4	79.4	77.6	29.721	0.00	0.00	0	0.00	0	0.0	0.00	0.0	0.000	0.229	73.7	90	70.6	76.1	20.45	 .0720	0.000	701	1	100.0	30
02/03/20	3:00 a	75.8	76.0	75.7	89	72.3	0.0	---	0.00	0.0	---	75.8	79.2	79.2	77.4	29.721	0.00	0.00	0	0.00	0	0.0	0.00	0.0	0.000	0.225	73.7	90	70.6	76.1	20.45	 .0720	0.000	703	1	100.0	30
02/03/20	3:30 a	75.5	75.9	75.5	89	72.0	0.0	---	0.00	0.0	---	75.5	78.9	78.9	77.1	29.721	0.00	0.00	0	0.00	0	0.0	0.00	0.0	0.000	0.219	73.7	90	70.6	76.1	20.45	 .0720	0.000	702	1	100.0	30
02/03/20	4:00 a	75.7	75.8	75.5	89	72.2	0.0	---	0.00	0.0	---	75.7	79.1	79.1	77.3	29.727	0.00	0.00	0	0.00	0	0.0	0.00	0.0	0.000	0.223	73.7	90	70.6	76.1	20.45	 .0721	0.000	696	1	100.0	30
02/03/20	4:30 a	75.6	75.8	75.5	89	72.1	0.0	---	0.00	0.0	---	75.6	79.0	79.0	77.2	29.733	0.00	0.00	0	0.00	0	0.0	0.00	0.0	0.000	0.221	73.7	90	70.6	76.1	20.45	 .0721	0.000	687	1	100.0	30
02/03/20	5:00 a	75.3	75.6	75.2	89	71.8	0.0	---	0.00	0.0	---	75.3	78.7	78.7	76.9	29.740	0.00	0.00	0	0.00	0	0.0	0.00	0.0	0.000	0.215	73.7	90	70.6	76.1	20.45	 .0721	0.000	680	1	99.4	30
02/03/20	5:30 a	75.3	75.4	75.2	89	71.8	0.0	---	0.00	0.0	---	75.3	78.7	78.7	76.9	29.748	0.00	0.00	0	0.00	0	0.0	0.00	0.0	0.000	0.215	73.7	90	70.6	76.1	20.45	 .0721	0.000	691	1	100.0	30
02/03/20	6:00 a	75.0	75.2	74.9	89	71.5	0.0	---	0.00	0.0	---	75.0	78.3	78.3	76.5	29.764	0.00	0.00	0	0.00	0	0.0	0.00	0.0	0.000	0.208	73.7	90	70.6	76.1	20.45	 .0721	0.000	699	1	100.0	30
02/03/20	6:30 a	75.7	75.7	74.9	89	72.2	0.0	---	0.00	0.0	---	75.7	79.1	79.1	79.2	29.776	0.00	0.00	21	0.90	49	0.0	0.00	0.0	0.000	0.223	73.7	90	70.6	76.1	20.45	 .0722	0.000	701	1	100.0	30
02/03/20	7:00 a	76.4	76.6	75.7	89	72.9	0.0	---	0.00	0.0	---	76.4	80.0	80.0	81.0	29.790	0.00	0.00	44	1.89	53	0.0	0.00	0.0	0.000	0.238	73.7	90	70.6	76.1	20.45	 .0722	0.001	699	1	100.0	30
02/03/20	7:30 a	77.4	77.4	76.4	89	73.9	0.0	---	0.00	0.0	---	77.4	81.6	81.6	82.7	29.796	0.00	0.00	53	2.28	62	0.3	0.06	0.8	0.000	0.258	73.7	90	70.6	76.1	20.45	 .0722	0.000	694	1	100.0	30
02/03/20	8:00 a	78.7	78.7	77.3	89	75.2	0.0	---	0.00	0.0	---	78.7	83.9	83.9	85.2	29.809	0.00	0.00	65	2.80	72	1.0	0.21	1.3	0.000	0.285	73.6	90	70.5	76.0	20.45	 .0723	0.002	699	1	100.0	30
02/03/20	8:30 a	79.9	80.0	78.6	89	76.4	0.0	---	0.00	0.0	---	79.9	86.4	86.4	88.3	29.814	0.00	0.00	90	3.87	141	1.6	0.34	1.9	0.000	0.310	73.5	90	70.4	75.9	20.45	 .0723	0.000	701	1	100.0	30
02/03/20	9:00 a	81.2	81.4	79.9	87	77.0	0.0	---	0.00	0.0	---	81.2	88.9	88.9	92.3	29.817	0.00	0.00	152	6.54	536	2.4	0.51	3.7	0.000	0.337	73.6	90	70.5	76.0	20.45	 .0723	0.003	701	1	100.0	30
02/03/20	9:30 a	85.0	85.1	81.2	75	76.2	1.0	E	0.50	5.0	SSE	85.0	94.6	94.6	105.7	29.821	0.00	0.00	544	23.40	728	4.3	0.92	5.5	0.000	0.417	73.6	90	70.5	76.0	20.45	 .0723	0.000	702	1	100.0	30
02/03/20	10:00 a	86.2	86.3	85.0	73	76.5	1.0	SSE	0.50	5.0	SE	86.2	96.8	96.8	109.1	29.820	0.00	0.00	753	32.38	798	6.2	1.33	7.1	0.000	0.442	73.5	90	70.4	75.9	20.45	 .0723	0.016	700	1	100.0	30
02/03/20	10:30 a	87.2	87.5	86.2	73	77.5	2.0	S	1.00	6.0	ESE	87.2	99.1	99.1	110.8	29.816	0.00	0.00	860	36.98	893	7.9	1.69	8.6	0.000	0.462	73.6	90	70.5	76.0	20.45	 .0723	0.000	699	1	100.0	30
02/03/20	11:00 a	87.9	88.1	86.7	73	78.2	2.0	S	1.00	7.0	SSE	87.9	100.3	100.3	112.5	29.810	0.00	0.00	920	39.57	954	9.1	1.95	9.6	0.000	0.477	73.5	90	70.4	75.9	20.45	 .0723	0.024	699	1	100.0	30
02/03/20	11:30 a	88.2	88.9	87.8	74	78.9	2.0	E	1.00	8.0	S	88.2	101.7	101.7	114.4	29.795	0.00	0.00	959	41.24	972	9.9	2.12	10.2	0.000	0.483	73.4	90	70.3	75.9	20.45	 .0723	0.000	702	1	100.0	30
02/03/20	12:00 p	87.9	88.7	87.7	72	77.7	2.0	SSE	1.00	7.0	SE	87.9	99.8	99.8	112.9	29.786	0.00	0.00	970	41.72	976	10.3	2.21	10.3	0.000	0.477	73.4	90	70.3	75.9	20.45	 .0723	0.026	702	1	100.0	30
02/03/20	12:30 p	88.4	89.3	87.5	73	78.6	2.0	SSE	1.00	11.0	SSE	88.4	102.0	102.0	115.7	29.781	0.00	0.00	964	41.46	998	10.0	2.14	10.3	0.000	0.488	73.4	90	70.3	75.9	20.45	 .0722	0.000	698	1	100.0	30
02/03/20	1:00 p	88.0	88.8	87.5	74	78.7	2.0	SE	1.00	10.0	SSE	88.0	100.9	100.9	115.6	29.771	0.00	0.00	963	41.41	1011	9.4	2.01	10.1	0.000	0.479	73.4	90	70.3	75.9	20.45	 .0722	0.026	699	1	100.0	30
02/03/20	1:30 p	87.6	89.1	87.6	73	77.9	2.0	E	1.00	9.0	WSW	87.6	99.8	99.8	114.7	29.749	0.00	0.00	890	38.27	956	7.9	1.69	9.0	0.000	0.471	73.4	90	70.3	75.9	20.45	 .0722	0.000	700	1	100.0	30
02/03/20	2:00 p	87.7	88.6	87.5	73	78.0	3.0	ESE	1.50	10.0	SSE	87.7	99.9	99.9	116.6	29.739	0.00	0.00	871	37.46	967	7.1	1.52	8.1	0.000	0.473	73.4	90	70.3	75.9	20.45	 .0721	0.022	703	1	100.0	30
02/03/20	2:30 p	87.4	88.2	87.2	73	77.7	3.0	SE	1.50	11.0	SE	87.4	99.4	99.4	116.9	29.723	0.00	0.00	789	33.93	858	5.6	1.20	6.5	0.000	0.467	73.4	90	70.3	75.9	20.45	 .0721	0.000	700	1	100.0	30
02/03/20	3:00 p	86.4	87.7	86.3	76	77.9	2.0	SE	1.00	11.0	NE	86.4	98.5	98.5	115.9	29.722	0.00	0.00	662	28.47	851	4.2	0.90	5.0	0.000	0.446	73.4	90	70.3	75.9	20.45	 .0721	0.019	701	1	100.0	30
02/03/20	3:30 p	86.3	87.0	86.1	76	77.8	2.0	SE	1.00	9.0	SE	86.3	98.2	98.2	112.4	29.718	0.00	0.00	456	19.61	677	2.4	0.51	3.5	0.000	0.444	73.3	90	70.2	75.8	20.45	 .0721	0.000	699	1	100.0	30
02/03/20	4:00 p	85.6	86.4	85.4	76	77.2	2.0	SE	1.00	7.0	WSW	85.6	96.4	96.4	110.7	29.718	0.00	0.00	385	16.56	570	1.4	0.30	2.1	0.000	0.429	73.3	90	70.2	75.8	20.45	 .0721	0.012	698	1	100.0	30
02/03/20	4:30 p	84.8	86.5	84.8	76	76.4	2.0	SSE	1.00	9.0	SSE	84.8	94.6	94.6	100.0	29.723	0.00	0.00	318	13.68	485	0.8	0.17	1.2	0.000	0.413	73.4	90	70.3	75.9	20.45	 .0721	0.000	701	1	100.0	30
02/03/20	5:00 p	83.9	84.9	83.8	80	77.1	1.0	SSE	0.50	7.0	SSE	83.9	94.2	94.2	95.0	29.732	0.00	0.00	104	4.47	142	0.0	0.00	0.5	0.000	0.394	73.5	90	70.4	75.9	20.45	 .0721	0.006	701	1	100.0	30
02/03/20	5:30 p	82.5	83.9	82.5	81	76.1	1.0	ESE	0.50	3.0	ESE	82.5	90.6	90.6	89.6	29.741	0.00	0.00	24	1.03	56	0.0	0.00	0.0	0.000	0.365	73.5	90	70.4	75.9	20.45	 .0721	0.000	699	1	100.0	30
02/03/20	6:00 p	81.7	82.6	81.6	83	76.0	0.0	NE	0.00	2.0	NNE	81.7	89.0	89.0	87.5	29.745	0.00	0.00	0	0.00	0	0.0	0.00	0.0	0.000	0.348	73.6	90	70.5	76.0	20.45	 .0721	0.001	700	1	100.0	30
02/03/20	6:30 p	81.0	81.8	80.9	84	75.7	0.0	NE	0.00	3.0	E	81.0	87.5	87.5	85.9	29.755	0.00	0.00	0	0.00	0	0.0	0.00	0.0	0.000	0.333	73.5	90	70.4	75.9	20.45	 .0722	0.000	700	1	100.0	30
02/03/20	7:00 p	80.5	81.1	80.3	85	75.6	0.0	E	0.00	2.0	E	80.5	86.7	86.7	85.1	29.764	0.00	0.00	0	0.00	0	0.0	0.00	0.0	0.000	0.323	73.5	90	70.4	75.9	20.45	 .0722	0.001	698	1	100.0	30
02/03/20	7:30 p	79.9	80.4	79.8	86	75.3	0.0	---	0.00	0.0	---	79.9	85.6	85.6	84.0	29.775	0.00	0.00	0	0.00	0	0.0	0.00	0.0	0.000	0.310	73.4	90	70.3	75.9	20.45	 .0722	0.000	700	1	100.0	30
02/03/20	8:00 p	79.5	79.9	79.4	86	74.9	0.0	---	0.00	0.0	---	79.5	84.9	84.9	83.3	29.786	0.00	0.00	0	0.00	0	0.0	0.00	0.0	0.000	0.302	73.5	90	70.4	75.9	20.45	 .0722	0.001	700	1	100.0	30
02/03/20	8:30 p	79.2	79.6	79.2	87	75.0	0.0	---	0.00	0.0	---	79.2	84.5	84.5	82.9	29.799	0.00	0.00	0	0.00	0	0.0	0.00	0.0	0.000	0.296	73.5	90	70.4	75.9	20.45	 .0723	0.000	702	1	100.0	30
02/03/20	9:00 p	79.0	79.3	78.9	87	74.8	0.0	---	0.00	0.0	---	79.0	84.1	84.1	82.5	29.804	0.00	0.00	0	0.00	0	0.0	0.00	0.0	0.000	0.292	73.5	90	70.4	75.9	20.45	 .0723	0.001	702	1	100.0	30
02/03/20	9:30 p	78.7	79.0	78.7	87	74.5	0.0	---	0.00	0.0	---	78.7	83.6	83.6	82.0	29.806	0.00	0.00	0	0.00	0	0.0	0.00	0.0	0.000	0.285	73.5	90	70.4	75.9	20.45	 .0723	0.000	700	1	100.0	30
02/03/20	10:00 p	78.5	78.8	78.5	88	74.6	0.0	---	0.00	0.0	---	78.5	83.4	83.4	81.8	29.801	0.00	0.00	0	0.00	0	0.0	0.00	0.0	0.000	0.281	73.5	90	70.4	75.9	20.45	 .0723	0.001	700	1	100.0	30
02/03/20	10:30 p	78.0	78.5	78.0	88	74.2	0.0	---	0.00	0.0	---	78.0	82.5	82.5	80.9	29.790	0.00	0.00	0	0.00	0	0.0	0.00	0.0	0.000	0.271	73.6	90	70.5	76.0	20.45	 .0722	0.000	699	1	100.0	30
02/03/20	11:00 p	77.7	78.1	77.7	88	73.9	0.0	---	0.00	0.0	---	77.7	82.0	82.0	80.3	29.786	0.00	0.00	0	0.00	0	0.0	0.00	0.0	0.000	0.265	73.6	90	70.5	76.0	20.45	 .0722	0.000	700	1	100.0	30
02/03/20	11:30 p	77.5	77.7	77.4	88	73.7	0.0	---	0.00	0.0	---	77.5	81.7	81.7	80.0	29.782	0.00	0.00	0	0.00	0	0.0	0.00	0.0	0.000	0.260	73.6	90	70.5	76.0	20.45	 .0722	0.000	701	1	100.0	30
02/04/20	12:00 a	77.1	77.5	77.1	88	73.3	0.0	---	0.00	0.0	---	77.1	81.0	81.0	79.3	29.774	0.00	0.00	0	0.00	0	0.0	0.00	0.0	0.000	0.252	73.6	90	70.5	76.0	20.45	 .0722	0.000	698	1	100.0	30
02/04/20	12:30 a	76.9	77.1	76.9	88	73.1	0.0	---	0.00	0.0	---	76.9	80.7	80.7	79.0	29.766	0.00	0.00	0	0.00	0	0.0	0.00	0.0	0.000	0.248	73.6	90	70.5	76.0	20.45	 .0722	0.000	700	1	100.0	30
02/04/20	1:00 a	76.6	77.0	76.5	88	72.8	0.0	---	0.00	0.0	---	76.6	80.3	80.3	78.5	29.754	0.00	0.00	0	0.00	0	0.0	0.00	0.0	0.000	0.242	73.7	90	70.6	76.1	20.45	 .0721	0.000	701	1	100.0	30
02/04/20	1:30 a	76.3	76.7	76.3	89	72.8	0.0	---	0.00	0.0	---	76.3	79.9	79.9	78.1	29.749	0.00	0.00	0	0.00	0	0.0	0.00	0.0	0.000	0.235	73.7	90	70.6	76.1	20.45	 .0721	0.000	700	1	100.0	30
02/04/20	2:00 a	76.2	76.5	76.2	89	72.7	0.0	---	0.00	0.0	---	76.2	79.7	79.7	77.9	29.752	0.00	0.00	0	0.00	0	0.0	0.00	0.0	0.000	0.233	73.7	90	70.6	76.1	20.45	 .0721	0.000	703	1	100.0	30
02/04/20	2:30 a	76.3	76.3	76.2	89	72.8	0.0	---	0.00	0.0	---	76.3	79.9	79.9	78.1	29.750	0.00	0.00	0	0.00	0	0.0	0.00	0.0	0.000	0.235	73.7	90	70.6	76.1	20.45	 .0721	0.000	698	1	100.0	30
02/04/20	3:00 a	76.5	76.5	76.2	89	73.0	0.0	---	0.00	0.0	---	76.5	80.2	80.2	78.5	29.743	0.00	0.00	0	0.00	0	0.0	0.00	0.0	0.000	0.240	73.7	90	70.6	76.1	20.45	 .0721	0.000	701	1	100.0	30
02/04/20	3:30 a	76.4	76.5	76.3	89	72.9	0.0	---	0.00	0.0	---	76.4	80.0	80.0	78.2	29.739	0.00	0.00	0	0.00	0	0.0	0.00	0.0	0.000	0.238	73.7	90	70.6	76.1	20.45	 .0721	0.000	701	1	100.0	30
02/04/20	4:00 a	76.3	76.4	76.2	89	72.8	0.0	---	0.00	0.0	---	76.3	79.9	79.9	78.1	29.741	0.00	0.00	0	0.00	0	0.0	0.00	0.0	0.000	0.235	73.7	90	70.6	76.1	20.45	 .0721	0.000	702	1	100.0	30
02/04/20	4:30 a	76.8	76.8	76.2	89	73.3	0.0	---	0.00	0.0	---	76.8	80.6	80.6	78.9	29.754	0.00	0.00	0	0.00	0	0.0	0.00	0.0	0.000	0.246	73.7	90	70.6	76.1	20.45	 .0721	0.000	701	1	100.0	30
02/04/20	5:00 a	76.6	76.9	76.5	89	73.1	0.0	---	0.00	0.0	---	76.6	80.3	80.3	78.6	29.762	0.00	0.00	0	0.00	0	0.0	0.00	0.0	0.000	0.242	73.7	90	70.6	76.1	20.45	 .0721	0.000	700	1	100.0	30
02/04/20	5:30 a	76.2	76.6	76.2	89	72.7	0.0	---	0.00	0.0	---	76.2	79.7	79.7	77.9	29.768	0.00	0.00	0	0.00	0	0.0	0.00	0.0	0.000	0.233	73.7	90	70.6	76.1	20.45	 .0722	0.000	702	1	100.0	30
02/04/20	6:00 a	76.1	76.2	76.0	89	72.6	0.0	---	0.00	0.0	---	76.1	79.6	79.6	77.8	29.779	0.00	0.00	1	0.04	7	0.0	0.00	0.0	0.000	0.231	73.7	90	70.6	76.1	20.45	 .0722	0.000	697	1	100.0	30
02/04/20	6:30 a	76.5	76.6	76.1	89	73.0	0.0	---	0.00	0.0	---	76.5	80.2	80.2	80.8	29.783	0.00	0.00	30	1.29	54	0.0	0.00	0.0	0.000	0.240	73.7	90	70.6	76.1	20.45	 .0722	0.000	699	1	100.0	30
02/04/20	7:00 a	77.6	77.6	76.5	89	74.1	0.0	---	0.00	0.0	---	77.6	82.0	82.0	84.5	29.794	0.00	0.00	77	3.31	91	0.0	0.00	0.0	0.000	0.262	73.7	90	70.6	76.1	20.45	 .0722	0.001	701	1	100.0	30
02/04/20	7:30 a	78.3	78.4	77.6	89	74.8	0.0	---	0.00	0.0	---	78.3	83.2	83.2	86.3	29.808	0.00	0.00	105	4.52	121	0.5	0.11	0.8	0.000	0.277	73.6	90	70.5	76.0	20.45	 .0723	0.000	703	1	100.0	30
02/04/20	8:00 a	78.9	78.9	78.3	89	75.4	0.0	---	0.00	0.0	---	78.9	84.3	84.3	86.9	29.817	0.00	0.00	103	4.43	105	1.1	0.24	1.3	0.000	0.290	73.6	90	70.5	76.0	20.45	 .0723	0.003	698	1	100.0	30
02/04/20	8:30 a	79.8	79.9	78.8	89	76.3	0.0	---	0.00	0.0	---	79.8	86.1	86.1	88.9	29.821	0.00	0.00	120	5.16	146	1.6	0.34	2.0	0.000	0.308	73.5	90	70.4	75.9	20.45	 .0723	0.000	703	1	100.0	30
02/04/20	9:00 a	82.7	82.8	79.8	84	77.4	0.0	---	0.00	0.0	---	82.7	92.0	92.0	96.1	29.822	0.00	0.00	177	7.61	598	2.6	0.56	4.1	0.000	0.369	73.4	90	70.3	75.9	20.45	 .0723	0.004	700	1	100.0	30
02/04/20	9:30 a	85.1	85.1	82.7	76	76.7	1.0	S	0.50	4.0	SSE	85.1	95.2	95.2	106.3	29.818	0.00	0.00	548	23.57	742	4.6	0.99	5.7	0.000	0.419	73.5	90	70.4	75.9	20.45	 .0723	0.000	700	1	100.0	30
02/04/20	10:00 a	88.2	88.2	85.2	72	78.0	2.0	SSW	1.00	4.0	SSE	88.2	100.7	100.7	112.9	29.814	0.00	0.00	780	33.54	846	6.4	1.37	7.2	0.000	0.483	73.5	90	70.4	75.9	20.45	 .0723	0.017	700	1	100.0	30
02/04/20	10:30 a	87.5	88.2	87.1	68	75.6	2.0	SW	1.00	6.0	S	87.5	97.4	97.4	108.7	29.807	0.00	0.00	850	36.55	868	7.7	1.65	8.0	0.000	0.469	73.4	90	70.3	75.9	20.45	 .0723	0.000	702	1	100.0	30
02/04/20	11:00 a	87.9	88.5	87.4	71	77.3	2.0	SSW	1.00	6.0	SSW	87.9	99.3	99.3	110.9	29.798	0.00	0.00	884	38.02	907	8.7	1.86	9.1	0.000	0.477	73.4	90	70.3	75.9	20.45	 .0723	0.023	703	1	100.0	30
02/04/20	11:30 a	87.5	88.5	87.4	70	76.5	2.0	SSW	1.00	7.0	S	87.5	98.3	98.3	110.4	29.777	0.00	0.00	927	39.87	960	9.5	2.04	9.8	0.000	0.469	73.4	90	70.3	75.9	20.45	 .0722	0.000	701	1	100.0	30
02/04/20	12:00 p	87.2	88.5	87.0	72	77.1	2.0	SSW	1.00	6.0	SSE	87.2	98.7	98.7	110.2	29.765	0.00	0.00	865	37.20	988	9.1	1.95	9.9	0.000	0.462	73.3	90	70.2	75.8	20.45	 .0722	0.024	699	1	100.0	30
02/04/20	12:30 p	87.4	87.5	86.7	72	77.3	1.0	S	0.50	5.0	S	87.4	99.0	99.0	111.4	29.756	0.00	0.00	709	30.49	963	7.8	1.67	9.4	0.000	0.467	73.4	90	70.3	75.9	20.45	 .0722	0.000	701	1	100.0	30
02/04/20	1:00 p	88.2	88.7	87.2	66	75.4	2.0	SSW	1.00	5.0	NW	88.2	97.8	97.8	111.0	29.738	0.00	0.00	886	38.10	1041	8.6	1.84	9.5	0.000	0.483	73.3	90	70.2	75.8	20.45	 .0722	0.022	701	1	100.0	30
02/04/20	1:30 p	87.6	88.3	87.5	70	76.6	2.0	S	1.00	9.0	S	87.6	98.4	98.4	110.9	29.730	0.00	0.00	763	32.81	969	7.1	1.52	8.8	0.000	0.471	73.3	90	70.2	75.8	20.45	 .0721	0.000	701	1	100.0	30
02/04/20	2:00 p	87.0	87.5	86.4	74	77.7	1.0	ESE	0.50	5.0	S	87.0	99.2	99.2	110.8	29.718	0.00	0.00	531	22.84	759	5.1	1.09	6.1	0.000	0.458	73.3	90	70.2	75.8	20.45	 .0721	0.018	702	1	100.0	30
02/04/20	2:30 p	87.7	88.6	86.6	72	77.5	2.0	SSW	1.00	6.0	SSE	87.7	99.5	99.5	116.2	29.708	0.00	0.00	755	32.47	932	5.6	1.20	6.4	0.000	0.473	73.2	90	70.1	75.7	20.45	 .0721	0.000	701	1	100.0	30
02/04/20	3:00 p	87.4	88.1	87.0	74	78.1	2.0	SSE	1.00	7.0	ESE	87.4	99.9	99.9	118.7	29.703	0.00	0.00	708	30.45	780	4.2	0.90	5.2	0.000	0.467	73.1	90	70.0	75.6	20.45	 .0721	0.019	702	1	100.0	30
02/04/20	3:30 p	85.9	87.7	85.7	76	77.5	2.0	S	1.00	7.0	SSE	85.9	97.1	97.1	110.8	29.706	0.00	0.00	441	18.97	640	2.5	0.54	3.5	0.000	0.435	73.2	90	70.1	75.7	20.45	 .0721	0.000	702	1	100.0	30
02/04/20	4:00 p	85.7	86.7	85.6	75	76.9	1.0	SE	0.50	6.0	SSE	85.7	96.3	96.3	109.5	29.706	0.00	0.00	359	15.44	466	1.5	0.32	2.0	0.000	0.431	73.2	90	70.1	75.7	20.45	 .0721	0.011	701	1	100.0	30
02/04/20	4:30 p	85.3	85.8	85.1	78	77.7	1.0	SE	0.50	6.0	ESE	85.3	96.4	96.4	99.9	29.710	0.00	0.00	231	9.93	329	0.8	0.17	1.1	0.000	0.423	73.2	90	70.1	75.7	20.45	 .0721	0.000	701	1	100.0	30
02/04/20	5:00 p	83.3	85.2	83.3	82	77.2	0.0	SE	0.00	5.0	S	83.3	93.1	93.1	92.8	29.720	0.00	0.00	54	2.32	93	0.0	0.00	0.5	0.000	0.381	73.3	90	70.2	75.8	20.45	 .0721	0.004	701	1	100.0	30
02/04/20	5:30 p	82.1	83.3	82.0	84	76.8	0.0	ESE	0.00	2.0	SE	82.1	90.4	90.4	89.3	29.727	0.00	0.00	19	0.82	32	0.0	0.00	0.0	0.000	0.356	73.3	90	70.2	75.8	20.45	 .0721	0.000	700	1	100.0	30
02/04/20	6:00 p	81.4	82.1	81.4	85	76.5	0.0	ESE	0.00	2.0	ESE	81.4	88.8	88.8	87.3	29.739	0.00	0.00	2	0.09	9	0.0	0.00	0.0	0.000	0.342	73.3	90	70.2	75.8	20.45	 .0722	0.000	700	1	100.0	30
02/04/20	6:30 p	80.4	81.4	80.4	86	75.8	0.0	ESE	0.00	1.0	ESE	80.4	86.7	86.7	85.1	29.754	0.00	0.00	0	0.00	0	0.0	0.00	0.0	0.000	0.321	73.2	90	70.1	75.7	20.45	 .0722	0.000	702	1	100.0	30
02/04/20	7:00 p	79.7	80.4	79.7	87	75.5	0.0	---	0.00	0.0	---	79.7	85.5	85.5	83.9	29.763	0.00	0.00	0	0.00	0	0.0	0.00	0.0	0.000	0.306	73.3	90	70.2	75.8	20.45	 .0722	0.001	699	1	100.0	30
02/04/20	7:30 p	79.4	79.8	79.3	87	75.2	0.0	---	0.00	0.0	---	79.4	84.9	84.9	83.3	29.769	0.00	0.00	0	0.00	0	0.0	0.00	0.0	0.000	0.300	73.3	90	70.2	75.8	20.45	 .0722	0.000	699	1	100.0	30
02/04/20	8:00 p	79.2	79.4	79.2	87	75.0	0.0	---	0.00	0.0	---	79.2	84.5	84.5	82.9	29.778	0.00	0.00	0	0.00	0	0.0	0.00	0.0	0.000	0.296	73.3	90	70.2	75.8	20.45	 .0723	0.001	702	1	100.0	30
02/04/20	8:30 p	79.2	79.3	79.1	88	75.3	0.0	---	0.00	0.0	---	79.2	84.7	84.7	83.1	29.783	0.00	0.00	0	0.00	0	0.0	0.00	0.0	0.000	0.296	73.4	90	70.3	75.9	20.45	 .0722	0.000	700	1	100.0	30
02/04/20	9:00 p	79.1	79.3	79.1	88	75.2	0.0	---	0.00	0.0	---	79.1	84.5	84.5	82.9	29.782	0.00	0.00	0	0.00	0	0.0	0.00	0.0	0.000	0.294	73.4	90	70.3	75.9	20.45	 .0722	0.001	702	1	100.0	30
02/04/20	9:30 p	78.7	79.1	78.7	88	74.8	0.0	---	0.00	0.0	---	78.7	83.8	83.8	82.2	29.784	0.00	0.00	0	0.00	0	0.0	0.00	0.0	0.000	0.285	73.4	90	70.3	75.9	20.45	 .0723	0.000	700	1	100.0	30
02/04/20	10:00 p	78.5	78.7	78.5	88	74.6	0.0	---	0.00	0.0	---	78.5	83.4	83.4	81.8	29.784	0.00	0.00	0	0.00	0	0.0	0.00	0.0	0.000	0.281	73.4	90	70.3	75.9	20.45	 .0723	0.000	699	1	100.0	30
02/04/20	10:30 p	78.2	78.5	78.2	88	74.4	0.0	---	0.00	0.0	---	78.2	82.9	82.9	81.3	29.783	0.00	0.00	0	0.00	0	0.0	0.00	0.0	0.000	0.275	73.4	90	70.3	75.9	20.45	 .0722	0.000	702	1	100.0	30
02/04/20	11:00 p	78.0	78.2	78.0	88	74.2	0.0	---	0.00	0.0	---	78.0	82.5	82.5	80.9	29.778	0.00	0.00	0	0.00	0	0.0	0.00	0.0	0.000	0.271	73.5	90	70.4	75.9	20.45	 .0722	0.000	697	1	100.0	30
02/04/20	11:30 p	77.8	78.0	77.8	88	74.0	0.0	---	0.00	0.0	---	77.8	82.2	82.2	80.5	29.777	0.00	0.00	0	0.00	0	0.0	0.00	0.0	0.000	0.267	73.5	90	70.4	75.9	20.45	 .0722	0.000	700	1	100.0	30
02/05/20	12:00 a	77.6	77.9	77.6	88	73.8	0.0	---	0.00	0.0	---	77.6	81.8	81.8	80.1	29.766	0.00	0.00	0	0.00	0	0.0	0.00	0.0	0.000	0.262	73.5	90	70.4	75.9	20.45	 .0722	0.000	702	1	100.0	30
02/05/20	12:30 a	77.3	77.6	77.3	88	73.5	0.0	---	0.00	0.0	---	77.3	81.3	81.3	79.6	29.756	0.00	0.00	0	0.00	0	0.0	0.00	0.0	0.000	0.256	73.5	90	70.4	75.9	20.45	 .0722	0.000	698	1	100.0	30
02/05/20	1:00 a	77.2	77.4	77.1	88	73.4	0.0	---	0.00	0.0	---	77.2	81.2	81.2	79.5	29.744	0.00	0.00	0	0.00	0	0.0	0.00	0.0	0.000	0.254	73.5	90	70.4	75.9	20.45	 .0721	0.000	698	1	100.0	30
02/05/20	1:30 a	77.1	77.2	77.1	89	73.6	0.0	---	0.00	0.0	---	77.1	81.1	81.1	79.4	29.742	0.00	0.00	0	0.00	0	0.0	0.00	0.0	0.000	0.252	73.6	90	70.5	76.0	20.45	 .0721	0.000	698	1	100.0	30
02/05/20	2:00 a	77.1	77.1	77.0	89	73.6	0.0	---	0.00	0.0	---	77.1	81.1	81.1	79.4	29.737	0.00	0.00	0	0.00	0	0.0	0.00	0.0	0.000	0.252	73.6	90	70.5	76.0	20.45	 .0721	0.000	701	1	100.0	30
02/05/20	2:30 a	77.0	77.1	76.9	89	73.5	0.0	---	0.00	0.0	---	77.0	80.9	80.9	79.2	29.731	0.00	0.00	0	0.00	0	0.0	0.00	0.0	0.000	0.250	73.5	90	70.4	75.9	20.45	 .0721	0.000	700	1	100.0	30
02/05/20	3:00 a	76.8	77.1	76.7	89	73.3	0.0	---	0.00	0.0	---	76.8	80.6	80.6	78.9	29.728	0.00	0.00	0	0.00	0	0.0	0.00	0.0	0.000	0.246	73.5	90	70.4	75.9	20.45	 .0721	0.000	697	1	100.0	30
02/05/20	3:30 a	76.8	76.9	76.7	89	73.3	0.0	---	0.00	0.0	---	76.8	80.6	80.6	78.9	29.732	0.00	0.00	0	0.00	0	0.0	0.00	0.0	0.000	0.246	73.5	89	70.1	75.9	19.95	 .0721	0.000	702	1	100.0	30
02/05/20	4:00 a	76.8	76.9	76.7	89	73.3	0.0	---	0.00	0.0	---	76.8	80.6	80.6	78.9	29.732	0.00	0.00	0	0.00	0	0.0	0.00	0.0	0.000	0.246	73.5	89	70.1	75.9	19.95	 .0721	0.000	700	1	100.0	30
02/05/20	4:30 a	76.7	76.9	76.7	89	73.2	0.0	---	0.00	0.0	---	76.7	80.5	80.5	78.8	29.736	0.00	0.00	0	0.00	0	0.0	0.00	0.0	0.000	0.244	73.5	89	70.1	75.9	19.95	 .0721	0.000	698	1	100.0	30
02/05/20	5:00 a	77.0	77.1	76.8	89	73.5	0.0	---	0.00	0.0	---	77.0	80.9	80.9	79.2	29.746	0.00	0.00	0	0.00	0	0.0	0.00	0.0	0.000	0.250	73.5	89	70.1	75.9	19.95	 .0722	0.000	700	1	100.0	30
02/05/20	5:30 a	76.9	77.2	76.9	89	73.4	0.0	---	0.00	0.0	---	76.9	80.8	80.8	79.1	29.749	0.00	0.00	0	0.00	0	0.0	0.00	0.0	0.000	0.248	73.5	89	70.1	75.9	19.95	 .0722	0.000	703	1	100.0	30
02/05/20	6:00 a	76.9	77.0	76.7	89	73.4	0.0	---	0.00	0.0	---	76.9	80.8	80.8	79.1	29.760	0.00	0.00	0	0.00	0	0.0	0.00	0.0	0.000	0.248	73.5	89	70.1	75.9	19.95	 .0722	0.000	701	1	100.0	30
02/05/20	6:30 a	77.1	77.1	76.9	89	73.6	0.0	---	0.00	0.0	---	77.1	81.1	81.1	81.0	29.768	0.00	0.00	16	0.69	32	0.0	0.00	0.0	0.000	0.252	73.5	89	70.1	75.9	19.95	 .0722	0.000	702	1	100.0	30
02/05/20	7:00 a	77.9	77.9	77.1	89	74.4	0.0	---	0.00	0.0	---	77.9	82.5	82.5	83.5	29.776	0.00	0.00	43	1.85	53	0.0	0.00	0.0	0.000	0.269	73.4	89	70.0	75.8	19.95	 .0723	0.001	701	1	100.0	30
02/05/20	7:30 a	78.8	78.9	77.8	89	75.3	0.0	---	0.00	0.0	---	78.8	84.1	84.1	85.9	29.793	0.00	0.00	69	2.97	88	0.3	0.06	0.6	0.000	0.288	73.3	89	69.9	75.7	19.95	 .0723	0.000	703	1	100.0	30
02/05/20	8:00 a	80.0	80.1	78.7	89	76.5	0.0	---	0.00	0.0	---	80.0	86.6	86.6	88.9	29.798	0.00	0.00	93	4.00	100	0.9	0.19	1.2	0.000	0.313	72.9	89	69.5	75.3	19.95	 .0724	0.002	702	1	100.0	30
02/05/20	8:30 a	80.9	81.0	79.9	89	77.4	0.0	---	0.00	0.0	---	80.9	88.7	88.7	92.1	29.805	0.00	0.00	138	5.93	204	1.6	0.34	1.9	0.000	0.331	72.9	90	69.8	75.4	20.45	 .0724	0.000	701	1	100.0	30
02/05/20	9:00 a	82.9	83.1	80.9	83	77.2	1.0	SSW	0.50	4.0	SSE	82.9	92.3	92.3	97.0	29.801	0.00	0.00	201	8.64	376	2.5	0.54	3.8	0.000	0.373	73.0	90	69.9	75.5	20.45	 .0724	0.005	702	1	100.0	30
02/05/20	9:30 a	83.6	83.8	82.9	82	77.5	1.0	WSW	0.50	4.0	SSE	83.6	94.0	94.0	100.4	29.805	0.00	0.00	283	12.17	527	3.3	0.71	4.0	0.000	0.387	73.0	90	69.9	75.5	20.45	 .0724	0.000	701	1	100.0	30
02/05/20	10:00 a	84.1	84.2	82.7	79	76.9	0.0	WSW	0.00	2.0	WSW	84.1	94.3	94.3	100.2	29.800	0.00	0.00	268	11.53	353	3.5	0.75	4.1	0.000	0.398	72.9	90	69.8	75.4	20.45	 .0724	0.007	700	1	100.0	30
02/05/20	10:30 a	84.4	84.8	83.5	79	77.2	1.0	WSW	0.50	3.0	SSW	84.4	94.9	94.9	102.8	29.788	0.00	0.00	369	15.87	413	4.6	0.99	5.0	0.000	0.404	73.0	90	69.9	75.5	20.45	 .0723	0.000	699	1	100.0	30
02/05/20	11:00 a	85.5	85.7	84.4	80	78.6	1.0	SSE	0.50	3.0	SSE	85.5	97.6	97.6	107.8	29.778	0.00	0.00	508	21.85	671	5.8	1.24	7.0	0.000	0.427	72.8	90	69.7	75.2	20.45	 .0724	0.012	701	1	100.0	30
02/05/20	11:30 a	87.1	87.6	85.5	73	77.4	2.0	S	1.00	5.0	SSE	87.1	98.9	98.9	110.5	29.761	0.00	0.00	860	36.98	1021	8.5	1.82	9.8	0.000	0.460	72.8	90	69.7	75.2	20.45	 .0723	0.000	699	1	100.0	30
02/05/20	12:00 p	87.5	88.0	87.0	72	77.4	2.0	SSW	1.00	6.0	SSW	87.5	99.1	99.1	113.8	29.746	0.00	0.00	1086	46.70	1148	10.5	2.25	11.1	0.000	0.469	72.9	90	69.8	75.4	20.45	 .0723	0.026	701	1	100.0	30
02/05/20	12:30 p	89.5	89.8	87.6	72	79.3	2.0	S	1.00	6.0	SSW	89.5	105.4	105.4	122.6	29.737	0.00	0.00	1179	50.70	1213	11.4	2.44	11.6	0.000	0.510	73.0	90	69.9	75.5	20.45	 .0722	0.000	701	1	100.0	30
02/05/20	1:00 p	90.4	90.6	88.3	73	80.6	2.0	SE	1.00	6.0	S	90.4	109.4	109.4	126.7	29.719	0.00	0.00	1107	47.61	1164	10.5	2.25	11.1	0.000	0.529	73.0	90	69.9	75.5	20.45	 .0722	0.031	700	1	100.0	30
02/05/20	1:30 p	88.7	90.4	88.2	72	78.5	2.0	S	1.00	7.0	E	88.7	102.5	102.5	120.2	29.702	0.00	0.00	1038	44.64	1067	9.3	1.99	9.9	0.000	0.494	73.0	90	69.9	75.5	20.45	 .0721	0.000	698	1	100.0	30
02/05/20	2:00 p	88.4	89.6	87.8	71	77.8	2.0	ESE	1.00	7.0	SE	88.4	100.9	100.9	118.4	29.688	0.00	0.00	913	39.26	991	7.6	1.63	8.6	0.000	0.488	73.0	90	69.9	75.5	20.45	 .0721	0.026	701	1	100.0	30
02/05/20	2:30 p	87.2	88.5	86.6	74	77.9	2.0	S	1.00	8.0	ESE	87.2	99.5	99.5	115.5	29.668	0.00	0.00	724	31.14	1051	5.2	1.11	6.8	0.000	0.462	73.0	90	69.9	75.5	20.45	 .0720	0.000	699	1	100.0	30
02/05/20	3:00 p	87.5	87.7	86.3	71	76.9	2.0	SSE	1.00	6.0	ESE	87.5	98.7	98.7	115.5	29.658	0.00	0.00	642	27.61	714	4.0	0.86	4.6	0.000	0.469	72.8	90	69.7	75.2	20.45	 .0721	0.018	699	1	100.0	30
02/05/20	3:30 p	86.6	87.8	86.6	74	77.3	2.0	SSE	1.00	6.0	SSE	86.6	98.2	98.2	115.4	29.663	0.00	0.00	541	23.27	647	2.8	0.60	3.6	0.000	0.450	72.6	90	69.5	75.0	20.45	 .0721	0.000	699	1	100.0	30
02/05/20	4:00 p	86.2	87.0	85.4	77	78.1	1.0	SE	0.50	5.0	S	86.2	98.3	98.3	112.2	29.654	0.00	0.00	373	16.04	540	1.6	0.34	2.2	0.000	0.442	72.6	90	69.5	75.0	20.45	 .0721	0.012	699	1	100.0	30
02/05/20	4:30 p	84.3	86.2	84.2	79	77.1	1.0	ESE	0.50	5.0	SSE	84.3	94.7	94.7	98.4	29.658	0.00	0.00	240	10.32	383	0.9	0.19	1.3	0.000	0.402	72.8	90	69.7	75.2	20.45	 .0721	0.000	700	1	100.0	30
02/05/20	5:00 p	83.0	84.4	83.0	81	76.6	0.0	ESE	0.00	4.0	SE	83.0	92.0	92.0	91.8	29.670	0.00	0.00	60	2.58	74	0.1	0.02	0.5	0.000	0.375	72.9	90	69.8	75.4	20.45	 .0721	0.004	702	1	100.0	30
02/05/20	5:30 p	82.3	83.1	82.3	84	77.0	0.0	ENE	0.00	3.0	ESE	82.3	90.9	90.9	90.4	29.668	0.00	0.00	45	1.94	74	0.0	0.00	0.0	0.000	0.360	72.9	90	69.8	75.4	20.45	 .0721	0.000	702	1	100.0	30
02/05/20	6:00 p	81.0	82.3	81.0	85	76.1	0.0	---	0.00	0.0	---	81.0	87.8	87.8	86.4	29.675	0.00	0.00	3	0.13	14	0.0	0.00	0.0	0.000	0.333	72.9	90	69.8	75.4	20.45	 .0721	0.001	697	1	100.0	30
02/05/20	6:30 p	80.0	81.0	80.0	86	75.4	0.0	---	0.00	0.0	---	80.0	85.8	85.8	84.2	29.688	0.00	0.00	0	0.00	0	0.0	0.00	0.0	0.000	0.313	72.9	90	69.8	75.4	20.45	 .0721	0.000	702	1	100.0	30
02/05/20	7:00 p	79.6	80.0	79.5	87	75.4	0.0	---	0.00	0.0	---	79.6	85.3	85.3	83.7	29.699	0.00	0.00	0	0.00	0	0.0	0.00	0.0	0.000	0.304	72.9	90	69.8	75.4	20.45	 .0721	0.001	700	1	100.0	30
02/05/20	7:30 p	79.2	79.6	79.1	87	75.0	0.0	---	0.00	0.0	---	79.2	84.5	84.5	82.9	29.710	0.00	0.00	0	0.00	0	0.0	0.00	0.0	0.000	0.296	72.8	90	69.7	75.2	20.45	 .0722	0.000	700	1	100.0	30
02/05/20	8:00 p	78.7	79.2	78.7	87	74.5	0.0	---	0.00	0.0	---	78.7	83.6	83.6	82.0	29.719	0.00	0.00	0	0.00	0	0.0	0.00	0.0	0.000	0.285	72.8	90	69.7	75.2	20.45	 .0722	0.001	701	1	100.0	30
02/05/20	8:30 p	78.2	78.7	78.2	88	74.4	0.0	---	0.00	0.0	---	78.2	82.9	82.9	81.3	29.729	0.00	0.00	0	0.00	0	0.0	0.00	0.0	0.000	0.275	72.8	90	69.7	75.2	20.45	 .0722	0.000	702	1	100.0	30
02/05/20	9:00 p	78.2	78.3	78.2	88	74.4	0.0	---	0.00	0.0	---	78.2	82.9	82.9	81.3	29.739	0.00	0.00	0	0.00	0	0.0	0.00	0.0	0.000	0.275	72.8	90	69.7	75.2	20.45	 .0723	0.001	700	1	100.0	30
02/05/20	9:30 p	78.0	78.2	77.9	88	74.2	0.0	---	0.00	0.0	---	78.0	82.5	82.5	80.9	29.740	0.00	0.00	0	0.00	0	0.0	0.00	0.0	0.000	0.271	72.8	90	69.7	75.2	20.45	 .0723	0.000	699	1	100.0	30
02/05/20	10:00 p	77.5	78.0	77.5	88	73.7	0.0	---	0.00	0.0	---	77.5	81.7	81.7	80.0	29.742	0.00	0.00	0	0.00	0	0.0	0.00	0.0	0.000	0.260	72.8	89	69.4	75.2	19.95	 .0723	0.000	698	1	100.0	30
02/05/20	10:30 p	77.2	77.5	77.1	88	73.4	0.0	---	0.00	0.0	---	77.2	81.2	81.2	79.5	29.744	0.00	0.00	0	0.00	0	0.0	0.00	0.0	0.000	0.254	72.7	89	69.3	75.0	19.95	 .0723	0.000	702	1	100.0	30
02/05/20	11:00 p	77.0	77.2	77.0	88	73.2	0.0	---	0.00	0.0	---	77.0	80.8	80.8	79.1	29.741	0.00	0.00	0	0.00	0	0.0	0.00	0.0	0.000	0.250	72.7	89	69.3	75.0	19.95	 .0723	0.000	702	1	100.0	30
02/05/20	11:30 p	76.6	77.1	76.6	88	72.8	0.0	---	0.00	0.0	---	76.6	80.3	80.3	78.5	29.739	0.00	0.00	0	0.00	0	0.0	0.00	0.0	0.000	0.242	72.7	89	69.3	75.0	19.95	 .0723	0.000	702	1	100.0	30
02/06/20	12:00 a	76.4	76.6	76.3	88	72.6	0.0	---	0.00	0.0	---	76.4	80.0	80.0	78.2	29.732	0.00	0.00	0	0.00	0	0.0	0.00	0.0	0.000	0.238	72.6	89	69.2	74.9	19.95	 .0723	0.000	698	1	100.0	30
02/06/20	12:30 a	76.1	76.4	76.0	88	72.3	0.0	---	0.00	0.0	---	76.1	79.5	79.5	77.7	29.722	0.00	0.00	0	0.00	0	0.0	0.00	0.0	0.000	0.231	72.7	89	69.3	75.0	19.95	 .0723	0.000	698	1	100.0	30
02/06/20	1:00 a	75.7	76.1	75.7	89	72.2	0.0	---	0.00	0.0	---	75.7	79.1	79.1	77.3	29.707	0.00	0.00	0	0.00	0	0.0	0.00	0.0	0.000	0.223	72.6	89	69.2	74.9	19.95	 .0722	0.000	699	1	100.0	30
02/06/20	1:30 a	76.0	76.1	75.7	89	72.5	0.0	---	0.00	0.0	---	76.0	79.4	79.4	77.6	29.700	0.00	0.00	0	0.00	0	0.0	0.00	0.0	0.000	0.229	72.6	89	69.2	74.9	19.95	 .0722	0.000	702	1	100.0	30
02/06/20	2:00 a	76.1	76.2	76.0	89	72.6	0.0	---	0.00	0.0	---	76.1	79.6	79.6	77.8	29.697	0.00	0.00	0	0.00	0	0.0	0.00	0.0	0.000	0.231	72.7	89	69.3	75.0	19.95	 .0722	0.000	700	1	100.0	30
02/06/20	2:30 a	76.2	76.2	75.9	89	72.7	0.0	---	0.00	0.0	---	76.2	79.7	79.7	77.9	29.694	0.00	0.00	0	0.00	0	0.0	0.00	0.0	0.000	0.233	72.7	89	69.3	75.0	19.95	 .0722	0.000	702	1	100.0	30
02/06/20	3:00 a	76.0	76.2	75.9	89	72.5	0.0	---	0.00	0.0	---	76.0	79.4	79.4	77.6	29.691	0.00	0.00	0	0.00	0	0.0	0.00	0.0	0.000	0.229	72.7	89	69.3	75.0	19.95	 .0722	0.000	700	1	100.0	30
02/06/20	3:30 a	75.8	76.1	75.7	89	72.3	0.0	---	0.00	0.0	---	75.8	79.2	79.2	77.4	29.696	0.00	0.00	0	0.00	0	0.0	0.00	0.0	0.000	0.225	72.6	89	69.2	74.9	19.95	 .0722	0.000	700	1	100.0	30
02/06/20	4:00 a	75.5	75.8	75.4	89	72.0	0.0	---	0.00	0.0	---	75.5	78.9	78.9	77.1	29.702	0.00	0.00	0	0.00	0	0.0	0.00	0.0	0.000	0.219	72.7	89	69.3	75.0	19.95	 .0722	0.000	700	1	100.0	30
02/06/20	4:30 a	75.1	75.6	75.1	89	71.6	0.0	---	0.00	0.0	---	75.1	78.4	78.4	76.6	29.705	0.00	0.00	0	0.00	0	0.0	0.00	0.0	0.000	0.210	72.6	89	69.2	74.9	19.95	 .0722	0.000	702	1	100.0	30
02/06/20	5:00 a	74.9	75.2	74.9	89	71.4	0.0	---	0.00	0.0	---	74.9	78.1	78.1	76.3	29.709	0.00	0.00	0	0.00	0	0.0	0.00	0.0	0.000	0.206	72.6	89	69.2	74.9	19.95	 .0722	0.000	702	1	100.0	30
02/06/20	5:30 a	74.6	75.0	74.6	89	71.1	0.0	---	0.00	0.0	---	74.6	77.5	77.5	75.7	29.713	0.00	0.00	0	0.00	0	0.0	0.00	0.0	0.000	0.200	72.6	89	69.2	74.9	19.95	 .0723	0.000	702	1	100.0	30
02/06/20	6:00 a	74.6	74.7	74.5	89	71.1	0.0	---	0.00	0.0	---	74.6	77.5	77.5	75.7	29.715	0.00	0.00	0	0.00	5	0.0	0.00	0.0	0.000	0.200	72.6	89	69.2	74.9	19.95	 .0723	0.000	702	1	100.0	30
02/06/20	6:30 a	74.7	74.8	74.4	89	71.2	0.0	---	0.00	0.0	---	74.7	77.7	77.7	77.4	29.730	0.00	0.00	13	0.56	21	0.0	0.00	0.0	0.000	0.202	72.6	89	69.2	74.9	19.95	 .0723	0.000	701	1	100.0	30
02/06/20	7:00 a	75.5	75.5	74.6	89	72.0	0.0	---	0.00	0.0	---	75.5	78.9	78.9	79.3	29.745	0.00	0.00	30	1.29	49	0.0	0.00	0.0	0.000	0.219	72.6	89	69.2	74.9	19.95	 .0723	0.001	702	1	100.0	30
02/06/20	7:30 a	76.4	76.5	75.4	89	72.9	0.0	---	0.00	0.0	---	76.4	80.0	80.0	80.7	29.757	0.00	0.00	44	1.89	70	0.1	0.02	0.7	0.000	0.238	72.6	89	69.2	74.9	19.95	 .0724	0.000	699	1	100.0	30
02/06/20	8:00 a	77.6	77.7	76.5	89	74.1	0.0	---	0.00	0.0	---	77.6	82.0	82.0	82.7	29.766	0.00	0.00	47	2.02	51	0.0	0.00	0.0	0.000	0.262	72.6	89	69.2	74.9	19.95	 .0724	0.001	700	1	100.0	30
02/06/20	8:30 a	79.0	79.0	77.6	89	75.5	0.0	---	0.00	0.0	---	79.0	84.5	84.5	85.8	29.776	0.00	0.00	70	3.01	111	1.1	0.24	1.7	0.000	0.292	72.5	89	69.1	74.8	19.95	 .0724	0.000	699	1	100.0	30
02/06/20	9:00 a	80.8	80.8	78.8	89	77.3	0.0	SW	0.00	4.0	SW	80.8	88.4	88.4	91.0	29.782	0.00	0.00	120	5.16	404	2.2	0.47	3.2	0.000	0.329	72.5	88	68.7	74.7	19.45	 .0725	0.003	702	1	100.0	30
02/06/20	9:30 a	84.7	84.7	80.7	80	77.8	1.0	S	0.50	5.0	S	84.7	95.8	95.8	107.4	29.783	0.00	0.00	589	25.33	729	4.1	0.88	5.4	0.000	0.410	72.4	88	68.6	74.6	19.45	 .0725	0.000	702	1	100.0	30
02/06/20	10:00 a	85.9	86.1	84.6	78	78.2	1.0	SSW	0.50	5.0	SSW	85.9	97.8	97.8	110.1	29.784	0.00	0.00	778	33.46	821	6.2	1.33	6.9	0.000	0.435	72.6	88	68.8	74.8	19.45	 .0725	0.017	700	1	100.0	30
02/06/20	10:30 a	87.8	87.9	85.9	74	78.5	1.0	S	0.50	5.0	S	87.8	100.6	100.6	112.4	29.776	0.00	0.00	872	37.50	919	7.6	1.63	8.2	0.000	0.475	72.9	88	69.1	75.2	19.47	 .0724	0.000	701	1	100.0	30
02/06/20	11:00 a	88.1	88.1	87.2	74	78.8	2.0	SSE	1.00	8.0	SSE	88.1	101.3	101.3	113.9	29.762	0.00	0.00	953	40.98	977	8.7	1.86	9.1	0.000	0.481	73.0	88	69.2	75.3	19.47	 .0723	0.024	700	1	100.0	30
02/06/20	11:30 a	89.5	89.5	87.8	72	79.3	2.0	SSW	1.00	8.0	S	89.5	105.4	105.4	118.3	29.750	0.00	0.00	973	41.84	990	9.5	2.04	9.8	0.000	0.510	72.9	88	69.1	75.2	19.47	 .0723	0.000	701	1	100.0	30
02/06/20	12:00 p	87.9	89.5	87.7	74	78.6	3.0	ESE	1.50	11.0	SE	87.9	100.7	100.7	114.0	29.735	0.00	0.00	983	42.27	1013	9.9	2.12	9.9	0.000	0.477	72.9	88	69.1	75.2	19.47	 .0723	0.027	701	1	100.0	30
02/06/20	12:30 p	89.0	89.3	87.9	72	78.8	3.0	SE	1.50	12.0	SSE	89.0	103.6	103.6	117.3	29.722	0.00	0.00	968	41.63	1007	9.7	2.08	9.9	0.000	0.500	73.0	88	69.2	75.3	19.47	 .0722	0.000	702	1	100.0	30
02/06/20	1:00 p	89.2	89.7	88.1	70	78.1	3.0	SSE	1.50	10.0	SSE	89.2	103.0	103.0	117.3	29.709	0.00	0.00	938	40.34	956	9.0	1.93	9.4	0.000	0.504	72.9	88	69.1	75.2	19.47	 .0722	0.026	700	1	100.0	30
02/06/20	1:30 p	87.7	89.1	87.7	71	77.1	3.0	SE	1.50	10.0	SE	87.7	99.0	99.0	113.9	29.694	0.00	0.00	894	38.45	919	8.1	1.74	8.6	0.000	0.473	73.0	89	69.6	75.4	19.95	 .0721	0.000	701	1	100.0	30
02/06/20	2:00 p	87.8	88.5	87.5	73	78.1	3.0	SE	1.50	9.0	S	87.8	100.1	100.1	116.0	29.684	0.00	0.00	830	35.69	863	6.9	1.48	7.5	0.000	0.475	72.9	89	69.5	75.3	19.95	 .0721	0.024	701	1	100.0	30
02/06/20	2:30 p	87.6	88.9	87.6	74	78.3	3.0	SE	1.50	10.0	SE	87.6	100.2	100.2	116.8	29.673	0.00	0.00	749	32.21	788	5.5	1.18	6.1	0.000	0.471	73.4	89	70.0	75.8	19.95	 .0720	0.000	699	1	100.0	30
02/06/20	3:00 p	87.6	88.1	87.1	74	78.3	3.0	SE	1.50	10.0	ESE	87.6	100.2	100.2	117.4	29.668	0.00	0.00	652	28.04	705	4.1	0.88	4.8	0.000	0.471	74.1	89	70.6	76.6	19.95	 .0718	0.019	700	1	100.0	30
02/06/20	3:30 p	87.4	88.0	86.7	75	78.5	2.0	SE	1.00	10.0	SSE	87.4	100.3	100.3	117.7	29.666	0.00	0.00	544	23.40	596	2.8	0.60	3.4	0.000	0.467	74.1	89	70.6	76.6	19.95	 .0718	0.000	700	1	100.0	30
02/06/20	4:00 p	86.6	87.5	86.3	77	78.5	2.0	SE	1.00	9.0	ESE	86.6	99.4	99.4	115.4	29.664	0.00	0.00	421	18.11	483	1.7	0.36	2.2	0.000	0.450	74.1	89	70.6	76.6	19.95	 .0718	0.013	701	1	100.0	30
02/06/20	4:30 p	85.5	86.6	85.5	79	78.2	2.0	ESE	1.00	11.0	SE	85.5	97.2	97.2	100.7	29.660	0.00	0.00	229	9.85	353	0.8	0.17	1.2	0.000	0.427	74.0	89	70.6	76.4	19.95	 .0718	0.000	702	1	100.0	30
02/06/20	5:00 p	84.2	85.4	84.1	81	77.7	1.0	NE	0.50	6.0	SW	84.2	95.2	95.2	94.9	29.671	0.00	0.00	52	2.24	62	0.1	0.02	0.5	0.000	0.400	73.9	89	70.5	76.3	19.95	 .0719	0.004	700	1	100.0	30
02/06/20	5:30 p	82.9	84.1	82.7	83	77.2	1.0	NNE	0.50	3.0	NE	82.9	92.3	92.3	91.4	29.673	0.00	0.00	27	1.16	40	0.0	0.00	0.0	0.000	0.373	73.9	89	70.5	76.3	19.95	 .0719	0.000	702	1	100.0	30
02/06/20	6:00 p	81.6	82.9	81.6	85	76.6	0.0	NNE	0.00	2.0	NNE	81.6	89.4	89.4	88.0	29.687	0.00	0.00	3	0.13	12	0.0	0.00	0.0	0.000	0.346	73.9	89	70.5	76.3	19.95	 .0719	0.001	700	1	100.0	30
02/06/20	6:30 p	80.5	81.6	80.5	86	75.9	0.0	NNE	0.00	1.0	NNE	80.5	87.0	87.0	85.4	29.691	0.00	0.00	0	0.00	0	0.0	0.00	0.0	0.000	0.323	73.8	88	70.0	76.1	19.50	 .0720	0.000	701	1	100.0	30
02/06/20	7:00 p	79.8	80.6	79.8	87	75.6	0.0	NNE	0.00	1.0	NNE	79.8	85.7	85.7	84.1	29.705	0.00	0.00	0	0.00	0	0.0	0.00	0.0	0.000	0.308	73.7	88	69.9	76.0	19.50	 .0720	0.001	702	1	100.0	30
02/06/20	7:30 p	79.2	79.9	79.2	87	75.0	0.0	---	0.00	0.0	---	79.2	84.5	84.5	82.9	29.715	0.00	0.00	0	0.00	0	0.0	0.00	0.0	0.000	0.296	73.7	88	69.9	76.0	19.50	 .0721	0.000	701	1	100.0	30
02/06/20	8:00 p	78.6	79.2	78.6	87	74.4	0.0	---	0.00	0.0	---	78.6	83.4	83.4	81.8	29.723	0.00	0.00	0	0.00	0	0.0	0.00	0.0	0.000	0.283	73.6	88	69.8	75.9	19.49	 .0721	0.001	703	1	100.0	30
02/06/20	8:30 p	78.2	78.7	78.2	88	74.4	0.0	---	0.00	0.0	---	78.2	82.9	82.9	81.3	29.731	0.00	0.00	0	0.00	0	0.0	0.00	0.0	0.000	0.275	73.6	88	69.8	75.9	19.49	 .0721	0.000	701	1	100.0	30
02/06/20	9:00 p	77.8	78.2	77.8	88	74.0	0.0	---	0.00	0.0	---	77.8	82.2	82.2	80.5	29.733	0.00	0.00	0	0.00	0	0.0	0.00	0.0	0.000	0.267	73.4	88	69.6	75.7	19.49	 .0722	0.001	700	1	100.0	30
02/06/20	9:30 p	77.5	77.9	77.4	88	73.7	0.0	---	0.00	0.0	---	77.5	81.7	81.7	80.0	29.739	0.00	0.00	0	0.00	0	0.0	0.00	0.0	0.000	0.260	73.4	88	69.6	75.7	19.49	 .0722	0.000	700	1	100.0	30
02/06/20	10:00 p	77.1	77.5	77.1	88	73.3	0.0	---	0.00	0.0	---	77.1	81.0	81.0	79.3	29.730	0.00	0.00	0	0.00	0	0.0	0.00	0.0	0.000	0.252	73.4	88	69.6	75.7	19.49	 .0722	0.000	700	1	100.0	30
02/06/20	10:30 p	76.6	77.1	76.5	88	72.8	0.0	---	0.00	0.0	---	76.6	80.3	80.3	78.5	29.728	0.00	0.00	0	0.00	0	0.0	0.00	0.0	0.000	0.242	73.4	88	69.6	75.7	19.49	 .0722	0.000	701	1	100.0	30
02/06/20	11:00 p	76.2	76.6	76.1	88	72.4	0.0	---	0.00	0.0	---	76.2	79.7	79.7	77.9	29.729	0.00	0.00	0	0.00	0	0.0	0.00	0.0	0.000	0.233	73.4	88	69.6	75.7	19.49	 .0722	0.000	701	1	100.0	30
02/06/20	11:30 p	76.1	76.2	75.9	88	72.3	0.0	---	0.00	0.0	---	76.1	79.5	79.5	77.7	29.731	0.00	0.00	0	0.00	0	0.0	0.00	0.0	0.000	0.231	73.3	88	69.5	75.6	19.48	 .0722	0.000	698	1	100.0	30
02/07/20	12:00 a	76.3	76.4	76.0	89	72.8	0.0	---	0.00	0.0	---	76.3	79.9	79.9	78.1	29.730	0.00	0.00	0	0.00	0	0.0	0.00	0.0	0.000	0.235	73.3	88	69.5	75.6	19.48	 .0722	0.000	698	1	100.0	30
02/07/20	12:30 a	76.5	76.6	76.3	89	73.0	0.0	---	0.00	0.0	---	76.5	80.2	80.2	78.5	29.726	0.00	0.00	0	0.00	0	0.0	0.00	0.0	0.000	0.240	73.3	88	69.5	75.6	19.48	 .0722	0.000	700	1	100.0	30
02/07/20	1:00 a	76.5	76.5	76.3	89	73.0	0.0	---	0.00	0.0	---	76.5	80.2	80.2	78.5	29.723	0.00	0.00	0	0.00	0	0.0	0.00	0.0	0.000	0.240	73.3	88	69.5	75.6	19.48	 .0722	0.000	696	1	100.0	30
02/07/20	1:30 a	76.2	76.5	76.1	89	72.7	0.0	---	0.00	0.0	---	76.2	79.7	79.7	77.9	29.716	0.00	0.00	0	0.00	0	0.0	0.00	0.0	0.000	0.233	73.3	88	69.5	75.6	19.48	 .0721	0.000	702	1	100.0	30
02/07/20	2:00 a	75.8	76.3	75.7	89	72.3	0.0	---	0.00	0.0	---	75.8	79.2	79.2	77.4	29.710	0.00	0.00	0	0.00	0	0.0	0.00	0.0	0.000	0.225	73.3	88	69.5	75.6	19.48	 .0721	0.000	700	1	100.0	30
02/07/20	2:30 a	75.5	75.8	75.5	89	72.0	0.0	---	0.00	0.0	---	75.5	78.9	78.9	77.1	29.711	0.00	0.00	0	0.00	0	0.0	0.00	0.0	0.000	0.219	73.3	88	69.5	75.6	19.48	 .0721	0.000	701	1	100.0	30
02/07/20	3:00 a	75.5	75.6	75.4	89	72.0	0.0	---	0.00	0.0	---	75.5	78.9	78.9	77.1	29.712	0.00	0.00	0	0.00	0	0.0	0.00	0.0	0.000	0.219	73.3	88	69.5	75.6	19.48	 .0721	0.000	698	1	100.0	30
02/07/20	3:30 a	75.3	75.5	75.3	89	71.8	0.0	---	0.00	0.0	---	75.3	78.7	78.7	76.9	29.710	0.00	0.00	0	0.00	0	0.0	0.00	0.0	0.000	0.215	73.3	88	69.5	75.6	19.48	 .0721	0.000	699	1	100.0	30
02/07/20	4:00 a	75.2	75.5	75.1	89	71.7	0.0	---	0.00	0.0	---	75.2	78.5	78.5	76.7	29.717	0.00	0.00	0	0.00	0	0.0	0.00	0.0	0.000	0.212	73.3	88	69.5	75.6	19.48	 .0721	0.000	700	1	100.0	30
02/07/20	4:30 a	75.3	75.5	75.1	89	71.8	0.0	---	0.00	0.0	---	75.3	78.7	78.7	76.9	29.728	0.00	0.00	0	0.00	0	0.0	0.00	0.0	0.000	0.215	73.3	88	69.5	75.6	19.48	 .0722	0.000	701	1	100.0	30
02/07/20	5:00 a	75.7	75.7	75.2	89	72.2	0.0	---	0.00	0.0	---	75.7	79.1	79.1	77.3	29.728	0.00	0.00	0	0.00	0	0.0	0.00	0.0	0.000	0.223	73.3	88	69.5	75.6	19.48	 .0722	0.000	701	1	100.0	30
02/07/20	5:30 a	75.3	75.8	75.2	89	71.8	0.0	---	0.00	0.0	---	75.3	78.7	78.7	76.9	29.738	0.00	0.00	0	0.00	0	0.0	0.00	0.0	0.000	0.215	73.2	88	69.4	75.5	19.48	 .0722	0.000	702	1	100.0	30
02/07/20	6:00 a	75.3	75.6	75.2	89	71.8	0.0	---	0.00	0.0	---	75.3	78.7	78.7	76.9	29.748	0.00	0.00	0	0.00	5	0.0	0.00	0.0	0.000	0.215	73.2	87	69.1	75.5	18.98	 .0723	0.000	699	1	100.0	30
02/07/20	6:30 a	75.5	75.6	75.2	89	72.0	0.0	---	0.00	0.0	---	75.5	78.9	78.9	78.7	29.760	0.00	0.00	14	0.60	23	0.0	0.00	0.0	0.000	0.219	73.2	88	69.4	75.5	19.48	 .0723	0.000	700	1	100.0	30
02/07/20	7:00 a	76.5	76.5	75.5	89	73.0	0.0	---	0.00	0.0	---	76.5	80.2	80.2	80.7	29.768	0.00	0.00	32	1.38	51	0.0	0.00	0.0	0.000	0.240	73.2	88	69.4	75.5	19.48	 .0723	0.001	702	1	100.0	30
02/07/20	7:30 a	77.5	77.5	76.5	89	74.0	0.0	---	0.00	0.0	---	77.5	81.8	81.8	82.5	29.778	0.00	0.00	43	1.85	65	0.0	0.00	0.7	0.000	0.260	73.2	87	69.1	75.5	18.98	 .0723	0.000	701	1	100.0	30
02/07/20	8:00 a	78.6	78.6	77.5	89	75.1	0.0	---	0.00	0.0	---	78.6	83.8	83.8	84.6	29.793	0.00	0.00	48	2.06	51	0.0	0.00	0.0	0.000	0.283	73.2	87	69.1	75.5	18.98	 .0724	0.001	703	1	100.0	30
02/07/20	8:30 a	80.1	80.1	78.6	89	76.6	0.0	---	0.00	0.0	---	80.1	86.8	86.8	88.7	29.808	0.00	0.00	89	3.83	193	1.2	0.26	1.8	0.000	0.315	73.3	87	69.2	75.6	18.98	 .0724	0.000	696	1	100.0	30
02/07/20	9:00 a	82.2	82.2	80.1	86	77.6	0.0	---	0.00	0.0	---	82.2	91.3	91.3	95.1	29.808	0.00	0.00	164	7.05	410	2.2	0.47	3.3	0.000	0.358	73.3	87	69.2	75.6	18.98	 .0724	0.003	702	1	100.0	30
02/07/20	9:30 a	85.2	85.3	82.2	79	77.9	1.0	SW	0.50	5.0	SSW	85.2	96.5	96.5	108.7	29.815	0.00	0.00	653	28.08	807	4.2	0.90	5.5	0.000	0.421	73.3	87	69.2	75.6	18.98	 .0724	0.000	700	1	100.0	30
02/07/20	10:00 a	86.6	87.2	85.2	79	79.3	1.0	SW	0.50	5.0	SSW	86.6	100.3	100.3	112.1	29.811	0.00	0.00	821	35.31	907	5.8	1.24	6.7	0.000	0.450	73.4	87	69.3	75.7	18.99	 .0724	0.018	700	1	100.0	30
02/07/20	10:30 a	87.5	88.4	86.3	73	77.8	2.0	SW	1.00	6.0	SW	87.5	99.6	99.6	111.9	29.805	0.00	0.00	915	39.35	953	7.6	1.63	8.2	0.000	0.469	73.3	87	69.2	75.6	18.98	 .0724	0.000	700	1	100.0	30
02/07/20	11:00 a	88.0	88.6	87.4	72	77.8	2.0	SSW	1.00	7.0	W	88.0	100.0	100.0	112.8	29.799	0.00	0.00	978	42.06	1021	8.9	1.91	9.2	0.000	0.479	73.3	87	69.2	75.6	18.98	 .0724	0.025	701	1	100.0	30
02/07/20	11:30 a	87.8	89.0	87.4	73	78.1	2.0	SSW	1.00	7.0	S	87.8	100.1	100.1	112.5	29.784	0.00	0.00	947	40.73	962	9.5	2.04	9.8	0.000	0.475	73.3	87	69.2	75.6	18.98	 .0723	0.000	700	1	100.0	30
02/07/20	12:00 p	88.0	89.0	87.7	75	79.1	2.0	SE	1.00	7.0	W	88.0	101.4	101.4	114.4	29.773	0.00	0.00	964	41.46	970	9.9	2.12	10.0	0.000	0.479	73.3	87	69.2	75.6	18.98	 .0723	0.026	700	1	100.0	30
02/07/20	12:30 p	87.5	89.2	87.4	73	77.8	2.0	S	1.00	7.0	W	87.5	99.6	99.6	113.1	29.766	0.00	0.00	959	41.24	970	9.8	2.10	9.9	0.000	0.469	73.3	88	69.5	75.6	19.48	 .0723	0.000	702	1	100.0	30
02/07/20	1:00 p	88.3	88.4	87.6	72	78.1	2.0	S	1.00	6.0	NW	88.3	101.0	101.0	115.2	29.750	0.00	0.00	937	40.30	949	9.2	1.97	9.5	0.000	0.485	73.2	88	69.4	75.5	19.48	 .0722	0.026	701	1	100.0	30
02/07/20	1:30 p	88.9	88.9	87.5	73	79.1	2.0	SSW	1.00	7.0	SSE	88.9	103.8	103.8	119.0	29.736	0.00	0.00	896	38.53	923	8.3	1.78	8.8	0.000	0.498	73.2	88	69.4	75.5	19.48	 .0722	0.000	701	1	100.0	30
02/07/20	2:00 p	88.3	89.0	87.8	74	79.0	2.0	SSW	1.00	6.0	S	88.3	102.1	102.1	118.1	29.725	0.00	0.00	835	35.91	867	7.0	1.50	7.7	0.000	0.485	73.2	88	69.4	75.5	19.48	 .0722	0.023	700	1	100.0	30
02/07/20	2:30 p	87.4	88.6	87.1	74	78.1	2.0	SSE	1.00	7.0	S	87.4	99.9	99.9	117.4	29.718	0.00	0.00	784	33.72	810	5.6	1.20	6.3	0.000	0.467	73.1	88	69.3	75.4	19.47	 .0722	0.000	699	1	100.0	30
02/07/20	3:00 p	87.5	87.5	86.1	77	79.4	2.0	SE	1.00	6.0	S	87.5	101.6	101.6	112.8	29.715	0.00	0.00	426	18.32	828	3.3	0.71	4.9	0.000	0.469	73.1	88	69.3	75.4	19.47	 .0722	0.017	700	1	100.0	30
02/07/20	3:30 p	87.0	87.6	86.4	74	77.7	2.0	S	1.00	7.0	SE	87.0	99.2	99.2	117.1	29.713	0.00	0.00	561	24.13	680	2.8	0.60	3.5	0.000	0.458	73.2	88	69.4	75.5	19.48	 .0722	0.000	702	1	100.0	30
02/07/20	4:00 p	86.9	87.4	86.3	74	77.6	1.0	SE	0.50	7.0	S	86.9	98.9	98.9	114.8	29.715	0.00	0.00	420	18.06	485	1.6	0.34	2.2	0.000	0.456	73.2	88	69.4	75.5	19.48	 .0722	0.013	700	1	100.0	30
02/07/20	4:30 p	85.6	87.0	85.4	76	77.2	1.0	SE	0.50	7.0	S	85.6	96.4	96.4	100.2	29.717	0.00	0.00	245	10.54	360	0.8	0.17	1.2	0.000	0.429	73.3	88	69.5	75.6	19.48	 .0721	0.000	698	1	100.0	30
02/07/20	5:00 p	84.1	85.5	84.1	79	76.9	1.0	E	0.50	5.0	SSE	84.1	94.3	94.3	94.0	29.718	0.00	0.00	54	2.32	63	0.1	0.02	0.5	0.000	0.398	73.3	88	69.5	75.6	19.48	 .0721	0.004	702	1	100.0	30
02/07/20	5:30 p	82.1	84.1	82.1	83	76.4	0.0	ESE	0.00	1.0	ESE	82.1	90.1	90.1	89.2	29.731	0.00	0.00	26	1.12	39	0.0	0.00	0.0	0.000	0.356	73.3	88	69.5	75.6	19.48	 .0722	0.000	699	1	100.0	30
02/07/20	6:00 p	81.0	82.1	80.9	85	76.1	0.0	---	0.00	0.0	---	81.0	87.8	87.8	86.4	29.744	0.00	0.00	3	0.13	12	0.0	0.00	0.0	0.000	0.333	73.3	88	69.5	75.6	19.48	 .0722	0.001	701	1	100.0	30
02/07/20	6:30 p	79.9	81.0	79.9	86	75.3	0.0	---	0.00	0.0	---	79.9	85.6	85.6	84.0	29.759	0.00	0.00	0	0.00	0	0.0	0.00	0.0	0.000	0.310	73.3	88	69.5	75.6	19.48	 .0723	0.000	702	1	100.0	30
02/07/20	7:00 p	79.2	80.0	79.2	86	74.6	0.0	---	0.00	0.0	---	79.2	84.3	84.3	82.7	29.766	0.00	0.00	0	0.00	0	0.0	0.00	0.0	0.000	0.296	73.1	88	69.3	75.4	19.47	 .0723	0.001	702	1	100.0	30
02/07/20	7:30 p	78.7	79.2	78.7	87	74.5	0.0	---	0.00	0.0	---	78.7	83.6	83.6	82.0	29.779	0.00	0.00	0	0.00	0	0.0	0.00	0.0	0.000	0.285	73.1	88	69.3	75.4	19.47	 .0723	0.000	697	1	100.0	30
02/07/20	8:00 p	78.3	78.8	78.3	87	74.1	0.0	---	0.00	0.0	---	78.3	82.9	82.9	81.3	29.789	0.00	0.00	0	0.00	0	0.0	0.00	0.0	0.000	0.277	73.0	87	68.9	75.3	18.97	 .0724	0.001	702	1	100.0	30
02/07/20	8:30 p	78.0	78.4	78.0	87	73.8	0.0	---	0.00	0.0	---	78.0	82.4	82.4	80.7	29.800	0.00	0.00	0	0.00	0	0.0	0.00	0.0	0.000	0.271	72.9	88	69.1	75.2	19.47	 .0724	0.000	702	1	100.0	30
02/07/20	9:00 p	77.7	78.1	77.7	88	73.9	0.0	---	0.00	0.0	---	77.7	82.0	82.0	80.3	29.807	0.00	0.00	0	0.00	0	0.0	0.00	0.0	0.000	0.265	73.0	87	68.9	75.3	18.97	 .0724	0.001	701	1	100.0	30
02/07/20	9:30 p	77.4	77.8	77.4	88	73.6	0.0	---	0.00	0.0	---	77.4	81.5	81.5	79.8	29.808	0.00	0.00	0	0.00	0	0.0	0.00	0.0	0.000	0.258	73.0	87	68.9	75.3	18.97	 .0725	0.000	702	1	100.0	30
02/07/20	10:00 p	77.3	77.5	77.2	88	73.5	0.0	---	0.00	0.0	---	77.3	81.3	81.3	79.6	29.810	0.00	0.00	0	0.00	0	0.0	0.00	0.0	0.000	0.256	73.1	87	69.0	75.4	18.97	 .0724	0.000	703	1	100.0	30
02/07/20	10:30 p	76.9	77.3	76.9	88	73.1	0.0	---	0.00	0.0	---	76.9	80.7	80.7	79.0	29.809	0.00	0.00	0	0.00	0	0.0	0.00	0.0	0.000	0.248	73.1	87	69.0	75.4	18.97	 .0724	0.000	699	1	100.0	30
02/07/20	11:00 p	76.6	77.0	76.6	88	72.8	0.0	---	0.00	0.0	---	76.6	80.3	80.3	78.5	29.810	0.00	0.00	0	0.00	0	0.0	0.00	0.0	0.000	0.242	73.1	87	69.0	75.4	18.97	 .0724	0.000	701	1	100.0	30
02/07/20	11:30 p	76.6	76.7	76.5	88	72.8	0.0	---	0.00	0.0	---	76.6	80.3	80.3	78.5	29.810	0.00	0.00	0	0.00	0	0.0	0.00	0.0	0.000	0.242	73.1	87	69.0	75.4	18.97	 .0724	0.000	702	1	100.0	30
02/08/20	12:00 a	76.4	76.7	76.4	88	72.6	0.0	---	0.00	0.0	---	76.4	80.0	80.0	78.2	29.803	0.00	0.00	0	0.00	0	0.0	0.00	0.0	0.000	0.238	73.1	87	69.0	75.4	18.97	 .0724	0.000	699	1	100.0	30
02/08/20	12:30 a	76.2	76.6	76.2	88	72.4	0.0	---	0.00	0.0	---	76.2	79.7	79.7	77.9	29.795	0.00	0.00	0	0.00	0	0.0	0.00	0.0	0.000	0.233	73.1	87	69.0	75.4	18.97	 .0724	0.000	701	1	100.0	30
02/08/20	1:00 a	75.9	76.2	75.9	88	72.1	0.0	---	0.00	0.0	---	75.9	79.3	79.3	77.5	29.783	0.00	0.00	0	0.00	0	0.0	0.00	0.0	0.000	0.227	73.0	87	68.9	75.3	18.97	 .0724	0.000	700	1	100.0	30
02/08/20	1:30 a	75.7	75.9	75.6	89	72.2	0.0	---	0.00	0.0	---	75.7	79.1	79.1	77.3	29.770	0.00	0.00	0	0.00	0	0.0	0.00	0.0	0.000	0.223	73.0	87	68.9	75.3	18.97	 .0724	0.000	701	1	100.0	30
02/08/20	2:00 a	75.4	75.7	75.3	88	71.6	0.0	---	0.00	0.0	---	75.4	78.7	78.7	76.9	29.766	0.00	0.00	0	0.00	0	0.0	0.00	0.0	0.000	0.217	73.0	87	68.9	75.3	18.97	 .0723	0.000	702	1	100.0	30
02/08/20	2:30 a	75.1	75.5	75.1	88	71.3	0.0	---	0.00	0.0	---	75.1	78.4	78.4	76.6	29.764	0.00	0.00	0	0.00	0	0.0	0.00	0.0	0.000	0.210	73.0	87	68.9	75.3	18.97	 .0723	0.000	700	1	100.0	30
02/08/20	3:00 a	74.9	75.3	74.9	89	71.4	0.0	---	0.00	0.0	---	74.9	78.1	78.1	76.3	29.761	0.00	0.00	0	0.00	0	0.0	0.00	0.0	0.000	0.206	73.0	87	68.9	75.3	18.97	 .0723	0.000	701	1	100.0	30
02/08/20	3:30 a	74.8	75.0	74.8	89	71.3	0.0	---	0.00	0.0	---	74.8	77.9	77.9	76.1	29.764	0.00	0.00	0	0.00	0	0.0	0.00	0.0	0.000	0.204	73.0	87	68.9	75.3	18.97	 .0723	0.000	700	1	100.0	30
02/08/20	4:00 a	74.8	74.9	74.7	89	71.3	0.0	---	0.00	0.0	---	74.8	77.9	77.9	76.1	29.767	0.00	0.00	0	0.00	0	0.0	0.00	0.0	0.000	0.204	73.0	87	68.9	75.3	18.97	 .0723	0.000	698	1	100.0	30
02/08/20	4:30 a	74.5	74.9	74.4	89	71.0	0.0	---	0.00	0.0	---	74.5	77.3	77.3	75.5	29.779	0.00	0.00	0	0.00	0	0.0	0.00	0.0	0.000	0.198	73.0	87	68.9	75.3	18.97	 .0724	0.000	700	1	100.0	30
02/08/20	5:00 a	74.6	74.7	74.5	89	71.1	0.0	---	0.00	0.0	---	74.6	77.5	77.5	75.7	29.787	0.00	0.00	0	0.00	0	0.0	0.00	0.0	0.000	0.200	73.0	87	68.9	75.3	18.97	 .0724	0.000	698	1	100.0	30
02/08/20	5:30 a	74.9	74.9	74.5	89	71.4	0.0	---	0.00	0.0	---	74.9	78.1	78.1	76.3	29.793	0.00	0.00	0	0.00	0	0.0	0.00	0.0	0.000	0.206	73.0	87	68.9	75.3	18.97	 .0724	0.000	693	1	100.0	30
02/08/20	6:00 a	75.1	75.1	74.8	89	71.6	0.0	---	0.00	0.0	---	75.1	78.4	78.4	76.6	29.798	0.00	0.00	0	0.00	7	0.0	0.00	0.0	0.000	0.210	73.0	87	68.9	75.3	18.97	 .0724	0.000	700	1	100.0	30
02/08/20	6:30 a	75.5	75.5	75.1	89	72.0	0.0	---	0.00	0.0	---	75.5	78.9	78.9	79.1	29.806	0.00	0.00	23	0.99	30	0.0	0.00	0.0	0.000	0.219	73.0	87	68.9	75.3	18.97	 .0724	0.000	698	1	100.0	30
02/08/20	7:00 a	76.4	76.4	75.5	89	72.9	0.0	---	0.00	0.0	---	76.4	80.0	80.0	81.1	29.816	0.00	0.00	48	2.06	65	0.0	0.00	0.0	0.000	0.238	73.0	87	68.9	75.3	18.97	 .0725	0.001	702	1	100.0	30
02/08/20	7:30 a	77.5	77.5	76.4	89	74.0	0.0	---	0.00	0.0	---	77.5	81.8	81.8	83.9	29.822	0.00	0.00	79	3.40	91	0.4	0.09	0.7	0.000	0.260	72.9	87	68.8	75.1	18.97	 .0725	0.000	697	1	100.0	30
02/08/20	8:00 a	79.6	79.7	77.4	89	76.1	0.0	---	0.00	0.0	---	79.6	85.7	85.7	88.2	29.831	0.00	0.00	100	4.30	158	0.9	0.19	1.3	0.000	0.304	72.9	87	68.8	75.1	18.97	 .0725	0.002	701	1	100.0	30
02/08/20	8:30 a	82.8	82.8	79.6	83	77.1	0.0	---	0.00	0.0	---	82.8	92.0	92.0	95.8	29.831	0.00	0.00	151	6.49	281	1.6	0.34	2.0	0.000	0.371	72.9	87	68.8	75.1	18.97	 .0725	0.000	702	1	100.0	30
02/08/20	9:00 a	83.2	84.1	82.8	85	78.2	0.0	---	0.00	0.0	---	83.2	93.7	93.7	97.5	29.840	0.00	0.00	165	7.10	276	1.8	0.39	2.2	0.000	0.379	72.9	87	68.8	75.1	18.97	 .0726	0.004	697	1	100.0	30
02/08/20	9:30 a	83.1	83.2	82.0	86	78.5	0.0	---	0.00	0.0	---	83.1	93.7	93.7	99.8	29.837	0.00	0.00	265	11.40	835	3.2	0.69	5.3	0.000	0.377	72.9	87	68.8	75.1	18.97	 .0725	0.000	700	1	100.0	30
02/08/20	10:00 a	86.5	86.5	83.1	78	78.8	0.0	ENE	0.00	5.0	SSE	86.5	99.6	99.6	110.8	29.836	0.00	0.00	571	24.56	919	5.2	1.11	7.0	0.000	0.448	73.0	87	68.9	75.3	18.97	 .0725	0.011	702	1	100.0	30
02/08/20	10:30 a	87.7	87.9	86.5	68	75.8	1.0	S	0.50	5.0	WSW	87.7	97.7	97.7	109.5	29.830	0.00	0.00	890	38.27	967	7.2	1.54	8.2	0.000	0.473	73.0	87	68.9	75.3	18.97	 .0725	0.000	702	1	100.0	30
02/08/20	11:00 a	88.3	88.4	87.2	72	78.1	2.0	S	1.00	5.0	S	88.3	101.0	101.0	112.8	29.823	0.00	0.00	904	38.88	946	8.6	1.84	9.2	0.000	0.485	73.1	87	69.0	75.4	18.97	 .0725	0.024	702	1	100.0	30
02/08/20	11:30 a	88.6	88.8	87.8	67	76.2	2.0	SSW	1.00	7.0	W	88.6	99.5	99.5	112.0	29.806	0.00	0.00	969	41.67	983	9.6	2.06	9.8	0.000	0.492	73.1	87	69.0	75.4	18.97	 .0724	0.000	702	1	100.0	30
02/08/20	12:00 p	88.8	89.5	88.7	69	77.3	2.0	S	1.00	7.0	SW	88.8	101.1	101.1	114.1	29.800	0.00	0.00	978	42.06	998	9.9	2.12	10.0	0.000	0.496	73.1	87	69.0	75.4	18.97	 .0724	0.027	698	1	100.0	30
02/08/20	12:30 p	88.8	89.0	88.4	74	79.4	2.0	SSW	1.00	6.0	SSW	88.8	104.1	104.1	117.8	29.788	0.00	0.00	965	41.50	969	9.8	2.10	9.9	0.000	0.496	73.2	87	69.1	75.5	18.98	 .0724	0.000	699	1	100.0	30
02/08/20	1:00 p	89.0	89.4	88.2	70	77.9	2.0	SE	1.00	8.0	SSE	89.0	102.3	102.3	116.8	29.767	0.00	0.00	959	41.24	991	9.3	1.99	9.6	0.000	0.500	73.1	87	69.0	75.4	18.97	 .0723	0.026	698	1	100.0	30
02/08/20	1:30 p	89.1	89.6	88.6	71	78.5	2.0	SE	1.00	8.0	SE	89.1	103.3	103.3	118.5	29.756	0.00	0.00	900	38.71	928	8.3	1.78	8.8	0.000	0.502	73.0	87	68.9	75.3	18.97	 .0723	0.000	703	1	100.0	30
02/08/20	2:00 p	88.9	89.5	88.5	71	78.3	2.0	SSE	1.00	8.0	S	88.9	102.6	102.6	118.5	29.746	0.00	0.00	833	35.82	867	7.0	1.50	7.7	0.000	0.498	72.9	87	68.8	75.1	18.97	 .0723	0.024	699	1	100.0	30
02/08/20	2:30 p	88.7	89.2	88.1	70	77.7	2.0	ESE	1.00	7.0	S	88.7	101.3	101.3	117.9	29.739	0.00	0.00	752	32.34	791	5.6	1.20	6.4	0.000	0.494	72.9	87	68.8	75.1	18.97	 .0723	0.000	697	1	100.0	30
02/08/20	3:00 p	87.8	89.1	87.6	71	77.2	2.0	SSW	1.00	5.0	SSW	87.8	99.2	99.2	116.4	29.731	0.00	0.00	655	28.17	707	4.2	0.90	4.9	0.000	0.475	73.0	88	69.2	75.3	19.47	 .0722	0.019	699	1	100.0	30
02/08/20	3:30 p	88.2	88.2	87.4	72	78.0	2.0	S	1.00	6.0	SSW	88.2	100.7	100.7	118.3	29.735	0.00	0.00	550	23.65	603	2.8	0.60	3.4	0.000	0.483	72.9	88	69.1	75.2	19.47	 .0723	0.000	701	1	100.0	30
02/08/20	4:00 p	87.4	88.2	87.2	73	77.7	1.0	SE	0.50	7.0	S	87.4	99.4	99.4	116.1	29.738	0.00	0.00	440	18.92	489	1.7	0.36	2.2	0.000	0.467	73.0	88	69.2	75.3	19.47	 .0723	0.014	700	1	100.0	30
02/08/20	4:30 p	86.2	87.5	86.2	73	76.5	1.0	S	0.50	5.0	SSE	86.2	96.8	96.8	101.9	29.744	0.00	0.00	305	13.12	489	0.8	0.17	1.2	0.000	0.442	73.1	88	69.3	75.4	19.47	 .0723	0.000	700	1	100.0	30
02/08/20	5:00 p	84.2	86.2	84.2	76	75.8	1.0	SSW	0.50	4.0	SSW	84.2	93.4	93.4	93.9	29.748	0.00	0.00	97	4.17	149	0.1	0.02	0.5	0.000	0.400	73.1	87	69.0	75.4	18.97	 .0723	0.006	699	1	100.0	30
02/08/20	5:30 p	82.4	84.2	82.4	82	76.3	0.0	SSW	0.00	2.0	SSW	82.4	90.6	90.6	89.7	29.750	0.00	0.00	29	1.25	51	0.0	0.00	0.0	0.000	0.363	73.1	88	69.3	75.4	19.47	 .0723	0.000	697	1	100.0	30
02/08/20	6:00 p	81.4	82.5	81.4	84	76.1	0.0	---	0.00	0.0	---	81.4	88.6	88.6	87.2	29.756	0.00	0.00	5	0.22	18	0.0	0.00	0.0	0.000	0.342	73.1	87	69.0	75.4	18.97	 .0723	0.001	693	1	100.0	30
02/08/20	6:30 p	80.1	81.4	80.1	85	75.2	0.0	---	0.00	0.0	---	80.1	85.8	85.8	84.2	29.763	0.00	0.00	0	0.00	0	0.0	0.00	0.0	0.000	0.315	73.1	87	69.0	75.4	18.97	 .0723	0.000	695	1	100.0	30
02/08/20	7:00 p	79.7	80.1	79.6	85	74.8	0.0	---	0.00	0.0	---	79.7	85.0	85.0	83.4	29.776	0.00	0.00	0	0.00	0	0.0	0.00	0.0	0.000	0.306	73.0	88	69.2	75.3	19.47	 .0724	0.001	703	1	100.0	30
02/08/20	7:30 p	79.6	79.7	79.5	86	75.0	0.0	---	0.00	0.0	---	79.6	85.1	85.1	83.5	29.786	0.00	0.00	0	0.00	0	0.0	0.00	0.0	0.000	0.304	72.9	88	69.1	75.2	19.47	 .0724	0.000	700	1	100.0	30
02/08/20	8:00 p	79.1	79.6	79.1	86	74.5	0.0	---	0.00	0.0	---	79.1	84.1	84.1	82.5	29.797	0.00	0.00	0	0.00	0	0.0	0.00	0.0	0.000	0.294	72.9	87	68.8	75.1	18.97	 .0724	0.001	702	1	100.0	30
02/08/20	8:30 p	79.1	79.3	79.0	87	74.9	0.0	---	0.00	0.0	---	79.1	84.3	84.3	82.7	29.806	0.00	0.00	0	0.00	0	0.0	0.00	0.0	0.000	0.294	72.9	88	69.1	75.2	19.47	 .0724	0.000	699	1	100.0	30
02/08/20	9:00 p	78.9	79.1	78.8	87	74.7	0.0	---	0.00	0.0	---	78.9	83.9	83.9	82.3	29.810	0.00	0.00	0	0.00	0	0.0	0.00	0.0	0.000	0.290	72.9	87	68.8	75.1	18.97	 .0725	0.001	702	1	100.0	30
02/08/20	9:30 p	79.0	79.0	78.9	87	74.8	0.0	---	0.00	0.0	---	79.0	84.1	84.1	82.5	29.813	0.00	0.00	0	0.00	0	0.0	0.00	0.0	0.000	0.292	72.8	87	68.7	75.0	18.96	 .0725	0.000	701	1	100.0	30
02/08/20	10:00 p	78.7	78.9	78.6	87	74.5	0.0	---	0.00	0.0	---	78.7	83.6	83.6	82.0	29.811	0.00	0.00	0	0.00	0	0.0	0.00	0.0	0.000	0.285	72.8	87	68.7	75.0	18.96	 .0725	0.001	701	1	100.0	30
02/08/20	10:30 p	78.4	78.6	78.4	87	74.2	0.0	---	0.00	0.0	---	78.4	83.1	83.1	81.5	29.806	0.00	0.00	0	0.00	0	0.0	0.00	0.0	0.000	0.279	72.8	87	68.7	75.0	18.96	 .0725	0.000	702	1	100.0	30
02/08/20	11:00 p	77.8	78.5	77.8	87	73.6	0.0	---	0.00	0.0	---	77.8	82.1	82.1	80.4	29.805	0.00	0.00	0	0.00	0	0.0	0.00	0.0	0.000	0.267	72.8	87	68.7	75.0	18.96	 .0725	0.001	700	1	100.0	30
02/08/20	11:30 p	77.3	77.8	77.3	88	73.5	0.0	---	0.00	0.0	---	77.3	81.3	81.3	79.6	29.800	0.00	0.00	0	0.00	0	0.0	0.00	0.0	0.000	0.256	72.9	87	68.8	75.1	18.97	 .0725	0.000	701	1	100.0	30
02/09/20	12:00 a	76.9	77.3	76.9	88	73.1	0.0	---	0.00	0.0	---	76.9	80.7	80.7	79.0	29.790	0.00	0.00	0	0.00	0	0.0	0.00	0.0	0.000	0.248	72.9	87	68.8	75.1	18.97	 .0724	0.000	700	1	100.0	30
02/09/20	12:30 a	76.5	76.9	76.5	88	72.7	0.0	---	0.00	0.0	---	76.5	80.1	80.1	78.3	29.784	0.00	0.00	0	0.00	0	0.0	0.00	0.0	0.000	0.240	72.9	87	68.8	75.1	18.97	 .0724	0.000	699	1	100.0	30
02/09/20	1:00 a	76.3	76.5	76.3	88	72.5	0.0	---	0.00	0.0	---	76.3	79.8	79.8	78.0	29.775	0.00	0.00	0	0.00	0	0.0	0.00	0.0	0.000	0.235	72.9	87	68.8	75.1	18.97	 .0724	0.000	700	1	100.0	30
02/09/20	1:30 a	76.2	76.3	76.1	88	72.4	0.0	---	0.00	0.0	---	76.2	79.7	79.7	77.9	29.767	0.00	0.00	0	0.00	0	0.0	0.00	0.0	0.000	0.233	73.0	87	68.9	75.3	18.97	 .0723	0.000	702	1	100.0	30
02/09/20	2:00 a	75.9	76.2	75.9	88	72.1	0.0	---	0.00	0.0	---	75.9	79.3	79.3	77.5	29.762	0.00	0.00	0	0.00	0	0.0	0.00	0.0	0.000	0.227	72.9	87	68.8	75.1	18.97	 .0724	0.000	699	1	100.0	30
02/09/20	2:30 a	76.0	76.0	75.8	88	72.2	0.0	---	0.00	0.0	---	76.0	79.4	79.4	77.6	29.760	0.00	0.00	0	0.00	0	0.0	0.00	0.0	0.000	0.229	73.0	87	68.9	75.3	18.97	 .0723	0.000	702	1	100.0	30
02/09/20	3:00 a	76.0	76.0	75.8	88	72.2	0.0	---	0.00	0.0	---	76.0	79.4	79.4	77.6	29.755	0.00	0.00	0	0.00	0	0.0	0.00	0.0	0.000	0.229	73.0	87	68.9	75.3	18.97	 .0723	0.000	699	1	100.0	30
02/09/20	3:30 a	76.0	76.0	75.8	89	72.5	0.0	---	0.00	0.0	---	76.0	79.4	79.4	77.6	29.754	0.00	0.00	0	0.00	0	0.0	0.00	0.0	0.000	0.229	72.9	87	68.8	75.1	18.97	 .0723	0.000	702	1	100.0	30
02/09/20	4:00 a	75.8	76.0	75.6	89	72.3	0.0	---	0.00	0.0	---	75.8	79.2	79.2	77.4	29.758	0.00	0.00	0	0.00	0	0.0	0.00	0.0	0.000	0.225	72.9	87	68.8	75.1	18.97	 .0723	0.000	700	1	100.0	30
02/09/20	4:30 a	75.4	75.8	75.3	89	71.9	0.0	---	0.00	0.0	---	75.4	78.8	78.8	77.0	29.764	0.00	0.00	0	0.00	0	0.0	0.00	0.0	0.000	0.217	72.9	87	68.8	75.1	18.97	 .0724	0.000	701	1	100.0	30
02/09/20	5:00 a	75.2	75.4	75.2	89	71.7	0.0	---	0.00	0.0	---	75.2	78.5	78.5	76.7	29.763	0.00	0.00	0	0.00	0	0.0	0.00	0.0	0.000	0.212	72.9	87	68.8	75.1	18.97	 .0724	0.000	702	1	100.0	30
02/09/20	5:30 a	75.0	75.2	75.0	89	71.5	0.0	---	0.00	0.0	---	75.0	78.3	78.3	76.5	29.772	0.00	0.00	0	0.00	0	0.0	0.00	0.0	0.000	0.208	72.9	87	68.8	75.1	18.97	 .0724	0.000	697	1	100.0	30
02/09/20	6:00 a	74.8	75.2	74.7	89	71.3	0.0	---	0.00	0.0	---	74.8	77.9	77.9	76.1	29.782	0.00	0.00	0	0.00	5	0.0	0.00	0.0	0.000	0.204	73.0	87	68.9	75.3	18.97	 .0724	0.000	702	1	100.0	30
02/09/20	6:30 a	75.2	75.2	74.7	89	71.7	0.0	---	0.00	0.0	---	75.2	78.5	78.5	78.3	29.787	0.00	0.00	15	0.65	23	0.0	0.00	0.0	0.000	0.212	72.9	87	68.8	75.1	18.97	 .0724	0.000	702	1	100.0	30
02/09/20	7:00 a	76.3	76.3	75.2	89	72.8	0.0	---	0.00	0.0	---	76.3	79.9	79.9	80.8	29.799	0.00	0.00	43	1.85	77	0.0	0.00	0.0	0.000	0.235	73.0	87	68.9	75.3	18.97	 .0724	0.001	701	1	100.0	30
02/09/20	7:30 a	77.2	77.4	76.2	89	73.7	0.0	---	0.00	0.0	---	77.2	81.3	81.3	83.6	29.811	0.00	0.00	85	3.66	113	0.2	0.04	0.7	0.000	0.254	73.0	87	68.9	75.3	18.97	 .0725	0.000	700	1	100.0	30
02/09/20	8:00 a	78.2	78.2	77.1	89	74.7	0.0	---	0.00	0.0	---	78.2	83.0	83.0	84.1	29.820	0.00	0.00	59	2.54	69	0.7	0.15	1.2	0.000	0.275	73.0	87	68.9	75.3	18.97	 .0725	0.002	703	1	100.0	30
02/09/20	8:30 a	80.1	80.2	78.2	89	76.6	0.0	---	0.00	0.0	---	80.1	86.8	86.8	90.2	29.827	0.00	0.00	139	5.98	339	1.5	0.32	2.0	0.000	0.315	73.1	87	69.0	75.4	18.97	 .0725	0.000	699	1	100.0	30
02/09/20	9:00 a	83.4	83.4	80.2	84	78.1	0.0	---	0.00	0.0	---	83.4	94.0	94.0	98.0	29.826	0.00	0.00	171	7.35	218	2.2	0.47	3.0	0.000	0.383	73.1	87	69.0	75.4	18.97	 .0725	0.004	702	1	100.0	30
02/09/20	9:30 a	84.8	85.0	83.3	79	77.6	1.0	S	0.50	5.0	SSE	84.8	95.7	95.7	106.8	29.827	0.00	0.00	548	23.57	807	4.4	0.94	5.5	0.000	0.413	73.1	87	69.0	75.4	18.97	 .0725	0.000	700	1	100.0	30
02/09/20	10:00 a	86.5	86.5	84.9	77	78.4	2.0	SSW	1.00	5.0	SSW	86.5	99.2	99.2	111.3	29.820	0.00	0.00	854	36.73	1042	6.0	1.29	6.9	0.000	0.448	73.1	87	69.0	75.4	18.97	 .0725	0.017	699	1	100.0	30
02/09/20	10:30 a	86.5	86.7	85.2	77	78.4	2.0	SSE	1.00	7.0	SE	86.5	99.2	99.2	111.0	29.811	0.00	0.00	633	27.22	1053	5.8	1.24	8.3	0.000	0.448	73.1	87	69.0	75.4	18.97	 .0724	0.000	700	1	100.0	30
02/09/20	11:00 a	86.1	88.1	86.0	75	77.2	2.0	E	1.00	7.0	SSE	86.1	97.3	97.3	108.8	29.806	0.00	0.00	866	37.24	1027	8.0	1.71	9.4	0.000	0.440	73.1	87	69.0	75.4	18.97	 .0724	0.020	698	1	100.0	30
02/09/20	11:30 a	87.0	87.8	86.0	75	78.1	2.0	SSE	1.00	7.0	ESE	87.0	99.6	99.6	112.4	29.798	0.00	0.00	982	42.23	1014	9.5	2.04	9.7	0.000	0.458	73.2	87	69.1	75.5	18.98	 .0724	0.000	701	1	100.0	30
02/09/20	12:00 p	88.2	88.4	86.8	74	78.9	2.0	SE	1.00	6.0	W	88.2	101.7	101.7	114.8	29.782	0.00	0.00	980	42.15	1000	9.9	2.12	10.0	0.000	0.483	73.2	87	69.1	75.5	18.98	 .0723	0.026	702	1	100.0	30
02/09/20	12:30 p	87.7	88.4	87.1	74	78.4	2.0	SE	1.00	7.0	ESE	87.7	100.4	100.4	114.3	29.767	0.00	0.00	989	42.53	1071	9.8	2.10	10.0	0.000	0.473	73.2	87	69.1	75.5	18.98	 .0723	0.000	699	1	100.0	30
02/09/20	1:00 p	86.4	87.8	86.0	74	77.1	2.0	S	1.00	8.0	SE	86.4	97.7	97.7	110.1	29.753	0.00	0.00	710	30.53	1227	7.1	1.52	9.8	0.000	0.446	73.2	87	69.1	75.5	18.98	 .0723	0.023	697	1	100.0	30
02/09/20	1:30 p	87.1	87.9	86.4	75	78.2	2.0	SSW	1.00	8.0	E	87.1	99.8	99.8	115.2	29.735	0.00	0.00	913	39.26	946	8.3	1.78	8.8	0.000	0.460	73.2	87	69.1	75.5	18.98	 .0722	0.000	700	1	100.0	30
02/09/20	2:00 p	88.0	88.2	86.8	73	78.3	2.0	S	1.00	7.0	SE	88.0	100.4	100.4	116.6	29.725	0.00	0.00	850	36.55	896	7.1	1.52	7.7	0.000	0.479	73.3	87	69.2	75.6	18.98	 .0722	0.024	700	1	100.0	30
02/09/20	2:30 p	88.0	88.1	86.6	73	78.3	2.0	S	1.00	7.0	SSE	88.0	100.4	100.4	117.3	29.720	0.00	0.00	763	32.81	803	5.6	1.20	6.4	0.000	0.479	73.2	87	69.1	75.5	18.98	 .0722	0.000	703	1	100.0	30
02/09/20	3:00 p	86.6	87.9	86.6	73	76.9	2.0	S	1.00	6.0	SSW	86.6	97.8	97.8	115.9	29.712	0.00	0.00	689	29.63	744	4.1	0.88	4.9	0.000	0.450	73.2	87	69.1	75.5	18.98	 .0722	0.019	697	1	100.0	30
02/09/20	3:30 p	86.8	86.9	86.0	75	77.9	1.0	S	0.50	6.0	ESE	86.8	99.1	99.1	117.7	29.708	0.00	0.00	582	25.03	633	2.8	0.60	3.4	0.000	0.454	73.2	87	69.1	75.5	18.98	 .0722	0.000	700	1	100.0	30
02/09/20	4:00 p	86.6	87.1	86.0	74	77.3	1.0	WSW	0.50	5.0	SSE	86.6	98.2	98.2	115.7	29.707	0.00	0.00	459	19.74	501	1.7	0.36	2.2	0.000	0.450	73.2	87	69.1	75.5	18.98	 .0722	0.013	698	1	100.0	30
02/09/20	4:30 p	84.0	86.6	84.0	77	76.0	1.0	SSE	0.50	4.0	SSE	84.0	93.4	93.4	97.0	29.708	0.00	0.00	236	10.15	399	0.8	0.17	1.2	0.000	0.396	73.2	87	69.1	75.5	18.98	 .0722	0.000	701	1	100.0	30
02/09/20	5:00 p	82.7	84.1	82.6	81	76.3	0.0	SSE	0.00	2.0	SSE	82.7	91.1	91.1	90.8	29.710	0.00	0.00	55	2.37	76	0.1	0.02	0.5	0.000	0.369	73.2	87	69.1	75.5	18.98	 .0722	0.004	702	1	100.0	30
02/09/20	5:30 p	81.3	82.7	81.3	83	75.6	0.0	SSE	0.00	1.0	SSE	81.3	88.0	88.0	87.0	29.713	0.00	0.00	26	1.12	39	0.0	0.00	0.0	0.000	0.340	73.2	87	69.1	75.5	18.98	 .0722	0.000	701	1	100.0	30
02/09/20	6:00 p	80.0	81.3	80.0	84	74.7	0.0	---	0.00	0.0	---	80.0	85.4	85.4	83.8	29.719	0.00	0.00	3	0.13	14	0.0	0.00	0.0	0.000	0.313	73.2	87	69.1	75.5	18.98	 .0722	0.001	701	1	100.0	30
02/09/20	6:30 p	78.9	80.0	78.9	85	74.0	0.0	---	0.00	0.0	---	78.9	83.5	83.5	81.9	29.728	0.00	0.00	0	0.00	0	0.0	0.00	0.0	0.000	0.290	73.2	87	69.1	75.5	18.98	 .0722	0.000	699	1	100.0	30
02/09/20	7:00 p	78.4	78.9	78.4	86	73.9	0.0	---	0.00	0.0	---	78.4	82.9	82.9	81.2	29.735	0.00	0.00	0	0.00	0	0.0	0.00	0.0	0.000	0.279	73.1	87	69.0	75.4	18.97	 .0723	0.001	701	1	100.0	30
02/09/20	7:30 p	77.8	78.4	77.8	87	73.6	0.0	---	0.00	0.0	---	77.8	82.1	82.1	80.4	29.748	0.00	0.00	0	0.00	0	0.0	0.00	0.0	0.000	0.267	73.1	87	69.0	75.4	18.97	 .0723	0.000	698	1	100.0	30
02/09/20	8:00 p	77.4	77.8	77.4	87	73.2	0.0	---	0.00	0.0	---	77.4	81.4	81.4	79.7	29.757	0.00	0.00	0	0.00	0	0.0	0.00	0.0	0.000	0.258	73.1	87	69.0	75.4	18.97	 .0723	0.001	700	1	100.0	30
02/09/20	8:30 p	76.9	77.4	76.8	87	72.7	0.0	---	0.00	0.0	---	76.9	80.6	80.6	78.8	29.761	0.00	0.00	0	0.00	0	0.0	0.00	0.0	0.000	0.248	73.1	87	69.0	75.4	18.97	 .0723	0.000	696	1	100.0	30
02/09/20	9:00 p	76.4	76.9	76.4	88	72.6	0.0	---	0.00	0.0	---	76.4	80.0	80.0	78.2	29.768	0.00	0.00	0	0.00	0	0.0	0.00	0.0	0.000	0.238	73.0	87	68.9	75.3	18.97	 .0724	0.001	697	1	100.0	30
02/09/20	9:30 p	76.1	76.5	76.1	88	72.3	0.0	---	0.00	0.0	---	76.1	79.5	79.5	77.7	29.774	0.00	0.00	0	0.00	0	0.0	0.00	0.0	0.000	0.231	73.0	87	68.9	75.3	18.97	 .0724	0.000	701	1	100.0	30
02/09/20	10:00 p	75.7	76.1	75.7	88	71.9	0.0	---	0.00	0.0	---	75.7	79.0	79.0	77.2	29.773	0.00	0.00	0	0.00	0	0.0	0.00	0.0	0.000	0.223	73.0	87	68.9	75.3	18.97	 .0724	0.000	700	1	100.0	30
02/09/20	10:30 p	75.1	75.7	75.1	88	71.3	0.0	---	0.00	0.0	---	75.1	78.4	78.4	76.6	29.769	0.00	0.00	0	0.00	0	0.0	0.00	0.0	0.000	0.210	73.0	87	68.9	75.3	18.97	 .0724	0.000	701	1	100.0	30
02/09/20	11:00 p	74.7	75.1	74.7	88	70.9	0.0	---	0.00	0.0	---	74.7	77.7	77.7	75.8	29.763	0.00	0.00	0	0.00	0	0.0	0.00	0.0	0.000	0.202	73.0	87	68.9	75.3	18.97	 .0723	0.000	700	1	100.0	30
02/09/20	11:30 p	74.5	74.8	74.4	88	70.7	0.0	---	0.00	0.0	---	74.5	77.3	77.3	75.4	29.761	0.00	0.00	0	0.00	0	0.0	0.00	0.0	0.000	0.198	72.9	87	68.8	75.1	18.97	 .0724	0.000	702	1	100.0	30
02/10/20	12:00 a	74.2	74.5	74.2	88	70.4	0.0	---	0.00	0.0	---	74.2	76.7	76.7	74.8	29.751	0.00	0.00	0	0.00	0	0.0	0.00	0.0	0.000	0.192	73.0	87	68.9	75.3	18.97	 .0723	0.000	701	1	100.0	30
02/10/20	12:30 a	74.0	74.2	74.0	88	70.2	0.0	---	0.00	0.0	---	74.0	76.3	76.3	74.4	29.744	0.00	0.00	0	0.00	0	0.0	0.00	0.0	0.000	0.188	72.9	87	68.8	75.1	18.97	 .0723	0.000	699	1	100.0	30
02/10/20	1:00 a	73.7	74.2	73.7	88	69.9	0.0	---	0.00	0.0	---	73.7	76.0	76.0	74.0	29.733	0.00	0.00	0	0.00	0	0.0	0.00	0.0	0.000	0.181	72.9	87	68.8	75.1	18.97	 .0723	0.000	701	1	100.0	30
02/10/20	1:30 a	73.7	73.9	73.6	88	69.9	0.0	---	0.00	0.0	---	73.7	76.0	76.0	74.0	29.719	0.00	0.00	0	0.00	0	0.0	0.00	0.0	0.000	0.181	72.9	87	68.8	75.1	18.97	 .0722	0.000	702	1	100.0	30
02/10/20	2:00 a	73.4	73.7	73.2	88	69.6	0.0	---	0.00	0.0	---	73.4	75.7	75.7	73.7	29.709	0.00	0.00	0	0.00	0	0.0	0.00	0.0	0.000	0.175	72.9	87	68.8	75.1	18.97	 .0722	0.000	701	1	100.0	30
02/10/20	2:30 a	73.0	73.5	73.0	88	69.2	0.0	---	0.00	0.0	---	73.0	75.3	75.3	73.3	29.701	0.00	0.00	0	0.00	0	0.0	0.00	0.0	0.000	0.167	72.9	87	68.8	75.1	18.97	 .0722	0.000	702	1	100.0	30
02/10/20	3:00 a	72.8	73.0	72.7	89	69.4	0.0	---	0.00	0.0	---	72.8	75.2	75.2	73.2	29.696	0.00	0.00	0	0.00	0	0.0	0.00	0.0	0.000	0.163	72.9	87	68.8	75.1	18.97	 .0722	0.000	700	1	100.0	30
02/10/20	3:30 a	72.7	72.8	72.6	89	69.3	0.0	---	0.00	0.0	---	72.7	75.0	75.0	73.0	29.698	0.00	0.00	0	0.00	0	0.0	0.00	0.0	0.000	0.160	72.9	87	68.8	75.1	18.97	 .0722	0.000	699	1	100.0	30
02/10/20	4:00 a	72.6	72.7	72.4	89	69.2	0.0	---	0.00	0.0	---	72.6	74.9	74.9	72.9	29.700	0.00	0.00	0	0.00	0	0.0	0.00	0.0	0.000	0.158	72.9	87	68.8	75.1	18.97	 .0722	0.000	701	1	100.0	30
02/10/20	4:30 a	72.2	72.6	72.2	89	68.8	0.0	---	0.00	0.0	---	72.2	74.4	74.4	72.4	29.697	0.00	0.00	0	0.00	0	0.0	0.00	0.0	0.000	0.150	72.9	87	68.8	75.1	18.97	 .0722	0.000	699	1	100.0	30
02/10/20	5:00 a	72.2	72.4	72.1	89	68.8	0.0	---	0.00	0.0	---	72.2	74.4	74.4	72.4	29.705	0.00	0.00	0	0.00	0	0.0	0.00	0.0	0.000	0.150	72.9	87	68.8	75.1	18.97	 .0722	0.000	701	1	100.0	30
02/10/20	5:30 a	72.0	72.1	71.9	89	68.6	0.0	---	0.00	0.0	---	72.0	74.1	74.1	72.1	29.711	0.00	0.00	0	0.00	0	0.0	0.00	0.0	0.000	0.146	72.8	87	68.7	75.0	18.96	 .0722	0.000	699	1	100.0	30
02/10/20	6:00 a	71.9	72.1	71.8	89	68.5	0.0	---	0.00	0.0	---	71.9	74.0	74.0	72.0	29.715	0.00	0.00	0	0.00	5	0.0	0.00	0.0	0.000	0.144	72.9	87	68.8	75.1	18.97	 .0722	0.000	700	1	100.0	30
02/10/20	6:30 a	72.5	72.5	71.9	89	69.1	0.0	---	0.00	0.0	---	72.5	74.8	74.8	74.4	29.726	0.00	0.00	13	0.56	21	0.0	0.00	0.0	0.000	0.156	72.9	87	68.8	75.1	18.97	 .0723	0.000	702	1	100.0	30
02/10/20	7:00 a	73.4	73.4	72.4	89	70.0	0.0	---	0.00	0.0	---	73.4	75.8	75.8	75.9	29.732	0.00	0.00	27	1.16	32	0.0	0.00	0.0	0.000	0.175	72.9	87	68.8	75.1	18.97	 .0723	0.001	700	1	100.0	30
02/10/20	7:30 a	74.8	74.8	73.4	89	71.3	0.0	---	0.00	0.0	---	74.8	77.9	77.9	78.6	29.744	0.00	0.00	45	1.94	93	0.1	0.02	0.7	0.000	0.204	72.9	87	68.8	75.1	18.97	 .0723	0.000	701	1	100.0	30
02/10/20	8:00 a	76.4	76.4	74.8	89	72.9	0.0	---	0.00	0.0	---	76.4	80.0	80.0	80.4	29.751	0.00	0.00	41	1.76	47	0.0	0.00	0.0	0.000	0.238	73.0	87	68.9	75.3	18.97	 .0723	0.001	701	1	100.0	30
02/10/20	8:30 a	77.8	77.8	76.4	89	74.3	0.0	SSE	0.00	1.0	SSE	77.8	82.3	82.3	84.5	29.756	0.00	0.00	104	4.47	262	1.0	0.21	2.0	0.000	0.267	72.9	87	68.8	75.1	18.97	 .0723	0.000	701	1	100.0	30
02/10/20	9:00 a	80.6	80.6	77.9	88	76.7	1.0	SE	0.50	4.0	SSE	80.6	87.7	87.7	89.9	29.762	0.00	0.00	108	4.64	179	2.1	0.45	2.4	0.000	0.325	73.0	87	68.9	75.3	18.97	 .0723	0.003	700	1	100.0	30
02/10/20	9:30 a	84.1	84.2	80.6	78	76.5	1.0	SSE	0.50	6.0	SSE	84.1	94.0	94.0	105.0	29.760	0.00	0.00	543	23.35	770	4.1	0.88	5.4	0.000	0.398	73.0	87	68.9	75.3	18.97	 .0723	0.000	700	1	100.0	30
02/10/20	10:00 a	86.7	86.8	84.1	71	76.2	2.0	SSE	1.00	6.0	S	86.7	97.2	97.2	108.6	29.754	0.00	0.00	817	35.14	860	6.2	1.33	6.9	0.000	0.452	73.1	87	69.0	75.4	18.97	 .0723	0.018	700	1	100.0	30
02/10/20	10:30 a	87.2	87.2	86.2	72	77.1	2.0	SSE	1.00	7.0	S	87.2	98.7	98.7	110.5	29.741	0.00	0.00	885	38.06	921	7.6	1.63	8.1	0.000	0.462	73.1	87	69.0	75.4	18.97	 .0723	0.000	701	1	100.0	30
02/10/20	11:00 a	87.3	88.3	86.8	72	77.2	2.0	SE	1.00	8.0	SSE	87.3	98.8	98.8	111.6	29.728	0.00	0.00	986	42.40	1150	8.6	1.84	9.4	0.000	0.465	73.1	87	69.0	75.4	18.97	 .0722	0.024	700	1	100.0	30
02/10/20	11:30 a	86.4	87.5	86.1	75	77.5	2.0	SE	1.00	9.0	SSE	86.4	98.0	98.0	110.0	29.718	0.00	0.00	664	28.56	1303	7.3	1.56	10.1	0.000	0.446	73.1	87	69.0	75.4	18.97	 .0722	0.000	702	1	100.0	30
02/10/20	12:00 p	88.6	88.6	86.5	73	78.8	2.0	ESE	1.00	8.0	SSE	88.6	102.7	102.7	116.7	29.711	0.00	0.00	1041	44.77	1227	9.3	1.99	10.5	0.000	0.492	73.1	87	69.0	75.4	18.97	 .0722	0.023	699	1	100.0	30
02/10/20	12:30 p	88.1	89.3	87.4	73	78.3	3.0	SSE	1.50	11.0	SE	88.1	100.8	100.8	115.2	29.705	0.00	0.00	1023	43.99	1060	9.8	2.10	10.1	0.000	0.481	73.2	87	69.1	75.5	18.98	 .0722	0.000	698	1	100.0	30
02/10/20	1:00 p	88.4	89.0	88.0	69	76.9	3.0	ESE	1.50	10.0	SSE	88.4	99.8	99.8	114.6	29.697	0.00	0.00	984	42.32	1025	9.1	1.95	9.6	0.000	0.488	73.1	87	69.0	75.4	18.97	 .0722	0.027	702	1	100.0	30
02/10/20	1:30 p	87.4	88.9	87.4	70	76.4	4.0	SE	2.00	15.0	S	87.4	98.1	98.1	113.1	29.686	0.00	0.00	907	39.01	997	8.0	1.71	8.7	0.000	0.467	73.2	87	69.1	75.5	18.98	 .0721	0.000	700	1	100.0	30
02/10/20	2:00 p	88.8	89.5	87.3	71	78.2	3.0	SE	1.50	9.0	S	88.8	102.2	102.2	119.7	29.671	0.00	0.00	913	39.26	1113	7.0	1.50	8.1	0.000	0.496	73.2	87	69.1	75.5	18.98	 .0721	0.025	701	1	100.0	30
02/10/20	2:30 p	87.1	89.0	86.9	71	76.5	3.0	SSE	1.50	12.0	S	87.1	98.1	98.1	114.0	29.661	0.00	0.00	727	31.27	1037	5.1	1.09	6.7	0.000	0.460	73.2	87	69.1	75.5	18.98	 .0720	0.000	700	1	100.0	30
02/10/20	3:00 p	86.8	88.1	86.2	72	76.7	2.0	SE	1.00	12.0	SSE	86.8	97.9	97.9	110.7	29.657	0.00	0.00	506	21.76	981	3.6	0.77	4.9	0.000	0.454	73.1	88	69.3	75.4	19.47	 .0720	0.018	702	1	100.0	30
02/10/20	3:30 p	87.4	87.5	86.6	72	77.3	2.0	SE	1.00	9.0	SSE	87.4	99.0	99.0	118.0	29.652	0.00	0.00	594	25.55	705	2.7	0.58	3.6	0.000	0.467	73.2	88	69.4	75.5	19.48	 .0720	0.000	700	1	100.0	30
02/10/20	4:00 p	85.0	87.5	85.0	74	75.8	2.0	ESE	1.00	8.0	SSE	85.0	94.3	94.3	103.6	29.653	0.00	0.00	263	11.31	613	1.3	0.28	2.3	0.000	0.417	73.1	88	69.3	75.4	19.47	 .0720	0.011	703	1	100.0	30
02/10/20	4:30 p	84.4	85.1	84.1	77	76.4	1.0	SE	0.50	8.0	SSE	84.4	94.2	94.2	96.3	29.660	0.00	0.00	170	7.31	392	0.5	0.11	0.9	0.000	0.404	73.0	88	69.2	75.3	19.47	 .0721	0.000	698	1	100.0	30
02/10/20	5:00 p	84.0	84.5	83.6	78	76.4	1.0	SE	0.50	7.0	SSE	84.0	93.8	93.8	93.6	29.663	0.00	0.00	63	2.71	81	0.0	0.00	0.0	0.000	0.396	73.0	88	69.2	75.3	19.47	 .0721	0.004	702	1	100.0	30
02/10/20	5:30 p	82.8	84.0	82.7	80	76.0	1.0	NE	0.50	4.0	NNE	82.8	91.1	91.1	89.9	29.669	0.00	0.00	18	0.77	35	0.0	0.00	0.0	0.000	0.371	73.1	88	69.3	75.4	19.47	 .0721	0.000	699	1	100.0	30
02/10/20	6:00 p	81.9	82.8	81.8	82	75.9	1.0	SE	0.50	3.0	ENE	81.9	89.3	89.3	87.8	29.673	0.00	0.00	3	0.13	9	0.0	0.00	0.0	0.000	0.352	72.9	87	68.8	75.1	18.97	 .0721	0.001	699	1	100.0	30
02/10/20	6:30 p	80.2	81.9	80.2	84	74.9	0.0	SE	0.00	3.0	SE	80.2	85.8	85.8	84.2	29.679	0.00	0.00	0	0.00	0	0.0	0.00	0.0	0.000	0.317	72.8	87	68.7	75.0	18.96	 .0722	0.000	699	1	100.0	30
02/10/20	7:00 p	79.5	80.3	79.5	85	74.6	0.0	SE	0.00	1.0	SE	79.5	84.6	84.6	83.0	29.689	0.00	0.00	0	0.00	0	0.0	0.00	0.0	0.000	0.302	72.7	87	68.6	74.9	18.96	 .0722	0.001	703	1	100.0	30
02/10/20	7:30 p	79.4	79.6	79.3	85	74.5	0.0	---	0.00	0.0	---	79.4	84.5	84.5	82.9	29.704	0.00	0.00	0	0.00	0	0.0	0.00	0.0	0.000	0.300	72.6	87	68.5	74.7	18.95	 .0723	0.000	699	1	100.0	30
02/10/20	8:00 p	79.1	79.5	79.0	86	74.5	0.0	---	0.00	0.0	---	79.1	84.1	84.1	82.5	29.718	0.00	0.00	0	0.00	0	0.0	0.00	0.0	0.000	0.294	72.6	87	68.5	74.7	18.95	 .0723	0.001	698	1	100.0	30
02/10/20	8:30 p	78.3	79.1	78.2	86	73.8	0.0	---	0.00	0.0	---	78.3	82.7	82.7	81.0	29.729	0.00	0.00	0	0.00	0	0.0	0.00	0.0	0.000	0.277	72.6	87	68.5	74.7	18.95	 .0723	0.000	700	1	100.0	30
02/10/20	9:00 p	78.2	78.3	78.1	87	74.0	0.0	---	0.00	0.0	---	78.2	82.7	82.7	81.1	29.739	0.00	0.00	0	0.00	0	0.0	0.00	0.0	0.000	0.275	72.6	87	68.5	74.7	18.95	 .0724	0.001	700	1	100.0	30
02/10/20	9:30 p	77.6	78.1	77.6	87	73.4	0.0	---	0.00	0.0	---	77.6	81.7	81.7	80.0	29.746	0.00	0.00	0	0.00	0	0.0	0.00	0.0	0.000	0.262	72.4	86	68.0	74.4	18.39	 .0724	0.000	701	1	100.0	30
02/10/20	10:00 p	77.0	77.6	77.0	87	72.8	0.0	---	0.00	0.0	---	77.0	80.8	80.8	79.0	29.743	0.00	0.00	0	0.00	0	0.0	0.00	0.0	0.000	0.250	72.3	87	68.2	74.4	18.94	 .0724	0.001	700	1	100.0	30
02/10/20	10:30 p	76.4	77.1	76.4	88	72.6	0.0	---	0.00	0.0	---	76.4	80.0	80.0	78.2	29.743	0.00	0.00	0	0.00	0	0.0	0.00	0.0	0.000	0.238	72.1	87	68.0	74.1	18.93	 .0725	0.000	702	1	100.0	30
02/10/20	11:00 p	75.8	76.4	75.8	88	72.0	0.0	---	0.00	0.0	---	75.8	79.2	79.2	77.4	29.745	0.00	0.00	0	0.00	0	0.0	0.00	0.0	0.000	0.225	72.1	87	68.0	74.1	18.93	 .0725	0.001	698	1	100.0	30
02/10/20	11:30 p	75.4	75.8	75.4	88	71.6	0.0	---	0.00	0.0	---	75.4	78.7	78.7	76.9	29.740	0.00	0.00	0	0.00	0	0.0	0.00	0.0	0.000	0.217	72.0	86	67.6	73.9	18.37	 .0725	0.000	702	1	100.0	30
02/11/20	12:00 a	74.8	75.4	74.7	88	71.0	0.0	---	0.00	0.0	---	74.8	77.9	77.9	76.1	29.732	0.00	0.00	0	0.00	0	0.0	0.00	0.0	0.000	0.204	72.1	86	67.7	74.0	18.38	 .0725	0.000	702	1	100.0	30
02/11/20	12:30 a	74.3	74.9	74.3	88	70.5	0.0	---	0.00	0.0	---	74.3	76.9	76.9	75.0	29.721	0.00	0.00	0	0.00	0	0.0	0.00	0.0	0.000	0.194	72.1	86	67.7	74.0	18.38	 .0724	0.000	702	1	100.0	30
02/11/20	1:00 a	74.0	74.3	74.0	88	70.2	0.0	---	0.00	0.0	---	74.0	76.3	76.3	74.4	29.709	0.00	0.00	0	0.00	0	0.0	0.00	0.0	0.000	0.188	72.1	86	67.7	74.0	18.38	 .0724	0.000	696	1	100.0	30
02/11/20	1:30 a	73.7	74.0	73.5	88	69.9	0.0	---	0.00	0.0	---	73.7	76.0	76.0	74.0	29.709	0.00	0.00	0	0.00	0	0.0	0.00	0.0	0.000	0.181	72.0	86	67.6	73.9	18.37	 .0724	0.000	700	1	100.0	30
02/11/20	2:00 a	73.6	73.8	73.5	88	69.8	0.0	---	0.00	0.0	---	73.6	75.9	75.9	73.9	29.704	0.00	0.00	0	0.00	0	0.0	0.00	0.0	0.000	0.179	72.1	86	67.7	74.0	18.38	 .0724	0.000	698	1	100.0	30
02/11/20	2:30 a	73.3	73.6	73.3	88	69.5	0.0	---	0.00	0.0	---	73.3	75.6	75.6	73.6	29.702	0.00	0.00	0	0.00	0	0.0	0.00	0.0	0.000	0.173	72.0	86	67.6	73.9	18.37	 .0724	0.000	700	1	100.0	30
02/11/20	3:00 a	73.0	73.4	73.0	88	69.2	0.0	---	0.00	0.0	---	73.0	75.3	75.3	73.3	29.691	0.00	0.00	0	0.00	0	0.0	0.00	0.0	0.000	0.167	72.0	86	67.6	73.9	18.37	 .0724	0.000	702	1	100.0	30
02/11/20	3:30 a	72.8	73.2	72.7	89	69.4	0.0	---	0.00	0.0	---	72.8	75.2	75.2	73.2	29.691	0.00	0.00	0	0.00	0	0.0	0.00	0.0	0.000	0.163	72.1	86	67.7	74.0	18.38	 .0724	0.000	700	1	100.0	30
02/11/20	4:00 a	72.5	72.9	72.5	89	69.1	0.0	---	0.00	0.0	---	72.5	74.8	74.8	72.8	29.695	0.00	0.00	0	0.00	0	0.0	0.00	0.0	0.000	0.156	72.1	86	67.7	74.0	18.38	 .0724	0.000	701	1	100.0	30
02/11/20	4:30 a	72.3	72.7	72.2	88	68.5	0.0	---	0.00	0.0	---	72.3	74.4	74.4	72.4	29.704	0.00	0.00	0	0.00	0	0.0	0.00	0.0	0.000	0.152	72.2	86	67.8	74.1	18.38	 .0724	0.000	697	1	100.0	30
02/11/20	5:00 a	72.2	72.4	72.1	89	68.8	0.0	---	0.00	0.0	---	72.2	74.4	74.4	72.4	29.707	0.00	0.00	0	0.00	0	0.0	0.00	0.0	0.000	0.150	72.2	86	67.8	74.1	18.38	 .0724	0.000	702	1	100.0	30
02/11/20	5:30 a	72.1	72.4	72.1	89	68.7	0.0	---	0.00	0.0	---	72.1	74.2	74.2	72.2	29.712	0.00	0.00	0	0.00	0	0.0	0.00	0.0	0.000	0.148	72.2	86	67.8	74.1	18.38	 .0724	0.000	700	1	100.0	30
02/11/20	6:00 a	72.1	72.2	71.9	89	68.7	0.0	---	0.00	0.0	---	72.1	74.2	74.2	72.2	29.719	0.00	0.00	0	0.00	5	0.0	0.00	0.0	0.000	0.148	72.2	86	67.8	74.1	18.38	 .0724	0.000	702	1	100.0	30
02/11/20	6:30 a	72.6	72.6	72.1	89	69.2	0.0	---	0.00	0.0	---	72.6	74.9	74.9	74.5	29.729	0.00	0.00	13	0.56	21	0.0	0.00	0.0	0.000	0.158	72.3	86	67.9	74.3	18.39	 .0724	0.000	701	1	100.0	30
02/11/20	7:00 a	73.7	73.7	72.5	89	70.3	0.0	---	0.00	0.0	---	73.7	76.1	76.1	76.3	29.748	0.00	0.00	28	1.20	35	0.0	0.00	0.0	0.000	0.181	72.4	86	68.0	74.4	18.39	 .0724	0.001	702	1	100.0	30
02/11/20	7:30 a	75.0	75.0	73.7	89	71.5	0.0	---	0.00	0.0	---	75.0	78.3	78.3	79.0	29.760	0.00	0.00	44	1.89	83	0.1	0.02	0.7	0.000	0.208	72.5	86	68.1	74.5	18.40	 .0724	0.000	701	1	100.0	30
02/11/20	8:00 a	76.4	76.4	75.0	89	72.9	0.0	---	0.00	0.0	---	76.4	80.0	80.0	80.6	29.769	0.00	0.00	47	2.02	53	0.0	0.00	0.7	0.000	0.238	72.6	86	68.2	74.7	18.41	 .0725	0.001	700	1	100.0	30
02/11/20	8:30 a	77.3	77.7	76.4	89	73.8	1.0	SE	0.50	2.0	SE	77.3	81.4	81.4	83.4	29.777	0.00	0.00	97	4.17	292	1.3	0.28	1.9	0.000	0.256	72.6	86	68.2	74.7	18.41	 .0725	0.000	701	1	100.0	30
02/11/20	9:00 a	80.5	80.5	77.3	86	75.9	1.0	SE	0.50	3.0	NNE	80.5	87.0	87.0	90.1	29.772	0.00	0.00	144	6.19	353	2.2	0.47	2.7	0.000	0.323	72.7	86	68.3	74.8	18.41	 .0724	0.003	702	1	100.0	30
02/11/20	9:30 a	84.5	84.5	80.5	78	76.9	1.0	ENE	0.50	4.0	ENE	84.5	94.7	94.7	105.8	29.778	0.00	0.00	551	23.70	835	4.0	0.86	5.3	0.000	0.406	72.9	86	68.5	75.1	18.42	 .0724	0.000	697	1	100.0	30
02/11/20	10:00 a	84.4	85.9	84.4	76	76.0	1.0	SSW	0.50	5.0	SSE	84.4	93.8	93.8	106.1	29.781	0.00	0.00	703	30.23	875	5.0	1.07	6.1	0.000	0.404	73.0	86	68.6	75.2	18.43	 .0724	0.016	697	1	100.0	30
02/11/20	10:30 a	87.7	87.8	84.5	75	78.8	2.0	WSW	1.00	8.0	WSW	87.7	100.9	100.9	113.4	29.772	0.00	0.00	932	40.08	995	7.1	1.52	8.2	0.000	0.473	73.1	86	68.7	75.3	18.44	 .0724	0.000	703	1	100.0	30
02/11/20	11:00 a	88.4	88.5	87.1	71	77.8	2.0	SSW	1.00	7.0	SSW	88.4	100.9	100.9	113.8	29.764	0.00	0.00	994	42.75	1042	8.8	1.89	9.3	0.000	0.488	73.2	86	68.8	75.4	18.44	 .0723	0.025	701	1	100.0	30
02/11/20	11:30 a	88.1	88.8	87.5	69	76.6	2.0	SE	1.00	8.0	E	88.1	98.9	98.9	112.6	29.747	0.00	0.00	1061	45.63	1132	9.2	1.97	9.9	0.000	0.481	73.3	86	68.9	75.5	18.45	 .0723	0.000	701	1	100.0	30
02/11/20	12:00 p	88.1	89.0	87.7	69	76.6	3.0	ESE	1.50	9.0	SE	88.1	98.9	98.9	112.5	29.733	0.00	0.00	1030	44.30	1085	9.8	2.10	10.1	0.000	0.481	73.3	86	68.9	75.5	18.45	 .0722	0.027	698	1	100.0	30
02/11/20	12:30 p	87.9	89.4	87.7	68	76.0	2.0	SSE	1.00	9.0	SSE	87.9	98.0	98.0	111.8	29.726	0.00	0.00	993	42.70	1020	9.7	2.08	9.9	0.000	0.477	73.4	87	69.3	75.7	18.99	 .0722	0.000	700	1	100.0	30
02/11/20	1:00 p	89.4	89.4	87.7	68	77.4	3.0	SSE	1.50	10.0	SSE	89.4	102.6	102.6	116.9	29.714	0.00	0.00	954	41.03	1004	9.1	1.95	9.4	0.000	0.508	73.4	87	69.3	75.7	18.99	 .0721	0.027	702	1	100.0	30
02/11/20	1:30 p	89.0	89.8	88.0	72	78.8	2.0	SE	1.00	9.0	SE	89.0	103.6	103.6	118.8	29.705	0.00	0.00	906	38.96	937	8.1	1.74	8.7	0.000	0.500	73.5	87	69.4	75.8	18.99	 .0721	0.000	699	1	100.0	30
02/11/20	2:00 p	88.4	89.1	87.8	70	77.4	3.0	SE	1.50	9.0	SSE	88.4	100.3	100.3	116.2	29.689	0.00	0.00	839	36.08	874	6.9	1.48	7.5	0.000	0.488	73.5	87	69.4	75.8	18.99	 .0721	0.024	700	1	100.0	30
02/11/20	2:30 p	88.7	88.9	87.5	71	78.1	2.0	ESE	1.00	10.0	NE	88.7	101.9	101.9	118.7	29.680	0.00	0.00	757	32.56	803	5.5	1.18	6.2	0.000	0.494	73.5	87	69.4	75.8	18.99	 .0720	0.000	702	1	100.0	30
02/11/20	3:00 p	87.3	88.8	87.2	70	76.3	2.0	SE	1.00	8.0	ESE	87.3	98.0	98.0	115.3	29.674	0.00	0.00	660	28.38	715	4.1	0.88	4.8	0.000	0.465	73.5	87	69.4	75.8	18.99	 .0720	0.020	699	1	100.0	30
02/11/20	3:30 p	87.0	87.3	86.8	70	76.0	3.0	SE	1.50	10.0	ESE	87.0	97.5	97.5	114.9	29.671	0.00	0.00	547	23.52	610	2.8	0.60	3.4	0.000	0.458	73.5	87	69.4	75.8	18.99	 .0720	0.000	701	1	100.0	30
02/11/20	4:00 p	86.1	87.4	86.1	71	75.6	2.0	SE	1.00	10.0	SSW	86.1	95.9	95.9	111.3	29.675	0.00	0.00	412	17.72	478	1.7	0.36	2.2	0.000	0.440	73.5	87	69.4	75.8	18.99	 .0720	0.013	702	1	100.0	30
02/11/20	4:30 p	84.0	86.1	83.7	77	76.0	1.0	S	0.50	7.0	ESE	84.0	93.4	93.4	94.6	29.682	0.00	0.00	126	5.42	343	0.8	0.17	1.2	0.000	0.396	73.6	87	69.5	75.9	18.99	 .0720	0.000	699	1	100.0	30
02/11/20	5:00 p	83.7	84.1	83.3	77	75.7	1.0	SSE	0.50	7.0	ESE	83.7	92.6	92.6	92.3	29.687	0.00	0.00	60	2.58	72	0.1	0.02	0.5	0.000	0.390	73.6	87	69.5	75.9	18.99	 .0720	0.003	700	1	100.0	30
02/11/20	5:30 p	81.9	83.8	81.8	81	75.5	1.0	SE	0.50	4.0	SE	81.9	89.0	89.0	88.2	29.691	0.00	0.00	35	1.51	56	0.0	0.00	0.0	0.000	0.352	73.7	87	69.6	76.0	19.00	 .0720	0.000	701	1	100.0	30
02/11/20	6:00 p	81.2	82.0	81.2	83	75.5	0.0	SSE	0.00	3.0	SSE	81.2	87.8	87.8	86.3	29.701	0.00	0.00	5	0.22	19	0.0	0.00	0.0	0.000	0.337	73.6	87	69.5	75.9	18.99	 .0721	0.001	696	1	100.0	30
02/11/20	6:30 p	80.6	81.2	80.6	84	75.3	0.0	E	0.00	2.0	E	80.6	86.7	86.7	85.1	29.711	0.00	0.00	0	0.00	0	0.0	0.00	0.0	0.000	0.325	73.6	87	69.5	75.9	18.99	 .0721	0.000	700	1	100.0	30
02/11/20	7:00 p	79.8	80.6	79.8	85	74.9	0.0	E	0.00	1.0	E	79.8	85.2	85.2	83.6	29.715	0.00	0.00	0	0.00	0	0.0	0.00	0.0	0.000	0.308	73.5	87	69.4	75.8	18.99	 .0721	0.001	701	1	100.0	30
02/11/20	7:30 p	79.4	79.8	79.4	85	74.5	0.0	---	0.00	0.0	---	79.4	84.5	84.5	82.9	29.722	0.00	0.00	0	0.00	0	0.0	0.00	0.0	0.000	0.300	73.4	87	69.3	75.7	18.99	 .0722	0.000	702	1	100.0	30
02/11/20	8:00 p	79.2	79.4	79.2	86	74.6	0.0	---	0.00	0.0	---	79.2	84.3	84.3	82.7	29.731	0.00	0.00	0	0.00	0	0.0	0.00	0.0	0.000	0.296	73.4	87	69.3	75.7	18.99	 .0722	0.001	701	1	100.0	30
02/11/20	8:30 p	78.7	79.2	78.7	86	74.2	0.0	---	0.00	0.0	---	78.7	83.4	83.4	81.8	29.741	0.00	0.00	0	0.00	0	0.0	0.00	0.0	0.000	0.285	73.4	87	69.3	75.7	18.99	 .0722	0.000	701	1	100.0	30
02/11/20	9:00 p	77.9	78.7	77.9	86	73.4	0.0	---	0.00	0.0	---	77.9	82.1	82.1	80.4	29.748	0.00	0.00	0	0.00	0	0.0	0.00	0.0	0.000	0.269	73.4	87	69.3	75.7	18.99	 .0722	0.001	701	1	100.0	30
02/11/20	9:30 p	77.1	77.9	77.1	87	72.9	0.0	---	0.00	0.0	---	77.1	80.9	80.9	79.1	29.751	0.00	0.00	0	0.00	0	0.0	0.00	0.0	0.000	0.252	73.4	87	69.3	75.7	18.99	 .0722	0.000	702	1	100.0	30
02/11/20	10:00 p	76.6	77.2	76.5	87	72.4	0.0	E	0.00	1.0	E	76.6	80.2	80.2	78.4	29.751	0.00	0.00	0	0.00	0	0.0	0.00	0.0	0.000	0.242	73.5	87	69.4	75.8	18.99	 .0722	0.001	701	1	100.0	30
02/11/20	10:30 p	76.1	76.6	76.1	87	71.9	0.0	---	0.00	0.0	---	76.1	79.5	79.5	77.7	29.751	0.00	0.00	0	0.00	0	0.0	0.00	0.0	0.000	0.231	73.5	87	69.4	75.8	18.99	 .0722	0.000	699	1	100.0	30
02/11/20	11:00 p	75.9	76.1	75.8	88	72.1	0.0	---	0.00	0.0	---	75.9	79.3	79.3	77.5	29.743	0.00	0.00	0	0.00	0	0.0	0.00	0.0	0.000	0.227	73.4	87	69.3	75.7	18.99	 .0722	0.001	700	1	100.0	30
02/11/20	11:30 p	75.3	75.9	75.3	88	71.5	0.0	---	0.00	0.0	---	75.3	78.6	78.6	76.8	29.740	0.00	0.00	0	0.00	0	0.0	0.00	0.0	0.000	0.215	73.4	87	69.3	75.7	18.99	 .0722	0.000	702	1	100.0	30
02/12/20	12:00 a	75.1	75.4	75.1	88	71.3	0.0	---	0.00	0.0	---	75.1	78.4	78.4	76.6	29.736	0.00	0.00	0	0.00	0	0.0	0.00	0.0	0.000	0.210	73.4	87	69.3	75.7	18.99	 .0722	0.000	701	1	100.0	30
02/12/20	12:30 a	74.8	75.1	74.8	88	71.0	0.0	---	0.00	0.0	---	74.8	77.9	77.9	76.1	29.732	0.00	0.00	0	0.00	0	0.0	0.00	0.0	0.000	0.204	73.4	87	69.3	75.7	18.99	 .0722	0.000	702	1	100.0	30
02/12/20	1:00 a	74.6	74.8	74.5	88	70.8	0.0	---	0.00	0.0	---	74.6	77.5	77.5	75.6	29.724	0.00	0.00	0	0.00	0	0.0	0.00	0.0	0.000	0.200	73.4	87	69.3	75.7	18.99	 .0722	0.000	698	1	100.0	30
02/12/20	1:30 a	74.2	74.6	74.2	88	70.4	0.0	---	0.00	0.0	---	74.2	76.7	76.7	74.8	29.711	0.00	0.00	0	0.00	0	0.0	0.00	0.0	0.000	0.192	73.4	87	69.3	75.7	18.99	 .0721	0.000	699	1	100.0	30
02/12/20	2:00 a	74.0	74.4	74.0	88	70.2	0.0	---	0.00	0.0	---	74.0	76.3	76.3	74.4	29.705	0.00	0.00	0	0.00	0	0.0	0.00	0.0	0.000	0.188	73.4	87	69.3	75.7	18.99	 .0721	0.000	700	1	100.0	30
02/12/20	2:30 a	73.8	74.1	73.8	88	70.0	0.0	---	0.00	0.0	---	73.8	76.1	76.1	74.2	29.698	0.00	0.00	0	0.00	0	0.0	0.00	0.0	0.000	0.183	73.4	87	69.3	75.7	18.99	 .0721	0.000	701	1	100.0	30
02/12/20	3:00 a	73.7	73.9	73.6	88	69.9	0.0	---	0.00	0.0	---	73.7	76.0	76.0	74.0	29.698	0.00	0.00	0	0.00	0	0.0	0.00	0.0	0.000	0.181	73.4	87	69.3	75.7	18.99	 .0721	0.000	701	1	100.0	30
02/12/20	3:30 a	73.5	73.7	73.4	88	69.7	0.0	---	0.00	0.0	---	73.5	75.8	75.8	73.8	29.701	0.00	0.00	0	0.00	0	0.0	0.00	0.0	0.000	0.177	73.4	87	69.3	75.7	18.99	 .0721	0.000	701	1	100.0	30
02/12/20	4:00 a	74.0	74.0	73.5	88	70.2	0.0	---	0.00	0.0	---	74.0	76.3	76.3	74.4	29.700	0.00	0.00	0	0.00	0	0.0	0.00	0.0	0.000	0.188	73.3	87	69.2	75.6	18.98	 .0721	0.000	701	1	100.0	30
02/12/20	4:30 a	74.4	74.4	74.0	89	70.9	0.0	---	0.00	0.0	---	74.4	77.1	77.1	75.2	29.707	0.00	0.00	0	0.00	0	0.0	0.00	0.0	0.000	0.196	73.3	87	69.2	75.6	18.98	 .0721	0.000	699	1	100.0	30
02/12/20	5:00 a	74.7	74.7	74.4	89	71.2	0.0	---	0.00	0.0	---	74.7	77.7	77.7	75.9	29.711	0.00	0.00	0	0.00	0	0.0	0.00	0.0	0.000	0.202	73.4	87	69.3	75.7	18.99	 .0721	0.000	700	1	100.0	30
02/12/20	5:30 a	74.8	74.9	74.7	89	71.3	0.0	---	0.00	0.0	---	74.8	77.9	77.9	76.1	29.714	0.00	0.00	0	0.00	0	0.0	0.00	0.0	0.000	0.204	73.3	86	68.9	75.5	18.45	 .0722	0.000	702	1	100.0	30
02/12/20	6:00 a	74.6	74.9	74.5	89	71.1	0.0	---	0.00	0.0	---	74.6	77.5	77.5	75.7	29.718	0.00	0.00	0	0.00	5	0.0	0.00	0.0	0.000	0.200	73.3	87	69.2	75.6	18.98	 .0722	0.000	700	1	100.0	30
02/12/20	6:30 a	74.8	74.8	74.5	89	71.3	0.0	---	0.00	0.0	---	74.8	77.9	77.9	77.6	29.727	0.00	0.00	14	0.60	23	0.0	0.00	0.0	0.000	0.204	73.3	86	68.9	75.5	18.45	 .0722	0.000	700	1	100.0	30
02/12/20	7:00 a	75.4	75.4	74.7	89	71.9	0.0	---	0.00	0.0	---	75.4	78.8	78.8	79.1	29.736	0.00	0.00	30	1.29	35	0.0	0.00	0.0	0.000	0.217	73.3	87	69.2	75.6	18.98	 .0722	0.001	700	1	100.0	30
02/12/20	7:30 a	76.1	76.2	75.3	89	72.6	0.0	---	0.00	0.0	---	76.1	79.6	79.6	80.2	29.743	0.00	0.00	42	1.81	62	0.0	0.00	0.6	0.000	0.231	73.3	86	68.9	75.5	18.45	 .0723	0.000	701	1	100.0	30
02/12/20	9:30 a	85.6	85.6	84.9	72	75.5	2.0	SSE	1.00	7.0	SE	85.6	95.0	95.0	107.0	29.766	0.00	0.00	746	32.08	763	5.5	1.18	5.8	0.000	0.429	75.5	87	71.4	78.7	19.02	 .0719	0.000	338	1	49.4	30
02/12/20	10:00 a	87.2	87.2	85.6	75	78.3	1.0	S	0.50	4.0	SSE	87.2	100.0	100.0	111.8	29.763	0.00	0.00	812	34.92	853	6.6	1.41	7.3	0.000	0.462	74.7	86	70.2	77.5	18.53	 .0720	0.021	698	1	100.0	30
02/12/20	10:30 a	87.4	87.4	86.6	69	76.0	2.0	SSE	1.00	6.0	SSW	87.4	97.7	97.7	109.2	29.748	0.00	0.00	881	37.89	907	7.9	1.69	8.5	0.000	0.467	73.9	87	69.8	76.2	19.01	 .0721	0.000	700	1	100.0	30
02/12/20	11:00 a	88.6	88.6	87.4	72	78.4	1.0	S	0.50	6.0	W	88.6	102.1	102.1	114.2	29.733	0.00	0.00	935	40.21	960	9.1	1.95	9.5	0.000	0.492	73.5	87	69.4	75.8	18.99	 .0722	0.024	700	1	100.0	30
02/12/20	11:30 a	88.1	88.7	87.4	70	77.1	2.0	S	1.00	6.0	S	88.1	99.3	99.3	111.9	29.720	0.00	0.00	975	41.93	1011	9.8	2.10	10.0	0.000	0.481	73.3	87	69.2	75.6	18.98	 .0722	0.000	701	1	100.0	30
02/12/20	12:00 p	88.3	89.3	87.9	71	77.7	2.0	S	1.00	7.0	SSE	88.3	100.5	100.5	113.8	29.706	0.00	0.00	1004	43.18	1023	10.0	2.14	10.1	0.000	0.485	73.1	86	68.7	75.3	18.44	 .0722	0.027	700	1	100.0	30
02/12/20	12:30 p	87.4	88.6	87.3	71	76.8	2.0	SSW	1.00	5.0	SE	87.4	98.5	98.5	111.9	29.691	0.00	0.00	973	41.84	988	9.7	2.08	9.9	0.000	0.467	72.8	87	68.7	75.0	18.96	 .0722	0.000	701	1	100.0	30
02/12/20	1:00 p	87.9	89.0	87.4	71	77.3	2.0	SSW	1.00	7.0	ESE	87.9	99.3	99.3	113.4	29.680	0.00	0.00	943	40.55	965	9.1	1.95	9.5	0.000	0.477	72.7	87	68.6	74.9	18.96	 .0722	0.026	702	1	100.0	30
02/12/20	1:30 p	87.9	88.6	87.1	69	76.5	2.0	SE	1.00	6.0	S	87.9	98.4	98.4	113.0	29.672	0.00	0.00	888	38.19	921	8.0	1.71	8.6	0.000	0.477	72.6	87	68.5	74.7	18.95	 .0722	0.000	701	1	100.0	30
02/12/20	2:00 p	87.7	88.4	87.6	69	76.3	2.0	SSW	1.00	7.0	SSE	87.7	98.1	98.1	113.7	29.665	0.00	0.00	829	35.65	856	6.7	1.44	7.4	0.000	0.473	72.5	87	68.4	74.6	18.95	 .0722	0.023	702	1	100.0	30
02/12/20	2:30 p	86.3	88.6	86.2	72	76.2	2.0	SSE	1.00	7.0	ESE	86.3	96.7	96.7	112.1	29.659	0.00	0.00	707	30.40	844	5.0	1.07	6.1	0.000	0.444	72.4	87	68.3	74.5	18.95	 .0722	0.000	699	1	100.0	30
02/12/20	3:00 p	87.7	88.3	86.3	72	77.5	1.0	S	0.50	5.0	ENE	87.7	99.5	99.5	116.7	29.659	0.00	0.00	657	28.25	770	3.8	0.81	4.6	0.000	0.473	72.4	87	68.3	74.5	18.95	 .0722	0.018	702	1	100.0	30
02/12/20	3:30 p	87.2	87.8	86.9	71	76.6	2.0	SE	1.00	7.0	SSE	87.2	98.2	98.2	115.0	29.652	0.00	0.00	530	22.79	615	2.6	0.56	3.2	0.000	0.462	72.3	87	68.2	74.4	18.94	 .0722	0.000	701	1	100.0	30
02/12/20	4:00 p	86.8	87.3	86.5	69	75.4	2.0	S	1.00	5.0	SSW	86.8	96.7	96.7	114.5	29.650	0.00	0.00	469	20.17	482	1.5	0.32	2.0	0.000	0.454	72.1	86	67.7	74.0	18.38	 .0723	0.014	700	1	100.0	30
02/12/20	4:30 p	84.9	86.9	84.8	74	75.7	2.0	S	1.00	7.0	ESE	84.9	94.1	94.1	96.7	29.650	0.00	0.00	196	8.43	478	0.6	0.13	1.0	0.000	0.415	72.1	87	68.0	74.1	18.93	 .0722	0.000	702	1	100.0	30
02/12/20	5:00 p	82.7	84.8	82.7	77	74.8	1.0	SSE	0.50	4.0	SSE	82.7	89.9	89.9	89.4	29.655	0.00	0.00	52	2.24	81	0.0	0.00	0.0	0.000	0.369	72.1	86	67.7	74.0	18.38	 .0723	0.004	700	1	100.0	30
02/12/20	5:30 p	81.0	82.8	81.0	82	75.0	0.0	WNW	0.00	1.0	WNW	81.0	87.0	87.0	85.9	29.665	0.00	0.00	23	0.99	37	0.0	0.00	0.0	0.000	0.333	72.1	87	68.0	74.1	18.93	 .0723	0.000	702	1	100.0	30
02/12/20	6:00 p	80.4	81.1	80.4	83	74.8	0.0	WNW	0.00	1.0	WNW	80.4	86.0	86.0	84.4	29.677	0.00	0.00	1	0.04	7	0.0	0.00	0.0	0.000	0.321	72.1	86	67.7	74.0	18.38	 .0723	0.001	700	1	100.0	30
02/12/20	6:30 p	80.0	80.4	80.0	84	74.7	0.0	WNW	0.00	2.0	WNW	80.0	85.4	85.4	83.8	29.685	0.00	0.00	0	0.00	0	0.0	0.00	0.0	0.000	0.313	72.1	86	67.7	74.0	18.38	 .0723	0.000	702	1	100.0	30
02/12/20	7:00 p	79.6	80.0	79.6	84	74.3	0.0	---	0.00	0.0	---	79.6	84.6	84.6	83.0	29.693	0.00	0.00	0	0.00	0	0.0	0.00	0.0	0.000	0.304	72.1	86	67.7	74.0	18.38	 .0724	0.001	700	1	100.0	30
02/12/20	7:30 p	79.1	79.7	79.0	85	74.2	0.0	---	0.00	0.0	---	79.1	83.9	83.9	82.3	29.702	0.00	0.00	0	0.00	0	0.0	0.00	0.0	0.000	0.294	72.1	86	67.7	74.0	18.38	 .0724	0.000	702	1	100.0	30
02/12/20	8:00 p	78.2	79.1	78.2	85	73.3	0.0	---	0.00	0.0	---	78.2	82.4	82.4	80.7	29.710	0.00	0.00	0	0.00	0	0.0	0.00	0.0	0.000	0.275	72.1	86	67.7	74.0	18.38	 .0724	0.001	701	1	100.0	30
02/12/20	8:30 p	78.2	78.3	78.1	86	73.7	0.0	---	0.00	0.0	---	78.2	82.6	82.6	80.9	29.723	0.00	0.00	0	0.00	0	0.0	0.00	0.0	0.000	0.275	72.2	86	67.8	74.1	18.38	 .0724	0.000	700	1	100.0	30
02/12/20	9:00 p	78.1	78.3	78.0	86	73.6	0.0	---	0.00	0.0	---	78.1	82.4	82.4	80.7	29.725	0.00	0.00	0	0.00	0	0.0	0.00	0.0	0.000	0.273	72.2	86	67.8	74.1	18.38	 .0724	0.001	702	1	100.0	30
02/12/20	9:30 p	77.9	78.1	77.8	87	73.7	0.0	---	0.00	0.0	---	77.9	82.2	82.2	80.5	29.728	0.00	0.00	0	0.00	0	0.0	0.00	0.0	0.000	0.269	72.2	86	67.8	74.1	18.38	 .0724	0.000	701	1	100.0	30
02/12/20	10:00 p	77.7	78.0	77.7	87	73.5	0.0	---	0.00	0.0	---	77.7	81.9	81.9	80.2	29.730	0.00	0.00	0	0.00	0	0.0	0.00	0.0	0.000	0.265	72.2	86	67.8	74.1	18.38	 .0724	0.001	699	1	100.0	30
02/12/20	10:30 p	77.5	77.8	77.5	87	73.3	0.0	---	0.00	0.0	---	77.5	81.6	81.6	79.9	29.726	0.00	0.00	0	0.00	0	0.0	0.00	0.0	0.000	0.260	72.2	86	67.8	74.1	18.38	 .0724	0.000	702	1	100.0	30
02/12/20	11:00 p	77.0	77.5	77.0	87	72.8	0.0	---	0.00	0.0	---	77.0	80.8	80.8	79.0	29.722	0.00	0.00	0	0.00	0	0.0	0.00	0.0	0.000	0.250	72.2	86	67.8	74.1	18.38	 .0724	0.001	702	1	100.0	30
02/12/20	11:30 p	76.7	77.1	76.6	88	72.9	0.0	---	0.00	0.0	---	76.7	80.4	80.4	78.6	29.714	0.00	0.00	0	0.00	0	0.0	0.00	0.0	0.000	0.244	72.2	86	67.8	74.1	18.38	 .0724	0.000	701	1	100.0	30
02/13/20	12:00 a	76.3	76.7	76.3	88	72.5	0.0	---	0.00	0.0	---	76.3	79.8	79.8	78.0	29.709	0.00	0.00	0	0.00	0	0.0	0.00	0.0	0.000	0.235	72.2	86	67.8	74.1	18.38	 .0724	0.000	702	1	100.0	30
02/13/20	12:30 a	76.4	76.5	76.2	88	72.6	0.0	---	0.00	0.0	---	76.4	80.0	80.0	78.2	29.701	0.00	0.00	0	0.00	0	0.0	0.00	0.0	0.000	0.238	72.2	86	67.8	74.1	18.38	 .0724	0.000	701	1	100.0	30
02/13/20	1:00 a	76.5	76.5	76.4	88	72.7	0.0	---	0.00	0.0	---	76.5	80.1	80.1	78.3	29.689	0.00	0.00	0	0.00	0	0.0	0.00	0.0	0.000	0.240	72.3	86	67.9	74.3	18.39	 .0723	0.000	702	1	100.0	30
02/13/20	1:30 a	76.4	76.6	76.4	88	72.6	0.0	---	0.00	0.0	---	76.4	80.0	80.0	78.2	29.678	0.00	0.00	0	0.00	0	0.0	0.00	0.0	0.000	0.238	72.4	86	68.0	74.4	18.39	 .0723	0.000	699	1	100.0	30
02/13/20	2:00 a	76.1	76.4	76.1	88	72.3	0.0	---	0.00	0.0	---	76.1	79.5	79.5	77.7	29.675	0.00	0.00	0	0.00	0	0.0	0.00	0.0	0.000	0.231	72.3	86	67.9	74.3	18.39	 .0723	0.000	703	1	100.0	30
02/13/20	2:30 a	76.2	76.2	76.1	88	72.4	0.0	---	0.00	0.0	---	76.2	79.7	79.7	77.9	29.672	0.00	0.00	0	0.00	0	0.0	0.00	0.0	0.000	0.233	72.4	86	68.0	74.4	18.39	 .0722	0.000	700	1	100.0	30
02/13/20	3:00 a	76.2	76.4	76.1	88	72.4	0.0	---	0.00	0.0	---	76.2	79.7	79.7	77.9	29.671	0.00	0.00	0	0.00	0	0.0	0.00	0.0	0.000	0.233	72.4	86	68.0	74.4	18.39	 .0722	0.000	701	1	100.0	30
02/13/20	3:30 a	75.9	76.2	75.9	88	72.1	0.0	---	0.00	0.0	---	75.9	79.3	79.3	77.5	29.672	0.00	0.00	0	0.00	0	0.0	0.00	0.0	0.000	0.227	72.4	86	68.0	74.4	18.39	 .0722	0.000	703	1	100.0	30
02/13/20	4:00 a	75.7	75.9	75.7	88	71.9	0.0	---	0.00	0.0	---	75.7	79.0	79.0	77.2	29.673	0.00	0.00	0	0.00	0	0.0	0.00	0.0	0.000	0.223	72.4	86	68.0	74.4	18.39	 .0723	0.000	701	1	100.0	30
02/13/20	4:30 a	75.2	75.7	75.1	88	71.4	0.0	---	0.00	0.0	---	75.2	78.5	78.5	76.7	29.682	0.00	0.00	0	0.00	0	0.0	0.00	0.0	0.000	0.212	72.4	86	68.0	74.4	18.39	 .0723	0.000	701	1	100.0	30
02/13/20	5:00 a	74.9	75.2	74.8	88	71.1	0.0	---	0.00	0.0	---	74.9	78.0	78.0	76.2	29.686	0.00	0.00	0	0.00	0	0.0	0.00	0.0	0.000	0.206	72.3	86	67.9	74.3	18.39	 .0723	0.000	702	1	100.0	30
02/13/20	5:30 a	74.4	74.9	74.4	88	70.6	0.0	---	0.00	0.0	---	74.4	77.1	77.1	75.2	29.698	0.00	0.00	0	0.00	0	0.0	0.00	0.0	0.000	0.196	72.4	86	68.0	74.4	18.39	 .0723	0.000	703	1	100.0	30
02/13/20	6:00 a	74.4	74.6	74.3	88	70.6	0.0	---	0.00	0.0	---	74.4	77.1	77.1	75.3	29.707	0.00	0.00	3	0.13	11	0.0	0.00	0.0	0.000	0.196	72.4	86	68.0	74.4	18.39	 .0723	0.000	698	1	100.0	30
02/13/20	6:30 a	74.9	74.9	74.4	89	71.4	0.0	---	0.00	0.0	---	74.9	78.1	78.1	78.2	29.721	0.00	0.00	22	0.95	35	0.0	0.00	0.0	0.000	0.206	72.5	86	68.1	74.5	18.40	 .0724	0.000	700	1	100.0	30
02/13/20	7:00 a	75.6	75.7	74.9	89	72.1	0.0	---	0.00	0.0	---	75.6	79.0	79.0	79.6	29.730	0.00	0.00	37	1.59	40	0.0	0.00	0.0	0.000	0.221	72.4	86	68.0	74.4	18.39	 .0724	0.001	698	1	100.0	30
02/13/20	7:30 a	76.1	76.1	75.6	89	72.6	0.0	---	0.00	0.0	---	76.1	79.6	79.6	80.4	29.733	0.00	0.00	48	2.06	72	0.0	0.00	0.6	0.000	0.231	72.4	86	68.0	74.4	18.39	 .0724	0.000	701	1	100.0	30
02/13/20	8:00 a	77.0	77.0	76.0	89	73.5	0.0	---	0.00	0.0	---	77.0	80.9	80.9	81.7	29.738	0.00	0.00	52	2.24	79	0.2	0.04	1.4	0.000	0.250	72.4	86	68.0	74.4	18.39	 .0724	0.001	699	1	100.0	30
02/13/20	8:30 a	78.8	78.8	77.1	88	74.9	0.0	---	0.00	0.0	---	78.8	83.9	83.9	85.7	29.746	0.00	0.00	89	3.83	156	1.7	0.36	2.1	0.000	0.288	72.5	86	68.1	74.5	18.40	 .0724	0.000	700	1	100.0	30
02/13/20	9:00 a	82.3	82.5	78.8	79	75.1	0.0	---	0.00	0.0	---	82.3	89.4	89.4	95.2	29.744	0.00	0.00	250	10.75	596	2.6	0.56	3.3	0.000	0.360	72.5	86	68.1	74.5	18.40	 .0724	0.005	701	1	100.0	30
02/13/20	9:30 a	85.8	86.2	82.3	71	75.3	1.0	SSW	0.50	4.0	SSW	85.8	95.2	95.2	107.4	29.743	0.00	0.00	698	30.02	751	5.0	1.07	5.7	0.000	0.433	72.5	86	68.1	74.5	18.40	 .0724	0.000	700	1	100.0	30
02/13/20	10:00 a	87.6	87.8	85.6	64	73.9	1.0	SSW	0.50	5.0	SSW	87.6	95.9	95.9	107.8	29.737	0.00	0.00	800	34.40	840	6.5	1.39	7.1	0.000	0.471	72.4	86	68.0	74.4	18.39	 .0724	0.020	702	1	100.0	30
02/13/20	10:30 a	87.6	88.1	87.2	66	74.8	2.0	SSE	1.00	7.0	SSE	87.6	96.7	96.7	108.0	29.733	0.00	0.00	874	37.59	905	7.7	1.65	8.3	0.000	0.471	72.4	86	68.0	74.4	18.39	 .0724	0.000	700	1	100.0	30
02/13/20	11:00 a	88.0	88.6	87.3	65	74.8	2.0	S	1.00	8.0	S	88.0	96.8	96.8	108.5	29.718	0.00	0.00	929	39.95	949	8.8	1.89	9.2	0.000	0.479	72.3	85	67.5	74.2	18.04	 .0724	0.025	702	1	100.0	30
02/13/20	11:30 a	89.3	89.3	87.8	64	75.5	2.0	SSE	1.00	7.0	SSW	89.3	100.1	100.1	112.3	29.711	0.00	0.00	962	41.37	974	9.5	2.04	9.7	0.000	0.506	72.3	86	67.9	74.3	18.39	 .0724	0.000	701	1	100.0	30
02/13/20	12:00 p	88.8	89.4	88.1	67	76.4	2.0	SE	1.00	7.0	SE	88.8	100.1	100.1	112.9	29.700	0.00	0.00	979	42.10	993	9.8	2.10	9.8	0.000	0.496	72.2	85	67.4	74.1	18.04	 .0724	0.027	703	1	100.0	30
02/13/20	12:30 p	88.7	89.1	87.7	67	76.3	2.0	SSE	1.00	9.0	SSE	88.7	99.8	99.8	113.2	29.685	0.00	0.00	970	41.72	995	9.6	2.06	9.7	0.000	0.494	72.0	85	67.2	73.8	18.03	 .0724	0.000	700	1	100.0	30
02/13/20	1:00 p	89.4	89.4	87.8	70	78.3	2.0	SE	1.00	7.0	ESE	89.4	103.7	103.7	117.8	29.679	0.00	0.00	940	40.43	958	8.9	1.91	9.3	0.000	0.508	72.1	85	67.3	73.9	18.03	 .0723	0.026	703	1	100.0	30
02/13/20	1:30 p	88.3	89.7	87.9	70	77.3	2.0	SE	1.00	8.0	SSE	88.3	100.0	100.0	114.9	29.665	0.00	0.00	900	38.71	953	8.0	1.71	8.5	0.000	0.485	72.0	85	67.2	73.8	18.03	 .0723	0.000	698	1	100.0	30
02/13/20	2:00 p	89.6	89.6	88.0	71	78.9	2.0	SE	1.00	11.0	SE	89.6	105.1	105.1	122.1	29.657	0.00	0.00	893	38.40	937	6.5	1.39	7.5	0.000	0.512	72.1	85	67.3	73.9	18.03	 .0723	0.023	699	1	100.0	30
02/13/20	2:30 p	86.7	89.6	86.6	72	76.6	2.0	SE	1.00	7.0	S	86.7	97.6	97.6	111.1	29.652	0.00	0.00	633	27.22	891	4.6	0.99	6.2	0.000	0.452	72.1	85	67.3	73.9	18.03	 .0723	0.000	699	1	100.0	30
02/13/20	3:00 p	87.9	88.1	86.5	73	78.2	2.0	SE	1.00	8.0	SSE	87.9	100.3	100.3	116.9	29.651	0.00	0.00	634	27.27	780	3.4	0.73	4.5	0.000	0.477	72.0	85	67.2	73.8	18.03	 .0723	0.016	700	1	100.0	30
02/13/20	3:30 p	87.1	88.3	87.1	69	75.7	2.0	SE	1.00	6.0	SSE	87.1	97.3	97.3	116.2	29.650	0.00	0.00	595	25.59	673	2.5	0.54	3.1	0.000	0.460	72.0	85	67.2	73.8	18.03	 .0723	0.000	700	1	100.0	30
02/13/20	4:00 p	86.7	87.3	86.3	71	76.2	2.0	SE	1.00	8.0	S	86.7	97.2	97.2	109.2	29.649	0.00	0.00	329	14.15	603	1.1	0.24	1.8	0.000	0.452	72.0	85	67.2	73.8	18.03	 .0723	0.013	698	1	100.0	30
02/13/20	4:30 p	85.4	86.8	85.4	74	76.2	2.0	SE	1.00	8.0	SE	85.4	95.2	95.2	98.4	29.659	0.00	0.00	218	9.38	438	0.5	0.11	0.9	0.000	0.425	71.9	85	67.1	73.7	18.03	 .0723	0.000	700	1	100.0	30
02/13/20	5:00 p	84.1	85.4	84.1	77	76.1	1.0	SSE	0.50	6.0	SSE	84.1	93.6	93.6	93.6	29.666	0.00	0.00	70	3.01	102	0.0	0.00	0.0	0.000	0.398	71.8	84	66.7	73.5	17.62	 .0724	0.004	701	1	100.0	30
02/13/20	5:30 p	82.2	84.1	82.2	80	75.4	0.0	WSW	0.00	4.0	SSE	82.2	89.5	89.5	88.5	29.677	0.00	0.00	29	1.25	42	0.0	0.00	0.0	0.000	0.358	71.9	84	66.8	73.6	17.63	 .0724	0.000	702	1	100.0	30
02/13/20	6:00 p	81.4	82.3	81.4	82	75.4	0.0	WSW	0.00	2.0	WSW	81.4	88.0	88.0	86.4	29.680	0.00	0.00	1	0.04	11	0.0	0.00	0.0	0.000	0.342	71.9	84	66.8	73.6	17.63	 .0724	0.001	701	1	100.0	30
02/13/20	6:30 p	80.1	81.4	80.1	84	74.8	0.0	WSW	0.00	1.0	WSW	80.1	85.6	85.6	84.0	29.691	0.00	0.00	0	0.00	0	0.0	0.00	0.0	0.000	0.315	71.8	84	66.7	73.5	17.62	 .0725	0.000	698	1	100.0	30
02/13/20	7:00 p	79.9	80.1	79.7	85	75.0	0.0	---	0.00	0.0	---	79.9	85.4	85.4	83.8	29.696	0.00	0.00	0	0.00	0	0.0	0.00	0.0	0.000	0.310	71.8	84	66.7	73.5	17.62	 .0725	0.001	698	1	100.0	30
02/13/20	7:30 p	79.8	80.0	79.7	85	74.9	0.0	---	0.00	0.0	---	79.8	85.2	85.2	83.6	29.702	0.00	0.00	0	0.00	0	0.0	0.00	0.0	0.000	0.308	71.8	84	66.7	73.5	17.62	 .0725	0.000	698	1	100.0	30
02/13/20	8:00 p	79.6	79.8	79.5	86	75.0	0.0	---	0.00	0.0	---	79.6	85.1	85.1	83.5	29.707	0.00	0.00	0	0.00	0	0.0	0.00	0.0	0.000	0.304	71.8	84	66.7	73.5	17.62	 .0725	0.001	700	1	100.0	30
02/13/20	8:30 p	79.2	79.6	79.2	86	74.6	0.0	---	0.00	0.0	---	79.2	84.3	84.3	82.7	29.712	0.00	0.00	0	0.00	0	0.0	0.00	0.0	0.000	0.296	71.8	84	66.7	73.5	17.62	 .0725	0.000	700	1	100.0	30
02/13/20	9:00 p	78.9	79.3	78.9	87	74.7	0.0	---	0.00	0.0	---	78.9	83.9	83.9	82.3	29.715	0.00	0.00	0	0.00	0	0.0	0.00	0.0	0.000	0.290	71.8	84	66.7	73.5	17.62	 .0725	0.001	700	1	100.0	30
02/13/20	9:30 p	78.4	79.0	78.3	87	74.2	0.0	---	0.00	0.0	---	78.4	83.1	83.1	81.5	29.722	0.00	0.00	0	0.00	0	0.0	0.00	0.0	0.000	0.279	71.8	84	66.7	73.5	17.62	 .0725	0.000	700	1	100.0	30
02/13/20	10:00 p	78.3	78.4	78.3	87	74.1	0.0	---	0.00	0.0	---	78.3	82.9	82.9	81.3	29.726	0.00	0.00	0	0.00	0	0.0	0.00	0.0	0.000	0.277	71.9	84	66.8	73.6	17.63	 .0725	0.001	702	1	100.0	30
02/13/20	10:30 p	78.2	78.3	78.1	88	74.4	0.0	---	0.00	0.0	---	78.2	82.9	82.9	81.3	29.722	0.00	0.00	0	0.00	0	0.0	0.00	0.0	0.000	0.275	71.9	84	66.8	73.6	17.63	 .0725	0.000	700	1	100.0	30
02/13/20	11:00 p	78.4	78.4	78.2	88	74.5	0.0	---	0.00	0.0	---	78.4	83.2	83.2	81.6	29.726	0.00	0.00	0	0.00	0	0.0	0.00	0.0	0.000	0.279	71.9	84	66.8	73.6	17.63	 .0725	0.001	701	1	100.0	30
02/13/20	11:30 p	78.4	78.4	78.3	88	74.5	0.0	---	0.00	0.0	---	78.4	83.2	83.2	81.6	29.724	0.00	0.00	0	0.00	0	0.0	0.00	0.0	0.000	0.279	72.0	85	67.2	73.8	18.03	 .0725	0.000	701	1	100.0	30
02/14/20	12:00 a	78.6	78.7	78.3	88	74.7	0.0	---	0.00	0.0	---	78.6	83.6	83.6	82.0	29.723	0.00	0.00	0	0.00	0	0.0	0.00	0.0	0.000	0.283	72.0	84	66.9	73.7	17.63	 .0725	0.000	700	1	100.0	30
02/14/20	12:30 a	78.3	78.6	78.3	88	74.5	0.0	---	0.00	0.0	---	78.3	83.1	83.1	81.5	29.718	0.00	0.00	0	0.00	0	0.0	0.00	0.0	0.000	0.277	72.0	85	67.2	73.8	18.03	 .0725	0.000	699	1	100.0	30
02/14/20	1:00 a	77.7	78.3	77.7	88	73.9	0.0	---	0.00	0.0	---	77.7	82.0	82.0	80.3	29.714	0.00	0.00	0	0.00	0	0.0	0.00	0.0	0.000	0.265	72.1	85	67.3	73.9	18.03	 .0724	0.000	700	1	100.0	30
02/14/20	1:30 a	77.4	77.7	77.2	88	73.6	0.0	---	0.00	0.0	---	77.4	81.5	81.5	79.8	29.713	0.00	0.00	0	0.00	0	0.0	0.00	0.0	0.000	0.258	72.1	85	67.3	73.9	18.03	 .0724	0.000	701	1	100.0	30
02/14/20	2:00 a	77.2	77.4	77.2	88	73.4	0.0	---	0.00	0.0	---	77.2	81.2	81.2	79.5	29.710	0.00	0.00	0	0.00	0	0.0	0.00	0.0	0.000	0.254	72.2	85	67.4	74.1	18.04	 .0724	0.000	701	1	100.0	30
02/14/20	2:30 a	77.0	77.3	76.9	88	73.2	0.0	---	0.00	0.0	---	77.0	80.8	80.8	79.1	29.707	0.00	0.00	0	0.00	0	0.0	0.00	0.0	0.000	0.250	72.2	85	67.4	74.1	18.04	 .0724	0.000	701	1	100.0	30
02/14/20	3:00 a	76.6	77.1	76.6	88	72.8	0.0	---	0.00	0.0	---	76.6	80.3	80.3	78.5	29.702	0.00	0.00	0	0.00	0	0.0	0.00	0.0	0.000	0.242	72.2	85	67.4	74.1	18.04	 .0724	0.000	701	1	100.0	30
02/14/20	3:30 a	76.2	76.6	76.2	88	72.4	0.0	---	0.00	0.0	---	76.2	79.7	79.7	77.9	29.705	0.00	0.00	0	0.00	0	0.0	0.00	0.0	0.000	0.233	72.2	85	67.4	74.1	18.04	 .0724	0.000	701	1	100.0	30
02/14/20	4:00 a	75.8	76.2	75.7	88	72.0	0.0	---	0.00	0.0	---	75.8	79.2	79.2	77.4	29.707	0.00	0.00	0	0.00	0	0.0	0.00	0.0	0.000	0.225	72.2	85	67.4	74.1	18.04	 .0724	0.000	701	1	100.0	30
02/14/20	4:30 a	75.5	75.8	75.5	88	71.7	0.0	---	0.00	0.0	---	75.5	78.8	78.8	77.0	29.704	0.00	0.00	0	0.00	0	0.0	0.00	0.0	0.000	0.219	72.3	85	67.5	74.2	18.04	 .0724	0.000	698	1	100.0	30
02/14/20	5:00 a	75.4	75.7	75.4	88	71.6	0.0	---	0.00	0.0	---	75.4	78.7	78.7	76.9	29.715	0.00	0.00	0	0.00	0	0.0	0.00	0.0	0.000	0.217	72.3	85	67.5	74.2	18.04	 .0724	0.000	702	1	100.0	30
02/14/20	5:30 a	75.1	75.4	75.0	88	71.3	0.0	---	0.00	0.0	---	75.1	78.4	78.4	76.6	29.717	0.00	0.00	0	0.00	0	0.0	0.00	0.0	0.000	0.210	72.4	85	67.6	74.3	18.05	 .0724	0.000	698	1	100.0	30
02/14/20	6:00 a	74.7	75.2	74.6	88	70.9	0.0	---	0.00	0.0	---	74.7	77.7	77.7	75.9	29.725	0.00	0.00	3	0.13	11	0.0	0.00	0.0	0.000	0.202	72.4	85	67.6	74.3	18.05	 .0724	0.000	697	1	100.0	30
02/14/20	6:30 a	75.2	75.2	74.7	89	71.7	0.0	---	0.00	0.0	---	75.2	78.5	78.5	78.5	29.735	0.00	0.00	20	0.86	28	0.0	0.00	0.0	0.000	0.212	72.4	85	67.6	74.3	18.05	 .0724	0.000	701	1	100.0	30
02/14/20	7:00 a	76.0	76.0	75.1	89	72.5	0.0	---	0.00	0.0	---	76.0	79.4	79.4	80.0	29.744	0.00	0.00	35	1.51	40	0.0	0.00	0.0	0.000	0.229	72.4	85	67.6	74.3	18.05	 .0724	0.001	697	1	100.0	30
02/14/20	7:30 a	77.2	77.2	76.0	89	73.7	0.0	---	0.00	0.0	---	77.2	81.3	81.3	82.1	29.747	0.00	0.00	45	1.94	56	0.0	0.00	0.6	0.000	0.254	72.4	85	67.6	74.3	18.05	 .0725	0.000	701	1	100.0	30
02/14/20	8:00 a	78.6	78.6	77.2	89	75.1	0.0	---	0.00	0.0	---	78.6	83.8	83.8	84.8	29.753	0.00	0.00	55	2.37	93	0.3	0.06	1.4	0.000	0.283	72.4	85	67.6	74.3	18.05	 .0725	0.001	700	1	100.0	30
02/14/20	8:30 a	80.9	80.9	78.6	88	77.0	0.0	---	0.00	0.0	---	80.9	88.4	88.4	90.8	29.758	0.00	0.00	107	4.60	174	1.7	0.36	2.1	0.000	0.331	72.4	85	67.6	74.3	18.05	 .0725	0.000	702	1	100.0	30
02/14/20	9:00 a	84.1	84.1	80.8	78	76.5	0.0	SSW	0.00	1.0	SSW	84.1	94.0	94.0	101.2	29.760	0.00	0.00	311	13.37	675	2.8	0.60	3.9	0.000	0.398	72.4	85	67.6	74.3	18.05	 .0725	0.006	700	1	100.0	30
02/14/20	9:30 a	86.9	86.9	84.2	72	76.8	1.0	SSE	0.50	5.0	SW	86.9	98.1	98.1	110.3	29.753	0.00	0.00	738	31.74	779	5.2	1.11	6.0	0.000	0.456	72.4	85	67.6	74.3	18.05	 .0725	0.000	701	1	100.0	30
02/14/20	10:00 a	87.6	87.7	86.8	72	77.5	1.0	S	0.50	5.0	SSW	87.6	99.3	99.3	111.0	29.747	0.00	0.00	817	35.14	856	6.7	1.44	7.4	0.000	0.471	72.4	85	67.6	74.3	18.05	 .0725	0.021	701	1	100.0	30
02/14/20	10:30 a	87.5	88.0	87.4	73	77.8	2.0	SSW	1.00	6.0	S	87.5	99.6	99.6	111.2	29.741	0.00	0.00	885	38.06	914	8.0	1.71	8.6	0.000	0.469	72.3	85	67.5	74.2	18.04	 .0725	0.000	702	1	100.0	30
02/14/20	11:00 a	87.6	88.6	87.5	71	77.0	2.0	SSW	1.00	7.0	WSW	87.6	98.9	98.9	110.8	29.728	0.00	0.00	933	40.12	956	9.1	1.95	9.5	0.000	0.471	72.4	85	67.6	74.3	18.05	 .0724	0.025	697	1	100.0	30
02/14/20	11:30 a	88.9	89.2	87.5	71	78.3	2.0	S	1.00	7.0	WSW	88.9	102.6	102.6	115.1	29.719	0.00	0.00	969	41.67	983	9.8	2.10	10.0	0.000	0.498	72.4	85	67.6	74.3	18.05	 .0724	0.000	700	1	100.0	30
02/14/20	12:00 p	88.0	89.0	88.0	69	76.5	2.0	SSW	1.00	9.0	W	88.0	98.6	98.6	111.4	29.709	0.00	0.00	978	42.06	983	10.0	2.14	10.1	0.000	0.479	72.4	84	67.3	74.2	17.65	 .0724	0.026	698	1	100.0	30
02/14/20	12:30 p	88.6	89.8	88.0	71	78.0	2.0	S	1.00	6.0	WNW	88.6	101.6	101.6	115.0	29.696	0.00	0.00	973	41.84	991	9.9	2.12	10.0	0.000	0.492	72.4	84	67.3	74.2	17.65	 .0723	0.000	702	1	100.0	30
02/14/20	1:00 p	89.1	89.3	88.3	71	78.5	2.0	SSE	1.00	7.0	SE	89.1	103.3	103.3	117.4	29.687	0.00	0.00	942	40.51	962	9.2	1.97	9.6	0.000	0.502	72.5	84	67.4	74.4	17.65	 .0723	0.026	701	1	100.0	30
02/14/20	1:30 p	89.0	89.6	88.4	69	77.5	2.0	S	1.00	6.0	W	89.0	101.8	101.8	116.6	29.676	0.00	0.00	900	38.71	921	8.2	1.76	8.8	0.000	0.500	72.6	84	67.5	74.5	17.65	 .0723	0.000	699	1	100.0	30
02/14/20	2:00 p	88.9	89.5	88.5	70	77.8	2.0	ESE	1.00	7.0	SSW	88.9	102.0	102.0	117.6	29.663	0.00	0.00	827	35.57	870	6.9	1.48	7.6	0.000	0.498	72.6	84	67.5	74.5	17.65	 .0722	0.024	699	1	100.0	30
02/14/20	2:30 p	88.8	89.5	88.5	66	76.0	1.0	SSW	0.50	4.0	SW	88.8	99.6	99.6	116.1	29.658	0.00	0.00	757	32.56	800	5.5	1.18	6.2	0.000	0.496	72.6	83	67.1	74.4	17.25	 .0722	0.000	702	1	100.0	30
02/14/20	3:00 p	88.1	88.8	87.9	71	77.5	1.0	ESE	0.50	7.0	S	88.1	99.8	99.8	116.7	29.650	0.00	0.00	648	27.87	698	3.8	0.81	4.7	0.000	0.481	72.6	83	67.1	74.4	17.25	 .0722	0.018	702	1	100.0	30
02/14/20	3:30 p	86.7	89.0	86.6	71	76.2	1.0	ESE	0.50	7.0	SSW	86.7	97.2	97.2	111.9	29.650	0.00	0.00	473	20.34	652	2.4	0.51	3.2	0.000	0.452	72.7	83	67.2	74.6	17.25	 .0722	0.000	701	1	100.0	30
02/14/20	4:00 p	86.6	87.4	86.4	73	76.9	1.0	SE	0.50	7.0	SE	86.6	97.8	97.8	112.5	29.648	0.00	0.00	395	16.99	480	1.5	0.32	1.9	0.000	0.450	72.7	83	67.2	74.6	17.25	 .0722	0.011	700	1	100.0	30
02/14/20	4:30 p	84.8	87.2	84.8	77	76.8	0.0	SW	0.00	3.0	WNW	84.8	94.9	94.9	96.7	29.655	0.00	0.00	153	6.58	334	0.7	0.15	1.0	0.000	0.413	72.8	83	67.3	74.7	17.25	 .0722	0.000	703	1	100.0	30
02/14/20	5:00 p	83.7	85.0	83.7	79	76.5	0.0	SW	0.00	2.0	SW	83.7	93.3	93.3	93.3	29.657	0.00	0.00	71	3.05	125	0.0	0.00	0.0	0.000	0.390	72.8	83	67.3	74.7	17.25	 .0722	0.003	699	1	100.0	30
02/14/20	5:30 p	82.6	83.8	82.6	82	76.5	0.0	SW	0.00	1.0	SW	82.6	91.2	91.2	90.1	29.667	0.00	0.00	19	0.82	42	0.0	0.00	0.0	0.000	0.367	72.9	82	67.1	74.8	16.85	 .0722	0.000	700	1	100.0	30
02/14/20	6:00 p	81.7	82.6	81.7	83	76.0	0.0	SW	0.00	1.0	SW	81.7	89.0	89.0	87.5	29.673	0.00	0.00	0	0.00	0	0.0	0.00	0.0	0.000	0.348	72.8	82	67.0	74.6	16.85	 .0723	0.000	699	1	100.0	30
02/14/20	6:30 p	81.1	81.8	81.0	84	75.8	0.0	---	0.00	0.0	---	81.1	87.8	87.8	86.2	29.683	0.00	0.00	0	0.00	0	0.0	0.00	0.0	0.000	0.335	72.7	82	66.9	74.5	16.85	 .0723	0.000	701	1	100.0	30
02/14/20	7:00 p	80.9	81.2	80.9	85	76.0	0.0	---	0.00	0.0	---	80.9	87.6	87.6	86.0	29.692	0.00	0.00	0	0.00	0	0.0	0.00	0.0	0.000	0.331	72.6	82	66.8	74.4	16.85	 .0723	0.001	698	1	100.0	30
02/14/20	7:30 p	80.1	81.0	80.1	85	75.2	0.0	---	0.00	0.0	---	80.1	85.8	85.8	84.2	29.701	0.00	0.00	0	0.00	0	0.0	0.00	0.0	0.000	0.315	72.7	83	67.2	74.6	17.25	 .0723	0.000	701	1	100.0	30
02/14/20	8:00 p	79.2	80.1	79.2	86	74.6	0.0	---	0.00	0.0	---	79.2	84.3	84.3	82.7	29.710	0.00	0.00	0	0.00	0	0.0	0.00	0.0	0.000	0.296	72.7	82	66.9	74.5	16.85	 .0724	0.001	702	1	100.0	30
02/14/20	8:30 p	78.7	79.3	78.7	86	74.2	0.0	---	0.00	0.0	---	78.7	83.4	83.4	81.8	29.713	0.00	0.00	0	0.00	0	0.0	0.00	0.0	0.000	0.285	72.6	83	67.1	74.4	17.25	 .0724	0.000	700	1	100.0	30
02/14/20	9:00 p	78.2	78.7	78.2	87	74.0	0.0	---	0.00	0.0	---	78.2	82.7	82.7	81.1	29.720	0.00	0.00	0	0.00	0	0.0	0.00	0.0	0.000	0.275	72.6	82	66.8	74.4	16.85	 .0724	0.001	699	1	100.0	30
02/14/20	9:30 p	77.9	78.3	77.9	87	73.7	0.0	---	0.00	0.0	---	77.9	82.2	82.2	80.5	29.724	0.00	0.00	0	0.00	0	0.0	0.00	0.0	0.000	0.269	72.5	82	66.7	74.2	16.85	 .0724	0.000	697	1	100.0	30
02/14/20	10:00 p	77.6	78.0	77.6	87	73.4	0.0	---	0.00	0.0	---	77.6	81.7	81.7	80.0	29.722	0.00	0.00	0	0.00	0	0.0	0.00	0.0	0.000	0.262	72.5	83	67.0	74.3	17.25	 .0724	0.001	700	1	100.0	30
02/14/20	10:30 p	77.3	77.6	77.3	88	73.5	0.0	---	0.00	0.0	---	77.3	81.3	81.3	79.6	29.715	0.00	0.00	0	0.00	0	0.0	0.00	0.0	0.000	0.256	72.5	83	67.0	74.3	17.25	 .0724	0.000	698	1	100.0	30
02/14/20	11:00 p	77.0	77.3	77.0	88	73.2	0.0	---	0.00	0.0	---	77.0	80.8	80.8	79.1	29.707	0.00	0.00	0	0.00	0	0.0	0.00	0.0	0.000	0.250	72.5	83	67.0	74.3	17.25	 .0724	0.001	700	1	100.0	30
02/14/20	11:30 p	76.7	77.0	76.7	88	72.9	0.0	---	0.00	0.0	---	76.7	80.4	80.4	78.6	29.701	0.00	0.00	0	0.00	0	0.0	0.00	0.0	0.000	0.244	72.4	83	66.9	74.2	17.25	 .0724	0.000	699	1	100.0	30
02/15/20	12:00 a	76.4	76.8	76.4	88	72.6	0.0	---	0.00	0.0	---	76.4	80.0	80.0	78.2	29.689	0.00	0.00	0	0.00	0	0.0	0.00	0.0	0.000	0.238	72.5	83	67.0	74.3	17.25	 .0723	0.000	698	1	100.0	30
02/15/20	12:30 a	76.2	76.4	76.1	88	72.4	0.0	---	0.00	0.0	---	76.2	79.7	79.7	77.9	29.683	0.00	0.00	0	0.00	0	0.0	0.00	0.0	0.000	0.233	72.4	83	66.9	74.2	17.25	 .0723	0.000	701	1	100.0	30
02/15/20	1:00 a	75.8	76.2	75.8	88	72.0	0.0	---	0.00	0.0	---	75.8	79.2	79.2	77.4	29.675	0.00	0.00	0	0.00	0	0.0	0.00	0.0	0.000	0.225	72.5	84	67.4	74.4	17.65	 .0723	0.000	699	1	100.0	30
02/15/20	1:30 a	75.8	76.0	75.7	88	72.0	0.0	---	0.00	0.0	---	75.8	79.2	79.2	77.4	29.673	0.00	0.00	0	0.00	0	0.0	0.00	0.0	0.000	0.225	72.5	84	67.4	74.4	17.65	 .0723	0.000	700	1	100.0	30
02/15/20	2:00 a	75.5	75.8	75.3	88	71.7	0.0	---	0.00	0.0	---	75.5	78.8	78.8	77.0	29.673	0.00	0.00	0	0.00	0	0.0	0.00	0.0	0.000	0.219	72.5	84	67.4	74.4	17.65	 .0723	0.000	701	1	100.0	30
02/15/20	2:30 a	75.0	75.5	75.0	88	71.2	0.0	---	0.00	0.0	---	75.0	78.2	78.2	76.4	29.672	0.00	0.00	0	0.00	0	0.0	0.00	0.0	0.000	0.208	72.5	84	67.4	74.4	17.65	 .0723	0.000	703	1	100.0	30
02/15/20	3:00 a	74.8	75.2	74.7	88	71.0	0.0	---	0.00	0.0	---	74.8	77.9	77.9	76.1	29.674	0.00	0.00	0	0.00	0	0.0	0.00	0.0	0.000	0.204	72.4	84	67.3	74.2	17.65	 .0723	0.000	699	1	100.0	30
02/15/20	3:30 a	74.8	75.1	74.6	89	71.3	0.0	---	0.00	0.0	---	74.8	77.9	77.9	76.1	29.680	0.00	0.00	0	0.00	0	0.0	0.00	0.0	0.000	0.204	72.5	84	67.4	74.4	17.65	 .0723	0.000	702	1	100.0	30
02/15/20	4:00 a	74.7	74.9	74.6	88	70.9	0.0	---	0.00	0.0	---	74.7	77.7	77.7	75.8	29.689	0.00	0.00	0	0.00	0	0.0	0.00	0.0	0.000	0.202	72.5	84	67.4	74.4	17.65	 .0723	0.000	701	1	100.0	30
02/15/20	4:30 a	74.6	74.8	74.5	88	70.8	0.0	---	0.00	0.0	---	74.6	77.5	77.5	75.6	29.692	0.00	0.00	0	0.00	0	0.0	0.00	0.0	0.000	0.200	72.6	84	67.5	74.5	17.65	 .0723	0.000	700	1	100.0	30
02/15/20	5:00 a	74.6	74.7	74.5	89	71.1	0.0	---	0.00	0.0	---	74.6	77.5	77.5	75.7	29.702	0.00	0.00	0	0.00	0	0.0	0.00	0.0	0.000	0.200	72.5	84	67.4	74.4	17.65	 .0723	0.000	700	1	100.0	30
02/15/20	5:30 a	74.4	74.7	74.4	89	70.9	0.0	---	0.00	0.0	---	74.4	77.1	77.1	75.2	29.705	0.00	0.00	0	0.00	0	0.0	0.00	0.0	0.000	0.196	72.6	84	67.5	74.5	17.65	 .0723	0.000	702	1	100.0	30
02/15/20	6:00 a	74.6	74.7	74.4	89	71.1	0.0	---	0.00	0.0	---	74.6	77.5	77.5	75.7	29.722	0.00	0.00	2	0.09	9	0.0	0.00	0.0	0.000	0.200	72.6	84	67.5	74.5	17.65	 .0724	0.000	702	1	100.0	30
02/15/20	6:30 a	75.4	75.4	74.6	89	71.9	0.0	---	0.00	0.0	---	75.4	78.8	78.8	78.8	29.735	0.00	0.00	20	0.86	28	0.0	0.00	0.0	0.000	0.217	72.6	84	67.5	74.5	17.65	 .0724	0.000	702	1	100.0	30
02/15/20	7:00 a	76.4	76.4	75.4	89	72.9	0.0	---	0.00	0.0	---	76.4	80.0	80.0	80.6	29.742	0.00	0.00	35	1.51	40	0.0	0.00	0.0	0.000	0.238	72.6	84	67.5	74.5	17.65	 .0724	0.001	701	1	100.0	30
02/15/20	7:30 a	77.8	77.8	76.4	89	74.3	0.0	---	0.00	0.0	---	77.8	82.3	82.3	83.2	29.746	0.00	0.00	47	2.02	53	0.0	0.00	0.0	0.000	0.267	72.6	84	67.5	74.5	17.65	 .0724	0.000	701	1	100.0	30
02/15/20	8:00 a	79.0	79.1	77.8	89	75.5	0.0	---	0.00	0.0	---	79.0	84.5	84.5	85.5	29.746	0.00	0.00	55	2.37	76	0.5	0.11	1.4	0.000	0.292	72.7	84	67.6	74.6	17.66	 .0724	0.001	699	1	100.0	30
02/15/20	8:30 a	80.7	80.7	79.0	89	77.2	0.0	---	0.00	0.0	---	80.7	88.2	88.2	90.7	29.753	0.00	0.00	112	4.82	193	1.8	0.39	2.2	0.000	0.327	72.7	84	67.6	74.6	17.66	 .0724	0.000	698	1	100.0	30
02/15/20	9:00 a	81.9	82.7	80.7	86	77.3	0.0	---	0.00	0.0	---	81.9	90.5	90.5	95.8	29.756	0.00	0.00	223	9.59	668	2.6	0.56	3.6	0.000	0.352	72.8	84	67.7	74.8	17.66	 .0724	0.004	700	1	100.0	30
02/15/20	9:30 a	86.1	86.1	81.9	78	78.4	0.0	ESE	0.00	3.0	SE	86.1	98.4	98.4	110.7	29.763	0.00	0.00	741	31.87	795	5.3	1.14	6.1	0.000	0.440	72.7	84	67.6	74.6	17.66	 .0725	0.000	699	1	100.0	30
02/15/20	10:00 a	87.5	87.5	86.1	73	77.8	1.0	S	0.50	6.0	SSW	87.5	99.6	99.6	111.1	29.754	0.00	0.00	822	35.35	856	6.9	1.48	7.6	0.000	0.469	72.7	84	67.6	74.6	17.66	 .0724	0.020	702	1	100.0	30
02/15/20	10:30 a	88.1	88.2	87.4	72	77.9	1.0	SSW	0.50	7.0	SSW	88.1	100.3	100.3	112.0	29.741	0.00	0.00	894	38.45	923	8.2	1.76	8.8	0.000	0.481	72.7	83	67.2	74.6	17.25	 .0724	0.000	701	1	100.0	30
02/15/20	11:00 a	88.6	88.8	88.1	73	78.8	2.0	SSW	1.00	5.0	SSW	88.6	102.7	102.7	114.8	29.735	0.00	0.00	942	40.51	972	9.3	1.99	9.8	0.000	0.492	72.6	83	67.1	74.4	17.25	 .0724	0.025	702	1	100.0	30
02/15/20	11:30 a	88.5	89.1	88.2	71	77.9	2.0	SSW	1.00	6.0	SW	88.5	101.2	101.2	113.9	29.719	0.00	0.00	991	42.62	1007	10.1	2.16	10.3	0.000	0.490	72.7	83	67.2	74.6	17.25	 .0724	0.000	701	1	100.0	30
02/15/20	12:00 p	88.4	89.0	88.2	71	77.8	2.0	SSW	1.00	6.0	SSW	88.4	100.9	100.9	114.3	29.707	0.00	0.00	1020	43.87	1055	10.0	2.14	10.5	0.000	0.488	72.7	83	67.2	74.6	17.25	 .0723	0.026	699	1	100.0	30
02/15/20	12:30 p	89.0	89.6	88.4	71	78.4	2.0	SSW	1.00	7.0	WSW	89.0	102.9	102.9	117.3	29.699	0.00	0.00	1034	44.47	1085	10.2	2.19	10.4	0.000	0.500	72.7	84	67.6	74.6	17.66	 .0723	0.000	701	1	100.0	30
02/15/20	1:00 p	89.4	90.8	89.0	71	78.8	2.0	SSE	1.00	7.0	SSE	89.4	104.4	104.4	120.0	29.684	0.00	0.00	1030	44.30	1095	9.4	2.01	10.0	0.000	0.508	72.7	83	67.2	74.6	17.25	 .0723	0.027	699	1	100.0	30
02/15/20	1:30 p	88.4	89.7	88.1	72	78.2	2.0	ESE	1.00	10.0	SSE	88.4	101.4	101.4	117.1	29.675	0.00	0.00	939	40.38	1074	7.8	1.67	8.9	0.000	0.488	72.8	83	67.3	74.7	17.25	 .0722	0.000	699	1	100.0	30
02/15/20	2:00 p	88.3	89.1	88.1	70	77.3	2.0	SE	1.00	8.0	ESE	88.3	100.0	100.0	114.0	29.655	0.00	0.00	755	32.47	1016	6.2	1.33	7.8	0.000	0.485	72.7	83	67.2	74.6	17.25	 .0722	0.022	702	1	100.0	30
02/15/20	2:30 p	89.4	89.7	87.8	70	78.3	2.0	SSW	1.00	8.0	SSE	89.4	103.7	103.7	120.5	29.637	0.00	0.00	765	32.90	907	5.1	1.09	6.2	0.000	0.508	72.6	83	67.1	74.4	17.25	 .0722	0.000	703	1	100.0	30
02/15/20	3:00 p	87.9	89.4	87.5	73	78.2	2.0	SE	1.00	9.0	SSE	87.9	100.3	100.3	115.6	29.629	0.00	0.00	586	25.20	745	3.6	0.77	4.6	0.000	0.477	72.6	83	67.1	74.4	17.25	 .0722	0.017	701	1	100.0	30
02/15/20	3:30 p	86.9	88.1	86.7	72	76.8	2.0	SE	1.00	9.0	SE	86.9	98.1	98.1	114.6	29.629	0.00	0.00	522	22.45	714	2.4	0.51	3.0	0.000	0.456	72.5	83	67.0	74.3	17.25	 .0722	0.000	700	1	100.0	30
02/15/20	4:00 p	86.8	87.5	86.4	75	77.9	1.0	ESE	0.50	6.0	ESE	86.8	99.1	99.1	111.4	29.630	0.00	0.00	333	14.32	489	1.3	0.28	1.9	0.000	0.454	72.5	83	67.0	74.3	17.25	 .0722	0.011	699	1	100.0	30
02/15/20	4:30 p	85.2	87.1	85.1	77	77.2	1.0	NW	0.50	4.0	S	85.2	95.8	95.8	98.3	29.627	0.00	0.00	182	7.83	417	0.6	0.13	0.9	0.000	0.421	72.4	82	66.6	74.1	16.85	 .0722	0.000	703	1	100.0	30
02/15/20	5:00 p	84.2	85.3	84.2	78	76.6	1.0	NE	0.50	3.0	SE	84.2	94.2	94.2	94.0	29.635	0.00	0.00	62	2.67	95	0.0	0.00	0.0	0.000	0.400	72.5	83	67.0	74.3	17.25	 .0722	0.004	701	1	100.0	30
02/15/20	5:30 p	83.1	84.3	82.8	80	76.3	0.0	SW	0.00	3.0	ESE	83.1	92.0	92.0	91.1	29.647	0.00	0.00	28	1.20	46	0.0	0.00	0.0	0.000	0.377	72.4	82	66.6	74.1	16.85	 .0723	0.000	700	1	100.0	30
02/15/20	6:00 p	82.2	83.2	82.1	82	76.2	0.0	SSE	0.00	2.0	SSE	82.2	90.1	90.1	88.6	29.658	0.00	0.00	1	0.04	11	0.0	0.00	0.0	0.000	0.358	72.4	83	66.9	74.2	17.25	 .0723	0.001	700	1	100.0	30
02/15/20	6:30 p	81.3	82.2	81.2	83	75.6	0.0	SSE	0.00	2.0	SSE	81.3	88.0	88.0	86.4	29.663	0.00	0.00	0	0.00	0	0.0	0.00	0.0	0.000	0.340	72.6	82	66.8	74.4	16.85	 .0723	0.000	700	1	100.0	30
02/15/20	7:00 p	80.4	81.2	80.3	85	75.5	0.0	SSE	0.00	1.0	SSE	80.4	86.5	86.5	84.9	29.677	0.00	0.00	0	0.00	0	0.0	0.00	0.0	0.000	0.321	72.5	82	66.7	74.2	16.85	 .0723	0.001	701	1	100.0	30
02/15/20	7:30 p	80.2	80.5	80.2	85	75.3	0.0	---	0.00	0.0	---	80.2	86.0	86.0	84.4	29.687	0.00	0.00	0	0.00	0	0.0	0.00	0.0	0.000	0.317	72.6	82	66.8	74.4	16.85	 .0723	0.000	699	1	100.0	30
02/15/20	8:00 p	79.7	80.3	79.7	86	75.1	0.0	---	0.00	0.0	---	79.7	85.3	85.3	83.7	29.693	0.00	0.00	0	0.00	0	0.0	0.00	0.0	0.000	0.306	72.6	82	66.8	74.4	16.85	 .0723	0.001	702	1	100.0	30
02/15/20	8:30 p	79.7	79.8	79.6	86	75.1	0.0	---	0.00	0.0	---	79.7	85.3	85.3	83.7	29.705	0.00	0.00	0	0.00	0	0.0	0.00	0.0	0.000	0.306	72.6	82	66.8	74.4	16.85	 .0724	0.000	699	1	100.0	30
02/15/20	9:00 p	79.8	79.9	79.6	86	75.2	0.0	---	0.00	0.0	---	79.8	85.5	85.5	83.9	29.716	0.00	0.00	0	0.00	0	0.0	0.00	0.0	0.000	0.308	72.6	82	66.8	74.4	16.85	 .0724	0.001	701	1	100.0	30
02/15/20	9:30 p	79.3	79.8	79.3	86	74.7	0.0	---	0.00	0.0	---	79.3	84.5	84.5	82.9	29.716	0.00	0.00	0	0.00	0	0.0	0.00	0.0	0.000	0.298	72.5	82	66.7	74.2	16.85	 .0724	0.000	699	1	100.0	30
02/15/20	10:00 p	78.5	79.3	78.5	87	74.3	0.0	---	0.00	0.0	---	78.5	83.2	83.2	81.6	29.712	0.00	0.00	0	0.00	0	0.0	0.00	0.0	0.000	0.281	72.6	83	67.1	74.4	17.25	 .0724	0.001	700	1	100.0	30
02/15/20	10:30 p	78.0	78.6	78.0	87	73.8	0.0	---	0.00	0.0	---	78.0	82.4	82.4	80.7	29.708	0.00	0.00	0	0.00	0	0.0	0.00	0.0	0.000	0.271	72.6	83	67.1	74.4	17.25	 .0724	0.000	700	1	100.0	30
02/15/20	11:00 p	77.6	78.1	77.6	87	73.4	0.0	---	0.00	0.0	---	77.6	81.7	81.7	80.0	29.699	0.00	0.00	0	0.00	0	0.0	0.00	0.0	0.000	0.262	72.6	83	67.1	74.4	17.25	 .0723	0.001	702	1	100.0	30
02/15/20	11:30 p	77.3	77.7	77.3	88	73.5	0.0	---	0.00	0.0	---	77.3	81.3	81.3	79.6	29.696	0.00	0.00	0	0.00	0	0.0	0.00	0.0	0.000	0.256	72.6	83	67.1	74.4	17.25	 .0723	0.000	703	1	100.0	30
02/16/20	12:00 a	77.1	77.3	77.1	88	73.3	0.0	---	0.00	0.0	---	77.1	81.0	81.0	79.3	29.691	0.00	0.00	0	0.00	0	0.0	0.00	0.0	0.000	0.252	72.6	83	67.1	74.4	17.25	 .0723	0.001	700	1	100.0	30
02/16/20	12:30 a	77.0	77.1	76.9	88	73.2	0.0	---	0.00	0.0	---	77.0	80.8	80.8	79.1	29.687	0.00	0.00	0	0.00	0	0.0	0.00	0.0	0.000	0.250	72.6	83	67.1	74.4	17.25	 .0723	0.000	700	1	100.0	30
02/16/20	1:00 a	76.8	77.0	76.6	88	73.0	0.0	---	0.00	0.0	---	76.8	80.5	80.5	78.7	29.680	0.00	0.00	0	0.00	0	0.0	0.00	0.0	0.000	0.246	72.7	83	67.2	74.6	17.25	 .0723	0.000	701	1	100.0	30
02/16/20	1:30 a	76.6	76.9	76.5	88	72.8	0.0	---	0.00	0.0	---	76.6	80.3	80.3	78.5	29.670	0.00	0.00	0	0.00	0	0.0	0.00	0.0	0.000	0.242	72.6	83	67.1	74.4	17.25	 .0723	0.000	702	1	100.0	30
02/16/20	2:00 a	76.3	76.5	76.3	88	72.5	0.0	---	0.00	0.0	---	76.3	79.8	79.8	78.0	29.672	0.00	0.00	0	0.00	0	0.0	0.00	0.0	0.000	0.235	72.7	83	67.2	74.6	17.25	 .0723	0.000	702	1	100.0	30
02/16/20	2:30 a	76.1	76.4	76.1	88	72.3	0.0	---	0.00	0.0	---	76.1	79.5	79.5	77.7	29.665	0.00	0.00	0	0.00	0	0.0	0.00	0.0	0.000	0.231	72.7	83	67.2	74.6	17.25	 .0722	0.000	700	1	100.0	30
02/16/20	3:00 a	75.9	76.2	75.9	88	72.1	0.0	---	0.00	0.0	---	75.9	79.3	79.3	77.5	29.664	0.00	0.00	0	0.00	0	0.0	0.00	0.0	0.000	0.227	72.7	83	67.2	74.6	17.25	 .0722	0.000	701	1	100.0	30
02/16/20	3:30 a	75.7	76.0	75.7	88	71.9	0.0	---	0.00	0.0	---	75.7	79.0	79.0	77.2	29.665	0.00	0.00	0	0.00	0	0.0	0.00	0.0	0.000	0.223	72.7	83	67.2	74.6	17.25	 .0722	0.000	701	1	100.0	30
02/16/20	4:00 a	75.5	75.8	75.5	89	72.0	0.0	---	0.00	0.0	---	75.5	78.9	78.9	77.1	29.669	0.00	0.00	0	0.00	0	0.0	0.00	0.0	0.000	0.219	72.8	83	67.3	74.7	17.25	 .0722	0.000	701	1	100.0	30
02/16/20	4:30 a	75.3	75.7	75.3	88	71.5	0.0	---	0.00	0.0	---	75.3	78.6	78.6	76.8	29.670	0.00	0.00	0	0.00	0	0.0	0.00	0.0	0.000	0.215	72.8	83	67.3	74.7	17.25	 .0722	0.000	699	1	100.0	30
02/16/20	5:00 a	75.3	75.5	75.2	89	71.8	0.0	---	0.00	0.0	---	75.3	78.7	78.7	76.9	29.679	0.00	0.00	0	0.00	0	0.0	0.00	0.0	0.000	0.215	72.8	83	67.3	74.7	17.25	 .0723	0.000	701	1	100.0	30
02/16/20	5:30 a	75.0	75.4	75.0	89	71.5	0.0	---	0.00	0.0	---	75.0	78.3	78.3	76.5	29.682	0.00	0.00	0	0.00	0	0.0	0.00	0.0	0.000	0.208	72.8	83	67.3	74.7	17.25	 .0723	0.000	701	1	100.0	30
02/16/20	6:00 a	75.1	75.2	74.9	89	71.6	0.0	---	0.00	0.0	---	75.1	78.4	78.4	76.6	29.691	0.00	0.00	3	0.13	11	0.0	0.00	0.0	0.000	0.210	72.8	83	67.3	74.7	17.25	 .0723	0.000	699	1	100.0	30
02/16/20	6:30 a	75.6	75.7	75.0	89	72.1	0.0	---	0.00	0.0	---	75.6	79.0	79.0	79.0	29.694	0.00	0.00	19	0.82	26	0.0	0.00	0.0	0.000	0.221	72.8	83	67.3	74.7	17.25	 .0723	0.000	701	1	100.0	30
02/16/20	7:00 a	76.7	76.7	75.6	89	73.2	0.0	---	0.00	0.0	---	76.7	80.5	80.5	81.0	29.702	0.00	0.00	33	1.42	39	0.0	0.00	0.0	0.000	0.244	72.8	84	67.7	74.8	17.66	 .0723	0.001	702	1	100.0	30
02/16/20	7:30 a	77.6	77.6	76.7	89	74.1	0.0	---	0.00	0.0	---	77.6	82.0	82.0	82.8	29.713	0.00	0.00	45	1.94	60	0.0	0.00	0.9	0.000	0.262	72.9	84	67.8	74.9	17.67	 .0723	0.000	698	1	100.0	30
02/16/20	8:00 a	78.9	78.9	77.6	89	75.4	0.0	---	0.00	0.0	---	78.9	84.3	84.3	85.2	29.717	0.00	0.00	54	2.32	77	0.1	0.02	1.5	0.000	0.290	72.9	84	67.8	74.9	17.67	 .0723	0.001	701	1	100.0	30
02/16/20	8:30 a	81.0	81.0	78.9	88	77.1	0.0	---	0.00	0.0	---	81.0	88.6	88.6	91.0	29.724	0.00	0.00	106	4.56	162	1.9	0.41	2.2	0.000	0.333	72.9	83	67.4	74.8	17.25	 .0723	0.000	701	1	100.0	30
02/16/20	9:00 a	84.5	84.6	81.0	81	78.0	0.0	---	0.00	0.0	---	84.5	95.8	95.8	102.5	29.725	0.00	0.00	285	12.26	737	3.0	0.64	4.7	0.000	0.406	72.8	83	67.3	74.7	17.25	 .0724	0.005	701	1	100.0	30
02/16/20	9:30 a	86.9	86.9	84.5	74	77.6	1.0	SSE	0.50	6.0	SSE	86.9	98.9	98.9	110.9	29.723	0.00	0.00	762	32.77	810	5.6	1.20	6.4	0.000	0.456	72.8	83	67.3	74.7	17.25	 .0724	0.000	701	1	100.0	30
02/16/20	10:00 a	88.4	88.5	86.9	71	77.8	2.0	SSE	1.00	7.0	SSE	88.4	100.9	100.9	112.6	29.715	0.00	0.00	848	36.47	905	7.2	1.54	7.9	0.000	0.488	72.8	83	67.3	74.7	17.25	 .0723	0.021	702	1	100.0	30
02/16/20	10:30 a	89.0	89.7	87.8	69	77.5	2.0	SSE	1.00	6.0	S	89.0	101.8	101.8	114.4	29.709	0.00	0.00	962	41.37	1039	8.7	1.86	9.4	0.000	0.500	72.8	83	67.3	74.7	17.25	 .0723	0.000	701	1	100.0	30
02/16/20	11:00 a	89.5	89.6	87.9	70	78.4	2.0	S	1.00	10.0	SE	89.5	104.1	104.1	116.7	29.698	0.00	0.00	984	42.32	1143	9.5	2.04	10.6	0.000	0.510	72.8	83	67.3	74.7	17.25	 .0723	0.026	699	1	100.0	30
02/16/20	11:30 a	89.2	89.8	87.9	70	78.1	3.0	S	1.50	10.0	SSE	89.2	103.0	103.0	116.0	29.687	0.00	0.00	1011	43.48	1157	10.1	2.16	11.2	0.000	0.504	72.7	83	67.2	74.6	17.25	 .0723	0.000	697	1	100.0	30
02/16/20	12:00 p	89.1	90.0	89.0	70	78.0	3.0	SE	1.50	10.0	SSE	89.1	102.6	102.6	116.6	29.678	0.00	0.00	1060	45.59	1197	10.9	2.34	11.4	0.000	0.502	72.6	83	67.1	74.4	17.25	 .0723	0.027	702	1	100.0	30
02/16/20	12:30 p	89.9	90.2	88.8	70	78.8	3.0	SE	1.50	9.0	SSE	89.9	105.5	105.5	120.1	29.656	0.00	0.00	1049	45.11	1227	10.5	2.25	11.2	0.000	0.519	72.6	82	66.8	74.4	16.85	 .0723	0.000	701	1	100.0	30
02/16/20	1:00 p	88.5	90.3	88.0	70	77.5	3.0	S	1.50	10.0	SE	88.5	100.7	100.7	115.0	29.644	0.00	0.00	965	41.50	1132	9.2	1.97	10.3	0.000	0.490	72.5	82	66.7	74.2	16.85	 .0722	0.026	698	1	100.0	30
02/16/20	1:30 p	89.6	90.0	88.5	69	78.1	2.0	SE	1.00	8.0	S	89.6	103.8	103.8	119.9	29.631	0.00	0.00	966	41.54	1053	8.5	1.82	9.4	0.000	0.512	72.5	82	66.7	74.2	16.85	 .0722	0.000	702	1	100.0	30
02/16/20	2:00 p	89.2	89.9	88.0	67	76.8	2.0	SSE	1.00	11.0	SSE	89.2	101.3	101.3	118.5	29.621	0.00	0.00	917	39.44	1002	7.1	1.52	8.0	0.000	0.504	72.6	82	66.8	74.4	16.85	 .0722	0.025	699	1	100.0	30
02/16/20	2:30 p	88.4	89.2	87.9	68	76.5	2.0	ESE	1.00	6.0	S	88.4	99.4	99.4	116.9	29.613	0.00	0.00	802	34.49	900	5.5	1.18	6.6	0.000	0.488	72.5	82	66.7	74.2	16.85	 .0722	0.000	702	1	100.0	30
02/16/20	3:00 p	87.9	88.6	87.9	68	76.0	2.0	SSE	1.00	7.0	SE	87.9	98.0	98.0	115.5	29.610	0.00	0.00	673	28.94	817	4.1	0.88	5.1	0.000	0.477	72.4	82	66.6	74.1	16.85	 .0722	0.019	700	1	100.0	30
02/16/20	3:30 p	87.4	88.1	87.2	69	76.0	2.0	S	1.00	7.0	SE	87.4	97.7	97.7	114.3	29.608	0.00	0.00	527	22.66	580	2.7	0.58	3.3	0.000	0.467	72.3	82	66.5	74.0	16.85	 .0722	0.000	702	1	100.0	30
02/16/20	4:00 p	86.2	87.7	86.2	71	75.7	2.0	SSE	1.00	7.0	S	86.2	96.1	96.1	111.1	29.608	0.00	0.00	403	17.33	466	1.6	0.34	2.1	0.000	0.442	72.4	81	66.2	74.0	16.50	 .0722	0.013	701	1	100.0	30
02/16/20	4:30 p	84.7	86.6	84.7	75	75.9	1.0	SSE	0.50	4.0	SSE	84.7	94.0	94.0	95.5	29.608	0.00	0.00	143	6.15	336	0.8	0.17	1.1	0.000	0.410	72.3	81	66.1	73.9	16.50	 .0722	0.000	698	1	100.0	30
02/16/20	5:00 p	83.0	84.8	83.0	79	75.8	1.0	ESE	0.50	5.0	SSE	83.0	91.4	91.4	90.9	29.604	0.00	0.00	52	2.24	74	0.0	0.00	0.5	0.000	0.375	72.3	81	66.1	73.9	16.50	 .0722	0.003	701	1	100.0	30
02/16/20	5:30 p	82.0	83.0	81.9	82	76.0	0.0	NNE	0.00	1.0	NNE	82.0	89.5	89.5	88.4	29.614	0.00	0.00	20	0.86	39	0.0	0.00	0.0	0.000	0.354	72.2	81	66.0	73.8	16.51	 .0722	0.000	700	1	100.0	30
02/16/20	6:00 p	81.4	82.0	81.4	83	75.7	0.0	---	0.00	0.0	---	81.4	88.3	88.3	86.7	29.617	0.00	0.00	0	0.00	0	0.0	0.00	0.0	0.000	0.342	72.2	81	66.0	73.8	16.51	 .0723	0.000	699	1	100.0	30
02/16/20	6:30 p	80.7	81.4	80.7	84	75.4	0.0	---	0.00	0.0	---	80.7	86.9	86.9	85.3	29.622	0.00	0.00	0	0.00	0	0.0	0.00	0.0	0.000	0.327	72.1	81	65.9	73.6	16.51	 .0723	0.000	702	1	100.0	30
02/16/20	7:00 p	80.3	80.7	80.3	84	75.0	0.0	---	0.00	0.0	---	80.3	86.0	86.0	84.4	29.633	0.00	0.00	0	0.00	0	0.0	0.00	0.0	0.000	0.319	72.2	81	66.0	73.8	16.51	 .0723	0.001	701	1	100.0	30
02/16/20	7:30 p	80.3	80.5	80.2	85	75.4	0.0	---	0.00	0.0	---	80.3	86.3	86.3	84.7	29.648	0.00	0.00	0	0.00	0	0.0	0.00	0.0	0.000	0.319	72.1	81	65.9	73.6	16.51	 .0723	0.000	701	1	100.0	30
02/16/20	8:00 p	80.0	80.3	80.0	85	75.1	0.0	---	0.00	0.0	---	80.0	85.6	85.6	84.0	29.655	0.00	0.00	0	0.00	0	0.0	0.00	0.0	0.000	0.313	72.2	82	66.4	73.8	16.85	 .0723	0.001	702	1	100.0	30
02/16/20	8:30 p	79.6	80.1	79.4	86	75.0	0.0	---	0.00	0.0	---	79.6	85.1	85.1	83.5	29.660	0.00	0.00	0	0.00	0	0.0	0.00	0.0	0.000	0.304	72.2	82	66.4	73.8	16.85	 .0723	0.000	700	1	100.0	30
02/16/20	9:00 p	79.0	79.6	78.9	86	74.5	0.0	---	0.00	0.0	---	79.0	83.9	83.9	82.3	29.668	0.00	0.00	0	0.00	0	0.0	0.00	0.0	0.000	0.292	72.2	82	66.4	73.8	16.85	 .0724	0.001	701	1	100.0	30
02/16/20	9:30 p	78.3	79.0	78.3	87	74.1	0.0	---	0.00	0.0	---	78.3	82.9	82.9	81.3	29.672	0.00	0.00	0	0.00	0	0.0	0.00	0.0	0.000	0.277	72.2	82	66.4	73.8	16.85	 .0724	0.000	695	1	100.0	30
02/16/20	10:00 p	77.8	78.3	77.8	87	73.6	0.0	---	0.00	0.0	---	77.8	82.1	82.1	80.4	29.676	0.00	0.00	0	0.00	0	0.0	0.00	0.0	0.000	0.267	72.3	82	66.5	74.0	16.85	 .0724	0.001	696	1	100.0	30
02/16/20	10:30 p	77.4	77.8	77.4	87	73.2	0.0	---	0.00	0.0	---	77.4	81.4	81.4	79.7	29.673	0.00	0.00	0	0.00	0	0.0	0.00	0.0	0.000	0.258	72.3	82	66.5	74.0	16.85	 .0724	0.000	693	1	100.0	30
02/16/20	11:00 p	77.0	77.4	77.0	87	72.8	0.0	---	0.00	0.0	---	77.0	80.8	80.8	79.0	29.667	0.00	0.00	0	0.00	0	0.0	0.00	0.0	0.000	0.250	72.3	82	66.5	74.0	16.85	 .0723	0.001	690	1	100.0	30
02/16/20	11:30 p	76.7	77.0	76.7	88	72.9	0.0	---	0.00	0.0	---	76.7	80.4	80.4	78.6	29.656	0.00	0.00	0	0.00	0	0.0	0.00	0.0	0.000	0.244	72.4	82	66.6	74.1	16.85	 .0723	0.000	689	1	100.0	30
02/17/20	12:00 a	76.3	76.7	76.3	88	72.5	0.0	---	0.00	0.0	---	76.3	79.8	79.8	78.0	29.643	0.00	0.00	0	0.00	0	0.0	0.00	0.0	0.000	0.235	72.4	82	66.6	74.1	16.85	 .0723	0.000	686	1	100.0	30
02/17/20	12:30 a	76.0	76.4	76.0	88	72.2	0.0	---	0.00	0.0	---	76.0	79.4	79.4	77.6	29.628	0.00	0.00	0	0.00	0	0.0	0.00	0.0	0.000	0.229	72.4	82	66.6	74.1	16.85	 .0722	0.000	691	1	100.0	30
02/17/20	1:00 a	75.8	76.1	75.8	88	72.0	0.0	---	0.00	0.0	---	75.8	79.2	79.2	77.4	29.618	0.00	0.00	0	0.00	0	0.0	0.00	0.0	0.000	0.225	72.4	82	66.6	74.1	16.85	 .0722	0.000	692	1	100.0	30
02/17/20	1:30 a	75.5	75.8	75.5	88	71.7	0.0	---	0.00	0.0	---	75.5	78.8	78.8	77.0	29.609	0.00	0.00	0	0.00	0	0.0	0.00	0.0	0.000	0.219	72.5	82	66.7	74.2	16.85	 .0722	0.000	701	1	100.0	30
02/17/20	2:00 a	75.2	75.5	75.1	88	71.4	0.0	---	0.00	0.0	---	75.2	78.5	78.5	76.7	29.607	0.00	0.00	0	0.00	0	0.0	0.00	0.0	0.000	0.212	72.5	82	66.7	74.2	16.85	 .0721	0.000	696	1	100.0	30
02/17/20	2:30 a	75.0	75.3	75.0	88	71.2	0.0	---	0.00	0.0	---	75.0	78.2	78.2	76.4	29.601	0.00	0.00	0	0.00	0	0.0	0.00	0.0	0.000	0.208	72.6	82	66.8	74.4	16.85	 .0721	0.000	699	1	100.0	30
02/17/20	3:00 a	74.9	75.1	74.8	88	71.1	0.0	---	0.00	0.0	---	74.9	78.0	78.0	76.2	29.598	0.00	0.00	0	0.00	0	0.0	0.00	0.0	0.000	0.206	72.6	83	67.1	74.4	17.25	 .0721	0.000	700	1	100.0	30
02/17/20	3:30 a	74.7	74.9	74.6	88	70.9	0.0	---	0.00	0.0	---	74.7	77.7	77.7	75.8	29.594	0.00	0.00	0	0.00	0	0.0	0.00	0.0	0.000	0.202	72.6	83	67.1	74.4	17.25	 .0721	0.000	694	1	100.0	30
02/17/20	4:00 a	74.5	74.7	74.4	88	70.7	0.0	---	0.00	0.0	---	74.5	77.3	77.3	75.4	29.595	0.00	0.00	0	0.00	0	0.0	0.00	0.0	0.000	0.198	72.7	82	66.9	74.5	16.85	 .0721	0.000	686	1	100.0	30
02/17/20	4:30 a	74.4	74.7	74.3	89	70.9	0.0	---	0.00	0.0	---	74.4	77.1	77.1	75.2	29.600	0.00	0.00	0	0.00	0	0.0	0.00	0.0	0.000	0.196	72.7	83	67.2	74.6	17.25	 .0721	0.000	686	1	100.0	30
02/17/20	5:00 a	74.0	74.5	74.0	89	70.6	0.0	---	0.00	0.0	---	74.0	76.4	76.4	74.5	29.616	0.00	0.00	0	0.00	0	0.0	0.00	0.0	0.000	0.188	72.7	83	67.2	74.6	17.25	 .0721	0.000	692	1	100.0	30
02/17/20	5:30 a	74.3	74.4	74.0	89	70.8	0.0	---	0.00	0.0	---	74.3	76.9	76.9	75.0	29.624	0.00	0.00	0	0.00	0	0.0	0.00	0.0	0.000	0.194	72.7	83	67.2	74.6	17.25	 .0721	0.000	685	1	100.0	30
02/17/20	6:00 a	74.4	74.4	74.0	89	70.9	0.0	---	0.00	0.0	---	74.4	77.1	77.1	75.2	29.632	0.00	0.00	2	0.09	9	0.0	0.00	0.0	0.000	0.196	72.7	83	67.2	74.6	17.25	 .0722	0.000	688	1	100.0	30
02/17/20	6:30 a	74.9	74.9	74.2	89	71.4	0.0	---	0.00	0.0	---	74.9	78.1	78.1	78.1	29.645	0.00	0.00	20	0.86	32	0.0	0.00	0.0	0.000	0.206	72.8	83	67.3	74.7	17.25	 .0722	0.000	694	1	100.0	30
02/17/20	7:00 a	75.8	75.8	74.8	89	72.3	0.0	---	0.00	0.0	---	75.8	79.2	79.2	79.7	29.654	0.00	0.00	35	1.51	39	0.0	0.00	0.0	0.000	0.225	72.8	83	67.3	74.7	17.25	 .0722	0.001	701	1	100.0	30
02/17/20	7:30 a	77.1	77.1	75.8	89	73.6	0.0	---	0.00	0.0	---	77.1	81.1	81.1	81.8	29.663	0.00	0.00	44	1.89	51	0.0	0.00	0.0	0.000	0.252	72.8	83	67.3	74.7	17.25	 .0722	0.000	698	1	100.0	30
02/17/20	8:00 a	78.8	78.8	77.1	89	75.3	0.0	---	0.00	0.0	---	78.8	84.1	84.1	85.0	29.668	0.00	0.00	55	2.37	90	0.2	0.04	1.5	0.000	0.288	72.8	83	67.3	74.7	17.25	 .0722	0.001	693	1	100.0	30
02/17/20	8:30 a	80.4	80.4	78.8	89	76.9	0.0	---	0.00	0.0	---	80.4	87.5	87.5	90.1	29.677	0.00	0.00	117	5.03	234	1.8	0.39	2.2	0.000	0.321	72.8	83	67.3	74.7	17.25	 .0722	0.000	700	1	100.0	30
02/17/20	9:00 a	83.7	83.7	80.3	81	77.2	1.0	SSE	0.50	5.0	SSE	83.7	94.0	94.0	102.9	29.678	0.00	0.00	392	16.86	729	3.2	0.69	4.7	0.000	0.390	72.7	83	67.2	74.6	17.25	 .0723	0.007	701	1	100.0	30
02/17/20	9:30 a	86.8	86.8	83.7	74	77.5	2.0	S	1.00	8.0	S	86.8	98.7	98.7	110.4	29.677	0.00	0.00	791	34.02	846	5.6	1.20	6.4	0.000	0.454	72.6	83	67.1	74.4	17.25	 .0723	0.000	700	1	100.0	30
02/17/20	10:00 a	87.8	88.6	86.7	73	78.1	2.0	SE	1.00	7.0	ESE	87.8	100.1	100.1	112.0	29.672	0.00	0.00	863	37.11	898	7.2	1.54	8.0	0.000	0.475	72.5	82	66.7	74.2	16.85	 .0723	0.022	700	1	100.0	30
02/17/20	10:30 a	88.0	88.2	86.6	72	77.8	2.0	SE	1.00	7.0	SE	88.0	100.0	100.0	111.5	29.664	0.00	0.00	890	38.27	983	8.3	1.78	9.3	0.000	0.479	72.4	83	66.9	74.2	17.25	 .0723	0.000	702	1	100.0	30
02/17/20	11:00 a	89.3	89.9	88.0	71	78.7	2.0	E	1.00	6.0	E	89.3	104.0	104.0	116.6	29.653	0.00	0.00	987	42.45	1000	9.8	2.10	10.3	0.000	0.506	72.4	83	66.9	74.2	17.25	 .0723	0.025	701	1	100.0	30
02/17/20	11:30 a	87.9	89.2	87.9	71	77.3	3.0	SE	1.50	7.0	S	87.9	99.3	99.3	112.1	29.637	0.00	0.00	1008	43.35	1264	9.5	2.04	11.6	0.000	0.477	72.4	83	66.9	74.2	17.25	 .0722	0.000	699	1	100.0	30
02/17/20	12:00 p	88.4	90.0	87.9	70	77.4	2.0	SSE	1.00	9.0	SSE	88.4	100.3	100.3	112.8	29.627	0.00	0.00	962	41.37	1266	9.2	1.97	11.5	0.000	0.488	72.3	83	66.8	74.0	17.25	 .0722	0.024	699	1	100.0	30
02/17/20	12:30 p	88.7	89.6	87.9	71	78.1	2.0	ESE	1.00	6.0	SSE	88.7	101.9	101.9	113.5	29.610	0.00	0.00	851	36.60	1245	9.0	1.93	11.4	0.000	0.494	72.3	83	66.8	74.0	17.25	 .0722	0.000	701	1	100.0	30
02/17/20	1:00 p	89.3	89.8	88.6	67	76.9	2.0	SE	1.00	8.0	ESE	89.3	101.7	101.7	116.7	29.598	0.00	0.00	1014	43.61	1130	9.5	2.04	10.6	0.000	0.506	72.2	83	66.7	73.9	17.25	 .0722	0.024	702	1	100.0	30
02/17/20	1:30 p	88.8	90.0	88.2	67	76.4	2.0	SE	1.00	9.0	SE	88.8	100.1	100.1	116.4	29.586	0.00	0.00	989	42.53	1025	8.7	1.86	9.4	0.000	0.496	72.2	83	66.7	73.9	17.25	 .0721	0.000	702	1	100.0	30
02/17/20	2:00 p	89.3	89.8	88.3	67	76.9	2.0	S	1.00	8.0	SE	89.3	101.7	101.7	117.9	29.572	0.00	0.00	865	37.20	963	7.2	1.54	8.0	0.000	0.506	72.2	83	66.7	73.9	17.25	 .0721	0.025	699	1	100.0	30
02/17/20	2:30 p	87.3	89.5	87.3	69	75.9	2.0	SE	1.00	6.0	SSE	87.3	97.6	97.6	113.5	29.565	0.00	0.00	735	31.61	867	5.4	1.16	6.5	0.000	0.465	72.1	82	66.3	73.7	16.85	 .0721	0.000	702	1	100.0	30
02/17/20	3:00 p	87.5	88.8	87.0	69	76.1	2.0	SSE	1.00	8.0	S	87.5	97.8	97.8	114.0	29.561	0.00	0.00	627	26.96	853	3.7	0.79	4.3	0.000	0.469	72.0	83	66.6	73.6	17.25	 .0721	0.018	701	1	100.0	30
02/17/20	3:30 p	87.4	88.0	86.9	71	76.8	2.0	SSE	1.00	7.0	SE	87.4	98.5	98.5	115.3	29.566	0.00	0.00	533	22.92	633	2.7	0.58	3.3	0.000	0.467	72.0	83	66.6	73.6	17.25	 .0721	0.000	700	1	100.0	30
02/17/20	4:00 p	85.6	87.6	85.5	73	75.9	2.0	SE	1.00	5.0	S	85.6	95.4	95.4	105.7	29.575	0.00	0.00	290	12.47	543	1.4	0.30	2.0	0.000	0.429	72.0	83	66.6	73.6	17.25	 .0721	0.011	697	1	100.0	30
02/17/20	4:30 p	83.6	85.6	83.5	78	76.0	1.0	SSE	0.50	3.0	S	83.6	92.7	92.7	92.4	29.580	0.00	0.00	54	2.32	86	0.0	0.00	0.5	0.000	0.387	71.9	83	66.5	73.5	17.25	 .0722	0.000	701	1	100.0	30
02/17/20	5:00 p	82.9	83.9	82.8	81	76.5	0.0	SE	0.00	2.0	S	82.9	91.7	91.7	90.8	29.582	0.00	0.00	27	1.16	44	0.0	0.00	0.0	0.000	0.373	71.9	83	66.5	73.5	17.25	 .0722	0.001	700	1	100.0	30
02/17/20	5:30 p	82.3	83.1	82.3	82	76.3	0.0	SE	0.00	3.0	SE	82.3	90.3	90.3	89.1	29.590	0.00	0.00	14	0.60	33	0.0	0.00	0.0	0.000	0.360	71.9	83	66.5	73.5	17.25	 .0722	0.000	702	1	100.0	30
02/17/20	6:00 p	81.4	82.3	81.4	83	75.7	0.0	SE	0.00	1.0	SE	81.4	88.3	88.3	86.7	29.604	0.00	0.00	0	0.00	0	0.0	0.00	0.0	0.000	0.342	71.9	83	66.5	73.5	17.25	 .0722	0.000	702	1	100.0	30
02/17/20	6:30 p	80.8	81.4	80.8	83	75.2	0.0	SE	0.00	1.0	SE	80.8	86.9	86.9	85.3	29.613	0.00	0.00	0	0.00	0	0.0	0.00	0.0	0.000	0.329	71.9	83	66.5	73.5	17.25	 .0723	0.000	702	1	100.0	30
02/17/20	7:00 p	80.3	80.8	80.2	84	75.0	0.0	---	0.00	0.0	---	80.3	86.0	86.0	84.4	29.632	0.00	0.00	0	0.00	0	0.0	0.00	0.0	0.000	0.319	71.9	83	66.5	73.5	17.25	 .0723	0.001	703	1	100.0	30
02/17/20	7:30 p	79.6	80.3	79.6	85	74.7	0.0	---	0.00	0.0	---	79.6	84.8	84.8	83.2	29.642	0.00	0.00	0	0.00	0	0.0	0.00	0.0	0.000	0.304	72.0	83	66.6	73.6	17.25	 .0723	0.000	700	1	100.0	30
02/17/20	8:00 p	78.8	79.6	78.8	86	74.3	0.0	---	0.00	0.0	---	78.8	83.6	83.6	82.0	29.652	0.00	0.00	0	0.00	0	0.0	0.00	0.0	0.000	0.288	72.0	83	66.6	73.6	17.25	 .0723	0.001	701	1	100.0	30
02/17/20	8:30 p	78.5	78.8	78.5	86	74.0	0.0	---	0.00	0.0	---	78.5	83.1	83.1	81.4	29.660	0.00	0.00	0	0.00	0	0.0	0.00	0.0	0.000	0.281	72.0	83	66.6	73.6	17.25	 .0724	0.000	701	1	100.0	30
02/17/20	9:00 p	78.0	78.5	78.0	87	73.8	0.0	---	0.00	0.0	---	78.0	82.4	82.4	80.7	29.663	0.00	0.00	0	0.00	0	0.0	0.00	0.0	0.000	0.271	72.1	83	66.6	73.8	17.25	 .0723	0.001	699	1	100.0	30
02/17/20	9:30 p	77.5	78.0	77.5	87	73.3	0.0	---	0.00	0.0	---	77.5	81.6	81.6	79.9	29.666	0.00	0.00	0	0.00	0	0.0	0.00	0.0	0.000	0.260	72.1	83	66.6	73.8	17.25	 .0724	0.000	698	1	100.0	30
02/17/20	10:00 p	77.2	77.5	77.1	87	73.0	0.0	---	0.00	0.0	---	77.2	81.1	81.1	79.4	29.672	0.00	0.00	0	0.00	0	0.0	0.00	0.0	0.000	0.254	72.1	83	66.6	73.8	17.25	 .0724	0.001	698	1	100.0	30
02/17/20	10:30 p	76.8	77.2	76.8	87	72.6	0.0	---	0.00	0.0	---	76.8	80.5	80.5	78.7	29.667	0.00	0.00	0	0.00	0	0.0	0.00	0.0	0.000	0.246	72.2	83	66.7	73.9	17.25	 .0723	0.000	702	1	100.0	30
02/17/20	11:00 p	76.5	76.8	76.5	88	72.7	0.0	---	0.00	0.0	---	76.5	80.1	80.1	78.3	29.658	0.00	0.00	0	0.00	0	0.0	0.00	0.0	0.000	0.240	72.2	83	66.7	73.9	17.25	 .0723	0.001	702	1	100.0	30
02/17/20	11:30 p	76.1	76.5	76.1	88	72.3	0.0	---	0.00	0.0	---	76.1	79.5	79.5	77.7	29.653	0.00	0.00	0	0.00	0	0.0	0.00	0.0	0.000	0.231	72.2	83	66.7	73.9	17.25	 .0723	0.000	701	1	100.0	30
02/18/20	12:00 a	75.9	76.2	75.9	88	72.1	0.0	---	0.00	0.0	---	75.9	79.3	79.3	77.5	29.634	0.00	0.00	0	0.00	0	0.0	0.00	0.0	0.000	0.227	72.2	83	66.7	73.9	17.25	 .0723	0.000	698	1	100.0	30
02/18/20	12:30 a	75.8	76.0	75.7	88	72.0	0.0	---	0.00	0.0	---	75.8	79.2	79.2	77.4	29.624	0.00	0.00	0	0.00	0	0.0	0.00	0.0	0.000	0.225	72.3	83	66.8	74.0	17.25	 .0722	0.000	700	1	100.0	30
02/18/20	1:00 a	75.7	75.8	75.6	88	71.9	0.0	---	0.00	0.0	---	75.7	79.0	79.0	77.2	29.616	0.00	0.00	0	0.00	0	0.0	0.00	0.0	0.000	0.223	72.3	83	66.8	74.0	17.25	 .0722	0.000	700	1	100.0	30
02/18/20	1:30 a	75.6	75.8	75.5	88	71.8	0.0	---	0.00	0.0	---	75.6	78.9	78.9	77.1	29.608	0.00	0.00	0	0.00	0	0.0	0.00	0.0	0.000	0.221	72.3	83	66.8	74.0	17.25	 .0722	0.000	701	1	100.0	30
02/18/20	2:00 a	75.8	75.9	75.5	88	72.0	0.0	---	0.00	0.0	---	75.8	79.2	79.2	77.4	29.609	0.00	0.00	0	0.00	0	0.0	0.00	0.0	0.000	0.225	72.4	83	66.9	74.2	17.25	 .0722	0.000	700	1	100.0	30
02/18/20	2:30 a	75.8	75.9	75.7	88	72.0	0.0	---	0.00	0.0	---	75.8	79.2	79.2	77.4	29.608	0.00	0.00	0	0.00	0	0.0	0.00	0.0	0.000	0.225	72.4	83	66.9	74.2	17.25	 .0722	0.000	701	1	100.0	30
02/18/20	3:00 a	75.8	75.9	75.7	89	72.3	0.0	---	0.00	0.0	---	75.8	79.2	79.2	77.4	29.604	0.00	0.00	0	0.00	0	0.0	0.00	0.0	0.000	0.225	72.4	83	66.9	74.2	17.25	 .0721	0.000	702	1	100.0	30
02/18/20	3:30 a	75.8	75.9	75.8	89	72.3	0.0	---	0.00	0.0	---	75.8	79.2	79.2	77.4	29.609	0.00	0.00	0	0.00	0	0.0	0.00	0.0	0.000	0.225	72.5	83	67.0	74.3	17.25	 .0721	0.000	699	1	100.0	30
02/18/20	4:00 a	75.6	75.8	75.6	89	72.1	0.0	---	0.00	0.0	---	75.6	79.0	79.0	77.2	29.611	0.00	0.00	0	0.00	0	0.0	0.00	0.0	0.000	0.221	72.4	83	66.9	74.2	17.25	 .0722	0.000	699	1	100.0	30
02/18/20	4:30 a	75.4	75.6	75.3	88	71.6	0.0	---	0.00	0.0	---	75.4	78.7	78.7	76.9	29.621	0.00	0.00	0	0.00	0	0.0	0.00	0.0	0.000	0.217	72.4	83	66.9	74.2	17.25	 .0722	0.000	699	1	100.0	30
02/18/20	5:00 a	75.2	75.5	75.2	88	71.4	0.0	---	0.00	0.0	---	75.2	78.5	78.5	76.7	29.629	0.00	0.00	0	0.00	0	0.0	0.00	0.0	0.000	0.212	72.5	83	67.0	74.3	17.25	 .0722	0.000	700	1	100.0	30
02/18/20	5:30 a	75.0	75.2	75.0	89	71.5	0.0	---	0.00	0.0	---	75.0	78.3	78.3	76.5	29.634	0.00	0.00	0	0.00	0	0.0	0.00	0.0	0.000	0.208	72.5	83	67.0	74.3	17.25	 .0722	0.000	702	1	100.0	30
02/18/20	6:00 a	75.1	75.2	74.9	89	71.6	0.0	---	0.00	0.0	---	75.1	78.4	78.4	76.6	29.649	0.00	0.00	3	0.13	12	0.0	0.00	0.0	0.000	0.210	72.5	83	67.0	74.3	17.25	 .0722	0.000	700	1	100.0	30
02/18/20	6:30 a	75.8	75.8	75.1	89	72.3	0.0	---	0.00	0.0	---	75.8	79.2	79.2	79.3	29.656	0.00	0.00	22	0.95	32	0.0	0.00	0.0	0.000	0.225	72.6	83	67.1	74.4	17.25	 .0722	0.000	700	1	100.0	30
02/18/20	7:00 a	76.6	76.7	75.8	89	73.1	0.0	---	0.00	0.0	---	76.6	80.3	80.3	81.1	29.670	0.00	0.00	40	1.72	51	0.0	0.00	0.0	0.000	0.242	72.5	83	67.0	74.3	17.25	 .0723	0.001	702	1	100.0	30
02/18/20	7:30 a	77.6	77.6	76.7	89	74.1	0.0	---	0.00	0.0	---	77.6	82.0	82.0	83.0	29.678	0.00	0.00	51	2.19	63	0.1	0.02	0.6	0.000	0.262	72.5	83	67.0	74.3	17.25	 .0723	0.000	701	1	100.0	30
02/18/20	8:00 a	79.2	79.3	77.6	89	75.7	0.0	---	0.00	0.0	---	79.2	84.9	84.9	86.1	29.679	0.00	0.00	62	2.67	83	1.2	0.26	1.6	0.000	0.296	72.5	83	67.0	74.3	17.25	 .0723	0.001	700	1	100.0	30
02/18/20	8:30 a	81.7	81.8	79.2	88	77.8	0.0	NE	0.00	4.0	NNE	81.7	90.6	90.6	95.2	29.686	0.00	0.00	188	8.09	360	2.0	0.43	2.5	0.000	0.348	72.6	83	67.1	74.4	17.25	 .0723	0.000	699	1	100.0	30
02/18/20	9:00 a	83.8	83.8	81.7	80	77.0	0.0	SSE	0.00	4.0	SSE	83.8	93.9	93.9	100.9	29.686	0.00	0.00	302	12.99	737	3.1	0.66	4.8	0.000	0.392	72.6	83	67.1	74.4	17.25	 .0723	0.007	701	1	100.0	30
02/18/20	9:30 a	86.7	86.7	83.7	75	77.8	1.0	S	0.50	6.0	S	86.7	98.8	98.8	110.8	29.680	0.00	0.00	635	27.31	786	5.3	1.14	6.5	0.000	0.452	72.5	83	67.0	74.3	17.25	 .0723	0.000	703	1	100.0	30
02/18/20	10:00 a	88.7	88.8	86.8	71	78.1	1.0	SSE	0.50	7.0	S	88.7	101.9	101.9	113.6	29.673	0.00	0.00	827	35.57	898	7.3	1.56	8.2	0.000	0.494	72.5	83	67.0	74.3	17.25	 .0723	0.019	699	1	100.0	30
02/18/20	10:30 a	88.1	88.8	88.0	70	77.1	2.0	SE	1.00	7.0	SSE	88.1	99.3	99.3	111.3	29.662	0.00	0.00	922	39.65	984	8.8	1.89	9.5	0.000	0.481	72.4	83	66.9	74.2	17.25	 .0723	0.000	701	1	100.0	30
02/18/20	11:00 a	89.1	89.6	87.8	72	78.9	2.0	SSE	1.00	6.0	SSE	89.1	103.9	103.9	116.8	29.656	0.00	0.00	1010	43.44	1109	10.0	2.14	10.9	0.000	0.502	72.3	83	66.8	74.0	17.25	 .0723	0.026	701	1	100.0	30
02/18/20	11:30 a	88.4	90.7	88.4	70	77.4	2.0	SSE	1.00	7.0	SSE	88.4	100.3	100.3	114.9	29.633	0.00	0.00	1138	48.94	1206	10.1	2.16	11.4	0.000	0.488	72.3	83	66.8	74.0	17.25	 .0722	0.000	702	1	100.0	30
02/18/20	12:00 p	89.3	90.5	88.4	70	78.2	2.0	S	1.00	10.0	SSW	89.3	103.4	103.4	117.3	29.623	0.00	0.00	1056	45.41	1086	11.0	2.36	11.2	0.000	0.506	72.2	83	66.7	73.9	17.25	 .0722	0.028	699	1	100.0	30
02/18/20	12:30 p	88.7	90.3	88.7	69	77.2	2.0	SSE	1.00	8.0	SE	88.7	100.8	100.8	114.6	29.615	0.00	0.00	1005	43.22	1049	10.2	2.19	11.0	0.000	0.494	72.2	83	66.7	73.9	17.25	 .0722	0.000	703	1	100.0	30
02/18/20	1:00 p	89.5	89.8	88.3	68	77.5	3.0	SSE	1.50	9.0	SE	89.5	102.9	102.9	118.1	29.604	0.00	0.00	1019	43.82	1085	9.9	2.12	10.7	0.000	0.510	72.2	83	66.7	73.9	17.25	 .0722	0.026	700	1	100.0	30
02/18/20	1:30 p	88.5	90.6	88.5	70	77.5	2.0	SSE	1.00	9.0	SSE	88.5	100.7	100.7	115.0	29.588	0.00	0.00	879	37.80	1021	8.5	1.82	9.6	0.000	0.490	72.1	83	66.6	73.8	17.25	 .0722	0.000	701	1	100.0	30
02/18/20	2:00 p	89.9	90.1	88.2	71	79.2	2.0	SE	1.00	8.0	SSE	89.9	106.2	106.2	124.0	29.579	0.00	0.00	940	40.43	1028	7.2	1.54	8.3	0.000	0.519	72.2	82	66.4	73.8	16.85	 .0721	0.024	699	1	100.0	30
02/18/20	2:30 p	89.2	90.3	88.5	70	78.1	2.0	SSE	1.00	7.0	S	89.2	103.0	103.0	120.5	29.565	0.00	0.00	799	34.36	889	5.6	1.20	6.6	0.000	0.504	72.1	82	66.3	73.7	16.85	 .0721	0.000	698	1	100.0	30
02/18/20	3:00 p	88.7	89.2	87.8	69	77.2	3.0	SE	1.50	10.0	SSE	88.7	100.8	100.8	118.7	29.565	0.00	0.00	686	29.50	763	4.2	0.90	5.0	0.000	0.494	72.0	82	66.2	73.6	16.85	 .0721	0.020	698	1	100.0	30
02/18/20	3:30 p	88.3	89.2	87.7	69	76.8	2.0	SE	1.00	7.0	S	88.3	99.5	99.5	117.3	29.567	0.00	0.00	564	24.26	613	2.7	0.58	3.5	0.000	0.485	72.0	82	66.2	73.6	16.85	 .0721	0.000	699	1	100.0	30
02/18/20	4:00 p	86.5	88.4	86.5	75	77.6	1.0	S	0.50	7.0	SSE	86.5	98.3	98.3	109.6	29.570	0.00	0.00	309	13.29	529	1.4	0.30	1.9	0.000	0.448	72.0	82	66.2	73.6	16.85	 .0722	0.012	700	1	100.0	30
02/18/20	4:30 p	85.5	86.5	85.3	76	77.1	1.0	SSE	0.50	8.0	SE	85.5	96.2	96.2	97.5	29.579	0.00	0.00	129	5.55	246	0.5	0.11	0.9	0.000	0.427	71.8	82	66.0	73.3	16.85	 .0722	0.000	701	1	100.0	30
02/18/20	5:00 p	84.4	85.6	84.3	78	76.8	1.0	SSE	0.50	6.0	SSE	84.4	94.5	94.5	93.9	29.591	0.00	0.00	42	1.81	100	0.0	0.00	0.0	0.000	0.404	71.7	82	65.9	73.2	16.85	 .0723	0.003	703	1	100.0	30
02/18/20	5:30 p	83.5	84.4	83.5	80	76.7	0.0	E	0.00	4.0	S	83.5	93.1	93.1	91.8	29.599	0.00	0.00	8	0.34	12	0.0	0.00	0.0	0.000	0.385	71.7	83	66.3	73.3	17.25	 .0723	0.000	699	1	100.0	30
02/18/20	6:00 p	81.9	83.5	81.9	82	75.9	0.0	S	0.00	2.0	S	81.9	89.3	89.3	87.7	29.611	0.00	0.00	1	0.04	5	0.0	0.00	0.0	0.000	0.352	71.8	83	66.4	73.4	17.25	 .0723	0.000	701	1	100.0	30
02/18/20	6:30 p	81.0	82.0	81.0	83	75.3	0.0	NNW	0.00	2.0	NNW	81.0	87.3	87.3	85.7	29.619	0.00	0.00	0	0.00	0	0.0	0.00	0.0	0.000	0.333	71.9	83	66.5	73.5	17.25	 .0723	0.000	695	1	100.0	30
02/18/20	7:00 p	80.5	81.0	80.4	84	75.2	0.0	NNW	0.00	1.0	NNW	80.5	86.5	86.5	84.9	29.633	0.00	0.00	0	0.00	0	0.0	0.00	0.0	0.000	0.323	71.9	83	66.5	73.5	17.25	 .0723	0.001	694	1	100.0	30
02/18/20	7:30 p	79.6	80.5	79.6	85	74.7	0.0	---	0.00	0.0	---	79.6	84.8	84.8	83.2	29.648	0.00	0.00	0	0.00	0	0.0	0.00	0.0	0.000	0.304	71.9	83	66.5	73.5	17.25	 .0723	0.000	698	1	100.0	30
02/18/20	8:00 p	79.7	79.8	79.6	86	75.1	0.0	---	0.00	0.0	---	79.7	85.3	85.3	83.7	29.660	0.00	0.00	0	0.00	0	0.0	0.00	0.0	0.000	0.306	71.9	83	66.5	73.5	17.25	 .0724	0.001	699	1	100.0	30
02/18/20	8:30 p	79.4	79.8	79.4	86	74.8	0.0	---	0.00	0.0	---	79.4	84.7	84.7	83.1	29.666	0.00	0.00	0	0.00	0	0.0	0.00	0.0	0.000	0.300	71.9	83	66.5	73.5	17.25	 .0724	0.000	700	1	100.0	30
02/18/20	9:00 p	78.9	79.5	78.9	86	74.4	0.0	---	0.00	0.0	---	78.9	83.7	83.7	82.1	29.671	0.00	0.00	0	0.00	0	0.0	0.00	0.0	0.000	0.290	72.0	83	66.6	73.6	17.25	 .0724	0.001	700	1	100.0	30
02/18/20	9:30 p	78.7	78.9	78.6	87	74.5	0.0	---	0.00	0.0	---	78.7	83.6	83.6	82.0	29.681	0.00	0.00	0	0.00	0	0.0	0.00	0.0	0.000	0.285	72.0	83	66.6	73.6	17.25	 .0724	0.000	703	1	100.0	30
02/18/20	10:00 p	78.6	78.8	78.6	87	74.4	0.0	---	0.00	0.0	---	78.6	83.4	83.4	81.8	29.684	0.00	0.00	0	0.00	0	0.0	0.00	0.0	0.000	0.283	72.0	83	66.6	73.6	17.25	 .0724	0.001	701	1	100.0	30
02/18/20	10:30 p	78.5	78.7	78.5	87	74.3	0.0	---	0.00	0.0	---	78.5	83.2	83.2	81.6	29.686	0.00	0.00	0	0.00	0	0.0	0.00	0.0	0.000	0.281	72.1	83	66.6	73.8	17.25	 .0724	0.000	702	1	100.0	30
02/18/20	11:00 p	78.2	78.5	78.2	88	74.4	0.0	---	0.00	0.0	---	78.2	82.9	82.9	81.3	29.678	0.00	0.00	0	0.00	0	0.0	0.00	0.0	0.000	0.275	72.1	83	66.6	73.8	17.25	 .0724	0.001	701	1	100.0	30
02/18/20	11:30 p	78.1	78.3	78.1	88	74.3	0.0	---	0.00	0.0	---	78.1	82.7	82.7	81.1	29.670	0.00	0.00	0	0.00	0	0.0	0.00	0.0	0.000	0.273	72.1	83	66.6	73.8	17.25	 .0724	0.000	700	1	100.0	30
02/19/20	12:00 a	78.0	78.1	77.9	88	74.2	0.0	---	0.00	0.0	---	78.0	82.5	82.5	80.9	29.670	0.00	0.00	0	0.00	0	0.0	0.00	0.0	0.000	0.271	72.1	83	66.6	73.8	17.25	 .0724	0.000	702	1	100.0	30
02/19/20	12:30 a	77.8	78.0	77.7	88	74.0	0.0	---	0.00	0.0	---	77.8	82.2	82.2	80.5	29.661	0.00	0.00	0	0.00	0	0.0	0.00	0.0	0.000	0.267	72.1	83	66.6	73.8	17.25	 .0723	0.000	700	1	100.0	30
02/19/20	1:00 a	77.6	77.8	77.5	88	73.8	0.0	---	0.00	0.0	---	77.6	81.8	81.8	80.1	29.656	0.00	0.00	0	0.00	0	0.0	0.00	0.0	0.000	0.262	72.2	83	66.7	73.9	17.25	 .0723	0.000	698	1	100.0	30
02/19/20	1:30 a	77.5	77.7	77.5	88	73.7	0.0	---	0.00	0.0	---	77.5	81.7	81.7	80.0	29.650	0.00	0.00	0	0.00	0	0.0	0.00	0.0	0.000	0.260	72.2	83	66.7	73.9	17.25	 .0723	0.000	700	1	100.0	30
02/19/20	2:00 a	77.0	77.6	76.9	88	73.2	0.0	---	0.00	0.0	---	77.0	80.8	80.8	79.1	29.646	0.00	0.00	0	0.00	0	0.0	0.00	0.0	0.000	0.250	72.2	83	66.7	73.9	17.25	 .0723	0.000	701	1	100.0	30
02/19/20	2:30 a	76.5	77.1	76.5	88	72.7	0.0	---	0.00	0.0	---	76.5	80.1	80.1	78.3	29.650	0.00	0.00	0	0.00	0	0.0	0.00	0.0	0.000	0.240	72.2	83	66.7	73.9	17.25	 .0723	0.000	695	1	100.0	30
02/19/20	3:00 a	76.3	76.6	76.2	88	72.5	0.0	---	0.00	0.0	---	76.3	79.8	79.8	78.0	29.649	0.00	0.00	0	0.00	0	0.0	0.00	0.0	0.000	0.235	72.3	83	66.8	74.0	17.25	 .0723	0.000	702	1	100.0	30
02/19/20	3:30 a	76.0	76.3	75.9	88	72.2	0.0	---	0.00	0.0	---	76.0	79.4	79.4	77.6	29.651	0.00	0.00	0	0.00	0	0.0	0.00	0.0	0.000	0.229	72.2	83	66.7	73.9	17.25	 .0723	0.000	699	1	100.0	30
02/19/20	4:00 a	75.8	76.1	75.8	88	72.0	0.0	---	0.00	0.0	---	75.8	79.2	79.2	77.4	29.658	0.00	0.00	0	0.00	0	0.0	0.00	0.0	0.000	0.225	72.3	83	66.8	74.0	17.25	 .0723	0.000	702	1	100.0	30
02/19/20	4:30 a	75.7	75.9	75.6	89	72.2	0.0	---	0.00	0.0	---	75.7	79.1	79.1	77.3	29.667	0.00	0.00	0	0.00	0	0.0	0.00	0.0	0.000	0.223	72.3	83	66.8	74.0	17.25	 .0723	0.000	699	1	100.0	30
02/19/20	5:00 a	75.3	75.8	75.2	88	71.5	0.0	---	0.00	0.0	---	75.3	78.6	78.6	76.8	29.672	0.00	0.00	0	0.00	0	0.0	0.00	0.0	0.000	0.215	72.4	83	66.9	74.2	17.25	 .0723	0.000	702	1	100.0	30
02/19/20	5:30 a	75.1	75.3	75.0	89	71.6	0.0	---	0.00	0.0	---	75.1	78.4	78.4	76.6	29.687	0.00	0.00	0	0.00	0	0.0	0.00	0.0	0.000	0.210	72.4	83	66.9	74.2	17.25	 .0723	0.000	700	1	100.0	30
02/19/20	6:00 a	75.1	75.2	74.9	89	71.6	0.0	---	0.00	0.0	---	75.1	78.4	78.4	76.6	29.697	0.00	0.00	3	0.13	11	0.0	0.00	0.0	0.000	0.210	72.4	83	66.9	74.2	17.25	 .0724	0.000	700	1	100.0	30
02/19/20	6:30 a	75.8	75.8	75.1	89	72.3	0.0	---	0.00	0.0	---	75.8	79.2	79.2	79.2	29.706	0.00	0.00	19	0.82	26	0.0	0.00	0.0	0.000	0.225	72.4	83	66.9	74.2	17.25	 .0724	0.000	699	1	100.0	30
02/19/20	7:00 a	76.6	76.6	75.8	89	73.1	0.0	---	0.00	0.0	---	76.6	80.3	80.3	80.7	29.718	0.00	0.00	32	1.38	39	0.0	0.00	0.0	0.000	0.242	72.3	83	66.8	74.0	17.25	 .0724	0.001	703	1	100.0	30
02/19/20	7:30 a	77.8	77.8	76.6	89	74.3	0.0	---	0.00	0.0	---	77.8	82.3	82.3	83.1	29.726	0.00	0.00	45	1.94	63	0.1	0.02	0.9	0.000	0.267	72.4	83	66.9	74.2	17.25	 .0724	0.000	701	1	100.0	30
02/19/20	8:00 a	79.5	79.5	77.7	89	76.0	0.0	---	0.00	0.0	---	79.5	85.5	85.5	86.3	29.735	0.00	0.00	52	2.24	74	0.4	0.09	1.5	0.000	0.302	72.3	83	66.8	74.0	17.25	 .0725	0.001	697	1	100.0	30
02/19/20	8:30 a	81.4	81.5	79.4	88	77.5	0.0	---	0.00	0.0	---	81.4	89.8	89.8	93.7	29.738	0.00	0.00	161	6.92	566	1.8	0.39	2.8	0.000	0.342	72.4	83	66.9	74.2	17.25	 .0725	0.000	702	1	100.0	30
02/19/20	9:00 a	84.9	84.9	81.4	80	78.0	0.0	---	0.00	0.0	---	84.9	96.2	96.2	108.0	29.735	0.00	0.00	577	24.81	742	3.5	0.75	4.9	0.000	0.415	72.4	83	66.9	74.2	17.25	 .0725	0.009	701	1	100.0	30
02/19/20	9:30 a	87.1	87.8	84.9	74	77.8	1.0	SSE	0.50	5.0	SSE	87.1	99.4	99.4	111.6	29.735	0.00	0.00	753	32.38	812	5.7	1.22	6.6	0.000	0.460	72.4	83	66.9	74.2	17.25	 .0725	0.000	699	1	100.0	30
02/19/20	10:00 a	88.6	88.6	87.0	73	78.8	2.0	SSE	1.00	7.0	NNE	88.6	102.7	102.7	114.5	29.730	0.00	0.00	863	37.11	933	7.3	1.56	8.1	0.000	0.492	72.3	83	66.8	74.0	17.25	 .0725	0.022	700	1	100.0	30
02/19/20	10:30 a	89.4	89.4	88.5	74	80.0	2.0	SSW	1.00	6.0	SSE	89.4	106.4	106.4	118.6	29.726	0.00	0.00	928	39.91	969	8.9	1.91	9.5	0.000	0.508	72.2	83	66.7	73.9	17.25	 .0725	0.000	698	1	100.0	30
02/19/20	11:00 a	89.9	90.1	89.0	71	79.2	2.0	SSE	1.00	7.0	SSE	89.9	106.2	106.2	119.2	29.721	0.00	0.00	1016	43.69	1041	10.1	2.16	10.6	0.000	0.519	72.2	83	66.7	73.9	17.25	 .0725	0.026	700	1	100.0	30
02/19/20	11:30 a	88.8	90.6	88.8	68	76.9	2.0	SE	1.00	8.0	SSE	88.8	100.6	100.6	113.3	29.708	0.00	0.00	1010	43.44	1048	10.7	2.29	11.0	0.000	0.496	72.1	83	66.6	73.8	17.25	 .0725	0.000	700	1	100.0	30
02/19/20	12:00 p	90.0	90.5	88.8	69	78.5	2.0	SSE	1.00	9.0	SSE	90.0	105.2	105.2	119.0	29.699	0.00	0.00	1052	45.24	1083	11.1	2.38	11.2	0.000	0.521	72.0	83	66.6	73.6	17.25	 .0725	0.028	698	1	100.0	30
02/19/20	12:30 p	90.1	90.8	89.6	72	79.8	2.0	ESE	1.00	9.0	S	90.1	107.6	107.6	122.9	29.685	0.00	0.00	1095	47.09	1211	10.6	2.27	11.4	0.000	0.523	71.9	83	66.5	73.5	17.25	 .0724	0.000	700	1	100.0	30
02/19/20	1:00 p	90.4	91.4	89.7	68	78.4	2.0	SSE	1.00	8.0	SE	90.4	105.8	105.8	120.8	29.673	0.00	0.00	1012	43.52	1118	9.8	2.10	10.7	0.000	0.529	71.9	83	66.5	73.5	17.25	 .0724	0.027	701	1	100.0	30
02/19/20	1:30 p	89.4	90.8	89.3	68	77.4	3.0	ESE	1.50	13.0	ESE	89.4	102.6	102.6	119.0	29.662	0.00	0.00	994	42.75	1035	8.8	1.89	9.7	0.000	0.508	71.9	83	66.5	73.5	17.25	 .0724	0.000	700	1	100.0	30
02/19/20	2:00 p	89.3	90.9	88.9	71	78.7	2.0	SE	1.00	9.0	S	89.3	104.0	104.0	119.7	29.651	0.00	0.00	838	36.04	1014	7.2	1.54	8.3	0.000	0.506	72.0	83	66.6	73.6	17.25	 .0723	0.025	701	1	100.0	30
02/19/20	2:30 p	87.6	89.5	86.7	74	78.3	2.0	ESE	1.00	9.0	SE	87.6	100.2	100.2	109.1	29.642	0.00	0.00	337	14.49	469	3.5	0.75	4.9	0.000	0.471	72.0	83	66.6	73.6	17.25	 .0723	0.000	701	1	100.0	30
02/19/20	3:00 p	87.3	87.9	87.1	72	77.2	2.0	SE	1.00	9.0	SE	87.3	98.8	98.8	109.2	29.634	0.00	0.00	370	15.91	795	3.0	0.64	4.5	0.000	0.465	72.0	83	66.6	73.6	17.25	 .0723	0.011	699	1	100.0	30
02/19/20	3:30 p	88.1	88.1	87.2	71	77.5	2.0	ESE	1.00	9.0	SE	88.1	99.8	99.8	115.2	29.634	0.00	0.00	492	21.16	696	2.4	0.51	3.1	0.000	0.481	72.0	83	66.6	73.6	17.25	 .0723	0.000	698	1	100.0	30
02/19/20	4:00 p	87.7	88.4	87.3	73	78.0	2.0	SSE	1.00	7.0	NE	87.7	99.9	99.9	115.3	29.632	0.00	0.00	408	17.55	450	1.6	0.34	2.1	0.000	0.473	72.1	83	66.6	73.8	17.25	 .0723	0.013	701	1	100.0	30
02/19/20	4:30 p	86.2	87.7	86.1	76	77.7	2.0	SSE	1.00	8.0	SSE	86.2	97.9	97.9	99.7	29.639	0.00	0.00	153	6.58	355	0.8	0.17	1.2	0.000	0.442	72.0	83	66.6	73.6	17.25	 .0723	0.000	702	1	100.0	30
02/19/20	5:00 p	84.4	86.2	84.3	78	76.8	1.0	SE	0.50	5.0	SSE	84.4	94.5	94.5	94.2	29.639	0.00	0.00	58	2.49	104	0.0	0.00	0.5	0.000	0.404	72.0	83	66.6	73.6	17.25	 .0723	0.003	702	1	100.0	30
02/19/20	5:30 p	83.0	84.5	83.0	81	76.6	1.0	S	0.50	5.0	SSE	83.0	92.0	92.0	91.3	29.649	0.00	0.00	37	1.59	56	0.0	0.00	0.0	0.000	0.375	72.0	83	66.6	73.6	17.25	 .0723	0.000	700	1	100.0	30
02/19/20	6:00 p	82.0	83.0	81.9	83	76.3	0.0	SE	0.00	2.0	SE	82.0	89.8	89.8	88.3	29.656	0.00	0.00	2	0.09	11	0.0	0.00	0.0	0.000	0.354	72.0	83	66.6	73.6	17.25	 .0723	0.001	699	1	100.0	30
02/19/20	6:30 p	80.8	82.0	80.7	84	75.5	0.0	SE	0.00	1.0	SE	80.8	87.1	87.1	85.5	29.665	0.00	0.00	0	0.00	0	0.0	0.00	0.0	0.000	0.329	72.0	83	66.6	73.6	17.25	 .0724	0.000	698	1	100.0	30
02/19/20	7:00 p	80.3	80.7	80.2	85	75.4	0.0	---	0.00	0.0	---	80.3	86.3	86.3	84.7	29.681	0.00	0.00	0	0.00	0	0.0	0.00	0.0	0.000	0.319	72.1	83	66.6	73.8	17.25	 .0724	0.001	701	1	100.0	30
02/19/20	7:30 p	79.7	80.3	79.6	85	74.8	0.0	---	0.00	0.0	---	79.7	85.0	85.0	83.4	29.696	0.00	0.00	0	0.00	0	0.0	0.00	0.0	0.000	0.306	72.1	83	66.6	73.8	17.25	 .0724	0.000	702	1	100.0	30
02/19/20	8:00 p	79.5	79.7	79.5	86	74.9	0.0	---	0.00	0.0	---	79.5	84.9	84.9	83.3	29.702	0.00	0.00	0	0.00	0	0.0	0.00	0.0	0.000	0.302	72.1	83	66.6	73.8	17.25	 .0724	0.001	701	1	100.0	30
02/19/20	8:30 p	79.3	79.6	79.3	86	74.7	0.0	---	0.00	0.0	---	79.3	84.5	84.5	82.9	29.708	0.00	0.00	0	0.00	0	0.0	0.00	0.0	0.000	0.298	72.2	83	66.7	73.9	17.25	 .0724	0.000	703	1	100.0	30
02/19/20	9:00 p	78.8	79.3	78.8	87	74.6	0.0	---	0.00	0.0	---	78.8	83.8	83.8	82.2	29.712	0.00	0.00	0	0.00	0	0.0	0.00	0.0	0.000	0.288	72.2	83	66.7	73.9	17.25	 .0724	0.001	701	1	100.0	30
02/19/20	9:30 p	78.6	78.9	78.5	87	74.4	0.0	---	0.00	0.0	---	78.6	83.4	83.4	81.8	29.719	0.00	0.00	0	0.00	0	0.0	0.00	0.0	0.000	0.283	72.2	83	66.7	73.9	17.25	 .0725	0.000	702	1	100.0	30
02/19/20	10:00 p	78.0	78.6	78.0	87	73.8	0.0	---	0.00	0.0	---	78.0	82.4	82.4	80.7	29.724	0.00	0.00	0	0.00	0	0.0	0.00	0.0	0.000	0.271	72.2	83	66.7	73.9	17.25	 .0725	0.001	698	1	100.0	30
02/19/20	10:30 p	77.7	78.1	77.6	88	73.9	0.0	---	0.00	0.0	---	77.7	82.0	82.0	80.3	29.724	0.00	0.00	0	0.00	0	0.0	0.00	0.0	0.000	0.265	72.3	83	66.8	74.0	17.25	 .0725	0.000	700	1	100.0	30
02/19/20	11:00 p	77.3	77.7	77.3	88	73.5	0.0	---	0.00	0.0	---	77.3	81.3	81.3	79.6	29.722	0.00	0.00	0	0.00	0	0.0	0.00	0.0	0.000	0.256	72.3	83	66.8	74.0	17.25	 .0725	0.001	701	1	100.0	30
02/19/20	11:30 p	77.1	77.3	77.1	88	73.3	0.0	---	0.00	0.0	---	77.1	81.0	81.0	79.3	29.724	0.00	0.00	0	0.00	0	0.0	0.00	0.0	0.000	0.252	72.3	83	66.8	74.0	17.25	 .0725	0.000	700	1	100.0	30
02/20/20	12:00 a	76.9	77.1	76.9	88	73.1	0.0	---	0.00	0.0	---	76.9	80.7	80.7	79.0	29.719	0.00	0.00	0	0.00	0	0.0	0.00	0.0	0.000	0.248	72.4	83	66.9	74.2	17.25	 .0724	0.000	699	1	100.0	30
02/20/20	12:30 a	76.8	76.9	76.8	88	73.0	0.0	---	0.00	0.0	---	76.8	80.5	80.5	78.7	29.709	0.00	0.00	0	0.00	0	0.0	0.00	0.0	0.000	0.246	72.4	83	66.9	74.2	17.25	 .0724	0.000	696	1	100.0	30
02/20/20	1:00 a	76.5	76.9	76.5	88	72.7	0.0	---	0.00	0.0	---	76.5	80.1	80.1	78.3	29.694	0.00	0.00	0	0.00	0	0.0	0.00	0.0	0.000	0.240	72.5	83	67.0	74.3	17.25	 .0723	0.000	701	1	100.0	30
02/20/20	1:30 a	76.4	76.5	76.3	88	72.6	0.0	---	0.00	0.0	---	76.4	80.0	80.0	78.2	29.685	0.00	0.00	0	0.00	0	0.0	0.00	0.0	0.000	0.238	72.5	83	67.0	74.3	17.25	 .0723	0.000	700	1	100.0	30
02/20/20	2:00 a	76.4	76.5	76.3	88	72.6	0.0	---	0.00	0.0	---	76.4	80.0	80.0	78.2	29.683	0.00	0.00	0	0.00	0	0.0	0.00	0.0	0.000	0.238	72.5	83	67.0	74.3	17.25	 .0723	0.000	703	1	100.0	30
02/20/20	2:30 a	76.3	76.6	76.3	88	72.5	0.0	---	0.00	0.0	---	76.3	79.8	79.8	78.0	29.674	0.00	0.00	0	0.00	0	0.0	0.00	0.0	0.000	0.235	72.6	83	67.1	74.4	17.25	 .0723	0.000	702	1	100.0	30
02/20/20	3:00 a	76.1	76.4	76.0	88	72.3	0.0	---	0.00	0.0	---	76.1	79.5	79.5	77.7	29.665	0.00	0.00	0	0.00	0	0.0	0.00	0.0	0.000	0.231	72.6	83	67.1	74.4	17.25	 .0723	0.000	700	1	100.0	30
02/20/20	3:30 a	75.8	76.2	75.8	88	72.0	0.0	---	0.00	0.0	---	75.8	79.2	79.2	77.4	29.667	0.00	0.00	0	0.00	0	0.0	0.00	0.0	0.000	0.225	72.6	83	67.1	74.4	17.25	 .0723	0.000	700	1	100.0	30
02/20/20	4:00 a	75.7	75.9	75.6	89	72.2	0.0	---	0.00	0.0	---	75.7	79.1	79.1	77.3	29.668	0.00	0.00	0	0.00	0	0.0	0.00	0.0	0.000	0.223	72.6	83	67.1	74.4	17.25	 .0723	0.000	701	1	100.0	30
02/20/20	4:30 a	75.5	75.8	75.5	89	72.0	0.0	---	0.00	0.0	---	75.5	78.9	78.9	77.1	29.677	0.00	0.00	0	0.00	0	0.0	0.00	0.0	0.000	0.219	72.7	83	67.2	74.6	17.25	 .0723	0.000	700	1	100.0	30
02/20/20	5:00 a	75.3	75.6	75.3	88	71.5	0.0	---	0.00	0.0	---	75.3	78.6	78.6	76.8	29.688	0.00	0.00	0	0.00	0	0.0	0.00	0.0	0.000	0.215	72.7	83	67.2	74.6	17.25	 .0723	0.000	698	1	100.0	30
02/20/20	5:30 a	75.2	75.4	75.0	89	71.7	0.0	---	0.00	0.0	---	75.2	78.5	78.5	76.7	29.694	0.00	0.00	0	0.00	0	0.0	0.00	0.0	0.000	0.212	72.8	83	67.3	74.7	17.25	 .0723	0.000	700	1	100.0	30
02/20/20	6:00 a	75.0	75.2	74.9	89	71.5	0.0	---	0.00	0.0	---	75.0	78.3	78.3	76.5	29.700	0.00	0.00	2	0.09	9	0.0	0.00	0.0	0.000	0.208	72.8	83	67.3	74.7	17.25	 .0723	0.000	702	1	100.0	30
02/20/20	6:30 a	75.6	75.6	75.0	89	72.1	0.0	---	0.00	0.0	---	75.6	79.0	79.0	78.9	29.708	0.00	0.00	18	0.77	26	0.0	0.00	0.0	0.000	0.221	72.8	83	67.3	74.7	17.25	 .0723	0.000	701	1	100.0	30
02/20/20	7:00 a	76.5	76.6	75.6	89	73.0	0.0	---	0.00	0.0	---	76.5	80.2	80.2	80.6	29.722	0.00	0.00	32	1.38	37	0.0	0.00	0.0	0.000	0.240	72.8	83	67.3	74.7	17.25	 .0724	0.001	700	1	100.0	30
02/20/20	7:30 a	77.7	77.8	76.6	89	74.2	0.0	---	0.00	0.0	---	77.7	82.1	82.1	82.8	29.726	0.00	0.00	42	1.81	56	0.0	0.00	0.9	0.000	0.265	72.8	83	67.3	74.7	17.25	 .0724	0.000	700	1	100.0	30
02/20/20	8:00 a	79.3	79.3	77.7	89	75.8	0.0	---	0.00	0.0	---	79.3	85.1	85.1	86.0	29.739	0.00	0.00	53	2.28	109	0.3	0.06	1.5	0.000	0.298	72.8	83	67.3	74.7	17.25	 .0724	0.001	700	1	100.0	30
02/20/20	8:30 a	80.8	80.8	79.2	88	76.9	0.0	---	0.00	0.0	---	80.8	88.2	88.2	94.7	29.743	0.00	0.00	260	11.18	571	2.2	0.47	3.3	0.000	0.329	72.8	83	67.3	74.7	17.25	 .0724	0.000	702	1	100.0	30
02/20/20	9:00 a	85.3	85.3	80.9	76	76.9	1.0	ESE	0.50	5.0	S	85.3	95.7	95.7	107.6	29.754	0.00	0.00	605	26.02	647	4.1	0.88	4.9	0.000	0.423	72.7	83	67.2	74.6	17.25	 .0725	0.011	698	1	100.0	30
02/20/20	9:30 a	87.5	87.5	85.4	71	76.9	1.0	ESE	0.50	4.0	SSE	87.5	98.7	98.7	111.0	29.761	0.00	0.00	719	30.92	784	5.7	1.22	6.3	0.000	0.469	72.7	83	67.2	74.6	17.25	 .0725	0.000	697	1	100.0	30
02/20/20	10:00 a	88.7	89.4	87.4	69	77.2	2.0	SSE	1.00	5.0	SSE	88.7	100.8	100.8	112.9	29.757	0.00	0.00	816	35.09	870	7.3	1.56	8.0	0.000	0.494	72.7	83	67.2	74.6	17.25	 .0725	0.021	700	1	100.0	30
02/20/20	10:30 a	88.8	89.5	87.9	69	77.3	2.0	S	1.00	8.0	SSE	88.8	101.1	101.1	112.4	29.754	0.00	0.00	879	37.80	921	8.7	1.86	9.3	0.000	0.496	72.6	83	67.1	74.4	17.25	 .0725	0.000	701	1	100.0	30
02/20/20	11:00 a	90.9	90.9	88.6	67	78.4	2.0	SE	1.00	6.0	S	90.9	106.7	106.7	118.4	29.749	0.00	0.00	933	40.12	974	9.8	2.10	10.5	0.000	0.540	72.7	83	67.2	74.6	17.25	 .0724	0.025	700	1	100.0	30
02/20/20	11:30 a	90.1	91.1	89.9	66	77.2	2.0	S	1.00	6.0	SSE	90.1	103.7	103.7	116.0	29.737	0.00	0.00	983	42.27	1041	10.7	2.29	11.1	0.000	0.523	72.8	83	67.3	74.7	17.25	 .0724	0.000	698	1	100.0	30
02/20/20	12:00 p	90.1	90.4	89.7	66	77.2	2.0	SSE	1.00	7.0	SE	90.1	103.7	103.7	115.8	29.725	0.00	0.00	942	40.51	1067	10.4	2.23	11.4	0.000	0.523	72.7	83	67.2	74.6	17.25	 .0724	0.026	702	1	100.0	30
02/20/20	12:30 p	90.2	90.4	89.6	65	76.8	2.0	S	1.00	8.0	ESE	90.2	103.4	103.4	116.5	29.717	0.00	0.00	970	41.72	1018	10.3	2.21	10.9	0.000	0.525	72.7	83	67.2	74.6	17.25	 .0724	0.000	702	1	100.0	30
02/20/20	1:00 p	90.1	91.2	89.8	67	77.7	2.0	SE	1.00	7.0	SE	90.1	104.3	104.3	118.5	29.707	0.00	0.00	968	41.63	1025	9.8	2.10	10.6	0.000	0.523	72.7	83	67.2	74.6	17.25	 .0723	0.026	702	1	100.0	30
02/20/20	1:30 p	88.9	90.4	88.5	69	77.4	2.0	SE	1.00	9.0	SE	88.9	101.4	101.4	114.0	29.699	0.00	0.00	786	33.80	886	7.8	1.67	8.8	0.000	0.498	72.9	83	67.4	74.8	17.25	 .0723	0.000	700	1	100.0	30
02/20/20	2:00 p	89.0	90.5	89.0	67	76.6	2.0	S	1.00	7.0	SE	89.0	100.7	100.7	113.6	29.687	0.00	0.00	712	30.62	846	6.5	1.39	7.4	0.000	0.500	72.7	83	67.2	74.6	17.25	 .0723	0.021	700	1	100.0	30
02/20/20	2:30 p	89.3	89.7	88.7	68	77.3	2.0	ESE	1.00	9.0	SE	89.3	102.2	102.2	116.5	29.678	0.00	0.00	671	28.86	788	5.3	1.14	6.3	0.000	0.506	72.6	83	67.1	74.4	17.25	 .0723	0.000	698	1	100.0	30
02/20/20	3:00 p	88.4	89.4	87.6	70	77.4	2.0	SSE	1.00	7.0	S	88.4	100.3	100.3	112.7	29.676	0.00	0.00	493	21.20	673	3.6	0.77	4.7	0.000	0.488	72.5	83	67.0	74.3	17.25	 .0723	0.016	700	1	100.0	30
02/20/20	3:30 p	85.9	88.4	85.8	73	76.2	1.0	SE	0.50	5.0	SSE	85.9	96.1	96.1	103.5	29.680	0.00	0.00	219	9.42	387	1.6	0.34	2.7	0.000	0.435	72.4	83	66.9	74.2	17.25	 .0723	0.000	701	1	100.0	30
02/20/20	4:00 p	85.2	86.1	84.8	77	77.2	1.0	SSE	0.50	4.0	SSE	85.2	95.8	95.8	101.0	29.682	0.00	0.00	135	5.81	192	0.8	0.17	1.2	0.000	0.421	72.4	83	66.9	74.2	17.25	 .0723	0.005	702	1	100.0	30
02/20/20	4:30 p	83.9	85.1	83.8	80	77.1	0.0	SW	0.00	2.0	S	83.9	94.2	94.2	94.4	29.683	0.00	0.00	63	2.71	79	0.2	0.04	0.6	0.000	0.394	72.4	82	66.6	74.1	16.85	 .0724	0.000	699	1	100.0	30
02/20/20	5:00 p	83.2	83.9	83.2	82	77.1	0.0	S	0.00	1.0	S	83.2	92.8	92.8	92.9	29.688	0.00	0.00	58	2.49	79	0.0	0.00	0.0	0.000	0.379	72.3	82	66.5	74.0	16.85	 .0724	0.002	701	1	100.0	30
02/20/20	5:30 p	82.0	83.2	82.0	83	76.3	0.0	S	0.00	2.0	S	82.0	89.8	89.8	88.6	29.694	0.00	0.00	6	0.26	12	0.0	0.00	0.0	0.000	0.354	72.3	82	66.5	74.0	16.85	 .0724	0.000	700	1	100.0	30
02/20/20	6:00 p	81.0	82.0	81.0	85	76.1	0.0	S	0.00	1.0	S	81.0	87.8	87.8	86.5	29.711	0.00	0.00	0	0.00	0	0.0	0.00	0.0	0.000	0.333	72.3	82	66.5	74.0	16.85	 .0724	0.000	698	1	100.0	30
02/20/20	6:30 p	80.3	81.0	80.3	85	75.4	0.0	---	0.00	0.0	---	80.3	86.3	86.3	84.9	29.724	0.00	0.00	0	0.00	0	0.0	0.00	0.0	0.000	0.319	72.2	82	66.4	73.8	16.85	 .0725	0.000	701	1	100.0	30
02/20/20	7:00 p	80.3	80.4	80.1	86	75.7	0.0	---	0.00	0.0	---	80.3	86.5	86.5	85.1	29.729	0.00	0.00	0	0.00	0	0.0	0.00	0.0	0.000	0.319	72.2	82	66.4	73.8	16.85	 .0725	0.001	702	1	100.0	30
02/20/20	7:30 p	80.0	80.3	80.0	86	75.4	0.0	---	0.00	0.0	---	80.0	85.8	85.8	84.4	29.743	0.00	0.00	0	0.00	0	0.0	0.00	0.0	0.000	0.313	72.2	82	66.4	73.8	16.85	 .0725	0.000	702	1	100.0	30
02/20/20	8:00 p	79.9	80.1	79.9	86	75.3	0.0	---	0.00	0.0	---	79.9	85.6	85.6	84.2	29.759	0.00	0.00	0	0.00	0	0.0	0.00	0.0	0.000	0.310	72.2	82	66.4	73.8	16.85	 .0726	0.001	700	1	100.0	30
02/20/20	8:30 p	79.9	80.0	79.8	86	75.3	0.0	---	0.00	0.0	---	79.9	85.6	85.6	84.2	29.770	0.00	0.00	0	0.00	0	0.0	0.00	0.0	0.000	0.310	72.2	83	66.7	73.9	17.25	 .0726	0.000	700	1	100.0	30
02/20/20	9:00 p	79.8	80.0	79.7	86	75.2	0.0	---	0.00	0.0	---	79.8	85.5	85.5	84.1	29.788	0.00	0.00	0	0.00	0	0.0	0.00	0.0	0.000	0.308	72.2	82	66.4	73.8	16.85	 .0727	0.001	701	1	100.0	30
02/20/20	9:30 p	79.6	79.8	79.6	86	75.0	0.0	---	0.00	0.0	---	79.6	85.1	85.1	83.7	29.792	0.00	0.00	0	0.00	0	0.0	0.00	0.0	0.000	0.304	72.2	82	66.4	73.8	16.85	 .0727	0.000	703	1	100.0	30
02/20/20	10:00 p	79.7	79.8	79.6	86	75.1	0.0	---	0.00	0.0	---	79.7	85.3	85.3	83.9	29.792	0.00	0.00	0	0.00	0	0.0	0.00	0.0	0.000	0.306	72.2	83	66.7	73.9	17.25	 .0726	0.001	701	1	100.0	30
02/20/20	10:30 p	79.7	79.8	79.6	87	75.5	0.0	---	0.00	0.0	---	79.7	85.5	85.5	84.1	29.791	0.00	0.00	0	0.00	0	0.0	0.00	0.0	0.000	0.306	72.2	83	66.7	73.9	17.25	 .0726	0.000	702	1	100.0	30
02/20/20	11:00 p	79.4	79.7	79.4	87	75.2	0.0	---	0.00	0.0	---	79.4	84.9	84.9	83.5	29.785	0.00	0.00	0	0.00	0	0.0	0.00	0.0	0.000	0.300	72.3	83	66.8	74.0	17.25	 .0726	0.001	701	1	100.0	30
02/20/20	11:30 p	79.3	79.4	79.2	87	75.1	0.0	---	0.00	0.0	---	79.3	84.7	84.7	83.3	29.784	0.00	0.00	0	0.00	0	0.0	0.00	0.0	0.000	0.298	72.3	82	66.5	74.0	16.85	 .0726	0.000	701	1	100.0	30
02/21/20	12:00 a	79.3	79.4	79.2	88	75.4	0.0	---	0.00	0.0	---	79.3	84.9	84.9	83.5	29.772	0.00	0.00	0	0.00	0	0.0	0.00	0.0	0.000	0.298	72.4	83	66.9	74.2	17.25	 .0726	0.001	700	1	100.0	30
02/21/20	12:30 a	78.9	79.3	78.9	88	75.0	0.0	---	0.00	0.0	---	78.9	84.1	84.1	82.7	29.764	0.00	0.00	0	0.00	0	0.0	0.00	0.0	0.000	0.290	72.4	83	66.9	74.2	17.25	 .0725	0.000	698	1	100.0	30
02/21/20	1:00 a	78.6	78.9	78.6	88	74.7	0.0	---	0.00	0.0	---	78.6	83.6	83.6	82.2	29.755	0.00	0.00	0	0.00	0	0.0	0.00	0.0	0.000	0.283	72.4	83	66.9	74.2	17.25	 .0725	0.000	700	1	100.0	30
02/21/20	1:30 a	78.6	78.7	78.5	88	74.7	0.0	---	0.00	0.0	---	78.6	83.6	83.6	82.2	29.740	0.00	0.00	0	0.00	0	0.0	0.00	0.0	0.000	0.283	72.4	83	66.9	74.2	17.25	 .0725	0.000	700	1	100.0	30
02/21/20	2:00 a	78.5	78.7	78.5	88	74.6	0.0	---	0.00	0.0	---	78.5	83.4	83.4	82.0	29.730	0.00	0.00	0	0.00	0	0.0	0.00	0.0	0.000	0.281	72.4	83	66.9	74.2	17.25	 .0725	0.000	701	1	100.0	30
02/21/20	2:30 a	77.9	78.5	77.9	88	74.1	0.0	---	0.00	0.0	---	77.9	82.4	82.4	81.0	29.733	0.00	0.00	0	0.00	0	0.0	0.00	0.0	0.000	0.269	72.4	83	66.9	74.2	17.25	 .0725	0.000	701	1	100.0	30
02/21/20	3:00 a	77.7	77.9	77.6	88	73.9	0.0	---	0.00	0.0	---	77.7	82.0	82.0	80.5	29.735	0.00	0.00	0	0.00	0	0.0	0.00	0.0	0.000	0.265	72.4	83	66.9	74.2	17.25	 .0725	0.000	699	1	100.0	30
02/21/20	3:30 a	77.4	77.7	77.3	88	73.6	0.0	---	0.00	0.0	---	77.4	81.5	81.5	80.0	29.741	0.00	0.00	0	0.00	0	0.0	0.00	0.0	0.000	0.258	72.4	83	66.9	74.2	17.25	 .0725	0.000	701	1	100.0	30
02/21/20	4:00 a	77.2	77.4	77.2	88	73.4	0.0	---	0.00	0.0	---	77.2	81.2	81.2	79.7	29.738	0.00	0.00	0	0.00	0	0.0	0.00	0.0	0.000	0.254	72.5	83	67.0	74.3	17.25	 .0725	0.000	703	1	100.0	30
02/21/20	4:30 a	77.0	77.2	76.9	88	73.2	0.0	---	0.00	0.0	---	77.0	80.8	80.8	79.3	29.743	0.00	0.00	0	0.00	0	0.0	0.00	0.0	0.000	0.250	72.6	83	67.1	74.4	17.25	 .0724	0.000	699	1	100.0	30
02/21/20	5:00 a	76.7	77.0	76.7	88	72.9	0.0	---	0.00	0.0	---	76.7	80.4	80.4	78.9	29.753	0.00	0.00	0	0.00	0	0.0	0.00	0.0	0.000	0.244	72.5	83	67.0	74.3	17.25	 .0725	0.000	701	1	100.0	30
02/21/20	5:30 a	76.4	76.8	76.3	89	72.9	0.0	---	0.00	0.0	---	76.4	80.0	80.0	78.5	29.761	0.00	0.00	0	0.00	0	0.0	0.00	0.0	0.000	0.238	72.5	82	66.7	74.2	16.85	 .0725	0.000	697	1	100.0	30
02/21/20	6:00 a	76.4	76.4	76.2	89	72.9	0.0	---	0.00	0.0	---	76.4	80.0	80.0	78.5	29.772	0.00	0.00	0	0.00	5	0.0	0.00	0.0	0.000	0.238	72.4	83	66.9	74.2	17.25	 .0726	0.000	699	1	100.0	30
02/21/20	6:30 a	76.5	76.6	76.3	89	73.0	0.0	---	0.00	0.0	---	76.5	80.2	80.2	79.7	29.779	0.00	0.00	8	0.34	12	0.0	0.00	0.0	0.000	0.240	72.4	83	66.9	74.2	17.25	 .0726	0.000	702	1	100.0	30
02/21/20	7:00 a	77.3	77.3	76.5	89	73.8	0.0	---	0.00	0.0	---	77.3	81.4	81.4	81.6	29.790	0.00	0.00	27	1.16	39	0.0	0.00	0.0	0.000	0.256	72.4	83	66.9	74.2	17.25	 .0726	0.001	700	1	100.0	30
02/21/20	7:30 a	78.0	78.0	77.3	89	74.5	0.0	---	0.00	0.0	---	78.0	82.7	82.7	83.4	29.798	0.00	0.00	44	1.89	56	0.0	0.00	1.0	0.000	0.271	72.4	83	66.9	74.2	17.25	 .0726	0.000	703	1	100.0	30
02/21/20	8:00 a	79.7	79.7	78.0	89	76.2	0.0	---	0.00	0.0	---	79.7	85.9	85.9	87.6	29.808	0.00	0.00	77	3.31	223	0.5	0.11	1.6	0.000	0.306	72.4	83	66.9	74.2	17.25	 .0726	0.002	700	1	100.0	30
02/21/20	8:30 a	81.4	81.4	79.7	87	77.2	0.0	---	0.00	0.0	---	81.4	89.4	89.4	94.7	29.812	0.00	0.00	211	9.07	659	1.9	0.41	3.2	0.000	0.342	72.4	83	66.9	74.2	17.25	 .0727	0.000	701	1	100.0	30
02/21/20	9:00 a	84.4	84.4	81.3	82	78.3	0.0	---	0.00	0.0	---	84.4	96.0	96.0	102.0	29.818	0.00	0.00	254	10.92	772	3.0	0.64	5.1	0.000	0.404	72.4	83	66.9	74.2	17.25	 .0727	0.007	700	1	100.0	30
02/21/20	9:30 a	84.4	86.2	84.3	81	77.9	0.0	SE	0.00	4.0	ESE	84.4	95.6	95.6	103.1	29.826	0.00	0.00	341	14.66	833	4.2	0.90	5.7	0.000	0.404	72.4	83	66.9	74.2	17.25	 .0727	0.000	702	1	100.0	30
02/21/20	10:00 a	87.7	87.7	83.9	76	79.2	1.0	SSW	0.50	4.0	SSW	87.7	101.4	101.4	110.5	29.828	0.00	0.00	432	18.58	940	5.4	1.16	8.4	0.000	0.473	72.3	83	66.8	74.0	17.25	 .0727	0.011	700	1	100.0	30
02/21/20	10:30 a	89.1	89.2	87.4	74	79.7	2.0	SSW	1.00	8.0	SW	89.1	105.2	105.2	118.7	29.824	0.00	0.00	1028	44.21	1104	8.8	1.89	10.1	0.000	0.502	72.3	83	66.8	74.0	17.25	 .0727	0.000	703	1	100.0	30
02/21/20	11:00 a	89.1	89.5	88.3	71	78.5	3.0	SW	1.50	9.0	SW	89.1	103.3	103.3	115.6	29.814	0.00	0.00	974	41.89	1028	10.2	2.19	10.7	0.000	0.502	72.3	83	66.8	74.0	17.25	 .0727	0.026	701	1	100.0	30
02/21/20	11:30 a	88.7	89.9	88.6	71	78.1	2.0	S	1.00	9.0	SSW	88.7	101.9	101.9	114.5	29.806	0.00	0.00	1004	43.18	1062	10.8	2.31	11.4	0.000	0.494	72.2	83	66.7	73.9	17.25	 .0727	0.000	696	1	100.0	30
02/21/20	12:00 p	88.6	89.3	88.5	71	78.0	2.0	SSW	1.00	8.0	WSW	88.6	101.6	101.6	114.5	29.797	0.00	0.00	1002	43.09	1113	11.0	2.36	11.5	0.000	0.492	72.1	83	66.6	73.8	17.25	 .0727	0.027	698	1	100.0	30
02/21/20	12:30 p	88.9	89.3	88.1	72	78.7	2.0	SSW	1.00	5.0	SSW	88.9	103.2	103.2	115.7	29.779	0.00	0.00	923	39.69	969	10.2	2.19	10.6	0.000	0.498	72.1	83	66.6	73.8	17.25	 .0726	0.000	700	1	100.0	30
02/21/20	1:00 p	89.1	90.8	88.8	73	79.3	2.0	SSW	1.00	7.0	SSW	89.1	104.6	104.6	119.1	29.767	0.00	0.00	981	42.19	1078	9.9	2.12	10.6	0.000	0.502	72.1	83	66.6	73.8	17.25	 .0726	0.025	703	1	100.0	30
02/21/20	1:30 p	88.2	90.2	88.1	73	78.4	2.0	SSW	1.00	7.0	S	88.2	101.2	101.2	116.5	29.758	0.00	0.00	930	40.00	1118	8.4	1.80	9.8	0.000	0.483	72.4	84	67.3	74.2	17.65	 .0725	0.000	698	1	100.0	30
02/21/20	2:00 p	88.0	89.6	87.3	74	78.7	2.0	SSE	1.00	8.0	SSE	88.0	100.9	100.9	113.6	29.743	0.00	0.00	697	29.97	1042	6.4	1.37	8.6	0.000	0.479	72.6	84	67.5	74.5	17.65	 .0724	0.021	702	1	100.0	30
02/21/20	2:30 p	88.4	89.0	87.9	71	77.8	2.0	SSW	1.00	8.0	SSE	88.4	100.9	100.9	117.6	29.733	0.00	0.00	771	33.16	842	5.8	1.24	6.8	0.000	0.488	72.7	83	67.2	74.6	17.25	 .0724	0.000	698	1	100.0	30
02/21/20	3:00 p	87.9	89.1	87.9	71	77.3	2.0	SSE	1.00	9.0	SSE	87.9	99.3	99.3	113.5	29.728	0.00	0.00	560	24.08	800	3.9	0.84	5.2	0.000	0.477	72.7	83	67.2	74.6	17.25	 .0724	0.018	698	1	100.0	30
02/21/20	3:30 p	87.1	88.8	87.0	76	78.6	2.0	SSW	1.00	7.0	SSW	87.1	100.3	100.3	114.4	29.728	0.00	0.00	455	19.57	803	2.3	0.49	3.1	0.000	0.460	72.7	83	67.2	74.6	17.25	 .0724	0.000	699	1	100.0	30
02/21/20	4:00 p	87.2	87.3	86.0	76	78.7	1.0	SSE	0.50	5.0	SSE	87.2	100.5	100.5	112.4	29.725	0.00	0.00	325	13.98	545	1.4	0.30	2.0	0.000	0.462	72.7	83	67.2	74.6	17.25	 .0724	0.011	700	1	100.0	30
02/21/20	4:30 p	85.4	87.4	85.3	78	77.8	1.0	S	0.50	6.0	SSE	85.4	96.6	96.6	98.8	29.734	0.00	0.00	169	7.27	411	0.6	0.13	1.2	0.000	0.425	72.7	83	67.2	74.6	17.25	 .0724	0.000	697	1	100.0	30
02/21/20	5:00 p	84.9	85.4	84.9	78	77.3	1.0	SE	0.50	3.0	S	84.9	95.5	95.5	96.2	29.734	0.00	0.00	99	4.26	163	0.0	0.00	0.0	0.000	0.415	72.6	82	66.8	74.4	16.85	 .0724	0.004	702	1	100.0	30
02/21/20	5:30 p	83.7	84.9	83.6	80	76.9	1.0	S	0.50	5.0	SSE	83.7	93.7	93.7	92.6	29.747	0.00	0.00	18	0.77	44	0.0	0.00	0.0	0.000	0.390	72.4	83	66.9	74.2	17.25	 .0725	0.000	699	1	100.0	30
02/21/20	6:00 p	81.5	83.8	81.5	83	75.8	1.0	ENE	0.50	5.0	SSE	81.5	88.5	88.5	86.9	29.768	0.03	0.29	0	0.00	0	0.0	0.00	0.0	0.000	0.344	72.3	83	66.8	74.0	17.25	 .0726	0.001	699	1	100.0	30
02/21/20	6:30 p	80.1	81.5	80.1	85	75.2	1.0	ENE	0.50	4.0	S	80.1	85.8	85.8	84.2	29.787	0.01	0.10	0	0.00	0	0.0	0.00	0.0	0.000	0.315	72.3	83	66.8	74.0	17.25	 .0726	0.000	702	1	100.0	30
02/21/20	7:00 p	76.8	80.1	76.8	85	71.9	2.0	NNE	1.00	11.0	N	76.8	80.3	80.3	78.5	29.806	0.46	3.47	0	0.00	0	0.0	0.00	0.0	0.000	0.246	72.2	83	66.7	73.9	17.25	 .0727	0.001	698	1	100.0	30
02/21/20	7:30 p	75.7	76.8	75.5	87	71.6	1.0	ESE	0.50	8.0	NW	75.7	79.0	79.0	77.2	29.807	0.72	4.11	0	0.00	0	0.0	0.00	0.0	0.000	0.223	72.2	83	66.7	73.9	17.25	 .0727	0.000	699	1	100.0	30
02/21/20	8:00 p	76.2	76.2	75.7	87	72.0	0.0	ENE	0.00	3.0	E	76.2	79.6	79.6	77.8	29.801	0.08	0.44	0	0.00	0	0.0	0.00	0.0	0.000	0.233	72.1	83	66.6	73.8	17.25	 .0727	0.001	701	1	100.0	30
02/21/20	8:30 p	75.8	76.3	75.8	87	71.7	0.0	NE	0.00	1.0	NE	75.8	79.1	79.1	77.3	29.807	0.00	0.00	0	0.00	0	0.0	0.00	0.0	0.000	0.225	72.1	83	66.6	73.8	17.25	 .0727	0.000	701	1	100.0	30
02/21/20	9:00 p	75.5	75.8	75.5	88	71.7	0.0	---	0.00	0.0	---	75.5	78.8	78.8	77.0	29.815	0.00	0.00	0	0.00	0	0.0	0.00	0.0	0.000	0.219	72.2	83	66.7	73.9	17.25	 .0727	0.001	701	1	100.0	30
02/21/20	9:30 p	75.2	75.6	75.2	88	71.4	0.0	---	0.00	0.0	---	75.2	78.5	78.5	76.7	29.816	0.00	0.00	0	0.00	0	0.0	0.00	0.0	0.000	0.212	72.1	83	66.6	73.8	17.25	 .0727	0.000	701	1	100.0	30
02/21/20	10:00 p	75.3	75.5	75.2	88	71.5	0.0	---	0.00	0.0	---	75.3	78.6	78.6	76.8	29.819	0.00	0.00	0	0.00	0	0.0	0.00	0.0	0.000	0.215	72.1	83	66.6	73.8	17.25	 .0727	0.000	701	1	100.0	30
02/21/20	10:30 p	75.1	75.4	75.1	88	71.3	0.0	---	0.00	0.0	---	75.1	78.4	78.4	76.6	29.808	0.00	0.00	0	0.00	0	0.0	0.00	0.0	0.000	0.210	72.2	83	66.7	73.9	17.25	 .0727	0.000	702	1	100.0	30
02/21/20	11:00 p	75.1	75.2	75.0	88	71.3	0.0	---	0.00	0.0	---	75.1	78.4	78.4	76.6	29.809	0.00	0.00	0	0.00	0	0.0	0.00	0.0	0.000	0.210	72.2	83	66.7	73.9	17.25	 .0727	0.000	700	1	100.0	30
02/21/20	11:30 p	75.1	75.2	75.1	88	71.3	0.0	---	0.00	0.0	---	75.1	78.4	78.4	76.6	29.796	0.00	0.00	0	0.00	0	0.0	0.00	0.0	0.000	0.210	72.2	83	66.7	73.9	17.25	 .0727	0.000	701	1	100.0	30
02/22/20	12:00 a	75.0	75.2	75.0	88	71.2	0.0	---	0.00	0.0	---	75.0	78.2	78.2	76.4	29.792	0.00	0.00	0	0.00	0	0.0	0.00	0.0	0.000	0.208	72.3	83	66.8	74.0	17.25	 .0726	0.000	698	1	100.0	30
02/22/20	12:30 a	75.0	75.1	74.9	89	71.5	0.0	---	0.00	0.0	---	75.0	78.3	78.3	76.5	29.778	0.00	0.00	0	0.00	0	0.0	0.00	0.0	0.000	0.208	72.3	83	66.8	74.0	17.25	 .0726	0.000	698	1	100.0	30
02/22/20	1:00 a	75.0	75.1	74.9	89	71.5	0.0	---	0.00	0.0	---	75.0	78.3	78.3	76.5	29.770	0.00	0.00	0	0.00	0	0.0	0.00	0.0	0.000	0.208	72.4	83	66.9	74.2	17.25	 .0726	0.000	702	1	100.0	30
02/22/20	1:30 a	74.9	75.0	74.9	89	71.4	0.0	---	0.00	0.0	---	74.9	78.1	78.1	76.3	29.762	0.00	0.00	0	0.00	0	0.0	0.00	0.0	0.000	0.206	72.4	83	66.9	74.2	17.25	 .0725	0.000	702	1	100.0	30
02/22/20	2:00 a	75.1	75.1	74.8	89	71.6	0.0	---	0.00	0.0	---	75.1	78.4	78.4	76.6	29.764	0.00	0.00	0	0.00	0	0.0	0.00	0.0	0.000	0.210	72.4	83	66.9	74.2	17.25	 .0725	0.000	702	1	100.0	30
02/22/20	2:30 a	75.4	75.5	75.0	89	71.9	0.0	---	0.00	0.0	---	75.4	78.8	78.8	77.0	29.766	0.00	0.00	0	0.00	0	0.0	0.00	0.0	0.000	0.217	72.5	83	67.0	74.3	17.25	 .0725	0.000	700	1	100.0	30
02/22/20	3:00 a	75.4	75.6	75.4	89	71.9	0.0	---	0.00	0.0	---	75.4	78.8	78.8	77.0	29.760	0.00	0.00	0	0.00	0	0.0	0.00	0.0	0.000	0.217	72.5	83	67.0	74.3	17.25	 .0725	0.000	701	1	100.0	30
02/22/20	3:30 a	75.3	75.5	75.2	89	71.8	0.0	---	0.00	0.0	---	75.3	78.7	78.7	76.9	29.756	0.00	0.00	0	0.00	0	0.0	0.00	0.0	0.000	0.215	72.6	83	67.1	74.4	17.25	 .0725	0.000	698	1	100.0	30
02/22/20	4:00 a	75.2	75.3	75.1	89	71.7	0.0	---	0.00	0.0	---	75.2	78.5	78.5	76.7	29.765	0.00	0.00	0	0.00	0	0.0	0.00	0.0	0.000	0.212	72.6	83	67.1	74.4	17.25	 .0725	0.000	702	1	100.0	30
02/22/20	4:30 a	75.3	75.4	75.1	89	71.8	0.0	---	0.00	0.0	---	75.3	78.7	78.7	76.9	29.773	0.00	0.00	0	0.00	0	0.0	0.00	0.0	0.000	0.215	72.6	83	67.1	74.4	17.25	 .0725	0.000	702	1	100.0	30
02/22/20	5:00 a	75.5	75.5	75.3	89	72.0	0.0	---	0.00	0.0	---	75.5	78.9	78.9	77.1	29.785	0.00	0.00	0	0.00	0	0.0	0.00	0.0	0.000	0.219	72.6	83	67.1	74.4	17.25	 .0726	0.000	699	1	100.0	30
02/22/20	5:30 a	75.7	75.8	75.5	89	72.2	0.0	---	0.00	0.0	---	75.7	79.1	79.1	77.3	29.796	0.00	0.00	0	0.00	0	0.0	0.00	0.0	0.000	0.223	72.6	83	67.1	74.4	17.25	 .0726	0.000	702	1	100.0	30
02/22/20	6:00 a	75.5	75.7	75.5	89	72.0	0.0	---	0.00	0.0	---	75.5	78.9	78.9	77.2	29.804	0.00	0.00	2	0.09	9	0.0	0.00	0.0	0.000	0.219	72.6	83	67.1	74.4	17.25	 .0726	0.000	700	1	100.0	30
02/22/20	6:30 a	76.0	76.1	75.5	89	72.5	0.0	---	0.00	0.0	---	76.0	79.4	79.4	79.9	29.818	0.00	0.00	29	1.25	51	0.0	0.00	0.0	0.000	0.229	72.7	83	67.2	74.6	17.25	 .0726	0.000	702	1	100.0	30
02/22/20	7:00 a	76.5	76.7	76.0	89	73.0	0.0	---	0.00	0.0	---	76.5	80.2	80.2	80.7	29.824	0.00	0.00	33	1.42	46	0.0	0.00	0.0	0.000	0.240	72.7	83	67.2	74.6	17.25	 .0726	0.001	701	1	100.0	30
02/22/20	7:30 a	78.1	78.2	76.5	89	74.6	0.0	---	0.00	0.0	---	78.1	82.8	82.8	85.2	29.831	0.00	0.00	89	3.83	118	0.7	0.15	1.1	0.000	0.273	72.6	83	67.1	74.4	17.25	 .0727	0.000	700	1	100.0	30
02/22/20	8:00 a	79.1	79.1	78.0	89	75.6	0.0	---	0.00	0.0	---	79.1	84.7	84.7	86.6	29.825	0.00	0.00	86	3.70	199	1.4	0.30	1.8	0.000	0.294	72.6	83	67.1	74.4	17.25	 .0727	0.002	701	1	100.0	30
02/22/20	8:30 a	79.9	80.1	79.1	89	76.4	0.0	---	0.00	0.0	---	79.9	86.4	86.4	95.8	29.832	0.00	0.00	398	17.12	573	2.8	0.60	3.8	0.000	0.310	72.6	83	67.1	74.4	17.25	 .0727	0.000	703	1	100.0	30
02/22/20	9:00 a	81.5	82.4	79.8	87	77.3	0.0	---	0.00	0.0	---	81.5	89.7	89.7	101.9	29.846	0.00	0.00	637	27.39	717	4.6	0.99	5.4	0.000	0.344	72.5	83	67.0	74.3	17.25	 .0727	0.013	699	1	100.0	30
02/22/20	9:30 a	84.7	85.3	81.5	79	77.5	0.0	---	0.00	0.0	---	84.7	95.5	95.5	107.8	29.847	0.00	0.00	749	32.21	816	6.2	1.33	7.2	0.000	0.410	72.5	83	67.0	74.3	17.25	 .0727	0.000	702	1	100.0	30
02/22/20	10:00 a	85.6	85.9	84.5	75	76.8	1.0	SSW	0.50	6.0	SSE	85.6	96.0	96.0	108.4	29.831	0.00	0.00	735	31.61	923	7.0	1.50	8.5	0.000	0.429	72.5	83	67.0	74.3	17.25	 .0727	0.019	697	1	100.0	30
02/22/20	10:30 a	86.0	86.2	85.1	75	77.1	1.0	SE	0.50	5.0	SSE	86.0	97.0	97.0	109.1	29.823	0.00	0.00	672	28.90	997	7.7	1.65	10.2	0.000	0.438	72.4	83	66.9	74.2	17.25	 .0727	0.000	699	1	100.0	30
02/22/20	11:00 a	87.6	87.9	85.9	76	79.1	2.0	SE	1.00	8.0	SE	87.6	101.2	101.2	113.7	29.817	0.00	0.00	987	42.45	1222	10.5	2.25	12.0	0.000	0.471	72.3	83	66.8	74.0	17.25	 .0727	0.022	695	1	100.0	30
02/22/20	11:30 a	87.9	87.9	86.9	73	78.2	2.0	SSE	1.00	8.0	SE	87.9	100.3	100.3	114.0	29.811	0.00	0.00	1084	46.62	1148	11.5	2.46	12.0	0.000	0.477	72.2	83	66.7	73.9	17.25	 .0727	0.000	691	1	100.0	30
02/22/20	12:00 p	87.8	88.2	87.2	70	76.8	2.0	SE	1.00	6.0	SSE	87.8	98.7	98.7	111.7	29.795	0.00	0.00	1020	43.87	1053	11.5	2.46	11.7	0.000	0.475	72.0	82	66.2	73.6	16.85	 .0727	0.028	693	1	100.0	30
02/22/20	12:30 p	88.5	88.8	87.6	69	77.0	2.0	SE	1.00	8.0	SE	88.5	100.2	100.2	114.2	29.791	0.00	0.00	1031	44.34	1102	11.3	2.42	11.6	0.000	0.490	72.1	82	66.3	73.7	16.85	 .0727	0.000	693	1	100.0	30
02/22/20	1:00 p	88.6	88.8	87.7	67	76.2	2.0	SE	1.00	9.0	SE	88.6	99.5	99.5	114.1	29.783	0.00	0.00	1004	43.18	1102	10.5	2.25	11.6	0.000	0.492	72.1	82	66.3	73.7	16.85	 .0727	0.026	697	1	100.0	30
02/22/20	1:30 p	87.1	89.0	87.1	69	75.7	2.0	SE	1.00	9.0	SSE	87.1	97.3	97.3	113.1	29.772	0.00	0.00	975	41.93	1157	8.9	1.91	10.5	0.000	0.460	72.0	82	66.2	73.6	16.85	 .0727	0.000	696	1	100.0	30
02/22/20	2:00 p	87.3	88.5	87.1	69	75.9	2.0	S	1.00	10.0	SSE	87.3	97.6	97.6	109.6	29.760	0.00	0.00	617	26.53	1121	6.4	1.37	9.6	0.000	0.465	71.9	82	66.1	73.5	16.85	 .0726	0.021	694	1	100.0	30
02/22/20	2:30 p	87.4	88.2	85.9	70	76.4	1.0	SE	0.50	9.0	SSE	87.4	98.1	98.1	109.5	29.750	0.00	0.00	550	23.65	991	4.9	1.05	7.1	0.000	0.467	71.9	82	66.1	73.5	16.85	 .0726	0.000	691	1	100.0	30
02/22/20	3:00 p	86.9	88.3	86.9	71	76.4	2.0	SSW	1.00	9.0	S	86.9	97.7	97.7	116.2	29.742	0.00	0.00	714	30.71	838	4.3	0.92	5.3	0.000	0.456	71.9	82	66.1	73.5	16.85	 .0726	0.017	695	1	100.0	30
02/22/20	3:30 p	85.6	86.8	85.6	75	76.8	1.0	SE	0.50	5.0	SE	85.6	96.0	96.0	105.7	29.744	0.00	0.00	311	13.37	740	2.2	0.47	3.3	0.000	0.429	71.9	82	66.1	73.5	16.85	 .0726	0.000	698	1	100.0	30
02/22/20	4:00 p	85.4	86.7	85.3	71	74.9	1.0	E	0.50	8.0	ESE	85.4	94.2	94.2	110.7	29.745	0.00	0.00	442	19.01	506	1.8	0.39	2.3	0.000	0.425	71.9	82	66.1	73.5	16.85	 .0726	0.011	694	1	100.0	30
02/22/20	4:30 p	84.6	86.1	84.3	74	75.4	1.0	SE	0.50	5.0	ESE	84.6	93.5	93.5	95.5	29.749	0.00	0.00	166	7.14	381	0.8	0.17	1.3	0.000	0.408	71.9	82	66.1	73.5	16.85	 .0726	0.000	695	1	100.0	30
02/22/20	5:00 p	83.7	84.7	83.7	76	75.3	1.0	SSE	0.50	4.0	SSE	83.7	92.3	92.3	92.8	29.749	0.00	0.00	95	4.09	127	0.0	0.00	0.5	0.000	0.390	71.9	82	66.1	73.5	16.85	 .0726	0.004	698	1	100.0	30
02/22/20	5:30 p	82.7	83.9	82.7	81	76.3	0.0	WNW	0.00	2.0	WNW	82.7	91.1	91.1	90.7	29.753	0.00	0.00	53	2.28	79	0.0	0.00	0.0	0.000	0.369	72.0	82	66.2	73.6	16.85	 .0726	0.000	702	1	100.0	30
02/22/20	6:00 p	81.4	82.7	81.4	83	75.7	0.0	WSW	0.00	2.0	WSW	81.4	88.3	88.3	86.7	29.761	0.00	0.00	1	0.04	12	0.0	0.00	0.0	0.000	0.342	72.0	82	66.2	73.6	16.85	 .0726	0.001	699	1	100.0	30
02/22/20	6:30 p	80.2	81.5	80.1	84	74.9	0.0	---	0.00	0.0	---	80.2	85.8	85.8	84.2	29.771	0.00	0.00	0	0.00	0	0.0	0.00	0.0	0.000	0.317	71.9	82	66.1	73.5	16.85	 .0727	0.000	701	1	100.0	30
02/22/20	7:00 p	79.6	80.1	79.6	84	74.3	0.0	---	0.00	0.0	---	79.6	84.6	84.6	83.0	29.781	0.00	0.00	0	0.00	0	0.0	0.00	0.0	0.000	0.304	72.0	82	66.2	73.6	16.85	 .0727	0.001	700	1	100.0	30
02/22/20	7:30 p	79.1	79.6	79.0	85	74.2	0.0	---	0.00	0.0	---	79.1	83.9	83.9	82.3	29.789	0.00	0.00	0	0.00	0	0.0	0.00	0.0	0.000	0.294	72.0	82	66.2	73.6	16.85	 .0727	0.000	701	1	100.0	30
02/22/20	8:00 p	78.9	79.2	78.9	86	74.4	0.0	---	0.00	0.0	---	78.9	83.7	83.7	82.1	29.798	0.00	0.00	0	0.00	0	0.0	0.00	0.0	0.000	0.290	72.0	82	66.2	73.6	16.85	 .0727	0.001	701	1	100.0	30
02/22/20	8:30 p	78.9	79.1	78.9	86	74.4	0.0	---	0.00	0.0	---	78.9	83.7	83.7	82.1	29.805	0.00	0.00	0	0.00	0	0.0	0.00	0.0	0.000	0.290	72.1	82	66.3	73.7	16.85	 .0727	0.000	702	1	100.0	30
02/22/20	9:00 p	78.7	79.0	78.7	87	74.5	0.0	---	0.00	0.0	---	78.7	83.6	83.6	82.0	29.810	0.00	0.00	0	0.00	0	0.0	0.00	0.0	0.000	0.285	72.1	83	66.6	73.8	17.25	 .0727	0.001	699	1	100.0	30
02/22/20	9:30 p	78.3	78.7	78.3	87	74.1	0.0	---	0.00	0.0	---	78.3	82.9	82.9	81.3	29.815	0.00	0.00	0	0.00	0	0.0	0.00	0.0	0.000	0.277	72.1	82	66.3	73.7	16.85	 .0727	0.000	701	1	100.0	30
02/22/20	10:00 p	77.7	78.3	77.7	87	73.5	0.0	---	0.00	0.0	---	77.7	81.9	81.9	80.2	29.813	0.00	0.00	0	0.00	0	0.0	0.00	0.0	0.000	0.265	72.1	82	66.3	73.7	16.85	 .0727	0.001	701	1	100.0	30
02/22/20	10:30 p	77.5	77.8	77.4	87	73.3	0.0	---	0.00	0.0	---	77.5	81.6	81.6	79.9	29.808	0.00	0.00	0	0.00	0	0.0	0.00	0.0	0.000	0.260	72.1	82	66.3	73.7	16.85	 .0727	0.000	699	1	100.0	30
02/22/20	11:00 p	77.1	77.5	77.0	87	72.9	0.0	---	0.00	0.0	---	77.1	80.9	80.9	79.1	29.798	0.00	0.00	0	0.00	0	0.0	0.00	0.0	0.000	0.252	72.2	83	66.7	73.9	17.25	 .0727	0.001	700	1	100.0	30
02/22/20	11:30 p	76.6	77.0	76.6	88	72.8	0.0	---	0.00	0.0	---	76.6	80.3	80.3	78.5	29.794	0.00	0.00	0	0.00	0	0.0	0.00	0.0	0.000	0.242	72.2	83	66.7	73.9	17.25	 .0727	0.000	702	1	100.0	30
02/23/20	12:00 a	76.4	76.6	76.3	88	72.6	0.0	---	0.00	0.0	---	76.4	80.0	80.0	78.2	29.785	0.00	0.00	0	0.00	0	0.0	0.00	0.0	0.000	0.238	72.2	83	66.7	73.9	17.25	 .0726	0.000	702	1	100.0	30
02/23/20	12:30 a	76.1	76.4	76.0	88	72.3	0.0	---	0.00	0.0	---	76.1	79.5	79.5	77.7	29.777	0.00	0.00	0	0.00	0	0.0	0.00	0.0	0.000	0.231	72.2	83	66.7	73.9	17.25	 .0726	0.000	698	1	100.0	30
02/23/20	1:00 a	75.8	76.1	75.8	88	72.0	0.0	---	0.00	0.0	---	75.8	79.2	79.2	77.4	29.766	0.00	0.00	0	0.00	0	0.0	0.00	0.0	0.000	0.225	72.2	83	66.7	73.9	17.25	 .0726	0.000	698	1	100.0	30
02/23/20	1:30 a	75.5	75.9	75.5	88	71.7	0.0	---	0.00	0.0	---	75.5	78.8	78.8	77.0	29.758	0.00	0.00	0	0.00	0	0.0	0.00	0.0	0.000	0.219	72.3	83	66.8	74.0	17.25	 .0725	0.000	702	1	100.0	30
02/23/20	2:00 a	75.3	75.5	75.2	88	71.5	0.0	---	0.00	0.0	---	75.3	78.6	78.6	76.8	29.754	0.00	0.00	0	0.00	0	0.0	0.00	0.0	0.000	0.215	72.4	83	66.9	74.2	17.25	 .0725	0.000	701	1	100.0	30
02/23/20	2:30 a	75.0	75.3	74.9	88	71.2	0.0	---	0.00	0.0	---	75.0	78.2	78.2	76.4	29.752	0.00	0.00	0	0.00	0	0.0	0.00	0.0	0.000	0.208	72.4	83	66.9	74.2	17.25	 .0725	0.000	700	1	100.0	30
02/23/20	3:00 a	74.8	75.1	74.7	88	71.0	0.0	---	0.00	0.0	---	74.8	77.9	77.9	76.1	29.742	0.00	0.00	0	0.00	0	0.0	0.00	0.0	0.000	0.204	72.4	83	66.9	74.2	17.25	 .0725	0.000	702	1	100.0	30
02/23/20	3:30 a	74.4	74.8	74.4	88	70.6	0.0	---	0.00	0.0	---	74.4	77.1	77.1	75.2	29.744	0.00	0.00	0	0.00	0	0.0	0.00	0.0	0.000	0.196	72.4	83	66.9	74.2	17.25	 .0725	0.000	701	1	100.0	30
02/23/20	4:00 a	74.2	74.5	74.1	88	70.4	0.0	---	0.00	0.0	---	74.2	76.7	76.7	74.8	29.754	0.00	0.00	0	0.00	0	0.0	0.00	0.0	0.000	0.192	72.4	83	66.9	74.2	17.25	 .0725	0.000	700	1	100.0	30
02/23/20	4:30 a	74.0	74.3	73.9	89	70.6	0.0	---	0.00	0.0	---	74.0	76.4	76.4	74.5	29.756	0.00	0.00	0	0.00	0	0.0	0.00	0.0	0.000	0.188	72.5	83	67.0	74.3	17.25	 .0725	0.000	699	1	100.0	30
02/23/20	5:00 a	74.1	74.2	74.0	89	70.6	0.0	---	0.00	0.0	---	74.1	76.6	76.6	74.7	29.759	0.00	0.00	0	0.00	0	0.0	0.00	0.0	0.000	0.190	72.5	83	67.0	74.3	17.25	 .0725	0.000	689	1	100.0	30
02/23/20	5:30 a	73.9	74.1	73.7	88	70.1	0.0	---	0.00	0.0	---	73.9	76.2	76.2	74.3	29.771	0.00	0.00	0	0.00	0	0.0	0.00	0.0	0.000	0.185	72.5	83	67.0	74.3	17.25	 .0725	0.000	701	1	100.0	30
02/23/20	6:00 a	73.7	73.9	73.6	89	70.3	0.0	---	0.00	0.0	---	73.7	76.1	76.1	74.3	29.778	0.00	0.00	3	0.13	9	0.0	0.00	0.0	0.000	0.181	72.5	83	67.0	74.3	17.25	 .0726	0.000	697	1	100.0	30
02/23/20	6:30 a	74.1	74.1	73.7	89	70.6	0.0	---	0.00	0.0	---	74.1	76.6	76.6	76.4	29.787	0.00	0.00	17	0.73	23	0.0	0.00	0.0	0.000	0.190	72.5	83	67.0	74.3	17.25	 .0726	0.000	701	1	100.0	30
02/23/20	7:00 a	75.2	75.3	74.1	89	71.7	0.0	---	0.00	0.0	---	75.2	78.5	78.5	78.8	29.796	0.00	0.00	30	1.29	47	0.0	0.00	0.0	0.000	0.212	72.6	83	67.1	74.4	17.25	 .0726	0.001	702	1	100.0	30
02/23/20	7:30 a	76.4	76.4	75.3	89	72.9	0.0	---	0.00	0.0	---	76.4	80.0	80.0	80.2	29.802	0.00	0.00	33	1.42	35	0.0	0.00	0.0	0.000	0.238	72.5	84	67.4	74.4	17.65	 .0726	0.000	692	1	100.0	30
02/23/20	8:00 a	77.8	77.8	76.4	89	74.3	0.0	---	0.00	0.0	---	77.8	82.3	82.3	83.5	29.806	0.00	0.00	66	2.84	265	0.3	0.06	1.9	0.000	0.267	72.6	84	67.5	74.5	17.65	 .0726	0.001	694	1	100.0	30
02/23/20	8:30 a	81.7	81.8	77.7	82	75.7	0.0	---	0.00	0.0	---	81.7	88.8	88.8	98.9	29.812	0.00	0.00	438	18.84	561	2.7	0.58	3.7	0.000	0.348	72.6	84	67.5	74.5	17.65	 .0726	0.000	698	1	100.0	30
02/23/20	9:00 a	84.7	84.7	81.6	74	75.5	0.0	---	0.00	0.0	---	84.7	93.7	93.7	105.8	29.817	0.00	0.00	649	27.91	724	4.5	0.96	5.4	0.000	0.410	72.5	83	67.0	74.3	17.25	 .0727	0.014	690	1	100.0	30
02/23/20	9:30 a	86.2	86.3	84.7	70	75.3	0.0	---	0.00	0.0	---	86.2	95.7	95.7	107.7	29.816	0.00	0.00	770	33.11	814	6.2	1.33	7.0	0.000	0.442	72.5	83	67.0	74.3	17.25	 .0726	0.000	673	1	98.4	30
02/23/20	10:00 a	86.9	86.9	86.0	69	75.5	0.0	---	0.00	0.0	---	86.9	96.9	96.9	108.2	29.808	0.00	0.00	857	36.86	895	7.8	1.67	8.6	0.000	0.456	72.4	83	66.9	74.2	17.25	 .0726	0.021	686	1	100.0	30
02/23/20	10:30 a	87.2	87.4	86.6	71	76.6	1.0	S	0.50	6.0	S	87.2	98.2	98.2	110.0	29.799	0.00	0.00	929	39.95	963	9.3	1.99	10.0	0.000	0.462	72.3	83	66.8	74.0	17.25	 .0726	0.000	684	1	100.0	30
02/23/20	11:00 a	87.4	87.6	87.0	69	76.0	2.0	S	1.00	6.0	S	87.4	97.7	97.7	109.8	29.793	0.00	0.00	985	42.36	1004	10.6	2.27	11.0	0.000	0.467	72.2	83	66.7	73.9	17.25	 .0726	0.026	695	1	100.0	30
02/23/20	11:30 a	87.7	87.9	87.1	72	77.5	2.0	S	1.00	5.0	S	87.7	99.5	99.5	112.2	29.785	0.00	0.00	1023	43.99	1046	11.4	2.44	11.6	0.000	0.473	72.1	83	66.6	73.8	17.25	 .0726	0.000	694	1	100.0	30
02/23/20	12:00 p	87.8	88.0	87.1	71	77.2	3.0	S	1.50	8.0	S	87.8	99.2	99.2	112.6	29.767	0.00	0.00	1047	45.03	1062	11.7	2.51	11.7	0.000	0.475	72.0	83	66.6	73.6	17.25	 .0726	0.028	693	1	100.0	30
02/23/20	12:30 p	88.4	88.4	87.5	74	79.1	2.0	SE	1.00	5.0	SSE	88.4	102.5	102.5	116.7	29.756	0.00	0.00	1041	44.77	1060	11.4	2.44	11.6	0.000	0.488	72.0	83	66.6	73.6	17.25	 .0726	0.000	696	1	100.0	30
02/23/20	1:00 p	88.5	88.6	87.8	70	77.5	2.0	S	1.00	7.0	SE	88.5	100.7	100.7	115.5	29.745	0.00	0.00	1014	43.61	1063	10.6	2.27	11.2	0.000	0.490	72.0	83	66.6	73.6	17.25	 .0726	0.028	699	1	100.0	30
02/23/20	1:30 p	87.5	88.4	87.0	74	78.2	2.0	SSE	1.00	10.0	ESE	87.5	100.1	100.1	115.8	29.726	0.00	0.00	959	41.24	1004	9.4	2.01	10.2	0.000	0.469	71.9	83	66.5	73.5	17.25	 .0725	0.000	701	1	100.0	30
02/23/20	2:00 p	87.9	88.1	87.3	71	77.3	2.0	SE	1.00	8.0	WSW	87.9	99.3	99.3	115.6	29.711	0.00	0.00	881	37.89	912	7.9	1.69	8.6	0.000	0.477	71.9	83	66.5	73.5	17.25	 .0725	0.025	695	1	100.0	30
02/23/20	2:30 p	88.8	89.1	87.4	68	76.9	2.0	SE	1.00	8.0	SSW	88.8	100.6	100.6	118.2	29.706	0.00	0.00	818	35.18	865	6.3	1.35	7.1	0.000	0.496	71.9	83	66.5	73.5	17.25	 .0725	0.000	697	1	100.0	30
02/23/20	3:00 p	87.9	88.6	87.4	70	76.9	2.0	SSE	1.00	8.0	ESE	87.9	98.9	98.9	117.0	29.705	0.00	0.00	703	30.23	810	4.5	0.96	5.5	0.000	0.477	71.9	83	66.5	73.5	17.25	 .0725	0.020	692	1	100.0	30
02/23/20	3:30 p	86.7	87.9	86.7	71	76.2	2.0	SE	1.00	6.0	SSE	86.7	97.2	97.2	115.7	29.708	0.00	0.00	588	25.29	659	3.0	0.64	3.8	0.000	0.452	71.9	82	66.1	73.5	16.85	 .0725	0.000	699	1	100.0	30
02/23/20	4:00 p	86.3	87.3	86.3	72	76.2	2.0	SE	1.00	7.0	ESE	86.3	96.7	96.7	114.0	29.705	0.00	0.00	458	19.70	517	1.8	0.39	2.4	0.000	0.444	71.9	83	66.5	73.5	17.25	 .0725	0.014	694	1	100.0	30
02/23/20	4:30 p	84.9	86.7	84.9	78	77.3	1.0	E	0.50	7.0	ESE	84.9	95.5	95.5	98.0	29.709	0.00	0.00	182	7.83	439	0.8	0.17	1.3	0.000	0.415	71.9	83	66.5	73.5	17.25	 .0725	0.000	699	1	100.0	30
02/23/20	5:00 p	84.9	85.0	84.3	76	76.5	1.0	ESE	0.50	6.0	ESE	84.9	94.8	94.8	95.1	29.712	0.00	0.00	83	3.57	114	0.0	0.00	0.0	0.000	0.415	71.9	83	66.5	73.5	17.25	 .0725	0.004	701	1	100.0	30
02/23/20	5:30 p	82.6	84.8	82.6	81	76.2	0.0	SE	0.00	5.0	SSE	82.6	90.9	90.9	90.0	29.713	0.00	0.00	28	1.20	49	0.0	0.00	0.0	0.000	0.367	71.9	82	66.1	73.5	16.85	 .0725	0.000	702	1	100.0	30
02/23/20	6:00 p	81.4	82.6	81.4	83	75.7	0.0	SW	0.00	2.0	SW	81.4	88.3	88.3	86.7	29.718	0.00	0.00	1	0.04	11	0.0	0.00	0.0	0.000	0.342	71.9	82	66.1	73.5	16.85	 .0725	0.001	700	1	100.0	30
02/23/20	6:30 p	80.3	81.5	80.3	84	75.0	0.0	SW	0.00	1.0	SW	80.3	86.0	86.0	84.4	29.725	0.00	0.00	0	0.00	0	0.0	0.00	0.0	0.000	0.319	71.9	83	66.5	73.5	17.25	 .0725	0.000	700	1	100.0	30
02/23/20	7:00 p	80.2	80.4	80.1	85	75.3	0.0	---	0.00	0.0	---	80.2	86.0	86.0	84.4	29.739	0.00	0.00	0	0.00	0	0.0	0.00	0.0	0.000	0.317	71.9	82	66.1	73.5	16.85	 .0726	0.001	700	1	100.0	30
02/23/20	7:30 p	80.1	80.2	80.0	86	75.5	0.0	---	0.00	0.0	---	80.1	86.1	86.1	84.5	29.753	0.00	0.00	0	0.00	0	0.0	0.00	0.0	0.000	0.315	72.0	83	66.6	73.6	17.25	 .0726	0.000	701	1	100.0	30
02/23/20	8:00 p	79.8	80.2	79.7	86	75.2	0.0	---	0.00	0.0	---	79.8	85.5	85.5	83.9	29.760	0.00	0.00	0	0.00	0	0.0	0.00	0.0	0.000	0.308	72.0	82	66.2	73.6	16.85	 .0726	0.001	701	1	100.0	30
02/23/20	8:30 p	79.2	79.8	79.2	87	75.0	0.0	---	0.00	0.0	---	79.2	84.5	84.5	82.9	29.768	0.00	0.00	0	0.00	0	0.0	0.00	0.0	0.000	0.296	72.0	83	66.6	73.6	17.25	 .0726	0.000	702	1	100.0	30
02/23/20	9:00 p	78.9	79.3	78.8	87	74.7	0.0	---	0.00	0.0	---	78.9	83.9	83.9	82.3	29.775	0.00	0.00	0	0.00	0	0.0	0.00	0.0	0.000	0.290	72.0	82	66.2	73.6	16.85	 .0727	0.001	702	1	100.0	30
02/23/20	9:30 p	78.3	78.9	78.3	87	74.1	0.0	---	0.00	0.0	---	78.3	82.9	82.9	81.3	29.782	0.00	0.00	0	0.00	0	0.0	0.00	0.0	0.000	0.277	72.0	83	66.6	73.6	17.25	 .0727	0.000	702	1	100.0	30
02/23/20	10:00 p	78.1	78.4	78.1	87	73.9	0.0	---	0.00	0.0	---	78.1	82.6	82.6	80.9	29.787	0.00	0.00	0	0.00	0	0.0	0.00	0.0	0.000	0.273	72.0	83	66.6	73.6	17.25	 .0727	0.001	701	1	100.0	30
02/23/20	10:30 p	78.0	78.2	77.9	88	74.2	0.0	---	0.00	0.0	---	78.0	82.5	82.5	80.9	29.786	0.00	0.00	0	0.00	0	0.0	0.00	0.0	0.000	0.271	72.0	83	66.6	73.6	17.25	 .0727	0.000	698	1	100.0	30
02/23/20	11:00 p	77.7	78.1	77.7	88	73.9	0.0	---	0.00	0.0	---	77.7	82.0	82.0	80.3	29.779	0.00	0.00	0	0.00	0	0.0	0.00	0.0	0.000	0.265	72.1	83	66.6	73.8	17.25	 .0726	0.001	701	1	100.0	30
02/23/20	11:30 p	77.9	78.0	77.6	88	74.1	0.0	---	0.00	0.0	---	77.9	82.4	82.4	80.8	29.777	0.00	0.00	0	0.00	0	0.0	0.00	0.0	0.000	0.269	72.2	83	66.7	73.9	17.25	 .0726	0.000	698	1	100.0	30
02/24/20	12:00 a	77.7	77.9	77.6	88	73.9	0.0	---	0.00	0.0	---	77.7	82.0	82.0	80.3	29.763	0.00	0.00	0	0.00	0	0.0	0.00	0.0	0.000	0.265	72.2	83	66.7	73.9	17.25	 .0726	0.000	701	1	100.0	30
02/24/20	12:30 a	77.6	77.9	77.6	88	73.8	0.0	---	0.00	0.0	---	77.6	81.8	81.8	80.1	29.758	0.00	0.00	0	0.00	0	0.0	0.00	0.0	0.000	0.262	72.3	83	66.8	74.0	17.25	 .0725	0.000	699	1	100.0	30
02/24/20	1:00 a	77.7	77.8	77.5	88	73.9	0.0	---	0.00	0.0	---	77.7	82.0	82.0	80.3	29.741	0.00	0.00	0	0.00	0	0.0	0.00	0.0	0.000	0.265	72.2	83	66.7	73.9	17.25	 .0725	0.000	698	1	100.0	30
02/24/20	1:30 a	77.8	77.8	77.5	88	74.0	0.0	---	0.00	0.0	---	77.8	82.2	82.2	80.5	29.735	0.00	0.00	0	0.00	0	0.0	0.00	0.0	0.000	0.267	72.3	83	66.8	74.0	17.25	 .0725	0.000	692	1	100.0	30
02/24/20	2:00 a	76.6	77.9	76.6	88	72.8	0.0	SE	0.00	5.0	SSE	76.6	80.3	80.3	78.5	29.737	0.00	0.00	0	0.00	0	0.0	0.00	0.0	0.000	0.242	72.3	83	66.8	74.0	17.25	 .0725	0.001	695	1	100.0	30
02/24/20	2:30 a	75.9	76.6	75.8	88	72.1	1.0	SW	0.50	7.0	W	75.9	79.3	79.3	77.5	29.737	0.00	0.00	0	0.00	0	0.0	0.00	0.0	0.000	0.227	72.4	83	66.9	74.2	17.25	 .0725	0.000	694	1	100.0	30
02/24/20	3:00 a	76.1	76.2	75.8	88	72.3	0.0	SSE	0.00	4.0	SSE	76.1	79.5	79.5	77.7	29.737	0.00	0.00	0	0.00	0	0.0	0.00	0.0	0.000	0.231	72.4	83	66.9	74.2	17.25	 .0725	0.001	695	1	100.0	30
02/24/20	3:30 a	76.3	76.3	76.0	88	72.5	0.0	SSE	0.00	2.0	SSE	76.3	79.8	79.8	78.0	29.738	0.01	0.00	0	0.00	0	0.0	0.00	0.0	0.000	0.235	72.3	83	66.8	74.0	17.25	 .0725	0.000	702	1	100.0	30
02/24/20	4:00 a	76.1	76.4	76.1	88	72.3	0.0	SSE	0.00	1.0	SSE	76.1	79.5	79.5	77.7	29.743	0.00	0.00	0	0.00	0	0.0	0.00	0.0	0.000	0.231	72.3	83	66.8	74.0	17.25	 .0725	0.000	701	1	100.0	30
02/24/20	4:30 a	76.4	76.4	76.2	88	72.6	0.0	---	0.00	0.0	---	76.4	80.0	80.0	78.2	29.745	0.01	0.00	0	0.00	0	0.0	0.00	0.0	0.000	0.238	72.4	83	66.9	74.2	17.25	 .0725	0.000	698	1	100.0	30
02/24/20	5:00 a	76.6	76.7	76.4	88	72.8	0.0	---	0.00	0.0	---	76.6	80.3	80.3	78.5	29.755	0.00	0.00	0	0.00	0	0.0	0.00	0.0	0.000	0.242	72.4	83	66.9	74.2	17.25	 .0725	0.000	700	1	100.0	30
02/24/20	5:30 a	76.7	76.7	76.5	88	72.9	0.0	---	0.00	0.0	---	76.7	80.4	80.4	78.6	29.769	0.00	0.00	0	0.00	0	0.0	0.00	0.0	0.000	0.244	72.4	83	66.9	74.2	17.25	 .0726	0.000	703	1	100.0	30
02/24/20	6:00 a	76.8	76.9	76.7	88	73.0	0.0	---	0.00	0.0	---	76.8	80.5	80.5	78.8	29.775	0.00	0.00	5	0.22	21	0.0	0.00	0.0	0.000	0.246	72.4	83	66.9	74.2	17.25	 .0726	0.000	698	1	100.0	30
02/24/20	6:30 a	77.3	77.4	76.8	88	73.5	0.0	---	0.00	0.0	---	77.3	81.3	81.3	81.8	29.782	0.00	0.00	28	1.20	40	0.0	0.00	0.0	0.000	0.256	72.4	83	66.9	74.2	17.25	 .0726	0.000	700	1	100.0	30
02/24/20	7:00 a	78.1	78.1	77.3	89	74.6	0.0	---	0.00	0.0	---	78.1	82.8	82.8	84.9	29.786	0.00	0.00	70	3.01	102	0.0	0.00	0.0	0.000	0.273	72.5	83	67.0	74.3	17.25	 .0726	0.001	702	1	100.0	30
02/24/20	7:30 a	78.9	78.9	77.9	89	75.4	0.0	---	0.00	0.0	---	78.9	84.3	84.3	87.7	29.795	0.00	0.00	119	5.12	128	0.7	0.15	1.0	0.000	0.290	72.4	83	66.9	74.2	17.25	 .0726	0.000	702	1	100.0	30
02/24/20	8:00 a	79.8	79.8	78.9	89	76.3	0.0	---	0.00	0.0	---	79.8	86.1	86.1	90.4	29.804	0.00	0.00	162	6.97	192	1.4	0.30	1.8	0.000	0.308	72.5	83	67.0	74.3	17.25	 .0726	0.004	702	1	100.0	30
02/24/20	8:30 a	80.9	81.1	79.9	88	77.0	0.0	---	0.00	0.0	---	80.9	88.4	88.4	94.6	29.810	0.00	0.00	247	10.62	473	2.5	0.54	3.2	0.000	0.331	72.5	83	67.0	74.3	17.25	 .0726	0.000	702	1	100.0	30
02/24/20	9:00 a	84.1	84.1	80.9	80	77.3	0.0	S	0.00	3.0	S	84.1	94.7	94.7	106.8	29.814	0.00	0.00	626	26.92	738	4.4	0.94	5.3	0.000	0.398	72.5	83	67.0	74.3	17.25	 .0726	0.011	694	1	100.0	30
02/24/20	9:30 a	84.8	84.8	82.1	76	76.4	1.0	S	0.50	4.0	S	84.8	94.6	94.6	104.7	29.812	0.00	0.00	494	21.24	849	5.0	1.07	7.2	0.000	0.413	72.5	83	67.0	74.3	17.25	 .0726	0.000	695	1	100.0	30
02/24/20	10:00 a	86.6	87.2	84.8	73	76.9	2.0	SW	1.00	6.0	SSW	86.6	97.8	97.8	109.2	29.811	0.00	0.00	859	36.94	902	7.9	1.69	8.7	0.000	0.450	72.4	83	66.9	74.2	17.25	 .0727	0.018	692	1	100.0	30
02/24/20	10:30 a	86.8	87.1	86.5	72	76.7	2.0	SSW	1.00	6.0	W	86.8	97.9	97.9	109.8	29.804	0.00	0.00	941	40.47	986	9.5	2.04	10.2	0.000	0.454	72.4	83	66.9	74.2	17.25	 .0726	0.000	695	1	100.0	30
02/24/20	11:00 a	87.4	88.1	86.8	71	76.8	2.0	SW	1.00	6.0	SSE	87.4	98.5	98.5	110.7	29.791	0.00	0.00	990	42.58	1004	10.7	2.29	11.2	0.000	0.467	72.4	83	66.9	74.2	17.25	 .0726	0.026	693	1	100.0	30
02/24/20	11:30 a	87.5	88.1	86.8	73	77.8	2.0	SSW	1.00	6.0	SSW	87.5	99.6	99.6	112.2	29.784	0.00	0.00	1016	43.69	1032	11.6	2.49	11.8	0.000	0.469	72.3	83	66.8	74.0	17.25	 .0726	0.000	697	1	100.0	30
02/24/20	12:00 p	88.5	88.7	87.3	67	76.1	2.0	SSW	1.00	7.0	W	88.5	99.2	99.2	112.5	29.773	0.00	0.00	1049	45.11	1120	11.9	2.55	12.1	0.000	0.490	72.2	83	66.7	73.9	17.25	 .0726	0.028	699	1	100.0	30
02/24/20	12:30 p	87.6	88.5	87.4	70	76.6	2.0	SSW	1.00	6.0	W	87.6	98.4	98.4	113.1	29.762	0.00	0.00	1089	46.83	1144	11.0	2.36	12.2	0.000	0.471	72.2	83	66.7	73.9	17.25	 .0726	0.000	700	1	100.0	30
02/24/20	1:00 p	88.7	89.1	87.7	70	77.7	2.0	SSE	1.00	8.0	SSW	88.7	101.3	101.3	116.9	29.748	0.00	0.00	1062	45.67	1143	10.8	2.31	11.7	0.000	0.494	72.1	83	66.6	73.8	17.25	 .0726	0.027	695	1	100.0	30
02/24/20	1:30 p	85.5	89.0	85.5	75	76.7	2.0	SSW	1.00	9.0	SSE	85.5	95.8	95.8	107.6	29.740	0.00	0.00	606	26.06	1167	6.8	1.46	10.6	0.000	0.427	72.1	83	66.6	73.8	17.25	 .0725	0.000	697	1	100.0	30
02/24/20	2:00 p	86.0	86.1	84.3	73	76.3	1.0	W	0.50	7.0	S	86.0	96.3	96.3	103.5	29.726	0.00	0.00	297	12.77	617	3.9	0.84	7.3	0.000	0.438	72.1	83	66.6	73.8	17.25	 .0725	0.013	697	1	100.0	30
02/24/20	2:30 p	85.7	86.1	85.2	74	76.5	1.0	SSE	0.50	6.0	SSE	85.7	95.9	95.9	105.7	29.722	0.00	0.00	385	16.56	564	3.7	0.79	5.4	0.000	0.431	72.1	83	66.6	73.8	17.25	 .0725	0.000	699	1	100.0	30
02/24/20	3:00 p	85.9	88.0	85.8	72	75.8	2.0	SSE	1.00	5.0	SSE	85.9	95.7	95.7	107.8	29.722	0.00	0.00	493	21.20	1090	3.6	0.77	5.5	0.000	0.435	72.1	83	66.6	73.8	17.25	 .0725	0.013	693	1	100.0	30
02/24/20	3:30 p	86.6	87.1	85.9	70	75.6	2.0	SSE	1.00	8.0	S	86.6	96.6	96.6	116.0	29.717	0.00	0.00	617	26.53	900	2.9	0.62	4.0	0.000	0.450	72.1	83	66.6	73.8	17.25	 .0725	0.000	696	1	100.0	30
02/24/20	4:00 p	84.9	87.5	84.8	75	76.1	1.0	E	0.50	5.0	SSE	84.9	94.4	94.4	105.3	29.722	0.00	0.00	303	13.03	629	1.5	0.32	2.3	0.000	0.415	72.1	83	66.6	73.8	17.25	 .0725	0.012	697	1	100.0	30
02/24/20	4:30 p	84.4	85.1	84.3	75	75.6	1.0	S	0.50	4.0	S	84.4	93.5	93.5	95.7	29.723	0.00	0.00	178	7.65	434	0.7	0.15	1.2	0.000	0.404	72.0	83	66.6	73.6	17.25	 .0725	0.000	697	1	100.0	30
02/24/20	5:00 p	82.6	84.5	82.5	79	75.4	1.0	SSE	0.50	5.0	SSE	82.6	90.3	90.3	90.1	29.724	0.00	0.00	66	2.84	95	0.0	0.00	0.5	0.000	0.367	72.0	83	66.6	73.6	17.25	 .0725	0.004	698	1	100.0	30
02/24/20	5:30 p	81.7	83.1	81.7	81	75.3	1.0	SE	0.50	3.0	ESE	81.7	88.5	88.5	87.7	29.728	0.00	0.00	36	1.55	70	0.0	0.00	0.0	0.000	0.348	72.1	83	66.6	73.8	17.25	 .0725	0.000	702	1	100.0	30
02/24/20	6:00 p	80.3	81.8	80.3	83	74.7	0.0	SE	0.00	2.0	SE	80.3	85.8	85.8	84.2	29.730	0.00	0.00	1	0.04	7	0.0	0.00	0.0	0.000	0.319	72.0	83	66.6	73.6	17.25	 .0725	0.001	699	1	100.0	30
02/24/20	6:30 p	78.7	80.3	78.7	84	73.5	0.0	SE	0.00	2.0	SE	78.7	83.1	83.1	81.4	29.741	0.00	0.00	0	0.00	0	0.0	0.00	0.0	0.000	0.285	72.1	83	66.6	73.8	17.25	 .0725	0.000	700	1	100.0	30
02/24/20	7:00 p	77.9	78.7	77.9	85	73.0	0.0	SE	0.00	1.0	SE	77.9	81.9	81.9	80.2	29.751	0.00	0.00	0	0.00	0	0.0	0.00	0.0	0.000	0.269	72.1	83	66.6	73.8	17.25	 .0726	0.001	701	1	100.0	30
02/24/20	7:30 p	77.6	77.9	77.5	86	73.1	0.0	SE	0.00	1.0	SE	77.6	81.6	81.6	79.9	29.766	0.00	0.00	0	0.00	0	0.0	0.00	0.0	0.000	0.262	72.1	83	66.6	73.8	17.25	 .0726	0.000	702	1	100.0	30
02/24/20	8:00 p	77.7	77.7	77.5	86	73.2	0.0	---	0.00	0.0	---	77.7	81.8	81.8	80.1	29.777	0.00	0.00	0	0.00	0	0.0	0.00	0.0	0.000	0.265	72.1	83	66.6	73.8	17.25	 .0726	0.001	703	1	100.0	30
02/24/20	8:30 p	77.4	77.7	77.4	86	72.9	0.0	---	0.00	0.0	---	77.4	81.3	81.3	79.5	29.785	0.00	0.00	0	0.00	0	0.0	0.00	0.0	0.000	0.258	72.1	83	66.6	73.8	17.25	 .0726	0.000	702	1	100.0	30
02/24/20	9:00 p	77.5	77.5	77.3	87	73.3	0.0	---	0.00	0.0	---	77.5	81.6	81.6	79.9	29.791	0.00	0.00	0	0.00	0	0.0	0.00	0.0	0.000	0.260	72.1	83	66.6	73.8	17.25	 .0727	0.001	701	1	100.0	30
02/24/20	9:30 p	77.6	77.6	77.4	87	73.4	0.0	---	0.00	0.0	---	77.6	81.7	81.7	80.0	29.791	0.00	0.00	0	0.00	0	0.0	0.00	0.0	0.000	0.262	72.1	83	66.6	73.8	17.25	 .0727	0.000	700	1	100.0	30
02/24/20	10:00 p	77.7	77.8	77.5	87	73.5	0.0	---	0.00	0.0	---	77.7	81.9	81.9	80.2	29.792	0.00	0.00	0	0.00	0	0.0	0.00	0.0	0.000	0.265	72.2	83	66.7	73.9	17.25	 .0726	0.001	702	1	100.0	30
02/24/20	10:30 p	78.1	78.1	77.7	87	73.9	0.0	---	0.00	0.0	---	78.1	82.6	82.6	80.9	29.795	0.00	0.00	0	0.00	0	0.0	0.00	0.0	0.000	0.273	72.2	83	66.7	73.9	17.25	 .0727	0.000	701	1	100.0	30
02/24/20	11:00 p	78.1	78.2	77.9	88	74.3	0.0	---	0.00	0.0	---	78.1	82.7	82.7	81.1	29.796	0.00	0.00	0	0.00	0	0.0	0.00	0.0	0.000	0.273	72.2	83	66.7	73.9	17.25	 .0727	0.001	701	1	100.0	30
02/24/20	11:30 p	78.3	78.3	78.0	88	74.5	0.0	---	0.00	0.0	---	78.3	83.1	83.1	81.5	29.788	0.00	0.00	0	0.00	0	0.0	0.00	0.0	0.000	0.277	72.2	83	66.7	73.9	17.25	 .0726	0.000	697	1	100.0	30
02/25/20	12:00 a	78.3	78.4	78.1	88	74.5	0.0	---	0.00	0.0	---	78.3	83.1	83.1	81.5	29.781	0.00	0.00	0	0.00	0	0.0	0.00	0.0	0.000	0.277	72.3	83	66.8	74.0	17.25	 .0726	0.000	702	1	100.0	30
02/25/20	12:30 a	78.4	78.5	78.2	88	74.5	0.0	---	0.00	0.0	---	78.4	83.2	83.2	81.6	29.780	0.00	0.00	0	0.00	0	0.0	0.00	0.0	0.000	0.279	72.2	83	66.7	73.9	17.25	 .0726	0.000	699	1	100.0	30
02/25/20	1:00 a	78.5	78.6	78.4	88	74.6	0.0	---	0.00	0.0	---	78.5	83.4	83.4	81.8	29.769	0.00	0.00	0	0.00	0	0.0	0.00	0.0	0.000	0.281	72.3	83	66.8	74.0	17.25	 .0726	0.000	703	1	100.0	30
02/25/20	1:30 a	78.5	78.6	78.4	88	74.6	0.0	---	0.00	0.0	---	78.5	83.4	83.4	81.8	29.763	0.00	0.00	0	0.00	0	0.0	0.00	0.0	0.000	0.281	72.3	83	66.8	74.0	17.25	 .0726	0.000	702	1	100.0	30
02/25/20	2:00 a	78.6	78.7	78.5	88	74.7	0.0	---	0.00	0.0	---	78.6	83.6	83.6	82.0	29.759	0.00	0.00	0	0.00	0	0.0	0.00	0.0	0.000	0.283	72.3	83	66.8	74.0	17.25	 .0725	0.000	700	1	100.0	30
02/25/20	2:30 a	78.3	78.6	78.3	88	74.5	0.0	---	0.00	0.0	---	78.3	83.1	83.1	81.5	29.750	0.00	0.00	0	0.00	0	0.0	0.00	0.0	0.000	0.277	72.4	83	66.9	74.2	17.25	 .0725	0.000	701	1	100.0	30
02/25/20	3:00 a	77.7	78.4	77.7	88	73.9	0.0	---	0.00	0.0	---	77.7	82.0	82.0	80.3	29.743	0.00	0.00	0	0.00	0	0.0	0.00	0.0	0.000	0.265	72.4	83	66.9	74.2	17.25	 .0725	0.000	701	1	100.0	30
02/25/20	3:30 a	76.6	77.7	76.6	88	72.8	0.0	---	0.00	0.0	---	76.6	80.3	80.3	78.5	29.740	0.00	0.00	0	0.00	0	0.0	0.00	0.0	0.000	0.242	72.4	83	66.9	74.2	17.25	 .0725	0.000	699	1	100.0	30
02/25/20	4:00 a	76.1	76.7	76.1	88	72.3	0.0	---	0.00	0.0	---	76.1	79.5	79.5	77.7	29.737	0.00	0.00	0	0.00	0	0.0	0.00	0.0	0.000	0.231	72.4	83	66.9	74.2	17.25	 .0725	0.000	698	1	100.0	30
02/25/20	4:30 a	75.8	76.2	75.8	88	72.0	0.0	---	0.00	0.0	---	75.8	79.2	79.2	77.4	29.737	0.00	0.00	0	0.00	0	0.0	0.00	0.0	0.000	0.225	72.4	83	66.9	74.2	17.25	 .0725	0.000	703	1	100.0	30
02/25/20	5:00 a	75.5	75.9	75.5	88	71.7	0.0	---	0.00	0.0	---	75.5	78.8	78.8	77.0	29.743	0.00	0.00	0	0.00	0	0.0	0.00	0.0	0.000	0.219	72.4	83	66.9	74.2	17.25	 .0725	0.000	700	1	100.0	30
02/25/20	5:30 a	75.2	75.5	75.2	88	71.4	0.0	---	0.00	0.0	---	75.2	78.5	78.5	76.7	29.759	0.00	0.00	0	0.00	0	0.0	0.00	0.0	0.000	0.212	72.5	83	67.0	74.3	17.25	 .0725	0.000	700	1	100.0	30
02/25/20	6:00 a	75.2	75.3	75.1	88	71.4	0.0	---	0.00	0.0	---	75.2	78.5	78.5	76.7	29.770	0.00	0.00	4	0.17	12	0.0	0.00	0.0	0.000	0.212	72.5	83	67.0	74.3	17.25	 .0725	0.000	700	1	100.0	30
02/25/20	6:30 a	75.6	75.7	75.2	89	72.1	0.0	---	0.00	0.0	---	75.6	79.0	79.0	79.2	29.773	0.00	0.00	23	0.99	32	0.0	0.00	0.0	0.000	0.221	72.5	83	67.0	74.3	17.25	 .0725	0.000	700	1	100.0	30
02/25/20	7:00 a	76.5	76.5	75.7	89	73.0	0.0	---	0.00	0.0	---	76.5	80.2	80.2	80.8	29.789	0.00	0.00	36	1.55	42	0.0	0.00	0.0	0.000	0.240	72.5	83	67.0	74.3	17.25	 .0726	0.001	696	1	100.0	30
02/25/20	7:30 a	76.6	76.7	76.2	89	73.1	0.0	---	0.00	0.0	---	76.6	80.3	80.3	80.9	29.791	0.00	0.00	41	1.76	46	0.0	0.00	0.0	0.000	0.242	72.5	83	67.0	74.3	17.25	 .0726	0.000	698	1	100.0	30
02/25/20	8:00 a	78.6	78.7	76.6	88	74.7	0.0	---	0.00	0.0	---	78.6	83.6	83.6	85.2	29.803	0.00	0.00	78	3.35	292	0.4	0.09	2.0	0.000	0.283	72.5	83	67.0	74.3	17.25	 .0726	0.002	702	1	100.0	30
02/25/20	8:30 a	82.6	82.6	78.7	79	75.4	0.0	---	0.00	0.0	---	82.6	90.3	90.3	100.6	29.809	0.00	0.00	450	19.35	529	3.0	0.64	3.7	0.000	0.367	72.5	83	67.0	74.3	17.25	 .0726	0.000	698	1	100.0	30
02/25/20	9:00 a	85.9	85.9	82.7	73	76.2	0.0	---	0.00	0.0	---	85.9	96.1	96.1	108.0	29.816	0.00	0.00	612	26.32	694	4.5	0.96	5.3	0.000	0.435	72.5	83	67.0	74.3	17.25	 .0726	0.014	700	1	100.0	30
02/25/20	9:30 a	87.0	87.2	85.9	72	76.9	0.0	SE	0.00	4.0	ESE	87.0	98.3	98.3	110.5	29.823	0.00	0.00	764	32.86	837	6.2	1.33	7.1	0.000	0.458	72.5	83	67.0	74.3	17.25	 .0727	0.000	700	1	100.0	30
02/25/20	10:00 a	87.9	87.9	86.5	71	77.3	1.0	SSE	0.50	5.0	SSE	87.9	99.3	99.3	110.9	29.820	0.00	0.00	869	37.37	919	8.0	1.71	8.8	0.000	0.477	72.4	83	66.9	74.2	17.25	 .0727	0.022	701	1	100.0	30
02/25/20	10:30 a	88.6	88.6	87.6	70	77.6	2.0	SSW	1.00	7.0	WSW	88.6	101.0	101.0	113.3	29.816	0.00	0.00	968	41.63	1018	9.7	2.08	10.5	0.000	0.492	72.4	83	66.9	74.2	17.25	 .0727	0.000	698	1	100.0	30
02/25/20	11:00 a	88.2	89.1	87.9	69	76.7	2.0	SSW	1.00	7.0	SSW	88.2	99.2	99.2	110.5	29.806	0.00	0.00	932	40.08	1232	10.2	2.19	12.2	0.000	0.483	72.4	83	66.9	74.2	17.25	 .0726	0.026	702	1	100.0	30
02/25/20	11:30 a	88.8	89.2	87.5	70	77.7	2.0	SSE	1.00	10.0	S	88.8	101.6	101.6	114.0	29.798	0.00	0.00	709	30.49	1178	9.8	2.10	12.6	0.000	0.496	72.4	83	66.9	74.2	17.25	 .0726	0.000	700	1	100.0	30
02/25/20	12:00 p	89.7	89.9	88.7	68	77.7	2.0	ESE	1.00	11.0	SSE	89.7	103.6	103.6	116.7	29.785	0.00	0.00	1027	44.17	1153	11.4	2.44	12.7	0.000	0.515	72.4	83	66.9	74.2	17.25	 .0726	0.024	700	1	100.0	30
02/25/20	12:30 p	88.4	89.7	87.8	70	77.4	3.0	ESE	1.50	11.0	SSE	88.4	100.3	100.3	112.1	29.778	0.00	0.00	893	38.40	1211	10.1	2.16	13.0	0.000	0.488	72.4	83	66.9	74.2	17.25	 .0726	0.000	696	1	100.0	30
02/25/20	1:00 p	89.2	89.6	88.0	69	77.7	3.0	SSE	1.50	11.0	SE	89.2	102.4	102.4	114.4	29.769	0.00	0.00	790	33.97	1134	9.8	2.10	12.4	0.000	0.504	72.4	83	66.9	74.2	17.25	 .0726	0.025	698	1	100.0	30
02/25/20	1:30 p	87.5	89.9	87.2	71	76.9	2.0	ESE	1.00	11.0	S	87.5	98.7	98.7	109.7	29.759	0.00	0.00	537	23.09	1162	7.3	1.56	11.5	0.000	0.469	72.4	83	66.9	74.2	17.25	 .0725	0.000	701	1	100.0	30
02/25/20	2:00 p	89.4	89.5	87.2	69	77.9	3.0	SSE	1.50	12.0	ESE	89.4	103.1	103.1	119.5	29.739	0.00	0.00	889	38.23	1127	7.8	1.67	9.4	0.000	0.508	72.3	83	66.8	74.0	17.25	 .0725	0.021	700	1	100.0	30
02/25/20	2:30 p	86.9	89.4	86.9	69	75.5	3.0	SSE	1.50	12.0	ESE	86.9	96.9	96.9	109.0	29.737	0.00	0.00	589	25.33	1092	5.4	1.16	7.8	0.000	0.456	72.3	83	66.8	74.0	17.25	 .0725	0.000	702	1	100.0	30
02/25/20	3:00 p	86.5	87.8	86.3	72	76.4	2.0	SE	1.00	8.0	ESE	86.5	97.2	97.2	106.4	29.728	0.00	0.00	318	13.68	749	3.7	0.79	5.7	0.000	0.448	72.3	82	66.5	74.0	16.85	 .0725	0.014	702	1	100.0	30
02/25/20	3:30 p	85.6	86.4	85.1	73	75.9	1.0	ENE	0.50	13.0	SSE	85.6	95.4	95.4	103.1	29.728	0.00	0.00	230	9.89	376	2.1	0.45	2.4	0.000	0.429	72.2	82	66.4	73.8	16.85	 .0725	0.000	695	1	100.0	30
02/25/20	4:00 p	84.1	85.6	84.0	79	76.9	1.0	SSE	0.50	6.0	E	84.1	94.3	94.3	98.5	29.727	0.00	0.00	113	4.86	134	1.3	0.28	1.5	0.000	0.398	72.2	82	66.4	73.8	16.85	 .0725	0.005	698	1	100.0	30
02/25/20	4:30 p	83.3	84.1	83.1	80	76.5	1.0	NE	0.50	5.0	SSE	83.3	92.5	92.5	93.4	29.725	0.00	0.00	94	4.04	118	0.7	0.15	1.0	0.000	0.381	72.2	82	66.4	73.8	16.85	 .0725	0.000	702	1	100.0	30
02/25/20	5:00 p	82.2	83.3	82.2	82	76.2	1.0	ESE	0.50	4.0	SSE	82.2	90.1	90.1	89.9	29.729	0.00	0.00	44	1.89	56	0.0	0.00	0.0	0.000	0.358	72.2	82	66.4	73.8	16.85	 .0725	0.002	700	1	100.0	30
02/25/20	5:30 p	81.5	82.3	81.5	83	75.8	1.0	SSW	0.50	4.0	S	81.5	88.5	88.5	87.6	29.731	0.00	0.00	19	0.82	30	0.0	0.00	0.0	0.000	0.344	72.2	82	66.4	73.8	16.85	 .0725	0.000	702	1	100.0	30
02/25/20	6:00 p	80.0	81.5	80.0	84	74.7	0.0	E	0.00	3.0	E	80.0	85.4	85.4	84.1	29.746	0.00	0.00	1	0.04	7	0.0	0.00	0.0	0.000	0.313	72.1	82	66.3	73.7	16.85	 .0726	0.001	700	1	100.0	30
02/25/20	6:30 p	79.1	80.0	79.1	85	74.2	0.0	---	0.00	0.0	---	79.1	83.9	83.9	82.5	29.754	0.00	0.00	0	0.00	0	0.0	0.00	0.0	0.000	0.294	72.2	83	66.7	73.9	17.25	 .0726	0.000	700	1	100.0	30
02/25/20	7:00 p	78.2	79.1	78.2	86	73.7	0.0	---	0.00	0.0	---	78.2	82.6	82.6	81.2	29.762	0.00	0.00	0	0.00	0	0.0	0.00	0.0	0.000	0.275	72.2	82	66.4	73.8	16.85	 .0726	0.001	702	1	100.0	30
02/25/20	7:30 p	77.6	78.2	77.6	86	73.1	0.0	---	0.00	0.0	---	77.6	81.6	81.6	80.2	29.767	0.00	0.00	0	0.00	0	0.0	0.00	0.0	0.000	0.262	72.2	82	66.4	73.8	16.85	 .0726	0.000	698	1	100.0	30
02/25/20	8:00 p	77.3	77.6	77.3	87	73.1	0.0	---	0.00	0.0	---	77.3	81.2	81.2	79.8	29.778	0.00	0.00	0	0.00	0	0.0	0.00	0.0	0.000	0.256	72.1	82	66.3	73.7	16.85	 .0727	0.001	702	1	100.0	30
02/25/20	8:30 p	76.9	77.4	76.9	87	72.7	0.0	---	0.00	0.0	---	76.9	80.6	80.6	79.1	29.786	0.00	0.00	0	0.00	0	0.0	0.00	0.0	0.000	0.248	72.2	82	66.4	73.8	16.85	 .0727	0.000	701	1	100.0	30
02/25/20	9:00 p	76.5	76.9	76.5	87	72.3	0.0	---	0.00	0.0	---	76.5	80.0	80.0	78.5	29.792	0.00	0.00	0	0.00	0	0.0	0.00	0.0	0.000	0.240	72.2	82	66.4	73.8	16.85	 .0727	0.001	702	1	100.0	30
02/25/20	9:30 p	76.1	76.5	76.1	87	71.9	0.0	---	0.00	0.0	---	76.1	79.5	79.5	78.0	29.795	0.00	0.00	0	0.00	0	0.0	0.00	0.0	0.000	0.231	72.3	82	66.5	74.0	16.85	 .0727	0.000	701	1	100.0	30
02/25/20	10:00 p	75.6	76.2	75.6	88	71.8	0.0	---	0.00	0.0	---	75.6	78.9	78.9	77.4	29.802	0.00	0.00	0	0.00	0	0.0	0.00	0.0	0.000	0.221	72.3	82	66.5	74.0	16.85	 .0727	0.001	702	1	100.0	30
02/25/20	10:30 p	74.8	75.6	74.8	88	71.0	0.0	---	0.00	0.0	---	74.8	77.9	77.9	76.4	29.803	0.00	0.00	0	0.00	0	0.0	0.00	0.0	0.000	0.204	72.4	83	66.9	74.2	17.25	 .0726	0.000	700	1	100.0	30
02/25/20	11:00 p	74.6	74.9	74.6	88	70.8	0.0	---	0.00	0.0	---	74.6	77.5	77.5	75.9	29.804	0.00	0.00	0	0.00	0	0.0	0.00	0.0	0.000	0.200	72.4	83	66.9	74.2	17.25	 .0726	0.000	702	1	100.0	30
02/25/20	11:30 p	74.5	74.7	74.5	88	70.7	0.0	---	0.00	0.0	---	74.5	77.3	77.3	75.7	29.799	0.00	0.00	0	0.00	0	0.0	0.00	0.0	0.000	0.198	72.4	83	66.9	74.2	17.25	 .0726	0.000	698	1	100.0	30
02/26/20	12:00 a	74.4	74.6	74.4	88	70.6	0.0	---	0.00	0.0	---	74.4	77.1	77.1	75.5	29.796	0.00	0.00	0	0.00	0	0.0	0.00	0.0	0.000	0.196	72.4	83	66.9	74.2	17.25	 .0726	0.000	701	1	100.0	30
02/26/20	12:30 a	74.5	74.5	74.3	88	70.7	0.0	---	0.00	0.0	---	74.5	77.3	77.3	75.7	29.793	0.00	0.00	0	0.00	0	0.0	0.00	0.0	0.000	0.198	72.4	83	66.9	74.2	17.25	 .0726	0.000	700	1	100.0	30
02/26/20	1:00 a	74.4	74.5	74.4	88	70.6	0.0	---	0.00	0.0	---	74.4	77.1	77.1	75.5	29.777	0.00	0.00	0	0.00	0	0.0	0.00	0.0	0.000	0.196	72.5	83	67.0	74.3	17.25	 .0726	0.000	700	1	100.0	30
02/26/20	1:30 a	74.4	74.5	74.2	88	70.6	0.0	---	0.00	0.0	---	74.4	77.1	77.1	75.5	29.768	0.00	0.00	0	0.00	0	0.0	0.00	0.0	0.000	0.196	72.5	83	67.0	74.3	17.25	 .0725	0.000	699	1	100.0	30
02/26/20	2:00 a	74.4	74.5	74.3	88	70.6	0.0	---	0.00	0.0	---	74.4	77.1	77.1	75.5	29.772	0.00	0.00	0	0.00	0	0.0	0.00	0.0	0.000	0.196	72.6	83	67.1	74.4	17.25	 .0725	0.000	700	1	100.0	30
02/26/20	2:30 a	74.4	74.5	74.3	88	70.6	0.0	---	0.00	0.0	---	74.4	77.1	77.1	75.5	29.761	0.00	0.00	0	0.00	0	0.0	0.00	0.0	0.000	0.196	72.5	83	67.0	74.3	17.25	 .0725	0.000	702	1	100.0	30
02/26/20	3:00 a	74.2	74.6	74.2	88	70.4	0.0	---	0.00	0.0	---	74.2	76.7	76.7	75.1	29.765	0.00	0.00	0	0.00	0	0.0	0.00	0.0	0.000	0.192	72.6	83	67.1	74.4	17.25	 .0725	0.000	702	1	100.0	30
02/26/20	3:30 a	74.3	74.5	74.2	88	70.5	0.0	---	0.00	0.0	---	74.3	76.9	76.9	75.3	29.764	0.00	0.00	0	0.00	0	0.0	0.00	0.0	0.000	0.194	72.6	83	67.1	74.4	17.25	 .0725	0.000	701	1	100.0	30
02/26/20	4:00 a	74.2	74.4	74.1	88	70.4	0.0	---	0.00	0.0	---	74.2	76.7	76.7	75.1	29.769	0.00	0.00	0	0.00	0	0.0	0.00	0.0	0.000	0.192	72.6	83	67.1	74.4	17.25	 .0725	0.000	700	1	100.0	30
02/26/20	4:30 a	74.2	74.4	74.1	89	70.7	0.0	---	0.00	0.0	---	74.2	76.8	76.8	75.2	29.781	0.00	0.00	0	0.00	0	0.0	0.00	0.0	0.000	0.192	72.6	83	67.1	74.4	17.25	 .0725	0.000	703	1	100.0	30
02/26/20	5:00 a	74.6	74.6	74.1	88	70.8	0.0	---	0.00	0.0	---	74.6	77.5	77.5	75.9	29.781	0.00	0.00	0	0.00	0	0.0	0.00	0.0	0.000	0.200	72.6	83	67.1	74.4	17.25	 .0725	0.000	700	1	100.0	30
02/26/20	5:30 a	74.1	74.6	74.0	89	70.6	0.0	---	0.00	0.0	---	74.1	76.6	76.6	75.0	29.791	0.00	0.00	0	0.00	0	0.0	0.00	0.0	0.000	0.190	72.6	83	67.1	74.4	17.25	 .0726	0.000	698	1	100.0	30
02/26/20	6:00 a	74.8	74.8	74.1	89	71.3	0.0	---	0.00	0.0	---	74.8	77.9	77.9	76.4	29.799	0.00	0.00	3	0.13	12	0.0	0.00	0.0	0.000	0.204	72.7	83	67.2	74.6	17.25	 .0726	0.000	701	1	100.0	30
02/26/20	6:30 a	75.0	75.1	74.8	89	71.5	0.0	---	0.00	0.0	---	75.0	78.3	78.3	78.2	29.811	0.00	0.00	18	0.77	21	0.0	0.00	0.0	0.000	0.208	72.7	83	67.2	74.6	17.25	 .0726	0.000	696	1	100.0	30
02/26/20	7:00 a	76.7	76.7	75.0	89	73.2	0.0	---	0.00	0.0	---	76.7	80.5	80.5	81.0	29.815	0.00	0.00	35	1.51	51	0.0	0.00	0.0	0.000	0.244	72.7	83	67.2	74.6	17.25	 .0726	0.001	700	1	100.0	30
02/26/20	7:30 a	77.9	78.1	76.7	89	74.4	0.0	---	0.00	0.0	---	77.9	82.5	82.5	84.2	29.829	0.00	0.00	72	3.10	90	0.8	0.17	1.1	0.000	0.269	72.7	83	67.2	74.6	17.25	 .0726	0.000	697	1	100.0	30
02/26/20	8:00 a	79.9	79.9	77.9	88	76.0	0.0	---	0.00	0.0	---	79.9	86.1	86.1	88.8	29.836	0.00	0.00	111	4.77	357	0.6	0.13	2.2	0.000	0.310	72.7	83	67.2	74.6	17.25	 .0727	0.002	698	1	100.0	30
02/26/20	10:30 a	85.5	85.9	85.5	74	76.3	2.0	SSE	1.00	5.0	SSE	85.5	95.5	95.5	101.9	29.920	0.00	0.00	302	12.99	302	4.5	0.96	4.5	0.000	0.427	72.3	84	67.2	74.1	17.64	 .0729	0.000	62	1	9.1	30
02/26/20	11:00 a	85.1	86.0	84.7	76	76.7	1.0	SSW	0.50	7.0	WSW	85.1	95.2	95.2	102.8	29.919	0.00	0.00	362	15.57	747	6.2	1.33	11.2	0.000	0.419	70.4	83	65.0	71.8	17.25	 .0733	0.012	697	1	100.0	30
02/26/20	11:30 a	86.2	86.4	85.0	71	75.7	1.0	SSW	0.50	5.0	SW	86.2	96.1	96.1	107.3	29.907	0.00	0.00	601	25.85	909	8.1	1.74	10.5	0.000	0.442	70.6	90	67.5	72.7	20.45	 .0731	0.000	698	1	100.0	30
02/26/20	12:00 p	87.4	87.4	86.1	72	77.3	1.0	S	0.50	5.0	S	87.4	99.0	99.0	110.8	29.902	0.00	0.00	643	27.65	773	8.6	1.84	10.9	0.000	0.467	70.2	82	64.4	71.5	16.85	 .0733	0.017	695	1	100.0	30
02/26/20	12:30 p	87.4	88.5	86.6	68	75.5	2.0	SSW	1.00	6.0	SSE	87.4	97.3	97.3	108.8	29.881	0.00	0.00	882	37.93	1498	10.4	2.23	14.1	0.000	0.467	70.2	87	66.1	72.0	18.86	 .0732	0.000	698	1	100.0	30
02/26/20	1:00 p	87.4	88.7	87.4	69	76.0	2.0	SSW	1.00	6.0	SSE	87.4	97.7	97.7	109.9	29.878	0.00	0.00	765	32.90	1382	9.7	2.08	13.3	0.000	0.467	70.1	86	65.7	71.7	18.26	 .0732	0.023	701	1	100.0	30
02/26/20	1:30 p	87.0	87.8	86.9	69	75.6	1.0	SSW	0.50	7.0	W	87.0	97.1	97.1	109.2	29.866	0.00	0.00	661	28.43	1136	8.1	1.74	11.3	0.000	0.458	70.2	86	65.8	71.9	18.26	 .0732	0.000	701	1	100.0	30
02/26/20	2:00 p	88.0	88.4	86.5	70	77.0	2.0	SSW	1.00	5.0	S	88.0	99.0	99.0	111.1	29.856	0.00	0.00	621	26.71	1276	7.2	1.54	9.6	0.000	0.479	70.1	87	66.0	71.8	18.85	 .0731	0.019	699	1	100.0	30
02/26/20	2:30 p	86.9	88.0	86.9	70	75.9	3.0	SW	1.50	8.0	NNW	86.9	97.3	97.3	112.8	29.845	0.00	0.00	732	31.48	944	6.4	1.37	7.6	0.000	0.456	70.0	87	66.0	71.7	18.85	 .0731	0.000	700	1	100.0	30
02/26/20	3:00 p	87.0	87.7	86.6	69	75.6	2.0	SSW	1.00	8.0	WNW	87.0	97.1	97.1	115.9	29.832	0.00	0.00	735	31.61	875	4.8	1.03	6.2	0.000	0.458	70.0	87	66.0	71.7	18.85	 .0731	0.019	699	1	100.0	30
02/26/20	3:30 p	86.7	87.4	86.1	71	76.2	2.0	SSW	1.00	6.0	SSW	86.7	97.2	97.2	113.4	29.823	0.00	0.00	522	22.45	712	3.2	0.69	4.2	0.000	0.452	70.9	89	67.5	73.0	19.95	 .0729	0.000	666	1	97.4	30
02/26/20	4:00 p	84.8	86.7	84.3	76	76.4	1.0	SW	0.50	5.0	SSE	84.8	94.6	94.6	101.1	29.832	0.00	0.00	178	7.65	229	1.3	0.28	2.4	0.000	0.413	69.7	82	64.0	71.1	16.87	 .0732	0.010	699	1	100.0	30
02/26/20	4:30 p	83.9	85.0	83.8	79	76.7	1.0	SW	0.50	4.0	SSW	83.9	93.9	93.9	95.1	29.833	0.00	0.00	120	5.16	185	0.7	0.15	0.9	0.000	0.394	69.7	82	64.0	71.1	16.87	 .0732	0.000	702	1	100.0	30
02/26/20	5:00 p	82.4	83.8	82.4	81	76.0	0.0	SW	0.00	3.0	SW	82.4	90.3	90.3	89.7	29.838	0.00	0.00	38	1.63	51	0.0	0.00	0.0	0.000	0.363	69.7	75	61.4	70.4	14.45	 .0734	0.002	702	1	100.0	30
02/26/20	5:30 p	80.7	82.5	80.7	85	75.8	0.0	SSW	0.00	3.0	WNW	80.7	87.1	87.1	86.3	29.851	0.31	1.91	29	1.25	62	0.0	0.00	0.0	0.000	0.327	70.1	88	66.4	71.9	19.35	 .0731	0.000	701	1	100.0	30
02/26/20	6:00 p	79.8	80.7	79.8	86	75.2	0.0	NW	0.00	2.0	NW	79.8	85.5	85.5	84.0	29.853	0.11	1.22	1	0.04	7	0.0	0.00	0.0	0.000	0.308	70.3	87	66.2	72.1	18.86	 .0731	0.001	702	1	100.0	30
02/26/20	6:30 p	79.8	80.0	79.6	87	75.6	0.0	NW	0.00	2.0	NW	79.8	85.7	85.7	84.2	29.876	0.00	0.00	0	0.00	0	0.0	0.00	0.0	0.000	0.308	69.9	75	61.6	70.5	14.45	 .0734	0.000	702	1	100.0	30
02/26/20	7:00 p	79.4	79.8	79.3	87	75.2	0.0	NE	0.00	2.0	NE	79.4	84.9	84.9	83.4	29.889	0.00	0.00	0	0.00	0	0.0	0.00	0.0	0.000	0.300	70.1	84	65.0	71.5	17.55	 .0733	0.001	701	1	100.0	30
02/26/20	7:30 p	79.0	79.5	79.0	88	75.1	0.0	NE	0.00	2.0	NE	79.0	84.3	84.3	82.8	29.896	0.00	0.00	0	0.00	0	0.0	0.00	0.0	0.000	0.292	70.3	88	66.6	72.2	19.36	 .0732	0.000	699	1	100.0	30
02/26/20	8:00 p	78.7	79.0	78.7	88	74.8	0.0	---	0.00	0.0	---	78.7	83.8	83.8	82.3	29.908	0.00	0.00	0	0.00	0	0.0	0.00	0.0	0.000	0.285	70.5	90	67.4	72.6	20.45	 .0731	0.001	700	1	100.0	30
02/26/20	8:30 p	78.7	78.8	78.6	88	74.8	0.0	---	0.00	0.0	---	78.7	83.8	83.8	82.3	29.912	0.00	0.00	0	0.00	0	0.0	0.00	0.0	0.000	0.285	70.7	89	67.3	72.8	19.95	 .0731	0.000	699	1	100.0	30
02/26/20	9:00 p	78.8	78.9	78.5	88	74.9	0.0	---	0.00	0.0	---	78.8	83.9	83.9	82.4	29.921	0.00	0.00	0	0.00	0	0.0	0.00	0.0	0.000	0.288	70.6	77	63.0	71.5	14.95	 .0734	0.001	702	1	100.0	30
02/26/20	9:30 p	78.4	78.9	78.3	88	74.5	0.0	ENE	0.00	2.0	ENE	78.4	83.2	83.2	81.7	29.925	0.00	0.00	0	0.00	0	0.0	0.00	0.0	0.000	0.279	70.6	81	64.5	71.9	16.54	 .0733	0.000	699	1	100.0	30
02/26/20	10:00 p	78.1	78.5	78.0	88	74.3	0.0	ESE	0.00	2.0	ENE	78.1	82.7	82.7	81.2	29.927	0.00	0.00	0	0.00	0	0.0	0.00	0.0	0.000	0.273	70.7	84	65.6	72.3	17.58	 .0733	0.001	698	1	100.0	30
02/26/20	10:30 p	78.1	78.3	78.0	88	74.3	0.0	ESE	0.00	2.0	ESE	78.1	82.7	82.7	81.2	29.932	0.00	0.00	0	0.00	0	0.0	0.00	0.0	0.000	0.273	70.4	85	65.7	72.0	17.97	 .0733	0.000	700	1	100.0	30
02/26/20	11:00 p	77.7	78.2	77.7	88	73.9	0.0	ESE	0.00	1.0	ESE	77.7	82.0	82.0	80.4	29.926	0.00	0.00	0	0.00	0	0.0	0.00	0.0	0.000	0.265	70.7	86	66.3	72.5	18.29	 .0732	0.001	699	1	100.0	30
02/26/20	11:30 p	77.6	77.9	77.6	88	73.8	0.0	---	0.00	0.0	---	77.6	81.8	81.8	80.2	29.915	0.00	0.00	0	0.00	0	0.0	0.00	0.0	0.000	0.262	70.6	86	66.2	72.4	18.29	 .0732	0.000	701	1	100.0	30
02/27/20	12:00 a	77.3	77.6	77.3	88	73.5	0.0	---	0.00	0.0	---	77.3	81.3	81.3	79.7	29.896	0.00	0.00	0	0.00	0	0.0	0.00	0.0	0.000	0.256	70.6	82	64.8	72.0	16.85	 .0732	0.000	701	1	100.0	30
02/27/20	12:30 a	77.3	77.3	77.1	88	73.5	0.0	ESE	0.00	2.0	ESE	77.3	81.3	81.3	79.7	29.898	0.00	0.00	0	0.00	0	0.0	0.00	0.0	0.000	0.256	71.0	83	65.6	72.6	17.25	 .0731	0.000	700	1	100.0	30
02/27/20	1:00 a	76.9	77.3	76.9	88	73.1	0.0	ESE	0.00	1.0	ESE	76.9	80.7	80.7	79.1	29.890	0.00	0.00	0	0.00	0	0.0	0.00	0.0	0.000	0.248	71.0	85	66.3	72.8	17.99	 .0731	0.000	697	1	100.0	30
02/27/20	1:30 a	76.7	77.1	76.7	88	72.9	0.0	ESE	0.00	1.0	ESE	76.7	80.4	80.4	78.7	29.875	0.00	0.00	0	0.00	0	0.0	0.00	0.0	0.000	0.244	70.9	82	65.1	72.4	16.85	 .0731	0.000	701	1	100.0	30
02/27/20	2:00 a	76.5	76.8	76.4	89	73.0	0.0	---	0.00	0.0	---	76.5	80.2	80.2	78.6	29.874	0.00	0.00	0	0.00	0	0.0	0.00	0.0	0.000	0.240	71.0	77	63.4	72.0	14.95	 .0732	0.000	699	1	100.0	30
02/27/20	2:30 a	76.5	76.6	76.3	89	73.0	0.0	---	0.00	0.0	---	76.5	80.2	80.2	78.6	29.859	0.00	0.00	0	0.00	0	0.0	0.00	0.0	0.000	0.240	71.5	92	69.1	73.9	20.84	 .0728	0.000	701	1	100.0	30
02/27/20	3:00 a	76.4	76.5	76.3	89	72.9	0.0	---	0.00	0.0	---	76.4	80.0	80.0	78.3	29.850	0.00	0.00	0	0.00	0	0.0	0.00	0.0	0.000	0.238	71.4	91	68.6	73.7	20.73	 .0728	0.000	697	1	100.0	30
02/27/20	3:30 a	76.3	76.5	76.3	89	72.8	0.0	---	0.00	0.0	---	76.3	79.9	79.9	78.2	29.850	0.00	0.00	0	0.00	0	0.0	0.00	0.0	0.000	0.235	71.1	89	67.7	73.2	19.95	 .0729	0.000	703	1	100.0	30
02/27/20	4:00 a	76.3	76.4	76.2	89	72.8	0.0	---	0.00	0.0	---	76.3	79.9	79.9	78.2	29.849	0.00	0.00	0	0.00	0	0.0	0.00	0.0	0.000	0.235	71.2	85	66.5	73.0	18.00	 .0729	0.000	699	1	100.0	30
02/27/20	4:30 a	76.0	76.3	76.0	89	72.5	0.0	---	0.00	0.0	---	76.0	79.4	79.4	77.7	29.848	0.00	0.00	0	0.00	0	0.0	0.00	0.0	0.000	0.229	71.5	92	69.1	73.9	20.84	 .0727	0.000	701	1	100.0	30
02/27/20	5:00 a	76.3	76.4	76.0	89	72.8	0.0	---	0.00	0.0	---	76.3	79.9	79.9	78.2	29.860	0.01	0.00	0	0.00	0	0.0	0.00	0.0	0.000	0.235	71.6	92	69.2	74.0	20.85	 .0728	0.000	701	1	100.0	30
02/27/20	5:30 a	76.6	76.6	76.3	89	73.1	0.0	---	0.00	0.0	---	76.6	80.3	80.3	78.7	29.873	0.00	0.00	0	0.00	0	0.0	0.00	0.0	0.000	0.242	71.3	90	68.2	73.5	20.45	 .0729	0.000	700	1	100.0	30
02/27/20	6:00 a	77.0	77.0	76.5	89	73.5	0.0	---	0.00	0.0	---	77.0	80.9	80.9	79.3	29.881	0.00	0.00	2	0.09	11	0.0	0.00	0.0	0.000	0.250	71.0	86	66.6	72.9	18.31	 .0730	0.000	697	1	100.0	30
02/27/20	6:30 a	77.3	77.3	76.9	89	73.8	0.0	---	0.00	0.0	---	77.3	81.4	81.4	81.4	29.891	0.00	0.00	18	0.77	25	0.0	0.00	0.0	0.000	0.256	71.3	79	64.4	72.5	15.72	 .0731	0.000	702	1	100.0	30
02/27/20	7:00 a	78.0	78.0	77.3	89	74.5	0.0	---	0.00	0.0	---	78.0	82.7	82.7	83.9	29.898	0.00	0.00	50	2.15	91	0.0	0.00	0.0	0.000	0.271	71.6	93	69.5	74.1	21.01	 .0728	0.001	701	1	100.0	30
02/27/20	7:30 a	78.8	78.9	78.0	89	75.3	0.0	---	0.00	0.0	---	78.8	84.1	84.1	87.1	29.906	0.00	0.00	106	4.56	125	0.4	0.09	0.6	0.000	0.288	71.3	92	68.9	73.7	20.83	 .0729	0.000	699	1	100.0	30
02/27/20	8:00 a	79.4	79.4	78.7	89	75.9	0.0	---	0.00	0.0	---	79.4	85.3	85.3	87.9	29.908	0.00	0.00	108	4.64	134	0.6	0.13	1.0	0.000	0.300	70.9	89	67.5	73.0	19.95	 .0731	0.003	700	1	100.0	30
02/27/20	8:30 a	80.4	80.7	79.4	89	76.9	0.0	---	0.00	0.0	---	80.4	87.5	87.5	91.4	29.921	0.00	0.00	166	7.14	248	1.4	0.30	2.3	0.000	0.321	71.0	88	67.3	73.0	19.39	 .0731	0.000	700	1	100.0	30
02/27/20	9:00 a	81.1	81.2	80.2	89	77.5	0.0	---	0.00	0.0	---	81.1	89.2	89.2	94.0	29.926	0.00	0.00	213	9.16	524	2.3	0.49	3.7	0.000	0.335	71.1	89	67.7	73.2	19.95	 .0731	0.005	702	1	100.0	30
02/27/20	9:30 a	81.1	81.4	79.8	88	77.2	1.0	SW	0.50	3.0	SW	81.1	88.9	88.9	94.2	29.927	0.00	0.00	241	10.36	294	3.6	0.77	5.8	0.000	0.335	71.2	93	69.1	73.7	21.00	 .0730	0.000	699	1	100.0	30
02/27/20	10:00 a	84.4	84.5	80.8	83	78.7	1.0	SW	0.50	7.0	SE	84.4	96.3	96.3	107.0	29.926	0.00	0.00	540	23.22	984	5.7	1.22	8.4	0.000	0.404	71.1	92	68.7	73.5	20.82	 .0730	0.010	700	1	100.0	30
02/27/20	10:30 a	86.7	86.9	84.3	75	77.8	2.0	WSW	1.00	9.0	SW	86.7	98.8	98.8	112.0	29.924	0.00	0.00	1039	44.68	1120	9.7	2.08	10.6	0.000	0.452	71.2	90	68.1	73.4	20.45	 .0730	0.000	699	1	100.0	30
02/27/20	11:00 a	86.5	87.0	85.2	74	77.2	2.0	SSW	1.00	6.0	W	86.5	97.9	97.9	109.3	29.911	0.00	0.00	936	40.25	1164	10.0	2.14	11.4	0.000	0.448	70.6	78	63.4	71.6	15.34	 .0733	0.025	699	1	100.0	30
02/27/20	11:30 a	86.5	86.9	86.1	75	77.6	2.0	SSW	1.00	6.0	W	86.5	98.3	98.3	111.5	29.899	0.00	0.00	1072	46.10	1125	11.8	2.53	12.1	0.000	0.448	70.7	91	67.9	72.9	20.69	 .0731	0.000	700	1	100.0	30
02/27/20	12:00 p	86.8	87.2	86.3	76	78.3	2.0	SSW	1.00	7.0	SSW	86.8	99.6	99.6	114.0	29.892	0.00	0.00	1124	48.34	1172	12.1	2.59	12.5	0.000	0.454	70.4	82	64.6	71.8	16.85	 .0733	0.029	700	1	100.0	30
02/27/20	12:30 p	86.9	87.3	85.4	76	78.4	2.0	SSE	1.00	7.0	W	86.9	99.8	99.8	113.9	29.881	0.00	0.00	1049	45.11	1264	11.2	2.40	12.6	0.000	0.456	70.6	90	67.5	72.7	20.45	 .0730	0.000	692	1	100.0	30
02/27/20	1:00 p	87.0	87.5	86.4	75	78.1	3.0	SSW	1.50	9.0	S	87.0	99.6	99.6	115.0	29.869	0.00	0.00	1053	45.28	1143	11.2	2.40	12.0	0.000	0.458	70.4	88	66.7	72.3	19.37	 .0731	0.027	697	1	100.0	30
02/27/20	1:30 p	87.3	87.3	86.4	74	78.0	2.0	SSE	1.00	8.0	WSW	87.3	99.7	99.7	114.8	29.853	0.00	0.00	943	40.55	977	9.7	2.08	10.4	0.000	0.465	70.1	77	62.6	70.9	14.95	 .0733	0.000	700	1	100.0	30
02/27/20	2:00 p	86.9	87.6	86.2	72	76.8	2.0	S	1.00	6.0	SSE	86.9	98.1	98.1	114.0	29.837	0.00	0.00	873	37.54	907	8.2	1.76	9.0	0.000	0.456	70.3	85	65.6	71.9	17.96	 .0731	0.024	698	1	100.0	30
02/27/20	2:30 p	86.3	87.3	86.1	73	76.6	2.0	S	1.00	7.0	ESE	86.3	97.1	97.1	114.1	29.828	0.00	0.00	797	34.28	831	6.6	1.41	7.4	0.000	0.444	70.3	89	66.9	72.3	19.95	 .0730	0.000	701	1	100.0	30
02/27/20	3:00 p	86.6	87.2	85.9	73	76.9	2.0	SSE	1.00	5.0	SSW	86.6	97.8	97.8	115.6	29.821	0.00	0.00	699	30.06	810	4.7	1.01	5.8	0.000	0.450	70.0	84	64.9	71.4	17.55	 .0731	0.020	697	1	100.0	30
02/27/20	3:30 p	85.4	86.6	85.4	74	76.2	2.0	SSE	1.00	9.0	SSE	85.4	95.2	95.2	113.7	29.817	0.00	0.00	594	25.55	635	3.2	0.69	4.0	0.000	0.425	70.2	86	65.8	71.9	18.26	 .0730	0.000	700	1	100.0	30
02/27/20	4:00 p	85.9	85.9	84.3	75	77.1	1.0	SE	0.50	4.0	SE	85.9	96.8	96.8	112.5	29.817	0.00	0.00	419	18.02	508	1.9	0.41	2.3	0.000	0.435	70.2	85	65.5	71.8	17.96	 .0731	0.013	701	1	100.0	30
02/27/20	4:30 p	84.0	85.9	84.0	76	75.6	1.0	SSE	0.50	6.0	ESE	84.0	93.1	93.1	95.6	29.818	0.00	0.00	190	8.17	397	0.8	0.17	1.3	0.000	0.396	70.0	74	61.3	70.5	14.25	 .0733	0.000	701	1	100.0	30
02/27/20	5:00 p	83.8	84.3	83.6	77	75.8	1.0	SSE	0.50	5.0	S	83.8	92.9	92.9	93.0	29.824	0.00	0.00	77	3.31	97	0.0	0.00	0.0	0.000	0.392	69.7	71	59.9	70.0	13.46	 .0734	0.004	702	1	100.0	30
02/27/20	5:30 p	82.5	83.8	82.3	81	76.1	0.0	ESE	0.00	3.0	ESE	82.5	90.6	90.6	90.2	29.838	0.00	0.00	50	2.15	74	0.0	0.00	0.0	0.000	0.365	70.0	87	66.0	71.7	18.85	 .0731	0.000	702	1	100.0	30
02/27/20	6:00 p	81.1	82.5	81.0	83	75.4	0.0	SE	0.00	1.0	SE	81.1	87.5	87.5	86.0	29.842	0.00	0.00	5	0.22	26	0.0	0.00	0.0	0.000	0.335	70.5	91	67.7	72.7	20.68	 .0729	0.001	700	1	100.0	30
02/27/20	6:30 p	79.7	81.1	79.7	85	74.8	0.0	---	0.00	0.0	---	79.7	85.0	85.0	83.4	29.853	0.00	0.00	0	0.00	0	0.0	0.00	0.0	0.000	0.306	70.5	88	66.8	72.4	19.37	 .0730	0.000	700	1	100.0	30
02/27/20	7:00 p	79.0	79.7	79.0	86	74.5	0.0	---	0.00	0.0	---	79.0	83.9	83.9	82.3	29.865	0.00	0.00	0	0.00	0	0.0	0.00	0.0	0.000	0.292	70.2	81	64.1	71.4	16.55	 .0732	0.001	701	1	100.0	30
02/27/20	7:30 p	78.3	79.1	78.3	86	73.8	0.0	---	0.00	0.0	---	78.3	82.7	82.7	81.0	29.869	0.00	0.00	0	0.00	0	0.0	0.00	0.0	0.000	0.277	70.2	82	64.4	71.5	16.85	 .0732	0.000	700	1	100.0	30
02/27/20	8:00 p	77.6	78.3	77.6	87	73.4	0.0	---	0.00	0.0	---	77.6	81.7	81.7	80.0	29.878	0.00	0.00	0	0.00	0	0.0	0.00	0.0	0.000	0.262	70.2	82	64.4	71.5	16.85	 .0733	0.001	699	1	100.0	30
02/27/20	8:30 p	77.1	77.7	77.1	87	72.9	0.0	---	0.00	0.0	---	77.1	80.9	80.9	79.1	29.890	0.00	0.00	0	0.00	0	0.0	0.00	0.0	0.000	0.252	70.5	92	68.1	72.8	20.78	 .0730	0.000	701	1	100.0	30
02/27/20	9:00 p	76.8	77.1	76.7	87	72.6	0.0	---	0.00	0.0	---	76.8	80.5	80.5	78.7	29.893	0.00	0.00	0	0.00	0	0.0	0.00	0.0	0.000	0.246	70.7	91	67.9	72.9	20.69	 .0730	0.001	702	1	100.0	30
02/27/20	9:30 p	76.6	76.8	76.5	88	72.8	0.0	---	0.00	0.0	---	76.6	80.3	80.3	78.5	29.898	0.00	0.00	0	0.00	0	0.0	0.00	0.0	0.000	0.242	71.1	90	68.0	73.3	20.45	 .0730	0.000	703	1	100.0	30
02/27/20	10:00 p	76.3	76.6	76.2	88	72.5	0.0	---	0.00	0.0	---	76.3	79.8	79.8	78.0	29.904	0.00	0.00	0	0.00	0	0.0	0.00	0.0	0.000	0.235	71.2	92	68.8	73.6	20.82	 .0729	0.001	701	1	100.0	30
02/27/20	10:30 p	76.0	76.4	76.0	88	72.2	0.0	---	0.00	0.0	---	76.0	79.4	79.4	77.6	29.898	0.00	0.00	0	0.00	0	0.0	0.00	0.0	0.000	0.229	71.3	91	68.5	73.6	20.73	 .0729	0.000	700	1	100.0	30
02/27/20	11:00 p	75.7	76.1	75.7	88	71.9	0.0	---	0.00	0.0	---	75.7	79.0	79.0	77.2	29.892	0.00	0.00	0	0.00	0	0.0	0.00	0.0	0.000	0.223	71.0	91	68.2	73.3	20.71	 .0730	0.000	700	1	100.0	30
02/27/20	11:30 p	75.4	75.7	75.4	88	71.6	0.0	---	0.00	0.0	---	75.4	78.7	78.7	76.9	29.886	0.00	0.00	0	0.00	0	0.0	0.00	0.0	0.000	0.217	70.7	87	66.6	72.6	18.88	 .0731	0.000	702	1	100.0	30
02/28/20	12:00 a	75.2	75.5	75.1	88	71.4	0.0	---	0.00	0.0	---	75.2	78.5	78.5	76.7	29.878	0.00	0.00	0	0.00	0	0.0	0.00	0.0	0.000	0.212	71.0	83	65.6	72.6	17.25	 .0731	0.000	701	1	100.0	30
02/28/20	12:30 a	75.0	75.3	75.0	88	71.2	0.0	---	0.00	0.0	---	75.0	78.2	78.2	76.4	29.864	0.00	0.00	0	0.00	0	0.0	0.00	0.0	0.000	0.208	71.5	93	69.4	74.0	21.01	 .0728	0.000	700	1	100.0	30
02/28/20	1:00 a	74.8	75.1	74.8	88	71.0	0.0	---	0.00	0.0	---	74.8	77.9	77.9	76.1	29.866	0.00	0.00	0	0.00	0	0.0	0.00	0.0	0.000	0.204	71.4	92	69.0	73.8	20.83	 .0728	0.000	701	1	100.0	30
02/28/20	1:30 a	74.6	74.8	74.5	88	70.8	0.0	---	0.00	0.0	---	74.6	77.5	77.5	75.6	29.861	0.00	0.00	0	0.00	0	0.0	0.00	0.0	0.000	0.200	71.0	88	67.3	73.0	19.39	 .0730	0.000	702	1	100.0	30
02/28/20	2:00 a	74.4	74.6	74.4	88	70.6	0.0	---	0.00	0.0	---	74.4	77.1	77.1	75.2	29.846	0.00	0.00	0	0.00	0	0.0	0.00	0.0	0.000	0.196	71.3	80	64.8	72.6	16.12	 .0730	0.000	700	1	100.0	30
02/28/20	2:30 a	74.2	74.4	74.1	88	70.4	0.0	---	0.00	0.0	---	74.2	76.7	76.7	74.8	29.843	0.00	0.00	0	0.00	0	0.0	0.00	0.0	0.000	0.192	71.1	91	68.3	73.4	20.72	 .0728	0.000	702	1	100.0	30
02/28/20	3:00 a	73.8	74.2	73.7	88	70.0	0.0	---	0.00	0.0	---	73.8	76.1	76.1	74.2	29.837	0.00	0.00	0	0.00	0	0.0	0.00	0.0	0.000	0.183	71.0	84	65.9	72.7	17.59	 .0730	0.000	700	1	100.0	30
02/28/20	3:30 a	73.7	74.0	73.7	88	69.9	0.0	---	0.00	0.0	---	73.7	76.0	76.0	74.0	29.841	0.00	0.00	0	0.00	0	0.0	0.00	0.0	0.000	0.181	71.5	93	69.4	74.0	21.01	 .0727	0.000	702	1	100.0	30
02/28/20	4:00 a	73.5	73.7	73.4	89	70.1	0.0	---	0.00	0.0	---	73.5	75.9	75.9	74.0	29.835	0.00	0.00	0	0.00	0	0.0	0.00	0.0	0.000	0.177	71.1	86	66.7	73.0	18.32	 .0729	0.000	703	1	100.0	30
02/28/20	4:30 a	73.5	73.6	73.4	89	70.1	0.0	---	0.00	0.0	---	73.5	75.9	75.9	74.0	29.835	0.00	0.00	0	0.00	0	0.0	0.00	0.0	0.000	0.177	71.5	93	69.4	74.0	21.01	 .0727	0.000	702	1	100.0	30
02/28/20	5:00 a	73.3	73.5	73.3	89	69.9	0.0	---	0.00	0.0	---	73.3	75.7	75.7	73.7	29.834	0.00	0.00	0	0.00	0	0.0	0.00	0.0	0.000	0.173	71.1	81	65.0	72.5	16.53	 .0730	0.000	702	1	100.0	30
02/28/20	5:30 a	73.4	73.4	73.2	89	70.0	0.0	---	0.00	0.0	---	73.4	75.8	75.8	73.8	29.840	0.00	0.00	0	0.00	0	0.0	0.00	0.0	0.000	0.175	71.1	90	68.0	73.3	20.45	 .0728	0.000	700	1	100.0	30
02/28/20	6:00 a	73.2	73.4	73.1	89	69.8	0.0	---	0.00	0.0	---	73.2	75.6	75.6	73.7	29.846	0.00	0.00	2	0.09	9	0.0	0.00	0.0	0.000	0.171	71.6	92	69.2	74.0	20.85	 .0727	0.000	702	1	100.0	30
02/28/20	6:30 a	73.8	73.8	73.1	89	70.4	0.0	---	0.00	0.0	---	73.8	76.2	76.2	76.0	29.857	0.00	0.00	17	0.73	25	0.0	0.00	0.0	0.000	0.183	71.0	86	66.6	72.9	18.31	 .0730	0.000	698	1	100.0	30
02/28/20	7:00 a	74.6	74.7	73.8	89	71.1	0.0	---	0.00	0.0	---	74.6	77.5	77.5	77.8	29.866	0.00	0.00	30	1.29	33	0.0	0.00	0.0	0.000	0.200	71.3	92	68.9	73.7	20.83	 .0728	0.001	700	1	100.0	30
02/28/20	7:30 a	76.0	76.0	74.6	89	72.5	0.0	---	0.00	0.0	---	76.0	79.4	79.4	79.8	29.870	0.00	0.00	37	1.59	40	0.0	0.00	0.0	0.000	0.229	71.2	82	65.4	72.7	16.85	 .0731	0.000	702	1	100.0	30
02/28/20	8:00 a	77.4	77.4	76.0	89	73.9	0.0	---	0.00	0.0	---	77.4	81.6	81.6	82.4	29.878	0.00	0.00	55	2.37	195	0.3	0.06	1.8	0.000	0.258	71.5	92	69.1	73.9	20.84	 .0728	0.001	700	1	100.0	30
02/28/20	8:30 a	79.8	79.8	77.4	89	76.3	0.0	---	0.00	0.0	---	79.8	86.1	86.1	94.0	29.883	0.00	0.00	329	14.15	506	2.4	0.51	3.3	0.000	0.308	71.5	90	68.4	73.7	20.45	 .0729	0.000	699	1	100.0	30
02/28/20	9:00 a	82.7	82.7	79.8	84	77.4	0.0	SE	0.00	1.0	SE	82.7	92.0	92.0	103.5	29.890	0.00	0.00	572	24.60	677	4.2	0.90	5.2	0.000	0.369	71.0	78	63.8	72.1	15.33	 .0732	0.011	701	1	100.0	30
02/28/20	9:30 a	84.8	85.2	82.5	78	77.2	1.0	SSW	0.50	4.0	S	84.8	95.3	95.3	107.7	29.895	0.00	0.00	756	32.51	867	5.9	1.26	6.9	0.000	0.413	70.8	92	68.4	73.2	20.80	 .0730	0.000	702	1	100.0	30
02/28/20	10:00 a	86.0	86.0	84.7	76	77.5	2.0	S	1.00	8.0	SE	86.0	97.4	97.4	109.5	29.894	0.00	0.00	915	39.35	969	7.6	1.63	8.5	0.000	0.438	70.5	89	67.1	72.5	19.95	 .0731	0.021	700	1	100.0	30
02/28/20	10:30 a	86.8	86.9	85.6	75	77.9	2.0	SSE	1.00	6.0	SSE	86.8	99.1	99.1	111.8	29.888	0.00	0.00	1006	43.26	1035	9.1	1.95	10.0	0.000	0.454	69.9	77	62.4	70.7	14.96	 .0734	0.000	700	1	100.0	30
02/28/20	11:00 a	86.7	87.7	86.5	74	77.4	2.0	SSE	1.00	6.0	S	86.7	98.4	98.4	110.8	29.873	0.00	0.00	1011	43.48	1032	10.5	2.25	10.9	0.000	0.452	70.2	93	68.1	72.5	20.96	 .0730	0.026	702	1	100.0	30
02/28/20	11:30 a	87.2	87.9	86.7	75	78.3	2.0	SW	1.00	7.0	S	87.2	100.0	100.0	112.7	29.863	0.00	0.00	1032	44.38	1060	11.3	2.42	11.5	0.000	0.462	70.0	76	62.1	70.7	14.75	 .0734	0.000	700	1	100.0	30
02/28/20	12:00 p	88.7	88.7	87.1	73	78.9	2.0	SSE	1.00	7.0	SE	88.7	103.1	103.1	116.7	29.850	0.00	0.00	1075	46.23	1167	11.6	2.49	12.1	0.000	0.494	70.1	84	65.0	71.5	17.55	 .0732	0.028	700	1	100.0	30
02/28/20	12:30 p	88.6	88.9	87.8	71	78.0	2.0	SSW	1.00	7.0	SE	88.6	101.6	101.6	117.6	29.842	0.00	0.00	1180	50.75	1260	11.7	2.51	12.6	0.000	0.492	70.3	90	67.2	72.4	20.45	 .0730	0.000	700	1	100.0	30
02/28/20	1:00 p	88.5	88.8	87.7	71	77.9	2.0	SE	1.00	10.0	SSE	88.5	101.2	101.2	119.2	29.831	0.00	0.00	1223	52.60	1339	10.7	2.29	12.1	0.000	0.490	69.9	75	61.6	70.5	14.45	 .0733	0.031	699	1	100.0	30
02/28/20	1:30 p	88.5	89.1	87.6	71	77.9	2.0	SSE	1.00	9.0	SE	88.5	101.2	101.2	118.9	29.820	0.00	0.00	1090	46.88	1172	9.7	2.08	10.9	0.000	0.490	70.0	84	64.9	71.4	17.55	 .0731	0.000	700	1	100.0	30
02/28/20	2:00 p	87.8	88.6	87.6	71	77.2	2.0	SE	1.00	8.0	SSE	87.8	99.2	99.2	116.4	29.804	0.00	0.00	939	40.38	1030	8.2	1.76	9.0	0.000	0.475	69.8	86	65.4	71.4	18.27	 .0731	0.027	697	1	100.0	30
02/28/20	2:30 p	87.5	88.5	86.7	70	76.5	2.0	E	1.00	9.0	SE	87.5	98.3	98.3	116.5	29.797	0.00	0.00	853	36.68	914	6.5	1.39	7.3	0.000	0.469	69.6	76	61.7	70.5	14.76	 .0733	0.000	692	1	100.0	30
02/28/20	3:00 p	87.2	87.8	86.7	73	77.5	2.0	S	1.00	7.0	W	87.2	99.1	99.1	116.7	29.782	0.00	0.00	690	29.67	830	4.6	0.99	5.4	0.000	0.462	69.8	85	65.1	71.4	17.96	 .0730	0.020	699	1	100.0	30
02/28/20	3:30 p	86.8	87.3	86.2	70	75.8	2.0	SSE	1.00	9.0	SE	86.8	97.1	97.1	115.6	29.774	0.00	0.00	597	25.67	664	3.2	0.69	4.0	0.000	0.454	69.8	83	64.4	71.2	17.26	 .0731	0.000	690	1	100.0	30
02/28/20	4:00 p	85.9	87.2	85.9	70	75.0	2.0	SE	1.00	7.0	SE	85.9	95.1	95.1	112.3	29.773	0.00	0.00	462	19.87	538	2.0	0.43	2.5	0.000	0.435	69.7	83	64.3	71.1	17.27	 .0731	0.014	696	1	100.0	30
02/28/20	4:30 p	84.3	86.3	84.2	76	75.9	1.0	SE	0.50	7.0	SE	84.3	93.6	93.6	96.7	29.779	0.00	0.00	218	9.38	378	0.9	0.19	1.4	0.000	0.402	69.8	75	61.5	70.5	14.45	 .0732	0.000	701	1	100.0	30
02/28/20	5:00 p	83.5	84.5	83.5	79	76.3	0.0	SE	0.00	3.0	NE	83.5	92.8	92.8	92.8	29.783	0.00	0.00	71	3.05	132	0.1	0.02	0.5	0.000	0.385	69.9	81	63.8	71.1	16.56	 .0731	0.004	699	1	100.0	30
02/28/20	5:30 p	81.9	83.4	81.9	81	75.5	0.0	NE	0.00	2.0	NE	81.9	89.0	89.0	88.0	29.783	0.00	0.00	27	1.16	37	0.0	0.00	0.0	0.000	0.352	70.0	81	63.9	71.2	16.55	 .0731	0.000	700	1	100.0	30
02/28/20	6:00 p	80.3	81.9	80.3	83	74.7	0.0	---	0.00	0.0	---	80.3	85.8	85.8	84.2	29.796	0.00	0.00	3	0.13	14	0.0	0.00	0.0	0.000	0.319	70.0	88	66.3	71.8	19.35	 .0730	0.001	701	1	100.0	30
02/28/20	6:30 p	79.6	80.3	79.6	84	74.3	0.0	---	0.00	0.0	---	79.6	84.6	84.6	83.0	29.809	0.00	0.00	0	0.00	0	0.0	0.00	0.0	0.000	0.304	70.0	90	66.9	72.0	20.45	 .0730	0.000	699	1	100.0	30
02/28/20	7:00 p	79.0	79.6	79.0	85	74.1	0.0	---	0.00	0.0	---	79.0	83.7	83.7	82.1	29.815	0.00	0.00	0	0.00	0	0.0	0.00	0.0	0.000	0.292	70.1	89	66.7	72.0	19.95	 .0730	0.001	700	1	100.0	30
02/28/20	7:30 p	78.5	79.0	78.5	86	74.0	0.0	---	0.00	0.0	---	78.5	83.1	83.1	81.4	29.834	0.00	0.00	0	0.00	0	0.0	0.00	0.0	0.000	0.281	70.0	89	66.6	71.9	19.95	 .0731	0.000	701	1	100.0	30
02/28/20	8:00 p	78.7	78.8	78.4	86	74.2	0.0	---	0.00	0.0	---	78.7	83.4	83.4	81.8	29.848	0.00	0.00	0	0.00	0	0.0	0.00	0.0	0.000	0.285	69.9	83	64.5	71.3	17.26	 .0732	0.001	697	1	100.0	30
02/28/20	8:30 p	78.1	78.8	78.1	87	73.9	0.0	---	0.00	0.0	---	78.1	82.6	82.6	80.9	29.861	0.00	0.00	0	0.00	0	0.0	0.00	0.0	0.000	0.273	70.5	90	67.4	72.6	20.45	 .0730	0.000	699	1	100.0	30
02/28/20	9:00 p	77.5	78.1	77.5	87	73.3	0.0	---	0.00	0.0	---	77.5	81.6	81.6	79.9	29.865	0.00	0.00	0	0.00	0	0.0	0.00	0.0	0.000	0.260	70.1	81	64.0	71.3	16.55	 .0733	0.001	702	1	100.0	30
02/28/20	9:30 p	77.0	77.5	76.9	87	72.8	0.0	---	0.00	0.0	---	77.0	80.8	80.8	79.0	29.874	0.00	0.00	0	0.00	0	0.0	0.00	0.0	0.000	0.250	70.3	89	66.9	72.3	19.95	 .0731	0.000	700	1	100.0	30
02/28/20	10:00 p	76.5	77.0	76.4	88	72.7	0.0	---	0.00	0.0	---	76.5	80.1	80.1	78.3	29.871	0.00	0.00	0	0.00	0	0.0	0.00	0.0	0.000	0.240	70.3	83	64.9	71.7	17.25	 .0732	0.001	701	1	100.0	30
02/28/20	10:30 p	76.0	76.5	76.0	88	72.2	0.0	---	0.00	0.0	---	76.0	79.4	79.4	77.6	29.877	0.00	0.00	0	0.00	0	0.0	0.00	0.0	0.000	0.229	70.2	79	63.4	71.2	15.75	 .0733	0.000	699	1	100.0	30
02/28/20	11:00 p	75.8	76.1	75.7	88	72.0	0.0	---	0.00	0.0	---	75.8	79.2	79.2	77.4	29.871	0.00	0.00	0	0.00	0	0.0	0.00	0.0	0.000	0.225	70.3	79	63.5	71.4	15.74	 .0733	0.000	700	1	100.0	30
02/28/20	11:30 p	75.4	75.8	75.3	88	71.6	0.0	---	0.00	0.0	---	75.4	78.7	78.7	76.9	29.866	0.00	0.00	0	0.00	0	0.0	0.00	0.0	0.000	0.217	70.4	81	64.3	71.7	16.54	 .0732	0.000	696	1	100.0	30
02/29/20	12:00 a	75.0	75.5	74.9	88	71.2	0.0	---	0.00	0.0	---	75.0	78.2	78.2	76.4	29.854	0.00	0.00	0	0.00	0	0.0	0.00	0.0	0.000	0.208	70.8	77	63.2	71.8	14.95	 .0732	0.000	697	1	100.0	30
02/29/20	12:30 a	74.8	75.1	74.8	88	71.0	0.0	---	0.00	0.0	---	74.8	77.9	77.9	76.1	29.841	0.00	0.00	0	0.00	0	0.0	0.00	0.0	0.000	0.204	71.0	91	68.2	73.3	20.71	 .0728	0.000	697	1	100.0	30
02/29/20	1:00 a	74.5	74.9	74.5	88	70.7	0.0	---	0.00	0.0	---	74.5	77.3	77.3	75.4	29.839	0.00	0.00	0	0.00	0	0.0	0.00	0.0	0.000	0.198	70.6	87	66.5	72.5	18.87	 .0730	0.000	696	1	100.0	30
02/29/20	1:30 a	74.3	74.7	74.2	88	70.5	0.0	---	0.00	0.0	---	74.3	76.9	76.9	75.0	29.826	0.00	0.00	0	0.00	0	0.0	0.00	0.0	0.000	0.194	71.0	82	65.2	72.5	16.85	 .0730	0.000	690	1	100.0	30
02/29/20	2:00 a	74.1	74.3	74.0	88	70.3	0.0	---	0.00	0.0	---	74.1	76.5	76.5	74.6	29.820	0.00	0.00	0	0.00	0	0.0	0.00	0.0	0.000	0.190	71.1	92	68.7	73.5	20.82	 .0728	0.000	694	1	100.0	30
02/29/20	2:30 a	73.9	74.1	73.8	88	70.1	0.0	---	0.00	0.0	---	73.9	76.2	76.2	74.3	29.816	0.00	0.00	0	0.00	0	0.0	0.00	0.0	0.000	0.185	70.9	89	67.5	73.0	19.95	 .0728	0.000	700	1	100.0	30
02/29/20	3:00 a	73.7	73.9	73.6	88	69.9	0.0	---	0.00	0.0	---	73.7	76.0	76.0	74.0	29.815	0.00	0.00	0	0.00	0	0.0	0.00	0.0	0.000	0.181	70.8	82	65.0	72.3	16.85	 .0730	0.000	700	1	100.0	30
02/29/20	3:30 a	73.6	73.7	73.5	88	69.8	0.0	---	0.00	0.0	---	73.6	75.9	75.9	73.9	29.822	0.00	0.00	0	0.00	0	0.0	0.00	0.0	0.000	0.179	71.3	92	68.9	73.7	20.83	 .0727	0.000	700	1	100.0	30
02/29/20	4:00 a	73.3	73.7	73.3	88	69.5	0.0	---	0.00	0.0	---	73.3	75.6	75.6	73.6	29.823	0.00	0.00	0	0.00	0	0.0	0.00	0.0	0.000	0.173	70.8	83	65.4	72.3	17.25	 .0730	0.000	702	1	100.0	30
02/29/20	4:30 a	73.4	73.7	73.2	89	70.0	0.0	---	0.00	0.0	---	73.4	75.8	75.8	73.8	29.820	0.00	0.00	0	0.00	0	0.0	0.00	0.0	0.000	0.175	71.1	92	68.7	73.5	20.82	 .0728	0.000	701	1	100.0	30
02/29/20	5:00 a	73.3	73.4	73.2	89	69.9	0.0	---	0.00	0.0	---	73.3	75.7	75.7	73.7	29.829	0.00	0.00	0	0.00	0	0.0	0.00	0.0	0.000	0.173	71.0	82	65.2	72.5	16.85	 .0730	0.000	702	1	100.0	30
02/29/20	5:30 a	73.1	73.4	73.0	88	69.3	0.0	---	0.00	0.0	---	73.1	75.4	75.4	73.4	29.838	0.00	0.00	0	0.00	0	0.0	0.00	0.0	0.000	0.169	71.2	91	68.4	73.5	20.72	 .0728	0.000	700	1	100.0	30
02/29/20	6:00 a	73.3	73.3	73.0	89	69.9	0.0	---	0.00	0.0	---	73.3	75.7	75.7	73.8	29.852	0.00	0.00	2	0.09	9	0.0	0.00	0.0	0.000	0.173	71.6	93	69.5	74.1	21.01	 .0727	0.000	701	1	100.0	30
02/29/20	6:30 a	73.7	73.7	73.2	89	70.3	0.0	NE	0.00	4.0	NE	73.7	76.1	76.1	75.9	29.869	0.00	0.00	16	0.69	23	0.0	0.00	0.0	0.000	0.181	71.0	87	66.9	73.0	18.89	 .0730	0.000	698	1	100.0	30
02/29/20	7:00 a	74.6	74.7	73.7	89	71.1	0.0	---	0.00	0.0	---	74.6	77.5	77.5	77.7	29.874	0.00	0.00	28	1.20	32	0.0	0.00	0.0	0.000	0.200	71.5	94	69.7	74.1	21.35	 .0728	0.001	703	1	100.0	30
02/29/20	7:30 a	75.9	75.9	74.6	89	72.4	0.0	NE	0.00	1.0	NE	75.9	79.3	79.3	79.5	29.874	0.00	0.00	33	1.42	37	0.0	0.00	0.0	0.000	0.227	71.2	87	67.1	73.2	18.90	 .0730	0.000	699	1	100.0	30
02/29/20	8:00 a	77.7	77.7	75.8	89	74.2	0.0	NE	0.00	1.0	NE	77.7	82.1	82.1	82.7	29.881	0.00	0.00	47	2.02	81	0.2	0.04	1.6	0.000	0.265	70.9	85	66.2	72.7	17.99	 .0731	0.001	702	1	100.0	30
02/29/20	8:30 a	79.7	79.7	77.6	89	76.2	0.0	NE	0.00	2.0	NE	79.7	85.9	85.9	95.0	29.888	0.00	0.00	385	16.56	527	2.6	0.56	3.4	0.000	0.306	70.8	88	67.1	72.8	19.38	 .0731	0.000	703	1	100.0	30
02/29/20	9:00 a	83.8	83.8	79.6	83	78.1	1.0	ESE	0.50	5.0	SSE	83.8	94.9	94.9	106.8	29.891	0.00	0.00	597	25.67	657	4.4	0.94	5.2	0.000	0.392	71.0	88	67.3	73.0	19.39	 .0730	0.012	698	1	100.0	30
02/29/20	9:30 a	85.9	85.9	83.8	78	78.2	1.0	SE	0.50	4.0	SSE	85.9	97.8	97.8	110.3	29.896	0.00	0.00	743	31.95	817	6.1	1.31	6.9	0.000	0.435	70.8	90	67.7	73.0	20.45	 .0730	0.000	696	1	100.0	30
02/29/20	10:00 a	87.7	87.9	85.6	74	78.4	2.0	SSE	1.00	6.0	SSW	87.7	100.4	100.4	112.0	29.892	0.00	0.00	880	37.84	923	7.8	1.67	8.7	0.000	0.473	70.9	87	66.8	72.8	18.89	 .0731	0.021	691	1	100.0	30
02/29/20	10:30 a	87.7	88.3	87.4	73	78.0	2.0	S	1.00	6.0	S	87.7	99.9	99.9	111.7	29.885	0.00	0.00	943	40.55	965	9.3	1.99	10.0	0.000	0.473	70.4	90	67.3	72.5	20.45	 .0731	0.000	699	1	100.0	30
02/29/20	11:00 a	87.5	89.0	87.4	74	78.2	2.0	SSW	1.00	6.0	SSE	87.5	100.1	100.1	112.2	29.870	0.00	0.00	993	42.70	1027	10.6	2.27	11.0	0.000	0.469	70.2	89	66.8	72.1	19.95	 .0731	0.026	692	1	100.0	30
02/29/20	11:30 a	87.9	88.8	87.6	71	77.3	2.0	SSE	1.00	7.0	E	87.9	99.3	99.3	111.9	29.861	0.00	0.00	1035	44.51	1051	11.4	2.44	11.6	0.000	0.477	70.0	87	66.0	71.7	18.85	 .0732	0.000	695	1	100.0	30
02/29/20	12:00 p	88.1	89.0	87.6	69	76.6	2.0	S	1.00	6.0	SSE	88.1	98.9	98.9	112.3	29.850	0.00	0.00	1069	45.97	1160	11.6	2.49	12.2	0.000	0.481	70.0	88	66.3	71.8	19.35	 .0731	0.028	692	1	100.0	30
02/29/20	12:30 p	88.8	88.9	87.9	69	77.3	2.0	SSE	1.00	6.0	WNW	88.8	101.1	101.1	114.9	29.836	0.00	0.00	1042	44.81	1067	11.6	2.49	11.8	0.000	0.496	70.0	85	65.3	71.5	17.95	 .0731	0.000	693	1	100.0	30
02/29/20	1:00 p	88.9	89.3	88.1	68	77.0	2.0	S	1.00	7.0	ESE	88.9	100.9	100.9	115.6	29.826	0.00	0.00	1026	44.12	1060	10.9	2.34	11.4	0.000	0.498	69.7	75	61.4	70.4	14.45	 .0734	0.028	695	1	100.0	30
02/29/20	1:30 p	87.2	89.2	87.2	69	75.8	2.0	SSW	1.00	7.0	SE	87.2	97.4	97.4	111.6	29.812	0.00	0.00	909	39.09	1072	9.1	1.95	10.5	0.000	0.462	69.5	84	64.5	71.1	17.58	 .0732	0.000	700	1	100.0	30
02/29/20	2:00 p	87.6	88.6	87.1	71	77.0	2.0	S	1.00	7.0	E	87.6	98.9	98.9	114.6	29.796	0.00	0.00	866	37.24	1042	7.4	1.59	9.3	0.000	0.471	69.6	86	65.2	71.3	18.29	 .0731	0.022	700	1	100.0	30
02/29/20	2:30 p	87.7	88.8	87.2	72	77.5	2.0	SSE	1.00	6.0	SSW	87.7	99.5	99.5	116.0	29.781	0.00	0.00	779	33.50	969	6.2	1.33	7.5	0.000	0.473	69.4	76	61.5	70.3	14.76	 .0733	0.000	698	1	100.0	30
02/29/20	3:00 p	87.7	88.2	87.1	68	75.8	2.0	S	1.00	10.0	SSE	87.7	97.7	97.7	116.3	29.772	0.00	0.00	735	31.61	795	4.8	1.03	5.7	0.000	0.473	69.5	84	64.5	71.1	17.58	 .0731	0.020	689	1	100.0	30
02/29/20	3:30 p	87.0	88.3	86.8	70	76.0	2.0	SE	1.00	9.0	S	87.0	97.5	97.5	116.4	29.773	0.00	0.00	607	26.10	664	3.2	0.69	4.0	0.000	0.458	69.6	86	65.2	71.3	18.29	 .0730	0.000	687	1	100.0	30
02/29/20	4:00 p	86.6	87.1	86.3	72	76.5	2.0	S	1.00	9.0	SE	86.6	97.4	97.4	112.2	29.770	0.00	0.00	404	17.37	592	1.8	0.39	2.4	0.000	0.450	69.6	83	64.2	71.1	17.27	 .0731	0.013	696	1	100.0	30
02/29/20	4:30 p	85.6	86.7	85.5	71	75.1	1.0	SE	0.50	5.0	SSE	85.6	94.7	94.7	97.9	29.785	0.00	0.00	222	9.55	417	0.9	0.19	1.4	0.000	0.429	69.2	73	60.2	69.9	13.97	 .0734	0.000	695	1	100.0	30
02/29/20	5:00 p	83.6	85.6	83.6	77	75.6	1.0	SE	0.50	5.0	SSE	83.6	92.3	92.3	92.3	29.787	0.00	0.00	74	3.18	111	0.1	0.02	0.6	0.000	0.387	69.5	76	61.6	70.4	14.76	 .0733	0.004	702	1	100.0	30
02/29/20	5:30 p	82.5	83.6	82.5	80	75.7	0.0	NE	0.00	2.0	NE	82.5	90.3	90.3	89.2	29.795	0.00	0.00	21	0.90	46	0.0	0.00	0.0	0.000	0.365	69.6	82	63.9	71.0	16.88	 .0732	0.000	699	1	100.0	30
02/29/20	6:00 p	81.6	82.5	81.5	82	75.6	0.0	NE	0.00	1.0	NE	81.6	88.5	88.5	86.9	29.809	0.00	0.00	1	0.04	5	0.0	0.00	0.0	0.000	0.346	69.6	76	61.7	70.5	14.76	 .0733	0.001	700	1	100.0	30
02/29/20	6:30 p	80.5	81.6	80.4	83	74.9	0.0	NE	0.00	1.0	NE	80.5	86.2	86.2	84.6	29.820	0.00	0.00	0	0.00	0	0.0	0.00	0.0	0.000	0.323	69.6	76	61.7	70.5	14.76	 .0733	0.000	700	1	100.0	30
02/29/20	7:00 p	80.2	80.6	80.2	84	74.9	0.0	---	0.00	0.0	---	80.2	85.8	85.8	84.2	29.829	0.00	0.00	0	0.00	0	0.0	0.00	0.0	0.000	0.317	70.1	88	66.4	71.9	19.35	 .0730	0.001	699	1	100.0	30
02/29/20	7:30 p	80.2	80.2	80.0	85	75.3	0.0	---	0.00	0.0	---	80.2	86.0	86.0	84.4	29.844	0.00	0.00	0	0.00	0	0.0	0.00	0.0	0.000	0.317	70.0	87	66.0	71.7	18.85	 .0731	0.000	701	1	100.0	30
02/29/20	8:00 p	79.9	80.2	79.8	85	75.0	0.0	---	0.00	0.0	---	79.9	85.4	85.4	83.8	29.853	0.00	0.00	0	0.00	0	0.0	0.00	0.0	0.000	0.310	69.9	77	62.4	70.7	14.96	 .0734	0.001	696	1	100.0	30
02/29/20	8:30 p	79.2	79.9	79.2	85	74.3	0.0	---	0.00	0.0	---	79.2	84.1	84.1	82.5	29.863	0.00	0.00	0	0.00	0	0.0	0.00	0.0	0.000	0.296	70.2	88	66.5	72.0	19.36	 .0731	0.000	696	1	100.0	30
02/29/20	9:00 p	79.0	79.3	78.9	86	74.5	0.0	---	0.00	0.0	---	79.0	83.9	83.9	82.3	29.872	0.00	0.00	0	0.00	0	0.0	0.00	0.0	0.000	0.292	70.0	87	66.0	71.7	18.85	 .0732	0.001	700	1	100.0	30
02/29/20	9:30 p	78.4	79.0	78.4	87	74.2	0.0	---	0.00	0.0	---	78.4	83.1	83.1	81.5	29.872	0.00	0.00	0	0.00	0	0.0	0.00	0.0	0.000	0.279	69.9	78	62.7	70.8	15.36	 .0734	0.000	693	1	100.0	30
02/29/20	10:00 p	77.8	78.4	77.8	87	73.6	0.0	---	0.00	0.0	---	77.8	82.1	82.1	80.4	29.871	0.00	0.00	0	0.00	0	0.0	0.00	0.0	0.000	0.267	70.2	89	66.8	72.1	19.95	 .0731	0.001	696	1	100.0	30
02/29/20	10:30 p	77.4	77.8	77.4	87	73.2	0.0	---	0.00	0.0	---	77.4	81.4	81.4	79.7	29.871	0.00	0.00	0	0.00	0	0.0	0.00	0.0	0.000	0.258	70.2	88	66.5	72.0	19.36	 .0731	0.000	700	1	100.0	30
02/29/20	11:00 p	77.3	77.5	77.2	87	73.1	0.0	---	0.00	0.0	---	77.3	81.2	81.2	79.5	29.868	0.00	0.00	0	0.00	0	0.0	0.00	0.0	0.000	0.256	70.1	84	65.0	71.5	17.55	 .0732	0.001	696	1	100.0	30
02/29/20	11:30 p	77.0	77.3	76.9	88	73.2	0.0	---	0.00	0.0	---	77.0	80.8	80.8	79.1	29.856	0.00	0.00	0	0.00	0	0.0	0.00	0.0	0.000	0.250	70.2	89	66.8	72.1	19.95	 .0731	0.000	698	1	100.0	30
03/01/20	12:00 a	76.6	77.0	76.6	88	72.8	0.0	---	0.00	0.0	---	76.6	80.3	80.3	78.5	29.844	0.00	0.00	0	0.00	0	0.0	0.00	0.0	0.000	0.242	70.6	89	67.2	72.6	19.95	 .0730	0.001	696	1	100.0	30
