		Temp	Hi	Low	Out	Dew	Wind	Wind	Wind	Hi	Hi	Wind	Heat	THW	THSW			Rain	Solar	Solar	Hi Solar	UV 	UV 	Hi 	Heat	Cool	In 	In	In 	In 	In 	In Air		Wind	Wind	ISS 	Arc.
Date	Time	Out	Temp	Temp	Hum	Pt.	Speed	Dir	Run	Speed	Dir	Chill	Index	Index	Index	Bar  	Rain	Rate	Rad.	Energy	Rad. 	Index	Dose	UV 	D-D 	D-D 	Temp	Hum	Dew	Heat	EMC	Density	ET 	Samp	Tx 	Recept	Int.
01/04/20	4:00 a	76.1	76.4	76.1	89	72.6	0.0	---	0.00	0.0	---	76.1	79.6	79.6	77.8	29.813	0.00	0.00	0	0.00	0	0.0	0.00	0.0	0.000	0.231	78.9	94	77.0	85.4	21.35	 .0711	0.000	703	1	100.0	30
01/04/20	4:30 a	75.8	76.2	75.8	89	72.3	0.0	---	0.00	0.0	---	75.8	79.2	79.2	77.4	29.824	0.00	0.00	0	0.00	0	0.0	0.00	0.0	0.000	0.225	78.7	93	76.5	84.7	21.22	 .0712	0.000	700	1	100.0	30
01/04/20	5:00 a	76.0	76.0	75.8	89	72.5	0.0	---	0.00	0.0	---	76.0	79.4	79.4	77.6	29.833	0.00	0.00	0	0.00	0	0.0	0.00	0.0	0.000	0.229	78.7	94	76.8	84.9	21.35	 .0712	0.000	695	1	100.0	30
01/04/20	5:30 a	76.1	76.2	75.9	89	72.6	0.0	---	0.00	0.0	---	76.1	79.6	79.6	77.8	29.842	0.00	0.00	0	0.00	0	0.0	0.00	0.0	0.000	0.231	78.8	94	76.9	85.1	21.35	 .0712	0.000	699	1	100.0	30
01/04/20	6:00 a	76.3	76.3	76.0	89	72.8	0.0	---	0.00	0.0	---	76.3	79.9	79.9	78.1	29.858	0.00	0.00	1	0.04	7	0.0	0.00	0.0	0.000	0.235	78.8	94	76.9	85.1	21.35	 .0713	0.000	698	1	100.0	30
01/04/20	6:30 a	76.5	76.6	76.3	89	73.0	0.0	---	0.00	0.0	---	76.5	80.2	80.2	78.9	29.865	0.00	0.00	20	0.86	33	0.0	0.00	0.0	0.000	0.240	79.0	94	77.1	85.6	21.35	 .0712	0.000	699	1	100.0	30
01/04/20	7:00 a	76.8	76.8	76.5	89	73.3	0.0	---	0.00	0.0	---	76.8	80.6	80.6	80.8	29.877	0.00	0.00	24	1.03	33	0.0	0.00	0.0	0.000	0.246	79.1	95	77.5	86.0	21.65	 .0712	0.001	700	1	100.0	30
01/04/20	7:30 a	77.1	77.2	76.8	89	73.6	0.0	---	0.00	0.0	---	77.1	81.1	81.1	81.7	29.890	0.00	0.00	37	1.59	54	0.0	0.00	0.0	0.000	0.252	79.3	95	77.7	86.5	21.65	 .0712	0.000	701	1	100.0	30
01/04/20	8:00 a	78.1	78.2	77.1	89	74.6	0.0	---	0.00	0.0	---	78.1	82.8	82.8	85.6	29.900	0.00	0.00	101	4.34	134	1.1	0.24	1.4	0.000	0.273	79.6	95	78.0	87.2	21.65	 .0712	0.002	699	1	100.0	30
01/04/20	8:30 a	79.4	79.4	78.1	89	75.9	0.0	E	0.00	2.0	E	79.4	85.3	85.3	87.3	29.900	0.00	0.00	88	3.78	269	0.9	0.19	2.3	0.000	0.300	80.2	95	78.6	88.6	21.65	 .0710	0.000	699	1	100.0	30
01/04/20	9:00 a	81.9	81.9	79.2	85	76.9	1.0	E	0.50	4.0	S	81.9	90.1	90.1	91.5	29.902	0.00	0.00	76	3.27	241	2.0	0.43	2.6	0.000	0.352	81.0	93	78.8	90.1	21.27	 .0709	0.002	701	1	100.0	30
01/04/20	9:30 a	83.6	83.6	81.9	82	77.5	1.0	SSE	0.50	7.0	S	83.6	94.0	94.0	103.2	29.902	0.00	0.00	408	17.55	728	4.0	0.86	5.7	0.000	0.387	81.7	92	79.1	91.9	21.18	 .0708	0.000	702	1	100.0	30
01/04/20	10:00 a	84.6	85.1	83.6	80	77.7	1.0	SSW	0.50	5.0	SSW	84.6	95.6	95.6	107.2	29.896	0.00	0.00	766	32.94	798	6.4	1.37	7.0	0.000	0.408	82.8	91	79.9	94.7	20.83	 .0706	0.015	702	1	100.0	30
01/04/20	10:30 a	85.5	85.6	84.5	76	77.1	2.0	SSW	1.00	5.0	SSW	85.5	96.2	96.2	107.8	29.883	0.00	0.00	821	35.31	844	7.6	1.63	8.1	0.000	0.427	83.3	89	79.7	95.4	19.62	 .0705	0.000	700	1	100.0	30
01/04/20	11:00 a	85.9	86.1	84.9	76	77.5	1.0	S	0.50	5.0	S	85.9	97.1	97.1	109.4	29.870	0.00	0.00	799	34.36	856	8.6	1.84	8.9	0.000	0.435	83.9	88	80.0	96.9	18.96	 .0704	0.021	700	1	100.0	30
01/04/20	11:30 a	86.4	86.6	85.7	78	78.7	1.0	SSW	0.50	6.0	SSW	86.4	99.3	99.3	111.5	29.864	0.00	0.00	821	35.31	921	9.2	1.97	9.4	0.000	0.446	84.6	88	80.6	98.8	18.89	 .0702	0.000	702	1	100.0	30
01/04/20	12:00 p	86.3	86.7	85.9	75	77.4	1.0	S	0.50	5.0	S	86.3	97.8	97.8	110.4	29.845	0.00	0.00	928	39.91	949	9.5	2.04	9.6	0.000	0.444	85.0	87	80.7	99.4	18.45	 .0701	0.023	701	1	100.0	30
01/04/20	12:30 p	86.6	86.6	85.1	78	78.9	1.0	S	0.50	6.0	SSW	86.6	99.9	99.9	111.7	29.832	0.00	0.00	842	36.21	1037	8.3	1.78	9.9	0.000	0.450	85.2	85	80.2	99.0	17.64	 .0701	0.000	701	1	100.0	30
01/04/20	1:00 p	86.5	86.9	86.0	74	77.2	2.0	SE	1.00	7.0	SSE	86.5	97.9	97.9	111.3	29.822	0.00	0.00	897	38.58	990	8.4	1.80	9.0	0.000	0.448	85.5	84	80.1	99.4	17.23	 .0700	0.022	697	1	100.0	30
01/04/20	1:30 p	87.0	87.0	85.9	78	79.3	1.0	S	0.50	5.0	SSE	87.0	101.1	101.1	114.8	29.810	0.00	0.00	833	35.82	860	7.5	1.61	8.1	0.000	0.458	85.7	84	80.3	99.9	17.22	 .0700	0.000	699	1	100.0	30
01/04/20	2:00 p	85.6	87.2	85.6	76	77.2	2.0	SSE	1.00	6.0	S	85.6	96.4	96.4	109.8	29.800	0.00	0.00	739	31.78	916	5.8	1.24	6.9	0.000	0.429	85.8	84	80.4	100.2	17.22	 .0699	0.020	699	1	100.0	30
01/04/20	2:30 p	85.8	86.1	85.0	76	77.4	2.0	ESE	1.00	9.0	NE	85.8	96.9	96.9	109.8	29.794	0.00	0.00	624	26.84	837	4.3	0.92	5.5	0.000	0.433	85.8	84	80.4	100.2	17.22	 .0699	0.000	700	1	100.0	30
01/04/20	3:00 p	85.0	85.9	85.0	79	77.8	2.0	SSE	1.00	8.0	SSE	85.0	96.0	96.0	112.3	29.790	0.00	0.00	659	28.34	735	3.2	0.69	4.2	0.000	0.417	85.7	84	80.3	99.9	17.22	 .0699	0.015	702	1	100.0	30
01/04/20	3:30 p	84.6	85.4	84.5	79	77.4	2.0	SE	1.00	9.0	SE	84.6	95.3	95.3	112.5	29.788	0.00	0.00	579	24.90	724	2.1	0.45	2.8	0.000	0.408	85.6	84	80.2	99.6	17.23	 .0699	0.000	700	1	100.0	30
01/04/20	4:00 p	84.2	84.8	83.8	80	77.4	1.0	SE	0.50	5.0	SE	84.2	94.9	94.9	107.1	29.795	0.00	0.00	352	15.14	448	1.3	0.28	1.7	0.000	0.400	85.6	85	80.6	100.1	17.61	 .0699	0.011	700	1	100.0	30
01/04/20	4:30 p	82.6	84.2	82.6	80	75.8	1.0	SE	0.50	4.0	SSE	82.6	90.6	90.6	94.2	29.795	0.00	0.00	100	4.30	334	0.3	0.06	0.9	0.000	0.367	85.0	85	80.0	98.4	17.65	 .0700	0.000	699	1	100.0	30
01/04/20	5:00 p	81.7	82.8	81.7	84	76.4	0.0	ENE	0.00	4.0	NNE	81.7	89.3	89.3	88.8	29.797	0.00	0.00	42	1.81	51	0.0	0.00	0.0	0.000	0.348	84.0	88	80.1	97.2	18.95	 .0702	0.002	701	1	100.0	30
01/04/20	5:30 p	80.3	81.7	80.3	85	75.4	0.0	SSE	0.00	2.0	SSE	80.3	86.3	86.3	85.2	29.816	0.00	0.00	16	0.69	30	0.0	0.00	0.0	0.000	0.319	83.3	89	79.7	95.4	19.62	 .0703	0.000	702	1	100.0	30
01/04/20	6:00 p	79.6	80.3	79.6	86	75.0	0.0	SSE	0.00	1.0	SSE	79.6	85.1	85.1	83.6	29.827	0.00	0.00	0	0.00	0	0.0	0.00	0.0	0.000	0.304	82.7	89	79.1	93.6	19.68	 .0705	0.000	700	1	100.0	30
01/04/20	6:30 p	79.6	79.7	79.5	87	75.4	0.0	SSE	0.00	1.0	SSE	79.6	85.3	85.3	83.8	29.842	0.00	0.00	0	0.00	0	0.0	0.00	0.0	0.000	0.304	82.4	90	79.2	93.2	20.26	 .0706	0.000	699	1	100.0	30
01/04/20	7:00 p	79.4	79.7	79.4	87	75.2	0.0	SSE	0.00	1.0	SSE	79.4	84.9	84.9	83.4	29.851	0.00	0.00	0	0.00	0	0.0	0.00	0.0	0.000	0.300	82.2	91	79.3	93.0	20.87	 .0706	0.001	701	1	100.0	30
01/04/20	7:30 p	79.1	79.4	79.1	88	75.2	0.0	---	0.00	0.0	---	79.1	84.5	84.5	83.0	29.863	0.00	0.00	0	0.00	0	0.0	0.00	0.0	0.000	0.294	82.0	91	79.1	92.5	20.89	 .0707	0.000	702	1	100.0	30
01/04/20	8:00 p	79.1	79.3	79.0	88	75.2	0.0	---	0.00	0.0	---	79.1	84.5	84.5	83.0	29.873	0.00	0.00	0	0.00	0	0.0	0.00	0.0	0.000	0.294	81.8	92	79.2	92.2	21.19	 .0707	0.001	698	1	100.0	30
01/04/20	8:30 p	78.9	79.1	78.9	88	75.0	0.0	---	0.00	0.0	---	78.9	84.1	84.1	82.6	29.884	0.00	0.00	0	0.00	0	0.0	0.00	0.0	0.000	0.290	81.7	92	79.1	91.9	21.18	 .0708	0.000	701	1	100.0	30
01/04/20	9:00 p	78.9	79.1	78.8	88	75.0	0.0	---	0.00	0.0	---	78.9	84.1	84.1	82.6	29.889	0.00	0.00	0	0.00	0	0.0	0.00	0.0	0.000	0.290	81.7	92	79.1	91.9	21.18	 .0708	0.001	701	1	100.0	30
01/04/20	9:30 p	78.7	78.9	78.6	88	74.8	0.0	---	0.00	0.0	---	78.7	83.8	83.8	82.3	29.890	0.00	0.00	0	0.00	0	0.0	0.00	0.0	0.000	0.285	81.6	92	79.0	91.6	21.18	 .0708	0.000	699	1	100.0	30
01/04/20	10:00 p	78.3	78.7	78.3	88	74.5	0.0	---	0.00	0.0	---	78.3	83.1	83.1	81.6	29.888	0.00	0.00	0	0.00	0	0.0	0.00	0.0	0.000	0.277	81.4	92	78.9	91.0	21.18	 .0708	0.000	698	1	100.0	30
01/04/20	10:30 p	78.1	78.3	78.1	88	74.3	0.0	---	0.00	0.0	---	78.1	82.7	82.7	81.2	29.884	0.00	0.00	0	0.00	0	0.0	0.00	0.0	0.000	0.273	81.1	93	78.9	90.4	21.27	 .0709	0.000	701	1	100.0	30
01/04/20	11:00 p	77.8	78.1	77.8	89	74.3	0.0	---	0.00	0.0	---	77.8	82.3	82.3	80.8	29.878	0.00	0.00	0	0.00	0	0.0	0.00	0.0	0.000	0.267	80.9	93	78.7	89.8	21.27	 .0709	0.000	699	1	100.0	30
01/04/20	11:30 p	78.0	78.1	77.7	89	74.5	0.0	---	0.00	0.0	---	78.0	82.7	82.7	81.2	29.874	0.00	0.00	0	0.00	0	0.0	0.00	0.0	0.000	0.271	80.8	93	78.6	89.6	21.27	 .0709	0.000	699	1	100.0	30
01/05/20	12:00 a	78.3	78.4	78.0	89	74.8	0.0	SSE	0.00	1.0	SSE	78.3	83.2	83.2	81.7	29.868	0.01	0.00	0	0.00	0	0.0	0.00	0.0	0.000	0.277	80.8	93	78.6	89.6	21.27	 .0709	0.000	702	1	100.0	30
01/05/20	12:30 a	78.3	78.4	78.1	89	74.8	0.0	SSE	0.00	2.0	SSE	78.3	83.2	83.2	81.7	29.856	0.12	2.15	0	0.00	0	0.0	0.00	0.0	0.000	0.277	80.7	94	78.8	89.6	21.36	 .0708	0.000	701	1	100.0	30
01/05/20	1:00 a	77.7	78.3	77.7	89	74.2	0.0	SSE	0.00	1.0	SSE	77.7	82.1	82.1	80.6	29.846	0.01	0.00	0	0.00	0	0.0	0.00	0.0	0.000	0.265	80.5	94	78.6	89.1	21.36	 .0709	0.000	701	1	100.0	30
01/05/20	1:30 a	77.1	77.7	77.0	89	73.6	0.0	SSE	0.00	1.0	SSE	77.1	81.1	81.1	79.5	29.837	0.00	0.00	0	0.00	0	0.0	0.00	0.0	0.000	0.252	80.2	93	78.0	88.1	21.25	 .0709	0.000	702	1	100.0	30
01/05/20	2:00 a	76.5	77.1	76.5	89	73.0	0.0	SSE	0.00	1.0	SSE	76.5	80.2	80.2	78.6	29.827	0.00	0.00	0	0.00	0	0.0	0.00	0.0	0.000	0.240	80.0	93	77.8	87.6	21.25	 .0710	0.000	698	1	100.0	30
01/05/20	2:30 a	76.2	76.6	76.2	89	72.7	0.0	SSE	0.00	1.0	SSE	76.2	79.7	79.7	78.1	29.819	0.00	0.00	0	0.00	0	0.0	0.00	0.0	0.000	0.233	79.6	93	77.4	86.7	21.24	 .0710	0.000	700	1	100.0	30
01/05/20	3:00 a	75.8	76.3	75.8	89	72.3	0.0	SSE	0.00	1.0	SSE	75.8	79.2	79.2	77.6	29.813	0.00	0.00	0	0.00	0	0.0	0.00	0.0	0.000	0.225	79.3	92	76.8	85.8	21.14	 .0711	0.000	699	1	100.0	30
01/05/20	3:30 a	75.7	76.1	75.7	89	72.2	0.0	---	0.00	0.0	---	75.7	79.1	79.1	77.5	29.814	0.00	0.00	0	0.00	0	0.0	0.00	0.0	0.000	0.223	79.3	93	77.1	86.0	21.24	 .0711	0.000	698	1	100.0	30
01/05/20	4:00 a	75.4	75.8	75.3	89	71.9	0.0	---	0.00	0.0	---	75.4	78.8	78.8	77.1	29.820	0.00	0.00	0	0.00	0	0.0	0.00	0.0	0.000	0.217	79.1	92	76.6	85.4	21.13	 .0711	0.000	701	1	100.0	30
01/05/20	4:30 a	75.3	75.5	75.1	89	71.8	0.0	---	0.00	0.0	---	75.3	78.7	78.7	77.0	29.830	0.00	0.00	0	0.00	0	0.0	0.00	0.0	0.000	0.215	78.7	92	76.2	84.5	21.12	 .0713	0.000	700	1	100.0	30
01/05/20	5:00 a	74.9	75.3	74.9	89	71.4	0.0	---	0.00	0.0	---	74.9	78.1	78.1	76.4	29.831	0.00	0.00	0	0.00	0	0.0	0.00	0.0	0.000	0.206	78.5	92	76.0	84.1	21.12	 .0713	0.000	700	1	100.0	30
01/05/20	5:30 a	74.7	75.0	74.7	89	71.2	0.0	---	0.00	0.0	---	74.7	77.7	77.7	76.0	29.843	0.00	0.00	0	0.00	0	0.0	0.00	0.0	0.000	0.202	78.3	92	75.8	83.7	21.12	 .0714	0.000	701	1	100.0	30
01/05/20	6:00 a	74.7	74.8	74.5	89	71.2	0.0	---	0.00	0.0	---	74.7	77.7	77.7	76.0	29.843	0.00	0.00	1	0.04	5	0.0	0.00	0.0	0.000	0.202	78.2	92	75.7	83.5	21.11	 .0714	0.000	702	1	100.0	30
01/05/20	6:30 a	75.2	75.2	74.6	89	71.7	0.0	---	0.00	0.0	---	75.2	78.5	78.5	77.2	29.856	0.00	0.00	20	0.86	56	0.0	0.00	0.0	0.000	0.212	78.2	93	76.0	83.6	21.21	 .0714	0.000	700	1	100.0	30
01/05/20	7:00 a	76.3	76.3	75.1	90	73.1	0.0	SSE	0.00	1.0	SSE	76.3	80.0	80.0	81.3	29.863	0.00	0.00	47	2.02	76	0.0	0.00	0.0	0.000	0.235	78.8	93	76.6	84.9	21.23	 .0713	0.001	700	1	100.0	30
01/05/20	7:30 a	77.4	77.6	76.2	90	74.2	0.0	SSE	0.00	1.0	SSE	77.4	81.7	81.7	83.6	29.877	0.00	0.00	68	2.92	95	0.5	0.11	0.8	0.000	0.258	79.3	95	77.7	86.5	21.65	 .0712	0.000	701	1	100.0	30
01/05/20	8:00 a	78.0	78.1	77.4	90	74.8	0.0	SSE	0.00	1.0	SSE	78.0	82.8	82.8	84.2	29.886	0.00	0.00	63	2.71	81	0.7	0.15	1.3	0.000	0.271	79.8	95	78.2	87.6	21.65	 .0711	0.002	701	1	100.0	30
01/05/20	8:30 a	78.3	78.4	78.0	90	75.1	0.0	SSE	0.00	1.0	SSE	78.3	83.4	83.4	84.2	29.891	0.00	0.00	51	2.19	118	0.3	0.06	1.8	0.000	0.277	79.9	95	78.3	87.9	21.65	 .0711	0.000	699	1	100.0	30
01/05/20	9:00 a	79.5	79.9	78.3	90	76.3	1.0	SE	0.50	3.0	W	79.5	85.8	85.8	88.2	29.885	0.00	0.00	111	4.77	134	2.3	0.49	2.5	0.000	0.302	80.6	96	79.4	90.0	21.75	 .0709	0.002	700	1	100.0	30
01/05/20	9:30 a	81.2	81.2	79.2	88	77.3	1.0	SSW	0.50	7.0	WSW	81.2	89.2	89.2	98.9	29.888	0.00	0.00	433	18.62	835	3.8	0.81	5.7	0.000	0.337	81.5	94	79.6	92.0	21.38	 .0708	0.000	700	1	100.0	30
01/05/20	10:00 a	81.4	81.7	81.0	86	76.8	1.0	S	0.50	3.0	W	81.4	89.1	89.1	95.2	29.883	0.00	0.00	271	11.65	846	3.8	0.81	6.9	0.000	0.342	81.8	94	79.9	92.9	21.39	 .0707	0.009	700	1	100.0	30
01/05/20	10:30 a	85.2	85.3	81.4	80	78.3	2.0	SW	1.00	7.0	WSW	85.2	96.9	96.9	110.0	29.880	0.00	0.00	910	39.14	1028	7.5	1.61	8.4	0.000	0.421	83.1	91	80.2	95.6	20.80	 .0705	0.000	703	1	100.0	30
01/05/20	11:00 a	84.8	86.1	84.8	80	77.9	2.0	SSW	1.00	7.0	WSW	84.8	96.0	96.0	108.5	29.865	0.00	0.00	736	31.65	1143	7.7	1.65	9.6	0.000	0.413	83.9	91	81.0	98.2	20.74	 .0703	0.022	700	1	100.0	30
01/05/20	11:30 a	84.4	85.0	84.0	78	76.8	2.0	SW	1.00	7.0	S	84.4	94.5	94.5	102.6	29.851	0.00	0.00	384	16.51	441	6.2	1.33	10.2	0.000	0.404	83.9	87	79.6	96.6	18.52	 .0704	0.000	698	1	100.0	30
01/05/20	12:00 p	86.0	86.5	84.5	79	78.7	1.0	SE	0.50	8.0	WSW	86.0	98.4	98.4	111.7	29.835	0.00	0.00	965	41.50	1106	9.1	1.95	10.1	0.000	0.438	84.7	88	80.7	99.1	18.88	 .0701	0.019	700	1	100.0	30
01/05/20	12:30 p	86.2	86.6	85.1	74	76.9	2.0	SSW	1.00	5.0	S	86.2	97.2	97.2	109.7	29.815	0.00	0.00	894	38.45	1030	8.7	1.86	9.6	0.000	0.442	85.0	87	80.7	99.4	18.45	 .0700	0.000	699	1	100.0	30
01/05/20	1:00 p	85.9	86.6	85.4	73	76.2	2.0	SSW	1.00	8.0	WSW	85.9	96.1	96.1	109.8	29.800	0.00	0.00	913	39.26	1030	8.2	1.76	9.2	0.000	0.435	85.3	84	79.9	98.8	17.24	 .0700	0.022	699	1	100.0	30
01/05/20	1:30 p	86.2	86.4	85.6	73	76.5	2.0	SSW	1.00	6.0	SSW	86.2	96.8	96.8	111.4	29.791	0.00	0.00	893	38.40	990	7.3	1.56	8.3	0.000	0.442	85.5	83	79.7	98.9	16.83	 .0700	0.000	702	1	100.0	30
01/05/20	2:00 p	85.6	86.8	85.2	74	76.4	2.0	SSW	1.00	7.0	S	85.6	95.7	95.7	108.6	29.790	0.00	0.00	715	30.75	977	5.6	1.20	7.0	0.000	0.429	85.6	83	79.8	99.2	16.83	 .0700	0.020	699	1	100.0	30
01/05/20	2:30 p	84.4	85.6	84.0	78	76.8	2.0	SSW	1.00	7.0	W	84.4	94.5	94.5	104.1	29.786	0.00	0.00	380	16.34	824	3.0	0.64	3.9	0.000	0.404	85.0	83	79.3	97.6	16.85	 .0701	0.000	699	1	100.0	30
01/05/20	3:00 p	85.1	85.9	84.4	72	75.1	2.0	SSW	1.00	6.0	S	85.1	93.8	93.8	108.8	29.792	0.00	0.00	617	26.53	810	3.4	0.73	4.1	0.000	0.419	85.3	81	78.8	97.5	16.14	 .0701	0.014	700	1	100.0	30
01/05/20	3:30 p	84.5	85.3	84.4	75	75.7	2.0	S	1.00	10.0	SSE	84.5	93.6	93.6	107.8	29.792	0.00	0.00	491	21.12	559	2.2	0.47	2.8	0.000	0.406	85.3	82	79.2	98.0	16.54	 .0701	0.000	698	1	100.0	30
01/05/20	4:00 p	83.1	84.8	83.1	80	76.3	1.0	SSE	0.50	4.0	SSE	83.1	92.0	92.0	99.3	29.800	0.00	0.00	202	8.69	366	1.0	0.21	1.6	0.000	0.377	84.9	85	79.9	98.2	17.66	 .0701	0.009	700	1	100.0	30
01/05/20	4:30 p	81.4	83.2	81.4	82	75.4	1.0	SE	0.50	3.0	SSE	81.4	88.0	88.0	90.9	29.806	0.00	0.00	80	3.44	169	0.1	0.02	0.6	0.000	0.342	84.0	87	79.7	96.9	18.51	 .0702	0.000	700	1	100.0	30
01/05/20	5:00 p	80.5	81.4	80.5	83	74.9	0.0	ESE	0.00	3.0	SE	80.5	86.2	86.2	85.3	29.813	0.00	0.00	25	1.08	40	0.0	0.00	0.0	0.000	0.323	83.3	88	79.4	95.1	19.02	 .0704	0.002	702	1	100.0	30
01/05/20	5:30 p	80.5	80.7	80.4	84	75.2	1.0	S	0.50	3.0	SE	80.5	86.5	86.5	85.3	29.824	0.00	0.00	7	0.30	16	0.0	0.00	0.0	0.000	0.323	82.8	89	79.2	93.9	19.67	 .0705	0.000	698	1	100.0	30
01/05/20	6:00 p	79.7	80.5	79.6	85	74.8	0.0	SSE	0.00	2.0	S	79.7	85.0	85.0	83.6	29.833	0.00	0.00	0	0.00	0	0.0	0.00	0.0	0.000	0.306	82.3	90	79.1	92.9	20.27	 .0706	0.000	702	1	100.0	30
01/05/20	6:30 p	79.6	79.8	79.5	86	75.0	0.0	SSE	0.00	2.0	SSE	79.6	85.1	85.1	83.7	29.843	0.00	0.00	0	0.00	0	0.0	0.00	0.0	0.000	0.304	82.0	91	79.1	92.5	20.89	 .0706	0.000	699	1	100.0	30
01/05/20	7:00 p	79.3	79.6	79.2	86	74.7	0.0	NE	0.00	3.0	NE	79.3	84.5	84.5	83.1	29.854	0.00	0.00	0	0.00	0	0.0	0.00	0.0	0.000	0.298	81.8	91	78.9	91.9	20.91	 .0707	0.001	699	1	100.0	30
01/05/20	7:30 p	78.9	79.4	78.9	86	74.4	0.0	NE	0.00	2.0	NE	78.9	83.7	83.7	82.3	29.867	0.03	0.38	0	0.00	0	0.0	0.00	0.0	0.000	0.290	81.6	91	78.7	91.3	20.92	 .0708	0.000	700	1	100.0	30
01/05/20	8:00 p	78.5	78.9	78.4	87	74.3	0.0	NE	0.00	2.0	NE	78.5	83.2	83.2	81.8	29.878	0.01	0.21	0	0.00	0	0.0	0.00	0.0	0.000	0.281	81.2	92	78.7	90.4	21.17	 .0709	0.001	701	1	100.0	30
01/05/20	8:30 p	77.9	78.5	77.9	88	74.1	0.0	NE	0.00	1.0	NE	77.9	82.4	82.4	81.0	29.886	0.03	0.14	0	0.00	0	0.0	0.00	0.0	0.000	0.269	81.1	92	78.6	90.1	21.17	 .0709	0.000	700	1	100.0	30
01/05/20	9:00 p	77.9	78.1	77.8	88	74.1	0.0	NE	0.00	1.0	NE	77.9	82.4	82.4	81.0	29.879	0.00	0.00	0	0.00	0	0.0	0.00	0.0	0.000	0.269	80.8	93	78.6	89.6	21.27	 .0709	0.001	698	1	100.0	30
01/05/20	9:30 p	77.5	77.9	77.5	88	73.7	0.0	NE	0.00	1.0	NE	77.5	81.7	81.7	80.2	29.878	0.00	0.00	0	0.00	0	0.0	0.00	0.0	0.000	0.260	80.6	93	78.4	89.1	21.26	 .0710	0.000	700	1	100.0	30
01/05/20	10:00 p	77.4	77.6	77.3	88	73.6	0.0	NE	0.00	1.0	NE	77.4	81.5	81.5	80.0	29.872	0.00	0.00	0	0.00	0	0.0	0.00	0.0	0.000	0.258	80.5	93	78.3	88.8	21.26	 .0710	0.000	700	1	100.0	30
01/05/20	10:30 p	77.1	77.4	76.9	89	73.6	0.0	NE	0.00	1.0	NE	77.1	81.1	81.1	79.6	29.861	0.00	0.00	0	0.00	0	0.0	0.00	0.0	0.000	0.252	80.3	93	78.1	88.3	21.26	 .0710	0.000	699	1	100.0	30
01/05/20	11:00 p	77.1	77.3	77.0	89	73.6	0.0	NE	0.00	1.0	NE	77.1	81.1	81.1	79.6	29.856	0.00	0.00	0	0.00	0	0.0	0.00	0.0	0.000	0.252	80.3	93	78.1	88.3	21.26	 .0710	0.000	701	1	100.0	30
01/05/20	11:30 p	77.0	77.3	77.0	89	73.5	0.0	NE	0.00	1.0	NE	77.0	80.9	80.9	79.4	29.844	0.00	0.00	0	0.00	0	0.0	0.00	0.0	0.000	0.250	80.2	93	78.0	88.1	21.25	 .0710	0.000	702	1	100.0	30
01/06/20	12:00 a	77.0	77.1	76.8	89	73.5	0.0	---	0.00	0.0	---	77.0	80.9	80.9	79.4	29.832	0.00	0.00	0	0.00	0	0.0	0.00	0.0	0.000	0.250	80.0	93	77.8	87.6	21.25	 .0710	0.000	700	1	100.0	30
01/06/20	12:30 a	77.0	77.1	76.9	89	73.5	0.0	NE	0.00	1.0	NE	77.0	80.9	80.9	79.4	29.818	0.00	0.00	0	0.00	0	0.0	0.00	0.0	0.000	0.250	80.0	94	78.1	87.8	21.35	 .0709	0.000	697	1	100.0	30
01/06/20	1:00 a	76.4	77.0	76.4	89	72.9	0.0	NE	0.00	1.0	NE	76.4	80.0	80.0	78.5	29.810	0.00	0.00	0	0.00	0	0.0	0.00	0.0	0.000	0.238	79.7	93	77.5	86.9	21.24	 .0710	0.000	698	1	100.0	30
01/06/20	1:30 a	76.0	76.4	75.9	89	72.5	0.0	---	0.00	0.0	---	76.0	79.4	79.4	77.9	29.806	0.00	0.00	0	0.00	0	0.0	0.00	0.0	0.000	0.229	79.4	93	77.2	86.2	21.24	 .0710	0.000	701	1	100.0	30
01/06/20	2:00 a	75.8	76.0	75.8	89	72.3	0.0	---	0.00	0.0	---	75.8	79.2	79.2	77.7	29.801	0.00	0.00	0	0.00	0	0.0	0.00	0.0	0.000	0.225	79.2	93	77.0	85.8	21.23	 .0711	0.000	698	1	100.0	30
01/06/20	2:30 a	75.7	75.8	75.5	89	72.2	0.0	---	0.00	0.0	---	75.7	79.1	79.1	77.6	29.795	0.00	0.00	0	0.00	0	0.0	0.00	0.0	0.000	0.223	79.1	93	76.9	85.6	21.23	 .0711	0.000	701	1	100.0	30
01/06/20	3:00 a	75.2	75.6	75.2	89	71.7	0.0	---	0.00	0.0	---	75.2	78.5	78.5	76.9	29.787	0.00	0.00	0	0.00	0	0.0	0.00	0.0	0.000	0.212	78.9	93	76.7	85.1	21.23	 .0711	0.000	702	1	100.0	30
01/06/20	3:30 a	75.0	75.3	74.9	89	71.5	0.0	---	0.00	0.0	---	75.0	78.3	78.3	76.7	29.787	0.00	0.00	0	0.00	0	0.0	0.00	0.0	0.000	0.208	78.6	93	76.4	84.5	21.22	 .0711	0.000	698	1	100.0	30
01/06/20	4:00 a	74.7	75.0	74.7	89	71.2	0.0	---	0.00	0.0	---	74.7	77.7	77.7	76.1	29.785	0.00	0.00	0	0.00	0	0.0	0.00	0.0	0.000	0.202	78.3	93	76.1	83.8	21.22	 .0712	0.000	702	1	100.0	30
01/06/20	4:30 a	74.4	74.8	74.4	89	70.9	0.0	---	0.00	0.0	---	74.4	77.1	77.1	75.4	29.785	0.00	0.00	0	0.00	0	0.0	0.00	0.0	0.000	0.196	78.0	92	75.5	83.0	21.11	 .0713	0.000	701	1	100.0	30
01/06/20	5:00 a	74.2	74.6	74.2	89	70.7	0.0	---	0.00	0.0	---	74.2	76.8	76.8	75.1	29.793	0.00	0.00	0	0.00	0	0.0	0.00	0.0	0.000	0.192	78.0	92	75.5	83.0	21.11	 .0713	0.000	702	1	100.0	30
01/06/20	5:30 a	74.0	74.3	74.0	89	70.6	0.0	---	0.00	0.0	---	74.0	76.4	76.4	74.7	29.801	0.00	0.00	0	0.00	0	0.0	0.00	0.0	0.000	0.188	77.7	92	75.2	82.5	21.10	 .0714	0.000	701	1	100.0	30
01/06/20	6:00 a	73.9	74.2	73.9	89	70.5	0.0	---	0.00	0.0	---	73.9	76.3	76.3	74.6	29.807	0.00	0.00	0	0.00	5	0.0	0.00	0.0	0.000	0.185	77.7	92	75.2	82.5	21.10	 .0714	0.000	701	1	100.0	30
01/06/20	6:30 a	74.4	74.4	73.9	89	70.9	0.0	---	0.00	0.0	---	74.4	77.1	77.1	75.7	29.821	0.00	0.00	12	0.52	21	0.0	0.00	0.0	0.000	0.196	77.7	92	75.2	82.5	21.10	 .0714	0.000	701	1	100.0	30
01/06/20	7:00 a	75.0	75.0	74.3	90	71.9	0.0	---	0.00	0.0	---	75.0	78.4	78.4	78.7	29.832	0.00	0.00	26	1.12	28	0.0	0.00	0.0	0.000	0.208	78.1	93	75.9	83.4	21.21	 .0714	0.001	701	1	100.0	30
01/06/20	7:30 a	76.2	76.2	75.0	89	72.7	0.0	---	0.00	0.0	---	76.2	79.7	79.7	80.1	29.844	0.00	0.00	32	1.38	37	0.0	0.00	0.0	0.000	0.233	78.5	94	76.6	84.4	21.35	 .0713	0.000	699	1	100.0	30
01/06/20	8:00 a	77.7	77.7	76.2	90	74.5	0.0	NE	0.00	1.0	NE	77.7	82.3	82.3	83.4	29.860	0.00	0.00	54	2.32	84	0.5	0.11	1.3	0.000	0.265	79.0	95	77.4	85.8	21.65	 .0712	0.001	699	1	100.0	30
01/06/20	8:30 a	78.7	78.8	77.7	90	75.5	0.0	NE	0.00	2.0	NE	78.7	84.1	84.1	86.4	29.858	0.00	0.00	97	4.17	148	1.5	0.32	2.2	0.000	0.285	79.8	96	78.6	87.9	21.75	 .0710	0.000	701	1	100.0	30
01/06/20	9:00 a	79.3	79.5	77.8	90	76.1	1.0	E	0.50	3.0	E	79.3	85.3	85.3	88.3	29.854	0.00	0.00	131	5.63	188	2.2	0.47	2.5	0.000	0.298	80.5	96	79.3	89.7	21.75	 .0708	0.003	701	1	100.0	30
01/06/20	9:30 a	81.7	81.7	78.9	86	77.1	1.0	SE	0.50	4.0	SSW	81.7	89.9	89.9	99.0	29.858	0.00	0.00	402	17.29	742	3.7	0.79	5.3	0.000	0.348	81.3	94	79.4	91.3	21.38	 .0707	0.000	702	1	100.0	30
01/06/20	10:00 a	83.9	84.0	81.7	82	77.8	1.0	S	0.50	5.0	S	83.9	94.9	94.9	106.7	29.849	0.00	0.00	755	32.47	800	6.1	1.31	6.8	0.000	0.394	82.2	91	79.3	93.0	20.87	 .0706	0.015	700	1	100.0	30
01/06/20	10:30 a	85.2	85.2	83.4	80	78.3	1.0	S	0.50	7.0	S	85.2	96.9	96.9	109.1	29.839	0.00	0.00	855	36.77	1023	7.5	1.61	8.5	0.000	0.421	83.0	91	80.1	95.3	20.81	 .0704	0.000	699	1	100.0	30
01/06/20	11:00 a	84.1	85.5	84.0	77	76.1	1.0	SE	0.50	5.0	SW	84.1	93.6	93.6	105.2	29.830	0.00	0.00	828	35.61	1046	8.0	1.71	9.3	0.000	0.398	83.5	89	79.9	96.0	19.60	 .0703	0.021	699	1	100.0	30
01/06/20	11:30 a	86.1	86.3	84.1	78	78.4	1.0	S	0.50	7.0	SSE	86.1	98.4	98.4	109.8	29.807	0.00	0.00	846	36.38	1048	8.9	1.91	9.7	0.000	0.440	84.1	88	80.2	97.5	18.94	 .0702	0.000	702	1	100.0	30
01/06/20	12:00 p	85.5	86.1	85.0	74	76.3	2.0	ESE	1.00	7.0	SE	85.5	95.5	95.5	108.4	29.796	0.00	0.00	949	40.81	1079	9.3	1.99	9.9	0.000	0.427	84.8	87	80.5	98.9	18.46	 .0700	0.023	699	1	100.0	30
01/06/20	12:30 p	85.6	86.0	84.8	78	77.9	2.0	SE	1.00	7.0	S	85.6	97.1	97.1	110.4	29.785	0.00	0.00	938	40.34	1018	9.1	1.95	9.6	0.000	0.429	85.0	86	80.3	98.9	18.05	 .0700	0.000	702	1	100.0	30
01/06/20	1:00 p	86.3	86.4	85.4	80	79.4	1.0	S	0.50	6.0	S	86.3	99.8	99.8	113.4	29.766	0.00	0.00	897	38.58	954	8.4	1.80	8.9	0.000	0.444	85.2	86	80.5	99.5	18.04	 .0699	0.023	697	1	100.0	30
01/06/20	1:30 p	85.9	86.5	85.2	75	77.1	2.0	SSW	1.00	8.0	S	85.9	96.8	96.8	111.2	29.751	0.00	0.00	878	37.76	1004	7.4	1.59	8.4	0.000	0.435	85.4	84	80.0	99.1	17.23	 .0699	0.000	700	1	100.0	30
01/06/20	2:00 p	85.6	86.0	85.4	74	76.4	1.0	S	0.50	6.0	SW	85.6	95.7	95.7	109.8	29.742	0.00	0.00	775	33.33	805	6.2	1.33	6.9	0.000	0.429	85.5	85	80.5	99.8	17.62	 .0698	0.021	700	1	100.0	30
01/06/20	2:30 p	84.8	85.8	84.8	74	75.6	2.0	SE	1.00	6.0	ESE	84.8	93.9	93.9	108.0	29.739	0.00	0.00	682	29.33	784	4.7	1.01	5.7	0.000	0.413	85.4	82	79.3	98.2	16.53	 .0699	0.000	701	1	100.0	30
01/06/20	3:00 p	84.5	84.8	83.8	76	76.1	1.0	SSE	0.50	6.0	SSE	84.5	94.0	94.0	105.1	29.730	0.00	0.00	461	19.83	772	3.1	0.66	4.3	0.000	0.406	85.0	83	79.3	97.6	16.85	 .0699	0.015	703	1	100.0	30
01/06/20	3:30 p	84.5	85.3	84.4	74	75.3	2.0	SSE	1.00	6.0	SSE	84.5	93.3	93.3	107.9	29.732	0.00	0.00	501	21.55	626	2.3	0.49	2.9	0.000	0.406	85.2	83	79.4	98.1	16.84	 .0699	0.000	700	1	100.0	30
01/06/20	4:00 p	83.6	84.8	83.5	76	75.2	1.0	ENE	0.50	7.0	S	83.6	92.0	92.0	104.8	29.738	0.00	0.00	370	15.91	425	1.3	0.28	1.8	0.000	0.387	85.2	83	79.4	98.1	16.84	 .0699	0.012	701	1	100.0	30
01/06/20	4:30 p	82.4	83.6	82.3	77	74.5	1.0	SSE	0.50	4.0	SW	82.4	89.1	89.1	93.5	29.752	0.00	0.00	134	5.76	334	0.5	0.11	0.9	0.000	0.363	84.6	83	78.9	96.7	16.87	 .0701	0.000	700	1	100.0	30
01/06/20	5:00 p	81.0	82.5	80.9	82	75.0	1.0	SE	0.50	4.0	SE	81.0	87.0	87.0	86.9	29.755	0.00	0.00	70	3.01	107	0.0	0.00	0.0	0.000	0.333	83.8	85	78.8	95.5	17.72	 .0702	0.003	701	1	100.0	30
01/06/20	5:30 p	80.6	81.1	80.5	83	75.0	0.0	SE	0.00	3.0	SE	80.6	86.4	86.4	85.3	29.757	0.00	0.00	27	1.16	69	0.0	0.00	0.0	0.000	0.325	83.1	86	78.5	93.7	18.16	 .0703	0.000	701	1	100.0	30
01/06/20	6:00 p	80.2	80.5	79.6	85	75.3	0.0	SE	0.00	2.0	SE	80.2	86.0	86.0	84.4	29.776	0.00	0.00	0	0.00	0	0.0	0.00	0.0	0.000	0.317	82.6	88	78.7	93.0	19.09	 .0704	0.001	697	1	100.0	30
01/06/20	6:30 p	79.3	80.2	79.3	85	74.4	0.0	SE	0.00	2.0	SE	79.3	84.3	84.3	82.7	29.785	0.00	0.00	0	0.00	0	0.0	0.00	0.0	0.000	0.298	82.3	88	78.4	92.2	19.12	 .0705	0.000	700	1	100.0	30
01/06/20	7:00 p	78.9	79.4	78.9	86	74.4	0.0	N	0.00	3.0	N	78.9	83.7	83.7	82.1	29.796	0.03	0.26	0	0.00	0	0.0	0.00	0.0	0.000	0.290	81.9	89	78.3	91.5	19.76	 .0706	0.001	699	1	100.0	30
01/06/20	7:30 p	77.9	78.9	77.9	87	73.7	0.0	N	0.00	2.0	N	77.9	82.2	82.2	80.5	29.813	0.01	0.20	0	0.00	0	0.0	0.00	0.0	0.000	0.269	81.6	90	78.4	90.9	20.32	 .0707	0.000	701	1	100.0	30
01/06/20	8:00 p	77.6	78.1	77.6	88	73.8	0.0	---	0.00	0.0	---	77.6	81.8	81.8	80.1	29.815	0.00	0.00	0	0.00	0	0.0	0.00	0.0	0.000	0.262	81.2	91	78.3	90.1	20.95	 .0707	0.001	700	1	100.0	30
01/06/20	8:30 p	77.3	77.6	77.2	88	73.5	0.0	---	0.00	0.0	---	77.3	81.3	81.3	79.6	29.819	0.00	0.00	0	0.00	0	0.0	0.00	0.0	0.000	0.256	80.9	91	78.0	89.3	20.98	 .0708	0.000	701	1	100.0	30
01/06/20	9:00 p	76.8	77.3	76.7	88	73.0	0.0	---	0.00	0.0	---	76.8	80.5	80.5	78.7	29.821	0.00	0.00	0	0.00	0	0.0	0.00	0.0	0.000	0.246	80.5	91	77.6	88.3	21.01	 .0709	0.000	699	1	100.0	30
01/06/20	9:30 p	76.4	76.8	76.4	88	72.6	0.0	---	0.00	0.0	---	76.4	80.0	80.0	78.2	29.821	0.00	0.00	0	0.00	0	0.0	0.00	0.0	0.000	0.238	80.2	91	77.3	87.5	21.03	 .0709	0.000	700	1	100.0	30
01/06/20	10:00 p	76.2	76.4	76.2	88	72.4	0.0	---	0.00	0.0	---	76.2	79.7	79.7	77.9	29.821	0.00	0.00	0	0.00	0	0.0	0.00	0.0	0.000	0.233	80.1	91	77.2	87.3	21.04	 .0710	0.000	702	1	100.0	30
01/06/20	10:30 p	76.2	76.3	76.1	89	72.7	0.0	---	0.00	0.0	---	76.2	79.7	79.7	77.9	29.818	0.00	0.00	0	0.00	0	0.0	0.00	0.0	0.000	0.233	79.9	91	77.0	86.8	21.05	 .0710	0.000	701	1	100.0	30
01/06/20	11:00 p	76.2	76.4	76.2	89	72.7	0.0	---	0.00	0.0	---	76.2	79.7	79.7	77.9	29.815	0.00	0.00	0	0.00	0	0.0	0.00	0.0	0.000	0.233	79.9	92	77.4	87.1	21.15	 .0710	0.000	699	1	100.0	30
01/06/20	11:30 p	75.9	76.3	75.9	89	72.4	0.0	---	0.00	0.0	---	75.9	79.3	79.3	77.5	29.807	0.00	0.00	0	0.00	0	0.0	0.00	0.0	0.000	0.227	79.7	91	76.8	86.4	21.04	 .0710	0.000	699	1	100.0	30
01/07/20	12:00 a	75.7	75.9	75.7	89	72.2	0.0	---	0.00	0.0	---	75.7	79.1	79.1	77.3	29.801	0.00	0.00	0	0.00	0	0.0	0.00	0.0	0.000	0.223	79.5	91	76.6	86.0	21.04	 .0710	0.000	703	1	100.0	30
01/07/20	12:30 a	75.4	75.7	75.2	89	71.9	0.0	---	0.00	0.0	---	75.4	78.8	78.8	77.0	29.792	0.00	0.00	0	0.00	0	0.0	0.00	0.0	0.000	0.217	79.2	91	76.3	85.3	21.03	 .0711	0.000	701	1	100.0	30
01/07/20	1:00 a	75.1	75.5	75.0	89	71.6	0.0	---	0.00	0.0	---	75.1	78.4	78.4	76.6	29.786	0.00	0.00	0	0.00	0	0.0	0.00	0.0	0.000	0.210	79.0	91	76.1	84.9	21.03	 .0711	0.000	699	1	100.0	30
01/07/20	1:30 a	75.1	75.2	75.0	89	71.6	0.0	---	0.00	0.0	---	75.1	78.4	78.4	76.6	29.775	0.00	0.00	0	0.00	0	0.0	0.00	0.0	0.000	0.210	78.9	91	76.0	84.7	21.03	 .0711	0.000	702	1	100.0	30
01/07/20	2:00 a	75.0	75.2	75.0	89	71.5	0.0	---	0.00	0.0	---	75.0	78.3	78.3	76.5	29.767	0.00	0.00	0	0.00	0	0.0	0.00	0.0	0.000	0.208	78.7	92	76.2	84.5	21.12	 .0711	0.000	701	1	100.0	30
01/07/20	2:30 a	75.0	75.1	74.8	89	71.5	0.0	---	0.00	0.0	---	75.0	78.3	78.3	76.5	29.763	0.00	0.00	0	0.00	0	0.0	0.00	0.0	0.000	0.208	78.5	92	76.0	84.1	21.12	 .0711	0.000	700	1	100.0	30
01/07/20	3:00 a	75.2	75.2	74.9	89	71.7	0.0	---	0.00	0.0	---	75.2	78.5	78.5	76.7	29.758	0.00	0.00	0	0.00	0	0.0	0.00	0.0	0.000	0.212	78.7	92	76.2	84.5	21.12	 .0711	0.000	701	1	100.0	30
01/07/20	3:30 a	75.3	75.3	75.1	89	71.8	0.0	---	0.00	0.0	---	75.3	78.7	78.7	76.9	29.759	0.00	0.00	0	0.00	0	0.0	0.00	0.0	0.000	0.215	78.5	92	76.0	84.1	21.12	 .0711	0.000	700	1	100.0	30
01/07/20	4:00 a	74.9	75.3	74.8	89	71.4	0.0	---	0.00	0.0	---	74.9	78.1	78.1	76.3	29.761	0.00	0.00	0	0.00	0	0.0	0.00	0.0	0.000	0.206	78.4	92	75.9	83.9	21.12	 .0711	0.000	700	1	100.0	30
01/07/20	4:30 a	74.2	74.9	74.2	89	70.7	0.0	---	0.00	0.0	---	74.2	76.8	76.8	74.9	29.764	0.00	0.00	0	0.00	0	0.0	0.00	0.0	0.000	0.192	78.0	92	75.5	83.0	21.11	 .0712	0.000	701	1	100.0	30
01/07/20	5:00 a	74.2	74.4	74.2	89	70.7	0.0	---	0.00	0.0	---	74.2	76.8	76.8	74.9	29.769	0.00	0.00	0	0.00	0	0.0	0.00	0.0	0.000	0.192	77.9	92	75.4	82.9	21.11	 .0713	0.000	701	1	100.0	30
01/07/20	5:30 a	73.7	74.2	73.7	89	70.3	0.0	---	0.00	0.0	---	73.7	76.1	76.1	74.2	29.780	0.00	0.00	0	0.00	0	0.0	0.00	0.0	0.000	0.181	77.6	91	74.8	82.2	21.00	 .0714	0.000	702	1	100.0	30
01/07/20	6:00 a	73.4	73.8	73.4	89	70.0	0.0	---	0.00	0.0	---	73.4	75.8	75.8	73.9	29.790	0.00	0.00	1	0.04	5	0.0	0.00	0.0	0.000	0.175	77.4	92	74.9	81.9	21.10	 .0714	0.000	702	1	100.0	30
01/07/20	6:30 a	73.9	74.0	73.4	89	70.5	0.0	---	0.00	0.0	---	73.9	76.3	76.3	74.7	29.793	0.00	0.00	14	0.60	21	0.0	0.00	0.0	0.000	0.185	77.4	92	74.9	81.9	21.10	 .0714	0.000	701	1	100.0	30
01/07/20	7:00 a	74.8	74.8	73.9	90	71.7	0.0	---	0.00	0.0	---	74.8	78.0	78.0	78.1	29.805	0.00	0.00	23	0.99	26	0.0	0.00	0.0	0.000	0.204	77.6	93	75.4	82.4	21.20	 .0714	0.001	699	1	100.0	30
01/07/20	7:30 a	75.7	75.7	74.7	90	72.6	0.0	---	0.00	0.0	---	75.7	79.2	79.2	79.4	29.822	0.00	0.00	28	1.20	32	0.0	0.00	0.0	0.000	0.223	78.2	93	76.0	83.6	21.21	 .0713	0.000	701	1	100.0	30
01/07/20	8:00 a	76.7	76.7	75.7	90	73.5	0.0	---	0.00	0.0	---	76.7	80.5	80.5	81.5	29.832	0.00	0.00	54	2.32	118	0.5	0.11	1.3	0.000	0.244	78.7	94	76.8	84.9	21.35	 .0712	0.001	701	1	100.0	30
01/07/20	8:30 a	77.8	77.8	76.6	90	74.6	0.0	N	0.00	2.0	N	77.8	82.4	82.4	83.6	29.834	0.00	0.00	65	2.80	88	1.2	0.26	2.1	0.000	0.267	79.2	94	77.3	86.0	21.35	 .0711	0.000	702	1	100.0	30
01/07/20	9:00 a	78.2	79.0	77.8	89	74.7	1.0	E	0.50	4.0	NE	78.2	83.0	83.0	84.8	29.836	0.00	0.00	91	3.91	114	2.2	0.47	2.4	0.000	0.275	80.2	94	78.3	88.4	21.35	 .0709	0.002	698	1	100.0	30
01/07/20	9:30 a	81.7	81.7	78.3	83	76.0	1.0	SSE	0.50	5.0	SSW	81.7	89.0	89.0	97.5	29.841	0.00	0.00	374	16.08	737	3.7	0.79	5.4	0.000	0.348	80.9	91	78.0	89.3	20.98	 .0708	0.000	703	1	100.0	30
01/07/20	10:00 a	83.9	84.0	81.7	79	76.7	1.0	SE	0.50	5.0	S	83.9	93.9	93.9	105.5	29.839	0.00	0.00	770	33.11	798	6.2	1.33	6.9	0.000	0.394	81.9	91	79.0	92.2	20.90	 .0706	0.015	700	1	100.0	30
01/07/20	10:30 a	85.0	85.1	83.9	77	77.0	2.0	SE	1.00	8.0	SE	85.0	95.3	95.3	107.1	29.829	0.00	0.00	837	36.00	868	7.6	1.63	8.2	0.000	0.417	82.7	88	78.8	93.3	19.08	 .0705	0.000	702	1	100.0	30
01/07/20	11:00 a	85.7	86.5	85.1	77	77.7	1.0	SSW	0.50	5.0	SW	85.7	97.0	97.0	108.4	29.815	0.00	0.00	841	36.17	891	8.7	1.86	9.2	0.000	0.431	83.6	88	79.7	96.0	18.99	 .0703	0.022	699	1	100.0	30
01/07/20	11:30 a	86.5	86.5	85.2	79	79.2	2.0	SE	1.00	7.0	SSE	86.5	100.0	100.0	111.6	29.800	0.00	0.00	859	36.94	974	9.5	2.04	9.7	0.000	0.448	84.4	86	79.7	97.4	18.09	 .0702	0.000	700	1	100.0	30
01/07/20	12:00 p	85.8	86.6	85.1	75	77.0	1.0	S	0.50	7.0	ESE	85.8	96.5	96.5	109.4	29.790	0.00	0.00	947	40.73	969	9.7	2.08	9.7	0.000	0.433	84.7	85	79.7	97.7	17.67	 .0701	0.024	700	1	100.0	30
01/07/20	12:30 p	86.5	86.7	85.6	76	78.0	2.0	SSE	1.00	7.0	SSE	86.5	98.7	98.7	111.8	29.773	0.00	0.00	919	39.52	944	9.3	1.99	9.6	0.000	0.448	85.2	85	80.2	99.0	17.64	 .0700	0.000	701	1	100.0	30
01/07/20	1:00 p	86.3	87.0	85.5	75	77.4	2.0	SE	1.00	10.0	SE	86.3	97.8	97.8	111.2	29.762	0.00	0.00	890	38.27	921	8.6	1.84	9.1	0.000	0.444	85.4	84	80.0	99.1	17.23	 .0699	0.024	700	1	100.0	30
01/07/20	1:30 p	85.6	86.3	85.4	76	77.2	3.0	SE	1.50	9.0	SE	85.6	96.4	96.4	110.1	29.745	0.00	0.00	835	35.91	860	7.6	1.63	8.1	0.000	0.429	85.4	83	79.6	98.7	16.83	 .0699	0.000	701	1	100.0	30
01/07/20	2:00 p	85.6	86.2	85.0	76	77.2	3.0	SE	1.50	8.0	S	85.6	96.4	96.4	110.5	29.738	0.00	0.00	770	33.11	810	6.3	1.35	6.9	0.000	0.429	85.5	83	79.7	98.9	16.83	 .0699	0.022	703	1	100.0	30
01/07/20	2:30 p	85.6	86.0	85.1	75	76.8	3.0	SSE	1.50	11.0	SE	85.6	96.0	96.0	110.3	29.731	0.00	0.00	685	29.46	728	4.9	1.05	5.6	0.000	0.429	85.4	83	79.6	98.7	16.83	 .0699	0.000	700	1	100.0	30
01/07/20	3:00 p	85.0	85.7	85.0	74	75.8	3.0	ESE	1.50	10.0	SE	85.0	94.3	94.3	108.6	29.726	0.00	0.00	587	25.24	640	3.5	0.75	4.2	0.000	0.417	85.3	82	79.2	98.0	16.54	 .0699	0.017	700	1	100.0	30
01/07/20	3:30 p	84.8	85.6	84.7	79	77.6	1.0	S	0.50	6.0	S	84.8	95.7	95.7	109.8	29.730	0.00	0.00	480	20.64	533	2.3	0.49	2.9	0.000	0.413	85.4	85	80.4	99.5	17.63	 .0698	0.000	697	1	100.0	30
01/07/20	4:00 p	84.0	85.0	83.8	80	77.2	2.0	E	1.00	8.0	E	84.0	94.5	94.5	107.4	29.730	0.00	0.00	366	15.74	425	1.3	0.28	1.8	0.000	0.396	85.4	84	80.0	99.1	17.23	 .0698	0.011	698	1	100.0	30
01/07/20	4:30 p	82.8	84.1	82.6	79	75.6	1.0	ESE	0.50	7.0	SE	82.8	90.8	90.8	94.5	29.739	0.00	0.00	117	5.03	302	0.3	0.06	0.9	0.000	0.371	84.6	84	79.2	97.1	17.27	 .0700	0.000	700	1	100.0	30
01/07/20	5:00 p	81.2	82.8	81.0	83	75.5	1.0	SE	0.50	6.0	SSE	81.2	87.8	87.8	86.8	29.746	0.00	0.00	28	1.20	37	0.0	0.00	0.0	0.000	0.337	83.6	87	79.3	95.6	18.53	 .0702	0.002	701	1	100.0	30
01/07/20	5:30 p	79.9	81.2	79.8	85	75.0	0.0	NNE	0.00	2.0	NNE	79.9	85.4	85.4	84.0	29.750	0.00	0.00	12	0.52	19	0.0	0.00	0.0	0.000	0.310	82.8	90	79.6	94.3	20.23	 .0703	0.000	697	1	100.0	30
01/07/20	6:00 p	78.7	79.9	78.7	86	74.2	0.0	ESE	0.00	1.0	ESE	78.7	83.4	83.4	81.8	29.763	0.00	0.00	0	0.00	0	0.0	0.00	0.0	0.000	0.285	82.2	90	79.0	92.6	20.27	 .0704	0.000	698	1	100.0	30
01/07/20	6:30 p	77.9	78.7	77.8	87	73.7	0.0	---	0.00	0.0	---	77.9	82.2	82.2	80.5	29.777	0.00	0.00	0	0.00	0	0.0	0.00	0.0	0.000	0.269	81.6	90	78.4	90.9	20.32	 .0706	0.000	702	1	100.0	30
01/07/20	7:00 p	77.3	77.9	77.3	87	73.1	0.0	---	0.00	0.0	---	77.3	81.2	81.2	79.5	29.795	0.00	0.00	0	0.00	0	0.0	0.00	0.0	0.000	0.256	81.1	91	78.2	89.8	20.96	 .0707	0.001	700	1	100.0	30
01/07/20	7:30 p	76.7	77.3	76.7	88	72.9	0.0	---	0.00	0.0	---	76.7	80.4	80.4	78.6	29.801	0.00	0.00	0	0.00	0	0.0	0.00	0.0	0.000	0.244	80.7	91	77.8	88.8	20.99	 .0708	0.000	701	1	100.0	30
01/07/20	8:00 p	76.3	76.8	76.3	88	72.5	0.0	---	0.00	0.0	---	76.3	79.8	79.8	78.0	29.804	0.00	0.00	0	0.00	0	0.0	0.00	0.0	0.000	0.235	80.4	91	77.5	88.0	21.02	 .0709	0.000	699	1	100.0	30
01/07/20	8:30 p	75.9	76.3	75.9	88	72.1	0.0	---	0.00	0.0	---	75.9	79.3	79.3	77.5	29.807	0.00	0.00	0	0.00	0	0.0	0.00	0.0	0.000	0.227	80.1	91	77.2	87.3	21.04	 .0709	0.000	701	1	100.0	30
01/07/20	9:00 p	75.7	76.0	75.5	88	71.9	0.0	---	0.00	0.0	---	75.7	79.0	79.0	77.2	29.806	0.00	0.00	0	0.00	0	0.0	0.00	0.0	0.000	0.223	79.8	91	76.9	86.6	21.05	 .0710	0.000	700	1	100.0	30
01/07/20	9:30 p	75.2	75.7	75.2	88	71.4	0.0	---	0.00	0.0	---	75.2	78.5	78.5	76.7	29.804	0.00	0.00	0	0.00	0	0.0	0.00	0.0	0.000	0.212	79.5	91	76.6	86.0	21.04	 .0710	0.000	699	1	100.0	30
01/07/20	10:00 p	75.0	75.3	75.0	89	71.5	0.0	---	0.00	0.0	---	75.0	78.3	78.3	76.5	29.801	0.00	0.00	0	0.00	0	0.0	0.00	0.0	0.000	0.208	79.3	91	76.4	85.6	21.04	 .0711	0.000	700	1	100.0	30
01/07/20	10:30 p	74.7	75.1	74.6	89	71.2	0.0	---	0.00	0.0	---	74.7	77.7	77.7	75.9	29.797	0.00	0.00	0	0.00	0	0.0	0.00	0.0	0.000	0.202	79.0	91	76.1	84.9	21.03	 .0711	0.000	703	1	100.0	30
01/07/20	11:00 p	74.5	74.8	74.4	89	71.0	0.0	---	0.00	0.0	---	74.5	77.3	77.3	75.5	29.791	0.00	0.00	0	0.00	0	0.0	0.00	0.0	0.000	0.198	78.7	91	75.8	84.3	21.02	 .0712	0.000	700	1	100.0	30
01/07/20	11:30 p	74.2	74.6	74.2	89	70.7	0.0	---	0.00	0.0	---	74.2	76.8	76.8	74.9	29.789	0.00	0.00	0	0.00	0	0.0	0.00	0.0	0.000	0.192	78.5	91	75.7	83.9	21.02	 .0712	0.000	700	1	100.0	30
01/08/20	12:00 a	74.2	74.4	74.0	89	70.7	0.0	---	0.00	0.0	---	74.2	76.8	76.8	74.9	29.782	0.00	0.00	0	0.00	0	0.0	0.00	0.0	0.000	0.192	78.3	91	75.5	83.5	21.02	 .0712	0.000	703	1	100.0	30
01/08/20	12:30 a	73.9	74.2	73.8	89	70.5	0.0	---	0.00	0.0	---	73.9	76.3	76.3	74.4	29.766	0.00	0.00	0	0.00	0	0.0	0.00	0.0	0.000	0.185	78.0	91	75.2	82.9	21.01	 .0713	0.000	697	1	100.0	30
01/08/20	1:00 a	73.9	74.0	73.7	89	70.5	0.0	---	0.00	0.0	---	73.9	76.3	76.3	74.4	29.764	0.00	0.00	0	0.00	0	0.0	0.00	0.0	0.000	0.185	77.9	91	75.1	82.7	21.01	 .0713	0.000	701	1	100.0	30
01/08/20	1:30 a	74.3	74.3	73.8	89	70.8	0.0	---	0.00	0.0	---	74.3	76.9	76.9	75.0	29.757	0.00	0.00	0	0.00	0	0.0	0.00	0.0	0.000	0.194	78.0	92	75.5	83.0	21.11	 .0712	0.000	699	1	100.0	30
01/08/20	2:00 a	73.9	74.4	73.9	89	70.5	0.0	---	0.00	0.0	---	73.9	76.3	76.3	74.4	29.748	0.00	0.00	0	0.00	0	0.0	0.00	0.0	0.000	0.185	77.9	91	75.1	82.7	21.01	 .0712	0.000	702	1	100.0	30
01/08/20	2:30 a	73.8	74.0	73.7	89	70.4	0.0	---	0.00	0.0	---	73.8	76.2	76.2	74.3	29.739	0.00	0.00	0	0.00	0	0.0	0.00	0.0	0.000	0.183	77.7	91	74.9	82.4	21.00	 .0713	0.000	699	1	100.0	30
01/08/20	3:00 a	73.5	73.9	73.4	89	70.1	0.0	---	0.00	0.0	---	73.5	75.9	75.9	74.0	29.748	0.00	0.00	0	0.00	0	0.0	0.00	0.0	0.000	0.177	77.4	91	74.6	81.8	21.00	 .0713	0.000	703	1	100.0	30
01/08/20	3:30 a	73.4	73.5	73.3	89	70.0	0.0	---	0.00	0.0	---	73.4	75.8	75.8	73.8	29.750	0.00	0.00	0	0.00	0	0.0	0.00	0.0	0.000	0.175	77.4	91	74.6	81.8	21.00	 .0713	0.000	696	1	100.0	30
01/08/20	4:00 a	73.2	73.4	73.1	89	69.8	0.0	---	0.00	0.0	---	73.2	75.6	75.6	73.6	29.749	0.00	0.00	0	0.00	0	0.0	0.00	0.0	0.000	0.171	77.2	91	74.4	81.5	20.99	 .0714	0.000	700	1	100.0	30
01/08/20	4:30 a	73.1	73.2	72.8	89	69.7	0.0	---	0.00	0.0	---	73.1	75.5	75.5	73.5	29.758	0.00	0.00	0	0.00	0	0.0	0.00	0.0	0.000	0.169	77.0	91	74.2	81.1	20.99	 .0714	0.000	702	1	100.0	30
01/08/20	5:00 a	72.9	73.1	72.8	89	69.5	0.0	---	0.00	0.0	---	72.9	75.3	75.3	73.3	29.758	0.00	0.00	0	0.00	0	0.0	0.00	0.0	0.000	0.165	76.9	91	74.1	80.9	20.99	 .0715	0.000	702	1	100.0	30
01/08/20	5:30 a	73.0	73.0	72.8	89	69.6	0.0	---	0.00	0.0	---	73.0	75.4	75.4	73.4	29.771	0.00	0.00	0	0.00	0	0.0	0.00	0.0	0.000	0.167	76.8	91	74.0	80.8	20.99	 .0715	0.000	699	1	100.0	30
01/08/20	6:00 a	72.9	73.0	72.8	89	69.5	0.0	---	0.00	0.0	---	72.9	75.3	75.3	73.3	29.777	0.00	0.00	0	0.00	5	0.0	0.00	0.0	0.000	0.165	76.7	91	73.9	80.6	20.98	 .0716	0.000	702	1	100.0	30
01/08/20	6:30 a	73.3	73.3	72.8	89	69.9	0.0	---	0.00	0.0	---	73.3	75.7	75.7	74.0	29.788	0.00	0.00	12	0.52	19	0.0	0.00	0.0	0.000	0.173	76.8	92	74.3	80.9	21.09	 .0715	0.000	701	1	100.0	30
01/08/20	7:00 a	74.3	74.3	73.3	89	70.8	0.0	---	0.00	0.0	---	74.3	76.9	76.9	77.0	29.800	0.00	0.00	24	1.03	28	0.0	0.00	0.0	0.000	0.194	77.3	92	74.8	81.8	21.10	 .0715	0.001	701	1	100.0	30
01/08/20	7:30 a	75.7	75.7	74.3	90	72.6	0.0	---	0.00	0.0	---	75.7	79.2	79.2	79.5	29.809	0.00	0.00	31	1.33	33	0.0	0.00	0.0	0.000	0.223	77.7	93	75.5	82.6	21.20	 .0714	0.000	702	1	100.0	30
01/08/20	8:00 a	77.1	77.2	75.6	90	73.9	0.0	ESE	0.00	2.0	ESE	77.1	81.2	81.2	82.5	29.819	0.00	0.00	62	2.67	178	0.5	0.11	1.3	0.000	0.252	78.4	95	76.8	84.4	21.65	 .0712	0.001	699	1	100.0	30
01/08/20	8:30 a	78.5	78.5	77.0	90	75.3	1.0	E	0.50	4.0	E	78.5	83.8	83.8	85.3	29.822	0.00	0.00	73	3.14	132	1.0	0.21	2.0	0.000	0.281	79.2	95	77.6	86.3	21.65	 .0711	0.000	702	1	100.0	30
01/08/20	9:00 a	80.1	80.2	78.4	88	76.2	1.0	ESE	0.50	4.0	ENE	80.1	86.6	86.6	88.9	29.822	0.00	0.00	105	4.52	141	2.2	0.47	2.4	0.000	0.315	80.8	94	78.9	89.9	21.37	 .0707	0.002	702	1	100.0	30
01/08/20	9:30 a	83.3	83.3	80.1	80	76.5	1.0	SSE	0.50	5.0	S	83.3	92.5	92.5	101.4	29.829	0.00	0.00	395	16.99	816	3.7	0.79	5.5	0.000	0.381	81.5	92	78.9	91.3	21.18	 .0707	0.000	702	1	100.0	30
01/08/20	10:00 a	84.4	84.6	83.3	76	76.0	2.0	SSE	1.00	9.0	SE	84.4	93.8	93.8	106.0	29.823	0.00	0.00	807	34.71	842	6.3	1.35	6.9	0.000	0.404	82.4	89	78.8	92.8	19.71	 .0705	0.016	702	1	100.0	30
01/08/20	10:30 a	85.3	85.9	84.4	75	76.5	2.0	E	1.00	9.0	SSE	85.3	95.3	95.3	107.4	29.809	0.00	0.00	853	36.68	900	7.5	1.61	8.1	0.000	0.423	83.2	87	78.9	94.4	18.56	 .0704	0.000	702	1	100.0	30
01/08/20	11:00 a	85.6	86.0	85.1	74	76.4	2.0	SSE	1.00	7.0	SSE	85.6	95.7	95.7	107.3	29.788	0.00	0.00	856	36.81	930	8.6	1.84	9.1	0.000	0.429	83.9	86	79.3	96.2	18.12	 .0702	0.023	701	1	100.0	30
01/08/20	11:30 a	86.2	87.0	85.6	73	76.5	2.0	ESE	1.00	9.0	SE	86.2	96.8	96.8	108.4	29.777	0.00	0.00	869	37.37	1048	9.4	2.01	9.9	0.000	0.442	84.8	85	79.8	97.9	17.66	 .0700	0.000	702	1	100.0	30
01/08/20	12:00 p	85.6	86.8	85.5	74	76.4	2.0	SE	1.00	7.0	S	85.6	95.7	95.7	108.9	29.768	0.00	0.00	965	41.50	1009	9.6	2.06	9.8	0.000	0.429	85.0	83	79.3	97.6	16.85	 .0700	0.024	702	1	100.0	30
01/08/20	12:30 p	85.9	86.5	85.1	76	77.5	2.0	SE	1.00	10.0	ESE	85.9	97.1	97.1	110.5	29.744	0.00	0.00	942	40.51	1005	9.0	1.93	9.7	0.000	0.435	85.3	82	79.2	98.0	16.54	 .0699	0.000	701	1	100.0	30
01/08/20	1:00 p	86.3	86.9	85.3	78	78.6	2.0	SW	1.00	7.0	SE	86.3	99.0	99.0	112.4	29.733	0.00	0.00	883	37.97	909	8.5	1.82	8.9	0.000	0.444	85.7	83	79.9	99.4	16.82	 .0698	0.023	702	1	100.0	30
01/08/20	1:30 p	85.1	86.5	85.0	74	75.9	2.0	S	1.00	8.0	S	85.1	94.5	94.5	107.0	29.726	0.00	0.00	774	33.29	977	7.1	1.52	8.1	0.000	0.419	85.9	80	79.0	98.6	15.71	 .0698	0.000	701	1	100.0	30
01/08/20	2:00 p	84.1	85.1	84.1	77	76.1	1.0	ESE	0.50	6.0	E	84.1	93.6	93.6	102.1	29.710	0.00	0.00	355	15.27	628	4.1	0.88	6.1	0.000	0.398	85.3	83	79.5	98.4	16.84	 .0698	0.016	701	1	100.0	30
01/08/20	2:30 p	84.5	84.5	83.4	75	75.7	2.0	SSW	1.00	6.0	SSE	84.5	93.6	93.6	102.1	29.698	0.00	0.00	327	14.06	773	3.1	0.66	5.0	0.000	0.406	84.8	83	79.1	97.2	16.86	 .0699	0.000	701	1	100.0	30
01/08/20	3:00 p	85.0	85.3	84.3	74	75.8	2.0	NNE	1.00	9.0	N	85.0	94.3	94.3	108.2	29.698	0.00	0.00	572	24.60	694	3.4	0.73	4.1	0.000	0.417	85.3	82	79.2	98.0	16.54	 .0698	0.013	701	1	100.0	30
01/08/20	3:30 p	83.8	85.3	83.2	77	75.8	2.0	SE	1.00	6.0	SSE	83.8	92.9	92.9	102.0	29.698	0.00	0.00	289	12.43	670	1.9	0.41	2.9	0.000	0.392	85.0	82	78.9	97.2	16.55	 .0699	0.000	699	1	100.0	30
01/08/20	4:00 p	83.2	84.6	83.1	79	76.0	2.0	SE	1.00	6.0	ESE	83.2	91.9	91.9	100.9	29.702	0.00	0.00	268	11.53	608	1.1	0.24	1.7	0.000	0.379	84.9	82	78.8	97.0	16.55	 .0699	0.009	701	1	100.0	30
01/08/20	4:30 p	82.7	83.2	82.4	81	76.3	1.0	NE	0.50	5.0	SSE	82.7	91.1	91.1	95.2	29.703	0.00	0.00	122	5.25	169	0.1	0.02	0.6	0.000	0.369	84.2	86	79.6	97.0	18.10	 .0700	0.000	701	1	100.0	30
01/08/20	5:00 p	81.4	82.7	81.2	83	75.7	1.0	SSE	0.50	4.0	E	81.4	88.3	88.3	88.1	29.714	0.00	0.00	62	2.67	100	0.0	0.00	0.0	0.000	0.342	83.6	87	79.3	95.6	18.53	 .0701	0.003	699	1	100.0	30
01/08/20	5:30 p	80.7	81.5	80.7	84	75.4	0.0	E	0.00	2.0	E	80.7	86.9	86.9	85.6	29.717	0.00	0.00	12	0.52	28	0.0	0.00	0.0	0.000	0.327	83.1	89	79.5	94.8	19.64	 .0701	0.000	703	1	100.0	30
01/08/20	6:00 p	79.6	80.7	79.6	85	74.7	0.0	E	0.00	2.0	E	79.6	84.8	84.8	83.2	29.725	0.00	0.00	0	0.00	0	0.0	0.00	0.0	0.000	0.304	82.5	89	78.9	93.1	19.70	 .0703	0.000	702	1	100.0	30
01/08/20	6:30 p	79.3	79.8	79.3	86	74.7	0.0	---	0.00	0.0	---	79.3	84.5	84.5	82.9	29.741	0.00	0.00	0	0.00	0	0.0	0.00	0.0	0.000	0.298	82.1	90	78.9	92.4	20.28	 .0704	0.000	699	1	100.0	30
01/08/20	7:00 p	79.0	79.3	78.9	86	74.5	0.0	---	0.00	0.0	---	79.0	83.9	83.9	82.3	29.755	0.00	0.00	0	0.00	0	0.0	0.00	0.0	0.000	0.292	81.8	90	78.6	91.5	20.31	 .0705	0.001	701	1	100.0	30
01/08/20	7:30 p	78.8	79.2	78.7	86	74.3	0.0	---	0.00	0.0	---	78.8	83.6	83.6	82.0	29.766	0.00	0.00	0	0.00	0	0.0	0.00	0.0	0.000	0.288	81.5	90	78.3	90.6	20.33	 .0706	0.000	703	1	100.0	30
01/08/20	8:00 p	78.8	78.9	78.7	87	74.6	0.0	---	0.00	0.0	---	78.8	83.8	83.8	82.2	29.784	0.00	0.00	0	0.00	0	0.0	0.00	0.0	0.000	0.288	81.4	91	78.5	90.7	20.94	 .0706	0.001	701	1	100.0	30
01/08/20	8:30 p	78.5	78.8	78.4	87	74.3	0.0	---	0.00	0.0	---	78.5	83.2	83.2	81.6	29.785	0.00	0.00	0	0.00	0	0.0	0.00	0.0	0.000	0.281	81.3	91	78.4	90.4	20.95	 .0706	0.000	702	1	100.0	30
01/08/20	9:00 p	77.7	78.5	77.6	87	73.5	0.0	---	0.00	0.0	---	77.7	81.9	81.9	80.2	29.790	0.00	0.00	0	0.00	0	0.0	0.00	0.0	0.000	0.265	80.9	91	78.0	89.3	20.98	 .0707	0.001	699	1	100.0	30
01/08/20	9:30 p	77.8	78.0	77.7	88	74.0	0.0	---	0.00	0.0	---	77.8	82.2	82.2	80.5	29.794	0.00	0.00	0	0.00	0	0.0	0.00	0.0	0.000	0.267	80.9	91	78.0	89.3	20.98	 .0707	0.000	702	1	100.0	30
01/08/20	10:00 p	77.4	77.9	77.3	88	73.6	0.0	---	0.00	0.0	---	77.4	81.5	81.5	79.8	29.795	0.00	0.00	0	0.00	0	0.0	0.00	0.0	0.000	0.258	80.7	91	77.8	88.8	20.99	 .0708	0.001	702	1	100.0	30
01/08/20	10:30 p	76.8	77.4	76.7	88	73.0	0.0	---	0.00	0.0	---	76.8	80.5	80.5	78.7	29.792	0.00	0.00	0	0.00	0	0.0	0.00	0.0	0.000	0.246	80.3	91	77.4	87.8	21.03	 .0709	0.000	702	1	100.0	30
01/08/20	11:00 p	76.9	77.1	76.8	88	73.1	0.0	---	0.00	0.0	---	76.9	80.7	80.7	79.0	29.786	0.00	0.00	0	0.00	0	0.0	0.00	0.0	0.000	0.248	80.2	92	77.7	87.8	21.15	 .0708	0.000	701	1	100.0	30
01/08/20	11:30 p	76.4	76.9	76.3	88	72.6	0.0	---	0.00	0.0	---	76.4	80.0	80.0	78.2	29.781	0.00	0.00	0	0.00	0	0.0	0.00	0.0	0.000	0.238	79.8	91	76.9	86.6	21.05	 .0709	0.000	701	1	100.0	30
01/09/20	12:00 a	76.0	76.4	75.9	88	72.2	0.0	---	0.00	0.0	---	76.0	79.4	79.4	77.6	29.773	0.00	0.00	0	0.00	0	0.0	0.00	0.0	0.000	0.229	79.4	91	76.5	85.8	21.04	 .0710	0.000	702	1	100.0	30
01/09/20	12:30 a	76.3	76.3	75.9	89	72.8	0.0	---	0.00	0.0	---	76.3	79.9	79.9	78.1	29.768	0.00	0.00	0	0.00	0	0.0	0.00	0.0	0.000	0.235	79.4	92	76.9	86.0	21.14	 .0710	0.000	699	1	100.0	30
01/09/20	1:00 a	75.8	76.4	75.8	89	72.3	0.0	---	0.00	0.0	---	75.8	79.2	79.2	77.4	29.758	0.00	0.00	0	0.00	0	0.0	0.00	0.0	0.000	0.225	79.3	92	76.8	85.8	21.14	 .0710	0.000	701	1	100.0	30
01/09/20	1:30 a	75.5	75.8	75.4	89	72.0	0.0	---	0.00	0.0	---	75.5	78.9	78.9	77.1	29.749	0.00	0.00	0	0.00	0	0.0	0.00	0.0	0.000	0.219	79.0	92	76.5	85.1	21.13	 .0710	0.000	700	1	100.0	30
01/09/20	2:00 a	75.0	75.5	75.0	89	71.5	0.0	---	0.00	0.0	---	75.0	78.3	78.3	76.5	29.746	0.00	0.00	0	0.00	0	0.0	0.00	0.0	0.000	0.208	78.6	92	76.1	84.3	21.12	 .0711	0.000	700	1	100.0	30
01/09/20	2:30 a	74.6	75.0	74.6	89	71.1	0.0	---	0.00	0.0	---	74.6	77.5	77.5	75.7	29.738	0.00	0.00	0	0.00	0	0.0	0.00	0.0	0.000	0.200	78.4	91	75.6	83.7	21.02	 .0711	0.000	699	1	100.0	30
01/09/20	3:00 a	74.3	74.7	74.3	89	70.8	0.0	---	0.00	0.0	---	74.3	76.9	76.9	75.0	29.736	0.00	0.00	0	0.00	0	0.0	0.00	0.0	0.000	0.194	78.0	91	75.2	82.9	21.01	 .0712	0.000	702	1	100.0	30
01/09/20	3:30 a	73.9	74.3	73.9	89	70.5	0.0	---	0.00	0.0	---	73.9	76.3	76.3	74.4	29.736	0.00	0.00	0	0.00	0	0.0	0.00	0.0	0.000	0.185	77.7	91	74.9	82.4	21.00	 .0712	0.000	702	1	100.0	30
01/09/20	4:00 a	73.9	74.1	73.8	89	70.5	0.0	---	0.00	0.0	---	73.9	76.3	76.3	74.4	29.737	0.00	0.00	0	0.00	0	0.0	0.00	0.0	0.000	0.185	77.6	91	74.8	82.2	21.00	 .0713	0.000	702	1	100.0	30
01/09/20	4:30 a	73.4	73.9	73.4	89	70.0	0.0	---	0.00	0.0	---	73.4	75.8	75.8	73.8	29.736	0.00	0.00	0	0.00	0	0.0	0.00	0.0	0.000	0.175	77.4	91	74.6	81.8	21.00	 .0713	0.000	702	1	100.0	30
01/09/20	5:00 a	73.3	73.6	73.2	89	69.9	0.0	---	0.00	0.0	---	73.3	75.7	75.7	73.7	29.736	0.00	0.00	0	0.00	0	0.0	0.00	0.0	0.000	0.173	77.2	91	74.4	81.5	20.99	 .0714	0.000	701	1	100.0	30
01/09/20	5:30 a	73.0	73.5	73.0	89	69.6	0.0	---	0.00	0.0	---	73.0	75.4	75.4	73.4	29.738	0.00	0.00	0	0.00	0	0.0	0.00	0.0	0.000	0.167	77.1	91	74.3	81.3	20.99	 .0714	0.000	703	1	100.0	30
01/09/20	6:00 a	73.0	73.2	72.9	89	69.6	0.0	---	0.00	0.0	---	73.0	75.4	75.4	73.5	29.748	0.00	0.00	1	0.04	5	0.0	0.00	0.0	0.000	0.167	76.8	91	74.0	80.8	20.99	 .0715	0.000	700	1	100.0	30
01/09/20	6:30 a	73.4	73.4	73.0	89	70.0	0.0	---	0.00	0.0	---	73.4	75.8	75.8	74.1	29.759	0.00	0.00	13	0.56	19	0.0	0.00	0.0	0.000	0.175	76.9	92	74.4	81.1	21.09	 .0714	0.000	702	1	100.0	30
01/09/20	7:00 a	74.4	74.4	73.4	89	70.9	0.0	---	0.00	0.0	---	74.4	77.1	77.1	77.2	29.761	0.00	0.00	23	0.99	26	0.0	0.00	0.0	0.000	0.196	77.4	92	74.9	81.9	21.10	 .0713	0.001	699	1	100.0	30
01/09/20	7:30 a	75.6	75.6	74.3	89	72.1	0.0	---	0.00	0.0	---	75.6	79.0	79.0	79.2	29.777	0.00	0.00	29	1.25	32	0.0	0.00	0.0	0.000	0.221	77.9	93	75.7	83.0	21.21	 .0713	0.000	702	1	100.0	30
01/09/20	8:00 a	76.7	76.7	75.6	89	73.2	0.0	---	0.00	0.0	---	76.7	80.5	80.5	81.9	29.781	0.00	0.00	64	2.75	223	0.5	0.11	1.3	0.000	0.244	78.5	94	76.6	84.4	21.35	 .0711	0.001	699	1	100.0	30
01/09/20	8:30 a	77.9	78.3	76.7	89	74.4	0.0	---	0.00	0.0	---	77.9	82.5	82.5	84.0	29.785	0.00	0.00	73	3.14	142	1.1	0.24	1.8	0.000	0.269	79.4	94	77.5	86.5	21.35	 .0709	0.000	701	1	100.0	30
01/09/20	9:00 a	79.5	79.7	77.9	89	76.0	0.0	S	0.00	4.0	S	79.5	85.5	85.5	86.7	29.784	0.00	0.00	71	3.05	109	1.5	0.32	2.4	0.000	0.302	80.1	94	78.2	88.1	21.35	 .0708	0.002	700	1	100.0	30
01/09/20	9:30 a	82.4	82.4	79.6	82	76.3	1.0	S	0.50	4.0	S	82.4	90.6	90.6	98.5	29.780	0.00	0.00	346	14.88	707	3.6	0.77	5.4	0.000	0.363	81.0	92	78.5	89.8	21.17	 .0707	0.000	702	1	100.0	30
01/09/20	10:00 a	84.4	84.8	82.5	76	76.0	1.0	S	0.50	5.0	SSE	84.4	93.8	93.8	105.8	29.773	0.00	0.00	747	32.13	780	6.1	1.31	6.8	0.000	0.404	82.0	89	78.4	91.8	19.75	 .0705	0.014	699	1	100.0	30
01/09/20	10:30 a	86.2	86.3	84.4	75	77.3	1.0	SSE	0.50	4.0	SSE	86.2	97.5	97.5	109.2	29.760	0.00	0.00	824	35.44	879	7.4	1.59	8.1	0.000	0.442	83.1	87	78.8	94.1	18.56	 .0703	0.000	702	1	100.0	30
01/09/20	11:00 a	85.7	86.2	84.9	75	76.9	2.0	SSE	1.00	5.0	SSE	85.7	96.3	96.3	108.6	29.750	0.00	0.00	794	34.15	991	8.0	1.71	8.7	0.000	0.431	83.9	85	78.9	95.8	17.72	 .0702	0.021	703	1	100.0	30
01/09/20	11:30 a	86.9	87.0	85.7	75	78.0	2.0	S	1.00	8.0	SSE	86.9	99.3	99.3	111.4	29.734	0.00	0.00	826	35.52	925	9.1	1.95	9.2	0.000	0.456	84.7	84	79.3	97.3	17.26	 .0700	0.000	699	1	100.0	30
01/09/20	12:00 p	86.1	87.0	85.4	74	76.8	2.0	SSW	1.00	8.0	WNW	86.1	96.9	96.9	109.4	29.722	0.00	0.00	923	39.69	932	9.3	1.99	9.3	0.000	0.440	85.2	83	79.4	98.1	16.84	 .0699	0.023	701	1	100.0	30
01/09/20	12:30 p	86.4	87.0	85.9	74	77.1	2.0	S	1.00	6.0	S	86.4	97.7	97.7	110.5	29.707	0.00	0.00	906	38.96	919	9.0	1.93	9.2	0.000	0.446	85.5	83	79.7	98.9	16.83	 .0698	0.000	702	1	100.0	30
01/09/20	1:00 p	86.4	86.8	85.7	73	76.7	2.0	S	1.00	9.0	SE	86.4	97.3	97.3	110.3	29.689	0.00	0.00	870	37.41	888	8.4	1.80	8.8	0.000	0.446	85.8	83	80.0	99.7	16.82	 .0697	0.024	701	1	100.0	30
01/09/20	1:30 p	85.8	86.5	85.4	74	76.5	2.0	S	1.00	7.0	S	85.8	96.2	96.2	109.9	29.677	0.00	0.00	835	35.91	861	7.4	1.59	7.9	0.000	0.433	85.9	82	79.8	99.5	16.51	 .0697	0.000	700	1	100.0	30
01/09/20	2:00 p	86.4	86.5	85.6	75	77.5	2.0	ESE	1.00	7.0	S	86.4	98.0	98.0	112.3	29.668	0.00	0.00	779	33.50	838	6.2	1.33	6.9	0.000	0.446	86.2	82	80.1	100.5	16.50	 .0696	0.022	701	1	100.0	30
01/09/20	2:30 p	85.7	86.7	85.1	73	76.0	2.0	SSE	1.00	8.0	SSE	85.7	95.6	95.6	110.8	29.664	0.00	0.00	717	30.84	740	4.9	1.05	5.6	0.000	0.431	86.2	81	79.7	100.0	16.10	 .0696	0.000	701	1	100.0	30
01/09/20	3:00 p	85.8	86.1	85.1	78	78.1	2.0	SE	1.00	6.0	S	85.8	97.6	97.6	112.6	29.658	0.00	0.00	601	25.85	659	3.5	0.75	4.2	0.000	0.433	86.1	82	80.0	100.1	16.51	 .0696	0.017	702	1	100.0	30
01/09/20	3:30 p	85.1	85.7	85.0	74	75.9	2.0	ESE	1.00	9.0	SE	85.1	94.5	94.5	109.2	29.656	0.00	0.00	500	21.50	554	2.4	0.51	2.9	0.000	0.419	86.1	81	79.6	99.6	16.11	 .0696	0.000	702	1	100.0	30
01/09/20	4:00 p	84.2	85.5	84.2	75	75.4	1.0	SSE	0.50	8.0	E	84.2	93.1	93.1	106.1	29.664	0.00	0.00	371	15.96	438	1.4	0.30	1.8	0.000	0.400	86.0	81	79.5	99.3	16.11	 .0696	0.012	701	1	100.0	30
01/09/20	4:30 p	83.0	84.5	82.9	78	75.4	1.0	SE	0.50	4.0	S	83.0	91.1	91.1	96.8	29.657	0.00	0.00	158	6.79	348	0.4	0.09	0.9	0.000	0.375	85.3	81	78.8	97.5	16.14	 .0698	0.000	703	1	100.0	30
01/09/20	5:00 p	81.0	82.9	80.9	83	75.3	0.0	SSE	0.00	2.0	SSE	81.0	87.3	87.3	86.4	29.650	0.00	0.00	30	1.29	39	0.0	0.00	0.0	0.000	0.333	83.9	85	78.9	95.8	17.72	 .0699	0.003	701	1	100.0	30
01/09/20	5:30 p	79.8	81.0	79.8	85	74.9	0.0	ESE	0.00	1.0	ESE	79.8	85.2	85.2	83.8	29.652	0.00	0.00	13	0.56	21	0.0	0.00	0.0	0.000	0.308	83.1	87	78.8	94.1	18.56	 .0700	0.000	702	1	100.0	30
01/09/20	6:00 p	78.4	79.8	78.4	86	73.9	0.0	ESE	0.00	1.0	ESE	78.4	82.9	82.9	81.2	29.661	0.00	0.00	0	0.00	0	0.0	0.00	0.0	0.000	0.279	82.4	87	78.1	92.2	18.61	 .0702	0.000	699	1	100.0	30
01/09/20	6:30 p	77.6	78.4	77.5	87	73.4	0.0	---	0.00	0.0	---	77.6	81.7	81.7	80.0	29.664	0.00	0.00	0	0.00	0	0.0	0.00	0.0	0.000	0.262	81.6	88	77.7	90.3	19.19	 .0703	0.000	703	1	100.0	30
01/09/20	7:00 p	76.8	77.6	76.8	87	72.6	0.0	---	0.00	0.0	---	76.8	80.5	80.5	78.7	29.671	0.00	0.00	0	0.00	0	0.0	0.00	0.0	0.000	0.246	81.0	88	77.1	88.6	19.25	 .0705	0.001	700	1	100.0	30
01/09/20	7:30 p	76.8	76.9	76.7	88	73.0	0.0	---	0.00	0.0	---	76.8	80.5	80.5	78.7	29.683	0.00	0.00	0	0.00	0	0.0	0.00	0.0	0.000	0.246	80.8	89	77.3	88.4	19.87	 .0705	0.000	703	1	100.0	30
01/09/20	8:00 p	76.5	76.8	76.4	88	72.7	0.0	---	0.00	0.0	---	76.5	80.1	80.1	78.3	29.696	0.00	0.00	0	0.00	0	0.0	0.00	0.0	0.000	0.240	80.6	89	77.1	88.0	19.89	 .0706	0.001	698	1	100.0	30
01/09/20	8:30 p	76.2	76.5	76.1	88	72.4	0.0	---	0.00	0.0	---	76.2	79.7	79.7	77.9	29.699	0.00	0.00	0	0.00	0	0.0	0.00	0.0	0.000	0.233	80.2	90	77.0	87.3	20.43	 .0707	0.000	701	1	100.0	30
01/09/20	9:00 p	76.1	76.3	76.0	88	72.3	0.0	---	0.00	0.0	---	76.1	79.5	79.5	77.7	29.702	0.00	0.00	0	0.00	0	0.0	0.00	0.0	0.000	0.231	80.0	90	76.8	86.8	20.45	 .0707	0.000	700	1	100.0	30
01/09/20	9:30 p	76.0	76.2	76.0	88	72.2	0.0	---	0.00	0.0	---	76.0	79.4	79.4	77.6	29.703	0.00	0.00	0	0.00	0	0.0	0.00	0.0	0.000	0.229	79.9	90	76.7	86.6	20.45	 .0707	0.000	702	1	100.0	30
01/09/20	10:00 p	75.5	76.0	75.5	89	72.0	0.0	---	0.00	0.0	---	75.5	78.9	78.9	77.1	29.707	0.00	0.00	0	0.00	0	0.0	0.00	0.0	0.000	0.219	79.5	90	76.3	85.8	20.45	 .0708	0.000	700	1	100.0	30
01/09/20	10:30 p	75.3	75.7	75.3	88	71.5	0.0	---	0.00	0.0	---	75.3	78.6	78.6	76.8	29.707	0.00	0.00	0	0.00	0	0.0	0.00	0.0	0.000	0.215	79.3	90	76.1	85.3	20.45	 .0709	0.000	701	1	100.0	30
01/09/20	11:00 p	75.0	75.4	75.0	89	71.5	0.0	ESE	0.00	1.0	ESE	75.0	78.3	78.3	76.5	29.705	0.00	0.00	0	0.00	0	0.0	0.00	0.0	0.000	0.208	79.0	90	75.8	84.7	20.45	 .0709	0.000	702	1	100.0	30
01/09/20	11:30 p	74.8	75.1	74.8	89	71.3	0.0	ESE	0.00	1.0	ESE	74.8	77.9	77.9	76.1	29.697	0.00	0.00	0	0.00	0	0.0	0.00	0.0	0.000	0.204	78.8	90	75.6	84.3	20.45	 .0710	0.000	702	1	100.0	30
01/10/20	12:00 a	74.8	74.9	74.7	89	71.3	0.0	---	0.00	0.0	---	74.8	77.9	77.9	76.1	29.686	0.00	0.00	0	0.00	0	0.0	0.00	0.0	0.000	0.204	78.5	91	75.7	83.9	21.02	 .0710	0.000	701	1	100.0	30
01/10/20	12:30 a	74.4	74.8	74.4	89	70.9	0.0	---	0.00	0.0	---	74.4	77.1	77.1	75.2	29.682	0.00	0.00	0	0.00	0	0.0	0.00	0.0	0.000	0.196	78.3	91	75.5	83.5	21.02	 .0710	0.000	699	1	100.0	30
01/10/20	1:00 a	74.1	74.5	74.0	89	70.6	0.0	---	0.00	0.0	---	74.1	76.6	76.6	74.7	29.672	0.00	0.00	0	0.00	0	0.0	0.00	0.0	0.000	0.190	78.0	91	75.2	82.9	21.01	 .0710	0.000	702	1	100.0	30
01/10/20	1:30 a	74.3	74.4	74.0	89	70.8	0.0	---	0.00	0.0	---	74.3	76.9	76.9	75.0	29.669	0.00	0.00	0	0.00	0	0.0	0.00	0.0	0.000	0.194	78.0	91	75.2	82.9	21.01	 .0710	0.000	702	1	100.0	30
01/10/20	2:00 a	74.3	74.4	74.2	89	70.8	0.0	---	0.00	0.0	---	74.3	76.9	76.9	75.0	29.665	0.00	0.00	0	0.00	0	0.0	0.00	0.0	0.000	0.194	78.0	91	75.2	82.9	21.01	 .0710	0.000	702	1	100.0	30
01/10/20	2:30 a	74.0	74.3	73.9	89	70.6	0.0	---	0.00	0.0	---	74.0	76.4	76.4	74.5	29.661	0.00	0.00	0	0.00	0	0.0	0.00	0.0	0.000	0.188	77.8	91	75.0	82.6	21.01	 .0710	0.000	701	1	100.0	30
01/10/20	3:00 a	73.8	74.0	73.6	89	70.4	0.0	---	0.00	0.0	---	73.8	76.2	76.2	74.3	29.666	0.00	0.00	0	0.00	0	0.0	0.00	0.0	0.000	0.183	77.5	91	74.7	82.0	21.00	 .0711	0.000	701	1	100.0	30
01/10/20	3:30 a	73.4	73.8	73.4	89	70.0	0.0	---	0.00	0.0	---	73.4	75.8	75.8	73.8	29.667	0.00	0.00	0	0.00	0	0.0	0.00	0.0	0.000	0.175	77.2	91	74.4	81.5	20.99	 .0712	0.000	701	1	100.0	30
01/10/20	4:00 a	73.2	73.4	73.1	89	69.8	0.0	---	0.00	0.0	---	73.2	75.6	75.6	73.6	29.667	0.00	0.00	0	0.00	0	0.0	0.00	0.0	0.000	0.171	77.0	91	74.2	81.1	20.99	 .0712	0.000	697	1	100.0	30
01/10/20	4:30 a	73.0	73.3	72.9	89	69.6	0.0	---	0.00	0.0	---	73.0	75.4	75.4	73.4	29.671	0.00	0.00	0	0.00	0	0.0	0.00	0.0	0.000	0.167	76.9	91	74.1	80.9	20.99	 .0713	0.000	698	1	100.0	30
01/10/20	5:00 a	72.7	73.1	72.7	89	69.3	0.0	---	0.00	0.0	---	72.7	75.0	75.0	73.0	29.668	0.00	0.00	0	0.00	0	0.0	0.00	0.0	0.000	0.160	76.7	91	73.9	80.6	20.98	 .0713	0.000	700	1	100.0	30
01/10/20	5:30 a	72.3	72.7	72.3	89	68.9	0.0	---	0.00	0.0	---	72.3	74.5	74.5	72.5	29.673	0.00	0.00	0	0.00	0	0.0	0.00	0.0	0.000	0.152	76.5	91	73.7	80.3	20.98	 .0713	0.000	700	1	100.0	30
01/10/20	6:00 a	72.6	72.7	72.1	89	69.2	0.0	ESE	0.00	1.0	ESE	72.6	74.9	74.9	73.0	29.675	0.00	0.00	1	0.04	5	0.0	0.00	0.0	0.000	0.158	76.4	91	73.6	80.2	20.98	 .0714	0.000	701	1	100.0	30
01/10/20	6:30 a	72.7	72.7	72.4	89	69.3	0.0	---	0.00	0.0	---	72.7	75.0	75.0	73.3	29.686	0.00	0.00	12	0.52	19	0.0	0.00	0.0	0.000	0.160	76.4	91	73.6	80.2	20.98	 .0714	0.000	701	1	100.0	30
01/10/20	7:00 a	73.4	73.4	72.7	89	70.0	0.0	---	0.00	0.0	---	73.4	75.8	75.8	75.8	29.699	0.00	0.00	23	0.99	26	0.0	0.00	0.0	0.000	0.175	76.8	91	74.0	80.8	20.99	 .0713	0.001	702	1	100.0	30
01/10/20	7:30 a	74.0	74.1	73.3	89	70.6	0.0	---	0.00	0.0	---	74.0	76.4	76.4	76.6	29.711	0.00	0.00	29	1.25	32	0.0	0.00	0.0	0.000	0.188	77.2	92	74.7	81.6	21.09	 .0713	0.000	703	1	100.0	30
01/10/20	8:00 a	74.8	74.8	74.0	89	71.3	0.0	ESE	0.00	1.0	ESE	74.8	77.9	77.9	79.6	29.722	0.00	0.00	74	3.18	227	0.5	0.11	1.2	0.000	0.204	77.6	92	75.1	82.3	21.10	 .0712	0.001	701	1	100.0	30
01/10/20	8:30 a	76.1	76.1	74.8	89	72.6	0.0	ESE	0.00	1.0	ESE	76.1	79.6	79.6	80.4	29.728	0.00	0.00	54	2.32	128	0.4	0.09	1.7	0.000	0.231	78.2	93	76.0	83.6	21.21	 .0711	0.000	701	1	100.0	30
01/10/20	9:00 a	77.1	77.4	76.1	89	73.6	0.0	SSE	0.00	2.0	ESE	77.1	81.1	81.1	81.7	29.729	0.00	0.00	52	2.24	88	0.5	0.11	2.2	0.000	0.252	79.0	94	77.1	85.6	21.35	 .0709	0.001	700	1	100.0	30
01/10/20	9:30 a	81.4	81.4	77.1	82	75.4	1.0	SSE	0.50	3.0	SSE	81.4	88.0	88.0	95.3	29.726	0.00	0.00	319	13.72	712	3.0	0.64	5.0	0.000	0.342	79.9	91	77.0	86.8	21.05	 .0708	0.000	701	1	100.0	30
01/10/20	10:00 a	84.5	84.8	81.4	77	76.5	1.0	S	0.50	4.0	NW	84.5	94.4	94.4	106.0	29.708	0.00	0.00	759	32.64	795	5.9	1.26	6.7	0.000	0.406	81.2	91	78.3	90.1	20.95	 .0705	0.014	700	1	100.0	30
01/10/20	10:30 a	85.5	85.7	84.4	75	76.7	2.0	SSE	1.00	6.0	SSE	85.5	95.8	95.8	107.4	29.691	0.00	0.00	827	35.57	854	7.3	1.56	7.8	0.000	0.427	82.4	89	78.8	92.8	19.71	 .0702	0.000	701	1	100.0	30
01/10/20	11:00 a	86.4	86.6	85.3	72	76.3	2.0	S	1.00	6.0	SSE	86.4	96.9	96.9	108.2	29.680	0.00	0.00	839	36.08	888	8.3	1.78	8.7	0.000	0.446	83.4	87	79.1	95.0	18.55	 .0700	0.022	702	1	100.0	30
01/10/20	11:30 a	86.3	86.4	85.9	73	76.6	2.0	SE	1.00	9.0	SE	86.3	97.1	97.1	109.2	29.665	0.00	0.00	823	35.39	937	9.0	1.93	9.2	0.000	0.444	84.3	84	78.9	96.4	17.28	 .0699	0.000	700	1	100.0	30
01/10/20	12:00 p	86.6	87.1	86.3	73	76.9	3.0	SE	1.50	7.0	SE	86.6	97.8	97.8	111.7	29.658	0.00	0.00	1010	43.44	1095	9.5	2.04	9.9	0.000	0.450	85.3	83	79.5	98.4	16.84	 .0697	0.024	700	1	100.0	30
01/10/20	12:30 p	86.5	87.2	86.1	74	77.2	3.0	SE	1.50	11.0	S	86.5	97.9	97.9	111.3	29.645	0.00	0.00	939	40.38	1011	9.1	1.95	9.5	0.000	0.448	85.6	82	79.5	98.7	16.53	 .0696	0.000	702	1	100.0	30
01/10/20	1:00 p	87.2	87.6	86.5	75	78.3	2.0	SE	1.00	6.0	SSE	87.2	100.0	100.0	113.3	29.634	0.00	0.00	878	37.76	893	8.4	1.80	8.7	0.000	0.462	85.8	83	80.0	99.7	16.82	 .0695	0.025	702	1	100.0	30
01/10/20	1:30 p	86.6	87.2	86.3	72	76.5	2.0	SE	1.00	9.0	SSE	86.6	97.4	97.4	111.1	29.616	0.00	0.00	834	35.87	860	7.5	1.61	8.0	0.000	0.450	85.9	82	79.8	99.5	16.51	 .0695	0.000	701	1	100.0	30
01/10/20	2:00 p	86.3	86.8	85.8	74	77.0	2.0	SSE	1.00	11.0	SSE	86.3	97.4	97.4	111.6	29.603	0.00	0.00	770	33.11	805	6.2	1.33	6.9	0.000	0.444	85.9	81	79.4	99.0	16.11	 .0695	0.022	702	1	100.0	30
01/10/20	2:30 p	86.3	87.1	86.0	73	76.6	2.0	SE	1.00	7.0	E	86.3	97.1	97.1	111.6	29.597	0.00	0.00	690	29.67	733	4.9	1.05	5.6	0.000	0.444	86.0	81	79.5	99.3	16.11	 .0695	0.000	699	1	100.0	30
01/10/20	3:00 p	85.8	86.6	85.7	74	76.5	2.0	ESE	1.00	8.0	SSE	85.8	96.2	96.2	111.0	29.590	0.00	0.00	599	25.76	645	3.6	0.77	4.2	0.000	0.433	85.8	82	79.7	99.2	16.52	 .0695	0.017	699	1	100.0	30
01/10/20	3:30 p	85.2	86.4	85.2	75	76.4	2.0	SE	1.00	9.0	SSE	85.2	95.1	95.1	109.8	29.577	0.00	0.00	495	21.29	548	2.4	0.51	2.9	0.000	0.421	85.8	83	80.0	99.7	16.82	 .0694	0.000	702	1	100.0	30
01/10/20	4:00 p	84.5	85.5	84.5	76	76.1	2.0	SSE	1.00	8.0	SSE	84.5	94.0	94.0	107.3	29.581	0.00	0.00	377	16.21	436	1.4	0.30	1.8	0.000	0.406	85.8	83	80.0	99.7	16.82	 .0694	0.012	700	1	100.0	30
01/10/20	4:30 p	83.0	84.8	82.9	79	75.8	1.0	SE	0.50	6.0	E	83.0	91.4	91.4	96.5	29.588	0.00	0.00	144	6.19	313	0.4	0.09	1.0	0.000	0.375	85.1	85	80.1	98.7	17.64	 .0695	0.000	703	1	100.0	30
01/10/20	5:00 p	81.4	83.1	81.4	83	75.7	1.0	S	0.50	5.0	S	81.4	88.3	88.3	87.5	29.593	0.00	0.00	35	1.51	44	0.0	0.00	0.0	0.000	0.342	84.0	89	80.4	97.6	19.55	 .0696	0.003	701	1	100.0	30
01/10/20	5:30 p	80.6	81.3	80.4	85	75.7	0.0	SSE	0.00	4.0	NE	80.6	86.9	86.9	85.7	29.601	0.00	0.00	19	0.82	35	0.0	0.00	0.0	0.000	0.325	83.2	90	80.0	95.4	20.19	 .0698	0.000	701	1	100.0	30
01/10/20	6:00 p	79.9	80.6	79.9	85	75.0	0.0	ENE	0.00	3.0	ENE	79.9	85.4	85.4	83.8	29.615	0.00	0.00	0	0.00	5	0.0	0.00	0.0	0.000	0.310	82.6	91	79.7	94.2	20.84	 .0699	0.000	701	1	100.0	30
01/10/20	6:30 p	79.4	80.0	79.4	86	74.8	0.0	ENE	0.00	2.0	ENE	79.4	84.7	84.7	83.1	29.629	0.00	0.00	0	0.00	0	0.0	0.00	0.0	0.000	0.300	82.2	91	79.3	93.0	20.87	 .0701	0.000	701	1	100.0	30
01/10/20	7:00 p	79.4	79.4	79.3	87	75.2	0.0	ENE	0.00	2.0	ENE	79.4	84.9	84.9	83.3	29.653	0.00	0.00	0	0.00	0	0.0	0.00	0.0	0.000	0.300	82.0	92	79.4	92.8	21.19	 .0701	0.001	702	1	100.0	30
01/10/20	7:30 p	79.3	79.5	79.2	87	75.1	0.0	ENE	0.00	2.0	ENE	79.3	84.7	84.7	83.1	29.663	0.00	0.00	0	0.00	0	0.0	0.00	0.0	0.000	0.298	81.8	92	79.2	92.2	21.19	 .0702	0.000	700	1	100.0	30
01/10/20	8:00 p	78.9	79.3	78.9	86	74.4	0.0	ENE	0.00	1.0	ENE	78.9	83.7	83.7	82.1	29.672	0.00	0.00	0	0.00	0	0.0	0.00	0.0	0.000	0.290	81.6	92	79.0	91.6	21.18	 .0703	0.001	701	1	100.0	30
01/10/20	8:30 p	78.4	78.9	78.4	87	74.2	0.0	ENE	0.00	1.0	ENE	78.4	83.1	83.1	81.5	29.678	0.00	0.00	0	0.00	0	0.0	0.00	0.0	0.000	0.279	81.4	92	78.9	91.0	21.18	 .0703	0.000	700	1	100.0	30
01/10/20	9:00 p	78.3	78.5	78.2	87	74.1	0.0	---	0.00	0.0	---	78.3	82.9	82.9	81.3	29.684	0.00	0.00	0	0.00	0	0.0	0.00	0.0	0.000	0.277	81.2	93	79.0	90.7	21.27	 .0703	0.001	702	1	100.0	30
01/10/20	9:30 p	78.0	78.4	78.0	87	73.8	0.0	---	0.00	0.0	---	78.0	82.4	82.4	80.7	29.682	0.00	0.00	0	0.00	0	0.0	0.00	0.0	0.000	0.271	81.0	93	78.8	90.1	21.27	 .0704	0.000	699	1	100.0	30
01/10/20	10:00 p	77.9	78.0	77.8	88	74.1	0.0	ENE	0.00	1.0	ENE	77.9	82.4	82.4	80.8	29.684	0.00	0.00	0	0.00	0	0.0	0.00	0.0	0.000	0.269	80.8	93	78.6	89.6	21.27	 .0704	0.001	702	1	100.0	30
01/10/20	10:30 p	77.6	77.9	77.6	88	73.8	0.0	---	0.00	0.0	---	77.6	81.8	81.8	80.1	29.686	0.00	0.00	0	0.00	0	0.0	0.00	0.0	0.000	0.262	80.7	93	78.5	89.3	21.26	 .0705	0.000	701	1	100.0	30
01/10/20	11:00 p	77.0	77.6	76.9	88	73.2	0.0	---	0.00	0.0	---	77.0	80.8	80.8	79.1	29.689	0.00	0.00	0	0.00	0	0.0	0.00	0.0	0.000	0.250	80.3	92	77.8	88.1	21.16	 .0706	0.000	702	1	100.0	30
01/10/20	11:30 p	76.6	77.0	76.6	88	72.8	0.0	---	0.00	0.0	---	76.6	80.3	80.3	78.5	29.689	0.00	0.00	0	0.00	0	0.0	0.00	0.0	0.000	0.242	80.0	93	77.8	87.6	21.25	 .0706	0.000	701	1	100.0	30
01/11/20	12:00 a	76.7	76.7	76.4	88	72.9	0.0	ENE	0.00	1.0	ENE	76.7	80.4	80.4	78.6	29.689	0.00	0.00	0	0.00	0	0.0	0.00	0.0	0.000	0.244	79.9	93	77.7	87.4	21.25	 .0706	0.000	701	1	100.0	30
01/11/20	12:30 a	76.2	76.8	76.2	88	72.4	0.0	ENE	0.00	1.0	ENE	76.2	79.7	79.7	77.9	29.681	0.00	0.00	0	0.00	0	0.0	0.00	0.0	0.000	0.233	79.7	92	77.2	86.7	21.14	 .0707	0.000	698	1	100.0	30
01/11/20	1:00 a	75.8	76.2	75.8	89	72.3	0.0	ENE	0.00	1.0	ENE	75.8	79.2	79.2	77.4	29.675	0.00	0.00	0	0.00	0	0.0	0.00	0.0	0.000	0.225	79.3	92	76.8	85.8	21.14	 .0707	0.000	702	1	100.0	30
01/11/20	1:30 a	75.6	75.8	75.5	89	72.1	0.0	ENE	0.00	1.0	ENE	75.6	79.0	79.0	77.2	29.667	0.00	0.00	0	0.00	0	0.0	0.00	0.0	0.000	0.221	79.1	92	76.6	85.4	21.13	 .0708	0.000	701	1	100.0	30
01/11/20	2:00 a	75.3	75.7	75.3	89	71.8	0.0	ENE	0.00	1.0	ENE	75.3	78.7	78.7	76.9	29.660	0.00	0.00	0	0.00	0	0.0	0.00	0.0	0.000	0.215	78.9	92	76.4	84.9	21.13	 .0708	0.000	703	1	100.0	30
01/11/20	2:30 a	74.8	75.4	74.8	89	71.3	0.0	---	0.00	0.0	---	74.8	77.9	77.9	76.1	29.657	0.00	0.00	0	0.00	0	0.0	0.00	0.0	0.000	0.204	78.5	92	76.0	84.1	21.12	 .0709	0.000	700	1	100.0	30
01/11/20	3:00 a	75.0	75.1	74.8	89	71.5	0.0	ENE	0.00	1.0	ENE	75.0	78.3	78.3	76.5	29.658	0.00	0.00	0	0.00	0	0.0	0.00	0.0	0.000	0.208	78.5	92	76.0	84.1	21.12	 .0709	0.000	700	1	100.0	30
01/11/20	3:30 a	74.8	75.1	74.7	89	71.3	0.0	---	0.00	0.0	---	74.8	77.9	77.9	76.1	29.666	0.00	0.00	0	0.00	0	0.0	0.00	0.0	0.000	0.204	78.5	92	76.0	84.1	21.12	 .0709	0.000	703	1	100.0	30
01/11/20	4:00 a	74.4	74.7	74.4	89	70.9	0.0	---	0.00	0.0	---	74.4	77.1	77.1	75.2	29.669	0.00	0.00	0	0.00	0	0.0	0.00	0.0	0.000	0.196	78.1	92	75.6	83.3	21.11	 .0710	0.000	701	1	100.0	30
01/11/20	4:30 a	74.1	74.4	74.0	89	70.6	0.0	---	0.00	0.0	---	74.1	76.6	76.6	74.7	29.678	0.00	0.00	0	0.00	0	0.0	0.00	0.0	0.000	0.190	77.9	92	75.4	82.9	21.11	 .0710	0.000	702	1	100.0	30
01/11/20	5:00 a	73.9	74.2	73.9	89	70.5	0.0	---	0.00	0.0	---	73.9	76.3	76.3	74.4	29.685	0.00	0.00	0	0.00	0	0.0	0.00	0.0	0.000	0.185	77.6	92	75.1	82.3	21.10	 .0711	0.000	699	1	100.0	30
01/11/20	5:30 a	74.2	74.3	73.8	89	70.7	0.0	ENE	0.00	1.0	ENE	74.2	76.8	76.8	74.9	29.688	0.00	0.00	0	0.00	0	0.0	0.00	0.0	0.000	0.192	77.6	92	75.1	82.3	21.10	 .0711	0.000	702	1	100.0	30
01/11/20	6:00 a	73.7	74.4	73.7	89	70.3	0.0	ENE	0.00	1.0	ENE	73.7	76.1	76.1	74.2	29.701	0.00	0.00	0	0.00	5	0.0	0.00	0.0	0.000	0.181	77.5	92	75.0	82.1	21.10	 .0712	0.000	699	1	100.0	30
01/11/20	6:30 a	74.1	74.2	73.7	89	70.6	0.0	---	0.00	0.0	---	74.1	76.6	76.6	75.0	29.711	0.00	0.00	13	0.56	23	0.0	0.00	0.0	0.000	0.190	77.5	92	75.0	82.1	21.10	 .0712	0.000	699	1	100.0	30
01/11/20	7:00 a	75.2	75.2	74.1	89	71.7	0.0	ENE	0.00	1.0	ENE	75.2	78.5	78.5	79.1	29.715	0.00	0.00	33	1.42	40	0.0	0.00	0.0	0.000	0.212	77.8	93	75.6	82.8	21.21	 .0711	0.001	701	1	100.0	30
01/11/20	7:30 a	76.0	76.1	75.2	89	72.5	0.0	ENE	0.00	2.0	ENE	76.0	79.4	79.4	79.9	29.728	0.00	0.00	35	1.51	39	0.0	0.00	0.0	0.000	0.229	78.4	93	76.2	84.0	21.22	 .0710	0.000	701	1	100.0	30
01/11/20	8:00 a	77.3	77.3	76.1	89	73.8	1.0	ENE	0.50	3.0	NE	77.3	81.4	81.4	83.4	29.733	0.00	0.00	82	3.53	207	0.6	0.13	1.3	0.000	0.256	79.0	94	77.1	85.6	21.35	 .0709	0.002	702	1	100.0	30
01/11/20	8:30 a	79.9	79.9	77.3	87	75.7	1.0	NNE	0.50	5.0	NNE	79.9	85.9	85.9	87.2	29.738	0.00	0.00	66	2.84	179	0.5	0.11	2.0	0.000	0.310	80.0	92	77.5	87.3	21.15	 .0708	0.000	701	1	100.0	30
01/11/20	9:00 a	81.5	81.9	79.9	84	76.2	1.0	ESE	0.50	4.0	SSE	81.5	88.8	88.8	90.2	29.730	0.00	0.00	75	3.23	123	1.9	0.41	2.5	0.000	0.344	80.6	92	78.1	88.8	21.16	 .0706	0.002	701	1	100.0	30
01/11/20	9:30 a	83.6	83.6	81.2	78	76.0	1.0	S	0.50	6.0	SSE	83.6	92.7	92.7	100.0	29.729	0.00	0.00	316	13.59	698	3.8	0.81	5.4	0.000	0.387	81.4	91	78.5	90.7	20.94	 .0705	0.000	700	1	100.0	30
01/11/20	10:00 a	84.9	85.0	83.6	73	75.3	1.0	SW	0.50	4.0	SSE	84.9	93.7	93.7	105.7	29.725	0.00	0.00	742	31.91	777	6.1	1.31	6.8	0.000	0.415	82.4	87	78.1	92.2	18.61	 .0704	0.014	702	1	100.0	30
01/11/20	10:30 a	86.2	86.4	84.6	75	77.3	1.0	S	0.50	5.0	S	86.2	97.5	97.5	109.0	29.724	0.00	0.00	814	35.01	833	7.4	1.59	7.9	0.000	0.442	83.3	86	78.7	94.4	18.15	 .0702	0.000	701	1	100.0	30
01/11/20	11:00 a	86.8	86.8	84.8	73	77.1	1.0	SSW	0.50	6.0	S	86.8	98.3	98.3	109.8	29.719	0.00	0.00	844	36.30	881	8.5	1.82	9.2	0.000	0.454	84.1	85	79.1	96.3	17.70	 .0700	0.022	703	1	100.0	30
01/11/20	11:30 a	86.1	86.8	85.4	72	76.0	2.0	SE	1.00	9.0	SSE	86.1	96.2	96.2	108.4	29.711	0.00	0.00	811	34.88	907	9.1	1.95	9.3	0.000	0.440	84.8	84	79.4	97.6	17.26	 .0699	0.000	700	1	100.0	30
01/11/20	12:00 p	86.6	87.0	86.0	74	77.3	2.0	S	1.00	9.0	S	86.6	98.2	98.2	110.6	29.705	0.00	0.00	911	39.18	918	9.4	2.01	9.4	0.000	0.450	85.4	83	79.6	98.7	16.83	 .0698	0.023	700	1	100.0	30
01/11/20	12:30 p	86.5	87.2	86.1	72	76.4	2.0	SE	1.00	9.0	SSE	86.5	97.2	97.2	110.7	29.691	0.00	0.00	948	40.77	1048	9.3	1.99	9.8	0.000	0.448	85.9	80	79.0	98.6	15.71	 .0698	0.000	701	1	100.0	30
01/11/20	1:00 p	86.1	86.7	85.5	70	75.2	2.0	SSE	1.00	8.0	S	86.1	95.5	95.5	108.1	29.673	0.00	0.00	845	36.34	1049	8.3	1.78	9.6	0.000	0.440	85.9	79	78.6	98.2	15.40	 .0697	0.024	703	1	100.0	30
01/11/20	1:30 p	86.3	87.5	86.0	72	76.2	2.0	ESE	1.00	10.0	SE	86.3	96.7	96.7	110.2	29.668	0.00	0.00	825	35.48	851	7.6	1.63	8.1	0.000	0.444	86.3	80	79.4	99.8	15.70	 .0696	0.000	702	1	100.0	30
01/11/20	2:00 p	86.6	86.6	85.8	72	76.5	3.0	SE	1.50	8.0	SSE	86.6	97.4	97.4	111.2	29.651	0.00	0.00	753	32.38	833	6.3	1.35	7.0	0.000	0.450	86.2	80	79.3	99.5	15.70	 .0696	0.021	701	1	100.0	30
01/11/20	2:30 p	86.5	86.7	85.8	75	77.6	2.0	SE	1.00	9.0	SE	86.5	98.3	98.3	112.8	29.645	0.00	0.00	684	29.42	731	5.0	1.07	5.7	0.000	0.448	86.3	80	79.4	99.8	15.70	 .0696	0.000	703	1	100.0	30
01/11/20	3:00 p	86.3	86.7	85.9	72	76.2	2.0	ESE	1.00	8.0	SE	86.3	96.7	96.7	111.3	29.647	0.00	0.00	590	25.37	636	3.7	0.79	4.3	0.000	0.444	86.3	80	79.4	99.8	15.70	 .0696	0.017	702	1	100.0	30
01/11/20	3:30 p	85.4	86.3	85.4	73	75.8	2.0	ESE	1.00	6.0	S	85.4	94.9	94.9	109.3	29.653	0.00	0.00	486	20.90	540	2.5	0.54	3.0	0.000	0.425	86.2	80	79.3	99.5	15.70	 .0696	0.000	703	1	100.0	30
01/11/20	4:00 p	84.4	85.6	84.4	75	75.6	2.0	SE	1.00	8.0	SSE	84.4	93.5	93.5	106.8	29.654	0.00	0.00	376	16.17	429	1.4	0.30	1.9	0.000	0.404	86.0	81	79.5	99.3	16.11	 .0696	0.012	701	1	100.0	30
01/11/20	4:30 p	83.5	84.6	83.4	77	75.5	2.0	SE	1.00	6.0	ESE	83.5	92.1	92.1	97.9	29.661	0.00	0.00	159	6.84	313	0.5	0.11	1.0	0.000	0.385	85.4	81	78.9	97.8	16.13	 .0698	0.000	702	1	100.0	30
01/11/20	5:00 p	81.4	83.4	81.4	81	75.0	1.0	SSE	0.50	5.0	SSE	81.4	87.7	87.7	86.9	29.666	0.00	0.00	35	1.51	44	0.0	0.00	0.0	0.000	0.342	84.2	85	79.2	96.6	17.70	 .0699	0.003	701	1	100.0	30
01/11/20	5:30 p	80.3	81.6	80.3	84	75.0	0.0	SE	0.00	3.0	E	80.3	86.0	86.0	84.8	29.675	0.00	0.00	16	0.69	25	0.0	0.00	0.0	0.000	0.319	83.4	87	79.1	95.0	18.55	 .0700	0.000	703	1	100.0	30
01/11/20	6:00 p	79.4	80.3	79.4	85	74.5	0.0	E	0.00	2.0	E	79.4	84.5	84.5	82.9	29.685	0.00	0.00	0	0.00	5	0.0	0.00	0.0	0.000	0.300	82.7	88	78.8	93.3	19.08	 .0702	0.000	701	1	100.0	30
01/11/20	6:30 p	78.4	79.4	78.3	86	73.9	0.0	E	0.00	1.0	E	78.4	82.9	82.9	81.2	29.692	0.00	0.00	0	0.00	0	0.0	0.00	0.0	0.000	0.279	82.1	88	78.2	91.7	19.14	 .0703	0.000	701	1	100.0	30
01/11/20	7:00 p	78.1	78.4	78.0	87	73.9	0.0	---	0.00	0.0	---	78.1	82.6	82.6	80.9	29.701	0.00	0.00	0	0.00	0	0.0	0.00	0.0	0.000	0.273	81.8	89	78.2	91.2	19.77	 .0704	0.001	702	1	100.0	30
01/11/20	7:30 p	77.7	78.1	77.7	87	73.5	0.0	E	0.00	1.0	E	77.7	81.9	81.9	80.2	29.717	0.00	0.00	0	0.00	0	0.0	0.00	0.0	0.000	0.265	81.4	89	77.8	90.1	19.81	 .0705	0.000	702	1	100.0	30
01/11/20	8:00 p	77.4	77.7	77.3	87	73.2	0.0	---	0.00	0.0	---	77.4	81.4	81.4	79.7	29.735	0.00	0.00	0	0.00	0	0.0	0.00	0.0	0.000	0.258	81.0	90	77.8	89.2	20.37	 .0706	0.001	702	1	100.0	30
01/11/20	8:30 p	77.1	77.4	77.0	88	73.3	0.0	---	0.00	0.0	---	77.1	81.0	81.0	79.3	29.748	0.00	0.00	0	0.00	0	0.0	0.00	0.0	0.000	0.252	80.8	90	77.6	88.7	20.39	 .0707	0.000	701	1	100.0	30
01/11/20	9:00 p	76.7	77.1	76.7	88	72.9	0.0	---	0.00	0.0	---	76.7	80.4	80.4	78.6	29.753	0.00	0.00	0	0.00	0	0.0	0.00	0.0	0.000	0.244	80.5	90	77.3	88.0	20.41	 .0707	0.000	702	1	100.0	30
01/11/20	9:30 p	76.9	77.0	76.7	88	73.1	0.0	---	0.00	0.0	---	76.9	80.7	80.7	79.0	29.755	0.00	0.00	0	0.00	0	0.0	0.00	0.0	0.000	0.248	80.5	90	77.3	88.0	20.41	 .0707	0.000	700	1	100.0	30
01/11/20	10:00 p	76.5	77.0	76.4	88	72.7	0.0	---	0.00	0.0	---	76.5	80.1	80.1	78.3	29.753	0.00	0.00	0	0.00	0	0.0	0.00	0.0	0.000	0.240	80.4	90	77.2	87.8	20.42	 .0708	0.000	701	1	100.0	30
01/11/20	10:30 p	76.6	76.8	76.4	88	72.8	0.0	---	0.00	0.0	---	76.6	80.3	80.3	78.5	29.754	0.00	0.00	0	0.00	0	0.0	0.00	0.0	0.000	0.242	80.2	91	77.3	87.5	21.03	 .0708	0.000	702	1	100.0	30
01/11/20	11:00 p	76.6	76.7	76.5	89	73.1	0.0	---	0.00	0.0	---	76.6	80.3	80.3	78.6	29.750	0.00	0.00	0	0.00	0	0.0	0.00	0.0	0.000	0.242	80.2	91	77.3	87.5	21.03	 .0708	0.000	702	1	100.0	30
01/11/20	11:30 p	76.1	76.7	76.1	88	72.3	0.0	---	0.00	0.0	---	76.1	79.5	79.5	77.7	29.740	0.00	0.00	0	0.00	0	0.0	0.00	0.0	0.000	0.231	79.9	91	77.0	86.8	21.05	 .0708	0.000	701	1	100.0	30
01/12/20	12:00 a	75.8	76.2	75.8	89	72.3	0.0	---	0.00	0.0	---	75.8	79.2	79.2	77.4	29.730	0.00	0.00	0	0.00	0	0.0	0.00	0.0	0.000	0.225	79.6	91	76.7	86.2	21.04	 .0708	0.000	703	1	100.0	30
01/12/20	12:30 a	75.4	75.8	75.4	88	71.6	0.0	---	0.00	0.0	---	75.4	78.7	78.7	76.9	29.714	0.00	0.00	0	0.00	0	0.0	0.00	0.0	0.000	0.217	79.3	91	76.4	85.6	21.04	 .0709	0.000	699	1	100.0	30
01/12/20	1:00 a	75.0	75.4	75.0	89	71.5	0.0	---	0.00	0.0	---	75.0	78.3	78.3	76.5	29.701	0.00	0.00	0	0.00	0	0.0	0.00	0.0	0.000	0.208	79.0	91	76.1	84.9	21.03	 .0709	0.000	703	1	100.0	30
01/12/20	1:30 a	74.8	75.1	74.7	89	71.3	0.0	E	0.00	1.0	E	74.8	77.9	77.9	76.1	29.695	0.00	0.00	0	0.00	0	0.0	0.00	0.0	0.000	0.204	78.7	91	75.8	84.3	21.02	 .0709	0.000	700	1	100.0	30
01/12/20	2:00 a	74.5	74.9	74.4	89	71.0	0.0	---	0.00	0.0	---	74.5	77.3	77.3	75.5	29.683	0.00	0.00	0	0.00	0	0.0	0.00	0.0	0.000	0.198	78.6	90	75.4	83.9	20.45	 .0710	0.000	697	1	100.0	30
01/12/20	2:30 a	74.2	74.6	74.2	89	70.7	0.0	---	0.00	0.0	---	74.2	76.8	76.8	74.9	29.683	0.00	0.00	0	0.00	0	0.0	0.00	0.0	0.000	0.192	78.3	91	75.5	83.5	21.02	 .0710	0.000	699	1	100.0	30
01/12/20	3:00 a	73.9	74.2	73.9	89	70.5	0.0	---	0.00	0.0	---	73.9	76.3	76.3	74.4	29.681	0.00	0.00	0	0.00	0	0.0	0.00	0.0	0.000	0.185	78.1	90	74.9	83.0	20.45	 .0711	0.000	700	1	100.0	30
01/12/20	3:30 a	73.8	74.1	73.8	89	70.4	0.0	---	0.00	0.0	---	73.8	76.2	76.2	74.3	29.684	0.00	0.00	0	0.00	0	0.0	0.00	0.0	0.000	0.183	77.8	91	75.0	82.6	21.01	 .0711	0.000	703	1	100.0	30
01/12/20	4:00 a	73.8	73.9	73.7	89	70.4	0.0	---	0.00	0.0	---	73.8	76.2	76.2	74.3	29.688	0.00	0.00	0	0.00	0	0.0	0.00	0.0	0.000	0.183	77.7	91	74.9	82.4	21.00	 .0711	0.000	702	1	100.0	30
01/12/20	4:30 a	73.4	73.8	73.4	89	70.0	0.0	---	0.00	0.0	---	73.4	75.8	75.8	73.8	29.684	0.00	0.00	0	0.00	0	0.0	0.00	0.0	0.000	0.175	77.4	91	74.6	81.8	21.00	 .0712	0.000	702	1	100.0	30
01/12/20	5:00 a	73.2	73.5	73.2	89	69.8	0.0	---	0.00	0.0	---	73.2	75.6	75.6	73.6	29.684	0.00	0.00	0	0.00	0	0.0	0.00	0.0	0.000	0.171	77.3	91	74.5	81.6	21.00	 .0712	0.000	702	1	100.0	30
01/12/20	5:30 a	73.1	73.5	73.0	89	69.7	0.0	---	0.00	0.0	---	73.1	75.5	75.5	73.5	29.691	0.00	0.00	0	0.00	0	0.0	0.00	0.0	0.000	0.169	77.1	91	74.3	81.3	20.99	 .0713	0.000	703	1	100.0	30
01/12/20	6:00 a	72.9	73.2	72.9	89	69.5	0.0	---	0.00	0.0	---	72.9	75.3	75.3	73.3	29.699	0.00	0.00	0	0.00	5	0.0	0.00	0.0	0.000	0.165	76.8	91	74.0	80.8	20.99	 .0713	0.000	702	1	100.0	30
01/12/20	6:30 a	73.5	73.5	72.9	89	70.1	0.0	---	0.00	0.0	---	73.5	75.9	75.9	74.3	29.714	0.00	0.00	13	0.56	19	0.0	0.00	0.0	0.000	0.177	76.9	91	74.1	80.9	20.99	 .0714	0.000	699	1	100.0	30
01/12/20	7:00 a	74.3	74.3	73.4	89	70.8	0.0	---	0.00	0.0	---	74.3	76.9	76.9	77.1	29.733	0.00	0.00	25	1.08	30	0.0	0.00	0.0	0.000	0.194	77.5	92	75.0	82.1	21.10	 .0713	0.001	701	1	100.0	30
01/12/20	7:30 a	75.6	75.6	74.3	89	72.1	0.0	---	0.00	0.0	---	75.6	79.0	79.0	79.4	29.745	0.00	0.00	33	1.42	37	0.0	0.00	0.0	0.000	0.221	78.0	92	75.5	83.0	21.11	 .0712	0.000	701	1	100.0	30
01/12/20	8:00 a	76.8	76.8	75.5	89	73.3	0.0	---	0.00	0.0	---	76.8	80.6	80.6	82.6	29.750	0.00	0.00	81	3.48	237	0.6	0.13	1.3	0.000	0.246	78.7	93	76.5	84.7	21.22	 .0710	0.001	701	1	100.0	30
01/12/20	8:30 a	78.1	78.1	76.8	89	74.6	0.0	E	0.00	1.0	E	78.1	82.8	82.8	84.2	29.753	0.00	0.00	71	3.05	216	0.5	0.11	2.0	0.000	0.273	79.4	94	77.5	86.5	21.35	 .0709	0.000	702	1	100.0	30
01/12/20	9:00 a	80.0	80.0	78.1	89	76.5	1.0	SE	0.50	3.0	S	80.0	86.6	86.6	87.7	29.751	0.00	0.00	66	2.84	155	1.5	0.32	2.4	0.000	0.313	80.1	93	77.9	87.8	21.25	 .0707	0.002	703	1	100.0	30
01/12/20	9:30 a	83.4	83.4	80.0	82	77.3	1.0	SSW	0.50	4.0	SSW	83.4	93.4	93.4	100.1	29.745	0.00	0.00	286	12.30	693	3.6	0.77	5.3	0.000	0.383	81.1	92	78.6	90.1	21.17	 .0705	0.000	700	1	100.0	30
01/12/20	10:00 a	85.2	85.7	83.5	76	76.8	1.0	S	0.50	4.0	WSW	85.2	95.4	95.4	107.6	29.737	0.00	0.00	735	31.61	773	6.2	1.33	6.9	0.000	0.421	82.3	90	79.1	92.9	20.27	 .0703	0.013	702	1	100.0	30
01/12/20	10:30 a	86.1	86.1	85.2	76	77.6	2.0	S	1.00	6.0	SSW	86.1	97.6	97.6	109.5	29.738	0.00	0.00	840	36.12	893	7.6	1.63	8.3	0.000	0.440	83.4	88	79.5	95.4	19.01	 .0702	0.000	702	1	100.0	30
01/12/20	11:00 a	86.2	86.7	85.7	75	77.3	2.0	SSW	1.00	8.0	SSE	86.2	97.5	97.5	109.9	29.734	0.00	0.00	908	39.05	965	8.8	1.89	9.3	0.000	0.442	84.4	86	79.7	97.4	18.09	 .0700	0.023	702	1	100.0	30
01/12/20	11:30 a	87.0	87.1	85.9	72	76.9	2.0	SSW	1.00	9.0	W	87.0	98.3	98.3	110.6	29.714	0.00	0.00	805	34.62	905	9.4	2.01	9.5	0.000	0.458	84.9	86	80.2	98.7	18.06	 .0698	0.000	701	1	100.0	30
01/12/20	12:00 p	86.5	87.4	86.4	73	76.8	2.0	S	1.00	7.0	SE	86.5	97.5	97.5	109.7	29.701	0.00	0.00	898	38.62	905	9.5	2.04	9.5	0.000	0.448	85.3	83	79.5	98.4	16.84	 .0698	0.023	702	1	100.0	30
01/12/20	12:30 p	87.6	87.9	86.4	74	78.3	2.0	ESE	1.00	6.0	ESE	87.6	100.2	100.2	112.9	29.688	0.00	0.00	890	38.27	896	9.2	1.97	9.5	0.000	0.471	85.7	83	79.9	99.4	16.82	 .0697	0.000	702	1	100.0	30
01/12/20	1:00 p	86.8	87.7	86.6	70	75.8	2.0	SE	1.00	12.0	SSE	86.8	97.1	97.1	110.0	29.674	0.00	0.00	866	37.24	882	8.6	1.84	9.0	0.000	0.454	86.0	82	79.9	99.8	16.51	 .0696	0.024	702	1	100.0	30
01/12/20	1:30 p	86.8	87.7	86.6	74	77.5	2.0	SE	1.00	9.0	ESE	86.8	98.7	98.7	112.3	29.666	0.00	0.00	821	35.31	846	7.6	1.63	8.2	0.000	0.454	86.3	81	79.8	100.3	16.10	 .0696	0.000	700	1	100.0	30
01/12/20	2:00 p	86.1	87.2	86.0	73	76.4	2.0	ESE	1.00	9.0	SSE	86.1	96.6	96.6	110.6	29.651	0.00	0.00	760	32.68	793	6.4	1.37	7.0	0.000	0.440	86.3	80	79.4	99.8	15.70	 .0696	0.021	700	1	100.0	30
01/12/20	2:30 p	86.2	86.9	86.0	74	76.9	2.0	ESE	1.00	8.0	SSE	86.2	97.2	97.2	111.6	29.642	0.00	0.00	679	29.20	717	5.0	1.07	5.7	0.000	0.442	86.4	81	79.9	100.7	16.09	 .0695	0.000	702	1	100.0	30
01/12/20	3:00 p	86.2	86.4	85.6	76	77.7	2.0	SSE	1.00	7.0	SE	86.2	97.9	97.9	112.5	29.640	0.00	0.00	585	25.16	635	3.7	0.79	4.3	0.000	0.442	86.2	82	80.1	100.5	16.50	 .0695	0.017	702	1	100.0	30
01/12/20	3:30 p	85.2	86.5	85.1	74	76.0	2.0	S	1.00	7.0	E	85.2	94.7	94.7	108.9	29.637	0.00	0.00	478	20.56	529	2.4	0.51	3.0	0.000	0.421	86.1	80	79.2	99.1	15.71	 .0696	0.000	700	1	100.0	30
01/12/20	4:00 p	84.5	85.7	84.5	74	75.3	2.0	S	1.00	7.0	SE	84.5	93.3	93.3	106.1	29.641	0.00	0.00	363	15.61	422	1.4	0.30	1.9	0.000	0.406	86.2	80	79.3	99.5	15.70	 .0696	0.012	702	1	100.0	30
01/12/20	4:30 p	83.5	84.6	83.5	77	75.5	1.0	S	0.50	6.0	S	83.5	92.1	92.1	98.5	29.642	0.00	0.00	172	7.40	299	0.6	0.13	1.0	0.000	0.385	85.6	82	79.5	98.7	16.53	 .0696	0.000	701	1	100.0	30
01/12/20	5:00 p	81.8	83.5	81.8	82	75.8	1.0	SSW	0.50	3.0	SSW	81.8	89.0	89.0	88.2	29.637	0.00	0.00	38	1.63	53	0.0	0.00	0.0	0.000	0.350	84.4	85	79.4	97.0	17.69	 .0698	0.003	702	1	100.0	30
01/12/20	5:30 p	80.7	81.8	80.7	84	75.4	0.0	SSE	0.00	4.0	SSE	80.7	86.9	86.9	85.7	29.641	0.00	0.00	17	0.73	25	0.0	0.00	0.0	0.000	0.327	83.6	88	79.7	96.0	18.99	 .0699	0.000	702	1	100.0	30
01/12/20	6:00 p	79.4	80.7	79.4	86	74.8	0.0	SSE	0.00	1.0	SSE	79.4	84.7	84.7	83.1	29.642	0.00	0.00	0	0.00	5	0.0	0.00	0.0	0.000	0.300	82.8	89	79.2	93.9	19.67	 .0700	0.000	700	1	100.0	30
01/12/20	6:30 p	78.5	79.4	78.5	86	74.0	0.0	SSE	0.00	1.0	SSE	78.5	83.1	83.1	81.4	29.662	0.00	0.00	0	0.00	0	0.0	0.00	0.0	0.000	0.281	82.3	89	78.7	92.6	19.72	 .0702	0.000	702	1	100.0	30
01/12/20	7:00 p	77.9	78.5	77.9	87	73.7	0.0	---	0.00	0.0	---	77.9	82.2	82.2	80.5	29.666	0.00	0.00	0	0.00	0	0.0	0.00	0.0	0.000	0.269	81.7	90	78.5	91.2	20.31	 .0703	0.001	700	1	100.0	30
01/12/20	7:30 p	77.6	77.9	77.5	87	73.4	0.0	---	0.00	0.0	---	77.6	81.7	81.7	80.0	29.676	0.00	0.00	0	0.00	0	0.0	0.00	0.0	0.000	0.262	81.4	90	78.2	90.4	20.34	 .0704	0.000	700	1	100.0	30
01/12/20	8:00 p	77.2	77.6	77.1	88	73.4	0.0	SSE	0.00	1.0	SSE	77.2	81.2	81.2	79.5	29.685	0.00	0.00	0	0.00	0	0.0	0.00	0.0	0.000	0.254	80.9	90	77.7	89.0	20.38	 .0705	0.001	702	1	100.0	30
01/12/20	8:30 p	76.6	77.2	76.6	88	72.8	0.0	---	0.00	0.0	---	76.6	80.3	80.3	78.5	29.697	0.00	0.00	0	0.00	0	0.0	0.00	0.0	0.000	0.242	80.7	90	77.5	88.5	20.39	 .0706	0.000	702	1	100.0	30
01/12/20	9:00 p	76.1	76.6	76.1	88	72.3	0.0	SSE	0.00	1.0	SSE	76.1	79.5	79.5	77.7	29.705	0.00	0.00	0	0.00	0	0.0	0.00	0.0	0.000	0.231	80.2	90	77.0	87.3	20.43	 .0707	0.000	701	1	100.0	30
01/12/20	9:30 p	75.6	76.1	75.6	88	71.8	0.0	---	0.00	0.0	---	75.6	78.9	78.9	77.1	29.708	0.00	0.00	0	0.00	0	0.0	0.00	0.0	0.000	0.221	79.9	90	76.7	86.6	20.45	 .0708	0.000	702	1	100.0	30
01/12/20	10:00 p	75.0	75.7	75.0	88	71.2	0.0	SSE	0.00	1.0	SSE	75.0	78.2	78.2	76.4	29.713	0.00	0.00	0	0.00	0	0.0	0.00	0.0	0.000	0.208	79.5	90	76.3	85.8	20.45	 .0708	0.000	700	1	100.0	30
01/12/20	10:30 p	74.5	75.1	74.5	88	70.7	0.0	SSE	0.00	1.0	SSE	74.5	77.3	77.3	75.4	29.708	0.00	0.00	0	0.00	0	0.0	0.00	0.0	0.000	0.198	79.1	90	75.9	84.9	20.45	 .0709	0.000	702	1	100.0	30
01/12/20	11:00 p	74.2	74.6	74.2	88	70.4	0.0	---	0.00	0.0	---	74.2	76.7	76.7	74.8	29.710	0.00	0.00	0	0.00	0	0.0	0.00	0.0	0.000	0.192	78.9	90	75.7	84.5	20.45	 .0710	0.000	700	1	100.0	30
01/12/20	11:30 p	73.9	74.2	73.9	88	70.1	0.0	---	0.00	0.0	---	73.9	76.2	76.2	74.3	29.706	0.00	0.00	0	0.00	0	0.0	0.00	0.0	0.000	0.185	78.5	90	75.3	83.8	20.45	 .0710	0.000	701	1	100.0	30
01/13/20	12:00 a	73.7	74.0	73.7	88	69.9	0.0	SSE	0.00	1.0	SSE	73.7	76.0	76.0	74.0	29.702	0.00	0.00	0	0.00	0	0.0	0.00	0.0	0.000	0.181	78.3	90	75.1	83.4	20.45	 .0711	0.000	700	1	100.0	30
01/13/20	12:30 a	73.5	73.8	73.5	89	70.1	0.0	---	0.00	0.0	---	73.5	75.9	75.9	74.0	29.688	0.00	0.00	0	0.00	0	0.0	0.00	0.0	0.000	0.177	78.0	90	74.8	82.8	20.45	 .0711	0.000	699	1	100.0	30
01/13/20	1:00 a	73.0	73.5	73.0	89	69.6	0.0	---	0.00	0.0	---	73.0	75.4	75.4	73.4	29.677	0.00	0.00	0	0.00	0	0.0	0.00	0.0	0.000	0.167	77.6	90	74.4	82.1	20.45	 .0711	0.000	701	1	100.0	30
01/13/20	1:30 a	72.8	73.1	72.8	89	69.4	0.0	SSE	0.00	1.0	SSE	72.8	75.2	75.2	73.2	29.667	0.00	0.00	0	0.00	0	0.0	0.00	0.0	0.000	0.163	77.3	90	74.1	81.5	20.45	 .0712	0.000	700	1	100.0	30
01/13/20	2:00 a	72.7	73.0	72.7	89	69.3	0.0	SSE	0.00	1.0	SSE	72.7	75.0	75.0	73.0	29.660	0.00	0.00	0	0.00	0	0.0	0.00	0.0	0.000	0.160	77.2	90	74.0	81.4	20.45	 .0712	0.000	701	1	100.0	30
01/13/20	2:30 a	72.7	72.8	72.6	89	69.3	0.0	SSE	0.00	1.0	SSE	72.7	75.0	75.0	73.0	29.660	0.00	0.00	0	0.00	0	0.0	0.00	0.0	0.000	0.160	77.0	90	73.8	81.0	20.45	 .0712	0.000	701	1	100.0	30
01/13/20	3:00 a	72.4	72.8	72.4	89	69.0	0.0	---	0.00	0.0	---	72.4	74.6	74.6	72.6	29.658	0.00	0.00	0	0.00	0	0.0	0.00	0.0	0.000	0.154	76.8	90	73.6	80.7	20.45	 .0713	0.000	700	1	100.0	30
01/13/20	3:30 a	72.5	72.6	72.4	89	69.1	0.0	---	0.00	0.0	---	72.5	74.8	74.8	72.8	29.658	0.00	0.00	0	0.00	0	0.0	0.00	0.0	0.000	0.156	76.7	90	73.5	80.5	20.45	 .0713	0.000	701	1	100.0	30
01/13/20	4:00 a	72.3	72.5	72.2	89	68.9	0.0	---	0.00	0.0	---	72.3	74.5	74.5	72.5	29.656	0.00	0.00	0	0.00	0	0.0	0.00	0.0	0.000	0.152	76.6	90	73.4	80.4	20.45	 .0713	0.000	701	1	100.0	30
01/13/20	4:30 a	72.4	72.4	72.1	89	69.0	0.0	SSE	0.00	1.0	SSE	72.4	74.6	74.6	72.6	29.653	0.00	0.00	0	0.00	0	0.0	0.00	0.0	0.000	0.154	76.4	90	73.2	80.1	20.45	 .0713	0.000	701	1	100.0	30
01/13/20	5:00 a	72.2	72.5	72.2	89	68.8	0.0	SSE	0.00	1.0	SSE	72.2	74.4	74.4	72.4	29.667	0.00	0.00	0	0.00	0	0.0	0.00	0.0	0.000	0.150	76.3	90	73.1	80.0	20.45	 .0714	0.000	702	1	100.0	30
01/13/20	5:30 a	72.1	72.4	72.1	89	68.7	0.0	---	0.00	0.0	---	72.1	74.2	74.2	72.2	29.676	0.00	0.00	0	0.00	0	0.0	0.00	0.0	0.000	0.148	76.1	90	73.0	79.6	20.45	 .0714	0.000	702	1	100.0	30
01/13/20	6:00 a	72.6	72.6	72.1	89	69.2	0.0	SSE	0.00	1.0	SSE	72.6	74.9	74.9	73.0	29.681	0.00	0.00	1	0.04	5	0.0	0.00	0.0	0.000	0.158	76.1	91	73.3	79.8	20.97	 .0714	0.000	700	1	100.0	30
01/13/20	6:30 a	72.9	72.9	72.4	89	69.5	0.0	---	0.00	0.0	---	72.9	75.3	75.3	75.0	29.695	0.00	0.00	14	0.60	21	0.0	0.00	0.0	0.000	0.165	76.3	91	73.5	80.1	20.98	 .0714	0.000	700	1	100.0	30
01/13/20	7:00 a	74.0	74.0	72.9	89	70.6	0.0	---	0.00	0.0	---	74.0	76.4	76.4	76.6	29.713	0.00	0.00	27	1.16	32	0.0	0.00	0.0	0.000	0.188	76.9	92	74.4	81.1	21.09	 .0713	0.001	703	1	100.0	30
01/13/20	7:30 a	75.5	75.5	73.9	89	72.0	0.0	---	0.00	0.0	---	75.5	78.9	78.9	79.9	29.729	0.00	0.00	47	2.02	90	0.2	0.04	0.8	0.000	0.219	77.5	93	75.3	82.2	21.20	 .0712	0.000	701	1	100.0	30
01/13/20	8:00 a	76.3	76.3	75.4	90	73.1	0.0	SSE	0.00	1.0	SSE	76.3	80.0	80.0	81.2	29.737	0.00	0.00	60	2.58	100	0.7	0.15	1.3	0.000	0.235	78.1	93	75.9	83.4	21.21	 .0711	0.001	703	1	100.0	30
01/13/20	8:30 a	78.1	78.3	76.3	90	74.9	0.0	SSE	0.00	3.0	SE	78.1	83.0	83.0	85.2	29.748	0.00	0.00	97	4.17	359	1.3	0.28	2.1	0.000	0.273	78.8	94	76.9	85.1	21.35	 .0710	0.000	701	1	100.0	30
01/13/20	9:00 a	80.8	80.8	78.0	88	76.9	1.0	SE	0.50	4.0	N	80.8	88.2	88.2	92.5	29.749	0.00	0.00	178	7.65	227	2.2	0.47	2.5	0.000	0.329	80.2	94	78.3	88.4	21.35	 .0707	0.004	702	1	100.0	30
01/13/20	9:30 a	83.7	83.7	80.8	79	76.5	2.0	SE	1.00	6.0	ESE	83.7	93.3	93.3	100.6	29.749	0.00	0.00	318	13.68	729	3.6	0.77	5.3	0.000	0.390	81.2	91	78.3	90.1	20.95	 .0706	0.000	702	1	100.0	30
01/13/20	10:00 a	85.7	85.7	83.5	74	76.5	1.0	S	0.50	6.0	SSW	85.7	95.9	95.9	107.5	29.738	0.00	0.00	762	32.77	805	6.2	1.33	7.0	0.000	0.431	82.3	89	78.7	92.6	19.72	 .0704	0.014	698	1	100.0	30
01/13/20	10:30 a	85.8	86.5	85.7	73	76.1	2.0	SE	1.00	6.0	S	85.8	95.8	95.8	108.1	29.735	0.00	0.00	869	37.37	1034	7.5	1.61	8.4	0.000	0.433	83.5	87	79.2	95.3	18.54	 .0702	0.000	701	1	100.0	30
01/13/20	11:00 a	86.5	86.6	84.5	74	77.2	1.0	SSE	0.50	8.0	SE	86.5	97.9	97.9	110.0	29.718	0.00	0.00	664	28.56	953	7.5	1.61	9.1	0.000	0.448	83.8	88	79.9	96.6	18.97	 .0700	0.020	702	1	100.0	30
01/13/20	11:30 a	87.2	87.5	85.9	76	78.7	2.0	WSW	1.00	5.0	SSE	87.2	100.5	100.5	112.1	29.705	0.00	0.00	857	36.86	1025	9.5	2.04	9.9	0.000	0.462	84.8	87	80.5	98.9	18.46	 .0698	0.000	702	1	100.0	30
01/13/20	12:00 p	87.0	87.7	86.6	72	76.9	2.0	SE	1.00	10.0	SE	87.0	98.3	98.3	112.1	29.697	0.00	0.00	1007	43.31	1072	9.7	2.08	10.2	0.000	0.458	85.6	84	80.2	99.6	17.23	 .0697	0.025	700	1	100.0	30
01/13/20	12:30 p	87.3	87.9	86.5	72	77.2	2.0	SE	1.00	8.0	SSE	87.3	98.8	98.8	113.1	29.687	0.00	0.00	995	42.79	1137	9.5	2.04	10.1	0.000	0.465	86.0	83	80.2	100.2	16.81	 .0696	0.000	702	1	100.0	30
01/13/20	1:00 p	86.7	87.5	86.3	72	76.6	2.0	S	1.00	8.0	ESE	86.7	97.6	97.6	110.9	29.673	0.00	0.00	884	38.02	928	8.7	1.86	9.2	0.000	0.452	86.0	81	79.5	99.3	16.11	 .0697	0.025	701	1	100.0	30
01/13/20	1:30 p	86.5	87.4	86.5	72	76.4	2.0	S	1.00	10.0	ESE	86.5	97.2	97.2	111.0	29.664	0.00	0.00	840	36.12	860	7.7	1.65	8.2	0.000	0.448	86.3	81	79.8	100.3	16.10	 .0696	0.000	702	1	100.0	30
01/13/20	2:00 p	86.8	86.9	85.9	73	77.1	2.0	SE	1.00	7.0	SSW	86.8	98.3	98.3	112.7	29.649	0.00	0.00	777	33.42	816	6.4	1.37	7.1	0.000	0.454	86.4	81	79.9	100.7	16.09	 .0695	0.022	700	1	100.0	30
01/13/20	2:30 p	86.9	87.5	86.1	71	76.4	2.0	ESE	1.00	8.0	ESE	86.9	97.7	97.7	112.4	29.645	0.00	0.00	691	29.72	738	5.1	1.09	5.8	0.000	0.456	86.5	82	80.3	101.6	16.49	 .0695	0.000	700	1	100.0	30
01/13/20	3:00 p	86.2	86.8	85.8	76	77.7	2.0	SE	1.00	10.0	SSE	86.2	97.9	97.9	113.1	29.637	0.00	0.00	601	25.85	647	3.7	0.79	4.4	0.000	0.442	86.4	81	79.9	100.7	16.09	 .0695	0.018	700	1	100.0	30
01/13/20	3:30 p	85.6	86.4	85.4	74	76.4	2.0	SE	1.00	6.0	SSE	85.6	95.7	95.7	110.2	29.639	0.00	0.00	486	20.90	559	2.4	0.51	3.0	0.000	0.429	86.3	80	79.4	99.8	15.70	 .0695	0.000	703	1	100.0	30
01/13/20	4:00 p	84.4	86.1	84.4	75	75.6	2.0	E	1.00	9.0	SE	84.4	93.5	93.5	107.3	29.643	0.00	0.00	388	16.69	459	1.4	0.30	1.9	0.000	0.404	86.2	82	80.1	100.5	16.50	 .0695	0.012	702	1	100.0	30
01/13/20	4:30 p	83.1	84.9	83.0	79	75.9	1.0	SE	0.50	4.0	ESE	83.1	91.7	91.7	98.8	29.651	0.00	0.00	186	8.00	316	0.6	0.13	1.0	0.000	0.377	85.4	82	79.3	98.2	16.53	 .0697	0.000	700	1	100.0	30
01/13/20	5:00 p	81.8	83.1	81.8	82	75.8	1.0	ESE	0.50	4.0	ENE	81.8	89.0	89.0	88.2	29.656	0.00	0.00	37	1.59	49	0.0	0.00	0.0	0.000	0.350	84.2	85	79.2	96.6	17.70	 .0699	0.003	699	1	100.0	30
01/13/20	5:30 p	80.7	81.9	80.7	84	75.4	0.0	NNE	0.00	2.0	NNE	80.7	86.9	86.9	85.7	29.666	0.00	0.00	19	0.82	37	0.0	0.00	0.0	0.000	0.327	83.4	87	79.1	95.0	18.55	 .0700	0.000	702	1	100.0	30
01/13/20	6:00 p	80.0	80.7	79.9	85	75.1	0.0	NNE	0.00	1.0	NNE	80.0	85.6	85.6	84.0	29.679	0.00	0.00	0	0.00	5	0.0	0.00	0.0	0.000	0.313	82.9	88	79.0	93.9	19.06	 .0701	0.000	699	1	100.0	30
01/13/20	6:30 p	79.2	80.0	79.2	85	74.3	0.0	NNE	0.00	1.0	NNE	79.2	84.1	84.1	82.5	29.687	0.00	0.00	0	0.00	0	0.0	0.00	0.0	0.000	0.296	82.5	89	78.9	93.1	19.70	 .0702	0.000	702	1	100.0	30
01/13/20	7:00 p	78.8	79.3	78.7	86	74.3	0.0	NNE	0.00	1.0	NNE	78.8	83.6	83.6	82.0	29.700	0.00	0.00	0	0.00	0	0.0	0.00	0.0	0.000	0.288	82.1	89	78.5	92.0	19.74	 .0703	0.001	701	1	100.0	30
01/13/20	7:30 p	78.6	78.8	78.5	87	74.4	0.0	---	0.00	0.0	---	78.6	83.4	83.4	81.8	29.710	0.00	0.00	0	0.00	0	0.0	0.00	0.0	0.000	0.283	81.8	90	78.6	91.5	20.31	 .0704	0.000	702	1	100.0	30
01/13/20	8:00 p	78.6	78.7	78.5	87	74.4	0.0	NNE	0.00	1.0	NNE	78.6	83.4	83.4	81.8	29.722	0.00	0.00	0	0.00	0	0.0	0.00	0.0	0.000	0.283	81.8	90	78.6	91.5	20.31	 .0704	0.001	702	1	100.0	30
01/13/20	8:30 p	78.6	78.9	78.6	87	74.4	0.0	NNE	0.00	1.0	NNE	78.6	83.4	83.4	81.8	29.730	0.00	0.00	0	0.00	0	0.0	0.00	0.0	0.000	0.283	81.6	90	78.4	90.9	20.32	 .0705	0.000	702	1	100.0	30
01/13/20	9:00 p	78.1	78.6	78.1	87	73.9	0.0	---	0.00	0.0	---	78.1	82.6	82.6	80.9	29.728	0.00	0.00	0	0.00	0	0.0	0.00	0.0	0.000	0.273	81.3	91	78.4	90.4	20.95	 .0705	0.001	700	1	100.0	30
01/13/20	9:30 p	77.4	78.1	77.3	88	73.6	0.0	---	0.00	0.0	---	77.4	81.5	81.5	79.8	29.727	0.00	0.00	0	0.00	0	0.0	0.00	0.0	0.000	0.258	80.9	90	77.7	89.0	20.38	 .0706	0.000	700	1	100.0	30
01/13/20	10:00 p	77.0	77.4	76.9	88	73.2	0.0	---	0.00	0.0	---	77.0	80.8	80.8	79.1	29.728	0.00	0.00	0	0.00	0	0.0	0.00	0.0	0.000	0.250	80.6	91	77.7	88.5	21.00	 .0706	0.001	700	1	100.0	30
01/13/20	10:30 p	76.5	76.9	76.5	88	72.7	0.0	---	0.00	0.0	---	76.5	80.1	80.1	78.3	29.723	0.00	0.00	0	0.00	0	0.0	0.00	0.0	0.000	0.240	80.2	91	77.3	87.5	21.03	 .0707	0.000	700	1	100.0	30
01/13/20	11:00 p	76.3	76.6	76.2	88	72.5	0.0	---	0.00	0.0	---	76.3	79.8	79.8	78.0	29.719	0.00	0.00	0	0.00	0	0.0	0.00	0.0	0.000	0.235	79.9	91	77.0	86.8	21.05	 .0708	0.000	699	1	100.0	30
01/13/20	11:30 p	75.9	76.3	75.9	88	72.1	0.0	---	0.00	0.0	---	75.9	79.3	79.3	77.5	29.714	0.00	0.00	0	0.00	0	0.0	0.00	0.0	0.000	0.227	79.8	91	76.9	86.6	21.05	 .0708	0.000	703	1	100.0	30
01/14/20	12:00 a	75.6	75.9	75.5	89	72.1	0.0	NNE	0.00	1.0	NNE	75.6	79.0	79.0	77.2	29.702	0.00	0.00	0	0.00	0	0.0	0.00	0.0	0.000	0.221	79.4	91	76.5	85.8	21.04	 .0708	0.000	701	1	100.0	30
01/14/20	12:30 a	75.2	75.6	75.2	88	71.4	0.0	---	0.00	0.0	---	75.2	78.5	78.5	76.7	29.687	0.00	0.00	0	0.00	0	0.0	0.00	0.0	0.000	0.212	79.2	91	76.3	85.3	21.03	 .0708	0.000	701	1	100.0	30
01/14/20	1:00 a	74.8	75.2	74.8	89	71.3	0.0	---	0.00	0.0	---	74.8	77.9	77.9	76.1	29.670	0.00	0.00	0	0.00	0	0.0	0.00	0.0	0.000	0.204	78.9	91	76.0	84.7	21.03	 .0708	0.000	699	1	100.0	30
01/14/20	1:30 a	74.6	74.9	74.5	89	71.1	0.0	---	0.00	0.0	---	74.6	77.5	77.5	75.7	29.663	0.00	0.00	0	0.00	0	0.0	0.00	0.0	0.000	0.200	78.6	90	75.4	83.9	20.45	 .0709	0.000	702	1	100.0	30
01/14/20	2:00 a	74.2	74.6	74.2	89	70.7	0.0	---	0.00	0.0	---	74.2	76.8	76.8	74.9	29.649	0.00	0.00	0	0.00	0	0.0	0.00	0.0	0.000	0.192	78.3	91	75.5	83.5	21.02	 .0709	0.000	702	1	100.0	30
01/14/20	2:30 a	74.1	74.4	74.0	89	70.6	0.0	---	0.00	0.0	---	74.1	76.6	76.6	74.7	29.642	0.00	0.00	0	0.00	0	0.0	0.00	0.0	0.000	0.190	78.1	91	75.3	83.1	21.01	 .0709	0.000	702	1	100.0	30
01/14/20	3:00 a	73.9	74.1	73.9	89	70.5	0.0	---	0.00	0.0	---	73.9	76.3	76.3	74.4	29.649	0.00	0.00	0	0.00	0	0.0	0.00	0.0	0.000	0.185	77.9	91	75.1	82.7	21.01	 .0710	0.000	700	1	100.0	30
01/14/20	3:30 a	73.8	74.0	73.6	89	70.4	0.0	---	0.00	0.0	---	73.8	76.2	76.2	74.3	29.651	0.00	0.00	0	0.00	0	0.0	0.00	0.0	0.000	0.183	77.7	91	74.9	82.4	21.00	 .0710	0.000	700	1	100.0	30
01/14/20	4:00 a	73.7	74.0	73.7	89	70.3	0.0	---	0.00	0.0	---	73.7	76.1	76.1	74.2	29.655	0.00	0.00	0	0.00	0	0.0	0.00	0.0	0.000	0.181	77.7	91	74.9	82.4	21.00	 .0710	0.000	701	1	100.0	30
01/14/20	4:30 a	73.8	73.9	73.5	89	70.4	0.0	---	0.00	0.0	---	73.8	76.2	76.2	74.3	29.661	0.00	0.00	0	0.00	0	0.0	0.00	0.0	0.000	0.183	77.6	91	74.8	82.2	21.00	 .0711	0.000	703	1	100.0	30
01/14/20	5:00 a	73.7	73.8	73.4	89	70.3	0.0	---	0.00	0.0	---	73.7	76.1	76.1	74.2	29.669	0.00	0.00	0	0.00	0	0.0	0.00	0.0	0.000	0.181	77.5	91	74.7	82.0	21.00	 .0711	0.000	701	1	100.0	30
01/14/20	5:30 a	73.4	73.7	73.4	89	70.0	0.0	---	0.00	0.0	---	73.4	75.8	75.8	73.8	29.675	0.00	0.00	0	0.00	0	0.0	0.00	0.0	0.000	0.175	77.1	91	74.3	81.3	20.99	 .0712	0.000	702	1	100.0	30
01/14/20	6:00 a	73.4	73.6	73.2	89	70.0	0.0	---	0.00	0.0	---	73.4	75.8	75.8	73.8	29.680	0.00	0.00	0	0.00	5	0.0	0.00	0.0	0.000	0.175	77.1	91	74.3	81.3	20.99	 .0712	0.000	703	1	100.0	30
01/14/20	6:30 a	74.0	74.0	73.4	89	70.6	0.0	---	0.00	0.0	---	74.0	76.4	76.4	76.3	29.697	0.00	0.00	17	0.73	26	0.0	0.00	0.0	0.000	0.188	77.1	92	74.6	81.4	21.09	 .0713	0.000	701	1	100.0	30
01/14/20	7:00 a	74.9	74.9	74.0	89	71.4	0.0	---	0.00	0.0	---	74.9	78.1	78.1	78.6	29.709	0.00	0.00	31	1.33	37	0.0	0.00	0.0	0.000	0.206	77.8	92	75.3	82.7	21.11	 .0711	0.001	700	1	100.0	30
01/14/20	7:30 a	76.0	76.0	74.8	89	72.5	0.0	---	0.00	0.0	---	76.0	79.4	79.4	79.9	29.723	0.00	0.00	37	1.59	42	0.0	0.00	0.0	0.000	0.229	78.3	93	76.1	83.8	21.22	 .0710	0.000	702	1	100.0	30
01/14/20	8:00 a	77.5	77.5	76.0	89	74.0	0.0	NNE	0.00	1.0	NNE	77.5	81.8	81.8	83.6	29.737	0.00	0.00	78	3.35	304	0.6	0.13	1.4	0.000	0.260	78.9	94	77.0	85.4	21.35	 .0709	0.002	702	1	100.0	30
01/14/20	8:30 a	78.8	78.8	77.5	89	75.3	1.0	NNE	0.50	4.0	NE	78.8	84.1	84.1	85.8	29.740	0.00	0.00	80	3.44	181	1.5	0.32	1.8	0.000	0.288	79.7	95	78.1	87.4	21.65	 .0707	0.000	702	1	100.0	30
01/14/20	9:00 a	80.3	80.3	78.9	89	76.8	1.0	NE	0.50	4.0	SE	80.3	87.3	87.3	89.8	29.742	0.00	0.00	113	4.86	209	2.1	0.45	2.5	0.000	0.319	80.5	94	78.6	89.1	21.36	 .0706	0.003	702	1	100.0	30
01/14/20	9:30 a	83.9	83.9	80.4	80	77.1	1.0	SE	0.50	7.0	SE	83.9	94.2	94.2	102.2	29.732	0.00	0.00	346	14.88	721	3.5	0.75	5.2	0.000	0.394	81.6	92	79.0	91.6	21.18	 .0704	0.000	701	1	100.0	30
01/14/20	10:00 a	85.6	85.6	84.0	78	77.9	2.0	SSE	1.00	6.0	SSE	85.6	97.1	97.1	109.3	29.729	0.00	0.00	738	31.74	802	5.9	1.26	6.5	0.000	0.429	82.7	91	79.8	94.4	20.83	 .0702	0.014	702	1	100.0	30
01/14/20	10:30 a	86.4	87.4	85.7	74	77.1	1.0	S	0.50	5.0	S	86.4	97.7	97.7	109.7	29.724	0.00	0.00	849	36.51	882	7.3	1.56	8.2	0.000	0.446	83.6	88	79.7	96.0	18.99	 .0701	0.000	702	1	100.0	30
01/14/20	11:00 a	85.8	86.6	85.7	75	77.0	2.0	SE	1.00	6.0	ESE	85.8	96.5	96.5	108.5	29.703	0.00	0.00	658	28.30	1027	7.1	1.52	8.6	0.000	0.433	84.2	87	79.9	97.4	18.50	 .0699	0.020	701	1	100.0	30
01/14/20	11:30 a	86.1	86.9	85.0	73	76.4	1.0	SSW	0.50	5.0	S	86.1	96.6	96.6	108.3	29.688	0.00	0.00	636	27.35	967	7.4	1.59	8.8	0.000	0.440	84.6	85	79.6	97.5	17.67	 .0699	0.000	702	1	100.0	30
01/14/20	12:00 p	87.1	87.1	85.6	72	77.0	1.0	WSW	0.50	5.0	S	87.1	98.5	98.5	110.8	29.675	0.00	0.00	703	30.23	1013	8.0	1.71	10.2	0.000	0.460	85.0	86	80.3	98.9	18.05	 .0697	0.018	701	1	100.0	30
01/14/20	12:30 p	86.2	87.6	85.6	76	77.7	2.0	SE	1.00	7.0	S	86.2	97.9	97.9	109.8	29.662	0.00	0.00	846	36.38	1150	8.8	1.89	10.3	0.000	0.442	85.7	85	80.7	100.4	17.61	 .0696	0.000	701	1	100.0	30
01/14/20	1:00 p	87.5	87.5	86.3	75	78.6	2.0	SSE	1.00	7.0	SE	87.5	100.5	100.5	113.9	29.644	0.00	0.00	880	37.84	900	8.5	1.82	8.9	0.000	0.469	86.1	83	80.3	100.6	16.81	 .0695	0.023	701	1	100.0	30
01/14/20	1:30 p	86.9	87.6	86.4	72	76.8	2.0	S	1.00	7.0	ESE	86.9	98.1	98.1	111.9	29.622	0.00	0.00	837	36.00	858	7.6	1.63	8.1	0.000	0.456	86.3	81	79.8	100.3	16.10	 .0695	0.000	703	1	100.0	30
01/14/20	2:00 p	86.9	87.9	86.4	74	77.6	2.0	SE	1.00	8.0	S	86.9	98.9	98.9	113.7	29.606	0.00	0.00	795	34.19	861	6.4	1.37	7.0	0.000	0.456	86.6	82	80.4	102.0	16.49	 .0693	0.022	702	1	100.0	30
01/14/20	2:30 p	86.4	87.8	86.1	75	77.5	2.0	SSE	1.00	9.0	SSE	86.4	98.0	98.0	113.8	29.593	0.00	0.00	732	31.48	802	5.1	1.09	5.8	0.000	0.446	86.8	81	80.3	102.1	16.08	 .0693	0.000	699	1	100.0	30
01/14/20	3:00 p	85.8	86.9	85.7	74	76.5	2.0	SE	1.00	10.0	S	85.8	96.2	96.2	112.1	29.592	0.00	0.00	628	27.01	715	3.5	0.75	4.4	0.000	0.433	86.6	81	80.1	101.4	16.09	 .0693	0.018	698	1	100.0	30
01/14/20	3:30 p	85.2	86.1	84.8	73	75.6	2.0	SE	1.00	6.0	SSE	85.2	94.4	94.4	106.7	29.599	0.00	0.00	419	18.02	689	2.0	0.43	3.0	0.000	0.421	86.3	81	79.8	100.3	16.10	 .0694	0.000	701	1	100.0	30
01/14/20	4:00 p	84.8	85.4	84.2	75	76.0	1.0	SSE	0.50	8.0	SSE	84.8	94.2	94.2	103.9	29.602	0.00	0.00	283	12.17	434	1.2	0.26	1.4	0.000	0.413	86.0	82	79.9	99.8	16.51	 .0695	0.010	701	1	100.0	30
01/14/20	4:30 p	83.1	85.1	83.1	78	75.5	1.0	SE	0.50	5.0	S	83.1	91.3	91.3	98.9	29.600	0.00	0.00	196	8.43	313	0.6	0.13	1.0	0.000	0.377	85.6	84	80.2	99.6	17.23	 .0695	0.000	700	1	100.0	30
01/14/20	5:00 p	81.2	83.2	81.2	82	75.2	0.0	S	0.00	2.0	SSW	81.2	87.5	87.5	86.6	29.614	0.00	0.00	31	1.33	60	0.0	0.00	0.0	0.000	0.337	84.3	86	79.7	97.2	18.09	 .0697	0.003	702	1	100.0	30
01/14/20	5:30 p	80.6	81.3	80.6	84	75.3	0.0	SE	0.00	3.0	SE	80.6	86.7	86.7	85.3	29.624	0.00	0.00	6	0.26	21	0.0	0.00	0.0	0.000	0.325	83.4	88	79.5	95.4	19.01	 .0699	0.000	701	1	100.0	30
01/14/20	6:00 p	80.2	80.7	80.2	84	74.9	0.0	SE	0.00	2.0	SE	80.2	85.8	85.8	84.2	29.631	0.00	0.00	0	0.00	0	0.0	0.00	0.0	0.000	0.317	83.0	89	79.4	94.5	19.65	 .0700	0.000	702	1	100.0	30
01/14/20	6:30 p	80.0	80.3	80.0	85	75.1	0.0	SE	0.00	1.0	SE	80.0	85.6	85.6	84.0	29.645	0.00	0.00	0	0.00	0	0.0	0.00	0.0	0.000	0.313	82.6	90	79.4	93.7	20.24	 .0700	0.000	699	1	100.0	30
01/14/20	7:00 p	79.7	80.0	79.7	85	74.8	0.0	SE	0.00	2.0	SE	79.7	85.0	85.0	83.4	29.662	0.00	0.00	0	0.00	0	0.0	0.00	0.0	0.000	0.306	82.3	90	79.1	92.9	20.27	 .0701	0.001	702	1	100.0	30
01/14/20	7:30 p	79.2	79.8	79.2	86	74.6	0.0	SE	0.00	1.0	SE	79.2	84.3	84.3	82.7	29.670	0.00	0.00	0	0.00	0	0.0	0.00	0.0	0.000	0.296	82.1	90	78.9	92.4	20.28	 .0702	0.000	699	1	100.0	30
01/14/20	8:00 p	79.2	79.3	79.1	86	74.6	0.0	SE	0.00	1.0	SE	79.2	84.3	84.3	82.7	29.684	0.00	0.00	0	0.00	0	0.0	0.00	0.0	0.000	0.296	82.0	91	79.1	92.5	20.89	 .0702	0.001	703	1	100.0	30
01/14/20	8:30 p	78.6	79.3	78.5	87	74.4	0.0	SE	0.00	1.0	SE	78.6	83.4	83.4	81.8	29.690	0.00	0.00	0	0.00	0	0.0	0.00	0.0	0.000	0.283	81.7	91	78.8	91.6	20.91	 .0703	0.000	702	1	100.0	30
01/14/20	9:00 p	78.1	78.5	78.1	87	73.9	0.0	---	0.00	0.0	---	78.1	82.6	82.6	80.9	29.694	0.00	0.00	0	0.00	0	0.0	0.00	0.0	0.000	0.273	81.4	91	78.5	90.7	20.94	 .0704	0.001	702	1	100.0	30
01/14/20	9:30 p	77.7	78.2	77.7	87	73.5	0.0	---	0.00	0.0	---	77.7	81.9	81.9	80.2	29.696	0.00	0.00	0	0.00	0	0.0	0.00	0.0	0.000	0.265	81.0	91	78.1	89.5	20.97	 .0705	0.000	700	1	100.0	30
01/14/20	10:00 p	77.8	77.9	77.7	88	74.0	0.0	---	0.00	0.0	---	77.8	82.2	82.2	80.5	29.698	0.00	0.00	0	0.00	0	0.0	0.00	0.0	0.000	0.267	81.0	92	78.5	89.8	21.17	 .0705	0.001	702	1	100.0	30
01/14/20	10:30 p	77.2	77.8	77.2	88	73.4	0.0	---	0.00	0.0	---	77.2	81.2	81.2	79.5	29.693	0.00	0.00	0	0.00	0	0.0	0.00	0.0	0.000	0.254	80.7	91	77.8	88.8	20.99	 .0705	0.000	702	1	100.0	30
01/14/20	11:00 p	76.8	77.2	76.8	88	73.0	0.0	---	0.00	0.0	---	76.8	80.5	80.5	78.7	29.687	0.00	0.00	0	0.00	0	0.0	0.00	0.0	0.000	0.246	80.4	91	77.5	88.0	21.02	 .0706	0.000	700	1	100.0	30
01/14/20	11:30 p	76.5	76.8	76.4	88	72.7	0.0	---	0.00	0.0	---	76.5	80.1	80.1	78.3	29.681	0.00	0.00	0	0.00	0	0.0	0.00	0.0	0.000	0.240	79.9	92	77.4	87.1	21.15	 .0706	0.000	701	1	100.0	30
01/15/20	12:00 a	76.2	76.5	76.1	89	72.7	0.0	---	0.00	0.0	---	76.2	79.7	79.7	77.9	29.680	0.00	0.00	0	0.00	0	0.0	0.00	0.0	0.000	0.233	79.6	92	77.1	86.4	21.14	 .0707	0.000	699	1	100.0	30
01/15/20	12:30 a	75.7	76.3	75.7	89	72.2	0.0	---	0.00	0.0	---	75.7	79.1	79.1	77.3	29.670	0.00	0.00	0	0.00	0	0.0	0.00	0.0	0.000	0.223	79.4	92	76.9	86.0	21.14	 .0707	0.000	702	1	100.0	30
01/15/20	1:00 a	75.6	76.0	75.5	89	72.1	0.0	---	0.00	0.0	---	75.6	79.0	79.0	77.2	29.663	0.00	0.00	0	0.00	0	0.0	0.00	0.0	0.000	0.221	79.1	91	76.2	85.1	21.03	 .0708	0.000	698	1	100.0	30
01/15/20	1:30 a	75.1	75.6	75.1	89	71.6	0.0	---	0.00	0.0	---	75.1	78.4	78.4	76.6	29.658	0.00	0.00	0	0.00	0	0.0	0.00	0.0	0.000	0.210	78.8	92	76.3	84.7	21.13	 .0708	0.000	703	1	100.0	30
01/15/20	2:00 a	74.9	75.2	74.9	89	71.4	0.0	---	0.00	0.0	---	74.9	78.1	78.1	76.3	29.649	0.00	0.00	0	0.00	0	0.0	0.00	0.0	0.000	0.206	78.6	92	76.1	84.3	21.12	 .0708	0.000	702	1	100.0	30
01/15/20	2:30 a	74.6	75.0	74.6	89	71.1	0.0	---	0.00	0.0	---	74.6	77.5	77.5	75.7	29.652	0.00	0.00	0	0.00	0	0.0	0.00	0.0	0.000	0.200	78.4	91	75.6	83.7	21.02	 .0709	0.000	703	1	100.0	30
01/15/20	3:00 a	74.5	74.7	74.5	89	71.0	0.0	---	0.00	0.0	---	74.5	77.3	77.3	75.5	29.646	0.00	0.00	0	0.00	0	0.0	0.00	0.0	0.000	0.198	78.2	92	75.7	83.5	21.11	 .0709	0.000	701	1	100.0	30
01/15/20	3:30 a	74.2	74.7	74.2	89	70.7	0.0	---	0.00	0.0	---	74.2	76.8	76.8	74.9	29.650	0.00	0.00	0	0.00	0	0.0	0.00	0.0	0.000	0.192	78.1	92	75.6	83.3	21.11	 .0709	0.000	702	1	100.0	30
01/15/20	4:00 a	74.0	74.2	73.9	89	70.6	0.0	---	0.00	0.0	---	74.0	76.4	76.4	74.5	29.653	0.00	0.00	0	0.00	0	0.0	0.00	0.0	0.000	0.188	77.8	91	75.0	82.6	21.01	 .0710	0.000	701	1	100.0	30
01/15/20	4:30 a	73.7	74.0	73.7	89	70.3	0.0	---	0.00	0.0	---	73.7	76.1	76.1	74.2	29.662	0.00	0.00	0	0.00	0	0.0	0.00	0.0	0.000	0.181	77.6	91	74.8	82.2	21.00	 .0711	0.000	702	1	100.0	30
01/15/20	5:00 a	73.5	73.9	73.4	89	70.1	0.0	---	0.00	0.0	---	73.5	75.9	75.9	74.0	29.666	0.00	0.00	0	0.00	0	0.0	0.00	0.0	0.000	0.177	77.5	91	74.7	82.0	21.00	 .0711	0.000	703	1	100.0	30
01/15/20	5:30 a	73.3	73.6	73.2	89	69.9	0.0	---	0.00	0.0	---	73.3	75.7	75.7	73.7	29.668	0.00	0.00	0	0.00	0	0.0	0.00	0.0	0.000	0.173	77.3	91	74.5	81.6	21.00	 .0712	0.000	701	1	100.0	30
01/15/20	6:00 a	73.1	73.5	73.0	89	69.7	0.0	---	0.00	0.0	---	73.1	75.5	75.5	73.5	29.668	0.00	0.00	0	0.00	5	0.0	0.00	0.0	0.000	0.169	77.1	91	74.3	81.3	20.99	 .0712	0.000	702	1	100.0	30
01/15/20	6:30 a	73.5	73.5	73.0	89	70.1	0.0	---	0.00	0.0	---	73.5	75.9	75.9	75.6	29.678	0.00	0.00	13	0.56	21	0.0	0.00	0.0	0.000	0.177	77.1	92	74.6	81.4	21.09	 .0712	0.000	701	1	100.0	30
01/15/20	7:00 a	74.4	74.4	73.4	89	70.9	0.0	---	0.00	0.0	---	74.4	77.1	77.1	77.2	29.694	0.00	0.00	25	1.08	30	0.0	0.00	0.0	0.000	0.196	77.6	92	75.1	82.3	21.10	 .0711	0.001	702	1	100.0	30
01/15/20	7:30 a	75.6	75.7	74.4	89	72.1	0.0	---	0.00	0.0	---	75.6	79.0	79.0	79.4	29.712	0.00	0.00	33	1.42	39	0.0	0.00	0.0	0.000	0.221	78.1	93	75.9	83.4	21.21	 .0711	0.000	702	1	100.0	30
01/15/20	8:00 a	76.9	76.9	75.6	89	73.4	0.0	---	0.00	0.0	---	76.9	80.8	80.8	82.4	29.717	0.00	0.00	72	3.10	287	0.6	0.13	1.4	0.000	0.248	78.8	93	76.6	84.9	21.23	 .0709	0.001	701	1	100.0	30
01/15/20	8:30 a	78.4	78.4	76.9	89	74.9	0.0	SE	0.00	1.0	SE	78.4	83.4	83.4	85.7	29.722	0.00	0.00	102	4.39	346	1.5	0.32	2.4	0.000	0.279	79.6	94	77.7	86.9	21.35	 .0708	0.000	700	1	100.0	30
01/15/20	9:00 a	80.2	80.2	78.4	89	76.7	0.0	SE	0.00	2.0	SE	80.2	87.0	87.0	89.6	29.720	0.00	0.00	117	5.03	387	2.1	0.45	2.5	0.000	0.317	80.6	94	78.7	89.4	21.36	 .0705	0.003	703	1	100.0	30
01/15/20	9:30 a	82.9	82.9	79.8	82	76.8	1.0	E	0.50	5.0	SSE	82.9	92.0	92.0	99.3	29.709	0.00	0.00	317	13.63	701	3.3	0.71	5.1	0.000	0.373	81.4	92	78.9	91.0	21.18	 .0704	0.000	699	1	100.0	30
01/15/20	10:00 a	86.0	86.1	82.9	77	77.9	2.0	SSE	1.00	6.0	SSE	86.0	97.7	97.7	109.9	29.712	0.00	0.00	741	31.87	777	5.8	1.24	6.5	0.000	0.438	82.6	90	79.4	93.7	20.24	 .0702	0.014	699	1	100.0	30
01/15/20	10:30 a	86.0	86.6	85.4	74	76.7	2.0	S	1.00	7.0	SSE	86.0	96.7	96.7	108.0	29.717	0.00	0.00	810	34.83	842	7.1	1.52	7.6	0.000	0.438	83.6	88	79.7	96.0	18.99	 .0701	0.000	701	1	100.0	30
01/15/20	11:00 a	87.0	87.0	85.9	79	79.7	2.0	SSW	1.00	5.0	S	87.0	101.6	101.6	113.2	29.704	0.00	0.00	844	36.30	872	8.1	1.74	8.5	0.000	0.458	84.3	87	80.0	97.6	18.49	 .0699	0.022	700	1	100.0	30
01/15/20	11:30 a	87.0	87.3	86.2	75	78.1	2.0	SE	1.00	6.0	S	87.0	99.6	99.6	112.1	29.701	0.00	0.00	801	34.45	916	8.8	1.89	9.0	0.000	0.458	85.0	86	80.3	98.9	18.05	 .0698	0.000	702	1	100.0	30
01/15/20	12:00 p	87.3	87.9	86.6	74	78.0	2.0	ESE	1.00	7.0	WSW	87.3	99.7	99.7	112.3	29.691	0.00	0.00	920	39.57	958	9.2	1.97	9.3	0.000	0.465	85.6	86	80.9	100.7	18.01	 .0696	0.023	699	1	100.0	30
01/15/20	12:30 p	87.4	87.8	87.0	72	77.3	2.0	SSW	1.00	9.0	SSE	87.4	99.0	99.0	112.6	29.690	0.00	0.00	949	40.81	997	9.0	1.93	9.5	0.000	0.467	86.3	83	80.5	101.4	16.80	 .0696	0.000	703	1	100.0	30
01/15/20	1:00 p	87.7	88.4	87.0	73	78.0	2.0	SSW	1.00	8.0	SSE	87.7	99.9	99.9	113.5	29.680	0.00	0.00	894	38.45	932	8.3	1.78	8.8	0.000	0.473	86.5	83	80.7	102.2	16.79	 .0695	0.024	699	1	100.0	30
01/15/20	1:30 p	87.3	88.0	86.5	70	76.3	2.0	SSE	1.00	10.0	S	87.3	98.0	98.0	113.3	29.668	0.00	0.00	913	39.26	956	7.2	1.54	8.0	0.000	0.465	86.8	81	80.3	102.1	16.08	 .0695	0.000	701	1	100.0	30
01/15/20	2:00 p	85.6	87.9	85.6	75	76.8	2.0	SE	1.00	10.0	S	85.6	96.0	96.0	110.0	29.657	0.00	0.00	759	32.64	960	5.8	1.24	7.0	0.000	0.429	87.1	80	80.2	102.3	15.67	 .0694	0.022	701	1	100.0	30
01/15/20	2:30 p	86.2	87.0	85.2	76	77.7	3.0	SE	1.50	11.0	SE	86.2	97.9	97.9	110.4	29.654	0.00	0.00	592	25.46	911	4.1	0.88	5.5	0.000	0.442	86.6	80	79.7	100.8	15.69	 .0695	0.000	700	1	100.0	30
01/15/20	3:00 p	87.2	87.5	86.1	74	77.9	2.0	ESE	1.00	7.0	ESE	87.2	99.5	99.5	116.7	29.652	0.00	0.00	670	28.81	819	3.7	0.79	4.3	0.000	0.462	87.0	81	80.5	102.8	16.07	 .0694	0.017	701	1	100.0	30
01/15/20	3:30 p	86.4	87.3	85.7	74	77.1	2.0	SSE	1.00	7.0	SE	86.4	97.7	97.7	111.6	29.647	0.00	0.00	463	19.91	605	2.2	0.47	3.0	0.000	0.446	86.8	82	80.6	102.7	16.48	 .0694	0.000	700	1	100.0	30
01/15/20	4:00 p	85.4	86.7	85.2	75	76.6	1.0	SE	0.50	5.0	S	85.4	95.6	95.6	109.3	29.643	0.00	0.00	381	16.39	490	1.3	0.28	1.8	0.000	0.425	86.7	83	80.9	102.9	16.78	 .0694	0.011	702	1	100.0	30
01/15/20	4:30 p	83.6	85.9	83.6	78	76.0	1.0	NNE	0.50	5.0	SE	83.6	92.7	92.7	100.8	29.645	0.00	0.00	206	8.86	396	0.5	0.11	0.9	0.000	0.387	86.2	84	80.8	101.5	17.20	 .0695	0.000	701	1	100.0	30
01/15/20	5:00 p	82.6	83.6	82.4	81	76.2	0.0	SW	0.00	3.0	SSE	82.6	90.9	90.9	90.4	29.649	0.00	0.00	49	2.11	81	0.0	0.00	0.0	0.000	0.367	84.8	87	80.5	98.9	18.46	 .0697	0.004	701	1	100.0	30
01/15/20	5:30 p	80.9	82.6	80.9	84	75.6	0.0	ESE	0.00	1.0	ESE	80.9	87.3	87.3	86.2	29.654	0.00	0.00	20	0.86	30	0.0	0.00	0.0	0.000	0.331	83.9	89	80.3	97.3	19.56	 .0698	0.000	700	1	100.0	30
01/15/20	6:00 p	79.9	80.9	79.9	86	75.3	0.0	ESE	0.00	1.0	ESE	79.9	85.6	85.6	84.0	29.668	0.00	0.00	1	0.04	7	0.0	0.00	0.0	0.000	0.310	83.3	91	80.4	96.3	20.79	 .0699	0.000	703	1	100.0	30
01/15/20	6:30 p	78.9	79.9	78.8	86	74.4	0.0	ESE	0.00	1.0	ESE	78.9	83.7	83.7	82.1	29.682	0.00	0.00	0	0.00	0	0.0	0.00	0.0	0.000	0.290	82.7	91	79.8	94.4	20.83	 .0701	0.000	701	1	100.0	30
01/15/20	7:00 p	78.5	78.9	78.5	87	74.3	0.0	---	0.00	0.0	---	78.5	83.2	83.2	81.6	29.691	0.00	0.00	0	0.00	0	0.0	0.00	0.0	0.000	0.281	82.3	91	79.4	93.3	20.87	 .0702	0.001	703	1	100.0	30
01/15/20	7:30 p	78.2	78.5	78.2	87	74.0	0.0	---	0.00	0.0	---	78.2	82.7	82.7	81.1	29.699	0.00	0.00	0	0.00	0	0.0	0.00	0.0	0.000	0.275	81.9	91	79.0	92.2	20.90	 .0703	0.000	702	1	100.0	30
01/15/20	8:00 p	78.1	78.2	78.0	87	73.9	0.0	---	0.00	0.0	---	78.1	82.6	82.6	80.9	29.708	0.00	0.00	0	0.00	0	0.0	0.00	0.0	0.000	0.273	81.7	91	78.8	91.6	20.91	 .0704	0.001	700	1	100.0	30
01/15/20	8:30 p	78.1	78.2	78.1	88	74.3	0.0	---	0.00	0.0	---	78.1	82.7	82.7	81.1	29.715	0.00	0.00	0	0.00	0	0.0	0.00	0.0	0.000	0.273	81.6	92	79.0	91.6	21.18	 .0704	0.000	701	1	100.0	30
01/15/20	9:00 p	77.7	78.2	77.6	88	73.9	0.0	---	0.00	0.0	---	77.7	82.0	82.0	80.3	29.728	0.00	0.00	0	0.00	0	0.0	0.00	0.0	0.000	0.265	81.2	92	78.7	90.4	21.17	 .0705	0.001	700	1	100.0	30
01/15/20	9:30 p	77.9	78.0	77.6	88	74.1	0.0	---	0.00	0.0	---	77.9	82.4	82.4	80.8	29.730	0.00	0.00	0	0.00	0	0.0	0.00	0.0	0.000	0.269	81.2	92	78.7	90.4	21.17	 .0705	0.000	702	1	100.0	30
01/15/20	10:00 p	77.9	78.0	77.8	88	74.1	0.0	---	0.00	0.0	---	77.9	82.4	82.4	80.8	29.725	0.00	0.00	0	0.00	0	0.0	0.00	0.0	0.000	0.269	81.2	92	78.7	90.4	21.17	 .0705	0.000	699	1	100.0	30
01/15/20	10:30 p	77.6	78.0	77.6	88	73.8	0.0	---	0.00	0.0	---	77.6	81.8	81.8	80.1	29.716	0.00	0.00	0	0.00	0	0.0	0.00	0.0	0.000	0.262	81.0	92	78.5	89.8	21.17	 .0705	0.000	701	1	100.0	30
01/15/20	11:00 p	77.0	77.6	77.0	88	73.2	0.0	---	0.00	0.0	---	77.0	80.8	80.8	79.1	29.713	0.00	0.00	0	0.00	0	0.0	0.00	0.0	0.000	0.250	80.4	92	77.9	88.3	21.16	 .0706	0.000	701	1	100.0	30
01/15/20	11:30 p	77.0	77.1	76.7	88	73.2	0.0	---	0.00	0.0	---	77.0	80.8	80.8	79.1	29.707	0.00	0.00	0	0.00	0	0.0	0.00	0.0	0.000	0.250	80.2	92	77.7	87.8	21.15	 .0706	0.000	702	1	100.0	30
01/16/20	12:00 a	77.2	77.3	76.9	89	73.7	0.0	---	0.00	0.0	---	77.2	81.3	81.3	79.6	29.695	0.00	0.00	0	0.00	0	0.0	0.00	0.0	0.000	0.254	80.3	92	77.8	88.1	21.16	 .0706	0.000	700	1	100.0	30
01/16/20	12:30 a	77.1	77.4	77.1	89	73.6	0.0	ESE	0.00	1.0	ESE	77.1	81.1	81.1	79.4	29.684	0.00	0.00	0	0.00	0	0.0	0.00	0.0	0.000	0.252	80.4	92	77.9	88.3	21.16	 .0705	0.000	701	1	100.0	30
01/16/20	1:00 a	76.5	77.1	76.5	89	73.0	0.0	---	0.00	0.0	---	76.5	80.2	80.2	78.5	29.673	0.00	0.00	0	0.00	0	0.0	0.00	0.0	0.000	0.240	80.1	92	77.6	87.6	21.15	 .0706	0.000	700	1	100.0	30
01/16/20	1:30 a	76.2	76.5	76.1	89	72.7	0.0	---	0.00	0.0	---	76.2	79.7	79.7	77.9	29.670	0.00	0.00	0	0.00	0	0.0	0.00	0.0	0.000	0.233	79.7	92	77.2	86.7	21.14	 .0707	0.000	703	1	100.0	30
01/16/20	2:00 a	76.3	76.3	76.1	89	72.8	0.0	---	0.00	0.0	---	76.3	79.9	79.9	78.1	29.663	0.00	0.00	0	0.00	0	0.0	0.00	0.0	0.000	0.235	79.6	92	77.1	86.4	21.14	 .0707	0.000	702	1	100.0	30
01/16/20	2:30 a	75.9	76.4	75.8	89	72.4	0.0	---	0.00	0.0	---	75.9	79.3	79.3	77.5	29.658	0.00	0.00	0	0.00	0	0.0	0.00	0.0	0.000	0.227	79.4	92	76.9	86.0	21.14	 .0707	0.000	702	1	100.0	30
01/16/20	3:00 a	75.8	75.9	75.7	89	72.3	0.0	---	0.00	0.0	---	75.8	79.2	79.2	77.4	29.659	0.00	0.00	0	0.00	0	0.0	0.00	0.0	0.000	0.225	79.2	92	76.7	85.6	21.13	 .0707	0.000	700	1	100.0	30
01/16/20	3:30 a	75.8	75.9	75.7	89	72.3	0.0	---	0.00	0.0	---	75.8	79.2	79.2	77.4	29.663	0.00	0.00	0	0.00	0	0.0	0.00	0.0	0.000	0.225	79.0	92	76.5	85.1	21.13	 .0708	0.000	702	1	100.0	30
01/16/20	4:00 a	75.9	76.1	75.8	89	72.4	0.0	---	0.00	0.0	---	75.9	79.3	79.3	77.5	29.672	0.00	0.00	0	0.00	0	0.0	0.00	0.0	0.000	0.227	79.1	92	76.6	85.4	21.13	 .0708	0.000	702	1	100.0	30
01/16/20	4:30 a	75.7	76.0	75.6	89	72.2	0.0	---	0.00	0.0	---	75.7	79.1	79.1	77.3	29.683	0.00	0.00	0	0.00	0	0.0	0.00	0.0	0.000	0.223	78.9	92	76.4	84.9	21.13	 .0708	0.000	700	1	100.0	30
01/16/20	5:00 a	75.4	75.7	75.3	89	71.9	0.0	---	0.00	0.0	---	75.4	78.8	78.8	77.0	29.688	0.00	0.00	0	0.00	0	0.0	0.00	0.0	0.000	0.217	78.7	92	76.2	84.5	21.12	 .0709	0.000	702	1	100.0	30
01/16/20	5:30 a	75.3	75.5	75.2	89	71.8	0.0	---	0.00	0.0	---	75.3	78.7	78.7	76.9	29.693	0.00	0.00	0	0.00	0	0.0	0.00	0.0	0.000	0.215	78.5	92	76.0	84.1	21.12	 .0710	0.000	699	1	100.0	30
01/16/20	6:00 a	75.2	75.4	75.2	89	71.7	0.0	---	0.00	0.0	---	75.2	78.5	78.5	76.7	29.701	0.00	0.00	0	0.00	5	0.0	0.00	0.0	0.000	0.212	78.3	92	75.8	83.7	21.12	 .0710	0.000	700	1	100.0	30
01/16/20	6:30 a	75.5	75.5	75.1	89	72.0	0.0	---	0.00	0.0	---	75.5	78.9	78.9	78.7	29.716	0.00	0.00	14	0.60	26	0.0	0.00	0.0	0.000	0.219	78.5	93	76.3	84.3	21.22	 .0710	0.000	702	1	100.0	30
01/16/20	7:00 a	76.3	76.4	75.5	89	72.8	0.0	---	0.00	0.0	---	76.3	79.9	79.9	80.9	29.725	0.00	0.00	42	1.81	54	0.0	0.00	0.0	0.000	0.235	79.0	93	76.8	85.4	21.23	 .0709	0.001	702	1	100.0	30
01/16/20	7:30 a	77.6	77.7	76.3	89	74.1	0.0	---	0.00	0.0	---	77.6	82.0	82.0	84.0	29.730	0.00	0.00	71	3.05	91	0.4	0.09	0.7	0.000	0.262	79.5	94	77.6	86.7	21.35	 .0708	0.000	701	1	100.0	30
01/16/20	8:00 a	78.5	78.6	77.6	89	75.0	0.0	---	0.00	0.0	---	78.5	83.6	83.6	86.9	29.741	0.00	0.00	118	5.07	348	1.1	0.24	1.5	0.000	0.281	80.1	94	78.2	88.1	21.35	 .0707	0.002	702	1	100.0	30
01/16/20	8:30 a	79.5	79.6	78.5	89	76.0	0.0	ESE	0.00	1.0	ESE	79.5	85.5	85.5	88.0	29.744	0.00	0.00	105	4.52	297	1.5	0.32	2.3	0.000	0.302	80.8	95	79.2	90.2	21.65	 .0705	0.000	702	1	100.0	30
01/16/20	9:00 a	82.0	82.0	79.4	86	77.4	1.0	SSW	0.50	3.0	SSW	82.0	90.7	90.7	92.5	29.747	0.00	0.00	88	3.78	237	2.2	0.47	2.6	0.000	0.354	81.5	93	79.3	91.6	21.28	 .0704	0.003	701	1	100.0	30
01/16/20	9:30 a	84.7	84.7	82.0	79	77.5	1.0	SSW	0.50	9.0	S	84.7	95.5	95.5	103.3	29.738	0.00	0.00	341	14.66	701	3.7	0.79	5.3	0.000	0.410	82.5	91	79.6	93.9	20.85	 .0703	0.000	703	1	100.0	30
01/16/20	10:00 a	86.4	86.4	84.7	77	78.3	2.0	S	1.00	7.0	SSE	86.4	98.9	98.9	110.8	29.747	0.00	0.00	763	32.81	842	6.1	1.31	6.9	0.000	0.446	83.6	89	80.0	96.4	19.59	 .0701	0.015	700	1	100.0	30
01/16/20	10:30 a	86.6	86.9	86.4	75	77.7	2.0	S	1.00	7.0	WSW	86.6	98.6	98.6	110.7	29.743	0.00	0.00	856	36.81	904	7.5	1.61	8.1	0.000	0.450	84.7	87	80.4	98.6	18.47	 .0699	0.000	703	1	100.0	30
01/16/20	11:00 a	87.0	87.6	86.4	73	77.3	2.0	SSW	1.00	5.0	SSE	87.0	98.8	98.8	110.9	29.731	0.00	0.00	891	38.32	921	8.5	1.82	9.0	0.000	0.458	85.4	87	81.1	100.6	18.43	 .0697	0.023	699	1	100.0	30
01/16/20	11:30 a	87.0	87.2	86.6	76	78.5	2.0	SSW	1.00	6.0	SSW	87.0	100.1	100.1	112.2	29.719	0.00	0.00	829	35.65	937	9.1	1.95	9.4	0.000	0.458	85.9	86	81.2	101.6	18.00	 .0696	0.000	702	1	100.0	30
01/16/20	12:00 p	88.0	88.1	86.7	79	80.7	2.0	ESE	1.00	6.0	SSE	88.0	103.8	103.8	116.9	29.712	0.00	0.00	940	40.43	1002	9.4	2.01	9.6	0.000	0.479	86.5	86	81.8	104.1	17.96	 .0695	0.024	701	1	100.0	30
01/16/20	12:30 p	88.5	88.5	87.4	74	79.1	2.0	SSW	1.00	6.0	E	88.5	102.9	102.9	117.5	29.700	0.00	0.00	1004	43.18	1085	9.4	2.01	10.0	0.000	0.490	87.0	84	81.6	104.7	17.17	 .0694	0.000	703	1	100.0	30
01/16/20	1:00 p	87.5	88.6	87.4	73	77.8	2.0	SSW	1.00	6.0	SSW	87.5	99.6	99.6	114.0	29.681	0.00	0.00	942	40.51	1069	8.8	1.89	9.6	0.000	0.469	87.3	83	81.5	104.9	16.76	 .0693	0.026	699	1	100.0	30
01/16/20	1:30 p	87.2	88.3	87.2	73	77.5	2.0	ESE	1.00	7.0	S	87.2	99.1	99.1	113.8	29.671	0.00	0.00	879	37.80	921	7.3	1.56	8.3	0.000	0.462	87.6	82	81.4	105.0	16.45	 .0693	0.000	701	1	100.0	30
01/16/20	2:00 p	86.8	87.4	86.4	73	77.1	2.0	ESE	1.00	9.0	SSE	86.8	98.3	98.3	112.4	29.661	0.00	0.00	755	32.47	833	6.1	1.31	7.0	0.000	0.454	87.4	82	81.2	104.5	16.45	 .0693	0.020	702	1	100.0	30
01/16/20	2:30 p	86.6	87.2	86.0	75	77.7	2.0	E	1.00	11.0	S	86.6	98.6	98.6	111.4	29.651	0.00	0.00	604	25.98	816	4.6	0.99	5.9	0.000	0.450	87.2	82	81.0	103.9	16.46	 .0693	0.000	702	1	100.0	30
01/16/20	3:00 p	86.3	87.5	86.3	73	76.6	2.0	SE	1.00	7.0	ESE	86.3	97.1	97.1	112.8	29.648	0.00	0.00	616	26.49	671	3.7	0.79	4.3	0.000	0.444	87.3	81	80.8	103.5	16.06	 .0693	0.016	702	1	100.0	30
01/16/20	3:30 p	86.4	87.2	85.9	75	77.5	2.0	SE	1.00	6.0	ESE	86.4	98.0	98.0	113.5	29.641	0.00	0.00	507	21.80	638	2.4	0.51	2.9	0.000	0.446	87.3	81	80.8	103.5	16.06	 .0693	0.000	700	1	100.0	30
01/16/20	4:00 p	85.6	86.7	85.6	76	77.2	1.0	SE	0.50	5.0	SSE	85.6	96.4	96.4	110.0	29.643	0.00	0.00	378	16.26	448	1.4	0.30	1.9	0.000	0.429	87.4	81	80.8	103.7	16.05	 .0693	0.012	701	1	100.0	30
01/16/20	4:30 p	84.2	85.8	84.2	78	76.6	1.0	NNW	0.50	4.0	SE	84.2	94.2	94.2	97.4	29.649	0.00	0.00	219	9.42	313	0.6	0.13	1.0	0.000	0.400	86.9	82	80.7	103.1	16.47	 .0694	0.000	701	1	100.0	30
01/16/20	5:00 p	83.1	84.4	83.1	82	77.0	0.0	SE	0.00	2.0	SE	83.1	92.5	92.5	92.2	29.654	0.00	0.00	51	2.19	88	0.0	0.00	0.0	0.000	0.377	85.7	85	80.7	100.4	17.61	 .0696	0.004	703	1	100.0	30
01/16/20	5:30 p	81.4	83.0	81.4	84	76.1	0.0	NNE	0.00	1.0	NNE	81.4	88.6	88.6	87.5	29.646	0.00	0.00	18	0.77	28	0.0	0.00	0.0	0.000	0.342	84.7	86	80.0	98.2	18.07	 .0697	0.000	702	1	100.0	30
01/16/20	6:00 p	80.5	81.4	80.5	86	75.9	0.0	---	0.00	0.0	---	80.5	87.0	87.0	85.4	29.652	0.00	0.00	1	0.04	5	0.0	0.00	0.0	0.000	0.323	83.9	87	79.6	96.6	18.52	 .0699	0.000	702	1	100.0	30
01/16/20	6:30 p	79.4	80.5	79.4	87	75.2	0.0	---	0.00	0.0	---	79.4	84.9	84.9	83.3	29.653	0.00	0.00	0	0.00	0	0.0	0.00	0.0	0.000	0.300	83.3	88	79.4	95.1	19.02	 .0700	0.000	699	1	100.0	30
01/16/20	7:00 p	78.7	79.5	78.7	87	74.5	0.0	---	0.00	0.0	---	78.7	83.6	83.6	82.0	29.665	0.00	0.00	0	0.00	0	0.0	0.00	0.0	0.000	0.285	82.7	88	78.8	93.3	19.08	 .0701	0.001	701	1	100.0	30
01/16/20	7:30 p	78.2	78.7	78.1	87	74.0	0.0	---	0.00	0.0	---	78.2	82.7	82.7	81.1	29.677	0.00	0.00	0	0.00	0	0.0	0.00	0.0	0.000	0.275	82.2	89	78.6	92.3	19.73	 .0702	0.000	701	1	100.0	30
01/16/20	8:00 p	77.9	78.2	77.8	88	74.1	0.0	---	0.00	0.0	---	77.9	82.4	82.4	80.8	29.684	0.00	0.00	0	0.00	0	0.0	0.00	0.0	0.000	0.269	81.9	89	78.3	91.5	19.76	 .0703	0.001	702	1	100.0	30
01/16/20	8:30 p	77.6	77.9	77.5	88	73.8	0.0	---	0.00	0.0	---	77.6	81.8	81.8	80.1	29.693	0.00	0.00	0	0.00	0	0.0	0.00	0.0	0.000	0.262	81.6	89	78.0	90.6	19.79	 .0704	0.000	703	1	100.0	30
01/16/20	9:00 p	77.5	77.6	77.4	88	73.7	0.0	---	0.00	0.0	---	77.5	81.7	81.7	80.0	29.694	0.00	0.00	0	0.00	0	0.0	0.00	0.0	0.000	0.260	81.4	90	78.2	90.4	20.34	 .0704	0.000	702	1	100.0	30
01/16/20	9:30 p	77.7	77.8	77.4	88	73.9	0.0	NNE	0.00	1.0	NNE	77.7	82.0	82.0	80.3	29.693	0.00	0.00	0	0.00	0	0.0	0.00	0.0	0.000	0.265	81.4	90	78.2	90.4	20.34	 .0704	0.000	700	1	100.0	30
01/16/20	10:00 p	77.1	77.7	77.1	88	73.3	0.0	NNE	0.00	1.0	NNE	77.1	81.0	81.0	79.3	29.696	0.00	0.00	0	0.00	0	0.0	0.00	0.0	0.000	0.252	81.0	90	77.8	89.2	20.37	 .0705	0.000	700	1	100.0	30
01/16/20	10:30 p	76.7	77.1	76.7	88	72.9	0.0	NNE	0.00	1.0	NNE	76.7	80.4	80.4	78.6	29.699	0.00	0.00	0	0.00	0	0.0	0.00	0.0	0.000	0.244	80.7	90	77.5	88.5	20.39	 .0706	0.000	701	1	100.0	30
01/16/20	11:00 p	76.6	76.8	76.5	89	73.1	0.0	---	0.00	0.0	---	76.6	80.3	80.3	78.6	29.693	0.00	0.00	0	0.00	0	0.0	0.00	0.0	0.000	0.242	80.3	90	77.1	87.5	20.43	 .0706	0.000	701	1	100.0	30
01/16/20	11:30 p	76.1	76.6	76.1	88	72.3	0.0	---	0.00	0.0	---	76.1	79.5	79.5	77.7	29.681	0.00	0.00	0	0.00	0	0.0	0.00	0.0	0.000	0.231	80.1	90	76.9	87.0	20.44	 .0706	0.000	702	1	100.0	30
01/17/20	12:00 a	75.9	76.2	75.9	89	72.4	0.0	---	0.00	0.0	---	75.9	79.3	79.3	77.5	29.675	0.00	0.00	0	0.00	0	0.0	0.00	0.0	0.000	0.227	79.8	90	76.6	86.4	20.45	 .0707	0.000	701	1	100.0	30
01/17/20	12:30 a	75.6	75.9	75.5	89	72.1	0.0	---	0.00	0.0	---	75.6	79.0	79.0	77.2	29.665	0.00	0.00	0	0.00	0	0.0	0.00	0.0	0.000	0.221	79.6	91	76.7	86.2	21.04	 .0707	0.000	700	1	100.0	30
01/17/20	1:00 a	75.4	75.7	75.3	89	71.9	0.0	---	0.00	0.0	---	75.4	78.8	78.8	77.0	29.658	0.00	0.00	0	0.00	0	0.0	0.00	0.0	0.000	0.217	79.3	91	76.4	85.6	21.04	 .0707	0.000	700	1	100.0	30
01/17/20	1:30 a	75.3	75.5	75.2	89	71.8	0.0	NNE	0.00	1.0	NNE	75.3	78.7	78.7	76.9	29.653	0.00	0.00	0	0.00	0	0.0	0.00	0.0	0.000	0.215	79.1	91	76.2	85.1	21.03	 .0708	0.000	702	1	100.0	30
01/17/20	2:00 a	75.2	75.3	75.0	89	71.7	0.0	NNE	0.00	1.0	NNE	75.2	78.5	78.5	76.7	29.645	0.00	0.00	0	0.00	0	0.0	0.00	0.0	0.000	0.212	78.9	91	76.0	84.7	21.03	 .0708	0.000	701	1	100.0	30
01/17/20	2:30 a	74.9	75.2	74.9	89	71.4	0.0	NNE	0.00	1.0	NNE	74.9	78.1	78.1	76.3	29.636	0.00	0.00	0	0.00	0	0.0	0.00	0.0	0.000	0.206	78.8	91	75.9	84.5	21.03	 .0708	0.000	701	1	100.0	30
01/17/20	3:00 a	74.8	75.0	74.7	89	71.3	0.0	---	0.00	0.0	---	74.8	77.9	77.9	76.1	29.633	0.00	0.00	0	0.00	0	0.0	0.00	0.0	0.000	0.204	78.5	91	75.7	83.9	21.02	 .0708	0.000	702	1	100.0	30
01/17/20	3:30 a	74.8	74.9	74.7	89	71.3	0.0	NNE	0.00	1.0	NNE	74.8	77.9	77.9	76.1	29.643	0.00	0.00	0	0.00	0	0.0	0.00	0.0	0.000	0.204	78.4	91	75.6	83.7	21.02	 .0709	0.000	699	1	100.0	30
01/17/20	4:00 a	74.6	74.8	74.6	89	71.1	0.0	---	0.00	0.0	---	74.6	77.5	77.5	75.7	29.652	0.00	0.00	0	0.00	0	0.0	0.00	0.0	0.000	0.200	78.3	91	75.5	83.5	21.02	 .0709	0.000	702	1	100.0	30
01/17/20	4:30 a	74.4	74.6	74.4	89	70.9	0.0	---	0.00	0.0	---	74.4	77.1	77.1	75.2	29.665	0.00	0.00	0	0.00	0	0.0	0.00	0.0	0.000	0.196	78.0	91	75.2	82.9	21.01	 .0710	0.000	700	1	100.0	30
01/17/20	5:00 a	74.4	74.5	74.2	89	70.9	0.0	---	0.00	0.0	---	74.4	77.1	77.1	75.2	29.667	0.00	0.00	0	0.00	0	0.0	0.00	0.0	0.000	0.196	77.8	91	75.0	82.6	21.01	 .0711	0.000	703	1	100.0	30
01/17/20	5:30 a	74.2	74.4	74.0	89	70.7	0.0	---	0.00	0.0	---	74.2	76.8	76.8	74.9	29.676	0.00	0.00	0	0.00	0	0.0	0.00	0.0	0.000	0.192	77.7	91	74.9	82.4	21.00	 .0711	0.000	700	1	100.0	30
01/17/20	6:00 a	74.1	74.1	73.9	89	70.6	0.0	---	0.00	0.0	---	74.1	76.6	76.6	74.7	29.682	0.00	0.00	0	0.00	5	0.0	0.00	0.0	0.000	0.190	77.6	92	75.1	82.3	21.10	 .0711	0.000	700	1	100.0	30
01/17/20	6:30 a	74.5	74.5	73.9	89	71.0	0.0	---	0.00	0.0	---	74.5	77.3	77.3	77.0	29.686	0.00	0.00	12	0.52	19	0.0	0.00	0.0	0.000	0.198	77.6	92	75.1	82.3	21.10	 .0711	0.000	702	1	100.0	30
01/17/20	7:00 a	75.3	75.3	74.4	89	71.8	0.0	---	0.00	0.0	---	75.3	78.7	78.7	79.0	29.704	0.00	0.00	27	1.16	32	0.0	0.00	0.0	0.000	0.215	78.2	92	75.7	83.5	21.11	 .0710	0.001	700	1	100.0	30
01/17/20	7:30 a	76.5	76.5	75.3	89	73.0	0.0	---	0.00	0.0	---	76.5	80.2	80.2	80.7	29.717	0.00	0.00	35	1.51	39	0.0	0.00	0.0	0.000	0.240	78.8	93	76.6	84.9	21.23	 .0709	0.000	700	1	100.0	30
01/17/20	8:00 a	77.8	77.8	76.5	89	74.3	0.0	NNE	0.00	1.0	NNE	77.8	82.3	82.3	84.0	29.723	0.00	0.00	74	3.18	309	0.6	0.13	1.5	0.000	0.267	79.4	94	77.5	86.5	21.35	 .0708	0.001	700	1	100.0	30
01/17/20	8:30 a	79.1	79.1	77.7	89	75.6	1.0	NNE	0.50	2.0	NNE	79.1	84.7	84.7	87.3	29.736	0.00	0.00	108	4.64	281	1.5	0.32	2.1	0.000	0.294	80.1	94	78.2	88.1	21.35	 .0707	0.000	703	1	100.0	30
01/17/20	9:00 a	81.9	81.9	79.1	87	77.6	1.0	SE	0.50	5.0	SSE	81.9	90.8	90.8	94.0	29.733	0.00	0.00	137	5.89	206	2.2	0.47	2.5	0.000	0.352	81.1	93	78.9	90.4	21.27	 .0705	0.003	701	1	100.0	30
01/17/20	9:30 a	85.8	85.8	81.9	75	77.0	1.0	SSE	0.50	4.0	SSE	85.8	96.5	96.5	104.5	29.728	0.00	0.00	353	15.18	935	3.8	0.81	5.8	0.000	0.433	82.3	90	79.1	92.9	20.27	 .0703	0.000	700	1	100.0	30
01/17/20	10:00 a	85.6	85.9	85.0	74	76.4	1.0	S	0.50	6.0	S	85.6	95.7	95.7	108.0	29.724	0.00	0.00	710	30.53	847	5.9	1.26	6.9	0.000	0.429	83.3	88	79.4	95.1	19.02	 .0701	0.015	701	1	100.0	30
01/17/20	10:30 a	86.5	87.5	85.6	77	78.4	1.0	SSW	0.50	4.0	SSE	86.5	99.2	99.2	111.0	29.718	0.00	0.00	836	35.95	933	7.2	1.54	8.3	0.000	0.448	84.2	86	79.6	97.0	18.10	 .0700	0.000	703	1	100.0	30
01/17/20	11:00 a	86.7	87.3	85.7	77	78.6	1.0	S	0.50	5.0	SSW	86.7	99.7	99.7	111.4	29.701	0.00	0.00	833	35.82	970	8.0	1.71	9.1	0.000	0.452	84.6	87	80.3	98.4	18.47	 .0698	0.020	701	1	100.0	30
01/17/20	11:30 a	87.2	87.7	86.6	72	77.1	2.0	SSW	1.00	7.0	SSW	87.2	98.7	98.7	111.2	29.695	0.00	0.00	790	33.97	900	9.2	1.97	9.4	0.000	0.462	85.3	86	80.6	99.8	18.03	 .0697	0.000	702	1	100.0	30
01/17/20	12:00 p	87.2	88.0	86.9	74	77.9	2.0	SE	1.00	7.0	SE	87.2	99.5	99.5	111.9	29.678	0.00	0.00	908	39.05	912	9.5	2.04	9.5	0.000	0.462	86.0	83	80.2	100.2	16.81	 .0696	0.023	701	1	100.0	30
01/17/20	12:30 p	87.6	88.0	86.8	72	77.5	2.0	SSE	1.00	7.0	SE	87.6	99.3	99.3	112.2	29.664	0.00	0.00	903	38.83	918	9.3	1.99	9.5	0.000	0.471	86.5	83	80.7	102.2	16.79	 .0695	0.000	702	1	100.0	30
01/17/20	1:00 p	87.4	88.4	87.3	72	77.3	2.0	SE	1.00	7.0	S	87.4	99.0	99.0	112.4	29.646	0.00	0.00	880	37.84	891	8.8	1.89	9.1	0.000	0.467	86.9	80	80.0	101.8	15.67	 .0694	0.024	700	1	100.0	30
01/17/20	1:30 p	87.4	88.5	87.2	72	77.3	2.0	SSE	1.00	8.0	SE	87.4	99.0	99.0	112.9	29.628	0.00	0.00	834	35.87	868	7.9	1.69	8.4	0.000	0.467	87.1	81	80.6	103.0	16.07	 .0693	0.000	702	1	100.0	30
01/17/20	2:00 p	87.5	87.7	86.8	73	77.8	2.0	SE	1.00	8.0	SE	87.5	99.6	99.6	114.0	29.617	0.00	0.00	769	33.07	800	6.6	1.41	7.2	0.000	0.469	87.2	80	80.3	102.6	15.66	 .0693	0.022	702	1	100.0	30
01/17/20	2:30 p	87.5	88.3	87.4	72	77.4	2.0	SE	1.00	7.0	SSE	87.5	99.1	99.1	114.0	29.609	0.00	0.00	692	29.76	731	5.2	1.11	5.9	0.000	0.469	87.4	80	80.5	103.0	15.65	 .0692	0.000	700	1	100.0	30
01/17/20	3:00 p	87.2	87.7	86.7	75	78.3	2.0	SE	1.00	9.0	SSE	87.2	100.0	100.0	115.4	29.605	0.00	0.00	600	25.80	649	3.8	0.81	4.5	0.000	0.462	87.3	81	80.8	103.5	16.06	 .0692	0.018	701	1	100.0	30
01/17/20	3:30 p	86.5	87.4	86.4	74	77.2	2.0	SE	1.00	8.0	SSE	86.5	97.9	97.9	113.3	29.601	0.00	0.00	501	21.55	563	2.5	0.54	3.1	0.000	0.448	87.3	82	81.1	104.2	16.46	 .0692	0.000	701	1	100.0	30
01/17/20	4:00 p	85.3	87.0	85.3	78	77.7	1.0	SE	0.50	6.0	ESE	85.3	96.4	96.4	108.9	29.594	0.00	0.00	348	14.97	455	1.4	0.30	2.0	0.000	0.423	87.1	82	80.9	103.7	16.47	 .0692	0.012	702	1	100.0	30
01/17/20	4:30 p	84.4	85.3	84.3	79	77.2	1.0	SSE	0.50	6.0	SSE	84.4	94.9	94.9	97.9	29.605	0.00	0.00	207	8.90	301	0.7	0.15	1.0	0.000	0.404	86.4	83	80.6	101.8	16.79	 .0694	0.000	701	1	100.0	30
01/17/20	5:00 p	83.2	84.4	83.1	80	76.4	1.0	ENE	0.50	4.0	SSE	83.2	92.3	92.3	91.6	29.606	0.00	0.00	39	1.68	47	0.0	0.00	0.0	0.000	0.379	85.3	84	79.9	98.8	17.24	 .0696	0.004	701	1	100.0	30
01/17/20	5:30 p	81.6	83.2	81.4	83	75.9	1.0	ESE	0.50	3.0	SE	81.6	88.8	88.8	87.6	29.612	0.00	0.00	17	0.73	26	0.0	0.00	0.0	0.000	0.346	84.4	86	79.7	97.4	18.09	 .0697	0.000	701	1	100.0	30
01/17/20	6:00 p	80.7	81.6	80.6	85	75.8	0.0	SE	0.00	2.0	SE	80.7	87.1	87.1	85.5	29.619	0.00	0.00	1	0.04	7	0.0	0.00	0.0	0.000	0.327	83.7	87	79.4	95.9	18.53	 .0698	0.000	699	1	100.0	30
01/17/20	6:30 p	80.4	80.8	80.3	85	75.5	0.0	ESE	0.00	2.0	ESE	80.4	86.5	86.5	84.9	29.634	0.00	0.00	0	0.00	0	0.0	0.00	0.0	0.000	0.321	83.3	88	79.4	95.1	19.02	 .0699	0.000	702	1	100.0	30
01/17/20	7:00 p	79.8	80.5	79.8	86	75.2	0.0	ESE	0.00	1.0	ESE	79.8	85.5	85.5	83.9	29.644	0.00	0.00	0	0.00	0	0.0	0.00	0.0	0.000	0.308	83.0	88	79.1	94.1	19.05	 .0700	0.001	700	1	100.0	30
01/17/20	7:30 p	79.1	79.8	79.1	86	74.5	0.0	ESE	0.00	1.0	ESE	79.1	84.1	84.1	82.5	29.665	0.00	0.00	0	0.00	0	0.0	0.00	0.0	0.000	0.294	82.6	88	78.7	93.0	19.09	 .0701	0.000	703	1	100.0	30
01/17/20	8:00 p	78.5	79.2	78.5	86	74.0	0.0	---	0.00	0.0	---	78.5	83.1	83.1	81.4	29.671	0.00	0.00	0	0.00	0	0.0	0.00	0.0	0.000	0.281	82.2	89	78.6	92.3	19.73	 .0702	0.001	702	1	100.0	30
01/17/20	8:30 p	78.0	78.5	78.0	87	73.8	0.0	ESE	0.00	1.0	ESE	78.0	82.4	82.4	80.7	29.672	0.00	0.00	0	0.00	0	0.0	0.00	0.0	0.000	0.271	81.8	89	78.2	91.2	19.77	 .0703	0.000	699	1	100.0	30
01/17/20	9:00 p	77.6	78.1	77.6	87	73.4	0.0	---	0.00	0.0	---	77.6	81.7	81.7	80.0	29.677	0.00	0.00	0	0.00	0	0.0	0.00	0.0	0.000	0.262	81.4	89	77.8	90.1	19.81	 .0704	0.001	702	1	100.0	30
01/17/20	9:30 p	77.6	77.6	77.4	88	73.8	0.0	---	0.00	0.0	---	77.6	81.8	81.8	80.1	29.685	0.00	0.00	0	0.00	0	0.0	0.00	0.0	0.000	0.262	81.2	90	78.0	89.8	20.35	 .0704	0.000	701	1	100.0	30
01/17/20	10:00 p	77.5	77.7	77.5	88	73.7	0.0	---	0.00	0.0	---	77.5	81.7	81.7	80.0	29.691	0.00	0.00	0	0.00	0	0.0	0.00	0.0	0.000	0.260	81.2	90	78.0	89.8	20.35	 .0704	0.000	701	1	100.0	30
01/17/20	10:30 p	77.1	77.6	77.1	88	73.3	0.0	---	0.00	0.0	---	77.1	81.0	81.0	79.3	29.692	0.00	0.00	0	0.00	0	0.0	0.00	0.0	0.000	0.252	80.7	90	77.5	88.5	20.39	 .0706	0.000	699	1	100.0	30
01/17/20	11:00 p	77.1	77.1	76.9	88	73.3	0.0	---	0.00	0.0	---	77.1	81.0	81.0	79.3	29.695	0.00	0.00	0	0.00	0	0.0	0.00	0.0	0.000	0.252	80.6	91	77.7	88.5	21.00	 .0706	0.000	700	1	100.0	30
01/17/20	11:30 p	77.0	77.2	77.0	88	73.2	0.0	---	0.00	0.0	---	77.0	80.8	80.8	79.1	29.688	0.00	0.00	0	0.00	0	0.0	0.00	0.0	0.000	0.250	80.5	91	77.6	88.3	21.01	 .0706	0.000	701	1	100.0	30
01/18/20	12:00 a	76.6	77.0	76.5	88	72.8	0.0	---	0.00	0.0	---	76.6	80.3	80.3	78.5	29.682	0.00	0.00	0	0.00	0	0.0	0.00	0.0	0.000	0.242	80.2	91	77.3	87.5	21.03	 .0706	0.000	702	1	100.0	30
01/18/20	12:30 a	76.2	76.6	76.2	88	72.4	0.0	---	0.00	0.0	---	76.2	79.7	79.7	77.9	29.669	0.00	0.00	0	0.00	0	0.0	0.00	0.0	0.000	0.233	80.0	91	77.1	87.1	21.05	 .0706	0.000	695	1	100.0	30
01/18/20	1:00 a	76.0	76.2	75.8	88	72.2	0.0	---	0.00	0.0	---	76.0	79.4	79.4	77.6	29.668	0.00	0.00	0	0.00	0	0.0	0.00	0.0	0.000	0.229	79.6	91	76.7	86.2	21.04	 .0707	0.000	700	1	100.0	30
01/18/20	1:30 a	75.5	76.0	75.5	89	72.0	0.0	---	0.00	0.0	---	75.5	78.9	78.9	77.1	29.651	0.00	0.00	0	0.00	0	0.0	0.00	0.0	0.000	0.219	79.3	91	76.4	85.6	21.04	 .0707	0.000	702	1	100.0	30
01/18/20	2:00 a	75.3	75.6	75.3	89	71.8	0.0	ESE	0.00	1.0	ESE	75.3	78.7	78.7	76.9	29.639	0.00	0.00	0	0.00	0	0.0	0.00	0.0	0.000	0.215	79.2	91	76.3	85.3	21.03	 .0707	0.000	701	1	100.0	30
01/18/20	2:30 a	75.1	75.3	75.1	89	71.6	0.0	---	0.00	0.0	---	75.1	78.4	78.4	76.6	29.640	0.00	0.00	0	0.00	0	0.0	0.00	0.0	0.000	0.210	78.9	91	76.0	84.7	21.03	 .0708	0.000	699	1	100.0	30
01/18/20	3:00 a	74.8	75.1	74.8	89	71.3	0.0	---	0.00	0.0	---	74.8	77.9	77.9	76.1	29.636	0.00	0.00	0	0.00	0	0.0	0.00	0.0	0.000	0.204	78.6	91	75.8	84.1	21.02	 .0708	0.000	702	1	100.0	30
01/18/20	3:30 a	74.5	74.9	74.5	89	71.0	0.0	---	0.00	0.0	---	74.5	77.3	77.3	75.5	29.644	0.00	0.00	0	0.00	0	0.0	0.00	0.0	0.000	0.198	78.5	91	75.7	83.9	21.02	 .0709	0.000	700	1	100.0	30
01/18/20	4:00 a	74.5	74.7	74.4	89	71.0	0.0	---	0.00	0.0	---	74.5	77.3	77.3	75.5	29.657	0.00	0.00	0	0.00	0	0.0	0.00	0.0	0.000	0.198	78.4	91	75.6	83.7	21.02	 .0709	0.000	701	1	100.0	30
01/18/20	4:30 a	74.2	74.5	74.2	89	70.7	0.0	---	0.00	0.0	---	74.2	76.8	76.8	74.9	29.666	0.00	0.00	0	0.00	0	0.0	0.00	0.0	0.000	0.192	78.2	91	75.4	83.3	21.01	 .0710	0.000	702	1	100.0	30
01/18/20	5:00 a	74.2	74.3	74.0	89	70.7	0.0	---	0.00	0.0	---	74.2	76.8	76.8	74.9	29.672	0.00	0.00	0	0.00	0	0.0	0.00	0.0	0.000	0.192	77.9	91	75.1	82.7	21.01	 .0711	0.000	702	1	100.0	30
01/18/20	5:30 a	74.1	74.2	74.0	89	70.6	0.0	---	0.00	0.0	---	74.1	76.6	76.6	74.7	29.681	0.00	0.00	0	0.00	0	0.0	0.00	0.0	0.000	0.190	77.9	91	75.1	82.7	21.01	 .0711	0.000	702	1	100.0	30
01/18/20	6:00 a	74.2	74.2	73.9	89	70.7	0.0	---	0.00	0.0	---	74.2	76.8	76.8	74.9	29.692	0.00	0.00	0	0.00	5	0.0	0.00	0.0	0.000	0.192	77.7	91	74.9	82.4	21.00	 .0711	0.000	701	1	100.0	30
01/18/20	6:30 a	74.5	74.6	74.1	89	71.0	0.0	---	0.00	0.0	---	74.5	77.3	77.3	77.0	29.694	0.00	0.00	13	0.56	21	0.0	0.00	0.0	0.000	0.198	77.9	92	75.4	82.9	21.11	 .0711	0.000	699	1	100.0	30
01/18/20	7:00 a	75.3	75.3	74.5	89	71.8	0.0	---	0.00	0.0	---	75.3	78.7	78.7	79.1	29.710	0.00	0.00	29	1.25	39	0.0	0.00	0.0	0.000	0.215	78.3	92	75.8	83.7	21.12	 .0710	0.001	700	1	100.0	30
01/18/20	7:30 a	76.3	76.3	75.3	89	72.8	0.0	ESE	0.00	1.0	ESE	76.3	79.9	79.9	80.3	29.714	0.00	0.00	33	1.42	35	0.0	0.00	0.0	0.000	0.235	78.9	93	76.7	85.1	21.23	 .0709	0.000	700	1	100.0	30
01/18/20	8:00 a	77.4	77.4	76.3	89	73.9	0.0	ESE	0.00	1.0	ESE	77.4	81.6	81.6	82.8	29.723	0.00	0.00	59	2.54	279	0.5	0.11	1.5	0.000	0.258	79.3	93	77.1	86.0	21.24	 .0708	0.001	701	1	100.0	30
01/18/20	8:30 a	78.7	78.7	77.4	89	75.2	0.0	ESE	0.00	1.0	ESE	78.7	83.9	83.9	86.6	29.732	0.00	0.00	114	4.90	315	1.3	0.28	1.8	0.000	0.285	80.1	93	77.9	87.8	21.25	 .0707	0.000	702	1	100.0	30
01/18/20	9:00 a	80.6	80.7	78.8	88	76.7	1.0	ESE	0.50	2.0	ESE	80.6	87.7	87.7	88.7	29.730	0.00	0.00	64	2.75	153	0.9	0.19	2.4	0.000	0.325	80.9	94	79.0	90.1	21.37	 .0705	0.002	701	1	100.0	30
01/18/20	9:30 a	84.1	84.1	80.6	80	77.3	1.0	SE	0.50	6.0	E	84.1	94.7	94.7	102.9	29.728	0.00	0.00	361	15.53	714	3.6	0.77	5.5	0.000	0.398	81.9	91	79.0	92.2	20.90	 .0704	0.000	700	1	100.0	30
01/18/20	10:00 a	86.2	86.2	84.0	73	76.5	2.0	SE	1.00	8.0	SSE	86.2	96.8	96.8	108.9	29.722	0.00	0.00	746	32.08	782	6.2	1.33	6.9	0.000	0.442	83.2	88	79.3	94.7	19.03	 .0702	0.015	700	1	100.0	30
01/18/20	10:30 a	85.9	87.2	85.9	76	77.5	2.0	SSE	1.00	6.0	ESE	85.9	97.1	97.1	109.5	29.714	0.00	0.00	760	32.68	868	7.0	1.50	8.0	0.000	0.435	84.2	88	80.3	97.8	18.93	 .0699	0.000	702	1	100.0	30
01/18/20	11:00 a	87.8	88.2	85.9	69	76.4	2.0	SSW	1.00	6.0	S	87.8	98.3	98.3	110.1	29.697	0.00	0.00	827	35.57	974	8.2	1.76	9.7	0.000	0.475	85.0	85	80.0	98.4	17.65	 .0698	0.020	701	1	100.0	30
01/18/20	11:30 a	87.4	88.4	87.2	73	77.7	3.0	SE	1.50	10.0	S	87.4	99.4	99.4	111.9	29.687	0.00	0.00	760	32.68	874	9.0	1.93	11.0	0.000	0.467	85.6	84	80.2	99.6	17.23	 .0697	0.000	701	1	100.0	30
01/18/20	12:00 p	88.1	88.7	87.4	75	79.2	2.0	ESE	1.00	7.0	SE	88.1	101.8	101.8	114.3	29.671	0.00	0.00	721	31.01	1102	8.6	1.84	10.9	0.000	0.481	86.1	84	80.7	101.1	17.21	 .0695	0.021	699	1	100.0	30
01/18/20	12:30 p	88.6	89.5	87.5	74	79.2	2.0	SE	1.00	10.0	SE	88.6	103.3	103.3	116.4	29.658	0.00	0.00	908	39.05	1151	9.1	1.95	10.5	0.000	0.492	86.7	84	81.3	103.5	17.18	 .0694	0.000	702	1	100.0	30
01/18/20	1:00 p	88.0	88.6	87.2	72	77.8	3.0	SE	1.50	11.0	SSE	88.0	100.0	100.0	112.5	29.644	0.00	0.00	828	35.61	1042	8.4	1.80	9.7	0.000	0.479	86.9	82	80.7	103.1	16.47	 .0694	0.023	703	1	100.0	30
01/18/20	1:30 p	86.5	88.2	85.8	76	78.0	2.0	SSE	1.00	10.0	SE	86.5	98.7	98.7	107.5	29.634	0.00	0.00	386	16.60	647	5.4	1.16	9.1	0.000	0.448	86.3	83	80.5	101.4	16.80	 .0694	0.000	701	1	100.0	30
01/18/20	2:00 p	85.9	86.5	85.3	76	77.5	2.0	SSE	1.00	8.0	SE	85.9	97.1	97.1	105.1	29.624	0.00	0.00	327	14.06	963	4.4	0.94	6.5	0.000	0.435	85.9	84	80.5	100.4	17.21	 .0695	0.011	700	1	100.0	30
01/18/20	2:30 p	86.7	87.5	85.7	73	77.0	2.0	SSE	1.00	7.0	ESE	86.7	98.0	98.0	109.6	29.620	0.00	0.00	491	21.12	751	4.5	0.96	6.3	0.000	0.452	86.4	82	80.2	101.2	16.49	 .0694	0.000	702	1	100.0	30
01/18/20	3:00 p	87.2	87.6	86.1	72	77.1	2.0	ESE	1.00	8.0	SSE	87.2	98.7	98.7	113.5	29.615	0.00	0.00	582	25.03	698	3.8	0.81	4.3	0.000	0.462	86.7	82	80.5	102.3	16.48	 .0693	0.015	701	1	100.0	30
01/18/20	3:30 p	86.1	87.3	85.6	75	77.2	2.0	ESE	1.00	7.0	SE	86.1	97.3	97.3	109.2	29.612	0.00	0.00	399	17.16	675	2.3	0.49	3.2	0.000	0.440	86.5	83	80.7	102.2	16.79	 .0693	0.000	701	1	100.0	30
01/18/20	4:00 p	85.7	86.7	85.6	75	76.9	1.0	E	0.50	7.0	ESE	85.7	96.3	96.3	109.9	29.614	0.00	0.00	377	16.21	436	1.5	0.32	1.9	0.000	0.431	86.7	82	80.5	102.3	16.48	 .0693	0.011	700	1	100.0	30
01/18/20	4:30 p	84.6	86.3	84.6	77	76.6	1.0	S	0.50	7.0	SSE	84.6	94.6	94.6	98.0	29.625	0.00	0.00	228	9.81	313	0.7	0.15	1.1	0.000	0.408	86.2	83	80.4	101.0	16.80	 .0694	0.000	701	1	100.0	30
01/18/20	5:00 p	82.6	84.7	82.6	83	76.9	1.0	ENE	0.50	6.0	S	82.6	91.4	91.4	90.8	29.631	0.00	0.00	42	1.81	54	0.0	0.00	0.0	0.000	0.367	85.1	87	80.8	99.7	18.44	 .0696	0.004	702	1	100.0	30
01/18/20	5:30 p	81.6	82.6	81.6	85	76.6	0.0	SE	0.00	2.0	SE	81.6	89.4	89.4	88.3	29.629	0.00	0.00	19	0.82	39	0.0	0.00	0.0	0.000	0.346	84.3	89	80.7	98.5	19.52	 .0697	0.000	702	1	100.0	30
01/18/20	6:00 p	81.0	81.6	80.9	85	76.1	0.0	SE	0.00	1.0	SE	81.0	87.8	87.8	86.3	29.642	0.00	0.00	0	0.00	5	0.0	0.00	0.0	0.000	0.333	83.7	90	80.5	97.0	20.15	 .0698	0.000	701	1	100.0	30
01/18/20	6:30 p	80.5	81.1	80.5	86	75.9	0.0	SE	0.00	1.0	SE	80.5	87.0	87.0	85.4	29.649	0.00	0.00	0	0.00	0	0.0	0.00	0.0	0.000	0.323	83.3	91	80.4	96.3	20.79	 .0699	0.000	702	1	100.0	30
01/18/20	7:00 p	79.8	80.6	79.8	86	75.2	0.0	SE	0.00	1.0	SE	79.8	85.5	85.5	83.9	29.660	0.00	0.00	0	0.00	0	0.0	0.00	0.0	0.000	0.308	82.9	91	80.0	95.0	20.82	 .0700	0.001	702	1	100.0	30
01/18/20	7:30 p	79.0	79.9	79.0	87	74.8	0.0	SE	0.00	1.0	SE	79.0	84.1	84.1	82.5	29.678	0.00	0.00	0	0.00	0	0.0	0.00	0.0	0.000	0.292	82.4	91	79.5	93.6	20.86	 .0701	0.000	702	1	100.0	30
01/18/20	8:00 p	78.9	79.2	78.8	87	74.7	0.0	---	0.00	0.0	---	78.9	83.9	83.9	82.3	29.684	0.00	0.00	0	0.00	0	0.0	0.00	0.0	0.000	0.290	82.2	91	79.3	93.0	20.87	 .0702	0.001	700	1	100.0	30
01/18/20	8:30 p	78.3	78.9	78.3	88	74.5	0.0	SE	0.00	1.0	SE	78.3	83.1	83.1	81.5	29.691	0.00	0.00	0	0.00	0	0.0	0.00	0.0	0.000	0.277	81.7	91	78.8	91.6	20.91	 .0703	0.000	702	1	100.0	30
01/18/20	9:00 p	77.8	78.3	77.8	88	74.0	0.0	---	0.00	0.0	---	77.8	82.2	82.2	80.5	29.690	0.00	0.00	0	0.00	0	0.0	0.00	0.0	0.000	0.267	81.4	91	78.5	90.7	20.94	 .0704	0.001	701	1	100.0	30
01/18/20	9:30 p	77.8	78.0	77.7	88	74.0	0.0	SE	0.00	1.0	SE	77.8	82.2	82.2	80.5	29.693	0.00	0.00	0	0.00	0	0.0	0.00	0.0	0.000	0.267	81.2	91	78.3	90.1	20.95	 .0704	0.000	701	1	100.0	30
01/18/20	10:00 p	77.2	77.8	77.2	88	73.4	0.0	---	0.00	0.0	---	77.2	81.2	81.2	79.5	29.699	0.00	0.00	0	0.00	0	0.0	0.00	0.0	0.000	0.254	81.0	91	78.1	89.5	20.97	 .0705	0.000	701	1	100.0	30
01/18/20	10:30 p	76.8	77.2	76.8	88	73.0	0.0	---	0.00	0.0	---	76.8	80.5	80.5	78.7	29.702	0.00	0.00	0	0.00	0	0.0	0.00	0.0	0.000	0.246	80.6	91	77.7	88.5	21.00	 .0706	0.000	700	1	100.0	30
01/18/20	11:00 p	76.5	76.8	76.5	88	72.7	0.0	SE	0.00	1.0	SE	76.5	80.1	80.1	78.3	29.697	0.00	0.00	0	0.00	0	0.0	0.00	0.0	0.000	0.240	80.2	91	77.3	87.5	21.03	 .0706	0.000	702	1	100.0	30
01/18/20	11:30 p	76.3	76.6	76.3	89	72.8	0.0	SE	0.00	1.0	SE	76.3	79.9	79.9	78.1	29.697	0.00	0.00	0	0.00	0	0.0	0.00	0.0	0.000	0.235	80.0	91	77.1	87.1	21.05	 .0707	0.000	699	1	100.0	30
01/19/20	12:00 a	76.0	76.3	76.0	88	72.2	0.0	---	0.00	0.0	---	76.0	79.4	79.4	77.6	29.692	0.00	0.00	0	0.00	0	0.0	0.00	0.0	0.000	0.229	79.7	91	76.8	86.4	21.04	 .0707	0.000	701	1	100.0	30
01/19/20	12:30 a	75.8	76.1	75.7	89	72.3	0.0	---	0.00	0.0	---	75.8	79.2	79.2	77.4	29.683	0.00	0.00	0	0.00	0	0.0	0.00	0.0	0.000	0.225	79.5	91	76.6	86.0	21.04	 .0708	0.000	699	1	100.0	30
01/19/20	1:00 a	76.0	76.0	75.7	89	72.5	0.0	---	0.00	0.0	---	76.0	79.4	79.4	77.6	29.675	0.00	0.00	0	0.00	0	0.0	0.00	0.0	0.000	0.229	79.4	92	76.9	86.0	21.14	 .0707	0.000	700	1	100.0	30
01/19/20	1:30 a	75.8	76.0	75.7	89	72.3	0.0	---	0.00	0.0	---	75.8	79.2	79.2	77.4	29.667	0.00	0.00	0	0.00	0	0.0	0.00	0.0	0.000	0.225	79.3	92	76.8	85.8	21.14	 .0707	0.000	702	1	100.0	30
01/19/20	2:00 a	75.7	75.9	75.7	89	72.2	0.0	---	0.00	0.0	---	75.7	79.1	79.1	77.3	29.658	0.00	0.00	0	0.00	0	0.0	0.00	0.0	0.000	0.223	79.2	92	76.7	85.6	21.13	 .0707	0.000	703	1	100.0	30
01/19/20	2:30 a	75.7	75.8	75.6	89	72.2	0.0	---	0.00	0.0	---	75.7	79.1	79.1	77.3	29.657	0.00	0.00	0	0.00	0	0.0	0.00	0.0	0.000	0.223	79.1	92	76.6	85.4	21.13	 .0707	0.000	702	1	100.0	30
01/19/20	3:00 a	75.8	76.0	75.7	89	72.3	0.0	---	0.00	0.0	---	75.8	79.2	79.2	77.4	29.656	0.00	0.00	0	0.00	0	0.0	0.00	0.0	0.000	0.225	79.0	92	76.5	85.1	21.13	 .0708	0.000	703	1	100.0	30
01/19/20	3:30 a	75.9	76.0	75.7	89	72.4	0.0	---	0.00	0.0	---	75.9	79.3	79.3	77.5	29.663	0.00	0.00	0	0.00	0	0.0	0.00	0.0	0.000	0.227	79.0	92	76.5	85.1	21.13	 .0708	0.000	701	1	100.0	30
01/19/20	4:00 a	75.8	76.0	75.8	89	72.3	0.0	---	0.00	0.0	---	75.8	79.2	79.2	77.4	29.665	0.00	0.00	0	0.00	0	0.0	0.00	0.0	0.000	0.225	79.1	92	76.6	85.4	21.13	 .0708	0.000	701	1	100.0	30
01/19/20	4:30 a	75.3	75.8	75.3	89	71.8	0.0	---	0.00	0.0	---	75.3	78.7	78.7	76.9	29.668	0.00	0.00	0	0.00	0	0.0	0.00	0.0	0.000	0.215	78.8	92	76.3	84.7	21.13	 .0708	0.000	701	1	100.0	30
01/19/20	5:00 a	75.2	75.4	75.1	89	71.7	0.0	---	0.00	0.0	---	75.2	78.5	78.5	76.7	29.674	0.00	0.00	0	0.00	0	0.0	0.00	0.0	0.000	0.212	78.7	92	76.2	84.5	21.12	 .0709	0.000	702	1	100.0	30
01/19/20	5:30 a	75.2	75.3	75.0	89	71.7	0.0	---	0.00	0.0	---	75.2	78.5	78.5	76.7	29.678	0.00	0.00	0	0.00	0	0.0	0.00	0.0	0.000	0.212	78.5	92	76.0	84.1	21.12	 .0709	0.000	701	1	100.0	30
01/19/20	6:00 a	75.1	75.3	75.0	89	71.6	0.0	SE	0.00	1.0	SE	75.1	78.4	78.4	76.6	29.685	0.00	0.00	0	0.00	0	0.0	0.00	0.0	0.000	0.210	78.4	92	75.9	83.9	21.12	 .0710	0.000	700	1	100.0	30
01/19/20	6:30 a	75.4	75.4	75.0	89	71.9	0.0	---	0.00	0.0	---	75.4	78.8	78.8	78.4	29.699	0.00	0.00	10	0.43	19	0.0	0.00	0.0	0.000	0.217	78.3	93	76.1	83.8	21.22	 .0710	0.000	702	1	100.0	30
01/19/20	7:00 a	76.1	76.1	75.3	89	72.6	0.0	---	0.00	0.0	---	76.1	79.6	79.6	79.9	29.708	0.00	0.00	27	1.16	32	0.0	0.00	0.0	0.000	0.231	78.7	93	76.5	84.7	21.22	 .0709	0.001	702	1	100.0	30
01/19/20	7:30 a	76.6	76.7	76.1	89	73.1	0.0	---	0.00	0.0	---	76.6	80.3	80.3	80.4	29.716	0.00	0.00	25	1.08	33	0.0	0.00	0.0	0.000	0.242	79.0	93	76.8	85.4	21.23	 .0709	0.000	702	1	100.0	30
01/19/20	8:00 a	77.6	77.7	76.6	89	74.1	0.0	---	0.00	0.0	---	77.6	82.0	82.0	83.0	29.723	0.00	0.00	54	2.32	98	0.5	0.11	1.3	0.000	0.262	79.5	94	77.6	86.7	21.35	 .0708	0.001	700	1	100.0	30
01/19/20	8:30 a	78.5	78.7	77.6	89	75.0	0.0	SE	0.00	2.0	SE	78.5	83.6	83.6	85.7	29.730	0.00	0.00	95	4.09	148	1.5	0.32	1.9	0.000	0.281	80.0	95	78.4	88.1	21.65	 .0707	0.000	700	1	100.0	30
01/19/20	9:00 a	81.0	81.0	78.4	88	77.1	1.0	SE	0.50	3.0	SE	81.0	88.6	88.6	89.5	29.717	0.00	0.00	58	2.49	127	0.5	0.11	2.4	0.000	0.333	80.8	94	78.9	89.9	21.37	 .0705	0.002	700	1	100.0	30
01/19/20	9:30 a	84.2	84.4	81.0	80	77.4	1.0	SSW	0.50	5.0	SSW	84.2	94.9	94.9	103.4	29.722	0.00	0.00	374	16.08	708	3.7	0.79	5.5	0.000	0.400	82.0	94	80.1	93.5	21.39	 .0702	0.000	703	1	100.0	30
01/19/20	10:00 a	86.2	86.7	84.3	76	77.7	2.0	SSE	1.00	5.0	SSW	86.2	97.9	97.9	110.3	29.728	0.00	0.00	716	30.79	809	6.1	1.31	7.1	0.000	0.442	83.3	91	80.4	96.3	20.79	 .0701	0.014	699	1	100.0	30
01/19/20	10:30 a	87.9	88.2	86.0	76	79.4	2.0	SSW	1.00	8.0	WSW	87.9	101.8	101.8	113.9	29.729	0.00	0.00	853	36.68	967	7.8	1.67	8.7	0.000	0.477	84.5	89	80.9	99.0	19.50	 .0699	0.000	702	1	100.0	30
01/19/20	11:00 a	86.7	88.1	86.7	76	78.2	2.0	SSW	1.00	6.0	SW	86.7	99.3	99.3	111.5	29.728	0.00	0.00	817	35.14	1005	8.1	1.74	9.6	0.000	0.452	85.6	88	81.6	101.9	18.81	 .0697	0.022	702	1	100.0	30
01/19/20	11:30 a	89.3	89.3	86.4	73	79.5	2.0	SE	1.00	8.0	ESE	89.3	105.3	105.3	117.9	29.720	0.00	0.00	759	32.64	1016	8.9	1.91	10.6	0.000	0.506	86.1	87	81.8	103.0	18.38	 .0696	0.000	701	1	100.0	30
01/19/20	12:00 p	87.4	89.3	86.7	75	78.5	2.0	SSW	1.00	7.0	SSW	87.4	100.3	100.3	111.9	29.708	0.00	0.00	848	36.47	1229	8.7	1.86	11.3	0.000	0.467	86.6	85	81.5	103.7	17.55	 .0695	0.021	703	1	100.0	30
01/19/20	12:30 p	87.1	87.4	86.1	75	78.2	1.0	SE	0.50	5.0	SE	87.1	99.8	99.8	109.2	29.697	0.00	0.00	445	19.14	684	6.1	1.31	10.8	0.000	0.460	86.3	86	81.6	103.2	17.97	 .0695	0.000	702	1	100.0	30
01/19/20	1:00 p	87.8	87.9	86.6	76	79.3	2.0	S	1.00	7.0	ESE	87.8	101.6	101.6	112.7	29.684	0.00	0.00	544	23.40	717	6.7	1.44	9.1	0.000	0.475	86.4	87	82.1	104.4	18.37	 .0694	0.015	700	1	100.0	30
01/19/20	1:30 p	88.6	89.3	87.2	75	79.7	2.0	SE	1.00	6.0	SSE	88.6	103.9	103.9	119.9	29.666	0.00	0.00	938	40.34	1158	8.2	1.76	9.8	0.000	0.492	87.6	84	82.2	106.5	17.15	 .0692	0.000	700	1	100.0	30
01/19/20	2:00 p	88.3	88.6	87.5	74	79.0	2.0	SE	1.00	7.0	WNW	88.3	102.1	102.1	117.5	29.654	0.00	0.00	810	34.83	967	6.9	1.48	8.0	0.000	0.485	87.7	84	82.3	106.8	17.14	 .0692	0.023	702	1	100.0	30
01/19/20	2:30 p	87.9	89.1	87.4	75	79.0	2.0	ESE	1.00	8.0	SSE	87.9	101.2	101.2	117.6	29.647	0.00	0.00	745	32.04	840	5.2	1.11	6.2	0.000	0.477	87.8	84	82.4	107.1	17.14	 .0691	0.000	702	1	100.0	30
01/19/20	3:00 p	87.8	88.2	87.5	74	78.5	2.0	N	1.00	8.0	SSE	87.8	100.6	100.6	117.7	29.649	0.00	0.00	660	28.38	756	4.0	0.86	4.7	0.000	0.475	87.9	83	82.1	106.6	16.73	 .0691	0.018	701	1	100.0	30
01/19/20	3:30 p	85.8	88.0	85.8	77	77.8	1.0	S	0.50	5.0	SE	85.8	97.2	97.2	108.5	29.660	0.00	0.00	379	16.30	612	2.2	0.47	3.3	0.000	0.433	87.4	83	81.6	105.2	16.75	 .0693	0.000	699	1	100.0	30
01/19/20	4:00 p	84.5	85.8	84.4	81	78.0	1.0	S	0.50	4.0	SSE	84.5	95.8	95.8	99.6	29.670	0.00	0.00	100	4.30	160	0.7	0.15	1.3	0.000	0.406	86.2	86	81.5	102.7	17.98	 .0695	0.007	702	1	100.0	30
01/19/20	4:30 p	83.9	84.7	83.9	81	77.4	1.0	S	0.50	5.0	SSE	83.9	94.5	94.5	95.3	29.671	0.00	0.00	83	3.57	102	0.1	0.02	0.5	0.000	0.394	85.5	88	81.5	101.5	18.82	 .0696	0.000	699	1	100.0	30
01/19/20	5:00 p	83.0	84.2	83.0	85	78.0	0.0	E	0.00	2.0	SE	83.0	93.1	93.1	92.9	29.681	0.00	0.00	39	1.68	67	0.0	0.00	0.0	0.000	0.375	84.9	89	81.3	100.1	19.46	 .0697	0.002	699	1	100.0	30
01/19/20	5:30 p	82.4	83.0	82.4	85	77.4	0.0	E	0.00	2.0	E	82.4	91.5	91.5	90.5	29.687	0.00	0.00	5	0.22	16	0.0	0.00	0.0	0.000	0.363	84.4	90	81.1	99.2	20.10	 .0698	0.000	702	1	100.0	30
01/19/20	6:00 p	81.8	82.4	81.7	86	77.2	0.0	E	0.00	1.0	E	81.8	90.2	90.2	89.1	29.693	0.00	0.00	0	0.00	0	0.0	0.00	0.0	0.000	0.350	84.0	91	81.1	98.5	20.73	 .0698	0.000	699	1	100.0	30
01/19/20	6:30 p	81.2	81.8	81.2	86	76.6	0.0	E	0.00	1.0	E	81.2	88.6	88.6	87.4	29.705	0.00	0.00	0	0.00	0	0.0	0.00	0.0	0.000	0.337	83.6	91	80.7	97.2	20.76	 .0699	0.000	702	1	100.0	30
01/19/20	7:00 p	81.1	81.2	81.0	87	76.9	0.0	E	0.00	1.0	E	81.1	88.6	88.6	87.4	29.716	0.00	0.00	0	0.00	0	0.0	0.00	0.0	0.000	0.335	83.5	91	80.6	96.9	20.77	 .0700	0.001	700	1	100.0	30
01/19/20	7:30 p	81.0	81.2	80.9	87	76.8	0.0	E	0.00	1.0	E	81.0	88.4	88.4	87.2	29.729	0.00	0.00	0	0.00	0	0.0	0.00	0.0	0.000	0.333	83.3	92	80.7	96.8	21.22	 .0700	0.000	700	1	100.0	30
01/19/20	8:00 p	80.5	81.0	80.5	87	76.3	0.0	E	0.00	1.0	E	80.5	87.2	87.2	86.0	29.742	0.00	0.00	0	0.00	0	0.0	0.00	0.0	0.000	0.323	83.1	92	80.5	96.1	21.21	 .0701	0.001	702	1	100.0	30
01/19/20	8:30 p	80.2	80.5	80.2	88	76.3	0.0	E	0.00	1.0	E	80.2	86.8	86.8	85.6	29.752	0.00	0.00	0	0.00	0	0.0	0.00	0.0	0.000	0.317	82.8	92	80.2	95.2	21.21	 .0702	0.000	701	1	100.0	30
01/19/20	9:00 p	79.7	80.2	79.7	88	75.8	0.0	---	0.00	0.0	---	79.7	85.7	85.7	84.4	29.752	0.00	0.00	0	0.00	0	0.0	0.00	0.0	0.000	0.306	82.5	92	79.9	94.3	21.20	 .0703	0.001	699	1	100.0	30
01/19/20	9:30 p	79.6	79.7	79.6	88	75.7	0.0	---	0.00	0.0	---	79.6	85.5	85.5	84.2	29.748	0.00	0.00	0	0.00	0	0.0	0.00	0.0	0.000	0.304	82.3	92	79.7	93.7	21.20	 .0703	0.000	702	1	100.0	30
01/19/20	10:00 p	79.4	79.7	79.4	88	75.5	0.0	---	0.00	0.0	---	79.4	85.1	85.1	83.8	29.756	0.00	0.00	0	0.00	0	0.0	0.00	0.0	0.000	0.300	82.1	93	79.9	93.5	21.29	 .0703	0.001	700	1	100.0	30
01/19/20	10:30 p	79.4	79.5	79.4	88	75.5	0.0	---	0.00	0.0	---	79.4	85.1	85.1	83.8	29.748	0.00	0.00	0	0.00	0	0.0	0.00	0.0	0.000	0.300	82.1	93	79.9	93.5	21.29	 .0703	0.000	702	1	100.0	30
01/19/20	11:00 p	79.4	79.5	79.3	88	75.5	0.0	---	0.00	0.0	---	79.4	85.1	85.1	83.8	29.756	0.00	0.00	0	0.00	0	0.0	0.00	0.0	0.000	0.300	82.0	93	79.8	93.2	21.29	 .0704	0.001	702	1	100.0	30
01/19/20	11:30 p	79.4	79.5	79.4	88	75.5	0.0	---	0.00	0.0	---	79.4	85.1	85.1	83.8	29.757	0.00	0.00	0	0.00	0	0.0	0.00	0.0	0.000	0.300	82.0	93	79.8	93.2	21.29	 .0704	0.000	699	1	100.0	30
01/20/20	12:00 a	79.5	79.6	79.4	89	76.0	0.0	---	0.00	0.0	---	79.5	85.5	85.5	84.2	29.745	0.00	0.00	0	0.00	0	0.0	0.00	0.0	0.000	0.302	82.0	93	79.8	93.2	21.29	 .0703	0.000	701	1	100.0	30
01/20/20	12:30 a	79.3	79.6	79.3	89	75.8	0.0	---	0.00	0.0	---	79.3	85.1	85.1	83.8	29.734	0.00	0.00	0	0.00	0	0.0	0.00	0.0	0.000	0.298	81.8	93	79.6	92.6	21.29	 .0703	0.000	698	1	100.0	30
01/20/20	1:00 a	79.0	79.3	78.9	89	75.5	0.0	---	0.00	0.0	---	79.0	84.5	84.5	83.2	29.713	0.00	0.00	0	0.00	0	0.0	0.00	0.0	0.000	0.292	81.6	93	79.4	91.9	21.28	 .0703	0.000	702	1	100.0	30
01/20/20	1:30 a	78.7	79.0	78.7	89	75.2	0.0	---	0.00	0.0	---	78.7	83.9	83.9	82.6	29.702	0.00	0.00	0	0.00	0	0.0	0.00	0.0	0.000	0.285	81.4	93	79.2	91.3	21.28	 .0704	0.000	702	1	100.0	30
01/20/20	2:00 a	78.5	78.8	78.5	89	75.0	0.0	---	0.00	0.0	---	78.5	83.6	83.6	82.3	29.691	0.00	0.00	0	0.00	0	0.0	0.00	0.0	0.000	0.281	81.2	93	79.0	90.7	21.27	 .0704	0.000	703	1	100.0	30
01/20/20	2:30 a	78.1	78.5	78.1	89	74.6	0.0	---	0.00	0.0	---	78.1	82.8	82.8	81.5	29.689	0.00	0.00	0	0.00	0	0.0	0.00	0.0	0.000	0.273	81.0	93	78.8	90.1	21.27	 .0704	0.000	701	1	100.0	30
01/20/20	3:00 a	77.8	78.1	77.8	89	74.3	0.0	---	0.00	0.0	---	77.8	82.3	82.3	81.0	29.684	0.00	0.00	0	0.00	0	0.0	0.00	0.0	0.000	0.267	80.7	93	78.5	89.3	21.26	 .0705	0.000	702	1	100.0	30
01/20/20	3:30 a	77.4	77.9	77.4	89	73.9	0.0	---	0.00	0.0	---	77.4	81.6	81.6	80.2	29.691	0.00	0.00	0	0.00	0	0.0	0.00	0.0	0.000	0.258	80.4	93	78.2	88.6	21.26	 .0705	0.000	700	1	100.0	30
01/20/20	4:00 a	77.1	77.4	77.0	89	73.6	0.0	---	0.00	0.0	---	77.1	81.1	81.1	79.7	29.697	0.00	0.00	0	0.00	0	0.0	0.00	0.0	0.000	0.252	80.2	93	78.0	88.1	21.25	 .0706	0.000	702	1	100.0	30
01/20/20	4:30 a	77.1	77.1	76.9	89	73.6	0.0	---	0.00	0.0	---	77.1	81.1	81.1	79.7	29.698	0.00	0.00	0	0.00	0	0.0	0.00	0.0	0.000	0.252	80.1	93	77.9	87.8	21.25	 .0706	0.000	701	1	100.0	30
01/20/20	5:00 a	77.1	77.1	76.9	89	73.6	0.0	---	0.00	0.0	---	77.1	81.1	81.1	79.7	29.720	0.00	0.00	0	0.00	0	0.0	0.00	0.0	0.000	0.252	80.0	93	77.8	87.6	21.25	 .0707	0.000	702	1	100.0	30
01/20/20	5:30 a	77.0	77.1	76.8	89	73.5	0.0	---	0.00	0.0	---	77.0	80.9	80.9	79.5	29.725	0.00	0.00	0	0.00	0	0.0	0.00	0.0	0.000	0.250	80.0	93	77.8	87.6	21.25	 .0707	0.000	701	1	100.0	30
01/20/20	6:00 a	76.8	77.0	76.7	89	73.3	0.0	---	0.00	0.0	---	76.8	80.6	80.6	79.3	29.735	0.00	0.00	1	0.04	11	0.0	0.00	0.0	0.000	0.246	79.9	93	77.7	87.4	21.25	 .0707	0.000	702	1	100.0	30
01/20/20	6:30 a	77.4	77.5	76.8	89	73.9	0.0	---	0.00	0.0	---	77.4	81.6	81.6	82.8	29.741	0.00	0.00	41	1.76	56	0.0	0.00	0.0	0.000	0.258	80.0	94	78.1	87.8	21.35	 .0707	0.000	702	1	100.0	30
01/20/20	7:00 a	77.9	78.0	77.4	89	74.4	0.0	---	0.00	0.0	---	77.9	82.5	82.5	83.4	29.757	0.00	0.00	39	1.68	47	0.0	0.00	0.0	0.000	0.269	80.3	94	78.4	88.6	21.36	 .0707	0.001	702	1	100.0	30
01/20/20	7:30 a	78.6	78.6	77.9	89	75.1	0.0	---	0.00	0.0	---	78.6	83.8	83.8	85.4	29.763	0.00	0.00	61	2.62	88	0.2	0.04	0.6	0.000	0.283	80.7	94	78.8	89.6	21.36	 .0706	0.000	702	1	100.0	30
01/20/20	8:00 a	79.7	79.7	78.6	89	76.2	0.0	E	0.00	2.0	E	79.7	85.9	85.9	89.0	29.778	0.00	0.00	112	4.82	178	0.9	0.19	1.4	0.000	0.306	81.2	94	79.3	91.0	21.37	 .0706	0.002	702	1	100.0	30
01/20/20	8:30 a	81.7	81.7	79.7	89	78.1	0.0	E	0.00	2.0	E	81.7	90.9	90.9	96.8	29.779	0.00	0.00	216	9.29	313	1.9	0.41	2.4	0.000	0.348	82.0	94	80.1	93.5	21.39	 .0704	0.000	703	1	100.0	30
01/20/20	9:00 a	84.6	84.7	81.7	83	78.9	0.0	E	0.00	3.0	ESE	84.6	96.7	96.7	102.3	29.785	0.00	0.00	224	9.63	297	2.9	0.62	3.4	0.000	0.408	83.0	94	81.1	96.8	21.41	 .0702	0.006	701	1	100.0	30
01/20/20	9:30 a	87.5	87.5	84.5	75	78.6	1.0	ESE	0.50	7.0	SE	87.5	100.5	100.5	112.1	29.793	0.00	0.00	564	24.26	949	4.8	1.03	6.5	0.000	0.469	84.7	91	81.8	100.6	20.67	 .0699	0.000	701	1	100.0	30
01/20/20	10:00 a	85.5	88.4	85.3	80	78.6	1.0	SW	0.50	5.0	SSE	85.5	97.6	97.6	108.5	29.800	0.00	0.00	532	22.88	991	4.7	1.01	6.7	0.000	0.427	89.0	92	86.4	125.3	21.33	 .0690	0.015	555	1	81.1	30
01/20/20	10:30 a	84.5	85.8	84.5	83	78.8	1.0	ESE	0.50	4.0	SSW	84.5	96.5	96.5	102.3	29.800	0.00	0.00	262	11.27	385	3.8	0.81	4.8	0.000	0.406	94.2	89	90.5	167.0	19.03	 .0679	0.000	702	1	100.0	30
01/20/20	11:00 a	84.1	84.6	83.7	84	78.7	0.0	SSE	0.00	2.0	S	84.1	96.0	96.0	99.8	29.789	0.00	0.00	183	7.87	271	3.7	0.79	4.7	0.000	0.398	94.4	88	90.3	166.0	18.64	 .0679	0.006	699	1	100.0	30
01/20/20	11:30 a	87.9	88.0	83.8	80	81.0	1.0	SW	0.50	4.0	SW	87.9	104.2	104.2	115.0	29.792	0.00	0.00	539	23.18	962	7.0	1.50	9.8	0.000	0.477	98.2	92	95.5	298.3	20.97	 .0668	0.000	695	1	100.0	30
01/20/20	12:00 p	85.7	88.0	85.7	81	79.2	1.0	SSW	0.50	6.0	SSW	85.7	98.5	98.5	108.2	29.775	0.00	0.00	470	20.21	1025	6.0	1.29	10.2	0.000	0.431	100.7	88	96.5	291.2	18.48	 .0664	0.014	700	1	100.0	30
01/20/20	12:30 p	84.1	85.6	84.1	82	78.0	1.0	SE	0.50	5.0	S	84.1	95.3	95.3	98.8	29.765	0.00	0.00	168	7.22	244	2.4	0.51	3.4	0.000	0.398	97.4	87	92.9	205.8	18.15	 .0672	0.000	702	1	100.0	30
01/20/20	1:00 p	83.6	84.4	83.4	84	78.2	0.0	SE	0.00	2.0	SSW	83.6	94.6	94.6	97.8	29.754	0.00	0.00	150	6.45	183	2.0	0.43	2.4	0.000	0.387	95.0	88	90.9	173.8	18.65	 .0677	0.004	698	1	100.0	30
01/20/20	1:30 p	83.1	83.8	83.0	86	78.5	0.0	SE	0.00	2.0	SE	83.1	93.7	93.7	95.9	29.744	0.00	0.00	107	4.60	128	1.4	0.30	1.7	0.000	0.377	93.3	88	89.2	153.1	18.62	 .0680	0.000	701	1	100.0	30
01/20/20	2:00 p	82.5	83.1	82.5	86	77.9	0.0	SE	0.00	1.0	SE	82.5	92.1	92.1	93.1	29.724	0.00	0.00	62	2.67	91	0.6	0.13	1.1	0.000	0.365	92.0	88	87.9	140.1	18.59	 .0683	0.002	703	1	100.0	30
01/20/20	2:30 p	82.2	82.6	82.1	86	77.6	0.0	ESE	0.00	3.0	NE	82.2	91.3	91.3	91.8	29.710	0.00	0.00	39	1.68	58	0.1	0.02	0.7	0.000	0.358	90.8	88	86.7	130.2	18.57	 .0685	0.000	700	1	100.0	30
01/20/20	3:00 p	81.8	82.3	81.7	86	77.2	1.0	ESE	0.50	4.0	SSE	81.8	90.2	90.2	91.6	29.717	0.00	0.00	62	2.67	88	0.5	0.11	0.8	0.000	0.350	90.1	89	86.4	126.5	18.95	 .0686	0.001	699	1	100.0	30
01/20/20	3:30 p	82.0	82.0	81.6	86	77.4	0.0	ESE	0.00	2.0	ESE	82.0	90.7	90.7	94.1	29.715	0.00	0.00	104	4.47	118	0.8	0.17	1.0	0.000	0.354	90.1	88	86.1	125.1	18.55	 .0687	0.000	700	1	100.0	30
01/20/20	4:00 p	82.1	82.2	82.0	87	77.8	0.0	ESE	0.00	1.0	ESE	82.1	91.3	91.3	94.3	29.716	0.00	0.00	82	3.53	97	0.5	0.11	0.7	0.000	0.356	90.2	88	86.2	125.8	18.55	 .0686	0.002	702	1	100.0	30
01/20/20	4:30 p	81.6	82.2	81.6	87	77.4	0.0	ESE	0.00	2.0	ESE	81.6	90.0	90.0	89.9	29.726	0.00	0.00	43	1.85	63	0.0	0.00	0.0	0.000	0.346	89.4	87	85.0	119.2	18.19	 .0689	0.000	700	1	100.0	30
01/20/20	5:00 p	81.5	81.6	81.3	88	77.6	0.0	ESE	0.00	1.0	ESE	81.5	90.0	90.0	89.5	29.733	0.00	0.00	25	1.08	30	0.0	0.00	0.0	0.000	0.344	88.3	88	84.3	113.8	18.65	 .0691	0.001	700	1	100.0	30
01/20/20	5:30 p	81.0	81.5	81.0	88	77.1	0.0	ESE	0.00	1.0	ESE	81.0	88.6	88.6	87.7	29.740	0.00	0.00	9	0.39	12	0.0	0.00	0.0	0.000	0.333	87.5	88	83.5	110.0	18.70	 .0693	0.000	700	1	100.0	30
01/20/20	6:00 p	80.5	81.0	80.5	88	76.6	0.0	---	0.00	0.0	---	80.5	87.5	87.5	86.3	29.746	0.00	0.00	0	0.00	0	0.0	0.00	0.0	0.000	0.323	86.5	88	82.5	105.6	18.76	 .0695	0.000	699	1	100.0	30
01/20/20	6:30 p	80.1	80.5	80.0	88	76.2	0.0	---	0.00	0.0	---	80.1	86.6	86.6	85.4	29.752	0.00	0.00	0	0.00	0	0.0	0.00	0.0	0.000	0.315	85.9	89	82.3	103.5	19.36	 .0696	0.000	700	1	100.0	30
01/20/20	7:00 p	79.9	80.2	79.9	88	76.0	0.0	---	0.00	0.0	---	79.9	86.1	86.1	84.9	29.760	0.00	0.00	0	0.00	0	0.0	0.00	0.0	0.000	0.310	85.4	89	81.8	101.8	19.41	 .0698	0.001	701	1	100.0	30
01/20/20	7:30 p	79.8	80.0	79.7	88	75.9	0.0	---	0.00	0.0	---	79.8	85.9	85.9	84.7	29.777	0.00	0.00	0	0.00	0	0.0	0.00	0.0	0.000	0.308	85.1	89	81.5	100.7	19.44	 .0699	0.000	695	1	100.0	30
01/20/20	8:00 p	79.7	79.9	79.7	88	75.8	0.0	---	0.00	0.0	---	79.7	85.7	85.7	84.5	29.787	0.00	0.00	0	0.00	0	0.0	0.00	0.0	0.000	0.306	84.9	89	81.3	100.1	19.46	 .0699	0.001	698	1	100.0	30
01/20/20	8:30 p	79.7	79.8	79.7	89	76.2	0.0	---	0.00	0.0	---	79.7	85.9	85.9	84.7	29.794	0.00	0.00	0	0.00	0	0.0	0.00	0.0	0.000	0.306	84.7	89	81.1	99.6	19.48	 .0700	0.000	700	1	100.0	30
01/20/20	9:00 p	79.7	79.8	79.6	88	75.8	0.0	---	0.00	0.0	---	79.7	85.7	85.7	84.5	29.802	0.00	0.00	0	0.00	0	0.0	0.00	0.0	0.000	0.306	84.5	89	80.9	99.0	19.50	 .0701	0.000	702	1	100.0	30
01/20/20	9:30 p	79.8	79.8	79.6	89	76.3	0.0	---	0.00	0.0	---	79.8	86.1	86.1	84.9	29.808	0.00	0.00	0	0.00	0	0.0	0.00	0.0	0.000	0.308	84.4	89	80.8	98.7	19.51	 .0701	0.000	700	1	100.0	30
01/20/20	10:00 p	79.7	79.9	79.6	89	76.2	0.0	---	0.00	0.0	---	79.7	85.9	85.9	84.7	29.810	0.00	0.00	0	0.00	0	0.0	0.00	0.0	0.000	0.306	84.4	89	80.8	98.7	19.51	 .0701	0.000	700	1	100.0	30
01/20/20	10:30 p	79.5	79.8	79.5	89	76.0	0.0	---	0.00	0.0	---	79.5	85.5	85.5	84.3	29.809	0.00	0.00	0	0.00	0	0.0	0.00	0.0	0.000	0.302	84.3	89	80.7	98.5	19.52	 .0701	0.000	701	1	100.0	30
01/20/20	11:00 p	79.3	79.6	79.3	89	75.8	0.0	---	0.00	0.0	---	79.3	85.1	85.1	83.9	29.805	0.00	0.00	0	0.00	0	0.0	0.00	0.0	0.000	0.298	84.0	88	80.1	97.2	18.95	 .0702	0.000	697	1	100.0	30
01/20/20	11:30 p	79.6	79.6	79.3	89	76.1	0.0	---	0.00	0.0	---	79.6	85.7	85.7	84.5	29.804	0.00	0.00	0	0.00	0	0.0	0.00	0.0	0.000	0.304	84.0	89	80.4	97.6	19.55	 .0702	0.000	701	1	100.0	30
01/21/20	12:00 a	79.2	79.9	79.2	89	75.7	0.0	ESE	0.00	6.0	NE	79.2	84.9	84.9	83.7	29.795	0.00	0.00	0	0.00	0	0.0	0.00	0.0	0.000	0.296	84.1	88	80.2	97.5	18.94	 .0701	0.000	701	1	100.0	30
01/21/20	12:30 a	77.2	79.2	77.2	88	73.4	2.0	ENE	1.00	6.0	ESE	77.2	81.2	81.2	79.9	29.795	0.56	4.97	0	0.00	0	0.0	0.00	0.0	0.000	0.254	83.3	88	79.4	95.1	19.02	 .0703	0.000	700	1	100.0	30
01/21/20	1:00 a	77.4	77.4	77.1	89	73.9	0.0	ENE	0.00	1.0	ENE	77.4	81.6	81.6	80.3	29.777	0.28	4.43	0	0.00	0	0.0	0.00	0.0	0.000	0.258	82.5	88	78.6	92.8	19.10	 .0704	0.001	700	1	100.0	30
01/21/20	1:30 a	77.6	77.8	77.3	89	74.1	1.0	ENE	0.50	6.0	SW	77.6	82.0	82.0	80.7	29.785	0.08	1.76	0	0.00	0	0.0	0.00	0.0	0.000	0.262	82.4	88	78.5	92.5	19.11	 .0705	0.000	699	1	100.0	30
01/21/20	2:00 a	75.9	77.6	75.9	89	72.4	1.0	NW	0.50	5.0	WSW	75.9	79.3	79.3	77.9	29.753	0.15	1.66	0	0.00	0	0.0	0.00	0.0	0.000	0.227	81.4	88	77.5	89.8	19.21	 .0706	0.001	703	1	100.0	30
01/21/20	2:30 a	75.9	76.1	75.8	89	72.4	1.0	WNW	0.50	2.0	WNW	75.9	79.3	79.3	77.9	29.756	0.00	0.00	0	0.00	0	0.0	0.00	0.0	0.000	0.227	80.9	89	77.4	88.7	19.86	 .0707	0.000	698	1	100.0	30
01/21/20	3:00 a	75.7	75.9	75.7	89	72.2	0.0	WNW	0.00	2.0	WNW	75.7	79.1	79.1	77.7	29.750	0.00	0.00	0	0.00	0	0.0	0.00	0.0	0.000	0.223	80.7	89	77.2	88.2	19.88	 .0707	0.000	699	1	100.0	30
01/21/20	3:30 a	75.7	75.8	75.6	89	72.2	0.0	WNW	0.00	2.0	WNW	75.7	79.1	79.1	77.7	29.751	0.00	0.00	0	0.00	0	0.0	0.00	0.0	0.000	0.223	80.5	89	77.0	87.7	19.90	 .0708	0.000	702	1	100.0	30
01/21/20	4:00 a	75.5	75.8	75.3	89	72.0	0.0	WNW	0.00	1.0	WNW	75.5	78.9	78.9	77.5	29.746	0.00	0.00	0	0.00	0	0.0	0.00	0.0	0.000	0.219	80.3	88	76.4	87.0	19.32	 .0708	0.000	703	1	100.0	30
01/21/20	4:30 a	75.1	75.5	75.1	89	71.6	0.0	WNW	0.00	1.0	WNW	75.1	78.4	78.4	77.0	29.742	0.00	0.00	0	0.00	0	0.0	0.00	0.0	0.000	0.210	80.1	88	76.2	86.6	19.34	 .0708	0.000	698	1	100.0	30
01/21/20	5:00 a	74.8	75.2	74.8	89	71.3	0.0	---	0.00	0.0	---	74.8	77.9	77.9	76.5	29.736	0.00	0.00	0	0.00	0	0.0	0.00	0.0	0.000	0.204	79.8	89	76.3	86.1	19.95	 .0709	0.000	698	1	100.0	30
01/21/20	5:30 a	75.0	75.1	74.8	89	71.5	0.0	---	0.00	0.0	---	75.0	78.3	78.3	76.9	29.746	0.00	0.00	0	0.00	0	0.0	0.00	0.0	0.000	0.208	79.6	89	76.1	85.7	19.95	 .0709	0.000	701	1	100.0	30
01/21/20	6:00 a	75.1	75.2	75.0	89	71.6	0.0	---	0.00	0.0	---	75.1	78.4	78.4	77.0	29.758	0.00	0.00	0	0.00	0	0.0	0.00	0.0	0.000	0.210	79.6	89	76.1	85.7	19.95	 .0710	0.000	701	1	100.0	30
01/21/20	6:30 a	75.5	75.5	75.0	89	72.0	0.0	---	0.00	0.0	---	75.5	78.9	78.9	78.3	29.776	0.00	0.00	7	0.30	19	0.0	0.00	0.0	0.000	0.219	79.6	89	76.1	85.7	19.95	 .0710	0.000	702	1	100.0	30
01/21/20	7:00 a	76.2	76.3	75.4	89	72.7	0.0	---	0.00	0.0	---	76.2	79.7	79.7	81.1	29.796	0.00	0.00	52	2.24	88	0.0	0.00	0.0	0.000	0.233	80.7	89	77.2	88.2	19.88	 .0708	0.001	701	1	100.0	30
01/21/20	7:30 a	77.7	77.7	76.2	89	74.2	0.0	---	0.00	0.0	---	77.7	82.1	82.1	85.1	29.805	0.00	0.00	99	4.26	104	0.2	0.04	0.5	0.000	0.265	82.7	88	78.8	93.3	19.08	 .0705	0.000	702	1	100.0	30
01/21/20	8:00 a	78.3	78.3	77.2	89	74.8	0.0	---	0.00	0.0	---	78.3	83.2	83.2	85.7	29.815	0.00	0.00	98	4.21	105	0.6	0.13	0.7	0.000	0.277	83.9	87	79.6	96.6	18.52	 .0703	0.002	701	1	100.0	30
01/21/20	8:30 a	78.7	78.7	78.2	89	75.2	0.0	---	0.00	0.0	---	78.7	83.9	83.9	85.9	29.832	0.00	0.00	91	3.91	116	0.7	0.15	0.9	0.000	0.285	84.2	87	79.9	97.4	18.50	 .0702	0.000	703	1	100.0	30
01/21/20	9:00 a	79.7	79.8	78.7	89	76.2	0.0	WNW	0.00	2.0	WNW	79.7	85.9	85.9	88.6	29.834	0.00	0.00	121	5.20	179	1.1	0.24	1.7	0.000	0.306	84.7	87	80.4	98.6	18.47	 .0701	0.003	702	1	100.0	30
01/21/20	9:30 a	80.5	80.9	79.6	89	77.0	0.0	WNW	0.00	1.0	WNW	80.5	87.7	87.7	92.5	29.830	0.00	0.00	212	9.12	295	2.2	0.47	3.1	0.000	0.323	86.1	87	81.8	103.0	18.38	 .0698	0.000	703	1	100.0	30
01/21/20	10:00 a	81.7	82.0	80.3	89	78.1	0.0	WNW	0.00	2.0	WNW	81.7	90.9	90.9	97.9	29.829	0.00	0.00	315	13.55	325	3.5	0.75	3.7	0.000	0.348	89.0	86	84.3	115.2	17.81	 .0692	0.007	702	1	100.0	30
01/21/20	10:30 a	81.9	82.4	81.6	88	78.0	0.0	WNW	0.00	2.0	WNW	81.9	91.1	91.1	97.6	29.830	0.00	0.00	296	12.73	315	3.6	0.77	3.8	0.000	0.352	90.0	86	85.2	121.7	17.75	 .0690	0.000	702	1	100.0	30
01/21/20	11:00 a	82.3	82.4	81.8	88	78.4	0.0	WNW	0.00	1.0	WNW	82.3	92.2	92.2	98.4	29.816	0.00	0.00	284	12.21	302	3.5	0.75	3.8	0.000	0.360	90.2	86	85.4	123.0	17.75	 .0690	0.007	701	1	100.0	30
01/21/20	11:30 a	82.9	83.3	81.9	86	78.3	0.0	WNW	0.00	2.0	WNW	82.9	93.2	93.2	100.3	29.804	0.00	0.00	330	14.19	376	4.2	0.90	4.7	0.000	0.373	91.4	86	86.6	131.3	17.78	 .0687	0.000	700	1	100.0	30
01/21/20	12:00 p	83.1	83.8	82.4	84	77.8	1.0	SSE	0.50	4.0	SSE	83.1	93.1	93.1	100.7	29.796	0.00	0.00	354	15.22	454	4.5	0.96	5.7	0.000	0.377	92.3	85	87.1	136.1	17.40	 .0685	0.009	702	1	100.0	30
01/21/20	12:30 p	82.0	83.3	81.4	86	77.4	0.0	E	0.00	3.0	WSW	82.0	90.7	90.7	94.1	29.790	0.00	0.00	164	7.05	329	2.1	0.45	3.7	0.000	0.354	91.5	85	86.3	130.1	17.38	 .0686	0.000	702	1	100.0	30
01/21/20	1:00 p	81.5	82.1	81.1	87	77.3	0.0	WNW	0.00	2.0	WSW	81.5	89.7	89.7	93.3	29.781	0.00	0.00	167	7.18	221	2.1	0.45	2.8	0.000	0.344	89.8	83	83.9	116.4	16.66	 .0691	0.004	703	1	100.0	30
01/21/20	1:30 p	81.8	82.1	81.4	87	77.5	0.0	WNW	0.00	2.0	WNW	81.8	90.5	90.5	94.2	29.764	0.00	0.00	165	7.10	183	2.1	0.45	2.3	0.000	0.350	81.8	83	76.1	89.3	16.98	 .0707	0.000	701	1	100.0	30
01/21/20	2:00 p	82.5	82.5	81.6	87	78.2	0.0	WNW	0.00	1.0	WNW	82.5	92.4	92.4	96.7	29.745	0.00	0.00	174	7.48	244	1.9	0.41	2.5	0.000	0.365	78.0	85	73.1	82.1	18.03	 .0714	0.004	701	1	100.0	30
01/21/20	2:30 p	82.1	82.9	81.8	85	77.1	0.0	WNW	0.00	2.0	WSW	82.1	90.7	90.7	97.4	29.743	0.00	0.00	245	10.54	265	2.4	0.51	2.7	0.000	0.356	76.2	87	72.0	79.6	18.98	 .0717	0.000	700	1	100.0	30
01/21/20	3:00 p	82.8	82.9	82.1	85	77.8	0.0	SW	0.00	2.0	WSW	82.8	92.6	92.6	98.2	29.734	0.00	0.00	183	7.87	214	1.7	0.36	2.1	0.000	0.371	75.3	88	71.5	78.6	19.54	 .0718	0.006	702	1	100.0	30
01/21/20	3:30 p	81.8	82.8	81.5	86	77.2	0.0	SW	0.00	1.0	SW	81.8	90.2	90.2	94.1	29.738	0.00	0.00	118	5.07	153	0.9	0.19	1.3	0.000	0.350	74.7	89	71.2	77.7	19.95	 .0719	0.000	701	1	100.0	30
01/21/20	4:00 p	81.1	81.8	81.1	87	76.9	0.0	SW	0.00	1.0	SW	81.1	88.6	88.6	89.7	29.741	0.00	0.00	40	1.72	62	0.0	0.00	0.5	0.000	0.335	74.2	89	70.7	76.8	19.95	 .0720	0.002	699	1	100.0	30
01/21/20	4:30 p	78.5	81.1	78.4	87	74.3	1.0	NE	0.50	3.0	ENE	78.5	83.2	83.2	82.3	29.754	0.02	0.08	12	0.52	14	0.0	0.00	0.0	0.000	0.281	73.9	88	70.1	76.2	19.51	 .0721	0.000	702	1	100.0	30
01/21/20	5:00 p	77.6	78.6	77.6	87	73.4	1.0	N	0.50	4.0	N	77.6	81.7	81.7	80.6	29.757	0.01	0.04	5	0.22	11	0.0	0.00	0.0	0.000	0.262	73.3	88	69.5	75.6	19.48	 .0722	0.000	698	1	100.0	30
01/21/20	5:30 p	77.4	77.6	77.2	87	73.2	0.0	NNE	0.00	2.0	N	77.4	81.4	81.4	80.2	29.761	0.02	0.08	1	0.04	5	0.0	0.00	0.0	0.000	0.258	73.0	89	69.6	75.4	19.95	 .0723	0.000	701	1	100.0	30
01/21/20	6:00 p	77.1	77.4	77.1	88	73.3	0.0	NNE	0.00	1.0	NNE	77.1	81.0	81.0	79.8	29.774	0.00	0.00	0	0.00	0	0.0	0.00	0.0	0.000	0.252	72.9	89	69.5	75.3	19.95	 .0723	0.000	701	1	100.0	30
01/21/20	6:30 p	76.9	77.1	76.8	88	73.1	0.0	NNE	0.00	1.0	NNE	76.9	80.7	80.7	79.5	29.786	0.00	0.00	0	0.00	0	0.0	0.00	0.0	0.000	0.248	72.8	89	69.4	75.2	19.95	 .0724	0.000	703	1	100.0	30
01/21/20	7:00 p	76.9	76.9	76.7	88	73.1	0.0	WSW	0.00	3.0	WSW	76.9	80.7	80.7	79.5	29.800	0.00	0.00	0	0.00	0	0.0	0.00	0.0	0.000	0.248	72.8	89	69.4	75.2	19.95	 .0724	0.000	700	1	100.0	30
01/21/20	7:30 p	77.2	77.3	76.9	88	73.4	0.0	SSE	0.00	4.0	SSE	77.2	81.2	81.2	80.0	29.821	0.00	0.00	0	0.00	0	0.0	0.00	0.0	0.000	0.254	72.8	89	69.4	75.2	19.95	 .0725	0.000	701	1	100.0	30
01/21/20	8:00 p	77.2	77.3	77.1	88	73.4	0.0	SSE	0.00	1.0	SSE	77.2	81.2	81.2	80.0	29.818	0.00	0.00	0	0.00	0	0.0	0.00	0.0	0.000	0.254	72.8	89	69.4	75.2	19.95	 .0725	0.001	700	1	100.0	30
01/21/20	8:30 p	76.9	77.2	76.9	89	73.4	0.0	SSE	0.00	1.0	SSE	76.9	80.8	80.8	79.6	29.829	0.00	0.00	0	0.00	0	0.0	0.00	0.0	0.000	0.248	72.8	89	69.4	75.2	19.95	 .0725	0.000	703	1	100.0	30
01/21/20	9:00 p	77.0	77.0	76.8	89	73.5	0.0	SSE	0.00	2.0	SSE	77.0	80.9	80.9	79.7	29.838	0.00	0.00	0	0.00	0	0.0	0.00	0.0	0.000	0.250	72.7	89	69.3	75.0	19.95	 .0725	0.000	697	1	100.0	30
01/21/20	9:30 p	76.8	77.0	76.6	89	73.3	0.0	SSE	0.00	1.0	SSE	76.8	80.6	80.6	79.4	29.852	0.00	0.00	0	0.00	0	0.0	0.00	0.0	0.000	0.246	72.7	89	69.3	75.0	19.95	 .0726	0.000	702	1	100.0	30
01/21/20	10:00 p	76.5	76.9	76.4	89	73.0	0.0	SSE	0.00	1.0	SSE	76.5	80.2	80.2	79.0	29.846	0.00	0.00	0	0.00	0	0.0	0.00	0.0	0.000	0.240	72.8	89	69.4	75.2	19.95	 .0725	0.000	702	1	100.0	30
01/21/20	10:30 p	76.6	76.7	76.4	89	73.1	0.0	SSE	0.00	1.0	SSE	76.6	80.3	80.3	79.1	29.833	0.00	0.00	0	0.00	0	0.0	0.00	0.0	0.000	0.242	72.7	89	69.3	75.0	19.95	 .0725	0.000	699	1	100.0	30
01/21/20	11:00 p	76.6	76.8	76.5	89	73.1	0.0	---	0.00	0.0	---	76.6	80.3	80.3	79.1	29.829	0.00	0.00	0	0.00	0	0.0	0.00	0.0	0.000	0.242	72.7	89	69.3	75.0	19.95	 .0725	0.000	703	1	100.0	30
01/21/20	11:30 p	76.5	76.7	76.5	89	73.0	0.0	ESE	0.00	3.0	ESE	76.5	80.2	80.2	79.0	29.832	0.01	0.00	0	0.00	0	0.0	0.00	0.0	0.000	0.240	72.7	89	69.3	75.0	19.95	 .0725	0.000	701	1	100.0	30
01/22/20	12:00 a	76.5	76.7	76.4	89	73.0	0.0	ESE	0.00	2.0	ESE	76.5	80.2	80.2	79.0	29.826	0.00	0.00	0	0.00	0	0.0	0.00	0.0	0.000	0.240	72.7	89	69.3	75.0	19.95	 .0725	0.000	702	1	100.0	30
01/22/20	12:30 a	76.1	76.6	76.1	89	72.6	0.0	ESE	0.00	2.0	ESE	76.1	79.6	79.6	78.3	29.794	0.01	0.00	0	0.00	0	0.0	0.00	0.0	0.000	0.231	72.7	89	69.3	75.0	19.95	 .0724	0.000	698	1	100.0	30
01/22/20	1:00 a	76.1	76.3	76.1	89	72.6	0.0	ESE	0.00	2.0	ESE	76.1	79.6	79.6	78.3	29.794	0.00	0.00	0	0.00	0	0.0	0.00	0.0	0.000	0.231	72.7	89	69.3	75.0	19.95	 .0724	0.000	703	1	100.0	30
01/22/20	1:30 a	76.0	76.1	75.9	89	72.5	0.0	ESE	0.00	1.0	ESE	76.0	79.4	79.4	78.1	29.790	0.00	0.00	0	0.00	0	0.0	0.00	0.0	0.000	0.229	72.6	89	69.2	74.9	19.95	 .0724	0.000	699	1	100.0	30
01/22/20	2:00 a	76.0	76.0	75.8	89	72.5	0.0	---	0.00	0.0	---	76.0	79.4	79.4	78.1	29.793	0.00	0.00	0	0.00	0	0.0	0.00	0.0	0.000	0.229	72.7	89	69.3	75.0	19.95	 .0724	0.000	700	1	100.0	30
01/22/20	2:30 a	76.0	76.1	75.9	89	72.5	0.0	ESE	0.00	1.0	ESE	76.0	79.4	79.4	78.1	29.785	0.00	0.00	0	0.00	0	0.0	0.00	0.0	0.000	0.229	72.7	89	69.3	75.0	19.95	 .0724	0.000	701	1	100.0	30
01/22/20	3:00 a	76.0	76.1	75.9	89	72.5	0.0	---	0.00	0.0	---	76.0	79.4	79.4	78.1	29.784	0.00	0.00	0	0.00	0	0.0	0.00	0.0	0.000	0.229	72.8	89	69.4	75.2	19.95	 .0724	0.000	700	1	100.0	30
01/22/20	3:30 a	76.0	76.1	75.8	89	72.5	0.0	---	0.00	0.0	---	76.0	79.4	79.4	78.1	29.780	0.00	0.00	0	0.00	0	0.0	0.00	0.0	0.000	0.229	72.6	89	69.2	74.9	19.95	 .0724	0.000	699	1	100.0	30
01/22/20	4:00 a	76.0	76.1	75.9	89	72.5	0.0	---	0.00	0.0	---	76.0	79.4	79.4	78.1	29.774	0.00	0.00	0	0.00	0	0.0	0.00	0.0	0.000	0.229	72.8	89	69.4	75.2	19.95	 .0724	0.000	701	1	100.0	30
01/22/20	4:30 a	75.8	76.1	75.8	89	72.3	0.0	---	0.00	0.0	---	75.8	79.2	79.2	77.9	29.777	0.00	0.00	0	0.00	0	0.0	0.00	0.0	0.000	0.225	72.7	89	69.3	75.0	19.95	 .0724	0.000	700	1	100.0	30
01/22/20	5:00 a	75.5	75.8	75.5	89	72.0	0.0	---	0.00	0.0	---	75.5	78.9	78.9	77.6	29.785	0.00	0.00	0	0.00	0	0.0	0.00	0.0	0.000	0.219	72.7	89	69.3	75.0	19.95	 .0724	0.000	699	1	100.0	30
01/22/20	5:30 a	75.2	75.5	75.2	89	71.7	0.0	---	0.00	0.0	---	75.2	78.5	78.5	77.2	29.793	0.00	0.00	0	0.00	0	0.0	0.00	0.0	0.000	0.212	72.7	89	69.3	75.0	19.95	 .0724	0.000	701	1	100.0	30
01/22/20	6:00 a	75.0	75.3	75.0	89	71.5	0.0	---	0.00	0.0	---	75.0	78.3	78.3	77.0	29.798	0.00	0.00	0	0.00	0	0.0	0.00	0.0	0.000	0.208	72.8	89	69.4	75.2	19.95	 .0724	0.000	700	1	100.0	30
01/22/20	6:30 a	75.1	75.1	74.9	89	71.6	0.0	---	0.00	0.0	---	75.1	78.4	78.4	78.0	29.804	0.00	0.00	11	0.47	26	0.0	0.00	0.0	0.000	0.210	72.7	89	69.3	75.0	19.95	 .0725	0.000	699	1	100.0	30
01/22/20	7:00 a	76.0	76.0	75.1	89	72.5	0.0	---	0.00	0.0	---	76.0	79.4	79.4	80.9	29.808	0.00	0.00	54	2.32	86	0.0	0.00	0.0	0.000	0.229	72.7	89	69.3	75.0	19.95	 .0725	0.001	698	1	100.0	30
01/22/20	7:30 a	76.9	77.0	76.0	89	73.4	0.0	---	0.00	0.0	---	76.9	80.8	80.8	82.7	29.813	0.00	0.00	70	3.01	83	0.5	0.11	0.8	0.000	0.248	72.7	89	69.3	75.0	19.95	 .0725	0.000	698	1	100.0	30
01/22/20	8:00 a	77.6	77.6	76.9	89	74.1	0.0	---	0.00	0.0	---	77.6	82.0	82.0	84.3	29.814	0.00	0.00	91	3.91	334	1.0	0.21	1.6	0.000	0.262	72.6	89	69.2	74.9	19.95	 .0725	0.002	698	1	100.0	30
01/22/20	8:30 a	78.9	79.0	77.5	90	75.7	0.0	---	0.00	0.0	---	78.9	84.5	84.5	89.6	29.819	0.00	0.00	195	8.39	320	1.8	0.39	2.3	0.000	0.290	72.6	89	69.2	74.9	19.95	 .0725	0.000	702	1	100.0	30
01/22/20	9:00 a	79.9	80.1	78.9	89	76.4	0.0	---	0.00	0.0	---	79.9	86.4	86.4	92.9	29.825	0.00	0.00	267	11.48	292	2.5	0.54	2.7	0.000	0.310	72.6	89	69.2	74.9	19.95	 .0725	0.006	699	1	100.0	30
01/22/20	9:30 a	81.3	81.5	79.8	89	77.7	0.0	---	0.00	0.0	---	81.3	89.8	89.8	97.4	29.823	0.00	0.00	333	14.32	466	3.3	0.71	4.4	0.000	0.340	72.6	89	69.2	74.9	19.95	 .0725	0.000	700	1	100.0	30
01/22/20	10:00 a	82.0	82.9	81.0	82	76.0	0.0	---	0.00	0.0	---	82.0	89.5	89.5	98.4	29.818	0.00	0.00	417	17.93	751	5.1	1.09	7.3	0.000	0.354	72.6	89	69.2	74.9	19.95	 .0725	0.010	701	1	100.0	30
01/22/20	10:30 a	84.1	84.2	81.6	77	76.1	0.0	SSW	0.00	3.0	SSW	84.1	93.6	93.6	104.2	29.800	0.00	0.00	532	22.88	828	6.5	1.39	8.5	0.000	0.398	72.6	89	69.2	74.9	19.95	 .0725	0.000	702	1	100.0	30
01/22/20	11:00 a	85.0	85.6	84.2	80	78.1	1.0	SSW	0.50	3.0	SW	85.0	96.4	96.4	107.4	29.795	0.00	0.00	558	24.00	954	7.4	1.59	10.8	0.000	0.417	72.6	89	69.2	74.9	19.95	 .0725	0.015	700	1	100.0	30
01/22/20	11:30 a	84.6	85.6	84.5	76	76.2	1.0	SSW	0.50	5.0	SW	84.6	94.2	94.2	105.7	29.781	0.00	0.00	614	26.41	791	7.7	1.65	10.3	0.000	0.408	72.6	89	69.2	74.9	19.95	 .0724	0.000	702	1	100.0	30
01/22/20	12:00 p	86.3	86.5	84.5	77	78.2	2.0	SSE	1.00	7.0	WSW	86.3	98.6	98.6	111.5	29.774	0.00	0.00	936	40.25	1185	10.1	2.16	11.7	0.000	0.444	72.6	89	69.2	74.9	19.95	 .0724	0.020	700	1	100.0	30
01/22/20	12:30 p	85.4	86.9	85.4	75	76.6	2.0	SSW	1.00	8.0	WSW	85.4	95.6	95.6	108.0	29.770	0.00	0.00	877	37.72	1174	9.6	2.06	11.1	0.000	0.425	72.6	89	69.2	74.9	19.95	 .0724	0.000	701	1	100.0	30
01/22/20	1:00 p	85.3	85.7	84.9	78	77.7	1.0	SW	0.50	6.0	S	85.3	96.4	96.4	107.9	29.749	0.00	0.00	583	25.07	846	7.6	1.63	9.5	0.000	0.423	72.6	89	69.2	74.9	19.95	 .0723	0.020	700	1	100.0	30
01/22/20	1:30 p	85.9	86.2	84.3	76	77.5	1.0	SW	0.50	5.0	SSW	85.9	97.1	97.1	109.3	29.732	0.00	0.00	634	27.27	809	7.4	1.59	9.3	0.000	0.435	72.6	89	69.2	74.9	19.95	 .0723	0.000	701	1	100.0	30
01/22/20	2:00 p	85.0	86.2	85.0	74	75.8	2.0	SSW	1.00	6.0	SSW	85.0	94.3	94.3	108.2	29.726	0.00	0.00	747	32.13	1025	6.9	1.48	8.8	0.000	0.417	72.7	89	69.3	75.0	19.95	 .0723	0.019	699	1	100.0	30
01/22/20	2:30 p	84.4	85.0	84.3	77	76.4	1.0	S	0.50	4.0	SSW	84.4	94.2	94.2	103.6	29.715	0.00	0.00	363	15.61	522	4.0	0.86	5.4	0.000	0.404	72.6	89	69.2	74.9	19.95	 .0723	0.000	698	1	100.0	30
01/22/20	3:00 p	84.3	85.1	84.3	77	76.3	1.0	S	0.50	5.0	SSW	84.3	94.0	94.0	104.9	29.708	0.00	0.00	403	17.33	844	3.3	0.71	5.1	0.000	0.402	72.6	89	69.2	74.9	19.95	 .0722	0.011	699	1	100.0	30
01/22/20	3:30 p	85.2	85.2	84.2	76	76.8	1.0	S	0.50	5.0	SW	85.2	95.4	95.4	108.2	29.705	0.00	0.00	422	18.15	708	2.5	0.54	3.7	0.000	0.421	72.6	89	69.2	74.9	19.95	 .0722	0.000	701	1	100.0	30
01/22/20	4:00 p	84.5	85.5	84.5	74	75.3	2.0	SSW	1.00	5.0	SSE	84.5	93.3	93.3	109.9	29.705	0.00	0.00	449	19.31	587	1.7	0.36	2.3	0.000	0.406	72.6	89	69.2	74.9	19.95	 .0722	0.012	698	1	100.0	30
01/22/20	4:30 p	83.0	84.8	83.0	79	75.8	1.0	SW	0.50	4.0	SSE	83.0	91.4	91.4	95.5	29.713	0.00	0.00	266	11.44	352	0.8	0.17	1.2	0.000	0.375	72.6	89	69.2	74.9	19.95	 .0723	0.000	702	1	100.0	30
01/22/20	5:00 p	81.1	83.1	81.1	83	75.4	0.0	SSE	0.00	3.0	SSE	81.1	87.5	87.5	86.7	29.720	0.00	0.00	34	1.46	58	0.0	0.00	0.0	0.000	0.335	72.6	89	69.2	74.9	19.95	 .0723	0.004	697	1	100.0	30
01/22/20	5:30 p	80.2	81.2	80.2	85	75.3	0.0	SE	0.00	1.0	SE	80.2	86.0	86.0	84.8	29.726	0.00	0.00	16	0.69	30	0.0	0.00	0.0	0.000	0.317	72.4	89	69.0	74.6	19.95	 .0723	0.000	701	1	100.0	30
01/22/20	6:00 p	79.1	80.2	79.1	86	74.5	0.0	---	0.00	0.0	---	79.1	84.1	84.1	82.5	29.732	0.00	0.00	1	0.04	5	0.0	0.00	0.0	0.000	0.294	72.4	89	69.0	74.6	19.95	 .0723	0.000	699	1	100.0	30
01/22/20	6:30 p	78.2	79.2	78.2	87	74.0	0.0	---	0.00	0.0	---	78.2	82.7	82.7	81.1	29.738	0.00	0.00	0	0.00	0	0.0	0.00	0.0	0.000	0.275	72.2	89	68.8	74.4	19.95	 .0724	0.000	703	1	100.0	30
01/22/20	7:00 p	78.3	78.3	78.0	87	74.1	0.0	---	0.00	0.0	---	78.3	82.9	82.9	81.3	29.758	0.00	0.00	0	0.00	0	0.0	0.00	0.0	0.000	0.277	72.2	89	68.8	74.4	19.95	 .0724	0.001	701	1	100.0	30
01/22/20	7:30 p	78.2	78.3	78.1	88	74.4	0.0	---	0.00	0.0	---	78.2	82.9	82.9	81.3	29.771	0.00	0.00	0	0.00	0	0.0	0.00	0.0	0.000	0.275	72.2	89	68.8	74.4	19.95	 .0725	0.000	702	1	100.0	30
01/22/20	8:00 p	78.2	78.2	78.0	88	74.4	0.0	---	0.00	0.0	---	78.2	82.9	82.9	81.3	29.782	0.00	0.00	0	0.00	0	0.0	0.00	0.0	0.000	0.275	72.1	89	68.7	74.2	19.95	 .0725	0.001	698	1	100.0	30
01/22/20	8:30 p	77.9	78.2	77.9	88	74.1	0.0	---	0.00	0.0	---	77.9	82.4	82.4	80.8	29.789	0.00	0.00	0	0.00	0	0.0	0.00	0.0	0.000	0.269	72.2	89	68.8	74.4	19.95	 .0725	0.000	702	1	100.0	30
01/22/20	9:00 p	78.0	78.1	77.8	88	74.2	0.0	---	0.00	0.0	---	78.0	82.5	82.5	80.9	29.806	0.00	0.00	0	0.00	0	0.0	0.00	0.0	0.000	0.271	72.2	89	68.8	74.4	19.95	 .0726	0.000	700	1	100.0	30
01/22/20	9:30 p	77.8	78.1	77.8	88	74.0	0.0	---	0.00	0.0	---	77.8	82.2	82.2	80.5	29.813	0.00	0.00	0	0.00	0	0.0	0.00	0.0	0.000	0.267	72.2	89	68.8	74.4	19.95	 .0726	0.000	700	1	100.0	30
01/22/20	10:00 p	77.8	78.0	77.5	88	74.0	1.0	N	0.50	5.0	N	77.8	82.2	82.2	80.5	29.816	0.00	0.00	0	0.00	0	0.0	0.00	0.0	0.000	0.267	72.1	89	68.7	74.2	19.95	 .0726	0.001	699	1	100.0	30
01/22/20	10:30 p	78.0	78.0	77.5	87	73.8	1.0	N	0.50	7.0	N	78.0	82.4	82.4	80.7	29.805	0.00	0.00	0	0.00	0	0.0	0.00	0.0	0.000	0.271	72.1	89	68.7	74.2	19.95	 .0726	0.000	698	1	100.0	30
01/22/20	11:00 p	77.5	78.1	77.5	87	73.3	0.0	NW	0.00	1.0	NW	77.5	81.6	81.6	79.9	29.801	0.00	0.00	0	0.00	0	0.0	0.00	0.0	0.000	0.260	72.1	89	68.7	74.2	19.95	 .0726	0.001	701	1	100.0	30
01/22/20	11:30 p	76.8	77.5	76.8	88	73.0	0.0	---	0.00	0.0	---	76.8	80.5	80.5	78.7	29.805	0.00	0.00	0	0.00	0	0.0	0.00	0.0	0.000	0.246	72.2	89	68.8	74.4	19.95	 .0726	0.000	701	1	100.0	30
01/23/20	12:00 a	76.8	76.9	76.7	88	73.0	0.0	---	0.00	0.0	---	76.8	80.5	80.5	78.7	29.795	0.00	0.00	0	0.00	0	0.0	0.00	0.0	0.000	0.246	72.2	89	68.8	74.4	19.95	 .0725	0.001	700	1	100.0	30
01/23/20	12:30 a	76.3	76.8	76.3	88	72.5	0.0	---	0.00	0.0	---	76.3	79.8	79.8	78.0	29.784	0.00	0.00	0	0.00	0	0.0	0.00	0.0	0.000	0.235	72.1	89	68.7	74.2	19.95	 .0725	0.000	698	1	100.0	30
01/23/20	1:00 a	76.3	76.4	76.2	88	72.5	0.0	---	0.00	0.0	---	76.3	79.8	79.8	78.0	29.775	0.00	0.00	0	0.00	0	0.0	0.00	0.0	0.000	0.235	72.2	89	68.8	74.4	19.95	 .0725	0.000	700	1	100.0	30
01/23/20	1:30 a	76.3	76.5	76.2	89	72.8	0.0	---	0.00	0.0	---	76.3	79.9	79.9	78.1	29.763	0.00	0.00	0	0.00	0	0.0	0.00	0.0	0.000	0.235	72.2	89	68.8	74.4	19.95	 .0725	0.000	700	1	100.0	30
01/23/20	2:00 a	76.3	76.4	76.1	89	72.8	0.0	---	0.00	0.0	---	76.3	79.9	79.9	78.1	29.763	0.00	0.00	0	0.00	0	0.0	0.00	0.0	0.000	0.235	72.2	89	68.8	74.4	19.95	 .0725	0.000	703	1	100.0	30
01/23/20	2:30 a	76.3	76.5	76.3	89	72.8	0.0	---	0.00	0.0	---	76.3	79.9	79.9	78.1	29.756	0.00	0.00	0	0.00	0	0.0	0.00	0.0	0.000	0.235	72.2	89	68.8	74.4	19.95	 .0724	0.000	700	1	100.0	30
01/23/20	3:00 a	76.7	76.8	76.3	89	73.2	0.0	W	0.00	2.0	NW	76.7	80.5	80.5	78.8	29.753	0.00	0.00	0	0.00	0	0.0	0.00	0.0	0.000	0.244	72.2	89	68.8	74.4	19.95	 .0724	0.000	702	1	100.0	30
01/23/20	3:30 a	76.8	76.9	76.7	89	73.3	0.0	W	0.00	1.0	W	76.8	80.6	80.6	78.9	29.757	0.00	0.00	0	0.00	0	0.0	0.00	0.0	0.000	0.246	72.2	89	68.8	74.4	19.95	 .0724	0.000	701	1	100.0	30
01/23/20	4:00 a	76.5	76.9	76.5	89	73.0	0.0	---	0.00	0.0	---	76.5	80.2	80.2	78.5	29.743	0.00	0.00	0	0.00	0	0.0	0.00	0.0	0.000	0.240	72.3	89	68.9	74.5	19.95	 .0724	0.000	701	1	100.0	30
01/23/20	4:30 a	76.4	76.6	76.2	89	72.9	0.0	---	0.00	0.0	---	76.4	80.0	80.0	78.2	29.739	0.00	0.00	0	0.00	0	0.0	0.00	0.0	0.000	0.238	72.3	89	68.9	74.5	19.95	 .0724	0.000	701	1	100.0	30
01/23/20	5:00 a	76.2	76.4	76.1	89	72.7	0.0	---	0.00	0.0	---	76.2	79.7	79.7	77.9	29.757	0.00	0.00	0	0.00	0	0.0	0.00	0.0	0.000	0.233	72.3	89	68.9	74.5	19.95	 .0724	0.000	697	1	100.0	30
01/23/20	5:30 a	76.4	76.4	76.2	89	72.9	0.0	---	0.00	0.0	---	76.4	80.0	80.0	78.2	29.767	0.00	0.00	0	0.00	0	0.0	0.00	0.0	0.000	0.238	72.3	89	68.9	74.5	19.95	 .0724	0.000	703	1	100.0	30
01/23/20	6:00 a	76.4	76.6	76.3	89	72.9	0.0	---	0.00	0.0	---	76.4	80.0	80.0	78.2	29.774	0.00	0.00	0	0.00	0	0.0	0.00	0.0	0.000	0.238	72.3	89	68.9	74.5	19.95	 .0725	0.000	700	1	100.0	30
01/23/20	6:30 a	76.7	76.7	76.4	89	73.2	0.0	---	0.00	0.0	---	76.7	80.5	80.5	79.9	29.790	0.00	0.00	5	0.22	9	0.0	0.00	0.0	0.000	0.244	72.5	89	69.1	74.8	19.95	 .0725	0.000	701	1	100.0	30
01/23/20	7:00 a	76.7	76.8	76.5	89	73.2	0.0	---	0.00	0.0	---	76.7	80.5	80.5	80.2	29.801	0.00	0.00	13	0.56	18	0.0	0.00	0.0	0.000	0.244	72.4	89	69.0	74.6	19.95	 .0725	0.000	701	1	100.0	30
01/23/20	7:30 a	76.9	77.2	76.7	89	73.4	0.0	---	0.00	0.0	---	76.9	80.8	80.8	82.1	29.801	0.00	0.00	57	2.45	81	0.0	0.00	0.0	0.000	0.248	72.3	89	68.9	74.5	19.95	 .0725	0.000	700	1	100.0	30
01/23/20	8:00 a	77.4	77.5	76.9	89	73.9	0.0	---	0.00	0.0	---	77.4	81.6	81.6	82.4	29.817	0.00	0.00	49	2.11	77	0.0	0.00	0.0	0.000	0.258	72.4	89	69.0	74.6	19.95	 .0726	0.001	701	1	100.0	30
01/23/20	8:30 a	78.3	78.3	77.2	89	74.8	0.0	---	0.00	0.0	---	78.3	83.2	83.2	85.1	29.829	0.00	0.00	89	3.83	151	0.7	0.15	1.4	0.000	0.277	72.4	89	69.0	74.6	19.95	 .0726	0.000	703	1	100.0	30
01/23/20	9:00 a	79.9	79.9	78.2	89	76.4	0.0	---	0.00	0.0	---	79.9	86.4	86.4	91.8	29.828	0.00	0.00	222	9.55	422	2.1	0.45	3.4	0.000	0.310	72.4	89	69.0	74.6	19.95	 .0726	0.004	701	1	100.0	30
01/23/20	9:30 a	81.5	81.7	79.9	84	76.2	1.0	NW	0.50	5.0	ENE	81.5	88.8	88.8	96.6	29.826	0.00	0.00	345	14.84	577	3.6	0.77	4.5	0.000	0.344	72.4	89	69.0	74.6	19.95	 .0726	0.000	700	1	100.0	30
01/23/20	10:00 a	84.5	84.5	81.4	80	77.6	1.0	SSW	0.50	4.0	WSW	84.5	95.4	95.4	106.9	29.820	0.00	0.00	584	25.12	1162	6.2	1.33	9.0	0.000	0.406	72.5	89	69.1	74.8	19.95	 .0725	0.013	702	1	100.0	30
01/23/20	10:30 a	83.3	85.1	83.1	78	75.7	2.0	SE	1.00	9.0	SSE	83.3	91.9	91.9	104.2	29.819	0.00	0.00	719	30.92	1201	6.9	1.48	9.2	0.000	0.381	72.4	89	69.0	74.6	19.95	 .0726	0.000	700	1	100.0	30
01/23/20	11:00 a	84.0	85.3	83.0	78	76.4	1.0	ESE	0.50	4.0	ESE	84.0	93.8	93.8	105.4	29.805	0.00	0.00	617	26.53	1185	7.6	1.63	11.1	0.000	0.396	72.5	89	69.1	74.8	19.95	 .0725	0.018	702	1	100.0	30
01/23/20	11:30 a	83.4	84.7	83.4	77	75.4	1.0	SSW	0.50	5.0	SW	83.4	91.8	91.8	101.7	29.795	0.00	0.00	497	21.37	696	7.5	1.61	12.0	0.000	0.383	72.5	89	69.1	74.8	19.95	 .0725	0.000	699	1	100.0	30
01/23/20	12:00 p	83.5	85.8	83.3	79	76.3	2.0	SSW	1.00	6.0	S	83.5	92.8	92.8	104.2	29.786	0.00	0.00	599	25.76	1336	8.1	1.74	12.4	0.000	0.385	72.6	89	69.2	74.9	19.95	 .0724	0.017	701	1	100.0	30
01/23/20	12:30 p	80.8	83.5	80.8	83	75.2	0.0	SE	0.00	2.0	S	80.8	86.9	86.9	88.9	29.782	0.00	0.00	114	4.90	192	1.8	0.39	3.2	0.000	0.329	72.7	89	69.3	75.0	19.95	 .0724	0.000	700	1	100.0	30
01/23/20	1:00 p	80.9	81.0	80.5	84	75.6	0.0	SSE	0.00	4.0	SSE	80.9	87.3	87.3	90.0	29.764	0.00	0.00	136	5.85	195	2.0	0.43	2.7	0.000	0.331	72.6	89	69.2	74.9	19.95	 .0724	0.003	700	1	100.0	30
01/23/20	1:30 p	80.4	81.3	80.2	84	75.1	0.0	SE	0.00	2.0	SE	80.4	86.2	86.2	89.0	29.752	0.00	0.00	134	5.76	165	1.8	0.39	2.2	0.000	0.321	72.6	89	69.2	74.9	19.95	 .0724	0.000	702	1	100.0	30
01/23/20	2:00 p	80.8	80.9	80.3	84	75.5	0.0	SE	0.00	2.0	SE	80.8	87.1	87.1	90.1	29.743	0.00	0.00	133	5.72	149	1.7	0.36	1.9	0.000	0.329	72.4	89	69.0	74.6	19.95	 .0724	0.004	700	1	100.0	30
01/23/20	2:30 p	80.7	81.0	80.3	85	75.8	0.0	SE	0.00	2.0	SE	80.7	87.1	87.1	89.9	29.733	0.00	0.00	113	4.86	130	1.3	0.28	1.4	0.000	0.327	72.4	89	69.0	74.6	19.95	 .0723	0.000	699	1	100.0	30
01/23/20	3:00 p	81.0	81.2	80.5	85	76.1	0.0	SE	0.00	4.0	ESE	81.0	87.8	87.8	91.9	29.718	0.00	0.00	141	6.06	186	1.4	0.30	1.8	0.000	0.333	72.4	89	69.0	74.6	19.95	 .0723	0.003	702	1	100.0	30
01/23/20	3:30 p	82.0	82.0	80.3	84	76.7	0.0	SE	0.00	3.0	E	82.0	90.1	90.1	96.5	29.724	0.00	0.00	187	8.04	278	1.3	0.28	1.5	0.000	0.354	72.4	89	69.0	74.6	19.95	 .0723	0.000	702	1	100.0	30
01/23/20	4:00 p	81.0	82.0	80.8	84	75.7	0.0	S	0.00	4.0	SSE	81.0	87.5	87.5	92.6	29.727	0.00	0.00	135	5.81	230	0.9	0.19	1.4	0.000	0.333	72.3	89	68.9	74.5	19.95	 .0723	0.004	702	1	100.0	30
01/23/20	4:30 p	80.1	81.1	80.0	84	74.8	0.0	S	0.00	3.0	SSE	80.1	85.6	85.6	86.6	29.735	0.00	0.00	106	4.56	130	0.5	0.11	0.6	0.000	0.315	72.3	89	68.9	74.5	19.95	 .0724	0.000	701	1	100.0	30
01/23/20	5:00 p	80.3	80.6	80.0	86	75.7	0.0	E	0.00	2.0	E	80.3	86.5	86.5	86.4	29.736	0.00	0.00	55	2.37	79	0.0	0.00	0.0	0.000	0.319	72.4	89	69.0	74.6	19.95	 .0723	0.002	700	1	100.0	30
01/23/20	5:30 p	79.4	80.4	79.4	86	74.8	0.0	E	0.00	1.0	E	79.4	84.7	84.7	83.7	29.742	0.00	0.00	18	0.77	35	0.0	0.00	0.0	0.000	0.300	72.4	89	69.0	74.6	19.95	 .0724	0.000	699	1	100.0	30
01/23/20	6:00 p	78.4	79.4	78.4	87	74.2	0.0	---	0.00	0.0	---	78.4	83.1	83.1	81.7	29.753	0.00	0.00	0	0.00	0	0.0	0.00	0.0	0.000	0.279	72.4	89	69.0	74.6	19.95	 .0724	0.000	700	1	100.0	30
01/23/20	6:30 p	77.7	78.4	77.7	87	73.5	0.0	E	0.00	1.0	E	77.7	81.9	81.9	80.4	29.763	0.00	0.00	0	0.00	0	0.0	0.00	0.0	0.000	0.265	72.4	89	69.0	74.6	19.95	 .0724	0.000	702	1	100.0	30
01/23/20	7:00 p	77.4	77.7	77.4	88	73.6	0.0	---	0.00	0.0	---	77.4	81.5	81.5	80.0	29.781	0.00	0.00	0	0.00	0	0.0	0.00	0.0	0.000	0.258	72.3	90	69.2	74.6	20.45	 .0725	0.001	702	1	100.0	30
01/23/20	7:30 p	77.1	77.5	77.1	88	73.3	0.0	---	0.00	0.0	---	77.1	81.0	81.0	79.5	29.785	0.00	0.00	0	0.00	0	0.0	0.00	0.0	0.000	0.252	72.4	89	69.0	74.6	19.95	 .0725	0.000	700	1	100.0	30
01/23/20	8:00 p	77.0	77.2	77.0	88	73.2	0.0	---	0.00	0.0	---	77.0	80.8	80.8	79.3	29.784	0.00	0.00	0	0.00	0	0.0	0.00	0.0	0.000	0.250	72.4	89	69.0	74.6	19.95	 .0725	0.000	699	1	100.0	30
01/23/20	8:30 p	76.9	77.1	76.9	88	73.1	0.0	---	0.00	0.0	---	76.9	80.7	80.7	79.2	29.795	0.00	0.00	0	0.00	0	0.0	0.00	0.0	0.000	0.248	72.4	89	69.0	74.6	19.95	 .0725	0.000	702	1	100.0	30
01/23/20	9:00 p	76.9	77.0	76.9	88	73.1	0.0	---	0.00	0.0	---	76.9	80.7	80.7	79.2	29.802	0.00	0.00	0	0.00	0	0.0	0.00	0.0	0.000	0.248	72.4	89	69.0	74.6	19.95	 .0725	0.000	701	1	100.0	30
01/23/20	9:30 p	76.9	77.0	76.8	88	73.1	0.0	---	0.00	0.0	---	76.9	80.7	80.7	79.2	29.808	0.00	0.00	0	0.00	0	0.0	0.00	0.0	0.000	0.248	72.4	89	69.0	74.6	19.95	 .0725	0.000	701	1	100.0	30
01/23/20	10:00 p	76.8	76.9	76.7	88	73.0	0.0	---	0.00	0.0	---	76.8	80.5	80.5	79.0	29.809	0.00	0.00	0	0.00	0	0.0	0.00	0.0	0.000	0.246	72.4	89	69.0	74.6	19.95	 .0725	0.000	700	1	100.0	30
01/23/20	10:30 p	76.6	76.8	76.6	89	73.1	0.0	---	0.00	0.0	---	76.6	80.3	80.3	78.8	29.812	0.00	0.00	0	0.00	0	0.0	0.00	0.0	0.000	0.242	72.4	89	69.0	74.6	19.95	 .0725	0.000	698	1	100.0	30
01/23/20	11:00 p	76.1	76.6	76.1	89	72.6	0.0	---	0.00	0.0	---	76.1	79.6	79.6	78.1	29.809	0.00	0.00	0	0.00	0	0.0	0.00	0.0	0.000	0.231	72.4	89	69.0	74.6	19.95	 .0725	0.000	699	1	100.0	30
01/23/20	11:30 p	75.8	76.1	75.8	89	72.3	0.0	---	0.00	0.0	---	75.8	79.2	79.2	77.7	29.804	0.00	0.00	0	0.00	0	0.0	0.00	0.0	0.000	0.225	72.4	89	69.0	74.6	19.95	 .0725	0.000	702	1	100.0	30
01/24/20	12:00 a	75.8	75.8	75.7	89	72.3	0.0	---	0.00	0.0	---	75.8	79.2	79.2	77.7	29.791	0.00	0.00	0	0.00	0	0.0	0.00	0.0	0.000	0.225	72.4	89	69.0	74.6	19.95	 .0725	0.000	702	1	100.0	30
01/24/20	12:30 a	75.7	75.8	75.6	89	72.2	0.0	---	0.00	0.0	---	75.7	79.1	79.1	77.6	29.784	0.00	0.00	0	0.00	0	0.0	0.00	0.0	0.000	0.223	72.4	89	69.0	74.6	19.95	 .0725	0.000	698	1	100.0	30
01/24/20	1:00 a	75.7	75.8	75.6	89	72.2	0.0	---	0.00	0.0	---	75.7	79.1	79.1	77.6	29.776	0.00	0.00	0	0.00	0	0.0	0.00	0.0	0.000	0.223	72.4	89	69.0	74.6	19.95	 .0724	0.000	700	1	100.0	30
01/24/20	1:30 a	75.5	75.7	75.5	89	72.0	0.0	---	0.00	0.0	---	75.5	78.9	78.9	77.4	29.766	0.00	0.00	0	0.00	0	0.0	0.00	0.0	0.000	0.219	72.4	89	69.0	74.6	19.95	 .0724	0.000	697	1	100.0	30
01/24/20	2:00 a	75.6	75.7	75.4	89	72.1	0.0	---	0.00	0.0	---	75.6	79.0	79.0	77.5	29.763	0.00	0.00	0	0.00	0	0.0	0.00	0.0	0.000	0.221	72.4	89	69.0	74.6	19.95	 .0724	0.000	701	1	100.0	30
01/24/20	2:30 a	75.4	75.6	75.3	89	71.9	0.0	---	0.00	0.0	---	75.4	78.8	78.8	77.2	29.754	0.00	0.00	0	0.00	0	0.0	0.00	0.0	0.000	0.217	72.3	89	68.9	74.5	19.95	 .0724	0.000	699	1	100.0	30
01/24/20	3:00 a	74.9	75.4	74.9	89	71.4	0.0	---	0.00	0.0	---	74.9	78.1	78.1	76.5	29.741	0.00	0.00	0	0.00	0	0.0	0.00	0.0	0.000	0.206	72.4	89	69.0	74.6	19.95	 .0724	0.000	698	1	100.0	30
01/24/20	3:30 a	74.7	75.0	74.7	89	71.2	0.0	---	0.00	0.0	---	74.7	77.7	77.7	76.1	29.741	0.00	0.00	0	0.00	0	0.0	0.00	0.0	0.000	0.202	72.4	89	69.0	74.6	19.95	 .0724	0.000	702	1	100.0	30
01/24/20	4:00 a	74.2	74.7	74.2	89	70.7	0.0	---	0.00	0.0	---	74.2	76.8	76.8	75.2	29.748	0.00	0.00	0	0.00	0	0.0	0.00	0.0	0.000	0.192	72.4	89	69.0	74.6	19.95	 .0724	0.000	700	1	100.0	30
01/24/20	4:30 a	74.7	74.8	74.2	89	71.2	0.0	---	0.00	0.0	---	74.7	77.7	77.7	76.1	29.756	0.00	0.00	0	0.00	0	0.0	0.00	0.0	0.000	0.202	72.4	89	69.0	74.6	19.95	 .0724	0.000	699	1	100.0	30
01/24/20	5:00 a	75.1	75.2	74.7	89	71.6	0.0	---	0.00	0.0	---	75.1	78.4	78.4	76.8	29.761	0.00	0.00	0	0.00	0	0.0	0.00	0.0	0.000	0.210	72.4	89	69.0	74.6	19.95	 .0724	0.000	701	1	100.0	30
01/24/20	5:30 a	75.0	75.3	75.0	89	71.5	0.0	---	0.00	0.0	---	75.0	78.3	78.3	76.7	29.764	0.00	0.00	0	0.00	0	0.0	0.00	0.0	0.000	0.208	72.4	89	69.0	74.6	19.95	 .0724	0.000	701	1	100.0	30
01/24/20	6:00 a	74.6	75.0	74.6	89	71.1	0.0	---	0.00	0.0	---	74.6	77.5	77.5	75.9	29.770	0.00	0.00	0	0.00	0	0.0	0.00	0.0	0.000	0.200	72.3	89	68.9	74.5	19.95	 .0725	0.000	701	1	100.0	30
01/24/20	6:30 a	74.8	74.9	74.6	89	71.3	0.0	---	0.00	0.0	---	74.8	77.9	77.9	77.6	29.780	0.00	0.00	12	0.52	21	0.0	0.00	0.0	0.000	0.204	72.4	89	69.0	74.6	19.95	 .0725	0.000	700	1	100.0	30
01/24/20	7:00 a	75.7	75.7	74.8	89	72.2	0.0	---	0.00	0.0	---	75.7	79.1	79.1	79.4	29.795	0.00	0.00	27	1.16	32	0.0	0.00	0.0	0.000	0.223	72.4	89	69.0	74.6	19.95	 .0725	0.001	702	1	100.0	30
01/24/20	7:30 a	76.3	76.3	75.6	89	72.8	0.0	---	0.00	0.0	---	76.3	79.9	79.9	80.4	29.809	0.00	0.00	36	1.55	42	0.0	0.00	0.0	0.000	0.235	72.4	89	69.0	74.6	19.95	 .0725	0.000	701	1	100.0	30
01/24/20	8:00 a	77.1	77.1	76.2	89	73.6	0.0	---	0.00	0.0	---	77.1	81.1	81.1	82.2	29.823	0.00	0.00	57	2.45	149	0.3	0.06	1.4	0.000	0.252	72.3	89	68.9	74.5	19.95	 .0726	0.001	701	1	100.0	30
01/24/20	8:30 a	78.5	78.5	77.1	89	75.0	0.0	---	0.00	0.0	---	78.5	83.6	83.6	88.5	29.833	0.00	0.00	192	8.26	355	1.9	0.41	2.3	0.000	0.281	72.4	89	69.0	74.6	19.95	 .0726	0.000	700	1	100.0	30
01/24/20	9:00 a	80.0	80.5	78.1	87	75.8	0.0	SSE	0.00	4.0	SE	80.0	86.1	86.1	87.7	29.842	0.00	0.00	86	3.70	188	2.4	0.51	2.8	0.000	0.313	72.4	89	69.0	74.6	19.95	 .0726	0.004	699	1	100.0	30
01/24/20	9:30 a	83.3	83.3	80.1	81	76.9	1.0	SSW	0.50	4.0	S	83.3	92.8	92.8	100.1	29.845	0.00	0.00	318	13.68	749	3.9	0.84	5.9	0.000	0.381	72.4	89	69.0	74.6	19.95	 .0726	0.000	699	1	100.0	30
01/24/20	10:00 a	85.0	85.2	83.3	76	76.6	2.0	SW	1.00	5.0	S	85.0	95.0	95.0	106.4	29.841	0.00	0.00	782	33.63	803	6.7	1.44	7.4	0.000	0.417	72.4	89	69.0	74.6	19.95	 .0726	0.015	702	1	100.0	30
01/24/20	10:30 a	85.9	85.9	84.9	76	77.5	1.0	S	0.50	5.0	SSW	85.9	97.1	97.1	108.7	29.828	0.00	0.00	837	36.00	853	8.1	1.74	8.6	0.000	0.435	72.4	89	69.0	74.6	19.95	 .0726	0.000	702	1	100.0	30
01/24/20	11:00 a	85.9	86.2	85.4	76	77.5	2.0	SSW	1.00	6.0	SSE	85.9	97.1	97.1	108.9	29.821	0.00	0.00	880	37.84	905	9.3	1.99	9.8	0.000	0.435	72.4	89	69.0	74.6	19.95	 .0726	0.023	700	1	100.0	30
01/24/20	11:30 a	86.2	86.8	85.6	74	76.9	2.0	SSW	1.00	6.0	SW	86.2	97.2	97.2	108.5	29.808	0.00	0.00	858	36.90	925	10.1	2.16	10.3	0.000	0.442	72.4	89	69.0	74.6	19.95	 .0725	0.000	700	1	100.0	30
01/24/20	12:00 p	86.5	86.8	86.1	75	77.6	1.0	SE	0.50	5.0	S	86.5	98.3	98.3	111.0	29.799	0.00	0.00	929	39.95	933	10.4	2.23	10.5	0.000	0.448	72.4	90	69.3	74.7	20.45	 .0725	0.024	700	1	100.0	30
01/24/20	12:30 p	86.1	86.8	86.0	75	77.2	2.0	SE	1.00	8.0	SE	86.1	97.3	97.3	110.5	29.789	0.00	0.00	928	39.91	940	10.3	2.21	10.4	0.000	0.440	72.4	90	69.3	74.7	20.45	 .0725	0.000	700	1	100.0	30
01/24/20	1:00 p	86.8	87.7	85.8	75	77.9	2.0	S	1.00	6.0	SSE	86.8	99.1	99.1	114.0	29.780	0.00	0.00	969	41.67	1035	9.3	1.99	10.2	0.000	0.454	72.4	90	69.3	74.7	20.45	 .0724	0.024	703	1	100.0	30
01/24/20	1:30 p	85.4	86.9	85.3	77	77.4	2.0	SE	1.00	11.0	SSE	85.4	96.3	96.3	108.2	29.766	0.00	0.00	722	31.05	1136	7.1	1.52	9.7	0.000	0.425	72.4	90	69.3	74.7	20.45	 .0724	0.000	701	1	100.0	30
01/24/20	2:00 p	86.0	86.3	84.9	75	77.1	2.0	SSE	1.00	11.0	SSE	86.0	97.0	97.0	110.8	29.743	0.00	0.00	734	31.57	1074	6.5	1.39	8.5	0.000	0.438	72.4	90	69.3	74.7	20.45	 .0723	0.019	701	1	100.0	30
01/24/20	2:30 p	85.8	86.3	85.1	74	76.5	2.0	SE	1.00	10.0	SE	85.8	96.2	96.2	112.2	29.736	0.00	0.00	732	31.48	766	5.7	1.22	6.5	0.000	0.433	72.3	90	69.2	74.6	20.45	 .0723	0.000	700	1	100.0	30
01/24/20	3:00 p	85.0	85.8	84.9	76	76.6	2.0	SE	1.00	9.0	SE	85.0	95.0	95.0	113.2	29.733	0.00	0.00	698	30.02	722	4.3	0.92	5.0	0.000	0.417	72.3	90	69.2	74.6	20.45	 .0723	0.019	699	1	100.0	30
01/24/20	3:30 p	84.4	85.4	84.3	78	76.8	2.0	SE	1.00	11.0	SE	84.4	94.5	94.5	109.5	29.728	0.00	0.00	486	20.90	613	2.7	0.58	3.3	0.000	0.404	72.3	90	69.2	74.6	20.45	 .0723	0.000	702	1	100.0	30
01/24/20	4:00 p	84.3	84.6	83.8	78	76.7	1.0	SSE	0.50	7.0	SSE	84.3	94.4	94.4	108.8	29.725	0.00	0.00	394	16.94	503	1.7	0.36	2.1	0.000	0.402	72.3	90	69.2	74.6	20.45	 .0723	0.012	699	1	100.0	30
01/24/20	4:30 p	83.3	84.3	83.3	80	76.5	1.0	SSE	0.50	4.0	NNE	83.3	92.5	92.5	96.9	29.734	0.00	0.00	274	11.78	403	0.8	0.17	1.2	0.000	0.381	72.3	90	69.2	74.6	20.45	 .0723	0.000	702	1	100.0	30
01/24/20	5:00 p	81.9	83.3	81.9	83	76.2	0.0	NW	0.00	3.0	E	81.9	89.5	89.5	88.9	29.743	0.00	0.00	44	1.89	77	0.0	0.00	0.5	0.000	0.352	72.2	90	69.1	74.5	20.45	 .0724	0.004	701	1	100.0	30
01/24/20	5:30 p	80.7	81.9	80.7	85	75.8	0.0	SW	0.00	1.0	SW	80.7	87.1	87.1	86.0	29.753	0.00	0.00	20	0.86	30	0.0	0.00	0.0	0.000	0.327	72.2	90	69.1	74.5	20.45	 .0724	0.000	700	1	100.0	30
01/24/20	6:00 p	79.9	80.7	79.8	86	75.3	0.0	SW	0.00	1.0	SW	79.9	85.6	85.6	84.1	29.757	0.00	0.00	2	0.09	11	0.0	0.00	0.0	0.000	0.310	72.2	90	69.1	74.5	20.45	 .0724	0.000	701	1	100.0	30
01/24/20	6:30 p	79.1	79.9	79.0	87	74.9	0.0	---	0.00	0.0	---	79.1	84.3	84.3	82.7	29.771	0.00	0.00	0	0.00	0	0.0	0.00	0.0	0.000	0.294	72.2	90	69.1	74.5	20.45	 .0725	0.000	703	1	100.0	30
01/24/20	7:00 p	78.6	79.1	78.6	87	74.4	0.0	---	0.00	0.0	---	78.6	83.4	83.4	81.8	29.783	0.00	0.00	0	0.00	0	0.0	0.00	0.0	0.000	0.283	72.2	90	69.1	74.5	20.45	 .0725	0.001	699	1	100.0	30
01/24/20	7:30 p	78.5	78.6	78.4	88	74.6	0.0	---	0.00	0.0	---	78.5	83.4	83.4	81.8	29.793	0.00	0.00	0	0.00	0	0.0	0.00	0.0	0.000	0.281	72.2	90	69.1	74.5	20.45	 .0725	0.000	699	1	100.0	30
01/24/20	8:00 p	78.1	78.6	78.1	88	74.3	0.0	---	0.00	0.0	---	78.1	82.7	82.7	81.1	29.802	0.00	0.00	0	0.00	0	0.0	0.00	0.0	0.000	0.273	72.2	90	69.1	74.5	20.45	 .0725	0.001	702	1	100.0	30
01/24/20	8:30 p	77.7	78.1	77.7	88	73.9	0.0	---	0.00	0.0	---	77.7	82.0	82.0	80.3	29.810	0.00	0.00	0	0.00	0	0.0	0.00	0.0	0.000	0.265	72.2	90	69.1	74.5	20.45	 .0726	0.000	702	1	100.0	30
01/24/20	9:00 p	77.4	77.7	77.4	88	73.6	0.0	---	0.00	0.0	---	77.4	81.5	81.5	79.8	29.818	0.00	0.00	0	0.00	0	0.0	0.00	0.0	0.000	0.258	72.2	90	69.1	74.5	20.45	 .0726	0.000	701	1	100.0	30
01/24/20	9:30 p	77.1	77.5	77.1	88	73.3	0.0	---	0.00	0.0	---	77.1	81.0	81.0	79.3	29.826	0.00	0.00	0	0.00	0	0.0	0.00	0.0	0.000	0.252	72.2	90	69.1	74.5	20.45	 .0726	0.000	701	1	100.0	30
01/24/20	10:00 p	77.2	77.3	77.1	88	73.4	0.0	---	0.00	0.0	---	77.2	81.2	81.2	79.5	29.830	0.00	0.00	0	0.00	0	0.0	0.00	0.0	0.000	0.254	72.1	90	69.0	74.3	20.45	 .0726	0.000	702	1	100.0	30
01/24/20	10:30 p	77.3	77.3	77.2	88	73.5	0.0	---	0.00	0.0	---	77.3	81.3	81.3	79.6	29.828	0.00	0.00	0	0.00	0	0.0	0.00	0.0	0.000	0.256	72.2	90	69.1	74.5	20.45	 .0726	0.000	701	1	100.0	30
01/24/20	11:00 p	77.4	77.5	77.2	89	73.9	0.0	---	0.00	0.0	---	77.4	81.6	81.6	79.9	29.825	0.00	0.00	0	0.00	0	0.0	0.00	0.0	0.000	0.258	72.2	90	69.1	74.5	20.45	 .0726	0.000	703	1	100.0	30
01/24/20	11:30 p	77.3	77.5	77.2	89	73.8	0.0	---	0.00	0.0	---	77.3	81.4	81.4	79.7	29.818	0.00	0.00	0	0.00	0	0.0	0.00	0.0	0.000	0.256	72.2	90	69.1	74.5	20.45	 .0726	0.000	701	1	100.0	30
01/25/20	12:00 a	77.4	77.5	77.2	89	73.9	0.0	---	0.00	0.0	---	77.4	81.6	81.6	79.9	29.810	0.00	0.00	0	0.00	0	0.0	0.00	0.0	0.000	0.258	72.2	90	69.1	74.5	20.45	 .0726	0.000	702	1	100.0	30
01/25/20	12:30 a	77.6	77.7	77.3	89	74.1	0.0	---	0.00	0.0	---	77.6	82.0	82.0	80.4	29.807	0.00	0.00	0	0.00	0	0.0	0.00	0.0	0.000	0.262	72.2	90	69.1	74.5	20.45	 .0725	0.000	698	1	100.0	30
01/25/20	1:00 a	77.5	77.7	77.5	89	74.0	0.0	---	0.00	0.0	---	77.5	81.8	81.8	80.1	29.794	0.00	0.00	0	0.00	0	0.0	0.00	0.0	0.000	0.260	72.3	90	69.2	74.6	20.45	 .0725	0.000	700	1	100.0	30
01/25/20	1:30 a	77.4	77.6	77.4	89	73.9	0.0	---	0.00	0.0	---	77.4	81.6	81.6	79.9	29.790	0.00	0.00	0	0.00	0	0.0	0.00	0.0	0.000	0.258	72.2	90	69.1	74.5	20.45	 .0725	0.000	702	1	100.0	30
01/25/20	2:00 a	77.5	77.6	77.3	89	74.0	0.0	---	0.00	0.0	---	77.5	81.8	81.8	80.1	29.782	0.00	0.00	0	0.00	0	0.0	0.00	0.0	0.000	0.260	72.2	90	69.1	74.5	20.45	 .0725	0.000	702	1	100.0	30
01/25/20	2:30 a	77.2	77.6	77.1	89	73.7	0.0	---	0.00	0.0	---	77.2	81.3	81.3	79.6	29.772	0.00	0.00	0	0.00	0	0.0	0.00	0.0	0.000	0.254	72.2	90	69.1	74.5	20.45	 .0725	0.000	702	1	100.0	30
01/25/20	3:00 a	77.0	77.3	76.9	89	73.5	0.0	---	0.00	0.0	---	77.0	80.9	80.9	79.2	29.772	0.00	0.00	0	0.00	0	0.0	0.00	0.0	0.000	0.250	72.2	90	69.1	74.5	20.45	 .0725	0.000	701	1	100.0	30
01/25/20	3:30 a	77.1	77.3	76.9	89	73.6	0.0	---	0.00	0.0	---	77.1	81.1	81.1	79.4	29.771	0.00	0.00	0	0.00	0	0.0	0.00	0.0	0.000	0.252	72.2	90	69.1	74.5	20.45	 .0725	0.000	702	1	100.0	30
01/25/20	4:00 a	77.2	77.3	77.1	89	73.7	0.0	---	0.00	0.0	---	77.2	81.3	81.3	79.6	29.772	0.00	0.00	0	0.00	0	0.0	0.00	0.0	0.000	0.254	72.2	90	69.1	74.5	20.45	 .0725	0.000	698	1	100.0	30
01/25/20	4:30 a	77.2	77.3	77.1	89	73.7	0.0	---	0.00	0.0	---	77.2	81.3	81.3	79.6	29.775	0.00	0.00	0	0.00	0	0.0	0.00	0.0	0.000	0.254	72.3	90	69.2	74.6	20.45	 .0724	0.000	700	1	100.0	30
01/25/20	5:00 a	77.0	77.3	76.9	89	73.5	0.0	---	0.00	0.0	---	77.0	80.9	80.9	79.2	29.779	0.00	0.00	0	0.00	0	0.0	0.00	0.0	0.000	0.250	72.2	90	69.1	74.5	20.45	 .0725	0.000	700	1	100.0	30
01/25/20	5:30 a	77.0	77.1	76.8	89	73.5	0.0	---	0.00	0.0	---	77.0	80.9	80.9	79.2	29.783	0.00	0.00	0	0.00	0	0.0	0.00	0.0	0.000	0.250	72.2	90	69.1	74.5	20.45	 .0725	0.000	701	1	100.0	30
01/25/20	6:00 a	76.5	77.1	76.5	89	73.0	0.0	---	0.00	0.0	---	76.5	80.2	80.2	78.5	29.789	0.00	0.00	0	0.00	0	0.0	0.00	0.0	0.000	0.240	72.2	90	69.1	74.5	20.45	 .0725	0.000	701	1	100.0	30
01/25/20	6:30 a	76.5	76.5	76.4	89	73.0	0.0	---	0.00	0.0	---	76.5	80.2	80.2	80.0	29.796	0.00	0.00	13	0.56	19	0.0	0.00	0.0	0.000	0.240	72.3	90	69.2	74.6	20.45	 .0725	0.000	702	1	100.0	30
01/25/20	7:00 a	77.0	77.0	76.5	89	73.5	0.0	---	0.00	0.0	---	77.0	80.9	80.9	81.2	29.811	0.00	0.00	26	1.12	35	0.0	0.00	0.0	0.000	0.250	72.2	90	69.1	74.5	20.45	 .0726	0.001	702	1	100.0	30
01/25/20	7:30 a	77.6	77.6	77.0	89	74.1	0.0	---	0.00	0.0	---	77.6	82.0	82.0	82.8	29.823	0.00	0.00	43	1.85	67	0.0	0.00	0.5	0.000	0.262	72.2	90	69.1	74.5	20.45	 .0726	0.000	700	1	100.0	30
01/25/20	8:00 a	78.5	78.5	77.6	89	75.0	0.0	---	0.00	0.0	---	78.5	83.6	83.6	85.1	29.837	0.00	0.00	69	2.97	90	0.8	0.17	1.4	0.000	0.281	72.2	90	69.1	74.5	20.45	 .0726	0.001	703	1	100.0	30
01/25/20	8:30 a	79.6	79.6	78.4	89	76.1	0.0	---	0.00	0.0	---	79.6	85.7	85.7	90.4	29.845	0.00	0.00	183	7.87	348	1.9	0.41	2.2	0.000	0.304	72.2	90	69.1	74.5	20.45	 .0726	0.000	699	1	100.0	30
01/25/20	9:00 a	82.8	82.8	79.6	84	77.5	0.0	---	0.00	0.0	---	82.8	92.3	92.3	96.3	29.849	0.00	0.00	169	7.27	369	2.6	0.56	3.0	0.000	0.371	72.2	90	69.1	74.5	20.45	 .0727	0.004	702	1	100.0	30
01/25/20	9:30 a	84.8	84.9	82.9	79	77.6	0.0	---	0.00	0.0	---	84.8	95.7	95.7	105.5	29.854	0.00	0.00	451	19.40	803	4.0	0.86	6.0	0.000	0.413	72.2	90	69.1	74.5	20.45	 .0727	0.000	698	1	100.0	30
01/25/20	10:00 a	85.9	86.4	84.8	74	76.6	1.0	SSW	0.50	5.0	S	85.9	96.4	96.4	108.4	29.848	0.00	0.00	823	35.39	882	6.7	1.44	7.4	0.000	0.435	72.2	90	69.1	74.5	20.45	 .0726	0.016	701	1	100.0	30
01/25/20	10:30 a	86.7	86.8	85.7	72	76.6	1.0	SSW	0.50	6.0	SW	86.7	97.6	97.6	109.4	29.829	0.00	0.00	813	34.96	904	8.0	1.71	9.0	0.000	0.452	72.2	90	69.1	74.5	20.45	 .0726	0.000	700	1	100.0	30
01/25/20	11:00 a	86.7	87.1	86.3	77	78.6	2.0	S	1.00	6.0	W	86.7	99.7	99.7	112.1	29.815	0.00	0.00	915	39.35	944	9.6	2.06	10.0	0.000	0.452	72.2	90	69.1	74.5	20.45	 .0726	0.023	700	1	100.0	30
01/25/20	11:30 a	87.1	87.5	86.3	77	79.0	2.0	WSW	1.00	6.0	SSW	87.1	100.8	100.8	112.7	29.806	0.00	0.00	886	38.10	939	10.3	2.21	10.5	0.000	0.460	72.2	90	69.1	74.5	20.45	 .0725	0.000	701	1	100.0	30
01/25/20	12:00 p	87.7	88.0	87.0	74	78.4	1.0	S	0.50	6.0	SSE	87.7	100.4	100.4	113.3	29.797	0.00	0.00	941	40.47	993	10.4	2.23	10.8	0.000	0.473	72.2	90	69.1	74.5	20.45	 .0725	0.024	703	1	100.0	30
01/25/20	12:30 p	87.8	87.9	86.7	73	78.1	2.0	S	1.00	8.0	SSE	87.8	100.1	100.1	113.1	29.789	0.00	0.00	910	39.14	956	10.1	2.16	10.4	0.000	0.475	72.2	90	69.1	74.5	20.45	 .0725	0.000	695	1	100.0	30
01/25/20	1:00 p	87.5	87.8	86.9	73	77.8	2.0	ESE	1.00	7.0	SE	87.5	99.6	99.6	113.2	29.772	0.00	0.00	895	38.49	944	9.5	2.04	10.0	0.000	0.469	72.2	90	69.1	74.5	20.45	 .0725	0.024	696	1	100.0	30
01/25/20	1:30 p	87.5	88.0	86.8	74	78.2	2.0	SE	1.00	7.0	ESE	87.5	100.1	100.1	114.6	29.764	0.00	0.00	860	36.98	902	8.5	1.82	9.0	0.000	0.469	72.2	90	69.1	74.5	20.45	 .0724	0.000	702	1	100.0	30
01/25/20	2:00 p	87.1	87.6	86.4	75	78.2	2.0	SSE	1.00	8.0	SE	87.1	99.8	99.8	114.5	29.760	0.00	0.00	776	33.37	858	7.1	1.52	7.9	0.000	0.460	72.2	90	69.1	74.5	20.45	 .0724	0.022	700	1	100.0	30
01/25/20	2:30 p	86.9	87.0	86.1	73	77.2	2.0	ESE	1.00	8.0	ESE	86.9	98.5	98.5	114.9	29.753	0.00	0.00	745	32.04	940	5.2	1.11	6.6	0.000	0.456	72.3	90	69.2	74.6	20.45	 .0724	0.000	700	1	100.0	30
01/25/20	3:00 p	86.6	87.3	86.2	74	77.3	2.0	SE	1.00	8.0	ESE	86.6	98.2	98.2	114.9	29.741	0.00	0.00	641	27.57	694	4.3	0.92	5.0	0.000	0.450	72.2	90	69.1	74.5	20.45	 .0724	0.017	701	1	100.0	30
01/25/20	3:30 p	86.1	86.8	86.1	76	77.6	1.0	SSE	0.50	6.0	S	86.1	97.6	97.6	114.1	29.737	0.00	0.00	525	22.58	580	2.9	0.62	3.5	0.000	0.440	72.2	90	69.1	74.5	20.45	 .0724	0.000	701	1	100.0	30
01/25/20	4:00 p	85.4	86.7	85.3	73	75.8	1.0	ESE	0.50	6.0	ESE	85.4	94.9	94.9	109.8	29.743	0.00	0.00	407	17.50	461	1.7	0.36	2.2	0.000	0.425	72.1	90	69.0	74.3	20.45	 .0724	0.013	699	1	100.0	30
01/25/20	4:30 p	84.3	85.7	84.3	76	75.9	1.0	SE	0.50	5.0	SSE	84.3	93.6	93.6	98.0	29.746	0.00	0.00	281	12.08	345	0.8	0.17	1.2	0.000	0.402	72.1	90	69.0	74.3	20.45	 .0724	0.000	703	1	100.0	30
01/25/20	5:00 p	82.7	84.3	82.7	81	76.3	0.0	SSE	0.00	5.0	SSE	82.7	91.1	91.1	91.0	29.749	0.00	0.00	65	2.80	132	0.0	0.00	0.5	0.000	0.369	72.2	90	69.1	74.5	20.45	 .0724	0.005	700	1	100.0	30
01/25/20	5:30 p	81.5	82.7	81.5	84	76.2	0.0	E	0.00	3.0	E	81.5	88.8	88.8	87.9	29.760	0.00	0.00	27	1.16	35	0.0	0.00	0.0	0.000	0.344	72.2	90	69.1	74.5	20.45	 .0724	0.000	698	1	100.0	30
01/25/20	6:00 p	80.3	81.5	80.2	85	75.4	0.0	E	0.00	1.0	E	80.3	86.3	86.3	84.8	29.771	0.00	0.00	2	0.09	14	0.0	0.00	0.0	0.000	0.319	72.2	90	69.1	74.5	20.45	 .0725	0.001	698	1	100.0	30
01/25/20	6:30 p	79.6	80.3	79.5	86	75.0	0.0	E	0.00	2.0	E	79.6	85.1	85.1	83.5	29.780	0.00	0.00	0	0.00	0	0.0	0.00	0.0	0.000	0.304	72.2	90	69.1	74.5	20.45	 .0725	0.000	702	1	100.0	30
01/25/20	7:00 p	79.3	79.6	79.3	87	75.1	0.0	---	0.00	0.0	---	79.3	84.7	84.7	83.1	29.791	0.00	0.00	0	0.00	0	0.0	0.00	0.0	0.000	0.298	72.2	90	69.1	74.5	20.45	 .0725	0.001	700	1	100.0	30
01/25/20	7:30 p	78.6	79.3	78.5	87	74.4	0.0	---	0.00	0.0	---	78.6	83.4	83.4	81.8	29.805	0.00	0.00	0	0.00	0	0.0	0.00	0.0	0.000	0.283	72.2	90	69.1	74.5	20.45	 .0725	0.000	700	1	100.0	30
01/25/20	8:00 p	78.2	78.6	78.1	87	74.0	0.0	---	0.00	0.0	---	78.2	82.7	82.7	81.1	29.815	0.00	0.00	0	0.00	0	0.0	0.00	0.0	0.000	0.275	72.2	90	69.1	74.5	20.45	 .0726	0.001	699	1	100.0	30
01/25/20	8:30 p	78.3	78.4	78.1	88	74.5	0.0	---	0.00	0.0	---	78.3	83.1	83.1	81.5	29.831	0.00	0.00	0	0.00	0	0.0	0.00	0.0	0.000	0.277	72.2	90	69.1	74.5	20.45	 .0726	0.000	701	1	100.0	30
01/25/20	9:00 p	78.1	78.4	78.1	88	74.3	0.0	---	0.00	0.0	---	78.1	82.7	82.7	81.1	29.828	0.00	0.00	0	0.00	0	0.0	0.00	0.0	0.000	0.273	72.2	90	69.1	74.5	20.45	 .0726	0.001	701	1	100.0	30
01/25/20	9:30 p	77.7	78.2	77.7	88	73.9	0.0	---	0.00	0.0	---	77.7	82.0	82.0	80.3	29.837	0.00	0.00	0	0.00	0	0.0	0.00	0.0	0.000	0.265	72.2	90	69.1	74.5	20.45	 .0726	0.000	702	1	100.0	30
01/25/20	10:00 p	77.3	77.7	77.3	88	73.5	0.0	---	0.00	0.0	---	77.3	81.3	81.3	79.6	29.833	0.00	0.00	0	0.00	0	0.0	0.00	0.0	0.000	0.256	72.2	90	69.1	74.5	20.45	 .0726	0.000	701	1	100.0	30
01/25/20	10:30 p	77.0	77.3	77.0	88	73.2	0.0	---	0.00	0.0	---	77.0	80.8	80.8	79.1	29.829	0.00	0.00	0	0.00	0	0.0	0.00	0.0	0.000	0.250	72.2	90	69.1	74.5	20.45	 .0726	0.000	699	1	100.0	30
01/25/20	11:00 p	76.8	77.1	76.8	88	73.0	0.0	---	0.00	0.0	---	76.8	80.5	80.5	78.7	29.830	0.00	0.00	0	0.00	0	0.0	0.00	0.0	0.000	0.246	72.2	90	69.1	74.5	20.45	 .0726	0.000	701	1	100.0	30
01/25/20	11:30 p	77.1	77.1	76.8	88	73.3	0.0	---	0.00	0.0	---	77.1	81.0	81.0	79.3	29.824	0.00	0.00	0	0.00	0	0.0	0.00	0.0	0.000	0.252	72.2	90	69.1	74.5	20.45	 .0726	0.000	699	1	100.0	30
01/26/20	12:00 a	77.3	77.4	77.0	88	73.5	0.0	---	0.00	0.0	---	77.3	81.3	81.3	79.6	29.814	0.00	0.00	0	0.00	0	0.0	0.00	0.0	0.000	0.256	72.2	90	69.1	74.5	20.45	 .0726	0.000	696	1	100.0	30
01/26/20	12:30 a	77.4	77.4	77.3	89	73.9	0.0	---	0.00	0.0	---	77.4	81.6	81.6	79.9	29.811	0.00	0.00	0	0.00	0	0.0	0.00	0.0	0.000	0.258	72.2	90	69.1	74.5	20.45	 .0726	0.000	655	1	95.8	30
01/26/20	1:00 a	77.3	77.4	77.3	89	73.8	0.0	---	0.00	0.0	---	77.3	81.4	81.4	79.7	29.801	0.00	0.00	0	0.00	0	0.0	0.00	0.0	0.000	0.256	72.2	90	69.1	74.5	20.45	 .0725	0.000	702	1	100.0	30
01/26/20	1:30 a	77.5	77.5	77.3	89	74.0	0.0	---	0.00	0.0	---	77.5	81.8	81.8	80.1	29.792	0.00	0.00	0	0.00	0	0.0	0.00	0.0	0.000	0.260	72.3	90	69.2	74.6	20.45	 .0725	0.000	701	1	100.0	30
01/26/20	2:00 a	77.5	77.6	77.4	89	74.0	0.0	---	0.00	0.0	---	77.5	81.8	81.8	80.1	29.780	0.00	0.00	0	0.00	0	0.0	0.00	0.0	0.000	0.260	72.3	90	69.2	74.6	20.45	 .0725	0.000	699	1	100.0	30
01/26/20	2:30 a	77.3	77.6	77.3	89	73.8	0.0	---	0.00	0.0	---	77.3	81.4	81.4	79.7	29.781	0.00	0.00	0	0.00	0	0.0	0.00	0.0	0.000	0.256	72.3	90	69.2	74.6	20.45	 .0725	0.000	702	1	100.0	30
01/26/20	3:00 a	77.3	77.4	77.2	89	73.8	0.0	---	0.00	0.0	---	77.3	81.4	81.4	79.7	29.774	0.00	0.00	0	0.00	0	0.0	0.00	0.0	0.000	0.256	72.2	90	69.1	74.5	20.45	 .0725	0.000	700	1	100.0	30
01/26/20	3:30 a	77.2	77.5	77.1	89	73.7	0.0	---	0.00	0.0	---	77.2	81.3	81.3	79.6	29.785	0.00	0.00	0	0.00	0	0.0	0.00	0.0	0.000	0.254	72.2	90	69.1	74.5	20.45	 .0725	0.000	699	1	100.0	30
01/26/20	4:00 a	77.0	77.2	76.9	89	73.5	0.0	---	0.00	0.0	---	77.0	80.9	80.9	79.2	29.782	0.00	0.00	0	0.00	0	0.0	0.00	0.0	0.000	0.250	72.2	90	69.1	74.5	20.45	 .0725	0.000	701	1	100.0	30
01/26/20	4:30 a	76.7	77.0	76.7	89	73.2	0.0	---	0.00	0.0	---	76.7	80.5	80.5	78.8	29.794	0.00	0.00	0	0.00	0	0.0	0.00	0.0	0.000	0.244	72.2	90	69.1	74.5	20.45	 .0725	0.000	698	1	100.0	30
01/26/20	5:00 a	76.8	76.9	76.7	89	73.3	0.0	---	0.00	0.0	---	76.8	80.6	80.6	78.9	29.806	0.00	0.00	0	0.00	0	0.0	0.00	0.0	0.000	0.246	72.3	90	69.2	74.6	20.45	 .0725	0.000	700	1	100.0	30
01/26/20	5:30 a	76.9	76.9	76.8	89	73.4	0.0	---	0.00	0.0	---	76.9	80.8	80.8	79.1	29.806	0.00	0.00	0	0.00	0	0.0	0.00	0.0	0.000	0.248	72.2	90	69.1	74.5	20.45	 .0725	0.000	700	1	100.0	30
01/26/20	6:00 a	76.9	77.0	76.8	89	73.4	0.0	NNW	0.00	5.0	WNW	76.9	80.8	80.8	79.1	29.807	0.00	0.00	0	0.00	0	0.0	0.00	0.0	0.000	0.248	72.2	90	69.1	74.5	20.45	 .0725	0.000	701	1	100.0	30
01/26/20	6:30 a	77.1	77.1	76.9	89	73.6	1.0	NNW	0.50	4.0	NNW	77.1	81.1	81.1	80.7	29.817	0.00	0.00	9	0.39	14	0.0	0.00	0.0	0.000	0.252	72.2	90	69.1	74.5	20.45	 .0726	0.000	702	1	100.0	30
01/26/20	7:00 a	77.5	77.8	77.1	88	73.7	1.0	WSW	0.50	5.0	SSW	77.5	81.7	81.7	81.6	29.856	0.00	0.00	17	0.73	32	0.0	0.00	0.0	0.000	0.260	72.2	90	69.1	74.5	20.45	 .0727	0.001	700	1	100.0	30
01/26/20	7:30 a	76.4	77.5	76.4	88	72.6	1.0	WSW	0.50	3.0	SE	76.4	80.0	80.0	79.7	29.869	0.00	0.00	16	0.69	18	0.0	0.00	0.0	0.000	0.238	72.2	90	69.1	74.5	20.45	 .0727	0.000	701	1	100.0	30
01/26/20	8:00 a	76.3	76.5	76.1	88	72.5	0.0	NW	0.00	4.0	NW	76.3	79.8	79.8	79.6	29.880	0.00	0.00	21	0.90	37	0.0	0.00	0.0	0.000	0.235	72.2	90	69.1	74.5	20.45	 .0727	0.001	699	1	100.0	30
01/26/20	8:30 a	76.5	76.6	76.2	88	72.7	0.0	NW	0.00	2.0	NW	76.5	80.1	80.1	80.7	29.890	0.00	0.00	49	2.11	70	0.1	0.02	0.7	0.000	0.240	72.2	90	69.1	74.5	20.45	 .0728	0.000	700	1	100.0	30
01/26/20	9:00 a	77.0	77.0	76.4	87	72.8	0.0	NW	0.00	1.0	NW	77.0	80.8	80.8	82.6	29.894	0.00	0.00	97	4.17	130	0.9	0.19	1.2	0.000	0.250	72.3	90	69.2	74.6	20.45	 .0727	0.002	701	1	100.0	30
01/26/20	9:30 a	79.1	79.1	76.9	88	75.2	0.0	NW	0.00	2.0	NW	79.1	84.5	84.5	87.9	29.889	0.00	0.00	159	6.84	301	1.6	0.34	3.2	0.000	0.294	72.2	90	69.1	74.5	20.45	 .0728	0.000	698	1	100.0	30
01/26/20	10:00 a	79.9	80.0	78.9	85	75.0	1.0	SW	0.50	3.0	SW	79.9	85.4	85.4	90.9	29.891	0.00	0.00	251	10.79	392	2.8	0.60	4.0	0.000	0.310	72.2	90	69.1	74.5	20.45	 .0728	0.005	702	1	100.0	30
01/26/20	10:30 a	80.2	80.3	79.6	84	74.9	1.0	WSW	0.50	5.0	SSW	80.2	85.8	85.8	90.3	29.881	0.00	0.00	214	9.20	255	2.8	0.60	3.4	0.000	0.317	72.0	90	68.9	74.2	20.45	 .0728	0.000	701	1	100.0	30
01/26/20	11:00 a	80.8	81.0	80.1	83	75.2	1.0	W	0.50	7.0	WSW	80.8	86.9	86.9	93.3	29.876	0.00	0.00	298	12.82	396	4.0	0.86	5.1	0.000	0.329	72.2	90	69.1	74.5	20.45	 .0727	0.007	701	1	100.0	30
01/26/20	11:30 a	80.4	81.4	80.3	83	74.8	1.0	SE	0.50	5.0	SW	80.4	86.0	86.0	91.8	29.863	0.00	0.00	271	11.65	381	3.6	0.77	4.9	0.000	0.321	72.2	90	69.1	74.5	20.45	 .0727	0.000	702	1	100.0	30
01/26/20	12:00 p	81.1	81.4	80.3	80	74.3	1.0	WNW	0.50	3.0	SSE	81.1	86.7	86.7	93.9	29.847	0.00	0.00	343	14.75	385	4.9	1.05	5.6	0.000	0.335	72.2	90	69.1	74.5	20.45	 .0726	0.008	701	1	100.0	30
01/26/20	12:30 p	82.7	82.8	81.1	79	75.5	0.0	WSW	0.00	4.0	S	82.7	90.6	90.6	99.5	29.829	0.00	0.00	427	18.36	522	5.9	1.26	6.8	0.000	0.369	72.2	89	68.8	74.4	19.95	 .0726	0.000	699	1	100.0	30
01/26/20	1:00 p	82.6	83.2	82.0	76	74.3	1.0	S	0.50	4.0	SSW	82.6	89.4	89.4	99.9	29.820	0.00	0.00	520	22.36	789	6.2	1.33	8.2	0.000	0.367	72.1	89	68.7	74.2	19.95	 .0726	0.012	701	1	100.0	30
01/26/20	1:30 p	81.8	83.3	81.6	79	74.6	1.0	S	0.50	4.0	SSE	81.8	88.2	88.2	96.9	29.808	0.00	0.00	389	16.73	515	4.9	1.05	6.0	0.000	0.350	72.1	90	69.0	74.3	20.45	 .0726	0.000	701	1	100.0	30
01/26/20	2:00 p	83.0	83.2	81.7	79	75.8	1.0	S	0.50	4.0	S	83.0	91.4	91.4	101.6	29.797	0.00	0.00	442	19.01	624	4.9	1.05	5.8	0.000	0.375	72.2	90	69.1	74.5	20.45	 .0725	0.011	701	1	100.0	30
01/26/20	2:30 p	84.3	84.4	82.3	77	76.3	1.0	SSW	0.50	4.0	SSW	84.3	94.0	94.0	105.9	29.792	0.00	0.00	559	24.04	900	5.1	1.09	5.9	0.000	0.402	72.1	90	69.0	74.3	20.45	 .0725	0.000	700	1	100.0	30
01/26/20	3:00 p	83.0	84.8	82.9	77	75.0	1.0	SE	0.50	7.0	SE	83.0	90.7	90.7	104.2	29.785	0.00	0.00	535	23.01	1007	3.9	0.84	5.6	0.000	0.375	72.2	90	69.1	74.5	20.45	 .0725	0.015	700	1	100.0	30
01/26/20	3:30 p	81.3	83.0	81.3	81	74.9	0.0	SSE	0.00	3.0	SSE	81.3	87.5	87.5	95.2	29.779	0.00	0.00	231	9.93	403	2.0	0.43	2.9	0.000	0.340	72.1	90	69.0	74.3	20.45	 .0725	0.000	702	1	100.0	30
01/26/20	4:00 p	81.6	82.1	81.0	78	74.1	0.0	SSE	0.00	3.0	SSE	81.6	87.4	87.4	94.8	29.778	0.00	0.00	222	9.55	250	1.2	0.26	1.5	0.000	0.346	72.1	90	69.0	74.3	20.45	 .0725	0.006	698	1	100.0	30
01/26/20	4:30 p	80.9	82.1	80.8	83	75.2	0.0	SSE	0.00	2.0	SSE	80.9	87.1	87.1	88.1	29.786	0.00	0.00	121	5.20	185	0.4	0.09	0.9	0.000	0.331	72.2	90	69.1	74.5	20.45	 .0725	0.000	701	1	100.0	30
01/26/20	5:00 p	80.0	80.9	80.0	85	75.1	0.0	SSE	0.00	1.0	SSE	80.0	85.6	85.6	85.4	29.793	0.00	0.00	62	2.67	76	0.0	0.00	0.0	0.000	0.313	72.2	90	69.1	74.5	20.45	 .0725	0.002	700	1	100.0	30
01/26/20	5:30 p	79.0	80.0	79.0	86	74.5	0.0	SSE	0.00	1.0	SSE	79.0	83.9	83.9	82.8	29.797	0.00	0.00	23	0.99	46	0.0	0.00	0.0	0.000	0.292	72.1	90	69.0	74.3	20.45	 .0725	0.000	700	1	100.0	30
01/26/20	6:00 p	78.0	79.1	78.0	87	73.8	0.0	SSE	0.00	1.0	SSE	78.0	82.4	82.4	80.7	29.800	0.00	0.00	1	0.04	7	0.0	0.00	0.0	0.000	0.271	72.1	90	69.0	74.3	20.45	 .0725	0.000	702	1	100.0	30
01/26/20	6:30 p	77.4	78.0	77.4	87	73.2	0.0	SSE	0.00	1.0	SSE	77.4	81.4	81.4	79.7	29.802	0.00	0.00	0	0.00	0	0.0	0.00	0.0	0.000	0.258	72.1	90	69.0	74.3	20.45	 .0726	0.000	699	1	100.0	30
01/26/20	7:00 p	76.9	77.4	76.9	87	72.7	0.0	---	0.00	0.0	---	76.9	80.6	80.6	78.8	29.805	0.00	0.00	0	0.00	0	0.0	0.00	0.0	0.000	0.248	72.1	90	69.0	74.3	20.45	 .0726	0.001	702	1	100.0	30
01/26/20	7:30 p	76.4	76.9	76.3	88	72.6	0.0	---	0.00	0.0	---	76.4	80.0	80.0	78.2	29.816	0.00	0.00	0	0.00	0	0.0	0.00	0.0	0.000	0.238	72.1	90	69.0	74.3	20.45	 .0726	0.000	701	1	100.0	30
01/26/20	8:00 p	75.9	76.3	75.9	88	72.1	0.0	---	0.00	0.0	---	75.9	79.3	79.3	77.5	29.831	0.00	0.00	0	0.00	0	0.0	0.00	0.0	0.000	0.227	72.3	90	69.2	74.6	20.45	 .0726	0.000	698	1	100.0	30
01/26/20	8:30 p	75.7	76.0	75.6	88	71.9	0.0	---	0.00	0.0	---	75.7	79.0	79.0	77.2	29.836	0.00	0.00	0	0.00	0	0.0	0.00	0.0	0.000	0.223	72.3	90	69.2	74.6	20.45	 .0726	0.000	699	1	100.0	30
01/26/20	9:00 p	75.3	75.7	75.3	88	71.5	0.0	---	0.00	0.0	---	75.3	78.6	78.6	76.8	29.845	0.00	0.00	0	0.00	0	0.0	0.00	0.0	0.000	0.215	72.2	90	69.1	74.5	20.45	 .0726	0.000	702	1	100.0	30
01/26/20	9:30 p	75.0	75.4	75.0	88	71.2	0.0	---	0.00	0.0	---	75.0	78.2	78.2	76.4	29.855	0.00	0.00	0	0.00	0	0.0	0.00	0.0	0.000	0.208	72.3	90	69.2	74.6	20.45	 .0726	0.000	700	1	100.0	30
01/26/20	10:00 p	74.7	75.1	74.6	88	70.9	0.0	---	0.00	0.0	---	74.7	77.7	77.7	75.8	29.859	0.00	0.00	0	0.00	0	0.0	0.00	0.0	0.000	0.202	72.2	90	69.1	74.5	20.45	 .0727	0.000	702	1	100.0	30
01/26/20	10:30 p	74.5	74.7	74.4	88	70.7	0.0	---	0.00	0.0	---	74.5	77.3	77.3	75.4	29.857	0.00	0.00	0	0.00	0	0.0	0.00	0.0	0.000	0.198	72.2	90	69.1	74.5	20.45	 .0727	0.000	702	1	100.0	30
01/26/20	11:00 p	74.3	74.5	74.2	89	70.8	0.0	---	0.00	0.0	---	74.3	76.9	76.9	75.0	29.852	0.00	0.00	0	0.00	0	0.0	0.00	0.0	0.000	0.194	72.2	90	69.1	74.5	20.45	 .0727	0.000	699	1	100.0	30
01/26/20	11:30 p	74.0	74.2	74.0	89	70.6	0.0	---	0.00	0.0	---	74.0	76.4	76.4	74.5	29.847	0.00	0.00	0	0.00	0	0.0	0.00	0.0	0.000	0.188	72.3	89	68.9	74.5	19.95	 .0726	0.000	702	1	100.0	30
01/27/20	12:00 a	73.9	74.0	73.8	89	70.5	0.0	---	0.00	0.0	---	73.9	76.3	76.3	74.4	29.841	0.00	0.00	0	0.00	0	0.0	0.00	0.0	0.000	0.185	72.2	90	69.1	74.5	20.45	 .0726	0.000	701	1	100.0	30
01/27/20	12:30 a	74.0	74.1	73.9	89	70.6	0.0	---	0.00	0.0	---	74.0	76.4	76.4	74.5	29.831	0.00	0.00	0	0.00	0	0.0	0.00	0.0	0.000	0.188	72.3	90	69.2	74.6	20.45	 .0726	0.000	698	1	100.0	30
01/27/20	1:00 a	73.8	74.1	73.7	89	70.4	0.0	---	0.00	0.0	---	73.8	76.2	76.2	74.3	29.818	0.00	0.00	0	0.00	0	0.0	0.00	0.0	0.000	0.183	72.2	90	69.1	74.5	20.45	 .0726	0.000	698	1	100.0	30
01/27/20	1:30 a	73.7	73.9	73.6	89	70.3	0.0	---	0.00	0.0	---	73.7	76.1	76.1	74.2	29.805	0.00	0.00	0	0.00	0	0.0	0.00	0.0	0.000	0.181	72.3	90	69.2	74.6	20.45	 .0725	0.000	698	1	100.0	30
01/27/20	2:00 a	73.5	73.7	73.5	89	70.1	0.0	---	0.00	0.0	---	73.5	75.9	75.9	74.0	29.799	0.00	0.00	0	0.00	0	0.0	0.00	0.0	0.000	0.177	72.2	89	68.8	74.4	19.95	 .0725	0.000	700	1	100.0	30
01/27/20	2:30 a	73.4	73.7	73.3	89	70.0	0.0	---	0.00	0.0	---	73.4	75.8	75.8	73.8	29.794	0.00	0.00	0	0.00	0	0.0	0.00	0.0	0.000	0.175	72.2	89	68.8	74.4	19.95	 .0725	0.000	702	1	100.0	30
01/27/20	3:00 a	73.3	73.5	73.2	89	69.9	0.0	---	0.00	0.0	---	73.3	75.7	75.7	73.7	29.788	0.00	0.00	0	0.00	0	0.0	0.00	0.0	0.000	0.173	72.2	90	69.1	74.5	20.45	 .0725	0.000	701	1	100.0	30
01/27/20	3:30 a	73.7	73.7	73.2	89	70.3	0.0	---	0.00	0.0	---	73.7	76.1	76.1	74.2	29.789	0.00	0.00	0	0.00	0	0.0	0.00	0.0	0.000	0.181	72.3	89	68.9	74.5	19.95	 .0725	0.000	700	1	100.0	30
01/27/20	4:00 a	73.7	73.9	73.6	89	70.3	0.0	---	0.00	0.0	---	73.7	76.1	76.1	74.2	29.788	0.00	0.00	0	0.00	0	0.0	0.00	0.0	0.000	0.181	72.2	89	68.8	74.4	19.95	 .0725	0.000	701	1	100.0	30
01/27/20	4:30 a	73.7	73.8	73.5	89	70.3	0.0	---	0.00	0.0	---	73.7	76.1	76.1	74.2	29.795	0.00	0.00	0	0.00	0	0.0	0.00	0.0	0.000	0.181	72.2	90	69.1	74.5	20.45	 .0725	0.000	702	1	100.0	30
01/27/20	5:00 a	73.7	73.8	73.5	89	70.3	0.0	---	0.00	0.0	---	73.7	76.1	76.1	74.2	29.800	0.00	0.00	0	0.00	0	0.0	0.00	0.0	0.000	0.181	72.3	90	69.2	74.6	20.45	 .0725	0.000	699	1	100.0	30
01/27/20	5:30 a	73.8	73.8	73.5	89	70.4	0.0	---	0.00	0.0	---	73.8	76.2	76.2	74.3	29.807	0.00	0.00	0	0.00	0	0.0	0.00	0.0	0.000	0.183	72.2	89	68.8	74.4	19.95	 .0726	0.000	702	1	100.0	30
01/27/20	6:00 a	74.2	74.2	73.7	89	70.7	0.0	---	0.00	0.0	---	74.2	76.8	76.8	74.9	29.818	0.00	0.00	0	0.00	5	0.0	0.00	0.0	0.000	0.192	72.2	89	68.8	74.4	19.95	 .0726	0.000	702	1	100.0	30
01/27/20	6:30 a	74.8	74.8	74.2	89	71.3	0.0	---	0.00	0.0	---	74.8	77.9	77.9	78.1	29.824	0.00	0.00	22	0.95	42	0.0	0.00	0.0	0.000	0.204	72.2	89	68.8	74.4	19.95	 .0726	0.000	701	1	100.0	30
01/27/20	7:00 a	75.6	75.6	74.7	89	72.1	0.0	---	0.00	0.0	---	75.6	79.0	79.0	80.6	29.841	0.00	0.00	56	2.41	90	0.0	0.00	0.0	0.000	0.221	72.3	89	68.9	74.5	19.95	 .0726	0.001	701	1	100.0	30
01/27/20	7:30 a	77.0	77.0	75.6	89	73.5	0.0	---	0.00	0.0	---	77.0	80.9	80.9	83.1	29.853	0.00	0.00	80	3.44	100	0.4	0.09	0.6	0.000	0.250	72.2	89	68.8	74.4	19.95	 .0727	0.000	700	1	100.0	30
01/27/20	8:00 a	79.3	79.3	77.0	90	76.1	0.0	---	0.00	0.0	---	79.3	85.3	85.3	89.7	29.865	0.00	0.00	156	6.71	209	1.0	0.21	1.4	0.000	0.298	72.3	89	68.9	74.5	19.95	 .0727	0.003	701	1	100.0	30
01/27/20	8:30 a	78.9	79.8	78.8	89	75.4	0.0	---	0.00	0.0	---	78.9	84.3	84.3	87.7	29.878	0.00	0.00	137	5.89	213	1.3	0.28	1.6	0.000	0.290	72.4	89	69.0	74.6	19.95	 .0727	0.000	699	1	100.0	30
01/27/20	9:00 a	79.2	79.3	78.7	89	75.7	0.0	SSE	0.00	4.0	SW	79.2	84.9	84.9	86.3	29.889	0.00	0.00	79	3.40	121	0.9	0.19	1.4	0.000	0.296	72.4	89	69.0	74.6	19.95	 .0727	0.003	701	1	100.0	30
01/27/20	9:30 a	80.6	80.7	79.2	88	76.7	0.0	SSE	0.00	2.0	SSE	80.6	87.7	87.7	91.4	29.890	0.00	0.00	169	7.27	220	1.9	0.41	2.5	0.000	0.325	72.3	89	68.9	74.5	19.95	 .0728	0.000	700	1	100.0	30
01/27/20	10:00 a	81.8	81.8	80.5	86	77.2	1.0	SW	0.50	4.0	SSW	81.8	90.2	90.2	96.7	29.891	0.00	0.00	293	12.60	385	3.5	0.75	4.7	0.000	0.350	72.3	89	68.9	74.5	19.95	 .0728	0.006	699	1	100.0	30
01/27/20	10:30 a	83.2	83.3	81.7	83	77.5	1.0	SW	0.50	5.0	SSW	83.2	93.1	93.1	103.4	29.883	0.00	0.00	514	22.10	675	6.2	1.33	8.7	0.000	0.379	72.3	89	68.9	74.5	19.95	 .0727	0.000	701	1	100.0	30
01/27/20	11:00 a	83.9	84.0	83.0	79	76.7	2.0	SW	1.00	7.0	WSW	83.9	93.9	93.9	105.1	29.874	0.00	0.00	590	25.37	810	7.7	1.65	9.5	0.000	0.394	72.3	89	68.9	74.5	19.95	 .0727	0.015	701	1	100.0	30
01/27/20	11:30 a	82.3	84.3	82.3	80	75.5	2.0	SSW	1.00	8.0	WSW	82.3	89.7	89.7	97.0	29.864	0.00	0.00	346	14.88	649	4.9	1.05	9.1	0.000	0.360	72.3	89	68.9	74.5	19.95	 .0727	0.000	699	1	100.0	30
01/27/20	12:00 p	81.5	83.7	81.4	81	75.1	2.0	S	1.00	9.0	S	81.5	88.0	88.0	95.3	29.858	0.00	0.00	345	14.84	947	4.7	1.01	8.9	0.000	0.344	72.2	89	68.8	74.4	19.95	 .0727	0.010	699	1	100.0	30
01/27/20	12:30 p	82.9	82.9	81.2	81	76.5	1.0	ESE	0.50	7.0	W	82.9	91.7	91.7	98.2	29.850	0.00	0.00	299	12.86	780	4.2	0.90	8.4	0.000	0.373	72.2	90	69.1	74.5	20.45	 .0727	0.000	696	1	100.0	30
01/27/20	1:00 p	82.8	83.9	82.8	79	75.6	2.0	SE	1.00	9.0	ESE	82.8	90.8	90.8	102.7	29.836	0.00	0.00	634	27.27	856	7.6	1.63	10.4	0.000	0.371	72.2	89	68.8	74.4	19.95	 .0726	0.012	699	1	100.0	30
01/27/20	1:30 p	84.1	84.1	82.5	75	75.3	3.0	SE	1.50	10.0	SE	84.1	92.9	92.9	110.0	29.818	0.00	0.00	1007	43.31	1245	9.3	1.99	10.6	0.000	0.398	72.2	89	68.8	74.4	19.95	 .0726	0.000	702	1	100.0	30
01/27/20	2:00 p	82.0	84.6	82.0	78	74.5	3.0	SSE	1.50	8.0	S	82.0	88.3	88.3	100.0	29.805	0.00	0.00	558	24.00	1069	5.9	1.26	9.2	0.000	0.354	72.2	89	68.8	74.4	19.95	 .0726	0.020	702	1	100.0	30
01/27/20	2:30 p	82.1	82.2	81.4	79	74.9	2.0	SE	1.00	7.0	SSE	82.1	88.9	88.9	98.7	29.798	0.00	0.00	384	16.51	443	4.1	0.88	4.7	0.000	0.356	72.1	90	69.0	74.3	20.45	 .0725	0.000	697	1	100.0	30
01/27/20	3:00 p	82.0	82.3	81.5	77	74.1	1.0	SE	0.50	4.0	SSE	82.0	88.1	88.1	98.0	29.790	0.00	0.00	349	15.01	478	3.0	0.64	3.3	0.000	0.354	72.2	90	69.1	74.5	20.45	 .0725	0.010	699	1	100.0	30
01/27/20	3:30 p	81.1	82.2	81.0	81	74.7	1.0	ESE	0.50	4.0	SSE	81.1	87.0	87.0	94.9	29.785	0.00	0.00	237	10.19	322	1.8	0.39	2.5	0.000	0.335	72.2	90	69.1	74.5	20.45	 .0725	0.000	701	1	100.0	30
01/27/20	4:00 p	81.3	82.0	80.7	80	74.5	0.0	ESE	0.00	2.0	ESE	81.3	87.2	87.2	94.7	29.793	0.00	0.00	223	9.59	316	1.2	0.26	1.6	0.000	0.340	72.2	90	69.1	74.5	20.45	 .0725	0.006	701	1	100.0	30
01/27/20	4:30 p	80.2	81.3	80.2	85	75.3	0.0	N	0.00	1.0	N	80.2	86.0	86.0	86.6	29.800	0.00	0.00	100	4.30	148	0.2	0.04	0.7	0.000	0.317	72.3	90	69.2	74.6	20.45	 .0725	0.000	700	1	100.0	30
01/27/20	5:00 p	79.7	80.2	79.7	86	75.1	0.0	N	0.00	1.0	N	79.7	85.3	85.3	84.9	29.800	0.00	0.00	56	2.41	77	0.0	0.00	0.0	0.000	0.306	72.2	90	69.1	74.5	20.45	 .0725	0.002	701	1	100.0	30
01/27/20	5:30 p	78.8	79.7	78.7	86	74.3	0.0	---	0.00	0.0	---	78.8	83.6	83.6	82.3	29.816	0.00	0.00	15	0.65	28	0.0	0.00	0.0	0.000	0.288	72.2	90	69.1	74.5	20.45	 .0726	0.000	699	1	100.0	30
01/27/20	6:00 p	78.0	78.8	78.0	87	73.8	0.0	---	0.00	0.0	---	78.0	82.4	82.4	80.7	29.819	0.00	0.00	0	0.00	5	0.0	0.00	0.0	0.000	0.271	72.2	90	69.1	74.5	20.45	 .0726	0.000	701	1	100.0	30
01/27/20	6:30 p	77.4	78.0	77.4	87	73.2	0.0	---	0.00	0.0	---	77.4	81.4	81.4	79.7	29.814	0.00	0.00	0	0.00	0	0.0	0.00	0.0	0.000	0.258	72.2	90	69.1	74.5	20.45	 .0726	0.000	700	1	100.0	30
01/27/20	7:00 p	77.1	77.4	77.1	87	72.9	0.0	---	0.00	0.0	---	77.1	80.9	80.9	79.1	29.824	0.00	0.00	0	0.00	0	0.0	0.00	0.0	0.000	0.252	72.2	90	69.1	74.5	20.45	 .0726	0.001	703	1	100.0	30
01/27/20	7:30 p	76.5	77.1	76.5	88	72.7	0.0	---	0.00	0.0	---	76.5	80.1	80.1	78.3	29.847	0.00	0.00	0	0.00	0	0.0	0.00	0.0	0.000	0.240	72.2	90	69.1	74.5	20.45	 .0726	0.000	701	1	100.0	30
01/27/20	8:00 p	76.5	76.6	76.4	88	72.7	0.0	---	0.00	0.0	---	76.5	80.1	80.1	78.3	29.861	0.00	0.00	0	0.00	0	0.0	0.00	0.0	0.000	0.240	72.3	90	69.2	74.6	20.45	 .0727	0.000	699	1	100.0	30
01/27/20	8:30 p	76.6	76.7	76.4	88	72.8	0.0	---	0.00	0.0	---	76.6	80.3	80.3	78.5	29.872	0.00	0.00	0	0.00	0	0.0	0.00	0.0	0.000	0.242	72.2	90	69.1	74.5	20.45	 .0727	0.000	699	1	100.0	30
01/27/20	9:00 p	76.8	76.9	76.5	88	73.0	0.0	---	0.00	0.0	---	76.8	80.5	80.5	78.7	29.882	0.01	0.00	0	0.00	0	0.0	0.00	0.0	0.000	0.246	72.2	90	69.1	74.5	20.45	 .0727	0.000	700	1	100.0	30
01/27/20	9:30 p	76.4	77.2	76.3	88	72.6	0.0	NNW	0.00	4.0	NNW	76.4	80.0	80.0	78.2	29.890	0.37	4.88	0	0.00	0	0.0	0.00	0.0	0.000	0.238	72.3	90	69.2	74.6	20.45	 .0727	0.000	702	1	100.0	30
01/27/20	10:00 p	76.3	76.4	76.2	88	72.5	0.0	NW	0.00	3.0	NW	76.3	79.8	79.8	78.0	29.875	0.11	1.06	0	0.00	0	0.0	0.00	0.0	0.000	0.235	72.2	90	69.1	74.5	20.45	 .0727	0.001	700	1	100.0	30
01/27/20	10:30 p	76.1	76.3	76.1	88	72.3	0.0	NW	0.00	1.0	NW	76.1	79.5	79.5	77.7	29.875	0.00	0.00	0	0.00	0	0.0	0.00	0.0	0.000	0.231	72.2	90	69.1	74.5	20.45	 .0727	0.000	703	1	100.0	30
01/27/20	11:00 p	76.1	76.2	75.9	88	72.3	0.0	NW	0.00	4.0	WNW	76.1	79.5	79.5	77.7	29.864	0.00	0.00	0	0.00	0	0.0	0.00	0.0	0.000	0.231	72.3	90	69.2	74.6	20.45	 .0727	0.000	700	1	100.0	30
01/27/20	11:30 p	76.4	76.4	76.1	89	72.9	0.0	N	0.00	3.0	NNW	76.4	80.0	80.0	78.2	29.863	0.05	0.39	0	0.00	0	0.0	0.00	0.0	0.000	0.238	72.2	90	69.1	74.5	20.45	 .0727	0.000	701	1	100.0	30
01/28/20	12:00 a	75.8	76.4	75.8	89	72.3	1.0	NNW	0.50	4.0	N	75.8	79.2	79.2	77.4	29.858	0.10	0.59	0	0.00	0	0.0	0.00	0.0	0.000	0.225	72.2	89	68.8	74.4	19.95	 .0727	0.000	697	1	100.0	30
01/28/20	12:30 a	75.9	75.9	75.5	89	72.4	0.0	WSW	0.00	3.0	NW	75.9	79.3	79.3	77.5	29.835	0.11	0.73	0	0.00	0	0.0	0.00	0.0	0.000	0.227	72.3	90	69.2	74.6	20.45	 .0726	0.000	701	1	100.0	30
01/28/20	1:00 a	75.3	76.0	75.3	89	71.8	0.0	N	0.00	4.0	NW	75.3	78.7	78.7	76.9	29.820	0.00	0.00	0	0.00	0	0.0	0.00	0.0	0.000	0.215	72.2	89	68.8	74.4	19.95	 .0726	0.000	700	1	100.0	30
01/28/20	1:30 a	75.1	75.3	75.0	89	71.6	0.0	WNW	0.00	4.0	W	75.1	78.4	78.4	76.6	29.808	0.00	0.00	0	0.00	0	0.0	0.00	0.0	0.000	0.210	72.3	90	69.2	74.6	20.45	 .0725	0.000	700	1	100.0	30
01/28/20	2:00 a	75.3	75.3	75.1	89	71.8	0.0	WNW	0.00	1.0	WNW	75.3	78.7	78.7	76.9	29.806	0.00	0.00	0	0.00	0	0.0	0.00	0.0	0.000	0.215	72.2	89	68.8	74.4	19.95	 .0726	0.000	701	1	100.0	30
01/28/20	2:30 a	75.3	75.5	75.3	89	71.8	0.0	---	0.00	0.0	---	75.3	78.7	78.7	76.9	29.805	0.03	0.13	0	0.00	0	0.0	0.00	0.0	0.000	0.215	72.3	90	69.2	74.6	20.45	 .0725	0.000	698	1	100.0	30
01/28/20	3:00 a	75.4	75.5	75.3	89	71.9	0.0	WNW	0.00	2.0	WNW	75.4	78.8	78.8	77.0	29.804	0.10	1.18	0	0.00	0	0.0	0.00	0.0	0.000	0.217	72.2	89	68.8	74.4	19.95	 .0726	0.000	698	1	100.0	30
01/28/20	3:30 a	75.5	75.5	75.3	89	72.0	0.0	WNW	0.00	1.0	WNW	75.5	78.9	78.9	77.1	29.801	0.06	1.13	0	0.00	0	0.0	0.00	0.0	0.000	0.219	72.2	90	69.1	74.5	20.45	 .0725	0.000	702	1	100.0	30
01/28/20	4:00 a	75.4	75.6	75.4	89	71.9	0.0	NNW	0.00	3.0	WNW	75.4	78.8	78.8	77.0	29.798	0.09	0.97	0	0.00	0	0.0	0.00	0.0	0.000	0.217	72.3	89	68.9	74.5	19.95	 .0725	0.000	699	1	100.0	30
01/28/20	4:30 a	75.8	75.9	75.4	89	72.3	1.0	SSW	0.50	4.0	W	75.8	79.2	79.2	77.4	29.811	0.05	0.38	0	0.00	0	0.0	0.00	0.0	0.000	0.225	72.2	89	68.8	74.4	19.95	 .0726	0.000	703	1	100.0	30
01/28/20	5:00 a	75.3	75.8	75.3	89	71.8	0.0	WNW	0.00	3.0	SW	75.3	78.7	78.7	76.9	29.818	0.01	0.05	0	0.00	0	0.0	0.00	0.0	0.000	0.215	72.3	89	68.9	74.5	19.95	 .0726	0.000	700	1	100.0	30
01/28/20	5:30 a	75.5	75.5	75.3	89	72.0	0.0	WNW	0.00	5.0	NNW	75.5	78.9	78.9	77.1	29.822	0.06	0.78	0	0.00	0	0.0	0.00	0.0	0.000	0.219	72.3	89	68.9	74.5	19.95	 .0726	0.000	700	1	100.0	30
01/28/20	6:00 a	75.6	75.7	75.5	89	72.1	1.0	WSW	0.50	5.0	SSW	75.6	79.0	79.0	77.2	29.834	0.01	0.30	0	0.00	0	0.0	0.00	0.0	0.000	0.221	72.4	89	69.0	74.6	19.95	 .0726	0.000	700	1	100.0	30
01/28/20	6:30 a	75.8	76.0	75.7	89	72.3	1.0	SW	0.50	9.0	WSW	75.8	79.2	79.2	78.2	29.848	0.00	0.00	0	0.00	0	0.0	0.00	0.0	0.000	0.225	72.2	89	68.8	74.4	19.95	 .0727	0.000	700	1	100.0	30
01/28/20	7:00 a	75.7	76.0	75.7	89	72.2	1.0	SW	0.50	8.0	WSW	75.7	79.1	79.1	78.5	29.860	0.04	0.12	7	0.30	16	0.0	0.00	0.0	0.000	0.223	72.2	89	68.8	74.4	19.95	 .0727	0.000	701	1	100.0	30
01/28/20	7:30 a	75.2	75.8	75.2	89	71.7	1.0	WSW	0.50	7.0	W	75.2	78.5	78.5	78.3	29.874	0.08	0.30	19	0.82	26	0.0	0.00	0.0	0.000	0.212	72.3	89	68.9	74.5	19.95	 .0727	0.000	699	1	100.0	30
01/28/20	8:00 a	75.9	75.9	75.2	89	72.4	0.0	NW	0.00	3.0	N	75.9	79.3	79.3	80.8	29.875	0.02	0.16	73	3.14	105	0.4	0.09	0.8	0.000	0.227	72.2	89	68.8	74.4	19.95	 .0727	0.001	700	1	100.0	30
01/28/20	8:30 a	76.7	76.7	75.7	89	73.2	0.0	NW	0.00	2.0	NNE	76.7	80.5	80.5	83.9	29.866	0.00	0.00	139	5.98	186	1.1	0.24	1.6	0.000	0.244	72.2	89	68.8	74.4	19.95	 .0727	0.000	700	1	100.0	30
01/28/20	9:00 a	77.4	77.5	76.7	89	73.9	1.0	SW	0.50	6.0	N	77.4	81.6	81.6	85.9	29.869	0.00	0.00	186	8.00	221	1.8	0.39	1.9	0.000	0.258	72.2	89	68.8	74.4	19.95	 .0727	0.004	703	1	100.0	30
01/28/20	9:30 a	77.8	78.2	77.4	88	74.0	1.0	E	0.50	4.0	SSE	77.8	82.2	82.2	86.2	29.863	0.00	0.00	185	7.96	220	2.1	0.45	2.4	0.000	0.267	72.2	89	68.8	74.4	19.95	 .0727	0.000	698	1	100.0	30
01/28/20	10:00 a	78.6	78.6	77.6	87	74.4	1.0	SW	0.50	8.0	W	78.6	83.4	83.4	89.1	29.861	0.00	0.00	261	11.22	339	3.1	0.66	4.0	0.000	0.283	72.1	89	68.7	74.2	19.95	 .0727	0.006	701	1	100.0	30
01/28/20	10:30 a	79.8	80.1	78.6	83	74.2	1.0	WNW	0.50	9.0	NW	79.8	84.8	84.8	92.0	29.849	0.00	0.00	339	14.58	392	4.4	0.94	4.8	0.000	0.308	72.1	89	68.7	74.2	19.95	 .0727	0.000	700	1	100.0	30
01/28/20	11:00 a	80.3	80.4	79.7	85	75.4	1.0	W	0.50	4.0	WSW	80.3	86.3	86.3	92.2	29.834	0.00	0.00	274	11.78	448	4.8	1.03	6.2	0.000	0.319	72.2	89	68.8	74.4	19.95	 .0726	0.008	700	1	100.0	30
01/28/20	11:30 a	84.3	84.5	80.4	78	76.7	2.0	WSW	1.00	6.0	WSW	84.3	94.4	94.4	106.4	29.814	0.00	0.00	838	36.04	1162	9.4	2.01	11.5	0.000	0.402	72.2	89	68.8	74.4	19.95	 .0726	0.000	699	1	100.0	30
01/28/20	12:00 p	83.9	84.8	83.8	79	76.7	2.0	SSW	1.00	8.0	W	83.9	93.9	93.9	105.6	29.809	0.00	0.00	876	37.67	1296	9.4	2.01	11.7	0.000	0.394	72.2	89	68.8	74.4	19.95	 .0726	0.022	700	1	100.0	30
01/28/20	12:30 p	82.7	84.4	82.6	79	75.5	2.0	SSE	1.00	9.0	SSE	82.7	90.6	90.6	102.1	29.800	0.00	0.00	606	26.06	944	7.8	1.67	10.6	0.000	0.369	72.1	89	68.7	74.2	19.95	 .0726	0.000	701	1	100.0	30
01/28/20	1:00 p	84.2	85.4	82.7	82	78.1	2.0	S	1.00	12.0	SSE	84.2	95.6	95.6	107.9	29.785	0.00	0.00	675	29.03	1317	8.2	1.76	11.9	0.000	0.400	72.2	89	68.8	74.4	19.95	 .0725	0.018	702	1	100.0	30
01/28/20	1:30 p	84.7	84.7	82.8	79	77.5	1.0	SW	0.50	10.0	SW	84.7	95.5	95.5	105.5	29.770	0.00	0.00	451	19.40	974	6.5	1.39	8.8	0.000	0.410	72.2	89	68.8	74.4	19.95	 .0725	0.000	701	1	100.0	30
01/28/20	2:00 p	84.7	85.8	84.6	75	75.9	3.0	SW	1.50	12.0	WSW	84.7	94.0	94.0	110.7	29.757	0.00	0.00	879	37.80	993	7.7	1.65	8.8	0.000	0.410	72.5	88	68.7	74.7	19.45	 .0724	0.019	701	1	100.0	30
01/28/20	2:30 p	84.9	85.6	84.4	77	76.9	2.0	WSW	1.00	9.0	SSE	84.9	95.1	95.1	111.2	29.751	0.00	0.00	734	31.57	831	5.8	1.24	6.7	0.000	0.415	72.5	88	68.7	74.7	19.45	 .0724	0.000	702	1	100.0	30
01/28/20	3:00 p	84.4	85.2	84.3	77	76.4	3.0	SW	1.50	11.0	SSW	84.4	94.2	94.2	111.0	29.747	0.00	0.00	645	27.74	749	4.4	0.94	5.3	0.000	0.404	72.5	88	68.7	74.7	19.45	 .0724	0.018	700	1	100.0	30
01/28/20	3:30 p	83.5	84.9	83.3	77	75.5	2.0	SW	1.00	8.0	WSW	83.5	92.1	92.1	107.8	29.750	0.00	0.00	504	21.67	675	2.8	0.60	3.9	0.000	0.385	72.4	88	68.6	74.6	19.45	 .0724	0.000	697	1	100.0	30
01/28/20	4:00 p	81.5	83.4	81.5	80	74.7	1.0	SSE	0.50	5.0	SW	81.5	87.7	87.7	94.5	29.759	0.00	0.00	195	8.39	311	1.3	0.28	1.8	0.000	0.344	72.5	88	68.7	74.7	19.45	 .0724	0.009	699	1	100.0	30
01/28/20	4:30 p	80.2	81.5	80.2	84	74.9	0.0	SW	0.00	4.0	SSW	80.2	85.8	85.8	85.7	29.757	0.00	0.00	70	3.01	90	0.4	0.09	0.7	0.000	0.317	72.5	88	68.7	74.7	19.45	 .0724	0.000	700	1	100.0	30
01/28/20	5:00 p	80.5	80.7	80.1	84	75.2	0.0	S	0.00	4.0	SW	80.5	86.5	86.5	86.9	29.756	0.00	0.00	90	3.87	111	0.0	0.00	0.0	0.000	0.323	72.6	88	68.8	74.8	19.45	 .0724	0.002	701	1	100.0	30
01/28/20	5:30 p	79.5	80.6	79.5	85	74.6	0.0	S	0.00	4.0	WNW	79.5	84.6	84.6	83.5	29.769	0.00	0.00	25	1.08	70	0.0	0.00	0.0	0.000	0.302	72.4	88	68.6	74.6	19.45	 .0725	0.000	699	1	100.0	30
01/28/20	6:00 p	78.3	79.6	78.2	86	73.8	0.0	S	0.00	1.0	S	78.3	82.7	82.7	81.1	29.777	0.00	0.00	3	0.13	9	0.0	0.00	0.0	0.000	0.277	72.5	88	68.7	74.7	19.45	 .0725	0.001	700	1	100.0	30
01/28/20	6:30 p	78.1	78.3	78.0	87	73.9	0.0	---	0.00	0.0	---	78.1	82.6	82.6	80.9	29.785	0.00	0.00	0	0.00	0	0.0	0.00	0.0	0.000	0.273	72.5	88	68.7	74.7	19.45	 .0725	0.000	700	1	100.0	30
01/28/20	7:00 p	77.1	78.1	77.1	87	72.9	0.0	---	0.00	0.0	---	77.1	80.9	80.9	79.2	29.783	0.00	0.00	0	0.00	0	0.0	0.00	0.0	0.000	0.252	72.6	88	68.8	74.8	19.45	 .0724	0.001	702	1	100.0	30
01/28/20	7:30 p	76.8	77.1	76.7	88	73.0	0.0	---	0.00	0.0	---	76.8	80.5	80.5	78.8	29.803	0.00	0.00	0	0.00	0	0.0	0.00	0.0	0.000	0.246	72.5	88	68.7	74.7	19.45	 .0725	0.000	701	1	100.0	30
01/28/20	8:00 p	76.6	77.0	76.6	88	72.8	0.0	---	0.00	0.0	---	76.6	80.3	80.3	78.6	29.811	0.00	0.00	0	0.00	0	0.0	0.00	0.0	0.000	0.242	72.6	88	68.8	74.8	19.45	 .0725	0.000	701	1	100.0	30
01/28/20	8:30 p	76.2	76.7	76.2	88	72.4	0.0	---	0.00	0.0	---	76.2	79.7	79.7	78.0	29.810	0.00	0.00	0	0.00	0	0.0	0.00	0.0	0.000	0.233	72.6	88	68.8	74.8	19.45	 .0725	0.000	698	1	100.0	30
01/28/20	9:00 p	75.8	76.2	75.8	88	72.0	0.0	---	0.00	0.0	---	75.8	79.2	79.2	77.4	29.810	0.00	0.00	0	0.00	0	0.0	0.00	0.0	0.000	0.225	72.6	88	68.8	74.8	19.45	 .0725	0.000	700	1	100.0	30
01/28/20	9:30 p	75.6	75.8	75.5	89	72.1	0.0	---	0.00	0.0	---	75.6	79.0	79.0	77.3	29.813	0.00	0.00	0	0.00	0	0.0	0.00	0.0	0.000	0.221	72.6	88	68.8	74.8	19.45	 .0725	0.000	701	1	100.0	30
01/28/20	10:00 p	75.3	75.6	75.3	88	71.5	0.0	---	0.00	0.0	---	75.3	78.6	78.6	76.8	29.823	0.00	0.00	0	0.00	0	0.0	0.00	0.0	0.000	0.215	72.6	88	68.8	74.8	19.45	 .0725	0.000	701	1	100.0	30
01/28/20	10:30 p	74.8	75.4	74.8	89	71.3	0.0	---	0.00	0.0	---	74.8	77.9	77.9	76.1	29.810	0.00	0.00	0	0.00	0	0.0	0.00	0.0	0.000	0.204	72.6	88	68.8	74.8	19.45	 .0725	0.000	699	1	100.0	30
01/28/20	11:00 p	74.7	74.9	74.6	89	71.2	0.0	---	0.00	0.0	---	74.7	77.7	77.7	75.9	29.815	0.00	0.00	0	0.00	0	0.0	0.00	0.0	0.000	0.202	72.7	88	68.9	74.9	19.46	 .0725	0.000	702	1	100.0	30
01/28/20	11:30 p	74.8	75.0	74.6	89	71.3	0.0	---	0.00	0.0	---	74.8	77.9	77.9	76.1	29.810	0.00	0.00	0	0.00	0	0.0	0.00	0.0	0.000	0.204	72.6	88	68.8	74.8	19.45	 .0725	0.000	701	1	100.0	30
01/29/20	12:00 a	74.8	75.0	74.6	89	71.3	0.0	---	0.00	0.0	---	74.8	77.9	77.9	76.1	29.804	0.00	0.00	0	0.00	0	0.0	0.00	0.0	0.000	0.204	72.7	89	69.3	75.0	19.95	 .0725	0.000	702	1	100.0	30
01/29/20	12:30 a	74.9	74.9	74.8	89	71.4	0.0	---	0.00	0.0	---	74.9	78.1	78.1	76.3	29.797	0.00	0.00	0	0.00	0	0.0	0.00	0.0	0.000	0.206	72.6	88	68.8	74.8	19.45	 .0725	0.000	700	1	100.0	30
01/29/20	1:00 a	74.8	75.0	74.7	89	71.3	0.0	---	0.00	0.0	---	74.8	77.9	77.9	76.1	29.792	0.00	0.00	0	0.00	0	0.0	0.00	0.0	0.000	0.204	72.7	89	69.3	75.0	19.95	 .0724	0.000	702	1	100.0	30
01/29/20	1:30 a	74.8	74.8	74.6	89	71.3	0.0	---	0.00	0.0	---	74.8	77.9	77.9	76.1	29.785	0.00	0.00	0	0.00	0	0.0	0.00	0.0	0.000	0.204	72.6	88	68.8	74.8	19.45	 .0725	0.000	700	1	100.0	30
01/29/20	2:00 a	74.6	74.8	74.6	89	71.1	0.0	---	0.00	0.0	---	74.6	77.5	77.5	75.7	29.776	0.00	0.00	0	0.00	0	0.0	0.00	0.0	0.000	0.200	72.6	89	69.2	74.9	19.95	 .0724	0.000	700	1	100.0	30
01/29/20	2:30 a	74.6	74.7	74.5	89	71.1	0.0	---	0.00	0.0	---	74.6	77.5	77.5	75.7	29.776	0.00	0.00	0	0.00	0	0.0	0.00	0.0	0.000	0.200	72.7	88	68.9	74.9	19.46	 .0724	0.000	703	1	100.0	30
01/29/20	3:00 a	74.6	74.6	74.4	89	71.1	0.0	---	0.00	0.0	---	74.6	77.5	77.5	75.7	29.776	0.00	0.00	0	0.00	0	0.0	0.00	0.0	0.000	0.200	72.6	88	68.8	74.8	19.45	 .0724	0.000	701	1	100.0	30
01/29/20	3:30 a	74.5	74.6	74.4	89	71.0	0.0	---	0.00	0.0	---	74.5	77.3	77.3	75.5	29.774	0.00	0.00	0	0.00	0	0.0	0.00	0.0	0.000	0.198	72.7	89	69.3	75.0	19.95	 .0724	0.000	702	1	100.0	30
01/29/20	4:00 a	75.5	75.5	74.4	89	72.0	0.0	---	0.00	0.0	---	75.5	78.9	78.9	77.2	29.781	0.00	0.00	0	0.00	0	0.0	0.00	0.0	0.000	0.219	72.6	88	68.8	74.8	19.45	 .0724	0.000	699	1	100.0	30
01/29/20	4:30 a	75.8	75.8	75.4	89	72.3	0.0	ENE	0.00	3.0	N	75.8	79.2	79.2	77.5	29.784	0.00	0.00	0	0.00	0	0.0	0.00	0.0	0.000	0.225	72.7	89	69.3	75.0	19.95	 .0724	0.000	701	1	100.0	30
01/29/20	5:00 a	75.7	76.0	75.7	89	72.2	0.0	NW	0.00	3.0	NW	75.7	79.1	79.1	77.4	29.800	0.00	0.00	0	0.00	0	0.0	0.00	0.0	0.000	0.223	72.7	90	69.6	75.1	20.45	 .0724	0.000	703	1	100.0	30
01/29/20	5:30 a	75.9	76.0	75.6	89	72.4	0.0	NW	0.00	4.0	NE	75.9	79.3	79.3	77.6	29.807	0.00	0.00	0	0.00	0	0.0	0.00	0.0	0.000	0.227	72.7	88	68.9	74.9	19.46	 .0725	0.000	700	1	100.0	30
01/29/20	6:00 a	76.0	76.1	75.8	89	72.5	0.0	NW	0.00	2.0	NW	76.0	79.4	79.4	77.7	29.811	0.00	0.00	3	0.13	12	0.0	0.00	0.0	0.000	0.229	72.7	89	69.3	75.0	19.95	 .0725	0.000	701	1	100.0	30
01/29/20	6:30 a	76.5	76.6	76.0	89	73.0	0.0	SW	0.00	2.0	SW	76.5	80.2	80.2	81.3	29.822	0.00	0.00	38	1.63	62	0.0	0.00	0.0	0.000	0.240	72.7	89	69.3	75.0	19.95	 .0725	0.000	699	1	100.0	30
01/29/20	7:00 a	77.3	77.5	76.5	89	73.8	0.0	SW	0.00	1.0	SW	77.3	81.4	81.4	84.3	29.837	0.00	0.00	88	3.78	116	0.0	0.00	0.0	0.000	0.256	72.6	89	69.2	74.9	19.95	 .0726	0.002	697	1	100.0	30
01/29/20	7:30 a	78.0	78.0	77.2	89	74.5	0.0	SW	0.00	1.0	SW	78.0	82.7	82.7	85.4	29.847	0.00	0.00	91	3.91	105	0.0	0.00	0.0	0.000	0.271	72.5	88	68.7	74.7	19.45	 .0726	0.000	700	1	100.0	30
01/29/20	8:00 a	77.9	78.0	77.7	89	74.4	0.0	SW	0.00	1.0	SW	77.9	82.5	82.5	83.9	29.859	0.00	0.00	67	2.88	83	0.2	0.04	0.5	0.000	0.269	72.8	88	69.0	75.1	19.46	 .0726	0.002	702	1	100.0	30
01/29/20	8:30 a	78.4	78.4	77.9	89	74.9	0.0	SW	0.00	1.0	SW	78.4	83.4	83.4	85.1	29.872	0.00	0.00	84	3.61	100	0.6	0.13	0.8	0.000	0.279	72.8	88	69.0	75.1	19.46	 .0726	0.000	701	1	100.0	30
01/29/20	9:00 a	78.6	78.7	78.3	89	75.1	0.0	SW	0.00	1.0	SW	78.6	83.8	83.8	85.7	29.878	0.00	0.00	96	4.13	109	0.8	0.17	0.9	0.000	0.283	72.9	88	69.1	75.2	19.47	 .0726	0.002	702	1	100.0	30
01/29/20	9:30 a	78.7	79.0	78.6	89	75.2	0.0	SW	0.00	1.0	SW	78.7	83.9	83.9	85.5	29.863	0.00	0.00	91	3.91	107	1.0	0.21	1.2	0.000	0.285	72.9	88	69.1	75.2	19.47	 .0726	0.000	702	1	100.0	30
01/29/20	10:00 a	79.1	79.2	78.7	89	75.6	0.0	SW	0.00	1.0	SW	79.1	84.7	84.7	86.8	29.851	0.00	0.00	115	4.95	118	1.4	0.30	1.4	0.000	0.294	72.9	88	69.1	75.2	19.47	 .0726	0.003	701	1	100.0	30
01/29/20	10:30 a	79.3	79.4	79.0	89	75.8	0.0	SW	0.00	1.0	SW	79.3	85.1	85.1	87.1	29.844	0.00	0.00	115	4.95	123	1.5	0.32	1.6	0.000	0.298	72.8	88	69.0	75.1	19.46	 .0726	0.000	700	1	100.0	30
01/29/20	11:00 a	80.0	80.1	79.3	89	76.5	0.0	SW	0.00	2.0	NNE	80.0	86.6	86.6	89.9	29.838	0.00	0.00	167	7.18	248	2.2	0.47	3.4	0.000	0.313	72.8	88	69.0	75.1	19.46	 .0725	0.004	701	1	100.0	30
01/29/20	11:30 a	82.5	82.5	79.9	84	77.2	1.0	NNE	0.50	4.0	NE	82.5	91.5	91.5	98.8	29.826	0.00	0.00	340	14.62	466	4.4	0.94	5.6	0.000	0.365	72.9	89	69.5	75.3	19.95	 .0725	0.000	701	1	100.0	30
01/29/20	12:00 p	82.5	82.8	82.1	85	77.5	0.0	NE	0.00	3.0	WSW	82.5	91.8	91.8	98.1	29.811	0.00	0.00	290	12.47	352	4.2	0.90	4.8	0.000	0.365	72.9	88	69.1	75.2	19.47	 .0725	0.008	701	1	100.0	30
01/29/20	12:30 p	82.2	82.8	82.1	84	76.9	1.0	WSW	0.50	3.0	WSW	82.2	90.6	90.6	96.2	29.801	0.00	0.00	257	11.05	316	4.1	0.88	4.7	0.000	0.358	72.9	88	69.1	75.2	19.47	 .0724	0.000	701	1	100.0	30
01/29/20	1:00 p	84.6	84.9	81.9	81	78.1	1.0	SSW	0.50	5.0	SSW	84.6	96.0	96.0	107.7	29.780	0.00	0.00	600	25.80	1035	7.0	1.50	10.0	0.000	0.408	72.9	88	69.1	75.2	19.47	 .0724	0.011	701	1	100.0	30
01/29/20	1:30 p	84.9	85.3	84.2	80	78.0	2.0	SSW	1.00	9.0	WSW	84.9	96.2	96.2	110.1	29.768	0.00	0.00	828	35.61	932	7.7	1.65	8.9	0.000	0.415	72.8	88	69.0	75.1	19.46	 .0724	0.000	702	1	100.0	30
01/29/20	2:00 p	84.3	85.8	84.1	78	76.7	2.0	SW	1.00	8.0	SSW	84.3	94.4	94.4	110.5	29.758	0.00	0.00	847	36.43	986	7.3	1.56	8.1	0.000	0.402	72.9	88	69.1	75.2	19.47	 .0723	0.021	700	1	100.0	30
01/29/20	2:30 p	83.9	85.0	83.9	80	77.1	2.0	SW	1.00	7.0	SSW	83.9	94.2	94.2	108.1	29.747	0.00	0.00	639	27.48	819	5.0	1.07	6.6	0.000	0.394	72.9	88	69.1	75.2	19.47	 .0723	0.000	702	1	100.0	30
01/29/20	3:00 p	82.8	84.7	82.8	81	76.4	1.0	SW	0.50	6.0	W	82.8	91.4	91.4	100.0	29.748	0.00	0.00	290	12.47	823	2.9	0.62	4.7	0.000	0.371	72.9	88	69.1	75.2	19.47	 .0723	0.012	700	1	100.0	30
01/29/20	3:30 p	82.4	82.7	81.9	83	76.7	0.0	SW	0.00	3.0	WSW	82.4	90.9	90.9	96.3	29.751	0.00	0.00	157	6.75	236	1.3	0.28	1.8	0.000	0.363	72.8	88	69.0	75.1	19.46	 .0723	0.000	701	1	100.0	30
01/29/20	4:00 p	82.1	82.8	82.0	82	76.1	0.0	WSW	0.00	2.0	WSW	82.1	89.8	89.8	96.7	29.744	0.00	0.00	194	8.34	292	1.2	0.26	1.6	0.000	0.356	72.9	88	69.1	75.2	19.47	 .0723	0.005	701	1	100.0	30
01/29/20	4:30 p	81.5	82.2	81.5	85	76.6	0.0	WSW	0.00	2.0	WSW	81.5	89.1	89.1	89.5	29.746	0.00	0.00	89	3.83	128	0.5	0.11	0.8	0.000	0.344	73.0	88	69.2	75.3	19.47	 .0723	0.000	701	1	100.0	30
01/29/20	5:00 p	80.6	81.5	80.6	86	76.0	0.0	WSW	0.00	1.0	WSW	80.6	87.2	87.2	86.4	29.754	0.00	0.00	33	1.42	56	0.0	0.00	0.0	0.000	0.325	73.1	88	69.3	75.4	19.47	 .0723	0.002	701	1	100.0	30
01/29/20	5:30 p	80.0	80.7	79.8	86	75.4	0.0	W	0.00	3.0	WSW	80.0	85.8	85.8	84.4	29.755	0.00	0.00	6	0.26	23	0.0	0.00	0.0	0.000	0.313	73.2	88	69.4	75.5	19.48	 .0723	0.000	699	1	100.0	30
01/29/20	6:00 p	79.5	80.2	79.4	87	75.3	0.0	W	0.00	2.0	W	79.5	85.1	85.1	83.6	29.763	0.00	0.00	0	0.00	0	0.0	0.00	0.0	0.000	0.302	73.2	88	69.4	75.5	19.48	 .0723	0.000	700	1	100.0	30
01/29/20	6:30 p	79.2	79.5	79.2	87	75.0	0.0	---	0.00	0.0	---	79.2	84.5	84.5	82.9	29.758	0.00	0.00	0	0.00	0	0.0	0.00	0.0	0.000	0.296	73.0	88	69.2	75.3	19.47	 .0723	0.000	701	1	100.0	30
01/29/20	7:00 p	78.9	79.2	78.8	88	75.0	0.0	---	0.00	0.0	---	78.9	84.1	84.1	82.6	29.763	0.00	0.00	0	0.00	0	0.0	0.00	0.0	0.000	0.290	72.9	88	69.1	75.2	19.47	 .0723	0.001	703	1	100.0	30
01/29/20	7:30 p	78.8	78.9	78.6	88	74.9	0.0	---	0.00	0.0	---	78.8	83.9	83.9	82.3	29.784	0.00	0.00	0	0.00	0	0.0	0.00	0.0	0.000	0.288	72.9	88	69.1	75.2	19.47	 .0724	0.000	700	1	100.0	30
01/29/20	8:00 p	78.6	78.8	78.6	88	74.7	0.0	---	0.00	0.0	---	78.6	83.6	83.6	82.0	29.784	0.05	0.82	0	0.00	0	0.0	0.00	0.0	0.000	0.283	72.8	88	69.0	75.1	19.46	 .0724	0.000	698	1	100.0	30
01/29/20	8:30 p	78.5	78.7	78.5	88	74.6	0.0	W	0.00	1.0	W	78.5	83.4	83.4	81.8	29.788	0.00	0.00	0	0.00	0	0.0	0.00	0.0	0.000	0.281	72.7	88	68.9	74.9	19.46	 .0724	0.000	701	1	100.0	30
01/29/20	9:00 p	77.9	78.5	77.9	88	74.1	0.0	---	0.00	0.0	---	77.9	82.4	82.4	80.8	29.798	0.00	0.00	0	0.00	0	0.0	0.00	0.0	0.000	0.269	72.7	88	68.9	74.9	19.46	 .0725	0.000	700	1	100.0	30
01/29/20	9:30 p	77.6	78.0	77.6	89	74.1	0.0	---	0.00	0.0	---	77.6	82.0	82.0	80.4	29.796	0.01	0.00	0	0.00	0	0.0	0.00	0.0	0.000	0.262	72.7	88	68.9	74.9	19.46	 .0725	0.000	703	1	100.0	30
01/29/20	10:00 p	77.7	77.8	77.6	89	74.2	0.0	---	0.00	0.0	---	77.7	82.1	82.1	80.5	29.800	0.00	0.00	0	0.00	0	0.0	0.00	0.0	0.000	0.265	72.7	88	68.9	74.9	19.46	 .0725	0.000	701	1	100.0	30
01/29/20	10:30 p	77.1	77.7	77.1	89	73.6	0.0	---	0.00	0.0	---	77.1	81.1	81.1	79.4	29.793	0.00	0.00	0	0.00	0	0.0	0.00	0.0	0.000	0.252	72.6	88	68.8	74.8	19.45	 .0725	0.000	698	1	100.0	30
01/29/20	11:00 p	76.8	77.2	76.7	89	73.3	0.0	---	0.00	0.0	---	76.8	80.6	80.6	78.9	29.791	0.00	0.00	0	0.00	0	0.0	0.00	0.0	0.000	0.246	72.7	88	68.9	74.9	19.46	 .0724	0.000	700	1	100.0	30
01/29/20	11:30 p	76.5	76.8	76.5	89	73.0	0.0	---	0.00	0.0	---	76.5	80.2	80.2	78.5	29.786	0.00	0.00	0	0.00	0	0.0	0.00	0.0	0.000	0.240	72.6	88	68.8	74.8	19.45	 .0725	0.000	703	1	100.0	30
01/30/20	12:00 a	76.4	76.5	76.3	89	72.9	0.0	---	0.00	0.0	---	76.4	80.0	80.0	78.3	29.777	0.00	0.00	0	0.00	0	0.0	0.00	0.0	0.000	0.238	72.6	88	68.8	74.8	19.45	 .0724	0.000	700	1	100.0	30
01/30/20	12:30 a	76.1	76.4	76.1	89	72.6	0.0	---	0.00	0.0	---	76.1	79.6	79.6	77.9	29.771	0.00	0.00	0	0.00	0	0.0	0.00	0.0	0.000	0.231	72.6	88	68.8	74.8	19.45	 .0724	0.000	702	1	100.0	30
01/30/20	1:00 a	76.2	76.3	76.0	89	72.7	0.0	---	0.00	0.0	---	76.2	79.7	79.7	78.0	29.758	0.00	0.00	0	0.00	0	0.0	0.00	0.0	0.000	0.233	72.6	88	68.8	74.8	19.45	 .0724	0.000	699	1	100.0	30
01/30/20	1:30 a	76.2	76.4	76.1	89	72.7	0.0	---	0.00	0.0	---	76.2	79.7	79.7	78.0	29.754	0.00	0.00	0	0.00	0	0.0	0.00	0.0	0.000	0.233	72.6	88	68.8	74.8	19.45	 .0724	0.000	702	1	100.0	30
01/30/20	2:00 a	76.6	76.7	76.2	89	73.1	0.0	---	0.00	0.0	---	76.6	80.3	80.3	78.6	29.753	0.00	0.00	0	0.00	0	0.0	0.00	0.0	0.000	0.242	72.6	88	68.8	74.8	19.45	 .0724	0.000	698	1	100.0	30
01/30/20	2:30 a	76.9	76.9	76.5	89	73.4	0.0	---	0.00	0.0	---	76.9	80.8	80.8	79.1	29.743	0.00	0.00	0	0.00	0	0.0	0.00	0.0	0.000	0.248	72.6	88	68.8	74.8	19.45	 .0723	0.000	703	1	100.0	30
01/30/20	3:00 a	76.8	76.9	76.7	89	73.3	0.0	---	0.00	0.0	---	76.8	80.6	80.6	78.9	29.746	0.00	0.00	0	0.00	0	0.0	0.00	0.0	0.000	0.246	72.6	88	68.8	74.8	19.45	 .0724	0.000	699	1	100.0	30
01/30/20	3:30 a	76.5	76.9	76.5	89	73.0	0.0	---	0.00	0.0	---	76.5	80.2	80.2	78.5	29.741	0.00	0.00	0	0.00	0	0.0	0.00	0.0	0.000	0.240	72.5	88	68.7	74.7	19.45	 .0724	0.000	701	1	100.0	30
01/30/20	4:00 a	76.5	76.6	76.3	89	73.0	0.0	---	0.00	0.0	---	76.5	80.2	80.2	78.5	29.756	0.00	0.00	0	0.00	0	0.0	0.00	0.0	0.000	0.240	72.6	88	68.8	74.8	19.45	 .0724	0.000	702	1	100.0	30
01/30/20	4:30 a	76.6	76.6	76.4	89	73.1	0.0	---	0.00	0.0	---	76.6	80.3	80.3	78.6	29.766	0.00	0.00	0	0.00	0	0.0	0.00	0.0	0.000	0.242	72.5	88	68.7	74.7	19.45	 .0724	0.000	701	1	100.0	30
01/30/20	5:00 a	76.1	76.7	76.1	89	72.6	0.0	---	0.00	0.0	---	76.1	79.6	79.6	77.9	29.775	0.00	0.00	0	0.00	0	0.0	0.00	0.0	0.000	0.231	72.6	88	68.8	74.8	19.45	 .0724	0.000	700	1	100.0	30
01/30/20	5:30 a	76.2	76.3	76.0	89	72.7	0.0	---	0.00	0.0	---	76.2	79.7	79.7	78.0	29.769	0.00	0.00	0	0.00	0	0.0	0.00	0.0	0.000	0.233	72.5	88	68.7	74.7	19.45	 .0724	0.000	698	1	100.0	30
01/30/20	6:00 a	75.8	76.3	75.7	89	72.3	0.0	---	0.00	0.0	---	75.8	79.2	79.2	77.5	29.772	0.00	0.00	3	0.13	19	0.0	0.00	0.0	0.000	0.225	72.5	88	68.7	74.7	19.45	 .0724	0.000	701	1	100.0	30
01/30/20	6:30 a	76.4	76.4	75.8	89	72.9	0.0	---	0.00	0.0	---	76.4	80.0	80.0	80.9	29.783	0.00	0.00	36	1.55	44	0.0	0.00	0.0	0.000	0.238	72.6	88	68.8	74.8	19.45	 .0724	0.000	699	1	100.0	30
01/30/20	7:00 a	77.2	77.2	76.4	89	73.7	0.0	---	0.00	0.0	---	77.2	81.3	81.3	83.5	29.800	0.00	0.00	70	3.01	98	0.0	0.00	0.0	0.000	0.254	72.6	88	68.8	74.8	19.45	 .0725	0.001	699	1	100.0	30
01/30/20	7:30 a	77.7	77.9	77.2	89	74.2	0.0	---	0.00	0.0	---	77.7	82.1	82.1	85.1	29.794	0.00	0.00	100	4.30	134	0.5	0.11	0.7	0.000	0.265	72.6	88	68.8	74.8	19.45	 .0725	0.000	700	1	100.0	30
01/30/20	8:00 a	78.6	78.8	77.7	89	75.1	0.0	---	0.00	0.0	---	78.6	83.8	83.8	86.4	29.808	0.00	0.00	102	4.39	185	1.0	0.21	1.4	0.000	0.283	72.6	88	68.8	74.8	19.45	 .0725	0.003	699	1	100.0	30
01/30/20	8:30 a	79.9	79.9	78.6	90	76.7	0.0	ESE	0.00	2.0	ESE	79.9	86.6	86.6	90.1	29.814	0.00	0.00	139	5.98	223	1.6	0.34	2.0	0.000	0.310	72.5	88	68.7	74.7	19.45	 .0725	0.000	699	1	100.0	30
01/30/20	9:00 a	80.6	81.3	78.9	88	76.7	0.0	SSW	0.00	2.0	ESE	80.6	87.7	87.7	93.2	29.813	0.00	0.00	228	9.81	276	2.4	0.51	3.0	0.000	0.325	72.6	88	68.8	74.8	19.45	 .0725	0.005	701	1	100.0	30
01/30/20	9:30 a	83.2	83.2	80.5	81	76.8	1.0	S	0.50	4.0	S	83.2	92.5	92.5	102.9	29.810	0.00	0.00	496	21.33	796	4.4	0.94	6.1	0.000	0.379	72.6	88	68.8	74.8	19.45	 .0725	0.000	699	1	100.0	30
01/30/20	10:00 a	82.8	84.1	82.7	80	76.0	1.0	S	0.50	6.0	S	82.8	91.1	91.1	102.5	29.816	0.00	0.00	594	25.55	963	5.5	1.18	7.2	0.000	0.371	72.6	88	68.8	74.8	19.45	 .0725	0.014	698	1	100.0	30
01/30/20	10:30 a	85.6	85.6	82.8	82	79.5	1.0	ESE	0.50	5.0	S	85.6	98.7	98.7	111.2	29.808	0.00	0.00	898	38.62	1027	8.2	1.76	9.4	0.000	0.429	72.5	88	68.7	74.7	19.45	 .0725	0.000	700	1	100.0	30
01/30/20	11:00 a	85.6	86.0	82.9	82	79.5	2.0	SE	1.00	7.0	SSE	85.6	98.7	98.7	111.3	29.802	0.00	0.00	723	31.09	1297	7.6	1.63	11.0	0.000	0.429	72.6	88	68.8	74.8	19.45	 .0725	0.021	701	1	100.0	30
01/30/20	11:30 a	83.8	85.6	83.5	80	77.0	1.0	SE	0.50	7.0	S	83.8	93.9	93.9	102.9	29.794	0.00	0.00	436	18.75	1055	6.9	1.48	10.4	0.000	0.392	72.6	88	68.8	74.8	19.45	 .0725	0.000	702	1	100.0	30
01/30/20	12:00 p	86.5	86.6	83.8	77	78.4	1.0	S	0.50	7.0	SSE	86.5	99.2	99.2	111.7	29.783	0.00	0.00	787	33.85	1130	8.8	1.89	10.8	0.000	0.448	72.6	88	68.8	74.8	19.45	 .0724	0.017	700	1	100.0	30
01/30/20	12:30 p	85.3	86.5	84.9	75	76.5	2.0	S	1.00	7.0	SSE	85.3	95.3	95.3	109.4	29.776	0.00	0.00	991	42.62	1157	9.4	2.01	10.9	0.000	0.423	72.5	88	68.7	74.7	19.45	 .0724	0.000	702	1	100.0	30
01/30/20	1:00 p	85.9	85.9	84.3	79	78.6	1.0	S	0.50	6.0	SSW	85.9	98.2	98.2	110.5	29.766	0.00	0.00	737	31.70	1167	8.3	1.78	10.7	0.000	0.435	72.6	88	68.8	74.8	19.45	 .0724	0.022	700	1	100.0	30
01/30/20	1:30 p	86.8	86.8	85.6	78	79.1	2.0	SSE	1.00	7.0	SSE	86.8	100.5	100.5	116.5	29.743	0.00	0.00	932	40.08	1039	8.2	1.76	9.3	0.000	0.454	72.7	88	68.9	74.9	19.46	 .0723	0.000	702	1	100.0	30
01/30/20	2:00 p	85.7	86.8	85.2	74	76.5	2.0	SSE	1.00	6.0	SSE	85.7	95.9	95.9	110.9	29.733	0.00	0.00	795	34.19	1134	6.3	1.35	8.4	0.000	0.431	72.9	88	69.1	75.2	19.47	 .0723	0.022	702	1	100.0	30
01/30/20	2:30 p	86.2	86.9	85.3	76	77.7	2.0	S	1.00	8.0	ESE	86.2	97.9	97.9	116.3	29.725	0.00	0.00	827	35.57	918	5.7	1.22	6.7	0.000	0.442	72.8	88	69.0	75.1	19.46	 .0723	0.000	702	1	100.0	30
01/30/20	3:00 p	85.5	86.6	85.1	78	77.9	2.0	SE	1.00	8.0	SSE	85.5	96.9	96.9	115.0	29.727	0.00	0.00	689	29.63	773	4.0	0.86	5.1	0.000	0.427	72.7	88	68.9	74.9	19.46	 .0723	0.019	701	1	100.0	30
01/30/20	3:30 p	84.3	86.1	84.0	78	76.7	2.0	ESE	1.00	10.0	ESE	84.3	94.4	94.4	110.8	29.724	0.00	0.00	520	22.36	624	2.5	0.54	3.4	0.000	0.402	72.8	88	69.0	75.1	19.46	 .0723	0.000	700	1	100.0	30
01/30/20	4:00 p	84.3	85.1	84.1	78	76.7	2.0	E	1.00	8.0	SSE	84.3	94.4	94.4	111.4	29.723	0.00	0.00	452	19.44	624	1.6	0.34	2.2	0.000	0.402	73.1	88	69.3	75.4	19.47	 .0722	0.012	702	1	100.0	30
01/30/20	4:30 p	83.2	84.3	83.2	80	76.4	1.0	SE	0.50	6.0	SSE	83.2	92.3	92.3	97.2	29.723	0.00	0.00	297	12.77	397	0.8	0.17	1.2	0.000	0.379	73.3	88	69.5	75.6	19.48	 .0722	0.000	698	1	100.0	30
01/30/20	5:00 p	81.7	83.2	81.7	82	75.7	1.0	SE	0.50	6.0	ESE	81.7	88.8	88.8	88.3	29.727	0.00	0.00	48	2.06	60	0.0	0.00	0.5	0.000	0.348	73.3	88	69.5	75.6	19.48	 .0722	0.005	697	1	100.0	30
01/30/20	5:30 p	81.1	81.7	81.1	84	75.8	0.0	NE	0.00	3.0	E	81.1	87.8	87.8	87.1	29.736	0.00	0.00	41	1.76	62	0.0	0.00	0.0	0.000	0.335	73.2	89	69.8	75.6	19.95	 .0722	0.000	698	1	100.0	30
01/30/20	6:00 p	79.9	81.1	79.9	85	75.0	0.0	E	0.00	2.0	E	79.9	85.4	85.4	83.8	29.743	0.00	0.00	2	0.09	12	0.0	0.00	0.0	0.000	0.310	73.2	89	69.8	75.6	19.95	 .0722	0.001	701	1	100.0	30
01/30/20	6:30 p	79.3	79.9	79.3	86	74.7	0.0	E	0.00	1.0	E	79.3	84.5	84.5	82.9	29.748	0.00	0.00	0	0.00	0	0.0	0.00	0.0	0.000	0.298	73.2	89	69.8	75.6	19.95	 .0722	0.000	702	1	100.0	30
01/30/20	7:00 p	78.9	79.3	78.8	87	74.7	0.0	---	0.00	0.0	---	78.9	83.9	83.9	82.3	29.748	0.00	0.00	0	0.00	0	0.0	0.00	0.0	0.000	0.290	73.1	89	69.7	75.5	19.95	 .0722	0.001	700	1	100.0	30
01/30/20	7:30 p	78.4	78.9	78.4	87	74.2	0.0	---	0.00	0.0	---	78.4	83.1	83.1	81.5	29.757	0.00	0.00	0	0.00	0	0.0	0.00	0.0	0.000	0.279	73.1	89	69.7	75.5	19.95	 .0723	0.000	699	1	100.0	30
01/30/20	8:00 p	78.3	78.4	78.2	88	74.5	0.0	---	0.00	0.0	---	78.3	83.1	83.1	81.5	29.767	0.00	0.00	0	0.00	0	0.0	0.00	0.0	0.000	0.277	73.0	89	69.6	75.4	19.95	 .0723	0.001	701	1	100.0	30
01/30/20	8:30 p	78.4	78.4	78.2	88	74.5	0.0	---	0.00	0.0	---	78.4	83.2	83.2	81.6	29.778	0.00	0.00	0	0.00	0	0.0	0.00	0.0	0.000	0.279	73.1	89	69.7	75.5	19.95	 .0723	0.000	702	1	100.0	30
01/30/20	9:00 p	78.4	78.5	78.3	88	74.5	0.0	---	0.00	0.0	---	78.4	83.2	83.2	81.6	29.786	0.00	0.00	0	0.00	0	0.0	0.00	0.0	0.000	0.279	72.9	89	69.5	75.3	19.95	 .0724	0.000	700	1	100.0	30
01/30/20	9:30 p	78.2	78.4	78.2	88	74.4	0.0	---	0.00	0.0	---	78.2	82.9	82.9	81.3	29.796	0.00	0.00	0	0.00	0	0.0	0.00	0.0	0.000	0.275	72.9	89	69.5	75.3	19.95	 .0724	0.000	700	1	100.0	30
01/30/20	10:00 p	78.2	78.4	78.1	88	74.4	0.0	---	0.00	0.0	---	78.2	82.9	82.9	81.3	29.793	0.00	0.00	0	0.00	0	0.0	0.00	0.0	0.000	0.275	73.0	89	69.6	75.4	19.95	 .0724	0.000	699	1	100.0	30
01/30/20	10:30 p	77.6	78.2	77.6	88	73.8	0.0	---	0.00	0.0	---	77.6	81.8	81.8	80.1	29.792	0.00	0.00	0	0.00	0	0.0	0.00	0.0	0.000	0.262	72.9	89	69.5	75.3	19.95	 .0724	0.000	700	1	100.0	30
01/30/20	11:00 p	76.8	77.7	76.8	88	73.0	0.0	---	0.00	0.0	---	76.8	80.5	80.5	78.7	29.786	0.00	0.00	0	0.00	0	0.0	0.00	0.0	0.000	0.246	72.9	89	69.5	75.3	19.95	 .0724	0.000	701	1	100.0	30
01/30/20	11:30 p	76.3	76.8	76.3	88	72.5	0.0	---	0.00	0.0	---	76.3	79.8	79.8	78.0	29.781	0.00	0.00	0	0.00	0	0.0	0.00	0.0	0.000	0.235	72.9	89	69.5	75.3	19.95	 .0724	0.000	703	1	100.0	30
01/31/20	12:00 a	76.5	76.5	76.1	89	73.0	0.0	---	0.00	0.0	---	76.5	80.2	80.2	78.5	29.774	0.00	0.00	0	0.00	0	0.0	0.00	0.0	0.000	0.240	72.9	89	69.5	75.3	19.95	 .0723	0.000	701	1	100.0	30
01/31/20	12:30 a	76.6	76.7	76.5	89	73.1	0.0	---	0.00	0.0	---	76.6	80.3	80.3	78.6	29.762	0.00	0.00	0	0.00	0	0.0	0.00	0.0	0.000	0.242	72.9	89	69.5	75.3	19.95	 .0723	0.000	699	1	100.0	30
01/31/20	1:00 a	76.8	76.9	76.6	89	73.3	0.0	---	0.00	0.0	---	76.8	80.6	80.6	78.9	29.757	0.00	0.00	0	0.00	0	0.0	0.00	0.0	0.000	0.246	72.9	89	69.5	75.3	19.95	 .0723	0.000	702	1	100.0	30
01/31/20	1:30 a	76.9	77.1	76.7	89	73.4	0.0	---	0.00	0.0	---	76.9	80.8	80.8	79.1	29.751	0.00	0.00	0	0.00	0	0.0	0.00	0.0	0.000	0.248	72.9	89	69.5	75.3	19.95	 .0723	0.000	701	1	100.0	30
01/31/20	2:00 a	76.5	77.1	76.4	89	73.0	0.0	---	0.00	0.0	---	76.5	80.2	80.2	78.5	29.738	0.00	0.00	0	0.00	0	0.0	0.00	0.0	0.000	0.240	72.9	89	69.5	75.3	19.95	 .0723	0.000	698	1	100.0	30
01/31/20	2:30 a	75.6	76.5	75.5	89	72.1	0.0	---	0.00	0.0	---	75.6	79.0	79.0	77.2	29.734	0.00	0.00	0	0.00	0	0.0	0.00	0.0	0.000	0.221	72.9	89	69.5	75.3	19.95	 .0722	0.000	700	1	100.0	30
01/31/20	3:00 a	75.3	75.7	75.1	89	71.8	0.0	---	0.00	0.0	---	75.3	78.7	78.7	76.9	29.732	0.00	0.00	0	0.00	0	0.0	0.00	0.0	0.000	0.215	72.8	89	69.4	75.2	19.95	 .0723	0.000	700	1	100.0	30
01/31/20	3:30 a	74.7	75.4	74.7	89	71.2	0.0	---	0.00	0.0	---	74.7	77.7	77.7	75.9	29.734	0.00	0.00	0	0.00	0	0.0	0.00	0.0	0.000	0.202	72.8	89	69.4	75.2	19.95	 .0723	0.000	701	1	100.0	30
01/31/20	4:00 a	74.4	74.8	74.4	89	70.9	0.0	---	0.00	0.0	---	74.4	77.1	77.1	75.2	29.742	0.00	0.00	0	0.00	0	0.0	0.00	0.0	0.000	0.196	72.8	89	69.4	75.2	19.95	 .0723	0.000	701	1	100.0	30
01/31/20	4:30 a	74.3	74.6	74.2	89	70.8	0.0	---	0.00	0.0	---	74.3	76.9	76.9	75.0	29.746	0.00	0.00	0	0.00	0	0.0	0.00	0.0	0.000	0.194	72.8	89	69.4	75.2	19.95	 .0723	0.000	701	1	100.0	30
01/31/20	5:00 a	73.9	74.3	73.9	89	70.5	0.0	---	0.00	0.0	---	73.9	76.3	76.3	74.4	29.746	0.00	0.00	0	0.00	0	0.0	0.00	0.0	0.000	0.185	72.9	89	69.5	75.3	19.95	 .0723	0.000	702	1	100.0	30
01/31/20	5:30 a	73.8	74.0	73.7	89	70.4	0.0	---	0.00	0.0	---	73.8	76.2	76.2	74.3	29.748	0.00	0.00	0	0.00	0	0.0	0.00	0.0	0.000	0.183	72.8	89	69.4	75.2	19.95	 .0723	0.000	700	1	100.0	30
01/31/20	6:00 a	73.5	73.9	73.5	89	70.1	0.0	---	0.00	0.0	---	73.5	75.9	75.9	74.0	29.759	0.00	0.00	0	0.00	5	0.0	0.00	0.0	0.000	0.177	72.9	89	69.5	75.3	19.95	 .0723	0.000	701	1	100.0	30
01/31/20	6:30 a	73.9	73.9	73.5	89	70.5	0.0	---	0.00	0.0	---	73.9	76.3	76.3	75.9	29.758	0.00	0.00	11	0.47	18	0.0	0.00	0.0	0.000	0.185	72.9	89	69.5	75.3	19.95	 .0723	0.000	701	1	100.0	30
01/31/20	7:00 a	74.6	74.6	73.9	89	71.1	0.0	---	0.00	0.0	---	74.6	77.5	77.5	77.5	29.776	0.00	0.00	23	0.99	30	0.0	0.00	0.0	0.000	0.200	72.9	89	69.5	75.3	19.95	 .0724	0.001	702	1	100.0	30
01/31/20	7:30 a	76.0	76.0	74.6	89	72.5	0.0	---	0.00	0.0	---	76.0	79.4	79.4	79.8	29.785	0.00	0.00	34	1.46	74	0.0	0.00	0.5	0.000	0.229	72.9	89	69.5	75.3	19.95	 .0724	0.000	698	1	100.0	30
01/31/20	8:00 a	77.2	77.2	76.1	89	73.7	0.0	---	0.00	0.0	---	77.2	81.3	81.3	81.7	29.792	0.00	0.00	39	1.68	93	0.1	0.02	1.2	0.000	0.254	72.9	89	69.5	75.3	19.95	 .0724	0.001	698	1	100.0	30
01/31/20	8:30 a	78.2	78.2	77.2	89	74.7	0.0	---	0.00	0.0	---	78.2	83.0	83.0	84.4	29.797	0.00	0.00	73	3.14	246	0.6	0.13	1.6	0.000	0.275	72.9	89	69.5	75.3	19.95	 .0724	0.000	701	1	100.0	30
01/31/20	9:00 a	81.1	81.1	78.2	87	76.9	0.0	SW	0.00	4.0	SW	81.1	88.6	88.6	90.0	29.802	0.00	0.00	78	3.35	193	1.8	0.39	2.8	0.000	0.335	72.9	89	69.5	75.3	19.95	 .0724	0.002	700	1	100.0	30
01/31/20	9:30 a	83.8	83.8	81.2	81	77.3	1.0	S	0.50	4.0	S	83.8	94.3	94.3	105.8	29.804	0.00	0.00	569	24.47	807	4.4	0.94	5.8	0.000	0.392	72.9	89	69.5	75.3	19.95	 .0724	0.000	702	1	100.0	30
01/31/20	10:00 a	85.4	85.4	83.8	77	77.4	2.0	SSW	1.00	5.0	S	85.4	96.3	96.3	108.4	29.802	0.00	0.00	836	35.95	877	6.5	1.39	7.2	0.000	0.425	72.9	89	69.5	75.3	19.95	 .0724	0.018	700	1	100.0	30
01/31/20	10:30 a	85.9	86.1	85.4	75	77.1	2.0	S	1.00	7.0	S	85.9	96.8	96.8	109.6	29.796	0.00	0.00	926	39.82	974	7.9	1.69	8.5	0.000	0.435	72.9	89	69.5	75.3	19.95	 .0724	0.000	702	1	100.0	30
01/31/20	11:00 a	86.7	86.7	85.4	76	78.2	2.0	SSW	1.00	8.0	S	86.7	99.3	99.3	112.2	29.790	0.00	0.00	962	41.37	988	9.0	1.93	9.5	0.000	0.452	72.9	89	69.5	75.3	19.95	 .0724	0.025	700	1	100.0	30
01/31/20	11:30 a	86.6	86.8	85.7	75	77.7	2.0	S	1.00	7.0	SSW	86.6	98.6	98.6	111.3	29.780	0.00	0.00	954	41.03	972	9.7	2.08	9.9	0.000	0.450	73.0	89	69.6	75.4	19.95	 .0723	0.000	700	1	100.0	30
01/31/20	12:00 p	86.2	87.0	85.7	74	76.9	2.0	SSW	1.00	7.0	SSW	86.2	97.2	97.2	110.4	29.773	0.00	0.00	977	42.02	981	10.0	2.14	10.1	0.000	0.442	73.0	89	69.6	75.4	19.95	 .0723	0.026	698	1	100.0	30
01/31/20	12:30 p	86.4	87.1	85.9	73	76.7	2.0	SSW	1.00	6.0	S	86.4	97.3	97.3	111.1	29.766	0.00	0.00	974	41.89	977	9.9	2.12	10.0	0.000	0.446	73.0	89	69.6	75.4	19.95	 .0723	0.000	701	1	100.0	30
01/31/20	1:00 p	87.0	87.6	85.9	73	77.3	2.0	SSW	1.00	6.0	SSW	87.0	98.8	98.8	114.2	29.755	0.00	0.00	999	42.96	1042	9.5	2.04	9.8	0.000	0.458	73.1	89	69.7	75.5	19.95	 .0723	0.026	700	1	100.0	30
01/31/20	1:30 p	86.9	87.7	86.4	75	78.0	2.0	SE	1.00	8.0	SE	86.9	99.3	99.3	115.6	29.745	0.00	0.00	954	41.03	1046	8.1	1.74	9.0	0.000	0.456	73.0	89	69.6	75.4	19.95	 .0723	0.000	701	1	100.0	30
01/31/20	2:00 p	87.2	87.7	86.4	72	77.1	1.0	WSW	0.50	6.0	S	87.2	98.7	98.7	116.0	29.735	0.00	0.00	899	38.66	984	7.1	1.52	7.9	0.000	0.462	73.0	89	69.6	75.4	19.95	 .0722	0.023	702	1	100.0	30
01/31/20	2:30 p	86.8	87.5	86.6	74	77.5	2.0	S	1.00	6.0	E	86.8	98.7	98.7	116.2	29.725	0.00	0.00	788	33.89	853	5.7	1.22	6.5	0.000	0.454	73.0	89	69.6	75.4	19.95	 .0722	0.000	699	1	100.0	30
01/31/20	3:00 p	85.5	87.2	85.5	75	76.7	1.0	SSW	0.50	4.0	SSE	85.5	95.8	95.8	111.4	29.724	0.00	0.00	600	25.80	810	3.7	0.79	5.0	0.000	0.427	73.0	89	69.6	75.4	19.95	 .0722	0.018	700	1	100.0	30
01/31/20	3:30 p	86.2	86.9	85.0	75	77.3	2.0	S	1.00	7.0	S	86.2	97.5	97.5	114.8	29.720	0.00	0.00	545	23.44	810	2.6	0.56	3.2	0.000	0.442	73.1	89	69.7	75.5	19.95	 .0722	0.000	701	1	100.0	30
01/31/20	4:00 p	85.3	86.5	85.3	73	75.7	1.0	SSE	0.50	7.0	SSE	85.3	94.6	94.6	111.1	29.720	0.00	0.00	441	18.97	501	1.7	0.36	2.2	0.000	0.423	73.1	89	69.7	75.5	19.95	 .0722	0.013	703	1	100.0	30
01/31/20	4:30 p	83.9	85.4	83.9	77	75.9	1.0	SSE	0.50	4.0	SSE	83.9	93.2	93.2	97.3	29.728	0.00	0.00	267	11.48	406	0.8	0.17	1.2	0.000	0.394	73.0	89	69.6	75.4	19.95	 .0722	0.000	700	1	100.0	30
01/31/20	5:00 p	82.5	83.9	82.1	79	75.3	1.0	ESE	0.50	4.0	NE	82.5	90.0	90.0	89.5	29.732	0.00	0.00	51	2.19	65	0.1	0.02	0.5	0.000	0.365	72.9	89	69.5	75.3	19.95	 .0722	0.004	701	1	100.0	30
01/31/20	5:30 p	81.0	82.7	81.0	83	75.3	0.0	ESE	0.00	2.0	ESE	81.0	87.3	87.3	86.2	29.734	0.00	0.00	22	0.95	39	0.0	0.00	0.0	0.000	0.333	72.9	89	69.5	75.3	19.95	 .0722	0.000	702	1	100.0	30
01/31/20	6:00 p	79.7	81.0	79.7	85	74.8	0.0	ESE	0.00	1.0	ESE	79.7	85.0	85.0	83.4	29.741	0.00	0.00	3	0.13	11	0.0	0.00	0.0	0.000	0.306	73.1	90	70.0	75.6	20.45	 .0722	0.001	702	1	100.0	30
01/31/20	6:30 p	78.3	79.7	78.3	86	73.8	0.0	---	0.00	0.0	---	78.3	82.7	82.7	81.0	29.750	0.00	0.00	0	0.00	0	0.0	0.00	0.0	0.000	0.277	73.2	89	69.8	75.6	19.95	 .0722	0.000	700	1	100.0	30
01/31/20	7:00 p	77.6	78.3	77.6	87	73.4	0.0	---	0.00	0.0	---	77.6	81.7	81.7	80.0	29.757	0.00	0.00	0	0.00	0	0.0	0.00	0.0	0.000	0.262	73.2	89	69.8	75.6	19.95	 .0722	0.001	700	1	100.0	30
01/31/20	7:30 p	77.1	77.6	77.1	87	72.9	0.0	---	0.00	0.0	---	77.1	80.9	80.9	79.1	29.766	0.00	0.00	0	0.00	0	0.0	0.00	0.0	0.000	0.252	73.2	89	69.8	75.6	19.95	 .0723	0.000	701	1	100.0	30
01/31/20	8:00 p	76.9	77.1	76.8	87	72.7	0.0	---	0.00	0.0	---	76.9	80.6	80.6	78.8	29.774	0.00	0.00	0	0.00	0	0.0	0.00	0.0	0.000	0.248	73.2	89	69.8	75.6	19.95	 .0723	0.001	698	1	100.0	30
01/31/20	8:30 p	76.5	76.8	76.5	88	72.7	0.0	---	0.00	0.0	---	76.5	80.1	80.1	78.3	29.788	0.00	0.00	0	0.00	0	0.0	0.00	0.0	0.000	0.240	73.3	89	69.9	75.7	19.95	 .0723	0.000	701	1	100.0	30
01/31/20	9:00 p	76.4	76.5	76.3	88	72.6	0.0	---	0.00	0.0	---	76.4	80.0	80.0	78.2	29.795	0.00	0.00	0	0.00	0	0.0	0.00	0.0	0.000	0.238	73.3	89	69.9	75.7	19.95	 .0723	0.000	701	1	100.0	30
01/31/20	9:30 p	76.5	76.6	76.3	88	72.7	0.0	---	0.00	0.0	---	76.5	80.1	80.1	78.3	29.807	0.00	0.00	0	0.00	0	0.0	0.00	0.0	0.000	0.240	73.3	89	69.9	75.7	19.95	 .0723	0.000	703	1	100.0	30
01/31/20	10:00 p	76.5	76.7	76.5	88	72.7	0.0	---	0.00	0.0	---	76.5	80.1	80.1	78.3	29.805	0.00	0.00	0	0.00	0	0.0	0.00	0.0	0.000	0.240	73.3	89	69.9	75.7	19.95	 .0723	0.000	700	1	100.0	30
01/31/20	10:30 p	76.4	76.6	76.4	88	72.6	0.0	---	0.00	0.0	---	76.4	80.0	80.0	78.2	29.795	0.00	0.00	0	0.00	0	0.0	0.00	0.0	0.000	0.238	73.3	89	69.9	75.7	19.95	 .0723	0.000	702	1	100.0	30
01/31/20	11:00 p	76.2	76.5	76.1	88	72.4	0.0	---	0.00	0.0	---	76.2	79.7	79.7	77.9	29.788	0.00	0.00	0	0.00	0	0.0	0.00	0.0	0.000	0.233	73.3	89	69.9	75.7	19.95	 .0723	0.000	697	1	100.0	30
01/31/20	11:30 p	75.9	76.2	75.9	88	72.1	0.0	---	0.00	0.0	---	75.9	79.3	79.3	77.5	29.785	0.00	0.00	0	0.00	0	0.0	0.00	0.0	0.000	0.227	73.4	89	70.0	75.8	19.95	 .0723	0.000	702	1	100.0	30
02/01/20	12:00 a	75.8	76.0	75.7	89	72.3	0.0	---	0.00	0.0	---	75.8	79.2	79.2	77.4	29.775	0.00	0.00	0	0.00	0	0.0	0.00	0.0	0.000	0.225	73.4	89	70.0	75.8	19.95	 .0723	0.000	700	1	100.0	30
