		Temp	Hi	Low	Out	Dew	Wind	Wind	Wind	Hi	Hi	Wind	Heat	THW	THSW			Rain	Solar	Solar	Hi Solar	UV 	UV 	Hi 	Heat	Cool	In 	In	In 	In 	In 	In Air		Wind	Wind	ISS 	Arc.
Date	Time	Out	Temp	Temp	Hum	Pt.	Speed	Dir	Run	Speed	Dir	Chill	Index	Index	Index	Bar  	Rain	Rate	Rad.	Energy	Rad. 	Index	Dose	UV 	D-D 	D-D 	Temp	Hum	Dew	Heat	EMC	Density	ET 	Samp	Tx 	Recept	Int.
07/09/20	3:30 p	80.0	80.7	80.0	100	80.0	0.0	SE	0.00	2.0	SE	80.0	89.6	89.6	94.0	19.389	0.00	0.00	152	6.54	243	1.1	0.24	1.4	0.000	0.313	-52.3	0	---	-52.4	-52.4	 .0631	0.000	386	1	56.4	30
07/09/20	4:00 p	79.6	80.7	79.5	100	79.6	0.0	SE	0.00	4.0	ESE	79.6	88.5	88.5	93.3	19.389	0.00	0.00	146	6.28	209	0.9	0.19	1.3	0.000	0.304	-52.3	0	---	-52.4	-52.4	 .0631	0.004	701	1	100.0	30
07/09/20	4:30 p	79.6	79.7	78.9	100	79.6	0.0	SSW	0.00	3.0	ESE	79.6	88.5	88.5	90.9	19.389	0.00	0.00	68	2.92	90	0.0	0.00	0.0	0.000	0.304	-52.3	0	---	-52.4	-52.4	 .0631	0.000	700	1	100.0	30
07/09/20	5:00 p	79.0	79.6	78.9	100	79.0	0.0	SSW	0.00	1.0	SSW	79.0	86.8	86.8	90.0	29.693	0.00	0.00	82	3.53	91	0.0	0.00	0.0	0.000	0.292	-52.3	0	---	-52.4	-52.4	 .0967	0.002	702	1	100.0	30
07/09/20	5:30 p	78.6	79.0	78.3	100	78.6	0.0	SSW	0.00	1.0	SSW	78.6	85.8	85.8	85.5	29.161	0.00	0.00	38	1.63	62	0.0	0.00	0.0	0.000	0.283	-52.3	0	---	-52.4	-52.4	 .0949	0.000	701	1	100.0	30
07/09/20	6:00 p	77.8	78.6	77.7	100	77.8	0.0	SSW	0.00	1.0	SSW	77.8	84.0	84.0	82.9	29.161	0.00	0.00	6	0.26	19	0.0	0.00	0.0	0.000	0.267	-52.3	0	---	-52.4	-52.4	 .0949	0.001	702	1	100.0	30
07/09/20	6:30 p	77.0	77.9	77.0	100	77.0	0.0	---	0.00	0.0	---	77.0	82.2	82.2	81.0	29.161	0.00	0.00	0	0.00	0	0.0	0.00	0.0	0.000	0.250	-52.3	0	---	-52.4	-52.4	 .0949	0.000	702	1	100.0	30
07/09/20	7:00 p	76.4	77.1	76.4	100	76.4	0.0	SW	0.00	1.0	SW	76.4	81.1	81.1	79.8	29.161	0.00	0.00	0	0.00	0	0.0	0.00	0.0	0.000	0.238	-52.3	0	---	-52.4	-52.4	 .0949	0.000	702	1	100.0	30
07/09/20	7:30 p	75.8	76.4	75.8	100	75.8	0.0	SW	0.00	1.0	SW	75.8	80.0	80.0	78.6	29.693	0.00	0.00	0	0.00	0	0.0	0.00	0.0	0.000	0.225	-52.3	0	---	-52.4	-52.4	 .0967	0.000	700	1	100.0	30
07/09/20	8:00 p	75.6	75.8	75.5	100	75.6	0.0	---	0.00	0.0	---	75.6	79.7	79.7	78.3	29.693	0.00	0.00	0	0.00	0	0.0	0.00	0.0	0.000	0.221	-52.3	0	---	-52.4	-52.4	 .0967	0.000	699	1	100.0	30
07/09/20	8:30 p	75.3	75.7	75.2	100	75.3	0.0	---	0.00	0.0	---	75.3	79.3	79.3	77.9	29.693	0.00	0.00	0	0.00	0	0.0	0.00	0.0	0.000	0.215	-52.3	0	---	-52.4	-52.4	 .0967	0.000	698	1	100.0	30
07/09/20	9:00 p	74.9	75.3	74.9	100	74.9	0.0	SW	0.00	1.0	SW	74.9	78.7	78.7	77.3	29.851	0.00	0.00	0	0.00	0	0.0	0.00	0.0	0.000	0.206	-52.3	0	---	-52.4	-52.4	 .0972	0.000	698	1	100.0	30
07/09/20	9:30 p	75.0	75.0	74.8	100	75.0	0.0	SW	0.00	1.0	SW	75.0	78.8	78.8	77.4	29.851	0.00	0.00	0	0.00	0	0.0	0.00	0.0	0.000	0.208	-52.3	0	---	-52.4	-52.4	 .0972	0.000	695	1	100.0	30
07/09/20	10:00 p	74.9	75.1	74.9	100	74.9	0.0	---	0.00	0.0	---	74.9	78.7	78.7	77.3	29.851	0.00	0.00	0	0.00	0	0.0	0.00	0.0	0.000	0.206	-52.3	0	---	-52.4	-52.4	 .0972	0.000	693	1	100.0	30
07/09/20	10:30 p	74.7	74.9	74.6	100	74.7	0.0	---	0.00	0.0	---	74.7	78.4	78.4	77.0	29.851	0.00	0.00	0	0.00	0	0.0	0.00	0.0	0.000	0.202	-52.3	0	---	-52.4	-52.4	 .0972	0.000	698	1	100.0	30
07/09/20	11:00 p	74.4	74.7	74.4	100	74.4	0.0	---	0.00	0.0	---	74.4	78.1	78.1	76.7	29.844	0.00	0.00	0	0.00	0	0.0	0.00	0.0	0.000	0.196	-52.3	0	---	-52.4	-52.4	 .0972	0.000	700	1	100.0	30
07/09/20	11:30 p	74.4	74.5	74.2	100	74.4	0.0	---	0.00	0.0	---	74.4	78.1	78.1	76.7	29.854	0.00	0.00	0	0.00	0	0.0	0.00	0.0	0.000	0.196	-52.3	0	---	-52.4	-52.4	 .0972	0.000	701	1	100.0	30
07/10/20	12:00 a	74.4	74.5	74.3	100	74.4	0.0	---	0.00	0.0	---	74.4	78.1	78.1	76.7	29.854	0.00	0.00	0	0.00	0	0.0	0.00	0.0	0.000	0.196	-52.3	0	---	-52.4	-52.4	 .0972	0.000	700	1	100.0	30
07/10/20	12:30 a	74.3	74.4	74.2	100	74.3	0.0	---	0.00	0.0	---	74.3	78.0	78.0	76.6	29.843	0.00	0.00	0	0.00	0	0.0	0.00	0.0	0.000	0.194	-52.3	0	---	-52.4	-52.4	 .0972	0.000	694	1	100.0	30
07/10/20	1:00 a	74.5	74.6	74.3	100	74.5	0.0	---	0.00	0.0	---	74.5	78.2	78.2	76.8	29.843	0.00	0.00	0	0.00	0	0.0	0.00	0.0	0.000	0.198	-52.3	0	---	-52.4	-52.4	 .0972	0.000	701	1	100.0	30
07/10/20	1:30 a	74.6	74.7	74.5	100	74.6	0.0	---	0.00	0.0	---	74.6	78.3	78.3	76.9	29.843	0.00	0.00	0	0.00	0	0.0	0.00	0.0	0.000	0.200	-52.3	0	---	-52.4	-52.4	 .0972	0.000	701	1	100.0	30
07/10/20	2:00 a	75.1	75.1	74.6	100	75.1	0.0	---	0.00	0.0	---	75.1	78.9	78.9	77.5	29.843	0.00	0.00	0	0.00	0	0.0	0.00	0.0	0.000	0.210	-52.3	0	---	-52.4	-52.4	 .0972	0.000	701	1	100.0	30
07/10/20	2:30 a	75.4	75.4	75.0	100	75.4	0.0	---	0.00	0.0	---	75.4	79.4	79.4	78.0	29.843	0.00	0.00	0	0.00	0	0.0	0.00	0.0	0.000	0.217	-52.3	0	---	-52.4	-52.4	 .0972	0.000	698	1	100.0	30
07/10/20	3:00 a	75.5	75.5	75.3	100	75.5	0.0	SW	0.00	1.0	SW	75.5	79.6	79.6	78.2	29.843	0.00	0.00	0	0.00	0	0.0	0.00	0.0	0.000	0.219	-52.3	0	---	-52.4	-52.4	 .0972	0.000	699	1	100.0	30
07/10/20	3:30 a	75.8	75.9	75.4	100	75.8	0.0	---	0.00	0.0	---	75.8	80.0	80.0	78.6	19.390	0.01	0.00	0	0.00	0	0.0	0.00	0.0	0.000	0.225	-52.3	0	---	-52.4	-52.4	 .0631	0.000	702	1	100.0	30
07/10/20	4:00 a	75.5	75.8	75.4	100	75.5	0.0	SW	0.00	1.0	SW	75.5	79.6	79.6	78.2	19.390	0.00	0.00	0	0.00	0	0.0	0.00	0.0	0.000	0.219	-52.3	0	---	-52.4	-52.4	 .0631	0.000	701	1	100.0	30
07/10/20	4:30 a	75.5	75.7	75.5	100	75.5	0.0	---	0.00	0.0	---	75.5	79.6	79.6	78.2	29.693	0.00	0.00	0	0.00	0	0.0	0.00	0.0	0.000	0.219	-52.3	0	---	-52.4	-52.4	 .0967	0.000	701	1	100.0	30
07/10/20	5:00 a	75.5	75.6	75.5	100	75.5	0.0	---	0.00	0.0	---	75.5	79.6	79.6	78.2	29.823	0.00	0.00	0	0.00	0	0.0	0.00	0.0	0.000	0.219	-52.3	0	---	-52.4	-52.4	 .0971	0.000	701	1	100.0	30
07/10/20	5:30 a	75.5	75.6	75.3	100	75.5	0.0	---	0.00	0.0	---	75.5	79.6	79.6	78.2	29.823	0.00	0.00	0	0.00	0	0.0	0.00	0.0	0.000	0.219	-52.3	0	---	-52.4	-52.4	 .0971	0.000	699	1	100.0	30
07/10/20	6:00 a	75.5	75.6	75.4	100	75.5	0.0	---	0.00	0.0	---	75.5	79.6	79.6	78.5	29.823	0.00	0.00	12	0.52	21	0.0	0.00	0.0	0.000	0.219	-52.3	0	---	-52.4	-52.4	 .0971	0.000	703	1	100.0	30
07/10/20	6:30 a	76.1	76.1	75.5	100	76.1	0.0	---	0.00	0.0	---	76.1	80.5	80.5	81.3	29.823	0.00	0.00	33	1.42	42	0.0	0.00	0.0	0.000	0.231	-52.3	0	---	-52.4	-52.4	 .0971	0.000	702	1	100.0	30
07/10/20	7:00 a	77.2	77.7	76.0	100	77.2	0.0	SW	0.00	1.0	SW	77.2	82.6	82.6	85.9	19.390	0.00	0.00	101	4.34	151	0.2	0.04	0.6	0.000	0.254	-52.3	0	---	-52.4	-52.4	 .0631	0.002	702	1	100.0	30
07/10/20	7:30 a	77.4	77.8	77.1	100	77.4	0.0	SSW	0.00	3.0	SSW	77.4	83.1	83.1	86.1	19.390	0.00	0.00	107	4.60	155	0.6	0.13	0.7	0.000	0.258	-52.3	0	---	-52.4	-52.4	 .0631	0.000	699	1	100.0	30
07/10/20	8:00 a	77.3	77.8	77.0	100	77.3	0.0	SSE	0.00	4.0	SSE	77.3	82.9	82.9	85.2	29.867	0.00	0.00	97	4.17	218	0.6	0.13	1.4	0.000	0.256	-52.3	0	---	-52.4	-52.4	 .0972	0.002	698	1	100.0	30
07/10/20	8:30 a	79.1	80.1	77.3	100	79.1	1.0	SSW	0.50	8.0	SSE	79.1	87.1	87.1	95.2	29.867	0.01	0.00	335	14.41	949	2.0	0.43	3.8	0.000	0.294	-52.3	0	---	-52.4	-52.4	 .0972	0.000	700	1	100.0	30
07/10/20	9:00 a	77.8	79.1	77.6	100	77.8	1.0	SSE	0.50	6.0	ESE	77.8	84.0	84.0	88.5	29.867	0.04	0.30	201	8.64	353	1.5	0.32	2.7	0.000	0.267	-52.3	0	---	-52.4	-52.4	 .0972	0.007	699	1	100.0	30
07/10/20	9:30 a	79.7	80.0	77.7	100	79.7	1.0	ESE	0.50	3.0	SE	79.7	88.8	88.8	97.3	29.693	0.00	0.00	394	16.94	710	3.3	0.71	4.1	0.000	0.306	-52.3	0	---	-52.4	-52.4	 .0967	0.000	699	1	100.0	30
07/10/20	10:00 a	81.0	81.0	78.9	100	81.0	2.0	SE	1.00	6.0	SSE	81.0	92.5	92.5	103.3	29.888	0.00	0.00	541	23.27	1058	3.9	0.84	5.0	0.000	0.333	-52.3	0	---	-52.4	-52.4	 .0973	0.013	699	1	100.0	30
07/10/20	10:30 a	80.3	81.3	80.1	100	80.3	2.0	SE	1.00	7.0	SSE	80.3	90.5	90.5	99.7	29.892	0.00	0.00	441	18.97	751	4.4	0.94	6.0	0.000	0.319	-52.3	0	---	-52.4	-52.4	 .0973	0.000	697	1	100.0	30
07/10/20	11:00 a	79.9	80.5	79.3	100	79.9	1.0	ESE	0.50	6.0	ESE	79.9	89.3	89.3	94.4	29.892	0.02	0.11	233	10.02	487	2.8	0.60	5.0	0.000	0.310	-52.3	0	---	-52.4	-52.4	 .0973	0.009	698	1	100.0	30
07/10/20	11:30 a	78.6	80.3	78.6	100	78.6	2.0	SE	1.00	8.0	SSE	78.6	85.8	85.8	92.9	29.893	0.01	0.11	331	14.23	508	3.4	0.73	5.2	0.000	0.283	-52.3	0	---	-52.4	-52.4	 .0973	0.000	695	1	100.0	30
07/10/20	12:00 p	77.7	78.6	77.6	100	77.7	1.0	E	0.50	7.0	E	77.7	83.7	83.7	87.2	29.693	0.14	0.70	176	7.57	230	2.0	0.43	2.4	0.000	0.265	-52.3	0	---	-52.4	-52.4	 .0967	0.006	700	1	100.0	30
07/10/20	12:30 p	77.7	78.2	77.3	100	77.7	2.0	SE	1.00	9.0	S	77.7	83.7	83.7	87.2	29.693	0.15	1.28	176	7.57	309	2.0	0.43	3.3	0.000	0.265	-52.3	0	---	-52.4	-52.4	 .0967	0.000	701	1	100.0	30
07/10/20	1:00 p	77.0	77.8	76.9	100	77.0	2.0	SSE	1.00	9.0	SSW	77.0	82.2	82.2	88.0	29.693	0.14	0.87	272	11.70	425	2.9	0.62	4.0	0.000	0.250	-52.3	0	---	-52.4	-52.4	 .0967	0.005	702	1	100.0	30
07/10/20	1:30 p	77.5	77.5	76.9	100	77.5	2.0	SSE	1.00	10.0	SSE	77.5	83.3	83.3	85.5	29.693	0.00	0.00	121	5.20	183	1.4	0.30	2.0	0.000	0.260	-52.3	0	---	-52.4	-52.4	 .0967	0.000	700	1	100.0	30
07/10/20	2:00 p	77.1	78.0	77.1	100	77.1	2.0	SE	1.00	6.0	S	77.1	82.4	82.4	84.1	29.693	0.00	0.00	94	4.04	171	0.8	0.17	1.6	0.000	0.252	-52.3	0	---	-52.4	-52.4	 .0967	0.003	702	1	100.0	30
07/10/20	2:30 p	76.8	77.2	76.6	100	76.8	2.0	ESE	1.00	8.0	SSE	76.8	81.8	81.8	82.4	29.693	0.03	0.09	50	2.15	74	0.3	0.06	0.7	0.000	0.246	-52.3	0	---	-52.4	-52.4	 .0967	0.000	700	1	100.0	30
07/10/20	3:00 p	77.1	77.3	76.7	100	77.1	2.0	ESE	1.00	9.0	SE	77.1	82.4	82.4	82.7	29.693	0.04	0.15	37	1.59	56	0.0	0.00	0.5	0.000	0.252	-52.3	0	---	-52.4	-52.4	 .0967	0.001	702	1	100.0	30
07/10/20	3:30 p	76.2	77.1	76.2	100	76.2	1.0	ENE	0.50	6.0	NNE	76.2	80.7	80.7	80.3	29.693	0.10	0.90	11	0.47	14	0.0	0.00	0.0	0.000	0.233	-52.3	0	---	-52.4	-52.4	 .0967	0.000	701	1	100.0	30
07/10/20	4:00 p	75.9	76.3	75.8	100	75.9	1.0	SE	0.50	5.0	SSE	75.9	80.2	80.2	79.7	29.693	0.39	3.72	10	0.43	30	0.0	0.00	0.0	0.000	0.227	-52.3	0	---	-52.4	-52.4	 .0967	0.000	700	1	100.0	30
07/10/20	4:30 p	76.2	76.2	75.8	100	76.2	0.0	WNW	0.00	3.0	ESE	76.2	80.7	80.7	81.4	29.693	0.14	0.52	33	1.42	42	0.0	0.00	0.0	0.000	0.233	-52.3	0	---	-52.4	-52.4	 .0967	0.000	700	1	100.0	30
07/10/20	5:00 p	76.6	76.6	76.0	100	76.6	1.0	NE	0.50	5.0	NE	76.6	81.4	81.4	83.2	29.693	0.04	0.23	51	2.19	83	0.0	0.00	0.0	0.000	0.242	-52.3	0	---	-52.4	-52.4	 .0967	0.001	701	1	100.0	30
07/10/20	5:30 p	76.5	76.6	76.4	100	76.5	1.0	SE	0.50	8.0	S	76.5	81.3	81.3	80.3	29.693	0.18	3.25	7	0.30	18	0.0	0.00	0.0	0.000	0.240	-52.3	0	---	-52.4	-52.4	 .0967	0.000	695	1	100.0	30
07/10/20	6:00 p	76.0	76.6	76.0	100	76.0	1.0	ESE	0.50	5.0	NE	76.0	80.3	80.3	79.1	29.693	0.10	0.67	0	0.00	0	0.0	0.00	0.0	0.000	0.229	-52.3	0	---	-52.4	-52.4	 .0967	0.000	702	1	100.0	30
07/10/20	6:30 p	75.0	75.9	74.8	100	75.0	1.0	ENE	0.50	5.0	S	75.0	78.8	78.8	77.6	29.693	0.28	2.38	0	0.00	0	0.0	0.00	0.0	0.000	0.208	-52.3	0	---	-52.4	-52.4	 .0967	0.000	700	1	100.0	30
07/10/20	7:00 p	75.7	75.7	75.0	100	75.7	1.0	SE	0.50	4.0	SE	75.7	79.8	79.8	78.6	29.693	0.12	1.30	0	0.00	0	0.0	0.00	0.0	0.000	0.223	-52.3	0	---	-52.4	-52.4	 .0967	0.000	702	1	100.0	30
07/10/20	7:30 p	76.0	76.0	75.6	100	76.0	1.0	E	0.50	2.0	SE	76.0	80.3	80.3	79.1	29.693	0.07	0.85	0	0.00	0	0.0	0.00	0.0	0.000	0.229	-52.3	0	---	-52.4	-52.4	 .0967	0.000	700	1	100.0	30
07/10/20	8:00 p	76.0	76.1	75.9	100	76.0	0.0	E	0.00	2.0	E	76.0	80.3	80.3	79.1	29.887	0.10	1.12	0	0.00	0	0.0	0.00	0.0	0.000	0.229	-52.3	0	---	-52.4	-52.4	 .0973	0.000	698	1	100.0	30
07/10/20	8:30 p	75.9	76.1	75.8	100	75.9	1.0	NNE	0.50	4.0	ENE	75.9	80.2	80.2	79.0	29.887	0.18	0.90	0	0.00	0	0.0	0.00	0.0	0.000	0.227	-52.3	0	---	-52.4	-52.4	 .0973	0.000	699	1	100.0	30
07/10/20	9:00 p	75.9	76.0	75.8	100	75.9	0.0	NE	0.00	3.0	NE	75.9	80.2	80.2	79.0	29.887	0.08	0.35	0	0.00	0	0.0	0.00	0.0	0.000	0.227	-52.3	0	---	-52.4	-52.4	 .0973	0.000	700	1	100.0	30
07/10/20	9:30 p	75.8	76.0	75.8	100	75.8	0.0	NE	0.00	2.0	NE	75.8	80.0	80.0	78.8	29.887	0.02	0.11	0	0.00	0	0.0	0.00	0.0	0.000	0.225	-52.3	0	---	-52.4	-52.4	 .0973	0.000	698	1	100.0	30
07/10/20	10:00 p	75.4	75.8	75.4	100	75.4	1.0	NE	0.50	6.0	N	75.4	79.4	79.4	78.2	29.693	0.02	0.09	0	0.00	0	0.0	0.00	0.0	0.000	0.217	-52.3	0	---	-52.4	-52.4	 .0967	0.000	701	1	100.0	30
07/10/20	10:30 p	75.5	75.7	75.4	100	75.5	1.0	NNE	0.50	4.0	N	75.5	79.6	79.6	78.4	29.918	0.00	0.00	0	0.00	0	0.0	0.00	0.0	0.000	0.219	-52.3	0	---	-52.4	-52.4	 .0974	0.000	702	1	100.0	30
07/10/20	11:00 p	75.3	75.5	75.3	100	75.3	1.0	ENE	0.50	3.0	NNE	75.3	79.3	79.3	78.1	29.915	0.00	0.00	0	0.00	0	0.0	0.00	0.0	0.000	0.215	-52.3	0	---	-52.4	-52.4	 .0974	0.000	699	1	100.0	30
07/10/20	11:30 p	75.1	75.3	75.1	100	75.1	0.0	NE	0.00	2.0	ENE	75.1	78.9	78.9	77.7	29.910	0.00	0.00	0	0.00	0	0.0	0.00	0.0	0.000	0.210	-52.3	0	---	-52.4	-52.4	 .0974	0.000	699	1	100.0	30
07/11/20	12:00 a	74.9	75.2	74.8	100	74.9	0.0	NE	0.00	4.0	NE	74.9	78.7	78.7	77.4	29.693	0.00	0.00	0	0.00	0	0.0	0.00	0.0	0.000	0.206	-52.3	0	---	-52.4	-52.4	 .0967	0.000	701	1	100.0	30
07/11/20	12:30 a	74.6	74.9	74.5	100	74.6	0.0	---	0.00	0.0	---	74.6	78.3	78.3	77.0	29.693	0.00	0.00	0	0.00	0	0.0	0.00	0.0	0.000	0.200	-52.3	0	---	-52.4	-52.4	 .0967	0.000	699	1	100.0	30
07/11/20	1:00 a	74.9	74.9	74.6	100	74.9	0.0	NW	0.00	3.0	NW	74.9	78.7	78.7	77.4	29.693	0.00	0.00	0	0.00	0	0.0	0.00	0.0	0.000	0.206	-52.3	0	---	-52.4	-52.4	 .0967	0.000	700	1	100.0	30
07/11/20	1:30 a	74.7	75.0	74.7	100	74.7	0.0	NW	0.00	1.0	NW	74.7	78.4	78.4	77.1	29.693	0.00	0.00	0	0.00	0	0.0	0.00	0.0	0.000	0.202	-52.3	0	---	-52.4	-52.4	 .0967	0.000	702	1	100.0	30
07/11/20	2:00 a	74.4	74.8	74.4	100	74.4	0.0	NW	0.00	1.0	NW	74.4	78.1	78.1	76.8	29.693	0.00	0.00	0	0.00	0	0.0	0.00	0.0	0.000	0.196	-52.3	0	---	-52.4	-52.4	 .0967	0.000	700	1	100.0	30
07/11/20	2:30 a	74.4	74.6	74.2	100	74.4	0.0	S	0.00	2.0	SW	74.4	78.1	78.1	76.8	29.693	0.00	0.00	0	0.00	0	0.0	0.00	0.0	0.000	0.196	-52.3	0	---	-52.4	-52.4	 .0967	0.000	699	1	100.0	30
07/11/20	3:00 a	74.0	74.5	74.0	100	74.0	0.0	S	0.00	1.0	S	74.0	77.6	77.6	76.3	29.844	0.00	0.00	0	0.00	0	0.0	0.00	0.0	0.000	0.188	-52.3	0	---	-52.4	-52.4	 .0972	0.000	702	1	100.0	30
07/11/20	3:30 a	73.6	74.0	73.5	100	73.6	0.0	S	0.00	2.0	SSW	73.6	77.2	77.2	75.9	29.844	0.00	0.00	0	0.00	0	0.0	0.00	0.0	0.000	0.179	-52.3	0	---	-52.4	-52.4	 .0972	0.000	698	1	100.0	30
07/11/20	4:00 a	73.2	73.6	73.2	100	73.2	0.0	SSW	0.00	1.0	SSW	73.2	76.8	76.8	75.5	29.087	0.00	0.00	0	0.00	0	0.0	0.00	0.0	0.000	0.171	-52.3	0	---	-52.4	-52.4	 .0947	0.000	698	1	100.0	30
07/11/20	4:30 a	72.8	73.2	72.8	100	72.8	0.0	SSW	0.00	1.0	SSW	72.8	76.4	76.4	75.0	29.087	0.00	0.00	0	0.00	0	0.0	0.00	0.0	0.000	0.163	-52.3	0	---	-52.4	-52.4	 .0947	0.000	699	1	100.0	30
07/11/20	5:00 a	72.8	72.9	72.6	100	72.8	0.0	SSW	0.00	1.0	SSW	72.8	76.4	76.4	75.0	29.087	0.00	0.00	0	0.00	0	0.0	0.00	0.0	0.000	0.163	-52.3	0	---	-52.4	-52.4	 .0947	0.000	701	1	100.0	30
07/11/20	5:30 a	73.0	73.0	72.7	100	73.0	0.0	SSW	0.00	1.0	SSW	73.0	76.6	76.6	75.3	29.835	0.00	0.00	0	0.00	5	0.0	0.00	0.0	0.000	0.167	-52.3	0	---	-52.4	-52.4	 .0971	0.000	702	1	100.0	30
07/11/20	6:00 a	73.5	73.5	73.0	100	73.5	0.0	---	0.00	0.0	---	73.5	77.1	77.1	76.1	29.693	0.00	0.00	13	0.56	28	0.0	0.00	0.0	0.000	0.177	-52.3	0	---	-52.4	-52.4	 .0967	0.000	703	1	100.0	30
07/11/20	6:30 a	74.3	74.4	73.5	100	74.3	0.0	SSW	0.00	1.0	SSW	74.3	78.0	78.0	79.4	29.693	0.00	0.00	48	2.06	63	0.0	0.00	0.0	0.000	0.194	-52.3	0	---	-52.4	-52.4	 .0967	0.000	697	1	100.0	30
07/11/20	7:00 a	75.1	75.2	74.3	100	75.1	0.0	SSW	0.00	1.0	SSW	75.1	78.9	78.9	81.3	29.693	0.00	0.00	80	3.44	118	0.0	0.00	0.5	0.000	0.210	-52.3	0	---	-52.4	-52.4	 .0967	0.002	700	1	100.0	30
07/11/20	7:30 a	76.0	76.1	75.1	100	76.0	0.0	SSW	0.00	1.0	SSW	76.0	80.3	80.3	84.9	29.693	0.00	0.00	156	6.71	193	0.7	0.15	0.9	0.000	0.229	-52.3	0	---	-52.4	-52.4	 .0967	0.000	701	1	100.0	30
07/11/20	8:00 a	77.2	77.2	75.9	100	77.2	0.0	E	0.00	1.0	E	77.2	82.6	82.6	90.4	29.693	0.00	0.00	294	12.64	480	1.4	0.30	2.0	0.000	0.254	-52.3	0	---	-52.4	-52.4	 .0967	0.005	698	1	100.0	30
07/11/20	8:30 a	78.7	79.2	77.1	100	78.7	0.0	E	0.00	2.0	E	78.7	86.1	86.1	97.5	29.872	0.00	0.00	520	22.36	768	2.6	0.56	3.4	0.000	0.285	-52.3	0	---	-52.4	-52.4	 .0973	0.000	700	1	100.0	30
07/11/20	9:00 a	79.6	79.8	78.6	100	79.6	0.0	E	0.00	3.0	WSW	79.6	88.5	88.5	98.7	29.879	0.00	0.00	473	20.34	856	3.2	0.69	4.3	0.000	0.304	-52.3	0	---	-52.4	-52.4	 .0973	0.012	700	1	100.0	30
07/11/20	9:30 a	79.4	80.1	79.4	100	79.4	0.0	SSE	0.00	3.0	SSW	79.4	87.9	87.9	94.6	19.542	0.00	0.00	304	13.07	462	2.7	0.58	3.3	0.000	0.300	-52.3	0	---	-52.4	-52.4	 .0636	0.000	701	1	100.0	30
07/11/20	10:00 a	80.8	80.8	79.4	100	80.8	0.0	WSW	0.00	4.0	SSE	80.8	91.9	91.9	99.9	29.693	0.00	0.00	377	16.21	469	3.5	0.75	4.2	0.000	0.329	-52.3	0	---	-52.4	-52.4	 .0967	0.008	701	1	100.0	30
07/11/20	10:30 a	81.5	81.5	80.3	100	81.5	0.0	SW	0.00	4.0	SW	81.5	94.1	94.1	101.9	29.693	0.00	0.00	363	15.61	401	3.9	0.84	4.2	0.000	0.344	-51.7	0	---	-51.8	-51.8	 .0965	0.000	702	1	100.0	30
07/11/20	11:00 a	81.8	81.8	81.0	100	81.8	1.0	SW	0.50	4.0	WSW	81.8	95.1	95.1	102.9	29.238	0.00	0.00	361	15.53	434	3.9	0.84	4.4	0.000	0.350	-52.3	0	---	-52.4	-52.4	 .0952	0.009	701	1	100.0	30
07/11/20	11:30 a	81.5	82.1	80.5	100	81.5	0.0	SW	0.00	2.0	SW	81.5	94.1	94.1	100.4	29.087	0.00	0.00	285	12.26	315	3.1	0.66	3.4	0.000	0.344	-52.3	0	---	-52.4	-52.4	 .0947	0.000	700	1	100.0	30
07/11/20	12:00 p	80.4	81.7	80.0	100	80.4	0.0	SSW	0.00	3.0	SSW	80.4	90.8	90.8	95.2	29.087	0.00	0.00	205	8.82	241	2.2	0.47	2.6	0.000	0.321	-52.3	0	---	-52.4	-52.4	 .0947	0.006	700	1	100.0	30
07/11/20	12:30 p	80.3	80.8	79.8	100	80.3	0.0	SSW	0.00	2.0	SSW	80.3	90.5	90.5	94.6	29.880	0.00	0.00	196	8.43	229	2.0	0.43	2.3	0.000	0.319	-52.3	0	---	-52.4	-52.4	 .0973	0.000	700	1	100.0	30
07/11/20	1:00 p	80.1	80.9	79.9	100	80.1	0.0	S	0.00	3.0	S	80.1	89.9	89.9	94.1	29.880	0.00	0.00	200	8.60	237	2.0	0.43	2.4	0.000	0.315	-52.3	0	---	-52.4	-52.4	 .0973	0.005	701	1	100.0	30
07/11/20	1:30 p	79.3	80.2	79.3	100	79.3	1.0	S	0.50	4.0	S	79.3	87.6	87.6	90.9	29.693	0.00	0.00	160	6.88	167	1.5	0.32	1.6	0.000	0.298	-52.3	0	---	-52.4	-52.4	 .0967	0.000	702	1	100.0	30
07/11/20	2:00 p	79.0	79.5	78.6	100	79.0	0.0	SW	0.00	2.0	SW	79.0	86.8	86.8	89.4	29.693	0.00	0.00	129	5.55	151	1.2	0.26	1.4	0.000	0.292	-52.3	0	---	-52.4	-52.4	 .0967	0.004	701	1	100.0	30
07/11/20	2:30 p	78.8	79.1	78.6	100	78.8	0.0	SE	0.00	3.0	ESE	78.8	86.3	86.3	88.1	29.693	0.00	0.00	91	3.91	111	0.8	0.17	1.0	0.000	0.288	-52.3	0	---	-52.4	-52.4	 .0967	0.000	701	1	100.0	30
07/11/20	3:00 p	78.4	78.9	78.4	100	78.4	0.0	WNW	0.00	2.0	WNW	78.4	85.4	85.4	87.1	29.844	0.00	0.00	80	3.44	93	0.6	0.13	0.7	0.000	0.279	-52.3	0	---	-52.4	-52.4	 .0972	0.002	700	1	100.0	30
07/11/20	3:30 p	78.5	78.8	78.4	100	78.5	0.0	WNW	0.00	1.0	WNW	78.5	85.6	85.6	87.4	29.087	0.01	0.00	76	3.27	91	0.4	0.09	0.6	0.000	0.281	-52.3	0	---	-52.4	-52.4	 .0947	0.000	701	1	100.0	30
07/11/20	4:00 p	78.3	78.5	78.1	100	78.3	0.0	WNW	0.00	1.0	WNW	78.3	85.1	85.1	86.1	29.243	0.01	0.00	44	1.89	56	0.0	0.00	0.0	0.000	0.277	-52.3	0	---	-52.4	-52.4	 .0952	0.001	699	1	100.0	30
07/11/20	4:30 p	78.0	78.3	77.9	100	78.0	0.0	WNW	0.00	1.0	WNW	78.0	84.4	84.4	85.5	29.243	0.02	0.04	40	1.72	42	0.0	0.00	0.0	0.000	0.271	-52.3	0	---	-52.4	-52.4	 .0952	0.000	700	1	100.0	30
07/11/20	5:00 p	77.6	78.1	77.6	100	77.6	0.0	---	0.00	0.0	---	77.6	83.5	83.5	84.6	29.693	0.00	0.00	35	1.51	42	0.0	0.00	0.0	0.000	0.262	-52.3	0	---	-52.4	-52.4	 .0967	0.001	699	1	100.0	30
07/11/20	5:30 p	77.1	77.7	77.1	100	77.1	0.0	---	0.00	0.0	---	77.1	82.4	82.4	81.7	19.390	0.00	0.00	15	0.65	28	0.0	0.00	0.0	0.000	0.252	-52.3	0	---	-52.4	-52.4	 .0631	0.000	697	1	100.0	30
07/11/20	6:00 p	76.6	77.1	76.6	100	76.6	0.0	NNE	0.00	2.0	NNE	76.6	81.4	81.4	80.3	29.843	0.00	0.00	0	0.00	5	0.0	0.00	0.0	0.000	0.242	-52.3	0	---	-52.4	-52.4	 .0972	0.000	701	1	100.0	30
07/11/20	6:30 p	76.2	76.6	76.1	100	76.2	0.0	ENE	0.00	2.0	NE	76.2	80.7	80.7	79.6	29.843	0.00	0.00	0	0.00	0	0.0	0.00	0.0	0.000	0.233	-52.3	0	---	-52.4	-52.4	 .0972	0.000	699	1	100.0	30
07/11/20	7:00 p	75.9	76.3	75.7	100	75.9	0.0	ENE	0.00	2.0	NW	75.9	80.2	80.2	79.0	29.843	0.00	0.00	0	0.00	0	0.0	0.00	0.0	0.000	0.227	-52.3	0	---	-52.4	-52.4	 .0972	0.000	700	1	100.0	30
07/11/20	7:30 p	75.5	76.0	75.5	100	75.5	0.0	W	0.00	2.0	W	75.5	79.6	79.6	78.4	29.843	0.00	0.00	0	0.00	0	0.0	0.00	0.0	0.000	0.219	-52.3	0	---	-52.4	-52.4	 .0972	0.000	698	1	100.0	30
07/11/20	8:00 p	75.1	75.5	74.9	100	75.1	0.0	---	0.00	0.0	---	75.1	78.9	78.9	77.7	29.843	0.00	0.00	0	0.00	0	0.0	0.00	0.0	0.000	0.210	-52.3	0	---	-52.4	-52.4	 .0972	0.000	700	1	100.0	30
07/11/20	8:30 p	74.3	75.2	74.2	100	74.3	0.0	N	0.00	2.0	W	74.3	78.0	78.0	76.8	29.843	0.00	0.00	0	0.00	0	0.0	0.00	0.0	0.000	0.194	-52.3	0	---	-52.4	-52.4	 .0972	0.000	702	1	100.0	30
07/11/20	9:00 p	73.9	74.3	73.8	100	73.9	0.0	N	0.00	1.0	N	73.9	77.5	77.5	76.2	29.843	0.00	0.00	0	0.00	0	0.0	0.00	0.0	0.000	0.185	-52.3	0	---	-52.4	-52.4	 .0972	0.000	701	1	100.0	30
07/11/20	9:30 p	73.5	73.9	73.5	100	73.5	0.0	N	0.00	2.0	N	73.5	77.1	77.1	75.8	29.843	0.00	0.00	0	0.00	0	0.0	0.00	0.0	0.000	0.177	-52.3	0	---	-52.4	-52.4	 .0972	0.000	699	1	100.0	30
07/11/20	10:00 p	73.5	73.7	73.4	100	73.5	0.0	---	0.00	0.0	---	73.5	77.1	77.1	75.8	29.843	0.00	0.00	0	0.00	0	0.0	0.00	0.0	0.000	0.177	-52.3	0	---	-52.4	-52.4	 .0972	0.000	700	1	100.0	30
07/11/20	10:30 p	73.6	73.7	73.4	100	73.6	0.0	---	0.00	0.0	---	73.6	77.2	77.2	75.9	29.843	0.00	0.00	0	0.00	0	0.0	0.00	0.0	0.000	0.179	-52.3	0	---	-52.4	-52.4	 .0972	0.000	701	1	100.0	30
07/11/20	11:00 p	73.5	73.7	73.4	100	73.5	0.0	N	0.00	1.0	N	73.5	77.1	77.1	75.8	29.087	0.00	0.00	0	0.00	0	0.0	0.00	0.0	0.000	0.177	-51.1	0	---	-51.2	-51.2	 .0944	0.000	700	1	100.0	30
07/11/20	11:30 p	74.0	74.1	73.5	100	74.0	0.0	N	0.00	2.0	N	74.0	77.6	77.6	76.4	29.693	0.00	0.00	0	0.00	0	0.0	0.00	0.0	0.000	0.188	-52.3	0	---	-52.4	-52.4	 .0967	0.000	701	1	100.0	30
07/12/20	12:00 a	74.0	74.3	74.0	100	74.0	0.0	N	0.00	1.0	N	74.0	77.6	77.6	76.4	29.693	0.00	0.00	0	0.00	0	0.0	0.00	0.0	0.000	0.188	-52.3	0	---	-52.4	-52.4	 .0967	0.000	702	1	100.0	30
07/12/20	12:30 a	73.7	74.0	73.6	100	73.7	0.0	---	0.00	0.0	---	73.7	77.3	77.3	76.0	29.693	0.00	0.00	0	0.00	0	0.0	0.00	0.0	0.000	0.181	-52.3	0	---	-52.4	-52.4	 .0967	0.000	698	1	100.0	30
07/12/20	1:00 a	73.5	73.7	73.5	100	73.5	0.0	N	0.00	1.0	N	73.5	77.1	77.1	75.8	29.693	0.00	0.00	0	0.00	0	0.0	0.00	0.0	0.000	0.177	-52.3	0	---	-52.4	-52.4	 .0967	0.000	700	1	100.0	30
07/12/20	1:30 a	73.5	73.6	73.4	100	73.5	0.0	---	0.00	0.0	---	73.5	77.1	77.1	75.8	29.693	0.00	0.00	0	0.00	0	0.0	0.00	0.0	0.000	0.177	-52.3	0	---	-52.4	-52.4	 .0967	0.000	702	1	100.0	30
07/12/20	2:00 a	73.2	73.5	73.1	100	73.2	0.0	---	0.00	0.0	---	73.2	76.8	76.8	75.5	29.693	0.00	0.00	0	0.00	0	0.0	0.00	0.0	0.000	0.171	-52.3	0	---	-52.4	-52.4	 .0967	0.000	702	1	100.0	30
07/12/20	2:30 a	73.1	73.2	73.0	100	73.1	0.0	---	0.00	0.0	---	73.1	76.7	76.7	75.4	29.693	0.00	0.00	0	0.00	0	0.0	0.00	0.0	0.000	0.169	-52.3	0	---	-52.4	-52.4	 .0967	0.000	702	1	100.0	30
07/12/20	3:00 a	73.1	73.2	73.0	100	73.1	0.0	---	0.00	0.0	---	73.1	76.7	76.7	75.4	29.818	0.00	0.00	0	0.00	0	0.0	0.00	0.0	0.000	0.169	-52.3	0	---	-52.4	-52.4	 .0971	0.000	702	1	100.0	30
07/12/20	3:30 a	72.7	73.2	72.7	100	72.7	0.0	---	0.00	0.0	---	72.7	76.3	76.3	75.0	29.818	0.00	0.00	0	0.00	0	0.0	0.00	0.0	0.000	0.160	-52.3	0	---	-52.4	-52.4	 .0971	0.000	693	1	100.0	30
07/12/20	4:00 a	72.3	72.7	72.3	100	72.3	0.0	---	0.00	0.0	---	72.3	75.9	75.9	74.6	29.818	0.00	0.00	0	0.00	0	0.0	0.00	0.0	0.000	0.152	-52.3	0	---	-52.4	-52.4	 .0971	0.000	699	1	100.0	30
07/12/20	4:30 a	72.2	72.4	72.1	100	72.2	0.0	---	0.00	0.0	---	72.2	75.8	75.8	74.5	29.818	0.00	0.00	0	0.00	0	0.0	0.00	0.0	0.000	0.150	-52.3	0	---	-52.4	-52.4	 .0971	0.000	699	1	100.0	30
07/12/20	5:00 a	72.1	72.4	72.0	100	72.1	0.0	---	0.00	0.0	---	72.1	75.7	75.7	74.4	29.818	0.00	0.00	0	0.00	0	0.0	0.00	0.0	0.000	0.148	-52.3	0	---	-52.4	-52.4	 .0971	0.000	703	1	100.0	30
07/12/20	5:30 a	72.2	72.2	71.9	100	72.2	0.0	---	0.00	0.0	---	72.2	75.8	75.8	74.5	29.841	0.00	0.00	0	0.00	0	0.0	0.00	0.0	0.000	0.150	-52.3	0	---	-52.4	-52.4	 .0972	0.000	697	1	100.0	30
07/12/20	6:00 a	73.0	73.0	72.1	100	73.0	0.0	---	0.00	0.0	---	73.0	76.6	76.6	75.8	29.841	0.00	0.00	20	0.86	39	0.0	0.00	0.0	0.000	0.167	-52.3	0	---	-52.4	-52.4	 .0972	0.000	701	1	100.0	30
07/12/20	6:30 a	74.3	74.3	73.0	100	74.3	0.0	---	0.00	0.0	---	74.3	78.0	78.0	80.7	29.841	0.00	0.00	77	3.31	114	0.0	0.00	0.0	0.000	0.194	-52.3	0	---	-52.4	-52.4	 .0972	0.000	702	1	100.0	30
07/12/20	7:00 a	75.5	75.8	74.3	100	75.5	0.0	---	0.00	0.0	---	75.5	79.6	79.6	83.3	29.841	0.00	0.00	115	4.95	142	0.2	0.04	0.6	0.000	0.219	-52.3	0	---	-52.4	-52.4	 .0972	0.002	698	1	100.0	30
07/12/20	7:30 a	76.2	76.2	75.4	100	76.2	0.0	N	0.00	1.0	N	76.2	80.7	80.7	82.7	19.542	0.00	0.00	79	3.40	262	0.7	0.15	1.2	0.000	0.233	-52.3	0	---	-52.4	-52.4	 .0636	0.000	698	1	100.0	30
07/12/20	8:00 a	77.1	77.3	76.2	100	77.1	0.0	N	0.00	2.0	N	77.1	82.4	82.4	89.3	29.247	0.00	0.00	260	11.18	561	1.5	0.32	2.0	0.000	0.252	-52.3	0	---	-52.4	-52.4	 .0952	0.004	700	1	100.0	30
07/12/20	8:30 a	78.6	78.7	77.1	100	78.6	0.0	N	0.00	1.0	N	78.6	85.8	85.8	92.4	29.247	0.00	0.00	271	11.65	519	2.0	0.43	3.2	0.000	0.283	-52.3	0	---	-52.4	-52.4	 .0952	0.000	698	1	100.0	30
07/12/20	9:00 a	80.2	80.4	78.5	100	80.2	0.0	---	0.00	0.0	---	80.2	90.2	90.2	102.7	29.881	0.00	0.00	678	29.16	805	3.4	0.73	4.1	0.000	0.317	-52.3	0	---	-52.4	-52.4	 .0973	0.011	700	1	100.0	30
07/12/20	9:30 a	80.5	81.2	79.6	100	80.5	0.0	SW	0.00	6.0	SSE	80.5	91.1	91.1	99.9	29.870	0.00	0.00	412	17.72	879	3.0	0.64	4.2	0.000	0.323	-52.3	0	---	-52.4	-52.4	 .0973	0.000	701	1	100.0	30
07/12/20	10:00 a	84.3	84.3	80.5	100	84.3	2.0	SW	1.00	7.0	W	84.3	104.5	104.5	117.0	29.087	0.00	0.00	871	37.46	898	3.1	0.66	3.5	0.000	0.402	-52.3	0	---	-52.4	-52.4	 .0947	0.017	700	1	100.0	30
07/12/20	10:30 a	85.2	85.7	84.1	100	85.2	2.0	SSW	1.00	9.0	WSW	85.2	108.7	108.7	120.7	29.857	0.00	0.00	929	39.95	958	3.8	0.81	5.1	0.000	0.421	-52.3	0	---	-52.4	-52.4	 .0972	0.000	699	1	100.0	30
07/12/20	11:00 a	85.1	85.3	84.5	100	85.1	2.0	SW	1.00	7.0	W	85.1	108.2	108.2	120.0	29.863	0.00	0.00	959	41.24	1020	8.3	1.78	8.9	0.000	0.419	-52.3	0	---	-52.4	-52.4	 .0972	0.023	702	1	100.0	30
07/12/20	11:30 a	82.0	85.4	82.0	100	82.0	1.0	S	0.50	9.0	S	82.0	95.7	95.7	104.6	29.863	0.00	0.00	415	17.85	1167	5.8	1.24	9.3	0.000	0.354	-52.3	0	---	-52.4	-52.4	 .0972	0.000	697	1	100.0	30
07/12/20	12:00 p	83.6	84.6	81.9	100	83.6	2.0	SW	1.00	7.0	SW	83.6	101.5	101.5	114.8	29.863	0.00	0.00	825	35.48	1185	7.4	1.59	9.6	0.000	0.387	-52.3	0	---	-52.4	-52.4	 .0972	0.017	702	1	100.0	30
07/12/20	12:30 p	82.9	84.0	82.7	100	82.9	1.0	SSE	0.50	4.0	SSE	82.9	98.9	98.9	108.6	29.863	0.00	0.00	465	20.00	640	5.1	1.09	7.6	0.000	0.373	-52.3	0	---	-52.4	-52.4	 .0972	0.000	702	1	100.0	30
07/12/20	1:00 p	84.7	85.6	82.5	100	84.7	1.0	S	0.50	4.0	WNW	84.7	106.2	106.2	117.9	29.863	0.00	0.00	599	25.76	1194	6.4	1.37	9.1	0.000	0.410	-52.3	0	---	-52.4	-52.4	 .0972	0.015	696	1	100.0	30
07/12/20	1:30 p	84.8	85.2	83.6	100	84.8	1.0	S	0.50	5.0	S	84.8	106.7	106.7	119.7	29.863	0.00	0.00	772	33.20	1190	6.3	1.35	8.6	0.000	0.413	-52.3	0	---	-52.4	-52.4	 .0972	0.000	700	1	100.0	30
07/12/20	2:00 p	84.4	84.7	83.9	100	84.4	2.0	SSW	1.00	5.0	S	84.4	104.9	104.9	118.4	29.863	0.00	0.00	870	37.41	942	6.3	1.35	7.2	0.000	0.404	-52.3	0	---	-52.4	-52.4	 .0972	0.021	701	1	100.0	30
07/12/20	2:30 p	84.4	84.6	84.0	100	84.4	1.0	SSW	0.50	7.0	SSW	84.4	104.9	104.9	119.0	29.693	0.00	0.00	803	34.53	828	5.1	1.09	5.7	0.000	0.404	-52.3	0	---	-52.4	-52.4	 .0967	0.000	698	1	100.0	30
07/12/20	3:00 p	84.3	85.0	83.7	100	84.3	2.0	SSW	1.00	6.0	SSW	84.3	104.5	104.5	120.2	29.791	0.00	0.00	761	32.73	837	3.8	0.81	4.6	0.000	0.402	-52.3	0	---	-52.4	-52.4	 .0970	0.019	701	1	100.0	30
07/12/20	3:30 p	84.4	85.2	83.5	100	84.4	1.0	SW	0.50	4.0	S	84.4	104.9	104.9	118.3	29.791	0.00	0.00	554	23.83	668	2.5	0.54	3.0	0.000	0.404	-52.3	0	---	-52.4	-52.4	 .0970	0.000	699	1	100.0	30
07/12/20	4:00 p	82.5	84.9	82.3	100	82.5	1.0	SSW	0.50	5.0	SW	82.5	97.4	97.4	110.1	29.693	0.00	0.00	438	18.84	540	1.6	0.34	2.1	0.000	0.365	-52.3	0	---	-52.4	-52.4	 .0967	0.013	700	1	100.0	30
07/12/20	4:30 p	81.7	82.7	81.6	100	81.7	0.0	SSW	0.00	3.0	SSW	81.7	94.7	94.7	101.3	29.163	0.00	0.00	172	7.40	408	0.7	0.15	1.1	0.000	0.348	-52.3	0	---	-52.4	-52.4	 .0950	0.000	700	1	100.0	30
07/12/20	5:00 p	80.3	82.0	80.3	100	80.3	0.0	SW	0.00	4.0	S	80.3	90.5	90.5	92.4	29.086	0.00	0.00	51	2.19	81	0.0	0.00	0.5	0.000	0.319	-52.3	0	---	-52.4	-52.4	 .0947	0.003	701	1	100.0	30
07/12/20	5:30 p	79.4	80.3	79.3	100	79.4	0.0	---	0.00	0.0	---	79.4	87.9	87.9	87.5	29.086	0.00	0.00	28	1.20	42	0.0	0.00	0.0	0.000	0.300	-52.3	0	---	-52.4	-52.4	 .0947	0.000	701	1	100.0	30
07/12/20	6:00 p	78.2	79.6	78.2	100	78.2	0.0	---	0.00	0.0	---	78.2	84.9	84.9	83.9	29.086	0.00	0.00	5	0.22	19	0.0	0.00	0.0	0.000	0.275	-52.3	0	---	-52.4	-52.4	 .0947	0.000	699	1	100.0	30
07/12/20	6:30 p	77.6	78.3	77.6	100	77.6	0.0	---	0.00	0.0	---	77.6	83.5	83.5	82.4	29.693	0.00	0.00	0	0.00	0	0.0	0.00	0.0	0.000	0.262	-52.3	0	---	-52.4	-52.4	 .0967	0.000	698	1	100.0	30
07/12/20	7:00 p	77.3	77.6	77.3	100	77.3	0.0	---	0.00	0.0	---	77.3	82.9	82.9	81.8	29.693	0.00	0.00	0	0.00	0	0.0	0.00	0.0	0.000	0.256	-52.3	0	---	-52.4	-52.4	 .0967	0.000	700	1	100.0	30
07/12/20	7:30 p	77.2	77.5	77.2	100	77.2	0.0	---	0.00	0.0	---	77.2	82.6	82.6	81.5	19.514	0.00	0.00	0	0.00	0	0.0	0.00	0.0	0.000	0.254	-52.3	0	---	-52.4	-52.4	 .0635	0.000	699	1	100.0	30
07/12/20	8:00 p	77.0	77.3	76.8	100	77.0	0.0	---	0.00	0.0	---	77.0	82.2	82.2	81.1	29.825	0.00	0.00	0	0.00	0	0.0	0.00	0.0	0.000	0.250	-52.3	0	---	-52.4	-52.4	 .0971	0.000	697	1	100.0	30
07/12/20	8:30 p	77.0	77.1	76.9	100	77.0	0.0	---	0.00	0.0	---	77.0	82.2	82.2	81.1	29.825	0.00	0.00	0	0.00	0	0.0	0.00	0.0	0.000	0.250	-52.3	0	---	-52.4	-52.4	 .0971	0.000	702	1	100.0	30
07/12/20	9:00 p	76.8	77.1	76.7	100	76.8	0.0	---	0.00	0.0	---	76.8	81.8	81.8	80.6	29.825	0.00	0.00	0	0.00	0	0.0	0.00	0.0	0.000	0.246	-52.3	0	---	-52.4	-52.4	 .0971	0.000	698	1	100.0	30
07/12/20	9:30 p	76.8	77.0	76.7	100	76.8	0.0	---	0.00	0.0	---	76.8	81.8	81.8	80.6	29.825	0.00	0.00	0	0.00	0	0.0	0.00	0.0	0.000	0.246	-52.3	0	---	-52.4	-52.4	 .0971	0.000	701	1	100.0	30
07/12/20	10:00 p	76.5	76.9	76.5	100	76.5	0.0	SSW	0.00	1.0	SSW	76.5	81.3	81.3	80.1	29.825	0.00	0.00	0	0.00	0	0.0	0.00	0.0	0.000	0.240	-52.3	0	---	-52.4	-52.4	 .0971	0.000	702	1	100.0	30
07/12/20	10:30 p	76.6	76.7	76.5	100	76.6	0.0	---	0.00	0.0	---	76.6	81.4	81.4	80.2	29.825	0.00	0.00	0	0.00	0	0.0	0.00	0.0	0.000	0.242	-52.3	0	---	-52.4	-52.4	 .0971	0.000	700	1	100.0	30
07/12/20	11:00 p	76.7	76.8	76.6	100	76.7	0.0	---	0.00	0.0	---	76.7	81.6	81.6	80.4	29.825	0.00	0.00	0	0.00	0	0.0	0.00	0.0	0.000	0.244	-52.3	0	---	-52.4	-52.4	 .0971	0.000	701	1	100.0	30
07/12/20	11:30 p	76.9	76.9	76.7	100	76.9	0.0	SSW	0.00	1.0	SSW	76.9	82.0	82.0	80.8	29.853	0.00	0.00	0	0.00	0	0.0	0.00	0.0	0.000	0.248	-52.3	0	---	-52.4	-52.4	 .0972	0.000	700	1	100.0	30
07/13/20	12:00 a	77.0	77.0	76.8	100	77.0	0.0	---	0.00	0.0	---	77.0	82.2	82.2	81.1	29.854	0.00	0.00	0	0.00	0	0.0	0.00	0.0	0.000	0.250	-52.3	0	---	-52.4	-52.4	 .0972	0.000	702	1	100.0	30
07/13/20	12:30 a	76.9	77.1	76.8	100	76.9	0.0	SSW	0.00	1.0	SSW	76.9	82.0	82.0	80.8	29.846	0.00	0.00	0	0.00	0	0.0	0.00	0.0	0.000	0.248	-52.3	0	---	-52.4	-52.4	 .0972	0.000	700	1	100.0	30
07/13/20	1:00 a	76.8	77.0	76.7	100	76.8	0.0	SSW	0.00	1.0	SSW	76.8	81.8	81.8	80.6	29.846	0.00	0.00	0	0.00	0	0.0	0.00	0.0	0.000	0.246	-52.3	0	---	-52.4	-52.4	 .0972	0.000	702	1	100.0	30
07/13/20	1:30 a	76.8	76.9	76.7	100	76.8	0.0	SSW	0.00	1.0	SSW	76.8	81.8	81.8	80.6	19.466	0.00	0.00	0	0.00	0	0.0	0.00	0.0	0.000	0.246	-52.3	0	---	-52.4	-52.4	 .0634	0.000	699	1	100.0	30
07/13/20	2:00 a	77.0	77.1	76.8	100	77.0	0.0	---	0.00	0.0	---	77.0	82.2	82.2	81.1	19.466	0.00	0.00	0	0.00	0	0.0	0.00	0.0	0.000	0.250	-52.3	0	---	-52.4	-52.4	 .0634	0.000	701	1	100.0	30
07/13/20	2:30 a	77.1	77.1	76.9	100	77.1	0.0	SSW	0.00	1.0	SSW	77.1	82.4	82.4	81.3	19.466	0.00	0.00	0	0.00	0	0.0	0.00	0.0	0.000	0.252	-52.3	0	---	-52.4	-52.4	 .0634	0.000	701	1	100.0	30
07/13/20	3:00 a	76.8	77.1	76.8	100	76.8	0.0	SSW	0.00	1.0	SSW	76.8	81.8	81.8	80.6	19.466	0.00	0.00	0	0.00	0	0.0	0.00	0.0	0.000	0.246	-52.3	0	---	-52.4	-52.4	 .0634	0.000	701	1	100.0	30
07/13/20	3:30 a	76.7	76.9	76.6	100	76.7	0.0	SSW	0.00	2.0	SSW	76.7	81.6	81.6	80.4	19.466	0.00	0.00	0	0.00	0	0.0	0.00	0.0	0.000	0.244	-52.3	0	---	-52.4	-52.4	 .0634	0.000	700	1	100.0	30
07/13/20	4:00 a	76.5	76.8	76.4	100	76.5	0.0	SE	0.00	2.0	SSW	76.5	81.3	81.3	80.1	19.466	0.00	0.00	0	0.00	0	0.0	0.00	0.0	0.000	0.240	-52.3	0	---	-52.4	-52.4	 .0634	0.000	700	1	100.0	30
07/13/20	4:30 a	76.6	76.6	76.3	100	76.6	0.0	SE	0.00	1.0	SE	76.6	81.4	81.4	80.2	19.466	0.00	0.00	0	0.00	0	0.0	0.00	0.0	0.000	0.242	-52.3	0	---	-52.4	-52.4	 .0634	0.000	702	1	100.0	30
07/13/20	5:00 a	76.4	76.6	76.3	100	76.4	0.0	SE	0.00	1.0	SE	76.4	81.1	81.1	79.9	19.466	0.00	0.00	0	0.00	0	0.0	0.00	0.0	0.000	0.238	-52.3	0	---	-52.4	-52.4	 .0634	0.000	702	1	100.0	30
07/13/20	5:30 a	76.4	76.5	76.3	100	76.4	0.0	SE	0.00	1.0	SE	76.4	81.1	81.1	80.0	29.702	0.00	0.00	3	0.13	11	0.0	0.00	0.0	0.000	0.238	-52.3	0	---	-52.4	-52.4	 .0967	0.000	694	1	100.0	30
07/13/20	6:00 a	76.4	76.6	76.3	100	76.4	0.0	SE	0.00	1.0	SE	76.4	81.1	81.1	80.3	29.693	0.00	0.00	17	0.73	21	0.0	0.00	0.0	0.000	0.238	-52.3	0	---	-52.4	-52.4	 .0967	0.000	699	1	100.0	30
07/13/20	6:30 a	76.7	76.8	76.4	100	76.7	0.0	S	0.00	1.0	S	76.7	81.6	81.6	81.5	29.693	0.00	0.00	15	0.65	39	0.0	0.00	0.0	0.000	0.244	-52.3	0	---	-52.4	-52.4	 .0967	0.000	700	1	100.0	30
07/13/20	7:00 a	77.7	77.8	76.7	100	77.7	1.0	NNE	0.50	2.0	S	77.7	83.7	83.7	87.4	29.693	0.01	0.00	112	4.82	139	0.2	0.04	0.5	0.000	0.265	-52.3	0	---	-52.4	-52.4	 .0967	0.002	698	1	100.0	30
07/13/20	7:30 a	78.7	78.8	77.6	100	78.7	0.0	NNE	0.00	2.0	NNE	78.7	86.1	86.1	90.0	29.887	0.00	0.00	133	5.72	218	0.5	0.11	0.9	0.000	0.285	-52.3	0	---	-52.4	-52.4	 .0973	0.000	702	1	100.0	30
07/13/20	8:00 a	79.6	79.7	78.0	100	79.6	0.0	NW	0.00	3.0	NW	79.6	88.5	88.5	95.8	29.885	0.01	0.00	269	11.57	529	1.5	0.32	2.0	0.000	0.304	-52.3	0	---	-52.4	-52.4	 .0973	0.005	702	1	100.0	30
07/13/20	8:30 a	79.8	80.0	79.1	100	79.8	0.0	SSW	0.00	2.0	SSW	79.8	89.0	89.0	93.2	29.895	0.00	0.00	173	7.44	272	1.3	0.28	1.6	0.000	0.308	-52.3	0	---	-52.4	-52.4	 .0973	0.000	700	1	100.0	30
07/13/20	9:00 a	80.0	80.7	79.2	100	80.0	0.0	SSW	0.00	2.0	SSW	80.0	89.6	89.6	95.6	29.895	0.00	0.00	256	11.01	438	1.7	0.36	2.5	0.000	0.313	-52.3	0	---	-52.4	-52.4	 .0973	0.005	698	1	100.0	30
07/13/20	9:30 a	80.1	80.9	79.9	100	80.1	1.0	S	0.50	3.0	SSW	80.1	89.9	89.9	94.6	29.895	0.00	0.00	215	9.25	322	1.7	0.36	2.6	0.000	0.315	-52.3	0	---	-52.4	-52.4	 .0973	0.000	700	1	100.0	30
07/13/20	10:00 a	81.3	82.9	80.1	100	81.3	1.0	S	0.50	5.0	S	81.3	93.5	93.5	105.4	29.895	0.00	0.00	627	26.96	1174	3.6	0.77	4.4	0.000	0.340	-52.3	0	---	-52.4	-52.4	 .0973	0.011	699	1	100.0	30
07/13/20	10:30 a	81.5	81.9	81.2	100	81.5	1.0	SW	0.50	4.0	W	81.5	94.1	94.1	100.6	29.895	0.00	0.00	298	12.82	341	2.9	0.62	3.6	0.000	0.344	-52.3	0	---	-52.4	-52.4	 .0973	0.000	698	1	100.0	30
07/13/20	11:00 a	82.5	82.9	81.4	100	82.5	1.0	SW	0.50	4.0	SW	82.5	97.4	97.4	106.4	29.893	0.00	0.00	422	18.15	1041	4.7	1.01	8.5	0.000	0.365	-52.3	0	---	-52.4	-52.4	 .0973	0.009	699	1	100.0	30
07/13/20	11:30 a	82.2	83.8	82.1	100	82.2	1.0	SW	0.50	6.0	SSW	82.2	96.4	96.4	106.0	29.893	0.00	0.00	459	19.74	1085	5.7	1.22	9.8	0.000	0.358	-52.3	0	---	-52.4	-52.4	 .0973	0.000	700	1	100.0	30
07/13/20	12:00 p	81.3	82.4	81.1	100	81.3	0.0	SSW	0.00	3.0	SSW	81.3	93.5	93.5	99.5	29.893	0.00	0.00	269	11.57	346	3.1	0.66	3.8	0.000	0.340	-52.3	0	---	-52.4	-52.4	 .0973	0.010	702	1	100.0	30
07/13/20	12:30 p	81.4	82.3	81.1	100	81.4	0.0	SSW	0.00	2.0	SSW	81.4	93.8	93.8	100.4	29.693	0.00	0.00	301	12.94	424	3.2	0.69	4.2	0.000	0.342	-52.3	0	---	-52.4	-52.4	 .0967	0.000	700	1	100.0	30
07/13/20	1:00 p	81.7	82.9	81.1	100	81.7	1.0	SSW	0.50	4.0	SSE	81.7	94.7	94.7	102.6	29.693	0.00	0.00	365	15.70	631	3.7	0.79	5.1	0.000	0.348	-52.3	0	---	-52.4	-52.4	 .0967	0.008	701	1	100.0	30
07/13/20	1:30 p	82.1	82.4	81.4	100	82.1	1.0	SSE	0.50	5.0	S	82.1	96.0	96.0	103.4	29.834	0.00	0.00	336	14.45	721	3.3	0.71	5.6	0.000	0.356	-52.3	0	---	-52.4	-52.4	 .0971	0.000	702	1	100.0	30
07/13/20	2:00 p	81.9	83.4	81.8	100	81.9	1.0	SSE	0.50	5.0	SSE	81.9	95.4	95.4	104.6	30.131	0.00	0.00	417	17.93	650	3.8	0.81	4.9	0.000	0.352	-52.3	0	---	-52.4	-52.4	 .0981	0.010	698	1	100.0	30
07/13/20	2:30 p	82.4	82.5	81.7	100	82.4	1.0	SE	0.50	4.0	SSE	82.4	97.1	97.1	103.7	30.131	0.00	0.00	271	11.65	283	2.4	0.51	2.7	0.000	0.363	-52.3	0	---	-52.4	-52.4	 .0981	0.000	702	1	100.0	30
07/13/20	3:00 p	82.2	83.0	81.4	100	82.2	0.0	SSE	0.00	2.0	SSE	82.2	96.4	96.4	104.4	30.131	0.00	0.00	304	13.07	357	2.1	0.45	2.2	0.000	0.358	-52.3	0	---	-52.4	-52.4	 .0981	0.007	702	1	100.0	30
07/13/20	3:30 p	81.8	82.8	81.8	100	81.8	1.0	SSE	0.50	5.0	SSE	81.8	95.1	95.1	102.0	30.131	0.00	0.00	233	10.02	348	1.4	0.30	2.0	0.000	0.350	-52.3	0	---	-52.4	-52.4	 .0981	0.000	699	1	100.0	30
07/13/20	4:00 p	80.8	82.0	80.8	100	80.8	1.0	SE	0.50	4.0	SSE	80.8	91.9	91.9	95.7	29.693	0.00	0.00	117	5.03	165	0.5	0.11	0.9	0.000	0.329	-52.3	0	---	-52.4	-52.4	 .0967	0.004	699	1	100.0	30
07/13/20	4:30 p	79.8	81.0	79.6	100	79.8	1.0	E	0.50	4.0	NNE	79.8	89.0	89.0	91.1	29.693	0.00	0.00	61	2.62	69	0.0	0.00	0.0	0.000	0.308	-52.3	0	---	-52.4	-52.4	 .0967	0.000	701	1	100.0	30
07/13/20	5:00 p	79.1	80.3	79.1	100	79.1	1.0	ENE	0.50	6.0	S	79.1	87.1	87.1	88.5	29.693	0.00	0.00	41	1.76	53	0.0	0.00	0.0	0.000	0.294	-52.3	0	---	-52.4	-52.4	 .0967	0.001	701	1	100.0	30
07/13/20	5:30 p	79.2	79.9	78.6	100	79.2	1.0	NE	0.50	6.0	SSE	79.2	87.4	87.4	87.0	29.693	0.00	0.00	24	1.03	30	0.0	0.00	0.0	0.000	0.296	-52.3	0	---	-52.4	-52.4	 .0967	0.000	703	1	100.0	30
07/13/20	6:00 p	79.0	79.6	78.9	100	79.0	0.0	SSE	0.00	1.0	SSE	79.0	86.8	86.8	85.9	29.693	0.00	0.00	5	0.22	16	0.0	0.00	0.0	0.000	0.292	-52.3	0	---	-52.4	-52.4	 .0967	0.000	700	1	100.0	30
07/13/20	6:30 p	78.0	79.0	78.0	100	78.0	0.0	SSE	0.00	1.0	SSE	78.0	84.4	84.4	83.4	29.693	0.00	0.00	0	0.00	0	0.0	0.00	0.0	0.000	0.271	-52.3	0	---	-52.4	-52.4	 .0967	0.000	700	1	100.0	30
07/13/20	7:00 p	77.2	78.0	77.1	100	77.2	0.0	SSE	0.00	1.0	SSE	77.2	82.6	82.6	81.5	29.815	0.00	0.00	0	0.00	0	0.0	0.00	0.0	0.000	0.254	-52.3	0	---	-52.4	-52.4	 .0971	0.000	700	1	100.0	30
07/13/20	7:30 p	77.0	77.2	77.0	100	77.0	0.0	SSE	0.00	1.0	SSE	77.0	82.2	82.2	81.1	29.815	0.00	0.00	0	0.00	0	0.0	0.00	0.0	0.000	0.250	-52.3	0	---	-52.4	-52.4	 .0971	0.000	702	1	100.0	30
07/13/20	8:00 p	76.6	77.0	76.6	100	76.6	0.0	---	0.00	0.0	---	76.6	81.4	81.4	80.3	19.390	0.00	0.00	0	0.00	0	0.0	0.00	0.0	0.000	0.242	-52.3	0	---	-52.4	-52.4	 .0631	0.000	702	1	100.0	30
07/13/20	8:30 p	76.2	76.7	76.2	100	76.2	0.0	SSE	0.00	1.0	SSE	76.2	80.7	80.7	79.6	29.808	0.00	0.00	0	0.00	0	0.0	0.00	0.0	0.000	0.233	-52.3	0	---	-52.4	-52.4	 .0971	0.000	701	1	100.0	30
07/13/20	9:00 p	76.2	76.3	76.1	100	76.2	0.0	SSE	0.00	1.0	SSE	76.2	80.7	80.7	79.6	29.808	0.00	0.00	0	0.00	0	0.0	0.00	0.0	0.000	0.233	-52.3	0	---	-52.4	-52.4	 .0971	0.000	697	1	100.0	30
07/13/20	9:30 p	76.1	76.3	76.0	100	76.1	0.0	SSE	0.00	1.0	SSE	76.1	80.5	80.5	79.4	29.826	0.00	0.00	0	0.00	0	0.0	0.00	0.0	0.000	0.231	-52.3	0	---	-52.4	-52.4	 .0971	0.000	701	1	100.0	30
07/13/20	10:00 p	76.3	76.3	76.0	100	76.3	0.0	---	0.00	0.0	---	76.3	80.9	80.9	79.8	29.826	0.00	0.00	0	0.00	0	0.0	0.00	0.0	0.000	0.235	-52.3	0	---	-52.4	-52.4	 .0971	0.000	701	1	100.0	30
07/13/20	10:30 p	76.5	76.5	76.2	100	76.5	0.0	---	0.00	0.0	---	76.5	81.3	81.3	80.2	29.826	0.00	0.00	0	0.00	0	0.0	0.00	0.0	0.000	0.240	-52.3	0	---	-52.4	-52.4	 .0971	0.000	701	1	100.0	30
07/13/20	11:00 p	76.6	76.7	76.3	100	76.6	0.0	---	0.00	0.0	---	76.6	81.4	81.4	80.3	29.826	0.00	0.00	0	0.00	0	0.0	0.00	0.0	0.000	0.242	-52.3	0	---	-52.4	-52.4	 .0971	0.000	703	1	100.0	30
07/13/20	11:30 p	76.5	76.7	76.4	100	76.5	0.0	---	0.00	0.0	---	76.5	81.3	81.3	80.2	29.826	0.00	0.00	0	0.00	0	0.0	0.00	0.0	0.000	0.240	-52.3	0	---	-52.4	-52.4	 .0971	0.000	701	1	100.0	30
07/14/20	12:00 a	76.6	76.6	76.3	100	76.6	0.0	SSE	0.00	1.0	SSE	76.6	81.4	81.4	80.3	29.826	0.00	0.00	0	0.00	0	0.0	0.00	0.0	0.000	0.242	-52.3	0	---	-52.4	-52.4	 .0971	0.000	701	1	100.0	30
07/14/20	12:30 a	76.6	76.7	76.5	100	76.6	0.0	---	0.00	0.0	---	76.6	81.4	81.4	80.3	29.825	0.00	0.00	0	0.00	0	0.0	0.00	0.0	0.000	0.242	-52.3	0	---	-52.4	-52.4	 .0971	0.000	699	1	100.0	30
07/14/20	1:00 a	75.8	76.6	75.8	100	75.8	0.0	SSE	0.00	1.0	SSE	75.8	80.0	80.0	78.8	29.207	0.00	0.00	0	0.00	0	0.0	0.00	0.0	0.000	0.225	-52.3	0	---	-52.4	-52.4	 .0951	0.000	701	1	100.0	30
07/14/20	1:30 a	75.6	75.9	75.5	100	75.6	0.0	SSE	0.00	1.0	SSE	75.6	79.7	79.7	78.5	29.207	0.00	0.00	0	0.00	0	0.0	0.00	0.0	0.000	0.221	-52.3	0	---	-52.4	-52.4	 .0951	0.000	697	1	100.0	30
07/14/20	2:00 a	75.8	75.9	75.5	100	75.8	0.0	SSE	0.00	1.0	SSE	75.8	80.0	80.0	78.8	29.788	0.05	1.07	0	0.00	0	0.0	0.00	0.0	0.000	0.225	-52.3	0	---	-52.4	-52.4	 .0970	0.000	701	1	100.0	30
07/14/20	2:30 a	75.9	76.1	75.7	100	75.9	1.0	SSE	0.50	3.0	NE	75.9	80.2	80.2	79.0	29.693	0.21	2.80	0	0.00	0	0.0	0.00	0.0	0.000	0.227	-52.3	0	---	-52.4	-52.4	 .0967	0.000	700	1	100.0	30
07/14/20	3:00 a	76.0	76.1	75.9	100	76.0	0.0	NE	0.00	2.0	NE	76.0	80.3	80.3	79.2	29.693	0.11	0.52	0	0.00	0	0.0	0.00	0.0	0.000	0.229	-52.3	0	---	-52.4	-52.4	 .0967	0.000	700	1	100.0	30
07/14/20	3:30 a	76.2	76.2	75.9	100	76.2	0.0	NNE	0.00	2.0	NNE	76.2	80.7	80.7	79.6	29.800	0.04	0.97	0	0.00	0	0.0	0.00	0.0	0.000	0.233	-52.3	0	---	-52.4	-52.4	 .0970	0.000	698	1	100.0	30
07/14/20	4:00 a	76.2	76.4	76.0	100	76.2	0.0	NE	0.00	4.0	NE	76.2	80.7	80.7	79.6	29.800	0.06	0.69	0	0.00	0	0.0	0.00	0.0	0.000	0.233	-52.3	0	---	-52.4	-52.4	 .0970	0.000	698	1	100.0	30
07/14/20	4:30 a	76.4	76.4	76.2	100	76.4	0.0	NE	0.00	2.0	NE	76.4	81.1	81.1	80.0	29.800	0.21	1.65	0	0.00	0	0.0	0.00	0.0	0.000	0.238	-52.3	0	---	-52.4	-52.4	 .0970	0.000	701	1	100.0	30
07/14/20	5:00 a	76.4	76.5	76.3	100	76.4	0.0	---	0.00	0.0	---	76.4	81.1	81.1	80.0	29.800	0.11	0.86	0	0.00	0	0.0	0.00	0.0	0.000	0.238	-52.3	0	---	-52.4	-52.4	 .0970	0.000	700	1	100.0	30
07/14/20	5:30 a	76.6	76.7	76.4	100	76.6	0.0	NE	0.00	2.0	NE	76.6	81.4	81.4	80.3	29.800	0.04	0.32	0	0.00	0	0.0	0.00	0.0	0.000	0.242	-52.3	0	---	-52.4	-52.4	 .0970	0.000	703	1	100.0	30
07/14/20	6:00 a	76.8	76.8	76.6	100	76.8	0.0	NE	0.00	1.0	NE	76.8	81.8	81.8	80.8	29.800	0.01	0.04	6	0.26	11	0.0	0.00	0.0	0.000	0.246	-52.3	0	---	-52.4	-52.4	 .0970	0.000	699	1	100.0	30
07/14/20	6:30 a	77.0	77.0	76.7	100	77.0	0.0	---	0.00	0.0	---	77.0	82.2	82.2	82.8	29.800	0.00	0.00	29	1.25	53	0.0	0.00	0.0	0.000	0.250	-52.3	0	---	-52.4	-52.4	 .0970	0.000	700	1	100.0	30
07/14/20	7:00 a	77.7	77.8	76.9	100	77.7	0.0	NE	0.00	1.0	NE	77.7	83.7	83.7	85.6	29.800	0.00	0.00	66	2.84	100	0.1	0.02	0.5	0.000	0.265	-52.3	0	---	-52.4	-52.4	 .0970	0.001	697	1	100.0	30
07/14/20	7:30 a	78.1	78.1	77.7	100	78.1	0.0	NE	0.00	1.0	NE	78.1	84.6	84.6	87.1	29.800	0.00	0.00	92	3.96	121	0.7	0.15	0.9	0.000	0.273	-52.3	0	---	-52.4	-52.4	 .0970	0.000	699	1	100.0	30
07/14/20	8:00 a	78.5	78.7	78.0	100	78.5	0.0	NE	0.00	2.0	NE	78.5	85.6	85.6	89.6	29.800	0.00	0.00	152	6.54	186	1.2	0.26	1.4	0.000	0.281	-52.3	0	---	-52.4	-52.4	 .0970	0.003	700	1	100.0	30
07/14/20	8:30 a	78.9	79.4	78.0	100	78.9	0.0	ENE	0.00	1.0	ENE	78.9	86.6	86.6	93.1	29.800	0.00	0.00	264	11.35	404	1.8	0.39	2.2	0.000	0.290	-52.3	0	---	-52.4	-52.4	 .0970	0.000	703	1	100.0	30
07/14/20	9:00 a	79.8	80.2	78.5	100	79.8	0.0	SSE	0.00	2.0	ENE	79.8	89.0	89.0	95.5	29.800	0.00	0.00	282	12.13	330	2.2	0.47	2.7	0.000	0.308	-52.3	0	---	-52.4	-52.4	 .0970	0.007	702	1	100.0	30
07/14/20	9:30 a	81.0	81.2	79.7	100	81.0	0.0	SSE	0.00	3.0	NE	81.0	92.5	92.5	99.5	29.864	0.00	0.00	314	13.50	362	2.9	0.62	3.3	0.000	0.333	-52.3	0	---	-52.4	-52.4	 .0972	0.000	701	1	100.0	30
07/14/20	10:00 a	83.2	83.3	80.5	100	83.2	1.0	SE	0.50	5.0	SE	83.2	100.0	100.0	110.9	29.864	0.00	0.00	541	23.27	1046	3.7	0.79	4.3	0.000	0.379	-52.3	0	---	-52.4	-52.4	 .0972	0.011	699	1	100.0	30
07/14/20	10:30 a	83.9	84.5	82.9	100	83.9	1.0	SE	0.50	6.0	SSE	83.9	102.7	102.7	115.9	29.864	0.00	0.00	814	35.01	1000	3.9	0.84	4.2	0.000	0.394	-52.3	0	---	-52.4	-52.4	 .0972	0.000	699	1	100.0	30
07/14/20	11:00 a	82.8	84.3	82.5	100	82.8	1.0	S	0.50	5.0	SSE	82.8	98.5	98.5	107.9	29.864	0.00	0.00	448	19.27	882	5.7	1.22	9.5	0.000	0.371	-52.3	0	---	-52.4	-52.4	 .0972	0.016	701	1	100.0	30
07/14/20	11:30 a	82.9	83.8	82.4	100	82.9	1.0	SSE	0.50	5.0	S	82.9	98.9	98.9	107.1	29.861	0.00	0.00	379	16.30	568	4.9	1.05	9.6	0.000	0.373	-52.3	0	---	-52.4	-52.4	 .0972	0.000	698	1	100.0	30
07/14/20	12:00 p	83.3	83.4	82.0	100	83.3	1.0	SSE	0.50	6.0	S	83.3	100.4	100.4	109.0	29.861	0.00	0.00	400	17.20	846	4.7	1.01	8.6	0.000	0.381	-52.3	0	---	-52.4	-52.4	 .0972	0.012	702	1	100.0	30
07/14/20	12:30 p	84.6	84.9	83.0	100	84.6	2.0	SE	1.00	7.0	S	84.6	105.8	105.8	118.3	29.861	0.00	0.00	675	29.03	1366	7.4	1.59	10.6	0.000	0.408	-52.3	0	---	-52.4	-52.4	 .0972	0.000	699	1	100.0	30
07/14/20	1:00 p	84.5	85.4	83.7	100	84.5	2.0	SSE	1.00	8.0	SSE	84.5	105.3	105.3	118.8	29.861	0.00	0.00	1046	44.98	1199	8.2	1.76	9.7	0.000	0.406	-52.3	0	---	-52.4	-52.4	 .0972	0.022	700	1	100.0	30
07/14/20	1:30 p	84.4	85.5	84.0	100	84.4	2.0	SE	1.00	8.0	SE	84.4	104.9	104.9	117.8	29.861	0.00	0.00	801	34.45	1192	6.5	1.39	8.7	0.000	0.404	-52.3	0	---	-52.4	-52.4	 .0972	0.000	700	1	100.0	30
07/14/20	2:00 p	81.3	85.2	81.3	100	81.3	1.0	SE	0.50	7.0	SSE	81.3	93.5	93.5	99.8	29.861	0.00	0.00	272	11.70	1079	2.9	0.62	7.3	0.000	0.340	-52.3	0	---	-52.4	-52.4	 .0972	0.014	702	1	100.0	30
07/14/20	2:30 p	80.3	81.4	80.3	100	80.3	0.0	ESE	0.00	3.0	E	80.3	90.5	90.5	91.4	29.693	0.00	0.00	56	2.41	83	0.3	0.06	0.9	0.000	0.319	-52.3	0	---	-52.4	-52.4	 .0967	0.000	701	1	100.0	30
07/14/20	3:00 p	79.9	80.3	79.8	100	79.9	0.0	ESE	0.00	1.0	ESE	79.9	89.3	89.3	89.8	29.803	0.00	0.00	39	1.68	44	0.0	0.00	0.0	0.000	0.310	-52.3	0	---	-52.4	-52.4	 .0970	0.001	700	1	100.0	30
07/14/20	3:30 p	79.9	80.0	79.5	100	79.9	0.0	ESE	0.00	1.0	ESE	79.9	89.3	89.3	90.8	29.693	0.00	0.00	66	2.84	83	0.2	0.04	0.5	0.000	0.310	-52.3	0	---	-52.4	-52.4	 .0967	0.000	698	1	100.0	30
07/14/20	4:00 p	79.6	79.9	79.4	100	79.6	0.0	ESE	0.00	1.0	ESE	79.6	88.5	88.5	90.8	29.804	0.00	0.00	78	3.35	111	0.2	0.04	0.6	0.000	0.304	-52.3	0	---	-52.4	-52.4	 .0970	0.002	698	1	100.0	30
07/14/20	4:30 p	79.7	79.9	79.4	100	79.7	0.0	ENE	0.00	3.0	ENE	79.7	88.8	88.8	91.7	29.804	0.00	0.00	81	3.48	98	0.1	0.02	0.5	0.000	0.306	-52.3	0	---	-52.4	-52.4	 .0970	0.000	695	1	100.0	30
07/14/20	5:00 p	79.7	79.8	79.4	100	79.7	0.0	ENE	0.00	2.0	ENE	79.7	88.8	88.8	91.2	29.693	0.00	0.00	63	2.71	70	0.0	0.00	0.0	0.000	0.306	-52.3	0	---	-52.4	-52.4	 .0967	0.002	701	1	100.0	30
07/14/20	5:30 p	79.3	79.7	79.3	100	79.3	0.0	ENE	0.00	1.0	ENE	79.3	87.6	87.6	87.4	29.820	0.00	0.00	38	1.63	49	0.0	0.00	0.0	0.000	0.298	-52.3	0	---	-52.4	-52.4	 .0971	0.000	699	1	100.0	30
07/14/20	6:00 p	78.3	79.3	78.2	100	78.3	0.0	ENE	0.00	2.0	ENE	78.3	85.1	85.1	84.1	29.819	0.00	0.00	7	0.30	30	0.0	0.00	0.0	0.000	0.277	-52.3	0	---	-52.4	-52.4	 .0971	0.001	700	1	100.0	30
07/14/20	6:30 p	77.7	78.3	77.6	100	77.7	0.0	NNE	0.00	3.0	NNE	77.7	83.7	83.7	82.5	29.693	0.00	0.00	0	0.00	0	0.0	0.00	0.0	0.000	0.265	-52.3	0	---	-52.4	-52.4	 .0967	0.000	701	1	100.0	30
07/14/20	7:00 p	77.4	77.9	77.3	100	77.4	1.0	NNE	0.50	5.0	NE	77.4	83.1	83.1	81.9	29.219	0.00	0.00	0	0.00	0	0.0	0.00	0.0	0.000	0.258	-52.3	0	---	-52.4	-52.4	 .0951	0.000	698	1	100.0	30
07/14/20	7:30 p	76.7	77.4	76.7	100	76.7	1.0	NE	0.50	5.0	ENE	76.7	81.6	81.6	80.4	29.219	0.00	0.00	0	0.00	0	0.0	0.00	0.0	0.000	0.244	-52.3	0	---	-52.4	-52.4	 .0951	0.000	702	1	100.0	30
07/14/20	8:00 p	76.2	76.8	76.2	100	76.2	0.0	SW	0.00	3.0	SW	76.2	80.7	80.7	79.5	29.219	0.00	0.00	0	0.00	0	0.0	0.00	0.0	0.000	0.233	-52.3	0	---	-52.4	-52.4	 .0951	0.000	701	1	100.0	30
07/14/20	8:30 p	75.8	76.3	75.7	100	75.8	1.0	ESE	0.50	6.0	NNE	75.8	80.0	80.0	78.7	29.219	0.00	0.00	0	0.00	0	0.0	0.00	0.0	0.000	0.225	-52.3	0	---	-52.4	-52.4	 .0951	0.000	702	1	100.0	30
07/14/20	9:00 p	75.8	76.1	75.2	100	75.8	1.0	NNW	0.50	7.0	NNE	75.8	80.0	80.0	78.7	29.219	0.00	0.00	0	0.00	0	0.0	0.00	0.0	0.000	0.225	-52.3	0	---	-52.4	-52.4	 .0951	0.000	699	1	100.0	30
07/14/20	9:30 p	74.9	75.8	74.9	100	74.9	0.0	NNW	0.00	2.0	NNW	74.9	78.7	78.7	77.4	29.219	0.00	0.00	0	0.00	0	0.0	0.00	0.0	0.000	0.206	-52.3	0	---	-52.4	-52.4	 .0951	0.000	701	1	100.0	30
07/14/20	10:00 p	74.4	74.8	74.4	100	74.4	0.0	NNW	0.00	1.0	NNW	74.4	78.1	78.1	76.8	29.219	0.00	0.00	0	0.00	0	0.0	0.00	0.0	0.000	0.196	-52.3	0	---	-52.4	-52.4	 .0951	0.000	700	1	100.0	30
07/14/20	10:30 p	74.5	74.5	74.3	100	74.5	0.0	NNW	0.00	1.0	NNW	74.5	78.2	78.2	76.9	29.219	0.00	0.00	0	0.00	0	0.0	0.00	0.0	0.000	0.198	-52.3	0	---	-52.4	-52.4	 .0951	0.000	699	1	100.0	30
07/14/20	11:00 p	74.4	74.6	74.2	100	74.4	0.0	NNW	0.00	1.0	NNW	74.4	78.1	78.1	76.8	29.219	0.00	0.00	0	0.00	0	0.0	0.00	0.0	0.000	0.196	-52.3	0	---	-52.4	-52.4	 .0951	0.000	700	1	100.0	30
07/14/20	11:30 p	74.5	74.7	74.3	100	74.5	0.0	NNW	0.00	1.0	NNW	74.5	78.2	78.2	76.9	29.219	0.00	0.00	0	0.00	0	0.0	0.00	0.0	0.000	0.198	-52.3	0	---	-52.4	-52.4	 .0951	0.000	700	1	100.0	30
07/15/20	12:00 a	74.2	74.5	74.2	100	74.2	0.0	NNW	0.00	1.0	NNW	74.2	77.8	77.8	76.5	29.219	0.00	0.00	0	0.00	0	0.0	0.00	0.0	0.000	0.192	-52.3	0	---	-52.4	-52.4	 .0951	0.000	700	1	100.0	30
07/15/20	12:30 a	73.9	74.2	73.9	100	73.9	0.0	---	0.00	0.0	---	73.9	77.5	77.5	76.1	29.219	0.00	0.00	0	0.00	0	0.0	0.00	0.0	0.000	0.185	-52.3	0	---	-52.4	-52.4	 .0951	0.000	696	1	100.0	30
07/15/20	1:00 a	74.3	74.3	73.7	100	74.3	0.0	NNW	0.00	1.0	NNW	74.3	78.0	78.0	76.7	30.122	0.00	0.00	0	0.00	0	0.0	0.00	0.0	0.000	0.194	-52.3	0	---	-52.4	-52.4	 .0981	0.000	699	1	100.0	30
07/15/20	1:30 a	74.4	74.5	74.2	100	74.4	0.0	---	0.00	0.0	---	74.4	78.1	78.1	76.8	29.806	0.00	0.00	0	0.00	0	0.0	0.00	0.0	0.000	0.196	-52.3	0	---	-52.4	-52.4	 .0970	0.000	699	1	100.0	30
07/15/20	2:00 a	74.6	74.7	74.3	100	74.6	0.0	NNW	0.00	1.0	NNW	74.6	78.3	78.3	77.0	29.806	0.00	0.00	0	0.00	0	0.0	0.00	0.0	0.000	0.200	-52.3	0	---	-52.4	-52.4	 .0970	0.000	701	1	100.0	30
07/15/20	2:30 a	75.2	75.3	74.7	100	75.2	0.0	---	0.00	0.0	---	75.2	79.1	79.1	77.8	29.806	0.00	0.00	0	0.00	0	0.0	0.00	0.0	0.000	0.212	-52.3	0	---	-52.4	-52.4	 .0970	0.000	699	1	100.0	30
07/15/20	3:00 a	75.7	75.7	75.2	100	75.7	0.0	NNW	0.00	1.0	NNW	75.7	79.8	79.8	78.5	29.693	0.02	0.05	0	0.00	0	0.0	0.00	0.0	0.000	0.223	-52.3	0	---	-52.4	-52.4	 .0967	0.000	701	1	100.0	30
07/15/20	3:30 a	75.5	75.7	75.4	100	75.5	1.0	N	0.50	3.0	NNW	75.5	79.6	79.6	78.3	29.693	0.00	0.00	0	0.00	0	0.0	0.00	0.0	0.000	0.219	-52.3	0	---	-52.4	-52.4	 .0967	0.000	701	1	100.0	30
07/15/20	4:00 a	75.3	75.5	75.0	100	75.3	0.0	NNE	0.00	3.0	NNE	75.3	79.3	79.3	78.0	29.693	0.00	0.00	0	0.00	0	0.0	0.00	0.0	0.000	0.215	-52.3	0	---	-52.4	-52.4	 .0967	0.000	700	1	100.0	30
07/15/20	4:30 a	75.1	75.4	75.0	100	75.1	0.0	NNE	0.00	4.0	NE	75.1	78.9	78.9	77.6	29.693	0.00	0.00	0	0.00	0	0.0	0.00	0.0	0.000	0.210	-52.3	0	---	-52.4	-52.4	 .0967	0.000	701	1	100.0	30
07/15/20	5:00 a	75.1	75.4	75.0	100	75.1	0.0	NNE	0.00	2.0	NNE	75.1	78.9	78.9	77.6	19.389	0.00	0.00	0	0.00	0	0.0	0.00	0.0	0.000	0.210	-52.3	0	---	-52.4	-52.4	 .0631	0.000	699	1	100.0	30
07/15/20	5:30 a	75.1	75.2	75.0	100	75.1	0.0	NNE	0.00	1.0	NNE	75.1	78.9	78.9	77.6	19.389	0.02	0.08	0	0.00	0	0.0	0.00	0.0	0.000	0.210	-52.3	0	---	-52.4	-52.4	 .0631	0.000	701	1	100.0	30
07/15/20	6:00 a	75.5	75.5	75.1	100	75.5	0.0	NNE	0.00	2.0	NNE	75.5	79.6	79.6	78.3	19.389	0.03	0.10	0	0.00	0	0.0	0.00	0.0	0.000	0.219	-52.3	0	---	-52.4	-52.4	 .0631	0.000	700	1	100.0	30
07/15/20	6:30 a	75.5	75.6	75.3	100	75.5	0.0	NNE	0.00	1.0	NNE	75.5	79.6	79.6	78.8	19.389	0.01	0.05	0	0.00	0	0.0	0.00	0.0	0.000	0.219	-52.3	0	---	-52.4	-52.4	 .0631	0.000	701	1	100.0	30
07/15/20	7:00 a	75.1	75.5	75.1	100	75.1	0.0	NNE	0.00	1.0	NNE	75.1	78.9	78.9	78.1	19.389	0.05	0.11	0	0.00	0	0.0	0.00	0.0	0.000	0.210	-52.3	0	---	-52.4	-52.4	 .0631	0.000	702	1	100.0	30
07/15/20	7:30 a	75.1	75.2	75.0	100	75.1	0.0	NNE	0.00	2.0	NNE	75.1	78.9	78.9	78.2	19.389	0.04	0.11	3	0.13	5	0.0	0.00	0.0	0.000	0.210	-52.3	0	---	-52.4	-52.4	 .0631	0.000	700	1	100.0	30
07/15/20	8:00 a	75.5	75.5	75.0	100	75.5	0.0	NNE	0.00	1.0	NNE	75.5	79.6	79.6	79.1	19.389	0.10	0.30	11	0.47	23	0.0	0.00	0.0	0.000	0.219	-52.3	0	---	-52.4	-52.4	 .0631	0.000	698	1	100.0	30
07/15/20	8:30 a	76.5	76.5	75.4	100	76.5	0.0	NNE	0.00	2.0	NNE	76.5	81.3	81.3	82.3	19.389	0.03	0.25	65	2.80	105	0.3	0.06	0.7	0.000	0.240	-52.3	0	---	-52.4	-52.4	 .0631	0.000	700	1	100.0	30
07/15/20	9:00 a	76.8	76.9	76.4	100	76.8	0.0	NNE	0.00	1.0	NNE	76.8	81.8	81.8	82.7	19.389	0.00	0.00	66	2.84	98	0.4	0.09	0.7	0.000	0.246	-52.3	0	---	-52.4	-52.4	 .0631	0.002	701	1	100.0	30
07/15/20	9:30 a	78.5	78.9	76.8	100	78.5	0.0	NNE	0.00	2.0	NNE	78.5	85.6	85.6	91.0	19.389	0.00	0.00	243	10.45	397	2.0	0.43	2.9	0.000	0.281	-52.3	0	---	-52.4	-52.4	 .0631	0.000	700	1	100.0	30
07/15/20	10:00 a	79.4	79.9	78.1	100	79.4	1.0	SSW	0.50	3.0	SSW	79.4	87.9	87.9	97.2	19.389	0.00	0.00	449	19.31	506	3.6	0.77	3.8	0.000	0.300	-52.3	0	---	-52.4	-52.4	 .0631	0.008	698	1	100.0	30
07/15/20	10:30 a	80.5	80.7	79.2	100	80.5	0.0	SW	0.00	2.0	SW	80.5	91.1	91.1	98.5	19.389	0.00	0.00	341	14.66	425	3.2	0.69	3.7	0.000	0.323	-52.3	0	---	-52.4	-52.4	 .0631	0.000	701	1	100.0	30
07/15/20	11:00 a	81.2	81.4	80.4	100	81.2	1.0	SSW	0.50	3.0	S	81.2	93.1	93.1	101.1	29.238	0.01	0.00	369	15.87	464	3.6	0.77	4.3	0.000	0.337	-52.3	0	---	-52.4	-52.4	 .0952	0.009	699	1	100.0	30
07/15/20	11:30 a	80.8	81.3	80.6	100	80.8	1.0	SW	0.50	3.0	SSW	80.8	91.9	91.9	98.4	19.389	0.00	0.00	294	12.64	475	3.0	0.64	4.4	0.000	0.329	-52.3	0	---	-52.4	-52.4	 .0631	0.000	698	1	100.0	30
07/15/20	12:00 p	80.8	81.8	79.8	100	80.8	1.0	SSE	0.50	3.0	SW	80.8	91.9	91.9	99.3	29.834	0.00	0.00	342	14.71	527	3.4	0.73	4.9	0.000	0.329	-52.3	0	---	-52.4	-52.4	 .0971	0.008	700	1	100.0	30
07/15/20	12:30 p	82.1	82.3	80.8	100	82.1	1.0	SE	0.50	4.0	NE	82.1	96.0	96.0	104.2	29.086	0.00	0.00	382	16.43	647	4.2	0.90	6.9	0.000	0.356	-52.3	0	---	-52.4	-52.4	 .0947	0.000	698	1	100.0	30
07/15/20	1:00 p	83.7	84.3	82.1	100	83.7	2.0	SSE	1.00	8.0	SSE	83.7	101.9	101.9	114.8	29.086	0.00	0.00	858	36.90	1301	7.2	1.54	9.2	0.000	0.390	-52.3	0	---	-52.4	-52.4	 .0947	0.016	701	1	100.0	30
07/15/20	1:30 p	82.3	83.9	82.2	100	82.3	2.0	SE	1.00	10.0	NNE	82.3	96.8	96.8	106.9	29.086	0.00	0.00	489	21.03	1253	5.2	1.11	8.7	0.000	0.360	-52.3	0	---	-52.4	-52.4	 .0947	0.000	699	1	100.0	30
07/15/20	2:00 p	82.0	83.2	81.9	100	82.0	3.0	SE	1.50	10.0	E	82.0	95.7	95.7	104.6	29.086	0.00	0.00	403	17.33	935	3.9	0.84	7.4	0.000	0.354	-52.3	0	---	-52.4	-52.4	 .0947	0.014	700	1	100.0	30
07/15/20	2:30 p	83.6	83.9	81.5	100	83.6	2.0	SE	1.00	10.0	SE	83.6	101.5	101.5	112.1	29.759	0.00	0.00	465	20.00	933	3.6	0.77	5.1	0.000	0.387	-52.3	0	---	-52.4	-52.4	 .0969	0.000	701	1	100.0	30
07/15/20	3:00 p	83.7	84.0	82.5	100	83.7	2.0	ESE	1.00	8.0	SE	83.7	101.9	101.9	114.7	29.763	0.00	0.00	629	27.05	877	3.3	0.71	4.4	0.000	0.390	-52.3	0	---	-52.4	-52.4	 .0969	0.015	700	1	100.0	30
07/15/20	3:30 p	83.1	83.7	82.6	100	83.1	2.0	SSE	1.00	10.0	SE	83.1	99.6	99.6	115.6	29.763	0.00	0.00	651	28.00	837	2.4	0.51	3.3	0.000	0.377	-52.3	0	---	-52.4	-52.4	 .0969	0.000	696	1	100.0	30
07/15/20	4:00 p	82.9	83.4	82.4	100	82.9	2.0	SE	1.00	8.0	SSE	82.9	98.9	98.9	112.2	29.763	0.00	0.00	455	19.57	643	1.5	0.32	2.1	0.000	0.373	-52.3	0	---	-52.4	-52.4	 .0969	0.013	699	1	100.0	30
07/15/20	4:30 p	81.3	83.1	81.2	100	81.3	1.0	NE	0.50	5.0	NNE	81.3	93.5	93.5	98.3	29.763	0.00	0.00	126	5.42	496	0.6	0.13	1.1	0.000	0.340	-52.3	0	---	-52.4	-52.4	 .0969	0.000	702	1	100.0	30
07/15/20	5:00 p	80.2	81.3	80.1	100	80.2	1.0	ESE	0.50	7.0	ESE	80.2	90.2	90.2	92.1	29.763	0.00	0.00	51	2.19	81	0.0	0.00	0.0	0.000	0.317	-52.3	0	---	-52.4	-52.4	 .0969	0.003	701	1	100.0	30
07/15/20	5:30 p	80.1	80.3	79.9	100	80.1	1.0	NE	0.50	7.0	SE	80.1	89.9	89.9	89.1	29.763	0.00	0.00	7	0.30	18	0.0	0.00	0.0	0.000	0.315	-52.3	0	---	-52.4	-52.4	 .0969	0.000	700	1	100.0	30
07/15/20	6:00 p	79.6	80.1	79.4	100	79.6	1.0	E	0.50	3.0	SE	79.6	88.5	88.5	87.5	29.763	0.00	0.00	2	0.09	11	0.0	0.00	0.0	0.000	0.304	-52.3	0	---	-52.4	-52.4	 .0969	0.000	698	1	100.0	30
07/15/20	6:30 p	79.2	79.7	79.2	100	79.2	0.0	ENE	0.00	3.0	ENE	79.2	87.4	87.4	86.4	29.763	0.00	0.00	0	0.00	0	0.0	0.00	0.0	0.000	0.296	-52.3	0	---	-52.4	-52.4	 .0969	0.000	703	1	100.0	30
07/15/20	7:00 p	78.9	79.3	78.8	100	78.9	0.0	ENE	0.00	2.0	ENE	78.9	86.6	86.6	85.5	29.763	0.00	0.00	0	0.00	0	0.0	0.00	0.0	0.000	0.290	-52.3	0	---	-52.4	-52.4	 .0969	0.000	701	1	100.0	30
07/15/20	7:30 p	78.6	78.9	78.5	100	78.6	0.0	ENE	0.00	1.0	ENE	78.6	85.8	85.8	84.7	29.763	0.00	0.00	0	0.00	0	0.0	0.00	0.0	0.000	0.283	-52.3	0	---	-52.4	-52.4	 .0969	0.000	700	1	100.0	30
07/15/20	8:00 p	78.2	78.6	78.1	100	78.2	0.0	ENE	0.00	1.0	ENE	78.2	84.9	84.9	83.8	29.763	0.00	0.00	0	0.00	0	0.0	0.00	0.0	0.000	0.275	-52.3	0	---	-52.4	-52.4	 .0969	0.000	702	1	100.0	30
07/15/20	8:30 p	77.6	78.2	77.6	100	77.6	0.0	ENE	0.00	1.0	ENE	77.6	83.5	83.5	82.4	29.763	0.00	0.00	0	0.00	0	0.0	0.00	0.0	0.000	0.262	-52.3	0	---	-52.4	-52.4	 .0969	0.000	702	1	100.0	30
07/15/20	9:00 p	77.0	77.6	76.9	100	77.0	0.0	ENE	0.00	1.0	ENE	77.0	82.2	82.2	81.1	29.763	0.00	0.00	0	0.00	0	0.0	0.00	0.0	0.000	0.250	-52.3	0	---	-52.4	-52.4	 .0969	0.000	701	1	100.0	30
07/15/20	9:30 p	76.9	77.1	76.9	100	76.9	0.0	---	0.00	0.0	---	76.9	82.0	82.0	80.8	29.763	0.00	0.00	0	0.00	0	0.0	0.00	0.0	0.000	0.248	-52.3	0	---	-52.4	-52.4	 .0969	0.000	700	1	100.0	30
07/15/20	10:00 p	76.5	76.9	76.5	100	76.5	0.0	---	0.00	0.0	---	76.5	81.3	81.3	80.1	29.763	0.00	0.00	0	0.00	0	0.0	0.00	0.0	0.000	0.240	-52.3	0	---	-52.4	-52.4	 .0969	0.000	699	1	100.0	30
07/15/20	10:30 p	76.2	76.6	76.1	100	76.2	0.0	---	0.00	0.0	---	76.2	80.7	80.7	79.5	29.763	0.00	0.00	0	0.00	0	0.0	0.00	0.0	0.000	0.233	-52.3	0	---	-52.4	-52.4	 .0969	0.000	700	1	100.0	30
07/15/20	11:00 p	75.9	76.2	75.8	100	75.9	0.0	---	0.00	0.0	---	75.9	80.2	80.2	79.0	29.763	0.00	0.00	0	0.00	0	0.0	0.00	0.0	0.000	0.227	-52.3	0	---	-52.4	-52.4	 .0969	0.000	700	1	100.0	30
07/15/20	11:30 p	75.6	75.9	75.5	100	75.6	0.0	---	0.00	0.0	---	75.6	79.7	79.7	78.5	29.763	0.00	0.00	0	0.00	0	0.0	0.00	0.0	0.000	0.221	-52.3	0	---	-52.4	-52.4	 .0969	0.000	699	1	100.0	30
07/16/20	12:00 a	75.3	75.6	75.2	100	75.3	0.0	---	0.00	0.0	---	75.3	79.3	79.3	78.1	29.763	0.00	0.00	0	0.00	0	0.0	0.00	0.0	0.000	0.215	-52.3	0	---	-52.4	-52.4	 .0969	0.000	702	1	100.0	30
07/16/20	12:30 a	75.0	75.3	75.0	100	75.0	0.0	---	0.00	0.0	---	75.0	78.8	78.8	77.6	29.763	0.00	0.00	0	0.00	0	0.0	0.00	0.0	0.000	0.208	-52.3	0	---	-52.4	-52.4	 .0969	0.000	700	1	100.0	30
07/16/20	1:00 a	75.0	75.1	74.9	100	75.0	0.0	---	0.00	0.0	---	75.0	78.8	78.8	77.6	29.763	0.00	0.00	0	0.00	0	0.0	0.00	0.0	0.000	0.208	-52.3	0	---	-52.4	-52.4	 .0969	0.000	703	1	100.0	30
07/16/20	1:30 a	75.0	75.1	75.0	100	75.0	0.0	---	0.00	0.0	---	75.0	78.8	78.8	77.6	29.763	0.00	0.00	0	0.00	0	0.0	0.00	0.0	0.000	0.208	-52.3	0	---	-52.4	-52.4	 .0969	0.000	699	1	100.0	30
07/16/20	2:00 a	75.1	75.1	74.9	100	75.1	0.0	---	0.00	0.0	---	75.1	78.9	78.9	77.7	29.763	0.00	0.00	0	0.00	0	0.0	0.00	0.0	0.000	0.210	-52.3	0	---	-52.4	-52.4	 .0969	0.000	701	1	100.0	30
07/16/20	2:30 a	75.0	75.1	74.9	100	75.0	0.0	---	0.00	0.0	---	75.0	78.8	78.8	77.6	29.763	0.00	0.00	0	0.00	0	0.0	0.00	0.0	0.000	0.208	-52.3	0	---	-52.4	-52.4	 .0969	0.000	699	1	100.0	30
07/16/20	3:00 a	74.7	75.0	74.6	100	74.7	0.0	---	0.00	0.0	---	74.7	78.4	78.4	77.1	29.763	0.00	0.00	0	0.00	0	0.0	0.00	0.0	0.000	0.202	-52.3	0	---	-52.4	-52.4	 .0969	0.000	699	1	100.0	30
07/16/20	3:30 a	74.5	74.7	74.5	100	74.5	0.0	---	0.00	0.0	---	74.5	78.2	78.2	76.9	29.763	0.00	0.00	0	0.00	0	0.0	0.00	0.0	0.000	0.198	-52.3	0	---	-52.4	-52.4	 .0969	0.000	702	1	100.0	30
07/16/20	4:00 a	74.7	74.7	74.4	100	74.7	0.0	ENE	0.00	1.0	ENE	74.7	78.4	78.4	77.1	29.763	0.01	0.00	0	0.00	0	0.0	0.00	0.0	0.000	0.202	-52.3	0	---	-52.4	-52.4	 .0969	0.000	700	1	100.0	30
07/16/20	4:30 a	74.8	74.9	74.7	100	74.8	0.0	---	0.00	0.0	---	74.8	78.6	78.6	77.3	29.763	0.00	0.00	0	0.00	0	0.0	0.00	0.0	0.000	0.204	-52.3	0	---	-52.4	-52.4	 .0969	0.000	702	1	100.0	30
07/16/20	5:00 a	74.7	74.9	74.7	100	74.7	0.0	---	0.00	0.0	---	74.7	78.4	78.4	77.1	29.763	0.00	0.00	0	0.00	0	0.0	0.00	0.0	0.000	0.202	-52.3	0	---	-52.4	-52.4	 .0969	0.000	697	1	100.0	30
07/16/20	5:30 a	74.2	74.7	74.2	100	74.2	0.0	---	0.00	0.0	---	74.2	77.8	77.8	76.5	29.763	0.00	0.00	0	0.00	0	0.0	0.00	0.0	0.000	0.192	-52.3	0	---	-52.4	-52.4	 .0969	0.000	701	1	100.0	30
07/16/20	6:00 a	74.0	74.2	73.9	100	74.0	0.0	---	0.00	0.0	---	74.0	77.6	77.6	76.6	29.763	0.00	0.00	11	0.47	26	0.0	0.00	0.0	0.000	0.188	-52.3	0	---	-52.4	-52.4	 .0969	0.000	697	1	100.0	30
07/16/20	6:30 a	74.5	74.5	74.0	100	74.5	0.0	---	0.00	0.0	---	74.5	78.2	78.2	78.9	29.763	0.00	0.00	33	1.42	40	0.0	0.00	0.0	0.000	0.198	-52.3	0	---	-52.4	-52.4	 .0969	0.000	700	1	100.0	30
07/16/20	7:00 a	75.5	75.5	74.5	100	75.5	0.0	SE	0.00	1.0	SE	75.5	79.6	79.6	80.7	29.763	0.00	0.00	47	2.02	54	0.0	0.00	0.0	0.000	0.219	-52.3	0	---	-52.4	-52.4	 .0969	0.001	699	1	100.0	30
07/16/20	7:30 a	76.5	76.5	75.4	100	76.5	0.0	SE	0.00	1.0	SE	76.5	81.3	81.3	83.4	29.763	0.00	0.00	83	3.57	323	0.7	0.15	1.1	0.000	0.240	-52.3	0	---	-52.4	-52.4	 .0969	0.000	702	1	100.0	30
07/16/20	8:00 a	78.1	78.1	76.5	100	78.1	0.0	SE	0.00	2.0	SE	78.1	84.6	84.6	94.1	19.389	0.00	0.00	369	15.87	450	1.4	0.30	1.8	0.000	0.273	-52.3	0	---	-52.4	-52.4	 .0631	0.005	700	1	100.0	30
07/16/20	8:30 a	80.5	80.5	78.1	100	80.5	1.0	NNW	0.50	3.0	NW	80.5	91.1	91.1	102.6	19.389	0.00	0.00	525	22.58	612	2.3	0.49	3.0	0.000	0.323	-52.3	0	---	-52.4	-52.4	 .0631	0.000	699	1	100.0	30
07/16/20	9:00 a	82.8	82.8	80.4	100	82.8	1.0	ENE	0.50	5.0	S	82.8	98.5	98.5	110.5	19.389	0.00	0.00	601	25.85	717	3.2	0.69	3.7	0.000	0.371	-52.3	0	---	-52.4	-52.4	 .0631	0.013	701	1	100.0	30
07/16/20	9:30 a	84.3	84.3	82.8	100	84.3	2.0	ESE	1.00	7.0	SE	84.3	104.5	104.5	117.4	19.389	0.00	0.00	745	32.04	854	4.0	0.86	4.3	0.000	0.402	-52.3	0	---	-52.4	-52.4	 .0631	0.000	701	1	100.0	30
07/16/20	10:00 a	83.8	84.3	83.1	100	83.8	1.0	SE	0.50	4.0	SSE	83.8	102.3	102.3	112.4	29.693	0.00	0.00	487	20.94	962	3.1	0.66	3.4	0.000	0.392	-52.3	0	---	-52.4	-52.4	 .0967	0.016	699	1	100.0	30
07/16/20	10:30 a	85.2	85.2	83.8	100	85.2	2.0	S	1.00	6.0	S	85.2	108.7	108.7	122.0	29.693	0.00	0.00	796	34.23	983	3.7	0.79	4.1	0.000	0.421	-52.3	0	---	-52.4	-52.4	 .0967	0.000	700	1	100.0	30
07/16/20	11:00 a	85.9	86.1	84.7	100	85.9	1.0	SW	0.50	5.0	SW	85.9	112.6	112.6	125.9	29.237	0.00	0.00	766	32.94	1107	7.0	1.50	8.5	0.000	0.435	-52.3	0	---	-52.4	-52.4	 .0952	0.019	701	1	100.0	30
07/16/20	11:30 a	85.3	86.8	85.0	100	85.3	1.0	SSE	0.50	5.0	S	85.3	109.3	109.3	120.4	29.237	0.00	0.00	980	42.15	1139	7.8	1.67	9.0	0.000	0.423	-52.3	0	---	-52.4	-52.4	 .0952	0.000	698	1	100.0	30
07/16/20	12:00 p	85.9	86.3	84.7	100	85.9	2.0	SE	1.00	8.0	ESE	85.9	112.6	112.6	126.0	29.827	0.00	0.00	847	36.43	1278	7.2	1.54	9.1	0.000	0.435	-52.3	0	---	-52.4	-52.4	 .0971	0.023	700	1	100.0	30
07/16/20	12:30 p	86.1	86.5	85.7	100	86.1	2.0	SE	1.00	9.0	SE	86.1	113.9	113.9	126.3	29.806	0.00	0.00	1019	43.82	1107	8.2	1.76	8.8	0.000	0.440	-51.7	0	---	-51.8	-51.8	 .0969	0.000	697	1	100.0	30
07/16/20	1:00 p	85.0	86.6	85.0	100	85.0	3.0	SE	1.50	10.0	SE	85.0	107.6	107.6	121.2	29.808	0.00	0.00	1043	44.85	1123	7.7	1.65	8.4	0.000	0.417	-52.3	0	---	-52.4	-52.4	 .0971	0.025	701	1	100.0	30
07/16/20	1:30 p	85.3	86.6	85.0	100	85.3	2.0	SE	1.00	8.0	SE	85.3	109.3	109.3	122.8	29.808	0.00	0.00	956	41.11	1023	6.6	1.41	7.3	0.000	0.423	-52.3	0	---	-52.4	-52.4	 .0971	0.000	699	1	100.0	30
07/16/20	2:00 p	85.7	86.8	85.2	100	85.7	2.0	S	1.00	10.0	SSE	85.7	111.5	111.5	125.2	29.808	0.00	0.00	875	37.63	953	5.8	1.24	6.5	0.000	0.431	-52.3	0	---	-52.4	-52.4	 .0971	0.023	698	1	100.0	30
07/16/20	2:30 p	85.0	86.4	84.8	100	85.0	1.0	SSE	0.50	6.0	S	85.0	107.6	107.6	120.8	29.808	0.00	0.00	746	32.08	905	4.2	0.90	5.2	0.000	0.417	-52.3	0	---	-52.4	-52.4	 .0971	0.000	701	1	100.0	30
07/16/20	3:00 p	85.1	85.7	84.5	100	85.1	2.0	S	1.00	10.0	SE	85.1	108.2	108.2	122.9	29.808	0.00	0.00	713	30.66	800	3.4	0.73	4.2	0.000	0.419	-52.3	0	---	-52.4	-52.4	 .0971	0.017	701	1	100.0	30
07/16/20	3:30 p	84.9	85.2	83.8	100	84.9	1.0	SSE	0.50	5.0	SSE	84.9	107.2	107.2	118.7	29.808	0.00	0.00	422	18.15	606	2.0	0.43	2.6	0.000	0.415	-52.3	0	---	-52.4	-52.4	 .0971	0.000	698	1	100.0	30
07/16/20	4:00 p	83.4	85.0	83.4	100	83.4	1.0	WSW	0.50	5.0	SSE	83.4	100.8	100.8	111.4	29.808	0.00	0.00	343	14.75	575	1.3	0.28	2.0	0.000	0.383	-52.3	0	---	-52.4	-52.4	 .0971	0.010	699	1	100.0	30
07/16/20	4:30 p	81.8	83.6	81.8	100	81.8	0.0	NE	0.00	4.0	NE	81.8	95.1	95.1	101.0	29.692	0.00	0.00	153	6.58	204	0.5	0.11	0.8	0.000	0.350	-52.3	0	---	-52.4	-52.4	 .0967	0.000	701	1	100.0	30
07/16/20	5:00 p	81.0	81.8	81.0	100	81.0	0.0	E	0.00	2.0	ESE	81.0	92.5	92.5	96.3	29.124	0.00	0.00	97	4.17	123	0.0	0.00	0.0	0.000	0.333	-52.3	0	---	-52.4	-52.4	 .0948	0.003	698	1	100.0	30
07/16/20	5:30 p	80.2	81.2	80.2	100	80.2	0.0	ESE	0.00	2.0	ESE	80.2	90.2	90.2	90.4	29.692	0.00	0.00	59	2.54	81	0.0	0.00	0.0	0.000	0.317	-52.3	0	---	-52.4	-52.4	 .0967	0.000	701	1	100.0	30
07/16/20	6:00 p	79.1	80.2	79.1	100	79.1	0.0	ESE	0.00	1.0	ESE	79.1	87.1	87.1	86.2	29.692	0.00	0.00	13	0.56	28	0.0	0.00	0.0	0.000	0.294	-52.3	0	---	-52.4	-52.4	 .0967	0.001	700	1	100.0	30
07/16/20	6:30 p	78.1	79.2	78.0	100	78.1	0.0	E	0.00	1.0	E	78.1	84.6	84.6	83.3	29.692	0.00	0.00	0	0.00	0	0.0	0.00	0.0	0.000	0.273	-52.3	0	---	-52.4	-52.4	 .0967	0.000	703	1	100.0	30
07/16/20	7:00 p	77.6	78.2	77.5	100	77.6	0.0	---	0.00	0.0	---	77.6	83.5	83.5	82.2	29.692	0.00	0.00	0	0.00	0	0.0	0.00	0.0	0.000	0.262	-52.3	0	---	-52.4	-52.4	 .0967	0.000	696	1	100.0	30
07/16/20	7:30 p	77.2	77.6	77.1	100	77.2	0.0	---	0.00	0.0	---	77.2	82.6	82.6	81.3	29.692	0.00	0.00	0	0.00	0	0.0	0.00	0.0	0.000	0.254	-52.3	0	---	-52.4	-52.4	 .0967	0.000	701	1	100.0	30
07/16/20	8:00 p	77.1	77.3	77.0	100	77.1	0.0	E	0.00	1.0	E	77.1	82.4	82.4	81.1	29.692	0.00	0.00	0	0.00	0	0.0	0.00	0.0	0.000	0.252	-52.3	0	---	-52.4	-52.4	 .0967	0.000	703	1	100.0	30
07/16/20	8:30 p	77.1	77.3	77.1	100	77.1	0.0	---	0.00	0.0	---	77.1	82.4	82.4	81.1	29.692	0.00	0.00	0	0.00	0	0.0	0.00	0.0	0.000	0.252	-52.3	0	---	-52.4	-52.4	 .0967	0.000	700	1	100.0	30
07/16/20	9:00 p	77.3	77.3	77.0	100	77.3	0.0	---	0.00	0.0	---	77.3	82.9	82.9	81.6	29.692	0.00	0.00	0	0.00	0	0.0	0.00	0.0	0.000	0.256	-52.3	0	---	-52.4	-52.4	 .0967	0.000	702	1	100.0	30
07/16/20	9:30 p	77.1	77.4	77.1	100	77.1	0.0	E	0.00	1.0	E	77.1	82.4	82.4	81.1	29.776	0.00	0.00	0	0.00	0	0.0	0.00	0.0	0.000	0.252	-52.3	0	---	-52.4	-52.4	 .0969	0.000	698	1	100.0	30
07/16/20	10:00 p	77.3	77.4	77.1	100	77.3	0.0	E	0.00	1.0	E	77.3	82.9	82.9	81.6	29.776	0.00	0.00	0	0.00	0	0.0	0.00	0.0	0.000	0.256	-52.3	0	---	-52.4	-52.4	 .0969	0.000	702	1	100.0	30
07/16/20	10:30 p	77.2	77.5	77.2	100	77.2	0.0	E	0.00	1.0	E	77.2	82.6	82.6	81.3	29.776	0.00	0.00	0	0.00	0	0.0	0.00	0.0	0.000	0.254	-52.3	0	---	-52.4	-52.4	 .0969	0.000	700	1	100.0	30
07/16/20	11:00 p	77.0	77.3	76.9	100	77.0	0.0	---	0.00	0.0	---	77.0	82.2	82.2	80.9	29.776	0.00	0.00	0	0.00	0	0.0	0.00	0.0	0.000	0.250	-52.3	0	---	-52.4	-52.4	 .0969	0.000	701	1	100.0	30
07/16/20	11:30 p	76.8	77.1	76.8	100	76.8	0.0	---	0.00	0.0	---	76.8	81.8	81.8	80.4	29.776	0.00	0.00	0	0.00	0	0.0	0.00	0.0	0.000	0.246	-52.3	0	---	-52.4	-52.4	 .0969	0.000	699	1	100.0	30
07/17/20	12:00 a	76.6	76.9	76.5	100	76.6	0.0	---	0.00	0.0	---	76.6	81.4	81.4	80.0	29.776	0.00	0.00	0	0.00	0	0.0	0.00	0.0	0.000	0.242	-52.3	0	---	-52.4	-52.4	 .0969	0.000	699	1	100.0	30
07/17/20	12:30 a	76.5	76.6	76.4	100	76.5	0.0	---	0.00	0.0	---	76.5	81.3	81.3	79.9	29.776	0.00	0.00	0	0.00	0	0.0	0.00	0.0	0.000	0.240	-52.3	0	---	-52.4	-52.4	 .0969	0.000	701	1	100.0	30
07/17/20	1:00 a	75.8	76.5	75.8	100	75.8	0.0	---	0.00	0.0	---	75.8	80.0	80.0	78.6	29.776	0.00	0.00	0	0.00	0	0.0	0.00	0.0	0.000	0.225	-52.3	0	---	-52.4	-52.4	 .0969	0.000	700	1	100.0	30
07/17/20	1:30 a	75.4	75.9	75.3	100	75.4	0.0	E	0.00	1.0	E	75.4	79.4	79.4	78.0	29.776	0.00	0.00	0	0.00	0	0.0	0.00	0.0	0.000	0.217	-52.3	0	---	-52.4	-52.4	 .0969	0.000	700	1	100.0	30
07/17/20	2:00 a	74.9	75.5	74.9	100	74.9	0.0	---	0.00	0.0	---	74.9	78.7	78.7	77.2	19.389	0.00	0.00	0	0.00	0	0.0	0.00	0.0	0.000	0.206	-52.3	0	---	-52.4	-52.4	 .0631	0.000	701	1	100.0	30
07/17/20	2:30 a	74.5	74.9	74.5	100	74.5	0.0	---	0.00	0.0	---	74.5	78.2	78.2	76.7	29.086	0.00	0.00	0	0.00	0	0.0	0.00	0.0	0.000	0.198	-52.3	0	---	-52.4	-52.4	 .0947	0.000	701	1	100.0	30
07/17/20	3:00 a	74.5	74.6	74.4	100	74.5	0.0	E	0.00	1.0	E	74.5	78.2	78.2	76.7	29.086	0.00	0.00	0	0.00	0	0.0	0.00	0.0	0.000	0.198	-52.3	0	---	-52.4	-52.4	 .0947	0.000	699	1	100.0	30
07/17/20	3:30 a	74.1	74.5	74.0	100	74.1	0.0	---	0.00	0.0	---	74.1	77.7	77.7	76.2	19.448	0.00	0.00	0	0.00	0	0.0	0.00	0.0	0.000	0.190	-52.3	0	---	-52.4	-52.4	 .0633	0.000	701	1	100.0	30
07/17/20	4:00 a	74.0	74.3	73.9	100	74.0	0.0	---	0.00	0.0	---	74.0	77.6	77.6	76.1	19.448	0.00	0.00	0	0.00	0	0.0	0.00	0.0	0.000	0.188	-52.3	0	---	-52.4	-52.4	 .0633	0.000	701	1	100.0	30
07/17/20	4:30 a	73.9	74.0	73.7	100	73.9	0.0	---	0.00	0.0	---	73.9	77.5	77.5	75.9	------	0.00	0.00	0	0.00	0	0.0	0.00	0.0	0.000	0.185	-52.3	0	---	-52.4	-52.4	-52.4	0.000	701	1	100.0	30
07/17/20	5:00 a	73.7	73.9	73.7	100	73.7	0.0	---	0.00	0.0	---	73.7	77.3	77.3	75.7	19.389	0.00	0.00	0	0.00	0	0.0	0.00	0.0	0.000	0.181	-52.3	0	---	-52.4	-52.4	 .0631	0.000	702	1	100.0	30
07/17/20	5:30 a	73.6	73.7	73.5	100	73.6	0.0	---	0.00	0.0	---	73.6	77.2	77.2	75.6	19.389	0.00	0.00	0	0.00	5	0.0	0.00	0.0	0.000	0.179	-52.3	0	---	-52.4	-52.4	 .0631	0.000	700	1	100.0	30
07/17/20	6:00 a	74.2	74.2	73.5	100	74.2	0.0	---	0.00	0.0	---	74.2	77.8	77.8	76.6	29.794	0.00	0.00	14	0.60	21	0.0	0.00	0.0	0.000	0.192	-52.3	0	---	-52.4	-52.4	 .0970	0.000	700	1	100.0	30
07/17/20	6:30 a	74.9	75.0	74.1	100	74.9	0.0	---	0.00	0.0	---	74.9	78.7	78.7	79.2	29.794	0.00	0.00	28	1.20	33	0.0	0.00	0.0	0.000	0.206	-52.3	0	---	-52.4	-52.4	 .0970	0.000	703	1	100.0	30
07/17/20	7:00 a	76.0	76.0	74.9	100	76.0	0.0	SE	0.00	1.0	SE	76.0	80.3	80.3	81.1	29.794	0.00	0.00	40	1.72	44	0.0	0.00	0.0	0.000	0.229	-52.3	0	---	-52.4	-52.4	 .0970	0.001	701	1	100.0	30
07/17/20	7:30 a	77.0	77.0	76.0	100	77.0	0.0	SE	0.00	2.0	SE	77.0	82.2	82.2	83.9	19.389	0.00	0.00	70	3.01	332	0.2	0.04	1.1	0.000	0.250	-52.3	0	---	-52.4	-52.4	 .0631	0.000	701	1	100.0	30
07/17/20	8:00 a	78.4	78.6	77.0	100	78.4	0.0	SE	0.00	1.0	SE	78.4	85.4	85.4	95.0	19.466	0.00	0.00	375	16.13	492	1.4	0.30	1.9	0.000	0.279	-52.3	0	---	-52.4	-52.4	 .0634	0.005	701	1	100.0	30
07/17/20	8:30 a	80.8	80.8	77.8	100	80.8	0.0	S	0.00	3.0	S	80.8	91.9	91.9	103.8	19.389	0.00	0.00	561	24.13	622	2.4	0.51	3.0	0.000	0.329	-52.3	0	---	-52.4	-52.4	 .0631	0.000	699	1	100.0	30
07/17/20	9:00 a	83.8	83.8	80.8	100	83.8	1.0	SE	0.50	6.0	SSE	83.8	102.3	102.3	114.9	19.390	0.00	0.00	671	28.86	722	3.3	0.71	3.8	0.000	0.392	-52.3	0	---	-52.4	-52.4	 .0631	0.015	703	1	100.0	30
07/17/20	9:30 a	85.7	85.9	83.6	100	85.7	2.0	SSE	1.00	5.0	SE	85.7	111.5	111.5	124.5	29.815	0.00	0.00	778	33.46	816	4.1	0.88	4.4	0.000	0.431	-52.3	0	---	-52.4	-52.4	 .0971	0.000	700	1	100.0	30
07/17/20	10:00 a	86.3	86.7	85.7	100	86.3	2.0	SE	1.00	11.0	SSE	86.3	115.4	115.4	128.1	29.701	0.00	0.00	869	37.37	944	3.0	0.64	3.6	0.000	0.444	-52.3	0	---	-52.4	-52.4	 .0967	0.021	696	1	100.0	30
07/17/20	10:30 a	87.2	87.5	86.3	100	87.2	1.0	SE	0.50	10.0	SSE	87.2	122.5	122.5	134.5	29.701	0.00	0.00	961	41.33	1011	3.4	0.73	3.7	0.000	0.462	-52.3	0	---	-52.4	-52.4	 .0967	0.000	699	1	100.0	30
07/17/20	11:00 a	86.6	87.7	85.6	100	86.6	2.0	S	1.00	7.0	S	86.6	117.6	117.6	130.5	29.701	0.00	0.00	925	39.78	1063	7.3	1.56	8.5	0.000	0.450	-52.3	0	---	-52.4	-52.4	 .0967	0.023	699	1	100.0	30
07/17/20	11:30 a	87.5	87.7	85.5	100	87.5	2.0	SE	1.00	7.0	SE	87.5	125.4	125.4	136.8	29.701	0.00	0.00	988	42.49	1132	8.0	1.71	8.9	0.000	0.469	-52.3	0	---	-52.4	-52.4	 .0967	0.000	696	1	100.0	30
07/17/20	12:00 p	87.2	87.4	85.7	100	87.2	2.0	SE	1.00	7.0	ESE	87.2	122.5	122.5	134.4	29.806	0.00	0.00	1019	43.82	1088	8.5	1.82	8.8	0.000	0.462	-52.3	0	---	-52.4	-52.4	 .0970	0.025	702	1	100.0	30
07/17/20	12:30 p	86.4	87.8	86.4	100	86.4	2.0	SE	1.00	10.0	SSE	86.4	116.1	116.1	128.4	29.803	0.00	0.00	1009	43.39	1067	8.4	1.80	8.7	0.000	0.446	-52.3	0	---	-52.4	-52.4	 .0970	0.000	700	1	100.0	30
07/17/20	1:00 p	86.5	87.5	86.1	100	86.5	2.0	SE	1.00	9.0	S	86.5	116.8	116.8	129.5	29.791	0.00	0.00	976	41.97	1021	7.9	1.69	8.2	0.000	0.448	-52.3	0	---	-52.4	-52.4	 .0970	0.025	703	1	100.0	30
07/17/20	1:30 p	86.7	87.3	85.8	100	86.7	2.0	SE	1.00	7.0	S	86.7	118.3	118.3	131.9	29.791	0.00	0.00	958	41.20	1049	7.0	1.50	7.6	0.000	0.452	-52.3	0	---	-52.4	-52.4	 .0970	0.000	701	1	100.0	30
07/17/20	2:00 p	85.9	87.6	85.6	100	85.9	2.0	SE	1.00	8.0	S	85.9	112.6	112.6	126.4	29.692	0.00	0.00	880	37.84	944	5.8	1.24	6.6	0.000	0.435	-52.3	0	---	-52.4	-52.4	 .0967	0.023	701	1	100.0	30
07/17/20	2:30 p	86.1	86.6	85.7	100	86.1	2.0	SSE	1.00	7.0	SSE	86.1	113.9	113.9	127.7	29.768	0.00	0.00	771	33.16	838	4.6	0.99	5.3	0.000	0.440	-52.3	0	---	-52.4	-52.4	 .0969	0.000	698	1	100.0	30
07/17/20	3:00 p	85.8	86.9	85.0	100	85.8	2.0	SE	1.00	8.0	S	85.8	112.1	112.1	126.1	29.768	0.00	0.00	676	29.07	726	3.5	0.75	4.1	0.000	0.433	-52.3	0	---	-52.4	-52.4	 .0969	0.018	700	1	100.0	30
07/17/20	3:30 p	84.9	86.4	84.9	100	84.9	1.0	SE	0.50	7.0	SSE	84.9	107.2	107.2	121.4	19.390	0.00	0.00	579	24.90	622	2.4	0.51	2.9	0.000	0.415	-52.3	0	---	-52.4	-52.4	 .0631	0.000	700	1	100.0	30
07/17/20	4:00 p	84.7	85.7	84.7	100	84.7	1.0	SSE	0.50	7.0	SSE	84.7	106.2	106.2	119.2	19.390	0.00	0.00	438	18.84	571	1.4	0.30	1.9	0.000	0.410	-52.3	0	---	-52.4	-52.4	 .0631	0.013	701	1	100.0	30
07/17/20	4:30 p	83.3	84.7	83.3	100	83.3	1.0	SSE	0.50	5.0	S	83.3	100.4	100.4	104.9	19.390	0.00	0.00	115	4.95	413	0.6	0.13	1.1	0.000	0.381	-52.3	0	---	-52.4	-52.4	 .0631	0.000	701	1	100.0	30
07/17/20	5:00 p	82.3	83.4	82.3	100	82.3	0.0	SE	0.00	5.0	SSE	82.3	96.8	96.8	99.0	19.390	0.00	0.00	55	2.37	83	0.0	0.00	0.0	0.000	0.360	-52.3	0	---	-52.4	-52.4	 .0631	0.002	701	1	100.0	30
07/17/20	5:30 p	81.1	82.5	81.1	100	81.1	0.0	SE	0.00	3.0	E	81.1	92.8	92.8	92.5	19.390	0.00	0.00	25	1.08	32	0.0	0.00	0.0	0.000	0.335	-52.3	0	---	-52.4	-52.4	 .0631	0.000	703	1	100.0	30
07/17/20	6:00 p	79.8	81.1	79.8	100	79.8	0.0	---	0.00	0.0	---	79.8	89.0	89.0	88.2	29.692	0.00	0.00	8	0.34	16	0.0	0.00	0.0	0.000	0.308	-52.3	0	---	-52.4	-52.4	 .0967	0.000	699	1	100.0	30
07/17/20	6:30 p	79.3	79.8	79.3	100	79.3	0.0	---	0.00	0.0	---	79.3	87.6	87.6	86.6	29.692	0.00	0.00	0	0.00	0	0.0	0.00	0.0	0.000	0.298	-52.3	0	---	-52.4	-52.4	 .0967	0.000	697	1	100.0	30
07/17/20	7:00 p	79.0	79.4	79.0	100	79.0	0.0	ESE	0.00	1.0	ESE	79.0	86.8	86.8	85.8	29.692	0.00	0.00	0	0.00	0	0.0	0.00	0.0	0.000	0.292	-52.3	0	---	-52.4	-52.4	 .0967	0.000	701	1	100.0	30
07/17/20	7:30 p	79.0	79.1	78.9	100	79.0	0.0	ESE	0.00	1.0	ESE	79.0	86.8	86.8	85.8	29.692	0.00	0.00	0	0.00	0	0.0	0.00	0.0	0.000	0.292	-52.3	0	---	-52.4	-52.4	 .0967	0.000	698	1	100.0	30
07/17/20	8:00 p	79.0	79.1	78.8	100	79.0	0.0	ESE	0.00	1.0	ESE	79.0	86.8	86.8	85.8	29.692	0.00	0.00	0	0.00	0	0.0	0.00	0.0	0.000	0.292	-52.3	0	---	-52.4	-52.4	 .0967	0.000	701	1	100.0	30
07/17/20	8:30 p	78.6	79.2	78.6	100	78.6	0.0	---	0.00	0.0	---	78.6	85.8	85.8	84.7	29.692	0.00	0.00	0	0.00	0	0.0	0.00	0.0	0.000	0.283	-52.3	0	---	-52.4	-52.4	 .0967	0.000	700	1	100.0	30
07/17/20	9:00 p	78.5	78.8	78.5	100	78.5	0.0	---	0.00	0.0	---	78.5	85.6	85.6	84.5	29.692	0.00	0.00	0	0.00	0	0.0	0.00	0.0	0.000	0.281	-52.3	0	---	-52.4	-52.4	 .0967	0.000	702	1	100.0	30
07/17/20	9:30 p	78.4	78.7	78.4	100	78.4	0.0	---	0.00	0.0	---	78.4	85.4	85.4	84.3	29.692	0.00	0.00	0	0.00	0	0.0	0.00	0.0	0.000	0.279	-52.3	0	---	-52.4	-52.4	 .0967	0.000	696	1	100.0	30
07/17/20	10:00 p	78.4	78.6	78.4	100	78.4	0.0	---	0.00	0.0	---	78.4	85.4	85.4	84.3	29.692	0.00	0.00	0	0.00	0	0.0	0.00	0.0	0.000	0.279	-52.3	0	---	-52.4	-52.4	 .0967	0.000	698	1	100.0	30
07/17/20	10:30 p	78.6	78.6	78.4	100	78.6	0.0	---	0.00	0.0	---	78.6	85.8	85.8	84.7	29.692	0.00	0.00	0	0.00	0	0.0	0.00	0.0	0.000	0.283	-52.3	0	---	-52.4	-52.4	 .0967	0.000	699	1	100.0	30
07/17/20	11:00 p	78.3	78.6	78.3	100	78.3	0.0	---	0.00	0.0	---	78.3	85.1	85.1	84.0	29.692	0.00	0.00	0	0.00	0	0.0	0.00	0.0	0.000	0.277	-52.3	0	---	-52.4	-52.4	 .0967	0.000	701	1	100.0	30
07/17/20	11:30 p	77.9	78.4	77.9	100	77.9	0.0	---	0.00	0.0	---	77.9	84.2	84.2	83.1	29.692	0.00	0.00	0	0.00	0	0.0	0.00	0.0	0.000	0.269	-52.3	0	---	-52.4	-52.4	 .0967	0.000	700	1	100.0	30
07/18/20	12:00 a	77.5	77.9	77.5	100	77.5	0.0	---	0.00	0.0	---	77.5	83.3	83.3	82.2	29.692	0.00	0.00	0	0.00	0	0.0	0.00	0.0	0.000	0.260	-52.3	0	---	-52.4	-52.4	 .0967	0.000	699	1	100.0	30
07/18/20	12:30 a	77.3	77.6	77.3	100	77.3	0.0	---	0.00	0.0	---	77.3	82.9	82.9	81.8	29.692	0.00	0.00	0	0.00	0	0.0	0.00	0.0	0.000	0.256	-52.3	0	---	-52.4	-52.4	 .0967	0.000	700	1	100.0	30
07/18/20	1:00 a	77.5	77.5	77.3	100	77.5	0.0	---	0.00	0.0	---	77.5	83.3	83.3	82.2	29.692	0.00	0.00	0	0.00	0	0.0	0.00	0.0	0.000	0.260	-52.3	0	---	-52.4	-52.4	 .0967	0.000	703	1	100.0	30
07/18/20	1:30 a	77.5	77.6	77.3	100	77.5	0.0	---	0.00	0.0	---	77.5	83.3	83.3	82.2	29.692	0.00	0.00	0	0.00	0	0.0	0.00	0.0	0.000	0.260	-52.3	0	---	-52.4	-52.4	 .0967	0.000	702	1	100.0	30
07/18/20	2:00 a	77.5	77.6	77.5	100	77.5	0.0	ESE	0.00	1.0	ESE	77.5	83.3	83.3	82.2	29.692	0.00	0.00	0	0.00	0	0.0	0.00	0.0	0.000	0.260	-52.3	0	---	-52.4	-52.4	 .0967	0.000	698	1	100.0	30
07/18/20	2:30 a	77.9	77.9	77.5	100	77.9	0.0	ESE	0.00	2.0	ESE	77.9	84.2	84.2	83.1	29.692	0.00	0.00	0	0.00	0	0.0	0.00	0.0	0.000	0.269	-52.3	0	---	-52.4	-52.4	 .0967	0.000	702	1	100.0	30
07/18/20	3:00 a	78.0	78.0	77.8	100	78.0	0.0	E	0.00	2.0	E	78.0	84.4	84.4	83.3	29.692	0.01	0.00	0	0.00	0	0.0	0.00	0.0	0.000	0.271	-52.3	0	---	-52.4	-52.4	 .0967	0.000	700	1	100.0	30
07/18/20	3:30 a	77.8	78.1	77.8	100	77.8	0.0	E	0.00	2.0	E	77.8	84.0	84.0	82.9	29.692	0.01	0.04	0	0.00	0	0.0	0.00	0.0	0.000	0.267	-52.3	0	---	-52.4	-52.4	 .0967	0.000	702	1	100.0	30
07/18/20	4:00 a	77.8	78.1	77.8	100	77.8	0.0	E	0.00	1.0	E	77.8	84.0	84.0	82.9	29.692	0.02	0.04	0	0.00	0	0.0	0.00	0.0	0.000	0.267	-52.3	0	---	-52.4	-52.4	 .0967	0.000	701	1	100.0	30
07/18/20	4:30 a	77.8	78.0	77.7	100	77.8	0.0	ESE	0.00	3.0	ESE	77.8	84.0	84.0	82.9	29.692	0.00	0.00	0	0.00	0	0.0	0.00	0.0	0.000	0.267	-52.3	0	---	-52.4	-52.4	 .0967	0.000	700	1	100.0	30
07/18/20	5:00 a	77.6	77.9	77.5	100	77.6	0.0	ESE	0.00	1.0	ESE	77.6	83.5	83.5	82.4	29.769	0.00	0.00	0	0.00	0	0.0	0.00	0.0	0.000	0.262	-52.3	0	---	-52.4	-52.4	 .0969	0.000	702	1	100.0	30
07/18/20	5:30 a	77.5	77.6	77.4	100	77.5	0.0	ESE	0.00	1.0	ESE	77.5	83.3	83.3	82.2	29.769	0.00	0.00	0	0.00	0	0.0	0.00	0.0	0.000	0.260	-52.3	0	---	-52.4	-52.4	 .0969	0.000	702	1	100.0	30
07/18/20	6:00 a	77.7	77.7	77.5	100	77.7	0.0	ESE	0.00	1.0	ESE	77.7	83.7	83.7	82.9	29.769	0.00	0.00	15	0.65	32	0.0	0.00	0.0	0.000	0.265	-52.3	0	---	-52.4	-52.4	 .0969	0.000	698	1	100.0	30
07/18/20	6:30 a	78.4	78.4	77.7	100	78.4	0.0	---	0.00	0.0	---	78.4	85.4	85.4	87.5	29.769	0.00	0.00	59	2.54	93	0.0	0.00	0.0	0.000	0.279	-52.3	0	---	-52.4	-52.4	 .0969	0.000	697	1	100.0	30
07/18/20	7:00 a	78.3	78.5	78.2	100	78.3	0.0	ESE	0.00	1.0	ESE	78.3	85.1	85.1	87.3	29.086	0.00	0.00	72	3.10	113	0.1	0.02	0.5	0.000	0.277	-52.3	0	---	-52.4	-52.4	 .0947	0.002	696	1	100.0	30
07/18/20	7:30 a	78.5	78.5	78.1	100	78.5	1.0	ESE	0.50	2.0	ESE	78.5	85.6	85.6	87.1	29.086	0.00	0.00	64	2.75	290	0.1	0.02	1.3	0.000	0.281	-52.3	0	---	-52.4	-52.4	 .0947	0.000	700	1	100.0	30
07/18/20	8:00 a	79.4	79.5	78.3	100	79.4	0.0	ESE	0.00	2.0	ESE	79.4	87.9	87.9	96.0	29.086	0.00	0.00	303	13.03	492	1.5	0.32	2.0	0.000	0.300	-52.3	0	---	-52.4	-52.4	 .0947	0.004	702	1	100.0	30
07/18/20	8:30 a	79.8	80.5	79.2	100	79.8	1.0	SSE	0.50	4.0	SSE	79.8	89.0	89.0	95.3	29.086	0.00	0.00	257	11.05	452	1.9	0.41	2.4	0.000	0.308	-52.3	0	---	-52.4	-52.4	 .0947	0.000	697	1	100.0	30
07/18/20	9:00 a	81.8	81.9	79.8	100	81.8	2.0	ESE	1.00	8.0	E	81.8	95.1	95.1	107.0	29.086	0.00	0.00	594	25.55	800	3.4	0.73	4.2	0.000	0.350	-52.3	0	---	-52.4	-52.4	 .0947	0.010	701	1	100.0	30
07/18/20	9:30 a	82.4	83.0	81.8	100	82.4	2.0	SSE	1.00	9.0	SE	82.4	97.1	97.1	104.3	29.086	0.00	0.00	323	13.89	939	3.2	0.69	4.7	0.000	0.363	-52.3	0	---	-52.4	-52.4	 .0947	0.000	700	1	100.0	30
07/18/20	10:00 a	82.6	82.6	81.8	100	82.6	1.0	SE	0.50	5.0	S	82.6	97.8	97.8	103.7	29.086	0.00	0.00	267	11.48	707	2.9	0.62	3.6	0.000	0.367	-52.3	0	---	-52.4	-52.4	 .0947	0.009	703	1	100.0	30
07/18/20	10:30 a	84.5	85.2	81.5	100	84.5	1.0	SE	0.50	3.0	N	84.5	105.3	105.3	112.6	29.086	0.00	0.00	329	14.15	1069	3.7	0.79	4.6	0.000	0.406	-52.3	0	---	-52.4	-52.4	 .0947	0.000	699	1	100.0	30
07/18/20	11:00 a	83.5	85.4	83.5	100	83.5	1.0	SSW	0.50	6.0	SSE	83.5	101.1	101.1	109.6	29.086	0.00	0.00	395	16.99	807	4.8	1.03	8.0	0.000	0.385	-52.3	0	---	-52.4	-52.4	 .0947	0.012	700	1	100.0	30
07/18/20	11:30 a	81.7	83.5	81.7	100	81.7	1.0	SSE	0.50	4.0	SSE	81.7	94.7	94.7	101.8	29.086	0.00	0.00	320	13.76	643	3.4	0.73	5.7	0.000	0.348	-52.3	0	---	-52.4	-52.4	 .0947	0.000	701	1	100.0	30
07/18/20	12:00 p	85.1	85.5	81.7	100	85.1	2.0	S	1.00	7.0	SE	85.1	108.2	108.2	121.4	29.086	0.00	0.00	760	32.68	886	6.8	1.46	7.3	0.000	0.419	-52.3	0	---	-52.4	-52.4	 .0947	0.014	701	1	100.0	30
07/18/20	12:30 p	86.0	86.6	84.6	100	86.0	1.0	SSE	0.50	7.0	SE	86.0	113.2	113.2	126.4	29.086	0.00	0.00	755	32.47	912	6.9	1.48	7.7	0.000	0.438	-52.3	0	---	-52.4	-52.4	 .0947	0.000	699	1	100.0	30
07/18/20	1:00 p	85.6	86.3	85.2	100	85.6	2.0	SE	1.00	8.0	SE	85.6	111.0	111.0	124.2	29.086	0.00	0.00	775	33.33	817	6.7	1.44	6.9	0.000	0.429	-52.3	0	---	-52.4	-52.4	 .0947	0.020	700	1	100.0	30
07/18/20	1:30 p	84.9	86.3	84.8	100	84.9	2.0	SSE	1.00	12.0	ESE	84.9	107.2	107.2	120.1	29.772	0.00	0.00	795	34.19	865	6.3	1.35	6.6	0.000	0.415	-52.3	0	---	-52.4	-52.4	 .0969	0.000	700	1	100.0	30
07/18/20	2:00 p	85.9	86.2	84.9	100	85.9	2.0	ESE	1.00	9.0	SE	85.9	112.6	112.6	124.7	29.772	0.00	0.00	780	33.54	854	5.6	1.20	5.9	0.000	0.435	-52.3	0	---	-52.4	-52.4	 .0969	0.020	699	1	100.0	30
07/18/20	2:30 p	85.6	85.9	84.9	100	85.6	2.0	SE	1.00	10.0	SSE	85.6	111.0	111.0	125.1	29.747	0.00	0.00	792	34.06	912	4.9	1.05	5.6	0.000	0.429	-52.3	0	---	-52.4	-52.4	 .0969	0.000	701	1	100.0	30
07/18/20	3:00 p	83.8	85.6	83.4	100	83.8	2.0	SE	1.00	8.0	SE	83.8	102.3	102.3	111.0	29.692	0.00	0.00	331	14.23	531	2.4	0.51	3.7	0.000	0.392	-52.3	0	---	-52.4	-52.4	 .0967	0.014	697	1	100.0	30
07/18/20	3:30 p	83.3	83.8	83.1	100	83.3	1.0	NE	0.50	5.0	SSE	83.3	100.4	100.4	108.5	29.728	0.00	0.00	271	11.65	332	1.6	0.34	1.9	0.000	0.381	-52.3	0	---	-52.4	-52.4	 .0968	0.000	703	1	100.0	30
07/18/20	4:00 p	82.0	83.3	81.8	100	82.0	1.0	SE	0.50	6.0	SSE	82.0	95.7	95.7	101.2	29.728	0.00	0.00	158	6.79	202	0.9	0.19	1.1	0.000	0.354	-52.3	0	---	-52.4	-52.4	 .0968	0.005	698	1	100.0	30
07/18/20	4:30 p	81.4	82.3	81.3	100	81.4	0.0	SE	0.00	3.0	SE	81.4	93.8	93.8	98.0	29.728	0.00	0.00	109	4.69	149	0.2	0.04	0.7	0.000	0.342	-52.3	0	---	-52.4	-52.4	 .0968	0.000	701	1	100.0	30
07/18/20	5:00 p	80.9	81.5	80.9	100	80.9	0.0	ENE	0.00	3.0	ENE	80.9	92.2	92.2	95.5	29.728	0.00	0.00	83	3.57	105	0.0	0.00	0.0	0.000	0.331	-52.3	0	---	-52.4	-52.4	 .0968	0.002	698	1	100.0	30
07/18/20	5:30 p	80.4	80.9	80.4	100	80.4	0.0	ENE	0.00	1.0	ENE	80.4	90.8	90.8	90.4	29.728	0.00	0.00	28	1.20	53	0.0	0.00	0.0	0.000	0.321	-52.3	0	---	-52.4	-52.4	 .0968	0.000	699	1	100.0	30
07/18/20	6:00 p	79.6	80.4	79.6	100	79.6	0.0	ENE	0.00	1.0	ENE	79.6	88.5	88.5	87.4	29.728	0.00	0.00	1	0.04	11	0.0	0.00	0.0	0.000	0.304	-52.3	0	---	-52.4	-52.4	 .0968	0.000	698	1	100.0	30
07/18/20	6:30 p	79.2	79.6	79.1	100	79.2	0.0	ENE	0.00	1.0	ENE	79.2	87.4	87.4	86.3	29.728	0.00	0.00	0	0.00	0	0.0	0.00	0.0	0.000	0.296	-52.3	0	---	-52.4	-52.4	 .0968	0.000	699	1	100.0	30
07/18/20	7:00 p	78.5	79.2	78.5	100	78.5	0.0	---	0.00	0.0	---	78.5	85.6	85.6	84.4	29.752	0.00	0.00	0	0.00	0	0.0	0.00	0.0	0.000	0.281	-52.3	0	---	-52.4	-52.4	 .0969	0.000	702	1	100.0	30
07/18/20	7:30 p	78.3	78.6	78.2	100	78.3	0.0	ENE	0.00	1.0	ENE	78.3	85.1	85.1	83.9	29.767	0.00	0.00	0	0.00	0	0.0	0.00	0.0	0.000	0.277	-52.3	0	---	-52.4	-52.4	 .0969	0.000	699	1	100.0	30
07/18/20	8:00 p	78.1	78.4	78.1	100	78.1	0.0	---	0.00	0.0	---	78.1	84.6	84.6	83.4	29.692	0.01	0.00	0	0.00	0	0.0	0.00	0.0	0.000	0.273	-52.3	0	---	-52.4	-52.4	 .0967	0.000	703	1	100.0	30
07/18/20	8:30 p	77.6	78.2	77.6	100	77.6	0.0	ENE	0.00	1.0	ENE	77.6	83.5	83.5	82.2	29.692	0.00	0.00	0	0.00	0	0.0	0.00	0.0	0.000	0.262	-51.7	0	---	-51.8	-51.8	 .0965	0.000	700	1	100.0	30
07/18/20	9:00 p	77.1	77.6	77.1	100	77.1	0.0	ENE	0.00	1.0	ENE	77.1	82.4	82.4	81.1	29.692	0.00	0.00	0	0.00	0	0.0	0.00	0.0	0.000	0.252	-52.3	0	---	-52.4	-52.4	 .0967	0.000	701	1	100.0	30
07/18/20	9:30 p	76.8	77.3	76.8	100	76.8	0.0	ENE	0.00	1.0	ENE	76.8	81.8	81.8	80.5	29.789	0.00	0.00	0	0.00	0	0.0	0.00	0.0	0.000	0.246	-52.3	0	---	-52.4	-52.4	 .0970	0.000	698	1	100.0	30
07/18/20	10:00 p	76.6	76.9	76.5	100	76.6	0.0	ENE	0.00	1.0	ENE	76.6	81.4	81.4	80.1	29.692	0.00	0.00	0	0.00	0	0.0	0.00	0.0	0.000	0.242	-52.3	0	---	-52.4	-52.4	 .0967	0.000	702	1	100.0	30
07/18/20	10:30 p	76.7	76.8	76.6	100	76.7	0.0	ENE	0.00	1.0	ENE	76.7	81.6	81.6	80.3	29.692	0.00	0.00	0	0.00	0	0.0	0.00	0.0	0.000	0.244	-52.3	0	---	-52.4	-52.4	 .0967	0.000	701	1	100.0	30
07/18/20	11:00 p	76.1	76.7	76.1	100	76.1	0.0	ENE	0.00	1.0	ENE	76.1	80.5	80.5	79.2	29.795	0.00	0.00	0	0.00	0	0.0	0.00	0.0	0.000	0.231	-52.3	0	---	-52.4	-52.4	 .0970	0.000	700	1	100.0	30
07/18/20	11:30 p	76.1	76.2	75.9	100	76.1	0.0	ENE	0.00	1.0	ENE	76.1	80.5	80.5	79.2	29.793	0.00	0.00	0	0.00	0	0.0	0.00	0.0	0.000	0.231	-52.3	0	---	-52.4	-52.4	 .0970	0.000	700	1	100.0	30
07/19/20	12:00 a	76.3	76.4	76.2	100	76.3	0.0	ENE	0.00	1.0	ENE	76.3	80.9	80.9	79.6	29.793	0.00	0.00	0	0.00	0	0.0	0.00	0.0	0.000	0.235	-52.3	0	---	-52.4	-52.4	 .0970	0.000	701	1	100.0	30
07/19/20	12:30 a	75.8	76.2	75.7	100	75.8	0.0	---	0.00	0.0	---	75.8	80.0	80.0	78.6	29.692	0.00	0.00	0	0.00	0	0.0	0.00	0.0	0.000	0.225	-52.3	0	---	-52.4	-52.4	 .0967	0.000	649	1	94.9	30
07/19/20	1:00 a	75.6	75.9	75.5	100	75.6	0.0	ENE	0.00	1.0	ENE	75.6	79.7	79.7	78.3	29.692	0.00	0.00	0	0.00	0	0.0	0.00	0.0	0.000	0.221	-52.3	0	---	-52.4	-52.4	 .0967	0.000	701	1	100.0	30
07/19/20	1:30 a	75.6	75.8	75.5	100	75.6	0.0	ENE	0.00	1.0	ENE	75.6	79.7	79.7	78.3	29.692	0.00	0.00	0	0.00	0	0.0	0.00	0.0	0.000	0.221	-52.3	0	---	-52.4	-52.4	 .0967	0.000	700	1	100.0	30
07/19/20	2:00 a	75.5	75.7	75.4	100	75.5	0.0	ENE	0.00	1.0	ENE	75.5	79.6	79.6	78.2	29.692	0.00	0.00	0	0.00	0	0.0	0.00	0.0	0.000	0.219	-52.3	0	---	-52.4	-52.4	 .0967	0.000	702	1	100.0	30
07/19/20	2:30 a	75.3	75.5	75.2	100	75.3	0.0	---	0.00	0.0	---	75.3	79.3	79.3	77.9	29.692	0.00	0.00	0	0.00	0	0.0	0.00	0.0	0.000	0.215	-52.3	0	---	-52.4	-52.4	 .0967	0.000	698	1	100.0	30
07/19/20	3:00 a	75.1	75.4	75.1	100	75.1	0.0	---	0.00	0.0	---	75.1	78.9	78.9	77.5	29.729	0.00	0.00	0	0.00	0	0.0	0.00	0.0	0.000	0.210	-52.3	0	---	-52.4	-52.4	 .0968	0.000	699	1	100.0	30
07/19/20	3:30 a	75.1	75.2	75.0	100	75.1	0.0	ENE	0.00	1.0	ENE	75.1	78.9	78.9	77.5	29.730	0.00	0.00	0	0.00	0	0.0	0.00	0.0	0.000	0.210	-52.3	0	---	-52.4	-52.4	 .0968	0.000	698	1	100.0	30
07/19/20	4:00 a	74.8	75.1	74.8	100	74.8	0.0	ENE	0.00	1.0	ENE	74.8	78.6	78.6	77.2	29.734	0.00	0.00	0	0.00	0	0.0	0.00	0.0	0.000	0.204	-52.3	0	---	-52.4	-52.4	 .0968	0.000	697	1	100.0	30
07/19/20	4:30 a	74.8	74.9	74.7	100	74.8	0.0	---	0.00	0.0	---	74.8	78.6	78.6	77.2	29.735	0.00	0.00	0	0.00	0	0.0	0.00	0.0	0.000	0.204	-52.3	0	---	-52.4	-52.4	 .0968	0.000	702	1	100.0	30
07/19/20	5:00 a	74.6	74.8	74.5	100	74.6	0.0	---	0.00	0.0	---	74.6	78.3	78.3	76.9	29.751	0.00	0.00	0	0.00	0	0.0	0.00	0.0	0.000	0.200	-52.3	0	---	-52.4	-52.4	 .0969	0.000	700	1	100.0	30
07/19/20	5:30 a	74.6	74.7	74.5	100	74.6	0.0	---	0.00	0.0	---	74.6	78.3	78.3	76.9	19.389	0.00	0.00	0	0.00	0	0.0	0.00	0.0	0.000	0.200	-52.3	0	---	-52.4	-52.4	 .0631	0.000	702	1	100.0	30
07/19/20	6:00 a	74.9	74.9	74.5	100	74.9	0.0	---	0.00	0.0	---	74.9	78.7	78.7	77.5	19.389	0.00	0.00	13	0.56	25	0.0	0.00	0.0	0.000	0.206	-52.3	0	---	-52.4	-52.4	 .0631	0.000	701	1	100.0	30
07/19/20	6:30 a	75.5	75.6	74.9	100	75.5	0.0	---	0.00	0.0	---	75.5	79.6	79.6	80.5	19.389	0.00	0.00	37	1.59	49	0.0	0.00	0.0	0.000	0.219	-52.3	0	---	-52.4	-52.4	 .0631	0.000	696	1	100.0	30
07/19/20	7:00 a	76.5	76.5	75.5	100	76.5	0.0	ENE	0.00	1.0	ENE	76.5	81.3	81.3	82.9	29.759	0.00	0.00	59	2.54	69	0.2	0.04	0.6	0.000	0.240	-52.3	0	---	-52.4	-52.4	 .0969	0.001	701	1	100.0	30
07/19/20	7:30 a	77.3	77.3	76.4	100	77.3	0.0	ENE	0.00	1.0	ENE	77.3	82.9	82.9	85.3	29.693	0.00	0.00	89	3.83	149	0.8	0.17	1.0	0.000	0.256	-52.3	0	---	-52.4	-52.4	 .0967	0.000	698	1	100.0	30
07/19/20	8:00 a	78.9	78.9	77.3	100	78.9	0.0	ENE	0.00	1.0	ENE	78.9	86.6	86.6	95.1	29.693	0.00	0.00	325	13.98	492	1.5	0.32	2.1	0.000	0.290	-52.3	0	---	-52.4	-52.4	 .0967	0.005	699	1	100.0	30
07/19/20	8:30 a	80.6	80.6	78.7	100	80.6	0.0	E	0.00	2.0	E	80.6	91.3	91.3	102.1	29.784	0.00	0.00	478	20.56	640	2.5	0.54	3.1	0.000	0.325	-52.3	0	---	-52.4	-52.4	 .0970	0.000	700	1	100.0	30
07/19/20	9:00 a	83.9	83.9	80.6	100	83.9	0.0	E	0.00	3.0	SE	83.9	102.7	102.7	114.5	29.784	0.00	0.00	574	24.69	649	3.4	0.73	4.0	0.000	0.394	-52.3	0	---	-52.4	-52.4	 .0970	0.013	703	1	100.0	30
07/19/20	9:30 a	85.3	85.8	83.9	100	85.3	1.0	S	0.50	4.0	SSE	85.3	109.3	109.3	122.0	29.784	0.00	0.00	685	29.46	763	4.5	0.96	4.8	0.000	0.423	-52.3	0	---	-52.4	-52.4	 .0970	0.000	701	1	100.0	30
07/19/20	10:00 a	87.4	87.5	85.2	100	87.4	1.0	S	0.50	4.0	S	87.4	124.5	124.5	137.8	29.692	0.00	0.00	793	34.10	895	3.9	0.84	4.6	0.000	0.467	-52.3	0	---	-52.4	-52.4	 .0967	0.019	701	1	100.0	30
07/19/20	10:30 a	87.1	87.5	86.1	100	87.1	2.0	S	1.00	7.0	SE	87.1	121.5	121.5	134.9	29.692	0.00	0.00	807	34.71	911	4.2	0.90	4.3	0.000	0.460	-52.3	0	---	-52.4	-52.4	 .0967	0.000	701	1	100.0	30
07/19/20	11:00 a	85.8	87.5	85.8	100	85.8	2.0	SSE	1.00	8.0	SE	85.8	112.1	112.1	125.4	29.802	0.00	0.00	773	33.24	1162	7.4	1.59	9.1	0.000	0.433	-52.3	0	---	-52.4	-52.4	 .0970	0.020	702	1	100.0	30
07/19/20	11:30 a	85.6	87.3	85.6	100	85.6	2.0	SE	1.00	8.0	S	85.6	111.0	111.0	122.7	29.806	0.00	0.00	589	25.33	1106	6.2	1.33	9.0	0.000	0.429	-52.3	0	---	-52.4	-52.4	 .0970	0.000	697	1	100.0	30
07/19/20	12:00 p	86.1	86.3	84.6	100	86.1	2.0	ESE	1.00	7.0	SSE	86.1	113.9	113.9	127.0	29.788	0.00	0.00	732	31.48	1109	7.2	1.54	9.5	0.000	0.440	-52.3	0	---	-52.4	-52.4	 .0970	0.019	700	1	100.0	30
07/19/20	12:30 p	84.1	86.2	84.0	100	84.1	2.0	SE	1.00	7.0	ESE	84.1	103.5	103.5	112.3	29.788	0.00	0.00	409	17.59	798	4.3	0.92	6.9	0.000	0.398	-52.3	0	---	-52.4	-52.4	 .0970	0.000	700	1	100.0	30
07/19/20	1:00 p	87.1	87.1	84.2	100	87.1	2.0	SE	1.00	11.0	S	87.1	121.5	121.5	132.9	29.692	0.00	0.00	566	24.34	1102	5.7	1.22	8.2	0.000	0.460	-52.3	0	---	-52.4	-52.4	 .0967	0.014	699	1	100.0	30
07/19/20	1:30 p	85.9	87.6	85.4	100	85.9	2.0	SE	1.00	9.0	SE	85.9	112.6	112.6	124.6	29.760	0.00	0.00	853	36.68	1079	6.7	1.44	8.1	0.000	0.435	-52.3	0	---	-52.4	-52.4	 .0969	0.000	701	1	100.0	30
07/19/20	2:00 p	84.3	86.8	84.3	100	84.3	2.0	SSE	1.00	10.0	E	84.3	104.5	104.5	116.4	29.086	0.00	0.00	588	25.29	786	4.6	0.99	6.0	0.000	0.402	-52.3	0	---	-52.4	-52.4	 .0947	0.018	702	1	100.0	30
07/19/20	2:30 p	85.6	86.0	84.3	100	85.6	1.0	SE	0.50	7.0	S	85.6	111.0	111.0	123.5	29.086	0.00	0.00	603	25.93	686	4.1	0.88	4.4	0.000	0.429	-52.3	0	---	-52.4	-52.4	 .0947	0.000	701	1	100.0	30
07/19/20	3:00 p	84.5	85.8	84.1	100	84.5	2.0	SE	1.00	8.0	ESE	84.5	105.3	105.3	117.2	29.692	0.00	0.00	501	21.55	603	3.1	0.66	3.8	0.000	0.406	-52.3	0	---	-52.4	-52.4	 .0967	0.014	700	1	100.0	30
07/19/20	3:30 p	83.3	85.0	83.3	100	83.3	2.0	SE	1.00	7.0	S	83.3	100.4	100.4	110.0	19.389	0.00	0.00	333	14.32	524	1.9	0.41	2.7	0.000	0.381	-52.3	0	---	-52.4	-52.4	 .0631	0.000	697	1	100.0	30
07/19/20	4:00 p	82.5	83.3	82.3	100	82.5	2.0	SE	1.00	9.0	SSE	82.5	97.4	97.4	101.9	19.389	0.00	0.00	133	5.72	211	0.8	0.17	1.2	0.000	0.365	-52.3	0	---	-52.4	-52.4	 .0631	0.006	699	1	100.0	30
07/19/20	4:30 p	82.4	82.8	82.2	100	82.4	2.0	SSE	1.00	9.0	S	82.4	97.1	97.1	101.4	19.389	0.00	0.00	112	4.82	141	0.2	0.04	0.7	0.000	0.363	-52.3	0	---	-52.4	-52.4	 .0631	0.000	701	1	100.0	30
07/19/20	5:00 p	81.5	82.3	81.5	100	81.5	2.0	SE	1.00	5.0	SSE	81.5	94.1	94.1	95.1	29.692	0.00	0.00	29	1.25	49	0.0	0.00	0.0	0.000	0.344	-52.3	0	---	-52.4	-52.4	 .0967	0.002	700	1	100.0	30
07/19/20	5:30 p	81.3	81.5	81.2	100	81.3	1.0	ESE	0.50	5.0	S	81.3	93.5	93.5	93.0	29.086	0.00	0.00	16	0.69	35	0.0	0.00	0.0	0.000	0.340	-52.3	0	---	-52.4	-52.4	 .0947	0.000	697	1	100.0	30
07/19/20	6:00 p	80.5	81.4	80.4	100	80.5	0.0	SSE	0.00	3.0	ENE	80.5	91.1	91.1	90.2	29.086	0.07	0.55	0	0.00	5	0.0	0.00	0.0	0.000	0.323	-52.3	0	---	-52.4	-52.4	 .0947	0.000	699	1	100.0	30
07/19/20	6:30 p	79.5	80.5	79.4	100	79.5	0.0	E	0.00	2.0	E	79.5	88.2	88.2	87.2	29.086	0.08	0.46	0	0.00	0	0.0	0.00	0.0	0.000	0.302	-52.3	0	---	-52.4	-52.4	 .0947	0.000	699	1	100.0	30
07/19/20	7:00 p	79.1	79.6	79.1	100	79.1	0.0	E	0.00	2.0	E	79.1	87.1	87.1	86.1	29.086	0.06	0.40	0	0.00	0	0.0	0.00	0.0	0.000	0.294	-52.3	0	---	-52.4	-52.4	 .0947	0.000	700	1	100.0	30
07/19/20	7:30 p	78.9	79.1	78.8	100	78.9	0.0	E	0.00	1.0	E	78.9	86.6	86.6	85.6	29.086	0.06	0.21	0	0.00	0	0.0	0.00	0.0	0.000	0.290	-52.3	0	---	-52.4	-52.4	 .0947	0.000	701	1	100.0	30
07/19/20	8:00 p	78.7	78.9	78.6	100	78.7	0.0	---	0.00	0.0	---	78.7	86.1	86.1	85.1	29.692	0.09	0.24	0	0.00	0	0.0	0.00	0.0	0.000	0.285	-52.3	0	---	-52.4	-52.4	 .0967	0.000	700	1	100.0	30
07/19/20	8:30 p	78.6	78.7	78.5	100	78.6	0.0	---	0.00	0.0	---	78.6	85.8	85.8	84.8	29.692	0.04	0.12	0	0.00	0	0.0	0.00	0.0	0.000	0.283	-52.3	0	---	-52.4	-52.4	 .0967	0.000	701	1	100.0	30
07/19/20	9:00 p	78.5	78.7	78.4	100	78.5	0.0	---	0.00	0.0	---	78.5	85.6	85.6	84.6	29.692	0.02	0.06	0	0.00	0	0.0	0.00	0.0	0.000	0.281	-52.3	0	---	-52.4	-52.4	 .0967	0.000	698	1	100.0	30
07/19/20	9:30 p	78.3	78.5	78.2	100	78.3	0.0	---	0.00	0.0	---	78.3	85.1	85.1	84.1	29.692	0.02	0.06	0	0.00	0	0.0	0.00	0.0	0.000	0.277	-52.3	0	---	-52.4	-52.4	 .0967	0.000	699	1	100.0	30
07/19/20	10:00 p	78.0	78.3	77.9	100	78.0	0.0	E	0.00	2.0	E	78.0	84.4	84.4	83.4	29.692	0.01	0.00	0	0.00	0	0.0	0.00	0.0	0.000	0.271	-52.3	0	---	-52.4	-52.4	 .0967	0.000	698	1	100.0	30
07/19/20	10:30 p	78.1	78.1	78.0	100	78.1	0.0	E	0.00	1.0	E	78.1	84.6	84.6	83.6	29.692	0.01	0.00	0	0.00	0	0.0	0.00	0.0	0.000	0.273	-52.3	0	---	-52.4	-52.4	 .0967	0.000	699	1	100.0	30
07/19/20	11:00 p	77.8	78.1	77.8	100	77.8	0.0	---	0.00	0.0	---	77.8	84.0	84.0	82.9	29.692	0.01	0.00	0	0.00	0	0.0	0.00	0.0	0.000	0.267	-52.3	0	---	-52.4	-52.4	 .0967	0.000	697	1	100.0	30
07/19/20	11:30 p	77.7	77.9	77.6	100	77.7	0.0	---	0.00	0.0	---	77.7	83.7	83.7	82.6	29.692	0.00	0.00	0	0.00	0	0.0	0.00	0.0	0.000	0.265	-52.3	0	---	-52.4	-52.4	 .0967	0.000	702	1	100.0	30
07/20/20	12:00 a	77.3	77.7	77.3	100	77.3	0.0	---	0.00	0.0	---	77.3	82.9	82.9	81.8	29.692	0.00	0.00	0	0.00	0	0.0	0.00	0.0	0.000	0.256	-52.3	0	---	-52.4	-52.4	 .0967	0.000	699	1	100.0	30
07/20/20	12:30 a	77.1	77.3	76.9	100	77.1	0.0	---	0.00	0.0	---	77.1	82.4	82.4	81.3	29.692	0.00	0.00	0	0.00	0	0.0	0.00	0.0	0.000	0.252	-52.3	0	---	-52.4	-52.4	 .0967	0.000	700	1	100.0	30
07/20/20	1:00 a	76.6	77.1	76.6	100	76.6	0.0	---	0.00	0.0	---	76.6	81.4	81.4	80.3	29.692	0.00	0.00	0	0.00	0	0.0	0.00	0.0	0.000	0.242	-52.3	0	---	-52.4	-52.4	 .0967	0.000	701	1	100.0	30
07/20/20	1:30 a	76.2	76.6	76.2	100	76.2	0.0	---	0.00	0.0	---	76.2	80.7	80.7	79.6	29.692	0.00	0.00	0	0.00	0	0.0	0.00	0.0	0.000	0.233	-52.3	0	---	-52.4	-52.4	 .0967	0.000	699	1	100.0	30
07/20/20	2:00 a	76.0	76.2	75.9	100	76.0	0.0	---	0.00	0.0	---	76.0	80.3	80.3	79.2	29.692	0.00	0.00	0	0.00	0	0.0	0.00	0.0	0.000	0.229	-52.3	0	---	-52.4	-52.4	 .0967	0.000	698	1	100.0	30
07/20/20	2:30 a	75.7	76.0	75.7	100	75.7	0.0	---	0.00	0.0	---	75.7	79.8	79.8	78.6	29.692	0.00	0.00	0	0.00	0	0.0	0.00	0.0	0.000	0.223	-52.3	0	---	-52.4	-52.4	 .0967	0.000	702	1	100.0	30
07/20/20	3:00 a	75.5	75.7	75.4	100	75.5	0.0	---	0.00	0.0	---	75.5	79.6	79.6	78.4	29.692	0.00	0.00	0	0.00	0	0.0	0.00	0.0	0.000	0.219	-52.3	0	---	-52.4	-52.4	 .0967	0.000	700	1	100.0	30
07/20/20	3:30 a	75.3	75.5	75.2	100	75.3	0.0	---	0.00	0.0	---	75.3	79.3	79.3	78.1	29.692	0.00	0.00	0	0.00	0	0.0	0.00	0.0	0.000	0.215	-52.3	0	---	-52.4	-52.4	 .0967	0.000	702	1	100.0	30
07/20/20	4:00 a	75.4	75.5	75.3	100	75.4	0.0	---	0.00	0.0	---	75.4	79.4	79.4	78.2	29.692	0.00	0.00	0	0.00	0	0.0	0.00	0.0	0.000	0.217	-52.3	0	---	-52.4	-52.4	 .0967	0.000	699	1	100.0	30
07/20/20	4:30 a	75.4	75.4	75.2	100	75.4	0.0	---	0.00	0.0	---	75.4	79.4	79.4	78.2	29.692	0.00	0.00	0	0.00	0	0.0	0.00	0.0	0.000	0.217	-52.3	0	---	-52.4	-52.4	 .0967	0.000	701	1	100.0	30
07/20/20	5:00 a	75.0	75.4	75.0	100	75.0	0.0	---	0.00	0.0	---	75.0	78.8	78.8	77.6	29.692	0.00	0.00	0	0.00	0	0.0	0.00	0.0	0.000	0.208	-52.3	0	---	-52.4	-52.4	 .0967	0.000	700	1	100.0	30
07/20/20	5:30 a	74.9	75.2	74.9	100	74.9	0.0	---	0.00	0.0	---	74.9	78.7	78.7	77.5	29.692	0.00	0.00	0	0.00	0	0.0	0.00	0.0	0.000	0.206	-52.3	0	---	-52.4	-52.4	 .0967	0.000	703	1	100.0	30
07/20/20	6:00 a	75.2	75.2	74.8	100	75.2	0.0	---	0.00	0.0	---	75.2	79.1	79.1	78.4	29.692	0.00	0.00	19	0.82	39	0.0	0.00	0.0	0.000	0.212	-52.3	0	---	-52.4	-52.4	 .0967	0.000	700	1	100.0	30
07/20/20	6:30 a	75.9	76.0	75.1	100	75.9	0.0	---	0.00	0.0	---	75.9	80.2	80.2	82.2	29.692	0.00	0.00	60	2.58	76	0.0	0.00	0.0	0.000	0.227	-52.3	0	---	-52.4	-52.4	 .0967	0.000	700	1	100.0	30
07/20/20	7:00 a	76.8	76.8	75.9	100	76.8	0.0	---	0.00	0.0	---	76.8	81.8	81.8	84.7	29.692	0.00	0.00	91	3.91	113	0.1	0.02	0.5	0.000	0.246	-52.3	0	---	-52.4	-52.4	 .0967	0.002	703	1	100.0	30
07/20/20	7:30 a	78.0	78.0	76.8	100	78.0	0.0	---	0.00	0.0	---	78.0	84.4	84.4	89.0	29.692	0.00	0.00	157	6.75	265	0.8	0.17	1.2	0.000	0.271	-52.3	0	---	-52.4	-52.4	 .0967	0.000	702	1	100.0	30
07/20/20	8:00 a	78.9	80.0	77.9	100	78.9	0.0	---	0.00	0.0	---	78.9	86.6	86.6	96.0	29.692	0.00	0.00	368	15.83	503	1.7	0.36	2.3	0.000	0.290	-52.3	0	---	-52.4	-52.4	 .0967	0.006	702	1	100.0	30
07/20/20	8:30 a	80.7	80.9	78.3	100	80.7	0.0	---	0.00	0.0	---	80.7	91.6	91.6	102.9	29.692	0.00	0.00	510	21.93	636	2.7	0.58	3.2	0.000	0.327	-52.3	0	---	-52.4	-52.4	 .0967	0.000	701	1	100.0	30
07/20/20	9:00 a	82.2	82.2	80.4	100	82.2	1.0	SW	0.50	5.0	SW	82.2	96.4	96.4	106.6	29.692	0.00	0.00	466	20.04	719	3.1	0.66	4.2	0.000	0.358	-52.3	0	---	-52.4	-52.4	 .0967	0.012	702	1	100.0	30
07/20/20	9:30 a	84.0	84.0	82.1	100	84.0	1.0	S	0.50	5.0	S	84.0	103.1	103.1	115.7	29.692	0.00	0.00	685	29.46	853	4.4	0.94	5.1	0.000	0.396	-52.3	0	---	-52.4	-52.4	 .0967	0.000	700	1	100.0	30
07/20/20	10:00 a	84.6	84.7	83.1	100	84.6	1.0	S	0.50	5.0	S	84.6	105.8	105.8	118.1	29.692	0.00	0.00	651	28.00	888	3.6	0.77	5.0	0.000	0.408	-52.3	0	---	-52.4	-52.4	 .0967	0.016	700	1	100.0	30
07/20/20	10:30 a	84.8	85.2	84.3	100	84.8	1.0	SW	0.50	7.0	SSW	84.8	106.7	106.7	120.0	29.692	0.00	0.00	816	35.09	956	3.8	0.81	4.3	0.000	0.413	-52.3	0	---	-52.4	-52.4	 .0967	0.000	696	1	100.0	30
07/20/20	11:00 a	86.2	86.2	84.6	100	86.2	1.0	SSW	0.50	5.0	SSW	86.2	114.7	114.7	128.1	29.692	0.00	0.00	773	33.24	988	7.3	1.56	8.7	0.000	0.442	-52.3	0	---	-52.4	-52.4	 .0967	0.020	701	1	100.0	30
07/20/20	11:30 a	86.6	86.6	84.6	100	86.6	2.0	SE	1.00	5.0	S	86.6	117.6	117.6	130.9	29.692	0.00	0.00	895	38.49	1199	8.1	1.74	10.3	0.000	0.450	-52.3	0	---	-52.4	-52.4	 .0967	0.000	699	1	100.0	30
07/20/20	12:00 p	85.9	86.8	85.6	100	85.9	2.0	SE	1.00	5.0	S	85.9	112.6	112.6	125.5	29.809	0.00	0.00	924	39.74	1153	8.1	1.74	9.8	0.000	0.435	-52.3	0	---	-52.4	-52.4	 .0971	0.022	700	1	100.0	30
07/20/20	12:30 p	86.8	87.8	85.7	100	86.8	1.0	S	0.50	6.0	ESE	86.8	119.0	119.0	131.0	29.692	0.00	0.00	983	42.27	1143	8.1	1.74	9.6	0.000	0.454	-52.3	0	---	-52.4	-52.4	 .0967	0.000	700	1	100.0	30
07/20/20	1:00 p	86.9	86.9	85.7	100	86.9	2.0	SSE	1.00	9.0	ESE	86.9	119.8	119.8	132.2	29.692	0.00	0.00	956	41.11	1095	8.2	1.76	8.9	0.000	0.456	-52.3	0	---	-52.4	-52.4	 .0967	0.024	699	1	100.0	30
07/20/20	1:30 p	85.6	87.5	85.6	100	85.6	2.0	SE	1.00	7.0	ENE	85.6	111.0	111.0	123.9	29.692	0.00	0.00	722	31.05	1202	6.4	1.37	8.9	0.000	0.429	-52.3	0	---	-52.4	-52.4	 .0967	0.000	700	1	100.0	30
07/20/20	2:00 p	85.1	86.1	84.4	100	85.1	2.0	SE	1.00	9.0	E	85.1	108.2	108.2	119.8	29.692	0.00	0.00	557	23.95	707	4.5	0.96	7.1	0.000	0.419	-52.3	0	---	-52.4	-52.4	 .0967	0.018	701	1	100.0	30
07/20/20	2:30 p	83.8	85.7	83.7	100	83.8	1.0	S	0.50	9.0	E	83.8	102.3	102.3	110.7	29.692	0.00	0.00	346	14.88	531	2.7	0.58	3.9	0.000	0.392	-52.3	0	---	-52.4	-52.4	 .0967	0.000	702	1	100.0	30
07/20/20	3:00 p	83.3	83.8	82.7	100	83.3	1.0	ESE	0.50	6.0	E	83.3	100.4	100.4	107.3	29.749	0.00	0.00	256	11.01	311	1.9	0.41	2.1	0.000	0.381	-52.3	0	---	-52.4	-52.4	 .0969	0.008	699	1	100.0	30
07/20/20	3:30 p	82.5	83.7	82.5	100	82.5	1.0	SE	0.50	5.0	S	82.5	97.4	97.4	104.0	29.749	0.00	0.00	219	9.42	336	1.4	0.30	1.9	0.000	0.365	-52.3	0	---	-52.4	-52.4	 .0969	0.000	702	1	100.0	30
07/20/20	4:00 p	81.3	82.5	81.2	100	81.3	0.0	N	0.00	3.0	SE	81.3	93.5	93.5	95.0	29.749	0.00	0.00	55	2.37	114	0.2	0.04	0.7	0.000	0.340	-52.3	0	---	-52.4	-52.4	 .0969	0.003	700	1	100.0	30
07/20/20	4:30 p	80.3	81.3	80.3	100	80.3	0.0	N	0.00	2.0	N	80.3	90.5	90.5	90.3	29.749	0.02	0.07	9	0.39	21	0.0	0.00	0.0	0.000	0.319	-52.3	0	---	-52.4	-52.4	 .0969	0.000	700	1	100.0	30
07/20/20	5:00 p	79.4	80.4	79.4	100	79.4	0.0	NW	0.00	2.0	NW	79.4	87.9	87.9	87.2	29.749	0.14	1.56	0	0.00	0	0.0	0.00	0.0	0.000	0.300	-52.3	0	---	-52.4	-52.4	 .0969	0.000	698	1	100.0	30
07/20/20	5:30 p	77.2	79.4	77.2	100	77.2	1.0	WNW	0.50	6.0	W	77.2	82.6	82.6	81.6	29.749	0.12	1.44	0	0.00	0	0.0	0.00	0.0	0.000	0.254	-52.3	0	---	-52.4	-52.4	 .0969	0.000	701	1	100.0	30
07/20/20	6:00 p	76.2	77.2	76.1	100	76.2	1.0	SSW	0.50	7.0	WSW	76.2	80.7	80.7	79.7	29.749	0.16	1.61	0	0.00	0	0.0	0.00	0.0	0.000	0.233	-52.3	0	---	-52.4	-52.4	 .0969	0.000	701	1	100.0	30
07/20/20	6:30 p	75.6	76.3	75.5	100	75.6	1.0	WSW	0.50	2.0	WSW	75.6	79.7	79.7	78.6	29.749	0.07	0.21	0	0.00	0	0.0	0.00	0.0	0.000	0.221	-52.3	0	---	-52.4	-52.4	 .0969	0.000	700	1	100.0	30
07/20/20	7:00 p	75.7	75.8	75.5	100	75.7	0.0	WSW	0.00	2.0	WSW	75.7	79.8	79.8	78.7	29.749	0.05	0.16	0	0.00	0	0.0	0.00	0.0	0.000	0.223	-52.3	0	---	-52.4	-52.4	 .0969	0.000	697	1	100.0	30
07/20/20	7:30 p	75.7	75.8	75.5	100	75.7	0.0	WSW	0.00	1.0	WSW	75.7	79.8	79.8	78.7	29.749	0.02	0.09	0	0.00	0	0.0	0.00	0.0	0.000	0.223	-52.3	0	---	-52.4	-52.4	 .0969	0.000	698	1	100.0	30
07/20/20	8:00 p	75.8	75.8	75.6	100	75.8	0.0	WSW	0.00	2.0	WSW	75.8	80.0	80.0	78.9	29.749	0.06	0.68	0	0.00	0	0.0	0.00	0.0	0.000	0.225	-52.3	0	---	-52.4	-52.4	 .0969	0.000	702	1	100.0	30
07/20/20	8:30 p	76.0	76.1	75.7	100	76.0	0.0	WSW	0.00	2.0	WSW	76.0	80.3	80.3	79.3	29.835	0.00	0.00	0	0.00	0	0.0	0.00	0.0	0.000	0.229	-52.3	0	---	-52.4	-52.4	 .0971	0.000	699	1	100.0	30
07/20/20	9:00 p	76.0	76.1	75.8	100	76.0	0.0	WSW	0.00	1.0	WSW	76.0	80.3	80.3	79.3	29.835	0.00	0.00	0	0.00	0	0.0	0.00	0.0	0.000	0.229	-52.3	0	---	-52.4	-52.4	 .0971	0.000	703	1	100.0	30
07/20/20	9:30 p	76.1	76.2	76.0	100	76.1	0.0	WSW	0.00	2.0	WSW	76.1	80.5	80.5	79.5	29.835	0.00	0.00	0	0.00	0	0.0	0.00	0.0	0.000	0.231	-52.3	0	---	-52.4	-52.4	 .0971	0.000	698	1	100.0	30
07/20/20	10:00 p	76.1	76.2	76.0	100	76.1	0.0	NW	0.00	6.0	WNW	76.1	80.5	80.5	79.5	29.835	0.02	0.00	0	0.00	0	0.0	0.00	0.0	0.000	0.231	-52.3	0	---	-52.4	-52.4	 .0971	0.000	703	1	100.0	30
07/20/20	10:30 p	75.8	76.1	75.8	100	75.8	0.0	NW	0.00	2.0	NW	75.8	80.0	80.0	78.9	29.835	0.04	0.16	0	0.00	0	0.0	0.00	0.0	0.000	0.225	-52.3	0	---	-52.4	-52.4	 .0971	0.000	701	1	100.0	30
07/20/20	11:00 p	75.6	75.9	75.5	100	75.6	0.0	NW	0.00	2.0	NW	75.6	79.7	79.7	78.6	29.835	0.01	0.05	0	0.00	0	0.0	0.00	0.0	0.000	0.221	-52.3	0	---	-52.4	-52.4	 .0971	0.000	698	1	100.0	30
07/20/20	11:30 p	75.4	75.7	75.4	100	75.4	0.0	NW	0.00	1.0	NW	75.4	79.4	79.4	78.3	29.835	0.02	0.11	0	0.00	0	0.0	0.00	0.0	0.000	0.217	-52.3	0	---	-52.4	-52.4	 .0971	0.000	699	1	100.0	30
07/21/20	12:00 a	75.2	75.4	75.2	100	75.2	1.0	NE	0.50	7.0	NNE	75.2	79.1	79.1	78.0	29.835	0.00	0.00	0	0.00	0	0.0	0.00	0.0	0.000	0.212	-52.3	0	---	-52.4	-52.4	 .0971	0.000	700	1	100.0	30
07/21/20	12:30 a	74.8	75.2	74.8	100	74.8	3.0	NE	1.50	11.0	NNE	74.8	78.6	78.6	77.5	29.835	0.00	0.00	0	0.00	0	0.0	0.00	0.0	0.000	0.204	-52.3	0	---	-52.4	-52.4	 .0971	0.000	699	1	100.0	30
07/21/20	1:00 a	74.9	75.0	74.7	100	74.9	3.0	NE	1.50	11.0	NNE	74.9	78.7	78.7	77.6	29.835	0.00	0.00	0	0.00	0	0.0	0.00	0.0	0.000	0.206	-52.3	0	---	-52.4	-52.4	 .0971	0.000	699	1	100.0	30
07/21/20	1:30 a	75.8	75.8	75.0	100	75.8	3.0	S	1.50	11.0	NNE	75.8	80.0	80.0	78.9	29.835	0.00	0.00	0	0.00	0	0.0	0.00	0.0	0.000	0.225	-52.3	0	---	-52.4	-52.4	 .0971	0.000	703	1	100.0	30
07/21/20	2:00 a	75.6	75.9	75.5	100	75.6	1.0	S	0.50	6.0	S	75.6	79.7	79.7	78.6	29.835	0.00	0.00	0	0.00	0	0.0	0.00	0.0	0.000	0.221	-52.3	0	---	-52.4	-52.4	 .0971	0.000	699	1	100.0	30
07/21/20	2:30 a	75.4	75.7	75.3	100	75.4	1.0	SE	0.50	3.0	SE	75.4	79.4	79.4	78.3	29.835	0.00	0.00	0	0.00	0	0.0	0.00	0.0	0.000	0.217	-52.3	0	---	-52.4	-52.4	 .0971	0.000	700	1	100.0	30
07/21/20	3:00 a	76.1	76.2	75.3	100	76.1	1.0	E	0.50	8.0	SSE	76.1	80.5	80.5	79.5	29.835	0.00	0.00	0	0.00	0	0.0	0.00	0.0	0.000	0.231	-52.3	0	---	-52.4	-52.4	 .0971	0.000	697	1	100.0	30
07/21/20	3:30 a	76.5	76.7	76.0	100	76.5	2.0	E	1.00	7.0	SSW	76.5	81.3	81.3	80.3	29.835	0.00	0.00	0	0.00	0	0.0	0.00	0.0	0.000	0.240	-52.3	0	---	-52.4	-52.4	 .0971	0.000	701	1	100.0	30
07/21/20	4:00 a	76.8	76.9	76.5	100	76.8	2.0	E	1.00	6.0	SSE	76.8	81.8	81.8	80.8	29.835	0.00	0.00	0	0.00	0	0.0	0.00	0.0	0.000	0.246	-52.3	0	---	-52.4	-52.4	 .0971	0.000	700	1	100.0	30
07/21/20	4:30 a	76.8	77.0	76.8	100	76.8	1.0	ESE	0.50	4.0	ESE	76.8	81.8	81.8	80.8	29.835	0.00	0.00	0	0.00	0	0.0	0.00	0.0	0.000	0.246	-52.3	0	---	-52.4	-52.4	 .0971	0.000	701	1	100.0	30
07/21/20	5:00 a	76.6	76.9	76.5	100	76.6	0.0	NNE	0.00	2.0	NNE	76.6	81.4	81.4	80.4	29.835	0.00	0.00	0	0.00	0	0.0	0.00	0.0	0.000	0.242	-52.3	0	---	-52.4	-52.4	 .0971	0.000	699	1	100.0	30
07/21/20	5:30 a	76.6	76.7	76.5	100	76.6	0.0	NNE	0.00	1.0	NNE	76.6	81.4	81.4	80.4	29.835	0.00	0.00	0	0.00	0	0.0	0.00	0.0	0.000	0.242	-52.3	0	---	-52.4	-52.4	 .0971	0.000	702	1	100.0	30
07/21/20	6:00 a	76.6	76.7	76.5	100	76.6	0.0	NNE	0.00	1.0	NNE	76.6	81.4	81.4	80.7	29.835	0.00	0.00	12	0.52	26	0.0	0.00	0.0	0.000	0.242	-52.3	0	---	-52.4	-52.4	 .0971	0.000	698	1	100.0	30
07/21/20	6:30 a	77.3	77.3	76.6	100	77.3	0.0	N	0.00	1.0	NNE	77.3	82.9	82.9	85.3	29.835	0.01	0.00	67	2.88	97	0.0	0.00	0.0	0.000	0.256	-52.3	0	---	-52.4	-52.4	 .0971	0.000	699	1	100.0	30
07/21/20	7:00 a	77.6	77.6	77.1	100	77.6	0.0	N	0.00	1.0	N	77.6	83.5	83.5	87.2	29.835	0.00	0.00	112	4.82	128	0.2	0.04	0.5	0.000	0.262	-52.3	0	---	-52.4	-52.4	 .0971	0.002	702	1	100.0	30
07/21/20	7:30 a	78.2	78.4	77.6	100	78.2	0.0	N	0.00	1.0	N	78.2	84.9	84.9	89.3	29.835	0.00	0.00	148	6.36	169	0.7	0.15	0.9	0.000	0.275	-52.3	0	---	-52.4	-52.4	 .0971	0.000	700	1	100.0	30
07/21/20	8:00 a	78.1	78.7	78.0	100	78.1	1.0	N	0.50	4.0	S	78.1	84.6	84.6	89.5	29.835	0.00	0.00	185	7.96	220	1.1	0.24	1.4	0.000	0.273	-52.3	0	---	-52.4	-52.4	 .0971	0.004	701	1	100.0	30
07/21/20	8:30 a	81.5	81.5	78.1	100	81.5	0.0	NW	0.00	3.0	N	81.5	94.1	94.1	103.1	29.835	0.00	0.00	374	16.08	833	2.4	0.51	3.8	0.000	0.344	-52.3	0	---	-52.4	-52.4	 .0971	0.000	702	1	100.0	30
07/21/20	9:00 a	82.5	82.9	81.6	100	82.5	1.0	N	0.50	4.0	NNW	82.5	97.4	97.4	109.2	29.835	0.00	0.00	582	25.03	751	3.3	0.71	3.9	0.000	0.365	-52.3	0	---	-52.4	-52.4	 .0971	0.012	702	1	100.0	30
07/21/20	9:30 a	84.0	84.4	82.5	100	84.0	1.0	SSW	0.50	5.0	N	84.0	103.1	103.1	116.0	29.835	0.00	0.00	751	32.30	1042	4.5	0.96	5.7	0.000	0.396	-52.3	0	---	-52.4	-52.4	 .0971	0.000	698	1	100.0	30
07/21/20	10:00 a	81.5	83.9	81.4	100	81.5	1.0	SW	0.50	6.0	SSE	81.5	94.1	94.1	98.1	29.086	0.00	0.00	187	8.04	313	2.4	0.51	4.0	0.000	0.344	-52.3	0	---	-52.4	-52.4	 .0947	0.011	699	1	100.0	30
07/21/20	10:30 a	82.3	82.4	80.7	100	82.3	1.0	SW	0.50	4.0	NNE	82.3	96.8	96.8	102.8	29.086	0.00	0.00	269	11.57	373	2.4	0.51	3.4	0.000	0.360	-52.3	0	---	-52.4	-52.4	 .0947	0.000	702	1	100.0	30
07/21/20	11:00 a	82.4	82.4	81.6	100	82.4	1.0	N	0.50	3.0	ESE	82.4	97.1	97.1	104.1	29.086	0.00	0.00	315	13.55	471	3.1	0.66	4.9	0.000	0.363	-52.3	0	---	-52.4	-52.4	 .0947	0.007	699	1	100.0	30
07/21/20	11:30 a	82.3	82.4	81.6	100	82.3	1.0	SSW	0.50	3.0	SSE	82.3	96.8	96.8	102.9	29.086	0.00	0.00	271	11.65	410	3.1	0.66	4.4	0.000	0.360	-52.3	0	---	-52.4	-52.4	 .0947	0.000	700	1	100.0	30
07/21/20	12:00 p	83.1	83.1	82.0	100	83.1	1.0	NNW	0.50	4.0	SW	83.1	99.6	99.6	107.4	29.693	0.00	0.00	357	15.35	605	3.9	0.84	5.9	0.000	0.377	-52.3	0	---	-52.4	-52.4	 .0967	0.008	700	1	100.0	30
07/21/20	12:30 p	83.7	84.1	83.1	100	83.7	2.0	WSW	1.00	5.0	SW	83.7	101.9	101.9	113.0	29.086	0.00	0.00	555	23.87	645	5.5	1.18	6.1	0.000	0.390	-52.3	0	---	-52.4	-52.4	 .0947	0.000	700	1	100.0	30
07/21/20	1:00 p	84.3	84.6	83.5	100	84.3	1.0	SSW	0.50	5.0	SSW	84.3	104.5	104.5	115.3	29.086	0.00	0.00	530	22.79	577	5.1	1.09	5.5	0.000	0.402	-52.3	0	---	-52.4	-52.4	 .0947	0.014	702	1	100.0	30
07/21/20	1:30 p	84.1	84.5	83.7	100	84.1	1.0	SSW	0.50	4.0	S	84.1	103.5	103.5	114.2	29.199	0.00	0.00	516	22.19	621	4.7	1.01	5.5	0.000	0.398	-52.3	0	---	-52.4	-52.4	 .0951	0.000	702	1	100.0	30
07/21/20	2:00 p	84.0	84.4	83.2	100	84.0	1.0	SSE	0.50	4.0	SSE	84.0	103.1	103.1	113.3	29.199	0.00	0.00	467	20.08	519	4.0	0.86	4.5	0.000	0.396	-52.3	0	---	-52.4	-52.4	 .0951	0.013	701	1	100.0	30
07/21/20	2:30 p	83.2	84.1	83.2	100	83.2	1.0	SSW	0.50	4.0	SW	83.2	100.0	100.0	109.5	29.199	0.00	0.00	401	17.25	454	3.1	0.66	3.4	0.000	0.379	-52.3	0	---	-52.4	-52.4	 .0951	0.000	699	1	100.0	30
07/21/20	3:00 p	82.5	83.7	82.5	100	82.5	1.0	SE	0.50	4.0	SSE	82.5	97.4	97.4	104.8	29.199	0.00	0.00	277	11.91	404	2.1	0.45	2.8	0.000	0.365	-52.3	0	---	-52.4	-52.4	 .0951	0.009	698	1	100.0	30
07/21/20	3:30 p	82.6	82.9	82.4	100	82.6	0.0	SSW	0.00	3.0	SSW	82.6	97.8	97.8	105.1	29.199	0.00	0.00	242	10.41	297	1.5	0.32	1.8	0.000	0.367	-52.3	0	---	-52.4	-52.4	 .0951	0.000	701	1	100.0	30
07/21/20	4:00 p	81.3	82.6	81.1	100	81.3	0.0	SSW	0.00	2.0	SSW	81.3	93.5	93.5	100.1	29.843	0.00	0.00	193	8.30	221	1.0	0.21	1.2	0.000	0.340	-52.3	0	---	-52.4	-52.4	 .0972	0.005	700	1	100.0	30
07/21/20	4:30 p	81.0	81.6	81.0	100	81.0	0.0	SSW	0.00	2.0	SSW	81.0	92.5	92.5	96.9	29.799	0.00	0.00	116	4.99	149	0.4	0.09	0.7	0.000	0.333	-52.3	0	---	-52.4	-52.4	 .0970	0.000	697	1	100.0	30
07/21/20	5:00 p	80.0	81.0	79.9	100	80.0	0.0	SSW	0.00	2.0	SSW	80.0	89.6	89.6	92.5	29.799	0.01	0.00	73	3.14	79	0.0	0.00	0.0	0.000	0.313	-52.3	0	---	-52.4	-52.4	 .0970	0.002	702	1	100.0	30
07/21/20	5:30 p	79.7	80.2	79.7	100	79.7	0.0	SSW	0.00	1.0	SSW	79.7	88.8	88.8	88.8	29.809	0.00	0.00	48	2.06	70	0.0	0.00	0.0	0.000	0.306	-52.3	0	---	-52.4	-52.4	 .0971	0.000	700	1	100.0	30
07/21/20	6:00 p	78.9	79.7	78.9	100	78.9	0.0	SSW	0.00	2.0	SSW	78.9	86.6	86.6	85.5	29.809	0.00	0.00	4	0.17	16	0.0	0.00	0.0	0.000	0.290	-52.3	0	---	-52.4	-52.4	 .0971	0.001	703	1	100.0	30
07/21/20	6:30 p	78.4	79.0	78.3	100	78.4	0.0	SSW	0.00	1.0	SSW	78.4	85.4	85.4	84.2	29.809	0.00	0.00	0	0.00	0	0.0	0.00	0.0	0.000	0.279	-52.3	0	---	-52.4	-52.4	 .0971	0.000	701	1	100.0	30
07/21/20	7:00 p	78.3	78.6	78.2	100	78.3	0.0	SSW	0.00	1.0	SSW	78.3	85.1	85.1	83.9	29.086	0.00	0.00	0	0.00	0	0.0	0.00	0.0	0.000	0.277	-52.3	0	---	-52.4	-52.4	 .0947	0.000	698	1	100.0	30
07/21/20	7:30 p	78.3	78.4	78.2	100	78.3	0.0	SSW	0.00	2.0	SSW	78.3	85.1	85.1	83.9	29.693	0.00	0.00	0	0.00	0	0.0	0.00	0.0	0.000	0.277	-52.3	0	---	-52.4	-52.4	 .0967	0.000	699	1	100.0	30
07/21/20	8:00 p	78.2	78.4	78.1	100	78.2	0.0	SSW	0.00	1.0	SSW	78.2	84.9	84.9	83.7	19.389	0.00	0.00	0	0.00	0	0.0	0.00	0.0	0.000	0.275	-52.3	0	---	-52.4	-52.4	 .0631	0.000	700	1	100.0	30
07/21/20	8:30 p	78.0	78.4	77.8	100	78.0	1.0	NE	0.50	3.0	ENE	78.0	84.4	84.4	83.2	19.389	0.21	3.43	0	0.00	0	0.0	0.00	0.0	0.000	0.271	-52.3	0	---	-52.4	-52.4	 .0631	0.000	701	1	100.0	30
07/21/20	9:00 p	77.9	78.1	77.9	100	77.9	0.0	NE	0.00	2.0	NE	77.9	84.2	84.2	83.0	29.854	0.02	0.24	0	0.00	0	0.0	0.00	0.0	0.000	0.269	-52.3	0	---	-52.4	-52.4	 .0972	0.000	701	1	100.0	30
07/21/20	9:30 p	77.8	78.0	77.7	100	77.8	0.0	NE	0.00	1.0	NE	77.8	84.0	84.0	82.8	29.854	0.00	0.00	0	0.00	0	0.0	0.00	0.0	0.000	0.267	-52.3	0	---	-52.4	-52.4	 .0972	0.000	700	1	100.0	30
07/21/20	10:00 p	77.7	77.9	77.7	100	77.7	0.0	ENE	0.00	2.0	ENE	77.7	83.7	83.7	82.5	29.854	0.02	0.23	0	0.00	0	0.0	0.00	0.0	0.000	0.265	-52.3	0	---	-52.4	-52.4	 .0972	0.000	697	1	100.0	30
07/21/20	10:30 p	77.8	77.9	77.6	100	77.8	0.0	ENE	0.00	2.0	ENE	77.8	84.0	84.0	82.8	29.693	0.01	0.23	0	0.00	0	0.0	0.00	0.0	0.000	0.267	-52.3	0	---	-52.4	-52.4	 .0967	0.000	701	1	100.0	30
07/21/20	11:00 p	77.7	77.8	77.6	100	77.7	0.0	ENE	0.00	1.0	ENE	77.7	83.7	83.7	82.5	29.693	0.00	0.00	0	0.00	0	0.0	0.00	0.0	0.000	0.265	-52.3	0	---	-52.4	-52.4	 .0967	0.000	701	1	100.0	30
07/21/20	11:30 p	77.8	77.9	77.4	100	77.8	0.0	ENE	0.00	3.0	NE	77.8	84.0	84.0	82.8	29.861	0.00	0.00	0	0.00	0	0.0	0.00	0.0	0.000	0.267	-52.3	0	---	-52.4	-52.4	 .0972	0.000	702	1	100.0	30
07/22/20	12:00 a	77.3	77.8	77.3	100	77.3	0.0	NE	0.00	3.0	NE	77.3	82.9	82.9	81.7	19.542	0.10	0.62	0	0.00	0	0.0	0.00	0.0	0.000	0.256	-52.3	0	---	-52.4	-52.4	 .0636	0.000	702	1	100.0	30
07/22/20	12:30 a	76.7	77.4	76.7	100	76.7	1.0	NE	0.50	4.0	ENE	76.7	81.6	81.6	80.3	19.535	0.17	1.10	0	0.00	0	0.0	0.00	0.0	0.000	0.244	-52.3	0	---	-52.4	-52.4	 .0636	0.000	699	1	100.0	30
07/22/20	1:00 a	76.6	76.7	76.5	100	76.6	1.0	ESE	0.50	3.0	ESE	76.6	81.4	81.4	80.1	29.086	0.32	2.15	0	0.00	0	0.0	0.00	0.0	0.000	0.242	-52.3	0	---	-52.4	-52.4	 .0947	0.000	702	1	100.0	30
07/22/20	1:30 a	76.4	76.7	76.2	100	76.4	0.0	SSW	0.00	3.0	SE	76.4	81.1	81.1	79.8	29.086	0.09	0.28	0	0.00	0	0.0	0.00	0.0	0.000	0.238	-52.3	0	---	-52.4	-52.4	 .0947	0.000	702	1	100.0	30
07/22/20	2:00 a	76.2	76.4	76.1	100	76.2	0.0	SSW	0.00	2.0	SSW	76.2	80.7	80.7	79.4	29.086	0.17	0.51	0	0.00	0	0.0	0.00	0.0	0.000	0.233	-52.3	0	---	-52.4	-52.4	 .0947	0.000	698	1	100.0	30
07/22/20	2:30 a	76.3	76.3	76.1	100	76.3	0.0	W	0.00	1.0	W	76.3	80.9	80.9	79.6	19.389	0.05	0.28	0	0.00	0	0.0	0.00	0.0	0.000	0.235	-52.3	0	---	-52.4	-52.4	 .0631	0.000	701	1	100.0	30
07/22/20	3:00 a	75.6	76.4	75.6	100	75.6	0.0	E	0.00	3.0	E	75.6	79.7	79.7	78.4	29.821	0.00	0.00	0	0.00	0	0.0	0.00	0.0	0.000	0.221	-52.3	0	---	-52.4	-52.4	 .0971	0.000	700	1	100.0	30
07/22/20	3:30 a	75.2	75.6	75.0	100	75.2	0.0	E	0.00	2.0	E	75.2	79.1	79.1	77.8	29.821	0.00	0.00	0	0.00	0	0.0	0.00	0.0	0.000	0.212	-52.3	0	---	-52.4	-52.4	 .0971	0.000	702	1	100.0	30
07/22/20	4:00 a	74.9	75.3	74.9	100	74.9	0.0	---	0.00	0.0	---	74.9	78.7	78.7	77.3	29.821	0.00	0.00	0	0.00	0	0.0	0.00	0.0	0.000	0.206	-52.3	0	---	-52.4	-52.4	 .0971	0.000	698	1	100.0	30
07/22/20	4:30 a	74.9	75.0	74.8	100	74.9	0.0	E	0.00	1.0	E	74.9	78.7	78.7	77.3	29.814	0.00	0.00	0	0.00	0	0.0	0.00	0.0	0.000	0.206	-52.3	0	---	-52.4	-52.4	 .0971	0.000	698	1	100.0	30
07/22/20	5:00 a	74.7	74.9	74.6	100	74.7	0.0	E	0.00	2.0	E	74.7	78.4	78.4	77.0	29.086	0.00	0.00	0	0.00	0	0.0	0.00	0.0	0.000	0.202	-52.3	0	---	-52.4	-52.4	 .0947	0.000	699	1	100.0	30
07/22/20	5:30 a	74.8	74.8	74.6	100	74.8	0.0	---	0.00	0.0	---	74.8	78.6	78.6	77.2	19.389	0.00	0.00	0	0.00	0	0.0	0.00	0.0	0.000	0.204	-52.3	0	---	-52.4	-52.4	 .0631	0.000	700	1	100.0	30
07/22/20	6:00 a	75.0	75.0	74.7	100	75.0	0.0	E	0.00	1.0	E	75.0	78.8	78.8	77.7	19.389	0.00	0.00	11	0.47	19	0.0	0.00	0.0	0.000	0.208	-52.3	0	---	-52.4	-52.4	 .0631	0.000	702	1	100.0	30
07/22/20	6:30 a	75.6	75.8	75.0	100	75.6	0.0	S	0.00	1.0	S	75.6	79.7	79.7	80.2	19.389	0.00	0.00	29	1.25	42	0.0	0.00	0.0	0.000	0.221	-52.3	0	---	-52.4	-52.4	 .0631	0.000	701	1	100.0	30
07/22/20	7:00 a	76.1	76.1	75.6	100	76.1	0.0	S	0.00	2.0	S	76.1	80.5	80.5	81.5	19.389	0.00	0.00	44	1.89	62	0.0	0.00	0.0	0.000	0.231	-52.3	0	---	-52.4	-52.4	 .0631	0.001	702	1	100.0	30
07/22/20	7:30 a	76.5	76.6	76.1	100	76.5	0.0	S	0.00	2.0	S	76.5	81.3	81.3	82.9	19.389	0.00	0.00	69	2.97	81	0.0	0.00	0.5	0.000	0.240	-52.3	0	---	-52.4	-52.4	 .0631	0.000	699	1	100.0	30
07/22/20	8:00 a	77.5	77.7	76.5	100	77.5	1.0	S	0.50	2.0	S	77.5	83.3	83.3	87.7	19.389	0.00	0.00	171	7.35	232	1.0	0.21	1.2	0.000	0.260	-52.3	0	---	-52.4	-52.4	 .0631	0.003	702	1	100.0	30
07/22/20	8:30 a	78.9	78.9	77.4	100	78.9	1.0	WNW	0.50	4.0	E	78.9	86.6	86.6	95.4	19.389	0.00	0.00	372	16.00	773	2.3	0.49	3.5	0.000	0.290	-52.3	0	---	-52.4	-52.4	 .0631	0.000	701	1	100.0	30
07/22/20	9:00 a	80.1	80.1	78.1	100	80.1	1.0	SE	0.50	7.0	SSE	80.1	89.9	89.9	97.0	19.389	0.00	0.00	309	13.29	888	2.7	0.58	4.6	0.000	0.315	-52.3	0	---	-52.4	-52.4	 .0631	0.010	701	1	100.0	30
07/22/20	9:30 a	82.2	82.8	79.5	100	82.2	1.0	NNW	0.50	5.0	SSE	82.2	96.4	96.4	108.1	29.693	0.00	0.00	599	25.76	844	4.4	0.94	5.3	0.000	0.358	-52.3	0	---	-52.4	-52.4	 .0967	0.000	702	1	100.0	30
07/22/20	10:00 a	82.5	82.8	82.0	100	82.5	1.0	SE	0.50	3.0	SE	82.5	97.4	97.4	106.6	19.389	0.00	0.00	438	18.84	691	4.1	0.88	5.4	0.000	0.365	-52.3	0	---	-52.4	-52.4	 .0631	0.014	700	1	100.0	30
07/22/20	10:30 a	81.3	83.3	81.3	100	81.3	1.0	SSE	0.50	4.0	SW	81.3	93.5	93.5	102.3	29.086	0.00	0.00	417	17.93	919	4.4	0.94	5.4	0.000	0.340	-52.3	0	---	-52.4	-52.4	 .0947	0.000	702	1	100.0	30
07/22/20	11:00 a	79.8	81.3	79.8	100	79.8	0.0	E	0.00	3.0	NW	79.8	89.0	89.0	93.8	29.873	0.01	0.00	225	9.68	272	3.1	0.66	3.3	0.000	0.308	-52.3	0	---	-52.4	-52.4	 .0973	0.009	698	1	100.0	30
07/22/20	11:30 a	83.6	83.6	79.6	100	83.6	1.0	N	0.50	3.0	N	83.6	101.5	101.5	114.8	29.086	0.01	0.04	842	36.21	1294	7.7	1.65	10.1	0.000	0.387	-52.3	0	---	-52.4	-52.4	 .0947	0.000	699	1	100.0	30
07/22/20	12:00 p	83.3	84.5	83.3	100	83.3	2.0	SSE	1.00	7.0	ESE	83.3	100.4	100.4	113.3	29.857	0.00	0.00	914	39.31	1336	8.4	1.80	11.0	0.000	0.381	-52.3	0	---	-52.4	-52.4	 .0972	0.023	699	1	100.0	30
07/22/20	12:30 p	83.6	83.6	82.4	100	83.6	1.0	SW	0.50	3.0	E	83.6	101.5	101.5	112.9	29.693	0.00	0.00	581	24.99	1072	6.3	1.35	9.3	0.000	0.387	-52.3	0	---	-52.4	-52.4	 .0967	0.000	702	1	100.0	30
07/22/20	1:00 p	83.8	84.1	82.7	100	83.8	2.0	SE	1.00	7.0	S	83.8	102.3	102.3	113.5	29.693	0.00	0.00	567	24.38	1223	6.0	1.29	9.1	0.000	0.392	-52.3	0	---	-52.4	-52.4	 .0967	0.016	701	1	100.0	30
07/22/20	1:30 p	83.3	84.2	83.1	100	83.3	2.0	SE	1.00	7.0	S	83.3	100.4	100.4	112.3	29.830	0.00	0.00	617	26.53	921	5.4	1.16	7.1	0.000	0.381	-52.3	0	---	-52.4	-52.4	 .0971	0.000	699	1	100.0	30
07/22/20	2:00 p	81.6	83.4	81.4	100	81.6	1.0	SSE	0.50	5.0	S	81.6	94.4	94.4	99.8	29.693	0.00	0.00	232	9.98	348	2.2	0.47	3.3	0.000	0.346	-52.3	0	---	-52.4	-52.4	 .0967	0.011	700	1	100.0	30
07/22/20	2:30 p	81.2	81.6	80.9	100	81.2	1.0	SSE	0.50	4.0	S	81.2	93.1	93.1	96.1	29.843	0.00	0.00	132	5.68	200	1.1	0.24	1.6	0.000	0.337	-52.3	0	---	-52.4	-52.4	 .0972	0.000	701	1	100.0	30
07/22/20	3:00 p	79.7	81.2	79.7	100	79.7	1.0	ESE	0.50	5.0	SSE	79.7	88.8	88.8	89.4	29.831	0.00	0.00	44	1.89	54	0.0	0.00	0.0	0.000	0.306	-52.3	0	---	-52.4	-52.4	 .0971	0.002	700	1	100.0	30
07/22/20	3:30 p	78.9	79.7	78.7	100	78.9	0.0	ESE	0.00	1.0	ESE	78.9	86.6	86.6	86.5	29.831	0.05	0.29	17	0.73	32	0.0	0.00	0.0	0.000	0.290	-52.3	0	---	-52.4	-52.4	 .0971	0.000	701	1	100.0	30
07/22/20	4:00 p	78.3	79.0	78.1	100	78.3	0.0	ESE	0.00	2.0	ESE	78.3	85.1	85.1	84.6	29.831	0.08	0.88	7	0.30	9	0.0	0.00	0.0	0.000	0.277	-52.3	0	---	-52.4	-52.4	 .0971	0.000	702	1	100.0	30
07/22/20	4:30 p	77.7	78.3	77.7	100	77.7	0.0	ESE	0.00	1.0	ESE	77.7	83.7	83.7	83.1	29.831	0.13	0.39	4	0.17	7	0.0	0.00	0.0	0.000	0.265	-52.3	0	---	-52.4	-52.4	 .0971	0.000	700	1	100.0	30
07/22/20	5:00 p	77.6	77.7	77.5	100	77.6	0.0	ESE	0.00	2.0	ESE	77.6	83.5	83.5	82.7	29.693	0.05	0.25	0	0.00	0	0.0	0.00	0.0	0.000	0.262	-52.3	0	---	-52.4	-52.4	 .0967	0.000	697	1	100.0	30
07/22/20	5:30 p	77.5	77.8	77.5	100	77.5	0.0	ESE	0.00	1.0	ESE	77.5	83.3	83.3	82.3	29.824	0.02	0.05	0	0.00	0	0.0	0.00	0.0	0.000	0.260	-52.3	0	---	-52.4	-52.4	 .0971	0.000	700	1	100.0	30
07/22/20	6:00 p	77.3	77.6	77.2	100	77.3	0.0	ESE	0.00	1.0	ESE	77.3	82.9	82.9	81.9	29.824	0.01	0.00	0	0.00	0	0.0	0.00	0.0	0.000	0.256	-52.3	0	---	-52.4	-52.4	 .0971	0.000	703	1	100.0	30
07/22/20	6:30 p	77.3	77.4	77.1	100	77.3	0.0	ESE	0.00	1.0	ESE	77.3	82.9	82.9	81.9	29.825	0.00	0.00	0	0.00	0	0.0	0.00	0.0	0.000	0.256	-52.3	0	---	-52.4	-52.4	 .0971	0.000	701	1	100.0	30
07/22/20	7:00 p	77.0	77.3	77.0	100	77.0	0.0	ESE	0.00	1.0	ESE	77.0	82.2	82.2	81.2	29.825	0.00	0.00	0	0.00	0	0.0	0.00	0.0	0.000	0.250	-52.3	0	---	-52.4	-52.4	 .0971	0.000	701	1	100.0	30
07/22/20	7:30 p	76.5	77.0	76.5	100	76.5	0.0	ESE	0.00	2.0	ESE	76.5	81.3	81.3	80.3	29.841	0.00	0.00	0	0.00	0	0.0	0.00	0.0	0.000	0.240	-52.3	0	---	-52.4	-52.4	 .0972	0.000	700	1	100.0	30
07/22/20	8:00 p	76.2	76.6	76.2	100	76.2	0.0	---	0.00	0.0	---	76.2	80.7	80.7	79.7	29.841	0.00	0.00	0	0.00	0	0.0	0.00	0.0	0.000	0.233	-52.3	0	---	-52.4	-52.4	 .0972	0.000	702	1	100.0	30
07/22/20	8:30 p	76.2	76.4	76.2	100	76.2	0.0	---	0.00	0.0	---	76.2	80.7	80.7	79.7	29.841	0.00	0.00	0	0.00	0	0.0	0.00	0.0	0.000	0.233	-52.3	0	---	-52.4	-52.4	 .0972	0.000	699	1	100.0	30
07/22/20	9:00 p	76.1	76.2	76.0	100	76.1	0.0	ESE	0.00	1.0	ESE	76.1	80.5	80.5	79.5	29.841	0.00	0.00	0	0.00	0	0.0	0.00	0.0	0.000	0.231	-52.3	0	---	-52.4	-52.4	 .0972	0.000	698	1	100.0	30
07/22/20	9:30 p	76.1	76.2	76.0	100	76.1	0.0	ESE	0.00	1.0	ESE	76.1	80.5	80.5	79.5	29.883	0.00	0.00	0	0.00	0	0.0	0.00	0.0	0.000	0.231	-52.3	0	---	-52.4	-52.4	 .0973	0.000	701	1	100.0	30
07/22/20	10:00 p	76.0	76.1	75.9	100	76.0	0.0	ESE	0.00	1.0	ESE	76.0	80.3	80.3	79.3	29.863	0.00	0.00	0	0.00	0	0.0	0.00	0.0	0.000	0.229	-52.3	0	---	-52.4	-52.4	 .0972	0.000	701	1	100.0	30
07/22/20	10:30 p	75.5	76.1	75.5	100	75.5	0.0	---	0.00	0.0	---	75.5	79.6	79.6	78.5	29.853	0.00	0.00	0	0.00	0	0.0	0.00	0.0	0.000	0.219	-52.3	0	---	-52.4	-52.4	 .0972	0.000	701	1	100.0	30
07/22/20	11:00 p	75.4	75.6	75.3	100	75.4	0.0	ESE	0.00	1.0	ESE	75.4	79.4	79.4	78.3	29.853	0.00	0.00	0	0.00	0	0.0	0.00	0.0	0.000	0.217	-52.3	0	---	-52.4	-52.4	 .0972	0.000	700	1	100.0	30
07/22/20	11:30 p	75.4	75.5	75.2	100	75.4	0.0	ESE	0.00	1.0	ESE	75.4	79.4	79.4	78.3	29.870	0.00	0.00	0	0.00	0	0.0	0.00	0.0	0.000	0.217	-52.3	0	---	-52.4	-52.4	 .0973	0.000	697	1	100.0	30
07/23/20	12:00 a	75.3	75.4	75.2	100	75.3	0.0	---	0.00	0.0	---	75.3	79.3	79.3	78.2	29.844	0.00	0.00	0	0.00	0	0.0	0.00	0.0	0.000	0.215	-52.3	0	---	-52.4	-52.4	 .0972	0.000	700	1	100.0	30
07/23/20	12:30 a	75.4	75.4	75.2	100	75.4	0.0	---	0.00	0.0	---	75.4	79.4	79.4	78.3	29.844	0.00	0.00	0	0.00	0	0.0	0.00	0.0	0.000	0.217	-52.3	0	---	-52.4	-52.4	 .0972	0.000	695	1	100.0	30
07/23/20	1:00 a	75.5	75.6	75.3	100	75.5	0.0	---	0.00	0.0	---	75.5	79.6	79.6	78.5	29.086	0.00	0.00	0	0.00	0	0.0	0.00	0.0	0.000	0.219	-52.3	0	---	-52.4	-52.4	 .0947	0.000	697	1	100.0	30
07/23/20	1:30 a	74.9	75.7	74.9	100	74.9	1.0	E	0.50	7.0	SSE	74.9	78.7	78.7	77.6	29.252	0.00	0.00	0	0.00	0	0.0	0.00	0.0	0.000	0.206	-52.3	0	---	-52.4	-52.4	 .0952	0.000	703	1	100.0	30
07/23/20	2:00 a	73.9	75.1	73.9	100	73.9	2.0	SSE	1.00	11.0	SSE	73.9	77.5	77.5	76.3	29.252	0.03	0.27	0	0.00	0	0.0	0.00	0.0	0.000	0.185	-52.3	0	---	-52.4	-52.4	 .0952	0.000	702	1	100.0	30
07/23/20	2:30 a	74.2	74.3	73.8	100	74.2	1.0	NE	0.50	2.0	NW	74.2	77.8	77.8	76.7	29.252	0.01	0.13	0	0.00	0	0.0	0.00	0.0	0.000	0.192	-52.3	0	---	-52.4	-52.4	 .0952	0.000	702	1	100.0	30
07/23/20	3:00 a	74.0	74.2	73.9	100	74.0	0.0	SSE	0.00	2.0	SSE	74.0	77.6	77.6	76.5	29.833	0.00	0.00	0	0.00	0	0.0	0.00	0.0	0.000	0.188	-52.3	0	---	-52.4	-52.4	 .0971	0.000	700	1	100.0	30
07/23/20	3:30 a	74.1	74.2	73.9	100	74.1	0.0	SSE	0.00	2.0	SSE	74.1	77.7	77.7	76.6	29.833	0.00	0.00	0	0.00	0	0.0	0.00	0.0	0.000	0.190	-52.3	0	---	-52.4	-52.4	 .0971	0.000	703	1	100.0	30
07/23/20	4:00 a	73.8	74.1	73.7	100	73.8	0.0	SSE	0.00	1.0	SSE	73.8	77.4	77.4	76.2	29.833	0.01	0.00	0	0.00	0	0.0	0.00	0.0	0.000	0.183	-52.3	0	---	-52.4	-52.4	 .0971	0.000	699	1	100.0	30
07/23/20	4:30 a	73.6	73.8	73.5	100	73.6	0.0	SSE	0.00	2.0	SSE	73.6	77.2	77.2	76.0	29.820	0.01	0.00	0	0.00	0	0.0	0.00	0.0	0.000	0.179	-52.3	0	---	-52.4	-52.4	 .0971	0.000	699	1	100.0	30
07/23/20	5:00 a	73.5	73.7	73.3	100	73.5	0.0	E	0.00	2.0	E	73.5	77.1	77.1	75.9	29.820	0.00	0.00	0	0.00	0	0.0	0.00	0.0	0.000	0.177	-52.3	0	---	-52.4	-52.4	 .0971	0.000	700	1	100.0	30
07/23/20	5:30 a	73.9	73.9	73.4	100	73.9	1.0	NNE	0.50	4.0	N	73.9	77.5	77.5	76.3	29.820	0.00	0.00	0	0.00	0	0.0	0.00	0.0	0.000	0.185	-52.3	0	---	-52.4	-52.4	 .0971	0.000	698	1	100.0	30
07/23/20	6:00 a	74.5	74.6	73.9	100	74.5	1.0	SSW	0.50	5.0	NW	74.5	78.2	78.2	77.4	29.820	0.00	0.00	14	0.60	26	0.0	0.00	0.0	0.000	0.198	-52.3	0	---	-52.4	-52.4	 .0971	0.000	701	1	100.0	30
07/23/20	6:30 a	75.1	75.1	74.5	100	75.1	0.0	SSW	0.00	2.0	SSW	75.1	78.9	78.9	80.0	29.820	0.00	0.00	41	1.76	62	0.0	0.00	0.0	0.000	0.210	-52.3	0	---	-52.4	-52.4	 .0971	0.000	702	1	100.0	30
07/23/20	7:00 a	75.7	75.7	75.1	100	75.7	0.0	SSW	0.00	1.0	SSW	75.7	79.8	79.8	82.1	29.820	0.00	0.00	78	3.35	88	0.1	0.02	0.5	0.000	0.223	-52.3	0	---	-52.4	-52.4	 .0971	0.001	702	1	100.0	30
07/23/20	7:30 a	76.2	76.3	75.7	100	76.2	0.0	SSW	0.00	1.0	SSW	76.2	80.7	80.7	82.5	29.820	0.00	0.00	75	3.23	227	0.7	0.15	1.0	0.000	0.233	-52.3	0	---	-52.4	-52.4	 .0971	0.000	702	1	100.0	30
07/23/20	8:00 a	77.5	77.5	76.2	100	77.5	0.0	SSW	0.00	2.0	SSW	77.5	83.3	83.3	92.3	29.820	0.00	0.00	352	15.14	478	1.6	0.34	2.2	0.000	0.260	-52.3	0	---	-52.4	-52.4	 .0971	0.005	703	1	100.0	30
07/23/20	8:30 a	78.5	78.7	77.3	100	78.5	1.0	SE	0.50	4.0	ESE	78.5	85.6	85.6	93.4	29.087	0.00	0.00	327	14.06	589	2.1	0.45	2.7	0.000	0.281	-52.3	0	---	-52.4	-52.4	 .0947	0.000	699	1	100.0	30
07/23/20	9:00 a	81.6	81.6	78.5	100	81.6	1.0	SE	0.50	5.0	SE	81.6	94.4	94.4	106.5	29.693	0.00	0.00	619	26.62	847	3.6	0.77	4.4	0.000	0.346	-52.3	0	---	-52.4	-52.4	 .0967	0.012	702	1	100.0	30
07/23/20	9:30 a	83.1	83.3	81.2	100	83.1	2.0	E	1.00	6.0	ESE	83.1	99.6	99.6	112.2	29.693	0.00	0.00	686	29.50	932	4.3	0.92	5.7	0.000	0.377	-52.3	0	---	-52.4	-52.4	 .0967	0.000	701	1	100.0	30
07/23/20	10:00 a	83.8	83.8	83.0	100	83.8	2.0	SE	1.00	7.0	E	83.8	102.3	102.3	115.3	29.693	0.00	0.00	821	35.31	912	4.4	0.94	5.7	0.000	0.392	-52.3	0	---	-52.4	-52.4	 .0967	0.018	700	1	100.0	30
07/23/20	10:30 a	85.2	85.3	83.6	100	85.2	1.0	S	0.50	5.0	S	85.2	108.7	108.7	120.3	30.155	0.00	0.00	948	40.77	1104	3.8	0.81	4.7	0.000	0.421	-52.3	0	---	-52.4	-52.4	 .0982	0.000	701	1	100.0	30
07/23/20	11:00 a	83.6	85.2	83.5	100	83.6	2.0	S	1.00	6.0	SSE	83.6	101.5	101.5	113.8	29.858	0.00	0.00	652	28.04	833	6.6	1.41	7.5	0.000	0.387	-52.3	0	---	-52.4	-52.4	 .0972	0.020	701	1	100.0	30
07/23/20	11:30 a	84.1	85.5	83.7	100	84.1	2.0	S	1.00	6.0	SSW	84.1	103.5	103.5	116.8	29.855	0.00	0.00	788	33.89	1060	8.1	1.74	10.9	0.000	0.398	-52.3	0	---	-52.4	-52.4	 .0972	0.000	698	1	100.0	30
07/23/20	12:00 p	83.3	84.1	83.2	100	83.3	2.0	SSW	1.00	6.0	S	83.3	100.4	100.4	111.4	29.838	0.00	0.00	546	23.48	744	5.8	1.24	7.7	0.000	0.381	-52.3	0	---	-52.4	-52.4	 .0971	0.018	697	1	100.0	30
07/23/20	12:30 p	86.2	86.4	83.1	100	86.2	1.0	SSW	0.50	5.0	SSE	86.2	114.7	114.7	127.0	29.825	0.00	0.00	641	27.57	1111	7.6	1.63	11.2	0.000	0.442	-52.3	0	---	-52.4	-52.4	 .0971	0.000	700	1	100.0	30
07/23/20	1:00 p	84.3	86.3	83.7	100	84.3	1.0	SE	0.50	4.0	SSW	84.3	104.5	104.5	115.8	29.820	0.00	0.00	566	24.34	1107	5.9	1.26	8.6	0.000	0.402	-52.3	0	---	-52.4	-52.4	 .0971	0.018	700	1	100.0	30
07/23/20	1:30 p	83.9	85.3	83.8	100	83.9	2.0	SE	1.00	7.0	SSE	83.9	102.7	102.7	112.8	29.820	0.00	0.00	481	20.69	795	5.8	1.24	9.7	0.000	0.394	-52.3	0	---	-52.4	-52.4	 .0971	0.000	703	1	100.0	30
07/23/20	2:00 p	84.1	84.8	83.2	100	84.1	1.0	S	0.50	5.0	SSE	84.1	103.5	103.5	114.8	29.808	0.00	0.00	542	23.31	800	4.8	1.03	6.6	0.000	0.398	-52.3	0	---	-52.4	-52.4	 .0971	0.015	701	1	100.0	30
07/23/20	2:30 p	81.8	84.3	81.7	100	81.8	1.0	SW	0.50	5.0	S	81.8	95.1	95.1	100.5	29.808	0.00	0.00	218	9.38	513	2.1	0.45	4.7	0.000	0.350	-52.3	0	---	-52.4	-52.4	 .0971	0.000	702	1	100.0	30
07/23/20	3:00 p	80.8	81.7	80.7	100	80.8	0.0	ESE	0.00	3.0	E	80.8	91.9	91.9	95.1	29.800	0.00	0.00	128	5.50	162	1.1	0.24	1.4	0.000	0.329	-52.3	0	---	-52.4	-52.4	 .0970	0.005	700	1	100.0	30
07/23/20	3:30 p	80.3	81.2	80.2	100	80.3	1.0	SSW	0.50	4.0	SSW	80.3	90.5	90.5	93.0	29.800	0.00	0.00	92	3.96	118	0.7	0.15	0.9	0.000	0.319	-52.3	0	---	-52.4	-52.4	 .0970	0.000	700	1	100.0	30
07/23/20	4:00 p	80.0	80.5	79.9	100	80.0	0.0	SSE	0.00	1.0	SSE	80.0	89.6	89.6	92.4	29.800	0.00	0.00	89	3.83	111	0.4	0.09	0.7	0.000	0.313	-52.3	0	---	-52.4	-52.4	 .0970	0.002	699	1	100.0	30
07/23/20	4:30 p	79.9	80.1	79.9	100	79.9	0.0	SSE	0.00	1.0	SSE	79.9	89.3	89.3	91.7	29.800	0.00	0.00	67	2.88	86	0.0	0.00	0.0	0.000	0.310	-52.3	0	---	-52.4	-52.4	 .0970	0.000	699	1	100.0	30
07/23/20	5:00 p	79.7	79.9	79.6	100	79.7	0.0	SSE	0.00	1.0	SSE	79.7	88.8	88.8	90.3	29.693	0.00	0.00	43	1.85	51	0.0	0.00	0.0	0.000	0.306	-52.3	0	---	-52.4	-52.4	 .0967	0.001	702	1	100.0	30
07/23/20	5:30 p	79.2	79.7	79.1	100	79.2	0.0	---	0.00	0.0	---	79.2	87.4	87.4	86.7	29.806	0.01	0.00	12	0.52	28	0.0	0.00	0.0	0.000	0.296	-52.3	0	---	-52.4	-52.4	 .0970	0.000	698	1	100.0	30
07/23/20	6:00 p	78.4	79.2	78.3	100	78.4	0.0	SSE	0.00	3.0	NW	78.4	85.4	85.4	84.3	29.806	0.07	1.25	0	0.00	0	0.0	0.00	0.0	0.000	0.279	-52.3	0	---	-52.4	-52.4	 .0970	0.000	699	1	100.0	30
07/23/20	6:30 p	77.3	78.5	77.3	100	77.3	1.0	N	0.50	5.0	NNE	77.3	82.9	82.9	81.8	29.806	0.00	0.00	0	0.00	0	0.0	0.00	0.0	0.000	0.256	-52.3	0	---	-52.4	-52.4	 .0970	0.000	700	1	100.0	30
07/23/20	7:00 p	76.9	77.4	76.8	100	76.9	1.0	N	0.50	5.0	NNE	76.9	82.0	82.0	80.8	29.806	0.01	0.00	0	0.00	0	0.0	0.00	0.0	0.000	0.248	-52.3	0	---	-52.4	-52.4	 .0970	0.000	702	1	100.0	30
07/23/20	7:30 p	76.5	76.9	76.5	100	76.5	0.0	WNW	0.00	2.0	NNW	76.5	81.3	81.3	80.1	29.806	0.00	0.00	0	0.00	0	0.0	0.00	0.0	0.000	0.240	-52.3	0	---	-52.4	-52.4	 .0970	0.000	702	1	100.0	30
07/23/20	8:00 p	76.1	76.5	76.0	100	76.1	1.0	N	0.50	4.0	N	76.1	80.5	80.5	79.3	29.837	0.00	0.00	0	0.00	0	0.0	0.00	0.0	0.000	0.231	-51.1	0	---	-51.2	-51.2	 .0969	0.000	701	1	100.0	30
07/23/20	8:30 p	75.8	76.1	75.8	100	75.8	0.0	N	0.00	4.0	N	75.8	80.0	80.0	78.8	29.841	0.00	0.00	0	0.00	0	0.0	0.00	0.0	0.000	0.225	-52.3	0	---	-52.4	-52.4	 .0972	0.000	698	1	100.0	30
07/23/20	9:00 p	75.8	76.0	75.6	100	75.8	0.0	N	0.00	2.0	N	75.8	80.0	80.0	78.8	29.847	0.00	0.00	0	0.00	0	0.0	0.00	0.0	0.000	0.225	-52.3	0	---	-52.4	-52.4	 .0972	0.000	698	1	100.0	30
07/23/20	9:30 p	76.2	76.3	75.8	100	76.2	1.0	NNE	0.50	3.0	N	76.2	80.7	80.7	79.5	29.847	0.00	0.00	0	0.00	0	0.0	0.00	0.0	0.000	0.233	-52.3	0	---	-52.4	-52.4	 .0972	0.000	701	1	100.0	30
07/23/20	10:00 p	76.5	76.5	76.2	100	76.5	0.0	WSW	0.00	2.0	WSW	76.5	81.3	81.3	80.1	29.847	0.00	0.00	0	0.00	0	0.0	0.00	0.0	0.000	0.240	-52.3	0	---	-52.4	-52.4	 .0972	0.000	700	1	100.0	30
07/23/20	10:30 p	76.6	76.7	76.5	100	76.6	1.0	E	0.50	4.0	SSE	76.6	81.4	81.4	80.2	29.697	0.00	0.00	0	0.00	0	0.0	0.00	0.0	0.000	0.242	-52.3	0	---	-52.4	-52.4	 .0967	0.000	702	1	100.0	30
07/23/20	11:00 p	76.5	76.7	76.4	100	76.5	0.0	E	0.00	1.0	E	76.5	81.3	81.3	80.1	29.844	0.00	0.00	0	0.00	0	0.0	0.00	0.0	0.000	0.240	-52.3	0	---	-52.4	-52.4	 .0972	0.000	702	1	100.0	30
07/23/20	11:30 p	76.7	76.7	76.5	100	76.7	0.0	E	0.00	1.0	E	76.7	81.6	81.6	80.4	29.086	0.00	0.00	0	0.00	0	0.0	0.00	0.0	0.000	0.244	-52.3	0	---	-52.4	-52.4	 .0947	0.000	702	1	100.0	30
07/24/20	12:00 a	76.6	76.7	76.5	100	76.6	0.0	E	0.00	1.0	E	76.6	81.4	81.4	80.2	29.086	0.00	0.00	0	0.00	0	0.0	0.00	0.0	0.000	0.242	-52.3	0	---	-52.4	-52.4	 .0947	0.000	700	1	100.0	30
07/24/20	12:30 a	76.5	76.7	76.5	100	76.5	0.0	E	0.00	1.0	E	76.5	81.3	81.3	80.1	29.086	0.00	0.00	0	0.00	0	0.0	0.00	0.0	0.000	0.240	-52.3	0	---	-52.4	-52.4	 .0947	0.000	699	1	100.0	30
07/24/20	1:00 a	76.0	76.6	76.0	100	76.0	0.0	E	0.00	1.0	E	76.0	80.3	80.3	79.1	29.086	0.01	0.00	0	0.00	0	0.0	0.00	0.0	0.000	0.229	-52.3	0	---	-52.4	-52.4	 .0947	0.000	702	1	100.0	30
07/24/20	1:30 a	75.7	76.0	75.7	100	75.7	0.0	E	0.00	1.0	E	75.7	79.8	79.8	78.6	29.086	0.00	0.00	0	0.00	0	0.0	0.00	0.0	0.000	0.223	-52.3	0	---	-52.4	-52.4	 .0947	0.000	701	1	100.0	30
07/24/20	2:00 a	75.5	76.0	75.5	100	75.5	0.0	E	0.00	1.0	E	75.5	79.6	79.6	78.4	29.162	0.00	0.00	0	0.00	0	0.0	0.00	0.0	0.000	0.219	-52.3	0	---	-52.4	-52.4	 .0949	0.000	701	1	100.0	30
07/24/20	2:30 a	75.7	75.8	75.5	100	75.7	0.0	---	0.00	0.0	---	75.7	79.8	79.8	78.6	29.086	0.00	0.00	0	0.00	0	0.0	0.00	0.0	0.000	0.223	-52.3	0	---	-52.4	-52.4	 .0947	0.000	701	1	100.0	30
07/24/20	3:00 a	75.7	75.9	75.6	100	75.7	0.0	E	0.00	1.0	E	75.7	79.8	79.8	78.6	29.086	0.00	0.00	0	0.00	0	0.0	0.00	0.0	0.000	0.223	-52.3	0	---	-52.4	-52.4	 .0947	0.000	698	1	100.0	30
07/24/20	3:30 a	75.7	75.8	75.6	100	75.7	0.0	---	0.00	0.0	---	75.7	79.8	79.8	78.6	29.086	0.00	0.00	0	0.00	0	0.0	0.00	0.0	0.000	0.223	-52.3	0	---	-52.4	-52.4	 .0947	0.000	699	1	100.0	30
07/24/20	4:00 a	75.5	75.8	75.5	100	75.5	0.0	---	0.00	0.0	---	75.5	79.6	79.6	78.4	29.086	0.00	0.00	0	0.00	0	0.0	0.00	0.0	0.000	0.219	-52.3	0	---	-52.4	-52.4	 .0947	0.000	702	1	100.0	30
07/24/20	4:30 a	75.5	75.6	75.5	100	75.5	0.0	---	0.00	0.0	---	75.5	79.6	79.6	78.4	29.086	0.00	0.00	0	0.00	0	0.0	0.00	0.0	0.000	0.219	-52.3	0	---	-52.4	-52.4	 .0947	0.000	699	1	100.0	30
07/24/20	5:00 a	75.6	75.8	75.5	100	75.6	0.0	---	0.00	0.0	---	75.6	79.7	79.7	78.5	29.086	0.00	0.00	0	0.00	0	0.0	0.00	0.0	0.000	0.221	-52.3	0	---	-52.4	-52.4	 .0947	0.000	702	1	100.0	30
07/24/20	5:30 a	75.5	75.6	75.3	100	75.5	0.0	---	0.00	0.0	---	75.5	79.6	79.6	78.4	29.086	0.00	0.00	0	0.00	0	0.0	0.00	0.0	0.000	0.219	-52.3	0	---	-52.4	-52.4	 .0947	0.000	701	1	100.0	30
07/24/20	6:00 a	75.4	75.6	75.3	100	75.4	0.0	---	0.00	0.0	---	75.4	79.4	79.4	78.4	29.086	0.00	0.00	8	0.34	19	0.0	0.00	0.0	0.000	0.217	-52.3	0	---	-52.4	-52.4	 .0947	0.000	703	1	100.0	30
07/24/20	6:30 a	76.0	76.1	75.4	100	76.0	0.0	---	0.00	0.0	---	76.0	80.3	80.3	81.6	29.086	0.00	0.00	44	1.89	60	0.0	0.00	0.0	0.000	0.229	-52.3	0	---	-52.4	-52.4	 .0947	0.000	701	1	100.0	30
07/24/20	7:00 a	76.4	76.5	76.0	100	76.4	0.0	N	0.00	1.0	N	76.4	81.1	81.1	82.5	29.837	0.00	0.00	54	2.32	58	0.0	0.00	0.0	0.000	0.238	-52.3	0	---	-52.4	-52.4	 .0971	0.001	700	1	100.0	30
07/24/20	7:30 a	76.5	76.6	76.4	100	76.5	0.0	NNE	0.00	1.0	NNE	76.5	81.3	81.3	81.5	29.837	0.02	0.13	30	1.29	53	0.0	0.00	0.0	0.000	0.240	-52.3	0	---	-52.4	-52.4	 .0971	0.000	698	1	100.0	30
07/24/20	8:00 a	76.6	76.7	76.5	100	76.6	0.0	NNE	0.00	1.0	NNE	76.6	81.4	81.4	81.0	29.837	0.12	0.50	12	0.52	16	0.0	0.00	0.0	0.000	0.242	-52.3	0	---	-52.4	-52.4	 .0971	0.000	700	1	100.0	30
07/24/20	8:30 a	76.1	76.6	75.9	100	76.1	0.0	N	0.00	2.0	N	76.1	80.5	80.5	80.3	29.837	0.13	0.38	21	0.90	23	0.0	0.00	0.0	0.000	0.231	-52.3	0	---	-52.4	-52.4	 .0971	0.000	702	1	100.0	30
07/24/20	9:00 a	75.5	76.1	75.0	100	75.5	0.0	N	0.00	1.0	N	75.5	79.6	79.6	79.5	29.837	0.11	0.43	30	1.29	39	0.0	0.00	0.0	0.000	0.219	-52.3	0	---	-52.4	-52.4	 .0971	0.001	700	1	100.0	30
07/24/20	9:30 a	75.9	76.2	75.5	100	75.9	0.0	N	0.00	1.0	N	75.9	80.2	80.2	80.9	29.837	0.03	0.21	62	2.67	88	0.4	0.09	0.8	0.000	0.227	-52.3	0	---	-52.4	-52.4	 .0971	0.000	702	1	100.0	30
07/24/20	10:00 a	76.8	76.8	75.9	100	76.8	0.0	N	0.00	1.0	N	76.8	81.8	81.8	84.0	29.837	0.02	0.05	121	5.20	144	1.1	0.24	1.4	0.000	0.246	-52.3	0	---	-52.4	-52.4	 .0971	0.002	700	1	100.0	30
07/24/20	10:30 a	77.7	77.7	76.6	100	77.7	0.0	---	0.00	0.0	---	77.7	83.7	83.7	87.2	19.389	0.01	0.05	176	7.57	204	1.8	0.39	2.1	0.000	0.265	-52.3	0	---	-52.4	-52.4	 .0631	0.000	700	1	100.0	30
07/24/20	11:00 a	77.9	78.0	77.3	100	77.9	0.0	N	0.00	1.0	N	77.9	84.2	84.2	89.3	19.542	0.00	0.00	234	10.06	264	2.4	0.51	2.7	0.000	0.269	-52.3	0	---	-52.4	-52.4	 .0636	0.005	702	1	100.0	30
07/24/20	11:30 a	78.6	78.7	77.4	100	78.6	0.0	N	0.00	1.0	N	78.6	85.8	85.8	92.0	29.862	0.00	0.00	285	12.26	304	2.9	0.62	3.1	0.000	0.283	-52.3	0	---	-52.4	-52.4	 .0972	0.000	698	1	100.0	30
07/24/20	12:00 p	78.9	79.2	78.3	100	78.9	0.0	SW	0.00	2.0	SW	78.9	86.6	86.6	93.0	29.863	0.00	0.00	294	12.64	302	3.0	0.64	3.1	0.000	0.290	-52.3	0	---	-52.4	-52.4	 .0972	0.007	699	1	100.0	30
07/24/20	12:30 p	78.6	79.3	78.4	100	78.6	0.0	SW	0.00	1.0	SW	78.6	85.8	85.8	91.1	29.693	0.00	0.00	244	10.49	272	2.4	0.51	2.7	0.000	0.283	-52.3	0	---	-52.4	-52.4	 .0967	0.000	701	1	100.0	30
07/24/20	1:00 p	79.0	79.3	78.6	100	79.0	0.0	SW	0.00	2.0	SW	79.0	86.8	86.8	92.2	29.693	0.00	0.00	248	10.67	264	2.4	0.51	2.6	0.000	0.292	-52.3	0	---	-52.4	-52.4	 .0967	0.006	701	1	100.0	30
07/24/20	1:30 p	78.7	79.6	78.6	100	78.7	1.0	SE	0.50	6.0	S	78.7	86.1	86.1	89.3	29.693	0.00	0.00	159	6.84	237	1.5	0.32	2.3	0.000	0.285	-52.3	0	---	-52.4	-52.4	 .0967	0.000	702	1	100.0	30
07/24/20	2:00 p	78.6	79.2	78.5	100	78.6	1.0	SSE	0.50	6.0	SSW	78.6	85.8	85.8	89.9	29.693	0.01	0.00	187	8.04	244	1.7	0.36	2.2	0.000	0.283	-52.3	0	---	-52.4	-52.4	 .0967	0.004	699	1	100.0	30
07/24/20	2:30 p	78.7	78.9	78.5	100	78.7	1.0	SE	0.50	5.0	SW	78.7	86.1	86.1	89.2	29.693	0.00	0.00	140	6.02	160	1.2	0.26	1.4	0.000	0.285	-52.3	0	---	-52.4	-52.4	 .0967	0.000	699	1	100.0	30
07/24/20	3:00 p	78.6	78.9	78.4	100	78.6	1.0	S	0.50	6.0	SW	78.6	85.8	85.8	88.9	29.693	0.00	0.00	126	5.42	174	1.0	0.21	1.4	0.000	0.283	-52.3	0	---	-52.4	-52.4	 .0967	0.003	703	1	100.0	30
07/24/20	3:30 p	78.9	79.0	78.2	100	78.9	0.0	SW	0.00	3.0	SW	78.9	86.6	86.6	91.0	29.693	0.00	0.00	152	6.54	171	1.0	0.21	1.2	0.000	0.290	-52.3	0	---	-52.4	-52.4	 .0967	0.000	700	1	100.0	30
07/24/20	4:00 p	78.3	79.2	78.2	100	78.3	0.0	SW	0.00	3.0	SW	78.3	85.1	85.1	87.2	29.693	0.00	0.00	72	3.10	121	0.2	0.04	0.7	0.000	0.277	-52.3	0	---	-52.4	-52.4	 .0967	0.003	697	1	100.0	30
07/24/20	4:30 p	77.7	78.4	77.5	100	77.7	1.0	SSE	0.50	4.0	S	77.7	83.7	83.7	84.2	29.693	0.01	0.00	28	1.20	33	0.0	0.00	0.0	0.000	0.265	-52.3	0	---	-52.4	-52.4	 .0967	0.000	701	1	100.0	30
07/24/20	5:00 p	77.6	77.8	77.4	100	77.6	0.0	SSE	0.00	2.0	SSE	77.6	83.5	83.5	83.9	29.693	0.01	0.00	21	0.90	26	0.0	0.00	0.0	0.000	0.262	-52.3	0	---	-52.4	-52.4	 .0967	0.001	702	1	100.0	30
07/24/20	5:30 p	77.5	77.8	77.4	100	77.5	0.0	---	0.00	0.0	---	77.5	83.3	83.3	82.5	29.693	0.00	0.00	11	0.47	18	0.0	0.00	0.0	0.000	0.260	-52.3	0	---	-52.4	-52.4	 .0967	0.000	702	1	100.0	30
07/24/20	6:00 p	77.4	77.5	77.3	100	77.4	0.0	---	0.00	0.0	---	77.4	83.1	83.1	82.1	29.693	0.00	0.00	0	0.00	0	0.0	0.00	0.0	0.000	0.258	-52.3	0	---	-52.4	-52.4	 .0967	0.000	702	1	100.0	30
07/24/20	6:30 p	77.2	77.4	77.2	100	77.2	0.0	SSE	0.00	1.0	SSE	77.2	82.6	82.6	81.6	29.693	0.01	0.00	0	0.00	0	0.0	0.00	0.0	0.000	0.254	-52.3	0	---	-52.4	-52.4	 .0967	0.000	698	1	100.0	30
07/24/20	7:00 p	76.9	77.3	76.9	100	76.9	0.0	---	0.00	0.0	---	76.9	82.0	82.0	80.9	29.693	0.00	0.00	0	0.00	0	0.0	0.00	0.0	0.000	0.248	-52.3	0	---	-52.4	-52.4	 .0967	0.000	702	1	100.0	30
07/24/20	7:30 p	76.7	76.9	76.6	100	76.7	0.0	---	0.00	0.0	---	76.7	81.6	81.6	80.5	29.693	0.00	0.00	0	0.00	0	0.0	0.00	0.0	0.000	0.244	-52.3	0	---	-52.4	-52.4	 .0967	0.000	700	1	100.0	30
07/24/20	8:00 p	76.8	76.9	76.7	100	76.8	0.0	SSE	0.00	1.0	SSE	76.8	81.8	81.8	80.7	29.693	0.00	0.00	0	0.00	0	0.0	0.00	0.0	0.000	0.246	-52.3	0	---	-52.4	-52.4	 .0967	0.000	701	1	100.0	30
07/24/20	8:30 p	76.8	76.9	76.6	100	76.8	0.0	SSE	0.00	1.0	SSE	76.8	81.8	81.8	80.7	29.693	0.00	0.00	0	0.00	0	0.0	0.00	0.0	0.000	0.246	-52.3	0	---	-52.4	-52.4	 .0967	0.000	701	1	100.0	30
07/24/20	9:00 p	76.6	76.8	76.6	100	76.6	0.0	SSE	0.00	1.0	SSE	76.6	81.4	81.4	80.3	29.693	0.01	0.00	0	0.00	0	0.0	0.00	0.0	0.000	0.242	-52.3	0	---	-52.4	-52.4	 .0967	0.000	700	1	100.0	30
07/24/20	9:30 p	76.6	76.7	76.5	100	76.6	0.0	---	0.00	0.0	---	76.6	81.4	81.4	80.3	29.693	0.00	0.00	0	0.00	0	0.0	0.00	0.0	0.000	0.242	-52.3	0	---	-52.4	-52.4	 .0967	0.000	702	1	100.0	30
07/24/20	10:00 p	76.7	76.7	76.5	100	76.7	0.0	---	0.00	0.0	---	76.7	81.6	81.6	80.5	29.693	0.00	0.00	0	0.00	0	0.0	0.00	0.0	0.000	0.244	-52.3	0	---	-52.4	-52.4	 .0967	0.000	701	1	100.0	30
07/24/20	10:30 p	76.7	76.7	76.6	100	76.7	0.0	SSE	0.00	4.0	NE	76.7	81.6	81.6	80.5	29.693	0.00	0.00	0	0.00	0	0.0	0.00	0.0	0.000	0.244	-52.3	0	---	-52.4	-52.4	 .0967	0.000	701	1	100.0	30
07/24/20	11:00 p	76.4	76.8	76.4	100	76.4	0.0	NE	0.00	3.0	NE	76.4	81.1	81.1	80.0	29.693	0.03	0.16	0	0.00	0	0.0	0.00	0.0	0.000	0.238	-52.3	0	---	-52.4	-52.4	 .0967	0.000	702	1	100.0	30
07/24/20	11:30 p	76.4	76.5	76.4	100	76.4	0.0	NE	0.00	2.0	NE	76.4	81.1	81.1	80.0	29.693	0.02	0.16	0	0.00	0	0.0	0.00	0.0	0.000	0.238	-52.3	0	---	-52.4	-52.4	 .0967	0.000	700	1	100.0	30
07/25/20	12:00 a	76.4	76.6	76.4	100	76.4	0.0	NE	0.00	1.0	NE	76.4	81.1	81.1	80.0	29.693	0.00	0.00	0	0.00	0	0.0	0.00	0.0	0.000	0.238	-52.3	0	---	-52.4	-52.4	 .0967	0.000	701	1	100.0	30
07/25/20	12:30 a	76.5	76.5	76.3	100	76.5	0.0	NE	0.00	2.0	NE	76.5	81.3	81.3	80.2	29.693	0.05	0.35	0	0.00	0	0.0	0.00	0.0	0.000	0.240	-52.3	0	---	-52.4	-52.4	 .0967	0.000	697	1	100.0	30
07/25/20	1:00 a	76.3	76.5	76.2	100	76.3	0.0	NE	0.00	2.0	NE	76.3	80.9	80.9	79.8	29.806	0.03	0.19	0	0.00	0	0.0	0.00	0.0	0.000	0.235	-52.3	0	---	-52.4	-52.4	 .0970	0.000	701	1	100.0	30
07/25/20	1:30 a	76.5	76.5	76.3	100	76.5	0.0	NE	0.00	2.0	NE	76.5	81.3	81.3	80.2	29.806	0.00	0.00	0	0.00	0	0.0	0.00	0.0	0.000	0.240	-52.3	0	---	-52.4	-52.4	 .0970	0.000	699	1	100.0	30
07/25/20	2:00 a	76.5	76.6	76.3	100	76.5	0.0	NE	0.00	1.0	NE	76.5	81.3	81.3	80.2	29.693	0.01	0.00	0	0.00	0	0.0	0.00	0.0	0.000	0.240	-52.3	0	---	-52.4	-52.4	 .0967	0.000	700	1	100.0	30
07/25/20	2:30 a	76.5	76.6	76.4	100	76.5	0.0	NE	0.00	2.0	NE	76.5	81.3	81.3	80.2	29.693	0.00	0.00	0	0.00	0	0.0	0.00	0.0	0.000	0.240	-52.3	0	---	-52.4	-52.4	 .0967	0.000	698	1	100.0	30
07/25/20	3:00 a	76.5	76.6	76.2	100	76.5	1.0	SSW	0.50	3.0	NE	76.5	81.3	81.3	80.2	29.693	0.00	0.00	0	0.00	0	0.0	0.00	0.0	0.000	0.240	-52.3	0	---	-52.4	-52.4	 .0967	0.000	702	1	100.0	30
07/25/20	3:30 a	76.4	76.5	76.3	100	76.4	0.0	N	0.00	1.0	N	76.4	81.1	81.1	80.0	29.693	0.00	0.00	0	0.00	0	0.0	0.00	0.0	0.000	0.238	-52.3	0	---	-52.4	-52.4	 .0967	0.000	702	1	100.0	30
07/25/20	4:00 a	76.3	76.5	76.2	100	76.3	0.0	NW	0.00	2.0	N	76.3	80.9	80.9	79.8	29.693	0.00	0.00	0	0.00	0	0.0	0.00	0.0	0.000	0.235	-52.3	0	---	-52.4	-52.4	 .0967	0.000	703	1	100.0	30
07/25/20	4:30 a	76.3	76.4	76.2	100	76.3	0.0	NW	0.00	7.0	E	76.3	80.9	80.9	79.8	19.504	0.00	0.00	0	0.00	0	0.0	0.00	0.0	0.000	0.235	-51.2	0	---	-51.3	-51.3	 .0633	0.000	702	1	100.0	30
07/25/20	5:00 a	75.0	76.3	74.9	100	75.0	1.0	NE	0.50	8.0	E	75.0	78.8	78.8	77.7	19.504	0.03	0.11	0	0.00	0	0.0	0.00	0.0	0.000	0.208	-52.3	0	---	-52.4	-52.4	 .0635	0.000	699	1	100.0	30
07/25/20	5:30 a	74.5	75.1	74.4	100	74.5	0.0	ESE	0.00	2.0	ESE	74.5	78.2	78.2	77.0	29.840	0.11	0.67	0	0.00	0	0.0	0.00	0.0	0.000	0.198	-52.3	0	---	-52.4	-52.4	 .0972	0.000	697	1	100.0	30
07/25/20	6:00 a	74.5	74.6	74.3	100	74.5	0.0	ESE	0.00	1.0	ESE	74.5	78.2	78.2	77.0	29.852	0.04	0.11	0	0.00	0	0.0	0.00	0.0	0.000	0.198	-52.3	0	---	-52.4	-52.4	 .0972	0.000	702	1	100.0	30
07/25/20	6:30 a	74.5	74.6	74.4	100	74.5	0.0	ESE	0.00	1.0	ESE	74.5	78.2	78.2	77.4	29.858	0.06	0.17	2	0.09	7	0.0	0.00	0.0	0.000	0.198	-51.1	0	---	-51.2	-51.2	 .0969	0.000	702	1	100.0	30
07/25/20	7:00 a	74.8	74.9	74.5	100	74.8	0.0	ESE	0.00	1.0	ESE	74.8	78.6	78.6	78.4	19.390	0.05	0.13	18	0.77	33	0.0	0.00	0.0	0.000	0.204	-52.3	0	---	-52.4	-52.4	 .0631	0.000	702	1	100.0	30
07/25/20	7:30 a	75.2	75.2	74.8	100	75.2	0.0	---	0.00	0.0	---	75.2	79.1	79.1	80.1	19.390	0.02	0.08	53	2.28	65	0.0	0.00	0.0	0.000	0.212	-52.3	0	---	-52.4	-52.4	 .0631	0.000	700	1	100.0	30
07/25/20	8:00 a	74.8	75.5	74.8	100	74.8	0.0	ESE	0.00	1.0	ESE	74.8	78.6	78.6	79.7	19.390	0.00	0.00	65	2.80	69	0.0	0.00	0.0	0.000	0.204	-52.3	0	---	-52.4	-52.4	 .0631	0.001	701	1	100.0	30
07/25/20	8:30 a	75.0	75.0	74.4	100	75.0	0.0	ESE	0.00	3.0	ESE	75.0	78.8	78.8	79.6	29.844	0.01	0.00	58	2.49	62	0.0	0.00	0.5	0.000	0.208	-52.3	0	---	-52.4	-52.4	 .0972	0.000	698	1	100.0	30
07/25/20	9:00 a	75.4	75.4	74.9	100	75.4	0.0	---	0.00	0.0	---	75.4	79.4	79.4	80.5	19.390	0.02	0.04	74	3.18	86	0.6	0.13	0.7	0.000	0.217	-52.3	0	---	-52.4	-52.4	 .0631	0.002	701	1	100.0	30
07/25/20	9:30 a	75.4	75.5	75.0	100	75.4	0.0	ESE	0.00	1.0	ESE	75.4	79.4	79.4	80.7	19.390	0.01	0.04	86	3.70	88	0.7	0.15	0.8	0.000	0.217	-52.3	0	---	-52.4	-52.4	 .0631	0.000	701	1	100.0	30
07/25/20	10:00 a	76.1	76.1	75.4	100	76.1	0.0	ESE	0.00	1.0	ESE	76.1	80.5	80.5	82.2	19.390	0.00	0.00	101	4.34	116	0.9	0.19	1.1	0.000	0.231	-52.3	0	---	-52.4	-52.4	 .0631	0.002	702	1	100.0	30
07/25/20	10:30 a	76.3	76.5	76.0	100	76.3	0.0	---	0.00	0.0	---	76.3	80.9	80.9	83.1	19.390	0.01	0.00	124	5.33	141	1.2	0.26	1.4	0.000	0.235	-52.3	0	---	-52.4	-52.4	 .0631	0.000	702	1	100.0	30
07/25/20	11:00 a	76.8	77.0	76.2	100	76.8	0.0	ESE	0.00	1.0	ESE	76.8	81.8	81.8	84.8	29.882	0.00	0.00	157	6.75	169	1.6	0.34	1.8	0.000	0.246	-52.3	0	---	-52.4	-52.4	 .0973	0.003	699	1	100.0	30
07/25/20	11:30 a	77.2	77.8	76.8	100	77.2	0.0	ESE	0.00	1.0	ESE	77.2	82.6	82.6	86.6	29.882	0.01	0.00	193	8.30	209	2.0	0.43	2.2	0.000	0.254	-52.3	0	---	-52.4	-52.4	 .0973	0.000	702	1	100.0	30
07/25/20	12:00 p	78.2	78.2	76.8	100	78.2	0.0	ESE	0.00	1.0	ESE	78.2	84.9	84.9	89.5	29.882	0.00	0.00	216	9.29	227	2.2	0.47	2.3	0.000	0.275	-52.3	0	---	-52.4	-52.4	 .0973	0.005	702	1	100.0	30
07/25/20	12:30 p	77.3	78.3	77.1	100	77.3	0.0	ESE	0.00	1.0	ESE	77.3	82.9	82.9	88.6	29.994	0.01	0.00	266	11.44	306	2.7	0.58	3.1	0.000	0.256	-52.3	0	---	-52.4	-52.4	 .0977	0.000	701	1	100.0	30
07/25/20	1:00 p	77.8	78.3	77.1	100	77.8	0.0	ESE	0.00	1.0	ESE	77.8	84.0	84.0	90.9	29.848	0.00	0.00	322	13.85	330	3.1	0.66	3.2	0.000	0.267	-52.3	0	---	-52.4	-52.4	 .0972	0.007	701	1	100.0	30
07/25/20	1:30 p	78.3	79.0	77.8	100	78.3	0.0	ESE	0.00	1.0	ESE	78.3	85.1	85.1	91.0	29.848	0.00	0.00	270	11.61	304	2.5	0.54	2.9	0.000	0.277	-52.3	0	---	-52.4	-52.4	 .0972	0.000	702	1	100.0	30
07/25/20	2:00 p	78.4	78.8	77.9	100	78.4	0.0	ESE	0.00	1.0	ESE	78.4	85.4	85.4	89.9	29.848	0.00	0.00	204	8.77	239	1.8	0.39	2.2	0.000	0.279	-52.3	0	---	-52.4	-52.4	 .0972	0.006	702	1	100.0	30
07/25/20	2:30 p	78.2	78.6	77.9	100	78.2	0.0	ESE	0.00	2.0	ESE	78.2	84.9	84.9	90.3	29.848	0.00	0.00	224	9.63	251	1.9	0.41	2.0	0.000	0.275	-52.3	0	---	-52.4	-52.4	 .0972	0.000	699	1	100.0	30
07/25/20	3:00 p	78.5	78.9	78.0	100	78.5	0.0	ESE	0.00	2.0	ESE	78.5	85.6	85.6	93.7	29.816	0.01	0.00	315	13.55	397	2.1	0.45	2.2	0.000	0.281	-52.3	0	---	-52.4	-52.4	 .0971	0.007	701	1	100.0	30
07/25/20	3:30 p	78.4	80.1	78.3	100	78.4	0.0	ESE	0.00	1.0	ESE	78.4	85.4	85.4	93.4	29.816	0.00	0.00	277	11.91	360	1.6	0.34	2.0	0.000	0.279	-52.3	0	---	-52.4	-52.4	 .0971	0.000	701	1	100.0	30
07/25/20	4:00 p	78.7	79.3	78.4	100	78.7	0.0	ENE	0.00	1.0	ENE	78.7	86.1	86.1	91.8	29.816	0.00	0.00	171	7.35	220	0.9	0.19	1.2	0.000	0.285	-52.3	0	---	-52.4	-52.4	 .0971	0.005	703	1	100.0	30
07/25/20	4:30 p	78.4	78.6	78.3	100	78.4	0.0	ENE	0.00	1.0	ENE	78.4	85.4	85.4	88.8	29.816	0.00	0.00	94	4.04	127	0.2	0.04	0.6	0.000	0.279	-52.3	0	---	-52.4	-52.4	 .0971	0.000	700	1	100.0	30
07/25/20	5:00 p	78.3	78.5	78.1	100	78.3	0.0	ENE	0.00	1.0	ENE	78.3	85.1	85.1	87.3	29.816	0.00	0.00	58	2.49	63	0.0	0.00	0.0	0.000	0.277	-52.3	0	---	-52.4	-52.4	 .0971	0.002	700	1	100.0	30
07/25/20	5:30 p	77.5	78.3	77.4	100	77.5	0.0	ENE	0.00	1.0	ENE	77.5	83.3	83.3	82.9	29.816	0.00	0.00	32	1.38	51	0.0	0.00	0.0	0.000	0.260	-52.3	0	---	-52.4	-52.4	 .0971	0.000	702	1	100.0	30
07/25/20	6:00 p	77.1	77.4	77.1	100	77.1	0.0	ENE	0.00	1.0	ENE	77.1	82.4	82.4	81.3	29.816	0.00	0.00	5	0.22	16	0.0	0.00	0.0	0.000	0.252	-52.3	0	---	-52.4	-52.4	 .0971	0.000	700	1	100.0	30
07/25/20	6:30 p	76.4	77.2	76.4	100	76.4	0.0	---	0.00	0.0	---	76.4	81.1	81.1	79.9	29.816	0.00	0.00	0	0.00	0	0.0	0.00	0.0	0.000	0.238	-52.3	0	---	-52.4	-52.4	 .0971	0.000	702	1	100.0	30
07/25/20	7:00 p	75.9	76.4	75.8	100	75.9	0.0	---	0.00	0.0	---	75.9	80.2	80.2	78.9	29.816	0.00	0.00	0	0.00	0	0.0	0.00	0.0	0.000	0.227	-52.3	0	---	-52.4	-52.4	 .0971	0.000	699	1	100.0	30
07/25/20	7:30 p	75.6	76.0	75.6	100	75.6	0.0	---	0.00	0.0	---	75.6	79.7	79.7	78.4	29.816	0.00	0.00	0	0.00	0	0.0	0.00	0.0	0.000	0.221	-52.3	0	---	-52.4	-52.4	 .0971	0.000	700	1	100.0	30
07/25/20	8:00 p	75.5	75.7	75.4	100	75.5	0.0	---	0.00	0.0	---	75.5	79.6	79.6	78.3	29.816	0.00	0.00	0	0.00	0	0.0	0.00	0.0	0.000	0.219	-52.3	0	---	-52.4	-52.4	 .0971	0.000	702	1	100.0	30
07/25/20	8:30 p	75.5	75.7	75.5	100	75.5	0.0	---	0.00	0.0	---	75.5	79.6	79.6	78.3	29.816	0.00	0.00	0	0.00	0	0.0	0.00	0.0	0.000	0.219	-52.3	0	---	-52.4	-52.4	 .0971	0.000	701	1	100.0	30
07/25/20	9:00 p	75.6	75.7	75.5	100	75.6	0.0	---	0.00	0.0	---	75.6	79.7	79.7	78.4	29.816	0.00	0.00	0	0.00	0	0.0	0.00	0.0	0.000	0.221	-52.3	0	---	-52.4	-52.4	 .0971	0.000	702	1	100.0	30
07/25/20	9:30 p	75.8	75.8	75.5	100	75.8	0.0	---	0.00	0.0	---	75.8	80.0	80.0	78.7	29.816	0.00	0.00	0	0.00	0	0.0	0.00	0.0	0.000	0.225	-52.3	0	---	-52.4	-52.4	 .0971	0.000	700	1	100.0	30
07/25/20	10:00 p	75.7	76.0	75.7	100	75.7	0.0	ENE	0.00	1.0	ENE	75.7	79.8	79.8	78.5	29.816	0.00	0.00	0	0.00	0	0.0	0.00	0.0	0.000	0.223	-52.3	0	---	-52.4	-52.4	 .0971	0.000	700	1	100.0	30
07/25/20	10:30 p	75.9	75.9	75.7	100	75.9	0.0	ENE	0.00	1.0	ENE	75.9	80.2	80.2	78.9	29.816	0.00	0.00	0	0.00	0	0.0	0.00	0.0	0.000	0.227	-52.3	0	---	-52.4	-52.4	 .0971	0.000	701	1	100.0	30
07/25/20	11:00 p	75.7	76.0	75.7	100	75.7	0.0	ENE	0.00	1.0	ENE	75.7	79.8	79.8	78.5	29.816	0.00	0.00	0	0.00	0	0.0	0.00	0.0	0.000	0.223	-52.3	0	---	-52.4	-52.4	 .0971	0.000	701	1	100.0	30
07/25/20	11:30 p	75.5	75.8	75.5	100	75.5	0.0	---	0.00	0.0	---	75.5	79.6	79.6	78.3	29.087	0.00	0.00	0	0.00	0	0.0	0.00	0.0	0.000	0.219	-52.3	0	---	-52.4	-52.4	 .0947	0.000	700	1	100.0	30
07/26/20	12:00 a	75.3	75.6	75.3	100	75.3	0.0	ENE	0.00	1.0	ENE	75.3	79.3	79.3	78.0	29.087	0.00	0.00	0	0.00	0	0.0	0.00	0.0	0.000	0.215	-52.3	0	---	-52.4	-52.4	 .0947	0.000	702	1	100.0	30
07/26/20	12:30 a	75.3	75.4	75.2	100	75.3	0.0	---	0.00	0.0	---	75.3	79.3	79.3	78.0	29.087	0.00	0.00	0	0.00	0	0.0	0.00	0.0	0.000	0.215	-52.3	0	---	-52.4	-52.4	 .0947	0.000	700	1	100.0	30
07/26/20	1:00 a	75.5	75.5	75.3	100	75.5	0.0	ENE	0.00	1.0	ENE	75.5	79.6	79.6	78.3	29.087	0.00	0.00	0	0.00	0	0.0	0.00	0.0	0.000	0.219	-52.3	0	---	-52.4	-52.4	 .0947	0.000	701	1	100.0	30
07/26/20	1:30 a	75.3	75.6	75.2	100	75.3	0.0	---	0.00	0.0	---	75.3	79.3	79.3	78.0	29.087	0.00	0.00	0	0.00	0	0.0	0.00	0.0	0.000	0.215	-52.3	0	---	-52.4	-52.4	 .0947	0.000	702	1	100.0	30
07/26/20	2:00 a	75.5	75.5	75.1	100	75.5	0.0	---	0.00	0.0	---	75.5	79.6	79.6	78.3	29.087	0.00	0.00	0	0.00	0	0.0	0.00	0.0	0.000	0.219	-52.3	0	---	-52.4	-52.4	 .0947	0.000	700	1	100.0	30
07/26/20	2:30 a	75.5	75.6	75.3	100	75.5	0.0	---	0.00	0.0	---	75.5	79.6	79.6	78.3	29.693	0.00	0.00	0	0.00	0	0.0	0.00	0.0	0.000	0.219	-52.3	0	---	-52.4	-52.4	 .0967	0.000	700	1	100.0	30
07/26/20	3:00 a	75.6	75.7	75.4	100	75.6	0.0	---	0.00	0.0	---	75.6	79.7	79.7	78.4	29.693	0.00	0.00	0	0.00	0	0.0	0.00	0.0	0.000	0.221	-52.3	0	---	-52.4	-52.4	 .0967	0.000	701	1	100.0	30
07/26/20	3:30 a	75.3	75.6	75.3	100	75.3	0.0	---	0.00	0.0	---	75.3	79.3	79.3	78.0	29.693	0.00	0.00	0	0.00	0	0.0	0.00	0.0	0.000	0.215	-51.1	0	---	-51.2	-51.2	 .0964	0.000	701	1	100.0	30
07/26/20	4:00 a	75.0	75.3	74.9	100	75.0	0.0	ENE	0.00	1.0	ENE	75.0	78.8	78.8	77.5	19.390	0.00	0.00	0	0.00	0	0.0	0.00	0.0	0.000	0.208	-52.3	0	---	-52.4	-52.4	 .0631	0.000	701	1	100.0	30
07/26/20	4:30 a	74.9	75.1	74.9	100	74.9	0.0	---	0.00	0.0	---	74.9	78.7	78.7	77.4	19.390	0.00	0.00	0	0.00	0	0.0	0.00	0.0	0.000	0.206	-52.3	0	---	-52.4	-52.4	 .0631	0.000	702	1	100.0	30
07/26/20	5:00 a	75.1	75.2	74.9	100	75.1	0.0	ENE	0.00	1.0	ENE	75.1	78.9	78.9	77.6	19.390	0.00	0.00	0	0.00	0	0.0	0.00	0.0	0.000	0.210	-52.3	0	---	-52.4	-52.4	 .0631	0.000	701	1	100.0	30
07/26/20	5:30 a	75.3	75.3	75.1	100	75.3	0.0	ENE	0.00	1.0	ENE	75.3	79.3	79.3	78.0	19.390	0.00	0.00	0	0.00	0	0.0	0.00	0.0	0.000	0.215	-52.3	0	---	-52.4	-52.4	 .0631	0.000	701	1	100.0	30
07/26/20	6:00 a	75.5	75.5	75.3	100	75.5	0.0	ENE	0.00	1.0	ENE	75.5	79.6	79.6	78.6	19.390	0.01	0.00	11	0.47	19	0.0	0.00	0.0	0.000	0.219	-52.3	0	---	-52.4	-52.4	 .0631	0.000	701	1	100.0	30
07/26/20	6:30 a	75.8	75.8	75.5	100	75.8	0.0	ENE	0.00	1.0	ENE	75.8	80.0	80.0	81.0	19.390	0.00	0.00	40	1.72	62	0.0	0.00	0.0	0.000	0.225	-52.3	0	---	-52.4	-52.4	 .0631	0.000	701	1	100.0	30
07/26/20	7:00 a	76.2	76.3	75.7	100	76.2	0.0	ESE	0.00	1.0	ESE	76.2	80.7	80.7	82.7	19.390	0.00	0.00	70	3.01	77	0.2	0.04	0.6	0.000	0.233	-52.3	0	---	-52.4	-52.4	 .0631	0.001	700	1	100.0	30
07/26/20	7:30 a	76.9	76.9	76.2	100	76.9	0.0	ESE	0.00	1.0	ESE	76.9	82.0	82.0	84.4	19.390	0.00	0.00	92	3.96	135	0.8	0.17	1.0	0.000	0.248	-52.3	0	---	-52.4	-52.4	 .0631	0.000	700	1	100.0	30
07/26/20	8:00 a	78.5	78.5	76.9	100	78.5	0.0	ESE	0.00	1.0	ESE	78.5	85.6	85.6	92.5	29.087	0.00	0.00	260	11.18	547	1.5	0.32	2.4	0.000	0.281	-52.3	0	---	-52.4	-52.4	 .0947	0.004	701	1	100.0	30
07/26/20	8:30 a	78.6	78.9	77.5	100	78.6	0.0	ESE	0.00	2.0	ESE	78.6	85.8	85.8	91.3	29.087	0.00	0.00	226	9.72	443	1.9	0.41	2.4	0.000	0.283	-52.3	0	---	-52.4	-52.4	 .0947	0.000	703	1	100.0	30
07/26/20	9:00 a	77.7	78.9	77.6	100	77.7	0.0	---	0.00	0.0	---	77.7	83.7	83.7	87.3	29.087	0.07	1.04	168	7.22	204	1.5	0.32	1.6	0.000	0.265	-52.3	0	---	-52.4	-52.4	 .0947	0.005	701	1	100.0	30
07/26/20	9:30 a	76.8	78.1	76.6	100	76.8	0.0	---	0.00	0.0	---	76.8	81.8	81.8	85.0	29.087	0.14	0.76	161	6.92	206	1.4	0.30	1.8	0.000	0.246	-52.3	0	---	-52.4	-52.4	 .0947	0.000	702	1	100.0	30
07/26/20	10:00 a	78.0	78.1	76.8	100	78.0	0.0	---	0.00	0.0	---	78.0	84.4	84.4	88.9	29.087	0.04	0.22	213	9.16	301	2.0	0.43	2.6	0.000	0.271	-52.3	0	---	-52.4	-52.4	 .0947	0.005	699	1	100.0	30
07/26/20	10:30 a	77.3	78.4	77.2	100	77.3	1.0	NNW	0.50	4.0	NE	77.3	82.9	82.9	89.4	29.087	0.15	2.42	306	13.16	436	2.9	0.62	3.9	0.000	0.256	-52.3	0	---	-52.4	-52.4	 .0947	0.000	702	1	100.0	30
07/26/20	11:00 a	79.0	79.0	77.3	100	79.0	1.0	SE	0.50	6.0	S	79.0	86.8	86.8	94.1	29.693	0.00	0.00	340	14.62	570	3.4	0.73	5.5	0.000	0.292	-52.3	0	---	-52.4	-52.4	 .0967	0.008	698	1	100.0	30
07/26/20	11:30 a	81.3	81.8	78.9	100	81.3	1.0	N	0.50	4.0	SE	81.3	93.5	93.5	106.6	29.693	0.00	0.00	780	33.54	1345	7.5	1.61	11.2	0.000	0.340	-52.3	0	---	-52.4	-52.4	 .0967	0.000	700	1	100.0	30
07/26/20	12:00 p	81.5	82.0	80.7	100	81.5	2.0	SE	1.00	8.0	ESE	81.5	94.1	94.1	107.1	29.693	0.00	0.00	887	38.15	1412	8.4	1.80	11.5	0.000	0.344	-52.3	0	---	-52.4	-52.4	 .0967	0.022	700	1	100.0	30
07/26/20	12:30 p	80.3	82.0	80.3	100	80.3	2.0	SE	1.00	8.0	ESE	80.3	90.5	90.5	102.0	29.693	0.00	0.00	597	25.67	1141	7.7	1.65	10.9	0.000	0.319	-52.3	0	---	-52.4	-52.4	 .0967	0.000	700	1	100.0	30
07/26/20	1:00 p	79.4	80.6	79.3	100	79.4	2.0	SSE	1.00	6.0	S	79.4	87.9	87.9	96.0	29.693	0.00	0.00	381	16.39	455	4.3	0.92	5.0	0.000	0.300	-52.3	0	---	-52.4	-52.4	 .0967	0.014	698	1	100.0	30
07/26/20	1:30 p	80.9	81.2	79.4	100	80.9	1.0	SE	0.50	9.0	ESE	80.9	92.2	92.2	102.5	29.693	0.00	0.00	508	21.85	645	5.2	1.11	8.4	0.000	0.331	-52.3	0	---	-52.4	-52.4	 .0967	0.000	699	1	100.0	30
07/26/20	2:00 p	80.5	81.5	80.5	100	80.5	2.0	SE	1.00	8.0	ESE	80.5	91.1	91.1	102.5	29.834	0.00	0.00	562	24.17	879	5.5	1.18	8.0	0.000	0.323	-52.3	0	---	-52.4	-52.4	 .0971	0.015	701	1	100.0	30
07/26/20	2:30 p	81.6	81.9	80.3	100	81.6	1.0	SSE	0.50	6.0	ESE	81.6	94.4	94.4	105.3	29.834	0.00	0.00	487	20.94	765	4.1	0.88	5.7	0.000	0.346	-52.3	0	---	-52.4	-52.4	 .0971	0.000	698	1	100.0	30
07/26/20	3:00 p	81.7	81.9	81.2	100	81.7	1.0	S	0.50	7.0	SSE	81.7	94.7	94.7	107.4	29.834	0.00	0.00	627	26.96	707	3.6	0.77	4.1	0.000	0.348	-52.3	0	---	-52.4	-52.4	 .0971	0.014	703	1	100.0	30
07/26/20	3:30 p	80.3	81.6	80.2	100	80.3	2.0	SE	1.00	6.0	ESE	80.3	90.5	90.5	100.1	29.806	0.00	0.00	338	14.54	710	2.0	0.43	3.1	0.000	0.319	-52.3	0	---	-52.4	-52.4	 .0970	0.000	701	1	100.0	30
07/26/20	4:00 p	80.1	80.5	79.9	100	80.1	2.0	SSE	1.00	7.0	SSE	80.1	89.9	89.9	98.9	19.389	0.00	0.00	277	11.91	417	1.2	0.26	1.5	0.000	0.315	-52.3	0	---	-52.4	-52.4	 .0631	0.008	702	1	100.0	30
07/26/20	4:30 p	79.2	80.4	79.1	100	79.2	0.0	ENE	0.00	3.0	SSW	79.2	87.4	87.4	91.2	19.389	0.00	0.00	102	4.39	193	0.6	0.13	0.8	0.000	0.296	-52.3	0	---	-52.4	-52.4	 .0631	0.000	700	1	100.0	30
07/26/20	5:00 p	79.4	79.4	78.8	100	79.4	1.0	SE	0.50	4.0	SSE	79.4	87.9	87.9	91.7	29.825	0.00	0.00	105	4.52	134	0.1	0.02	0.5	0.000	0.300	-52.3	0	---	-52.4	-52.4	 .0971	0.003	699	1	100.0	30
07/26/20	5:30 p	79.1	79.5	78.8	100	79.1	1.0	E	0.50	6.0	E	79.1	87.1	87.1	87.5	29.825	0.00	0.00	77	3.31	104	0.0	0.00	0.0	0.000	0.294	-52.3	0	---	-52.4	-52.4	 .0971	0.000	701	1	100.0	30
07/26/20	6:00 p	77.9	79.1	77.9	100	77.9	0.0	ENE	0.00	6.0	E	77.9	84.2	84.2	83.1	29.086	0.00	0.00	13	0.56	33	0.0	0.00	0.0	0.000	0.269	-52.3	0	---	-52.4	-52.4	 .0947	0.001	700	1	100.0	30
07/26/20	6:30 p	77.1	77.9	77.0	100	77.1	0.0	---	0.00	0.0	---	77.1	82.4	82.4	81.0	29.086	0.00	0.00	0	0.00	0	0.0	0.00	0.0	0.000	0.252	-52.3	0	---	-52.4	-52.4	 .0947	0.000	698	1	100.0	30
07/26/20	7:00 p	76.6	77.1	76.6	100	76.6	0.0	---	0.00	0.0	---	76.6	81.4	81.4	79.9	29.086	0.00	0.00	0	0.00	0	0.0	0.00	0.0	0.000	0.242	-52.3	0	---	-52.4	-52.4	 .0947	0.000	699	1	100.0	30
07/26/20	7:30 p	76.5	76.7	76.3	100	76.5	0.0	---	0.00	0.0	---	76.5	81.3	81.3	79.8	29.086	0.00	0.00	0	0.00	0	0.0	0.00	0.0	0.000	0.240	-52.3	0	---	-52.4	-52.4	 .0947	0.000	700	1	100.0	30
07/26/20	8:00 p	76.0	76.5	75.9	100	76.0	0.0	---	0.00	0.0	---	76.0	80.3	80.3	78.8	29.086	0.00	0.00	0	0.00	0	0.0	0.00	0.0	0.000	0.229	-52.3	0	---	-52.4	-52.4	 .0947	0.000	699	1	100.0	30
07/26/20	8:30 p	75.5	76.0	75.5	100	75.5	0.0	---	0.00	0.0	---	75.5	79.6	79.6	78.1	29.086	0.00	0.00	0	0.00	0	0.0	0.00	0.0	0.000	0.219	-52.3	0	---	-52.4	-52.4	 .0947	0.000	701	1	100.0	30
07/26/20	9:00 p	75.2	75.6	75.1	100	75.2	0.0	---	0.00	0.0	---	75.2	79.1	79.1	77.6	29.086	0.00	0.00	0	0.00	0	0.0	0.00	0.0	0.000	0.212	-52.3	0	---	-52.4	-52.4	 .0947	0.000	702	1	100.0	30
07/26/20	9:30 p	74.7	75.2	74.7	100	74.7	0.0	---	0.00	0.0	---	74.7	78.4	78.4	76.8	29.086	0.00	0.00	0	0.00	0	0.0	0.00	0.0	0.000	0.202	-52.3	0	---	-52.4	-52.4	 .0947	0.000	701	1	100.0	30
07/26/20	10:00 p	74.5	74.8	74.5	100	74.5	0.0	---	0.00	0.0	---	74.5	78.2	78.2	76.6	29.088	0.00	0.00	0	0.00	0	0.0	0.00	0.0	0.000	0.198	-52.3	0	---	-52.4	-52.4	 .0947	0.000	700	1	100.0	30
07/26/20	10:30 p	74.3	74.5	74.2	100	74.3	0.0	---	0.00	0.0	---	74.3	78.0	78.0	76.4	19.390	0.00	0.00	0	0.00	0	0.0	0.00	0.0	0.000	0.194	-52.3	0	---	-52.4	-52.4	 .0631	0.000	702	1	100.0	30
07/26/20	11:00 p	74.2	74.4	74.1	100	74.2	0.0	---	0.00	0.0	---	74.2	77.8	77.8	76.2	19.390	0.00	0.00	0	0.00	0	0.0	0.00	0.0	0.000	0.192	-52.3	0	---	-52.4	-52.4	 .0631	0.000	701	1	100.0	30
07/26/20	11:30 p	74.4	74.4	74.0	100	74.4	0.0	---	0.00	0.0	---	74.4	78.1	78.1	76.5	19.390	0.00	0.00	0	0.00	0	0.0	0.00	0.0	0.000	0.196	-52.3	0	---	-52.4	-52.4	 .0631	0.000	701	1	100.0	30
07/27/20	12:00 a	74.6	74.6	74.3	100	74.6	0.0	---	0.00	0.0	---	74.6	78.3	78.3	76.7	29.881	0.00	0.00	0	0.00	0	0.0	0.00	0.0	0.000	0.200	-52.3	0	---	-52.4	-52.4	 .0973	0.000	701	1	100.0	30
07/27/20	12:30 a	74.8	74.8	74.5	100	74.8	0.0	---	0.00	0.0	---	74.8	78.6	78.6	77.0	29.881	0.00	0.00	0	0.00	0	0.0	0.00	0.0	0.000	0.204	-52.3	0	---	-52.4	-52.4	 .0973	0.000	699	1	100.0	30
07/27/20	1:00 a	74.6	74.9	74.6	100	74.6	0.0	---	0.00	0.0	---	74.6	78.3	78.3	76.7	29.881	0.00	0.00	0	0.00	0	0.0	0.00	0.0	0.000	0.200	-52.3	0	---	-52.4	-52.4	 .0973	0.000	701	1	100.0	30
07/27/20	1:30 a	74.3	74.7	74.3	100	74.3	0.0	---	0.00	0.0	---	74.3	78.0	78.0	76.4	29.881	0.00	0.00	0	0.00	0	0.0	0.00	0.0	0.000	0.194	-52.3	0	---	-52.4	-52.4	 .0973	0.000	701	1	100.0	30
07/27/20	2:00 a	74.5	74.6	74.2	100	74.5	0.0	---	0.00	0.0	---	74.5	78.2	78.2	76.6	29.881	0.00	0.00	0	0.00	0	0.0	0.00	0.0	0.000	0.198	-52.3	0	---	-52.4	-52.4	 .0973	0.000	701	1	100.0	30
07/27/20	2:30 a	74.5	74.7	74.5	100	74.5	0.0	---	0.00	0.0	---	74.5	78.2	78.2	76.6	29.881	0.00	0.00	0	0.00	0	0.0	0.00	0.0	0.000	0.198	-52.3	0	---	-52.4	-52.4	 .0973	0.000	698	1	100.0	30
07/27/20	3:00 a	74.0	74.5	73.9	100	74.0	0.0	---	0.00	0.0	---	74.0	77.6	77.6	76.0	19.390	0.00	0.00	0	0.00	0	0.0	0.00	0.0	0.000	0.188	-52.3	0	---	-52.4	-52.4	 .0631	0.000	702	1	100.0	30
07/27/20	3:30 a	73.6	74.0	73.5	100	73.6	0.0	---	0.00	0.0	---	73.6	77.2	77.2	75.5	19.390	0.00	0.00	0	0.00	0	0.0	0.00	0.0	0.000	0.179	-52.3	0	---	-52.4	-52.4	 .0631	0.000	699	1	100.0	30
07/27/20	4:00 a	73.5	73.7	73.4	100	73.5	0.0	---	0.00	0.0	---	73.5	77.1	77.1	75.4	29.087	0.00	0.00	0	0.00	0	0.0	0.00	0.0	0.000	0.177	-52.3	0	---	-52.4	-52.4	 .0947	0.000	699	1	100.0	30
07/27/20	4:30 a	73.4	73.7	73.3	100	73.4	0.0	---	0.00	0.0	---	73.4	77.0	77.0	75.3	29.200	0.00	0.00	0	0.00	0	0.0	0.00	0.0	0.000	0.175	-52.3	0	---	-52.4	-52.4	 .0951	0.000	701	1	100.0	30
07/27/20	5:00 a	73.3	73.5	73.3	100	73.3	0.0	---	0.00	0.0	---	73.3	76.9	76.9	75.2	29.200	0.00	0.00	0	0.00	0	0.0	0.00	0.0	0.000	0.173	-52.3	0	---	-52.4	-52.4	 .0951	0.000	701	1	100.0	30
07/27/20	5:30 a	73.6	73.6	73.3	100	73.6	0.0	---	0.00	0.0	---	73.6	77.2	77.2	75.5	29.200	0.00	0.00	1	0.04	7	0.0	0.00	0.0	0.000	0.179	-52.3	0	---	-52.4	-52.4	 .0951	0.000	699	1	100.0	30
07/27/20	6:00 a	74.1	74.2	73.6	100	74.1	0.0	---	0.00	0.0	---	74.1	77.7	77.7	76.6	29.200	0.00	0.00	22	0.95	33	0.0	0.00	0.0	0.000	0.190	-52.3	0	---	-52.4	-52.4	 .0951	0.000	701	1	100.0	30
07/27/20	6:30 a	75.3	75.3	74.2	100	75.3	0.0	---	0.00	0.0	---	75.3	79.3	79.3	81.1	29.200	0.00	0.00	56	2.41	81	0.0	0.00	0.0	0.000	0.215	-52.3	0	---	-52.4	-52.4	 .0951	0.000	700	1	100.0	30
07/27/20	7:00 a	75.8	75.9	75.3	100	75.8	0.0	---	0.00	0.0	---	75.8	80.0	80.0	82.3	29.200	0.00	0.00	77	3.31	83	0.0	0.00	0.0	0.000	0.225	-52.3	0	---	-52.4	-52.4	 .0951	0.002	697	1	100.0	30
07/27/20	7:30 a	76.4	76.4	75.8	100	76.4	0.0	---	0.00	0.0	---	76.4	81.1	81.1	83.3	19.390	0.00	0.00	85	3.66	91	0.1	0.02	0.5	0.000	0.238	-52.3	0	---	-52.4	-52.4	 .0631	0.000	698	1	100.0	30
07/27/20	8:00 a	78.0	78.2	76.3	100	78.0	0.0	---	0.00	0.0	---	78.0	84.4	84.4	89.2	19.390	0.00	0.00	183	7.87	260	1.0	0.21	1.5	0.000	0.271	-52.3	0	---	-52.4	-52.4	 .0631	0.003	701	1	100.0	30
07/27/20	8:30 a	78.8	78.9	77.5	100	78.8	0.0	---	0.00	0.0	---	78.8	86.3	86.3	92.2	19.390	0.00	0.00	241	10.36	294	1.8	0.39	2.2	0.000	0.288	-52.3	0	---	-52.4	-52.4	 .0631	0.000	702	1	100.0	30
07/27/20	9:00 a	79.5	79.6	78.1	100	79.5	0.0	---	0.00	0.0	---	79.5	88.2	88.2	94.3	19.390	0.00	0.00	268	11.53	323	2.3	0.49	2.9	0.000	0.302	-52.3	0	---	-52.4	-52.4	 .0631	0.006	700	1	100.0	30
07/27/20	9:30 a	80.9	81.0	79.2	100	80.9	0.0	SE	0.00	3.0	SE	80.9	92.2	92.2	100.1	29.087	0.00	0.00	366	15.74	388	3.4	0.73	3.7	0.000	0.331	-52.3	0	---	-52.4	-52.4	 .0947	0.000	698	1	100.0	30
07/27/20	10:00 a	82.2	82.2	80.9	100	82.2	1.0	SE	0.50	4.0	SE	82.2	96.4	96.4	104.3	29.087	0.00	0.00	366	15.74	385	3.8	0.81	4.0	0.000	0.358	-52.3	0	---	-52.4	-52.4	 .0947	0.009	702	1	100.0	30
07/27/20	10:30 a	82.5	82.5	81.6	100	82.5	1.0	S	0.50	4.0	S	82.5	97.4	97.4	105.8	29.087	0.00	0.00	392	16.86	434	4.2	0.90	4.3	0.000	0.365	-51.7	0	---	-51.8	-51.8	 .0946	0.000	703	1	100.0	30
07/27/20	11:00 a	82.2	82.9	81.9	100	82.2	1.0	SSE	0.50	4.0	SSE	82.2	96.4	96.4	104.9	29.087	0.00	0.00	396	17.03	411	4.5	0.96	4.7	0.000	0.358	-52.3	0	---	-52.4	-52.4	 .0947	0.010	702	1	100.0	30
07/27/20	11:30 a	82.9	83.6	82.0	100	82.9	1.0	SE	0.50	8.0	ESE	82.9	98.9	98.9	109.2	29.693	0.00	0.00	497	21.37	990	5.8	1.24	9.1	0.000	0.373	-52.3	0	---	-52.4	-52.4	 .0967	0.000	701	1	100.0	30
07/27/20	12:00 p	83.7	84.9	82.9	100	83.7	2.0	SE	1.00	7.0	S	83.7	101.9	101.9	114.4	29.239	0.00	0.00	676	29.07	1030	7.7	1.65	11.3	0.000	0.390	-52.3	0	---	-52.4	-52.4	 .0952	0.016	699	1	100.0	30
07/27/20	12:30 p	84.3	84.3	82.9	100	84.3	1.0	SE	0.50	6.0	ESE	84.3	104.5	104.5	116.0	29.239	0.00	0.00	587	25.24	1255	7.0	1.50	10.9	0.000	0.402	-52.3	0	---	-52.4	-52.4	 .0952	0.000	697	1	100.0	30
07/27/20	1:00 p	84.1	84.5	82.5	100	84.1	2.0	SE	1.00	7.0	SE	84.1	103.5	103.5	115.3	29.837	0.00	0.00	609	26.19	918	6.9	1.48	9.2	0.000	0.398	-52.3	0	---	-52.4	-52.4	 .0971	0.017	702	1	100.0	30
07/27/20	1:30 p	84.8	85.6	83.4	100	84.8	2.0	SE	1.00	8.0	SSE	84.8	106.7	106.7	119.6	29.086	0.00	0.00	921	39.61	1132	7.7	1.65	8.8	0.000	0.413	-52.3	0	---	-52.4	-52.4	 .0947	0.000	700	1	100.0	30
07/27/20	2:00 p	84.6	84.9	84.0	100	84.6	2.0	S	1.00	9.0	WSW	84.6	105.8	105.8	119.8	29.086	0.00	0.00	893	38.40	953	6.7	1.44	7.4	0.000	0.408	-52.3	0	---	-52.4	-52.4	 .0947	0.023	700	1	100.0	30
07/27/20	2:30 p	83.6	85.0	83.6	100	83.6	2.0	SSE	1.00	10.0	SSE	83.6	101.5	101.5	115.6	29.162	0.00	0.00	800	34.40	951	5.2	1.11	6.2	0.000	0.387	-52.3	0	---	-52.4	-52.4	 .0949	0.000	700	1	100.0	30
07/27/20	3:00 p	81.6	83.7	81.6	100	81.6	1.0	SE	0.50	4.0	SE	81.6	94.4	94.4	101.0	29.181	0.00	0.00	246	10.58	497	1.9	0.41	3.3	0.000	0.346	-52.3	0	---	-52.4	-52.4	 .0950	0.013	701	1	100.0	30
07/27/20	3:30 p	80.9	81.9	80.9	100	80.9	0.0	S	0.00	3.0	S	80.9	92.2	92.2	96.0	29.693	0.00	0.00	131	5.63	156	0.9	0.19	1.2	0.000	0.331	-52.3	0	---	-52.4	-52.4	 .0967	0.000	699	1	100.0	30
07/27/20	4:00 p	80.2	81.1	80.1	100	80.2	0.0	S	0.00	3.0	S	80.2	90.2	90.2	92.2	29.693	0.00	0.00	68	2.92	98	0.2	0.04	0.6	0.000	0.317	-52.3	0	---	-52.4	-52.4	 .0967	0.002	701	1	100.0	30
07/27/20	4:30 p	80.0	80.4	79.9	100	80.0	0.0	---	0.00	0.0	---	80.0	89.6	89.6	91.8	29.086	0.00	0.00	62	2.67	81	0.0	0.00	0.0	0.000	0.313	-52.3	0	---	-52.4	-52.4	 .0947	0.000	702	1	100.0	30
07/27/20	5:00 p	80.1	80.2	79.7	100	80.1	0.0	---	0.00	0.0	---	80.1	89.9	89.9	93.6	29.806	0.00	0.00	99	4.26	111	0.0	0.00	0.0	0.000	0.315	-52.3	0	---	-52.4	-52.4	 .0970	0.002	703	1	100.0	30
07/27/20	5:30 p	79.5	80.2	79.5	100	79.5	0.0	---	0.00	0.0	---	79.5	88.2	88.2	87.9	29.806	0.00	0.00	43	1.85	79	0.0	0.00	0.0	0.000	0.302	-52.3	0	---	-52.4	-52.4	 .0970	0.000	700	1	100.0	30
07/27/20	6:00 p	79.1	79.6	79.1	100	79.1	0.0	---	0.00	0.0	---	79.1	87.1	87.1	85.9	29.693	0.00	0.00	3	0.13	12	0.0	0.00	0.0	0.000	0.294	-52.3	0	---	-52.4	-52.4	 .0967	0.001	701	1	100.0	30
07/27/20	6:30 p	78.7	79.1	78.7	100	78.7	0.0	---	0.00	0.0	---	78.7	86.1	86.1	84.8	29.806	0.00	0.00	0	0.00	0	0.0	0.00	0.0	0.000	0.285	-52.3	0	---	-52.4	-52.4	 .0970	0.000	702	1	100.0	30
07/27/20	7:00 p	78.4	78.7	78.4	100	78.4	0.0	---	0.00	0.0	---	78.4	85.4	85.4	84.1	29.806	0.00	0.00	0	0.00	0	0.0	0.00	0.0	0.000	0.279	-52.3	0	---	-52.4	-52.4	 .0970	0.000	699	1	100.0	30
07/27/20	7:30 p	78.1	78.5	78.1	100	78.1	0.0	---	0.00	0.0	---	78.1	84.6	84.6	83.3	29.693	0.00	0.00	0	0.00	0	0.0	0.00	0.0	0.000	0.273	-52.3	0	---	-52.4	-52.4	 .0967	0.000	702	1	100.0	30
07/27/20	8:00 p	77.5	78.1	77.5	100	77.5	0.0	---	0.00	0.0	---	77.5	83.3	83.3	81.9	29.693	0.00	0.00	0	0.00	0	0.0	0.00	0.0	0.000	0.260	-52.3	0	---	-52.4	-52.4	 .0967	0.000	697	1	100.0	30
07/27/20	8:30 p	77.3	77.6	77.3	100	77.3	0.0	---	0.00	0.0	---	77.3	82.9	82.9	81.5	29.086	0.00	0.00	0	0.00	0	0.0	0.00	0.0	0.000	0.256	-52.3	0	---	-52.4	-52.4	 .0947	0.000	700	1	100.0	30
07/27/20	9:00 p	77.3	77.6	77.2	100	77.3	0.0	---	0.00	0.0	---	77.3	82.9	82.9	81.5	19.389	0.00	0.00	0	0.00	0	0.0	0.00	0.0	0.000	0.256	-52.3	0	---	-52.4	-52.4	 .0631	0.000	700	1	100.0	30
07/27/20	9:30 p	76.7	77.3	76.7	100	76.7	0.0	---	0.00	0.0	---	76.7	81.6	81.6	80.2	29.239	0.00	0.00	0	0.00	0	0.0	0.00	0.0	0.000	0.244	-52.3	0	---	-52.4	-52.4	 .0952	0.000	703	1	100.0	30
07/27/20	10:00 p	76.1	76.7	76.1	100	76.1	0.0	---	0.00	0.0	---	76.1	80.5	80.5	79.1	29.244	0.00	0.00	0	0.00	0	0.0	0.00	0.0	0.000	0.231	-52.3	0	---	-52.4	-52.4	 .0952	0.000	702	1	100.0	30
07/27/20	10:30 p	75.6	76.1	75.5	100	75.6	0.0	---	0.00	0.0	---	75.6	79.7	79.7	78.2	29.833	0.00	0.00	0	0.00	0	0.0	0.00	0.0	0.000	0.221	-52.3	0	---	-52.4	-52.4	 .0971	0.000	701	1	100.0	30
07/27/20	11:00 p	75.3	75.6	75.3	100	75.3	0.0	---	0.00	0.0	---	75.3	79.3	79.3	77.8	29.833	0.00	0.00	0	0.00	0	0.0	0.00	0.0	0.000	0.215	-52.3	0	---	-52.4	-52.4	 .0971	0.000	702	1	100.0	30
07/27/20	11:30 p	75.1	75.3	75.1	100	75.1	0.0	---	0.00	0.0	---	75.1	78.9	78.9	77.4	29.218	0.00	0.00	0	0.00	0	0.0	0.00	0.0	0.000	0.210	-52.3	0	---	-52.4	-52.4	 .0951	0.000	700	1	100.0	30
07/28/20	12:00 a	74.9	75.2	74.9	100	74.9	0.0	---	0.00	0.0	---	74.9	78.7	78.7	77.1	29.086	0.00	0.00	0	0.00	0	0.0	0.00	0.0	0.000	0.206	-52.3	0	---	-52.4	-52.4	 .0947	0.000	702	1	100.0	30
07/28/20	12:30 a	74.8	75.0	74.7	100	74.8	0.0	---	0.00	0.0	---	74.8	78.6	78.6	77.0	29.086	0.00	0.00	0	0.00	0	0.0	0.00	0.0	0.000	0.204	-52.3	0	---	-52.4	-52.4	 .0947	0.000	699	1	100.0	30
07/28/20	1:00 a	75.0	75.1	74.8	100	75.0	0.0	---	0.00	0.0	---	75.0	78.8	78.8	77.3	29.163	0.00	0.00	0	0.00	0	0.0	0.00	0.0	0.000	0.208	-52.3	0	---	-52.4	-52.4	 .0950	0.000	701	1	100.0	30
07/28/20	1:30 a	75.0	75.1	74.9	100	75.0	0.0	---	0.00	0.0	---	75.0	78.8	78.8	77.3	29.768	0.00	0.00	0	0.00	0	0.0	0.00	0.0	0.000	0.208	-52.3	0	---	-52.4	-52.4	 .0969	0.000	700	1	100.0	30
07/28/20	2:00 a	74.9	75.0	74.8	100	74.9	0.0	---	0.00	0.0	---	74.9	78.7	78.7	77.1	29.768	0.00	0.00	0	0.00	0	0.0	0.00	0.0	0.000	0.206	-52.3	0	---	-52.4	-52.4	 .0969	0.000	702	1	100.0	30
07/28/20	2:30 a	75.2	75.2	74.8	100	75.2	0.0	---	0.00	0.0	---	75.2	79.1	79.1	77.6	29.086	0.00	0.00	0	0.00	0	0.0	0.00	0.0	0.000	0.212	-52.3	0	---	-52.4	-52.4	 .0947	0.000	702	1	100.0	30
07/28/20	3:00 a	75.2	75.4	75.0	100	75.2	0.0	NNE	0.00	3.0	NNE	75.2	79.1	79.1	77.6	29.086	0.00	0.00	0	0.00	0	0.0	0.00	0.0	0.000	0.212	-52.3	0	---	-52.4	-52.4	 .0947	0.000	702	1	100.0	30
07/28/20	3:30 a	75.0	75.3	74.9	100	75.0	0.0	---	0.00	0.0	---	75.0	78.8	78.8	77.3	29.086	0.00	0.00	0	0.00	0	0.0	0.00	0.0	0.000	0.208	-52.3	0	---	-52.4	-52.4	 .0947	0.000	698	1	100.0	30
07/28/20	4:00 a	74.8	75.1	74.7	100	74.8	0.0	---	0.00	0.0	---	74.8	78.6	78.6	77.0	19.466	0.00	0.00	0	0.00	0	0.0	0.00	0.0	0.000	0.204	-52.3	0	---	-52.4	-52.4	 .0634	0.000	702	1	100.0	30
07/28/20	4:30 a	74.6	74.8	74.5	100	74.6	0.0	NNE	0.00	1.0	NNE	74.6	78.3	78.3	76.7	19.466	0.00	0.00	0	0.00	0	0.0	0.00	0.0	0.000	0.200	-52.3	0	---	-52.4	-52.4	 .0634	0.000	701	1	100.0	30
07/28/20	5:00 a	74.9	74.9	74.5	100	74.9	0.0	---	0.00	0.0	---	74.9	78.7	78.7	77.1	19.466	0.00	0.00	0	0.00	0	0.0	0.00	0.0	0.000	0.206	-52.3	0	---	-52.4	-52.4	 .0634	0.000	701	1	100.0	30
07/28/20	5:30 a	74.8	75.0	74.8	100	74.8	0.0	---	0.00	0.0	---	74.8	78.6	78.6	77.0	19.466	0.00	0.00	1	0.04	11	0.0	0.00	0.0	0.000	0.204	-52.3	0	---	-52.4	-52.4	 .0634	0.000	699	1	100.0	30
07/28/20	6:00 a	75.3	75.3	74.8	100	75.3	0.0	---	0.00	0.0	---	75.3	79.3	79.3	78.5	19.466	0.00	0.00	31	1.33	44	0.0	0.00	0.0	0.000	0.215	-52.3	0	---	-52.4	-52.4	 .0634	0.000	702	1	100.0	30
07/28/20	6:30 a	76.1	76.1	75.3	100	76.1	0.0	NNE	0.00	1.0	NNE	76.1	80.5	80.5	82.7	19.466	0.00	0.00	64	2.75	86	0.0	0.00	0.0	0.000	0.231	-52.3	0	---	-52.4	-52.4	 .0634	0.000	701	1	100.0	30
07/28/20	7:00 a	77.1	77.1	76.1	100	77.1	0.0	NNE	0.00	1.0	NNE	77.1	82.4	82.4	85.7	29.834	0.00	0.00	103	4.43	148	0.3	0.06	0.6	0.000	0.252	-52.3	0	---	-52.4	-52.4	 .0971	0.002	701	1	100.0	30
07/28/20	7:30 a	78.4	78.4	77.1	100	78.4	0.0	NNE	0.00	1.0	NNE	78.4	85.4	85.4	91.3	29.834	0.00	0.00	195	8.39	223	0.9	0.19	1.0	0.000	0.279	-52.3	0	---	-52.4	-52.4	 .0971	0.000	700	1	100.0	30
07/28/20	8:00 a	80.1	80.2	78.3	100	80.1	0.0	SSE	0.00	2.0	SSE	80.1	89.9	89.9	98.8	19.390	0.00	0.00	339	14.58	497	1.5	0.32	2.0	0.000	0.315	-52.3	0	---	-52.4	-52.4	 .0631	0.007	699	1	100.0	30
07/28/20	8:30 a	80.7	81.2	79.9	100	80.7	0.0	SSE	0.00	2.0	SSE	80.7	91.6	91.6	99.1	29.844	0.00	0.00	310	13.33	573	2.2	0.47	3.5	0.000	0.327	-52.3	0	---	-52.4	-52.4	 .0972	0.000	700	1	100.0	30
07/28/20	9:00 a	82.0	82.1	80.7	100	82.0	1.0	SSW	0.50	7.0	ESE	82.0	95.7	95.7	102.5	19.389	0.00	0.00	292	12.56	793	3.0	0.64	4.8	0.000	0.354	-52.3	0	---	-52.4	-52.4	 .0631	0.008	698	1	100.0	30
07/28/20	9:30 a	81.4	82.0	80.7	100	81.4	0.0	SSW	0.00	4.0	SSE	81.4	93.8	93.8	97.3	19.389	0.00	0.00	166	7.14	243	2.9	0.62	4.6	0.000	0.342	-52.3	0	---	-52.4	-52.4	 .0631	0.000	701	1	100.0	30
07/28/20	10:00 a	81.8	82.5	81.1	100	81.8	0.0	SSW	0.00	4.0	SSE	81.8	95.1	95.1	101.2	19.389	0.00	0.00	279	12.00	939	4.0	0.86	6.1	0.000	0.350	-52.3	0	---	-52.4	-52.4	 .0631	0.007	699	1	100.0	30
07/28/20	10:30 a	82.1	82.9	81.7	100	82.1	1.0	S	0.50	4.0	ESE	82.1	96.0	96.0	103.3	29.693	0.00	0.00	332	14.28	909	4.3	0.92	4.9	0.000	0.356	-52.3	0	---	-52.4	-52.4	 .0967	0.000	699	1	100.0	30
07/28/20	11:00 a	82.3	83.2	82.0	100	82.3	1.0	SSE	0.50	5.0	WSW	82.3	96.8	96.8	105.5	29.086	0.00	0.00	405	17.42	622	5.2	1.11	6.8	0.000	0.360	-52.3	0	---	-52.4	-52.4	 .0947	0.010	699	1	100.0	30
07/28/20	11:30 a	83.2	83.3	82.3	100	83.2	1.0	SE	0.50	5.0	SSE	83.2	100.0	100.0	107.9	29.086	0.00	0.00	358	15.40	708	5.5	1.18	9.8	0.000	0.379	-52.3	0	---	-52.4	-52.4	 .0947	0.000	700	1	100.0	30
07/28/20	12:00 p	84.3	84.3	82.9	100	84.3	2.0	S	1.00	5.0	S	84.3	104.5	104.5	115.4	29.693	0.00	0.00	532	22.88	1171	5.9	1.26	10.6	0.000	0.402	-52.3	0	---	-52.4	-52.4	 .0967	0.013	701	1	100.0	30
07/28/20	12:30 p	85.4	85.4	83.7	100	85.4	2.0	SSW	1.00	7.0	SSW	85.4	109.8	109.8	122.8	29.693	0.00	0.00	1077	46.32	1445	8.8	1.89	11.1	0.000	0.425	-52.3	0	---	-52.4	-52.4	 .0967	0.000	700	1	100.0	30
07/28/20	1:00 p	83.7	85.5	82.8	100	83.7	2.0	SSW	1.00	6.0	SSE	83.7	101.9	101.9	111.1	29.807	0.00	0.00	435	18.71	1327	5.7	1.22	10.4	0.000	0.390	-52.3	0	---	-52.4	-52.4	 .0970	0.020	702	1	100.0	30
07/28/20	1:30 p	85.6	85.7	83.1	100	85.6	2.0	SSE	1.00	6.0	SSE	85.6	111.0	111.0	123.2	29.804	0.00	0.00	841	36.17	1176	7.1	1.52	9.2	0.000	0.429	-52.3	0	---	-52.4	-52.4	 .0970	0.000	699	1	100.0	30
07/28/20	2:00 p	84.3	85.6	83.6	100	84.3	3.0	SSE	1.50	7.0	SE	84.3	104.5	104.5	118.7	29.804	0.00	0.00	905	38.92	1127	6.2	1.33	7.5	0.000	0.402	-52.3	0	---	-52.4	-52.4	 .0970	0.022	703	1	100.0	30
07/28/20	2:30 p	83.1	84.8	82.7	100	83.1	2.0	SE	1.00	7.0	SE	83.1	99.6	99.6	110.2	29.692	0.00	0.00	463	19.91	907	3.9	0.84	5.3	0.000	0.377	-52.3	0	---	-52.4	-52.4	 .0967	0.000	700	1	100.0	30
07/28/20	3:00 p	84.6	84.7	83.1	100	84.6	2.0	SSE	1.00	6.0	S	84.6	105.8	105.8	122.0	29.692	0.00	0.00	773	33.24	863	4.0	0.86	4.9	0.000	0.408	-52.3	0	---	-52.4	-52.4	 .0967	0.016	702	1	100.0	30
07/28/20	3:30 p	82.9	84.7	82.9	100	82.9	2.0	SE	1.00	8.0	S	82.9	98.9	98.9	110.3	29.692	0.00	0.00	421	18.11	656	2.2	0.47	3.3	0.000	0.373	-52.3	0	---	-52.4	-52.4	 .0967	0.000	700	1	100.0	30
07/28/20	4:00 p	82.3	83.0	81.9	100	82.3	1.0	SE	0.50	4.0	E	82.3	96.8	96.8	103.4	19.473	0.00	0.00	190	8.17	332	1.1	0.24	1.6	0.000	0.360	-52.3	0	---	-52.4	-52.4	 .0634	0.008	701	1	100.0	30
07/28/20	4:30 p	81.8	82.5	81.7	100	81.8	0.0	SE	0.00	2.0	WSW	81.8	95.1	95.1	101.4	29.769	0.00	0.00	162	6.97	272	0.5	0.11	0.9	0.000	0.350	-52.3	0	---	-52.4	-52.4	 .0969	0.000	701	1	100.0	30
07/28/20	5:00 p	80.8	81.8	80.8	100	80.8	0.0	SE	0.00	2.0	SE	80.8	91.9	91.9	94.4	29.843	0.00	0.00	65	2.80	95	0.0	0.00	0.0	0.000	0.329	-52.3	0	---	-52.4	-52.4	 .0972	0.003	701	1	100.0	30
07/28/20	5:30 p	80.2	81.0	80.2	100	80.2	0.0	SE	0.00	1.0	SE	80.2	90.2	90.2	89.7	29.843	0.00	0.00	22	0.95	40	0.0	0.00	0.0	0.000	0.317	-52.3	0	---	-52.4	-52.4	 .0972	0.000	698	1	100.0	30
07/28/20	6:00 p	79.4	80.2	79.4	100	79.4	0.0	SE	0.00	1.0	SE	79.4	87.9	87.9	86.9	29.843	0.00	0.00	3	0.13	9	0.0	0.00	0.0	0.000	0.300	-52.3	0	---	-52.4	-52.4	 .0972	0.000	702	1	100.0	30
07/28/20	6:30 p	78.9	79.4	78.8	100	78.9	0.0	SE	0.00	1.0	SE	78.9	86.6	86.6	85.5	29.843	0.00	0.00	0	0.00	0	0.0	0.00	0.0	0.000	0.290	-52.3	0	---	-52.4	-52.4	 .0972	0.000	700	1	100.0	30
07/28/20	7:00 p	78.6	78.9	78.6	100	78.6	0.0	SE	0.00	1.0	SE	78.6	85.8	85.8	84.7	29.843	0.00	0.00	0	0.00	0	0.0	0.00	0.0	0.000	0.283	-52.3	0	---	-52.4	-52.4	 .0972	0.000	701	1	100.0	30
07/28/20	7:30 p	78.0	78.6	78.0	100	78.0	0.0	SE	0.00	1.0	SE	78.0	84.4	84.4	83.3	29.843	0.00	0.00	0	0.00	0	0.0	0.00	0.0	0.000	0.271	-52.3	0	---	-52.4	-52.4	 .0972	0.000	702	1	100.0	30
07/28/20	8:00 p	77.7	78.1	77.7	100	77.7	0.0	---	0.00	0.0	---	77.7	83.7	83.7	82.5	29.843	0.00	0.00	0	0.00	0	0.0	0.00	0.0	0.000	0.265	-52.3	0	---	-52.4	-52.4	 .0972	0.000	701	1	100.0	30
07/28/20	8:30 p	77.2	77.7	77.2	100	77.2	0.0	SE	0.00	1.0	SE	77.2	82.6	82.6	81.4	29.838	0.00	0.00	0	0.00	0	0.0	0.00	0.0	0.000	0.254	-52.3	0	---	-52.4	-52.4	 .0971	0.000	698	1	100.0	30
07/28/20	9:00 p	76.8	77.3	76.8	100	76.8	0.0	SE	0.00	1.0	SE	76.8	81.8	81.8	80.5	29.838	0.00	0.00	0	0.00	0	0.0	0.00	0.0	0.000	0.246	-52.3	0	---	-52.4	-52.4	 .0971	0.000	701	1	100.0	30
07/28/20	9:30 p	76.7	76.9	76.6	100	76.7	0.0	---	0.00	0.0	---	76.7	81.6	81.6	80.3	29.838	0.00	0.00	0	0.00	0	0.0	0.00	0.0	0.000	0.244	-52.3	0	---	-52.4	-52.4	 .0971	0.000	699	1	100.0	30
07/28/20	10:00 p	76.4	76.7	76.3	100	76.4	0.0	---	0.00	0.0	---	76.4	81.1	81.1	79.8	29.856	0.00	0.00	0	0.00	0	0.0	0.00	0.0	0.000	0.238	-52.3	0	---	-52.4	-52.4	 .0972	0.000	701	1	100.0	30
07/28/20	10:30 p	76.2	76.4	76.1	100	76.2	0.0	---	0.00	0.0	---	76.2	80.7	80.7	79.4	29.693	0.00	0.00	0	0.00	0	0.0	0.00	0.0	0.000	0.233	-52.3	0	---	-52.4	-52.4	 .0967	0.000	696	1	100.0	30
07/28/20	11:00 p	76.1	76.2	76.0	100	76.1	0.0	---	0.00	0.0	---	76.1	80.5	80.5	79.2	29.693	0.00	0.00	0	0.00	0	0.0	0.00	0.0	0.000	0.231	-52.3	0	---	-52.4	-52.4	 .0967	0.000	703	1	100.0	30
07/28/20	11:30 p	75.7	76.1	75.7	100	75.7	0.0	---	0.00	0.0	---	75.7	79.8	79.8	78.5	29.693	0.00	0.00	0	0.00	0	0.0	0.00	0.0	0.000	0.223	-52.3	0	---	-52.4	-52.4	 .0967	0.000	701	1	100.0	30
07/29/20	12:00 a	75.6	75.8	75.5	100	75.6	0.0	---	0.00	0.0	---	75.6	79.7	79.7	78.4	29.821	0.00	0.00	0	0.00	0	0.0	0.00	0.0	0.000	0.221	-52.3	0	---	-52.4	-52.4	 .0971	0.000	701	1	100.0	30
07/29/20	12:30 a	75.5	75.6	75.5	100	75.5	0.0	---	0.00	0.0	---	75.5	79.6	79.6	78.3	29.821	0.00	0.00	0	0.00	0	0.0	0.00	0.0	0.000	0.219	-52.3	0	---	-52.4	-52.4	 .0971	0.000	695	1	100.0	30
07/29/20	1:00 a	75.4	75.5	75.3	100	75.4	0.0	---	0.00	0.0	---	75.4	79.4	79.4	78.1	19.390	0.00	0.00	0	0.00	0	0.0	0.00	0.0	0.000	0.217	-52.3	0	---	-52.4	-52.4	 .0631	0.000	703	1	100.0	30
07/29/20	1:30 a	75.2	75.5	75.2	100	75.2	0.0	---	0.00	0.0	---	75.2	79.1	79.1	77.8	19.389	0.00	0.00	0	0.00	0	0.0	0.00	0.0	0.000	0.212	-52.3	0	---	-52.4	-52.4	 .0631	0.000	699	1	100.0	30
07/29/20	2:00 a	75.2	75.3	75.1	100	75.2	0.0	SE	0.00	1.0	SE	75.2	79.1	79.1	77.8	19.389	0.00	0.00	0	0.00	0	0.0	0.00	0.0	0.000	0.212	-52.3	0	---	-52.4	-52.4	 .0631	0.000	702	1	100.0	30
07/29/20	2:30 a	75.0	75.3	74.9	100	75.0	0.0	---	0.00	0.0	---	75.0	78.8	78.8	77.5	19.389	0.00	0.00	0	0.00	0	0.0	0.00	0.0	0.000	0.208	-52.3	0	---	-52.4	-52.4	 .0631	0.000	700	1	100.0	30
07/29/20	3:00 a	75.1	75.2	74.9	100	75.1	0.0	---	0.00	0.0	---	75.1	78.9	78.9	77.6	29.693	0.00	0.00	0	0.00	0	0.0	0.00	0.0	0.000	0.210	-52.3	0	---	-52.4	-52.4	 .0967	0.000	702	1	100.0	30
07/29/20	3:30 a	74.9	75.2	74.9	100	74.9	0.0	---	0.00	0.0	---	74.9	78.7	78.7	77.3	19.390	0.00	0.00	0	0.00	0	0.0	0.00	0.0	0.000	0.206	-52.3	0	---	-52.4	-52.4	 .0631	0.000	702	1	100.0	30
07/29/20	4:00 a	75.0	75.1	74.8	100	75.0	0.0	SE	0.00	1.0	SE	75.0	78.8	78.8	77.5	19.389	0.00	0.00	0	0.00	0	0.0	0.00	0.0	0.000	0.208	-52.3	0	---	-52.4	-52.4	 .0631	0.000	702	1	100.0	30
07/29/20	4:30 a	75.0	75.3	75.0	100	75.0	0.0	---	0.00	0.0	---	75.0	78.8	78.8	77.5	29.794	0.00	0.00	0	0.00	0	0.0	0.00	0.0	0.000	0.208	-52.3	0	---	-52.4	-52.4	 .0970	0.000	702	1	100.0	30
07/29/20	5:00 a	74.9	75.1	74.9	100	74.9	0.0	---	0.00	0.0	---	74.9	78.7	78.7	77.3	29.792	0.00	0.00	0	0.00	0	0.0	0.00	0.0	0.000	0.206	-52.3	0	---	-52.4	-52.4	 .0970	0.000	701	1	100.0	30
07/29/20	5:30 a	75.2	75.3	74.8	100	75.2	0.0	SE	0.00	1.0	SE	75.2	79.1	79.1	77.8	29.792	0.00	0.00	0	0.00	0	0.0	0.00	0.0	0.000	0.212	-52.3	0	---	-52.4	-52.4	 .0970	0.000	701	1	100.0	30
07/29/20	6:00 a	75.3	75.4	75.1	100	75.3	0.0	SE	0.00	1.0	SE	75.3	79.3	79.3	78.3	29.792	0.00	0.00	14	0.60	25	0.0	0.00	0.0	0.000	0.215	-52.3	0	---	-52.4	-52.4	 .0970	0.000	698	1	100.0	30
07/29/20	6:30 a	75.8	75.8	75.3	100	75.8	0.0	ESE	0.00	1.0	ESE	75.8	80.0	80.0	81.0	29.792	0.00	0.00	39	1.68	58	0.0	0.00	0.0	0.000	0.225	-52.3	0	---	-52.4	-52.4	 .0970	0.000	701	1	100.0	30
07/29/20	7:00 a	76.5	76.6	75.8	100	76.5	0.0	ESE	0.00	1.0	ESE	76.5	81.3	81.3	83.6	29.792	0.00	0.00	76	3.27	91	0.2	0.04	0.6	0.000	0.240	-52.3	0	---	-52.4	-52.4	 .0970	0.001	699	1	100.0	30
07/29/20	7:30 a	77.3	77.3	76.6	100	77.3	0.0	ESE	0.00	1.0	ESE	77.3	82.9	82.9	85.2	29.086	0.00	0.00	89	3.83	125	0.8	0.17	1.0	0.000	0.256	-52.3	0	---	-52.4	-52.4	 .0947	0.000	700	1	100.0	30
07/29/20	8:00 a	79.2	79.2	77.2	100	79.2	0.0	ESE	0.00	2.0	ESE	79.2	87.4	87.4	96.4	29.086	0.00	0.00	346	14.88	501	1.8	0.39	2.3	0.000	0.296	-52.3	0	---	-52.4	-52.4	 .0947	0.005	699	1	100.0	30
07/29/20	8:30 a	80.6	80.7	78.9	100	80.6	0.0	ESE	0.00	3.0	ESE	80.6	91.3	91.3	100.8	29.086	0.00	0.00	407	17.50	529	2.6	0.56	3.3	0.000	0.325	-52.3	0	---	-52.4	-52.4	 .0947	0.000	698	1	100.0	30
07/29/20	9:00 a	83.9	83.9	80.6	100	83.9	1.0	SSW	0.50	4.0	SSW	83.9	102.7	102.7	114.7	29.839	0.00	0.00	595	25.59	800	3.9	0.84	4.9	0.000	0.394	-52.3	0	---	-52.4	-52.4	 .0972	0.012	700	1	100.0	30
07/29/20	9:30 a	83.8	84.1	82.9	100	83.8	2.0	S	1.00	8.0	ESE	83.8	102.3	102.3	115.2	29.834	0.00	0.00	742	31.91	844	4.8	1.03	5.6	0.000	0.392	-52.3	0	---	-52.4	-52.4	 .0971	0.000	700	1	100.0	30
07/29/20	10:00 a	84.1	85.4	83.7	100	84.1	2.0	S	1.00	5.0	SSE	84.1	103.5	103.5	116.6	29.832	0.00	0.00	789	33.93	1004	5.5	1.18	6.6	0.000	0.398	-52.3	0	---	-52.4	-52.4	 .0971	0.018	698	1	100.0	30
07/29/20	10:30 a	84.2	86.1	84.1	100	84.2	1.0	SSE	0.50	6.0	S	84.2	104.0	104.0	117.3	29.843	0.00	0.00	841	36.17	1046	4.3	0.92	5.4	0.000	0.400	-52.3	0	---	-52.4	-52.4	 .0972	0.000	700	1	100.0	30
07/29/20	11:00 a	82.9	84.4	82.7	100	82.9	1.0	S	0.50	4.0	SSE	82.9	98.9	98.9	106.0	29.842	0.00	0.00	322	13.85	492	4.9	1.05	8.3	0.000	0.373	-52.3	0	---	-52.4	-52.4	 .0972	0.015	696	1	100.0	30
07/29/20	11:30 a	85.6	85.6	82.7	100	85.6	1.0	SW	0.50	5.0	SSW	85.6	111.0	111.0	122.5	29.692	0.00	0.00	577	24.81	1266	7.0	1.50	11.1	0.000	0.429	-52.3	0	---	-52.4	-52.4	 .0967	0.000	700	1	100.0	30
07/29/20	12:00 p	86.2	86.3	84.7	100	86.2	2.0	S	1.00	6.0	SSW	86.2	114.7	114.7	126.1	29.822	0.00	0.00	992	42.66	1223	8.9	1.91	10.7	0.000	0.442	-52.3	0	---	-52.4	-52.4	 .0971	0.020	700	1	100.0	30
07/29/20	12:30 p	86.1	86.6	85.1	100	86.1	2.0	SSW	1.00	6.0	S	86.1	113.9	113.9	125.5	29.807	0.00	0.00	961	41.33	1366	9.0	1.93	10.9	0.000	0.440	-52.3	0	---	-52.4	-52.4	 .0970	0.000	702	1	100.0	30
07/29/20	1:00 p	86.2	87.2	85.8	100	86.2	2.0	SSW	1.00	6.0	W	86.2	114.7	114.7	128.7	29.802	0.00	0.00	1070	46.02	1213	9.3	1.99	10.2	0.000	0.442	-52.3	0	---	-52.4	-52.4	 .0970	0.026	701	1	100.0	30
07/29/20	1:30 p	86.5	86.8	85.8	100	86.5	2.0	SE	1.00	7.0	ESE	86.5	116.8	116.8	132.1	29.692	0.00	0.00	1062	45.67	1150	7.9	1.69	8.8	0.000	0.448	-52.3	0	---	-52.4	-52.4	 .0967	0.000	698	1	100.0	30
07/29/20	2:00 p	85.1	87.5	84.5	100	85.1	1.0	S	0.50	6.0	SSE	85.1	108.2	108.2	120.9	29.783	0.00	0.00	812	34.92	969	6.2	1.33	7.6	0.000	0.419	-52.3	0	---	-52.4	-52.4	 .0970	0.023	701	1	100.0	30
07/29/20	2:30 p	84.5	85.5	84.5	100	84.5	2.0	ESE	1.00	12.0	SSE	84.5	105.3	105.3	117.3	29.780	0.00	0.00	559	24.04	877	4.3	0.92	5.8	0.000	0.406	-52.3	0	---	-52.4	-52.4	 .0970	0.000	701	1	100.0	30
07/29/20	3:00 p	85.0	85.5	83.9	100	85.0	1.0	SE	0.50	7.0	SE	85.0	107.6	107.6	119.9	29.763	0.00	0.00	527	22.66	731	3.1	0.66	4.0	0.000	0.417	-52.3	0	---	-52.4	-52.4	 .0969	0.014	701	1	100.0	30
07/29/20	3:30 p	83.5	85.0	83.5	100	83.5	2.0	SE	1.00	7.0	SSE	83.5	101.1	101.1	111.9	29.759	0.00	0.00	386	16.60	552	2.2	0.47	2.9	0.000	0.385	-52.3	0	---	-52.4	-52.4	 .0969	0.000	701	1	100.0	30
07/29/20	4:00 p	84.5	85.0	83.5	100	84.5	1.0	S	0.50	8.0	S	84.5	105.3	105.3	117.2	30.060	0.00	0.00	399	17.16	580	1.5	0.32	1.9	0.000	0.406	-52.3	0	---	-52.4	-52.4	 .0979	0.010	700	1	100.0	30
07/29/20	4:30 p	83.6	84.6	83.4	100	83.6	2.0	SSE	1.00	7.0	ESE	83.6	101.5	101.5	108.7	30.060	0.00	0.00	185	7.96	457	0.9	0.19	1.3	0.000	0.387	-52.3	0	---	-52.4	-52.4	 .0979	0.000	702	1	100.0	30
07/29/20	5:00 p	82.9	83.6	82.9	100	82.9	1.0	SSE	0.50	6.0	S	82.9	98.9	98.9	103.2	30.060	0.00	0.00	117	5.03	134	0.1	0.02	0.6	0.000	0.373	-52.3	0	---	-52.4	-52.4	 .0979	0.004	700	1	100.0	30
07/29/20	5:30 p	82.0	83.1	82.0	100	82.0	0.0	SE	0.00	5.0	SSE	82.0	95.7	95.7	96.1	29.758	0.00	0.00	68	2.92	98	0.0	0.00	0.0	0.000	0.354	-52.3	0	---	-52.4	-52.4	 .0969	0.000	702	1	100.0	30
07/29/20	6:00 p	81.0	82.0	81.0	100	81.0	0.0	ESE	0.00	3.0	NE	81.0	92.5	92.5	91.6	29.783	0.00	0.00	11	0.47	32	0.0	0.00	0.0	0.000	0.333	-52.3	0	---	-52.4	-52.4	 .0970	0.001	702	1	100.0	30
07/29/20	6:30 p	80.6	81.0	80.4	100	80.6	0.0	ESE	0.00	2.0	ESE	80.6	91.3	91.3	90.1	29.768	0.00	0.00	0	0.00	0	0.0	0.00	0.0	0.000	0.325	-52.3	0	---	-52.4	-52.4	 .0969	0.000	701	1	100.0	30
07/29/20	7:00 p	80.2	80.7	80.2	100	80.2	0.0	ESE	0.00	2.0	ESE	80.2	90.2	90.2	89.0	29.790	0.00	0.00	0	0.00	0	0.0	0.00	0.0	0.000	0.317	-52.3	0	---	-52.4	-52.4	 .0970	0.000	700	1	100.0	30
07/29/20	7:30 p	80.0	80.3	80.0	100	80.0	0.0	ESE	0.00	1.0	ESE	80.0	89.6	89.6	88.4	29.086	0.00	0.00	0	0.00	0	0.0	0.00	0.0	0.000	0.313	-52.3	0	---	-52.4	-52.4	 .0947	0.000	700	1	100.0	30
07/29/20	8:00 p	79.7	80.0	79.7	100	79.7	0.0	---	0.00	0.0	---	79.7	88.8	88.8	87.5	29.086	0.00	0.00	0	0.00	0	0.0	0.00	0.0	0.000	0.306	-52.3	0	---	-52.4	-52.4	 .0947	0.000	701	1	100.0	30
07/29/20	8:30 p	79.5	79.8	79.4	100	79.5	0.0	ESE	0.00	1.0	ESE	79.5	88.2	88.2	86.9	29.087	0.00	0.00	0	0.00	0	0.0	0.00	0.0	0.000	0.302	-52.3	0	---	-52.4	-52.4	 .0947	0.000	701	1	100.0	30
07/29/20	9:00 p	79.1	79.6	79.0	100	79.1	0.0	---	0.00	0.0	---	79.1	87.1	87.1	85.8	29.813	0.00	0.00	0	0.00	0	0.0	0.00	0.0	0.000	0.294	-52.3	0	---	-52.4	-52.4	 .0971	0.000	701	1	100.0	30
07/29/20	9:30 p	78.8	79.1	78.8	100	78.8	0.0	ESE	0.00	1.0	ESE	78.8	86.3	86.3	84.9	29.816	0.00	0.00	0	0.00	0	0.0	0.00	0.0	0.000	0.288	-52.3	0	---	-52.4	-52.4	 .0971	0.000	700	1	100.0	30
07/29/20	10:00 p	78.1	78.8	78.1	100	78.1	0.0	ESE	0.00	1.0	ESE	78.1	84.6	84.6	83.2	29.692	0.00	0.00	0	0.00	0	0.0	0.00	0.0	0.000	0.273	-52.3	0	---	-52.4	-52.4	 .0967	0.000	701	1	100.0	30
07/29/20	10:30 p	77.7	78.2	77.7	100	77.7	0.0	---	0.00	0.0	---	77.7	83.7	83.7	82.3	29.086	0.00	0.00	0	0.00	0	0.0	0.00	0.0	0.000	0.265	-52.3	0	---	-52.4	-52.4	 .0947	0.000	700	1	100.0	30
07/29/20	11:00 p	77.4	77.7	77.3	100	77.4	0.0	---	0.00	0.0	---	77.4	83.1	83.1	81.7	29.086	0.00	0.00	0	0.00	0	0.0	0.00	0.0	0.000	0.258	-52.3	0	---	-52.4	-52.4	 .0947	0.000	702	1	100.0	30
07/29/20	11:30 p	77.0	77.4	76.9	100	77.0	0.0	---	0.00	0.0	---	77.0	82.2	82.2	80.8	29.086	0.00	0.00	0	0.00	0	0.0	0.00	0.0	0.000	0.250	-52.3	0	---	-52.4	-52.4	 .0947	0.000	700	1	100.0	30
07/30/20	12:00 a	76.8	77.0	76.8	100	76.8	0.0	ESE	0.00	1.0	ESE	76.8	81.8	81.8	80.3	29.086	0.00	0.00	0	0.00	0	0.0	0.00	0.0	0.000	0.246	-52.3	0	---	-52.4	-52.4	 .0947	0.000	700	1	100.0	30
07/30/20	12:30 a	76.5	76.8	76.5	100	76.5	0.0	---	0.00	0.0	---	76.5	81.3	81.3	79.8	29.086	0.00	0.00	0	0.00	0	0.0	0.00	0.0	0.000	0.240	-52.3	0	---	-52.4	-52.4	 .0947	0.000	698	1	100.0	30
07/30/20	1:00 a	76.4	76.6	76.4	100	76.4	0.0	---	0.00	0.0	---	76.4	81.1	81.1	79.6	29.086	0.00	0.00	0	0.00	0	0.0	0.00	0.0	0.000	0.238	-52.3	0	---	-52.4	-52.4	 .0947	0.000	699	1	100.0	30
07/30/20	1:30 a	76.4	76.4	76.2	100	76.4	0.0	ESE	0.00	1.0	ESE	76.4	81.1	81.1	79.6	29.086	0.00	0.00	0	0.00	0	0.0	0.00	0.0	0.000	0.238	-52.3	0	---	-52.4	-52.4	 .0947	0.000	701	1	100.0	30
07/30/20	2:00 a	76.1	76.4	76.0	100	76.1	0.0	---	0.00	0.0	---	76.1	80.5	80.5	79.0	29.086	0.00	0.00	0	0.00	0	0.0	0.00	0.0	0.000	0.231	-52.3	0	---	-52.4	-52.4	 .0947	0.000	701	1	100.0	30
07/30/20	2:30 a	76.0	76.2	76.0	100	76.0	0.0	---	0.00	0.0	---	76.0	80.3	80.3	78.8	30.071	0.00	0.00	0	0.00	0	0.0	0.00	0.0	0.000	0.229	-52.3	0	---	-52.4	-52.4	 .0979	0.000	701	1	100.0	30
07/30/20	3:00 a	76.1	76.2	76.0	100	76.1	0.0	---	0.00	0.0	---	76.1	80.5	80.5	79.0	29.768	0.00	0.00	0	0.00	0	0.0	0.00	0.0	0.000	0.231	-52.3	0	---	-52.4	-52.4	 .0969	0.000	701	1	100.0	30
07/30/20	3:30 a	76.3	76.3	75.8	100	76.3	0.0	ESE	0.00	2.0	ESE	76.3	80.9	80.9	79.4	29.768	0.00	0.00	0	0.00	0	0.0	0.00	0.0	0.000	0.235	-52.3	0	---	-52.4	-52.4	 .0969	0.000	700	1	100.0	30
07/30/20	4:00 a	76.0	76.3	75.9	100	76.0	0.0	---	0.00	0.0	---	76.0	80.3	80.3	78.8	19.389	0.00	0.00	0	0.00	0	0.0	0.00	0.0	0.000	0.229	-52.3	0	---	-52.4	-52.4	 .0631	0.000	701	1	100.0	30
07/30/20	4:30 a	76.1	76.1	75.8	100	76.1	0.0	---	0.00	0.0	---	76.1	80.5	80.5	79.0	19.389	0.00	0.00	0	0.00	0	0.0	0.00	0.0	0.000	0.231	-52.3	0	---	-52.4	-52.4	 .0631	0.000	702	1	100.0	30
07/30/20	5:00 a	75.7	76.1	75.7	100	75.7	0.0	---	0.00	0.0	---	75.7	79.8	79.8	78.2	19.389	0.00	0.00	0	0.00	0	0.0	0.00	0.0	0.000	0.223	-52.3	0	---	-52.4	-52.4	 .0631	0.000	698	1	100.0	30
07/30/20	5:30 a	75.8	76.0	75.6	100	75.8	0.0	---	0.00	0.0	---	75.8	80.0	80.0	78.4	19.389	0.00	0.00	0	0.00	0	0.0	0.00	0.0	0.000	0.225	-52.3	0	---	-52.4	-52.4	 .0631	0.000	701	1	100.0	30
07/30/20	6:00 a	76.3	76.3	75.7	100	76.3	0.0	---	0.00	0.0	---	76.3	80.9	80.9	79.8	29.692	0.00	0.00	18	0.77	32	0.0	0.00	0.0	0.000	0.235	-52.3	0	---	-52.4	-52.4	 .0967	0.000	698	1	100.0	30
07/30/20	6:30 a	76.9	76.9	76.3	100	76.9	0.0	SW	0.00	1.0	SW	76.9	82.0	82.0	82.6	29.086	0.00	0.00	30	1.29	37	0.0	0.00	0.0	0.000	0.248	-52.3	0	---	-52.4	-52.4	 .0947	0.000	701	1	100.0	30
07/30/20	7:00 a	77.6	77.6	76.9	100	77.6	0.0	SW	0.00	1.0	SW	77.6	83.5	83.5	84.1	29.086	0.00	0.00	35	1.51	51	0.0	0.00	0.0	0.000	0.262	-52.3	0	---	-52.4	-52.4	 .0947	0.001	701	1	100.0	30
07/30/20	7:30 a	78.8	78.9	77.6	100	78.8	0.0	SSE	0.00	2.0	SSE	78.8	86.3	86.3	89.7	29.086	0.00	0.00	119	5.12	171	0.6	0.13	0.8	0.000	0.288	-52.3	0	---	-52.4	-52.4	 .0947	0.000	701	1	100.0	30
07/30/20	8:00 a	80.4	80.7	78.8	100	80.4	0.0	WNW	0.00	2.0	WNW	80.4	90.8	90.8	98.9	29.086	0.00	0.00	305	13.12	513	1.5	0.32	2.3	0.000	0.321	-52.3	0	---	-52.4	-52.4	 .0947	0.005	698	1	100.0	30
07/30/20	8:30 a	80.8	81.3	80.1	100	80.8	0.0	WNW	0.00	3.0	SSE	80.8	91.9	91.9	96.3	29.086	0.00	0.00	183	7.87	571	1.7	0.36	2.5	0.000	0.329	-52.3	0	---	-52.4	-52.4	 .0947	0.000	701	1	100.0	30
07/30/20	9:00 a	82.8	82.8	80.5	100	82.8	0.0	S	0.00	2.0	S	82.8	98.5	98.5	105.7	29.843	0.00	0.00	310	13.33	838	2.6	0.56	4.9	0.000	0.371	-52.3	0	---	-52.4	-52.4	 .0972	0.007	700	1	100.0	30
07/30/20	9:30 a	81.8	83.7	81.7	100	81.8	1.0	WSW	0.50	4.0	NE	81.8	95.1	95.1	100.5	29.843	0.00	0.00	238	10.24	886	2.8	0.60	5.1	0.000	0.350	-52.3	0	---	-52.4	-52.4	 .0972	0.000	700	1	100.0	30
07/30/20	10:00 a	83.9	85.4	81.9	100	83.9	1.0	NNE	0.50	7.0	E	83.9	102.7	102.7	114.3	29.838	0.00	0.00	593	25.50	1020	4.8	1.03	6.6	0.000	0.394	-52.3	0	---	-52.4	-52.4	 .0971	0.011	702	1	100.0	30
07/30/20	10:30 a	86.2	86.2	83.4	100	86.2	2.0	SSE	1.00	6.0	ESE	86.2	114.7	114.7	128.1	29.834	0.00	0.00	794	34.15	997	4.2	0.90	6.8	0.000	0.442	-52.3	0	---	-52.4	-52.4	 .0971	0.000	699	1	100.0	30
07/30/20	11:00 a	85.4	86.1	84.8	100	85.4	2.0	SE	1.00	8.0	SE	85.4	109.8	109.8	123.2	29.834	0.00	0.00	788	33.89	998	7.3	1.56	8.4	0.000	0.425	-52.3	0	---	-52.4	-52.4	 .0971	0.019	702	1	100.0	30
07/30/20	11:30 a	86.2	86.2	84.8	100	86.2	2.0	SE	1.00	7.0	ESE	86.2	114.7	114.7	127.8	29.834	0.00	0.00	923	39.69	1120	8.0	1.71	9.8	0.000	0.442	-52.3	0	---	-52.4	-52.4	 .0971	0.000	701	1	100.0	30
07/30/20	12:00 p	86.3	87.0	85.7	100	86.3	2.0	SE	1.00	7.0	S	86.3	115.4	115.4	127.6	29.806	0.00	0.00	1059	45.54	1158	9.0	1.93	9.9	0.000	0.444	-52.3	0	---	-52.4	-52.4	 .0970	0.024	702	1	100.0	30
07/30/20	12:30 p	85.5	86.6	85.3	100	85.5	2.0	ESE	1.00	8.0	SE	85.5	110.4	110.4	123.6	29.806	0.00	0.00	872	37.50	1123	7.8	1.67	9.9	0.000	0.427	-52.3	0	---	-52.4	-52.4	 .0970	0.000	702	1	100.0	30
07/30/20	1:00 p	86.4	87.0	85.1	100	86.4	2.0	SSE	1.00	9.0	SE	86.4	116.1	116.1	128.8	29.806	0.00	0.00	976	41.97	1213	7.5	1.61	9.0	0.000	0.446	-52.3	0	---	-52.4	-52.4	 .0970	0.022	700	1	100.0	30
07/30/20	1:30 p	86.2	87.4	85.5	100	86.2	2.0	SE	1.00	11.0	ESE	86.2	114.7	114.7	127.8	29.806	0.00	0.00	751	32.30	1281	6.3	1.35	9.3	0.000	0.442	-52.3	0	---	-52.4	-52.4	 .0970	0.000	701	1	100.0	30
07/30/20	2:00 p	84.6	86.2	84.6	100	84.6	2.0	SE	1.00	8.0	S	84.6	105.8	105.8	115.8	29.086	0.00	0.00	453	19.48	693	3.9	0.84	5.3	0.000	0.408	-52.3	0	---	-52.4	-52.4	 .0947	0.016	702	1	100.0	30
07/30/20	2:30 p	84.4	86.0	84.3	100	84.4	2.0	SE	1.00	8.0	E	84.4	104.9	104.9	113.6	29.727	0.00	0.00	359	15.44	877	3.1	0.66	5.8	0.000	0.404	-52.3	0	---	-52.4	-52.4	 .0968	0.000	702	1	100.0	30
07/30/20	3:00 p	84.4	85.0	83.6	100	84.4	1.0	SE	0.50	7.0	E	84.4	104.9	104.9	112.1	29.722	0.00	0.00	266	11.44	598	2.0	0.43	3.6	0.000	0.404	-51.4	0	---	-51.5	-51.5	 .0966	0.010	700	1	100.0	30
07/30/20	3:30 p	84.5	84.6	83.8	100	84.5	1.0	SE	0.50	7.0	SSW	84.5	105.3	105.3	113.4	29.717	0.00	0.00	267	11.48	469	1.5	0.32	2.0	0.000	0.406	-52.3	0	---	-52.4	-52.4	 .0968	0.000	699	1	100.0	30
07/30/20	4:00 p	84.7	84.7	83.8	100	84.7	2.0	SE	1.00	10.0	WSW	84.7	106.2	106.2	117.1	29.692	0.00	0.00	366	15.74	589	1.4	0.30	1.8	0.000	0.410	-52.3	0	---	-52.4	-52.4	 .0967	0.008	699	1	100.0	30
07/30/20	4:30 p	83.7	84.9	83.4	100	83.7	2.0	SE	1.00	8.0	SE	83.7	101.9	101.9	109.1	29.710	0.00	0.00	185	7.96	448	0.5	0.11	1.2	0.000	0.390	-52.3	0	---	-52.4	-52.4	 .0967	0.000	697	1	100.0	30
07/30/20	5:00 p	83.2	83.7	83.0	100	83.2	1.0	SE	0.50	7.0	SSE	83.2	100.0	100.0	104.2	29.726	0.00	0.00	112	4.82	128	0.0	0.00	0.0	0.000	0.379	-52.3	0	---	-52.4	-52.4	 .0968	0.004	699	1	100.0	30
07/30/20	5:30 p	82.4	83.2	82.3	100	82.4	1.0	ESE	0.50	7.0	SE	82.4	97.1	97.1	97.3	29.726	0.00	0.00	58	2.49	91	0.0	0.00	0.0	0.000	0.363	-52.3	0	---	-52.4	-52.4	 .0968	0.000	701	1	100.0	30
07/30/20	6:00 p	81.7	82.4	81.6	100	81.7	1.0	NE	0.50	5.0	S	81.7	94.7	94.7	93.7	19.389	0.00	0.00	6	0.26	28	0.0	0.00	0.0	0.000	0.348	-52.3	0	---	-52.4	-52.4	 .0631	0.001	696	1	100.0	30
07/30/20	6:30 p	80.8	81.7	80.8	100	80.8	0.0	ESE	0.00	2.0	ESE	80.8	91.9	91.9	90.7	29.086	0.00	0.00	0	0.00	0	0.0	0.00	0.0	0.000	0.329	-52.3	0	---	-52.4	-52.4	 .0947	0.000	699	1	100.0	30
07/30/20	7:00 p	80.5	80.9	80.5	100	80.5	0.0	ESE	0.00	3.0	ESE	80.5	91.1	91.1	89.9	29.086	0.00	0.00	0	0.00	0	0.0	0.00	0.0	0.000	0.323	-52.3	0	---	-52.4	-52.4	 .0947	0.000	700	1	100.0	30
07/30/20	7:30 p	80.1	80.5	80.0	100	80.1	0.0	ESE	0.00	2.0	ESE	80.1	89.9	89.9	88.7	29.086	0.00	0.00	0	0.00	0	0.0	0.00	0.0	0.000	0.315	-52.3	0	---	-52.4	-52.4	 .0947	0.000	700	1	100.0	30
07/30/20	8:00 p	79.4	80.1	79.4	100	79.4	0.0	ESE	0.00	1.0	ESE	79.4	87.9	87.9	86.6	29.774	0.00	0.00	0	0.00	0	0.0	0.00	0.0	0.000	0.300	-52.3	0	---	-52.4	-52.4	 .0969	0.000	701	1	100.0	30
07/30/20	8:30 p	79.2	79.4	79.1	100	79.2	0.0	ESE	0.00	1.0	ESE	79.2	87.4	87.4	86.1	29.774	0.00	0.00	0	0.00	0	0.0	0.00	0.0	0.000	0.296	-52.3	0	---	-52.4	-52.4	 .0969	0.000	700	1	100.0	30
07/30/20	9:00 p	78.9	79.3	78.8	100	78.9	0.0	---	0.00	0.0	---	78.9	86.6	86.6	85.2	29.774	0.00	0.00	0	0.00	0	0.0	0.00	0.0	0.000	0.290	-52.3	0	---	-52.4	-52.4	 .0969	0.000	700	1	100.0	30
07/30/20	9:30 p	78.6	78.9	78.5	100	78.6	0.0	---	0.00	0.0	---	78.6	85.8	85.8	84.4	29.774	0.00	0.00	0	0.00	0	0.0	0.00	0.0	0.000	0.283	-52.3	0	---	-52.4	-52.4	 .0969	0.000	699	1	100.0	30
07/30/20	10:00 p	78.8	78.8	78.5	100	78.8	0.0	ESE	0.00	1.0	ESE	78.8	86.3	86.3	84.9	29.692	0.00	0.00	0	0.00	0	0.0	0.00	0.0	0.000	0.288	-52.3	0	---	-52.4	-52.4	 .0967	0.000	697	1	100.0	30
07/30/20	10:30 p	78.8	78.9	78.6	100	78.8	0.0	ESE	0.00	1.0	ESE	78.8	86.3	86.3	84.9	29.822	0.00	0.00	0	0.00	0	0.0	0.00	0.0	0.000	0.288	-52.3	0	---	-52.4	-52.4	 .0971	0.000	699	1	100.0	30
07/30/20	11:00 p	78.6	78.9	78.6	100	78.6	0.0	---	0.00	0.0	---	78.6	85.8	85.8	84.4	29.199	0.00	0.00	0	0.00	0	0.0	0.00	0.0	0.000	0.283	-52.3	0	---	-52.4	-52.4	 .0951	0.000	703	1	100.0	30
07/30/20	11:30 p	78.2	78.7	78.2	100	78.2	0.0	---	0.00	0.0	---	78.2	84.9	84.9	83.5	29.199	0.00	0.00	0	0.00	0	0.0	0.00	0.0	0.000	0.275	-52.3	0	---	-52.4	-52.4	 .0951	0.000	695	1	100.0	30
07/31/20	12:00 a	77.9	78.2	77.8	100	77.9	0.0	ESE	0.00	1.0	ESE	77.9	84.2	84.2	82.8	29.799	0.00	0.00	0	0.00	0	0.0	0.00	0.0	0.000	0.269	-52.3	0	---	-52.4	-52.4	 .0970	0.000	699	1	100.0	30
07/31/20	12:30 a	77.6	77.9	77.6	100	77.6	0.0	---	0.00	0.0	---	77.6	83.5	83.5	82.1	29.692	0.00	0.00	0	0.00	0	0.0	0.00	0.0	0.000	0.262	-52.3	0	---	-52.4	-52.4	 .0967	0.000	699	1	100.0	30
07/31/20	1:00 a	77.3	77.7	77.2	100	77.3	0.0	---	0.00	0.0	---	77.3	82.9	82.9	81.5	19.468	0.00	0.00	0	0.00	0	0.0	0.00	0.0	0.000	0.256	-52.3	0	---	-52.4	-52.4	 .0634	0.000	701	1	100.0	30
07/31/20	1:30 a	77.3	77.3	77.1	100	77.3	0.0	---	0.00	0.0	---	77.3	82.9	82.9	81.5	29.764	0.00	0.00	0	0.00	0	0.0	0.00	0.0	0.000	0.256	-52.3	0	---	-52.4	-52.4	 .0969	0.000	701	1	100.0	30
07/31/20	2:00 a	77.1	77.4	77.1	100	77.1	0.0	---	0.00	0.0	---	77.1	82.4	82.4	81.0	29.767	0.00	0.00	0	0.00	0	0.0	0.00	0.0	0.000	0.252	-52.3	0	---	-52.4	-52.4	 .0969	0.000	701	1	100.0	30
07/31/20	2:30 a	76.6	77.1	76.6	100	76.6	0.0	---	0.00	0.0	---	76.6	81.4	81.4	79.9	29.692	0.00	0.00	0	0.00	0	0.0	0.00	0.0	0.000	0.242	-52.3	0	---	-52.4	-52.4	 .0967	0.000	701	1	100.0	30
07/31/20	3:00 a	76.4	76.7	76.4	100	76.4	0.0	---	0.00	0.0	---	76.4	81.1	81.1	79.6	29.692	0.00	0.00	0	0.00	0	0.0	0.00	0.0	0.000	0.238	-52.3	0	---	-52.4	-52.4	 .0967	0.000	701	1	100.0	30
07/31/20	3:30 a	76.2	76.4	76.1	100	76.2	0.0	---	0.00	0.0	---	76.2	80.7	80.7	79.2	29.764	0.00	0.00	0	0.00	0	0.0	0.00	0.0	0.000	0.233	-52.3	0	---	-52.4	-52.4	 .0969	0.000	700	1	100.0	30
07/31/20	4:00 a	76.4	76.6	76.2	100	76.4	0.0	---	0.00	0.0	---	76.4	81.1	81.1	79.6	29.086	0.00	0.00	0	0.00	0	0.0	0.00	0.0	0.000	0.238	-52.3	0	---	-52.4	-52.4	 .0947	0.000	698	1	100.0	30
07/31/20	4:30 a	76.3	76.5	76.2	100	76.3	0.0	---	0.00	0.0	---	76.3	80.9	80.9	79.4	29.748	0.00	0.00	0	0.00	0	0.0	0.00	0.0	0.000	0.235	-52.3	0	---	-52.4	-52.4	 .0969	0.000	701	1	100.0	30
07/31/20	5:00 a	75.9	76.3	75.8	100	75.9	0.0	---	0.00	0.0	---	75.9	80.2	80.2	78.6	29.768	0.00	0.00	0	0.00	0	0.0	0.00	0.0	0.000	0.227	-52.3	0	---	-52.4	-52.4	 .0969	0.000	700	1	100.0	30
07/31/20	5:30 a	75.6	76.0	75.6	100	75.6	0.0	---	0.00	0.0	---	75.6	79.7	79.7	78.1	19.389	0.00	0.00	0	0.00	5	0.0	0.00	0.0	0.000	0.221	-52.3	0	---	-52.4	-52.4	 .0631	0.000	701	1	100.0	30
07/31/20	6:00 a	76.0	76.0	75.5	100	76.0	0.0	---	0.00	0.0	---	76.0	80.3	80.3	79.2	19.389	0.00	0.00	18	0.77	32	0.0	0.00	0.0	0.000	0.229	-52.3	0	---	-52.4	-52.4	 .0631	0.000	700	1	100.0	30
07/31/20	6:30 a	76.8	76.8	76.0	100	76.8	0.0	---	0.00	0.0	---	76.8	81.8	81.8	83.4	19.465	0.00	0.00	52	2.24	88	0.0	0.00	0.0	0.000	0.246	-52.3	0	---	-52.4	-52.4	 .0634	0.000	699	1	100.0	30
07/31/20	7:00 a	77.5	77.5	76.8	100	77.5	0.0	---	0.00	0.0	---	77.5	83.3	83.3	85.5	29.787	0.00	0.00	74	3.18	86	0.2	0.04	0.6	0.000	0.260	-52.3	0	---	-52.4	-52.4	 .0970	0.002	697	1	100.0	30
07/31/20	7:30 a	78.0	78.0	77.5	100	78.0	0.0	---	0.00	0.0	---	78.0	84.4	84.4	86.6	29.184	0.00	0.00	83	3.57	123	0.7	0.15	1.0	0.000	0.271	-52.3	0	---	-52.4	-52.4	 .0950	0.000	701	1	100.0	30
07/31/20	8:00 a	79.7	79.7	78.0	100	79.7	0.0	---	0.00	0.0	---	79.7	88.8	88.8	95.7	29.801	0.00	0.00	259	11.14	353	1.6	0.34	2.1	0.000	0.306	-51.1	0	---	-51.2	-51.2	 .0967	0.004	699	1	100.0	30
07/31/20	8:30 a	81.0	81.1	79.5	100	81.0	0.0	SSW	0.00	3.0	SSW	81.0	92.5	92.5	102.6	29.692	0.00	0.00	434	18.66	478	2.6	0.56	3.1	0.000	0.333	-52.3	0	---	-52.4	-52.4	 .0967	0.000	700	1	100.0	30
07/31/20	9:00 a	83.9	83.9	81.0	100	83.9	1.0	SSW	0.50	4.0	SSW	83.9	102.7	102.7	114.0	29.086	0.00	0.00	543	23.35	615	3.8	0.81	4.3	0.000	0.394	-52.3	0	---	-52.4	-52.4	 .0947	0.012	702	1	100.0	30
07/31/20	9:30 a	85.2	85.2	84.0	100	85.2	1.0	SSW	0.50	5.0	S	85.2	108.7	108.7	121.5	29.812	0.00	0.00	708	30.45	766	4.9	1.05	5.5	0.000	0.421	-52.3	0	---	-52.4	-52.4	 .0971	0.000	700	1	100.0	30
07/31/20	10:00 a	85.7	86.3	85.1	100	85.7	1.0	SSW	0.50	5.0	S	85.7	111.5	111.5	124.7	29.767	0.00	0.00	822	35.35	860	5.8	1.24	6.1	0.000	0.431	-52.3	0	---	-52.4	-52.4	 .0969	0.019	700	1	100.0	30
07/31/20	10:30 a	85.2	86.5	85.2	100	85.2	1.0	SSW	0.50	6.0	S	85.2	108.7	108.7	121.2	29.807	0.00	0.00	664	28.56	1000	4.6	0.99	6.1	0.000	0.421	-52.3	0	---	-52.4	-52.4	 .0970	0.000	700	1	100.0	30
07/31/20	11:00 a	87.1	87.2	84.8	100	87.1	2.0	SE	1.00	6.0	ESE	87.1	121.5	121.5	134.9	29.162	0.00	0.00	897	38.58	979	8.0	1.71	8.8	0.000	0.460	-52.3	0	---	-52.4	-52.4	 .0949	0.020	700	1	100.0	30
07/31/20	11:30 a	86.7	88.0	86.4	100	86.7	2.0	SSE	1.00	8.0	SSE	86.7	118.3	118.3	129.4	29.803	0.00	0.00	988	42.49	1034	8.9	1.91	9.3	0.000	0.452	-52.3	0	---	-52.4	-52.4	 .0970	0.000	698	1	100.0	30
07/31/20	12:00 p	87.2	88.0	86.5	100	87.2	2.0	SSE	1.00	8.0	SSE	87.2	122.5	122.5	134.5	29.803	0.00	0.00	1032	44.38	1107	9.0	1.93	9.5	0.000	0.462	-52.3	0	---	-52.4	-52.4	 .0970	0.026	700	1	100.0	30
07/31/20	12:30 p	86.9	88.1	86.7	100	86.9	2.0	SE	1.00	9.0	ESE	86.9	119.8	119.8	132.0	29.786	0.00	0.00	1006	43.26	1074	8.9	1.91	9.2	0.000	0.456	-52.3	0	---	-52.4	-52.4	 .0970	0.000	697	1	100.0	30
07/31/20	1:00 p	87.1	87.8	86.6	100	87.1	2.0	SE	1.00	8.0	SSE	87.1	121.5	121.5	133.4	29.780	0.00	0.00	913	39.26	970	7.8	1.67	8.6	0.000	0.460	-52.3	0	---	-52.4	-52.4	 .0970	0.025	701	1	100.0	30
07/31/20	1:30 p	86.8	87.5	86.5	100	86.8	3.0	SE	1.50	12.0	SE	86.8	119.0	119.0	131.5	29.086	0.00	0.00	885	38.06	940	7.1	1.52	7.5	0.000	0.454	-52.3	0	---	-52.4	-52.4	 .0947	0.000	701	1	100.0	30
07/31/20	2:00 p	86.9	87.9	86.5	100	86.9	3.0	ESE	1.50	11.0	SSE	86.9	119.8	119.8	133.1	29.765	0.00	0.00	843	36.25	881	6.2	1.33	6.6	0.000	0.456	-52.3	0	---	-52.4	-52.4	 .0969	0.022	702	1	100.0	30
07/31/20	2:30 p	86.3	87.6	86.3	100	86.3	2.0	SE	1.00	10.0	ESE	86.3	115.4	115.4	128.1	29.152	0.00	0.00	667	28.68	900	4.4	0.94	5.6	0.000	0.444	-52.3	0	---	-52.4	-52.4	 .0949	0.000	701	1	100.0	30
07/31/20	3:00 p	83.9	86.3	83.8	100	83.9	2.0	SE	1.00	7.0	SE	83.9	102.7	102.7	107.5	29.756	0.00	0.00	179	7.70	285	2.0	0.43	2.8	0.000	0.394	-52.3	0	---	-52.4	-52.4	 .0969	0.011	700	1	100.0	30
07/31/20	3:30 p	83.8	83.9	82.9	100	83.8	1.0	SE	0.50	7.0	SE	83.8	102.3	102.3	107.0	29.142	0.00	0.00	157	6.75	533	1.4	0.30	1.8	0.000	0.392	-52.3	0	---	-52.4	-52.4	 .0949	0.000	700	1	100.0	30
07/31/20	4:00 p	83.5	83.8	83.3	100	83.5	2.0	SE	1.00	6.0	SSE	83.5	101.1	101.1	105.3	29.147	0.00	0.00	121	5.20	216	0.7	0.15	0.8	0.000	0.385	-52.3	0	---	-52.4	-52.4	 .0949	0.004	701	1	100.0	30
07/31/20	4:30 p	83.7	83.7	83.3	100	83.7	1.0	ESE	0.50	5.0	SSE	83.7	101.9	101.9	107.2	29.754	0.00	0.00	133	5.72	181	0.6	0.13	0.8	0.000	0.390	-52.3	0	---	-52.4	-52.4	 .0969	0.000	701	1	100.0	30
07/31/20	5:00 p	83.3	84.0	83.3	100	83.3	1.0	SE	0.50	8.0	S	83.3	100.4	100.4	104.3	29.755	0.00	0.00	98	4.21	123	0.1	0.02	0.5	0.000	0.381	-52.3	0	---	-52.4	-52.4	 .0969	0.003	700	1	100.0	30
07/31/20	5:30 p	82.7	83.3	82.7	100	82.7	1.0	ESE	0.50	4.0	SSE	82.7	98.1	98.1	98.0	29.749	0.00	0.00	45	1.94	76	0.0	0.00	0.0	0.000	0.369	-52.3	0	---	-52.4	-52.4	 .0969	0.000	698	1	100.0	30
07/31/20	6:00 p	81.6	82.8	81.6	100	81.6	0.0	ESE	0.00	3.0	ESE	81.6	94.4	94.4	93.4	29.692	0.00	0.00	5	0.22	19	0.0	0.00	0.0	0.000	0.346	-52.3	0	---	-52.4	-52.4	 .0967	0.001	701	1	100.0	30
07/31/20	6:30 p	81.5	81.6	81.3	100	81.5	1.0	ESE	0.50	3.0	SE	81.5	94.1	94.1	93.0	29.086	0.00	0.00	0	0.00	0	0.0	0.00	0.0	0.000	0.344	-52.3	0	---	-52.4	-52.4	 .0947	0.000	702	1	100.0	30
07/31/20	7:00 p	81.2	81.5	81.2	100	81.2	0.0	ESE	0.00	2.0	ESE	81.2	93.1	93.1	92.0	29.776	0.00	0.00	0	0.00	0	0.0	0.00	0.0	0.000	0.337	-52.3	0	---	-52.4	-52.4	 .0969	0.000	701	1	100.0	30
07/31/20	7:30 p	80.7	81.2	80.7	100	80.7	0.0	---	0.00	0.0	---	80.7	91.6	91.6	90.4	29.793	0.00	0.00	0	0.00	0	0.0	0.00	0.0	0.000	0.327	-52.3	0	---	-52.4	-52.4	 .0970	0.000	703	1	100.0	30
07/31/20	8:00 p	80.6	80.8	80.5	100	80.6	0.0	---	0.00	0.0	---	80.6	91.3	91.3	90.1	29.806	0.00	0.00	0	0.00	0	0.0	0.00	0.0	0.000	0.325	-52.3	0	---	-52.4	-52.4	 .0970	0.000	699	1	100.0	30
07/31/20	8:30 p	80.4	80.7	80.4	100	80.4	0.0	---	0.00	0.0	---	80.4	90.8	90.8	89.6	29.816	0.00	0.00	0	0.00	0	0.0	0.00	0.0	0.000	0.321	-52.3	0	---	-52.4	-52.4	 .0971	0.000	699	1	100.0	30
07/31/20	9:00 p	80.2	80.5	80.1	100	80.2	0.0	ESE	0.00	3.0	ESE	80.2	90.2	90.2	89.0	29.827	0.00	0.00	0	0.00	0	0.0	0.00	0.0	0.000	0.317	-52.3	0	---	-52.4	-52.4	 .0971	0.000	703	1	100.0	30
07/31/20	9:30 p	80.0	80.2	79.8	100	80.0	0.0	---	0.00	0.0	---	80.0	89.6	89.6	88.4	29.823	0.00	0.00	0	0.00	0	0.0	0.00	0.0	0.000	0.313	-52.3	0	---	-52.4	-52.4	 .0971	0.000	700	1	100.0	30
07/31/20	10:00 p	79.6	80.0	79.6	100	79.6	0.0	ESE	0.00	1.0	ESE	79.6	88.5	88.5	87.3	19.389	0.00	0.00	0	0.00	0	0.0	0.00	0.0	0.000	0.304	-52.3	0	---	-52.4	-52.4	 .0631	0.000	702	1	100.0	30
07/31/20	10:30 p	79.1	79.6	79.1	100	79.1	0.0	ESE	0.00	1.0	ESE	79.1	87.1	87.1	85.9	19.389	0.00	0.00	0	0.00	0	0.0	0.00	0.0	0.000	0.294	-52.3	0	---	-52.4	-52.4	 .0631	0.000	700	1	100.0	30
07/31/20	11:00 p	78.8	79.2	78.8	100	78.8	0.0	---	0.00	0.0	---	78.8	86.3	86.3	85.0	29.692	0.00	0.00	0	0.00	0	0.0	0.00	0.0	0.000	0.288	-52.3	0	---	-52.4	-52.4	 .0967	0.000	703	1	100.0	30
07/31/20	11:30 p	78.9	79.0	78.7	100	78.9	0.0	---	0.00	0.0	---	78.9	86.6	86.6	85.3	29.692	0.00	0.00	0	0.00	0	0.0	0.00	0.0	0.000	0.290	-52.3	0	---	-52.4	-52.4	 .0967	0.000	698	1	100.0	30
08/01/20	12:00 a	78.8	78.9	78.7	100	78.8	0.0	---	0.00	0.0	---	78.8	86.3	86.3	85.0	29.695	0.00	0.00	0	0.00	0	0.0	0.00	0.0	0.000	0.288	-52.3	0	---	-52.4	-52.4	 .0967	0.000	702	1	100.0	30
