		Temp	Hi	Low	Out	Dew	Wind	Wind	Wind	Hi	Hi	Wind	Heat	THW	THSW			Rain	Solar	Solar	Hi Solar	UV 	UV 	Hi 	Heat	Cool	In 	In	In 	In 	In 	In Air		Wind	Wind	ISS 	Arc.
Date	Time	Out	Temp	Temp	Hum	Pt.	Speed	Dir	Run	Speed	Dir	Chill	Index	Index	Index	Bar  	Rain	Rate	Rad.	Energy	Rad. 	Index	Dose	UV 	D-D 	D-D 	Temp	Hum	Dew	Heat	EMC	Density	ET 	Samp	Tx 	Recept	Int.
06/01/20	12:30 a	75.7	75.8	75.7	100	75.7	0.0	---	0.00	0.0	---	75.7	79.8	79.8	78.7	29.878	0.00	0.00	0	0.00	0	0.0	0.00	0.0	0.000	0.223	77.7	96	76.5	83.0	21.75	 .0715	0.000	701	1	100.0	30
06/01/20	1:00 a	75.7	75.8	75.3	100	75.7	0.0	---	0.00	0.0	---	75.7	79.8	79.8	78.7	29.877	0.00	0.00	0	0.00	0	0.0	0.00	0.0	0.000	0.223	77.5	96	76.3	82.6	21.75	 .0715	0.000	700	1	100.0	30
06/01/20	1:30 a	75.4	75.7	75.3	100	75.4	0.0	---	0.00	0.0	---	75.4	79.4	79.4	78.3	29.868	0.00	0.00	0	0.00	0	0.0	0.00	0.0	0.000	0.217	77.3	96	76.1	82.2	21.75	 .0715	0.000	701	1	100.0	30
06/01/20	2:00 a	75.5	75.6	75.4	100	75.5	0.0	---	0.00	0.0	---	75.5	79.6	79.6	78.5	29.862	0.00	0.00	0	0.00	0	0.0	0.00	0.0	0.000	0.219	77.3	96	76.1	82.2	21.75	 .0715	0.000	699	1	100.0	30
06/01/20	2:30 a	75.7	75.7	75.4	100	75.7	0.0	---	0.00	0.0	---	75.7	79.8	79.8	78.7	29.858	0.00	0.00	0	0.00	0	0.0	0.00	0.0	0.000	0.223	77.4	96	76.2	82.4	21.75	 .0715	0.000	699	1	100.0	30
06/01/20	3:00 a	75.3	75.7	75.2	100	75.3	0.0	---	0.00	0.0	---	75.3	79.3	79.3	78.2	29.864	0.00	0.00	0	0.00	0	0.0	0.00	0.0	0.000	0.215	77.2	96	76.0	82.0	21.75	 .0716	0.000	701	1	100.0	30
06/01/20	3:30 a	75.1	75.3	75.0	100	75.1	0.0	---	0.00	0.0	---	75.1	78.9	78.9	77.8	29.869	0.00	0.00	0	0.00	0	0.0	0.00	0.0	0.000	0.210	77.0	96	75.8	81.6	21.75	 .0716	0.000	701	1	100.0	30
06/01/20	4:00 a	74.9	75.1	74.9	100	74.9	0.0	---	0.00	0.0	---	74.9	78.7	78.7	77.5	29.868	0.00	0.00	0	0.00	0	0.0	0.00	0.0	0.000	0.206	76.9	96	75.7	81.5	21.75	 .0716	0.000	701	1	100.0	30
06/01/20	4:30 a	74.9	75.0	74.8	100	74.9	0.0	---	0.00	0.0	---	74.9	78.7	78.7	77.5	29.873	0.00	0.00	0	0.00	0	0.0	0.00	0.0	0.000	0.206	76.8	96	75.6	81.3	21.75	 .0717	0.000	701	1	100.0	30
06/01/20	5:00 a	74.7	75.0	74.7	100	74.7	0.0	---	0.00	0.0	---	74.7	78.4	78.4	77.2	29.879	0.00	0.00	0	0.00	0	0.0	0.00	0.0	0.000	0.202	76.7	96	75.5	81.2	21.75	 .0717	0.000	700	1	100.0	30
06/01/20	5:30 a	74.8	74.8	74.6	100	74.8	0.0	---	0.00	0.0	---	74.8	78.6	78.6	77.5	29.877	0.00	0.00	2	0.09	11	0.0	0.00	0.0	0.000	0.204	76.6	96	75.4	81.0	21.75	 .0717	0.000	701	1	100.0	30
06/01/20	6:00 a	75.5	75.5	74.8	100	75.5	0.0	---	0.00	0.0	---	75.5	79.6	79.6	79.3	29.887	0.00	0.00	35	1.51	54	0.0	0.00	0.0	0.000	0.219	77.0	97	76.1	81.8	21.75	 .0716	0.000	701	1	100.0	30
06/01/20	6:30 a	76.2	76.2	75.5	100	76.2	0.0	---	0.00	0.0	---	76.2	80.7	80.7	83.1	29.894	0.00	0.00	66	2.84	90	0.0	0.00	0.0	0.000	0.233	77.7	97	76.8	83.2	21.75	 .0715	0.000	701	1	100.0	30
06/01/20	7:00 a	76.9	77.1	76.1	100	76.9	0.0	E	0.00	2.0	E	76.9	82.0	82.0	86.8	29.912	0.00	0.00	140	6.02	188	0.5	0.11	0.9	0.000	0.248	78.6	96	77.4	85.0	21.75	 .0714	0.002	696	1	100.0	30
06/01/20	7:30 a	77.9	78.0	76.8	100	77.9	0.0	SSE	0.00	2.0	SSE	77.9	84.2	84.2	91.7	29.916	0.00	0.00	246	10.58	399	1.2	0.26	1.6	0.000	0.269	80.0	96	78.8	88.4	21.75	 .0711	0.000	699	1	100.0	30
06/01/20	8:00 a	78.5	78.5	77.8	100	78.5	1.0	NNE	0.50	3.0	ESE	78.5	85.6	85.6	93.5	29.931	0.00	0.00	294	12.64	520	1.8	0.39	2.1	0.000	0.281	81.2	95	79.6	91.3	21.65	 .0709	0.007	699	1	100.0	30
06/01/20	8:30 a	79.2	79.4	78.5	100	79.2	0.0	---	0.00	0.0	---	79.2	87.4	87.4	92.6	29.934	0.00	0.00	210	9.03	285	2.1	0.45	2.7	0.000	0.296	81.6	93	79.4	91.9	21.28	 .0709	0.000	702	1	100.0	30
06/01/20	9:00 a	80.3	80.5	79.1	100	80.3	0.0	NNE	0.00	1.0	NNE	80.3	90.5	90.5	97.8	29.946	0.00	0.00	317	13.63	387	3.1	0.66	3.4	0.000	0.319	82.4	90	79.2	93.2	20.26	 .0708	0.006	699	1	100.0	30
06/01/20	9:30 a	81.7	82.0	80.2	100	81.7	0.0	S	0.00	4.0	S	81.7	94.7	94.7	103.8	29.948	0.00	0.00	425	18.28	638	4.1	0.88	4.4	0.000	0.348	83.2	89	79.6	95.1	19.63	 .0707	0.000	694	1	100.0	30
06/01/20	10:00 a	82.0	82.0	80.5	100	82.0	0.0	S	0.00	3.0	SSW	82.0	95.7	95.7	104.2	29.948	0.00	0.00	400	17.20	635	4.7	1.01	5.9	0.000	0.354	83.6	90	80.4	96.7	20.16	 .0706	0.010	697	1	100.0	30
06/01/20	10:30 a	83.4	83.4	82.0	100	83.4	1.0	WSW	0.50	6.0	SW	83.4	100.8	100.8	111.6	29.938	0.00	0.00	532	22.88	802	6.1	1.31	9.4	0.000	0.383	84.5	89	80.9	99.0	19.50	 .0704	0.000	702	1	100.0	30
06/01/20	11:00 a	83.6	85.4	83.3	100	83.6	1.0	SSW	0.50	6.0	SW	83.6	101.5	101.5	114.8	29.933	0.00	0.00	793	34.10	1213	8.9	1.91	11.1	0.000	0.387	85.8	86	81.1	101.3	18.00	 .0702	0.018	699	1	100.0	30
06/01/20	11:30 a	82.6	83.7	82.2	100	82.6	1.0	WSW	0.50	5.0	S	82.6	97.8	97.8	106.4	29.928	0.00	0.00	393	16.90	580	5.2	1.11	6.8	0.000	0.367	85.7	85	80.7	100.4	17.61	 .0702	0.000	702	1	100.0	30
06/01/20	12:00 p	84.1	84.1	81.8	100	84.1	0.0	S	0.00	3.0	S	84.1	103.5	103.5	114.5	29.911	0.00	0.00	537	23.09	926	6.8	1.46	8.9	0.000	0.398	85.5	86	80.8	100.4	18.02	 .0702	0.012	700	1	100.0	30
06/01/20	12:30 p	83.6	84.3	83.6	100	83.6	1.0	SW	0.50	5.0	S	83.6	101.5	101.5	113.8	29.901	0.00	0.00	653	28.08	963	7.3	1.56	9.6	0.000	0.387	86.0	87	81.7	102.5	18.39	 .0700	0.000	702	1	100.0	30
06/01/20	1:00 p	83.6	83.9	82.9	100	83.6	1.0	NNW	0.50	3.0	N	83.6	101.5	101.5	111.1	29.901	0.00	0.00	457	19.65	596	5.4	1.16	6.3	0.000	0.387	85.7	86	81.0	101.0	18.01	 .0701	0.014	699	1	100.0	30
06/01/20	1:30 p	83.0	84.1	82.5	100	83.0	1.0	S	0.50	5.0	S	83.0	99.2	99.2	107.5	29.878	0.00	0.00	382	16.43	487	4.3	0.92	5.5	0.000	0.375	85.6	86	80.9	100.7	18.01	 .0701	0.000	701	1	100.0	30
06/01/20	2:00 p	81.3	83.0	81.3	100	81.3	0.0	SW	0.00	3.0	SE	81.3	93.5	93.5	99.1	29.871	0.00	0.00	246	10.58	353	2.5	0.54	3.6	0.000	0.340	85.1	86	80.4	99.2	18.04	 .0702	0.008	703	1	100.0	30
06/01/20	2:30 p	81.0	81.5	80.8	100	81.0	0.0	N	0.00	1.0	N	81.0	92.5	92.5	96.3	29.857	0.00	0.00	164	7.05	204	1.6	0.34	1.9	0.000	0.333	84.6	88	80.6	98.8	18.89	 .0702	0.000	699	1	100.0	30
06/01/20	3:00 p	81.1	81.7	80.8	100	81.1	0.0	E	0.00	2.0	ENE	81.1	92.8	92.8	97.4	29.857	0.00	0.00	181	7.78	211	1.6	0.34	1.9	0.000	0.335	84.5	88	80.6	98.6	18.90	 .0702	0.004	702	1	100.0	30
06/01/20	3:30 p	80.5	81.2	80.5	100	80.5	0.0	NE	0.00	7.0	SE	80.5	91.1	91.1	93.5	29.846	0.00	0.00	92	3.96	104	0.7	0.15	0.8	0.000	0.323	83.7	89	80.1	96.7	19.58	 .0703	0.000	699	1	100.0	30
06/01/20	4:00 p	79.4	80.5	79.4	100	79.4	1.0	SE	0.50	10.0	NE	79.4	87.9	87.9	89.9	29.851	0.00	0.00	72	3.10	116	0.3	0.06	0.7	0.000	0.300	82.7	90	79.5	94.0	20.23	 .0705	0.002	699	1	100.0	30
06/01/20	4:30 p	78.6	79.7	78.6	100	78.6	1.0	ENE	0.50	8.0	S	78.6	85.8	85.8	88.6	29.851	0.00	0.00	81	3.48	120	0.3	0.06	0.7	0.000	0.283	82.2	90	79.0	92.6	20.27	 .0706	0.000	700	1	100.0	30
06/01/20	5:00 p	78.7	78.9	78.5	100	78.7	1.0	ENE	0.50	5.0	NNE	78.7	86.1	86.1	87.2	------	0.00	0.00	34	1.46	37	0.0	0.00	0.0	0.000	0.285	81.5	90	78.3	90.6	20.33	20.33	0.001	700	1	100.0	30
06/01/20	5:30 p	77.8	78.6	77.7	100	77.8	0.0	ENE	0.00	3.0	ENE	77.8	84.0	84.0	83.3	------	0.00	0.00	14	0.60	30	0.0	0.00	0.0	0.000	0.267	81.0	91	78.1	89.5	20.97	20.97	0.000	696	1	100.0	30
06/01/20	6:00 p	77.4	77.8	77.3	100	77.4	0.0	ENE	0.00	2.0	ENE	77.4	83.1	83.1	82.0	------	0.09	0.67	0	0.00	5	0.0	0.00	0.0	0.000	0.258	80.4	91	77.5	88.0	21.02	21.02	0.000	698	1	100.0	30
06/01/20	6:30 p	77.1	77.4	77.1	100	77.1	0.0	---	0.00	0.0	---	77.1	82.4	82.4	81.3	------	0.10	0.75	0	0.00	0	0.0	0.00	0.0	0.000	0.252	80.0	92	77.5	87.3	21.15	21.15	0.000	699	1	100.0	30
06/01/20	7:00 p	76.1	77.1	76.1	100	76.1	0.0	ENE	0.00	2.0	ENE	76.1	80.5	80.5	79.4	29.896	0.39	2.47	0	0.00	0	0.0	0.00	0.0	0.000	0.231	79.5	92	77.0	86.2	21.14	 .0712	0.000	700	1	100.0	30
06/01/20	7:30 p	75.7	76.1	75.7	100	75.7	0.0	ENE	0.00	1.0	ENE	75.7	79.8	79.8	78.6	29.888	0.10	1.84	0	0.00	0	0.0	0.00	0.0	0.000	0.223	78.9	92	76.4	84.9	21.13	 .0714	0.000	702	1	100.0	30
06/01/20	8:00 p	75.7	75.8	75.5	100	75.7	0.0	ENE	0.00	1.0	ENE	75.7	79.8	79.8	78.6	29.903	0.01	0.04	0	0.00	0	0.0	0.00	0.0	0.000	0.223	78.7	93	76.5	84.7	21.22	 .0714	0.000	700	1	100.0	30
06/01/20	8:30 p	75.5	75.7	75.5	100	75.5	0.0	ENE	0.00	1.0	ENE	75.5	79.6	79.6	78.4	29.913	0.00	0.00	0	0.00	0	0.0	0.00	0.0	0.000	0.219	78.4	93	76.2	84.0	21.22	 .0715	0.000	699	1	100.0	30
06/01/20	9:00 p	75.1	75.5	75.0	100	75.1	0.0	---	0.00	0.0	---	75.1	78.9	78.9	77.7	29.910	0.00	0.00	0	0.00	0	0.0	0.00	0.0	0.000	0.210	78.0	93	75.8	83.2	21.21	 .0716	0.000	701	1	100.0	30
06/01/20	9:30 p	75.3	75.3	75.0	100	75.3	0.0	---	0.00	0.0	---	75.3	79.3	79.3	78.1	29.915	0.00	0.00	0	0.00	0	0.0	0.00	0.0	0.000	0.215	77.7	94	75.8	82.7	21.35	 .0716	0.000	702	1	100.0	30
06/01/20	10:00 p	75.5	75.5	75.2	100	75.5	0.0	---	0.00	0.0	---	75.5	79.6	79.6	78.4	29.919	0.00	0.00	0	0.00	0	0.0	0.00	0.0	0.000	0.219	77.7	94	75.8	82.7	21.35	 .0716	0.000	698	1	100.0	30
06/01/20	10:30 p	75.7	75.7	75.5	100	75.7	0.0	ENE	0.00	4.0	SSE	75.7	79.8	79.8	78.6	29.904	0.00	0.00	0	0.00	0	0.0	0.00	0.0	0.000	0.223	77.7	95	76.2	82.8	21.65	 .0716	0.000	695	1	100.0	30
06/01/20	11:00 p	75.8	75.8	75.5	100	75.8	0.0	SSE	0.00	1.0	SSE	75.8	80.0	80.0	78.8	29.900	0.00	0.00	0	0.00	0	0.0	0.00	0.0	0.000	0.225	77.7	95	76.2	82.8	21.65	 .0716	0.000	695	1	100.0	30
06/01/20	11:30 p	75.7	75.8	75.7	100	75.7	0.0	SSE	0.00	1.0	SSE	75.7	79.8	79.8	78.6	29.885	0.00	0.00	0	0.00	0	0.0	0.00	0.0	0.000	0.223	77.7	95	76.2	82.8	21.65	 .0715	0.000	702	1	100.0	30
06/02/20	12:00 a	75.5	75.7	75.4	100	75.5	0.0	SSE	0.00	1.0	SSE	75.5	79.6	79.6	78.4	29.878	0.00	0.00	0	0.00	0	0.0	0.00	0.0	0.000	0.219	77.5	95	76.0	82.4	21.65	 .0715	0.000	702	1	100.0	30
06/02/20	12:30 a	75.3	75.5	75.2	100	75.3	0.0	SSE	0.00	1.0	SSE	75.3	79.3	79.3	78.1	29.869	0.00	0.00	0	0.00	0	0.0	0.00	0.0	0.000	0.215	77.4	95	75.9	82.3	21.65	 .0715	0.000	698	1	100.0	30
06/02/20	1:00 a	74.8	75.4	74.8	100	74.8	0.0	SSE	0.00	1.0	SSE	74.8	78.6	78.6	77.4	------	0.00	0.00	0	0.00	0	0.0	0.00	0.0	0.000	0.204	77.1	95	75.6	81.7	21.65	21.65	0.000	697	1	100.0	30
06/02/20	1:30 a	74.7	74.9	74.7	100	74.7	0.0	SSE	0.00	1.0	SSE	74.7	78.4	78.4	77.2	------	0.00	0.00	0	0.00	0	0.0	0.00	0.0	0.000	0.202	76.8	95	75.3	81.2	21.65	21.65	0.000	700	1	100.0	30
06/02/20	2:00 a	74.4	74.8	74.4	100	74.4	0.0	SSE	0.00	1.0	SSE	74.4	78.1	78.1	76.9	------	0.00	0.00	0	0.00	0	0.0	0.00	0.0	0.000	0.196	76.6	95	75.1	80.9	21.65	21.65	0.000	698	1	100.0	30
06/02/20	2:30 a	74.2	74.4	74.2	100	74.2	0.0	---	0.00	0.0	---	74.2	77.8	77.8	76.6	29.086	0.00	0.00	0	0.00	0	0.0	0.00	0.0	0.000	0.192	76.4	95	74.9	80.6	21.65	 .0698	0.000	699	1	100.0	30
06/02/20	3:00 a	74.0	74.2	73.9	100	74.0	0.0	SSE	0.00	1.0	SSE	74.0	77.6	77.6	76.4	29.843	0.00	0.00	0	0.00	0	0.0	0.00	0.0	0.000	0.188	76.1	95	74.6	80.1	21.65	 .0717	0.000	696	1	100.0	30
06/02/20	3:30 a	73.7	74.0	73.7	100	73.7	0.0	SSE	0.00	2.0	SSE	73.7	77.3	77.3	76.0	29.816	0.00	0.00	0	0.00	0	0.0	0.00	0.0	0.000	0.181	75.9	96	74.7	79.9	21.75	 .0717	0.000	700	1	100.0	30
06/02/20	4:00 a	74.0	74.1	73.5	100	74.0	0.0	N	0.00	4.0	N	74.0	77.6	77.6	76.4	29.816	0.00	0.00	0	0.00	0	0.0	0.00	0.0	0.000	0.188	75.8	96	74.6	79.8	21.75	 .0717	0.000	702	1	100.0	30
06/02/20	4:30 a	73.9	74.1	73.8	100	73.9	0.0	N	0.00	2.0	N	73.9	77.5	77.5	76.2	29.816	0.00	0.00	0	0.00	0	0.0	0.00	0.0	0.000	0.185	75.9	96	74.7	79.9	21.75	 .0717	0.000	697	1	100.0	30
06/02/20	5:00 a	73.7	74.0	73.7	100	73.7	0.0	NW	0.00	1.0	NW	73.7	77.3	77.3	76.0	29.816	0.00	0.00	0	0.00	0	0.0	0.00	0.0	0.000	0.181	75.9	96	74.7	79.9	21.75	 .0717	0.000	702	1	100.0	30
06/02/20	5:30 a	74.4	74.4	73.7	100	74.4	0.0	---	0.00	0.0	---	74.4	78.1	78.1	76.9	29.816	0.00	0.00	1	0.04	7	0.0	0.00	0.0	0.000	0.196	75.9	96	74.7	79.9	21.75	 .0717	0.000	699	1	100.0	30
06/02/20	6:00 a	75.0	75.0	74.4	100	75.0	0.0	---	0.00	0.0	---	75.0	78.8	78.8	78.1	29.816	0.00	0.00	19	0.82	30	0.0	0.00	0.0	0.000	0.208	76.4	97	75.5	80.8	21.75	 .0716	0.000	702	1	100.0	30
06/02/20	6:30 a	75.6	75.7	75.0	100	75.6	0.0	---	0.00	0.0	---	75.6	79.7	79.7	80.5	29.816	0.00	0.00	34	1.46	44	0.0	0.00	0.0	0.000	0.221	76.9	97	76.0	81.6	21.75	 .0715	0.000	701	1	100.0	30
06/02/20	7:00 a	76.3	76.5	75.5	100	76.3	0.0	---	0.00	0.0	---	76.3	80.9	80.9	82.9	29.881	0.00	0.00	67	2.88	107	0.0	0.00	0.0	0.000	0.235	77.5	97	76.6	82.8	21.75	 .0715	0.001	698	1	100.0	30
06/02/20	7:30 a	77.1	77.2	76.3	100	77.1	0.0	---	0.00	0.0	---	77.1	82.4	82.4	85.7	29.886	0.00	0.00	114	4.90	171	0.6	0.13	1.0	0.000	0.252	78.3	97	77.4	84.5	21.75	 .0714	0.000	701	1	100.0	30
06/02/20	8:00 a	77.6	78.2	77.1	100	77.6	0.0	S	0.00	2.0	S	77.6	83.5	83.5	89.5	29.893	0.00	0.00	220	9.46	281	1.3	0.28	1.6	0.000	0.262	79.4	96	78.2	87.0	21.75	 .0712	0.004	700	1	100.0	30
06/02/20	8:30 a	78.5	78.6	77.5	100	78.5	1.0	S	0.50	3.0	SSW	78.5	85.6	85.6	90.3	29.693	0.00	0.00	194	8.34	287	1.3	0.28	1.7	0.000	0.281	80.0	96	78.8	88.4	21.75	 .0705	0.000	700	1	100.0	30
06/02/20	9:00 a	79.2	79.3	78.0	100	79.2	0.0	ESE	0.00	2.0	SE	79.2	87.4	87.4	93.6	29.693	0.00	0.00	269	11.57	401	2.5	0.54	3.4	0.000	0.296	80.7	95	79.1	89.9	21.65	 .0704	0.006	702	1	100.0	30
06/02/20	9:30 a	80.3	80.5	79.0	100	80.3	1.0	E	0.50	3.0	E	80.3	90.5	90.5	98.1	29.693	0.00	0.00	350	15.05	483	3.2	0.69	4.1	0.000	0.319	81.0	95	79.4	90.7	21.65	 .0704	0.000	698	1	100.0	30
06/02/20	10:00 a	79.1	80.5	79.1	100	79.1	1.0	SSE	0.50	5.0	SSE	79.1	87.1	87.1	91.6	29.693	0.00	0.00	212	9.12	299	2.3	0.49	3.3	0.000	0.294	81.8	95	80.2	93.3	21.65	 .0702	0.007	696	1	100.0	30
06/02/20	10:30 a	80.3	80.6	78.9	100	80.3	1.0	ESE	0.50	3.0	ESE	80.3	90.5	90.5	97.8	29.693	0.00	0.00	336	14.45	436	3.7	0.79	4.9	0.000	0.319	81.8	95	80.2	93.3	21.65	 .0702	0.000	701	1	100.0	30
06/02/20	11:00 a	79.5	80.7	79.5	100	79.5	1.0	SE	0.50	6.0	W	79.5	88.2	88.2	92.6	29.693	0.00	0.00	206	8.86	279	2.9	0.62	3.9	0.000	0.302	82.2	93	80.0	93.8	21.29	 .0702	0.007	699	1	100.0	30
06/02/20	11:30 a	79.4	80.1	79.3	100	79.4	1.0	SSE	0.50	7.0	ESE	79.4	87.9	87.9	94.1	29.693	0.00	0.00	277	11.91	506	3.6	0.77	5.6	0.000	0.300	82.2	93	80.0	93.8	21.29	 .0702	0.000	698	1	100.0	30
06/02/20	12:00 p	79.7	80.2	79.1	100	79.7	1.0	S	0.50	3.0	SSE	79.7	88.8	88.8	95.1	29.693	0.01	0.00	284	12.21	475	3.7	0.79	5.3	0.000	0.306	82.3	93	80.1	94.1	21.30	 .0701	0.007	698	1	100.0	30
06/02/20	12:30 p	80.5	81.0	79.5	100	80.5	1.0	SSE	0.50	4.0	S	80.5	91.1	91.1	98.8	29.693	0.00	0.00	358	15.40	425	4.5	0.96	5.2	0.000	0.323	82.5	93	80.3	94.7	21.30	 .0701	0.000	699	1	100.0	30
06/02/20	1:00 p	81.9	82.2	80.5	100	81.9	1.0	SSE	0.50	7.0	SSE	81.9	95.4	95.4	104.4	29.693	0.00	0.00	427	18.36	638	4.8	1.03	6.3	0.000	0.352	83.6	93	81.4	98.2	21.32	 .0699	0.010	698	1	100.0	30
06/02/20	1:30 p	82.9	83.0	81.2	100	82.9	1.0	SE	0.50	9.0	SSE	82.9	98.9	98.9	110.0	29.693	0.00	0.00	560	24.08	773	5.4	1.16	6.7	0.000	0.373	83.8	91	80.9	97.9	20.75	 .0699	0.000	701	1	100.0	30
06/02/20	2:00 p	82.1	83.6	81.9	100	82.1	1.0	ENE	0.50	4.0	E	82.1	96.0	96.0	106.2	29.846	0.00	0.00	483	20.77	689	4.7	1.01	6.0	0.000	0.356	84.2	88	80.3	97.8	18.93	 .0703	0.013	699	1	100.0	30
06/02/20	2:30 p	82.2	82.9	81.7	100	82.2	1.0	SSE	0.50	7.0	NW	82.2	96.4	96.4	105.5	29.846	0.00	0.00	396	17.03	817	3.4	0.73	5.5	0.000	0.358	84.2	88	80.3	97.8	18.93	 .0703	0.000	699	1	100.0	30
06/02/20	3:00 p	80.7	82.1	80.2	100	80.7	1.0	SE	0.50	7.0	SSE	80.7	91.6	91.6	97.7	29.846	0.00	0.00	234	10.06	334	2.0	0.43	2.7	0.000	0.327	84.2	88	80.3	97.8	18.93	 .0703	0.008	701	1	100.0	30
06/02/20	3:30 p	79.6	80.9	79.4	100	79.6	0.0	NE	0.00	4.0	NE	79.6	88.5	88.5	92.6	29.846	0.00	0.00	146	6.28	162	1.0	0.21	1.1	0.000	0.304	84.2	88	80.3	97.8	18.93	 .0703	0.000	700	1	100.0	30
06/02/20	4:00 p	80.0	80.4	79.5	100	80.0	0.0	SSE	0.00	5.0	S	80.0	89.6	89.6	94.9	29.846	0.00	0.00	160	6.88	195	0.7	0.15	1.0	0.000	0.313	84.2	88	80.3	97.8	18.93	 .0703	0.004	698	1	100.0	30
06/02/20	4:30 p	79.2	80.3	79.2	100	79.2	0.0	SE	0.00	5.0	SE	79.2	87.4	87.4	90.4	29.846	0.00	0.00	85	3.66	113	0.1	0.02	0.5	0.000	0.296	82.0	91	79.1	92.5	20.89	 .0706	0.000	697	1	100.0	30
06/02/20	5:00 p	78.8	79.5	78.7	100	78.8	0.0	SE	0.00	2.0	SE	78.8	86.3	86.3	87.3	29.846	0.00	0.00	32	1.38	40	0.0	0.00	0.0	0.000	0.288	81.4	92	78.9	91.0	21.18	 .0707	0.001	701	1	100.0	30
06/02/20	5:30 p	78.0	78.8	78.0	100	78.0	0.0	SE	0.00	1.0	SE	78.0	84.4	84.4	83.7	29.846	0.00	0.00	12	0.52	19	0.0	0.00	0.0	0.000	0.271	80.7	93	78.5	89.3	21.26	 .0709	0.000	698	1	100.0	30
06/02/20	6:00 p	77.9	78.2	77.9	100	77.9	0.0	SE	0.00	1.0	SE	77.9	84.2	84.2	83.1	29.846	0.00	0.00	0	0.00	5	0.0	0.00	0.0	0.000	0.269	80.4	93	78.2	88.6	21.26	 .0709	0.000	698	1	100.0	30
06/02/20	6:30 p	77.4	77.9	77.4	100	77.4	0.0	SE	0.00	1.0	SE	77.4	83.1	83.1	82.0	29.846	0.00	0.00	0	0.00	0	0.0	0.00	0.0	0.000	0.258	80.1	93	77.9	87.8	21.25	 .0710	0.000	696	1	100.0	30
06/02/20	7:00 p	77.1	77.4	76.9	100	77.1	0.0	SE	0.00	1.0	SE	77.1	82.4	82.4	81.3	29.846	0.01	0.00	0	0.00	0	0.0	0.00	0.0	0.000	0.252	79.7	93	77.5	86.9	21.24	 .0711	0.000	701	1	100.0	30
06/02/20	7:30 p	76.7	77.2	76.6	100	76.7	0.0	SE	0.00	1.0	SE	76.7	81.6	81.6	80.5	29.846	0.00	0.00	0	0.00	0	0.0	0.00	0.0	0.000	0.244	79.3	94	77.4	86.3	21.35	 .0711	0.000	700	1	100.0	30
06/02/20	8:00 p	76.3	76.7	76.2	100	76.3	0.0	---	0.00	0.0	---	76.3	80.9	80.9	79.8	29.846	0.00	0.00	0	0.00	0	0.0	0.00	0.0	0.000	0.235	78.9	94	77.0	85.4	21.35	 .0712	0.000	699	1	100.0	30
06/02/20	8:30 p	76.2	76.4	76.1	100	76.2	0.0	SE	0.00	1.0	SE	76.2	80.7	80.7	79.6	29.883	0.00	0.00	0	0.00	0	0.0	0.00	0.0	0.000	0.233	78.7	94	76.8	84.9	21.35	 .0713	0.000	700	1	100.0	30
06/02/20	9:00 p	76.0	76.2	75.9	100	76.0	0.0	---	0.00	0.0	---	76.0	80.3	80.3	79.2	29.882	0.00	0.00	0	0.00	0	0.0	0.00	0.0	0.000	0.229	78.5	94	76.6	84.4	21.35	 .0714	0.000	702	1	100.0	30
06/02/20	9:30 p	76.0	76.2	75.9	100	76.0	0.0	---	0.00	0.0	---	76.0	80.3	80.3	79.2	29.880	0.00	0.00	0	0.00	0	0.0	0.00	0.0	0.000	0.229	78.3	95	76.7	84.1	21.65	 .0714	0.000	699	1	100.0	30
06/02/20	10:00 p	76.0	76.0	75.8	100	76.0	0.0	---	0.00	0.0	---	76.0	80.3	80.3	79.2	29.877	0.00	0.00	0	0.00	0	0.0	0.00	0.0	0.000	0.229	78.2	95	76.6	83.9	21.65	 .0714	0.000	698	1	100.0	30
06/02/20	10:30 p	75.8	76.1	75.8	100	75.8	0.0	---	0.00	0.0	---	75.8	80.0	80.0	78.8	29.877	0.00	0.00	0	0.00	0	0.0	0.00	0.0	0.000	0.225	78.1	95	76.6	83.6	21.65	 .0714	0.000	702	1	100.0	30
06/02/20	11:00 p	75.8	75.9	75.7	100	75.8	0.0	---	0.00	0.0	---	75.8	80.0	80.0	78.8	29.877	0.00	0.00	0	0.00	0	0.0	0.00	0.0	0.000	0.225	78.0	95	76.5	83.4	21.65	 .0714	0.000	698	1	100.0	30
06/02/20	11:30 p	75.8	75.8	75.7	100	75.8	0.0	---	0.00	0.0	---	75.8	80.0	80.0	78.8	29.877	0.00	0.00	0	0.00	0	0.0	0.00	0.0	0.000	0.225	77.9	95	76.4	83.2	21.65	 .0715	0.000	702	1	100.0	30
06/03/20	12:00 a	75.7	75.8	75.6	100	75.7	0.0	SE	0.00	1.0	SE	75.7	79.8	79.8	78.6	29.877	0.00	0.00	0	0.00	0	0.0	0.00	0.0	0.000	0.223	77.9	95	76.4	83.2	21.65	 .0715	0.000	701	1	100.0	30
06/03/20	12:30 a	75.8	75.8	75.7	100	75.8	0.0	SE	0.00	1.0	SE	75.8	80.0	80.0	78.8	29.877	0.00	0.00	0	0.00	0	0.0	0.00	0.0	0.000	0.225	77.9	95	76.4	83.2	21.65	 .0715	0.000	699	1	100.0	30
06/03/20	1:00 a	75.8	75.9	75.6	100	75.8	0.0	SE	0.00	1.0	SE	75.8	80.0	80.0	78.8	29.816	0.00	0.00	0	0.00	0	0.0	0.00	0.0	0.000	0.225	77.6	96	76.4	82.8	21.75	 .0713	0.000	699	1	100.0	30
06/03/20	1:30 a	75.7	75.8	75.6	100	75.7	0.0	---	0.00	0.0	---	75.7	79.8	79.8	78.6	29.809	0.00	0.00	0	0.00	0	0.0	0.00	0.0	0.000	0.223	77.5	96	76.3	82.6	21.75	 .0714	0.000	700	1	100.0	30
06/03/20	2:00 a	75.5	75.7	75.4	100	75.5	0.0	---	0.00	0.0	---	75.5	79.6	79.6	78.4	29.794	0.00	0.00	0	0.00	0	0.0	0.00	0.0	0.000	0.219	77.4	96	76.2	82.4	21.75	 .0713	0.000	701	1	100.0	30
06/03/20	2:30 a	75.3	75.5	75.3	100	75.3	0.0	---	0.00	0.0	---	75.3	79.3	79.3	78.1	29.787	0.00	0.00	0	0.00	0	0.0	0.00	0.0	0.000	0.215	77.3	96	76.1	82.2	21.75	 .0713	0.000	701	1	100.0	30
06/03/20	3:00 a	75.0	75.4	75.0	100	75.0	0.0	---	0.00	0.0	---	75.0	78.8	78.8	77.6	29.787	0.00	0.00	0	0.00	0	0.0	0.00	0.0	0.000	0.208	77.3	96	76.1	82.2	21.75	 .0713	0.000	699	1	100.0	30
06/03/20	3:30 a	74.6	75.0	74.6	100	74.6	0.0	---	0.00	0.0	---	74.6	78.3	78.3	77.1	29.787	0.00	0.00	0	0.00	0	0.0	0.00	0.0	0.000	0.200	77.3	96	76.1	82.2	21.75	 .0713	0.000	700	1	100.0	30
06/03/20	4:00 a	74.2	74.7	74.2	100	74.2	0.0	SE	0.00	1.0	SE	74.2	77.8	77.8	76.6	29.787	0.00	0.00	0	0.00	0	0.0	0.00	0.0	0.000	0.192	77.3	96	76.1	82.2	21.75	 .0713	0.000	700	1	100.0	30
06/03/20	4:30 a	74.0	74.3	74.0	100	74.0	0.0	---	0.00	0.0	---	74.0	77.6	77.6	76.4	29.779	0.00	0.00	0	0.00	0	0.0	0.00	0.0	0.000	0.188	76.3	96	75.1	80.5	21.75	 .0715	0.000	700	1	100.0	30
06/03/20	5:00 a	73.8	74.0	73.8	100	73.8	0.0	---	0.00	0.0	---	73.8	77.4	77.4	76.1	29.786	0.00	0.00	0	0.00	0	0.0	0.00	0.0	0.000	0.183	76.0	96	74.8	80.1	21.75	 .0716	0.000	696	1	100.0	30
06/03/20	5:30 a	74.1	74.1	73.7	100	74.1	0.0	SE	0.00	1.0	SE	74.1	77.7	77.7	76.5	29.802	0.00	0.00	2	0.09	11	0.0	0.00	0.0	0.000	0.190	76.0	96	74.8	80.1	21.75	 .0716	0.000	700	1	100.0	30
06/03/20	6:00 a	74.5	74.6	74.0	100	74.5	0.0	---	0.00	0.0	---	74.5	78.2	78.2	77.7	29.812	0.00	0.00	30	1.29	42	0.0	0.00	0.0	0.000	0.198	76.4	96	75.2	80.7	21.75	 .0716	0.000	699	1	100.0	30
06/03/20	6:30 a	75.5	75.5	74.5	100	75.5	0.0	SE	0.00	1.0	SE	75.5	79.6	79.6	81.4	29.822	0.00	0.00	55	2.37	67	0.0	0.00	0.0	0.000	0.219	77.4	96	76.2	82.4	21.75	 .0714	0.000	701	1	100.0	30
06/03/20	7:00 a	76.3	76.3	75.5	100	76.3	0.0	SE	0.00	1.0	SE	76.3	80.9	80.9	83.4	29.839	0.00	0.00	79	3.40	114	0.5	0.11	0.8	0.000	0.235	78.5	96	77.3	84.8	21.75	 .0712	0.002	698	1	100.0	30
06/03/20	7:30 a	77.8	78.0	76.3	100	77.8	0.0	SE	0.00	2.0	SE	77.8	84.0	84.0	88.1	29.843	0.00	0.00	138	5.93	253	0.8	0.17	1.2	0.000	0.267	79.4	96	78.2	87.0	21.75	 .0710	0.000	701	1	100.0	30
06/03/20	8:00 a	76.8	78.1	76.5	100	76.8	1.0	E	0.50	5.0	NE	76.8	81.8	81.8	85.1	29.863	0.40	4.54	131	5.63	158	0.8	0.17	1.2	0.000	0.246	79.8	95	78.2	87.6	21.65	 .0710	0.003	701	1	100.0	30
06/03/20	8:30 a	77.9	78.0	76.8	100	77.9	0.0	E	0.00	1.0	E	77.9	84.2	84.2	87.5	29.875	0.03	0.39	143	6.15	202	1.2	0.26	1.5	0.000	0.269	80.0	95	78.4	88.1	21.65	 .0710	0.000	700	1	100.0	30
06/03/20	9:00 a	78.0	78.1	77.4	100	78.0	0.0	E	0.00	1.0	E	78.0	84.4	84.4	87.4	29.879	0.04	0.14	143	6.15	176	1.5	0.32	1.9	0.000	0.271	80.0	96	78.8	88.4	21.75	 .0710	0.003	701	1	100.0	30
06/03/20	9:30 a	77.9	78.7	77.8	100	77.9	0.0	E	0.00	2.0	E	77.9	84.2	84.2	86.5	29.885	0.00	0.00	123	5.29	186	1.3	0.28	2.0	0.000	0.269	80.1	96	78.9	88.7	21.75	 .0710	0.000	701	1	100.0	30
06/03/20	10:00 a	77.4	78.1	77.3	100	77.4	1.0	S	0.50	4.0	SE	77.4	83.1	83.1	85.0	29.885	0.00	0.00	110	4.73	186	1.2	0.26	2.1	0.000	0.258	79.9	96	78.7	88.2	21.75	 .0710	0.003	699	1	100.0	30
06/03/20	10:30 a	77.4	78.1	77.3	100	77.4	1.0	S	0.50	3.0	S	77.4	83.1	83.1	85.6	29.896	0.00	0.00	134	5.76	257	1.5	0.32	2.7	0.000	0.258	80.1	95	78.5	88.4	21.65	 .0710	0.000	702	1	100.0	30
06/03/20	11:00 a	76.7	77.6	76.7	100	76.7	1.0	SSW	0.50	4.0	SW	76.7	81.6	81.6	83.8	29.891	0.01	0.00	124	5.33	158	1.6	0.34	2.0	0.000	0.244	79.8	95	78.2	87.6	21.65	 .0711	0.003	697	1	100.0	30
06/03/20	11:30 a	76.3	76.9	76.1	100	76.3	1.0	SE	0.50	5.0	S	76.3	80.9	80.9	83.3	29.877	0.00	0.00	130	5.59	193	1.6	0.34	2.3	0.000	0.235	79.5	94	77.6	86.7	21.35	 .0712	0.000	702	1	100.0	30
06/03/20	12:00 p	76.8	77.1	76.3	100	76.8	0.0	SSE	0.00	2.0	SSE	76.8	81.8	81.8	83.2	29.867	0.00	0.00	89	3.83	120	1.1	0.24	1.5	0.000	0.246	79.4	94	77.5	86.5	21.35	 .0711	0.003	700	1	100.0	30
06/03/20	12:30 p	76.1	76.9	76.1	100	76.1	0.0	SSE	0.00	1.0	SSE	76.1	80.5	80.5	81.0	29.843	0.11	0.40	54	2.32	84	0.4	0.09	1.1	0.000	0.231	78.8	94	76.9	85.1	21.35	 .0712	0.000	700	1	100.0	30
06/03/20	1:00 p	76.3	76.3	75.9	100	76.3	0.0	SSE	0.00	1.0	SSE	76.3	80.9	80.9	80.8	29.829	0.14	0.37	30	1.29	32	0.0	0.00	0.0	0.000	0.235	78.4	95	76.8	84.4	21.65	 .0712	0.001	702	1	100.0	30
06/03/20	1:30 p	76.5	76.5	76.2	100	76.5	0.0	SSE	0.00	1.0	SSE	76.5	81.3	81.3	81.3	29.821	0.08	0.29	33	1.42	35	0.0	0.00	0.0	0.000	0.240	78.5	95	76.9	84.6	21.65	 .0712	0.000	696	1	100.0	30
06/03/20	2:00 p	76.5	76.5	76.1	100	76.5	0.0	SSE	0.00	1.0	SSE	76.5	81.3	81.3	81.5	29.806	0.05	0.15	38	1.63	40	0.0	0.00	0.0	0.000	0.240	78.5	95	76.9	84.6	21.65	 .0712	0.001	700	1	100.0	30
06/03/20	2:30 p	76.6	76.6	76.4	100	76.6	0.0	---	0.00	0.0	---	76.6	81.4	81.4	81.9	29.796	0.01	0.08	49	2.11	62	0.1	0.02	0.6	0.000	0.242	78.8	95	77.2	85.3	21.65	 .0711	0.000	701	1	100.0	30
06/03/20	3:00 p	76.6	77.1	76.3	100	76.6	0.0	SSE	0.00	1.0	SSE	76.6	81.4	81.4	83.2	29.785	0.01	0.00	88	3.78	104	0.8	0.17	0.9	0.000	0.242	79.2	95	77.6	86.3	21.65	 .0710	0.002	701	1	100.0	30
06/03/20	3:30 p	76.5	77.2	76.5	100	76.5	0.0	SSE	0.00	1.0	SSE	76.5	81.3	81.3	83.6	30.147	0.00	0.00	94	4.04	104	0.7	0.15	0.9	0.000	0.240	79.2	95	77.6	86.3	21.65	 .0719	0.000	700	1	100.0	30
06/03/20	4:00 p	77.0	77.0	76.4	100	77.0	0.0	---	0.00	0.0	---	77.0	82.2	82.2	84.7	29.782	0.00	0.00	85	3.66	86	0.5	0.11	0.6	0.000	0.250	79.3	95	77.7	86.5	21.65	 .0709	0.002	698	1	100.0	30
06/03/20	4:30 p	77.1	77.3	76.9	100	77.1	0.0	---	0.00	0.0	---	77.1	82.4	82.4	84.8	30.096	0.00	0.00	71	3.05	84	0.0	0.00	0.5	0.000	0.252	79.1	95	77.5	86.0	21.65	 .0718	0.000	701	1	100.0	30
06/03/20	5:00 p	77.1	77.3	77.1	100	77.1	0.0	---	0.00	0.0	---	77.1	82.4	82.4	83.8	29.810	0.00	0.00	42	1.81	53	0.0	0.00	0.0	0.000	0.252	79.1	96	77.9	86.2	21.75	 .0710	0.001	700	1	100.0	30
06/03/20	5:30 p	76.8	77.1	76.8	100	76.8	0.0	---	0.00	0.0	---	76.8	81.8	81.8	81.2	29.815	0.00	0.00	24	1.03	30	0.0	0.00	0.0	0.000	0.246	78.9	96	77.7	85.8	21.75	 .0711	0.000	702	1	100.0	30
06/03/20	6:00 p	76.2	76.9	76.2	100	76.2	0.0	---	0.00	0.0	---	76.2	80.7	80.7	79.6	29.825	0.00	0.00	3	0.13	12	0.0	0.00	0.0	0.000	0.233	78.2	96	77.0	84.1	21.75	 .0712	0.000	700	1	100.0	30
06/03/20	6:30 p	75.7	76.2	75.7	100	75.7	0.0	---	0.00	0.0	---	75.7	79.8	79.8	78.6	29.829	0.00	0.00	0	0.00	0	0.0	0.00	0.0	0.000	0.223	77.8	96	76.6	83.2	21.75	 .0713	0.000	702	1	100.0	30
06/03/20	7:00 p	75.2	75.8	75.2	100	75.2	0.0	---	0.00	0.0	---	75.2	79.1	79.1	77.9	29.833	0.00	0.00	0	0.00	0	0.0	0.00	0.0	0.000	0.212	77.3	96	76.1	82.2	21.75	 .0715	0.000	698	1	100.0	30
06/03/20	7:30 p	74.9	75.2	74.8	100	74.9	0.0	SSE	0.00	1.0	SSE	74.9	78.7	78.7	77.5	29.839	0.00	0.00	0	0.00	0	0.0	0.00	0.0	0.000	0.206	77.0	96	75.8	81.6	21.75	 .0715	0.000	701	1	100.0	30
06/03/20	8:00 p	74.7	74.9	74.6	100	74.7	0.0	---	0.00	0.0	---	74.7	78.4	78.4	77.2	29.835	0.00	0.00	0	0.00	0	0.0	0.00	0.0	0.000	0.202	76.7	96	75.5	81.2	21.75	 .0716	0.000	702	1	100.0	30
06/03/20	8:30 p	74.6	74.7	74.5	100	74.6	0.0	---	0.00	0.0	---	74.6	78.3	78.3	77.1	29.839	0.00	0.00	0	0.00	0	0.0	0.00	0.0	0.000	0.200	76.5	96	75.3	80.8	21.75	 .0716	0.000	702	1	100.0	30
06/03/20	9:00 p	74.4	74.6	74.4	100	74.4	0.0	SSE	0.00	2.0	SSE	74.4	78.1	78.1	76.9	29.850	0.00	0.00	0	0.00	0	0.0	0.00	0.0	0.000	0.196	76.4	96	75.2	80.7	21.75	 .0717	0.000	698	1	100.0	30
06/03/20	9:30 p	74.1	74.4	73.9	100	74.1	0.0	SSE	0.00	1.0	SSE	74.1	77.7	77.7	76.5	29.855	0.00	0.00	0	0.00	0	0.0	0.00	0.0	0.000	0.190	76.1	96	74.9	80.2	21.75	 .0718	0.000	701	1	100.0	30
06/03/20	10:00 p	73.9	74.1	73.8	100	73.9	0.0	SSE	0.00	1.0	SSE	73.9	77.5	77.5	76.2	29.852	0.00	0.00	0	0.00	0	0.0	0.00	0.0	0.000	0.185	76.0	96	74.8	80.1	21.75	 .0718	0.000	701	1	100.0	30
06/03/20	10:30 p	73.6	73.9	73.6	100	73.6	0.0	---	0.00	0.0	---	73.6	77.2	77.2	75.9	29.847	0.00	0.00	0	0.00	0	0.0	0.00	0.0	0.000	0.179	75.8	96	74.6	79.8	21.75	 .0718	0.000	702	1	100.0	30
06/03/20	11:00 p	73.4	73.7	73.4	100	73.4	0.0	SSE	0.00	1.0	SSE	73.4	77.0	77.0	75.7	29.836	0.00	0.00	0	0.00	0	0.0	0.00	0.0	0.000	0.175	75.6	96	74.4	79.5	21.75	 .0718	0.000	699	1	100.0	30
06/03/20	11:30 p	73.4	73.5	73.3	100	73.4	0.0	---	0.00	0.0	---	73.4	77.0	77.0	75.7	29.834	0.00	0.00	0	0.00	0	0.0	0.00	0.0	0.000	0.175	75.5	96	74.3	79.4	21.75	 .0718	0.000	699	1	100.0	30
06/04/20	12:00 a	73.4	73.5	73.3	100	73.4	0.0	SSE	0.00	1.0	SSE	73.4	77.0	77.0	75.7	29.826	0.00	0.00	0	0.00	0	0.0	0.00	0.0	0.000	0.175	75.5	96	74.3	79.4	21.75	 .0718	0.000	701	1	100.0	30
06/04/20	12:30 a	73.3	73.5	73.3	100	73.3	0.0	SSE	0.00	1.0	SSE	73.3	76.9	76.9	75.6	29.818	0.00	0.00	0	0.00	0	0.0	0.00	0.0	0.000	0.173	75.4	96	74.2	79.3	21.75	 .0718	0.000	696	1	100.0	30
06/04/20	1:00 a	73.4	73.4	73.3	100	73.4	0.0	SSE	0.00	1.0	SSE	73.4	77.0	77.0	75.7	29.809	0.00	0.00	0	0.00	0	0.0	0.00	0.0	0.000	0.175	75.3	96	74.1	79.1	21.75	 .0718	0.000	700	1	100.0	30
06/04/20	1:30 a	73.5	73.5	73.3	100	73.5	0.0	SSE	0.00	1.0	SSE	73.5	77.1	77.1	75.8	29.799	0.00	0.00	0	0.00	0	0.0	0.00	0.0	0.000	0.177	75.3	97	74.4	79.2	21.75	 .0718	0.000	698	1	100.0	30
06/04/20	2:00 a	73.5	73.6	73.4	100	73.5	0.0	---	0.00	0.0	---	73.5	77.1	77.1	75.8	29.788	0.00	0.00	0	0.00	0	0.0	0.00	0.0	0.000	0.177	75.3	97	74.4	79.2	21.75	 .0717	0.000	700	1	100.0	30
06/04/20	2:30 a	73.5	73.7	73.5	100	73.5	0.0	---	0.00	0.0	---	73.5	77.1	77.1	75.8	29.787	0.00	0.00	0	0.00	0	0.0	0.00	0.0	0.000	0.177	75.3	97	74.4	79.2	21.75	 .0717	0.000	700	1	100.0	30
06/04/20	3:00 a	73.4	73.7	73.4	100	73.4	0.0	---	0.00	0.0	---	73.4	77.0	77.0	75.7	29.787	0.00	0.00	0	0.00	0	0.0	0.00	0.0	0.000	0.175	75.2	97	74.3	79.0	21.75	 .0717	0.000	702	1	100.0	30
06/04/20	3:30 a	73.2	73.4	73.2	100	73.2	0.0	---	0.00	0.0	---	73.2	76.8	76.8	75.5	29.778	0.00	0.00	0	0.00	0	0.0	0.00	0.0	0.000	0.171	75.1	97	74.2	78.9	21.75	 .0717	0.000	700	1	100.0	30
06/04/20	4:00 a	72.9	73.3	72.8	100	72.9	0.0	SSE	0.00	1.0	SSE	72.9	76.5	76.5	75.2	29.778	0.00	0.00	0	0.00	0	0.0	0.00	0.0	0.000	0.165	74.9	97	74.0	78.6	21.75	 .0718	0.000	702	1	100.0	30
06/04/20	4:30 a	73.0	73.1	72.9	100	73.0	0.0	SSE	0.00	1.0	SSE	73.0	76.6	76.6	75.3	29.780	0.00	0.00	0	0.00	0	0.0	0.00	0.0	0.000	0.167	74.8	97	73.9	78.4	21.75	 .0718	0.000	700	1	100.0	30
06/04/20	5:00 a	73.0	73.1	72.9	100	73.0	0.0	SSE	0.00	1.0	SSE	73.0	76.6	76.6	75.3	29.780	0.00	0.00	0	0.00	0	0.0	0.00	0.0	0.000	0.167	74.8	97	73.9	78.4	21.75	 .0718	0.000	701	1	100.0	30
06/04/20	5:30 a	73.0	73.1	72.8	100	73.0	0.0	---	0.00	0.0	---	73.0	76.6	76.6	75.4	29.192	0.00	0.00	2	0.09	9	0.0	0.00	0.0	0.000	0.167	74.8	97	73.9	78.4	21.75	 .0704	0.000	701	1	100.0	30
06/04/20	6:00 a	73.6	73.6	73.0	100	73.6	0.0	---	0.00	0.0	---	73.6	77.2	77.2	76.4	29.192	0.00	0.00	23	0.99	46	0.0	0.00	0.0	0.000	0.179	74.9	97	74.0	78.6	21.75	 .0703	0.000	700	1	100.0	30
06/04/20	6:30 a	74.3	74.3	73.5	100	74.3	0.0	SSE	0.00	1.0	SSE	74.3	78.0	78.0	79.5	29.192	0.00	0.00	49	2.11	53	0.0	0.00	0.0	0.000	0.194	76.0	98	75.4	80.2	21.85	 .0701	0.000	701	1	100.0	30
06/04/20	7:00 a	74.8	74.9	74.2	100	74.8	0.0	SSE	0.00	1.0	SSE	74.8	78.6	78.6	80.2	29.192	0.00	0.00	58	2.49	67	0.4	0.09	0.8	0.000	0.204	77.2	97	76.3	82.2	21.75	 .0699	0.001	702	1	100.0	30
06/04/20	7:30 a	76.4	76.4	74.8	100	76.4	0.0	SSE	0.00	1.0	SSE	76.4	81.1	81.1	85.3	29.192	0.00	0.00	141	6.06	234	1.0	0.21	1.3	0.000	0.238	78.3	96	77.1	84.3	21.75	 .0697	0.000	701	1	100.0	30
06/04/20	8:00 a	77.7	77.8	76.4	100	77.7	1.0	SSE	0.50	2.0	SSE	77.7	83.7	83.7	94.6	29.192	0.00	0.00	441	18.97	515	2.0	0.43	2.6	0.000	0.265	79.6	97	78.7	87.7	21.75	 .0694	0.007	700	1	100.0	30
06/04/20	8:30 a	78.2	79.2	77.7	100	78.2	0.0	E	0.00	1.0	E	78.2	84.9	84.9	94.0	29.854	0.00	0.00	383	16.47	536	2.7	0.58	3.2	0.000	0.275	80.3	96	79.1	89.2	21.75	 .0709	0.000	700	1	100.0	30
06/04/20	9:00 a	79.4	79.5	78.2	100	79.4	0.0	ESE	0.00	3.0	ESE	79.4	87.9	87.9	96.3	29.854	0.00	0.00	374	16.08	735	3.4	0.73	4.4	0.000	0.300	81.0	96	79.8	91.1	21.75	 .0707	0.010	698	1	100.0	30
06/04/20	9:30 a	82.5	82.5	79.3	100	82.5	0.0	ESE	0.00	2.0	ESE	82.5	97.4	97.4	110.2	29.854	0.00	0.00	738	31.74	933	3.8	0.81	4.1	0.000	0.365	81.9	93	79.7	92.9	21.29	 .0706	0.000	702	1	100.0	30
06/04/20	10:00 a	84.3	84.4	82.2	100	84.3	1.0	SE	0.50	4.0	SSE	84.3	104.5	104.5	117.6	29.693	0.00	0.00	797	34.28	983	4.7	1.01	6.0	0.000	0.402	83.2	91	80.3	95.9	20.79	 .0700	0.019	699	1	100.0	30
06/04/20	10:30 a	83.9	84.3	83.3	100	83.9	1.0	SE	0.50	4.0	SE	83.9	102.7	102.7	114.8	29.693	0.00	0.00	636	27.35	837	6.4	1.37	8.9	0.000	0.394	83.2	91	80.3	95.9	20.79	 .0700	0.000	701	1	100.0	30
06/04/20	11:00 a	84.8	84.8	83.2	100	84.8	1.0	S	0.50	5.0	SSW	84.8	106.7	106.7	119.9	29.693	0.00	0.00	898	38.62	1049	9.4	2.01	10.6	0.000	0.413	83.2	91	80.3	95.9	20.79	 .0700	0.019	697	1	100.0	30
06/04/20	11:30 a	85.0	85.3	84.0	100	85.0	1.0	SSW	0.50	5.0	S	85.0	107.6	107.6	118.9	29.693	0.00	0.00	995	42.79	1079	10.1	2.16	10.9	0.000	0.417	83.2	91	80.3	95.9	20.79	 .0700	0.000	701	1	100.0	30
06/04/20	12:00 p	85.9	86.1	84.8	100	85.9	2.0	SSW	1.00	7.0	SSE	85.9	112.6	112.6	124.2	29.693	0.00	0.00	1063	45.71	1102	10.8	2.31	11.0	0.000	0.435	83.2	91	80.3	95.9	20.79	 .0700	0.026	703	1	100.0	30
06/04/20	12:30 p	86.0	86.0	84.6	100	86.0	1.0	S	0.50	7.0	S	86.0	113.2	113.2	124.9	29.693	0.00	0.00	1008	43.35	1148	9.6	2.06	11.1	0.000	0.438	83.2	91	80.3	95.9	20.79	 .0700	0.000	702	1	100.0	30
06/04/20	1:00 p	83.7	86.0	83.7	100	83.7	2.0	SE	1.00	8.0	SSE	83.7	101.9	101.9	113.4	29.693	0.00	0.00	589	25.33	1252	6.7	1.44	10.9	0.000	0.390	83.2	91	80.3	95.9	20.79	 .0700	0.021	699	1	100.0	30
06/04/20	1:30 p	81.6	83.6	81.6	100	81.6	0.0	SE	0.00	3.0	SE	81.6	94.4	94.4	98.3	29.693	0.00	0.00	182	7.83	223	2.7	0.58	2.8	0.000	0.346	83.2	91	80.3	95.9	20.79	 .0700	0.000	698	1	100.0	30
06/04/20	2:00 p	81.8	82.4	81.5	100	81.8	1.0	SE	0.50	5.0	ESE	81.8	95.1	95.1	99.9	29.693	0.00	0.00	216	9.29	269	2.7	0.58	3.1	0.000	0.350	83.2	91	80.3	95.9	20.79	 .0700	0.005	702	1	100.0	30
06/04/20	2:30 p	82.4	82.9	81.8	100	82.4	1.0	SE	0.50	5.0	SE	82.4	97.1	97.1	103.7	29.693	0.00	0.00	275	11.83	411	2.7	0.58	3.2	0.000	0.363	83.2	91	80.3	95.9	20.79	 .0700	0.000	701	1	100.0	30
06/04/20	3:00 p	83.8	83.8	82.4	100	83.8	1.0	SE	0.50	8.0	SSE	83.8	102.3	102.3	113.2	29.693	0.00	0.00	452	19.44	647	3.1	0.66	3.4	0.000	0.392	83.2	91	80.3	95.9	20.79	 .0700	0.009	702	1	100.0	30
06/04/20	3:30 p	84.0	84.2	83.3	100	84.0	1.0	ESE	0.50	8.0	SSE	84.0	103.1	103.1	114.2	29.693	0.00	0.00	410	17.63	577	2.3	0.49	3.0	0.000	0.396	83.2	91	80.3	95.9	20.79	 .0700	0.000	699	1	100.0	30
06/04/20	4:00 p	82.4	84.3	82.1	100	82.4	1.0	SE	0.50	6.0	E	82.4	97.1	97.1	104.6	29.693	0.00	0.00	227	9.76	325	1.4	0.30	2.0	0.000	0.363	83.2	91	80.3	95.9	20.79	 .0700	0.008	700	1	100.0	30
06/04/20	4:30 p	81.0	82.5	81.0	100	81.0	0.0	E	0.00	7.0	ESE	81.0	92.5	92.5	96.5	29.693	0.00	0.00	107	4.60	206	0.5	0.11	1.0	0.000	0.333	83.2	91	80.3	95.9	20.79	 .0700	0.000	697	1	100.0	30
06/04/20	5:00 p	80.3	81.2	80.2	100	80.3	0.0	E	0.00	3.0	E	80.3	90.5	90.5	92.6	29.769	0.00	0.00	54	2.32	63	0.0	0.00	0.0	0.000	0.319	83.2	91	80.3	95.9	20.79	 .0702	0.002	698	1	100.0	30
06/04/20	5:30 p	79.9	80.7	79.9	100	79.9	0.0	ESE	0.00	4.0	SSE	79.9	89.3	89.3	89.0	29.769	0.00	0.00	31	1.33	46	0.0	0.00	0.0	0.000	0.310	83.2	91	80.3	95.9	20.79	 .0702	0.000	702	1	100.0	30
06/04/20	6:00 p	78.9	79.9	78.9	100	78.9	0.0	NE	0.00	3.0	ESE	78.9	86.6	86.6	85.6	29.769	0.00	0.00	3	0.13	12	0.0	0.00	0.0	0.000	0.290	83.2	91	80.3	95.9	20.79	 .0702	0.000	700	1	100.0	30
06/04/20	6:30 p	78.2	78.9	78.2	100	78.2	0.0	NE	0.00	1.0	NE	78.2	84.9	84.9	83.8	29.769	0.00	0.00	0	0.00	0	0.0	0.00	0.0	0.000	0.275	83.2	91	80.3	95.9	20.79	 .0702	0.000	700	1	100.0	30
06/04/20	7:00 p	77.8	78.3	77.7	100	77.8	0.0	NE	0.00	1.0	NE	77.8	84.0	84.0	82.9	29.769	0.00	0.00	0	0.00	0	0.0	0.00	0.0	0.000	0.267	83.2	91	80.3	95.9	20.79	 .0702	0.000	701	1	100.0	30
06/04/20	7:30 p	77.4	77.8	77.3	100	77.4	0.0	NE	0.00	1.0	NE	77.4	83.1	83.1	82.0	29.769	0.00	0.00	0	0.00	0	0.0	0.00	0.0	0.000	0.258	83.2	91	80.3	95.9	20.79	 .0702	0.000	700	1	100.0	30
06/04/20	8:00 p	76.9	77.4	76.8	100	76.9	0.0	---	0.00	0.0	---	76.9	82.0	82.0	80.8	29.830	0.00	0.00	0	0.00	0	0.0	0.00	0.0	0.000	0.248	79.6	93	77.4	86.7	21.24	 .0710	0.000	700	1	100.0	30
06/04/20	8:30 p	76.5	76.9	76.5	100	76.5	0.0	---	0.00	0.0	---	76.5	81.3	81.3	80.1	29.830	0.00	0.00	0	0.00	0	0.0	0.00	0.0	0.000	0.240	79.6	93	77.4	86.7	21.24	 .0710	0.000	701	1	100.0	30
06/04/20	9:00 p	76.4	76.6	76.3	100	76.4	0.0	---	0.00	0.0	---	76.4	81.1	81.1	79.9	29.830	0.00	0.00	0	0.00	0	0.0	0.00	0.0	0.000	0.238	78.9	93	76.7	85.1	21.23	 .0712	0.000	700	1	100.0	30
06/04/20	9:30 p	76.2	76.4	76.1	100	76.2	0.0	---	0.00	0.0	---	76.2	80.7	80.7	79.5	29.830	0.00	0.00	0	0.00	0	0.0	0.00	0.0	0.000	0.233	78.9	93	76.7	85.1	21.23	 .0712	0.000	698	1	100.0	30
06/04/20	10:00 p	76.0	76.2	76.0	100	76.0	0.0	---	0.00	0.0	---	76.0	80.3	80.3	79.1	29.830	0.00	0.00	0	0.00	0	0.0	0.00	0.0	0.000	0.229	78.9	93	76.7	85.1	21.23	 .0712	0.000	698	1	100.0	30
06/04/20	10:30 p	75.9	76.2	75.9	100	75.9	0.0	---	0.00	0.0	---	75.9	80.2	80.2	79.0	29.838	0.00	0.00	0	0.00	0	0.0	0.00	0.0	0.000	0.227	78.1	94	76.2	83.5	21.35	 .0713	0.000	701	1	100.0	30
06/04/20	11:00 p	75.9	76.0	75.8	100	75.9	0.0	NE	0.00	1.0	NE	75.9	80.2	80.2	79.0	29.838	0.00	0.00	0	0.00	0	0.0	0.00	0.0	0.000	0.227	78.1	94	76.2	83.5	21.35	 .0713	0.000	702	1	100.0	30
06/04/20	11:30 p	75.8	76.0	75.7	100	75.8	0.0	---	0.00	0.0	---	75.8	80.0	80.0	78.8	29.840	0.00	0.00	0	0.00	0	0.0	0.00	0.0	0.000	0.225	77.8	95	76.3	83.0	21.65	 .0714	0.000	699	1	100.0	30
06/05/20	12:00 a	75.7	75.8	75.6	100	75.7	0.0	---	0.00	0.0	---	75.7	79.8	79.8	78.6	29.834	0.00	0.00	0	0.00	0	0.0	0.00	0.0	0.000	0.223	77.6	95	76.1	82.6	21.65	 .0714	0.000	703	1	100.0	30
06/05/20	12:30 a	75.6	75.8	75.6	100	75.6	0.0	---	0.00	0.0	---	75.6	79.7	79.7	78.5	29.827	0.00	0.00	0	0.00	0	0.0	0.00	0.0	0.000	0.221	77.6	95	76.1	82.6	21.65	 .0714	0.000	697	1	100.0	30
06/05/20	1:00 a	75.6	75.7	75.5	100	75.6	0.0	---	0.00	0.0	---	75.6	79.7	79.7	78.5	29.827	0.00	0.00	0	0.00	0	0.0	0.00	0.0	0.000	0.221	77.5	95	76.0	82.4	21.65	 .0714	0.000	700	1	100.0	30
06/05/20	1:30 a	75.8	75.8	75.5	100	75.8	0.0	---	0.00	0.0	---	75.8	80.0	80.0	78.8	29.827	0.00	0.00	0	0.00	0	0.0	0.00	0.0	0.000	0.225	77.4	96	76.2	82.4	21.75	 .0714	0.000	699	1	100.0	30
06/05/20	2:00 a	75.5	75.8	75.5	100	75.5	0.0	---	0.00	0.0	---	75.5	79.6	79.6	78.4	29.801	0.00	0.00	0	0.00	0	0.0	0.00	0.0	0.000	0.219	77.3	96	76.1	82.2	21.75	 .0714	0.000	698	1	100.0	30
06/05/20	2:30 a	75.6	75.6	75.3	100	75.6	0.0	---	0.00	0.0	---	75.6	79.7	79.7	78.5	29.806	0.00	0.00	0	0.00	0	0.0	0.00	0.0	0.000	0.221	77.2	96	76.0	82.0	21.75	 .0714	0.000	697	1	100.0	30
06/05/20	3:00 a	75.8	75.9	75.5	100	75.8	0.0	---	0.00	0.0	---	75.8	80.0	80.0	78.8	29.805	0.00	0.00	0	0.00	0	0.0	0.00	0.0	0.000	0.225	77.3	96	76.1	82.2	21.75	 .0714	0.000	701	1	100.0	30
06/05/20	3:30 a	75.9	75.9	75.8	100	75.9	0.0	---	0.00	0.0	---	75.9	80.2	80.2	79.0	29.810	0.00	0.00	0	0.00	0	0.0	0.00	0.0	0.000	0.227	77.4	96	76.2	82.4	21.75	 .0714	0.000	699	1	100.0	30
06/05/20	4:00 a	76.2	76.3	75.8	100	76.2	0.0	NE	0.00	3.0	NE	76.2	80.7	80.7	79.5	29.815	0.00	0.00	0	0.00	0	0.0	0.00	0.0	0.000	0.233	77.6	96	76.4	82.8	21.75	 .0713	0.000	699	1	100.0	30
06/05/20	4:30 a	76.3	76.4	76.2	100	76.3	1.0	NNE	0.50	5.0	NE	76.3	80.9	80.9	79.7	29.821	0.01	0.00	0	0.00	0	0.0	0.00	0.0	0.000	0.235	77.8	96	76.6	83.2	21.75	 .0713	0.000	701	1	100.0	30
06/05/20	5:00 a	76.2	76.4	76.2	100	76.2	0.0	N	0.00	2.0	NNE	76.2	80.7	80.7	79.5	29.826	0.00	0.00	0	0.00	0	0.0	0.00	0.0	0.000	0.233	77.7	96	76.5	83.0	21.75	 .0714	0.000	700	1	100.0	30
06/05/20	5:30 a	76.3	76.4	76.2	100	76.3	0.0	N	0.00	2.0	N	76.3	80.9	80.9	79.7	29.826	0.01	0.00	0	0.00	0	0.0	0.00	0.0	0.000	0.235	77.6	97	76.7	83.0	21.75	 .0714	0.000	700	1	100.0	30
06/05/20	6:00 a	76.5	76.6	76.3	100	76.5	0.0	---	0.00	0.0	---	76.5	81.3	81.3	80.4	29.850	0.00	0.00	11	0.47	21	0.0	0.00	0.0	0.000	0.240	77.7	97	76.8	83.2	21.75	 .0714	0.000	701	1	100.0	30
06/05/20	6:30 a	76.5	76.6	76.4	100	76.5	0.0	N	0.00	1.0	N	76.5	81.3	81.3	81.9	29.693	0.00	0.00	28	1.20	32	0.0	0.00	0.0	0.000	0.240	77.8	97	76.9	83.4	21.75	 .0710	0.000	702	1	100.0	30
06/05/20	7:00 a	76.8	76.9	76.5	100	76.8	0.0	N	0.00	1.0	N	76.8	81.8	81.8	82.3	29.693	0.00	0.00	31	1.33	51	0.0	0.00	0.0	0.000	0.246	77.9	97	77.0	83.6	21.75	 .0710	0.001	702	1	100.0	30
06/05/20	7:30 a	77.7	77.8	76.8	100	77.7	0.0	N	0.00	1.0	N	77.7	83.7	83.7	86.5	29.873	0.00	0.00	98	4.21	146	0.5	0.11	1.0	0.000	0.265	78.6	97	77.7	85.2	21.75	 .0713	0.000	703	1	100.0	30
06/05/20	8:00 a	78.5	78.5	77.6	100	78.5	0.0	NW	0.00	1.0	NW	78.5	85.6	85.6	90.0	29.873	0.01	0.00	166	7.14	229	1.2	0.26	1.5	0.000	0.281	79.5	97	78.6	87.4	21.75	 .0711	0.003	701	1	100.0	30
06/05/20	8:30 a	78.5	79.1	78.1	100	78.5	0.0	NW	0.00	1.0	NW	78.5	85.6	85.6	91.0	29.880	0.00	0.00	219	9.42	288	2.0	0.43	2.6	0.000	0.281	80.0	97	79.1	88.7	21.75	 .0710	0.000	701	1	100.0	30
06/05/20	9:00 a	80.2	80.2	78.1	100	80.2	1.0	E	0.50	3.0	E	80.2	90.2	90.2	100.4	29.887	0.00	0.00	471	20.26	663	3.5	0.75	4.2	0.000	0.317	81.3	95	79.7	91.7	21.65	 .0708	0.009	700	1	100.0	30
06/05/20	9:30 a	83.7	83.7	80.2	100	83.7	0.0	S	0.00	5.0	SSE	83.7	101.9	101.9	114.5	29.887	0.00	0.00	693	29.80	807	3.7	0.79	4.0	0.000	0.390	82.4	93	80.2	94.4	21.30	 .0706	0.000	700	1	100.0	30
06/05/20	10:00 a	83.2	85.1	83.2	100	83.2	1.0	SSE	0.50	6.0	SSE	83.2	100.0	100.0	112.8	29.887	0.00	0.00	728	31.31	1044	4.6	0.99	5.7	0.000	0.379	84.5	90	81.2	99.4	20.09	 .0702	0.018	701	1	100.0	30
06/05/20	10:30 a	82.2	84.1	82.2	100	82.2	2.0	SE	1.00	7.0	SE	82.2	96.4	96.4	106.2	29.887	0.00	0.00	470	20.21	1078	5.4	1.16	8.8	0.000	0.358	84.8	90	81.5	100.3	20.07	 .0702	0.000	696	1	100.0	30
06/05/20	11:00 a	84.1	84.1	82.1	100	84.1	1.0	SE	0.50	6.0	SSE	84.1	103.5	103.5	114.5	29.887	0.00	0.00	540	23.22	747	6.4	1.37	7.6	0.000	0.398	84.8	90	81.5	100.3	20.07	 .0702	0.014	701	1	100.0	30
06/05/20	11:30 a	83.8	84.3	83.3	100	83.8	1.0	SE	0.50	10.0	SSE	83.8	102.3	102.3	113.2	29.887	0.00	0.00	532	22.88	613	6.7	1.44	9.5	0.000	0.392	84.8	90	81.5	100.3	20.07	 .0702	0.000	699	1	100.0	30
06/05/20	12:00 p	83.0	84.0	82.9	100	83.0	1.0	SSE	0.50	5.0	SSW	83.0	99.2	99.2	109.1	29.887	0.00	0.00	471	20.26	540	6.0	1.29	6.7	0.000	0.375	84.8	90	81.5	100.3	20.07	 .0702	0.013	700	1	100.0	30
06/05/20	12:30 p	83.6	84.4	83.1	100	83.6	1.0	SE	0.50	8.0	SE	83.6	101.5	101.5	112.8	29.887	0.00	0.00	567	24.38	710	6.6	1.41	8.0	0.000	0.387	84.8	90	81.5	100.3	20.07	 .0702	0.000	701	1	100.0	30
06/05/20	1:00 p	84.7	85.0	83.5	100	84.7	2.0	SE	1.00	8.0	NNE	84.7	106.2	106.2	118.2	29.887	0.00	0.00	973	41.84	1174	8.9	1.91	10.1	0.000	0.410	84.8	90	81.5	100.3	20.07	 .0702	0.019	700	1	100.0	30
06/05/20	1:30 p	85.1	86.4	84.7	100	85.1	2.0	S	1.00	9.0	SSE	85.1	108.2	108.2	121.0	29.887	0.00	0.00	945	40.64	1172	7.9	1.69	9.9	0.000	0.419	84.8	90	81.5	100.3	20.07	 .0702	0.000	701	1	100.0	30
06/05/20	2:00 p	84.4	85.5	83.9	100	84.4	1.0	SE	0.50	7.0	SSE	84.4	104.9	104.9	116.3	29.887	0.00	0.00	558	24.00	853	5.2	1.11	7.1	0.000	0.404	84.8	90	81.5	100.3	20.07	 .0702	0.019	701	1	100.0	30
06/05/20	2:30 p	84.7	85.3	83.9	100	84.7	2.0	SSE	1.00	8.0	SSE	84.7	106.2	106.2	117.9	29.887	0.00	0.00	544	23.40	814	4.3	0.92	5.9	0.000	0.410	84.8	90	81.5	100.3	20.07	 .0702	0.000	700	1	100.0	30
06/05/20	3:00 p	83.5	84.8	83.4	100	83.5	1.0	S	0.50	4.0	S	83.5	101.1	101.1	110.8	29.887	0.00	0.00	390	16.77	650	2.8	0.60	4.1	0.000	0.385	84.8	90	81.5	100.3	20.07	 .0702	0.012	702	1	100.0	30
06/05/20	3:30 p	82.9	83.5	82.4	100	82.9	1.0	SSE	0.50	5.0	SSE	82.9	98.9	98.9	105.1	29.887	0.00	0.00	210	9.03	271	1.3	0.28	1.4	0.000	0.373	84.8	90	81.5	100.3	20.07	 .0702	0.000	697	1	100.0	30
06/05/20	4:00 p	82.7	83.4	82.3	100	82.7	1.0	SSE	0.50	4.0	ESE	82.7	98.1	98.1	103.9	29.819	0.00	0.00	174	7.48	221	0.9	0.19	1.2	0.000	0.369	84.8	90	81.5	100.3	20.07	 .0700	0.005	700	1	100.0	30
06/05/20	4:30 p	81.7	82.8	81.1	100	81.7	0.0	SSE	0.00	2.0	SSE	81.7	94.7	94.7	98.4	29.819	0.00	0.00	100	4.30	127	0.1	0.02	0.6	0.000	0.348	84.8	90	81.5	100.3	20.07	 .0700	0.000	680	1	99.4	30
06/05/20	5:00 p	80.8	82.0	80.8	100	80.8	0.0	SSE	0.00	4.0	SSE	80.8	91.9	91.9	94.5	29.819	0.00	0.00	65	2.80	91	0.0	0.00	0.0	0.000	0.329	84.8	90	81.5	100.3	20.07	 .0700	0.002	701	1	100.0	30
06/05/20	5:30 p	80.8	81.2	80.8	100	80.8	0.0	SE	0.00	1.0	SE	80.8	91.9	91.9	91.4	29.819	0.00	0.00	21	0.90	35	0.0	0.00	0.0	0.000	0.329	84.8	90	81.5	100.3	20.07	 .0700	0.000	702	1	100.0	30
06/05/20	6:00 p	80.2	80.9	80.2	100	80.2	0.0	---	0.00	0.0	---	80.2	90.2	90.2	89.3	29.819	0.00	0.00	2	0.09	9	0.0	0.00	0.0	0.000	0.317	84.8	90	81.5	100.3	20.07	 .0700	0.000	700	1	100.0	30
06/05/20	6:30 p	80.1	80.2	79.9	100	80.1	0.0	---	0.00	0.0	---	80.1	89.9	89.9	88.9	29.819	0.00	0.00	0	0.00	0	0.0	0.00	0.0	0.000	0.315	84.8	90	81.5	100.3	20.07	 .0700	0.000	702	1	100.0	30
06/05/20	7:00 p	79.7	80.2	79.6	100	79.7	0.0	SE	0.00	2.0	SE	79.7	88.8	88.8	87.8	29.819	0.00	0.00	0	0.00	0	0.0	0.00	0.0	0.000	0.306	84.8	90	81.5	100.3	20.07	 .0700	0.000	701	1	100.0	30
06/05/20	7:30 p	79.6	79.7	79.5	100	79.6	0.0	SE	0.00	1.0	SE	79.6	88.5	88.5	87.5	29.819	0.05	0.25	0	0.00	0	0.0	0.00	0.0	0.000	0.304	84.8	90	81.5	100.3	20.07	 .0700	0.000	702	1	100.0	30
06/05/20	8:00 p	78.3	79.7	78.3	100	78.3	1.0	ESE	0.50	4.0	NE	78.3	85.1	85.1	84.0	29.819	0.22	1.59	0	0.00	0	0.0	0.00	0.0	0.000	0.277	81.5	93	79.3	91.6	21.28	 .0706	0.000	701	1	100.0	30
06/05/20	8:30 p	77.3	78.4	77.3	100	77.3	1.0	NE	0.50	6.0	E	77.3	82.9	82.9	81.7	29.900	0.12	1.37	0	0.00	0	0.0	0.00	0.0	0.000	0.256	80.8	92	78.3	89.3	21.17	 .0710	0.000	699	1	100.0	30
06/05/20	9:00 p	76.8	77.3	76.6	100	76.8	1.0	NE	0.50	5.0	E	76.8	81.8	81.8	80.6	29.900	0.03	0.16	0	0.00	0	0.0	0.00	0.0	0.000	0.246	80.8	92	78.3	89.3	21.17	 .0710	0.000	700	1	100.0	30
06/05/20	9:30 p	76.3	76.8	76.2	100	76.3	0.0	SSW	0.00	2.0	SSW	76.3	80.9	80.9	79.7	29.900	0.00	0.00	0	0.00	0	0.0	0.00	0.0	0.000	0.235	80.8	92	78.3	89.3	21.17	 .0710	0.000	699	1	100.0	30
06/05/20	10:00 p	76.0	76.4	76.0	100	76.0	0.0	SW	0.00	2.0	SW	76.0	80.3	80.3	79.1	29.900	0.00	0.00	0	0.00	0	0.0	0.00	0.0	0.000	0.229	80.8	92	78.3	89.3	21.17	 .0710	0.000	702	1	100.0	30
06/05/20	10:30 p	75.7	76.2	75.7	100	75.7	0.0	SW	0.00	1.0	SW	75.7	79.8	79.8	78.5	29.693	0.00	0.00	0	0.00	0	0.0	0.00	0.0	0.000	0.223	79.0	93	76.8	85.4	21.23	 .0708	0.000	702	1	100.0	30
06/05/20	11:00 p	75.5	75.7	75.5	100	75.5	0.0	SW	0.00	1.0	SW	75.5	79.6	79.6	78.3	29.693	0.00	0.00	0	0.00	0	0.0	0.00	0.0	0.000	0.219	79.0	93	76.8	85.4	21.23	 .0708	0.000	702	1	100.0	30
06/05/20	11:30 p	75.5	75.6	75.4	100	75.5	0.0	---	0.00	0.0	---	75.5	79.6	79.6	78.3	29.693	0.00	0.00	0	0.00	0	0.0	0.00	0.0	0.000	0.219	79.0	93	76.8	85.4	21.23	 .0708	0.000	702	1	100.0	30
06/06/20	12:00 a	75.6	75.6	75.4	100	75.6	0.0	---	0.00	0.0	---	75.6	79.7	79.7	78.4	29.693	0.00	0.00	0	0.00	0	0.0	0.00	0.0	0.000	0.221	78.2	94	76.3	83.7	21.35	 .0710	0.000	703	1	100.0	30
06/06/20	12:30 a	75.6	75.7	75.5	100	75.6	0.0	---	0.00	0.0	---	75.6	79.7	79.7	78.4	29.693	0.00	0.00	0	0.00	0	0.0	0.00	0.0	0.000	0.221	78.0	94	76.1	83.3	21.35	 .0710	0.000	699	1	100.0	30
06/06/20	1:00 a	75.5	75.6	75.5	100	75.5	0.0	---	0.00	0.0	---	75.5	79.6	79.6	78.3	29.693	0.00	0.00	0	0.00	0	0.0	0.00	0.0	0.000	0.219	77.9	94	76.0	83.1	21.35	 .0710	0.000	700	1	100.0	30
06/06/20	1:30 a	75.6	75.7	75.5	100	75.6	0.0	---	0.00	0.0	---	75.6	79.7	79.7	78.4	29.693	0.00	0.00	0	0.00	0	0.0	0.00	0.0	0.000	0.221	77.9	94	76.0	83.1	21.35	 .0710	0.000	700	1	100.0	30
06/06/20	2:00 a	75.6	75.7	75.5	100	75.6	0.0	---	0.00	0.0	---	75.6	79.7	79.7	78.4	29.693	0.00	0.00	0	0.00	0	0.0	0.00	0.0	0.000	0.221	77.9	94	76.0	83.1	21.35	 .0710	0.000	701	1	100.0	30
06/06/20	2:30 a	75.8	75.8	75.5	100	75.8	0.0	---	0.00	0.0	---	75.8	80.0	80.0	78.7	29.693	0.00	0.00	0	0.00	0	0.0	0.00	0.0	0.000	0.225	77.9	94	76.0	83.1	21.35	 .0710	0.000	700	1	100.0	30
06/06/20	3:00 a	75.7	75.8	75.5	100	75.7	0.0	---	0.00	0.0	---	75.7	79.8	79.8	78.5	29.693	0.00	0.00	0	0.00	0	0.0	0.00	0.0	0.000	0.223	77.9	94	76.0	83.1	21.35	 .0710	0.000	701	1	100.0	30
06/06/20	3:30 a	75.4	75.6	75.3	100	75.4	0.0	---	0.00	0.0	---	75.4	79.4	79.4	78.1	29.693	0.00	0.00	0	0.00	0	0.0	0.00	0.0	0.000	0.217	77.4	95	75.9	82.3	21.65	 .0711	0.000	701	1	100.0	30
06/06/20	4:00 a	75.2	75.5	75.2	100	75.2	0.0	---	0.00	0.0	---	75.2	79.1	79.1	77.8	29.817	0.00	0.00	0	0.00	0	0.0	0.00	0.0	0.000	0.212	77.4	95	75.9	82.3	21.65	 .0714	0.000	699	1	100.0	30
06/06/20	4:30 a	75.3	75.5	75.2	100	75.3	0.0	---	0.00	0.0	---	75.3	79.3	79.3	78.0	29.817	0.00	0.00	0	0.00	0	0.0	0.00	0.0	0.000	0.215	77.3	96	76.1	82.2	21.75	 .0714	0.000	699	1	100.0	30
06/06/20	5:00 a	75.5	75.6	75.3	100	75.5	0.0	---	0.00	0.0	---	75.5	79.6	79.6	78.3	29.835	0.00	0.00	0	0.00	0	0.0	0.00	0.0	0.000	0.219	77.2	96	76.0	82.0	21.75	 .0715	0.000	700	1	100.0	30
06/06/20	5:30 a	75.8	75.8	75.5	100	75.8	0.0	SW	0.00	2.0	SW	75.8	80.0	80.0	78.8	29.856	0.00	0.00	1	0.04	5	0.0	0.00	0.0	0.000	0.225	77.3	96	76.1	82.2	21.75	 .0715	0.000	703	1	100.0	30
06/06/20	6:00 a	76.1	76.1	75.7	100	76.1	0.0	SSE	0.00	1.0	SSE	76.1	80.5	80.5	79.8	29.710	0.00	0.00	23	0.99	42	0.0	0.00	0.0	0.000	0.231	77.5	96	76.3	82.6	21.75	 .0711	0.000	700	1	100.0	30
06/06/20	6:30 a	76.7	76.8	76.1	100	76.7	0.0	SSE	0.00	1.0	SSE	76.7	81.6	81.6	83.7	29.710	0.00	0.00	61	2.62	72	0.0	0.00	0.0	0.000	0.244	78.1	97	77.2	84.0	21.75	 .0710	0.000	702	1	100.0	30
06/06/20	7:00 a	77.4	77.5	76.6	100	77.4	0.0	NNE	0.00	1.0	NNE	77.4	83.1	83.1	85.7	29.086	0.00	0.00	81	3.48	107	0.3	0.06	0.7	0.000	0.258	79.2	97	78.3	86.7	21.75	 .0692	0.002	700	1	100.0	30
06/06/20	7:30 a	78.9	79.1	77.3	100	78.9	0.0	NNE	0.00	1.0	NNE	78.9	86.6	86.6	90.4	29.086	0.00	0.00	126	5.42	339	0.7	0.15	1.3	0.000	0.290	80.7	96	79.5	90.3	21.75	 .0689	0.000	702	1	100.0	30
06/06/20	8:00 a	80.3	80.3	78.8	100	80.3	1.0	SSW	0.50	3.0	NNE	80.3	90.5	90.5	101.7	29.899	0.00	0.00	447	19.22	563	2.0	0.43	2.5	0.000	0.319	82.3	95	80.7	94.9	21.65	 .0706	0.007	701	1	100.0	30
06/06/20	8:30 a	81.1	81.1	79.8	100	81.1	0.0	SSW	0.00	2.0	SSE	81.1	92.8	92.8	102.4	29.899	0.00	0.00	404	17.37	536	2.5	0.54	3.2	0.000	0.335	82.9	94	81.0	96.5	21.41	 .0705	0.000	700	1	100.0	30
06/06/20	9:00 a	81.9	82.0	80.9	100	81.9	1.0	S	0.50	4.0	SW	81.9	95.4	95.4	103.7	29.905	0.00	0.00	365	15.70	668	3.2	0.69	4.1	0.000	0.352	83.0	94	81.1	96.8	21.41	 .0705	0.010	700	1	100.0	30
06/06/20	9:30 a	81.4	82.2	81.4	100	81.4	1.0	SW	0.50	5.0	SW	81.4	93.8	93.8	100.9	29.905	0.00	0.00	320	13.76	496	2.9	0.62	3.9	0.000	0.342	83.0	94	81.1	96.8	21.41	 .0705	0.000	701	1	100.0	30
06/06/20	10:00 a	80.9	81.6	80.7	100	80.9	2.0	SE	1.00	8.0	SSE	80.9	92.2	92.2	97.9	29.905	0.00	0.00	258	11.10	313	3.1	0.66	3.7	0.000	0.331	83.0	94	81.1	96.8	21.41	 .0705	0.007	698	1	100.0	30
06/06/20	10:30 a	82.8	82.8	80.7	100	82.8	1.0	SE	0.50	8.0	SSE	82.8	98.5	98.5	106.2	29.905	0.00	0.00	354	15.22	619	4.8	1.03	8.4	0.000	0.371	83.0	94	81.1	96.8	21.41	 .0705	0.000	698	1	100.0	30
06/06/20	11:00 a	84.4	85.1	82.9	100	84.4	1.0	E	0.50	7.0	SE	84.4	104.9	104.9	118.3	29.905	0.00	0.00	830	35.69	1116	8.2	1.76	10.1	0.000	0.404	83.0	94	81.1	96.8	21.41	 .0705	0.015	701	1	100.0	30
06/06/20	11:30 a	86.3	86.7	84.1	100	86.3	1.0	SE	0.50	6.0	ESE	86.3	115.4	115.4	128.6	29.909	0.00	0.00	917	39.44	1215	9.1	1.95	10.7	0.000	0.444	83.0	94	81.1	96.8	21.41	 .0705	0.000	700	1	100.0	30
06/06/20	12:00 p	86.7	86.9	85.2	100	86.7	2.0	SSE	1.00	8.0	SSE	86.7	118.3	118.3	130.1	29.909	0.00	0.00	985	42.36	1129	9.6	2.06	10.7	0.000	0.452	83.0	94	81.1	96.8	21.41	 .0705	0.024	702	1	100.0	30
06/06/20	12:30 p	85.1	86.6	85.1	100	85.1	3.0	SE	1.50	9.0	S	85.1	108.2	108.2	120.6	29.909	0.00	0.00	1068	45.93	1329	9.5	2.04	11.5	0.000	0.419	83.0	94	81.1	96.8	21.41	 .0705	0.000	701	1	100.0	30
06/06/20	1:00 p	85.3	85.4	84.6	100	85.3	2.0	SE	1.00	10.0	S	85.3	109.3	109.3	122.6	29.909	0.00	0.00	789	33.93	1090	7.5	1.61	9.7	0.000	0.423	83.0	94	81.1	96.8	21.41	 .0705	0.023	698	1	100.0	30
06/06/20	1:30 p	85.2	86.4	85.0	100	85.2	2.0	SE	1.00	9.0	SE	85.2	108.7	108.7	120.6	29.909	0.00	0.00	612	26.32	1313	6.1	1.31	9.8	0.000	0.421	83.0	94	81.1	96.8	21.41	 .0705	0.000	700	1	100.0	30
06/06/20	2:00 p	85.5	86.6	85.0	100	85.5	3.0	ESE	1.50	11.0	SE	85.5	110.4	110.4	122.4	29.909	0.00	0.00	803	34.53	1116	6.3	1.35	7.5	0.000	0.427	83.0	94	81.1	96.8	21.41	 .0705	0.019	700	1	100.0	30
06/06/20	2:30 p	85.0	85.6	84.4	100	85.0	2.0	SE	1.00	11.0	SSE	85.0	107.6	107.6	120.1	29.909	0.00	0.00	609	26.19	788	4.4	0.94	5.8	0.000	0.417	83.0	94	81.1	96.8	21.41	 .0705	0.000	700	1	100.0	30
06/06/20	3:00 p	85.2	85.5	84.2	100	85.2	2.0	ESE	1.00	10.0	SSE	85.2	108.7	108.7	121.3	29.909	0.00	0.00	639	27.48	793	3.6	0.77	4.2	0.000	0.421	83.0	94	81.1	96.8	21.41	 .0705	0.016	699	1	100.0	30
06/06/20	3:30 p	82.9	85.4	82.9	100	82.9	2.0	SSE	1.00	8.0	SSE	82.9	98.9	98.9	110.2	29.909	0.00	0.00	432	18.58	803	2.1	0.45	3.3	0.000	0.373	83.0	94	81.1	96.8	21.41	 .0705	0.000	701	1	100.0	30
06/06/20	4:00 p	82.1	82.9	81.9	100	82.1	1.0	SE	0.50	6.0	NE	82.1	96.0	96.0	99.0	29.909	0.00	0.00	95	4.09	156	0.6	0.13	0.9	0.000	0.356	83.0	94	81.1	96.8	21.41	 .0705	0.007	697	1	100.0	30
06/06/20	4:30 p	81.2	82.1	81.1	100	81.2	0.0	ENE	0.00	1.0	ENE	81.2	93.1	93.1	94.7	29.909	0.00	0.00	49	2.11	58	0.0	0.00	0.0	0.000	0.337	83.0	94	81.1	96.8	21.41	 .0705	0.000	702	1	100.0	30
06/06/20	5:00 p	80.4	81.3	80.4	100	80.4	0.0	ENE	0.00	1.0	ENE	80.4	90.8	90.8	91.6	29.909	0.00	0.00	27	1.16	40	0.0	0.00	0.0	0.000	0.321	83.0	94	81.1	96.8	21.41	 .0705	0.001	698	1	100.0	30
06/06/20	5:30 p	79.8	80.4	79.8	100	79.8	0.0	NNE	0.00	1.0	ENE	79.8	89.0	89.0	88.5	29.909	0.00	0.00	17	0.73	19	0.0	0.00	0.0	0.000	0.308	83.0	94	81.1	96.8	21.41	 .0705	0.000	701	1	100.0	30
06/06/20	6:00 p	79.4	79.8	79.4	100	79.4	0.0	NNE	0.00	1.0	NNE	79.4	87.9	87.9	87.1	29.909	0.00	0.00	7	0.30	18	0.0	0.00	0.0	0.000	0.300	83.0	94	81.1	96.8	21.41	 .0705	0.000	699	1	100.0	30
06/06/20	6:30 p	79.1	79.4	79.1	100	79.1	0.0	NNE	0.00	1.0	NNE	79.1	87.1	87.1	86.2	29.909	0.00	0.00	0	0.00	0	0.0	0.00	0.0	0.000	0.294	83.0	94	81.1	96.8	21.41	 .0705	0.000	700	1	100.0	30
06/06/20	7:00 p	78.8	79.1	78.7	100	78.8	0.0	NNE	0.00	1.0	NNE	78.8	86.3	86.3	85.3	29.909	0.00	0.00	0	0.00	0	0.0	0.00	0.0	0.000	0.288	83.0	94	81.1	96.8	21.41	 .0705	0.000	701	1	100.0	30
06/06/20	7:30 p	78.7	78.8	78.6	100	78.7	0.0	---	0.00	0.0	---	78.7	86.1	86.1	85.1	29.909	0.00	0.00	0	0.00	0	0.0	0.00	0.0	0.000	0.285	83.0	94	81.1	96.8	21.41	 .0705	0.000	701	1	100.0	30
06/06/20	8:00 p	78.4	78.7	78.4	100	78.4	0.0	---	0.00	0.0	---	78.4	85.4	85.4	84.4	29.888	0.00	0.00	0	0.00	0	0.0	0.00	0.0	0.000	0.279	80.8	93	78.6	89.6	21.27	 .0709	0.000	700	1	100.0	30
06/06/20	8:30 p	78.2	78.5	78.1	100	78.2	0.0	---	0.00	0.0	---	78.2	84.9	84.9	83.9	29.693	0.00	0.00	0	0.00	0	0.0	0.00	0.0	0.000	0.275	80.6	94	78.7	89.4	21.36	 .0705	0.000	701	1	100.0	30
06/06/20	9:00 p	78.0	78.2	77.9	100	78.0	0.0	---	0.00	0.0	---	78.0	84.4	84.4	83.4	29.697	0.00	0.00	0	0.00	0	0.0	0.00	0.0	0.000	0.271	80.5	94	78.6	89.1	21.36	 .0705	0.000	701	1	100.0	30
06/06/20	9:30 p	77.9	78.1	77.8	100	77.9	0.0	---	0.00	0.0	---	77.9	84.2	84.2	83.2	29.881	0.00	0.00	0	0.00	0	0.0	0.00	0.0	0.000	0.269	80.5	94	78.6	89.1	21.36	 .0710	0.000	700	1	100.0	30
06/06/20	10:00 p	77.7	77.9	77.7	100	77.7	0.0	---	0.00	0.0	---	77.7	83.7	83.7	82.7	29.889	0.00	0.00	0	0.00	0	0.0	0.00	0.0	0.000	0.265	80.5	94	78.6	89.1	21.36	 .0710	0.000	703	1	100.0	30
06/06/20	10:30 p	77.4	77.7	77.3	100	77.4	0.0	---	0.00	0.0	---	77.4	83.1	83.1	82.1	29.893	0.00	0.00	0	0.00	0	0.0	0.00	0.0	0.000	0.258	80.5	94	78.6	89.1	21.36	 .0710	0.000	697	1	100.0	30
06/06/20	11:00 p	77.2	77.4	77.1	100	77.2	0.0	---	0.00	0.0	---	77.2	82.6	82.6	81.6	29.893	0.00	0.00	0	0.00	0	0.0	0.00	0.0	0.000	0.254	80.5	94	78.6	89.1	21.36	 .0710	0.000	701	1	100.0	30
06/06/20	11:30 p	76.9	77.2	76.8	100	76.9	0.0	---	0.00	0.0	---	76.9	82.0	82.0	80.9	29.893	0.00	0.00	0	0.00	0	0.0	0.00	0.0	0.000	0.248	80.5	94	78.6	89.1	21.36	 .0710	0.000	702	1	100.0	30
06/07/20	12:00 a	76.7	76.9	76.6	100	76.7	0.0	---	0.00	0.0	---	76.7	81.6	81.6	80.5	29.880	0.00	0.00	0	0.00	0	0.0	0.00	0.0	0.000	0.244	79.1	94	77.2	85.8	21.35	 .0712	0.000	702	1	100.0	30
06/07/20	12:30 a	76.2	76.6	76.2	100	76.2	0.0	---	0.00	0.0	---	76.2	80.7	80.7	79.6	29.879	0.00	0.00	0	0.00	0	0.0	0.00	0.0	0.000	0.233	79.1	94	77.2	85.8	21.35	 .0712	0.000	699	1	100.0	30
06/07/20	1:00 a	76.4	76.5	76.3	100	76.4	0.0	---	0.00	0.0	---	76.4	81.1	81.1	80.0	29.879	0.00	0.00	0	0.00	0	0.0	0.00	0.0	0.000	0.238	79.1	94	77.2	85.8	21.35	 .0712	0.000	699	1	100.0	30
06/07/20	1:30 a	76.7	76.8	76.3	100	76.7	0.0	---	0.00	0.0	---	76.7	81.6	81.6	80.5	29.879	0.00	0.00	0	0.00	0	0.0	0.00	0.0	0.000	0.244	79.1	94	77.2	85.8	21.35	 .0712	0.000	693	1	100.0	30
06/07/20	2:00 a	76.9	77.1	76.7	100	76.9	0.0	---	0.00	0.0	---	76.9	82.0	82.0	80.9	29.693	0.00	0.00	0	0.00	0	0.0	0.00	0.0	0.000	0.248	78.9	95	77.3	85.6	21.65	 .0708	0.000	699	1	100.0	30
06/07/20	2:30 a	77.1	77.1	76.9	100	77.1	0.0	---	0.00	0.0	---	77.1	82.4	82.4	81.4	29.693	0.00	0.00	0	0.00	0	0.0	0.00	0.0	0.000	0.252	78.9	95	77.3	85.6	21.65	 .0708	0.000	701	1	100.0	30
06/07/20	3:00 a	77.1	77.3	77.0	100	77.1	0.0	---	0.00	0.0	---	77.1	82.4	82.4	81.4	29.693	0.00	0.00	0	0.00	0	0.0	0.00	0.0	0.000	0.252	78.9	95	77.3	85.6	21.65	 .0708	0.000	700	1	100.0	30
06/07/20	3:30 a	77.1	77.4	77.1	100	77.1	0.0	---	0.00	0.0	---	77.1	82.4	82.4	81.4	29.693	0.00	0.00	0	0.00	0	0.0	0.00	0.0	0.000	0.252	78.9	95	77.3	85.6	21.65	 .0708	0.000	697	1	100.0	30
06/07/20	4:00 a	77.3	77.4	77.0	100	77.3	0.0	NNE	0.00	2.0	NNE	77.3	82.9	82.9	81.9	29.693	0.00	0.00	0	0.00	0	0.0	0.00	0.0	0.000	0.256	78.9	95	77.3	85.6	21.65	 .0708	0.000	700	1	100.0	30
06/07/20	4:30 a	76.7	77.3	76.7	100	76.7	0.0	NNE	0.00	1.0	NNE	76.7	81.6	81.6	80.5	29.693	0.00	0.00	0	0.00	0	0.0	0.00	0.0	0.000	0.244	78.9	95	77.3	85.6	21.65	 .0708	0.000	702	1	100.0	30
06/07/20	5:00 a	76.4	76.7	76.4	100	76.4	0.0	NNE	0.00	1.0	NNE	76.4	81.1	81.1	80.0	29.693	0.00	0.00	0	0.00	0	0.0	0.00	0.0	0.000	0.238	78.7	96	77.5	85.3	21.75	 .0708	0.000	698	1	100.0	30
06/07/20	5:30 a	76.2	76.4	76.2	100	76.2	0.0	NNE	0.00	1.0	NNE	76.2	80.7	80.7	79.7	29.701	0.00	0.00	2	0.09	12	0.0	0.00	0.0	0.000	0.233	78.3	96	77.1	84.3	21.75	 .0709	0.000	697	1	100.0	30
06/07/20	6:00 a	76.6	76.7	76.2	100	76.6	0.0	NNE	0.00	1.0	NNE	76.6	81.4	81.4	80.9	29.693	0.00	0.00	26	1.12	44	0.0	0.00	0.0	0.000	0.242	78.3	96	77.1	84.3	21.75	 .0709	0.000	700	1	100.0	30
06/07/20	6:30 a	77.3	77.5	76.6	100	77.3	0.0	---	0.00	0.0	---	77.3	82.9	82.9	85.7	29.693	0.00	0.00	75	3.23	98	0.0	0.00	0.0	0.000	0.256	78.3	96	77.1	84.3	21.75	 .0709	0.000	700	1	100.0	30
06/07/20	7:00 a	78.5	78.5	77.3	100	78.5	0.0	NNE	0.00	1.0	NNE	78.5	85.6	85.6	89.8	29.693	0.00	0.00	122	5.25	141	0.4	0.09	0.6	0.000	0.281	78.3	96	77.1	84.3	21.75	 .0709	0.002	701	1	100.0	30
06/07/20	7:30 a	79.6	79.6	78.5	100	79.6	0.0	NNE	0.00	1.0	NNE	79.6	88.5	88.5	93.1	29.919	0.00	0.00	151	6.49	216	0.8	0.17	1.2	0.000	0.304	80.7	96	79.5	90.3	21.75	 .0710	0.000	699	1	100.0	30
06/07/20	8:00 a	79.8	80.6	79.4	100	79.8	0.0	NNE	0.00	1.0	NNE	79.8	89.0	89.0	96.2	29.919	0.00	0.00	265	11.40	633	1.6	0.34	2.9	0.000	0.308	80.7	96	79.5	90.3	21.75	 .0710	0.005	701	1	100.0	30
06/07/20	8:30 a	82.2	82.5	79.9	100	82.2	0.0	NNE	0.00	1.0	NNE	82.2	96.4	96.4	106.8	29.919	0.00	0.00	445	19.14	629	2.8	0.60	3.3	0.000	0.358	80.7	96	79.5	90.3	21.75	 .0710	0.000	699	1	100.0	30
06/07/20	9:00 a	83.9	83.9	82.2	100	83.9	0.0	S	0.00	1.0	NE	83.9	102.7	102.7	112.8	19.389	0.00	0.00	455	19.57	527	3.3	0.71	3.6	0.000	0.394	83.5	93	81.3	97.9	21.32	 .0447	0.012	698	1	100.0	30
06/07/20	9:30 a	84.8	85.1	83.7	100	84.8	0.0	S	0.00	2.0	S	84.8	106.7	106.7	116.2	29.692	0.00	0.00	443	19.05	624	3.7	0.79	4.2	0.000	0.413	83.5	93	81.3	97.9	21.32	 .0699	0.000	698	1	100.0	30
06/07/20	10:00 a	86.8	86.9	84.9	100	86.8	1.0	NW	0.50	8.0	NW	86.8	119.0	119.0	131.6	29.881	0.00	0.00	678	29.16	942	4.7	1.01	5.6	0.000	0.454	83.5	93	81.3	97.9	21.32	 .0703	0.014	701	1	100.0	30
06/07/20	10:30 a	83.4	87.8	83.4	100	83.4	1.0	S	0.50	5.0	S	83.4	100.8	100.8	109.4	29.877	0.00	0.00	400	17.20	1020	4.3	0.92	7.3	0.000	0.383	86.6	93	84.3	110.5	21.38	 .0697	0.000	702	1	100.0	30
06/07/20	11:00 a	84.4	84.8	83.4	100	84.4	1.0	SSW	0.50	6.0	ESE	84.4	104.9	104.9	113.9	29.880	0.00	0.00	415	17.85	858	5.5	1.18	9.1	0.000	0.404	86.6	93	84.3	110.5	21.38	 .0697	0.012	702	1	100.0	30
06/07/20	11:30 a	84.4	84.4	83.4	100	84.4	2.0	WSW	1.00	6.0	WNW	84.4	104.9	104.9	111.8	29.692	0.00	0.00	305	13.12	482	4.3	0.92	7.0	0.000	0.404	86.2	88	82.2	104.2	18.78	 .0695	0.000	700	1	100.0	30
06/07/20	12:00 p	85.4	86.1	84.4	100	85.4	1.0	SSW	0.50	4.0	S	85.4	109.8	109.8	122.9	29.692	0.00	0.00	920	39.57	1109	9.1	1.95	10.9	0.000	0.425	86.2	88	82.2	104.2	18.78	 .0695	0.016	697	1	100.0	30
06/07/20	12:30 p	87.7	88.0	85.4	100	87.7	1.0	SSW	0.50	5.0	S	87.7	127.4	127.4	139.5	29.844	0.00	0.00	1035	44.51	1143	9.5	2.04	10.4	0.000	0.473	86.2	88	82.2	104.2	18.78	 .0698	0.000	702	1	100.0	30
06/07/20	1:00 p	86.6	87.6	85.7	100	86.6	2.0	SSW	1.00	5.0	S	86.6	117.6	117.6	129.5	29.832	0.00	0.00	949	40.81	1121	8.7	1.86	9.8	0.000	0.450	86.2	88	82.2	104.2	18.78	 .0698	0.025	702	1	100.0	30
06/07/20	1:30 p	86.0	87.3	85.9	100	86.0	2.0	SSW	1.00	7.0	WNW	86.0	113.2	113.2	125.9	29.821	0.00	0.00	930	40.00	984	7.7	1.65	8.3	0.000	0.438	86.2	88	82.2	104.2	18.78	 .0698	0.000	698	1	100.0	30
06/07/20	2:00 p	85.9	87.3	85.6	100	85.9	2.0	SSW	1.00	6.0	W	85.9	112.6	112.6	124.6	29.806	0.00	0.00	804	34.58	1067	5.9	1.26	7.6	0.000	0.435	86.2	88	82.2	104.2	18.78	 .0697	0.021	701	1	100.0	30
06/07/20	2:30 p	85.7	87.5	85.6	100	85.7	1.0	SSW	0.50	5.0	SW	85.7	111.5	111.5	124.2	29.806	0.00	0.00	636	27.35	928	4.6	0.99	6.3	0.000	0.431	86.2	88	82.2	104.2	18.78	 .0697	0.000	701	1	100.0	30
06/07/20	3:00 p	84.7	86.6	84.4	100	84.7	1.0	SSW	0.50	5.0	SSW	84.7	106.2	106.2	115.0	29.806	0.00	0.00	341	14.66	664	2.6	0.56	3.9	0.000	0.410	86.2	88	82.2	104.2	18.78	 .0697	0.013	699	1	100.0	30
06/07/20	3:30 p	83.8	84.7	83.7	100	83.8	0.0	SE	0.00	5.0	ESE	83.8	102.3	102.3	107.5	29.806	0.00	0.00	176	7.57	220	1.2	0.26	1.6	0.000	0.392	86.2	88	82.2	104.2	18.78	 .0697	0.000	702	1	100.0	30
06/07/20	4:00 p	83.6	84.0	83.3	100	83.6	0.0	S	0.00	3.0	SSE	83.6	101.5	101.5	105.7	29.806	0.00	0.00	126	5.42	163	0.6	0.13	0.9	0.000	0.387	86.2	88	82.2	104.2	18.78	 .0697	0.004	700	1	100.0	30
06/07/20	4:30 p	82.2	83.6	82.2	100	82.2	0.0	SE	0.00	2.0	SE	82.2	96.4	96.4	98.8	29.806	0.00	0.00	68	2.92	83	0.0	0.00	0.0	0.000	0.358	86.2	88	82.2	104.2	18.78	 .0697	0.000	702	1	100.0	30
06/07/20	5:00 p	81.9	82.2	81.9	100	81.9	0.0	S	0.00	3.0	SSE	81.9	95.4	95.4	96.7	29.806	0.00	0.00	37	1.59	54	0.0	0.00	0.0	0.000	0.352	86.2	88	82.2	104.2	18.78	 .0697	0.001	701	1	100.0	30
06/07/20	5:30 p	81.4	81.9	81.4	100	81.4	0.0	S	0.00	1.0	S	81.4	93.8	93.8	93.3	29.806	0.00	0.00	17	0.73	23	0.0	0.00	0.0	0.000	0.342	86.2	88	82.2	104.2	18.78	 .0697	0.000	700	1	100.0	30
06/07/20	6:00 p	81.1	81.5	81.1	100	81.1	0.0	---	0.00	0.0	---	81.1	92.8	92.8	92.0	29.806	0.00	0.00	1	0.04	9	0.0	0.00	0.0	0.000	0.335	86.2	88	82.2	104.2	18.78	 .0697	0.000	701	1	100.0	30
06/07/20	6:30 p	80.7	81.2	80.7	100	80.7	0.0	---	0.00	0.0	---	80.7	91.6	91.6	90.7	29.806	0.00	0.00	0	0.00	0	0.0	0.00	0.0	0.000	0.327	86.2	88	82.2	104.2	18.78	 .0697	0.000	702	1	100.0	30
06/07/20	7:00 p	80.4	80.7	80.4	100	80.4	0.0	---	0.00	0.0	---	80.4	90.8	90.8	89.9	29.806	0.00	0.00	0	0.00	0	0.0	0.00	0.0	0.000	0.321	86.2	88	82.2	104.2	18.78	 .0697	0.000	699	1	100.0	30
06/07/20	7:30 p	80.3	80.5	80.2	100	80.3	0.0	---	0.00	0.0	---	80.3	90.5	90.5	89.6	29.806	0.00	0.00	0	0.00	0	0.0	0.00	0.0	0.000	0.319	86.2	88	82.2	104.2	18.78	 .0697	0.000	702	1	100.0	30
06/07/20	8:00 p	80.1	80.4	80.0	100	80.1	0.0	---	0.00	0.0	---	80.1	89.9	89.9	89.0	29.806	0.00	0.00	0	0.00	0	0.0	0.00	0.0	0.000	0.315	86.2	88	82.2	104.2	18.78	 .0697	0.000	700	1	100.0	30
06/07/20	8:30 p	79.8	80.1	79.7	100	79.8	0.0	---	0.00	0.0	---	79.8	89.0	89.0	88.0	29.806	0.00	0.00	0	0.00	0	0.0	0.00	0.0	0.000	0.308	86.2	88	82.2	104.2	18.78	 .0697	0.000	700	1	100.0	30
06/07/20	9:00 p	79.9	80.0	79.8	100	79.9	0.0	---	0.00	0.0	---	79.9	89.3	89.3	88.3	29.806	0.00	0.00	0	0.00	0	0.0	0.00	0.0	0.000	0.310	86.2	88	82.2	104.2	18.78	 .0697	0.000	702	1	100.0	30
06/07/20	9:30 p	79.9	80.0	79.8	100	79.9	0.0	---	0.00	0.0	---	79.9	89.3	89.3	88.3	29.806	0.00	0.00	0	0.00	0	0.0	0.00	0.0	0.000	0.310	86.2	88	82.2	104.2	18.78	 .0697	0.000	699	1	100.0	30
06/07/20	10:00 p	79.9	79.9	79.8	100	79.9	0.0	---	0.00	0.0	---	79.9	89.3	89.3	88.3	29.806	0.00	0.00	0	0.00	0	0.0	0.00	0.0	0.000	0.310	86.2	88	82.2	104.2	18.78	 .0697	0.000	703	1	100.0	30
06/07/20	10:30 p	80.0	80.0	79.8	100	80.0	0.0	---	0.00	0.0	---	80.0	89.6	89.6	88.7	29.806	0.00	0.00	0	0.00	0	0.0	0.00	0.0	0.000	0.313	86.2	88	82.2	104.2	18.78	 .0697	0.000	699	1	100.0	30
06/07/20	11:00 p	79.8	80.1	79.7	100	79.8	0.0	---	0.00	0.0	---	79.8	89.0	89.0	88.0	29.806	0.00	0.00	0	0.00	0	0.0	0.00	0.0	0.000	0.308	86.2	88	82.2	104.2	18.78	 .0697	0.000	702	1	100.0	30
06/07/20	11:30 p	79.8	79.9	79.8	100	79.8	0.0	---	0.00	0.0	---	79.8	89.0	89.0	88.0	19.389	0.00	0.00	0	0.00	0	0.0	0.00	0.0	0.000	0.308	86.2	88	82.2	104.2	18.78	 .0444	0.000	700	1	100.0	30
06/08/20	12:00 a	79.6	79.9	79.6	100	79.6	0.0	S	0.00	1.0	S	79.6	88.5	88.5	87.5	19.389	0.00	0.00	0	0.00	0	0.0	0.00	0.0	0.000	0.304	86.2	88	82.2	104.2	18.78	 .0444	0.000	701	1	100.0	30
06/08/20	12:30 a	79.7	79.7	79.5	100	79.7	0.0	S	0.00	1.0	S	79.7	88.8	88.8	87.8	19.389	0.00	0.00	0	0.00	0	0.0	0.00	0.0	0.000	0.306	86.2	88	82.2	104.2	18.78	 .0444	0.000	701	1	100.0	30
06/08/20	1:00 a	79.6	79.8	79.6	100	79.6	0.0	---	0.00	0.0	---	79.6	88.5	88.5	87.5	19.389	0.00	0.00	0	0.00	0	0.0	0.00	0.0	0.000	0.304	86.2	88	82.2	104.2	18.78	 .0444	0.000	701	1	100.0	30
06/08/20	1:30 a	79.5	79.7	79.4	100	79.5	0.0	S	0.00	1.0	S	79.5	88.2	88.2	87.2	19.389	0.00	0.00	0	0.00	0	0.0	0.00	0.0	0.000	0.302	86.2	88	82.2	104.2	18.78	 .0444	0.000	702	1	100.0	30
06/08/20	2:00 a	79.2	79.6	79.2	100	79.2	0.0	S	0.00	1.0	S	79.2	87.4	87.4	86.4	29.692	0.00	0.00	0	0.00	0	0.0	0.00	0.0	0.000	0.296	81.0	96	79.8	91.1	21.75	 .0703	0.000	700	1	100.0	30
06/08/20	2:30 a	79.1	79.3	79.0	100	79.1	0.0	---	0.00	0.0	---	79.1	87.1	87.1	86.1	29.692	0.00	0.00	0	0.00	0	0.0	0.00	0.0	0.000	0.294	81.0	96	79.8	91.1	21.75	 .0703	0.000	700	1	100.0	30
06/08/20	3:00 a	79.0	79.2	78.9	100	79.0	0.0	---	0.00	0.0	---	79.0	86.8	86.8	85.8	19.465	0.00	0.00	0	0.00	0	0.0	0.00	0.0	0.000	0.292	81.0	96	79.8	91.1	21.75	 .0452	0.000	699	1	100.0	30
06/08/20	3:30 a	79.2	79.2	78.9	100	79.2	0.0	---	0.00	0.0	---	79.2	87.4	87.4	86.4	19.465	0.00	0.00	0	0.00	0	0.0	0.00	0.0	0.000	0.296	81.0	96	79.8	91.1	21.75	 .0452	0.000	702	1	100.0	30
06/08/20	4:00 a	79.2	79.3	79.0	100	79.2	0.0	---	0.00	0.0	---	79.2	87.4	87.4	86.4	19.465	0.00	0.00	0	0.00	0	0.0	0.00	0.0	0.000	0.296	81.0	96	79.8	91.1	21.75	 .0452	0.000	701	1	100.0	30
06/08/20	4:30 a	79.3	79.4	79.2	100	79.3	0.0	S	0.00	2.0	S	79.3	87.6	87.6	86.6	19.465	0.01	0.00	0	0.00	0	0.0	0.00	0.0	0.000	0.298	81.0	96	79.8	91.1	21.75	 .0452	0.000	700	1	100.0	30
06/08/20	5:00 a	79.1	79.3	79.0	100	79.1	0.0	S	0.00	1.0	S	79.1	87.1	87.1	86.1	19.389	0.03	0.18	0	0.00	0	0.0	0.00	0.0	0.000	0.294	81.0	96	79.8	91.1	21.75	 .0451	0.000	698	1	100.0	30
06/08/20	5:30 a	78.6	79.1	78.5	100	78.6	0.0	S	0.00	1.0	S	78.6	85.8	85.8	84.8	19.389	0.00	0.00	2	0.09	11	0.0	0.00	0.0	0.000	0.283	81.0	96	79.8	91.1	21.75	 .0451	0.000	698	1	100.0	30
06/08/20	6:00 a	78.9	79.0	78.5	100	78.9	0.0	E	0.00	1.0	E	78.9	86.6	86.6	86.5	19.389	0.00	0.00	39	1.68	76	0.0	0.00	0.0	0.000	0.290	81.0	96	79.8	91.1	21.75	 .0451	0.001	699	1	100.0	30
06/08/20	6:30 a	79.7	79.7	78.9	100	79.7	0.0	E	0.00	1.0	E	79.7	88.8	88.8	92.2	19.389	0.00	0.00	87	3.74	97	0.0	0.00	0.0	0.000	0.306	81.0	96	79.8	91.1	21.75	 .0451	0.000	701	1	100.0	30
06/08/20	7:00 a	79.6	79.9	79.4	100	79.6	0.0	E	0.00	3.0	E	79.6	88.5	88.5	91.4	19.389	0.00	0.00	87	3.74	104	0.3	0.06	0.7	0.000	0.304	81.0	96	79.8	91.1	21.75	 .0451	0.002	700	1	100.0	30
06/08/20	7:30 a	79.9	80.0	79.3	100	79.9	1.0	NNE	0.50	3.0	E	79.9	89.3	89.3	94.1	19.389	0.00	0.00	156	6.71	438	1.1	0.24	1.5	0.000	0.310	81.0	96	79.8	91.1	21.75	 .0451	0.000	700	1	100.0	30
06/08/20	8:00 a	81.0	81.1	79.6	100	81.0	1.0	ENE	0.50	3.0	NNE	81.0	92.5	92.5	101.1	29.692	0.00	0.00	317	13.63	461	1.8	0.39	2.1	0.000	0.333	81.0	96	79.8	91.1	21.75	 .0703	0.006	700	1	100.0	30
06/08/20	8:30 a	82.5	83.7	80.9	100	82.5	0.0	ENE	0.00	2.0	ENE	82.5	97.4	97.4	109.6	29.995	0.00	0.00	575	24.73	831	2.6	0.56	3.3	0.000	0.365	85.0	96	83.7	104.8	21.75	 .0702	0.000	699	1	100.0	30
06/08/20	9:00 a	83.1	83.1	82.0	100	83.1	0.0	SE	0.00	2.0	SE	83.1	99.6	99.6	104.7	29.995	0.00	0.00	212	9.12	596	2.2	0.47	3.6	0.000	0.377	85.0	96	83.7	104.8	21.75	 .0702	0.010	700	1	100.0	30
06/08/20	9:30 a	83.3	83.6	82.9	100	83.3	0.0	SW	0.00	3.0	SSE	83.3	100.4	100.4	108.5	29.995	0.00	0.00	367	15.78	868	3.2	0.69	3.4	0.000	0.381	85.0	96	83.7	104.8	21.75	 .0702	0.000	700	1	100.0	30
06/08/20	10:00 a	83.3	83.3	82.2	100	83.3	0.0	SSE	0.00	2.0	ESE	83.3	100.4	100.4	106.3	29.882	0.00	0.00	265	11.40	339	3.5	0.75	3.9	0.000	0.381	85.3	91	82.4	102.7	20.64	 .0700	0.009	697	1	100.0	30
06/08/20	10:30 a	86.1	86.1	82.7	100	86.1	0.0	ESE	0.00	4.0	S	86.1	113.9	113.9	121.0	29.692	0.00	0.00	314	13.50	436	5.8	1.24	8.9	0.000	0.440	85.3	91	82.4	102.7	20.64	 .0696	0.000	702	1	100.0	30
06/08/20	11:00 a	84.6	87.4	84.6	100	84.6	1.0	S	0.50	5.0	SSW	84.6	105.8	105.8	115.6	29.692	0.00	0.00	462	19.87	1056	6.7	1.44	9.3	0.000	0.408	85.3	91	82.4	102.7	20.64	 .0696	0.011	703	1	100.0	30
06/08/20	11:30 a	86.5	87.4	84.5	100	86.5	1.0	ESE	0.50	7.0	SE	86.5	116.8	116.8	127.8	29.692	0.00	0.00	1007	43.31	1058	9.6	2.06	10.0	0.000	0.448	85.3	91	82.4	102.7	20.64	 .0696	0.000	701	1	100.0	30
06/08/20	12:00 p	85.3	87.2	84.5	100	85.3	2.0	SE	1.00	8.0	SE	85.3	109.3	109.3	122.5	29.692	0.00	0.00	749	32.21	965	7.2	1.54	9.3	0.000	0.423	85.3	91	82.4	102.7	20.64	 .0696	0.022	701	1	100.0	30
06/08/20	12:30 p	84.9	85.6	84.8	100	84.9	2.0	SE	1.00	8.0	S	84.9	107.2	107.2	119.5	29.692	0.00	0.00	644	27.70	828	6.4	1.37	7.8	0.000	0.415	85.3	91	82.4	102.7	20.64	 .0696	0.000	699	1	100.0	30
06/08/20	1:00 p	85.9	86.4	84.4	100	85.9	1.0	S	0.50	8.0	SE	85.9	112.6	112.6	125.1	29.692	0.00	0.00	665	28.60	810	6.4	1.37	7.2	0.000	0.435	85.3	91	82.4	102.7	20.64	 .0696	0.017	701	1	100.0	30
06/08/20	1:30 p	86.5	87.0	85.6	100	86.5	1.0	S	0.50	6.0	SSE	86.5	116.8	116.8	129.6	29.692	0.00	0.00	849	36.51	935	7.1	1.52	7.5	0.000	0.448	85.3	91	82.4	102.7	20.64	 .0696	0.000	698	1	100.0	30
06/08/20	2:00 p	86.0	87.5	86.0	100	86.0	2.0	SSW	1.00	6.0	SSE	86.0	113.2	113.2	126.3	29.692	0.00	0.00	866	37.24	921	6.6	1.41	7.2	0.000	0.438	85.3	91	82.4	102.7	20.64	 .0696	0.022	701	1	100.0	30
06/08/20	2:30 p	85.8	87.0	85.8	100	85.8	2.0	S	1.00	5.0	NE	85.8	112.1	112.1	124.9	29.786	0.00	0.00	756	32.51	833	5.2	1.11	5.9	0.000	0.433	85.3	91	82.4	102.7	20.64	 .0698	0.000	697	1	100.0	30
06/08/20	3:00 p	85.0	85.8	84.6	100	85.0	1.0	SSE	0.50	8.0	SSE	85.0	107.6	107.6	118.0	29.793	0.00	0.00	417	17.93	591	2.9	0.62	3.8	0.000	0.417	87.5	84	82.1	106.2	17.15	 .0695	0.015	700	1	100.0	30
06/08/20	3:30 p	85.1	85.4	84.6	100	85.1	1.0	SE	0.50	6.0	ESE	85.1	108.2	108.2	119.3	29.786	0.00	0.00	409	17.59	464	2.2	0.47	2.5	0.000	0.419	86.8	85	81.7	104.6	17.54	 .0696	0.000	697	1	100.0	30
06/08/20	4:00 p	84.4	85.4	84.3	100	84.4	1.0	SE	0.50	6.0	SSE	84.4	104.9	104.9	114.7	29.780	0.00	0.00	306	13.16	443	1.2	0.26	1.9	0.000	0.404	86.3	87	82.0	103.9	18.37	 .0697	0.009	700	1	100.0	30
06/08/20	4:30 p	84.1	84.4	83.8	100	84.1	1.0	SSE	0.50	9.0	SE	84.1	103.5	103.5	110.2	29.786	0.00	0.00	172	7.40	200	0.6	0.13	0.9	0.000	0.398	85.9	87	81.6	102.2	18.40	 .0698	0.000	701	1	100.0	30
06/08/20	5:00 p	83.1	84.1	83.1	100	83.1	1.0	SSE	0.50	5.0	S	83.1	99.6	99.6	103.4	29.786	0.00	0.00	91	3.91	146	0.0	0.00	0.0	0.000	0.377	85.5	87	81.2	101.0	18.42	 .0699	0.003	701	1	100.0	30
06/08/20	5:30 p	82.2	83.1	82.0	100	82.2	0.0	NNW	0.00	3.0	NNW	82.2	96.4	96.4	96.1	29.798	0.00	0.00	29	1.25	39	0.0	0.00	0.0	0.000	0.358	84.7	89	81.1	99.6	19.48	 .0700	0.000	703	1	100.0	30
06/08/20	6:00 p	81.0	82.3	81.0	100	81.0	0.0	ENE	0.00	2.0	ENE	81.0	92.5	92.5	91.6	29.798	0.00	0.00	5	0.22	16	0.0	0.00	0.0	0.000	0.333	84.0	89	80.4	97.6	19.55	 .0701	0.000	701	1	100.0	30
06/08/20	6:30 p	80.5	81.1	80.5	100	80.5	0.0	ENE	0.00	1.0	ENE	80.5	91.1	91.1	90.0	29.801	0.00	0.00	0	0.00	0	0.0	0.00	0.0	0.000	0.323	83.4	90	80.2	96.1	20.18	 .0703	0.000	700	1	100.0	30
06/08/20	7:00 p	80.2	80.5	80.2	100	80.2	0.0	ENE	0.00	2.0	ENE	80.2	90.2	90.2	89.1	29.811	0.00	0.00	0	0.00	0	0.0	0.00	0.0	0.000	0.317	83.0	91	80.1	95.3	20.81	 .0703	0.000	699	1	100.0	30
06/08/20	7:30 p	80.3	80.4	80.2	100	80.3	0.0	ENE	0.00	1.0	ENE	80.3	90.5	90.5	89.4	29.824	0.00	0.00	0	0.00	0	0.0	0.00	0.0	0.000	0.319	82.8	92	80.2	95.2	21.21	 .0704	0.000	701	1	100.0	30
06/08/20	8:00 p	80.2	80.4	80.1	100	80.2	0.0	---	0.00	0.0	---	80.2	90.2	90.2	89.1	29.832	0.00	0.00	0	0.00	0	0.0	0.00	0.0	0.000	0.317	82.6	92	80.0	94.6	21.20	 .0704	0.000	698	1	100.0	30
06/08/20	8:30 p	79.7	80.2	79.7	100	79.7	0.0	---	0.00	0.0	---	79.7	88.8	88.8	87.7	29.839	0.00	0.00	0	0.00	0	0.0	0.00	0.0	0.000	0.306	82.4	93	80.2	94.4	21.30	 .0705	0.000	702	1	100.0	30
06/08/20	9:00 p	79.7	79.9	79.6	100	79.7	0.0	---	0.00	0.0	---	79.7	88.8	88.8	87.7	29.847	0.00	0.00	0	0.00	0	0.0	0.00	0.0	0.000	0.306	82.3	93	80.1	94.1	21.30	 .0705	0.000	702	1	100.0	30
06/08/20	9:30 p	79.5	79.9	79.5	100	79.5	0.0	---	0.00	0.0	---	79.5	88.2	88.2	87.1	29.841	0.00	0.00	0	0.00	0	0.0	0.00	0.0	0.000	0.302	82.1	93	79.9	93.5	21.29	 .0705	0.000	702	1	100.0	30
06/08/20	10:00 p	79.8	79.8	79.4	100	79.8	0.0	SSE	0.00	3.0	NW	79.8	89.0	89.0	87.9	29.841	0.00	0.00	0	0.00	0	0.0	0.00	0.0	0.000	0.308	82.1	93	79.9	93.5	21.29	 .0705	0.000	702	1	100.0	30
06/08/20	10:30 p	79.4	79.8	79.2	100	79.4	0.0	SSE	0.00	2.0	SSE	79.4	87.9	87.9	86.8	29.841	0.00	0.00	0	0.00	0	0.0	0.00	0.0	0.000	0.300	82.1	93	79.9	93.5	21.29	 .0705	0.000	701	1	100.0	30
06/08/20	11:00 p	79.1	79.4	79.0	100	79.1	0.0	SSE	0.00	2.0	SSE	79.1	87.1	87.1	86.0	29.841	0.04	0.25	0	0.00	0	0.0	0.00	0.0	0.000	0.294	82.1	93	79.9	93.5	21.29	 .0705	0.000	701	1	100.0	30
06/08/20	11:30 p	79.0	79.1	78.8	100	79.0	0.0	SE	0.00	2.0	SSE	79.0	86.8	86.8	85.7	29.841	0.00	0.00	0	0.00	0	0.0	0.00	0.0	0.000	0.292	82.1	93	79.9	93.5	21.29	 .0705	0.000	700	1	100.0	30
06/09/20	12:00 a	78.7	79.1	78.7	100	78.7	0.0	---	0.00	0.0	---	78.7	86.1	86.1	84.9	29.841	0.00	0.00	0	0.00	0	0.0	0.00	0.0	0.000	0.285	82.1	93	79.9	93.5	21.29	 .0705	0.000	700	1	100.0	30
06/09/20	12:30 a	78.7	78.9	78.7	100	78.7	0.0	SE	0.00	1.0	SE	78.7	86.1	86.1	84.9	29.841	0.00	0.00	0	0.00	0	0.0	0.00	0.0	0.000	0.285	82.1	93	79.9	93.5	21.29	 .0705	0.000	700	1	100.0	30
06/09/20	1:00 a	78.6	78.8	78.6	100	78.6	0.0	SE	0.00	1.0	SE	78.6	85.8	85.8	84.6	29.841	0.01	0.00	0	0.00	0	0.0	0.00	0.0	0.000	0.283	82.1	93	79.9	93.5	21.29	 .0705	0.000	703	1	100.0	30
06/09/20	1:30 a	78.4	78.8	78.3	100	78.4	0.0	SE	0.00	1.0	SE	78.4	85.4	85.4	84.2	29.841	0.07	0.65	0	0.00	0	0.0	0.00	0.0	0.000	0.279	82.1	93	79.9	93.5	21.29	 .0705	0.000	701	1	100.0	30
06/09/20	2:00 a	78.2	78.5	78.2	100	78.2	0.0	SE	0.00	1.0	SE	78.2	84.9	84.9	83.7	29.841	0.01	0.06	0	0.00	0	0.0	0.00	0.0	0.000	0.275	82.1	93	79.9	93.5	21.29	 .0705	0.000	700	1	100.0	30
06/09/20	2:30 a	78.5	78.5	78.1	100	78.5	0.0	SE	0.00	2.0	SE	78.5	85.6	85.6	84.4	29.841	0.00	0.00	0	0.00	0	0.0	0.00	0.0	0.000	0.281	82.1	93	79.9	93.5	21.29	 .0705	0.000	701	1	100.0	30
06/09/20	3:00 a	78.3	78.6	78.2	100	78.3	0.0	SE	0.00	1.0	SE	78.3	85.1	85.1	83.9	29.841	0.00	0.00	0	0.00	0	0.0	0.00	0.0	0.000	0.277	82.1	93	79.9	93.5	21.29	 .0705	0.000	700	1	100.0	30
06/09/20	3:30 a	78.3	78.5	78.2	100	78.3	0.0	SE	0.00	1.0	SE	78.3	85.1	85.1	83.9	29.841	0.00	0.00	0	0.00	0	0.0	0.00	0.0	0.000	0.277	82.1	93	79.9	93.5	21.29	 .0705	0.000	702	1	100.0	30
06/09/20	4:00 a	78.2	78.4	78.0	100	78.2	1.0	SE	0.50	4.0	NE	78.2	84.9	84.9	83.7	29.841	0.00	0.00	0	0.00	0	0.0	0.00	0.0	0.000	0.275	82.1	93	79.9	93.5	21.29	 .0705	0.000	699	1	100.0	30
06/09/20	4:30 a	78.0	78.2	77.9	100	78.0	0.0	E	0.00	1.0	E	78.0	84.4	84.4	83.2	29.841	0.00	0.00	0	0.00	0	0.0	0.00	0.0	0.000	0.271	82.1	93	79.9	93.5	21.29	 .0705	0.000	702	1	100.0	30
06/09/20	5:00 a	78.1	78.3	77.9	100	78.1	0.0	E	0.00	1.0	E	78.1	84.6	84.6	83.4	29.841	0.05	0.66	0	0.00	0	0.0	0.00	0.0	0.000	0.273	82.1	93	79.9	93.5	21.29	 .0705	0.000	700	1	100.0	30
06/09/20	5:30 a	77.9	78.1	77.8	100	77.9	0.0	E	0.00	2.0	E	77.9	84.2	84.2	83.0	29.841	0.14	1.44	0	0.00	0	0.0	0.00	0.0	0.000	0.269	82.1	93	79.9	93.5	21.29	 .0705	0.000	701	1	100.0	30
06/09/20	6:00 a	78.1	78.1	77.9	100	78.1	0.0	---	0.00	0.0	---	78.1	84.6	84.6	83.4	29.841	0.01	0.07	0	0.00	0	0.0	0.00	0.0	0.000	0.273	82.1	93	79.9	93.5	21.29	 .0705	0.000	701	1	100.0	30
06/09/20	6:30 a	78.2	78.2	77.9	100	78.2	0.0	NW	0.00	1.0	NE	78.2	84.9	84.9	84.3	29.841	0.02	0.05	2	0.09	11	0.0	0.00	0.0	0.000	0.275	82.1	93	79.9	93.5	21.29	 .0705	0.000	700	1	100.0	30
06/09/20	7:00 a	78.1	78.4	78.0	100	78.1	0.0	ESE	0.00	4.0	SE	78.1	84.6	84.6	84.3	29.995	0.01	0.05	11	0.47	16	0.0	0.00	0.0	0.000	0.273	80.0	96	78.8	88.4	21.75	 .0713	0.000	702	1	100.0	30
06/09/20	7:30 a	76.3	78.1	76.3	100	76.3	2.0	ESE	1.00	7.0	S	76.3	80.9	80.9	80.2	29.995	0.01	0.00	4	0.17	9	0.0	0.00	0.0	0.000	0.235	79.6	95	78.0	87.2	21.65	 .0714	0.000	700	1	100.0	30
06/09/20	8:00 a	75.0	76.3	74.9	100	75.0	1.0	NE	0.50	8.0	SSE	75.0	78.8	78.8	78.1	29.995	0.58	3.03	5	0.22	9	0.0	0.00	0.0	0.000	0.208	79.6	95	78.0	87.2	21.65	 .0714	0.000	701	1	100.0	30
06/09/20	8:30 a	75.1	75.2	74.5	100	75.1	1.0	NW	0.50	5.0	NNE	75.1	78.9	78.9	78.2	29.995	0.29	1.81	5	0.22	11	0.0	0.00	0.0	0.000	0.210	78.2	94	76.3	83.7	21.35	 .0717	0.000	700	1	100.0	30
06/09/20	9:00 a	74.5	75.3	74.4	100	74.5	1.0	ESE	0.50	7.0	WSW	74.5	78.2	78.2	77.5	29.692	0.30	2.50	5	0.22	9	0.0	0.00	0.0	0.000	0.198	78.0	94	76.1	83.3	21.35	 .0710	0.000	700	1	100.0	30
06/09/20	9:30 a	74.8	74.8	74.2	100	74.8	1.0	ESE	0.50	4.0	S	74.8	78.6	78.6	77.9	29.918	0.03	0.19	7	0.30	11	0.0	0.00	0.0	0.000	0.204	77.7	94	75.8	82.7	21.35	 .0716	0.000	701	1	100.0	30
06/09/20	10:00 a	75.3	75.3	74.8	100	75.3	1.0	SE	0.50	2.0	NE	75.3	79.3	79.3	79.1	29.901	0.00	0.00	26	1.12	33	0.0	0.00	0.0	0.000	0.215	77.8	94	75.9	82.9	21.35	 .0716	0.000	701	1	100.0	30
06/09/20	10:30 a	75.4	75.6	75.3	100	75.4	1.0	NE	0.50	3.0	ESE	75.4	79.4	79.4	80.2	------	0.00	0.00	69	2.97	120	0.5	0.11	1.2	0.000	0.217	78.1	95	76.6	83.6	21.65	21.65	0.000	699	1	100.0	30
06/09/20	11:00 a	76.1	76.2	75.2	100	76.1	1.0	NE	0.50	3.0	NE	76.1	80.5	80.5	83.6	------	0.00	0.00	159	6.84	195	1.6	0.34	2.0	0.000	0.231	78.1	95	76.6	83.6	21.65	21.65	0.003	703	1	100.0	30
06/09/20	11:30 a	77.5	77.6	76.0	100	77.5	0.0	E	0.00	2.0	E	77.5	83.3	83.3	87.8	------	0.00	0.00	212	9.12	241	2.2	0.47	2.5	0.000	0.260	78.1	95	76.6	83.6	21.65	21.65	0.000	697	1	100.0	30
06/09/20	12:00 p	78.7	79.2	77.2	100	78.7	1.0	NW	0.50	4.0	NE	78.7	86.1	86.1	94.6	------	0.00	0.00	398	17.12	677	4.0	0.86	6.3	0.000	0.285	78.1	95	76.6	83.6	21.65	21.65	0.007	700	1	100.0	30
06/09/20	12:30 p	81.6	82.4	78.7	100	81.6	1.0	S	0.50	5.0	S	81.6	94.4	94.4	107.1	------	0.00	0.00	711	30.58	802	6.6	1.41	7.1	0.000	0.346	78.1	95	76.6	83.6	21.65	21.65	0.000	699	1	100.0	30
06/09/20	1:00 p	79.8	82.0	79.6	100	79.8	1.0	ESE	0.50	5.0	SSE	79.8	89.0	89.0	97.1	29.692	0.00	0.00	384	16.51	563	3.7	0.79	5.0	0.000	0.308	82.9	89	79.3	94.2	19.66	 .0701	0.014	700	1	100.0	30
06/09/20	1:30 p	80.0	80.1	79.3	100	80.0	1.0	ESE	0.50	4.0	SSE	80.0	89.6	89.6	95.0	29.692	0.00	0.00	243	10.45	279	2.4	0.51	2.8	0.000	0.313	82.8	90	79.6	94.3	20.23	 .0701	0.000	701	1	100.0	30
06/09/20	2:00 p	80.3	80.7	80.0	100	80.3	2.0	SE	1.00	7.0	ENE	80.3	90.5	90.5	97.7	29.857	0.00	0.00	322	13.85	378	2.9	0.62	3.3	0.000	0.319	82.8	90	79.6	94.3	20.23	 .0705	0.007	701	1	100.0	30
06/09/20	2:30 p	80.5	80.7	80.1	100	80.5	2.0	E	1.00	8.0	E	80.5	91.1	91.1	98.6	29.692	0.00	0.00	319	13.72	373	2.7	0.58	3.2	0.000	0.323	82.8	90	79.6	94.3	20.23	 .0701	0.000	701	1	100.0	30
06/09/20	3:00 p	80.2	80.7	79.9	100	80.2	2.0	ESE	1.00	8.0	SSE	80.2	90.2	90.2	96.6	29.692	0.00	0.00	246	10.58	323	1.9	0.41	2.3	0.000	0.317	82.8	90	79.6	94.3	20.23	 .0701	0.007	700	1	100.0	30
06/09/20	3:30 p	80.5	81.1	80.1	100	80.5	2.0	SE	1.00	8.0	ESE	80.5	91.1	91.1	100.0	29.839	0.00	0.00	320	13.76	434	1.8	0.39	2.2	0.000	0.323	82.3	92	79.7	93.7	21.20	 .0705	0.000	697	1	100.0	30
06/09/20	4:00 p	79.7	81.0	79.6	100	79.7	1.0	E	0.50	4.0	SSE	79.7	88.8	88.8	95.5	29.839	0.00	0.00	206	8.86	288	1.0	0.21	1.5	0.000	0.306	82.3	92	79.7	93.7	21.20	 .0705	0.007	698	1	100.0	30
06/09/20	4:30 p	79.5	79.8	79.2	100	79.5	0.0	E	0.00	1.0	E	79.5	88.2	88.2	91.4	29.839	0.00	0.00	90	3.87	114	0.2	0.04	0.5	0.000	0.302	82.3	92	79.7	93.7	21.20	 .0705	0.000	699	1	100.0	30
06/09/20	5:00 p	78.4	79.5	78.4	100	78.4	0.0	N	0.00	1.0	N	78.4	85.4	85.4	86.9	29.838	0.00	0.00	43	1.85	58	0.0	0.00	0.0	0.000	0.279	81.3	92	78.8	90.7	21.18	 .0707	0.002	700	1	100.0	30
06/09/20	5:30 p	77.7	78.7	77.6	100	77.7	1.0	NNE	0.50	4.0	SW	77.7	83.7	83.7	83.1	29.838	0.00	0.00	22	0.95	26	0.0	0.00	0.0	0.000	0.265	80.9	93	78.7	89.8	21.27	 .0708	0.000	703	1	100.0	30
06/09/20	6:00 p	77.5	77.7	77.3	100	77.5	1.0	E	0.50	4.0	NE	77.5	83.3	83.3	82.3	29.693	0.00	0.00	5	0.22	16	0.0	0.00	0.0	0.000	0.260	80.9	93	78.7	89.8	21.27	 .0704	0.000	698	1	100.0	30
06/09/20	6:30 p	77.3	77.6	77.1	100	77.3	2.0	NNE	1.00	7.0	NE	77.3	82.9	82.9	81.8	29.693	0.00	0.00	0	0.00	0	0.0	0.00	0.0	0.000	0.256	79.6	92	77.1	86.4	21.14	 .0707	0.000	698	1	100.0	30
06/09/20	7:00 p	77.4	77.5	77.3	100	77.4	2.0	N	1.00	10.0	E	77.4	83.1	83.1	82.0	29.846	0.00	0.00	0	0.00	0	0.0	0.00	0.0	0.000	0.258	79.5	92	77.0	86.2	21.14	 .0711	0.000	699	1	100.0	30
06/09/20	7:30 p	77.5	77.7	77.4	100	77.5	2.0	N	1.00	8.0	NNW	77.5	83.3	83.3	82.2	29.846	0.00	0.00	0	0.00	0	0.0	0.00	0.0	0.000	0.260	79.5	92	77.0	86.2	21.14	 .0711	0.000	700	1	100.0	30
06/09/20	8:00 p	77.1	77.7	77.1	100	77.1	1.0	NE	0.50	6.0	E	77.1	82.4	82.4	81.3	29.846	0.00	0.00	0	0.00	0	0.0	0.00	0.0	0.000	0.252	79.5	92	77.0	86.2	21.14	 .0711	0.000	703	1	100.0	30
06/09/20	8:30 p	76.5	77.1	76.4	100	76.5	0.0	NE	0.00	2.0	NE	76.5	81.3	81.3	80.2	29.846	0.00	0.00	0	0.00	0	0.0	0.00	0.0	0.000	0.240	78.9	92	76.4	84.9	21.13	 .0713	0.000	701	1	100.0	30
06/09/20	9:00 p	76.3	76.6	76.1	100	76.3	0.0	NE	0.00	1.0	NE	76.3	80.9	80.9	79.8	29.693	0.00	0.00	0	0.00	0	0.0	0.00	0.0	0.000	0.235	78.3	93	76.1	83.8	21.22	 .0710	0.000	703	1	100.0	30
06/09/20	9:30 p	75.1	76.3	75.1	100	75.1	0.0	NE	0.00	2.0	NE	75.1	78.9	78.9	77.7	29.693	0.00	0.00	0	0.00	0	0.0	0.00	0.0	0.000	0.210	78.0	93	75.8	83.2	21.21	 .0710	0.000	700	1	100.0	30
06/09/20	10:00 p	75.1	75.2	75.0	100	75.1	0.0	NE	0.00	2.0	NE	75.1	78.9	78.9	77.7	29.693	0.00	0.00	0	0.00	0	0.0	0.00	0.0	0.000	0.210	78.0	93	75.8	83.2	21.21	 .0710	0.000	698	1	100.0	30
06/09/20	10:30 p	74.9	75.1	74.7	100	74.9	0.0	NE	0.00	2.0	NE	74.9	78.7	78.7	77.5	29.693	0.00	0.00	0	0.00	0	0.0	0.00	0.0	0.000	0.206	78.0	93	75.8	83.2	21.21	 .0710	0.000	699	1	100.0	30
06/09/20	11:00 p	74.9	75.2	74.9	100	74.9	0.0	NE	0.00	2.0	NE	74.9	78.7	78.7	77.5	29.693	0.00	0.00	0	0.00	0	0.0	0.00	0.0	0.000	0.206	78.0	93	75.8	83.2	21.21	 .0710	0.000	703	1	100.0	30
06/09/20	11:30 p	75.1	75.1	74.9	100	75.1	0.0	NE	0.00	1.0	NE	75.1	78.9	78.9	77.7	29.693	0.00	0.00	0	0.00	0	0.0	0.00	0.0	0.000	0.210	78.0	93	75.8	83.2	21.21	 .0710	0.000	698	1	100.0	30
06/10/20	12:00 a	74.9	75.1	74.9	100	74.9	0.0	---	0.00	0.0	---	74.9	78.7	78.7	77.5	29.693	0.00	0.00	0	0.00	0	0.0	0.00	0.0	0.000	0.206	78.0	93	75.8	83.2	21.21	 .0710	0.000	701	1	100.0	30
06/10/20	12:30 a	75.3	75.4	74.9	100	75.3	0.0	---	0.00	0.0	---	75.3	79.3	79.3	78.1	29.693	0.00	0.00	0	0.00	0	0.0	0.00	0.0	0.000	0.215	78.0	93	75.8	83.2	21.21	 .0710	0.000	700	1	100.0	30
06/10/20	1:00 a	75.4	75.6	75.3	100	75.4	0.0	---	0.00	0.0	---	75.4	79.4	79.4	78.2	29.693	0.00	0.00	0	0.00	0	0.0	0.00	0.0	0.000	0.217	78.0	93	75.8	83.2	21.21	 .0710	0.000	701	1	100.0	30
06/10/20	1:30 a	75.0	75.4	75.0	100	75.0	0.0	---	0.00	0.0	---	75.0	78.8	78.8	77.6	29.693	0.00	0.00	0	0.00	0	0.0	0.00	0.0	0.000	0.208	78.0	93	75.8	83.2	21.21	 .0710	0.000	701	1	100.0	30
06/10/20	2:00 a	74.6	75.0	74.6	100	74.6	0.0	---	0.00	0.0	---	74.6	78.3	78.3	77.1	29.693	0.00	0.00	0	0.00	0	0.0	0.00	0.0	0.000	0.200	78.0	93	75.8	83.2	21.21	 .0710	0.000	698	1	100.0	30
06/10/20	2:30 a	74.2	74.6	74.2	100	74.2	0.0	---	0.00	0.0	---	74.2	77.8	77.8	76.6	29.693	0.00	0.00	0	0.00	0	0.0	0.00	0.0	0.000	0.192	78.0	93	75.8	83.2	21.21	 .0710	0.000	700	1	100.0	30
06/10/20	3:00 a	74.1	74.3	74.1	100	74.1	0.0	---	0.00	0.0	---	74.1	77.7	77.7	76.5	29.693	0.00	0.00	0	0.00	0	0.0	0.00	0.0	0.000	0.190	78.0	93	75.8	83.2	21.21	 .0710	0.000	698	1	100.0	30
06/10/20	3:30 a	73.9	74.2	73.8	100	73.9	0.0	---	0.00	0.0	---	73.9	77.5	77.5	76.2	29.693	0.00	0.00	0	0.00	0	0.0	0.00	0.0	0.000	0.185	78.0	93	75.8	83.2	21.21	 .0710	0.000	702	1	100.0	30
06/10/20	4:00 a	73.8	74.0	73.7	100	73.8	0.0	---	0.00	0.0	---	73.8	77.4	77.4	76.1	29.693	0.00	0.00	0	0.00	0	0.0	0.00	0.0	0.000	0.183	78.0	93	75.8	83.2	21.21	 .0710	0.000	702	1	100.0	30
06/10/20	4:30 a	74.1	74.2	73.9	100	74.1	0.0	---	0.00	0.0	---	74.1	77.7	77.7	76.5	29.693	0.00	0.00	0	0.00	0	0.0	0.00	0.0	0.000	0.190	78.0	93	75.8	83.2	21.21	 .0710	0.000	701	1	100.0	30
06/10/20	5:00 a	74.1	74.2	74.0	100	74.1	0.0	---	0.00	0.0	---	74.1	77.7	77.7	76.5	29.693	0.00	0.00	0	0.00	0	0.0	0.00	0.0	0.000	0.190	78.0	93	75.8	83.2	21.21	 .0710	0.000	700	1	100.0	30
06/10/20	5:30 a	74.4	74.4	74.0	100	74.4	0.0	---	0.00	0.0	---	74.4	78.1	78.1	76.9	29.693	0.00	0.00	0	0.00	5	0.0	0.00	0.0	0.000	0.196	78.0	93	75.8	83.2	21.21	 .0710	0.000	700	1	100.0	30
06/10/20	6:00 a	75.2	75.2	74.2	100	75.2	0.0	---	0.00	0.0	---	75.2	79.1	79.1	78.5	29.693	0.00	0.00	27	1.16	37	0.0	0.00	0.0	0.000	0.212	78.0	93	75.8	83.2	21.21	 .0710	0.000	701	1	100.0	30
06/10/20	6:30 a	76.2	76.2	75.1	100	76.2	0.0	---	0.00	0.0	---	76.2	80.7	80.7	82.5	29.693	0.00	0.00	53	2.28	128	0.0	0.00	0.0	0.000	0.233	78.0	93	75.8	83.2	21.21	 .0710	0.000	702	1	100.0	30
06/10/20	7:00 a	77.1	77.1	76.2	100	77.1	0.0	---	0.00	0.0	---	77.1	82.4	82.4	84.8	29.693	0.00	0.00	76	3.27	141	0.2	0.04	0.5	0.000	0.252	78.0	93	75.8	83.2	21.21	 .0710	0.002	701	1	100.0	30
06/10/20	7:30 a	77.9	77.9	76.8	100	77.9	0.0	---	0.00	0.0	---	77.9	84.2	84.2	87.4	29.693	0.00	0.00	111	4.77	149	0.8	0.17	1.2	0.000	0.269	78.0	93	75.8	83.2	21.21	 .0710	0.000	698	1	100.0	30
06/10/20	8:00 a	79.6	79.6	77.9	100	79.6	0.0	---	0.00	0.0	---	79.6	88.5	88.5	95.3	29.693	0.00	0.00	249	10.71	538	1.6	0.34	2.1	0.000	0.304	78.0	93	75.8	83.2	21.21	 .0710	0.004	699	1	100.0	30
06/10/20	8:30 a	78.8	79.9	78.6	100	78.8	1.0	SW	0.50	4.0	SW	78.8	86.3	86.3	92.5	29.693	0.00	0.00	253	10.88	325	2.0	0.43	2.2	0.000	0.288	78.0	93	75.8	83.2	21.21	 .0710	0.000	702	1	100.0	30
06/10/20	9:00 a	79.5	79.6	78.7	100	79.5	0.0	SSW	0.00	2.0	SSW	79.5	88.2	88.2	92.6	29.693	0.01	0.00	194	8.34	297	1.8	0.39	2.4	0.000	0.302	78.0	93	75.8	83.2	21.21	 .0710	0.006	703	1	100.0	30
06/10/20	9:30 a	78.5	79.9	78.5	100	78.5	0.0	SSW	0.00	2.0	SSW	78.5	85.6	85.6	88.9	29.693	0.06	0.40	162	6.97	227	1.4	0.30	2.0	0.000	0.281	78.0	93	75.8	83.2	21.21	 .0710	0.000	700	1	100.0	30
06/10/20	10:00 a	77.0	78.5	77.0	100	77.0	1.0	SSW	0.50	4.0	S	77.0	82.2	82.2	86.0	29.693	0.25	1.20	188	8.09	318	2.0	0.43	3.2	0.000	0.250	78.0	93	75.8	83.2	21.21	 .0710	0.004	702	1	100.0	30
06/10/20	10:30 a	79.8	79.8	76.9	100	79.8	1.0	SSW	0.50	4.0	SW	79.8	89.0	89.0	98.4	29.693	0.01	0.22	455	19.57	608	4.6	0.99	6.4	0.000	0.308	78.0	93	75.8	83.2	21.21	 .0710	0.000	700	1	100.0	30
06/10/20	11:00 a	79.8	81.3	79.4	100	79.8	2.0	SW	1.00	5.0	WSW	79.8	89.0	89.0	99.7	29.693	0.00	0.00	536	23.05	1174	6.5	1.39	10.5	0.000	0.308	78.0	93	75.8	83.2	21.21	 .0710	0.014	699	1	100.0	30
06/10/20	11:30 a	81.6	82.0	79.2	100	81.6	1.0	SSW	0.50	4.0	SW	81.6	94.4	94.4	105.8	29.693	0.00	0.00	579	24.90	969	6.3	1.35	8.7	0.000	0.346	78.0	93	75.8	83.2	21.21	 .0710	0.000	700	1	100.0	30
06/10/20	12:00 p	81.1	82.3	81.1	100	81.1	1.0	SW	0.50	4.0	SSW	81.1	92.8	92.8	104.6	29.693	0.00	0.00	611	26.28	907	6.3	1.35	8.3	0.000	0.335	78.0	93	75.8	83.2	21.21	 .0710	0.015	701	1	100.0	30
06/10/20	12:30 p	82.1	82.1	80.7	100	82.1	1.0	SW	0.50	5.0	WSW	82.1	96.0	96.0	107.3	29.693	0.00	0.00	571	24.56	912	6.4	1.37	8.6	0.000	0.356	78.0	93	75.8	83.2	21.21	 .0710	0.000	701	1	100.0	30
06/10/20	1:00 p	83.1	83.6	82.0	100	83.1	1.0	SSW	0.50	4.0	SSW	83.1	99.6	99.6	112.7	29.693	0.00	0.00	765	32.90	1002	7.4	1.59	9.2	0.000	0.377	78.0	93	75.8	83.2	21.21	 .0710	0.017	701	1	100.0	30
06/10/20	1:30 p	83.3	83.7	82.5	100	83.3	1.0	SSW	0.50	4.0	SSW	83.3	100.4	100.4	112.9	29.693	0.00	0.00	685	29.46	991	6.2	1.33	8.0	0.000	0.381	78.0	93	75.8	83.2	21.21	 .0710	0.000	702	1	100.0	30
06/10/20	2:00 p	83.1	83.5	82.4	100	83.1	1.0	SSW	0.50	3.0	SW	83.1	99.6	99.6	111.7	29.693	0.00	0.00	618	26.58	884	5.2	1.11	6.1	0.000	0.377	78.0	93	75.8	83.2	21.21	 .0710	0.017	701	1	100.0	30
06/10/20	2:30 p	81.4	84.4	81.2	100	81.4	1.0	SSW	0.50	5.0	SW	81.4	93.8	93.8	103.1	29.693	0.00	0.00	406	17.46	993	3.7	0.79	6.1	0.000	0.342	78.0	93	75.8	83.2	21.21	 .0710	0.000	699	1	100.0	30
06/10/20	3:00 p	81.5	81.8	81.3	100	81.5	1.0	SE	0.50	4.0	SSE	81.5	94.1	94.1	103.4	29.693	0.00	0.00	371	15.96	519	2.7	0.58	3.5	0.000	0.344	78.0	93	75.8	83.2	21.21	 .0710	0.010	701	1	100.0	30
06/10/20	3:30 p	81.9	82.3	81.2	100	81.9	1.0	S	0.50	3.0	SSW	81.9	95.4	95.4	105.1	29.693	0.00	0.00	352	15.14	510	2.0	0.43	2.6	0.000	0.352	78.0	93	75.8	83.2	21.21	 .0710	0.000	696	1	100.0	30
06/10/20	4:00 p	80.8	82.0	80.5	100	80.8	0.0	ESE	0.00	5.0	SSE	80.8	91.9	91.9	97.7	29.693	0.00	0.00	177	7.61	264	0.9	0.19	1.4	0.000	0.329	78.0	93	75.8	83.2	21.21	 .0710	0.007	697	1	100.0	30
06/10/20	4:30 p	80.7	81.3	80.5	100	80.7	0.0	ENE	0.00	3.0	ENE	80.7	91.6	91.6	97.3	29.693	0.00	0.00	151	6.49	179	0.7	0.15	0.9	0.000	0.327	78.0	93	75.8	83.2	21.21	 .0710	0.000	698	1	100.0	30
06/10/20	5:00 p	80.0	81.0	80.0	100	80.0	0.0	ENE	0.00	2.0	ENE	80.0	89.6	89.6	94.0	29.693	0.00	0.00	112	4.82	156	0.1	0.02	0.5	0.000	0.313	78.0	93	75.8	83.2	21.21	 .0710	0.003	700	1	100.0	30
06/10/20	5:30 p	77.5	80.3	77.5	100	77.5	1.0	SSE	0.50	8.0	S	77.5	83.3	83.3	82.4	29.693	0.00	0.00	17	0.73	63	0.0	0.00	0.0	0.000	0.260	78.0	93	75.8	83.2	21.21	 .0710	0.000	699	1	100.0	30
06/10/20	6:00 p	75.8	77.4	75.8	100	75.8	0.0	W	0.00	4.0	NNW	75.8	80.0	80.0	78.6	29.693	0.19	0.80	0	0.00	0	0.0	0.00	0.0	0.000	0.225	78.0	93	75.8	83.2	21.21	 .0710	0.000	702	1	100.0	30
06/10/20	6:30 p	75.6	75.8	75.5	100	75.6	0.0	W	0.00	2.0	W	75.6	79.7	79.7	78.3	29.693	0.04	0.12	0	0.00	0	0.0	0.00	0.0	0.000	0.221	78.0	93	75.8	83.2	21.21	 .0710	0.000	699	1	100.0	30
06/10/20	7:00 p	75.5	75.7	75.4	100	75.5	0.0	W	0.00	2.0	W	75.5	79.6	79.6	78.2	29.693	0.03	0.12	0	0.00	0	0.0	0.00	0.0	0.000	0.219	78.0	93	75.8	83.2	21.21	 .0710	0.000	700	1	100.0	30
06/10/20	7:30 p	75.2	75.6	75.2	100	75.2	0.0	W	0.00	1.0	W	75.2	79.1	79.1	77.7	29.693	0.05	0.14	0	0.00	0	0.0	0.00	0.0	0.000	0.212	78.0	93	75.8	83.2	21.21	 .0710	0.000	700	1	100.0	30
06/10/20	8:00 p	75.2	75.3	75.1	100	75.2	0.0	W	0.00	1.0	W	75.2	79.1	79.1	77.7	29.693	0.02	0.08	0	0.00	0	0.0	0.00	0.0	0.000	0.212	78.0	93	75.8	83.2	21.21	 .0710	0.000	701	1	100.0	30
06/10/20	8:30 p	75.2	75.2	75.1	100	75.2	0.0	W	0.00	1.0	W	75.2	79.1	79.1	77.7	29.693	0.02	0.05	0	0.00	0	0.0	0.00	0.0	0.000	0.212	78.0	93	75.8	83.2	21.21	 .0710	0.000	699	1	100.0	30
06/10/20	9:00 p	75.4	75.4	75.2	100	75.4	0.0	W	0.00	1.0	W	75.4	79.4	79.4	78.0	29.693	0.02	0.11	0	0.00	0	0.0	0.00	0.0	0.000	0.217	78.0	93	75.8	83.2	21.21	 .0710	0.000	701	1	100.0	30
06/10/20	9:30 p	75.5	75.5	75.3	100	75.5	0.0	---	0.00	0.0	---	75.5	79.6	79.6	78.2	29.693	0.00	0.00	0	0.00	0	0.0	0.00	0.0	0.000	0.219	78.0	93	75.8	83.2	21.21	 .0710	0.000	700	1	100.0	30
06/10/20	10:00 p	75.1	75.5	75.1	100	75.1	1.0	NW	0.50	3.0	N	75.1	78.9	78.9	77.5	29.693	0.03	0.10	0	0.00	0	0.0	0.00	0.0	0.000	0.210	78.0	93	75.8	83.2	21.21	 .0710	0.000	699	1	100.0	30
06/10/20	10:30 p	75.0	75.2	74.9	100	75.0	0.0	NNE	0.00	2.0	NNE	75.0	78.8	78.8	77.4	29.693	0.00	0.00	0	0.00	0	0.0	0.00	0.0	0.000	0.208	78.0	93	75.8	83.2	21.21	 .0710	0.000	702	1	100.0	30
06/10/20	11:00 p	74.8	75.1	74.8	100	74.8	0.0	---	0.00	0.0	---	74.8	78.6	78.6	77.1	29.693	0.00	0.00	0	0.00	0	0.0	0.00	0.0	0.000	0.204	78.0	93	75.8	83.2	21.21	 .0710	0.000	700	1	100.0	30
06/10/20	11:30 p	74.9	75.1	74.8	100	74.9	0.0	NNE	0.00	1.0	NNE	74.9	78.7	78.7	77.2	29.693	0.00	0.00	0	0.00	0	0.0	0.00	0.0	0.000	0.206	78.0	93	75.8	83.2	21.21	 .0710	0.000	701	1	100.0	30
06/11/20	12:00 a	74.8	75.0	74.7	100	74.8	0.0	NNE	0.00	1.0	NNE	74.8	78.6	78.6	77.1	29.693	0.00	0.00	0	0.00	0	0.0	0.00	0.0	0.000	0.204	78.0	93	75.8	83.2	21.21	 .0710	0.000	699	1	100.0	30
06/11/20	12:30 a	74.6	74.8	74.6	100	74.6	0.0	NNE	0.00	1.0	NNE	74.6	78.3	78.3	76.8	29.693	0.00	0.00	0	0.00	0	0.0	0.00	0.0	0.000	0.200	78.0	93	75.8	83.2	21.21	 .0710	0.000	700	1	100.0	30
06/11/20	1:00 a	74.4	74.6	74.3	100	74.4	0.0	---	0.00	0.0	---	74.4	78.1	78.1	76.6	29.693	0.00	0.00	0	0.00	0	0.0	0.00	0.0	0.000	0.196	78.0	93	75.8	83.2	21.21	 .0710	0.000	699	1	100.0	30
06/11/20	1:30 a	74.3	74.4	74.2	100	74.3	0.0	---	0.00	0.0	---	74.3	78.0	78.0	76.5	29.693	0.00	0.00	0	0.00	0	0.0	0.00	0.0	0.000	0.194	78.0	93	75.8	83.2	21.21	 .0710	0.000	701	1	100.0	30
06/11/20	2:00 a	74.0	74.3	73.9	100	74.0	0.0	NNE	0.00	1.0	NNE	74.0	77.6	77.6	76.1	29.693	0.00	0.00	0	0.00	0	0.0	0.00	0.0	0.000	0.188	78.0	93	75.8	83.2	21.21	 .0710	0.000	699	1	100.0	30
06/11/20	2:30 a	73.8	74.0	73.7	100	73.8	0.0	---	0.00	0.0	---	73.8	77.4	77.4	75.8	29.693	0.00	0.00	0	0.00	0	0.0	0.00	0.0	0.000	0.183	78.0	93	75.8	83.2	21.21	 .0710	0.000	702	1	100.0	30
06/11/20	3:00 a	73.6	73.8	73.6	100	73.6	0.0	---	0.00	0.0	---	73.6	77.2	77.2	75.6	29.693	0.00	0.00	0	0.00	0	0.0	0.00	0.0	0.000	0.179	78.0	93	75.8	83.2	21.21	 .0710	0.000	700	1	100.0	30
06/11/20	3:30 a	73.4	73.7	73.4	100	73.4	0.0	---	0.00	0.0	---	73.4	77.0	77.0	75.4	29.848	0.00	0.00	0	0.00	0	0.0	0.00	0.0	0.000	0.175	78.0	93	75.8	83.2	21.21	 .0714	0.000	702	1	100.0	30
06/11/20	4:00 a	73.3	73.5	73.3	100	73.3	0.0	---	0.00	0.0	---	73.3	76.9	76.9	75.3	29.849	0.00	0.00	0	0.00	0	0.0	0.00	0.0	0.000	0.173	75.6	95	74.1	79.5	21.65	 .0719	0.000	699	1	100.0	30
06/11/20	4:30 a	73.1	73.4	73.1	100	73.1	0.0	---	0.00	0.0	---	73.1	76.7	76.7	75.1	29.849	0.00	0.00	0	0.00	0	0.0	0.00	0.0	0.000	0.169	75.6	95	74.1	79.5	21.65	 .0719	0.000	701	1	100.0	30
06/11/20	5:00 a	73.2	73.3	73.1	100	73.2	0.0	---	0.00	0.0	---	73.2	76.8	76.8	75.2	29.849	0.00	0.00	0	0.00	0	0.0	0.00	0.0	0.000	0.171	75.6	95	74.1	79.5	21.65	 .0719	0.000	701	1	100.0	30
06/11/20	5:30 a	73.3	73.3	73.1	100	73.3	0.0	---	0.00	0.0	---	73.3	76.9	76.9	75.4	29.849	0.00	0.00	3	0.13	12	0.0	0.00	0.0	0.000	0.173	75.6	95	74.1	79.5	21.65	 .0719	0.000	702	1	100.0	30
06/11/20	6:00 a	74.1	74.2	73.2	100	74.1	0.0	---	0.00	0.0	---	74.1	77.7	77.7	77.0	29.849	0.00	0.00	36	1.55	63	0.0	0.00	0.0	0.000	0.190	75.6	95	74.1	79.5	21.65	 .0719	0.000	697	1	100.0	30
06/11/20	6:30 a	75.3	75.3	74.2	100	75.3	0.0	---	0.00	0.0	---	75.3	79.3	79.3	82.6	29.849	0.00	0.00	89	3.83	120	0.0	0.00	0.0	0.000	0.215	75.6	95	74.1	79.5	21.65	 .0719	0.000	700	1	100.0	30
06/11/20	7:00 a	76.6	76.7	75.3	100	76.6	0.0	NNE	0.00	2.0	NNE	76.6	81.4	81.4	86.6	29.849	0.00	0.00	150	6.45	163	0.6	0.13	0.9	0.000	0.242	75.6	95	74.1	79.5	21.65	 .0719	0.003	698	1	100.0	30
06/11/20	7:30 a	77.5	77.6	76.6	100	77.5	0.0	NNE	0.00	1.0	NNE	77.5	83.3	83.3	89.6	29.849	0.00	0.00	205	8.82	503	1.2	0.26	1.7	0.000	0.260	75.6	95	74.1	79.5	21.65	 .0719	0.000	701	1	100.0	30
06/11/20	8:00 a	78.8	78.9	77.0	100	78.8	0.0	NNE	0.00	1.0	NNE	78.8	86.3	86.3	97.9	29.849	0.00	0.00	488	20.99	617	2.1	0.45	2.6	0.000	0.288	75.6	95	74.1	79.5	21.65	 .0719	0.008	701	1	100.0	30
06/11/20	8:30 a	81.2	81.2	78.3	100	81.2	0.0	S	0.00	4.0	SSE	81.2	93.1	93.1	105.5	29.087	0.00	0.00	622	26.75	735	3.0	0.64	3.5	0.000	0.337	81.8	93	79.6	92.6	21.29	 .0688	0.000	699	1	100.0	30
06/11/20	9:00 a	82.8	82.8	80.4	100	82.8	1.0	S	0.50	5.0	SSE	82.8	98.5	98.5	111.0	29.087	0.00	0.00	647	27.82	761	3.3	0.71	3.7	0.000	0.371	82.5	91	79.6	93.9	20.85	 .0687	0.015	700	1	100.0	30
06/11/20	9:30 a	83.8	83.8	82.7	100	83.8	2.0	SSW	1.00	6.0	S	83.8	102.3	102.3	114.7	29.922	0.00	0.00	813	34.96	858	3.0	0.64	3.3	0.000	0.392	83.8	87	79.5	96.2	18.52	 .0705	0.000	700	1	100.0	30
06/11/20	10:00 a	84.8	84.8	83.7	100	84.8	2.0	S	1.00	7.0	S	84.8	106.7	106.7	118.4	29.922	0.00	0.00	898	38.62	963	4.8	1.03	7.0	0.000	0.413	84.6	87	80.3	98.4	18.47	 .0704	0.021	703	1	100.0	30
06/11/20	10:30 a	86.0	86.0	84.6	100	86.0	1.0	SSW	0.50	5.0	SW	86.0	113.2	113.2	126.2	29.086	0.00	0.00	715	30.75	1051	7.3	1.56	9.1	0.000	0.438	85.2	87	80.9	100.0	18.44	 .0682	0.000	699	1	100.0	30
06/11/20	11:00 a	85.0	86.5	84.5	100	85.0	1.0	SSW	0.50	5.0	S	85.0	107.6	107.6	120.8	29.086	0.00	0.00	752	32.34	1215	8.8	1.89	10.6	0.000	0.417	85.2	87	80.9	100.0	18.44	 .0682	0.019	703	1	100.0	30
06/11/20	11:30 a	84.1	86.0	84.1	100	84.1	1.0	SW	0.50	7.0	S	84.1	103.5	103.5	116.4	29.086	0.00	0.00	707	30.40	1202	7.9	1.69	11.1	0.000	0.398	85.2	87	80.9	100.0	18.44	 .0682	0.000	697	1	100.0	30
06/11/20	12:00 p	84.6	85.9	83.6	100	84.6	2.0	SW	1.00	5.0	SW	84.6	105.8	105.8	119.2	29.693	0.00	0.00	798	34.32	1331	8.6	1.84	11.3	0.000	0.408	85.2	87	80.9	100.0	18.44	 .0697	0.021	701	1	100.0	30
06/11/20	12:30 p	84.8	84.8	83.8	100	84.8	1.0	SE	0.50	6.0	SSW	84.8	106.7	106.7	119.5	29.693	0.00	0.00	704	30.28	1095	7.8	1.67	9.7	0.000	0.413	85.2	87	80.9	100.0	18.44	 .0697	0.000	701	1	100.0	30
06/11/20	1:00 p	85.2	86.7	84.8	100	85.2	2.0	SSW	1.00	7.0	W	85.2	108.7	108.7	121.2	29.693	0.00	0.00	998	42.92	1062	9.1	1.95	9.5	0.000	0.421	85.2	87	80.9	100.0	18.44	 .0697	0.022	700	1	100.0	30
06/11/20	1:30 p	84.8	85.4	84.1	100	84.8	2.0	SSW	1.00	7.0	WSW	84.8	106.7	106.7	119.7	29.693	0.00	0.00	814	35.01	1120	6.8	1.46	8.9	0.000	0.413	85.2	87	80.9	100.0	18.44	 .0697	0.000	702	1	100.0	30
06/11/20	2:00 p	85.0	85.5	83.5	100	85.0	2.0	SSW	1.00	7.0	WNW	85.0	107.6	107.6	120.5	29.693	0.00	0.00	731	31.44	1136	5.5	1.18	8.0	0.000	0.417	85.2	87	80.9	100.0	18.44	 .0697	0.019	700	1	100.0	30
06/11/20	2:30 p	84.8	85.0	84.3	100	84.8	2.0	SSW	1.00	6.0	S	84.8	106.7	106.7	119.9	29.693	0.00	0.00	776	33.37	860	5.1	1.09	6.1	0.000	0.413	85.2	87	80.9	100.0	18.44	 .0697	0.000	702	1	100.0	30
06/11/20	3:00 p	85.1	85.5	84.1	100	85.1	2.0	SSW	1.00	5.0	SSE	85.1	108.2	108.2	122.4	29.693	0.00	0.00	713	30.66	853	4.0	0.86	4.8	0.000	0.419	85.2	87	80.9	100.0	18.44	 .0697	0.018	697	1	100.0	30
06/11/20	3:30 p	83.5	86.4	83.5	100	83.5	1.0	SSW	0.50	4.0	S	83.5	101.1	101.1	113.7	29.693	0.00	0.00	543	23.35	752	2.5	0.54	3.7	0.000	0.385	85.2	87	80.9	100.0	18.44	 .0697	0.000	696	1	100.0	30
06/11/20	4:00 p	81.0	83.4	80.9	100	81.0	2.0	SE	1.00	7.0	SSE	81.0	92.5	92.5	94.9	29.693	0.00	0.00	79	3.40	135	0.2	0.04	0.8	0.000	0.333	85.2	87	80.9	100.0	18.44	 .0697	0.008	700	1	100.0	30
06/11/20	4:30 p	80.1	81.1	80.0	100	80.1	1.0	E	0.50	4.0	S	80.1	89.9	89.9	92.3	29.693	0.00	0.00	68	2.92	90	0.0	0.00	0.0	0.000	0.315	85.2	87	80.9	100.0	18.44	 .0697	0.000	702	1	100.0	30
06/11/20	5:00 p	80.4	80.6	80.0	100	80.4	2.0	SE	1.00	8.0	SSE	80.4	90.8	90.8	92.4	29.693	0.00	0.00	44	1.89	65	0.0	0.00	0.0	0.000	0.321	85.2	87	80.9	100.0	18.44	 .0697	0.001	701	1	100.0	30
06/11/20	5:30 p	79.9	80.5	79.8	100	79.9	1.0	SSW	0.50	5.0	SSW	79.9	89.3	89.3	89.0	29.693	0.00	0.00	27	1.16	44	0.0	0.00	0.0	0.000	0.310	85.2	87	80.9	100.0	18.44	 .0697	0.000	698	1	100.0	30
06/11/20	6:00 p	79.4	79.9	79.3	100	79.4	0.0	SE	0.00	4.0	SE	79.4	87.9	87.9	86.9	29.693	0.00	0.00	1	0.04	9	0.0	0.00	0.0	0.000	0.300	85.2	87	80.9	100.0	18.44	 .0697	0.000	701	1	100.0	30
06/11/20	6:30 p	78.4	79.3	78.4	100	78.4	0.0	ESE	0.00	1.0	ESE	78.4	85.4	85.4	84.4	29.693	0.00	0.00	0	0.00	0	0.0	0.00	0.0	0.000	0.279	85.2	87	80.9	100.0	18.44	 .0697	0.000	698	1	100.0	30
06/11/20	7:00 p	78.0	78.5	77.9	100	78.0	0.0	ESE	0.00	1.0	ESE	78.0	84.4	84.4	83.4	29.693	0.00	0.00	0	0.00	0	0.0	0.00	0.0	0.000	0.271	85.2	87	80.9	100.0	18.44	 .0697	0.000	703	1	100.0	30
06/11/20	7:30 p	77.8	78.0	77.6	100	77.8	0.0	ESE	0.00	2.0	ESE	77.8	84.0	84.0	82.9	29.693	0.00	0.00	0	0.00	0	0.0	0.00	0.0	0.000	0.267	85.2	87	80.9	100.0	18.44	 .0697	0.000	698	1	100.0	30
06/11/20	8:00 p	77.5	77.8	77.4	100	77.5	0.0	---	0.00	0.0	---	77.5	83.3	83.3	82.2	29.693	0.00	0.00	0	0.00	0	0.0	0.00	0.0	0.000	0.260	85.2	87	80.9	100.0	18.44	 .0697	0.000	703	1	100.0	30
06/11/20	8:30 p	77.6	77.7	77.5	100	77.6	0.0	---	0.00	0.0	---	77.6	83.5	83.5	82.4	29.693	0.00	0.00	0	0.00	0	0.0	0.00	0.0	0.000	0.262	85.2	87	80.9	100.0	18.44	 .0697	0.000	702	1	100.0	30
06/11/20	9:00 p	77.6	77.7	77.5	100	77.6	0.0	---	0.00	0.0	---	77.6	83.5	83.5	82.4	29.693	0.00	0.00	0	0.00	0	0.0	0.00	0.0	0.000	0.262	85.2	87	80.9	100.0	18.44	 .0697	0.000	702	1	100.0	30
06/11/20	9:30 p	77.2	77.7	77.1	100	77.2	1.0	N	0.50	4.0	NW	77.2	82.6	82.6	81.5	29.086	0.00	0.00	0	0.00	0	0.0	0.00	0.0	0.000	0.254	85.2	87	80.9	100.0	18.44	 .0682	0.000	698	1	100.0	30
06/11/20	10:00 p	76.9	77.3	76.9	100	76.9	0.0	NW	0.00	3.0	NW	76.9	82.0	82.0	80.9	29.086	0.00	0.00	0	0.00	0	0.0	0.00	0.0	0.000	0.248	85.2	87	80.9	100.0	18.44	 .0682	0.000	699	1	100.0	30
06/11/20	10:30 p	76.7	77.0	76.7	100	76.7	0.0	NW	0.00	2.0	NW	76.7	81.6	81.6	80.5	29.086	0.00	0.00	0	0.00	0	0.0	0.00	0.0	0.000	0.244	85.2	87	80.9	100.0	18.44	 .0682	0.000	700	1	100.0	30
06/11/20	11:00 p	76.7	76.9	76.7	100	76.7	0.0	NW	0.00	1.0	NW	76.7	81.6	81.6	80.5	29.086	0.05	0.61	0	0.00	0	0.0	0.00	0.0	0.000	0.244	85.2	87	80.9	100.0	18.44	 .0682	0.000	700	1	100.0	30
06/11/20	11:30 p	76.6	76.8	76.5	100	76.6	0.0	NW	0.00	2.0	NW	76.6	81.4	81.4	80.3	29.086	0.01	0.19	0	0.00	0	0.0	0.00	0.0	0.000	0.242	85.2	87	80.9	100.0	18.44	 .0682	0.000	701	1	100.0	30
06/12/20	12:00 a	76.5	76.7	76.4	100	76.5	0.0	NW	0.00	1.0	NW	76.5	81.3	81.3	80.2	29.086	0.00	0.00	0	0.00	0	0.0	0.00	0.0	0.000	0.240	85.2	87	80.9	100.0	18.44	 .0682	0.000	698	1	100.0	30
06/12/20	12:30 a	76.1	76.5	76.1	100	76.1	0.0	---	0.00	0.0	---	76.1	80.5	80.5	79.4	29.086	0.00	0.00	0	0.00	0	0.0	0.00	0.0	0.000	0.231	85.2	87	80.9	100.0	18.44	 .0682	0.000	700	1	100.0	30
06/12/20	1:00 a	75.7	76.1	75.7	100	75.7	0.0	---	0.00	0.0	---	75.7	79.8	79.8	78.6	29.086	0.00	0.00	0	0.00	0	0.0	0.00	0.0	0.000	0.223	85.2	87	80.9	100.0	18.44	 .0682	0.000	698	1	100.0	30
06/12/20	1:30 a	75.2	75.7	75.2	100	75.2	0.0	---	0.00	0.0	---	75.2	79.1	79.1	77.9	29.086	0.00	0.00	0	0.00	0	0.0	0.00	0.0	0.000	0.212	85.2	87	80.9	100.0	18.44	 .0682	0.000	702	1	100.0	30
06/12/20	2:00 a	75.1	75.3	75.0	100	75.1	0.0	---	0.00	0.0	---	75.1	78.9	78.9	77.7	29.086	0.00	0.00	0	0.00	0	0.0	0.00	0.0	0.000	0.210	85.2	87	80.9	100.0	18.44	 .0682	0.000	699	1	100.0	30
06/12/20	2:30 a	74.7	75.1	74.7	100	74.7	0.0	---	0.00	0.0	---	74.7	78.4	78.4	77.2	29.086	0.00	0.00	0	0.00	0	0.0	0.00	0.0	0.000	0.202	85.2	87	80.9	100.0	18.44	 .0682	0.000	700	1	100.0	30
06/12/20	3:00 a	74.6	74.8	74.5	100	74.6	0.0	---	0.00	0.0	---	74.6	78.3	78.3	77.1	29.086	0.00	0.00	0	0.00	0	0.0	0.00	0.0	0.000	0.200	85.2	87	80.9	100.0	18.44	 .0682	0.000	701	1	100.0	30
06/12/20	3:30 a	74.5	74.8	74.5	100	74.5	0.0	---	0.00	0.0	---	74.5	78.2	78.2	77.0	29.086	0.00	0.00	0	0.00	0	0.0	0.00	0.0	0.000	0.198	85.2	87	80.9	100.0	18.44	 .0682	0.000	699	1	100.0	30
06/12/20	4:00 a	74.8	74.8	74.5	100	74.8	0.0	NNE	0.00	1.0	NNE	74.8	78.6	78.6	77.4	29.086	0.00	0.00	0	0.00	0	0.0	0.00	0.0	0.000	0.204	85.2	87	80.9	100.0	18.44	 .0682	0.000	699	1	100.0	30
06/12/20	4:30 a	74.4	74.8	74.4	100	74.4	0.0	---	0.00	0.0	---	74.4	78.1	78.1	76.9	29.086	0.01	0.00	0	0.00	0	0.0	0.00	0.0	0.000	0.196	85.2	87	80.9	100.0	18.44	 .0682	0.000	702	1	100.0	30
06/12/20	5:00 a	74.3	74.4	74.2	100	74.3	0.0	---	0.00	0.0	---	74.3	78.0	78.0	76.8	29.086	0.00	0.00	0	0.00	0	0.0	0.00	0.0	0.000	0.194	85.2	87	80.9	100.0	18.44	 .0682	0.000	700	1	100.0	30
06/12/20	5:30 a	74.5	74.5	74.3	100	74.5	0.0	---	0.00	0.0	---	74.5	78.2	78.2	77.0	29.086	0.00	0.00	3	0.13	16	0.0	0.00	0.0	0.000	0.198	85.2	87	80.9	100.0	18.44	 .0682	0.000	699	1	100.0	30
06/12/20	6:00 a	75.1	75.1	74.5	100	75.1	0.0	---	0.00	0.0	---	75.1	78.9	78.9	78.4	29.086	0.00	0.00	28	1.20	37	0.0	0.00	0.0	0.000	0.210	85.2	87	80.9	100.0	18.44	 .0682	0.000	698	1	100.0	30
06/12/20	6:30 a	76.1	76.2	75.2	100	76.1	0.0	NNE	0.00	2.0	NW	76.1	80.5	80.5	82.2	29.086	0.00	0.00	52	2.24	76	0.0	0.00	0.0	0.000	0.231	85.2	87	80.9	100.0	18.44	 .0682	0.000	701	1	100.0	30
06/12/20	7:00 a	76.4	76.7	76.1	100	76.4	0.0	W	0.00	2.0	NW	76.4	81.1	81.1	82.5	29.086	0.00	0.00	52	2.24	65	0.1	0.02	0.5	0.000	0.238	85.2	87	80.9	100.0	18.44	 .0682	0.001	699	1	100.0	30
06/12/20	7:30 a	77.6	77.6	76.2	100	77.6	1.0	W	0.50	3.0	W	77.6	83.5	83.5	87.1	29.086	0.00	0.00	123	5.29	165	0.7	0.15	0.9	0.000	0.262	85.2	87	80.9	100.0	18.44	 .0682	0.000	702	1	100.0	30
06/12/20	8:00 a	79.3	79.3	77.6	100	79.3	0.0	NW	0.00	2.0	NW	79.3	87.6	87.6	94.9	29.086	0.00	0.00	266	11.44	434	1.4	0.30	1.9	0.000	0.298	85.2	87	80.9	100.0	18.44	 .0682	0.005	702	1	100.0	30
06/12/20	8:30 a	80.5	80.5	78.9	100	80.5	0.0	NW	0.00	2.0	NW	80.5	91.1	91.1	101.9	29.086	0.00	0.00	471	20.26	744	2.7	0.58	3.6	0.000	0.323	85.2	87	80.9	100.0	18.44	 .0682	0.000	698	1	100.0	30
06/12/20	9:00 a	83.7	83.8	80.5	100	83.7	1.0	NW	0.50	3.0	WSW	83.7	101.9	101.9	115.3	29.693	0.00	0.00	835	35.91	1058	3.8	0.81	4.2	0.000	0.390	82.7	88	78.8	93.3	19.08	 .0702	0.016	703	1	100.0	30
06/12/20	9:30 a	85.3	85.6	82.0	100	85.3	1.0	SSW	0.50	5.0	SSW	85.3	109.3	109.3	121.7	29.693	0.00	0.00	646	27.78	1067	3.6	0.77	4.0	0.000	0.423	82.7	88	78.8	93.3	19.08	 .0702	0.000	699	1	100.0	30
06/12/20	10:00 a	85.9	85.9	83.9	100	85.9	1.0	SSW	0.50	6.0	SW	85.9	112.6	112.6	125.1	29.693	0.00	0.00	947	40.73	1100	5.4	1.16	8.0	0.000	0.435	82.7	88	78.8	93.3	19.08	 .0702	0.020	703	1	100.0	30
06/12/20	10:30 a	85.6	86.4	84.1	100	85.6	1.0	SW	0.50	5.0	S	85.6	111.0	111.0	120.9	29.693	0.00	0.00	468	20.13	1134	7.1	1.52	9.6	0.000	0.429	82.7	88	78.8	93.3	19.08	 .0702	0.000	700	1	100.0	30
06/12/20	11:00 a	85.6	87.4	85.4	100	85.6	2.0	SSW	1.00	8.0	SSE	85.6	111.0	111.0	122.9	29.693	0.00	0.00	1041	44.77	1199	9.8	2.10	10.5	0.000	0.429	82.7	88	78.8	93.3	19.08	 .0702	0.020	700	1	100.0	30
06/12/20	11:30 a	85.9	86.4	85.3	100	85.9	2.0	S	1.00	7.0	WNW	85.9	112.6	112.6	124.7	29.693	0.00	0.00	1097	47.18	1199	10.5	2.25	10.9	0.000	0.435	82.7	88	78.8	93.3	19.08	 .0702	0.000	701	1	100.0	30
06/12/20	12:00 p	86.0	86.3	85.3	100	86.0	2.0	SW	1.00	6.0	W	86.0	113.2	113.2	124.9	29.693	0.00	0.00	1046	44.98	1209	9.9	2.12	11.1	0.000	0.438	82.7	88	78.8	93.3	19.08	 .0702	0.027	698	1	100.0	30
06/12/20	12:30 p	85.9	86.8	85.4	100	85.9	2.0	SSW	1.00	6.0	W	85.9	112.6	112.6	124.9	29.693	0.00	0.00	1054	45.33	1204	9.9	2.12	10.9	0.000	0.435	82.7	88	78.8	93.3	19.08	 .0702	0.000	700	1	100.0	30
06/12/20	1:00 p	86.1	86.1	85.2	100	86.1	2.0	WSW	1.00	6.0	SSW	86.1	113.9	113.9	126.4	29.693	0.00	0.00	989	42.53	1095	9.0	1.93	9.9	0.000	0.440	82.7	88	78.8	93.3	19.08	 .0702	0.026	700	1	100.0	30
06/12/20	1:30 p	85.5	86.1	85.0	100	85.5	3.0	SSW	1.50	8.0	W	85.5	110.4	110.4	122.8	29.834	0.00	0.00	909	39.09	942	8.0	1.71	8.6	0.000	0.427	82.7	88	78.8	93.3	19.08	 .0705	0.000	701	1	100.0	30
06/12/20	2:00 p	84.4	85.6	84.1	100	84.4	3.0	SW	1.50	7.0	SSE	84.4	104.9	104.9	117.8	29.834	0.00	0.00	863	37.11	877	6.8	1.46	7.4	0.000	0.404	82.7	88	78.8	93.3	19.08	 .0705	0.023	699	1	100.0	30
06/12/20	2:30 p	83.8	85.1	83.4	100	83.8	2.0	SSW	1.00	5.0	SSE	83.8	102.3	102.3	114.9	29.834	0.00	0.00	643	27.65	849	4.7	1.01	6.1	0.000	0.392	82.7	88	78.8	93.3	19.08	 .0705	0.000	699	1	100.0	30
06/12/20	3:00 p	84.7	85.0	83.5	100	84.7	2.0	ESE	1.00	7.0	E	84.7	106.2	106.2	119.3	29.834	0.00	0.00	664	28.56	867	3.7	0.79	4.8	0.000	0.410	82.7	88	78.8	93.3	19.08	 .0705	0.015	700	1	100.0	30
06/12/20	3:30 p	83.4	84.9	83.4	100	83.4	2.0	S	1.00	6.0	ESE	83.4	100.8	100.8	113.0	29.834	0.00	0.00	525	22.58	700	2.5	0.54	3.2	0.000	0.383	82.7	88	78.8	93.3	19.08	 .0705	0.000	702	1	100.0	30
06/12/20	4:00 p	83.2	83.5	82.3	100	83.2	1.0	SSE	0.50	5.0	E	83.2	100.0	100.0	108.0	29.834	0.00	0.00	243	10.45	573	1.3	0.28	2.0	0.000	0.379	82.7	88	78.8	93.3	19.08	 .0705	0.010	698	1	100.0	30
06/12/20	4:30 p	82.0	83.3	82.0	100	82.0	1.0	SSW	0.50	5.0	SSW	82.0	95.7	95.7	101.5	29.834	0.00	0.00	151	6.49	494	0.6	0.13	1.1	0.000	0.354	82.7	88	78.8	93.3	19.08	 .0705	0.000	699	1	100.0	30
06/12/20	5:00 p	81.6	82.0	81.2	100	81.6	0.0	SSE	0.00	4.0	SSE	81.6	94.4	94.4	97.1	29.834	0.00	0.00	67	2.88	107	0.0	0.00	0.0	0.000	0.346	82.7	88	78.8	93.3	19.08	 .0705	0.003	701	1	100.0	30
06/12/20	5:30 p	80.2	81.6	80.2	100	80.2	0.0	SW	0.00	3.0	S	80.2	90.2	90.2	90.0	29.834	0.00	0.00	33	1.42	44	0.0	0.00	0.0	0.000	0.317	82.7	88	78.8	93.3	19.08	 .0705	0.000	701	1	100.0	30
06/12/20	6:00 p	79.6	80.3	79.6	100	79.6	0.0	SSW	0.00	4.0	SSE	79.6	88.5	88.5	87.6	29.834	0.00	0.00	4	0.17	12	0.0	0.00	0.0	0.000	0.304	82.7	88	78.8	93.3	19.08	 .0705	0.000	702	1	100.0	30
06/12/20	6:30 p	78.5	79.6	78.3	100	78.5	1.0	SSE	0.50	6.0	WNW	78.5	85.6	85.6	84.5	29.834	0.00	0.00	0	0.00	0	0.0	0.00	0.0	0.000	0.281	82.7	88	78.8	93.3	19.08	 .0705	0.000	701	1	100.0	30
06/12/20	7:00 p	77.9	78.5	77.9	100	77.9	0.0	SSE	0.00	3.0	SE	77.9	84.2	84.2	83.0	29.834	0.04	0.56	0	0.00	0	0.0	0.00	0.0	0.000	0.269	82.7	88	78.8	93.3	19.08	 .0705	0.000	701	1	100.0	30
06/12/20	7:30 p	77.6	78.0	77.5	100	77.6	0.0	SSE	0.00	1.0	SSE	77.6	83.5	83.5	82.3	29.834	0.01	0.06	0	0.00	0	0.0	0.00	0.0	0.000	0.262	82.7	88	78.8	93.3	19.08	 .0705	0.000	699	1	100.0	30
06/12/20	8:00 p	77.1	77.6	77.1	100	77.1	0.0	SSE	0.00	2.0	SSE	77.1	82.4	82.4	81.2	29.692	0.01	0.00	0	0.00	0	0.0	0.00	0.0	0.000	0.252	82.7	88	78.8	93.3	19.08	 .0702	0.000	701	1	100.0	30
06/12/20	8:30 p	76.8	77.2	76.8	100	76.8	0.0	SSE	0.00	1.0	SSE	76.8	81.8	81.8	80.6	19.389	0.00	0.00	0	0.00	0	0.0	0.00	0.0	0.000	0.246	82.7	88	78.8	93.3	19.08	 .0450	0.000	700	1	100.0	30
06/12/20	9:00 p	76.4	76.9	76.4	100	76.4	0.0	SSE	0.00	1.0	SSE	76.4	81.1	81.1	79.9	19.389	0.00	0.00	0	0.00	0	0.0	0.00	0.0	0.000	0.238	82.7	88	78.8	93.3	19.08	 .0450	0.000	702	1	100.0	30
06/12/20	9:30 p	76.4	76.5	76.3	100	76.4	0.0	SSE	0.00	1.0	SSE	76.4	81.1	81.1	79.9	19.389	0.00	0.00	0	0.00	0	0.0	0.00	0.0	0.000	0.238	82.7	88	78.8	93.3	19.08	 .0450	0.000	700	1	100.0	30
06/12/20	10:00 p	76.0	76.4	76.0	100	76.0	0.0	---	0.00	0.0	---	76.0	80.3	80.3	79.1	19.389	0.00	0.00	0	0.00	0	0.0	0.00	0.0	0.000	0.229	82.7	88	78.8	93.3	19.08	 .0450	0.000	701	1	100.0	30
06/12/20	10:30 p	75.6	76.0	75.6	100	75.6	0.0	---	0.00	0.0	---	75.6	79.7	79.7	78.4	29.086	0.00	0.00	0	0.00	0	0.0	0.00	0.0	0.000	0.221	82.7	88	78.8	93.3	19.08	 .0687	0.000	703	1	100.0	30
06/12/20	11:00 p	75.3	75.7	75.3	100	75.3	0.0	---	0.00	0.0	---	75.3	79.3	79.3	78.0	29.086	0.00	0.00	0	0.00	0	0.0	0.00	0.0	0.000	0.215	82.7	88	78.8	93.3	19.08	 .0687	0.000	699	1	100.0	30
06/12/20	11:30 p	75.0	75.4	74.9	100	75.0	0.0	---	0.00	0.0	---	75.0	78.8	78.8	77.5	29.693	0.00	0.00	0	0.00	0	0.0	0.00	0.0	0.000	0.208	82.7	88	78.8	93.3	19.08	 .0702	0.000	701	1	100.0	30
06/13/20	12:00 a	75.2	75.2	74.9	100	75.2	0.0	---	0.00	0.0	---	75.2	79.1	79.1	77.8	29.693	0.00	0.00	0	0.00	0	0.0	0.00	0.0	0.000	0.212	82.7	88	78.8	93.3	19.08	 .0702	0.000	701	1	100.0	30
06/13/20	12:30 a	75.2	75.3	75.1	100	75.2	0.0	---	0.00	0.0	---	75.2	79.1	79.1	77.8	29.693	0.00	0.00	0	0.00	0	0.0	0.00	0.0	0.000	0.212	82.7	88	78.8	93.3	19.08	 .0702	0.000	700	1	100.0	30
06/13/20	1:00 a	75.1	75.2	75.0	100	75.1	0.0	---	0.00	0.0	---	75.1	78.9	78.9	77.6	29.693	0.00	0.00	0	0.00	0	0.0	0.00	0.0	0.000	0.210	82.7	88	78.8	93.3	19.08	 .0702	0.000	701	1	100.0	30
06/13/20	1:30 a	75.3	75.5	75.1	100	75.3	0.0	---	0.00	0.0	---	75.3	79.3	79.3	78.0	29.693	0.02	0.13	0	0.00	0	0.0	0.00	0.0	0.000	0.215	82.7	88	78.8	93.3	19.08	 .0702	0.000	701	1	100.0	30
06/13/20	2:00 a	75.5	75.6	75.3	100	75.5	0.0	---	0.00	0.0	---	75.5	79.6	79.6	78.3	29.693	0.00	0.00	0	0.00	0	0.0	0.00	0.0	0.000	0.219	82.7	88	78.8	93.3	19.08	 .0702	0.000	702	1	100.0	30
06/13/20	2:30 a	75.8	75.8	75.5	100	75.8	0.0	---	0.00	0.0	---	75.8	80.0	80.0	78.7	29.693	0.00	0.00	0	0.00	0	0.0	0.00	0.0	0.000	0.225	82.7	88	78.8	93.3	19.08	 .0702	0.000	703	1	100.0	30
06/13/20	3:00 a	75.8	75.9	75.8	100	75.8	0.0	---	0.00	0.0	---	75.8	80.0	80.0	78.7	29.693	0.18	1.32	0	0.00	0	0.0	0.00	0.0	0.000	0.225	82.7	88	78.8	93.3	19.08	 .0702	0.000	702	1	100.0	30
06/13/20	3:30 a	75.8	76.0	75.8	100	75.8	0.0	---	0.00	0.0	---	75.8	80.0	80.0	78.7	29.693	0.07	0.58	0	0.00	0	0.0	0.00	0.0	0.000	0.225	82.7	88	78.8	93.3	19.08	 .0702	0.000	702	1	100.0	30
06/13/20	4:00 a	75.9	75.9	75.7	100	75.9	0.0	---	0.00	0.0	---	75.9	80.2	80.2	78.9	29.693	0.00	0.00	0	0.00	0	0.0	0.00	0.0	0.000	0.227	82.7	88	78.8	93.3	19.08	 .0702	0.000	701	1	100.0	30
06/13/20	4:30 a	75.8	75.9	75.7	100	75.8	0.0	---	0.00	0.0	---	75.8	80.0	80.0	78.7	29.693	0.00	0.00	0	0.00	0	0.0	0.00	0.0	0.000	0.225	82.7	88	78.8	93.3	19.08	 .0702	0.000	699	1	100.0	30
06/13/20	5:00 a	76.0	76.0	75.8	100	76.0	0.0	SSE	0.00	1.0	SSE	76.0	80.3	80.3	79.1	29.693	0.02	0.04	0	0.00	0	0.0	0.00	0.0	0.000	0.229	82.7	88	78.8	93.3	19.08	 .0702	0.000	702	1	100.0	30
06/13/20	5:30 a	75.9	76.1	75.8	100	75.9	0.0	SSE	0.00	1.0	SSE	75.9	80.2	80.2	79.0	29.693	0.14	0.96	3	0.13	21	0.0	0.00	0.0	0.000	0.227	82.7	88	78.8	93.3	19.08	 .0702	0.000	700	1	100.0	30
06/13/20	6:00 a	75.4	75.9	75.4	100	75.4	1.0	W	0.50	3.0	W	75.4	79.4	79.4	78.4	29.693	0.60	3.79	12	0.52	21	0.0	0.00	0.0	0.000	0.217	82.7	88	78.8	93.3	19.08	 .0702	0.000	698	1	100.0	30
06/13/20	6:30 a	75.7	75.8	75.4	100	75.7	0.0	NNE	0.00	2.0	N	75.7	79.8	79.8	79.9	29.693	0.03	0.29	19	0.82	32	0.0	0.00	0.0	0.000	0.223	82.7	88	78.8	93.3	19.08	 .0702	0.000	702	1	100.0	30
06/13/20	7:00 a	76.1	76.2	75.7	100	76.1	0.0	N	0.00	2.0	N	76.1	80.5	80.5	81.6	29.693	0.04	0.13	45	1.94	54	0.0	0.00	0.0	0.000	0.231	82.7	88	78.8	93.3	19.08	 .0702	0.001	701	1	100.0	30
06/13/20	7:30 a	77.3	77.3	76.1	100	77.3	0.0	N	0.00	1.0	N	77.3	82.9	82.9	87.7	29.693	0.00	0.00	161	6.92	246	1.0	0.21	1.4	0.000	0.256	82.7	88	78.8	93.3	19.08	 .0702	0.000	701	1	100.0	30
06/13/20	8:00 a	77.8	78.1	77.0	100	77.8	1.0	N	0.50	4.0	NNW	77.8	84.0	84.0	89.5	29.693	0.00	0.00	201	8.64	274	1.5	0.32	1.8	0.000	0.267	82.7	88	78.8	93.3	19.08	 .0702	0.004	702	1	100.0	30
06/13/20	8:30 a	77.8	78.0	76.8	100	77.8	1.0	NE	0.50	3.0	NNE	77.8	84.0	84.0	88.0	29.693	0.00	0.00	167	7.18	241	1.6	0.34	1.8	0.000	0.267	82.7	88	78.8	93.3	19.08	 .0702	0.000	700	1	100.0	30
06/13/20	9:00 a	77.5	78.2	77.2	100	77.5	0.0	NE	0.00	2.0	NE	77.5	83.3	83.3	86.6	29.693	0.01	0.00	154	6.62	188	1.5	0.32	1.9	0.000	0.260	82.7	88	78.8	93.3	19.08	 .0702	0.004	699	1	100.0	30
06/13/20	9:30 a	78.6	78.9	77.5	100	78.6	0.0	NE	0.00	2.0	NE	78.6	85.8	85.8	92.5	29.693	0.00	0.00	305	13.12	506	3.4	0.73	4.5	0.000	0.283	82.7	88	78.8	93.3	19.08	 .0702	0.000	701	1	100.0	30
06/13/20	10:00 a	81.6	81.7	78.5	100	81.6	0.0	NE	0.00	3.0	NW	81.6	94.4	94.4	107.1	29.693	0.00	0.00	723	31.09	1041	4.9	1.05	5.9	0.000	0.346	82.7	88	78.8	93.3	19.08	 .0702	0.012	701	1	100.0	30
06/13/20	10:30 a	82.4	82.5	81.5	100	82.4	1.0	SW	0.50	4.0	WSW	82.4	97.1	97.1	107.5	29.693	0.00	0.00	509	21.89	765	6.2	1.33	9.2	0.000	0.363	82.7	88	78.8	93.3	19.08	 .0702	0.000	701	1	100.0	30
06/13/20	11:00 a	80.7	83.8	80.7	100	80.7	2.0	SW	1.00	10.0	S	80.7	91.6	91.6	104.1	29.693	0.00	0.00	687	29.54	1097	8.5	1.82	11.1	0.000	0.327	82.7	88	78.8	93.3	19.08	 .0702	0.016	702	1	100.0	30
06/13/20	11:30 a	79.4	80.8	79.3	100	79.4	1.0	SE	0.50	10.0	S	79.4	87.9	87.9	97.4	29.693	0.00	0.00	459	19.74	1150	5.1	1.09	10.2	0.000	0.300	82.7	88	78.8	93.3	19.08	 .0702	0.000	702	1	100.0	30
06/13/20	12:00 p	79.2	79.3	78.4	100	79.2	1.0	E	0.50	4.0	SSE	79.2	87.4	87.4	93.8	29.693	0.00	0.00	291	12.51	374	3.8	0.81	4.5	0.000	0.296	82.7	88	78.8	93.3	19.08	 .0702	0.010	701	1	100.0	30
06/13/20	12:30 p	79.3	80.0	78.9	100	79.3	1.0	E	0.50	5.0	NNE	79.3	87.6	87.6	93.1	29.693	0.00	0.00	252	10.84	292	3.3	0.71	3.8	0.000	0.298	82.7	88	78.8	93.3	19.08	 .0702	0.000	700	1	100.0	30
06/13/20	1:00 p	79.9	80.1	79.1	100	79.9	1.0	ENE	0.50	5.0	ENE	79.9	89.3	89.3	94.9	29.693	0.00	0.00	255	10.97	292	3.1	0.66	3.7	0.000	0.310	82.7	88	78.8	93.3	19.08	 .0702	0.006	700	1	100.0	30
06/13/20	1:30 p	79.5	80.2	79.4	100	79.5	1.0	SE	0.50	10.0	S	79.5	88.2	88.2	93.6	29.693	0.00	0.00	248	10.67	287	2.9	0.62	3.2	0.000	0.302	82.7	88	78.8	93.3	19.08	 .0702	0.000	702	1	100.0	30
06/13/20	2:00 p	78.5	79.5	78.4	100	78.5	1.0	NNE	0.50	7.0	SE	78.5	85.6	85.6	89.3	29.693	0.00	0.00	173	7.44	193	1.9	0.41	2.2	0.000	0.281	82.7	88	78.8	93.3	19.08	 .0702	0.005	701	1	100.0	30
06/13/20	2:30 p	77.6	78.6	77.6	100	77.6	1.0	SE	0.50	6.0	SSE	77.6	83.5	83.5	86.1	29.693	0.00	0.00	124	5.33	195	1.2	0.26	1.9	0.000	0.262	82.7	88	78.8	93.3	19.08	 .0702	0.000	703	1	100.0	30
06/13/20	3:00 p	77.0	77.7	77.0	100	77.0	1.0	ENE	0.50	7.0	SE	77.0	82.2	82.2	82.5	29.693	0.00	0.00	35	1.51	46	0.0	0.00	0.0	0.000	0.250	82.7	88	78.8	93.3	19.08	 .0702	0.002	699	1	100.0	30
06/13/20	3:30 p	76.9	77.1	76.7	100	76.9	1.0	NE	0.50	4.0	S	76.9	82.0	82.0	83.4	29.693	0.00	0.00	67	2.88	100	0.3	0.06	0.7	0.000	0.248	82.7	88	78.8	93.3	19.08	 .0702	0.000	700	1	100.0	30
06/13/20	4:00 p	77.2	77.4	76.9	100	77.2	0.0	N	0.00	2.0	N	77.2	82.6	82.6	82.9	29.693	0.00	0.00	27	1.16	37	0.0	0.00	0.0	0.000	0.254	82.7	88	78.8	93.3	19.08	 .0702	0.001	702	1	100.0	30
06/13/20	4:30 p	76.9	77.3	76.6	100	76.9	0.0	N	0.00	2.0	N	76.9	82.0	82.0	82.4	29.693	0.00	0.00	27	1.16	32	0.0	0.00	0.0	0.000	0.248	82.7	88	78.8	93.3	19.08	 .0702	0.000	699	1	100.0	30
06/13/20	5:00 p	76.6	77.0	76.5	100	76.6	0.0	N	0.00	2.0	N	76.6	81.4	81.4	82.4	29.693	0.00	0.00	35	1.51	44	0.0	0.00	0.0	0.000	0.242	82.7	88	78.8	93.3	19.08	 .0702	0.001	698	1	100.0	30
06/13/20	5:30 p	75.8	76.6	75.7	100	75.8	0.0	N	0.00	2.0	N	75.8	80.0	80.0	79.3	29.693	0.00	0.00	20	0.86	26	0.0	0.00	0.0	0.000	0.225	82.7	88	78.8	93.3	19.08	 .0702	0.000	701	1	100.0	30
06/13/20	6:00 p	75.3	75.8	75.3	100	75.3	0.0	N	0.00	1.0	N	75.3	79.3	79.3	78.2	29.693	0.00	0.00	2	0.09	11	0.0	0.00	0.0	0.000	0.215	82.7	88	78.8	93.3	19.08	 .0702	0.000	703	1	100.0	30
06/13/20	6:30 p	75.4	75.6	75.3	100	75.4	0.0	N	0.00	1.0	N	75.4	79.4	79.4	78.2	29.693	0.00	0.00	0	0.00	0	0.0	0.00	0.0	0.000	0.217	82.7	88	78.8	93.3	19.08	 .0702	0.000	701	1	100.0	30
06/13/20	7:00 p	75.4	75.5	75.3	100	75.4	0.0	N	0.00	1.0	N	75.4	79.4	79.4	78.2	29.693	0.00	0.00	0	0.00	0	0.0	0.00	0.0	0.000	0.217	82.7	88	78.8	93.3	19.08	 .0702	0.000	698	1	100.0	30
06/13/20	7:30 p	75.1	75.5	75.1	100	75.1	0.0	N	0.00	1.0	N	75.1	78.9	78.9	77.7	29.693	0.00	0.00	0	0.00	0	0.0	0.00	0.0	0.000	0.210	82.7	88	78.8	93.3	19.08	 .0702	0.000	698	1	100.0	30
06/13/20	8:00 p	75.3	75.4	75.1	100	75.3	1.0	N	0.50	5.0	NNE	75.3	79.3	79.3	78.1	29.693	0.00	0.00	0	0.00	0	0.0	0.00	0.0	0.000	0.215	82.7	88	78.8	93.3	19.08	 .0702	0.000	703	1	100.0	30
06/13/20	8:30 p	75.5	75.6	75.2	100	75.5	1.0	NE	0.50	4.0	E	75.5	79.6	79.6	78.4	29.693	0.00	0.00	0	0.00	0	0.0	0.00	0.0	0.000	0.219	82.7	88	78.8	93.3	19.08	 .0702	0.000	701	1	100.0	30
06/13/20	9:00 p	75.7	75.7	75.5	100	75.7	2.0	NNE	1.00	8.0	ENE	75.7	79.8	79.8	78.6	29.693	0.01	0.00	0	0.00	0	0.0	0.00	0.0	0.000	0.223	82.7	88	78.8	93.3	19.08	 .0702	0.000	700	1	100.0	30
06/13/20	9:30 p	75.6	75.8	75.6	100	75.6	1.0	N	0.50	5.0	NNE	75.6	79.7	79.7	78.5	29.693	0.00	0.00	0	0.00	0	0.0	0.00	0.0	0.000	0.221	82.7	88	78.8	93.3	19.08	 .0702	0.000	699	1	100.0	30
06/13/20	10:00 p	75.6	75.8	75.5	100	75.6	0.0	NNE	0.00	4.0	ENE	75.6	79.7	79.7	78.5	29.693	0.00	0.00	0	0.00	0	0.0	0.00	0.0	0.000	0.221	82.7	88	78.8	93.3	19.08	 .0702	0.000	700	1	100.0	30
06/13/20	10:30 p	75.3	75.6	75.2	100	75.3	0.0	NNE	0.00	1.0	NNE	75.3	79.3	79.3	78.1	29.693	0.00	0.00	0	0.00	0	0.0	0.00	0.0	0.000	0.215	82.7	88	78.8	93.3	19.08	 .0702	0.000	701	1	100.0	30
06/13/20	11:00 p	75.1	75.3	75.0	100	75.1	0.0	---	0.00	0.0	---	75.1	78.9	78.9	77.7	29.693	0.00	0.00	0	0.00	0	0.0	0.00	0.0	0.000	0.210	82.7	88	78.8	93.3	19.08	 .0702	0.000	700	1	100.0	30
06/13/20	11:30 p	74.7	75.0	74.6	100	74.7	0.0	NNE	0.00	1.0	NNE	74.7	78.4	78.4	77.2	29.693	0.00	0.00	0	0.00	0	0.0	0.00	0.0	0.000	0.202	82.7	88	78.8	93.3	19.08	 .0702	0.000	701	1	100.0	30
06/14/20	12:00 a	74.3	74.7	74.3	100	74.3	0.0	---	0.00	0.0	---	74.3	78.0	78.0	76.8	29.693	0.00	0.00	0	0.00	0	0.0	0.00	0.0	0.000	0.194	82.7	88	78.8	93.3	19.08	 .0702	0.000	698	1	100.0	30
06/14/20	12:30 a	74.0	74.4	74.0	100	74.0	0.0	---	0.00	0.0	---	74.0	77.6	77.6	76.4	29.693	0.00	0.00	0	0.00	0	0.0	0.00	0.0	0.000	0.188	82.7	88	78.8	93.3	19.08	 .0702	0.000	700	1	100.0	30
06/14/20	1:00 a	74.0	74.2	73.9	100	74.0	0.0	---	0.00	0.0	---	74.0	77.6	77.6	76.4	29.693	0.00	0.00	0	0.00	0	0.0	0.00	0.0	0.000	0.188	82.7	88	78.8	93.3	19.08	 .0702	0.000	700	1	100.0	30
06/14/20	1:30 a	73.8	74.0	73.8	100	73.8	0.0	---	0.00	0.0	---	73.8	77.4	77.4	76.1	29.693	0.00	0.00	0	0.00	0	0.0	0.00	0.0	0.000	0.183	82.7	88	78.8	93.3	19.08	 .0702	0.000	701	1	100.0	30
06/14/20	2:00 a	73.9	73.9	73.7	100	73.9	0.0	---	0.00	0.0	---	73.9	77.5	77.5	76.2	29.693	0.00	0.00	0	0.00	0	0.0	0.00	0.0	0.000	0.185	82.7	88	78.8	93.3	19.08	 .0702	0.000	701	1	100.0	30
06/14/20	2:30 a	74.2	74.2	73.9	100	74.2	0.0	---	0.00	0.0	---	74.2	77.8	77.8	76.6	29.693	0.00	0.00	0	0.00	0	0.0	0.00	0.0	0.000	0.192	82.7	88	78.8	93.3	19.08	 .0702	0.000	701	1	100.0	30
06/14/20	3:00 a	74.9	74.9	74.1	100	74.9	0.0	ENE	0.00	4.0	NE	74.9	78.7	78.7	77.5	29.693	0.00	0.00	0	0.00	0	0.0	0.00	0.0	0.000	0.206	82.7	88	78.8	93.3	19.08	 .0702	0.000	699	1	100.0	30
06/14/20	3:30 a	75.1	75.2	74.9	100	75.1	0.0	NNE	0.00	3.0	ENE	75.1	78.9	78.9	77.7	29.693	0.00	0.00	0	0.00	0	0.0	0.00	0.0	0.000	0.210	82.7	88	78.8	93.3	19.08	 .0702	0.000	702	1	100.0	30
06/14/20	4:00 a	75.2	75.3	75.0	100	75.2	0.0	NNE	0.00	3.0	ENE	75.2	79.1	79.1	77.9	29.693	0.00	0.00	0	0.00	0	0.0	0.00	0.0	0.000	0.212	82.7	88	78.8	93.3	19.08	 .0702	0.000	699	1	100.0	30
06/14/20	4:30 a	75.0	75.2	74.9	100	75.0	0.0	N	0.00	3.0	NE	75.0	78.8	78.8	77.6	29.693	0.00	0.00	0	0.00	0	0.0	0.00	0.0	0.000	0.208	82.7	88	78.8	93.3	19.08	 .0702	0.000	700	1	100.0	30
06/14/20	5:00 a	75.0	75.1	74.9	100	75.0	1.0	NE	0.50	4.0	NW	75.0	78.8	78.8	77.6	29.693	0.00	0.00	0	0.00	0	0.0	0.00	0.0	0.000	0.208	82.7	88	78.8	93.3	19.08	 .0702	0.000	701	1	100.0	30
06/14/20	5:30 a	75.1	75.1	74.9	100	75.1	0.0	WSW	0.00	3.0	SW	75.1	78.9	78.9	77.8	29.693	0.00	0.00	2	0.09	11	0.0	0.00	0.0	0.000	0.210	82.7	88	78.8	93.3	19.08	 .0702	0.000	699	1	100.0	30
06/14/20	6:00 a	75.0	75.1	74.9	100	75.0	0.0	SW	0.00	1.0	SW	75.0	78.8	78.8	78.1	29.693	0.00	0.00	21	0.90	30	0.0	0.00	0.0	0.000	0.208	82.7	88	78.8	93.3	19.08	 .0702	0.000	703	1	100.0	30
06/14/20	6:30 a	75.5	75.5	75.0	100	75.5	0.0	SW	0.00	1.0	SW	75.5	79.6	79.6	80.6	29.693	0.00	0.00	37	1.59	42	0.0	0.00	0.0	0.000	0.219	82.7	88	78.8	93.3	19.08	 .0702	0.000	702	1	100.0	30
06/14/20	7:00 a	75.9	75.9	75.3	100	75.9	0.0	SW	0.00	2.0	SW	75.9	80.2	80.2	81.5	29.693	0.00	0.00	51	2.19	105	0.1	0.02	0.8	0.000	0.227	82.7	88	78.8	93.3	19.08	 .0702	0.001	702	1	100.0	30
06/14/20	7:30 a	76.8	76.9	75.9	100	76.8	0.0	S	0.00	2.0	S	76.8	81.8	81.8	86.2	29.693	0.00	0.00	149	6.41	265	0.9	0.19	1.1	0.000	0.246	82.7	88	78.8	93.3	19.08	 .0702	0.000	698	1	100.0	30
06/14/20	8:00 a	78.1	78.1	76.7	100	78.1	0.0	S	0.00	2.0	S	78.1	84.6	84.6	90.5	29.693	0.00	0.00	214	9.20	318	1.7	0.36	2.1	0.000	0.273	82.7	88	78.8	93.3	19.08	 .0702	0.004	701	1	100.0	30
06/14/20	8:30 a	79.0	79.2	78.0	100	79.0	1.0	SE	0.50	5.0	SE	79.0	86.8	86.8	93.0	29.693	0.00	0.00	250	10.75	376	1.9	0.41	2.3	0.000	0.292	82.7	88	78.8	93.3	19.08	 .0702	0.000	698	1	100.0	30
06/14/20	9:00 a	79.3	79.8	79.0	100	79.3	2.0	ESE	1.00	10.0	SSE	79.3	87.6	87.6	92.9	29.693	0.00	0.00	226	9.72	264	2.0	0.43	2.4	0.000	0.298	82.7	88	78.8	93.3	19.08	 .0702	0.006	702	1	100.0	30
06/14/20	9:30 a	80.2	81.1	79.3	100	80.2	1.0	SE	0.50	8.0	SSW	80.2	90.2	90.2	99.3	29.693	0.00	0.00	429	18.45	594	4.1	0.88	4.7	0.000	0.317	82.7	88	78.8	93.3	19.08	 .0702	0.000	700	1	100.0	30
06/14/20	10:00 a	82.9	83.2	80.2	100	82.9	2.0	S	1.00	8.0	SE	82.9	98.9	98.9	111.9	29.693	0.00	0.00	802	34.49	1071	5.5	1.18	8.2	0.000	0.373	82.7	88	78.8	93.3	19.08	 .0702	0.015	700	1	100.0	30
06/14/20	10:30 a	83.4	83.9	82.7	100	83.4	2.0	SSE	1.00	6.0	S	83.4	100.8	100.8	113.2	29.693	0.01	0.00	674	28.99	1062	7.4	1.59	9.1	0.000	0.383	82.7	88	78.8	93.3	19.08	 .0702	0.000	700	1	100.0	30
06/14/20	11:00 a	84.1	84.1	82.4	100	84.1	1.0	S	0.50	7.0	SE	84.1	103.5	103.5	116.9	29.693	0.00	0.00	838	36.04	1259	8.9	1.91	11.3	0.000	0.398	82.7	88	78.8	93.3	19.08	 .0702	0.020	699	1	100.0	30
06/14/20	11:30 a	82.2	84.1	82.1	100	82.2	1.0	S	0.50	5.0	S	82.2	96.4	96.4	105.4	29.693	0.00	0.00	421	18.11	635	5.1	1.09	7.1	0.000	0.358	82.7	88	78.8	93.3	19.08	 .0702	0.000	700	1	100.0	30
06/14/20	12:00 p	82.9	83.1	82.0	100	82.9	1.0	SSE	0.50	7.0	SE	82.9	98.9	98.9	109.4	29.693	0.00	0.00	511	21.98	1056	5.9	1.26	9.1	0.000	0.373	82.7	88	78.8	93.3	19.08	 .0702	0.012	699	1	100.0	30
06/14/20	12:30 p	82.4	83.4	82.4	100	82.4	1.0	ESE	0.50	8.0	SE	82.4	97.1	97.1	107.0	29.693	0.00	0.00	476	20.47	664	5.6	1.20	7.0	0.000	0.363	82.7	88	78.8	93.3	19.08	 .0702	0.000	701	1	100.0	30
06/14/20	1:00 p	82.9	85.5	82.4	100	82.9	2.0	S	1.00	8.0	SSE	82.9	98.9	98.9	111.8	29.693	0.00	0.00	739	31.78	1322	7.7	1.65	11.0	0.000	0.373	82.7	88	78.8	93.3	19.08	 .0702	0.016	698	1	100.0	30
06/14/20	1:30 p	83.9	83.9	82.6	100	83.9	2.0	E	1.00	7.0	SSE	83.9	102.7	102.7	112.6	29.693	0.00	0.00	475	20.43	1028	5.0	1.07	8.0	0.000	0.394	82.7	88	78.8	93.3	19.08	 .0702	0.000	701	1	100.0	30
06/14/20	2:00 p	82.3	83.9	81.2	100	82.3	2.0	SE	1.00	11.0	SE	82.3	96.8	96.8	105.7	29.693	0.00	0.00	408	17.55	1208	3.4	0.73	7.4	0.000	0.360	82.7	88	78.8	93.3	19.08	 .0702	0.012	698	1	100.0	30
06/14/20	2:30 p	83.6	83.8	82.3	100	83.6	1.0	E	0.50	6.0	ESE	83.6	101.5	101.5	113.4	29.693	0.00	0.00	565	24.30	851	4.5	0.96	5.7	0.000	0.387	82.7	88	78.8	93.3	19.08	 .0702	0.000	700	1	100.0	30
06/14/20	3:00 p	83.4	84.1	83.1	100	83.4	2.0	SE	1.00	10.0	SE	83.4	100.8	100.8	113.1	29.693	0.00	0.00	630	27.09	807	3.9	0.84	5.1	0.000	0.383	82.7	88	78.8	93.3	19.08	 .0702	0.015	701	1	100.0	30
06/14/20	3:30 p	82.1	83.4	82.1	100	82.1	1.0	S	0.50	6.0	ESE	82.1	96.0	96.0	106.2	29.693	0.00	0.00	370	15.91	603	2.2	0.47	3.1	0.000	0.356	82.7	88	78.8	93.3	19.08	 .0702	0.000	701	1	100.0	30
06/14/20	4:00 p	81.8	82.2	81.6	100	81.8	1.0	SE	0.50	8.0	SSE	81.8	95.1	95.1	103.3	29.693	0.00	0.00	251	10.79	341	1.2	0.26	1.6	0.000	0.350	82.7	88	78.8	93.3	19.08	 .0702	0.008	703	1	100.0	30
06/14/20	4:30 p	81.1	81.8	80.9	100	81.1	1.0	E	0.50	7.0	E	81.1	92.8	92.8	96.8	29.693	0.00	0.00	107	4.60	176	0.4	0.09	0.9	0.000	0.335	82.7	88	78.8	93.3	19.08	 .0702	0.000	700	1	100.0	30
06/14/20	5:00 p	80.9	81.3	80.7	100	80.9	1.0	SSE	0.50	5.0	SSE	80.9	92.2	92.2	96.4	29.693	0.00	0.00	106	4.56	142	0.0	0.00	0.0	0.000	0.331	82.7	88	78.8	93.3	19.08	 .0702	0.003	703	1	100.0	30
06/14/20	5:30 p	80.1	81.0	80.1	100	80.1	0.0	SE	0.00	3.0	SE	80.1	89.9	89.9	89.6	29.693	0.00	0.00	34	1.46	65	0.0	0.00	0.0	0.000	0.315	82.7	88	78.8	93.3	19.08	 .0702	0.000	702	1	100.0	30
06/14/20	6:00 p	79.2	80.1	79.1	100	79.2	0.0	SE	0.00	2.0	SE	79.2	87.4	87.4	86.4	29.693	0.00	0.00	9	0.39	18	0.0	0.00	0.0	0.000	0.296	82.7	88	78.8	93.3	19.08	 .0702	0.001	700	1	100.0	30
06/14/20	6:30 p	78.1	79.1	78.1	100	78.1	0.0	SE	0.00	1.0	SE	78.1	84.6	84.6	83.4	29.693	0.00	0.00	0	0.00	0	0.0	0.00	0.0	0.000	0.273	82.7	88	78.8	93.3	19.08	 .0702	0.000	696	1	100.0	30
06/14/20	7:00 p	77.3	78.2	77.2	100	77.3	0.0	SE	0.00	1.0	SE	77.3	82.9	82.9	81.6	29.693	0.00	0.00	0	0.00	0	0.0	0.00	0.0	0.000	0.256	82.7	88	78.8	93.3	19.08	 .0702	0.000	702	1	100.0	30
06/14/20	7:30 p	76.9	77.3	76.9	100	76.9	0.0	SE	0.00	1.0	SE	76.9	82.0	82.0	80.6	29.693	0.00	0.00	0	0.00	0	0.0	0.00	0.0	0.000	0.248	82.7	88	78.8	93.3	19.08	 .0702	0.000	701	1	100.0	30
06/14/20	8:00 p	76.4	76.9	76.4	100	76.4	0.0	---	0.00	0.0	---	76.4	81.1	81.1	79.7	29.693	0.00	0.00	0	0.00	0	0.0	0.00	0.0	0.000	0.238	82.7	88	78.8	93.3	19.08	 .0702	0.000	701	1	100.0	30
06/14/20	8:30 p	76.1	76.4	76.1	100	76.1	0.0	SE	0.00	1.0	SE	76.1	80.5	80.5	79.1	29.693	0.00	0.00	0	0.00	0	0.0	0.00	0.0	0.000	0.231	82.7	88	78.8	93.3	19.08	 .0702	0.000	701	1	100.0	30
06/14/20	9:00 p	75.8	76.2	75.8	100	75.8	0.0	SE	0.00	1.0	SE	75.8	80.0	80.0	78.6	29.693	0.00	0.00	0	0.00	0	0.0	0.00	0.0	0.000	0.225	82.7	88	78.8	93.3	19.08	 .0702	0.000	693	1	100.0	30
06/14/20	9:30 p	75.7	75.8	75.7	100	75.7	0.0	---	0.00	0.0	---	75.7	79.8	79.8	78.4	29.693	0.00	0.00	0	0.00	0	0.0	0.00	0.0	0.000	0.223	82.7	88	78.8	93.3	19.08	 .0702	0.000	701	1	100.0	30
06/14/20	10:00 p	75.5	75.8	75.4	100	75.5	0.0	---	0.00	0.0	---	75.5	79.6	79.6	78.2	29.693	0.00	0.00	0	0.00	0	0.0	0.00	0.0	0.000	0.219	82.7	88	78.8	93.3	19.08	 .0702	0.000	700	1	100.0	30
06/14/20	10:30 p	75.8	75.8	75.5	100	75.8	0.0	SE	0.00	1.0	SE	75.8	80.0	80.0	78.6	29.693	0.00	0.00	0	0.00	0	0.0	0.00	0.0	0.000	0.225	82.7	88	78.8	93.3	19.08	 .0702	0.000	700	1	100.0	30
06/14/20	11:00 p	76.0	76.0	75.7	100	76.0	0.0	---	0.00	0.0	---	76.0	80.3	80.3	78.9	29.693	0.00	0.00	0	0.00	0	0.0	0.00	0.0	0.000	0.229	82.7	88	78.8	93.3	19.08	 .0702	0.000	699	1	100.0	30
06/14/20	11:30 p	76.1	76.2	75.9	100	76.1	0.0	---	0.00	0.0	---	76.1	80.5	80.5	79.1	29.693	0.00	0.00	0	0.00	0	0.0	0.00	0.0	0.000	0.231	82.7	88	78.8	93.3	19.08	 .0702	0.000	699	1	100.0	30
06/15/20	12:00 a	76.4	76.4	76.1	100	76.4	0.0	---	0.00	0.0	---	76.4	81.1	81.1	79.7	29.693	0.00	0.00	0	0.00	0	0.0	0.00	0.0	0.000	0.238	82.7	88	78.8	93.3	19.08	 .0702	0.000	700	1	100.0	30
06/15/20	12:30 a	76.3	76.4	76.1	100	76.3	0.0	---	0.00	0.0	---	76.3	80.9	80.9	79.5	29.693	0.00	0.00	0	0.00	0	0.0	0.00	0.0	0.000	0.235	82.7	88	78.8	93.3	19.08	 .0702	0.000	697	1	100.0	30
06/15/20	1:00 a	76.3	76.4	76.3	100	76.3	0.0	---	0.00	0.0	---	76.3	80.9	80.9	79.5	29.693	0.00	0.00	0	0.00	0	0.0	0.00	0.0	0.000	0.235	82.7	88	78.8	93.3	19.08	 .0702	0.000	698	1	100.0	30
06/15/20	1:30 a	76.5	76.6	76.2	100	76.5	0.0	---	0.00	0.0	---	76.5	81.3	81.3	79.9	29.693	0.00	0.00	0	0.00	0	0.0	0.00	0.0	0.000	0.240	82.7	88	78.8	93.3	19.08	 .0702	0.000	700	1	100.0	30
06/15/20	2:00 a	76.8	76.8	76.5	100	76.8	0.0	SE	0.00	1.0	SE	76.8	81.8	81.8	80.4	29.693	0.00	0.00	0	0.00	0	0.0	0.00	0.0	0.000	0.246	82.7	88	78.8	93.3	19.08	 .0702	0.000	699	1	100.0	30
06/15/20	2:30 a	76.9	77.0	76.7	100	76.9	0.0	---	0.00	0.0	---	76.9	82.0	82.0	80.6	29.693	0.00	0.00	0	0.00	0	0.0	0.00	0.0	0.000	0.248	82.7	88	78.8	93.3	19.08	 .0702	0.000	701	1	100.0	30
06/15/20	3:00 a	77.1	77.1	76.9	100	77.1	0.0	SE	0.00	2.0	SE	77.1	82.4	82.4	81.1	29.693	0.02	0.10	0	0.00	0	0.0	0.00	0.0	0.000	0.252	82.7	88	78.8	93.3	19.08	 .0702	0.000	699	1	100.0	30
06/15/20	3:30 a	76.8	77.3	76.8	100	76.8	0.0	ESE	0.00	2.0	ESE	76.8	81.8	81.8	80.4	29.696	0.00	0.00	0	0.00	0	0.0	0.00	0.0	0.000	0.246	82.7	88	78.8	93.3	19.08	 .0702	0.000	699	1	100.0	30
06/15/20	4:00 a	76.7	77.0	76.7	100	76.7	0.0	ESE	0.00	1.0	ESE	76.7	81.6	81.6	80.2	29.696	0.00	0.00	0	0.00	0	0.0	0.00	0.0	0.000	0.244	82.7	88	78.8	93.3	19.08	 .0702	0.000	698	1	100.0	30
06/15/20	4:30 a	76.6	76.8	76.4	100	76.6	0.0	ESE	0.00	1.0	ESE	76.6	81.4	81.4	80.0	29.693	0.00	0.00	0	0.00	0	0.0	0.00	0.0	0.000	0.242	82.7	88	78.8	93.3	19.08	 .0702	0.000	700	1	100.0	30
06/15/20	5:00 a	76.7	76.7	76.5	100	76.7	0.0	ESE	0.00	3.0	NNE	76.7	81.6	81.6	80.2	29.693	0.00	0.00	0	0.00	0	0.0	0.00	0.0	0.000	0.244	82.7	88	78.8	93.3	19.08	 .0702	0.000	699	1	100.0	30
06/15/20	5:30 a	76.8	76.8	76.6	100	76.8	0.0	NNE	0.00	1.0	NNE	76.8	81.8	81.8	80.5	29.693	0.00	0.00	4	0.17	12	0.0	0.00	0.0	0.000	0.246	82.7	88	78.8	93.3	19.08	 .0702	0.000	699	1	100.0	30
06/15/20	6:00 a	77.1	77.2	76.7	100	77.1	0.0	NNE	0.00	1.0	NNE	77.1	82.4	82.4	81.6	29.693	0.00	0.00	23	0.99	49	0.0	0.00	0.0	0.000	0.252	82.7	88	78.8	93.3	19.08	 .0702	0.000	696	1	100.0	30
06/15/20	6:30 a	77.6	77.6	77.1	100	77.6	0.0	---	0.00	0.0	---	77.6	83.5	83.5	85.6	29.693	0.00	0.00	59	2.54	69	0.0	0.00	0.0	0.000	0.262	82.7	88	78.8	93.3	19.08	 .0702	0.000	699	1	100.0	30
06/15/20	7:00 a	78.4	78.5	77.5	100	78.4	0.0	---	0.00	0.0	---	78.4	85.4	85.4	89.2	29.693	0.00	0.00	111	4.77	149	0.2	0.04	0.7	0.000	0.279	82.7	88	78.8	93.3	19.08	 .0702	0.002	702	1	100.0	30
06/15/20	7:30 a	78.9	78.9	78.2	100	78.9	0.0	NNE	0.00	1.0	NNE	78.9	86.6	86.6	91.2	29.693	0.00	0.00	153	6.58	171	0.8	0.17	0.9	0.000	0.290	82.7	88	78.8	93.3	19.08	 .0702	0.000	701	1	100.0	30
06/15/20	8:00 a	79.7	80.0	78.8	100	79.7	0.0	NNE	0.00	1.0	NNE	79.7	88.8	88.8	95.1	29.693	0.00	0.00	229	9.85	362	1.4	0.30	2.1	0.000	0.306	82.7	88	78.8	93.3	19.08	 .0702	0.005	702	1	100.0	30
06/15/20	8:30 a	80.0	80.3	79.3	100	80.0	0.0	ESE	0.00	2.0	NE	80.0	89.6	89.6	95.1	29.693	0.00	0.00	217	9.33	352	1.5	0.32	2.1	0.000	0.313	82.7	88	78.8	93.3	19.08	 .0702	0.000	700	1	100.0	30
06/15/20	9:00 a	80.1	80.3	79.4	100	80.1	0.0	ESE	0.00	1.0	ESE	80.1	89.9	89.9	93.9	29.693	0.01	0.00	176	7.57	236	1.6	0.34	2.1	0.000	0.315	82.7	88	78.8	93.3	19.08	 .0702	0.005	699	1	100.0	30
06/15/20	9:30 a	80.2	80.6	79.8	100	80.2	0.0	S	0.00	2.0	ESE	80.2	90.2	90.2	93.6	29.693	0.02	0.04	163	7.01	218	1.8	0.39	2.4	0.000	0.317	82.7	88	78.8	93.3	19.08	 .0702	0.000	703	1	100.0	30
06/15/20	10:00 a	77.5	80.1	77.5	100	77.5	2.0	SSE	1.00	9.0	SE	77.5	83.3	83.3	84.6	29.693	0.08	0.29	84	3.61	144	1.0	0.21	1.7	0.000	0.260	82.7	88	78.8	93.3	19.08	 .0702	0.003	700	1	100.0	30
06/15/20	10:30 a	77.4	77.6	76.6	100	77.4	1.0	SSE	0.50	5.0	SSE	77.4	83.1	83.1	87.0	29.693	0.01	0.10	193	8.30	320	2.2	0.47	3.5	0.000	0.258	82.7	88	78.8	93.3	19.08	 .0702	0.000	700	1	100.0	30
06/15/20	11:00 a	78.1	78.5	77.1	100	78.1	0.0	SSE	0.00	2.0	SSW	78.1	84.6	84.6	87.8	29.693	0.00	0.00	160	6.88	369	1.9	0.41	4.2	0.000	0.273	82.7	88	78.8	93.3	19.08	 .0702	0.004	701	1	100.0	30
06/15/20	11:30 a	77.9	78.5	77.7	100	77.9	1.0	ENE	0.50	4.0	SSE	77.9	84.2	84.2	87.9	29.693	0.00	0.00	180	7.74	227	2.2	0.47	2.9	0.000	0.269	82.7	88	78.8	93.3	19.08	 .0702	0.000	699	1	100.0	30
06/15/20	12:00 p	77.1	78.2	76.9	100	77.1	1.0	NE	0.50	5.0	NE	77.1	82.4	82.4	84.2	29.693	0.10	0.49	104	4.47	141	1.4	0.30	1.9	0.000	0.252	82.7	88	78.8	93.3	19.08	 .0702	0.003	699	1	100.0	30
06/15/20	12:30 p	77.1	77.3	76.7	100	77.1	0.0	ESE	0.00	3.0	NE	77.1	82.4	82.4	83.7	29.693	0.21	1.20	85	3.66	128	1.2	0.26	1.7	0.000	0.252	82.7	88	78.8	93.3	19.08	 .0702	0.000	698	1	100.0	30
06/15/20	1:00 p	76.6	77.2	76.5	100	76.6	1.0	WNW	0.50	3.0	NNW	76.6	81.4	81.4	83.6	29.693	0.23	1.08	123	5.29	183	1.7	0.36	2.4	0.000	0.242	82.7	88	78.8	93.3	19.08	 .0702	0.003	702	1	100.0	30
06/15/20	1:30 p	78.0	78.1	76.7	100	78.0	0.0	WNW	0.00	2.0	WNW	78.0	84.4	84.4	88.7	29.693	0.00	0.00	203	8.73	244	2.7	0.58	3.2	0.000	0.271	82.7	88	78.8	93.3	19.08	 .0702	0.000	703	1	100.0	30
06/15/20	2:00 p	78.6	78.7	78.0	100	78.6	0.0	WNW	0.00	2.0	WNW	78.6	85.8	85.8	91.8	29.693	0.00	0.00	271	11.65	343	3.1	0.66	3.5	0.000	0.283	82.7	88	78.8	93.3	19.08	 .0702	0.006	699	1	100.0	30
06/15/20	2:30 p	78.2	79.1	78.0	100	78.2	1.0	N	0.50	3.0	N	78.2	84.9	84.9	90.8	29.693	0.00	0.00	250	10.75	302	2.6	0.56	3.0	0.000	0.275	82.7	88	78.8	93.3	19.08	 .0702	0.000	700	1	100.0	30
06/15/20	3:00 p	79.0	79.3	78.2	100	79.0	1.0	NW	0.50	2.0	NW	79.0	86.8	86.8	92.3	29.693	0.00	0.00	213	9.16	230	2.0	0.43	2.1	0.000	0.292	82.7	88	78.8	93.3	19.08	 .0702	0.006	702	1	100.0	30
06/15/20	3:30 p	78.9	79.3	78.9	100	78.9	0.0	NW	0.00	2.0	NW	78.9	86.6	86.6	91.2	29.693	0.00	0.00	166	7.14	193	1.2	0.26	1.6	0.000	0.290	82.7	88	78.8	93.3	19.08	 .0702	0.000	700	1	100.0	30
06/15/20	4:00 p	78.1	79.2	78.1	100	78.1	0.0	WSW	0.00	2.0	NW	78.1	84.6	84.6	87.4	29.693	0.00	0.00	93	4.00	132	0.4	0.09	0.8	0.000	0.273	82.7	88	78.8	93.3	19.08	 .0702	0.003	698	1	100.0	30
06/15/20	4:30 p	78.0	78.3	77.9	100	78.0	0.0	WSW	0.00	2.0	WSW	78.0	84.4	84.4	86.0	29.693	0.00	0.00	53	2.28	62	0.0	0.00	0.0	0.000	0.271	82.7	88	78.8	93.3	19.08	 .0702	0.000	700	1	100.0	30
06/15/20	5:00 p	77.5	77.9	77.4	100	77.5	0.0	WSW	0.00	1.0	WSW	77.5	83.3	83.3	84.3	29.693	0.00	0.00	33	1.42	44	0.0	0.00	0.0	0.000	0.260	82.7	88	78.8	93.3	19.08	 .0702	0.001	701	1	100.0	30
06/15/20	5:30 p	76.9	77.6	76.8	100	76.9	0.0	WSW	0.00	2.0	WSW	76.9	82.0	82.0	81.2	29.693	0.00	0.00	12	0.52	21	0.0	0.00	0.0	0.000	0.248	82.7	88	78.8	93.3	19.08	 .0702	0.000	698	1	100.0	30
06/15/20	6:00 p	76.0	76.8	76.0	100	76.0	0.0	WSW	0.00	1.0	WSW	76.0	80.3	80.3	79.2	29.693	0.00	0.00	0	0.00	0	0.0	0.00	0.0	0.000	0.229	82.7	88	78.8	93.3	19.08	 .0702	0.000	700	1	100.0	30
06/15/20	6:30 p	75.6	76.1	75.5	100	75.6	0.0	---	0.00	0.0	---	75.6	79.7	79.7	78.5	29.693	0.00	0.00	0	0.00	0	0.0	0.00	0.0	0.000	0.221	82.7	88	78.8	93.3	19.08	 .0702	0.000	701	1	100.0	30
06/15/20	7:00 p	75.2	75.6	75.2	100	75.2	0.0	WSW	0.00	1.0	WSW	75.2	79.1	79.1	77.9	29.693	0.00	0.00	0	0.00	0	0.0	0.00	0.0	0.000	0.212	82.7	88	78.8	93.3	19.08	 .0702	0.000	702	1	100.0	30
06/15/20	7:30 p	75.1	75.3	75.0	100	75.1	0.0	---	0.00	0.0	---	75.1	78.9	78.9	77.7	29.693	0.00	0.00	0	0.00	0	0.0	0.00	0.0	0.000	0.210	82.7	88	78.8	93.3	19.08	 .0702	0.000	696	1	100.0	30
06/15/20	8:00 p	75.0	75.1	74.9	100	75.0	0.0	---	0.00	0.0	---	75.0	78.8	78.8	77.6	29.693	0.00	0.00	0	0.00	0	0.0	0.00	0.0	0.000	0.208	82.7	88	78.8	93.3	19.08	 .0702	0.000	700	1	100.0	30
06/15/20	8:30 p	74.9	75.1	74.9	100	74.9	0.0	---	0.00	0.0	---	74.9	78.7	78.7	77.5	29.693	0.00	0.00	0	0.00	0	0.0	0.00	0.0	0.000	0.206	82.7	88	78.8	93.3	19.08	 .0702	0.000	702	1	100.0	30
06/15/20	9:00 p	74.8	75.0	74.8	100	74.8	0.0	---	0.00	0.0	---	74.8	78.6	78.6	77.4	29.693	0.00	0.00	0	0.00	0	0.0	0.00	0.0	0.000	0.204	82.7	88	78.8	93.3	19.08	 .0702	0.000	701	1	100.0	30
06/15/20	9:30 p	74.4	74.9	74.4	100	74.4	0.0	WSW	0.00	1.0	WSW	74.4	78.1	78.1	76.9	29.693	0.00	0.00	0	0.00	0	0.0	0.00	0.0	0.000	0.196	82.7	88	78.8	93.3	19.08	 .0702	0.000	701	1	100.0	30
06/15/20	10:00 p	74.3	74.5	74.3	100	74.3	0.0	---	0.00	0.0	---	74.3	78.0	78.0	76.8	29.693	0.00	0.00	0	0.00	0	0.0	0.00	0.0	0.000	0.194	82.7	88	78.8	93.3	19.08	 .0702	0.000	699	1	100.0	30
06/15/20	10:30 p	74.4	74.6	74.2	100	74.4	0.0	---	0.00	0.0	---	74.4	78.1	78.1	76.9	29.693	0.00	0.00	0	0.00	0	0.0	0.00	0.0	0.000	0.196	82.7	88	78.8	93.3	19.08	 .0702	0.000	702	1	100.0	30
06/15/20	11:00 p	74.2	74.7	74.2	100	74.2	0.0	WSW	0.00	1.0	WSW	74.2	77.8	77.8	76.6	29.693	0.00	0.00	0	0.00	0	0.0	0.00	0.0	0.000	0.192	82.7	88	78.8	93.3	19.08	 .0702	0.000	698	1	100.0	30
06/15/20	11:30 p	74.8	74.8	74.0	100	74.8	0.0	WSW	0.00	2.0	WSW	74.8	78.6	78.6	77.4	29.693	0.00	0.00	0	0.00	0	0.0	0.00	0.0	0.000	0.204	82.7	88	78.8	93.3	19.08	 .0702	0.000	701	1	100.0	30
06/16/20	12:00 a	74.8	74.9	74.7	100	74.8	0.0	WSW	0.00	1.0	WSW	74.8	78.6	78.6	77.4	29.693	0.00	0.00	0	0.00	0	0.0	0.00	0.0	0.000	0.204	82.7	88	78.8	93.3	19.08	 .0702	0.000	701	1	100.0	30
06/16/20	12:30 a	75.0	75.1	74.8	100	75.0	0.0	---	0.00	0.0	---	75.0	78.8	78.8	77.6	29.693	0.00	0.00	0	0.00	0	0.0	0.00	0.0	0.000	0.208	82.7	88	78.8	93.3	19.08	 .0702	0.000	700	1	100.0	30
06/16/20	1:00 a	75.2	75.3	75.0	100	75.2	0.0	---	0.00	0.0	---	75.2	79.1	79.1	77.9	29.693	0.00	0.00	0	0.00	0	0.0	0.00	0.0	0.000	0.212	82.7	88	78.8	93.3	19.08	 .0702	0.000	701	1	100.0	30
06/16/20	1:30 a	75.1	75.4	75.1	100	75.1	0.0	---	0.00	0.0	---	75.1	78.9	78.9	77.7	29.693	0.00	0.00	0	0.00	0	0.0	0.00	0.0	0.000	0.210	82.7	88	78.8	93.3	19.08	 .0702	0.000	700	1	100.0	30
06/16/20	2:00 a	74.7	75.1	74.7	100	74.7	0.0	WSW	0.00	1.0	WSW	74.7	78.4	78.4	77.2	29.693	0.00	0.00	0	0.00	0	0.0	0.00	0.0	0.000	0.202	82.7	88	78.8	93.3	19.08	 .0702	0.000	700	1	100.0	30
06/16/20	2:30 a	74.2	74.8	74.2	100	74.2	0.0	WSW	0.00	1.0	WSW	74.2	77.8	77.8	76.6	29.693	0.00	0.00	0	0.00	0	0.0	0.00	0.0	0.000	0.192	82.7	88	78.8	93.3	19.08	 .0702	0.000	700	1	100.0	30
06/16/20	3:00 a	74.0	74.3	74.0	100	74.0	0.0	WSW	0.00	1.0	WSW	74.0	77.6	77.6	76.4	29.693	0.00	0.00	0	0.00	0	0.0	0.00	0.0	0.000	0.188	82.7	88	78.8	93.3	19.08	 .0702	0.000	702	1	100.0	30
06/16/20	3:30 a	73.7	74.0	73.7	100	73.7	0.0	WSW	0.00	1.0	WSW	73.7	77.3	77.3	76.0	29.693	0.00	0.00	0	0.00	0	0.0	0.00	0.0	0.000	0.181	82.7	88	78.8	93.3	19.08	 .0702	0.000	700	1	100.0	30
06/16/20	4:00 a	73.5	73.7	73.5	100	73.5	0.0	WSW	0.00	1.0	WSW	73.5	77.1	77.1	75.8	29.693	0.00	0.00	0	0.00	0	0.0	0.00	0.0	0.000	0.177	82.7	88	78.8	93.3	19.08	 .0702	0.000	703	1	100.0	30
06/16/20	4:30 a	73.4	73.6	73.3	100	73.4	0.0	WSW	0.00	1.0	WSW	73.4	77.0	77.0	75.7	29.693	0.00	0.00	0	0.00	0	0.0	0.00	0.0	0.000	0.175	82.7	88	78.8	93.3	19.08	 .0702	0.000	700	1	100.0	30
06/16/20	5:00 a	73.7	73.7	73.3	100	73.7	0.0	WSW	0.00	1.0	WSW	73.7	77.3	77.3	76.0	29.693	0.00	0.00	0	0.00	0	0.0	0.00	0.0	0.000	0.181	82.7	88	78.8	93.3	19.08	 .0702	0.000	702	1	100.0	30
06/16/20	5:30 a	73.5	73.7	73.3	100	73.5	0.0	---	0.00	0.0	---	73.5	77.1	77.1	75.9	29.693	0.00	0.00	3	0.13	11	0.0	0.00	0.0	0.000	0.177	82.7	88	78.8	93.3	19.08	 .0702	0.000	697	1	100.0	30
06/16/20	6:00 a	74.0	74.0	73.5	100	74.0	0.0	---	0.00	0.0	---	74.0	77.6	77.6	76.9	29.693	0.00	0.00	20	0.86	35	0.0	0.00	0.0	0.000	0.188	82.7	88	78.8	93.3	19.08	 .0702	0.000	697	1	100.0	30
06/16/20	6:30 a	74.6	74.6	74.0	100	74.6	0.0	WNW	0.00	1.0	WNW	74.6	78.3	78.3	78.8	29.693	0.00	0.00	29	1.25	30	0.0	0.00	0.0	0.000	0.200	82.7	88	78.8	93.3	19.08	 .0702	0.000	699	1	100.0	30
06/16/20	7:00 a	75.2	75.2	74.6	100	75.2	0.0	WNW	0.00	1.0	WNW	75.2	79.1	79.1	79.7	29.693	0.00	0.00	34	1.46	39	0.0	0.00	0.0	0.000	0.212	82.7	88	78.8	93.3	19.08	 .0702	0.001	701	1	100.0	30
06/16/20	7:30 a	76.3	76.3	75.1	100	76.3	0.0	WNW	0.00	2.0	WNW	76.3	80.9	80.9	84.2	29.693	0.00	0.00	116	4.99	397	0.5	0.11	1.5	0.000	0.235	82.7	88	78.8	93.3	19.08	 .0702	0.000	700	1	100.0	30
06/16/20	8:00 a	77.9	78.0	76.4	100	77.9	0.0	WNW	0.00	1.0	WNW	77.9	84.2	84.2	95.0	29.693	0.00	0.00	435	18.71	517	2.0	0.43	2.5	0.000	0.269	82.7	88	78.8	93.3	19.08	 .0702	0.007	702	1	100.0	30
06/16/20	8:30 a	79.1	79.4	77.8	100	79.1	0.0	SSW	0.00	3.0	SSW	79.1	87.1	87.1	99.2	29.693	0.00	0.00	579	24.90	629	3.1	0.66	3.5	0.000	0.294	82.7	88	78.8	93.3	19.08	 .0702	0.000	700	1	100.0	30
06/16/20	9:00 a	83.1	83.1	79.1	100	83.1	1.0	SSW	0.50	4.0	S	83.1	99.6	99.6	112.3	29.693	0.00	0.00	685	29.46	793	3.7	0.79	3.9	0.000	0.377	82.7	88	78.8	93.3	19.08	 .0702	0.016	701	1	100.0	30
06/16/20	9:30 a	83.9	84.3	82.9	100	83.9	1.0	SW	0.50	5.0	SW	83.9	102.7	102.7	115.5	29.693	0.00	0.00	733	31.52	877	3.6	0.77	3.8	0.000	0.394	82.7	88	78.8	93.3	19.08	 .0702	0.000	703	1	100.0	30
06/16/20	10:00 a	85.3	85.4	83.8	100	85.3	1.0	SW	0.50	7.0	WSW	85.3	109.3	109.3	121.5	29.693	0.00	0.00	883	37.97	969	5.5	1.18	7.9	0.000	0.423	82.7	88	78.8	93.3	19.08	 .0702	0.020	701	1	100.0	30
06/16/20	10:30 a	85.8	86.1	84.9	100	85.8	2.0	SW	1.00	7.0	WSW	85.8	112.1	112.1	124.6	29.693	0.00	0.00	672	28.90	995	7.7	1.65	9.0	0.000	0.433	82.7	88	78.8	93.3	19.08	 .0702	0.000	703	1	100.0	30
06/16/20	11:00 a	83.8	85.9	83.8	100	83.8	1.0	SSE	0.50	6.0	SW	83.8	102.3	102.3	113.7	29.693	0.00	0.00	575	24.73	1116	7.3	1.56	10.1	0.000	0.392	82.7	88	78.8	93.3	19.08	 .0702	0.016	700	1	100.0	30
06/16/20	11:30 a	83.2	84.6	83.2	100	83.2	1.0	SSW	0.50	3.0	SSW	83.2	100.0	100.0	106.7	29.693	0.00	0.00	298	12.82	643	5.2	1.11	8.7	0.000	0.379	82.7	88	78.8	93.3	19.08	 .0702	0.000	701	1	100.0	30
06/16/20	12:00 p	82.9	83.4	81.9	100	82.9	0.0	SW	0.00	3.0	SW	82.9	98.9	98.9	105.1	29.693	0.00	0.00	274	11.78	404	4.6	0.99	7.8	0.000	0.373	82.7	88	78.8	93.3	19.08	 .0702	0.009	701	1	100.0	30
06/16/20	12:30 p	83.4	84.3	82.9	100	83.4	1.0	SW	0.50	4.0	S	83.4	100.8	100.8	108.5	29.693	0.00	0.00	353	15.18	714	4.9	1.05	7.0	0.000	0.383	82.7	88	78.8	93.3	19.08	 .0702	0.000	700	1	100.0	30
06/16/20	1:00 p	86.0	86.1	83.3	100	86.0	1.0	SSW	0.50	6.0	SSW	86.0	113.2	113.2	126.2	29.693	0.00	0.00	731	31.44	1065	7.9	1.69	10.4	0.000	0.438	82.7	88	78.8	93.3	19.08	 .0702	0.015	701	1	100.0	30
06/16/20	1:30 p	86.2	86.7	85.7	100	86.2	2.0	SW	1.00	6.0	W	86.2	114.7	114.7	127.0	29.693	0.00	0.00	895	38.49	1125	8.1	1.74	9.4	0.000	0.442	82.7	88	78.8	93.3	19.08	 .0702	0.000	701	1	100.0	30
06/16/20	2:00 p	84.9	86.6	84.9	100	84.9	2.0	SSW	1.00	7.0	SW	84.9	107.2	107.2	120.0	29.693	0.00	0.00	750	32.25	865	6.1	1.31	7.5	0.000	0.415	82.7	88	78.8	93.3	19.08	 .0702	0.021	699	1	100.0	30
06/16/20	2:30 p	83.8	84.8	83.2	100	83.8	2.0	SSW	1.00	8.0	SE	83.8	102.3	102.3	110.0	29.693	0.00	0.00	321	13.80	494	2.7	0.58	3.6	0.000	0.392	82.7	88	78.8	93.3	19.08	 .0702	0.000	701	1	100.0	30
06/16/20	3:00 p	84.5	85.2	83.7	100	84.5	1.0	SSE	0.50	5.0	SSW	84.5	105.3	105.3	117.6	29.693	0.00	0.00	549	23.61	768	3.1	0.66	4.0	0.000	0.406	82.7	88	78.8	93.3	19.08	 .0702	0.011	701	1	100.0	30
06/16/20	3:30 p	83.1	84.5	83.1	100	83.1	1.0	SSW	0.50	6.0	SSE	83.1	99.6	99.6	110.1	29.693	0.00	0.00	384	16.51	557	2.2	0.47	2.5	0.000	0.377	82.7	88	78.8	93.3	19.08	 .0702	0.000	700	1	100.0	30
06/16/20	4:00 p	82.7	83.1	82.3	100	82.7	1.0	S	0.50	5.0	SE	82.7	98.1	98.1	105.3	29.693	0.00	0.00	217	9.33	285	1.1	0.24	1.6	0.000	0.369	82.7	88	78.8	93.3	19.08	 .0702	0.008	703	1	100.0	30
06/16/20	4:30 p	82.0	82.8	81.7	100	82.0	0.0	SSE	0.00	4.0	SSW	82.0	95.7	95.7	101.0	29.693	0.00	0.00	136	5.85	283	0.5	0.11	0.9	0.000	0.354	82.7	88	78.8	93.3	19.08	 .0702	0.000	700	1	100.0	30
06/16/20	5:00 p	81.4	82.1	81.3	100	81.4	0.0	SSE	0.00	4.0	SSE	81.4	93.8	93.8	96.3	29.693	0.00	0.00	62	2.67	84	0.0	0.00	0.0	0.000	0.342	82.7	88	78.8	93.3	19.08	 .0702	0.002	703	1	100.0	30
06/16/20	5:30 p	80.7	81.4	80.7	100	80.7	0.0	SSE	0.00	1.0	SSE	80.7	91.6	91.6	90.9	29.693	0.00	0.00	12	0.52	37	0.0	0.00	0.0	0.000	0.327	82.7	88	78.8	93.3	19.08	 .0702	0.000	698	1	100.0	30
06/16/20	6:00 p	80.3	80.9	80.3	100	80.3	0.0	SSE	0.00	1.0	SSE	80.3	90.5	90.5	89.5	29.693	0.00	0.00	0	0.00	0	0.0	0.00	0.0	0.000	0.319	82.7	88	78.8	93.3	19.08	 .0702	0.000	695	1	100.0	30
06/16/20	6:30 p	79.8	80.4	79.7	100	79.8	0.0	SSE	0.00	1.0	SSE	79.8	89.0	89.0	88.0	29.693	0.00	0.00	0	0.00	0	0.0	0.00	0.0	0.000	0.308	82.7	88	78.8	93.3	19.08	 .0702	0.000	700	1	100.0	30
06/16/20	7:00 p	79.5	79.8	79.5	100	79.5	0.0	SSE	0.00	1.0	SSE	79.5	88.2	88.2	87.2	29.693	0.01	0.00	0	0.00	0	0.0	0.00	0.0	0.000	0.302	82.7	88	78.8	93.3	19.08	 .0702	0.000	699	1	100.0	30
06/16/20	7:30 p	79.2	79.5	79.1	100	79.2	0.0	SSE	0.00	1.0	SSE	79.2	87.4	87.4	86.4	29.693	0.00	0.00	0	0.00	0	0.0	0.00	0.0	0.000	0.296	82.7	88	78.8	93.3	19.08	 .0702	0.000	703	1	100.0	30
06/16/20	8:00 p	78.5	79.2	78.5	100	78.5	0.0	SSE	0.00	2.0	SSE	78.5	85.6	85.6	84.5	29.693	0.00	0.00	0	0.00	0	0.0	0.00	0.0	0.000	0.281	82.7	88	78.8	93.3	19.08	 .0702	0.000	700	1	100.0	30
06/16/20	8:30 p	78.0	78.6	78.0	100	78.0	0.0	SSE	0.00	1.0	SSE	78.0	84.4	84.4	83.3	29.693	0.00	0.00	0	0.00	0	0.0	0.00	0.0	0.000	0.271	82.7	88	78.8	93.3	19.08	 .0702	0.000	702	1	100.0	30
06/16/20	9:00 p	77.6	78.0	77.6	100	77.6	0.0	SSE	0.00	1.0	SSE	77.6	83.5	83.5	82.4	29.693	0.00	0.00	0	0.00	0	0.0	0.00	0.0	0.000	0.262	82.7	88	78.8	93.3	19.08	 .0702	0.000	700	1	100.0	30
06/16/20	9:30 p	76.6	77.5	76.5	100	76.6	0.0	N	0.00	4.0	NNE	76.6	81.4	81.4	80.2	29.693	0.00	0.00	0	0.00	0	0.0	0.00	0.0	0.000	0.242	82.7	88	78.8	93.3	19.08	 .0702	0.000	702	1	100.0	30
06/16/20	10:00 p	76.6	76.6	76.4	100	76.6	0.0	N	0.00	1.0	N	76.6	81.4	81.4	80.2	29.693	0.00	0.00	0	0.00	0	0.0	0.00	0.0	0.000	0.242	82.7	88	78.8	93.3	19.08	 .0702	0.000	698	1	100.0	30
06/16/20	10:30 p	75.7	76.7	75.7	100	75.7	0.0	N	0.00	2.0	N	75.7	79.8	79.8	78.5	29.693	0.00	0.00	0	0.00	0	0.0	0.00	0.0	0.000	0.223	82.7	88	78.8	93.3	19.08	 .0702	0.000	701	1	100.0	30
06/16/20	11:00 p	75.3	75.8	75.3	100	75.3	0.0	N	0.00	1.0	N	75.3	79.3	79.3	78.0	29.693	0.00	0.00	0	0.00	0	0.0	0.00	0.0	0.000	0.215	82.7	88	78.8	93.3	19.08	 .0702	0.000	701	1	100.0	30
06/16/20	11:30 p	75.0	75.4	75.0	100	75.0	0.0	N	0.00	1.0	N	75.0	78.8	78.8	77.5	29.693	0.00	0.00	0	0.00	0	0.0	0.00	0.0	0.000	0.208	82.7	88	78.8	93.3	19.08	 .0702	0.000	699	1	100.0	30
06/17/20	12:00 a	74.9	75.2	74.8	100	74.9	0.0	N	0.00	1.0	N	74.9	78.7	78.7	77.4	29.693	0.00	0.00	0	0.00	0	0.0	0.00	0.0	0.000	0.206	82.7	88	78.8	93.3	19.08	 .0702	0.000	701	1	100.0	30
06/17/20	12:30 a	74.6	74.9	74.5	100	74.6	0.0	N	0.00	1.0	N	74.6	78.3	78.3	77.0	29.693	0.00	0.00	0	0.00	0	0.0	0.00	0.0	0.000	0.200	82.7	88	78.8	93.3	19.08	 .0702	0.000	699	1	100.0	30
06/17/20	1:00 a	74.4	74.6	74.2	100	74.4	0.0	---	0.00	0.0	---	74.4	78.1	78.1	76.8	29.693	0.00	0.00	0	0.00	0	0.0	0.00	0.0	0.000	0.196	82.7	88	78.8	93.3	19.08	 .0702	0.000	700	1	100.0	30
06/17/20	1:30 a	74.5	74.6	74.4	100	74.5	0.0	---	0.00	0.0	---	74.5	78.2	78.2	76.9	29.693	0.00	0.00	0	0.00	0	0.0	0.00	0.0	0.000	0.198	82.7	88	78.8	93.3	19.08	 .0702	0.000	702	1	100.0	30
06/17/20	2:00 a	74.4	74.6	74.4	100	74.4	0.0	---	0.00	0.0	---	74.4	78.1	78.1	76.8	29.693	0.00	0.00	0	0.00	0	0.0	0.00	0.0	0.000	0.196	82.7	88	78.8	93.3	19.08	 .0702	0.000	699	1	100.0	30
06/17/20	2:30 a	74.8	75.0	74.5	100	74.8	0.0	N	0.00	2.0	N	74.8	78.6	78.6	77.3	29.693	0.00	0.00	0	0.00	0	0.0	0.00	0.0	0.000	0.204	82.7	88	78.8	93.3	19.08	 .0702	0.000	701	1	100.0	30
06/17/20	3:00 a	74.9	75.0	74.7	100	74.9	0.0	---	0.00	0.0	---	74.9	78.7	78.7	77.4	29.693	0.00	0.00	0	0.00	0	0.0	0.00	0.0	0.000	0.206	82.7	88	78.8	93.3	19.08	 .0702	0.000	699	1	100.0	30
06/17/20	3:30 a	75.5	75.5	74.9	100	75.5	0.0	---	0.00	0.0	---	75.5	79.6	79.6	78.3	29.693	0.00	0.00	0	0.00	0	0.0	0.00	0.0	0.000	0.219	82.7	88	78.8	93.3	19.08	 .0702	0.000	700	1	100.0	30
06/17/20	4:00 a	76.0	76.0	75.5	100	76.0	0.0	N	0.00	2.0	N	76.0	80.3	80.3	79.1	29.693	0.00	0.00	0	0.00	0	0.0	0.00	0.0	0.000	0.229	82.7	88	78.8	93.3	19.08	 .0702	0.000	700	1	100.0	30
06/17/20	4:30 a	76.2	76.3	75.8	100	76.2	0.0	NE	0.00	3.0	NE	76.2	80.7	80.7	79.5	29.693	0.00	0.00	0	0.00	0	0.0	0.00	0.0	0.000	0.233	82.7	88	78.8	93.3	19.08	 .0702	0.000	700	1	100.0	30
06/17/20	5:00 a	76.1	76.3	76.1	100	76.1	1.0	NNW	0.50	4.0	W	76.1	80.5	80.5	79.3	29.693	0.00	0.00	0	0.00	0	0.0	0.00	0.0	0.000	0.231	82.7	88	78.8	93.3	19.08	 .0702	0.000	698	1	100.0	30
06/17/20	5:30 a	76.1	76.3	76.0	100	76.1	1.0	NNW	0.50	4.0	NW	76.1	80.5	80.5	79.3	29.693	0.00	0.00	2	0.09	11	0.0	0.00	0.0	0.000	0.231	82.7	88	78.8	93.3	19.08	 .0702	0.000	698	1	100.0	30
06/17/20	6:00 a	76.4	76.5	76.1	100	76.4	0.0	WNW	0.00	2.0	WNW	76.4	81.1	81.1	80.5	29.693	0.00	0.00	26	1.12	33	0.0	0.00	0.0	0.000	0.238	77.7	96	76.5	83.0	21.75	 .0710	0.000	701	1	100.0	30
06/17/20	6:30 a	76.7	76.8	76.4	100	76.7	0.0	WNW	0.00	1.0	WNW	76.7	81.6	81.6	83.2	29.693	0.00	0.00	49	2.11	65	0.0	0.00	0.0	0.000	0.244	78.1	96	76.9	83.8	21.75	 .0709	0.000	699	1	100.0	30
06/17/20	7:00 a	77.2	77.3	76.7	100	77.2	0.0	WNW	0.00	1.0	WNW	77.2	82.6	82.6	84.6	29.693	0.00	0.00	66	2.84	76	0.0	0.00	0.0	0.000	0.254	78.1	96	76.9	83.8	21.75	 .0709	0.001	698	1	100.0	30
06/17/20	7:30 a	77.4	77.5	77.1	100	77.4	0.0	---	0.00	0.0	---	77.4	83.1	83.1	84.7	29.693	0.00	0.00	66	2.84	76	0.0	0.00	0.0	0.000	0.258	78.1	96	76.9	83.8	21.75	 .0709	0.000	699	1	100.0	30
06/17/20	8:00 a	77.6	77.8	76.8	100	77.6	0.0	WNW	0.00	1.0	WNW	77.6	83.5	83.5	86.7	29.693	0.00	0.00	124	5.33	153	0.8	0.17	1.1	0.000	0.262	78.1	96	76.9	83.8	21.75	 .0709	0.002	701	1	100.0	30
06/17/20	8:30 a	78.1	78.2	77.5	100	78.1	0.0	NW	0.00	2.0	WNW	78.1	84.6	84.6	88.3	29.693	0.01	0.00	155	6.67	183	1.3	0.28	1.5	0.000	0.273	78.1	96	76.9	83.8	21.75	 .0709	0.000	701	1	100.0	30
06/17/20	9:00 a	77.8	78.4	77.5	100	77.8	0.0	NNE	0.00	3.0	NNE	77.8	84.0	84.0	86.9	29.693	0.01	0.00	140	6.02	158	1.3	0.28	1.5	0.000	0.267	78.1	96	76.9	83.8	21.75	 .0709	0.004	698	1	100.0	30
06/17/20	9:30 a	77.8	78.6	77.7	100	77.8	0.0	NNE	0.00	3.0	SE	77.8	84.0	84.0	87.4	29.693	0.03	0.12	166	7.14	278	1.7	0.36	3.0	0.000	0.267	78.1	96	76.9	83.8	21.75	 .0709	0.000	703	1	100.0	30
06/17/20	10:00 a	78.8	79.1	77.5	100	78.8	1.0	NNE	0.50	3.0	NE	78.8	86.3	86.3	93.6	29.693	0.02	0.08	344	14.79	431	3.6	0.77	4.5	0.000	0.288	78.1	96	76.9	83.8	21.75	 .0709	0.006	697	1	100.0	30
06/17/20	10:30 a	81.6	81.6	78.3	100	81.6	1.0	NNE	0.50	4.0	NE	81.6	94.4	94.4	104.1	29.693	0.00	0.00	471	20.26	557	5.2	1.11	6.4	0.000	0.346	78.1	96	76.9	83.8	21.75	 .0709	0.000	703	1	100.0	30
06/17/20	11:00 a	81.9	82.3	81.4	100	81.9	1.0	N	0.50	4.0	NNW	81.9	95.4	95.4	105.7	29.693	0.00	0.00	504	21.67	585	5.6	1.20	6.3	0.000	0.352	82.7	93	80.5	95.4	21.30	 .0701	0.012	701	1	100.0	30
06/17/20	11:30 a	83.6	83.8	81.9	100	83.6	0.0	NNW	0.00	3.0	SSW	83.6	101.5	101.5	112.7	29.693	0.00	0.00	559	24.04	784	6.1	1.31	8.0	0.000	0.387	82.7	93	80.5	95.4	21.30	 .0701	0.000	700	1	100.0	30
06/17/20	12:00 p	85.1	85.1	83.0	100	85.1	1.0	SSW	0.50	4.0	SSE	85.1	108.2	108.2	121.2	29.693	0.00	0.00	723	31.09	1269	7.9	1.69	11.6	0.000	0.419	82.7	93	80.5	95.4	21.30	 .0701	0.017	699	1	100.0	30
06/17/20	12:30 p	84.9	86.1	84.9	100	84.9	1.0	SSE	0.50	5.0	SSE	84.9	107.2	107.2	120.3	29.693	0.00	0.00	746	32.08	979	8.2	1.76	10.3	0.000	0.415	82.7	93	80.5	95.4	21.30	 .0701	0.000	701	1	100.0	30
06/17/20	1:00 p	84.5	85.2	83.9	100	84.5	1.0	SSW	0.50	4.0	S	84.5	105.3	105.3	117.6	29.693	0.00	0.00	652	28.04	976	7.2	1.54	9.5	0.000	0.406	82.7	93	80.5	95.4	21.30	 .0701	0.018	698	1	100.0	30
06/17/20	1:30 p	85.8	85.8	84.3	100	85.8	2.0	SE	1.00	8.0	SE	85.8	112.1	112.1	125.0	29.693	0.00	0.00	826	35.52	1028	7.8	1.67	8.8	0.000	0.433	82.7	93	80.5	95.4	21.30	 .0701	0.000	698	1	100.0	30
06/17/20	2:00 p	84.1	86.7	83.8	100	84.1	2.0	SE	1.00	9.0	SSE	84.1	103.5	103.5	116.2	29.839	0.00	0.00	688	29.59	983	6.2	1.33	8.1	0.000	0.398	82.7	93	80.5	95.4	21.30	 .0704	0.019	698	1	100.0	30
06/17/20	2:30 p	84.0	85.3	84.0	100	84.0	2.0	ENE	1.00	9.0	ESE	84.0	103.1	103.1	116.2	29.839	0.00	0.00	768	33.03	979	5.3	1.14	6.7	0.000	0.396	82.7	93	80.5	95.4	21.30	 .0704	0.000	699	1	100.0	30
06/17/20	3:00 p	85.6	85.9	83.8	100	85.6	1.0	S	0.50	5.0	S	85.6	111.0	111.0	123.8	29.839	0.00	0.00	643	27.65	708	4.0	0.86	4.8	0.000	0.429	82.7	93	80.5	95.4	21.30	 .0704	0.017	701	1	100.0	30
06/17/20	3:30 p	85.1	85.9	84.2	100	85.1	1.0	SSE	0.50	5.0	S	85.1	108.2	108.2	119.9	29.839	0.00	0.00	440	18.92	563	2.5	0.54	3.1	0.000	0.419	82.7	93	80.5	95.4	21.30	 .0704	0.000	700	1	100.0	30
06/17/20	4:00 p	82.4	85.3	82.4	100	82.4	1.0	SSW	0.50	3.0	SSW	82.4	97.1	97.1	106.0	29.839	0.00	0.00	274	11.78	534	1.3	0.28	2.2	0.000	0.363	82.7	93	80.5	95.4	21.30	 .0704	0.009	698	1	100.0	30
06/17/20	4:30 p	81.2	82.4	81.2	100	81.2	0.0	SSW	0.00	1.0	SSW	81.2	93.1	93.1	96.3	29.839	0.00	0.00	88	3.78	116	0.3	0.06	0.8	0.000	0.337	82.7	93	80.5	95.4	21.30	 .0704	0.000	698	1	100.0	30
06/17/20	5:00 p	80.9	81.5	80.7	100	80.9	0.0	SSW	0.00	1.0	SSW	80.9	92.2	92.2	95.1	29.839	0.00	0.00	72	3.10	74	0.0	0.00	0.0	0.000	0.331	82.7	93	80.5	95.4	21.30	 .0704	0.002	702	1	100.0	30
06/17/20	5:30 p	80.1	81.0	80.0	100	80.1	0.0	SSW	0.00	1.0	SSW	80.1	89.9	89.9	90.0	29.839	0.00	0.00	46	1.98	70	0.0	0.00	0.0	0.000	0.315	82.7	93	80.5	95.4	21.30	 .0704	0.000	701	1	100.0	30
06/17/20	6:00 p	79.2	80.1	79.1	100	79.2	0.0	SSW	0.00	2.0	SSW	79.2	87.4	87.4	86.5	29.839	0.00	0.00	8	0.34	23	0.0	0.00	0.0	0.000	0.296	82.7	93	80.5	95.4	21.30	 .0704	0.001	699	1	100.0	30
06/17/20	6:30 p	78.6	79.3	78.5	100	78.6	0.0	SSW	0.00	1.0	SSW	78.6	85.8	85.8	84.7	29.839	0.00	0.00	0	0.00	0	0.0	0.00	0.0	0.000	0.283	82.7	93	80.5	95.4	21.30	 .0704	0.000	699	1	100.0	30
06/17/20	7:00 p	78.2	78.6	78.2	100	78.2	0.0	SSW	0.00	1.0	SSW	78.2	84.9	84.9	83.8	29.839	0.00	0.00	0	0.00	0	0.0	0.00	0.0	0.000	0.275	82.7	93	80.5	95.4	21.30	 .0704	0.000	700	1	100.0	30
06/17/20	7:30 p	77.8	78.2	77.8	100	77.8	0.0	SSW	0.00	1.0	SSW	77.8	84.0	84.0	82.8	29.839	0.00	0.00	0	0.00	0	0.0	0.00	0.0	0.000	0.267	82.7	93	80.5	95.4	21.30	 .0704	0.000	702	1	100.0	30
06/17/20	8:00 p	77.3	77.8	77.3	100	77.3	0.0	SSW	0.00	1.0	SSW	77.3	82.9	82.9	81.7	29.839	0.00	0.00	0	0.00	0	0.0	0.00	0.0	0.000	0.256	82.7	93	80.5	95.4	21.30	 .0704	0.000	701	1	100.0	30
06/17/20	8:30 p	76.8	77.3	76.8	100	76.8	0.0	---	0.00	0.0	---	76.8	81.8	81.8	80.6	29.839	0.00	0.00	0	0.00	0	0.0	0.00	0.0	0.000	0.246	82.7	93	80.5	95.4	21.30	 .0704	0.000	699	1	100.0	30
06/17/20	9:00 p	76.3	76.8	76.2	100	76.3	0.0	---	0.00	0.0	---	76.3	80.9	80.9	79.7	29.839	0.00	0.00	0	0.00	0	0.0	0.00	0.0	0.000	0.235	82.7	93	80.5	95.4	21.30	 .0704	0.000	701	1	100.0	30
06/17/20	9:30 p	75.9	76.3	75.8	100	75.9	0.0	SSW	0.00	1.0	SSW	75.9	80.2	80.2	78.9	29.839	0.00	0.00	0	0.00	0	0.0	0.00	0.0	0.000	0.227	82.7	93	80.5	95.4	21.30	 .0704	0.000	702	1	100.0	30
06/17/20	10:00 p	75.6	75.9	75.5	100	75.6	0.0	SSW	0.00	1.0	SSW	75.6	79.7	79.7	78.4	29.839	0.00	0.00	0	0.00	0	0.0	0.00	0.0	0.000	0.221	82.7	93	80.5	95.4	21.30	 .0704	0.000	699	1	100.0	30
06/17/20	10:30 p	75.5	75.7	75.4	100	75.5	0.0	SSW	0.00	1.0	SSW	75.5	79.6	79.6	78.3	29.839	0.00	0.00	0	0.00	0	0.0	0.00	0.0	0.000	0.219	82.7	93	80.5	95.4	21.30	 .0704	0.000	700	1	100.0	30
06/17/20	11:00 p	75.6	75.6	75.4	100	75.6	0.0	SSW	0.00	1.0	SSW	75.6	79.7	79.7	78.4	29.839	0.00	0.00	0	0.00	0	0.0	0.00	0.0	0.000	0.221	82.7	93	80.5	95.4	21.30	 .0704	0.000	700	1	100.0	30
06/17/20	11:30 p	75.5	75.7	75.3	100	75.5	0.0	SSW	0.00	1.0	SSW	75.5	79.6	79.6	78.3	29.807	0.00	0.00	0	0.00	0	0.0	0.00	0.0	0.000	0.219	82.7	93	80.5	95.4	21.30	 .0703	0.000	702	1	100.0	30
06/18/20	12:00 a	75.5	75.6	75.4	100	75.5	0.0	SSW	0.00	1.0	SSW	75.5	79.6	79.6	78.3	29.808	0.00	0.00	0	0.00	0	0.0	0.00	0.0	0.000	0.219	82.7	93	80.5	95.4	21.30	 .0703	0.000	697	1	100.0	30
06/18/20	12:30 a	75.6	75.6	75.3	100	75.6	0.0	---	0.00	0.0	---	75.6	79.7	79.7	78.4	29.808	0.00	0.00	0	0.00	0	0.0	0.00	0.0	0.000	0.221	77.8	95	76.3	83.0	21.65	 .0713	0.000	696	1	100.0	30
06/18/20	1:00 a	75.5	75.7	75.5	100	75.5	0.0	---	0.00	0.0	---	75.5	79.6	79.6	78.3	29.808	0.00	0.00	0	0.00	0	0.0	0.00	0.0	0.000	0.219	77.8	95	76.3	83.0	21.65	 .0713	0.000	699	1	100.0	30
06/18/20	1:30 a	75.4	75.6	75.4	100	75.4	0.0	---	0.00	0.0	---	75.4	79.4	79.4	78.1	29.086	0.00	0.00	0	0.00	0	0.0	0.00	0.0	0.000	0.217	77.8	95	76.3	83.0	21.65	 .0695	0.000	698	1	100.0	30
06/18/20	2:00 a	75.3	75.5	75.3	100	75.3	0.0	---	0.00	0.0	---	75.3	79.3	79.3	78.0	29.086	0.00	0.00	0	0.00	0	0.0	0.00	0.0	0.000	0.215	77.8	95	76.3	83.0	21.65	 .0695	0.000	699	1	100.0	30
06/18/20	2:30 a	75.1	75.4	75.0	100	75.1	0.0	---	0.00	0.0	---	75.1	78.9	78.9	77.6	29.086	0.00	0.00	0	0.00	0	0.0	0.00	0.0	0.000	0.210	77.8	95	76.3	83.0	21.65	 .0695	0.000	700	1	100.0	30
06/18/20	3:00 a	75.0	75.2	74.9	100	75.0	0.0	---	0.00	0.0	---	75.0	78.8	78.8	77.5	29.785	0.00	0.00	0	0.00	0	0.0	0.00	0.0	0.000	0.208	77.8	95	76.3	83.0	21.65	 .0713	0.000	701	1	100.0	30
06/18/20	3:30 a	75.1	75.1	74.9	100	75.1	0.0	---	0.00	0.0	---	75.1	78.9	78.9	77.6	29.785	0.00	0.00	0	0.00	0	0.0	0.00	0.0	0.000	0.210	77.8	95	76.3	83.0	21.65	 .0713	0.000	699	1	100.0	30
06/18/20	4:00 a	75.1	75.1	74.9	100	75.1	0.0	---	0.00	0.0	---	75.1	78.9	78.9	77.6	29.785	0.00	0.00	0	0.00	0	0.0	0.00	0.0	0.000	0.210	77.8	95	76.3	83.0	21.65	 .0713	0.000	701	1	100.0	30
06/18/20	4:30 a	75.1	75.1	75.0	100	75.1	0.0	---	0.00	0.0	---	75.1	78.9	78.9	77.6	29.785	0.00	0.00	0	0.00	0	0.0	0.00	0.0	0.000	0.210	77.8	95	76.3	83.0	21.65	 .0713	0.000	701	1	100.0	30
06/18/20	5:00 a	75.2	75.2	75.0	100	75.2	0.0	---	0.00	0.0	---	75.2	79.1	79.1	77.8	29.785	0.00	0.00	0	0.00	0	0.0	0.00	0.0	0.000	0.212	77.8	95	76.3	83.0	21.65	 .0713	0.000	698	1	100.0	30
06/18/20	5:30 a	75.1	75.3	75.0	100	75.1	0.0	---	0.00	0.0	---	75.1	78.9	78.9	77.6	29.785	0.00	0.00	0	0.00	0	0.0	0.00	0.0	0.000	0.210	77.8	95	76.3	83.0	21.65	 .0713	0.000	699	1	100.0	30
06/18/20	6:00 a	75.4	75.5	75.1	100	75.4	0.0	---	0.00	0.0	---	75.4	79.4	79.4	78.4	29.785	0.00	0.00	12	0.52	25	0.0	0.00	0.0	0.000	0.217	77.8	95	76.3	83.0	21.65	 .0713	0.000	699	1	100.0	30
06/18/20	6:30 a	75.9	76.1	75.4	100	75.9	0.0	---	0.00	0.0	---	75.9	80.2	80.2	81.0	29.785	0.00	0.00	34	1.46	40	0.0	0.00	0.0	0.000	0.227	77.8	95	76.3	83.0	21.65	 .0713	0.000	697	1	100.0	30
06/18/20	7:00 a	76.5	76.5	75.8	100	76.5	0.0	---	0.00	0.0	---	76.5	81.3	81.3	82.1	29.785	0.00	0.00	38	1.63	56	0.0	0.00	0.0	0.000	0.240	77.8	95	76.3	83.0	21.65	 .0713	0.001	698	1	100.0	30
06/18/20	7:30 a	77.4	77.6	76.4	100	77.4	0.0	---	0.00	0.0	---	77.4	83.1	83.1	85.7	29.785	0.00	0.00	93	4.00	125	0.4	0.09	0.7	0.000	0.258	77.8	95	76.3	83.0	21.65	 .0713	0.000	700	1	100.0	30
06/18/20	8:00 a	78.0	78.0	77.4	100	78.0	0.0	W	0.00	2.0	W	78.0	84.4	84.4	86.1	29.785	0.00	0.00	76	3.27	86	0.5	0.11	0.6	0.000	0.271	77.8	95	76.3	83.0	21.65	 .0713	0.002	698	1	100.0	30
06/18/20	8:30 a	78.4	78.5	77.8	100	78.4	0.0	W	0.00	2.0	W	78.4	85.4	85.4	87.6	29.785	0.00	0.00	103	4.43	176	0.8	0.17	1.4	0.000	0.279	79.6	97	78.7	87.7	21.75	 .0708	0.000	700	1	100.0	30
06/18/20	9:00 a	78.9	79.4	78.3	100	78.9	0.0	NE	0.00	1.0	NE	78.9	86.6	86.6	90.8	29.785	0.00	0.00	188	8.09	236	1.7	0.36	2.1	0.000	0.290	79.6	97	78.7	87.7	21.75	 .0708	0.004	698	1	100.0	30
06/18/20	9:30 a	80.6	80.7	78.7	100	80.6	0.0	NE	0.00	2.0	NE	80.6	91.3	91.3	98.7	29.785	0.00	0.00	338	14.54	455	3.1	0.66	3.7	0.000	0.325	79.6	97	78.7	87.7	21.75	 .0708	0.000	702	1	100.0	30
06/18/20	10:00 a	81.1	81.6	80.5	100	81.1	0.0	NE	0.00	1.0	NE	81.1	92.8	92.8	98.5	29.086	0.00	0.00	258	11.10	394	2.9	0.62	4.2	0.000	0.335	82.3	93	80.1	94.1	21.30	 .0687	0.007	700	1	100.0	30
06/18/20	10:30 a	83.2	83.4	81.0	100	83.2	1.0	SSW	0.50	4.0	W	83.2	100.0	100.0	110.0	29.086	0.00	0.00	483	20.77	571	5.2	1.11	6.6	0.000	0.379	83.7	90	80.5	97.0	20.15	 .0684	0.000	701	1	100.0	30
06/18/20	11:00 a	83.9	84.4	83.1	100	83.9	1.0	SSW	0.50	4.0	SW	83.9	102.7	102.7	113.7	29.849	0.00	0.00	546	23.48	707	6.1	1.31	7.6	0.000	0.394	84.6	89	81.0	99.3	19.49	 .0701	0.013	699	1	100.0	30
06/18/20	11:30 a	82.4	84.2	82.1	100	82.4	0.0	SSW	0.00	2.0	SSW	82.4	97.1	97.1	103.5	29.693	0.00	0.00	286	12.30	443	3.4	0.73	4.9	0.000	0.363	84.6	89	81.0	99.3	19.49	 .0698	0.000	701	1	100.0	30
06/18/20	12:00 p	84.1	84.2	82.2	100	84.1	0.0	SSW	0.00	3.0	SSW	84.1	103.5	103.5	113.6	29.852	0.00	0.00	478	20.56	724	5.3	1.14	7.0	0.000	0.398	84.6	89	81.0	99.3	19.49	 .0702	0.010	701	1	100.0	30
06/18/20	12:30 p	85.4	85.8	84.0	100	85.4	1.0	S	0.50	4.0	S	85.4	109.8	109.8	123.0	29.852	0.00	0.00	761	32.73	1092	8.0	1.71	10.3	0.000	0.425	84.6	89	81.0	99.3	19.49	 .0702	0.000	702	1	100.0	30
06/18/20	1:00 p	87.4	88.0	85.4	100	87.4	1.0	S	0.50	5.0	S	87.4	124.5	124.5	138.4	29.852	0.00	0.00	1083	46.58	1178	9.8	2.10	10.8	0.000	0.467	84.6	89	81.0	99.3	19.49	 .0702	0.023	699	1	100.0	30
06/18/20	1:30 p	86.3	87.5	85.0	100	86.3	2.0	SE	1.00	8.0	N	86.3	115.4	115.4	127.9	29.852	0.00	0.00	853	36.68	1171	7.8	1.67	10.1	0.000	0.444	84.6	89	81.0	99.3	19.49	 .0702	0.000	697	1	100.0	30
06/18/20	2:00 p	85.9	86.9	85.3	100	85.9	1.0	S	0.50	5.0	SE	85.9	112.6	112.6	125.5	29.852	0.00	0.00	728	31.31	1018	6.0	1.29	8.2	0.000	0.435	84.6	89	81.0	99.3	19.49	 .0702	0.020	699	1	100.0	30
06/18/20	2:30 p	83.7	85.9	83.7	100	83.7	1.0	SSE	0.50	6.0	SSE	83.7	101.9	101.9	111.3	29.852	0.00	0.00	403	17.33	754	3.4	0.73	5.3	0.000	0.390	84.6	89	81.0	99.3	19.49	 .0702	0.000	700	1	100.0	30
06/18/20	3:00 p	83.2	83.8	83.1	100	83.2	1.0	SE	0.50	5.0	S	83.2	100.0	100.0	106.5	29.852	0.00	0.00	244	10.49	287	2.0	0.43	2.4	0.000	0.379	84.6	89	81.0	99.3	19.49	 .0702	0.008	703	1	100.0	30
06/18/20	3:30 p	82.9	83.4	82.5	100	82.9	0.0	SSE	0.00	3.0	SW	82.9	98.9	98.9	103.7	29.852	0.00	0.00	165	7.10	181	1.1	0.24	1.3	0.000	0.373	84.6	89	81.0	99.3	19.49	 .0702	0.000	700	1	100.0	30
06/18/20	4:00 p	82.3	83.2	82.3	100	82.3	0.0	ESE	0.00	2.0	ESE	82.3	96.8	96.8	101.3	29.852	0.00	0.00	136	5.85	149	0.8	0.17	0.9	0.000	0.360	84.6	89	81.0	99.3	19.49	 .0702	0.004	699	1	100.0	30
06/18/20	4:30 p	81.9	82.4	81.7	100	81.9	0.0	ESE	0.00	2.0	ESE	81.9	95.4	95.4	99.3	29.852	0.00	0.00	105	4.52	113	0.4	0.09	0.6	0.000	0.352	84.6	89	81.0	99.3	19.49	 .0702	0.000	701	1	100.0	30
06/18/20	5:00 p	81.4	81.8	81.3	100	81.4	0.0	ESE	0.00	1.0	ESE	81.4	93.8	93.8	96.4	29.852	0.00	0.00	66	2.84	90	0.0	0.00	0.0	0.000	0.342	84.6	89	81.0	99.3	19.49	 .0702	0.002	697	1	100.0	30
06/18/20	5:30 p	80.8	81.5	80.7	100	80.8	0.0	ESE	0.00	1.0	ESE	80.8	91.9	91.9	91.9	29.852	0.00	0.00	43	1.85	60	0.0	0.00	0.0	0.000	0.329	84.6	89	81.0	99.3	19.49	 .0702	0.000	702	1	100.0	30
06/18/20	6:00 p	79.8	80.8	79.8	100	79.8	0.0	---	0.00	0.0	---	79.8	89.0	89.0	88.1	29.852	0.00	0.00	7	0.30	23	0.0	0.00	0.0	0.000	0.308	84.6	89	81.0	99.3	19.49	 .0702	0.001	701	1	100.0	30
06/18/20	6:30 p	78.9	79.8	78.9	100	78.9	0.0	---	0.00	0.0	---	78.9	86.6	86.6	85.5	29.852	0.00	0.00	0	0.00	0	0.0	0.00	0.0	0.000	0.290	84.6	89	81.0	99.3	19.49	 .0702	0.000	702	1	100.0	30
06/18/20	7:00 p	78.3	78.9	78.3	100	78.3	0.0	---	0.00	0.0	---	78.3	85.1	85.1	84.0	29.852	0.00	0.00	0	0.00	0	0.0	0.00	0.0	0.000	0.277	84.6	89	81.0	99.3	19.49	 .0702	0.000	699	1	100.0	30
06/18/20	7:30 p	78.1	78.4	78.1	100	78.1	0.0	---	0.00	0.0	---	78.1	84.6	84.6	83.5	29.852	0.00	0.00	0	0.00	0	0.0	0.00	0.0	0.000	0.273	84.6	89	81.0	99.3	19.49	 .0702	0.000	698	1	100.0	30
06/18/20	8:00 p	78.1	78.2	78.0	100	78.1	0.0	---	0.00	0.0	---	78.1	84.6	84.6	83.5	29.852	0.00	0.00	0	0.00	0	0.0	0.00	0.0	0.000	0.273	84.6	89	81.0	99.3	19.49	 .0702	0.000	699	1	100.0	30
06/18/20	8:30 p	77.8	78.1	77.8	100	77.8	0.0	---	0.00	0.0	---	77.8	84.0	84.0	82.8	19.466	0.00	0.00	0	0.00	0	0.0	0.00	0.0	0.000	0.267	84.6	89	81.0	99.3	19.49	 .0448	0.000	701	1	100.0	30
06/18/20	9:00 p	77.5	77.8	77.4	100	77.5	0.0	---	0.00	0.0	---	77.5	83.3	83.3	82.1	19.466	0.00	0.00	0	0.00	0	0.0	0.00	0.0	0.000	0.260	84.6	89	81.0	99.3	19.49	 .0448	0.000	701	1	100.0	30
06/18/20	9:30 p	77.0	77.5	76.9	100	77.0	0.0	---	0.00	0.0	---	77.0	82.2	82.2	81.0	19.466	0.00	0.00	0	0.00	0	0.0	0.00	0.0	0.000	0.250	84.6	89	81.0	99.3	19.49	 .0448	0.000	699	1	100.0	30
06/18/20	10:00 p	76.8	77.0	76.7	100	76.8	0.0	---	0.00	0.0	---	76.8	81.8	81.8	80.6	19.466	0.00	0.00	0	0.00	0	0.0	0.00	0.0	0.000	0.246	84.6	89	81.0	99.3	19.49	 .0448	0.000	701	1	100.0	30
06/18/20	10:30 p	76.9	77.0	76.8	100	76.9	0.0	---	0.00	0.0	---	76.9	82.0	82.0	80.8	19.466	0.00	0.00	0	0.00	0	0.0	0.00	0.0	0.000	0.248	84.6	89	81.0	99.3	19.49	 .0448	0.000	702	1	100.0	30
06/18/20	11:00 p	76.5	76.9	76.4	100	76.5	0.0	---	0.00	0.0	---	76.5	81.3	81.3	80.1	19.466	0.00	0.00	0	0.00	0	0.0	0.00	0.0	0.000	0.240	84.6	89	81.0	99.3	19.49	 .0448	0.000	697	1	100.0	30
06/18/20	11:30 p	76.2	76.5	76.2	100	76.2	0.0	---	0.00	0.0	---	76.2	80.7	80.7	79.5	29.825	0.00	0.00	0	0.00	0	0.0	0.00	0.0	0.000	0.233	84.6	89	81.0	99.3	19.49	 .0701	0.000	699	1	100.0	30
06/19/20	12:00 a	75.8	76.3	75.8	100	75.8	0.0	---	0.00	0.0	---	75.8	80.0	80.0	78.7	29.828	0.00	0.00	0	0.00	0	0.0	0.00	0.0	0.000	0.225	84.6	89	81.0	99.3	19.49	 .0701	0.000	702	1	100.0	30
06/19/20	12:30 a	75.5	75.9	75.5	100	75.5	0.0	ESE	0.00	1.0	ESE	75.5	79.6	79.6	78.3	29.086	0.00	0.00	0	0.00	0	0.0	0.00	0.0	0.000	0.219	84.6	89	81.0	99.3	19.49	 .0683	0.000	699	1	100.0	30
06/19/20	1:00 a	75.3	75.6	75.3	100	75.3	0.0	---	0.00	0.0	---	75.3	79.3	79.3	78.0	29.086	0.00	0.00	0	0.00	0	0.0	0.00	0.0	0.000	0.215	84.6	89	81.0	99.3	19.49	 .0683	0.000	698	1	100.0	30
06/19/20	1:30 a	75.2	75.3	75.1	100	75.2	0.0	---	0.00	0.0	---	75.2	79.1	79.1	77.8	29.086	0.00	0.00	0	0.00	0	0.0	0.00	0.0	0.000	0.212	84.6	89	81.0	99.3	19.49	 .0683	0.000	702	1	100.0	30
06/19/20	2:00 a	74.9	75.3	74.9	100	74.9	0.0	---	0.00	0.0	---	74.9	78.7	78.7	77.4	29.086	0.00	0.00	0	0.00	0	0.0	0.00	0.0	0.000	0.206	84.6	89	81.0	99.3	19.49	 .0683	0.000	702	1	100.0	30
06/19/20	2:30 a	74.8	75.1	74.7	100	74.8	0.0	---	0.00	0.0	---	74.8	78.6	78.6	77.3	29.086	0.00	0.00	0	0.00	0	0.0	0.00	0.0	0.000	0.204	84.6	89	81.0	99.3	19.49	 .0683	0.000	700	1	100.0	30
06/19/20	3:00 a	74.8	74.9	74.7	100	74.8	0.0	---	0.00	0.0	---	74.8	78.6	78.6	77.3	29.086	0.00	0.00	0	0.00	0	0.0	0.00	0.0	0.000	0.204	84.6	89	81.0	99.3	19.49	 .0683	0.000	702	1	100.0	30
06/19/20	3:30 a	75.2	75.2	74.7	100	75.2	0.0	---	0.00	0.0	---	75.2	79.1	79.1	77.8	29.086	0.00	0.00	0	0.00	0	0.0	0.00	0.0	0.000	0.212	84.6	89	81.0	99.3	19.49	 .0683	0.000	701	1	100.0	30
06/19/20	4:00 a	75.1	75.2	75.0	100	75.1	0.0	---	0.00	0.0	---	75.1	78.9	78.9	77.6	29.086	0.00	0.00	0	0.00	0	0.0	0.00	0.0	0.000	0.210	84.6	89	81.0	99.3	19.49	 .0683	0.000	699	1	100.0	30
06/19/20	4:30 a	75.1	75.3	75.1	100	75.1	0.0	---	0.00	0.0	---	75.1	78.9	78.9	77.6	29.086	0.00	0.00	0	0.00	0	0.0	0.00	0.0	0.000	0.210	84.6	89	81.0	99.3	19.49	 .0683	0.000	702	1	100.0	30
06/19/20	5:00 a	74.8	75.2	74.8	100	74.8	0.0	---	0.00	0.0	---	74.8	78.6	78.6	77.3	29.086	0.00	0.00	0	0.00	0	0.0	0.00	0.0	0.000	0.204	84.6	89	81.0	99.3	19.49	 .0683	0.000	700	1	100.0	30
06/19/20	5:30 a	74.9	74.9	74.6	100	74.9	0.0	---	0.00	0.0	---	74.9	78.7	78.7	77.4	29.086	0.00	0.00	2	0.09	9	0.0	0.00	0.0	0.000	0.206	84.6	89	81.0	99.3	19.49	 .0683	0.000	701	1	100.0	30
06/19/20	6:00 a	75.2	75.2	74.8	100	75.2	0.0	---	0.00	0.0	---	75.2	79.1	79.1	78.3	29.086	0.00	0.00	19	0.82	30	0.0	0.00	0.0	0.000	0.212	84.6	89	81.0	99.3	19.49	 .0683	0.000	698	1	100.0	30
06/19/20	6:30 a	76.1	76.2	75.2	100	76.1	0.0	---	0.00	0.0	---	76.1	80.5	80.5	81.7	29.086	0.00	0.00	41	1.76	51	0.0	0.00	0.0	0.000	0.231	84.6	89	81.0	99.3	19.49	 .0683	0.000	703	1	100.0	30
06/19/20	7:00 a	77.1	77.1	76.1	100	77.1	0.0	---	0.00	0.0	---	77.1	82.4	82.4	83.5	29.086	0.00	0.00	44	1.89	60	0.0	0.00	0.7	0.000	0.252	84.6	89	81.0	99.3	19.49	 .0683	0.001	701	1	100.0	30
06/19/20	7:30 a	78.7	78.7	77.1	100	78.7	0.0	SW	0.00	2.0	SW	78.7	86.1	86.1	90.8	29.086	0.00	0.00	155	6.67	218	1.0	0.21	1.3	0.000	0.285	84.6	89	81.0	99.3	19.49	 .0683	0.000	699	1	100.0	30
06/19/20	8:00 a	79.9	80.2	78.7	100	79.9	0.0	SW	0.00	3.0	NNE	79.9	89.3	89.3	100.4	29.086	0.00	0.00	449	19.31	555	2.0	0.43	2.3	0.000	0.310	81.0	89	77.4	88.9	19.85	 .0690	0.007	700	1	100.0	30
06/19/20	8:30 a	82.0	82.0	79.3	100	82.0	1.0	SE	0.50	4.0	S	82.0	95.7	95.7	106.7	29.086	0.00	0.00	480	20.64	649	2.8	0.60	3.4	0.000	0.354	82.0	94	80.1	93.5	21.39	 .0687	0.000	700	1	100.0	30
06/19/20	9:00 a	83.9	84.0	81.7	100	83.9	1.0	SE	0.50	5.0	SSE	83.9	102.7	102.7	113.7	29.086	0.00	0.00	511	21.98	628	3.2	0.69	3.5	0.000	0.394	82.0	94	80.1	93.5	21.39	 .0687	0.012	698	1	100.0	30
06/19/20	9:30 a	83.3	84.1	83.3	100	83.3	1.0	SSE	0.50	5.0	SE	83.3	100.4	100.4	111.0	29.086	0.00	0.00	508	21.85	664	3.6	0.77	3.9	0.000	0.381	82.0	94	80.1	93.5	21.39	 .0687	0.000	701	1	100.0	30
06/19/20	10:00 a	85.1	85.2	83.1	100	85.1	1.0	S	0.50	4.0	SSE	85.1	108.2	108.2	120.0	29.086	0.00	0.00	606	26.06	684	4.9	1.05	6.0	0.000	0.419	82.0	94	80.1	93.5	21.39	 .0687	0.014	697	1	100.0	30
06/19/20	10:30 a	85.6	85.7	84.3	100	85.6	1.0	SE	0.50	4.0	S	85.6	111.0	111.0	122.5	29.086	0.00	0.00	580	24.94	981	6.5	1.39	8.9	0.000	0.429	82.0	94	80.1	93.5	21.39	 .0687	0.000	700	1	100.0	30
06/19/20	11:00 a	85.5	85.9	84.4	100	85.5	2.0	SE	1.00	5.0	S	85.5	110.4	110.4	123.5	29.086	0.00	0.00	741	31.87	981	8.2	1.76	9.3	0.000	0.427	82.0	94	80.1	93.5	21.39	 .0687	0.017	701	1	100.0	30
06/19/20	11:30 a	86.3	86.6	84.1	100	86.3	2.0	S	1.00	7.0	SSE	86.3	115.4	115.4	128.9	29.086	0.00	0.00	870	37.41	1167	8.8	1.89	10.8	0.000	0.444	82.0	94	80.1	93.5	21.39	 .0687	0.000	696	1	100.0	30
06/19/20	12:00 p	84.9	86.3	84.9	100	84.9	2.0	ESE	1.00	10.0	SSE	84.9	107.2	107.2	120.6	29.086	0.00	0.00	841	36.17	1153	8.0	1.71	10.6	0.000	0.415	82.0	94	80.1	93.5	21.39	 .0687	0.022	698	1	100.0	30
06/19/20	12:30 p	83.3	84.8	83.3	100	83.3	1.0	SE	0.50	6.0	S	83.3	100.4	100.4	109.7	29.086	0.00	0.00	440	18.92	659	5.1	1.09	6.7	0.000	0.381	82.0	94	80.1	93.5	21.39	 .0687	0.000	700	1	100.0	30
06/19/20	1:00 p	82.0	83.3	82.0	100	82.0	1.0	SE	0.50	4.0	SSE	82.0	95.7	95.7	102.9	29.086	0.01	0.00	329	14.15	394	3.8	0.81	4.2	0.000	0.354	82.0	94	80.1	93.5	21.39	 .0687	0.010	700	1	100.0	30
06/19/20	1:30 p	83.5	84.0	82.0	100	83.5	1.0	SSE	0.50	4.0	SSE	83.5	101.1	101.1	111.8	29.086	0.00	0.00	522	22.45	928	5.3	1.14	7.5	0.000	0.385	82.0	94	80.1	93.5	21.39	 .0687	0.000	697	1	100.0	30
06/19/20	2:00 p	84.2	84.9	82.8	100	84.2	1.0	SE	0.50	8.0	E	84.2	104.0	104.0	114.4	29.086	0.00	0.00	484	20.81	990	4.8	1.03	6.8	0.000	0.400	82.0	94	80.1	93.5	21.39	 .0687	0.014	702	1	100.0	30
06/19/20	2:30 p	83.8	85.2	83.5	100	83.8	2.0	SSE	1.00	10.0	SSE	83.8	102.3	102.3	111.5	29.086	0.00	0.00	397	17.07	737	3.6	0.77	4.9	0.000	0.392	82.0	94	80.1	93.5	21.39	 .0687	0.000	696	1	100.0	30
06/19/20	3:00 p	83.8	84.6	83.8	100	83.8	2.0	SE	1.00	9.0	ESE	83.8	102.3	102.3	112.5	29.086	0.00	0.00	409	17.59	779	3.1	0.66	4.7	0.000	0.392	82.0	94	80.1	93.5	21.39	 .0687	0.012	700	1	100.0	30
06/19/20	3:30 p	81.8	83.7	81.8	100	81.8	1.0	SE	0.50	7.0	SSE	81.8	95.1	95.1	98.2	29.086	0.00	0.00	111	4.77	218	0.7	0.15	1.8	0.000	0.350	82.0	94	80.1	93.5	21.39	 .0687	0.000	698	1	100.0	30
06/19/20	4:00 p	79.1	81.8	79.1	100	79.1	2.0	ESE	1.00	9.0	WSW	79.1	87.1	87.1	86.6	29.086	0.30	2.58	6	0.26	21	0.0	0.00	0.0	0.000	0.294	82.0	94	80.1	93.5	21.39	 .0687	0.001	702	1	100.0	30
06/19/20	4:30 p	78.4	79.1	78.3	100	78.4	1.0	E	0.50	7.0	NE	78.4	85.4	85.4	84.7	29.086	0.52	2.98	0	0.00	5	0.0	0.00	0.0	0.000	0.279	82.0	94	80.1	93.5	21.39	 .0687	0.000	698	1	100.0	30
06/19/20	5:00 p	77.1	78.3	77.0	100	77.1	1.0	SSE	0.50	4.0	SSE	77.1	82.4	82.4	81.6	29.086	1.59	6.70	0	0.00	0	0.0	0.00	0.0	0.000	0.252	82.0	94	80.1	93.5	21.39	 .0687	0.000	698	1	100.0	30
06/19/20	5:30 p	77.5	77.6	77.1	100	77.5	1.0	ESE	0.50	5.0	S	77.5	83.3	83.3	82.3	29.086	0.98	4.40	0	0.00	0	0.0	0.00	0.0	0.000	0.260	82.0	94	80.1	93.5	21.39	 .0687	0.000	697	1	100.0	30
06/19/20	6:00 p	77.3	77.6	77.3	100	77.3	1.0	SE	0.50	4.0	E	77.3	82.9	82.9	81.9	29.086	0.36	1.57	0	0.00	0	0.0	0.00	0.0	0.000	0.256	82.0	94	80.1	93.5	21.39	 .0687	0.000	696	1	100.0	30
06/19/20	6:30 p	77.2	77.3	77.1	100	77.2	0.0	SE	0.00	1.0	SE	77.2	82.6	82.6	81.6	29.086	0.04	0.17	0	0.00	0	0.0	0.00	0.0	0.000	0.254	82.0	94	80.1	93.5	21.39	 .0687	0.000	698	1	100.0	30
06/19/20	7:00 p	77.1	77.3	77.1	100	77.1	0.0	SE	0.00	1.0	SE	77.1	82.4	82.4	81.4	29.086	0.01	0.06	0	0.00	0	0.0	0.00	0.0	0.000	0.252	82.0	94	80.1	93.5	21.39	 .0687	0.000	701	1	100.0	30
06/19/20	7:30 p	76.8	77.2	76.8	100	76.8	0.0	SE	0.00	1.0	SE	76.8	81.8	81.8	80.8	29.086	0.00	0.00	0	0.00	0	0.0	0.00	0.0	0.000	0.246	82.0	94	80.1	93.5	21.39	 .0687	0.000	700	1	100.0	30
06/19/20	8:00 p	76.5	76.8	76.5	100	76.5	0.0	SE	0.00	1.0	SE	76.5	81.3	81.3	80.3	29.086	0.00	0.00	0	0.00	0	0.0	0.00	0.0	0.000	0.240	82.0	94	80.1	93.5	21.39	 .0687	0.000	699	1	100.0	30
06/19/20	8:30 p	76.3	76.5	76.3	100	76.3	0.0	SE	0.00	2.0	SE	76.3	80.9	80.9	79.9	29.086	0.00	0.00	0	0.00	0	0.0	0.00	0.0	0.000	0.235	82.0	94	80.1	93.5	21.39	 .0687	0.000	700	1	100.0	30
06/19/20	9:00 p	76.4	76.4	76.2	100	76.4	0.0	NNE	0.00	3.0	NNE	76.4	81.1	81.1	80.1	29.086	0.00	0.00	0	0.00	0	0.0	0.00	0.0	0.000	0.238	82.0	94	80.1	93.5	21.39	 .0687	0.000	700	1	100.0	30
06/19/20	9:30 p	76.4	76.5	76.4	100	76.4	0.0	NNE	0.00	2.0	NNE	76.4	81.1	81.1	80.1	29.086	0.01	0.00	0	0.00	0	0.0	0.00	0.0	0.000	0.238	82.0	94	80.1	93.5	21.39	 .0687	0.000	701	1	100.0	30
06/19/20	10:00 p	76.4	76.5	76.3	100	76.4	0.0	NNE	0.00	1.0	NNE	76.4	81.1	81.1	80.1	29.086	0.01	0.00	0	0.00	0	0.0	0.00	0.0	0.000	0.238	82.0	94	80.1	93.5	21.39	 .0687	0.000	702	1	100.0	30
06/19/20	10:30 p	76.0	76.4	76.0	100	76.0	0.0	NNE	0.00	1.0	NNE	76.0	80.3	80.3	79.3	29.086	0.00	0.00	0	0.00	0	0.0	0.00	0.0	0.000	0.229	82.0	94	80.1	93.5	21.39	 .0687	0.000	702	1	100.0	30
06/19/20	11:00 p	75.8	76.0	75.7	100	75.8	0.0	---	0.00	0.0	---	75.8	80.0	80.0	78.9	29.086	0.00	0.00	0	0.00	0	0.0	0.00	0.0	0.000	0.225	82.0	94	80.1	93.5	21.39	 .0687	0.000	701	1	100.0	30
06/19/20	11:30 p	75.7	75.8	75.7	100	75.7	0.0	NNE	0.00	1.0	NNE	75.7	79.8	79.8	78.7	29.086	0.00	0.00	0	0.00	0	0.0	0.00	0.0	0.000	0.223	82.0	94	80.1	93.5	21.39	 .0687	0.000	702	1	100.0	30
06/20/20	12:00 a	75.8	75.8	75.6	100	75.8	0.0	NNE	0.00	1.0	NNE	75.8	80.0	80.0	78.9	29.086	0.00	0.00	0	0.00	0	0.0	0.00	0.0	0.000	0.225	82.0	94	80.1	93.5	21.39	 .0687	0.000	700	1	100.0	30
06/20/20	12:30 a	75.6	75.8	75.5	100	75.6	0.0	---	0.00	0.0	---	75.6	79.7	79.7	78.6	29.086	0.00	0.00	0	0.00	0	0.0	0.00	0.0	0.000	0.221	82.0	94	80.1	93.5	21.39	 .0687	0.000	699	1	100.0	30
06/20/20	1:00 a	75.3	75.7	75.3	100	75.3	0.0	NNE	0.00	1.0	NNE	75.3	79.3	79.3	78.2	29.086	0.00	0.00	0	0.00	0	0.0	0.00	0.0	0.000	0.215	82.0	94	80.1	93.5	21.39	 .0687	0.000	701	1	100.0	30
06/20/20	1:30 a	74.8	75.3	74.8	100	74.8	0.0	NNE	0.00	1.0	NNE	74.8	78.6	78.6	77.5	29.086	0.00	0.00	0	0.00	0	0.0	0.00	0.0	0.000	0.204	82.0	94	80.1	93.5	21.39	 .0687	0.000	699	1	100.0	30
06/20/20	2:00 a	74.7	74.9	74.7	100	74.7	0.0	NNE	0.00	1.0	NNE	74.7	78.4	78.4	77.3	29.086	0.00	0.00	0	0.00	0	0.0	0.00	0.0	0.000	0.202	82.0	94	80.1	93.5	21.39	 .0687	0.000	701	1	100.0	30
06/20/20	2:30 a	74.6	74.7	74.5	100	74.6	0.0	NNE	0.00	1.0	NNE	74.6	78.3	78.3	77.2	29.086	0.00	0.00	0	0.00	0	0.0	0.00	0.0	0.000	0.200	82.0	94	80.1	93.5	21.39	 .0687	0.000	701	1	100.0	30
06/20/20	3:00 a	74.4	74.7	74.4	100	74.4	0.0	---	0.00	0.0	---	74.4	78.1	78.1	77.0	29.086	0.00	0.00	0	0.00	0	0.0	0.00	0.0	0.000	0.196	82.0	94	80.1	93.5	21.39	 .0687	0.000	700	1	100.0	30
06/20/20	3:30 a	74.3	74.5	74.1	100	74.3	0.0	---	0.00	0.0	---	74.3	78.0	78.0	76.9	29.086	0.00	0.00	0	0.00	0	0.0	0.00	0.0	0.000	0.194	82.0	94	80.1	93.5	21.39	 .0687	0.000	702	1	100.0	30
06/20/20	4:00 a	74.1	74.3	74.0	100	74.1	0.0	NNE	0.00	1.0	NNE	74.1	77.7	77.7	76.6	29.086	0.00	0.00	0	0.00	0	0.0	0.00	0.0	0.000	0.190	82.0	94	80.1	93.5	21.39	 .0687	0.000	702	1	100.0	30
06/20/20	4:30 a	74.2	74.3	74.0	100	74.2	0.0	---	0.00	0.0	---	74.2	77.8	77.8	76.7	29.086	0.00	0.00	0	0.00	0	0.0	0.00	0.0	0.000	0.192	82.0	94	80.1	93.5	21.39	 .0687	0.000	702	1	100.0	30
06/20/20	5:00 a	74.1	74.4	74.1	100	74.1	0.0	---	0.00	0.0	---	74.1	77.7	77.7	76.6	29.086	0.00	0.00	0	0.00	0	0.0	0.00	0.0	0.000	0.190	82.0	94	80.1	93.5	21.39	 .0687	0.000	703	1	100.0	30
06/20/20	5:30 a	74.2	74.3	74.0	100	74.2	0.0	---	0.00	0.0	---	74.2	77.8	77.8	76.7	29.086	0.00	0.00	1	0.04	9	0.0	0.00	0.0	0.000	0.192	82.0	94	80.1	93.5	21.39	 .0687	0.000	701	1	100.0	30
06/20/20	6:00 a	75.0	75.0	74.2	100	75.0	0.0	---	0.00	0.0	---	75.0	78.8	78.8	78.3	29.086	0.00	0.00	22	0.95	40	0.0	0.00	0.0	0.000	0.208	82.0	94	80.1	93.5	21.39	 .0687	0.000	700	1	100.0	30
06/20/20	6:30 a	75.8	75.8	75.0	100	75.8	0.0	---	0.00	0.0	---	75.8	80.0	80.0	82.3	29.086	0.00	0.00	67	2.88	90	0.0	0.00	0.0	0.000	0.225	82.0	94	80.1	93.5	21.39	 .0687	0.000	701	1	100.0	30
06/20/20	7:00 a	77.3	77.3	75.8	100	77.3	0.0	NNE	0.00	1.0	NNE	77.3	82.9	82.9	86.1	29.086	0.00	0.00	96	4.13	123	0.3	0.06	0.6	0.000	0.256	82.0	94	80.1	93.5	21.39	 .0687	0.002	700	1	100.0	30
06/20/20	7:30 a	78.1	78.3	76.9	100	78.1	0.0	NW	0.00	1.0	NW	78.1	84.6	84.6	90.5	29.086	0.00	0.00	192	8.26	241	1.0	0.21	1.3	0.000	0.273	82.0	94	80.1	93.5	21.39	 .0687	0.000	701	1	100.0	30
06/20/20	8:00 a	78.9	79.0	78.0	100	78.9	0.0	NW	0.00	1.0	NW	78.9	86.6	86.6	92.0	29.086	0.00	0.00	199	8.56	279	1.4	0.30	1.5	0.000	0.290	82.0	94	80.1	93.5	21.39	 .0687	0.005	698	1	100.0	30
06/20/20	8:30 a	78.8	79.1	78.4	100	78.8	1.0	SSW	0.50	4.0	SSW	78.8	86.3	86.3	90.1	29.086	0.00	0.00	159	6.84	176	1.3	0.28	1.5	0.000	0.288	82.0	94	80.1	93.5	21.39	 .0687	0.000	702	1	100.0	30
06/20/20	9:00 a	79.9	80.0	78.6	100	79.9	0.0	SSW	0.00	1.0	SSW	79.9	89.3	89.3	94.0	29.086	0.00	0.00	208	8.95	279	2.1	0.45	2.8	0.000	0.310	82.0	94	80.1	93.5	21.39	 .0687	0.005	700	1	100.0	30
06/20/20	9:30 a	79.3	80.3	79.2	100	79.3	0.0	SSW	0.00	2.0	SSW	79.3	87.6	87.6	94.0	29.086	0.00	0.00	290	12.47	452	2.5	0.54	3.4	0.000	0.298	82.0	94	80.1	93.5	21.39	 .0687	0.000	700	1	100.0	30
06/20/20	10:00 a	79.3	79.5	78.8	100	79.3	1.0	SSW	0.50	5.0	SSW	79.3	87.6	87.6	91.8	29.086	0.00	0.00	198	8.52	241	2.1	0.45	2.8	0.000	0.298	82.0	94	80.1	93.5	21.39	 .0687	0.006	702	1	100.0	30
06/20/20	10:30 a	79.4	80.1	79.2	100	79.4	1.0	SSE	0.50	4.0	SSE	79.4	87.9	87.9	93.9	29.086	0.00	0.00	275	11.83	336	2.9	0.62	3.3	0.000	0.300	82.0	94	80.1	93.5	21.39	 .0687	0.000	697	1	100.0	30
06/20/20	11:00 a	79.0	79.4	78.5	100	79.0	2.0	ESE	1.00	7.0	ESE	79.0	86.8	86.8	93.1	29.086	0.00	0.00	289	12.43	346	2.9	0.62	3.5	0.000	0.292	82.0	94	80.1	93.5	21.39	 .0687	0.007	702	1	100.0	30
06/20/20	11:30 a	79.5	79.5	78.9	100	79.5	1.0	SE	0.50	5.0	SE	79.5	88.2	88.2	94.7	29.086	0.00	0.00	294	12.64	380	3.1	0.66	3.9	0.000	0.302	82.0	94	80.1	93.5	21.39	 .0687	0.000	701	1	100.0	30
06/20/20	12:00 p	81.5	81.5	79.4	100	81.5	1.0	NNE	0.50	5.0	NE	81.5	94.1	94.1	104.4	29.086	0.00	0.00	500	21.50	563	5.1	1.09	5.8	0.000	0.344	82.0	94	80.1	93.5	21.39	 .0687	0.010	702	1	100.0	30
06/20/20	12:30 p	81.4	82.3	81.3	100	81.4	1.0	ESE	0.50	4.0	SSE	81.4	93.8	93.8	102.0	29.086	0.00	0.00	381	16.39	526	4.1	0.88	5.4	0.000	0.342	82.0	94	80.1	93.5	21.39	 .0687	0.000	697	1	100.0	30
06/20/20	1:00 p	81.6	82.4	81.2	100	81.6	0.0	S	0.00	3.0	SSE	81.6	94.4	94.4	102.7	29.086	0.00	0.00	392	16.86	445	4.2	0.90	4.6	0.000	0.346	82.0	94	80.1	93.5	21.39	 .0687	0.010	701	1	100.0	30
06/20/20	1:30 p	81.4	82.0	81.3	100	81.4	0.0	E	0.00	3.0	NE	81.4	93.8	93.8	100.9	29.086	0.00	0.00	322	13.85	378	3.4	0.73	4.0	0.000	0.342	82.0	94	80.1	93.5	21.39	 .0687	0.000	701	1	100.0	30
06/20/20	2:00 p	80.2	81.4	80.2	100	80.2	0.0	W	0.00	2.0	WSW	80.2	90.2	90.2	95.1	29.086	0.01	0.00	220	9.46	264	2.2	0.47	2.8	0.000	0.317	82.0	94	80.1	93.5	21.39	 .0687	0.007	703	1	100.0	30
06/20/20	2:30 p	80.7	80.8	79.6	100	80.7	0.0	WSW	0.00	1.0	WSW	80.7	91.6	91.6	97.1	29.086	0.00	0.00	227	9.76	265	2.1	0.45	2.3	0.000	0.327	82.0	94	80.1	93.5	21.39	 .0687	0.000	702	1	100.0	30
06/20/20	3:00 p	80.5	81.0	80.1	100	80.5	0.0	WSW	0.00	1.0	WSW	80.5	91.1	91.1	96.9	29.086	0.00	0.00	223	9.59	248	1.8	0.39	1.8	0.000	0.323	82.0	94	80.1	93.5	21.39	 .0687	0.006	701	1	100.0	30
06/20/20	3:30 p	80.5	80.7	80.1	100	80.5	0.0	WSW	0.00	3.0	SE	80.5	91.1	91.1	96.6	29.086	0.00	0.00	190	8.17	246	1.3	0.28	1.8	0.000	0.323	82.0	94	80.1	93.5	21.39	 .0687	0.000	702	1	100.0	30
06/20/20	4:00 p	79.2	80.5	79.2	100	79.2	0.0	ESE	0.00	4.0	ESE	79.2	87.4	87.4	90.1	29.086	0.01	0.00	89	3.83	123	0.4	0.09	0.8	0.000	0.296	82.0	94	80.1	93.5	21.39	 .0687	0.003	700	1	100.0	30
06/20/20	4:30 p	78.9	79.7	78.8	100	78.9	1.0	ENE	0.50	4.0	NE	78.9	86.6	86.6	89.2	29.086	0.00	0.00	76	3.27	95	0.0	0.00	0.0	0.000	0.290	82.0	94	80.1	93.5	21.39	 .0687	0.000	701	1	100.0	30
06/20/20	5:00 p	78.6	79.0	78.3	100	78.6	1.0	ENE	0.50	4.0	ESE	78.6	85.8	85.8	87.4	29.086	0.00	0.00	45	1.94	58	0.0	0.00	0.0	0.000	0.283	82.0	94	80.1	93.5	21.39	 .0687	0.001	699	1	100.0	30
06/20/20	5:30 p	78.4	78.7	78.2	100	78.4	0.0	ENE	0.00	2.0	ENE	78.4	85.4	85.4	85.3	29.693	0.00	0.00	38	1.63	54	0.0	0.00	0.0	0.000	0.279	82.0	94	80.1	93.5	21.39	 .0702	0.000	700	1	100.0	30
06/20/20	6:00 p	77.8	78.4	77.6	100	77.8	0.0	ENE	0.00	1.0	ENE	77.8	84.0	84.0	83.1	29.807	0.00	0.00	7	0.30	23	0.0	0.00	0.0	0.000	0.267	82.0	94	80.1	93.5	21.39	 .0705	0.001	696	1	100.0	30
06/20/20	6:30 p	76.9	77.8	76.9	100	76.9	0.0	ENE	0.00	1.0	ENE	76.9	82.0	82.0	80.9	29.807	0.00	0.00	0	0.00	0	0.0	0.00	0.0	0.000	0.248	82.0	94	80.1	93.5	21.39	 .0705	0.000	701	1	100.0	30
06/20/20	7:00 p	76.5	76.9	76.4	100	76.5	0.0	---	0.00	0.0	---	76.5	81.3	81.3	80.2	29.807	0.00	0.00	0	0.00	0	0.0	0.00	0.0	0.000	0.240	82.0	94	80.1	93.5	21.39	 .0705	0.000	697	1	100.0	30
06/20/20	7:30 p	76.2	76.6	76.2	100	76.2	0.0	---	0.00	0.0	---	76.2	80.7	80.7	79.6	29.087	0.00	0.00	0	0.00	0	0.0	0.00	0.0	0.000	0.233	82.0	94	80.1	93.5	21.39	 .0687	0.000	701	1	100.0	30
06/20/20	8:00 p	76.1	76.3	76.1	100	76.1	0.0	---	0.00	0.0	---	76.1	80.5	80.5	79.4	29.815	0.00	0.00	0	0.00	0	0.0	0.00	0.0	0.000	0.231	82.0	94	80.1	93.5	21.39	 .0705	0.000	697	1	100.0	30
06/20/20	8:30 p	75.8	76.1	75.8	100	75.8	0.0	---	0.00	0.0	---	75.8	80.0	80.0	78.8	29.815	0.00	0.00	0	0.00	0	0.0	0.00	0.0	0.000	0.225	82.0	94	80.1	93.5	21.39	 .0705	0.000	701	1	100.0	30
06/20/20	9:00 p	75.7	75.9	75.7	100	75.7	0.0	---	0.00	0.0	---	75.7	79.8	79.8	78.6	29.815	0.00	0.00	0	0.00	0	0.0	0.00	0.0	0.000	0.223	82.0	94	80.1	93.5	21.39	 .0705	0.000	696	1	100.0	30
06/20/20	9:30 p	75.8	75.8	75.6	100	75.8	0.0	---	0.00	0.0	---	75.8	80.0	80.0	78.8	29.815	0.00	0.00	0	0.00	0	0.0	0.00	0.0	0.000	0.225	82.0	94	80.1	93.5	21.39	 .0705	0.000	700	1	100.0	30
06/20/20	10:00 p	75.7	75.9	75.6	100	75.7	0.0	---	0.00	0.0	---	75.7	79.8	79.8	78.6	29.815	0.00	0.00	0	0.00	0	0.0	0.00	0.0	0.000	0.223	82.0	94	80.1	93.5	21.39	 .0705	0.000	702	1	100.0	30
06/20/20	10:30 p	75.4	75.7	75.4	100	75.4	0.0	---	0.00	0.0	---	75.4	79.4	79.4	78.2	29.815	0.00	0.00	0	0.00	0	0.0	0.00	0.0	0.000	0.217	82.0	94	80.1	93.5	21.39	 .0705	0.000	701	1	100.0	30
06/20/20	11:00 p	75.3	75.5	75.3	100	75.3	0.0	---	0.00	0.0	---	75.3	79.3	79.3	78.1	29.815	0.00	0.00	0	0.00	0	0.0	0.00	0.0	0.000	0.215	82.0	94	80.1	93.5	21.39	 .0705	0.000	699	1	100.0	30
06/20/20	11:30 p	75.4	75.5	75.2	100	75.4	0.0	---	0.00	0.0	---	75.4	79.4	79.4	78.2	29.815	0.00	0.00	0	0.00	0	0.0	0.00	0.0	0.000	0.217	82.0	94	80.1	93.5	21.39	 .0705	0.000	700	1	100.0	30
06/21/20	12:00 a	75.3	75.6	75.3	100	75.3	0.0	---	0.00	0.0	---	75.3	79.3	79.3	78.1	29.815	0.00	0.00	0	0.00	0	0.0	0.00	0.0	0.000	0.215	82.0	94	80.1	93.5	21.39	 .0705	0.000	700	1	100.0	30
06/21/20	12:30 a	75.3	75.5	75.2	100	75.3	0.0	---	0.00	0.0	---	75.3	79.3	79.3	78.1	29.815	0.00	0.00	0	0.00	0	0.0	0.00	0.0	0.000	0.215	82.0	94	80.1	93.5	21.39	 .0705	0.000	698	1	100.0	30
06/21/20	1:00 a	75.2	75.5	75.2	100	75.2	0.0	---	0.00	0.0	---	75.2	79.1	79.1	77.9	29.815	0.00	0.00	0	0.00	0	0.0	0.00	0.0	0.000	0.212	82.0	94	80.1	93.5	21.39	 .0705	0.000	701	1	100.0	30
06/21/20	1:30 a	75.0	75.3	74.9	100	75.0	0.0	---	0.00	0.0	---	75.0	78.8	78.8	77.6	19.390	0.00	0.00	0	0.00	0	0.0	0.00	0.0	0.000	0.208	82.0	94	80.1	93.5	21.39	 .0449	0.000	700	1	100.0	30
06/21/20	2:00 a	74.9	75.0	74.8	100	74.9	0.0	---	0.00	0.0	---	74.9	78.7	78.7	77.5	19.390	0.00	0.00	0	0.00	0	0.0	0.00	0.0	0.000	0.206	82.0	94	80.1	93.5	21.39	 .0449	0.000	702	1	100.0	30
06/21/20	2:30 a	74.6	74.9	74.5	100	74.6	0.0	---	0.00	0.0	---	74.6	78.3	78.3	77.1	19.390	0.00	0.00	0	0.00	0	0.0	0.00	0.0	0.000	0.200	82.0	94	80.1	93.5	21.39	 .0449	0.000	695	1	100.0	30
06/21/20	3:00 a	74.5	74.6	74.4	100	74.5	0.0	---	0.00	0.0	---	74.5	78.2	78.2	77.0	19.390	0.00	0.00	0	0.00	0	0.0	0.00	0.0	0.000	0.198	82.0	94	80.1	93.5	21.39	 .0449	0.000	701	1	100.0	30
06/21/20	3:30 a	74.2	74.6	74.2	100	74.2	0.0	---	0.00	0.0	---	74.2	77.8	77.8	76.6	19.390	0.00	0.00	0	0.00	0	0.0	0.00	0.0	0.000	0.192	82.0	94	80.1	93.5	21.39	 .0449	0.000	700	1	100.0	30
06/21/20	4:00 a	74.2	74.3	74.0	100	74.2	0.0	---	0.00	0.0	---	74.2	77.8	77.8	76.6	19.390	0.00	0.00	0	0.00	0	0.0	0.00	0.0	0.000	0.192	82.0	94	80.1	93.5	21.39	 .0449	0.000	701	1	100.0	30
06/21/20	4:30 a	74.0	74.3	74.0	100	74.0	0.0	ENE	0.00	1.0	ENE	74.0	77.6	77.6	76.4	29.798	0.00	0.00	0	0.00	0	0.0	0.00	0.0	0.000	0.188	82.0	94	80.1	93.5	21.39	 .0704	0.000	700	1	100.0	30
06/21/20	5:00 a	74.0	74.4	73.9	100	74.0	0.0	---	0.00	0.0	---	74.0	77.6	77.6	76.4	29.798	0.00	0.00	0	0.00	0	0.0	0.00	0.0	0.000	0.188	82.0	94	80.1	93.5	21.39	 .0704	0.000	697	1	100.0	30
06/21/20	5:30 a	74.1	74.1	73.8	100	74.1	0.0	---	0.00	0.0	---	74.1	77.7	77.7	76.5	29.798	0.00	0.00	1	0.04	7	0.0	0.00	0.0	0.000	0.190	82.0	94	80.1	93.5	21.39	 .0704	0.000	699	1	100.0	30
06/21/20	6:00 a	74.3	74.4	74.0	100	74.3	0.0	---	0.00	0.0	---	74.3	78.0	78.0	77.1	29.798	0.00	0.00	13	0.56	25	0.0	0.00	0.0	0.000	0.194	82.0	94	80.1	93.5	21.39	 .0704	0.000	701	1	100.0	30
06/21/20	6:30 a	75.2	75.3	74.3	100	75.2	0.0	---	0.00	0.0	---	75.2	79.1	79.1	80.1	29.798	0.00	0.00	37	1.59	90	0.0	0.00	0.0	0.000	0.212	82.0	94	80.1	93.5	21.39	 .0704	0.000	701	1	100.0	30
06/21/20	7:00 a	76.8	76.8	75.3	100	76.8	0.0	---	0.00	0.0	---	76.8	81.8	81.8	84.9	29.798	0.00	0.00	94	4.04	135	0.4	0.09	0.6	0.000	0.246	82.0	94	80.1	93.5	21.39	 .0704	0.002	700	1	100.0	30
06/21/20	7:30 a	77.3	77.4	76.5	100	77.3	0.0	---	0.00	0.0	---	77.3	82.9	82.9	85.9	29.798	0.00	0.00	105	4.52	206	1.0	0.21	1.5	0.000	0.256	82.0	94	80.1	93.5	21.39	 .0704	0.000	702	1	100.0	30
06/21/20	8:00 a	78.2	78.6	77.3	100	78.2	0.0	ENE	0.00	2.0	ENE	78.2	84.9	84.9	91.0	29.798	0.00	0.00	222	9.55	603	1.3	0.28	1.9	0.000	0.275	82.0	94	80.1	93.5	21.39	 .0704	0.004	701	1	100.0	30
06/21/20	8:30 a	79.1	79.2	78.3	100	79.1	0.0	ENE	0.00	2.0	ENE	79.1	87.1	87.1	90.7	29.798	0.00	0.00	151	6.49	610	1.9	0.41	3.2	0.000	0.294	82.0	94	80.1	93.5	21.39	 .0704	0.000	701	1	100.0	30
06/21/20	9:00 a	79.9	80.3	79.1	100	79.9	0.0	ENE	0.00	2.0	ENE	79.9	89.3	89.3	95.6	29.798	0.00	0.00	273	11.74	385	2.6	0.56	3.1	0.000	0.310	82.0	94	80.1	93.5	21.39	 .0704	0.006	701	1	100.0	30
06/21/20	9:30 a	82.1	82.1	79.9	100	82.1	1.0	ENE	0.50	4.0	NNE	82.1	96.0	96.0	107.1	29.798	0.00	0.00	551	23.70	921	3.2	0.69	3.6	0.000	0.356	82.0	94	80.1	93.5	21.39	 .0704	0.000	702	1	100.0	30
06/21/20	10:00 a	83.8	85.1	82.1	100	83.8	1.0	SSW	0.50	5.0	SSE	83.8	102.3	102.3	115.2	29.798	0.00	0.00	752	32.34	1044	4.6	0.99	7.1	0.000	0.392	82.0	94	80.1	93.5	21.39	 .0704	0.017	702	1	100.0	30
06/21/20	10:30 a	84.4	84.4	82.2	100	84.4	1.0	SSW	0.50	4.0	SSE	84.4	104.9	104.9	112.5	29.798	0.00	0.00	346	14.88	914	4.9	1.05	8.1	0.000	0.404	82.0	94	80.1	93.5	21.39	 .0704	0.000	699	1	100.0	30
06/21/20	11:00 a	85.5	85.6	84.3	100	85.5	2.0	SE	1.00	6.0	S	85.5	110.4	110.4	123.7	29.087	0.00	0.00	885	38.06	1020	9.4	2.01	10.1	0.000	0.427	82.0	94	80.1	93.5	21.39	 .0687	0.015	700	1	100.0	30
06/21/20	11:30 a	84.1	85.5	83.7	100	84.1	1.0	SSE	0.50	5.0	SSE	84.1	103.5	103.5	114.1	29.087	0.00	0.00	512	22.02	1046	7.3	1.56	10.5	0.000	0.398	82.0	94	80.1	93.5	21.39	 .0687	0.000	701	1	100.0	30
06/21/20	12:00 p	85.0	85.1	83.8	100	85.0	2.0	SSE	1.00	6.0	SSW	85.0	107.6	107.6	121.0	29.087	0.00	0.00	807	34.71	1208	8.3	1.78	10.3	0.000	0.417	82.0	94	80.1	93.5	21.39	 .0687	0.018	701	1	100.0	30
06/21/20	12:30 p	85.9	86.5	84.9	100	85.9	1.0	SE	0.50	8.0	SE	85.9	112.6	112.6	124.6	29.087	0.00	0.00	1013	43.56	1102	9.4	2.01	10.5	0.000	0.435	82.0	94	80.1	93.5	21.39	 .0687	0.000	699	1	100.0	30
06/21/20	1:00 p	84.5	86.8	84.4	100	84.5	1.0	S	0.50	6.0	S	84.5	105.3	105.3	118.3	29.087	0.00	0.00	860	36.98	1181	8.2	1.76	10.4	0.000	0.406	82.0	94	80.1	93.5	21.39	 .0687	0.023	700	1	100.0	30
06/21/20	1:30 p	86.4	86.5	84.2	100	86.4	2.0	S	1.00	8.0	S	86.4	116.1	116.1	129.0	29.087	0.00	0.00	713	30.66	1106	6.5	1.39	8.6	0.000	0.446	82.0	94	80.1	93.5	21.39	 .0687	0.000	700	1	100.0	30
06/21/20	2:00 p	84.4	86.4	83.2	100	84.4	1.0	SE	0.50	6.0	S	84.4	104.9	104.9	114.0	29.087	0.00	0.00	409	17.59	812	4.2	0.90	5.8	0.000	0.404	82.0	94	80.1	93.5	21.39	 .0687	0.015	702	1	100.0	30
06/21/20	2:30 p	83.8	85.4	83.8	100	83.8	1.0	S	0.50	7.0	NE	83.8	102.3	102.3	114.1	29.087	0.00	0.00	558	24.00	835	4.2	0.90	5.8	0.000	0.392	82.0	94	80.1	93.5	21.39	 .0687	0.000	701	1	100.0	30
06/21/20	3:00 p	81.6	83.8	81.6	100	81.6	1.0	SE	0.50	5.0	SSE	81.6	94.4	94.4	97.0	29.087	0.00	0.00	110	4.73	155	1.1	0.24	1.7	0.000	0.346	82.0	94	80.1	93.5	21.39	 .0687	0.008	701	1	100.0	30
06/21/20	3:30 p	80.9	81.9	80.8	100	80.9	0.0	ESE	0.00	3.0	SE	80.9	92.2	92.2	93.8	29.087	0.00	0.00	67	2.88	79	0.5	0.11	0.7	0.000	0.331	82.0	94	80.1	93.5	21.39	 .0687	0.000	699	1	100.0	30
06/21/20	4:00 p	80.6	81.0	80.6	100	80.6	0.0	ESE	0.00	1.0	ESE	80.6	91.3	91.3	92.6	29.087	0.00	0.00	52	2.24	56	0.0	0.00	0.0	0.000	0.325	82.0	94	80.1	93.5	21.39	 .0687	0.001	698	1	100.0	30
06/21/20	4:30 p	80.0	80.7	80.0	100	80.0	0.0	ESE	0.00	1.0	ESE	80.0	89.6	89.6	90.7	29.087	0.00	0.00	39	1.68	46	0.0	0.00	0.0	0.000	0.313	82.0	94	80.1	93.5	21.39	 .0687	0.000	700	1	100.0	30
06/21/20	5:00 p	79.9	80.1	79.9	100	79.9	0.0	ESE	0.00	1.0	ESE	79.9	89.3	89.3	90.2	29.087	0.00	0.00	30	1.29	35	0.0	0.00	0.0	0.000	0.310	82.0	94	80.1	93.5	21.39	 .0687	0.001	700	1	100.0	30
06/21/20	5:30 p	79.5	80.0	79.4	100	79.5	0.0	ESE	0.00	1.0	ESE	79.5	88.2	88.2	87.7	29.087	0.00	0.00	20	0.86	26	0.0	0.00	0.0	0.000	0.302	82.0	94	80.1	93.5	21.39	 .0687	0.000	701	1	100.0	30
06/21/20	6:00 p	78.9	79.5	78.8	100	78.9	0.0	NE	0.00	3.0	E	78.9	86.6	86.6	85.7	29.087	0.00	0.00	3	0.13	11	0.0	0.00	0.0	0.000	0.290	82.0	94	80.1	93.5	21.39	 .0687	0.000	702	1	100.0	30
06/21/20	6:30 p	78.6	79.0	78.3	100	78.6	0.0	NNE	0.00	4.0	NNW	78.6	85.8	85.8	84.8	29.087	0.00	0.00	0	0.00	0	0.0	0.00	0.0	0.000	0.283	82.0	94	80.1	93.5	21.39	 .0687	0.000	700	1	100.0	30
06/21/20	7:00 p	78.1	78.6	78.1	100	78.1	0.0	NE	0.00	1.0	NE	78.1	84.6	84.6	83.6	29.087	0.00	0.00	0	0.00	0	0.0	0.00	0.0	0.000	0.273	82.0	94	80.1	93.5	21.39	 .0687	0.000	698	1	100.0	30
06/21/20	7:30 p	77.6	78.1	77.6	100	77.6	0.0	NE	0.00	1.0	NE	77.6	83.5	83.5	82.5	29.087	0.00	0.00	0	0.00	0	0.0	0.00	0.0	0.000	0.262	82.0	94	80.1	93.5	21.39	 .0687	0.000	701	1	100.0	30
06/21/20	8:00 p	77.1	77.6	77.1	100	77.1	0.0	---	0.00	0.0	---	77.1	82.4	82.4	81.4	29.087	0.00	0.00	0	0.00	0	0.0	0.00	0.0	0.000	0.252	82.0	94	80.1	93.5	21.39	 .0687	0.000	698	1	100.0	30
06/21/20	8:30 p	76.7	77.1	76.7	100	76.7	0.0	NE	0.00	1.0	NE	76.7	81.6	81.6	80.5	29.087	0.00	0.00	0	0.00	0	0.0	0.00	0.0	0.000	0.244	82.0	94	80.1	93.5	21.39	 .0687	0.000	700	1	100.0	30
06/21/20	9:00 p	76.6	76.8	76.5	100	76.6	0.0	---	0.00	0.0	---	76.6	81.4	81.4	80.3	29.693	0.00	0.00	0	0.00	0	0.0	0.00	0.0	0.000	0.242	82.0	94	80.1	93.5	21.39	 .0702	0.000	701	1	100.0	30
06/21/20	9:30 p	76.5	76.6	76.4	100	76.5	0.0	---	0.00	0.0	---	76.5	81.3	81.3	80.2	29.693	0.00	0.00	0	0.00	0	0.0	0.00	0.0	0.000	0.240	82.0	94	80.1	93.5	21.39	 .0702	0.000	702	1	100.0	30
06/21/20	10:00 p	76.5	76.6	76.5	100	76.5	0.0	---	0.00	0.0	---	76.5	81.3	81.3	80.2	29.814	0.00	0.00	0	0.00	0	0.0	0.00	0.0	0.000	0.240	82.0	94	80.1	93.5	21.39	 .0705	0.000	702	1	100.0	30
06/21/20	10:30 p	76.4	76.6	76.4	100	76.4	0.0	---	0.00	0.0	---	76.4	81.1	81.1	80.0	29.814	0.00	0.00	0	0.00	0	0.0	0.00	0.0	0.000	0.238	82.0	94	80.1	93.5	21.39	 .0705	0.000	700	1	100.0	30
06/21/20	11:00 p	76.3	76.5	76.3	100	76.3	0.0	---	0.00	0.0	---	76.3	80.9	80.9	79.8	29.693	0.00	0.00	0	0.00	0	0.0	0.00	0.0	0.000	0.235	82.0	94	80.1	93.5	21.39	 .0702	0.000	702	1	100.0	30
06/21/20	11:30 p	76.2	76.4	76.2	100	76.2	0.0	---	0.00	0.0	---	76.2	80.7	80.7	79.6	29.693	0.00	0.00	0	0.00	0	0.0	0.00	0.0	0.000	0.233	82.0	94	80.1	93.5	21.39	 .0702	0.000	700	1	100.0	30
06/22/20	12:00 a	76.0	76.3	75.9	100	76.0	0.0	---	0.00	0.0	---	76.0	80.3	80.3	79.2	29.693	0.00	0.00	0	0.00	0	0.0	0.00	0.0	0.000	0.229	82.0	94	80.1	93.5	21.39	 .0702	0.000	703	1	100.0	30
06/22/20	12:30 a	76.3	76.3	75.9	100	76.3	0.0	---	0.00	0.0	---	76.3	80.9	80.9	79.8	29.693	0.00	0.00	0	0.00	0	0.0	0.00	0.0	0.000	0.235	82.0	94	80.1	93.5	21.39	 .0702	0.000	699	1	100.0	30
06/22/20	1:00 a	76.5	76.5	76.3	100	76.5	0.0	---	0.00	0.0	---	76.5	81.3	81.3	80.2	29.693	0.00	0.00	0	0.00	0	0.0	0.00	0.0	0.000	0.240	82.0	94	80.1	93.5	21.39	 .0702	0.000	702	1	100.0	30
06/22/20	1:30 a	76.7	76.7	76.5	100	76.7	0.0	---	0.00	0.0	---	76.7	81.6	81.6	80.5	29.693	0.01	0.00	0	0.00	0	0.0	0.00	0.0	0.000	0.244	82.0	94	80.1	93.5	21.39	 .0702	0.000	699	1	100.0	30
06/22/20	2:00 a	77.1	77.3	76.7	100	77.1	0.0	NE	0.00	1.0	NE	77.1	82.4	82.4	81.4	29.693	0.01	0.00	0	0.00	0	0.0	0.00	0.0	0.000	0.252	82.0	94	80.1	93.5	21.39	 .0702	0.000	698	1	100.0	30
06/22/20	2:30 a	77.5	77.7	77.1	100	77.5	0.0	NE	0.00	1.0	NE	77.5	83.3	83.3	82.3	29.693	0.02	0.07	0	0.00	0	0.0	0.00	0.0	0.000	0.260	82.0	94	80.1	93.5	21.39	 .0702	0.000	701	1	100.0	30
06/22/20	3:00 a	76.9	77.5	76.9	100	76.9	0.0	NE	0.00	2.0	NE	76.9	82.0	82.0	80.9	29.693	0.00	0.00	0	0.00	0	0.0	0.00	0.0	0.000	0.248	82.0	94	80.1	93.5	21.39	 .0702	0.000	701	1	100.0	30
06/22/20	3:30 a	76.8	77.1	76.7	100	76.8	0.0	---	0.00	0.0	---	76.8	81.8	81.8	80.7	29.693	0.00	0.00	0	0.00	0	0.0	0.00	0.0	0.000	0.246	82.0	94	80.1	93.5	21.39	 .0702	0.000	701	1	100.0	30
06/22/20	4:00 a	77.0	77.0	76.8	100	77.0	0.0	---	0.00	0.0	---	77.0	82.2	82.2	81.2	29.693	0.00	0.00	0	0.00	0	0.0	0.00	0.0	0.000	0.250	82.0	94	80.1	93.5	21.39	 .0702	0.000	697	1	100.0	30
06/22/20	4:30 a	76.9	77.2	76.8	100	76.9	0.0	NE	0.00	1.0	NE	76.9	82.0	82.0	80.9	19.389	0.00	0.00	0	0.00	0	0.0	0.00	0.0	0.000	0.248	82.0	94	80.1	93.5	21.39	 .0449	0.000	700	1	100.0	30
06/22/20	5:00 a	76.7	76.8	76.6	100	76.7	0.0	---	0.00	0.0	---	76.7	81.6	81.6	80.5	19.389	0.00	0.00	0	0.00	0	0.0	0.00	0.0	0.000	0.244	82.0	94	80.1	93.5	21.39	 .0449	0.000	700	1	100.0	30
06/22/20	5:30 a	77.0	77.1	76.7	100	77.0	0.0	---	0.00	0.0	---	77.0	82.2	82.2	81.2	19.389	0.00	0.00	3	0.13	12	0.0	0.00	0.0	0.000	0.250	82.0	94	80.1	93.5	21.39	 .0449	0.000	701	1	100.0	30
06/22/20	6:00 a	76.9	77.1	76.8	100	76.9	0.0	---	0.00	0.0	---	76.9	82.0	82.0	81.4	19.389	0.00	0.00	20	0.86	28	0.0	0.00	0.0	0.000	0.248	82.0	94	80.1	93.5	21.39	 .0449	0.000	700	1	100.0	30
06/22/20	6:30 a	78.0	78.0	76.9	100	78.0	0.0	---	0.00	0.0	---	78.0	84.4	84.4	86.5	19.389	0.00	0.00	59	2.54	93	0.0	0.00	0.0	0.000	0.271	82.0	94	80.1	93.5	21.39	 .0449	0.000	701	1	100.0	30
06/22/20	7:00 a	78.4	78.4	77.8	100	78.4	0.0	---	0.00	0.0	---	78.4	85.4	85.4	88.9	19.389	0.00	0.00	103	4.43	121	0.3	0.06	0.7	0.000	0.279	82.0	94	80.1	93.5	21.39	 .0449	0.002	699	1	100.0	30
06/22/20	7:30 a	78.5	78.5	78.1	100	78.5	0.0	N	0.00	2.0	N	78.5	85.6	85.6	87.2	19.389	0.00	0.00	66	2.84	336	0.4	0.09	1.5	0.000	0.281	82.0	94	80.1	93.5	21.39	 .0449	0.000	703	1	100.0	30
06/22/20	8:00 a	79.4	79.5	78.5	100	79.4	0.0	N	0.00	1.0	N	79.4	87.9	87.9	93.3	19.389	0.00	0.00	197	8.47	420	1.5	0.32	1.7	0.000	0.300	82.0	94	80.1	93.5	21.39	 .0449	0.003	701	1	100.0	30
06/22/20	8:30 a	79.8	79.9	79.4	100	79.8	0.0	---	0.00	0.0	---	79.8	89.0	89.0	92.6	19.389	0.00	0.00	151	6.49	218	1.8	0.39	1.9	0.000	0.308	82.0	94	80.1	93.5	21.39	 .0449	0.000	703	1	100.0	30
06/22/20	9:00 a	80.7	82.3	79.8	100	80.7	0.0	N	0.00	3.0	SSE	80.7	91.6	91.6	101.5	19.389	0.00	0.00	452	19.44	933	2.9	0.62	3.7	0.000	0.327	82.0	94	80.1	93.5	21.39	 .0449	0.008	700	1	100.0	30
06/22/20	9:30 a	81.6	81.6	80.3	100	81.6	0.0	SSE	0.00	3.0	SSE	81.6	94.4	94.4	99.7	19.389	0.00	0.00	236	10.15	415	3.0	0.64	3.3	0.000	0.346	82.0	94	80.1	93.5	21.39	 .0449	0.000	698	1	100.0	30
06/22/20	10:00 a	83.5	83.5	81.1	100	83.5	1.0	SSE	0.50	4.0	ENE	83.5	101.1	101.1	110.2	19.389	0.00	0.00	430	18.49	1014	4.4	0.94	7.1	0.000	0.385	82.0	94	80.1	93.5	21.39	 .0449	0.009	703	1	100.0	30
06/22/20	10:30 a	85.6	85.6	83.1	100	85.6	1.0	S	0.50	6.0	SSE	85.6	111.0	111.0	118.8	19.389	0.00	0.00	353	15.18	1002	6.0	1.29	8.6	0.000	0.429	82.0	94	80.1	93.5	21.39	 .0449	0.000	701	1	100.0	30
06/22/20	11:00 a	85.8	86.5	85.4	100	85.8	1.0	S	0.50	7.0	SE	85.8	112.1	112.1	125.5	19.389	0.00	0.00	842	36.21	988	9.3	1.99	9.7	0.000	0.433	82.0	94	80.1	93.5	21.39	 .0449	0.017	701	1	100.0	30
06/22/20	11:30 a	86.3	86.7	85.7	100	86.3	1.0	SSE	0.50	5.0	S	86.3	115.4	115.4	127.9	19.389	0.00	0.00	956	41.11	1146	9.2	1.97	10.7	0.000	0.444	82.0	94	80.1	93.5	21.39	 .0449	0.000	702	1	100.0	30
06/22/20	12:00 p	86.1	86.3	85.4	100	86.1	1.0	SE	0.50	7.0	S	86.1	113.9	113.9	125.2	19.389	0.00	0.00	989	42.53	1238	9.6	2.06	11.2	0.000	0.440	82.0	94	80.1	93.5	21.39	 .0449	0.023	703	1	100.0	30
06/22/20	12:30 p	86.5	87.1	85.8	100	86.5	2.0	SSE	1.00	7.0	SSE	86.5	116.8	116.8	129.3	29.834	0.00	0.00	1046	44.98	1100	10.0	2.14	10.2	0.000	0.448	82.0	94	80.1	93.5	21.39	 .0705	0.000	701	1	100.0	30
06/22/20	1:00 p	87.3	87.3	86.0	100	87.3	2.0	SSE	1.00	8.0	SSW	87.3	123.5	123.5	136.2	29.834	0.00	0.00	990	42.58	1097	9.1	1.95	9.9	0.000	0.465	82.0	94	80.1	93.5	21.39	 .0705	0.026	703	1	100.0	30
06/22/20	1:30 p	86.6	87.5	86.3	100	86.6	2.0	SSE	1.00	10.0	S	86.6	117.6	117.6	132.1	29.834	0.00	0.00	1038	44.64	1158	8.0	1.71	8.9	0.000	0.450	82.0	94	80.1	93.5	21.39	 .0705	0.000	700	1	100.0	30
06/22/20	2:00 p	87.1	87.1	85.2	100	87.1	2.0	SE	1.00	9.0	SSE	87.1	121.5	121.5	135.0	29.834	0.00	0.00	874	37.59	1106	6.6	1.41	8.3	0.000	0.460	82.0	94	80.1	93.5	21.39	 .0705	0.023	700	1	100.0	30
06/22/20	2:30 p	86.3	87.3	85.5	100	86.3	3.0	SE	1.50	10.0	S	86.3	115.4	115.4	132.2	29.834	0.00	0.00	951	40.90	1104	5.9	1.26	7.3	0.000	0.444	82.0	94	80.1	93.5	21.39	 .0705	0.000	699	1	100.0	30
06/22/20	3:00 p	85.6	86.8	85.2	100	85.6	3.0	SSE	1.50	13.0	SE	85.6	111.0	111.0	126.2	29.834	0.00	0.00	750	32.25	949	4.1	0.88	5.6	0.000	0.429	82.0	94	80.1	93.5	21.39	 .0705	0.021	702	1	100.0	30
06/22/20	3:30 p	84.5	86.5	84.5	100	84.5	1.0	SSE	0.50	6.0	ESE	84.5	105.3	105.3	117.0	29.834	0.00	0.00	449	19.31	649	2.4	0.51	3.4	0.000	0.406	82.0	94	80.1	93.5	21.39	 .0705	0.000	701	1	100.0	30
06/22/20	4:00 p	84.2	85.6	84.1	100	84.2	1.0	SE	0.50	7.0	SE	84.2	104.0	104.0	115.3	29.834	0.00	0.00	399	17.16	599	1.6	0.34	2.0	0.000	0.400	82.0	94	80.1	93.5	21.39	 .0705	0.011	697	1	100.0	30
06/22/20	4:30 p	82.8	84.4	82.5	100	82.8	0.0	ESE	0.00	2.0	ESE	82.8	98.5	98.5	103.3	29.834	0.00	0.00	126	5.42	171	0.5	0.11	0.8	0.000	0.371	82.0	94	80.1	93.5	21.39	 .0705	0.000	700	1	100.0	30
06/22/20	5:00 p	82.1	82.9	81.8	100	82.1	0.0	SSE	0.00	3.0	SE	82.1	96.0	96.0	99.2	29.834	0.00	0.00	78	3.35	97	0.0	0.00	0.0	0.000	0.356	82.0	94	80.1	93.5	21.39	 .0705	0.003	701	1	100.0	30
06/22/20	5:30 p	81.6	82.1	81.4	100	81.6	1.0	N	0.50	7.0	E	81.6	94.4	94.4	94.3	29.834	0.00	0.00	37	1.59	53	0.0	0.00	0.0	0.000	0.346	82.0	94	80.1	93.5	21.39	 .0705	0.000	701	1	100.0	30
06/22/20	6:00 p	81.5	81.6	81.2	100	81.5	1.0	ENE	0.50	5.0	S	81.5	94.1	94.1	93.4	29.834	0.00	0.00	10	0.43	26	0.0	0.00	0.0	0.000	0.344	82.0	94	80.1	93.5	21.39	 .0705	0.001	702	1	100.0	30
06/22/20	6:30 p	80.5	81.4	80.5	100	80.5	0.0	ENE	0.00	4.0	NNE	80.5	91.1	91.1	90.1	29.834	0.00	0.00	0	0.00	0	0.0	0.00	0.0	0.000	0.323	82.0	94	80.1	93.5	21.39	 .0705	0.000	699	1	100.0	30
06/22/20	7:00 p	79.9	80.5	79.9	100	79.9	0.0	ENE	0.00	1.0	ENE	79.9	89.3	89.3	88.2	29.834	0.00	0.00	0	0.00	0	0.0	0.00	0.0	0.000	0.310	82.0	94	80.1	93.5	21.39	 .0705	0.000	697	1	100.0	30
06/22/20	7:30 p	79.3	79.9	79.2	100	79.3	0.0	---	0.00	0.0	---	79.3	87.6	87.6	86.5	29.834	0.00	0.00	0	0.00	0	0.0	0.00	0.0	0.000	0.298	82.0	94	80.1	93.5	21.39	 .0705	0.000	702	1	100.0	30
06/22/20	8:00 p	78.9	79.3	78.8	100	78.9	0.0	ENE	0.00	1.0	ENE	78.9	86.6	86.6	85.5	29.834	0.00	0.00	0	0.00	0	0.0	0.00	0.0	0.000	0.290	82.0	94	80.1	93.5	21.39	 .0705	0.000	698	1	100.0	30
06/22/20	8:30 p	78.6	79.1	78.6	100	78.6	0.0	---	0.00	0.0	---	78.6	85.8	85.8	84.7	29.834	0.00	0.00	0	0.00	0	0.0	0.00	0.0	0.000	0.283	82.0	94	80.1	93.5	21.39	 .0705	0.000	701	1	100.0	30
06/22/20	9:00 p	78.4	78.7	78.3	100	78.4	0.0	ENE	0.00	1.0	ENE	78.4	85.4	85.4	84.3	29.834	0.00	0.00	0	0.00	0	0.0	0.00	0.0	0.000	0.279	82.0	94	80.1	93.5	21.39	 .0705	0.000	702	1	100.0	30
06/22/20	9:30 p	78.0	78.4	77.9	100	78.0	0.0	---	0.00	0.0	---	78.0	84.4	84.4	83.3	29.834	0.00	0.00	0	0.00	0	0.0	0.00	0.0	0.000	0.271	82.0	94	80.1	93.5	21.39	 .0705	0.000	699	1	100.0	30
06/22/20	10:00 p	77.8	78.0	77.7	100	77.8	0.0	---	0.00	0.0	---	77.8	84.0	84.0	82.8	29.834	0.00	0.00	0	0.00	0	0.0	0.00	0.0	0.000	0.267	82.0	94	80.1	93.5	21.39	 .0705	0.000	701	1	100.0	30
06/22/20	10:30 p	77.6	77.8	77.6	100	77.6	0.0	---	0.00	0.0	---	77.6	83.5	83.5	82.3	29.086	0.00	0.00	0	0.00	0	0.0	0.00	0.0	0.000	0.262	82.0	94	80.1	93.5	21.39	 .0687	0.000	699	1	100.0	30
06/22/20	11:00 p	77.4	77.7	77.3	100	77.4	0.0	---	0.00	0.0	---	77.4	83.1	83.1	81.9	29.693	0.00	0.00	0	0.00	0	0.0	0.00	0.0	0.000	0.258	82.0	94	80.1	93.5	21.39	 .0702	0.000	702	1	100.0	30
06/22/20	11:30 p	77.1	77.4	77.1	100	77.1	0.0	---	0.00	0.0	---	77.1	82.4	82.4	81.2	29.693	0.00	0.00	0	0.00	0	0.0	0.00	0.0	0.000	0.252	82.0	94	80.1	93.5	21.39	 .0702	0.000	701	1	100.0	30
06/23/20	12:00 a	77.0	77.2	77.0	100	77.0	0.0	---	0.00	0.0	---	77.0	82.2	82.2	81.0	29.693	0.00	0.00	0	0.00	0	0.0	0.00	0.0	0.000	0.250	82.0	94	80.1	93.5	21.39	 .0702	0.000	698	1	100.0	30
06/23/20	12:30 a	76.8	77.1	76.8	100	76.8	0.0	---	0.00	0.0	---	76.8	81.8	81.8	80.5	29.693	0.00	0.00	0	0.00	0	0.0	0.00	0.0	0.000	0.246	82.0	94	80.1	93.5	21.39	 .0702	0.000	697	1	100.0	30
06/23/20	1:00 a	76.8	76.9	76.7	100	76.8	0.0	---	0.00	0.0	---	76.8	81.8	81.8	80.5	29.693	0.00	0.00	0	0.00	0	0.0	0.00	0.0	0.000	0.246	82.0	94	80.1	93.5	21.39	 .0702	0.000	702	1	100.0	30
06/23/20	1:30 a	77.1	77.2	76.8	100	77.1	0.0	---	0.00	0.0	---	77.1	82.4	82.4	81.2	29.693	0.00	0.00	0	0.00	0	0.0	0.00	0.0	0.000	0.252	82.0	94	80.1	93.5	21.39	 .0702	0.000	700	1	100.0	30
06/23/20	2:00 a	76.9	77.2	76.8	100	76.9	0.0	---	0.00	0.0	---	76.9	82.0	82.0	80.7	29.693	0.00	0.00	0	0.00	0	0.0	0.00	0.0	0.000	0.248	82.0	94	80.1	93.5	21.39	 .0702	0.000	703	1	100.0	30
06/23/20	2:30 a	76.8	76.9	76.7	100	76.8	0.0	---	0.00	0.0	---	76.8	81.8	81.8	80.5	29.693	0.00	0.00	0	0.00	0	0.0	0.00	0.0	0.000	0.246	82.0	94	80.1	93.5	21.39	 .0702	0.000	699	1	100.0	30
06/23/20	3:00 a	76.8	76.9	76.7	100	76.8	0.0	---	0.00	0.0	---	76.8	81.8	81.8	80.5	29.693	0.00	0.00	0	0.00	0	0.0	0.00	0.0	0.000	0.246	82.0	94	80.1	93.5	21.39	 .0702	0.000	700	1	100.0	30
06/23/20	3:30 a	77.2	77.3	76.7	100	77.2	0.0	ENE	0.00	1.0	ENE	77.2	82.6	82.6	81.4	29.693	0.00	0.00	0	0.00	0	0.0	0.00	0.0	0.000	0.254	82.0	94	80.1	93.5	21.39	 .0702	0.000	700	1	100.0	30
06/23/20	4:00 a	76.8	77.2	76.8	100	76.8	0.0	---	0.00	1.0	ENE	76.8	81.8	81.8	80.5	29.693	0.00	0.00	0	0.00	0	0.0	0.00	0.0	0.000	0.246	82.0	94	80.1	93.5	21.39	 .0702	0.000	700	1	100.0	30
06/23/20	4:30 a	77.3	77.3	76.8	100	77.3	0.0	ENE	0.00	1.0	ENE	77.3	82.9	82.9	81.7	29.693	0.00	0.00	0	0.00	0	0.0	0.00	0.0	0.000	0.256	82.0	94	80.1	93.5	21.39	 .0702	0.000	701	1	100.0	30
06/23/20	5:00 a	77.2	77.4	77.1	100	77.2	0.0	---	0.00	0.0	---	77.2	82.6	82.6	81.4	29.693	0.00	0.00	0	0.00	0	0.0	0.00	0.0	0.000	0.254	82.0	94	80.1	93.5	21.39	 .0702	0.000	700	1	100.0	30
06/23/20	5:30 a	77.2	77.3	77.0	100	77.2	0.0	---	0.00	0.0	---	77.2	82.6	82.6	81.4	29.693	0.00	0.00	1	0.04	7	0.0	0.00	0.0	0.000	0.254	82.0	94	80.1	93.5	21.39	 .0702	0.000	700	1	100.0	30
06/23/20	6:00 a	77.6	77.6	77.1	100	77.6	0.0	ENE	0.00	1.0	ENE	77.6	83.5	83.5	82.8	29.693	0.00	0.00	22	0.95	39	0.0	0.00	0.0	0.000	0.262	82.0	94	80.1	93.5	21.39	 .0702	0.000	701	1	100.0	30
06/23/20	6:30 a	78.0	78.1	77.5	100	78.0	0.0	ENE	0.00	1.0	ENE	78.0	84.4	84.4	86.4	29.693	0.00	0.00	56	2.41	74	0.0	0.00	0.0	0.000	0.271	82.0	94	80.1	93.5	21.39	 .0702	0.000	702	1	100.0	30
06/23/20	7:00 a	78.6	78.7	78.0	100	78.6	0.0	ENE	0.00	1.0	ENE	78.6	85.8	85.8	89.0	29.693	0.00	0.00	96	4.13	120	0.2	0.04	0.6	0.000	0.283	82.0	94	80.1	93.5	21.39	 .0702	0.002	701	1	100.0	30
06/23/20	7:30 a	79.3	79.3	78.6	100	79.3	0.0	---	0.00	0.0	---	79.3	87.6	87.6	91.6	29.693	0.00	0.00	134	5.76	156	0.8	0.17	1.0	0.000	0.298	82.0	94	80.1	93.5	21.39	 .0702	0.000	700	1	100.0	30
06/23/20	8:00 a	79.9	80.3	79.3	100	79.9	0.0	ENE	0.00	2.0	ENE	79.9	89.3	89.3	94.4	29.693	0.00	0.00	185	7.96	207	1.3	0.28	1.5	0.000	0.310	82.0	94	80.1	93.5	21.39	 .0702	0.004	702	1	100.0	30
06/23/20	8:30 a	80.6	80.7	79.9	100	80.6	0.0	ENE	0.00	2.0	ENE	80.6	91.3	91.3	96.9	29.693	0.00	0.00	221	9.50	229	1.7	0.36	2.0	0.000	0.325	82.0	94	80.1	93.5	21.39	 .0702	0.000	702	1	100.0	30
06/23/20	9:00 a	80.9	81.2	79.9	100	80.9	0.0	ENE	0.00	2.0	ENE	80.9	92.2	92.2	97.7	29.806	0.00	0.00	234	10.06	241	2.1	0.45	2.2	0.000	0.331	82.0	94	80.1	93.5	21.39	 .0705	0.006	699	1	100.0	30
06/23/20	9:30 a	81.8	81.8	80.7	100	81.8	0.0	ENE	0.00	2.0	ENE	81.8	95.1	95.1	101.2	29.806	0.00	0.00	269	11.57	288	2.6	0.56	2.9	0.000	0.350	82.0	94	80.1	93.5	21.39	 .0705	0.000	699	1	100.0	30
06/23/20	10:00 a	82.3	82.5	81.7	100	82.3	0.0	ENE	0.00	3.0	S	82.3	96.8	96.8	104.4	29.806	0.00	0.00	348	14.97	411	3.5	0.75	4.2	0.000	0.360	83.5	93	81.3	97.9	21.32	 .0702	0.008	703	1	100.0	30
06/23/20	10:30 a	83.8	83.9	82.3	100	83.8	1.0	ESE	0.50	6.0	SSE	83.8	102.3	102.3	111.3	29.806	0.00	0.00	422	18.15	461	4.6	0.99	4.9	0.000	0.392	83.5	93	81.3	97.9	21.32	 .0702	0.000	702	1	100.0	30
06/23/20	11:00 a	83.9	84.3	83.6	100	83.9	1.0	SE	0.50	6.0	SSE	83.9	102.7	102.7	111.8	29.806	0.00	0.00	424	18.23	462	4.9	1.05	5.3	0.000	0.394	83.5	93	81.3	97.9	21.32	 .0702	0.011	699	1	100.0	30
06/23/20	11:30 a	85.4	85.5	83.9	100	85.4	2.0	SSE	1.00	8.0	SE	85.4	109.8	109.8	121.9	29.796	0.00	0.00	619	26.62	737	6.6	1.41	7.7	0.000	0.425	83.5	93	81.3	97.9	21.32	 .0701	0.000	699	1	100.0	30
06/23/20	12:00 p	86.1	86.5	85.1	100	86.1	2.0	SSE	1.00	8.0	SSE	86.1	113.9	113.9	127.4	29.797	0.00	0.00	825	35.48	1000	8.4	1.80	9.5	0.000	0.440	83.5	93	81.3	97.9	21.32	 .0701	0.018	701	1	100.0	30
06/23/20	12:30 p	84.9	86.1	84.8	100	84.9	2.0	ESE	1.00	8.0	SE	84.9	107.2	107.2	118.4	29.799	0.00	0.00	556	23.91	1053	6.5	1.39	9.6	0.000	0.415	83.5	93	81.3	97.9	21.32	 .0701	0.000	699	1	100.0	30
06/23/20	1:00 p	82.9	84.9	82.9	100	82.9	1.0	SE	0.50	5.0	SE	82.9	98.9	98.9	103.8	29.799	0.01	0.00	225	9.68	287	3.1	0.66	3.8	0.000	0.373	83.5	93	81.3	97.9	21.32	 .0701	0.011	701	1	100.0	30
06/23/20	1:30 p	82.6	83.6	82.2	100	82.6	0.0	SE	0.00	3.0	SE	82.6	97.8	97.8	105.8	29.799	0.00	0.00	368	15.83	548	3.9	0.84	5.5	0.000	0.367	83.5	93	81.3	97.9	21.32	 .0701	0.000	702	1	100.0	30
06/23/20	2:00 p	83.9	84.3	82.5	100	83.9	1.0	NNE	0.50	3.0	N	83.9	102.7	102.7	112.0	29.799	0.00	0.00	425	18.28	517	4.1	0.88	4.7	0.000	0.394	83.5	93	81.3	97.9	21.32	 .0701	0.010	701	1	100.0	30
06/23/20	2:30 p	83.4	85.1	83.3	100	83.4	1.0	S	0.50	5.0	S	83.4	100.8	100.8	108.5	29.799	0.00	0.00	319	13.72	745	3.5	0.75	5.6	0.000	0.383	83.5	93	81.3	97.9	21.32	 .0701	0.000	701	1	100.0	30
06/23/20	3:00 p	83.3	83.4	82.6	100	83.3	0.0	ESE	0.00	3.0	E	83.3	100.4	100.4	105.8	29.799	0.00	0.00	202	8.69	221	2.2	0.47	2.4	0.000	0.381	83.5	93	81.3	97.9	21.32	 .0701	0.007	699	1	100.0	30
06/23/20	3:30 p	83.3	83.5	82.7	100	83.3	0.0	SE	0.00	3.0	S	83.3	100.4	100.4	106.7	29.799	0.00	0.00	211	9.07	352	1.5	0.32	1.8	0.000	0.381	83.5	93	81.3	97.9	21.32	 .0701	0.000	700	1	100.0	30
06/23/20	4:00 p	83.5	84.7	83.3	100	83.5	1.0	S	0.50	4.0	SE	83.5	101.1	101.1	111.1	29.799	0.00	0.00	315	13.55	522	1.4	0.30	1.9	0.000	0.385	83.5	93	81.3	97.9	21.32	 .0701	0.007	701	1	100.0	30
06/23/20	4:30 p	82.1	83.6	81.9	100	82.1	1.0	E	0.50	5.0	SSE	82.1	96.0	96.0	99.1	29.799	0.00	0.00	83	3.57	165	0.0	0.00	0.5	0.000	0.356	83.5	93	81.3	97.9	21.32	 .0701	0.000	702	1	100.0	30
06/23/20	5:00 p	81.5	82.1	81.5	100	81.5	0.0	ESE	0.00	3.0	SE	81.5	94.1	94.1	96.5	29.799	0.00	0.00	60	2.58	70	0.0	0.00	0.0	0.000	0.344	83.5	93	81.3	97.9	21.32	 .0701	0.002	696	1	100.0	30
06/23/20	5:30 p	81.0	81.5	81.0	100	81.0	0.0	SW	0.00	2.0	SW	81.0	92.5	92.5	92.2	29.799	0.00	0.00	28	1.20	49	0.0	0.00	0.0	0.000	0.333	83.5	93	81.3	97.9	21.32	 .0701	0.000	703	1	100.0	30
06/23/20	6:00 p	80.6	81.0	80.6	100	80.6	0.0	SW	0.00	1.0	SW	80.6	91.3	91.3	90.4	29.799	0.00	0.00	2	0.09	9	0.0	0.00	0.0	0.000	0.325	83.5	93	81.3	97.9	21.32	 .0701	0.000	702	1	100.0	30
06/23/20	6:30 p	80.0	80.5	79.9	100	80.0	0.0	SW	0.00	1.0	SW	80.0	89.6	89.6	88.6	29.799	0.00	0.00	0	0.00	0	0.0	0.00	0.0	0.000	0.313	83.5	93	81.3	97.9	21.32	 .0701	0.000	700	1	100.0	30
06/23/20	7:00 p	79.6	80.0	79.5	100	79.6	0.0	SW	0.00	1.0	SW	79.6	88.5	88.5	87.5	29.799	0.00	0.00	0	0.00	0	0.0	0.00	0.0	0.000	0.304	83.5	93	81.3	97.9	21.32	 .0701	0.000	701	1	100.0	30
06/23/20	7:30 p	79.3	79.6	79.3	100	79.3	0.0	SW	0.00	1.0	SW	79.3	87.6	87.6	86.6	29.815	0.00	0.00	0	0.00	0	0.0	0.00	0.0	0.000	0.298	83.5	93	81.3	97.9	21.32	 .0702	0.000	701	1	100.0	30
06/23/20	8:00 p	79.3	79.5	79.2	100	79.3	0.0	SW	0.00	1.0	SW	79.3	87.6	87.6	86.6	29.815	0.01	0.00	0	0.00	0	0.0	0.00	0.0	0.000	0.298	83.5	93	81.3	97.9	21.32	 .0702	0.000	701	1	100.0	30
06/23/20	8:30 p	79.1	79.3	79.0	100	79.1	0.0	SW	0.00	1.0	SW	79.1	87.1	87.1	86.1	29.815	0.04	0.10	0	0.00	0	0.0	0.00	0.0	0.000	0.294	83.5	93	81.3	97.9	21.32	 .0702	0.000	701	1	100.0	30
06/23/20	9:00 p	77.4	79.1	77.4	100	77.4	1.0	W	0.50	3.0	W	77.4	83.1	83.1	82.0	29.692	0.03	0.13	0	0.00	0	0.0	0.00	0.0	0.000	0.258	83.5	93	81.3	97.9	21.32	 .0699	0.000	702	1	100.0	30
06/23/20	9:30 p	78.1	78.1	77.2	100	78.1	0.0	W	0.00	3.0	N	78.1	84.6	84.6	83.5	29.692	0.02	0.04	0	0.00	0	0.0	0.00	0.0	0.000	0.273	83.5	93	81.3	97.9	21.32	 .0699	0.000	702	1	100.0	30
06/23/20	10:00 p	78.0	78.2	77.9	100	78.0	0.0	N	0.00	3.0	NE	78.0	84.4	84.4	83.3	29.692	0.01	0.04	0	0.00	0	0.0	0.00	0.0	0.000	0.271	83.5	93	81.3	97.9	21.32	 .0699	0.000	702	1	100.0	30
06/23/20	10:30 p	77.8	78.1	77.7	100	77.8	0.0	NE	0.00	2.0	NE	77.8	84.0	84.0	82.9	29.692	0.00	0.00	0	0.00	0	0.0	0.00	0.0	0.000	0.267	83.5	93	81.3	97.9	21.32	 .0699	0.000	702	1	100.0	30
06/23/20	11:00 p	77.5	77.8	77.4	100	77.5	0.0	NE	0.00	2.0	NE	77.5	83.3	83.3	82.2	29.692	0.00	0.00	0	0.00	0	0.0	0.00	0.0	0.000	0.260	83.5	93	81.3	97.9	21.32	 .0699	0.000	701	1	100.0	30
06/23/20	11:30 p	76.9	77.5	76.9	100	76.9	0.0	NNW	0.00	3.0	NNE	76.9	82.0	82.0	80.8	29.692	0.00	0.00	0	0.00	0	0.0	0.00	0.0	0.000	0.248	83.5	93	81.3	97.9	21.32	 .0699	0.000	701	1	100.0	30
06/24/20	12:00 a	76.5	77.1	76.5	100	76.5	0.0	NNW	0.00	1.0	NNW	76.5	81.3	81.3	80.1	29.692	0.00	0.00	0	0.00	0	0.0	0.00	0.0	0.000	0.240	83.5	93	81.3	97.9	21.32	 .0699	0.000	702	1	100.0	30
06/24/20	12:30 a	76.1	76.6	76.1	100	76.1	0.0	NNW	0.00	2.0	NNW	76.1	80.5	80.5	79.3	29.692	0.00	0.00	0	0.00	0	0.0	0.00	0.0	0.000	0.231	83.5	93	81.3	97.9	21.32	 .0699	0.000	700	1	100.0	30
06/24/20	1:00 a	75.7	76.1	75.6	100	75.7	0.0	NNW	0.00	2.0	NNW	75.7	79.8	79.8	78.6	29.692	0.00	0.00	0	0.00	0	0.0	0.00	0.0	0.000	0.223	83.5	93	81.3	97.9	21.32	 .0699	0.000	699	1	100.0	30
06/24/20	1:30 a	75.3	75.8	75.3	100	75.3	0.0	NNW	0.00	1.0	NNW	75.3	79.3	79.3	78.1	29.692	0.00	0.00	0	0.00	0	0.0	0.00	0.0	0.000	0.215	83.5	93	81.3	97.9	21.32	 .0699	0.000	700	1	100.0	30
06/24/20	2:00 a	75.3	75.4	75.2	100	75.3	0.0	---	0.00	0.0	---	75.3	79.3	79.3	78.1	29.692	0.00	0.00	0	0.00	0	0.0	0.00	0.0	0.000	0.215	83.5	93	81.3	97.9	21.32	 .0699	0.000	699	1	100.0	30
06/24/20	2:30 a	75.5	75.5	75.3	100	75.5	0.0	---	0.00	0.0	---	75.5	79.6	79.6	78.4	19.389	0.00	0.00	0	0.00	0	0.0	0.00	0.0	0.000	0.219	83.5	93	81.3	97.9	21.32	 .0447	0.000	700	1	100.0	30
06/24/20	3:00 a	75.8	75.8	75.4	100	75.8	0.0	---	0.00	0.0	---	75.8	80.0	80.0	78.8	19.389	0.00	0.00	0	0.00	0	0.0	0.00	0.0	0.000	0.225	83.5	93	81.3	97.9	21.32	 .0447	0.000	699	1	100.0	30
06/24/20	3:30 a	76.1	76.2	75.7	100	76.1	0.0	---	0.00	0.0	---	76.1	80.5	80.5	79.3	19.389	0.00	0.00	0	0.00	0	0.0	0.00	0.0	0.000	0.231	83.5	93	81.3	97.9	21.32	 .0447	0.000	701	1	100.0	30
06/24/20	4:00 a	76.2	76.3	76.1	100	76.2	0.0	---	0.00	0.0	---	76.2	80.7	80.7	79.5	19.389	0.00	0.00	0	0.00	0	0.0	0.00	0.0	0.000	0.233	83.5	93	81.3	97.9	21.32	 .0447	0.000	701	1	100.0	30
06/24/20	4:30 a	76.5	76.5	76.2	100	76.5	0.0	---	0.00	0.0	---	76.5	81.3	81.3	80.1	19.389	0.00	0.00	0	0.00	0	0.0	0.00	0.0	0.000	0.240	83.5	93	81.3	97.9	21.32	 .0447	0.000	703	1	100.0	30
06/24/20	5:00 a	76.4	76.6	76.3	100	76.4	0.0	---	0.00	0.0	---	76.4	81.1	81.1	79.9	19.389	0.00	0.00	0	0.00	0	0.0	0.00	0.0	0.000	0.238	83.5	93	81.3	97.9	21.32	 .0447	0.000	699	1	100.0	30
06/24/20	5:30 a	77.1	77.1	76.4	100	77.1	0.0	NNW	0.00	1.0	NNW	77.1	82.4	82.4	81.3	19.389	0.00	0.00	0	0.00	5	0.0	0.00	0.0	0.000	0.252	83.5	93	81.3	97.9	21.32	 .0447	0.000	700	1	100.0	30
06/24/20	6:00 a	77.4	77.4	76.9	100	77.4	0.0	NNW	0.00	1.0	NNW	77.4	83.1	83.1	82.6	19.389	0.00	0.00	29	1.25	42	0.0	0.00	0.0	0.000	0.258	83.5	93	81.3	97.9	21.32	 .0447	0.000	700	1	100.0	30
06/24/20	6:30 a	78.3	78.3	77.3	100	78.3	0.0	NNW	0.00	1.0	NNW	78.3	85.1	85.1	88.0	19.389	0.00	0.00	77	3.31	107	0.0	0.00	0.0	0.000	0.277	83.5	93	81.3	97.9	21.32	 .0447	0.000	698	1	100.0	30
06/24/20	7:00 a	78.9	78.9	78.3	100	78.9	0.0	NNW	0.00	1.0	NNW	78.9	86.6	86.6	91.2	19.389	0.00	0.00	133	5.72	158	0.4	0.09	0.8	0.000	0.290	83.5	93	81.3	97.9	21.32	 .0447	0.003	700	1	100.0	30
06/24/20	7:30 a	79.7	79.8	78.8	100	79.7	0.0	NNW	0.00	2.0	NNW	79.7	88.8	88.8	92.9	19.389	0.00	0.00	135	5.81	237	1.0	0.21	1.4	0.000	0.306	83.5	93	81.3	97.9	21.32	 .0447	0.000	702	1	100.0	30
06/24/20	8:00 a	81.5	81.5	79.7	100	81.5	0.0	N	0.00	2.0	N	81.5	94.1	94.1	102.8	29.819	0.00	0.00	324	13.93	432	1.7	0.36	2.1	0.000	0.344	83.5	93	81.3	97.9	21.32	 .0702	0.006	699	1	100.0	30
06/24/20	8:30 a	81.7	82.0	80.7	100	81.7	1.0	SSW	0.50	4.0	SW	81.7	94.7	94.7	102.8	29.815	0.00	0.00	329	14.15	666	2.3	0.49	2.9	0.000	0.348	83.5	93	81.3	97.9	21.32	 .0702	0.000	702	1	100.0	30
06/24/20	9:00 a	81.6	81.9	81.1	100	81.6	0.0	WSW	0.00	2.0	WSW	81.6	94.4	94.4	99.0	29.815	0.00	0.00	198	8.52	237	2.0	0.43	2.5	0.000	0.346	83.5	93	81.3	97.9	21.32	 .0702	0.007	703	1	100.0	30
06/24/20	9:30 a	82.2	82.5	80.7	100	82.2	0.0	WSW	0.00	2.0	WSW	82.2	96.4	96.4	104.3	29.815	0.01	0.00	358	15.40	879	3.2	0.69	4.1	0.000	0.358	83.5	93	81.3	97.9	21.32	 .0702	0.000	700	1	100.0	30
06/24/20	10:00 a	83.7	84.9	82.2	100	83.7	1.0	WSW	0.50	3.0	SSW	83.7	101.9	101.9	114.8	29.815	0.00	0.00	749	32.21	991	4.8	1.03	6.5	0.000	0.390	83.5	93	81.3	97.9	21.32	 .0702	0.014	701	1	100.0	30
06/24/20	10:30 a	83.0	85.8	82.1	100	83.0	1.0	SW	0.50	4.0	SSE	83.0	99.2	99.2	108.1	29.815	0.00	0.00	419	18.02	954	5.7	1.22	9.0	0.000	0.375	83.5	93	81.3	97.9	21.32	 .0702	0.000	700	1	100.0	30
06/24/20	11:00 a	85.5	85.9	83.1	100	85.5	1.0	SW	0.50	7.0	WSW	85.5	110.4	110.4	123.8	29.815	0.00	0.00	797	34.28	1072	8.4	1.80	9.6	0.000	0.427	85.1	87	80.8	99.7	18.44	 .0700	0.016	699	1	100.0	30
06/24/20	11:30 a	85.1	85.7	83.9	100	85.1	1.0	SW	0.50	6.0	W	85.1	108.2	108.2	118.8	29.815	0.00	0.00	508	21.85	900	6.8	1.46	11.2	0.000	0.419	85.1	87	80.8	99.7	18.44	 .0700	0.000	698	1	100.0	30
06/24/20	12:00 p	84.4	86.2	84.0	100	84.4	2.0	SW	1.00	8.0	WSW	84.4	104.9	104.9	116.3	29.807	0.00	0.00	568	24.43	1074	7.1	1.52	10.3	0.000	0.404	85.8	86	81.1	101.3	18.00	 .0699	0.016	702	1	100.0	30
06/24/20	12:30 p	85.2	85.4	84.1	100	85.2	1.0	SW	0.50	6.0	S	85.2	108.7	108.7	120.2	29.792	0.00	0.00	578	24.86	1088	6.6	1.41	10.2	0.000	0.421	86.0	86	81.3	101.9	17.99	 .0698	0.000	701	1	100.0	30
06/24/20	1:00 p	84.5	86.2	84.3	100	84.5	1.0	SSW	0.50	6.0	SSW	84.5	105.3	105.3	116.5	29.782	0.00	0.00	558	24.00	891	6.4	1.37	10.6	0.000	0.406	86.4	85	81.4	102.9	17.57	 .0697	0.016	700	1	100.0	30
06/24/20	1:30 p	84.0	85.1	83.9	100	84.0	2.0	SSW	1.00	9.0	SW	84.0	103.1	103.1	113.6	29.778	0.00	0.00	510	21.93	967	5.4	1.16	9.4	0.000	0.396	86.4	85	81.4	102.9	17.57	 .0697	0.000	700	1	100.0	30
06/24/20	2:00 p	85.1	85.1	83.3	100	85.1	2.0	S	1.00	7.0	WSW	85.1	108.2	108.2	119.7	29.778	0.00	0.00	556	23.91	1079	5.0	1.07	7.5	0.000	0.419	86.3	84	80.9	101.9	17.20	 .0698	0.015	700	1	100.0	30
06/24/20	2:30 p	85.2	85.4	84.2	100	85.2	2.0	S	1.00	6.0	WSW	85.2	108.7	108.7	121.3	29.778	0.00	0.00	732	31.48	1053	5.0	1.07	6.4	0.000	0.421	86.3	84	80.9	101.9	17.20	 .0698	0.000	703	1	100.0	30
06/24/20	3:00 p	83.6	85.6	83.6	100	83.6	1.0	SSW	0.50	5.0	SSW	83.6	101.5	101.5	112.8	29.778	0.00	0.00	470	20.21	918	3.3	0.71	5.1	0.000	0.387	86.3	84	80.9	101.9	17.20	 .0698	0.016	702	1	100.0	30
06/24/20	3:30 p	83.4	83.7	82.7	100	83.4	1.0	SE	0.50	3.0	SE	83.4	100.8	100.8	109.6	29.778	0.00	0.00	305	13.12	571	1.9	0.41	2.7	0.000	0.383	86.3	84	80.9	101.9	17.20	 .0698	0.000	701	1	100.0	30
06/24/20	4:00 p	82.7	84.6	82.7	100	82.7	1.0	S	0.50	5.0	SSE	82.7	98.1	98.1	106.3	29.778	0.00	0.00	249	10.71	591	1.1	0.24	2.1	0.000	0.369	86.3	84	80.9	101.9	17.20	 .0698	0.007	699	1	100.0	30
06/24/20	4:30 p	81.7	82.7	81.5	100	81.7	0.0	SSE	0.00	3.0	SSE	81.7	94.7	94.7	99.0	29.778	0.00	0.00	115	4.95	130	0.5	0.11	0.8	0.000	0.348	86.3	84	80.9	101.9	17.20	 .0698	0.000	701	1	100.0	30
06/24/20	5:00 p	81.8	81.9	81.1	100	81.8	0.0	E	0.00	2.0	E	81.8	95.1	95.1	98.7	29.778	0.00	0.00	90	3.87	109	0.0	0.00	0.0	0.000	0.350	86.3	84	80.9	101.9	17.20	 .0698	0.003	699	1	100.0	30
06/24/20	5:30 p	81.0	81.8	80.9	100	81.0	0.0	E	0.00	1.0	E	81.0	92.5	92.5	92.5	29.778	0.00	0.00	42	1.81	62	0.0	0.00	0.0	0.000	0.333	86.3	84	80.9	101.9	17.20	 .0698	0.000	700	1	100.0	30
06/24/20	6:00 p	79.8	81.1	79.8	100	79.8	0.0	---	0.00	0.0	---	79.8	89.0	89.0	88.0	29.769	0.00	0.00	7	0.30	21	0.0	0.00	0.0	0.000	0.308	82.8	84	77.5	92.3	17.34	 .0705	0.001	702	1	100.0	30
06/24/20	6:30 p	79.3	79.8	79.2	100	79.3	0.0	E	0.00	1.0	E	79.3	87.6	87.6	86.5	29.769	0.00	0.00	0	0.00	0	0.0	0.00	0.0	0.000	0.298	82.8	84	77.5	92.3	17.34	 .0705	0.000	702	1	100.0	30
06/24/20	7:00 p	78.9	79.3	78.9	100	78.9	0.0	E	0.00	1.0	E	78.9	86.6	86.6	85.4	29.769	0.00	0.00	0	0.00	0	0.0	0.00	0.0	0.000	0.290	82.8	84	77.5	92.3	17.34	 .0705	0.000	696	1	100.0	30
06/24/20	7:30 p	78.9	79.1	78.9	100	78.9	0.0	E	0.00	1.0	E	78.9	86.6	86.6	85.4	29.769	0.00	0.00	0	0.00	0	0.0	0.00	0.0	0.000	0.290	82.8	84	77.5	92.3	17.34	 .0705	0.000	699	1	100.0	30
06/24/20	8:00 p	78.9	79.1	78.8	100	78.9	0.0	E	0.00	1.0	E	78.9	86.6	86.6	85.4	29.769	0.00	0.00	0	0.00	0	0.0	0.00	0.0	0.000	0.290	82.8	84	77.5	92.3	17.34	 .0705	0.000	701	1	100.0	30
06/24/20	8:30 p	78.9	79.0	78.9	100	78.9	0.0	E	0.00	1.0	E	78.9	86.6	86.6	85.4	29.769	0.00	0.00	0	0.00	0	0.0	0.00	0.0	0.000	0.290	82.8	84	77.5	92.3	17.34	 .0705	0.000	701	1	100.0	30
06/24/20	9:00 p	78.9	79.1	78.8	100	78.9	0.0	---	0.00	0.0	---	78.9	86.6	86.6	85.4	29.769	0.00	0.00	0	0.00	0	0.0	0.00	0.0	0.000	0.290	82.8	84	77.5	92.3	17.34	 .0705	0.000	703	1	100.0	30
06/24/20	9:30 p	78.6	79.0	78.6	100	78.6	0.0	---	0.00	0.0	---	78.6	85.8	85.8	84.6	29.806	0.00	0.00	0	0.00	0	0.0	0.00	0.0	0.000	0.283	82.8	84	77.5	92.3	17.34	 .0706	0.000	701	1	100.0	30
06/24/20	10:00 p	78.6	78.7	78.5	100	78.6	0.0	---	0.00	0.0	---	78.6	85.8	85.8	84.6	29.806	0.00	0.00	0	0.00	0	0.0	0.00	0.0	0.000	0.283	82.8	84	77.5	92.3	17.34	 .0706	0.000	702	1	100.0	30
06/24/20	10:30 p	78.1	78.8	78.1	100	78.1	0.0	E	0.00	1.0	E	78.1	84.6	84.6	83.4	29.806	0.00	0.00	0	0.00	0	0.0	0.00	0.0	0.000	0.273	82.8	84	77.5	92.3	17.34	 .0706	0.000	701	1	100.0	30
06/24/20	11:00 p	77.5	78.2	77.5	100	77.5	0.0	E	0.00	1.0	E	77.5	83.3	83.3	82.1	29.806	0.00	0.00	0	0.00	0	0.0	0.00	0.0	0.000	0.260	82.8	84	77.5	92.3	17.34	 .0706	0.000	702	1	100.0	30
06/24/20	11:30 p	77.3	77.6	77.3	100	77.3	0.0	E	0.00	1.0	E	77.3	82.9	82.9	81.7	29.806	0.00	0.00	0	0.00	0	0.0	0.00	0.0	0.000	0.256	82.8	84	77.5	92.3	17.34	 .0706	0.000	700	1	100.0	30
06/25/20	12:00 a	76.8	77.3	76.8	100	76.8	0.0	---	0.00	0.0	---	76.8	81.8	81.8	80.5	29.806	0.00	0.00	0	0.00	0	0.0	0.00	0.0	0.000	0.246	82.8	84	77.5	92.3	17.34	 .0706	0.000	701	1	100.0	30
06/25/20	12:30 a	76.5	76.8	76.5	100	76.5	0.0	---	0.00	0.0	---	76.5	81.3	81.3	80.0	29.806	0.00	0.00	0	0.00	0	0.0	0.00	0.0	0.000	0.240	82.8	84	77.5	92.3	17.34	 .0706	0.000	700	1	100.0	30
06/25/20	1:00 a	76.3	76.6	76.2	100	76.3	0.0	---	0.00	0.0	---	76.3	80.9	80.9	79.6	29.806	0.00	0.00	0	0.00	0	0.0	0.00	0.0	0.000	0.235	82.8	84	77.5	92.3	17.34	 .0706	0.000	701	1	100.0	30
06/25/20	1:30 a	76.2	76.4	76.2	100	76.2	0.0	---	0.00	0.0	---	76.2	80.7	80.7	79.4	29.806	0.00	0.00	0	0.00	0	0.0	0.00	0.0	0.000	0.233	82.8	84	77.5	92.3	17.34	 .0706	0.000	696	1	100.0	30
06/25/20	2:00 a	75.8	76.2	75.8	100	75.8	0.0	E	0.00	1.0	E	75.8	80.0	80.0	78.6	29.806	0.00	0.00	0	0.00	0	0.0	0.00	0.0	0.000	0.225	82.8	84	77.5	92.3	17.34	 .0706	0.000	700	1	100.0	30
06/25/20	2:30 a	75.7	76.0	75.6	100	75.7	0.0	---	0.00	0.0	---	75.7	79.8	79.8	78.4	29.806	0.00	0.00	0	0.00	0	0.0	0.00	0.0	0.000	0.223	82.8	84	77.5	92.3	17.34	 .0706	0.000	699	1	100.0	30
06/25/20	3:00 a	75.4	75.8	75.3	100	75.4	0.0	---	0.00	0.0	---	75.4	79.4	79.4	78.0	29.692	0.00	0.00	0	0.00	0	0.0	0.00	0.0	0.000	0.217	82.8	84	77.5	92.3	17.34	 .0703	0.000	698	1	100.0	30
06/25/20	3:30 a	75.4	75.5	75.3	100	75.4	0.0	---	0.00	0.0	---	75.4	79.4	79.4	78.0	29.692	0.00	0.00	0	0.00	0	0.0	0.00	0.0	0.000	0.217	82.8	84	77.5	92.3	17.34	 .0703	0.000	700	1	100.0	30
06/25/20	4:00 a	75.4	75.6	75.3	100	75.4	0.0	E	0.00	1.0	E	75.4	79.4	79.4	78.0	29.692	0.00	0.00	0	0.00	0	0.0	0.00	0.0	0.000	0.217	82.8	84	77.5	92.3	17.34	 .0703	0.000	701	1	100.0	30
06/25/20	4:30 a	75.3	75.6	75.3	100	75.3	0.0	E	0.00	1.0	E	75.3	79.3	79.3	77.9	29.161	0.00	0.00	0	0.00	0	0.0	0.00	0.0	0.000	0.215	82.8	84	77.5	92.3	17.34	 .0690	0.000	701	1	100.0	30
06/25/20	5:00 a	75.3	75.5	75.2	100	75.3	0.0	E	0.00	1.0	E	75.3	79.3	79.3	77.9	29.776	0.00	0.00	0	0.00	0	0.0	0.00	0.0	0.000	0.215	82.8	84	77.5	92.3	17.34	 .0705	0.000	700	1	100.0	30
06/25/20	5:30 a	75.1	75.4	75.0	100	75.1	0.0	---	0.00	0.0	---	75.1	78.9	78.9	77.5	29.776	0.00	0.00	0	0.00	5	0.0	0.00	0.0	0.000	0.210	82.8	84	77.5	92.3	17.34	 .0705	0.000	699	1	100.0	30
06/25/20	6:00 a	75.4	75.4	75.1	100	75.4	0.0	---	0.00	0.0	---	75.4	79.4	79.4	78.4	29.692	0.00	0.00	17	0.73	33	0.0	0.00	0.0	0.000	0.217	82.8	84	77.5	92.3	17.34	 .0703	0.000	697	1	100.0	30
06/25/20	6:30 a	76.2	76.2	75.3	100	76.2	0.0	---	0.00	0.0	---	76.2	80.7	80.7	82.3	29.692	0.00	0.00	49	2.11	65	0.0	0.00	0.0	0.000	0.233	82.8	84	77.5	92.3	17.34	 .0703	0.000	701	1	100.0	30
06/25/20	7:00 a	77.1	77.1	76.2	100	77.1	0.0	---	0.00	0.0	---	77.1	82.4	82.4	84.7	29.692	0.00	0.00	73	3.14	86	0.3	0.06	0.6	0.000	0.252	82.8	84	77.5	92.3	17.34	 .0703	0.001	701	1	100.0	30
06/25/20	7:30 a	77.6	77.7	77.0	100	77.6	0.0	E	0.00	1.0	E	77.6	83.5	83.5	86.7	29.692	0.00	0.00	111	4.77	211	0.8	0.17	1.2	0.000	0.262	82.8	84	77.5	92.3	17.34	 .0703	0.000	700	1	100.0	30
06/25/20	8:00 a	79.2	79.3	77.6	100	79.2	0.0	E	0.00	1.0	E	79.2	87.4	87.4	96.6	29.692	0.00	0.00	350	15.05	459	1.7	0.36	2.1	0.000	0.296	82.8	84	77.5	92.3	17.34	 .0703	0.006	699	1	100.0	30
06/25/20	8:30 a	80.2	80.2	79.2	100	80.2	0.0	E	0.00	1.0	E	80.2	90.2	90.2	100.2	29.692	0.00	0.00	427	18.36	476	2.3	0.49	2.6	0.000	0.317	82.8	84	77.5	92.3	17.34	 .0703	0.000	699	1	100.0	30
06/25/20	9:00 a	80.2	80.5	79.9	100	80.2	0.0	S	0.00	4.0	ESE	80.2	90.2	90.2	94.9	29.692	0.00	0.00	203	8.73	508	2.4	0.51	2.9	0.000	0.317	82.8	84	77.5	92.3	17.34	 .0703	0.008	700	1	100.0	30
06/25/20	9:30 a	82.1	82.2	80.2	100	82.1	0.0	SSE	0.00	1.0	SSE	82.1	96.0	96.0	102.0	29.692	0.00	0.00	266	11.44	800	2.7	0.58	3.3	0.000	0.356	82.8	84	77.5	92.3	17.34	 .0703	0.000	701	1	100.0	30
06/25/20	10:00 a	82.5	83.3	81.6	100	82.5	1.0	SW	0.50	5.0	SE	82.5	97.4	97.4	104.4	29.692	0.00	0.00	320	13.76	1194	3.3	0.71	4.5	0.000	0.365	82.8	84	77.5	92.3	17.34	 .0703	0.009	699	1	100.0	30
06/25/20	10:30 a	83.8	83.8	82.4	100	83.8	1.0	S	0.50	4.0	SSE	83.8	102.3	102.3	108.8	19.390	0.00	0.00	293	12.60	1035	4.6	0.99	8.0	0.000	0.392	82.8	84	77.5	92.3	17.34	 .0451	0.000	698	1	100.0	30
06/25/20	11:00 a	84.8	86.0	83.9	100	84.8	2.0	SSE	1.00	7.0	SE	84.8	106.7	106.7	119.4	19.390	0.00	0.00	695	29.89	1081	7.1	1.52	9.2	0.000	0.413	82.8	84	77.5	92.3	17.34	 .0451	0.012	702	1	100.0	30
06/25/20	11:30 a	86.3	86.6	84.8	100	86.3	2.0	SE	1.00	8.0	SSE	86.3	115.4	115.4	127.0	19.390	0.00	0.00	1021	43.91	1171	8.7	1.86	9.8	0.000	0.444	82.8	84	77.5	92.3	17.34	 .0451	0.000	700	1	100.0	30
06/25/20	12:00 p	87.1	87.1	85.7	100	87.1	2.0	SE	1.00	8.0	SE	87.1	121.5	121.5	133.2	19.389	0.00	0.00	1018	43.78	1104	9.2	1.97	9.7	0.000	0.460	82.8	84	77.5	92.3	17.34	 .0451	0.025	699	1	100.0	30
06/25/20	12:30 p	85.9	87.6	85.7	100	85.9	2.0	ESE	1.00	10.0	S	85.9	112.6	112.6	124.1	19.389	0.00	0.00	954	41.03	1164	8.4	1.80	10.0	0.000	0.435	82.8	84	77.5	92.3	17.34	 .0451	0.000	700	1	100.0	30
06/25/20	1:00 p	86.1	87.3	85.9	100	86.1	2.0	SE	1.00	8.0	ESE	86.1	113.9	113.9	126.2	29.805	0.00	0.00	958	41.20	1151	8.3	1.78	9.3	0.000	0.440	82.8	84	77.5	92.3	17.34	 .0706	0.024	701	1	100.0	30
06/25/20	1:30 p	86.4	86.5	85.6	100	86.4	3.0	ESE	1.50	11.0	SSE	86.4	116.1	116.1	129.0	29.805	0.00	0.00	924	39.74	1042	6.9	1.48	8.4	0.000	0.446	82.8	84	77.5	92.3	17.34	 .0706	0.000	701	1	100.0	30
06/25/20	2:00 p	85.7	87.3	84.9	100	85.7	2.0	SSE	1.00	9.0	ESE	85.7	111.5	111.5	124.3	29.805	0.00	0.00	692	29.76	1028	5.2	1.11	6.8	0.000	0.431	82.8	84	77.5	92.3	17.34	 .0706	0.020	701	1	100.0	30
06/25/20	2:30 p	86.0	86.2	84.1	100	86.0	2.0	SE	1.00	9.0	SE	86.0	113.2	113.2	124.3	29.805	0.00	0.00	492	21.16	1009	3.5	0.75	5.0	0.000	0.438	82.8	84	77.5	92.3	17.34	 .0706	0.000	699	1	100.0	30
06/25/20	3:00 p	84.7	86.2	84.4	100	84.7	2.0	WSW	1.00	8.0	SE	84.7	106.2	106.2	115.7	29.805	0.00	0.00	371	15.96	700	2.5	0.54	4.1	0.000	0.410	82.8	84	77.5	92.3	17.34	 .0706	0.012	697	1	100.0	30
06/25/20	3:30 p	84.3	85.2	84.3	100	84.3	2.0	ESE	1.00	6.0	SSE	84.3	104.5	104.5	115.8	29.805	0.00	0.00	418	17.98	788	1.8	0.39	3.3	0.000	0.402	82.8	84	77.5	92.3	17.34	 .0706	0.000	700	1	100.0	30
06/25/20	4:00 p	82.9	84.3	82.8	100	82.9	1.0	SE	0.50	6.0	SSE	82.9	98.9	98.9	105.7	29.805	0.00	0.00	203	8.73	359	1.0	0.21	1.4	0.000	0.373	82.8	84	77.5	92.3	17.34	 .0706	0.008	700	1	100.0	30
06/25/20	4:30 p	82.6	82.9	82.6	100	82.6	1.0	ESE	0.50	5.0	SSE	82.6	97.8	97.8	100.9	29.780	0.00	0.00	84	3.61	134	0.1	0.02	0.6	0.000	0.367	82.8	84	77.5	92.3	17.34	 .0705	0.000	700	1	100.0	30
06/25/20	5:00 p	82.1	82.7	82.0	100	82.1	1.0	NE	0.50	4.0	SE	82.1	96.0	96.0	97.7	29.780	0.00	0.00	44	1.89	62	0.0	0.00	0.0	0.000	0.356	82.8	84	77.5	92.3	17.34	 .0705	0.002	701	1	100.0	30
06/25/20	5:30 p	81.6	82.2	81.6	100	81.6	1.0	SSE	0.50	6.0	S	81.6	94.4	94.4	94.4	29.780	0.00	0.00	38	1.63	42	0.0	0.00	0.0	0.000	0.346	82.8	84	77.5	92.3	17.34	 .0705	0.000	701	1	100.0	30
06/25/20	6:00 p	80.8	81.7	80.8	100	80.8	0.0	SE	0.00	4.0	WSW	80.8	91.9	91.9	91.3	29.780	0.00	0.00	16	0.69	40	0.0	0.00	0.0	0.000	0.329	82.8	84	77.5	92.3	17.34	 .0705	0.001	700	1	100.0	30
06/25/20	6:30 p	80.5	80.9	80.4	100	80.5	0.0	E	0.00	3.0	E	80.5	91.1	91.1	90.2	29.780	0.00	0.00	0	0.00	0	0.0	0.00	0.0	0.000	0.323	82.8	84	77.5	92.3	17.34	 .0705	0.000	699	1	100.0	30
06/25/20	7:00 p	80.0	80.5	79.9	100	80.0	0.0	E	0.00	3.0	E	80.0	89.6	89.6	88.7	29.780	0.03	1.05	0	0.00	0	0.0	0.00	0.0	0.000	0.313	82.8	84	77.5	92.3	17.34	 .0705	0.000	698	1	100.0	30
06/25/20	7:30 p	79.2	80.0	79.2	100	79.2	0.0	---	0.00	0.0	---	79.2	87.4	87.4	86.4	29.780	0.00	0.00	0	0.00	0	0.0	0.00	0.0	0.000	0.296	82.8	84	77.5	92.3	17.34	 .0705	0.000	702	1	100.0	30
06/25/20	8:00 p	78.3	79.3	78.3	100	78.3	0.0	E	0.00	2.0	E	78.3	85.1	85.1	84.1	29.780	0.01	0.00	0	0.00	0	0.0	0.00	0.0	0.000	0.277	82.8	84	77.5	92.3	17.34	 .0705	0.000	702	1	100.0	30
06/25/20	8:30 p	77.8	78.3	77.8	100	77.8	0.0	E	0.00	1.0	E	77.8	84.0	84.0	82.9	29.780	0.00	0.00	0	0.00	0	0.0	0.00	0.0	0.000	0.267	82.8	84	77.5	92.3	17.34	 .0705	0.000	701	1	100.0	30
06/25/20	9:00 p	78.2	78.3	77.7	100	78.2	0.0	E	0.00	1.0	E	78.2	84.9	84.9	83.9	29.780	0.00	0.00	0	0.00	0	0.0	0.00	0.0	0.000	0.275	82.8	84	77.5	92.3	17.34	 .0705	0.000	698	1	100.0	30
06/25/20	9:30 p	78.4	78.4	78.2	100	78.4	0.0	E	0.00	2.0	E	78.4	85.4	85.4	84.4	29.780	0.00	0.00	0	0.00	0	0.0	0.00	0.0	0.000	0.279	82.8	84	77.5	92.3	17.34	 .0705	0.000	701	1	100.0	30
06/25/20	10:00 p	78.3	78.5	78.3	100	78.3	0.0	E	0.00	1.0	E	78.3	85.1	85.1	84.1	29.780	0.00	0.00	0	0.00	0	0.0	0.00	0.0	0.000	0.277	82.8	84	77.5	92.3	17.34	 .0705	0.000	702	1	100.0	30
06/25/20	10:30 p	78.4	78.6	78.3	100	78.4	0.0	E	0.00	1.0	E	78.4	85.4	85.4	84.4	29.780	0.00	0.00	0	0.00	0	0.0	0.00	0.0	0.000	0.279	82.8	84	77.5	92.3	17.34	 .0705	0.000	699	1	100.0	30
06/25/20	11:00 p	77.8	78.5	77.8	100	77.8	0.0	NNW	0.00	4.0	N	77.8	84.0	84.0	82.9	29.780	0.00	0.00	0	0.00	0	0.0	0.00	0.0	0.000	0.267	82.8	84	77.5	92.3	17.34	 .0705	0.000	703	1	100.0	30
06/25/20	11:30 p	77.5	77.8	77.5	100	77.5	0.0	NNW	0.00	1.0	NNW	77.5	83.3	83.3	82.2	29.692	0.00	0.00	0	0.00	0	0.0	0.00	0.0	0.000	0.260	82.8	84	77.5	92.3	17.34	 .0703	0.000	699	1	100.0	30
06/26/20	12:00 a	77.5	77.7	77.4	100	77.5	0.0	NNW	0.00	1.0	NNW	77.5	83.3	83.3	82.2	29.692	0.00	0.00	0	0.00	0	0.0	0.00	0.0	0.000	0.260	82.8	84	77.5	92.3	17.34	 .0703	0.000	701	1	100.0	30
06/26/20	12:30 a	77.1	77.5	77.1	100	77.1	0.0	NNW	0.00	1.0	NNW	77.1	82.4	82.4	81.3	29.692	0.00	0.00	0	0.00	0	0.0	0.00	0.0	0.000	0.252	82.8	84	77.5	92.3	17.34	 .0703	0.000	701	1	100.0	30
06/26/20	1:00 a	77.1	77.3	77.1	100	77.1	0.0	NNW	0.00	1.0	NNW	77.1	82.4	82.4	81.3	29.692	0.00	0.00	0	0.00	0	0.0	0.00	0.0	0.000	0.252	82.8	84	77.5	92.3	17.34	 .0703	0.000	702	1	100.0	30
06/26/20	1:30 a	77.2	77.4	77.1	100	77.2	0.0	NNW	0.00	1.0	NNW	77.2	82.6	82.6	81.5	29.692	0.00	0.00	0	0.00	0	0.0	0.00	0.0	0.000	0.254	82.8	84	77.5	92.3	17.34	 .0703	0.000	701	1	100.0	30
06/26/20	2:00 a	77.1	77.2	77.1	100	77.1	0.0	NNW	0.00	2.0	NNW	77.1	82.4	82.4	81.3	29.692	0.00	0.00	0	0.00	0	0.0	0.00	0.0	0.000	0.252	82.8	84	77.5	92.3	17.34	 .0703	0.000	701	1	100.0	30
06/26/20	2:30 a	77.3	77.3	76.9	100	77.3	0.0	NNW	0.00	2.0	NNW	77.3	82.9	82.9	81.8	29.692	0.00	0.00	0	0.00	0	0.0	0.00	0.0	0.000	0.256	82.8	84	77.5	92.3	17.34	 .0703	0.000	700	1	100.0	30
06/26/20	3:00 a	77.4	77.5	77.2	100	77.4	0.0	---	0.00	0.0	---	77.4	83.1	83.1	82.0	29.692	0.00	0.00	0	0.00	0	0.0	0.00	0.0	0.000	0.258	82.8	84	77.5	92.3	17.34	 .0703	0.000	700	1	100.0	30
06/26/20	3:30 a	77.4	77.5	77.3	100	77.4	0.0	NNW	0.00	1.0	NNW	77.4	83.1	83.1	82.0	29.769	0.00	0.00	0	0.00	0	0.0	0.00	0.0	0.000	0.258	82.8	84	77.5	92.3	17.34	 .0705	0.000	699	1	100.0	30
06/26/20	4:00 a	76.9	77.5	76.9	100	76.9	0.0	NNW	0.00	1.0	NNW	76.9	82.0	82.0	80.9	29.769	0.00	0.00	0	0.00	0	0.0	0.00	0.0	0.000	0.248	79.0	84	73.7	83.5	17.51	 .0712	0.000	699	1	100.0	30
06/26/20	4:30 a	76.6	76.9	76.6	100	76.6	0.0	---	0.00	0.0	---	76.6	81.4	81.4	80.3	29.769	0.00	0.00	0	0.00	0	0.0	0.00	0.0	0.000	0.242	79.0	84	73.7	83.5	17.51	 .0712	0.000	700	1	100.0	30
06/26/20	5:00 a	76.7	76.9	76.6	100	76.7	0.0	NNW	0.00	2.0	NNW	76.7	81.6	81.6	80.5	29.769	0.00	0.00	0	0.00	0	0.0	0.00	0.0	0.000	0.244	79.0	84	73.7	83.5	17.51	 .0712	0.000	701	1	100.0	30
06/26/20	5:30 a	76.6	76.7	76.5	100	76.6	0.0	NNW	0.00	2.0	NNW	76.6	81.4	81.4	80.3	29.769	0.00	0.00	0	0.00	7	0.0	0.00	0.0	0.000	0.242	79.0	84	73.7	83.5	17.51	 .0712	0.000	702	1	100.0	30
06/26/20	6:00 a	77.3	77.3	76.6	100	77.3	0.0	NNW	0.00	2.0	NNW	77.3	82.9	82.9	82.5	29.692	0.00	0.00	31	1.33	60	0.0	0.00	0.0	0.000	0.256	79.0	84	73.7	83.5	17.51	 .0710	0.000	701	1	100.0	30
06/26/20	6:30 a	77.8	77.8	77.2	100	77.8	0.0	NNW	0.00	1.0	NNW	77.8	84.0	84.0	86.2	29.692	0.00	0.00	61	2.62	63	0.0	0.00	0.0	0.000	0.267	79.0	84	73.7	83.5	17.51	 .0710	0.000	703	1	100.0	30
06/26/20	7:00 a	78.5	78.6	77.7	100	78.5	0.0	NNW	0.00	1.0	NNW	78.5	85.6	85.6	86.9	19.542	0.00	0.00	50	2.15	62	0.0	0.00	0.0	0.000	0.281	79.0	84	73.7	83.5	17.51	 .0461	0.001	701	1	100.0	30
06/26/20	7:30 a	78.6	78.6	78.2	100	78.6	0.0	NNW	0.00	1.0	NNW	78.6	85.8	85.8	87.3	19.542	0.00	0.00	61	2.62	65	0.0	0.00	0.0	0.000	0.283	79.0	84	73.7	83.5	17.51	 .0461	0.000	700	1	100.0	30
06/26/20	8:00 a	78.2	78.5	78.1	100	78.2	0.0	NNW	0.00	1.0	NNW	78.2	84.9	84.9	85.2	19.542	0.00	0.00	32	1.38	67	0.0	0.00	0.0	0.000	0.275	79.0	84	73.7	83.5	17.51	 .0461	0.001	701	1	100.0	30
06/26/20	8:30 a	78.5	78.6	78.0	100	78.5	0.0	NNW	0.00	2.0	NNW	78.5	85.6	85.6	86.4	19.542	0.01	0.00	55	2.37	88	0.2	0.04	0.6	0.000	0.281	79.0	84	73.7	83.5	17.51	 .0461	0.000	700	1	100.0	30
06/26/20	9:00 a	78.2	79.1	77.9	100	78.2	1.0	SE	0.50	5.0	S	78.2	84.9	84.9	85.4	29.692	0.00	0.00	48	2.06	70	0.1	0.02	0.6	0.000	0.275	79.0	84	73.7	83.5	17.51	 .0710	0.001	701	1	100.0	30
06/26/20	9:30 a	78.4	78.5	77.9	100	78.4	1.0	E	0.50	3.0	ESE	78.4	85.4	85.4	86.9	29.692	0.00	0.00	89	3.83	105	0.8	0.17	1.0	0.000	0.279	79.0	84	73.7	83.5	17.51	 .0710	0.000	702	1	100.0	30
06/26/20	10:00 a	79.0	79.1	78.1	100	79.0	1.0	SE	0.50	4.0	SE	79.0	86.8	86.8	90.5	29.692	0.00	0.00	178	7.65	260	1.7	0.36	2.5	0.000	0.292	79.0	84	73.7	83.5	17.51	 .0710	0.003	701	1	100.0	30
06/26/20	10:30 a	78.7	79.6	78.1	100	78.7	1.0	ESE	0.50	6.0	ESE	78.7	86.1	86.1	92.1	29.692	0.00	0.00	278	11.96	327	2.7	0.58	3.1	0.000	0.285	79.0	84	73.7	83.5	17.51	 .0710	0.000	700	1	100.0	30
06/26/20	11:00 a	80.5	80.5	78.7	100	80.5	0.0	SE	0.00	2.0	S	80.5	91.1	91.1	97.8	19.390	0.00	0.00	305	13.12	348	3.0	0.64	3.4	0.000	0.323	79.0	84	73.7	83.5	17.51	 .0457	0.007	703	1	100.0	30
06/26/20	11:30 a	81.1	81.1	79.8	100	81.1	0.0	SE	0.00	1.0	SE	81.1	92.8	92.8	99.1	19.390	0.00	0.00	285	12.26	299	3.0	0.64	3.2	0.000	0.335	79.0	84	73.7	83.5	17.51	 .0457	0.000	700	1	100.0	30
06/26/20	12:00 p	80.9	81.3	80.5	100	80.9	1.0	SE	0.50	3.0	SE	80.9	92.2	92.2	99.1	19.390	0.00	0.00	315	13.55	325	3.4	0.73	3.5	0.000	0.331	79.0	84	73.7	83.5	17.51	 .0457	0.007	702	1	100.0	30
06/26/20	12:30 p	81.6	81.8	80.5	100	81.6	1.0	SW	0.50	3.0	SW	81.6	94.4	94.4	102.3	19.390	0.00	0.00	369	15.87	396	3.8	0.81	4.0	0.000	0.346	79.0	84	73.7	83.5	17.51	 .0457	0.000	699	1	100.0	30
06/26/20	1:00 p	81.4	81.8	80.9	100	81.4	0.0	S	0.00	3.0	S	81.4	93.8	93.8	100.6	19.390	0.00	0.00	312	13.42	374	3.2	0.69	3.8	0.000	0.342	79.0	84	73.7	83.5	17.51	 .0457	0.008	700	1	100.0	30
06/26/20	1:30 p	81.9	81.9	80.8	100	81.9	0.0	S	0.00	2.0	S	81.9	95.4	95.4	102.2	19.390	0.00	0.00	308	13.25	332	3.0	0.64	3.1	0.000	0.352	79.0	84	73.7	83.5	17.51	 .0457	0.000	703	1	100.0	30
06/26/20	2:00 p	82.1	82.2	81.1	100	82.1	0.0	S	0.00	2.0	S	82.1	96.0	96.0	104.3	29.692	0.00	0.00	372	16.00	446	3.3	0.71	3.6	0.000	0.356	79.0	84	73.7	83.5	17.51	 .0710	0.008	701	1	100.0	30
06/26/20	2:30 p	81.7	82.6	81.7	100	81.7	1.0	S	0.50	4.0	S	81.7	94.7	94.7	102.7	29.692	0.00	0.00	337	14.49	425	2.7	0.58	3.4	0.000	0.348	79.0	84	73.7	83.5	17.51	 .0710	0.000	698	1	100.0	30
06/26/20	3:00 p	81.3	81.8	81.1	100	81.3	0.0	S	0.00	3.0	NNE	81.3	93.5	93.5	98.7	29.692	0.00	0.00	196	8.43	246	1.5	0.32	2.0	0.000	0.340	79.0	84	73.7	83.5	17.51	 .0710	0.007	701	1	100.0	30
06/26/20	3:30 p	80.7	81.3	80.2	100	80.7	1.0	ENE	0.50	3.0	ENE	80.7	91.6	91.6	94.9	29.692	0.00	0.00	117	5.03	128	0.8	0.17	1.0	0.000	0.327	79.0	84	73.7	83.5	17.51	 .0710	0.000	703	1	100.0	30
06/26/20	4:00 p	80.3	80.7	80.3	100	80.3	0.0	ENE	0.00	3.0	ENE	80.3	90.5	90.5	92.5	29.692	0.00	0.00	69	2.97	105	0.2	0.04	0.6	0.000	0.319	79.0	84	73.7	83.5	17.51	 .0710	0.002	700	1	100.0	30
06/26/20	4:30 p	80.0	80.5	80.0	100	80.0	0.0	ENE	0.00	1.0	ENE	80.0	89.6	89.6	90.7	29.768	0.00	0.00	40	1.72	49	0.0	0.00	0.0	0.000	0.313	79.0	84	73.7	83.5	17.51	 .0712	0.000	701	1	100.0	30
06/26/20	5:00 p	79.8	80.0	79.8	100	79.8	0.0	ENE	0.00	2.0	ENE	79.8	89.0	89.0	89.9	29.692	0.00	0.00	31	1.33	40	0.0	0.00	0.0	0.000	0.308	79.0	84	73.7	83.5	17.51	 .0710	0.001	701	1	100.0	30
06/26/20	5:30 p	79.4	79.9	79.4	100	79.4	0.0	SW	0.00	4.0	WSW	79.4	87.9	87.9	87.2	29.787	0.00	0.00	12	0.52	19	0.0	0.00	0.0	0.000	0.300	79.0	84	73.7	83.5	17.51	 .0713	0.000	701	1	100.0	30
06/26/20	6:00 p	79.3	79.5	79.1	100	79.3	0.0	ENE	0.00	2.0	ESE	79.3	87.6	87.6	86.7	29.787	0.00	0.00	1	0.04	5	0.0	0.00	0.0	0.000	0.298	79.0	84	73.7	83.5	17.51	 .0713	0.000	702	1	100.0	30
06/26/20	6:30 p	79.2	79.5	79.0	100	79.2	0.0	SE	0.00	1.0	SE	79.2	87.4	87.4	86.5	29.787	0.00	0.00	0	0.00	0	0.0	0.00	0.0	0.000	0.296	79.0	84	73.7	83.5	17.51	 .0713	0.000	699	1	100.0	30
06/26/20	7:00 p	78.8	79.2	78.7	100	78.8	0.0	---	0.00	0.0	---	78.8	86.3	86.3	85.3	29.692	0.00	0.00	0	0.00	0	0.0	0.00	0.0	0.000	0.288	79.0	84	73.7	83.5	17.51	 .0710	0.000	699	1	100.0	30
06/26/20	7:30 p	78.3	78.8	78.2	100	78.3	0.0	---	0.00	0.0	---	78.3	85.1	85.1	84.1	29.692	0.00	0.00	0	0.00	0	0.0	0.00	0.0	0.000	0.277	79.0	84	73.7	83.5	17.51	 .0710	0.000	698	1	100.0	30
06/26/20	8:00 p	77.9	78.3	77.8	100	77.9	0.0	---	0.00	0.0	---	77.9	84.2	84.2	83.1	29.692	0.00	0.00	0	0.00	0	0.0	0.00	0.0	0.000	0.269	79.0	84	73.7	83.5	17.51	 .0710	0.000	699	1	100.0	30
06/26/20	8:30 p	77.9	78.1	77.8	100	77.9	0.0	---	0.00	0.0	---	77.9	84.2	84.2	83.1	29.822	0.00	0.00	0	0.00	0	0.0	0.00	0.0	0.000	0.269	79.0	84	73.7	83.5	17.51	 .0714	0.000	700	1	100.0	30
06/26/20	9:00 p	77.8	78.0	77.7	100	77.8	0.0	---	0.00	0.0	---	77.8	84.0	84.0	82.9	29.217	0.00	0.00	0	0.00	0	0.0	0.00	0.0	0.000	0.267	79.0	84	73.7	83.5	17.51	 .0699	0.000	700	1	100.0	30
06/26/20	9:30 p	77.4	77.8	77.4	100	77.4	0.0	---	0.00	0.0	---	77.4	83.1	83.1	82.0	29.217	0.00	0.00	0	0.00	0	0.0	0.00	0.0	0.000	0.258	79.0	84	73.7	83.5	17.51	 .0699	0.000	701	1	100.0	30
06/26/20	10:00 p	77.1	77.5	77.1	100	77.1	0.0	---	0.00	0.0	---	77.1	82.4	82.4	81.3	29.692	0.00	0.00	0	0.00	0	0.0	0.00	0.0	0.000	0.252	79.0	84	73.7	83.5	17.51	 .0710	0.000	702	1	100.0	30
06/26/20	10:30 p	77.0	77.2	77.0	100	77.0	0.0	---	0.00	0.0	---	77.0	82.2	82.2	81.1	29.817	0.00	0.00	0	0.00	0	0.0	0.00	0.0	0.000	0.250	79.0	84	73.7	83.5	17.51	 .0714	0.000	699	1	100.0	30
06/26/20	11:00 p	76.9	77.1	76.9	100	76.9	0.0	---	0.00	0.0	---	76.9	82.0	82.0	80.9	29.817	0.00	0.00	0	0.00	0	0.0	0.00	0.0	0.000	0.248	79.0	84	73.7	83.5	17.51	 .0714	0.000	702	1	100.0	30
06/26/20	11:30 p	77.2	77.3	76.9	100	77.2	0.0	---	0.00	0.0	---	77.2	82.6	82.6	81.5	29.821	0.00	0.00	0	0.00	0	0.0	0.00	0.0	0.000	0.254	79.0	84	73.7	83.5	17.51	 .0714	0.000	698	1	100.0	30
06/27/20	12:00 a	77.5	77.5	77.1	100	77.5	0.0	---	0.00	0.0	---	77.5	83.3	83.3	82.2	29.821	0.02	0.09	0	0.00	0	0.0	0.00	0.0	0.000	0.260	79.0	84	73.7	83.5	17.51	 .0714	0.000	697	1	100.0	30
06/27/20	12:30 a	77.7	77.7	77.5	100	77.7	0.0	---	0.00	0.0	---	77.7	83.7	83.7	82.6	29.805	0.01	0.09	0	0.00	0	0.0	0.00	0.0	0.000	0.265	79.0	84	73.7	83.5	17.51	 .0713	0.000	696	1	100.0	30
06/27/20	1:00 a	77.9	77.9	77.7	100	77.9	0.0	ESE	0.00	2.0	ESE	77.9	84.2	84.2	83.1	29.805	0.08	1.75	0	0.00	0	0.0	0.00	0.0	0.000	0.269	79.0	84	73.7	83.5	17.51	 .0713	0.000	701	1	100.0	30
06/27/20	1:30 a	78.1	78.1	77.8	100	78.1	0.0	WSW	0.00	2.0	NE	78.1	84.6	84.6	83.6	29.805	0.03	0.24	0	0.00	0	0.0	0.00	0.0	0.000	0.273	79.0	84	73.7	83.5	17.51	 .0713	0.000	701	1	100.0	30
06/27/20	2:00 a	78.0	78.2	78.0	100	78.0	0.0	WSW	0.00	1.0	WSW	78.0	84.4	84.4	83.4	29.805	0.01	0.00	0	0.00	0	0.0	0.00	0.0	0.000	0.271	79.0	84	73.7	83.5	17.51	 .0713	0.000	699	1	100.0	30
06/27/20	2:30 a	77.5	78.1	77.4	100	77.5	0.0	SW	0.00	2.0	WSW	77.5	83.3	83.3	82.2	29.805	0.00	0.00	0	0.00	0	0.0	0.00	0.0	0.000	0.260	79.0	84	73.7	83.5	17.51	 .0713	0.000	700	1	100.0	30
06/27/20	3:00 a	77.0	77.6	76.9	100	77.0	0.0	WSW	0.00	2.0	SW	77.0	82.2	82.2	81.1	29.805	0.12	0.96	0	0.00	0	0.0	0.00	0.0	0.000	0.250	79.0	84	73.7	83.5	17.51	 .0713	0.000	700	1	100.0	30
06/27/20	3:30 a	76.5	77.1	76.5	100	76.5	0.0	SW	0.00	3.0	SW	76.5	81.3	81.3	80.2	29.805	0.06	0.97	0	0.00	0	0.0	0.00	0.0	0.000	0.240	79.0	84	73.7	83.5	17.51	 .0713	0.000	701	1	100.0	30
06/27/20	4:00 a	76.3	76.7	76.3	100	76.3	0.0	SW	0.00	2.0	SW	76.3	80.9	80.9	79.8	29.805	0.39	1.98	0	0.00	0	0.0	0.00	0.0	0.000	0.235	79.0	84	73.7	83.5	17.51	 .0713	0.000	702	1	100.0	30
06/27/20	4:30 a	76.2	76.3	76.0	100	76.2	0.0	SW	0.00	3.0	ESE	76.2	80.7	80.7	79.6	29.781	0.07	1.02	0	0.00	0	0.0	0.00	0.0	0.000	0.233	78.3	96	77.1	84.3	21.75	 .0711	0.000	701	1	100.0	30
06/27/20	5:00 a	76.1	76.4	76.1	100	76.1	0.0	E	0.00	2.0	ESE	76.1	80.5	80.5	79.4	29.781	0.01	0.00	0	0.00	0	0.0	0.00	0.0	0.000	0.231	78.3	96	77.1	84.3	21.75	 .0711	0.000	702	1	100.0	30
06/27/20	5:30 a	76.3	76.3	76.1	100	76.3	0.0	E	0.00	2.0	E	76.3	80.9	80.9	79.9	29.781	0.00	0.00	3	0.13	14	0.0	0.00	0.0	0.000	0.235	78.3	96	77.1	84.3	21.75	 .0711	0.000	701	1	100.0	30
06/27/20	6:00 a	76.7	76.7	76.3	100	76.7	0.0	---	0.00	0.0	---	76.7	81.6	81.6	80.9	29.781	0.00	0.00	19	0.82	30	0.0	0.00	0.0	0.000	0.244	78.3	96	77.1	84.3	21.75	 .0711	0.000	702	1	100.0	30
06/27/20	6:30 a	76.9	77.0	76.6	100	76.9	0.0	---	0.00	0.0	---	76.9	82.0	82.0	81.8	29.781	0.00	0.00	13	0.56	18	0.0	0.00	0.0	0.000	0.248	78.3	96	77.1	84.3	21.75	 .0711	0.000	700	1	100.0	30
06/27/20	7:00 a	76.9	77.0	76.7	100	76.9	0.0	SE	0.00	1.0	SE	76.9	82.0	82.0	81.7	29.781	0.01	0.00	11	0.47	14	0.0	0.00	0.0	0.000	0.248	78.3	96	77.1	84.3	21.75	 .0711	0.000	702	1	100.0	30
06/27/20	7:30 a	77.0	77.1	76.8	100	77.0	0.0	NNW	0.00	1.0	NNW	77.0	82.2	82.2	81.9	19.389	0.00	0.00	12	0.52	16	0.0	0.00	0.0	0.000	0.250	78.3	96	77.1	84.3	21.75	 .0455	0.000	698	1	100.0	30
06/27/20	8:00 a	77.3	77.3	76.9	100	77.3	0.0	SE	0.00	1.0	SE	77.3	82.9	82.9	82.6	19.389	0.02	0.00	15	0.65	21	0.0	0.00	0.0	0.000	0.256	78.3	96	77.1	84.3	21.75	 .0455	0.000	699	1	100.0	30
06/27/20	8:30 a	77.4	77.5	77.2	100	77.4	0.0	SSE	0.00	1.0	SSE	77.4	83.1	83.1	83.0	19.389	0.03	0.11	22	0.95	33	0.0	0.00	0.0	0.000	0.258	78.3	96	77.1	84.3	21.75	 .0455	0.000	700	1	100.0	30
06/27/20	9:00 a	77.8	77.8	77.4	100	77.8	0.0	SSE	0.00	1.0	SSE	77.8	84.0	84.0	84.5	19.389	0.03	0.10	47	2.02	63	0.2	0.04	0.6	0.000	0.267	78.3	96	77.1	84.3	21.75	 .0455	0.001	701	1	100.0	30
06/27/20	9:30 a	77.9	78.0	77.7	100	77.9	0.0	SSE	0.00	1.0	SSE	77.9	84.2	84.2	85.0	19.389	0.06	0.17	64	2.75	74	0.6	0.13	0.7	0.000	0.269	78.3	96	77.1	84.3	21.75	 .0455	0.000	701	1	100.0	30
06/27/20	10:00 a	78.1	78.1	77.3	100	78.1	0.0	SSE	0.00	1.0	SSE	78.1	84.6	84.6	86.4	19.389	0.01	0.11	101	4.34	116	1.0	0.21	1.3	0.000	0.273	78.3	96	77.1	84.3	21.75	 .0455	0.002	701	1	100.0	30
06/27/20	10:30 a	78.0	78.3	77.6	100	78.0	0.0	SSE	0.00	1.0	SSE	78.0	84.4	84.4	86.7	19.389	0.00	0.00	125	5.38	244	1.4	0.30	2.7	0.000	0.271	78.3	96	77.1	84.3	21.75	 .0455	0.000	702	1	100.0	30
06/27/20	11:00 a	79.4	79.7	77.7	100	79.4	0.0	SSE	0.00	1.0	SSE	79.4	87.9	87.9	95.1	29.693	0.00	0.00	331	14.23	413	3.5	0.75	4.1	0.000	0.300	80.1	96	78.9	88.7	21.75	 .0705	0.006	700	1	100.0	30
06/27/20	11:30 a	79.4	80.1	78.3	100	79.4	0.0	SSE	0.00	2.0	SSE	79.4	87.9	87.9	94.8	29.693	0.00	0.00	316	13.59	380	4.0	0.86	4.7	0.000	0.300	80.1	96	78.9	88.7	21.75	 .0705	0.000	702	1	100.0	30
06/27/20	12:00 p	83.1	83.1	79.2	100	83.1	1.0	E	0.50	3.0	E	83.1	99.6	99.6	111.3	29.693	0.01	0.00	596	25.63	925	7.0	1.50	10.0	0.000	0.377	80.1	96	78.9	88.7	21.75	 .0705	0.012	698	1	100.0	30
06/27/20	12:30 p	85.2	85.2	83.0	100	85.2	1.0	ENE	0.50	6.0	NE	85.2	108.7	108.7	124.0	29.805	0.00	0.00	1256	54.02	1357	9.9	2.12	11.2	0.000	0.421	80.1	96	78.9	88.7	21.75	 .0708	0.000	700	1	100.0	30
06/27/20	1:00 p	84.4	85.4	84.3	100	84.4	2.0	SE	1.00	8.0	SE	84.4	104.9	104.9	117.4	29.783	0.00	0.00	983	42.27	1352	8.9	1.91	11.0	0.000	0.404	80.1	96	78.9	88.7	21.75	 .0707	0.027	702	1	100.0	30
06/27/20	1:30 p	83.1	84.4	82.8	100	83.1	2.0	SE	1.00	11.0	SSE	83.1	99.6	99.6	111.4	29.783	0.00	0.00	608	26.15	1039	6.0	1.29	8.5	0.000	0.377	80.1	96	78.9	88.7	21.75	 .0707	0.000	699	1	100.0	30
06/27/20	2:00 p	81.3	83.6	81.2	100	81.3	2.0	SE	1.00	11.0	ESE	81.3	93.5	93.5	103.0	29.783	0.00	0.00	438	18.84	631	4.2	0.90	5.9	0.000	0.340	80.1	96	78.9	88.7	21.75	 .0707	0.014	701	1	100.0	30
06/27/20	2:30 p	82.8	82.8	81.0	100	82.8	2.0	SSE	1.00	6.0	SSE	82.8	98.5	98.5	109.2	29.783	0.00	0.00	481	20.69	631	4.2	0.90	5.9	0.000	0.371	80.1	96	78.9	88.7	21.75	 .0707	0.000	700	1	100.0	30
06/27/20	3:00 p	81.3	83.4	81.3	100	81.3	2.0	SE	1.00	9.0	SSE	81.3	93.5	93.5	102.9	29.783	0.00	0.00	373	16.04	986	2.8	0.60	5.7	0.000	0.340	80.1	96	78.9	88.7	21.75	 .0707	0.012	698	1	100.0	30
06/27/20	3:30 p	80.4	81.4	80.2	100	80.4	1.0	SE	0.50	8.0	SE	80.4	90.8	90.8	96.1	29.783	0.00	0.00	181	7.78	267	1.2	0.26	1.9	0.000	0.321	80.1	96	78.9	88.7	21.75	 .0707	0.000	701	1	100.0	30
06/27/20	4:00 p	79.8	80.4	79.8	100	79.8	1.0	ESE	0.50	4.0	S	79.8	89.0	89.0	91.0	29.783	0.00	0.00	69	2.97	144	0.1	0.02	0.9	0.000	0.308	80.1	96	78.9	88.7	21.75	 .0707	0.003	697	1	100.0	30
06/27/20	4:30 p	79.5	79.8	79.2	100	79.5	1.0	NE	0.50	4.0	SSE	79.5	88.2	88.2	89.3	29.770	0.00	0.00	40	1.72	56	0.0	0.00	0.0	0.000	0.302	80.1	96	78.9	88.7	21.75	 .0707	0.000	701	1	100.0	30
06/27/20	5:00 p	79.1	79.6	78.9	100	79.1	0.0	E	0.00	3.0	E	79.1	87.1	87.1	87.8	29.780	0.00	0.00	26	1.12	37	0.0	0.00	0.0	0.000	0.294	81.9	96	80.6	93.9	21.75	 .0704	0.001	701	1	100.0	30
06/27/20	5:30 p	78.4	79.1	78.4	100	78.4	0.0	E	0.00	2.0	E	78.4	85.4	85.4	84.7	29.780	0.00	0.00	11	0.47	16	0.0	0.00	0.0	0.000	0.279	81.9	96	80.6	93.9	21.75	 .0704	0.000	701	1	100.0	30
06/27/20	6:00 p	78.4	78.8	78.4	100	78.4	0.0	E	0.00	2.0	E	78.4	85.4	85.4	84.4	29.802	0.02	1.17	0	0.00	5	0.0	0.00	0.0	0.000	0.279	81.0	93	78.8	90.1	21.27	 .0707	0.000	701	1	100.0	30
06/27/20	6:30 p	78.1	78.5	78.0	100	78.1	0.0	E	0.00	2.0	E	78.1	84.6	84.6	83.6	29.802	0.06	0.82	0	0.00	0	0.0	0.00	0.0	0.000	0.273	81.0	93	78.8	90.1	21.27	 .0707	0.000	700	1	100.0	30
06/27/20	7:00 p	77.8	78.2	77.7	100	77.8	0.0	E	0.00	1.0	E	77.8	84.0	84.0	83.0	29.693	0.00	0.00	0	0.00	0	0.0	0.00	0.0	0.000	0.267	81.0	93	78.8	90.1	21.27	 .0704	0.000	698	1	100.0	30
06/27/20	7:30 p	77.5	77.8	77.5	100	77.5	0.0	E	0.00	1.0	E	77.5	83.3	83.3	82.3	29.693	0.00	0.00	0	0.00	0	0.0	0.00	0.0	0.000	0.260	81.0	93	78.8	90.1	21.27	 .0704	0.000	702	1	100.0	30
06/27/20	8:00 p	77.4	77.7	77.4	100	77.4	0.0	E	0.00	1.0	E	77.4	83.1	83.1	82.1	29.840	0.00	0.00	0	0.00	0	0.0	0.00	0.0	0.000	0.258	81.0	93	78.8	90.1	21.27	 .0708	0.000	702	1	100.0	30
06/27/20	8:30 p	74.3	77.5	74.3	100	74.3	2.0	ENE	1.00	14.0	NNW	74.3	78.0	78.0	76.8	29.848	0.17	1.84	0	0.00	0	0.0	0.00	0.0	0.000	0.194	81.0	93	78.8	90.1	21.27	 .0708	0.000	700	1	100.0	30
06/27/20	9:00 p	73.8	74.3	73.8	100	73.8	2.0	NNE	1.00	8.0	NW	73.8	77.4	77.4	76.2	29.848	0.35	1.71	0	0.00	0	0.0	0.00	0.0	0.000	0.183	81.0	93	78.8	90.1	21.27	 .0708	0.000	700	1	100.0	30
06/27/20	9:30 p	73.7	74.0	73.6	100	73.7	1.0	ESE	0.50	3.0	NE	73.7	77.3	77.3	76.1	29.848	0.02	0.20	0	0.00	0	0.0	0.00	0.0	0.000	0.181	81.0	93	78.8	90.1	21.27	 .0708	0.000	700	1	100.0	30
06/27/20	10:00 p	73.6	73.7	73.5	100	73.6	1.0	E	0.50	3.0	S	73.6	77.2	77.2	76.0	29.693	0.00	0.00	0	0.00	0	0.0	0.00	0.0	0.000	0.179	81.0	93	78.8	90.1	21.27	 .0704	0.000	703	1	100.0	30
06/27/20	10:30 p	73.7	73.8	73.5	100	73.7	0.0	NE	0.00	4.0	NE	73.7	77.3	77.3	76.1	29.693	0.02	0.04	0	0.00	0	0.0	0.00	0.0	0.000	0.181	81.0	93	78.8	90.1	21.27	 .0704	0.000	699	1	100.0	30
06/27/20	11:00 p	73.7	73.9	73.5	100	73.7	0.0	NE	0.00	2.0	NE	73.7	77.3	77.3	76.1	29.693	0.01	0.04	0	0.00	0	0.0	0.00	0.0	0.000	0.181	81.0	93	78.8	90.1	21.27	 .0704	0.000	701	1	100.0	30
06/27/20	11:30 p	73.8	73.9	73.7	100	73.8	0.0	NE	0.00	2.0	NE	73.8	77.4	77.4	76.2	29.693	0.01	0.00	0	0.00	0	0.0	0.00	0.0	0.000	0.183	81.0	93	78.8	90.1	21.27	 .0704	0.000	701	1	100.0	30
06/28/20	12:00 a	74.0	74.0	73.7	100	74.0	0.0	NE	0.00	3.0	NNE	74.0	77.6	77.6	76.4	29.693	0.02	0.06	0	0.00	0	0.0	0.00	0.0	0.000	0.188	81.0	93	78.8	90.1	21.27	 .0704	0.000	699	1	100.0	30
06/28/20	12:30 a	74.2	74.2	73.9	100	74.2	0.0	NNW	0.00	1.0	NNW	74.2	77.8	77.8	76.6	29.170	0.00	0.00	0	0.00	0	0.0	0.00	0.0	0.000	0.192	81.0	93	78.8	90.1	21.27	 .0691	0.000	700	1	100.0	30
06/28/20	1:00 a	74.0	74.2	74.0	100	74.0	0.0	NNW	0.00	1.0	NNW	74.0	77.6	77.6	76.4	29.170	0.00	0.00	0	0.00	0	0.0	0.00	0.0	0.000	0.188	76.3	94	74.4	80.4	21.35	 .0701	0.000	700	1	100.0	30
06/28/20	1:30 a	74.0	74.1	73.9	100	74.0	0.0	---	0.00	0.0	---	74.0	77.6	77.6	76.4	29.772	0.00	0.00	0	0.00	0	0.0	0.00	0.0	0.000	0.188	76.3	94	74.4	80.4	21.35	 .0716	0.000	699	1	100.0	30
06/28/20	2:00 a	74.0	74.2	73.9	100	74.0	0.0	NNW	0.00	1.0	NNW	74.0	77.6	77.6	76.4	29.768	0.00	0.00	0	0.00	0	0.0	0.00	0.0	0.000	0.188	76.3	94	74.4	80.4	21.35	 .0715	0.000	699	1	100.0	30
06/28/20	2:30 a	73.5	74.0	73.4	100	73.5	0.0	NNW	0.00	1.0	NNW	73.5	77.1	77.1	75.9	29.752	0.00	0.00	0	0.00	0	0.0	0.00	0.0	0.000	0.177	76.3	94	74.4	80.4	21.35	 .0715	0.000	701	1	100.0	30
06/28/20	3:00 a	73.0	73.5	72.9	100	73.0	0.0	NNW	0.00	1.0	NNW	73.0	76.6	76.6	75.4	29.740	0.00	0.00	0	0.00	0	0.0	0.00	0.0	0.000	0.167	76.3	94	74.4	80.4	21.35	 .0715	0.000	697	1	100.0	30
06/28/20	3:30 a	72.4	73.1	72.4	100	72.4	0.0	NNW	0.00	1.0	NNW	72.4	76.0	76.0	74.7	29.761	0.00	0.00	0	0.00	0	0.0	0.00	0.0	0.000	0.154	76.3	94	74.4	80.4	21.35	 .0715	0.000	702	1	100.0	30
06/28/20	4:00 a	72.1	72.5	72.1	100	72.1	0.0	---	0.00	0.0	---	72.1	75.7	75.7	74.4	29.693	0.00	0.00	0	0.00	0	0.0	0.00	0.0	0.000	0.148	76.3	94	74.4	80.4	21.35	 .0714	0.000	702	1	100.0	30
06/28/20	4:30 a	72.1	72.3	72.1	100	72.1	0.0	---	0.00	0.0	---	72.1	75.7	75.7	74.4	29.693	0.00	0.00	0	0.00	0	0.0	0.00	0.0	0.000	0.148	76.3	94	74.4	80.4	21.35	 .0714	0.000	702	1	100.0	30
06/28/20	5:00 a	72.1	72.2	72.0	100	72.1	0.0	---	0.00	0.0	---	72.1	75.7	75.7	74.4	29.693	0.00	0.00	0	0.00	0	0.0	0.00	0.0	0.000	0.148	76.3	94	74.4	80.4	21.35	 .0714	0.000	700	1	100.0	30
06/28/20	5:30 a	72.1	72.3	72.0	100	72.1	0.0	---	0.00	0.0	---	72.1	75.7	75.7	74.4	29.693	0.00	0.00	0	0.00	5	0.0	0.00	0.0	0.000	0.148	76.3	94	74.4	80.4	21.35	 .0714	0.000	700	1	100.0	30
06/28/20	6:00 a	72.6	72.6	72.1	100	72.6	0.0	NNE	0.00	1.0	NNE	72.6	76.2	76.2	75.3	29.693	0.00	0.00	15	0.65	25	0.0	0.00	0.0	0.000	0.158	76.3	94	74.4	80.4	21.35	 .0714	0.000	701	1	100.0	30
06/28/20	6:30 a	74.0	74.0	72.7	100	74.0	0.0	NNE	0.00	3.0	NNE	74.0	77.6	77.6	78.9	29.693	0.00	0.00	44	1.89	72	0.0	0.00	0.0	0.000	0.188	76.3	94	74.4	80.4	21.35	 .0714	0.000	700	1	100.0	30
06/28/20	7:00 a	75.7	75.7	73.9	100	75.7	0.0	NNW	0.00	2.0	NNW	75.7	79.8	79.8	83.3	29.693	0.00	0.00	106	4.56	127	0.3	0.06	0.6	0.000	0.223	76.3	94	74.4	80.4	21.35	 .0714	0.002	701	1	100.0	30
06/28/20	7:30 a	77.1	77.1	75.7	100	77.1	0.0	N	0.00	2.0	N	77.1	82.4	82.4	87.0	29.693	0.00	0.00	155	6.67	183	0.9	0.19	1.2	0.000	0.252	76.3	94	74.4	80.4	21.35	 .0714	0.000	701	1	100.0	30
06/28/20	8:00 a	77.7	77.7	76.5	100	77.7	0.0	W	0.00	2.0	N	77.7	83.7	83.7	89.6	29.822	0.00	0.00	216	9.29	366	1.4	0.30	1.7	0.000	0.265	76.3	94	74.4	80.4	21.35	 .0717	0.004	700	1	100.0	30
06/28/20	8:30 a	78.6	79.1	77.5	100	78.6	0.0	W	0.00	2.0	W	78.6	85.8	85.8	96.5	29.822	0.00	0.00	471	20.26	731	2.7	0.58	3.5	0.000	0.283	76.3	94	74.4	80.4	21.35	 .0717	0.000	701	1	100.0	30
06/28/20	9:00 a	81.0	81.2	78.6	100	81.0	0.0	ENE	0.00	2.0	NNE	81.0	92.5	92.5	104.7	29.822	0.00	0.00	620	26.66	824	3.3	0.71	3.8	0.000	0.333	76.3	94	74.4	80.4	21.35	 .0717	0.014	700	1	100.0	30
06/28/20	9:30 a	81.6	82.5	79.8	100	81.6	0.0	SE	0.00	4.0	SSE	81.6	94.4	94.4	106.9	29.822	0.00	0.00	689	29.63	918	3.2	0.69	3.7	0.000	0.346	76.3	94	74.4	80.4	21.35	 .0717	0.000	698	1	100.0	30
06/28/20	10:00 a	83.2	83.6	81.2	100	83.2	1.0	SW	0.50	5.0	SSE	83.2	100.0	100.0	112.9	29.822	0.00	0.00	754	32.43	842	4.4	0.94	5.9	0.000	0.379	76.3	94	74.4	80.4	21.35	 .0717	0.018	703	1	100.0	30
06/28/20	10:30 a	83.9	84.3	82.3	100	83.9	1.0	SW	0.50	4.0	S	83.9	102.7	102.7	115.2	29.822	0.00	0.00	678	29.16	821	6.3	1.35	7.3	0.000	0.394	76.3	94	74.4	80.4	21.35	 .0717	0.000	700	1	100.0	30
06/28/20	11:00 a	83.5	84.1	82.9	100	83.5	1.0	SSW	0.50	6.0	WSW	83.5	101.1	101.1	112.5	29.822	0.00	0.00	576	24.77	949	7.3	1.56	8.7	0.000	0.385	76.3	94	74.4	80.4	21.35	 .0717	0.016	699	1	100.0	30
06/28/20	11:30 a	82.8	84.1	82.6	100	82.8	0.0	S	0.00	4.0	SSW	82.8	98.5	98.5	107.7	29.822	0.00	0.00	431	18.54	729	4.8	1.03	7.0	0.000	0.371	76.3	94	74.4	80.4	21.35	 .0717	0.000	699	1	100.0	30
06/28/20	12:00 p	80.2	82.8	80.2	100	80.2	0.0	S	0.00	1.0	S	80.2	90.2	90.2	95.4	29.822	0.00	0.00	235	10.11	299	2.8	0.60	3.5	0.000	0.317	76.3	94	74.4	80.4	21.35	 .0717	0.008	699	1	100.0	30
06/28/20	12:30 p	78.1	80.7	78.0	100	78.1	0.0	SSW	0.00	2.0	SSW	78.1	84.6	84.6	87.4	29.822	0.02	0.36	145	6.24	185	1.8	0.39	2.2	0.000	0.273	76.3	94	74.4	80.4	21.35	 .0717	0.000	702	1	100.0	30
06/28/20	1:00 p	78.9	79.0	78.1	100	78.9	0.0	SSW	0.00	1.0	SSW	78.9	86.6	86.6	90.2	29.822	0.00	0.00	176	7.57	206	2.1	0.45	2.4	0.000	0.290	76.3	94	74.4	80.4	21.35	 .0717	0.004	699	1	100.0	30
06/28/20	1:30 p	79.4	79.9	78.7	100	79.4	0.0	SSW	0.00	2.0	SSW	79.4	87.9	87.9	93.4	29.822	0.00	0.00	248	10.67	278	2.7	0.58	3.0	0.000	0.300	76.3	94	74.4	80.4	21.35	 .0717	0.000	702	1	100.0	30
06/28/20	2:00 p	79.8	80.2	79.4	100	79.8	0.0	SSW	0.00	2.0	SSW	79.8	89.0	89.0	95.0	29.822	0.00	0.00	265	11.40	290	2.5	0.54	2.7	0.000	0.308	76.3	94	74.4	80.4	21.35	 .0717	0.006	699	1	100.0	30
06/28/20	2:30 p	79.8	80.4	79.2	100	79.8	0.0	SSW	0.00	1.0	SSW	79.8	89.0	89.0	94.7	29.822	0.00	0.00	237	10.19	264	2.1	0.45	2.2	0.000	0.308	76.3	94	74.4	80.4	21.35	 .0717	0.000	699	1	100.0	30
06/28/20	3:00 p	79.8	80.0	79.5	100	79.8	0.0	SSW	0.00	1.0	SSW	79.8	89.0	89.0	95.4	29.822	0.01	0.00	248	10.67	311	1.9	0.41	2.2	0.000	0.308	76.3	94	74.4	80.4	21.35	 .0717	0.006	699	1	100.0	30
06/28/20	3:30 p	79.9	80.1	79.4	100	79.9	0.0	SSW	0.00	1.0	SSW	79.9	89.3	89.3	95.1	29.822	0.00	0.00	200	8.60	250	1.3	0.28	1.5	0.000	0.310	76.3	94	74.4	80.4	21.35	 .0717	0.000	700	1	100.0	30
06/28/20	4:00 p	79.4	79.9	79.3	100	79.4	0.0	SSW	0.00	1.0	SSW	79.4	87.9	87.9	91.5	29.822	0.00	0.00	114	4.90	141	0.7	0.15	0.9	0.000	0.300	76.3	94	74.4	80.4	21.35	 .0717	0.004	701	1	100.0	30
06/28/20	4:30 p	78.9	79.5	78.7	100	78.9	0.0	SSW	0.00	1.0	SSW	78.9	86.6	86.6	91.1	29.822	0.00	0.00	124	5.33	134	0.5	0.11	0.6	0.000	0.290	76.3	94	74.4	80.4	21.35	 .0717	0.000	700	1	100.0	30
06/28/20	5:00 p	78.6	79.1	78.6	100	78.6	0.0	SSW	0.00	1.0	SSW	78.6	85.8	85.8	89.2	29.693	0.00	0.00	89	3.83	109	0.0	0.00	0.0	0.000	0.283	76.3	94	74.4	80.4	21.35	 .0714	0.003	700	1	100.0	30
06/28/20	5:30 p	78.2	78.7	78.1	100	78.2	0.0	SSW	0.00	1.0	SSW	78.2	84.9	84.9	85.0	29.693	0.00	0.00	56	2.41	69	0.0	0.00	0.0	0.000	0.275	76.3	94	74.4	80.4	21.35	 .0714	0.000	699	1	100.0	30
06/28/20	6:00 p	77.7	78.2	77.7	100	77.7	0.0	---	0.00	0.0	---	77.7	83.7	83.7	82.8	29.693	0.00	0.00	17	0.73	39	0.0	0.00	0.0	0.000	0.265	76.3	94	74.4	80.4	21.35	 .0714	0.001	700	1	100.0	30
06/28/20	6:30 p	76.2	77.7	76.2	100	76.2	0.0	SSW	0.00	1.0	SSW	76.2	80.7	80.7	79.4	29.693	0.00	0.00	0	0.00	0	0.0	0.00	0.0	0.000	0.233	76.3	94	74.4	80.4	21.35	 .0714	0.000	702	1	100.0	30
06/28/20	7:00 p	76.1	76.3	76.0	100	76.1	0.0	SSW	0.00	1.0	SSW	76.1	80.5	80.5	79.2	29.693	0.00	0.00	0	0.00	0	0.0	0.00	0.0	0.000	0.231	76.3	94	74.4	80.4	21.35	 .0714	0.000	701	1	100.0	30
06/28/20	7:30 p	75.1	76.1	75.1	100	75.1	0.0	---	0.00	0.0	---	75.1	78.9	78.9	77.5	29.693	0.00	0.00	0	0.00	0	0.0	0.00	0.0	0.000	0.210	76.3	94	74.4	80.4	21.35	 .0714	0.000	700	1	100.0	30
06/28/20	8:00 p	74.9	75.2	74.8	100	74.9	0.0	---	0.00	0.0	---	74.9	78.7	78.7	77.3	29.693	0.00	0.00	0	0.00	0	0.0	0.00	0.0	0.000	0.206	76.3	94	74.4	80.4	21.35	 .0714	0.000	699	1	100.0	30
06/28/20	8:30 p	74.8	75.0	74.8	100	74.8	0.0	---	0.00	0.0	---	74.8	78.6	78.6	77.2	29.693	0.00	0.00	0	0.00	0	0.0	0.00	0.0	0.000	0.204	76.3	94	74.4	80.4	21.35	 .0714	0.000	700	1	100.0	30
06/28/20	9:00 p	74.9	75.0	74.7	100	74.9	0.0	---	0.00	0.0	---	74.9	78.7	78.7	77.3	29.693	0.00	0.00	0	0.00	0	0.0	0.00	0.0	0.000	0.206	76.3	94	74.4	80.4	21.35	 .0714	0.000	699	1	100.0	30
06/28/20	9:30 p	74.8	74.9	74.7	100	74.8	0.0	---	0.00	0.0	---	74.8	78.6	78.6	77.2	29.693	0.00	0.00	0	0.00	0	0.0	0.00	0.0	0.000	0.204	76.3	94	74.4	80.4	21.35	 .0714	0.000	699	1	100.0	30
06/28/20	10:00 p	74.9	74.9	74.7	100	74.9	0.0	---	0.00	0.0	---	74.9	78.7	78.7	77.3	29.693	0.00	0.00	0	0.00	0	0.0	0.00	0.0	0.000	0.206	76.3	94	74.4	80.4	21.35	 .0714	0.000	702	1	100.0	30
06/28/20	10:30 p	75.3	75.3	74.9	100	75.3	0.0	---	0.00	0.0	---	75.3	79.3	79.3	77.9	29.693	0.00	0.00	0	0.00	0	0.0	0.00	0.0	0.000	0.215	76.3	94	74.4	80.4	21.35	 .0714	0.000	700	1	100.0	30
06/28/20	11:00 p	75.5	75.5	75.3	100	75.5	0.0	---	0.00	0.0	---	75.5	79.6	79.6	78.2	29.693	0.00	0.00	0	0.00	0	0.0	0.00	0.0	0.000	0.219	76.3	94	74.4	80.4	21.35	 .0714	0.000	701	1	100.0	30
06/28/20	11:30 p	75.7	75.8	75.5	100	75.7	0.0	---	0.00	0.0	---	75.7	79.8	79.8	78.4	29.693	0.00	0.00	0	0.00	0	0.0	0.00	0.0	0.000	0.223	76.3	94	74.4	80.4	21.35	 .0714	0.000	699	1	100.0	30
06/29/20	12:00 a	75.9	75.9	75.6	100	75.9	0.0	---	0.00	0.0	---	75.9	80.2	80.2	78.8	29.693	0.00	0.00	0	0.00	0	0.0	0.00	0.0	0.000	0.227	76.3	94	74.4	80.4	21.35	 .0714	0.000	700	1	100.0	30
06/29/20	12:30 a	76.0	76.0	75.8	100	76.0	0.0	---	0.00	0.0	---	76.0	80.3	80.3	79.0	29.693	0.00	0.00	0	0.00	0	0.0	0.00	0.0	0.000	0.229	76.3	94	74.4	80.4	21.35	 .0714	0.000	698	1	100.0	30
06/29/20	1:00 a	76.0	76.2	75.8	100	76.0	0.0	---	0.00	0.0	---	76.0	80.3	80.3	79.0	29.693	0.00	0.00	0	0.00	0	0.0	0.00	0.0	0.000	0.229	76.3	94	74.4	80.4	21.35	 .0714	0.000	701	1	100.0	30
06/29/20	1:30 a	76.3	76.4	76.0	100	76.3	0.0	---	0.00	0.0	---	76.3	80.9	80.9	79.6	29.693	0.00	0.00	0	0.00	0	0.0	0.00	0.0	0.000	0.235	76.3	94	74.4	80.4	21.35	 .0714	0.000	702	1	100.0	30
06/29/20	2:00 a	76.4	76.4	76.2	100	76.4	0.0	---	0.00	0.0	---	76.4	81.1	81.1	79.8	29.693	0.00	0.00	0	0.00	0	0.0	0.00	0.0	0.000	0.238	76.3	94	74.4	80.4	21.35	 .0714	0.000	701	1	100.0	30
06/29/20	2:30 a	76.7	76.7	76.3	100	76.7	0.0	SSW	0.00	1.0	SSW	76.7	81.6	81.6	80.3	29.693	0.02	0.06	0	0.00	0	0.0	0.00	0.0	0.000	0.244	76.3	94	74.4	80.4	21.35	 .0714	0.000	699	1	100.0	30
06/29/20	3:00 a	76.4	76.8	76.3	100	76.4	0.0	S	0.00	3.0	W	76.4	81.1	81.1	79.8	29.693	0.00	0.00	0	0.00	0	0.0	0.00	0.0	0.000	0.238	76.3	94	74.4	80.4	21.35	 .0714	0.000	699	1	100.0	30
06/29/20	3:30 a	76.4	76.5	76.2	100	76.4	0.0	S	0.00	1.0	S	76.4	81.1	81.1	79.8	29.693	0.00	0.00	0	0.00	0	0.0	0.00	0.0	0.000	0.238	76.3	94	74.4	80.4	21.35	 .0714	0.000	699	1	100.0	30
06/29/20	4:00 a	76.2	76.5	76.2	100	76.2	0.0	S	0.00	1.0	S	76.2	80.7	80.7	79.4	29.693	0.00	0.00	0	0.00	0	0.0	0.00	0.0	0.000	0.233	76.3	94	74.4	80.4	21.35	 .0714	0.000	697	1	100.0	30
06/29/20	4:30 a	76.1	76.2	76.0	100	76.1	0.0	---	0.00	0.0	---	76.1	80.5	80.5	79.2	29.693	0.00	0.00	0	0.00	0	0.0	0.00	0.0	0.000	0.231	76.3	94	74.4	80.4	21.35	 .0714	0.000	702	1	100.0	30
06/29/20	5:00 a	75.8	76.2	75.8	100	75.8	0.0	---	0.00	0.0	---	75.8	80.0	80.0	78.6	29.799	0.00	0.00	0	0.00	0	0.0	0.00	0.0	0.000	0.225	76.3	94	74.4	80.4	21.35	 .0716	0.000	700	1	100.0	30
06/29/20	5:30 a	75.3	75.8	75.3	100	75.3	0.0	---	0.00	0.0	---	75.3	79.3	79.3	78.0	29.799	0.00	0.00	1	0.04	7	0.0	0.00	0.0	0.000	0.215	76.3	94	74.4	80.4	21.35	 .0716	0.000	699	1	100.0	30
06/29/20	6:00 a	75.7	75.7	75.3	100	75.7	0.0	SW	0.00	1.0	SW	75.7	79.8	79.8	79.0	29.799	0.00	0.00	23	0.99	30	0.0	0.00	0.0	0.000	0.223	76.3	94	74.4	80.4	21.35	 .0716	0.000	699	1	100.0	30
06/29/20	6:30 a	76.4	76.5	75.6	100	76.4	0.0	SW	0.00	1.0	SW	76.4	81.1	81.1	82.7	29.799	0.00	0.00	50	2.15	84	0.0	0.00	0.0	0.000	0.238	76.3	94	74.4	80.4	21.35	 .0716	0.000	699	1	100.0	30
06/29/20	7:00 a	77.4	77.4	76.4	100	77.4	0.0	WNW	0.00	1.0	WNW	77.4	83.1	83.1	87.0	29.799	0.00	0.00	115	4.95	137	0.2	0.04	0.5	0.000	0.258	76.3	94	74.4	80.4	21.35	 .0716	0.002	702	1	100.0	30
06/29/20	7:30 a	78.4	78.5	77.3	100	78.4	0.0	WNW	0.00	2.0	WNW	78.4	85.4	85.4	91.5	29.799	0.00	0.00	197	8.47	221	0.8	0.17	1.0	0.000	0.279	76.3	94	74.4	80.4	21.35	 .0716	0.000	697	1	100.0	30
06/29/20	8:00 a	79.8	79.8	78.3	100	79.8	0.0	W	0.00	2.0	WNW	79.8	89.0	89.0	94.8	29.799	0.00	0.00	212	9.12	262	1.4	0.30	1.7	0.000	0.308	76.3	94	74.4	80.4	21.35	 .0716	0.005	694	1	100.0	30
06/29/20	8:30 a	80.7	80.9	79.2	100	80.7	0.0	SW	0.00	2.0	SW	80.7	91.6	91.6	100.7	29.799	0.00	0.00	377	16.21	789	2.4	0.51	3.2	0.000	0.327	76.3	94	74.4	80.4	21.35	 .0716	0.000	700	1	100.0	30
06/29/20	9:00 a	80.8	81.6	80.4	100	80.8	1.0	S	0.50	3.0	S	80.8	91.9	91.9	100.7	29.799	0.00	0.00	392	16.86	826	3.0	0.64	3.8	0.000	0.329	76.3	94	74.4	80.4	21.35	 .0716	0.010	703	1	100.0	30
06/29/20	9:30 a	81.6	81.8	80.1	100	81.6	0.0	SE	0.00	2.0	SE	81.6	94.4	94.4	99.3	29.799	0.00	0.00	220	9.46	508	2.7	0.58	3.8	0.000	0.346	76.3	94	74.4	80.4	21.35	 .0716	0.000	700	1	100.0	30
06/29/20	10:00 a	82.8	83.1	81.1	100	82.8	1.0	SSW	0.50	4.0	SSW	82.8	98.5	98.5	108.9	29.799	0.00	0.00	510	21.93	1053	4.4	0.94	5.7	0.000	0.371	76.3	94	74.4	80.4	21.35	 .0716	0.010	700	1	100.0	30
06/29/20	10:30 a	83.8	85.3	82.8	100	83.8	1.0	SW	0.50	5.0	SSW	83.8	102.3	102.3	114.8	29.799	0.00	0.00	682	29.33	1171	6.2	1.33	8.4	0.000	0.392	76.3	94	74.4	80.4	21.35	 .0716	0.000	701	1	100.0	30
06/29/20	11:00 a	84.2	84.8	83.4	100	84.2	1.0	SSW	0.50	4.0	S	84.2	104.0	104.0	116.1	29.799	0.00	0.00	629	27.05	1079	7.0	1.50	9.8	0.000	0.400	76.3	94	74.4	80.4	21.35	 .0716	0.018	702	1	100.0	30
06/29/20	11:30 a	85.1	86.2	84.1	100	85.1	1.0	SW	0.50	5.0	NNE	85.1	108.2	108.2	120.1	29.799	0.00	0.00	1046	44.98	1146	9.5	2.04	10.2	0.000	0.419	76.3	94	74.4	80.4	21.35	 .0716	0.000	701	1	100.0	30
06/29/20	12:00 p	85.6	86.3	84.7	100	85.6	1.0	SE	0.50	7.0	NNE	85.6	111.0	111.0	123.7	29.799	0.00	0.00	1101	47.35	1252	9.7	2.08	10.6	0.000	0.429	76.3	94	74.4	80.4	21.35	 .0716	0.026	697	1	100.0	30
06/29/20	12:30 p	85.4	86.3	85.0	100	85.4	1.0	WSW	0.50	6.0	S	85.4	109.8	109.8	121.4	29.799	0.00	0.00	971	41.76	1280	8.4	1.80	10.8	0.000	0.425	76.3	94	74.4	80.4	21.35	 .0716	0.000	702	1	100.0	30
06/29/20	1:00 p	84.0	85.7	84.0	100	84.0	2.0	SSE	1.00	8.0	SE	84.0	103.1	103.1	114.4	29.693	0.00	0.00	572	24.60	1255	6.5	1.39	10.0	0.000	0.396	76.3	94	74.4	80.4	21.35	 .0714	0.020	702	1	100.0	30
06/29/20	1:30 p	84.9	84.9	83.0	100	84.9	2.0	SE	1.00	10.0	E	84.9	107.2	107.2	117.4	29.693	0.00	0.00	488	20.99	1206	4.7	1.01	8.2	0.000	0.415	76.3	94	74.4	80.4	21.35	 .0714	0.000	702	1	100.0	30
06/29/20	2:00 p	84.1	85.4	84.1	100	84.1	2.0	ESE	1.00	10.0	SE	84.1	103.5	103.5	115.9	29.693	0.00	0.00	777	33.42	1042	5.7	1.22	7.5	0.000	0.398	76.3	94	74.4	80.4	21.35	 .0714	0.017	698	1	100.0	30
06/29/20	2:30 p	85.1	85.2	84.0	100	85.1	2.0	E	1.00	10.0	S	85.1	108.2	108.2	121.7	29.693	0.00	0.00	778	33.46	1011	5.0	1.07	6.2	0.000	0.419	76.3	94	74.4	80.4	21.35	 .0714	0.000	701	1	100.0	30
06/29/20	3:00 p	83.2	86.1	83.2	100	83.2	2.0	SSE	1.00	8.0	E	83.2	100.0	100.0	114.8	29.693	0.00	0.00	737	31.70	874	3.9	0.84	4.9	0.000	0.379	76.3	94	74.4	80.4	21.35	 .0714	0.018	700	1	100.0	30
06/29/20	3:30 p	81.7	83.5	81.7	100	81.7	1.0	ESE	0.50	6.0	SSE	81.7	94.7	94.7	99.1	29.693	0.00	0.00	151	6.49	318	1.1	0.24	2.2	0.000	0.348	76.3	94	74.4	80.4	21.35	 .0714	0.000	701	1	100.0	30
06/29/20	4:00 p	80.7	81.6	80.4	100	80.7	0.0	ESE	0.00	2.0	E	80.7	91.6	91.6	92.6	29.693	0.00	0.00	42	1.81	63	0.0	0.00	0.0	0.000	0.327	76.3	94	74.4	80.4	21.35	 .0714	0.002	699	1	100.0	30
06/29/20	4:30 p	79.9	80.7	79.9	100	79.9	0.0	---	0.00	0.0	---	79.9	89.3	89.3	89.5	29.693	0.00	0.00	20	0.86	28	0.0	0.00	0.0	0.000	0.310	76.3	94	74.4	80.4	21.35	 .0714	0.000	701	1	100.0	30
