		Temp	Hi	Low	Out	Dew	Wind	Wind	Wind	Hi	Hi	Wind	Heat	THW	THSW			Rain	Solar	Solar	Hi Solar	UV 	UV 	Hi 	Heat	Cool	In 	In	In 	In 	In 	In Air		Wind	Wind	ISS 	Arc.
Date	Time	Out	Temp	Temp	Hum	Pt.	Speed	Dir	Run	Speed	Dir	Chill	Index	Index	Index	Bar  	Rain	Rate	Rad.	Energy	Rad. 	Index	Dose	UV 	D-D 	D-D 	Temp	Hum	Dew	Heat	EMC	Density	ET 	Samp	Tx 	Recept	Int.
03/01/20	12:30 a	76.4	76.6	76.3	88	72.6	0.0	---	0.00	0.0	---	76.4	80.0	80.0	78.2	29.833	0.00	0.00	0	0.00	0	0.0	0.00	0.0	0.000	0.238	70.2	77	62.6	71.0	14.95	 .0732	0.000	699	1	100.0	30
03/01/20	1:00 a	76.0	76.3	76.0	88	72.2	0.0	---	0.00	0.0	---	76.0	79.4	79.4	77.6	29.815	0.00	0.00	0	0.00	0	0.0	0.00	0.0	0.000	0.229	70.3	87	66.2	72.1	18.86	 .0730	0.000	701	1	100.0	30
03/01/20	1:30 a	76.0	76.2	75.9	88	72.2	0.0	---	0.00	0.0	---	76.0	79.4	79.4	77.6	29.807	0.00	0.00	0	0.00	0	0.0	0.00	0.0	0.000	0.229	70.5	91	67.7	72.7	20.68	 .0729	0.000	699	1	100.0	30
03/01/20	2:00 a	75.8	76.0	75.7	88	72.0	0.0	---	0.00	0.0	---	75.8	79.2	79.2	77.4	29.803	0.00	0.00	0	0.00	0	0.0	0.00	0.0	0.000	0.225	70.5	91	67.7	72.7	20.68	 .0728	0.000	700	1	100.0	30
03/01/20	2:30 a	75.4	75.8	75.4	88	71.6	0.0	---	0.00	0.0	---	75.4	78.7	78.7	76.9	29.801	0.00	0.00	0	0.00	0	0.0	0.00	0.0	0.000	0.217	70.6	92	68.2	72.9	20.79	 .0728	0.000	702	1	100.0	30
03/01/20	3:00 a	75.2	75.7	75.2	88	71.4	0.0	---	0.00	0.0	---	75.2	78.5	78.5	76.7	29.799	0.00	0.00	0	0.00	0	0.0	0.00	0.0	0.000	0.212	70.4	90	67.3	72.5	20.45	 .0729	0.000	703	1	100.0	30
03/01/20	3:30 a	75.1	75.3	75.0	88	71.3	0.0	---	0.00	0.0	---	75.1	78.4	78.4	76.6	29.800	0.00	0.00	0	0.00	0	0.0	0.00	0.0	0.000	0.210	70.4	87	66.3	72.2	18.87	 .0729	0.000	702	1	100.0	30
03/01/20	4:00 a	74.8	75.3	74.8	88	71.0	0.0	---	0.00	0.0	---	74.8	77.9	77.9	76.1	29.804	0.00	0.00	0	0.00	0	0.0	0.00	0.0	0.000	0.204	70.4	83	65.0	71.8	17.25	 .0730	0.000	698	1	100.0	30
03/01/20	4:30 a	74.7	74.9	74.6	88	70.9	0.0	---	0.00	0.0	---	74.7	77.7	77.7	75.8	29.808	0.00	0.00	0	0.00	0	0.0	0.00	0.0	0.000	0.202	70.9	93	68.8	73.4	20.99	 .0727	0.000	702	1	100.0	30
03/01/20	5:00 a	74.7	74.8	74.6	88	70.9	0.0	---	0.00	0.0	---	74.7	77.7	77.7	75.8	29.817	0.00	0.00	0	0.00	0	0.0	0.00	0.0	0.000	0.202	70.8	92	68.4	73.2	20.80	 .0728	0.000	703	1	100.0	30
03/01/20	5:30 a	74.5	74.7	74.5	88	70.7	0.0	---	0.00	0.0	---	74.5	77.3	77.3	75.4	29.823	0.00	0.00	0	0.00	0	0.0	0.00	0.0	0.000	0.198	70.5	88	66.8	72.4	19.37	 .0730	0.000	701	1	100.0	30
03/01/20	6:00 a	74.6	74.6	74.4	88	70.8	0.0	---	0.00	0.0	---	74.6	77.5	77.5	75.6	29.838	0.00	0.00	2	0.09	9	0.0	0.00	0.0	0.000	0.200	70.6	77	63.0	71.5	14.95	 .0732	0.000	701	1	100.0	30
03/01/20	6:30 a	75.2	75.2	74.5	89	71.7	0.0	---	0.00	0.0	---	75.2	78.5	78.5	78.3	29.846	0.00	0.00	17	0.73	23	0.0	0.00	0.0	0.000	0.212	70.8	93	68.7	73.3	20.98	 .0729	0.000	700	1	100.0	30
03/01/20	7:00 a	76.1	76.1	75.2	89	72.6	0.0	---	0.00	0.0	---	76.1	79.6	79.6	79.8	29.858	0.00	0.00	28	1.20	32	0.0	0.00	0.0	0.000	0.231	70.5	86	66.1	72.2	18.28	 .0731	0.001	697	1	100.0	30
03/01/20	7:30 a	77.7	77.7	76.1	89	74.2	0.0	---	0.00	0.0	---	77.7	82.1	82.1	83.6	29.869	0.00	0.00	67	2.88	128	0.5	0.11	1.0	0.000	0.265	70.6	80	64.1	71.8	16.14	 .0732	0.000	696	1	100.0	30
03/01/20	8:00 a	79.7	79.7	77.7	89	76.2	0.0	---	0.00	0.0	---	79.7	85.9	85.9	88.9	29.877	0.00	0.00	122	5.25	148	1.3	0.28	1.6	0.000	0.306	70.6	84	65.5	72.2	17.57	 .0731	0.002	699	1	100.0	30
03/01/20	8:30 a	82.4	82.4	79.5	87	78.1	0.0	---	0.00	0.0	---	82.4	92.2	92.2	101.7	29.881	0.00	0.00	400	17.20	529	2.7	0.58	3.5	0.000	0.363	70.6	91	67.8	72.8	20.69	 .0730	0.000	688	1	100.0	30
03/01/20	9:00 a	83.8	84.9	82.0	81	77.3	0.0	---	0.00	0.0	---	83.8	94.3	94.3	104.3	29.885	0.00	0.00	462	19.87	684	3.9	0.84	5.1	0.000	0.392	70.0	77	62.5	70.8	14.95	 .0734	0.010	699	1	100.0	30
03/01/20	9:30 a	86.5	86.5	83.8	74	77.2	1.0	SSE	0.50	6.0	S	86.5	97.9	97.9	110.3	29.889	0.00	0.00	754	32.43	816	6.1	1.31	7.0	0.000	0.448	71.0	87	66.9	73.0	18.89	 .0730	0.000	701	1	100.0	30
03/01/20	10:00 a	88.1	88.8	86.6	72	77.9	2.0	SSW	1.00	9.0	SE	88.1	100.3	100.3	111.8	29.882	0.00	0.00	877	37.72	937	7.9	1.69	8.7	0.000	0.481	72.6	88	68.8	74.8	19.45	 .0727	0.021	700	1	100.0	30
03/01/20	10:30 a	87.4	88.4	87.2	73	77.7	2.0	SE	1.00	8.0	SSE	87.4	99.4	99.4	110.7	29.877	0.00	0.00	910	39.14	1116	8.7	1.86	10.4	0.000	0.467	72.5	85	67.7	74.4	18.05	 .0728	0.000	697	1	100.0	30
03/01/20	11:00 a	88.1	89.2	87.5	70	77.1	2.0	SE	1.00	9.0	S	88.1	99.3	99.3	112.2	29.866	0.00	0.00	1057	45.46	1311	10.8	2.31	12.2	0.000	0.481	71.7	86	67.3	73.6	18.35	 .0729	0.025	700	1	100.0	30
03/01/20	11:30 a	88.4	89.1	87.8	73	78.6	2.0	SE	1.00	9.0	S	88.4	102.0	102.0	114.0	29.856	0.00	0.00	987	42.45	1390	10.5	2.25	12.9	0.000	0.488	72.0	89	68.6	74.1	19.95	 .0727	0.000	697	1	100.0	30
03/01/20	12:00 p	86.7	89.3	86.7	74	77.4	2.0	SE	1.00	8.0	SSE	86.7	98.4	98.4	111.0	29.848	0.00	0.00	743	31.95	1292	8.9	1.91	12.9	0.000	0.452	71.9	91	69.1	74.2	20.76	 .0727	0.023	698	1	100.0	30
03/01/20	12:30 p	89.0	89.0	86.5	72	78.8	3.0	ESE	1.50	9.0	SSE	89.0	103.6	103.6	115.9	29.838	0.00	0.00	933	40.12	1248	10.8	2.31	12.4	0.000	0.500	71.8	92	69.3	74.2	20.86	 .0727	0.000	700	1	100.0	30
03/01/20	1:00 p	88.9	89.9	88.0	71	78.3	3.0	SE	1.50	10.0	S	88.9	102.6	102.6	117.9	29.829	0.00	0.00	1056	45.41	1192	10.5	2.25	12.1	0.000	0.498	71.8	89	68.4	73.9	19.95	 .0727	0.025	702	1	100.0	30
03/01/20	1:30 p	88.8	89.3	87.5	71	78.2	2.0	SE	1.00	9.0	ESE	88.8	102.2	102.2	118.5	29.812	0.00	0.00	1012	43.52	1250	9.1	1.95	11.1	0.000	0.496	71.7	90	68.6	73.9	20.45	 .0727	0.000	697	1	100.0	30
03/01/20	2:00 p	88.0	89.2	87.2	71	77.4	3.0	SE	1.50	10.0	SSW	88.0	99.5	99.5	113.3	29.799	0.00	0.00	777	33.42	1143	7.2	1.54	9.4	0.000	0.479	71.5	75	63.2	72.4	14.42	 .0730	0.023	700	1	100.0	30
03/01/20	2:30 p	88.5	89.4	87.4	69	77.0	2.0	S	1.00	10.0	SSE	88.5	100.2	100.2	118.5	29.783	0.00	0.00	859	36.94	984	6.1	1.31	7.7	0.000	0.490	71.5	88	67.8	73.5	19.41	 .0727	0.000	700	1	100.0	30
03/01/20	3:00 p	88.2	88.4	87.2	72	78.0	3.0	SE	1.50	11.0	S	88.2	100.7	100.7	120.2	29.775	0.00	0.00	761	32.73	828	4.7	1.01	5.8	0.000	0.483	71.5	89	68.1	73.6	19.95	 .0726	0.021	701	1	100.0	30
03/01/20	3:30 p	88.0	88.2	87.2	72	77.8	2.0	SE	1.00	9.0	SE	88.0	100.0	100.0	119.1	29.773	0.00	0.00	613	26.36	735	3.2	0.69	4.1	0.000	0.479	71.8	88	68.1	73.8	19.42	 .0726	0.000	698	1	100.0	30
03/01/20	4:00 p	87.0	88.0	86.8	72	76.9	2.0	SE	1.00	7.0	SE	87.0	98.3	98.3	116.5	29.776	0.00	0.00	487	20.94	552	2.0	0.43	2.6	0.000	0.458	71.7	88	68.0	73.7	19.42	 .0726	0.015	690	1	100.0	30
03/01/20	4:30 p	85.9	87.1	85.9	73	76.2	2.0	SSE	1.00	9.0	SE	85.9	96.1	96.1	99.8	29.776	0.00	0.00	242	10.41	406	1.0	0.21	1.4	0.000	0.435	71.6	87	67.5	73.6	18.91	 .0726	0.000	688	1	100.0	30
03/01/20	5:00 p	84.8	85.9	84.7	76	76.4	1.0	SE	0.50	5.0	SSE	84.8	94.6	94.6	94.7	29.782	0.00	0.00	73	3.14	127	0.1	0.02	0.6	0.000	0.413	71.5	76	63.5	72.5	14.72	 .0729	0.005	694	1	100.0	30
03/01/20	5:30 p	82.5	84.7	82.5	80	75.7	1.0	E	0.50	5.0	S	82.5	90.3	90.3	89.4	29.787	0.00	0.00	32	1.38	60	0.0	0.00	0.0	0.000	0.365	71.5	77	63.9	72.6	14.95	 .0729	0.000	696	1	100.0	30
03/01/20	6:00 p	81.6	82.5	81.6	82	75.6	0.0	E	0.00	2.0	E	81.6	88.5	88.5	87.0	29.796	0.00	0.00	4	0.17	12	0.0	0.00	0.0	0.000	0.346	71.8	91	69.0	74.1	20.76	 .0726	0.001	702	1	100.0	30
03/01/20	6:30 p	80.5	81.6	80.5	83	74.9	0.0	SE	0.00	3.0	E	80.5	86.2	86.2	84.6	29.800	0.00	0.00	0	0.00	0	0.0	0.00	0.0	0.000	0.323	71.5	83	66.1	73.1	17.25	 .0728	0.000	700	1	100.0	30
03/01/20	7:00 p	80.1	80.5	80.1	84	74.8	0.0	---	0.00	0.0	---	80.1	85.6	85.6	84.0	29.814	0.00	0.00	0	0.00	0	0.0	0.00	0.0	0.000	0.315	71.8	92	69.3	74.2	20.86	 .0726	0.001	701	1	100.0	30
03/01/20	7:30 p	79.2	80.2	79.2	84	73.9	0.0	---	0.00	0.0	---	79.2	83.9	83.9	82.2	29.818	0.00	0.00	0	0.00	0	0.0	0.00	0.0	0.000	0.296	71.5	76	63.5	72.5	14.72	 .0730	0.000	699	1	100.0	30
03/01/20	8:00 p	78.4	79.2	78.4	85	73.5	0.0	---	0.00	0.0	---	78.4	82.7	82.7	81.0	29.824	0.00	0.00	0	0.00	0	0.0	0.00	0.0	0.000	0.279	71.7	89	68.3	73.8	19.95	 .0727	0.001	701	1	100.0	30
03/01/20	8:30 p	78.1	78.5	78.0	86	73.6	0.0	---	0.00	0.0	---	78.1	82.4	82.4	80.7	29.826	0.00	0.00	0	0.00	0	0.0	0.00	0.0	0.000	0.273	72.0	92	69.5	74.4	20.87	 .0726	0.000	701	1	100.0	30
03/01/20	9:00 p	77.7	78.1	77.7	86	73.2	0.0	---	0.00	0.0	---	77.7	81.8	81.8	80.1	29.830	0.00	0.00	0	0.00	0	0.0	0.00	0.0	0.000	0.265	72.0	91	69.2	74.3	20.77	 .0726	0.001	698	1	100.0	30
03/01/20	9:30 p	77.6	77.8	77.6	87	73.4	0.0	---	0.00	0.0	---	77.6	81.7	81.7	80.0	29.831	0.00	0.00	0	0.00	0	0.0	0.00	0.0	0.000	0.262	71.6	76	63.6	72.6	14.72	 .0730	0.000	703	1	100.0	30
03/01/20	10:00 p	77.3	77.7	77.3	87	73.1	0.0	---	0.00	0.0	---	77.3	81.2	81.2	79.5	29.837	0.00	0.00	0	0.00	0	0.0	0.00	0.0	0.000	0.256	71.7	75	63.4	72.6	14.42	 .0730	0.001	701	1	100.0	30
03/01/20	10:30 p	77.2	77.4	77.2	87	73.0	0.0	---	0.00	0.0	---	77.2	81.1	81.1	79.4	29.838	0.00	0.00	0	0.00	0	0.0	0.00	0.0	0.000	0.254	71.7	93	69.6	74.2	21.02	 .0727	0.000	702	1	100.0	30
03/01/20	11:00 p	76.8	77.3	76.7	87	72.6	0.0	---	0.00	0.0	---	76.8	80.5	80.5	78.7	29.835	0.00	0.00	0	0.00	0	0.0	0.00	0.0	0.000	0.246	71.6	93	69.5	74.1	21.01	 .0727	0.001	701	1	100.0	30
03/01/20	11:30 p	76.2	76.7	76.1	87	72.0	0.0	---	0.00	0.0	---	76.2	79.6	79.6	77.8	29.831	0.00	0.00	0	0.00	0	0.0	0.00	0.0	0.000	0.233	71.8	83	66.4	73.4	17.25	 .0728	0.000	700	1	100.0	30
03/02/20	12:00 a	75.7	76.2	75.7	88	71.9	0.0	---	0.00	0.0	---	75.7	79.0	79.0	77.2	29.826	0.00	0.00	0	0.00	0	0.0	0.00	0.0	0.000	0.223	71.7	81	65.6	73.2	16.52	 .0729	0.001	698	1	100.0	30
03/02/20	12:30 a	75.1	75.8	75.1	88	71.3	0.0	---	0.00	0.0	---	75.1	78.4	78.4	76.6	29.817	0.00	0.00	0	0.00	0	0.0	0.00	0.0	0.000	0.210	71.8	83	66.4	73.4	17.25	 .0728	0.000	699	1	100.0	30
03/02/20	1:00 a	74.8	75.2	74.8	88	71.0	0.0	---	0.00	0.0	---	74.8	77.9	77.9	76.1	29.815	0.00	0.00	0	0.00	0	0.0	0.00	0.0	0.000	0.204	72.4	91	69.6	74.8	20.79	 .0725	0.000	696	1	100.0	30
03/02/20	1:30 a	74.5	74.9	74.4	88	70.7	0.0	---	0.00	0.0	---	74.5	77.3	77.3	75.4	29.808	0.00	0.00	0	0.00	0	0.0	0.00	0.0	0.000	0.198	72.0	92	69.5	74.4	20.87	 .0725	0.000	700	1	100.0	30
03/02/20	2:00 a	74.2	74.5	74.1	88	70.4	0.0	---	0.00	0.0	---	74.2	76.7	76.7	74.8	29.798	0.00	0.00	0	0.00	0	0.0	0.00	0.0	0.000	0.192	71.8	83	66.4	73.4	17.25	 .0727	0.000	702	1	100.0	30
03/02/20	2:30 a	74.0	74.2	73.9	88	70.2	0.0	---	0.00	0.0	---	74.0	76.3	76.3	74.4	29.792	0.00	0.00	0	0.00	0	0.0	0.00	0.0	0.000	0.188	72.2	92	69.7	74.7	20.88	 .0725	0.000	699	1	100.0	30
03/02/20	3:00 a	73.7	74.0	73.7	88	69.9	0.0	---	0.00	0.0	---	73.7	76.0	76.0	74.0	29.786	0.00	0.00	0	0.00	0	0.0	0.00	0.0	0.000	0.181	72.0	76	64.0	73.1	14.71	 .0728	0.000	702	1	100.0	30
03/02/20	3:30 a	73.4	73.8	73.4	88	69.6	0.0	---	0.00	0.0	---	73.4	75.7	75.7	73.7	29.786	0.00	0.00	0	0.00	0	0.0	0.00	0.0	0.000	0.175	72.1	91	69.3	74.4	20.78	 .0725	0.000	697	1	100.0	30
03/02/20	4:00 a	73.4	73.4	73.2	88	69.6	0.0	---	0.00	0.0	---	73.4	75.7	75.7	73.7	29.789	0.00	0.00	0	0.00	0	0.0	0.00	0.0	0.000	0.175	72.8	95	71.3	75.6	21.65	 .0723	0.000	697	1	100.0	30
03/02/20	4:30 a	73.3	73.5	73.2	88	69.5	0.0	---	0.00	0.0	---	73.3	75.6	75.6	73.6	29.788	0.00	0.00	0	0.00	0	0.0	0.00	0.0	0.000	0.173	72.0	85	67.2	73.8	18.03	 .0726	0.000	699	1	100.0	30
03/02/20	5:00 a	72.9	73.3	72.8	88	69.1	0.0	---	0.00	0.0	---	72.9	75.2	75.2	73.2	29.791	0.00	0.00	0	0.00	0	0.0	0.00	0.0	0.000	0.165	72.1	90	69.0	74.3	20.45	 .0725	0.000	700	1	100.0	30
03/02/20	5:30 a	72.8	73.0	72.7	88	69.0	0.0	---	0.00	0.0	---	72.8	75.1	75.1	73.1	29.798	0.00	0.00	0	0.00	0	0.0	0.00	0.0	0.000	0.163	72.2	91	69.4	74.6	20.78	 .0725	0.000	701	1	100.0	30
03/02/20	6:00 a	72.7	72.9	72.7	89	69.3	0.0	---	0.00	0.0	---	72.7	75.0	75.0	73.1	29.812	0.00	0.00	2	0.09	9	0.0	0.00	0.0	0.000	0.160	72.3	92	69.8	74.8	20.89	 .0725	0.000	702	1	100.0	30
03/02/20	6:30 a	73.4	73.4	72.6	89	70.0	0.0	---	0.00	0.0	---	73.4	75.8	75.8	75.6	29.826	0.00	0.00	18	0.77	25	0.0	0.00	0.0	0.000	0.175	72.4	91	69.6	74.8	20.79	 .0725	0.000	698	1	100.0	30
03/02/20	7:00 a	74.5	74.5	73.4	89	71.0	0.0	---	0.00	0.0	---	74.5	77.3	77.3	77.5	29.833	0.00	0.00	29	1.25	32	0.0	0.00	0.0	0.000	0.198	72.4	92	69.9	74.9	20.89	 .0725	0.001	700	1	100.0	30
03/02/20	7:30 a	75.5	75.5	74.4	89	72.0	0.0	---	0.00	0.0	---	75.5	78.9	78.9	79.2	29.844	0.00	0.00	35	1.51	39	0.0	0.00	0.0	0.000	0.219	72.7	92	70.2	75.3	20.91	 .0725	0.000	695	1	100.0	30
03/02/20	8:00 a	76.9	76.9	75.5	89	73.4	0.0	---	0.00	0.0	---	76.9	80.8	80.8	81.4	29.849	0.00	0.00	47	2.02	84	0.2	0.04	1.4	0.000	0.248	72.7	94	70.9	75.4	21.35	 .0725	0.001	701	1	100.0	30
03/02/20	8:30 a	79.3	79.3	76.9	89	75.8	0.0	---	0.00	0.0	---	79.3	85.1	85.1	93.9	29.855	0.00	0.00	377	16.21	485	2.6	0.56	3.5	0.000	0.298	72.6	94	70.8	75.3	21.35	 .0725	0.000	696	1	100.0	30
03/02/20	9:00 a	83.6	83.7	79.3	82	77.5	0.0	SSE	0.00	1.0	SSE	83.6	94.0	94.0	105.5	29.861	0.00	0.00	574	24.69	654	4.3	0.92	5.2	0.000	0.387	72.7	89	69.3	75.0	19.95	 .0726	0.012	701	1	100.0	30
03/02/20	9:30 a	85.6	85.6	83.6	73	75.9	1.0	SW	0.50	6.0	SW	85.6	95.4	95.4	107.7	29.862	0.00	0.00	736	31.65	823	6.1	1.31	6.9	0.000	0.429	72.1	81	65.9	73.6	16.51	 .0729	0.000	699	1	100.0	30
03/02/20	10:00 a	86.7	86.8	85.6	70	75.7	1.0	SSE	0.50	6.0	ESE	86.7	96.8	96.8	108.1	29.856	0.00	0.00	877	37.72	935	7.8	1.67	8.6	0.000	0.452	72.2	91	69.4	74.6	20.78	 .0726	0.021	700	1	100.0	30
03/02/20	10:30 a	87.0	87.4	86.7	71	76.5	2.0	S	1.00	6.0	E	87.0	97.9	97.9	109.7	29.852	0.00	0.00	961	41.33	1005	9.4	2.01	10.1	0.000	0.458	71.8	87	67.7	73.8	18.92	 .0728	0.000	693	1	100.0	30
03/02/20	11:00 a	87.2	87.8	86.9	71	76.6	2.0	S	1.00	6.0	ESE	87.2	98.2	98.2	110.4	29.840	0.00	0.00	1016	43.69	1044	10.6	2.27	11.1	0.000	0.462	71.7	85	66.9	73.5	18.02	 .0728	0.027	695	1	100.0	30
03/02/20	11:30 a	88.8	89.1	87.3	68	76.9	2.0	S	1.00	7.0	SSW	88.8	100.6	100.6	113.5	29.832	0.00	0.00	1073	46.15	1095	11.5	2.46	11.8	0.000	0.496	71.8	79	64.9	73.1	15.71	 .0729	0.000	695	1	100.0	30
03/02/20	12:00 p	88.3	89.0	87.7	69	76.8	2.0	SE	1.00	9.0	SE	88.3	99.5	99.5	112.8	29.825	0.00	0.00	1075	46.23	1095	11.8	2.53	11.9	0.000	0.485	71.8	89	68.4	73.9	19.95	 .0727	0.029	699	1	100.0	30
03/02/20	12:30 p	88.2	89.1	87.2	71	77.6	2.0	SE	1.00	9.0	E	88.2	100.2	100.2	114.1	29.816	0.00	0.00	1055	45.37	1062	11.6	2.49	11.7	0.000	0.483	71.7	90	68.6	73.9	20.45	 .0727	0.000	698	1	100.0	30
03/02/20	1:00 p	87.5	88.5	87.4	67	75.2	3.0	SE	1.50	7.0	SSE	87.5	97.0	97.0	111.5	29.794	0.00	0.00	1029	44.25	1055	10.8	2.31	11.3	0.000	0.469	71.7	80	65.2	73.1	16.12	 .0728	0.028	699	1	100.0	30
03/02/20	1:30 p	87.7	88.9	87.1	68	75.8	2.0	SE	1.00	9.0	S	87.7	97.7	97.7	113.2	29.785	0.00	0.00	981	42.19	1051	9.6	2.06	10.3	0.000	0.473	71.7	88	68.0	73.7	19.42	 .0726	0.000	697	1	100.0	30
03/02/20	2:00 p	88.9	88.9	87.2	68	77.0	2.0	SE	1.00	9.0	SSE	88.9	100.9	100.9	117.5	29.771	0.00	0.00	922	39.65	977	8.1	1.74	9.0	0.000	0.498	71.7	82	65.9	73.2	16.85	 .0727	0.026	699	1	100.0	30
03/02/20	2:30 p	88.3	89.0	87.3	69	76.8	2.0	ESE	1.00	8.0	SSE	88.3	99.5	99.5	117.5	29.764	0.00	0.00	850	36.55	902	6.6	1.41	7.4	0.000	0.485	71.7	82	65.9	73.2	16.85	 .0727	0.000	694	1	100.0	30
03/02/20	3:00 p	87.5	88.3	87.0	69	76.1	2.0	ESE	1.00	8.0	S	87.5	97.8	97.8	116.6	29.760	0.00	0.00	743	31.95	828	4.8	1.03	5.8	0.000	0.469	71.6	84	66.5	73.3	17.61	 .0727	0.021	698	1	100.0	30
03/02/20	3:30 p	87.1	87.7	86.7	70	76.1	2.0	SE	1.00	7.0	SSE	87.1	97.6	97.6	116.6	29.756	0.00	0.00	613	26.36	682	3.3	0.71	4.0	0.000	0.460	71.7	88	68.0	73.7	19.42	 .0726	0.000	694	1	100.0	30
03/02/20	4:00 p	86.4	87.2	86.4	72	76.3	2.0	SSE	1.00	7.0	SE	86.4	96.9	96.9	115.0	29.752	0.00	0.00	485	20.86	538	1.9	0.41	2.6	0.000	0.446	71.8	88	68.1	73.8	19.42	 .0725	0.015	699	1	100.0	30
03/02/20	4:30 p	85.2	86.5	85.1	75	76.4	1.0	S	0.50	11.0	SSE	85.2	95.1	95.1	99.6	29.759	0.00	0.00	279	12.00	457	0.9	0.19	1.4	0.000	0.421	71.9	88	68.2	73.9	19.43	 .0725	0.000	700	1	100.0	30
03/02/20	5:00 p	84.4	85.2	84.4	73	74.8	1.0	E	0.50	5.0	E	84.4	92.8	92.8	93.4	29.763	0.00	0.00	103	4.43	155	0.2	0.04	0.6	0.000	0.404	71.8	83	66.4	73.4	17.25	 .0727	0.006	701	1	100.0	30
03/02/20	5:30 p	82.8	84.7	82.7	78	75.2	0.0	E	0.00	4.0	ESE	82.8	90.5	90.5	89.8	29.768	0.00	0.00	42	1.81	104	0.0	0.00	0.0	0.000	0.371	72.1	87	68.0	74.1	18.93	 .0725	0.000	703	1	100.0	30
03/02/20	6:00 p	81.2	82.9	81.2	82	75.2	0.0	WNW	0.00	2.0	WNW	81.2	87.5	87.5	86.0	29.777	0.00	0.00	5	0.22	18	0.0	0.00	0.0	0.000	0.337	72.0	87	67.9	74.0	18.93	 .0726	0.001	700	1	100.0	30
03/02/20	6:30 p	80.4	81.2	80.4	83	74.8	0.0	WNW	0.00	1.0	WNW	80.4	86.0	86.0	84.4	29.782	0.00	0.00	0	0.00	0	0.0	0.00	0.0	0.000	0.321	72.1	76	64.1	73.2	14.71	 .0728	0.000	700	1	100.0	30
03/02/20	7:00 p	80.0	80.4	80.0	83	74.4	0.0	WNW	0.00	1.0	WNW	80.0	85.2	85.2	83.6	29.793	0.00	0.00	0	0.00	0	0.0	0.00	0.0	0.000	0.313	72.0	87	67.9	74.0	18.93	 .0726	0.001	701	1	100.0	30
03/02/20	7:30 p	79.8	80.1	79.7	84	74.5	0.0	WNW	0.00	1.0	WNW	79.8	85.0	85.0	83.4	29.806	0.00	0.00	0	0.00	0	0.0	0.00	0.0	0.000	0.308	72.3	89	68.9	74.5	19.95	 .0725	0.000	702	1	100.0	30
03/02/20	8:00 p	79.6	79.9	79.6	84	74.3	0.0	WNW	0.00	1.0	WNW	79.6	84.6	84.6	83.0	29.816	0.00	0.00	0	0.00	0	0.0	0.00	0.0	0.000	0.304	72.0	84	66.9	73.7	17.63	 .0727	0.001	701	1	100.0	30
03/02/20	8:30 p	79.3	79.7	79.3	85	74.4	0.0	---	0.00	0.0	---	79.3	84.3	84.3	82.7	29.827	0.00	0.00	0	0.00	0	0.0	0.00	0.0	0.000	0.298	72.1	88	68.3	74.2	19.43	 .0727	0.000	699	1	100.0	30
03/02/20	9:00 p	78.6	79.3	78.6	85	73.7	0.0	---	0.00	0.0	---	78.6	83.1	83.1	81.4	29.834	0.00	0.00	0	0.00	0	0.0	0.00	0.0	0.000	0.283	72.4	89	69.0	74.6	19.95	 .0726	0.001	702	1	100.0	30
03/02/20	9:30 p	78.0	78.6	78.0	86	73.5	0.0	---	0.00	0.0	---	78.0	82.2	82.2	80.5	29.833	0.00	0.00	0	0.00	0	0.0	0.00	0.0	0.000	0.271	72.0	81	65.8	73.5	16.51	 .0728	0.000	700	1	100.0	30
03/02/20	10:00 p	77.6	78.1	77.5	86	73.1	0.0	---	0.00	0.0	---	77.6	81.6	81.6	79.9	29.830	0.00	0.00	0	0.00	0	0.0	0.00	0.0	0.000	0.262	72.1	82	66.3	73.7	16.85	 .0728	0.001	700	1	100.0	30
03/02/20	10:30 p	77.1	77.6	77.0	87	72.9	0.0	---	0.00	0.0	---	77.1	80.9	80.9	79.1	29.830	0.00	0.00	0	0.00	0	0.0	0.00	0.0	0.000	0.252	72.2	78	65.0	73.5	15.31	 .0728	0.000	700	1	100.0	30
03/02/20	11:00 p	76.7	77.1	76.6	87	72.5	0.0	---	0.00	0.0	---	76.7	80.3	80.3	78.5	29.825	0.00	0.00	0	0.00	0	0.0	0.00	0.0	0.000	0.244	72.2	76	64.2	73.4	14.71	 .0729	0.001	703	1	100.0	30
03/02/20	11:30 p	76.3	76.7	76.2	87	72.1	0.0	---	0.00	0.0	---	76.3	79.8	79.8	78.0	29.817	0.00	0.00	0	0.00	0	0.0	0.00	0.0	0.000	0.235	72.2	79	65.3	73.6	15.71	 .0728	0.000	699	1	100.0	30
03/03/20	12:00 a	75.9	76.3	75.9	87	71.8	0.0	---	0.00	0.0	---	75.9	79.2	79.2	77.4	29.798	0.00	0.00	0	0.00	0	0.0	0.00	0.0	0.000	0.227	72.5	90	69.4	74.8	20.45	 .0725	0.001	699	1	100.0	30
03/03/20	12:30 a	75.6	76.0	75.5	88	71.8	0.0	---	0.00	0.0	---	75.6	78.9	78.9	77.1	29.791	0.00	0.00	0	0.00	0	0.0	0.00	0.0	0.000	0.221	72.6	92	70.1	75.1	20.91	 .0724	0.000	700	1	100.0	30
03/03/20	1:00 a	75.3	75.6	75.2	88	71.5	0.0	---	0.00	0.0	---	75.3	78.6	78.6	76.8	29.781	0.00	0.00	0	0.00	0	0.0	0.00	0.0	0.000	0.215	72.2	89	68.8	74.4	19.95	 .0725	0.000	703	1	100.0	30
03/03/20	1:30 a	75.1	75.3	75.1	88	71.3	0.0	---	0.00	0.0	---	75.1	78.4	78.4	76.6	29.775	0.00	0.00	0	0.00	0	0.0	0.00	0.0	0.000	0.210	72.2	85	67.4	74.1	18.04	 .0726	0.000	701	1	100.0	30
03/03/20	2:00 a	74.9	75.1	74.9	88	71.1	0.0	---	0.00	0.0	---	74.9	78.0	78.0	76.2	29.769	0.00	0.00	0	0.00	0	0.0	0.00	0.0	0.000	0.206	72.7	91	69.9	75.2	20.81	 .0723	0.000	700	1	100.0	30
03/03/20	2:30 a	74.8	75.0	74.8	88	71.0	0.0	---	0.00	0.0	---	74.8	77.9	77.9	76.1	29.770	0.00	0.00	0	0.00	0	0.0	0.00	0.0	0.000	0.204	72.3	88	68.5	74.4	19.44	 .0725	0.000	698	1	100.0	30
03/03/20	3:00 a	74.6	74.9	74.6	88	70.8	0.0	---	0.00	0.0	---	74.6	77.5	77.5	75.6	29.768	0.00	0.00	0	0.00	0	0.0	0.00	0.0	0.000	0.200	72.4	80	65.9	74.0	16.10	 .0726	0.000	699	1	100.0	30
03/03/20	3:30 a	74.6	74.7	74.5	88	70.8	0.0	---	0.00	0.0	---	74.6	77.5	77.5	75.6	29.773	0.00	0.00	0	0.00	0	0.0	0.00	0.0	0.000	0.200	72.5	91	69.7	74.9	20.80	 .0724	0.000	700	1	100.0	30
03/03/20	4:00 a	74.4	74.6	74.4	88	70.6	0.0	---	0.00	0.0	---	74.4	77.1	77.1	75.2	29.766	0.00	0.00	0	0.00	0	0.0	0.00	0.0	0.000	0.196	72.7	92	70.2	75.3	20.91	 .0723	0.000	700	1	100.0	30
03/03/20	4:30 a	74.4	74.6	74.3	88	70.6	0.0	---	0.00	0.0	---	74.4	77.1	77.1	75.2	29.773	0.00	0.00	0	0.00	0	0.0	0.00	0.0	0.000	0.196	72.4	90	69.3	74.7	20.45	 .0724	0.000	699	1	100.0	30
03/03/20	5:00 a	74.4	74.5	74.2	88	70.6	0.0	---	0.00	0.0	---	74.4	77.1	77.1	75.2	29.783	0.00	0.00	0	0.00	0	0.0	0.00	0.0	0.000	0.196	72.8	93	70.7	75.5	21.06	 .0723	0.000	701	1	100.0	30
03/03/20	5:30 a	74.2	74.4	74.2	88	70.4	0.0	---	0.00	0.0	---	74.2	76.7	76.7	74.8	29.796	0.00	0.00	0	0.00	0	0.0	0.00	0.0	0.000	0.192	72.6	87	68.5	74.7	18.95	 .0725	0.000	700	1	100.0	30
03/03/20	6:00 a	74.3	74.4	74.2	88	70.5	0.0	---	0.00	0.0	---	74.3	76.9	76.9	75.0	29.808	0.00	0.00	2	0.09	11	0.0	0.00	0.0	0.000	0.194	72.7	92	70.2	75.3	20.91	 .0724	0.000	700	1	100.0	30
03/03/20	6:30 a	74.9	74.9	74.3	89	71.4	0.0	---	0.00	0.0	---	74.9	78.1	78.1	78.0	29.817	0.00	0.00	19	0.82	28	0.0	0.00	0.0	0.000	0.206	72.9	93	70.8	75.6	21.07	 .0724	0.000	699	1	100.0	30
03/03/20	7:00 a	75.7	75.8	74.8	89	72.2	0.0	---	0.00	0.0	---	75.7	79.1	79.1	79.5	29.825	0.00	0.00	33	1.42	37	0.0	0.00	0.0	0.000	0.223	72.7	88	68.9	74.9	19.46	 .0725	0.001	701	1	100.0	30
03/03/20	7:30 a	76.6	76.6	75.7	89	73.1	0.0	---	0.00	0.0	---	76.6	80.3	80.3	80.8	29.835	0.00	0.00	41	1.76	46	0.0	0.00	0.0	0.000	0.242	72.9	92	70.4	75.5	20.92	 .0724	0.000	702	1	100.0	30
03/03/20	8:00 a	77.6	77.6	76.6	89	74.1	0.0	---	0.00	0.0	---	77.6	82.0	82.0	83.0	29.849	0.00	0.00	60	2.58	123	0.5	0.11	1.6	0.000	0.262	73.4	95	71.9	76.3	21.65	 .0723	0.001	698	1	100.0	30
03/03/20	8:30 a	78.5	78.5	77.5	89	75.0	0.0	---	0.00	0.0	---	78.5	83.6	83.6	84.9	29.856	0.00	0.00	77	3.31	95	1.7	0.36	2.0	0.000	0.281	72.8	84	67.7	74.8	17.66	 .0727	0.000	701	1	100.0	30
03/03/20	9:00 a	79.2	79.7	78.4	88	75.3	0.0	---	0.00	0.0	---	79.2	84.7	84.7	86.9	29.861	0.00	0.00	114	4.90	272	2.4	0.51	3.6	0.000	0.296	73.0	83	67.5	75.0	17.25	 .0727	0.003	701	1	100.0	30
03/03/20	9:30 a	82.7	82.7	79.2	88	78.8	0.0	---	0.00	0.0	---	82.7	93.3	93.3	101.4	29.860	0.00	0.00	373	16.04	902	4.6	0.99	7.1	0.000	0.369	72.9	94	71.1	75.6	21.35	 .0725	0.000	700	1	100.0	30
03/03/20	10:00 a	86.8	86.9	82.2	74	77.5	0.0	SE	0.00	3.0	SE	86.8	98.7	98.7	111.0	29.853	0.00	0.00	700	30.10	949	7.2	1.54	8.6	0.000	0.454	72.9	93	70.8	75.6	21.07	 .0725	0.014	700	1	100.0	30
03/03/20	10:30 a	87.3	87.4	86.7	71	76.7	2.0	S	1.00	5.0	S	87.3	98.4	98.4	109.9	29.845	0.00	0.00	936	40.25	981	9.4	2.01	10.1	0.000	0.465	72.9	91	70.1	75.4	20.82	 .0725	0.000	703	1	100.0	30
03/03/20	11:00 a	88.1	88.4	87.1	70	77.1	2.0	SSW	1.00	6.0	SSW	88.1	99.3	99.3	111.5	29.832	0.00	0.00	1012	43.52	1049	10.7	2.29	11.2	0.000	0.481	72.4	86	68.0	74.4	18.39	 .0726	0.026	698	1	100.0	30
03/03/20	11:30 a	88.1	89.1	87.9	69	76.6	2.0	S	1.00	12.0	SSE	88.1	98.9	98.9	112.1	29.823	0.00	0.00	1099	47.26	1313	11.3	2.42	12.9	0.000	0.481	72.4	89	69.0	74.6	19.95	 .0726	0.000	700	1	100.0	30
03/03/20	12:00 p	89.6	90.7	87.9	68	77.6	2.0	SE	1.00	6.0	S	89.6	103.2	103.2	117.8	29.809	0.00	0.00	1165	50.10	1252	12.2	2.61	12.6	0.000	0.512	72.2	88	68.4	74.3	19.44	 .0726	0.030	700	1	100.0	30
03/03/20	12:30 p	88.6	90.0	88.4	69	77.1	2.0	SE	1.00	8.0	ESE	88.6	100.5	100.5	115.0	29.788	0.00	0.00	1103	47.44	1155	11.8	2.53	12.2	0.000	0.492	72.1	84	67.0	73.9	17.63	 .0726	0.000	702	1	100.0	30
03/03/20	1:00 p	88.9	90.4	88.4	71	78.3	2.0	SE	1.00	8.0	N	88.9	102.6	102.6	117.8	29.776	0.00	0.00	1052	45.24	1165	10.8	2.31	11.8	0.000	0.498	71.9	86	67.5	73.8	18.36	 .0726	0.029	701	1	100.0	30
03/03/20	1:30 p	87.9	89.6	87.9	69	76.5	3.0	SE	1.50	10.0	SSE	87.9	98.4	98.4	113.8	29.765	0.00	0.00	975	41.93	1030	9.6	2.06	10.4	0.000	0.477	72.1	76	64.1	73.2	14.71	 .0727	0.000	701	1	100.0	30
03/03/20	2:00 p	87.9	89.5	87.7	69	76.5	2.0	SE	1.00	9.0	ENE	87.9	98.4	98.4	115.2	29.753	0.00	0.00	931	40.04	1032	8.2	1.76	9.2	0.000	0.477	72.1	84	67.0	73.9	17.63	 .0725	0.025	700	1	100.0	30
03/03/20	2:30 p	87.5	89.1	87.5	70	76.5	2.0	SE	1.00	8.0	SSE	87.5	98.3	98.3	115.7	29.743	0.00	0.00	828	35.61	921	6.5	1.39	7.6	0.000	0.469	72.2	83	66.7	73.9	17.25	 .0725	0.000	700	1	100.0	30
03/03/20	3:00 p	87.1	87.9	86.7	71	76.5	3.0	SE	1.50	7.0	SSE	87.1	98.1	98.1	116.3	29.737	0.00	0.00	723	31.09	823	4.6	0.99	5.7	0.000	0.460	71.9	86	67.5	73.8	18.36	 .0725	0.020	699	1	100.0	30
03/03/20	3:30 p	87.1	87.3	86.7	70	76.1	3.0	SE	1.50	8.0	SE	87.1	97.6	97.6	115.1	29.735	0.00	0.00	571	24.56	703	3.1	0.66	3.9	0.000	0.460	71.9	86	67.5	73.8	18.36	 .0725	0.000	693	1	100.0	30
03/03/20	4:00 p	86.6	87.2	86.6	72	76.5	2.0	SE	1.00	8.0	SE	86.6	97.4	97.4	114.3	29.736	0.00	0.00	456	19.61	519	1.9	0.41	2.5	0.000	0.450	71.8	86	67.4	73.7	18.36	 .0725	0.014	700	1	100.0	30
03/03/20	4:30 p	85.3	86.9	85.3	73	75.7	2.0	SSE	1.00	6.0	SSE	85.3	94.6	94.6	98.3	29.741	0.00	0.00	248	10.67	478	0.9	0.19	1.4	0.000	0.423	71.8	85	67.0	73.6	18.02	 .0726	0.000	700	1	100.0	30
03/03/20	5:00 p	84.2	85.4	84.2	78	76.6	1.0	ESE	0.50	4.0	ESE	84.2	94.2	94.2	94.7	29.748	0.00	0.00	93	4.00	144	0.1	0.02	0.5	0.000	0.400	71.8	77	64.2	72.9	14.95	 .0727	0.005	697	1	100.0	30
03/03/20	5:30 p	83.5	84.2	83.5	79	76.3	1.0	SE	0.50	4.0	S	83.5	92.8	92.8	92.1	29.752	0.00	0.00	36	1.55	53	0.0	0.00	0.0	0.000	0.385	72.1	87	68.0	74.1	18.93	 .0725	0.000	702	1	100.0	30
03/03/20	6:00 p	81.8	83.5	81.8	82	75.8	0.0	SE	0.00	2.0	SE	81.8	89.0	89.0	87.5	29.761	0.00	0.00	5	0.22	16	0.0	0.00	0.0	0.000	0.350	72.0	88	68.2	74.0	19.43	 .0725	0.001	700	1	100.0	30
03/03/20	6:30 p	81.2	81.8	81.2	83	75.5	0.0	SE	0.00	1.0	SE	81.2	87.8	87.8	86.2	29.771	0.00	0.00	0	0.00	0	0.0	0.00	0.0	0.000	0.337	71.8	76	63.8	72.8	14.71	 .0728	0.000	696	1	100.0	30
03/03/20	7:00 p	80.7	81.2	80.6	84	75.4	0.0	SE	0.00	2.0	SE	80.7	86.9	86.9	85.3	29.782	0.00	0.00	0	0.00	0	0.0	0.00	0.0	0.000	0.327	71.9	88	68.2	73.9	19.43	 .0726	0.001	696	1	100.0	30
03/03/20	7:30 p	80.4	80.7	80.3	84	75.1	0.0	SE	0.00	1.0	SE	80.4	86.2	86.2	84.6	29.797	0.00	0.00	0	0.00	0	0.0	0.00	0.0	0.000	0.321	72.2	88	68.4	74.3	19.44	 .0726	0.000	701	1	100.0	30
03/03/20	8:00 p	80.0	80.5	80.0	85	75.1	0.0	---	0.00	0.0	---	80.0	85.6	85.6	84.0	29.804	0.00	0.00	0	0.00	0	0.0	0.00	0.0	0.000	0.313	71.8	77	64.2	72.9	14.95	 .0729	0.001	699	1	100.0	30
03/03/20	8:30 p	79.3	80.0	79.3	85	74.4	0.0	---	0.00	0.0	---	79.3	84.3	84.3	82.7	29.808	0.00	0.00	0	0.00	0	0.0	0.00	0.0	0.000	0.298	72.0	88	68.2	74.0	19.43	 .0726	0.000	700	1	100.0	30
03/03/20	9:00 p	78.8	79.4	78.8	86	74.3	0.0	---	0.00	0.0	---	78.8	83.6	83.6	82.0	29.812	0.00	0.00	0	0.00	0	0.0	0.00	0.0	0.000	0.288	72.1	90	69.0	74.3	20.45	 .0726	0.001	697	1	100.0	30
03/03/20	9:30 p	78.5	78.8	78.4	87	74.3	0.0	---	0.00	0.0	---	78.5	83.2	83.2	81.6	29.821	0.00	0.00	0	0.00	0	0.0	0.00	0.0	0.000	0.281	72.2	87	68.1	74.2	18.94	 .0726	0.000	698	1	100.0	30
03/03/20	10:00 p	78.0	78.5	78.0	87	73.8	0.0	---	0.00	0.0	---	78.0	82.4	82.4	80.7	29.823	0.00	0.00	0	0.00	0	0.0	0.00	0.0	0.000	0.271	72.3	87	68.2	74.4	18.94	 .0726	0.001	701	1	100.0	30
03/03/20	10:30 p	77.6	78.0	77.6	87	73.4	0.0	---	0.00	0.0	---	77.6	81.7	81.7	80.0	29.823	0.00	0.00	0	0.00	0	0.0	0.00	0.0	0.000	0.262	72.2	88	68.4	74.3	19.44	 .0726	0.000	701	1	100.0	30
03/03/20	11:00 p	77.2	77.6	77.2	87	73.0	0.0	---	0.00	0.0	---	77.2	81.1	81.1	79.4	29.820	0.00	0.00	0	0.00	0	0.0	0.00	0.0	0.000	0.254	72.3	90	69.2	74.6	20.45	 .0726	0.001	701	1	100.0	30
03/03/20	11:30 p	76.9	77.2	76.9	87	72.7	0.0	---	0.00	0.0	---	76.9	80.6	80.6	78.8	29.812	0.00	0.00	0	0.00	0	0.0	0.00	0.0	0.000	0.248	72.4	87	68.3	74.5	18.95	 .0726	0.000	700	1	100.0	30
03/04/20	12:00 a	76.7	77.0	76.7	88	72.9	0.0	---	0.00	0.0	---	76.7	80.4	80.4	78.6	29.804	0.00	0.00	0	0.00	0	0.0	0.00	0.0	0.000	0.244	72.4	92	69.9	74.9	20.89	 .0725	0.001	701	1	100.0	30
03/04/20	12:30 a	76.5	76.7	76.4	88	72.7	0.0	---	0.00	0.0	---	76.5	80.1	80.1	78.3	29.795	0.00	0.00	0	0.00	0	0.0	0.00	0.0	0.000	0.240	72.1	90	69.0	74.3	20.45	 .0725	0.000	700	1	100.0	30
03/04/20	1:00 a	76.3	76.5	76.3	88	72.5	0.0	---	0.00	0.0	---	76.3	79.8	79.8	78.0	29.783	0.00	0.00	0	0.00	0	0.0	0.00	0.0	0.000	0.235	72.1	88	68.3	74.2	19.43	 .0725	0.000	702	1	100.0	30
03/04/20	1:30 a	76.5	76.6	76.3	88	72.7	0.0	---	0.00	0.0	---	76.5	80.1	80.1	78.3	29.776	0.00	0.00	0	0.00	0	0.0	0.00	0.0	0.000	0.240	72.2	93	70.1	74.8	21.04	 .0724	0.000	699	1	100.0	30
03/04/20	2:00 a	76.7	76.8	76.5	88	72.9	0.0	---	0.00	0.0	---	76.7	80.4	80.4	78.6	29.771	0.00	0.00	0	0.00	0	0.0	0.00	0.0	0.000	0.244	72.5	92	70.0	75.0	20.90	 .0724	0.000	701	1	100.0	30
03/04/20	2:30 a	77.0	77.0	76.7	88	73.2	0.0	---	0.00	0.0	---	77.0	80.8	80.8	79.1	29.773	0.00	0.00	0	0.00	0	0.0	0.00	0.0	0.000	0.250	72.2	89	68.8	74.4	19.95	 .0725	0.000	700	1	100.0	30
03/04/20	3:00 a	76.4	77.1	76.4	88	72.6	0.0	---	0.00	0.0	---	76.4	80.0	80.0	78.2	29.773	0.00	0.00	0	0.00	0	0.0	0.00	0.0	0.000	0.238	72.6	90	69.5	75.0	20.45	 .0724	0.000	701	1	100.0	30
03/04/20	3:30 a	75.9	76.4	75.9	88	72.1	0.0	---	0.00	0.0	---	75.9	79.3	79.3	77.5	29.770	0.00	0.00	0	0.00	0	0.0	0.00	0.0	0.000	0.227	72.4	91	69.6	74.8	20.79	 .0724	0.000	701	1	100.0	30
03/04/20	4:00 a	75.7	75.9	75.6	88	71.9	0.0	---	0.00	0.0	---	75.7	79.0	79.0	77.2	29.768	0.00	0.00	0	0.00	0	0.0	0.00	0.0	0.000	0.223	72.5	80	66.0	74.1	16.10	 .0726	0.000	699	1	100.0	30
03/04/20	4:30 a	75.2	75.7	75.2	88	71.4	0.0	---	0.00	0.0	---	75.2	78.5	78.5	76.7	29.777	0.00	0.00	0	0.00	0	0.0	0.00	0.0	0.000	0.212	72.5	91	69.7	74.9	20.80	 .0724	0.000	700	1	100.0	30
03/04/20	5:00 a	74.8	75.2	74.8	88	71.0	0.0	---	0.00	0.0	---	74.8	77.9	77.9	76.1	29.781	0.00	0.00	0	0.00	0	0.0	0.00	0.0	0.000	0.204	72.8	88	69.0	75.1	19.46	 .0724	0.000	701	1	100.0	30
03/04/20	5:30 a	74.6	74.9	74.6	88	70.8	0.0	---	0.00	0.0	---	74.6	77.5	77.5	75.6	29.796	0.00	0.00	0	0.00	0	0.0	0.00	0.0	0.000	0.200	72.5	91	69.7	74.9	20.80	 .0724	0.000	701	1	100.0	30
03/04/20	6:00 a	74.7	74.7	74.5	88	70.9	0.0	---	0.00	0.0	---	74.7	77.7	77.7	75.9	29.820	0.00	0.00	3	0.13	12	0.0	0.00	0.0	0.000	0.202	73.1	93	71.0	75.8	21.07	 .0723	0.000	702	1	100.0	30
03/04/20	6:30 a	75.2	75.2	74.6	88	71.4	0.0	---	0.00	0.0	---	75.2	78.5	78.5	78.5	29.832	0.00	0.00	21	0.90	30	0.0	0.00	0.0	0.000	0.212	71.8	92	69.3	74.2	20.86	 .0726	0.000	700	1	100.0	30
03/04/20	7:00 a	76.1	76.1	75.1	89	72.6	0.0	---	0.00	0.0	---	76.1	79.6	79.6	80.1	29.841	0.00	0.00	34	1.46	39	0.0	0.00	0.0	0.000	0.231	72.8	93	70.7	75.5	21.06	 .0725	0.001	701	1	100.0	30
03/04/20	7:30 a	77.3	77.3	76.1	89	73.8	0.0	---	0.00	0.0	---	77.3	81.4	81.4	82.0	29.851	0.00	0.00	42	1.81	47	0.0	0.00	0.0	0.000	0.256	72.9	91	70.1	75.4	20.82	 .0725	0.000	702	1	100.0	30
03/04/20	8:00 a	78.4	78.5	77.3	89	74.9	0.0	---	0.00	0.0	---	78.4	83.4	83.4	84.2	29.854	0.00	0.00	55	2.37	70	0.7	0.15	1.6	0.000	0.279	72.7	92	70.2	75.3	20.91	 .0725	0.001	698	1	100.0	30
03/04/20	8:30 a	82.0	82.0	78.5	87	77.7	0.0	---	0.00	0.0	---	82.0	91.1	91.1	99.9	29.861	0.00	0.00	373	16.04	469	2.7	0.58	3.5	0.000	0.354	72.7	89	69.3	75.0	19.95	 .0726	0.000	694	1	100.0	30
03/04/20	9:00 a	85.6	85.6	82.0	77	77.6	0.0	SSW	0.00	4.0	S	85.6	96.8	96.8	108.0	29.860	0.00	0.00	545	23.44	613	4.4	0.94	5.1	0.000	0.429	72.5	92	70.0	75.0	20.90	 .0726	0.012	699	1	100.0	30
03/04/20	9:30 a	86.9	87.0	85.6	75	78.0	2.0	SSW	1.00	6.0	SW	86.9	99.3	99.3	111.7	29.863	0.00	0.00	697	29.97	772	5.9	1.26	6.8	0.000	0.456	72.2	90	69.1	74.5	20.45	 .0727	0.000	700	1	100.0	30
03/04/20	10:00 a	87.2	87.6	86.9	73	77.5	2.0	S	1.00	5.0	SE	87.2	99.1	99.1	111.4	29.858	0.00	0.00	830	35.69	868	7.5	1.61	8.2	0.000	0.462	72.1	89	68.7	74.2	19.95	 .0727	0.020	698	1	100.0	30
03/04/20	10:30 a	88.5	88.5	87.2	72	78.3	2.0	SSW	1.00	6.0	S	88.5	101.8	101.8	113.0	29.849	0.00	0.00	908	39.05	953	9.0	1.93	9.8	0.000	0.490	72.2	90	69.1	74.5	20.45	 .0727	0.000	698	1	100.0	30
03/04/20	11:00 a	88.6	88.9	87.7	69	77.1	2.0	SW	1.00	8.0	WSW	88.6	100.5	100.5	112.2	29.838	0.00	0.00	980	42.15	1011	10.4	2.23	10.9	0.000	0.492	72.1	88	68.3	74.2	19.43	 .0727	0.026	698	1	100.0	30
03/04/20	11:30 a	88.5	88.7	87.9	71	77.9	2.0	SSW	1.00	5.0	SSW	88.5	101.2	101.2	113.5	29.820	0.00	0.00	1025	44.08	1039	11.3	2.42	11.6	0.000	0.490	71.8	82	66.0	73.3	16.85	 .0728	0.000	697	1	100.0	30
03/04/20	12:00 p	88.3	89.6	88.2	71	77.7	2.0	E	1.00	5.0	SSW	88.3	100.5	100.5	113.5	29.811	0.00	0.00	1050	45.16	1067	11.7	2.51	11.8	0.000	0.485	71.6	86	67.2	73.5	18.35	 .0728	0.028	701	1	100.0	30
03/04/20	12:30 p	89.6	89.8	88.2	70	78.5	2.0	S	1.00	9.0	SSE	89.6	104.4	104.4	118.0	29.794	0.00	0.00	1037	44.60	1056	11.4	2.44	11.6	0.000	0.512	71.7	87	67.6	73.7	18.92	 .0727	0.000	694	1	100.0	30
03/04/20	1:00 p	89.5	89.7	88.1	70	78.4	2.0	S	1.00	8.0	SSE	89.5	104.1	104.1	118.3	29.779	0.00	0.00	998	42.92	1018	10.7	2.29	11.2	0.000	0.510	71.7	89	68.3	73.8	19.95	 .0726	0.028	697	1	100.0	30
03/04/20	1:30 p	89.0	89.8	88.4	70	77.9	2.0	SSE	1.00	10.0	ESE	89.0	102.3	102.3	117.1	29.765	0.00	0.00	945	40.64	974	9.5	2.04	10.2	0.000	0.500	71.5	78	64.3	72.7	15.32	 .0728	0.000	696	1	100.0	30
03/04/20	2:00 p	89.3	90.0	88.6	69	77.8	2.0	S	1.00	10.0	SSE	89.3	102.8	102.8	118.4	29.755	0.00	0.00	873	37.54	912	8.1	1.74	8.8	0.000	0.506	71.6	86	67.2	73.5	18.35	 .0726	0.025	695	1	100.0	30
03/04/20	2:30 p	88.0	89.8	88.0	68	76.1	2.0	SE	1.00	9.0	SSE	88.0	98.1	98.1	114.5	29.748	0.00	0.00	785	33.76	833	6.4	1.37	7.2	0.000	0.479	71.5	76	63.5	72.5	14.72	 .0728	0.000	700	1	100.0	30
03/04/20	3:00 p	88.4	89.0	88.0	70	77.4	2.0	SE	1.00	10.0	SE	88.4	100.3	100.3	117.2	29.744	0.00	0.00	675	29.03	737	4.6	0.99	5.5	0.000	0.488	71.4	85	66.7	73.2	18.01	 .0726	0.020	695	1	100.0	30
03/04/20	3:30 p	88.1	88.6	87.2	71	77.5	2.0	SSE	1.00	11.0	S	88.1	99.8	99.8	117.0	29.744	0.00	0.00	561	24.13	619	3.1	0.66	3.8	0.000	0.481	71.6	87	67.5	73.6	18.91	 .0726	0.000	694	1	100.0	30
03/04/20	4:00 p	86.8	88.2	86.6	72	76.7	2.0	SE	1.00	8.0	E	86.8	97.9	97.9	113.5	29.745	0.00	0.00	423	18.19	520	1.8	0.39	2.4	0.000	0.454	71.4	75	63.1	72.3	14.42	 .0728	0.014	697	1	100.0	30
03/04/20	4:30 p	85.4	86.9	85.2	73	75.8	2.0	ESE	1.00	6.0	SSE	85.4	94.9	94.9	96.5	29.746	0.00	0.00	148	6.36	332	0.9	0.19	1.2	0.000	0.425	71.5	88	67.8	73.5	19.41	 .0726	0.000	700	1	100.0	30
03/04/20	5:00 p	84.1	85.5	84.1	75	75.3	1.0	SE	0.50	8.0	ESE	84.1	92.9	92.9	92.6	29.754	0.00	0.00	61	2.62	81	0.1	0.02	0.6	0.000	0.398	71.9	89	68.5	74.0	19.95	 .0725	0.003	699	1	100.0	30
03/04/20	5:30 p	83.4	84.3	83.3	77	75.4	1.0	SSE	0.50	7.0	WSW	83.4	91.8	91.8	91.2	29.755	0.00	0.00	44	1.89	63	0.0	0.00	0.0	0.000	0.383	71.8	88	68.1	73.8	19.42	 .0725	0.000	701	1	100.0	30
03/04/20	6:00 p	81.0	83.3	81.0	82	75.0	0.0	SE	0.00	2.0	SE	81.0	87.0	87.0	85.4	29.760	0.00	0.00	4	0.17	16	0.0	0.00	0.0	0.000	0.333	71.7	86	67.3	73.6	18.35	 .0726	0.001	698	1	100.0	30
03/04/20	6:30 p	79.7	81.0	79.7	83	74.1	0.0	---	0.00	0.0	---	79.7	84.6	84.6	83.0	29.769	0.00	0.00	0	0.00	0	0.0	0.00	0.0	0.000	0.306	71.8	86	67.4	73.7	18.36	 .0726	0.000	703	1	100.0	30
03/04/20	7:00 p	78.9	79.7	78.9	85	74.0	0.0	---	0.00	0.0	---	78.9	83.5	83.5	81.9	29.775	0.00	0.00	0	0.00	0	0.0	0.00	0.0	0.000	0.290	71.4	80	64.9	72.7	16.12	 .0728	0.001	699	1	100.0	30
03/04/20	7:30 p	78.1	78.9	78.1	85	73.2	0.0	---	0.00	0.0	---	78.1	82.3	82.3	80.6	29.787	0.00	0.00	0	0.00	0	0.0	0.00	0.0	0.000	0.273	72.0	90	68.9	74.2	20.45	 .0725	0.000	701	1	100.0	30
03/04/20	8:00 p	77.7	78.1	77.7	86	73.2	0.0	---	0.00	0.0	---	77.7	81.8	81.8	80.1	29.795	0.00	0.00	0	0.00	0	0.0	0.00	0.0	0.000	0.265	71.6	74	62.9	72.5	14.19	 .0729	0.001	699	1	100.0	30
03/04/20	8:30 p	77.5	77.7	77.5	86	73.0	0.0	---	0.00	0.0	---	77.5	81.5	81.5	79.7	29.800	0.00	0.00	0	0.00	0	0.0	0.00	0.0	0.000	0.260	71.6	87	67.5	73.6	18.91	 .0727	0.000	698	1	100.0	30
03/04/20	9:00 p	77.1	77.6	77.1	87	72.9	0.0	---	0.00	0.0	---	77.1	80.9	80.9	79.1	29.806	0.00	0.00	0	0.00	0	0.0	0.00	0.0	0.000	0.252	72.2	90	69.1	74.5	20.45	 .0725	0.001	702	1	100.0	30
03/04/20	9:30 p	76.6	77.1	76.5	87	72.4	0.0	---	0.00	0.0	---	76.6	80.2	80.2	78.4	29.807	0.00	0.00	0	0.00	0	0.0	0.00	0.0	0.000	0.242	71.8	80	65.3	73.2	16.11	 .0728	0.000	701	1	100.0	30
03/04/20	10:00 p	75.3	76.5	75.3	87	71.2	0.0	---	0.00	0.0	---	75.3	78.5	78.5	76.7	29.812	0.00	0.00	0	0.00	0	0.0	0.00	0.0	0.000	0.215	72.0	87	67.9	74.0	18.93	 .0727	0.001	702	1	100.0	30
03/04/20	10:30 p	74.7	75.3	74.7	87	70.6	0.0	---	0.00	0.0	---	74.7	77.6	77.6	75.7	29.814	0.00	0.00	0	0.00	0	0.0	0.00	0.0	0.000	0.202	71.9	87	67.8	73.9	18.93	 .0727	0.000	702	1	100.0	30
03/04/20	11:00 p	74.2	74.7	74.2	87	70.1	0.0	---	0.00	0.0	---	74.2	76.7	76.7	74.8	29.813	0.00	0.00	0	0.00	0	0.0	0.00	0.0	0.000	0.192	71.8	86	67.4	73.7	18.36	 .0727	0.001	698	1	100.0	30
03/04/20	11:30 p	74.0	74.2	74.0	87	69.9	0.0	---	0.00	0.0	---	74.0	76.3	76.3	74.3	29.808	0.00	0.00	0	0.00	0	0.0	0.00	0.0	0.000	0.188	72.1	85	67.3	73.9	18.03	 .0727	0.000	700	1	100.0	30
03/05/20	12:00 a	73.8	74.0	73.7	87	69.7	0.0	---	0.00	0.0	---	73.8	76.1	76.1	74.1	29.797	0.00	0.00	0	0.00	0	0.0	0.00	0.0	0.000	0.183	72.6	92	70.1	75.1	20.91	 .0724	0.001	702	1	100.0	30
03/05/20	12:30 a	73.6	73.9	73.5	88	69.8	0.0	---	0.00	0.0	---	73.6	75.9	75.9	73.9	29.786	0.00	0.00	0	0.00	0	0.0	0.00	0.0	0.000	0.179	72.4	91	69.6	74.8	20.79	 .0724	0.000	700	1	100.0	30
03/05/20	1:00 a	73.4	73.7	73.4	88	69.6	0.0	---	0.00	0.0	---	73.4	75.7	75.7	73.7	29.772	0.00	0.00	0	0.00	0	0.0	0.00	0.0	0.000	0.175	72.8	92	70.3	75.4	20.92	 .0723	0.000	700	1	100.0	30
03/05/20	1:30 a	73.3	73.5	73.3	88	69.5	0.0	---	0.00	0.0	---	73.3	75.6	75.6	73.6	29.766	0.00	0.00	0	0.00	0	0.0	0.00	0.0	0.000	0.173	72.5	89	69.1	74.8	19.95	 .0724	0.000	696	1	100.0	30
03/05/20	2:00 a	73.4	73.5	73.3	88	69.6	0.0	---	0.00	0.0	---	73.4	75.7	75.7	73.7	29.763	0.00	0.00	0	0.00	0	0.0	0.00	0.0	0.000	0.175	72.9	93	70.8	75.6	21.07	 .0722	0.000	702	1	100.0	30
03/05/20	2:30 a	73.3	73.4	73.1	88	69.5	0.0	---	0.00	0.0	---	73.3	75.6	75.6	73.6	29.761	0.00	0.00	0	0.00	0	0.0	0.00	0.0	0.000	0.173	73.1	87	69.0	75.4	18.97	 .0723	0.000	696	1	100.0	30
03/05/20	3:00 a	73.3	73.4	73.1	88	69.5	0.0	---	0.00	0.0	---	73.3	75.6	75.6	73.6	29.761	0.00	0.00	0	0.00	0	0.0	0.00	0.0	0.000	0.173	72.5	88	68.7	74.7	19.45	 .0724	0.000	701	1	100.0	30
03/05/20	3:30 a	73.2	73.4	73.1	88	69.4	0.0	---	0.00	0.0	---	73.2	75.5	75.5	73.5	29.763	0.00	0.00	0	0.00	0	0.0	0.00	0.0	0.000	0.171	72.8	91	70.0	75.3	20.82	 .0723	0.000	699	1	100.0	30
03/05/20	4:00 a	73.2	73.3	73.0	88	69.4	0.0	---	0.00	0.0	---	73.2	75.5	75.5	73.5	29.769	0.00	0.00	0	0.00	0	0.0	0.00	0.0	0.000	0.171	73.3	93	71.2	76.0	21.08	 .0722	0.000	698	1	100.0	30
03/05/20	4:30 a	73.2	73.4	73.1	88	69.4	0.0	---	0.00	0.0	---	73.2	75.5	75.5	73.5	29.773	0.00	0.00	0	0.00	0	0.0	0.00	0.0	0.000	0.171	73.0	79	66.1	74.7	15.69	 .0725	0.000	702	1	100.0	30
03/05/20	5:00 a	73.1	73.2	72.9	88	69.3	0.0	---	0.00	0.0	---	73.1	75.4	75.4	73.4	29.783	0.00	0.00	0	0.00	0	0.0	0.00	0.0	0.000	0.169	72.5	88	68.7	74.7	19.45	 .0725	0.000	700	1	100.0	30
03/05/20	5:30 a	73.1	73.2	72.9	88	69.3	0.0	---	0.00	0.0	---	73.1	75.4	75.4	73.4	29.791	0.00	0.00	0	0.00	0	0.0	0.00	0.0	0.000	0.169	72.9	93	70.8	75.6	21.07	 .0723	0.000	701	1	100.0	30
03/05/20	6:00 a	73.2	73.3	73.1	88	69.4	0.0	---	0.00	0.0	---	73.2	75.5	75.5	73.6	29.807	0.00	0.00	3	0.13	11	0.0	0.00	0.0	0.000	0.171	73.1	92	70.6	75.7	20.94	 .0723	0.000	700	1	100.0	30
03/05/20	6:30 a	73.9	73.9	73.1	88	70.1	0.0	---	0.00	0.0	---	73.9	76.2	76.2	76.1	29.820	0.00	0.00	18	0.77	25	0.0	0.00	0.0	0.000	0.185	73.2	93	71.1	75.9	21.08	 .0723	0.000	701	1	100.0	30
03/05/20	7:00 a	75.1	75.1	73.9	89	71.6	0.0	---	0.00	0.0	---	75.1	78.4	78.4	78.6	29.838	0.00	0.00	30	1.29	33	0.0	0.00	0.0	0.000	0.210	73.4	91	70.6	75.9	20.85	 .0724	0.001	700	1	100.0	30
03/05/20	7:30 a	76.4	76.4	75.1	89	72.9	0.0	---	0.00	0.0	---	76.4	80.0	80.0	80.4	29.849	0.00	0.00	37	1.59	40	0.0	0.00	0.0	0.000	0.238	72.7	88	68.9	74.9	19.46	 .0726	0.000	702	1	100.0	30
03/05/20	8:00 a	77.6	77.6	76.4	89	74.1	0.0	---	0.00	0.0	---	77.6	82.0	82.0	82.9	29.849	0.00	0.00	58	2.49	141	0.4	0.09	1.6	0.000	0.262	72.6	90	69.5	75.0	20.45	 .0726	0.001	701	1	100.0	30
03/05/20	8:30 a	80.3	80.3	77.6	88	76.4	0.0	---	0.00	0.0	---	80.3	87.0	87.0	95.4	29.856	0.00	0.00	355	15.27	473	2.8	0.60	3.6	0.000	0.319	72.5	88	68.7	74.7	19.45	 .0726	0.000	700	1	100.0	30
03/05/20	9:00 a	85.1	85.2	80.3	80	78.2	0.0	---	0.00	0.0	---	85.1	96.6	96.6	107.7	29.858	0.00	0.00	540	23.22	610	4.5	0.96	5.3	0.000	0.419	72.4	90	69.3	74.7	20.45	 .0726	0.011	696	1	100.0	30
03/05/20	9:30 a	87.7	87.7	84.8	67	75.4	1.0	S	0.50	6.0	SSE	87.7	97.3	97.3	109.5	29.863	0.00	0.00	691	29.72	772	6.2	1.33	6.9	0.000	0.473	72.5	88	68.7	74.7	19.45	 .0727	0.000	698	1	100.0	30
03/05/20	10:00 a	88.7	89.0	87.5	68	76.8	1.0	SSE	0.50	6.0	S	88.7	100.3	100.3	112.3	29.855	0.00	0.00	850	36.55	902	7.8	1.67	8.6	0.000	0.494	72.2	89	68.8	74.4	19.95	 .0727	0.021	698	1	100.0	30
03/05/20	10:30 a	89.0	89.3	88.6	68	77.1	2.0	SW	1.00	8.0	SW	89.0	101.2	101.2	112.6	29.843	0.00	0.00	935	40.21	967	9.4	2.01	10.0	0.000	0.500	72.3	82	66.5	74.0	16.85	 .0728	0.000	697	1	100.0	30
03/05/20	11:00 a	89.3	90.0	88.9	66	76.4	3.0	SSW	1.50	10.0	S	89.3	101.1	101.1	112.8	29.831	0.00	0.00	991	42.62	1013	10.6	2.27	11.1	0.000	0.506	71.7	84	66.6	73.4	17.62	 .0728	0.026	702	1	100.0	30
03/05/20	11:30 a	88.2	89.3	88.2	70	77.2	2.0	SSW	1.00	7.0	SSW	88.2	99.7	99.7	112.0	29.821	0.00	0.00	1031	44.34	1044	11.5	2.46	11.7	0.000	0.483	71.6	77	64.0	72.7	14.95	 .0730	0.000	695	1	100.0	30
03/05/20	12:00 p	88.5	88.8	87.7	71	77.9	3.0	SW	1.50	6.0	S	88.5	101.2	101.2	114.1	29.814	0.00	0.00	1046	44.98	1049	11.8	2.53	11.9	0.000	0.490	71.7	75	63.4	72.6	14.42	 .0730	0.028	700	1	100.0	30
03/05/20	12:30 p	88.4	88.7	87.9	69	76.9	2.0	SSW	1.00	7.0	WSW	88.4	99.8	99.8	113.3	29.802	0.00	0.00	1040	44.73	1048	11.6	2.49	11.8	0.000	0.488	71.5	77	63.9	72.6	14.95	 .0729	0.000	700	1	100.0	30
03/05/20	1:00 p	88.6	88.9	88.0	69	77.1	2.0	SSW	1.00	6.0	SSE	88.6	100.5	100.5	114.7	29.794	0.00	0.00	1009	43.39	1027	10.9	2.34	11.3	0.000	0.492	71.7	88	68.0	73.7	19.42	 .0727	0.028	701	1	100.0	30
03/05/20	1:30 p	88.1	89.0	88.0	70	77.1	2.0	S	1.00	8.0	SSE	88.1	99.3	99.3	114.2	29.776	0.00	0.00	957	41.16	988	9.7	2.08	10.3	0.000	0.481	71.5	78	64.3	72.7	15.32	 .0728	0.000	699	1	100.0	30
03/05/20	2:00 p	87.8	88.6	87.7	71	77.2	2.0	SE	1.00	7.0	SE	87.8	99.2	99.2	115.0	29.763	0.00	0.00	882	37.93	925	8.1	1.74	8.9	0.000	0.475	71.5	85	66.8	73.3	18.01	 .0727	0.025	699	1	100.0	30
03/05/20	2:30 p	87.9	88.7	87.7	72	77.7	2.0	SE	1.00	7.0	S	87.9	99.8	99.8	116.5	29.756	0.00	0.00	798	34.32	842	6.5	1.39	7.3	0.000	0.477	71.3	74	62.6	72.1	14.20	 .0729	0.000	700	1	100.0	30
03/05/20	3:00 p	88.8	89.1	87.9	71	78.2	2.0	S	1.00	5.0	SSE	88.8	102.2	102.2	119.8	29.753	0.00	0.00	698	30.02	751	4.8	1.03	5.6	0.000	0.496	71.5	85	66.8	73.3	18.01	 .0726	0.020	699	1	100.0	30
03/05/20	3:30 p	88.1	88.8	87.2	68	76.2	2.0	SE	1.00	7.0	ESE	88.1	98.4	98.4	116.0	29.758	0.00	0.00	578	24.86	636	3.2	0.69	4.0	0.000	0.481	71.8	85	67.0	73.6	18.02	 .0726	0.000	701	1	100.0	30
03/05/20	4:00 p	87.0	88.1	86.7	70	76.0	2.0	S	1.00	5.0	SSE	87.0	97.5	97.5	114.2	29.757	0.00	0.00	452	19.44	512	2.0	0.43	2.5	0.000	0.458	71.7	76	63.7	72.7	14.72	 .0728	0.014	701	1	100.0	30
03/05/20	4:30 p	85.6	87.0	85.6	73	75.9	1.0	WNW	0.50	7.0	SE	85.6	95.4	95.4	98.9	29.762	0.00	0.00	238	10.24	381	1.0	0.21	1.4	0.000	0.429	71.5	83	66.1	73.1	17.25	 .0727	0.000	699	1	100.0	30
03/05/20	5:00 p	84.0	85.6	84.0	76	75.6	1.0	SE	0.50	4.0	S	84.0	93.1	93.1	92.6	29.768	0.00	0.00	49	2.11	70	0.1	0.02	0.6	0.000	0.396	71.6	85	66.8	73.4	18.01	 .0727	0.004	699	1	100.0	30
03/05/20	5:30 p	82.5	84.0	82.4	79	75.3	0.0	SE	0.00	3.0	SSE	82.5	90.0	90.0	89.0	29.773	0.00	0.00	28	1.20	39	0.0	0.00	0.0	0.000	0.365	71.6	85	66.8	73.4	18.01	 .0727	0.000	702	1	100.0	30
03/05/20	6:00 p	81.1	82.5	81.1	82	75.1	0.0	SE	0.00	1.0	SE	81.1	87.3	87.3	85.9	29.783	0.00	0.00	6	0.26	21	0.0	0.00	0.0	0.000	0.335	71.5	82	65.7	73.0	16.85	 .0728	0.001	700	1	100.0	30
03/05/20	6:30 p	80.3	81.1	80.3	83	74.7	0.0	---	0.00	0.0	---	80.3	85.8	85.8	84.2	29.794	0.00	0.00	0	0.00	0	0.0	0.00	0.0	0.000	0.319	71.8	86	67.4	73.7	18.36	 .0727	0.000	703	1	100.0	30
03/05/20	7:00 p	79.6	80.3	79.6	84	74.3	0.0	---	0.00	0.0	---	79.6	84.6	84.6	83.0	29.804	0.00	0.00	0	0.00	0	0.0	0.00	0.0	0.000	0.304	71.8	87	67.7	73.8	18.92	 .0727	0.001	698	1	100.0	30
03/05/20	7:30 p	78.5	79.6	78.5	84	73.3	0.0	---	0.00	0.0	---	78.5	82.7	82.7	81.0	29.811	0.00	0.00	0	0.00	0	0.0	0.00	0.0	0.000	0.281	71.8	88	68.1	73.8	19.42	 .0727	0.000	699	1	100.0	30
03/05/20	8:00 p	78.0	78.6	78.0	85	73.1	0.0	---	0.00	0.0	---	78.0	82.1	82.1	80.4	29.825	0.00	0.00	0	0.00	0	0.0	0.00	0.0	0.000	0.271	71.6	86	67.2	73.5	18.35	 .0728	0.001	701	1	100.0	30
03/05/20	8:30 p	77.6	78.0	77.6	86	73.1	0.0	---	0.00	0.0	---	77.6	81.6	81.6	79.9	29.837	0.00	0.00	0	0.00	0	0.0	0.00	0.0	0.000	0.262	72.1	89	68.7	74.2	19.95	 .0727	0.000	701	1	100.0	30
03/05/20	9:00 p	77.3	77.6	77.3	86	72.8	0.0	---	0.00	0.0	---	77.3	81.1	81.1	79.3	29.843	0.00	0.00	0	0.00	0	0.0	0.00	0.0	0.000	0.256	71.7	74	63.0	72.6	14.18	 .0730	0.001	702	1	100.0	30
03/05/20	9:30 p	77.2	77.3	77.1	86	72.7	0.0	---	0.00	0.0	---	77.2	81.0	81.0	79.2	29.850	0.00	0.00	0	0.00	0	0.0	0.00	0.0	0.000	0.254	72.0	87	67.9	74.0	18.93	 .0728	0.000	700	1	100.0	30
03/05/20	10:00 p	76.9	77.2	76.9	87	72.7	0.0	---	0.00	0.0	---	76.9	80.6	80.6	78.8	29.847	0.00	0.00	0	0.00	0	0.0	0.00	0.0	0.000	0.248	72.1	89	68.7	74.2	19.95	 .0727	0.001	700	1	100.0	30
03/05/20	10:30 p	76.5	76.9	76.4	87	72.3	0.0	---	0.00	0.0	---	76.5	80.0	80.0	78.2	29.846	0.00	0.00	0	0.00	0	0.0	0.00	0.0	0.000	0.240	72.3	90	69.2	74.6	20.45	 .0726	0.000	702	1	100.0	30
03/05/20	11:00 p	76.1	76.5	76.1	87	71.9	0.0	---	0.00	0.0	---	76.1	79.5	79.5	77.7	29.845	0.00	0.00	0	0.00	0	0.0	0.00	0.0	0.000	0.231	72.2	89	68.8	74.4	19.95	 .0727	0.001	700	1	100.0	30
03/05/20	11:30 p	75.7	76.1	75.7	87	71.6	0.0	---	0.00	0.0	---	75.7	79.0	79.0	77.2	29.839	0.00	0.00	0	0.00	0	0.0	0.00	0.0	0.000	0.223	72.2	86	67.8	74.1	18.38	 .0727	0.000	702	1	100.0	30
03/06/20	12:00 a	75.5	75.8	75.4	88	71.7	0.0	---	0.00	0.0	---	75.5	78.8	78.8	77.0	29.830	0.00	0.00	0	0.00	0	0.0	0.00	0.0	0.000	0.219	72.4	87	68.3	74.5	18.95	 .0726	0.001	700	1	100.0	30
03/06/20	12:30 a	75.1	75.5	75.1	88	71.3	0.0	---	0.00	0.0	---	75.1	78.4	78.4	76.6	29.818	0.00	0.00	0	0.00	0	0.0	0.00	0.0	0.000	0.210	72.5	90	69.4	74.8	20.45	 .0725	0.000	698	1	100.0	30
03/06/20	1:00 a	75.0	75.1	74.9	88	71.2	0.0	---	0.00	0.0	---	75.0	78.2	78.2	76.4	29.804	0.00	0.00	0	0.00	0	0.0	0.00	0.0	0.000	0.208	72.3	88	68.5	74.4	19.44	 .0726	0.000	702	1	100.0	30
03/06/20	1:30 a	74.6	75.0	74.6	88	70.8	0.0	---	0.00	0.0	---	74.6	77.5	77.5	75.6	29.798	0.00	0.00	0	0.00	0	0.0	0.00	0.0	0.000	0.200	72.1	83	66.6	73.8	17.25	 .0727	0.000	699	1	100.0	30
03/06/20	2:00 a	74.3	74.7	74.3	88	70.5	0.0	---	0.00	0.0	---	74.3	76.9	76.9	75.0	29.796	0.00	0.00	0	0.00	0	0.0	0.00	0.0	0.000	0.194	72.7	91	69.9	75.2	20.81	 .0724	0.000	701	1	100.0	30
03/06/20	2:30 a	74.2	74.5	74.2	88	70.4	0.0	---	0.00	0.0	---	74.2	76.7	76.7	74.8	29.791	0.00	0.00	0	0.00	0	0.0	0.00	0.0	0.000	0.192	72.3	86	67.9	74.3	18.39	 .0726	0.000	700	1	100.0	30
03/06/20	3:00 a	74.2	74.4	74.1	88	70.4	0.0	---	0.00	0.0	---	74.2	76.7	76.7	74.8	29.797	0.00	0.00	0	0.00	0	0.0	0.00	0.0	0.000	0.192	72.7	91	69.9	75.2	20.81	 .0724	0.000	701	1	100.0	30
03/06/20	3:30 a	74.0	74.2	74.0	88	70.2	0.0	---	0.00	0.0	---	74.0	76.3	76.3	74.4	29.798	0.00	0.00	0	0.00	0	0.0	0.00	0.0	0.000	0.188	72.4	84	67.3	74.2	17.65	 .0726	0.000	701	1	100.0	30
03/06/20	4:00 a	73.9	74.1	73.9	88	70.1	0.0	---	0.00	0.0	---	73.9	76.2	76.2	74.3	29.802	0.00	0.00	0	0.00	0	0.0	0.00	0.0	0.000	0.185	72.8	91	70.0	75.3	20.82	 .0724	0.000	701	1	100.0	30
03/06/20	4:30 a	73.8	74.0	73.8	88	70.0	0.0	---	0.00	0.0	---	73.8	76.1	76.1	74.2	29.809	0.00	0.00	0	0.00	0	0.0	0.00	0.0	0.000	0.183	72.8	91	70.0	75.3	20.82	 .0724	0.000	700	1	100.0	30
03/06/20	5:00 a	73.5	73.8	73.4	88	69.7	0.0	---	0.00	0.0	---	73.5	75.8	75.8	73.8	29.812	0.00	0.00	0	0.00	0	0.0	0.00	0.0	0.000	0.177	72.4	86	68.0	74.4	18.39	 .0726	0.000	700	1	100.0	30
03/06/20	5:30 a	73.4	73.7	73.4	88	69.6	0.0	---	0.00	0.0	---	73.4	75.7	75.7	73.7	29.821	0.00	0.00	0	0.00	0	0.0	0.00	0.0	0.000	0.175	72.7	90	69.6	75.1	20.45	 .0725	0.000	701	1	100.0	30
03/06/20	6:00 a	73.7	73.9	73.5	88	69.9	0.0	---	0.00	0.0	---	73.7	76.0	76.0	74.1	29.833	0.00	0.00	3	0.13	11	0.0	0.00	0.0	0.000	0.181	72.9	92	70.4	75.5	20.92	 .0724	0.000	701	1	100.0	30
03/06/20	6:30 a	74.2	74.2	73.7	89	70.7	0.0	---	0.00	0.0	---	74.2	76.8	76.8	76.7	29.844	0.00	0.00	20	0.86	26	0.0	0.00	0.0	0.000	0.192	72.6	84	67.5	74.5	17.65	 .0727	0.000	703	1	100.0	30
03/06/20	7:00 a	74.5	74.6	74.2	88	70.7	0.0	---	0.00	0.0	---	74.5	77.3	77.3	77.6	29.856	0.00	0.00	32	1.38	37	0.0	0.00	0.0	0.000	0.198	72.8	91	70.0	75.3	20.82	 .0725	0.001	702	1	100.0	30
03/06/20	7:30 a	75.2	75.3	74.5	89	71.7	0.0	---	0.00	0.0	---	75.2	78.5	78.5	78.9	29.863	0.00	0.00	40	1.72	44	0.0	0.00	0.0	0.000	0.212	73.2	86	68.8	75.4	18.44	 .0726	0.000	702	1	100.0	30
03/06/20	8:00 a	76.7	76.7	75.2	89	73.2	0.0	---	0.00	0.0	---	76.7	80.5	80.5	81.4	29.871	0.00	0.00	57	2.45	118	0.6	0.13	1.8	0.000	0.244	72.6	90	69.5	75.0	20.45	 .0726	0.001	698	1	100.0	30
03/06/20	8:30 a	80.5	80.5	76.7	87	76.3	0.0	---	0.00	0.0	---	80.5	87.2	87.2	95.1	29.873	0.00	0.00	330	14.19	536	2.6	0.56	3.5	0.000	0.323	72.5	88	68.7	74.7	19.45	 .0727	0.000	700	1	100.0	30
03/06/20	9:00 a	85.6	85.7	80.6	79	78.3	0.0	---	0.00	0.0	---	85.6	97.5	97.5	108.3	29.881	0.00	0.00	515	22.15	591	4.3	0.92	5.2	0.000	0.429	72.6	90	69.5	75.0	20.45	 .0727	0.011	699	1	100.0	30
03/06/20	9:30 a	87.1	87.5	84.6	71	76.5	1.0	SE	0.50	5.0	NNE	87.1	98.1	98.1	110.2	29.875	0.00	0.00	676	29.07	761	6.0	1.29	6.8	0.000	0.460	72.4	78	65.2	73.8	15.30	 .0729	0.000	700	1	100.0	30
03/06/20	10:00 a	88.0	88.5	87.0	69	76.5	2.0	SE	1.00	9.0	SSE	88.0	98.6	98.6	110.8	29.874	0.00	0.00	838	36.04	888	7.7	1.65	8.4	0.000	0.479	72.4	89	69.0	74.6	19.95	 .0727	0.020	702	1	100.0	30
03/06/20	10:30 a	88.1	88.8	88.0	70	77.1	2.0	SE	1.00	9.0	S	88.1	99.3	99.3	110.5	29.861	0.00	0.00	924	39.74	956	9.1	1.95	9.8	0.000	0.481	72.1	89	68.7	74.2	19.95	 .0727	0.000	702	1	100.0	30
03/06/20	11:00 a	89.0	89.5	88.0	69	77.5	3.0	SE	1.50	10.0	SE	89.0	101.8	101.8	113.4	29.851	0.00	0.00	984	42.32	1009	10.3	2.21	10.8	0.000	0.500	72.0	88	68.2	74.0	19.43	 .0727	0.026	701	1	100.0	30
03/06/20	11:30 a	89.4	90.2	88.6	71	78.8	3.0	ESE	1.50	9.0	S	89.4	104.4	104.4	116.6	29.836	0.00	0.00	1020	43.87	1028	11.1	2.38	11.3	0.000	0.508	71.7	75	63.4	72.6	14.42	 .0730	0.000	701	1	100.0	30
03/06/20	12:00 p	89.1	90.0	88.8	70	78.0	3.0	SE	1.50	8.0	SE	89.1	102.6	102.6	115.3	29.825	0.00	0.00	1032	44.38	1035	11.4	2.44	11.5	0.000	0.502	71.3	76	63.3	72.3	14.72	 .0730	0.028	700	1	100.0	30
03/06/20	12:30 p	89.2	89.3	88.3	66	76.4	3.0	ESE	1.50	10.0	ESE	89.2	100.8	100.8	114.0	29.812	0.00	0.00	1026	44.12	1034	11.2	2.40	11.4	0.000	0.504	71.3	78	64.1	72.4	15.32	 .0730	0.000	701	1	100.0	30
03/06/20	1:00 p	89.8	90.1	88.9	66	76.9	3.0	SE	1.50	12.0	SE	89.8	102.7	102.7	116.5	29.804	0.00	0.00	993	42.70	1018	10.5	2.25	10.9	0.000	0.517	71.5	83	66.1	73.1	17.25	 .0728	0.028	702	1	100.0	30
03/06/20	1:30 p	89.3	90.2	88.7	66	76.4	3.0	SSE	1.50	7.0	SE	89.3	101.1	101.1	115.6	29.793	0.00	0.00	936	40.25	967	9.3	1.99	10.1	0.000	0.506	71.3	73	62.2	72.0	13.90	 .0730	0.000	701	1	100.0	30
03/06/20	2:00 p	89.2	90.1	88.9	65	75.9	2.0	SSE	1.00	10.0	SSE	89.2	100.2	100.2	115.5	29.783	0.00	0.00	866	37.24	900	7.8	1.67	8.5	0.000	0.504	71.5	73	62.4	72.3	13.89	 .0730	0.025	700	1	100.0	30
03/06/20	2:30 p	89.0	89.9	88.5	62	74.3	3.0	SSE	1.50	9.0	SSE	89.0	98.2	98.2	114.2	29.774	0.00	0.00	778	33.46	819	6.2	1.33	6.9	0.000	0.500	71.6	85	66.8	73.4	18.01	 .0727	0.000	700	1	100.0	30
03/06/20	3:00 p	88.8	89.7	88.6	64	75.0	2.0	SE	1.00	7.0	ESE	88.8	98.6	98.6	115.3	29.761	0.00	0.00	676	29.07	729	4.6	0.99	5.4	0.000	0.496	71.6	86	67.2	73.5	18.35	 .0726	0.020	701	1	100.0	30
03/06/20	3:30 p	88.2	89.3	88.0	64	74.5	2.0	SE	1.00	8.0	ESE	88.2	97.0	97.0	113.9	29.760	0.00	0.00	561	24.13	622	3.1	0.66	3.8	0.000	0.483	71.5	86	67.1	73.4	18.34	 .0726	0.000	699	1	100.0	30
03/06/20	4:00 p	87.8	88.3	87.5	67	75.5	2.0	ESE	1.00	7.0	ESE	87.8	97.4	97.4	113.4	29.760	0.00	0.00	436	18.75	494	1.8	0.39	2.4	0.000	0.475	71.7	88	68.0	73.7	19.42	 .0726	0.014	700	1	100.0	30
03/06/20	4:30 p	86.2	87.9	85.9	68	74.4	1.0	SE	0.50	8.0	SE	86.2	95.0	95.0	98.4	29.762	0.00	0.00	237	10.19	346	0.9	0.19	1.3	0.000	0.442	71.4	87	67.3	73.4	18.91	 .0726	0.000	701	1	100.0	30
03/06/20	5:00 p	84.0	86.5	84.0	74	74.8	1.0	SSE	0.50	3.0	SSE	84.0	92.3	92.3	92.9	29.767	0.00	0.00	104	4.47	158	0.1	0.02	0.5	0.000	0.396	71.5	78	64.3	72.7	15.32	 .0728	0.005	700	1	100.0	30
03/06/20	5:30 p	82.8	84.5	82.7	79	75.6	0.0	SSE	0.00	2.0	SSE	82.8	90.8	90.8	89.9	29.773	0.00	0.00	30	1.29	70	0.0	0.00	0.0	0.000	0.371	71.3	82	65.5	72.8	16.85	 .0728	0.000	701	1	100.0	30
03/06/20	6:00 p	80.7	82.7	80.7	81	74.3	0.0	SSE	0.00	2.0	SSE	80.7	86.1	86.1	84.5	29.780	0.00	0.00	3	0.13	12	0.0	0.00	0.0	0.000	0.327	71.5	84	66.4	73.2	17.61	 .0727	0.001	700	1	100.0	30
03/06/20	6:30 p	80.0	80.7	80.0	83	74.4	0.0	---	0.00	0.0	---	80.0	85.2	85.2	83.6	29.799	0.00	0.00	0	0.00	0	0.0	0.00	0.0	0.000	0.313	71.7	88	68.0	73.7	19.42	 .0727	0.000	700	1	100.0	30
03/06/20	7:00 p	79.4	80.0	79.3	83	73.8	0.0	---	0.00	0.0	---	79.4	84.1	84.1	82.4	29.807	0.00	0.00	0	0.00	0	0.0	0.00	0.0	0.000	0.300	71.3	84	66.2	73.0	17.60	 .0728	0.001	702	1	100.0	30
03/06/20	7:30 p	78.7	79.4	78.7	84	73.5	0.0	---	0.00	0.0	---	78.7	83.1	83.1	81.4	29.819	0.00	0.00	0	0.00	0	0.0	0.00	0.0	0.000	0.285	71.9	88	68.2	73.9	19.43	 .0727	0.000	699	1	100.0	30
03/06/20	8:00 p	78.0	78.7	78.0	84	72.8	0.0	---	0.00	0.0	---	78.0	82.0	82.0	80.2	29.826	0.00	0.00	0	0.00	0	0.0	0.00	0.0	0.000	0.271	71.2	82	65.4	72.7	16.85	 .0729	0.001	703	1	100.0	30
03/06/20	8:30 p	77.3	78.0	77.3	85	72.4	0.0	---	0.00	0.0	---	77.3	81.1	81.1	79.3	29.835	0.00	0.00	0	0.00	0	0.0	0.00	0.0	0.000	0.256	71.5	85	66.8	73.3	18.01	 .0729	0.000	700	1	100.0	30
03/06/20	9:00 p	77.2	77.3	77.1	86	72.7	0.0	---	0.00	0.0	---	77.2	81.0	81.0	79.2	29.844	0.00	0.00	0	0.00	0	0.0	0.00	0.0	0.000	0.254	71.7	87	67.6	73.7	18.92	 .0728	0.001	701	1	100.0	30
03/06/20	9:30 p	77.5	77.6	77.2	86	73.0	0.0	---	0.00	0.0	---	77.5	81.5	81.5	79.7	29.846	0.00	0.00	0	0.00	0	0.0	0.00	0.0	0.000	0.260	71.9	87	67.8	73.9	18.93	 .0728	0.000	700	1	100.0	30
03/06/20	10:00 p	77.0	77.5	77.0	86	72.5	0.0	---	0.00	0.0	---	77.0	80.7	80.7	78.9	29.848	0.00	0.00	0	0.00	0	0.0	0.00	0.0	0.000	0.250	71.7	78	64.5	72.9	15.32	 .0730	0.001	699	1	100.0	30
03/06/20	10:30 p	76.6	77.1	76.6	87	72.4	0.0	---	0.00	0.0	---	76.6	80.2	80.2	78.4	29.850	0.00	0.00	0	0.00	0	0.0	0.00	0.0	0.000	0.242	71.5	81	65.4	72.9	16.52	 .0730	0.000	699	1	100.0	30
03/06/20	11:00 p	76.1	76.6	76.0	87	71.9	0.0	---	0.00	0.0	---	76.1	79.5	79.5	77.7	29.851	0.00	0.00	0	0.00	0	0.0	0.00	0.0	0.000	0.231	71.6	81	65.5	73.0	16.52	 .0729	0.001	700	1	100.0	30
03/06/20	11:30 p	75.3	76.1	75.2	87	71.2	0.0	---	0.00	0.0	---	75.3	78.5	78.5	76.7	29.845	0.00	0.00	0	0.00	0	0.0	0.00	0.0	0.000	0.215	71.7	75	63.4	72.6	14.42	 .0730	0.000	702	1	100.0	30
03/07/20	12:00 a	75.3	75.4	75.2	87	71.2	0.0	---	0.00	0.0	---	75.3	78.5	78.5	76.7	29.838	0.00	0.00	0	0.00	0	0.0	0.00	0.0	0.000	0.215	72.2	89	68.8	74.4	19.95	 .0726	0.001	700	1	100.0	30
03/07/20	12:30 a	74.8	75.2	74.8	87	70.7	0.0	---	0.00	0.0	---	74.8	77.8	77.8	75.9	29.825	0.00	0.00	0	0.00	0	0.0	0.00	0.0	0.000	0.204	72.2	86	67.8	74.1	18.38	 .0727	0.000	649	1	94.9	30
03/07/20	1:00 a	74.3	74.8	74.3	87	70.2	0.0	---	0.00	0.0	---	74.3	76.8	76.8	74.9	29.815	0.00	0.00	0	0.00	0	0.0	0.00	0.0	0.000	0.194	72.0	88	68.2	74.0	19.43	 .0726	0.001	701	1	100.0	30
03/07/20	1:30 a	74.0	74.4	74.0	88	70.2	0.0	---	0.00	0.0	---	74.0	76.3	76.3	74.4	29.799	0.00	0.00	0	0.00	0	0.0	0.00	0.0	0.000	0.188	72.0	88	68.2	74.0	19.43	 .0726	0.000	702	1	100.0	30
03/07/20	2:00 a	73.8	74.1	73.7	88	70.0	0.0	---	0.00	0.0	---	73.8	76.1	76.1	74.2	29.798	0.00	0.00	0	0.00	0	0.0	0.00	0.0	0.000	0.183	71.7	85	66.9	73.5	18.02	 .0727	0.000	700	1	100.0	30
03/07/20	2:30 a	73.6	74.0	73.6	88	69.8	0.0	---	0.00	0.0	---	73.6	75.9	75.9	73.9	29.791	0.00	0.00	0	0.00	0	0.0	0.00	0.0	0.000	0.179	72.4	90	69.3	74.7	20.45	 .0725	0.000	699	1	100.0	30
03/07/20	3:00 a	73.5	73.7	73.4	88	69.7	0.0	---	0.00	0.0	---	73.5	75.8	75.8	73.8	29.786	0.00	0.00	0	0.00	0	0.0	0.00	0.0	0.000	0.177	72.1	88	68.3	74.2	19.43	 .0726	0.000	702	1	100.0	30
03/07/20	3:30 a	73.4	73.6	73.2	88	69.6	0.0	---	0.00	0.0	---	73.4	75.7	75.7	73.7	29.791	0.00	0.00	0	0.00	0	0.0	0.00	0.0	0.000	0.175	72.4	90	69.3	74.7	20.45	 .0725	0.000	700	1	100.0	30
03/07/20	4:00 a	73.3	73.5	73.3	88	69.5	0.0	---	0.00	0.0	---	73.3	75.6	75.6	73.6	29.789	0.00	0.00	0	0.00	0	0.0	0.00	0.0	0.000	0.173	71.8	86	67.4	73.7	18.36	 .0727	0.000	699	1	100.0	30
03/07/20	4:30 a	73.2	73.4	73.1	88	69.4	0.0	---	0.00	0.0	---	73.2	75.5	75.5	73.5	29.797	0.00	0.00	0	0.00	0	0.0	0.00	0.0	0.000	0.171	72.5	88	68.7	74.7	19.45	 .0725	0.000	701	1	100.0	30
03/07/20	5:00 a	73.1	73.3	73.1	88	69.3	0.0	---	0.00	0.0	---	73.1	75.4	75.4	73.4	29.804	0.00	0.00	0	0.00	0	0.0	0.00	0.0	0.000	0.169	71.9	84	66.8	73.6	17.63	 .0727	0.000	699	1	100.0	30
03/07/20	5:30 a	73.2	73.2	73.0	88	69.4	0.0	---	0.00	0.0	---	73.2	75.5	75.5	73.5	29.815	0.00	0.00	0	0.00	0	0.0	0.00	0.0	0.000	0.171	72.1	89	68.7	74.2	19.95	 .0726	0.000	701	1	100.0	30
03/07/20	6:00 a	73.3	73.4	72.9	88	69.5	0.0	---	0.00	0.0	---	73.3	75.6	75.6	73.7	29.827	0.00	0.00	3	0.13	11	0.0	0.00	0.0	0.000	0.173	72.6	90	69.5	75.0	20.45	 .0725	0.000	699	1	100.0	30
03/07/20	6:30 a	73.9	73.9	73.3	88	70.1	0.0	---	0.00	0.0	---	73.9	76.2	76.2	76.1	29.840	0.00	0.00	20	0.86	28	0.0	0.00	0.0	0.000	0.185	72.8	91	70.0	75.3	20.82	 .0725	0.000	698	1	100.0	30
03/07/20	7:00 a	74.9	75.0	73.9	89	71.4	0.0	---	0.00	0.0	---	74.9	78.1	78.1	78.5	29.847	0.00	0.00	33	1.42	37	0.0	0.00	0.0	0.000	0.206	72.2	82	66.4	73.8	16.85	 .0728	0.001	701	1	100.0	30
03/07/20	7:30 a	75.9	76.0	74.9	89	72.4	0.0	---	0.00	0.0	---	75.9	79.3	79.3	79.8	29.855	0.00	0.00	41	1.76	46	0.0	0.00	0.0	0.000	0.227	72.2	89	68.8	74.4	19.95	 .0727	0.000	701	1	100.0	30
03/07/20	8:00 a	77.1	77.1	76.0	89	73.6	0.0	---	0.00	0.0	---	77.1	81.1	81.1	81.9	29.863	0.00	0.00	56	2.41	109	0.4	0.09	1.6	0.000	0.252	72.3	87	68.2	74.4	18.94	 .0727	0.001	702	1	100.0	30
03/07/20	8:30 a	79.4	79.4	77.1	88	75.5	0.0	---	0.00	0.0	---	79.4	85.1	85.1	92.9	29.870	0.00	0.00	327	14.06	455	2.4	0.51	3.4	0.000	0.300	72.2	85	67.4	74.1	18.04	 .0728	0.000	700	1	100.0	30
03/07/20	9:00 a	84.2	84.2	79.4	79	77.0	0.0	---	0.00	0.0	---	84.2	94.5	94.5	105.3	29.878	0.00	0.00	526	22.62	603	4.3	0.92	5.2	0.000	0.400	72.3	91	69.5	74.7	20.79	 .0727	0.011	701	1	100.0	30
03/07/20	9:30 a	87.1	87.1	84.3	71	76.5	1.0	SSW	0.50	6.0	WNW	87.1	98.1	98.1	110.3	29.872	0.00	0.00	685	29.46	766	5.9	1.26	6.8	0.000	0.460	72.1	78	64.9	73.4	15.31	 .0730	0.000	701	1	100.0	30
03/07/20	10:00 a	87.9	88.0	87.1	70	76.9	2.0	SSW	1.00	7.0	WSW	87.9	98.9	98.9	111.1	29.859	0.00	0.00	841	36.17	891	7.6	1.63	8.4	0.000	0.477	72.1	85	67.3	73.9	18.03	 .0728	0.020	702	1	100.0	30
03/07/20	10:30 a	87.8	88.7	87.7	69	76.4	2.0	SSW	1.00	8.0	W	87.8	98.3	98.3	109.5	29.843	0.00	0.00	929	39.95	962	9.1	1.95	9.8	0.000	0.475	72.1	83	66.6	73.8	17.25	 .0728	0.000	701	1	100.0	30
03/07/20	11:00 a	87.9	88.1	87.2	73	78.2	2.0	SE	1.00	8.0	SW	87.9	100.3	100.3	112.0	29.827	0.00	0.00	990	42.58	1013	10.4	2.23	10.8	0.000	0.477	72.2	79	65.3	73.6	15.71	 .0728	0.026	701	1	100.0	30
03/07/20	11:30 a	87.9	88.9	87.9	71	77.3	2.0	SSW	1.00	6.0	S	87.9	99.3	99.3	111.5	29.812	0.00	0.00	1032	44.38	1044	11.2	2.40	11.4	0.000	0.477	72.2	81	66.0	73.8	16.51	 .0727	0.000	701	1	100.0	30
03/07/20	12:00 p	88.8	89.1	87.9	70	77.7	2.0	SE	1.00	7.0	SSW	88.8	101.6	101.6	114.4	29.797	0.00	0.00	1049	45.11	1058	11.5	2.46	11.5	0.000	0.496	72.1	75	63.7	73.1	14.41	 .0728	0.028	703	1	100.0	30
03/07/20	12:30 p	88.8	89.5	88.4	69	77.3	2.0	SSW	1.00	7.0	SW	88.8	101.1	101.1	114.6	29.787	0.00	0.00	1046	44.98	1079	11.1	2.38	11.4	0.000	0.496	72.1	81	65.9	73.6	16.51	 .0727	0.000	700	1	100.0	30
03/07/20	1:00 p	89.7	89.7	88.5	71	79.0	2.0	SSW	1.00	8.0	SSE	89.7	105.4	105.4	119.7	29.773	0.00	0.00	1014	43.61	1046	10.5	2.25	11.0	0.000	0.515	71.9	75	63.5	72.9	14.41	 .0728	0.028	701	1	100.0	30
03/07/20	1:30 p	89.5	89.7	88.8	69	78.0	2.0	S	1.00	7.0	SSE	89.5	103.5	103.5	118.5	29.763	0.00	0.00	967	41.59	995	9.3	1.99	10.0	0.000	0.510	72.1	85	67.3	73.9	18.03	 .0726	0.000	703	1	100.0	30
03/07/20	2:00 p	89.1	89.8	88.6	66	76.3	2.0	SW	1.00	7.0	SSW	89.1	100.5	100.5	116.4	29.750	0.00	0.00	898	38.62	998	7.6	1.63	8.7	0.000	0.502	72.2	85	67.4	74.1	18.04	 .0725	0.025	700	1	100.0	30
03/07/20	2:30 p	88.6	89.6	88.6	67	76.2	2.0	SSW	1.00	6.0	W	88.6	99.5	99.5	116.3	29.735	0.00	0.00	812	34.92	863	6.2	1.33	7.0	0.000	0.492	71.8	76	63.8	72.8	14.71	 .0727	0.000	701	1	100.0	30
03/07/20	3:00 p	88.4	88.9	88.2	68	76.5	2.0	SSW	1.00	7.0	W	88.4	99.4	99.4	116.7	29.724	0.00	0.00	698	30.02	752	4.5	0.96	5.3	0.000	0.488	72.0	82	66.2	73.6	16.85	 .0725	0.021	701	1	100.0	30
03/07/20	3:30 p	88.2	88.7	87.8	71	77.6	2.0	SSW	1.00	7.0	W	88.2	100.2	100.2	117.6	29.718	0.00	0.00	572	24.60	633	3.0	0.64	3.7	0.000	0.483	71.9	83	66.5	73.5	17.25	 .0725	0.000	700	1	100.0	30
03/07/20	4:00 p	86.6	88.4	86.4	70	75.6	2.0	SW	1.00	6.0	S	86.6	96.6	96.6	111.5	29.726	0.00	0.00	412	17.72	533	1.7	0.36	2.4	0.000	0.450	72.1	84	67.0	73.9	17.63	 .0725	0.013	699	1	100.0	30
03/07/20	4:30 p	86.0	86.6	85.9	74	76.7	1.0	SW	0.50	4.0	S	86.0	96.7	96.7	100.1	29.730	0.00	0.00	227	9.76	378	0.8	0.17	1.2	0.000	0.438	72.0	84	66.9	73.7	17.63	 .0725	0.000	702	1	100.0	30
03/07/20	5:00 p	84.0	86.0	83.8	78	76.4	0.0	S	0.00	4.0	SSE	84.0	93.8	93.8	93.8	29.735	0.00	0.00	70	3.01	120	0.1	0.02	0.5	0.000	0.396	72.2	86	67.8	74.1	18.38	 .0724	0.004	700	1	100.0	30
03/07/20	5:30 p	82.6	84.0	82.5	79	75.4	0.0	SSE	0.00	2.0	SE	82.6	90.3	90.3	89.3	29.742	0.00	0.00	29	1.25	53	0.0	0.00	0.0	0.000	0.367	72.2	84	67.1	74.0	17.64	 .0725	0.000	701	1	100.0	30
03/07/20	6:00 p	81.3	82.6	81.3	82	75.3	0.0	SSE	0.00	1.0	SSE	81.3	87.8	87.8	86.3	29.754	0.00	0.00	4	0.17	14	0.0	0.00	0.0	0.000	0.340	72.0	85	67.2	73.8	18.03	 .0726	0.001	698	1	100.0	30
03/07/20	6:30 p	80.6	81.3	80.6	83	75.0	0.0	---	0.00	0.0	---	80.6	86.4	86.4	84.8	29.766	0.00	0.00	0	0.00	0	0.0	0.00	0.0	0.000	0.325	72.0	78	64.8	73.2	15.31	 .0727	0.000	701	1	100.0	30
03/07/20	7:00 p	79.9	80.7	79.9	84	74.6	0.0	---	0.00	0.0	---	79.9	85.2	85.2	83.6	29.781	0.00	0.00	0	0.00	0	0.0	0.00	0.0	0.000	0.310	72.2	87	68.1	74.2	18.94	 .0725	0.001	702	1	100.0	30
03/07/20	7:30 p	79.2	79.9	79.2	85	74.3	0.0	---	0.00	0.0	---	79.2	84.1	84.1	82.5	29.799	0.00	0.00	0	0.00	0	0.0	0.00	0.0	0.000	0.296	72.1	79	65.2	73.5	15.71	 .0728	0.000	700	1	100.0	30
03/07/20	8:00 p	78.7	79.2	78.6	85	73.8	0.0	---	0.00	0.0	---	78.7	83.2	83.2	81.5	29.813	0.00	0.00	0	0.00	0	0.0	0.00	0.0	0.000	0.285	72.2	85	67.4	74.1	18.04	 .0727	0.001	698	1	100.0	30
03/07/20	8:30 p	78.7	78.9	78.6	86	74.2	0.0	---	0.00	0.0	---	78.7	83.4	83.4	81.8	29.825	0.00	0.00	0	0.00	0	0.0	0.00	0.0	0.000	0.285	72.4	86	68.0	74.4	18.39	 .0726	0.000	697	1	100.0	30
03/07/20	9:00 p	78.3	78.7	78.2	86	73.8	0.0	---	0.00	0.0	---	78.3	82.7	82.7	81.0	29.829	0.00	0.00	0	0.00	0	0.0	0.00	0.0	0.000	0.277	72.3	76	64.3	73.5	14.70	 .0729	0.001	702	1	100.0	30
03/07/20	9:30 p	77.9	78.3	77.8	87	73.7	0.0	---	0.00	0.0	---	77.9	82.2	82.2	80.5	29.834	0.00	0.00	0	0.00	0	0.0	0.00	0.0	0.000	0.269	72.1	83	66.6	73.8	17.25	 .0728	0.000	696	1	100.0	30
03/07/20	10:00 p	77.4	77.9	77.4	87	73.2	0.0	---	0.00	0.0	---	77.4	81.4	81.4	79.7	29.830	0.00	0.00	0	0.00	0	0.0	0.00	0.0	0.000	0.258	72.2	87	68.1	74.2	18.94	 .0727	0.001	700	1	100.0	30
03/07/20	10:30 p	77.0	77.5	76.9	87	72.8	0.0	---	0.00	0.0	---	77.0	80.8	80.8	79.0	29.834	0.00	0.00	0	0.00	0	0.0	0.00	0.0	0.000	0.250	72.4	87	68.3	74.5	18.95	 .0726	0.000	697	1	100.0	30
03/07/20	11:00 p	76.7	77.0	76.7	87	72.5	0.0	---	0.00	0.0	---	76.7	80.3	80.3	78.5	29.831	0.00	0.00	0	0.00	0	0.0	0.00	0.0	0.000	0.244	72.6	89	69.2	74.9	19.95	 .0725	0.001	701	1	100.0	30
03/07/20	11:30 p	76.4	76.7	76.4	88	72.6	0.0	---	0.00	0.0	---	76.4	80.0	80.0	78.2	29.818	0.00	0.00	0	0.00	0	0.0	0.00	0.0	0.000	0.238	72.6	89	69.2	74.9	19.95	 .0725	0.000	701	1	100.0	30
03/08/20	12:00 a	76.0	76.4	75.8	88	72.2	0.0	---	0.00	0.0	---	76.0	79.4	79.4	77.6	29.804	0.00	0.00	0	0.00	0	0.0	0.00	0.0	0.000	0.229	72.5	88	68.7	74.7	19.45	 .0725	0.000	701	1	100.0	30
03/08/20	12:30 a	75.7	76.0	75.6	88	71.9	0.0	---	0.00	0.0	---	75.7	79.0	79.0	77.2	29.793	0.00	0.00	0	0.00	0	0.0	0.00	0.0	0.000	0.223	72.4	87	68.3	74.5	18.95	 .0725	0.000	701	1	100.0	30
03/08/20	1:00 a	75.4	75.8	75.4	88	71.6	0.0	---	0.00	0.0	---	75.4	78.7	78.7	76.9	29.778	0.00	0.00	0	0.00	0	0.0	0.00	0.0	0.000	0.217	72.4	86	68.0	74.4	18.39	 .0725	0.000	697	1	100.0	30
03/08/20	1:30 a	75.2	75.4	75.1	88	71.4	0.0	---	0.00	0.0	---	75.2	78.5	78.5	76.7	29.766	0.00	0.00	0	0.00	0	0.0	0.00	0.0	0.000	0.212	72.3	83	66.8	74.0	17.25	 .0726	0.000	699	1	100.0	30
03/08/20	2:00 a	74.9	75.2	74.8	88	71.1	0.0	---	0.00	0.0	---	74.9	78.0	78.0	76.2	29.759	0.00	0.00	0	0.00	0	0.0	0.00	0.0	0.000	0.206	72.5	81	66.3	74.2	16.50	 .0725	0.000	699	1	100.0	30
03/08/20	2:30 a	74.5	75.0	74.5	88	70.7	0.0	---	0.00	0.0	---	74.5	77.3	77.3	75.4	29.759	0.00	0.00	0	0.00	0	0.0	0.00	0.0	0.000	0.198	72.6	89	69.2	74.9	19.95	 .0724	0.000	693	1	100.0	30
03/08/20	3:00 a	74.4	74.6	74.4	88	70.6	0.0	---	0.00	0.0	---	74.4	77.1	77.1	75.2	29.760	0.00	0.00	0	0.00	0	0.0	0.00	0.0	0.000	0.196	72.5	87	68.4	74.6	18.95	 .0724	0.000	688	1	100.0	30
03/08/20	3:30 a	74.3	74.5	74.2	88	70.5	0.0	---	0.00	0.0	---	74.3	76.9	76.9	75.0	29.759	0.00	0.00	0	0.00	0	0.0	0.00	0.0	0.000	0.194	72.3	80	65.8	73.8	16.10	 .0726	0.000	690	1	100.0	30
03/08/20	4:00 a	74.2	74.4	74.2	88	70.4	0.0	---	0.00	0.0	---	74.2	76.7	76.7	74.8	29.757	0.00	0.00	0	0.00	0	0.0	0.00	0.0	0.000	0.192	72.6	89	69.2	74.9	19.95	 .0724	0.000	686	1	100.0	30
03/08/20	4:30 a	73.9	74.3	73.9	88	70.1	0.0	---	0.00	0.0	---	73.9	76.2	76.2	74.3	29.758	0.00	0.00	0	0.00	0	0.0	0.00	0.0	0.000	0.185	72.4	82	66.6	74.1	16.85	 .0725	0.000	687	1	100.0	30
03/08/20	5:00 a	73.7	74.1	73.7	88	69.9	0.0	---	0.00	0.0	---	73.7	76.0	76.0	74.0	29.768	0.00	0.00	0	0.00	0	0.0	0.00	0.0	0.000	0.181	72.7	89	69.3	75.0	19.95	 .0724	0.000	701	1	100.0	30
03/08/20	5:30 a	73.7	73.8	73.5	88	69.9	0.0	---	0.00	0.0	---	73.7	76.0	76.0	74.0	29.778	0.00	0.00	0	0.00	0	0.0	0.00	0.0	0.000	0.181	72.4	81	66.2	74.0	16.50	 .0726	0.000	697	1	100.0	30
03/08/20	6:00 a	73.7	73.9	73.4	88	69.9	0.0	---	0.00	0.0	---	73.7	76.0	76.0	74.1	29.797	0.00	0.00	3	0.13	11	0.0	0.00	0.0	0.000	0.181	72.6	88	68.8	74.8	19.45	 .0725	0.000	698	1	100.0	30
03/08/20	6:30 a	74.4	74.4	73.7	89	70.9	0.0	---	0.00	0.0	---	74.4	77.1	77.1	77.0	29.802	0.00	0.00	19	0.82	26	0.0	0.00	0.0	0.000	0.196	73.0	87	68.9	75.3	18.97	 .0724	0.000	701	1	100.0	30
03/08/20	7:00 a	75.2	75.2	74.4	89	71.7	0.0	---	0.00	0.0	---	75.2	78.5	78.5	78.7	29.801	0.00	0.00	30	1.29	35	0.0	0.00	0.0	0.000	0.212	72.5	84	67.4	74.4	17.65	 .0726	0.001	701	1	100.0	30
03/08/20	7:30 a	75.9	75.9	75.2	89	72.4	0.0	---	0.00	0.0	---	75.9	79.3	79.3	79.7	29.806	0.00	0.00	37	1.59	40	0.0	0.00	0.0	0.000	0.227	72.8	90	69.7	75.2	20.45	 .0724	0.000	702	1	100.0	30
03/08/20	8:00 a	76.8	76.8	75.9	89	73.3	0.0	---	0.00	0.0	---	76.8	80.6	80.6	81.2	29.812	0.00	0.00	47	2.02	74	0.2	0.04	1.5	0.000	0.246	72.5	86	68.1	74.5	18.40	 .0726	0.001	702	1	100.0	30
03/08/20	8:30 a	79.2	79.2	76.8	89	75.7	0.0	---	0.00	0.0	---	79.2	84.9	84.9	92.7	29.822	0.00	0.00	329	14.15	448	2.4	0.51	3.3	0.000	0.296	72.6	86	68.2	74.7	18.41	 .0726	0.000	695	1	100.0	30
03/08/20	9:00 a	84.5	84.5	79.3	79	77.3	0.0	SW	0.00	2.0	SW	84.5	95.1	95.1	105.9	29.831	0.00	0.00	521	22.41	584	4.3	0.92	5.1	0.000	0.406	72.7	88	68.9	74.9	19.46	 .0725	0.011	703	1	100.0	30
03/08/20	9:30 a	87.4	87.8	84.6	70	76.4	1.0	SE	0.50	7.0	SE	87.4	98.1	98.1	110.1	29.831	0.00	0.00	663	28.51	751	5.9	1.26	6.7	0.000	0.467	72.5	84	67.4	74.4	17.65	 .0727	0.000	701	1	100.0	30
03/08/20	10:00 a	88.6	88.6	87.2	69	77.1	2.0	SSE	1.00	7.0	SE	88.6	100.5	100.5	112.9	29.831	0.00	0.00	835	35.91	895	7.5	1.61	8.3	0.000	0.492	72.4	79	65.5	73.9	15.70	 .0728	0.020	702	1	100.0	30
03/08/20	10:30 a	88.4	89.2	88.3	69	76.9	2.0	S	1.00	7.0	S	88.4	99.8	99.8	111.1	29.817	0.00	0.00	939	40.38	970	9.1	1.95	9.7	0.000	0.488	72.4	84	67.3	74.2	17.65	 .0727	0.000	698	1	100.0	30
03/08/20	11:00 a	88.7	89.8	88.4	69	77.2	2.0	SE	1.00	7.0	S	88.7	100.8	100.8	112.5	29.811	0.00	0.00	997	42.88	1027	10.3	2.21	10.8	0.000	0.494	72.6	85	67.8	74.6	18.05	 .0726	0.026	700	1	100.0	30
03/08/20	11:30 a	89.3	89.6	88.2	69	77.8	2.0	S	1.00	7.0	SE	89.3	102.8	102.8	115.1	29.795	0.00	0.00	1047	45.03	1071	11.1	2.38	11.3	0.000	0.506	72.5	84	67.4	74.4	17.65	 .0726	0.000	701	1	100.0	30
03/08/20	12:00 p	89.2	89.9	88.8	69	77.7	2.0	S	1.00	7.0	S	89.2	102.4	102.4	115.5	29.784	0.00	0.00	1074	46.19	1123	11.2	2.40	11.8	0.000	0.504	72.0	76	64.0	73.1	14.71	 .0728	0.029	702	1	100.0	30
03/08/20	12:30 p	90.9	90.9	89.1	66	78.0	2.0	SE	1.00	9.0	NNW	90.9	106.0	106.0	120.2	29.780	0.00	0.00	1099	47.26	1158	11.3	2.42	11.6	0.000	0.540	72.1	84	67.0	73.9	17.63	 .0726	0.000	700	1	100.0	30
03/08/20	1:00 p	88.7	90.8	88.2	68	76.8	3.0	SE	1.50	9.0	SSE	88.7	100.3	100.3	115.1	29.769	0.00	0.00	1063	45.71	1132	10.6	2.27	11.3	0.000	0.494	72.2	85	67.4	74.1	18.04	 .0726	0.029	701	1	100.0	30
03/08/20	1:30 p	88.8	89.7	88.2	68	76.9	2.0	S	1.00	7.0	S	88.8	100.6	100.6	113.5	29.751	0.00	0.00	848	36.47	1223	8.0	1.71	10.4	0.000	0.496	72.3	84	67.2	74.1	17.64	 .0725	0.000	701	1	100.0	30
03/08/20	2:00 p	87.9	89.5	87.8	71	77.3	3.0	ESE	1.50	9.0	SE	87.9	99.3	99.3	115.3	29.741	0.00	0.00	904	38.88	1104	7.1	1.52	8.9	0.000	0.477	72.0	75	63.6	73.0	14.41	 .0727	0.023	700	1	100.0	30
03/08/20	2:30 p	86.9	89.7	86.9	71	76.4	2.0	SE	1.00	8.0	ESE	86.9	97.7	97.7	111.4	29.736	0.00	0.00	681	29.29	1021	5.3	1.14	7.1	0.000	0.456	72.0	80	65.5	73.4	16.11	 .0726	0.000	702	1	100.0	30
03/08/20	3:00 p	88.8	88.8	86.9	70	77.7	2.0	SE	1.00	9.0	SSE	88.8	101.6	101.6	118.7	29.732	0.00	0.00	692	29.76	981	4.1	0.88	5.4	0.000	0.496	72.2	83	66.7	73.9	17.25	 .0725	0.019	699	1	100.0	30
03/08/20	3:30 p	87.0	89.0	86.6	70	76.0	2.0	SE	1.00	7.0	S	87.0	97.5	97.5	110.7	29.727	0.00	0.00	450	19.35	705	2.7	0.58	3.6	0.000	0.458	72.1	75	63.7	73.1	14.41	 .0727	0.000	703	1	100.0	30
03/08/20	4:00 p	86.7	87.8	86.5	70	75.7	2.0	SE	1.00	7.0	SE	86.7	96.8	96.8	112.7	29.729	0.00	0.00	437	18.79	555	1.7	0.36	2.3	0.000	0.452	72.1	83	66.6	73.8	17.25	 .0725	0.012	700	1	100.0	30
03/08/20	4:30 p	85.9	87.2	85.7	73	76.2	1.0	SSE	0.50	7.0	ESE	85.9	96.1	96.1	99.7	29.730	0.00	0.00	239	10.28	383	0.9	0.19	1.2	0.000	0.435	72.3	85	67.5	74.2	18.04	 .0724	0.000	699	1	100.0	30
03/08/20	5:00 p	84.6	85.9	84.6	76	76.2	1.0	SE	0.50	3.0	SE	84.6	94.2	94.2	94.2	29.731	0.00	0.00	71	3.05	111	0.1	0.02	0.5	0.000	0.408	72.2	84	67.1	74.0	17.64	 .0725	0.005	700	1	100.0	30
03/08/20	5:30 p	82.9	84.6	82.9	79	75.7	0.0	SE	0.00	3.0	ESE	82.9	91.1	91.1	90.3	29.737	0.00	0.00	35	1.51	53	0.0	0.00	0.0	0.000	0.373	72.0	84	66.9	73.7	17.63	 .0725	0.000	701	1	100.0	30
03/08/20	6:00 p	81.3	82.9	81.3	82	75.3	0.0	E	0.00	1.0	E	81.3	87.8	87.8	86.4	29.756	0.00	0.00	6	0.26	18	0.0	0.00	0.0	0.000	0.340	72.1	82	66.3	73.7	16.85	 .0726	0.001	702	1	100.0	30
03/08/20	6:30 p	80.2	81.3	80.2	83	74.6	0.0	E	0.00	1.0	E	80.2	85.6	85.6	84.0	29.767	0.00	0.00	0	0.00	0	0.0	0.00	0.0	0.000	0.317	72.0	83	66.6	73.6	17.25	 .0726	0.000	700	1	100.0	30
03/08/20	7:00 p	79.9	80.3	79.9	84	74.6	0.0	---	0.00	0.0	---	79.9	85.2	85.2	83.6	29.776	0.00	0.00	0	0.00	0	0.0	0.00	0.0	0.000	0.310	72.1	86	67.7	74.0	18.38	 .0726	0.001	703	1	100.0	30
03/08/20	7:30 p	79.5	79.9	79.5	85	74.6	0.0	---	0.00	0.0	---	79.5	84.6	84.6	83.0	29.789	0.00	0.00	0	0.00	0	0.0	0.00	0.0	0.000	0.302	72.1	84	67.0	73.9	17.63	 .0726	0.000	697	1	100.0	30
03/08/20	8:00 p	79.0	79.5	79.0	86	74.5	0.0	---	0.00	0.0	---	79.0	83.9	83.9	82.3	29.795	0.00	0.00	0	0.00	0	0.0	0.00	0.0	0.000	0.292	72.1	80	65.6	73.5	16.11	 .0727	0.001	700	1	100.0	30
03/08/20	8:30 p	78.8	79.1	78.8	86	74.3	0.0	---	0.00	0.0	---	78.8	83.6	83.6	82.0	29.809	0.00	0.00	0	0.00	0	0.0	0.00	0.0	0.000	0.288	72.4	87	68.3	74.5	18.95	 .0726	0.000	699	1	100.0	30
03/08/20	9:00 p	78.4	78.9	78.4	86	73.9	0.0	---	0.00	0.0	---	78.4	82.9	82.9	81.2	29.819	0.00	0.00	0	0.00	0	0.0	0.00	0.0	0.000	0.279	72.1	80	65.6	73.5	16.11	 .0728	0.001	702	1	100.0	30
03/08/20	9:30 p	77.8	78.4	77.7	87	73.6	0.0	---	0.00	0.0	---	77.8	82.1	82.1	80.4	29.823	0.00	0.00	0	0.00	0	0.0	0.00	0.0	0.000	0.267	72.2	85	67.4	74.1	18.04	 .0727	0.000	700	1	100.0	30
03/08/20	10:00 p	77.4	77.8	77.4	87	73.2	0.0	---	0.00	0.0	---	77.4	81.4	81.4	79.7	29.830	0.00	0.00	0	0.00	0	0.0	0.00	0.0	0.000	0.258	72.4	87	68.3	74.5	18.95	 .0726	0.001	700	1	100.0	30
03/08/20	10:30 p	77.1	77.5	77.1	87	72.9	0.0	---	0.00	0.0	---	77.1	80.9	80.9	79.1	29.826	0.00	0.00	0	0.00	0	0.0	0.00	0.0	0.000	0.252	72.2	75	63.8	73.3	14.41	 .0729	0.000	702	1	100.0	30
03/08/20	11:00 p	76.7	77.2	76.7	87	72.5	0.0	---	0.00	0.0	---	76.7	80.3	80.3	78.5	29.821	0.00	0.00	0	0.00	0	0.0	0.00	0.0	0.000	0.244	72.1	80	65.6	73.5	16.11	 .0728	0.001	701	1	100.0	30
03/08/20	11:30 p	76.3	76.7	76.3	88	72.5	0.0	---	0.00	0.0	---	76.3	79.8	79.8	78.0	29.815	0.00	0.00	0	0.00	0	0.0	0.00	0.0	0.000	0.235	72.2	79	65.3	73.6	15.71	 .0728	0.000	701	1	100.0	30
03/09/20	12:00 a	76.0	76.4	76.0	88	72.2	0.0	---	0.00	0.0	---	76.0	79.4	79.4	77.6	29.811	0.00	0.00	0	0.00	0	0.0	0.00	0.0	0.000	0.229	72.1	80	65.6	73.5	16.11	 .0728	0.001	702	1	100.0	30
03/09/20	12:30 a	75.7	76.1	75.7	88	71.9	0.0	---	0.00	0.0	---	75.7	79.0	79.0	77.2	29.803	0.00	0.00	0	0.00	0	0.0	0.00	0.0	0.000	0.223	72.1	81	65.9	73.6	16.51	 .0727	0.000	702	1	100.0	30
03/09/20	1:00 a	75.4	75.8	75.4	88	71.6	0.0	---	0.00	0.0	---	75.4	78.7	78.7	76.9	29.792	0.00	0.00	0	0.00	0	0.0	0.00	0.0	0.000	0.217	72.2	80	65.7	73.7	16.11	 .0727	0.000	701	1	100.0	30
03/09/20	1:30 a	75.0	75.5	75.0	88	71.2	0.0	---	0.00	0.0	---	75.0	78.2	78.2	76.4	29.790	0.00	0.00	0	0.00	0	0.0	0.00	0.0	0.000	0.208	72.4	88	68.6	74.6	19.45	 .0725	0.000	701	1	100.0	30
03/09/20	2:00 a	74.7	75.0	74.6	88	70.9	0.0	---	0.00	0.0	---	74.7	77.7	77.7	75.8	29.783	0.00	0.00	0	0.00	0	0.0	0.00	0.0	0.000	0.202	72.8	86	68.4	74.9	18.42	 .0724	0.000	701	1	100.0	30
03/09/20	2:30 a	74.5	74.7	74.4	88	70.7	0.0	---	0.00	0.0	---	74.5	77.3	77.3	75.4	29.781	0.00	0.00	0	0.00	0	0.0	0.00	0.0	0.000	0.198	72.6	88	68.8	74.8	19.45	 .0724	0.000	701	1	100.0	30
03/09/20	3:00 a	74.1	74.5	74.0	88	70.3	0.0	---	0.00	0.0	---	74.1	76.5	76.5	74.6	29.778	0.00	0.00	0	0.00	0	0.0	0.00	0.0	0.000	0.190	72.3	85	67.5	74.2	18.04	 .0726	0.000	701	1	100.0	30
03/09/20	3:30 a	73.7	74.2	73.6	88	69.9	0.0	---	0.00	0.0	---	73.7	76.0	76.0	74.0	29.779	0.00	0.00	0	0.00	0	0.0	0.00	0.0	0.000	0.181	72.5	76	64.5	73.8	14.70	 .0727	0.000	701	1	100.0	30
03/09/20	4:00 a	73.7	73.8	73.5	88	69.9	0.0	---	0.00	0.0	---	73.7	76.0	76.0	74.0	29.785	0.00	0.00	0	0.00	0	0.0	0.00	0.0	0.000	0.181	72.6	88	68.8	74.8	19.45	 .0725	0.000	700	1	100.0	30
03/09/20	4:30 a	73.3	73.7	73.3	88	69.5	0.0	---	0.00	0.0	---	73.3	75.6	75.6	73.6	29.787	0.00	0.00	0	0.00	0	0.0	0.00	0.0	0.000	0.173	72.4	81	66.2	74.0	16.50	 .0726	0.000	703	1	100.0	30
03/09/20	5:00 a	73.1	73.6	73.1	88	69.3	0.0	---	0.00	0.0	---	73.1	75.4	75.4	73.4	29.795	0.00	0.00	0	0.00	0	0.0	0.00	0.0	0.000	0.169	72.6	88	68.8	74.8	19.45	 .0725	0.000	700	1	100.0	30
03/09/20	5:30 a	73.1	73.3	73.0	88	69.3	0.0	---	0.00	0.0	---	73.1	75.4	75.4	73.4	29.807	0.00	0.00	0	0.00	0	0.0	0.00	0.0	0.000	0.169	72.6	76	64.6	74.0	14.70	 .0727	0.000	702	1	100.0	30
03/09/20	6:00 a	73.2	73.3	73.0	88	69.4	0.0	---	0.00	0.0	---	73.2	75.5	75.5	73.6	29.809	0.00	0.00	3	0.13	11	0.0	0.00	0.0	0.000	0.171	72.4	86	68.0	74.4	18.39	 .0726	0.000	701	1	100.0	30
03/09/20	6:30 a	73.8	73.8	73.1	88	70.0	0.0	---	0.00	0.0	---	73.8	76.1	76.1	76.0	29.823	0.00	0.00	19	0.82	26	0.0	0.00	0.0	0.000	0.183	72.8	89	69.4	75.2	19.95	 .0725	0.000	699	1	100.0	30
03/09/20	7:00 a	75.0	75.0	73.8	89	71.5	0.0	---	0.00	0.0	---	75.0	78.3	78.3	78.5	29.838	0.00	0.00	30	1.29	33	0.0	0.00	0.0	0.000	0.208	72.4	79	65.5	73.9	15.70	 .0728	0.001	698	1	100.0	30
03/09/20	7:30 a	76.3	76.3	74.9	89	72.8	0.0	---	0.00	0.0	---	76.3	79.9	79.9	80.3	29.848	0.00	0.00	37	1.59	40	0.0	0.00	0.0	0.000	0.235	72.7	89	69.3	75.0	19.95	 .0726	0.000	699	1	100.0	30
03/09/20	8:00 a	77.5	77.5	76.3	89	74.0	0.0	---	0.00	0.0	---	77.5	81.8	81.8	82.3	29.851	0.00	0.00	46	1.98	58	0.1	0.02	1.4	0.000	0.260	72.3	84	67.2	74.1	17.64	 .0728	0.001	701	1	100.0	30
03/09/20	8:30 a	80.0	80.0	77.5	89	76.5	0.0	---	0.00	0.0	---	80.0	86.6	86.6	94.8	29.859	0.00	0.00	345	14.84	461	2.4	0.51	3.4	0.000	0.313	72.6	87	68.5	74.7	18.95	 .0727	0.000	700	1	100.0	30
03/09/20	9:00 a	84.8	84.8	79.9	77	76.8	0.0	W	0.00	3.0	WNW	84.8	94.9	94.9	105.7	29.867	0.00	0.00	526	22.62	585	4.4	0.94	5.2	0.000	0.413	72.7	88	68.9	74.9	19.46	 .0726	0.011	699	1	100.0	30
03/09/20	9:30 a	86.5	86.6	84.9	74	77.2	1.0	S	0.50	5.0	SSE	86.5	97.9	97.9	110.0	29.859	0.00	0.00	659	28.34	740	6.0	1.29	6.8	0.000	0.448	72.5	85	67.7	74.4	18.05	 .0727	0.000	700	1	100.0	30
03/09/20	10:00 a	88.6	88.6	86.5	70	77.6	2.0	SSW	1.00	7.0	SSE	88.6	101.0	101.0	113.4	29.854	0.00	0.00	836	35.95	909	7.6	1.63	8.4	0.000	0.492	72.4	83	66.9	74.2	17.25	 .0728	0.020	701	1	100.0	30
03/09/20	10:30 a	88.7	89.4	88.2	69	77.2	2.0	SSE	1.00	6.0	S	88.7	100.8	100.8	112.3	29.845	0.00	0.00	951	40.90	983	9.1	1.95	9.8	0.000	0.494	72.3	83	66.8	74.0	17.25	 .0728	0.000	700	1	100.0	30
03/09/20	11:00 a	87.9	88.8	87.9	68	76.0	3.0	SSE	1.50	9.0	SSE	87.9	98.0	98.0	109.8	29.839	0.00	0.00	1010	43.44	1032	10.3	2.21	10.8	0.000	0.477	72.4	85	67.6	74.3	18.05	 .0727	0.027	701	1	100.0	30
03/09/20	11:30 a	88.4	89.0	87.5	69	76.9	3.0	ESE	1.50	9.0	ESE	88.4	99.8	99.8	112.0	29.825	0.00	0.00	1046	44.98	1056	11.1	2.38	11.3	0.000	0.488	72.4	85	67.6	74.3	18.05	 .0727	0.000	702	1	100.0	30
03/09/20	12:00 p	88.5	89.3	87.8	70	77.5	3.0	SE	1.50	11.0	SSE	88.5	100.7	100.7	113.6	29.811	0.00	0.00	1063	45.71	1072	11.3	2.42	11.4	0.000	0.490	72.0	82	66.2	73.6	16.85	 .0728	0.029	700	1	100.0	30
03/09/20	12:30 p	89.7	89.8	87.9	68	77.7	2.0	SE	1.00	8.0	SE	89.7	103.6	103.6	117.5	29.807	0.00	0.00	1082	46.53	1120	11.2	2.40	11.4	0.000	0.515	72.0	84	66.9	73.7	17.63	 .0727	0.000	702	1	100.0	30
03/09/20	1:00 p	89.5	90.1	88.8	69	78.0	2.0	ESE	1.00	9.0	SSE	89.5	103.5	103.5	117.8	29.792	0.00	0.00	1030	44.30	1079	10.4	2.23	11.0	0.000	0.510	71.7	73	62.6	72.5	13.88	 .0729	0.029	699	1	100.0	30
03/09/20	1:30 p	88.7	90.6	88.5	68	76.8	3.0	E	1.50	10.0	SSE	88.7	100.3	100.3	115.1	29.780	0.00	0.00	967	41.59	991	9.2	1.97	9.9	0.000	0.494	71.9	77	64.3	73.0	14.95	 .0728	0.000	698	1	100.0	30
03/09/20	2:00 p	88.9	89.5	88.5	70	77.8	3.0	ESE	1.50	10.0	SSE	88.9	102.0	102.0	117.7	29.765	0.00	0.00	893	38.40	933	7.7	1.65	8.5	0.000	0.498	71.8	82	66.0	73.3	16.85	 .0727	0.026	699	1	100.0	30
03/09/20	2:30 p	88.1	89.7	87.7	68	76.2	3.0	SE	1.50	12.0	E	88.1	98.4	98.4	114.8	29.756	0.00	0.00	798	34.32	844	6.1	1.31	6.8	0.000	0.481	71.7	75	63.4	72.6	14.42	 .0728	0.000	703	1	100.0	30
03/09/20	3:00 p	87.4	88.8	87.3	70	76.4	3.0	SE	1.50	11.0	S	87.4	98.1	98.1	115.0	29.749	0.00	0.00	689	29.63	747	4.4	0.94	5.3	0.000	0.467	71.8	82	66.0	73.3	16.85	 .0726	0.021	702	1	100.0	30
03/09/20	3:30 p	87.3	88.3	87.3	69	75.9	2.0	ESE	1.00	9.0	SE	87.3	97.6	97.6	114.7	29.741	0.00	0.00	570	24.51	629	2.9	0.62	3.6	0.000	0.465	71.6	75	63.3	72.5	14.42	 .0728	0.000	702	1	100.0	30
03/09/20	4:00 p	87.0	87.5	86.7	71	76.5	2.0	SSE	1.00	8.0	ESE	87.0	97.9	97.9	114.0	29.744	0.00	0.00	441	18.97	506	1.8	0.39	2.3	0.000	0.458	71.7	77	64.1	72.8	14.95	 .0727	0.014	702	1	100.0	30
03/09/20	4:30 p	85.5	87.2	85.5	76	77.1	1.0	SE	0.50	9.0	SSE	85.5	96.2	96.2	100.1	29.747	0.00	0.00	250	10.75	373	0.9	0.19	1.3	0.000	0.427	71.6	81	65.5	73.0	16.52	 .0727	0.000	701	1	100.0	30
03/09/20	5:00 p	84.6	85.4	84.6	76	76.2	1.0	S	0.50	6.0	ESE	84.6	94.2	94.2	93.9	29.748	0.00	0.00	55	2.37	113	0.1	0.02	0.5	0.000	0.408	71.8	83	66.4	73.4	17.25	 .0726	0.005	702	1	100.0	30
03/09/20	5:30 p	83.0	84.6	83.0	79	75.8	1.0	E	0.50	3.0	SSE	83.0	91.4	91.4	90.4	29.755	0.00	0.00	25	1.08	37	0.0	0.00	0.0	0.000	0.375	72.1	80	65.6	73.5	16.11	 .0726	0.000	701	1	100.0	30
03/09/20	6:00 p	81.0	83.0	81.0	82	75.0	0.0	E	0.00	1.0	E	81.0	87.0	87.0	85.4	29.763	0.00	0.00	4	0.17	14	0.0	0.00	0.0	0.000	0.333	71.8	86	67.4	73.7	18.36	 .0726	0.001	702	1	100.0	30
03/09/20	6:30 p	79.9	81.0	79.9	84	74.6	0.0	---	0.00	0.0	---	79.9	85.2	85.2	83.6	29.771	0.00	0.00	0	0.00	0	0.0	0.00	0.0	0.000	0.310	71.7	82	65.9	73.2	16.85	 .0727	0.000	695	1	100.0	30
03/09/20	7:00 p	79.4	80.0	79.4	85	74.5	0.0	---	0.00	0.0	---	79.4	84.5	84.5	82.9	29.787	0.00	0.00	0	0.00	0	0.0	0.00	0.0	0.000	0.300	72.0	85	67.2	73.8	18.03	 .0726	0.001	700	1	100.0	30
03/09/20	7:30 p	79.0	79.4	79.0	85	74.1	0.0	---	0.00	0.0	---	79.0	83.7	83.7	82.1	29.798	0.00	0.00	0	0.00	0	0.0	0.00	0.0	0.000	0.292	71.8	73	62.7	72.6	13.88	 .0729	0.000	701	1	100.0	30
03/09/20	8:00 p	78.7	79.1	78.7	86	74.2	0.0	---	0.00	0.0	---	78.7	83.4	83.4	81.8	29.810	0.00	0.00	0	0.00	0	0.0	0.00	0.0	0.000	0.285	72.0	87	67.9	74.0	18.93	 .0727	0.001	701	1	100.0	30
03/09/20	8:30 p	78.8	78.8	78.6	86	74.3	0.0	---	0.00	0.0	---	78.8	83.6	83.6	82.0	29.824	0.00	0.00	0	0.00	0	0.0	0.00	0.0	0.000	0.288	72.1	85	67.3	73.9	18.03	 .0727	0.000	701	1	100.0	30
03/09/20	9:00 p	78.9	79.0	78.8	87	74.7	0.0	---	0.00	0.0	---	78.9	83.9	83.9	82.3	29.834	0.00	0.00	0	0.00	0	0.0	0.00	0.0	0.000	0.290	71.9	86	67.5	73.8	18.36	 .0728	0.001	696	1	100.0	30
03/09/20	9:30 p	78.7	78.9	78.7	87	74.5	0.0	---	0.00	0.0	---	78.7	83.6	83.6	82.0	29.843	0.00	0.00	0	0.00	0	0.0	0.00	0.0	0.000	0.285	71.8	81	65.7	73.3	16.51	 .0729	0.000	702	1	100.0	30
03/09/20	10:00 p	78.1	78.7	78.0	87	73.9	0.0	---	0.00	0.0	---	78.1	82.6	82.6	80.9	29.856	0.00	0.00	0	0.00	0	0.0	0.00	0.0	0.000	0.273	72.2	88	68.4	74.3	19.44	 .0727	0.001	698	1	100.0	30
03/09/20	10:30 p	77.5	78.1	77.5	87	73.3	0.0	---	0.00	0.0	---	77.5	81.6	81.6	79.9	29.851	0.00	0.00	0	0.00	0	0.0	0.00	0.0	0.000	0.260	71.9	84	66.8	73.6	17.63	 .0728	0.000	701	1	100.0	30
03/09/20	11:00 p	77.0	77.6	77.0	87	72.8	0.0	---	0.00	0.0	---	77.0	80.8	80.8	79.0	29.854	0.00	0.00	0	0.00	0	0.0	0.00	0.0	0.000	0.250	72.1	84	67.0	73.9	17.63	 .0728	0.001	702	1	100.0	30
03/09/20	11:30 p	77.1	77.1	76.6	87	72.9	0.0	---	0.00	0.0	---	77.1	80.9	80.9	79.1	29.852	0.00	0.00	0	0.00	0	0.0	0.00	0.0	0.000	0.252	71.9	83	66.5	73.5	17.25	 .0729	0.000	701	1	100.0	30
03/10/20	12:00 a	76.5	77.0	76.5	88	72.7	0.0	---	0.00	0.0	---	76.5	80.1	80.1	78.3	29.850	0.00	0.00	0	0.00	0	0.0	0.00	0.0	0.000	0.240	72.3	88	68.5	74.4	19.44	 .0727	0.001	700	1	100.0	30
03/10/20	12:30 a	76.2	76.5	76.2	88	72.4	0.0	---	0.00	0.0	---	76.2	79.7	79.7	77.9	29.840	0.00	0.00	0	0.00	0	0.0	0.00	0.0	0.000	0.233	72.1	75	63.7	73.1	14.41	 .0729	0.000	701	1	100.0	30
03/10/20	1:00 a	75.6	76.2	75.6	88	71.8	0.0	---	0.00	0.0	---	75.6	78.9	78.9	77.1	29.832	0.00	0.00	0	0.00	0	0.0	0.00	0.0	0.000	0.221	72.1	84	67.0	73.9	17.63	 .0727	0.000	701	1	100.0	30
03/10/20	1:30 a	75.1	75.7	75.1	88	71.3	0.0	---	0.00	0.0	---	75.1	78.4	78.4	76.6	29.821	0.00	0.00	0	0.00	0	0.0	0.00	0.0	0.000	0.210	72.2	87	68.1	74.2	18.94	 .0726	0.000	699	1	100.0	30
03/10/20	2:00 a	75.0	75.3	74.9	88	71.2	0.0	---	0.00	0.0	---	75.0	78.2	78.2	76.4	29.820	0.00	0.00	0	0.00	0	0.0	0.00	0.0	0.000	0.208	72.4	88	68.6	74.6	19.45	 .0726	0.000	701	1	100.0	30
03/10/20	2:30 a	74.7	74.9	74.6	88	70.9	0.0	---	0.00	0.0	---	74.7	77.7	77.7	75.8	29.820	0.00	0.00	0	0.00	0	0.0	0.00	0.0	0.000	0.202	72.4	88	68.6	74.6	19.45	 .0726	0.000	701	1	100.0	30
03/10/20	3:00 a	74.4	74.8	74.3	88	70.6	0.0	---	0.00	0.0	---	74.4	77.1	77.1	75.2	29.823	0.00	0.00	0	0.00	0	0.0	0.00	0.0	0.000	0.196	72.3	87	68.2	74.4	18.94	 .0726	0.000	700	1	100.0	30
03/10/20	3:30 a	74.2	74.8	74.2	88	70.4	0.0	---	0.00	0.0	---	74.2	76.7	76.7	74.8	29.820	0.00	0.00	0	0.00	0	0.0	0.00	0.0	0.000	0.192	72.4	87	68.3	74.5	18.95	 .0726	0.000	698	1	100.0	30
03/10/20	4:00 a	73.8	74.2	73.8	88	70.0	0.0	---	0.00	0.0	---	73.8	76.1	76.1	74.2	29.820	0.00	0.00	0	0.00	0	0.0	0.00	0.0	0.000	0.183	72.2	85	67.4	74.1	18.04	 .0727	0.000	701	1	100.0	30
03/10/20	4:30 a	73.6	73.9	73.5	88	69.8	0.0	---	0.00	0.0	---	73.6	75.9	75.9	73.9	29.823	0.00	0.00	0	0.00	0	0.0	0.00	0.0	0.000	0.179	72.3	80	65.8	73.8	16.10	 .0728	0.000	701	1	100.0	30
03/10/20	5:00 a	73.4	73.7	73.3	88	69.6	0.0	---	0.00	0.0	---	73.4	75.7	75.7	73.7	29.829	0.00	0.00	0	0.00	0	0.0	0.00	0.0	0.000	0.175	72.6	80	66.1	74.2	16.10	 .0727	0.000	701	1	100.0	30
03/10/20	5:30 a	73.3	73.5	73.3	88	69.5	0.0	---	0.00	0.0	---	73.3	75.6	75.6	73.6	29.839	0.00	0.00	0	0.00	0	0.0	0.00	0.0	0.000	0.173	72.7	89	69.3	75.0	19.95	 .0725	0.000	700	1	100.0	30
03/10/20	6:00 a	73.7	73.7	73.2	88	69.9	0.0	---	0.00	0.0	---	73.7	76.0	76.0	74.1	29.847	0.00	0.00	4	0.17	11	0.0	0.00	0.0	0.000	0.181	72.4	87	68.3	74.5	18.95	 .0727	0.000	702	1	100.0	30
03/10/20	6:30 a	74.1	74.1	73.4	89	70.6	0.0	---	0.00	0.0	---	74.1	76.6	76.6	76.5	29.854	0.00	0.00	19	0.82	25	0.0	0.00	0.0	0.000	0.190	72.9	88	69.1	75.2	19.47	 .0726	0.000	701	1	100.0	30
03/10/20	7:00 a	75.2	75.3	74.0	89	71.7	0.0	---	0.00	0.0	---	75.2	78.5	78.5	78.7	29.861	0.00	0.00	29	1.25	33	0.0	0.00	0.0	0.000	0.212	72.6	88	68.8	74.8	19.45	 .0726	0.001	702	1	100.0	30
03/10/20	7:30 a	76.6	76.6	75.3	89	73.1	0.0	---	0.00	0.0	---	76.6	80.3	80.3	80.7	29.871	0.00	0.00	36	1.55	39	0.0	0.00	0.0	0.000	0.242	72.6	88	68.8	74.8	19.45	 .0727	0.000	698	1	100.0	30
03/10/20	8:00 a	78.1	78.1	76.6	89	74.6	0.0	---	0.00	0.0	---	78.1	82.8	82.8	83.3	29.875	0.00	0.00	44	1.89	54	0.0	0.00	0.0	0.000	0.273	72.5	89	69.1	74.8	19.95	 .0727	0.001	699	1	100.0	30
03/10/20	8:30 a	80.7	80.7	78.0	87	76.5	0.0	---	0.00	0.0	---	80.7	87.7	87.7	95.7	29.880	0.00	0.00	340	14.62	466	2.6	0.56	3.5	0.000	0.327	72.7	86	68.3	74.8	18.41	 .0727	0.000	701	1	100.0	30
03/10/20	9:00 a	85.4	85.4	80.7	79	78.1	0.0	WSW	0.00	1.0	WSW	85.4	97.0	97.0	107.9	29.884	0.00	0.00	525	22.58	573	4.4	0.94	5.2	0.000	0.425	72.5	88	68.7	74.7	19.45	 .0727	0.011	702	1	100.0	30
03/10/20	9:30 a	87.6	87.6	85.2	69	76.2	1.0	SSE	0.50	5.0	SW	87.6	98.0	98.0	109.9	29.886	0.00	0.00	648	27.87	728	6.0	1.29	6.8	0.000	0.471	72.4	87	68.3	74.5	18.95	 .0728	0.000	700	1	100.0	30
03/10/20	10:00 a	88.3	88.4	87.7	72	78.1	2.0	S	1.00	7.0	SSW	88.3	101.0	101.0	113.6	29.885	0.00	0.00	820	35.26	904	7.6	1.63	8.3	0.000	0.485	72.1	85	67.3	73.9	18.03	 .0729	0.020	697	1	100.0	30
03/10/20	10:30 a	89.9	89.9	88.2	68	77.9	2.0	SE	1.00	9.0	SSE	89.9	104.3	104.3	115.8	29.875	0.00	0.00	960	41.29	1051	9.1	1.95	9.9	0.000	0.519	72.0	82	66.2	73.6	16.85	 .0729	0.000	701	1	100.0	30
03/10/20	11:00 a	88.5	89.8	88.5	68	76.6	3.0	SE	1.50	10.0	SSE	88.5	99.7	99.7	111.8	29.871	0.00	0.00	1044	44.90	1086	10.4	2.23	10.8	0.000	0.490	72.2	82	66.4	73.8	16.85	 .0729	0.027	699	1	100.0	30
03/10/20	11:30 a	89.7	90.3	88.4	69	78.2	3.0	SE	1.50	10.0	S	89.7	104.2	104.2	116.9	29.858	0.00	0.00	1076	46.27	1102	11.2	2.40	11.5	0.000	0.515	71.9	84	66.8	73.6	17.63	 .0728	0.000	700	1	100.0	30
03/10/20	12:00 p	89.5	90.8	89.3	66	76.6	3.0	SSE	1.50	12.0	SSE	89.5	101.8	101.8	114.6	29.852	0.00	0.00	1070	46.02	1085	11.5	2.46	11.6	0.000	0.510	72.0	76	64.0	73.1	14.71	 .0730	0.030	699	1	100.0	30
03/10/20	12:30 p	88.9	90.4	88.6	69	77.4	3.0	SE	1.50	14.0	SSE	88.9	101.4	101.4	114.8	29.843	0.00	0.00	1050	45.16	1062	11.3	2.42	11.5	0.000	0.498	72.0	85	67.2	73.8	18.03	 .0728	0.000	701	1	100.0	30
03/10/20	1:00 p	90.1	90.6	88.8	71	79.4	3.0	SE	1.50	10.0	SE	90.1	106.9	106.9	121.0	29.826	0.00	0.00	1008	43.35	1030	10.6	2.27	11.0	0.000	0.523	71.9	76	63.9	73.0	14.71	 .0729	0.028	700	1	100.0	30
03/10/20	1:30 p	89.2	91.0	88.9	68	77.3	3.0	SE	1.50	15.0	SSE	89.2	101.9	101.9	116.5	29.817	0.00	0.00	953	40.98	983	9.4	2.01	10.1	0.000	0.504	71.9	73	62.8	72.8	13.87	 .0730	0.000	701	1	100.0	30
03/10/20	2:00 p	88.8	89.5	88.4	70	77.7	4.0	SE	2.00	13.0	SE	88.8	101.6	101.6	117.1	29.807	0.00	0.00	883	37.97	926	7.9	1.69	8.7	0.000	0.496	73.9	84	68.8	76.0	17.71	 .0723	0.026	697	1	100.0	30
03/10/20	2:30 p	88.6	90.0	88.1	69	77.1	3.0	SE	1.50	10.0	SE	88.6	100.5	100.5	116.8	29.796	0.00	0.00	796	34.23	837	6.3	1.35	7.1	0.000	0.492	71.4	72	61.9	72.1	13.69	 .0730	0.000	700	1	100.0	30
03/10/20	3:00 p	88.5	88.7	87.3	70	77.5	3.0	SE	1.50	9.0	SSE	88.5	100.7	100.7	117.7	29.782	0.00	0.00	692	29.76	747	4.6	0.99	5.4	0.000	0.490	71.2	73	62.1	71.9	13.90	 .0730	0.021	702	1	100.0	30
03/10/20	3:30 p	87.1	88.9	86.9	71	76.5	3.0	SE	1.50	10.0	ESE	87.1	98.1	98.1	115.3	29.778	0.00	0.00	575	24.73	631	3.1	0.66	3.8	0.000	0.460	70.7	83	65.3	72.2	17.25	 .0729	0.000	700	1	100.0	30
03/10/20	4:00 p	86.9	87.9	86.4	72	76.8	3.0	SE	1.50	9.0	SE	86.9	98.1	98.1	114.2	29.776	0.00	0.00	441	18.97	512	1.8	0.39	2.4	0.000	0.456	71.0	73	61.9	71.6	13.91	 .0730	0.014	699	1	100.0	30
03/10/20	4:30 p	85.3	87.2	85.3	73	75.7	2.0	SE	1.00	6.0	ESE	85.3	94.6	94.6	98.1	29.777	0.00	0.00	235	10.11	364	0.9	0.19	1.3	0.000	0.423	70.6	70	60.3	70.9	13.13	 .0732	0.000	699	1	100.0	30
03/10/20	5:00 p	84.3	85.4	84.2	74	75.1	1.0	S	0.50	4.0	S	84.3	92.9	92.9	92.5	29.780	0.00	0.00	56	2.41	79	0.1	0.02	0.5	0.000	0.402	71.0	80	64.5	72.3	16.13	 .0729	0.004	701	1	100.0	30
03/10/20	5:30 p	82.4	84.4	82.4	80	75.6	0.0	SSW	0.00	2.0	SSW	82.4	90.0	90.0	89.0	29.784	0.00	0.00	25	1.08	33	0.0	0.00	0.0	0.000	0.363	71.2	82	65.4	72.7	16.85	 .0728	0.000	699	1	100.0	30
03/10/20	6:00 p	81.0	82.3	81.0	82	75.0	0.0	SSW	0.00	1.0	SSW	81.0	87.0	87.0	85.4	29.784	0.00	0.00	4	0.17	12	0.0	0.00	0.0	0.000	0.333	71.1	84	66.0	72.8	17.59	 .0728	0.001	700	1	100.0	30
03/10/20	6:30 p	80.2	81.0	80.2	84	74.9	0.0	SSW	0.00	1.0	SSW	80.2	85.8	85.8	84.2	29.794	0.00	0.00	0	0.00	0	0.0	0.00	0.0	0.000	0.317	71.2	83	65.8	72.8	17.25	 .0728	0.000	698	1	100.0	30
03/10/20	7:00 p	80.1	80.2	79.9	84	74.8	0.0	SSW	0.00	1.0	SSW	80.1	85.6	85.6	84.0	29.803	0.00	0.00	0	0.00	0	0.0	0.00	0.0	0.000	0.315	71.1	81	65.0	72.5	16.53	 .0729	0.001	703	1	100.0	30
03/10/20	7:30 p	80.1	80.2	80.0	84	74.8	0.0	SSW	0.00	1.0	SSW	80.1	85.6	85.6	84.0	29.814	0.00	0.00	0	0.00	0	0.0	0.00	0.0	0.000	0.315	71.3	81	65.2	72.7	16.52	 .0729	0.000	698	1	100.0	30
03/10/20	8:00 p	79.3	80.1	79.2	85	74.4	0.0	SSW	0.00	1.0	SSW	79.3	84.3	84.3	82.7	29.817	0.00	0.00	0	0.00	0	0.0	0.00	0.0	0.000	0.298	71.3	75	63.0	72.2	14.42	 .0730	0.001	698	1	100.0	30
03/10/20	8:30 p	78.4	79.2	78.4	85	73.5	0.0	SSW	0.00	1.0	SSW	78.4	82.7	82.7	81.0	29.824	0.00	0.00	0	0.00	0	0.0	0.00	0.0	0.000	0.279	71.6	83	66.2	73.2	17.25	 .0728	0.000	699	1	100.0	30
03/10/20	9:00 p	77.7	78.4	77.7	86	73.2	0.0	SSW	0.00	1.0	SSW	77.7	81.8	81.8	80.1	29.831	0.00	0.00	0	0.00	0	0.0	0.00	0.0	0.000	0.265	71.3	79	64.4	72.5	15.72	 .0730	0.001	702	1	100.0	30
03/10/20	9:30 p	77.2	77.7	77.1	86	72.7	0.0	---	0.00	0.0	---	77.2	81.0	81.0	79.2	29.831	0.00	0.00	0	0.00	0	0.0	0.00	0.0	0.000	0.254	71.5	84	66.4	73.2	17.61	 .0729	0.000	702	1	100.0	30
03/10/20	10:00 p	76.7	77.2	76.7	87	72.5	0.0	---	0.00	0.0	---	76.7	80.3	80.3	78.5	29.833	0.00	0.00	0	0.00	0	0.0	0.00	0.0	0.000	0.244	71.8	86	67.4	73.7	18.36	 .0728	0.001	701	1	100.0	30
03/10/20	10:30 p	76.4	76.7	76.3	87	72.2	0.0	---	0.00	0.0	---	76.4	79.9	79.9	78.1	29.836	0.00	0.00	0	0.00	0	0.0	0.00	0.0	0.000	0.238	71.9	78	64.7	73.1	15.31	 .0729	0.000	700	1	100.0	30
03/10/20	11:00 p	76.4	76.5	76.2	87	72.2	0.0	---	0.00	0.0	---	76.4	79.9	79.9	78.1	29.826	0.00	0.00	0	0.00	0	0.0	0.00	0.0	0.000	0.238	71.5	79	64.6	72.8	15.72	 .0729	0.001	700	1	100.0	30
03/10/20	11:30 p	76.0	76.4	76.0	87	71.8	0.0	---	0.00	0.0	---	76.0	79.3	79.3	77.5	29.819	0.00	0.00	0	0.00	0	0.0	0.00	0.0	0.000	0.229	71.4	83	66.0	73.0	17.25	 .0729	0.000	700	1	100.0	30
03/11/20	12:00 a	75.8	76.1	75.7	88	72.0	0.0	---	0.00	0.0	---	75.8	79.2	79.2	77.4	29.818	0.00	0.00	0	0.00	0	0.0	0.00	0.0	0.000	0.225	71.7	85	66.9	73.5	18.02	 .0728	0.001	702	1	100.0	30
03/11/20	12:30 a	75.7	75.8	75.6	88	71.9	0.0	---	0.00	0.0	---	75.7	79.0	79.0	77.2	29.813	0.00	0.00	0	0.00	0	0.0	0.00	0.0	0.000	0.223	71.7	86	67.3	73.6	18.35	 .0727	0.000	698	1	100.0	30
03/11/20	1:00 a	75.4	75.7	75.4	88	71.6	0.0	---	0.00	0.0	---	75.4	78.7	78.7	76.9	29.808	0.00	0.00	0	0.00	0	0.0	0.00	0.0	0.000	0.217	72.2	87	68.1	74.2	18.94	 .0726	0.000	700	1	100.0	30
03/11/20	1:30 a	75.1	75.4	75.0	88	71.3	0.0	---	0.00	0.0	---	75.1	78.4	78.4	76.6	29.804	0.00	0.00	0	0.00	0	0.0	0.00	0.0	0.000	0.210	72.2	86	67.8	74.1	18.38	 .0726	0.000	701	1	100.0	30
03/11/20	2:00 a	74.9	75.1	74.8	88	71.1	0.0	---	0.00	0.0	---	74.9	78.0	78.0	76.2	29.798	0.00	0.00	0	0.00	0	0.0	0.00	0.0	0.000	0.206	72.2	84	67.1	74.0	17.64	 .0726	0.000	698	1	100.0	30
03/11/20	2:30 a	74.8	75.0	74.7	88	71.0	0.0	---	0.00	0.0	---	74.8	77.9	77.9	76.1	29.795	0.00	0.00	0	0.00	0	0.0	0.00	0.0	0.000	0.204	72.1	87	68.0	74.1	18.93	 .0726	0.000	701	1	100.0	30
03/11/20	3:00 a	74.2	74.9	74.2	88	70.4	0.0	---	0.00	0.0	---	74.2	76.7	76.7	74.8	29.798	0.00	0.00	0	0.00	0	0.0	0.00	0.0	0.000	0.192	71.9	86	67.5	73.8	18.36	 .0727	0.000	701	1	100.0	30
03/11/20	3:30 a	74.2	74.3	73.9	88	70.4	0.0	---	0.00	0.0	---	74.2	76.7	76.7	74.8	29.799	0.00	0.00	0	0.00	0	0.0	0.00	0.0	0.000	0.192	71.7	81	65.6	73.2	16.52	 .0728	0.000	701	1	100.0	30
03/11/20	4:00 a	73.6	74.2	73.5	88	69.8	0.0	---	0.00	0.0	---	73.6	75.9	75.9	73.9	29.801	0.00	0.00	0	0.00	0	0.0	0.00	0.0	0.000	0.179	72.4	87	68.3	74.5	18.95	 .0726	0.000	699	1	100.0	30
03/11/20	4:30 a	73.7	73.9	73.5	88	69.9	0.0	---	0.00	0.0	---	73.7	76.0	76.0	74.0	29.805	0.00	0.00	0	0.00	0	0.0	0.00	0.0	0.000	0.181	71.9	85	67.1	73.7	18.03	 .0727	0.000	700	1	100.0	30
03/11/20	5:00 a	73.4	73.7	73.2	88	69.6	0.0	---	0.00	0.0	---	73.4	75.7	75.7	73.7	29.810	0.00	0.00	0	0.00	0	0.0	0.00	0.0	0.000	0.175	72.3	80	65.8	73.8	16.10	 .0727	0.000	698	1	100.0	30
03/11/20	5:30 a	72.9	73.4	72.8	88	69.1	0.0	---	0.00	0.0	---	72.9	75.2	75.2	73.2	29.821	0.00	0.00	0	0.00	0	0.0	0.00	0.0	0.000	0.165	72.1	85	67.3	73.9	18.03	 .0727	0.000	702	1	100.0	30
03/11/20	6:00 a	73.0	73.0	72.7	88	69.2	0.0	---	0.00	0.0	---	73.0	75.3	75.3	73.4	29.836	0.00	0.00	4	0.17	11	0.0	0.00	0.0	0.000	0.167	72.9	89	69.5	75.3	19.95	 .0725	0.000	698	1	100.0	30
03/11/20	6:30 a	73.7	73.7	72.8	88	69.9	0.0	---	0.00	0.0	---	73.7	76.0	76.0	76.2	29.844	0.00	0.00	26	1.12	44	0.0	0.00	0.0	0.000	0.181	72.4	84	67.3	74.2	17.65	 .0727	0.000	702	1	100.0	30
03/11/20	7:00 a	74.7	74.7	73.6	88	70.9	0.0	---	0.00	0.0	---	74.7	77.7	77.7	78.0	29.852	0.00	0.00	33	1.42	35	0.0	0.00	0.0	0.000	0.202	73.9	90	70.8	76.3	20.45	 .0723	0.001	703	1	100.0	30
03/11/20	7:30 a	75.7	75.7	74.7	89	72.2	0.0	---	0.00	0.0	---	75.7	79.1	79.1	79.5	29.865	0.00	0.00	39	1.68	40	0.0	0.00	0.0	0.000	0.223	78.3	91	75.5	83.5	21.02	 .0714	0.000	701	1	100.0	30
03/11/20	8:00 a	77.4	77.4	75.7	89	73.9	0.0	---	0.00	0.0	---	77.4	81.6	81.6	82.1	29.874	0.00	0.00	46	1.98	51	0.0	0.00	0.0	0.000	0.258	80.8	89	77.3	88.4	19.87	 .0710	0.001	702	1	100.0	30
03/11/20	8:30 a	81.5	81.5	77.4	85	76.6	0.0	---	0.00	0.0	---	81.5	89.1	89.1	96.1	29.878	0.00	0.00	294	12.64	494	2.8	0.60	3.6	0.000	0.344	83.0	86	78.4	93.4	18.17	 .0706	0.000	700	1	100.0	30
03/11/20	9:00 a	85.8	85.8	81.5	74	76.5	0.0	SE	0.00	6.0	SSE	85.8	96.2	96.2	107.6	29.883	0.00	0.00	577	24.81	675	4.5	0.96	5.4	0.000	0.433	85.2	83	79.4	98.1	16.84	 .0703	0.011	698	1	100.0	30
03/11/20	9:30 a	86.9	87.3	85.7	70	75.9	2.0	SSE	1.00	6.0	SSE	86.9	97.3	97.3	109.2	29.887	0.00	0.00	658	28.30	729	5.9	1.26	6.9	0.000	0.456	86.3	79	79.0	99.4	15.37	 .0702	0.000	700	1	100.0	30
03/11/20	10:00 a	87.0	87.4	86.3	68	75.2	3.0	ESE	1.50	9.0	SE	87.0	96.7	96.7	109.1	29.877	0.00	0.00	821	35.31	898	7.7	1.65	8.4	0.000	0.458	87.6	76	79.1	101.2	14.39	 .0700	0.020	702	1	100.0	30
03/11/20	10:30 a	87.8	88.5	87.0	68	75.9	2.0	SE	1.00	8.0	ESE	87.8	97.8	97.8	108.9	29.872	0.00	0.00	944	40.60	979	9.2	1.97	9.8	0.000	0.475	88.4	75	79.5	103.0	14.11	 .0698	0.000	702	1	100.0	30
03/11/20	11:00 a	88.3	88.3	87.2	66	75.5	3.0	SE	1.50	9.0	ESE	88.3	98.1	98.1	109.7	29.867	0.00	0.00	1012	43.52	1041	10.4	2.23	10.9	0.000	0.485	89.3	73	79.5	105.3	13.46	 .0697	0.027	699	1	100.0	30
03/11/20	11:30 a	88.3	88.7	87.0	66	75.5	3.0	ESE	1.50	9.0	SSE	88.3	98.1	98.1	110.2	29.851	0.00	0.00	1055	45.37	1072	11.2	2.40	11.5	0.000	0.485	89.8	71	79.1	105.8	12.85	 .0696	0.000	701	1	100.0	30
03/11/20	12:00 p	88.3	89.5	87.6	62	73.6	3.0	ESE	1.50	11.0	SE	88.3	96.4	96.4	108.8	29.839	0.00	0.00	1058	45.50	1071	11.5	2.46	11.6	0.000	0.485	90.2	71	79.5	107.2	12.85	 .0695	0.029	700	1	100.0	30
03/11/20	12:30 p	89.0	89.2	87.7	63	74.8	3.0	SE	1.50	9.0	ESE	89.0	98.7	98.7	111.8	29.822	0.00	0.00	1047	45.03	1056	11.2	2.40	11.4	0.000	0.500	90.6	69	79.0	107.1	12.34	 .0695	0.000	701	1	100.0	30
03/11/20	1:00 p	88.6	89.8	88.5	64	74.9	2.0	SE	1.00	9.0	SSE	88.6	98.1	98.1	112.0	29.799	0.00	0.00	1021	43.91	1041	10.5	2.25	11.0	0.000	0.492	90.9	69	79.3	108.0	12.33	 .0694	0.028	702	1	100.0	30
03/11/20	1:30 p	87.9	89.7	87.9	65	74.7	2.0	SE	1.00	8.0	ESE	87.9	96.7	96.7	111.3	29.781	0.00	0.00	967	41.59	997	9.4	2.01	10.0	0.000	0.477	90.8	68	78.8	107.0	12.05	 .0694	0.000	700	1	100.0	30
03/11/20	2:00 p	89.4	90.0	87.9	63	75.1	2.0	SSE	1.00	9.0	E	89.4	99.8	99.8	115.3	29.758	0.00	0.00	893	38.40	933	7.8	1.67	8.6	0.000	0.508	90.8	69	79.2	107.7	12.33	 .0693	0.026	700	1	100.0	30
03/11/20	2:30 p	88.5	89.4	87.6	67	76.1	2.0	SE	1.00	8.0	SE	88.5	99.2	99.2	115.6	29.735	0.00	0.00	808	34.75	854	6.2	1.33	7.0	0.000	0.490	90.2	69	78.6	105.8	12.35	 .0693	0.000	701	1	100.0	30
03/11/20	3:00 p	88.4	88.7	87.2	67	76.0	2.0	SSE	1.00	7.0	S	88.4	98.9	98.9	116.1	29.726	0.00	0.00	706	30.36	758	4.6	0.99	5.4	0.000	0.488	89.3	71	78.7	104.0	12.85	 .0694	0.021	699	1	100.0	30
03/11/20	3:30 p	86.6	88.4	86.5	67	74.3	2.0	SE	1.00	8.0	SE	86.6	95.5	95.5	112.9	29.716	0.00	0.00	588	25.29	649	3.1	0.66	3.8	0.000	0.450	88.3	71	77.7	100.5	12.85	 .0696	0.000	701	1	100.0	30
03/11/20	4:00 p	86.6	87.5	86.5	70	75.6	2.0	SE	1.00	7.0	SE	86.6	96.6	96.6	113.2	29.723	0.00	0.00	458	19.70	520	1.9	0.41	2.4	0.000	0.450	87.5	74	78.2	100.1	13.80	 .0697	0.015	703	1	100.0	30
03/11/20	4:30 p	85.2	86.6	85.2	69	73.9	2.0	SE	1.00	6.0	ESE	85.2	93.0	93.0	96.2	29.730	0.00	0.00	230	9.89	388	0.9	0.19	1.3	0.000	0.421	86.8	74	77.5	98.7	13.81	 .0699	0.000	700	1	100.0	30
03/11/20	5:00 p	83.6	85.2	83.6	75	74.8	1.0	ESE	0.50	5.0	SE	83.6	91.7	91.7	91.0	29.732	0.00	0.00	43	1.85	56	0.0	0.00	0.5	0.000	0.387	86.1	77	78.0	98.0	14.78	 .0699	0.004	701	1	100.0	30
03/11/20	5:30 p	82.0	83.5	82.0	79	74.8	0.0	NNE	0.00	2.0	NNE	82.0	88.6	88.6	87.5	29.734	0.00	0.00	24	1.03	33	0.0	0.00	0.0	0.000	0.354	85.5	78	77.9	96.9	15.11	 .0700	0.000	700	1	100.0	30
03/11/20	6:00 p	80.7	82.0	80.7	81	74.3	0.0	NNE	0.00	2.0	NNE	80.7	86.1	86.1	84.5	29.740	0.00	0.00	4	0.17	12	0.0	0.00	0.0	0.000	0.327	84.6	80	77.7	95.6	15.77	 .0701	0.001	695	1	100.0	30
03/11/20	6:30 p	79.4	80.7	79.4	83	73.8	0.0	NNE	0.00	1.0	NNE	79.4	84.1	84.1	82.4	29.748	0.00	0.00	0	0.00	0	0.0	0.00	0.0	0.000	0.300	83.5	82	77.4	93.7	16.58	 .0703	0.000	695	1	100.0	30
03/11/20	7:00 p	78.7	79.4	78.6	84	73.5	0.0	---	0.00	0.0	---	78.7	83.1	83.1	81.4	29.755	0.00	0.00	0	0.00	0	0.0	0.00	0.0	0.000	0.285	82.7	84	77.4	92.0	17.34	 .0705	0.001	698	1	100.0	30
03/11/20	7:30 p	78.4	78.8	78.4	84	73.2	0.0	---	0.00	0.0	---	78.4	82.6	82.6	80.9	29.762	0.00	0.00	0	0.00	0	0.0	0.00	0.0	0.000	0.279	82.3	85	77.3	91.2	17.81	 .0705	0.000	698	1	100.0	30
03/11/20	8:00 p	78.0	78.5	78.0	85	73.1	0.0	---	0.00	0.0	---	78.0	82.1	82.1	80.4	29.770	0.00	0.00	0	0.00	0	0.0	0.00	0.0	0.000	0.271	81.7	86	77.1	89.9	18.25	 .0706	0.001	699	1	100.0	30
03/11/20	8:30 p	77.4	78.0	77.4	86	72.9	0.0	---	0.00	0.0	---	77.4	81.3	81.3	79.5	29.779	0.00	0.00	0	0.00	0	0.0	0.00	0.0	0.000	0.258	81.1	86	76.5	88.3	18.28	 .0708	0.000	700	1	100.0	30
03/11/20	9:00 p	76.9	77.4	76.9	86	72.4	0.0	---	0.00	0.0	---	76.9	80.5	80.5	78.7	29.784	0.00	0.00	0	0.00	0	0.0	0.00	0.0	0.000	0.248	80.6	87	76.4	87.4	18.71	 .0709	0.001	698	1	100.0	30
03/11/20	9:30 p	76.5	77.0	76.5	87	72.3	0.0	---	0.00	0.0	---	76.5	80.0	80.0	78.2	29.791	0.00	0.00	0	0.00	0	0.0	0.00	0.0	0.000	0.240	80.1	88	76.2	86.6	19.34	 .0710	0.000	699	1	100.0	30
03/11/20	10:00 p	76.0	76.5	75.9	87	71.8	0.0	---	0.00	0.0	---	76.0	79.3	79.3	77.5	29.794	0.00	0.00	0	0.00	0	0.0	0.00	0.0	0.000	0.229	79.6	88	75.7	85.5	19.37	 .0711	0.001	699	1	100.0	30
03/11/20	10:30 p	75.2	76.0	75.2	87	71.1	0.0	---	0.00	0.0	---	75.2	78.4	78.4	76.6	29.797	0.00	0.00	0	0.00	0	0.0	0.00	0.0	0.000	0.212	79.1	88	75.2	84.5	19.39	 .0712	0.000	699	1	100.0	30
03/11/20	11:00 p	74.6	75.3	74.6	87	70.5	0.0	---	0.00	0.0	---	74.6	77.4	77.4	75.5	29.793	0.00	0.00	0	0.00	0	0.0	0.00	0.0	0.000	0.200	78.6	88	74.7	83.6	19.41	 .0713	0.001	700	1	100.0	30
03/11/20	11:30 p	74.2	74.6	74.2	87	70.1	0.0	---	0.00	0.0	---	74.2	76.7	76.7	74.8	29.786	0.00	0.00	0	0.00	0	0.0	0.00	0.0	0.000	0.192	78.0	88	74.2	82.5	19.43	 .0714	0.000	700	1	100.0	30
03/12/20	12:00 a	73.8	74.2	73.8	87	69.7	0.0	---	0.00	0.0	---	73.8	76.1	76.1	74.1	29.779	0.00	0.00	0	0.00	0	0.0	0.00	0.0	0.000	0.183	77.7	89	74.2	82.1	19.95	 .0714	0.001	700	1	100.0	30
03/12/20	12:30 a	73.5	73.9	73.4	88	69.7	0.0	---	0.00	0.0	---	73.5	75.8	75.8	73.8	29.772	0.00	0.00	0	0.00	0	0.0	0.00	0.0	0.000	0.177	77.2	89	73.7	81.3	19.95	 .0715	0.000	699	1	100.0	30
03/12/20	1:00 a	73.3	73.6	73.2	88	69.5	0.0	---	0.00	0.0	---	73.3	75.6	75.6	73.6	29.763	0.00	0.00	0	0.00	0	0.0	0.00	0.0	0.000	0.173	76.9	89	73.4	80.8	19.95	 .0715	0.000	699	1	100.0	30
03/12/20	1:30 a	73.4	73.4	73.1	88	69.6	0.0	---	0.00	0.0	---	73.4	75.7	75.7	73.7	29.756	0.00	0.00	0	0.00	0	0.0	0.00	0.0	0.000	0.175	76.7	90	73.5	80.5	20.45	 .0715	0.000	700	1	100.0	30
03/12/20	2:00 a	73.6	73.7	73.4	88	69.8	0.0	---	0.00	0.0	---	73.6	75.9	75.9	73.9	29.747	0.00	0.00	0	0.00	0	0.0	0.00	0.0	0.000	0.179	76.9	90	73.7	80.9	20.45	 .0715	0.000	699	1	100.0	30
03/12/20	2:30 a	73.4	73.6	73.3	88	69.6	0.0	---	0.00	0.0	---	73.4	75.7	75.7	73.7	29.746	0.00	0.00	0	0.00	0	0.0	0.00	0.0	0.000	0.175	76.6	90	73.4	80.4	20.45	 .0715	0.000	701	1	100.0	30
03/12/20	3:00 a	73.5	73.5	73.3	88	69.7	0.0	---	0.00	0.0	---	73.5	75.8	75.8	73.8	29.742	0.00	0.00	0	0.00	0	0.0	0.00	0.0	0.000	0.177	76.5	90	73.3	80.3	20.45	 .0715	0.000	700	1	100.0	30
03/12/20	3:30 a	73.5	73.7	73.4	88	69.7	0.0	---	0.00	0.0	---	73.5	75.8	75.8	73.8	29.737	0.00	0.00	0	0.00	0	0.0	0.00	0.0	0.000	0.177	76.4	91	73.6	80.2	20.98	 .0715	0.000	699	1	100.0	30
03/12/20	4:00 a	73.7	73.7	73.4	88	69.9	0.0	---	0.00	0.0	---	73.7	76.0	76.0	74.0	29.737	0.00	0.00	0	0.00	0	0.0	0.00	0.0	0.000	0.181	76.3	91	73.5	80.1	20.98	 .0715	0.000	703	1	100.0	30
03/12/20	4:30 a	73.5	73.7	73.3	88	69.7	0.0	---	0.00	0.0	---	73.5	75.8	75.8	73.8	29.734	0.00	0.00	0	0.00	0	0.0	0.00	0.0	0.000	0.177	76.1	91	73.3	79.8	20.97	 .0716	0.000	702	1	100.0	30
03/12/20	5:00 a	73.3	73.5	73.2	88	69.5	0.0	---	0.00	0.0	---	73.3	75.6	75.6	73.6	29.737	0.00	0.00	0	0.00	0	0.0	0.00	0.0	0.000	0.173	76.0	92	73.5	79.7	21.07	 .0716	0.000	700	1	100.0	30
03/12/20	5:30 a	73.2	73.4	73.1	88	69.4	0.0	---	0.00	0.0	---	73.2	75.5	75.5	73.5	29.742	0.00	0.00	0	0.00	0	0.0	0.00	0.0	0.000	0.171	75.8	92	73.3	79.5	21.07	 .0716	0.000	701	1	100.0	30
03/12/20	6:00 a	73.4	73.4	73.0	88	69.6	0.0	---	0.00	0.0	---	73.4	75.7	75.7	73.8	29.755	0.00	0.00	4	0.17	11	0.0	0.00	0.0	0.000	0.175	75.9	92	73.4	79.6	21.07	 .0716	0.000	702	1	100.0	30
03/12/20	6:30 a	73.9	73.9	73.4	88	70.1	0.0	---	0.00	0.0	---	73.9	76.2	76.2	76.1	29.766	0.00	0.00	19	0.82	26	0.0	0.00	0.0	0.000	0.185	76.2	93	74.0	80.1	21.17	 .0716	0.000	699	1	100.0	30
03/12/20	7:00 a	74.9	74.9	73.9	89	71.4	0.0	---	0.00	0.0	---	74.9	78.1	78.1	78.3	29.781	0.00	0.00	30	1.29	33	0.0	0.00	0.0	0.000	0.206	77.5	93	75.3	82.2	21.20	 .0714	0.001	698	1	100.0	30
03/12/20	7:30 a	75.8	75.8	75.0	89	72.3	0.0	---	0.00	0.0	---	75.8	79.2	79.2	79.6	29.792	0.00	0.00	37	1.59	40	0.0	0.00	0.0	0.000	0.225	79.6	92	77.1	86.4	21.14	 .0710	0.000	698	1	100.0	30
03/12/20	8:00 a	77.3	77.3	75.8	88	73.5	0.0	---	0.00	0.0	---	77.3	81.3	81.3	81.8	29.799	0.00	0.00	45	1.94	54	0.0	0.00	0.0	0.000	0.256	81.7	91	78.8	91.6	20.91	 .0706	0.001	697	1	100.0	30
03/12/20	8:30 a	81.4	81.4	77.3	82	75.4	0.0	---	0.00	0.0	---	81.4	88.0	88.0	94.5	29.806	0.00	0.00	274	11.78	512	2.7	0.58	3.8	0.000	0.342	83.9	86	79.3	96.2	18.12	 .0703	0.000	701	1	100.0	30
03/12/20	9:00 a	86.2	86.2	81.4	74	76.9	0.0	---	0.00	0.0	---	86.2	97.2	97.2	109.0	29.809	0.00	0.00	618	26.58	712	4.7	1.01	5.4	0.000	0.442	86.3	82	80.2	100.9	16.50	 .0699	0.011	701	1	100.0	30
03/12/20	9:30 a	85.8	86.5	83.9	77	77.8	0.0	---	0.00	0.0	---	85.8	97.2	97.2	106.2	29.807	0.00	0.00	432	18.58	729	5.1	1.09	7.2	0.000	0.433	86.2	81	79.7	100.0	16.10	 .0699	0.000	702	1	100.0	30
03/12/20	10:00 a	87.8	88.1	85.8	68	75.9	2.0	SSW	1.00	7.0	W	87.8	97.8	97.8	110.2	29.807	0.00	0.00	833	35.82	914	8.0	1.71	8.8	0.000	0.475	87.6	78	79.9	102.4	14.94	 .0698	0.017	700	1	100.0	30
03/12/20	10:30 a	87.6	87.8	87.2	70	76.6	2.0	S	1.00	6.0	S	87.6	98.4	98.4	109.6	29.805	0.00	0.00	945	40.64	977	9.5	2.04	10.2	0.000	0.471	88.5	77	80.4	104.8	14.64	 .0696	0.000	702	1	100.0	30
03/12/20	11:00 a	88.5	88.6	87.4	66	75.7	2.0	S	1.00	6.0	S	88.5	98.7	98.7	110.1	29.797	0.00	0.00	1002	43.09	1027	10.7	2.29	11.2	0.000	0.490	89.0	74	79.6	104.9	13.77	 .0696	0.026	701	1	100.0	30
03/12/20	11:30 a	88.8	89.0	87.5	61	73.6	3.0	SW	1.50	8.0	W	88.8	97.3	97.3	109.1	29.782	0.00	0.00	1041	44.77	1053	11.5	2.46	11.8	0.000	0.496	89.2	69	77.7	102.4	12.35	 .0697	0.000	703	1	100.0	30
03/12/20	12:00 p	89.1	89.6	88.0	66	76.3	2.0	S	1.00	7.0	SSE	89.1	100.5	100.5	113.1	29.767	0.00	0.00	1057	45.46	1062	11.9	2.55	11.9	0.000	0.502	89.7	70	78.6	104.7	12.55	 .0695	0.029	702	1	100.0	30
03/12/20	12:30 p	89.0	89.8	89.0	64	75.2	2.0	S	1.00	6.0	S	89.0	99.1	99.1	112.2	29.757	0.00	0.00	1048	45.07	1055	11.6	2.49	11.8	0.000	0.500	90.3	71	79.6	107.5	12.84	 .0693	0.000	700	1	100.0	30
03/12/20	1:00 p	88.6	89.8	88.0	67	76.2	2.0	SSE	1.00	8.0	NNE	88.6	99.5	99.5	113.5	29.744	0.00	0.00	1025	44.08	1046	10.9	2.34	11.3	0.000	0.492	90.6	71	79.9	108.5	12.84	 .0692	0.028	701	1	100.0	30
03/12/20	1:30 p	89.2	89.8	88.2	68	77.3	2.0	SE	1.00	9.0	SE	89.2	101.9	101.9	116.9	29.732	0.00	0.00	985	42.36	1013	9.6	2.06	10.2	0.000	0.504	90.6	70	79.5	107.7	12.54	 .0692	0.000	701	1	100.0	30
03/12/20	2:00 p	88.7	89.8	87.3	68	76.8	3.0	SE	1.50	9.0	SSE	88.7	100.3	100.3	115.8	29.732	0.00	0.00	895	38.49	990	7.7	1.65	9.1	0.000	0.494	91.2	72	80.9	111.5	13.10	 .0690	0.025	701	1	100.0	30
03/12/20	2:30 p	87.0	88.7	86.4	69	75.6	2.0	SE	1.00	9.0	ESE	87.0	97.1	97.1	108.8	29.724	0.00	0.00	536	23.05	956	4.8	1.03	7.5	0.000	0.458	90.8	70	79.7	108.4	12.53	 .0692	0.000	699	1	100.0	30
03/12/20	3:00 p	86.7	88.3	86.1	70	75.7	2.0	SSE	1.00	7.0	SSW	86.7	96.8	96.8	106.8	29.717	0.00	0.00	369	15.87	893	3.2	0.69	5.7	0.000	0.452	90.0	73	80.2	108.0	13.45	 .0692	0.014	701	1	100.0	30
03/12/20	3:30 p	87.5	87.9	85.8	68	75.6	2.0	SE	1.00	11.0	SE	87.5	97.4	97.4	112.7	29.714	0.00	0.00	521	22.41	812	2.5	0.54	3.1	0.000	0.469	89.4	72	79.2	105.0	13.16	 .0694	0.000	701	1	100.0	30
03/12/20	4:00 p	87.2	87.5	85.7	69	75.8	2.0	SE	1.00	8.0	S	87.2	97.4	97.4	109.1	29.711	0.00	0.00	335	14.41	550	1.7	0.36	2.2	0.000	0.462	88.0	75	79.1	101.4	14.13	 .0695	0.012	700	1	100.0	30
03/12/20	4:30 p	85.3	87.3	85.3	70	74.4	2.0	SE	1.00	6.0	SSE	85.3	93.6	93.6	97.3	29.721	0.00	0.00	248	10.67	399	0.9	0.19	1.4	0.000	0.423	87.1	77	79.0	100.8	14.72	 .0697	0.000	702	1	100.0	30
03/12/20	5:00 p	84.0	85.4	83.9	72	74.0	1.0	SSE	0.50	7.0	E	84.0	91.6	91.6	91.2	29.733	0.00	0.00	61	2.62	77	0.1	0.02	0.6	0.000	0.396	86.5	78	78.8	99.6	15.03	 .0698	0.005	702	1	100.0	30
03/12/20	5:30 p	82.5	84.4	82.5	77	74.6	0.0	ENE	0.00	4.0	SSE	82.5	89.4	89.4	88.4	29.736	0.00	0.00	32	1.38	54	0.0	0.00	0.0	0.000	0.365	85.6	78	77.9	97.1	15.10	 .0700	0.000	701	1	100.0	30
03/12/20	6:00 p	81.0	82.7	81.0	79	73.9	0.0	E	0.00	3.0	E	81.0	86.3	86.3	84.7	29.746	0.00	0.00	4	0.17	16	0.0	0.00	0.0	0.000	0.333	84.7	80	77.8	95.8	15.76	 .0701	0.001	699	1	100.0	30
03/12/20	6:30 p	80.2	81.0	80.1	82	74.2	0.0	E	0.00	1.0	E	80.2	85.4	85.4	83.8	29.757	0.00	0.00	0	0.00	0	0.0	0.00	0.0	0.000	0.317	83.9	81	77.4	94.5	16.19	 .0703	0.000	699	1	100.0	30
03/12/20	7:00 p	79.6	80.2	79.6	82	73.6	0.0	---	0.00	0.0	---	79.6	84.2	84.2	82.5	29.769	0.00	0.00	0	0.00	0	0.0	0.00	0.0	0.000	0.304	83.5	82	77.4	93.7	16.58	 .0704	0.001	698	1	100.0	30
03/12/20	7:30 p	79.1	79.7	79.0	84	73.8	0.0	---	0.00	0.0	---	79.1	83.7	83.7	82.0	29.782	0.00	0.00	0	0.00	0	0.0	0.00	0.0	0.000	0.294	82.9	84	77.6	92.5	17.33	 .0705	0.000	702	1	100.0	30
03/12/20	8:00 p	78.8	79.1	78.8	84	73.6	0.0	---	0.00	0.0	---	78.8	83.2	83.2	81.5	29.789	0.00	0.00	0	0.00	0	0.0	0.00	0.0	0.000	0.288	82.5	85	77.5	91.8	17.80	 .0706	0.001	699	1	100.0	30
03/12/20	8:30 p	77.9	78.9	77.9	84	72.7	0.0	---	0.00	0.0	---	77.9	81.8	81.8	80.0	29.804	0.00	0.00	0	0.00	0	0.0	0.00	0.0	0.000	0.269	82.0	85	77.0	90.4	17.83	 .0707	0.000	699	1	100.0	30
03/12/20	9:00 p	77.3	78.0	77.3	85	72.4	0.0	---	0.00	0.0	---	77.3	81.1	81.1	79.3	29.821	0.00	0.00	0	0.00	0	0.0	0.00	0.0	0.000	0.256	81.2	85	76.3	88.3	17.88	 .0709	0.001	697	1	100.0	30
03/12/20	9:30 p	76.8	77.3	76.8	85	71.9	0.0	---	0.00	0.0	---	76.8	80.3	80.3	78.5	29.832	0.00	0.00	0	0.00	0	0.0	0.00	0.0	0.000	0.246	80.5	86	75.9	87.0	18.32	 .0710	0.000	702	1	100.0	30
03/12/20	10:00 p	77.1	77.1	76.7	86	72.6	0.0	---	0.00	0.0	---	77.1	80.8	80.8	79.0	29.840	0.00	0.00	0	0.00	0	0.0	0.00	0.0	0.000	0.252	80.5	87	76.3	87.2	18.72	 .0710	0.001	701	1	100.0	30
03/12/20	10:30 p	77.3	77.4	77.1	86	72.8	0.0	---	0.00	0.0	---	77.3	81.1	81.1	79.3	29.846	0.00	0.00	0	0.00	0	0.0	0.00	0.0	0.000	0.256	80.6	88	76.7	87.7	19.29	 .0710	0.000	702	1	100.0	30
03/12/20	11:00 p	77.6	77.6	77.4	86	73.1	0.0	---	0.00	0.0	---	77.6	81.6	81.6	79.9	29.846	0.00	0.00	0	0.00	0	0.0	0.00	0.0	0.000	0.262	80.7	88	76.8	87.9	19.28	 .0710	0.001	698	1	100.0	30
03/12/20	11:30 p	78.6	78.7	77.4	82	72.6	1.0	NW	0.50	5.0	N	78.6	82.6	82.6	80.8	29.838	0.00	0.00	0	0.00	0	0.0	0.00	0.0	0.000	0.283	80.7	87	76.5	87.7	18.71	 .0710	0.000	701	1	100.0	30
03/13/20	12:00 a	77.9	78.7	77.9	82	72.0	0.0	NW	0.00	2.0	NW	77.9	81.5	81.5	79.7	29.830	0.00	0.00	0	0.00	0	0.0	0.00	0.0	0.000	0.269	80.7	86	76.1	87.4	18.31	 .0710	0.001	699	1	100.0	30
03/13/20	12:30 a	77.6	78.0	77.5	84	72.4	0.0	---	0.00	0.0	---	77.6	81.4	81.4	79.6	29.822	0.00	0.00	0	0.00	0	0.0	0.00	0.0	0.000	0.262	80.4	87	76.2	87.0	18.73	 .0710	0.000	700	1	100.0	30
03/13/20	1:00 a	77.0	77.6	77.0	84	71.8	0.0	---	0.00	0.0	---	77.0	80.5	80.5	78.7	29.809	0.00	0.00	0	0.00	0	0.0	0.00	0.0	0.000	0.250	80.1	87	75.9	86.3	18.74	 .0710	0.001	697	1	100.0	30
03/13/20	1:30 a	76.6	77.1	76.6	85	71.7	0.0	---	0.00	0.0	---	76.6	80.0	80.0	78.2	29.803	0.00	0.00	0	0.00	0	0.0	0.00	0.0	0.000	0.242	79.7	88	75.8	85.7	19.36	 .0711	0.000	700	1	100.0	30
03/13/20	2:00 a	76.6	76.7	76.5	86	72.1	0.0	---	0.00	0.0	---	76.6	80.1	80.1	78.3	29.800	0.00	0.00	0	0.00	0	0.0	0.00	0.0	0.000	0.242	79.4	89	75.9	85.3	19.95	 .0711	0.001	700	1	100.0	30
03/13/20	2:30 a	76.2	76.6	76.2	86	71.7	0.0	---	0.00	0.0	---	76.2	79.5	79.5	77.7	29.798	0.00	0.00	0	0.00	0	0.0	0.00	0.0	0.000	0.233	79.1	89	75.6	84.7	19.95	 .0712	0.000	701	1	100.0	30
03/13/20	3:00 a	75.7	76.3	75.7	87	71.6	0.0	---	0.00	0.0	---	75.7	79.0	79.0	77.2	29.795	0.00	0.00	0	0.00	0	0.0	0.00	0.0	0.000	0.223	78.6	90	75.4	83.9	20.45	 .0712	0.001	703	1	100.0	30
03/13/20	3:30 a	75.2	75.7	75.1	87	71.1	0.0	---	0.00	0.0	---	75.2	78.4	78.4	76.6	29.796	0.00	0.00	0	0.00	0	0.0	0.00	0.0	0.000	0.212	78.1	90	74.9	83.0	20.45	 .0713	0.000	702	1	100.0	30
03/13/20	4:00 a	75.0	75.2	74.8	87	70.9	0.0	---	0.00	0.0	---	75.0	78.2	78.2	76.3	29.798	0.00	0.00	0	0.00	0	0.0	0.00	0.0	0.000	0.208	77.7	90	74.5	82.3	20.45	 .0714	0.001	701	1	100.0	30
03/13/20	4:30 a	74.6	75.0	74.5	87	70.5	0.0	---	0.00	0.0	---	74.6	77.4	77.4	75.5	29.798	0.00	0.00	0	0.00	0	0.0	0.00	0.0	0.000	0.200	77.5	90	74.3	81.9	20.45	 .0715	0.000	699	1	100.0	30
03/13/20	5:00 a	74.4	74.6	74.3	87	70.3	0.0	---	0.00	0.0	---	74.4	77.0	77.0	75.1	29.806	0.00	0.00	0	0.00	0	0.0	0.00	0.0	0.000	0.196	77.1	91	74.3	81.3	20.99	 .0715	0.001	702	1	100.0	30
03/13/20	5:30 a	74.2	74.5	74.1	88	70.4	0.0	---	0.00	0.0	---	74.2	76.7	76.7	74.8	29.821	0.00	0.00	0	0.00	0	0.0	0.00	0.0	0.000	0.192	76.9	91	74.1	80.9	20.99	 .0716	0.000	701	1	100.0	30
03/13/20	6:00 a	74.1	74.2	74.0	88	70.3	0.0	---	0.00	0.0	---	74.1	76.5	76.5	74.7	29.832	0.00	0.00	4	0.17	12	0.0	0.00	0.0	0.000	0.190	76.8	91	74.0	80.8	20.99	 .0717	0.000	702	1	100.0	30
03/13/20	6:30 a	74.7	74.7	74.0	88	70.9	0.0	---	0.00	0.0	---	74.7	77.7	77.7	77.6	29.838	0.00	0.00	20	0.86	26	0.0	0.00	0.0	0.000	0.202	77.2	92	74.7	81.6	21.09	 .0716	0.000	700	1	100.0	30
03/13/20	7:00 a	75.9	76.0	74.7	88	72.1	0.0	---	0.00	0.0	---	75.9	79.3	79.3	79.6	29.849	0.00	0.00	31	1.33	35	0.0	0.00	0.0	0.000	0.227	78.5	92	76.0	84.1	21.12	 .0713	0.001	701	1	100.0	30
03/13/20	7:30 a	77.3	77.3	76.0	88	73.5	0.0	---	0.00	0.0	---	77.3	81.3	81.3	81.8	29.862	0.00	0.00	39	1.68	42	0.0	0.00	0.0	0.000	0.256	80.6	91	77.7	88.5	21.00	 .0710	0.000	698	1	100.0	30
03/13/20	8:00 a	79.3	79.3	77.2	87	75.1	0.0	---	0.00	0.0	---	79.3	84.7	84.7	85.3	29.870	0.00	0.00	48	2.06	60	0.1	0.02	1.6	0.000	0.298	82.7	89	79.1	93.6	19.68	 .0706	0.001	700	1	100.0	30
03/13/20	8:30 a	83.2	83.2	79.2	81	76.8	0.0	---	0.00	0.0	---	83.2	92.5	92.5	97.7	29.877	0.00	0.00	218	9.38	513	2.9	0.62	3.9	0.000	0.379	84.9	83	79.2	97.4	16.85	 .0703	0.000	700	1	100.0	30
03/13/20	9:00 a	86.2	86.2	83.1	69	74.8	1.0	ESE	0.50	5.0	ENE	86.2	95.4	95.4	106.5	29.886	0.00	0.00	563	24.21	594	4.7	1.01	5.4	0.000	0.442	86.5	80	79.6	100.4	15.69	 .0701	0.010	700	1	100.0	30
03/13/20	9:30 a	87.3	87.4	86.3	66	74.5	2.0	SSE	1.00	7.0	ESE	87.3	96.4	96.4	107.9	29.887	0.00	0.00	623	26.79	687	6.3	1.35	7.1	0.000	0.465	87.8	77	79.7	102.2	14.68	 .0699	0.000	701	1	100.0	30
03/13/20	10:00 a	88.7	88.8	87.2	64	75.0	2.0	SE	1.00	6.0	E	88.7	98.3	98.3	110.8	29.885	0.00	0.00	783	33.67	881	8.0	1.71	8.8	0.000	0.494	88.6	73	78.8	102.7	13.48	 .0699	0.019	701	1	100.0	30
03/13/20	10:30 a	88.8	89.0	87.3	66	76.0	2.0	SE	1.00	8.0	S	88.8	99.6	99.6	110.6	29.880	0.00	0.00	937	40.30	974	9.5	2.04	10.2	0.000	0.496	89.4	72	79.2	105.0	13.16	 .0698	0.000	699	1	100.0	30
03/13/20	11:00 a	89.4	89.9	88.3	65	76.1	2.0	SE	1.00	7.0	SSW	89.4	100.9	100.9	112.3	29.866	0.00	0.00	1000	43.01	1028	10.7	2.29	11.1	0.000	0.508	90.0	72	79.8	107.2	13.15	 .0696	0.027	700	1	100.0	30
03/13/20	11:30 a	89.5	89.6	88.5	66	76.6	3.0	SSE	1.50	7.0	ESE	89.5	101.8	101.8	113.7	29.855	0.00	0.00	1039	44.68	1053	11.4	2.44	11.7	0.000	0.510	90.6	70	79.5	107.7	12.54	 .0695	0.000	700	1	100.0	30
03/13/20	12:00 p	88.4	89.9	88.0	65	75.1	3.0	SE	1.50	9.0	ESE	88.4	97.9	97.9	110.3	29.848	0.00	0.00	1053	45.28	1056	11.7	2.51	11.8	0.000	0.488	91.1	70	79.9	109.3	12.53	 .0694	0.029	693	1	100.0	30
03/13/20	12:30 p	88.8	89.4	87.9	63	74.6	3.0	SE	1.50	10.0	SE	88.8	98.2	98.2	111.2	29.835	0.00	0.00	1046	44.98	1056	11.4	2.44	11.6	0.000	0.496	91.3	68	79.3	108.6	12.05	 .0694	0.000	699	1	100.0	30
03/13/20	1:00 p	89.0	90.3	88.7	66	76.2	2.0	SE	1.00	9.0	S	89.0	100.1	100.1	113.8	29.823	0.00	0.00	1011	43.48	1032	10.7	2.29	11.1	0.000	0.500	91.6	68	79.5	109.5	12.05	 .0693	0.028	702	1	100.0	30
03/13/20	1:30 p	88.6	90.2	88.1	67	76.2	3.0	SE	1.50	10.0	SE	88.6	99.5	99.5	113.9	29.811	0.00	0.00	956	41.11	983	9.5	2.04	10.2	0.000	0.492	91.4	67	78.9	108.2	11.85	 .0694	0.000	699	1	100.0	30
03/13/20	2:00 p	88.9	90.0	88.6	67	76.5	2.0	SE	1.00	9.0	ESE	88.9	100.4	100.4	115.7	29.793	0.00	0.00	888	38.19	926	8.0	1.71	8.8	0.000	0.498	91.4	68	79.3	108.9	12.05	 .0693	0.026	700	1	100.0	30
03/13/20	2:30 p	88.5	89.6	88.2	64	74.8	2.0	SE	1.00	8.0	SSE	88.5	97.8	97.8	113.9	29.782	0.00	0.00	805	34.62	846	6.4	1.37	7.2	0.000	0.490	90.8	68	78.8	107.0	12.05	 .0694	0.000	700	1	100.0	30
03/13/20	3:00 p	86.6	88.6	86.6	67	74.3	2.0	SE	1.00	8.0	E	86.6	95.5	95.5	109.7	29.778	0.00	0.00	603	25.93	817	4.3	0.92	5.6	0.000	0.450	89.7	68	77.7	103.6	12.06	 .0696	0.019	699	1	100.0	30
03/13/20	3:30 p	87.4	87.6	86.0	68	75.5	2.0	SE	1.00	6.0	SSE	87.4	97.3	97.3	107.9	29.778	0.00	0.00	380	16.34	680	2.6	0.56	4.0	0.000	0.467	88.9	71	78.3	102.6	12.85	 .0696	0.000	701	1	100.0	30
03/13/20	4:00 p	86.7	87.4	85.9	68	74.9	2.0	SE	1.00	7.0	SE	86.7	96.1	96.1	105.1	29.777	0.00	0.00	271	11.65	552	1.5	0.32	1.8	0.000	0.452	88.5	72	78.3	101.8	13.18	 .0697	0.010	701	1	100.0	30
03/13/20	4:30 p	85.1	87.7	85.1	71	74.6	1.0	SE	0.50	5.0	SSE	85.1	93.5	93.5	102.2	29.791	0.00	0.00	221	9.50	445	0.8	0.17	1.2	0.000	0.419	87.7	73	78.0	99.9	13.50	 .0699	0.000	700	1	100.0	30
03/13/20	5:00 p	83.5	85.1	83.5	75	74.7	0.0	SE	0.00	4.0	ESE	83.5	91.4	91.4	90.9	29.783	0.00	0.00	54	2.32	72	0.1	0.02	0.5	0.000	0.385	86.7	75	77.8	98.8	14.18	 .0700	0.004	702	1	100.0	30
03/13/20	5:30 p	82.0	83.6	81.9	77	74.1	0.0	E	0.00	3.0	E	82.0	88.1	88.1	87.0	29.795	0.00	0.00	26	1.12	35	0.0	0.00	0.0	0.000	0.354	85.8	77	77.8	97.2	14.80	 .0701	0.000	701	1	100.0	30
03/13/20	6:00 p	80.1	82.0	80.1	81	73.7	0.0	E	0.00	1.0	E	80.1	84.9	84.9	83.3	29.803	0.00	0.00	4	0.17	14	0.0	0.00	0.0	0.000	0.315	84.6	79	77.4	95.3	15.46	 .0703	0.001	701	1	100.0	30
03/13/20	6:30 p	79.3	80.2	79.2	83	73.7	0.0	---	0.00	0.0	---	79.3	83.9	83.9	82.2	29.812	0.00	0.00	0	0.00	0	0.0	0.00	0.0	0.000	0.298	83.6	81	77.1	93.7	16.21	 .0705	0.000	702	1	100.0	30
03/13/20	7:00 p	79.1	79.3	79.1	83	73.5	0.0	---	0.00	0.0	---	79.1	83.5	83.5	81.8	29.820	0.00	0.00	0	0.00	0	0.0	0.00	0.0	0.000	0.294	83.2	82	77.1	92.8	16.59	 .0706	0.001	702	1	100.0	30
03/13/20	7:30 p	79.2	79.3	79.1	83	73.6	0.0	---	0.00	0.0	---	79.2	83.7	83.7	82.0	29.835	0.00	0.00	0	0.00	0	0.0	0.00	0.0	0.000	0.296	83.0	83	77.3	92.5	16.93	 .0706	0.000	701	1	100.0	30
03/13/20	8:00 p	78.7	79.2	78.7	84	73.5	0.0	---	0.00	0.0	---	78.7	83.1	83.1	81.4	29.850	0.00	0.00	0	0.00	0	0.0	0.00	0.0	0.000	0.285	82.5	84	77.2	91.5	17.35	 .0707	0.001	700	1	100.0	30
03/13/20	8:30 p	78.1	78.7	78.0	85	73.2	0.0	---	0.00	0.0	---	78.1	82.3	82.3	80.6	29.864	0.00	0.00	0	0.00	0	0.0	0.00	0.0	0.000	0.273	81.9	85	76.9	90.1	17.84	 .0709	0.000	703	1	100.0	30
03/13/20	9:00 p	77.5	78.0	77.4	85	72.6	0.0	---	0.00	0.0	---	77.5	81.3	81.3	79.5	29.874	0.00	0.00	0	0.00	0	0.0	0.00	0.0	0.000	0.260	81.2	86	76.6	88.6	18.28	 .0710	0.001	702	1	100.0	30
03/13/20	9:30 p	77.1	77.5	77.0	86	72.6	0.0	---	0.00	0.0	---	77.1	80.8	80.8	79.0	29.878	0.00	0.00	0	0.00	0	0.0	0.00	0.0	0.000	0.252	80.8	87	76.6	87.9	18.70	 .0711	0.000	701	1	100.0	30
03/13/20	10:00 p	76.7	77.1	76.7	86	72.2	0.0	---	0.00	0.0	---	76.7	80.3	80.3	78.5	29.875	0.00	0.00	0	0.00	0	0.0	0.00	0.0	0.000	0.244	80.3	87	76.1	86.8	18.73	 .0712	0.001	698	1	100.0	30
03/13/20	10:30 p	76.4	76.8	76.4	87	72.2	0.0	---	0.00	0.0	---	76.4	79.9	79.9	78.1	29.873	0.00	0.00	0	0.00	0	0.0	0.00	0.0	0.000	0.238	79.9	88	76.0	86.1	19.35	 .0712	0.000	700	1	100.0	30
03/13/20	11:00 p	76.2	76.4	76.1	87	72.0	0.0	---	0.00	0.0	---	76.2	79.6	79.6	77.8	29.870	0.00	0.00	0	0.00	0	0.0	0.00	0.0	0.000	0.233	79.5	89	76.0	85.5	19.95	 .0713	0.001	700	1	100.0	30
03/13/20	11:30 p	76.1	76.2	76.1	87	71.9	0.0	---	0.00	0.0	---	76.1	79.5	79.5	77.7	29.864	0.00	0.00	0	0.00	0	0.0	0.00	0.0	0.000	0.231	79.3	89	75.8	85.1	19.95	 .0713	0.000	696	1	100.0	30
03/14/20	12:00 a	76.1	76.1	76.0	87	71.9	0.0	---	0.00	0.0	---	76.1	79.5	79.5	77.7	29.857	0.00	0.00	0	0.00	0	0.0	0.00	0.0	0.000	0.231	79.1	90	75.9	84.9	20.45	 .0713	0.001	703	1	100.0	30
03/14/20	12:30 a	76.4	76.4	76.0	88	72.6	0.0	---	0.00	0.0	---	76.4	80.0	80.0	78.2	29.849	0.00	0.00	0	0.00	0	0.0	0.00	0.0	0.000	0.238	79.1	90	75.9	84.9	20.45	 .0713	0.000	697	1	100.0	30
03/14/20	1:00 a	76.7	76.7	76.3	88	72.9	0.0	---	0.00	0.0	---	76.7	80.4	80.4	78.6	29.845	0.00	0.00	0	0.00	0	0.0	0.00	0.0	0.000	0.244	79.4	90	76.2	85.5	20.45	 .0712	0.000	701	1	100.0	30
03/14/20	1:30 a	76.8	76.9	76.6	88	73.0	0.0	---	0.00	0.0	---	76.8	80.5	80.5	78.7	29.835	0.00	0.00	0	0.00	0	0.0	0.00	0.0	0.000	0.246	79.4	91	76.5	85.8	21.04	 .0711	0.000	702	1	100.0	30
03/14/20	2:00 a	77.0	77.0	76.8	88	73.2	0.0	---	0.00	0.0	---	77.0	80.8	80.8	79.1	29.832	0.00	0.00	0	0.00	0	0.0	0.00	0.0	0.000	0.250	79.5	91	76.6	86.0	21.04	 .0711	0.000	701	1	100.0	30
03/14/20	2:30 a	77.2	77.3	76.9	88	73.4	0.0	---	0.00	0.0	---	77.2	81.2	81.2	79.5	29.834	0.00	0.00	0	0.00	0	0.0	0.00	0.0	0.000	0.254	79.6	92	77.1	86.4	21.14	 .0711	0.000	699	1	100.0	30
03/14/20	3:00 a	77.3	77.4	77.1	88	73.5	0.0	---	0.00	0.0	---	77.3	81.3	81.3	79.6	29.837	0.00	0.00	0	0.00	0	0.0	0.00	0.0	0.000	0.256	79.6	92	77.1	86.4	21.14	 .0711	0.000	699	1	100.0	30
03/14/20	3:30 a	77.4	77.5	77.3	88	73.6	0.0	---	0.00	0.0	---	77.4	81.5	81.5	79.8	29.842	0.00	0.00	0	0.00	0	0.0	0.00	0.0	0.000	0.258	79.7	92	77.2	86.7	21.14	 .0711	0.000	700	1	100.0	30
03/14/20	4:00 a	77.6	77.6	77.4	88	73.8	0.0	---	0.00	0.0	---	77.6	81.8	81.8	80.1	29.845	0.00	0.00	0	0.00	0	0.0	0.00	0.0	0.000	0.262	79.7	92	77.2	86.7	21.14	 .0711	0.000	702	1	100.0	30
03/14/20	4:30 a	77.4	77.6	77.3	88	73.6	0.0	---	0.00	0.0	---	77.4	81.5	81.5	79.8	29.852	0.00	0.00	0	0.00	0	0.0	0.00	0.0	0.000	0.258	79.5	93	77.3	86.5	21.24	 .0711	0.000	700	1	100.0	30
03/14/20	5:00 a	77.1	77.4	77.0	88	73.3	0.0	---	0.00	0.0	---	77.1	81.0	81.0	79.3	29.855	0.00	0.00	0	0.00	0	0.0	0.00	0.0	0.000	0.252	79.4	92	76.9	86.0	21.14	 .0712	0.000	702	1	100.0	30
03/14/20	5:30 a	76.6	77.1	76.5	88	72.8	0.0	---	0.00	0.0	---	76.6	80.3	80.3	78.5	29.864	0.00	0.00	0	0.00	0	0.0	0.00	0.0	0.000	0.242	78.9	93	76.7	85.1	21.23	 .0713	0.000	699	1	100.0	30
03/14/20	6:00 a	76.4	76.6	76.3	88	72.6	0.0	---	0.00	0.0	---	76.4	80.0	80.0	78.3	29.869	0.00	0.00	5	0.22	14	0.0	0.00	0.0	0.000	0.238	78.6	93	76.4	84.5	21.22	 .0713	0.000	701	1	100.0	30
03/14/20	6:30 a	76.6	76.7	76.4	88	72.8	0.0	---	0.00	0.0	---	76.6	80.3	80.3	80.3	29.880	0.00	0.00	20	0.86	30	0.0	0.00	0.0	0.000	0.242	78.9	93	76.7	85.1	21.23	 .0713	0.000	701	1	100.0	30
03/14/20	7:00 a	77.4	77.4	76.6	88	73.6	0.0	---	0.00	0.0	---	77.4	81.5	81.5	82.1	29.891	0.00	0.00	36	1.55	40	0.0	0.00	0.0	0.000	0.258	80.1	93	77.9	87.8	21.25	 .0711	0.001	700	1	100.0	30
03/14/20	7:30 a	78.5	78.5	77.4	88	74.6	0.0	---	0.00	0.0	---	78.5	83.4	83.4	84.3	29.906	0.00	0.00	50	2.15	83	0.2	0.04	1.0	0.000	0.281	82.1	92	79.5	93.1	21.19	 .0707	0.000	701	1	100.0	30
03/14/20	8:00 a	80.0	80.0	78.5	88	76.1	0.0	---	0.00	0.0	---	80.0	86.3	86.3	88.1	29.922	0.00	0.00	85	3.66	111	1.3	0.28	1.5	0.000	0.313	83.1	88	79.2	94.4	19.04	 .0707	0.002	701	1	100.0	30
03/14/20	8:30 a	81.5	81.5	79.9	86	76.9	0.0	---	0.00	0.0	---	81.5	89.4	89.4	92.1	29.924	0.00	0.00	124	5.33	230	1.6	0.34	2.4	0.000	0.344	83.8	87	79.5	96.2	18.52	 .0706	0.000	699	1	100.0	30
03/14/20	9:00 a	86.4	86.4	81.2	75	77.5	1.0	WSW	0.50	6.0	SW	86.4	98.0	98.0	108.6	29.922	0.00	0.00	511	21.98	619	4.3	0.92	5.5	0.000	0.446	85.8	83	80.0	99.7	16.82	 .0702	0.008	701	1	100.0	30
03/14/20	9:30 a	87.9	88.0	86.4	69	76.5	1.0	S	0.50	7.0	SSW	87.9	98.4	98.4	110.0	29.928	0.00	0.00	618	26.58	671	6.4	1.37	7.2	0.000	0.477	87.0	79	79.7	101.6	15.33	 .0701	0.000	701	1	100.0	30
03/14/20	10:00 a	88.7	89.3	87.8	65	75.4	2.0	SSW	1.00	7.0	SW	88.7	98.8	98.8	111.3	29.922	0.00	0.00	757	32.56	840	8.0	1.71	8.7	0.000	0.494	88.0	74	78.7	100.9	13.79	 .0701	0.019	701	1	100.0	30
03/14/20	10:30 a	90.0	90.4	88.3	63	75.7	2.0	SW	1.00	7.0	WSW	90.0	101.6	101.6	112.9	29.920	0.00	0.00	922	39.65	965	9.6	2.06	10.3	0.000	0.521	89.1	73	79.3	104.6	13.47	 .0699	0.000	701	1	100.0	30
03/14/20	11:00 a	89.5	90.1	88.5	65	76.2	2.0	SW	1.00	8.0	SSW	89.5	101.2	101.2	112.5	29.909	0.00	0.00	992	42.66	1016	10.8	2.31	11.3	0.000	0.510	89.7	71	79.0	105.4	12.85	 .0698	0.026	701	1	100.0	30
03/14/20	11:30 a	90.3	90.6	88.7	61	75.0	2.0	SSW	1.00	8.0	W	90.3	101.2	101.2	112.8	29.897	0.00	0.00	1030	44.30	1042	11.6	2.49	11.9	0.000	0.527	90.0	70	78.9	105.8	12.55	 .0697	0.000	702	1	100.0	30
03/14/20	12:00 p	90.1	90.5	89.3	64	76.3	2.0	SSW	1.00	7.0	SSW	90.1	102.5	102.5	114.8	29.888	0.00	0.00	1044	44.90	1051	11.9	2.55	12.0	0.000	0.523	90.3	70	79.2	106.8	12.54	 .0697	0.029	701	1	100.0	30
03/14/20	12:30 p	90.6	90.6	89.8	66	77.7	2.0	SSW	1.00	8.0	WSW	90.6	105.1	105.1	118.2	29.870	0.00	0.00	1040	44.73	1062	11.7	2.51	11.9	0.000	0.533	90.5	69	78.9	106.8	12.34	 .0696	0.000	695	1	100.0	30
03/14/20	1:00 p	89.5	91.3	88.9	67	77.1	2.0	SW	1.00	9.0	SSW	89.5	102.3	102.3	116.3	29.859	0.00	0.00	1024	44.04	1148	11.0	2.36	11.9	0.000	0.510	90.6	71	79.9	108.5	12.84	 .0695	0.028	702	1	100.0	30
03/14/20	1:30 p	88.6	89.9	88.6	68	76.7	2.0	SSW	1.00	7.0	WNW	88.6	100.0	100.0	114.7	29.846	0.00	0.00	977	42.02	1002	9.7	2.08	10.5	0.000	0.492	90.4	71	79.7	107.9	12.84	 .0695	0.000	701	1	100.0	30
03/14/20	2:00 p	88.9	90.1	88.3	65	75.6	3.0	SSW	1.50	10.0	SSE	88.9	99.3	99.3	114.6	29.839	0.00	0.00	892	38.36	977	8.1	1.74	9.1	0.000	0.498	89.9	70	78.8	105.5	12.55	 .0696	0.025	699	1	100.0	30
03/14/20	2:30 p	88.5	89.5	88.1	67	76.1	3.0	SSW	1.50	8.0	S	88.5	99.2	99.2	115.3	29.827	0.00	0.00	803	34.53	870	6.5	1.39	7.4	0.000	0.490	89.5	70	78.4	104.1	12.55	 .0697	0.000	701	1	100.0	30
03/14/20	3:00 p	88.4	89.2	87.4	67	76.0	2.0	S	1.00	7.0	WSW	88.4	98.9	98.9	115.7	29.820	0.00	0.00	699	30.06	784	4.6	0.99	5.6	0.000	0.488	88.8	71	78.2	102.2	12.85	 .0698	0.021	703	1	100.0	30
03/14/20	3:30 p	86.8	88.4	86.5	71	76.3	2.0	S	1.00	6.0	S	86.8	97.5	97.5	113.0	29.815	0.00	0.00	530	22.79	640	3.0	0.64	3.9	0.000	0.454	88.2	73	78.4	101.2	13.49	 .0698	0.000	701	1	100.0	30
03/14/20	4:00 p	86.3	87.7	86.1	71	75.8	2.0	S	1.00	6.0	E	86.3	96.3	96.3	111.1	29.814	0.00	0.00	417	17.93	534	1.8	0.39	2.5	0.000	0.444	87.7	74	78.4	100.4	13.80	 .0699	0.013	702	1	100.0	30
03/14/20	4:30 p	85.5	86.9	85.4	71	75.0	2.0	SSW	1.00	7.0	SE	85.5	94.4	94.4	101.8	29.814	0.00	0.00	192	8.26	494	0.8	0.17	1.3	0.000	0.427	87.4	75	78.5	100.3	14.15	 .0699	0.000	700	1	100.0	30
03/14/20	5:00 p	85.0	85.6	85.0	73	75.4	1.0	SSE	0.50	6.0	ESE	85.0	93.9	93.9	94.6	29.816	0.00	0.00	105	4.52	141	0.1	0.02	0.6	0.000	0.417	87.2	76	78.7	100.5	14.42	 .0699	0.005	701	1	100.0	30
03/14/20	5:30 p	83.8	85.0	83.8	77	75.8	0.0	S	0.00	3.0	SSE	83.8	92.9	92.9	92.1	29.823	0.00	0.00	38	1.63	90	0.0	0.00	0.0	0.000	0.392	86.6	78	78.9	99.9	15.02	 .0700	0.000	702	1	100.0	30
03/14/20	6:00 p	82.1	83.7	82.1	80	75.3	0.0	ENE	0.00	2.0	S	82.1	89.2	89.2	87.7	29.827	0.00	0.00	4	0.17	16	0.0	0.00	0.0	0.000	0.356	85.8	79	78.5	98.0	15.40	 .0701	0.001	699	1	100.0	30
03/14/20	6:30 p	81.6	82.1	81.5	82	75.6	0.0	ENE	0.00	1.0	ENE	81.6	88.5	88.5	86.9	29.842	0.00	0.00	0	0.00	0	0.0	0.00	0.0	0.000	0.346	85.0	82	78.9	97.2	16.55	 .0703	0.000	700	1	100.0	30
03/14/20	7:00 p	81.0	81.6	81.0	83	75.3	0.0	---	0.00	0.0	---	81.0	87.3	87.3	85.7	29.848	0.00	0.00	0	0.00	0	0.0	0.00	0.0	0.000	0.333	84.5	83	78.8	96.5	16.87	 .0703	0.001	696	1	100.0	30
03/14/20	7:30 p	80.4	81.0	80.4	83	74.8	0.0	---	0.00	0.0	---	80.4	86.0	86.0	84.4	29.856	0.00	0.00	0	0.00	0	0.0	0.00	0.0	0.000	0.321	84.0	84	78.6	95.8	17.29	 .0704	0.000	702	1	100.0	30
03/14/20	8:00 p	80.0	80.5	79.9	84	74.7	0.0	---	0.00	0.0	---	80.0	85.4	85.4	83.8	29.866	0.00	0.00	0	0.00	0	0.0	0.00	0.0	0.000	0.313	83.5	85	78.5	94.6	17.74	 .0705	0.001	699	1	100.0	30
03/14/20	8:30 p	79.5	80.0	79.5	84	74.2	0.0	---	0.00	0.0	---	79.5	84.4	84.4	82.8	29.878	0.00	0.00	0	0.00	0	0.0	0.00	0.0	0.000	0.302	83.1	85	78.1	93.4	17.76	 .0706	0.000	699	1	100.0	30
03/14/20	9:00 p	79.1	79.6	79.0	84	73.8	0.0	---	0.00	0.0	---	79.1	83.7	83.7	82.0	29.882	0.00	0.00	0	0.00	0	0.0	0.00	0.0	0.000	0.294	82.6	86	78.0	92.4	18.19	 .0707	0.001	701	1	100.0	30
03/14/20	9:30 p	77.9	79.0	77.9	85	73.0	0.0	---	0.00	0.0	---	77.9	81.9	81.9	80.2	29.887	0.00	0.00	0	0.00	0	0.0	0.00	0.0	0.000	0.269	81.6	87	77.4	90.0	18.65	 .0709	0.000	702	1	100.0	30
03/14/20	10:00 p	77.5	78.0	77.5	86	73.0	0.0	---	0.00	0.0	---	77.5	81.5	81.5	79.7	29.887	0.00	0.00	0	0.00	0	0.0	0.00	0.0	0.000	0.260	81.2	87	77.0	88.9	18.68	 .0710	0.001	701	1	100.0	30
03/14/20	10:30 p	77.2	77.5	77.2	86	72.7	0.0	---	0.00	0.0	---	77.2	81.0	81.0	79.2	29.883	0.00	0.00	0	0.00	0	0.0	0.00	0.0	0.000	0.254	80.8	87	76.6	87.9	18.70	 .0711	0.000	699	1	100.0	30
03/14/20	11:00 p	76.8	77.2	76.8	86	72.3	0.0	---	0.00	0.0	---	76.8	80.4	80.4	78.6	29.875	0.00	0.00	0	0.00	0	0.0	0.00	0.0	0.000	0.246	80.4	88	76.5	87.2	19.31	 .0711	0.001	702	1	100.0	30
03/14/20	11:30 p	76.5	76.8	76.5	87	72.3	0.0	---	0.00	0.0	---	76.5	80.0	80.0	78.2	29.871	0.00	0.00	0	0.00	0	0.0	0.00	0.0	0.000	0.240	80.0	88	76.1	86.3	19.35	 .0712	0.000	701	1	100.0	30
03/15/20	12:00 a	76.3	76.6	76.3	87	72.1	0.0	---	0.00	0.0	---	76.3	79.8	79.8	78.0	29.863	0.00	0.00	0	0.00	0	0.0	0.00	0.0	0.000	0.235	79.9	89	76.4	86.4	19.95	 .0712	0.001	700	1	100.0	30
03/15/20	12:30 a	76.3	76.4	76.1	87	72.1	0.0	---	0.00	0.0	---	76.3	79.8	79.8	78.0	29.859	0.00	0.00	0	0.00	0	0.0	0.00	0.0	0.000	0.235	79.5	89	76.0	85.5	19.95	 .0712	0.000	699	1	100.0	30
03/15/20	1:00 a	76.1	76.4	76.1	87	71.9	0.0	---	0.00	0.0	---	76.1	79.5	79.5	77.7	29.852	0.00	0.00	0	0.00	0	0.0	0.00	0.0	0.000	0.231	79.4	89	75.9	85.3	19.95	 .0712	0.001	701	1	100.0	30
03/15/20	1:30 a	75.5	76.1	75.5	87	71.4	0.0	---	0.00	0.0	---	75.5	78.7	78.7	76.9	29.843	0.00	0.00	0	0.00	0	0.0	0.00	0.0	0.000	0.219	78.9	89	75.4	84.3	19.95	 .0713	0.000	698	1	100.0	30
03/15/20	2:00 a	75.1	75.5	75.0	87	71.0	0.0	---	0.00	0.0	---	75.1	78.3	78.3	76.4	29.833	0.00	0.00	0	0.00	0	0.0	0.00	0.0	0.000	0.210	78.3	90	75.1	83.4	20.45	 .0714	0.001	702	1	100.0	30
03/15/20	2:30 a	74.5	75.1	74.5	87	70.4	0.0	---	0.00	0.0	---	74.5	77.2	77.2	75.3	29.828	0.00	0.00	0	0.00	0	0.0	0.00	0.0	0.000	0.198	77.8	90	74.6	82.4	20.45	 .0715	0.000	701	1	100.0	30
03/15/20	3:00 a	74.2	74.6	74.2	88	70.4	0.0	---	0.00	0.0	---	74.2	76.7	76.7	74.8	29.825	0.00	0.00	0	0.00	0	0.0	0.00	0.0	0.000	0.192	77.4	90	74.2	81.7	20.45	 .0716	0.001	698	1	100.0	30
03/15/20	3:30 a	73.9	74.2	73.9	88	70.1	0.0	---	0.00	0.0	---	73.9	76.2	76.2	74.3	29.827	0.00	0.00	0	0.00	0	0.0	0.00	0.0	0.000	0.185	77.1	90	73.9	81.2	20.45	 .0716	0.000	700	1	100.0	30
03/15/20	4:00 a	73.7	73.9	73.6	88	69.9	0.0	---	0.00	0.0	---	73.7	76.0	76.0	74.0	29.827	0.00	0.00	0	0.00	0	0.0	0.00	0.0	0.000	0.181	76.8	90	73.6	80.7	20.45	 .0717	0.000	703	1	100.0	30
03/15/20	4:30 a	73.7	73.7	73.6	88	69.9	0.0	---	0.00	0.0	---	73.7	76.0	76.0	74.0	29.828	0.00	0.00	0	0.00	0	0.0	0.00	0.0	0.000	0.181	76.6	91	73.8	80.5	20.98	 .0717	0.000	700	1	100.0	30
03/15/20	5:00 a	73.5	73.7	73.3	88	69.7	0.0	---	0.00	0.0	---	73.5	75.8	75.8	73.8	29.835	0.00	0.00	0	0.00	0	0.0	0.00	0.0	0.000	0.177	76.3	91	73.5	80.1	20.98	 .0718	0.000	700	1	100.0	30
03/15/20	5:30 a	73.4	73.6	73.3	88	69.6	0.0	---	0.00	0.0	---	73.4	75.7	75.7	73.7	29.845	0.00	0.00	0	0.00	0	0.0	0.00	0.0	0.000	0.175	76.2	91	73.4	79.9	20.97	 .0718	0.000	701	1	100.0	30
03/15/20	6:00 a	73.4	73.5	73.1	88	69.6	0.0	---	0.00	0.0	---	73.4	75.7	75.7	73.8	29.856	0.00	0.00	5	0.22	11	0.0	0.00	0.0	0.000	0.175	76.1	91	73.3	79.8	20.97	 .0719	0.000	701	1	100.0	30
03/15/20	6:30 a	74.0	74.0	73.4	88	70.2	0.0	---	0.00	0.0	---	74.0	76.3	76.3	76.1	29.870	0.00	0.00	18	0.77	26	0.0	0.00	0.0	0.000	0.188	76.5	92	74.0	80.4	21.08	 .0718	0.000	699	1	100.0	30
03/15/20	7:00 a	74.9	74.9	73.9	88	71.1	0.0	---	0.00	0.0	---	74.9	78.0	78.0	78.3	29.880	0.00	0.00	31	1.33	33	0.0	0.00	0.0	0.000	0.206	77.8	92	75.3	82.7	21.11	 .0716	0.001	701	1	100.0	30
03/15/20	7:30 a	76.2	76.3	74.9	89	72.7	0.0	---	0.00	0.0	---	76.2	79.7	79.7	80.1	29.891	0.00	0.00	38	1.63	42	0.0	0.00	0.0	0.000	0.233	80.1	91	77.2	87.3	21.04	 .0711	0.000	702	1	100.0	30
03/15/20	8:00 a	77.8	77.8	76.3	88	74.0	0.0	---	0.00	0.0	---	77.8	82.2	82.2	82.8	29.906	0.00	0.00	49	2.11	58	0.2	0.04	1.7	0.000	0.267	82.3	90	79.1	92.9	20.27	 .0707	0.001	700	1	100.0	30
03/15/20	8:30 a	82.4	82.4	77.8	84	77.1	0.0	---	0.00	0.0	---	82.4	91.2	91.2	92.8	29.906	0.00	0.00	86	3.70	176	2.9	0.62	3.8	0.000	0.363	84.3	85	79.3	96.8	17.69	 .0705	0.000	701	1	100.0	30
03/15/20	9:00 a	83.3	85.3	82.4	79	76.1	0.0	---	0.00	0.0	---	83.3	92.2	92.2	99.8	29.907	0.00	0.00	342	14.71	580	4.3	0.92	5.2	0.000	0.381	85.7	81	79.2	98.5	16.12	 .0703	0.006	698	1	100.0	30
03/15/20	9:30 a	87.0	87.0	83.0	68	75.2	0.0	---	0.00	0.0	---	87.0	96.7	96.7	107.2	29.907	0.00	0.00	531	22.84	666	5.9	1.26	7.2	0.000	0.458	86.5	79	79.2	100.0	15.36	 .0702	0.000	701	1	100.0	30
03/15/20	10:00 a	88.0	88.2	87.0	68	76.1	1.0	ESE	0.50	6.0	SSE	88.0	98.1	98.1	110.6	29.897	0.00	0.00	748	32.17	844	8.0	1.71	8.7	0.000	0.479	88.0	76	79.5	102.0	14.37	 .0700	0.017	702	1	100.0	30
03/15/20	10:30 a	88.4	88.8	87.8	65	75.1	2.0	SSW	1.00	5.0	S	88.4	97.9	97.9	108.9	29.886	0.00	0.00	928	39.91	986	9.5	2.04	10.3	0.000	0.488	88.7	73	78.9	103.1	13.48	 .0699	0.000	700	1	100.0	30
03/15/20	11:00 a	89.0	89.1	88.2	64	75.2	2.0	SSE	1.00	6.0	S	89.0	99.1	99.1	110.4	29.880	0.00	0.00	1003	43.13	1023	10.8	2.31	11.2	0.000	0.500	89.3	72	79.1	104.7	13.16	 .0698	0.026	701	1	100.0	30
03/15/20	11:30 a	89.4	89.6	88.6	64	75.6	2.0	SSW	1.00	8.0	SE	89.4	100.4	100.4	112.1	29.868	0.00	0.00	1040	44.73	1056	11.6	2.49	11.8	0.000	0.508	89.6	71	78.9	105.1	12.85	 .0697	0.000	701	1	100.0	30
03/15/20	12:00 p	89.2	89.8	88.3	66	76.4	3.0	S	1.50	8.0	S	89.2	100.8	100.8	113.2	29.858	0.00	0.00	1055	45.37	1062	11.8	2.53	11.9	0.000	0.504	90.1	69	78.6	105.5	12.35	 .0697	0.029	703	1	100.0	30
03/15/20	12:30 p	89.2	89.6	88.8	64	75.4	2.0	SSW	1.00	8.0	ESE	89.2	99.8	99.8	112.9	29.844	0.00	0.00	1055	45.37	1069	11.6	2.49	11.8	0.000	0.504	90.1	69	78.6	105.5	12.35	 .0696	0.000	699	1	100.0	30
03/15/20	1:00 p	89.5	89.9	88.4	65	76.2	3.0	S	1.50	8.0	ESE	89.5	101.2	101.2	115.0	29.829	0.00	0.00	1025	44.08	1051	10.9	2.34	11.4	0.000	0.510	90.4	71	79.7	107.9	12.84	 .0695	0.029	702	1	100.0	30
03/15/20	1:30 p	89.9	90.0	88.3	68	77.9	2.0	SSE	1.00	8.0	SE	89.9	104.3	104.3	118.8	29.815	0.00	0.00	964	41.46	1027	9.6	2.06	10.4	0.000	0.519	90.5	71	79.8	108.2	12.84	 .0694	0.000	702	1	100.0	30
03/15/20	2:00 p	88.8	90.0	88.6	66	76.0	2.0	SE	1.00	8.0	SE	88.8	99.6	99.6	114.8	29.799	0.00	0.00	890	38.27	916	8.1	1.74	8.7	0.000	0.496	90.5	70	79.4	107.4	12.54	 .0694	0.025	701	1	100.0	30
03/15/20	2:30 p	88.8	89.2	87.9	68	76.9	2.0	SE	1.00	9.0	SE	88.8	100.6	100.6	116.7	29.787	0.00	0.00	805	34.62	891	5.9	1.26	7.2	0.000	0.496	90.3	70	79.2	106.8	12.54	 .0694	0.000	701	1	100.0	30
03/15/20	3:00 p	88.3	89.3	87.9	65	75.0	3.0	SE	1.50	9.0	ESE	88.3	97.6	97.6	115.6	29.776	0.00	0.00	749	32.21	812	4.6	0.99	5.5	0.000	0.485	89.5	70	78.4	104.1	12.55	 .0696	0.020	701	1	100.0	30
03/15/20	3:30 p	88.2	89.1	87.9	66	75.4	2.0	ESE	1.00	8.0	ESE	88.2	97.8	97.8	114.7	29.780	0.00	0.00	579	24.90	656	3.1	0.66	3.8	0.000	0.483	88.9	72	78.7	103.2	13.17	 .0696	0.000	700	1	100.0	30
03/15/20	4:00 p	87.0	88.3	86.9	66	74.3	2.0	SE	1.00	7.0	SSE	87.0	96.0	96.0	112.5	29.781	0.00	0.00	461	19.83	524	1.8	0.39	2.5	0.000	0.458	88.2	73	78.4	101.2	13.49	 .0697	0.014	702	1	100.0	30
03/15/20	4:30 p	85.7	87.3	85.6	70	74.8	1.0	SSE	0.50	8.0	ESE	85.7	94.6	94.6	102.7	29.791	0.00	0.00	209	8.99	380	0.8	0.17	1.3	0.000	0.431	87.7	74	78.4	100.4	13.80	 .0698	0.000	699	1	100.0	30
03/15/20	5:00 p	84.5	85.8	84.5	74	75.3	1.0	SE	0.50	4.0	SSE	84.5	93.3	93.3	93.8	29.794	0.00	0.00	97	4.17	162	0.0	0.00	0.5	0.000	0.406	87.2	75	78.3	100.0	14.16	 .0699	0.005	702	1	100.0	30
03/15/20	5:30 p	82.8	84.5	82.8	76	74.5	0.0	E	0.00	4.0	ENE	82.8	89.9	89.9	88.8	29.800	0.00	0.00	25	1.08	51	0.0	0.00	0.0	0.000	0.371	86.3	77	78.2	98.6	14.77	 .0700	0.000	701	1	100.0	30
03/15/20	6:00 p	81.8	82.8	81.8	79	74.6	0.0	E	0.00	1.0	E	81.8	88.2	88.2	86.6	29.805	0.00	0.00	3	0.13	16	0.0	0.00	0.0	0.000	0.350	85.7	78	78.0	97.4	15.09	 .0701	0.001	701	1	100.0	30
03/15/20	6:30 p	80.5	81.8	80.4	81	74.1	0.0	E	0.00	1.0	E	80.5	85.7	85.7	84.1	29.821	0.00	0.00	0	0.00	0	0.0	0.00	0.0	0.000	0.323	84.6	80	77.7	95.6	15.77	 .0703	0.000	702	1	100.0	30
03/15/20	7:00 p	80.1	80.6	80.1	82	74.1	0.0	---	0.00	0.0	---	80.1	85.1	85.1	83.5	29.827	0.00	0.00	0	0.00	0	0.0	0.00	0.0	0.000	0.315	84.1	81	77.6	95.0	16.19	 .0704	0.001	702	1	100.0	30
03/15/20	7:30 p	79.4	80.1	79.4	82	73.4	0.0	---	0.00	0.0	---	79.4	83.9	83.9	82.2	29.836	0.00	0.00	0	0.00	0	0.0	0.00	0.0	0.000	0.300	83.5	83	77.8	94.0	16.91	 .0705	0.000	702	1	100.0	30
03/15/20	8:00 p	79.2	79.6	79.2	83	73.6	0.0	---	0.00	0.0	---	79.2	83.7	83.7	82.0	29.852	0.00	0.00	0	0.00	0	0.0	0.00	0.0	0.000	0.296	83.0	84	77.7	92.8	17.33	 .0706	0.001	702	1	100.0	30
03/15/20	8:30 p	78.8	79.3	78.7	84	73.6	0.0	---	0.00	0.0	---	78.8	83.2	83.2	81.5	29.861	0.00	0.00	0	0.00	0	0.0	0.00	0.0	0.000	0.288	82.4	85	77.4	91.5	17.81	 .0707	0.000	702	1	100.0	30
03/15/20	9:00 p	78.7	78.8	78.6	84	73.5	0.0	---	0.00	0.0	---	78.7	83.1	83.1	81.4	29.866	0.00	0.00	0	0.00	0	0.0	0.00	0.0	0.000	0.285	82.1	85	77.1	90.7	17.82	 .0708	0.001	701	1	100.0	30
03/15/20	9:30 p	78.6	78.9	78.5	85	73.7	0.0	---	0.00	0.0	---	78.6	83.1	83.1	81.4	29.869	0.00	0.00	0	0.00	0	0.0	0.00	0.0	0.000	0.283	81.9	86	77.3	90.5	18.24	 .0708	0.000	701	1	100.0	30
03/15/20	10:00 p	78.3	78.6	78.2	85	73.4	0.0	---	0.00	0.0	---	78.3	82.6	82.6	80.9	29.866	0.00	0.00	0	0.00	0	0.0	0.00	0.0	0.000	0.277	81.6	87	77.4	90.0	18.65	 .0709	0.001	701	1	100.0	30
03/15/20	10:30 p	78.4	78.4	78.3	85	73.5	0.0	---	0.00	0.0	---	78.4	82.7	82.7	81.0	29.859	0.00	0.00	0	0.00	0	0.0	0.00	0.0	0.000	0.279	81.4	87	77.2	89.4	18.67	 .0709	0.000	701	1	100.0	30
03/15/20	11:00 p	78.2	78.4	78.2	85	73.3	0.0	---	0.00	0.0	---	78.2	82.4	82.4	80.7	29.850	0.00	0.00	0	0.00	0	0.0	0.00	0.0	0.000	0.275	81.2	88	77.3	89.2	19.23	 .0709	0.001	703	1	100.0	30
03/15/20	11:30 p	77.8	78.3	77.8	85	72.9	0.0	---	0.00	0.0	---	77.8	81.8	81.8	80.0	29.842	0.00	0.00	0	0.00	0	0.0	0.00	0.0	0.000	0.267	81.0	88	77.1	88.6	19.25	 .0709	0.000	700	1	100.0	30
03/16/20	12:00 a	77.7	77.9	77.7	85	72.8	0.0	---	0.00	0.0	---	77.7	81.6	81.6	79.8	29.829	0.00	0.00	0	0.00	0	0.0	0.00	0.0	0.000	0.265	80.8	88	76.9	88.2	19.27	 .0709	0.001	702	1	100.0	30
03/16/20	12:30 a	77.8	77.8	77.6	86	73.3	0.0	---	0.00	0.0	---	77.8	81.9	81.9	80.2	29.818	0.00	0.00	0	0.00	0	0.0	0.00	0.0	0.000	0.267	80.7	89	77.2	88.2	19.88	 .0709	0.000	697	1	100.0	30
03/16/20	1:00 a	77.7	77.8	77.6	86	73.2	0.0	---	0.00	0.0	---	77.7	81.8	81.8	80.1	29.804	0.00	0.00	0	0.00	0	0.0	0.00	0.0	0.000	0.265	80.5	89	77.0	87.7	19.90	 .0709	0.001	701	1	100.0	30
03/16/20	1:30 a	77.5	77.7	77.4	86	73.0	0.0	---	0.00	0.0	---	77.5	81.5	81.5	79.7	29.796	0.00	0.00	0	0.00	0	0.0	0.00	0.0	0.000	0.260	80.3	89	76.8	87.3	19.92	 .0709	0.000	702	1	100.0	30
03/16/20	2:00 a	76.7	77.5	76.7	86	72.2	0.0	---	0.00	0.0	---	76.7	80.3	80.3	78.5	29.793	0.00	0.00	0	0.00	0	0.0	0.00	0.0	0.000	0.244	79.7	89	76.2	85.9	19.95	 .0710	0.001	702	1	100.0	30
03/16/20	2:30 a	75.9	76.8	75.9	86	71.4	0.0	---	0.00	0.0	---	75.9	79.1	79.1	77.3	29.781	0.00	0.00	0	0.00	0	0.0	0.00	0.0	0.000	0.227	79.2	89	75.7	84.9	19.95	 .0711	0.000	698	1	100.0	30
03/16/20	3:00 a	75.6	76.0	75.6	87	71.5	0.0	---	0.00	0.0	---	75.6	78.9	78.9	77.1	29.785	0.00	0.00	0	0.00	0	0.0	0.00	0.0	0.000	0.221	78.7	90	75.5	84.1	20.45	 .0712	0.001	698	1	100.0	30
03/16/20	3:30 a	75.2	75.6	75.2	87	71.1	0.0	---	0.00	0.0	---	75.2	78.4	78.4	76.6	29.789	0.00	0.00	0	0.00	0	0.0	0.00	0.0	0.000	0.212	78.3	90	75.1	83.4	20.45	 .0713	0.000	697	1	100.0	30
03/16/20	4:00 a	74.9	75.2	74.8	87	70.8	0.0	---	0.00	0.0	---	74.9	78.0	78.0	76.1	29.795	0.00	0.00	0	0.00	0	0.0	0.00	0.0	0.000	0.206	78.0	90	74.8	82.8	20.45	 .0714	0.001	702	1	100.0	30
03/16/20	4:30 a	74.5	74.9	74.5	87	70.4	0.0	---	0.00	0.0	---	74.5	77.2	77.2	75.3	29.797	0.00	0.00	0	0.00	0	0.0	0.00	0.0	0.000	0.198	77.6	90	74.4	82.1	20.45	 .0714	0.000	701	1	100.0	30
03/16/20	5:00 a	74.1	74.6	74.0	88	70.3	0.0	---	0.00	0.0	---	74.1	76.5	76.5	74.6	29.799	0.00	0.00	0	0.00	0	0.0	0.00	0.0	0.000	0.190	77.3	90	74.1	81.5	20.45	 .0715	0.001	700	1	100.0	30
03/16/20	5:30 a	73.0	74.1	72.7	87	68.9	0.0	---	0.00	0.0	---	73.0	75.3	75.3	73.3	29.812	0.00	0.00	0	0.00	0	0.0	0.00	0.0	0.000	0.167	76.6	90	73.4	80.4	20.45	 .0717	0.000	702	1	100.0	30
03/16/20	6:00 a	71.9	73.0	71.7	87	67.8	0.0	---	0.00	0.0	---	71.9	73.9	73.9	71.9	29.819	0.00	0.00	5	0.22	12	0.0	0.00	0.0	0.000	0.144	76.3	88	72.5	79.8	19.50	 .0718	0.000	699	1	100.0	30
03/16/20	6:30 a	73.0	73.1	71.9	87	68.9	0.0	---	0.00	0.0	---	73.0	75.3	75.3	75.3	29.835	0.00	0.00	22	0.95	28	0.0	0.00	0.0	0.000	0.167	76.7	90	73.5	80.5	20.45	 .0717	0.000	701	1	100.0	30
03/16/20	7:00 a	73.6	73.7	73.0	87	69.5	0.0	---	0.00	0.0	---	73.6	75.9	75.9	76.3	29.848	0.00	0.00	36	1.55	40	0.0	0.00	0.0	0.000	0.179	77.7	89	74.2	82.1	19.95	 .0716	0.001	702	1	100.0	30
03/16/20	7:30 a	74.9	74.9	73.6	87	70.8	0.0	---	0.00	0.0	---	74.9	78.0	78.0	78.4	29.861	0.00	0.00	41	1.76	44	0.0	0.00	0.0	0.000	0.206	79.9	88	76.0	86.1	19.35	 .0712	0.000	702	1	100.0	30
03/16/20	8:00 a	76.8	76.8	74.9	87	72.6	0.0	---	0.00	0.0	---	76.8	80.5	80.5	81.0	29.871	0.00	0.00	48	2.06	53	0.0	0.00	0.0	0.000	0.246	82.0	86	77.4	90.7	18.23	 .0708	0.001	701	1	100.0	30
03/16/20	8:30 a	80.8	80.8	76.8	82	74.8	0.0	---	0.00	0.0	---	80.8	86.6	86.6	87.5	29.871	0.00	0.00	63	2.71	111	2.6	0.56	3.9	0.000	0.329	83.9	84	78.5	95.5	17.29	 .0705	0.000	700	1	100.0	30
03/16/20	9:00 a	86.3	86.3	80.8	68	74.5	0.0	---	0.00	0.0	---	86.3	95.2	95.2	103.1	29.882	0.00	0.00	363	15.61	554	4.7	1.01	5.5	0.000	0.444	85.8	75	77.0	96.5	14.22	 .0704	0.006	697	1	100.0	30
03/16/20	9:30 a	88.2	88.2	85.9	62	73.5	1.0	SE	0.50	7.0	WSW	88.2	96.2	96.2	107.5	29.875	0.00	0.00	606	26.06	650	6.4	1.37	7.2	0.000	0.483	87.2	73	77.5	99.1	13.51	 .0702	0.000	700	1	100.0	30
03/16/20	10:00 a	89.0	89.3	88.2	61	73.8	2.0	SSW	1.00	7.0	SSE	89.0	97.8	97.8	110.1	29.877	0.00	0.00	729	31.35	814	8.0	1.71	8.8	0.000	0.500	88.6	71	78.0	101.6	12.85	 .0699	0.018	701	1	100.0	30
03/16/20	10:30 a	88.8	89.7	88.6	63	74.6	2.0	S	1.00	8.0	WSW	88.8	98.2	98.2	109.8	29.870	0.00	0.00	919	39.52	970	9.6	2.06	10.2	0.000	0.496	89.2	70	78.1	103.0	12.55	 .0698	0.000	700	1	100.0	30
03/16/20	11:00 a	89.7	89.7	88.4	68	77.7	2.0	S	1.00	7.0	S	89.7	103.6	103.6	114.9	29.866	0.00	0.00	996	42.83	1016	10.8	2.31	11.3	0.000	0.515	89.6	71	78.9	105.1	12.85	 .0697	0.026	700	1	100.0	30
03/16/20	11:30 a	88.4	89.8	88.3	66	75.6	2.0	S	1.00	6.0	WSW	88.4	98.4	98.4	110.0	29.849	0.00	0.00	1033	44.42	1044	11.6	2.49	11.8	0.000	0.488	89.9	70	78.8	105.5	12.55	 .0696	0.000	702	1	100.0	30
03/16/20	12:00 p	88.8	89.1	87.9	65	75.5	2.0	SSW	1.00	7.0	S	88.8	99.0	99.0	111.2	29.834	0.00	0.00	1048	45.07	1051	11.9	2.55	11.9	0.000	0.496	90.1	70	79.0	106.1	12.55	 .0696	0.028	701	1	100.0	30
03/16/20	12:30 p	88.6	89.9	88.6	65	75.3	2.0	SE	1.00	8.0	SE	88.6	98.5	98.5	111.3	29.825	0.00	0.00	1041	44.77	1049	11.6	2.49	11.8	0.000	0.492	90.4	70	79.3	107.1	12.54	 .0695	0.000	701	1	100.0	30
03/16/20	1:00 p	88.7	89.7	88.4	65	75.4	2.0	SSW	1.00	7.0	SE	88.7	98.8	98.8	112.3	29.805	0.00	0.00	1007	43.31	1028	10.8	2.31	11.3	0.000	0.494	90.5	70	79.4	107.4	12.54	 .0694	0.028	700	1	100.0	30
03/16/20	1:30 p	90.1	90.5	88.4	64	76.3	2.0	S	1.00	6.0	S	90.1	102.5	102.5	116.8	29.797	0.00	0.00	961	41.33	1013	9.6	2.06	10.3	0.000	0.523	90.6	70	79.5	107.7	12.54	 .0694	0.000	701	1	100.0	30
03/16/20	2:00 p	87.7	90.0	87.5	69	76.3	2.0	SSW	1.00	7.0	ESE	87.7	98.1	98.1	110.1	29.788	0.00	0.00	726	31.22	1081	6.7	1.44	8.8	0.000	0.473	90.1	71	79.4	106.9	12.85	 .0694	0.022	703	1	100.0	30
03/16/20	2:30 p	88.9	89.0	87.4	67	76.5	2.0	SE	1.00	9.0	SSE	88.9	100.4	100.4	116.3	29.778	0.00	0.00	800	34.40	946	6.0	1.29	7.3	0.000	0.498	89.9	71	79.2	106.2	12.85	 .0694	0.000	697	1	100.0	30
03/16/20	3:00 p	87.5	89.4	87.5	70	76.5	2.0	SE	1.00	7.0	SE	87.5	98.3	98.3	111.6	29.775	0.00	0.00	572	24.60	844	4.0	0.86	5.5	0.000	0.469	89.7	73	79.9	106.8	13.46	 .0694	0.019	700	1	100.0	30
03/16/20	3:30 p	88.7	89.2	86.4	66	75.9	1.0	SE	0.50	6.0	ESE	88.7	99.3	99.3	111.4	29.774	0.00	0.00	431	18.54	657	2.4	0.51	2.9	0.000	0.494	89.2	75	80.2	106.3	14.08	 .0694	0.000	702	1	100.0	30
03/16/20	4:00 p	87.0	89.2	86.8	71	76.5	2.0	SE	1.00	5.0	NE	87.0	97.9	97.9	113.4	29.773	0.00	0.00	433	18.62	584	1.7	0.36	2.3	0.000	0.458	88.5	75	79.6	103.4	14.11	 .0696	0.011	701	1	100.0	30
03/16/20	4:30 p	85.6	87.1	85.6	74	76.4	1.0	SE	0.50	5.0	SSE	85.6	95.7	95.7	101.1	29.782	0.00	0.00	147	6.32	345	0.8	0.17	1.2	0.000	0.429	87.5	77	79.4	101.6	14.70	 .0697	0.000	701	1	100.0	30
03/16/20	5:00 p	84.6	85.6	84.6	76	76.2	1.0	SSE	0.50	5.0	SSE	84.6	94.2	94.2	93.9	29.788	0.00	0.00	58	2.49	105	0.1	0.02	0.5	0.000	0.408	86.9	78	79.2	100.8	15.00	 .0698	0.003	700	1	100.0	30
03/16/20	5:30 p	83.3	84.7	83.3	79	76.1	1.0	SSE	0.50	4.0	SE	83.3	92.2	92.2	91.4	29.792	0.00	0.00	31	1.33	51	0.0	0.00	0.0	0.000	0.381	86.2	80	79.3	99.5	15.70	 .0699	0.000	700	1	100.0	30
03/16/20	6:00 p	81.9	83.3	81.9	81	75.5	0.0	SSE	0.00	1.0	SSE	81.9	89.0	89.0	87.5	29.799	0.00	0.00	3	0.13	12	0.0	0.00	0.0	0.000	0.352	85.2	82	79.1	97.7	16.54	 .0701	0.001	700	1	100.0	30
03/16/20	6:30 p	81.2	81.9	81.2	83	75.5	0.0	SSE	0.00	1.0	SSE	81.2	87.8	87.8	86.2	29.805	0.00	0.00	0	0.00	0	0.0	0.00	0.0	0.000	0.337	84.8	83	79.1	97.2	16.86	 .0702	0.000	701	1	100.0	30
03/16/20	7:00 p	80.9	81.1	80.7	84	75.6	0.0	SSE	0.00	1.0	SSE	80.9	87.3	87.3	85.7	29.818	0.00	0.00	0	0.00	0	0.0	0.00	0.0	0.000	0.331	84.4	84	79.0	96.7	17.27	 .0703	0.001	702	1	100.0	30
03/16/20	7:30 p	80.9	81.0	80.7	84	75.6	0.0	SSE	0.00	1.0	SSE	80.9	87.3	87.3	85.7	29.824	0.00	0.00	0	0.00	0	0.0	0.00	0.0	0.000	0.331	84.2	85	79.2	96.6	17.70	 .0703	0.000	700	1	100.0	30
03/16/20	8:00 p	80.7	80.9	80.7	85	75.8	0.0	---	0.00	0.0	---	80.7	87.1	87.1	85.5	29.838	0.00	0.00	0	0.00	0	0.0	0.00	0.0	0.000	0.327	84.0	86	79.4	96.5	18.11	 .0703	0.001	700	1	100.0	30
03/16/20	8:30 p	80.3	80.7	80.2	85	75.4	0.0	---	0.00	0.0	---	80.3	86.3	86.3	84.7	29.837	0.00	0.00	0	0.00	0	0.0	0.00	0.0	0.000	0.319	83.6	87	79.3	95.6	18.53	 .0704	0.000	702	1	100.0	30
03/16/20	9:00 p	79.2	80.3	79.2	85	74.3	0.0	---	0.00	0.0	---	79.2	84.1	84.1	82.5	29.848	0.00	0.00	0	0.00	0	0.0	0.00	0.0	0.000	0.296	83.1	86	78.5	93.7	18.16	 .0705	0.001	701	1	100.0	30
03/16/20	9:30 p	79.1	79.3	79.0	85	74.2	0.0	---	0.00	0.0	---	79.1	83.9	83.9	82.3	29.854	0.00	0.00	0	0.00	0	0.0	0.00	0.0	0.000	0.294	82.6	87	78.3	92.7	18.59	 .0706	0.000	700	1	100.0	30
03/16/20	10:00 p	78.9	79.1	78.9	85	74.0	0.0	---	0.00	0.0	---	78.9	83.5	83.5	81.9	29.861	0.00	0.00	0	0.00	0	0.0	0.00	0.0	0.000	0.290	82.5	87	78.2	92.4	18.60	 .0707	0.001	700	1	100.0	30
03/16/20	10:30 p	78.4	79.0	78.4	86	73.9	0.0	---	0.00	0.0	---	78.4	82.9	82.9	81.2	29.862	0.00	0.00	0	0.00	0	0.0	0.00	0.0	0.000	0.279	82.1	88	78.2	91.7	19.14	 .0707	0.000	701	1	100.0	30
03/16/20	11:00 p	78.0	78.5	78.0	86	73.5	0.0	---	0.00	0.0	---	78.0	82.2	82.2	80.5	29.858	0.00	0.00	0	0.00	0	0.0	0.00	0.0	0.000	0.271	81.7	88	77.8	90.6	19.18	 .0708	0.001	699	1	100.0	30
03/16/20	11:30 p	77.6	78.1	77.5	86	73.1	0.0	---	0.00	0.0	---	77.6	81.6	81.6	79.9	29.851	0.00	0.00	0	0.00	0	0.0	0.00	0.0	0.000	0.262	81.2	88	77.3	89.2	19.23	 .0709	0.000	699	1	100.0	30
03/17/20	12:00 a	77.3	77.6	77.3	87	73.1	0.0	---	0.00	0.0	---	77.3	81.2	81.2	79.5	29.843	0.00	0.00	0	0.00	0	0.0	0.00	0.0	0.000	0.256	81.0	88	77.1	88.6	19.25	 .0709	0.001	701	1	100.0	30
03/17/20	12:30 a	77.4	77.4	77.3	87	73.2	0.0	---	0.00	0.0	---	77.4	81.4	81.4	79.7	29.837	0.00	0.00	0	0.00	0	0.0	0.00	0.0	0.000	0.258	80.8	89	77.3	88.4	19.87	 .0709	0.000	701	1	100.0	30
03/17/20	1:00 a	77.3	77.5	77.3	87	73.1	0.0	---	0.00	0.0	---	77.3	81.2	81.2	79.5	29.829	0.00	0.00	0	0.00	0	0.0	0.00	0.0	0.000	0.256	80.6	89	77.1	88.0	19.89	 .0709	0.001	699	1	100.0	30
03/17/20	1:30 a	76.7	77.3	76.6	87	72.5	0.0	---	0.00	0.0	---	76.7	80.3	80.3	78.5	29.819	0.00	0.00	0	0.00	0	0.0	0.00	0.0	0.000	0.244	80.4	89	76.9	87.5	19.91	 .0709	0.000	699	1	100.0	30
03/17/20	2:00 a	76.1	76.7	76.1	87	71.9	0.0	---	0.00	0.0	---	76.1	79.5	79.5	77.7	29.814	0.00	0.00	0	0.00	0	0.0	0.00	0.0	0.000	0.231	79.8	89	76.3	86.1	19.95	 .0711	0.001	703	1	100.0	30
03/17/20	2:30 a	76.0	76.2	76.0	87	71.8	0.0	---	0.00	0.0	---	76.0	79.3	79.3	77.5	29.807	0.00	0.00	0	0.00	0	0.0	0.00	0.0	0.000	0.229	79.5	89	76.0	85.5	19.95	 .0711	0.000	701	1	100.0	30
03/17/20	3:00 a	75.8	76.1	75.8	87	71.7	0.0	---	0.00	0.0	---	75.8	79.1	79.1	77.3	29.808	0.00	0.00	0	0.00	0	0.0	0.00	0.0	0.000	0.225	79.2	89	75.7	84.9	19.95	 .0712	0.001	702	1	100.0	30
03/17/20	3:30 a	75.5	75.8	75.4	88	71.7	0.0	---	0.00	0.0	---	75.5	78.8	78.8	77.0	29.804	0.00	0.00	0	0.00	0	0.0	0.00	0.0	0.000	0.219	78.8	90	75.6	84.3	20.45	 .0712	0.000	697	1	100.0	30
03/17/20	4:00 a	75.2	75.6	75.0	88	71.4	0.0	---	0.00	0.0	---	75.2	78.5	78.5	76.7	29.810	0.00	0.00	0	0.00	0	0.0	0.00	0.0	0.000	0.212	78.5	90	75.3	83.8	20.45	 .0713	0.001	699	1	100.0	30
03/17/20	4:30 a	74.8	75.3	74.8	88	71.0	0.0	---	0.00	0.0	---	74.8	77.9	77.9	76.1	29.817	0.00	0.00	0	0.00	0	0.0	0.00	0.0	0.000	0.204	78.1	90	74.9	83.0	20.45	 .0714	0.000	702	1	100.0	30
03/17/20	5:00 a	74.7	74.8	74.5	88	70.9	0.0	---	0.00	0.0	---	74.7	77.7	77.7	75.8	29.816	0.00	0.00	0	0.00	0	0.0	0.00	0.0	0.000	0.202	77.8	91	75.0	82.6	21.01	 .0714	0.000	701	1	100.0	30
03/17/20	5:30 a	74.7	74.8	74.6	88	70.9	0.0	---	0.00	0.0	---	74.7	77.7	77.7	75.8	29.822	0.00	0.00	0	0.00	0	0.0	0.00	0.0	0.000	0.202	77.7	91	74.9	82.4	21.00	 .0715	0.000	700	1	100.0	30
03/17/20	6:00 a	74.9	74.9	74.5	88	71.1	0.0	---	0.00	0.0	---	74.9	78.0	78.0	76.3	29.842	0.00	0.00	6	0.26	16	0.0	0.00	0.0	0.000	0.206	77.5	91	74.7	82.0	21.00	 .0716	0.000	701	1	100.0	30
03/17/20	6:30 a	75.5	75.5	74.9	88	71.7	0.0	---	0.00	0.0	---	75.5	78.8	78.8	78.9	29.844	0.00	0.00	22	0.95	26	0.0	0.00	0.0	0.000	0.219	78.1	92	75.6	83.3	21.11	 .0714	0.000	699	1	100.0	30
03/17/20	7:00 a	76.5	76.5	75.5	88	72.7	0.0	---	0.00	0.0	---	76.5	80.1	80.1	80.4	29.855	0.00	0.00	32	1.38	35	0.0	0.00	0.0	0.000	0.240	79.2	92	76.7	85.6	21.13	 .0712	0.001	698	1	100.0	30
03/17/20	7:30 a	77.5	77.6	76.5	88	73.7	0.0	---	0.00	0.0	---	77.5	81.7	81.7	82.2	29.862	0.00	0.00	40	1.72	42	0.0	0.00	0.0	0.000	0.260	81.2	91	78.3	90.1	20.95	 .0708	0.000	702	1	100.0	30
03/17/20	8:00 a	78.6	78.6	77.5	88	74.7	0.0	---	0.00	0.0	---	78.6	83.6	83.6	84.2	29.870	0.00	0.00	47	2.02	54	0.0	0.00	0.0	0.000	0.283	83.0	90	79.8	94.8	20.21	 .0705	0.001	698	1	100.0	30
03/17/20	8:30 a	82.5	82.5	78.6	82	76.4	0.0	---	0.00	0.0	---	82.5	90.9	90.9	91.9	29.873	0.00	0.00	66	2.84	76	3.0	0.64	3.9	0.000	0.365	85.0	85	80.0	98.4	17.65	 .0702	0.000	702	1	100.0	30
03/17/20	9:00 a	87.0	87.0	82.4	71	76.5	1.0	SE	0.50	5.0	SSE	87.0	97.9	97.9	104.3	29.884	0.00	0.00	286	12.30	563	4.8	1.03	5.6	0.000	0.458	86.6	81	80.1	101.4	16.09	 .0701	0.005	702	1	100.0	30
03/17/20	9:30 a	87.7	88.0	86.9	69	76.3	2.0	S	1.00	5.0	SSE	87.7	98.1	98.1	109.5	29.883	0.00	0.00	604	25.98	645	6.4	1.37	7.3	0.000	0.473	87.7	79	80.4	103.1	15.29	 .0699	0.000	700	1	100.0	30
03/17/20	10:00 a	88.3	88.6	87.5	69	76.8	2.0	SSE	1.00	6.0	SSE	88.3	99.5	99.5	111.9	29.881	0.00	0.00	718	30.88	796	8.1	1.74	8.8	0.000	0.485	88.5	77	80.4	104.8	14.64	 .0698	0.018	702	1	100.0	30
03/17/20	10:30 a	88.5	88.9	88.2	69	77.0	2.0	S	1.00	6.0	SSE	88.5	100.2	100.2	112.3	29.870	0.00	0.00	909	39.09	977	9.6	2.06	10.3	0.000	0.490	88.8	77	80.7	106.1	14.62	 .0697	0.000	700	1	100.0	30
03/17/20	11:00 a	88.5	89.4	88.4	69	77.0	2.0	SSE	1.00	6.0	ESE	88.5	100.2	100.2	111.6	29.861	0.00	0.00	1008	43.35	1032	10.8	2.31	11.3	0.000	0.490	89.5	75	80.5	107.4	14.07	 .0696	0.026	703	1	100.0	30
03/17/20	11:30 a	89.0	89.3	88.3	69	77.5	2.0	SE	1.00	6.0	SSW	89.0	101.8	101.8	113.6	29.844	0.00	0.00	1047	45.03	1065	11.6	2.49	11.8	0.000	0.500	89.7	76	81.1	109.0	14.27	 .0695	0.000	697	1	100.0	30
03/17/20	12:00 p	90.2	90.2	88.8	71	79.5	2.0	SE	1.00	9.0	S	90.2	107.2	107.2	120.1	29.830	0.00	0.00	1087	46.75	1118	11.8	2.53	12.0	0.000	0.525	90.3	76	81.7	111.4	14.25	 .0693	0.029	700	1	100.0	30
03/17/20	12:30 p	89.0	90.5	89.0	69	77.5	2.0	S	1.00	7.0	S	89.0	101.8	101.8	115.1	29.819	0.00	0.00	1069	45.97	1092	11.5	2.46	11.9	0.000	0.500	90.2	75	81.2	110.2	14.05	 .0693	0.000	702	1	100.0	30
03/17/20	1:00 p	90.4	90.6	88.4	67	77.9	2.0	SSE	1.00	6.0	SSE	90.4	105.2	105.2	119.4	29.804	0.00	0.00	1053	45.28	1130	10.9	2.34	11.6	0.000	0.529	90.9	74	81.5	112.1	13.73	 .0692	0.028	702	1	100.0	30
03/17/20	1:30 p	88.7	91.6	88.4	71	78.1	2.0	SE	1.00	7.0	ESE	88.7	101.9	101.9	116.2	29.794	0.00	0.00	952	40.94	1172	8.8	1.89	10.3	0.000	0.494	91.4	73	81.5	113.2	13.39	 .0691	0.000	699	1	100.0	30
03/17/20	2:00 p	88.3	89.0	87.7	71	77.7	2.0	SSE	1.00	9.0	W	88.3	100.5	100.5	112.2	29.786	0.00	0.00	575	24.73	1137	6.2	1.33	9.0	0.000	0.485	90.7	74	81.3	111.4	13.74	 .0692	0.021	699	1	100.0	30
03/17/20	2:30 p	87.2	89.5	87.0	72	77.1	2.0	S	1.00	9.0	SSE	87.2	98.7	98.7	111.3	29.776	0.00	0.00	650	27.95	1078	5.4	1.16	7.4	0.000	0.462	90.1	74	80.7	109.1	13.75	 .0693	0.000	701	1	100.0	30
03/17/20	3:00 p	88.5	88.8	87.3	68	76.6	2.0	SSW	1.00	6.0	SSE	88.5	99.7	99.7	116.6	29.777	0.00	0.00	709	30.49	881	4.3	0.92	5.6	0.000	0.490	89.1	74	79.7	105.2	13.77	 .0695	0.018	702	1	100.0	30
03/17/20	3:30 p	88.2	89.0	87.9	68	76.3	2.0	S	1.00	8.0	SE	88.2	98.7	98.7	116.3	29.772	0.00	0.00	601	25.85	710	3.2	0.69	3.9	0.000	0.483	88.5	75	79.6	103.4	14.11	 .0696	0.000	702	1	100.0	30
03/17/20	4:00 p	87.5	88.6	87.3	68	75.6	2.0	S	1.00	8.0	W	87.5	97.4	97.4	112.9	29.775	0.00	0.00	438	18.84	520	1.9	0.41	2.5	0.000	0.469	87.9	74	78.6	100.7	13.79	 .0697	0.015	698	1	100.0	30
03/17/20	4:30 p	84.9	87.5	84.9	74	75.7	1.0	SSE	0.50	5.0	SSW	84.9	94.1	94.1	97.8	29.781	0.00	0.00	114	4.90	230	0.8	0.17	1.1	0.000	0.415	87.1	77	79.0	100.8	14.72	 .0698	0.000	700	1	100.0	30
03/17/20	5:00 p	84.1	85.0	84.1	76	75.7	1.0	SSE	0.50	4.0	SSE	84.1	93.2	93.2	92.7	29.787	0.00	0.00	52	2.24	60	0.0	0.00	0.5	0.000	0.398	86.6	78	78.9	99.9	15.02	 .0699	0.003	700	1	100.0	30
03/17/20	5:30 p	82.3	84.1	82.3	79	75.1	0.0	ESE	0.00	2.0	ESE	82.3	89.4	89.4	88.3	29.802	0.00	0.00	21	0.90	39	0.0	0.00	0.0	0.000	0.360	85.7	80	78.8	98.1	15.72	 .0701	0.000	703	1	100.0	30
03/17/20	6:00 p	80.9	82.3	80.9	82	74.9	0.0	ESE	0.00	1.0	ESE	80.9	86.8	86.8	85.2	29.817	0.00	0.00	3	0.13	12	0.0	0.00	0.0	0.000	0.331	84.8	82	78.7	96.8	16.55	 .0702	0.001	698	1	100.0	30
03/17/20	6:30 p	79.9	80.9	79.9	83	74.3	0.0	ESE	0.00	2.0	ESE	79.9	85.0	85.0	83.4	29.827	0.00	0.00	0	0.00	0	0.0	0.00	0.0	0.000	0.310	83.9	83	78.2	95.2	16.89	 .0704	0.000	700	1	100.0	30
03/17/20	7:00 p	79.4	80.0	79.4	84	74.1	0.0	ESE	0.00	1.0	ESE	79.4	84.3	84.3	82.7	29.833	0.00	0.00	0	0.00	0	0.0	0.00	0.0	0.000	0.300	83.2	84	77.9	93.4	17.32	 .0705	0.001	698	1	100.0	30
03/17/20	7:30 p	78.8	79.4	78.8	84	73.6	0.0	ESE	0.00	1.0	ESE	78.8	83.2	83.2	81.5	29.846	0.00	0.00	0	0.00	0	0.0	0.00	0.0	0.000	0.288	82.6	85	77.6	92.0	17.79	 .0707	0.000	701	1	100.0	30
03/17/20	8:00 p	78.4	78.9	78.3	85	73.5	0.0	---	0.00	0.0	---	78.4	82.7	82.7	81.0	29.859	0.00	0.00	0	0.00	0	0.0	0.00	0.0	0.000	0.279	81.9	86	77.3	90.5	18.24	 .0708	0.001	701	1	100.0	30
03/17/20	8:30 p	78.0	78.4	77.9	86	73.5	0.0	---	0.00	0.0	---	78.0	82.2	82.2	80.5	29.869	0.00	0.00	0	0.00	0	0.0	0.00	0.0	0.000	0.271	81.3	87	77.1	89.2	18.67	 .0709	0.000	699	1	100.0	30
03/17/20	9:00 p	77.9	78.0	77.8	86	73.4	0.0	---	0.00	0.0	---	77.9	82.1	82.1	80.4	29.875	0.00	0.00	0	0.00	0	0.0	0.00	0.0	0.000	0.269	81.0	88	77.1	88.6	19.25	 .0710	0.001	702	1	100.0	30
03/17/20	9:30 p	78.1	78.2	77.9	87	73.9	0.0	---	0.00	0.0	---	78.1	82.6	82.6	80.9	29.877	0.00	0.00	0	0.00	0	0.0	0.00	0.0	0.000	0.273	81.1	89	77.5	89.2	19.84	 .0709	0.000	701	1	100.0	30
03/17/20	10:00 p	78.2	78.2	78.1	87	74.0	0.0	---	0.00	0.0	---	78.2	82.7	82.7	81.1	29.876	0.00	0.00	0	0.00	0	0.0	0.00	0.0	0.000	0.275	81.0	89	77.4	88.9	19.85	 .0710	0.001	701	1	100.0	30
03/17/20	10:30 p	78.3	78.3	78.2	87	74.1	0.0	---	0.00	0.0	---	78.3	82.9	82.9	81.3	29.871	0.00	0.00	0	0.00	0	0.0	0.00	0.0	0.000	0.277	80.9	90	77.7	89.0	20.38	 .0709	0.000	700	1	100.0	30
03/17/20	11:00 p	78.4	78.4	78.2	87	74.2	0.0	---	0.00	0.0	---	78.4	83.1	83.1	81.5	29.864	0.00	0.00	0	0.00	0	0.0	0.00	0.0	0.000	0.279	81.0	90	77.8	89.2	20.37	 .0709	0.001	699	1	100.0	30
03/17/20	11:30 p	78.3	78.4	78.3	87	74.1	0.0	---	0.00	0.0	---	78.3	82.9	82.9	81.3	29.855	0.00	0.00	0	0.00	0	0.0	0.00	0.0	0.000	0.277	80.9	90	77.7	89.0	20.38	 .0709	0.000	701	1	100.0	30
03/18/20	12:00 a	77.9	78.4	77.9	87	73.7	0.0	---	0.00	0.0	---	77.9	82.2	82.2	80.5	29.843	0.00	0.00	0	0.00	0	0.0	0.00	0.0	0.000	0.269	80.7	90	77.5	88.5	20.39	 .0709	0.001	699	1	100.0	30
03/18/20	12:30 a	78.2	78.2	77.8	87	74.0	0.0	ESE	0.00	2.0	ESE	78.2	82.7	82.7	81.1	29.833	0.00	0.00	0	0.00	0	0.0	0.00	0.0	0.000	0.275	80.7	91	77.8	88.8	20.99	 .0709	0.000	696	1	100.0	30
03/18/20	1:00 a	78.1	78.2	78.0	87	73.9	0.0	ESE	0.00	1.0	ESE	78.1	82.6	82.6	80.9	29.830	0.00	0.00	0	0.00	0	0.0	0.00	0.0	0.000	0.273	80.7	90	77.5	88.5	20.39	 .0709	0.001	702	1	100.0	30
03/18/20	1:30 a	78.0	78.3	78.0	87	73.8	0.0	ESE	0.00	1.0	ESE	78.0	82.4	82.4	80.7	29.816	0.00	0.00	0	0.00	0	0.0	0.00	0.0	0.000	0.271	80.5	91	77.6	88.3	21.01	 .0709	0.000	701	1	100.0	30
03/18/20	2:00 a	77.6	78.0	77.6	87	73.4	0.0	---	0.00	0.0	---	77.6	81.7	81.7	80.0	29.813	0.00	0.00	0	0.00	0	0.0	0.00	0.0	0.000	0.262	80.1	91	77.2	87.3	21.04	 .0709	0.001	702	1	100.0	30
03/18/20	2:30 a	77.2	77.6	77.1	87	73.0	0.0	---	0.00	0.0	---	77.2	81.1	81.1	79.4	29.811	0.00	0.00	0	0.00	0	0.0	0.00	0.0	0.000	0.254	79.8	91	76.9	86.6	21.05	 .0710	0.000	701	1	100.0	30
03/18/20	3:00 a	76.9	77.2	76.9	87	72.7	0.0	ESE	0.00	1.0	ESE	76.9	80.6	80.6	78.8	29.805	0.00	0.00	0	0.00	0	0.0	0.00	0.0	0.000	0.248	79.4	91	76.5	85.8	21.04	 .0711	0.001	699	1	100.0	30
03/18/20	3:30 a	76.6	77.0	76.6	87	72.4	0.0	ESE	0.00	1.0	ESE	76.6	80.2	80.2	78.4	29.814	0.00	0.00	0	0.00	0	0.0	0.00	0.0	0.000	0.242	79.1	92	76.6	85.4	21.13	 .0711	0.000	701	1	100.0	30
03/18/20	4:00 a	76.3	76.7	76.3	88	72.5	0.0	ESE	0.00	2.0	ESE	76.3	79.8	79.8	78.0	29.808	0.00	0.00	0	0.00	0	0.0	0.00	0.0	0.000	0.235	78.9	92	76.4	84.9	21.13	 .0712	0.001	702	1	100.0	30
03/18/20	4:30 a	75.9	76.3	75.9	88	72.1	0.0	---	0.00	0.0	---	75.9	79.3	79.3	77.5	29.818	0.00	0.00	0	0.00	0	0.0	0.00	0.0	0.000	0.227	78.4	92	75.9	83.9	21.12	 .0713	0.000	702	1	100.0	30
03/18/20	5:00 a	75.5	76.0	75.4	88	71.7	0.0	---	0.00	0.0	---	75.5	78.8	78.8	77.0	29.817	0.00	0.00	0	0.00	0	0.0	0.00	0.0	0.000	0.219	78.1	92	75.6	83.3	21.11	 .0713	0.000	701	1	100.0	30
03/18/20	5:30 a	75.3	75.5	75.2	88	71.5	0.0	---	0.00	0.0	---	75.3	78.6	78.6	76.8	29.827	0.00	0.00	0	0.00	0	0.0	0.00	0.0	0.000	0.215	77.8	92	75.3	82.7	21.11	 .0714	0.000	700	1	100.0	30
03/18/20	6:00 a	75.2	75.3	75.1	88	71.4	0.0	---	0.00	0.0	---	75.2	78.5	78.5	76.7	29.838	0.00	0.00	4	0.17	11	0.0	0.00	0.0	0.000	0.212	77.6	92	75.1	82.3	21.10	 .0715	0.000	700	1	100.0	30
03/18/20	6:30 a	76.0	76.0	75.1	88	72.2	0.0	---	0.00	0.0	---	76.0	79.4	79.4	79.6	29.849	0.00	0.00	24	1.03	35	0.0	0.00	0.0	0.000	0.229	78.2	93	76.0	83.6	21.21	 .0714	0.000	697	1	100.0	30
03/18/20	7:00 a	77.4	77.4	76.0	88	73.6	0.0	E	0.00	3.0	N	77.4	81.5	81.5	82.0	29.865	0.00	0.00	34	1.46	39	0.0	0.00	0.0	0.000	0.258	79.6	93	77.4	86.7	21.24	 .0711	0.001	702	1	100.0	30
03/18/20	7:30 a	78.6	78.6	77.4	88	74.7	1.0	NE	0.50	3.0	N	78.6	83.6	83.6	84.2	29.870	0.00	0.00	41	1.76	44	0.0	0.00	0.0	0.000	0.283	81.6	92	79.0	91.6	21.18	 .0707	0.000	702	1	100.0	30
03/18/20	8:00 a	79.7	79.7	78.6	87	75.5	1.0	N	0.50	2.0	N	79.7	85.5	85.5	86.4	29.877	0.00	0.00	58	2.49	74	0.9	0.19	1.7	0.000	0.306	83.0	89	79.4	94.5	19.65	 .0706	0.001	702	1	100.0	30
03/18/20	8:30 a	84.1	84.1	79.6	80	77.3	1.0	WSW	0.50	4.0	NNW	84.1	94.7	94.7	95.8	29.878	0.00	0.00	67	2.88	81	3.0	0.64	4.0	0.000	0.398	84.8	87	80.5	98.9	18.46	 .0702	0.000	702	1	100.0	30
03/18/20	9:00 a	83.3	86.4	83.3	81	76.9	1.0	NNE	0.50	3.0	NE	83.3	92.8	92.8	95.8	29.886	0.00	0.00	145	6.24	272	3.7	0.79	4.9	0.000	0.381	85.7	84	80.3	99.9	17.22	 .0702	0.003	701	1	100.0	30
03/18/20	9:30 a	88.2	88.2	83.3	71	77.6	1.0	E	0.50	5.0	SSE	88.2	100.2	100.2	112.1	29.879	0.00	0.00	649	27.91	749	6.3	1.35	7.4	0.000	0.483	87.1	84	81.7	105.0	17.17	 .0698	0.000	701	1	100.0	30
03/18/20	10:00 a	89.6	90.3	88.1	67	77.2	2.0	SSE	1.00	8.0	SE	89.6	102.7	102.7	115.4	29.878	0.00	0.00	775	33.33	851	8.0	1.71	8.9	0.000	0.512	88.5	79	81.1	106.1	15.24	 .0697	0.019	702	1	100.0	30
03/18/20	10:30 a	89.2	90.6	88.5	69	77.7	2.0	S	1.00	7.0	ESE	89.2	102.4	102.4	113.9	29.872	0.00	0.00	929	39.95	991	9.5	2.04	10.1	0.000	0.504	89.3	76	80.7	107.4	14.29	 .0696	0.000	699	1	100.0	30
03/18/20	11:00 a	89.3	89.6	88.5	66	76.4	2.0	SE	1.00	8.0	SE	89.3	101.1	101.1	112.6	29.859	0.00	0.00	1023	43.99	1041	10.7	2.29	11.1	0.000	0.506	89.8	73	80.0	107.2	13.45	 .0696	0.027	699	1	100.0	30
03/18/20	11:30 a	89.1	89.8	88.8	66	76.3	2.0	SE	1.00	7.0	S	89.1	100.5	100.5	112.3	29.849	0.00	0.00	1057	45.46	1067	11.4	2.44	11.6	0.000	0.502	89.7	73	79.9	106.8	13.46	 .0696	0.000	701	1	100.0	30
03/18/20	12:00 p	88.8	90.1	88.7	65	75.5	2.0	SSW	1.00	7.0	SSW	88.8	99.0	99.0	111.3	29.834	0.00	0.00	1070	46.02	1074	11.7	2.51	11.8	0.000	0.496	90.2	71	79.5	107.2	12.85	 .0695	0.029	702	1	100.0	30
03/18/20	12:30 p	89.7	90.0	88.8	62	74.9	2.0	S	1.00	7.0	SSE	89.7	100.2	100.2	113.1	29.822	0.00	0.00	1061	45.63	1071	11.5	2.46	11.7	0.000	0.515	90.6	69	79.0	107.1	12.34	 .0695	0.000	701	1	100.0	30
03/18/20	1:00 p	89.7	90.0	89.1	62	74.9	3.0	SE	1.50	8.0	ENE	89.7	100.2	100.2	113.8	29.807	0.00	0.00	1026	44.12	1048	10.7	2.29	11.1	0.000	0.515	90.3	69	78.7	106.1	12.34	 .0695	0.029	700	1	100.0	30
03/18/20	1:30 p	89.8	90.4	89.0	67	77.4	2.0	SE	1.00	9.0	ESE	89.8	103.3	103.3	117.7	29.797	0.00	0.00	968	41.63	1000	9.5	2.04	10.1	0.000	0.517	90.5	70	79.4	107.4	12.54	 .0694	0.000	701	1	100.0	30
03/18/20	2:00 p	89.8	90.3	89.1	65	76.5	2.0	ESE	1.00	7.0	ESE	89.8	102.2	102.2	117.2	29.789	0.00	0.00	895	38.49	930	8.0	1.71	8.7	0.000	0.517	90.2	70	79.1	106.4	12.55	 .0694	0.026	700	1	100.0	30
03/18/20	2:30 p	89.8	90.6	89.2	63	75.5	2.0	S	1.00	7.0	SSE	89.8	101.0	101.0	116.8	29.779	0.00	0.00	803	34.53	854	6.3	1.35	7.1	0.000	0.517	90.1	70	79.0	106.1	12.55	 .0694	0.000	701	1	100.0	30
03/18/20	3:00 p	88.2	89.8	88.0	66	75.4	2.0	SE	1.00	9.0	SE	88.2	97.8	97.8	114.2	29.772	0.00	0.00	694	29.85	752	4.6	0.99	5.5	0.000	0.483	89.5	71	78.8	104.7	12.85	 .0695	0.021	697	1	100.0	30
03/18/20	3:30 p	87.9	88.6	87.5	70	76.9	2.0	SE	1.00	9.0	SSE	87.9	98.9	98.9	116.1	29.772	0.00	0.00	593	25.50	635	3.0	0.64	3.8	0.000	0.477	88.9	73	79.1	103.8	13.47	 .0696	0.000	701	1	100.0	30
03/18/20	4:00 p	87.8	88.1	87.4	70	76.8	1.0	SE	0.50	5.0	SSE	87.8	98.7	98.7	112.7	29.772	0.00	0.00	401	17.25	591	1.7	0.36	2.1	0.000	0.475	88.6	75	79.7	103.9	14.11	 .0696	0.013	701	1	100.0	30
03/18/20	4:30 p	86.2	88.1	86.2	72	76.1	2.0	SSE	1.00	8.0	SE	86.2	96.5	96.5	102.4	29.770	0.00	0.00	159	6.84	385	0.9	0.19	1.3	0.000	0.442	88.1	77	80.0	103.0	14.66	 .0696	0.000	700	1	100.0	30
03/18/20	5:00 p	85.6	86.2	85.4	73	75.9	1.0	NNE	0.50	5.0	S	85.6	95.4	95.4	95.0	29.779	0.00	0.00	56	2.41	67	0.1	0.02	0.5	0.000	0.429	87.3	78	79.6	101.7	14.97	 .0697	0.003	699	1	100.0	30
03/18/20	5:30 p	83.3	85.6	83.3	78	75.7	0.0	NE	0.00	2.0	NE	83.3	91.9	91.9	91.0	29.786	0.00	0.00	33	1.42	58	0.0	0.00	0.0	0.000	0.381	86.6	79	79.3	100.3	15.35	 .0699	0.000	700	1	100.0	30
03/18/20	6:00 p	81.6	83.3	81.6	81	75.2	0.0	NE	0.00	1.0	NE	81.6	88.2	88.2	86.7	29.794	0.00	0.00	3	0.13	11	0.0	0.00	0.0	0.000	0.346	85.5	80	78.6	97.6	15.73	 .0701	0.001	698	1	100.0	30
03/18/20	6:30 p	80.8	81.6	80.8	83	75.2	0.0	NE	0.00	1.0	NE	80.8	86.9	86.9	85.3	29.817	0.00	0.00	0	0.00	0	0.0	0.00	0.0	0.000	0.329	84.7	83	79.0	97.0	16.86	 .0702	0.000	701	1	100.0	30
03/18/20	7:00 p	80.3	80.9	80.2	84	75.0	0.0	NE	0.00	1.0	NE	80.3	86.0	86.0	84.4	29.825	0.00	0.00	0	0.00	0	0.0	0.00	0.0	0.000	0.319	83.9	84	78.5	95.5	17.29	 .0704	0.001	700	1	100.0	30
03/18/20	7:30 p	79.9	80.3	79.9	85	75.0	0.0	NE	0.00	1.0	NE	79.9	85.4	85.4	83.8	29.835	0.00	0.00	0	0.00	0	0.0	0.00	0.0	0.000	0.310	83.5	85	78.5	94.6	17.74	 .0705	0.000	701	1	100.0	30
03/18/20	8:00 p	79.6	80.0	79.6	85	74.7	0.0	---	0.00	0.0	---	79.6	84.8	84.8	83.2	29.849	0.00	0.00	0	0.00	0	0.0	0.00	0.0	0.000	0.304	82.9	86	78.3	93.2	18.18	 .0706	0.001	703	1	100.0	30
03/18/20	8:30 p	79.6	79.8	79.6	86	75.0	0.0	---	0.00	0.0	---	79.6	85.1	85.1	83.5	29.857	0.00	0.00	0	0.00	0	0.0	0.00	0.0	0.000	0.304	82.8	87	78.5	93.2	18.58	 .0706	0.000	698	1	100.0	30
03/18/20	9:00 p	79.2	79.6	79.2	86	74.6	0.0	NE	0.00	1.0	NE	79.2	84.3	84.3	82.7	29.868	0.00	0.00	0	0.00	0	0.0	0.00	0.0	0.000	0.296	82.5	88	78.6	92.8	19.10	 .0707	0.001	702	1	100.0	30
03/18/20	9:30 p	78.9	79.3	78.8	86	74.4	0.0	NE	0.00	1.0	NE	78.9	83.7	83.7	82.1	29.874	0.00	0.00	0	0.00	0	0.0	0.00	0.0	0.000	0.290	82.0	88	78.1	91.4	19.15	 .0708	0.000	701	1	100.0	30
03/18/20	10:00 p	78.3	78.8	78.2	86	73.8	0.0	---	0.00	0.0	---	78.3	82.7	82.7	81.0	29.874	0.00	0.00	0	0.00	0	0.0	0.00	0.0	0.000	0.277	81.5	89	77.9	90.3	19.80	 .0709	0.001	702	1	100.0	30
03/18/20	10:30 p	77.8	78.3	77.8	87	73.6	0.0	---	0.00	0.0	---	77.8	82.1	82.1	80.4	29.875	0.00	0.00	0	0.00	0	0.0	0.00	0.0	0.000	0.267	81.0	89	77.4	88.9	19.85	 .0710	0.000	698	1	100.0	30
03/18/20	11:00 p	77.3	77.8	77.3	87	73.1	0.0	---	0.00	0.0	---	77.3	81.2	81.2	79.5	29.865	0.00	0.00	0	0.00	0	0.0	0.00	0.0	0.000	0.256	80.5	89	77.0	87.7	19.90	 .0710	0.001	696	1	100.0	30
03/18/20	11:30 p	76.8	77.3	76.8	87	72.6	0.0	---	0.00	0.0	---	76.8	80.5	80.5	78.7	29.856	0.00	0.00	0	0.00	0	0.0	0.00	0.0	0.000	0.246	80.1	89	76.6	86.8	19.94	 .0711	0.000	700	1	100.0	30
03/19/20	12:00 a	76.5	76.9	76.4	87	72.3	0.0	---	0.00	0.0	---	76.5	80.0	80.0	78.2	29.847	0.00	0.00	0	0.00	0	0.0	0.00	0.0	0.000	0.240	79.7	90	76.5	86.2	20.45	 .0711	0.001	703	1	100.0	30
03/19/20	12:30 a	76.0	76.5	75.9	87	71.8	0.0	---	0.00	0.0	---	76.0	79.3	79.3	77.5	29.836	0.00	0.00	0	0.00	0	0.0	0.00	0.0	0.000	0.229	79.3	90	76.1	85.3	20.45	 .0712	0.000	700	1	100.0	30
03/19/20	1:00 a	75.7	76.1	75.7	88	71.9	0.0	---	0.00	0.0	---	75.7	79.0	79.0	77.2	29.825	0.00	0.00	0	0.00	0	0.0	0.00	0.0	0.000	0.223	78.9	90	75.7	84.5	20.45	 .0712	0.001	701	1	100.0	30
03/19/20	1:30 a	75.2	75.7	75.2	88	71.4	0.0	---	0.00	0.0	---	75.2	78.5	78.5	76.7	29.820	0.00	0.00	0	0.00	0	0.0	0.00	0.0	0.000	0.212	78.5	90	75.3	83.8	20.45	 .0713	0.000	700	1	100.0	30
03/19/20	2:00 a	74.9	75.3	74.9	88	71.1	0.0	---	0.00	0.0	---	74.9	78.0	78.0	76.2	29.817	0.00	0.00	0	0.00	0	0.0	0.00	0.0	0.000	0.206	78.2	90	75.0	83.2	20.45	 .0714	0.000	703	1	100.0	30
03/19/20	2:30 a	74.9	75.1	74.8	88	71.1	0.0	---	0.00	0.0	---	74.9	78.0	78.0	76.2	29.817	0.00	0.00	0	0.00	0	0.0	0.00	0.0	0.000	0.206	78.0	91	75.2	82.9	21.01	 .0714	0.000	701	1	100.0	30
03/19/20	3:00 a	74.7	74.9	74.6	88	70.9	0.0	---	0.00	0.0	---	74.7	77.7	77.7	75.8	29.818	0.00	0.00	0	0.00	0	0.0	0.00	0.0	0.000	0.202	77.6	91	74.8	82.2	21.00	 .0715	0.000	702	1	100.0	30
03/19/20	3:30 a	74.2	74.8	74.2	88	70.4	0.0	---	0.00	0.0	---	74.2	76.7	76.7	74.8	29.815	0.00	0.00	0	0.00	0	0.0	0.00	0.0	0.000	0.192	77.4	91	74.6	81.8	21.00	 .0715	0.000	701	1	100.0	30
03/19/20	4:00 a	74.2	74.4	74.0	88	70.4	0.0	---	0.00	0.0	---	74.2	76.7	76.7	74.8	29.832	0.00	0.00	0	0.00	0	0.0	0.00	0.0	0.000	0.192	77.1	91	74.3	81.3	20.99	 .0716	0.000	699	1	100.0	30
03/19/20	4:30 a	73.9	74.4	73.9	88	70.1	0.0	---	0.00	0.0	---	73.9	76.2	76.2	74.3	29.825	0.00	0.00	0	0.00	0	0.0	0.00	0.0	0.000	0.185	76.8	91	74.0	80.8	20.99	 .0717	0.000	702	1	100.0	30
03/19/20	5:00 a	73.9	74.0	73.7	88	70.1	0.0	---	0.00	0.0	---	73.9	76.2	76.2	74.3	29.835	0.00	0.00	0	0.00	0	0.0	0.00	0.0	0.000	0.185	76.6	92	74.1	80.6	21.08	 .0717	0.000	701	1	100.0	30
03/19/20	5:30 a	73.7	74.0	73.6	88	69.9	0.0	---	0.00	0.0	---	73.7	76.0	76.0	74.0	29.846	0.00	0.00	0	0.00	0	0.0	0.00	0.0	0.000	0.181	76.4	92	73.9	80.3	21.08	 .0718	0.000	701	1	100.0	30
03/19/20	6:00 a	74.0	74.1	73.7	88	70.2	0.0	---	0.00	0.0	---	74.0	76.3	76.3	74.5	29.857	0.00	0.00	6	0.26	14	0.0	0.00	0.0	0.000	0.188	76.4	92	73.9	80.3	21.08	 .0718	0.000	702	1	100.0	30
03/19/20	6:30 a	74.8	74.8	74.0	88	71.0	0.0	---	0.00	0.0	---	74.8	77.9	77.9	77.9	29.866	0.00	0.00	21	0.90	26	0.0	0.00	0.0	0.000	0.204	77.0	93	74.8	81.3	21.19	 .0717	0.000	703	1	100.0	30
03/19/20	7:00 a	75.9	75.9	74.8	88	72.1	0.0	---	0.00	0.0	---	75.9	79.3	79.3	79.7	29.881	0.00	0.00	33	1.42	40	0.0	0.00	0.0	0.000	0.227	78.4	92	75.9	83.9	21.12	 .0714	0.001	701	1	100.0	30
03/19/20	7:30 a	77.4	77.4	75.9	88	73.6	0.0	---	0.00	0.0	---	77.4	81.5	81.5	82.5	29.890	0.00	0.00	54	2.32	63	0.5	0.11	1.1	0.000	0.258	80.6	92	78.1	88.8	21.16	 .0710	0.000	701	1	100.0	30
03/19/20	8:00 a	78.8	78.8	77.4	88	74.9	0.0	---	0.00	0.0	---	78.8	83.9	83.9	85.1	29.906	0.00	0.00	68	2.92	79	1.4	0.30	1.7	0.000	0.288	82.4	89	78.8	92.8	19.71	 .0707	0.002	699	1	100.0	30
03/19/20	8:30 a	81.9	81.9	78.8	85	76.9	0.0	NE	0.00	2.0	NE	81.9	90.1	90.1	92.1	29.904	0.00	0.00	99	4.26	128	3.0	0.64	3.8	0.000	0.352	84.1	88	80.2	97.5	18.94	 .0704	0.000	702	1	100.0	30
03/19/20	9:00 a	86.2	86.2	82.0	73	76.5	1.0	SW	0.50	5.0	S	86.2	96.8	96.8	99.7	29.911	0.00	0.00	144	6.19	322	4.3	0.92	5.7	0.000	0.442	85.5	84	80.1	99.4	17.23	 .0703	0.003	702	1	100.0	30
03/19/20	9:30 a	87.8	88.0	86.2	70	76.8	2.0	SE	1.00	5.0	SSW	87.8	98.7	98.7	109.9	29.911	0.00	0.00	581	24.99	656	6.5	1.39	7.3	0.000	0.475	87.1	79	79.8	101.8	15.32	 .0701	0.000	700	1	100.0	30
03/19/20	10:00 a	89.3	89.3	87.6	67	76.9	2.0	SSE	1.00	10.0	E	89.3	101.7	101.7	113.9	29.912	0.00	0.00	696	29.93	782	8.0	1.71	8.9	0.000	0.506	88.5	78	80.8	105.5	14.87	 .0698	0.018	702	1	100.0	30
03/19/20	10:30 a	89.6	89.9	89.1	67	77.2	2.0	S	1.00	10.0	E	89.6	102.7	102.7	115.0	29.899	0.00	0.00	903	38.83	997	9.6	2.06	10.2	0.000	0.512	89.2	77	81.0	107.8	14.60	 .0697	0.000	700	1	100.0	30
03/19/20	11:00 a	89.0	89.9	88.5	66	76.2	2.0	SE	1.00	7.0	WSW	89.0	100.1	100.1	111.5	29.890	0.00	0.00	1020	43.87	1046	10.8	2.31	11.2	0.000	0.500	89.6	74	80.2	107.2	13.76	 .0697	0.026	702	1	100.0	30
03/19/20	11:30 a	90.1	90.3	88.8	66	77.2	2.0	SE	1.00	7.0	SSE	90.1	103.7	103.7	115.5	29.883	0.00	0.00	1057	45.46	1069	11.5	2.46	11.7	0.000	0.523	90.2	74	80.8	109.4	13.75	 .0695	0.000	700	1	100.0	30
03/19/20	12:00 p	89.2	90.7	89.0	68	77.3	3.0	SE	1.50	8.0	WNW	89.2	101.9	101.9	114.3	29.866	0.00	0.00	1071	46.06	1079	11.8	2.53	11.9	0.000	0.504	90.8	73	80.9	110.9	13.42	 .0694	0.029	701	1	100.0	30
03/19/20	12:30 p	91.2	91.2	89.2	67	78.7	3.0	SE	1.50	9.0	SE	91.2	107.6	107.6	120.9	29.851	0.00	0.00	1075	46.23	1095	11.5	2.46	11.7	0.000	0.546	91.4	73	81.5	113.2	13.39	 .0692	0.000	699	1	100.0	30
03/19/20	1:00 p	89.8	91.3	89.5	67	77.4	3.0	SE	1.50	8.0	W	89.8	103.3	103.3	118.0	29.840	0.00	0.00	1091	46.92	1208	10.7	2.29	11.4	0.000	0.517	91.8	71	81.0	112.7	12.81	 .0692	0.029	703	1	100.0	30
03/19/20	1:30 p	89.3	90.8	88.8	67	76.9	3.0	SE	1.50	10.0	SE	89.3	101.7	101.7	116.2	29.820	0.00	0.00	980	42.15	1027	9.5	2.04	10.2	0.000	0.506	91.4	71	80.7	111.3	12.82	 .0692	0.000	700	1	100.0	30
03/19/20	2:00 p	89.1	90.3	89.0	68	77.2	3.0	ESE	1.50	10.0	ESE	89.1	101.6	101.6	117.4	29.808	0.00	0.00	930	40.00	1014	7.7	1.65	8.7	0.000	0.502	91.7	71	81.0	112.3	12.82	 .0691	0.026	702	1	100.0	30
03/19/20	2:30 p	89.1	90.3	87.9	70	78.0	3.0	SE	1.50	12.0	SSE	89.1	102.6	102.6	118.2	29.795	0.00	0.00	785	33.76	956	5.5	1.18	7.2	0.000	0.502	90.7	73	80.8	110.5	13.42	 .0693	0.000	702	1	100.0	30
03/19/20	3:00 p	88.4	90.4	88.2	68	76.5	2.0	SE	1.00	8.0	SSE	88.4	99.4	99.4	116.9	29.787	0.00	0.00	739	31.78	865	4.5	0.96	5.4	0.000	0.488	89.8	73	80.0	107.2	13.45	 .0694	0.020	699	1	100.0	30
03/19/20	3:30 p	88.0	88.9	88.0	67	75.7	2.0	ESE	1.00	7.0	S	88.0	97.7	97.7	115.6	29.789	0.00	0.00	618	26.58	694	2.9	0.62	3.8	0.000	0.479	89.1	74	79.7	105.2	13.77	 .0695	0.000	702	1	100.0	30
03/19/20	4:00 p	87.7	88.4	87.1	71	77.1	2.0	SE	1.00	7.0	S	87.7	99.0	99.0	114.8	29.796	0.00	0.00	444	19.09	557	1.7	0.36	2.3	0.000	0.473	88.3	76	79.8	103.3	14.35	 .0696	0.014	700	1	100.0	30
03/19/20	4:30 p	86.6	87.7	86.5	70	75.6	2.0	ESE	1.00	9.0	SE	86.6	96.6	96.6	103.4	29.795	0.00	0.00	182	7.83	417	0.8	0.17	1.3	0.000	0.450	87.9	76	79.4	101.8	14.38	 .0697	0.000	702	1	100.0	30
03/19/20	5:00 p	85.6	86.6	85.6	75	76.8	1.0	SE	0.50	5.0	ENE	85.6	96.0	96.0	96.5	29.803	0.00	0.00	93	4.00	121	0.1	0.02	0.5	0.000	0.429	87.4	78	79.7	101.9	14.96	 .0698	0.004	702	1	100.0	30
03/19/20	5:30 p	84.8	85.6	84.8	74	75.6	1.0	SE	0.50	4.0	SSE	84.8	93.9	93.9	93.4	29.816	0.00	0.00	49	2.11	70	0.0	0.00	0.0	0.000	0.413	86.9	79	79.6	101.3	15.34	 .0699	0.000	701	1	100.0	30
03/19/20	6:00 p	83.2	84.8	83.2	78	75.6	1.0	S	0.50	3.0	ESE	83.2	91.6	91.6	90.1	29.830	0.00	0.00	5	0.22	26	0.0	0.00	0.0	0.000	0.379	86.2	80	79.3	99.5	15.70	 .0700	0.001	702	1	100.0	30
03/19/20	6:30 p	82.3	83.2	82.3	79	75.1	0.0	ENE	0.00	4.0	SE	82.3	89.4	89.4	87.8	29.841	0.00	0.00	0	0.00	0	0.0	0.00	0.0	0.000	0.360	85.4	81	78.9	97.8	16.13	 .0702	0.000	700	1	100.0	30
03/19/20	7:00 p	81.0	82.4	81.0	82	75.0	0.0	SSE	0.00	1.0	SSE	81.0	87.0	87.0	85.4	29.861	0.00	0.00	0	0.00	0	0.0	0.00	0.0	0.000	0.333	84.7	82	78.6	96.6	16.56	 .0704	0.001	700	1	100.0	30
03/19/20	7:30 p	80.7	81.0	80.6	83	75.1	0.0	---	0.00	0.0	---	80.7	86.6	86.6	85.0	29.872	0.00	0.00	0	0.00	0	0.0	0.00	0.0	0.000	0.327	84.1	84	78.7	96.0	17.29	 .0705	0.000	700	1	100.0	30
03/19/20	8:00 p	80.4	80.9	80.3	83	74.8	0.0	---	0.00	0.0	---	80.4	86.0	86.0	84.4	29.893	0.00	0.00	0	0.00	0	0.0	0.00	0.0	0.000	0.321	83.8	85	78.8	95.5	17.72	 .0705	0.001	701	1	100.0	30
03/19/20	8:30 p	80.4	80.4	80.2	84	75.1	0.0	---	0.00	0.0	---	80.4	86.2	86.2	84.6	29.909	0.00	0.00	0	0.00	0	0.0	0.00	0.0	0.000	0.321	83.6	85	78.6	94.9	17.73	 .0706	0.000	699	1	100.0	30
03/19/20	9:00 p	80.7	80.8	80.4	83	75.1	0.0	N	0.00	3.0	NW	80.7	86.6	86.6	85.0	29.918	0.00	0.00	0	0.00	0	0.0	0.00	0.0	0.000	0.327	83.5	86	78.9	95.0	18.14	 .0706	0.001	699	1	100.0	30
03/19/20	9:30 p	79.9	80.7	79.9	85	75.0	0.0	NNW	0.00	2.0	ENE	79.9	85.4	85.4	83.8	29.924	0.00	0.00	0	0.00	0	0.0	0.00	0.0	0.000	0.310	83.0	87	78.7	93.8	18.57	 .0707	0.000	699	1	100.0	30
03/19/20	10:00 p	79.2	79.9	79.2	86	74.6	0.0	---	0.00	0.0	---	79.2	84.3	84.3	82.7	29.946	0.00	0.00	0	0.00	0	0.0	0.00	0.0	0.000	0.296	82.3	88	78.4	92.2	19.12	 .0709	0.001	701	1	100.0	30
03/19/20	10:30 p	77.4	79.2	77.4	85	72.5	1.0	ESE	0.50	10.0	SSE	77.4	81.2	81.2	79.4	29.949	0.00	0.00	0	0.00	0	0.0	0.00	0.0	0.000	0.258	81.9	87	77.6	90.8	18.64	 .0710	0.000	700	1	100.0	30
03/19/20	11:00 p	77.3	77.9	77.3	85	72.4	0.0	ENE	0.00	2.0	ENE	77.3	81.1	81.1	79.3	29.947	0.00	0.00	0	0.00	0	0.0	0.00	0.0	0.000	0.256	81.2	87	77.0	88.9	18.68	 .0712	0.001	698	1	100.0	30
03/19/20	11:30 p	77.1	77.4	77.1	85	72.2	0.0	ENE	0.00	2.0	ENE	77.1	80.8	80.8	79.0	29.937	0.00	0.00	0	0.00	0	0.0	0.00	0.0	0.000	0.252	80.7	88	76.8	87.9	19.28	 .0712	0.000	701	1	100.0	30
03/20/20	12:00 a	77.0	77.1	76.9	86	72.5	0.0	ENE	0.00	1.0	ENE	77.0	80.7	80.7	78.9	29.920	0.00	0.00	0	0.00	0	0.0	0.00	0.0	0.000	0.250	80.3	89	76.8	87.3	19.92	 .0712	0.001	703	1	100.0	30
03/20/20	12:30 a	76.9	77.1	76.8	86	72.4	0.0	---	0.00	0.0	---	76.9	80.5	80.5	78.7	29.908	0.00	0.00	0	0.00	0	0.0	0.00	0.0	0.000	0.248	80.1	89	76.6	86.8	19.94	 .0712	0.000	698	1	100.0	30
03/20/20	1:00 a	76.2	76.9	76.2	87	72.0	0.0	ENE	0.00	1.0	ENE	76.2	79.6	79.6	77.8	29.900	0.00	0.00	0	0.00	0	0.0	0.00	0.0	0.000	0.233	79.8	89	76.3	86.1	19.95	 .0713	0.001	698	1	100.0	30
03/20/20	1:30 a	76.2	76.3	76.0	87	72.0	0.0	ENE	0.00	1.0	ENE	76.2	79.6	79.6	77.8	29.891	0.00	0.00	0	0.00	0	0.0	0.00	0.0	0.000	0.233	79.4	90	76.2	85.5	20.45	 .0713	0.000	698	1	100.0	30
03/20/20	2:00 a	76.2	76.3	76.1	87	72.0	0.0	ENE	0.00	1.0	ENE	76.2	79.6	79.6	77.8	29.890	0.01	0.00	0	0.00	0	0.0	0.00	0.0	0.000	0.233	79.2	90	76.0	85.1	20.45	 .0713	0.001	702	1	100.0	30
03/20/20	2:30 a	76.0	76.2	75.9	87	71.8	0.0	---	0.00	0.0	---	76.0	79.3	79.3	77.5	29.889	0.00	0.00	0	0.00	0	0.0	0.00	0.0	0.000	0.229	78.9	90	75.7	84.5	20.45	 .0714	0.000	701	1	100.0	30
03/20/20	3:00 a	75.9	76.0	75.8	88	72.1	0.0	ENE	0.00	1.0	ENE	75.9	79.3	79.3	77.5	29.887	0.00	0.00	0	0.00	0	0.0	0.00	0.0	0.000	0.227	78.7	91	75.8	84.3	21.02	 .0714	0.001	699	1	100.0	30
03/20/20	3:30 a	75.8	76.0	75.8	88	72.0	0.0	---	0.00	0.0	---	75.8	79.2	79.2	77.4	29.885	0.00	0.00	0	0.00	0	0.0	0.00	0.0	0.000	0.225	78.5	91	75.7	83.9	21.02	 .0715	0.000	701	1	100.0	30
03/20/20	4:00 a	75.6	75.9	75.5	88	71.8	0.0	---	0.00	0.0	---	75.6	78.9	78.9	77.1	29.890	0.00	0.00	0	0.00	0	0.0	0.00	0.0	0.000	0.221	78.5	91	75.7	83.9	21.02	 .0715	0.000	699	1	100.0	30
03/20/20	4:30 a	75.3	75.7	75.2	88	71.5	0.0	---	0.00	0.0	---	75.3	78.6	78.6	76.8	29.892	0.00	0.00	0	0.00	0	0.0	0.00	0.0	0.000	0.215	78.0	91	75.2	82.9	21.01	 .0716	0.000	701	1	100.0	30
03/20/20	5:00 a	75.2	75.4	75.1	88	71.4	0.0	---	0.00	0.0	---	75.2	78.5	78.5	76.7	29.897	0.00	0.00	0	0.00	0	0.0	0.00	0.0	0.000	0.212	77.8	91	75.0	82.6	21.01	 .0716	0.000	700	1	100.0	30
03/20/20	5:30 a	75.0	75.2	74.9	88	71.2	0.0	---	0.00	0.0	---	75.0	78.2	78.2	76.4	29.904	0.00	0.00	0	0.00	0	0.0	0.00	0.0	0.000	0.208	77.6	92	75.1	82.3	21.10	 .0717	0.000	700	1	100.0	30
03/20/20	6:00 a	74.9	75.0	74.8	88	71.1	0.0	---	0.00	0.0	---	74.9	78.0	78.0	76.3	29.915	0.00	0.00	6	0.26	14	0.0	0.00	0.0	0.000	0.206	77.5	92	75.0	82.1	21.10	 .0717	0.000	702	1	100.0	30
03/20/20	6:30 a	75.5	75.5	75.0	88	71.7	0.0	---	0.00	0.0	---	75.5	78.8	78.8	78.9	29.924	0.00	0.00	23	0.99	32	0.0	0.00	0.0	0.000	0.219	78.0	92	75.5	83.0	21.11	 .0716	0.000	701	1	100.0	30
03/20/20	7:00 a	76.4	76.4	75.5	88	72.6	0.0	---	0.00	0.0	---	76.4	80.0	80.0	80.5	29.932	0.00	0.00	35	1.51	39	0.0	0.00	0.0	0.000	0.238	79.1	92	76.6	85.4	21.13	 .0714	0.001	701	1	100.0	30
03/20/20	7:30 a	77.1	77.2	76.4	88	73.3	0.0	---	0.00	0.0	---	77.1	81.0	81.0	81.5	29.939	0.00	0.00	42	1.81	47	0.0	0.00	0.0	0.000	0.252	80.9	91	78.0	89.3	20.98	 .0711	0.000	701	1	100.0	30
03/20/20	8:00 a	79.4	79.4	77.1	87	75.2	1.0	WSW	0.50	4.0	NNW	79.4	84.9	84.9	85.6	29.949	0.00	0.00	51	2.19	54	0.0	0.00	0.0	0.000	0.300	82.8	88	78.9	93.6	19.07	 .0708	0.001	702	1	100.0	30
03/20/20	8:30 a	84.9	84.9	79.4	74	75.7	1.0	NNW	0.50	4.0	NW	84.9	94.1	94.1	95.0	29.947	0.00	0.00	62	2.67	67	3.0	0.64	3.8	0.000	0.415	84.6	84	79.2	97.1	17.27	 .0705	0.000	696	1	100.0	30
03/20/20	9:00 a	89.1	89.1	84.8	63	74.9	1.0	S	0.50	4.0	ESE	89.1	99.0	99.0	100.5	29.945	0.00	0.00	90	3.87	195	4.6	0.99	5.4	0.000	0.502	86.1	81	79.6	99.6	16.11	 .0703	0.002	701	1	100.0	30
03/20/20	9:30 a	88.3	89.1	87.7	67	75.9	2.0	SSW	1.00	8.0	WSW	88.3	98.6	98.6	108.8	29.954	0.00	0.00	516	22.19	693	6.0	1.29	7.1	0.000	0.485	87.2	79	79.9	102.0	15.32	 .0702	0.000	700	1	100.0	30
03/20/20	10:00 a	88.9	89.1	88.1	66	76.1	2.0	SSE	1.00	8.0	WSW	88.9	99.9	99.9	112.2	29.959	0.00	0.00	702	30.19	826	7.9	1.69	8.7	0.000	0.498	88.2	78	80.5	104.1	14.89	 .0700	0.017	702	1	100.0	30
03/20/20	10:30 a	89.3	90.2	87.9	67	76.9	2.0	SW	1.00	7.0	WSW	89.3	101.7	101.7	114.5	29.945	0.00	0.00	818	35.18	988	9.0	1.93	10.0	0.000	0.506	88.8	76	80.3	105.4	14.32	 .0699	0.000	701	1	100.0	30
03/20/20	11:00 a	88.6	90.3	88.6	68	76.7	2.0	SSW	1.00	7.0	WSW	88.6	100.0	100.0	111.3	29.932	0.00	0.00	1014	43.61	1049	10.6	2.27	11.1	0.000	0.492	89.4	75	80.4	107.1	14.07	 .0698	0.025	702	1	100.0	30
03/20/20	11:30 a	88.6	89.3	88.4	65	75.3	2.0	S	1.00	7.0	SE	88.6	98.5	98.5	110.0	29.923	0.00	0.00	1043	44.85	1053	11.3	2.42	11.6	0.000	0.492	89.6	73	79.8	106.5	13.46	 .0698	0.000	701	1	100.0	30
03/20/20	12:00 p	90.0	90.4	88.5	66	77.1	2.0	SE	1.00	7.0	ESE	90.0	103.4	103.4	115.6	29.909	0.00	0.00	1056	45.41	1062	11.6	2.49	11.7	0.000	0.521	90.2	72	79.9	107.9	13.14	 .0697	0.029	701	1	100.0	30
03/20/20	12:30 p	90.7	90.7	88.9	65	77.3	2.0	SE	1.00	10.0	SE	90.7	104.8	104.8	117.7	29.896	0.00	0.00	1051	45.20	1062	11.4	2.44	11.6	0.000	0.535	90.6	70	79.5	107.7	12.54	 .0696	0.000	698	1	100.0	30
03/20/20	1:00 p	89.3	90.7	89.0	63	75.0	3.0	SE	1.50	8.0	SE	89.3	99.6	99.6	113.0	29.875	0.00	0.00	1018	43.78	1039	10.6	2.27	11.1	0.000	0.506	90.7	69	79.1	107.4	12.34	 .0696	0.029	699	1	100.0	30
03/20/20	1:30 p	89.0	90.6	88.6	63	74.8	3.0	SSE	1.50	11.0	SSE	89.0	98.7	98.7	112.7	29.860	0.00	0.00	966	41.54	1011	9.4	2.01	10.1	0.000	0.500	90.9	69	79.3	108.0	12.33	 .0695	0.000	702	1	100.0	30
03/20/20	2:00 p	89.6	90.1	88.9	64	75.8	3.0	SE	1.50	8.0	SE	89.6	101.0	101.0	115.8	29.853	0.00	0.00	894	38.45	932	7.9	1.69	8.7	0.000	0.512	90.7	69	79.1	107.4	12.34	 .0695	0.026	701	1	100.0	30
03/20/20	2:30 p	89.3	91.3	88.9	62	74.6	2.0	S	1.00	9.0	S	89.3	99.1	99.1	114.7	29.845	0.00	0.00	803	34.53	851	6.2	1.33	7.0	0.000	0.506	90.3	67	77.8	104.9	11.85	 .0697	0.000	701	1	100.0	30
03/20/20	3:00 p	89.3	90.2	88.8	64	75.5	2.0	SSE	1.00	9.0	ESE	89.3	100.1	100.1	116.4	29.840	0.00	0.00	698	30.02	752	4.5	0.96	5.3	0.000	0.506	89.7	69	78.2	104.2	12.35	 .0697	0.021	699	1	100.0	30
03/20/20	3:30 p	89.0	89.3	88.2	61	73.8	3.0	SSE	1.50	9.0	S	89.0	97.8	97.8	114.3	29.839	0.00	0.00	580	24.94	638	3.0	0.64	3.7	0.000	0.500	88.8	70	77.7	101.6	12.55	 .0698	0.000	700	1	100.0	30
03/20/20	4:00 p	87.9	89.0	87.9	64	74.2	2.0	SE	1.00	8.0	ESE	87.9	96.3	96.3	112.1	29.836	0.00	0.00	449	19.31	517	1.8	0.39	2.3	0.000	0.477	88.1	72	77.9	100.3	13.19	 .0699	0.015	701	1	100.0	30
03/20/20	4:30 p	86.5	87.9	86.3	70	75.5	1.0	SSE	0.50	7.0	SSE	86.5	96.4	96.4	102.0	29.837	0.00	0.00	156	6.71	381	0.8	0.17	1.3	0.000	0.448	87.3	74	78.0	99.7	13.80	 .0700	0.000	700	1	100.0	30
03/20/20	5:00 p	85.0	86.6	85.0	72	75.0	1.0	ESE	0.50	6.0	ESE	85.0	93.6	93.6	92.9	29.835	0.00	0.00	46	1.98	54	0.0	0.00	0.0	0.000	0.417	86.6	75	77.7	98.6	14.19	 .0701	0.003	701	1	100.0	30
03/20/20	5:30 p	83.8	85.0	83.6	75	75.0	1.0	NE	0.50	5.0	SSE	83.8	92.2	92.2	91.3	29.847	0.00	0.00	32	1.38	37	0.0	0.00	0.0	0.000	0.392	85.9	77	77.8	97.5	14.80	 .0702	0.000	700	1	100.0	30
03/20/20	6:00 p	81.8	83.8	81.8	78	74.3	0.0	SW	0.00	2.0	SW	81.8	87.9	87.9	86.3	29.854	0.00	0.00	4	0.17	23	0.0	0.00	0.0	0.000	0.350	85.3	79	78.0	96.8	15.43	 .0703	0.001	700	1	100.0	30
03/20/20	6:30 p	80.9	81.8	80.9	81	74.5	0.0	SW	0.00	1.0	SW	80.9	86.6	86.6	85.0	29.858	0.00	0.00	0	0.00	0	0.0	0.00	0.0	0.000	0.331	84.5	81	78.0	95.8	16.17	 .0704	0.000	702	1	100.0	30
03/20/20	7:00 p	79.8	80.9	79.8	82	73.8	0.0	---	0.00	0.0	---	79.8	84.6	84.6	82.9	29.868	0.00	0.00	0	0.00	0	0.0	0.00	0.0	0.000	0.308	83.6	82	77.5	94.0	16.58	 .0706	0.001	703	1	100.0	30
03/20/20	7:30 p	79.3	79.8	79.3	83	73.7	0.0	---	0.00	0.0	---	79.3	83.9	83.9	82.2	29.887	0.00	0.00	0	0.00	0	0.0	0.00	0.0	0.000	0.298	83.0	84	77.7	92.8	17.33	 .0707	0.000	701	1	100.0	30
03/20/20	8:00 p	78.9	79.3	78.9	84	73.7	0.0	---	0.00	0.0	---	78.9	83.4	83.4	81.7	29.897	0.00	0.00	0	0.00	0	0.0	0.00	0.0	0.000	0.290	82.5	85	77.5	91.8	17.80	 .0708	0.001	700	1	100.0	30
03/20/20	8:30 p	78.5	79.0	78.4	85	73.6	0.0	---	0.00	0.0	---	78.5	82.9	82.9	81.2	29.906	0.00	0.00	0	0.00	0	0.0	0.00	0.0	0.000	0.281	82.0	86	77.4	90.7	18.23	 .0709	0.000	702	1	100.0	30
03/20/20	9:00 p	78.1	78.5	78.1	85	73.2	0.0	---	0.00	0.0	---	78.1	82.3	82.3	80.6	29.908	0.00	0.00	0	0.00	0	0.0	0.00	0.0	0.000	0.273	81.6	86	77.0	89.7	18.25	 .0710	0.001	701	1	100.0	30
03/20/20	9:30 p	78.1	78.3	78.1	85	73.2	0.0	---	0.00	0.0	---	78.1	82.3	82.3	80.6	29.912	0.00	0.00	0	0.00	0	0.0	0.00	0.0	0.000	0.273	81.5	87	77.3	89.7	18.66	 .0710	0.000	702	1	100.0	30
03/20/20	10:00 p	77.8	78.2	77.8	86	73.3	0.0	---	0.00	0.0	---	77.8	81.9	81.9	80.2	29.913	0.00	0.00	0	0.00	0	0.0	0.00	0.0	0.000	0.267	81.2	87	77.0	88.9	18.68	 .0711	0.001	702	1	100.0	30
03/20/20	10:30 p	77.5	77.9	77.5	86	73.0	0.0	---	0.00	0.0	---	77.5	81.5	81.5	79.7	29.917	0.00	0.00	0	0.00	0	0.0	0.00	0.0	0.000	0.260	80.8	88	76.9	88.2	19.27	 .0711	0.000	700	1	100.0	30
03/20/20	11:00 p	77.3	77.5	77.2	86	72.8	0.0	---	0.00	0.0	---	77.3	81.1	81.1	79.3	29.906	0.00	0.00	0	0.00	0	0.0	0.00	0.0	0.000	0.256	80.5	88	76.6	87.5	19.30	 .0712	0.001	699	1	100.0	30
03/20/20	11:30 p	76.8	77.3	76.8	86	72.3	0.0	---	0.00	0.0	---	76.8	80.4	80.4	78.6	29.898	0.00	0.00	0	0.00	0	0.0	0.00	0.0	0.000	0.246	80.2	88	76.3	86.8	19.33	 .0712	0.000	701	1	100.0	30
03/21/20	12:00 a	76.7	76.9	76.6	87	72.5	0.0	---	0.00	0.0	---	76.7	80.3	80.3	78.5	29.889	0.00	0.00	0	0.00	0	0.0	0.00	0.0	0.000	0.244	79.8	89	76.3	86.1	19.95	 .0712	0.001	698	1	100.0	30
03/21/20	12:30 a	76.5	76.7	76.5	87	72.3	0.0	---	0.00	0.0	---	76.5	80.0	80.0	78.2	29.879	0.00	0.00	0	0.00	0	0.0	0.00	0.0	0.000	0.240	79.6	89	76.1	85.7	19.95	 .0713	0.000	647	1	94.6	30
03/21/20	1:00 a	76.6	76.7	76.4	87	72.4	0.0	---	0.00	0.0	---	76.6	80.2	80.2	78.4	29.870	0.00	0.00	0	0.00	0	0.0	0.00	0.0	0.000	0.242	79.5	90	76.3	85.8	20.45	 .0712	0.001	701	1	100.0	30
03/21/20	1:30 a	76.5	76.6	76.4	87	72.3	0.0	---	0.00	0.0	---	76.5	80.0	80.0	78.2	29.861	0.00	0.00	0	0.00	0	0.0	0.00	0.0	0.000	0.240	79.3	90	76.1	85.3	20.45	 .0713	0.000	700	1	100.0	30
03/21/20	2:00 a	76.5	76.5	76.3	87	72.3	0.0	---	0.00	0.0	---	76.5	80.0	80.0	78.2	29.851	0.00	0.00	0	0.00	0	0.0	0.00	0.0	0.000	0.240	79.2	90	76.0	85.1	20.45	 .0712	0.001	701	1	100.0	30
03/21/20	2:30 a	76.0	76.5	76.0	87	71.8	0.0	---	0.00	0.0	---	76.0	79.3	79.3	77.5	29.849	0.00	0.00	0	0.00	0	0.0	0.00	0.0	0.000	0.229	78.9	90	75.7	84.5	20.45	 .0713	0.000	702	1	100.0	30
03/21/20	3:00 a	75.4	76.0	75.4	87	71.3	0.0	---	0.00	0.0	---	75.4	78.6	78.6	76.8	29.843	0.00	0.00	0	0.00	0	0.0	0.00	0.0	0.000	0.217	78.4	90	75.2	83.6	20.45	 .0714	0.001	701	1	100.0	30
03/21/20	3:30 a	75.1	75.4	75.0	87	71.0	0.0	---	0.00	0.0	---	75.1	78.3	78.3	76.4	29.850	0.00	0.00	0	0.00	0	0.0	0.00	0.0	0.000	0.210	78.0	91	75.2	82.9	21.01	 .0715	0.000	700	1	100.0	30
03/21/20	4:00 a	74.7	75.1	74.6	87	70.6	0.0	---	0.00	0.0	---	74.7	77.6	77.6	75.7	29.856	0.00	0.00	0	0.00	0	0.0	0.00	0.0	0.000	0.202	77.7	91	74.9	82.4	21.00	 .0715	0.001	699	1	100.0	30
03/21/20	4:30 a	74.5	74.8	74.4	88	70.7	0.0	---	0.00	0.0	---	74.5	77.3	77.3	75.4	29.863	0.00	0.00	0	0.00	0	0.0	0.00	0.0	0.000	0.198	77.4	91	74.6	81.8	21.00	 .0716	0.000	702	1	100.0	30
03/21/20	5:00 a	74.5	74.7	74.4	88	70.7	0.0	---	0.00	0.0	---	74.5	77.3	77.3	75.4	29.869	0.00	0.00	0	0.00	0	0.0	0.00	0.0	0.000	0.198	77.4	91	74.6	81.8	21.00	 .0716	0.000	702	1	100.0	30
03/21/20	5:30 a	74.4	74.5	74.3	88	70.6	0.0	---	0.00	0.0	---	74.4	77.1	77.1	75.2	29.876	0.00	0.00	0	0.00	0	0.0	0.00	0.0	0.000	0.196	77.0	92	74.5	81.2	21.09	 .0717	0.000	699	1	100.0	30
03/21/20	6:00 a	74.4	74.5	74.1	88	70.6	0.0	---	0.00	0.0	---	74.4	77.1	77.1	75.3	29.883	0.00	0.00	6	0.26	14	0.0	0.00	0.0	0.000	0.196	76.9	92	74.4	81.1	21.09	 .0718	0.000	699	1	100.0	30
03/21/20	6:30 a	74.9	74.9	74.4	88	71.1	0.0	---	0.00	0.0	---	74.9	78.0	78.0	78.1	29.896	0.00	0.00	23	0.99	30	0.0	0.00	0.0	0.000	0.206	77.4	92	74.9	81.9	21.10	 .0717	0.000	702	1	100.0	30
03/21/20	7:00 a	76.0	76.0	74.9	88	72.2	0.0	---	0.00	0.0	---	76.0	79.4	79.4	79.8	29.909	0.00	0.00	34	1.46	37	0.0	0.00	0.0	0.000	0.229	78.9	92	76.4	84.9	21.13	 .0714	0.001	702	1	100.0	30
03/21/20	7:30 a	77.3	77.3	76.0	88	73.5	0.0	---	0.00	0.0	---	77.3	81.3	81.3	81.8	29.912	0.00	0.00	42	1.81	46	0.0	0.00	0.0	0.000	0.256	80.5	90	77.3	88.0	20.41	 .0711	0.000	701	1	100.0	30
03/21/20	8:00 a	78.8	78.8	77.3	88	74.9	0.0	---	0.00	0.0	---	78.8	83.9	83.9	85.0	29.922	0.00	0.00	66	2.84	91	0.9	0.19	1.7	0.000	0.288	81.7	90	78.5	91.2	20.31	 .0709	0.001	700	1	100.0	30
03/21/20	8:30 a	82.5	82.7	78.8	82	76.4	1.0	SE	0.50	5.0	SSE	82.5	90.9	90.9	92.2	29.925	0.00	0.00	74	3.18	86	2.9	0.62	3.9	0.000	0.365	83.7	87	79.4	95.9	18.53	 .0706	0.000	700	1	100.0	30
03/21/20	9:00 a	87.0	87.0	82.5	73	77.3	2.0	S	1.00	7.0	SW	87.0	98.8	98.8	99.8	29.916	0.00	0.00	69	2.97	91	4.8	1.03	5.6	0.000	0.458	85.4	83	79.6	98.7	16.83	 .0703	0.002	703	1	100.0	30
03/21/20	9:30 a	87.5	87.9	86.9	68	75.6	2.0	SSW	1.00	7.0	WSW	87.5	97.4	97.4	106.1	29.918	0.00	0.00	419	18.02	650	6.4	1.37	7.2	0.000	0.469	86.5	80	79.6	100.4	15.69	 .0702	0.000	698	1	100.0	30
03/21/20	10:00 a	88.7	89.0	87.3	68	76.8	2.0	S	1.00	7.0	SSW	88.7	100.3	100.3	112.4	29.914	0.00	0.00	685	29.46	738	8.1	1.74	8.9	0.000	0.494	87.4	79	80.1	102.5	15.31	 .0700	0.015	701	1	100.0	30
03/21/20	10:30 a	88.9	89.3	88.2	66	76.1	1.0	SSW	0.50	6.0	SSE	88.9	99.9	99.9	112.4	29.905	0.00	0.00	882	37.93	998	9.6	2.06	10.3	0.000	0.498	88.3	76	79.8	103.3	14.35	 .0699	0.000	699	1	100.0	30
03/21/20	11:00 a	88.8	89.4	88.5	62	74.1	2.0	SSE	1.00	8.0	W	88.8	97.7	97.7	108.9	29.895	0.00	0.00	1024	44.04	1046	10.8	2.31	11.3	0.000	0.496	88.9	72	78.7	103.2	13.17	 .0699	0.026	702	1	100.0	30
03/21/20	11:30 a	89.1	89.9	88.4	62	74.4	2.0	SSE	1.00	8.0	SSE	89.1	98.5	98.5	110.0	29.882	0.00	0.00	1058	45.50	1069	11.6	2.49	11.8	0.000	0.502	89.2	70	78.1	103.0	12.55	 .0699	0.000	701	1	100.0	30
03/21/20	12:00 p	89.7	89.7	88.5	63	75.4	2.0	S	1.00	6.0	SSW	89.7	100.7	100.7	112.9	29.874	0.00	0.00	1070	46.02	1072	11.8	2.53	11.9	0.000	0.515	89.6	69	78.1	103.8	12.35	 .0698	0.029	698	1	100.0	30
03/21/20	12:30 p	89.1	90.0	89.1	64	75.3	2.0	S	1.00	8.0	SSE	89.1	99.4	99.4	112.2	29.853	0.00	0.00	1059	45.54	1069	11.5	2.46	11.8	0.000	0.502	90.1	71	79.4	106.9	12.85	 .0696	0.000	701	1	100.0	30
03/21/20	1:00 p	89.8	90.3	88.8	62	75.0	2.0	SSE	1.00	10.0	E	89.8	100.4	100.4	113.9	29.837	0.00	0.00	1029	44.25	1042	10.7	2.29	11.2	0.000	0.517	90.2	71	79.5	107.2	12.85	 .0695	0.029	698	1	100.0	30
03/21/20	1:30 p	89.4	90.7	89.4	63	75.1	2.0	SSE	1.00	6.0	SSE	89.4	99.8	99.8	114.1	29.819	0.00	0.00	983	42.27	1005	9.6	2.06	10.2	0.000	0.508	90.6	70	79.5	107.7	12.54	 .0694	0.000	700	1	100.0	30
03/21/20	2:00 p	89.1	90.2	89.1	63	74.9	2.0	SSW	1.00	8.0	S	89.1	99.0	99.0	114.0	29.809	0.00	0.00	908	39.05	942	8.0	1.71	8.8	0.000	0.502	90.7	69	79.1	107.4	12.34	 .0694	0.026	696	1	100.0	30
03/21/20	2:30 p	88.4	89.8	88.3	64	74.7	2.0	SE	1.00	7.0	SE	88.4	97.5	97.5	113.0	29.805	0.00	0.00	800	34.40	879	6.2	1.33	7.2	0.000	0.488	90.1	69	78.6	105.5	12.35	 .0695	0.000	700	1	100.0	30
03/21/20	3:00 p	88.5	88.8	87.0	67	76.1	2.0	S	1.00	10.0	S	88.5	99.2	99.2	114.5	29.796	0.00	0.00	657	28.25	744	4.3	0.92	5.2	0.000	0.490	89.2	70	78.1	103.0	12.55	 .0697	0.020	702	1	100.0	30
03/21/20	3:30 p	87.8	89.0	87.5	65	74.6	2.0	SE	1.00	8.0	NNW	87.8	96.6	96.6	112.8	29.796	0.00	0.00	573	24.64	645	3.0	0.64	3.7	0.000	0.475	88.4	71	77.8	100.9	12.85	 .0698	0.000	701	1	100.0	30
03/21/20	4:00 p	87.2	88.6	87.1	66	74.5	2.0	ESE	1.00	7.0	ESE	87.2	96.2	96.2	112.2	29.790	0.00	0.00	458	19.70	534	1.8	0.39	2.4	0.000	0.462	87.5	71	76.9	98.7	12.85	 .0700	0.014	699	1	100.0	30
03/21/20	4:30 p	85.9	87.4	85.7	69	74.5	2.0	S	1.00	6.0	SSE	85.9	94.7	94.7	100.3	29.793	0.00	0.00	158	6.79	383	0.8	0.17	1.3	0.000	0.435	87.2	73	77.5	99.1	13.51	 .0700	0.000	702	1	100.0	30
03/21/20	5:00 p	84.8	85.8	84.8	71	74.3	1.0	SE	0.50	4.0	SSE	84.8	92.8	92.8	92.6	29.794	0.00	0.00	69	2.97	86	0.0	0.00	0.5	0.000	0.413	86.6	76	78.1	99.0	14.45	 .0700	0.004	699	1	100.0	30
03/21/20	5:30 p	83.0	84.9	83.0	76	74.6	0.0	SSE	0.00	4.0	SSE	83.0	90.4	90.4	89.5	29.800	0.00	0.00	36	1.55	54	0.0	0.00	0.0	0.000	0.375	85.9	78	78.2	97.8	15.08	 .0701	0.000	700	1	100.0	30
03/21/20	6:00 p	81.2	83.0	81.2	79	74.1	0.0	SE	0.00	2.0	SSE	81.2	86.7	86.7	85.1	29.807	0.00	0.00	4	0.17	12	0.0	0.00	0.0	0.000	0.337	85.0	79	77.8	96.0	15.45	 .0703	0.001	703	1	100.0	30
03/21/20	6:30 p	80.1	81.3	80.1	81	73.7	0.0	SE	0.00	1.0	SE	80.1	84.9	84.9	83.2	29.817	0.00	0.00	0	0.00	0	0.0	0.00	0.0	0.000	0.315	84.2	80	77.4	94.9	15.78	 .0704	0.000	696	1	100.0	30
03/21/20	7:00 p	79.0	80.1	78.9	83	73.4	0.0	---	0.00	0.0	---	79.0	83.3	83.3	81.6	29.817	0.00	0.00	0	0.00	0	0.0	0.00	0.0	0.000	0.292	83.1	82	77.0	92.5	16.59	 .0706	0.001	700	1	100.0	30
03/21/20	7:30 p	78.3	79.0	78.2	84	73.1	0.0	SE	0.00	1.0	SE	78.3	82.4	82.4	80.7	29.829	0.00	0.00	0	0.00	0	0.0	0.00	0.0	0.000	0.277	82.3	83	76.6	90.6	16.96	 .0707	0.000	701	1	100.0	30
03/21/20	8:00 p	77.8	78.3	77.7	84	72.6	0.0	---	0.00	0.0	---	77.8	81.7	81.7	79.9	29.846	0.00	0.00	0	0.00	0	0.0	0.00	0.0	0.000	0.267	81.7	84	76.4	89.3	17.38	 .0709	0.001	702	1	100.0	30
03/21/20	8:30 p	77.5	77.8	77.4	85	72.6	0.0	---	0.00	0.0	---	77.5	81.3	81.3	79.5	29.855	0.00	0.00	0	0.00	0	0.0	0.00	0.0	0.000	0.260	81.2	85	76.3	88.3	17.88	 .0710	0.000	701	1	100.0	30
03/21/20	9:00 p	77.2	77.6	77.2	85	72.3	0.0	---	0.00	0.0	---	77.2	80.9	80.9	79.1	29.857	0.00	0.00	0	0.00	0	0.0	0.00	0.0	0.000	0.254	80.9	86	76.3	87.9	18.30	 .0710	0.001	701	1	100.0	30
03/21/20	9:30 p	76.7	77.3	76.7	86	72.2	0.0	---	0.00	0.0	---	76.7	80.3	80.3	78.5	29.857	0.00	0.00	0	0.00	0	0.0	0.00	0.0	0.000	0.244	80.2	87	76.0	86.5	18.74	 .0711	0.000	700	1	100.0	30
03/21/20	10:00 p	76.3	76.7	76.3	86	71.8	0.0	---	0.00	0.0	---	76.3	79.7	79.7	77.9	29.859	0.00	0.00	0	0.00	0	0.0	0.00	0.0	0.000	0.235	79.8	87	75.6	85.7	18.76	 .0712	0.001	700	1	100.0	30
03/21/20	10:30 p	76.0	76.3	75.9	86	71.5	0.0	---	0.00	0.0	---	76.0	79.3	79.3	77.5	29.856	0.00	0.00	0	0.00	0	0.0	0.00	0.0	0.000	0.229	79.4	88	75.5	85.1	19.37	 .0713	0.000	700	1	100.0	30
03/21/20	11:00 p	75.9	76.0	75.8	87	71.8	0.0	---	0.00	0.0	---	75.9	79.2	79.2	77.4	29.860	0.00	0.00	0	0.00	0	0.0	0.00	0.0	0.000	0.227	79.0	88	75.1	84.3	19.39	 .0714	0.001	702	1	100.0	30
03/21/20	11:30 p	75.6	76.0	75.6	87	71.5	0.0	---	0.00	0.0	---	75.6	78.9	78.9	77.1	29.847	0.00	0.00	0	0.00	0	0.0	0.00	0.0	0.000	0.221	78.9	89	75.4	84.3	19.95	 .0713	0.000	703	1	100.0	30
03/22/20	12:00 a	75.2	75.6	75.2	87	71.1	0.0	---	0.00	0.0	---	75.2	78.4	78.4	76.6	29.833	0.00	0.00	0	0.00	0	0.0	0.00	0.0	0.000	0.212	78.5	89	75.0	83.6	19.95	 .0714	0.001	702	1	100.0	30
03/22/20	12:30 a	75.1	75.3	74.9	87	71.0	0.0	---	0.00	0.0	---	75.1	78.3	78.3	76.4	29.821	0.00	0.00	0	0.00	0	0.0	0.00	0.0	0.000	0.210	78.2	89	74.7	83.0	19.95	 .0714	0.000	698	1	100.0	30
03/22/20	1:00 a	74.7	75.1	74.6	87	70.6	0.0	---	0.00	0.0	---	74.7	77.6	77.6	75.7	29.810	0.00	0.00	0	0.00	0	0.0	0.00	0.0	0.000	0.202	77.8	89	74.3	82.3	19.95	 .0715	0.001	696	1	100.0	30
03/22/20	1:30 a	74.4	74.7	74.4	87	70.3	0.0	---	0.00	0.0	---	74.4	77.0	77.0	75.1	29.799	0.00	0.00	0	0.00	0	0.0	0.00	0.0	0.000	0.196	77.6	90	74.4	82.1	20.45	 .0714	0.000	700	1	100.0	30
03/22/20	2:00 a	74.4	74.5	74.2	88	70.6	0.0	---	0.00	0.0	---	74.4	77.1	77.1	75.2	29.785	0.00	0.00	0	0.00	0	0.0	0.00	0.0	0.000	0.196	77.2	90	74.0	81.4	20.45	 .0715	0.001	695	1	100.0	30
03/22/20	2:30 a	73.9	74.4	73.7	88	70.1	0.0	---	0.00	0.0	---	73.9	76.2	76.2	74.3	29.782	0.00	0.00	0	0.00	0	0.0	0.00	0.0	0.000	0.185	76.9	90	73.7	80.9	20.45	 .0715	0.000	701	1	100.0	30
03/22/20	3:00 a	73.7	74.0	73.6	88	69.9	0.0	---	0.00	0.0	---	73.7	76.0	76.0	74.0	29.786	0.00	0.00	0	0.00	0	0.0	0.00	0.0	0.000	0.181	76.7	90	73.5	80.5	20.45	 .0716	0.000	702	1	100.0	30
03/22/20	3:30 a	73.6	73.7	73.4	88	69.8	0.0	---	0.00	0.0	---	73.6	75.9	75.9	73.9	29.789	0.00	0.00	0	0.00	0	0.0	0.00	0.0	0.000	0.179	76.4	91	73.6	80.2	20.98	 .0716	0.000	702	1	100.0	30
03/22/20	4:00 a	73.5	73.7	73.4	88	69.7	0.0	---	0.00	0.0	---	73.5	75.8	75.8	73.8	29.791	0.00	0.00	0	0.00	0	0.0	0.00	0.0	0.000	0.177	76.3	91	73.5	80.1	20.98	 .0717	0.000	701	1	100.0	30
03/22/20	4:30 a	73.5	73.5	73.3	88	69.7	0.0	---	0.00	0.0	---	73.5	75.8	75.8	73.8	29.799	0.00	0.00	0	0.00	0	0.0	0.00	0.0	0.000	0.177	76.1	91	73.3	79.8	20.97	 .0717	0.000	702	1	100.0	30
03/22/20	5:00 a	73.5	73.7	73.4	88	69.7	0.0	---	0.00	0.0	---	73.5	75.8	75.8	73.8	29.804	0.00	0.00	0	0.00	0	0.0	0.00	0.0	0.000	0.177	76.1	91	73.3	79.8	20.97	 .0717	0.000	701	1	100.0	30
03/22/20	5:30 a	73.5	73.6	73.3	88	69.7	0.0	---	0.00	0.0	---	73.5	75.8	75.8	73.8	29.811	0.00	0.00	0	0.00	0	0.0	0.00	0.0	0.000	0.177	76.0	92	73.5	79.7	21.07	 .0718	0.000	701	1	100.0	30
03/22/20	6:00 a	73.7	73.7	73.3	88	69.9	0.0	---	0.00	0.0	---	73.7	76.0	76.0	74.2	29.828	0.00	0.00	8	0.34	25	0.0	0.00	0.0	0.000	0.181	76.0	92	73.5	79.7	21.07	 .0718	0.000	703	1	100.0	30
03/22/20	6:30 a	74.4	74.4	73.6	88	70.6	0.0	---	0.00	0.0	---	74.4	77.1	77.1	77.4	29.839	0.00	0.00	28	1.20	30	0.0	0.00	0.0	0.000	0.196	76.7	92	74.2	80.7	21.08	 .0717	0.000	700	1	100.0	30
03/22/20	7:00 a	75.5	75.5	74.4	88	71.7	0.0	---	0.00	0.0	---	75.5	78.8	78.8	79.1	29.854	0.00	0.00	32	1.38	37	0.0	0.00	0.0	0.000	0.219	78.0	93	75.8	83.2	21.21	 .0714	0.001	702	1	100.0	30
03/22/20	7:30 a	76.7	76.7	75.5	88	72.9	0.0	---	0.00	0.0	---	76.7	80.4	80.4	80.9	29.869	0.00	0.00	41	1.76	44	0.0	0.00	0.0	0.000	0.244	80.0	91	77.1	87.1	21.05	 .0711	0.000	702	1	100.0	30
03/22/20	8:00 a	78.0	78.0	76.7	88	74.2	0.0	---	0.00	0.0	---	78.0	82.5	82.5	83.3	29.881	0.00	0.00	54	2.32	81	0.5	0.11	1.8	0.000	0.271	81.4	92	78.9	91.0	21.18	 .0708	0.001	701	1	100.0	30
03/22/20	8:30 a	81.5	82.9	78.0	83	75.8	0.0	---	0.00	0.0	---	81.5	88.5	88.5	90.6	29.885	0.00	0.00	105	4.52	130	2.6	0.56	3.2	0.000	0.344	83.5	86	78.9	95.0	18.14	 .0706	0.000	699	1	100.0	30
03/22/20	9:00 a	84.4	84.4	80.8	81	77.9	0.0	---	0.00	0.0	---	84.4	95.6	95.6	98.7	29.882	0.00	0.00	149	6.41	183	3.6	0.77	5.2	0.000	0.404	84.3	85	79.3	96.8	17.69	 .0704	0.003	703	1	100.0	30
03/22/20	9:30 a	83.0	84.3	83.0	81	76.6	0.0	---	0.00	0.0	---	83.0	92.0	92.0	96.2	29.881	0.00	0.00	199	8.56	425	3.5	0.75	5.9	0.000	0.375	84.8	83	79.1	97.2	16.86	 .0704	0.000	699	1	100.0	30
03/22/20	10:00 a	84.9	84.9	82.9	75	76.1	1.0	SSW	0.50	4.0	S	84.9	94.4	94.4	101.6	29.877	0.00	0.00	340	14.62	840	4.8	1.03	8.2	0.000	0.415	84.8	81	78.3	96.4	16.16	 .0704	0.008	702	1	100.0	30
03/22/20	10:30 a	88.7	88.9	85.0	66	75.9	1.0	SSW	0.50	7.0	WSW	88.7	99.3	99.3	112.0	29.866	0.00	0.00	854	36.73	1004	8.1	1.74	9.6	0.000	0.494	86.3	79	79.0	99.4	15.37	 .0701	0.000	699	1	100.0	30
03/22/20	11:00 a	88.5	89.3	88.3	68	76.6	2.0	S	1.00	9.0	WSW	88.5	99.7	99.7	111.2	29.855	0.00	0.00	1039	44.68	1071	10.1	2.16	10.5	0.000	0.490	87.8	77	79.7	102.2	14.68	 .0699	0.025	701	1	100.0	30
03/22/20	11:30 a	88.5	89.1	87.8	67	76.1	2.0	SE	1.00	7.0	SSE	88.5	99.2	99.2	110.9	29.845	0.00	0.00	1065	45.80	1083	10.8	2.31	11.0	0.000	0.490	88.5	75	79.6	103.4	14.11	 .0698	0.000	702	1	100.0	30
03/22/20	12:00 p	89.6	90.2	88.5	67	77.2	2.0	SSW	1.00	8.0	SSW	89.6	102.7	102.7	114.9	29.835	0.00	0.00	1068	45.93	1071	11.0	2.36	11.1	0.000	0.512	89.0	74	79.6	104.9	13.77	 .0697	0.029	701	1	100.0	30
03/22/20	12:30 p	90.1	90.2	88.7	66	77.2	2.0	SSW	1.00	8.0	SE	90.1	103.7	103.7	116.6	29.815	0.00	0.00	1059	45.54	1074	10.7	2.29	10.9	0.000	0.523	89.0	73	79.2	104.2	13.47	 .0696	0.000	700	1	100.0	30
03/22/20	1:00 p	88.6	90.6	88.6	66	75.8	2.0	SSW	1.00	9.0	SE	88.6	99.0	99.0	112.4	29.795	0.00	0.00	1025	44.08	1051	9.9	2.12	10.3	0.000	0.492	89.7	73	79.9	106.8	13.46	 .0695	0.029	699	1	100.0	30
03/22/20	1:30 p	89.2	89.6	88.1	65	75.9	2.0	SSE	1.00	7.0	SSE	89.2	100.2	100.2	114.1	29.779	0.00	0.00	960	41.29	998	8.6	1.84	9.4	0.000	0.504	89.7	72	79.5	106.1	13.16	 .0695	0.000	702	1	100.0	30
03/22/20	2:00 p	90.0	91.3	88.6	65	76.6	2.0	SE	1.00	8.0	SE	90.0	102.8	102.8	117.4	29.770	0.00	0.00	882	37.93	914	7.2	1.54	7.8	0.000	0.521	90.1	72	79.8	107.6	13.15	 .0693	0.025	699	1	100.0	30
03/22/20	2:30 p	89.2	90.5	88.7	64	75.4	3.0	SE	1.50	8.0	SE	89.2	99.8	99.8	115.2	29.758	0.00	0.00	795	34.19	844	5.8	1.24	6.6	0.000	0.504	89.6	71	78.9	105.1	12.85	 .0695	0.000	702	1	100.0	30
03/22/20	3:00 p	88.7	89.5	87.8	65	75.4	3.0	SE	1.50	9.0	SSE	88.7	98.8	98.8	114.8	29.751	0.00	0.00	691	29.72	744	4.2	0.90	5.0	0.000	0.494	88.8	71	78.2	102.2	12.85	 .0696	0.021	699	1	100.0	30
03/22/20	3:30 p	87.6	89.4	87.5	66	74.8	2.0	SE	1.00	9.0	SE	87.6	96.7	96.7	112.9	29.761	0.00	0.00	574	24.69	635	2.8	0.60	3.5	0.000	0.471	88.0	72	77.8	100.0	13.19	 .0698	0.000	701	1	100.0	30
03/22/20	4:00 p	87.4	88.4	87.4	66	74.6	2.0	SE	1.00	7.0	E	87.4	96.5	96.5	112.0	29.767	0.00	0.00	446	19.18	510	1.7	0.36	2.2	0.000	0.467	87.4	74	78.1	99.9	13.80	 .0698	0.014	702	1	100.0	30
03/22/20	4:30 p	85.7	87.5	85.7	70	74.8	1.0	S	0.50	6.0	S	85.7	94.6	94.6	98.5	29.767	0.00	0.00	123	5.29	369	0.7	0.15	1.2	0.000	0.431	86.7	75	77.8	98.8	14.18	 .0699	0.000	702	1	100.0	30
03/22/20	5:00 p	84.8	85.6	84.8	71	74.3	1.0	E	0.50	7.0	SE	84.8	92.8	92.8	92.1	29.772	0.00	0.00	46	1.98	53	0.0	0.00	0.0	0.000	0.413	86.2	76	77.7	97.9	14.48	 .0700	0.003	702	1	100.0	30
03/22/20	5:30 p	82.6	84.9	82.6	77	74.7	0.0	SE	0.00	2.0	SE	82.6	89.7	89.7	88.6	29.779	0.00	0.00	23	0.99	33	0.0	0.00	0.0	0.000	0.367	85.6	78	77.9	97.1	15.10	 .0701	0.000	699	1	100.0	30
03/22/20	6:00 p	81.0	82.7	81.0	80	74.2	0.0	SE	0.00	3.0	SE	81.0	86.5	86.5	84.9	29.791	0.00	0.00	4	0.17	12	0.0	0.00	0.0	0.000	0.333	84.6	81	78.1	96.0	16.17	 .0702	0.001	702	1	100.0	30
03/22/20	6:30 p	79.9	81.0	79.8	82	73.9	0.0	SE	0.00	1.0	SE	79.9	84.8	84.8	83.1	29.803	0.00	0.00	0	0.00	0	0.0	0.00	0.0	0.000	0.310	83.6	83	77.9	94.3	16.91	 .0704	0.000	701	1	100.0	30
03/22/20	7:00 p	79.8	79.9	79.4	82	73.8	1.0	NNE	0.50	5.0	NNE	79.8	84.6	84.6	82.9	29.813	0.00	0.00	0	0.00	0	0.0	0.00	0.0	0.000	0.308	83.2	83	77.5	93.1	16.92	 .0705	0.001	702	1	100.0	30
03/22/20	7:30 p	79.5	80.2	79.5	82	73.5	0.0	NNE	0.00	2.0	NNE	79.5	84.1	84.1	82.4	29.826	0.00	0.00	0	0.00	0	0.0	0.00	0.0	0.000	0.302	82.8	84	77.5	92.3	17.34	 .0706	0.000	702	1	100.0	30
03/22/20	8:00 p	78.9	79.5	78.9	84	73.7	0.0	---	0.00	0.0	---	78.9	83.4	83.4	81.7	29.839	0.00	0.00	0	0.00	0	0.0	0.00	0.0	0.000	0.290	82.4	85	77.4	91.5	17.81	 .0707	0.001	703	1	100.0	30
03/22/20	8:30 p	78.2	78.9	78.1	84	73.0	0.0	---	0.00	0.0	---	78.2	82.3	82.3	80.5	29.854	0.00	0.00	0	0.00	0	0.0	0.00	0.0	0.000	0.275	81.8	86	77.2	90.2	18.24	 .0708	0.000	701	1	100.0	30
03/22/20	9:00 p	77.7	78.2	77.7	85	72.8	0.0	---	0.00	0.0	---	77.7	81.6	81.6	79.8	29.862	0.00	0.00	0	0.00	0	0.0	0.00	0.0	0.000	0.265	81.4	86	76.8	89.1	18.27	 .0709	0.001	702	1	100.0	30
03/22/20	9:30 p	77.0	77.7	77.0	85	72.1	0.0	---	0.00	0.0	---	77.0	80.6	80.6	78.8	29.866	0.00	0.00	0	0.00	0	0.0	0.00	0.0	0.000	0.250	81.0	86	76.4	88.1	18.29	 .0710	0.000	700	1	100.0	30
03/22/20	10:00 p	76.6	77.1	76.6	86	72.1	0.0	---	0.00	0.0	---	76.6	80.1	80.1	78.3	29.867	0.00	0.00	0	0.00	0	0.0	0.00	0.0	0.000	0.242	80.6	87	76.4	87.4	18.71	 .0711	0.001	697	1	100.0	30
03/22/20	10:30 p	76.2	76.6	76.2	86	71.7	0.0	---	0.00	0.0	---	76.2	79.5	79.5	77.7	29.869	0.00	0.00	0	0.00	0	0.0	0.00	0.0	0.000	0.233	80.1	87	75.9	86.3	18.74	 .0712	0.000	700	1	100.0	30
03/22/20	11:00 p	75.8	76.2	75.8	87	71.7	0.0	---	0.00	0.0	---	75.8	79.1	79.1	77.3	29.864	0.00	0.00	0	0.00	0	0.0	0.00	0.0	0.000	0.225	79.7	87	75.5	85.5	18.77	 .0713	0.001	697	1	100.0	30
03/22/20	11:30 p	75.6	75.8	75.5	87	71.5	0.0	---	0.00	0.0	---	75.6	78.9	78.9	77.1	29.862	0.00	0.00	0	0.00	0	0.0	0.00	0.0	0.000	0.221	79.3	88	75.4	84.9	19.38	 .0713	0.000	701	1	100.0	30
03/23/20	12:00 a	75.2	75.6	75.2	87	71.1	0.0	---	0.00	0.0	---	75.2	78.4	78.4	76.6	29.856	0.00	0.00	0	0.00	0	0.0	0.00	0.0	0.000	0.212	79.0	88	75.1	84.3	19.39	 .0714	0.001	702	1	100.0	30
03/23/20	12:30 a	75.1	75.3	75.0	87	71.0	0.0	---	0.00	0.0	---	75.1	78.3	78.3	76.4	29.845	0.00	0.00	0	0.00	0	0.0	0.00	0.0	0.000	0.210	78.8	88	74.9	83.9	19.40	 .0714	0.000	701	1	100.0	30
03/23/20	1:00 a	74.8	75.1	74.8	87	70.7	0.0	---	0.00	0.0	---	74.8	77.8	77.8	75.9	29.838	0.00	0.00	0	0.00	0	0.0	0.00	0.0	0.000	0.204	78.3	89	74.8	83.2	19.95	 .0714	0.001	697	1	100.0	30
03/23/20	1:30 a	74.7	74.9	74.6	87	70.6	0.0	---	0.00	0.0	---	74.7	77.6	77.6	75.7	29.827	0.00	0.00	0	0.00	0	0.0	0.00	0.0	0.000	0.202	78.0	89	74.5	82.7	19.95	 .0715	0.000	700	1	100.0	30
03/23/20	2:00 a	74.4	74.7	74.4	87	70.3	0.0	---	0.00	0.0	---	74.4	77.0	77.0	75.1	29.819	0.00	0.00	0	0.00	0	0.0	0.00	0.0	0.000	0.196	77.8	89	74.3	82.3	19.95	 .0715	0.001	701	1	100.0	30
03/23/20	2:30 a	74.6	74.8	74.2	88	70.8	0.0	---	0.00	0.0	---	74.6	77.5	77.5	75.6	29.819	0.00	0.00	0	0.00	0	0.0	0.00	0.0	0.000	0.200	77.7	90	74.5	82.3	20.45	 .0715	0.000	703	1	100.0	30
03/23/20	3:00 a	74.4	74.6	74.4	88	70.6	0.0	---	0.00	0.0	---	74.4	77.1	77.1	75.2	29.820	0.00	0.00	0	0.00	0	0.0	0.00	0.0	0.000	0.196	77.5	90	74.3	81.9	20.45	 .0715	0.000	698	1	100.0	30
03/23/20	3:30 a	74.1	74.5	74.1	88	70.3	0.0	---	0.00	0.0	---	74.1	76.5	76.5	74.6	29.823	0.00	0.00	0	0.00	0	0.0	0.00	0.0	0.000	0.190	77.3	90	74.1	81.5	20.45	 .0716	0.000	703	1	100.0	30
03/23/20	4:00 a	73.9	74.2	73.8	88	70.1	0.0	---	0.00	0.0	---	73.9	76.2	76.2	74.3	29.830	0.00	0.00	0	0.00	0	0.0	0.00	0.0	0.000	0.185	77.0	90	73.8	81.0	20.45	 .0716	0.000	702	1	100.0	30
03/23/20	4:30 a	73.7	74.1	73.7	88	69.9	0.0	---	0.00	0.0	---	73.7	76.0	76.0	74.0	29.836	0.00	0.00	0	0.00	0	0.0	0.00	0.0	0.000	0.181	76.8	91	74.0	80.8	20.99	 .0717	0.000	702	1	100.0	30
03/23/20	5:00 a	73.5	73.7	73.3	88	69.7	0.0	---	0.00	0.0	---	73.5	75.8	75.8	73.8	29.842	0.00	0.00	0	0.00	0	0.0	0.00	0.0	0.000	0.177	76.5	91	73.7	80.3	20.98	 .0718	0.000	702	1	100.0	30
03/23/20	5:30 a	73.2	73.6	73.1	88	69.4	0.0	---	0.00	0.0	---	73.2	75.5	75.5	73.5	29.848	0.00	0.00	0	0.00	0	0.0	0.00	0.0	0.000	0.171	76.3	91	73.5	80.1	20.98	 .0718	0.000	698	1	100.0	30
03/23/20	6:00 a	73.5	73.5	73.2	88	69.7	0.0	---	0.00	0.0	---	73.5	75.8	75.8	74.0	29.855	0.00	0.00	6	0.26	12	0.0	0.00	0.0	0.000	0.177	76.1	91	73.3	79.8	20.97	 .0719	0.000	701	1	100.0	30
03/23/20	6:30 a	74.5	74.5	73.5	88	70.7	0.0	---	0.00	0.0	---	74.5	77.3	77.3	77.2	29.864	0.00	0.00	20	0.86	26	0.0	0.00	0.0	0.000	0.198	76.6	92	74.1	80.6	21.08	 .0718	0.000	702	1	100.0	30
03/23/20	7:00 a	75.8	75.8	74.4	88	72.0	0.0	---	0.00	0.0	---	75.8	79.2	79.2	79.4	29.877	0.00	0.00	29	1.25	32	0.0	0.00	0.0	0.000	0.225	78.0	93	75.8	83.2	21.21	 .0715	0.001	702	1	100.0	30
03/23/20	7:30 a	77.0	77.0	75.8	88	73.2	0.0	---	0.00	0.0	---	77.0	80.8	80.8	81.3	29.881	0.00	0.00	41	1.76	46	0.0	0.00	0.0	0.000	0.250	80.1	93	77.9	87.8	21.25	 .0711	0.000	700	1	100.0	30
03/23/20	8:00 a	78.2	78.2	77.0	88	74.4	0.0	---	0.00	0.0	---	78.2	82.9	82.9	83.4	29.892	0.00	0.00	44	1.89	47	0.0	0.00	0.0	0.000	0.275	82.2	91	79.3	93.0	20.87	 .0707	0.001	699	1	100.0	30
03/23/20	8:30 a	83.1	83.1	78.2	80	76.3	0.0	SE	0.00	3.0	S	83.1	92.0	92.0	92.6	29.889	0.00	0.00	51	2.19	54	0.0	0.00	0.0	0.000	0.377	83.9	83	78.2	95.2	16.89	 .0706	0.000	701	1	100.0	30
03/23/20	9:00 a	86.9	86.9	83.2	70	75.9	1.0	SSE	0.50	4.0	SSE	86.9	97.3	97.3	97.9	29.891	0.00	0.00	57	2.45	60	3.5	0.75	5.3	0.000	0.456	85.5	81	79.0	98.0	16.13	 .0703	0.002	701	1	100.0	30
03/23/20	9:30 a	88.0	88.3	87.0	67	75.7	1.0	SSW	0.50	6.0	S	88.0	97.7	97.7	101.5	29.897	0.00	0.00	187	8.04	566	6.1	1.31	6.9	0.000	0.479	86.1	79	78.8	98.8	15.38	 .0702	0.000	700	1	100.0	30
03/23/20	10:00 a	88.6	88.8	88.0	65	75.3	2.0	S	1.00	7.0	S	88.6	98.5	98.5	110.5	29.893	0.00	0.00	678	29.16	714	7.6	1.63	8.4	0.000	0.492	87.0	79	79.7	101.6	15.33	 .0701	0.012	700	1	100.0	30
03/23/20	10:30 a	89.2	89.5	88.4	66	76.4	2.0	S	1.00	7.0	ESE	89.2	100.8	100.8	113.5	29.887	0.00	0.00	866	37.24	998	9.1	1.95	9.7	0.000	0.504	87.7	77	79.6	102.0	14.69	 .0700	0.000	700	1	100.0	30
03/23/20	11:00 a	89.4	89.9	88.4	64	75.6	2.0	S	1.00	6.0	SW	89.4	100.4	100.4	111.5	29.882	0.00	0.00	1021	43.91	1041	10.2	2.19	10.6	0.000	0.508	88.6	74	79.2	103.3	13.78	 .0699	0.026	699	1	100.0	30
03/23/20	11:30 a	89.3	90.4	89.0	64	75.5	2.0	S	1.00	8.0	SE	89.3	100.1	100.1	111.5	29.870	0.00	0.00	1054	45.33	1065	11.0	2.36	11.1	0.000	0.506	89.2	72	79.0	104.3	13.17	 .0698	0.000	703	1	100.0	30
03/23/20	12:00 p	88.9	90.0	88.9	63	74.7	2.0	SSW	1.00	6.0	E	88.9	98.4	98.4	110.3	29.855	0.00	0.00	1064	45.76	1067	11.2	2.40	11.2	0.000	0.498	89.5	72	79.3	105.4	13.16	 .0697	0.029	700	1	100.0	30
03/23/20	12:30 p	89.3	90.1	88.8	66	76.4	2.0	S	1.00	8.0	ESE	89.3	101.1	101.1	113.8	29.846	0.00	0.00	1051	45.20	1060	10.9	2.34	11.1	0.000	0.506	89.8	73	80.0	107.2	13.45	 .0696	0.000	702	1	100.0	30
03/23/20	1:00 p	89.8	90.7	89.2	66	76.9	2.0	SSE	1.00	8.0	WSW	89.8	102.7	102.7	116.2	29.834	0.00	0.00	1033	44.42	1044	10.2	2.19	10.6	0.000	0.517	90.5	72	80.2	109.0	13.13	 .0694	0.029	699	1	100.0	30
03/23/20	1:30 p	91.1	91.5	89.7	64	77.2	2.0	SSW	1.00	6.0	SSE	91.1	105.2	105.2	119.9	29.820	0.00	0.00	1004	43.18	1069	9.2	1.97	9.9	0.000	0.544	90.8	71	80.1	109.2	12.83	 .0694	0.000	700	1	100.0	30
03/23/20	2:00 p	88.6	91.1	88.3	66	75.8	2.0	SE	1.00	9.0	SSE	88.6	99.0	99.0	112.5	29.817	0.00	0.00	830	35.69	1095	7.0	1.50	8.6	0.000	0.492	90.6	71	79.9	108.5	12.84	 .0694	0.024	700	1	100.0	30
03/23/20	2:30 p	90.6	90.6	87.8	64	76.7	3.0	SE	1.50	8.0	E	90.6	103.8	103.8	118.6	29.814	0.00	0.00	772	33.20	1056	5.3	1.14	7.0	0.000	0.533	90.0	71	79.3	106.5	12.85	 .0695	0.000	702	1	100.0	30
03/23/20	3:00 p	88.9	91.0	88.9	66	76.1	2.0	S	1.00	9.0	SSE	88.9	99.9	99.9	117.2	29.806	0.00	0.00	743	31.95	833	4.3	0.92	5.2	0.000	0.498	89.6	71	78.9	105.1	12.85	 .0696	0.019	699	1	100.0	30
03/23/20	3:30 p	88.2	89.3	86.6	66	75.4	2.0	SE	1.00	9.0	ESE	88.2	97.8	97.8	110.2	29.799	0.00	0.00	452	19.44	686	2.6	0.56	3.8	0.000	0.483	88.8	73	79.0	103.5	13.47	 .0696	0.000	699	1	100.0	30
03/23/20	4:00 p	87.7	88.8	87.6	66	74.9	2.0	SSE	1.00	10.0	SSE	87.7	96.9	96.9	112.8	29.809	0.00	0.00	458	19.70	563	1.7	0.36	2.3	0.000	0.473	88.0	73	78.3	100.4	13.49	 .0698	0.013	700	1	100.0	30
03/23/20	4:30 p	85.8	87.9	85.7	70	74.9	1.0	SE	0.50	5.0	SSE	85.8	94.8	94.8	100.3	29.813	0.00	0.00	156	6.71	438	0.7	0.15	1.1	0.000	0.433	87.8	74	78.5	100.6	13.79	 .0699	0.000	701	1	100.0	30
03/23/20	5:00 p	84.7	85.8	84.6	73	75.1	1.0	SW	0.50	6.0	S	84.7	93.3	93.3	93.2	29.822	0.00	0.00	67	2.88	97	0.0	0.00	0.5	0.000	0.410	87.2	77	79.1	101.0	14.72	 .0699	0.004	700	1	100.0	30
03/23/20	5:30 p	82.9	84.7	82.9	77	74.9	0.0	SSE	0.00	3.0	SSE	82.9	90.5	90.5	89.3	29.825	0.00	0.00	21	0.90	32	0.0	0.00	0.0	0.000	0.373	86.4	78	78.7	99.3	15.04	 .0700	0.000	702	1	100.0	30
03/23/20	6:00 p	81.7	82.9	81.7	80	74.9	0.0	SE	0.00	2.0	SE	81.7	88.2	88.2	86.6	29.838	0.00	0.00	4	0.17	14	0.0	0.00	0.0	0.000	0.348	85.7	79	78.4	97.7	15.41	 .0702	0.001	701	1	100.0	30
03/23/20	6:30 p	80.9	81.8	80.9	81	74.5	0.0	SE	0.00	2.0	SE	80.9	86.6	86.6	85.0	29.843	0.00	0.00	0	0.00	0	0.0	0.00	0.0	0.000	0.331	85.0	80	78.1	96.4	15.75	 .0703	0.000	700	1	100.0	30
03/23/20	7:00 p	79.7	80.9	79.7	83	74.1	0.0	SE	0.00	1.0	SE	79.7	84.6	84.6	83.0	29.847	0.00	0.00	0	0.00	0	0.0	0.00	0.0	0.000	0.306	84.2	82	78.1	95.6	16.57	 .0704	0.001	700	1	100.0	30
03/23/20	7:30 p	79.1	79.7	79.1	84	73.8	0.0	SE	0.00	1.0	SE	79.1	83.7	83.7	82.0	29.862	0.00	0.00	0	0.00	0	0.0	0.00	0.0	0.000	0.294	83.5	83	77.8	94.0	16.91	 .0706	0.000	701	1	100.0	30
03/23/20	8:00 p	78.8	79.1	78.7	84	73.6	0.0	---	0.00	0.0	---	78.8	83.2	83.2	81.5	29.871	0.00	0.00	0	0.00	0	0.0	0.00	0.0	0.000	0.288	83.1	84	77.8	93.1	17.33	 .0707	0.001	700	1	100.0	30
03/23/20	8:30 p	78.1	78.8	78.1	85	73.2	0.0	---	0.00	0.0	---	78.1	82.3	82.3	80.6	29.876	0.00	0.00	0	0.00	0	0.0	0.00	0.0	0.000	0.273	82.4	85	77.4	91.5	17.81	 .0708	0.000	702	1	100.0	30
03/23/20	9:00 p	77.7	78.1	77.6	85	72.8	0.0	---	0.00	0.0	---	77.7	81.6	81.6	79.8	29.882	0.00	0.00	0	0.00	0	0.0	0.00	0.0	0.000	0.265	81.9	85	76.9	90.1	17.84	 .0709	0.001	700	1	100.0	30
03/23/20	9:30 p	77.3	77.7	77.3	86	72.8	0.0	---	0.00	0.0	---	77.3	81.1	81.1	79.3	29.889	0.00	0.00	0	0.00	0	0.0	0.00	0.0	0.000	0.256	81.3	86	76.7	88.9	18.27	 .0710	0.000	703	1	100.0	30
03/23/20	10:00 p	77.0	77.3	76.9	86	72.5	0.0	---	0.00	0.0	---	77.0	80.7	80.7	78.9	29.889	0.00	0.00	0	0.00	0	0.0	0.00	0.0	0.000	0.250	80.9	87	76.7	88.1	18.70	 .0711	0.001	699	1	100.0	30
03/23/20	10:30 p	76.5	77.0	76.5	87	72.3	0.0	---	0.00	0.0	---	76.5	80.0	80.0	78.2	29.886	0.00	0.00	0	0.00	0	0.0	0.00	0.0	0.000	0.240	80.4	87	76.2	87.0	18.73	 .0712	0.000	703	1	100.0	30
03/23/20	11:00 p	76.1	76.6	76.1	87	71.9	0.0	---	0.00	0.0	---	76.1	79.5	79.5	77.7	29.882	0.00	0.00	0	0.00	0	0.0	0.00	0.0	0.000	0.231	80.1	88	76.2	86.6	19.34	 .0712	0.001	701	1	100.0	30
03/23/20	11:30 p	75.8	76.1	75.7	87	71.7	0.0	---	0.00	0.0	---	75.8	79.1	79.1	77.3	29.874	0.00	0.00	0	0.00	0	0.0	0.00	0.0	0.000	0.225	79.6	88	75.7	85.5	19.37	 .0713	0.000	701	1	100.0	30
03/24/20	12:00 a	75.4	75.8	75.3	87	71.3	0.0	---	0.00	0.0	---	75.4	78.6	78.6	76.8	29.868	0.00	0.00	0	0.00	0	0.0	0.00	0.0	0.000	0.217	79.2	88	75.3	84.7	19.38	 .0713	0.001	697	1	100.0	30
03/24/20	12:30 a	75.2	75.4	75.1	87	71.1	0.0	---	0.00	0.0	---	75.2	78.4	78.4	76.6	29.856	0.00	0.00	0	0.00	0	0.0	0.00	0.0	0.000	0.212	78.9	88	75.0	84.1	19.39	 .0714	0.000	702	1	100.0	30
03/24/20	1:00 a	75.1	75.3	75.1	87	71.0	0.0	---	0.00	0.0	---	75.1	78.3	78.3	76.4	29.847	0.00	0.00	0	0.00	0	0.0	0.00	0.0	0.000	0.210	78.7	89	75.2	83.9	19.95	 .0714	0.001	701	1	100.0	30
03/24/20	1:30 a	74.9	75.1	74.8	88	71.1	0.0	---	0.00	0.0	---	74.9	78.0	78.0	76.2	29.840	0.00	0.00	0	0.00	0	0.0	0.00	0.0	0.000	0.206	78.4	89	74.9	83.4	19.95	 .0714	0.000	698	1	100.0	30
03/24/20	2:00 a	74.9	75.0	74.6	88	71.1	0.0	---	0.00	0.0	---	74.9	78.0	78.0	76.2	29.835	0.00	0.00	0	0.00	0	0.0	0.00	0.0	0.000	0.206	78.1	89	74.6	82.8	19.95	 .0715	0.000	693	1	100.0	30
03/24/20	2:30 a	74.4	74.9	74.4	88	70.6	0.0	---	0.00	0.0	---	74.4	77.1	77.1	75.2	29.832	0.00	0.00	0	0.00	0	0.0	0.00	0.0	0.000	0.196	77.8	89	74.3	82.3	19.95	 .0715	0.000	700	1	100.0	30
03/24/20	3:00 a	74.1	74.5	74.1	88	70.3	0.0	---	0.00	0.0	---	74.1	76.5	76.5	74.6	29.834	0.00	0.00	0	0.00	0	0.0	0.00	0.0	0.000	0.190	77.6	90	74.4	82.1	20.45	 .0715	0.000	700	1	100.0	30
03/24/20	3:30 a	74.0	74.2	74.0	88	70.2	0.0	---	0.00	0.0	---	74.0	76.3	76.3	74.4	29.834	0.00	0.00	0	0.00	0	0.0	0.00	0.0	0.000	0.188	77.3	90	74.1	81.5	20.45	 .0716	0.000	701	1	100.0	30
03/24/20	4:00 a	74.0	74.2	73.9	88	70.2	0.0	---	0.00	0.0	---	74.0	76.3	76.3	74.4	29.836	0.00	0.00	0	0.00	0	0.0	0.00	0.0	0.000	0.188	77.2	90	74.0	81.4	20.45	 .0716	0.000	702	1	100.0	30
03/24/20	4:30 a	73.8	74.1	73.7	88	70.0	0.0	---	0.00	0.0	---	73.8	76.1	76.1	74.2	29.840	0.00	0.00	0	0.00	0	0.0	0.00	0.0	0.000	0.183	76.9	90	73.7	80.9	20.45	 .0717	0.000	701	1	100.0	30
03/24/20	5:00 a	73.5	73.9	73.5	88	69.7	0.0	---	0.00	0.0	---	73.5	75.8	75.8	73.8	29.844	0.00	0.00	0	0.00	0	0.0	0.00	0.0	0.000	0.177	76.6	91	73.8	80.5	20.98	 .0717	0.000	703	1	100.0	30
03/24/20	5:30 a	73.5	73.6	73.3	88	69.7	0.0	---	0.00	0.0	---	73.5	75.8	75.8	73.8	29.851	0.00	0.00	0	0.00	0	0.0	0.00	0.0	0.000	0.177	76.4	91	73.6	80.2	20.98	 .0718	0.000	699	1	100.0	30
03/24/20	6:00 a	73.7	73.7	73.3	88	69.9	0.0	---	0.00	0.0	---	73.7	76.0	76.0	74.2	29.855	0.00	0.00	6	0.26	12	0.0	0.00	0.0	0.000	0.181	76.3	91	73.5	80.1	20.98	 .0718	0.000	703	1	100.0	30
03/24/20	6:30 a	74.2	74.2	73.7	88	70.4	0.0	---	0.00	0.0	---	74.2	76.7	76.7	76.7	29.865	0.00	0.00	21	0.90	26	0.0	0.00	0.0	0.000	0.192	76.8	92	74.3	80.9	21.09	 .0717	0.000	700	1	100.0	30
03/24/20	7:00 a	75.3	75.3	74.2	88	71.5	0.0	---	0.00	0.0	---	75.3	78.6	78.6	78.8	29.878	0.00	0.00	29	1.25	32	0.0	0.00	0.0	0.000	0.215	78.1	91	75.3	83.1	21.01	 .0715	0.001	701	1	100.0	30
03/24/20	7:30 a	76.5	76.5	75.3	88	72.7	0.0	---	0.00	0.0	---	76.5	80.1	80.1	80.4	29.887	0.00	0.00	35	1.51	40	0.0	0.00	0.0	0.000	0.240	80.0	91	77.1	87.1	21.05	 .0711	0.000	698	1	100.0	30
03/24/20	8:00 a	78.0	78.0	76.5	88	74.2	0.0	---	0.00	0.0	---	78.0	82.5	82.5	82.9	29.898	0.00	0.00	42	1.81	46	0.0	0.00	0.0	0.000	0.271	82.0	91	79.1	92.5	20.89	 .0708	0.001	702	1	100.0	30
03/24/20	8:30 a	82.3	82.3	78.0	84	77.0	0.0	---	0.00	0.0	---	82.3	90.9	90.9	91.6	29.892	0.00	0.00	53	2.28	58	1.3	0.28	3.7	0.000	0.360	83.9	87	79.6	96.6	18.52	 .0705	0.000	699	1	100.0	30
03/24/20	9:00 a	86.7	86.8	82.4	72	76.6	1.0	S	0.50	5.0	SSW	86.7	97.6	97.6	98.4	29.901	0.00	0.00	63	2.71	69	4.6	0.99	5.3	0.000	0.452	85.5	83	79.7	98.9	16.83	 .0703	0.002	701	1	100.0	30
03/24/20	9:30 a	88.0	88.0	86.7	68	76.1	2.0	SSE	1.00	6.0	S	88.0	98.1	98.1	100.1	29.906	0.00	0.00	114	4.90	313	6.1	1.31	6.9	0.000	0.479	86.8	79	79.5	101.0	15.34	 .0701	0.000	699	1	100.0	30
03/24/20	10:00 a	89.1	89.2	87.9	67	76.7	2.0	SSE	1.00	5.0	SSW	89.1	101.0	101.0	112.8	29.897	0.00	0.00	646	27.78	703	7.7	1.65	8.4	0.000	0.502	87.5	78	79.8	102.2	14.95	 .0700	0.011	699	1	100.0	30
03/24/20	10:30 a	89.0	89.7	88.3	68	77.1	2.0	SE	1.00	6.0	S	89.0	101.2	101.2	114.0	29.890	0.00	0.00	861	37.03	990	9.1	1.95	9.7	0.000	0.500	88.2	76	79.7	102.8	14.36	 .0699	0.000	702	1	100.0	30
03/24/20	11:00 a	90.0	90.0	88.7	66	77.1	2.0	SE	1.00	9.0	ESE	90.0	103.4	103.4	114.6	29.882	0.00	0.00	1017	43.74	1037	10.2	2.19	10.6	0.000	0.521	88.5	75	79.6	103.4	14.11	 .0698	0.026	701	1	100.0	30
03/24/20	11:30 a	90.3	90.3	89.6	64	76.5	2.0	SE	1.00	7.0	SE	90.3	103.0	103.0	114.4	29.869	0.00	0.00	1050	45.16	1058	10.9	2.34	11.1	0.000	0.527	89.0	73	79.2	104.2	13.47	 .0698	0.000	703	1	100.0	30
03/24/20	12:00 p	90.3	90.9	89.6	64	76.5	2.0	SSW	1.00	7.0	SSW	90.3	103.0	103.0	114.9	29.862	0.00	0.00	1058	45.50	1065	11.1	2.38	11.2	0.000	0.527	89.9	73	80.1	107.6	13.45	 .0696	0.029	699	1	100.0	30
03/24/20	12:30 p	90.7	90.9	89.6	64	76.8	2.0	SE	1.00	7.0	ENE	90.7	104.1	104.1	116.6	29.851	0.00	0.00	1046	44.98	1058	10.8	2.31	11.1	0.000	0.535	89.9	71	79.2	106.2	12.85	 .0696	0.000	703	1	100.0	30
03/24/20	1:00 p	90.7	91.1	90.2	62	75.9	2.0	SE	1.00	6.0	S	90.7	102.8	102.8	116.0	29.838	0.00	0.00	1020	43.87	1039	10.0	2.14	10.5	0.000	0.535	90.4	71	79.7	107.9	12.84	 .0695	0.029	701	1	100.0	30
03/24/20	1:30 p	90.7	90.9	89.5	63	76.4	3.0	SSE	1.50	10.0	SSE	90.7	103.5	103.5	117.4	29.825	0.00	0.00	966	41.54	1016	8.9	1.91	9.5	0.000	0.535	90.8	70	79.7	108.4	12.53	 .0694	0.000	702	1	100.0	30
03/24/20	2:00 p	90.3	90.8	88.9	64	76.5	2.0	SSE	1.00	8.0	SSE	90.3	103.0	103.0	115.6	29.813	0.00	0.00	781	33.59	1067	6.7	1.44	8.3	0.000	0.527	90.6	71	79.9	108.5	12.84	 .0694	0.024	702	1	100.0	30
03/24/20	2:30 p	89.9	90.7	89.2	66	77.0	2.0	SSE	1.00	6.0	SSW	89.9	103.1	103.1	119.9	29.801	0.00	0.00	866	37.24	912	5.8	1.24	6.8	0.000	0.519	90.5	71	79.8	108.2	12.84	 .0694	0.000	701	1	100.0	30
03/24/20	3:00 p	88.4	90.4	88.4	65	75.1	3.0	SSE	1.50	9.0	SE	88.4	97.9	97.9	113.5	29.790	0.00	0.00	680	29.24	916	4.0	0.86	5.1	0.000	0.488	90.0	70	78.9	105.8	12.55	 .0695	0.021	700	1	100.0	30
03/24/20	3:30 p	88.8	89.3	88.3	66	76.0	2.0	SE	1.00	10.0	ESE	88.8	99.6	99.6	116.8	29.788	0.00	0.00	611	26.28	673	2.8	0.60	3.6	0.000	0.496	89.2	71	78.6	103.7	12.85	 .0696	0.000	701	1	100.0	30
03/24/20	4:00 p	87.9	89.5	87.4	69	76.5	2.0	S	1.00	5.0	SE	87.9	98.4	98.4	110.1	29.786	0.00	0.00	347	14.92	548	1.5	0.32	2.3	0.000	0.477	88.9	72	78.7	103.2	13.17	 .0696	0.013	702	1	100.0	30
03/24/20	4:30 p	86.3	87.9	86.3	69	74.9	1.0	SE	0.50	6.0	ESE	86.3	95.6	95.6	100.8	29.793	0.00	0.00	150	6.45	364	0.7	0.15	1.1	0.000	0.444	88.3	73	78.5	101.6	13.48	 .0697	0.000	696	1	100.0	30
03/24/20	5:00 p	85.0	86.3	85.0	71	74.5	1.0	SE	0.50	5.0	SSE	85.0	93.2	93.2	93.0	29.787	0.00	0.00	66	2.84	109	0.1	0.02	0.5	0.000	0.417	87.4	76	78.9	100.9	14.41	 .0698	0.004	701	1	100.0	30
03/24/20	5:30 p	83.7	85.1	83.7	76	75.3	1.0	SSE	0.50	3.0	SE	83.7	92.3	92.3	91.4	29.794	0.00	0.00	32	1.38	40	0.0	0.00	0.0	0.000	0.390	86.5	77	78.4	99.2	14.76	 .0700	0.000	701	1	100.0	30
03/24/20	6:00 p	81.8	83.7	81.8	79	74.6	0.0	ESE	0.00	3.0	ESE	81.8	88.2	88.2	86.6	29.800	0.00	0.00	4	0.17	18	0.0	0.00	0.0	0.000	0.350	85.8	79	78.5	98.0	15.40	 .0701	0.001	702	1	100.0	30
03/24/20	6:30 p	80.7	81.8	80.7	81	74.3	0.0	ESE	0.00	1.0	ESE	80.7	86.1	86.1	84.5	29.809	0.00	0.00	0	0.00	0	0.0	0.00	0.0	0.000	0.327	85.0	81	78.5	96.8	16.15	 .0702	0.000	698	1	100.0	30
03/24/20	7:00 p	80.4	80.7	80.3	82	74.4	0.0	---	0.00	0.0	---	80.4	85.8	85.8	84.2	29.815	0.00	0.00	0	0.00	0	0.0	0.00	0.0	0.000	0.321	84.3	82	78.2	95.8	16.56	 .0703	0.001	703	1	100.0	30
03/24/20	7:30 p	80.5	81.1	80.4	82	74.5	1.0	NE	0.50	5.0	NE	80.5	86.0	86.0	84.4	29.818	0.00	0.00	0	0.00	0	0.0	0.00	0.0	0.000	0.323	83.9	84	78.5	95.5	17.29	 .0704	0.000	701	1	100.0	30
03/24/20	8:00 p	79.9	80.6	79.9	82	73.9	0.0	NNW	0.00	3.0	NNW	79.9	84.8	84.8	83.1	29.817	0.00	0.00	0	0.00	0	0.0	0.00	0.0	0.000	0.310	83.2	84	77.9	93.4	17.32	 .0705	0.001	702	1	100.0	30
03/24/20	8:30 p	78.9	79.9	78.9	84	73.7	0.0	WNW	0.00	1.0	WNW	78.9	83.4	83.4	81.7	29.829	0.00	0.00	0	0.00	0	0.0	0.00	0.0	0.000	0.290	82.5	86	77.9	92.1	18.20	 .0706	0.000	701	1	100.0	30
03/24/20	9:00 p	78.0	78.9	78.0	84	72.8	0.0	WNW	0.00	1.0	WNW	78.0	82.0	82.0	80.2	29.841	0.00	0.00	0	0.00	0	0.0	0.00	0.0	0.000	0.271	81.7	87	77.5	90.3	18.65	 .0708	0.001	699	1	100.0	30
03/24/20	9:30 p	77.5	78.0	77.4	85	72.6	0.0	---	0.00	0.0	---	77.5	81.3	81.3	79.5	29.849	0.00	0.00	0	0.00	0	0.0	0.00	0.0	0.000	0.260	81.2	87	77.0	88.9	18.68	 .0709	0.000	701	1	100.0	30
03/24/20	10:00 p	77.0	77.5	77.0	86	72.5	0.0	WNW	0.00	1.0	WNW	77.0	80.7	80.7	78.9	29.852	0.00	0.00	0	0.00	0	0.0	0.00	0.0	0.000	0.250	80.7	88	76.8	87.9	19.28	 .0710	0.001	700	1	100.0	30
03/24/20	10:30 p	76.7	77.1	76.6	86	72.2	0.0	---	0.00	0.0	---	76.7	80.3	80.3	78.5	29.851	0.00	0.00	0	0.00	0	0.0	0.00	0.0	0.000	0.244	80.2	88	76.3	86.8	19.33	 .0711	0.000	702	1	100.0	30
03/24/20	11:00 p	76.3	76.7	76.3	86	71.8	0.0	---	0.00	0.0	---	76.3	79.7	79.7	77.9	29.844	0.00	0.00	0	0.00	0	0.0	0.00	0.0	0.000	0.235	79.9	89	76.4	86.4	19.95	 .0711	0.001	701	1	100.0	30
03/24/20	11:30 p	76.1	76.4	76.1	86	71.6	0.0	---	0.00	0.0	---	76.1	79.4	79.4	77.6	29.840	0.00	0.00	0	0.00	0	0.0	0.00	0.0	0.000	0.231	79.6	89	76.1	85.7	19.95	 .0712	0.000	702	1	100.0	30
03/25/20	12:00 a	75.8	76.1	75.8	87	71.7	0.0	---	0.00	0.0	---	75.8	79.1	79.1	77.3	29.828	0.00	0.00	0	0.00	0	0.0	0.00	0.0	0.000	0.225	79.2	89	75.7	84.9	19.95	 .0712	0.001	701	1	100.0	30
03/25/20	12:30 a	75.4	75.8	75.4	87	71.3	0.0	---	0.00	0.0	---	75.4	78.6	78.6	76.8	29.817	0.00	0.00	0	0.00	0	0.0	0.00	0.0	0.000	0.217	78.8	90	75.6	84.3	20.45	 .0712	0.000	701	1	100.0	30
03/25/20	1:00 a	75.1	75.5	75.0	87	71.0	0.0	---	0.00	0.0	---	75.1	78.3	78.3	76.4	29.806	0.00	0.00	0	0.00	0	0.0	0.00	0.0	0.000	0.210	78.4	90	75.2	83.6	20.45	 .0713	0.001	701	1	100.0	30
03/25/20	1:30 a	74.6	75.1	74.6	87	70.5	0.0	---	0.00	0.0	---	74.6	77.4	77.4	75.5	29.801	0.00	0.00	0	0.00	0	0.0	0.00	0.0	0.000	0.200	78.1	90	74.9	83.0	20.45	 .0714	0.000	699	1	100.0	30
03/25/20	2:00 a	74.3	74.7	74.2	87	70.2	0.0	---	0.00	0.0	---	74.3	76.8	76.8	74.9	29.793	0.00	0.00	0	0.00	0	0.0	0.00	0.0	0.000	0.194	77.7	90	74.5	82.3	20.45	 .0714	0.001	698	1	100.0	30
03/25/20	2:30 a	74.1	74.3	74.0	87	70.0	0.0	---	0.00	0.0	---	74.1	76.5	76.5	74.5	29.794	0.00	0.00	0	0.00	0	0.0	0.00	0.0	0.000	0.190	77.4	90	74.2	81.7	20.45	 .0715	0.000	700	1	100.0	30
03/25/20	3:00 a	73.9	74.1	73.9	88	70.1	0.0	---	0.00	0.0	---	73.9	76.2	76.2	74.3	29.792	0.00	0.00	0	0.00	0	0.0	0.00	0.0	0.000	0.185	77.1	91	74.3	81.3	20.99	 .0715	0.000	697	1	100.0	30
03/25/20	3:30 a	73.9	74.0	73.7	87	69.8	0.0	---	0.00	0.0	---	73.9	76.2	76.2	74.2	29.786	0.00	0.00	0	0.00	0	0.0	0.00	0.0	0.000	0.185	76.9	91	74.1	80.9	20.99	 .0715	0.000	695	1	100.0	30
03/25/20	4:00 a	73.5	73.9	73.5	88	69.7	0.0	---	0.00	0.0	---	73.5	75.8	75.8	73.8	29.782	0.00	0.00	0	0.00	0	0.0	0.00	0.0	0.000	0.177	76.6	91	73.8	80.5	20.98	 .0716	0.000	702	1	100.0	30
03/25/20	4:30 a	73.5	73.5	73.2	88	69.7	0.0	---	0.00	0.0	---	73.5	75.8	75.8	73.8	29.783	0.00	0.00	0	0.00	0	0.0	0.00	0.0	0.000	0.177	76.4	91	73.6	80.2	20.98	 .0716	0.000	701	1	100.0	30
03/25/20	5:00 a	73.2	73.5	73.1	88	69.4	0.0	---	0.00	0.0	---	73.2	75.5	75.5	73.5	29.789	0.00	0.00	0	0.00	0	0.0	0.00	0.0	0.000	0.171	76.1	91	73.3	79.8	20.97	 .0717	0.000	699	1	100.0	30
03/25/20	5:30 a	72.9	73.3	72.9	88	69.1	0.0	---	0.00	0.0	---	72.9	75.2	75.2	73.2	29.796	0.00	0.00	0	0.00	0	0.0	0.00	0.0	0.000	0.165	75.9	91	73.1	79.5	20.97	 .0718	0.000	699	1	100.0	30
03/25/20	6:00 a	73.1	73.1	72.8	88	69.3	0.0	---	0.00	0.0	---	73.1	75.4	75.4	73.6	29.803	0.00	0.00	7	0.30	14	0.0	0.00	0.0	0.000	0.169	75.8	92	73.3	79.5	21.07	 .0718	0.000	703	1	100.0	30
03/25/20	6:30 a	73.7	73.7	73.1	88	69.9	0.0	---	0.00	0.0	---	73.7	76.0	76.0	76.0	29.813	0.00	0.00	22	0.95	26	0.0	0.00	0.0	0.000	0.181	76.2	92	73.7	80.0	21.07	 .0717	0.000	697	1	100.0	30
03/25/20	7:00 a	74.8	74.8	73.7	88	71.0	0.0	---	0.00	0.0	---	74.8	77.9	77.9	78.2	29.822	0.00	0.00	31	1.33	33	0.0	0.00	0.0	0.000	0.204	77.6	92	75.1	82.3	21.10	 .0715	0.001	702	1	100.0	30
03/25/20	7:30 a	75.8	75.8	74.8	88	72.0	0.0	---	0.00	0.0	---	75.8	79.2	79.2	79.5	29.833	0.00	0.00	38	1.63	42	0.0	0.00	0.0	0.000	0.225	79.5	91	76.6	86.0	21.04	 .0711	0.000	702	1	100.0	30
03/25/20	8:00 a	77.0	77.0	75.7	88	73.2	0.0	---	0.00	0.0	---	77.0	80.8	80.8	81.3	29.838	0.00	0.00	46	1.98	65	0.2	0.04	2.3	0.000	0.250	81.5	90	78.3	90.6	20.33	 .0707	0.001	702	1	100.0	30
03/25/20	8:30 a	81.7	81.7	77.0	84	76.4	0.0	---	0.00	0.0	---	81.7	89.3	89.3	90.2	29.835	0.00	0.00	62	2.67	69	3.0	0.64	3.7	0.000	0.348	83.5	84	78.2	94.3	17.31	 .0705	0.000	700	1	100.0	30
03/25/20	9:00 a	87.3	87.3	81.8	62	72.7	0.0	---	0.00	0.0	---	87.3	94.8	94.8	95.5	29.843	0.00	0.00	63	2.71	65	4.7	1.01	5.5	0.000	0.465	85.3	77	77.3	96.0	14.83	 .0703	0.002	700	1	100.0	30
03/25/20	9:30 a	88.6	88.8	87.3	63	74.4	0.0	---	0.00	0.0	---	88.6	97.6	97.6	98.7	29.842	0.00	0.00	79	3.40	153	6.3	1.35	7.1	0.000	0.492	86.5	75	77.6	98.3	14.19	 .0702	0.000	702	1	100.0	30
03/25/20	10:00 a	89.6	89.9	88.3	62	74.9	0.0	---	0.00	0.0	---	89.6	99.9	99.9	110.4	29.845	0.00	0.00	549	23.61	701	7.9	1.69	8.6	0.000	0.512	87.5	74	78.2	100.1	13.80	 .0700	0.009	701	1	100.0	30
03/25/20	10:30 a	88.2	89.5	88.2	65	74.9	0.0	---	0.00	0.0	---	88.2	97.4	97.4	110.0	29.839	0.00	0.00	853	36.68	991	9.3	1.99	9.9	0.000	0.483	88.2	74	78.9	101.7	13.79	 .0698	0.000	703	1	100.0	30
03/25/20	11:00 a	89.1	89.9	88.0	65	75.8	0.0	---	0.00	0.0	---	89.1	99.9	99.9	110.9	29.831	0.00	0.00	1017	43.74	1039	10.4	2.23	10.9	0.000	0.502	88.3	74	79.0	102.1	13.78	 .0698	0.025	701	1	100.0	30
03/25/20	11:30 a	88.5	89.5	88.3	67	76.1	0.0	---	0.00	0.0	---	88.5	99.2	99.2	110.6	29.822	0.00	0.00	1051	45.20	1060	11.1	2.38	11.3	0.000	0.490	88.8	73	79.0	103.5	13.47	 .0697	0.000	703	1	100.0	30
03/25/20	12:00 p	89.1	90.1	88.5	65	75.8	0.0	---	0.00	0.0	---	89.1	99.9	99.9	111.7	29.809	0.00	0.00	1063	45.71	1074	11.3	2.42	11.4	0.000	0.502	89.2	72	79.0	104.3	13.17	 .0696	0.028	699	1	100.0	30
03/25/20	12:30 p	89.5	90.2	89.0	67	77.1	0.0	---	0.00	0.0	---	89.5	102.3	102.3	115.0	29.790	0.00	0.00	1058	45.50	1067	11.1	2.38	11.3	0.000	0.510	89.6	72	79.4	105.8	13.16	 .0695	0.000	702	1	100.0	30
03/25/20	1:00 p	90.1	91.4	89.5	64	76.3	0.0	---	0.00	0.0	---	90.1	102.5	102.5	115.8	29.777	0.00	0.00	1026	44.12	1051	10.3	2.21	10.8	0.000	0.523	90.2	70	79.1	106.4	12.55	 .0694	0.028	700	1	100.0	30
03/25/20	1:30 p	90.0	90.7	88.9	64	76.2	2.0	S	1.00	8.0	SSE	90.0	102.2	102.2	116.5	29.763	0.00	0.00	991	42.62	1020	9.0	1.93	9.8	0.000	0.521	90.3	70	79.2	106.8	12.54	 .0694	0.000	702	1	100.0	30
03/25/20	2:00 p	90.6	91.2	88.8	62	75.8	2.0	SSW	1.00	7.0	SE	90.6	102.6	102.6	117.6	29.754	0.00	0.00	922	39.65	944	7.7	1.65	8.4	0.000	0.533	90.3	70	79.2	106.8	12.54	 .0693	0.026	698	1	100.0	30
03/25/20	2:30 p	89.3	90.8	89.0	62	74.6	3.0	ESE	1.50	9.0	SSE	89.3	99.1	99.1	115.4	29.742	0.00	0.00	853	36.68	916	6.1	1.31	7.0	0.000	0.506	90.1	69	78.6	105.5	12.35	 .0694	0.000	700	1	100.0	30
03/25/20	3:00 p	88.3	89.6	87.8	67	75.9	2.0	W	1.00	8.0	SE	88.3	98.6	98.6	113.3	29.737	0.00	0.00	654	28.13	817	3.9	0.84	5.2	0.000	0.485	89.2	70	78.1	103.0	12.55	 .0695	0.020	703	1	100.0	30
03/25/20	3:30 p	87.8	88.8	86.9	67	75.5	3.0	SE	1.50	9.0	SE	87.8	97.4	97.4	110.5	29.735	0.00	0.00	481	20.69	735	2.6	0.56	3.6	0.000	0.475	88.4	72	78.2	101.4	13.18	 .0696	0.000	700	1	100.0	30
03/25/20	4:00 p	87.3	88.8	87.2	66	74.5	2.0	SE	1.00	8.0	SE	87.3	96.4	96.4	112.4	29.734	0.00	0.00	463	19.91	564	1.6	0.34	2.2	0.000	0.465	88.0	73	78.3	100.4	13.49	 .0697	0.013	701	1	100.0	30
03/25/20	4:30 p	85.9	87.3	85.9	69	74.5	2.0	SSE	1.00	6.0	SSE	85.9	94.7	94.7	98.9	29.737	0.00	0.00	130	5.59	446	0.7	0.15	1.2	0.000	0.435	87.4	74	78.1	99.9	13.80	 .0697	0.000	700	1	100.0	30
03/25/20	5:00 p	84.4	86.1	84.4	74	75.2	1.0	SSE	0.50	3.0	SSE	84.4	93.1	93.1	92.9	29.746	0.00	0.00	63	2.71	88	0.0	0.00	0.5	0.000	0.404	86.8	76	78.3	99.6	14.44	 .0698	0.003	702	1	100.0	30
03/25/20	5:30 p	83.1	84.6	83.0	76	74.7	1.0	SSE	0.50	7.0	E	83.1	90.7	90.7	89.7	29.745	0.00	0.00	28	1.20	39	0.0	0.00	0.0	0.000	0.377	86.2	78	78.5	98.7	15.05	 .0699	0.000	700	1	100.0	30
03/25/20	6:00 p	81.4	83.1	81.3	79	74.3	0.0	ESE	0.00	2.0	ESE	81.4	87.2	87.2	85.6	29.752	0.00	0.00	4	0.17	14	0.0	0.00	0.0	0.000	0.342	85.1	80	78.2	96.6	15.75	 .0701	0.001	700	1	100.0	30
03/25/20	6:30 p	80.2	81.3	80.1	81	73.8	0.0	ESE	0.00	1.0	ESE	80.2	85.1	85.1	83.4	29.751	0.00	0.00	0	0.00	0	0.0	0.00	0.0	0.000	0.317	84.2	81	77.7	95.2	16.18	 .0702	0.000	699	1	100.0	30
03/25/20	7:00 p	79.5	80.2	79.5	82	73.5	0.0	ESE	0.00	1.0	ESE	79.5	84.1	84.1	82.4	29.764	0.00	0.00	0	0.00	0	0.0	0.00	0.0	0.000	0.302	83.5	82	77.4	93.7	16.58	 .0704	0.001	702	1	100.0	30
03/25/20	7:30 p	79.8	79.8	79.4	82	73.8	0.0	ESE	0.00	1.0	ESE	79.8	84.6	84.6	82.9	29.779	0.00	0.00	0	0.00	0	0.0	0.00	0.0	0.000	0.308	83.4	83	77.7	93.7	16.91	 .0704	0.000	700	1	100.0	30
03/25/20	8:00 p	79.3	79.8	79.3	83	73.7	0.0	ESE	0.00	1.0	ESE	79.3	83.9	83.9	82.2	29.785	0.00	0.00	0	0.00	0	0.0	0.00	0.0	0.000	0.298	82.9	84	77.6	92.5	17.33	 .0705	0.001	700	1	100.0	30
03/25/20	8:30 p	78.9	79.4	78.9	84	73.7	0.0	ESE	0.00	1.0	ESE	78.9	83.4	83.4	81.7	29.789	0.00	0.00	0	0.00	0	0.0	0.00	0.0	0.000	0.290	82.6	81	76.2	90.9	16.25	 .0706	0.000	702	1	100.0	30
03/25/20	9:00 p	78.1	79.0	78.1	84	72.9	0.0	---	0.00	0.0	---	78.1	82.1	82.1	80.3	29.799	0.00	0.00	0	0.00	0	0.0	0.00	0.0	0.000	0.273	82.0	85	77.0	90.4	17.83	 .0707	0.001	700	1	100.0	30
03/25/20	9:30 p	77.5	78.2	77.5	85	72.6	0.0	ESE	0.00	1.0	ESE	77.5	81.3	81.3	79.5	29.807	0.00	0.00	0	0.00	0	0.0	0.00	0.0	0.000	0.260	81.4	86	76.8	89.1	18.27	 .0708	0.000	698	1	100.0	30
03/25/20	10:00 p	77.1	77.5	77.1	86	72.6	0.0	---	0.00	0.0	---	77.1	80.8	80.8	79.0	29.809	0.00	0.00	0	0.00	0	0.0	0.00	0.0	0.000	0.252	80.9	86	76.3	87.9	18.30	 .0709	0.001	701	1	100.0	30
03/25/20	10:30 p	76.7	77.1	76.7	86	72.2	0.0	---	0.00	0.0	---	76.7	80.3	80.3	78.5	29.811	0.00	0.00	0	0.00	0	0.0	0.00	0.0	0.000	0.244	80.4	87	76.2	87.0	18.73	 .0710	0.000	702	1	100.0	30
03/25/20	11:00 p	76.4	76.7	76.4	86	71.9	0.0	---	0.00	0.0	---	76.4	79.8	79.8	78.0	29.809	0.00	0.00	0	0.00	0	0.0	0.00	0.0	0.000	0.238	80.0	88	76.1	86.3	19.35	 .0710	0.001	698	1	100.0	30
03/25/20	11:30 p	76.5	76.6	76.4	87	72.3	0.0	---	0.00	0.0	---	76.5	80.0	80.0	78.2	29.798	0.00	0.00	0	0.00	0	0.0	0.00	0.0	0.000	0.240	79.8	88	75.9	85.9	19.36	 .0710	0.000	699	1	100.0	30
03/26/20	12:00 a	76.2	76.5	76.2	87	72.0	0.0	---	0.00	0.0	---	76.2	79.6	79.6	77.8	29.788	0.00	0.00	0	0.00	0	0.0	0.00	0.0	0.000	0.233	79.5	89	76.0	85.5	19.95	 .0711	0.001	701	1	100.0	30
03/26/20	12:30 a	76.0	76.3	76.0	87	71.8	0.0	---	0.00	0.0	---	76.0	79.3	79.3	77.5	29.778	0.00	0.00	0	0.00	0	0.0	0.00	0.0	0.000	0.229	79.3	89	75.8	85.1	19.95	 .0711	0.000	698	1	100.0	30
03/26/20	1:00 a	75.6	76.0	75.5	87	71.5	0.0	---	0.00	0.0	---	75.6	78.9	78.9	77.1	29.770	0.00	0.00	0	0.00	0	0.0	0.00	0.0	0.000	0.221	78.9	89	75.4	84.3	19.95	 .0711	0.001	699	1	100.0	30
03/26/20	1:30 a	75.4	75.7	75.3	87	71.3	0.0	---	0.00	0.0	---	75.4	78.6	78.6	76.8	29.768	0.00	0.00	0	0.00	0	0.0	0.00	0.0	0.000	0.217	78.5	89	75.0	83.6	19.95	 .0712	0.000	702	1	100.0	30
03/26/20	2:00 a	75.2	75.4	75.1	87	71.1	0.0	---	0.00	0.0	---	75.2	78.4	78.4	76.6	29.763	0.00	0.00	0	0.00	0	0.0	0.00	0.0	0.000	0.212	78.3	90	75.1	83.4	20.45	 .0712	0.001	701	1	100.0	30
03/26/20	2:30 a	75.2	75.2	75.1	87	71.1	0.0	---	0.00	0.0	---	75.2	78.4	78.4	76.6	29.762	0.00	0.00	0	0.00	0	0.0	0.00	0.0	0.000	0.212	78.1	90	74.9	83.0	20.45	 .0713	0.000	702	1	100.0	30
03/26/20	3:00 a	75.1	75.2	75.0	87	71.0	0.0	---	0.00	0.0	---	75.1	78.3	78.3	76.4	29.760	0.00	0.00	0	0.00	0	0.0	0.00	0.0	0.000	0.210	78.0	90	74.8	82.8	20.45	 .0713	0.001	701	1	100.0	30
03/26/20	3:30 a	75.1	75.2	75.0	88	71.3	0.0	---	0.00	0.0	---	75.1	78.4	78.4	76.6	29.755	0.00	0.00	0	0.00	0	0.0	0.00	0.0	0.000	0.210	78.0	91	75.2	82.9	21.01	 .0712	0.000	701	1	100.0	30
03/26/20	4:00 a	75.3	75.3	75.1	88	71.5	0.0	ESE	0.00	1.0	ESE	75.3	78.6	78.6	76.8	29.762	0.00	0.00	0	0.00	0	0.0	0.00	0.0	0.000	0.215	78.0	91	75.2	82.9	21.01	 .0713	0.000	702	1	100.0	30
03/26/20	4:30 a	75.1	75.4	75.1	88	71.3	0.0	---	0.00	0.0	---	75.1	78.4	78.4	76.6	29.763	0.00	0.00	0	0.00	0	0.0	0.00	0.0	0.000	0.210	78.0	91	75.2	82.9	21.01	 .0713	0.000	700	1	100.0	30
03/26/20	5:00 a	74.7	75.2	74.7	88	70.9	0.0	ESE	0.00	1.0	ESE	74.7	77.7	77.7	75.8	29.766	0.00	0.00	0	0.00	0	0.0	0.00	0.0	0.000	0.202	77.6	91	74.8	82.2	21.00	 .0713	0.000	702	1	100.0	30
03/26/20	5:30 a	74.5	74.8	74.4	88	70.7	0.0	---	0.00	0.0	---	74.5	77.3	77.3	75.4	29.774	0.00	0.00	0	0.00	0	0.0	0.00	0.0	0.000	0.198	77.3	91	74.5	81.6	21.00	 .0714	0.000	701	1	100.0	30
03/26/20	6:00 a	74.6	74.6	74.3	88	70.8	0.0	---	0.00	0.0	---	74.6	77.5	77.5	75.8	29.781	0.00	0.00	8	0.34	16	0.0	0.00	0.0	0.000	0.200	77.2	91	74.4	81.5	20.99	 .0715	0.000	701	1	100.0	30
03/26/20	6:30 a	75.2	75.2	74.6	88	71.4	0.0	---	0.00	0.0	---	75.2	78.5	78.5	78.7	29.795	0.00	0.00	25	1.08	32	0.0	0.00	0.0	0.000	0.212	77.7	92	75.2	82.5	21.10	 .0714	0.000	701	1	100.0	30
03/26/20	7:00 a	76.0	76.1	75.1	88	72.2	0.0	ESE	0.00	1.0	ESE	76.0	79.4	79.4	79.9	29.810	0.00	0.00	36	1.55	40	0.0	0.00	0.0	0.000	0.229	79.0	91	76.1	84.9	21.03	 .0712	0.001	700	1	100.0	30
03/26/20	7:30 a	77.1	77.1	76.1	88	73.3	0.0	ESE	0.00	1.0	ESE	77.1	81.0	81.0	81.6	29.817	0.00	0.00	45	1.94	53	0.0	0.00	0.0	0.000	0.252	80.7	90	77.5	88.5	20.39	 .0709	0.000	701	1	100.0	30
03/26/20	8:00 a	79.2	79.2	77.1	88	75.3	0.0	ESE	0.00	2.0	ESE	79.2	84.7	84.7	85.8	29.822	0.00	0.00	63	2.71	100	1.0	0.21	2.3	0.000	0.296	82.3	89	78.7	92.6	19.72	 .0706	0.001	698	1	100.0	30
03/26/20	8:30 a	84.9	84.9	79.2	75	76.1	1.0	ESE	0.50	3.0	SSW	84.9	94.4	94.4	96.6	29.831	0.00	0.00	107	4.60	125	3.0	0.64	3.8	0.000	0.415	84.2	86	79.6	97.0	18.10	 .0703	0.000	703	1	100.0	30
03/26/20	9:00 a	85.9	85.9	84.1	71	75.4	1.0	SE	0.50	4.0	SE	85.9	95.4	95.4	97.6	29.834	0.00	0.00	118	5.07	148	4.3	0.92	5.2	0.000	0.435	85.7	81	79.2	98.5	16.12	 .0701	0.003	699	1	100.0	30
03/26/20	9:30 a	88.1	88.2	85.9	66	75.3	2.0	SE	1.00	5.0	SW	88.1	97.5	97.5	99.5	29.829	0.00	0.00	114	4.90	125	6.1	1.31	7.0	0.000	0.481	86.7	78	79.0	100.2	15.01	 .0700	0.000	701	1	100.0	30
03/26/20	10:00 a	89.3	89.5	88.0	66	76.4	2.0	S	1.00	6.0	E	89.3	101.1	101.1	110.3	29.826	0.00	0.00	455	19.57	719	7.9	1.69	8.6	0.000	0.506	87.7	78	80.0	102.6	14.93	 .0698	0.008	701	1	100.0	30
03/26/20	10:30 a	88.7	89.9	88.6	67	76.3	2.0	SW	1.00	9.0	SSE	88.7	99.8	99.8	112.5	29.826	0.00	0.00	866	37.24	986	9.3	1.99	9.9	0.000	0.494	88.6	76	80.1	104.5	14.33	 .0697	0.000	702	1	100.0	30
03/26/20	11:00 a	88.8	89.8	88.7	65	75.5	2.0	SSW	1.00	6.0	S	88.8	99.0	99.0	109.9	29.821	0.00	0.00	1013	43.56	1035	10.4	2.23	10.8	0.000	0.496	88.9	74	79.5	104.5	13.77	 .0696	0.026	701	1	100.0	30
03/26/20	11:30 a	90.2	90.6	88.7	63	75.9	2.0	S	1.00	8.0	WSW	90.2	102.1	102.1	113.3	29.810	0.00	0.00	1045	44.94	1053	11.1	2.38	11.2	0.000	0.525	89.4	72	79.2	105.0	13.16	 .0696	0.000	699	1	100.0	30
03/26/20	12:00 p	90.1	90.4	89.4	64	76.3	2.0	S	1.00	8.0	WNW	90.1	102.5	102.5	114.3	29.797	0.00	0.00	1054	45.33	1060	11.3	2.42	11.3	0.000	0.523	89.9	71	79.2	106.2	12.85	 .0695	0.029	698	1	100.0	30
03/26/20	12:30 p	89.6	90.8	89.6	65	76.3	2.0	S	1.00	6.0	S	89.6	101.5	101.5	114.0	29.781	0.00	0.00	1050	45.16	1060	11.1	2.38	11.3	0.000	0.512	90.2	71	79.5	107.2	12.85	 .0694	0.000	699	1	100.0	30
03/26/20	1:00 p	89.9	91.2	89.5	63	75.6	3.0	SW	1.50	8.0	SE	89.9	101.3	101.3	114.8	29.768	0.00	0.00	1043	44.85	1109	10.2	2.19	10.8	0.000	0.519	90.8	70	79.7	108.4	12.53	 .0693	0.029	702	1	100.0	30
03/26/20	1:30 p	91.4	91.4	89.6	64	77.5	2.0	S	1.00	7.0	WSW	91.4	106.1	106.1	120.2	29.758	0.00	0.00	978	42.06	1048	9.1	1.95	9.9	0.000	0.550	90.7	69	79.1	107.4	12.34	 .0693	0.000	702	1	100.0	30
03/26/20	2:00 p	89.7	91.5	89.4	63	75.4	3.0	S	1.50	8.0	SSW	89.7	100.7	100.7	115.8	29.743	0.00	0.00	930	40.00	1053	7.6	1.63	8.5	0.000	0.515	90.7	69	79.1	107.4	12.34	 .0693	0.026	700	1	100.0	30
03/26/20	2:30 p	90.7	91.2	89.7	63	76.4	2.0	S	1.00	7.0	S	90.7	103.5	103.5	119.5	29.737	0.00	0.00	837	36.00	972	5.9	1.26	7.1	0.000	0.535	90.8	69	79.2	107.7	12.33	 .0692	0.000	700	1	100.0	30
03/26/20	3:00 p	89.2	90.6	88.4	64	75.4	2.0	S	1.00	7.0	SE	89.2	99.8	99.8	114.1	29.727	0.00	0.00	639	27.48	911	4.0	0.86	5.2	0.000	0.504	90.1	70	79.0	106.1	12.55	 .0693	0.020	702	1	100.0	30
03/26/20	3:30 p	88.2	90.0	88.1	67	75.9	2.0	SSE	1.00	6.0	S	88.2	98.3	98.3	114.0	29.722	0.00	0.00	564	24.26	686	2.9	0.62	3.6	0.000	0.483	89.3	71	78.7	104.0	12.85	 .0694	0.000	697	1	100.0	30
03/26/20	4:00 p	87.6	88.8	87.6	66	74.8	2.0	SSE	1.00	7.0	ESE	87.6	96.7	96.7	112.7	29.718	0.00	0.00	464	19.95	564	1.7	0.36	2.2	0.000	0.471	88.6	73	78.8	102.7	13.48	 .0695	0.014	700	1	100.0	30
03/26/20	4:30 p	86.7	87.5	86.7	68	74.9	2.0	SE	1.00	6.0	S	86.7	96.1	96.1	103.1	29.716	0.00	0.00	192	8.26	383	0.8	0.17	1.3	0.000	0.452	88.2	73	78.4	101.2	13.49	 .0696	0.000	700	1	100.0	30
03/26/20	5:00 p	85.9	86.7	85.8	71	75.4	1.0	S	0.50	5.0	SSE	85.9	95.4	95.4	95.6	29.716	0.00	0.00	85	3.66	98	0.0	0.00	0.0	0.000	0.435	87.7	76	79.2	101.4	14.39	 .0696	0.004	701	1	100.0	30
03/26/20	5:30 p	84.0	85.9	84.0	75	75.2	1.0	SSW	0.50	2.0	E	84.0	92.7	92.7	92.0	29.717	0.00	0.00	42	1.81	79	0.0	0.00	0.0	0.000	0.396	86.9	77	78.8	100.3	14.74	 .0697	0.000	699	1	100.0	30
03/26/20	6:00 p	82.2	84.1	82.1	78	74.7	0.0	SSW	0.00	1.0	SSW	82.2	88.9	88.9	87.3	29.730	0.00	0.00	4	0.17	14	0.0	0.00	0.0	0.000	0.358	85.9	78	78.2	97.8	15.08	 .0699	0.001	696	1	100.0	30
03/26/20	6:30 p	81.1	82.2	81.1	80	74.3	0.0	SSW	0.00	1.0	SSW	81.1	86.7	86.7	85.1	29.732	0.00	0.00	0	0.00	0	0.0	0.00	0.0	0.000	0.335	85.1	80	78.2	96.6	15.75	 .0700	0.000	702	1	100.0	30
03/26/20	7:00 p	80.7	81.1	80.7	81	74.3	0.0	SSW	0.00	1.0	SSW	80.7	86.1	86.1	84.5	29.738	0.00	0.00	0	0.00	0	0.0	0.00	0.0	0.000	0.327	84.5	81	78.0	95.8	16.17	 .0701	0.001	701	1	100.0	30
03/26/20	7:30 p	80.0	80.7	80.0	82	74.0	0.0	SSW	0.00	1.0	SSW	80.0	84.9	84.9	83.3	29.746	0.00	0.00	0	0.00	0	0.0	0.00	0.0	0.000	0.313	84.1	82	78.0	95.3	16.57	 .0702	0.000	702	1	100.0	30
03/26/20	8:00 p	79.4	80.1	79.4	83	73.8	0.0	SSW	0.00	1.0	SSW	79.4	84.1	84.1	82.4	29.763	0.00	0.00	0	0.00	0	0.0	0.00	0.0	0.000	0.300	83.3	83	77.6	93.4	16.92	 .0704	0.001	699	1	100.0	30
03/26/20	8:30 p	79.0	79.4	79.0	84	73.7	0.0	SSW	0.00	1.0	SSW	79.0	83.5	83.5	81.8	29.767	0.00	0.00	0	0.00	0	0.0	0.00	0.0	0.000	0.292	82.9	84	77.6	92.5	17.33	 .0704	0.000	699	1	100.0	30
03/26/20	9:00 p	78.4	79.1	78.4	84	73.2	0.0	---	0.00	0.0	---	78.4	82.6	82.6	80.9	29.772	0.00	0.00	0	0.00	0	0.0	0.00	0.0	0.000	0.279	82.3	85	77.3	91.2	17.81	 .0705	0.001	699	1	100.0	30
03/26/20	9:30 p	78.1	78.5	78.1	85	73.2	0.0	---	0.00	0.0	---	78.1	82.3	82.3	80.6	29.774	0.00	0.00	0	0.00	0	0.0	0.00	0.0	0.000	0.273	81.9	86	77.3	90.5	18.24	 .0706	0.000	702	1	100.0	30
03/26/20	10:00 p	78.0	78.2	78.0	85	73.1	0.0	SSW	0.00	1.0	SSW	78.0	82.1	82.1	80.4	29.776	0.00	0.00	0	0.00	0	0.0	0.00	0.0	0.000	0.271	81.6	86	77.0	89.7	18.25	 .0707	0.001	702	1	100.0	30
03/26/20	10:30 p	77.9	78.1	77.8	85	73.0	0.0	---	0.00	0.0	---	77.9	81.9	81.9	80.2	29.774	0.00	0.00	0	0.00	0	0.0	0.00	0.0	0.000	0.269	81.5	86	76.9	89.4	18.26	 .0707	0.000	702	1	100.0	30
03/26/20	11:00 p	77.5	77.8	77.5	85	72.6	0.0	---	0.00	0.0	---	77.5	81.3	81.3	79.5	29.770	0.00	0.00	0	0.00	0	0.0	0.00	0.0	0.000	0.260	81.1	87	76.9	88.6	18.68	 .0707	0.001	701	1	100.0	30
03/26/20	11:30 p	77.1	77.5	77.1	85	72.2	0.0	---	0.00	0.0	---	77.1	80.8	80.8	79.0	29.769	0.00	0.00	0	0.00	0	0.0	0.00	0.0	0.000	0.252	80.6	87	76.4	87.4	18.71	 .0708	0.000	703	1	100.0	30
03/27/20	12:00 a	76.7	77.1	76.7	86	72.2	0.0	---	0.00	0.0	---	76.7	80.3	80.3	78.5	29.763	0.00	0.00	0	0.00	0	0.0	0.00	0.0	0.000	0.244	80.3	88	76.4	87.0	19.32	 .0709	0.001	698	1	100.0	30
03/27/20	12:30 a	76.4	76.7	76.4	86	71.9	0.0	---	0.00	0.0	---	76.4	79.8	79.8	78.0	29.754	0.00	0.00	0	0.00	0	0.0	0.00	0.0	0.000	0.238	80.0	88	76.1	86.3	19.35	 .0709	0.000	698	1	100.0	30
03/27/20	1:00 a	76.1	76.5	76.0	86	71.6	0.0	---	0.00	0.0	---	76.1	79.4	79.4	77.6	29.742	0.00	0.00	0	0.00	0	0.0	0.00	0.0	0.000	0.231	79.5	88	75.6	85.3	19.37	 .0710	0.001	699	1	100.0	30
03/27/20	1:30 a	75.7	76.1	75.6	87	71.6	0.0	---	0.00	0.0	---	75.7	79.0	79.0	77.2	29.735	0.00	0.00	0	0.00	0	0.0	0.00	0.0	0.000	0.223	79.0	89	75.5	84.5	19.95	 .0710	0.000	700	1	100.0	30
03/27/20	2:00 a	75.7	75.7	75.5	87	71.6	0.0	---	0.00	0.0	---	75.7	79.0	79.0	77.2	29.729	0.00	0.00	0	0.00	0	0.0	0.00	0.0	0.000	0.223	78.8	89	75.3	84.1	19.95	 .0711	0.001	701	1	100.0	30
03/27/20	2:30 a	76.0	76.1	75.6	87	71.8	0.0	---	0.00	0.0	---	76.0	79.3	79.3	77.5	29.720	0.00	0.00	0	0.00	0	0.0	0.00	0.0	0.000	0.229	79.0	90	75.8	84.7	20.45	 .0710	0.000	699	1	100.0	30
03/27/20	3:00 a	76.0	76.2	76.0	87	71.8	0.0	---	0.00	0.0	---	76.0	79.3	79.3	77.5	29.715	0.00	0.00	0	0.00	0	0.0	0.00	0.0	0.000	0.229	79.0	90	75.8	84.7	20.45	 .0710	0.001	702	1	100.0	30
03/27/20	3:30 a	75.7	76.0	75.7	87	71.6	0.0	---	0.00	0.0	---	75.7	79.0	79.0	77.2	29.720	0.00	0.00	0	0.00	0	0.0	0.00	0.0	0.000	0.223	78.6	90	75.4	83.9	20.45	 .0710	0.000	698	1	100.0	30
03/27/20	4:00 a	75.4	75.8	75.4	87	71.3	0.0	---	0.00	0.0	---	75.4	78.6	78.6	76.8	29.729	0.00	0.00	0	0.00	0	0.0	0.00	0.0	0.000	0.217	78.3	90	75.1	83.4	20.45	 .0711	0.001	701	1	100.0	30
03/27/20	4:30 a	75.3	75.5	75.2	87	71.2	0.0	---	0.00	0.0	---	75.3	78.5	78.5	76.7	29.732	0.00	0.00	0	0.00	0	0.0	0.00	0.0	0.000	0.215	78.0	91	75.2	82.9	21.01	 .0712	0.000	699	1	100.0	30
03/27/20	5:00 a	75.4	75.6	75.3	87	71.3	0.0	---	0.00	0.0	---	75.4	78.6	78.6	76.8	29.737	0.00	0.00	0	0.00	0	0.0	0.00	0.0	0.000	0.217	77.9	91	75.1	82.7	21.01	 .0712	0.001	703	1	100.0	30
03/27/20	5:30 a	75.4	75.7	75.3	88	71.6	0.0	---	0.00	0.0	---	75.4	78.7	78.7	76.9	29.740	0.00	0.00	0	0.00	0	0.0	0.00	0.0	0.000	0.217	77.8	91	75.0	82.6	21.01	 .0712	0.000	700	1	100.0	30
03/27/20	6:00 a	75.5	75.5	75.2	88	71.7	0.0	---	0.00	0.0	---	75.5	78.8	78.8	77.2	29.749	0.00	0.00	9	0.39	18	0.0	0.00	0.0	0.000	0.219	77.8	92	75.3	82.7	21.11	 .0712	0.000	702	1	100.0	30
03/27/20	6:30 a	76.2	76.3	75.5	88	72.4	0.0	---	0.00	0.0	---	76.2	79.7	79.7	80.0	29.754	0.00	0.00	26	1.12	32	0.0	0.00	0.0	0.000	0.233	78.4	92	75.9	83.9	21.12	 .0711	0.000	699	1	100.0	30
03/27/20	7:00 a	77.4	77.5	76.3	88	73.6	0.0	---	0.00	0.0	---	77.4	81.5	81.5	82.1	29.769	0.00	0.00	37	1.59	42	0.0	0.00	0.0	0.000	0.258	80.0	92	77.5	87.3	21.15	 .0708	0.001	699	1	100.0	30
03/27/20	7:30 a	78.3	78.3	77.5	88	74.5	0.0	---	0.00	0.0	---	78.3	83.1	83.1	83.9	29.777	0.00	0.00	48	2.06	56	0.1	0.02	1.1	0.000	0.277	81.6	90	78.4	90.9	20.32	 .0706	0.000	700	1	100.0	30
03/27/20	8:00 a	80.2	80.2	78.4	86	75.6	0.0	---	0.00	0.0	---	80.2	86.3	86.3	87.5	29.793	0.00	0.00	67	2.88	125	1.3	0.28	1.9	0.000	0.317	83.4	88	79.5	95.4	19.01	 .0703	0.002	701	1	100.0	30
03/27/20	8:30 a	81.7	82.8	80.2	84	76.4	0.0	---	0.00	0.0	---	81.7	89.3	89.3	91.3	29.794	0.00	0.00	102	4.39	188	2.1	0.45	2.8	0.000	0.348	83.4	88	79.5	95.4	19.01	 .0703	0.000	701	1	100.0	30
03/27/20	9:00 a	86.4	86.4	81.4	77	78.3	1.0	SE	0.50	5.0	SSW	86.4	98.9	98.9	100.8	29.796	0.00	0.00	103	4.43	141	4.1	0.88	5.5	0.000	0.446	84.7	86	80.0	98.2	18.07	 .0701	0.003	700	1	100.0	30
03/27/20	9:30 a	89.0	89.0	86.4	65	75.7	1.0	SSE	0.50	7.0	SSW	89.0	99.6	99.6	101.2	29.799	0.00	0.00	100	4.30	135	6.2	1.33	7.0	0.000	0.500	86.7	80	79.8	101.1	15.68	 .0699	0.000	701	1	100.0	30
03/27/20	10:00 a	89.4	89.4	88.8	67	77.0	2.0	S	1.00	8.0	W	89.4	102.0	102.0	108.8	29.799	0.00	0.00	324	13.93	724	7.8	1.67	8.5	0.000	0.508	87.4	78	79.7	101.9	14.96	 .0698	0.006	700	1	100.0	30
03/27/20	10:30 a	88.8	89.9	88.8	66	76.0	3.0	SW	1.50	9.0	SW	88.8	99.6	99.6	112.2	29.800	0.00	0.00	866	37.24	990	9.1	1.95	9.7	0.000	0.496	87.8	77	79.7	102.2	14.68	 .0697	0.000	701	1	100.0	30
03/27/20	11:00 a	89.7	90.5	88.4	65	76.4	3.0	S	1.50	9.0	WSW	89.7	101.8	101.8	112.7	29.788	0.00	0.00	1015	43.65	1046	10.2	2.19	10.7	0.000	0.515	88.8	75	79.8	104.7	14.10	 .0696	0.026	702	1	100.0	30
03/27/20	11:30 a	91.0	91.6	89.4	60	75.2	2.0	SE	1.00	7.0	SSW	91.0	102.3	102.3	113.5	29.774	0.00	0.00	1051	45.20	1060	11.0	2.36	11.1	0.000	0.542	89.5	71	78.8	104.7	12.85	 .0695	0.000	700	1	100.0	30
03/27/20	12:00 p	90.8	91.7	89.9	57	73.5	2.0	SW	1.00	7.0	SW	90.8	100.3	100.3	111.9	29.762	0.00	0.00	1059	45.54	1062	11.1	2.38	11.2	0.000	0.538	89.4	69	77.9	103.1	12.35	 .0696	0.029	696	1	100.0	30
03/27/20	12:30 p	89.9	91.0	89.9	58	73.1	3.0	SSW	1.50	7.0	S	89.9	98.6	98.6	110.9	29.750	0.00	0.00	1052	45.24	1060	10.8	2.31	11.1	0.000	0.519	89.8	68	77.8	103.9	12.06	 .0695	0.000	701	1	100.0	30
03/27/20	1:00 p	89.6	90.7	89.2	60	73.9	3.0	SSW	1.50	7.0	SW	89.6	98.8	98.8	111.7	29.733	0.00	0.00	1015	43.65	1037	10.0	2.14	10.5	0.000	0.512	90.3	69	78.7	106.1	12.34	 .0693	0.029	702	1	100.0	30
03/27/20	1:30 p	89.4	90.6	89.3	62	74.7	3.0	S	1.50	8.0	SSE	89.4	99.3	99.3	112.9	29.718	0.00	0.00	964	41.46	993	8.9	1.91	9.5	0.000	0.508	90.2	69	78.6	105.8	12.35	 .0693	0.000	695	1	100.0	30
03/27/20	2:00 p	90.1	91.2	89.5	61	74.8	2.0	S	1.00	8.0	S	90.1	100.7	100.7	115.2	29.713	0.00	0.00	903	38.83	930	7.5	1.61	8.2	0.000	0.523	90.4	69	78.8	106.4	12.34	 .0693	0.026	702	1	100.0	30
03/27/20	2:30 p	88.9	91.1	88.9	61	73.7	2.0	SE	1.00	7.0	ESE	88.9	97.5	97.5	112.3	29.705	0.00	0.00	794	34.15	983	5.2	1.11	6.8	0.000	0.498	90.6	69	79.0	107.1	12.34	 .0692	0.000	699	1	100.0	30
03/27/20	3:00 p	88.8	89.0	87.3	63	74.6	2.0	SSW	1.00	9.0	SSE	88.8	98.2	98.2	109.6	29.695	0.00	0.00	486	20.90	909	3.5	0.75	4.8	0.000	0.496	89.2	70	78.1	103.0	12.55	 .0694	0.018	698	1	100.0	30
03/27/20	3:30 p	88.7	89.8	88.6	62	74.0	2.0	SSE	1.00	8.0	SSW	88.7	97.5	97.5	114.4	29.690	0.00	0.00	610	26.23	701	2.8	0.60	3.4	0.000	0.494	88.8	71	78.2	102.2	12.85	 .0695	0.000	699	1	100.0	30
03/27/20	4:00 p	87.8	88.9	87.8	64	74.1	2.0	S	1.00	6.0	S	87.8	96.2	96.2	111.9	29.682	0.00	0.00	458	19.70	513	1.6	0.34	2.1	0.000	0.475	88.1	72	77.9	100.3	13.19	 .0695	0.015	700	1	100.0	30
03/27/20	4:30 p	86.2	87.8	86.2	67	74.0	2.0	SSE	1.00	6.0	SSE	86.2	94.6	94.6	98.8	29.687	0.00	0.00	131	5.63	380	0.8	0.17	1.2	0.000	0.442	87.3	73	77.6	99.3	13.50	 .0697	0.000	700	1	100.0	30
03/27/20	5:00 p	84.8	86.2	84.8	70	73.9	1.0	S	0.50	4.0	S	84.8	92.5	92.5	92.1	29.698	0.00	0.00	60	2.58	77	0.1	0.02	0.5	0.000	0.413	86.7	75	77.8	98.8	14.18	 .0698	0.003	700	1	100.0	30
03/27/20	5:30 p	83.5	84.8	83.5	73	73.9	0.0	SSE	0.00	3.0	S	83.5	90.7	90.7	89.9	29.707	0.00	0.00	43	1.85	81	0.0	0.00	0.0	0.000	0.385	86.3	77	78.2	98.6	14.77	 .0698	0.000	701	1	100.0	30
03/27/20	6:00 p	82.2	83.5	82.2	76	73.9	0.0	SSE	0.00	2.0	SSE	82.2	88.3	88.3	86.7	29.713	0.00	0.00	3	0.13	12	0.0	0.00	0.0	0.000	0.358	85.3	79	78.0	96.8	15.43	 .0700	0.001	702	1	100.0	30
03/27/20	6:30 p	81.7	82.2	81.7	78	74.2	0.0	SSE	0.00	2.0	SSE	81.7	87.7	87.7	86.1	29.718	0.00	0.00	0	0.00	0	0.0	0.00	0.0	0.000	0.348	84.9	82	78.8	97.0	16.55	 .0700	0.000	700	1	100.0	30
03/27/20	7:00 p	81.3	81.8	81.3	79	74.2	0.0	SSE	0.00	1.0	SSE	81.3	87.0	87.0	85.4	29.728	0.00	0.00	0	0.00	0	0.0	0.00	0.0	0.000	0.340	84.5	82	78.4	96.2	16.56	 .0701	0.001	700	1	100.0	30
03/27/20	7:30 p	81.2	81.4	81.1	80	74.4	0.0	SSE	0.00	1.0	SSE	81.2	87.0	87.0	85.4	29.738	0.00	0.00	0	0.00	0	0.0	0.00	0.0	0.000	0.337	84.2	83	78.5	95.9	16.88	 .0701	0.000	701	1	100.0	30
03/27/20	8:00 p	80.8	81.2	80.8	80	74.0	0.0	SSE	0.00	1.0	SSE	80.8	86.1	86.1	84.5	29.746	0.00	0.00	0	0.00	0	0.0	0.00	0.0	0.000	0.329	84.0	84	78.6	95.8	17.29	 .0702	0.001	696	1	100.0	30
03/27/20	8:30 p	80.7	81.0	80.7	81	74.3	0.0	---	0.00	0.0	---	80.7	86.1	86.1	84.5	29.757	0.00	0.00	0	0.00	0	0.0	0.00	0.0	0.000	0.327	83.6	85	78.6	94.9	17.73	 .0702	0.000	701	1	100.0	30
03/27/20	9:00 p	80.4	80.7	80.4	82	74.4	0.0	---	0.00	0.0	---	80.4	85.8	85.8	84.2	29.772	0.00	0.00	0	0.00	0	0.0	0.00	0.0	0.000	0.321	83.4	86	78.8	94.7	18.15	 .0703	0.001	700	1	100.0	30
03/27/20	9:30 p	80.2	80.5	80.1	83	74.6	0.0	SSE	0.00	1.0	SSE	80.2	85.6	85.6	84.0	29.775	0.00	0.00	0	0.00	0	0.0	0.00	0.0	0.000	0.317	83.1	86	78.5	93.7	18.16	 .0704	0.000	701	1	100.0	30
03/27/20	10:00 p	79.6	80.2	79.5	84	74.3	0.0	SSE	0.00	1.0	SSE	79.6	84.6	84.6	83.0	29.775	0.00	0.00	0	0.00	0	0.0	0.00	0.0	0.000	0.304	82.7	87	78.4	93.0	18.59	 .0704	0.001	700	1	100.0	30
03/27/20	10:30 p	79.3	79.7	79.3	84	74.0	0.0	---	0.00	0.0	---	79.3	84.1	84.1	82.5	29.772	0.00	0.00	0	0.00	0	0.0	0.00	0.0	0.000	0.298	82.3	88	78.4	92.2	19.12	 .0705	0.000	697	1	100.0	30
03/27/20	11:00 p	79.1	79.4	78.9	85	74.2	0.0	---	0.00	0.0	---	79.1	83.9	83.9	82.3	29.770	0.00	0.00	0	0.00	0	0.0	0.00	0.0	0.000	0.294	82.0	88	78.1	91.4	19.15	 .0705	0.001	699	1	100.0	30
03/27/20	11:30 p	78.6	79.1	78.6	85	73.7	0.0	---	0.00	0.0	---	78.6	83.1	83.1	81.4	29.760	0.00	0.00	0	0.00	0	0.0	0.00	0.0	0.000	0.283	81.6	88	77.7	90.3	19.19	 .0706	0.000	699	1	100.0	30
03/28/20	12:00 a	78.3	78.6	78.3	86	73.8	0.0	---	0.00	0.0	---	78.3	82.7	82.7	81.0	29.750	0.00	0.00	0	0.00	0	0.0	0.00	0.0	0.000	0.277	81.3	89	77.7	89.8	19.82	 .0706	0.001	701	1	100.0	30
03/28/20	12:30 a	77.7	78.3	77.6	86	73.2	0.0	---	0.00	0.0	---	77.7	81.8	81.8	80.1	29.740	0.00	0.00	0	0.00	0	0.0	0.00	0.0	0.000	0.265	80.8	89	77.3	88.4	19.87	 .0707	0.000	701	1	100.0	30
03/28/20	1:00 a	77.2	77.7	77.1	86	72.7	0.0	---	0.00	0.0	---	77.2	81.0	81.0	79.2	29.735	0.00	0.00	0	0.00	0	0.0	0.00	0.0	0.000	0.254	80.4	89	76.9	87.5	19.91	 .0707	0.001	699	1	100.0	30
03/28/20	1:30 a	76.9	77.2	76.7	87	72.7	0.0	---	0.00	0.0	---	76.9	80.6	80.6	78.8	29.725	0.00	0.00	0	0.00	0	0.0	0.00	0.0	0.000	0.248	79.9	90	76.7	86.6	20.45	 .0708	0.000	702	1	100.0	30
03/28/20	2:00 a	76.5	76.9	76.5	87	72.3	0.0	---	0.00	0.0	---	76.5	80.0	80.0	78.2	29.722	0.00	0.00	0	0.00	0	0.0	0.00	0.0	0.000	0.240	79.6	90	76.4	86.0	20.45	 .0709	0.001	700	1	100.0	30
03/28/20	2:30 a	76.7	76.7	76.4	87	72.5	0.0	---	0.00	0.0	---	76.7	80.3	80.3	78.5	29.721	0.00	0.00	0	0.00	0	0.0	0.00	0.0	0.000	0.244	79.5	90	76.3	85.8	20.45	 .0709	0.000	697	1	100.0	30
03/28/20	3:00 a	76.6	76.7	76.4	87	72.4	0.0	---	0.00	0.0	---	76.6	80.2	80.2	78.4	29.715	0.00	0.00	0	0.00	0	0.0	0.00	0.0	0.000	0.242	79.3	90	76.1	85.3	20.45	 .0709	0.001	701	1	100.0	30
03/28/20	3:30 a	76.6	76.7	76.3	88	72.8	0.0	SSE	0.00	1.0	SSE	76.6	80.3	80.3	78.5	29.720	0.00	0.00	0	0.00	0	0.0	0.00	0.0	0.000	0.242	79.1	91	76.2	85.1	21.03	 .0709	0.000	699	1	100.0	30
03/28/20	4:00 a	76.7	76.7	76.3	88	72.9	0.0	SSE	0.00	1.0	SSE	76.7	80.4	80.4	78.6	29.728	0.00	0.00	0	0.00	0	0.0	0.00	0.0	0.000	0.244	78.9	91	76.0	84.7	21.03	 .0710	0.001	701	1	100.0	30
03/28/20	4:30 a	77.1	77.3	76.6	88	73.3	0.0	NNE	0.00	2.0	SSE	77.1	81.0	81.0	79.3	29.736	0.00	0.00	0	0.00	0	0.0	0.00	0.0	0.000	0.252	79.4	92	76.9	86.0	21.14	 .0709	0.000	697	1	100.0	30
03/28/20	5:00 a	76.3	77.1	76.2	88	72.5	0.0	NNE	0.00	1.0	NNE	76.3	79.8	79.8	78.0	29.743	0.00	0.00	0	0.00	0	0.0	0.00	0.0	0.000	0.235	78.8	92	76.3	84.7	21.13	 .0710	0.001	698	1	100.0	30
03/28/20	5:30 a	75.8	76.3	75.8	88	72.0	0.0	---	0.00	0.0	---	75.8	79.2	79.2	77.4	29.752	0.00	0.00	0	0.00	0	0.0	0.00	0.0	0.000	0.225	78.4	92	75.9	83.9	21.12	 .0711	0.000	701	1	100.0	30
03/28/20	6:00 a	75.9	76.0	75.7	88	72.1	0.0	---	0.00	0.0	---	75.9	79.3	79.3	77.7	29.765	0.00	0.00	8	0.34	16	0.0	0.00	0.0	0.000	0.227	78.3	92	75.8	83.7	21.12	 .0712	0.000	700	1	100.0	30
03/28/20	6:30 a	76.5	76.5	75.8	88	72.7	0.0	---	0.00	0.0	---	76.5	80.1	80.1	80.3	29.775	0.00	0.00	25	1.08	32	0.0	0.00	0.0	0.000	0.240	78.8	93	76.6	84.9	21.23	 .0711	0.000	700	1	100.0	30
03/28/20	7:00 a	77.8	77.8	76.5	88	74.0	0.0	NNE	0.00	1.0	NNE	77.8	82.2	82.2	83.4	29.792	0.00	0.00	53	2.28	107	0.2	0.04	0.6	0.000	0.267	80.4	92	77.9	88.3	21.16	 .0708	0.001	701	1	100.0	30
03/28/20	7:30 a	79.1	79.2	77.8	88	75.2	0.0	NNE	0.00	1.0	NNE	79.1	84.5	84.5	88.1	29.802	0.00	0.00	129	5.55	163	0.9	0.19	1.2	0.000	0.294	81.5	91	78.6	91.0	20.93	 .0706	0.000	701	1	100.0	30
03/28/20	8:00 a	80.3	80.4	79.1	87	76.1	0.0	NNE	0.00	2.0	NNE	80.3	86.8	86.8	90.4	29.807	0.00	0.00	143	6.15	253	1.5	0.32	2.0	0.000	0.319	82.4	92	79.8	94.0	21.20	 .0704	0.003	701	1	100.0	30
03/28/20	8:30 a	83.5	83.5	80.3	84	78.2	0.0	NNE	0.00	2.0	NNE	83.5	94.3	94.3	97.6	29.815	0.00	0.00	144	6.19	225	2.7	0.58	3.9	0.000	0.385	83.6	90	80.4	96.7	20.16	 .0702	0.000	701	1	100.0	30
03/28/20	9:00 a	87.5	87.5	83.3	74	78.2	1.0	N	0.50	4.0	SW	87.5	100.1	100.1	102.7	29.810	0.00	0.00	128	5.50	213	4.3	0.92	5.6	0.000	0.469	85.4	84	80.0	99.1	17.23	 .0700	0.004	700	1	100.0	30
03/28/20	9:30 a	88.7	89.1	87.5	70	77.7	1.0	S	0.50	6.0	SW	88.7	101.3	101.3	104.9	29.814	0.00	0.00	174	7.48	239	6.2	1.33	7.0	0.000	0.494	87.3	82	81.1	104.2	16.46	 .0697	0.000	701	1	100.0	30
03/28/20	10:00 a	89.6	89.8	88.2	67	77.2	2.0	SSW	1.00	6.0	SSW	89.6	102.7	102.7	108.1	29.818	0.00	0.00	250	10.75	671	7.9	1.69	8.6	0.000	0.512	88.1	79	80.8	104.3	15.26	 .0696	0.006	700	1	100.0	30
03/28/20	10:30 a	89.3	90.1	89.0	69	77.8	2.0	SE	1.00	7.0	WSW	89.3	102.8	102.8	115.4	29.809	0.00	0.00	890	38.27	1002	9.3	1.99	9.9	0.000	0.506	88.9	78	81.1	107.3	14.84	 .0695	0.000	700	1	100.0	30
03/28/20	11:00 a	89.9	90.0	88.6	67	77.5	2.0	SSE	1.00	6.0	SSW	89.9	103.7	103.7	114.9	29.796	0.00	0.00	1032	44.38	1056	10.4	2.23	10.8	0.000	0.519	89.6	76	81.0	108.6	14.27	 .0694	0.026	702	1	100.0	30
03/28/20	11:30 a	90.0	90.4	89.3	66	77.1	2.0	S	1.00	7.0	SSW	90.0	103.4	103.4	114.9	29.781	0.00	0.00	1073	46.15	1095	11.1	2.38	11.2	0.000	0.521	90.3	75	81.3	110.6	14.04	 .0692	0.000	701	1	100.0	30
03/28/20	12:00 p	89.4	91.3	89.4	66	76.5	2.0	SE	1.00	8.0	SSE	89.4	101.4	101.4	113.2	29.771	0.00	0.00	1068	45.93	1078	11.2	2.40	11.3	0.000	0.508	90.4	73	80.6	109.4	13.43	 .0693	0.030	699	1	100.0	30
03/28/20	12:30 p	90.2	90.6	88.8	66	77.3	3.0	SSW	1.50	9.0	SE	90.2	104.0	104.0	116.7	29.757	0.00	0.00	1069	45.97	1118	10.9	2.34	11.3	0.000	0.525	90.4	73	80.6	109.4	13.43	 .0692	0.000	698	1	100.0	30
03/28/20	1:00 p	89.0	91.2	88.4	66	76.2	3.0	SSW	1.50	7.0	SSW	89.0	100.1	100.1	112.8	29.739	0.00	0.00	989	42.53	1158	9.6	2.06	11.0	0.000	0.500	90.4	72	80.1	108.6	13.13	 .0692	0.027	702	1	100.0	30
03/28/20	1:30 p	88.8	90.3	88.0	67	76.4	3.0	SSW	1.50	7.0	S	88.8	100.1	100.1	113.5	29.720	0.00	0.00	943	40.55	1155	7.9	1.69	9.9	0.000	0.496	90.3	72	80.0	108.3	13.14	 .0692	0.000	700	1	100.0	30
03/28/20	2:00 p	90.7	90.7	88.3	66	77.8	2.0	SSW	1.00	7.0	S	90.7	105.4	105.4	119.0	29.713	0.00	0.00	845	36.34	1035	6.9	1.48	8.4	0.000	0.535	90.1	72	79.8	107.6	13.15	 .0692	0.023	700	1	100.0	30
03/28/20	2:30 p	89.0	90.8	87.9	68	77.1	2.0	S	1.00	6.0	E	89.0	101.2	101.2	113.1	29.705	0.00	0.00	563	24.21	904	4.7	1.01	6.4	0.000	0.500	89.5	74	80.1	106.8	13.76	 .0692	0.000	700	1	100.0	30
03/28/20	3:00 p	87.5	89.8	87.5	69	76.1	2.0	SE	1.00	8.0	SSE	87.5	97.8	97.8	109.7	29.697	0.00	0.00	544	23.40	886	3.6	0.77	5.1	0.000	0.469	89.6	72	79.4	105.8	13.16	 .0693	0.015	699	1	100.0	30
03/28/20	3:30 p	86.8	88.4	86.7	71	76.3	2.0	SSE	1.00	8.0	ENE	86.8	97.5	97.5	108.2	29.694	0.00	0.00	390	16.77	763	2.2	0.47	3.3	0.000	0.454	89.0	75	80.0	105.5	14.09	 .0693	0.000	699	1	100.0	30
03/28/20	4:00 p	88.8	89.1	86.5	68	76.9	1.0	SSE	0.50	4.0	SSE	88.8	100.6	100.6	113.1	29.692	0.00	0.00	372	16.00	640	1.3	0.28	1.4	0.000	0.496	89.0	75	80.0	105.5	14.09	 .0693	0.011	700	1	100.0	30
03/28/20	4:30 p	86.3	88.8	86.3	71	75.8	1.0	SSW	0.50	6.0	SSW	86.3	96.3	96.3	104.7	29.694	0.00	0.00	222	9.55	494	0.7	0.15	1.2	0.000	0.444	88.4	75	79.5	103.0	14.11	 .0694	0.000	699	1	100.0	30
03/28/20	5:00 p	86.2	86.6	86.2	71	75.7	1.0	SE	0.50	8.0	W	86.2	96.1	96.1	97.8	29.699	0.00	0.00	154	6.62	199	0.0	0.00	0.0	0.000	0.442	88.0	75	79.1	101.4	14.13	 .0695	0.006	702	1	100.0	30
03/28/20	5:30 p	84.5	86.1	84.5	75	75.7	1.0	SSW	0.50	3.0	E	84.5	93.6	93.6	93.0	29.711	0.00	0.00	44	1.89	95	0.0	0.00	0.0	0.000	0.406	87.2	77	79.1	101.0	14.72	 .0696	0.000	702	1	100.0	30
03/28/20	6:00 p	83.7	84.5	83.7	77	75.7	1.0	ENE	0.50	3.0	ESE	83.7	92.6	92.6	91.0	29.723	0.00	0.00	0	0.00	0	0.0	0.00	0.0	0.000	0.390	86.5	79	79.2	100.0	15.36	 .0697	0.001	700	1	100.0	30
03/28/20	6:30 p	82.5	83.8	82.5	79	75.3	0.0	ENE	0.00	2.0	ENE	82.5	90.0	90.0	88.4	29.729	0.00	0.00	0	0.00	0	0.0	0.00	0.0	0.000	0.365	85.8	81	79.3	98.8	16.12	 .0698	0.000	702	1	100.0	30
03/28/20	7:00 p	81.6	82.5	81.6	81	75.2	0.0	ENE	0.00	1.0	ENE	81.6	88.2	88.2	86.6	29.738	0.00	0.00	0	0.00	0	0.0	0.00	0.0	0.000	0.346	84.9	83	79.2	97.4	16.85	 .0700	0.001	702	1	100.0	30
03/28/20	7:30 p	81.3	81.6	81.2	82	75.3	0.0	---	0.00	0.0	---	81.3	87.8	87.8	86.2	29.751	0.00	0.00	0	0.00	0	0.0	0.00	0.0	0.000	0.340	84.4	84	79.0	96.7	17.27	 .0701	0.000	701	1	100.0	30
03/28/20	8:00 p	81.3	81.3	81.1	83	75.6	0.0	ENE	0.00	2.0	ENE	81.3	88.0	88.0	86.4	29.766	0.00	0.00	0	0.00	0	0.0	0.00	0.0	0.000	0.340	84.2	85	79.2	96.6	17.70	 .0701	0.001	701	1	100.0	30
03/28/20	8:30 p	80.8	81.3	80.7	81	74.4	0.0	SE	0.00	4.0	S	80.8	86.4	86.4	84.8	29.781	0.00	0.00	0	0.00	0	0.0	0.00	0.0	0.000	0.329	83.9	84	78.5	95.5	17.29	 .0703	0.000	701	1	100.0	30
03/28/20	9:00 p	80.2	80.8	80.1	82	74.2	0.0	SE	0.00	1.0	SE	80.2	85.4	85.4	83.8	29.786	0.00	0.00	0	0.00	0	0.0	0.00	0.0	0.000	0.317	83.4	84	78.1	94.0	17.31	 .0704	0.001	700	1	100.0	30
03/28/20	9:30 p	79.9	80.1	79.9	83	74.3	0.0	SE	0.00	1.0	SE	79.9	85.0	85.0	83.4	29.795	0.00	0.00	0	0.00	0	0.0	0.00	0.0	0.000	0.310	83.1	85	78.1	93.4	17.76	 .0704	0.000	700	1	100.0	30
03/28/20	10:00 p	79.6	79.9	79.6	84	74.3	0.0	---	0.00	0.0	---	79.6	84.6	84.6	83.0	29.794	0.00	0.00	0	0.00	0	0.0	0.00	0.0	0.000	0.304	82.8	86	78.2	92.9	18.18	 .0705	0.001	701	1	100.0	30
03/28/20	10:30 p	79.5	79.7	79.5	84	74.2	0.0	---	0.00	0.0	---	79.5	84.4	84.4	82.8	29.787	0.00	0.00	0	0.00	0	0.0	0.00	0.0	0.000	0.302	82.6	87	78.3	92.7	18.59	 .0705	0.000	702	1	100.0	30
03/28/20	11:00 p	79.3	79.5	79.3	85	74.4	0.0	---	0.00	0.0	---	79.3	84.3	84.3	82.7	29.784	0.00	0.00	0	0.00	0	0.0	0.00	0.0	0.000	0.298	82.2	87	77.9	91.6	18.62	 .0705	0.001	699	1	100.0	30
03/28/20	11:30 p	79.2	79.5	79.2	85	74.3	0.0	SE	0.00	1.0	SE	79.2	84.1	84.1	82.5	29.778	0.00	0.00	0	0.00	0	0.0	0.00	0.0	0.000	0.296	82.1	88	78.2	91.7	19.14	 .0705	0.000	700	1	100.0	30
03/29/20	12:00 a	79.1	79.3	79.1	85	74.2	0.0	SE	0.00	1.0	SE	79.1	83.9	83.9	82.3	29.769	0.00	0.00	0	0.00	0	0.0	0.00	0.0	0.000	0.294	81.9	88	78.0	91.1	19.16	 .0705	0.001	699	1	100.0	30
03/29/20	12:30 a	78.9	79.2	78.8	85	74.0	0.0	SE	0.00	1.0	SE	78.9	83.5	83.5	81.9	29.760	0.00	0.00	0	0.00	0	0.0	0.00	0.0	0.000	0.290	81.7	89	78.1	90.9	19.78	 .0705	0.000	698	1	100.0	30
03/29/20	1:00 a	78.6	78.9	78.6	86	74.1	0.0	---	0.00	0.0	---	78.6	83.2	83.2	81.6	29.751	0.00	0.00	0	0.00	0	0.0	0.00	0.0	0.000	0.283	81.5	89	77.9	90.3	19.80	 .0706	0.001	703	1	100.0	30
03/29/20	1:30 a	77.8	78.6	77.7	86	73.3	0.0	---	0.00	0.0	---	77.8	81.9	81.9	80.2	29.741	0.00	0.00	0	0.00	0	0.0	0.00	0.0	0.000	0.267	80.9	89	77.4	88.7	19.86	 .0707	0.000	701	1	100.0	30
03/29/20	2:00 a	77.5	77.7	77.4	86	73.0	0.0	---	0.00	0.0	---	77.5	81.5	81.5	79.7	29.743	0.00	0.00	0	0.00	0	0.0	0.00	0.0	0.000	0.260	80.5	89	77.0	87.7	19.90	 .0707	0.001	702	1	100.0	30
03/29/20	2:30 a	77.1	77.5	77.1	86	72.6	0.0	---	0.00	0.0	---	77.1	80.8	80.8	79.0	29.741	0.00	0.00	0	0.00	0	0.0	0.00	0.0	0.000	0.252	80.1	90	76.9	87.0	20.44	 .0708	0.000	700	1	100.0	30
03/29/20	3:00 a	77.2	77.2	76.9	87	73.0	0.0	SE	0.00	3.0	SE	77.2	81.1	81.1	79.4	29.748	0.00	0.00	0	0.00	0	0.0	0.00	0.0	0.000	0.254	79.9	90	76.7	86.6	20.45	 .0709	0.001	702	1	100.0	30
03/29/20	3:30 a	77.1	77.4	77.1	87	72.9	0.0	SE	0.00	3.0	SE	77.1	80.9	80.9	79.1	29.752	0.00	0.00	0	0.00	0	0.0	0.00	0.0	0.000	0.252	79.8	90	76.6	86.4	20.45	 .0709	0.000	694	1	100.0	30
03/29/20	4:00 a	76.5	77.1	76.4	87	72.3	0.0	---	0.00	0.0	---	76.5	80.0	80.0	78.2	29.752	0.00	0.00	0	0.00	0	0.0	0.00	0.0	0.000	0.240	79.3	91	76.4	85.6	21.04	 .0710	0.001	703	1	100.0	30
03/29/20	4:30 a	76.2	76.5	76.2	87	72.0	0.0	---	0.00	0.0	---	76.2	79.6	79.6	77.8	29.760	0.00	0.00	0	0.00	0	0.0	0.00	0.0	0.000	0.233	78.9	91	76.0	84.7	21.03	 .0711	0.000	702	1	100.0	30
03/29/20	5:00 a	75.7	76.2	75.7	87	71.6	0.0	---	0.00	0.0	---	75.7	79.0	79.0	77.2	29.764	0.00	0.00	0	0.00	0	0.0	0.00	0.0	0.000	0.223	78.6	91	75.8	84.1	21.02	 .0711	0.001	700	1	100.0	30
03/29/20	5:30 a	75.2	75.8	75.2	87	71.1	0.0	---	0.00	0.0	---	75.2	78.4	78.4	76.6	29.772	0.00	0.00	0	0.00	0	0.0	0.00	0.0	0.000	0.212	78.3	91	75.5	83.5	21.02	 .0712	0.000	698	1	100.0	30
03/29/20	6:00 a	75.2	75.3	75.2	87	71.1	0.0	---	0.00	0.0	---	75.2	78.4	78.4	76.8	29.774	0.00	0.00	10	0.43	19	0.0	0.00	0.0	0.000	0.212	78.1	91	75.3	83.1	21.01	 .0713	0.000	700	1	100.0	30
03/29/20	6:30 a	75.8	75.9	75.2	88	72.0	0.0	---	0.00	0.0	---	75.8	79.2	79.2	79.6	29.787	0.00	0.00	28	1.20	33	0.0	0.00	0.0	0.000	0.225	78.6	92	76.1	84.3	21.12	 .0712	0.000	702	1	100.0	30
03/29/20	7:00 a	76.8	76.8	75.8	88	73.0	0.0	SE	0.00	1.0	SE	76.8	80.5	80.5	81.2	29.801	0.00	0.00	40	1.72	44	0.0	0.00	0.0	0.000	0.246	79.8	92	77.3	86.9	21.15	 .0710	0.001	702	1	100.0	30
03/29/20	7:30 a	78.1	78.1	76.8	88	74.3	0.0	N	0.00	3.0	NNW	78.1	82.7	82.7	83.6	29.814	0.00	0.00	50	2.15	58	0.2	0.04	1.1	0.000	0.273	81.6	90	78.4	90.9	20.32	 .0707	0.000	697	1	100.0	30
03/29/20	8:00 a	80.4	80.4	78.0	87	76.2	0.0	N	0.00	2.0	WSW	80.4	87.0	87.0	90.7	29.817	0.00	0.00	146	6.28	424	1.5	0.32	2.3	0.000	0.321	83.1	89	79.5	94.8	19.64	 .0704	0.003	700	1	100.0	30
03/29/20	8:30 a	82.6	82.6	80.5	82	76.5	0.0	SW	0.00	3.0	SW	82.6	91.2	91.2	95.2	29.822	0.00	0.00	176	7.57	399	2.1	0.45	2.6	0.000	0.367	83.9	88	80.0	96.9	18.96	 .0703	0.000	701	1	100.0	30
03/29/20	9:00 a	85.7	86.1	82.5	77	77.7	1.0	SW	0.50	4.0	SSE	85.7	97.0	97.0	99.2	29.828	0.00	0.00	114	4.90	156	3.5	0.75	5.3	0.000	0.431	84.4	86	79.7	97.4	18.09	 .0702	0.004	701	1	100.0	30
03/29/20	9:30 a	88.0	88.1	85.7	67	75.7	2.0	SSW	1.00	5.0	SSE	88.0	97.7	97.7	99.8	29.822	0.00	0.00	118	5.07	137	6.0	1.29	7.0	0.000	0.479	86.1	82	80.0	100.1	16.51	 .0700	0.000	702	1	100.0	30
03/29/20	10:00 a	89.8	89.8	87.9	65	76.5	2.0	S	1.00	5.0	SW	89.8	102.2	102.2	104.4	29.823	0.00	0.00	125	5.38	267	7.8	1.67	8.5	0.000	0.517	87.8	78	80.1	102.8	14.93	 .0697	0.004	701	1	100.0	30
03/29/20	10:30 a	90.4	90.9	89.3	65	77.0	2.0	SW	1.00	6.0	SSW	90.4	103.9	103.9	116.5	29.818	0.00	0.00	742	31.91	990	9.2	1.97	9.8	0.000	0.529	88.8	75	79.8	104.7	14.10	 .0696	0.000	703	1	100.0	30
03/29/20	11:00 a	90.8	90.9	89.3	65	77.4	2.0	SW	1.00	6.0	W	90.8	105.0	105.0	115.9	29.805	0.00	0.00	1018	43.78	1035	10.3	2.21	10.6	0.000	0.538	89.2	72	79.0	104.3	13.17	 .0696	0.024	701	1	100.0	30
03/29/20	11:30 a	89.9	90.9	89.3	64	76.1	2.0	SSW	1.00	7.0	ESE	89.9	101.9	101.9	113.0	29.797	0.00	0.00	1049	45.11	1058	11.0	2.36	11.1	0.000	0.519	89.6	73	79.8	106.5	13.46	 .0695	0.000	698	1	100.0	30
03/29/20	12:00 p	90.2	90.6	88.7	62	75.4	3.0	S	1.50	8.0	WSW	90.2	101.5	101.5	113.0	29.782	0.00	0.00	1052	45.24	1060	11.1	2.38	11.2	0.000	0.525	89.7	70	78.6	104.7	12.55	 .0695	0.029	700	1	100.0	30
03/29/20	12:30 p	89.9	90.3	89.2	62	75.1	3.0	SSE	1.50	7.0	SSW	89.9	100.7	100.7	112.9	29.776	0.00	0.00	1047	45.03	1056	10.8	2.31	11.0	0.000	0.519	90.0	69	78.5	105.2	12.35	 .0695	0.000	701	1	100.0	30
03/29/20	1:00 p	91.1	91.1	89.2	62	76.3	2.0	ESE	1.00	7.0	SSW	91.1	103.9	103.9	116.9	29.758	0.00	0.00	1017	43.74	1037	10.1	2.16	10.5	0.000	0.544	90.2	69	78.6	105.8	12.35	 .0694	0.029	701	1	100.0	30
03/29/20	1:30 p	90.4	91.3	89.7	63	76.1	2.0	SSW	1.00	9.0	SSE	90.4	102.7	102.7	116.3	29.750	0.00	0.00	959	41.24	993	8.9	1.91	9.6	0.000	0.529	90.4	69	78.8	106.4	12.34	 .0693	0.000	699	1	100.0	30
03/29/20	2:00 p	89.3	90.8	88.8	63	75.0	2.0	SE	1.00	8.0	S	89.3	99.6	99.6	113.7	29.742	0.00	0.00	884	38.02	926	7.4	1.59	8.2	0.000	0.506	90.2	68	78.2	105.2	12.05	 .0694	0.026	701	1	100.0	30
03/29/20	2:30 p	89.0	91.0	89.0	62	74.3	2.0	ESE	1.00	8.0	SSE	89.0	98.2	98.2	112.7	29.736	0.00	0.00	785	33.76	833	5.7	1.22	6.5	0.000	0.500	90.1	68	78.1	104.9	12.05	 .0694	0.000	701	1	100.0	30
03/29/20	3:00 p	89.2	90.4	88.7	62	74.5	2.0	ESE	1.00	6.0	ESE	89.2	98.8	98.8	113.7	29.726	0.00	0.00	676	29.07	735	4.2	0.90	5.0	0.000	0.504	89.6	69	78.1	103.8	12.35	 .0694	0.021	700	1	100.0	30
03/29/20	3:30 p	88.8	89.2	88.1	65	75.5	2.0	S	1.00	8.0	SE	88.8	99.0	99.0	114.2	29.718	0.00	0.00	557	23.95	617	2.8	0.60	3.4	0.000	0.496	88.7	71	78.1	101.9	12.85	 .0695	0.000	701	1	100.0	30
03/29/20	4:00 p	87.2	89.0	87.2	65	74.0	2.0	SSE	1.00	9.0	SSE	87.2	95.8	95.8	110.2	29.720	0.00	0.00	431	18.54	494	1.6	0.34	2.2	0.000	0.462	87.9	72	77.7	99.8	13.19	 .0697	0.014	700	1	100.0	30
03/29/20	4:30 p	86.2	87.4	86.1	69	74.8	1.0	SE	0.50	5.0	SE	86.2	95.4	95.4	99.8	29.732	0.00	0.00	137	5.89	364	0.8	0.17	1.2	0.000	0.442	87.4	74	78.1	99.9	13.80	 .0697	0.000	698	1	100.0	30
03/29/20	5:00 p	85.3	86.2	85.2	71	74.8	1.0	SE	0.50	5.0	NE	85.3	94.0	94.0	93.5	29.746	0.00	0.00	55	2.37	67	0.1	0.02	0.5	0.000	0.423	87.0	75	78.1	99.6	14.17	 .0698	0.003	699	1	100.0	30
03/29/20	5:30 p	82.9	85.2	82.9	76	74.6	0.0	SE	0.00	2.0	SE	82.9	90.2	90.2	89.2	29.751	0.00	0.00	29	1.25	44	0.0	0.00	0.0	0.000	0.373	86.3	76	77.8	98.2	14.47	 .0699	0.000	702	1	100.0	30
03/29/20	6:00 p	81.3	82.9	81.3	79	74.2	0.0	SE	0.00	1.0	SE	81.3	87.0	87.0	85.4	29.763	0.00	0.00	4	0.17	14	0.0	0.00	0.0	0.000	0.340	85.4	78	77.8	96.6	15.12	 .0701	0.001	702	1	100.0	30
03/29/20	6:30 p	80.3	81.3	80.3	80	73.6	0.0	SE	0.00	1.0	SE	80.3	85.1	85.1	83.4	29.777	0.00	0.00	0	0.00	0	0.0	0.00	0.0	0.000	0.319	84.1	80	77.3	94.7	15.79	 .0703	0.000	702	1	100.0	30
03/29/20	7:00 p	79.4	80.3	79.4	82	73.4	0.0	SE	0.00	1.0	SE	79.4	83.9	83.9	82.2	29.791	0.00	0.00	0	0.00	0	0.0	0.00	0.0	0.000	0.300	83.5	82	77.4	93.7	16.58	 .0704	0.001	701	1	100.0	30
03/29/20	7:30 p	79.4	79.5	79.3	83	73.8	0.0	---	0.00	0.0	---	79.4	84.1	84.1	82.4	29.803	0.00	0.00	0	0.00	0	0.0	0.00	0.0	0.000	0.300	83.8	82	77.7	94.6	16.57	 .0704	0.000	700	1	100.0	30
03/29/20	8:00 p	79.4	79.7	79.4	83	73.8	0.0	SE	0.00	1.0	SE	79.4	84.1	84.1	82.4	29.806	0.00	0.00	0	0.00	0	0.0	0.00	0.0	0.000	0.300	83.0	84	77.7	92.8	17.33	 .0705	0.001	702	1	100.0	30
03/29/20	8:30 p	78.9	79.5	78.9	84	73.7	0.0	SE	0.00	1.0	SE	78.9	83.4	83.4	81.7	29.822	0.00	0.00	0	0.00	0	0.0	0.00	0.0	0.000	0.290	82.3	85	77.3	91.2	17.81	 .0707	0.000	702	1	100.0	30
03/29/20	9:00 p	79.1	79.1	78.9	84	73.8	0.0	---	0.00	0.0	---	79.1	83.7	83.7	82.0	29.828	0.00	0.00	0	0.00	0	0.0	0.00	0.0	0.000	0.294	82.0	86	77.4	90.7	18.23	 .0707	0.001	699	1	100.0	30
03/29/20	9:30 p	78.3	79.1	78.3	85	73.4	0.0	SE	0.00	1.0	SE	78.3	82.6	82.6	80.9	29.838	0.00	0.00	0	0.00	0	0.0	0.00	0.0	0.000	0.277	81.2	87	77.0	88.9	18.68	 .0709	0.000	699	1	100.0	30
03/29/20	10:00 p	78.1	78.4	78.1	85	73.2	0.0	---	0.00	0.0	---	78.1	82.3	82.3	80.6	29.836	0.00	0.00	0	0.00	0	0.0	0.00	0.0	0.000	0.273	80.6	89	77.1	88.0	19.89	 .0710	0.001	701	1	100.0	30
03/29/20	10:30 p	78.0	78.1	77.9	86	73.5	0.0	---	0.00	0.0	---	78.0	82.2	82.2	80.5	29.834	0.00	0.00	0	0.00	0	0.0	0.00	0.0	0.000	0.271	80.4	89	76.9	87.5	19.91	 .0710	0.000	699	1	100.0	30
03/29/20	11:00 p	78.0	78.1	77.9	86	73.5	0.0	---	0.00	0.0	---	78.0	82.2	82.2	80.5	29.825	0.00	0.00	0	0.00	0	0.0	0.00	0.0	0.000	0.271	80.3	90	77.1	87.5	20.43	 .0710	0.001	700	1	100.0	30
03/29/20	11:30 p	77.4	77.9	77.4	86	72.9	0.0	---	0.00	0.0	---	77.4	81.3	81.3	79.5	29.816	0.00	0.00	0	0.00	0	0.0	0.00	0.0	0.000	0.258	79.8	90	76.6	86.4	20.45	 .0710	0.000	701	1	100.0	30
03/30/20	12:00 a	77.1	77.4	77.1	86	72.6	0.0	---	0.00	0.0	---	77.1	80.8	80.8	79.0	29.806	0.00	0.00	0	0.00	0	0.0	0.00	0.0	0.000	0.252	79.5	90	76.3	85.8	20.45	 .0711	0.001	701	1	100.0	30
03/30/20	12:30 a	76.8	77.1	76.8	87	72.6	0.0	---	0.00	0.0	---	76.8	80.5	80.5	78.7	29.801	0.00	0.00	0	0.00	0	0.0	0.00	0.0	0.000	0.246	79.1	91	76.2	85.1	21.03	 .0711	0.000	700	1	100.0	30
03/30/20	1:00 a	76.6	76.8	76.6	87	72.4	0.0	---	0.00	0.0	---	76.6	80.2	80.2	78.4	29.790	0.00	0.00	0	0.00	0	0.0	0.00	0.0	0.000	0.242	78.9	91	76.0	84.7	21.03	 .0711	0.001	701	1	100.0	30
03/30/20	1:30 a	76.3	76.7	76.3	87	72.1	0.0	---	0.00	0.0	---	76.3	79.8	79.8	78.0	29.780	0.00	0.00	0	0.00	0	0.0	0.00	0.0	0.000	0.235	78.5	92	76.0	84.1	21.12	 .0712	0.000	702	1	100.0	30
03/30/20	2:00 a	76.1	76.3	76.1	87	71.9	0.0	---	0.00	0.0	---	76.1	79.5	79.5	77.7	29.773	0.00	0.00	0	0.00	0	0.0	0.00	0.0	0.000	0.231	78.3	92	75.8	83.7	21.12	 .0712	0.001	702	1	100.0	30
03/30/20	2:30 a	75.9	76.2	75.8	87	71.8	0.0	---	0.00	0.0	---	75.9	79.2	79.2	77.4	29.772	0.00	0.00	0	0.00	0	0.0	0.00	0.0	0.000	0.227	78.0	92	75.5	83.0	21.11	 .0713	0.000	699	1	100.0	30
03/30/20	3:00 a	75.7	76.0	75.7	87	71.6	0.0	---	0.00	0.0	---	75.7	79.0	79.0	77.2	29.772	0.00	0.00	0	0.00	0	0.0	0.00	0.0	0.000	0.223	77.8	92	75.3	82.7	21.11	 .0713	0.001	700	1	100.0	30
03/30/20	3:30 a	75.6	75.8	75.5	88	71.8	0.0	SE	0.00	1.0	SE	75.6	78.9	78.9	77.1	29.764	0.00	0.00	0	0.00	0	0.0	0.00	0.0	0.000	0.221	77.6	93	75.4	82.4	21.20	 .0713	0.000	700	1	100.0	30
03/30/20	4:00 a	75.7	75.7	75.5	88	71.9	0.0	---	0.00	0.0	---	75.7	79.0	79.0	77.2	29.775	0.00	0.00	0	0.00	0	0.0	0.00	0.0	0.000	0.223	77.5	93	75.3	82.2	21.20	 .0713	0.000	703	1	100.0	30
03/30/20	4:30 a	75.6	75.7	75.5	88	71.8	0.0	---	0.00	0.0	---	75.6	78.9	78.9	77.1	29.779	0.00	0.00	0	0.00	0	0.0	0.00	0.0	0.000	0.221	77.5	93	75.3	82.2	21.20	 .0713	0.000	697	1	100.0	30
03/30/20	5:00 a	75.4	75.6	75.3	88	71.6	0.0	---	0.00	0.0	---	75.4	78.7	78.7	76.9	29.783	0.00	0.00	0	0.00	0	0.0	0.00	0.0	0.000	0.217	77.3	93	75.1	81.9	21.20	 .0714	0.000	700	1	100.0	30
03/30/20	5:30 a	75.2	75.5	75.2	88	71.4	0.0	SE	0.00	1.0	SE	75.2	78.5	78.5	76.7	29.787	0.00	0.00	0	0.00	0	0.0	0.00	0.0	0.000	0.212	77.1	93	74.9	81.5	21.19	 .0715	0.000	702	1	100.0	30
03/30/20	6:00 a	75.3	75.3	75.1	88	71.5	0.0	---	0.00	0.0	---	75.3	78.6	78.6	77.0	29.791	0.00	0.00	9	0.39	18	0.0	0.00	0.0	0.000	0.215	77.1	94	75.2	81.6	21.35	 .0714	0.000	701	1	100.0	30
03/30/20	6:30 a	76.0	76.0	75.3	88	72.2	0.0	---	0.00	0.0	---	76.0	79.4	79.4	79.7	29.809	0.00	0.00	26	1.12	35	0.0	0.00	0.0	0.000	0.229	77.6	94	75.7	82.5	21.35	 .0714	0.000	701	1	100.0	30
03/30/20	7:00 a	77.0	77.0	76.0	88	73.2	0.0	SE	0.00	1.0	SE	77.0	80.8	80.8	81.6	29.822	0.00	0.00	42	1.81	47	0.0	0.00	0.0	0.000	0.250	79.1	95	77.5	86.0	21.65	 .0711	0.001	701	1	100.0	30
03/30/20	7:30 a	78.0	78.1	77.0	88	74.2	0.0	SE	0.00	2.0	SE	78.0	82.5	82.5	83.5	29.834	0.00	0.00	53	2.28	72	0.2	0.04	1.1	0.000	0.271	81.4	93	79.2	91.3	21.28	 .0707	0.000	700	1	100.0	30
03/30/20	8:00 a	80.0	80.0	78.1	88	76.1	1.0	SE	0.50	2.0	SE	80.0	86.3	86.3	91.8	29.834	0.00	0.00	210	9.03	501	1.6	0.34	2.3	0.000	0.313	83.3	91	80.4	96.3	20.79	 .0703	0.003	701	1	100.0	30
03/30/20	8:30 a	82.6	83.3	80.0	81	76.2	1.0	SE	0.50	4.0	SSE	82.6	90.9	90.9	97.1	29.838	0.00	0.00	261	11.22	582	2.2	0.47	2.6	0.000	0.367	84.2	89	80.6	98.2	19.53	 .0702	0.000	702	1	100.0	30
03/30/20	9:00 a	86.8	86.9	82.0	76	78.3	1.0	SSW	0.50	4.0	ESE	86.8	99.6	99.6	102.2	29.841	0.00	0.00	129	5.55	200	4.1	0.88	5.3	0.000	0.454	85.3	86	80.6	99.8	18.03	 .0701	0.005	702	1	100.0	30
03/30/20	9:30 a	88.7	88.7	86.8	69	77.2	2.0	S	1.00	7.0	SE	88.7	100.8	100.8	102.7	29.838	0.00	0.00	107	4.60	118	6.2	1.33	7.0	0.000	0.494	87.2	81	80.7	103.3	16.06	 .0698	0.000	702	1	100.0	30
03/30/20	10:00 a	89.6	89.6	88.6	69	78.1	2.0	SSW	1.00	6.0	E	89.6	103.8	103.8	106.5	29.836	0.00	0.00	139	5.98	169	7.7	1.65	8.4	0.000	0.512	88.4	78	80.7	105.0	14.88	 .0697	0.004	696	1	100.0	30
03/30/20	10:30 a	89.9	90.5	89.0	68	77.9	2.0	S	1.00	7.0	SE	89.9	104.3	104.3	116.0	29.830	0.00	0.00	631	27.14	1099	9.1	1.95	10.0	0.000	0.519	89.3	78	81.5	108.9	14.81	 .0695	0.000	700	1	100.0	30
03/30/20	11:00 a	90.6	90.7	89.1	68	78.6	2.0	ESE	1.00	7.0	SE	90.6	106.4	106.4	117.7	29.822	0.00	0.00	1044	44.90	1194	9.8	2.10	11.0	0.000	0.533	90.0	76	81.4	110.2	14.25	 .0694	0.023	702	1	100.0	30
03/30/20	11:30 a	91.1	91.6	89.4	65	77.7	2.0	SW	1.00	6.0	SSW	91.1	105.9	105.9	117.4	29.810	0.00	0.00	1085	46.66	1165	10.9	2.34	11.3	0.000	0.544	90.7	74	81.3	111.4	13.74	 .0693	0.000	699	1	100.0	30
03/30/20	12:00 p	90.1	91.5	89.9	62	75.3	3.0	S	1.50	9.0	S	90.1	101.3	101.3	112.8	29.800	0.00	0.00	1059	45.54	1086	11.1	2.38	11.3	0.000	0.523	91.4	70	80.2	110.3	12.52	 .0692	0.029	700	1	100.0	30
03/30/20	12:30 p	90.3	90.5	89.4	67	77.8	3.0	SSE	1.50	11.0	SSE	90.3	104.9	104.9	117.1	29.787	0.00	0.00	1035	44.51	1046	10.7	2.29	11.0	0.000	0.527	91.5	71	80.8	111.6	12.82	 .0691	0.000	699	1	100.0	30
03/30/20	1:00 p	90.7	91.8	89.7	65	77.3	2.0	SE	1.00	11.0	ESE	90.7	104.8	104.8	117.9	29.772	0.00	0.00	1023	43.99	1048	10.0	2.14	10.4	0.000	0.535	92.0	71	81.2	113.4	12.81	 .0690	0.029	700	1	100.0	30
03/30/20	1:30 p	90.3	91.7	89.8	66	77.4	2.0	SE	1.00	8.0	ESE	90.3	104.3	104.3	118.1	29.754	0.00	0.00	971	41.76	1039	8.9	1.91	9.6	0.000	0.527	92.0	70	80.8	112.3	12.51	 .0690	0.000	699	1	100.0	30
03/30/20	2:00 p	89.8	91.0	89.5	66	76.9	3.0	SE	1.50	8.0	E	89.8	102.7	102.7	118.0	29.744	0.00	0.00	944	40.60	1011	7.3	1.56	8.2	0.000	0.517	91.9	70	80.7	112.0	12.51	 .0690	0.026	702	1	100.0	30
03/30/20	2:30 p	89.8	90.6	87.6	65	76.5	3.0	SE	1.50	11.0	SE	89.8	102.2	102.2	115.8	29.721	0.00	0.00	736	31.65	962	5.2	1.11	6.7	0.000	0.517	90.6	70	79.5	107.7	12.54	 .0692	0.000	699	1	100.0	30
03/30/20	3:00 p	88.6	90.5	88.6	68	76.7	3.0	SSE	1.50	9.0	SE	88.6	100.0	100.0	115.2	29.713	0.00	0.00	680	29.24	782	3.9	0.84	4.9	0.000	0.492	90.2	72	79.9	107.9	13.14	 .0692	0.019	700	1	100.0	30
03/30/20	3:30 p	88.3	89.6	88.2	69	76.8	3.0	SE	1.50	10.0	SE	88.3	99.5	99.5	114.2	29.717	0.00	0.00	543	23.35	719	2.4	0.51	3.1	0.000	0.485	89.6	74	80.2	107.2	13.76	 .0693	0.000	698	1	100.0	30
03/30/20	4:00 p	86.8	88.7	86.8	71	76.3	2.0	ESE	1.00	8.0	SSE	86.8	97.5	97.5	110.6	29.718	0.00	0.00	392	16.86	554	1.5	0.32	2.0	0.000	0.454	88.9	75	79.9	105.1	14.09	 .0694	0.013	700	1	100.0	30
03/30/20	4:30 p	86.5	87.0	86.3	71	76.0	1.0	SE	0.50	6.0	SSE	86.5	96.8	96.8	102.0	29.710	0.00	0.00	151	6.49	290	0.6	0.13	1.0	0.000	0.448	88.3	76	79.8	103.3	14.35	 .0694	0.000	702	1	100.0	30
03/30/20	5:00 p	85.3	86.6	85.3	75	76.5	1.0	E	0.50	4.0	NE	85.3	95.3	95.3	95.9	29.728	0.00	0.00	98	4.21	128	0.1	0.02	0.5	0.000	0.423	88.0	77	79.9	102.6	14.67	 .0695	0.004	696	1	100.0	30
03/30/20	5:30 p	84.3	85.6	84.3	77	76.3	1.0	E	0.50	5.0	S	84.3	94.0	94.0	93.1	29.742	0.00	0.00	28	1.20	49	0.0	0.00	0.0	0.000	0.402	87.2	79	79.9	102.0	15.32	 .0696	0.000	700	1	100.0	30
03/30/20	6:00 p	83.6	84.3	83.5	79	76.4	0.0	ENE	0.00	2.0	E	83.6	93.0	93.0	91.5	29.760	0.00	0.00	1	0.04	9	0.0	0.00	0.0	0.000	0.387	86.4	80	79.5	100.1	15.69	 .0698	0.001	700	1	100.0	30
03/30/20	6:30 p	81.9	83.6	81.7	79	74.7	1.0	ENE	0.50	3.0	NW	81.9	88.4	88.4	86.8	29.763	0.00	0.00	0	0.00	0	0.0	0.00	0.0	0.000	0.352	85.6	80	78.7	97.8	15.73	 .0700	0.000	703	1	100.0	30
03/30/20	7:00 p	80.9	81.9	80.9	79	73.8	0.0	NW	0.00	3.0	NW	80.9	86.1	86.1	84.4	29.771	0.00	0.00	0	0.00	0	0.0	0.00	0.0	0.000	0.331	84.7	80	77.8	95.8	15.76	 .0702	0.001	701	1	100.0	30
03/30/20	7:30 p	79.8	80.9	79.8	82	73.8	0.0	NNW	0.00	1.0	NNW	79.8	84.6	84.6	82.9	29.784	0.00	0.00	0	0.00	0	0.0	0.00	0.0	0.000	0.308	83.8	82	77.7	94.6	16.57	 .0704	0.000	701	1	100.0	30
03/30/20	8:00 p	79.1	79.9	79.1	82	73.1	0.0	NNW	0.00	1.0	NNW	79.1	83.3	83.3	81.6	29.789	0.00	0.00	0	0.00	0	0.0	0.00	0.0	0.000	0.294	83.3	83	77.6	93.4	16.92	 .0704	0.001	700	1	100.0	30
03/30/20	8:30 p	78.3	79.1	78.3	83	72.7	0.0	NNW	0.00	1.0	NNW	78.3	82.3	82.3	80.5	29.793	0.00	0.00	0	0.00	0	0.0	0.00	0.0	0.000	0.277	82.6	83	76.9	91.4	16.95	 .0706	0.000	701	1	100.0	30
03/30/20	9:00 p	77.9	78.3	77.9	83	72.3	0.0	NNW	0.00	1.0	NNW	77.9	81.7	81.7	79.9	29.807	0.00	0.00	0	0.00	0	0.0	0.00	0.0	0.000	0.269	81.9	84	76.6	89.8	17.37	 .0707	0.001	700	1	100.0	30
03/30/20	9:30 p	77.6	78.0	77.6	83	72.0	0.0	---	0.00	0.0	---	77.6	81.2	81.2	79.4	29.809	0.00	0.00	0	0.00	0	0.0	0.00	0.0	0.000	0.262	81.5	84	76.2	88.8	17.39	 .0708	0.000	699	1	100.0	30
03/30/20	10:00 p	77.4	77.6	77.3	84	72.2	0.0	---	0.00	0.0	---	77.4	81.1	81.1	79.3	29.811	0.00	0.00	0	0.00	0	0.0	0.00	0.0	0.000	0.258	81.0	86	76.4	88.1	18.29	 .0709	0.001	700	1	100.0	30
03/30/20	10:30 p	77.3	77.4	77.2	85	72.4	0.0	---	0.00	0.0	---	77.3	81.1	81.1	79.3	29.806	0.00	0.00	0	0.00	0	0.0	0.00	0.0	0.000	0.256	80.6	86	76.0	87.2	18.31	 .0710	0.000	701	1	100.0	30
03/30/20	11:00 p	77.5	77.5	77.2	85	72.6	0.0	---	0.00	0.0	---	77.5	81.3	81.3	79.5	29.800	0.00	0.00	0	0.00	0	0.0	0.00	0.0	0.000	0.260	80.5	87	76.3	87.2	18.72	 .0709	0.001	702	1	100.0	30
03/30/20	11:30 p	77.4	77.6	77.4	85	72.5	0.0	---	0.00	0.0	---	77.4	81.2	81.2	79.4	29.791	0.00	0.00	0	0.00	0	0.0	0.00	0.0	0.000	0.258	80.5	88	76.6	87.5	19.30	 .0709	0.000	700	1	100.0	30
03/31/20	12:00 a	77.2	77.5	77.1	86	72.7	0.0	---	0.00	0.0	---	77.2	81.0	81.0	79.2	29.781	0.00	0.00	0	0.00	0	0.0	0.00	0.0	0.000	0.254	80.1	88	76.2	86.6	19.34	 .0709	0.001	700	1	100.0	30
03/31/20	12:30 a	76.7	77.1	76.7	86	72.2	0.0	---	0.00	0.0	---	76.7	80.3	80.3	78.5	29.768	0.00	0.00	0	0.00	0	0.0	0.00	0.0	0.000	0.244	79.6	89	76.1	85.7	19.95	 .0710	0.000	697	1	100.0	30
03/31/20	1:00 a	76.3	76.7	76.3	86	71.8	0.0	---	0.00	0.0	---	76.3	79.7	79.7	77.9	29.758	0.00	0.00	0	0.00	0	0.0	0.00	0.0	0.000	0.235	79.3	89	75.8	85.1	19.95	 .0710	0.001	700	1	100.0	30
03/31/20	1:30 a	76.0	76.4	76.0	87	71.8	0.0	---	0.00	0.0	---	76.0	79.3	79.3	77.5	29.746	0.00	0.00	0	0.00	0	0.0	0.00	0.0	0.000	0.229	78.9	90	75.7	84.5	20.45	 .0711	0.000	699	1	100.0	30
03/31/20	2:00 a	75.8	76.0	75.7	87	71.7	0.0	---	0.00	0.0	---	75.8	79.1	79.1	77.3	29.739	0.00	0.00	0	0.00	0	0.0	0.00	0.0	0.000	0.225	78.7	90	75.5	84.1	20.45	 .0711	0.001	702	1	100.0	30
03/31/20	2:30 a	75.6	75.8	75.6	87	71.5	0.0	---	0.00	0.0	---	75.6	78.9	78.9	77.1	29.737	0.00	0.00	0	0.00	0	0.0	0.00	0.0	0.000	0.221	78.4	90	75.2	83.6	20.45	 .0711	0.000	701	1	100.0	30
03/31/20	3:00 a	75.6	75.7	75.5	87	71.5	0.0	---	0.00	0.0	---	75.6	78.9	78.9	77.1	29.737	0.00	0.00	0	0.00	0	0.0	0.00	0.0	0.000	0.221	78.3	90	75.1	83.4	20.45	 .0712	0.001	699	1	100.0	30
03/31/20	3:30 a	75.4	75.6	75.4	87	71.3	0.0	---	0.00	0.0	---	75.4	78.6	78.6	76.8	29.740	0.00	0.00	0	0.00	0	0.0	0.00	0.0	0.000	0.217	78.2	91	75.4	83.3	21.01	 .0712	0.000	698	1	100.0	30
03/31/20	4:00 a	75.2	75.5	75.2	87	71.1	0.0	---	0.00	0.0	---	75.2	78.4	78.4	76.6	29.742	0.00	0.00	0	0.00	0	0.0	0.00	0.0	0.000	0.212	77.9	91	75.1	82.7	21.01	 .0712	0.001	702	1	100.0	30
03/31/20	4:30 a	75.1	75.3	75.1	87	71.0	0.0	---	0.00	0.0	---	75.1	78.3	78.3	76.4	29.749	0.00	0.00	0	0.00	0	0.0	0.00	0.0	0.000	0.210	77.7	91	74.9	82.4	21.00	 .0713	0.000	701	1	100.0	30
03/31/20	5:00 a	74.8	75.1	74.7	87	70.7	0.0	---	0.00	0.0	---	74.8	77.8	77.8	75.9	29.751	0.00	0.00	0	0.00	0	0.0	0.00	0.0	0.000	0.204	77.4	91	74.6	81.8	21.00	 .0713	0.001	699	1	100.0	30
03/31/20	5:30 a	74.4	74.8	74.3	87	70.3	0.0	---	0.00	0.0	---	74.4	77.0	77.0	75.1	29.758	0.00	0.00	0	0.00	0	0.0	0.00	0.0	0.000	0.196	77.1	91	74.3	81.3	20.99	 .0714	0.000	703	1	100.0	30
03/31/20	6:00 a	74.6	74.6	74.3	87	70.5	0.0	---	0.00	0.0	---	74.6	77.4	77.4	75.7	29.764	0.00	0.00	10	0.43	19	0.0	0.00	0.0	0.000	0.200	77.0	92	74.5	81.2	21.09	 .0714	0.000	701	1	100.0	30
03/31/20	6:30 a	75.3	75.3	74.5	88	71.5	0.0	NNW	0.00	1.0	NNW	75.3	78.6	78.6	79.1	29.775	0.00	0.00	31	1.33	40	0.0	0.00	0.0	0.000	0.215	77.7	93	75.5	82.6	21.20	 .0713	0.000	702	1	100.0	30
03/31/20	7:00 a	76.4	76.4	75.3	88	72.6	0.0	NNW	0.00	1.0	NNW	76.4	80.0	80.0	81.2	29.787	0.00	0.00	52	2.24	60	0.3	0.06	0.7	0.000	0.238	79.3	92	76.8	85.8	21.14	 .0710	0.001	701	1	100.0	30
03/31/20	7:30 a	77.7	77.8	76.3	88	73.9	0.0	NNW	0.00	1.0	NNW	77.7	82.0	82.0	83.2	29.799	0.00	0.00	60	2.58	65	0.9	0.19	1.2	0.000	0.265	81.0	91	78.1	89.5	20.97	 .0707	0.000	700	1	100.0	30
03/31/20	8:00 a	79.8	79.9	77.8	87	75.6	0.0	NNW	0.00	2.0	NNW	79.8	85.7	85.7	91.6	29.804	0.00	0.00	227	9.76	480	1.6	0.34	2.2	0.000	0.308	82.8	89	79.2	93.9	19.67	 .0704	0.004	702	1	100.0	30
03/31/20	8:30 a	85.4	85.4	79.8	76	77.0	1.0	S	0.50	5.0	S	85.4	95.9	95.9	106.7	29.815	0.00	0.00	498	21.42	531	3.1	0.66	3.8	0.000	0.425	84.7	86	80.0	98.2	18.07	 .0701	0.000	700	1	100.0	30
03/31/20	9:00 a	87.3	88.0	85.5	68	75.4	2.0	S	1.00	5.0	S	87.3	97.2	97.2	105.0	29.808	0.00	0.00	361	15.53	517	4.4	0.94	6.0	0.000	0.465	86.6	81	80.1	101.4	16.09	 .0699	0.011	698	1	100.0	30
03/31/20	9:30 a	88.4	88.5	87.3	64	74.7	2.0	SSW	1.00	5.0	S	88.4	97.5	97.5	104.6	29.811	0.00	0.00	338	14.54	380	5.7	1.22	7.2	0.000	0.488	87.5	75	78.6	100.5	14.15	 .0699	0.000	697	1	100.0	30
03/31/20	10:00 a	89.5	89.7	88.4	66	76.6	2.0	S	1.00	7.0	S	89.5	101.8	101.8	106.5	29.807	0.00	0.00	227	9.76	285	7.6	1.63	8.2	0.000	0.510	88.7	76	80.2	105.0	14.33	 .0696	0.008	699	1	100.0	30
03/31/20	10:30 a	89.7	91.0	89.2	65	76.4	2.0	S	1.00	7.0	S	89.7	101.8	101.8	112.4	29.802	0.00	0.00	546	23.48	1046	9.0	1.93	9.8	0.000	0.515	89.8	72	79.6	106.5	13.15	 .0695	0.000	702	1	100.0	30
03/31/20	11:00 a	90.2	90.2	88.5	65	76.8	2.0	SE	1.00	6.0	ESE	90.2	103.4	103.4	116.3	29.801	0.00	0.00	789	33.93	1125	8.7	1.86	11.0	0.000	0.525	89.9	73	80.1	107.6	13.45	 .0694	0.019	703	1	100.0	30
03/31/20	11:30 a	91.7	91.7	89.7	64	77.8	2.0	SE	1.00	8.0	SSW	91.7	107.0	107.0	117.9	29.789	0.00	0.00	1039	44.68	1067	10.7	2.29	10.9	0.000	0.556	90.5	72	80.2	109.0	13.13	 .0693	0.000	701	1	100.0	30
03/31/20	12:00 p	91.5	91.8	90.3	64	77.6	2.0	SSE	1.00	7.0	ESE	91.5	106.4	106.4	117.7	29.776	0.00	0.00	1034	44.47	1041	10.9	2.34	10.9	0.000	0.552	90.9	70	79.8	108.7	12.53	 .0693	0.029	699	1	100.0	30
03/31/20	12:30 p	90.2	91.7	90.0	62	75.4	2.0	S	1.00	9.0	SSE	90.2	101.5	101.5	113.3	29.764	0.00	0.00	1023	43.99	1032	10.5	2.25	10.8	0.000	0.525	91.4	69	79.8	109.6	12.32	 .0692	0.000	699	1	100.0	30
03/31/20	1:00 p	91.6	92.2	90.2	53	72.0	2.0	SE	1.00	6.0	SSW	91.6	100.0	100.0	112.3	29.755	0.00	0.00	992	42.66	1009	9.8	2.10	10.2	0.000	0.554	91.4	67	78.9	108.2	11.85	 .0692	0.028	699	1	100.0	30
03/31/20	1:30 p	90.8	93.2	90.1	58	74.0	2.0	ESE	1.00	7.0	SE	90.8	100.8	100.8	113.0	29.745	0.00	0.00	888	38.19	977	8.3	1.78	9.3	0.000	0.538	91.3	69	79.7	109.3	12.32	 .0691	0.000	680	1	99.4	30
03/31/20	2:00 p	89.1	91.6	89.0	60	73.4	3.0	SE	1.50	8.0	SE	89.1	97.6	97.6	111.2	29.733	0.00	0.00	867	37.29	912	7.2	1.54	8.0	0.000	0.502	90.9	69	79.3	108.0	12.33	 .0692	0.025	700	1	100.0	30
03/31/20	2:30 p	89.8	90.4	88.7	61	74.6	2.0	S	1.00	7.0	E	89.8	99.9	99.9	113.8	29.725	0.00	0.00	762	32.77	817	5.6	1.20	6.4	0.000	0.517	90.6	71	79.9	108.5	12.84	 .0692	0.000	699	1	100.0	30
03/31/20	3:00 p	89.0	89.9	88.8	59	72.8	3.0	S	1.50	7.0	S	89.0	96.9	96.9	111.5	29.718	0.00	0.00	673	28.94	733	4.1	0.88	4.9	0.000	0.500	89.7	70	78.6	104.7	12.55	 .0694	0.020	701	1	100.0	30
03/31/20	3:30 p	88.8	89.8	88.6	60	73.1	2.0	S	1.00	6.0	ESE	88.8	96.8	96.8	111.3	29.727	0.00	0.00	547	23.52	606	2.8	0.60	3.4	0.000	0.496	89.0	72	78.8	103.6	13.17	 .0695	0.000	701	1	100.0	30
03/31/20	4:00 p	88.7	88.8	87.7	61	73.5	2.0	SE	1.00	7.0	SSE	88.7	97.0	97.0	109.3	29.723	0.00	0.00	377	16.21	461	1.5	0.32	1.9	0.000	0.494	88.5	74	79.1	102.9	13.78	 .0695	0.013	702	1	100.0	30
03/31/20	4:30 p	86.6	88.6	86.6	64	73.0	1.0	SE	0.50	7.0	SE	86.6	94.3	94.3	99.5	29.733	0.00	0.00	157	6.75	346	0.8	0.17	1.2	0.000	0.450	88.2	74	78.9	101.7	13.79	 .0696	0.000	699	1	100.0	30
03/31/20	5:00 p	86.2	86.7	86.2	65	73.0	1.0	SE	0.50	7.0	SSE	86.2	93.8	93.8	94.1	29.743	0.00	0.00	92	3.96	118	0.1	0.02	0.5	0.000	0.442	87.9	76	79.4	101.8	14.38	 .0696	0.004	700	1	100.0	30
03/31/20	5:30 p	85.0	86.4	85.0	69	73.7	1.0	SSE	0.50	4.0	ESE	85.0	92.5	92.5	92.2	29.757	0.00	0.00	66	2.84	118	0.0	0.00	0.0	0.000	0.417	87.4	77	79.3	101.4	14.71	 .0697	0.000	702	1	100.0	30
03/31/20	6:00 p	83.3	85.0	83.3	73	73.7	0.0	SE	0.00	2.0	SSE	83.3	90.2	90.2	88.6	29.771	0.00	0.00	5	0.22	25	0.0	0.00	0.0	0.000	0.381	86.5	78	78.8	99.6	15.03	 .0699	0.001	700	1	100.0	30
03/31/20	6:30 p	81.6	83.3	81.6	76	73.3	0.0	SE	0.00	1.0	SE	81.6	86.9	86.9	85.2	29.775	0.00	0.00	0	0.00	0	0.0	0.00	0.0	0.000	0.346	85.5	80	78.6	97.6	15.73	 .0700	0.000	701	1	100.0	30
03/31/20	7:00 p	80.7	81.6	80.7	77	72.8	0.0	SE	0.00	1.0	SE	80.7	85.3	85.3	83.5	29.776	0.00	0.00	0	0.00	0	0.0	0.00	0.0	0.000	0.327	84.5	81	78.0	95.8	16.17	 .0702	0.001	701	1	100.0	30
03/31/20	7:30 p	81.1	81.1	80.6	76	72.8	1.0	NE	0.50	4.0	N	81.1	85.8	85.8	84.0	29.780	0.00	0.00	0	0.00	0	0.0	0.00	0.0	0.000	0.335	84.2	82	78.1	95.6	16.57	 .0703	0.000	701	1	100.0	30
03/31/20	8:00 p	80.7	81.4	80.6	76	72.4	1.0	NE	0.50	4.0	NE	80.7	85.1	85.1	83.3	29.788	0.00	0.00	0	0.00	0	0.0	0.00	0.0	0.000	0.327	83.9	82	77.8	94.9	16.57	 .0703	0.001	697	1	100.0	30
03/31/20	8:30 p	79.9	80.7	79.9	78	72.4	0.0	NE	0.00	1.0	NE	79.9	84.0	84.0	82.2	29.791	0.00	0.00	0	0.00	0	0.0	0.00	0.0	0.000	0.310	83.1	84	77.8	93.1	17.33	 .0705	0.000	702	1	100.0	30
03/31/20	9:00 p	79.2	79.9	79.1	80	72.5	0.0	NE	0.00	1.0	NE	79.2	83.1	83.1	81.3	29.797	0.00	0.00	0	0.00	0	0.0	0.00	0.0	0.000	0.296	82.2	85	77.2	90.9	17.82	 .0706	0.001	702	1	100.0	30
03/31/20	9:30 p	78.4	79.2	78.4	81	72.1	0.0	---	0.00	0.0	---	78.4	82.1	82.1	80.3	29.808	0.00	0.00	0	0.00	0	0.0	0.00	0.0	0.000	0.279	81.5	86	76.9	89.4	18.26	 .0708	0.000	701	1	100.0	30
03/31/20	10:00 p	78.1	78.5	78.1	82	72.2	0.0	---	0.00	0.0	---	78.1	81.8	81.8	80.0	29.812	0.00	0.00	0	0.00	0	0.0	0.00	0.0	0.000	0.273	81.0	87	76.8	88.4	18.69	 .0709	0.001	699	1	100.0	30
03/31/20	10:30 p	77.9	78.2	77.9	84	72.7	0.0	---	0.00	0.0	---	77.9	81.8	81.8	80.0	29.806	0.00	0.00	0	0.00	0	0.0	0.00	0.0	0.000	0.269	80.7	88	76.8	87.9	19.28	 .0709	0.000	701	1	100.0	30
03/31/20	11:00 p	77.7	77.9	77.6	84	72.5	0.0	---	0.00	0.0	---	77.7	81.5	81.5	79.7	29.802	0.00	0.00	0	0.00	0	0.0	0.00	0.0	0.000	0.265	80.3	89	76.8	87.3	19.92	 .0709	0.001	701	1	100.0	30
03/31/20	11:30 p	77.3	77.7	77.3	85	72.4	0.0	---	0.00	0.0	---	77.3	81.1	81.1	79.3	29.791	0.00	0.00	0	0.00	0	0.0	0.00	0.0	0.000	0.256	79.9	89	76.4	86.4	19.95	 .0710	0.000	699	1	100.0	30
04/01/20	12:00 a	77.1	77.4	77.1	86	72.6	0.0	---	0.00	0.0	---	77.1	80.8	80.8	79.0	29.774	0.00	0.00	0	0.00	0	0.0	0.00	0.0	0.000	0.252	79.6	90	76.4	86.0	20.45	 .0710	0.001	701	1	100.0	30
