		Temp	Hi	Low	Out	Dew	Wind	Wind	Wind	Hi	Hi	Wind	Heat	THW	THSW			Rain	Solar	Solar	Hi Solar	UV 	UV 	Hi 	Heat	Cool	In 	In	In 	In 	In 	In Air		Wind	Wind	ISS 	Arc.
Date	Time	Out	Temp	Temp	Hum	Pt.	Speed	Dir	Run	Speed	Dir	Chill	Index	Index	Index	Bar  	Rain	Rate	Rad.	Energy	Rad. 	Index	Dose	UV 	D-D 	D-D 	Temp	Hum	Dew	Heat	EMC	Density	ET 	Samp	Tx 	Recept	Int.
05/01/20	12:30 a	77.3	77.4	77.2	100	77.3	0.0	---	0.00	0.0	---	77.3	82.9	82.9	81.7	29.824	0.00	0.00	0	0.00	0	0.0	0.00	0.0	0.000	0.256	79.0	96	77.8	86.0	21.75	 .0711	0.000	700	1	100.0	30
05/01/20	1:00 a	77.2	77.4	77.2	100	77.2	0.0	---	0.00	0.0	---	77.2	82.6	82.6	81.4	29.815	0.00	0.00	0	0.00	0	0.0	0.00	0.0	0.000	0.254	79.0	96	77.8	86.0	21.75	 .0711	0.000	702	1	100.0	30
05/01/20	1:30 a	77.0	77.2	77.0	100	77.0	0.0	---	0.00	0.0	---	77.0	82.2	82.2	81.0	29.805	0.00	0.00	0	0.00	0	0.0	0.00	0.0	0.000	0.250	78.7	96	77.5	85.3	21.75	 .0711	0.000	702	1	100.0	30
05/01/20	2:00 a	76.9	77.1	76.9	100	76.9	0.0	---	0.00	0.0	---	76.9	82.0	82.0	80.7	29.804	0.00	0.00	0	0.00	0	0.0	0.00	0.0	0.000	0.248	78.6	96	77.4	85.0	21.75	 .0711	0.000	701	1	100.0	30
05/01/20	2:30 a	76.9	77.0	76.9	100	76.9	0.0	---	0.00	0.0	---	76.9	82.0	82.0	80.7	29.799	0.00	0.00	0	0.00	0	0.0	0.00	0.0	0.000	0.248	78.6	96	77.4	85.0	21.75	 .0711	0.000	701	1	100.0	30
05/01/20	3:00 a	76.8	77.0	76.7	100	76.8	0.0	---	0.00	0.0	---	76.8	81.8	81.8	80.5	29.796	0.00	0.00	0	0.00	0	0.0	0.00	0.0	0.000	0.246	78.4	96	77.2	84.6	21.75	 .0711	0.000	697	1	100.0	30
05/01/20	3:30 a	76.7	76.9	76.6	100	76.7	0.0	---	0.00	0.0	---	76.7	81.6	81.6	80.3	29.804	0.00	0.00	0	0.00	0	0.0	0.00	0.0	0.000	0.244	78.3	97	77.4	84.5	21.75	 .0711	0.000	698	1	100.0	30
05/01/20	4:00 a	76.6	76.7	76.5	100	76.6	0.0	---	0.00	0.0	---	76.6	81.4	81.4	80.1	29.812	0.00	0.00	0	0.00	0	0.0	0.00	0.0	0.000	0.242	78.3	97	77.4	84.5	21.75	 .0712	0.000	700	1	100.0	30
05/01/20	4:30 a	76.5	76.6	76.5	100	76.5	0.0	---	0.00	0.0	---	76.5	81.3	81.3	80.0	29.819	0.00	0.00	0	0.00	0	0.0	0.00	0.0	0.000	0.240	78.3	97	77.4	84.5	21.75	 .0712	0.000	699	1	100.0	30
05/01/20	5:00 a	76.5	76.6	76.4	100	76.5	0.0	---	0.00	0.0	---	76.5	81.3	81.3	80.0	29.825	0.00	0.00	0	0.00	0	0.0	0.00	0.0	0.000	0.240	78.2	97	77.3	84.3	21.75	 .0712	0.000	699	1	100.0	30
05/01/20	5:30 a	76.5	76.6	76.4	100	76.5	0.0	---	0.00	0.0	---	76.5	81.3	81.3	80.0	29.837	0.00	0.00	0	0.00	5	0.0	0.00	0.0	0.000	0.240	78.1	97	77.2	84.0	21.75	 .0713	0.000	698	1	100.0	30
05/01/20	6:00 a	76.7	76.8	76.4	100	76.7	0.0	---	0.00	0.0	---	76.7	81.6	81.6	80.5	29.848	0.00	0.00	10	0.43	18	0.0	0.00	0.0	0.000	0.244	78.2	97	77.3	84.3	21.75	 .0713	0.000	700	1	100.0	30
05/01/20	6:30 a	77.1	77.1	76.7	100	77.1	0.0	---	0.00	0.0	---	77.1	82.4	82.4	82.5	29.855	0.01	0.00	18	0.77	26	0.0	0.00	0.0	0.000	0.252	78.4	97	77.5	84.8	21.75	 .0713	0.000	700	1	100.0	30
05/01/20	7:00 a	77.5	77.6	77.0	100	77.5	0.0	---	0.00	0.0	---	77.5	83.3	83.3	83.9	29.859	0.00	0.00	34	1.46	49	0.0	0.00	0.0	0.000	0.260	78.8	97	77.9	85.7	21.75	 .0712	0.001	699	1	100.0	30
05/01/20	7:30 a	78.5	78.5	77.5	100	78.5	0.0	---	0.00	0.0	---	78.5	85.6	85.6	87.8	29.870	0.00	0.00	82	3.53	120	0.4	0.09	0.8	0.000	0.281	79.5	97	78.6	87.4	21.75	 .0711	0.000	701	1	100.0	30
05/01/20	8:00 a	80.5	80.5	78.4	100	80.5	0.0	---	0.00	0.0	---	80.5	91.1	91.1	97.4	29.888	0.00	0.00	231	9.93	306	1.5	0.32	1.9	0.000	0.323	81.0	97	80.1	91.4	21.75	 .0708	0.004	699	1	100.0	30
05/01/20	8:30 a	81.3	81.6	80.3	100	81.3	0.0	---	0.00	0.0	---	81.3	93.5	93.5	100.8	29.902	0.00	0.00	300	12.90	341	2.4	0.51	2.6	0.000	0.340	82.3	95	80.7	94.9	21.65	 .0706	0.000	701	1	100.0	30
05/01/20	9:00 a	82.2	82.2	80.8	100	82.2	0.0	---	0.00	0.0	---	82.2	96.4	96.4	102.9	29.905	0.00	0.00	281	12.08	290	2.7	0.58	3.1	0.000	0.358	82.9	94	81.0	96.5	21.41	 .0705	0.007	699	1	100.0	30
05/01/20	9:30 a	83.2	83.4	81.9	100	83.2	0.0	---	0.00	0.0	---	83.2	100.0	100.0	106.8	29.904	0.00	0.00	302	12.99	322	3.4	0.73	3.9	0.000	0.379	83.6	93	81.4	98.2	21.32	 .0704	0.000	700	1	100.0	30
05/01/20	10:00 a	83.9	83.9	82.3	100	83.9	0.0	SW	0.00	2.0	SW	83.9	102.7	102.7	110.9	29.896	0.00	0.00	381	16.39	503	4.7	1.01	6.1	0.000	0.394	84.8	91	81.9	100.9	20.67	 .0702	0.009	700	1	100.0	30
05/01/20	10:30 a	84.4	85.8	83.8	100	84.4	1.0	S	0.50	4.0	ESE	84.4	104.9	104.9	116.0	29.894	0.00	0.00	547	23.52	803	6.7	1.44	8.4	0.000	0.404	86.1	86	81.4	102.3	17.98	 .0700	0.000	703	1	100.0	30
05/01/20	11:00 a	83.9	84.5	83.9	100	83.9	1.0	S	0.50	4.0	SSE	83.9	102.7	102.7	109.9	29.891	0.00	0.00	319	13.72	503	5.0	1.07	5.9	0.000	0.394	86.0	86	81.3	101.9	17.99	 .0700	0.011	702	1	100.0	30
05/01/20	11:30 a	85.7	85.7	83.9	100	85.7	1.0	SE	0.50	5.0	SW	85.7	111.5	111.5	124.9	29.887	0.00	0.00	755	32.47	977	8.7	1.86	10.6	0.000	0.431	86.6	86	81.9	104.5	17.95	 .0699	0.000	700	1	100.0	30
05/01/20	12:00 p	86.8	87.1	85.6	100	86.8	2.0	S	1.00	7.0	ESE	86.8	119.0	119.0	131.2	29.872	0.00	0.00	980	42.15	1055	11.0	2.36	11.6	0.000	0.454	87.8	85	82.7	107.9	17.48	 .0696	0.022	701	1	100.0	30
05/01/20	12:30 p	84.9	86.8	84.9	100	84.9	2.0	S	1.00	7.0	SSW	84.9	107.2	107.2	119.2	29.856	0.00	0.00	621	26.71	795	7.6	1.63	9.4	0.000	0.415	88.2	84	82.7	108.7	17.12	 .0696	0.000	700	1	100.0	30
05/01/20	1:00 p	84.5	85.3	83.8	100	84.5	2.0	SE	1.00	9.0	SSE	84.5	105.3	105.3	114.9	29.846	0.00	0.00	455	19.57	585	5.4	1.16	6.8	0.000	0.406	87.6	84	82.2	106.5	17.15	 .0697	0.014	701	1	100.0	30
05/01/20	1:30 p	84.2	84.6	83.3	100	84.2	2.0	SE	1.00	8.0	SSE	84.2	104.0	104.0	111.7	29.829	0.00	0.00	346	14.88	410	4.0	0.86	4.6	0.000	0.400	87.2	85	82.1	106.0	17.52	 .0697	0.000	701	1	100.0	30
05/01/20	2:00 p	83.4	84.9	83.4	100	83.4	2.0	SSE	1.00	7.0	SE	83.4	100.8	100.8	108.0	29.814	0.00	0.00	316	13.59	536	3.4	0.73	4.9	0.000	0.383	87.0	85	81.9	105.4	17.53	 .0697	0.008	699	1	100.0	30
05/01/20	2:30 p	82.8	83.8	82.8	100	82.8	2.0	ESE	1.00	8.0	S	82.8	98.5	98.5	104.3	29.811	0.00	0.00	236	10.15	355	2.3	0.49	3.5	0.000	0.371	86.3	86	81.6	103.2	17.97	 .0698	0.000	700	1	100.0	30
05/01/20	3:00 p	82.6	83.2	82.5	100	82.6	2.0	SE	1.00	9.0	SE	82.6	97.8	97.8	105.2	29.810	0.00	0.00	280	12.04	366	2.3	0.49	2.6	0.000	0.367	85.9	84	80.5	100.4	17.21	 .0699	0.007	701	1	100.0	30
05/01/20	3:30 p	82.7	83.8	82.6	100	82.7	2.0	ESE	1.00	6.0	SSE	82.7	98.1	98.1	106.4	29.803	0.00	0.00	282	12.13	485	1.9	0.41	2.4	0.000	0.369	85.9	85	80.9	100.9	17.60	 .0699	0.000	702	1	100.0	30
05/01/20	4:00 p	82.2	83.1	82.2	100	82.2	1.0	SE	0.50	4.0	SE	82.2	96.4	96.4	102.4	29.801	0.00	0.00	171	7.35	206	1.0	0.21	1.4	0.000	0.358	85.5	87	81.2	101.0	18.42	 .0699	0.006	702	1	100.0	30
05/01/20	4:30 p	82.0	82.4	81.9	100	82.0	1.0	SE	0.50	6.0	SSE	82.0	95.7	95.7	100.9	29.806	0.00	0.00	129	5.55	174	0.6	0.13	0.8	0.000	0.354	84.9	87	80.6	99.1	18.46	 .0700	0.000	698	1	100.0	30
05/01/20	5:00 p	81.6	82.3	81.6	100	81.6	1.0	ESE	0.50	5.0	SSE	81.6	94.4	94.4	95.4	29.821	0.00	0.00	86	3.70	109	0.0	0.00	0.0	0.000	0.346	84.4	88	80.5	98.3	18.91	 .0701	0.003	701	1	100.0	30
05/01/20	5:30 p	80.7	81.7	80.7	100	80.7	0.0	E	0.00	3.0	E	80.7	91.6	91.6	91.3	29.832	0.00	0.00	33	1.42	62	0.0	0.00	0.0	0.000	0.327	83.7	89	80.1	96.7	19.58	 .0703	0.000	702	1	100.0	30
05/01/20	6:00 p	79.7	80.7	79.6	100	79.7	0.0	E	0.00	1.0	E	79.7	88.8	88.8	87.8	29.840	0.00	0.00	2	0.09	11	0.0	0.00	0.0	0.000	0.306	82.6	90	79.4	93.7	20.24	 .0705	0.000	700	1	100.0	30
05/01/20	6:30 p	79.2	79.7	79.2	100	79.2	0.0	---	0.00	0.0	---	79.2	87.4	87.4	86.3	29.854	0.00	0.00	0	0.00	0	0.0	0.00	0.0	0.000	0.296	81.9	91	79.0	92.2	20.90	 .0707	0.000	700	1	100.0	30
05/01/20	7:00 p	78.9	79.2	78.8	100	78.9	0.0	---	0.00	0.0	---	78.9	86.6	86.6	85.5	29.863	0.00	0.00	0	0.00	0	0.0	0.00	0.0	0.000	0.290	81.5	92	78.9	91.3	21.18	 .0708	0.000	701	1	100.0	30
05/01/20	7:30 p	78.7	78.9	78.6	100	78.7	0.0	---	0.00	0.0	---	78.7	86.1	86.1	85.0	29.864	0.00	0.00	0	0.00	0	0.0	0.00	0.0	0.000	0.285	81.2	92	78.7	90.4	21.17	 .0708	0.000	701	1	100.0	30
05/01/20	8:00 p	78.4	78.7	78.3	100	78.4	0.0	---	0.00	0.0	---	78.4	85.4	85.4	84.3	29.874	0.00	0.00	0	0.00	0	0.0	0.00	0.0	0.000	0.279	80.8	93	78.6	89.6	21.27	 .0709	0.000	700	1	100.0	30
05/01/20	8:30 p	78.0	78.4	78.0	100	78.0	0.0	---	0.00	0.0	---	78.0	84.4	84.4	83.3	29.880	0.00	0.00	0	0.00	0	0.0	0.00	0.0	0.000	0.271	80.5	93	78.3	88.8	21.26	 .0710	0.000	699	1	100.0	30
05/01/20	9:00 p	77.7	78.0	77.7	100	77.7	0.0	---	0.00	0.0	---	77.7	83.7	83.7	82.5	29.881	0.00	0.00	0	0.00	0	0.0	0.00	0.0	0.000	0.265	80.2	93	78.0	88.1	21.25	 .0710	0.000	701	1	100.0	30
05/01/20	9:30 p	77.4	77.7	77.4	100	77.4	0.0	---	0.00	0.0	---	77.4	83.1	83.1	81.9	29.881	0.00	0.00	0	0.00	0	0.0	0.00	0.0	0.000	0.258	79.9	94	78.0	87.6	21.35	 .0711	0.000	702	1	100.0	30
05/01/20	10:00 p	77.2	77.5	77.1	100	77.2	0.0	---	0.00	0.0	---	77.2	82.6	82.6	81.4	29.883	0.00	0.00	0	0.00	0	0.0	0.00	0.0	0.000	0.254	79.6	94	77.7	86.9	21.35	 .0711	0.000	696	1	100.0	30
05/01/20	10:30 p	76.8	77.2	76.8	100	76.8	0.0	---	0.00	0.0	---	76.8	81.8	81.8	80.5	29.868	0.00	0.00	0	0.00	0	0.0	0.00	0.0	0.000	0.246	79.3	94	77.4	86.3	21.35	 .0712	0.000	699	1	100.0	30
05/01/20	11:00 p	76.6	76.9	76.6	100	76.6	0.0	---	0.00	0.0	---	76.6	81.4	81.4	80.1	29.851	0.00	0.00	0	0.00	0	0.0	0.00	0.0	0.000	0.242	79.1	94	77.2	85.8	21.35	 .0712	0.000	703	1	100.0	30
05/01/20	11:30 p	76.6	76.7	76.5	100	76.6	0.0	---	0.00	0.0	---	76.6	81.4	81.4	80.1	29.846	0.00	0.00	0	0.00	0	0.0	0.00	0.0	0.000	0.242	79.0	94	77.1	85.6	21.35	 .0712	0.000	701	1	100.0	30
05/02/20	12:00 a	76.4	76.6	76.4	100	76.4	0.0	---	0.00	0.0	---	76.4	81.1	81.1	79.8	29.835	0.00	0.00	0	0.00	0	0.0	0.00	0.0	0.000	0.238	78.8	95	77.2	85.3	21.65	 .0712	0.000	703	1	100.0	30
05/02/20	12:30 a	76.4	76.5	76.3	100	76.4	0.0	---	0.00	0.0	---	76.4	81.1	81.1	79.8	29.829	0.00	0.00	0	0.00	0	0.0	0.00	0.0	0.000	0.238	78.7	95	77.1	85.1	21.65	 .0712	0.000	698	1	100.0	30
05/02/20	1:00 a	76.5	76.5	76.3	100	76.5	0.0	---	0.00	0.0	---	76.5	81.3	81.3	80.0	29.817	0.00	0.00	0	0.00	0	0.0	0.00	0.0	0.000	0.240	78.6	95	77.0	84.8	21.65	 .0712	0.000	702	1	100.0	30
05/02/20	1:30 a	76.4	76.6	76.2	100	76.4	0.0	---	0.00	0.0	---	76.4	81.1	81.1	79.8	29.816	0.00	0.00	0	0.00	0	0.0	0.00	0.0	0.000	0.238	78.4	95	76.8	84.4	21.65	 .0712	0.000	699	1	100.0	30
05/02/20	2:00 a	76.3	76.4	76.2	100	76.3	0.0	---	0.00	0.0	---	76.3	80.9	80.9	79.6	29.816	0.00	0.00	0	0.00	0	0.0	0.00	0.0	0.000	0.235	78.3	95	76.7	84.1	21.65	 .0712	0.000	697	1	100.0	30
05/02/20	2:30 a	76.2	76.4	76.2	100	76.2	0.0	---	0.00	0.0	---	76.2	80.7	80.7	79.4	29.815	0.00	0.00	0	0.00	0	0.0	0.00	0.0	0.000	0.233	78.3	95	76.7	84.1	21.65	 .0712	0.000	695	1	100.0	30
05/02/20	3:00 a	76.3	76.3	76.2	100	76.3	0.0	---	0.00	0.0	---	76.3	80.9	80.9	79.6	29.810	0.00	0.00	0	0.00	0	0.0	0.00	0.0	0.000	0.235	78.2	95	76.6	83.9	21.65	 .0712	0.000	695	1	100.0	30
05/02/20	3:30 a	76.2	76.3	76.1	100	76.2	0.0	---	0.00	0.0	---	76.2	80.7	80.7	79.4	29.805	0.00	0.00	0	0.00	0	0.0	0.00	0.0	0.000	0.233	78.2	96	77.0	84.1	21.75	 .0712	0.000	698	1	100.0	30
05/02/20	4:00 a	76.2	76.3	76.1	100	76.2	0.0	---	0.00	0.0	---	76.2	80.7	80.7	79.4	29.808	0.00	0.00	0	0.00	0	0.0	0.00	0.0	0.000	0.233	78.0	96	76.8	83.6	21.75	 .0712	0.000	702	1	100.0	30
05/02/20	4:30 a	76.3	76.3	76.1	100	76.3	0.0	---	0.00	0.0	---	76.3	80.9	80.9	79.6	29.817	0.00	0.00	0	0.00	0	0.0	0.00	0.0	0.000	0.235	78.1	96	76.9	83.8	21.75	 .0712	0.000	702	1	100.0	30
05/02/20	5:00 a	76.2	76.4	76.2	100	76.2	0.0	---	0.00	0.0	---	76.2	80.7	80.7	79.4	29.822	0.00	0.00	0	0.00	0	0.0	0.00	0.0	0.000	0.233	78.0	96	76.8	83.6	21.75	 .0713	0.000	701	1	100.0	30
05/02/20	5:30 a	76.2	76.3	76.1	100	76.2	0.0	---	0.00	0.0	---	76.2	80.7	80.7	79.4	29.825	0.00	0.00	0	0.00	5	0.0	0.00	0.0	0.000	0.233	78.0	96	76.8	83.6	21.75	 .0713	0.000	702	1	100.0	30
05/02/20	6:00 a	76.6	76.7	76.2	100	76.6	0.0	---	0.00	0.0	---	76.6	81.4	81.4	80.7	29.836	0.00	0.00	25	1.08	42	0.0	0.00	0.0	0.000	0.242	78.2	96	77.0	84.1	21.75	 .0713	0.000	701	1	100.0	30
05/02/20	6:30 a	77.3	77.4	76.6	100	77.3	0.0	---	0.00	0.0	---	77.3	82.9	82.9	84.1	29.852	0.00	0.00	41	1.76	88	0.0	0.00	0.0	0.000	0.256	78.8	96	77.6	85.5	21.75	 .0712	0.000	700	1	100.0	30
05/02/20	7:00 a	77.9	78.2	77.3	100	77.9	0.0	---	0.00	0.0	---	77.9	84.2	84.2	87.0	29.866	0.00	0.00	88	3.78	105	0.4	0.09	0.8	0.000	0.269	79.6	96	78.4	87.4	21.75	 .0711	0.002	699	1	100.0	30
05/02/20	7:30 a	78.9	78.9	78.0	100	78.9	0.0	---	0.00	0.0	---	78.9	86.6	86.6	90.6	29.873	0.00	0.00	135	5.81	151	1.1	0.24	1.4	0.000	0.290	80.3	96	79.1	89.2	21.75	 .0709	0.000	700	1	100.0	30
05/02/20	8:00 a	80.4	80.7	78.8	100	80.4	0.0	---	0.00	0.0	---	80.4	90.8	90.8	97.9	29.883	0.00	0.00	262	11.27	404	2.1	0.45	2.5	0.000	0.321	81.6	95	80.0	92.6	21.65	 .0707	0.005	701	1	100.0	30
05/02/20	8:30 a	83.3	83.4	80.5	100	83.3	0.0	---	0.00	0.0	---	83.3	100.4	100.4	109.6	29.892	0.00	0.00	385	16.56	684	3.4	0.73	4.9	0.000	0.381	83.4	94	81.5	98.1	21.42	 .0704	0.000	699	1	100.0	30
05/02/20	9:00 a	83.2	84.4	83.0	100	83.2	1.0	SSW	0.50	4.0	SSW	83.2	100.0	100.0	106.9	29.895	0.00	0.00	296	12.73	661	3.8	0.81	5.4	0.000	0.379	83.9	89	80.3	97.3	19.56	 .0704	0.009	697	1	100.0	30
05/02/20	9:30 a	83.3	83.3	81.8	100	83.3	0.0	SW	0.00	2.0	SW	83.3	100.4	100.4	104.8	29.886	0.00	0.00	198	8.52	969	3.8	0.81	8.2	0.000	0.381	83.9	91	81.0	98.2	20.74	 .0703	0.000	701	1	100.0	30
05/02/20	10:00 a	86.7	86.7	83.3	100	86.7	2.0	S	1.00	5.0	SSW	86.7	118.3	118.3	131.6	29.884	0.00	0.00	833	35.82	970	8.2	1.76	9.5	0.000	0.452	85.8	86	81.1	101.3	18.00	 .0701	0.014	697	1	100.0	30
05/02/20	10:30 a	85.8	87.9	85.8	100	85.8	2.0	S	1.00	6.0	SSW	85.8	112.1	112.1	125.5	29.880	0.00	0.00	876	37.67	1011	9.4	2.01	10.9	0.000	0.433	86.8	84	81.4	103.9	17.18	 .0699	0.000	701	1	100.0	30
05/02/20	11:00 a	86.8	87.4	85.6	100	86.8	2.0	SSW	1.00	6.0	S	86.8	119.0	119.0	131.5	29.871	0.00	0.00	644	27.70	1294	8.4	1.80	12.7	0.000	0.454	87.6	84	82.2	106.5	17.15	 .0697	0.019	701	1	100.0	30
05/02/20	11:30 a	85.4	87.0	85.2	100	85.4	2.0	SW	1.00	7.0	WSW	85.4	109.8	109.8	119.9	29.861	0.00	0.00	463	19.91	1021	7.5	1.61	12.1	0.000	0.425	87.3	83	81.5	104.9	16.76	 .0698	0.000	702	1	100.0	30
05/02/20	12:00 p	88.6	88.6	85.3	100	88.6	2.0	ESE	1.00	6.0	W	88.6	138.7	138.7	150.3	29.845	0.00	0.00	1104	47.48	1192	12.3	2.64	13.0	0.000	0.492	87.9	83	82.1	106.6	16.73	 .0696	0.021	701	1	100.0	30
05/02/20	12:30 p	89.9	90.2	88.2	100	89.9	2.0	S	1.00	6.0	S	89.9	161.5	161.5	174.9	29.833	0.00	0.00	1153	49.59	1331	12.1	2.59	13.2	0.000	0.519	89.5	82	83.3	113.6	16.37	 .0693	0.000	699	1	100.0	30
05/02/20	1:00 p	88.4	89.9	86.7	100	88.4	1.0	ESE	0.50	6.0	ESE	88.4	135.9	135.9	149.2	29.823	0.00	0.00	877	37.72	1229	9.6	2.06	13.1	0.000	0.488	89.3	81	82.7	111.5	15.98	 .0693	0.026	698	1	100.0	30
05/02/20	1:30 p	87.3	89.3	87.3	100	87.3	2.0	ESE	1.00	7.0	SSE	87.3	123.5	123.5	136.4	29.818	0.00	0.00	939	40.38	1109	9.1	1.95	10.3	0.000	0.465	89.8	79	82.4	111.7	15.16	 .0693	0.000	702	1	100.0	30
05/02/20	2:00 p	86.1	87.3	85.4	100	86.1	2.0	ESE	1.00	6.0	ESE	86.1	113.9	113.9	122.8	29.803	0.00	0.00	394	16.94	619	4.8	1.03	6.8	0.000	0.440	89.3	79	81.9	109.7	15.19	 .0694	0.017	703	1	100.0	30
05/02/20	2:30 p	87.9	88.2	85.9	100	87.9	2.0	S	1.00	6.0	ESE	87.9	129.4	129.4	143.2	29.793	0.00	0.00	785	33.76	983	6.0	1.29	7.2	0.000	0.477	88.7	81	82.1	108.6	16.00	 .0694	0.000	700	1	100.0	30
05/02/20	3:00 p	85.6	88.1	85.6	100	85.6	1.0	SSW	0.50	4.0	SSW	85.6	111.0	111.0	121.8	29.795	0.00	0.00	430	18.49	772	3.7	0.79	5.3	0.000	0.429	88.0	81	81.4	105.2	16.03	 .0695	0.016	701	1	100.0	30
05/02/20	3:30 p	85.5	86.1	85.2	100	85.5	1.0	NNE	0.50	4.0	SSW	85.5	110.4	110.4	119.2	29.787	0.00	0.00	294	12.64	527	2.2	0.47	2.7	0.000	0.427	87.5	81	80.9	104.0	16.05	 .0696	0.000	699	1	100.0	30
05/02/20	4:00 p	86.1	87.2	85.4	100	86.1	1.0	S	0.50	4.0	SSE	86.1	113.9	113.9	126.2	29.789	0.00	0.00	404	17.37	631	1.6	0.34	2.2	0.000	0.440	87.5	81	80.9	104.0	16.05	 .0696	0.009	701	1	100.0	30
05/02/20	4:30 p	84.9	86.1	84.9	100	84.9	1.0	SSE	0.50	4.0	S	84.9	107.2	107.2	113.1	29.791	0.00	0.00	147	6.32	213	0.7	0.15	1.0	0.000	0.415	86.8	82	80.6	102.7	16.48	 .0698	0.000	702	1	100.0	30
05/02/20	5:00 p	83.9	84.9	83.9	100	83.9	0.0	SSE	0.00	3.0	WNW	83.9	102.7	102.7	103.6	29.804	0.00	0.00	76	3.27	151	0.0	0.00	0.0	0.000	0.394	86.3	84	80.9	101.9	17.20	 .0698	0.003	701	1	100.0	30
05/02/20	5:30 p	83.0	83.9	82.9	100	83.0	0.0	---	0.00	0.0	---	83.0	99.2	99.2	98.8	29.806	0.00	0.00	18	0.77	42	0.0	0.00	0.0	0.000	0.375	85.7	86	81.0	101.0	18.01	 .0699	0.000	698	1	100.0	30
05/02/20	6:00 p	81.6	83.0	81.6	100	81.6	0.0	---	0.00	0.0	---	81.6	94.4	94.4	93.5	29.820	0.00	0.00	2	0.09	7	0.0	0.00	0.0	0.000	0.346	84.8	87	80.5	98.9	18.46	 .0701	0.000	697	1	100.0	30
05/02/20	6:30 p	80.7	81.6	80.7	100	80.7	0.0	---	0.00	0.0	---	80.7	91.6	91.6	90.6	29.823	0.00	0.00	0	0.00	0	0.0	0.00	0.0	0.000	0.327	83.9	89	80.3	97.3	19.56	 .0702	0.000	700	1	100.0	30
05/02/20	7:00 p	80.2	80.7	80.1	100	80.2	0.0	---	0.00	0.0	---	80.2	90.2	90.2	89.2	29.826	0.00	0.00	0	0.00	0	0.0	0.00	0.0	0.000	0.317	83.2	89	79.6	95.1	19.63	 .0704	0.000	698	1	100.0	30
05/02/20	7:30 p	79.6	80.2	79.6	100	79.6	0.0	---	0.00	0.0	---	79.6	88.5	88.5	87.4	29.840	0.00	0.00	0	0.00	0	0.0	0.00	0.0	0.000	0.304	82.6	90	79.4	93.7	20.24	 .0705	0.000	698	1	100.0	30
05/02/20	8:00 p	79.3	79.7	79.3	100	79.3	0.0	---	0.00	0.0	---	79.3	87.6	87.6	86.5	29.844	0.00	0.00	0	0.00	0	0.0	0.00	0.0	0.000	0.298	82.2	91	79.3	93.0	20.87	 .0706	0.000	699	1	100.0	30
05/02/20	8:30 p	78.9	79.3	78.9	100	78.9	0.0	---	0.00	0.0	---	78.9	86.6	86.6	85.4	29.844	0.00	0.00	0	0.00	0	0.0	0.00	0.0	0.000	0.290	81.7	92	79.1	91.9	21.18	 .0707	0.000	703	1	100.0	30
05/02/20	9:00 p	78.7	79.0	78.7	100	78.7	0.0	---	0.00	0.0	---	78.7	86.1	86.1	84.9	29.852	0.00	0.00	0	0.00	0	0.0	0.00	0.0	0.000	0.285	81.3	92	78.8	90.7	21.18	 .0708	0.000	700	1	100.0	30
05/02/20	9:30 p	78.5	78.8	78.4	100	78.5	0.0	---	0.00	0.0	---	78.5	85.6	85.6	84.4	29.852	0.00	0.00	0	0.00	0	0.0	0.00	0.0	0.000	0.281	81.1	93	78.9	90.4	21.27	 .0708	0.000	700	1	100.0	30
05/02/20	10:00 p	78.4	78.6	78.4	100	78.4	0.0	---	0.00	0.0	---	78.4	85.4	85.4	84.2	29.854	0.00	0.00	0	0.00	0	0.0	0.00	0.0	0.000	0.279	80.9	93	78.7	89.8	21.27	 .0708	0.000	703	1	100.0	30
05/02/20	10:30 p	78.2	78.5	78.1	100	78.2	0.0	---	0.00	0.0	---	78.2	84.9	84.9	83.7	29.853	0.00	0.00	0	0.00	0	0.0	0.00	0.0	0.000	0.275	80.7	93	78.5	89.3	21.26	 .0709	0.000	700	1	100.0	30
05/02/20	11:00 p	77.9	78.2	77.9	100	77.9	0.0	---	0.00	0.0	---	77.9	84.2	84.2	83.0	29.849	0.00	0.00	0	0.00	0	0.0	0.00	0.0	0.000	0.269	80.4	93	78.2	88.6	21.26	 .0709	0.000	699	1	100.0	30
05/02/20	11:30 p	77.7	77.9	77.7	100	77.7	0.0	---	0.00	0.0	---	77.7	83.7	83.7	82.5	29.837	0.00	0.00	0	0.00	0	0.0	0.00	0.0	0.000	0.265	80.2	94	78.3	88.4	21.35	 .0709	0.000	700	1	100.0	30
05/03/20	12:00 a	77.5	77.7	77.4	100	77.5	0.0	---	0.00	0.0	---	77.5	83.3	83.3	82.1	29.822	0.00	0.00	0	0.00	0	0.0	0.00	0.0	0.000	0.260	79.9	94	78.0	87.6	21.35	 .0709	0.000	700	1	100.0	30
05/03/20	12:30 a	77.4	77.5	77.3	100	77.4	0.0	---	0.00	0.0	---	77.4	83.1	83.1	81.9	29.816	0.00	0.00	0	0.00	0	0.0	0.00	0.0	0.000	0.258	79.6	94	77.7	86.9	21.35	 .0710	0.000	701	1	100.0	30
05/03/20	1:00 a	77.1	77.4	77.1	100	77.1	0.0	---	0.00	0.0	---	77.1	82.4	82.4	81.2	29.815	0.00	0.00	0	0.00	0	0.0	0.00	0.0	0.000	0.252	79.5	94	77.6	86.7	21.35	 .0710	0.000	702	1	100.0	30
05/03/20	1:30 a	77.0	77.2	76.9	100	77.0	0.0	---	0.00	0.0	---	77.0	82.2	82.2	81.0	29.805	0.00	0.00	0	0.00	0	0.0	0.00	0.0	0.000	0.250	79.3	94	77.4	86.3	21.35	 .0710	0.000	700	1	100.0	30
05/03/20	2:00 a	76.7	77.0	76.7	100	76.7	0.0	---	0.00	0.0	---	76.7	81.6	81.6	80.3	29.801	0.00	0.00	0	0.00	0	0.0	0.00	0.0	0.000	0.244	79.1	94	77.2	85.8	21.35	 .0710	0.000	702	1	100.0	30
05/03/20	2:30 a	76.5	76.8	76.5	100	76.5	0.0	---	0.00	0.0	---	76.5	81.3	81.3	80.0	29.798	0.00	0.00	0	0.00	0	0.0	0.00	0.0	0.000	0.240	78.8	94	76.9	85.1	21.35	 .0711	0.000	700	1	100.0	30
05/03/20	3:00 a	76.5	76.7	76.5	100	76.5	0.0	---	0.00	0.0	---	76.5	81.3	81.3	80.0	29.799	0.00	0.00	0	0.00	0	0.0	0.00	0.0	0.000	0.240	78.8	95	77.2	85.3	21.65	 .0711	0.000	699	1	100.0	30
05/03/20	3:30 a	76.5	76.7	76.5	100	76.5	0.0	---	0.00	0.0	---	76.5	81.3	81.3	80.0	29.792	0.00	0.00	0	0.00	0	0.0	0.00	0.0	0.000	0.240	78.7	95	77.1	85.1	21.65	 .0711	0.000	702	1	100.0	30
05/03/20	4:00 a	76.5	76.6	76.3	100	76.5	0.0	---	0.00	0.0	---	76.5	81.3	81.3	80.0	29.789	0.00	0.00	0	0.00	0	0.0	0.00	0.0	0.000	0.240	78.5	95	76.9	84.6	21.65	 .0711	0.000	701	1	100.0	30
05/03/20	4:30 a	76.6	76.6	76.4	100	76.6	0.0	---	0.00	0.0	---	76.6	81.4	81.4	80.1	29.788	0.00	0.00	0	0.00	0	0.0	0.00	0.0	0.000	0.242	78.4	95	76.8	84.4	21.65	 .0711	0.000	702	1	100.0	30
05/03/20	5:00 a	76.4	76.6	76.3	100	76.4	0.0	---	0.00	0.0	---	76.4	81.1	81.1	79.8	29.796	0.00	0.00	0	0.00	0	0.0	0.00	0.0	0.000	0.238	78.3	95	76.7	84.1	21.65	 .0712	0.000	698	1	100.0	30
05/03/20	5:30 a	76.3	76.4	76.2	100	76.3	0.0	---	0.00	0.0	---	76.3	80.9	80.9	79.7	29.804	0.00	0.00	3	0.13	14	0.0	0.00	0.0	0.000	0.235	78.2	96	77.0	84.1	21.75	 .0712	0.000	701	1	100.0	30
05/03/20	6:00 a	76.7	76.7	76.3	100	76.7	0.0	---	0.00	0.0	---	76.7	81.6	81.6	80.8	29.811	0.00	0.00	24	1.03	35	0.0	0.00	0.0	0.000	0.244	78.4	96	77.2	84.6	21.75	 .0712	0.000	699	1	100.0	30
05/03/20	6:30 a	77.3	77.3	76.7	100	77.3	0.0	---	0.00	0.0	---	77.3	82.9	82.9	83.8	29.828	0.00	0.00	35	1.51	40	0.0	0.00	0.0	0.000	0.256	79.4	96	78.2	87.0	21.75	 .0710	0.000	701	1	100.0	30
05/03/20	7:00 a	77.9	77.9	77.2	100	77.9	0.0	---	0.00	0.0	---	77.9	84.2	84.2	85.0	29.836	0.00	0.00	39	1.68	42	0.0	0.00	0.0	0.000	0.269	80.8	95	79.2	90.2	21.65	 .0708	0.001	699	1	100.0	30
05/03/20	7:30 a	79.1	79.1	77.8	100	79.1	0.0	---	0.00	0.0	---	79.1	87.1	87.1	88.9	29.848	0.00	0.00	71	3.05	274	0.6	0.13	1.8	0.000	0.294	82.0	94	80.1	93.5	21.39	 .0706	0.000	699	1	100.0	30
05/03/20	8:00 a	81.0	81.0	79.1	100	81.0	0.0	---	0.00	0.0	---	81.0	92.5	92.5	101.2	29.858	0.00	0.00	327	14.06	427	2.4	0.51	3.1	0.000	0.333	83.5	92	80.9	97.4	21.22	 .0703	0.005	700	1	100.0	30
05/03/20	8:30 a	80.9	81.0	80.1	100	80.9	0.0	---	0.00	0.0	---	80.9	92.2	92.2	94.9	29.856	0.00	0.00	122	5.25	548	2.8	0.60	4.6	0.000	0.331	83.5	93	81.3	97.9	21.32	 .0703	0.000	702	1	100.0	30
05/03/20	9:00 a	84.2	84.2	80.8	100	84.2	0.0	WSW	0.00	4.0	SW	84.2	104.0	104.0	113.0	29.857	0.00	0.00	402	17.29	819	4.7	1.01	6.5	0.000	0.400	84.8	89	81.2	99.8	19.47	 .0701	0.008	697	1	100.0	30
05/03/20	9:30 a	86.9	87.6	84.3	100	86.9	1.0	S	0.50	5.0	S	86.9	119.8	119.8	132.9	29.850	0.00	0.00	773	33.24	838	6.7	1.44	7.3	0.000	0.456	86.6	85	81.5	103.7	17.55	 .0698	0.000	701	1	100.0	30
05/03/20	10:00 a	87.7	87.7	86.5	100	87.7	2.0	S	1.00	5.0	S	87.7	127.4	127.4	140.4	29.852	0.00	0.00	717	30.84	942	7.4	1.59	9.2	0.000	0.473	87.5	83	81.7	105.5	16.75	 .0697	0.019	701	1	100.0	30
05/03/20	10:30 a	87.9	88.4	87.4	100	87.9	2.0	SSW	1.00	7.0	S	87.9	129.4	129.4	142.8	29.847	0.00	0.00	767	32.99	951	8.5	1.82	10.2	0.000	0.477	88.4	82	82.2	108.0	16.41	 .0696	0.000	700	1	100.0	30
05/03/20	11:00 a	86.8	88.3	86.4	100	86.8	2.0	SSW	1.00	5.0	SSE	86.8	119.0	119.0	131.1	29.846	0.00	0.00	610	26.23	1078	7.6	1.63	10.9	0.000	0.454	89.0	81	82.4	110.1	15.99	 .0695	0.018	701	1	100.0	30
05/03/20	11:30 a	87.8	87.8	86.2	100	87.8	2.0	WSW	1.00	5.0	S	87.8	128.4	128.4	141.8	29.833	0.00	0.00	739	31.78	1046	9.0	1.93	11.7	0.000	0.475	88.6	81	82.0	108.2	16.01	 .0695	0.000	698	1	100.0	30
05/03/20	12:00 p	86.6	88.7	86.5	100	86.6	2.0	SSW	1.00	10.0	SSE	86.6	117.6	117.6	130.8	29.824	0.00	0.00	723	31.09	998	8.9	1.91	11.5	0.000	0.450	89.3	81	82.7	111.5	15.98	 .0693	0.019	703	1	100.0	30
05/03/20	12:30 p	88.2	88.7	86.5	100	88.2	2.0	S	1.00	6.0	W	88.2	133.2	133.2	146.9	29.813	0.00	0.00	834	35.87	1176	9.4	2.01	11.9	0.000	0.483	89.6	80	82.6	111.7	15.57	 .0693	0.000	700	1	100.0	30
05/03/20	1:00 p	87.3	88.2	87.0	100	87.3	2.0	SW	1.00	6.0	W	87.3	123.5	123.5	136.7	29.794	0.00	0.00	745	32.04	1013	8.2	1.76	10.8	0.000	0.465	89.7	79	82.3	111.3	15.17	 .0692	0.021	703	1	100.0	30
05/03/20	1:30 p	86.6	87.3	86.6	100	86.6	2.0	S	1.00	4.0	SSW	86.6	117.6	117.6	128.3	29.778	0.00	0.00	513	22.06	663	5.7	1.22	7.0	0.000	0.450	89.8	79	82.4	111.7	15.16	 .0692	0.000	700	1	100.0	30
05/03/20	2:00 p	86.2	87.2	86.1	100	86.2	1.0	SSW	0.50	4.0	SSW	86.2	114.7	114.7	123.5	29.767	0.00	0.00	392	16.86	517	4.1	0.88	5.1	0.000	0.442	89.3	81	82.7	111.5	15.98	 .0692	0.012	700	1	100.0	30
05/03/20	2:30 p	86.4	86.9	86.0	100	86.4	1.0	SW	0.50	4.0	ESE	86.4	116.1	116.1	126.4	29.764	0.00	0.00	445	19.14	534	3.9	0.84	4.6	0.000	0.446	89.2	80	82.2	110.0	15.58	 .0692	0.000	698	1	100.0	30
05/03/20	3:00 p	86.5	87.7	86.4	100	86.5	2.0	SSW	1.00	5.0	SSW	86.5	116.8	116.8	129.4	29.747	0.00	0.00	568	24.43	793	3.9	0.84	4.9	0.000	0.448	89.0	80	82.0	109.2	15.59	 .0692	0.013	697	1	100.0	30
05/03/20	3:30 p	85.8	86.8	85.5	100	85.8	1.0	WSW	0.50	3.0	SW	85.8	112.1	112.1	120.1	29.739	0.00	0.00	265	11.40	443	1.8	0.39	2.8	0.000	0.433	88.7	82	82.5	109.5	16.40	 .0692	0.000	703	1	100.0	30
05/03/20	4:00 p	85.6	86.0	85.4	100	85.6	1.0	S	0.50	3.0	SSW	85.6	111.0	111.0	118.1	29.742	0.00	0.00	202	8.69	290	1.1	0.24	1.6	0.000	0.429	88.3	83	82.5	108.4	16.72	 .0693	0.006	702	1	100.0	30
05/03/20	4:30 p	84.6	85.8	84.5	100	84.6	0.0	SSE	0.00	4.0	SSE	84.6	105.8	105.8	110.5	29.747	0.00	0.00	118	5.07	151	0.3	0.06	0.7	0.000	0.408	87.7	84	82.3	106.8	17.14	 .0694	0.000	700	1	100.0	30
05/03/20	5:00 p	84.6	85.0	84.5	100	84.6	1.0	SE	0.50	4.0	SE	84.6	105.8	105.8	106.9	29.749	0.00	0.00	79	3.40	113	0.0	0.00	0.0	0.000	0.408	86.9	86	82.2	105.8	17.94	 .0695	0.003	702	1	100.0	30
05/03/20	5:30 p	83.3	84.6	83.2	100	83.3	1.0	SE	0.50	5.0	SSE	83.3	100.4	100.4	100.1	29.751	0.00	0.00	24	1.03	44	0.0	0.00	0.0	0.000	0.381	86.1	87	81.8	103.0	18.38	 .0696	0.000	698	1	100.0	30
05/03/20	6:00 p	82.3	83.3	82.3	100	82.3	0.0	NNE	0.00	1.0	NNE	82.3	96.8	96.8	95.9	29.759	0.00	0.00	0	0.00	5	0.0	0.00	0.0	0.000	0.360	85.3	88	81.3	100.9	18.83	 .0698	0.000	702	1	100.0	30
05/03/20	6:30 p	81.8	82.4	81.7	100	81.8	0.0	NNE	0.00	1.0	NNE	81.8	95.1	95.1	94.2	29.762	0.00	0.00	0	0.00	0	0.0	0.00	0.0	0.000	0.350	84.6	89	81.0	99.3	19.49	 .0699	0.000	701	1	100.0	30
05/03/20	7:00 p	81.1	81.7	81.1	100	81.1	0.0	---	0.00	0.0	---	81.1	92.8	92.8	91.9	29.775	0.00	0.00	0	0.00	0	0.0	0.00	0.0	0.000	0.335	84.1	90	80.8	98.3	20.12	 .0700	0.000	700	1	100.0	30
05/03/20	7:30 p	80.7	81.2	80.6	100	80.7	0.0	---	0.00	0.0	---	80.7	91.6	91.6	90.6	29.780	0.00	0.00	0	0.00	0	0.0	0.00	0.0	0.000	0.327	83.6	90	80.4	96.7	20.16	 .0702	0.000	702	1	100.0	30
05/03/20	8:00 p	80.5	80.7	80.5	100	80.5	0.0	---	0.00	0.0	---	80.5	91.1	91.1	90.1	29.788	0.00	0.00	0	0.00	0	0.0	0.00	0.0	0.000	0.323	83.3	91	80.4	96.3	20.79	 .0702	0.000	701	1	100.0	30
05/03/20	8:30 p	80.5	80.7	80.5	100	80.5	0.0	---	0.00	0.0	---	80.5	91.1	91.1	90.1	29.801	0.00	0.00	0	0.00	0	0.0	0.00	0.0	0.000	0.323	83.2	92	80.6	96.4	21.21	 .0702	0.000	699	1	100.0	30
05/03/20	9:00 p	80.5	80.7	80.5	100	80.5	0.0	---	0.00	0.0	---	80.5	91.1	91.1	90.1	29.809	0.00	0.00	0	0.00	0	0.0	0.00	0.0	0.000	0.323	83.0	92	80.4	95.8	21.21	 .0703	0.000	701	1	100.0	30
05/03/20	9:30 p	80.5	80.6	80.5	100	80.5	0.0	---	0.00	0.0	---	80.5	91.1	91.1	90.1	29.816	0.00	0.00	0	0.00	0	0.0	0.00	0.0	0.000	0.323	82.9	93	80.7	96.0	21.31	 .0703	0.000	700	1	100.0	30
05/03/20	10:00 p	80.5	80.6	80.4	100	80.5	0.0	---	0.00	0.0	---	80.5	91.1	91.1	90.1	29.814	0.00	0.00	0	0.00	0	0.0	0.00	0.0	0.000	0.323	82.8	93	80.6	95.7	21.31	 .0703	0.000	699	1	100.0	30
05/03/20	10:30 p	80.3	80.5	80.3	100	80.3	0.0	---	0.00	0.0	---	80.3	90.5	90.5	89.5	29.817	0.00	0.00	0	0.00	0	0.0	0.00	0.0	0.000	0.319	82.6	93	80.4	95.1	21.30	 .0704	0.000	699	1	100.0	30
05/03/20	11:00 p	80.3	80.5	80.2	100	80.3	0.0	---	0.00	0.0	---	80.3	90.5	90.5	89.5	29.813	0.00	0.00	0	0.00	0	0.0	0.00	0.0	0.000	0.319	82.6	94	80.7	95.5	21.40	 .0703	0.000	703	1	100.0	30
05/03/20	11:30 p	80.4	80.5	80.3	100	80.4	0.0	---	0.00	0.0	---	80.4	90.8	90.8	89.8	29.804	0.00	0.00	0	0.00	0	0.0	0.00	0.0	0.000	0.321	82.4	94	80.5	94.8	21.40	 .0704	0.000	697	1	100.0	30
05/04/20	12:00 a	80.1	80.4	80.1	100	80.1	0.0	---	0.00	0.0	---	80.1	89.9	89.9	88.9	29.785	0.00	0.00	0	0.00	0	0.0	0.00	0.0	0.000	0.315	82.2	94	80.3	94.2	21.39	 .0704	0.000	703	1	100.0	30
05/04/20	12:30 a	79.8	80.2	79.8	100	79.8	0.0	---	0.00	0.0	---	79.8	89.0	89.0	87.9	29.782	0.00	0.00	0	0.00	0	0.0	0.00	0.0	0.000	0.308	82.0	95	80.4	93.9	21.65	 .0704	0.000	698	1	100.0	30
05/04/20	1:00 a	79.6	79.9	79.6	100	79.6	0.0	---	0.00	0.0	---	79.6	88.5	88.5	87.4	29.772	0.00	0.00	0	0.00	0	0.0	0.00	0.0	0.000	0.304	81.8	95	80.2	93.3	21.65	 .0704	0.000	701	1	100.0	30
05/04/20	1:30 a	79.4	79.7	79.4	100	79.4	0.0	---	0.00	0.0	---	79.4	87.9	87.9	86.8	29.762	0.00	0.00	0	0.00	0	0.0	0.00	0.0	0.000	0.300	81.7	94	79.8	92.6	21.38	 .0704	0.000	700	1	100.0	30
05/04/20	2:00 a	79.1	79.4	79.1	100	79.1	0.0	---	0.00	0.0	---	79.1	87.1	87.1	86.0	29.767	0.00	0.00	0	0.00	0	0.0	0.00	0.0	0.000	0.294	81.5	94	79.6	92.0	21.38	 .0705	0.000	701	1	100.0	30
05/04/20	2:30 a	79.0	79.2	79.0	100	79.0	0.0	---	0.00	0.0	---	79.0	86.8	86.8	85.7	29.760	0.00	0.00	0	0.00	0	0.0	0.00	0.0	0.000	0.292	81.2	95	79.6	91.3	21.65	 .0705	0.000	701	1	100.0	30
05/04/20	3:00 a	79.1	79.1	78.9	100	79.1	0.0	---	0.00	0.0	---	79.1	87.1	87.1	86.0	29.756	0.00	0.00	0	0.00	0	0.0	0.00	0.0	0.000	0.294	81.1	95	79.5	91.0	21.65	 .0705	0.000	700	1	100.0	30
05/04/20	3:30 a	78.9	79.1	78.8	100	78.9	0.0	---	0.00	0.0	---	78.9	86.6	86.6	85.5	29.744	0.00	0.00	0	0.00	0	0.0	0.00	0.0	0.000	0.290	81.0	95	79.4	90.7	21.65	 .0705	0.000	701	1	100.0	30
05/04/20	4:00 a	78.7	78.9	78.7	100	78.7	0.0	---	0.00	0.0	---	78.7	86.1	86.1	85.0	29.748	0.00	0.00	0	0.00	0	0.0	0.00	0.0	0.000	0.285	80.7	95	79.1	89.9	21.65	 .0706	0.000	701	1	100.0	30
05/04/20	4:30 a	78.5	78.7	78.5	100	78.5	0.0	---	0.00	0.0	---	78.5	85.6	85.6	84.5	29.756	0.00	0.00	0	0.00	0	0.0	0.00	0.0	0.000	0.281	80.5	95	78.9	89.4	21.65	 .0706	0.000	702	1	100.0	30
05/04/20	5:00 a	78.4	78.6	78.3	100	78.4	0.0	---	0.00	0.0	---	78.4	85.4	85.4	84.3	29.765	0.00	0.00	0	0.00	0	0.0	0.00	0.0	0.000	0.279	80.3	96	79.1	89.2	21.75	 .0707	0.000	700	1	100.0	30
05/04/20	5:30 a	78.1	78.4	78.0	100	78.1	0.0	---	0.00	0.0	---	78.1	84.6	84.6	83.6	29.766	0.00	0.00	4	0.17	16	0.0	0.00	0.0	0.000	0.273	80.2	96	79.0	88.9	21.75	 .0707	0.000	696	1	100.0	30
05/04/20	6:00 a	78.5	78.5	78.0	100	78.5	0.0	---	0.00	0.0	---	78.5	85.6	85.6	85.2	29.783	0.00	0.00	31	1.33	54	0.0	0.00	0.0	0.000	0.281	80.4	96	79.2	89.5	21.75	 .0707	0.000	700	1	100.0	30
05/04/20	6:30 a	79.4	79.6	78.5	100	79.4	0.0	---	0.00	0.0	---	79.4	87.9	87.9	91.5	29.781	0.00	0.00	94	4.04	127	0.1	0.02	0.6	0.000	0.300	81.8	95	80.2	93.3	21.65	 .0704	0.000	702	1	100.0	30
05/04/20	7:00 a	80.5	80.6	79.4	100	80.5	0.0	---	0.00	0.0	---	80.5	91.1	91.1	96.6	29.801	0.00	0.00	155	6.67	176	0.8	0.17	1.1	0.000	0.323	83.1	94	81.2	97.1	21.41	 .0702	0.003	696	1	100.0	30
05/04/20	7:30 a	81.9	82.3	80.5	100	81.9	0.0	ESE	0.00	2.0	ESE	81.9	95.4	95.4	101.6	29.821	0.00	0.00	199	8.56	295	1.5	0.32	2.0	0.000	0.352	84.8	93	82.5	102.2	21.35	 .0699	0.000	699	1	100.0	30
05/04/20	8:00 a	83.8	84.1	81.9	100	83.8	1.0	S	0.50	3.0	S	83.8	102.3	102.3	112.7	29.820	0.00	0.00	403	17.33	432	2.6	0.56	2.9	0.000	0.392	86.1	90	82.8	105.0	19.98	 .0697	0.008	697	1	100.0	30
05/04/20	8:30 a	84.2	85.3	83.5	100	84.2	1.0	SSW	0.50	8.0	SE	84.2	104.0	104.0	114.1	29.827	0.00	0.00	429	18.45	496	3.4	0.73	4.0	0.000	0.400	86.9	88	82.9	107.6	18.74	 .0696	0.000	699	1	100.0	30
05/04/20	9:00 a	85.2	85.5	83.9	100	85.2	1.0	SSW	0.50	6.0	S	85.2	108.7	108.7	118.7	29.824	0.00	0.00	455	19.57	629	3.9	0.84	5.1	0.000	0.421	87.5	87	83.1	109.0	18.30	 .0695	0.011	701	1	100.0	30
05/04/20	9:30 a	87.4	87.4	85.2	100	87.4	1.0	NNW	0.50	3.0	NNE	87.4	124.5	124.5	137.0	29.814	0.00	0.00	652	28.04	707	5.8	1.24	6.5	0.000	0.467	88.4	84	82.9	109.8	17.11	 .0694	0.000	702	1	100.0	30
05/04/20	10:00 a	86.7	88.0	86.7	100	86.7	2.0	S	1.00	7.0	SW	86.7	118.3	118.3	131.1	29.812	0.00	0.00	693	29.80	789	6.5	1.39	7.1	0.000	0.452	89.0	83	83.2	112.0	16.69	 .0693	0.017	703	1	100.0	30
05/04/20	10:30 a	86.9	86.9	84.9	100	86.9	2.0	SSE	1.00	8.0	WSW	86.9	119.8	119.8	128.1	29.814	0.00	0.00	374	16.08	645	4.7	1.01	6.8	0.000	0.456	88.4	83	82.6	108.9	16.71	 .0694	0.000	700	1	100.0	30
05/04/20	11:00 a	87.4	87.8	86.4	100	87.4	2.0	SW	1.00	7.0	S	87.4	124.5	124.5	136.9	29.796	0.00	0.00	633	27.22	751	7.0	1.50	7.9	0.000	0.467	89.0	82	82.8	111.0	16.39	 .0693	0.013	699	1	100.0	30
05/04/20	11:30 a	86.9	87.4	86.0	100	86.9	2.0	SW	1.00	7.0	WSW	86.9	119.8	119.8	131.6	29.800	0.00	0.00	580	24.94	714	6.7	1.44	7.6	0.000	0.456	89.2	82	83.0	112.1	16.38	 .0693	0.000	701	1	100.0	30
05/04/20	12:00 p	85.1	87.1	85.1	100	85.1	2.0	SSW	1.00	5.0	SSW	85.1	108.2	108.2	118.0	29.796	0.00	0.00	453	19.48	619	5.3	1.14	6.9	0.000	0.419	89.0	81	82.4	110.1	15.99	 .0693	0.013	697	1	100.0	30
05/04/20	12:30 p	85.9	86.0	85.2	100	85.9	2.0	S	1.00	5.0	S	85.9	112.6	112.6	121.8	29.783	0.00	0.00	423	18.19	473	4.9	1.05	5.5	0.000	0.435	88.9	80	81.9	108.7	15.59	 .0694	0.000	701	1	100.0	30
05/04/20	1:00 p	85.6	86.2	85.5	100	85.6	2.0	SSW	1.00	6.0	S	85.6	111.0	111.0	120.9	29.760	0.00	0.00	468	20.13	489	5.2	1.11	5.3	0.000	0.429	89.0	80	82.0	109.2	15.59	 .0693	0.011	698	1	100.0	30
05/04/20	1:30 p	86.1	86.5	85.6	100	86.1	1.0	S	0.50	4.0	SSW	86.1	113.9	113.9	124.1	29.739	0.01	0.00	482	20.73	496	5.0	1.07	5.2	0.000	0.440	89.1	79	81.7	108.9	15.20	 .0692	0.000	694	1	100.0	30
05/04/20	2:00 p	85.3	86.3	85.2	100	85.3	1.0	S	0.50	5.0	SSE	85.3	109.3	109.3	118.1	29.736	0.00	0.00	395	16.99	459	3.9	0.84	4.6	0.000	0.423	89.2	81	82.6	111.0	15.98	 .0691	0.011	702	1	100.0	30
05/04/20	2:30 p	85.2	85.6	85.0	100	85.2	1.0	S	0.50	4.0	ESE	85.2	108.7	108.7	116.3	29.733	0.00	0.00	313	13.46	332	2.9	0.62	3.2	0.000	0.421	88.8	81	82.2	109.1	16.00	 .0692	0.000	699	1	100.0	30
05/04/20	3:00 p	85.3	85.7	84.9	100	85.3	1.0	ESE	0.50	5.0	ESE	85.3	109.3	109.3	117.7	29.736	0.00	0.00	317	13.63	332	2.5	0.54	2.7	0.000	0.423	88.4	81	81.8	107.2	16.01	 .0693	0.008	697	1	100.0	30
05/04/20	3:30 p	86.0	86.1	85.2	100	86.0	1.0	S	0.50	4.0	SSE	86.0	113.2	113.2	123.3	29.727	0.00	0.00	349	15.01	397	2.1	0.45	2.2	0.000	0.438	87.9	82	81.7	105.8	16.43	 .0694	0.000	699	1	100.0	30
05/04/20	4:00 p	85.4	86.0	85.1	100	85.4	1.0	SSE	0.50	6.0	SSE	85.4	109.8	109.8	120.2	29.729	0.00	0.00	323	13.89	352	1.4	0.30	1.7	0.000	0.425	87.7	82	81.5	105.3	16.44	 .0694	0.009	695	1	100.0	30
05/04/20	4:30 p	84.4	85.6	84.4	100	84.4	1.0	SSE	0.50	6.0	SSE	84.4	104.9	104.9	111.0	29.741	0.00	0.00	152	6.54	236	0.6	0.13	1.0	0.000	0.404	87.1	83	81.3	104.4	16.77	 .0695	0.000	702	1	100.0	30
05/04/20	5:00 p	83.4	84.5	83.3	100	83.4	1.0	SSE	0.50	3.0	SSE	83.4	100.8	100.8	102.0	29.744	0.00	0.00	91	3.91	114	0.0	0.00	0.0	0.000	0.383	86.5	84	81.1	102.7	17.19	 .0696	0.003	701	1	100.0	30
05/04/20	5:30 p	82.7	83.7	82.7	100	82.7	0.0	SSE	0.00	3.0	SSE	82.7	98.1	98.1	98.0	29.747	0.00	0.00	38	1.63	76	0.0	0.00	0.0	0.000	0.369	85.7	86	81.0	101.0	18.01	 .0698	0.000	699	1	100.0	30
05/04/20	6:00 p	82.1	82.7	82.0	100	82.1	0.0	NNE	0.00	1.0	NNE	82.1	96.0	96.0	95.1	29.753	0.00	0.00	1	0.04	9	0.0	0.00	0.0	0.000	0.356	85.0	88	81.0	99.9	18.85	 .0699	0.001	700	1	100.0	30
05/04/20	6:30 p	81.1	82.1	81.1	100	81.1	0.0	NNE	0.00	1.0	NNE	81.1	92.8	92.8	91.8	29.749	0.00	0.00	0	0.00	0	0.0	0.00	0.0	0.000	0.335	84.2	88	80.3	97.8	18.93	 .0700	0.000	703	1	100.0	30
05/04/20	7:00 p	80.4	81.1	80.4	100	80.4	0.0	---	0.00	0.0	---	80.4	90.8	90.8	89.7	29.764	0.00	0.00	0	0.00	0	0.0	0.00	0.0	0.000	0.321	83.5	89	79.9	96.0	19.60	 .0702	0.000	699	1	100.0	30
05/04/20	7:30 p	80.3	80.5	80.2	100	80.3	0.0	NNE	0.00	1.0	NNE	80.3	90.5	90.5	89.4	29.773	0.00	0.00	0	0.00	0	0.0	0.00	0.0	0.000	0.319	83.2	90	80.0	95.4	20.19	 .0702	0.000	702	1	100.0	30
05/04/20	8:00 p	79.8	80.3	79.7	100	79.8	0.0	---	0.00	0.0	---	79.8	89.0	89.0	87.9	29.775	0.00	0.00	0	0.00	0	0.0	0.00	0.0	0.000	0.308	82.8	90	79.6	94.3	20.23	 .0703	0.000	700	1	100.0	30
05/04/20	8:30 p	79.4	79.8	79.4	100	79.4	0.0	---	0.00	0.0	---	79.4	87.9	87.9	86.8	29.777	0.00	0.00	0	0.00	0	0.0	0.00	0.0	0.000	0.300	82.4	91	79.5	93.6	20.86	 .0704	0.000	702	1	100.0	30
05/04/20	9:00 p	79.3	79.5	79.3	100	79.3	0.0	---	0.00	0.0	---	79.3	87.6	87.6	86.5	29.784	0.00	0.00	0	0.00	0	0.0	0.00	0.0	0.000	0.298	82.0	91	79.1	92.5	20.89	 .0705	0.000	702	1	100.0	30
05/04/20	9:30 p	79.0	79.3	79.0	100	79.0	0.0	---	0.00	0.0	---	79.0	86.8	86.8	85.7	29.787	0.00	0.00	0	0.00	0	0.0	0.00	0.0	0.000	0.292	81.7	92	79.1	91.9	21.18	 .0705	0.000	700	1	100.0	30
05/04/20	10:00 p	78.8	79.0	78.6	100	78.8	0.0	---	0.00	0.0	---	78.8	86.3	86.3	85.1	29.792	0.00	0.00	0	0.00	0	0.0	0.00	0.0	0.000	0.288	81.5	92	78.9	91.3	21.18	 .0706	0.000	701	1	100.0	30
05/04/20	10:30 p	78.9	78.9	78.8	100	78.9	0.0	---	0.00	0.0	---	78.9	86.6	86.6	85.4	29.790	0.00	0.00	0	0.00	0	0.0	0.00	0.0	0.000	0.290	81.5	93	79.3	91.6	21.28	 .0705	0.000	699	1	100.0	30
05/04/20	11:00 p	79.0	79.0	78.8	100	79.0	0.0	---	0.00	0.0	---	79.0	86.8	86.8	85.7	29.787	0.00	0.00	0	0.00	0	0.0	0.00	0.0	0.000	0.292	81.5	93	79.3	91.6	21.28	 .0705	0.000	698	1	100.0	30
05/04/20	11:30 p	79.1	79.1	79.0	100	79.1	0.0	---	0.00	0.0	---	79.1	87.1	87.1	86.0	29.772	0.00	0.00	0	0.00	0	0.0	0.00	0.0	0.000	0.294	81.5	93	79.3	91.6	21.28	 .0705	0.000	701	1	100.0	30
05/05/20	12:00 a	78.8	79.1	78.8	100	78.8	0.0	---	0.00	0.0	---	78.8	86.3	86.3	85.1	29.767	0.00	0.00	0	0.00	0	0.0	0.00	0.0	0.000	0.288	81.2	93	79.0	90.7	21.27	 .0706	0.000	702	1	100.0	30
05/05/20	12:30 a	78.3	78.8	78.2	100	78.3	0.0	---	0.00	0.0	---	78.3	85.1	85.1	83.9	29.759	0.00	0.00	0	0.00	0	0.0	0.00	0.0	0.000	0.277	80.8	93	78.6	89.6	21.27	 .0706	0.000	699	1	100.0	30
05/05/20	1:00 a	78.0	78.3	77.9	100	78.0	0.0	---	0.00	0.0	---	78.0	84.4	84.4	83.2	29.746	0.00	0.00	0	0.00	0	0.0	0.00	0.0	0.000	0.271	80.4	93	78.2	88.6	21.26	 .0707	0.000	702	1	100.0	30
05/05/20	1:30 a	77.8	78.0	77.7	100	77.8	0.0	---	0.00	0.0	---	77.8	84.0	84.0	82.8	29.736	0.00	0.00	0	0.00	0	0.0	0.00	0.0	0.000	0.267	80.2	94	78.3	88.4	21.35	 .0707	0.000	699	1	100.0	30
05/05/20	2:00 a	77.5	77.8	77.5	100	77.5	0.0	---	0.00	0.0	---	77.5	83.3	83.3	82.1	29.738	0.00	0.00	0	0.00	0	0.0	0.00	0.0	0.000	0.260	80.0	94	78.1	87.8	21.35	 .0707	0.000	700	1	100.0	30
05/05/20	2:30 a	77.8	77.8	77.5	100	77.8	0.0	---	0.00	0.0	---	77.8	84.0	84.0	82.8	29.731	0.00	0.00	0	0.00	0	0.0	0.00	0.0	0.000	0.267	80.0	94	78.1	87.8	21.35	 .0707	0.000	701	1	100.0	30
05/05/20	3:00 a	77.4	77.8	77.4	100	77.4	0.0	---	0.00	0.0	---	77.4	83.1	83.1	81.9	29.720	0.00	0.00	0	0.00	0	0.0	0.00	0.0	0.000	0.258	79.8	94	77.9	87.4	21.35	 .0707	0.000	699	1	100.0	30
05/05/20	3:30 a	77.4	77.6	77.2	100	77.4	0.0	---	0.00	0.0	---	77.4	83.1	83.1	81.9	29.726	0.00	0.00	0	0.00	0	0.0	0.00	0.0	0.000	0.258	79.6	94	77.7	86.9	21.35	 .0708	0.000	701	1	100.0	30
05/05/20	4:00 a	77.7	77.7	77.3	100	77.7	0.0	---	0.00	0.0	---	77.7	83.7	83.7	82.5	29.732	0.00	0.00	0	0.00	0	0.0	0.00	0.0	0.000	0.265	79.7	95	78.1	87.4	21.65	 .0707	0.000	701	1	100.0	30
05/05/20	4:30 a	77.9	78.0	77.6	100	77.9	0.0	---	0.00	0.0	---	77.9	84.2	84.2	83.0	29.738	0.00	0.00	0	0.00	0	0.0	0.00	0.0	0.000	0.269	79.8	95	78.2	87.6	21.65	 .0707	0.000	701	1	100.0	30
05/05/20	5:00 a	77.8	78.0	77.8	100	77.8	0.0	---	0.00	0.0	---	77.8	84.0	84.0	82.8	29.741	0.00	0.00	0	0.00	0	0.0	0.00	0.0	0.000	0.267	79.7	95	78.1	87.4	21.65	 .0708	0.000	702	1	100.0	30
05/05/20	5:30 a	77.4	77.8	77.4	100	77.4	0.0	---	0.00	0.0	---	77.4	83.1	83.1	81.9	29.751	0.00	0.00	2	0.09	9	0.0	0.00	0.0	0.000	0.258	79.5	95	77.9	86.9	21.65	 .0708	0.000	702	1	100.0	30
05/05/20	6:00 a	77.9	77.9	77.4	100	77.9	0.0	---	0.00	0.0	---	77.9	84.2	84.2	83.6	29.760	0.00	0.00	30	1.29	49	0.0	0.00	0.0	0.000	0.269	79.8	95	78.2	87.6	21.65	 .0708	0.000	698	1	100.0	30
05/05/20	6:30 a	78.9	79.0	77.8	100	78.9	0.0	---	0.00	0.0	---	78.9	86.6	86.6	89.6	29.779	0.00	0.00	80	3.44	104	0.0	0.00	0.0	0.000	0.290	80.5	95	78.9	89.4	21.65	 .0707	0.000	702	1	100.0	30
05/05/20	7:00 a	79.9	80.0	78.9	100	79.9	0.0	---	0.00	0.0	---	79.9	89.3	89.3	93.8	29.785	0.00	0.00	131	5.63	163	0.4	0.09	0.8	0.000	0.310	81.6	95	80.0	92.6	21.65	 .0705	0.003	697	1	100.0	30
05/05/20	7:30 a	80.3	80.5	79.8	100	80.3	0.0	WSW	0.00	3.0	WSW	80.3	90.5	90.5	94.5	29.809	0.00	0.00	132	5.68	171	0.6	0.13	0.8	0.000	0.319	82.2	94	80.3	94.2	21.39	 .0704	0.000	698	1	100.0	30
05/05/20	8:00 a	78.7	80.4	78.7	100	78.7	1.0	ESE	0.50	5.0	SE	78.7	86.1	86.1	86.3	29.829	0.00	0.00	29	1.25	37	0.0	0.00	0.0	0.000	0.285	81.5	93	79.3	91.6	21.28	 .0706	0.002	701	1	100.0	30
05/05/20	8:30 a	78.9	78.9	78.5	100	78.9	0.0	NNE	0.00	3.0	ENE	78.9	86.6	86.6	87.3	29.836	0.00	0.00	51	2.19	74	0.1	0.02	0.7	0.000	0.290	81.2	93	79.0	90.7	21.27	 .0707	0.000	701	1	100.0	30
05/05/20	9:00 a	79.1	79.2	78.8	100	79.1	0.0	---	0.00	0.0	---	79.1	87.1	87.1	88.5	29.838	0.00	0.00	79	3.40	97	0.8	0.17	1.0	0.000	0.294	81.4	93	79.2	91.3	21.28	 .0707	0.002	702	1	100.0	30
05/05/20	9:30 a	80.4	80.4	79.0	100	80.4	0.0	WSW	0.00	2.0	WSW	80.4	90.8	90.8	93.9	29.840	0.00	0.00	151	6.49	185	1.6	0.34	2.0	0.000	0.321	82.1	93	79.9	93.5	21.29	 .0705	0.000	701	1	100.0	30
05/05/20	10:00 a	80.9	80.9	80.4	100	80.9	0.0	WSW	0.00	2.0	WSW	80.9	92.2	92.2	95.0	29.845	0.00	0.00	140	6.02	171	1.6	0.34	1.9	0.000	0.331	82.7	93	80.5	95.4	21.30	 .0704	0.004	700	1	100.0	30
05/05/20	10:30 a	81.3	81.3	80.5	100	81.3	0.0	SSE	0.00	2.0	WSW	81.3	93.5	93.5	98.1	29.828	0.00	0.00	214	9.20	239	2.6	0.56	2.9	0.000	0.340	83.1	92	80.5	96.1	21.21	 .0703	0.000	699	1	100.0	30
05/05/20	11:00 a	81.9	82.0	81.1	100	81.9	1.0	SSE	0.50	4.0	SSE	81.9	95.4	95.4	101.8	29.815	0.00	0.00	284	12.21	343	3.5	0.75	4.2	0.000	0.352	83.8	92	81.2	98.4	21.23	 .0701	0.006	701	1	100.0	30
05/05/20	11:30 a	83.2	83.2	81.9	100	83.2	1.0	SSE	0.50	2.0	SSE	83.2	100.0	100.0	107.9	29.806	0.00	0.00	348	14.97	413	4.3	0.92	5.0	0.000	0.379	84.8	90	81.5	100.3	20.07	 .0700	0.000	702	1	100.0	30
05/05/20	12:00 p	83.8	84.0	82.8	100	83.8	1.0	SSE	0.50	3.0	SSW	83.8	102.3	102.3	110.4	29.804	0.00	0.00	363	15.61	388	4.7	1.01	5.0	0.000	0.392	85.6	88	81.6	101.9	18.81	 .0699	0.009	700	1	100.0	30
05/05/20	12:30 p	83.8	84.0	83.5	100	83.8	1.0	SE	0.50	4.0	SE	83.8	102.3	102.3	109.1	29.800	0.00	0.00	303	13.03	378	4.1	0.88	4.9	0.000	0.392	85.6	88	81.6	101.9	18.81	 .0698	0.000	700	1	100.0	30
05/05/20	1:00 p	83.8	83.9	83.3	100	83.8	1.0	ESE	0.50	6.0	SSE	83.8	102.3	102.3	109.1	29.790	0.00	0.00	306	13.16	396	4.0	0.86	5.0	0.000	0.392	85.8	87	81.5	101.9	18.40	 .0698	0.008	703	1	100.0	30
05/05/20	1:30 p	84.0	84.2	83.3	100	84.0	1.0	S	0.50	6.0	ESE	84.0	103.1	103.1	109.8	29.774	0.00	0.00	298	12.82	352	3.7	0.79	4.3	0.000	0.396	85.9	87	81.6	102.2	18.40	 .0697	0.000	694	1	100.0	30
05/05/20	2:00 p	84.1	84.2	83.2	100	84.1	1.0	WNW	0.50	6.0	SSE	84.1	103.5	103.5	110.6	29.759	0.00	0.00	308	13.25	459	3.5	0.75	4.6	0.000	0.398	85.9	87	81.6	102.2	18.40	 .0697	0.008	699	1	100.0	30
05/05/20	2:30 p	84.4	85.2	83.8	100	84.4	2.0	S	1.00	10.0	ESE	84.4	104.9	104.9	113.6	29.756	0.00	0.00	364	15.65	847	3.6	0.77	5.2	0.000	0.404	86.3	86	81.6	103.2	17.97	 .0696	0.000	701	1	100.0	30
05/05/20	3:00 p	83.9	84.7	83.8	100	83.9	2.0	S	1.00	8.0	SSE	83.9	102.7	102.7	112.3	29.764	0.00	0.00	376	16.17	633	2.8	0.60	3.8	0.000	0.394	86.2	86	81.5	102.7	17.98	 .0697	0.010	700	1	100.0	30
05/05/20	3:30 p	82.9	83.9	82.9	100	82.9	1.0	SSE	0.50	6.0	SSE	82.9	98.9	98.9	104.2	29.775	0.00	0.00	176	7.57	223	1.3	0.28	1.7	0.000	0.373	85.6	85	80.6	100.1	17.61	 .0699	0.000	697	1	100.0	30
05/05/20	4:00 p	82.1	82.9	81.8	100	82.1	1.0	NE	0.50	4.0	SSE	82.1	96.0	96.0	98.4	29.768	0.00	0.00	76	3.27	93	0.4	0.09	0.7	0.000	0.356	84.8	87	80.5	98.9	18.46	 .0700	0.003	699	1	100.0	30
05/05/20	4:30 p	82.0	82.3	81.8	100	82.0	1.0	SE	0.50	7.0	ESE	82.0	95.7	95.7	98.4	29.773	0.00	0.00	71	3.05	97	0.0	0.00	0.0	0.000	0.354	84.3	88	80.4	98.0	18.92	 .0701	0.000	698	1	100.0	30
05/05/20	5:00 p	81.7	82.3	81.7	100	81.7	1.0	ESE	0.50	6.0	ESE	81.7	94.7	94.7	95.1	29.779	0.00	0.00	53	2.28	77	0.0	0.00	0.0	0.000	0.348	84.0	89	80.4	97.6	19.55	 .0701	0.002	699	1	100.0	30
05/05/20	5:30 p	81.4	81.7	81.2	100	81.4	1.0	SSE	0.50	7.0	ENE	81.4	93.8	93.8	93.1	29.794	0.00	0.00	8	0.34	26	0.0	0.00	0.0	0.000	0.342	83.4	90	80.2	96.1	20.18	 .0702	0.000	701	1	100.0	30
05/05/20	6:00 p	81.2	81.4	81.2	100	81.2	1.0	SSE	0.50	7.0	SSE	81.2	93.1	93.1	92.2	29.801	0.00	0.00	0	0.00	0	0.0	0.00	0.0	0.000	0.337	82.9	91	80.0	95.0	20.82	 .0703	0.000	699	1	100.0	30
05/05/20	6:30 p	79.5	81.2	79.5	100	79.5	1.0	ENE	0.50	5.0	ESE	79.5	88.2	88.2	87.2	29.815	0.06	0.40	0	0.00	0	0.0	0.00	0.0	0.000	0.302	82.1	91	79.2	92.7	20.88	 .0705	0.000	698	1	100.0	30
05/05/20	7:00 p	78.8	79.5	78.7	100	78.8	1.0	NE	0.50	5.0	ENE	78.8	86.3	86.3	85.3	29.825	0.13	0.75	0	0.00	0	0.0	0.00	0.0	0.000	0.288	81.2	93	79.0	90.7	21.27	 .0707	0.000	701	1	100.0	30
05/05/20	7:30 p	78.4	78.9	78.4	100	78.4	0.0	NE	0.00	4.0	NE	78.4	85.4	85.4	84.4	29.826	0.01	0.13	0	0.00	0	0.0	0.00	0.0	0.000	0.279	80.9	93	78.7	89.8	21.27	 .0708	0.000	701	1	100.0	30
05/05/20	8:00 p	78.2	78.6	78.2	100	78.2	0.0	ENE	0.00	2.0	ENE	78.2	84.9	84.9	83.9	29.830	0.01	0.00	0	0.00	0	0.0	0.00	0.0	0.000	0.275	80.8	93	78.6	89.6	21.27	 .0708	0.000	700	1	100.0	30
05/05/20	8:30 p	77.6	78.2	77.6	100	77.6	1.0	SE	0.50	2.0	ESE	77.6	83.5	83.5	82.4	29.840	0.00	0.00	0	0.00	0	0.0	0.00	0.0	0.000	0.262	80.3	93	78.1	88.3	21.26	 .0709	0.000	699	1	100.0	30
05/05/20	9:00 p	77.2	77.7	77.2	100	77.2	0.0	N	0.00	4.0	NW	77.2	82.6	82.6	81.5	29.845	0.00	0.00	0	0.00	0	0.0	0.00	0.0	0.000	0.254	80.1	93	77.9	87.8	21.25	 .0710	0.000	698	1	100.0	30
05/05/20	9:30 p	76.8	77.2	76.7	100	76.8	1.0	NNW	0.50	4.0	NNE	76.8	81.8	81.8	80.7	29.847	0.00	0.00	0	0.00	0	0.0	0.00	0.0	0.000	0.246	79.8	93	77.6	87.1	21.25	 .0710	0.000	701	1	100.0	30
05/05/20	10:00 p	76.8	76.9	76.6	100	76.8	0.0	NNE	0.00	3.0	WNW	76.8	81.8	81.8	80.7	29.846	0.00	0.00	0	0.00	0	0.0	0.00	0.0	0.000	0.246	79.5	93	77.3	86.5	21.24	 .0711	0.000	703	1	100.0	30
05/05/20	10:30 p	76.6	76.8	76.6	100	76.6	0.0	NNE	0.00	1.0	NNE	76.6	81.4	81.4	80.3	29.840	0.00	0.00	0	0.00	0	0.0	0.00	0.0	0.000	0.242	79.2	94	77.3	86.0	21.35	 .0711	0.000	702	1	100.0	30
05/05/20	11:00 p	76.4	76.7	76.4	100	76.4	0.0	---	0.00	0.0	---	76.4	81.1	81.1	80.0	29.830	0.00	0.00	0	0.00	0	0.0	0.00	0.0	0.000	0.238	79.0	94	77.1	85.6	21.35	 .0711	0.000	700	1	100.0	30
05/05/20	11:30 p	76.3	76.5	76.2	100	76.3	0.0	---	0.00	0.0	---	76.3	80.9	80.9	79.8	29.828	0.00	0.00	0	0.00	0	0.0	0.00	0.0	0.000	0.235	78.8	94	76.9	85.1	21.35	 .0712	0.000	699	1	100.0	30
05/06/20	12:00 a	76.3	76.4	76.2	100	76.3	0.0	---	0.00	0.0	---	76.3	80.9	80.9	79.8	29.831	0.00	0.00	0	0.00	0	0.0	0.00	0.0	0.000	0.235	78.6	94	76.7	84.7	21.35	 .0712	0.000	702	1	100.0	30
05/06/20	12:30 a	76.4	76.4	76.2	100	76.4	0.0	---	0.00	0.0	---	76.4	81.1	81.1	80.0	29.823	0.00	0.00	0	0.00	0	0.0	0.00	0.0	0.000	0.238	78.5	94	76.6	84.4	21.35	 .0712	0.000	699	1	100.0	30
05/06/20	1:00 a	76.4	76.4	76.2	100	76.4	0.0	---	0.00	0.0	---	76.4	81.1	81.1	80.0	29.806	0.00	0.00	0	0.00	0	0.0	0.00	0.0	0.000	0.238	78.5	95	76.9	84.6	21.65	 .0712	0.000	703	1	100.0	30
05/06/20	1:30 a	76.3	76.4	76.2	100	76.3	0.0	---	0.00	0.0	---	76.3	80.9	80.9	79.8	29.798	0.00	0.00	0	0.00	0	0.0	0.00	0.0	0.000	0.235	78.3	95	76.7	84.1	21.65	 .0712	0.000	701	1	100.0	30
05/06/20	2:00 a	76.2	76.3	76.1	100	76.2	0.0	---	0.00	0.0	---	76.2	80.7	80.7	79.6	29.789	0.00	0.00	0	0.00	0	0.0	0.00	0.0	0.000	0.233	78.2	95	76.6	83.9	21.65	 .0712	0.000	701	1	100.0	30
05/06/20	2:30 a	76.0	76.2	75.9	100	76.0	0.0	---	0.00	0.0	---	76.0	80.3	80.3	79.2	29.785	0.00	0.00	0	0.00	0	0.0	0.00	0.0	0.000	0.229	78.0	95	76.5	83.4	21.65	 .0712	0.000	701	1	100.0	30
05/06/20	3:00 a	76.1	76.2	76.0	100	76.1	0.0	---	0.00	0.0	---	76.1	80.5	80.5	79.4	29.771	0.01	0.00	0	0.00	0	0.0	0.00	0.0	0.000	0.231	78.0	95	76.5	83.4	21.65	 .0712	0.000	700	1	100.0	30
05/06/20	3:30 a	76.0	76.2	75.9	100	76.0	0.0	---	0.00	0.0	---	76.0	80.3	80.3	79.2	29.781	0.00	0.00	0	0.00	0	0.0	0.00	0.0	0.000	0.229	78.0	96	76.8	83.6	21.75	 .0712	0.000	698	1	100.0	30
05/06/20	4:00 a	76.1	76.1	75.9	100	76.1	0.0	---	0.00	0.0	---	76.1	80.5	80.5	79.4	29.788	0.00	0.00	0	0.00	0	0.0	0.00	0.0	0.000	0.231	77.9	96	76.7	83.4	21.75	 .0712	0.000	700	1	100.0	30
05/06/20	4:30 a	76.0	76.2	76.0	100	76.0	0.0	---	0.00	0.0	---	76.0	80.3	80.3	79.2	29.789	0.00	0.00	0	0.00	0	0.0	0.00	0.0	0.000	0.229	77.8	96	76.6	83.2	21.75	 .0712	0.000	699	1	100.0	30
05/06/20	5:00 a	75.8	76.1	75.8	100	75.8	0.0	---	0.00	0.0	---	75.8	80.0	80.0	78.8	29.793	0.00	0.00	0	0.00	0	0.0	0.00	0.0	0.000	0.225	77.7	96	76.5	83.0	21.75	 .0713	0.000	702	1	100.0	30
05/06/20	5:30 a	75.8	75.9	75.8	100	75.8	0.0	---	0.00	0.0	---	75.8	80.0	80.0	78.9	29.791	0.00	0.00	2	0.09	12	0.0	0.00	0.0	0.000	0.225	77.6	96	76.4	82.8	21.75	 .0713	0.000	699	1	100.0	30
05/06/20	6:00 a	76.5	76.5	75.8	100	76.5	0.0	---	0.00	0.0	---	76.5	81.3	81.3	81.1	29.798	0.00	0.00	41	1.76	76	0.0	0.00	0.0	0.000	0.240	78.0	96	76.8	83.6	21.75	 .0712	0.001	699	1	100.0	30
05/06/20	6:30 a	77.6	77.6	76.5	100	77.6	0.0	---	0.00	0.0	---	77.6	83.5	83.5	88.0	29.807	0.00	0.00	119	5.12	137	0.1	0.02	0.5	0.000	0.262	79.1	96	77.9	86.2	21.75	 .0710	0.000	703	1	100.0	30
05/06/20	7:00 a	78.5	78.6	77.6	100	78.5	0.0	---	0.00	0.0	---	78.5	85.6	85.6	89.8	29.813	0.00	0.00	124	5.33	134	0.7	0.15	1.0	0.000	0.281	80.6	97	79.7	90.3	21.75	 .0707	0.003	702	1	100.0	30
05/06/20	7:30 a	79.2	79.2	78.5	100	79.2	0.0	---	0.00	0.0	---	79.2	87.4	87.4	90.8	29.821	0.00	0.00	117	5.03	195	1.3	0.28	1.7	0.000	0.296	81.7	96	80.4	93.3	21.75	 .0705	0.000	699	1	100.0	30
05/06/20	8:00 a	80.6	80.6	79.1	100	80.6	0.0	---	0.00	0.0	---	80.6	91.3	91.3	99.7	29.823	0.00	0.00	318	13.68	425	2.6	0.56	3.2	0.000	0.325	82.9	95	81.3	97.0	21.65	 .0703	0.005	701	1	100.0	30
05/06/20	8:30 a	82.9	82.9	80.6	100	82.9	0.0	S	0.00	4.0	SSE	82.9	98.9	98.9	109.6	29.832	0.00	0.00	469	20.17	584	3.8	0.81	4.5	0.000	0.373	83.9	92	81.3	98.7	21.23	 .0702	0.000	701	1	100.0	30
05/06/20	9:00 a	85.7	85.7	82.7	100	85.7	1.0	S	0.50	7.0	SSE	85.7	111.5	111.5	123.7	29.844	0.00	0.00	612	26.32	754	5.3	1.14	6.1	0.000	0.431	85.2	90	81.9	101.6	20.04	 .0700	0.014	701	1	100.0	30
05/06/20	9:30 a	86.1	86.1	85.3	100	86.1	1.0	SSW	0.50	6.0	SSW	86.1	113.9	113.9	127.0	29.843	0.00	0.00	757	32.56	802	6.7	1.44	7.2	0.000	0.440	85.8	88	81.8	102.5	18.80	 .0699	0.000	698	1	100.0	30
05/06/20	10:00 a	86.4	86.6	85.8	100	86.4	2.0	SSE	1.00	5.0	SSE	86.4	116.1	116.1	129.4	29.830	0.00	0.00	780	33.54	891	7.4	1.59	8.1	0.000	0.446	86.4	88	82.4	105.1	18.77	 .0697	0.020	700	1	100.0	30
05/06/20	10:30 a	85.2	86.9	85.0	100	85.2	1.0	SSW	0.50	6.0	SSE	85.2	108.7	108.7	118.2	29.825	0.00	0.00	446	19.18	921	6.4	1.37	8.5	0.000	0.421	86.1	87	81.8	103.0	18.38	 .0698	0.000	699	1	100.0	30
05/06/20	11:00 a	86.6	86.8	84.9	100	86.6	2.0	ESE	1.00	6.0	ESE	86.6	117.6	117.6	130.0	29.816	0.00	0.00	641	27.57	1125	8.4	1.80	11.0	0.000	0.450	86.8	87	82.5	106.2	18.34	 .0697	0.015	698	1	100.0	30
05/06/20	11:30 a	87.2	87.2	86.3	100	87.2	2.0	ESE	1.00	5.0	SSE	87.2	122.5	122.5	136.1	29.817	0.00	0.00	781	33.59	1158	8.8	1.89	11.2	0.000	0.462	87.3	86	82.6	107.3	17.91	 .0696	0.000	701	1	100.0	30
05/06/20	12:00 p	87.5	87.8	86.4	100	87.5	2.0	SSW	1.00	6.0	SSE	87.5	125.4	125.4	138.9	29.811	0.00	0.00	782	33.63	1252	9.5	2.04	12.4	0.000	0.469	88.2	84	82.7	108.7	17.12	 .0694	0.021	700	1	100.0	30
05/06/20	12:30 p	89.2	89.2	87.5	100	89.2	2.0	SE	1.00	7.0	ESE	89.2	148.0	148.0	160.5	29.799	0.00	0.00	1085	46.66	1215	11.4	2.44	12.8	0.000	0.504	88.8	83	83.0	110.9	16.70	 .0693	0.000	702	1	100.0	30
05/06/20	1:00 p	87.4	89.9	87.4	100	87.4	2.0	S	1.00	6.0	WSW	87.4	124.5	124.5	137.8	29.782	0.00	0.00	1072	46.10	1194	10.6	2.27	11.2	0.000	0.467	89.0	82	82.8	111.0	16.39	 .0693	0.027	700	1	100.0	30
05/06/20	1:30 p	88.3	89.0	86.3	100	88.3	2.0	S	1.00	8.0	SE	88.3	134.5	134.5	147.8	29.768	0.00	0.00	819	35.22	1121	8.0	1.71	10.2	0.000	0.485	88.6	83	82.8	109.9	16.71	 .0693	0.000	700	1	100.0	30
05/06/20	2:00 p	88.0	89.2	87.6	100	88.0	2.0	SSE	1.00	7.0	SSE	88.0	130.4	130.4	144.1	29.760	0.00	0.00	895	38.49	986	7.6	1.63	8.4	0.000	0.479	88.6	82	82.4	109.0	16.41	 .0693	0.022	700	1	100.0	30
05/06/20	2:30 p	88.2	88.2	86.9	100	88.2	2.0	SSW	1.00	9.0	ESE	88.2	133.2	133.2	146.8	29.754	0.00	0.00	775	33.33	821	5.9	1.26	6.7	0.000	0.483	88.1	83	82.3	107.4	16.73	 .0694	0.000	700	1	100.0	30
05/06/20	3:00 p	87.1	88.9	87.1	100	87.1	2.0	SE	1.00	9.0	SE	87.1	121.5	121.5	135.1	29.754	0.00	0.00	664	28.56	703	4.3	0.92	5.0	0.000	0.460	87.4	83	81.6	105.2	16.75	 .0695	0.019	700	1	100.0	30
05/06/20	3:30 p	86.4	87.7	86.4	100	86.4	3.0	SSE	1.50	11.0	SSE	86.4	116.1	116.1	130.4	29.755	0.00	0.00	583	25.07	666	2.9	0.62	3.6	0.000	0.446	87.3	82	81.1	104.2	16.46	 .0696	0.000	702	1	100.0	30
05/06/20	4:00 p	85.8	86.8	85.8	100	85.8	1.0	SSW	0.50	6.0	SSE	85.8	112.1	112.1	121.2	29.762	0.00	0.00	270	11.61	473	1.4	0.30	1.9	0.000	0.433	87.2	84	81.8	105.3	17.16	 .0695	0.011	700	1	100.0	30
05/06/20	4:30 p	85.2	86.0	85.2	100	85.2	2.0	SSE	1.00	6.0	SSE	85.2	108.7	108.7	115.9	29.764	0.00	0.00	183	7.87	211	0.6	0.13	0.9	0.000	0.421	86.8	83	81.0	103.3	16.78	 .0697	0.000	700	1	100.0	30
05/06/20	5:00 p	84.1	85.3	84.1	100	84.1	1.0	ESE	0.50	5.0	SSE	84.1	103.5	103.5	104.3	29.764	0.00	0.00	73	3.14	142	0.0	0.00	0.0	0.000	0.398	86.1	86	81.4	102.3	17.98	 .0697	0.003	699	1	100.0	30
05/06/20	5:30 p	83.0	84.1	82.7	100	83.0	0.0	ESE	0.00	2.0	ESE	83.0	99.2	99.2	98.7	29.786	0.00	0.00	16	0.69	33	0.0	0.00	0.0	0.000	0.375	85.2	87	80.9	100.0	18.44	 .0699	0.000	701	1	100.0	30
05/06/20	6:00 p	81.7	83.0	81.7	100	81.7	0.0	ESE	0.00	1.0	ESE	81.7	94.7	94.7	93.7	29.790	0.00	0.00	0	0.00	0	0.0	0.00	0.0	0.000	0.348	84.4	88	80.5	98.3	18.91	 .0701	0.000	701	1	100.0	30
05/06/20	6:30 p	81.0	81.8	81.0	100	81.0	0.0	ESE	0.00	1.0	ESE	81.0	92.5	92.5	91.5	29.798	0.00	0.00	0	0.00	0	0.0	0.00	0.0	0.000	0.333	83.7	89	80.1	96.7	19.58	 .0702	0.000	700	1	100.0	30
05/06/20	7:00 p	80.5	81.1	80.5	100	80.5	0.0	ESE	0.00	1.0	ESE	80.5	91.1	91.1	90.0	29.798	0.00	0.00	0	0.00	0	0.0	0.00	0.0	0.000	0.323	83.2	90	80.0	95.4	20.19	 .0703	0.000	702	1	100.0	30
05/06/20	7:30 p	80.3	80.5	80.2	100	80.3	0.0	---	0.00	0.0	---	80.3	90.5	90.5	89.4	29.793	0.00	0.00	0	0.00	0	0.0	0.00	0.0	0.000	0.319	82.9	90	79.7	94.5	20.22	 .0703	0.000	699	1	100.0	30
05/06/20	8:00 p	80.2	80.4	80.1	100	80.2	0.0	---	0.00	0.0	---	80.2	90.2	90.2	89.1	29.793	0.00	0.00	0	0.00	0	0.0	0.00	0.0	0.000	0.317	82.7	91	79.8	94.4	20.83	 .0704	0.000	700	1	100.0	30
05/06/20	8:30 p	80.1	80.2	80.0	100	80.1	0.0	---	0.00	0.0	---	80.1	89.9	89.9	88.8	29.792	0.00	0.00	0	0.00	0	0.0	0.00	0.0	0.000	0.315	82.6	91	79.7	94.2	20.84	 .0704	0.000	698	1	100.0	30
05/06/20	9:00 p	79.8	80.1	79.8	100	79.8	0.0	---	0.00	0.0	---	79.8	89.0	89.0	87.8	29.795	0.00	0.00	0	0.00	0	0.0	0.00	0.0	0.000	0.308	82.2	92	79.6	93.4	21.19	 .0704	0.000	701	1	100.0	30
05/06/20	9:30 p	79.4	79.8	79.3	100	79.4	0.0	---	0.00	0.0	---	79.4	87.9	87.9	86.7	29.798	0.00	0.00	0	0.00	0	0.0	0.00	0.0	0.000	0.300	81.9	92	79.3	92.5	21.19	 .0705	0.000	701	1	100.0	30
05/06/20	10:00 p	79.1	79.4	79.1	100	79.1	0.0	---	0.00	0.0	---	79.1	87.1	87.1	85.9	29.800	0.00	0.00	0	0.00	0	0.0	0.00	0.0	0.000	0.294	81.6	93	79.4	91.9	21.28	 .0705	0.000	702	1	100.0	30
05/06/20	10:30 p	79.0	79.2	78.9	100	79.0	0.0	---	0.00	0.0	---	79.0	86.8	86.8	85.6	29.805	0.00	0.00	0	0.00	0	0.0	0.00	0.0	0.000	0.292	81.3	93	79.1	91.0	21.28	 .0706	0.000	702	1	100.0	30
05/06/20	11:00 p	78.9	79.0	78.8	100	78.9	0.0	---	0.00	0.0	---	78.9	86.6	86.6	85.4	29.814	0.00	0.00	0	0.00	0	0.0	0.00	0.0	0.000	0.290	81.2	93	79.0	90.7	21.27	 .0707	0.000	703	1	100.0	30
05/06/20	11:30 p	79.2	79.2	78.9	100	79.2	0.0	---	0.00	0.0	---	79.2	87.4	87.4	86.2	29.807	0.00	0.00	0	0.00	0	0.0	0.00	0.0	0.000	0.296	81.2	94	79.3	91.0	21.37	 .0706	0.000	699	1	100.0	30
05/07/20	12:00 a	79.2	79.4	79.1	100	79.2	0.0	---	0.00	0.0	---	79.2	87.4	87.4	86.2	29.803	0.00	0.00	0	0.00	0	0.0	0.00	0.0	0.000	0.296	81.2	94	79.3	91.0	21.37	 .0706	0.000	700	1	100.0	30
05/07/20	12:30 a	79.2	79.2	79.0	100	79.2	0.0	---	0.00	0.0	---	79.2	87.4	87.4	86.2	29.790	0.00	0.00	0	0.00	0	0.0	0.00	0.0	0.000	0.296	81.1	94	79.2	90.7	21.37	 .0706	0.000	700	1	100.0	30
05/07/20	1:00 a	79.1	79.3	79.1	100	79.1	0.0	---	0.00	0.0	---	79.1	87.1	87.1	85.9	29.786	0.00	0.00	0	0.00	0	0.0	0.00	0.0	0.000	0.294	81.0	95	79.4	90.7	21.65	 .0706	0.000	703	1	100.0	30
05/07/20	1:30 a	79.0	79.2	79.0	100	79.0	0.0	---	0.00	0.0	---	79.0	86.8	86.8	85.6	29.778	0.00	0.00	0	0.00	0	0.0	0.00	0.0	0.000	0.292	81.0	95	79.4	90.7	21.65	 .0706	0.000	699	1	100.0	30
05/07/20	2:00 a	78.4	79.0	78.3	100	78.4	0.0	---	0.00	0.0	---	78.4	85.4	85.4	84.2	29.774	0.00	0.00	0	0.00	0	0.0	0.00	0.0	0.000	0.279	80.7	94	78.8	89.6	21.36	 .0706	0.000	698	1	100.0	30
05/07/20	2:30 a	77.9	78.4	77.9	100	77.9	0.0	---	0.00	0.0	---	77.9	84.2	84.2	82.9	29.762	0.00	0.00	0	0.00	0	0.0	0.00	0.0	0.000	0.269	80.3	94	78.4	88.6	21.36	 .0707	0.000	698	1	100.0	30
05/07/20	3:00 a	77.7	77.9	77.7	100	77.7	0.0	---	0.00	0.0	---	77.7	83.7	83.7	82.4	29.758	0.00	0.00	0	0.00	0	0.0	0.00	0.0	0.000	0.265	80.1	94	78.2	88.1	21.35	 .0707	0.000	697	1	100.0	30
05/07/20	3:30 a	77.5	77.7	77.4	100	77.5	0.0	---	0.00	0.0	---	77.5	83.3	83.3	82.0	29.770	0.00	0.00	0	0.00	0	0.0	0.00	0.0	0.000	0.260	79.8	95	78.2	87.6	21.65	 .0708	0.000	700	1	100.0	30
05/07/20	4:00 a	77.5	77.5	77.4	100	77.5	0.0	---	0.00	0.0	---	77.5	83.3	83.3	82.0	29.774	0.00	0.00	0	0.00	0	0.0	0.00	0.0	0.000	0.260	79.7	95	78.1	87.4	21.65	 .0708	0.000	700	1	100.0	30
05/07/20	4:30 a	77.3	77.5	77.3	100	77.3	0.0	---	0.00	0.0	---	77.3	82.9	82.9	81.6	29.776	0.00	0.00	0	0.00	0	0.0	0.00	0.0	0.000	0.256	79.5	95	77.9	86.9	21.65	 .0709	0.000	698	1	100.0	30
05/07/20	5:00 a	77.2	77.3	77.1	100	77.2	0.0	---	0.00	0.0	---	77.2	82.6	82.6	81.3	29.787	0.00	0.00	0	0.00	0	0.0	0.00	0.0	0.000	0.254	79.3	95	77.7	86.5	21.65	 .0709	0.000	701	1	100.0	30
05/07/20	5:30 a	77.2	77.3	77.1	100	77.2	0.0	---	0.00	0.0	---	77.2	82.6	82.6	81.4	29.796	0.00	0.00	3	0.13	16	0.0	0.00	0.0	0.000	0.254	79.4	95	77.8	86.7	21.65	 .0709	0.000	702	1	100.0	30
05/07/20	6:00 a	77.9	77.9	77.1	100	77.9	0.0	---	0.00	0.0	---	77.9	84.2	84.2	83.6	29.806	0.00	0.00	31	1.33	62	0.0	0.00	0.0	0.000	0.269	79.7	95	78.1	87.4	21.65	 .0709	0.000	699	1	100.0	30
05/07/20	6:30 a	78.6	78.7	77.8	100	78.6	0.0	---	0.00	0.0	---	78.6	85.8	85.8	88.9	29.817	0.00	0.00	83	3.57	104	0.0	0.00	0.0	0.000	0.283	80.5	95	78.9	89.4	21.65	 .0708	0.000	701	1	100.0	30
05/07/20	7:00 a	79.5	79.6	78.6	100	79.5	0.0	---	0.00	0.0	---	79.5	88.2	88.2	91.8	29.820	0.00	0.00	105	4.52	118	0.4	0.09	0.6	0.000	0.302	81.2	95	79.6	91.3	21.65	 .0706	0.002	702	1	100.0	30
05/07/20	7:30 a	81.1	81.3	79.4	100	81.1	0.0	---	0.00	0.0	---	81.1	92.8	92.8	98.5	29.829	0.00	0.00	184	7.91	376	1.1	0.24	1.9	0.000	0.335	82.2	95	80.6	94.6	21.65	 .0704	0.000	701	1	100.0	30
05/07/20	8:00 a	84.4	84.4	81.1	100	84.4	0.0	---	0.00	0.0	---	84.4	104.9	104.9	114.5	29.833	0.00	0.00	362	15.57	446	2.4	0.51	2.7	0.000	0.404	84.3	92	81.7	100.0	21.24	 .0701	0.007	702	1	100.0	30
05/07/20	8:30 a	83.3	84.5	83.2	100	83.3	0.0	---	0.00	0.0	---	83.3	100.4	100.4	106.3	29.837	0.00	0.00	236	10.15	459	2.6	0.56	3.3	0.000	0.381	84.8	90	81.5	100.3	20.07	 .0700	0.000	699	1	100.0	30
05/07/20	9:00 a	84.3	84.3	83.1	100	84.3	0.0	---	0.00	0.0	---	84.3	104.5	104.5	110.9	29.844	0.00	0.00	273	11.74	332	3.2	0.69	3.9	0.000	0.402	85.6	89	82.0	102.5	19.39	 .0699	0.007	700	1	100.0	30
05/07/20	9:30 a	87.7	87.7	84.3	100	87.7	0.0	---	0.00	0.0	---	87.7	127.4	127.4	137.8	29.847	0.00	0.00	490	21.07	875	5.5	1.18	7.8	0.000	0.473	86.7	88	82.7	106.6	18.75	 .0697	0.000	698	1	100.0	30
05/07/20	10:00 a	86.2	88.3	86.2	100	86.2	1.0	SSW	0.50	6.0	W	86.2	114.7	114.7	127.2	29.850	0.00	0.00	667	28.68	1011	6.9	1.48	8.7	0.000	0.442	87.2	85	82.1	106.0	17.52	 .0697	0.015	698	1	100.0	30
05/07/20	10:30 a	86.0	88.6	86.0	100	86.0	2.0	SSW	1.00	6.0	S	86.0	113.2	113.2	125.5	29.838	0.00	0.00	634	27.27	1088	7.0	1.50	8.4	0.000	0.438	87.6	85	82.5	107.3	17.49	 .0696	0.000	700	1	100.0	30
05/07/20	11:00 a	87.0	87.8	86.0	100	87.0	2.0	SSW	1.00	7.0	ESE	87.0	120.5	120.5	132.8	29.840	0.00	0.00	628	27.01	1055	7.8	1.67	10.2	0.000	0.458	88.2	85	83.1	109.6	17.46	 .0695	0.017	700	1	100.0	30
05/07/20	11:30 a	87.7	87.8	86.3	100	87.7	2.0	SSW	1.00	6.0	SSE	87.7	127.4	127.4	139.1	29.840	0.00	0.00	569	24.47	932	8.6	1.84	12.9	0.000	0.473	88.3	84	82.8	109.2	17.12	 .0695	0.000	698	1	100.0	30
05/07/20	12:00 p	87.7	89.1	87.6	100	87.7	2.0	SSW	1.00	7.0	SSW	87.7	127.4	127.4	139.1	29.836	0.00	0.00	998	42.92	1350	11.4	2.44	13.6	0.000	0.473	89.2	82	83.0	112.1	16.38	 .0694	0.022	702	1	100.0	30
05/07/20	12:30 p	88.6	89.6	87.4	100	88.6	2.0	SSW	1.00	7.0	WSW	88.6	138.7	138.7	150.1	29.829	0.00	0.00	984	42.32	1287	10.4	2.23	13.3	0.000	0.492	89.6	82	83.4	114.1	16.37	 .0693	0.000	699	1	100.0	30
05/07/20	1:00 p	86.5	88.5	86.3	100	86.5	1.0	SSW	0.50	4.0	SSW	86.5	116.8	116.8	125.8	29.807	0.00	0.00	413	17.76	615	5.8	1.24	8.0	0.000	0.448	89.2	82	83.0	112.1	16.38	 .0693	0.018	698	1	100.0	30
05/07/20	1:30 p	89.3	89.3	86.4	100	89.3	1.0	S	0.50	4.0	SSW	89.3	150.0	150.0	162.6	29.795	0.00	0.00	651	28.00	983	7.7	1.65	9.9	0.000	0.506	89.1	82	82.9	111.5	16.39	 .0693	0.000	700	1	100.0	30
05/07/20	2:00 p	86.9	89.4	86.7	100	86.9	2.0	S	1.00	7.0	SSE	86.9	119.8	119.8	130.1	29.787	0.00	0.00	477	20.51	807	6.1	1.31	8.7	0.000	0.456	89.0	81	82.4	110.1	15.99	 .0693	0.017	697	1	100.0	30
05/07/20	2:30 p	89.1	89.1	86.4	100	89.1	1.0	S	0.50	6.0	S	89.1	146.1	146.1	158.7	29.771	0.00	0.00	595	25.59	788	5.1	1.09	5.8	0.000	0.502	88.6	81	82.0	108.2	16.01	 .0694	0.000	702	1	100.0	30
05/07/20	3:00 p	88.8	89.4	87.6	100	88.8	2.0	SSE	1.00	6.0	ESE	88.8	141.4	141.4	154.1	29.769	0.00	0.00	619	26.62	788	4.2	0.90	5.3	0.000	0.496	88.7	82	82.5	109.5	16.40	 .0693	0.016	702	1	100.0	30
05/07/20	3:30 p	85.8	88.8	85.8	100	85.8	1.0	E	0.50	7.0	S	85.8	112.1	112.1	120.1	29.777	0.00	0.00	267	11.48	432	2.0	0.43	3.0	0.000	0.433	88.3	82	82.1	107.5	16.42	 .0694	0.000	700	1	100.0	30
05/07/20	4:00 p	84.9	85.9	84.9	100	84.9	1.0	SSE	0.50	5.0	S	84.9	107.2	107.2	113.7	29.767	0.00	0.00	185	7.96	207	1.1	0.24	1.3	0.000	0.415	87.5	84	82.1	106.2	17.15	 .0695	0.006	701	1	100.0	30
05/07/20	4:30 p	84.3	85.2	84.1	100	84.3	1.0	SE	0.50	4.0	NE	84.3	104.5	104.5	109.3	29.768	0.00	0.00	121	5.20	167	0.6	0.13	0.9	0.000	0.402	86.8	85	81.7	104.6	17.54	 .0696	0.000	701	1	100.0	30
05/07/20	5:00 p	83.5	84.6	83.5	100	83.5	0.0	ESE	0.00	4.0	ESE	83.5	101.1	101.1	103.7	29.780	0.00	0.00	63	2.71	84	0.0	0.00	0.0	0.000	0.385	86.1	87	81.8	103.0	18.38	 .0697	0.002	693	1	100.0	30
05/07/20	5:30 p	82.6	83.5	82.5	100	82.6	0.0	ESE	0.00	1.0	ESE	82.6	97.8	97.8	97.4	29.786	0.00	0.00	22	0.95	44	0.0	0.00	0.0	0.000	0.367	85.4	88	81.4	101.2	18.83	 .0699	0.000	702	1	100.0	30
05/07/20	6:00 p	82.0	82.6	81.9	100	82.0	0.0	ESE	0.00	1.0	ESE	82.0	95.7	95.7	94.8	29.788	0.00	0.00	1	0.04	7	0.0	0.00	0.0	0.000	0.354	84.7	89	81.1	99.6	19.48	 .0700	0.000	699	1	100.0	30
05/07/20	6:30 p	81.3	82.0	81.2	100	81.3	0.0	---	0.00	0.0	---	81.3	93.5	93.5	92.5	29.790	0.00	0.00	0	0.00	0	0.0	0.00	0.0	0.000	0.340	84.2	90	80.9	98.6	20.11	 .0701	0.000	698	1	100.0	30
05/07/20	7:00 p	80.9	81.3	80.8	100	80.9	0.0	---	0.00	0.0	---	80.9	92.2	92.2	91.2	29.795	0.00	0.00	0	0.00	0	0.0	0.00	0.0	0.000	0.331	83.8	90	80.6	97.4	20.15	 .0702	0.000	703	1	100.0	30
05/07/20	7:30 p	80.8	80.9	80.7	100	80.8	0.0	---	0.00	0.0	---	80.8	91.9	91.9	90.9	29.800	0.00	0.00	0	0.00	0	0.0	0.00	0.0	0.000	0.329	83.4	91	80.5	96.6	20.78	 .0702	0.000	699	1	100.0	30
05/07/20	8:00 p	80.7	81.0	80.7	100	80.7	0.0	---	0.00	0.0	---	80.7	91.6	91.6	90.6	29.801	0.00	0.00	0	0.00	0	0.0	0.00	0.0	0.000	0.327	83.4	91	80.5	96.6	20.78	 .0702	0.000	702	1	100.0	30
05/07/20	8:30 p	80.9	80.9	80.7	100	80.9	0.0	---	0.00	0.0	---	80.9	92.2	92.2	91.2	29.809	0.00	0.00	0	0.00	0	0.0	0.00	0.0	0.000	0.331	83.3	92	80.7	96.8	21.22	 .0702	0.000	701	1	100.0	30
05/07/20	9:00 p	80.6	80.9	80.5	100	80.6	0.0	---	0.00	0.0	---	80.6	91.3	91.3	90.3	29.811	0.00	0.00	0	0.00	0	0.0	0.00	0.0	0.000	0.325	83.1	92	80.5	96.1	21.21	 .0703	0.000	702	1	100.0	30
05/07/20	9:30 p	80.1	80.6	80.0	100	80.1	0.0	---	0.00	0.0	---	80.1	89.9	89.9	88.9	29.813	0.00	0.00	0	0.00	0	0.0	0.00	0.0	0.000	0.315	82.7	92	80.1	94.9	21.20	 .0704	0.000	699	1	100.0	30
05/07/20	10:00 p	79.6	80.1	79.6	100	79.6	0.0	---	0.00	0.0	---	79.6	88.5	88.5	87.4	29.819	0.00	0.00	0	0.00	0	0.0	0.00	0.0	0.000	0.304	82.2	92	79.6	93.4	21.19	 .0705	0.000	700	1	100.0	30
05/07/20	10:30 p	79.3	79.6	79.2	100	79.3	0.0	---	0.00	0.0	---	79.3	87.6	87.6	86.5	29.823	0.00	0.00	0	0.00	0	0.0	0.00	0.0	0.000	0.298	81.8	93	79.6	92.6	21.29	 .0706	0.000	702	1	100.0	30
05/07/20	11:00 p	78.9	79.3	78.9	100	78.9	0.0	---	0.00	0.0	---	78.9	86.6	86.6	85.4	29.832	0.00	0.00	0	0.00	0	0.0	0.00	0.0	0.000	0.290	81.5	93	79.3	91.6	21.28	 .0706	0.000	700	1	100.0	30
05/07/20	11:30 p	78.8	78.9	78.7	100	78.8	0.0	---	0.00	0.0	---	78.8	86.3	86.3	85.1	29.829	0.00	0.00	0	0.00	0	0.0	0.00	0.0	0.000	0.288	81.3	93	79.1	91.0	21.28	 .0707	0.000	701	1	100.0	30
05/08/20	12:00 a	78.7	78.9	78.7	100	78.7	0.0	---	0.00	0.0	---	78.7	86.1	86.1	84.9	29.811	0.00	0.00	0	0.00	0	0.0	0.00	0.0	0.000	0.285	81.2	93	79.0	90.7	21.27	 .0707	0.000	701	1	100.0	30
05/08/20	12:30 a	78.4	78.8	78.3	100	78.4	0.0	---	0.00	0.0	---	78.4	85.4	85.4	84.2	29.803	0.00	0.00	0	0.00	0	0.0	0.00	0.0	0.000	0.279	80.9	94	79.0	90.1	21.37	 .0707	0.000	698	1	100.0	30
05/08/20	1:00 a	78.5	78.6	78.3	100	78.5	0.0	---	0.00	0.0	---	78.5	85.6	85.6	84.4	29.788	0.00	0.00	0	0.00	0	0.0	0.00	0.0	0.000	0.281	80.9	94	79.0	90.1	21.37	 .0706	0.000	701	1	100.0	30
05/08/20	1:30 a	78.7	78.7	78.4	100	78.7	0.0	---	0.00	0.0	---	78.7	86.1	86.1	84.9	29.777	0.00	0.00	0	0.00	0	0.0	0.00	0.0	0.000	0.285	80.9	94	79.0	90.1	21.37	 .0706	0.000	700	1	100.0	30
05/08/20	2:00 a	78.8	78.8	78.6	100	78.8	0.0	---	0.00	0.0	---	78.8	86.3	86.3	85.1	29.777	0.00	0.00	0	0.00	0	0.0	0.00	0.0	0.000	0.288	80.8	94	78.9	89.9	21.37	 .0706	0.000	696	1	100.0	30
05/08/20	2:30 a	78.8	79.0	78.7	100	78.8	0.0	---	0.00	0.0	---	78.8	86.3	86.3	85.1	29.768	0.00	0.00	0	0.00	0	0.0	0.00	0.0	0.000	0.288	80.8	95	79.2	90.2	21.65	 .0706	0.000	701	1	100.0	30
05/08/20	3:00 a	78.6	78.9	78.6	100	78.6	0.0	---	0.00	0.0	---	78.6	85.8	85.8	84.6	29.772	0.00	0.00	0	0.00	0	0.0	0.00	0.0	0.000	0.283	80.6	95	79.0	89.7	21.65	 .0706	0.000	699	1	100.0	30
05/08/20	3:30 a	78.2	78.6	78.1	100	78.2	0.0	---	0.00	0.0	---	78.2	84.9	84.9	83.7	29.767	0.00	0.00	0	0.00	0	0.0	0.00	0.0	0.000	0.275	80.4	95	78.8	89.1	21.65	 .0707	0.000	701	1	100.0	30
05/08/20	4:00 a	78.0	78.2	78.0	100	78.0	0.0	---	0.00	0.0	---	78.0	84.4	84.4	83.2	29.778	0.00	0.00	0	0.00	0	0.0	0.00	0.0	0.000	0.271	80.3	95	78.7	88.9	21.65	 .0707	0.000	701	1	100.0	30
05/08/20	4:30 a	77.8	78.1	77.7	100	77.8	0.0	---	0.00	0.0	---	77.8	84.0	84.0	82.8	29.782	0.00	0.00	0	0.00	0	0.0	0.00	0.0	0.000	0.267	80.2	95	78.6	88.6	21.65	 .0707	0.000	703	1	100.0	30
05/08/20	5:00 a	77.5	77.8	77.5	100	77.5	0.0	---	0.00	0.0	---	77.5	83.3	83.3	82.1	29.789	0.00	0.00	0	0.00	0	0.0	0.00	0.0	0.000	0.260	79.9	95	78.3	87.9	21.65	 .0708	0.000	702	1	100.0	30
05/08/20	5:30 a	77.5	77.6	77.3	100	77.5	0.0	---	0.00	0.0	---	77.5	83.3	83.3	82.1	29.788	0.00	0.00	0	0.00	5	0.0	0.00	0.0	0.000	0.260	79.6	95	78.0	87.2	21.65	 .0709	0.000	703	1	100.0	30
05/08/20	6:00 a	78.0	78.1	77.4	100	78.0	0.0	---	0.00	0.0	---	78.0	84.4	84.4	83.8	29.790	0.00	0.00	25	1.08	42	0.0	0.00	0.0	0.000	0.271	80.0	95	78.4	88.1	21.65	 .0708	0.000	700	1	100.0	30
05/08/20	6:30 a	78.7	78.7	78.0	100	78.7	0.0	---	0.00	0.0	---	78.7	86.1	86.1	88.6	29.808	0.00	0.00	67	2.88	97	0.0	0.00	0.0	0.000	0.285	80.7	95	79.1	89.9	21.65	 .0707	0.000	697	1	100.0	30
05/08/20	7:00 a	80.2	80.2	78.7	100	80.2	0.0	---	0.00	0.0	---	80.2	90.2	90.2	95.0	29.814	0.00	0.00	138	5.93	225	0.6	0.13	0.9	0.000	0.317	81.8	95	80.2	93.3	21.65	 .0705	0.003	700	1	100.0	30
05/08/20	7:30 a	83.2	83.2	80.1	100	83.2	0.0	---	0.00	0.0	---	83.2	100.0	100.0	107.9	29.815	0.00	0.00	256	11.01	373	1.4	0.30	1.8	0.000	0.379	83.6	93	81.4	98.2	21.32	 .0702	0.000	699	1	100.0	30
05/08/20	8:00 a	83.7	84.1	82.7	100	83.7	0.0	---	0.00	0.0	---	83.7	101.9	101.9	108.6	29.850	0.00	0.00	240	10.32	338	1.5	0.32	2.0	0.000	0.390	84.3	92	81.7	100.0	21.24	 .0701	0.006	701	1	100.0	30
05/08/20	8:30 a	82.8	83.8	82.8	100	82.8	1.0	SE	0.50	7.0	SE	82.8	98.5	98.5	102.3	29.860	0.00	0.00	155	6.67	236	1.4	0.30	2.0	0.000	0.371	84.1	92	81.5	99.3	21.23	 .0702	0.000	702	1	100.0	30
05/08/20	9:00 a	81.7	82.9	81.7	100	81.7	1.0	E	0.50	7.0	SE	81.7	94.7	94.7	95.5	29.874	0.02	0.13	56	2.41	86	0.4	0.09	1.0	0.000	0.348	83.4	93	81.2	97.6	21.32	 .0703	0.003	702	1	100.0	30
05/08/20	9:30 a	80.9	81.7	80.9	100	80.9	0.0	E	0.00	2.0	E	80.9	92.2	92.2	94.2	29.857	0.28	3.18	106	4.56	262	1.3	0.28	3.1	0.000	0.331	83.2	94	81.3	97.4	21.41	 .0703	0.000	697	1	100.0	30
05/08/20	10:00 a	81.9	82.1	80.7	100	81.9	0.0	NW	0.00	2.0	N	81.9	95.4	95.4	100.9	29.874	0.03	0.72	248	10.67	309	3.0	0.64	3.8	0.000	0.352	83.6	94	81.7	98.7	21.42	 .0703	0.004	700	1	100.0	30
05/08/20	10:30 a	81.2	82.2	81.1	100	81.2	0.0	SSE	0.00	2.0	SSE	81.2	93.1	93.1	95.3	29.860	0.00	0.00	116	4.99	162	1.4	0.30	2.1	0.000	0.337	83.3	94	81.4	97.8	21.42	 .0703	0.000	700	1	100.0	30
05/08/20	11:00 a	81.2	81.4	81.0	100	81.2	0.0	SSE	0.00	1.0	SSE	81.2	93.1	93.1	94.2	29.848	0.00	0.00	69	2.97	81	0.9	0.19	1.1	0.000	0.337	83.0	95	81.4	97.3	21.65	 .0703	0.002	700	1	100.0	30
05/08/20	11:30 a	81.1	81.7	81.1	100	81.1	0.0	SSE	0.00	4.0	SSE	81.1	92.8	92.8	95.2	29.831	0.00	0.00	121	5.20	192	1.6	0.34	2.7	0.000	0.335	83.4	95	81.8	98.6	21.65	 .0702	0.000	700	1	100.0	30
05/08/20	12:00 p	80.8	81.4	80.6	100	80.8	1.0	E	0.50	3.0	S	80.8	91.9	91.9	94.4	29.835	0.00	0.00	126	5.42	176	1.7	0.36	2.3	0.000	0.329	83.2	94	81.3	97.4	21.41	 .0703	0.003	698	1	100.0	30
05/08/20	12:30 p	81.6	81.7	80.7	100	81.6	0.0	S	0.00	3.0	SSW	81.6	94.4	94.4	98.0	29.833	0.00	0.00	171	7.35	221	2.2	0.47	2.8	0.000	0.346	83.7	94	81.8	99.0	21.42	 .0702	0.000	702	1	100.0	30
05/08/20	1:00 p	81.3	81.7	81.0	100	81.3	0.0	---	0.00	0.0	---	81.3	93.5	93.5	96.0	29.821	0.00	0.00	127	5.46	156	1.6	0.34	2.0	0.000	0.340	83.7	94	81.8	99.0	21.42	 .0701	0.004	701	1	100.0	30
05/08/20	1:30 p	81.7	81.9	80.9	100	81.7	1.0	ESE	0.50	3.0	SSW	81.7	94.7	94.7	98.8	29.818	0.00	0.00	191	8.21	236	2.3	0.49	2.9	0.000	0.348	84.0	92	81.4	99.0	21.23	 .0701	0.000	701	1	100.0	30
05/08/20	2:00 p	81.3	81.8	81.1	100	81.3	0.0	S	0.00	3.0	S	81.3	93.5	93.5	95.8	29.803	0.00	0.00	115	4.95	146	1.3	0.28	1.7	0.000	0.340	83.9	93	81.7	99.2	21.33	 .0701	0.004	699	1	100.0	30
05/08/20	2:30 p	80.7	81.7	80.7	100	80.7	0.0	SE	0.00	2.0	SE	80.7	91.6	91.6	93.1	29.801	0.02	0.04	79	3.40	114	0.9	0.19	1.2	0.000	0.327	83.3	94	81.4	97.8	21.42	 .0702	0.000	703	1	100.0	30
05/08/20	3:00 p	81.1	81.3	80.7	100	81.1	0.0	SE	0.00	1.0	SE	81.1	92.8	92.8	96.6	29.797	0.01	0.05	147	6.32	171	1.4	0.30	1.5	0.000	0.335	83.6	94	81.7	98.7	21.42	 .0701	0.003	699	1	100.0	30
05/08/20	3:30 p	81.2	81.4	80.7	100	81.2	0.0	SE	0.00	2.0	SE	81.2	93.1	93.1	98.6	29.794	0.00	0.00	186	8.00	195	1.5	0.32	1.6	0.000	0.337	84.1	93	81.9	99.8	21.33	 .0700	0.000	701	1	100.0	30
05/08/20	4:00 p	81.4	81.5	80.9	100	81.4	0.0	SE	0.00	2.0	SE	81.4	93.8	93.8	98.6	29.789	0.00	0.00	144	6.19	176	0.9	0.19	1.3	0.000	0.342	83.9	93	81.7	99.2	21.33	 .0700	0.004	698	1	100.0	30
05/08/20	4:30 p	81.1	81.7	80.8	100	81.1	0.0	SE	0.00	1.0	SE	81.1	92.8	92.8	96.5	29.791	0.00	0.00	97	4.17	125	0.3	0.06	0.7	0.000	0.335	83.6	93	81.4	98.2	21.32	 .0701	0.000	698	1	100.0	30
05/08/20	5:00 p	80.8	81.3	80.7	100	80.8	0.0	SE	0.00	1.0	SE	80.8	91.9	91.9	93.5	29.791	0.00	0.00	43	1.85	62	0.0	0.00	0.0	0.000	0.329	83.0	94	81.1	96.8	21.41	 .0702	0.002	699	1	100.0	30
05/08/20	5:30 p	80.0	80.8	79.9	100	80.0	0.0	SE	0.00	1.0	SE	80.0	89.6	89.6	89.1	29.789	0.00	0.00	19	0.82	30	0.0	0.00	0.0	0.000	0.313	82.3	94	80.4	94.5	21.40	 .0703	0.000	698	1	100.0	30
05/08/20	6:00 p	79.3	80.1	79.3	100	79.3	0.0	SE	0.00	1.0	SE	79.3	87.6	87.6	86.6	29.799	0.00	0.00	1	0.04	7	0.0	0.00	0.0	0.000	0.298	81.7	94	79.8	92.6	21.38	 .0705	0.000	699	1	100.0	30
05/08/20	6:30 p	79.1	79.4	79.1	100	79.1	0.0	SE	0.00	1.0	SE	79.1	87.1	87.1	86.1	29.817	0.00	0.00	0	0.00	0	0.0	0.00	0.0	0.000	0.294	81.3	95	79.7	91.7	21.65	 .0706	0.000	701	1	100.0	30
05/08/20	7:00 p	78.6	79.1	78.6	100	78.6	0.0	SE	0.00	1.0	SE	78.6	85.8	85.8	84.7	29.812	0.00	0.00	0	0.00	0	0.0	0.00	0.0	0.000	0.283	81.0	95	79.4	90.7	21.65	 .0707	0.000	699	1	100.0	30
05/08/20	7:30 p	78.5	78.8	78.4	100	78.5	0.0	---	0.00	0.0	---	78.5	85.6	85.6	84.5	29.817	0.00	0.00	0	0.00	0	0.0	0.00	0.0	0.000	0.281	80.7	95	79.1	89.9	21.65	 .0707	0.000	699	1	100.0	30
05/08/20	8:00 p	78.4	78.6	78.4	100	78.4	0.0	---	0.00	0.0	---	78.4	85.4	85.4	84.3	29.821	0.00	0.00	0	0.00	0	0.0	0.00	0.0	0.000	0.279	80.5	95	78.9	89.4	21.65	 .0708	0.000	701	1	100.0	30
05/08/20	8:30 p	78.3	78.5	78.3	100	78.3	0.0	---	0.00	0.0	---	78.3	85.1	85.1	84.0	29.818	0.00	0.00	0	0.00	0	0.0	0.00	0.0	0.000	0.277	80.3	95	78.7	88.9	21.65	 .0708	0.000	701	1	100.0	30
05/08/20	9:00 p	77.9	78.4	77.9	100	77.9	0.0	---	0.00	0.0	---	77.9	84.2	84.2	83.1	29.816	0.00	0.00	0	0.00	0	0.0	0.00	0.0	0.000	0.269	80.1	95	78.5	88.4	21.65	 .0709	0.000	700	1	100.0	30
05/08/20	9:30 p	77.7	77.9	77.7	100	77.7	0.0	---	0.00	0.0	---	77.7	83.7	83.7	82.6	29.823	0.00	0.00	0	0.00	0	0.0	0.00	0.0	0.000	0.265	79.8	95	78.2	87.6	21.65	 .0709	0.000	701	1	100.0	30
05/08/20	10:00 p	77.7	77.7	77.6	100	77.7	0.0	---	0.00	0.0	---	77.7	83.7	83.7	82.6	29.827	0.00	0.00	0	0.00	0	0.0	0.00	0.0	0.000	0.265	79.6	96	78.4	87.4	21.75	 .0710	0.000	700	1	100.0	30
05/08/20	10:30 p	77.5	77.7	77.4	100	77.5	0.0	---	0.00	0.0	---	77.5	83.3	83.3	82.2	29.841	0.00	0.00	0	0.00	0	0.0	0.00	0.0	0.000	0.260	79.5	96	78.3	87.2	21.75	 .0710	0.000	700	1	100.0	30
05/08/20	11:00 p	77.6	77.7	77.4	100	77.6	0.0	---	0.00	0.0	---	77.6	83.5	83.5	82.4	29.850	0.00	0.00	0	0.00	0	0.0	0.00	0.0	0.000	0.262	79.5	96	78.3	87.2	21.75	 .0710	0.000	702	1	100.0	30
05/08/20	11:30 p	77.8	77.9	77.6	100	77.8	0.0	---	0.00	0.0	---	77.8	84.0	84.0	82.9	29.849	0.00	0.00	0	0.00	0	0.0	0.00	0.0	0.000	0.267	79.5	96	78.3	87.2	21.75	 .0710	0.000	701	1	100.0	30
05/09/20	12:00 a	77.7	77.8	77.6	100	77.7	0.0	---	0.00	0.0	---	77.7	83.7	83.7	82.6	29.838	0.00	0.00	0	0.00	0	0.0	0.00	0.0	0.000	0.265	79.5	96	78.3	87.2	21.75	 .0710	0.000	699	1	100.0	30
05/09/20	12:30 a	77.8	77.9	77.6	100	77.8	0.0	---	0.00	0.0	---	77.8	84.0	84.0	82.9	29.835	0.00	0.00	0	0.00	0	0.0	0.00	0.0	0.000	0.267	79.4	96	78.2	87.0	21.75	 .0710	0.000	655	1	95.8	30
05/09/20	1:00 a	77.8	78.0	77.8	100	77.8	0.0	---	0.00	0.0	---	77.8	84.0	84.0	82.9	29.828	0.00	0.00	0	0.00	0	0.0	0.00	0.0	0.000	0.267	79.5	96	78.3	87.2	21.75	 .0710	0.000	698	1	100.0	30
05/09/20	1:30 a	77.8	77.9	77.7	100	77.8	0.0	---	0.00	0.0	---	77.8	84.0	84.0	82.9	29.814	0.00	0.00	0	0.00	0	0.0	0.00	0.0	0.000	0.267	79.4	97	78.5	87.2	21.75	 .0709	0.000	703	1	100.0	30
05/09/20	2:00 a	77.5	77.9	77.5	100	77.5	0.0	---	0.00	0.0	---	77.5	83.3	83.3	82.2	29.807	0.00	0.00	0	0.00	0	0.0	0.00	0.0	0.000	0.260	79.2	96	78.0	86.5	21.75	 .0710	0.000	701	1	100.0	30
05/09/20	2:30 a	77.4	77.5	77.4	100	77.4	0.0	---	0.00	0.0	---	77.4	83.1	83.1	82.0	29.799	0.00	0.00	0	0.00	0	0.0	0.00	0.0	0.000	0.258	79.0	97	78.1	86.2	21.75	 .0710	0.000	702	1	100.0	30
05/09/20	3:00 a	77.3	77.5	77.3	100	77.3	0.0	---	0.00	0.0	---	77.3	82.9	82.9	81.8	29.797	0.00	0.00	0	0.00	0	0.0	0.00	0.0	0.000	0.256	78.9	97	78.0	86.0	21.75	 .0710	0.000	700	1	100.0	30
05/09/20	3:30 a	77.1	77.4	77.1	100	77.1	0.0	---	0.00	0.0	---	77.1	82.4	82.4	81.3	29.798	0.00	0.00	0	0.00	0	0.0	0.00	0.0	0.000	0.252	78.8	97	77.9	85.7	21.75	 .0710	0.000	701	1	100.0	30
05/09/20	4:00 a	77.1	77.1	76.9	100	77.1	0.0	---	0.00	0.0	---	77.1	82.4	82.4	81.3	29.794	0.00	0.00	0	0.00	0	0.0	0.00	0.0	0.000	0.252	78.6	97	77.7	85.2	21.75	 .0711	0.000	695	1	100.0	30
05/09/20	4:30 a	77.1	77.1	76.9	100	77.1	0.0	---	0.00	0.0	---	77.1	82.4	82.4	81.3	29.802	0.00	0.00	0	0.00	0	0.0	0.00	0.0	0.000	0.252	78.5	97	77.6	85.0	21.75	 .0711	0.000	698	1	100.0	30
05/09/20	5:00 a	76.9	77.1	76.8	100	76.9	0.0	---	0.00	0.0	---	76.9	82.0	82.0	80.8	29.813	0.00	0.00	0	0.00	0	0.0	0.00	0.0	0.000	0.248	78.3	97	77.4	84.5	21.75	 .0712	0.000	699	1	100.0	30
05/09/20	5:30 a	76.9	77.0	76.8	100	76.9	0.0	---	0.00	0.0	---	76.9	82.0	82.0	80.9	29.819	0.00	0.00	2	0.09	11	0.0	0.00	0.0	0.000	0.248	78.3	97	77.4	84.5	21.75	 .0712	0.000	699	1	100.0	30
05/09/20	6:00 a	77.3	77.3	76.9	100	77.3	0.0	---	0.00	0.0	---	77.3	82.9	82.9	82.1	29.824	0.00	0.00	16	0.69	30	0.0	0.00	0.0	0.000	0.256	78.5	97	77.6	85.0	21.75	 .0712	0.000	698	1	100.0	30
05/09/20	6:30 a	77.9	77.9	77.2	100	77.9	0.0	---	0.00	0.0	---	77.9	84.2	84.2	85.2	29.835	0.00	0.00	35	1.51	42	0.0	0.00	0.0	0.000	0.269	79.1	98	78.5	86.7	21.85	 .0710	0.000	699	1	100.0	30
05/09/20	7:00 a	79.0	79.0	77.8	100	79.0	0.0	---	0.00	0.0	---	79.0	86.8	86.8	90.5	29.859	0.00	0.00	108	4.64	160	0.6	0.13	1.0	0.000	0.292	80.4	97	79.5	89.8	21.75	 .0708	0.002	702	1	100.0	30
05/09/20	7:30 a	79.7	79.8	79.0	100	79.7	0.0	---	0.00	0.0	---	79.7	88.8	88.8	94.2	29.863	0.00	0.00	174	7.48	221	1.2	0.26	1.6	0.000	0.306	81.5	96	80.2	92.7	21.75	 .0706	0.000	700	1	100.0	30
05/09/20	8:00 a	80.4	80.5	79.7	100	80.4	0.0	---	0.00	0.0	---	80.4	90.8	90.8	95.5	29.850	0.00	0.00	174	7.48	202	1.6	0.34	1.8	0.000	0.321	82.0	97	81.1	94.6	21.75	 .0705	0.004	701	1	100.0	30
05/09/20	8:30 a	80.9	81.5	80.4	100	80.9	0.0	---	0.00	0.0	---	80.9	92.2	92.2	98.5	29.860	0.00	0.00	257	11.05	366	2.5	0.54	3.5	0.000	0.331	82.5	96	81.2	96.0	21.75	 .0704	0.000	701	1	100.0	30
05/09/20	9:00 a	83.9	83.9	80.5	100	83.9	0.0	SSW	0.00	4.0	S	83.9	102.7	102.7	113.7	29.859	0.00	0.00	521	22.41	872	4.8	1.03	6.7	0.000	0.394	83.8	94	81.9	99.4	21.43	 .0702	0.010	703	1	100.0	30
05/09/20	9:30 a	85.4	85.4	83.9	100	85.4	1.0	SSE	0.50	5.0	SSE	85.4	109.8	109.8	119.2	29.866	0.00	0.00	434	18.66	882	5.7	1.22	8.0	0.000	0.425	84.6	93	82.4	101.5	21.34	 .0701	0.000	697	1	100.0	30
05/09/20	10:00 a	84.8	85.5	84.3	100	84.8	1.0	SSW	0.50	5.0	SSE	84.8	106.7	106.7	114.5	29.869	0.00	0.00	356	15.31	550	5.4	1.16	7.7	0.000	0.413	85.5	91	82.6	103.4	20.64	 .0699	0.011	702	1	100.0	30
05/09/20	10:30 a	85.5	85.9	84.6	100	85.5	2.0	SSE	1.00	7.0	SSE	85.5	110.4	110.4	120.7	29.870	0.00	0.00	491	21.12	754	6.5	1.39	9.3	0.000	0.427	86.6	89	83.0	106.9	19.29	 .0698	0.000	699	1	100.0	30
05/09/20	11:00 a	86.4	86.7	85.6	100	86.4	1.0	SE	0.50	5.0	SSE	86.4	116.1	116.1	128.5	29.850	0.00	0.00	641	27.57	1078	8.4	1.80	10.8	0.000	0.446	87.2	88	83.2	108.8	18.72	 .0696	0.016	702	1	100.0	30
05/09/20	11:30 a	87.2	87.4	86.2	100	87.2	2.0	S	1.00	9.0	SE	87.2	122.5	122.5	135.8	29.842	0.00	0.00	747	32.13	1336	9.9	2.12	13.9	0.000	0.462	87.9	86	83.2	109.3	17.88	 .0695	0.000	701	1	100.0	30
05/09/20	12:00 p	87.3	88.8	87.2	100	87.3	2.0	ESE	1.00	8.0	S	87.3	123.5	123.5	137.1	29.832	0.00	0.00	859	36.94	1171	10.4	2.23	12.8	0.000	0.465	88.3	86	83.6	111.3	17.85	 .0694	0.022	699	1	100.0	30
05/09/20	12:30 p	87.9	88.0	85.9	100	87.9	2.0	SE	1.00	7.0	WSW	87.9	129.4	129.4	142.0	29.811	0.00	0.00	653	28.08	962	8.3	1.78	10.4	0.000	0.477	88.4	86	83.7	111.9	17.85	 .0693	0.000	699	1	100.0	30
05/09/20	1:00 p	86.6	87.8	86.4	100	86.6	2.0	ESE	1.00	6.0	S	86.6	117.6	117.6	128.6	29.806	0.00	0.00	541	23.27	696	6.7	1.44	7.7	0.000	0.450	88.4	85	83.3	110.6	17.45	 .0694	0.016	698	1	100.0	30
05/09/20	1:30 p	87.0	87.4	86.2	100	87.0	1.0	SE	0.50	5.0	S	87.0	120.5	120.5	130.9	29.793	0.00	0.00	495	21.29	642	5.7	1.22	6.8	0.000	0.458	88.6	86	83.9	113.0	17.83	 .0692	0.000	700	1	100.0	30
05/09/20	2:00 p	86.2	87.1	85.8	100	86.2	2.0	SE	1.00	8.0	SE	86.2	114.7	114.7	124.9	29.783	0.00	0.00	472	20.30	659	4.9	1.05	6.2	0.000	0.442	88.4	86	83.7	111.9	17.85	 .0693	0.013	699	1	100.0	30
05/09/20	2:30 p	84.7	86.2	84.7	100	84.7	2.0	SE	1.00	7.0	SE	84.7	106.2	106.2	112.6	29.775	0.00	0.00	260	11.18	457	2.7	0.58	4.2	0.000	0.410	87.7	87	83.3	109.7	18.29	 .0694	0.000	699	1	100.0	30
05/09/20	3:00 p	84.4	84.9	84.3	100	84.4	1.0	SSE	0.50	6.0	SSE	84.4	104.9	104.9	110.1	29.765	0.00	0.00	190	8.17	237	1.8	0.39	2.4	0.000	0.404	86.9	87	82.6	106.7	18.34	 .0695	0.006	699	1	100.0	30
05/09/20	3:30 p	84.4	84.8	84.1	100	84.4	1.0	ESE	0.50	6.0	E	84.4	104.9	104.9	110.3	29.765	0.00	0.00	177	7.61	204	1.3	0.28	1.7	0.000	0.404	86.7	88	82.7	106.6	18.75	 .0695	0.000	701	1	100.0	30
05/09/20	4:00 p	85.0	85.0	84.1	100	85.0	1.0	E	0.50	6.0	NE	85.0	107.6	107.6	115.1	29.759	0.00	0.00	218	9.38	278	1.1	0.24	1.3	0.000	0.417	86.5	88	82.5	105.6	18.76	 .0696	0.005	698	1	100.0	30
05/09/20	4:30 p	84.0	85.1	84.0	100	84.0	1.0	NE	0.50	7.0	SE	84.0	103.1	103.1	108.8	29.752	0.00	0.00	142	6.11	255	0.6	0.13	0.9	0.000	0.396	86.0	89	82.4	103.8	19.35	 .0696	0.000	702	1	100.0	30
05/09/20	5:00 p	83.2	84.2	83.2	100	83.2	1.0	ESE	0.50	4.0	NNE	83.2	100.0	100.0	102.9	29.757	0.00	0.00	70	3.01	98	0.0	0.00	0.0	0.000	0.379	85.5	89	81.9	102.1	19.40	 .0697	0.003	700	1	100.0	30
05/09/20	5:30 p	82.6	83.3	82.5	100	82.6	0.0	ESE	0.00	2.0	ESE	82.6	97.8	97.8	97.5	29.763	0.00	0.00	28	1.20	49	0.0	0.00	0.0	0.000	0.367	85.2	90	81.9	101.6	20.04	 .0698	0.000	700	1	100.0	30
05/09/20	6:00 p	82.1	82.6	82.0	100	82.1	0.0	ENE	0.00	4.0	NNW	82.1	96.0	96.0	95.1	29.774	0.00	0.00	1	0.04	7	0.0	0.00	0.0	0.000	0.356	84.6	91	81.7	100.3	20.68	 .0699	0.000	699	1	100.0	30
05/09/20	6:30 p	81.8	82.2	81.6	100	81.8	0.0	ENE	0.00	4.0	NE	81.8	95.1	95.1	94.1	29.789	0.00	0.00	0	0.00	0	0.0	0.00	0.0	0.000	0.350	84.2	92	81.6	99.6	21.23	 .0700	0.000	701	1	100.0	30
05/09/20	7:00 p	81.5	81.8	81.5	100	81.5	0.0	NE	0.00	1.0	NE	81.5	94.1	94.1	93.1	29.801	0.00	0.00	0	0.00	0	0.0	0.00	0.0	0.000	0.344	83.9	92	81.3	98.7	21.23	 .0701	0.000	700	1	100.0	30
05/09/20	7:30 p	81.2	81.6	81.1	100	81.2	0.0	NE	0.00	1.0	NE	81.2	93.1	93.1	92.1	29.806	0.00	0.00	0	0.00	0	0.0	0.00	0.0	0.000	0.337	83.6	92	81.0	97.7	21.22	 .0702	0.000	700	1	100.0	30
05/09/20	8:00 p	80.9	81.2	80.9	100	80.9	0.0	---	0.00	0.0	---	80.9	92.2	92.2	91.1	29.813	0.00	0.00	0	0.00	0	0.0	0.00	0.0	0.000	0.331	83.3	93	81.1	97.3	21.32	 .0702	0.000	703	1	100.0	30
05/09/20	8:30 p	80.9	81.0	80.7	100	80.9	0.0	---	0.00	0.0	---	80.9	92.2	92.2	91.1	29.827	0.00	0.00	0	0.00	0	0.0	0.00	0.0	0.000	0.331	83.1	93	80.9	96.6	21.31	 .0703	0.000	699	1	100.0	30
05/09/20	9:00 p	80.9	81.0	80.7	100	80.9	0.0	---	0.00	0.0	---	80.9	92.2	92.2	91.1	29.838	0.00	0.00	0	0.00	0	0.0	0.00	0.0	0.000	0.331	82.9	94	81.0	96.5	21.41	 .0703	0.000	701	1	100.0	30
05/09/20	9:30 p	80.3	80.8	80.3	100	80.3	0.0	---	0.00	0.0	---	80.3	90.5	90.5	89.4	29.846	0.00	0.00	0	0.00	0	0.0	0.00	0.0	0.000	0.319	82.7	94	80.8	95.8	21.40	 .0704	0.000	700	1	100.0	30
05/09/20	10:00 p	80.4	80.6	80.3	100	80.4	0.0	---	0.00	0.0	---	80.4	90.8	90.8	89.7	29.852	0.00	0.00	0	0.00	0	0.0	0.00	0.0	0.000	0.321	82.5	94	80.6	95.2	21.40	 .0705	0.000	698	1	100.0	30
05/09/20	10:30 p	80.0	80.5	80.0	100	80.0	0.0	---	0.00	0.0	---	80.0	89.6	89.6	88.5	29.845	0.00	0.00	0	0.00	0	0.0	0.00	0.0	0.000	0.313	82.2	94	80.3	94.2	21.39	 .0705	0.000	699	1	100.0	30
05/09/20	11:00 p	79.8	80.2	79.8	100	79.8	0.0	---	0.00	0.0	---	79.8	89.0	89.0	87.9	29.837	0.00	0.00	0	0.00	0	0.0	0.00	0.0	0.000	0.308	82.0	95	80.4	93.9	21.65	 .0705	0.000	699	1	100.0	30
05/09/20	11:30 p	79.7	79.9	79.7	100	79.7	0.0	---	0.00	0.0	---	79.7	88.8	88.8	87.7	29.832	0.00	0.00	0	0.00	0	0.0	0.00	0.0	0.000	0.306	81.7	95	80.1	92.9	21.65	 .0706	0.000	702	1	100.0	30
05/10/20	12:00 a	79.6	79.7	79.4	100	79.6	0.0	---	0.00	0.0	---	79.6	88.5	88.5	87.4	29.834	0.00	0.00	0	0.00	0	0.0	0.00	0.0	0.000	0.304	81.5	95	79.9	92.3	21.65	 .0706	0.000	701	1	100.0	30
05/10/20	12:30 a	79.5	79.6	79.5	100	79.5	0.0	---	0.00	0.0	---	79.5	88.2	88.2	87.1	29.823	0.00	0.00	0	0.00	0	0.0	0.00	0.0	0.000	0.302	81.4	95	79.8	92.0	21.65	 .0706	0.000	699	1	100.0	30
05/10/20	1:00 a	79.4	79.6	79.4	100	79.4	0.0	---	0.00	0.0	---	79.4	87.9	87.9	86.8	29.810	0.00	0.00	0	0.00	0	0.0	0.00	0.0	0.000	0.300	81.4	95	79.8	92.0	21.65	 .0706	0.000	697	1	100.0	30
05/10/20	1:30 a	79.4	79.5	79.4	100	79.4	0.0	---	0.00	0.0	---	79.4	87.9	87.9	86.8	29.812	0.00	0.00	0	0.00	0	0.0	0.00	0.0	0.000	0.300	81.3	95	79.7	91.7	21.65	 .0706	0.000	700	1	100.0	30
05/10/20	2:00 a	79.5	79.5	79.4	100	79.5	0.0	---	0.00	0.0	---	79.5	88.2	88.2	87.1	29.814	0.00	0.00	0	0.00	0	0.0	0.00	0.0	0.000	0.302	81.3	96	80.0	92.0	21.75	 .0706	0.000	699	1	100.0	30
05/10/20	2:30 a	79.4	79.5	79.4	100	79.4	0.0	---	0.00	0.0	---	79.4	87.9	87.9	86.8	29.808	0.00	0.00	0	0.00	0	0.0	0.00	0.0	0.000	0.300	81.3	96	80.0	92.0	21.75	 .0706	0.000	700	1	100.0	30
05/10/20	3:00 a	79.5	79.6	79.4	100	79.5	0.0	---	0.00	0.0	---	79.5	88.2	88.2	87.1	29.806	0.00	0.00	0	0.00	0	0.0	0.00	0.0	0.000	0.302	81.2	96	80.0	91.7	21.75	 .0706	0.000	699	1	100.0	30
05/10/20	3:30 a	79.3	79.5	79.3	100	79.3	0.0	---	0.00	0.0	---	79.3	87.6	87.6	86.5	29.811	0.00	0.00	0	0.00	0	0.0	0.00	0.0	0.000	0.298	81.1	96	79.9	91.4	21.75	 .0706	0.000	702	1	100.0	30
05/10/20	4:00 a	79.3	79.4	79.2	100	79.3	0.0	---	0.00	0.0	---	79.3	87.6	87.6	86.5	29.809	0.00	0.00	0	0.00	0	0.0	0.00	0.0	0.000	0.298	81.1	96	79.9	91.4	21.75	 .0706	0.000	700	1	100.0	30
05/10/20	4:30 a	79.1	79.4	79.1	100	79.1	0.0	---	0.00	0.0	---	79.1	87.1	87.1	86.0	29.802	0.00	0.00	0	0.00	0	0.0	0.00	0.0	0.000	0.294	80.9	96	79.7	90.8	21.75	 .0706	0.000	702	1	100.0	30
05/10/20	5:00 a	79.3	79.4	79.1	100	79.3	0.0	---	0.00	0.0	---	79.3	87.6	87.6	86.5	29.814	0.00	0.00	0	0.00	0	0.0	0.00	0.0	0.000	0.298	80.9	96	79.7	90.8	21.75	 .0707	0.000	701	1	100.0	30
05/10/20	5:30 a	79.2	79.3	79.1	100	79.2	0.0	---	0.00	0.0	---	79.2	87.4	87.4	86.3	29.817	0.00	0.00	1	0.04	9	0.0	0.00	0.0	0.000	0.296	80.8	96	79.6	90.5	21.75	 .0707	0.000	698	1	100.0	30
05/10/20	6:00 a	79.2	79.3	79.1	100	79.2	0.0	---	0.00	0.0	---	79.2	87.4	87.4	86.8	29.821	0.00	0.00	24	1.03	46	0.0	0.00	0.0	0.000	0.296	80.9	97	80.0	91.1	21.75	 .0706	0.000	698	1	100.0	30
05/10/20	6:30 a	79.9	80.0	79.2	100	79.9	0.0	---	0.00	0.0	---	79.9	89.3	89.3	92.4	29.832	0.00	0.00	80	3.44	107	0.0	0.00	0.0	0.000	0.310	81.9	96	80.6	93.9	21.75	 .0705	0.000	699	1	100.0	30
05/10/20	7:00 a	80.7	80.7	79.8	100	80.7	0.0	---	0.00	0.0	---	80.7	91.6	91.6	96.0	29.858	0.00	0.00	127	5.46	148	0.6	0.13	0.8	0.000	0.327	82.6	95	81.0	95.9	21.65	 .0704	0.003	701	1	100.0	30
05/10/20	7:30 a	81.3	81.5	80.6	100	81.3	0.0	---	0.00	0.0	---	81.3	93.5	93.5	97.3	29.860	0.01	0.00	126	5.42	188	0.5	0.11	1.0	0.000	0.340	82.8	95	81.2	96.6	21.65	 .0704	0.000	700	1	100.0	30
05/10/20	8:00 a	81.1	81.5	81.1	100	81.1	0.0	---	0.00	0.0	---	81.1	92.8	92.8	94.1	29.876	0.00	0.00	60	2.58	76	0.3	0.06	0.6	0.000	0.335	82.7	96	81.4	96.7	21.75	 .0704	0.002	703	1	100.0	30
05/10/20	8:30 a	80.7	81.5	80.7	100	80.7	0.0	---	0.00	0.0	---	80.7	91.6	91.6	92.5	29.888	0.00	0.00	54	2.32	74	0.2	0.04	0.6	0.000	0.327	82.5	96	81.2	96.0	21.75	 .0705	0.000	700	1	100.0	30
05/10/20	9:00 a	80.6	80.7	80.3	100	80.6	0.0	---	0.00	0.0	---	80.6	91.3	91.3	91.3	29.893	0.00	0.00	25	1.08	33	0.0	0.00	0.0	0.000	0.325	82.2	96	80.9	94.9	21.75	 .0706	0.001	702	1	100.0	30
05/10/20	9:30 a	80.7	80.7	80.5	100	80.7	0.0	---	0.00	0.0	---	80.7	91.6	91.6	91.4	29.909	0.00	0.00	20	0.86	23	0.0	0.00	0.0	0.000	0.327	82.0	96	80.7	94.3	21.75	 .0707	0.000	700	1	100.0	30
05/10/20	10:00 a	80.5	80.7	80.5	100	80.5	0.0	---	0.00	0.0	---	80.5	91.1	91.1	90.9	29.908	0.01	0.00	17	0.73	19	0.0	0.00	0.0	0.000	0.323	82.0	97	81.1	94.6	21.75	 .0706	0.000	702	1	100.0	30
05/10/20	10:30 a	79.9	80.7	79.9	100	79.9	0.0	---	0.00	0.0	---	79.9	89.3	89.3	88.8	29.909	0.00	0.00	6	0.26	11	0.0	0.00	0.0	0.000	0.310	81.8	96	80.5	93.6	21.75	 .0707	0.000	700	1	100.0	30
05/10/20	11:00 a	79.3	80.2	79.3	100	79.3	0.0	---	0.00	0.0	---	79.3	87.6	87.6	87.3	29.880	0.02	0.00	17	0.73	19	0.0	0.00	0.0	0.000	0.298	81.4	96	80.1	92.3	21.75	 .0707	0.000	701	1	100.0	30
05/10/20	11:30 a	79.4	79.6	79.2	100	79.4	0.0	---	0.00	0.0	---	79.4	87.9	87.9	88.0	29.867	0.04	0.14	30	1.29	44	0.0	0.00	0.0	0.000	0.300	81.2	96	80.0	91.7	21.75	 .0707	0.000	701	1	100.0	30
05/10/20	12:00 p	79.6	79.9	79.3	100	79.6	0.0	NE	0.00	2.0	NE	79.6	88.5	88.5	89.4	29.853	0.08	0.21	65	2.80	91	0.6	0.13	1.2	0.000	0.304	81.4	96	80.1	92.3	21.75	 .0706	0.001	698	1	100.0	30
05/10/20	12:30 p	79.7	80.0	79.6	100	79.7	0.0	W	0.00	2.0	NE	79.7	88.8	88.8	91.6	29.858	0.02	0.19	144	6.19	188	1.9	0.41	2.5	0.000	0.306	81.6	95	80.0	92.6	21.65	 .0706	0.000	700	1	100.0	30
05/10/20	1:00 p	80.5	80.6	79.4	100	80.5	1.0	NE	0.50	4.0	NE	80.5	91.1	91.1	95.6	29.837	0.00	0.00	212	9.12	248	2.8	0.60	3.2	0.000	0.323	82.2	96	80.9	94.9	21.75	 .0704	0.004	700	1	100.0	30
05/10/20	1:30 p	80.3	80.9	79.8	100	80.3	0.0	NE	0.00	2.0	NE	80.3	90.5	90.5	95.7	29.822	0.00	0.00	236	10.15	251	3.1	0.66	3.3	0.000	0.319	82.5	95	80.9	95.6	21.65	 .0704	0.000	703	1	100.0	30
05/10/20	2:00 p	80.5	80.9	80.1	100	80.5	0.0	NE	0.00	3.0	ESE	80.5	91.1	91.1	95.0	29.812	0.00	0.00	180	7.74	211	2.3	0.49	2.7	0.000	0.323	82.6	95	81.0	95.9	21.65	 .0703	0.005	699	1	100.0	30
05/10/20	2:30 p	81.0	81.1	80.3	100	81.0	0.0	ESE	0.00	2.0	ESE	81.0	92.5	92.5	95.6	29.797	0.00	0.00	138	5.93	155	1.6	0.34	1.9	0.000	0.333	82.7	95	81.1	96.3	21.65	 .0703	0.000	699	1	100.0	30
05/10/20	3:00 p	81.1	81.2	80.7	100	81.1	0.0	ENE	0.00	2.0	ENE	81.1	92.8	92.8	96.1	29.783	0.00	0.00	133	5.72	142	1.5	0.32	1.6	0.000	0.335	83.2	95	81.6	97.9	21.65	 .0701	0.003	701	1	100.0	30
05/10/20	3:30 p	81.1	81.3	81.0	100	81.1	0.0	ENE	0.00	1.0	ENE	81.1	92.8	92.8	98.0	29.790	0.00	0.00	174	7.48	207	1.6	0.34	1.6	0.000	0.335	83.4	94	81.5	98.1	21.42	 .0701	0.000	699	1	100.0	30
05/10/20	4:00 p	80.9	81.3	80.8	100	80.9	0.0	ENE	0.00	2.0	ENE	80.9	92.2	92.2	98.2	29.791	0.00	0.00	179	7.70	204	1.1	0.24	1.4	0.000	0.331	83.5	94	81.6	98.4	21.42	 .0701	0.004	701	1	100.0	30
05/10/20	4:30 p	80.7	81.0	80.5	100	80.7	0.0	ENE	0.00	2.0	ENE	80.7	91.6	91.6	97.0	29.795	0.00	0.00	140	6.02	158	0.6	0.13	0.8	0.000	0.327	83.4	94	81.5	98.1	21.42	 .0701	0.000	701	1	100.0	30
05/10/20	5:00 p	80.0	80.7	80.0	100	80.0	0.0	ENE	0.00	1.0	ENE	80.0	89.6	89.6	92.9	29.795	0.00	0.00	86	3.70	118	0.0	0.00	0.0	0.000	0.313	83.0	94	81.1	96.8	21.41	 .0702	0.003	701	1	100.0	30
05/10/20	5:30 p	79.5	80.0	79.5	100	79.5	0.0	---	0.00	0.0	---	79.5	88.2	88.2	87.6	29.803	0.00	0.00	28	1.20	53	0.0	0.00	0.0	0.000	0.302	82.2	94	80.3	94.2	21.39	 .0704	0.000	700	1	100.0	30
05/10/20	6:00 p	79.0	79.5	79.0	100	79.0	0.0	---	0.00	0.0	---	79.0	86.8	86.8	85.6	29.816	0.00	0.00	1	0.04	9	0.0	0.00	0.0	0.000	0.292	81.5	94	79.6	92.0	21.38	 .0706	0.000	700	1	100.0	30
05/10/20	6:30 p	78.5	79.1	78.4	100	78.5	0.0	---	0.00	0.0	---	78.5	85.6	85.6	84.3	29.822	0.00	0.00	0	0.00	0	0.0	0.00	0.0	0.000	0.281	80.9	95	79.3	90.4	21.65	 .0707	0.000	699	1	100.0	30
05/10/20	7:00 p	78.2	78.5	78.1	100	78.2	0.0	---	0.00	0.0	---	78.2	84.9	84.9	83.6	29.829	0.00	0.00	0	0.00	0	0.0	0.00	0.0	0.000	0.275	80.4	95	78.8	89.1	21.65	 .0708	0.000	697	1	100.0	30
05/10/20	7:30 p	78.1	78.2	78.0	100	78.1	0.0	ENE	0.00	1.0	ENE	78.1	84.6	84.6	83.3	29.847	0.00	0.00	0	0.00	0	0.0	0.00	0.0	0.000	0.273	80.2	95	78.6	88.6	21.65	 .0709	0.000	698	1	100.0	30
05/10/20	8:00 p	78.1	78.2	78.0	100	78.1	0.0	---	0.00	0.0	---	78.1	84.6	84.6	83.3	29.850	0.00	0.00	0	0.00	0	0.0	0.00	0.0	0.000	0.273	79.9	96	78.7	88.2	21.75	 .0710	0.000	701	1	100.0	30
05/10/20	8:30 p	78.0	78.1	78.0	100	78.0	0.0	---	0.00	0.0	---	78.0	84.4	84.4	83.1	29.862	0.00	0.00	0	0.00	0	0.0	0.00	0.0	0.000	0.271	79.9	96	78.7	88.2	21.75	 .0710	0.000	698	1	100.0	30
05/10/20	9:00 p	78.3	78.4	78.0	100	78.3	0.0	---	0.00	0.0	---	78.3	85.1	85.1	83.8	29.857	0.00	0.00	0	0.00	0	0.0	0.00	0.0	0.000	0.277	79.9	96	78.7	88.2	21.75	 .0710	0.000	701	1	100.0	30
05/10/20	9:30 p	78.0	78.3	77.9	100	78.0	0.0	---	0.00	0.0	---	78.0	84.4	84.4	83.1	29.839	0.00	0.00	0	0.00	0	0.0	0.00	0.0	0.000	0.271	79.7	96	78.5	87.7	21.75	 .0710	0.000	701	1	100.0	30
05/10/20	10:00 p	77.8	78.0	77.8	100	77.8	0.0	---	0.00	0.0	---	77.8	84.0	84.0	82.7	29.836	0.00	0.00	0	0.00	0	0.0	0.00	0.0	0.000	0.267	79.5	96	78.3	87.2	21.75	 .0710	0.000	699	1	100.0	30
05/10/20	10:30 p	77.6	77.8	77.5	100	77.6	0.0	---	0.00	0.0	---	77.6	83.5	83.5	82.2	29.826	0.00	0.00	0	0.00	0	0.0	0.00	0.0	0.000	0.262	79.3	96	78.1	86.7	21.75	 .0710	0.000	699	1	100.0	30
05/10/20	11:00 p	77.4	77.6	77.3	100	77.4	0.0	---	0.00	0.0	---	77.4	83.1	83.1	81.8	29.833	0.00	0.00	0	0.00	0	0.0	0.00	0.0	0.000	0.258	79.1	96	77.9	86.2	21.75	 .0711	0.000	696	1	100.0	30
05/10/20	11:30 p	77.3	77.5	77.3	100	77.3	0.0	---	0.00	0.0	---	77.3	82.9	82.9	81.6	29.840	0.00	0.00	0	0.00	0	0.0	0.00	0.0	0.000	0.256	79.0	96	77.8	86.0	21.75	 .0711	0.000	698	1	100.0	30
05/11/20	12:00 a	77.4	77.6	77.3	100	77.4	0.0	---	0.00	0.0	---	77.4	83.1	83.1	81.8	29.839	0.00	0.00	0	0.00	0	0.0	0.00	0.0	0.000	0.258	79.1	97	78.2	86.4	21.75	 .0711	0.000	701	1	100.0	30
05/11/20	12:30 a	77.7	77.8	77.4	100	77.7	0.0	---	0.00	0.0	---	77.7	83.7	83.7	82.4	29.837	0.00	0.00	0	0.00	0	0.0	0.00	0.0	0.000	0.265	79.2	97	78.3	86.7	21.75	 .0710	0.000	644	1	94.2	30
05/11/20	1:00 a	77.7	77.8	77.7	100	77.7	0.0	---	0.00	0.0	---	77.7	83.7	83.7	82.4	29.819	0.00	0.00	0	0.00	0	0.0	0.00	0.0	0.000	0.265	79.3	97	78.4	87.0	21.75	 .0710	0.000	698	1	100.0	30
05/11/20	1:30 a	77.6	77.9	77.5	100	77.6	0.0	---	0.00	0.0	---	77.6	83.5	83.5	82.2	29.802	0.00	0.00	0	0.00	0	0.0	0.00	0.0	0.000	0.262	79.2	97	78.3	86.7	21.75	 .0710	0.000	702	1	100.0	30
05/11/20	2:00 a	77.3	77.7	77.3	100	77.3	0.0	---	0.00	0.0	---	77.3	82.9	82.9	81.6	29.796	0.00	0.00	0	0.00	0	0.0	0.00	0.0	0.000	0.256	78.9	97	78.0	86.0	21.75	 .0710	0.000	698	1	100.0	30
05/11/20	2:30 a	77.1	77.3	77.1	100	77.1	0.0	---	0.00	0.0	---	77.1	82.4	82.4	81.1	29.805	0.00	0.00	0	0.00	0	0.0	0.00	0.0	0.000	0.252	78.7	97	77.8	85.5	21.75	 .0711	0.000	701	1	100.0	30
05/11/20	3:00 a	77.4	77.4	77.1	100	77.4	0.0	---	0.00	0.0	---	77.4	83.1	83.1	81.8	29.804	0.00	0.00	0	0.00	0	0.0	0.00	0.0	0.000	0.258	78.8	97	77.9	85.7	21.75	 .0710	0.000	698	1	100.0	30
05/11/20	3:30 a	77.4	77.4	77.2	100	77.4	0.0	---	0.00	0.0	---	77.4	83.1	83.1	81.8	29.791	0.00	0.00	0	0.00	0	0.0	0.00	0.0	0.000	0.258	78.7	97	77.8	85.5	21.75	 .0710	0.000	699	1	100.0	30
05/11/20	4:00 a	77.5	77.6	77.2	100	77.5	0.0	---	0.00	0.0	---	77.5	83.3	83.3	82.0	29.822	0.00	0.00	0	0.00	0	0.0	0.00	0.0	0.000	0.260	78.8	97	77.9	85.7	21.75	 .0711	0.000	701	1	100.0	30
05/11/20	4:30 a	77.5	77.6	77.4	100	77.5	0.0	---	0.00	0.0	---	77.5	83.3	83.3	82.0	29.813	0.00	0.00	0	0.00	0	0.0	0.00	0.0	0.000	0.260	78.8	97	77.9	85.7	21.75	 .0711	0.000	699	1	100.0	30
05/11/20	5:00 a	77.6	77.6	77.4	100	77.6	0.0	---	0.00	0.0	---	77.6	83.5	83.5	82.2	29.836	0.00	0.00	0	0.00	0	0.0	0.00	0.0	0.000	0.262	78.8	98	78.2	85.9	21.85	 .0711	0.000	702	1	100.0	30
05/11/20	5:30 a	77.6	77.9	77.5	100	77.6	0.0	---	0.00	0.0	---	77.6	83.5	83.5	82.2	29.834	0.00	0.00	0	0.00	0	0.0	0.00	0.0	0.000	0.262	78.8	98	78.2	85.9	21.85	 .0711	0.000	699	1	100.0	30
05/11/20	6:00 a	77.9	77.9	77.6	100	77.9	0.0	---	0.00	0.0	---	77.9	84.2	84.2	82.9	29.840	0.00	0.00	0	0.00	5	0.0	0.00	0.0	0.000	0.269	79.0	98	78.4	86.4	21.85	 .0711	0.000	701	1	100.0	30
05/11/20	6:30 a	78.4	78.4	77.9	100	78.4	0.0	---	0.00	0.0	---	78.4	85.4	85.4	85.0	29.858	0.00	0.00	6	0.26	7	0.0	0.00	0.0	0.000	0.279	79.2	98	78.6	86.9	21.85	 .0711	0.000	699	1	100.0	30
05/11/20	7:00 a	78.9	78.9	78.4	100	78.9	0.0	N	0.00	4.0	WNW	78.9	86.6	86.6	86.0	29.864	0.01	0.00	4	0.17	11	0.0	0.00	0.0	0.000	0.290	79.4	98	78.8	87.4	21.85	 .0710	0.000	700	1	100.0	30
05/11/20	7:30 a	79.1	79.1	78.8	100	79.1	0.0	N	0.00	2.0	N	79.1	87.1	87.1	86.9	29.870	0.00	0.00	15	0.65	21	0.0	0.00	0.0	0.000	0.294	79.7	98	79.1	88.2	21.85	 .0710	0.000	700	1	100.0	30
05/11/20	8:00 a	79.1	79.3	78.9	100	79.1	0.0	SE	0.00	3.0	SE	79.1	87.1	87.1	87.2	29.877	0.00	0.00	25	1.08	35	0.0	0.00	0.0	0.000	0.294	80.0	98	79.4	89.0	21.85	 .0709	0.000	701	1	100.0	30
05/11/20	8:30 a	78.5	79.4	78.5	100	78.5	1.0	SSE	0.50	6.0	ENE	78.5	85.6	85.6	86.4	29.882	0.02	0.07	56	2.41	102	0.5	0.11	1.1	0.000	0.281	80.2	98	79.6	89.6	21.85	 .0709	0.000	698	1	100.0	30
05/11/20	9:00 a	78.9	78.9	78.0	100	78.9	1.0	NNE	0.50	4.0	NE	78.9	86.6	86.6	88.8	29.885	0.00	0.00	112	4.82	114	1.2	0.26	1.3	0.000	0.290	80.2	98	79.6	89.6	21.85	 .0709	0.002	701	1	100.0	30
05/11/20	9:30 a	79.7	79.7	78.8	100	79.7	0.0	ENE	0.00	1.0	ENE	79.7	88.8	88.8	91.3	29.899	0.00	0.00	130	5.59	158	1.5	0.32	1.9	0.000	0.306	80.7	98	80.1	90.9	21.85	 .0709	0.000	699	1	100.0	30
05/11/20	10:00 a	79.5	79.7	78.3	100	79.5	1.0	ESE	0.50	6.0	SSE	79.5	88.2	88.2	92.4	29.894	0.00	0.00	201	8.64	241	2.5	0.54	3.0	0.000	0.302	81.3	97	80.4	92.4	21.75	 .0707	0.004	700	1	100.0	30
05/11/20	10:30 a	79.2	79.7	79.2	100	79.2	1.0	ENE	0.50	4.0	ESE	79.2	87.4	87.4	92.2	29.893	0.00	0.00	226	9.72	255	2.8	0.60	3.2	0.000	0.296	82.1	96	80.8	94.6	21.75	 .0706	0.000	702	1	100.0	30
05/11/20	11:00 a	80.2	80.7	79.2	100	80.2	0.0	ENE	0.00	2.0	ENE	80.2	90.2	90.2	96.2	29.874	0.00	0.00	268	11.53	311	3.4	0.73	4.0	0.000	0.317	82.6	95	81.0	95.9	21.65	 .0705	0.006	699	1	100.0	30
05/11/20	11:30 a	81.9	81.9	80.2	100	81.9	0.0	---	0.00	0.0	---	81.9	95.4	95.4	103.5	29.849	0.00	0.00	364	15.65	406	4.7	1.01	5.2	0.000	0.352	83.5	93	81.3	97.9	21.32	 .0703	0.000	700	1	100.0	30
05/11/20	12:00 p	83.0	83.6	81.8	100	83.0	0.0	S	0.00	3.0	S	83.0	99.2	99.2	108.6	29.843	0.00	0.00	432	18.58	446	5.5	1.18	5.6	0.000	0.375	84.5	93	82.3	101.2	21.34	 .0700	0.010	699	1	100.0	30
05/11/20	12:30 p	83.1	83.3	82.4	100	83.1	0.0	SSE	0.00	2.0	SE	83.1	99.6	99.6	108.1	29.835	0.00	0.00	389	16.73	441	4.9	1.05	5.5	0.000	0.377	84.8	92	82.2	101.5	21.25	 .0700	0.000	699	1	100.0	30
05/11/20	1:00 p	82.9	83.2	82.5	100	82.9	0.0	SSE	0.00	3.0	SSE	82.9	98.9	98.9	105.6	29.824	0.00	0.00	306	13.16	360	3.8	0.81	4.6	0.000	0.373	84.7	92	82.1	101.2	21.24	 .0700	0.009	696	1	100.0	30
05/11/20	1:30 p	84.1	84.1	82.8	100	84.1	0.0	S	0.00	2.0	SSE	84.1	103.5	103.5	111.5	29.812	0.00	0.00	362	15.57	380	4.1	0.88	4.4	0.000	0.398	85.1	92	82.5	102.6	21.25	 .0699	0.000	703	1	100.0	30
05/11/20	2:00 p	83.0	84.3	82.9	100	83.0	0.0	SE	0.00	5.0	S	83.0	99.2	99.2	106.2	29.795	0.00	0.00	308	13.25	334	3.3	0.71	3.5	0.000	0.375	85.2	92	82.6	103.0	21.25	 .0698	0.008	699	1	100.0	30
05/11/20	2:30 p	83.4	83.8	82.8	100	83.4	0.0	S	0.00	5.0	SSE	83.4	100.8	100.8	108.5	29.794	0.00	0.00	324	13.93	348	3.1	0.66	3.3	0.000	0.383	85.3	91	82.4	102.7	20.64	 .0698	0.000	703	1	100.0	30
05/11/20	3:00 p	83.0	83.5	82.7	100	83.0	0.0	---	0.00	0.0	---	83.0	99.2	99.2	105.5	29.791	0.00	0.00	236	10.15	287	2.1	0.45	2.6	0.000	0.375	85.2	91	82.3	102.3	20.65	 .0698	0.007	701	1	100.0	30
05/11/20	3:30 p	82.2	83.0	82.0	100	82.2	0.0	S	0.00	1.0	S	82.2	96.4	96.4	100.4	29.794	0.00	0.00	138	5.93	192	1.1	0.24	1.6	0.000	0.358	84.5	91	81.6	100.0	20.69	 .0700	0.000	702	1	100.0	30
05/11/20	4:00 p	82.2	82.3	81.8	100	82.2	0.0	---	0.00	0.0	---	82.2	96.4	96.4	100.3	29.799	0.00	0.00	116	4.99	127	0.7	0.15	0.8	0.000	0.358	84.2	92	81.6	99.6	21.23	 .0700	0.003	699	1	100.0	30
05/11/20	4:30 p	81.5	82.3	81.5	100	81.5	0.0	---	0.00	0.0	---	81.5	94.1	94.1	97.4	29.796	0.00	0.00	87	3.74	116	0.2	0.04	0.6	0.000	0.344	83.8	92	81.2	98.4	21.23	 .0701	0.000	699	1	100.0	30
05/11/20	5:00 p	81.1	81.6	81.0	100	81.1	0.0	---	0.00	0.0	---	81.1	92.8	92.8	94.3	29.805	0.00	0.00	41	1.76	58	0.0	0.00	0.0	0.000	0.335	83.2	93	81.0	96.9	21.31	 .0702	0.002	703	1	100.0	30
05/11/20	5:30 p	80.7	81.2	80.7	100	80.7	0.0	---	0.00	0.0	---	80.7	91.6	91.6	91.0	29.814	0.00	0.00	16	0.69	28	0.0	0.00	0.0	0.000	0.327	82.7	94	80.8	95.8	21.40	 .0703	0.000	700	1	100.0	30
05/11/20	6:00 p	80.0	80.8	80.0	100	80.0	0.0	---	0.00	0.0	---	80.0	89.6	89.6	88.7	29.840	0.00	0.00	0	0.00	5	0.0	0.00	0.0	0.000	0.313	82.2	94	80.3	94.2	21.39	 .0705	0.000	703	1	100.0	30
05/11/20	6:30 p	79.7	80.1	79.7	100	79.7	0.0	---	0.00	0.0	---	79.7	88.8	88.8	87.8	29.844	0.00	0.00	0	0.00	0	0.0	0.00	0.0	0.000	0.306	81.7	94	79.8	92.6	21.38	 .0706	0.000	698	1	100.0	30
05/11/20	7:00 p	79.6	79.7	79.5	100	79.6	0.0	---	0.00	0.0	---	79.6	88.5	88.5	87.5	29.866	0.00	0.00	0	0.00	0	0.0	0.00	0.0	0.000	0.304	81.6	95	80.0	92.6	21.65	 .0707	0.000	701	1	100.0	30
05/11/20	7:30 p	79.6	79.7	79.5	100	79.6	0.0	---	0.00	0.0	---	79.6	88.5	88.5	87.5	29.887	0.00	0.00	0	0.00	0	0.0	0.00	0.0	0.000	0.304	81.6	95	80.0	92.6	21.65	 .0707	0.000	698	1	100.0	30
05/11/20	8:00 p	79.7	79.8	79.6	100	79.7	0.0	---	0.00	0.0	---	79.7	88.8	88.8	87.8	29.902	0.00	0.00	0	0.00	0	0.0	0.00	0.0	0.000	0.306	81.5	95	79.9	92.3	21.65	 .0708	0.000	700	1	100.0	30
05/11/20	8:30 p	79.6	79.8	79.6	100	79.6	0.0	SW	0.00	2.0	SW	79.6	88.5	88.5	87.5	29.903	0.00	0.00	0	0.00	0	0.0	0.00	0.0	0.000	0.304	81.4	95	79.8	92.0	21.65	 .0708	0.000	700	1	100.0	30
05/11/20	9:00 p	79.7	79.8	79.7	100	79.7	0.0	SW	0.00	2.0	SW	79.7	88.8	88.8	87.8	29.905	0.00	0.00	0	0.00	0	0.0	0.00	0.0	0.000	0.306	81.4	96	80.1	92.3	21.75	 .0708	0.000	697	1	100.0	30
05/11/20	9:30 p	79.7	79.8	79.7	100	79.7	0.0	SW	0.00	2.0	SW	79.7	88.8	88.8	87.8	29.899	0.00	0.00	0	0.00	0	0.0	0.00	0.0	0.000	0.306	81.3	96	80.0	92.0	21.75	 .0708	0.000	698	1	100.0	30
05/11/20	10:00 p	79.8	79.8	79.6	100	79.8	0.0	SW	0.00	2.0	SW	79.8	89.0	89.0	88.0	29.904	0.00	0.00	0	0.00	0	0.0	0.00	0.0	0.000	0.308	81.2	96	80.0	91.7	21.75	 .0708	0.000	700	1	100.0	30
05/11/20	10:30 p	79.6	79.8	79.6	100	79.6	0.0	SW	0.00	2.0	SW	79.6	88.5	88.5	87.5	29.897	0.00	0.00	0	0.00	0	0.0	0.00	0.0	0.000	0.304	81.2	96	80.0	91.7	21.75	 .0708	0.000	700	1	100.0	30
05/11/20	11:00 p	79.7	79.8	79.5	100	79.7	0.0	---	0.00	0.0	---	79.7	88.8	88.8	87.8	29.910	0.00	0.00	0	0.00	0	0.0	0.00	0.0	0.000	0.306	81.2	96	80.0	91.7	21.75	 .0708	0.000	702	1	100.0	30
05/11/20	11:30 p	79.5	79.8	79.5	100	79.5	0.0	---	0.00	0.0	---	79.5	88.2	88.2	87.2	29.894	0.00	0.00	0	0.00	0	0.0	0.00	0.0	0.000	0.302	81.0	97	80.1	91.4	21.75	 .0708	0.000	697	1	100.0	30
05/12/20	12:00 a	79.3	79.6	79.3	100	79.3	0.0	---	0.00	0.0	---	79.3	87.6	87.6	86.6	29.881	0.00	0.00	0	0.00	0	0.0	0.00	0.0	0.000	0.298	80.8	97	79.9	90.9	21.75	 .0708	0.000	700	1	100.0	30
05/12/20	12:30 a	79.1	79.4	79.1	100	79.1	0.0	---	0.00	0.0	---	79.1	87.1	87.1	86.1	29.865	0.00	0.00	0	0.00	0	0.0	0.00	0.0	0.000	0.294	80.7	97	79.8	90.6	21.75	 .0708	0.000	698	1	100.0	30
05/12/20	1:00 a	79.0	79.2	78.9	100	79.0	0.0	NW	0.00	3.0	NW	79.0	86.8	86.8	85.8	29.835	0.00	0.00	0	0.00	0	0.0	0.00	0.0	0.000	0.292	80.5	97	79.6	90.1	21.75	 .0708	0.000	701	1	100.0	30
05/12/20	1:30 a	78.7	79.1	78.7	100	78.7	0.0	NNE	0.00	1.0	NNE	78.7	86.1	86.1	85.0	29.821	0.00	0.00	0	0.00	0	0.0	0.00	0.0	0.000	0.285	80.3	97	79.4	89.5	21.75	 .0708	0.000	699	1	100.0	30
05/12/20	2:00 a	78.8	78.9	78.7	100	78.8	0.0	NNE	0.00	3.0	NNW	78.8	86.3	86.3	85.2	29.829	0.00	0.00	0	0.00	0	0.0	0.00	0.0	0.000	0.288	80.2	97	79.3	89.2	21.75	 .0708	0.000	700	1	100.0	30
05/12/20	2:30 a	78.6	78.8	78.6	100	78.6	0.0	NNW	0.00	1.0	NNW	78.6	85.8	85.8	84.7	29.826	0.00	0.00	0	0.00	0	0.0	0.00	0.0	0.000	0.283	80.1	97	79.2	89.0	21.75	 .0708	0.000	702	1	100.0	30
05/12/20	3:00 a	78.5	78.7	78.4	100	78.5	0.0	NNW	0.00	2.0	NNW	78.5	85.6	85.6	84.5	29.815	0.00	0.00	0	0.00	0	0.0	0.00	0.0	0.000	0.281	79.9	97	79.0	88.5	21.75	 .0708	0.000	697	1	100.0	30
05/12/20	3:30 a	78.2	78.5	78.2	100	78.2	0.0	NNW	0.00	2.0	NNW	78.2	84.9	84.9	83.8	29.805	0.00	0.00	0	0.00	0	0.0	0.00	0.0	0.000	0.275	79.8	97	78.9	88.2	21.75	 .0708	0.000	701	1	100.0	30
05/12/20	4:00 a	77.8	78.2	77.8	100	77.8	0.0	N	0.00	1.0	N	77.8	84.0	84.0	82.9	29.816	0.00	0.00	0	0.00	0	0.0	0.00	0.0	0.000	0.267	79.4	97	78.5	87.2	21.75	 .0709	0.000	700	1	100.0	30
05/12/20	4:30 a	77.4	77.8	77.4	100	77.4	0.0	N	0.00	1.0	N	77.4	83.1	83.1	82.0	29.817	0.00	0.00	0	0.00	0	0.0	0.00	0.0	0.000	0.258	79.2	97	78.3	86.7	21.75	 .0710	0.000	697	1	100.0	30
05/12/20	5:00 a	77.0	77.5	77.0	100	77.0	0.0	N	0.00	1.0	N	77.0	82.2	82.2	81.1	29.805	0.00	0.00	0	0.00	0	0.0	0.00	0.0	0.000	0.250	78.9	97	78.0	86.0	21.75	 .0710	0.000	702	1	100.0	30
05/12/20	5:30 a	76.9	77.1	76.8	100	76.9	0.0	---	0.00	0.0	---	76.9	82.0	82.0	81.0	29.828	0.00	0.00	7	0.30	26	0.0	0.00	0.0	0.000	0.248	78.8	97	77.9	85.7	21.75	 .0711	0.000	701	1	100.0	30
05/12/20	6:00 a	77.6	77.8	76.9	100	77.6	0.0	N	0.00	1.0	N	77.6	83.5	83.5	83.3	29.836	0.00	0.00	40	1.72	63	0.0	0.00	0.0	0.000	0.262	79.3	97	78.4	87.0	21.75	 .0710	0.001	702	1	100.0	30
05/12/20	6:30 a	78.5	78.6	77.6	100	78.5	0.0	N	0.00	1.0	N	78.5	85.6	85.6	88.6	29.851	0.00	0.00	79	3.40	91	0.0	0.00	0.0	0.000	0.281	80.1	97	79.2	89.0	21.75	 .0709	0.000	700	1	100.0	30
05/12/20	7:00 a	78.9	78.9	78.5	100	78.9	0.0	---	0.00	0.0	---	78.9	86.6	86.6	89.5	29.876	0.00	0.00	88	3.78	90	0.5	0.11	0.7	0.000	0.290	80.6	96	79.4	90.0	21.75	 .0709	0.002	699	1	100.0	30
05/12/20	7:30 a	79.5	79.5	78.9	100	79.5	0.0	N	0.00	1.0	N	79.5	88.2	88.2	91.1	29.893	0.00	0.00	102	4.39	141	0.9	0.19	1.3	0.000	0.302	81.0	96	79.8	91.1	21.75	 .0708	0.000	701	1	100.0	30
05/12/20	8:00 a	80.7	80.9	79.5	100	80.7	0.0	N	0.00	3.0	N	80.7	91.6	91.6	99.6	29.900	0.00	0.00	298	12.82	454	2.0	0.43	3.0	0.000	0.327	82.3	96	81.0	95.3	21.75	 .0706	0.005	698	1	100.0	30
05/12/20	8:30 a	84.7	84.7	80.6	100	84.7	0.0	N	0.00	3.0	N	84.7	106.2	106.2	116.9	29.889	0.00	0.00	459	19.74	615	3.7	0.79	4.8	0.000	0.410	84.6	93	82.4	101.5	21.34	 .0701	0.000	701	1	100.0	30
05/12/20	9:00 a	85.0	87.0	84.7	100	85.0	0.0	N	0.00	5.0	NW	85.0	107.6	107.6	117.5	29.903	0.00	0.00	448	19.27	698	4.5	0.96	6.1	0.000	0.417	85.9	91	83.0	104.9	20.63	 .0699	0.012	701	1	100.0	30
05/12/20	9:30 a	85.5	85.5	84.1	100	85.5	0.0	SW	0.00	4.0	SW	85.5	110.4	110.4	118.8	29.900	0.00	0.00	378	16.26	476	4.4	0.94	5.3	0.000	0.427	86.0	87	81.7	102.5	18.39	 .0700	0.000	700	1	100.0	30
05/12/20	10:00 a	87.7	87.7	84.9	100	87.7	0.0	S	0.00	3.0	SW	87.7	127.4	127.4	138.7	29.895	0.00	0.00	556	23.91	909	6.0	1.29	7.0	0.000	0.473	86.7	87	82.4	105.8	18.35	 .0699	0.012	698	1	100.0	30
05/12/20	10:30 a	88.1	88.9	87.3	100	88.1	2.0	SSW	1.00	6.0	S	88.1	131.8	131.8	145.3	29.886	0.00	0.00	777	33.42	1083	7.1	1.52	9.9	0.000	0.481	88.2	82	82.0	107.0	16.42	 .0697	0.000	698	1	100.0	30
05/12/20	11:00 a	86.1	88.1	86.0	100	86.1	1.0	S	0.50	9.0	S	86.1	113.9	113.9	125.9	29.877	0.00	0.00	603	25.93	763	7.3	1.56	8.7	0.000	0.440	88.2	79	80.9	104.7	15.26	 .0698	0.018	698	1	100.0	30
05/12/20	11:30 a	85.1	86.1	85.0	100	85.1	1.0	SSE	0.50	4.0	SW	85.1	108.2	108.2	117.2	29.870	0.00	0.00	405	17.42	452	5.4	1.16	5.9	0.000	0.419	88.0	82	81.8	106.0	16.43	 .0697	0.000	702	1	100.0	30
05/12/20	12:00 p	85.7	85.7	84.9	100	85.7	1.0	SW	0.50	4.0	SW	85.7	111.5	111.5	121.0	29.867	0.00	0.00	433	18.62	448	5.8	1.24	6.0	0.000	0.431	87.9	82	81.7	105.8	16.43	 .0697	0.011	701	1	100.0	30
05/12/20	12:30 p	89.1	89.1	85.5	100	89.1	1.0	SSW	0.50	4.0	SSW	89.1	146.1	146.1	159.5	29.860	0.00	0.00	734	31.57	1475	9.2	1.97	13.8	0.000	0.502	88.8	81	82.2	109.1	16.00	 .0695	0.000	701	1	100.0	30
05/12/20	1:00 p	85.9	89.1	85.7	100	85.9	2.0	SSW	1.00	6.0	SW	85.9	112.6	112.6	122.3	29.852	0.00	0.00	461	19.83	504	6.0	1.29	6.5	0.000	0.435	87.7	81	81.1	104.5	16.04	 .0697	0.017	699	1	100.0	30
05/12/20	1:30 p	88.0	88.3	85.1	100	88.0	2.0	S	1.00	6.0	SSW	88.0	130.4	130.4	143.6	29.835	0.00	0.00	737	31.70	1060	7.6	1.63	9.5	0.000	0.479	87.6	83	81.8	105.7	16.75	 .0697	0.000	700	1	100.0	30
05/12/20	2:00 p	86.9	88.8	86.9	100	86.9	2.0	SW	1.00	8.0	WSW	86.9	119.8	119.8	132.2	29.826	0.00	0.00	827	35.57	940	7.2	1.54	8.7	0.000	0.456	87.7	83	81.9	106.0	16.74	 .0696	0.020	699	1	100.0	30
05/12/20	2:30 p	86.3	87.0	86.3	100	86.3	2.0	SSW	1.00	7.0	WSW	86.3	115.4	115.4	126.4	29.820	0.00	0.00	492	21.16	628	4.3	0.92	5.2	0.000	0.444	87.3	84	81.9	105.6	17.16	 .0697	0.000	701	1	100.0	30
05/12/20	3:00 p	84.4	86.2	84.3	100	84.4	1.0	SSW	0.50	5.0	SSW	84.4	104.9	104.9	110.0	29.831	0.00	0.00	190	8.17	336	1.8	0.39	2.9	0.000	0.404	86.7	84	81.3	103.5	17.18	 .0698	0.009	700	1	100.0	30
05/12/20	3:30 p	83.9	84.4	83.9	100	83.9	0.0	SW	0.00	3.0	WSW	83.9	102.7	102.7	105.5	29.836	0.00	0.00	99	4.26	130	0.7	0.15	1.1	0.000	0.394	86.3	86	81.6	103.2	17.97	 .0698	0.000	701	1	100.0	30
05/12/20	4:00 p	83.3	83.9	83.1	100	83.3	0.0	WNW	0.00	2.0	SW	83.3	100.4	100.4	101.0	29.832	0.00	0.00	30	1.29	39	0.0	0.00	0.0	0.000	0.381	85.7	88	81.7	102.2	18.81	 .0699	0.002	703	1	100.0	30
05/12/20	4:30 p	79.9	83.4	79.9	100	79.9	1.0	WNW	0.50	5.0	N	79.9	89.3	89.3	88.8	29.874	0.68	6.70	5	0.22	19	0.0	0.00	0.0	0.000	0.310	83.9	88	80.0	96.9	18.96	 .0704	0.000	698	1	100.0	30
05/12/20	5:00 p	75.7	79.9	75.7	100	75.7	2.0	WNW	1.00	6.0	SW	75.7	79.8	79.8	79.0	29.875	0.79	6.40	0	0.00	0	0.0	0.00	0.0	0.000	0.223	80.7	86	76.1	87.4	18.31	 .0711	0.000	700	1	100.0	30
05/12/20	5:30 p	75.5	75.7	75.2	100	75.5	1.0	NW	0.50	3.0	N	75.5	79.6	79.6	78.5	29.865	0.17	0.63	0	0.00	0	0.0	0.00	0.0	0.000	0.219	79.6	88	75.7	85.5	19.37	 .0713	0.000	697	1	100.0	30
05/12/20	6:00 p	75.3	75.5	75.1	100	75.3	1.0	WNW	0.50	2.0	WSW	75.3	79.3	79.3	78.2	29.863	0.01	0.17	0	0.00	0	0.0	0.00	0.0	0.000	0.215	79.0	90	75.8	84.7	20.45	 .0713	0.000	700	1	100.0	30
05/12/20	6:30 p	75.0	75.3	75.0	100	75.0	0.0	SSW	0.00	2.0	SSW	75.0	78.8	78.8	77.7	29.881	0.01	0.00	0	0.00	0	0.0	0.00	0.0	0.000	0.208	78.5	90	75.3	83.8	20.45	 .0715	0.000	699	1	100.0	30
05/12/20	7:00 p	74.8	75.0	74.7	100	74.8	0.0	SSW	0.00	1.0	SSW	74.8	78.6	78.6	77.5	29.883	0.06	0.17	0	0.00	0	0.0	0.00	0.0	0.000	0.204	78.1	91	75.3	83.1	21.01	 .0715	0.000	699	1	100.0	30
05/12/20	7:30 p	74.6	74.8	74.4	100	74.6	0.0	SSW	0.00	2.0	SSW	74.6	78.3	78.3	77.2	29.887	0.05	0.15	0	0.00	0	0.0	0.00	0.0	0.000	0.200	77.7	92	75.2	82.5	21.10	 .0716	0.000	701	1	100.0	30
05/12/20	8:00 p	74.5	74.7	74.5	100	74.5	0.0	SSW	0.00	1.0	SSW	74.5	78.2	78.2	77.1	29.895	0.03	0.10	0	0.00	0	0.0	0.00	0.0	0.000	0.198	77.6	92	75.1	82.3	21.10	 .0716	0.000	702	1	100.0	30
05/12/20	8:30 p	74.6	74.7	74.5	100	74.6	0.0	SSW	0.00	1.0	SSW	74.6	78.3	78.3	77.2	29.890	0.00	0.00	0	0.00	0	0.0	0.00	0.0	0.000	0.200	77.1	93	74.9	81.5	21.19	 .0717	0.000	702	1	100.0	30
05/12/20	9:00 p	74.5	74.8	74.5	100	74.5	0.0	SSW	0.00	2.0	SSW	74.5	78.2	78.2	77.1	29.863	0.00	0.00	0	0.00	0	0.0	0.00	0.0	0.000	0.198	77.2	93	75.0	81.7	21.19	 .0716	0.000	697	1	100.0	30
05/12/20	9:30 p	74.7	74.8	74.4	100	74.7	1.0	ESE	0.50	4.0	NNW	74.7	78.4	78.4	77.3	29.850	0.01	0.00	0	0.00	0	0.0	0.00	0.0	0.000	0.202	77.2	93	75.0	81.7	21.19	 .0716	0.000	699	1	100.0	30
05/12/20	10:00 p	74.7	74.9	74.7	100	74.7	0.0	SSE	0.00	2.0	SSE	74.7	78.4	78.4	77.3	29.855	0.00	0.00	0	0.00	0	0.0	0.00	0.0	0.000	0.202	77.1	94	75.2	81.6	21.35	 .0716	0.000	698	1	100.0	30
05/12/20	10:30 p	74.5	74.7	74.4	100	74.5	0.0	SSE	0.00	1.0	SSE	74.5	78.2	78.2	77.1	29.854	0.00	0.00	0	0.00	0	0.0	0.00	0.0	0.000	0.198	76.9	94	75.0	81.3	21.35	 .0716	0.000	701	1	100.0	30
05/12/20	11:00 p	74.5	74.6	74.4	100	74.5	0.0	SSE	0.00	1.0	SSE	74.5	78.2	78.2	77.1	29.863	0.00	0.00	0	0.00	0	0.0	0.00	0.0	0.000	0.198	76.8	94	74.9	81.1	21.35	 .0717	0.000	693	1	100.0	30
05/12/20	11:30 p	74.4	74.5	74.2	100	74.4	0.0	SSE	0.00	2.0	SSE	74.4	78.1	78.1	77.0	29.862	0.00	0.00	0	0.00	0	0.0	0.00	0.0	0.000	0.196	76.6	94	74.7	80.8	21.35	 .0717	0.000	698	1	100.0	30
05/13/20	12:00 a	74.3	74.4	74.2	100	74.3	0.0	SE	0.00	2.0	SSE	74.3	78.0	78.0	76.9	29.862	0.00	0.00	0	0.00	0	0.0	0.00	0.0	0.000	0.194	76.6	95	75.1	80.9	21.65	 .0717	0.000	697	1	100.0	30
05/13/20	12:30 a	74.5	74.7	74.3	100	74.5	0.0	SE	0.00	2.0	SE	74.5	78.2	78.2	77.1	29.846	0.00	0.00	0	0.00	0	0.0	0.00	0.0	0.000	0.198	76.6	95	75.1	80.9	21.65	 .0717	0.000	700	1	100.0	30
05/13/20	1:00 a	74.4	74.5	74.2	100	74.4	0.0	SSE	0.00	2.0	SSE	74.4	78.1	78.1	77.0	29.838	0.00	0.00	0	0.00	0	0.0	0.00	0.0	0.000	0.196	76.5	95	75.0	80.8	21.65	 .0717	0.000	698	1	100.0	30
05/13/20	1:30 a	74.4	74.5	74.3	100	74.4	0.0	SSE	0.00	2.0	SSE	74.4	78.1	78.1	77.0	29.830	0.00	0.00	0	0.00	0	0.0	0.00	0.0	0.000	0.196	76.4	95	74.9	80.6	21.65	 .0717	0.000	701	1	100.0	30
05/13/20	2:00 a	74.3	74.4	74.2	100	74.3	0.0	SSE	0.00	1.0	SSE	74.3	78.0	78.0	76.9	29.812	0.00	0.00	0	0.00	0	0.0	0.00	0.0	0.000	0.194	76.3	96	75.1	80.5	21.75	 .0716	0.000	702	1	100.0	30
05/13/20	2:30 a	74.4	74.5	74.2	100	74.4	0.0	SSE	0.00	2.0	SSE	74.4	78.1	78.1	77.0	29.825	0.00	0.00	0	0.00	0	0.0	0.00	0.0	0.000	0.196	76.1	96	74.9	80.2	21.75	 .0717	0.000	702	1	100.0	30
05/13/20	3:00 a	74.3	74.5	74.2	100	74.3	0.0	SSE	0.00	1.0	SSE	74.3	78.0	78.0	76.9	29.828	0.00	0.00	0	0.00	0	0.0	0.00	0.0	0.000	0.194	76.0	96	74.8	80.1	21.75	 .0717	0.000	698	1	100.0	30
05/13/20	3:30 a	74.2	74.6	74.2	100	74.2	0.0	SSE	0.00	1.0	SSE	74.2	77.8	77.8	76.7	29.828	0.00	0.00	0	0.00	0	0.0	0.00	0.0	0.000	0.192	75.9	96	74.7	79.9	21.75	 .0717	0.000	701	1	100.0	30
05/13/20	4:00 a	74.6	74.7	74.2	100	74.6	0.0	SSE	0.00	1.0	SSE	74.6	78.3	78.3	77.2	29.821	0.00	0.00	0	0.00	0	0.0	0.00	0.0	0.000	0.200	76.0	96	74.8	80.1	21.75	 .0717	0.000	701	1	100.0	30
05/13/20	4:30 a	74.5	74.7	74.4	100	74.5	0.0	SSE	0.00	1.0	SSE	74.5	78.2	78.2	77.1	29.824	0.00	0.00	0	0.00	0	0.0	0.00	0.0	0.000	0.198	76.0	96	74.8	80.1	21.75	 .0717	0.000	700	1	100.0	30
05/13/20	5:00 a	74.4	74.5	74.2	100	74.4	0.0	SSE	0.00	1.0	SSE	74.4	78.1	78.1	77.0	29.839	0.00	0.00	0	0.00	0	0.0	0.00	0.0	0.000	0.196	75.9	97	75.0	80.0	21.75	 .0717	0.000	701	1	100.0	30
05/13/20	5:30 a	74.5	74.5	74.3	100	74.5	0.0	S	0.00	2.0	SSE	74.5	78.2	78.2	77.2	29.843	0.00	0.00	3	0.13	14	0.0	0.00	0.0	0.000	0.198	75.8	97	74.9	79.8	21.75	 .0718	0.000	699	1	100.0	30
05/13/20	6:00 a	74.8	74.8	74.4	100	74.8	0.0	S	0.00	1.0	S	74.8	78.6	78.6	78.0	29.854	0.00	0.00	19	0.82	25	0.0	0.00	0.0	0.000	0.204	76.0	97	75.1	80.1	21.75	 .0718	0.000	703	1	100.0	30
05/13/20	6:30 a	75.5	75.6	74.8	100	75.5	0.0	S	0.00	1.0	S	75.5	79.6	79.6	80.4	29.867	0.00	0.00	34	1.46	40	0.0	0.00	0.0	0.000	0.219	76.8	97	75.9	81.4	21.75	 .0716	0.000	700	1	100.0	30
05/13/20	7:00 a	77.3	77.3	75.5	100	77.3	0.0	S	0.00	1.0	S	77.3	82.9	82.9	86.7	29.878	0.00	0.00	112	4.82	158	0.6	0.13	0.9	0.000	0.256	78.6	98	78.0	85.4	21.85	 .0712	0.002	702	1	100.0	30
05/13/20	7:30 a	78.4	78.4	77.3	100	78.4	1.0	S	0.50	2.0	S	78.4	85.4	85.4	89.9	29.882	0.00	0.00	151	6.49	359	1.3	0.28	2.0	0.000	0.279	80.1	96	78.9	88.7	21.75	 .0710	0.000	701	1	100.0	30
05/13/20	8:00 a	79.9	80.2	78.4	100	79.9	1.0	NE	0.50	4.0	NNW	79.9	89.3	89.3	99.5	29.889	0.00	0.00	399	17.16	497	2.7	0.58	3.3	0.000	0.310	82.0	94	80.1	93.5	21.39	 .0707	0.007	702	1	100.0	30
05/13/20	8:30 a	81.3	81.8	79.9	100	81.3	0.0	N	0.00	3.0	NNW	81.3	93.5	93.5	104.0	29.887	0.00	0.00	459	19.74	645	3.6	0.77	4.7	0.000	0.340	83.5	91	80.6	96.9	20.77	 .0704	0.000	700	1	100.0	30
05/13/20	9:00 a	83.9	84.2	81.4	100	83.9	1.0	SW	0.50	6.0	W	83.9	102.7	102.7	114.3	29.889	0.00	0.00	565	24.30	842	4.7	1.01	6.2	0.000	0.394	84.5	89	80.9	99.0	19.50	 .0703	0.013	701	1	100.0	30
05/13/20	9:30 a	85.5	85.6	83.9	100	85.5	2.0	SW	1.00	9.0	WSW	85.5	110.4	110.4	122.4	29.897	0.00	0.00	858	36.90	942	6.5	1.39	7.3	0.000	0.427	85.0	87	80.7	99.4	18.45	 .0702	0.000	700	1	100.0	30
05/13/20	10:00 a	86.5	86.5	85.0	100	86.5	2.0	SW	1.00	8.0	WSW	86.5	116.8	116.8	129.5	29.904	0.00	0.00	894	38.45	928	6.6	1.41	7.5	0.000	0.448	85.5	85	80.5	99.8	17.62	 .0702	0.022	698	1	100.0	30
05/13/20	10:30 a	85.2	86.4	84.7	100	85.2	2.0	SW	1.00	11.0	SSE	85.2	108.7	108.7	121.7	29.904	0.00	0.00	725	31.18	1092	6.9	1.48	11.1	0.000	0.421	85.9	85	80.9	100.9	17.60	 .0701	0.000	701	1	100.0	30
05/13/20	11:00 a	86.7	87.0	85.2	100	86.7	3.0	SW	1.50	9.0	WSW	86.7	118.3	118.3	129.3	29.899	0.00	0.00	1023	43.99	1099	10.9	2.34	11.4	0.000	0.452	86.2	85	81.2	102.0	17.58	 .0700	0.022	697	1	100.0	30
05/13/20	11:30 a	85.9	87.2	85.9	100	85.9	3.0	SW	1.50	10.0	SSW	85.9	112.6	112.6	125.0	29.890	0.00	0.00	965	41.50	1146	10.5	2.25	12.0	0.000	0.435	86.3	85	81.3	102.5	17.57	 .0700	0.000	698	1	100.0	30
05/13/20	12:00 p	86.2	86.2	85.2	100	86.2	2.0	SSW	1.00	8.0	WSW	86.2	114.7	114.7	126.4	29.878	0.00	0.00	580	24.94	1183	7.4	1.59	12.2	0.000	0.442	86.3	84	80.9	101.9	17.20	 .0700	0.020	699	1	100.0	30
05/13/20	12:30 p	87.5	87.6	85.7	100	87.5	2.0	SSW	1.00	10.0	WSW	87.5	125.4	125.4	137.0	29.859	0.00	0.00	1020	43.87	1209	10.2	2.19	12.1	0.000	0.469	86.9	83	81.1	103.7	16.77	 .0699	0.000	701	1	100.0	30
05/13/20	1:00 p	85.9	87.8	85.8	100	85.9	3.0	SW	1.50	11.0	SSE	85.9	112.6	112.6	125.9	29.849	0.00	0.00	855	36.77	1104	9.0	1.93	11.1	0.000	0.435	87.5	83	81.7	105.5	16.75	 .0697	0.023	699	1	100.0	30
05/13/20	1:30 p	84.6	85.8	83.6	100	84.6	2.0	SSW	1.00	7.0	S	84.6	105.8	105.8	112.3	29.841	0.00	0.00	290	12.47	684	3.7	0.79	6.9	0.000	0.408	86.6	84	81.2	103.1	17.19	 .0699	0.000	702	1	100.0	30
05/13/20	2:00 p	84.3	85.1	83.8	100	84.3	2.0	SSE	1.00	9.0	WSW	84.3	104.5	104.5	114.4	29.832	0.00	0.00	456	19.61	905	4.7	1.01	8.0	0.000	0.402	86.8	84	81.4	103.9	17.18	 .0698	0.011	698	1	100.0	30
05/13/20	2:30 p	84.0	84.3	82.9	100	84.0	2.0	SW	1.00	9.0	W	84.0	103.1	103.1	110.4	29.824	0.00	0.00	304	13.07	708	2.9	0.62	4.9	0.000	0.396	85.5	84	80.1	99.4	17.23	 .0700	0.000	700	1	100.0	30
05/13/20	3:00 p	82.8	84.3	82.8	100	82.8	2.0	SSW	1.00	10.0	SSE	82.8	98.5	98.5	105.8	29.821	0.00	0.00	280	12.04	519	2.3	0.49	3.6	0.000	0.371	85.4	83	79.6	98.7	16.83	 .0701	0.008	703	1	100.0	30
05/13/20	3:30 p	81.9	82.8	81.8	100	81.9	2.0	SSW	1.00	6.0	SW	81.9	95.4	95.4	98.2	29.820	0.00	0.00	102	4.39	132	0.7	0.15	1.0	0.000	0.352	84.5	85	79.5	97.3	17.68	 .0702	0.000	702	1	100.0	30
05/13/20	4:00 p	81.4	81.9	81.3	100	81.4	1.0	SSW	0.50	6.0	W	81.4	93.8	93.8	95.1	29.830	0.00	0.00	50	2.15	91	0.1	0.02	0.5	0.000	0.342	83.8	85	78.8	95.5	17.72	 .0704	0.002	701	1	100.0	30
05/13/20	4:30 p	81.3	81.5	81.2	100	81.3	1.0	SSE	0.50	7.0	W	81.3	93.5	93.5	96.2	29.827	0.00	0.00	74	3.18	128	0.2	0.04	0.5	0.000	0.340	83.5	85	78.5	94.6	17.74	 .0704	0.000	701	1	100.0	30
05/13/20	5:00 p	81.3	81.8	81.2	100	81.3	1.0	E	0.50	7.0	NNE	81.3	93.5	93.5	96.0	29.831	0.00	0.00	62	2.67	121	0.0	0.00	0.0	0.000	0.340	83.3	85	78.3	94.0	17.75	 .0705	0.002	699	1	100.0	30
05/13/20	5:30 p	80.2	81.2	80.1	100	80.2	1.0	S	0.50	5.0	SSW	80.2	90.2	90.2	89.9	29.841	0.00	0.00	33	1.42	60	0.0	0.00	0.0	0.000	0.317	82.7	86	78.1	92.6	18.19	 .0706	0.000	699	1	100.0	30
05/13/20	6:00 p	79.4	80.3	79.4	100	79.4	1.0	WNW	0.50	4.0	S	79.4	87.9	87.9	86.8	29.855	0.01	0.00	0	0.00	5	0.0	0.00	0.0	0.000	0.300	82.1	88	78.2	91.7	19.14	 .0707	0.000	702	1	100.0	30
05/13/20	6:30 p	79.1	79.6	79.1	100	79.1	0.0	SE	0.00	2.0	SSE	79.1	87.1	87.1	86.0	29.864	0.02	0.06	0	0.00	0	0.0	0.00	0.0	0.000	0.294	81.6	90	78.4	90.9	20.32	 .0708	0.000	700	1	100.0	30
05/13/20	7:00 p	78.8	79.1	78.7	100	78.8	0.0	ESE	0.00	2.0	SE	78.8	86.3	86.3	85.2	29.864	0.01	0.06	0	0.00	0	0.0	0.00	0.0	0.000	0.288	81.3	91	78.4	90.4	20.95	 .0708	0.000	701	1	100.0	30
05/13/20	7:30 p	78.6	78.9	78.6	100	78.6	0.0	ESE	0.00	4.0	W	78.6	85.8	85.8	84.7	29.873	0.01	0.00	0	0.00	0	0.0	0.00	0.0	0.000	0.283	81.0	92	78.5	89.8	21.17	 .0709	0.000	700	1	100.0	30
05/13/20	8:00 p	78.5	78.7	78.4	100	78.5	0.0	W	0.00	2.0	W	78.5	85.6	85.6	84.5	29.882	0.00	0.00	0	0.00	0	0.0	0.00	0.0	0.000	0.281	80.9	92	78.4	89.6	21.17	 .0709	0.000	701	1	100.0	30
05/13/20	8:30 p	78.1	78.6	78.0	100	78.1	0.0	W	0.00	2.0	W	78.1	84.6	84.6	83.5	29.876	0.00	0.00	0	0.00	0	0.0	0.00	0.0	0.000	0.273	80.6	93	78.4	89.1	21.26	 .0709	0.000	702	1	100.0	30
05/13/20	9:00 p	78.2	78.3	77.9	100	78.2	0.0	W	0.00	2.0	W	78.2	84.9	84.9	83.8	29.877	0.00	0.00	0	0.00	0	0.0	0.00	0.0	0.000	0.275	80.3	94	78.4	88.6	21.36	 .0710	0.000	702	1	100.0	30
05/13/20	9:30 p	78.1	78.4	78.1	100	78.1	0.0	NW	0.00	2.0	NW	78.1	84.6	84.6	83.5	29.880	0.01	0.00	0	0.00	0	0.0	0.00	0.0	0.000	0.273	80.3	94	78.4	88.6	21.36	 .0710	0.000	701	1	100.0	30
05/13/20	10:00 p	78.1	78.3	78.1	100	78.1	0.0	---	0.00	0.0	---	78.1	84.6	84.6	83.5	29.881	0.00	0.00	0	0.00	0	0.0	0.00	0.0	0.000	0.273	80.2	94	78.3	88.4	21.35	 .0710	0.000	701	1	100.0	30
05/13/20	10:30 p	78.1	78.2	78.0	100	78.1	0.0	NW	0.00	1.0	NW	78.1	84.6	84.6	83.5	29.878	0.00	0.00	0	0.00	0	0.0	0.00	0.0	0.000	0.273	80.1	94	78.2	88.1	21.35	 .0710	0.000	700	1	100.0	30
05/13/20	11:00 p	78.1	78.2	78.0	100	78.1	0.0	NW	0.00	1.0	NW	78.1	84.6	84.6	83.5	29.874	0.00	0.00	0	0.00	0	0.0	0.00	0.0	0.000	0.273	80.0	95	78.4	88.1	21.65	 .0710	0.000	701	1	100.0	30
05/13/20	11:30 p	77.8	78.1	77.7	100	77.8	0.0	---	0.00	0.0	---	77.8	84.0	84.0	82.8	29.859	0.00	0.00	0	0.00	0	0.0	0.00	0.0	0.000	0.267	79.9	95	78.3	87.9	21.65	 .0710	0.000	702	1	100.0	30
05/14/20	12:00 a	77.9	77.9	77.8	100	77.9	0.0	---	0.00	0.0	---	77.9	84.2	84.2	83.0	29.851	0.00	0.00	0	0.00	0	0.0	0.00	0.0	0.000	0.269	79.7	95	78.1	87.4	21.65	 .0710	0.000	700	1	100.0	30
05/14/20	12:30 a	77.8	78.0	77.7	100	77.8	0.0	---	0.00	0.0	---	77.8	84.0	84.0	82.8	29.840	0.00	0.00	0	0.00	0	0.0	0.00	0.0	0.000	0.267	79.7	95	78.1	87.4	21.65	 .0710	0.000	698	1	100.0	30
05/14/20	1:00 a	77.6	77.8	77.6	100	77.6	0.0	---	0.00	0.0	---	77.6	83.5	83.5	82.3	29.828	0.00	0.00	0	0.00	0	0.0	0.00	0.0	0.000	0.262	79.6	95	78.0	87.2	21.65	 .0710	0.000	699	1	100.0	30
05/14/20	1:30 a	77.5	77.6	77.5	100	77.5	0.0	---	0.00	0.0	---	77.5	83.3	83.3	82.1	29.823	0.00	0.00	0	0.00	0	0.0	0.00	0.0	0.000	0.260	79.3	95	77.7	86.5	21.65	 .0710	0.000	702	1	100.0	30
05/14/20	2:00 a	77.6	77.7	77.5	100	77.6	0.0	---	0.00	0.0	---	77.6	83.5	83.5	82.3	29.816	0.00	0.00	0	0.00	0	0.0	0.00	0.0	0.000	0.262	79.3	96	78.1	86.7	21.75	 .0710	0.000	700	1	100.0	30
05/14/20	2:30 a	77.7	77.8	77.6	100	77.7	0.0	---	0.00	0.0	---	77.7	83.7	83.7	82.5	29.807	0.00	0.00	0	0.00	0	0.0	0.00	0.0	0.000	0.265	79.3	96	78.1	86.7	21.75	 .0710	0.000	703	1	100.0	30
05/14/20	3:00 a	77.4	77.7	77.4	100	77.4	0.0	---	0.00	0.0	---	77.4	83.1	83.1	81.9	29.807	0.00	0.00	0	0.00	0	0.0	0.00	0.0	0.000	0.258	79.2	96	78.0	86.5	21.75	 .0710	0.000	699	1	100.0	30
05/14/20	3:30 a	77.1	77.4	77.0	100	77.1	0.0	---	0.00	0.0	---	77.1	82.4	82.4	81.2	29.807	0.00	0.00	0	0.00	0	0.0	0.00	0.0	0.000	0.252	79.0	96	77.8	86.0	21.75	 .0710	0.000	700	1	100.0	30
05/14/20	4:00 a	77.3	77.4	77.1	100	77.3	0.0	---	0.00	0.0	---	77.3	82.9	82.9	81.7	29.807	0.00	0.00	0	0.00	0	0.0	0.00	0.0	0.000	0.256	79.0	96	77.8	86.0	21.75	 .0710	0.000	702	1	100.0	30
05/14/20	4:30 a	77.3	77.4	77.3	100	77.3	0.0	NNW	0.00	2.0	NNW	77.3	82.9	82.9	81.7	29.813	0.00	0.00	0	0.00	0	0.0	0.00	0.0	0.000	0.256	78.9	96	77.7	85.8	21.75	 .0711	0.000	699	1	100.0	30
05/14/20	5:00 a	77.5	77.6	77.3	100	77.5	0.0	NNW	0.00	1.0	NNW	77.5	83.3	83.3	82.1	29.824	0.00	0.00	0	0.00	0	0.0	0.00	0.0	0.000	0.260	79.0	96	77.8	86.0	21.75	 .0711	0.000	700	1	100.0	30
05/14/20	5:30 a	77.7	77.8	77.5	100	77.7	0.0	NNW	0.00	1.0	NNW	77.7	83.7	83.7	82.7	29.839	0.00	0.00	8	0.34	28	0.0	0.00	0.0	0.000	0.265	79.2	96	78.0	86.5	21.75	 .0711	0.000	697	1	100.0	30
05/14/20	6:00 a	77.8	78.1	77.7	100	77.8	0.0	SW	0.00	3.0	W	77.8	84.0	84.0	84.1	29.848	0.06	0.39	55	2.37	70	0.0	0.00	0.0	0.000	0.267	79.3	96	78.1	86.7	21.75	 .0711	0.001	702	1	100.0	30
05/14/20	6:30 a	78.4	78.5	77.8	100	78.4	0.0	SW	0.00	2.0	SW	78.4	85.4	85.4	88.4	29.869	0.03	0.21	80	3.44	98	0.0	0.00	0.0	0.000	0.279	79.7	96	78.5	87.7	21.75	 .0710	0.000	696	1	100.0	30
05/14/20	7:00 a	78.9	78.9	78.2	100	78.9	0.0	SW	0.00	1.0	SW	78.9	86.6	86.6	90.4	29.868	0.01	0.05	111	4.77	156	0.2	0.04	0.7	0.000	0.290	80.2	96	79.0	88.9	21.75	 .0709	0.002	701	1	100.0	30
05/14/20	7:30 a	79.2	79.7	78.9	100	79.2	0.0	SW	0.00	2.0	SW	79.2	87.4	87.4	96.1	29.885	0.00	0.00	289	12.43	489	1.4	0.30	2.1	0.000	0.296	81.6	95	80.0	92.6	21.65	 .0707	0.000	699	1	100.0	30
05/14/20	8:00 a	80.5	80.9	79.2	100	80.5	1.0	WSW	0.50	5.0	SW	80.5	91.1	91.1	98.7	29.903	0.00	0.00	280	12.04	385	1.8	0.39	2.0	0.000	0.323	82.3	94	80.4	94.5	21.40	 .0706	0.007	700	1	100.0	30
05/14/20	8:30 a	80.1	81.2	80.0	100	80.1	0.0	SSW	0.00	3.0	SSW	80.1	89.9	89.9	96.5	29.912	0.00	0.00	270	11.61	367	2.3	0.49	2.7	0.000	0.315	82.9	94	81.0	96.5	21.41	 .0705	0.000	702	1	100.0	30
05/14/20	9:00 a	80.7	81.1	80.1	100	80.7	0.0	SSW	0.00	3.0	WSW	80.7	91.6	91.6	97.0	29.914	0.00	0.00	235	10.11	288	2.8	0.60	3.3	0.000	0.327	83.2	92	80.6	96.4	21.21	 .0705	0.006	701	1	100.0	30
05/14/20	9:30 a	81.4	81.4	80.4	100	81.4	0.0	S	0.00	4.0	SSW	81.4	93.8	93.8	100.5	29.915	0.00	0.00	301	12.94	346	3.6	0.77	4.0	0.000	0.342	83.6	91	80.7	97.2	20.76	 .0705	0.000	697	1	100.0	30
05/14/20	10:00 a	81.0	81.5	80.9	100	81.0	0.0	SSW	0.00	3.0	S	81.0	92.5	92.5	98.4	29.909	0.00	0.00	266	11.44	323	3.2	0.69	4.0	0.000	0.333	83.7	90	80.5	97.0	20.15	 .0705	0.007	698	1	100.0	30
05/14/20	10:30 a	80.7	81.1	80.3	100	80.7	0.0	S	0.00	4.0	SSE	80.7	91.6	91.6	95.3	29.906	0.00	0.00	179	7.70	288	2.3	0.49	3.7	0.000	0.327	83.2	90	80.0	95.4	20.19	 .0706	0.000	700	1	100.0	30
05/14/20	11:00 a	82.5	83.2	80.7	100	82.5	1.0	SSW	0.50	6.0	SW	82.5	97.4	97.4	108.6	29.891	0.00	0.00	558	24.00	805	6.9	1.48	10.3	0.000	0.365	84.6	88	80.6	98.8	18.89	 .0703	0.009	697	1	100.0	30
05/14/20	11:30 a	83.3	83.3	81.8	100	83.3	1.0	S	0.50	5.0	SSW	83.3	100.4	100.4	112.6	29.882	0.00	0.00	630	27.09	779	8.1	1.74	9.3	0.000	0.381	85.4	86	80.7	100.1	18.03	 .0701	0.000	699	1	100.0	30
05/14/20	12:00 p	81.8	83.6	81.8	100	81.8	2.0	ESE	1.00	9.0	ESE	81.8	95.1	95.1	103.7	29.875	0.00	0.00	395	16.99	605	5.2	1.11	7.6	0.000	0.350	85.5	87	81.2	101.0	18.42	 .0701	0.013	700	1	100.0	30
05/14/20	12:30 p	82.5	83.6	81.5	100	82.5	2.0	SSE	1.00	7.0	SSE	82.5	97.4	97.4	109.0	29.860	0.00	0.00	593	25.50	823	7.2	1.54	10.8	0.000	0.365	86.4	85	81.4	102.9	17.57	 .0699	0.000	698	1	100.0	30
05/14/20	1:00 p	83.1	84.7	82.5	100	83.1	2.0	ESE	1.00	12.0	SSW	83.1	99.6	99.6	111.5	29.846	0.00	0.00	621	26.71	1049	6.9	1.48	11.0	0.000	0.377	86.5	85	81.4	103.3	17.56	 .0699	0.016	699	1	100.0	30
05/14/20	1:30 p	82.4	83.5	82.3	100	82.4	2.0	ESE	1.00	7.0	ESE	82.4	97.1	97.1	104.0	29.838	0.00	0.00	311	13.37	619	3.7	0.79	6.4	0.000	0.363	85.9	86	81.2	101.6	18.00	 .0699	0.000	701	1	100.0	30
05/14/20	2:00 p	82.5	82.9	82.1	100	82.5	2.0	SE	1.00	6.0	SSW	82.5	97.4	97.4	105.0	29.821	0.00	0.00	338	14.54	373	3.7	0.79	4.0	0.000	0.365	85.6	86	80.9	100.7	18.01	 .0700	0.008	701	1	100.0	30
05/14/20	2:30 p	82.2	83.0	82.0	100	82.2	1.0	SSE	0.50	4.0	SSE	82.2	96.4	96.4	103.5	29.821	0.00	0.00	296	12.73	348	3.1	0.66	3.6	0.000	0.358	85.2	86	80.5	99.5	18.04	 .0700	0.000	696	1	100.0	30
05/14/20	3:00 p	82.5	82.9	82.2	100	82.5	1.0	S	0.50	5.0	SSE	82.5	97.4	97.4	104.3	29.815	0.00	0.00	262	11.27	320	2.5	0.54	2.6	0.000	0.365	85.0	87	80.7	99.4	18.45	 .0700	0.007	702	1	100.0	30
05/14/20	3:30 p	81.7	83.0	81.7	100	81.7	1.0	NE	0.50	4.0	SE	81.7	94.7	94.7	100.8	29.814	0.00	0.00	207	8.90	278	1.6	0.34	2.4	0.000	0.348	84.9	88	80.9	99.6	18.86	 .0700	0.000	701	1	100.0	30
05/14/20	4:00 p	81.8	82.5	81.6	100	81.8	1.0	SSE	0.50	5.0	SSE	81.8	95.1	95.1	100.4	29.809	0.00	0.00	157	6.75	216	1.0	0.21	1.3	0.000	0.350	84.7	88	80.7	99.1	18.88	 .0701	0.005	699	1	100.0	30
05/14/20	4:30 p	81.7	82.1	81.5	100	81.7	0.0	SSE	0.00	2.0	SSE	81.7	94.7	94.7	99.5	29.812	0.00	0.00	125	5.38	139	0.6	0.13	0.7	0.000	0.348	84.4	90	81.1	99.2	20.10	 .0701	0.000	698	1	100.0	30
05/14/20	5:00 p	81.4	81.8	81.3	100	81.4	0.0	SSE	0.00	1.0	SSE	81.4	93.8	93.8	97.8	29.809	0.00	0.00	103	4.43	120	0.0	0.00	0.0	0.000	0.342	84.2	90	80.9	98.6	20.11	 .0701	0.003	701	1	100.0	30
05/14/20	5:30 p	80.7	81.4	80.7	100	80.7	0.0	SSE	0.00	1.0	SSE	80.7	91.6	91.6	91.4	29.810	0.00	0.00	43	1.85	77	0.0	0.00	0.0	0.000	0.327	83.6	91	80.7	97.2	20.76	 .0702	0.000	699	1	100.0	30
05/14/20	6:00 p	79.8	80.7	79.8	100	79.8	0.0	SSE	0.00	1.0	SSE	79.8	89.0	89.0	87.8	29.820	0.00	0.00	4	0.17	14	0.0	0.00	0.0	0.000	0.308	82.6	91	79.7	94.2	20.84	 .0704	0.001	700	1	100.0	30
05/14/20	6:30 p	79.3	79.8	79.2	100	79.3	0.0	---	0.00	0.0	---	79.3	87.6	87.6	86.4	29.821	0.00	0.00	0	0.00	0	0.0	0.00	0.0	0.000	0.298	81.9	92	79.3	92.5	21.19	 .0706	0.000	698	1	100.0	30
05/14/20	7:00 p	78.7	79.3	78.7	100	78.7	0.0	---	0.00	0.0	---	78.7	86.1	86.1	84.8	29.824	0.00	0.00	0	0.00	0	0.0	0.00	0.0	0.000	0.285	81.2	92	78.7	90.4	21.17	 .0707	0.000	699	1	100.0	30
05/14/20	7:30 p	78.2	78.7	78.2	100	78.2	0.0	---	0.00	0.0	---	78.2	84.9	84.9	83.6	29.831	0.00	0.00	0	0.00	0	0.0	0.00	0.0	0.000	0.275	80.8	93	78.6	89.6	21.27	 .0708	0.000	702	1	100.0	30
05/14/20	8:00 p	78.2	78.2	78.1	100	78.2	0.0	---	0.00	0.0	---	78.2	84.9	84.9	83.6	29.836	0.00	0.00	0	0.00	0	0.0	0.00	0.0	0.000	0.275	80.3	94	78.4	88.6	21.36	 .0709	0.000	701	1	100.0	30
05/14/20	8:30 p	77.7	78.2	77.7	100	77.7	0.0	---	0.00	0.0	---	77.7	83.7	83.7	82.3	29.840	0.00	0.00	0	0.00	0	0.0	0.00	0.0	0.000	0.265	80.0	94	78.1	87.8	21.35	 .0710	0.000	702	1	100.0	30
05/14/20	9:00 p	77.4	77.8	77.4	100	77.4	0.0	---	0.00	0.0	---	77.4	83.1	83.1	81.7	29.846	0.00	0.00	0	0.00	0	0.0	0.00	0.0	0.000	0.258	79.6	94	77.7	86.9	21.35	 .0711	0.000	700	1	100.0	30
05/14/20	9:30 p	77.1	77.5	77.1	100	77.1	0.0	---	0.00	0.0	---	77.1	82.4	82.4	81.0	29.853	0.00	0.00	0	0.00	0	0.0	0.00	0.0	0.000	0.252	79.4	94	77.5	86.5	21.35	 .0711	0.000	703	1	100.0	30
05/14/20	10:00 p	77.1	77.2	77.1	100	77.1	0.0	---	0.00	0.0	---	77.1	82.4	82.4	81.0	29.855	0.00	0.00	0	0.00	0	0.0	0.00	0.0	0.000	0.252	79.3	94	77.4	86.3	21.35	 .0711	0.000	699	1	100.0	30
05/14/20	10:30 p	76.8	77.1	76.8	100	76.8	0.0	---	0.00	0.0	---	76.8	81.8	81.8	80.4	29.861	0.00	0.00	0	0.00	0	0.0	0.00	0.0	0.000	0.246	79.0	94	77.1	85.6	21.35	 .0712	0.000	699	1	100.0	30
05/14/20	11:00 p	76.6	76.8	76.5	100	76.6	0.0	---	0.00	0.0	---	76.6	81.4	81.4	80.0	29.858	0.00	0.00	0	0.00	0	0.0	0.00	0.0	0.000	0.242	78.8	95	77.2	85.3	21.65	 .0712	0.000	701	1	100.0	30
05/14/20	11:30 p	76.4	76.6	76.4	100	76.4	0.0	---	0.00	0.0	---	76.4	81.1	81.1	79.7	29.853	0.00	0.00	0	0.00	0	0.0	0.00	0.0	0.000	0.238	78.5	95	76.9	84.6	21.65	 .0713	0.000	702	1	100.0	30
05/15/20	12:00 a	76.4	76.5	76.3	100	76.4	0.0	---	0.00	0.0	---	76.4	81.1	81.1	79.7	29.844	0.00	0.00	0	0.00	0	0.0	0.00	0.0	0.000	0.238	78.3	95	76.7	84.1	21.65	 .0713	0.000	701	1	100.0	30
05/15/20	12:30 a	76.1	76.5	76.1	100	76.1	0.0	---	0.00	0.0	---	76.1	80.5	80.5	79.1	29.829	0.00	0.00	0	0.00	0	0.0	0.00	0.0	0.000	0.231	78.2	95	76.6	83.9	21.65	 .0713	0.000	702	1	100.0	30
05/15/20	1:00 a	76.0	76.2	76.0	100	76.0	0.0	---	0.00	0.0	---	76.0	80.3	80.3	78.9	29.821	0.00	0.00	0	0.00	0	0.0	0.00	0.0	0.000	0.229	78.0	95	76.5	83.4	21.65	 .0713	0.000	700	1	100.0	30
05/15/20	1:30 a	75.8	76.0	75.8	100	75.8	0.0	---	0.00	0.0	---	75.8	80.0	80.0	78.5	29.817	0.00	0.00	0	0.00	0	0.0	0.00	0.0	0.000	0.225	77.8	95	76.3	83.0	21.65	 .0713	0.000	702	1	100.0	30
05/15/20	2:00 a	75.6	75.8	75.6	100	75.6	0.0	---	0.00	0.0	---	75.6	79.7	79.7	78.2	29.809	0.00	0.00	0	0.00	0	0.0	0.00	0.0	0.000	0.221	77.6	95	76.1	82.6	21.65	 .0714	0.000	698	1	100.0	30
05/15/20	2:30 a	75.5	75.7	75.4	100	75.5	0.0	---	0.00	0.0	---	75.5	79.6	79.6	78.1	29.802	0.00	0.00	0	0.00	0	0.0	0.00	0.0	0.000	0.219	77.4	95	75.9	82.3	21.65	 .0714	0.000	701	1	100.0	30
05/15/20	3:00 a	75.3	75.5	75.3	100	75.3	0.0	---	0.00	0.0	---	75.3	79.3	79.3	77.8	29.799	0.00	0.00	0	0.00	0	0.0	0.00	0.0	0.000	0.215	77.3	95	75.8	82.1	21.65	 .0714	0.000	701	1	100.0	30
05/15/20	3:30 a	75.1	75.3	75.1	100	75.1	0.0	---	0.00	0.0	---	75.1	78.9	78.9	77.4	29.798	0.00	0.00	0	0.00	0	0.0	0.00	0.0	0.000	0.210	77.1	95	75.6	81.7	21.65	 .0714	0.000	700	1	100.0	30
05/15/20	4:00 a	74.9	75.1	74.9	100	74.9	0.0	---	0.00	0.0	---	74.9	78.7	78.7	77.1	29.799	0.00	0.00	0	0.00	0	0.0	0.00	0.0	0.000	0.206	76.9	95	75.4	81.4	21.65	 .0715	0.000	700	1	100.0	30
05/15/20	4:30 a	74.7	75.0	74.6	100	74.7	0.0	---	0.00	0.0	---	74.7	78.4	78.4	76.8	29.806	0.00	0.00	0	0.00	0	0.0	0.00	0.0	0.000	0.202	76.7	95	75.2	81.0	21.65	 .0715	0.000	699	1	100.0	30
05/15/20	5:00 a	74.7	74.8	74.6	100	74.7	0.0	---	0.00	0.0	---	74.7	78.4	78.4	76.8	29.817	0.00	0.00	0	0.00	0	0.0	0.00	0.0	0.000	0.202	76.6	95	75.1	80.9	21.65	 .0716	0.000	700	1	100.0	30
05/15/20	5:30 a	74.5	74.8	74.4	100	74.5	0.0	---	0.00	0.0	---	74.5	78.2	78.2	76.7	29.829	0.00	0.00	2	0.09	9	0.0	0.00	0.0	0.000	0.198	76.4	95	74.9	80.6	21.65	 .0717	0.000	700	1	100.0	30
05/15/20	6:00 a	74.9	74.9	74.5	100	74.9	0.0	---	0.00	0.0	---	74.9	78.7	78.7	77.4	29.833	0.00	0.00	15	0.65	23	0.0	0.00	0.0	0.000	0.206	76.7	96	75.5	81.2	21.75	 .0716	0.000	703	1	100.0	30
05/15/20	6:30 a	75.5	75.5	74.9	100	75.5	0.0	---	0.00	0.0	---	75.5	79.6	79.6	80.1	29.840	0.00	0.00	27	1.16	30	0.0	0.00	0.0	0.000	0.219	77.6	96	76.4	82.8	21.75	 .0714	0.000	700	1	100.0	30
05/15/20	7:00 a	76.3	76.3	75.5	100	76.3	0.0	---	0.00	0.0	---	76.3	80.9	80.9	81.5	29.850	0.00	0.00	34	1.46	40	0.0	0.00	0.0	0.000	0.235	79.0	96	77.8	86.0	21.75	 .0711	0.001	700	1	100.0	30
05/15/20	7:30 a	77.1	77.1	76.2	100	77.1	0.0	---	0.00	0.0	---	77.1	82.4	82.4	84.8	29.863	0.00	0.00	90	3.87	292	0.6	0.13	1.9	0.000	0.252	80.3	94	78.4	88.6	21.36	 .0710	0.000	699	1	100.0	30
05/15/20	8:00 a	78.5	78.5	77.1	100	78.5	0.0	---	0.00	0.0	---	78.5	85.6	85.6	95.5	29.869	0.00	0.00	388	16.69	464	2.5	0.54	3.1	0.000	0.281	81.7	94	79.8	92.6	21.38	 .0707	0.006	698	1	100.0	30
05/15/20	8:30 a	80.3	80.3	78.4	100	80.3	0.0	---	0.00	0.0	---	80.3	90.5	90.5	102.1	29.874	0.00	0.00	537	23.09	610	3.9	0.84	4.6	0.000	0.319	83.3	91	80.4	96.3	20.79	 .0704	0.000	697	1	100.0	30
05/15/20	9:00 a	84.5	84.5	80.4	100	84.5	0.0	SSW	0.00	4.0	SSW	84.5	105.3	105.3	118.1	29.872	0.00	0.00	688	29.59	759	5.3	1.14	6.0	0.000	0.406	84.6	87	80.3	98.4	18.47	 .0703	0.015	700	1	100.0	30
05/15/20	9:30 a	86.0	86.1	84.5	100	86.0	2.0	SSW	1.00	8.0	WSW	86.0	113.2	113.2	126.2	29.878	0.00	0.00	802	34.49	849	6.5	1.39	7.0	0.000	0.438	85.5	86	80.8	100.4	18.02	 .0701	0.000	702	1	100.0	30
05/15/20	10:00 a	86.2	86.3	85.6	100	86.2	2.0	WSW	1.00	8.0	W	86.2	114.7	114.7	127.6	29.869	0.00	0.00	882	37.93	928	5.8	1.24	7.1	0.000	0.442	86.0	84	80.6	100.7	17.21	 .0700	0.022	698	1	100.0	30
05/15/20	10:30 a	86.2	86.9	86.1	100	86.2	2.0	SW	1.00	5.0	S	86.2	114.7	114.7	127.8	29.863	0.00	0.00	911	39.18	970	5.8	1.24	10.2	0.000	0.442	86.8	82	80.6	102.7	16.48	 .0699	0.000	702	1	100.0	30
05/15/20	11:00 a	86.4	86.9	86.2	100	86.4	2.0	SSW	1.00	8.0	S	86.4	116.1	116.1	128.0	29.857	0.00	0.00	986	42.40	1002	10.8	2.31	11.1	0.000	0.446	87.1	82	80.9	103.7	16.47	 .0698	0.024	699	1	100.0	30
05/15/20	11:30 a	86.6	87.2	86.1	100	86.6	2.0	SSE	1.00	7.0	ESE	86.6	117.6	117.6	127.8	29.848	0.00	0.00	1020	43.87	1049	11.3	2.42	11.5	0.000	0.450	87.4	80	80.5	103.0	15.65	 .0698	0.000	701	1	100.0	30
05/15/20	12:00 p	86.7	88.0	86.6	100	86.7	2.0	S	1.00	5.0	SSE	86.7	118.3	118.3	129.0	29.833	0.00	0.00	1031	44.34	1055	11.5	2.46	11.7	0.000	0.452	88.2	82	82.0	107.0	16.42	 .0696	0.026	702	1	100.0	30
05/15/20	12:30 p	87.2	88.2	86.6	100	87.2	2.0	S	1.00	6.0	SSE	87.2	122.5	122.5	133.8	29.818	0.00	0.00	1001	43.05	1025	11.0	2.36	11.2	0.000	0.462	88.5	80	81.5	106.8	15.61	 .0695	0.000	700	1	100.0	30
05/15/20	1:00 p	87.0	87.8	86.8	100	87.0	2.0	SW	1.00	7.0	SE	87.0	120.5	120.5	132.4	29.804	0.00	0.00	964	41.46	983	10.1	2.16	10.6	0.000	0.458	88.4	79	81.1	105.7	15.25	 .0695	0.025	700	1	100.0	30
05/15/20	1:30 p	87.5	87.5	86.4	100	87.5	2.0	SSE	1.00	8.0	NNE	87.5	125.4	125.4	137.7	29.785	0.00	0.00	912	39.22	940	8.9	1.91	9.5	0.000	0.469	88.4	79	81.1	105.7	15.25	 .0695	0.000	699	1	100.0	30
05/15/20	2:00 p	87.5	88.3	87.2	100	87.5	2.0	SSW	1.00	6.0	SSE	87.5	125.4	125.4	138.2	29.772	0.00	0.00	851	36.60	891	7.5	1.61	8.2	0.000	0.469	88.0	80	81.0	104.4	15.63	 .0695	0.023	699	1	100.0	30
05/15/20	2:30 p	87.4	88.0	87.0	100	87.4	2.0	SE	1.00	7.0	S	87.4	124.5	124.5	137.6	29.770	0.00	0.00	763	32.81	802	5.9	1.26	6.6	0.000	0.467	87.6	80	80.7	103.5	15.65	 .0696	0.000	700	1	100.0	30
05/15/20	3:00 p	83.8	87.4	83.8	100	83.8	2.0	SE	1.00	5.0	SSW	83.8	102.3	102.3	110.8	29.757	0.00	0.00	331	14.23	729	2.2	0.47	5.0	0.000	0.392	86.3	81	79.8	100.3	16.10	 .0698	0.014	701	1	100.0	30
05/15/20	3:30 p	84.1	84.1	82.4	100	84.1	1.0	SE	0.50	4.0	SSE	84.1	103.5	103.5	110.0	29.752	0.00	0.00	215	9.25	471	1.8	0.39	2.1	0.000	0.398	85.4	84	80.0	99.1	17.23	 .0699	0.000	698	1	100.0	30
05/15/20	4:00 p	85.5	85.7	83.9	100	85.5	1.0	ESE	0.50	6.0	SSE	85.5	110.4	110.4	123.0	29.754	0.00	0.00	432	18.58	478	1.7	0.36	2.1	0.000	0.427	85.1	84	79.7	98.3	17.25	 .0700	0.008	701	1	100.0	30
05/15/20	4:30 p	84.2	85.5	84.1	100	84.2	1.0	SE	0.50	6.0	SSE	84.2	104.0	104.0	106.9	29.754	0.00	0.00	76	3.27	220	0.7	0.15	1.1	0.000	0.400	84.9	84	79.5	97.8	17.25	 .0700	0.000	701	1	100.0	30
05/15/20	5:00 p	82.9	84.4	82.9	100	82.9	1.0	ESE	0.50	3.0	ESE	82.9	98.9	98.9	100.7	29.750	0.00	0.00	46	1.98	51	0.0	0.00	0.0	0.000	0.373	84.4	86	79.7	97.4	18.09	 .0700	0.002	700	1	100.0	30
05/15/20	5:30 p	81.2	83.0	81.2	100	81.2	0.0	S	0.00	1.0	S	81.2	93.1	93.1	92.6	29.764	0.00	0.00	19	0.82	44	0.0	0.00	0.0	0.000	0.337	83.8	88	79.9	96.6	18.97	 .0701	0.000	701	1	100.0	30
05/15/20	6:00 p	80.5	81.3	80.5	100	80.5	0.0	---	0.00	0.0	---	80.5	91.1	91.1	90.2	29.776	0.00	0.00	2	0.09	12	0.0	0.00	0.0	0.000	0.323	83.2	89	79.6	95.1	19.63	 .0703	0.000	701	1	100.0	30
05/15/20	6:30 p	79.9	80.5	79.9	100	79.9	0.0	---	0.00	0.0	---	79.9	89.3	89.3	88.3	29.774	0.00	0.00	0	0.00	0	0.0	0.00	0.0	0.000	0.310	82.8	89	79.2	93.9	19.67	 .0703	0.000	699	1	100.0	30
05/15/20	7:00 p	79.3	79.9	79.3	100	79.3	0.0	---	0.00	0.0	---	79.3	87.6	87.6	86.6	29.772	0.00	0.00	0	0.00	0	0.0	0.00	0.0	0.000	0.298	82.2	90	79.0	92.6	20.27	 .0704	0.000	697	1	100.0	30
05/15/20	7:30 p	78.7	79.3	78.6	100	78.7	0.0	---	0.00	0.0	---	78.7	86.1	86.1	85.0	29.789	0.00	0.00	0	0.00	0	0.0	0.00	0.0	0.000	0.285	81.6	90	78.4	90.9	20.32	 .0706	0.000	701	1	100.0	30
05/15/20	8:00 p	78.5	78.8	78.5	100	78.5	0.0	---	0.00	0.0	---	78.5	85.6	85.6	84.5	29.801	0.00	0.00	0	0.00	0	0.0	0.00	0.0	0.000	0.281	81.2	91	78.3	90.1	20.95	 .0707	0.000	700	1	100.0	30
05/15/20	8:30 p	78.4	78.5	78.3	100	78.4	0.0	---	0.00	0.0	---	78.4	85.4	85.4	84.3	29.800	0.00	0.00	0	0.00	0	0.0	0.00	0.0	0.000	0.279	80.8	92	78.3	89.3	21.17	 .0707	0.000	702	1	100.0	30
05/15/20	9:00 p	77.8	78.4	77.7	100	77.8	0.0	---	0.00	0.0	---	77.8	84.0	84.0	82.9	29.805	0.00	0.00	0	0.00	0	0.0	0.00	0.0	0.000	0.267	80.5	92	78.0	88.6	21.16	 .0708	0.000	700	1	100.0	30
05/15/20	9:30 p	77.2	77.8	77.2	100	77.2	0.0	---	0.00	0.0	---	77.2	82.6	82.6	81.5	29.809	0.00	0.00	0	0.00	0	0.0	0.00	0.0	0.000	0.254	80.1	92	77.6	87.6	21.15	 .0709	0.000	701	1	100.0	30
05/15/20	10:00 p	76.9	77.3	76.8	100	76.9	0.0	---	0.00	0.0	---	76.9	82.0	82.0	80.8	29.821	0.00	0.00	0	0.00	0	0.0	0.00	0.0	0.000	0.248	79.7	92	77.2	86.7	21.14	 .0710	0.000	699	1	100.0	30
05/15/20	10:30 p	76.8	76.9	76.7	100	76.8	0.0	---	0.00	0.0	---	76.8	81.8	81.8	80.6	29.821	0.00	0.00	0	0.00	0	0.0	0.00	0.0	0.000	0.246	79.4	92	76.9	86.0	21.14	 .0711	0.000	701	1	100.0	30
05/15/20	11:00 p	76.7	76.9	76.7	100	76.7	0.0	---	0.00	0.0	---	76.7	81.6	81.6	80.4	29.817	0.00	0.00	0	0.00	0	0.0	0.00	0.0	0.000	0.244	79.3	93	77.1	86.0	21.24	 .0711	0.000	701	1	100.0	30
05/15/20	11:30 p	76.7	76.8	76.5	100	76.7	0.0	---	0.00	0.0	---	76.7	81.6	81.6	80.4	29.814	0.00	0.00	0	0.00	0	0.0	0.00	0.0	0.000	0.244	79.2	93	77.0	85.8	21.23	 .0711	0.000	702	1	100.0	30
05/16/20	12:00 a	76.5	76.7	76.4	100	76.5	0.0	---	0.00	0.0	---	76.5	81.3	81.3	80.1	29.803	0.00	0.00	0	0.00	0	0.0	0.00	0.0	0.000	0.240	78.9	93	76.7	85.1	21.23	 .0711	0.000	698	1	100.0	30
05/16/20	12:30 a	76.8	76.8	76.4	100	76.8	0.0	---	0.00	0.0	---	76.8	81.8	81.8	80.6	29.793	0.00	0.00	0	0.00	0	0.0	0.00	0.0	0.000	0.246	79.0	94	77.1	85.6	21.35	 .0710	0.000	699	1	100.0	30
05/16/20	1:00 a	77.1	77.1	76.7	100	77.1	0.0	---	0.00	0.0	---	77.1	82.4	82.4	81.3	29.782	0.00	0.00	0	0.00	0	0.0	0.00	0.0	0.000	0.252	79.1	94	77.2	85.8	21.35	 .0710	0.000	699	1	100.0	30
05/16/20	1:30 a	77.3	77.3	77.0	100	77.3	0.0	---	0.00	0.0	---	77.3	82.9	82.9	81.8	29.775	0.00	0.00	0	0.00	0	0.0	0.00	0.0	0.000	0.256	79.2	94	77.3	86.0	21.35	 .0710	0.000	699	1	100.0	30
05/16/20	2:00 a	77.2	77.4	77.2	100	77.2	0.0	---	0.00	0.0	---	77.2	82.6	82.6	81.5	29.773	0.00	0.00	0	0.00	0	0.0	0.00	0.0	0.000	0.254	79.1	95	77.5	86.0	21.65	 .0710	0.000	701	1	100.0	30
05/16/20	2:30 a	77.0	77.2	76.9	100	77.0	0.0	---	0.00	0.0	---	77.0	82.2	82.2	81.1	29.766	0.00	0.00	0	0.00	0	0.0	0.00	0.0	0.000	0.250	79.1	95	77.5	86.0	21.65	 .0709	0.000	700	1	100.0	30
05/16/20	3:00 a	76.7	77.0	76.7	100	76.7	0.0	---	0.00	0.0	---	76.7	81.6	81.6	80.4	29.766	0.00	0.00	0	0.00	0	0.0	0.00	0.0	0.000	0.244	78.8	95	77.2	85.3	21.65	 .0710	0.000	702	1	100.0	30
05/16/20	3:30 a	76.5	76.7	76.4	100	76.5	0.0	---	0.00	0.0	---	76.5	81.3	81.3	80.1	29.765	0.00	0.00	0	0.00	0	0.0	0.00	0.0	0.000	0.240	78.5	94	76.6	84.4	21.35	 .0711	0.000	701	1	100.0	30
05/16/20	4:00 a	76.0	76.4	76.0	100	76.0	0.0	---	0.00	0.0	---	76.0	80.3	80.3	79.1	29.764	0.00	0.00	0	0.00	0	0.0	0.00	0.0	0.000	0.229	78.2	95	76.6	83.9	21.65	 .0711	0.000	701	1	100.0	30
05/16/20	4:30 a	75.7	76.0	75.7	100	75.7	0.0	---	0.00	0.0	---	75.7	79.8	79.8	78.6	29.765	0.00	0.00	0	0.00	0	0.0	0.00	0.0	0.000	0.223	77.9	95	76.4	83.2	21.65	 .0712	0.000	698	1	100.0	30
05/16/20	5:00 a	75.5	75.8	75.5	100	75.5	0.0	---	0.00	0.0	---	75.5	79.6	79.6	78.4	29.776	0.00	0.00	0	0.00	0	0.0	0.00	0.0	0.000	0.219	77.6	95	76.1	82.6	21.65	 .0713	0.000	701	1	100.0	30
05/16/20	5:30 a	75.3	75.5	75.2	100	75.3	0.0	---	0.00	0.0	---	75.3	79.3	79.3	78.1	29.783	0.00	0.00	2	0.09	9	0.0	0.00	0.0	0.000	0.215	77.4	95	75.9	82.3	21.65	 .0713	0.000	702	1	100.0	30
05/16/20	6:00 a	75.6	75.6	75.2	100	75.6	0.0	---	0.00	0.0	---	75.6	79.7	79.7	78.9	29.792	0.00	0.00	18	0.77	26	0.0	0.00	0.0	0.000	0.221	77.6	95	76.1	82.6	21.65	 .0713	0.000	698	1	100.0	30
05/16/20	6:30 a	76.2	76.2	75.5	100	76.2	0.0	---	0.00	0.0	---	76.2	80.7	80.7	81.4	29.805	0.00	0.00	31	1.33	35	0.0	0.00	0.0	0.000	0.233	78.6	95	77.0	84.8	21.65	 .0711	0.000	696	1	100.0	30
05/16/20	7:00 a	77.1	77.1	76.2	100	77.1	0.0	---	0.00	0.0	---	77.1	82.4	82.4	83.3	29.816	0.00	0.00	41	1.76	46	0.0	0.00	0.0	0.000	0.252	80.0	95	78.4	88.1	21.65	 .0709	0.001	700	1	100.0	30
05/16/20	7:30 a	78.0	78.0	77.1	100	78.0	0.0	---	0.00	0.0	---	78.0	84.4	84.4	86.2	29.824	0.00	0.00	70	3.01	162	0.6	0.13	1.7	0.000	0.271	81.2	94	79.3	91.0	21.37	 .0707	0.000	699	1	100.0	30
05/16/20	8:00 a	80.5	80.6	78.0	100	80.5	0.0	---	0.00	0.0	---	80.5	91.1	91.1	101.0	29.829	0.00	0.00	381	16.39	466	2.4	0.51	3.0	0.000	0.323	82.8	93	80.6	95.7	21.31	 .0704	0.006	695	1	100.0	30
05/16/20	8:30 a	82.8	83.2	80.4	100	82.8	0.0	---	0.00	0.0	---	82.8	98.5	98.5	110.0	29.841	0.00	0.00	520	22.36	594	3.5	0.75	4.1	0.000	0.371	84.4	90	81.1	99.2	20.10	 .0701	0.000	698	1	100.0	30
05/16/20	9:00 a	81.4	82.8	81.3	100	81.4	0.0	---	0.00	0.0	---	81.4	93.8	93.8	96.3	29.842	0.00	0.00	118	5.07	257	2.8	0.60	4.0	0.000	0.342	83.9	91	81.0	98.2	20.74	 .0702	0.008	697	1	100.0	30
05/16/20	9:30 a	85.9	85.9	81.2	100	85.9	0.0	---	0.00	0.0	---	85.9	112.6	112.6	124.9	29.846	0.00	0.00	646	27.78	853	5.5	1.18	6.7	0.000	0.435	84.9	88	80.9	99.6	18.86	 .0701	0.000	699	1	100.0	30
05/16/20	10:00 a	85.9	86.9	85.8	100	85.9	2.0	SSW	1.00	6.0	S	85.9	112.6	112.6	125.7	29.843	0.00	0.00	748	32.17	930	5.5	1.18	6.8	0.000	0.435	86.3	86	81.6	103.2	17.97	 .0699	0.017	698	1	100.0	30
05/16/20	10:30 a	86.9	87.8	85.1	100	86.9	2.0	S	1.00	6.0	W	86.9	119.8	119.8	133.3	29.844	0.00	0.00	832	35.78	976	6.1	1.31	9.8	0.000	0.456	87.0	86	82.3	106.3	17.93	 .0697	0.000	701	1	100.0	30
05/16/20	11:00 a	87.3	88.0	86.8	100	87.3	2.0	S	1.00	7.0	SW	87.3	123.5	123.5	135.7	29.829	0.00	0.00	981	42.19	1025	10.5	2.25	11.0	0.000	0.465	87.7	85	82.6	107.6	17.49	 .0696	0.023	699	1	100.0	30
05/16/20	11:30 a	87.5	89.2	87.2	100	87.5	2.0	S	1.00	7.0	WSW	87.5	125.4	125.4	136.0	29.837	0.00	0.00	1047	45.03	1273	10.3	2.21	12.2	0.000	0.469	89.0	83	83.2	112.0	16.69	 .0694	0.000	701	1	100.0	30
05/16/20	12:00 p	87.4	87.7	86.8	100	87.4	2.0	SSE	1.00	7.0	SSE	87.4	124.5	124.5	138.0	29.830	0.00	0.00	766	32.94	1155	9.3	1.99	12.1	0.000	0.467	88.9	83	83.1	111.5	16.69	 .0694	0.023	701	1	100.0	30
05/16/20	12:30 p	87.8	88.5	87.2	100	87.8	3.0	SE	1.50	10.0	SSE	87.8	128.4	128.4	140.7	29.816	0.00	0.00	966	41.54	1285	9.7	2.08	11.8	0.000	0.475	89.2	84	83.7	114.1	17.08	 .0692	0.000	698	1	100.0	30
05/16/20	1:00 p	87.7	88.4	86.9	100	87.7	2.0	S	1.00	7.0	SSE	87.7	127.4	127.4	140.9	29.797	0.00	0.00	807	34.71	1074	7.9	1.69	9.4	0.000	0.473	89.5	82	83.3	113.6	16.37	 .0692	0.022	701	1	100.0	30
05/16/20	1:30 p	87.2	88.3	87.1	100	87.2	3.0	SSE	1.50	11.0	SSE	87.2	122.5	122.5	135.0	29.775	0.00	0.00	922	39.65	1065	8.0	1.71	9.5	0.000	0.462	89.7	81	83.1	113.3	15.96	 .0691	0.000	698	1	100.0	30
05/16/20	2:00 p	87.9	88.5	86.6	100	87.9	3.0	ESE	1.50	10.0	S	87.9	129.4	129.4	141.8	29.773	0.00	0.00	822	35.35	944	6.5	1.39	7.6	0.000	0.477	89.5	82	83.3	113.6	16.37	 .0691	0.021	701	1	100.0	30
05/16/20	2:30 p	88.0	88.4	86.9	100	88.0	2.0	SE	1.00	8.0	SSE	88.0	130.4	130.4	142.8	29.757	0.00	0.00	720	30.96	782	5.3	1.14	6.0	0.000	0.479	89.0	81	82.4	110.1	15.99	 .0692	0.000	700	1	100.0	30
05/16/20	3:00 p	86.5	88.5	86.4	100	86.5	2.0	SE	1.00	8.0	SE	86.5	116.8	116.8	129.2	29.759	0.00	0.00	611	26.28	726	3.6	0.77	4.9	0.000	0.448	88.6	82	82.4	109.0	16.41	 .0693	0.017	701	1	100.0	30
05/16/20	3:30 p	85.9	86.8	85.5	100	85.9	2.0	SE	1.00	7.0	SE	85.9	112.6	112.6	121.4	29.759	0.00	0.00	303	13.03	531	1.7	0.36	2.3	0.000	0.435	88.1	83	82.3	107.4	16.73	 .0694	0.000	700	1	100.0	30
05/16/20	4:00 p	84.8	85.9	84.8	100	84.8	2.0	SSE	1.00	8.0	SSE	84.8	106.7	106.7	114.7	29.759	0.00	0.00	239	10.28	357	1.2	0.26	1.5	0.000	0.413	87.4	84	82.0	105.9	17.15	 .0695	0.007	701	1	100.0	30
05/16/20	4:30 p	83.9	85.1	83.8	100	83.9	1.0	SSE	0.50	4.0	NE	83.9	102.7	102.7	108.3	29.757	0.00	0.00	142	6.11	190	0.6	0.13	0.9	0.000	0.394	86.9	85	81.8	105.0	17.54	 .0696	0.000	698	1	100.0	30
05/16/20	5:00 p	83.7	84.2	83.5	100	83.7	1.0	SE	0.50	4.0	NE	83.7	101.9	101.9	105.6	29.755	0.00	0.00	90	3.87	116	0.0	0.00	0.0	0.000	0.390	86.3	86	81.6	103.2	17.97	 .0696	0.003	700	1	100.0	30
05/16/20	5:30 p	82.8	83.7	82.7	100	82.8	0.0	N	0.00	4.0	N	82.8	98.5	98.5	98.4	29.764	0.00	0.00	41	1.76	65	0.0	0.00	0.0	0.000	0.371	85.7	87	81.4	101.6	18.41	 .0698	0.000	698	1	100.0	30
05/16/20	6:00 p	81.6	82.9	81.6	100	81.6	0.0	NNE	0.00	1.0	NNE	81.6	94.4	94.4	93.5	29.772	0.00	0.00	5	0.22	19	0.0	0.00	0.0	0.000	0.346	84.6	88	80.6	98.8	18.89	 .0700	0.001	698	1	100.0	30
05/16/20	6:30 p	80.9	81.6	80.8	100	80.9	0.0	---	0.00	0.0	---	80.9	92.2	92.2	91.1	29.780	0.00	0.00	0	0.00	0	0.0	0.00	0.0	0.000	0.331	83.6	89	80.0	96.4	19.59	 .0702	0.000	700	1	100.0	30
05/16/20	7:00 p	80.1	80.9	80.1	100	80.1	0.0	NNE	0.00	1.0	NNE	80.1	89.9	89.9	88.8	29.788	0.00	0.00	0	0.00	0	0.0	0.00	0.0	0.000	0.315	82.9	90	79.7	94.5	20.22	 .0703	0.000	700	1	100.0	30
05/16/20	7:30 p	79.6	80.2	79.6	100	79.6	0.0	NNE	0.00	1.0	NNE	79.6	88.5	88.5	87.3	29.788	0.00	0.00	0	0.00	0	0.0	0.00	0.0	0.000	0.304	82.4	91	79.5	93.6	20.86	 .0704	0.000	698	1	100.0	30
05/16/20	8:00 p	79.1	79.6	79.1	100	79.1	0.0	NNE	0.00	1.0	NNE	79.1	87.1	87.1	85.9	29.787	0.00	0.00	0	0.00	0	0.0	0.00	0.0	0.000	0.294	81.8	91	78.9	91.9	20.91	 .0705	0.000	699	1	100.0	30
05/16/20	8:30 p	78.8	79.2	78.8	100	78.8	0.0	NNE	0.00	1.0	NNE	78.8	86.3	86.3	85.1	29.800	0.00	0.00	0	0.00	0	0.0	0.00	0.0	0.000	0.288	81.5	92	78.9	91.3	21.18	 .0706	0.000	702	1	100.0	30
05/16/20	9:00 p	78.6	78.9	78.6	100	78.6	0.0	---	0.00	0.0	---	78.6	85.8	85.8	84.6	29.804	0.00	0.00	0	0.00	0	0.0	0.00	0.0	0.000	0.283	81.2	92	78.7	90.4	21.17	 .0707	0.000	701	1	100.0	30
05/16/20	9:30 p	78.4	78.7	78.3	100	78.4	0.0	---	0.00	0.0	---	78.4	85.4	85.4	84.2	29.808	0.00	0.00	0	0.00	0	0.0	0.00	0.0	0.000	0.279	80.9	93	78.7	89.8	21.27	 .0707	0.000	698	1	100.0	30
05/16/20	10:00 p	78.2	78.4	78.1	100	78.2	0.0	---	0.00	0.0	---	78.2	84.9	84.9	83.7	29.816	0.00	0.00	0	0.00	0	0.0	0.00	0.0	0.000	0.275	80.6	93	78.4	89.1	21.26	 .0708	0.000	699	1	100.0	30
05/16/20	10:30 p	78.0	78.3	77.9	100	78.0	0.0	---	0.00	0.0	---	78.0	84.4	84.4	83.2	29.822	0.00	0.00	0	0.00	0	0.0	0.00	0.0	0.000	0.271	80.3	93	78.1	88.3	21.26	 .0709	0.000	699	1	100.0	30
05/16/20	11:00 p	77.9	78.1	77.9	100	77.9	0.0	---	0.00	0.0	---	77.9	84.2	84.2	82.9	29.820	0.00	0.00	0	0.00	0	0.0	0.00	0.0	0.000	0.269	80.1	93	77.9	87.8	21.25	 .0709	0.000	699	1	100.0	30
05/16/20	11:30 p	77.9	78.0	77.8	100	77.9	0.0	---	0.00	0.0	---	77.9	84.2	84.2	82.9	29.808	0.00	0.00	0	0.00	0	0.0	0.00	0.0	0.000	0.269	80.1	94	78.2	88.1	21.35	 .0709	0.000	696	1	100.0	30
05/17/20	12:00 a	77.6	78.0	77.6	100	77.6	0.0	---	0.00	0.0	---	77.6	83.5	83.5	82.2	29.797	0.00	0.00	0	0.00	0	0.0	0.00	0.0	0.000	0.262	79.9	94	78.0	87.6	21.35	 .0709	0.000	698	1	100.0	30
05/17/20	12:30 a	77.4	77.6	77.3	100	77.4	0.0	---	0.00	0.0	---	77.4	83.1	83.1	81.8	29.788	0.00	0.00	0	0.00	0	0.0	0.00	0.0	0.000	0.258	79.6	94	77.7	86.9	21.35	 .0709	0.000	699	1	100.0	30
05/17/20	1:00 a	77.2	77.4	77.1	100	77.2	0.0	---	0.00	0.0	---	77.2	82.6	82.6	81.3	29.782	0.00	0.00	0	0.00	0	0.0	0.00	0.0	0.000	0.254	79.3	94	77.4	86.3	21.35	 .0710	0.000	699	1	100.0	30
05/17/20	1:30 a	76.9	77.2	76.9	100	76.9	0.0	---	0.00	0.0	---	76.9	82.0	82.0	80.6	29.777	0.00	0.00	0	0.00	0	0.0	0.00	0.0	0.000	0.248	79.0	94	77.1	85.6	21.35	 .0710	0.000	697	1	100.0	30
05/17/20	2:00 a	76.8	77.0	76.8	100	76.8	0.0	---	0.00	0.0	---	76.8	81.8	81.8	80.4	29.778	0.00	0.00	0	0.00	0	0.0	0.00	0.0	0.000	0.246	78.8	95	77.2	85.3	21.65	 .0710	0.000	697	1	100.0	30
05/17/20	2:30 a	77.0	77.1	76.7	100	77.0	0.0	---	0.00	0.0	---	77.0	82.2	82.2	80.9	29.778	0.00	0.00	0	0.00	0	0.0	0.00	0.0	0.000	0.250	78.9	95	77.3	85.6	21.65	 .0710	0.000	701	1	100.0	30
05/17/20	3:00 a	76.9	77.1	76.9	100	76.9	0.0	---	0.00	0.0	---	76.9	82.0	82.0	80.6	29.775	0.00	0.00	0	0.00	0	0.0	0.00	0.0	0.000	0.248	78.8	95	77.2	85.3	21.65	 .0710	0.000	702	1	100.0	30
05/17/20	3:30 a	76.6	76.9	76.6	100	76.6	0.0	---	0.00	0.0	---	76.6	81.4	81.4	80.0	29.767	0.00	0.00	0	0.00	0	0.0	0.00	0.0	0.000	0.242	78.5	95	76.9	84.6	21.65	 .0711	0.000	700	1	100.0	30
05/17/20	4:00 a	76.5	76.7	76.4	100	76.5	0.0	---	0.00	0.0	---	76.5	81.3	81.3	79.9	29.768	0.00	0.00	0	0.00	0	0.0	0.00	0.0	0.000	0.240	78.3	95	76.7	84.1	21.65	 .0711	0.000	701	1	100.0	30
05/17/20	4:30 a	76.2	76.5	76.2	100	76.2	0.0	---	0.00	0.0	---	76.2	80.7	80.7	79.3	29.773	0.00	0.00	0	0.00	0	0.0	0.00	0.0	0.000	0.233	78.2	95	76.6	83.9	21.65	 .0711	0.000	700	1	100.0	30
05/17/20	5:00 a	76.1	76.3	76.1	100	76.1	0.0	---	0.00	0.0	---	76.1	80.5	80.5	79.1	29.775	0.00	0.00	0	0.00	0	0.0	0.00	0.0	0.000	0.231	77.9	95	76.4	83.2	21.65	 .0712	0.000	700	1	100.0	30
05/17/20	5:30 a	76.0	76.1	75.9	100	76.0	0.0	---	0.00	0.0	---	76.0	80.3	80.3	79.0	29.779	0.00	0.00	3	0.13	12	0.0	0.00	0.0	0.000	0.229	77.8	95	76.3	83.0	21.65	 .0712	0.000	698	1	100.0	30
05/17/20	6:00 a	76.5	76.5	76.0	100	76.5	0.0	---	0.00	0.0	---	76.5	81.3	81.3	80.4	29.786	0.00	0.00	20	0.86	28	0.0	0.00	0.0	0.000	0.240	78.0	96	76.8	83.6	21.75	 .0712	0.000	699	1	100.0	30
05/17/20	6:30 a	77.1	77.1	76.4	100	77.1	0.0	---	0.00	0.0	---	77.1	82.4	82.4	83.3	29.798	0.00	0.00	34	1.46	39	0.0	0.00	0.0	0.000	0.252	79.1	96	77.9	86.2	21.75	 .0710	0.000	698	1	100.0	30
05/17/20	7:00 a	77.9	77.9	77.1	100	77.9	0.0	---	0.00	0.0	---	77.9	84.2	84.2	85.3	29.808	0.00	0.00	45	1.94	51	0.0	0.00	0.0	0.000	0.269	80.5	95	78.9	89.4	21.65	 .0707	0.001	698	1	100.0	30
05/17/20	7:30 a	79.2	79.2	77.9	100	79.2	0.0	---	0.00	0.0	---	79.2	87.4	87.4	89.7	29.812	0.00	0.00	83	3.57	188	1.0	0.21	1.4	0.000	0.296	81.9	95	80.3	93.6	21.65	 .0705	0.000	702	1	100.0	30
05/17/20	8:00 a	81.0	81.0	79.2	100	81.0	0.0	---	0.00	0.0	---	81.0	92.5	92.5	101.8	29.825	0.00	0.00	353	15.18	443	2.1	0.45	2.7	0.000	0.333	83.4	94	81.5	98.1	21.42	 .0702	0.005	697	1	100.0	30
05/17/20	8:30 a	84.2	84.2	81.0	100	84.2	0.0	---	0.00	0.0	---	84.2	104.0	104.0	115.5	29.832	0.00	0.00	512	22.02	608	3.4	0.73	4.1	0.000	0.400	84.7	92	82.1	101.2	21.24	 .0700	0.000	698	1	100.0	30
05/17/20	9:00 a	86.1	86.2	83.3	100	86.1	1.0	S	0.50	6.0	ENE	86.1	113.9	113.9	125.5	29.848	0.00	0.00	553	23.78	763	4.3	0.92	5.5	0.000	0.440	85.8	89	82.2	103.2	19.37	 .0699	0.013	698	1	100.0	30
05/17/20	9:30 a	87.7	87.8	85.9	100	87.7	1.0	SSW	0.50	6.0	S	87.7	127.4	127.4	140.5	29.858	0.00	0.00	797	34.28	933	6.0	1.29	6.7	0.000	0.473	87.2	87	82.9	107.9	18.32	 .0697	0.000	700	1	100.0	30
05/17/20	10:00 a	87.5	88.2	87.3	100	87.5	1.0	SSW	0.50	5.0	SSW	87.5	125.4	125.4	138.8	29.858	0.00	0.00	805	34.62	1007	5.4	1.16	6.7	0.000	0.469	87.9	85	82.8	108.2	17.48	 .0696	0.020	700	1	100.0	30
05/17/20	10:30 a	87.8	88.6	87.1	100	87.8	2.0	SSW	1.00	7.0	SSE	87.8	128.4	128.4	141.9	29.855	0.00	0.00	791	34.02	1000	5.5	1.18	9.2	0.000	0.475	88.4	84	82.9	109.8	17.11	 .0695	0.000	697	1	100.0	30
05/17/20	11:00 a	87.8	88.1	86.8	100	87.8	2.0	SSW	1.00	6.0	S	87.8	128.4	128.4	140.9	29.846	0.00	0.00	645	27.74	1169	7.6	1.63	10.5	0.000	0.475	88.6	84	83.1	110.8	17.11	 .0694	0.019	698	1	100.0	30
05/17/20	11:30 a	85.1	88.2	85.1	100	85.1	1.0	NE	0.50	4.0	ESE	85.1	108.2	108.2	112.5	29.838	0.00	0.00	191	8.21	269	4.0	0.86	9.0	0.000	0.419	87.5	86	82.8	108.0	17.90	 .0696	0.000	700	1	100.0	30
05/17/20	12:00 p	86.4	86.4	84.9	100	86.4	2.0	ENE	1.00	6.0	NE	86.4	116.1	116.1	129.1	29.823	0.00	0.00	700	30.10	1129	8.3	1.78	10.8	0.000	0.446	87.7	86	83.0	108.6	17.89	 .0695	0.012	700	1	100.0	30
05/17/20	12:30 p	87.7	88.1	86.3	100	87.7	1.0	NE	0.50	5.0	NNE	87.7	127.4	127.4	140.9	29.811	0.00	0.00	771	33.16	1118	8.8	1.89	10.5	0.000	0.473	88.2	86	83.5	110.8	17.86	 .0694	0.000	698	1	100.0	30
05/17/20	1:00 p	88.1	89.3	87.7	100	88.1	3.0	SE	1.50	11.0	SSE	88.1	131.8	131.8	143.7	29.789	0.00	0.00	956	41.11	1002	9.3	1.99	9.8	0.000	0.481	88.8	84	83.3	111.8	17.10	 .0693	0.023	701	1	100.0	30
05/17/20	1:30 p	88.4	89.5	87.8	100	88.4	2.0	SE	1.00	9.0	SE	88.4	135.9	135.9	147.9	29.785	0.00	0.00	884	38.02	1095	7.8	1.67	8.7	0.000	0.488	89.3	83	83.5	113.6	16.68	 .0692	0.000	696	1	100.0	30
05/17/20	2:00 p	88.9	89.0	86.9	100	88.9	3.0	ESE	1.50	9.0	E	88.9	142.8	142.8	155.9	29.776	0.00	0.00	709	30.49	810	6.0	1.29	6.6	0.000	0.498	89.1	84	83.6	113.5	17.09	 .0692	0.020	700	1	100.0	30
05/17/20	2:30 p	87.0	89.1	86.6	100	87.0	3.0	ENE	1.50	12.0	SE	87.0	120.5	120.5	133.2	29.784	0.00	0.00	623	26.79	795	4.8	1.03	6.0	0.000	0.458	89.0	83	83.2	112.0	16.69	 .0692	0.000	702	1	100.0	30
05/17/20	3:00 p	86.7	87.8	86.2	100	86.7	2.0	SSE	1.00	8.0	ESE	86.7	118.3	118.3	128.8	29.788	0.00	0.00	419	18.02	621	3.0	0.64	4.1	0.000	0.452	88.3	84	82.8	109.2	17.12	 .0694	0.014	702	1	100.0	30
05/17/20	3:30 p	86.8	87.2	86.3	100	86.8	2.0	SSE	1.00	6.0	SSW	86.8	119.0	119.0	130.2	29.781	0.00	0.00	406	17.46	526	2.2	0.47	2.7	0.000	0.454	87.9	84	82.5	107.4	17.13	 .0694	0.000	701	1	100.0	30
05/17/20	4:00 p	85.2	87.0	85.2	100	85.2	1.0	SE	0.50	5.0	S	85.2	108.7	108.7	114.4	29.767	0.00	0.00	163	7.01	278	1.1	0.24	1.5	0.000	0.421	87.2	85	82.1	106.0	17.52	 .0695	0.007	700	1	100.0	30
05/17/20	4:30 p	84.2	85.3	84.0	100	84.2	1.0	ESE	0.50	4.0	E	84.2	104.0	104.0	107.2	29.778	0.00	0.00	83	3.57	111	0.3	0.06	0.7	0.000	0.400	86.7	87	82.4	105.8	18.35	 .0696	0.000	699	1	100.0	30
05/17/20	5:00 p	83.8	84.3	83.7	100	83.8	0.0	ESE	0.00	2.0	ESE	83.8	102.3	102.3	105.3	29.796	0.00	0.00	72	3.10	84	0.0	0.00	0.0	0.000	0.392	86.3	88	82.3	104.6	18.77	 .0697	0.002	698	1	100.0	30
05/17/20	5:30 p	83.5	83.9	83.4	100	83.5	0.0	E	0.00	3.0	E	83.5	101.1	101.1	101.5	29.810	0.00	0.00	56	2.41	86	0.0	0.00	0.0	0.000	0.385	86.0	88	82.0	103.2	18.79	 .0698	0.000	696	1	100.0	30
05/17/20	6:00 p	82.6	83.4	82.6	100	82.6	0.0	ENE	0.00	3.0	E	82.6	97.8	97.8	97.0	29.818	0.00	0.00	6	0.26	23	0.0	0.00	0.0	0.000	0.367	85.3	89	81.7	101.4	19.42	 .0699	0.001	700	1	100.0	30
05/17/20	6:30 p	81.8	82.7	81.8	100	81.8	0.0	ENE	0.00	2.0	ENE	81.8	95.1	95.1	94.1	29.817	0.00	0.00	0	0.00	0	0.0	0.00	0.0	0.000	0.350	84.5	90	81.2	99.4	20.09	 .0701	0.000	702	1	100.0	30
05/17/20	7:00 p	81.5	81.8	81.4	100	81.5	0.0	NE	0.00	3.0	NE	81.5	94.1	94.1	93.1	29.823	0.00	0.00	0	0.00	0	0.0	0.00	0.0	0.000	0.344	84.0	90	80.7	98.0	20.13	 .0702	0.000	701	1	100.0	30
05/17/20	7:30 p	80.8	81.6	80.8	100	80.8	0.0	NE	0.00	2.0	NE	80.8	91.9	91.9	90.9	29.819	0.00	0.00	0	0.00	0	0.0	0.00	0.0	0.000	0.329	83.6	90	80.4	96.7	20.16	 .0703	0.000	700	1	100.0	30
05/17/20	8:00 p	80.2	80.9	80.1	100	80.2	0.0	NE	0.00	2.0	NE	80.2	90.2	90.2	89.2	29.813	0.00	0.00	0	0.00	0	0.0	0.00	0.0	0.000	0.317	83.1	91	80.2	95.6	20.80	 .0703	0.000	700	1	100.0	30
05/17/20	8:30 p	80.0	80.2	79.9	100	80.0	0.0	NE	0.00	1.0	NE	80.0	89.6	89.6	88.6	29.814	0.00	0.00	0	0.00	0	0.0	0.00	0.0	0.000	0.313	82.6	91	79.7	94.2	20.84	 .0704	0.000	696	1	100.0	30
05/17/20	9:00 p	79.6	80.1	79.6	100	79.6	0.0	---	0.00	0.0	---	79.6	88.5	88.5	87.4	29.825	0.00	0.00	0	0.00	0	0.0	0.00	0.0	0.000	0.304	82.3	92	79.7	93.7	21.20	 .0705	0.000	698	1	100.0	30
05/17/20	9:30 p	79.4	79.7	79.4	100	79.4	0.0	---	0.00	0.0	---	79.4	87.9	87.9	86.8	29.818	0.00	0.00	0	0.00	0	0.0	0.00	0.0	0.000	0.300	82.1	92	79.5	93.1	21.19	 .0705	0.000	701	1	100.0	30
05/17/20	10:00 p	79.2	79.5	79.1	100	79.2	0.0	---	0.00	0.0	---	79.2	87.4	87.4	86.3	29.829	0.00	0.00	0	0.00	0	0.0	0.00	0.0	0.000	0.296	81.8	92	79.2	92.2	21.19	 .0706	0.000	699	1	100.0	30
05/17/20	10:30 p	78.9	79.2	78.9	100	78.9	0.0	---	0.00	0.0	---	78.9	86.6	86.6	85.4	29.829	0.00	0.00	0	0.00	0	0.0	0.00	0.0	0.000	0.290	81.5	93	79.3	91.6	21.28	 .0706	0.000	698	1	100.0	30
05/17/20	11:00 p	78.5	79.0	78.5	100	78.5	0.0	---	0.00	0.0	---	78.5	85.6	85.6	84.4	29.831	0.00	0.00	0	0.00	0	0.0	0.00	0.0	0.000	0.281	81.1	93	78.9	90.4	21.27	 .0707	0.000	699	1	100.0	30
05/17/20	11:30 p	78.3	78.5	78.2	100	78.3	0.0	---	0.00	0.0	---	78.3	85.1	85.1	83.9	29.815	0.00	0.00	0	0.00	0	0.0	0.00	0.0	0.000	0.277	80.8	93	78.6	89.6	21.27	 .0708	0.000	696	1	100.0	30
05/18/20	12:00 a	77.9	78.3	77.9	100	77.9	0.0	---	0.00	0.0	---	77.9	84.2	84.2	83.0	29.811	0.00	0.00	0	0.00	0	0.0	0.00	0.0	0.000	0.269	80.5	93	78.3	88.8	21.26	 .0708	0.000	702	1	100.0	30
05/18/20	12:30 a	77.8	78.0	77.8	100	77.8	0.0	---	0.00	0.0	---	77.8	84.0	84.0	82.8	29.808	0.00	0.00	0	0.00	0	0.0	0.00	0.0	0.000	0.267	80.3	94	78.4	88.6	21.36	 .0708	0.000	700	1	100.0	30
05/18/20	1:00 a	77.6	77.9	77.5	100	77.6	0.0	---	0.00	0.0	---	77.6	83.5	83.5	82.3	29.797	0.00	0.00	0	0.00	0	0.0	0.00	0.0	0.000	0.262	80.0	94	78.1	87.8	21.35	 .0709	0.000	699	1	100.0	30
05/18/20	1:30 a	77.5	77.6	77.4	100	77.5	0.0	---	0.00	0.0	---	77.5	83.3	83.3	82.1	29.787	0.00	0.00	0	0.00	0	0.0	0.00	0.0	0.000	0.260	79.8	94	77.9	87.4	21.35	 .0709	0.000	699	1	100.0	30
05/18/20	2:00 a	77.6	77.7	77.3	100	77.6	0.0	---	0.00	0.0	---	77.6	83.5	83.5	82.3	29.785	0.00	0.00	0	0.00	0	0.0	0.00	0.0	0.000	0.262	79.8	94	77.9	87.4	21.35	 .0709	0.000	701	1	100.0	30
05/18/20	2:30 a	77.9	77.9	77.5	100	77.9	0.0	---	0.00	0.0	---	77.9	84.2	84.2	83.0	29.790	0.00	0.00	0	0.00	0	0.0	0.00	0.0	0.000	0.269	79.8	95	78.2	87.6	21.65	 .0709	0.000	698	1	100.0	30
05/18/20	3:00 a	78.1	78.1	77.9	100	78.1	0.0	NE	0.00	3.0	NNE	78.1	84.6	84.6	83.4	29.774	0.00	0.00	0	0.00	0	0.0	0.00	0.0	0.000	0.273	80.0	95	78.4	88.1	21.65	 .0708	0.000	699	1	100.0	30
05/18/20	3:30 a	78.1	78.2	78.0	100	78.1	0.0	N	0.00	1.0	N	78.1	84.6	84.6	83.4	29.791	0.00	0.00	0	0.00	0	0.0	0.00	0.0	0.000	0.273	80.0	95	78.4	88.1	21.65	 .0708	0.000	698	1	100.0	30
05/18/20	4:00 a	78.3	78.3	78.0	100	78.3	0.0	N	0.00	1.0	N	78.3	85.1	85.1	83.9	29.799	0.00	0.00	0	0.00	0	0.0	0.00	0.0	0.000	0.277	80.0	95	78.4	88.1	21.65	 .0708	0.000	700	1	100.0	30
05/18/20	4:30 a	78.2	78.4	78.1	100	78.2	0.0	N	0.00	1.0	N	78.2	84.9	84.9	83.7	29.800	0.00	0.00	0	0.00	0	0.0	0.00	0.0	0.000	0.275	79.9	95	78.3	87.9	21.65	 .0709	0.000	698	1	100.0	30
05/18/20	5:00 a	78.1	78.2	78.0	100	78.1	0.0	N	0.00	1.0	N	78.1	84.6	84.6	83.4	29.817	0.00	0.00	0	0.00	0	0.0	0.00	0.0	0.000	0.273	79.9	95	78.3	87.9	21.65	 .0709	0.000	702	1	100.0	30
05/18/20	5:30 a	78.6	78.7	78.1	100	78.6	0.0	N	0.00	7.0	ESE	78.6	85.8	85.8	84.8	29.816	0.00	0.00	5	0.22	16	0.0	0.00	0.0	0.000	0.283	80.1	96	78.9	88.7	21.75	 .0708	0.000	699	1	100.0	30
05/18/20	6:00 a	79.2	79.2	78.6	100	79.2	0.0	WSW	0.00	1.0	WSW	79.2	87.4	87.4	87.0	29.848	0.00	0.00	30	1.29	56	0.0	0.00	0.0	0.000	0.296	80.4	96	79.2	89.5	21.75	 .0708	0.000	700	1	100.0	30
05/18/20	6:30 a	77.5	79.2	77.4	100	77.5	1.0	NNE	0.50	6.0	ENE	77.5	83.3	83.3	84.3	29.851	0.00	0.00	36	1.55	47	0.0	0.00	0.0	0.000	0.260	80.6	94	78.7	89.4	21.36	 .0709	0.000	702	1	100.0	30
05/18/20	7:00 a	78.1	78.1	77.2	100	78.1	1.0	NE	0.50	4.0	NE	78.1	84.6	84.6	86.3	29.841	0.00	0.00	59	2.54	77	0.0	0.00	0.0	0.000	0.273	80.9	94	79.0	90.1	21.37	 .0708	0.001	700	1	100.0	30
05/18/20	7:30 a	78.7	78.9	78.0	100	78.7	0.0	NE	0.00	1.0	NE	78.7	86.1	86.1	89.3	29.852	0.00	0.00	110	4.73	149	0.5	0.11	0.9	0.000	0.285	81.4	94	79.5	91.7	21.38	 .0707	0.000	699	1	100.0	30
05/18/20	8:00 a	79.7	79.8	78.7	100	79.7	0.0	NE	0.00	1.0	NE	79.7	88.8	88.8	94.2	29.855	0.00	0.00	196	8.43	227	1.3	0.28	1.6	0.000	0.306	82.1	93	79.9	93.5	21.29	 .0706	0.004	700	1	100.0	30
05/18/20	8:30 a	80.8	80.9	79.6	100	80.8	0.0	NE	0.00	1.0	NE	80.8	91.9	91.9	98.1	29.858	0.00	0.00	250	10.75	288	1.9	0.41	2.3	0.000	0.329	82.9	92	80.3	95.5	21.21	 .0704	0.000	701	1	100.0	30
05/18/20	9:00 a	82.8	83.0	80.8	100	82.8	0.0	NE	0.00	2.0	ESE	82.8	98.5	98.5	106.2	29.864	0.00	0.00	337	14.49	404	2.9	0.62	3.5	0.000	0.371	84.2	91	81.3	99.1	20.71	 .0702	0.007	698	1	100.0	30
05/18/20	9:30 a	84.3	84.8	82.7	100	84.3	1.0	SE	0.50	3.0	SSE	84.3	104.5	104.5	114.0	29.884	0.00	0.00	441	18.97	462	4.0	0.86	4.4	0.000	0.402	85.6	88	81.6	101.9	18.81	 .0700	0.000	698	1	100.0	30
05/18/20	10:00 a	85.1	85.1	83.7	100	85.1	1.0	ENE	0.50	5.0	SSE	85.1	108.2	108.2	118.1	29.889	0.00	0.00	468	20.13	533	4.6	0.99	5.1	0.000	0.419	86.5	85	81.4	103.3	17.56	 .0700	0.012	697	1	100.0	30
05/18/20	10:30 a	85.1	85.5	84.4	100	85.1	1.0	SSW	0.50	5.0	SSW	85.1	108.2	108.2	119.7	29.883	0.00	0.00	575	24.73	652	5.6	1.20	6.6	0.000	0.419	87.3	83	81.5	104.9	16.76	 .0698	0.000	698	1	100.0	30
05/18/20	11:00 a	85.5	85.9	84.6	100	85.5	1.0	SSW	0.50	3.0	SSW	85.5	110.4	110.4	122.4	29.868	0.00	0.00	611	26.28	647	6.7	1.44	6.9	0.000	0.427	87.8	83	82.0	106.3	16.74	 .0697	0.015	699	1	100.0	30
05/18/20	11:30 a	85.2	85.7	84.9	100	85.2	1.0	SE	0.50	5.0	SW	85.2	108.7	108.7	120.2	29.851	0.00	0.00	567	24.38	701	6.3	1.35	7.5	0.000	0.421	88.0	84	82.6	107.7	17.13	 .0696	0.000	698	1	100.0	30
05/18/20	12:00 p	85.4	85.5	84.7	100	85.4	2.0	SE	1.00	6.0	S	85.4	109.8	109.8	122.2	29.852	0.00	0.00	640	27.52	812	7.1	1.52	8.2	0.000	0.425	88.4	84	82.9	109.8	17.11	 .0695	0.015	701	1	100.0	30
05/18/20	12:30 p	84.8	85.7	84.5	100	84.8	2.0	ESE	1.00	6.0	SSW	84.8	106.7	106.7	117.2	29.846	0.00	0.00	508	21.85	605	5.8	1.24	7.0	0.000	0.413	88.1	84	82.7	108.2	17.13	 .0695	0.000	695	1	100.0	30
05/18/20	1:00 p	84.1	85.4	84.0	100	84.1	2.0	S	1.00	5.0	SE	84.1	103.5	103.5	111.9	29.836	0.00	0.00	389	16.73	594	4.3	0.92	6.1	0.000	0.398	87.4	84	82.0	105.9	17.15	 .0697	0.011	699	1	100.0	30
05/18/20	1:30 p	83.2	84.1	83.2	100	83.2	2.0	S	1.00	7.0	SSW	83.2	100.0	100.0	105.7	29.827	0.00	0.00	255	10.97	315	2.8	0.60	3.5	0.000	0.379	86.6	84	81.2	103.1	17.19	 .0698	0.000	694	1	100.0	30
05/18/20	2:00 p	83.0	83.8	82.9	100	83.0	2.0	S	1.00	7.0	SSW	83.0	99.2	99.2	103.4	29.811	0.00	0.00	185	7.96	297	2.0	0.43	3.2	0.000	0.375	86.0	84	80.6	100.7	17.21	 .0699	0.006	700	1	100.0	30
05/18/20	2:30 p	83.1	83.1	82.6	100	83.1	3.0	SSW	1.50	11.0	SW	83.1	99.6	99.6	105.1	29.801	0.00	0.00	227	9.76	330	2.1	0.45	2.9	0.000	0.377	85.5	85	80.5	99.8	17.62	 .0700	0.000	698	1	100.0	30
05/18/20	3:00 p	82.6	83.2	82.5	100	82.6	3.0	S	1.50	12.0	S	82.6	97.8	97.8	103.0	29.805	0.00	0.00	195	8.39	241	1.6	0.34	2.1	0.000	0.367	85.3	84	79.9	98.8	17.24	 .0700	0.005	700	1	100.0	30
05/18/20	3:30 p	83.2	83.4	82.5	100	83.2	2.0	SSE	1.00	9.0	SSW	83.2	100.0	100.0	108.1	29.792	0.00	0.00	277	11.91	413	1.6	0.34	2.1	0.000	0.379	85.3	85	80.3	99.2	17.63	 .0700	0.000	699	1	100.0	30
05/18/20	4:00 p	82.7	83.3	82.7	100	82.7	1.0	ESE	0.50	6.0	W	82.7	98.1	98.1	104.1	29.814	0.00	0.00	176	7.57	274	0.9	0.19	1.4	0.000	0.369	85.2	86	80.5	99.5	18.04	 .0700	0.006	701	1	100.0	30
05/18/20	4:30 p	82.2	82.6	82.1	100	82.2	2.0	S	1.00	6.0	SW	82.2	96.4	96.4	100.2	29.825	0.00	0.00	101	4.34	149	0.2	0.04	0.6	0.000	0.358	84.6	86	79.9	97.9	18.07	 .0702	0.000	699	1	100.0	30
05/18/20	5:00 p	81.7	82.2	81.7	100	81.7	1.0	S	0.50	5.0	SSW	81.7	94.7	94.7	97.3	29.832	0.00	0.00	64	2.75	81	0.0	0.00	0.0	0.000	0.348	84.2	86	79.6	97.0	18.10	 .0703	0.002	698	1	100.0	30
05/18/20	5:30 p	81.2	81.7	81.2	100	81.2	1.0	E	0.50	4.0	SW	81.2	93.1	93.1	92.6	29.835	0.00	0.00	19	0.82	35	0.0	0.00	0.0	0.000	0.337	83.8	87	79.5	96.2	18.52	 .0703	0.000	700	1	100.0	30
05/18/20	6:00 p	80.7	81.2	80.7	100	80.7	0.0	SSE	0.00	3.0	SE	80.7	91.6	91.6	90.6	29.845	0.00	0.00	0	0.00	5	0.0	0.00	0.0	0.000	0.327	83.4	88	79.5	95.4	19.01	 .0704	0.000	697	1	100.0	30
05/18/20	6:30 p	80.7	80.8	80.5	100	80.7	0.0	SW	0.00	1.0	SW	80.7	91.6	91.6	90.6	29.872	0.00	0.00	0	0.00	0	0.0	0.00	0.0	0.000	0.327	83.1	89	79.5	94.8	19.64	 .0705	0.000	700	1	100.0	30
05/18/20	7:00 p	80.3	80.7	80.3	100	80.3	0.0	SW	0.00	1.0	SW	80.3	90.5	90.5	89.5	29.880	0.00	0.00	0	0.00	0	0.0	0.00	0.0	0.000	0.319	82.9	90	79.7	94.5	20.22	 .0706	0.000	697	1	100.0	30
05/18/20	7:30 p	79.4	80.4	79.3	100	79.4	1.0	ENE	0.50	3.0	NNE	79.4	87.9	87.9	86.8	29.897	0.01	0.00	0	0.00	0	0.0	0.00	0.0	0.000	0.300	82.3	90	79.1	92.9	20.27	 .0707	0.000	699	1	100.0	30
05/18/20	8:00 p	78.6	79.4	78.5	100	78.6	0.0	ENE	0.00	2.0	ENE	78.6	85.8	85.8	84.7	29.912	0.04	0.26	0	0.00	0	0.0	0.00	0.0	0.000	0.283	81.6	91	78.7	91.3	20.92	 .0709	0.000	700	1	100.0	30
05/18/20	8:30 p	78.4	78.7	78.2	100	78.4	0.0	ENE	0.00	2.0	ENE	78.4	85.4	85.4	84.3	29.906	0.16	1.18	0	0.00	0	0.0	0.00	0.0	0.000	0.279	81.1	91	78.2	89.8	20.96	 .0710	0.000	701	1	100.0	30
05/18/20	9:00 p	77.8	78.3	77.8	100	77.8	0.0	NE	0.00	2.0	ENE	77.8	84.0	84.0	82.8	29.895	0.04	0.44	0	0.00	0	0.0	0.00	0.0	0.000	0.267	80.8	92	78.3	89.3	21.17	 .0710	0.000	698	1	100.0	30
05/18/20	9:30 p	77.6	77.9	77.6	100	77.6	0.0	---	0.00	0.0	---	77.6	83.5	83.5	82.3	29.897	0.00	0.00	0	0.00	0	0.0	0.00	0.0	0.000	0.262	80.4	92	77.9	88.3	21.16	 .0711	0.000	699	1	100.0	30
05/18/20	10:00 p	77.5	77.7	77.4	100	77.5	0.0	NE	0.00	1.0	NE	77.5	83.3	83.3	82.1	29.894	0.00	0.00	0	0.00	0	0.0	0.00	0.0	0.000	0.260	80.2	92	77.7	87.8	21.15	 .0711	0.000	700	1	100.0	30
05/18/20	10:30 p	77.3	77.6	77.3	100	77.3	0.0	NE	0.00	1.0	NE	77.3	82.9	82.9	81.7	29.877	0.01	0.00	0	0.00	0	0.0	0.00	0.0	0.000	0.256	80.0	93	77.8	87.6	21.25	 .0711	0.000	699	1	100.0	30
05/18/20	11:00 p	77.3	77.5	77.2	100	77.3	0.0	NE	0.00	1.0	NE	77.3	82.9	82.9	81.7	29.861	0.00	0.00	0	0.00	0	0.0	0.00	0.0	0.000	0.256	79.9	93	77.7	87.4	21.25	 .0711	0.000	701	1	100.0	30
05/18/20	11:30 p	77.4	77.4	77.3	100	77.4	0.0	NE	0.00	1.0	NE	77.4	83.1	83.1	81.9	29.850	0.00	0.00	0	0.00	0	0.0	0.00	0.0	0.000	0.258	79.8	93	77.6	87.1	21.25	 .0710	0.000	697	1	100.0	30
05/19/20	12:00 a	77.5	77.6	77.4	100	77.5	0.0	---	0.00	0.0	---	77.5	83.3	83.3	82.1	29.837	0.00	0.00	0	0.00	0	0.0	0.00	0.0	0.000	0.260	79.7	94	77.8	87.2	21.35	 .0710	0.000	699	1	100.0	30
05/19/20	12:30 a	77.6	77.7	77.4	100	77.6	0.0	---	0.00	0.0	---	77.6	83.5	83.5	82.3	29.827	0.00	0.00	0	0.00	0	0.0	0.00	0.0	0.000	0.262	79.7	94	77.8	87.2	21.35	 .0710	0.000	699	1	100.0	30
05/19/20	1:00 a	77.8	77.8	77.6	100	77.8	0.0	---	0.00	0.0	---	77.8	84.0	84.0	82.8	29.819	0.00	0.00	0	0.00	0	0.0	0.00	0.0	0.000	0.267	79.7	95	78.1	87.4	21.65	 .0709	0.000	703	1	100.0	30
05/19/20	1:30 a	77.6	77.8	77.5	100	77.6	0.0	---	0.00	0.0	---	77.6	83.5	83.5	82.3	29.812	0.00	0.00	0	0.00	0	0.0	0.00	0.0	0.000	0.262	79.6	95	78.0	87.2	21.65	 .0709	0.000	698	1	100.0	30
05/19/20	2:00 a	77.4	77.6	77.3	100	77.4	0.0	---	0.00	0.0	---	77.4	83.1	83.1	81.9	29.815	0.00	0.00	0	0.00	0	0.0	0.00	0.0	0.000	0.258	79.4	95	77.8	86.7	21.65	 .0710	0.000	699	1	100.0	30
05/19/20	2:30 a	77.4	77.6	77.3	100	77.4	0.0	---	0.00	0.0	---	77.4	83.1	83.1	81.9	29.812	0.00	0.00	0	0.00	0	0.0	0.00	0.0	0.000	0.258	79.3	95	77.7	86.5	21.65	 .0710	0.000	700	1	100.0	30
05/19/20	3:00 a	77.4	77.5	77.3	100	77.4	0.0	---	0.00	0.0	---	77.4	83.1	83.1	81.9	29.820	0.00	0.00	0	0.00	0	0.0	0.00	0.0	0.000	0.258	79.3	95	77.7	86.5	21.65	 .0710	0.000	699	1	100.0	30
05/19/20	3:30 a	77.2	77.4	77.2	100	77.2	0.0	---	0.00	0.0	---	77.2	82.6	82.6	81.4	29.826	0.00	0.00	0	0.00	0	0.0	0.00	0.0	0.000	0.254	79.1	95	77.5	86.0	21.65	 .0711	0.000	698	1	100.0	30
05/19/20	4:00 a	77.0	77.3	77.0	100	77.0	0.0	---	0.00	0.0	---	77.0	82.2	82.2	81.0	29.828	0.00	0.00	0	0.00	0	0.0	0.00	0.0	0.000	0.250	79.0	95	77.4	85.8	21.65	 .0711	0.000	700	1	100.0	30
05/19/20	4:30 a	76.7	77.1	76.7	100	76.7	0.0	---	0.00	0.0	---	76.7	81.6	81.6	80.4	29.826	0.00	0.00	0	0.00	0	0.0	0.00	0.0	0.000	0.244	78.8	95	77.2	85.3	21.65	 .0711	0.000	699	1	100.0	30
05/19/20	5:00 a	76.5	76.8	76.4	100	76.5	0.0	---	0.00	0.0	---	76.5	81.3	81.3	80.1	29.833	0.00	0.00	0	0.00	0	0.0	0.00	0.0	0.000	0.240	78.5	95	76.9	84.6	21.65	 .0712	0.000	701	1	100.0	30
05/19/20	5:30 a	76.3	76.5	76.2	100	76.3	0.0	---	0.00	0.0	---	76.3	80.9	80.9	79.7	29.839	0.00	0.00	2	0.09	9	0.0	0.00	0.0	0.000	0.235	78.3	95	76.7	84.1	21.65	 .0713	0.000	699	1	100.0	30
05/19/20	6:00 a	76.6	76.7	76.2	100	76.6	0.0	---	0.00	0.0	---	76.6	81.4	81.4	80.7	29.845	0.00	0.00	23	0.99	39	0.0	0.00	0.0	0.000	0.242	78.5	96	77.3	84.8	21.75	 .0712	0.000	698	1	100.0	30
05/19/20	6:30 a	77.8	77.8	76.6	100	77.8	0.0	---	0.00	0.0	---	77.8	84.0	84.0	87.2	29.868	0.00	0.00	86	3.70	146	0.0	0.00	0.5	0.000	0.267	79.5	96	78.3	87.2	21.75	 .0711	0.000	697	1	100.0	30
05/19/20	7:00 a	79.1	79.1	77.7	100	79.1	0.0	---	0.00	0.0	---	79.1	87.1	87.1	93.8	29.877	0.00	0.00	190	8.17	211	0.8	0.17	1.0	0.000	0.294	81.3	95	79.7	91.7	21.65	 .0707	0.003	701	1	100.0	30
05/19/20	7:30 a	80.0	80.0	78.9	100	80.0	0.0	---	0.00	0.0	---	80.0	89.6	89.6	95.7	29.886	0.00	0.00	195	8.39	297	1.1	0.24	1.6	0.000	0.313	81.9	95	80.3	93.6	21.65	 .0706	0.000	699	1	100.0	30
05/19/20	8:00 a	81.9	81.9	79.7	100	81.9	0.0	---	0.00	0.0	---	81.9	95.4	95.4	105.0	29.892	0.00	0.00	363	15.61	462	2.1	0.45	2.5	0.000	0.352	83.3	93	81.1	97.3	21.32	 .0704	0.007	700	1	100.0	30
05/19/20	8:30 a	82.1	82.3	81.4	100	82.1	0.0	---	0.00	0.0	---	82.1	96.0	96.0	105.4	29.894	0.00	0.00	393	16.90	568	3.2	0.69	4.3	0.000	0.356	84.3	91	81.4	99.4	20.71	 .0703	0.000	697	1	100.0	30
05/19/20	9:00 a	83.3	83.8	81.8	100	83.3	0.0	---	0.00	0.0	---	83.3	100.4	100.4	111.8	29.894	0.00	0.00	545	23.44	626	4.8	1.03	5.4	0.000	0.381	85.3	89	81.7	101.4	19.42	 .0701	0.012	701	1	100.0	30
05/19/20	9:30 a	84.8	85.2	83.3	100	84.8	0.0	S	0.00	6.0	S	84.8	106.7	106.7	119.4	29.902	0.00	0.00	700	30.10	1076	6.2	1.33	7.0	0.000	0.413	86.0	87	81.7	102.5	18.39	 .0700	0.000	698	1	100.0	30
05/19/20	10:00 a	84.4	85.0	83.4	100	84.4	2.0	SSE	1.00	8.0	SSE	84.4	104.9	104.9	118.0	29.905	0.00	0.00	757	32.56	1000	6.0	1.29	6.9	0.000	0.404	86.4	86	81.7	103.6	17.97	 .0700	0.019	698	1	100.0	30
05/19/20	10:30 a	85.2	85.2	84.1	100	85.2	1.0	SSE	0.50	6.0	ESE	85.2	108.7	108.7	122.0	29.900	0.00	0.00	780	33.54	1109	6.7	1.44	10.3	0.000	0.421	86.9	86	82.2	105.8	17.94	 .0699	0.000	699	1	100.0	30
05/19/20	11:00 a	85.4	85.8	84.4	100	85.4	1.0	S	0.50	5.0	SSE	85.4	109.8	109.8	123.2	29.892	0.00	0.00	879	37.80	1063	10.2	2.19	11.5	0.000	0.425	87.0	85	81.9	105.4	17.53	 .0699	0.021	701	1	100.0	30
05/19/20	11:30 a	85.8	86.4	85.4	100	85.8	1.0	SE	0.50	5.0	S	85.8	112.1	112.1	124.1	29.875	0.00	0.00	986	42.40	1144	11.2	2.40	12.2	0.000	0.433	87.3	83	81.5	104.9	16.76	 .0698	0.000	697	1	100.0	30
05/19/20	12:00 p	86.0	87.5	85.6	100	86.0	1.0	SSW	0.50	5.0	SE	86.0	113.2	113.2	125.6	29.866	0.00	0.00	974	41.89	1118	11.4	2.44	12.3	0.000	0.438	87.8	83	82.0	106.3	16.74	 .0697	0.025	699	1	100.0	30
05/19/20	12:30 p	86.1	86.5	85.9	100	86.1	2.0	SE	1.00	6.0	S	86.1	113.9	113.9	125.1	29.856	0.00	0.00	992	42.66	1000	11.2	2.40	11.4	0.000	0.440	87.6	83	81.8	105.7	16.75	 .0697	0.000	700	1	100.0	30
05/19/20	1:00 p	87.1	87.1	85.9	100	87.1	2.0	SSE	1.00	6.0	SSE	87.1	121.5	121.5	133.8	29.833	0.00	0.00	997	42.88	1042	10.4	2.23	10.9	0.000	0.460	88.0	82	81.8	106.0	16.43	 .0696	0.025	700	1	100.0	30
05/19/20	1:30 p	86.1	87.5	86.1	100	86.1	2.0	S	1.00	6.0	ESE	86.1	113.9	113.9	126.0	29.815	0.00	0.00	902	38.79	1155	8.4	1.80	10.4	0.000	0.440	88.2	82	82.0	107.0	16.42	 .0695	0.000	700	1	100.0	30
05/19/20	2:00 p	85.8	87.0	85.7	100	85.8	2.0	S	1.00	10.0	SSE	85.8	112.1	112.1	124.6	29.795	0.00	0.00	839	36.08	904	7.5	1.61	8.4	0.000	0.433	87.6	81	81.0	104.2	16.05	 .0696	0.022	702	1	100.0	30
05/19/20	2:30 p	86.6	86.6	85.5	100	86.6	2.0	SSW	1.00	7.0	SSE	86.6	117.6	117.6	130.3	29.775	0.00	0.00	745	32.04	788	5.8	1.24	6.6	0.000	0.450	87.1	82	80.9	103.7	16.47	 .0697	0.000	699	1	100.0	30
05/19/20	3:00 p	86.0	86.7	85.2	100	86.0	2.0	SSE	1.00	5.0	N	86.0	113.2	113.2	127.0	29.772	0.00	0.00	693	29.80	830	4.0	0.86	5.0	0.000	0.438	86.7	83	80.9	102.9	16.78	 .0697	0.018	701	1	100.0	30
05/19/20	3:30 p	85.0	86.2	85.0	100	85.0	2.0	S	1.00	7.0	S	85.0	107.6	107.6	121.7	29.765	0.00	0.00	592	25.46	737	2.9	0.62	3.7	0.000	0.417	86.1	83	80.3	100.6	16.81	 .0698	0.000	699	1	100.0	30
05/19/20	4:00 p	83.9	85.1	83.8	100	83.9	1.0	SE	0.50	5.0	SSE	83.9	102.7	102.7	112.9	29.774	0.00	0.00	325	13.98	403	1.5	0.32	2.1	0.000	0.394	85.3	85	80.3	99.2	17.63	 .0699	0.012	700	1	100.0	30
05/19/20	4:30 p	83.3	83.9	83.3	100	83.3	1.0	SSW	0.50	4.0	SSE	83.3	100.4	100.4	104.4	29.777	0.00	0.00	105	4.52	213	0.7	0.15	1.0	0.000	0.381	85.0	85	80.0	98.4	17.65	 .0700	0.000	700	1	100.0	30
05/19/20	5:00 p	83.2	83.6	82.9	100	83.2	0.0	ESE	0.00	3.0	ESE	83.2	100.0	100.0	103.6	29.798	0.00	0.00	87	3.74	95	0.1	0.02	0.5	0.000	0.379	84.8	86	80.1	98.4	18.06	 .0701	0.002	699	1	100.0	30
05/19/20	5:30 p	82.1	83.2	82.1	100	82.1	0.0	SSE	0.00	2.0	SSE	82.1	96.0	96.0	96.1	29.807	0.00	0.00	46	1.98	72	0.0	0.00	0.0	0.000	0.356	84.4	87	80.1	97.9	18.49	 .0701	0.000	701	1	100.0	30
05/19/20	6:00 p	81.0	82.0	81.0	100	81.0	0.0	---	0.00	0.0	---	81.0	92.5	92.5	91.6	29.819	0.00	0.00	6	0.26	19	0.0	0.00	0.0	0.000	0.333	83.4	88	79.5	95.4	19.01	 .0704	0.001	699	1	100.0	30
05/19/20	6:30 p	80.4	81.0	80.4	100	80.4	0.0	---	0.00	0.0	---	80.4	90.8	90.8	89.7	29.831	0.00	0.00	0	0.00	0	0.0	0.00	0.0	0.000	0.321	82.8	90	79.6	94.3	20.23	 .0705	0.000	701	1	100.0	30
05/19/20	7:00 p	79.7	80.4	79.7	100	79.7	0.0	---	0.00	0.0	---	79.7	88.8	88.8	87.7	29.844	0.00	0.00	0	0.00	0	0.0	0.00	0.0	0.000	0.306	82.2	90	79.0	92.6	20.27	 .0706	0.000	702	1	100.0	30
05/19/20	7:30 p	79.3	79.7	79.2	100	79.3	0.0	---	0.00	0.0	---	79.3	87.6	87.6	86.5	29.858	0.00	0.00	0	0.00	0	0.0	0.00	0.0	0.000	0.298	81.9	91	79.0	92.2	20.90	 .0707	0.000	700	1	100.0	30
05/19/20	8:00 p	79.0	79.4	78.9	100	79.0	0.0	---	0.00	0.0	---	79.0	86.8	86.8	85.7	29.869	0.00	0.00	0	0.00	0	0.0	0.00	0.0	0.000	0.292	81.5	91	78.6	91.0	20.93	 .0708	0.000	701	1	100.0	30
05/19/20	8:30 p	78.7	79.0	78.7	100	78.7	0.0	SSE	0.00	2.0	SSE	78.7	86.1	86.1	84.9	29.869	0.00	0.00	0	0.00	0	0.0	0.00	0.0	0.000	0.285	81.3	92	78.8	90.7	21.18	 .0708	0.000	703	1	100.0	30
05/19/20	9:00 p	78.7	78.9	78.6	100	78.7	0.0	SSE	0.00	1.0	SSE	78.7	86.1	86.1	84.9	29.865	0.00	0.00	0	0.00	0	0.0	0.00	0.0	0.000	0.285	81.1	92	78.6	90.1	21.17	 .0708	0.000	698	1	100.0	30
05/19/20	9:30 p	78.5	78.7	78.4	100	78.5	0.0	SSE	0.00	1.0	SSE	78.5	85.6	85.6	84.4	29.874	0.00	0.00	0	0.00	0	0.0	0.00	0.0	0.000	0.281	81.0	93	78.8	90.1	21.27	 .0709	0.000	701	1	100.0	30
05/19/20	10:00 p	78.3	78.5	78.3	100	78.3	0.0	---	0.00	0.0	---	78.3	85.1	85.1	83.9	29.871	0.00	0.00	0	0.00	0	0.0	0.00	0.0	0.000	0.277	80.7	93	78.5	89.3	21.26	 .0709	0.000	702	1	100.0	30
05/19/20	10:30 p	78.2	78.4	78.2	100	78.2	0.0	---	0.00	0.0	---	78.2	84.9	84.9	83.7	29.868	0.00	0.00	0	0.00	0	0.0	0.00	0.0	0.000	0.275	80.6	93	78.4	89.1	21.26	 .0709	0.000	699	1	100.0	30
05/19/20	11:00 p	78.2	78.5	78.1	100	78.2	0.0	---	0.00	0.0	---	78.2	84.9	84.9	83.7	29.861	0.00	0.00	0	0.00	0	0.0	0.00	0.0	0.000	0.275	80.5	93	78.3	88.8	21.26	 .0709	0.000	700	1	100.0	30
05/19/20	11:30 p	78.1	78.3	78.0	100	78.1	0.0	---	0.00	0.0	---	78.1	84.6	84.6	83.4	29.850	0.00	0.00	0	0.00	0	0.0	0.00	0.0	0.000	0.273	80.3	94	78.4	88.6	21.36	 .0709	0.000	701	1	100.0	30
05/20/20	12:00 a	77.9	78.1	77.8	100	77.9	0.0	---	0.00	0.0	---	77.9	84.2	84.2	82.9	29.832	0.00	0.00	0	0.00	0	0.0	0.00	0.0	0.000	0.269	80.0	94	78.1	87.8	21.35	 .0709	0.000	700	1	100.0	30
05/20/20	12:30 a	77.7	78.0	77.7	100	77.7	0.0	---	0.00	0.0	---	77.7	83.7	83.7	82.4	29.832	0.00	0.00	0	0.00	0	0.0	0.00	0.0	0.000	0.265	79.8	94	77.9	87.4	21.35	 .0710	0.000	699	1	100.0	30
05/20/20	1:00 a	77.8	77.9	77.7	100	77.8	0.0	---	0.00	0.0	---	77.8	84.0	84.0	82.7	29.827	0.00	0.00	0	0.00	0	0.0	0.00	0.0	0.000	0.267	79.9	95	78.3	87.9	21.65	 .0709	0.000	703	1	100.0	30
05/20/20	1:30 a	77.8	77.9	77.8	100	77.8	0.0	---	0.00	0.0	---	77.8	84.0	84.0	82.7	29.819	0.00	0.00	0	0.00	0	0.0	0.00	0.0	0.000	0.267	79.8	95	78.2	87.6	21.65	 .0709	0.000	701	1	100.0	30
05/20/20	2:00 a	77.9	78.0	77.8	100	77.9	0.0	SSE	0.00	1.0	SSE	77.9	84.2	84.2	82.9	29.815	0.00	0.00	0	0.00	0	0.0	0.00	0.0	0.000	0.269	79.9	95	78.3	87.9	21.65	 .0709	0.000	695	1	100.0	30
05/20/20	2:30 a	78.0	78.2	77.9	100	78.0	0.0	SSE	0.00	2.0	SSE	78.0	84.4	84.4	83.2	29.812	0.00	0.00	0	0.00	0	0.0	0.00	0.0	0.000	0.271	79.9	95	78.3	87.9	21.65	 .0709	0.000	700	1	100.0	30
05/20/20	3:00 a	77.6	78.0	77.6	100	77.6	0.0	SSE	0.00	2.0	SSE	77.6	83.5	83.5	82.2	29.806	0.00	0.00	0	0.00	0	0.0	0.00	0.0	0.000	0.262	79.9	95	78.3	87.9	21.65	 .0709	0.000	701	1	100.0	30
05/20/20	3:30 a	77.4	77.7	77.4	100	77.4	0.0	SSE	0.00	1.0	SSE	77.4	83.1	83.1	81.8	29.803	0.00	0.00	0	0.00	0	0.0	0.00	0.0	0.000	0.258	79.6	95	78.0	87.2	21.65	 .0709	0.000	700	1	100.0	30
05/20/20	4:00 a	77.6	77.6	77.3	100	77.6	0.0	SSE	0.00	3.0	NNW	77.6	83.5	83.5	82.2	29.808	0.00	0.00	0	0.00	0	0.0	0.00	0.0	0.000	0.262	79.5	95	77.9	86.9	21.65	 .0710	0.000	699	1	100.0	30
05/20/20	4:30 a	77.6	77.7	77.5	100	77.6	0.0	NNW	0.00	2.0	NNW	77.6	83.5	83.5	82.2	29.814	0.00	0.00	0	0.00	0	0.0	0.00	0.0	0.000	0.262	79.5	95	77.9	86.9	21.65	 .0710	0.000	699	1	100.0	30
05/20/20	5:00 a	77.4	77.7	77.4	100	77.4	0.0	---	0.00	0.0	---	77.4	83.1	83.1	81.8	29.818	0.00	0.00	0	0.00	0	0.0	0.00	0.0	0.000	0.258	79.2	95	77.6	86.3	21.65	 .0710	0.000	700	1	100.0	30
05/20/20	5:30 a	77.5	77.5	77.2	100	77.5	0.0	---	0.00	0.0	---	77.5	83.3	83.3	82.2	29.820	0.00	0.00	8	0.34	25	0.0	0.00	0.0	0.000	0.260	79.1	95	77.5	86.0	21.65	 .0711	0.000	700	1	100.0	30
05/20/20	6:00 a	77.9	77.9	77.4	100	77.9	0.0	---	0.00	0.0	---	77.9	84.2	84.2	83.9	29.830	0.00	0.00	43	1.85	60	0.0	0.00	0.0	0.000	0.269	79.4	96	78.2	87.0	21.75	 .0710	0.001	699	1	100.0	30
05/20/20	6:30 a	78.5	78.6	77.9	100	78.5	0.0	---	0.00	0.0	---	78.5	85.6	85.6	88.6	29.834	0.00	0.00	79	3.40	107	0.0	0.00	0.0	0.000	0.281	80.2	96	79.0	88.9	21.75	 .0708	0.000	702	1	100.0	30
05/20/20	7:00 a	79.2	79.3	78.5	100	79.2	0.0	---	0.00	0.0	---	79.2	87.4	87.4	91.2	29.845	0.00	0.00	111	4.77	123	0.6	0.13	0.8	0.000	0.296	80.8	95	79.2	90.2	21.65	 .0708	0.002	697	1	100.0	30
05/20/20	7:30 a	79.4	79.4	79.1	100	79.4	0.0	---	0.00	0.0	---	79.4	87.9	87.9	91.9	29.859	0.00	0.00	133	5.72	336	1.2	0.26	1.6	0.000	0.300	81.4	95	79.8	92.0	21.65	 .0707	0.000	699	1	100.0	30
05/20/20	8:00 a	81.1	81.1	79.3	100	81.1	0.0	---	0.00	0.0	---	81.1	92.8	92.8	103.0	29.866	0.00	0.00	395	16.99	633	2.5	0.54	3.4	0.000	0.335	82.8	93	80.6	95.7	21.31	 .0705	0.006	701	1	100.0	30
05/20/20	8:30 a	83.0	83.3	81.1	100	83.0	1.0	S	0.50	4.0	SE	83.0	99.2	99.2	110.1	29.867	0.00	0.00	475	20.43	731	3.4	0.73	4.8	0.000	0.375	84.0	91	81.1	98.5	20.73	 .0703	0.000	697	1	100.0	30
05/20/20	9:00 a	83.9	83.9	82.7	100	83.9	1.0	SSE	0.50	4.0	SE	83.9	102.7	102.7	110.1	29.879	0.00	0.00	319	13.72	926	4.0	0.86	6.7	0.000	0.394	84.6	89	81.0	99.3	19.49	 .0702	0.011	699	1	100.0	30
05/20/20	9:30 a	84.9	85.0	83.8	100	84.9	1.0	SSW	0.50	5.0	SSE	84.9	107.2	107.2	119.3	29.892	0.00	0.00	627	26.96	1009	5.8	1.24	7.5	0.000	0.415	85.9	87	81.6	102.2	18.40	 .0700	0.000	700	1	100.0	30
05/20/20	10:00 a	86.0	86.5	85.0	100	86.0	2.0	SSW	1.00	5.0	S	86.0	113.2	113.2	125.4	29.889	0.00	0.00	947	40.73	1199	5.7	1.22	6.5	0.000	0.438	87.8	85	82.7	107.9	17.48	 .0697	0.020	698	1	100.0	30
05/20/20	10:30 a	85.0	86.4	84.8	100	85.0	1.0	WSW	0.50	4.0	WNW	85.0	107.6	107.6	117.5	29.882	0.00	0.00	469	20.17	601	5.9	1.26	6.4	0.000	0.417	88.0	84	82.6	107.7	17.13	 .0697	0.000	698	1	100.0	30
05/20/20	11:00 a	83.7	85.0	83.7	100	83.7	1.0	SSW	0.50	6.0	SSW	83.7	101.9	101.9	109.4	29.875	0.00	0.00	333	14.32	422	4.5	0.96	5.7	0.000	0.390	87.0	85	81.9	105.4	17.53	 .0698	0.010	703	1	100.0	30
05/20/20	11:30 a	83.5	83.9	83.4	100	83.5	1.0	SW	0.50	4.0	SW	83.5	101.1	101.1	109.6	29.864	0.00	0.00	385	16.56	424	5.3	1.14	5.9	0.000	0.385	86.6	85	81.5	103.7	17.55	 .0699	0.000	702	1	100.0	30
05/20/20	12:00 p	84.2	84.8	83.3	100	84.2	1.0	SSW	0.50	6.0	S	84.2	104.0	104.0	112.6	29.855	0.00	0.00	386	16.60	1020	5.9	1.26	11.8	0.000	0.400	87.2	84	81.8	105.3	17.16	 .0698	0.011	702	1	100.0	30
05/20/20	12:30 p	84.5	85.0	84.2	100	84.5	2.0	SSW	1.00	6.0	SW	84.5	105.3	105.3	118.1	29.829	0.00	0.00	695	29.89	984	8.0	1.71	10.1	0.000	0.406	87.5	83	81.7	105.5	16.75	 .0697	0.000	702	1	100.0	30
05/20/20	1:00 p	85.1	85.6	84.4	100	85.1	1.0	S	0.50	5.0	SSW	85.1	108.2	108.2	121.4	29.816	0.00	0.00	767	32.99	939	7.9	1.69	9.1	0.000	0.419	87.9	83	82.1	106.6	16.73	 .0696	0.019	701	1	100.0	30
05/20/20	1:30 p	84.1	85.3	84.1	100	84.1	2.0	SSW	1.00	7.0	SSW	84.1	103.5	103.5	115.2	29.820	0.00	0.00	600	25.80	693	6.2	1.33	7.0	0.000	0.398	87.6	82	81.4	105.0	16.45	 .0697	0.000	700	1	100.0	30
05/20/20	2:00 p	85.0	86.3	84.2	100	85.0	1.0	S	0.50	6.0	W	85.0	107.6	107.6	119.4	29.817	0.00	0.00	586	25.20	756	5.5	1.18	6.8	0.000	0.417	87.3	83	81.5	104.9	16.76	 .0697	0.015	700	1	100.0	30
05/20/20	2:30 p	84.0	85.0	83.6	100	84.0	1.0	S	0.50	5.0	S	84.0	103.1	103.1	111.1	29.797	0.00	0.00	337	14.49	418	3.4	0.73	4.2	0.000	0.396	87.0	84	81.6	104.7	17.17	 .0697	0.000	699	1	100.0	30
05/20/20	3:00 p	83.8	84.3	83.6	100	83.8	1.0	SE	0.50	4.0	S	83.8	102.3	102.3	110.8	29.777	0.00	0.00	331	14.23	380	2.8	0.60	3.0	0.000	0.392	86.6	84	81.2	103.1	17.19	 .0697	0.009	701	1	100.0	30
05/20/20	3:30 p	85.0	85.6	83.6	100	85.0	1.0	S	0.50	4.0	SSW	85.0	107.6	107.6	119.7	29.778	0.00	0.00	500	21.50	650	2.6	0.56	2.9	0.000	0.417	86.3	85	81.3	102.5	17.57	 .0697	0.000	701	1	100.0	30
05/20/20	4:00 p	84.3	85.5	84.1	100	84.3	2.0	SE	1.00	8.0	SE	84.3	104.5	104.5	117.4	29.772	0.00	0.00	448	19.27	564	1.7	0.36	2.3	0.000	0.402	85.7	84	80.3	99.9	17.22	 .0699	0.012	696	1	100.0	30
05/20/20	4:30 p	83.0	84.5	83.0	100	83.0	1.0	SE	0.50	4.0	ESE	83.0	99.2	99.2	103.0	29.768	0.00	0.00	98	4.21	295	0.7	0.15	1.0	0.000	0.375	85.3	86	80.6	99.8	18.03	 .0699	0.000	702	1	100.0	30
05/20/20	5:00 p	82.1	83.1	82.0	100	82.1	0.0	E	0.00	2.0	E	82.1	96.0	96.0	97.7	29.788	0.00	0.00	44	1.89	67	0.0	0.00	0.0	0.000	0.356	84.7	87	80.4	98.6	18.47	 .0700	0.002	698	1	100.0	30
05/20/20	5:30 p	81.1	82.1	81.1	100	81.1	0.0	E	0.00	1.0	E	81.1	92.8	92.8	92.4	29.798	0.00	0.00	19	0.82	28	0.0	0.00	0.0	0.000	0.335	83.9	88	80.0	96.9	18.96	 .0702	0.000	697	1	100.0	30
05/20/20	6:00 p	80.0	81.1	80.0	100	80.0	0.0	---	0.00	0.0	---	80.0	89.6	89.6	88.7	29.798	0.00	0.00	2	0.09	9	0.0	0.00	0.0	0.000	0.313	83.0	89	79.4	94.5	19.65	 .0704	0.000	699	1	100.0	30
05/20/20	6:30 p	79.0	80.1	78.9	100	79.0	0.0	---	0.00	0.0	---	79.0	86.8	86.8	85.8	29.796	0.00	0.00	0	0.00	0	0.0	0.00	0.0	0.000	0.292	82.2	90	79.0	92.6	20.27	 .0705	0.000	702	1	100.0	30
05/20/20	7:00 p	78.7	79.0	78.6	100	78.7	0.0	---	0.00	0.0	---	78.7	86.1	86.1	85.1	29.813	0.00	0.00	0	0.00	0	0.0	0.00	0.0	0.000	0.285	81.6	90	78.4	90.9	20.32	 .0707	0.000	699	1	100.0	30
05/20/20	7:30 p	78.3	78.7	78.3	100	78.3	0.0	---	0.00	0.0	---	78.3	85.1	85.1	84.1	29.822	0.00	0.00	0	0.00	0	0.0	0.00	0.0	0.000	0.277	81.4	91	78.5	90.7	20.94	 .0707	0.000	701	1	100.0	30
05/20/20	8:00 p	78.1	78.4	78.1	100	78.1	0.0	---	0.00	0.0	---	78.1	84.6	84.6	83.6	29.835	0.00	0.00	0	0.00	0	0.0	0.00	0.0	0.000	0.273	80.9	91	78.0	89.3	20.98	 .0708	0.000	696	1	100.0	30
05/20/20	8:30 p	77.9	78.2	77.8	100	77.9	0.0	---	0.00	0.0	---	77.9	84.2	84.2	83.1	29.836	0.00	0.00	0	0.00	0	0.0	0.00	0.0	0.000	0.269	80.7	92	78.2	89.1	21.16	 .0709	0.000	696	1	100.0	30
05/20/20	9:00 p	77.8	78.0	77.8	100	77.8	0.0	---	0.00	0.0	---	77.8	84.0	84.0	82.9	29.840	0.00	0.00	0	0.00	0	0.0	0.00	0.0	0.000	0.267	80.5	92	78.0	88.6	21.16	 .0709	0.000	702	1	100.0	30
05/20/20	9:30 p	77.9	78.1	77.8	100	77.9	0.0	---	0.00	0.0	---	77.9	84.2	84.2	83.1	29.846	0.00	0.00	0	0.00	0	0.0	0.00	0.0	0.000	0.269	80.4	93	78.2	88.6	21.26	 .0709	0.000	700	1	100.0	30
05/20/20	10:00 p	77.6	77.9	77.5	100	77.6	0.0	---	0.00	0.0	---	77.6	83.5	83.5	82.4	29.845	0.00	0.00	0	0.00	0	0.0	0.00	0.0	0.000	0.262	80.2	93	78.0	88.1	21.25	 .0710	0.000	700	1	100.0	30
05/20/20	10:30 p	77.1	77.6	77.1	100	77.1	0.0	---	0.00	0.0	---	77.1	82.4	82.4	81.3	29.849	0.00	0.00	0	0.00	0	0.0	0.00	0.0	0.000	0.252	79.8	93	77.6	87.1	21.25	 .0710	0.000	701	1	100.0	30
05/20/20	11:00 p	76.6	77.1	76.6	100	76.6	0.0	---	0.00	0.0	---	76.6	81.4	81.4	80.2	29.848	0.00	0.00	0	0.00	0	0.0	0.00	0.0	0.000	0.242	79.4	93	77.2	86.2	21.24	 .0711	0.000	701	1	100.0	30
05/20/20	11:30 p	76.2	76.6	76.2	100	76.2	0.0	---	0.00	0.0	---	76.2	80.7	80.7	79.5	29.843	0.00	0.00	0	0.00	0	0.0	0.00	0.0	0.000	0.233	79.1	93	76.9	85.6	21.23	 .0712	0.000	699	1	100.0	30
05/21/20	12:00 a	76.1	76.2	76.1	100	76.1	0.0	---	0.00	0.0	---	76.1	80.5	80.5	79.3	29.829	0.00	0.00	0	0.00	0	0.0	0.00	0.0	0.000	0.231	78.9	93	76.7	85.1	21.23	 .0712	0.000	702	1	100.0	30
05/21/20	12:30 a	75.9	76.1	75.9	100	75.9	0.0	---	0.00	0.0	---	75.9	80.2	80.2	79.0	29.815	0.00	0.00	0	0.00	0	0.0	0.00	0.0	0.000	0.227	78.6	93	76.4	84.5	21.22	 .0712	0.000	697	1	100.0	30
05/21/20	1:00 a	75.8	76.1	75.8	100	75.8	0.0	---	0.00	0.0	---	75.8	80.0	80.0	78.8	29.805	0.00	0.00	0	0.00	0	0.0	0.00	0.0	0.000	0.225	78.4	93	76.2	84.0	21.22	 .0712	0.000	702	1	100.0	30
05/21/20	1:30 a	76.1	76.2	75.8	100	76.1	0.0	---	0.00	0.0	---	76.1	80.5	80.5	79.3	29.802	0.00	0.00	0	0.00	0	0.0	0.00	0.0	0.000	0.231	78.5	94	76.6	84.4	21.35	 .0712	0.000	700	1	100.0	30
05/21/20	2:00 a	76.4	76.5	76.1	100	76.4	0.0	---	0.00	0.0	---	76.4	81.1	81.1	79.9	29.799	0.00	0.00	0	0.00	0	0.0	0.00	0.0	0.000	0.238	78.6	94	76.7	84.7	21.35	 .0711	0.000	699	1	100.0	30
05/21/20	2:30 a	76.4	76.4	76.3	100	76.4	0.0	---	0.00	0.0	---	76.4	81.1	81.1	79.9	29.796	0.00	0.00	0	0.00	0	0.0	0.00	0.0	0.000	0.238	78.5	94	76.6	84.4	21.35	 .0712	0.000	701	1	100.0	30
05/21/20	3:00 a	76.3	76.4	76.1	100	76.3	0.0	---	0.00	0.0	---	76.3	80.9	80.9	79.7	29.794	0.00	0.00	0	0.00	0	0.0	0.00	0.0	0.000	0.235	78.3	94	76.4	84.0	21.35	 .0712	0.000	702	1	100.0	30
05/21/20	3:30 a	76.5	76.6	76.3	100	76.5	0.0	---	0.00	0.0	---	76.5	81.3	81.3	80.1	29.792	0.00	0.00	0	0.00	0	0.0	0.00	0.0	0.000	0.240	78.4	95	76.8	84.4	21.65	 .0711	0.000	701	1	100.0	30
05/21/20	4:00 a	76.5	76.6	76.4	100	76.5	0.0	---	0.00	0.0	---	76.5	81.3	81.3	80.1	29.796	0.00	0.00	0	0.00	0	0.0	0.00	0.0	0.000	0.240	78.5	95	76.9	84.6	21.65	 .0711	0.000	701	1	100.0	30
05/21/20	4:30 a	76.4	76.6	76.3	100	76.4	0.0	---	0.00	0.0	---	76.4	81.1	81.1	79.9	29.804	0.00	0.00	0	0.00	0	0.0	0.00	0.0	0.000	0.238	78.3	95	76.7	84.1	21.65	 .0712	0.000	696	1	100.0	30
05/21/20	5:00 a	76.5	76.6	76.4	100	76.5	0.0	---	0.00	0.0	---	76.5	81.3	81.3	80.1	29.813	0.00	0.00	0	0.00	0	0.0	0.00	0.0	0.000	0.240	78.3	95	76.7	84.1	21.65	 .0712	0.000	693	1	100.0	30
05/21/20	5:30 a	76.6	76.7	76.4	100	76.6	0.0	---	0.00	0.0	---	76.6	81.4	81.4	80.3	29.821	0.00	0.00	1	0.04	5	0.0	0.00	0.0	0.000	0.242	78.4	95	76.8	84.4	21.65	 .0712	0.000	692	1	100.0	30
05/21/20	6:00 a	77.1	77.1	76.6	100	77.1	0.0	---	0.00	0.0	---	77.1	82.4	82.4	81.8	29.828	0.00	0.00	23	0.99	47	0.0	0.00	0.0	0.000	0.252	78.7	96	77.5	85.3	21.75	 .0711	0.000	693	1	100.0	30
05/21/20	6:30 a	77.7	77.8	77.0	100	77.7	0.0	---	0.00	0.0	---	77.7	83.7	83.7	86.2	29.836	0.00	0.00	69	2.97	81	0.0	0.00	0.0	0.000	0.265	79.5	96	78.3	87.2	21.75	 .0710	0.000	697	1	100.0	30
05/21/20	7:00 a	78.0	78.0	77.7	100	78.0	0.0	E	0.00	1.0	E	78.0	84.4	84.4	86.2	29.847	0.00	0.00	61	2.62	70	0.2	0.04	0.6	0.000	0.271	81.0	94	79.1	90.4	21.37	 .0708	0.002	700	1	100.0	30
05/21/20	7:30 a	78.6	78.6	77.9	100	78.6	0.0	E	0.00	1.0	E	78.6	85.8	85.8	89.2	29.847	0.00	0.00	117	5.03	322	0.9	0.19	1.5	0.000	0.283	82.0	94	80.1	93.5	21.39	 .0706	0.000	699	1	100.0	30
05/21/20	8:00 a	80.5	80.5	78.6	100	80.5	0.0	E	0.00	1.0	E	80.5	91.1	91.1	102.7	29.843	0.00	0.00	480	20.64	589	2.4	0.51	3.0	0.000	0.323	83.3	92	80.7	96.8	21.22	 .0703	0.007	699	1	100.0	30
05/21/20	8:30 a	83.1	83.1	80.5	100	83.1	0.0	S	0.00	4.0	SW	83.1	99.6	99.6	110.4	29.848	0.00	0.00	468	20.13	563	3.1	0.66	3.6	0.000	0.377	84.2	89	80.6	98.2	19.53	 .0702	0.000	702	1	100.0	30
05/21/20	9:00 a	84.1	84.1	82.7	100	84.1	1.0	SE	0.50	2.0	S	84.1	103.5	103.5	115.2	29.858	0.00	0.00	566	24.34	650	4.2	0.90	4.8	0.000	0.398	84.9	87	80.6	99.1	18.46	 .0702	0.013	701	1	100.0	30
05/21/20	9:30 a	86.7	86.8	84.0	100	86.7	2.0	SW	1.00	6.0	W	86.7	118.3	118.3	131.1	29.861	0.00	0.00	816	35.09	895	5.6	1.20	6.0	0.000	0.452	86.2	82	80.1	100.5	16.50	 .0700	0.000	700	1	100.0	30
05/21/20	10:00 a	85.4	87.4	85.1	100	85.4	1.0	WSW	0.50	5.0	SSW	85.4	109.8	109.8	121.7	29.857	0.00	0.00	611	26.28	951	4.5	0.96	4.9	0.000	0.425	86.3	83	80.5	101.4	16.80	 .0700	0.018	701	1	100.0	30
05/21/20	10:30 a	87.3	87.8	85.3	100	87.3	2.0	SSW	1.00	7.0	WSW	87.3	123.5	123.5	137.0	29.853	0.00	0.00	856	36.81	1011	5.1	1.09	9.0	0.000	0.465	87.1	82	80.9	103.7	16.47	 .0698	0.000	700	1	100.0	30
05/21/20	11:00 a	87.7	87.8	86.7	100	87.7	2.0	SW	1.00	7.0	SSW	87.7	127.4	127.4	140.2	29.852	0.00	0.00	955	41.07	998	9.5	2.04	10.0	0.000	0.473	87.7	82	81.5	105.3	16.44	 .0697	0.023	702	1	100.0	30
05/21/20	11:30 a	87.8	88.8	87.2	100	87.8	2.0	SSW	1.00	7.0	SSW	87.8	128.4	128.4	138.9	29.848	0.00	0.00	1017	43.74	1039	10.3	2.21	10.4	0.000	0.475	88.4	79	81.1	105.7	15.25	 .0697	0.000	700	1	100.0	30
05/21/20	12:00 p	88.0	88.8	87.2	100	88.0	2.0	S	1.00	7.0	S	88.0	130.4	130.4	144.1	29.843	0.00	0.00	840	36.12	1106	9.1	1.95	12.0	0.000	0.479	88.8	77	80.7	106.1	14.62	 .0696	0.024	700	1	100.0	30
05/21/20	12:30 p	87.9	89.3	87.9	100	87.9	2.0	S	1.00	6.0	WSW	87.9	129.4	129.4	141.1	29.824	0.00	0.00	1025	44.08	1313	9.8	2.10	11.7	0.000	0.477	89.6	78	81.8	110.1	14.78	 .0694	0.000	701	1	100.0	30
05/21/20	1:00 p	86.6	87.8	86.6	100	86.6	2.0	SSW	1.00	5.0	S	86.6	117.6	117.6	128.6	29.812	0.00	0.00	541	23.27	705	6.8	1.46	10.7	0.000	0.450	89.5	79	82.1	110.5	15.18	 .0693	0.021	699	1	100.0	30
05/21/20	1:30 p	86.7	87.3	86.1	100	86.7	1.0	S	0.50	8.0	SE	86.7	118.3	118.3	128.4	29.803	0.00	0.00	480	20.64	633	5.1	1.09	8.1	0.000	0.452	89.5	78	81.7	109.7	14.79	 .0693	0.000	701	1	100.0	30
05/21/20	2:00 p	86.7	87.2	86.5	100	86.7	2.0	SSE	1.00	8.0	SE	86.7	118.3	118.3	128.3	29.790	0.00	0.00	458	19.70	814	5.1	1.09	7.2	0.000	0.452	88.6	79	81.2	106.6	15.23	 .0695	0.014	697	1	100.0	30
05/21/20	2:30 p	86.4	88.1	86.0	100	86.4	2.0	S	1.00	6.0	S	86.4	116.1	116.1	126.9	29.785	0.00	0.00	477	20.51	800	4.3	0.92	5.6	0.000	0.446	88.1	81	81.5	105.7	16.03	 .0695	0.000	702	1	100.0	30
05/21/20	3:00 p	87.1	87.5	85.7	100	87.1	1.0	S	0.50	7.0	SE	87.1	121.5	121.5	132.8	29.787	0.00	0.00	459	19.74	705	3.1	0.66	4.1	0.000	0.460	88.3	82	82.1	107.5	16.42	 .0694	0.013	698	1	100.0	30
05/21/20	3:30 p	86.2	87.0	85.2	100	86.2	1.0	SSE	0.50	5.0	SSE	86.2	114.7	114.7	122.8	29.782	0.00	0.00	273	11.74	566	1.6	0.34	2.2	0.000	0.442	87.9	82	81.7	105.8	16.43	 .0695	0.000	699	1	100.0	30
05/21/20	4:00 p	84.0	86.5	84.0	100	84.0	1.0	S	0.50	4.0	ESE	84.0	103.1	103.1	106.9	29.785	0.00	0.00	114	4.90	547	1.0	0.21	2.0	0.000	0.396	86.8	84	81.4	103.9	17.18	 .0697	0.005	701	1	100.0	30
05/21/20	4:30 p	83.4	83.9	83.3	100	83.4	1.0	S	0.50	4.0	ENE	83.4	100.8	100.8	103.0	29.787	0.00	0.00	61	2.62	69	0.0	0.00	0.0	0.000	0.383	86.1	85	81.1	101.6	17.58	 .0698	0.000	699	1	100.0	30
05/21/20	5:00 p	83.4	83.6	83.2	100	83.4	1.0	ESE	0.50	7.0	ENE	83.4	100.8	100.8	102.8	29.796	0.00	0.00	50	2.15	67	0.0	0.00	0.0	0.000	0.383	85.6	87	81.3	101.3	18.41	 .0699	0.001	701	1	100.0	30
05/21/20	5:30 p	82.5	83.4	82.5	100	82.5	1.0	E	0.50	4.0	SSE	82.5	97.4	97.4	97.1	29.801	0.00	0.00	22	0.95	40	0.0	0.00	0.0	0.000	0.365	85.2	88	81.2	100.6	18.84	 .0699	0.000	701	1	100.0	30
05/21/20	6:00 p	81.6	82.5	81.6	100	81.6	0.0	E	0.00	2.0	E	81.6	94.4	94.4	93.6	29.811	0.00	0.00	2	0.09	11	0.0	0.00	0.0	0.000	0.346	84.4	89	80.8	98.7	19.51	 .0701	0.000	701	1	100.0	30
05/21/20	6:30 p	81.0	81.6	81.0	100	81.0	0.0	E	0.00	1.0	E	81.0	92.5	92.5	91.6	29.818	0.00	0.00	0	0.00	0	0.0	0.00	0.0	0.000	0.333	83.5	90	80.3	96.4	20.17	 .0703	0.000	700	1	100.0	30
05/21/20	7:00 p	80.5	81.1	80.5	100	80.5	0.0	E	0.00	1.0	E	80.5	91.1	91.1	90.1	29.827	0.00	0.00	0	0.00	0	0.0	0.00	0.0	0.000	0.323	83.0	90	79.8	94.8	20.21	 .0704	0.000	701	1	100.0	30
05/21/20	7:30 p	80.6	80.6	80.2	100	80.6	0.0	NE	0.00	3.0	NNE	80.6	91.3	91.3	90.3	29.848	0.00	0.00	0	0.00	0	0.0	0.00	0.0	0.000	0.325	83.0	91	80.1	95.3	20.81	 .0704	0.000	701	1	100.0	30
05/21/20	8:00 p	80.0	80.6	79.9	100	80.0	0.0	N	0.00	1.0	N	80.0	89.6	89.6	88.6	29.835	0.00	0.00	0	0.00	0	0.0	0.00	0.0	0.000	0.313	82.6	91	79.7	94.2	20.84	 .0705	0.000	697	1	100.0	30
05/21/20	8:30 p	79.6	80.0	79.5	100	79.6	0.0	---	0.00	0.0	---	79.6	88.5	88.5	87.5	29.843	0.00	0.00	0	0.00	0	0.0	0.00	0.0	0.000	0.304	82.1	91	79.2	92.7	20.88	 .0706	0.000	698	1	100.0	30
05/21/20	9:00 p	79.1	79.6	79.0	100	79.1	0.0	N	0.00	1.0	N	79.1	87.1	87.1	86.1	29.850	0.00	0.00	0	0.00	0	0.0	0.00	0.0	0.000	0.294	81.8	92	79.2	92.2	21.19	 .0707	0.000	699	1	100.0	30
05/21/20	9:30 p	78.2	79.1	78.2	100	78.2	0.0	---	0.00	0.0	---	78.2	84.9	84.9	83.8	29.855	0.00	0.00	0	0.00	0	0.0	0.00	0.0	0.000	0.275	81.2	92	78.7	90.4	21.17	 .0708	0.000	700	1	100.0	30
05/21/20	10:00 p	77.8	78.2	77.8	100	77.8	0.0	---	0.00	0.0	---	77.8	84.0	84.0	82.9	29.852	0.00	0.00	0	0.00	0	0.0	0.00	0.0	0.000	0.267	80.8	92	78.3	89.3	21.17	 .0709	0.000	700	1	100.0	30
05/21/20	10:30 p	77.6	77.9	77.6	100	77.6	0.0	---	0.00	0.0	---	77.6	83.5	83.5	82.4	29.846	0.00	0.00	0	0.00	0	0.0	0.00	0.0	0.000	0.262	80.5	92	78.0	88.6	21.16	 .0709	0.000	697	1	100.0	30
05/21/20	11:00 p	77.3	77.7	77.3	100	77.3	0.0	---	0.00	0.0	---	77.3	82.9	82.9	81.8	29.846	0.00	0.00	0	0.00	0	0.0	0.00	0.0	0.000	0.256	80.1	92	77.6	87.6	21.15	 .0710	0.000	695	1	100.0	30
05/21/20	11:30 p	77.2	77.4	77.1	100	77.2	0.0	---	0.00	0.0	---	77.2	82.6	82.6	81.5	29.831	0.00	0.00	0	0.00	0	0.0	0.00	0.0	0.000	0.254	79.9	93	77.7	87.4	21.25	 .0710	0.000	694	1	100.0	30
05/22/20	12:00 a	77.0	77.2	76.9	100	77.0	0.0	---	0.00	0.0	---	77.0	82.2	82.2	81.1	29.825	0.00	0.00	0	0.00	0	0.0	0.00	0.0	0.000	0.250	79.6	93	77.4	86.7	21.24	 .0710	0.000	701	1	100.0	30
05/22/20	12:30 a	76.7	77.0	76.7	100	76.7	0.0	---	0.00	0.0	---	76.7	81.6	81.6	80.4	29.822	0.00	0.00	0	0.00	0	0.0	0.00	0.0	0.000	0.244	79.4	93	77.2	86.2	21.24	 .0711	0.000	699	1	100.0	30
05/22/20	1:00 a	76.5	76.7	76.5	100	76.5	0.0	---	0.00	0.0	---	76.5	81.3	81.3	80.1	29.821	0.00	0.00	0	0.00	0	0.0	0.00	0.0	0.000	0.240	79.2	93	77.0	85.8	21.23	 .0711	0.000	699	1	100.0	30
05/22/20	1:30 a	76.3	76.5	76.2	100	76.3	0.0	---	0.00	0.0	---	76.3	80.9	80.9	79.7	29.807	0.00	0.00	0	0.00	0	0.0	0.00	0.0	0.000	0.235	78.9	93	76.7	85.1	21.23	 .0711	0.000	701	1	100.0	30
05/22/20	2:00 a	76.1	76.3	76.1	100	76.1	0.0	---	0.00	0.0	---	76.1	80.5	80.5	79.3	29.798	0.00	0.00	0	0.00	0	0.0	0.00	0.0	0.000	0.231	78.8	93	76.6	84.9	21.23	 .0711	0.000	702	1	100.0	30
05/22/20	2:30 a	76.0	76.1	75.9	100	76.0	0.0	---	0.00	0.0	---	76.0	80.3	80.3	79.1	29.794	0.00	0.00	0	0.00	0	0.0	0.00	0.0	0.000	0.229	78.5	93	76.3	84.3	21.22	 .0712	0.000	701	1	100.0	30
05/22/20	3:00 a	75.9	76.0	75.8	100	75.9	0.0	---	0.00	0.0	---	75.9	80.2	80.2	79.0	29.797	0.00	0.00	0	0.00	0	0.0	0.00	0.0	0.000	0.227	78.3	94	76.4	84.0	21.35	 .0712	0.000	697	1	100.0	30
05/22/20	3:30 a	75.8	76.0	75.7	100	75.8	0.0	---	0.00	0.0	---	75.8	80.0	80.0	78.8	29.800	0.00	0.00	0	0.00	0	0.0	0.00	0.0	0.000	0.225	78.2	94	76.3	83.7	21.35	 .0712	0.000	703	1	100.0	30
05/22/20	4:00 a	75.8	75.8	75.7	100	75.8	0.0	---	0.00	0.0	---	75.8	80.0	80.0	78.8	29.801	0.00	0.00	0	0.00	0	0.0	0.00	0.0	0.000	0.225	78.0	94	76.1	83.3	21.35	 .0713	0.000	701	1	100.0	30
05/22/20	4:30 a	75.7	75.8	75.6	100	75.7	0.0	---	0.00	0.0	---	75.7	79.8	79.8	78.6	29.795	0.00	0.00	0	0.00	0	0.0	0.00	0.0	0.000	0.223	77.9	94	76.0	83.1	21.35	 .0713	0.000	702	1	100.0	30
05/22/20	5:00 a	75.6	75.8	75.5	100	75.6	0.0	---	0.00	0.0	---	75.6	79.7	79.7	78.5	29.800	0.00	0.00	0	0.00	0	0.0	0.00	0.0	0.000	0.221	77.8	94	75.9	82.9	21.35	 .0713	0.000	698	1	100.0	30
05/22/20	5:30 a	75.7	75.8	75.5	100	75.7	0.0	---	0.00	0.0	---	75.7	79.8	79.8	78.6	29.816	0.00	0.00	1	0.04	5	0.0	0.00	0.0	0.000	0.223	77.7	95	76.2	82.8	21.65	 .0714	0.000	701	1	100.0	30
05/22/20	6:00 a	76.1	76.1	75.7	100	76.1	0.0	---	0.00	0.0	---	76.1	80.5	80.5	79.6	29.815	0.00	0.00	13	0.56	19	0.0	0.00	0.0	0.000	0.231	78.0	95	76.5	83.4	21.65	 .0713	0.000	699	1	100.0	30
05/22/20	6:30 a	77.0	77.0	76.1	100	77.0	0.0	NNE	0.00	1.0	NNE	77.0	82.2	82.2	82.6	29.822	0.00	0.00	23	0.99	26	0.0	0.00	0.0	0.000	0.250	79.1	95	77.5	86.0	21.65	 .0711	0.000	701	1	100.0	30
05/22/20	7:00 a	77.9	77.9	77.0	100	77.9	0.0	NNE	0.00	2.0	NNE	77.9	84.2	84.2	84.6	29.830	0.00	0.00	29	1.25	32	0.0	0.00	0.0	0.000	0.269	80.6	95	79.0	89.7	21.65	 .0708	0.001	701	1	100.0	30
05/22/20	7:30 a	79.1	79.1	77.9	100	79.1	0.0	NNE	0.00	1.0	NNE	79.1	87.1	87.1	90.0	29.838	0.00	0.00	100	4.30	350	0.5	0.11	1.2	0.000	0.294	81.9	94	80.0	93.2	21.39	 .0706	0.000	702	1	100.0	30
05/22/20	8:00 a	80.5	80.5	79.1	100	80.5	0.0	NNE	0.00	3.0	SE	80.5	91.1	91.1	102.4	29.835	0.00	0.00	460	19.78	606	2.0	0.43	2.9	0.000	0.323	83.4	92	80.8	97.1	21.22	 .0703	0.007	700	1	100.0	30
05/22/20	8:30 a	84.5	84.5	80.5	100	84.5	1.0	S	0.50	5.0	SSE	84.5	105.3	105.3	117.9	29.853	0.00	0.00	641	27.57	671	3.4	0.73	3.8	0.000	0.406	85.0	89	81.4	100.4	19.45	 .0701	0.000	700	1	100.0	30
05/22/20	9:00 a	84.1	86.5	84.1	100	84.1	1.0	SE	0.50	6.0	SSE	84.1	103.5	103.5	113.7	29.858	0.00	0.00	461	19.83	742	3.1	0.66	4.4	0.000	0.398	85.4	86	80.7	100.1	18.03	 .0701	0.014	702	1	100.0	30
05/22/20	9:30 a	87.2	87.3	83.4	100	87.2	1.0	SSE	0.50	5.0	S	87.2	122.5	122.5	135.4	29.851	0.00	0.00	695	29.89	865	4.6	0.99	5.3	0.000	0.462	86.2	86	81.5	102.7	17.98	 .0699	0.000	695	1	100.0	30
05/22/20	10:00 a	87.7	87.9	87.1	100	87.7	2.0	SSW	1.00	7.0	W	87.7	127.4	127.4	140.4	29.852	0.00	0.00	871	37.46	947	3.4	0.73	3.7	0.000	0.473	87.3	85	82.2	106.3	17.51	 .0697	0.020	698	1	100.0	30
05/22/20	10:30 a	88.3	88.5	87.5	100	88.3	2.0	S	1.00	8.0	SSW	88.3	134.5	134.5	147.4	29.853	0.00	0.00	930	40.00	1025	5.1	1.09	8.9	0.000	0.485	87.9	84	82.5	107.4	17.13	 .0696	0.000	701	1	100.0	30
05/22/20	11:00 a	88.7	89.0	87.4	100	88.7	2.0	S	1.00	7.0	ESE	88.7	140.1	140.1	153.5	29.853	0.00	0.00	917	39.44	1118	8.7	1.86	9.9	0.000	0.494	88.7	83	82.9	110.4	16.70	 .0695	0.023	703	1	100.0	30
05/22/20	11:30 a	87.5	89.0	86.9	100	87.5	1.0	S	0.50	6.0	SSE	87.5	125.4	125.4	138.9	29.845	0.00	0.00	772	33.20	1132	7.7	1.65	10.2	0.000	0.469	88.7	82	82.5	109.5	16.40	 .0695	0.000	699	1	100.0	30
05/22/20	12:00 p	88.8	89.2	86.7	100	88.8	2.0	SSW	1.00	7.0	W	88.8	141.4	141.4	153.7	29.839	0.00	0.00	983	42.27	1331	9.1	1.95	11.0	0.000	0.496	89.1	83	83.3	112.5	16.69	 .0694	0.022	701	1	100.0	30
05/22/20	12:30 p	87.8	89.3	87.8	100	87.8	2.0	SSE	1.00	11.0	SSE	87.8	128.4	128.4	140.2	29.817	0.00	0.00	1030	44.30	1076	9.5	2.04	9.9	0.000	0.475	89.5	81	82.9	112.4	15.97	 .0693	0.000	699	1	100.0	30
05/22/20	1:00 p	88.4	88.8	87.8	100	88.4	2.0	SSE	1.00	9.0	SSE	88.4	135.9	135.9	148.1	29.799	0.00	0.00	978	42.06	1027	8.6	1.84	9.0	0.000	0.488	89.7	81	83.1	113.3	15.96	 .0692	0.026	698	1	100.0	30
05/22/20	1:30 p	89.0	89.0	87.7	100	89.0	2.0	ESE	1.00	8.0	S	89.0	144.2	144.2	156.7	29.797	0.00	0.00	909	39.09	995	7.5	1.61	8.1	0.000	0.500	89.3	81	82.7	111.5	15.98	 .0693	0.000	699	1	100.0	30
05/22/20	2:00 p	88.9	88.9	87.5	100	88.9	2.0	SSE	1.00	6.0	ESE	88.9	142.8	142.8	155.7	29.788	0.00	0.00	851	36.60	893	6.4	1.37	7.0	0.000	0.498	89.3	81	82.7	111.5	15.98	 .0693	0.023	701	1	100.0	30
05/22/20	2:30 p	88.1	89.2	87.5	100	88.1	2.0	S	1.00	8.0	ESE	88.1	131.8	131.8	145.0	29.780	0.00	0.00	766	32.94	803	5.0	1.07	5.7	0.000	0.481	88.7	81	82.1	108.6	16.00	 .0694	0.000	702	1	100.0	30
05/22/20	3:00 p	87.6	88.7	87.3	100	87.6	2.0	SE	1.00	8.0	NNE	87.6	126.4	126.4	140.9	29.783	0.00	0.00	723	31.09	800	3.8	0.81	4.4	0.000	0.471	88.3	82	82.1	107.5	16.42	 .0694	0.019	699	1	100.0	30
05/22/20	3:30 p	87.2	88.3	86.7	100	87.2	2.0	SE	1.00	9.0	S	87.2	122.5	122.5	135.7	29.774	0.00	0.00	553	23.78	638	2.4	0.51	3.1	0.000	0.462	87.5	83	81.7	105.5	16.75	 .0695	0.000	701	1	100.0	30
05/22/20	4:00 p	85.7	87.5	85.7	100	85.7	2.0	ESE	1.00	8.0	SSE	85.7	111.5	111.5	118.6	29.784	0.00	0.00	209	8.99	601	1.2	0.26	2.0	0.000	0.431	87.5	84	82.1	106.2	17.15	 .0695	0.011	701	1	100.0	30
05/22/20	4:30 p	85.7	85.9	85.3	100	85.7	1.0	SE	0.50	5.0	SE	85.7	111.5	111.5	116.2	29.789	0.00	0.00	119	5.12	267	0.5	0.11	0.9	0.000	0.431	87.1	85	82.0	105.7	17.52	 .0696	0.000	702	1	100.0	30
05/22/20	5:00 p	85.3	85.7	85.2	100	85.3	1.0	ESE	0.50	5.0	SSE	85.3	109.3	109.3	114.4	29.807	0.00	0.00	129	5.55	174	0.0	0.00	0.0	0.000	0.423	86.9	85	81.8	105.0	17.54	 .0697	0.003	701	1	100.0	30
05/22/20	5:30 p	84.5	85.4	84.5	100	84.5	0.0	S	0.00	6.0	SSE	84.5	105.3	105.3	105.7	29.816	0.00	0.00	63	2.71	98	0.0	0.00	0.0	0.000	0.406	86.7	86	82.0	105.0	17.95	 .0697	0.000	702	1	100.0	30
05/22/20	6:00 p	83.3	84.5	83.3	100	83.3	0.0	E	0.00	1.0	E	83.3	100.4	100.4	99.7	29.820	0.00	0.00	14	0.60	32	0.0	0.00	0.0	0.000	0.381	86.1	87	81.8	103.0	18.38	 .0698	0.001	702	1	100.0	30
05/22/20	6:30 p	79.3	83.3	79.3	100	79.3	1.0	WNW	0.50	9.0	NNW	79.3	87.6	87.6	86.3	29.843	0.95	6.62	0	0.00	0	0.0	0.00	0.0	0.000	0.298	83.9	86	79.3	96.2	18.12	 .0704	0.000	700	1	100.0	30
05/22/20	7:00 p	78.5	79.3	78.4	100	78.5	1.0	NE	0.50	7.0	WNW	78.5	85.6	85.6	84.2	29.854	0.20	3.29	0	0.00	0	0.0	0.00	0.0	0.000	0.281	82.5	88	78.6	92.8	19.10	 .0706	0.000	699	1	100.0	30
05/22/20	7:30 p	77.6	78.6	77.5	100	77.6	2.0	NNW	1.00	11.0	NW	77.6	83.5	83.5	82.1	29.862	0.16	1.43	0	0.00	0	0.0	0.00	0.0	0.000	0.262	81.8	88	77.9	90.9	19.17	 .0708	0.000	701	1	100.0	30
05/22/20	8:00 p	75.8	77.5	75.8	100	75.8	1.0	SW	0.50	7.0	E	75.8	80.0	80.0	78.4	29.877	0.71	4.11	0	0.00	0	0.0	0.00	0.0	0.000	0.225	80.4	88	76.5	87.2	19.31	 .0711	0.000	700	1	100.0	30
05/22/20	8:30 p	76.0	76.0	75.6	100	76.0	1.0	WNW	0.50	8.0	NNW	76.0	80.3	80.3	78.8	29.883	0.41	2.65	0	0.00	0	0.0	0.00	0.0	0.000	0.229	79.7	89	76.2	85.9	19.95	 .0713	0.000	702	1	100.0	30
05/22/20	9:00 p	76.1	76.1	75.9	100	76.1	0.0	WNW	0.00	2.0	WNW	76.1	80.5	80.5	79.0	29.869	0.03	0.39	0	0.00	0	0.0	0.00	0.0	0.000	0.231	79.5	90	76.3	85.8	20.45	 .0712	0.000	697	1	100.0	30
05/22/20	9:30 p	76.0	76.1	75.9	100	76.0	0.0	NW	0.00	2.0	WNW	76.0	80.3	80.3	78.8	29.862	0.01	0.00	0	0.00	0	0.0	0.00	0.0	0.000	0.229	79.3	91	76.4	85.6	21.04	 .0712	0.000	700	1	100.0	30
05/22/20	10:00 p	76.1	76.2	75.9	100	76.1	0.0	NW	0.00	3.0	NE	76.1	80.5	80.5	79.0	29.841	0.00	0.00	0	0.00	0	0.0	0.00	0.0	0.000	0.231	79.3	91	76.4	85.6	21.04	 .0712	0.000	702	1	100.0	30
05/22/20	10:30 p	76.5	76.5	76.0	100	76.5	1.0	NE	0.50	8.0	SE	76.5	81.3	81.3	79.8	29.817	0.02	0.04	0	0.00	0	0.0	0.00	0.0	0.000	0.240	79.3	92	76.8	85.8	21.14	 .0711	0.000	702	1	100.0	30
05/22/20	11:00 p	77.0	77.1	76.5	100	77.0	1.0	WSW	0.50	7.0	ESE	77.0	82.2	82.2	80.8	29.847	0.00	0.00	0	0.00	0	0.0	0.00	0.0	0.000	0.250	79.5	93	77.3	86.5	21.24	 .0711	0.000	698	1	100.0	30
05/22/20	11:30 p	76.9	77.1	76.9	100	76.9	0.0	SE	0.00	2.0	SE	76.9	82.0	82.0	80.5	29.844	0.00	0.00	0	0.00	0	0.0	0.00	0.0	0.000	0.248	79.3	93	77.1	86.0	21.24	 .0711	0.000	702	1	100.0	30
05/23/20	12:00 a	76.9	76.9	76.7	100	76.9	0.0	SE	0.00	2.0	SE	76.9	82.0	82.0	80.5	29.834	0.00	0.00	0	0.00	0	0.0	0.00	0.0	0.000	0.248	79.2	93	77.0	85.8	21.23	 .0711	0.000	703	1	100.0	30
05/23/20	12:30 a	76.7	76.9	76.7	100	76.7	0.0	SE	0.00	1.0	SE	76.7	81.6	81.6	80.1	29.829	0.01	0.00	0	0.00	0	0.0	0.00	0.0	0.000	0.244	79.1	94	77.2	85.8	21.35	 .0711	0.000	700	1	100.0	30
05/23/20	1:00 a	76.8	76.9	76.6	100	76.8	0.0	ENE	0.00	2.0	ENE	76.8	81.8	81.8	80.3	29.824	0.00	0.00	0	0.00	0	0.0	0.00	0.0	0.000	0.246	79.1	94	77.2	85.8	21.35	 .0711	0.000	703	1	100.0	30
05/23/20	1:30 a	76.6	76.9	76.6	100	76.6	0.0	---	0.00	0.0	---	76.6	81.4	81.4	79.9	29.822	0.00	0.00	0	0.00	0	0.0	0.00	0.0	0.000	0.242	78.9	94	77.0	85.4	21.35	 .0711	0.000	699	1	100.0	30
05/23/20	2:00 a	76.5	76.6	76.4	100	76.5	0.0	---	0.00	0.0	---	76.5	81.3	81.3	79.8	29.830	0.00	0.00	0	0.00	0	0.0	0.00	0.0	0.000	0.240	78.7	94	76.8	84.9	21.35	 .0712	0.000	703	1	100.0	30
05/23/20	2:30 a	76.8	76.8	76.5	100	76.8	0.0	---	0.00	0.0	---	76.8	81.8	81.8	80.3	29.830	0.00	0.00	0	0.00	0	0.0	0.00	0.0	0.000	0.246	78.9	95	77.3	85.6	21.65	 .0711	0.000	702	1	100.0	30
05/23/20	3:00 a	76.9	76.9	76.6	100	76.9	0.0	---	0.00	0.0	---	76.9	82.0	82.0	80.5	29.825	0.00	0.00	0	0.00	0	0.0	0.00	0.0	0.000	0.248	78.8	95	77.2	85.3	21.65	 .0711	0.000	701	1	100.0	30
05/23/20	3:30 a	76.9	76.9	76.8	100	76.9	0.0	---	0.00	0.0	---	76.9	82.0	82.0	80.5	29.830	0.00	0.00	0	0.00	0	0.0	0.00	0.0	0.000	0.248	78.8	95	77.2	85.3	21.65	 .0712	0.000	701	1	100.0	30
05/23/20	4:00 a	77.6	77.6	76.8	100	77.6	0.0	NE	0.00	3.0	NNE	77.6	83.5	83.5	82.1	29.832	0.00	0.00	0	0.00	0	0.0	0.00	0.0	0.000	0.262	78.8	96	77.6	85.5	21.75	 .0711	0.000	698	1	100.0	30
05/23/20	4:30 a	77.6	77.7	77.6	100	77.6	1.0	N	0.50	4.0	NE	77.6	83.5	83.5	82.1	29.835	0.00	0.00	0	0.00	0	0.0	0.00	0.0	0.000	0.262	79.2	95	77.6	86.3	21.65	 .0711	0.000	698	1	100.0	30
05/23/20	5:00 a	77.5	77.7	77.4	100	77.5	2.0	N	1.00	9.0	NW	77.5	83.3	83.3	81.9	29.834	0.00	0.00	0	0.00	0	0.0	0.00	0.0	0.000	0.260	79.3	95	77.7	86.5	21.65	 .0711	0.000	697	1	100.0	30
05/23/20	5:30 a	77.7	77.8	77.5	100	77.7	1.0	NNW	0.50	6.0	NNW	77.7	83.7	83.7	82.6	29.834	0.00	0.00	14	0.60	54	0.0	0.00	0.0	0.000	0.265	79.3	95	77.7	86.5	21.65	 .0711	0.000	700	1	100.0	30
05/23/20	6:00 a	78.5	78.5	77.6	100	78.5	1.0	WNW	0.50	4.0	NW	78.5	85.6	85.6	85.4	29.851	0.00	0.00	56	2.41	79	0.0	0.00	0.0	0.000	0.281	79.6	95	78.0	87.2	21.65	 .0710	0.001	699	1	100.0	30
05/23/20	6:30 a	78.4	78.5	78.2	100	78.4	0.0	SW	0.00	2.0	SW	78.4	85.4	85.4	86.7	29.861	0.00	0.00	41	1.76	53	0.0	0.00	0.0	0.000	0.279	79.9	96	78.7	88.2	21.75	 .0710	0.000	701	1	100.0	30
05/23/20	7:00 a	78.5	78.5	78.3	100	78.5	0.0	SW	0.00	2.0	SW	78.5	85.6	85.6	86.8	29.871	0.00	0.00	46	1.98	65	0.0	0.00	0.0	0.000	0.281	80.2	96	79.0	88.9	21.75	 .0709	0.001	699	1	100.0	30
05/23/20	7:30 a	79.1	79.1	78.5	100	79.1	0.0	SW	0.00	1.0	SW	79.1	87.1	87.1	90.2	29.872	0.00	0.00	105	4.52	148	0.5	0.11	0.9	0.000	0.294	80.9	96	79.7	90.8	21.75	 .0708	0.000	702	1	100.0	30
05/23/20	8:00 a	80.1	80.3	79.1	100	80.1	0.0	SW	0.00	1.0	SW	80.1	89.9	89.9	95.6	29.876	0.00	0.00	206	8.86	257	1.3	0.28	1.7	0.000	0.315	81.6	95	80.0	92.6	21.65	 .0707	0.004	697	1	100.0	30
05/23/20	8:30 a	80.9	81.1	79.5	100	80.9	0.0	SSE	0.00	1.0	SSE	80.9	92.2	92.2	98.0	29.876	0.00	0.00	232	9.98	251	1.8	0.39	2.0	0.000	0.331	82.5	94	80.6	95.2	21.40	 .0705	0.000	701	1	100.0	30
05/23/20	9:00 a	81.3	81.5	80.8	100	81.3	0.0	SSE	0.00	1.0	SSE	81.3	93.5	93.5	98.8	29.876	0.00	0.00	228	9.81	230	2.1	0.45	2.2	0.000	0.340	83.2	94	81.3	97.4	21.41	 .0704	0.006	701	1	100.0	30
05/23/20	9:30 a	81.7	82.0	81.0	100	81.7	0.0	SSE	0.00	1.0	SSE	81.7	94.7	94.7	100.2	29.875	0.00	0.00	244	10.49	285	2.5	0.54	3.0	0.000	0.348	83.6	93	81.4	98.2	21.32	 .0703	0.000	701	1	100.0	30
05/23/20	10:00 a	83.2	83.6	81.7	100	83.2	0.0	SSE	0.00	1.0	SSE	83.2	100.0	100.0	107.8	29.872	0.00	0.00	358	15.40	452	3.7	0.79	4.4	0.000	0.379	84.7	91	81.8	100.6	20.67	 .0701	0.008	702	1	100.0	30
05/23/20	10:30 a	84.1	84.7	83.1	100	84.1	1.0	S	0.50	3.0	NE	84.1	103.5	103.5	113.7	29.880	0.00	0.00	492	21.16	517	5.0	1.07	5.6	0.000	0.398	85.8	90	82.5	103.8	20.00	 .0699	0.000	700	1	100.0	30
05/23/20	11:00 a	84.6	85.3	83.9	100	84.6	1.0	S	0.50	4.0	ESE	84.6	105.8	105.8	116.6	29.878	0.00	0.00	526	22.62	686	6.1	1.31	7.6	0.000	0.408	86.5	88	82.5	105.6	18.76	 .0698	0.013	703	1	100.0	30
05/23/20	11:30 a	84.7	85.9	84.5	100	84.7	1.0	SSW	0.50	7.0	S	84.7	106.2	106.2	119.4	29.863	0.00	0.00	751	32.30	977	8.1	1.74	9.8	0.000	0.410	87.2	86	82.5	107.0	17.92	 .0697	0.000	701	1	100.0	30
05/23/20	12:00 p	83.5	84.6	83.4	100	83.5	2.0	SSE	1.00	5.0	S	83.5	101.1	101.1	108.5	29.852	0.00	0.00	328	14.11	378	4.2	0.90	5.0	0.000	0.385	87.1	86	82.4	106.6	17.92	 .0697	0.014	699	1	100.0	30
05/23/20	12:30 p	83.7	84.4	83.4	100	83.7	1.0	SE	0.50	7.0	SSE	83.7	101.9	101.9	110.7	29.832	0.00	0.00	408	17.55	591	4.7	1.01	6.3	0.000	0.390	86.9	88	82.9	107.6	18.74	 .0696	0.000	699	1	100.0	30
05/23/20	1:00 p	84.7	85.9	83.6	100	84.7	1.0	SE	0.50	8.0	SE	84.7	106.2	106.2	117.7	29.815	0.00	0.00	582	25.03	911	6.0	1.29	8.4	0.000	0.410	87.4	86	82.7	107.6	17.91	 .0696	0.013	702	1	100.0	30
05/23/20	1:30 p	83.0	84.6	83.0	100	83.0	1.0	SSE	0.50	4.0	ESE	83.0	99.2	99.2	107.0	29.797	0.00	0.00	354	15.22	373	4.0	0.86	4.2	0.000	0.375	86.9	86	82.2	105.8	17.94	 .0696	0.000	699	1	100.0	30
05/23/20	2:00 p	83.8	84.4	82.9	100	83.8	1.0	SSE	0.50	3.0	SE	83.8	102.3	102.3	109.6	29.793	0.00	0.00	324	13.93	429	3.4	0.73	4.2	0.000	0.392	86.5	86	81.8	104.1	17.96	 .0697	0.009	698	1	100.0	30
05/23/20	2:30 p	83.7	84.2	83.3	100	83.7	1.0	SSE	0.50	4.0	S	83.7	101.9	101.9	108.5	29.779	0.00	0.00	274	11.78	295	2.6	0.56	2.7	0.000	0.390	86.4	88	82.4	105.1	18.77	 .0696	0.000	702	1	100.0	30
05/23/20	3:00 p	83.7	84.1	83.1	100	83.7	1.0	SE	0.50	4.0	SSE	83.7	101.9	101.9	108.6	29.780	0.00	0.00	253	10.88	271	2.0	0.43	2.4	0.000	0.390	86.0	88	82.0	103.2	18.79	 .0697	0.007	697	1	100.0	30
05/23/20	3:30 p	82.7	83.7	82.6	100	82.7	1.0	S	0.50	4.0	ESE	82.7	98.1	98.1	104.1	29.779	0.00	0.00	203	8.73	239	1.4	0.30	1.7	0.000	0.369	85.7	88	81.7	102.2	18.81	 .0698	0.000	701	1	100.0	30
05/23/20	4:00 p	84.3	84.4	82.8	100	84.3	1.0	SSE	0.50	5.0	SSE	84.3	104.5	104.5	114.7	29.778	0.00	0.00	321	13.80	506	1.2	0.26	1.5	0.000	0.402	85.5	88	81.5	101.5	18.82	 .0698	0.007	701	1	100.0	30
05/23/20	4:30 p	82.7	84.2	82.5	100	82.7	1.0	SE	0.50	3.0	SE	82.7	98.1	98.1	102.0	29.773	0.00	0.00	102	4.39	162	0.5	0.11	0.9	0.000	0.369	84.7	89	81.1	99.6	19.48	 .0699	0.000	700	1	100.0	30
05/23/20	5:00 p	82.7	83.0	82.3	100	82.7	1.0	SE	0.50	4.0	ENE	82.7	98.1	98.1	100.6	29.784	0.00	0.00	61	2.62	97	0.0	0.00	0.0	0.000	0.369	84.2	90	80.9	98.6	20.11	 .0700	0.002	694	1	100.0	30
05/23/20	5:30 p	81.3	82.7	81.2	100	81.3	0.0	SE	0.00	2.0	SE	81.3	93.5	93.5	93.0	29.788	0.00	0.00	20	0.86	28	0.0	0.00	0.0	0.000	0.340	83.5	90	80.3	96.4	20.17	 .0702	0.000	702	1	100.0	30
05/23/20	6:00 p	80.0	81.5	80.0	100	80.0	0.0	SE	0.00	1.0	SE	80.0	89.6	89.6	88.7	29.788	0.00	0.00	3	0.13	11	0.0	0.00	0.0	0.000	0.313	82.7	91	79.8	94.4	20.83	 .0703	0.000	701	1	100.0	30
05/23/20	6:30 p	79.3	80.0	79.3	100	79.3	0.0	SE	0.00	1.0	SE	79.3	87.6	87.6	86.6	29.791	0.00	0.00	0	0.00	0	0.0	0.00	0.0	0.000	0.298	82.0	92	79.4	92.8	21.19	 .0705	0.000	701	1	100.0	30
05/23/20	7:00 p	78.8	79.5	78.8	100	78.8	0.0	---	0.00	0.0	---	78.8	86.3	86.3	85.2	29.800	0.00	0.00	0	0.00	0	0.0	0.00	0.0	0.000	0.288	81.4	92	78.9	91.0	21.18	 .0706	0.000	699	1	100.0	30
05/23/20	7:30 p	78.7	78.8	78.6	100	78.7	0.0	SE	0.00	1.0	SE	78.7	86.1	86.1	85.0	29.816	0.00	0.00	0	0.00	0	0.0	0.00	0.0	0.000	0.285	81.1	93	78.9	90.4	21.27	 .0707	0.000	701	1	100.0	30
05/23/20	8:00 p	78.5	78.9	78.5	100	78.5	0.0	---	0.00	0.0	---	78.5	85.6	85.6	84.5	29.819	0.00	0.00	0	0.00	0	0.0	0.00	0.0	0.000	0.281	80.9	93	78.7	89.8	21.27	 .0707	0.000	699	1	100.0	30
05/23/20	8:30 p	78.1	78.5	78.0	100	78.1	0.0	---	0.00	0.0	---	78.1	84.6	84.6	83.5	29.826	0.00	0.00	0	0.00	0	0.0	0.00	0.0	0.000	0.273	80.5	93	78.3	88.8	21.26	 .0708	0.000	697	1	100.0	30
05/23/20	9:00 p	77.8	78.1	77.8	100	77.8	0.0	---	0.00	0.0	---	77.8	84.0	84.0	82.8	29.839	0.00	0.00	0	0.00	0	0.0	0.00	0.0	0.000	0.267	80.2	93	78.0	88.1	21.25	 .0709	0.000	702	1	100.0	30
05/23/20	9:30 p	77.6	77.8	77.6	100	77.6	0.0	---	0.00	0.0	---	77.6	83.5	83.5	82.3	29.840	0.00	0.00	0	0.00	0	0.0	0.00	0.0	0.000	0.262	80.0	94	78.1	87.8	21.35	 .0710	0.000	701	1	100.0	30
05/23/20	10:00 p	77.5	77.7	77.4	100	77.5	0.0	---	0.00	0.0	---	77.5	83.3	83.3	82.1	29.841	0.00	0.00	0	0.00	0	0.0	0.00	0.0	0.000	0.260	79.7	94	77.8	87.2	21.35	 .0710	0.000	703	1	100.0	30
05/23/20	10:30 p	77.4	77.5	77.3	100	77.4	0.0	---	0.00	0.0	---	77.4	83.1	83.1	81.9	29.849	0.00	0.00	0	0.00	0	0.0	0.00	0.0	0.000	0.258	79.5	94	77.6	86.7	21.35	 .0711	0.000	702	1	100.0	30
05/23/20	11:00 p	77.2	77.5	77.1	100	77.2	0.0	---	0.00	0.0	---	77.2	82.6	82.6	81.4	29.844	0.00	0.00	0	0.00	0	0.0	0.00	0.0	0.000	0.254	79.3	94	77.4	86.3	21.35	 .0711	0.000	700	1	100.0	30
05/23/20	11:30 p	77.0	77.2	76.9	100	77.0	0.0	---	0.00	0.0	---	77.0	82.2	82.2	81.0	29.830	0.00	0.00	0	0.00	0	0.0	0.00	0.0	0.000	0.250	79.1	95	77.5	86.0	21.65	 .0711	0.000	695	1	100.0	30
05/24/20	12:00 a	76.9	77.0	76.9	100	76.9	0.0	---	0.00	0.0	---	76.9	82.0	82.0	80.8	29.836	0.00	0.00	0	0.00	0	0.0	0.00	0.0	0.000	0.248	79.0	95	77.4	85.8	21.65	 .0711	0.000	694	1	100.0	30
05/24/20	12:30 a	76.9	77.0	76.8	100	76.9	0.0	---	0.00	0.0	---	76.9	82.0	82.0	80.8	29.829	0.00	0.00	0	0.00	0	0.0	0.00	0.0	0.000	0.248	78.9	95	77.3	85.6	21.65	 .0711	0.000	695	1	100.0	30
05/24/20	1:00 a	76.6	76.9	76.5	100	76.6	0.0	---	0.00	0.0	---	76.6	81.4	81.4	80.2	29.822	0.00	0.00	0	0.00	0	0.0	0.00	0.0	0.000	0.242	78.6	95	77.0	84.8	21.65	 .0712	0.000	698	1	100.0	30
05/24/20	1:30 a	76.9	76.9	76.5	100	76.9	0.0	---	0.00	0.0	---	76.9	82.0	82.0	80.8	29.816	0.00	0.00	0	0.00	0	0.0	0.00	0.0	0.000	0.248	78.7	95	77.1	85.1	21.65	 .0711	0.000	700	1	100.0	30
05/24/20	2:00 a	77.0	77.1	76.7	100	77.0	0.0	---	0.00	0.0	---	77.0	82.2	82.2	81.0	29.805	0.00	0.00	0	0.00	0	0.0	0.00	0.0	0.000	0.250	78.8	95	77.2	85.3	21.65	 .0711	0.000	700	1	100.0	30
05/24/20	2:30 a	77.1	77.1	76.9	100	77.1	0.0	---	0.00	0.0	---	77.1	82.4	82.4	81.2	29.810	0.00	0.00	0	0.00	0	0.0	0.00	0.0	0.000	0.252	78.8	96	77.6	85.5	21.75	 .0711	0.000	699	1	100.0	30
05/24/20	3:00 a	76.8	77.1	76.8	100	76.8	0.0	---	0.00	0.0	---	76.8	81.8	81.8	80.6	29.800	0.00	0.00	0	0.00	0	0.0	0.00	0.0	0.000	0.246	78.7	95	77.1	85.1	21.65	 .0711	0.000	701	1	100.0	30
05/24/20	3:30 a	76.5	76.8	76.5	100	76.5	0.0	---	0.00	0.0	---	76.5	81.3	81.3	80.1	29.796	0.00	0.00	0	0.00	0	0.0	0.00	0.0	0.000	0.240	78.4	96	77.2	84.6	21.75	 .0711	0.000	700	1	100.0	30
05/24/20	4:00 a	76.2	76.6	76.2	100	76.2	0.0	---	0.00	0.0	---	76.2	80.7	80.7	79.5	29.793	0.00	0.00	0	0.00	0	0.0	0.00	0.0	0.000	0.233	78.1	95	76.6	83.6	21.65	 .0712	0.000	702	1	100.0	30
05/24/20	4:30 a	76.1	76.3	76.1	100	76.1	0.0	---	0.00	0.0	---	76.1	80.5	80.5	79.3	29.791	0.00	0.00	0	0.00	0	0.0	0.00	0.0	0.000	0.231	77.9	95	76.4	83.2	21.65	 .0712	0.000	701	1	100.0	30
05/24/20	5:00 a	75.8	76.1	75.7	100	75.8	0.0	---	0.00	0.0	---	75.8	80.0	80.0	78.7	29.796	0.00	0.00	0	0.00	0	0.0	0.00	0.0	0.000	0.225	77.7	95	76.2	82.8	21.65	 .0713	0.000	701	1	100.0	30
05/24/20	5:30 a	76.2	76.2	75.7	100	76.2	0.0	---	0.00	0.0	---	76.2	80.7	80.7	79.6	29.817	0.00	0.00	3	0.13	11	0.0	0.00	0.0	0.000	0.233	77.9	96	76.7	83.4	21.75	 .0713	0.000	699	1	100.0	30
05/24/20	6:00 a	76.7	76.7	76.1	100	76.7	0.0	---	0.00	0.0	---	76.7	81.6	81.6	81.0	29.827	0.00	0.00	26	1.12	35	0.0	0.00	0.0	0.000	0.244	78.2	96	77.0	84.1	21.75	 .0713	0.000	701	1	100.0	30
05/24/20	6:30 a	77.4	77.5	76.6	100	77.4	0.0	---	0.00	0.0	---	77.4	83.1	83.1	85.0	29.839	0.00	0.00	55	2.37	74	0.0	0.00	0.0	0.000	0.258	79.0	96	77.8	86.0	21.75	 .0711	0.000	702	1	100.0	30
05/24/20	7:00 a	78.8	78.8	77.4	100	78.8	0.0	---	0.00	0.0	---	78.8	86.3	86.3	90.9	29.845	0.00	0.00	133	5.72	174	0.6	0.13	0.8	0.000	0.288	80.0	96	78.8	88.4	21.75	 .0709	0.002	696	1	100.0	30
05/24/20	7:30 a	79.9	79.9	78.7	100	79.9	0.0	ESE	0.00	2.0	ESE	79.9	89.3	89.3	96.0	29.845	0.00	0.00	215	9.25	385	1.2	0.26	1.5	0.000	0.310	81.6	95	80.0	92.6	21.65	 .0706	0.000	698	1	100.0	30
05/24/20	8:00 a	81.8	81.8	79.7	100	81.8	0.0	E	0.00	3.0	E	81.8	95.1	95.1	105.0	29.849	0.00	0.00	379	16.30	441	2.2	0.47	2.7	0.000	0.350	82.6	94	80.7	95.5	21.40	 .0704	0.007	700	1	100.0	30
05/24/20	8:30 a	83.4	83.4	81.8	100	83.4	0.0	SSE	0.00	2.0	E	83.4	100.8	100.8	112.3	29.849	0.00	0.00	508	21.85	580	3.3	0.71	3.9	0.000	0.383	83.8	91	80.9	97.9	20.75	 .0703	0.000	698	1	100.0	30
05/24/20	9:00 a	85.6	85.6	83.5	100	85.6	1.0	SW	0.50	4.0	S	85.6	111.0	111.0	123.3	29.853	0.00	0.00	614	26.41	659	4.4	0.94	4.9	0.000	0.429	85.0	88	81.0	99.9	18.85	 .0701	0.014	699	1	100.0	30
05/24/20	9:30 a	85.1	85.9	84.8	100	85.1	1.0	WSW	0.50	5.0	S	85.1	108.2	108.2	120.5	29.852	0.00	0.00	638	27.44	726	4.9	1.05	5.3	0.000	0.419	85.6	86	80.9	100.7	18.01	 .0700	0.000	697	1	100.0	30
05/24/20	10:00 a	85.6	85.9	85.1	100	85.6	1.0	SSE	0.50	4.0	SSE	85.6	111.0	111.0	122.6	29.844	0.00	0.00	585	25.16	742	4.7	1.01	4.9	0.000	0.429	86.3	85	81.3	102.5	17.57	 .0699	0.016	701	1	100.0	30
05/24/20	10:30 a	85.7	86.4	85.6	100	85.7	1.0	SSE	0.50	4.0	SSE	85.7	111.5	111.5	123.4	29.855	0.00	0.00	606	26.06	784	5.4	1.16	6.6	0.000	0.431	86.9	85	81.8	105.0	17.54	 .0698	0.000	699	1	100.0	30
05/24/20	11:00 a	86.8	87.4	85.4	100	86.8	1.0	SSE	0.50	5.0	SSW	86.8	119.0	119.0	132.4	29.841	0.00	0.00	762	32.77	976	8.6	1.84	9.8	0.000	0.454	87.2	85	82.1	106.0	17.52	 .0697	0.017	702	1	100.0	30
05/24/20	11:30 a	87.3	88.2	86.7	100	87.3	1.0	SSW	0.50	6.0	SSE	87.3	123.5	123.5	134.9	29.835	0.00	0.00	1002	43.09	1074	10.3	2.21	10.8	0.000	0.465	87.9	83	82.1	106.6	16.73	 .0696	0.000	699	1	100.0	30
05/24/20	12:00 p	86.5	87.4	85.8	100	86.5	2.0	SSW	1.00	5.0	S	86.5	116.8	116.8	129.3	29.822	0.00	0.00	645	27.74	1046	7.7	1.65	10.3	0.000	0.448	87.7	82	81.5	105.3	16.44	 .0696	0.021	697	1	100.0	30
05/24/20	12:30 p	87.6	87.8	86.3	100	87.6	2.0	SSW	1.00	5.0	SSW	87.6	126.4	126.4	139.6	29.808	0.00	0.00	923	39.69	1058	9.5	2.04	10.5	0.000	0.471	88.2	82	82.0	107.0	16.42	 .0695	0.000	698	1	100.0	30
05/24/20	1:00 p	88.0	88.2	87.4	100	88.0	1.0	S	0.50	5.0	S	88.0	130.4	130.4	142.6	29.805	0.00	0.00	975	41.93	1014	9.5	2.04	10.0	0.000	0.479	89.0	83	83.2	112.0	16.69	 .0693	0.025	701	1	100.0	30
05/24/20	1:30 p	87.6	89.5	87.4	100	87.6	1.0	SSW	0.50	5.0	SSW	87.6	126.4	126.4	139.1	29.797	0.00	0.00	938	40.34	1011	8.4	1.80	9.4	0.000	0.471	89.0	81	82.4	110.1	15.99	 .0693	0.000	700	1	100.0	30
05/24/20	2:00 p	87.9	88.6	87.3	100	87.9	2.0	S	1.00	7.0	S	87.9	129.4	129.4	142.7	29.781	0.00	0.00	884	38.02	940	7.0	1.50	7.6	0.000	0.477	88.5	82	82.3	108.5	16.41	 .0694	0.024	701	1	100.0	30
05/24/20	2:30 p	87.5	88.2	87.2	100	87.5	2.0	SSE	1.00	7.0	SE	87.5	125.4	125.4	139.6	29.770	0.00	0.00	826	35.52	902	5.3	1.14	6.4	0.000	0.469	88.3	82	82.1	107.5	16.42	 .0694	0.000	700	1	100.0	30
05/24/20	3:00 p	86.6	87.9	86.3	100	86.6	2.0	S	1.00	5.0	SSE	86.6	117.6	117.6	130.2	29.759	0.00	0.00	575	24.73	773	3.6	0.77	4.8	0.000	0.450	87.6	82	81.4	105.0	16.45	 .0695	0.017	699	1	100.0	30
05/24/20	3:30 p	86.6	86.9	86.1	100	86.6	1.0	SE	0.50	5.0	SSW	86.6	117.6	117.6	129.8	29.757	0.00	0.00	483	20.77	571	2.4	0.51	3.1	0.000	0.450	86.8	84	81.4	103.9	17.18	 .0696	0.000	701	1	100.0	30
05/24/20	4:00 p	85.6	86.9	85.6	100	85.6	2.0	S	1.00	7.0	ESE	85.6	111.0	111.0	122.1	29.760	0.00	0.00	369	15.87	475	1.4	0.30	2.0	0.000	0.429	86.3	85	81.3	102.5	17.57	 .0697	0.010	698	1	100.0	30
05/24/20	4:30 p	84.6	85.6	84.2	100	84.6	1.0	SSE	0.50	4.0	SSE	84.6	105.8	105.8	110.3	29.765	0.00	0.00	116	4.99	237	0.5	0.11	0.9	0.000	0.408	86.0	86	81.3	101.9	17.99	 .0697	0.000	700	1	100.0	30
05/24/20	5:00 p	83.5	84.7	83.3	100	83.5	1.0	ESE	0.50	4.0	SSE	83.5	101.1	101.1	104.0	29.765	0.00	0.00	70	3.01	107	0.0	0.00	0.0	0.000	0.385	85.5	87	81.2	101.0	18.42	 .0698	0.002	700	1	100.0	30
05/24/20	5:30 p	82.9	83.6	82.9	100	82.9	0.0	S	0.00	3.0	SE	82.9	98.9	98.9	98.9	29.765	0.00	0.00	39	1.68	77	0.0	0.00	0.0	0.000	0.373	85.0	88	81.0	99.9	18.85	 .0699	0.000	701	1	100.0	30
05/24/20	6:00 p	81.6	82.9	81.6	100	81.6	0.0	S	0.00	1.0	S	81.6	94.4	94.4	93.6	29.773	0.00	0.00	5	0.22	16	0.0	0.00	0.0	0.000	0.346	84.4	89	80.8	98.7	19.51	 .0700	0.001	699	1	100.0	30
05/24/20	6:30 p	81.1	81.7	81.0	100	81.1	0.0	S	0.00	1.0	S	81.1	92.8	92.8	91.9	29.780	0.00	0.00	0	0.00	0	0.0	0.00	0.0	0.000	0.335	83.7	90	80.5	97.0	20.15	 .0701	0.000	698	1	100.0	30
05/24/20	7:00 p	80.7	81.1	80.7	100	80.7	0.0	---	0.00	0.0	---	80.7	91.6	91.6	90.6	29.784	0.00	0.00	0	0.00	0	0.0	0.00	0.0	0.000	0.327	83.2	91	80.3	95.9	20.79	 .0702	0.000	701	1	100.0	30
05/24/20	7:30 p	80.2	80.8	80.2	100	80.2	0.0	---	0.00	0.0	---	80.2	90.2	90.2	89.2	29.780	0.00	0.00	0	0.00	0	0.0	0.00	0.0	0.000	0.317	82.8	91	79.9	94.7	20.83	 .0703	0.000	702	1	100.0	30
05/24/20	8:00 p	80.0	80.3	79.9	100	80.0	0.0	---	0.00	0.0	---	80.0	89.6	89.6	88.6	29.782	0.00	0.00	0	0.00	0	0.0	0.00	0.0	0.000	0.313	82.3	92	79.7	93.7	21.20	 .0704	0.000	699	1	100.0	30
05/24/20	8:30 p	79.8	80.1	79.8	100	79.8	0.0	---	0.00	0.0	---	79.8	89.0	89.0	87.9	29.780	0.00	0.00	0	0.00	0	0.0	0.00	0.0	0.000	0.308	82.0	92	79.4	92.8	21.19	 .0704	0.000	701	1	100.0	30
05/24/20	9:00 p	79.4	79.8	79.3	100	79.4	0.0	---	0.00	0.0	---	79.4	87.9	87.9	86.8	29.782	0.00	0.00	0	0.00	0	0.0	0.00	0.0	0.000	0.300	81.7	93	79.5	92.3	21.28	 .0705	0.000	700	1	100.0	30
05/24/20	9:30 p	79.0	79.4	78.9	100	79.0	0.0	---	0.00	0.0	---	79.0	86.8	86.8	85.7	29.797	0.00	0.00	0	0.00	0	0.0	0.00	0.0	0.000	0.292	81.4	93	79.2	91.3	21.28	 .0706	0.000	699	1	100.0	30
05/24/20	10:00 p	79.0	79.0	78.7	100	79.0	0.0	---	0.00	0.0	---	79.0	86.8	86.8	85.7	29.811	0.00	0.00	0	0.00	0	0.0	0.00	0.0	0.000	0.292	81.2	93	79.0	90.7	21.27	 .0707	0.000	701	1	100.0	30
05/24/20	10:30 p	79.1	79.1	78.8	100	79.1	0.0	---	0.00	0.0	---	79.1	87.1	87.1	86.0	29.815	0.00	0.00	0	0.00	0	0.0	0.00	0.0	0.000	0.294	81.2	93	79.0	90.7	21.27	 .0707	0.000	699	1	100.0	30
05/24/20	11:00 p	79.3	79.3	79.0	100	79.3	0.0	---	0.00	0.0	---	79.3	87.6	87.6	86.5	29.816	0.00	0.00	0	0.00	0	0.0	0.00	0.0	0.000	0.298	81.2	94	79.3	91.0	21.37	 .0706	0.000	700	1	100.0	30
05/24/20	11:30 p	79.2	79.4	79.1	100	79.2	0.0	---	0.00	0.0	---	79.2	87.4	87.4	86.3	29.804	0.00	0.00	0	0.00	0	0.0	0.00	0.0	0.000	0.296	81.2	94	79.3	91.0	21.37	 .0706	0.000	699	1	100.0	30
05/25/20	12:00 a	79.2	79.3	79.1	100	79.2	0.0	---	0.00	0.0	---	79.2	87.4	87.4	86.3	29.791	0.00	0.00	0	0.00	0	0.0	0.00	0.0	0.000	0.296	81.1	94	79.2	90.7	21.37	 .0706	0.000	700	1	100.0	30
05/25/20	12:30 a	79.2	79.3	79.2	100	79.2	0.0	S	0.00	1.0	S	79.2	87.4	87.4	86.3	29.777	0.00	0.00	0	0.00	0	0.0	0.00	0.0	0.000	0.296	81.1	95	79.5	91.0	21.65	 .0705	0.000	647	1	94.6	30
05/25/20	1:00 a	79.4	79.4	79.1	100	79.4	0.0	---	0.00	0.0	---	79.4	87.9	87.9	86.8	29.759	0.00	0.00	0	0.00	0	0.0	0.00	0.0	0.000	0.300	81.0	95	79.4	90.7	21.65	 .0705	0.000	700	1	100.0	30
05/25/20	1:30 a	79.4	79.6	79.4	100	79.4	0.0	---	0.00	0.0	---	79.4	87.9	87.9	86.8	29.748	0.00	0.00	0	0.00	0	0.0	0.00	0.0	0.000	0.300	81.1	95	79.5	91.0	21.65	 .0705	0.000	696	1	100.0	30
05/25/20	2:00 a	79.6	79.6	79.4	100	79.6	0.0	S	0.00	1.0	S	79.6	88.5	88.5	87.4	29.745	0.00	0.00	0	0.00	0	0.0	0.00	0.0	0.000	0.304	81.1	95	79.5	91.0	21.65	 .0705	0.000	699	1	100.0	30
05/25/20	2:30 a	79.3	79.6	79.2	100	79.3	1.0	NE	0.50	4.0	NE	79.3	87.6	87.6	86.5	29.746	0.01	0.00	0	0.00	0	0.0	0.00	0.0	0.000	0.298	81.2	95	79.6	91.3	21.65	 .0704	0.000	702	1	100.0	30
05/25/20	3:00 a	78.1	79.3	78.1	100	78.1	1.0	ENE	0.50	3.0	ENE	78.1	84.6	84.6	83.5	29.764	0.02	0.17	0	0.00	0	0.0	0.00	0.0	0.000	0.273	80.8	94	78.9	89.9	21.37	 .0706	0.000	699	1	100.0	30
05/25/20	3:30 a	78.2	78.4	78.1	100	78.2	0.0	ENE	0.00	2.0	ENE	78.2	84.9	84.9	83.8	29.767	0.09	0.65	0	0.00	0	0.0	0.00	0.0	0.000	0.275	80.5	95	78.9	89.4	21.65	 .0706	0.000	699	1	100.0	30
05/25/20	4:00 a	78.5	78.6	78.2	100	78.5	0.0	ENE	0.00	1.0	ENE	78.5	85.6	85.6	84.5	29.772	0.01	0.05	0	0.00	0	0.0	0.00	0.0	0.000	0.281	80.4	95	78.8	89.1	21.65	 .0707	0.000	700	1	100.0	30
05/25/20	4:30 a	78.5	78.6	78.4	100	78.5	0.0	ENE	0.00	1.0	ENE	78.5	85.6	85.6	84.5	29.774	0.00	0.00	0	0.00	0	0.0	0.00	0.0	0.000	0.281	80.3	95	78.7	88.9	21.65	 .0707	0.000	702	1	100.0	30
05/25/20	5:00 a	78.5	78.7	78.5	100	78.5	0.0	ENE	0.00	2.0	ENE	78.5	85.6	85.6	84.5	29.766	0.00	0.00	0	0.00	0	0.0	0.00	0.0	0.000	0.281	80.3	96	79.1	89.2	21.75	 .0707	0.000	701	1	100.0	30
05/25/20	5:30 a	78.6	78.7	78.5	100	78.6	0.0	ENE	0.00	1.0	ENE	78.6	85.8	85.8	84.7	29.758	0.00	0.00	0	0.00	0	0.0	0.00	0.0	0.000	0.283	80.3	96	79.1	89.2	21.75	 .0706	0.000	702	1	100.0	30
05/25/20	6:00 a	79.1	79.1	78.5	100	79.1	0.0	ENE	0.00	1.0	ENE	79.1	87.1	87.1	86.4	29.773	0.00	0.00	16	0.69	33	0.0	0.00	0.0	0.000	0.294	80.4	96	79.2	89.5	21.75	 .0707	0.000	701	1	100.0	30
05/25/20	6:30 a	79.4	79.4	78.9	100	79.4	0.0	ENE	0.00	1.0	ENE	79.4	87.9	87.9	89.0	29.795	0.00	0.00	36	1.55	46	0.0	0.00	0.0	0.000	0.300	80.7	96	79.5	90.3	21.75	 .0706	0.000	698	1	100.0	30
05/25/20	7:00 a	79.6	79.6	79.2	100	79.6	0.0	NE	0.00	2.0	NE	79.6	88.5	88.5	89.6	29.820	0.00	0.00	42	1.81	63	0.0	0.00	0.0	0.000	0.304	81.0	96	79.8	91.1	21.75	 .0706	0.001	700	1	100.0	30
05/25/20	7:30 a	79.8	79.9	79.5	100	79.8	0.0	NE	0.00	2.0	NE	79.8	89.0	89.0	90.4	29.831	0.00	0.00	58	2.49	97	0.1	0.02	0.5	0.000	0.308	81.4	96	80.1	92.3	21.75	 .0706	0.000	701	1	100.0	30
05/25/20	8:00 a	79.3	79.9	79.1	100	79.3	0.0	NE	0.00	2.0	NE	79.3	87.6	87.6	89.0	29.846	0.00	0.00	67	2.88	95	0.2	0.04	0.7	0.000	0.298	81.2	95	79.6	91.3	21.65	 .0707	0.002	702	1	100.0	30
05/25/20	8:30 a	79.4	79.5	79.1	100	79.4	1.0	W	0.50	3.0	W	79.4	87.9	87.9	89.8	29.852	0.11	0.54	90	3.87	109	0.7	0.15	0.8	0.000	0.300	81.3	96	80.0	92.0	21.75	 .0707	0.000	700	1	100.0	30
05/25/20	9:00 a	79.1	79.4	78.9	100	79.1	1.0	SE	0.50	4.0	ENE	79.1	87.1	87.1	87.9	29.844	0.09	0.26	57	2.45	83	0.4	0.09	0.9	0.000	0.294	81.4	96	80.1	92.3	21.75	 .0706	0.002	702	1	100.0	30
05/25/20	9:30 a	79.8	79.9	79.0	100	79.8	0.0	N	0.00	4.0	ENE	79.8	89.0	89.0	90.3	29.852	0.00	0.00	78	3.35	88	0.9	0.19	1.0	0.000	0.308	81.7	95	80.1	92.9	21.65	 .0706	0.000	699	1	100.0	30
05/25/20	10:00 a	80.3	80.5	79.6	100	80.3	0.0	N	0.00	2.0	N	80.3	90.5	90.5	93.7	29.844	0.00	0.00	157	6.75	218	1.8	0.39	2.4	0.000	0.319	82.4	95	80.8	95.3	21.65	 .0704	0.003	699	1	100.0	30
05/25/20	10:30 a	81.8	81.9	80.3	100	81.8	0.0	N	0.00	2.0	N	81.8	95.1	95.1	100.5	29.831	0.00	0.00	241	10.36	313	2.8	0.60	3.6	0.000	0.350	83.6	95	82.0	99.2	21.65	 .0701	0.000	700	1	100.0	30
05/25/20	11:00 a	81.8	82.5	81.4	100	81.8	1.0	N	0.50	3.0	N	81.8	95.1	95.1	101.7	29.830	0.00	0.00	295	12.69	374	3.4	0.73	4.3	0.000	0.350	84.4	94	82.5	101.4	21.44	 .0700	0.007	700	1	100.0	30
05/25/20	11:30 a	83.2	83.6	81.8	100	83.2	1.0	SW	0.50	3.0	SSW	83.2	100.0	100.0	108.3	29.827	0.00	0.00	376	16.17	417	4.2	0.90	4.6	0.000	0.379	85.2	92	82.6	103.0	21.25	 .0699	0.000	698	1	100.0	30
05/25/20	12:00 p	83.9	84.0	83.2	100	83.9	1.0	SW	0.50	3.0	SW	83.9	102.7	102.7	111.2	29.808	0.00	0.00	383	16.47	598	4.3	0.92	6.3	0.000	0.394	85.4	91	82.5	103.1	20.64	 .0698	0.010	697	1	100.0	30
05/25/20	12:30 p	85.6	85.6	83.4	100	85.6	1.0	SW	0.50	4.0	SW	85.6	111.0	111.0	123.1	29.803	0.00	0.00	625	26.88	854	6.8	1.46	8.4	0.000	0.429	85.9	89	82.3	103.5	19.36	 .0698	0.000	699	1	100.0	30
05/25/20	1:00 p	87.7	87.7	85.3	100	87.7	2.0	SSW	1.00	6.0	SSE	87.7	127.4	127.4	140.1	29.793	0.00	0.00	1024	44.04	1097	9.4	2.01	9.8	0.000	0.473	87.8	87	83.4	110.1	18.28	 .0694	0.021	700	1	100.0	30
05/25/20	1:30 p	87.2	87.8	86.2	100	87.2	2.0	SSW	1.00	7.0	S	87.2	122.5	122.5	136.6	29.774	0.00	0.00	1033	44.42	1129	8.8	1.89	9.4	0.000	0.462	88.3	85	83.2	110.1	17.45	 .0693	0.000	696	1	100.0	30
05/25/20	2:00 p	85.2	87.5	84.8	100	85.2	1.0	S	0.50	4.0	SSE	85.2	108.7	108.7	121.1	29.764	0.00	0.00	639	27.48	995	5.8	1.24	8.4	0.000	0.421	87.9	85	82.8	108.2	17.48	 .0694	0.021	696	1	100.0	30
05/25/20	2:30 p	85.6	86.0	85.0	100	85.6	1.0	SE	0.50	4.0	SSE	85.6	111.0	111.0	123.8	29.767	0.00	0.00	679	29.20	831	5.0	1.07	5.6	0.000	0.429	87.9	85	82.8	108.2	17.48	 .0694	0.000	699	1	100.0	30
05/25/20	3:00 p	85.4	86.5	85.0	100	85.4	1.0	SSW	0.50	4.0	S	85.4	109.8	109.8	122.2	29.769	0.00	0.00	550	23.65	817	3.5	0.75	5.0	0.000	0.425	87.5	84	82.1	106.2	17.15	 .0695	0.016	702	1	100.0	30
05/25/20	3:30 p	83.9	85.4	83.9	100	83.9	0.0	SSW	0.00	2.0	SSW	83.9	102.7	102.7	110.4	29.768	0.00	0.00	263	11.31	329	1.5	0.32	2.0	0.000	0.394	87.1	85	82.0	105.7	17.52	 .0695	0.000	701	1	100.0	30
05/25/20	4:00 p	83.4	84.5	83.3	100	83.4	0.0	SW	0.00	3.0	SW	83.4	100.8	100.8	107.9	29.762	0.00	0.00	210	9.03	295	1.0	0.21	1.6	0.000	0.383	86.3	85	81.3	102.5	17.57	 .0697	0.006	699	1	100.0	30
05/25/20	4:30 p	82.7	83.4	82.7	100	82.7	0.0	SW	0.00	7.0	WSW	82.7	98.1	98.1	101.3	29.772	0.00	0.00	85	3.66	155	0.1	0.02	0.7	0.000	0.369	85.7	88	81.7	102.2	18.81	 .0698	0.000	700	1	100.0	30
05/25/20	5:00 p	82.3	82.8	82.2	100	82.3	0.0	SSW	0.00	5.0	SW	82.3	96.8	96.8	98.3	29.786	0.00	0.00	40	1.72	60	0.0	0.00	0.0	0.000	0.360	84.7	89	81.1	99.6	19.48	 .0700	0.002	699	1	100.0	30
05/25/20	5:30 p	81.9	82.4	81.8	100	81.9	0.0	SSW	0.00	2.0	SSW	81.9	95.4	95.4	94.6	29.795	0.00	0.00	4	0.17	16	0.0	0.00	0.0	0.000	0.352	84.2	91	81.3	99.1	20.71	 .0700	0.000	701	1	100.0	30
05/25/20	6:00 p	80.9	81.9	80.8	100	80.9	0.0	SSW	0.00	4.0	SE	80.9	92.2	92.2	91.3	29.793	0.00	0.00	0	0.00	0	0.0	0.00	0.0	0.000	0.331	83.6	91	80.7	97.2	20.76	 .0702	0.000	701	1	100.0	30
05/25/20	6:30 p	80.7	81.0	80.6	100	80.7	0.0	SSE	0.00	1.0	SSE	80.7	91.6	91.6	90.7	29.804	0.00	0.00	0	0.00	0	0.0	0.00	0.0	0.000	0.327	83.1	92	80.5	96.1	21.21	 .0703	0.000	697	1	100.0	30
05/25/20	7:00 p	80.5	80.7	80.4	100	80.5	0.0	SSE	0.00	1.0	SSE	80.5	91.1	91.1	90.2	29.812	0.00	0.00	0	0.00	0	0.0	0.00	0.0	0.000	0.323	82.8	92	80.2	95.2	21.21	 .0704	0.000	703	1	100.0	30
05/25/20	7:30 p	80.2	80.6	80.2	100	80.2	0.0	SSE	0.00	1.0	SSE	80.2	90.2	90.2	89.3	29.822	0.00	0.00	0	0.00	0	0.0	0.00	0.0	0.000	0.317	82.5	93	80.3	94.7	21.30	 .0704	0.000	696	1	100.0	30
05/25/20	8:00 p	79.2	80.3	79.2	100	79.2	0.0	E	0.00	2.0	SE	79.2	87.4	87.4	86.4	29.801	0.01	0.00	0	0.00	0	0.0	0.00	0.0	0.000	0.296	82.2	92	79.6	93.4	21.19	 .0705	0.000	702	1	100.0	30
05/25/20	8:30 p	78.8	79.2	78.6	100	78.8	1.0	N	0.50	4.0	NNW	78.8	86.3	86.3	85.3	29.768	0.00	0.00	0	0.00	0	0.0	0.00	0.0	0.000	0.288	81.7	92	79.1	91.9	21.18	 .0705	0.000	700	1	100.0	30
05/25/20	9:00 p	78.4	78.9	78.3	100	78.4	0.0	S	0.00	4.0	S	78.4	85.4	85.4	84.4	29.771	0.00	0.00	0	0.00	0	0.0	0.00	0.0	0.000	0.279	81.0	93	78.8	90.1	21.27	 .0706	0.000	701	1	100.0	30
05/25/20	9:30 p	78.1	78.5	78.0	100	78.1	0.0	SSW	0.00	1.0	SSW	78.1	84.6	84.6	83.6	29.770	0.00	0.00	0	0.00	0	0.0	0.00	0.0	0.000	0.273	80.8	93	78.6	89.6	21.27	 .0706	0.000	697	1	100.0	30
05/25/20	10:00 p	77.9	78.2	77.9	100	77.9	0.0	---	0.00	0.0	---	77.9	84.2	84.2	83.1	29.787	0.00	0.00	0	0.00	0	0.0	0.00	0.0	0.000	0.269	80.5	93	78.3	88.8	21.26	 .0707	0.000	699	1	100.0	30
05/25/20	10:30 p	77.7	77.9	77.6	100	77.7	0.0	SSW	0.00	1.0	SSW	77.7	83.7	83.7	82.6	29.801	0.00	0.00	0	0.00	0	0.0	0.00	0.0	0.000	0.265	80.4	93	78.2	88.6	21.26	 .0708	0.000	699	1	100.0	30
05/25/20	11:00 p	77.4	77.8	77.3	100	77.4	0.0	SSW	0.00	1.0	SSW	77.4	83.1	83.1	82.0	29.804	0.00	0.00	0	0.00	0	0.0	0.00	0.0	0.000	0.258	80.1	93	77.9	87.8	21.25	 .0709	0.000	701	1	100.0	30
05/25/20	11:30 p	77.3	77.4	77.2	100	77.3	0.0	SSW	0.00	1.0	SSW	77.3	82.9	82.9	81.8	29.810	0.00	0.00	0	0.00	0	0.0	0.00	0.0	0.000	0.256	80.0	94	78.1	87.8	21.35	 .0709	0.000	700	1	100.0	30
05/26/20	12:00 a	77.5	77.6	77.3	100	77.5	0.0	SSW	0.00	1.0	SSW	77.5	83.3	83.3	82.2	29.812	0.00	0.00	0	0.00	0	0.0	0.00	0.0	0.000	0.260	80.0	94	78.1	87.8	21.35	 .0709	0.000	698	1	100.0	30
05/26/20	12:30 a	77.8	77.8	77.5	100	77.8	0.0	---	0.00	0.0	---	77.8	84.0	84.0	82.9	29.807	0.00	0.00	0	0.00	0	0.0	0.00	0.0	0.000	0.267	80.0	94	78.1	87.8	21.35	 .0709	0.000	699	1	100.0	30
05/26/20	1:00 a	77.8	77.9	77.7	100	77.8	0.0	---	0.00	0.0	---	77.8	84.0	84.0	82.9	29.797	0.00	0.00	0	0.00	0	0.0	0.00	0.0	0.000	0.267	80.0	95	78.4	88.1	21.65	 .0708	0.000	699	1	100.0	30
05/26/20	1:30 a	78.1	78.1	77.8	100	78.1	0.0	---	0.00	0.0	---	78.1	84.6	84.6	83.6	29.791	0.00	0.00	0	0.00	0	0.0	0.00	0.0	0.000	0.273	80.0	95	78.4	88.1	21.65	 .0708	0.000	698	1	100.0	30
05/26/20	2:00 a	78.2	78.3	78.0	100	78.2	0.0	SSW	0.00	2.0	SSW	78.2	84.9	84.9	83.9	29.766	0.00	0.00	0	0.00	0	0.0	0.00	0.0	0.000	0.275	80.0	95	78.4	88.1	21.65	 .0707	0.000	699	1	100.0	30
05/26/20	2:30 a	77.9	78.2	77.9	100	77.9	0.0	SSW	0.00	2.0	SSW	77.9	84.2	84.2	83.1	29.774	0.00	0.00	0	0.00	0	0.0	0.00	0.0	0.000	0.269	79.7	95	78.1	87.4	21.65	 .0708	0.000	700	1	100.0	30
05/26/20	3:00 a	77.6	77.9	77.6	100	77.6	0.0	SSW	0.00	1.0	SSW	77.6	83.5	83.5	82.4	29.767	0.00	0.00	0	0.00	0	0.0	0.00	0.0	0.000	0.262	79.6	95	78.0	87.2	21.65	 .0708	0.000	700	1	100.0	30
05/26/20	3:30 a	77.5	77.8	77.4	100	77.5	0.0	---	0.00	0.0	---	77.5	83.3	83.3	82.2	29.768	0.00	0.00	0	0.00	0	0.0	0.00	0.0	0.000	0.260	79.6	95	78.0	87.2	21.65	 .0708	0.000	701	1	100.0	30
05/26/20	4:00 a	77.6	77.6	77.4	100	77.6	0.0	---	0.00	0.0	---	77.6	83.5	83.5	82.4	29.775	0.00	0.00	0	0.00	0	0.0	0.00	0.0	0.000	0.262	79.4	96	78.2	87.0	21.75	 .0709	0.000	702	1	100.0	30
05/26/20	4:30 a	77.7	77.8	77.5	100	77.7	0.0	---	0.00	0.0	---	77.7	83.7	83.7	82.6	29.776	0.00	0.00	0	0.00	0	0.0	0.00	0.0	0.000	0.265	79.5	96	78.3	87.2	21.75	 .0709	0.000	699	1	100.0	30
05/26/20	5:00 a	77.6	77.8	77.5	100	77.6	0.0	---	0.00	0.0	---	77.6	83.5	83.5	82.4	29.768	0.00	0.00	0	0.00	0	0.0	0.00	0.0	0.000	0.262	79.4	96	78.2	87.0	21.75	 .0709	0.000	699	1	100.0	30
05/26/20	5:30 a	77.2	77.6	77.2	100	77.2	0.0	---	0.00	0.0	---	77.2	82.6	82.6	81.5	29.783	0.00	0.00	1	0.04	7	0.0	0.00	0.0	0.000	0.254	79.2	96	78.0	86.5	21.75	 .0709	0.000	701	1	100.0	30
05/26/20	6:00 a	77.5	77.6	77.3	100	77.5	0.0	---	0.00	0.0	---	77.5	83.3	83.3	82.8	29.795	0.00	0.00	23	0.99	63	0.0	0.00	0.0	0.000	0.260	79.5	96	78.3	87.2	21.75	 .0709	0.000	698	1	100.0	30
05/26/20	6:30 a	78.4	78.4	77.6	100	78.4	0.0	SSW	0.00	1.0	SSW	78.4	85.4	85.4	88.8	29.810	0.00	0.00	89	3.83	114	0.0	0.00	0.0	0.000	0.279	80.7	95	79.1	89.9	21.65	 .0707	0.000	701	1	100.0	30
05/26/20	7:00 a	79.0	79.0	78.4	100	79.0	0.0	SSW	0.00	2.0	SSW	79.0	86.8	86.8	89.6	29.812	0.00	0.00	83	3.57	118	0.5	0.11	0.8	0.000	0.292	81.8	95	80.2	93.3	21.65	 .0705	0.002	700	1	100.0	30
05/26/20	7:30 a	79.7	79.8	78.9	100	79.7	0.0	SSW	0.00	2.0	SSW	79.7	88.8	88.8	94.0	29.804	0.00	0.00	167	7.18	394	0.7	0.15	1.6	0.000	0.306	82.6	95	81.0	95.9	21.65	 .0703	0.000	700	1	100.0	30
05/26/20	8:00 a	81.6	81.6	79.7	100	81.6	1.0	NE	0.50	2.0	SSW	81.6	94.4	94.4	105.7	29.799	0.00	0.00	451	19.40	541	2.3	0.49	2.8	0.000	0.346	83.7	94	81.8	99.0	21.42	 .0701	0.008	700	1	100.0	30
05/26/20	8:30 a	84.0	84.0	81.6	100	84.0	1.0	NE	0.50	4.0	E	84.0	103.1	103.1	115.6	29.799	0.00	0.00	601	25.85	650	3.4	0.73	3.9	0.000	0.396	84.8	92	82.2	101.5	21.25	 .0699	0.000	700	1	100.0	30
05/26/20	9:00 a	86.4	86.4	84.0	100	86.4	2.0	S	1.00	6.0	SSE	86.4	116.1	116.1	129.0	29.802	0.00	0.00	702	30.19	751	4.5	0.96	4.9	0.000	0.446	85.8	89	82.2	103.2	19.37	 .0698	0.017	701	1	100.0	30
05/26/20	9:30 a	84.6	86.8	84.6	100	84.6	2.0	SSW	1.00	7.0	WSW	84.6	105.8	105.8	116.4	29.818	0.00	0.00	509	21.89	807	4.1	0.88	5.1	0.000	0.408	86.0	87	81.7	102.5	18.39	 .0698	0.000	701	1	100.0	30
05/26/20	10:00 a	86.1	86.5	83.1	100	86.1	1.0	WNW	0.50	5.0	SSE	86.1	113.9	113.9	125.1	29.822	0.00	0.00	554	23.83	1025	3.7	0.79	4.3	0.000	0.440	85.8	88	81.8	102.5	18.80	 .0699	0.014	702	1	100.0	30
05/26/20	10:30 a	86.8	87.5	86.2	100	86.8	2.0	SSW	1.00	6.0	W	86.8	119.0	119.0	132.1	29.829	0.00	0.00	907	39.01	1039	5.4	1.16	9.3	0.000	0.454	87.2	86	82.5	107.0	17.92	 .0696	0.000	699	1	100.0	30
05/26/20	11:00 a	87.3	87.9	86.4	100	87.3	2.0	SSW	1.00	7.0	SSE	87.3	123.5	123.5	135.1	29.831	0.00	0.00	1037	44.60	1111	9.6	2.06	10.3	0.000	0.465	87.8	85	82.7	107.9	17.48	 .0695	0.024	701	1	100.0	30
05/26/20	11:30 a	86.9	87.9	86.7	100	86.9	2.0	S	1.00	8.0	S	86.9	119.8	119.8	130.9	29.825	0.00	0.00	1004	43.18	1204	9.6	2.06	11.2	0.000	0.456	88.4	83	82.6	108.9	16.71	 .0695	0.000	701	1	100.0	30
05/26/20	12:00 p	86.4	87.6	85.7	100	86.4	2.0	SSE	1.00	5.0	SW	86.4	116.1	116.1	128.3	29.815	0.00	0.00	622	26.75	1190	7.6	1.63	10.7	0.000	0.446	88.2	84	82.7	108.7	17.12	 .0695	0.021	700	1	100.0	30
05/26/20	12:30 p	87.8	87.9	86.4	100	87.8	2.0	SSW	1.00	7.0	E	87.8	128.4	128.4	140.5	29.799	0.00	0.00	1055	45.37	1164	9.7	2.08	10.6	0.000	0.475	88.5	83	82.7	109.4	16.71	 .0694	0.000	701	1	100.0	30
05/26/20	1:00 p	87.2	88.1	87.2	100	87.2	2.0	SE	1.00	8.0	S	87.2	122.5	122.5	135.4	29.784	0.00	0.00	1039	44.68	1164	9.0	1.93	9.7	0.000	0.462	88.9	83	83.1	111.5	16.69	 .0693	0.025	700	1	100.0	30
05/26/20	1:30 p	86.8	87.9	86.7	100	86.8	2.0	SE	1.00	9.0	E	86.8	119.0	119.0	132.0	29.767	0.00	0.00	735	31.61	1262	6.6	1.41	9.3	0.000	0.454	88.8	82	82.6	110.0	16.40	 .0693	0.000	699	1	100.0	30
05/26/20	2:00 p	87.9	88.1	86.8	100	87.9	2.0	SSW	1.00	5.0	SE	87.9	129.4	129.4	143.1	29.756	0.00	0.00	908	39.05	1129	6.7	1.44	8.4	0.000	0.477	88.6	82	82.4	109.0	16.41	 .0693	0.021	699	1	100.0	30
05/26/20	2:30 p	87.6	88.1	87.2	100	87.6	1.0	ESE	0.50	5.0	S	87.6	126.4	126.4	140.3	29.749	0.00	0.00	810	34.83	884	5.3	1.14	5.7	0.000	0.471	88.3	83	82.5	108.4	16.72	 .0693	0.000	699	1	100.0	30
05/26/20	3:00 p	86.1	87.5	85.9	100	86.1	2.0	SSE	1.00	5.0	SSW	86.1	113.9	113.9	125.6	29.734	0.00	0.00	491	21.12	784	3.3	0.71	4.6	0.000	0.440	87.6	83	81.8	105.7	16.75	 .0694	0.016	698	1	100.0	30
05/26/20	3:30 p	85.9	86.1	85.2	100	85.9	1.0	SE	0.50	5.0	S	85.9	112.6	112.6	120.3	29.736	0.00	0.00	261	11.22	566	2.0	0.43	2.4	0.000	0.435	87.1	85	82.0	105.7	17.52	 .0695	0.000	702	1	100.0	30
05/26/20	4:00 p	85.3	86.5	85.3	100	85.3	1.0	S	0.50	6.0	S	85.3	109.3	109.3	118.2	29.731	0.00	0.00	271	11.65	561	1.4	0.30	2.2	0.000	0.423	86.8	86	82.1	105.4	17.94	 .0695	0.007	699	1	100.0	30
05/26/20	4:30 p	84.1	85.6	84.1	100	84.1	1.0	SE	0.50	4.0	ESE	84.1	103.5	103.5	108.3	29.740	0.00	0.00	125	5.38	185	0.3	0.06	0.9	0.000	0.398	86.5	86	81.8	104.1	17.96	 .0696	0.000	700	1	100.0	30
05/26/20	5:00 p	82.9	84.1	82.8	100	82.9	1.0	SE	0.50	2.0	SE	82.9	98.9	98.9	101.9	29.746	0.00	0.00	74	3.18	111	0.0	0.00	0.0	0.000	0.373	85.9	87	81.6	102.2	18.40	 .0697	0.003	697	1	100.0	30
05/26/20	5:30 p	82.4	82.9	82.3	100	82.4	0.0	SE	0.00	2.0	SE	82.4	97.1	97.1	96.7	29.760	0.00	0.00	20	0.86	39	0.0	0.00	0.0	0.000	0.363	85.3	88	81.3	100.9	18.83	 .0698	0.000	699	1	100.0	30
05/26/20	6:00 p	82.0	82.5	81.9	100	82.0	0.0	SE	0.00	3.0	SE	82.0	95.7	95.7	94.8	29.769	0.00	0.00	0	0.00	0	0.0	0.00	0.0	0.000	0.354	84.8	89	81.2	99.8	19.47	 .0699	0.000	698	1	100.0	30
05/26/20	6:30 p	81.7	82.1	81.6	100	81.7	1.0	NNE	0.50	3.0	E	81.7	94.7	94.7	93.7	29.775	0.00	0.00	0	0.00	0	0.0	0.00	0.0	0.000	0.348	84.4	90	81.1	99.2	20.10	 .0700	0.000	701	1	100.0	30
05/26/20	7:00 p	82.0	82.0	81.5	100	82.0	1.0	SSW	0.50	4.0	SSW	82.0	95.7	95.7	94.8	29.794	0.00	0.00	0	0.00	0	0.0	0.00	0.0	0.000	0.354	84.1	90	80.8	98.3	20.12	 .0701	0.000	702	1	100.0	30
05/26/20	7:30 p	81.8	82.0	81.7	100	81.8	0.0	S	0.00	2.0	S	81.8	95.1	95.1	94.1	29.808	0.00	0.00	0	0.00	0	0.0	0.00	0.0	0.000	0.350	83.9	91	81.0	98.2	20.74	 .0701	0.000	702	1	100.0	30
05/26/20	8:00 p	81.5	81.9	81.5	100	81.5	0.0	ENE	0.00	2.0	ENE	81.5	94.1	94.1	93.1	29.814	0.00	0.00	0	0.00	0	0.0	0.00	0.0	0.000	0.344	83.7	91	80.8	97.5	20.75	 .0702	0.000	702	1	100.0	30
05/26/20	8:30 p	80.7	81.6	80.7	100	80.7	2.0	SSW	1.00	13.0	NNE	80.7	91.6	91.6	90.6	29.830	0.27	5.28	0	0.00	0	0.0	0.00	0.0	0.000	0.327	83.5	92	80.9	97.4	21.22	 .0702	0.000	699	1	100.0	30
05/26/20	9:00 p	77.5	80.7	77.4	100	77.5	3.0	E	1.50	11.0	NNE	77.5	83.3	83.3	82.1	29.859	1.22	6.55	0	0.00	0	0.0	0.00	0.0	0.000	0.260	81.2	91	78.3	90.1	20.95	 .0708	0.000	703	1	100.0	30
05/26/20	9:30 p	76.1	77.4	76.1	100	76.1	1.0	E	0.50	4.0	SE	76.1	80.5	80.5	79.2	29.853	0.22	2.68	0	0.00	0	0.0	0.00	0.0	0.000	0.231	80.3	90	77.1	87.5	20.43	 .0710	0.000	698	1	100.0	30
05/26/20	10:00 p	75.8	76.2	75.8	100	75.8	1.0	ENE	0.50	4.0	ENE	75.8	80.0	80.0	78.7	29.847	0.00	0.00	0	0.00	0	0.0	0.00	0.0	0.000	0.225	80.0	91	77.1	87.1	21.05	 .0711	0.000	699	1	100.0	30
05/26/20	10:30 p	75.9	76.0	75.7	100	75.9	0.0	N	0.00	2.0	N	75.9	80.2	80.2	78.9	29.836	0.00	0.00	0	0.00	0	0.0	0.00	0.0	0.000	0.227	79.6	91	76.7	86.2	21.04	 .0711	0.000	701	1	100.0	30
05/26/20	11:00 p	75.9	76.0	75.7	100	75.9	0.0	SE	0.00	2.0	ENE	75.9	80.2	80.2	78.9	29.832	0.00	0.00	0	0.00	0	0.0	0.00	0.0	0.000	0.227	79.3	92	76.8	85.8	21.14	 .0711	0.000	702	1	100.0	30
05/26/20	11:30 p	76.0	76.0	75.7	100	76.0	0.0	SE	0.00	1.0	SE	76.0	80.3	80.3	79.0	29.817	0.00	0.00	0	0.00	0	0.0	0.00	0.0	0.000	0.229	79.2	92	76.7	85.6	21.13	 .0711	0.000	697	1	100.0	30
05/27/20	12:00 a	76.1	76.1	75.8	100	76.1	0.0	SE	0.00	1.0	SE	76.1	80.5	80.5	79.2	29.808	0.00	0.00	0	0.00	0	0.0	0.00	0.0	0.000	0.231	78.9	93	76.7	85.1	21.23	 .0711	0.000	697	1	100.0	30
05/27/20	12:30 a	76.1	76.2	75.8	100	76.1	0.0	---	0.00	0.0	---	76.1	80.5	80.5	79.2	29.811	0.00	0.00	0	0.00	0	0.0	0.00	0.0	0.000	0.231	78.9	93	76.7	85.1	21.23	 .0711	0.000	700	1	100.0	30
05/27/20	1:00 a	76.1	76.2	76.0	100	76.1	0.0	SE	0.00	1.0	SE	76.1	80.5	80.5	79.2	29.785	0.01	0.00	0	0.00	0	0.0	0.00	0.0	0.000	0.231	78.9	93	76.7	85.1	21.23	 .0711	0.000	700	1	100.0	30
05/27/20	1:30 a	76.3	76.3	76.1	100	76.3	0.0	SE	0.00	2.0	SE	76.3	80.9	80.9	79.6	29.767	0.00	0.00	0	0.00	0	0.0	0.00	0.0	0.000	0.235	78.9	94	77.0	85.4	21.35	 .0710	0.000	698	1	100.0	30
05/27/20	2:00 a	76.3	76.4	76.2	100	76.3	0.0	SE	0.00	2.0	SE	76.3	80.9	80.9	79.6	29.739	0.00	0.00	0	0.00	0	0.0	0.00	0.0	0.000	0.235	78.7	94	76.8	84.9	21.35	 .0710	0.000	694	1	100.0	30
05/27/20	2:30 a	76.1	76.4	76.1	100	76.1	0.0	---	0.00	0.0	---	76.1	80.5	80.5	79.2	29.738	0.00	0.00	0	0.00	0	0.0	0.00	0.0	0.000	0.231	78.5	94	76.6	84.4	21.35	 .0710	0.000	700	1	100.0	30
05/27/20	3:00 a	75.9	76.1	75.8	100	75.9	0.0	---	0.00	0.0	---	75.9	80.2	80.2	78.9	29.758	0.00	0.00	0	0.00	0	0.0	0.00	0.0	0.000	0.227	78.2	94	76.3	83.7	21.35	 .0711	0.000	702	1	100.0	30
05/27/20	3:30 a	75.8	75.9	75.7	100	75.8	0.0	---	0.00	0.0	---	75.8	80.0	80.0	78.7	29.765	0.00	0.00	0	0.00	0	0.0	0.00	0.0	0.000	0.225	78.0	94	76.1	83.3	21.35	 .0712	0.000	703	1	100.0	30
05/27/20	4:00 a	75.7	75.8	75.6	100	75.7	0.0	---	0.00	0.0	---	75.7	79.8	79.8	78.5	29.757	0.00	0.00	0	0.00	0	0.0	0.00	0.0	0.000	0.223	77.9	95	76.4	83.2	21.65	 .0712	0.000	701	1	100.0	30
05/27/20	4:30 a	75.5	75.7	75.5	100	75.5	0.0	---	0.00	0.0	---	75.5	79.6	79.6	78.3	29.761	0.00	0.00	0	0.00	0	0.0	0.00	0.0	0.000	0.219	77.8	95	76.3	83.0	21.65	 .0712	0.000	698	1	100.0	30
05/27/20	5:00 a	75.4	75.6	75.3	100	75.4	0.0	---	0.00	0.0	---	75.4	79.4	79.4	78.1	29.785	0.00	0.00	0	0.00	0	0.0	0.00	0.0	0.000	0.217	77.6	95	76.1	82.6	21.65	 .0713	0.000	696	1	100.0	30
05/27/20	5:30 a	75.4	75.5	75.2	100	75.4	0.0	---	0.00	0.0	---	75.4	79.4	79.4	78.1	29.802	0.00	0.00	2	0.09	9	0.0	0.00	0.0	0.000	0.217	77.5	95	76.0	82.4	21.65	 .0714	0.000	701	1	100.0	30
05/27/20	6:00 a	75.8	75.9	75.3	100	75.8	0.0	---	0.00	0.0	---	75.8	80.0	80.0	79.1	29.808	0.00	0.00	18	0.77	26	0.0	0.00	0.0	0.000	0.225	77.7	95	76.2	82.8	21.65	 .0713	0.000	702	1	100.0	30
05/27/20	6:30 a	76.3	76.3	75.8	100	76.3	0.0	---	0.00	0.0	---	76.3	80.9	80.9	81.8	29.809	0.00	0.00	35	1.51	44	0.0	0.00	0.0	0.000	0.235	78.2	96	77.0	84.1	21.75	 .0712	0.000	701	1	100.0	30
05/27/20	7:00 a	77.4	77.4	76.3	100	77.4	0.0	---	0.00	0.0	---	77.4	83.1	83.1	84.7	29.823	0.00	0.00	57	2.45	69	0.3	0.06	0.7	0.000	0.258	79.2	96	78.0	86.5	21.75	 .0710	0.001	701	1	100.0	30
05/27/20	7:30 a	78.6	78.6	77.4	100	78.6	0.0	NE	0.00	1.0	NE	78.6	85.8	85.8	90.1	29.834	0.00	0.00	143	6.15	251	1.0	0.21	1.4	0.000	0.283	80.5	96	79.3	89.7	21.75	 .0708	0.000	698	1	100.0	30
05/27/20	8:00 a	79.9	79.9	78.5	100	79.9	1.0	NE	0.50	3.0	NNE	79.9	89.3	89.3	98.6	29.840	0.00	0.00	355	15.27	417	1.9	0.41	2.4	0.000	0.310	81.7	95	80.1	92.9	21.65	 .0706	0.006	696	1	100.0	30
05/27/20	8:30 a	80.9	80.9	79.7	100	80.9	1.0	N	0.50	3.0	NNE	80.9	92.2	92.2	102.8	29.840	0.00	0.00	465	20.00	538	3.0	0.64	3.6	0.000	0.331	83.1	95	81.5	97.6	21.65	 .0703	0.000	699	1	100.0	30
05/27/20	9:00 a	82.0	82.3	80.9	100	82.0	0.0	NNE	0.00	2.0	NNE	82.0	95.7	95.7	106.0	29.848	0.00	0.00	476	20.47	615	3.7	0.79	4.5	0.000	0.354	84.1	94	82.2	100.3	21.43	 .0701	0.012	699	1	100.0	30
05/27/20	9:30 a	83.8	84.1	82.0	100	83.8	0.0	NNE	0.00	3.0	SSE	83.8	102.3	102.3	113.9	29.855	0.00	0.00	587	25.24	661	4.2	0.90	4.6	0.000	0.392	85.2	93	82.9	103.6	21.35	 .0699	0.000	699	1	100.0	30
05/27/20	10:00 a	84.8	85.0	83.3	100	84.8	1.0	S	0.50	5.0	SSE	84.8	106.7	106.7	118.0	29.851	0.00	0.00	567	24.38	656	4.5	0.96	4.9	0.000	0.413	86.2	91	83.3	106.4	20.63	 .0697	0.014	700	1	100.0	30
05/27/20	10:30 a	82.3	84.8	82.1	100	82.3	2.0	SE	1.00	7.0	ESE	82.3	96.8	96.8	101.6	29.856	0.00	0.00	220	9.46	338	2.6	0.56	3.5	0.000	0.360	85.1	91	82.2	101.9	20.65	 .0700	0.000	698	1	100.0	30
05/27/20	11:00 a	81.5	82.3	81.2	100	81.5	1.0	SE	0.50	9.0	SSE	81.5	94.1	94.1	100.1	29.848	0.00	0.00	267	11.48	399	3.2	0.69	4.2	0.000	0.344	84.8	91	81.9	100.9	20.67	 .0700	0.006	698	1	100.0	30
05/27/20	11:30 a	82.5	82.6	81.2	100	82.5	1.0	E	0.50	5.0	ENE	82.5	97.4	97.4	107.0	29.842	0.00	0.00	451	19.40	619	5.0	1.07	6.5	0.000	0.365	85.0	91	82.1	101.5	20.65	 .0700	0.000	701	1	100.0	30
05/27/20	12:00 p	81.5	83.6	81.5	100	81.5	2.0	SSE	1.00	10.0	SE	81.5	94.1	94.1	104.3	29.859	0.00	0.00	494	21.24	758	5.3	1.14	7.4	0.000	0.344	85.4	88	81.4	101.2	18.83	 .0700	0.012	699	1	100.0	30
05/27/20	12:30 p	82.4	82.4	80.8	100	82.4	1.0	SE	0.50	7.0	SE	82.4	97.1	97.1	104.7	29.831	0.00	0.00	343	14.75	577	3.8	0.81	5.8	0.000	0.363	85.3	88	81.3	100.9	18.83	 .0700	0.000	698	1	100.0	30
05/27/20	1:00 p	83.2	83.6	82.4	100	83.2	2.0	SE	1.00	10.0	SSE	83.2	100.0	100.0	110.7	29.819	0.00	0.00	532	22.88	724	5.3	1.14	6.5	0.000	0.379	85.9	88	81.9	102.9	18.80	 .0698	0.011	700	1	100.0	30
05/27/20	1:30 p	82.8	83.7	82.7	100	82.8	2.0	SE	1.00	9.0	E	82.8	98.5	98.5	107.4	29.814	0.00	0.00	418	17.98	589	3.9	0.84	5.4	0.000	0.371	85.9	88	81.9	102.9	18.80	 .0698	0.000	698	1	100.0	30
05/27/20	2:00 p	82.8	82.9	82.3	100	82.8	1.0	ENE	0.50	7.0	ESE	82.8	98.5	98.5	104.5	29.815	0.00	0.00	261	11.22	350	2.4	0.51	3.2	0.000	0.371	85.4	89	81.8	101.8	19.41	 .0699	0.009	698	1	100.0	30
05/27/20	2:30 p	82.2	82.8	81.6	100	82.2	1.0	NE	0.50	7.0	SSE	82.2	96.4	96.4	101.8	29.803	0.00	0.00	224	9.63	279	1.9	0.41	2.3	0.000	0.358	85.0	88	81.0	99.9	18.85	 .0700	0.000	700	1	100.0	30
05/27/20	3:00 p	81.6	82.3	81.5	100	81.6	1.0	SSE	0.50	4.0	SSW	81.6	94.4	94.4	99.1	29.803	0.00	0.00	183	7.87	248	1.5	0.32	2.0	0.000	0.346	84.9	89	81.3	100.1	19.46	 .0700	0.005	698	1	100.0	30
05/27/20	3:30 p	81.4	82.0	81.1	100	81.4	0.0	SE	0.00	2.0	S	81.4	93.8	93.8	97.9	29.793	0.00	0.00	144	6.19	160	1.0	0.21	1.1	0.000	0.342	84.5	89	80.9	99.0	19.50	 .0700	0.000	699	1	100.0	30
05/27/20	4:00 p	81.0	81.5	80.7	100	81.0	0.0	NE	0.00	2.0	SE	81.0	92.5	92.5	95.9	29.812	0.00	0.00	106	4.56	142	0.5	0.11	0.9	0.000	0.333	84.2	90	80.9	98.6	20.11	 .0701	0.003	701	1	100.0	30
05/27/20	4:30 p	80.5	81.0	80.5	100	80.5	0.0	NE	0.00	1.0	NE	80.5	91.1	91.1	92.3	29.839	0.00	0.00	41	1.76	81	0.0	0.00	0.0	0.000	0.323	83.6	91	80.7	97.2	20.76	 .0703	0.000	700	1	100.0	30
05/27/20	5:00 p	79.6	80.5	79.6	100	79.6	0.0	NNE	0.00	3.0	NNE	79.6	88.5	88.5	88.8	29.833	0.00	0.00	18	0.77	28	0.0	0.00	0.0	0.000	0.304	82.9	91	80.0	95.0	20.82	 .0704	0.001	699	1	100.0	30
05/27/20	5:30 p	79.4	79.7	79.4	100	79.4	0.0	NNE	0.00	2.0	E	79.4	87.9	87.9	87.2	29.830	0.00	0.00	11	0.47	16	0.0	0.00	0.0	0.000	0.300	82.3	92	79.7	93.7	21.20	 .0705	0.000	700	1	100.0	30
05/27/20	6:00 p	79.2	79.5	79.1	100	79.2	0.0	E	0.00	1.0	E	79.2	87.4	87.4	86.5	29.846	0.00	0.00	0	0.00	5	0.0	0.00	0.0	0.000	0.296	81.8	92	79.2	92.2	21.19	 .0706	0.000	700	1	100.0	30
05/27/20	6:30 p	78.4	79.2	78.4	100	78.4	1.0	NNW	0.50	8.0	NNW	78.4	85.4	85.4	84.4	29.852	0.00	0.00	0	0.00	0	0.0	0.00	0.0	0.000	0.279	81.6	91	78.7	91.3	20.92	 .0707	0.000	701	1	100.0	30
05/27/20	7:00 p	77.4	78.4	77.4	100	77.4	2.0	N	1.00	9.0	NW	77.4	83.1	83.1	82.1	29.861	0.03	0.17	0	0.00	0	0.0	0.00	0.0	0.000	0.258	80.8	90	77.6	88.7	20.39	 .0709	0.000	701	1	100.0	30
05/27/20	7:30 p	76.9	77.4	76.8	100	76.9	1.0	NNW	0.50	4.0	NNE	76.9	82.0	82.0	80.9	29.860	0.01	0.05	0	0.00	0	0.0	0.00	0.0	0.000	0.248	80.0	91	77.1	87.1	21.05	 .0711	0.000	697	1	100.0	30
05/27/20	8:00 p	76.9	77.1	76.8	100	76.9	0.0	NNW	0.00	2.0	NNW	76.9	82.0	82.0	80.9	29.877	0.03	0.06	0	0.00	0	0.0	0.00	0.0	0.000	0.248	79.6	93	77.4	86.7	21.24	 .0712	0.000	701	1	100.0	30
05/27/20	8:30 p	76.8	76.9	76.7	100	76.8	0.0	NNW	0.00	2.0	NNW	76.8	81.8	81.8	80.7	29.883	0.02	0.06	0	0.00	0	0.0	0.00	0.0	0.000	0.246	79.4	93	77.2	86.2	21.24	 .0712	0.000	699	1	100.0	30
05/27/20	9:00 p	77.0	77.1	76.7	100	77.0	0.0	NNW	0.00	3.0	NNW	77.0	82.2	82.2	81.2	29.877	0.01	0.06	0	0.00	0	0.0	0.00	0.0	0.000	0.250	79.4	93	77.2	86.2	21.24	 .0712	0.000	701	1	100.0	30
05/27/20	9:30 p	77.1	77.1	76.8	100	77.1	0.0	---	0.00	0.0	---	77.1	82.4	82.4	81.4	29.876	0.00	0.00	0	0.00	0	0.0	0.00	0.0	0.000	0.252	79.5	94	77.6	86.7	21.35	 .0712	0.000	696	1	100.0	30
05/27/20	10:00 p	77.1	77.3	76.9	100	77.1	0.0	NNW	0.00	1.0	NNW	77.1	82.4	82.4	81.4	29.874	0.00	0.00	0	0.00	0	0.0	0.00	0.0	0.000	0.252	79.4	94	77.5	86.5	21.35	 .0712	0.000	700	1	100.0	30
05/27/20	10:30 p	77.0	77.2	76.8	100	77.0	0.0	NNW	0.00	1.0	NNW	77.0	82.2	82.2	81.2	29.869	0.00	0.00	0	0.00	0	0.0	0.00	0.0	0.000	0.250	79.2	94	77.3	86.0	21.35	 .0712	0.000	703	1	100.0	30
05/27/20	11:00 p	77.1	77.2	76.9	100	77.1	0.0	NNW	0.00	1.0	NNW	77.1	82.4	82.4	81.4	29.861	0.00	0.00	0	0.00	0	0.0	0.00	0.0	0.000	0.252	79.2	95	77.6	86.3	21.65	 .0712	0.000	700	1	100.0	30
05/27/20	11:30 p	77.2	77.3	77.1	100	77.2	0.0	---	0.00	0.0	---	77.2	82.6	82.6	81.6	29.853	0.00	0.00	0	0.00	0	0.0	0.00	0.0	0.000	0.254	79.2	95	77.6	86.3	21.65	 .0711	0.000	701	1	100.0	30
05/28/20	12:00 a	77.1	77.4	77.1	100	77.1	0.0	---	0.00	0.0	---	77.1	82.4	82.4	81.4	29.838	0.00	0.00	0	0.00	0	0.0	0.00	0.0	0.000	0.252	79.2	95	77.6	86.3	21.65	 .0711	0.000	699	1	100.0	30
05/28/20	12:30 a	77.0	77.2	76.9	100	77.0	0.0	---	0.00	0.0	---	77.0	82.2	82.2	81.2	29.829	0.00	0.00	0	0.00	0	0.0	0.00	0.0	0.000	0.250	79.1	95	77.5	86.0	21.65	 .0711	0.000	700	1	100.0	30
05/28/20	1:00 a	76.5	77.0	76.5	100	76.5	0.0	NNW	0.00	3.0	S	76.5	81.3	81.3	80.2	29.817	0.00	0.00	0	0.00	0	0.0	0.00	0.0	0.000	0.240	78.9	95	77.3	85.6	21.65	 .0711	0.000	700	1	100.0	30
05/28/20	1:30 a	76.4	76.6	76.4	100	76.4	0.0	S	0.00	1.0	S	76.4	81.1	81.1	80.0	29.815	0.00	0.00	0	0.00	0	0.0	0.00	0.0	0.000	0.238	78.7	95	77.1	85.1	21.65	 .0711	0.000	700	1	100.0	30
05/28/20	2:00 a	76.2	76.4	76.2	100	76.2	0.0	S	0.00	1.0	S	76.2	80.7	80.7	79.6	29.812	0.00	0.00	0	0.00	0	0.0	0.00	0.0	0.000	0.233	78.5	95	76.9	84.6	21.65	 .0712	0.000	699	1	100.0	30
05/28/20	2:30 a	76.2	76.3	76.1	100	76.2	0.0	---	0.00	0.0	---	76.2	80.7	80.7	79.6	29.809	0.00	0.00	0	0.00	0	0.0	0.00	0.0	0.000	0.233	78.3	95	76.7	84.1	21.65	 .0712	0.000	701	1	100.0	30
05/28/20	3:00 a	75.9	76.2	75.9	100	75.9	0.0	S	0.00	2.0	S	75.9	80.2	80.2	79.1	29.814	0.01	0.00	0	0.00	0	0.0	0.00	0.0	0.000	0.227	78.2	95	76.6	83.9	21.65	 .0712	0.000	699	1	100.0	30
05/28/20	3:30 a	75.5	75.9	75.5	100	75.5	0.0	S	0.00	1.0	S	75.5	79.6	79.6	78.5	29.815	0.00	0.00	0	0.00	0	0.0	0.00	0.0	0.000	0.219	77.8	95	76.3	83.0	21.65	 .0713	0.000	700	1	100.0	30
05/28/20	4:00 a	75.2	75.5	75.2	100	75.2	0.0	---	0.00	0.0	---	75.2	79.1	79.1	78.0	29.814	0.00	0.00	0	0.00	0	0.0	0.00	0.0	0.000	0.212	77.5	95	76.0	82.4	21.65	 .0714	0.000	700	1	100.0	30
05/28/20	4:30 a	75.1	75.3	74.9	100	75.1	0.0	---	0.00	0.0	---	75.1	78.9	78.9	77.8	29.812	0.00	0.00	0	0.00	0	0.0	0.00	0.0	0.000	0.210	77.3	95	75.8	82.1	21.65	 .0714	0.000	696	1	100.0	30
05/28/20	5:00 a	75.4	75.4	75.1	100	75.4	0.0	---	0.00	0.0	---	75.4	79.4	79.4	78.3	29.816	0.00	0.00	0	0.00	0	0.0	0.00	0.0	0.000	0.217	77.3	96	76.1	82.2	21.75	 .0714	0.000	700	1	100.0	30
05/28/20	5:30 a	75.8	75.8	75.4	100	75.8	0.0	NE	0.00	2.0	NE	75.8	80.0	80.0	78.9	29.830	0.00	0.00	0	0.00	5	0.0	0.00	0.0	0.000	0.225	77.5	96	76.3	82.6	21.75	 .0714	0.000	701	1	100.0	30
05/28/20	6:00 a	75.9	75.9	75.6	100	75.9	0.0	N	0.00	2.0	N	75.9	80.2	80.2	79.5	29.839	0.00	0.00	19	0.82	32	0.0	0.00	0.0	0.000	0.227	77.5	96	76.3	82.6	21.75	 .0714	0.000	700	1	100.0	30
05/28/20	6:30 a	76.6	76.7	75.8	100	76.6	0.0	N	0.00	2.0	N	76.6	81.4	81.4	83.2	29.850	0.00	0.00	53	2.28	81	0.0	0.00	0.0	0.000	0.242	78.0	96	76.8	83.6	21.75	 .0713	0.000	695	1	100.0	30
05/28/20	7:00 a	77.6	77.6	76.5	100	77.6	0.0	N	0.00	1.0	N	77.6	83.5	83.5	87.6	29.864	0.00	0.00	119	5.12	162	0.3	0.06	0.7	0.000	0.262	79.1	96	77.9	86.2	21.75	 .0712	0.002	699	1	100.0	30
05/28/20	7:30 a	78.9	78.9	77.6	100	78.9	0.0	N	0.00	2.0	N	78.9	86.6	86.6	93.2	29.866	0.00	0.00	215	9.25	288	1.0	0.21	1.3	0.000	0.290	80.2	96	79.0	88.9	21.75	 .0709	0.000	701	1	100.0	30
05/28/20	8:00 a	79.7	79.7	78.8	100	79.7	0.0	N	0.00	1.0	N	79.7	88.8	88.8	95.6	29.872	0.00	0.00	250	10.75	332	1.6	0.34	1.9	0.000	0.306	81.5	95	79.9	92.3	21.65	 .0707	0.006	702	1	100.0	30
05/28/20	8:30 a	81.6	81.7	79.6	100	81.6	1.0	WSW	0.50	4.0	SW	81.6	94.4	94.4	103.7	29.883	0.00	0.00	390	16.77	664	2.6	0.56	4.0	0.000	0.346	82.8	92	80.2	95.2	21.21	 .0705	0.000	701	1	100.0	30
05/28/20	9:00 a	82.7	82.9	81.6	100	82.7	1.0	SSW	0.50	4.0	SW	82.7	98.1	98.1	108.7	29.877	0.00	0.00	493	21.20	826	3.8	0.81	5.1	0.000	0.369	83.7	91	80.8	97.5	20.75	 .0703	0.011	702	1	100.0	30
05/28/20	9:30 a	82.3	84.4	82.3	100	82.3	1.0	SSW	0.50	4.0	SW	82.3	96.8	96.8	107.1	29.879	0.00	0.00	497	21.37	889	4.4	0.94	5.4	0.000	0.360	84.5	89	80.9	99.0	19.50	 .0702	0.000	698	1	100.0	30
05/28/20	10:00 a	83.8	83.9	81.4	100	83.8	0.0	S	0.00	3.0	S	83.8	102.3	102.3	110.2	29.879	0.00	0.00	361	15.53	701	4.0	0.86	5.2	0.000	0.392	84.1	90	80.8	98.3	20.12	 .0703	0.012	700	1	100.0	30
05/28/20	10:30 a	84.4	84.4	82.6	100	84.4	1.0	SW	0.50	6.0	SSE	84.4	104.9	104.9	116.4	29.875	0.00	0.00	586	25.20	777	5.7	1.22	6.8	0.000	0.404	85.1	87	80.8	99.7	18.44	 .0702	0.000	701	1	100.0	30
05/28/20	11:00 a	86.0	86.2	83.9	100	86.0	1.0	SW	0.50	7.0	W	86.0	113.2	113.2	126.7	29.870	0.00	0.00	801	34.45	1167	8.6	1.84	10.9	0.000	0.438	86.3	84	80.9	101.9	17.20	 .0700	0.018	697	1	100.0	30
05/28/20	11:30 a	86.3	87.1	85.6	100	86.3	1.0	SE	0.50	7.0	SSW	86.3	115.4	115.4	126.2	29.858	0.00	0.00	1025	44.08	1478	9.9	2.12	13.0	0.000	0.444	87.8	85	82.7	107.9	17.48	 .0696	0.000	698	1	100.0	30
05/28/20	12:00 p	86.7	86.9	85.1	100	86.7	2.0	SW	1.00	8.0	WSW	86.7	118.3	118.3	129.6	29.847	0.00	0.00	1056	45.41	1197	9.9	2.12	11.1	0.000	0.452	87.3	84	81.9	105.6	17.16	 .0697	0.026	699	1	100.0	30
05/28/20	12:30 p	86.3	87.2	86.0	100	86.3	2.0	SW	1.00	8.0	S	86.3	115.4	115.4	127.8	29.838	0.00	0.00	1083	46.58	1259	9.8	2.10	11.5	0.000	0.444	87.6	83	81.8	105.7	16.75	 .0697	0.000	701	1	100.0	30
05/28/20	1:00 p	85.4	86.4	85.4	100	85.4	2.0	SW	1.00	8.0	WSW	85.4	109.8	109.8	122.3	29.830	0.00	0.00	672	28.90	1269	7.1	1.52	10.4	0.000	0.425	87.7	81	81.1	104.5	16.04	 .0697	0.023	698	1	100.0	30
05/28/20	1:30 p	84.7	85.3	84.2	100	84.7	2.0	SSW	1.00	6.0	SW	84.7	106.2	106.2	115.0	29.823	0.00	0.00	409	17.59	612	4.6	0.99	7.2	0.000	0.410	87.2	82	81.0	103.9	16.46	 .0697	0.000	698	1	100.0	30
05/28/20	2:00 p	82.9	84.6	82.7	100	82.9	2.0	SSW	1.00	9.0	S	82.9	98.9	98.9	105.8	29.818	0.00	0.00	303	13.03	367	3.0	0.64	3.5	0.000	0.373	86.3	84	80.9	101.9	17.20	 .0699	0.010	701	1	100.0	30
05/28/20	2:30 p	83.6	84.1	82.8	100	83.6	1.0	SE	0.50	5.0	SSE	83.6	101.5	101.5	110.1	29.811	0.00	0.00	366	15.74	826	2.9	0.62	4.4	0.000	0.387	86.2	86	81.5	102.7	17.98	 .0698	0.000	702	1	100.0	30
05/28/20	3:00 p	81.8	83.6	81.7	100	81.8	1.0	SSE	0.50	5.0	SE	81.8	95.1	95.1	99.0	29.809	0.00	0.00	152	6.54	308	1.1	0.24	2.2	0.000	0.350	85.3	87	81.0	100.3	18.43	 .0700	0.007	700	1	100.0	30
05/28/20	3:30 p	81.2	82.0	80.9	100	81.2	0.0	NE	0.00	1.0	NE	81.2	93.1	93.1	95.7	29.813	0.00	0.00	97	4.17	172	0.5	0.11	1.0	0.000	0.337	84.5	87	80.2	98.1	18.48	 .0701	0.000	696	1	100.0	30
05/28/20	4:00 p	81.4	81.8	81.2	100	81.4	0.0	SSW	0.00	2.0	SSW	81.4	93.8	93.8	98.3	29.818	0.00	0.00	138	5.93	172	0.7	0.15	1.0	0.000	0.342	84.4	87	80.1	97.9	18.49	 .0702	0.003	703	1	100.0	30
05/28/20	4:30 p	81.6	82.0	81.0	100	81.6	0.0	SSW	0.00	4.0	SSW	81.6	94.4	94.4	99.7	29.821	0.00	0.00	138	5.93	148	0.4	0.09	0.7	0.000	0.346	84.3	87	80.0	97.6	18.49	 .0702	0.000	700	1	100.0	30
05/28/20	5:00 p	80.6	81.7	80.6	100	80.6	0.0	SSW	0.00	4.0	SW	80.6	91.3	91.3	93.6	29.827	0.00	0.00	60	2.58	100	0.0	0.00	0.0	0.000	0.325	83.5	87	79.2	95.3	18.54	 .0704	0.002	701	1	100.0	30
05/28/20	5:30 p	80.4	80.7	80.3	100	80.4	0.0	---	0.00	0.0	---	80.4	90.8	90.8	90.4	29.840	0.00	0.00	27	1.16	37	0.0	0.00	0.0	0.000	0.321	83.0	89	79.4	94.5	19.65	 .0705	0.000	699	1	100.0	30
05/28/20	6:00 p	79.9	80.5	79.9	100	79.9	0.0	---	0.00	0.0	---	79.9	89.3	89.3	88.3	29.853	0.00	0.00	2	0.09	12	0.0	0.00	0.0	0.000	0.310	82.3	91	79.4	93.3	20.87	 .0706	0.000	699	1	100.0	30
05/28/20	6:30 p	79.3	79.9	79.2	100	79.3	0.0	SSW	0.00	2.0	SSW	79.3	87.6	87.6	86.6	29.863	0.00	0.00	0	0.00	0	0.0	0.00	0.0	0.000	0.298	82.0	91	79.1	92.5	20.89	 .0707	0.000	701	1	100.0	30
05/28/20	7:00 p	77.8	79.4	77.7	100	77.8	1.0	NNE	0.50	6.0	NW	77.8	84.0	84.0	82.9	29.872	0.00	0.00	0	0.00	0	0.0	0.00	0.0	0.000	0.267	81.6	89	78.0	90.6	19.79	 .0708	0.000	702	1	100.0	30
05/28/20	7:30 p	77.9	78.0	77.8	100	77.9	1.0	NNW	0.50	5.0	WNW	77.9	84.2	84.2	83.1	29.881	0.00	0.00	0	0.00	0	0.0	0.00	0.0	0.000	0.269	81.1	89	77.5	89.2	19.84	 .0710	0.000	700	1	100.0	30
05/28/20	8:00 p	78.0	78.2	77.9	100	78.0	1.0	NW	0.50	4.0	NNE	78.0	84.4	84.4	83.3	29.886	0.00	0.00	0	0.00	0	0.0	0.00	0.0	0.000	0.271	80.9	90	77.7	89.0	20.38	 .0710	0.000	700	1	100.0	30
05/28/20	8:30 p	77.6	78.1	77.5	100	77.6	0.0	N	0.00	3.0	N	77.6	83.5	83.5	82.4	29.892	0.00	0.00	0	0.00	0	0.0	0.00	0.0	0.000	0.262	80.6	91	77.7	88.5	21.00	 .0710	0.000	700	1	100.0	30
05/28/20	9:00 p	77.5	77.6	77.3	100	77.5	0.0	NNW	0.00	3.0	NNW	77.5	83.3	83.3	82.2	29.892	0.00	0.00	0	0.00	0	0.0	0.00	0.0	0.000	0.260	80.3	91	77.4	87.8	21.03	 .0711	0.000	700	1	100.0	30
05/28/20	9:30 p	77.1	77.6	77.1	100	77.1	0.0	NE	0.00	2.0	NNE	77.1	82.4	82.4	81.3	29.894	0.00	0.00	0	0.00	0	0.0	0.00	0.0	0.000	0.252	80.0	91	77.1	87.1	21.05	 .0712	0.000	700	1	100.0	30
05/28/20	10:00 p	77.0	77.1	76.7	100	77.0	0.0	N	0.00	3.0	NNW	77.0	82.2	82.2	81.1	29.893	0.00	0.00	0	0.00	0	0.0	0.00	0.0	0.000	0.250	79.7	92	77.2	86.7	21.14	 .0712	0.000	699	1	100.0	30
05/28/20	10:30 p	76.3	76.9	76.2	100	76.3	0.0	NNW	0.00	1.0	NNW	76.3	80.9	80.9	79.7	29.893	0.00	0.00	0	0.00	0	0.0	0.00	0.0	0.000	0.235	79.2	92	76.7	85.6	21.13	 .0713	0.000	699	1	100.0	30
05/28/20	11:00 p	76.0	76.3	75.9	100	76.0	0.0	NNW	0.00	1.0	NNW	76.0	80.3	80.3	79.1	29.892	0.00	0.00	0	0.00	0	0.0	0.00	0.0	0.000	0.229	78.8	92	76.3	84.7	21.13	 .0714	0.000	700	1	100.0	30
05/28/20	11:30 p	75.9	76.1	75.9	100	75.9	0.0	---	0.00	0.0	---	75.9	80.2	80.2	78.9	29.874	0.00	0.00	0	0.00	0	0.0	0.00	0.0	0.000	0.227	78.6	93	76.4	84.5	21.22	 .0714	0.000	697	1	100.0	30
05/29/20	12:00 a	75.6	76.0	75.4	100	75.6	0.0	---	0.00	0.0	---	75.6	79.7	79.7	78.4	29.868	0.00	0.00	0	0.00	0	0.0	0.00	0.0	0.000	0.221	78.3	93	76.1	83.8	21.22	 .0714	0.000	698	1	100.0	30
05/29/20	12:30 a	75.3	75.7	75.2	100	75.3	0.0	---	0.00	0.0	---	75.3	79.3	79.3	78.0	29.849	0.00	0.00	0	0.00	0	0.0	0.00	0.0	0.000	0.215	78.1	93	75.9	83.4	21.21	 .0714	0.000	700	1	100.0	30
05/29/20	1:00 a	75.5	75.5	75.1	100	75.5	0.0	NNW	0.00	2.0	N	75.5	79.6	79.6	78.3	29.841	0.00	0.00	0	0.00	0	0.0	0.00	0.0	0.000	0.219	78.2	93	76.0	83.6	21.21	 .0714	0.000	696	1	100.0	30
05/29/20	1:30 a	75.9	76.0	75.5	100	75.9	1.0	NW	0.50	5.0	WNW	75.9	80.2	80.2	78.9	29.837	0.00	0.00	0	0.00	0	0.0	0.00	0.0	0.000	0.227	78.7	92	76.2	84.5	21.12	 .0713	0.000	700	1	100.0	30
05/29/20	2:00 a	76.1	76.1	75.9	100	76.1	1.0	NNW	0.50	3.0	N	76.1	80.5	80.5	79.3	29.828	0.00	0.00	0	0.00	0	0.0	0.00	0.0	0.000	0.231	78.8	92	76.3	84.7	21.13	 .0712	0.000	698	1	100.0	30
05/29/20	2:30 a	76.3	76.3	76.0	100	76.3	0.0	NNE	0.00	4.0	N	76.3	80.9	80.9	79.7	29.822	0.00	0.00	0	0.00	0	0.0	0.00	0.0	0.000	0.235	78.7	92	76.2	84.5	21.12	 .0712	0.000	701	1	100.0	30
05/29/20	3:00 a	76.3	76.5	76.2	100	76.3	0.0	WNW	0.00	1.0	WNW	76.3	80.9	80.9	79.7	29.827	0.00	0.00	0	0.00	0	0.0	0.00	0.0	0.000	0.235	78.3	93	76.1	83.8	21.22	 .0713	0.000	697	1	100.0	30
05/29/20	3:30 a	76.2	76.4	76.0	100	76.2	0.0	WNW	0.00	1.0	WNW	76.2	80.7	80.7	79.5	29.833	0.02	0.07	0	0.00	0	0.0	0.00	0.0	0.000	0.233	78.2	94	76.3	83.7	21.35	 .0713	0.000	701	1	100.0	30
05/29/20	4:00 a	75.7	76.2	75.7	100	75.7	0.0	WNW	0.00	1.0	WNW	75.7	79.8	79.8	78.5	29.846	0.00	0.00	0	0.00	0	0.0	0.00	0.0	0.000	0.223	78.0	94	76.1	83.3	21.35	 .0714	0.000	697	1	100.0	30
05/29/20	4:30 a	75.5	75.8	75.4	100	75.5	0.0	---	0.00	0.0	---	75.5	79.6	79.6	78.3	29.853	0.02	0.06	0	0.00	0	0.0	0.00	0.0	0.000	0.219	77.7	94	75.8	82.7	21.35	 .0715	0.000	699	1	100.0	30
05/29/20	5:00 a	75.4	75.5	75.4	100	75.4	0.0	WNW	0.00	1.0	WNW	75.4	79.4	79.4	78.1	29.864	0.01	0.05	0	0.00	0	0.0	0.00	0.0	0.000	0.217	77.6	94	75.7	82.5	21.35	 .0715	0.000	702	1	100.0	30
05/29/20	5:30 a	75.5	75.5	75.4	100	75.5	0.0	---	0.00	0.0	---	75.5	79.6	79.6	78.4	29.866	0.01	0.00	4	0.17	16	0.0	0.00	0.0	0.000	0.219	77.5	95	76.0	82.4	21.65	 .0715	0.000	702	1	100.0	30
05/29/20	6:00 a	75.9	75.9	75.5	100	75.9	0.0	---	0.00	0.0	---	75.9	80.2	80.2	79.6	29.878	0.01	0.00	27	1.16	40	0.0	0.00	0.0	0.000	0.227	77.8	95	76.3	83.0	21.65	 .0715	0.000	701	1	100.0	30
05/29/20	6:30 a	76.6	76.6	75.9	100	76.6	0.0	WNW	0.00	1.0	WNW	76.6	81.4	81.4	83.4	29.890	0.01	0.00	59	2.54	70	0.0	0.00	0.0	0.000	0.242	78.3	95	76.7	84.1	21.65	 .0714	0.000	699	1	100.0	30
05/29/20	7:00 a	77.5	77.6	76.5	100	77.5	0.0	WNW	0.00	1.0	WNW	77.5	83.3	83.3	86.7	29.893	0.00	0.00	102	4.39	148	0.3	0.06	0.7	0.000	0.260	78.9	95	77.3	85.6	21.65	 .0713	0.002	701	1	100.0	30
05/29/20	7:30 a	78.3	78.6	77.4	100	78.3	0.0	WNW	0.00	1.0	WNW	78.3	85.1	85.1	89.5	29.891	0.00	0.00	146	6.28	162	0.8	0.17	1.0	0.000	0.277	79.4	95	77.8	86.7	21.65	 .0712	0.000	700	1	100.0	30
05/29/20	8:00 a	78.9	79.1	78.2	100	78.9	0.0	WNW	0.00	1.0	WNW	78.9	86.6	86.6	91.1	29.899	0.00	0.00	170	7.31	181	1.2	0.26	1.3	0.000	0.290	80.3	95	78.7	88.9	21.65	 .0710	0.004	701	1	100.0	30
05/29/20	8:30 a	79.3	79.8	78.9	100	79.3	0.0	WSW	0.00	3.0	W	79.3	87.6	87.6	93.0	29.909	0.00	0.00	216	9.29	237	1.8	0.39	2.1	0.000	0.298	81.4	94	79.5	91.7	21.38	 .0708	0.000	701	1	100.0	30
05/29/20	9:00 a	80.7	81.0	79.2	100	80.7	0.0	WSW	0.00	3.0	ENE	80.7	91.6	91.6	99.5	29.909	0.00	0.00	350	15.05	612	3.1	0.66	4.7	0.000	0.327	82.4	93	80.2	94.4	21.30	 .0706	0.007	700	1	100.0	30
05/29/20	9:30 a	82.7	82.7	80.4	100	82.7	0.0	ENE	0.00	2.0	ENE	82.7	98.1	98.1	107.7	29.898	0.00	0.00	452	19.44	522	4.2	0.90	4.6	0.000	0.369	83.7	89	80.1	96.7	19.58	 .0705	0.000	699	1	100.0	30
05/29/20	10:00 a	81.5	83.0	81.4	100	81.5	0.0	S	0.00	3.0	S	81.5	94.1	94.1	101.4	29.895	0.00	0.00	335	14.41	469	3.7	0.79	4.3	0.000	0.344	84.0	90	80.7	98.0	20.13	 .0704	0.010	696	1	100.0	30
05/29/20	10:30 a	81.6	82.8	81.5	100	81.6	0.0	S	0.00	2.0	S	81.6	94.4	94.4	102.4	29.890	0.00	0.00	371	15.96	422	4.6	0.99	5.3	0.000	0.346	84.6	89	81.0	99.3	19.49	 .0702	0.000	699	1	100.0	30
05/29/20	11:00 a	83.6	84.1	81.5	100	83.6	0.0	S	0.00	3.0	S	83.6	101.5	101.5	113.0	29.890	0.00	0.00	582	25.03	737	6.8	1.46	7.8	0.000	0.387	85.0	87	80.7	99.4	18.45	 .0702	0.012	699	1	100.0	30
05/29/20	11:30 a	84.1	84.4	83.0	100	84.1	1.0	SSW	0.50	4.0	SSW	84.1	103.5	103.5	116.1	29.885	0.00	0.00	669	28.77	867	7.9	1.69	9.4	0.000	0.398	85.3	85	80.3	99.2	17.63	 .0702	0.000	698	1	100.0	30
05/29/20	12:00 p	85.9	85.9	84.1	100	85.9	1.0	SW	0.50	9.0	SW	85.9	112.6	112.6	124.1	29.880	0.00	0.00	1077	46.32	1139	10.7	2.29	11.7	0.000	0.435	86.1	84	80.7	101.1	17.21	 .0701	0.022	700	1	100.0	30
05/29/20	12:30 p	84.9	85.9	84.6	100	84.9	2.0	SW	1.00	6.0	SSW	84.9	107.2	107.2	120.2	29.867	0.00	0.00	913	39.26	1097	9.6	2.06	11.0	0.000	0.415	86.4	84	81.0	102.3	17.19	 .0700	0.000	700	1	100.0	30
05/29/20	1:00 p	85.1	85.8	84.9	100	85.1	2.0	SW	1.00	7.0	SSW	85.1	108.2	108.2	120.1	29.858	0.00	0.00	970	41.72	1157	9.1	1.95	10.1	0.000	0.419	86.8	82	80.6	102.7	16.48	 .0699	0.024	701	1	100.0	30
05/29/20	1:30 p	85.2	85.4	84.5	100	85.2	2.0	S	1.00	7.0	SSW	85.2	108.7	108.7	120.9	29.846	0.00	0.00	873	37.54	1130	7.5	1.61	9.3	0.000	0.421	86.9	81	80.4	102.4	16.07	 .0699	0.000	702	1	100.0	30
05/29/20	2:00 p	83.1	85.9	83.1	100	83.1	2.0	SSE	1.00	7.0	E	83.1	99.6	99.6	112.2	29.838	0.00	0.00	683	29.37	1002	5.9	1.26	7.7	0.000	0.377	86.3	82	80.2	100.9	16.50	 .0700	0.019	697	1	100.0	30
05/29/20	2:30 p	84.5	85.1	83.1	100	84.5	2.0	SSW	1.00	7.0	SSE	84.5	105.3	105.3	117.6	29.834	0.00	0.00	735	31.61	912	4.9	1.05	6.2	0.000	0.406	86.0	83	80.2	100.2	16.81	 .0700	0.000	701	1	100.0	30
05/29/20	3:00 p	84.4	84.8	83.8	100	84.4	2.0	SW	1.00	7.0	W	84.4	104.9	104.9	117.4	29.835	0.00	0.00	576	24.77	993	3.5	0.75	4.9	0.000	0.404	85.3	82	79.2	98.0	16.54	 .0702	0.016	699	1	100.0	30
05/29/20	3:30 p	82.6	85.0	82.4	100	82.6	1.0	SSW	0.50	7.0	SW	82.6	97.8	97.8	105.9	29.837	0.00	0.00	283	12.17	682	1.9	0.41	3.4	0.000	0.367	85.0	84	79.6	98.0	17.25	 .0702	0.000	697	1	100.0	30
05/29/20	4:00 p	81.5	82.6	81.5	100	81.5	1.0	SSW	0.50	6.0	W	81.5	94.1	94.1	97.4	29.839	0.00	0.00	103	4.43	237	0.7	0.15	1.3	0.000	0.344	84.1	84	78.7	96.0	17.29	 .0704	0.006	701	1	100.0	30
05/29/20	4:30 p	80.5	81.5	80.4	100	80.5	0.0	SE	0.00	3.0	SW	80.5	91.1	91.1	92.4	29.837	0.00	0.00	43	1.85	56	0.0	0.00	0.0	0.000	0.323	83.5	85	78.5	94.6	17.74	 .0705	0.000	702	1	100.0	30
05/29/20	5:00 p	80.5	80.5	80.2	100	80.5	0.0	SE	0.00	2.0	SE	80.5	91.1	91.1	92.5	29.847	0.00	0.00	40	1.72	53	0.0	0.00	0.0	0.000	0.323	83.3	86	78.7	94.4	18.15	 .0705	0.001	702	1	100.0	30
05/29/20	5:30 p	80.1	80.5	79.9	100	80.1	0.0	S	0.00	3.0	WSW	80.1	89.9	89.9	89.5	29.855	0.00	0.00	23	0.99	37	0.0	0.00	0.0	0.000	0.315	82.9	85	77.9	92.8	17.78	 .0706	0.000	698	1	100.0	30
05/29/20	6:00 p	79.2	80.1	79.2	100	79.2	0.0	ESE	0.00	1.0	ESE	79.2	87.4	87.4	86.5	29.873	0.00	0.00	2	0.09	9	0.0	0.00	0.0	0.000	0.296	82.5	87	78.2	92.4	18.60	 .0707	0.000	700	1	100.0	30
05/29/20	6:30 p	78.5	79.4	78.4	100	78.5	0.0	ESE	0.00	1.0	ESE	78.5	85.6	85.6	84.6	29.878	0.00	0.00	0	0.00	0	0.0	0.00	0.0	0.000	0.281	81.8	88	77.9	90.9	19.17	 .0708	0.000	698	1	100.0	30
05/29/20	7:00 p	77.9	78.6	77.8	100	77.9	0.0	ESE	0.00	1.0	ESE	77.9	84.2	84.2	83.1	29.894	0.00	0.00	0	0.00	0	0.0	0.00	0.0	0.000	0.269	81.0	89	77.4	88.9	19.85	 .0710	0.000	701	1	100.0	30
05/29/20	7:30 p	78.0	78.0	77.8	100	78.0	0.0	ESE	0.00	1.0	ESE	78.0	84.4	84.4	83.4	29.903	0.00	0.00	0	0.00	0	0.0	0.00	0.0	0.000	0.271	80.8	91	77.9	89.0	20.99	 .0710	0.000	698	1	100.0	30
05/29/20	8:00 p	77.9	78.0	77.8	100	77.9	0.0	ESE	0.00	4.0	NNE	77.9	84.2	84.2	83.1	29.906	0.00	0.00	0	0.00	0	0.0	0.00	0.0	0.000	0.269	80.7	91	77.8	88.8	20.99	 .0710	0.000	701	1	100.0	30
05/29/20	8:30 p	77.7	77.9	77.7	100	77.7	0.0	NNE	0.00	2.0	NNE	77.7	83.7	83.7	82.6	29.905	0.00	0.00	0	0.00	0	0.0	0.00	0.0	0.000	0.265	80.7	91	77.8	88.8	20.99	 .0710	0.000	699	1	100.0	30
05/29/20	9:00 p	77.6	77.8	77.5	100	77.6	0.0	N	0.00	3.0	NNW	77.6	83.5	83.5	82.4	29.900	0.00	0.00	0	0.00	0	0.0	0.00	0.0	0.000	0.262	80.2	92	77.7	87.8	21.15	 .0711	0.000	699	1	100.0	30
05/29/20	9:30 p	77.6	77.6	77.5	100	77.6	0.0	NW	0.00	3.0	NW	77.6	83.5	83.5	82.4	29.900	0.00	0.00	0	0.00	0	0.0	0.00	0.0	0.000	0.262	80.0	92	77.5	87.3	21.15	 .0712	0.000	700	1	100.0	30
05/29/20	10:00 p	77.4	77.6	77.3	100	77.4	0.0	WNW	0.00	2.0	WNW	77.4	83.1	83.1	82.0	29.898	0.00	0.00	0	0.00	0	0.0	0.00	0.0	0.000	0.258	79.7	92	77.2	86.7	21.14	 .0712	0.000	698	1	100.0	30
05/29/20	10:30 p	77.2	77.4	77.1	100	77.2	0.0	---	0.00	0.0	---	77.2	82.6	82.6	81.5	29.890	0.00	0.00	0	0.00	0	0.0	0.00	0.0	0.000	0.254	79.4	93	77.2	86.2	21.24	 .0712	0.000	697	1	100.0	30
05/29/20	11:00 p	76.9	77.2	76.8	100	76.9	0.0	---	0.00	0.0	---	76.9	82.0	82.0	80.9	29.893	0.00	0.00	0	0.00	0	0.0	0.00	0.0	0.000	0.248	79.2	93	77.0	85.8	21.23	 .0713	0.000	700	1	100.0	30
05/29/20	11:30 p	76.6	76.9	76.6	100	76.6	0.0	---	0.00	0.0	---	76.6	81.4	81.4	80.3	29.884	0.00	0.00	0	0.00	0	0.0	0.00	0.0	0.000	0.242	79.0	93	76.8	85.4	21.23	 .0713	0.000	699	1	100.0	30
05/30/20	12:00 a	76.4	76.7	76.3	100	76.4	0.0	WNW	0.00	1.0	WNW	76.4	81.1	81.1	80.0	29.878	0.00	0.00	0	0.00	0	0.0	0.00	0.0	0.000	0.238	78.8	94	76.9	85.1	21.35	 .0713	0.000	701	1	100.0	30
05/30/20	12:30 a	76.2	76.6	76.2	100	76.2	0.0	WNW	0.00	1.0	WNW	76.2	80.7	80.7	79.6	29.866	0.00	0.00	0	0.00	0	0.0	0.00	0.0	0.000	0.233	78.7	94	76.8	84.9	21.35	 .0713	0.000	699	1	100.0	30
05/30/20	1:00 a	76.2	76.3	76.0	100	76.2	0.0	WNW	0.00	1.0	WNW	76.2	80.7	80.7	79.6	29.854	0.00	0.00	0	0.00	0	0.0	0.00	0.0	0.000	0.233	78.5	94	76.6	84.4	21.35	 .0713	0.000	701	1	100.0	30
05/30/20	1:30 a	76.1	76.2	76.0	100	76.1	0.0	---	0.00	0.0	---	76.1	80.5	80.5	79.4	29.848	0.00	0.00	0	0.00	0	0.0	0.00	0.0	0.000	0.231	78.4	94	76.5	84.2	21.35	 .0713	0.000	699	1	100.0	30
05/30/20	2:00 a	75.8	76.2	75.8	100	75.8	0.0	---	0.00	0.0	---	75.8	80.0	80.0	78.8	29.835	0.00	0.00	0	0.00	0	0.0	0.00	0.0	0.000	0.225	78.1	94	76.2	83.5	21.35	 .0713	0.000	701	1	100.0	30
05/30/20	2:30 a	75.5	75.8	75.5	100	75.5	0.0	---	0.00	0.0	---	75.5	79.6	79.6	78.4	29.849	0.00	0.00	0	0.00	0	0.0	0.00	0.0	0.000	0.219	77.7	94	75.8	82.7	21.35	 .0715	0.000	701	1	100.0	30
05/30/20	3:00 a	75.5	75.6	75.4	100	75.5	0.0	---	0.00	0.0	---	75.5	79.6	79.6	78.4	29.841	0.00	0.00	0	0.00	0	0.0	0.00	0.0	0.000	0.219	77.6	94	75.7	82.5	21.35	 .0715	0.000	697	1	100.0	30
05/30/20	3:30 a	75.9	75.9	75.3	100	75.9	0.0	WNW	0.00	3.0	NE	75.9	80.2	80.2	79.0	29.841	0.00	0.00	0	0.00	0	0.0	0.00	0.0	0.000	0.227	77.7	95	76.2	82.8	21.65	 .0714	0.000	702	1	100.0	30
05/30/20	4:00 a	76.0	76.1	75.8	100	76.0	0.0	NE	0.00	2.0	NNW	76.0	80.3	80.3	79.2	29.834	0.00	0.00	0	0.00	0	0.0	0.00	0.0	0.000	0.229	77.8	95	76.3	83.0	21.65	 .0714	0.000	703	1	100.0	30
05/30/20	4:30 a	76.0	76.2	76.0	100	76.0	0.0	WNW	0.00	2.0	WNW	76.0	80.3	80.3	79.2	29.839	0.00	0.00	0	0.00	0	0.0	0.00	0.0	0.000	0.229	77.8	95	76.3	83.0	21.65	 .0714	0.000	698	1	100.0	30
05/30/20	5:00 a	76.0	76.1	75.9	100	76.0	0.0	WNW	0.00	1.0	WNW	76.0	80.3	80.3	79.2	29.859	0.00	0.00	0	0.00	0	0.0	0.00	0.0	0.000	0.229	77.8	95	76.3	83.0	21.65	 .0714	0.000	702	1	100.0	30
05/30/20	5:30 a	75.8	76.0	75.8	100	75.8	0.0	---	0.00	0.0	---	75.8	80.0	80.0	78.8	29.873	0.00	0.00	0	0.00	5	0.0	0.00	0.0	0.000	0.225	77.7	95	76.2	82.8	21.65	 .0715	0.000	699	1	100.0	30
05/30/20	6:00 a	75.9	75.9	75.7	100	75.9	0.0	---	0.00	0.0	---	75.9	80.2	80.2	79.3	29.883	0.00	0.00	12	0.52	23	0.0	0.00	0.0	0.000	0.227	77.7	95	76.2	82.8	21.65	 .0715	0.000	700	1	100.0	30
05/30/20	6:30 a	76.9	76.9	75.8	100	76.9	0.0	---	0.00	0.0	---	76.9	82.0	82.0	84.2	29.890	0.00	0.00	63	2.71	90	0.0	0.00	0.0	0.000	0.248	78.4	96	77.2	84.6	21.75	 .0714	0.000	699	1	100.0	30
05/30/20	7:00 a	77.9	77.9	76.9	100	77.9	0.0	---	0.00	0.0	---	77.9	84.2	84.2	88.1	29.894	0.00	0.00	114	4.90	162	0.5	0.11	0.8	0.000	0.269	79.6	95	78.0	87.2	21.65	 .0711	0.002	700	1	100.0	30
05/30/20	7:30 a	78.9	79.0	77.7	100	78.9	0.0	WNW	0.00	2.0	WNW	78.9	86.6	86.6	92.3	29.904	0.00	0.00	184	7.91	309	0.9	0.19	1.4	0.000	0.290	80.3	95	78.7	88.9	21.65	 .0710	0.000	702	1	100.0	30
05/30/20	8:00 a	80.0	80.4	78.8	100	80.0	0.0	WNW	0.00	3.0	NNW	80.0	89.6	89.6	97.2	29.905	0.00	0.00	278	11.96	355	1.6	0.34	2.5	0.000	0.313	81.6	93	79.4	91.9	21.28	 .0708	0.006	698	1	100.0	30
05/30/20	8:30 a	81.1	82.2	80.0	100	81.1	0.0	NNW	0.00	2.0	NNW	81.1	92.8	92.8	101.5	29.912	0.00	0.00	358	15.40	485	2.5	0.54	3.2	0.000	0.335	82.8	91	79.9	94.7	20.83	 .0706	0.000	698	1	100.0	30
05/30/20	9:00 a	81.7	82.4	81.1	100	81.7	1.0	SW	0.50	4.0	S	81.7	94.7	94.7	104.3	29.911	0.00	0.00	434	18.66	708	3.7	0.79	4.6	0.000	0.348	83.5	91	80.6	96.9	20.77	 .0705	0.010	701	1	100.0	30
05/30/20	9:30 a	82.5	83.4	81.7	100	82.5	1.0	S	0.50	6.0	W	82.5	97.4	97.4	108.5	29.897	0.00	0.00	553	23.78	840	4.3	0.92	5.0	0.000	0.365	84.6	88	80.6	98.8	18.89	 .0703	0.000	701	1	100.0	30
05/30/20	10:00 a	81.5	82.5	81.4	100	81.5	1.0	S	0.50	6.0	W	81.5	94.1	94.1	99.5	29.901	0.00	0.00	245	10.54	290	3.2	0.69	3.7	0.000	0.344	84.4	88	80.5	98.3	18.91	 .0703	0.010	700	1	100.0	30
05/30/20	10:30 a	80.9	81.5	80.9	100	80.9	0.0	SW	0.00	3.0	SSW	80.9	92.2	92.2	96.9	29.900	0.01	0.00	221	9.50	330	2.9	0.62	3.7	0.000	0.331	83.7	90	80.5	97.0	20.15	 .0704	0.000	700	1	100.0	30
05/30/20	11:00 a	81.2	81.2	80.1	100	81.2	1.0	N	0.50	4.0	N	81.2	93.1	93.1	99.7	29.892	0.02	0.08	297	12.77	353	4.5	0.96	5.1	0.000	0.337	83.8	90	80.6	97.4	20.15	 .0704	0.006	699	1	100.0	30
05/30/20	11:30 a	82.5	82.9	81.2	100	82.5	0.0	W	0.00	2.0	NNW	82.5	97.4	97.4	107.0	29.884	0.00	0.00	449	19.31	503	5.8	1.24	6.0	0.000	0.365	84.3	89	80.7	98.5	19.52	 .0703	0.000	701	1	100.0	30
05/30/20	12:00 p	82.1	84.1	82.1	100	82.1	1.0	SSW	0.50	3.0	SSW	82.1	96.0	96.0	104.6	29.883	0.05	1.66	392	16.86	591	5.0	1.07	6.8	0.000	0.356	85.1	89	81.5	100.7	19.44	 .0701	0.011	700	1	100.0	30
05/30/20	12:30 p	81.0	82.0	81.0	100	81.0	0.0	N	0.00	2.0	N	81.0	92.5	92.5	97.9	29.866	0.02	0.95	242	10.41	285	3.4	0.73	3.6	0.000	0.333	84.6	90	81.3	99.7	20.08	 .0702	0.000	698	1	100.0	30
05/30/20	1:00 p	82.3	82.5	81.1	100	82.3	1.0	E	0.50	8.0	SE	82.3	96.8	96.8	106.8	29.852	0.00	0.00	488	20.99	649	5.2	1.11	6.4	0.000	0.360	84.8	89	81.2	99.8	19.47	 .0701	0.009	698	1	100.0	30
05/30/20	1:30 p	82.9	83.3	82.3	100	82.9	2.0	SE	1.00	9.0	NNW	82.9	98.9	98.9	110.4	29.847	0.00	0.00	592	25.46	696	5.9	1.26	6.5	0.000	0.373	85.2	89	81.6	101.1	19.43	 .0700	0.000	703	1	100.0	30
05/30/20	2:00 p	81.9	83.1	81.9	100	81.9	2.0	SSE	1.00	10.0	SE	81.9	95.4	95.4	103.5	29.843	0.00	0.00	365	15.70	561	3.8	0.81	5.5	0.000	0.352	85.0	88	81.0	99.9	18.85	 .0701	0.012	702	1	100.0	30
05/30/20	2:30 p	80.6	81.9	80.2	100	80.6	3.0	ESE	1.50	9.0	S	80.6	91.3	91.3	98.9	29.835	0.00	0.00	327	14.06	452	3.0	0.64	3.7	0.000	0.325	84.3	88	80.4	98.0	18.92	 .0702	0.000	698	1	100.0	30
05/30/20	3:00 p	79.7	81.3	79.7	100	79.7	2.0	SE	1.00	9.0	SE	79.7	88.8	88.8	96.2	29.835	0.00	0.00	293	12.60	434	2.2	0.47	3.1	0.000	0.306	84.0	87	79.7	96.9	18.51	 .0703	0.008	698	1	100.0	30
05/30/20	3:30 p	78.7	79.8	78.6	100	78.7	1.0	NE	0.50	6.0	SSE	78.7	86.1	86.1	89.1	29.838	0.18	3.11	112	4.82	200	0.8	0.17	1.4	0.000	0.285	82.7	88	78.8	93.3	19.08	 .0705	0.000	702	1	100.0	30
05/30/20	4:00 p	78.2	78.7	77.8	100	78.2	0.0	SW	0.00	4.0	SW	78.2	84.9	84.9	86.0	29.841	0.00	0.00	48	2.06	67	0.0	0.00	0.0	0.000	0.275	81.6	90	78.4	90.9	20.32	 .0707	0.002	703	1	100.0	30
05/30/20	4:30 p	77.9	78.2	77.8	100	77.9	0.0	SE	0.00	3.0	SE	77.9	84.2	84.2	85.3	29.851	0.00	0.00	42	1.81	67	0.0	0.00	0.0	0.000	0.269	81.2	91	78.3	90.1	20.95	 .0708	0.000	701	1	100.0	30
05/30/20	5:00 p	78.1	78.1	77.7	100	78.1	1.0	SSE	0.50	7.0	SSE	78.1	84.6	84.6	85.1	29.865	0.00	0.00	23	0.99	28	0.0	0.00	0.0	0.000	0.273	80.9	92	78.4	89.6	21.17	 .0709	0.001	702	1	100.0	30
05/30/20	5:30 p	77.8	78.1	77.7	100	77.8	1.0	ENE	0.50	4.0	SSE	77.8	84.0	84.0	83.2	29.865	0.02	0.05	11	0.47	23	0.0	0.00	0.0	0.000	0.267	80.4	92	77.9	88.3	21.16	 .0710	0.000	700	1	100.0	30
05/30/20	6:00 p	77.9	77.9	77.6	100	77.9	1.0	S	0.50	4.0	W	77.9	84.2	84.2	83.2	29.877	0.01	0.04	0	0.00	0	0.0	0.00	0.0	0.000	0.269	80.1	93	77.9	87.8	21.25	 .0711	0.000	702	1	100.0	30
05/30/20	6:30 p	77.7	78.0	77.7	100	77.7	0.0	ESE	0.00	3.0	ESE	77.7	83.7	83.7	82.7	29.878	0.00	0.00	0	0.00	0	0.0	0.00	0.0	0.000	0.265	80.0	93	77.8	87.6	21.25	 .0711	0.000	697	1	100.0	30
05/30/20	7:00 p	77.7	77.9	77.6	100	77.7	0.0	ESE	0.00	6.0	ESE	77.7	83.7	83.7	82.7	29.892	0.03	0.12	0	0.00	0	0.0	0.00	0.0	0.000	0.265	79.9	94	78.0	87.6	21.35	 .0711	0.000	702	1	100.0	30
05/30/20	7:30 p	77.6	77.8	77.4	100	77.6	0.0	ESE	0.00	1.0	ESE	77.6	83.5	83.5	82.5	29.905	0.01	0.12	0	0.00	0	0.0	0.00	0.0	0.000	0.262	79.8	94	77.9	87.4	21.35	 .0712	0.000	700	1	100.0	30
05/30/20	8:00 p	77.3	77.6	77.3	100	77.3	0.0	ESE	0.00	2.0	ESE	77.3	82.9	82.9	81.9	29.918	0.01	0.00	0	0.00	0	0.0	0.00	0.0	0.000	0.256	79.7	94	77.8	87.2	21.35	 .0712	0.000	698	1	100.0	30
05/30/20	8:30 p	77.4	77.5	77.3	100	77.4	0.0	ESE	0.00	1.0	ESE	77.4	83.1	83.1	82.1	29.929	0.00	0.00	0	0.00	0	0.0	0.00	0.0	0.000	0.258	79.6	94	77.7	86.9	21.35	 .0713	0.000	701	1	100.0	30
05/30/20	9:00 p	77.4	77.5	77.3	100	77.4	0.0	---	0.00	0.0	---	77.4	83.1	83.1	82.1	29.934	0.04	0.20	0	0.00	0	0.0	0.00	0.0	0.000	0.258	79.5	95	77.9	86.9	21.65	 .0713	0.000	698	1	100.0	30
05/30/20	9:30 p	77.5	77.6	77.3	100	77.5	0.0	ESE	0.00	2.0	ESE	77.5	83.3	83.3	82.3	29.937	0.05	0.22	0	0.00	0	0.0	0.00	0.0	0.000	0.260	79.4	95	77.8	86.7	21.65	 .0713	0.000	701	1	100.0	30
05/30/20	10:00 p	76.8	77.4	76.7	100	76.8	1.0	NE	0.50	4.0	NE	76.8	81.8	81.8	80.7	29.938	0.16	1.10	0	0.00	0	0.0	0.00	0.0	0.000	0.246	79.3	94	77.4	86.3	21.35	 .0713	0.000	699	1	100.0	30
05/30/20	10:30 p	76.6	76.9	76.4	100	76.6	1.0	NW	0.50	4.0	NW	76.6	81.4	81.4	80.3	29.937	0.12	0.91	0	0.00	0	0.0	0.00	0.0	0.000	0.242	79.0	94	77.1	85.6	21.35	 .0714	0.000	702	1	100.0	30
05/30/20	11:00 p	76.3	76.6	76.1	100	76.3	0.0	NNE	0.00	2.0	NNE	76.3	80.9	80.9	79.8	29.942	0.43	1.75	0	0.00	0	0.0	0.00	0.0	0.000	0.235	78.7	94	76.8	84.9	21.35	 .0715	0.000	699	1	100.0	30
05/30/20	11:30 p	75.7	76.3	75.7	100	75.7	0.0	NE	0.00	2.0	N	75.7	79.8	79.8	78.7	29.930	0.56	2.36	0	0.00	0	0.0	0.00	0.0	0.000	0.223	78.4	95	76.8	84.4	21.65	 .0715	0.000	703	1	100.0	30
05/31/20	12:00 a	75.5	75.7	75.4	100	75.5	0.0	NE	0.00	2.0	NE	75.5	79.6	79.6	78.5	29.914	0.09	0.21	0	0.00	0	0.0	0.00	0.0	0.000	0.219	78.2	94	76.3	83.7	21.35	 .0715	0.000	702	1	100.0	30
05/31/20	12:30 a	75.3	75.5	75.2	100	75.3	0.0	NE	0.00	1.0	NE	75.3	79.3	79.3	78.2	29.900	0.08	0.19	0	0.00	0	0.0	0.00	0.0	0.000	0.215	78.0	94	76.1	83.3	21.35	 .0715	0.000	701	1	100.0	30
05/31/20	1:00 a	75.2	75.3	75.1	100	75.2	0.0	NE	0.00	1.0	NE	75.2	79.1	79.1	78.0	29.887	0.07	0.18	0	0.00	0	0.0	0.00	0.0	0.000	0.212	77.7	95	76.2	82.8	21.65	 .0715	0.000	696	1	100.0	30
05/31/20	1:30 a	74.9	75.2	74.9	100	74.9	0.0	NE	0.00	2.0	NE	74.9	78.7	78.7	77.5	29.873	0.03	0.14	0	0.00	0	0.0	0.00	0.0	0.000	0.206	77.5	95	76.0	82.4	21.65	 .0715	0.000	702	1	100.0	30
05/31/20	2:00 a	74.6	75.0	74.6	100	74.6	0.0	NE	0.00	1.0	NE	74.6	78.3	78.3	77.1	29.866	0.01	0.05	0	0.00	0	0.0	0.00	0.0	0.000	0.200	77.3	95	75.8	82.1	21.65	 .0716	0.000	701	1	100.0	30
05/31/20	2:30 a	74.2	74.7	74.2	100	74.2	0.0	NNE	0.00	4.0	NNE	74.2	77.8	77.8	76.6	29.863	0.01	0.04	0	0.00	0	0.0	0.00	0.0	0.000	0.192	77.1	95	75.6	81.7	21.65	 .0716	0.000	700	1	100.0	30
05/31/20	3:00 a	74.2	74.3	74.2	100	74.2	0.0	---	0.00	0.0	---	74.2	77.8	77.8	76.6	29.862	0.00	0.00	0	0.00	0	0.0	0.00	0.0	0.000	0.192	76.9	95	75.4	81.4	21.65	 .0716	0.000	700	1	100.0	30
05/31/20	3:30 a	73.9	74.2	73.9	100	73.9	0.0	---	0.00	0.0	---	73.9	77.5	77.5	76.3	29.863	0.00	0.00	0	0.00	0	0.0	0.00	0.0	0.000	0.185	76.7	95	75.2	81.0	21.65	 .0717	0.000	699	1	100.0	30
05/31/20	4:00 a	73.9	74.1	73.9	100	73.9	0.0	---	0.00	0.0	---	73.9	77.5	77.5	76.3	29.867	0.01	0.00	0	0.00	0	0.0	0.00	0.0	0.000	0.185	76.5	95	75.0	80.8	21.65	 .0717	0.000	700	1	100.0	30
05/31/20	4:30 a	73.9	74.0	73.9	100	73.9	0.0	---	0.00	0.0	---	73.9	77.5	77.5	76.3	29.871	0.00	0.00	0	0.00	0	0.0	0.00	0.0	0.000	0.185	76.4	95	74.9	80.6	21.65	 .0718	0.000	702	1	100.0	30
05/31/20	5:00 a	73.9	74.0	73.9	100	73.9	0.0	---	0.00	0.0	---	73.9	77.5	77.5	76.3	29.871	0.00	0.00	0	0.00	0	0.0	0.00	0.0	0.000	0.185	76.3	95	74.8	80.5	21.65	 .0718	0.000	703	1	100.0	30
05/31/20	5:30 a	74.1	74.1	73.8	100	74.1	0.0	NNE	0.00	1.0	NNE	74.1	77.7	77.7	76.7	29.871	0.00	0.00	9	0.39	33	0.0	0.00	0.0	0.000	0.190	76.3	95	74.8	80.5	21.65	 .0718	0.000	700	1	100.0	30
05/31/20	6:00 a	75.0	75.0	74.1	100	75.0	0.0	---	0.00	0.0	---	75.0	78.8	78.8	79.1	29.879	0.00	0.00	62	2.67	88	0.0	0.00	0.0	0.000	0.208	76.8	96	75.6	81.3	21.75	 .0717	0.001	700	1	100.0	30
05/31/20	6:30 a	76.1	76.2	75.0	100	76.1	0.0	---	0.00	0.0	---	76.1	80.5	80.5	85.2	29.883	0.00	0.00	126	5.42	160	0.0	0.00	0.5	0.000	0.231	77.8	96	76.6	83.2	21.75	 .0715	0.000	700	1	100.0	30
05/31/20	7:00 a	77.3	77.4	76.0	100	77.3	0.0	NNE	0.00	1.0	NNE	77.3	82.9	82.9	89.7	29.892	0.00	0.00	194	8.34	225	0.7	0.15	1.0	0.000	0.256	79.0	95	77.4	85.8	21.65	 .0713	0.004	700	1	100.0	30
05/31/20	7:30 a	78.0	78.0	76.8	100	78.0	0.0	NNE	0.00	1.0	NNE	78.0	84.4	84.4	92.6	29.901	0.00	0.00	271	11.65	387	1.3	0.28	1.8	0.000	0.271	80.2	95	78.6	88.6	21.65	 .0710	0.000	699	1	100.0	30
05/31/20	8:00 a	79.2	79.4	78.0	100	79.2	0.0	NNE	0.00	1.0	NNE	79.2	87.4	87.4	95.5	29.915	0.00	0.00	302	12.99	404	1.9	0.41	2.3	0.000	0.296	81.2	94	79.3	91.0	21.37	 .0709	0.007	702	1	100.0	30
05/31/20	8:30 a	79.9	80.1	78.8	100	79.9	0.0	NNE	0.00	1.0	NNE	79.9	89.3	89.3	97.0	29.923	0.00	0.00	315	13.55	464	2.7	0.58	3.2	0.000	0.310	81.6	94	79.7	92.3	21.38	 .0708	0.000	702	1	100.0	30
05/31/20	9:00 a	80.9	80.9	79.6	100	80.9	0.0	SSE	0.00	3.0	SW	80.9	92.2	92.2	99.8	29.936	0.00	0.00	334	14.36	594	3.5	0.75	4.4	0.000	0.331	82.4	92	79.8	94.0	21.20	 .0707	0.008	701	1	100.0	30
05/31/20	9:30 a	81.0	81.2	80.1	100	81.0	1.0	SE	0.50	4.0	SW	81.0	92.5	92.5	100.8	29.939	0.00	0.00	385	16.56	413	4.3	0.92	4.5	0.000	0.333	83.4	92	80.8	97.1	21.22	 .0705	0.000	700	1	100.0	30
05/31/20	10:00 a	81.7	82.5	80.9	100	81.7	2.0	SSW	1.00	6.0	W	81.7	94.7	94.7	105.3	29.941	0.00	0.00	531	22.84	747	5.1	1.09	5.5	0.000	0.348	84.0	90	80.7	98.0	20.13	 .0705	0.011	699	1	100.0	30
05/31/20	10:30 a	81.5	82.6	81.5	100	81.5	1.0	S	0.50	5.0	SSW	81.5	94.1	94.1	102.1	29.935	0.00	0.00	373	16.04	624	4.5	0.96	5.7	0.000	0.344	84.2	89	80.6	98.2	19.53	 .0704	0.000	700	1	100.0	30
05/31/20	11:00 a	81.0	81.6	80.9	100	81.0	1.0	SE	0.50	5.0	WSW	81.0	92.5	92.5	97.9	29.940	0.00	0.00	240	10.32	264	3.9	0.84	4.3	0.000	0.333	83.8	90	80.6	97.4	20.15	 .0705	0.008	698	1	100.0	30
05/31/20	11:30 a	79.6	81.4	79.6	100	79.6	1.0	ESE	0.50	4.0	SSW	79.6	88.5	88.5	93.2	29.939	0.03	0.27	217	9.33	253	3.2	0.69	3.8	0.000	0.304	82.9	90	79.7	94.5	20.22	 .0707	0.000	700	1	100.0	30
05/31/20	12:00 p	80.8	81.0	79.4	100	80.8	1.0	SSW	0.50	4.0	SSW	80.8	91.9	91.9	99.1	29.927	0.00	0.00	324	13.93	867	4.9	1.05	9.0	0.000	0.329	83.0	91	80.1	95.3	20.81	 .0706	0.008	699	1	100.0	30
05/31/20	12:30 p	81.5	82.2	80.5	100	81.5	1.0	SSE	0.50	6.0	S	81.5	94.1	94.1	104.4	29.906	0.00	0.00	504	21.67	737	6.2	1.33	8.3	0.000	0.344	83.7	91	80.8	97.5	20.75	 .0704	0.000	700	1	100.0	30
05/31/20	1:00 p	81.4	83.8	80.9	100	81.4	1.0	SE	0.50	6.0	S	81.4	93.8	93.8	104.1	29.902	0.00	0.00	509	21.89	1450	6.2	1.33	12.5	0.000	0.342	84.3	90	81.0	98.9	20.11	 .0703	0.013	702	1	100.0	30
05/31/20	1:30 p	79.9	81.4	79.9	100	79.9	0.0	SE	0.00	2.0	SE	79.9	89.3	89.3	93.1	29.879	0.00	0.00	183	7.87	216	2.4	0.51	2.9	0.000	0.310	83.2	90	80.0	95.4	20.19	 .0705	0.000	698	1	100.0	30
05/31/20	2:00 p	79.8	80.2	79.7	100	79.8	0.0	SE	0.00	1.0	SE	79.8	89.0	89.0	92.1	29.866	0.00	0.00	149	6.41	202	1.7	0.36	2.3	0.000	0.308	82.5	91	79.6	93.9	20.85	 .0706	0.004	699	1	100.0	30
05/31/20	2:30 p	79.9	80.0	79.1	100	79.9	0.0	SE	0.00	2.0	SE	79.9	89.3	89.3	91.8	29.854	0.01	0.00	118	5.07	181	1.2	0.26	1.8	0.000	0.310	82.2	92	79.6	93.4	21.19	 .0706	0.000	697	1	100.0	30
05/31/20	3:00 p	79.8	80.1	79.2	100	79.8	0.0	SE	0.00	3.0	SE	79.8	89.0	89.0	93.0	29.858	0.00	0.00	160	6.88	185	1.6	0.34	1.9	0.000	0.308	82.3	92	79.7	93.7	21.20	 .0706	0.003	700	1	100.0	30
05/31/20	3:30 p	80.3	80.5	79.6	100	80.3	0.0	E	0.00	2.0	E	80.3	90.5	90.5	97.3	29.849	0.00	0.00	237	10.19	374	1.7	0.36	2.1	0.000	0.319	82.6	92	80.0	94.6	21.20	 .0705	0.000	699	1	100.0	30
05/31/20	4:00 p	79.9	80.9	79.5	100	79.9	0.0	E	0.00	3.0	E	79.9	89.3	89.3	96.3	29.857	0.00	0.00	215	9.25	418	1.3	0.28	2.1	0.000	0.310	82.5	91	79.6	93.9	20.85	 .0706	0.006	701	1	100.0	30
05/31/20	4:30 p	79.4	80.0	79.2	100	79.4	0.0	E	0.00	2.0	E	79.4	87.9	87.9	91.0	29.860	0.00	0.00	86	3.70	118	0.1	0.02	0.6	0.000	0.300	81.8	92	79.2	92.2	21.19	 .0707	0.000	700	1	100.0	30
05/31/20	5:00 p	77.9	79.4	77.9	100	77.9	0.0	E	0.00	1.0	E	77.9	84.2	84.2	84.8	29.864	0.00	0.00	26	1.12	39	0.0	0.00	0.0	0.000	0.269	81.1	92	78.6	90.1	21.17	 .0708	0.001	696	1	100.0	30
05/31/20	5:30 p	77.4	77.9	77.4	100	77.4	0.0	E	0.00	1.0	E	77.4	83.1	83.1	82.3	29.873	0.00	0.00	10	0.43	18	0.0	0.00	0.0	0.000	0.258	80.5	93	78.3	88.8	21.26	 .0710	0.000	700	1	100.0	30
05/31/20	6:00 p	77.0	77.4	76.9	100	77.0	0.0	---	0.00	0.0	---	77.0	82.2	82.2	81.2	29.881	0.01	0.00	0	0.00	0	0.0	0.00	0.0	0.000	0.250	79.8	93	77.6	87.1	21.25	 .0711	0.000	699	1	100.0	30
05/31/20	6:30 p	76.8	77.1	76.8	100	76.8	0.0	---	0.00	0.0	---	76.8	81.8	81.8	80.7	29.892	0.06	0.20	0	0.00	0	0.0	0.00	0.0	0.000	0.246	79.6	94	77.7	86.9	21.35	 .0712	0.000	700	1	100.0	30
05/31/20	7:00 p	76.5	76.9	76.5	100	76.5	0.0	---	0.00	0.0	---	76.5	81.3	81.3	80.2	29.906	0.04	0.16	0	0.00	0	0.0	0.00	0.0	0.000	0.240	79.2	94	77.3	86.0	21.35	 .0713	0.000	701	1	100.0	30
05/31/20	7:30 p	76.3	76.5	76.3	100	76.3	0.0	---	0.00	0.0	---	76.3	80.9	80.9	79.8	29.920	0.02	0.05	0	0.00	0	0.0	0.00	0.0	0.000	0.235	78.9	94	77.0	85.4	21.35	 .0714	0.000	700	1	100.0	30
05/31/20	8:00 p	76.5	76.6	76.3	100	76.5	0.0	---	0.00	0.0	---	76.5	81.3	81.3	80.2	29.918	0.01	0.04	0	0.00	0	0.0	0.00	0.0	0.000	0.240	78.9	94	77.0	85.4	21.35	 .0714	0.000	701	1	100.0	30
05/31/20	8:30 p	76.4	76.6	76.3	100	76.4	0.0	---	0.00	0.0	---	76.4	81.1	81.1	80.0	29.921	0.02	0.04	0	0.00	0	0.0	0.00	0.0	0.000	0.238	78.7	95	77.1	85.1	21.65	 .0714	0.000	700	1	100.0	30
05/31/20	9:00 p	76.5	76.5	76.3	100	76.5	0.0	---	0.00	0.0	---	76.5	81.3	81.3	80.2	29.922	0.00	0.00	0	0.00	0	0.0	0.00	0.0	0.000	0.240	78.7	95	77.1	85.1	21.65	 .0714	0.000	701	1	100.0	30
05/31/20	9:30 p	76.4	76.5	76.3	100	76.4	0.0	---	0.00	0.0	---	76.4	81.1	81.1	80.0	29.917	0.00	0.00	0	0.00	0	0.0	0.00	0.0	0.000	0.238	78.5	95	76.9	84.6	21.65	 .0714	0.000	702	1	100.0	30
05/31/20	10:00 p	76.4	76.5	76.3	100	76.4	0.0	---	0.00	0.0	---	76.4	81.1	81.1	80.0	29.910	0.00	0.00	0	0.00	0	0.0	0.00	0.0	0.000	0.238	78.4	95	76.8	84.4	21.65	 .0714	0.000	701	1	100.0	30
05/31/20	10:30 p	76.3	76.4	76.2	100	76.3	0.0	---	0.00	0.0	---	76.3	80.9	80.9	79.8	29.906	0.00	0.00	0	0.00	0	0.0	0.00	0.0	0.000	0.235	78.3	95	76.7	84.1	21.65	 .0714	0.000	701	1	100.0	30
05/31/20	11:00 p	76.2	76.4	76.2	100	76.2	0.0	---	0.00	0.0	---	76.2	80.7	80.7	79.6	29.901	0.00	0.00	0	0.00	0	0.0	0.00	0.0	0.000	0.233	78.2	95	76.6	83.9	21.65	 .0715	0.000	702	1	100.0	30
05/31/20	11:30 p	75.9	76.2	75.8	100	75.9	0.0	---	0.00	0.0	---	75.9	80.2	80.2	79.1	29.893	0.00	0.00	0	0.00	0	0.0	0.00	0.0	0.000	0.227	78.0	95	76.5	83.4	21.65	 .0715	0.000	701	1	100.0	30
06/01/20	12:00 a	75.8	76.0	75.8	100	75.8	0.0	---	0.00	0.0	---	75.8	80.0	80.0	78.9	29.881	0.00	0.00	0	0.00	0	0.0	0.00	0.0	0.000	0.225	77.8	96	76.6	83.2	21.75	 .0715	0.000	698	1	100.0	30
