		Temp	Hi	Low	Out	Dew	Wind	Wind	Wind	Hi	Hi	Wind	Heat	THW	THSW			Rain	Solar	Solar	Hi Solar	UV 	UV 	Hi 	Heat	Cool	In 	In	In 	In 	In 	In Air		Wind	Wind	ISS 	Arc.
Date	Time	Out	Temp	Temp	Hum	Pt.	Speed	Dir	Run	Speed	Dir	Chill	Index	Index	Index	Bar  	Rain	Rate	Rad.	Energy	Rad. 	Index	Dose	UV 	D-D 	D-D 	Temp	Hum	Dew	Heat	EMC	Density	ET 	Samp	Tx 	Recept	Int.
10/01/20	12:30 a	76.0	76.0	75.8	100	76.0	0.0	---	0.00	0.0	---	76.0	80.3	80.3	79.2	29.831	0.00	0.00	0	0.00	0	0.0	0.00	0.0	0.000	0.229	-52.3	0	---	-52.4	-52.4	 .0971	0.000	699	1	100.0	30
10/01/20	1:00 a	75.7	76.0	75.7	100	75.7	0.0	---	0.00	0.0	---	75.7	79.8	79.8	78.6	29.831	0.00	0.00	0	0.00	0	0.0	0.00	0.0	0.000	0.223	-52.3	0	---	-52.4	-52.4	 .0971	0.000	698	1	100.0	30
10/01/20	1:30 a	75.6	75.7	75.5	100	75.6	0.0	---	0.00	0.0	---	75.6	79.7	79.7	78.5	29.831	0.00	0.00	0	0.00	0	0.0	0.00	0.0	0.000	0.221	-52.3	0	---	-52.4	-52.4	 .0971	0.000	702	1	100.0	30
10/01/20	2:00 a	75.5	75.7	75.4	100	75.5	0.0	NNW	0.00	1.0	NNW	75.5	79.6	79.6	78.4	29.831	0.00	0.00	0	0.00	0	0.0	0.00	0.0	0.000	0.219	-52.3	0	---	-52.4	-52.4	 .0971	0.000	702	1	100.0	30
10/01/20	2:30 a	75.7	75.8	75.3	100	75.7	0.0	NNW	0.00	1.0	NNW	75.7	79.8	79.8	78.6	29.831	0.00	0.00	0	0.00	0	0.0	0.00	0.0	0.000	0.223	-52.3	0	---	-52.4	-52.4	 .0971	0.000	697	1	100.0	30
10/01/20	3:00 a	75.7	75.7	75.5	100	75.7	0.0	---	0.00	0.0	---	75.7	79.8	79.8	78.6	29.831	0.00	0.00	0	0.00	0	0.0	0.00	0.0	0.000	0.223	-52.3	0	---	-52.4	-52.4	 .0971	0.000	700	1	100.0	30
10/01/20	3:30 a	76.0	76.0	75.7	100	76.0	0.0	NNW	0.00	1.0	NNW	76.0	80.3	80.3	79.2	29.831	0.00	0.00	0	0.00	0	0.0	0.00	0.0	0.000	0.229	-52.3	0	---	-52.4	-52.4	 .0971	0.000	699	1	100.0	30
10/01/20	4:00 a	75.7	76.1	75.7	100	75.7	0.0	NNW	0.00	1.0	NNW	75.7	79.8	79.8	78.6	29.831	0.00	0.00	0	0.00	0	0.0	0.00	0.0	0.000	0.223	-52.3	0	---	-52.4	-52.4	 .0971	0.000	700	1	100.0	30
10/01/20	4:30 a	75.7	75.8	75.5	100	75.7	0.0	---	0.00	0.0	---	75.7	79.8	79.8	78.6	29.831	0.00	0.00	0	0.00	0	0.0	0.00	0.0	0.000	0.223	-52.3	0	---	-52.4	-52.4	 .0971	0.000	697	1	100.0	30
10/01/20	5:00 a	75.4	75.8	75.4	100	75.4	0.0	---	0.00	0.0	---	75.4	79.4	79.4	78.2	29.831	0.00	0.00	0	0.00	0	0.0	0.00	0.0	0.000	0.217	-52.3	0	---	-52.4	-52.4	 .0971	0.000	702	1	100.0	30
10/01/20	5:30 a	75.5	75.5	75.2	100	75.5	0.0	NNW	0.00	1.0	NNW	75.5	79.6	79.6	78.5	29.831	0.00	0.00	3	0.13	14	0.0	0.00	0.0	0.000	0.219	-52.3	0	---	-52.4	-52.4	 .0971	0.000	701	1	100.0	30
10/01/20	6:00 a	76.4	76.5	75.5	100	76.4	0.0	NNW	0.00	1.0	NNW	76.4	81.1	81.1	81.3	29.831	0.00	0.00	54	2.32	76	0.0	0.00	0.0	0.000	0.238	-52.3	0	---	-52.4	-52.4	 .0971	0.001	700	1	100.0	30
10/01/20	6:30 a	76.7	76.7	76.3	100	76.7	0.0	NNW	0.00	1.0	NNW	76.7	81.6	81.6	84.0	29.831	0.00	0.00	66	2.84	100	0.0	0.00	0.0	0.000	0.244	-52.3	0	---	-52.4	-52.4	 .0971	0.000	700	1	100.0	30
10/01/20	7:00 a	77.6	77.8	76.7	100	77.6	0.0	NNW	0.00	1.0	NNW	77.6	83.5	83.5	86.9	29.831	0.00	0.00	100	4.30	130	0.4	0.09	0.7	0.000	0.262	-52.3	0	---	-52.4	-52.4	 .0971	0.002	700	1	100.0	30
10/01/20	7:30 a	77.7	78.1	77.5	100	77.7	0.0	NNW	0.00	2.0	NNW	77.7	83.7	83.7	85.3	29.831	0.00	0.00	65	2.80	100	0.6	0.13	1.2	0.000	0.265	-52.3	0	---	-52.4	-52.4	 .0971	0.000	698	1	100.0	30
10/01/20	8:00 a	78.1	78.2	77.2	100	78.1	1.0	SE	0.50	7.0	SE	78.1	84.6	84.6	86.3	29.831	0.00	0.00	76	3.27	267	1.0	0.21	2.0	0.000	0.273	-52.3	0	---	-52.4	-52.4	 .0971	0.002	697	1	100.0	30
10/01/20	8:30 a	78.3	78.3	77.8	100	78.3	1.0	SE	0.50	5.0	S	78.3	85.1	85.1	88.0	29.831	0.00	0.00	130	5.59	183	2.0	0.43	2.3	0.000	0.277	-52.3	0	---	-52.4	-52.4	 .0971	0.000	700	1	100.0	30
10/01/20	9:00 a	78.9	79.0	78.2	100	78.9	0.0	SW	0.00	2.0	SW	78.9	86.6	86.6	89.1	29.831	0.00	0.00	123	5.29	221	2.3	0.49	2.7	0.000	0.290	-52.3	0	---	-52.4	-52.4	 .0971	0.003	700	1	100.0	30
10/01/20	9:30 a	78.8	79.1	78.0	100	78.8	1.0	S	0.50	6.0	ESE	78.8	86.3	86.3	89.7	29.831	0.00	0.00	165	7.10	236	2.2	0.47	3.1	0.000	0.288	-52.3	0	---	-52.4	-52.4	 .0971	0.000	701	1	100.0	30
10/01/20	10:00 a	78.5	79.0	78.2	100	78.5	2.0	SE	1.00	8.0	SE	78.5	85.6	85.6	88.2	29.831	0.00	0.00	137	5.89	174	1.8	0.39	2.4	0.000	0.281	-52.3	0	---	-52.4	-52.4	 .0971	0.004	698	1	100.0	30
10/01/20	10:30 a	78.6	79.6	78.5	100	78.6	1.0	SE	0.50	5.0	SSE	78.6	85.8	85.8	90.3	29.831	0.00	0.00	215	9.25	338	2.5	0.54	3.7	0.000	0.283	-52.3	0	---	-52.4	-52.4	 .0971	0.000	703	1	100.0	30
10/01/20	11:00 a	79.8	80.2	78.5	100	79.8	2.0	E	1.00	6.0	E	79.8	89.0	89.0	97.1	29.831	0.00	0.00	373	16.04	508	4.0	0.86	7.0	0.000	0.308	-52.3	0	---	-52.4	-52.4	 .0971	0.008	700	1	100.0	30
10/01/20	11:30 a	79.1	80.2	78.9	100	79.1	1.0	SE	0.50	7.0	NE	79.1	87.1	87.1	94.0	29.831	0.00	0.00	309	13.29	343	3.5	0.75	3.8	0.000	0.294	-52.3	0	---	-52.4	-52.4	 .0971	0.000	700	1	100.0	30
10/01/20	12:00 p	79.4	80.0	79.1	100	79.4	1.0	ENE	0.50	5.0	ENE	79.4	87.9	87.9	94.4	29.831	0.00	0.00	292	12.56	352	3.3	0.71	3.6	0.000	0.300	-52.3	0	---	-52.4	-52.4	 .0971	0.007	702	1	100.0	30
10/01/20	12:30 p	79.6	80.5	79.2	100	79.6	1.0	SE	0.50	8.0	SSE	79.6	88.5	88.5	96.5	29.831	0.02	0.00	371	15.96	462	3.7	0.79	4.5	0.000	0.304	-52.3	0	---	-52.4	-52.4	 .0971	0.000	698	1	100.0	30
10/01/20	1:00 p	81.5	81.8	79.6	100	81.5	1.0	SE	0.50	5.0	NE	81.5	94.1	94.1	105.6	29.831	0.00	0.00	597	25.67	1206	5.9	1.26	8.8	0.000	0.344	-52.3	0	---	-52.4	-52.4	 .0971	0.013	701	1	100.0	30
10/01/20	1:30 p	83.9	84.3	81.6	100	83.9	2.0	ESE	1.00	8.0	SSE	83.9	102.7	102.7	117.6	29.831	0.00	0.00	1110	47.74	1197	8.1	1.74	8.6	0.000	0.394	-52.3	0	---	-52.4	-52.4	 .0971	0.000	699	1	100.0	30
10/01/20	2:00 p	82.0	84.3	81.7	100	82.0	2.0	NNE	1.00	10.0	SSE	82.0	95.7	95.7	106.8	29.831	0.00	0.00	541	23.27	1216	4.5	0.96	7.6	0.000	0.354	-52.3	0	---	-52.4	-52.4	 .0971	0.021	701	1	100.0	30
10/01/20	2:30 p	81.8	82.1	81.0	100	81.8	1.0	SE	0.50	5.0	NE	81.8	95.1	95.1	104.2	29.831	0.00	0.00	393	16.90	548	2.8	0.60	3.3	0.000	0.350	-52.3	0	---	-52.4	-52.4	 .0971	0.000	701	1	100.0	30
10/01/20	3:00 p	81.2	82.4	81.1	100	81.2	1.0	S	0.50	5.0	SE	81.2	93.1	93.1	101.6	29.831	0.00	0.00	329	14.15	473	2.1	0.45	2.4	0.000	0.337	-52.3	0	---	-52.4	-52.4	 .0971	0.009	701	1	100.0	30
10/01/20	3:30 p	80.3	81.2	80.1	100	80.3	1.0	ESE	0.50	5.0	SSE	80.3	90.5	90.5	95.6	29.831	0.00	0.00	172	7.40	234	0.9	0.19	1.4	0.000	0.319	-52.3	0	---	-52.4	-52.4	 .0971	0.000	701	1	100.0	30
10/01/20	4:00 p	79.4	80.3	79.4	100	79.4	0.0	---	0.00	0.0	---	79.4	87.9	87.9	91.5	29.831	0.00	0.00	112	4.82	130	0.4	0.09	0.6	0.000	0.300	-52.3	0	---	-52.4	-52.4	 .0971	0.003	701	1	100.0	30
10/01/20	4:30 p	79.4	79.6	79.3	100	79.4	0.0	S	0.00	1.0	S	79.4	87.9	87.9	91.0	29.831	0.00	0.00	83	3.57	97	0.0	0.00	0.0	0.000	0.300	-52.3	0	---	-52.4	-52.4	 .0971	0.000	700	1	100.0	30
10/01/20	5:00 p	78.8	79.4	78.8	100	78.8	0.0	S	0.00	1.0	S	78.8	86.3	86.3	85.9	29.831	0.00	0.00	29	1.25	53	0.0	0.00	0.0	0.000	0.288	-52.3	0	---	-52.4	-52.4	 .0971	0.001	699	1	100.0	30
10/01/20	5:30 p	78.1	78.8	78.0	100	78.1	0.0	S	0.00	1.0	S	78.1	84.6	84.6	83.6	29.831	0.00	0.00	3	0.13	11	0.0	0.00	0.0	0.000	0.273	-52.3	0	---	-52.4	-52.4	 .0971	0.000	700	1	100.0	30
10/01/20	6:00 p	77.7	78.1	77.7	100	77.7	0.0	---	0.00	0.0	---	77.7	83.7	83.7	82.6	29.831	0.00	0.00	0	0.00	0	0.0	0.00	0.0	0.000	0.265	-52.3	0	---	-52.4	-52.4	 .0971	0.000	701	1	100.0	30
10/01/20	6:30 p	77.5	77.7	77.4	100	77.5	0.0	---	0.00	0.0	---	77.5	83.3	83.3	82.2	29.831	0.00	0.00	0	0.00	0	0.0	0.00	0.0	0.000	0.260	-52.3	0	---	-52.4	-52.4	 .0971	0.000	701	1	100.0	30
10/01/20	7:00 p	77.3	77.5	77.3	100	77.3	0.0	---	0.00	0.0	---	77.3	82.9	82.9	81.8	29.831	0.00	0.00	0	0.00	0	0.0	0.00	0.0	0.000	0.256	-52.3	0	---	-52.4	-52.4	 .0971	0.000	701	1	100.0	30
10/01/20	7:30 p	77.3	77.4	77.2	100	77.3	0.0	S	0.00	3.0	ESE	77.3	82.9	82.9	81.8	29.831	0.00	0.00	0	0.00	0	0.0	0.00	0.0	0.000	0.256	-52.3	0	---	-52.4	-52.4	 .0971	0.000	699	1	100.0	30
10/01/20	8:00 p	76.0	77.3	76.0	100	76.0	1.0	ENE	0.50	5.0	SSE	76.0	80.3	80.3	79.1	29.831	0.05	0.13	0	0.00	0	0.0	0.00	0.0	0.000	0.229	-52.3	0	---	-52.4	-52.4	 .0971	0.000	697	1	100.0	30
10/01/20	8:30 p	76.1	76.3	75.9	100	76.1	0.0	ENE	0.00	1.0	ENE	76.1	80.5	80.5	79.3	29.831	0.01	0.07	0	0.00	0	0.0	0.00	0.0	0.000	0.231	-52.3	0	---	-52.4	-52.4	 .0971	0.000	699	1	100.0	30
10/01/20	9:00 p	76.2	76.3	76.0	100	76.2	0.0	ENE	0.00	1.0	ENE	76.2	80.7	80.7	79.5	29.831	0.16	1.95	0	0.00	0	0.0	0.00	0.0	0.000	0.233	-52.3	0	---	-52.4	-52.4	 .0971	0.000	699	1	100.0	30
10/01/20	9:30 p	76.0	76.3	76.0	100	76.0	0.0	ENE	0.00	2.0	ENE	76.0	80.3	80.3	79.1	29.831	0.12	0.62	0	0.00	0	0.0	0.00	0.0	0.000	0.229	-52.3	0	---	-52.4	-52.4	 .0971	0.000	701	1	100.0	30
10/01/20	10:00 p	76.0	76.0	75.8	100	76.0	0.0	ENE	0.00	1.0	ENE	76.0	80.3	80.3	79.1	29.831	0.02	0.08	0	0.00	0	0.0	0.00	0.0	0.000	0.229	-52.3	0	---	-52.4	-52.4	 .0971	0.000	702	1	100.0	30
10/01/20	10:30 p	75.8	76.0	75.8	100	75.8	0.0	ENE	0.00	2.0	ENE	75.8	80.0	80.0	78.8	29.831	0.01	0.04	0	0.00	0	0.0	0.00	0.0	0.000	0.225	-52.3	0	---	-52.4	-52.4	 .0971	0.000	699	1	100.0	30
10/01/20	11:00 p	75.7	75.9	75.6	100	75.7	0.0	ENE	0.00	1.0	ENE	75.7	79.8	79.8	78.6	29.831	0.00	0.00	0	0.00	0	0.0	0.00	0.0	0.000	0.223	-52.3	0	---	-52.4	-52.4	 .0971	0.000	698	1	100.0	30
10/01/20	11:30 p	75.6	75.7	75.5	100	75.6	0.0	---	0.00	0.0	---	75.6	79.7	79.7	78.5	29.831	0.00	0.00	0	0.00	0	0.0	0.00	0.0	0.000	0.221	-52.3	0	---	-52.4	-52.4	 .0971	0.000	701	1	100.0	30
10/02/20	12:00 a	75.7	75.7	75.5	100	75.7	0.0	---	0.00	0.0	---	75.7	79.8	79.8	78.6	29.831	0.00	0.00	0	0.00	0	0.0	0.00	0.0	0.000	0.223	-52.3	0	---	-52.4	-52.4	 .0971	0.000	701	1	100.0	30
10/02/20	12:30 a	75.7	75.9	75.6	100	75.7	0.0	ENE	0.00	1.0	ENE	75.7	79.8	79.8	78.6	29.831	0.00	0.00	0	0.00	0	0.0	0.00	0.0	0.000	0.223	-52.3	0	---	-52.4	-52.4	 .0971	0.000	701	1	100.0	30
10/02/20	1:00 a	75.6	75.8	75.5	100	75.6	0.0	ENE	0.00	1.0	ENE	75.6	79.7	79.7	78.5	29.831	0.00	0.00	0	0.00	0	0.0	0.00	0.0	0.000	0.221	-52.3	0	---	-52.4	-52.4	 .0971	0.000	699	1	100.0	30
10/02/20	1:30 a	75.2	75.7	75.2	100	75.2	0.0	---	0.00	0.0	---	75.2	79.1	79.1	77.9	29.831	0.00	0.00	0	0.00	0	0.0	0.00	0.0	0.000	0.212	-52.3	0	---	-52.4	-52.4	 .0971	0.000	700	1	100.0	30
10/02/20	2:00 a	75.2	75.3	75.1	100	75.2	0.0	ENE	0.00	1.0	ENE	75.2	79.1	79.1	77.9	29.831	0.00	0.00	0	0.00	0	0.0	0.00	0.0	0.000	0.212	-52.3	0	---	-52.4	-52.4	 .0971	0.000	702	1	100.0	30
10/02/20	2:30 a	75.1	75.3	75.0	100	75.1	0.0	ENE	0.00	1.0	ENE	75.1	78.9	78.9	77.7	29.831	0.00	0.00	0	0.00	0	0.0	0.00	0.0	0.000	0.210	-52.3	0	---	-52.4	-52.4	 .0971	0.000	700	1	100.0	30
10/02/20	3:00 a	75.3	75.3	75.1	100	75.3	0.0	ENE	0.00	1.0	ENE	75.3	79.3	79.3	78.1	29.831	0.00	0.00	0	0.00	0	0.0	0.00	0.0	0.000	0.215	-52.3	0	---	-52.4	-52.4	 .0971	0.000	702	1	100.0	30
10/02/20	3:30 a	75.4	75.6	75.2	100	75.4	0.0	ENE	0.00	1.0	ENE	75.4	79.4	79.4	78.2	29.831	0.00	0.00	0	0.00	0	0.0	0.00	0.0	0.000	0.217	-52.3	0	---	-52.4	-52.4	 .0971	0.000	698	1	100.0	30
10/02/20	4:00 a	75.8	75.8	75.4	100	75.8	0.0	ENE	0.00	2.0	ENE	75.8	80.0	80.0	78.8	29.831	0.01	0.00	0	0.00	0	0.0	0.00	0.0	0.000	0.225	-52.3	0	---	-52.4	-52.4	 .0971	0.000	702	1	100.0	30
10/02/20	4:30 a	75.9	76.0	75.8	100	75.9	0.0	ENE	0.00	1.0	ENE	75.9	80.2	80.2	79.0	29.831	0.04	0.38	0	0.00	0	0.0	0.00	0.0	0.000	0.227	-52.3	0	---	-52.4	-52.4	 .0971	0.000	697	1	100.0	30
10/02/20	5:00 a	75.9	76.0	75.8	100	75.9	0.0	ENE	0.00	2.0	ENE	75.9	80.2	80.2	79.0	29.831	0.18	1.90	0	0.00	0	0.0	0.00	0.0	0.000	0.227	-52.3	0	---	-52.4	-52.4	 .0971	0.000	700	1	100.0	30
10/02/20	5:30 a	76.0	76.1	75.8	100	76.0	0.0	ENE	0.00	2.0	ENE	76.0	80.3	80.3	79.1	29.831	0.06	0.51	0	0.00	0	0.0	0.00	0.0	0.000	0.229	-52.3	0	---	-52.4	-52.4	 .0971	0.000	699	1	100.0	30
10/02/20	6:00 a	76.2	76.3	76.0	100	76.2	0.0	NW	0.00	2.0	NW	76.2	80.7	80.7	79.8	29.831	0.00	0.00	12	0.52	23	0.0	0.00	0.0	0.000	0.233	-52.3	0	---	-52.4	-52.4	 .0971	0.000	698	1	100.0	30
10/02/20	6:30 a	76.0	76.3	75.8	100	76.0	1.0	SSE	0.50	4.0	SSE	76.0	80.3	80.3	81.2	29.831	0.03	0.26	33	1.42	56	0.0	0.00	0.0	0.000	0.229	-52.3	0	---	-52.4	-52.4	 .0971	0.000	701	1	100.0	30
10/02/20	7:00 a	76.9	76.9	76.0	100	76.9	0.0	SSE	0.00	1.0	SSE	76.9	82.0	82.0	84.5	29.831	0.00	0.00	78	3.35	90	0.0	0.00	0.0	0.000	0.248	-52.3	0	---	-52.4	-52.4	 .0971	0.001	700	1	100.0	30
10/02/20	7:30 a	76.7	77.0	76.5	100	76.7	0.0	SSE	0.00	1.0	SSE	76.7	81.6	81.6	83.7	29.831	0.02	0.00	79	3.40	83	0.1	0.02	0.5	0.000	0.244	-52.3	0	---	-52.4	-52.4	 .0971	0.000	700	1	100.0	30
10/02/20	8:00 a	76.6	76.8	76.4	100	76.6	0.0	SSE	0.00	1.0	SSE	76.6	81.4	81.4	82.9	29.831	0.02	0.14	72	3.10	77	0.5	0.11	0.5	0.000	0.242	-52.3	0	---	-52.4	-52.4	 .0971	0.002	698	1	100.0	30
10/02/20	8:30 a	76.4	76.8	76.2	100	76.4	0.0	SSE	0.00	1.0	SSE	76.4	81.1	81.1	82.8	29.831	0.03	0.48	87	3.74	114	0.7	0.15	1.1	0.000	0.238	-52.3	0	---	-52.4	-52.4	 .0971	0.000	703	1	100.0	30
10/02/20	9:00 a	76.9	77.4	76.4	100	76.9	0.0	---	0.00	0.0	---	76.9	82.0	82.0	84.3	29.831	0.00	0.00	119	5.12	134	1.2	0.26	1.3	0.000	0.248	-52.3	0	---	-52.4	-52.4	 .0971	0.002	698	1	100.0	30
10/02/20	9:30 a	77.6	77.8	76.6	100	77.6	0.0	---	0.00	0.0	---	77.6	83.5	83.5	87.0	29.831	0.01	0.00	172	7.40	213	1.8	0.39	2.3	0.000	0.262	-52.3	0	---	-52.4	-52.4	 .0971	0.000	700	1	100.0	30
10/02/20	10:00 a	78.2	79.1	77.5	100	78.2	0.0	---	0.00	0.0	---	78.2	84.9	84.9	90.7	29.831	0.00	0.00	269	11.57	325	2.9	0.62	3.7	0.000	0.275	-52.3	0	---	-52.4	-52.4	 .0971	0.005	701	1	100.0	30
10/02/20	10:30 a	78.8	79.5	78.0	100	78.8	1.0	SSE	0.50	5.0	S	78.8	86.3	86.3	95.5	29.831	0.00	0.00	446	19.18	555	4.6	0.99	5.5	0.000	0.288	-52.3	0	---	-52.4	-52.4	 .0971	0.000	701	1	100.0	30
10/02/20	11:00 a	78.7	79.6	77.9	100	78.7	2.0	SSE	1.00	9.0	ESE	78.7	86.1	86.1	94.7	29.831	0.00	0.00	402	17.29	570	4.2	0.90	5.8	0.000	0.285	-52.3	0	---	-52.4	-52.4	 .0971	0.010	700	1	100.0	30
10/02/20	11:30 a	79.3	79.7	78.6	100	79.3	2.0	SE	1.00	8.0	ESE	79.3	87.6	87.6	96.3	29.831	0.00	0.00	403	17.33	596	4.3	0.92	6.0	0.000	0.298	-52.3	0	---	-52.4	-52.4	 .0971	0.000	701	1	100.0	30
10/02/20	12:00 p	80.7	80.9	78.9	100	80.7	2.0	SE	1.00	10.0	SSE	80.7	91.6	91.6	103.0	29.831	0.00	0.00	577	24.81	795	5.6	1.20	6.9	0.000	0.327	-52.3	0	---	-52.4	-52.4	 .0971	0.012	701	1	100.0	30
10/02/20	12:30 p	79.9	81.6	79.7	100	79.9	2.0	S	1.00	9.0	SSE	79.9	89.3	89.3	100.0	29.831	0.00	0.00	534	22.96	810	5.4	1.16	7.0	0.000	0.310	-52.3	0	---	-52.4	-52.4	 .0971	0.000	698	1	100.0	30
10/02/20	1:00 p	78.1	80.2	77.9	100	78.1	1.0	SSE	0.50	5.0	WNW	78.1	84.6	84.6	89.7	29.831	0.03	0.27	234	10.06	364	2.4	0.51	4.2	0.000	0.273	-52.3	0	---	-52.4	-52.4	 .0971	0.010	698	1	100.0	30
10/02/20	1:30 p	78.8	79.2	78.1	100	78.8	1.0	SE	0.50	5.0	SSE	78.8	86.3	86.3	92.7	29.831	0.00	0.00	296	12.73	411	2.8	0.60	3.8	0.000	0.288	-52.3	0	---	-52.4	-52.4	 .0971	0.000	700	1	100.0	30
10/02/20	2:00 p	78.3	79.2	77.8	100	78.3	1.0	SE	0.50	5.0	S	78.3	85.1	85.1	91.6	29.831	0.01	0.00	291	12.51	519	2.5	0.54	3.8	0.000	0.277	-52.3	0	---	-52.4	-52.4	 .0971	0.007	698	1	100.0	30
10/02/20	2:30 p	79.4	79.9	78.0	100	79.4	1.0	SSW	0.50	3.0	WSW	79.4	87.9	87.9	95.5	29.831	0.00	0.00	326	14.02	606	2.4	0.51	3.7	0.000	0.300	-52.3	0	---	-52.4	-52.4	 .0971	0.000	698	1	100.0	30
10/02/20	3:00 p	79.1	80.0	78.9	100	79.1	1.0	S	0.50	5.0	SE	79.1	87.1	87.1	92.7	29.831	0.00	0.00	216	9.29	353	1.4	0.30	2.2	0.000	0.294	-52.3	0	---	-52.4	-52.4	 .0971	0.007	701	1	100.0	30
10/02/20	3:30 p	77.8	79.2	77.8	100	77.8	2.0	SSE	1.00	9.0	ESE	77.8	84.0	84.0	87.5	29.831	0.00	0.00	125	5.38	185	0.7	0.15	1.1	0.000	0.267	-52.3	0	---	-52.4	-52.4	 .0971	0.000	701	1	100.0	30
10/02/20	4:00 p	77.5	77.9	77.3	100	77.5	1.0	SE	0.50	4.0	E	77.5	83.3	83.3	83.9	29.831	0.00	0.00	34	1.46	42	0.0	0.00	0.0	0.000	0.260	-52.3	0	---	-52.4	-52.4	 .0971	0.002	701	1	100.0	30
10/02/20	4:30 p	77.2	77.5	77.1	100	77.2	1.0	E	0.50	4.0	NNE	77.2	82.6	82.6	82.8	29.831	0.01	0.11	21	0.90	33	0.0	0.00	0.0	0.000	0.254	-52.3	0	---	-52.4	-52.4	 .0971	0.000	699	1	100.0	30
10/02/20	5:00 p	77.0	77.3	76.9	100	77.0	1.0	SE	0.50	9.0	NE	77.0	82.2	82.2	81.4	29.831	0.01	0.11	9	0.39	16	0.0	0.00	0.0	0.000	0.250	-52.3	0	---	-52.4	-52.4	 .0971	0.000	701	1	100.0	30
10/02/20	5:30 p	77.0	77.0	76.8	100	77.0	1.0	NNE	0.50	5.0	ENE	77.0	82.2	82.2	81.2	29.831	0.04	0.34	0	0.00	0	0.0	0.00	0.0	0.000	0.250	-52.3	0	---	-52.4	-52.4	 .0971	0.000	699	1	100.0	30
10/02/20	6:00 p	77.1	77.1	76.9	100	77.1	1.0	SE	0.50	5.0	S	77.1	82.4	82.4	81.4	29.831	0.17	0.60	0	0.00	0	0.0	0.00	0.0	0.000	0.252	-52.3	0	---	-52.4	-52.4	 .0971	0.000	700	1	100.0	30
10/02/20	6:30 p	77.0	77.1	76.9	100	77.0	2.0	SSE	1.00	10.0	SSE	77.0	82.2	82.2	81.2	29.831	0.21	1.29	0	0.00	0	0.0	0.00	0.0	0.000	0.250	-52.3	0	---	-52.4	-52.4	 .0971	0.000	701	1	100.0	30
10/02/20	7:00 p	76.9	77.0	76.8	100	76.9	1.0	ESE	0.50	6.0	ESE	76.9	82.0	82.0	81.0	29.831	0.13	0.38	0	0.00	0	0.0	0.00	0.0	0.000	0.248	-52.3	0	---	-52.4	-52.4	 .0971	0.000	698	1	100.0	30
10/02/20	7:30 p	76.6	77.1	76.6	100	76.6	1.0	SSE	0.50	5.0	NNW	76.6	81.4	81.4	80.4	29.831	0.17	1.03	0	0.00	0	0.0	0.00	0.0	0.000	0.242	-52.3	0	---	-52.4	-52.4	 .0971	0.000	702	1	100.0	30
10/02/20	8:00 p	76.4	76.6	76.3	100	76.4	1.0	ESE	0.50	9.0	S	76.4	81.1	81.1	80.1	29.831	0.16	0.95	0	0.00	0	0.0	0.00	0.0	0.000	0.238	-52.3	0	---	-52.4	-52.4	 .0971	0.000	701	1	100.0	30
10/02/20	8:30 p	76.2	76.4	76.0	100	76.2	1.0	ESE	0.50	4.0	SSE	76.2	80.7	80.7	79.7	29.831	0.08	0.28	0	0.00	0	0.0	0.00	0.0	0.000	0.233	-52.3	0	---	-52.4	-52.4	 .0971	0.000	702	1	100.0	30
10/02/20	9:00 p	75.8	76.2	75.8	100	75.8	0.0	SE	0.00	3.0	SE	75.8	80.0	80.0	78.9	29.831	0.06	0.15	0	0.00	0	0.0	0.00	0.0	0.000	0.225	-52.3	0	---	-52.4	-52.4	 .0971	0.000	699	1	100.0	30
10/02/20	9:30 p	75.9	75.9	75.8	100	75.9	0.0	SE	0.00	1.0	SE	75.9	80.2	80.2	79.1	29.831	0.10	0.83	0	0.00	0	0.0	0.00	0.0	0.000	0.227	-52.3	0	---	-52.4	-52.4	 .0971	0.000	702	1	100.0	30
10/02/20	10:00 p	75.5	75.9	75.5	100	75.5	0.0	SE	0.00	1.0	SE	75.5	79.6	79.6	78.5	29.831	0.01	0.06	0	0.00	0	0.0	0.00	0.0	0.000	0.219	-52.3	0	---	-52.4	-52.4	 .0971	0.000	699	1	100.0	30
10/02/20	10:30 p	75.5	75.6	75.2	100	75.5	0.0	SE	0.00	1.0	SE	75.5	79.6	79.6	78.5	29.831	0.03	0.06	0	0.00	0	0.0	0.00	0.0	0.000	0.219	-52.3	0	---	-52.4	-52.4	 .0971	0.000	703	1	100.0	30
10/02/20	11:00 p	75.3	75.5	75.3	100	75.3	0.0	SE	0.00	1.0	SE	75.3	79.3	79.3	78.2	29.831	0.03	0.09	0	0.00	0	0.0	0.00	0.0	0.000	0.215	-52.3	0	---	-52.4	-52.4	 .0971	0.000	702	1	100.0	30
10/02/20	11:30 p	75.2	75.3	75.1	100	75.2	0.0	SE	0.00	1.0	SE	75.2	79.1	79.1	78.0	29.831	0.02	0.07	0	0.00	0	0.0	0.00	0.0	0.000	0.212	-52.3	0	---	-52.4	-52.4	 .0971	0.000	701	1	100.0	30
10/03/20	12:00 a	75.1	75.2	75.0	100	75.1	0.0	---	0.00	0.0	---	75.1	78.9	78.9	77.8	29.831	0.00	0.00	0	0.00	0	0.0	0.00	0.0	0.000	0.210	-52.3	0	---	-52.4	-52.4	 .0971	0.000	703	1	100.0	30
10/03/20	12:30 a	74.8	75.2	74.8	100	74.8	0.0	SE	0.00	1.0	SE	74.8	78.6	78.6	77.5	29.831	0.01	0.00	0	0.00	0	0.0	0.00	0.0	0.000	0.204	-52.3	0	---	-52.4	-52.4	 .0971	0.000	699	1	100.0	30
10/03/20	1:00 a	74.8	74.9	74.7	100	74.8	0.0	SE	0.00	1.0	SE	74.8	78.6	78.6	77.5	29.831	0.00	0.00	0	0.00	0	0.0	0.00	0.0	0.000	0.204	-52.3	0	---	-52.4	-52.4	 .0971	0.000	701	1	100.0	30
10/03/20	1:30 a	74.9	75.0	74.7	100	74.9	0.0	SE	0.00	1.0	SE	74.9	78.7	78.7	77.6	29.831	0.00	0.00	0	0.00	0	0.0	0.00	0.0	0.000	0.206	-52.3	0	---	-52.4	-52.4	 .0971	0.000	699	1	100.0	30
10/03/20	2:00 a	74.7	74.9	74.6	100	74.7	0.0	SE	0.00	1.0	SE	74.7	78.4	78.4	77.3	29.831	0.00	0.00	0	0.00	0	0.0	0.00	0.0	0.000	0.202	-52.3	0	---	-52.4	-52.4	 .0971	0.000	697	1	100.0	30
10/03/20	2:30 a	74.7	74.8	74.6	100	74.7	0.0	SE	0.00	1.0	SE	74.7	78.4	78.4	77.3	29.831	0.00	0.00	0	0.00	0	0.0	0.00	0.0	0.000	0.202	-52.3	0	---	-52.4	-52.4	 .0971	0.000	699	1	100.0	30
10/03/20	3:00 a	74.9	75.0	74.7	100	74.9	0.0	SE	0.00	2.0	SE	74.9	78.7	78.7	77.6	29.831	0.00	0.00	0	0.00	0	0.0	0.00	0.0	0.000	0.206	-52.3	0	---	-52.4	-52.4	 .0971	0.000	703	1	100.0	30
10/03/20	3:30 a	74.8	75.1	74.8	100	74.8	1.0	NNE	0.50	3.0	N	74.8	78.6	78.6	77.5	29.831	0.13	1.09	0	0.00	0	0.0	0.00	0.0	0.000	0.204	-52.3	0	---	-52.4	-52.4	 .0971	0.000	699	1	100.0	30
10/03/20	4:00 a	75.0	75.0	74.8	100	75.0	0.0	NE	0.00	3.0	NE	75.0	78.8	78.8	77.7	29.831	0.22	1.67	0	0.00	0	0.0	0.00	0.0	0.000	0.208	-52.3	0	---	-52.4	-52.4	 .0971	0.000	701	1	100.0	30
10/03/20	4:30 a	75.1	75.1	74.9	100	75.1	0.0	---	0.00	0.0	---	75.1	78.9	78.9	77.8	29.831	0.04	0.24	0	0.00	0	0.0	0.00	0.0	0.000	0.210	-52.3	0	---	-52.4	-52.4	 .0971	0.000	699	1	100.0	30
10/03/20	5:00 a	74.6	75.1	74.6	100	74.6	0.0	NE	0.00	6.0	NE	74.6	78.3	78.3	77.2	29.831	0.11	0.53	0	0.00	0	0.0	0.00	0.0	0.000	0.200	-52.3	0	---	-52.4	-52.4	 .0971	0.000	702	1	100.0	30
10/03/20	5:30 a	74.2	74.7	74.2	100	74.2	1.0	ENE	0.50	3.0	NNE	74.2	77.8	77.8	76.7	29.831	0.45	2.06	0	0.00	5	0.0	0.00	0.0	0.000	0.192	-52.3	0	---	-52.4	-52.4	 .0971	0.000	699	1	100.0	30
10/03/20	6:00 a	74.4	74.6	74.1	100	74.4	0.0	ENE	0.00	3.0	ENE	74.4	78.1	78.1	77.1	29.831	0.12	0.89	8	0.34	14	0.0	0.00	0.0	0.000	0.196	-52.3	0	---	-52.4	-52.4	 .0971	0.000	696	1	100.0	30
10/03/20	6:30 a	74.8	74.8	74.4	100	74.8	0.0	---	0.00	0.0	---	74.8	78.6	78.6	78.8	29.831	0.03	0.15	21	0.90	26	0.0	0.00	0.0	0.000	0.204	-52.3	0	---	-52.4	-52.4	 .0971	0.000	701	1	100.0	30
10/03/20	7:00 a	75.2	75.2	74.8	100	75.2	0.0	ENE	0.00	5.0	ENE	75.2	79.1	79.1	79.3	29.831	0.06	0.82	25	1.08	67	0.0	0.00	0.0	0.000	0.212	-52.3	0	---	-52.4	-52.4	 .0971	0.001	699	1	100.0	30
10/03/20	7:30 a	76.0	76.1	75.3	100	76.0	1.0	NNE	0.50	3.0	NNE	76.0	80.3	80.3	82.8	29.831	0.01	0.07	91	3.91	105	0.4	0.09	0.6	0.000	0.229	-52.3	0	---	-52.4	-52.4	 .0971	0.000	701	1	100.0	30
10/03/20	8:00 a	76.8	77.4	76.1	100	76.8	0.0	NNE	0.00	2.0	NNE	76.8	81.8	81.8	87.0	29.831	0.00	0.00	194	8.34	227	1.2	0.26	1.5	0.000	0.246	-52.3	0	---	-52.4	-52.4	 .0971	0.003	699	1	100.0	30
10/03/20	8:30 a	78.2	78.2	76.7	100	78.2	0.0	NNE	0.00	2.0	NNE	78.2	84.9	84.9	91.1	29.831	0.00	0.00	252	10.84	285	1.7	0.36	1.9	0.000	0.275	-52.3	0	---	-52.4	-52.4	 .0971	0.000	701	1	100.0	30
10/03/20	9:00 a	78.1	78.9	77.7	100	78.1	1.0	NNE	0.50	5.0	S	78.1	84.6	84.6	90.7	29.831	0.00	0.00	265	11.40	325	2.0	0.43	2.2	0.000	0.273	-52.3	0	---	-52.4	-52.4	 .0971	0.006	698	1	100.0	30
10/03/20	9:30 a	79.5	79.5	78.1	100	79.5	2.0	SE	1.00	7.0	SE	79.5	88.2	88.2	97.2	29.831	0.00	0.00	427	18.36	587	3.6	0.77	4.6	0.000	0.302	-52.3	0	---	-52.4	-52.4	 .0971	0.000	700	1	100.0	30
10/03/20	10:00 a	80.0	80.0	79.3	100	80.0	1.0	SE	0.50	5.0	SSE	80.0	89.6	89.6	97.5	29.831	0.00	0.00	370	15.91	438	3.7	0.79	4.1	0.000	0.313	-51.7	0	---	-51.8	-51.8	 .0970	0.010	701	1	100.0	30
10/03/20	10:30 a	78.6	80.7	78.5	100	78.6	1.0	SSE	0.50	7.0	SE	78.6	85.8	85.8	91.0	29.831	0.00	0.00	239	10.28	353	2.6	0.56	3.7	0.000	0.283	-52.3	0	---	-52.4	-52.4	 .0971	0.000	702	1	100.0	30
10/03/20	11:00 a	77.9	78.7	77.7	100	77.9	1.0	E	0.50	6.0	E	77.9	84.2	84.2	86.1	29.831	0.00	0.00	110	4.73	151	1.3	0.28	1.8	0.000	0.269	-52.3	0	---	-52.4	-52.4	 .0971	0.004	701	1	100.0	30
10/03/20	11:30 a	77.8	77.9	77.3	100	77.8	1.0	ESE	0.50	4.0	SSE	77.8	84.0	84.0	85.6	29.831	0.01	0.00	96	4.13	137	1.1	0.24	1.6	0.000	0.267	-52.3	0	---	-52.4	-52.4	 .0971	0.000	700	1	100.0	30
10/03/20	12:00 p	76.3	77.8	75.8	100	76.3	2.0	SE	1.00	8.0	NNE	76.3	80.9	80.9	83.6	29.831	0.02	0.29	143	6.15	304	1.6	0.34	3.2	0.000	0.235	-52.3	0	---	-52.4	-52.4	 .0971	0.003	701	1	100.0	30
10/03/20	12:30 p	77.1	77.4	76.1	100	77.1	1.0	NNE	0.50	3.0	S	77.1	82.4	82.4	87.2	29.831	0.02	0.04	226	9.72	292	2.4	0.51	3.1	0.000	0.252	-52.3	0	---	-52.4	-52.4	 .0971	0.000	698	1	100.0	30
10/03/20	1:00 p	76.8	77.5	76.8	100	76.8	1.0	NE	0.50	6.0	NE	76.8	81.8	81.8	85.3	29.831	0.04	0.19	178	7.65	241	1.9	0.41	2.5	0.000	0.246	-52.3	0	---	-52.4	-52.4	 .0971	0.005	701	1	100.0	30
10/03/20	1:30 p	76.2	76.8	76.2	100	76.2	1.0	NE	0.50	5.0	NE	76.2	80.7	80.7	83.5	29.831	0.02	0.15	148	6.36	155	1.5	0.32	1.6	0.000	0.233	-52.3	0	---	-52.4	-52.4	 .0971	0.000	699	1	100.0	30
10/03/20	2:00 p	77.3	77.6	76.2	100	77.3	0.0	NE	0.00	2.0	NE	77.3	82.9	82.9	87.0	29.831	0.00	0.00	191	8.21	264	1.6	0.34	2.2	0.000	0.256	-52.3	0	---	-52.4	-52.4	 .0971	0.004	697	1	100.0	30
10/03/20	2:30 p	77.1	77.7	76.8	100	77.1	1.0	ESE	0.50	5.0	NE	77.1	82.4	82.4	85.3	29.831	0.00	0.00	136	5.85	151	1.1	0.24	1.2	0.000	0.252	-52.3	0	---	-52.4	-52.4	 .0971	0.000	699	1	100.0	30
10/03/20	3:00 p	77.1	77.7	77.1	100	77.1	0.0	ESE	0.00	2.0	ESE	77.1	82.4	82.4	84.3	29.831	0.00	0.00	91	3.91	113	0.6	0.13	0.8	0.000	0.252	-52.3	0	---	-52.4	-52.4	 .0971	0.003	703	1	100.0	30
10/03/20	3:30 p	77.7	77.7	76.8	100	77.7	0.0	NNE	0.00	3.0	NNE	77.7	83.7	83.7	86.0	29.831	0.01	0.00	92	3.96	104	0.5	0.11	0.6	0.000	0.265	-52.3	0	---	-52.4	-52.4	 .0971	0.000	701	1	100.0	30
10/03/20	4:00 p	77.7	77.8	77.4	100	77.7	0.0	NNE	0.00	1.0	NNE	77.7	83.7	83.7	86.9	29.831	0.00	0.00	102	4.39	113	0.3	0.06	0.5	0.000	0.265	-52.3	0	---	-52.4	-52.4	 .0971	0.002	700	1	100.0	30
10/03/20	4:30 p	77.2	77.8	77.1	100	77.2	0.0	NNE	0.00	1.0	NNE	77.2	82.6	82.6	84.5	29.831	0.00	0.00	57	2.45	88	0.0	0.00	0.0	0.000	0.254	-52.3	0	---	-52.4	-52.4	 .0971	0.000	701	1	100.0	30
10/03/20	5:00 p	76.5	77.3	76.5	100	76.5	0.0	NNE	0.00	1.0	NNE	76.5	81.3	81.3	80.6	29.831	0.00	0.00	17	0.73	28	0.0	0.00	0.0	0.000	0.240	-52.3	0	---	-52.4	-52.4	 .0971	0.001	701	1	100.0	30
10/03/20	5:30 p	75.8	76.5	75.8	100	75.8	0.0	NNE	0.00	1.0	NNE	75.8	80.0	80.0	78.9	29.831	0.00	0.00	1	0.04	7	0.0	0.00	0.0	0.000	0.225	-52.3	0	---	-52.4	-52.4	 .0971	0.000	701	1	100.0	30
10/03/20	6:00 p	75.4	75.8	75.3	100	75.4	0.0	---	0.00	0.0	---	75.4	79.4	79.4	78.2	29.831	0.00	0.00	0	0.00	0	0.0	0.00	0.0	0.000	0.217	-52.3	0	---	-52.4	-52.4	 .0971	0.000	698	1	100.0	30
10/03/20	6:30 p	75.2	75.4	75.1	100	75.2	0.0	---	0.00	0.0	---	75.2	79.1	79.1	77.9	29.831	0.00	0.00	0	0.00	0	0.0	0.00	0.0	0.000	0.212	-52.3	0	---	-52.4	-52.4	 .0971	0.000	696	1	100.0	30
10/03/20	7:00 p	75.0	75.2	75.0	100	75.0	0.0	---	0.00	0.0	---	75.0	78.8	78.8	77.6	29.831	0.00	0.00	0	0.00	0	0.0	0.00	0.0	0.000	0.208	-52.3	0	---	-52.4	-52.4	 .0971	0.000	699	1	100.0	30
10/03/20	7:30 p	75.0	75.1	74.9	100	75.0	0.0	---	0.00	0.0	---	75.0	78.8	78.8	77.6	29.831	0.00	0.00	0	0.00	0	0.0	0.00	0.0	0.000	0.208	-52.3	0	---	-52.4	-52.4	 .0971	0.000	702	1	100.0	30
10/03/20	8:00 p	74.9	75.0	74.8	100	74.9	0.0	---	0.00	0.0	---	74.9	78.7	78.7	77.5	29.831	0.00	0.00	0	0.00	0	0.0	0.00	0.0	0.000	0.206	-52.3	0	---	-52.4	-52.4	 .0971	0.000	698	1	100.0	30
10/03/20	8:30 p	75.0	75.0	74.8	100	75.0	0.0	---	0.00	0.0	---	75.0	78.8	78.8	77.6	29.831	0.00	0.00	0	0.00	0	0.0	0.00	0.0	0.000	0.208	-52.3	0	---	-52.4	-52.4	 .0971	0.000	698	1	100.0	30
10/03/20	9:00 p	75.1	75.2	75.0	100	75.1	0.0	---	0.00	0.0	---	75.1	78.9	78.9	77.7	29.831	0.00	0.00	0	0.00	0	0.0	0.00	0.0	0.000	0.210	-52.3	0	---	-52.4	-52.4	 .0971	0.000	698	1	100.0	30
10/03/20	9:30 p	75.2	75.3	75.1	100	75.2	0.0	NNE	0.00	1.0	NNE	75.2	79.1	79.1	77.9	29.831	0.01	0.00	0	0.00	0	0.0	0.00	0.0	0.000	0.212	-52.3	0	---	-52.4	-52.4	 .0971	0.000	701	1	100.0	30
10/03/20	10:00 p	75.2	75.4	75.2	100	75.2	0.0	NNE	0.00	1.0	NNE	75.2	79.1	79.1	77.9	29.831	0.00	0.00	0	0.00	0	0.0	0.00	0.0	0.000	0.212	-52.3	0	---	-52.4	-52.4	 .0971	0.000	695	1	100.0	30
10/03/20	10:30 p	75.2	75.3	75.2	100	75.2	0.0	N	0.00	3.0	NE	75.2	79.1	79.1	77.9	29.831	0.00	0.00	0	0.00	0	0.0	0.00	0.0	0.000	0.212	-52.3	0	---	-52.4	-52.4	 .0971	0.000	698	1	100.0	30
10/03/20	11:00 p	74.8	75.2	74.8	100	74.8	0.0	N	0.00	1.0	N	74.8	78.6	78.6	77.4	29.831	0.00	0.00	0	0.00	0	0.0	0.00	0.0	0.000	0.204	-52.3	0	---	-52.4	-52.4	 .0971	0.000	694	1	100.0	30
10/03/20	11:30 p	74.7	74.9	74.5	100	74.7	0.0	N	0.00	1.0	N	74.7	78.4	78.4	77.2	29.831	0.00	0.00	0	0.00	0	0.0	0.00	0.0	0.000	0.202	-52.3	0	---	-52.4	-52.4	 .0971	0.000	700	1	100.0	30
10/04/20	12:00 a	74.5	74.8	74.5	100	74.5	0.0	N	0.00	1.0	N	74.5	78.2	78.2	77.0	29.831	0.00	0.00	0	0.00	0	0.0	0.00	0.0	0.000	0.198	-52.3	0	---	-52.4	-52.4	 .0971	0.000	702	1	100.0	30
10/04/20	12:30 a	74.2	74.5	74.1	100	74.2	0.0	N	0.00	1.0	N	74.2	77.8	77.8	76.6	29.831	0.00	0.00	0	0.00	0	0.0	0.00	0.0	0.000	0.192	-52.3	0	---	-52.4	-52.4	 .0971	0.000	699	1	100.0	30
10/04/20	1:00 a	73.9	74.1	73.9	100	73.9	0.0	N	0.00	1.0	N	73.9	77.5	77.5	76.2	29.831	0.00	0.00	0	0.00	0	0.0	0.00	0.0	0.000	0.185	-52.3	0	---	-52.4	-52.4	 .0971	0.000	701	1	100.0	30
10/04/20	1:30 a	73.9	74.0	73.9	100	73.9	0.0	N	0.00	1.0	N	73.9	77.5	77.5	76.2	29.831	0.00	0.00	0	0.00	0	0.0	0.00	0.0	0.000	0.185	-52.3	0	---	-52.4	-52.4	 .0971	0.000	699	1	100.0	30
10/04/20	2:00 a	74.0	74.1	73.9	100	74.0	0.0	N	0.00	2.0	N	74.0	77.6	77.6	76.4	29.831	0.00	0.00	0	0.00	0	0.0	0.00	0.0	0.000	0.188	-52.3	0	---	-52.4	-52.4	 .0971	0.000	701	1	100.0	30
10/04/20	2:30 a	73.9	74.0	73.8	100	73.9	0.0	N	0.00	1.0	N	73.9	77.5	77.5	76.2	29.831	0.00	0.00	0	0.00	0	0.0	0.00	0.0	0.000	0.185	-52.3	0	---	-52.4	-52.4	 .0971	0.000	701	1	100.0	30
10/04/20	3:00 a	73.7	73.9	73.7	100	73.7	0.0	N	0.00	1.0	N	73.7	77.3	77.3	76.0	29.831	0.00	0.00	0	0.00	0	0.0	0.00	0.0	0.000	0.181	-52.3	0	---	-52.4	-52.4	 .0971	0.000	703	1	100.0	30
10/04/20	3:30 a	73.3	73.7	73.2	100	73.3	0.0	N	0.00	1.0	N	73.3	76.9	76.9	75.6	29.831	0.00	0.00	0	0.00	0	0.0	0.00	0.0	0.000	0.173	-52.3	0	---	-52.4	-52.4	 .0971	0.000	698	1	100.0	30
10/04/20	4:00 a	73.1	73.3	73.0	100	73.1	0.0	N	0.00	1.0	N	73.1	76.7	76.7	75.4	29.831	0.01	0.00	0	0.00	0	0.0	0.00	0.0	0.000	0.169	-52.3	0	---	-52.4	-52.4	 .0971	0.000	701	1	100.0	30
10/04/20	4:30 a	72.8	73.1	72.8	100	72.8	0.0	---	0.00	0.0	---	72.8	76.4	76.4	75.1	29.831	0.00	0.00	0	0.00	0	0.0	0.00	0.0	0.000	0.163	-52.3	0	---	-52.4	-52.4	 .0971	0.000	701	1	100.0	30
10/04/20	5:00 a	72.8	72.9	72.7	100	72.8	0.0	---	0.00	0.0	---	72.8	76.4	76.4	75.1	29.831	0.00	0.00	0	0.00	0	0.0	0.00	0.0	0.000	0.163	-52.3	0	---	-52.4	-52.4	 .0971	0.000	701	1	100.0	30
10/04/20	5:30 a	72.9	72.9	72.7	100	72.9	0.0	---	0.00	0.0	---	72.9	76.5	76.5	75.2	29.831	0.00	0.00	2	0.09	9	0.0	0.00	0.0	0.000	0.165	-52.3	0	---	-52.4	-52.4	 .0971	0.000	702	1	100.0	30
10/04/20	6:00 a	73.5	73.5	72.8	100	73.5	0.0	---	0.00	0.0	---	73.5	77.1	77.1	76.5	29.831	0.00	0.00	27	1.16	49	0.0	0.00	0.0	0.000	0.177	-52.3	0	---	-52.4	-52.4	 .0971	0.000	701	1	100.0	30
10/04/20	6:30 a	74.5	74.5	73.5	100	74.5	0.0	NNE	0.00	1.0	NNE	74.5	78.2	78.2	80.3	29.831	0.00	0.00	62	2.67	76	0.0	0.00	0.0	0.000	0.198	-52.3	0	---	-52.4	-52.4	 .0971	0.000	701	1	100.0	30
10/04/20	7:00 a	75.7	75.8	74.5	100	75.7	0.0	---	0.00	0.0	---	75.7	79.8	79.8	82.9	29.831	0.00	0.00	95	4.09	121	0.2	0.04	0.6	0.000	0.223	-52.3	0	---	-52.4	-52.4	 .0971	0.002	701	1	100.0	30
10/04/20	7:30 a	76.5	76.6	75.6	100	76.5	0.0	NNE	0.00	2.0	NNE	76.5	81.3	81.3	85.4	29.831	0.00	0.00	137	5.89	169	0.8	0.17	1.1	0.000	0.240	-52.3	0	---	-52.4	-52.4	 .0971	0.000	699	1	100.0	30
10/04/20	8:00 a	77.6	77.8	76.5	100	77.6	0.0	NNE	0.00	2.0	NNE	77.6	83.5	83.5	90.6	29.831	0.00	0.00	264	11.35	573	1.8	0.39	2.9	0.000	0.262	-52.3	0	---	-52.4	-52.4	 .0971	0.005	697	1	100.0	30
10/04/20	8:30 a	79.0	79.2	77.5	100	79.0	1.0	SE	0.50	7.0	SSE	79.0	86.8	86.8	95.8	29.831	0.00	0.00	377	16.21	657	2.7	0.58	3.6	0.000	0.292	-52.3	0	---	-52.4	-52.4	 .0971	0.000	702	1	100.0	30
10/04/20	9:00 a	79.3	79.8	78.4	100	79.3	1.0	ESE	0.50	7.0	SE	79.3	87.6	87.6	93.2	29.831	0.00	0.00	242	10.41	313	2.2	0.47	2.7	0.000	0.298	-52.3	0	---	-52.4	-52.4	 .0971	0.008	702	1	100.0	30
10/04/20	9:30 a	79.4	79.7	79.1	100	79.4	1.0	ESE	0.50	4.0	NE	79.4	87.9	87.9	91.5	29.831	0.00	0.00	172	7.40	213	1.8	0.39	2.4	0.000	0.300	-52.3	0	---	-52.4	-52.4	 .0971	0.000	702	1	100.0	30
10/04/20	10:00 a	79.2	79.9	79.0	100	79.2	1.0	SE	0.50	5.0	SSE	79.2	87.4	87.4	91.9	29.831	0.00	0.00	213	9.16	271	2.3	0.49	3.1	0.000	0.296	-52.3	0	---	-52.4	-52.4	 .0971	0.005	702	1	100.0	30
10/04/20	10:30 a	80.5	80.5	79.2	100	80.5	2.0	NNE	1.00	8.0	SSE	80.5	91.1	91.1	99.0	29.831	0.00	0.00	367	15.78	724	3.6	0.77	6.9	0.000	0.323	-52.3	0	---	-52.4	-52.4	 .0971	0.000	701	1	100.0	30
10/04/20	11:00 a	82.6	83.0	80.4	100	82.6	2.0	S	1.00	7.0	SSE	82.6	97.8	97.8	110.0	29.831	0.00	0.00	641	27.57	831	6.9	1.48	9.7	0.000	0.367	-52.3	0	---	-52.4	-52.4	 .0971	0.013	702	1	100.0	30
10/04/20	11:30 a	84.1	84.1	82.1	100	84.1	2.0	ESE	1.00	11.0	NE	84.1	103.5	103.5	116.8	29.831	0.00	0.00	767	32.99	1206	8.3	1.78	11.2	0.000	0.398	-52.3	0	---	-52.4	-52.4	 .0971	0.000	701	1	100.0	30
10/04/20	12:00 p	83.6	84.4	82.8	100	83.6	3.0	SE	1.50	12.0	SSE	83.6	101.5	101.5	114.9	29.831	0.00	0.00	835	35.91	1202	8.9	1.91	11.8	0.000	0.387	-52.3	0	---	-52.4	-52.4	 .0971	0.022	702	1	100.0	30
10/04/20	12:30 p	81.1	83.9	80.9	100	81.1	2.0	SE	1.00	9.0	SE	81.1	92.8	92.8	100.7	29.831	0.00	0.00	364	15.65	766	4.8	1.03	8.7	0.000	0.335	-52.3	0	---	-52.4	-52.4	 .0971	0.000	700	1	100.0	30
10/04/20	1:00 p	81.0	81.4	80.7	100	81.0	1.0	SSE	0.50	8.0	SSE	81.0	92.5	92.5	100.1	29.831	0.00	0.00	350	15.05	510	4.1	0.88	8.2	0.000	0.333	-52.3	0	---	-52.4	-52.4	 .0971	0.011	700	1	100.0	30
10/04/20	1:30 p	82.6	82.7	81.0	100	82.6	2.0	SE	1.00	7.0	ESE	82.6	97.8	97.8	106.3	29.831	0.00	0.00	397	17.07	856	3.9	0.84	8.2	0.000	0.367	-52.3	0	---	-52.4	-52.4	 .0971	0.000	699	1	100.0	30
10/04/20	2:00 p	82.0	83.4	81.9	100	82.0	3.0	SE	1.50	9.0	SE	82.0	95.7	95.7	107.2	29.831	0.00	0.00	576	24.77	1111	4.4	0.94	6.9	0.000	0.354	-52.3	0	---	-52.4	-52.4	 .0971	0.014	699	1	100.0	30
10/04/20	2:30 p	82.6	83.5	81.9	100	82.6	3.0	SE	1.50	8.0	W	82.6	97.8	97.8	109.4	29.831	0.00	0.00	546	23.48	701	3.6	0.77	5.2	0.000	0.367	-52.3	0	---	-52.4	-52.4	 .0971	0.000	701	1	100.0	30
10/04/20	3:00 p	81.8	82.9	81.5	100	81.8	2.0	SSE	1.00	7.0	SE	81.8	95.1	95.1	102.5	29.831	0.00	0.00	285	12.26	443	1.8	0.39	2.7	0.000	0.350	-52.3	0	---	-52.4	-52.4	 .0971	0.011	700	1	100.0	30
10/04/20	3:30 p	81.2	82.0	81.2	100	81.2	2.0	E	1.00	9.0	E	81.2	93.1	93.1	99.8	29.831	0.00	0.00	227	9.76	278	1.2	0.26	1.5	0.000	0.337	-52.3	0	---	-52.4	-52.4	 .0971	0.000	699	1	100.0	30
10/04/20	4:00 p	80.7	81.6	80.5	100	80.7	1.0	ESE	0.50	7.0	ESE	80.7	91.6	91.6	95.8	29.831	0.00	0.00	128	5.50	223	0.3	0.06	1.0	0.000	0.327	-52.3	0	---	-52.4	-52.4	 .0971	0.004	700	1	100.0	30
10/04/20	4:30 p	79.6	80.7	79.6	100	79.6	1.0	ENE	0.50	5.0	NE	79.6	88.5	88.5	90.5	29.831	0.00	0.00	58	2.49	69	0.0	0.00	0.0	0.000	0.304	-52.3	0	---	-52.4	-52.4	 .0971	0.000	700	1	100.0	30
10/04/20	5:00 p	79.0	80.0	78.9	100	79.0	1.0	ESE	0.50	8.0	S	79.0	86.8	86.8	86.8	29.831	0.00	0.00	42	1.81	58	0.0	0.00	0.0	0.000	0.292	-52.3	0	---	-52.4	-52.4	 .0971	0.001	702	1	100.0	30
10/04/20	5:30 p	78.9	79.4	78.8	100	78.9	0.0	ESE	0.00	2.0	ESE	78.9	86.6	86.6	85.7	29.831	0.00	0.00	5	0.22	12	0.0	0.00	0.0	0.000	0.290	-52.3	0	---	-52.4	-52.4	 .0971	0.000	700	1	100.0	30
10/04/20	6:00 p	78.3	78.9	78.3	100	78.3	0.0	ESE	0.00	2.0	ESE	78.3	85.1	85.1	84.1	29.831	0.00	0.00	0	0.00	0	0.0	0.00	0.0	0.000	0.277	-52.3	0	---	-52.4	-52.4	 .0971	0.000	702	1	100.0	30
10/04/20	6:30 p	77.8	78.4	77.8	100	77.8	1.0	ESE	0.50	4.0	ENE	77.8	84.0	84.0	82.9	29.831	0.00	0.00	0	0.00	0	0.0	0.00	0.0	0.000	0.267	-52.3	0	---	-52.4	-52.4	 .0971	0.000	702	1	100.0	30
10/04/20	7:00 p	77.7	77.9	77.6	100	77.7	1.0	ESE	0.50	4.0	E	77.7	83.7	83.7	82.6	29.831	0.00	0.00	0	0.00	0	0.0	0.00	0.0	0.000	0.265	-52.3	0	---	-52.4	-52.4	 .0971	0.000	701	1	100.0	30
10/04/20	7:30 p	77.4	77.7	77.3	100	77.4	0.0	ENE	0.00	3.0	SE	77.4	83.1	83.1	82.0	29.831	0.00	0.00	0	0.00	0	0.0	0.00	0.0	0.000	0.258	-52.3	0	---	-52.4	-52.4	 .0971	0.000	700	1	100.0	30
10/04/20	8:00 p	77.1	77.4	77.1	100	77.1	0.0	ENE	0.00	1.0	ENE	77.1	82.4	82.4	81.3	29.831	0.00	0.00	0	0.00	0	0.0	0.00	0.0	0.000	0.252	-52.3	0	---	-52.4	-52.4	 .0971	0.000	702	1	100.0	30
10/04/20	8:30 p	77.0	77.2	77.0	100	77.0	0.0	ESE	0.00	4.0	SSE	77.0	82.2	82.2	81.1	29.831	0.01	0.00	0	0.00	0	0.0	0.00	0.0	0.000	0.250	-52.3	0	---	-52.4	-52.4	 .0971	0.000	702	1	100.0	30
10/04/20	9:00 p	76.9	77.1	76.9	100	76.9	0.0	---	0.00	0.0	---	76.9	82.0	82.0	80.9	29.831	0.00	0.00	0	0.00	0	0.0	0.00	0.0	0.000	0.248	-52.3	0	---	-52.4	-52.4	 .0971	0.000	701	1	100.0	30
10/04/20	9:30 p	76.6	77.0	76.6	100	76.6	0.0	ESE	0.00	1.0	ESE	76.6	81.4	81.4	80.3	29.831	0.00	0.00	0	0.00	0	0.0	0.00	0.0	0.000	0.242	-52.3	0	---	-52.4	-52.4	 .0971	0.000	701	1	100.0	30
10/04/20	10:00 p	76.4	76.7	76.4	100	76.4	0.0	ESE	0.00	1.0	ESE	76.4	81.1	81.1	80.0	29.831	0.00	0.00	0	0.00	0	0.0	0.00	0.0	0.000	0.238	-52.3	0	---	-52.4	-52.4	 .0971	0.000	703	1	100.0	30
10/04/20	10:30 p	76.3	76.4	76.2	100	76.3	0.0	---	0.00	0.0	---	76.3	80.9	80.9	79.8	29.831	0.00	0.00	0	0.00	0	0.0	0.00	0.0	0.000	0.235	-52.3	0	---	-52.4	-52.4	 .0971	0.000	700	1	100.0	30
10/04/20	11:00 p	76.2	76.4	76.1	100	76.2	0.0	---	0.00	0.0	---	76.2	80.7	80.7	79.6	29.831	0.00	0.00	0	0.00	0	0.0	0.00	0.0	0.000	0.233	-52.3	0	---	-52.4	-52.4	 .0971	0.000	701	1	100.0	30
10/04/20	11:30 p	76.2	76.3	76.1	100	76.2	0.0	ESE	0.00	1.0	ESE	76.2	80.7	80.7	79.6	29.831	0.00	0.00	0	0.00	0	0.0	0.00	0.0	0.000	0.233	-52.3	0	---	-52.4	-52.4	 .0971	0.000	702	1	100.0	30
10/05/20	12:00 a	76.1	76.2	76.0	100	76.1	0.0	---	0.00	0.0	---	76.1	80.5	80.5	79.4	29.831	0.00	0.00	0	0.00	0	0.0	0.00	0.0	0.000	0.231	-52.3	0	---	-52.4	-52.4	 .0971	0.000	702	1	100.0	30
10/05/20	12:30 a	76.0	76.1	75.9	100	76.0	0.0	ESE	0.00	1.0	ESE	76.0	80.3	80.3	79.2	29.831	0.00	0.00	0	0.00	0	0.0	0.00	0.0	0.000	0.229	-52.3	0	---	-52.4	-52.4	 .0971	0.000	699	1	100.0	30
10/05/20	1:00 a	75.8	76.0	75.8	100	75.8	0.0	---	0.00	0.0	---	75.8	80.0	80.0	78.8	29.831	0.00	0.00	0	0.00	0	0.0	0.00	0.0	0.000	0.225	-52.3	0	---	-52.4	-52.4	 .0971	0.000	702	1	100.0	30
10/05/20	1:30 a	75.7	75.9	75.7	100	75.7	0.0	---	0.00	0.0	---	75.7	79.8	79.8	78.6	29.831	0.00	0.00	0	0.00	0	0.0	0.00	0.0	0.000	0.223	-52.3	0	---	-52.4	-52.4	 .0971	0.000	699	1	100.0	30
10/05/20	2:00 a	75.9	76.0	75.7	100	75.9	0.0	---	0.00	0.0	---	75.9	80.2	80.2	79.0	29.831	0.00	0.00	0	0.00	0	0.0	0.00	0.0	0.000	0.227	-52.3	0	---	-52.4	-52.4	 .0971	0.000	702	1	100.0	30
10/05/20	2:30 a	76.0	76.1	75.8	100	76.0	0.0	---	0.00	0.0	---	76.0	80.3	80.3	79.2	29.831	0.00	0.00	0	0.00	0	0.0	0.00	0.0	0.000	0.229	-52.3	0	---	-52.4	-52.4	 .0971	0.000	699	1	100.0	30
10/05/20	3:00 a	76.1	76.2	76.0	100	76.1	0.0	---	0.00	0.0	---	76.1	80.5	80.5	79.4	29.831	0.00	0.00	0	0.00	0	0.0	0.00	0.0	0.000	0.231	-52.3	0	---	-52.4	-52.4	 .0971	0.000	697	1	100.0	30
10/05/20	3:30 a	76.2	76.2	76.0	100	76.2	0.0	ESE	0.00	1.0	ESE	76.2	80.7	80.7	79.6	29.831	0.07	0.55	0	0.00	0	0.0	0.00	0.0	0.000	0.233	-52.3	0	---	-52.4	-52.4	 .0971	0.000	699	1	100.0	30
10/05/20	4:00 a	76.3	76.3	76.1	100	76.3	0.0	---	0.00	0.0	---	76.3	80.9	80.9	79.8	29.831	0.02	0.10	0	0.00	0	0.0	0.00	0.0	0.000	0.235	-52.3	0	---	-52.4	-52.4	 .0971	0.000	699	1	100.0	30
10/05/20	4:30 a	76.1	76.3	76.1	100	76.1	0.0	ESE	0.00	2.0	ESE	76.1	80.5	80.5	79.4	29.831	0.15	2.24	0	0.00	0	0.0	0.00	0.0	0.000	0.231	-52.3	0	---	-52.4	-52.4	 .0971	0.000	700	1	100.0	30
10/05/20	5:00 a	76.0	76.2	75.8	100	76.0	0.0	ESE	0.00	2.0	ESE	76.0	80.3	80.3	79.2	29.831	0.20	3.97	0	0.00	0	0.0	0.00	0.0	0.000	0.229	-52.3	0	---	-52.4	-52.4	 .0971	0.000	699	1	100.0	30
10/05/20	5:30 a	75.7	76.0	75.6	100	75.7	0.0	NNW	0.00	2.0	NNW	75.7	79.8	79.8	78.6	29.831	0.00	0.00	0	0.00	5	0.0	0.00	0.0	0.000	0.223	-52.3	0	---	-52.4	-52.4	 .0971	0.000	703	1	100.0	30
10/05/20	6:00 a	75.8	75.8	75.5	100	75.8	0.0	N	0.00	2.0	N	75.8	80.0	80.0	79.1	29.831	0.00	0.00	13	0.56	23	0.0	0.00	0.0	0.000	0.225	-52.3	0	---	-52.4	-52.4	 .0971	0.000	691	1	100.0	30
10/05/20	6:30 a	76.1	76.1	75.7	100	76.1	0.0	N	0.00	1.0	N	76.1	80.5	80.5	81.5	29.831	0.00	0.00	35	1.51	54	0.0	0.00	0.0	0.000	0.231	-52.3	0	---	-52.4	-52.4	 .0971	0.000	703	1	100.0	30
10/05/20	7:00 a	76.8	76.8	76.1	100	76.8	0.0	N	0.00	1.0	N	76.8	81.8	81.8	84.3	29.831	0.00	0.00	78	3.35	97	0.0	0.00	0.0	0.000	0.246	-52.3	0	---	-52.4	-52.4	 .0971	0.001	699	1	100.0	30
10/05/20	7:30 a	77.5	77.6	76.7	100	77.5	0.0	N	0.00	1.0	N	77.5	83.3	83.3	86.6	29.831	0.00	0.00	111	4.77	121	0.8	0.17	1.0	0.000	0.260	-52.3	0	---	-52.4	-52.4	 .0971	0.000	699	1	100.0	30
10/05/20	8:00 a	78.1	78.1	77.3	100	78.1	0.0	N	0.00	1.0	N	78.1	84.6	84.6	87.9	29.831	0.00	0.00	126	5.42	165	1.2	0.26	1.6	0.000	0.273	-52.3	0	---	-52.4	-52.4	 .0971	0.003	700	1	100.0	30
10/05/20	8:30 a	79.1	79.2	78.1	100	79.1	0.0	WNW	0.00	2.0	WNW	79.1	87.1	87.1	94.8	29.831	0.00	0.00	314	13.50	445	2.3	0.49	2.9	0.000	0.294	-52.3	0	---	-52.4	-52.4	 .0971	0.000	703	1	100.0	30
10/05/20	9:00 a	79.4	79.9	78.9	100	79.4	1.0	S	0.50	5.0	S	79.4	87.9	87.9	98.1	29.831	0.00	0.00	476	20.47	724	3.7	0.79	5.2	0.000	0.300	-52.3	0	---	-52.4	-52.4	 .0971	0.010	699	1	100.0	30
10/05/20	9:30 a	80.2	80.7	79.4	100	80.2	2.0	S	1.00	9.0	SSE	80.2	90.2	90.2	100.9	29.831	0.00	0.00	528	22.71	997	4.8	1.03	6.5	0.000	0.317	-52.3	0	---	-52.4	-52.4	 .0971	0.000	701	1	100.0	30
10/05/20	10:00 a	81.2	81.4	79.9	100	81.2	1.0	SSE	0.50	7.0	SE	81.2	93.1	93.1	103.4	29.831	0.00	0.00	509	21.89	671	5.1	1.09	5.9	0.000	0.337	-52.3	0	---	-52.4	-52.4	 .0971	0.013	701	1	100.0	30
10/05/20	10:30 a	81.2	82.0	80.6	100	81.2	1.0	SE	0.50	7.0	SE	81.2	93.1	93.1	102.9	29.831	0.00	0.00	477	20.51	598	5.3	1.14	6.2	0.000	0.337	-52.3	0	---	-52.4	-52.4	 .0971	0.000	699	1	100.0	30
10/05/20	11:00 a	83.2	83.2	81.2	100	83.2	2.0	ESE	1.00	9.0	SSE	83.2	100.0	100.0	113.2	29.831	0.00	0.00	764	32.86	1324	7.8	1.67	11.7	0.000	0.379	-52.3	0	---	-52.4	-52.4	 .0971	0.016	703	1	100.0	30
10/05/20	11:30 a	81.0	84.4	81.0	100	81.0	3.0	SE	1.50	12.0	SE	81.0	92.5	92.5	105.0	29.831	0.00	0.00	673	28.94	1677	7.3	1.56	12.2	0.000	0.333	-52.3	0	---	-52.4	-52.4	 .0971	0.000	700	1	100.0	30
10/05/20	12:00 p	79.9	81.0	79.6	100	79.9	3.0	SSE	1.50	9.0	SE	79.9	89.3	89.3	96.7	29.831	0.00	0.00	337	14.49	487	3.5	0.75	4.9	0.000	0.310	-52.3	0	---	-52.4	-52.4	 .0971	0.014	699	1	100.0	30
10/05/20	12:30 p	81.5	81.7	79.8	100	81.5	2.0	SE	1.00	9.0	S	81.5	94.1	94.1	104.2	29.831	0.00	0.00	490	21.07	988	5.3	1.14	9.7	0.000	0.344	-52.3	0	---	-52.4	-52.4	 .0971	0.000	700	1	100.0	30
10/05/20	1:00 p	80.9	82.3	80.7	100	80.9	3.0	SE	1.50	10.0	SE	80.9	92.2	92.2	102.5	29.831	0.00	0.00	513	22.06	902	5.4	1.16	8.8	0.000	0.331	-52.3	0	---	-52.4	-52.4	 .0971	0.014	700	1	100.0	30
10/05/20	1:30 p	79.3	80.9	79.3	100	79.3	3.0	SE	1.50	13.0	SSE	79.3	87.6	87.6	94.8	29.831	0.00	0.00	334	14.36	629	3.0	0.64	4.8	0.000	0.298	-52.3	0	---	-52.4	-52.4	 .0971	0.000	699	1	100.0	30
10/05/20	2:00 p	78.9	80.5	78.9	100	78.9	1.0	ESE	0.50	7.0	E	78.9	86.6	86.6	91.7	29.831	0.00	0.00	227	9.76	455	2.2	0.47	5.1	0.000	0.290	-52.3	0	---	-52.4	-52.4	 .0971	0.007	701	1	100.0	30
10/05/20	2:30 p	79.3	79.6	78.9	100	79.3	1.0	ENE	0.50	6.0	E	79.3	87.6	87.6	93.1	29.831	0.00	0.00	230	9.89	271	1.7	0.36	1.9	0.000	0.298	-52.3	0	---	-52.4	-52.4	 .0971	0.000	699	1	100.0	30
10/05/20	3:00 p	79.1	79.6	79.0	100	79.1	1.0	SE	0.50	5.0	SSE	79.1	87.1	87.1	91.1	29.831	0.00	0.00	159	6.84	227	1.2	0.26	1.6	0.000	0.294	-52.3	0	---	-52.4	-52.4	 .0971	0.005	701	1	100.0	30
10/05/20	3:30 p	78.7	79.2	78.7	100	78.7	1.0	NW	0.50	4.0	NNW	78.7	86.1	86.1	88.5	29.831	0.00	0.00	93	4.00	116	0.4	0.09	0.7	0.000	0.285	-52.3	0	---	-52.4	-52.4	 .0971	0.000	699	1	100.0	30
10/05/20	4:00 p	78.8	78.9	78.3	100	78.8	0.0	SE	0.00	2.0	ENE	78.8	86.3	86.3	87.8	29.831	0.00	0.00	57	2.45	72	0.0	0.00	0.0	0.000	0.288	-52.3	0	---	-52.4	-52.4	 .0971	0.002	702	1	100.0	30
10/05/20	4:30 p	78.2	78.8	78.1	100	78.2	0.0	SE	0.00	2.0	SE	78.2	84.9	84.9	85.6	29.831	0.00	0.00	31	1.33	40	0.0	0.00	0.0	0.000	0.275	-52.3	0	---	-52.4	-52.4	 .0971	0.000	701	1	100.0	30
10/05/20	5:00 p	77.4	78.3	77.4	100	77.4	0.0	SE	0.00	1.0	SE	77.4	83.1	83.1	82.5	29.831	0.00	0.00	16	0.69	23	0.0	0.00	0.0	0.000	0.258	-52.3	0	---	-52.4	-52.4	 .0971	0.001	698	1	100.0	30
10/05/20	5:30 p	77.0	77.5	77.0	100	77.0	0.0	SE	0.00	1.0	SE	77.0	82.2	82.2	81.2	29.831	0.00	0.00	1	0.04	7	0.0	0.00	0.0	0.000	0.250	-52.3	0	---	-52.4	-52.4	 .0971	0.000	702	1	100.0	30
10/05/20	6:00 p	76.5	77.0	76.5	100	76.5	0.0	SE	0.00	1.0	SE	76.5	81.3	81.3	80.2	29.831	0.00	0.00	0	0.00	0	0.0	0.00	0.0	0.000	0.240	-52.3	0	---	-52.4	-52.4	 .0971	0.000	699	1	100.0	30
10/05/20	6:30 p	76.4	76.6	76.3	100	76.4	0.0	SE	0.00	1.0	SE	76.4	81.1	81.1	80.0	29.831	0.01	0.00	0	0.00	0	0.0	0.00	0.0	0.000	0.238	-52.3	0	---	-52.4	-52.4	 .0971	0.000	702	1	100.0	30
10/05/20	7:00 p	76.0	76.4	76.0	100	76.0	0.0	SE	0.00	1.0	SE	76.0	80.3	80.3	79.2	29.831	0.00	0.00	0	0.00	0	0.0	0.00	0.0	0.000	0.229	-52.3	0	---	-52.4	-52.4	 .0971	0.000	701	1	100.0	30
10/05/20	7:30 p	76.0	76.1	75.8	100	76.0	0.0	SE	0.00	1.0	SE	76.0	80.3	80.3	79.2	29.831	0.00	0.00	0	0.00	0	0.0	0.00	0.0	0.000	0.229	-52.3	0	---	-52.4	-52.4	 .0971	0.000	700	1	100.0	30
10/05/20	8:00 p	75.5	76.1	75.5	100	75.5	0.0	---	0.00	0.0	---	75.5	79.6	79.6	78.5	29.831	0.00	0.00	0	0.00	0	0.0	0.00	0.0	0.000	0.219	-52.3	0	---	-52.4	-52.4	 .0971	0.000	701	1	100.0	30
10/05/20	8:30 p	75.4	75.6	75.4	100	75.4	0.0	---	0.00	0.0	---	75.4	79.4	79.4	78.3	29.831	0.00	0.00	0	0.00	0	0.0	0.00	0.0	0.000	0.217	-52.3	0	---	-52.4	-52.4	 .0971	0.000	701	1	100.0	30
10/05/20	9:00 p	75.2	75.5	75.2	100	75.2	0.0	SE	0.00	1.0	SE	75.2	79.1	79.1	78.0	29.831	0.00	0.00	0	0.00	0	0.0	0.00	0.0	0.000	0.212	-52.3	0	---	-52.4	-52.4	 .0971	0.000	702	1	100.0	30
10/05/20	9:30 p	75.3	75.4	75.2	100	75.3	0.0	SE	0.00	1.0	SE	75.3	79.3	79.3	78.2	29.831	0.00	0.00	0	0.00	0	0.0	0.00	0.0	0.000	0.215	-52.3	0	---	-52.4	-52.4	 .0971	0.000	702	1	100.0	30
10/05/20	10:00 p	75.2	75.3	75.2	100	75.2	0.0	SE	0.00	1.0	SE	75.2	79.1	79.1	78.0	29.831	0.00	0.00	0	0.00	0	0.0	0.00	0.0	0.000	0.212	-52.3	0	---	-52.4	-52.4	 .0971	0.000	697	1	100.0	30
10/05/20	10:30 p	75.1	75.3	75.0	100	75.1	0.0	SE	0.00	1.0	SE	75.1	78.9	78.9	77.8	29.831	0.00	0.00	0	0.00	0	0.0	0.00	0.0	0.000	0.210	-52.3	0	---	-52.4	-52.4	 .0971	0.000	696	1	100.0	30
10/05/20	11:00 p	75.0	75.1	75.0	100	75.0	0.0	---	0.00	0.0	---	75.0	78.8	78.8	77.7	29.831	0.00	0.00	0	0.00	0	0.0	0.00	0.0	0.000	0.208	-52.3	0	---	-52.4	-52.4	 .0971	0.000	702	1	100.0	30
10/05/20	11:30 p	75.2	75.3	75.0	100	75.2	0.0	SE	0.00	2.0	SE	75.2	79.1	79.1	78.0	29.831	0.00	0.00	0	0.00	0	0.0	0.00	0.0	0.000	0.212	-52.3	0	---	-52.4	-52.4	 .0971	0.000	699	1	100.0	30
10/06/20	12:00 a	75.2	75.4	75.2	100	75.2	0.0	SE	0.00	1.0	SE	75.2	79.1	79.1	78.0	29.831	0.00	0.00	0	0.00	0	0.0	0.00	0.0	0.000	0.212	-52.3	0	---	-52.4	-52.4	 .0971	0.000	703	1	100.0	30
10/06/20	12:30 a	75.2	75.4	75.2	100	75.2	0.0	SE	0.00	1.0	SE	75.2	79.1	79.1	78.0	29.831	0.00	0.00	0	0.00	0	0.0	0.00	0.0	0.000	0.212	-52.3	0	---	-52.4	-52.4	 .0971	0.000	700	1	100.0	30
10/06/20	1:00 a	75.0	75.3	75.0	100	75.0	0.0	---	0.00	0.0	---	75.0	78.8	78.8	77.7	29.831	0.00	0.00	0	0.00	0	0.0	0.00	0.0	0.000	0.208	-52.3	0	---	-52.4	-52.4	 .0971	0.000	700	1	100.0	30
10/06/20	1:30 a	74.9	75.0	74.8	100	74.9	0.0	---	0.00	0.0	---	74.9	78.7	78.7	77.5	29.831	0.00	0.00	0	0.00	0	0.0	0.00	0.0	0.000	0.206	-52.3	0	---	-52.4	-52.4	 .0971	0.000	700	1	100.0	30
10/06/20	2:00 a	75.2	75.2	74.8	100	75.2	0.0	SE	0.00	1.0	SE	75.2	79.1	79.1	78.0	29.831	0.00	0.00	0	0.00	0	0.0	0.00	0.0	0.000	0.212	-52.3	0	---	-52.4	-52.4	 .0971	0.000	702	1	100.0	30
10/06/20	2:30 a	75.5	75.5	75.2	100	75.5	0.0	SE	0.00	1.0	SE	75.5	79.6	79.6	78.5	29.831	0.02	0.42	0	0.00	0	0.0	0.00	0.0	0.000	0.219	-52.3	0	---	-52.4	-52.4	 .0971	0.000	701	1	100.0	30
10/06/20	3:00 a	75.7	75.7	75.4	100	75.7	0.0	E	0.00	2.0	SE	75.7	79.8	79.8	78.7	29.831	0.04	0.18	0	0.00	0	0.0	0.00	0.0	0.000	0.223	-52.3	0	---	-52.4	-52.4	 .0971	0.000	699	1	100.0	30
10/06/20	3:30 a	75.8	75.9	75.6	100	75.8	0.0	E	0.00	2.0	E	75.8	80.0	80.0	78.9	29.831	0.00	0.00	0	0.00	0	0.0	0.00	0.0	0.000	0.225	-52.3	0	---	-52.4	-52.4	 .0971	0.000	701	1	100.0	30
10/06/20	4:00 a	75.6	75.9	75.5	100	75.6	0.0	E	0.00	2.0	E	75.6	79.7	79.7	78.6	29.831	0.01	0.00	0	0.00	0	0.0	0.00	0.0	0.000	0.221	-52.3	0	---	-52.4	-52.4	 .0971	0.000	699	1	100.0	30
10/06/20	4:30 a	75.6	75.8	75.5	100	75.6	0.0	E	0.00	1.0	E	75.6	79.7	79.7	78.6	29.831	0.01	0.00	0	0.00	0	0.0	0.00	0.0	0.000	0.221	-52.3	0	---	-52.4	-52.4	 .0971	0.000	703	1	100.0	30
10/06/20	5:00 a	75.7	75.8	75.5	100	75.7	0.0	E	0.00	1.0	E	75.7	79.8	79.8	78.7	29.831	0.07	0.70	0	0.00	0	0.0	0.00	0.0	0.000	0.223	-52.3	0	---	-52.4	-52.4	 .0971	0.000	701	1	100.0	30
10/06/20	5:30 a	75.7	75.8	75.6	100	75.7	0.0	E	0.00	1.0	E	75.7	79.8	79.8	78.7	29.831	0.03	0.09	0	0.00	0	0.0	0.00	0.0	0.000	0.223	-52.3	0	---	-52.4	-52.4	 .0971	0.000	699	1	100.0	30
10/06/20	6:00 a	76.0	76.0	75.6	100	76.0	0.0	E	0.00	1.0	E	76.0	80.3	80.3	79.7	29.831	0.00	0.00	20	0.86	35	0.0	0.00	0.0	0.000	0.229	-52.3	0	---	-52.4	-52.4	 .0971	0.000	701	1	100.0	30
10/06/20	6:30 a	76.5	76.6	76.0	100	76.5	0.0	E	0.00	1.0	E	76.5	81.3	81.3	83.4	29.831	0.00	0.00	58	2.49	76	0.0	0.00	0.0	0.000	0.240	-52.3	0	---	-52.4	-52.4	 .0971	0.000	701	1	100.0	30
10/06/20	7:00 a	77.5	77.5	76.5	100	77.5	0.0	E	0.00	1.0	E	77.5	83.3	83.3	87.6	29.831	0.00	0.00	122	5.25	185	0.3	0.06	0.7	0.000	0.260	-52.3	0	---	-52.4	-52.4	 .0971	0.002	701	1	100.0	30
10/06/20	7:30 a	78.0	78.2	77.4	100	78.0	0.0	E	0.00	1.0	E	78.0	84.4	84.4	89.0	29.831	0.00	0.00	150	6.45	213	0.9	0.19	1.2	0.000	0.271	-52.3	0	---	-52.4	-52.4	 .0971	0.000	700	1	100.0	30
10/06/20	8:00 a	79.5	79.7	77.8	100	79.5	0.0	E	0.00	1.0	E	79.5	88.2	88.2	94.5	29.831	0.00	0.00	228	9.81	306	1.4	0.30	1.5	0.000	0.302	-52.3	0	---	-52.4	-52.4	 .0971	0.005	701	1	100.0	30
10/06/20	8:30 a	77.3	79.5	77.3	100	77.3	1.0	SE	0.50	4.0	S	77.3	82.9	82.9	85.0	29.831	0.08	1.52	102	4.39	218	0.7	0.15	1.1	0.000	0.256	-52.3	0	---	-52.4	-52.4	 .0971	0.000	701	1	100.0	30
10/06/20	9:00 a	77.1	77.5	77.0	100	77.1	0.0	SSE	0.00	3.0	ESE	77.1	82.4	82.4	83.6	29.831	0.04	0.15	73	3.14	102	0.6	0.13	1.1	0.000	0.252	-52.3	0	---	-52.4	-52.4	 .0971	0.002	699	1	100.0	30
10/06/20	9:30 a	78.0	78.1	76.9	100	78.0	0.0	SW	0.00	2.0	SW	78.0	84.4	84.4	86.6	29.831	0.02	0.06	116	4.99	202	2.0	0.43	3.0	0.000	0.271	-52.3	0	---	-52.4	-52.4	 .0971	0.000	701	1	100.0	30
10/06/20	10:00 a	80.6	81.1	77.8	100	80.6	1.0	SW	0.50	4.0	SW	80.6	91.3	91.3	101.3	29.831	0.00	0.00	491	21.12	1090	5.3	1.14	8.4	0.000	0.325	-52.3	0	---	-52.4	-52.4	 .0971	0.008	700	1	100.0	30
10/06/20	10:30 a	83.4	83.5	80.6	100	83.4	1.0	SW	0.50	6.0	S	83.4	100.8	100.8	113.6	29.831	0.00	0.00	1090	46.88	1281	9.2	1.97	10.6	0.000	0.383	-52.3	0	---	-52.4	-52.4	 .0971	0.000	702	1	100.0	30
10/06/20	11:00 a	84.1	84.4	82.8	100	84.1	3.0	SSW	1.50	11.0	WSW	84.1	103.5	103.5	115.6	29.831	0.00	0.00	1110	47.74	1223	9.6	2.06	10.6	0.000	0.398	-52.3	0	---	-52.4	-52.4	 .0971	0.027	703	1	100.0	30
10/06/20	11:30 a	83.2	84.8	83.1	100	83.2	3.0	SSW	1.50	9.0	WSW	83.2	100.0	100.0	111.1	29.831	0.00	0.00	1091	46.92	1329	10.3	2.21	11.5	0.000	0.379	-52.3	0	---	-52.4	-52.4	 .0971	0.000	699	1	100.0	30
10/06/20	12:00 p	83.2	83.6	82.5	100	83.2	3.0	SW	1.50	10.0	WSW	83.2	100.0	100.0	113.3	29.831	0.00	0.00	772	33.20	1051	8.1	1.74	9.9	0.000	0.379	-52.3	0	---	-52.4	-52.4	 .0971	0.024	699	1	100.0	30
10/06/20	12:30 p	84.0	84.8	83.1	100	84.0	3.0	SW	1.50	7.0	WSW	84.0	103.1	103.1	116.3	29.831	0.00	0.00	1168	50.23	1380	9.7	2.08	11.1	0.000	0.396	-52.3	0	---	-52.4	-52.4	 .0971	0.000	698	1	100.0	30
10/06/20	1:00 p	84.0	84.8	82.9	100	84.0	2.0	SW	1.00	10.0	SW	84.0	103.1	103.1	115.6	29.831	0.00	0.00	915	39.35	1318	8.1	1.74	10.3	0.000	0.396	-52.3	0	---	-52.4	-52.4	 .0971	0.027	698	1	100.0	30
10/06/20	1:30 p	80.5	83.9	80.4	100	80.5	3.0	SW	1.50	10.0	SSW	80.5	91.1	91.1	99.1	29.831	0.00	0.00	373	16.04	919	4.4	0.94	8.4	0.000	0.323	-52.3	0	---	-52.4	-52.4	 .0971	0.000	698	1	100.0	30
10/06/20	2:00 p	79.1	80.5	79.1	100	79.1	2.0	SW	1.00	8.0	WSW	79.1	87.1	87.1	88.8	29.831	0.00	0.00	95	4.09	151	0.9	0.19	1.6	0.000	0.294	-52.3	0	---	-52.4	-52.4	 .0971	0.007	702	1	100.0	30
10/06/20	2:30 p	78.8	79.3	78.7	100	78.8	1.0	SSW	0.50	5.0	WNW	78.8	86.3	86.3	88.5	29.831	0.00	0.00	107	4.60	130	0.9	0.19	1.1	0.000	0.288	-52.3	0	---	-52.4	-52.4	 .0971	0.000	699	1	100.0	30
10/06/20	3:00 p	79.3	79.4	78.7	100	79.3	1.0	WSW	0.50	8.0	WNW	79.3	87.6	87.6	91.4	29.831	0.00	0.00	150	6.45	271	1.0	0.21	1.5	0.000	0.298	-52.3	0	---	-52.4	-52.4	 .0971	0.003	702	1	100.0	30
10/06/20	3:30 p	79.1	79.7	78.7	100	79.1	2.0	SW	1.00	10.0	SSW	79.1	87.1	87.1	93.4	29.831	0.00	0.00	214	9.20	322	1.0	0.21	1.4	0.000	0.294	-52.3	0	---	-52.4	-52.4	 .0971	0.000	703	1	100.0	30
10/06/20	4:00 p	79.5	79.6	79.0	100	79.5	1.0	SW	0.50	5.0	SSW	79.5	88.2	88.2	94.3	29.831	0.00	0.00	181	7.78	278	0.4	0.09	1.0	0.000	0.302	-52.3	0	---	-52.4	-52.4	 .0971	0.005	700	1	100.0	30
10/06/20	4:30 p	78.8	79.4	78.6	100	78.8	1.0	NNE	0.50	6.0	WSW	78.8	86.3	86.3	87.7	29.831	0.00	0.00	46	1.98	65	0.0	0.00	0.0	0.000	0.288	-52.3	0	---	-52.4	-52.4	 .0971	0.000	702	1	100.0	30
10/06/20	5:00 p	78.4	78.8	78.2	100	78.4	1.0	S	0.50	3.0	SSW	78.4	85.4	85.4	84.9	29.831	0.00	0.00	21	0.90	37	0.0	0.00	0.0	0.000	0.279	-52.3	0	---	-52.4	-52.4	 .0971	0.001	702	1	100.0	30
10/06/20	5:30 p	78.2	78.4	78.0	100	78.2	0.0	S	0.00	2.0	S	78.2	84.9	84.9	84.0	29.831	0.00	0.00	2	0.09	12	0.0	0.00	0.0	0.000	0.275	-52.3	0	---	-52.4	-52.4	 .0971	0.000	699	1	100.0	30
10/06/20	6:00 p	77.7	78.2	77.7	100	77.7	0.0	SW	0.00	5.0	WSW	77.7	83.7	83.7	82.7	29.831	0.00	0.00	0	0.00	0	0.0	0.00	0.0	0.000	0.265	-52.3	0	---	-52.4	-52.4	 .0971	0.000	702	1	100.0	30
10/06/20	6:30 p	77.5	77.7	77.4	100	77.5	0.0	---	0.00	0.0	---	77.5	83.3	83.3	82.3	29.831	0.00	0.00	0	0.00	0	0.0	0.00	0.0	0.000	0.260	-52.3	0	---	-52.4	-52.4	 .0971	0.000	701	1	100.0	30
10/06/20	7:00 p	77.1	77.5	77.1	100	77.1	0.0	---	0.00	0.0	---	77.1	82.4	82.4	81.4	29.831	0.00	0.00	0	0.00	0	0.0	0.00	0.0	0.000	0.252	-52.3	0	---	-52.4	-52.4	 .0971	0.000	701	1	100.0	30
10/06/20	7:30 p	76.5	77.1	76.5	100	76.5	0.0	---	0.00	0.0	---	76.5	81.3	81.3	80.2	29.831	0.00	0.00	0	0.00	0	0.0	0.00	0.0	0.000	0.240	-52.3	0	---	-52.4	-52.4	 .0971	0.000	701	1	100.0	30
10/06/20	8:00 p	76.3	76.5	76.2	100	76.3	0.0	SW	0.00	1.0	SW	76.3	80.9	80.9	79.8	29.831	0.00	0.00	0	0.00	0	0.0	0.00	0.0	0.000	0.235	-52.3	0	---	-52.4	-52.4	 .0971	0.000	701	1	100.0	30
10/06/20	8:30 p	76.3	76.5	76.2	100	76.3	0.0	---	0.00	0.0	---	76.3	80.9	80.9	79.8	29.831	0.00	0.00	0	0.00	0	0.0	0.00	0.0	0.000	0.235	-52.3	0	---	-52.4	-52.4	 .0971	0.000	697	1	100.0	30
10/06/20	9:00 p	75.9	76.3	75.9	100	75.9	0.0	---	0.00	0.0	---	75.9	80.2	80.2	79.1	29.831	0.00	0.00	0	0.00	0	0.0	0.00	0.0	0.000	0.227	-52.3	0	---	-52.4	-52.4	 .0971	0.000	703	1	100.0	30
10/06/20	9:30 p	76.0	76.0	75.8	100	76.0	0.0	---	0.00	0.0	---	76.0	80.3	80.3	79.2	29.831	0.00	0.00	0	0.00	0	0.0	0.00	0.0	0.000	0.229	-52.3	0	---	-52.4	-52.4	 .0971	0.000	699	1	100.0	30
10/06/20	10:00 p	76.1	76.2	75.9	100	76.1	0.0	---	0.00	0.0	---	76.1	80.5	80.5	79.4	29.831	0.00	0.00	0	0.00	0	0.0	0.00	0.0	0.000	0.231	-52.3	0	---	-52.4	-52.4	 .0971	0.000	703	1	100.0	30
10/06/20	10:30 p	76.0	76.1	75.9	100	76.0	0.0	---	0.00	0.0	---	76.0	80.3	80.3	79.2	29.831	0.00	0.00	0	0.00	0	0.0	0.00	0.0	0.000	0.229	-52.3	0	---	-52.4	-52.4	 .0971	0.000	700	1	100.0	30
10/06/20	11:00 p	76.0	76.1	75.9	100	76.0	0.0	SW	0.00	1.0	SW	76.0	80.3	80.3	79.2	29.831	0.00	0.00	0	0.00	0	0.0	0.00	0.0	0.000	0.229	-52.3	0	---	-52.4	-52.4	 .0971	0.000	701	1	100.0	30
10/06/20	11:30 p	75.8	76.0	75.8	100	75.8	0.0	SW	0.00	1.0	SW	75.8	80.0	80.0	78.9	29.831	0.00	0.00	0	0.00	0	0.0	0.00	0.0	0.000	0.225	-52.3	0	---	-52.4	-52.4	 .0971	0.000	700	1	100.0	30
10/07/20	12:00 a	75.6	75.8	75.5	100	75.6	0.0	SW	0.00	1.0	SW	75.6	79.7	79.7	78.6	29.831	0.00	0.00	0	0.00	0	0.0	0.00	0.0	0.000	0.221	-52.3	0	---	-52.4	-52.4	 .0971	0.000	701	1	100.0	30
10/07/20	12:30 a	75.3	75.6	75.2	100	75.3	0.0	---	0.00	0.0	---	75.3	79.3	79.3	78.2	29.831	0.00	0.00	0	0.00	0	0.0	0.00	0.0	0.000	0.215	-52.3	0	---	-52.4	-52.4	 .0971	0.000	699	1	100.0	30
10/07/20	1:00 a	75.1	75.3	75.1	100	75.1	0.0	---	0.00	0.0	---	75.1	78.9	78.9	77.8	29.831	0.00	0.00	0	0.00	0	0.0	0.00	0.0	0.000	0.210	-52.3	0	---	-52.4	-52.4	 .0971	0.000	701	1	100.0	30
10/07/20	1:30 a	75.2	75.2	75.1	100	75.2	0.0	---	0.00	0.0	---	75.2	79.1	79.1	78.0	29.831	0.00	0.00	0	0.00	0	0.0	0.00	0.0	0.000	0.212	-52.3	0	---	-52.4	-52.4	 .0971	0.000	700	1	100.0	30
10/07/20	2:00 a	75.0	75.2	74.9	100	75.0	0.0	SW	0.00	1.0	SW	75.0	78.8	78.8	77.7	29.831	0.00	0.00	0	0.00	0	0.0	0.00	0.0	0.000	0.208	-52.3	0	---	-52.4	-52.4	 .0971	0.000	702	1	100.0	30
10/07/20	2:30 a	74.7	75.0	74.6	100	74.7	0.0	---	0.00	0.0	---	74.7	78.4	78.4	77.2	29.831	0.00	0.00	0	0.00	0	0.0	0.00	0.0	0.000	0.202	-52.3	0	---	-52.4	-52.4	 .0971	0.000	702	1	100.0	30
10/07/20	3:00 a	74.9	75.0	74.6	100	74.9	0.0	---	0.00	0.0	---	74.9	78.7	78.7	77.5	29.831	0.00	0.00	0	0.00	0	0.0	0.00	0.0	0.000	0.206	-52.3	0	---	-52.4	-52.4	 .0971	0.000	702	1	100.0	30
10/07/20	3:30 a	75.0	75.0	74.8	100	75.0	0.0	---	0.00	0.0	---	75.0	78.8	78.8	77.7	29.831	0.01	0.00	0	0.00	0	0.0	0.00	0.0	0.000	0.208	-52.3	0	---	-52.4	-52.4	 .0971	0.000	703	1	100.0	30
10/07/20	4:00 a	75.0	75.1	74.9	100	75.0	0.0	---	0.00	0.0	---	75.0	78.8	78.8	77.7	29.831	0.00	0.00	0	0.00	0	0.0	0.00	0.0	0.000	0.208	-52.3	0	---	-52.4	-52.4	 .0971	0.000	701	1	100.0	30
10/07/20	4:30 a	75.2	75.2	75.0	100	75.2	0.0	---	0.00	0.0	---	75.2	79.1	79.1	78.0	29.831	0.00	0.00	0	0.00	0	0.0	0.00	0.0	0.000	0.212	-52.3	0	---	-52.4	-52.4	 .0971	0.000	701	1	100.0	30
10/07/20	5:00 a	75.2	75.2	75.0	100	75.2	0.0	SW	0.00	1.0	SW	75.2	79.1	79.1	78.0	29.831	0.00	0.00	0	0.00	0	0.0	0.00	0.0	0.000	0.212	-52.3	0	---	-52.4	-52.4	 .0971	0.000	699	1	100.0	30
10/07/20	5:30 a	75.3	75.4	75.1	100	75.3	0.0	---	0.00	0.0	---	75.3	79.3	79.3	78.2	29.831	0.00	0.00	0	0.00	0	0.0	0.00	0.0	0.000	0.215	-52.3	0	---	-52.4	-52.4	 .0971	0.000	701	1	100.0	30
10/07/20	6:00 a	75.9	75.9	75.3	100	75.9	0.0	SW	0.00	1.0	SW	75.9	80.2	80.2	79.6	29.831	0.00	0.00	22	0.95	47	0.0	0.00	0.0	0.000	0.227	-52.3	0	---	-52.4	-52.4	 .0971	0.000	698	1	100.0	30
10/07/20	6:30 a	76.9	76.9	75.9	100	76.9	0.0	SW	0.00	1.0	SW	76.9	82.0	82.0	85.1	29.831	0.00	0.00	82	3.53	123	0.0	0.00	0.0	0.000	0.248	-52.3	0	---	-52.4	-52.4	 .0971	0.000	702	1	100.0	30
10/07/20	7:00 a	77.3	77.5	76.7	100	77.3	0.0	SW	0.00	1.0	SW	77.3	82.9	82.9	87.8	29.831	0.00	0.00	138	5.93	160	0.4	0.09	0.7	0.000	0.256	-52.3	0	---	-52.4	-52.4	 .0971	0.003	702	1	100.0	30
10/07/20	7:30 a	78.2	78.4	77.3	100	78.2	0.0	SW	0.00	1.0	SW	78.2	84.9	84.9	90.5	29.831	0.00	0.00	177	7.61	207	1.0	0.21	1.1	0.000	0.275	-52.3	0	---	-52.4	-52.4	 .0971	0.000	702	1	100.0	30
10/07/20	8:00 a	79.2	79.2	77.6	100	79.2	0.0	ESE	0.00	2.0	SW	79.2	87.4	87.4	94.0	29.831	0.00	0.00	237	10.19	301	1.5	0.32	1.9	0.000	0.296	-52.3	0	---	-52.4	-52.4	 .0971	0.005	699	1	100.0	30
10/07/20	8:30 a	79.7	80.0	78.8	100	79.7	0.0	SE	0.00	3.0	SSE	79.7	88.8	88.8	96.2	29.831	0.00	0.00	302	12.99	381	2.4	0.51	3.3	0.000	0.306	-52.3	0	---	-52.4	-52.4	 .0971	0.000	701	1	100.0	30
10/07/20	9:00 a	81.2	81.2	79.4	100	81.2	1.0	S	0.50	4.0	SSE	81.2	93.1	93.1	103.1	29.831	0.00	0.00	457	19.65	918	4.1	0.88	6.1	0.000	0.337	-52.3	0	---	-52.4	-52.4	 .0971	0.010	701	1	100.0	30
10/07/20	9:30 a	82.7	83.0	81.0	100	82.7	2.0	SSW	1.00	6.0	ESE	82.7	98.1	98.1	110.0	29.831	0.00	0.00	615	26.45	905	5.5	1.18	7.1	0.000	0.369	-52.3	0	---	-52.4	-52.4	 .0971	0.000	699	1	100.0	30
10/07/20	10:00 a	82.8	83.3	81.9	100	82.8	2.0	S	1.00	6.0	SSE	82.8	98.5	98.5	111.0	29.831	0.00	0.00	687	29.54	1048	6.7	1.44	9.1	0.000	0.371	-52.3	0	---	-52.4	-52.4	 .0971	0.017	699	1	100.0	30
10/07/20	10:30 a	81.9	83.3	81.6	100	81.9	3.0	SE	1.50	9.0	SSE	81.9	95.4	95.4	107.7	29.831	0.00	0.00	665	28.60	1063	6.9	1.48	8.9	0.000	0.352	-52.3	0	---	-52.4	-52.4	 .0971	0.000	701	1	100.0	30
10/07/20	11:00 a	84.3	84.3	82.0	100	84.3	2.0	ESE	1.00	9.0	SSE	84.3	104.5	104.5	117.4	29.831	0.00	0.00	703	30.23	1241	7.6	1.63	10.7	0.000	0.402	-52.3	0	---	-52.4	-52.4	 .0971	0.018	701	1	100.0	30
10/07/20	11:30 a	83.3	84.7	82.8	100	83.3	3.0	SE	1.50	11.0	ESE	83.3	100.4	100.4	113.7	29.831	0.00	0.00	799	34.36	1195	8.3	1.78	10.4	0.000	0.381	-52.3	0	---	-52.4	-52.4	 .0971	0.000	699	1	100.0	30
10/07/20	12:00 p	83.4	83.5	82.8	100	83.4	2.0	ESE	1.00	7.0	SE	83.4	100.8	100.8	112.7	29.831	0.00	0.00	606	26.06	954	6.6	1.41	9.4	0.000	0.383	-52.3	0	---	-52.4	-52.4	 .0971	0.018	699	1	100.0	30
10/07/20	12:30 p	81.6	83.4	81.4	100	81.6	2.0	SE	1.00	8.0	SE	81.6	94.4	94.4	102.9	29.831	0.00	0.00	393	16.90	668	4.5	0.96	6.6	0.000	0.346	-52.3	0	---	-52.4	-52.4	 .0971	0.000	702	1	100.0	30
10/07/20	1:00 p	82.0	82.1	81.2	100	82.0	1.0	SE	0.50	7.0	E	82.0	95.7	95.7	103.7	29.831	0.00	0.00	371	15.96	617	4.0	0.86	5.5	0.000	0.354	-52.3	0	---	-52.4	-52.4	 .0971	0.010	701	1	100.0	30
10/07/20	1:30 p	82.2	82.6	82.0	100	82.2	2.0	SE	1.00	8.0	SSE	82.2	96.4	96.4	106.0	29.831	0.00	0.00	462	19.87	679	4.2	0.90	6.5	0.000	0.358	-52.3	0	---	-52.4	-52.4	 .0971	0.000	699	1	100.0	30
10/07/20	2:00 p	81.4	82.5	81.1	100	81.4	2.0	SE	1.00	8.0	SE	81.4	93.8	93.8	101.7	29.831	0.00	0.00	358	15.40	605	2.7	0.58	4.4	0.000	0.342	-52.3	0	---	-52.4	-52.4	 .0971	0.010	700	1	100.0	30
10/07/20	2:30 p	80.1	81.4	80.1	100	80.1	1.0	SE	0.50	4.0	ESE	80.1	89.9	89.9	92.3	29.831	0.00	0.00	112	4.82	163	0.9	0.19	1.4	0.000	0.315	-52.3	0	---	-52.4	-52.4	 .0971	0.000	702	1	100.0	30
10/07/20	3:00 p	79.3	80.1	79.2	100	79.3	0.0	NE	0.00	2.0	NE	79.3	87.6	87.6	89.4	29.831	0.00	0.00	82	3.53	111	0.6	0.13	0.7	0.000	0.298	-52.3	0	---	-52.4	-52.4	 .0971	0.002	697	1	100.0	30
10/07/20	3:30 p	79.6	80.1	79.3	100	79.6	0.0	ESE	0.00	1.0	ESE	79.6	88.5	88.5	92.2	29.831	0.00	0.00	132	5.68	148	0.8	0.17	0.9	0.000	0.304	-52.3	0	---	-52.4	-52.4	 .0971	0.000	701	1	100.0	30
10/07/20	4:00 p	79.8	79.9	79.4	100	79.8	0.0	---	0.00	0.0	---	79.8	89.0	89.0	92.7	29.831	0.00	0.00	115	4.95	134	0.5	0.11	0.6	0.000	0.308	-52.3	0	---	-52.4	-52.4	 .0971	0.003	701	1	100.0	30
10/07/20	4:30 p	79.3	79.9	79.2	100	79.3	0.0	---	0.00	0.0	---	79.3	87.6	87.6	91.7	29.831	0.00	0.00	108	4.64	134	0.0	0.00	0.5	0.000	0.298	-52.3	0	---	-52.4	-52.4	 .0971	0.000	701	1	100.0	30
10/07/20	5:00 p	78.9	79.4	78.7	100	78.9	0.0	---	0.00	0.0	---	78.9	86.6	86.6	86.2	29.831	0.00	0.00	30	1.29	67	0.0	0.00	0.0	0.000	0.290	-52.3	0	---	-52.4	-52.4	 .0971	0.002	701	1	100.0	30
10/07/20	5:30 p	78.2	78.9	78.2	100	78.2	0.0	---	0.00	0.0	---	78.2	84.9	84.9	83.9	29.831	0.00	0.00	2	0.09	9	0.0	0.00	0.0	0.000	0.275	-52.3	0	---	-52.4	-52.4	 .0971	0.000	703	1	100.0	30
10/07/20	6:00 p	77.5	78.2	77.5	100	77.5	0.0	---	0.00	0.0	---	77.5	83.3	83.3	82.2	29.831	0.00	0.00	0	0.00	0	0.0	0.00	0.0	0.000	0.260	-52.3	0	---	-52.4	-52.4	 .0971	0.000	701	1	100.0	30
10/07/20	6:30 p	76.9	77.5	76.9	100	76.9	0.0	---	0.00	0.0	---	76.9	82.0	82.0	80.8	29.831	0.00	0.00	0	0.00	0	0.0	0.00	0.0	0.000	0.248	-52.3	0	---	-52.4	-52.4	 .0971	0.000	701	1	100.0	30
10/07/20	7:00 p	76.8	77.1	76.8	100	76.8	0.0	---	0.00	0.0	---	76.8	81.8	81.8	80.6	29.831	0.00	0.00	0	0.00	0	0.0	0.00	0.0	0.000	0.246	-52.3	0	---	-52.4	-52.4	 .0971	0.000	701	1	100.0	30
10/07/20	7:30 p	76.8	76.9	76.8	100	76.8	0.0	---	0.00	0.0	---	76.8	81.8	81.8	80.6	29.831	0.00	0.00	0	0.00	0	0.0	0.00	0.0	0.000	0.246	-52.3	0	---	-52.4	-52.4	 .0971	0.000	700	1	100.0	30
10/07/20	8:00 p	76.9	76.9	76.6	100	76.9	0.0	ENE	0.00	2.0	ENE	76.9	82.0	82.0	80.8	29.831	0.00	0.00	0	0.00	0	0.0	0.00	0.0	0.000	0.248	-52.3	0	---	-52.4	-52.4	 .0971	0.000	703	1	100.0	30
10/07/20	8:30 p	76.6	76.9	76.6	100	76.6	0.0	N	0.00	4.0	WNW	76.6	81.4	81.4	80.2	29.831	0.00	0.00	0	0.00	0	0.0	0.00	0.0	0.000	0.242	-52.3	0	---	-52.4	-52.4	 .0971	0.000	701	1	100.0	30
10/07/20	9:00 p	76.3	76.7	76.3	100	76.3	0.0	N	0.00	4.0	NW	76.3	80.9	80.9	79.7	29.831	0.00	0.00	0	0.00	0	0.0	0.00	0.0	0.000	0.235	-52.3	0	---	-52.4	-52.4	 .0971	0.000	703	1	100.0	30
10/07/20	9:30 p	76.3	76.4	76.1	100	76.3	0.0	NW	0.00	2.0	NW	76.3	80.9	80.9	79.7	29.831	0.00	0.00	0	0.00	0	0.0	0.00	0.0	0.000	0.235	-52.3	0	---	-52.4	-52.4	 .0971	0.000	701	1	100.0	30
10/07/20	10:00 p	76.2	76.4	76.2	100	76.2	0.0	NW	0.00	3.0	NNW	76.2	80.7	80.7	79.5	29.831	0.00	0.00	0	0.00	0	0.0	0.00	0.0	0.000	0.233	-52.3	0	---	-52.4	-52.4	 .0971	0.000	700	1	100.0	30
10/07/20	10:30 p	76.5	76.7	76.2	100	76.5	0.0	NNW	0.00	1.0	NNW	76.5	81.3	81.3	80.1	29.831	0.00	0.00	0	0.00	0	0.0	0.00	0.0	0.000	0.240	-52.3	0	---	-52.4	-52.4	 .0971	0.000	700	1	100.0	30
10/07/20	11:00 p	76.4	76.7	76.4	100	76.4	0.0	---	0.00	0.0	---	76.4	81.1	81.1	79.9	29.831	0.00	0.00	0	0.00	0	0.0	0.00	0.0	0.000	0.238	-52.3	0	---	-52.4	-52.4	 .0971	0.000	701	1	100.0	30
10/07/20	11:30 p	76.2	76.5	76.2	100	76.2	0.0	---	0.00	0.0	---	76.2	80.7	80.7	79.5	29.831	0.00	0.00	0	0.00	0	0.0	0.00	0.0	0.000	0.233	-52.3	0	---	-52.4	-52.4	 .0971	0.000	699	1	100.0	30
10/08/20	12:00 a	76.0	76.3	76.0	100	76.0	0.0	---	0.00	0.0	---	76.0	80.3	80.3	79.1	29.831	0.00	0.00	0	0.00	0	0.0	0.00	0.0	0.000	0.229	-52.3	0	---	-52.4	-52.4	 .0971	0.000	702	1	100.0	30
10/08/20	12:30 a	75.8	76.1	75.8	100	75.8	0.0	---	0.00	0.0	---	75.8	80.0	80.0	78.7	29.831	0.00	0.00	0	0.00	0	0.0	0.00	0.0	0.000	0.225	-52.3	0	---	-52.4	-52.4	 .0971	0.000	700	1	100.0	30
10/08/20	1:00 a	75.6	75.9	75.6	100	75.6	0.0	---	0.00	0.0	---	75.6	79.7	79.7	78.4	29.831	0.00	0.00	0	0.00	0	0.0	0.00	0.0	0.000	0.221	-52.3	0	---	-52.4	-52.4	 .0971	0.000	702	1	100.0	30
10/08/20	1:30 a	74.9	75.7	74.9	100	74.9	0.0	NNW	0.00	1.0	NNW	74.9	78.7	78.7	77.4	29.831	0.00	0.00	0	0.00	0	0.0	0.00	0.0	0.000	0.206	-52.3	0	---	-52.4	-52.4	 .0971	0.000	701	1	100.0	30
10/08/20	2:00 a	74.7	74.9	74.7	100	74.7	0.0	---	0.00	0.0	---	74.7	78.4	78.4	77.1	29.831	0.00	0.00	0	0.00	0	0.0	0.00	0.0	0.000	0.202	-52.3	0	---	-52.4	-52.4	 .0971	0.000	701	1	100.0	30
10/08/20	2:30 a	74.7	74.8	74.6	100	74.7	0.0	---	0.00	0.0	---	74.7	78.4	78.4	77.1	29.831	0.00	0.00	0	0.00	0	0.0	0.00	0.0	0.000	0.202	-52.3	0	---	-52.4	-52.4	 .0971	0.000	701	1	100.0	30
10/08/20	3:00 a	74.8	74.8	74.6	100	74.8	0.0	---	0.00	0.0	---	74.8	78.6	78.6	77.3	29.831	0.00	0.00	0	0.00	0	0.0	0.00	0.0	0.000	0.204	-52.3	0	---	-52.4	-52.4	 .0971	0.000	701	1	100.0	30
10/08/20	3:30 a	74.9	74.9	74.7	100	74.9	0.0	---	0.00	0.0	---	74.9	78.7	78.7	77.4	29.831	0.00	0.00	0	0.00	0	0.0	0.00	0.0	0.000	0.206	-52.3	0	---	-52.4	-52.4	 .0971	0.000	702	1	100.0	30
10/08/20	4:00 a	74.9	75.0	74.7	100	74.9	0.0	---	0.00	0.0	---	74.9	78.7	78.7	77.4	29.831	0.00	0.00	0	0.00	0	0.0	0.00	0.0	0.000	0.206	-52.3	0	---	-52.4	-52.4	 .0971	0.000	699	1	100.0	30
10/08/20	4:30 a	74.7	74.9	74.7	100	74.7	0.0	---	0.00	0.0	---	74.7	78.4	78.4	77.1	29.831	0.00	0.00	0	0.00	0	0.0	0.00	0.0	0.000	0.202	-52.3	0	---	-52.4	-52.4	 .0971	0.000	698	1	100.0	30
10/08/20	5:00 a	75.0	75.0	74.7	100	75.0	0.0	---	0.00	0.0	---	75.0	78.8	78.8	77.5	29.831	0.00	0.00	0	0.00	0	0.0	0.00	0.0	0.000	0.208	-52.3	0	---	-52.4	-52.4	 .0971	0.000	699	1	100.0	30
10/08/20	5:30 a	75.2	75.2	74.9	100	75.2	0.0	---	0.00	0.0	---	75.2	79.1	79.1	77.8	29.831	0.00	0.00	0	0.00	0	0.0	0.00	0.0	0.000	0.212	-52.3	0	---	-52.4	-52.4	 .0971	0.000	698	1	100.0	30
10/08/20	6:00 a	75.6	75.7	75.2	100	75.6	0.0	---	0.00	0.0	---	75.6	79.7	79.7	78.9	29.831	0.00	0.00	20	0.86	47	0.0	0.00	0.0	0.000	0.221	-52.3	0	---	-52.4	-52.4	 .0971	0.000	698	1	100.0	30
10/08/20	6:30 a	76.5	76.5	75.7	100	76.5	0.0	---	0.00	0.0	---	76.5	81.3	81.3	84.0	29.831	0.00	0.00	73	3.14	83	0.0	0.00	0.0	0.000	0.240	-52.3	0	---	-52.4	-52.4	 .0971	0.000	699	1	100.0	30
10/08/20	7:00 a	76.9	77.0	76.5	100	76.9	0.0	---	0.00	0.0	---	76.9	82.0	82.0	85.4	29.831	0.00	0.00	99	4.26	127	0.2	0.04	0.6	0.000	0.248	-52.3	0	---	-52.4	-52.4	 .0971	0.002	701	1	100.0	30
10/08/20	7:30 a	77.9	78.0	76.9	100	77.9	0.0	---	0.00	0.0	---	77.9	84.2	84.2	88.6	29.831	0.00	0.00	145	6.24	158	0.8	0.17	1.1	0.000	0.269	-52.3	0	---	-52.4	-52.4	 .0971	0.000	699	1	100.0	30
10/08/20	8:00 a	78.2	78.6	77.8	100	78.2	0.0	---	0.00	0.0	---	78.2	84.9	84.9	90.7	29.831	0.00	0.00	208	8.95	332	1.5	0.32	2.1	0.000	0.275	-52.3	0	---	-52.4	-52.4	 .0971	0.004	701	1	100.0	30
10/08/20	8:30 a	79.3	79.6	78.2	100	79.3	0.0	---	0.00	0.0	---	79.3	87.6	87.6	94.7	29.831	0.00	0.00	284	12.21	367	2.2	0.47	2.5	0.000	0.298	-52.3	0	---	-52.4	-52.4	 .0971	0.000	700	1	100.0	30
10/08/20	9:00 a	80.9	80.9	79.3	100	80.9	0.0	SSW	0.00	3.0	SW	80.9	92.2	92.2	100.0	29.831	0.00	0.00	344	14.79	418	3.0	0.64	3.5	0.000	0.331	-52.3	0	---	-52.4	-52.4	 .0971	0.008	701	1	100.0	30
10/08/20	9:30 a	82.5	83.2	80.9	100	82.5	0.0	SW	0.00	4.0	SSE	82.5	97.4	97.4	106.3	29.831	0.00	0.00	414	17.80	455	4.0	0.86	4.4	0.000	0.365	-52.3	0	---	-52.4	-52.4	 .0971	0.000	700	1	100.0	30
10/08/20	10:00 a	82.4	82.8	82.2	100	82.4	1.0	SSE	0.50	5.0	SSE	82.4	97.1	97.1	106.1	29.831	0.00	0.00	425	18.28	510	4.2	0.90	5.8	0.000	0.363	-52.3	0	---	-52.4	-52.4	 .0971	0.011	702	1	100.0	30
10/08/20	10:30 a	84.8	85.9	82.4	100	84.8	1.0	SSW	0.50	6.0	ESE	84.8	106.7	106.7	120.0	29.831	0.00	0.00	837	36.00	1355	8.3	1.78	10.2	0.000	0.413	-52.3	0	---	-52.4	-52.4	 .0971	0.000	699	1	100.0	30
10/08/20	11:00 a	83.8	84.8	83.1	100	83.8	2.0	SSW	1.00	7.0	S	83.8	102.3	102.3	114.3	29.831	0.00	0.00	617	26.53	729	6.6	1.41	7.5	0.000	0.392	-52.3	0	---	-52.4	-52.4	 .0971	0.019	702	1	100.0	30
10/08/20	11:30 a	84.4	85.1	83.4	100	84.4	2.0	SW	1.00	7.0	WSW	84.4	104.9	104.9	117.6	29.831	0.00	0.00	680	29.24	884	7.1	1.52	9.2	0.000	0.404	-52.3	0	---	-52.4	-52.4	 .0971	0.000	700	1	100.0	30
10/08/20	12:00 p	82.8	84.3	82.5	100	82.8	2.0	SSW	1.00	5.0	SE	82.8	98.5	98.5	109.8	29.831	0.00	0.00	566	24.34	707	6.2	1.33	7.3	0.000	0.371	-52.3	0	---	-52.4	-52.4	 .0971	0.016	701	1	100.0	30
10/08/20	12:30 p	84.9	85.5	82.8	100	84.9	3.0	SE	1.50	8.0	SE	84.9	107.2	107.2	121.1	29.831	0.00	0.00	1226	52.72	1528	9.8	2.10	11.4	0.000	0.415	-52.3	0	---	-52.4	-52.4	 .0971	0.000	702	1	100.0	30
10/08/20	1:00 p	83.3	85.0	82.8	100	83.3	3.0	ESE	1.50	11.0	SE	83.3	100.4	100.4	113.6	29.831	0.00	0.00	791	34.02	1078	6.7	1.44	8.5	0.000	0.381	-52.3	0	---	-52.4	-52.4	 .0971	0.026	702	1	100.0	30
10/08/20	1:30 p	80.8	83.6	80.7	100	80.8	2.0	SE	1.00	8.0	E	80.8	91.9	91.9	99.3	29.831	0.00	0.00	343	14.75	846	3.3	0.71	6.7	0.000	0.329	-52.3	0	---	-52.4	-52.4	 .0971	0.000	698	1	100.0	30
10/08/20	2:00 p	80.8	81.4	80.7	100	80.8	2.0	SE	1.00	6.0	ESE	80.8	91.9	91.9	98.6	29.831	0.00	0.00	299	12.86	341	2.5	0.54	3.0	0.000	0.329	-52.3	0	---	-52.4	-52.4	 .0971	0.008	701	1	100.0	30
10/08/20	2:30 p	80.4	80.7	80.2	100	80.4	1.0	ESE	0.50	4.0	SE	80.4	90.8	90.8	95.6	29.831	0.00	0.00	203	8.73	246	1.5	0.32	1.8	0.000	0.321	-52.3	0	---	-52.4	-52.4	 .0971	0.000	703	1	100.0	30
10/08/20	3:00 p	80.7	80.8	80.1	100	80.7	1.0	SE	0.50	4.0	SSE	80.7	91.6	91.6	96.9	29.831	0.00	0.00	200	8.60	285	1.3	0.28	1.7	0.000	0.327	-52.3	0	---	-52.4	-52.4	 .0971	0.005	701	1	100.0	30
10/08/20	3:30 p	80.5	81.3	80.5	100	80.5	1.0	SE	0.50	4.0	E	80.5	91.1	91.1	96.8	29.831	0.00	0.00	194	8.34	364	1.0	0.21	1.5	0.000	0.323	-52.3	0	---	-52.4	-52.4	 .0971	0.000	702	1	100.0	30
10/08/20	4:00 p	79.9	80.6	79.9	100	79.9	0.0	ESE	0.00	4.0	E	79.9	89.3	89.3	92.1	29.831	0.00	0.00	89	3.83	134	0.2	0.04	0.7	0.000	0.310	-52.3	0	---	-52.4	-52.4	 .0971	0.004	701	1	100.0	30
10/08/20	4:30 p	79.9	79.9	79.5	100	79.9	0.0	ESE	0.00	2.0	ESE	79.9	89.3	89.3	92.0	29.831	0.00	0.00	74	3.18	84	0.0	0.00	0.0	0.000	0.310	-52.3	0	---	-52.4	-52.4	 .0971	0.000	701	1	100.0	30
10/08/20	5:00 p	79.0	80.0	79.0	100	79.0	0.0	SE	0.00	4.0	SE	79.0	86.8	86.8	86.7	29.831	0.00	0.00	36	1.55	63	0.0	0.00	0.0	0.000	0.292	-52.3	0	---	-52.4	-52.4	 .0971	0.001	700	1	100.0	30
10/08/20	5:30 p	78.4	79.1	78.4	100	78.4	0.0	S	0.00	2.0	S	78.4	85.4	85.4	84.4	29.831	0.00	0.00	3	0.13	11	0.0	0.00	0.0	0.000	0.279	-52.3	0	---	-52.4	-52.4	 .0971	0.000	702	1	100.0	30
10/08/20	6:00 p	77.6	78.5	77.6	100	77.6	0.0	S	0.00	1.0	S	77.6	83.5	83.5	82.4	29.831	0.00	0.00	0	0.00	0	0.0	0.00	0.0	0.000	0.262	-52.3	0	---	-52.4	-52.4	 .0971	0.000	700	1	100.0	30
10/08/20	6:30 p	76.9	77.6	76.9	100	76.9	0.0	---	0.00	0.0	---	76.9	82.0	82.0	80.9	29.831	0.00	0.00	0	0.00	0	0.0	0.00	0.0	0.000	0.248	-52.3	0	---	-52.4	-52.4	 .0971	0.000	701	1	100.0	30
10/08/20	7:00 p	76.6	76.9	76.6	100	76.6	0.0	---	0.00	0.0	---	76.6	81.4	81.4	80.3	29.831	0.00	0.00	0	0.00	0	0.0	0.00	0.0	0.000	0.242	-52.3	0	---	-52.4	-52.4	 .0971	0.000	700	1	100.0	30
10/08/20	7:30 p	76.6	76.7	76.5	100	76.6	0.0	---	0.00	0.0	---	76.6	81.4	81.4	80.3	29.831	0.00	0.00	0	0.00	0	0.0	0.00	0.0	0.000	0.242	-52.3	0	---	-52.4	-52.4	 .0971	0.000	700	1	100.0	30
10/08/20	8:00 p	76.4	76.7	76.3	100	76.4	0.0	---	0.00	0.0	---	76.4	81.1	81.1	80.0	29.831	0.00	0.00	0	0.00	0	0.0	0.00	0.0	0.000	0.238	-52.3	0	---	-52.4	-52.4	 .0971	0.000	701	1	100.0	30
10/08/20	8:30 p	76.2	76.4	76.1	100	76.2	0.0	---	0.00	0.0	---	76.2	80.7	80.7	79.6	29.831	0.00	0.00	0	0.00	0	0.0	0.00	0.0	0.000	0.233	-52.3	0	---	-52.4	-52.4	 .0971	0.000	701	1	100.0	30
10/08/20	9:00 p	75.8	76.2	75.8	100	75.8	0.0	---	0.00	0.0	---	75.8	80.0	80.0	78.8	29.831	0.00	0.00	0	0.00	0	0.0	0.00	0.0	0.000	0.225	-52.3	0	---	-52.4	-52.4	 .0971	0.000	703	1	100.0	30
10/08/20	9:30 p	75.5	75.8	75.5	100	75.5	0.0	---	0.00	0.0	---	75.5	79.6	79.6	78.4	29.831	0.00	0.00	0	0.00	0	0.0	0.00	0.0	0.000	0.219	-52.3	0	---	-52.4	-52.4	 .0971	0.000	699	1	100.0	30
10/08/20	10:00 p	75.2	75.5	75.2	100	75.2	0.0	---	0.00	0.0	---	75.2	79.1	79.1	77.9	29.831	0.00	0.00	0	0.00	0	0.0	0.00	0.0	0.000	0.212	-52.3	0	---	-52.4	-52.4	 .0971	0.000	700	1	100.0	30
10/08/20	10:30 p	75.1	75.2	75.0	100	75.1	0.0	---	0.00	0.0	---	75.1	78.9	78.9	77.7	29.831	0.00	0.00	0	0.00	0	0.0	0.00	0.0	0.000	0.210	-52.3	0	---	-52.4	-52.4	 .0971	0.000	701	1	100.0	30
10/08/20	11:00 p	75.3	75.4	75.1	100	75.3	0.0	---	0.00	0.0	---	75.3	79.3	79.3	78.1	29.831	0.00	0.00	0	0.00	0	0.0	0.00	0.0	0.000	0.215	-52.3	0	---	-52.4	-52.4	 .0971	0.000	700	1	100.0	30
10/08/20	11:30 p	75.3	75.4	75.2	100	75.3	0.0	---	0.00	0.0	---	75.3	79.3	79.3	78.1	29.831	0.00	0.00	0	0.00	0	0.0	0.00	0.0	0.000	0.215	-52.3	0	---	-52.4	-52.4	 .0971	0.000	698	1	100.0	30
10/09/20	12:00 a	75.5	75.7	75.2	100	75.5	0.0	S	0.00	1.0	S	75.5	79.6	79.6	78.4	29.831	0.00	0.00	0	0.00	0	0.0	0.00	0.0	0.000	0.219	-52.3	0	---	-52.4	-52.4	 .0971	0.000	701	1	100.0	30
10/09/20	12:30 a	75.7	75.7	75.5	100	75.7	0.0	SSE	0.00	1.0	SSE	75.7	79.8	79.8	78.6	29.831	0.00	0.00	0	0.00	0	0.0	0.00	0.0	0.000	0.223	-52.3	0	---	-52.4	-52.4	 .0971	0.000	699	1	100.0	30
10/09/20	1:00 a	75.6	75.7	75.5	100	75.6	0.0	---	0.00	0.0	---	75.6	79.7	79.7	78.5	29.831	0.00	0.00	0	0.00	0	0.0	0.00	0.0	0.000	0.221	-52.3	0	---	-52.4	-52.4	 .0971	0.000	701	1	100.0	30
10/09/20	1:30 a	75.7	75.8	75.5	100	75.7	0.0	---	0.00	0.0	---	75.7	79.8	79.8	78.6	29.831	0.00	0.00	0	0.00	0	0.0	0.00	0.0	0.000	0.223	-52.3	0	---	-52.4	-52.4	 .0971	0.000	697	1	100.0	30
10/09/20	2:00 a	75.6	75.8	75.6	100	75.6	0.0	---	0.00	0.0	---	75.6	79.7	79.7	78.5	29.831	0.00	0.00	0	0.00	0	0.0	0.00	0.0	0.000	0.221	-52.3	0	---	-52.4	-52.4	 .0971	0.000	697	1	100.0	30
10/09/20	2:30 a	75.7	75.8	75.6	100	75.7	0.0	SSE	0.00	1.0	SSE	75.7	79.8	79.8	78.6	29.831	0.00	0.00	0	0.00	0	0.0	0.00	0.0	0.000	0.223	-52.3	0	---	-52.4	-52.4	 .0971	0.000	701	1	100.0	30
10/09/20	3:00 a	75.3	75.6	75.3	100	75.3	0.0	SSE	0.00	1.0	SSE	75.3	79.3	79.3	78.1	29.831	0.00	0.00	0	0.00	0	0.0	0.00	0.0	0.000	0.215	-52.3	0	---	-52.4	-52.4	 .0971	0.000	701	1	100.0	30
10/09/20	3:30 a	75.2	75.3	75.2	100	75.2	0.0	SSE	0.00	1.0	SSE	75.2	79.1	79.1	77.9	29.831	0.00	0.00	0	0.00	0	0.0	0.00	0.0	0.000	0.212	-52.3	0	---	-52.4	-52.4	 .0971	0.000	702	1	100.0	30
10/09/20	4:00 a	75.2	75.3	75.1	100	75.2	0.0	---	0.00	0.0	---	75.2	79.1	79.1	77.9	29.831	0.00	0.00	0	0.00	0	0.0	0.00	0.0	0.000	0.212	-52.3	0	---	-52.4	-52.4	 .0971	0.000	699	1	100.0	30
10/09/20	4:30 a	75.1	75.2	75.1	100	75.1	0.0	SSE	0.00	1.0	SSE	75.1	78.9	78.9	77.7	29.831	0.01	0.00	0	0.00	0	0.0	0.00	0.0	0.000	0.210	-52.3	0	---	-52.4	-52.4	 .0971	0.000	703	1	100.0	30
10/09/20	5:00 a	75.1	75.2	75.0	100	75.1	0.0	---	0.00	0.0	---	75.1	78.9	78.9	77.7	29.831	0.00	0.00	0	0.00	0	0.0	0.00	0.0	0.000	0.210	-52.3	0	---	-52.4	-52.4	 .0971	0.000	700	1	100.0	30
10/09/20	5:30 a	74.9	75.1	74.9	100	74.9	0.0	SSE	0.00	1.0	SSE	74.9	78.7	78.7	77.5	29.831	0.00	0.00	0	0.00	0	0.0	0.00	0.0	0.000	0.206	-52.3	0	---	-52.4	-52.4	 .0971	0.000	699	1	100.0	30
10/09/20	6:00 a	75.1	75.2	74.9	100	75.1	0.0	SSE	0.00	1.0	SSE	75.1	78.9	78.9	77.9	29.831	0.00	0.00	7	0.30	18	0.0	0.00	0.0	0.000	0.210	-52.3	0	---	-52.4	-52.4	 .0971	0.000	701	1	100.0	30
10/09/20	6:30 a	75.6	75.7	75.1	100	75.6	0.0	---	0.00	0.0	---	75.6	79.7	79.7	80.8	29.831	0.00	0.00	37	1.59	56	0.0	0.00	0.0	0.000	0.221	-52.3	0	---	-52.4	-52.4	 .0971	0.000	703	1	100.0	30
10/09/20	7:00 a	76.4	76.4	75.5	100	76.4	0.0	SSE	0.00	1.0	SSE	76.4	81.1	81.1	83.7	29.831	0.01	0.00	78	3.35	111	0.0	0.00	0.0	0.000	0.238	-52.3	0	---	-52.4	-52.4	 .0971	0.001	701	1	100.0	30
10/09/20	7:30 a	77.2	77.4	76.4	100	77.2	0.0	SSE	0.00	1.0	SSE	77.2	82.6	82.6	86.9	29.831	0.00	0.00	139	5.98	160	0.7	0.15	0.7	0.000	0.254	-52.3	0	---	-52.4	-52.4	 .0971	0.000	700	1	100.0	30
10/09/20	8:00 a	78.5	78.6	77.0	100	78.5	0.0	SSE	0.00	1.0	SSE	78.5	85.6	85.6	90.0	29.831	0.00	0.00	164	7.05	227	1.0	0.21	1.5	0.000	0.281	-52.3	0	---	-52.4	-52.4	 .0971	0.004	701	1	100.0	30
10/09/20	8:30 a	78.6	79.3	78.3	100	78.6	0.0	SSE	0.00	1.0	SSE	78.6	85.8	85.8	92.4	29.831	0.00	0.00	266	11.44	281	2.0	0.43	2.4	0.000	0.283	-52.3	0	---	-52.4	-52.4	 .0971	0.000	700	1	100.0	30
10/09/20	9:00 a	79.9	80.1	78.6	100	79.9	0.0	SSE	0.00	2.0	SSE	79.9	89.3	89.3	97.4	29.831	0.00	0.00	358	15.40	561	3.0	0.64	4.0	0.000	0.310	-52.3	0	---	-52.4	-52.4	 .0971	0.008	701	1	100.0	30
10/09/20	9:30 a	82.6	82.7	79.9	100	82.6	1.0	SSE	0.50	4.0	SSW	82.6	97.8	97.8	109.1	29.831	0.00	0.00	569	24.47	854	4.3	0.92	5.4	0.000	0.367	-52.3	0	---	-52.4	-52.4	 .0971	0.000	698	1	100.0	30
10/09/20	10:00 a	82.5	82.6	81.6	100	82.5	1.0	SW	0.50	3.0	SW	82.5	97.4	97.4	105.7	29.831	0.00	0.00	387	16.64	487	4.1	0.88	6.7	0.000	0.365	-52.3	0	---	-52.4	-52.4	 .0971	0.012	700	1	100.0	30
10/09/20	10:30 a	83.8	83.9	82.4	100	83.8	1.0	SSW	0.50	4.0	S	83.8	102.3	102.3	114.4	29.831	0.00	0.00	641	27.57	747	6.1	1.31	6.9	0.000	0.392	-52.3	0	---	-52.4	-52.4	 .0971	0.000	699	1	100.0	30
10/09/20	11:00 a	83.2	83.8	83.0	100	83.2	1.0	SSW	0.50	4.0	SSE	83.2	100.0	100.0	111.3	29.831	0.00	0.00	567	24.38	617	5.8	1.24	6.1	0.000	0.379	-52.3	0	---	-52.4	-52.4	 .0971	0.015	702	1	100.0	30
10/09/20	11:30 a	83.7	83.7	82.9	100	83.7	1.0	SW	0.50	4.0	SSE	83.7	101.9	101.9	112.9	29.831	0.00	0.00	538	23.14	694	5.8	1.24	6.8	0.000	0.390	-52.3	0	---	-52.4	-52.4	 .0971	0.000	700	1	100.0	30
10/09/20	12:00 p	85.1	85.1	83.7	100	85.1	2.0	SSW	1.00	6.0	S	85.1	108.2	108.2	121.7	29.831	0.00	0.00	842	36.21	1371	8.4	1.80	10.7	0.000	0.419	-52.3	0	---	-52.4	-52.4	 .0971	0.019	700	1	100.0	30
10/09/20	12:30 p	85.6	86.3	84.7	100	85.6	2.0	SSW	1.00	10.0	W	85.6	111.0	111.0	123.1	29.831	0.00	0.00	965	41.50	1422	8.3	1.78	10.7	0.000	0.429	-52.3	0	---	-52.4	-52.4	 .0971	0.000	701	1	100.0	30
10/09/20	1:00 p	85.3	86.6	85.0	100	85.3	2.0	SSW	1.00	6.0	W	85.3	109.3	109.3	122.2	29.831	0.00	0.00	1048	45.07	1276	8.2	1.76	9.3	0.000	0.423	-52.3	0	---	-52.4	-52.4	 .0971	0.026	702	1	100.0	30
10/09/20	1:30 p	83.8	86.0	83.8	100	83.8	2.0	SSW	1.00	8.0	S	83.8	102.3	102.3	115.2	29.831	0.00	0.00	967	41.59	1273	6.8	1.46	8.6	0.000	0.392	-52.3	0	---	-52.4	-52.4	 .0971	0.000	701	1	100.0	30
10/09/20	2:00 p	84.5	85.6	83.8	100	84.5	2.0	S	1.00	7.0	SSW	84.5	105.3	105.3	117.7	29.831	0.00	0.00	640	27.52	1190	4.7	1.01	6.6	0.000	0.406	-52.3	0	---	-52.4	-52.4	 .0971	0.021	701	1	100.0	30
10/09/20	2:30 p	83.5	84.4	82.7	100	83.5	2.0	S	1.00	6.0	SSE	83.5	101.1	101.1	111.2	29.831	0.00	0.00	444	19.09	759	2.9	0.62	4.3	0.000	0.385	-52.3	0	---	-52.4	-52.4	 .0971	0.000	702	1	100.0	30
10/09/20	3:00 p	84.3	84.7	83.3	100	84.3	1.0	SE	0.50	6.0	S	84.3	104.5	104.5	116.9	29.831	0.00	0.00	595	25.59	742	2.7	0.58	3.2	0.000	0.402	-52.3	0	---	-52.4	-52.4	 .0971	0.013	700	1	100.0	30
10/09/20	3:30 p	81.9	84.7	81.8	100	81.9	2.0	SE	1.00	6.0	S	81.9	95.4	95.4	104.0	29.831	0.00	0.00	297	12.77	773	1.3	0.28	2.6	0.000	0.352	-52.3	0	---	-52.4	-52.4	 .0971	0.000	702	1	100.0	30
10/09/20	4:00 p	80.4	81.8	80.0	100	80.4	1.0	SSE	0.50	4.0	SSE	80.4	90.8	90.8	95.2	29.831	0.01	0.00	133	5.72	183	0.4	0.09	0.6	0.000	0.321	-52.3	0	---	-52.4	-52.4	 .0971	0.005	699	1	100.0	30
10/09/20	4:30 p	80.2	80.7	80.1	100	80.2	0.0	SSE	0.00	1.0	SSE	80.2	90.2	90.2	94.6	29.831	0.00	0.00	115	4.95	146	0.0	0.00	0.0	0.000	0.317	-52.3	0	---	-52.4	-52.4	 .0971	0.000	702	1	100.0	30
10/09/20	5:00 p	79.7	80.4	79.7	100	79.7	0.0	SSE	0.00	1.0	SSE	79.7	88.8	88.8	88.6	29.831	0.00	0.00	38	1.63	83	0.0	0.00	0.0	0.000	0.306	-52.3	0	---	-52.4	-52.4	 .0971	0.002	700	1	100.0	30
10/09/20	5:30 p	79.0	79.8	79.0	100	79.0	0.0	SSE	0.00	1.0	SSE	79.0	86.8	86.8	85.8	29.831	0.00	0.00	3	0.13	16	0.0	0.00	0.0	0.000	0.292	-52.3	0	---	-52.4	-52.4	 .0971	0.000	699	1	100.0	30
10/09/20	6:00 p	78.3	79.1	78.3	100	78.3	0.0	SSE	0.00	1.0	SSE	78.3	85.1	85.1	84.0	29.831	0.00	0.00	0	0.00	0	0.0	0.00	0.0	0.000	0.277	-52.3	0	---	-52.4	-52.4	 .0971	0.000	702	1	100.0	30
10/09/20	6:30 p	78.0	78.3	78.0	100	78.0	0.0	SSE	0.00	1.0	SSE	78.0	84.4	84.4	83.3	29.831	0.00	0.00	0	0.00	0	0.0	0.00	0.0	0.000	0.271	-52.3	0	---	-52.4	-52.4	 .0971	0.000	699	1	100.0	30
10/09/20	7:00 p	77.7	78.0	77.7	100	77.7	0.0	---	0.00	0.0	---	77.7	83.7	83.7	82.5	29.831	0.00	0.00	0	0.00	0	0.0	0.00	0.0	0.000	0.265	-52.3	0	---	-52.4	-52.4	 .0971	0.000	701	1	100.0	30
10/09/20	7:30 p	77.4	77.7	77.4	100	77.4	0.0	---	0.00	0.0	---	77.4	83.1	83.1	81.9	29.831	0.00	0.00	0	0.00	0	0.0	0.00	0.0	0.000	0.258	-52.3	0	---	-52.4	-52.4	 .0971	0.000	698	1	100.0	30
10/09/20	8:00 p	77.1	77.5	77.1	100	77.1	0.0	---	0.00	0.0	---	77.1	82.4	82.4	81.2	29.831	0.00	0.00	0	0.00	0	0.0	0.00	0.0	0.000	0.252	-52.3	0	---	-52.4	-52.4	 .0971	0.000	702	1	100.0	30
10/09/20	8:30 p	76.9	77.2	76.9	100	76.9	0.0	SSE	0.00	5.0	N	76.9	82.0	82.0	80.8	29.831	0.00	0.00	0	0.00	0	0.0	0.00	0.0	0.000	0.248	-51.7	0	---	-51.8	-51.8	 .0970	0.000	700	1	100.0	30
10/09/20	9:00 p	77.1	77.1	76.8	100	77.1	1.0	NNW	0.50	4.0	NNE	77.1	82.4	82.4	81.2	29.831	0.00	0.00	0	0.00	0	0.0	0.00	0.0	0.000	0.252	-52.3	0	---	-52.4	-52.4	 .0971	0.000	698	1	100.0	30
10/09/20	9:30 p	76.6	77.1	76.5	100	76.6	0.0	SE	0.00	2.0	SE	76.6	81.4	81.4	80.2	29.831	0.00	0.00	0	0.00	0	0.0	0.00	0.0	0.000	0.242	-52.3	0	---	-52.4	-52.4	 .0971	0.000	698	1	100.0	30
10/09/20	10:00 p	76.9	77.0	76.6	100	76.9	0.0	SE	0.00	1.0	SE	76.9	82.0	82.0	80.8	29.831	0.00	0.00	0	0.00	0	0.0	0.00	0.0	0.000	0.248	-52.3	0	---	-52.4	-52.4	 .0971	0.000	699	1	100.0	30
10/09/20	10:30 p	76.6	77.0	76.6	100	76.6	0.0	SE	0.00	1.0	SE	76.6	81.4	81.4	80.2	29.831	0.00	0.00	0	0.00	0	0.0	0.00	0.0	0.000	0.242	-52.3	0	---	-52.4	-52.4	 .0971	0.000	700	1	100.0	30
10/09/20	11:00 p	76.4	76.7	76.4	100	76.4	0.0	---	0.00	0.0	---	76.4	81.1	81.1	79.9	29.831	0.00	0.00	0	0.00	0	0.0	0.00	0.0	0.000	0.238	-52.3	0	---	-52.4	-52.4	 .0971	0.000	700	1	100.0	30
10/09/20	11:30 p	76.3	76.4	76.2	100	76.3	0.0	SE	0.00	1.0	SE	76.3	80.9	80.9	79.7	29.831	0.00	0.00	0	0.00	0	0.0	0.00	0.0	0.000	0.235	-52.3	0	---	-52.4	-52.4	 .0971	0.000	696	1	100.0	30
10/10/20	12:00 a	75.9	76.3	75.9	100	75.9	0.0	---	0.00	0.0	---	75.9	80.2	80.2	78.9	29.831	0.00	0.00	0	0.00	0	0.0	0.00	0.0	0.000	0.227	-52.3	0	---	-52.4	-52.4	 .0971	0.000	699	1	100.0	30
10/10/20	12:30 a	75.9	76.0	75.8	100	75.9	0.0	---	0.00	0.0	---	75.9	80.2	80.2	78.9	29.831	0.00	0.00	0	0.00	0	0.0	0.00	0.0	0.000	0.227	-52.3	0	---	-52.4	-52.4	 .0971	0.000	648	1	94.7	30
10/10/20	1:00 a	75.7	76.0	75.7	100	75.7	0.0	---	0.00	0.0	---	75.7	79.8	79.8	78.5	29.831	0.00	0.00	0	0.00	0	0.0	0.00	0.0	0.000	0.223	-52.3	0	---	-52.4	-52.4	 .0971	0.000	694	1	100.0	30
10/10/20	1:30 a	75.3	75.7	75.2	100	75.3	0.0	---	0.00	0.0	---	75.3	79.3	79.3	78.0	29.831	0.00	0.00	0	0.00	0	0.0	0.00	0.0	0.000	0.215	-52.3	0	---	-52.4	-52.4	 .0971	0.000	699	1	100.0	30
10/10/20	2:00 a	75.1	75.3	75.1	100	75.1	0.0	---	0.00	0.0	---	75.1	78.9	78.9	77.6	29.831	0.00	0.00	0	0.00	0	0.0	0.00	0.0	0.000	0.210	-52.3	0	---	-52.4	-52.4	 .0971	0.000	700	1	100.0	30
10/10/20	2:30 a	75.1	75.2	75.0	100	75.1	0.0	---	0.00	0.0	---	75.1	78.9	78.9	77.6	29.831	0.00	0.00	0	0.00	0	0.0	0.00	0.0	0.000	0.210	-52.0	0	---	-52.1	-52.1	 .0971	0.000	701	1	100.0	30
10/10/20	3:00 a	75.1	75.1	75.0	100	75.1	0.0	SE	0.00	1.0	SE	75.1	78.9	78.9	77.6	29.831	0.00	0.00	0	0.00	0	0.0	0.00	0.0	0.000	0.210	-52.3	0	---	-52.4	-52.4	 .0971	0.000	700	1	100.0	30
10/10/20	3:30 a	74.8	75.1	74.8	100	74.8	0.0	---	0.00	0.0	---	74.8	78.6	78.6	77.3	29.831	0.00	0.00	0	0.00	0	0.0	0.00	0.0	0.000	0.204	-52.3	0	---	-52.4	-52.4	 .0971	0.000	702	1	100.0	30
10/10/20	4:00 a	75.1	75.2	74.8	100	75.1	0.0	---	0.00	0.0	---	75.1	78.9	78.9	77.6	29.831	0.00	0.00	0	0.00	0	0.0	0.00	0.0	0.000	0.210	-52.3	0	---	-52.4	-52.4	 .0971	0.000	702	1	100.0	30
10/10/20	4:30 a	75.2	75.3	74.9	100	75.2	0.0	---	0.00	0.0	---	75.2	79.1	79.1	77.8	29.831	0.00	0.00	0	0.00	0	0.0	0.00	0.0	0.000	0.212	-46.7	0	---	-46.8	-46.8	 .0958	0.000	703	1	100.0	30
10/10/20	5:00 a	75.5	75.6	75.2	100	75.5	0.0	---	0.00	0.0	---	75.5	79.6	79.6	78.3	29.831	0.00	0.00	0	0.00	0	0.0	0.00	0.0	0.000	0.219	-52.3	0	---	-52.4	-52.4	 .0971	0.000	701	1	100.0	30
10/10/20	5:30 a	75.4	75.6	75.3	100	75.4	0.0	SE	0.00	2.0	SE	75.4	79.4	79.4	78.2	29.831	0.00	0.00	2	0.09	11	0.0	0.00	0.0	0.000	0.217	-52.3	0	---	-52.4	-52.4	 .0971	0.000	703	1	100.0	30
10/10/20	6:00 a	75.9	75.9	75.3	100	75.9	0.0	SE	0.00	2.0	SE	75.9	80.2	80.2	79.6	29.831	0.00	0.00	28	1.20	56	0.0	0.00	0.0	0.000	0.227	-52.3	0	---	-52.4	-52.4	 .0971	0.000	700	1	100.0	30
10/10/20	6:30 a	76.4	76.4	75.9	100	76.4	0.0	SE	0.00	1.0	SE	76.4	81.1	81.1	82.4	29.831	0.00	0.00	41	1.76	58	0.0	0.00	0.0	0.000	0.238	-52.3	0	---	-52.4	-52.4	 .0971	0.000	700	1	100.0	30
10/10/20	7:00 a	76.6	76.7	76.4	100	76.6	0.0	SE	0.00	1.0	SE	76.6	81.4	81.4	82.3	29.831	0.00	0.00	39	1.68	47	0.0	0.00	0.0	0.000	0.242	-52.3	0	---	-52.4	-52.4	 .0971	0.001	700	1	100.0	30
10/10/20	7:30 a	77.6	77.6	76.6	100	77.6	0.0	SE	0.00	2.0	SE	77.6	83.5	83.5	85.1	29.831	0.00	0.00	64	2.75	130	0.5	0.11	1.1	0.000	0.262	-52.3	0	---	-52.4	-52.4	 .0971	0.000	702	1	100.0	30
10/10/20	8:00 a	78.6	78.9	77.6	100	78.6	0.0	SE	0.00	3.0	WSW	78.6	85.8	85.8	90.6	29.831	0.00	0.00	176	7.57	246	1.4	0.30	1.7	0.000	0.283	-52.3	0	---	-52.4	-52.4	 .0971	0.003	697	1	100.0	30
10/10/20	8:30 a	79.7	80.0	78.6	100	79.7	1.0	SSE	0.50	3.0	SSW	79.7	88.8	88.8	95.3	29.831	0.00	0.00	261	11.22	652	2.4	0.51	3.5	0.000	0.306	-52.3	0	---	-52.4	-52.4	 .0971	0.000	699	1	100.0	30
10/10/20	9:00 a	81.0	81.0	79.7	100	81.0	0.0	S	0.00	3.0	S	81.0	92.5	92.5	98.7	29.831	0.00	0.00	262	11.27	684	2.3	0.49	3.8	0.000	0.333	-52.3	0	---	-52.4	-52.4	 .0971	0.007	702	1	100.0	30
10/10/20	9:30 a	81.5	82.2	80.9	100	81.5	1.0	SSW	0.50	3.0	S	81.5	94.1	94.1	99.7	29.831	0.00	0.00	248	10.67	318	2.3	0.49	2.9	0.000	0.344	164.0	0	---	150.8	0.05	 .0634	0.000	701	1	100.0	30
10/10/20	10:00 a	83.8	84.4	81.5	100	83.8	1.0	NE	0.50	4.0	NE	83.8	102.3	102.3	113.2	29.831	0.00	0.00	545	23.44	879	5.2	1.11	7.2	0.000	0.392	-52.3	0	---	-52.4	-52.4	 .0971	0.010	701	1	100.0	30
10/10/20	10:30 a	84.0	85.0	83.6	100	84.0	1.0	S	0.50	4.0	SE	84.0	103.1	103.1	113.6	29.831	0.00	0.00	508	21.85	693	4.9	1.05	6.3	0.000	0.396	-52.3	0	---	-52.4	-52.4	 .0971	0.000	701	1	100.0	30
10/10/20	11:00 a	84.0	85.2	83.7	100	84.0	2.0	SW	1.00	5.0	SSE	84.0	103.1	103.1	114.2	29.831	0.00	0.00	543	23.35	758	6.2	1.33	9.8	0.000	0.396	-52.3	0	---	-52.4	-52.4	 .0971	0.015	700	1	100.0	30
10/10/20	11:30 a	83.9	84.5	83.8	100	83.9	1.0	SSW	0.50	5.0	SW	83.9	102.7	102.7	112.9	29.831	0.00	0.00	481	20.69	568	5.5	1.18	9.9	0.000	0.394	-52.3	0	---	-52.4	-52.4	 .0971	0.000	699	1	100.0	30
10/10/20	12:00 p	85.6	85.6	83.9	100	85.6	2.0	SSW	1.00	5.0	SSW	85.6	111.0	111.0	124.5	29.831	0.00	0.00	873	37.54	1290	8.1	1.74	10.8	0.000	0.429	-52.3	0	---	-52.4	-52.4	 .0971	0.018	701	1	100.0	30
10/10/20	12:30 p	85.5	86.2	85.0	100	85.5	2.0	SSW	1.00	8.0	S	85.5	110.4	110.4	121.7	29.831	0.00	0.00	998	42.92	1076	8.7	1.86	9.3	0.000	0.427	-52.3	0	---	-52.4	-52.4	 .0971	0.000	702	1	100.0	30
10/10/20	1:00 p	85.5	86.8	85.3	100	85.5	2.0	SSW	1.00	6.0	SSW	85.5	110.4	110.4	122.0	29.831	0.00	0.00	943	40.55	965	7.8	1.67	8.2	0.000	0.427	-52.3	0	---	-52.4	-52.4	 .0971	0.025	701	1	100.0	30
10/10/20	1:30 p	86.2	86.8	85.2	100	86.2	2.0	S	1.00	6.0	S	86.2	114.7	114.7	127.9	29.831	0.00	0.00	971	41.76	1062	6.8	1.46	7.3	0.000	0.442	-52.3	0	---	-52.4	-52.4	 .0971	0.000	701	1	100.0	30
10/10/20	2:00 p	84.5	87.0	84.5	100	84.5	2.0	ESE	1.00	8.0	SE	84.5	105.3	105.3	118.0	29.831	0.00	0.00	684	29.42	1162	5.0	1.07	6.8	0.000	0.406	-52.3	0	---	-52.4	-52.4	 .0971	0.022	701	1	100.0	30
10/10/20	2:30 p	85.0	85.4	83.6	100	85.0	1.0	SE	0.50	5.0	SSE	85.0	107.6	107.6	118.1	29.831	0.00	0.00	460	19.78	784	3.2	0.69	4.3	0.000	0.417	-52.3	0	---	-52.4	-52.4	 .0971	0.000	698	1	100.0	30
10/10/20	3:00 p	83.5	85.2	83.5	100	83.5	1.0	SSE	0.50	5.0	SE	83.5	101.1	101.1	109.7	29.831	0.00	0.00	330	14.19	501	1.9	0.41	2.8	0.000	0.385	-52.3	0	---	-52.4	-52.4	 .0971	0.011	700	1	100.0	30
10/10/20	3:30 p	82.8	83.4	82.5	100	82.8	1.0	ESE	0.50	4.0	ESE	82.8	98.5	98.5	103.9	29.831	0.00	0.00	181	7.78	227	1.0	0.21	1.3	0.000	0.371	-52.3	0	---	-52.4	-52.4	 .0971	0.000	702	1	100.0	30
10/10/20	4:00 p	82.8	83.6	82.6	100	82.8	1.0	S	0.50	5.0	SSW	82.8	98.5	98.5	105.0	29.831	0.00	0.00	190	8.17	264	0.7	0.15	1.2	0.000	0.371	-52.3	0	---	-52.4	-52.4	 .0971	0.005	698	1	100.0	30
10/10/20	4:30 p	81.8	83.1	81.8	100	81.8	0.0	SE	0.00	4.0	SSE	81.8	95.1	95.1	97.6	29.831	0.00	0.00	67	2.88	137	0.0	0.00	0.0	0.000	0.350	-52.3	0	---	-52.4	-52.4	 .0971	0.000	699	1	100.0	30
10/10/20	5:00 p	80.9	81.8	80.8	100	80.9	0.0	SE	0.00	4.0	NE	80.9	92.2	92.2	91.8	29.831	0.00	0.00	23	0.99	33	0.0	0.00	0.0	0.000	0.331	-52.3	0	---	-52.4	-52.4	 .0971	0.001	700	1	100.0	30
10/10/20	5:30 p	80.3	80.9	80.3	100	80.3	0.0	SE	0.00	1.0	SE	80.3	90.5	90.5	89.7	29.831	0.00	0.00	3	0.13	14	0.0	0.00	0.0	0.000	0.319	-52.3	0	---	-52.4	-52.4	 .0971	0.000	702	1	100.0	30
10/10/20	6:00 p	79.6	80.4	79.6	100	79.6	0.0	---	0.00	0.0	---	79.6	88.5	88.5	87.5	29.831	0.00	0.00	0	0.00	0	0.0	0.00	0.0	0.000	0.304	-52.3	0	---	-52.4	-52.4	 .0971	0.000	702	1	100.0	30
10/10/20	6:30 p	78.7	79.6	78.7	100	78.7	0.0	SE	0.00	1.0	SE	78.7	86.1	86.1	85.1	29.831	0.00	0.00	0	0.00	0	0.0	0.00	0.0	0.000	0.285	-52.3	0	---	-52.4	-52.4	 .0971	0.000	702	1	100.0	30
10/10/20	7:00 p	78.1	78.7	78.1	100	78.1	0.0	SE	0.00	1.0	SE	78.1	84.6	84.6	83.6	29.831	0.00	0.00	0	0.00	0	0.0	0.00	0.0	0.000	0.273	-52.3	0	---	-52.4	-52.4	 .0971	0.000	700	1	100.0	30
10/10/20	7:30 p	77.6	78.2	77.6	100	77.6	0.0	SE	0.00	2.0	SE	77.6	83.5	83.5	82.4	29.831	0.00	0.00	0	0.00	0	0.0	0.00	0.0	0.000	0.262	-52.3	0	---	-52.4	-52.4	 .0971	0.000	699	1	100.0	30
10/10/20	8:00 p	77.3	77.7	77.3	100	77.3	0.0	---	0.00	0.0	---	77.3	82.9	82.9	81.8	29.831	0.00	0.00	0	0.00	0	0.0	0.00	0.0	0.000	0.256	-52.3	0	---	-52.4	-52.4	 .0971	0.000	702	1	100.0	30
10/10/20	8:30 p	76.7	77.4	76.7	100	76.7	0.0	---	0.00	0.0	---	76.7	81.6	81.6	80.5	29.831	0.00	0.00	0	0.00	0	0.0	0.00	0.0	0.000	0.244	-52.3	0	---	-52.4	-52.4	 .0971	0.000	701	1	100.0	30
10/10/20	9:00 p	76.4	76.8	76.3	100	76.4	0.0	---	0.00	0.0	---	76.4	81.1	81.1	80.0	29.831	0.00	0.00	0	0.00	0	0.0	0.00	0.0	0.000	0.238	-52.3	0	---	-52.4	-52.4	 .0971	0.000	702	1	100.0	30
10/10/20	9:30 p	76.5	76.7	76.4	100	76.5	0.0	---	0.00	0.0	---	76.5	81.3	81.3	80.2	29.831	0.00	0.00	0	0.00	0	0.0	0.00	0.0	0.000	0.240	-52.3	0	---	-52.4	-52.4	 .0971	0.000	699	1	100.0	30
10/10/20	10:00 p	76.3	76.6	76.2	100	76.3	0.0	---	0.00	0.0	---	76.3	80.9	80.9	79.8	29.831	0.00	0.00	0	0.00	0	0.0	0.00	0.0	0.000	0.235	-52.3	0	---	-52.4	-52.4	 .0971	0.000	700	1	100.0	30
10/10/20	10:30 p	76.1	76.4	75.9	100	76.1	0.0	---	0.00	0.0	---	76.1	80.5	80.5	79.4	29.831	0.00	0.00	0	0.00	0	0.0	0.00	0.0	0.000	0.231	-52.3	0	---	-52.4	-52.4	 .0971	0.000	700	1	100.0	30
10/10/20	11:00 p	75.9	76.2	75.9	100	75.9	0.0	---	0.00	0.0	---	75.9	80.2	80.2	79.0	29.831	0.00	0.00	0	0.00	0	0.0	0.00	0.0	0.000	0.227	-52.3	0	---	-52.4	-52.4	 .0971	0.000	702	1	100.0	30
10/10/20	11:30 p	75.6	76.0	75.6	100	75.6	0.0	---	0.00	0.0	---	75.6	79.7	79.7	78.5	29.831	0.00	0.00	0	0.00	0	0.0	0.00	0.0	0.000	0.221	-52.3	0	---	-52.4	-52.4	 .0971	0.000	703	1	100.0	30
10/11/20	12:00 a	75.4	75.7	75.3	100	75.4	0.0	---	0.00	0.0	---	75.4	79.4	79.4	78.2	29.831	0.00	0.00	0	0.00	0	0.0	0.00	0.0	0.000	0.217	-52.3	0	---	-52.4	-52.4	 .0971	0.000	700	1	100.0	30
10/11/20	12:30 a	75.4	75.6	75.3	100	75.4	0.0	---	0.00	0.0	---	75.4	79.4	79.4	78.2	29.831	0.00	0.00	0	0.00	0	0.0	0.00	0.0	0.000	0.217	-52.3	0	---	-52.4	-52.4	 .0971	0.000	701	1	100.0	30
10/11/20	1:00 a	75.3	75.5	75.2	100	75.3	0.0	---	0.00	0.0	---	75.3	79.3	79.3	78.1	29.831	0.00	0.00	0	0.00	0	0.0	0.00	0.0	0.000	0.215	-52.3	0	---	-52.4	-52.4	 .0971	0.000	701	1	100.0	30
10/11/20	1:30 a	75.1	75.3	75.1	100	75.1	0.0	---	0.00	0.0	---	75.1	78.9	78.9	77.7	29.831	0.00	0.00	0	0.00	0	0.0	0.00	0.0	0.000	0.210	-52.3	0	---	-52.4	-52.4	 .0971	0.000	697	1	100.0	30
10/11/20	2:00 a	74.9	75.2	74.8	100	74.9	0.0	---	0.00	0.0	---	74.9	78.7	78.7	77.5	29.831	0.00	0.00	0	0.00	0	0.0	0.00	0.0	0.000	0.206	-52.3	0	---	-52.4	-52.4	 .0971	0.000	700	1	100.0	30
10/11/20	2:30 a	74.8	75.0	74.7	100	74.8	0.0	---	0.00	0.0	---	74.8	78.6	78.6	77.4	29.831	0.00	0.00	0	0.00	0	0.0	0.00	0.0	0.000	0.204	-52.3	0	---	-52.4	-52.4	 .0971	0.000	700	1	100.0	30
10/11/20	3:00 a	74.7	74.8	74.5	100	74.7	0.0	---	0.00	0.0	---	74.7	78.4	78.4	77.2	29.831	0.00	0.00	0	0.00	0	0.0	0.00	0.0	0.000	0.202	-52.3	0	---	-52.4	-52.4	 .0971	0.000	701	1	100.0	30
10/11/20	3:30 a	74.5	74.7	74.3	100	74.5	0.0	---	0.00	0.0	---	74.5	78.2	78.2	77.0	29.831	0.00	0.00	0	0.00	0	0.0	0.00	0.0	0.000	0.198	-52.3	0	---	-52.4	-52.4	 .0971	0.000	701	1	100.0	30
10/11/20	4:00 a	74.4	74.6	74.2	100	74.4	0.0	---	0.00	0.0	---	74.4	78.1	78.1	76.9	29.831	0.00	0.00	0	0.00	0	0.0	0.00	0.0	0.000	0.196	-52.3	0	---	-52.4	-52.4	 .0971	0.000	698	1	100.0	30
10/11/20	4:30 a	74.0	74.5	74.0	100	74.0	0.0	---	0.00	0.0	---	74.0	77.6	77.6	76.4	29.831	0.00	0.00	0	0.00	0	0.0	0.00	0.0	0.000	0.188	-52.3	0	---	-52.4	-52.4	 .0971	0.000	700	1	100.0	30
10/11/20	5:00 a	74.0	74.1	73.9	100	74.0	0.0	---	0.00	0.0	---	74.0	77.6	77.6	76.4	29.831	0.00	0.00	0	0.00	0	0.0	0.00	0.0	0.000	0.188	-52.3	0	---	-52.4	-52.4	 .0971	0.000	699	1	100.0	30
10/11/20	5:30 a	73.8	74.0	73.8	100	73.8	0.0	---	0.00	0.0	---	73.8	77.4	77.4	76.1	29.831	0.00	0.00	0	0.00	5	0.0	0.00	0.0	0.000	0.183	-52.3	0	---	-52.4	-52.4	 .0971	0.000	699	1	100.0	30
10/11/20	6:00 a	74.2	74.2	73.8	100	74.2	0.0	---	0.00	0.0	---	74.2	77.8	77.8	76.9	29.831	0.00	0.00	13	0.56	19	0.0	0.00	0.0	0.000	0.192	-52.3	0	---	-52.4	-52.4	 .0971	0.000	696	1	100.0	30
10/11/20	6:30 a	75.1	75.1	74.2	100	75.1	0.0	---	0.00	0.0	---	75.1	78.9	78.9	79.3	29.831	0.00	0.00	23	0.99	26	0.0	0.00	0.0	0.000	0.210	-52.3	0	---	-52.4	-52.4	 .0971	0.000	697	1	100.0	30
10/11/20	7:00 a	76.2	76.2	75.1	100	76.2	0.0	---	0.00	0.0	---	76.2	80.7	80.7	81.1	29.831	0.00	0.00	28	1.20	30	0.0	0.00	0.0	0.000	0.233	-52.3	0	---	-52.4	-52.4	 .0971	0.001	698	1	100.0	30
10/11/20	7:30 a	77.6	77.6	76.2	100	77.6	0.0	SE	0.00	1.0	SE	77.6	83.5	83.5	84.1	29.831	0.00	0.00	36	1.55	40	0.0	0.00	0.0	0.000	0.262	-52.3	0	---	-52.4	-52.4	 .0971	0.000	701	1	100.0	30
10/11/20	8:00 a	78.4	78.4	77.4	100	78.4	1.0	SE	0.50	4.0	SSE	78.4	85.4	85.4	92.9	29.831	0.00	0.00	271	11.65	425	1.5	0.32	2.3	0.000	0.279	-52.3	0	---	-52.4	-52.4	 .0971	0.004	700	1	100.0	30
10/11/20	8:30 a	79.9	80.0	78.5	100	79.9	1.0	SW	0.50	3.0	S	79.9	89.3	89.3	100.8	29.831	0.00	0.00	518	22.28	612	3.1	0.66	3.9	0.000	0.310	-52.3	0	---	-52.4	-52.4	 .0971	0.000	699	1	100.0	30
10/11/20	9:00 a	84.0	84.1	79.9	100	84.0	1.0	SSE	0.50	6.0	S	84.0	103.1	103.1	115.8	29.831	0.00	0.00	665	28.60	823	4.4	0.94	5.2	0.000	0.396	-52.3	0	---	-52.4	-52.4	 .0971	0.015	698	1	100.0	30
10/11/20	9:30 a	85.9	85.9	83.7	100	85.9	2.0	S	1.00	5.0	SW	85.9	112.6	112.6	125.2	29.831	0.00	0.00	810	34.83	895	5.7	1.22	6.6	0.000	0.435	-52.3	0	---	-52.4	-52.4	 .0971	0.000	698	1	100.0	30
10/11/20	10:00 a	85.3	86.5	85.3	100	85.3	2.0	SE	1.00	6.0	SSW	85.3	109.3	109.3	122.4	29.831	0.00	0.00	753	32.38	1032	6.1	1.31	7.7	0.000	0.423	-52.3	0	---	-52.4	-52.4	 .0971	0.019	699	1	100.0	30
10/11/20	10:30 a	85.3	85.5	83.7	100	85.3	1.0	S	0.50	6.0	SSE	85.3	109.3	109.3	120.1	29.831	0.00	0.00	525	22.58	1339	5.6	1.20	9.2	0.000	0.423	-52.3	0	---	-52.4	-52.4	 .0971	0.000	701	1	100.0	30
10/11/20	11:00 a	84.4	85.6	83.6	100	84.4	1.0	NNE	0.50	5.0	NNE	84.4	104.9	104.9	112.3	29.831	0.00	0.00	331	14.23	512	3.9	0.84	5.8	0.000	0.404	-52.3	0	---	-52.4	-52.4	 .0971	0.013	700	1	100.0	30
10/11/20	11:30 a	86.9	86.9	84.2	100	86.9	2.0	S	1.00	8.0	SE	86.9	119.8	119.8	130.7	29.831	0.00	0.00	1031	44.34	1201	9.0	1.93	10.0	0.000	0.456	-52.3	0	---	-52.4	-52.4	 .0971	0.000	700	1	100.0	30
10/11/20	12:00 p	86.9	88.0	86.3	100	86.9	2.0	SE	1.00	8.0	ESE	86.9	119.8	119.8	131.4	29.831	0.00	0.00	1075	46.23	1167	9.1	1.95	9.4	0.000	0.456	-52.3	0	---	-52.4	-52.4	 .0971	0.027	702	1	100.0	30
10/11/20	12:30 p	86.8	87.9	86.3	100	86.8	2.0	SE	1.00	10.0	SSE	86.8	119.0	119.0	132.2	29.831	0.00	0.00	1149	49.41	1310	8.0	1.71	9.7	0.000	0.454	-52.3	0	---	-52.4	-52.4	 .0971	0.000	702	1	100.0	30
10/11/20	1:00 p	86.4	87.4	86.0	100	86.4	2.0	SSE	1.00	10.0	SSE	86.4	116.1	116.1	128.2	29.831	0.00	0.00	978	42.06	1071	7.8	1.67	8.4	0.000	0.446	-52.3	0	---	-52.4	-52.4	 .0971	0.025	698	1	100.0	30
10/11/20	1:30 p	85.7	87.2	85.7	100	85.7	2.0	SE	1.00	9.0	SSE	85.7	111.5	111.5	123.4	29.831	0.00	0.00	874	37.59	902	6.6	1.41	7.1	0.000	0.431	-52.3	0	---	-52.4	-52.4	 .0971	0.000	701	1	100.0	30
10/11/20	2:00 p	86.2	86.9	85.3	100	86.2	2.0	SE	1.00	10.0	NNE	86.2	114.7	114.7	127.6	29.831	0.00	0.00	770	33.11	812	5.2	1.11	5.8	0.000	0.442	-52.3	0	---	-52.4	-52.4	 .0971	0.021	700	1	100.0	30
10/11/20	2:30 p	86.2	86.4	85.4	100	86.2	2.0	SSE	1.00	8.0	E	86.2	114.7	114.7	127.5	29.831	0.00	0.00	686	29.50	735	3.9	0.84	4.5	0.000	0.442	-52.3	0	---	-52.4	-52.4	 .0971	0.000	699	1	100.0	30
10/11/20	3:00 p	85.7	86.1	85.1	100	85.7	3.0	ESE	1.50	9.0	NNE	85.7	111.5	111.5	123.8	29.831	0.00	0.00	612	26.32	793	2.6	0.56	3.2	0.000	0.431	-52.3	0	---	-52.4	-52.4	 .0971	0.017	702	1	100.0	30
10/11/20	3:30 p	85.0	86.0	84.8	100	85.0	2.0	SE	1.00	9.0	SSE	85.0	107.6	107.6	119.6	29.831	0.00	0.00	497	21.37	571	1.7	0.36	2.2	0.000	0.417	-52.3	0	---	-52.4	-52.4	 .0971	0.000	699	1	100.0	30
10/11/20	4:00 p	83.6	85.1	83.6	100	83.6	2.0	SSE	1.00	10.0	SSE	83.6	101.5	101.5	110.2	29.831	0.00	0.00	261	11.22	466	0.8	0.17	1.1	0.000	0.387	-52.3	0	---	-52.4	-52.4	 .0971	0.010	699	1	100.0	30
10/11/20	4:30 p	82.9	83.6	82.8	100	82.9	1.0	SE	0.50	8.0	SE	82.9	98.9	98.9	101.8	29.831	0.00	0.00	76	3.27	83	0.1	0.02	0.5	0.000	0.373	-52.3	0	---	-52.4	-52.4	 .0971	0.000	700	1	100.0	30
10/11/20	5:00 p	82.4	83.1	82.2	100	82.4	0.0	SSE	0.00	5.0	S	82.4	97.1	97.1	98.1	29.831	0.00	0.00	78	3.35	93	0.0	0.00	0.0	0.000	0.363	-52.3	0	---	-52.4	-52.4	 .0971	0.002	701	1	100.0	30
10/11/20	5:30 p	81.4	82.4	81.4	100	81.4	0.0	ESE	0.00	3.0	E	81.4	93.8	93.8	93.5	29.831	0.00	0.00	26	1.12	67	0.0	0.00	0.0	0.000	0.342	-52.1	0	---	-52.2	-52.2	 .0971	0.000	698	1	100.0	30
10/11/20	6:00 p	80.6	81.4	80.6	100	80.6	0.0	SE	0.00	2.0	SE	80.6	91.3	91.3	90.4	29.831	0.00	0.00	0	0.00	0	0.0	0.00	0.0	0.000	0.325	-52.3	0	---	-52.4	-52.4	 .0971	0.000	700	1	100.0	30
10/11/20	6:30 p	80.0	80.7	79.9	100	80.0	0.0	---	0.00	0.0	---	80.0	89.6	89.6	88.7	29.831	0.00	0.00	0	0.00	0	0.0	0.00	0.0	0.000	0.313	-52.3	0	---	-52.4	-52.4	 .0971	0.000	701	1	100.0	30
10/11/20	7:00 p	79.7	80.0	79.7	100	79.7	0.0	SE	0.00	2.0	SE	79.7	88.8	88.8	87.8	29.831	0.00	0.00	0	0.00	0	0.0	0.00	0.0	0.000	0.306	-52.3	0	---	-52.4	-52.4	 .0971	0.000	699	1	100.0	30
10/11/20	7:30 p	78.6	79.7	78.6	100	78.6	0.0	---	0.00	0.0	---	78.6	85.8	85.8	84.8	29.831	0.00	0.00	0	0.00	0	0.0	0.00	0.0	0.000	0.283	-52.3	0	---	-52.4	-52.4	 .0971	0.000	700	1	100.0	30
10/11/20	8:00 p	77.9	78.6	77.9	100	77.9	0.0	---	0.00	0.0	---	77.9	84.2	84.2	83.1	29.831	0.00	0.00	0	0.00	0	0.0	0.00	0.0	0.000	0.269	-52.3	0	---	-52.4	-52.4	 .0971	0.000	697	1	100.0	30
10/11/20	8:30 p	77.5	77.9	77.5	100	77.5	0.0	---	0.00	0.0	---	77.5	83.3	83.3	82.2	29.831	0.00	0.00	0	0.00	0	0.0	0.00	0.0	0.000	0.260	-52.3	0	---	-52.4	-52.4	 .0971	0.000	696	1	100.0	30
10/11/20	9:00 p	77.2	77.6	77.1	100	77.2	0.0	---	0.00	0.0	---	77.2	82.6	82.6	81.5	29.831	0.00	0.00	0	0.00	0	0.0	0.00	0.0	0.000	0.254	-52.3	0	---	-52.4	-52.4	 .0971	0.000	699	1	100.0	30
10/11/20	9:30 p	76.7	77.2	76.7	100	76.7	0.0	---	0.00	0.0	---	76.7	81.6	81.6	80.5	29.831	0.00	0.00	0	0.00	0	0.0	0.00	0.0	0.000	0.244	-52.3	0	---	-52.4	-52.4	 .0971	0.000	700	1	100.0	30
10/11/20	10:00 p	76.3	76.7	76.3	100	76.3	0.0	---	0.00	0.0	---	76.3	80.9	80.9	79.8	29.831	0.00	0.00	0	0.00	0	0.0	0.00	0.0	0.000	0.235	-52.3	0	---	-52.4	-52.4	 .0971	0.000	700	1	100.0	30
10/11/20	10:30 p	76.3	76.4	76.2	100	76.3	0.0	---	0.00	0.0	---	76.3	80.9	80.9	79.8	29.831	0.00	0.00	0	0.00	0	0.0	0.00	0.0	0.000	0.235	-52.3	0	---	-52.4	-52.4	 .0971	0.000	698	1	100.0	30
10/11/20	11:00 p	76.2	76.3	76.1	100	76.2	0.0	---	0.00	0.0	---	76.2	80.7	80.7	79.6	29.831	0.00	0.00	0	0.00	0	0.0	0.00	0.0	0.000	0.233	-52.3	0	---	-52.4	-52.4	 .0971	0.000	699	1	100.0	30
10/11/20	11:30 p	76.0	76.3	76.0	100	76.0	0.0	---	0.00	0.0	---	76.0	80.3	80.3	79.2	29.831	0.00	0.00	0	0.00	0	0.0	0.00	0.0	0.000	0.229	-52.3	0	---	-52.4	-52.4	 .0971	0.000	698	1	100.0	30
10/12/20	12:00 a	76.1	76.1	75.9	100	76.1	0.0	---	0.00	0.0	---	76.1	80.5	80.5	79.4	29.831	0.00	0.00	0	0.00	0	0.0	0.00	0.0	0.000	0.231	-52.3	0	---	-52.4	-52.4	 .0971	0.000	700	1	100.0	30
10/12/20	12:30 a	76.0	76.0	75.8	100	76.0	0.0	---	0.00	0.0	---	76.0	80.3	80.3	79.2	29.831	0.00	0.00	0	0.00	0	0.0	0.00	0.0	0.000	0.229	-52.3	0	---	-52.4	-52.4	 .0971	0.000	653	1	95.5	30
10/12/20	1:00 a	75.9	76.0	75.7	100	75.9	0.0	---	0.00	0.0	---	75.9	80.2	80.2	79.0	29.831	0.00	0.00	0	0.00	0	0.0	0.00	0.0	0.000	0.227	-52.3	0	---	-52.4	-52.4	 .0971	0.000	700	1	100.0	30
10/12/20	1:30 a	76.1	76.1	75.8	100	76.1	0.0	---	0.00	0.0	---	76.1	80.5	80.5	79.4	29.831	0.00	0.00	0	0.00	0	0.0	0.00	0.0	0.000	0.231	-52.3	0	---	-52.4	-52.4	 .0971	0.000	700	1	100.0	30
10/12/20	2:00 a	76.5	76.5	76.0	100	76.5	0.0	---	0.00	0.0	---	76.5	81.3	81.3	80.2	29.831	0.00	0.00	0	0.00	0	0.0	0.00	0.0	0.000	0.240	-52.3	0	---	-52.4	-52.4	 .0971	0.000	700	1	100.0	30
10/12/20	2:30 a	76.4	76.6	76.4	100	76.4	0.0	---	0.00	0.0	---	76.4	81.1	81.1	80.0	29.831	0.00	0.00	0	0.00	0	0.0	0.00	0.0	0.000	0.238	-52.3	0	---	-52.4	-52.4	 .0971	0.000	703	1	100.0	30
10/12/20	3:00 a	76.1	76.5	76.1	100	76.1	0.0	---	0.00	0.0	---	76.1	80.5	80.5	79.4	29.831	0.00	0.00	0	0.00	0	0.0	0.00	0.0	0.000	0.231	-52.3	0	---	-52.4	-52.4	 .0971	0.000	700	1	100.0	30
10/12/20	3:30 a	76.1	76.2	76.0	100	76.1	0.0	---	0.00	0.0	---	76.1	80.5	80.5	79.4	29.831	0.00	0.00	0	0.00	0	0.0	0.00	0.0	0.000	0.231	-52.3	0	---	-52.4	-52.4	 .0971	0.000	700	1	100.0	30
10/12/20	4:00 a	75.8	76.0	75.7	100	75.8	0.0	---	0.00	0.0	---	75.8	80.0	80.0	78.8	29.831	0.00	0.00	0	0.00	0	0.0	0.00	0.0	0.000	0.225	-52.3	0	---	-52.4	-52.4	 .0971	0.000	697	1	100.0	30
10/12/20	4:30 a	75.8	75.9	75.5	100	75.8	0.0	---	0.00	0.0	---	75.8	80.0	80.0	78.8	29.831	0.00	0.00	0	0.00	0	0.0	0.00	0.0	0.000	0.225	-52.3	0	---	-52.4	-52.4	 .0971	0.000	700	1	100.0	30
10/12/20	5:00 a	75.6	76.1	75.6	100	75.6	0.0	---	0.00	0.0	---	75.6	79.7	79.7	78.5	29.831	0.00	0.00	0	0.00	0	0.0	0.00	0.0	0.000	0.221	-52.3	0	---	-52.4	-52.4	 .0971	0.000	701	1	100.0	30
10/12/20	5:30 a	76.0	76.0	75.5	100	76.0	0.0	---	0.00	0.0	---	76.0	80.3	80.3	79.2	29.831	0.00	0.00	0	0.00	5	0.0	0.00	0.0	0.000	0.229	-52.3	0	---	-52.4	-52.4	 .0971	0.000	695	1	100.0	30
10/12/20	6:00 a	76.6	76.6	76.0	100	76.6	0.0	---	0.00	0.0	---	76.6	81.4	81.4	80.7	29.831	0.00	0.00	18	0.77	53	0.0	0.00	0.0	0.000	0.242	-52.3	0	---	-52.4	-52.4	 .0971	0.000	698	1	100.0	30
10/12/20	6:30 a	77.1	77.2	76.5	100	77.1	0.0	---	0.00	0.0	---	77.1	82.4	82.4	84.5	29.831	0.00	0.00	57	2.45	70	0.0	0.00	0.0	0.000	0.252	-52.3	0	---	-52.4	-52.4	 .0971	0.000	698	1	100.0	30
10/12/20	7:00 a	77.4	77.4	77.0	100	77.4	0.0	---	0.00	0.0	---	77.4	83.1	83.1	84.6	29.831	0.00	0.00	52	2.24	69	0.0	0.00	0.0	0.000	0.258	-52.3	0	---	-52.4	-52.4	 .0971	0.001	702	1	100.0	30
10/12/20	7:30 a	78.2	78.2	77.3	100	78.2	0.0	ENE	0.00	3.0	ENE	78.2	84.9	84.9	86.5	29.831	0.00	0.00	62	2.67	70	0.8	0.17	1.1	0.000	0.275	-52.3	0	---	-52.4	-52.4	 .0971	0.000	700	1	100.0	30
10/12/20	8:00 a	79.0	79.0	78.1	100	79.0	1.0	ENE	0.50	4.0	NE	79.0	86.8	86.8	92.6	29.831	0.00	0.00	205	8.82	492	1.6	0.34	2.5	0.000	0.292	-52.3	0	---	-52.4	-52.4	 .0971	0.003	701	1	100.0	30
10/12/20	8:30 a	80.4	80.7	79.1	100	80.4	1.0	SSW	0.50	4.0	S	80.4	90.8	90.8	98.9	29.831	0.00	0.00	327	14.06	533	2.4	0.51	3.2	0.000	0.321	-52.3	0	---	-52.4	-52.4	 .0971	0.000	700	1	100.0	30
10/12/20	9:00 a	82.9	83.3	80.3	100	82.9	1.0	SSE	0.50	4.0	SSE	82.9	98.9	98.9	108.5	29.831	0.00	0.00	427	18.36	701	3.4	0.73	4.5	0.000	0.373	-52.3	0	---	-52.4	-52.4	 .0971	0.010	700	1	100.0	30
10/12/20	9:30 a	80.5	82.9	80.5	100	80.5	0.0	S	0.00	3.0	S	80.5	91.1	91.1	93.2	29.831	0.15	4.47	111	4.77	179	1.3	0.28	2.2	0.000	0.323	-52.3	0	---	-52.4	-52.4	 .0971	0.000	697	1	100.0	30
10/12/20	10:00 a	80.7	80.7	79.6	100	80.7	0.0	SSE	0.00	3.0	SSE	80.7	91.6	91.6	100.1	29.831	0.06	0.55	401	17.25	912	3.5	0.75	6.7	0.000	0.327	-52.3	0	---	-52.4	-52.4	 .0971	0.006	702	1	100.0	30
10/12/20	10:30 a	83.7	83.8	80.8	100	83.7	1.0	E	0.50	3.0	SSE	83.7	101.9	101.9	114.9	29.831	0.00	0.00	880	37.84	1071	7.1	1.52	8.9	0.000	0.390	-52.3	0	---	-52.4	-52.4	 .0971	0.000	701	1	100.0	30
10/12/20	11:00 a	84.1	85.4	83.0	100	84.1	1.0	S	0.50	5.0	SSE	84.1	103.5	103.5	116.6	29.831	0.00	0.00	914	39.31	1155	8.0	1.71	9.3	0.000	0.398	-52.3	0	---	-52.4	-52.4	 .0971	0.022	700	1	100.0	30
10/12/20	11:30 a	82.7	84.1	82.0	100	82.7	3.0	SSE	1.50	12.0	SSE	82.7	98.1	98.1	108.9	29.831	0.00	0.00	531	22.84	986	5.6	1.20	8.6	0.000	0.369	-52.3	0	---	-52.4	-52.4	 .0971	0.000	703	1	100.0	30
10/12/20	12:00 p	83.6	84.3	82.6	100	83.6	2.0	ESE	1.00	9.0	ESE	83.6	101.5	101.5	114.4	29.831	0.00	0.00	710	30.53	981	6.9	1.48	8.9	0.000	0.387	-52.3	0	---	-52.4	-52.4	 .0971	0.016	698	1	100.0	30
10/12/20	12:30 p	84.2	85.3	83.3	100	84.2	2.0	SE	1.00	10.0	SSE	84.2	104.0	104.0	116.7	29.831	0.00	0.00	937	40.30	1048	8.1	1.74	8.9	0.000	0.400	-52.3	0	---	-52.4	-52.4	 .0971	0.000	701	1	100.0	30
10/12/20	1:00 p	84.1	85.2	83.9	100	84.1	2.0	S	1.00	8.0	ESE	84.1	103.5	103.5	116.7	29.831	0.00	0.00	857	36.86	1178	7.1	1.52	9.1	0.000	0.398	-52.3	0	---	-52.4	-52.4	 .0971	0.023	699	1	100.0	30
10/12/20	1:30 p	84.0	84.2	83.0	100	84.0	2.0	SSE	1.00	8.0	SE	84.0	103.1	103.1	116.1	29.831	0.00	0.00	752	32.34	937	5.6	1.20	6.7	0.000	0.396	-52.3	0	---	-52.4	-52.4	 .0971	0.000	699	1	100.0	30
10/12/20	2:00 p	82.8	85.1	82.5	100	82.8	2.0	SE	1.00	7.0	SSE	82.8	98.5	98.5	109.0	29.831	0.00	0.00	503	21.63	905	3.6	0.77	5.8	0.000	0.371	-52.3	0	---	-52.4	-52.4	 .0971	0.016	700	1	100.0	30
10/12/20	2:30 p	81.5	82.8	81.4	100	81.5	1.0	NNE	0.50	6.0	ESE	81.5	94.1	94.1	98.7	29.831	0.00	0.00	193	8.30	318	1.6	0.34	2.3	0.000	0.344	-52.3	0	---	-52.4	-52.4	 .0971	0.000	702	1	100.0	30
10/12/20	3:00 p	81.3	81.8	81.1	100	81.3	1.0	S	0.50	5.0	SSE	81.3	93.5	93.5	97.7	29.831	0.00	0.00	161	6.92	197	1.1	0.24	1.4	0.000	0.340	-52.3	0	---	-52.4	-52.4	 .0971	0.004	699	1	100.0	30
10/12/20	3:30 p	81.1	81.6	80.7	100	81.1	1.0	SSW	0.50	5.0	SSE	81.1	92.8	92.8	96.6	29.831	0.00	0.00	131	5.63	156	0.7	0.15	0.8	0.000	0.335	-52.3	0	---	-52.4	-52.4	 .0971	0.000	701	1	100.0	30
10/12/20	4:00 p	80.9	81.4	80.7	100	80.9	2.0	SSW	1.00	8.0	SSW	80.9	92.2	92.2	94.6	29.831	0.00	0.00	78	3.35	151	0.1	0.02	0.6	0.000	0.331	-52.3	0	---	-52.4	-52.4	 .0971	0.003	699	1	100.0	30
10/12/20	4:30 p	76.5	81.0	76.5	100	76.5	1.0	SE	0.50	8.0	E	76.5	81.3	81.3	80.7	29.831	0.01	0.08	5	0.22	30	0.0	0.00	0.0	0.000	0.240	-52.3	0	---	-52.4	-52.4	 .0971	0.000	701	1	100.0	30
10/12/20	5:00 p	75.1	76.4	75.1	100	75.1	1.0	SE	0.50	4.0	SSE	75.1	78.9	78.9	77.8	29.831	0.60	4.03	0	0.00	0	0.0	0.00	0.0	0.000	0.210	-52.3	0	---	-52.4	-52.4	 .0971	0.000	702	1	100.0	30
10/12/20	5:30 p	74.8	75.1	74.6	100	74.8	1.0	ENE	0.50	4.0	SE	74.8	78.6	78.6	77.5	29.831	0.80	3.69	0	0.00	0	0.0	0.00	0.0	0.000	0.204	-52.3	0	---	-52.4	-52.4	 .0971	0.000	701	1	100.0	30
10/12/20	6:00 p	75.4	75.4	74.8	100	75.4	0.0	ENE	0.00	2.0	ENE	75.4	79.4	79.4	78.3	29.831	0.21	1.14	0	0.00	0	0.0	0.00	0.0	0.000	0.217	-52.3	0	---	-52.4	-52.4	 .0971	0.000	702	1	100.0	30
10/12/20	6:30 p	75.7	75.8	75.3	100	75.7	0.0	ENE	0.00	2.0	ENE	75.7	79.8	79.8	78.7	29.831	0.36	1.94	0	0.00	0	0.0	0.00	0.0	0.000	0.223	-52.3	0	---	-52.4	-52.4	 .0971	0.000	700	1	100.0	30
10/12/20	7:00 p	75.5	75.8	75.5	100	75.5	0.0	WSW	0.00	2.0	WSW	75.5	79.6	79.6	78.5	29.831	0.12	0.71	0	0.00	0	0.0	0.00	0.0	0.000	0.219	-52.3	0	---	-52.4	-52.4	 .0971	0.000	700	1	100.0	30
10/12/20	7:30 p	75.7	75.8	75.5	100	75.7	0.0	WSW	0.00	1.0	WSW	75.7	79.8	79.8	78.7	29.831	0.02	0.13	0	0.00	0	0.0	0.00	0.0	0.000	0.223	-52.3	0	---	-52.4	-52.4	 .0971	0.000	702	1	100.0	30
10/12/20	8:00 p	75.7	75.8	75.6	100	75.7	0.0	WSW	0.00	1.0	WSW	75.7	79.8	79.8	78.7	29.831	0.01	0.04	0	0.00	0	0.0	0.00	0.0	0.000	0.223	-52.3	0	---	-52.4	-52.4	 .0971	0.000	700	1	100.0	30
10/12/20	8:30 p	75.4	75.7	75.4	100	75.4	0.0	WSW	0.00	2.0	WSW	75.4	79.4	79.4	78.3	29.831	0.00	0.00	0	0.00	0	0.0	0.00	0.0	0.000	0.217	-52.3	0	---	-52.4	-52.4	 .0971	0.000	702	1	100.0	30
10/12/20	9:00 p	75.6	75.7	75.3	100	75.6	0.0	---	0.00	0.0	---	75.6	79.7	79.7	78.6	29.831	0.00	0.00	0	0.00	0	0.0	0.00	0.0	0.000	0.221	-52.3	0	---	-52.4	-52.4	 .0971	0.000	702	1	100.0	30
10/12/20	9:30 p	75.5	75.7	75.5	100	75.5	0.0	---	0.00	0.0	---	75.5	79.6	79.6	78.5	29.831	0.00	0.00	0	0.00	0	0.0	0.00	0.0	0.000	0.219	-52.3	0	---	-52.4	-52.4	 .0971	0.000	700	1	100.0	30
10/12/20	10:00 p	75.5	75.6	75.4	100	75.5	0.0	---	0.00	0.0	---	75.5	79.6	79.6	78.5	29.831	0.00	0.00	0	0.00	0	0.0	0.00	0.0	0.000	0.219	-52.3	0	---	-52.4	-52.4	 .0971	0.000	700	1	100.0	30
10/12/20	10:30 p	75.4	75.7	75.4	100	75.4	0.0	WSW	0.00	1.0	WSW	75.4	79.4	79.4	78.3	29.831	0.00	0.00	0	0.00	0	0.0	0.00	0.0	0.000	0.217	-52.3	0	---	-52.4	-52.4	 .0971	0.000	701	1	100.0	30
10/12/20	11:00 p	75.3	75.5	75.2	100	75.3	0.0	WSW	0.00	1.0	WSW	75.3	79.3	79.3	78.2	29.831	0.00	0.00	0	0.00	0	0.0	0.00	0.0	0.000	0.215	-52.3	0	---	-52.4	-52.4	 .0971	0.000	698	1	100.0	30
10/12/20	11:30 p	75.5	75.5	75.0	100	75.5	0.0	WSW	0.00	1.0	WSW	75.5	79.6	79.6	78.5	29.831	0.00	0.00	0	0.00	0	0.0	0.00	0.0	0.000	0.219	-52.3	0	---	-52.4	-52.4	 .0971	0.000	701	1	100.0	30
10/13/20	12:00 a	75.7	75.8	75.4	100	75.7	0.0	WSW	0.00	1.0	WSW	75.7	79.8	79.8	78.7	29.831	0.00	0.00	0	0.00	0	0.0	0.00	0.0	0.000	0.223	-52.3	0	---	-52.4	-52.4	 .0971	0.000	699	1	100.0	30
10/13/20	12:30 a	76.0	76.0	75.7	100	76.0	0.0	---	0.00	0.0	---	76.0	80.3	80.3	79.3	29.831	0.00	0.00	0	0.00	0	0.0	0.00	0.0	0.000	0.229	-52.3	0	---	-52.4	-52.4	 .0971	0.000	701	1	100.0	30
10/13/20	1:00 a	76.0	76.1	75.9	100	76.0	0.0	---	0.00	0.0	---	76.0	80.3	80.3	79.3	29.831	0.01	0.00	0	0.00	0	0.0	0.00	0.0	0.000	0.229	-52.3	0	---	-52.4	-52.4	 .0971	0.000	701	1	100.0	30
10/13/20	1:30 a	76.1	76.1	75.9	100	76.1	0.0	---	0.00	0.0	---	76.1	80.5	80.5	79.5	29.831	0.01	0.00	0	0.00	0	0.0	0.00	0.0	0.000	0.231	-52.3	0	---	-52.4	-52.4	 .0971	0.000	702	1	100.0	30
10/13/20	2:00 a	76.0	76.1	76.0	100	76.0	0.0	---	0.00	0.0	---	76.0	80.3	80.3	79.3	29.831	0.01	0.00	0	0.00	0	0.0	0.00	0.0	0.000	0.229	-52.3	0	---	-52.4	-52.4	 .0971	0.000	699	1	100.0	30
10/13/20	2:30 a	76.1	76.2	76.0	100	76.1	0.0	---	0.00	0.0	---	76.1	80.5	80.5	79.5	29.831	0.04	0.19	0	0.00	0	0.0	0.00	0.0	0.000	0.231	-52.3	0	---	-52.4	-52.4	 .0971	0.000	701	1	100.0	30
10/13/20	3:00 a	75.9	76.1	75.9	100	75.9	0.0	---	0.00	0.0	---	75.9	80.2	80.2	79.1	29.831	0.05	0.17	0	0.00	0	0.0	0.00	0.0	0.000	0.227	-52.3	0	---	-52.4	-52.4	 .0971	0.000	700	1	100.0	30
10/13/20	3:30 a	76.0	76.1	75.8	100	76.0	0.0	WSW	0.00	2.0	WSW	76.0	80.3	80.3	79.3	29.831	0.02	0.06	0	0.00	0	0.0	0.00	0.0	0.000	0.229	-52.3	0	---	-52.4	-52.4	 .0971	0.000	699	1	100.0	30
10/13/20	4:00 a	75.8	76.0	75.7	100	75.8	0.0	WSW	0.00	1.0	WSW	75.8	80.0	80.0	78.9	29.831	0.01	0.00	0	0.00	0	0.0	0.00	0.0	0.000	0.225	-52.3	0	---	-52.4	-52.4	 .0971	0.000	701	1	100.0	30
10/13/20	4:30 a	75.7	75.8	75.6	100	75.7	0.0	WSW	0.00	1.0	WSW	75.7	79.8	79.8	78.7	29.831	0.00	0.00	0	0.00	0	0.0	0.00	0.0	0.000	0.223	-52.3	0	---	-52.4	-52.4	 .0971	0.000	700	1	100.0	30
10/13/20	5:00 a	75.7	75.9	75.6	100	75.7	0.0	---	0.00	0.0	---	75.7	79.8	79.8	78.7	29.831	0.00	0.00	0	0.00	0	0.0	0.00	0.0	0.000	0.223	-52.3	0	---	-52.4	-52.4	 .0971	0.000	702	1	100.0	30
10/13/20	5:30 a	75.7	75.7	75.5	100	75.7	0.0	WSW	0.00	2.0	WSW	75.7	79.8	79.8	78.7	29.831	0.06	1.64	0	0.00	0	0.0	0.00	0.0	0.000	0.223	-52.3	0	---	-52.4	-52.4	 .0971	0.000	699	1	100.0	30
10/13/20	6:00 a	75.7	75.8	75.2	100	75.7	1.0	N	0.50	4.0	ESE	75.7	79.8	79.8	78.8	29.831	0.01	0.12	1	0.04	9	0.0	0.00	0.0	0.000	0.223	-52.3	0	---	-52.4	-52.4	 .0971	0.000	703	1	100.0	30
10/13/20	6:30 a	76.1	76.1	75.7	100	76.1	1.0	SE	0.50	7.0	W	76.1	80.5	80.5	81.1	29.831	0.00	0.00	26	1.12	37	0.0	0.00	0.0	0.000	0.231	-52.3	0	---	-52.4	-52.4	 .0971	0.000	699	1	100.0	30
10/13/20	7:00 a	76.1	76.3	75.9	100	76.1	0.0	E	0.00	3.0	E	76.1	80.5	80.5	81.2	29.831	0.00	0.00	34	1.46	42	0.0	0.00	0.0	0.000	0.231	-52.3	0	---	-52.4	-52.4	 .0971	0.001	702	1	100.0	30
10/13/20	7:30 a	75.5	76.1	75.5	100	75.5	0.0	S	0.00	2.0	S	75.5	79.6	79.6	80.5	29.831	0.02	0.12	47	2.02	58	0.0	0.00	0.0	0.000	0.219	-52.3	0	---	-52.4	-52.4	 .0971	0.000	698	1	100.0	30
10/13/20	8:00 a	76.0	76.1	75.6	100	76.0	1.0	E	0.50	2.0	E	76.0	80.3	80.3	81.1	29.831	0.02	0.10	48	2.06	58	0.0	0.00	0.0	0.000	0.229	-52.3	0	---	-52.4	-52.4	 .0971	0.001	700	1	100.0	30
10/13/20	8:30 a	76.1	76.2	75.8	100	76.1	0.0	E	0.00	2.0	E	76.1	80.5	80.5	80.8	29.831	0.06	0.21	38	1.63	46	0.0	0.00	0.0	0.000	0.231	-52.3	0	---	-52.4	-52.4	 .0971	0.000	702	1	100.0	30
10/13/20	9:00 a	76.4	76.5	76.1	100	76.4	0.0	E	0.00	1.0	E	76.4	81.1	81.1	81.9	29.831	0.09	0.24	59	2.54	67	0.3	0.06	0.6	0.000	0.238	-52.3	0	---	-52.4	-52.4	 .0971	0.001	702	1	100.0	30
10/13/20	9:30 a	76.7	76.7	76.1	100	76.7	0.0	E	0.00	1.0	E	76.7	81.6	81.6	82.7	29.831	0.05	0.18	75	3.23	102	0.7	0.15	1.0	0.000	0.244	-52.3	0	---	-52.4	-52.4	 .0971	0.000	697	1	100.0	30
10/13/20	10:00 a	77.1	77.3	76.6	100	77.1	0.0	E	0.00	1.0	E	77.1	82.4	82.4	85.2	29.831	0.01	0.07	144	6.19	211	1.4	0.30	2.1	0.000	0.252	-52.3	0	---	-52.4	-52.4	 .0971	0.003	699	1	100.0	30
10/13/20	10:30 a	77.1	77.9	76.6	100	77.1	0.0	E	0.00	3.0	ENE	77.1	82.4	82.4	88.8	29.831	0.00	0.00	298	12.82	404	2.8	0.60	3.8	0.000	0.252	-52.3	0	---	-52.4	-52.4	 .0971	0.000	702	1	100.0	30
10/13/20	11:00 a	78.3	79.1	77.1	100	78.3	1.0	NNE	0.50	5.0	SSE	78.3	85.1	85.1	97.1	29.831	0.00	0.00	644	27.70	918	5.7	1.22	7.4	0.000	0.277	-52.3	0	---	-52.4	-52.4	 .0971	0.012	699	1	100.0	30
10/13/20	11:30 a	82.0	82.0	78.3	100	82.0	1.0	SW	0.50	6.0	SSE	82.0	95.7	95.7	108.6	29.831	0.00	0.00	714	30.71	1150	6.8	1.46	10.0	0.000	0.354	-52.3	0	---	-52.4	-52.4	 .0971	0.000	702	1	100.0	30
10/13/20	12:00 p	81.4	82.0	80.5	100	81.4	1.0	SE	0.50	5.0	SSE	81.4	93.8	93.8	105.7	29.831	0.00	0.00	621	26.71	965	6.5	1.39	8.6	0.000	0.342	-52.3	0	---	-52.4	-52.4	 .0971	0.017	700	1	100.0	30
10/13/20	12:30 p	82.5	83.1	81.4	100	82.5	1.0	S	0.50	6.0	SSE	82.5	97.4	97.4	110.6	29.831	0.00	0.00	868	37.33	969	7.8	1.67	8.9	0.000	0.365	-52.3	0	---	-52.4	-52.4	 .0971	0.000	702	1	100.0	30
10/13/20	1:00 p	83.2	83.4	82.2	100	83.2	2.0	S	1.00	8.0	SSE	83.2	100.0	100.0	111.5	29.831	0.00	0.00	945	40.64	984	7.7	1.65	8.1	0.000	0.379	-52.3	0	---	-52.4	-52.4	 .0971	0.023	699	1	100.0	30
10/13/20	1:30 p	83.1	83.5	82.2	100	83.1	2.0	S	1.00	6.0	ESE	83.1	99.6	99.6	112.6	29.831	0.00	0.00	767	32.99	988	6.0	1.29	7.4	0.000	0.377	-52.3	0	---	-52.4	-52.4	 .0971	0.000	703	1	100.0	30
10/13/20	2:00 p	83.0	83.6	82.4	100	83.0	2.0	SSE	1.00	6.0	SSE	83.0	99.2	99.2	111.0	29.831	0.00	0.00	800	34.40	823	5.3	1.14	5.8	0.000	0.375	-52.3	0	---	-52.4	-52.4	 .0971	0.020	698	1	100.0	30
10/13/20	2:30 p	81.4	83.2	81.3	100	81.4	2.0	SE	1.00	7.0	SSE	81.4	93.8	93.8	106.1	29.831	0.00	0.00	617	26.53	847	3.6	0.77	4.7	0.000	0.342	-52.3	0	---	-52.4	-52.4	 .0971	0.000	700	1	100.0	30
10/13/20	3:00 p	81.2	81.7	81.0	100	81.2	2.0	SE	1.00	8.0	SE	81.2	93.1	93.1	102.3	29.831	0.00	0.00	365	15.70	499	2.2	0.47	2.8	0.000	0.337	-52.3	0	---	-52.4	-52.4	 .0971	0.012	696	1	100.0	30
10/13/20	3:30 p	80.6	81.6	80.2	100	80.6	1.0	S	0.50	6.0	S	80.6	91.3	91.3	97.9	29.831	0.00	0.00	226	9.72	415	1.3	0.28	1.9	0.000	0.325	-52.3	0	---	-52.4	-52.4	 .0971	0.000	701	1	100.0	30
10/13/20	4:00 p	80.1	80.7	80.0	100	80.1	1.0	ESE	0.50	4.0	S	80.1	89.9	89.9	95.2	29.831	0.00	0.00	156	6.71	232	0.5	0.11	0.9	0.000	0.315	-52.3	0	---	-52.4	-52.4	 .0971	0.005	702	1	100.0	30
10/13/20	4:30 p	79.7	80.3	79.7	100	79.7	0.0	ESE	0.00	3.0	SE	79.7	88.8	88.8	92.7	29.831	0.00	0.00	103	4.43	139	0.0	0.00	0.0	0.000	0.306	-52.3	0	---	-52.4	-52.4	 .0971	0.000	700	1	100.0	30
10/13/20	5:00 p	79.4	80.0	79.3	100	79.4	0.0	E	0.00	2.0	ESE	79.4	87.9	87.9	88.0	29.831	0.00	0.00	50	2.15	77	0.0	0.00	0.0	0.000	0.300	-52.3	0	---	-52.4	-52.4	 .0971	0.002	700	1	100.0	30
10/13/20	5:30 p	78.6	79.4	78.6	100	78.6	0.0	NNE	0.00	3.0	NNE	78.6	85.8	85.8	84.8	29.831	0.00	0.00	5	0.22	21	0.0	0.00	0.0	0.000	0.283	-52.3	0	---	-52.4	-52.4	 .0971	0.000	700	1	100.0	30
10/13/20	6:00 p	78.3	78.6	78.2	100	78.3	0.0	---	0.00	0.0	---	78.3	85.1	85.1	84.0	29.831	0.00	0.00	0	0.00	0	0.0	0.00	0.0	0.000	0.277	-52.3	0	---	-52.4	-52.4	 .0971	0.000	701	1	100.0	30
10/13/20	6:30 p	77.9	78.4	77.6	100	77.9	0.0	NNE	0.00	2.0	NNE	77.9	84.2	84.2	83.1	29.831	0.00	0.00	0	0.00	0	0.0	0.00	0.0	0.000	0.269	-52.3	0	---	-52.4	-52.4	 .0971	0.000	701	1	100.0	30
10/13/20	7:00 p	77.5	77.9	77.5	100	77.5	0.0	---	0.00	0.0	---	77.5	83.3	83.3	82.2	29.831	0.00	0.00	0	0.00	0	0.0	0.00	0.0	0.000	0.260	-52.3	0	---	-52.4	-52.4	 .0971	0.000	702	1	100.0	30
10/13/20	7:30 p	77.1	77.6	77.1	100	77.1	0.0	---	0.00	0.0	---	77.1	82.4	82.4	81.3	29.831	0.01	0.00	0	0.00	0	0.0	0.00	0.0	0.000	0.252	-52.3	0	---	-52.4	-52.4	 .0971	0.000	700	1	100.0	30
10/13/20	8:00 p	76.8	77.1	76.8	100	76.8	0.0	---	0.00	0.0	---	76.8	81.8	81.8	80.6	29.831	0.01	0.00	0	0.00	0	0.0	0.00	0.0	0.000	0.246	-52.3	0	---	-52.4	-52.4	 .0971	0.000	702	1	100.0	30
10/13/20	8:30 p	76.3	76.9	76.3	100	76.3	0.0	---	0.00	0.0	---	76.3	80.9	80.9	79.7	29.831	0.01	0.00	0	0.00	0	0.0	0.00	0.0	0.000	0.235	-52.3	0	---	-52.4	-52.4	 .0971	0.000	702	1	100.0	30
10/13/20	9:00 p	76.3	76.4	76.2	100	76.3	0.0	---	0.00	0.0	---	76.3	80.9	80.9	79.7	29.831	0.00	0.00	0	0.00	0	0.0	0.00	0.0	0.000	0.235	-52.3	0	---	-52.4	-52.4	 .0971	0.000	698	1	100.0	30
10/13/20	9:30 p	76.2	76.3	76.1	100	76.2	0.0	---	0.00	0.0	---	76.2	80.7	80.7	79.5	29.831	0.00	0.00	0	0.00	0	0.0	0.00	0.0	0.000	0.233	-52.3	0	---	-52.4	-52.4	 .0971	0.000	699	1	100.0	30
10/13/20	10:00 p	76.1	76.3	76.0	100	76.1	0.0	---	0.00	0.0	---	76.1	80.5	80.5	79.3	29.831	0.00	0.00	0	0.00	0	0.0	0.00	0.0	0.000	0.231	-52.3	0	---	-52.4	-52.4	 .0971	0.000	702	1	100.0	30
10/13/20	10:30 p	76.0	76.2	76.0	100	76.0	0.0	---	0.00	0.0	---	76.0	80.3	80.3	79.1	29.831	0.00	0.00	0	0.00	0	0.0	0.00	0.0	0.000	0.229	-52.3	0	---	-52.4	-52.4	 .0971	0.000	701	1	100.0	30
10/13/20	11:00 p	76.1	76.3	76.0	100	76.1	0.0	---	0.00	0.0	---	76.1	80.5	80.5	79.3	29.831	0.00	0.00	0	0.00	0	0.0	0.00	0.0	0.000	0.231	-52.3	0	---	-52.4	-52.4	 .0971	0.000	701	1	100.0	30
10/13/20	11:30 p	76.1	76.3	76.0	100	76.1	0.0	---	0.00	0.0	---	76.1	80.5	80.5	79.3	29.831	0.00	0.00	0	0.00	0	0.0	0.00	0.0	0.000	0.231	-52.3	0	---	-52.4	-52.4	 .0971	0.000	701	1	100.0	30
10/14/20	12:00 a	75.7	76.2	75.7	100	75.7	0.0	NNE	0.00	1.0	NNE	75.7	79.8	79.8	78.6	29.831	0.00	0.00	0	0.00	0	0.0	0.00	0.0	0.000	0.223	-52.3	0	---	-52.4	-52.4	 .0971	0.000	700	1	100.0	30
10/14/20	12:30 a	75.1	75.7	75.1	100	75.1	0.0	NNE	0.00	1.0	NNE	75.1	78.9	78.9	77.7	29.831	0.00	0.00	0	0.00	0	0.0	0.00	0.0	0.000	0.210	-52.3	0	---	-52.4	-52.4	 .0971	0.000	697	1	100.0	30
10/14/20	1:00 a	74.8	75.1	74.7	100	74.8	0.0	NNE	0.00	1.0	NNE	74.8	78.6	78.6	77.3	29.831	0.00	0.00	0	0.00	0	0.0	0.00	0.0	0.000	0.204	-52.3	0	---	-52.4	-52.4	 .0971	0.000	701	1	100.0	30
10/14/20	1:30 a	74.4	74.9	74.4	100	74.4	0.0	---	0.00	0.0	---	74.4	78.1	78.1	76.8	29.831	0.00	0.00	0	0.00	0	0.0	0.00	0.0	0.000	0.196	-52.3	0	---	-52.4	-52.4	 .0971	0.000	701	1	100.0	30
10/14/20	2:00 a	74.1	74.4	74.0	100	74.1	0.0	---	0.00	0.0	---	74.1	77.7	77.7	76.4	29.831	0.00	0.00	0	0.00	0	0.0	0.00	0.0	0.000	0.190	-52.3	0	---	-52.4	-52.4	 .0971	0.000	701	1	100.0	30
10/14/20	2:30 a	74.0	74.1	73.9	100	74.0	0.0	---	0.00	0.0	---	74.0	77.6	77.6	76.3	29.831	0.00	0.00	0	0.00	0	0.0	0.00	0.0	0.000	0.188	-52.3	0	---	-52.4	-52.4	 .0971	0.000	702	1	100.0	30
10/14/20	3:00 a	74.2	74.2	73.8	100	74.2	0.0	---	0.00	0.0	---	74.2	77.8	77.8	76.5	29.831	0.00	0.00	0	0.00	0	0.0	0.00	0.0	0.000	0.192	-52.3	0	---	-52.4	-52.4	 .0971	0.000	698	1	100.0	30
10/14/20	3:30 a	74.1	74.4	74.1	100	74.1	0.0	---	0.00	0.0	---	74.1	77.7	77.7	76.4	29.831	0.00	0.00	0	0.00	0	0.0	0.00	0.0	0.000	0.190	-52.3	0	---	-52.4	-52.4	 .0971	0.000	702	1	100.0	30
10/14/20	4:00 a	73.8	74.2	73.7	100	73.8	0.0	---	0.00	0.0	---	73.8	77.4	77.4	76.0	29.831	0.00	0.00	0	0.00	0	0.0	0.00	0.0	0.000	0.183	-52.3	0	---	-52.4	-52.4	 .0971	0.000	702	1	100.0	30
10/14/20	4:30 a	73.5	73.8	73.5	100	73.5	0.0	NNE	0.00	1.0	NNE	73.5	77.1	77.1	75.7	29.831	0.00	0.00	0	0.00	0	0.0	0.00	0.0	0.000	0.177	-52.3	0	---	-52.4	-52.4	 .0971	0.000	699	1	100.0	30
10/14/20	5:00 a	74.0	74.1	73.4	100	74.0	0.0	NNE	0.00	1.0	NNE	74.0	77.6	77.6	76.3	29.831	0.00	0.00	0	0.00	0	0.0	0.00	0.0	0.000	0.188	-52.3	0	---	-52.4	-52.4	 .0971	0.000	696	1	100.0	30
10/14/20	5:30 a	74.0	74.2	73.9	100	74.0	0.0	---	0.00	0.0	---	74.0	77.6	77.6	76.4	29.831	0.00	0.00	3	0.13	14	0.0	0.00	0.0	0.000	0.188	-52.3	0	---	-52.4	-52.4	 .0971	0.000	701	1	100.0	30
10/14/20	6:00 a	74.8	74.9	74.1	100	74.8	0.0	---	0.00	0.0	---	74.8	78.6	78.6	78.0	29.831	0.00	0.00	32	1.38	42	0.0	0.00	0.0	0.000	0.204	-52.3	0	---	-52.4	-52.4	 .0971	0.000	700	1	100.0	30
10/14/20	6:30 a	75.8	75.8	74.8	100	75.8	0.0	---	0.00	0.0	---	75.8	80.0	80.0	82.2	29.831	0.00	0.00	61	2.62	91	0.0	0.00	0.0	0.000	0.225	-52.3	0	---	-52.4	-52.4	 .0971	0.000	702	1	100.0	30
10/14/20	7:00 a	76.7	77.0	75.8	100	76.7	0.0	---	0.00	0.0	---	76.7	81.6	81.6	85.4	29.831	0.00	0.00	108	4.64	158	0.2	0.04	0.6	0.000	0.244	-52.3	0	---	-52.4	-52.4	 .0971	0.002	702	1	100.0	30
10/14/20	7:30 a	77.5	77.5	76.6	100	77.5	0.0	---	0.00	0.0	---	77.5	83.3	83.3	87.9	29.831	0.00	0.00	148	6.36	223	0.7	0.15	1.2	0.000	0.260	-52.3	0	---	-52.4	-52.4	 .0971	0.000	697	1	100.0	30
10/14/20	8:00 a	78.4	78.5	77.5	100	78.4	0.0	NNE	0.00	3.0	SSW	78.4	85.4	85.4	91.5	29.831	0.00	0.00	217	9.33	288	1.4	0.30	1.7	0.000	0.279	-52.3	0	---	-52.4	-52.4	 .0971	0.004	696	1	100.0	30
10/14/20	8:30 a	78.3	78.8	77.8	100	78.3	0.0	SW	0.00	5.0	SSE	78.3	85.1	85.1	89.7	29.831	0.00	0.00	188	8.09	355	1.4	0.30	2.1	0.000	0.277	-52.3	0	---	-52.4	-52.4	 .0971	0.000	699	1	100.0	30
10/14/20	9:00 a	78.4	78.9	78.0	100	78.4	0.0	WSW	0.00	6.0	S	78.4	85.4	85.4	88.9	29.831	0.02	0.08	159	6.84	181	1.6	0.34	1.8	0.000	0.279	-52.3	0	---	-52.4	-52.4	 .0971	0.004	701	1	100.0	30
10/14/20	9:30 a	78.7	78.9	78.4	100	78.7	1.0	S	0.50	5.0	SW	78.7	86.1	86.1	90.2	29.831	0.04	0.72	190	8.17	301	2.0	0.43	3.0	0.000	0.285	-52.3	0	---	-52.4	-52.4	 .0971	0.000	699	1	100.0	30
10/14/20	10:00 a	78.7	79.2	78.2	100	78.7	1.0	SW	0.50	4.0	WSW	78.7	86.1	86.1	89.5	29.831	0.01	0.34	170	7.31	325	1.6	0.34	3.1	0.000	0.285	-52.3	0	---	-52.4	-52.4	 .0971	0.004	700	1	100.0	30
10/14/20	10:30 a	79.6	81.3	78.4	100	79.6	2.0	SSE	1.00	8.0	WSW	79.6	88.5	88.5	98.3	29.831	0.01	0.00	481	20.69	1438	5.0	1.07	9.8	0.000	0.304	-52.3	0	---	-52.4	-52.4	 .0971	0.000	700	1	100.0	30
10/14/20	11:00 a	78.8	80.0	78.8	100	78.8	2.0	SSW	1.00	5.0	SSE	78.8	86.3	86.3	92.2	29.831	0.00	0.00	268	11.53	397	2.9	0.62	5.5	0.000	0.288	-52.3	0	---	-52.4	-52.4	 .0971	0.011	702	1	100.0	30
10/14/20	11:30 a	77.8	78.7	77.8	100	77.8	1.0	WSW	0.50	4.0	WSW	77.8	84.0	84.0	86.1	29.831	0.00	0.00	117	5.03	206	1.5	0.32	2.6	0.000	0.267	-52.3	0	---	-52.4	-52.4	 .0971	0.000	700	1	100.0	30
10/14/20	12:00 p	77.3	77.9	77.3	100	77.3	1.0	ENE	0.50	5.0	SSE	77.3	82.9	82.9	85.4	29.831	0.00	0.00	131	5.63	192	1.5	0.32	2.2	0.000	0.256	-52.3	0	---	-52.4	-52.4	 .0971	0.003	699	1	100.0	30
10/14/20	12:30 p	77.3	77.7	76.9	100	77.3	1.0	N	0.50	4.0	SSE	77.3	82.9	82.9	86.1	29.831	0.00	0.00	164	7.05	204	1.9	0.41	2.4	0.000	0.256	-52.3	0	---	-52.4	-52.4	 .0971	0.000	698	1	100.0	30
10/14/20	1:00 p	77.9	77.9	77.0	100	77.9	1.0	ESE	0.50	6.0	ESE	77.9	84.2	84.2	89.6	29.831	0.00	0.00	249	10.71	323	2.6	0.56	3.2	0.000	0.269	-52.3	0	---	-52.4	-52.4	 .0971	0.005	700	1	100.0	30
10/14/20	1:30 p	76.9	78.0	76.8	100	76.9	1.0	ENE	0.50	6.0	ENE	76.9	82.0	82.0	85.9	29.831	0.00	0.00	190	8.17	272	1.8	0.39	2.6	0.000	0.248	-52.3	0	---	-52.4	-52.4	 .0971	0.000	701	1	100.0	30
10/14/20	2:00 p	77.3	77.7	76.8	100	77.3	0.0	ESE	0.00	2.0	ESE	77.3	82.9	82.9	85.3	29.831	0.00	0.00	125	5.38	134	1.1	0.24	1.3	0.000	0.256	-52.3	0	---	-52.4	-52.4	 .0971	0.004	701	1	100.0	30
10/14/20	2:30 p	77.4	77.6	77.1	100	77.4	0.0	ESE	0.00	1.0	ESE	77.4	83.1	83.1	85.0	29.831	0.00	0.00	97	4.17	120	0.8	0.17	1.0	0.000	0.258	-52.3	0	---	-52.4	-52.4	 .0971	0.000	702	1	100.0	30
10/14/20	3:00 p	77.0	77.6	76.8	100	77.0	0.0	ESE	0.00	2.0	NW	77.0	82.2	82.2	83.1	29.831	0.00	0.00	55	2.37	70	0.1	0.02	0.5	0.000	0.250	-52.3	0	---	-52.4	-52.4	 .0971	0.002	697	1	100.0	30
10/14/20	3:30 p	76.6	77.1	76.5	100	76.6	0.0	NW	0.00	1.0	NW	76.6	81.4	81.4	82.0	29.831	0.00	0.00	43	1.85	46	0.0	0.00	0.0	0.000	0.242	-52.3	0	---	-52.4	-52.4	 .0971	0.000	700	1	100.0	30
10/14/20	4:00 p	77.0	77.1	76.6	100	77.0	0.0	NW	0.00	1.0	NW	77.0	82.2	82.2	83.3	29.831	0.00	0.00	48	2.06	51	0.0	0.00	0.0	0.000	0.250	-52.3	0	---	-52.4	-52.4	 .0971	0.001	699	1	100.0	30
10/14/20	4:30 p	76.0	77.1	76.0	100	76.0	0.0	NW	0.00	1.0	NW	76.0	80.3	80.3	81.4	29.831	0.00	0.00	42	1.81	51	0.0	0.00	0.0	0.000	0.229	-52.3	0	---	-52.4	-52.4	 .0971	0.000	700	1	100.0	30
10/14/20	5:00 p	75.9	76.0	75.5	100	75.9	1.0	N	0.50	5.0	NE	75.9	80.2	80.2	79.4	29.831	0.00	0.00	14	0.60	26	0.0	0.00	0.0	0.000	0.227	-52.3	0	---	-52.4	-52.4	 .0971	0.001	702	1	100.0	30
10/14/20	5:30 p	75.7	75.9	75.6	100	75.7	0.0	NE	0.00	4.0	NE	75.7	79.8	79.8	78.7	29.831	0.00	0.00	2	0.09	5	0.0	0.00	0.0	0.000	0.223	-52.3	0	---	-52.4	-52.4	 .0971	0.000	702	1	100.0	30
10/14/20	6:00 p	75.4	75.8	75.3	100	75.4	0.0	E	0.00	2.0	ENE	75.4	79.4	79.4	78.3	29.831	0.00	0.00	0	0.00	0	0.0	0.00	0.0	0.000	0.217	-52.3	0	---	-52.4	-52.4	 .0971	0.000	702	1	100.0	30
10/14/20	6:30 p	74.9	75.5	74.8	100	74.9	0.0	E	0.00	1.0	E	74.9	78.7	78.7	77.5	29.831	0.00	0.00	0	0.00	0	0.0	0.00	0.0	0.000	0.206	-52.3	0	---	-52.4	-52.4	 .0971	0.000	702	1	100.0	30
10/14/20	7:00 p	74.3	74.9	74.2	100	74.3	0.0	E	0.00	1.0	E	74.3	78.0	78.0	76.8	29.831	0.00	0.00	0	0.00	0	0.0	0.00	0.0	0.000	0.194	-52.3	0	---	-52.4	-52.4	 .0971	0.000	702	1	100.0	30
10/14/20	7:30 p	73.7	74.3	73.7	100	73.7	0.0	E	0.00	1.0	E	73.7	77.3	77.3	76.1	29.831	0.00	0.00	0	0.00	0	0.0	0.00	0.0	0.000	0.181	-52.3	0	---	-52.4	-52.4	 .0971	0.000	702	1	100.0	30
10/14/20	8:00 p	73.7	73.9	73.6	100	73.7	0.0	E	0.00	1.0	E	73.7	77.3	77.3	76.1	29.831	0.00	0.00	0	0.00	0	0.0	0.00	0.0	0.000	0.181	-52.3	0	---	-52.4	-52.4	 .0971	0.000	701	1	100.0	30
10/14/20	8:30 p	73.5	73.8	73.4	100	73.5	0.0	E	0.00	1.0	E	73.5	77.1	77.1	75.9	29.831	0.00	0.00	0	0.00	0	0.0	0.00	0.0	0.000	0.177	-52.3	0	---	-52.4	-52.4	 .0971	0.000	700	1	100.0	30
10/14/20	9:00 p	73.2	73.5	73.2	100	73.2	0.0	---	0.00	0.0	---	73.2	76.8	76.8	75.6	29.831	0.00	0.00	0	0.00	0	0.0	0.00	0.0	0.000	0.171	-52.3	0	---	-52.4	-52.4	 .0971	0.000	700	1	100.0	30
10/14/20	9:30 p	72.9	73.2	72.8	100	72.9	0.0	---	0.00	0.0	---	72.9	76.5	76.5	75.2	29.831	0.00	0.00	0	0.00	0	0.0	0.00	0.0	0.000	0.165	-52.3	0	---	-52.4	-52.4	 .0971	0.000	702	1	100.0	30
10/14/20	10:00 p	72.8	72.9	72.8	100	72.8	0.0	E	0.00	1.0	E	72.8	76.4	76.4	75.1	29.831	0.00	0.00	0	0.00	0	0.0	0.00	0.0	0.000	0.163	-52.3	0	---	-52.4	-52.4	 .0971	0.000	702	1	100.0	30
10/14/20	10:30 p	72.9	72.9	72.8	100	72.9	0.0	---	0.00	0.0	---	72.9	76.5	76.5	75.2	29.831	0.00	0.00	0	0.00	0	0.0	0.00	0.0	0.000	0.165	-52.3	0	---	-52.4	-52.4	 .0971	0.000	701	1	100.0	30
10/14/20	11:00 p	72.9	73.0	72.8	100	72.9	0.0	---	0.00	0.0	---	72.9	76.5	76.5	75.2	29.831	0.00	0.00	0	0.00	0	0.0	0.00	0.0	0.000	0.165	-52.3	0	---	-52.4	-52.4	 .0971	0.000	702	1	100.0	30
10/14/20	11:30 p	73.2	73.2	72.9	100	73.2	0.0	---	0.00	0.0	---	73.2	76.8	76.8	75.6	29.831	0.00	0.00	0	0.00	0	0.0	0.00	0.0	0.000	0.171	-52.3	0	---	-52.4	-52.4	 .0971	0.000	701	1	100.0	30
10/15/20	12:00 a	73.5	73.5	73.1	100	73.5	0.0	---	0.00	0.0	---	73.5	77.1	77.1	75.9	29.831	0.00	0.00	0	0.00	0	0.0	0.00	0.0	0.000	0.177	-52.3	0	---	-52.4	-52.4	 .0971	0.000	699	1	100.0	30
10/15/20	12:30 a	73.5	73.5	73.4	100	73.5	0.0	---	0.00	0.0	---	73.5	77.1	77.1	75.9	29.831	0.00	0.00	0	0.00	0	0.0	0.00	0.0	0.000	0.177	-52.3	0	---	-52.4	-52.4	 .0971	0.000	701	1	100.0	30
10/15/20	1:00 a	73.7	74.0	73.4	100	73.7	0.0	E	0.00	1.0	E	73.7	77.3	77.3	76.1	29.831	0.00	0.00	0	0.00	0	0.0	0.00	0.0	0.000	0.181	-52.3	0	---	-52.4	-52.4	 .0971	0.000	699	1	100.0	30
10/15/20	1:30 a	73.9	73.9	73.7	100	73.9	0.0	---	0.00	0.0	---	73.9	77.5	77.5	76.3	29.831	0.00	0.00	0	0.00	0	0.0	0.00	0.0	0.000	0.185	-52.3	0	---	-52.4	-52.4	 .0971	0.000	702	1	100.0	30
10/15/20	2:00 a	74.3	74.4	73.9	100	74.3	0.0	E	0.00	2.0	E	74.3	78.0	78.0	76.8	29.831	0.00	0.00	0	0.00	0	0.0	0.00	0.0	0.000	0.194	-52.3	0	---	-52.4	-52.4	 .0971	0.000	700	1	100.0	30
10/15/20	2:30 a	74.4	74.5	74.2	100	74.4	0.0	ENE	0.00	2.0	ENE	74.4	78.1	78.1	76.9	29.831	0.00	0.00	0	0.00	0	0.0	0.00	0.0	0.000	0.196	-52.3	0	---	-52.4	-52.4	 .0971	0.000	701	1	100.0	30
10/15/20	3:00 a	74.2	74.4	74.2	100	74.2	0.0	ENE	0.00	1.0	ENE	74.2	77.8	77.8	76.6	29.831	0.00	0.00	0	0.00	0	0.0	0.00	0.0	0.000	0.192	-52.3	0	---	-52.4	-52.4	 .0971	0.000	700	1	100.0	30
10/15/20	3:30 a	73.9	74.2	73.9	100	73.9	0.0	ENE	0.00	1.0	ENE	73.9	77.5	77.5	76.3	29.831	0.00	0.00	0	0.00	0	0.0	0.00	0.0	0.000	0.185	-52.3	0	---	-52.4	-52.4	 .0971	0.000	701	1	100.0	30
10/15/20	4:00 a	73.8	74.0	73.6	100	73.8	0.0	---	0.00	0.0	---	73.8	77.4	77.4	76.2	29.831	0.00	0.00	0	0.00	0	0.0	0.00	0.0	0.000	0.183	-52.3	0	---	-52.4	-52.4	 .0971	0.000	702	1	100.0	30
10/15/20	4:30 a	73.6	73.8	73.5	100	73.6	0.0	---	0.00	0.0	---	73.6	77.2	77.2	76.0	29.831	0.00	0.00	0	0.00	0	0.0	0.00	0.0	0.000	0.179	-52.3	0	---	-52.4	-52.4	 .0971	0.000	699	1	100.0	30
10/15/20	5:00 a	73.5	73.8	73.5	100	73.5	0.0	ENE	0.00	1.0	ENE	73.5	77.1	77.1	75.9	29.831	0.00	0.00	0	0.00	0	0.0	0.00	0.0	0.000	0.177	-52.3	0	---	-52.4	-52.4	 .0971	0.000	701	1	100.0	30
10/15/20	5:30 a	73.2	73.6	73.1	100	73.2	0.0	---	0.00	0.0	---	73.2	76.8	76.8	75.7	29.831	0.00	0.00	4	0.17	16	0.0	0.00	0.0	0.000	0.171	-52.3	0	---	-52.4	-52.4	 .0971	0.000	700	1	100.0	30
10/15/20	6:00 a	73.7	73.8	73.2	100	73.7	0.0	---	0.00	0.0	---	73.7	77.3	77.3	77.0	29.831	0.00	0.00	38	1.63	62	0.0	0.00	0.0	0.000	0.181	-52.3	0	---	-52.4	-52.4	 .0971	0.000	702	1	100.0	30
10/15/20	6:30 a	74.8	74.8	73.8	100	74.8	0.0	---	0.00	0.0	---	74.8	78.6	78.6	81.8	29.831	0.00	0.00	87	3.74	105	0.0	0.00	0.0	0.000	0.204	-52.3	0	---	-52.4	-52.4	 .0971	0.000	700	1	100.0	30
10/15/20	7:00 a	75.4	75.4	74.8	100	75.4	0.0	ENE	0.00	1.0	ENE	75.4	79.4	79.4	83.6	29.831	0.00	0.00	120	5.16	137	0.4	0.09	0.7	0.000	0.217	-52.3	0	---	-52.4	-52.4	 .0971	0.002	697	1	100.0	30
10/15/20	7:30 a	76.3	76.3	75.4	100	76.3	0.0	ENE	0.00	2.0	ENE	76.3	80.9	80.9	85.5	29.831	0.00	0.00	147	6.32	149	1.0	0.21	1.2	0.000	0.235	-52.3	0	---	-52.4	-52.4	 .0971	0.000	699	1	100.0	30
10/15/20	8:00 a	76.6	77.3	76.2	100	76.6	0.0	ENE	0.00	2.0	ENE	76.6	81.4	81.4	88.1	29.831	0.00	0.00	240	10.32	596	1.7	0.36	3.0	0.000	0.242	-52.3	0	---	-52.4	-52.4	 .0971	0.005	701	1	100.0	30
10/15/20	8:30 a	80.3	80.3	76.5	100	80.3	0.0	SSW	0.00	3.0	SSW	80.3	90.5	90.5	102.7	29.831	0.00	0.00	583	25.07	853	3.5	0.75	4.6	0.000	0.319	-52.3	0	---	-52.4	-52.4	 .0971	0.000	701	1	100.0	30
10/15/20	9:00 a	80.4	81.0	80.0	100	80.4	0.0	W	0.00	3.0	W	80.4	90.8	90.8	96.3	29.831	0.00	0.00	234	10.06	297	2.5	0.54	4.7	0.000	0.321	-52.3	0	---	-52.4	-52.4	 .0971	0.010	700	1	100.0	30
10/15/20	9:30 a	80.4	80.7	80.0	100	80.4	0.0	SSW	0.00	1.0	SSW	80.4	90.8	90.8	95.5	29.831	0.00	0.00	213	9.16	250	2.5	0.54	3.0	0.000	0.321	-52.3	0	---	-52.4	-52.4	 .0971	0.000	699	1	100.0	30
10/15/20	10:00 a	81.7	81.7	79.4	100	81.7	0.0	SSW	0.00	1.0	SSW	81.7	94.7	94.7	102.8	29.831	0.00	0.00	375	16.13	601	3.8	0.81	5.5	0.000	0.348	-52.3	0	---	-52.4	-52.4	 .0971	0.007	699	1	100.0	30
10/15/20	10:30 a	80.6	82.5	80.5	100	80.6	0.0	S	0.00	3.0	SSW	80.6	91.3	91.3	98.3	29.831	0.00	0.00	323	13.89	489	3.9	0.84	5.3	0.000	0.325	-52.3	0	---	-52.4	-52.4	 .0971	0.000	699	1	100.0	30
10/15/20	11:00 a	84.8	84.8	80.5	100	84.8	1.0	SSW	0.50	5.0	S	84.8	106.7	106.7	120.0	29.831	0.00	0.00	794	34.15	1257	7.8	1.67	10.4	0.000	0.413	-52.3	0	---	-52.4	-52.4	 .0971	0.015	697	1	100.0	30
10/15/20	11:30 a	84.2	85.3	84.0	100	84.2	2.0	SSW	1.00	7.0	W	84.2	104.0	104.0	114.7	29.831	0.00	0.00	1004	43.18	1194	9.1	1.95	10.0	0.000	0.400	-52.3	0	---	-52.4	-52.4	 .0971	0.000	702	1	100.0	30
10/15/20	12:00 p	84.1	84.6	83.3	100	84.1	2.0	SSW	1.00	6.0	S	84.1	103.5	103.5	114.7	29.831	0.00	0.00	1041	44.77	1190	9.1	1.95	10.2	0.000	0.398	-52.3	0	---	-52.4	-52.4	 .0971	0.025	700	1	100.0	30
10/15/20	12:30 p	84.7	85.1	83.5	100	84.7	2.0	S	1.00	7.0	S	84.7	106.2	106.2	118.3	29.831	0.00	0.00	1061	45.63	1320	8.8	1.89	10.1	0.000	0.410	-52.3	0	---	-52.4	-52.4	 .0971	0.000	702	1	100.0	30
10/15/20	1:00 p	84.2	85.2	84.0	100	84.2	2.0	S	1.00	10.0	SE	84.2	104.0	104.0	116.4	29.831	0.00	0.00	1009	43.39	1208	7.6	1.63	9.4	0.000	0.400	-52.3	0	---	-52.4	-52.4	 .0971	0.025	700	1	100.0	30
10/15/20	1:30 p	83.8	84.2	83.1	100	83.8	2.0	SSE	1.00	7.0	SE	83.8	102.3	102.3	114.2	29.831	0.00	0.00	891	38.32	995	6.7	1.44	7.6	0.000	0.392	-52.3	0	---	-52.4	-52.4	 .0971	0.000	702	1	100.0	30
10/15/20	2:00 p	83.7	84.0	83.3	100	83.7	2.0	SSW	1.00	7.0	W	83.7	101.9	101.9	114.0	29.831	0.00	0.00	817	35.14	853	5.4	1.16	6.0	0.000	0.390	-52.3	0	---	-52.4	-52.4	 .0971	0.021	699	1	100.0	30
10/15/20	2:30 p	83.6	83.8	83.0	100	83.6	2.0	S	1.00	5.0	SSE	83.6	101.5	101.5	113.7	29.831	0.00	0.00	719	30.92	770	4.0	0.86	4.7	0.000	0.387	-52.3	0	---	-52.4	-52.4	 .0971	0.000	699	1	100.0	30
10/15/20	3:00 p	83.1	83.8	82.9	100	83.1	1.0	S	0.50	4.0	SSE	83.1	99.6	99.6	112.0	29.831	0.00	0.00	592	25.46	656	2.7	0.58	3.3	0.000	0.377	-52.3	0	---	-52.4	-52.4	 .0971	0.016	703	1	100.0	30
10/15/20	3:30 p	82.9	83.5	82.4	100	82.9	1.0	S	0.50	4.0	SSW	82.9	98.9	98.9	110.7	29.831	0.00	0.00	469	20.17	534	1.7	0.36	2.2	0.000	0.373	-52.3	0	---	-52.4	-52.4	 .0971	0.000	699	1	100.0	30
10/15/20	4:00 p	81.1	82.9	81.1	100	81.1	1.0	S	0.50	5.0	SSE	81.1	92.8	92.8	100.0	29.831	0.00	0.00	212	9.12	403	0.6	0.13	1.2	0.000	0.335	-52.3	0	---	-52.4	-52.4	 .0971	0.009	700	1	100.0	30
10/15/20	4:30 p	80.5	81.2	80.4	100	80.5	0.0	NE	0.00	4.0	ESE	80.5	91.1	91.1	92.0	29.831	0.00	0.00	34	1.46	44	0.0	0.00	0.0	0.000	0.323	-52.3	0	---	-52.4	-52.4	 .0971	0.000	699	1	100.0	30
10/15/20	5:00 p	78.9	80.5	78.9	100	78.9	0.0	---	0.00	0.0	---	78.9	86.6	86.6	87.0	29.831	0.00	0.00	21	0.90	28	0.0	0.00	0.0	0.000	0.290	-52.3	0	---	-52.4	-52.4	 .0971	0.001	700	1	100.0	30
10/15/20	5:30 p	77.9	78.9	77.8	100	77.9	0.0	---	0.00	0.0	---	77.9	84.2	84.2	83.3	29.831	0.00	0.00	4	0.17	12	0.0	0.00	0.0	0.000	0.269	-52.3	0	---	-52.4	-52.4	 .0971	0.000	701	1	100.0	30
10/15/20	6:00 p	77.0	77.9	77.0	100	77.0	0.0	---	0.00	0.0	---	77.0	82.2	82.2	81.2	29.831	0.00	0.00	0	0.00	0	0.0	0.00	0.0	0.000	0.250	-52.3	0	---	-52.4	-52.4	 .0971	0.000	700	1	100.0	30
10/15/20	6:30 p	76.4	77.0	76.4	100	76.4	0.0	---	0.00	0.0	---	76.4	81.1	81.1	80.0	29.831	0.00	0.00	0	0.00	0	0.0	0.00	0.0	0.000	0.238	-52.3	0	---	-52.4	-52.4	 .0971	0.000	700	1	100.0	30
10/15/20	7:00 p	76.1	76.5	76.1	100	76.1	0.0	---	0.00	0.0	---	76.1	80.5	80.5	79.4	29.831	0.00	0.00	0	0.00	0	0.0	0.00	0.0	0.000	0.231	-52.3	0	---	-52.4	-52.4	 .0971	0.000	700	1	100.0	30
10/15/20	7:30 p	75.7	76.1	75.7	100	75.7	0.0	---	0.00	0.0	---	75.7	79.8	79.8	78.7	29.831	0.00	0.00	0	0.00	0	0.0	0.00	0.0	0.000	0.223	-52.3	0	---	-52.4	-52.4	 .0971	0.000	700	1	100.0	30
10/15/20	8:00 p	75.3	75.7	75.3	100	75.3	0.0	---	0.00	0.0	---	75.3	79.3	79.3	78.2	29.831	0.00	0.00	0	0.00	0	0.0	0.00	0.0	0.000	0.215	-52.3	0	---	-52.4	-52.4	 .0971	0.000	700	1	100.0	30
10/15/20	8:30 p	75.1	75.4	75.1	100	75.1	0.0	---	0.00	0.0	---	75.1	78.9	78.9	77.8	29.831	0.00	0.00	0	0.00	0	0.0	0.00	0.0	0.000	0.210	-52.3	0	---	-52.4	-52.4	 .0971	0.000	701	1	100.0	30
10/15/20	9:00 p	75.4	75.4	75.0	100	75.4	0.0	---	0.00	0.0	---	75.4	79.4	79.4	78.3	29.831	0.00	0.00	0	0.00	0	0.0	0.00	0.0	0.000	0.217	-52.3	0	---	-52.4	-52.4	 .0971	0.000	700	1	100.0	30
10/15/20	9:30 p	75.5	75.7	75.3	100	75.5	0.0	---	0.00	0.0	---	75.5	79.6	79.6	78.5	29.831	0.00	0.00	0	0.00	0	0.0	0.00	0.0	0.000	0.219	-52.3	0	---	-52.4	-52.4	 .0971	0.000	701	1	100.0	30
10/15/20	10:00 p	75.3	75.7	75.3	100	75.3	0.0	---	0.00	0.0	---	75.3	79.3	79.3	78.2	29.831	0.00	0.00	0	0.00	0	0.0	0.00	0.0	0.000	0.215	-52.3	0	---	-52.4	-52.4	 .0971	0.000	698	1	100.0	30
10/15/20	10:30 p	75.4	75.5	75.3	100	75.4	0.0	---	0.00	0.0	---	75.4	79.4	79.4	78.3	29.831	0.00	0.00	0	0.00	0	0.0	0.00	0.0	0.000	0.217	-52.3	0	---	-52.4	-52.4	 .0971	0.000	698	1	100.0	30
10/15/20	11:00 p	75.3	75.5	75.3	100	75.3	0.0	---	0.00	0.0	---	75.3	79.3	79.3	78.2	29.831	0.00	0.00	0	0.00	0	0.0	0.00	0.0	0.000	0.215	-52.3	0	---	-52.4	-52.4	 .0971	0.000	701	1	100.0	30
10/15/20	11:30 p	75.3	75.4	75.1	100	75.3	0.0	---	0.00	0.0	---	75.3	79.3	79.3	78.2	29.831	0.00	0.00	0	0.00	0	0.0	0.00	0.0	0.000	0.215	-52.3	0	---	-52.4	-52.4	 .0971	0.000	702	1	100.0	30
10/16/20	12:00 a	75.5	75.5	75.3	100	75.5	0.0	---	0.00	0.0	---	75.5	79.6	79.6	78.5	29.831	0.00	0.00	0	0.00	0	0.0	0.00	0.0	0.000	0.219	-52.3	0	---	-52.4	-52.4	 .0971	0.000	701	1	100.0	30
10/16/20	12:30 a	75.3	75.5	75.3	100	75.3	0.0	---	0.00	0.0	---	75.3	79.3	79.3	78.2	29.831	0.00	0.00	0	0.00	0	0.0	0.00	0.0	0.000	0.215	-52.3	0	---	-52.4	-52.4	 .0971	0.000	701	1	100.0	30
10/16/20	1:00 a	75.3	75.5	75.2	100	75.3	0.0	---	0.00	0.0	---	75.3	79.3	79.3	78.2	29.831	0.00	0.00	0	0.00	0	0.0	0.00	0.0	0.000	0.215	-52.3	0	---	-52.4	-52.4	 .0971	0.000	698	1	100.0	30
10/16/20	1:30 a	75.1	75.4	75.1	100	75.1	0.0	---	0.00	0.0	---	75.1	78.9	78.9	77.8	29.831	0.00	0.00	0	0.00	0	0.0	0.00	0.0	0.000	0.210	-52.3	0	---	-52.4	-52.4	 .0971	0.000	702	1	100.0	30
10/16/20	2:00 a	75.1	75.3	75.1	100	75.1	0.0	---	0.00	0.0	---	75.1	78.9	78.9	77.8	29.831	0.00	0.00	0	0.00	0	0.0	0.00	0.0	0.000	0.210	-52.3	0	---	-52.4	-52.4	 .0971	0.000	701	1	100.0	30
10/16/20	2:30 a	75.1	75.3	75.0	100	75.1	0.0	---	0.00	0.0	---	75.1	78.9	78.9	77.8	29.831	0.00	0.00	0	0.00	0	0.0	0.00	0.0	0.000	0.210	-52.3	0	---	-52.4	-52.4	 .0971	0.000	699	1	100.0	30
10/16/20	3:00 a	74.8	75.1	74.8	100	74.8	0.0	---	0.00	0.0	---	74.8	78.6	78.6	77.4	29.831	0.00	0.00	0	0.00	0	0.0	0.00	0.0	0.000	0.204	-52.3	0	---	-52.4	-52.4	 .0971	0.000	702	1	100.0	30
10/16/20	3:30 a	74.8	74.8	74.7	100	74.8	0.0	---	0.00	0.0	---	74.8	78.6	78.6	77.4	29.831	0.00	0.00	0	0.00	0	0.0	0.00	0.0	0.000	0.204	-52.3	0	---	-52.4	-52.4	 .0971	0.000	698	1	100.0	30
10/16/20	4:00 a	74.4	74.8	74.4	100	74.4	0.0	---	0.00	0.0	---	74.4	78.1	78.1	76.9	29.831	0.00	0.00	0	0.00	0	0.0	0.00	0.0	0.000	0.196	-52.3	0	---	-52.4	-52.4	 .0971	0.000	702	1	100.0	30
10/16/20	4:30 a	74.4	74.5	74.2	100	74.4	0.0	---	0.00	0.0	---	74.4	78.1	78.1	76.9	29.831	0.00	0.00	0	0.00	0	0.0	0.00	0.0	0.000	0.196	-52.3	0	---	-52.4	-52.4	 .0971	0.000	700	1	100.0	30
10/16/20	5:00 a	74.7	74.8	74.4	100	74.7	0.0	---	0.00	0.0	---	74.7	78.4	78.4	77.2	29.831	0.00	0.00	0	0.00	0	0.0	0.00	0.0	0.000	0.202	-52.3	0	---	-52.4	-52.4	 .0971	0.000	703	1	100.0	30
10/16/20	5:30 a	74.7	74.9	74.6	100	74.7	0.0	---	0.00	0.0	---	74.7	78.4	78.4	77.2	29.831	0.00	0.00	1	0.04	5	0.0	0.00	0.0	0.000	0.202	-52.3	0	---	-52.4	-52.4	 .0971	0.000	699	1	100.0	30
10/16/20	6:00 a	75.5	75.5	74.7	100	75.5	0.0	---	0.00	0.0	---	75.5	79.6	79.6	78.9	29.831	0.00	0.00	20	0.86	42	0.0	0.00	0.0	0.000	0.219	-52.3	0	---	-52.4	-52.4	 .0971	0.000	703	1	100.0	30
10/16/20	6:30 a	76.2	76.3	75.4	100	76.2	0.0	---	0.00	0.0	---	76.2	80.7	80.7	83.0	29.831	0.00	0.00	63	2.71	77	0.0	0.00	0.0	0.000	0.233	-52.3	0	---	-52.4	-52.4	 .0971	0.000	701	1	100.0	30
10/16/20	7:00 a	77.1	77.1	76.1	100	77.1	0.0	---	0.00	0.0	---	77.1	82.4	82.4	86.4	29.831	0.00	0.00	111	4.77	135	0.3	0.06	0.6	0.000	0.252	-52.3	0	---	-52.4	-52.4	 .0971	0.002	702	1	100.0	30
10/16/20	7:30 a	78.1	78.4	77.1	100	78.1	0.0	SSE	0.00	1.0	SSE	78.1	84.6	84.6	89.9	29.831	0.00	0.00	164	7.05	204	0.9	0.19	1.2	0.000	0.273	-52.3	0	---	-52.4	-52.4	 .0971	0.000	701	1	100.0	30
10/16/20	8:00 a	79.5	79.9	78.0	100	79.5	0.0	SSE	0.00	2.0	SSE	79.5	88.2	88.2	94.2	29.831	0.00	0.00	209	8.99	269	1.6	0.34	2.0	0.000	0.302	-52.3	0	---	-52.4	-52.4	 .0971	0.005	701	1	100.0	30
10/16/20	8:30 a	81.0	81.2	79.3	100	81.0	1.0	SSE	0.50	4.0	SSE	81.0	92.5	92.5	100.5	29.831	0.00	0.00	318	13.68	779	2.3	0.49	3.4	0.000	0.333	-52.3	0	---	-52.4	-52.4	 .0971	0.000	702	1	100.0	30
10/16/20	9:00 a	81.1	81.2	80.4	100	81.1	0.0	SW	0.00	2.0	SW	81.1	92.8	92.8	98.1	29.831	0.00	0.00	220	9.46	336	2.2	0.47	2.9	0.000	0.335	-52.3	0	---	-52.4	-52.4	 .0971	0.007	701	1	100.0	30
10/16/20	9:30 a	83.1	83.1	80.9	100	83.1	0.0	SW	0.00	3.0	SSW	83.1	99.6	99.6	108.0	29.831	0.00	0.00	381	16.39	476	3.6	0.77	6.6	0.000	0.377	-52.3	0	---	-52.4	-52.4	 .0971	0.000	702	1	100.0	30
10/16/20	10:00 a	82.7	83.8	82.3	100	82.7	1.0	SE	0.50	3.0	S	82.7	98.1	98.1	106.6	29.831	0.00	0.00	396	17.03	550	4.2	0.90	5.8	0.000	0.369	-52.3	0	---	-52.4	-52.4	 .0971	0.011	700	1	100.0	30
10/16/20	10:30 a	84.8	85.2	82.6	100	84.8	1.0	SSE	0.50	5.0	SSE	84.8	106.7	106.7	120.0	29.831	0.00	0.00	813	34.96	1267	7.2	1.54	9.3	0.000	0.413	-52.3	0	---	-52.4	-52.4	 .0971	0.000	700	1	100.0	30
10/16/20	11:00 a	84.1	86.0	84.0	100	84.1	2.0	SSE	1.00	7.0	W	84.1	103.5	103.5	116.8	29.831	0.00	0.00	874	37.59	1287	8.0	1.71	10.0	0.000	0.398	-52.3	0	---	-52.4	-52.4	 .0971	0.022	697	1	100.0	30
10/16/20	11:30 a	82.7	84.4	82.3	100	82.7	1.0	SE	0.50	4.0	S	82.7	98.1	98.1	105.4	29.831	0.00	0.00	325	13.98	652	4.3	0.92	8.6	0.000	0.369	-52.3	0	---	-52.4	-52.4	 .0971	0.000	702	1	100.0	30
10/16/20	12:00 p	81.1	83.2	80.9	100	81.1	1.0	NW	0.50	3.0	E	81.1	92.8	92.8	96.9	29.831	0.00	0.00	192	8.26	265	2.2	0.47	2.9	0.000	0.335	-52.3	0	---	-52.4	-52.4	 .0971	0.008	700	1	100.0	30
10/16/20	12:30 p	83.1	83.2	80.6	100	83.1	1.0	SSE	0.50	6.0	ESE	83.1	99.6	99.6	109.9	29.831	0.00	0.00	498	21.42	1153	5.4	1.16	8.5	0.000	0.377	-52.3	0	---	-52.4	-52.4	 .0971	0.000	701	1	100.0	30
10/16/20	1:00 p	84.4	85.1	82.8	100	84.4	1.0	NNE	0.50	5.0	SSE	84.4	104.9	104.9	118.1	29.831	0.00	0.00	847	36.43	1046	7.1	1.52	9.3	0.000	0.404	-52.3	0	---	-52.4	-52.4	 .0971	0.018	701	1	100.0	30
10/16/20	1:30 p	83.6	85.3	83.3	100	83.6	2.0	SE	1.00	8.0	ESE	83.6	101.5	101.5	114.5	29.831	0.00	0.00	774	33.29	1204	5.9	1.26	7.3	0.000	0.387	-52.3	0	---	-52.4	-52.4	 .0971	0.000	701	1	100.0	30
10/16/20	2:00 p	83.4	85.0	83.1	100	83.4	2.0	SE	1.00	7.0	SE	83.4	100.8	100.8	110.4	29.831	0.00	0.00	441	18.97	921	4.3	0.92	6.7	0.000	0.383	-52.3	0	---	-52.4	-52.4	 .0971	0.017	699	1	100.0	30
10/16/20	2:30 p	84.4	84.9	83.2	100	84.4	2.0	SE	1.00	8.0	SSE	84.4	104.9	104.9	117.0	29.831	0.00	0.00	580	24.94	826	3.3	0.71	4.4	0.000	0.404	-52.3	0	---	-52.4	-52.4	 .0971	0.000	701	1	100.0	30
10/16/20	3:00 p	83.9	84.9	83.8	100	83.9	2.0	SE	1.00	7.0	SSE	83.9	102.7	102.7	115.1	29.831	0.00	0.00	587	25.24	659	2.7	0.58	3.2	0.000	0.394	-52.3	0	---	-52.4	-52.4	 .0971	0.015	701	1	100.0	30
10/16/20	3:30 p	83.9	84.6	83.7	100	83.9	2.0	ENE	1.00	8.0	ESE	83.9	102.7	102.7	114.7	29.831	0.00	0.00	505	21.72	621	1.6	0.34	2.1	0.000	0.394	-52.3	0	---	-52.4	-52.4	 .0971	0.000	701	1	100.0	30
10/16/20	4:00 p	81.8	83.8	81.8	100	81.8	1.0	SE	0.50	6.0	S	81.8	95.1	95.1	101.7	29.831	0.00	0.00	194	8.34	396	0.7	0.15	1.2	0.000	0.350	-52.3	0	---	-52.4	-52.4	 .0971	0.009	701	1	100.0	30
10/16/20	4:30 p	80.2	81.9	80.1	100	80.2	0.0	SSE	0.00	1.0	SSE	80.2	90.2	90.2	92.5	29.831	0.00	0.00	64	2.75	81	0.0	0.00	0.0	0.000	0.317	-52.3	0	---	-52.4	-52.4	 .0971	0.000	702	1	100.0	30
10/16/20	5:00 p	79.4	80.4	79.4	100	79.4	0.0	---	0.00	0.0	---	79.4	87.9	87.9	88.8	29.831	0.00	0.00	29	1.25	56	0.0	0.00	0.0	0.000	0.300	-52.3	0	---	-52.4	-52.4	 .0971	0.001	701	1	100.0	30
10/16/20	5:30 p	78.0	79.4	77.9	100	78.0	0.0	SSE	0.00	1.0	SSE	78.0	84.4	84.4	83.5	29.831	0.00	0.00	4	0.17	12	0.0	0.00	0.0	0.000	0.271	-52.3	0	---	-52.4	-52.4	 .0971	0.000	700	1	100.0	30
10/16/20	6:00 p	77.3	78.0	77.3	100	77.3	0.0	---	0.00	0.0	---	77.3	82.9	82.9	81.8	29.831	0.00	0.00	0	0.00	0	0.0	0.00	0.0	0.000	0.256	-52.3	0	---	-52.4	-52.4	 .0971	0.000	702	1	100.0	30
10/16/20	6:30 p	76.7	77.4	76.7	100	76.7	0.0	---	0.00	0.0	---	76.7	81.6	81.6	80.5	29.831	0.00	0.00	0	0.00	0	0.0	0.00	0.0	0.000	0.244	-52.3	0	---	-52.4	-52.4	 .0971	0.000	701	1	100.0	30
10/16/20	7:00 p	76.4	76.8	76.4	100	76.4	0.0	---	0.00	0.0	---	76.4	81.1	81.1	80.0	29.831	0.00	0.00	0	0.00	0	0.0	0.00	0.0	0.000	0.238	-52.3	0	---	-52.4	-52.4	 .0971	0.000	701	1	100.0	30
10/16/20	7:30 p	76.2	76.4	76.1	100	76.2	0.0	---	0.00	0.0	---	76.2	80.7	80.7	79.6	29.831	0.00	0.00	0	0.00	0	0.0	0.00	0.0	0.000	0.233	-52.3	0	---	-52.4	-52.4	 .0971	0.000	700	1	100.0	30
10/16/20	8:00 p	75.8	76.1	75.8	100	75.8	0.0	---	0.00	0.0	---	75.8	80.0	80.0	78.8	29.831	0.00	0.00	0	0.00	0	0.0	0.00	0.0	0.000	0.225	-52.3	0	---	-52.4	-52.4	 .0971	0.000	700	1	100.0	30
10/16/20	8:30 p	75.5	75.8	75.5	100	75.5	0.0	---	0.00	0.0	---	75.5	79.6	79.6	78.4	29.831	0.00	0.00	0	0.00	0	0.0	0.00	0.0	0.000	0.219	-52.3	0	---	-52.4	-52.4	 .0971	0.000	702	1	100.0	30
10/16/20	9:00 p	75.2	75.5	75.2	100	75.2	0.0	---	0.00	0.0	---	75.2	79.1	79.1	77.9	29.831	0.00	0.00	0	0.00	0	0.0	0.00	0.0	0.000	0.212	-52.3	0	---	-52.4	-52.4	 .0971	0.000	702	1	100.0	30
10/16/20	9:30 p	75.0	75.3	75.0	100	75.0	0.0	---	0.00	0.0	---	75.0	78.8	78.8	77.6	29.831	0.00	0.00	0	0.00	0	0.0	0.00	0.0	0.000	0.208	-52.3	0	---	-52.4	-52.4	 .0971	0.000	700	1	100.0	30
10/16/20	10:00 p	74.9	75.1	74.8	100	74.9	0.0	---	0.00	0.0	---	74.9	78.7	78.7	77.5	29.831	0.00	0.00	0	0.00	0	0.0	0.00	0.0	0.000	0.206	-52.3	0	---	-52.4	-52.4	 .0971	0.000	701	1	100.0	30
10/16/20	10:30 p	74.7	74.9	74.7	100	74.7	0.0	---	0.00	0.0	---	74.7	78.4	78.4	77.2	29.831	0.00	0.00	0	0.00	0	0.0	0.00	0.0	0.000	0.202	-52.3	0	---	-52.4	-52.4	 .0971	0.000	701	1	100.0	30
10/16/20	11:00 p	74.6	74.8	74.5	100	74.6	0.0	---	0.00	0.0	---	74.6	78.3	78.3	77.1	29.831	0.00	0.00	0	0.00	0	0.0	0.00	0.0	0.000	0.200	-52.3	0	---	-52.4	-52.4	 .0971	0.000	699	1	100.0	30
10/16/20	11:30 p	74.6	74.7	74.4	100	74.6	0.0	---	0.00	0.0	---	74.6	78.3	78.3	77.1	29.831	0.00	0.00	0	0.00	0	0.0	0.00	0.0	0.000	0.200	-52.3	0	---	-52.4	-52.4	 .0971	0.000	702	1	100.0	30
10/17/20	12:00 a	74.4	74.6	74.4	100	74.4	0.0	---	0.00	0.0	---	74.4	78.1	78.1	76.9	29.831	0.00	0.00	0	0.00	0	0.0	0.00	0.0	0.000	0.196	-52.3	0	---	-52.4	-52.4	 .0971	0.000	701	1	100.0	30
10/17/20	12:30 a	74.2	74.5	74.2	100	74.2	0.0	---	0.00	0.0	---	74.2	77.8	77.8	76.6	29.831	0.00	0.00	0	0.00	0	0.0	0.00	0.0	0.000	0.192	-52.3	0	---	-52.4	-52.4	 .0971	0.000	701	1	100.0	30
10/17/20	1:00 a	74.2	74.4	74.2	100	74.2	0.0	---	0.00	0.0	---	74.2	77.8	77.8	76.6	29.831	0.00	0.00	0	0.00	0	0.0	0.00	0.0	0.000	0.192	-52.3	0	---	-52.4	-52.4	 .0971	0.000	698	1	100.0	30
10/17/20	1:30 a	74.3	74.4	74.1	100	74.3	0.0	---	0.00	0.0	---	74.3	78.0	78.0	76.8	29.831	0.00	0.00	0	0.00	0	0.0	0.00	0.0	0.000	0.194	-52.3	0	---	-52.4	-52.4	 .0971	0.000	701	1	100.0	30
10/17/20	2:00 a	74.6	74.6	74.2	100	74.6	0.0	---	0.00	0.0	---	74.6	78.3	78.3	77.1	29.831	0.00	0.00	0	0.00	0	0.0	0.00	0.0	0.000	0.200	-52.3	0	---	-52.4	-52.4	 .0971	0.000	701	1	100.0	30
10/17/20	2:30 a	74.9	74.9	74.6	100	74.9	0.0	---	0.00	0.0	---	74.9	78.7	78.7	77.5	29.831	0.00	0.00	0	0.00	0	0.0	0.00	0.0	0.000	0.206	-52.3	0	---	-52.4	-52.4	 .0971	0.000	700	1	100.0	30
10/17/20	3:00 a	74.8	75.0	74.7	100	74.8	0.0	---	0.00	0.0	---	74.8	78.6	78.6	77.4	29.831	0.00	0.00	0	0.00	0	0.0	0.00	0.0	0.000	0.204	-52.3	0	---	-52.4	-52.4	 .0971	0.000	703	1	100.0	30
10/17/20	3:30 a	74.5	74.8	74.4	100	74.5	0.0	---	0.00	0.0	---	74.5	78.2	78.2	77.0	29.831	0.00	0.00	0	0.00	0	0.0	0.00	0.0	0.000	0.198	-52.3	0	---	-52.4	-52.4	 .0971	0.000	700	1	100.0	30
10/17/20	4:00 a	74.2	74.6	74.2	100	74.2	0.0	---	0.00	0.0	---	74.2	77.8	77.8	76.6	29.831	0.00	0.00	0	0.00	0	0.0	0.00	0.0	0.000	0.192	-52.3	0	---	-52.4	-52.4	 .0971	0.000	701	1	100.0	30
10/17/20	4:30 a	74.2	74.3	74.0	100	74.2	0.0	---	0.00	0.0	---	74.2	77.8	77.8	76.6	29.831	0.00	0.00	0	0.00	0	0.0	0.00	0.0	0.000	0.192	-52.3	0	---	-52.4	-52.4	 .0971	0.000	698	1	100.0	30
10/17/20	5:00 a	74.5	74.5	74.1	100	74.5	0.0	---	0.00	0.0	---	74.5	78.2	78.2	77.0	29.831	0.00	0.00	0	0.00	0	0.0	0.00	0.0	0.000	0.198	-52.3	0	---	-52.4	-52.4	 .0971	0.000	699	1	100.0	30
10/17/20	5:30 a	74.4	74.6	74.3	100	74.4	0.0	---	0.00	0.0	---	74.4	78.1	78.1	76.9	29.831	0.00	0.00	0	0.00	0	0.0	0.00	0.0	0.000	0.196	-52.3	0	---	-52.4	-52.4	 .0971	0.000	701	1	100.0	30
10/17/20	6:00 a	74.6	74.7	74.3	100	74.6	0.0	---	0.00	0.0	---	74.6	78.3	78.3	77.3	29.831	0.00	0.00	12	0.52	19	0.0	0.00	0.0	0.000	0.200	-52.3	0	---	-52.4	-52.4	 .0971	0.000	701	1	100.0	30
10/17/20	6:30 a	75.4	75.4	74.6	100	75.4	0.0	---	0.00	0.0	---	75.4	79.4	79.4	79.8	29.831	0.00	0.00	23	0.99	33	0.0	0.00	0.0	0.000	0.217	-52.3	0	---	-52.4	-52.4	 .0971	0.000	700	1	100.0	30
10/17/20	7:00 a	76.0	76.0	75.3	100	76.0	0.0	---	0.00	0.0	---	76.0	80.3	80.3	80.8	29.831	0.00	0.00	29	1.25	32	0.0	0.00	0.0	0.000	0.229	-52.3	0	---	-52.4	-52.4	 .0971	0.001	700	1	100.0	30
10/17/20	7:30 a	77.0	77.0	76.0	100	77.0	0.0	---	0.00	0.0	---	77.0	82.2	82.2	82.8	29.831	0.00	0.00	35	1.51	47	0.0	0.00	0.0	0.000	0.250	-52.3	0	---	-52.4	-52.4	 .0971	0.000	701	1	100.0	30
10/17/20	8:00 a	78.5	78.6	77.0	100	78.5	0.0	NE	0.00	6.0	ESE	78.5	85.6	85.6	88.0	29.831	0.00	0.00	95	4.09	181	1.3	0.28	1.6	0.000	0.281	-52.3	0	---	-52.4	-52.4	 .0971	0.002	701	1	100.0	30
10/17/20	8:30 a	79.8	79.9	78.0	100	79.8	2.0	SE	1.00	6.0	ESE	79.8	89.0	89.0	100.9	29.831	0.00	0.00	543	23.35	689	2.9	0.62	3.8	0.000	0.308	-52.3	0	---	-52.4	-52.4	 .0971	0.000	700	1	100.0	30
10/17/20	9:00 a	83.8	83.8	79.8	100	83.8	1.0	SSE	0.50	5.0	SSE	83.8	102.3	102.3	115.1	29.831	0.00	0.00	773	33.24	840	4.6	0.99	5.5	0.000	0.392	-52.3	0	---	-52.4	-52.4	 .0971	0.015	700	1	100.0	30
10/17/20	9:30 a	84.9	85.3	83.8	100	84.9	3.0	SE	1.50	9.0	SE	84.9	107.2	107.2	120.6	29.831	0.00	0.00	910	39.14	965	6.1	1.31	6.7	0.000	0.415	-52.3	0	---	-52.4	-52.4	 .0971	0.000	703	1	100.0	30
10/17/20	10:00 a	85.6	86.2	84.8	100	85.6	2.0	SE	1.00	8.0	SSE	85.6	111.0	111.0	123.5	29.831	0.00	0.00	939	40.38	1039	7.2	1.54	8.0	0.000	0.429	-52.3	0	---	-52.4	-52.4	 .0971	0.023	700	1	100.0	30
10/17/20	10:30 a	84.8	86.3	84.6	100	84.8	2.0	SE	1.00	9.0	SE	84.8	106.7	106.7	118.1	29.831	0.00	0.00	577	24.81	1132	6.7	1.44	8.9	0.000	0.413	-52.3	0	---	-52.4	-52.4	 .0971	0.000	697	1	100.0	30
10/17/20	11:00 a	85.3	85.7	84.7	100	85.3	2.0	SE	1.00	7.0	ESE	85.3	109.3	109.3	122.7	29.831	0.00	0.00	870	37.41	1151	7.9	1.69	9.9	0.000	0.423	-52.3	0	---	-52.4	-52.4	 .0971	0.020	701	1	100.0	30
10/17/20	11:30 a	86.7	87.2	85.3	100	86.7	2.0	SSE	1.00	10.0	SSE	86.7	118.3	118.3	129.4	29.831	0.00	0.00	1012	43.52	1130	9.2	1.97	9.7	0.000	0.452	-52.3	0	---	-52.4	-52.4	 .0971	0.000	700	1	100.0	30
10/17/20	12:00 p	85.7	87.0	85.6	100	85.7	3.0	SE	1.50	11.0	SSE	85.7	111.5	111.5	123.8	29.831	0.00	0.00	970	41.72	998	8.9	1.91	9.2	0.000	0.431	-52.3	0	---	-52.4	-52.4	 .0971	0.025	702	1	100.0	30
10/17/20	12:30 p	86.2	87.0	85.6	100	86.2	2.0	SE	1.00	8.0	ESE	86.2	114.7	114.7	127.6	29.831	0.00	0.00	932	40.08	1034	7.9	1.69	8.9	0.000	0.442	-52.3	0	---	-52.4	-52.4	 .0971	0.000	702	1	100.0	30
10/17/20	1:00 p	85.4	86.1	85.1	100	85.4	3.0	SSE	1.50	11.0	SSE	85.4	109.8	109.8	123.1	29.831	0.00	0.00	843	36.25	1011	6.8	1.46	7.6	0.000	0.425	-52.3	0	---	-52.4	-52.4	 .0971	0.022	699	1	100.0	30
10/17/20	1:30 p	85.4	85.4	84.6	100	85.4	3.0	SSE	1.50	10.0	S	85.4	109.8	109.8	122.7	29.831	0.00	0.00	716	30.79	1018	5.4	1.16	7.2	0.000	0.425	-52.3	0	---	-52.4	-52.4	 .0971	0.000	701	1	100.0	30
10/17/20	2:00 p	84.2	85.4	84.1	100	84.2	3.0	SE	1.50	7.0	ESE	84.2	104.0	104.0	116.0	29.831	0.00	0.00	603	25.93	705	4.2	0.90	5.0	0.000	0.400	-52.3	0	---	-52.4	-52.4	 .0971	0.016	701	1	100.0	30
10/17/20	2:30 p	84.8	84.8	83.5	100	84.8	2.0	SE	1.00	5.0	SSW	84.8	106.7	106.7	116.5	29.831	0.00	0.00	425	18.28	621	2.8	0.60	3.5	0.000	0.413	-52.3	0	---	-52.4	-52.4	 .0971	0.000	698	1	100.0	30
10/17/20	3:00 p	84.4	85.4	84.0	100	84.4	2.0	ESE	1.00	6.0	E	84.4	104.9	104.9	116.4	29.831	0.00	0.00	478	20.56	635	2.3	0.49	2.7	0.000	0.404	-52.3	0	---	-52.4	-52.4	 .0971	0.011	700	1	100.0	30
10/17/20	3:30 p	83.6	84.9	83.4	100	83.6	2.0	S	1.00	9.0	SSE	83.6	101.5	101.5	110.8	29.831	0.00	0.00	321	13.80	503	1.3	0.28	1.9	0.000	0.387	-52.3	0	---	-52.4	-52.4	 .0971	0.000	701	1	100.0	30
10/17/20	4:00 p	82.3	83.7	82.3	100	82.3	1.0	ESE	0.50	4.0	NNW	82.3	96.8	96.8	102.8	29.831	0.00	0.00	174	7.48	306	0.4	0.09	0.8	0.000	0.360	-52.3	0	---	-52.4	-52.4	 .0971	0.006	702	1	100.0	30
10/17/20	4:30 p	81.2	82.4	81.2	100	81.2	0.0	ESE	0.00	2.0	ESE	81.2	93.1	93.1	95.4	29.831	0.00	0.00	64	2.75	74	0.0	0.00	0.0	0.000	0.337	-52.3	0	---	-52.4	-52.4	 .0971	0.000	702	1	100.0	30
10/17/20	5:00 p	80.7	81.3	80.6	100	80.7	0.0	ESE	0.00	1.0	ESE	80.7	91.6	91.6	93.1	29.831	0.00	0.00	42	1.81	69	0.0	0.00	0.0	0.000	0.327	-52.3	0	---	-52.4	-52.4	 .0971	0.001	703	1	100.0	30
10/17/20	5:30 p	80.4	80.8	80.4	100	80.4	0.0	---	0.00	0.0	---	80.4	90.8	90.8	90.0	29.831	0.00	0.00	6	0.26	18	0.0	0.00	0.0	0.000	0.321	-52.3	0	---	-52.4	-52.4	 .0971	0.000	695	1	100.0	30
10/17/20	6:00 p	79.6	80.4	79.6	100	79.6	0.0	---	0.00	0.0	---	79.6	88.5	88.5	87.5	29.831	0.00	0.00	0	0.00	0	0.0	0.00	0.0	0.000	0.304	-52.3	0	---	-52.4	-52.4	 .0971	0.000	702	1	100.0	30
10/17/20	6:30 p	79.4	79.7	79.4	100	79.4	0.0	---	0.00	0.0	---	79.4	87.9	87.9	86.9	29.831	0.00	0.00	0	0.00	0	0.0	0.00	0.0	0.000	0.300	-52.3	0	---	-52.4	-52.4	 .0971	0.000	702	1	100.0	30
10/17/20	7:00 p	79.1	79.4	79.1	100	79.1	0.0	---	0.00	0.0	---	79.1	87.1	87.1	86.1	29.831	0.00	0.00	0	0.00	0	0.0	0.00	0.0	0.000	0.294	-52.3	0	---	-52.4	-52.4	 .0971	0.000	697	1	100.0	30
10/17/20	7:30 p	78.6	79.1	78.6	100	78.6	0.0	---	0.00	0.0	---	78.6	85.8	85.8	84.7	29.831	0.00	0.00	0	0.00	0	0.0	0.00	0.0	0.000	0.283	-52.3	0	---	-52.4	-52.4	 .0971	0.000	703	1	100.0	30
10/17/20	8:00 p	77.6	78.6	77.5	100	77.6	0.0	---	0.00	0.0	---	77.6	83.5	83.5	82.4	29.831	0.00	0.00	0	0.00	0	0.0	0.00	0.0	0.000	0.262	-52.3	0	---	-52.4	-52.4	 .0971	0.000	701	1	100.0	30
10/17/20	8:30 p	77.2	77.6	77.1	100	77.2	0.0	---	0.00	0.0	---	77.2	82.6	82.6	81.5	29.831	0.00	0.00	0	0.00	0	0.0	0.00	0.0	0.000	0.254	-52.3	0	---	-52.4	-52.4	 .0971	0.000	701	1	100.0	30
10/17/20	9:00 p	77.4	77.5	77.1	100	77.4	0.0	---	0.00	0.0	---	77.4	83.1	83.1	82.0	29.831	0.00	0.00	0	0.00	0	0.0	0.00	0.0	0.000	0.258	-52.3	0	---	-52.4	-52.4	 .0971	0.000	699	1	100.0	30
10/17/20	9:30 p	77.2	77.5	77.2	100	77.2	0.0	---	0.00	0.0	---	77.2	82.6	82.6	81.5	29.831	0.00	0.00	0	0.00	0	0.0	0.00	0.0	0.000	0.254	-52.3	0	---	-52.4	-52.4	 .0971	0.000	701	1	100.0	30
10/17/20	10:00 p	77.4	77.5	77.0	100	77.4	0.0	---	0.00	0.0	---	77.4	83.1	83.1	82.0	29.831	0.00	0.00	0	0.00	0	0.0	0.00	0.0	0.000	0.258	-52.3	0	---	-52.4	-52.4	 .0971	0.000	701	1	100.0	30
10/17/20	10:30 p	77.5	77.7	77.4	100	77.5	0.0	---	0.00	0.0	---	77.5	83.3	83.3	82.2	29.831	0.01	0.00	0	0.00	0	0.0	0.00	0.0	0.000	0.260	-52.3	0	---	-52.4	-52.4	 .0971	0.000	702	1	100.0	30
10/17/20	11:00 p	77.3	77.6	77.3	100	77.3	0.0	NE	0.00	3.0	NW	77.3	82.9	82.9	81.8	29.831	0.00	0.00	0	0.00	0	0.0	0.00	0.0	0.000	0.256	-52.3	0	---	-52.4	-52.4	 .0971	0.000	701	1	100.0	30
10/17/20	11:30 p	77.3	77.4	77.0	100	77.3	1.0	NE	0.50	3.0	WNW	77.3	82.9	82.9	81.8	29.831	0.00	0.00	0	0.00	0	0.0	0.00	0.0	0.000	0.256	-52.3	0	---	-52.4	-52.4	 .0971	0.000	703	1	100.0	30
10/18/20	12:00 a	77.1	77.3	76.9	100	77.1	1.0	NNE	0.50	4.0	NE	77.1	82.4	82.4	81.3	29.831	0.00	0.00	0	0.00	0	0.0	0.00	0.0	0.000	0.252	-52.3	0	---	-52.4	-52.4	 .0971	0.000	700	1	100.0	30
10/18/20	12:30 a	76.7	77.2	76.7	100	76.7	0.0	ENE	0.00	3.0	ENE	76.7	81.6	81.6	80.4	29.831	0.00	0.00	0	0.00	0	0.0	0.00	0.0	0.000	0.244	-52.3	0	---	-52.4	-52.4	 .0971	0.000	700	1	100.0	30
10/18/20	1:00 a	76.4	76.7	76.3	100	76.4	0.0	NE	0.00	1.0	NE	76.4	81.1	81.1	79.9	29.831	0.00	0.00	0	0.00	0	0.0	0.00	0.0	0.000	0.238	-52.3	0	---	-52.4	-52.4	 .0971	0.000	700	1	100.0	30
10/18/20	1:30 a	75.9	76.4	75.8	100	75.9	0.0	NE	0.00	1.0	NE	75.9	80.2	80.2	79.0	29.831	0.00	0.00	0	0.00	0	0.0	0.00	0.0	0.000	0.227	-52.3	0	---	-52.4	-52.4	 .0971	0.000	701	1	100.0	30
10/18/20	2:00 a	75.6	76.0	75.6	100	75.6	0.0	---	0.00	0.0	---	75.6	79.7	79.7	78.5	29.831	0.00	0.00	0	0.00	0	0.0	0.00	0.0	0.000	0.221	-52.3	0	---	-52.4	-52.4	 .0971	0.000	702	1	100.0	30
10/18/20	2:30 a	75.5	75.7	75.4	100	75.5	0.0	---	0.00	0.0	---	75.5	79.6	79.6	78.4	29.831	0.00	0.00	0	0.00	0	0.0	0.00	0.0	0.000	0.219	-52.3	0	---	-52.4	-52.4	 .0971	0.000	702	1	100.0	30
10/18/20	3:00 a	76.0	76.1	75.6	100	76.0	0.0	---	0.00	0.0	---	76.0	80.3	80.3	79.1	29.831	0.00	0.00	0	0.00	0	0.0	0.00	0.0	0.000	0.229	-52.3	0	---	-52.4	-52.4	 .0971	0.000	703	1	100.0	30
10/18/20	3:30 a	75.7	76.0	75.7	100	75.7	0.0	---	0.00	0.0	---	75.7	79.8	79.8	78.6	29.831	0.00	0.00	0	0.00	0	0.0	0.00	0.0	0.000	0.223	-52.3	0	---	-52.4	-52.4	 .0971	0.000	699	1	100.0	30
10/18/20	4:00 a	75.5	75.8	75.5	100	75.5	0.0	---	0.00	0.0	---	75.5	79.6	79.6	78.4	29.831	0.00	0.00	0	0.00	0	0.0	0.00	0.0	0.000	0.219	-52.3	0	---	-52.4	-52.4	 .0971	0.000	699	1	100.0	30
10/18/20	4:30 a	75.3	75.6	75.2	100	75.3	0.0	---	0.00	0.0	---	75.3	79.3	79.3	78.1	29.831	0.00	0.00	0	0.00	0	0.0	0.00	0.0	0.000	0.215	-52.3	0	---	-52.4	-52.4	 .0971	0.000	700	1	100.0	30
10/18/20	5:00 a	75.3	75.4	75.2	100	75.3	0.0	---	0.00	0.0	---	75.3	79.3	79.3	78.1	29.831	0.00	0.00	0	0.00	0	0.0	0.00	0.0	0.000	0.215	-52.3	0	---	-52.4	-52.4	 .0971	0.000	698	1	100.0	30
10/18/20	5:30 a	75.4	75.5	75.2	100	75.4	0.0	NE	0.00	1.0	NE	75.4	79.4	79.4	78.2	29.831	0.00	0.00	0	0.00	5	0.0	0.00	0.0	0.000	0.217	-52.3	0	---	-52.4	-52.4	 .0971	0.000	700	1	100.0	30
10/18/20	6:00 a	76.1	76.1	75.3	100	76.1	0.0	---	0.00	0.0	---	76.1	80.5	80.5	80.1	29.831	0.00	0.00	36	1.55	63	0.0	0.00	0.0	0.000	0.231	-52.3	0	---	-52.4	-52.4	 .0971	0.000	701	1	100.0	30
10/18/20	6:30 a	76.7	76.9	76.0	100	76.7	0.0	NE	0.00	1.0	NE	76.7	81.6	81.6	83.9	29.831	0.00	0.00	64	2.75	70	0.0	0.00	0.0	0.000	0.244	-52.3	0	---	-52.4	-52.4	 .0971	0.000	699	1	100.0	30
10/18/20	7:00 a	78.2	78.2	76.8	100	78.2	0.0	NE	0.00	1.0	NE	78.2	84.9	84.9	88.0	29.831	0.00	0.00	87	3.74	135	0.4	0.09	0.7	0.000	0.275	-52.3	0	---	-52.4	-52.4	 .0971	0.002	698	1	100.0	30
10/18/20	7:30 a	78.2	78.4	77.9	100	78.2	0.0	NE	0.00	2.0	NE	78.2	84.9	84.9	86.4	29.831	0.00	0.00	58	2.49	86	0.5	0.11	1.1	0.000	0.275	-52.3	0	---	-52.4	-52.4	 .0971	0.000	703	1	100.0	30
10/18/20	8:00 a	79.1	79.1	78.2	100	79.1	0.0	ESE	0.00	3.0	E	79.1	87.1	87.1	90.3	29.831	0.00	0.00	118	5.07	371	1.4	0.30	2.2	0.000	0.294	-52.3	0	---	-52.4	-52.4	 .0971	0.002	702	1	100.0	30
10/18/20	8:30 a	80.2	80.6	78.3	100	80.2	1.0	E	0.50	7.0	SE	80.2	90.2	90.2	99.0	29.831	0.00	0.00	354	15.22	541	2.6	0.56	3.5	0.000	0.317	-52.3	0	---	-52.4	-52.4	 .0971	0.000	701	1	100.0	30
10/18/20	9:00 a	82.3	82.4	80.0	100	82.3	1.0	SE	0.50	5.0	SSE	82.3	96.8	96.8	107.3	29.831	0.00	0.00	474	20.38	671	3.8	0.81	4.9	0.000	0.360	-52.3	0	---	-52.4	-52.4	 .0971	0.010	701	1	100.0	30
10/18/20	9:30 a	84.2	84.4	82.3	100	84.2	2.0	SE	1.00	7.0	E	84.2	104.0	104.0	116.9	29.831	0.00	0.00	736	31.65	819	5.7	1.22	6.5	0.000	0.400	-52.3	0	---	-52.4	-52.4	 .0971	0.000	702	1	100.0	30
10/18/20	10:00 a	85.4	85.5	83.8	100	85.4	2.0	SE	1.00	5.0	S	85.4	109.8	109.8	122.9	29.831	0.00	0.00	796	34.23	1007	6.6	1.41	8.1	0.000	0.425	-52.3	0	---	-52.4	-52.4	 .0971	0.019	701	1	100.0	30
10/18/20	10:30 a	85.9	86.0	84.9	100	85.9	2.0	SSE	1.00	8.0	ESE	85.9	112.6	112.6	124.6	29.831	0.00	0.00	981	42.19	1042	8.4	1.80	8.9	0.000	0.435	-52.3	0	---	-52.4	-52.4	 .0971	0.000	702	1	100.0	30
10/18/20	11:00 a	86.6	86.7	85.4	100	86.6	2.0	SE	1.00	7.0	SE	86.6	117.6	117.6	129.2	29.831	0.00	0.00	1008	43.35	1160	8.8	1.89	9.5	0.000	0.450	-52.3	0	---	-52.4	-52.4	 .0971	0.025	701	1	100.0	30
10/18/20	11:30 a	86.6	87.2	85.9	100	86.6	2.0	NE	1.00	9.0	SSE	86.6	117.6	117.6	128.5	29.831	0.00	0.00	994	42.75	1067	9.2	1.97	9.8	0.000	0.450	-52.3	0	---	-52.4	-52.4	 .0971	0.000	699	1	100.0	30
10/18/20	12:00 p	85.1	86.5	84.9	100	85.1	2.0	SE	1.00	8.0	SSE	85.1	108.2	108.2	121.2	29.831	0.00	0.00	709	30.49	1325	7.5	1.61	10.8	0.000	0.419	-52.3	0	---	-52.4	-52.4	 .0971	0.023	701	1	100.0	30
10/18/20	12:30 p	85.8	86.2	84.4	100	85.8	2.0	SSE	1.00	8.0	ESE	85.8	112.1	112.1	124.8	29.831	0.00	0.00	938	40.34	1106	8.1	1.74	9.7	0.000	0.433	-52.3	0	---	-52.4	-52.4	 .0971	0.000	702	1	100.0	30
10/18/20	1:00 p	83.2	86.2	83.2	100	83.2	2.0	SE	1.00	7.0	SE	83.2	100.0	100.0	107.5	29.831	0.00	0.00	340	14.62	926	4.3	0.92	7.0	0.000	0.379	-52.3	0	---	-52.4	-52.4	 .0971	0.017	702	1	100.0	30
10/18/20	1:30 p	84.0	84.0	82.9	100	84.0	1.0	S	0.50	7.0	S	84.0	103.1	103.1	110.8	29.831	0.00	0.00	350	15.05	789	3.9	0.84	5.6	0.000	0.396	-52.3	0	---	-52.4	-52.4	 .0971	0.000	701	1	100.0	30
10/18/20	2:00 p	84.7	84.7	83.8	100	84.7	2.0	ESE	1.00	8.0	ESE	84.7	106.2	106.2	117.1	29.831	0.00	0.00	520	22.36	710	4.0	0.86	4.7	0.000	0.410	-52.3	0	---	-52.4	-52.4	 .0971	0.012	701	1	100.0	30
10/18/20	2:30 p	84.9	85.4	84.0	100	84.9	2.0	ESE	1.00	7.0	SE	84.9	107.2	107.2	119.1	29.831	0.00	0.00	556	23.91	691	3.5	0.75	4.2	0.000	0.415	-52.3	0	---	-52.4	-52.4	 .0971	0.000	700	1	100.0	30
10/18/20	3:00 p	83.3	85.0	83.2	100	83.3	2.0	SE	1.00	9.0	ESE	83.3	100.4	100.4	108.9	29.831	0.00	0.00	329	14.15	543	1.9	0.41	3.0	0.000	0.381	-52.3	0	---	-52.4	-52.4	 .0971	0.011	699	1	100.0	30
10/18/20	3:30 p	83.1	83.9	83.0	100	83.1	2.0	SE	1.00	8.0	SE	83.1	99.6	99.6	108.5	29.831	0.00	0.00	306	13.16	443	1.3	0.28	1.7	0.000	0.377	-52.3	0	---	-52.4	-52.4	 .0971	0.000	699	1	100.0	30
10/18/20	4:00 p	82.3	83.2	82.3	100	82.3	1.0	SE	0.50	4.0	NE	82.3	96.8	96.8	101.7	29.831	0.00	0.00	146	6.28	229	0.4	0.09	0.9	0.000	0.360	-52.3	0	---	-52.4	-52.4	 .0971	0.006	701	1	100.0	30
10/18/20	4:30 p	81.5	82.5	81.5	100	81.5	0.0	SE	0.00	2.0	SE	81.5	94.1	94.1	94.8	29.831	0.00	0.00	28	1.20	54	0.0	0.00	0.0	0.000	0.344	-52.3	0	---	-52.4	-52.4	 .0971	0.000	700	1	100.0	30
10/18/20	5:00 p	80.8	81.5	80.7	100	80.8	0.0	SE	0.00	4.0	SSE	80.8	91.9	91.9	92.0	29.831	0.00	0.00	13	0.56	30	0.0	0.00	0.0	0.000	0.329	-52.3	0	---	-52.4	-52.4	 .0971	0.001	701	1	100.0	30
10/18/20	5:30 p	80.3	80.8	80.3	100	80.3	0.0	S	0.00	2.0	S	80.3	90.5	90.5	89.6	29.831	0.00	0.00	0	0.00	0	0.0	0.00	0.0	0.000	0.319	-52.3	0	---	-52.4	-52.4	 .0971	0.000	699	1	100.0	30
10/18/20	6:00 p	79.9	80.3	79.9	100	79.9	0.0	---	0.00	0.0	---	79.9	89.3	89.3	88.4	29.831	0.00	0.00	0	0.00	0	0.0	0.00	0.0	0.000	0.310	-52.3	0	---	-52.4	-52.4	 .0971	0.000	701	1	100.0	30
10/18/20	6:30 p	78.9	79.9	78.9	100	78.9	1.0	NW	0.50	6.0	NNE	78.9	86.6	86.6	85.6	29.831	0.00	0.00	0	0.00	0	0.0	0.00	0.0	0.000	0.290	-52.3	0	---	-52.4	-52.4	 .0971	0.000	702	1	100.0	30
10/18/20	7:00 p	78.2	78.9	78.2	100	78.2	1.0	N	0.50	7.0	NNE	78.2	84.9	84.9	83.9	29.831	0.00	0.00	0	0.00	0	0.0	0.00	0.0	0.000	0.275	-52.3	0	---	-52.4	-52.4	 .0971	0.000	700	1	100.0	30
10/18/20	7:30 p	77.7	78.2	77.7	100	77.7	1.0	NNE	0.50	4.0	NW	77.7	83.7	83.7	82.7	29.831	0.00	0.00	0	0.00	0	0.0	0.00	0.0	0.000	0.265	-52.3	0	---	-52.4	-52.4	 .0971	0.000	702	1	100.0	30
10/18/20	8:00 p	77.8	77.9	77.6	100	77.8	0.0	NNE	0.00	2.0	NNE	77.8	84.0	84.0	83.0	29.831	0.00	0.00	0	0.00	0	0.0	0.00	0.0	0.000	0.267	-52.3	0	---	-52.4	-52.4	 .0971	0.000	700	1	100.0	30
10/18/20	8:30 p	77.1	78.0	77.0	100	77.1	1.0	NE	0.50	5.0	ENE	77.1	82.4	82.4	81.4	29.831	0.00	0.00	0	0.00	0	0.0	0.00	0.0	0.000	0.252	-52.3	0	---	-52.4	-52.4	 .0971	0.000	702	1	100.0	30
10/18/20	9:00 p	77.2	77.3	77.0	100	77.2	1.0	NNE	0.50	4.0	ENE	77.2	82.6	82.6	81.6	29.831	0.00	0.00	0	0.00	0	0.0	0.00	0.0	0.000	0.254	-52.3	0	---	-52.4	-52.4	 .0971	0.000	700	1	100.0	30
10/18/20	9:30 p	77.1	77.4	77.0	100	77.1	0.0	NNE	0.00	1.0	NNE	77.1	82.4	82.4	81.4	29.831	0.00	0.00	0	0.00	0	0.0	0.00	0.0	0.000	0.252	-52.3	0	---	-52.4	-52.4	 .0971	0.000	703	1	100.0	30
10/18/20	10:00 p	77.1	77.2	77.0	100	77.1	0.0	NNE	0.00	1.0	NNE	77.1	82.4	82.4	81.4	29.831	0.00	0.00	0	0.00	0	0.0	0.00	0.0	0.000	0.252	-52.3	0	---	-52.4	-52.4	 .0971	0.000	701	1	100.0	30
10/18/20	10:30 p	77.1	77.3	77.1	100	77.1	0.0	NNW	0.00	3.0	NNW	77.1	82.4	82.4	81.4	29.831	0.00	0.00	0	0.00	0	0.0	0.00	0.0	0.000	0.252	-52.3	0	---	-52.4	-52.4	 .0971	0.000	698	1	100.0	30
10/18/20	11:00 p	76.8	77.1	76.7	100	76.8	0.0	NNW	0.00	3.0	NNW	76.8	81.8	81.8	80.7	29.831	0.01	0.00	0	0.00	0	0.0	0.00	0.0	0.000	0.246	-52.3	0	---	-52.4	-52.4	 .0971	0.000	701	1	100.0	30
10/18/20	11:30 p	76.9	76.9	76.6	100	76.9	0.0	NNW	0.00	2.0	NNW	76.9	82.0	82.0	80.9	29.831	0.07	1.19	0	0.00	0	0.0	0.00	0.0	0.000	0.248	-52.3	0	---	-52.4	-52.4	 .0971	0.000	699	1	100.0	30
10/19/20	12:00 a	76.9	77.1	76.8	100	76.9	0.0	NNW	0.00	2.0	NNW	76.9	82.0	82.0	80.9	29.831	0.00	0.00	0	0.00	0	0.0	0.00	0.0	0.000	0.248	-52.3	0	---	-52.4	-52.4	 .0971	0.000	700	1	100.0	30
10/19/20	12:30 a	77.3	77.3	77.0	100	77.3	0.0	NNW	0.00	2.0	NNW	77.3	82.9	82.9	81.9	29.831	0.01	0.00	0	0.00	0	0.0	0.00	0.0	0.000	0.256	-52.3	0	---	-52.4	-52.4	 .0971	0.000	700	1	100.0	30
10/19/20	1:00 a	77.3	77.4	77.1	100	77.3	0.0	NNW	0.00	2.0	NNW	77.3	82.9	82.9	81.9	29.831	0.00	0.00	0	0.00	0	0.0	0.00	0.0	0.000	0.256	-52.3	0	---	-52.4	-52.4	 .0971	0.000	702	1	100.0	30
10/19/20	1:30 a	77.0	77.3	76.9	100	77.0	0.0	NNW	0.00	1.0	NNW	77.0	82.2	82.2	81.2	29.831	0.01	0.00	0	0.00	0	0.0	0.00	0.0	0.000	0.250	-52.3	0	---	-52.4	-52.4	 .0971	0.000	700	1	100.0	30
10/19/20	2:00 a	77.0	77.3	77.0	100	77.0	0.0	NNW	0.00	2.0	NNW	77.0	82.2	82.2	81.2	29.831	0.00	0.00	0	0.00	0	0.0	0.00	0.0	0.000	0.250	-52.3	0	---	-52.4	-52.4	 .0971	0.000	703	1	100.0	30
10/19/20	2:30 a	76.9	77.1	76.7	100	76.9	0.0	NNW	0.00	1.0	NNW	76.9	82.0	82.0	80.9	29.831	0.06	0.40	0	0.00	0	0.0	0.00	0.0	0.000	0.248	-52.3	0	---	-52.4	-52.4	 .0971	0.000	699	1	100.0	30
10/19/20	3:00 a	76.6	76.9	76.6	100	76.6	0.0	NNW	0.00	2.0	NNW	76.6	81.4	81.4	80.3	29.831	0.01	0.07	0	0.00	0	0.0	0.00	0.0	0.000	0.242	-52.3	0	---	-52.4	-52.4	 .0971	0.000	702	1	100.0	30
10/19/20	3:30 a	76.6	76.7	76.5	100	76.6	0.0	NNW	0.00	1.0	NNW	76.6	81.4	81.4	80.3	29.831	0.00	0.00	0	0.00	0	0.0	0.00	0.0	0.000	0.242	-52.3	0	---	-52.4	-52.4	 .0971	0.000	699	1	100.0	30
10/19/20	4:00 a	76.3	76.7	76.2	100	76.3	0.0	NNW	0.00	2.0	NNW	76.3	80.9	80.9	79.8	29.831	0.00	0.00	0	0.00	0	0.0	0.00	0.0	0.000	0.235	-52.3	0	---	-52.4	-52.4	 .0971	0.000	703	1	100.0	30
10/19/20	4:30 a	75.8	76.3	75.7	100	75.8	0.0	NNW	0.00	2.0	NNW	75.8	80.0	80.0	78.9	29.831	0.00	0.00	0	0.00	0	0.0	0.00	0.0	0.000	0.225	-52.3	0	---	-52.4	-52.4	 .0971	0.000	699	1	100.0	30
10/19/20	5:00 a	75.8	76.0	75.8	100	75.8	0.0	NNW	0.00	1.0	NNW	75.8	80.0	80.0	78.9	29.831	0.01	0.00	0	0.00	0	0.0	0.00	0.0	0.000	0.225	-52.3	0	---	-52.4	-52.4	 .0971	0.000	699	1	100.0	30
10/19/20	5:30 a	75.5	75.9	75.5	100	75.5	0.0	NNW	0.00	1.0	NNW	75.5	79.6	79.6	78.5	29.831	0.00	0.00	0	0.00	0	0.0	0.00	0.0	0.000	0.219	-52.3	0	---	-52.4	-52.4	 .0971	0.000	702	1	100.0	30
10/19/20	6:00 a	76.0	76.1	75.5	100	76.0	0.0	NNW	0.00	1.0	NNW	76.0	80.3	80.3	79.4	29.831	0.00	0.00	6	0.26	14	0.0	0.00	0.0	0.000	0.229	-52.3	0	---	-52.4	-52.4	 .0971	0.000	700	1	100.0	30
10/19/20	6:30 a	76.2	76.4	76.1	100	76.2	0.0	NNW	0.00	1.0	NNW	76.2	80.7	80.7	80.8	29.831	0.00	0.00	17	0.73	21	0.0	0.00	0.0	0.000	0.233	-52.3	0	---	-52.4	-52.4	 .0971	0.000	702	1	100.0	30
10/19/20	7:00 a	76.6	76.6	76.1	100	76.6	0.0	NNW	0.00	1.0	NNW	76.6	81.4	81.4	82.7	29.831	0.00	0.00	46	1.98	74	0.0	0.00	0.0	0.000	0.242	-52.3	0	---	-52.4	-52.4	 .0971	0.001	701	1	100.0	30
10/19/20	7:30 a	77.1	77.2	76.5	100	77.1	0.0	NNW	0.00	1.0	NNW	77.1	82.4	82.4	84.4	29.831	0.00	0.00	72	3.10	120	0.1	0.02	0.7	0.000	0.252	-52.3	0	---	-52.4	-52.4	 .0971	0.000	702	1	100.0	30
10/19/20	8:00 a	78.4	78.5	77.1	100	78.4	0.0	NNW	0.00	2.0	NNW	78.4	85.4	85.4	90.3	29.831	0.00	0.00	177	7.61	218	1.1	0.24	1.4	0.000	0.279	-52.3	0	---	-52.4	-52.4	 .0971	0.003	699	1	100.0	30
10/19/20	8:30 a	78.8	79.4	77.8	100	78.8	1.0	SE	0.50	4.0	SE	78.8	86.3	86.3	93.4	29.831	0.00	0.00	281	12.08	341	1.9	0.41	2.4	0.000	0.288	-52.3	0	---	-52.4	-52.4	 .0971	0.000	701	1	100.0	30
10/19/20	9:00 a	79.4	79.7	78.4	100	79.4	1.0	S	0.50	6.0	SSE	79.4	87.9	87.9	95.8	29.831	0.00	0.00	345	14.84	385	2.6	0.56	2.9	0.000	0.300	-52.3	0	---	-52.4	-52.4	 .0971	0.008	700	1	100.0	30
10/19/20	9:30 a	80.0	80.1	79.3	100	80.0	1.0	SSE	0.50	6.0	ESE	80.0	89.6	89.6	95.9	29.831	0.00	0.00	283	12.17	366	2.5	0.54	2.9	0.000	0.313	-52.3	0	---	-52.4	-52.4	 .0971	0.000	700	1	100.0	30
10/19/20	10:00 a	78.9	80.0	78.9	100	78.9	1.0	SE	0.50	3.0	SSE	78.9	86.6	86.6	87.9	29.831	0.00	0.00	83	3.57	134	0.9	0.19	1.3	0.000	0.290	-52.3	0	---	-52.4	-52.4	 .0971	0.004	698	1	100.0	30
10/19/20	10:30 a	78.9	79.3	78.7	100	78.9	1.0	SSE	0.50	5.0	SSE	78.9	86.6	86.6	89.0	29.831	0.00	0.00	129	5.55	207	1.4	0.30	2.2	0.000	0.290	-52.3	0	---	-52.4	-52.4	 .0971	0.000	700	1	100.0	30
10/19/20	11:00 a	79.6	79.6	78.9	100	79.6	1.0	S	0.50	5.0	S	79.6	88.5	88.5	91.4	29.831	0.00	0.00	145	6.24	202	1.6	0.34	2.2	0.000	0.304	-52.3	0	---	-52.4	-52.4	 .0971	0.003	700	1	100.0	30
10/19/20	11:30 a	78.9	79.6	78.7	100	78.9	1.0	SSE	0.50	5.0	S	78.9	86.6	86.6	89.4	29.831	0.00	0.00	142	6.11	179	1.5	0.32	2.0	0.000	0.290	-52.3	0	---	-52.4	-52.4	 .0971	0.000	699	1	100.0	30
10/19/20	12:00 p	79.2	79.7	78.7	100	79.2	1.0	SE	0.50	6.0	ESE	79.2	87.4	87.4	91.1	29.831	0.00	0.00	177	7.61	225	1.9	0.41	2.5	0.000	0.296	-52.3	0	---	-52.4	-52.4	 .0971	0.004	702	1	100.0	30
10/19/20	12:30 p	79.3	79.6	78.8	100	79.3	1.0	SE	0.50	5.0	S	79.3	87.6	87.6	90.6	29.831	0.00	0.00	152	6.54	211	1.6	0.34	2.2	0.000	0.298	-52.3	0	---	-52.4	-52.4	 .0971	0.000	700	1	100.0	30
10/19/20	1:00 p	79.1	79.7	78.9	100	79.1	0.0	ESE	0.00	3.0	SSE	79.1	87.1	87.1	89.9	29.831	0.00	0.00	142	6.11	176	1.5	0.32	1.8	0.000	0.294	-52.3	0	---	-52.4	-52.4	 .0971	0.004	701	1	100.0	30
10/19/20	1:30 p	79.3	79.6	79.0	100	79.3	0.0	S	0.00	3.0	ESE	79.3	87.6	87.6	89.3	29.831	0.00	0.00	98	4.21	127	0.9	0.19	1.2	0.000	0.298	-52.3	0	---	-52.4	-52.4	 .0971	0.000	700	1	100.0	30
10/19/20	2:00 p	78.9	79.3	78.4	100	78.9	1.0	NW	0.50	4.0	S	78.9	86.6	86.6	89.1	29.831	0.00	0.00	125	5.38	160	1.1	0.24	1.4	0.000	0.290	-52.3	0	---	-52.4	-52.4	 .0971	0.003	698	1	100.0	30
10/19/20	2:30 p	79.3	79.7	78.8	100	79.3	1.0	SSW	0.50	4.0	SSW	79.3	87.6	87.6	89.9	29.831	0.00	0.00	109	4.69	163	0.9	0.19	1.3	0.000	0.298	-52.3	0	---	-52.4	-52.4	 .0971	0.000	699	1	100.0	30
10/19/20	3:00 p	78.8	79.3	78.7	100	78.8	1.0	ESE	0.50	5.0	SE	78.8	86.3	86.3	87.4	29.831	0.00	0.00	63	2.71	88	0.3	0.06	0.6	0.000	0.288	-52.3	0	---	-52.4	-52.4	 .0971	0.002	698	1	100.0	30
10/19/20	3:30 p	78.4	79.0	78.3	100	78.4	1.0	SSW	0.50	4.0	SSW	78.4	85.4	85.4	87.3	29.831	0.00	0.00	79	3.40	95	0.3	0.06	0.6	0.000	0.279	-52.3	0	---	-52.4	-52.4	 .0971	0.000	700	1	100.0	30
10/19/20	4:00 p	78.5	78.8	78.3	100	78.5	0.0	SSW	0.00	4.0	SSE	78.5	85.6	85.6	87.0	29.831	0.00	0.00	54	2.32	93	0.0	0.00	0.0	0.000	0.281	-52.3	0	---	-52.4	-52.4	 .0971	0.002	702	1	100.0	30
10/19/20	4:30 p	78.2	78.5	78.1	100	78.2	1.0	S	0.50	6.0	ESE	78.2	84.9	84.9	85.2	29.831	0.00	0.00	23	0.99	28	0.0	0.00	0.0	0.000	0.275	-52.3	0	---	-52.4	-52.4	 .0971	0.000	701	1	100.0	30
10/19/20	5:00 p	77.9	78.2	77.7	100	77.9	1.0	SSE	0.50	4.0	SSE	77.9	84.2	84.2	84.1	29.831	0.00	0.00	12	0.52	18	0.0	0.00	0.0	0.000	0.269	-52.3	0	---	-52.4	-52.4	 .0971	0.000	699	1	100.0	30
10/19/20	5:30 p	77.7	77.9	77.7	100	77.7	0.0	W	0.00	4.0	SW	77.7	83.7	83.7	82.7	29.831	0.00	0.00	0	0.00	0	0.0	0.00	0.0	0.000	0.265	-52.3	0	---	-52.4	-52.4	 .0971	0.000	703	1	100.0	30
10/19/20	6:00 p	77.5	77.8	77.5	100	77.5	0.0	W	0.00	1.0	W	77.5	83.3	83.3	82.3	29.831	0.00	0.00	0	0.00	0	0.0	0.00	0.0	0.000	0.260	-52.3	0	---	-52.4	-52.4	 .0971	0.000	701	1	100.0	30
10/19/20	6:30 p	77.4	77.7	77.4	100	77.4	0.0	W	0.00	2.0	W	77.4	83.1	83.1	82.1	29.831	0.00	0.00	0	0.00	0	0.0	0.00	0.0	0.000	0.258	-52.3	0	---	-52.4	-52.4	 .0971	0.000	700	1	100.0	30
10/19/20	7:00 p	77.0	77.5	77.0	100	77.0	0.0	---	0.00	0.0	---	77.0	82.2	82.2	81.2	29.831	0.00	0.00	0	0.00	0	0.0	0.00	0.0	0.000	0.250	-52.3	0	---	-52.4	-52.4	 .0971	0.000	701	1	100.0	30
10/19/20	7:30 p	77.0	77.2	77.0	100	77.0	0.0	---	0.00	0.0	---	77.0	82.2	82.2	81.2	29.831	0.00	0.00	0	0.00	0	0.0	0.00	0.0	0.000	0.250	-52.3	0	---	-52.4	-52.4	 .0971	0.000	702	1	100.0	30
10/19/20	8:00 p	76.9	77.0	76.8	100	76.9	0.0	---	0.00	0.0	---	76.9	82.0	82.0	80.9	29.831	0.00	0.00	0	0.00	0	0.0	0.00	0.0	0.000	0.248	-52.3	0	---	-52.4	-52.4	 .0971	0.000	698	1	100.0	30
10/19/20	8:30 p	76.7	76.9	76.6	100	76.7	0.0	---	0.00	0.0	---	76.7	81.6	81.6	80.5	29.831	0.00	0.00	0	0.00	0	0.0	0.00	0.0	0.000	0.244	-52.3	0	---	-52.4	-52.4	 .0971	0.000	701	1	100.0	30
10/19/20	9:00 p	76.6	76.7	76.6	100	76.6	0.0	---	0.00	0.0	---	76.6	81.4	81.4	80.3	29.831	0.00	0.00	0	0.00	0	0.0	0.00	0.0	0.000	0.242	-52.3	0	---	-52.4	-52.4	 .0971	0.000	702	1	100.0	30
10/19/20	9:30 p	76.3	76.7	76.2	100	76.3	0.0	W	0.00	1.0	W	76.3	80.9	80.9	79.8	29.831	0.00	0.00	0	0.00	0	0.0	0.00	0.0	0.000	0.235	-52.3	0	---	-52.4	-52.4	 .0971	0.000	702	1	100.0	30
10/19/20	10:00 p	76.0	76.3	76.0	100	76.0	0.0	---	0.00	0.0	---	76.0	80.3	80.3	79.2	29.831	0.00	0.00	0	0.00	0	0.0	0.00	0.0	0.000	0.229	-52.3	0	---	-52.4	-52.4	 .0971	0.000	698	1	100.0	30
10/19/20	10:30 p	76.2	76.3	75.9	100	76.2	0.0	W	0.00	1.0	W	76.2	80.7	80.7	79.6	29.831	0.00	0.00	0	0.00	0	0.0	0.00	0.0	0.000	0.233	-52.3	0	---	-52.4	-52.4	 .0971	0.000	696	1	100.0	30
10/19/20	11:00 p	76.1	76.3	76.1	100	76.1	0.0	W	0.00	1.0	W	76.1	80.5	80.5	79.4	29.831	0.00	0.00	0	0.00	0	0.0	0.00	0.0	0.000	0.231	-52.3	0	---	-52.4	-52.4	 .0971	0.000	701	1	100.0	30
10/19/20	11:30 p	76.3	76.3	76.1	100	76.3	0.0	W	0.00	1.0	W	76.3	80.9	80.9	79.8	29.831	0.01	0.00	0	0.00	0	0.0	0.00	0.0	0.000	0.235	-52.3	0	---	-52.4	-52.4	 .0971	0.000	698	1	100.0	30
10/20/20	12:00 a	76.4	76.4	76.2	100	76.4	0.0	W	0.00	1.0	W	76.4	81.1	81.1	80.0	29.831	0.00	0.00	0	0.00	0	0.0	0.00	0.0	0.000	0.238	-52.3	0	---	-52.4	-52.4	 .0971	0.000	699	1	100.0	30
10/20/20	12:30 a	76.3	76.5	76.2	100	76.3	0.0	W	0.00	1.0	W	76.3	80.9	80.9	79.8	29.831	0.00	0.00	0	0.00	0	0.0	0.00	0.0	0.000	0.235	-52.3	0	---	-52.4	-52.4	 .0971	0.000	700	1	100.0	30
10/20/20	1:00 a	75.9	76.3	75.8	100	75.9	0.0	W	0.00	2.0	W	75.9	80.2	80.2	79.1	29.831	0.00	0.00	0	0.00	0	0.0	0.00	0.0	0.000	0.227	-52.3	0	---	-52.4	-52.4	 .0971	0.000	702	1	100.0	30
10/20/20	1:30 a	75.6	76.1	75.5	100	75.6	1.0	W	0.50	10.0	SSW	75.6	79.7	79.7	78.6	29.831	0.11	2.89	0	0.00	0	0.0	0.00	0.0	0.000	0.221	-52.3	0	---	-52.4	-52.4	 .0971	0.000	698	1	100.0	30
10/20/20	2:00 a	75.6	75.7	75.1	100	75.6	0.0	SSW	0.00	3.0	SSW	75.6	79.7	79.7	78.6	29.831	0.03	0.30	0	0.00	0	0.0	0.00	0.0	0.000	0.221	-52.3	0	---	-52.4	-52.4	 .0971	0.000	700	1	100.0	30
10/20/20	2:30 a	75.2	75.7	75.0	100	75.2	1.0	S	0.50	6.0	ESE	75.2	79.1	79.1	78.0	29.831	0.07	0.31	0	0.00	0	0.0	0.00	0.0	0.000	0.212	-52.3	0	---	-52.4	-52.4	 .0971	0.000	699	1	100.0	30
10/20/20	3:00 a	74.9	75.3	74.9	100	74.9	1.0	E	0.50	4.0	SSE	74.9	78.7	78.7	77.5	29.831	0.10	0.89	0	0.00	0	0.0	0.00	0.0	0.000	0.206	-52.3	0	---	-52.4	-52.4	 .0971	0.000	697	1	100.0	30
10/20/20	3:30 a	74.5	75.0	74.5	100	74.5	0.0	E	0.00	2.0	E	74.5	78.2	78.2	77.0	29.831	0.06	0.67	0	0.00	0	0.0	0.00	0.0	0.000	0.198	-52.3	0	---	-52.4	-52.4	 .0971	0.000	702	1	100.0	30
10/20/20	4:00 a	74.5	74.5	74.3	100	74.5	0.0	E	0.00	2.0	E	74.5	78.2	78.2	77.0	29.831	0.00	0.00	0	0.00	0	0.0	0.00	0.0	0.000	0.198	-52.3	0	---	-52.4	-52.4	 .0971	0.000	702	1	100.0	30
10/20/20	4:30 a	74.5	74.7	74.5	100	74.5	0.0	E	0.00	1.0	E	74.5	78.2	78.2	77.0	29.831	0.01	0.00	0	0.00	0	0.0	0.00	0.0	0.000	0.198	-52.3	0	---	-52.4	-52.4	 .0971	0.000	700	1	100.0	30
10/20/20	5:00 a	74.7	74.9	74.5	100	74.7	0.0	E	0.00	2.0	E	74.7	78.4	78.4	77.2	29.831	0.06	0.49	0	0.00	0	0.0	0.00	0.0	0.000	0.202	-52.3	0	---	-52.4	-52.4	 .0971	0.000	698	1	100.0	30
10/20/20	5:30 a	74.8	74.9	74.6	100	74.8	0.0	E	0.00	2.0	E	74.8	78.6	78.6	77.4	29.831	0.02	0.49	0	0.00	0	0.0	0.00	0.0	0.000	0.204	-52.3	0	---	-52.4	-52.4	 .0971	0.000	699	1	100.0	30
10/20/20	6:00 a	75.2	75.2	74.7	100	75.2	0.0	E	0.00	2.0	E	75.2	79.1	79.1	78.3	29.831	0.02	0.00	12	0.52	21	0.0	0.00	0.0	0.000	0.212	-52.3	0	---	-52.4	-52.4	 .0971	0.000	700	1	100.0	30
10/20/20	6:30 a	75.4	75.5	75.0	100	75.4	0.0	E	0.00	3.0	E	75.4	79.4	79.4	79.7	29.831	0.07	0.27	21	0.90	44	0.0	0.00	0.0	0.000	0.217	-52.3	0	---	-52.4	-52.4	 .0971	0.000	700	1	100.0	30
10/20/20	7:00 a	76.2	76.3	75.3	100	76.2	1.0	NNE	0.50	3.0	NNE	76.2	80.7	80.7	84.5	29.831	0.01	0.19	106	4.56	155	0.3	0.06	0.7	0.000	0.233	-52.3	0	---	-52.4	-52.4	 .0971	0.002	702	1	100.0	30
10/20/20	7:30 a	77.1	77.2	76.2	100	77.1	0.0	NNE	0.00	3.0	ENE	77.1	82.4	82.4	88.0	29.831	0.00	0.00	172	7.40	195	1.0	0.21	1.3	0.000	0.252	-52.3	0	---	-52.4	-52.4	 .0971	0.000	700	1	100.0	30
10/20/20	8:00 a	77.8	78.3	77.1	100	77.8	0.0	NNE	0.00	1.0	NNE	77.8	84.0	84.0	90.4	29.831	0.00	0.00	227	9.76	288	1.7	0.36	1.9	0.000	0.267	-52.3	0	---	-52.4	-52.4	 .0971	0.005	698	1	100.0	30
10/20/20	8:30 a	78.2	78.4	77.5	100	78.2	0.0	NNE	0.00	2.0	NNE	78.2	84.9	84.9	92.4	29.831	0.00	0.00	298	12.82	424	2.5	0.54	3.2	0.000	0.275	-52.3	0	---	-52.4	-52.4	 .0971	0.000	696	1	100.0	30
10/20/20	9:00 a	79.3	79.5	78.2	100	79.3	0.0	NNE	0.00	1.0	NNE	79.3	87.6	87.6	93.4	29.831	0.00	0.00	247	10.62	279	2.2	0.47	2.5	0.000	0.298	-52.3	0	---	-52.4	-52.4	 .0971	0.007	702	1	100.0	30
10/20/20	9:30 a	77.6	79.4	77.5	100	77.6	0.0	NNE	0.00	3.0	S	77.6	83.5	83.5	87.7	29.831	0.03	0.26	194	8.34	265	1.8	0.39	2.3	0.000	0.262	-52.3	0	---	-52.4	-52.4	 .0971	0.000	701	1	100.0	30
10/20/20	10:00 a	73.9	77.6	73.9	100	73.9	0.0	S	0.00	3.0	NW	73.9	77.5	77.5	78.0	29.831	0.80	4.20	56	2.41	81	0.5	0.11	1.0	0.000	0.185	-52.3	0	---	-52.4	-52.4	 .0971	0.003	701	1	100.0	30
10/20/20	10:30 a	73.9	74.0	73.5	100	73.9	1.0	NNW	0.50	3.0	NNE	73.9	77.5	77.5	78.2	29.831	0.57	2.82	66	2.84	90	0.7	0.15	1.1	0.000	0.185	-52.3	0	---	-52.4	-52.4	 .0971	0.000	703	1	100.0	30
10/20/20	11:00 a	74.5	74.6	73.9	100	74.5	0.0	NNW	0.00	2.0	NNW	74.5	78.2	78.2	79.8	29.831	0.08	0.36	100	4.30	118	1.3	0.28	1.5	0.000	0.198	-52.3	0	---	-52.4	-52.4	 .0971	0.002	699	1	100.0	30
10/20/20	11:30 a	75.1	75.4	74.5	100	75.1	1.0	N	0.50	3.0	N	75.1	78.9	78.9	82.3	29.831	0.06	0.29	171	7.35	255	2.0	0.43	2.5	0.000	0.210	-52.3	0	---	-52.4	-52.4	 .0971	0.000	699	1	100.0	30
10/20/20	12:00 p	76.0	76.0	74.9	100	76.0	1.0	N	0.50	2.0	N	76.0	80.3	80.3	84.0	29.831	0.02	0.13	183	7.87	287	2.1	0.45	3.0	0.000	0.229	-52.3	0	---	-52.4	-52.4	 .0971	0.004	701	1	100.0	30
10/20/20	12:30 p	76.2	76.2	75.2	100	76.2	1.0	NNE	0.50	5.0	N	76.2	80.7	80.7	85.4	29.831	0.17	1.52	226	9.72	381	2.4	0.51	3.6	0.000	0.233	-52.3	0	---	-52.4	-52.4	 .0971	0.000	698	1	100.0	30
10/20/20	1:00 p	75.9	76.7	75.5	100	75.9	1.0	N	0.50	5.0	NNW	75.9	80.2	80.2	85.7	29.831	0.03	0.26	261	11.22	388	2.5	0.54	3.7	0.000	0.227	-52.3	0	---	-52.4	-52.4	 .0971	0.006	701	1	100.0	30
10/20/20	1:30 p	74.7	75.9	74.7	100	74.7	0.0	NNW	0.00	2.0	N	74.7	78.4	78.4	78.3	29.831	0.42	1.77	32	1.38	74	0.1	0.02	0.9	0.000	0.202	-52.3	0	---	-52.4	-52.4	 .0971	0.000	702	1	100.0	30
10/20/20	2:00 p	73.7	74.6	73.5	100	73.7	1.0	SE	0.50	4.0	S	73.7	77.3	77.3	76.8	29.831	0.51	3.27	15	0.65	28	0.0	0.00	0.0	0.000	0.181	-52.3	0	---	-52.4	-52.4	 .0971	0.001	701	1	100.0	30
10/20/20	2:30 p	74.2	74.2	73.7	100	74.2	0.0	SE	0.00	1.0	SE	74.2	77.8	77.8	77.7	29.831	0.07	0.95	30	1.29	53	0.0	0.00	0.0	0.000	0.192	-52.3	0	---	-52.4	-52.4	 .0971	0.000	702	1	100.0	30
10/20/20	3:00 p	74.5	74.6	74.2	100	74.5	0.0	SE	0.00	2.0	SE	74.5	78.2	78.2	78.4	29.831	0.11	0.60	37	1.59	49	0.0	0.00	0.0	0.000	0.198	-52.3	0	---	-52.4	-52.4	 .0971	0.001	703	1	100.0	30
10/20/20	3:30 p	74.5	74.6	74.4	100	74.5	1.0	NNE	0.50	3.0	NNE	74.5	78.2	78.2	78.4	29.831	0.09	0.78	31	1.33	47	0.0	0.00	0.0	0.000	0.198	-52.3	0	---	-52.4	-52.4	 .0971	0.000	699	1	100.0	30
10/20/20	4:00 p	74.3	74.5	74.1	100	74.3	0.0	NNE	0.00	2.0	NNE	74.3	78.0	78.0	78.2	29.831	0.05	0.34	28	1.20	32	0.0	0.00	0.0	0.000	0.194	-52.3	0	---	-52.4	-52.4	 .0971	0.001	701	1	100.0	30
10/20/20	4:30 p	74.4	74.4	74.1	100	74.4	0.0	N	0.00	3.0	N	74.4	78.1	78.1	78.1	29.831	0.08	0.26	20	0.86	30	0.0	0.00	0.0	0.000	0.196	-52.3	0	---	-52.4	-52.4	 .0971	0.000	699	1	100.0	30
10/20/20	5:00 p	74.2	74.4	74.1	100	74.2	0.0	N	0.00	2.0	N	74.2	77.8	77.8	77.3	29.831	0.08	0.38	6	0.26	11	0.0	0.00	0.0	0.000	0.192	-52.3	0	---	-52.4	-52.4	 .0971	0.000	699	1	100.0	30
10/20/20	5:30 p	74.1	74.2	74.0	100	74.1	1.0	NNE	0.50	3.0	NNE	74.1	77.7	77.7	76.6	29.831	0.26	1.11	1	0.04	9	0.0	0.00	0.0	0.000	0.190	-52.3	0	---	-52.4	-52.4	 .0971	0.000	697	1	100.0	30
10/20/20	6:00 p	74.2	74.4	74.1	100	74.2	1.0	E	0.50	2.0	E	74.2	77.8	77.8	76.7	29.831	0.04	0.24	0	0.00	0	0.0	0.00	0.0	0.000	0.192	-52.3	0	---	-52.4	-52.4	 .0971	0.000	699	1	100.0	30
10/20/20	6:30 p	74.5	74.5	74.2	100	74.5	1.0	E	0.50	4.0	SSE	74.5	78.2	78.2	77.1	29.831	0.35	2.76	0	0.00	0	0.0	0.00	0.0	0.000	0.198	-52.3	0	---	-52.4	-52.4	 .0971	0.000	701	1	100.0	30
10/20/20	7:00 p	74.5	74.6	74.4	100	74.5	0.0	SSW	0.00	2.0	SSW	74.5	78.2	78.2	77.1	29.831	0.40	1.92	0	0.00	0	0.0	0.00	0.0	0.000	0.198	-52.3	0	---	-52.4	-52.4	 .0971	0.000	699	1	100.0	30
10/20/20	7:30 p	74.1	74.5	74.0	100	74.1	0.0	SSW	0.00	2.0	SSW	74.1	77.7	77.7	76.6	29.831	0.47	1.95	0	0.00	0	0.0	0.00	0.0	0.000	0.190	-52.3	0	---	-52.4	-52.4	 .0971	0.000	701	1	100.0	30
10/20/20	8:00 p	74.1	74.2	74.0	100	74.1	0.0	SSW	0.00	2.0	SSW	74.1	77.7	77.7	76.6	29.831	0.06	0.49	0	0.00	0	0.0	0.00	0.0	0.000	0.190	-52.3	0	---	-52.4	-52.4	 .0971	0.000	700	1	100.0	30
10/20/20	8:30 p	74.3	74.4	74.1	100	74.3	0.0	ENE	0.00	2.0	NW	74.3	78.0	78.0	76.9	29.831	0.09	0.58	0	0.00	0	0.0	0.00	0.0	0.000	0.194	-52.3	0	---	-52.4	-52.4	 .0971	0.000	701	1	100.0	30
10/20/20	9:00 p	74.4	74.5	74.2	100	74.4	0.0	SSW	0.00	3.0	ENE	74.4	78.1	78.1	77.0	29.831	0.16	0.90	0	0.00	0	0.0	0.00	0.0	0.000	0.196	-52.3	0	---	-52.4	-52.4	 .0971	0.000	701	1	100.0	30
10/20/20	9:30 p	74.0	74.4	74.0	100	74.0	1.0	N	0.50	5.0	NW	74.0	77.6	77.6	76.5	29.831	0.08	0.95	0	0.00	0	0.0	0.00	0.0	0.000	0.188	-52.3	0	---	-52.4	-52.4	 .0971	0.000	702	1	100.0	30
10/20/20	10:00 p	73.7	74.0	73.7	100	73.7	1.0	WSW	0.50	4.0	ENE	73.7	77.3	77.3	76.1	29.831	0.18	2.26	0	0.00	0	0.0	0.00	0.0	0.000	0.181	-52.3	0	---	-52.4	-52.4	 .0971	0.000	701	1	100.0	30
10/20/20	10:30 p	73.6	73.8	73.5	100	73.6	1.0	NNW	0.50	2.0	NE	73.6	77.2	77.2	76.0	29.831	0.14	1.97	0	0.00	0	0.0	0.00	0.0	0.000	0.179	-52.3	0	---	-52.4	-52.4	 .0971	0.000	702	1	100.0	30
10/20/20	11:00 p	73.9	73.9	73.5	100	73.9	0.0	NNW	0.00	3.0	NNW	73.9	77.5	77.5	76.3	29.831	0.03	0.80	0	0.00	0	0.0	0.00	0.0	0.000	0.185	-52.3	0	---	-52.4	-52.4	 .0971	0.000	703	1	100.0	30
10/20/20	11:30 p	73.5	73.9	73.5	100	73.5	1.0	NNE	0.50	4.0	NNE	73.5	77.1	77.1	75.9	29.831	0.03	0.35	0	0.00	0	0.0	0.00	0.0	0.000	0.177	-52.3	0	---	-52.4	-52.4	 .0971	0.000	698	1	100.0	30
10/21/20	12:00 a	73.7	73.7	73.4	100	73.7	1.0	NE	0.50	5.0	ENE	73.7	77.3	77.3	76.1	29.831	0.01	0.04	0	0.00	0	0.0	0.00	0.0	0.000	0.181	-52.3	0	---	-52.4	-52.4	 .0971	0.000	701	1	100.0	30
10/21/20	12:30 a	73.9	74.0	73.7	100	73.9	0.0	NE	0.00	2.0	NE	73.9	77.5	77.5	76.3	29.831	0.01	0.00	0	0.00	0	0.0	0.00	0.0	0.000	0.185	-52.3	0	---	-52.4	-52.4	 .0971	0.000	699	1	100.0	30
10/21/20	1:00 a	73.9	74.0	73.9	100	73.9	1.0	ESE	0.50	3.0	NNW	73.9	77.5	77.5	76.3	29.831	0.06	0.83	0	0.00	0	0.0	0.00	0.0	0.000	0.185	-52.3	0	---	-52.4	-52.4	 .0971	0.000	702	1	100.0	30
10/21/20	1:30 a	74.0	74.0	73.7	100	74.0	1.0	NNW	0.50	5.0	NE	74.0	77.6	77.6	76.5	29.831	0.26	1.69	0	0.00	0	0.0	0.00	0.0	0.000	0.188	-52.3	0	---	-52.4	-52.4	 .0971	0.000	700	1	100.0	30
10/21/20	2:00 a	74.0	74.1	73.9	100	74.0	0.0	SSE	0.00	2.0	SSE	74.0	77.6	77.6	76.5	29.831	0.05	0.53	0	0.00	0	0.0	0.00	0.0	0.000	0.188	-52.3	0	---	-52.4	-52.4	 .0971	0.000	701	1	100.0	30
10/21/20	2:30 a	74.2	74.2	74.0	100	74.2	0.0	SSE	0.00	2.0	SSE	74.2	77.8	77.8	76.7	29.831	0.02	0.06	0	0.00	0	0.0	0.00	0.0	0.000	0.192	-52.3	0	---	-52.4	-52.4	 .0971	0.000	700	1	100.0	30
10/21/20	3:00 a	74.1	74.2	74.1	100	74.1	0.0	ENE	0.00	3.0	ENE	74.1	77.7	77.7	76.6	29.831	0.14	3.16	0	0.00	0	0.0	0.00	0.0	0.000	0.190	-52.3	0	---	-52.4	-52.4	 .0971	0.000	700	1	100.0	30
10/21/20	3:30 a	74.4	74.4	74.1	100	74.4	1.0	ESE	0.50	5.0	S	74.4	78.1	78.1	77.0	29.831	0.12	1.73	0	0.00	0	0.0	0.00	0.0	0.000	0.196	-52.3	0	---	-52.4	-52.4	 .0971	0.000	699	1	100.0	30
10/21/20	4:00 a	74.6	74.6	74.3	100	74.6	1.0	ESE	0.50	5.0	SE	74.6	78.3	78.3	77.2	29.831	0.16	1.86	0	0.00	0	0.0	0.00	0.0	0.000	0.200	-52.3	0	---	-52.4	-52.4	 .0971	0.000	700	1	100.0	30
10/21/20	4:30 a	74.8	74.8	74.5	100	74.8	1.0	N	0.50	3.0	N	74.8	78.6	78.6	77.5	29.831	0.14	1.61	0	0.00	0	0.0	0.00	0.0	0.000	0.204	-52.3	0	---	-52.4	-52.4	 .0971	0.000	701	1	100.0	30
10/21/20	5:00 a	74.9	75.0	74.7	100	74.9	1.0	NE	0.50	3.0	NNE	74.9	78.7	78.7	77.6	29.831	0.09	2.61	0	0.00	0	0.0	0.00	0.0	0.000	0.206	-52.3	0	---	-52.4	-52.4	 .0971	0.000	700	1	100.0	30
10/21/20	5:30 a	75.2	75.5	74.9	100	75.2	1.0	NE	0.50	4.0	NNE	75.2	79.1	79.1	78.0	29.831	0.06	3.56	0	0.00	0	0.0	0.00	0.0	0.000	0.212	-52.3	0	---	-52.4	-52.4	 .0971	0.000	698	1	100.0	30
10/21/20	6:00 a	75.4	75.5	75.2	100	75.4	0.0	NE	0.00	3.0	NE	75.4	79.4	79.4	78.4	29.831	0.00	0.00	4	0.17	11	0.0	0.00	0.0	0.000	0.217	-52.3	0	---	-52.4	-52.4	 .0971	0.000	697	1	100.0	30
10/21/20	6:30 a	75.7	75.8	75.4	100	75.7	0.0	NE	0.00	2.0	NE	75.7	79.8	79.8	79.9	29.831	0.01	0.00	17	0.73	46	0.0	0.00	0.0	0.000	0.223	-52.3	0	---	-52.4	-52.4	 .0971	0.000	702	1	100.0	30
10/21/20	7:00 a	76.4	76.4	75.7	100	76.4	0.0	NE	0.00	2.0	NE	76.4	81.1	81.1	83.0	29.831	0.00	0.00	60	2.58	81	0.0	0.00	0.0	0.000	0.238	-52.3	0	---	-52.4	-52.4	 .0971	0.001	701	1	100.0	30
10/21/20	7:30 a	76.5	76.7	76.0	100	76.5	1.0	NE	0.50	10.0	SSE	76.5	81.3	81.3	83.1	29.831	0.16	3.79	68	2.92	95	0.1	0.02	0.5	0.000	0.240	-52.3	0	---	-52.4	-52.4	 .0971	0.000	699	1	100.0	30
10/21/20	8:00 a	77.0	77.0	76.4	100	77.0	1.0	NNE	0.50	4.0	NE	77.0	82.2	82.2	84.2	29.831	0.01	0.18	82	3.53	176	0.3	0.06	1.1	0.000	0.250	-52.3	0	---	-52.4	-52.4	 .0971	0.002	698	1	100.0	30
10/21/20	8:30 a	76.0	76.9	76.0	100	76.0	1.0	NW	0.50	7.0	SSW	76.0	80.3	80.3	81.1	29.831	0.22	3.45	53	2.28	83	0.2	0.04	0.7	0.000	0.229	-52.3	0	---	-52.4	-52.4	 .0971	0.000	700	1	100.0	30
10/21/20	9:00 a	75.0	76.0	75.0	100	75.0	1.0	WNW	0.50	4.0	NNW	75.0	78.8	78.8	80.0	29.831	0.06	1.32	77	3.31	100	0.6	0.13	0.9	0.000	0.208	-52.3	0	---	-52.4	-52.4	 .0971	0.002	701	1	100.0	30
10/21/20	9:30 a	75.2	75.5	74.9	100	75.2	2.0	N	1.00	8.0	SE	75.2	79.1	79.1	80.5	29.831	0.06	1.48	87	3.74	121	0.8	0.17	1.2	0.000	0.212	-52.3	0	---	-52.4	-52.4	 .0971	0.000	701	1	100.0	30
10/21/20	10:00 a	74.6	75.5	74.6	100	74.6	2.0	NNE	1.00	9.0	N	74.6	78.3	78.3	78.7	29.831	0.92	4.92	51	2.19	109	0.2	0.04	1.2	0.000	0.200	-52.3	0	---	-52.4	-52.4	 .0971	0.002	697	1	100.0	30
10/21/20	10:30 a	74.5	74.7	74.4	100	74.5	1.0	NNW	0.50	4.0	NNW	74.5	78.2	78.2	78.1	29.831	0.72	3.47	33	1.42	39	0.0	0.00	0.0	0.000	0.198	-52.3	0	---	-52.4	-52.4	 .0971	0.000	701	1	100.0	30
10/21/20	11:00 a	74.9	75.0	74.4	100	74.9	1.0	NW	0.50	3.0	NNW	74.9	78.7	78.7	78.8	29.831	0.17	2.20	42	1.81	62	0.1	0.02	0.6	0.000	0.206	-52.3	0	---	-52.4	-52.4	 .0971	0.001	701	1	100.0	30
10/21/20	11:30 a	75.2	75.5	74.9	100	75.2	0.0	SSE	0.00	2.0	SSE	75.2	79.1	79.1	79.7	29.831	0.02	0.13	60	2.58	79	0.5	0.11	0.8	0.000	0.212	-52.3	0	---	-52.4	-52.4	 .0971	0.000	699	1	100.0	30
10/21/20	12:00 p	75.2	75.6	74.9	100	75.2	1.0	NW	0.50	7.0	NW	75.2	79.1	79.1	80.7	29.831	0.00	0.00	98	4.21	134	1.0	0.21	1.4	0.000	0.212	-52.3	0	---	-52.4	-52.4	 .0971	0.002	701	1	100.0	30
10/21/20	12:30 p	75.3	75.3	74.6	100	75.3	1.0	NW	0.50	4.0	N	75.3	79.3	79.3	80.1	29.831	0.14	2.48	68	2.92	95	0.6	0.13	1.0	0.000	0.215	-52.3	0	---	-52.4	-52.4	 .0971	0.000	698	1	100.0	30
10/21/20	1:00 p	75.1	75.5	74.7	100	75.1	1.0	NNE	0.50	5.0	WNW	75.1	78.9	78.9	79.7	29.831	0.16	1.08	67	2.88	88	0.6	0.13	0.9	0.000	0.210	-52.3	0	---	-52.4	-52.4	 .0971	0.002	702	1	100.0	30
10/21/20	1:30 p	75.3	75.4	75.0	100	75.3	0.0	NNE	0.00	1.0	NNE	75.3	79.3	79.3	79.7	29.831	0.20	1.03	50	2.15	63	0.0	0.00	0.7	0.000	0.215	-52.3	0	---	-52.4	-52.4	 .0971	0.000	701	1	100.0	30
10/21/20	2:00 p	75.6	75.7	74.9	100	75.6	0.0	N	0.00	3.0	NNE	75.6	79.7	79.7	81.0	29.831	0.19	1.46	84	3.61	111	0.7	0.15	0.9	0.000	0.221	-52.3	0	---	-52.4	-52.4	 .0971	0.002	701	1	100.0	30
10/21/20	2:30 p	76.0	76.4	75.6	100	76.0	0.0	N	0.00	3.0	N	76.0	80.3	80.3	83.7	29.831	0.00	0.00	155	6.67	181	1.2	0.26	1.4	0.000	0.229	-52.3	0	---	-52.4	-52.4	 .0971	0.000	701	1	100.0	30
10/21/20	3:00 p	76.3	76.5	75.8	100	76.3	0.0	SE	0.00	2.0	SE	76.3	80.9	80.9	83.1	29.831	0.00	0.00	102	4.39	144	0.7	0.15	1.0	0.000	0.235	-52.3	0	---	-52.4	-52.4	 .0971	0.003	700	1	100.0	30
10/21/20	3:30 p	76.4	76.5	75.8	100	76.4	0.0	ESE	0.00	2.0	ESE	76.4	81.1	81.1	83.2	29.831	0.02	0.08	86	3.70	105	0.4	0.09	0.5	0.000	0.238	-52.3	0	---	-52.4	-52.4	 .0971	0.000	699	1	100.0	30
10/21/20	4:00 p	75.9	76.6	75.8	100	75.9	0.0	ESE	0.00	1.0	ESE	75.9	80.2	80.2	80.8	29.831	0.00	0.00	38	1.63	86	0.0	0.00	0.0	0.000	0.227	-52.3	0	---	-52.4	-52.4	 .0971	0.001	698	1	100.0	30
10/21/20	4:30 p	75.5	75.9	75.5	100	75.5	0.0	ESE	0.00	1.0	ESE	75.5	79.6	79.6	78.9	29.831	0.03	0.18	4	0.17	12	0.0	0.00	0.0	0.000	0.219	-52.3	0	---	-52.4	-52.4	 .0971	0.000	701	1	100.0	30
10/21/20	5:00 p	75.0	75.6	74.9	100	75.0	0.0	ESE	0.00	2.0	ESE	75.0	78.8	78.8	78.0	29.831	0.05	0.23	0	0.00	0	0.0	0.00	0.0	0.000	0.208	-52.3	0	---	-52.4	-52.4	 .0971	0.000	701	1	100.0	30
10/21/20	5:30 p	75.0	75.1	74.9	100	75.0	0.0	ESE	0.00	1.0	ESE	75.0	78.8	78.8	77.7	29.831	0.08	0.26	0	0.00	0	0.0	0.00	0.0	0.000	0.208	-52.3	0	---	-52.4	-52.4	 .0971	0.000	703	1	100.0	30
10/21/20	6:00 p	74.9	75.1	74.8	100	74.9	0.0	ESE	0.00	1.0	ESE	74.9	78.7	78.7	77.6	29.831	0.03	0.25	0	0.00	0	0.0	0.00	0.0	0.000	0.206	-52.3	0	---	-52.4	-52.4	 .0971	0.000	701	1	100.0	30
10/21/20	6:30 p	74.5	74.8	74.5	100	74.5	0.0	---	0.00	0.0	---	74.5	78.2	78.2	77.1	29.831	0.01	0.04	0	0.00	0	0.0	0.00	0.0	0.000	0.198	-52.3	0	---	-52.4	-52.4	 .0971	0.000	700	1	100.0	30
10/21/20	7:00 p	74.5	74.6	74.4	100	74.5	0.0	---	0.00	0.0	---	74.5	78.2	78.2	77.1	29.831	0.00	0.00	0	0.00	0	0.0	0.00	0.0	0.000	0.198	-52.3	0	---	-52.4	-52.4	 .0971	0.000	698	1	100.0	30
10/21/20	7:30 p	74.1	74.4	74.1	100	74.1	0.0	---	0.00	0.0	---	74.1	77.7	77.7	76.6	29.831	0.00	0.00	0	0.00	0	0.0	0.00	0.0	0.000	0.190	-52.3	0	---	-52.4	-52.4	 .0971	0.000	700	1	100.0	30
10/21/20	8:00 p	74.2	74.2	74.0	100	74.2	0.0	---	0.00	0.0	---	74.2	77.8	77.8	76.7	29.831	0.00	0.00	0	0.00	0	0.0	0.00	0.0	0.000	0.192	-52.3	0	---	-52.4	-52.4	 .0971	0.000	700	1	100.0	30
10/21/20	8:30 p	74.3	74.4	74.2	100	74.3	0.0	---	0.00	0.0	---	74.3	78.0	78.0	76.9	29.831	0.00	0.00	0	0.00	0	0.0	0.00	0.0	0.000	0.194	-52.3	0	---	-52.4	-52.4	 .0971	0.000	698	1	100.0	30
10/21/20	9:00 p	74.5	74.6	74.3	100	74.5	0.0	---	0.00	0.0	---	74.5	78.2	78.2	77.1	29.831	0.00	0.00	0	0.00	0	0.0	0.00	0.0	0.000	0.198	-52.3	0	---	-52.4	-52.4	 .0971	0.000	699	1	100.0	30
10/21/20	9:30 p	74.5	74.6	74.4	100	74.5	0.0	---	0.00	0.0	---	74.5	78.2	78.2	77.1	29.831	0.00	0.00	0	0.00	0	0.0	0.00	0.0	0.000	0.198	-52.3	0	---	-52.4	-52.4	 .0971	0.000	702	1	100.0	30
10/21/20	10:00 p	74.5	74.6	74.3	100	74.5	0.0	---	0.00	0.0	---	74.5	78.2	78.2	77.1	29.831	0.00	0.00	0	0.00	0	0.0	0.00	0.0	0.000	0.198	-52.3	0	---	-52.4	-52.4	 .0971	0.000	701	1	100.0	30
10/21/20	10:30 p	74.6	74.7	74.5	100	74.6	0.0	---	0.00	0.0	---	74.6	78.3	78.3	77.2	29.831	0.00	0.00	0	0.00	0	0.0	0.00	0.0	0.000	0.200	-52.3	0	---	-52.4	-52.4	 .0971	0.000	701	1	100.0	30
10/21/20	11:00 p	74.4	74.6	74.3	100	74.4	0.0	---	0.00	0.0	---	74.4	78.1	78.1	77.0	29.831	0.00	0.00	0	0.00	0	0.0	0.00	0.0	0.000	0.196	-52.3	0	---	-52.4	-52.4	 .0971	0.000	698	1	100.0	30
10/21/20	11:30 p	74.3	74.5	74.3	100	74.3	0.0	---	0.00	0.0	---	74.3	78.0	78.0	76.9	29.831	0.00	0.00	0	0.00	0	0.0	0.00	0.0	0.000	0.194	-52.3	0	---	-52.4	-52.4	 .0971	0.000	699	1	100.0	30
10/22/20	12:00 a	74.2	74.3	73.9	100	74.2	0.0	---	0.00	0.0	---	74.2	77.8	77.8	76.7	29.831	0.00	0.00	0	0.00	0	0.0	0.00	0.0	0.000	0.192	-52.3	0	---	-52.4	-52.4	 .0971	0.000	703	1	100.0	30
10/22/20	12:30 a	74.3	74.3	74.1	100	74.3	0.0	---	0.00	0.0	---	74.3	78.0	78.0	76.9	29.831	0.00	0.00	0	0.00	0	0.0	0.00	0.0	0.000	0.194	-52.3	0	---	-52.4	-52.4	 .0971	0.000	700	1	100.0	30
10/22/20	1:00 a	74.4	74.5	74.2	100	74.4	0.0	---	0.00	0.0	---	74.4	78.1	78.1	77.0	29.831	0.00	0.00	0	0.00	0	0.0	0.00	0.0	0.000	0.196	-52.3	0	---	-52.4	-52.4	 .0971	0.000	701	1	100.0	30
10/22/20	1:30 a	73.9	74.4	73.9	100	73.9	0.0	---	0.00	0.0	---	73.9	77.5	77.5	76.3	29.831	0.00	0.00	0	0.00	0	0.0	0.00	0.0	0.000	0.185	-52.3	0	---	-52.4	-52.4	 .0971	0.000	697	1	100.0	30
10/22/20	2:00 a	73.3	73.9	73.3	100	73.3	0.0	---	0.00	0.0	---	73.3	76.9	76.9	75.7	29.831	0.00	0.00	0	0.00	0	0.0	0.00	0.0	0.000	0.173	-52.3	0	---	-52.4	-52.4	 .0971	0.000	701	1	100.0	30
10/22/20	2:30 a	73.1	73.4	73.0	100	73.1	0.0	---	0.00	0.0	---	73.1	76.7	76.7	75.5	29.831	0.00	0.00	0	0.00	0	0.0	0.00	0.0	0.000	0.169	-52.3	0	---	-52.4	-52.4	 .0971	0.000	698	1	100.0	30
10/22/20	3:00 a	72.8	73.1	72.8	100	72.8	0.0	---	0.00	0.0	---	72.8	76.4	76.4	75.2	29.831	0.00	0.00	0	0.00	0	0.0	0.00	0.0	0.000	0.163	-52.3	0	---	-52.4	-52.4	 .0971	0.000	699	1	100.0	30
10/22/20	3:30 a	72.6	72.9	72.6	100	72.6	0.0	---	0.00	0.0	---	72.6	76.2	76.2	75.0	29.831	0.00	0.00	0	0.00	0	0.0	0.00	0.0	0.000	0.158	-52.3	0	---	-52.4	-52.4	 .0971	0.000	699	1	100.0	30
10/22/20	4:00 a	72.7	72.7	72.4	100	72.7	0.0	---	0.00	0.0	---	72.7	76.3	76.3	75.1	29.831	0.00	0.00	0	0.00	0	0.0	0.00	0.0	0.000	0.160	-52.3	0	---	-52.4	-52.4	 .0971	0.000	702	1	100.0	30
10/22/20	4:30 a	72.6	72.7	72.4	100	72.6	0.0	---	0.00	0.0	---	72.6	76.2	76.2	75.0	29.831	0.00	0.00	0	0.00	0	0.0	0.00	0.0	0.000	0.158	-52.3	0	---	-52.4	-52.4	 .0971	0.000	702	1	100.0	30
10/22/20	5:00 a	72.7	72.9	72.5	100	72.7	0.0	---	0.00	0.0	---	72.7	76.3	76.3	75.1	29.831	0.00	0.00	0	0.00	0	0.0	0.00	0.0	0.000	0.160	-52.3	0	---	-52.4	-52.4	 .0971	0.000	701	1	100.0	30
10/22/20	5:30 a	72.8	72.8	72.6	100	72.8	0.0	---	0.00	0.0	---	72.8	76.4	76.4	75.2	29.831	0.00	0.00	0	0.00	5	0.0	0.00	0.0	0.000	0.163	-52.3	0	---	-52.4	-52.4	 .0971	0.000	698	1	100.0	30
10/22/20	6:00 a	73.3	73.3	72.8	100	73.3	0.0	---	0.00	0.0	---	73.3	76.9	76.9	76.1	29.831	0.00	0.00	13	0.56	25	0.0	0.00	0.0	0.000	0.173	-52.3	0	---	-52.4	-52.4	 .0971	0.000	701	1	100.0	30
10/22/20	6:30 a	74.2	74.2	73.3	100	74.2	0.0	---	0.00	0.0	---	74.2	77.8	77.8	79.2	29.831	0.00	0.00	44	1.89	72	0.0	0.00	0.0	0.000	0.192	-52.3	0	---	-52.4	-52.4	 .0971	0.000	700	1	100.0	30
10/22/20	7:00 a	75.0	75.0	74.2	100	75.0	0.0	---	0.00	0.0	---	75.0	78.8	78.8	80.9	29.831	0.00	0.00	64	2.75	74	0.4	0.09	0.7	0.000	0.208	-52.3	0	---	-52.4	-52.4	 .0971	0.001	699	1	100.0	30
10/22/20	7:30 a	75.6	75.6	75.0	100	75.6	0.0	---	0.00	0.0	---	75.6	79.7	79.7	81.4	29.831	0.00	0.00	67	2.88	81	0.9	0.19	1.1	0.000	0.221	-52.3	0	---	-52.4	-52.4	 .0971	0.000	699	1	100.0	30
10/22/20	8:00 a	76.6	76.6	75.6	100	76.6	0.0	---	0.00	0.0	---	76.6	81.4	81.4	83.1	29.831	0.00	0.00	75	3.23	137	1.4	0.30	1.7	0.000	0.242	-52.3	0	---	-52.4	-52.4	 .0971	0.002	699	1	100.0	30
10/22/20	8:30 a	77.5	77.9	76.3	100	77.5	1.0	SE	0.50	3.0	SSE	77.5	83.3	83.3	89.6	29.831	0.00	0.00	248	10.67	663	2.3	0.49	3.6	0.000	0.260	-52.3	0	---	-52.4	-52.4	 .0971	0.000	703	1	100.0	30
10/22/20	9:00 a	78.9	79.0	77.3	100	78.9	1.0	S	0.50	5.0	SSW	78.9	86.6	86.6	98.7	29.831	0.00	0.00	741	31.87	803	4.6	0.99	5.5	0.000	0.290	-52.3	0	---	-52.4	-52.4	 .0971	0.012	700	1	100.0	30
10/22/20	9:30 a	81.0	81.1	78.7	100	81.0	1.0	SSW	0.50	5.0	SSW	81.0	92.5	92.5	104.4	29.831	0.00	0.00	815	35.05	868	6.1	1.31	6.9	0.000	0.333	-52.3	0	---	-52.4	-52.4	 .0971	0.000	702	1	100.0	30
10/22/20	10:00 a	82.1	82.1	80.9	100	82.1	2.0	S	1.00	7.0	WSW	82.1	96.0	96.0	108.0	29.831	0.00	0.00	903	38.83	949	7.6	1.63	8.1	0.000	0.356	-52.3	0	---	-52.4	-52.4	 .0971	0.021	702	1	100.0	30
10/22/20	10:30 a	82.8	83.4	82.0	100	82.8	2.0	S	1.00	6.0	SSE	82.8	98.5	98.5	110.1	29.831	0.00	0.00	952	40.94	1049	8.6	1.84	9.2	0.000	0.371	-52.3	0	---	-52.4	-52.4	 .0971	0.000	699	1	100.0	30
10/22/20	11:00 a	83.1	83.5	82.5	100	83.1	2.0	SSE	1.00	7.0	S	83.1	99.6	99.6	111.5	29.831	0.00	0.00	958	41.20	1037	9.1	1.95	9.6	0.000	0.377	-52.3	0	---	-52.4	-52.4	 .0971	0.024	702	1	100.0	30
10/22/20	11:30 a	83.4	83.8	82.7	100	83.4	2.0	SSW	1.00	5.0	SSW	83.4	100.8	100.8	113.9	29.831	0.00	0.00	908	39.05	1005	9.0	1.93	9.6	0.000	0.383	-52.3	0	---	-52.4	-52.4	 .0971	0.000	699	1	100.0	30
10/22/20	12:00 p	82.9	83.7	82.6	100	82.9	2.0	SSW	1.00	6.0	W	82.9	98.9	98.9	112.2	29.831	0.00	0.00	845	36.34	944	8.5	1.82	9.1	0.000	0.373	-52.3	0	---	-52.4	-52.4	 .0971	0.022	700	1	100.0	30
10/22/20	12:30 p	83.5	84.0	82.8	100	83.5	2.0	S	1.00	7.0	SE	83.5	101.1	101.1	113.0	29.831	0.00	0.00	954	41.03	1046	8.8	1.89	9.4	0.000	0.385	-52.3	0	---	-52.4	-52.4	 .0971	0.000	702	1	100.0	30
10/22/20	1:00 p	84.5	85.2	83.3	100	84.5	2.0	SE	1.00	5.0	SE	84.5	105.3	105.3	117.3	29.831	0.00	0.00	966	41.54	1049	8.2	1.76	8.9	0.000	0.406	-52.3	0	---	-52.4	-52.4	 .0971	0.024	699	1	100.0	30
10/22/20	1:30 p	84.8	84.8	83.3	100	84.8	1.0	SE	0.50	6.0	ESE	84.8	106.7	106.7	118.5	29.831	0.00	0.00	875	37.63	963	6.7	1.44	7.1	0.000	0.413	-52.3	0	---	-52.4	-52.4	 .0971	0.000	698	1	100.0	30
10/22/20	2:00 p	84.1	84.9	83.8	100	84.1	2.0	ESE	1.00	8.0	ESE	84.1	103.5	103.5	116.9	29.831	0.00	0.00	889	38.23	926	5.6	1.20	6.4	0.000	0.398	-52.3	0	---	-52.4	-52.4	 .0971	0.022	702	1	100.0	30
10/22/20	2:30 p	83.5	84.7	83.3	100	83.5	2.0	SE	1.00	8.0	SE	83.5	101.1	101.1	113.3	29.831	0.00	0.00	718	30.88	858	3.9	0.84	4.8	0.000	0.385	-52.3	0	---	-52.4	-52.4	 .0971	0.000	701	1	100.0	30
10/22/20	3:00 p	83.2	83.8	82.8	100	83.2	2.0	SE	1.00	8.0	SSE	83.2	100.0	100.0	112.3	29.831	0.00	0.00	555	23.87	677	2.5	0.54	3.2	0.000	0.379	-52.3	0	---	-52.4	-52.4	 .0971	0.016	699	1	100.0	30
10/22/20	3:30 p	81.8	83.3	81.8	100	81.8	2.0	SE	1.00	9.0	ESE	81.8	95.1	95.1	105.8	29.831	0.00	0.00	393	16.90	621	1.5	0.32	2.2	0.000	0.350	-52.3	0	---	-52.4	-52.4	 .0971	0.000	702	1	100.0	30
10/22/20	4:00 p	81.8	82.0	81.5	100	81.8	1.0	SE	0.50	7.0	ESE	81.8	95.1	95.1	101.8	29.831	0.00	0.00	198	8.52	424	0.6	0.13	0.8	0.000	0.350	-52.3	0	---	-52.4	-52.4	 .0971	0.007	700	1	100.0	30
10/22/20	4:30 p	80.7	81.8	80.7	100	80.7	2.0	SE	1.00	8.0	SSE	80.7	91.6	91.6	95.9	29.831	0.00	0.00	112	4.82	199	0.0	0.00	0.0	0.000	0.327	-52.3	0	---	-52.4	-52.4	 .0971	0.000	699	1	100.0	30
10/22/20	5:00 p	80.1	80.7	79.9	100	80.1	1.0	SE	0.50	3.0	SSE	80.1	89.9	89.9	90.8	29.831	0.00	0.00	29	1.25	60	0.0	0.00	0.0	0.000	0.315	-52.3	0	---	-52.4	-52.4	 .0971	0.002	700	1	100.0	30
10/22/20	5:30 p	79.3	80.2	79.3	100	79.3	0.0	SE	0.00	2.0	SE	79.3	87.6	87.6	86.7	29.831	0.00	0.00	3	0.13	19	0.0	0.00	0.0	0.000	0.298	-52.3	0	---	-52.4	-52.4	 .0971	0.000	702	1	100.0	30
10/22/20	6:00 p	78.9	79.3	78.8	100	78.9	0.0	S	0.00	4.0	S	78.9	86.6	86.6	85.6	29.831	0.00	0.00	0	0.00	0	0.0	0.00	0.0	0.000	0.290	-52.3	0	---	-52.4	-52.4	 .0971	0.000	701	1	100.0	30
10/22/20	6:30 p	78.7	79.0	78.7	100	78.7	0.0	E	0.00	3.0	E	78.7	86.1	86.1	85.1	29.831	0.00	0.00	0	0.00	0	0.0	0.00	0.0	0.000	0.285	-52.3	0	---	-52.4	-52.4	 .0971	0.000	703	1	100.0	30
10/22/20	7:00 p	78.7	78.9	78.7	100	78.7	0.0	ENE	0.00	3.0	ENE	78.7	86.1	86.1	85.1	29.831	0.00	0.00	0	0.00	0	0.0	0.00	0.0	0.000	0.285	-52.3	0	---	-52.4	-52.4	 .0971	0.000	701	1	100.0	30
10/22/20	7:30 p	78.6	78.8	78.6	100	78.6	0.0	WSW	0.00	3.0	SE	78.6	85.8	85.8	84.8	29.831	0.00	0.00	0	0.00	0	0.0	0.00	0.0	0.000	0.283	-52.3	0	---	-52.4	-52.4	 .0971	0.000	703	1	100.0	30
10/22/20	8:00 p	78.4	78.7	78.4	100	78.4	0.0	---	0.00	0.0	---	78.4	85.4	85.4	84.4	29.831	0.00	0.00	0	0.00	0	0.0	0.00	0.0	0.000	0.279	-52.3	0	---	-52.4	-52.4	 .0971	0.000	700	1	100.0	30
10/22/20	8:30 p	78.2	78.5	78.2	100	78.2	0.0	---	0.00	0.0	---	78.2	84.9	84.9	83.9	29.831	0.00	0.00	0	0.00	0	0.0	0.00	0.0	0.000	0.275	-52.3	0	---	-52.4	-52.4	 .0971	0.000	702	1	100.0	30
10/22/20	9:00 p	77.8	78.3	77.8	100	77.8	0.0	---	0.00	0.0	---	77.8	84.0	84.0	82.9	29.831	0.00	0.00	0	0.00	0	0.0	0.00	0.0	0.000	0.267	-52.3	0	---	-52.4	-52.4	 .0971	0.000	703	1	100.0	30
10/22/20	9:30 p	77.5	77.8	77.5	100	77.5	0.0	---	0.00	0.0	---	77.5	83.3	83.3	82.2	29.831	0.00	0.00	0	0.00	0	0.0	0.00	0.0	0.000	0.260	-52.3	0	---	-52.4	-52.4	 .0971	0.000	699	1	100.0	30
10/22/20	10:00 p	76.9	77.5	76.9	100	76.9	0.0	---	0.00	0.0	---	76.9	82.0	82.0	80.9	29.831	0.00	0.00	0	0.00	0	0.0	0.00	0.0	0.000	0.248	-52.3	0	---	-52.4	-52.4	 .0971	0.000	701	1	100.0	30
10/22/20	10:30 p	76.4	77.0	76.4	100	76.4	0.0	---	0.00	0.0	---	76.4	81.1	81.1	80.0	29.831	0.00	0.00	0	0.00	0	0.0	0.00	0.0	0.000	0.238	-52.3	0	---	-52.4	-52.4	 .0971	0.000	701	1	100.0	30
10/22/20	11:00 p	76.2	76.5	76.1	100	76.2	0.0	---	0.00	0.0	---	76.2	80.7	80.7	79.6	29.831	0.00	0.00	0	0.00	0	0.0	0.00	0.0	0.000	0.233	-52.3	0	---	-52.4	-52.4	 .0971	0.000	701	1	100.0	30
10/22/20	11:30 p	76.1	76.2	76.0	100	76.1	0.0	---	0.00	0.0	---	76.1	80.5	80.5	79.4	29.831	0.00	0.00	0	0.00	0	0.0	0.00	0.0	0.000	0.231	-52.3	0	---	-52.4	-52.4	 .0971	0.000	700	1	100.0	30
10/23/20	12:00 a	75.8	76.3	75.7	100	75.8	0.0	---	0.00	0.0	---	75.8	80.0	80.0	78.8	29.831	0.00	0.00	0	0.00	0	0.0	0.00	0.0	0.000	0.225	-52.3	0	---	-52.4	-52.4	 .0971	0.000	703	1	100.0	30
10/23/20	12:30 a	75.4	75.8	75.4	100	75.4	0.0	---	0.00	0.0	---	75.4	79.4	79.4	78.2	29.831	0.00	0.00	0	0.00	0	0.0	0.00	0.0	0.000	0.217	-52.3	0	---	-52.4	-52.4	 .0971	0.000	699	1	100.0	30
10/23/20	1:00 a	75.3	75.5	75.2	100	75.3	0.0	---	0.00	0.0	---	75.3	79.3	79.3	78.1	29.831	0.00	0.00	0	0.00	0	0.0	0.00	0.0	0.000	0.215	-52.3	0	---	-52.4	-52.4	 .0971	0.000	701	1	100.0	30
10/23/20	1:30 a	75.3	75.4	75.2	100	75.3	0.0	---	0.00	0.0	---	75.3	79.3	79.3	78.1	29.831	0.00	0.00	0	0.00	0	0.0	0.00	0.0	0.000	0.215	-52.3	0	---	-52.4	-52.4	 .0971	0.000	701	1	100.0	30
10/23/20	2:00 a	75.2	75.4	75.1	100	75.2	0.0	---	0.00	0.0	---	75.2	79.1	79.1	77.9	29.831	0.00	0.00	0	0.00	0	0.0	0.00	0.0	0.000	0.212	-52.3	0	---	-52.4	-52.4	 .0971	0.000	701	1	100.0	30
10/23/20	2:30 a	75.3	75.4	75.1	100	75.3	0.0	---	0.00	0.0	---	75.3	79.3	79.3	78.1	29.831	0.00	0.00	0	0.00	0	0.0	0.00	0.0	0.000	0.215	-52.3	0	---	-52.4	-52.4	 .0971	0.000	702	1	100.0	30
10/23/20	3:00 a	75.5	75.6	75.3	100	75.5	0.0	---	0.00	0.0	---	75.5	79.6	79.6	78.4	29.831	0.00	0.00	0	0.00	0	0.0	0.00	0.0	0.000	0.219	-52.3	0	---	-52.4	-52.4	 .0971	0.000	700	1	100.0	30
10/23/20	3:30 a	75.7	75.7	75.5	100	75.7	0.0	---	0.00	0.0	---	75.7	79.8	79.8	78.6	29.831	0.00	0.00	0	0.00	0	0.0	0.00	0.0	0.000	0.223	-52.3	0	---	-52.4	-52.4	 .0971	0.000	700	1	100.0	30
10/23/20	4:00 a	75.8	75.9	75.7	100	75.8	0.0	---	0.00	0.0	---	75.8	80.0	80.0	78.8	29.831	0.00	0.00	0	0.00	0	0.0	0.00	0.0	0.000	0.225	-52.3	0	---	-52.4	-52.4	 .0971	0.000	699	1	100.0	30
10/23/20	4:30 a	75.9	76.0	75.8	100	75.9	0.0	---	0.00	0.0	---	75.9	80.2	80.2	79.0	29.831	0.00	0.00	0	0.00	0	0.0	0.00	0.0	0.000	0.227	-52.3	0	---	-52.4	-52.4	 .0971	0.000	702	1	100.0	30
10/23/20	5:00 a	76.0	76.1	75.9	100	76.0	0.0	---	0.00	0.0	---	76.0	80.3	80.3	79.2	29.831	0.00	0.00	0	0.00	0	0.0	0.00	0.0	0.000	0.229	-52.3	0	---	-52.4	-52.4	 .0971	0.000	701	1	100.0	30
10/23/20	5:30 a	76.1	76.2	75.9	100	76.1	0.0	---	0.00	0.0	---	76.1	80.5	80.5	79.4	29.831	0.00	0.00	0	0.00	5	0.0	0.00	0.0	0.000	0.231	-52.3	0	---	-52.4	-52.4	 .0971	0.000	700	1	100.0	30
10/23/20	6:00 a	76.3	76.3	76.0	100	76.3	0.0	---	0.00	0.0	---	76.3	80.9	80.9	80.5	29.831	0.00	0.00	32	1.38	76	0.0	0.00	0.0	0.000	0.235	-52.3	0	---	-52.4	-52.4	 .0971	0.000	702	1	100.0	30
10/23/20	6:30 a	77.6	77.6	76.4	100	77.6	0.0	ESE	0.00	2.0	ESE	77.6	83.5	83.5	87.3	29.831	0.00	0.00	114	4.90	176	0.0	0.00	0.0	0.000	0.262	-52.3	0	---	-52.4	-52.4	 .0971	0.000	699	1	100.0	30
10/23/20	7:00 a	77.6	78.0	77.2	100	77.6	1.0	ESE	0.50	5.0	ENE	77.6	83.5	83.5	86.8	29.831	0.00	0.00	92	3.96	156	0.5	0.11	0.7	0.000	0.262	-52.3	0	---	-52.4	-52.4	 .0971	0.002	698	1	100.0	30
10/23/20	7:30 a	79.0	79.2	77.1	100	79.0	1.0	SSE	0.50	3.0	SE	79.0	86.8	86.8	92.3	29.831	0.00	0.00	165	7.10	218	1.0	0.21	1.3	0.000	0.292	-52.3	0	---	-52.4	-52.4	 .0971	0.000	701	1	100.0	30
10/23/20	8:00 a	80.0	80.5	78.8	100	80.0	1.0	SSE	0.50	5.0	SSE	80.0	89.6	89.6	96.0	29.831	0.00	0.00	219	9.42	271	1.7	0.36	2.0	0.000	0.313	-52.3	0	---	-52.4	-52.4	 .0971	0.005	701	1	100.0	30
10/23/20	8:30 a	81.3	82.7	80.0	100	81.3	1.0	SSE	0.50	7.0	SE	81.3	93.5	93.5	101.0	29.831	0.00	0.00	288	12.39	429	2.4	0.51	2.9	0.000	0.340	-52.3	0	---	-52.4	-52.4	 .0971	0.000	700	1	100.0	30
10/23/20	9:00 a	81.7	81.8	80.8	100	81.7	1.0	E	0.50	4.0	SSE	81.7	94.7	94.7	102.8	29.831	0.00	0.00	345	14.84	963	3.1	0.66	5.1	0.000	0.348	-52.3	0	---	-52.4	-52.4	 .0971	0.008	700	1	100.0	30
10/23/20	9:30 a	83.2	83.6	81.7	100	83.2	2.0	SSE	1.00	11.0	SSE	83.2	100.0	100.0	111.0	29.831	0.00	0.00	533	22.92	838	5.0	1.07	6.3	0.000	0.379	-52.3	0	---	-52.4	-52.4	 .0971	0.000	701	1	100.0	30
10/23/20	10:00 a	83.6	83.8	82.6	100	83.6	2.0	ESE	1.00	9.0	S	83.6	101.5	101.5	112.6	29.831	0.00	0.00	553	23.78	963	5.5	1.18	7.4	0.000	0.387	-52.3	0	---	-52.4	-52.4	 .0971	0.015	701	1	100.0	30
10/23/20	10:30 a	84.2	85.4	83.6	100	84.2	2.0	S	1.00	9.0	ESE	84.2	104.0	104.0	117.2	29.831	0.00	0.00	826	35.52	921	7.5	1.61	8.0	0.000	0.400	-52.3	0	---	-52.4	-52.4	 .0971	0.000	701	1	100.0	30
10/23/20	11:00 a	84.6	84.9	83.5	100	84.6	2.0	SSE	1.00	8.0	ESE	84.6	105.8	105.8	119.2	29.831	0.00	0.00	827	35.57	884	7.9	1.69	8.4	0.000	0.408	-52.3	0	---	-52.4	-52.4	 .0971	0.021	701	1	100.0	30
10/23/20	11:30 a	84.5	84.9	83.9	100	84.5	3.0	SE	1.50	10.0	SE	84.5	105.3	105.3	117.9	29.831	0.00	0.00	950	40.86	1141	8.9	1.91	10.0	0.000	0.406	-52.3	0	---	-52.4	-52.4	 .0971	0.000	702	1	100.0	30
10/23/20	12:00 p	82.6	84.6	82.6	100	82.6	2.0	E	1.00	10.0	SSE	82.6	97.8	97.8	106.9	29.831	0.00	0.00	426	18.32	751	5.1	1.09	8.7	0.000	0.367	-52.3	0	---	-52.4	-52.4	 .0971	0.018	701	1	100.0	30
10/23/20	12:30 p	81.5	82.6	81.2	100	81.5	2.0	SE	1.00	8.0	ESE	81.5	94.1	94.1	98.5	29.831	0.00	0.00	204	8.77	265	2.5	0.54	2.9	0.000	0.344	-52.3	0	---	-52.4	-52.4	 .0971	0.000	697	1	100.0	30
10/23/20	1:00 p	80.6	82.0	80.6	100	80.6	2.0	SE	1.00	7.0	E	80.6	91.3	91.3	95.9	29.831	0.00	0.00	216	9.29	250	2.4	0.51	2.8	0.000	0.325	-52.3	0	---	-52.4	-52.4	 .0971	0.005	701	1	100.0	30
10/23/20	1:30 p	80.7	81.2	80.6	100	80.7	1.0	SSE	0.50	5.0	SSE	80.7	91.6	91.6	95.4	29.831	0.00	0.00	181	7.78	204	1.8	0.39	2.1	0.000	0.327	-52.3	0	---	-52.4	-52.4	 .0971	0.000	700	1	100.0	30
10/23/20	2:00 p	80.4	81.1	80.3	100	80.4	1.0	W	0.50	4.0	S	80.4	90.8	90.8	95.0	29.831	0.01	0.00	190	8.17	236	1.6	0.34	1.8	0.000	0.321	-52.3	0	---	-52.4	-52.4	 .0971	0.005	703	1	100.0	30
10/23/20	2:30 p	80.1	80.5	79.7	100	80.1	0.0	SSE	0.00	4.0	SE	80.1	89.9	89.9	92.2	29.831	0.01	0.00	109	4.69	134	0.8	0.17	1.0	0.000	0.315	-52.3	0	---	-52.4	-52.4	 .0971	0.000	701	1	100.0	30
10/23/20	3:00 p	78.6	80.2	78.5	100	78.6	0.0	ENE	0.00	2.0	ENE	78.6	85.8	85.8	87.2	29.831	0.02	0.05	70	3.01	86	0.3	0.06	0.6	0.000	0.283	-52.3	0	---	-52.4	-52.4	 .0971	0.002	700	1	100.0	30
10/23/20	3:30 p	78.1	78.5	77.6	100	78.1	0.0	ENE	0.00	2.0	E	78.1	84.6	84.6	85.9	29.831	0.02	0.08	60	2.58	67	0.0	0.00	0.0	0.000	0.273	-52.3	0	---	-52.4	-52.4	 .0971	0.000	702	1	100.0	30
10/23/20	4:00 p	78.1	78.3	77.9	100	78.1	0.0	ENE	0.00	3.0	ENE	78.1	84.6	84.6	84.9	29.831	0.01	0.00	27	1.16	53	0.0	0.00	0.0	0.000	0.273	-52.3	0	---	-52.4	-52.4	 .0971	0.001	701	1	100.0	30
10/23/20	4:30 p	78.1	78.3	78.0	100	78.1	0.0	ENE	0.00	1.0	ENE	78.1	84.6	84.6	84.7	29.831	0.00	0.00	17	0.73	25	0.0	0.00	0.0	0.000	0.273	-52.3	0	---	-52.4	-52.4	 .0971	0.000	703	1	100.0	30
10/23/20	5:00 p	77.8	78.3	77.8	100	77.8	0.0	SE	0.00	2.0	ENE	77.8	84.0	84.0	83.4	29.831	0.01	0.00	3	0.13	7	0.0	0.00	0.0	0.000	0.267	-52.3	0	---	-52.4	-52.4	 .0971	0.000	698	1	100.0	30
10/23/20	5:30 p	76.2	77.8	76.2	100	76.2	1.0	ENE	0.50	5.0	SSE	76.2	80.7	80.7	79.7	29.831	0.20	1.11	0	0.00	0	0.0	0.00	0.0	0.000	0.233	-52.3	0	---	-52.4	-52.4	 .0971	0.000	703	1	100.0	30
10/23/20	6:00 p	76.5	76.5	76.1	100	76.5	0.0	ENE	0.00	3.0	ENE	76.5	81.3	81.3	80.3	29.831	0.00	0.00	0	0.00	0	0.0	0.00	0.0	0.000	0.240	-52.3	0	---	-52.4	-52.4	 .0971	0.000	701	1	100.0	30
10/23/20	6:30 p	76.7	76.7	76.4	100	76.7	0.0	ENE	0.00	2.0	ENE	76.7	81.6	81.6	80.6	29.831	0.05	0.16	0	0.00	0	0.0	0.00	0.0	0.000	0.244	-52.3	0	---	-52.4	-52.4	 .0971	0.000	699	1	100.0	30
10/23/20	7:00 p	76.8	76.9	76.7	100	76.8	0.0	ENE	0.00	2.0	ENE	76.8	81.8	81.8	80.8	29.831	0.04	0.13	0	0.00	0	0.0	0.00	0.0	0.000	0.246	-52.3	0	---	-52.4	-52.4	 .0971	0.000	700	1	100.0	30
10/23/20	7:30 p	76.5	76.8	76.4	100	76.5	0.0	ENE	0.00	2.0	ENE	76.5	81.3	81.3	80.3	29.831	0.01	0.09	0	0.00	0	0.0	0.00	0.0	0.000	0.240	-52.3	0	---	-52.4	-52.4	 .0971	0.000	699	1	100.0	30
10/23/20	8:00 p	76.5	76.7	76.4	100	76.5	0.0	ENE	0.00	1.0	ENE	76.5	81.3	81.3	80.3	29.831	0.00	0.00	0	0.00	0	0.0	0.00	0.0	0.000	0.240	-52.3	0	---	-52.4	-52.4	 .0971	0.000	702	1	100.0	30
10/23/20	8:30 p	76.2	76.6	76.2	100	76.2	0.0	SSW	0.00	5.0	S	76.2	80.7	80.7	79.7	29.831	0.01	0.00	0	0.00	0	0.0	0.00	0.0	0.000	0.233	-52.3	0	---	-52.4	-52.4	 .0971	0.000	701	1	100.0	30
10/23/20	9:00 p	75.5	76.3	75.3	100	75.5	1.0	SSW	0.50	7.0	W	75.5	79.6	79.6	78.5	29.831	0.15	2.01	0	0.00	0	0.0	0.00	0.0	0.000	0.219	-52.3	0	---	-52.4	-52.4	 .0971	0.000	699	1	100.0	30
10/23/20	9:30 p	75.2	75.5	75.0	100	75.2	1.0	SSW	0.50	6.0	SSE	75.2	79.1	79.1	78.0	29.831	0.51	2.94	0	0.00	0	0.0	0.00	0.0	0.000	0.212	-52.3	0	---	-52.4	-52.4	 .0971	0.000	701	1	100.0	30
10/23/20	10:00 p	75.5	75.5	75.1	100	75.5	0.0	WSW	0.00	2.0	WSW	75.5	79.6	79.6	78.5	29.831	0.07	0.28	0	0.00	0	0.0	0.00	0.0	0.000	0.219	-52.3	0	---	-52.4	-52.4	 .0971	0.000	700	1	100.0	30
10/23/20	10:30 p	75.5	75.6	75.5	100	75.5	0.0	WSW	0.00	1.0	WSW	75.5	79.6	79.6	78.5	29.831	0.00	0.00	0	0.00	0	0.0	0.00	0.0	0.000	0.219	-52.3	0	---	-52.4	-52.4	 .0971	0.000	700	1	100.0	30
10/23/20	11:00 p	75.5	75.6	75.5	100	75.5	0.0	WSW	0.00	2.0	WSW	75.5	79.6	79.6	78.5	29.831	0.01	0.00	0	0.00	0	0.0	0.00	0.0	0.000	0.219	-52.3	0	---	-52.4	-52.4	 .0971	0.000	701	1	100.0	30
10/23/20	11:30 p	75.4	75.5	75.3	100	75.4	0.0	WSW	0.00	1.0	WSW	75.4	79.4	79.4	78.3	29.831	0.00	0.00	0	0.00	0	0.0	0.00	0.0	0.000	0.217	-52.3	0	---	-52.4	-52.4	 .0971	0.000	699	1	100.0	30
10/24/20	12:00 a	75.2	75.6	75.2	100	75.2	0.0	WSW	0.00	2.0	WSW	75.2	79.1	79.1	78.0	29.831	0.00	0.00	0	0.00	0	0.0	0.00	0.0	0.000	0.212	-52.3	0	---	-52.4	-52.4	 .0971	0.000	703	1	100.0	30
10/24/20	12:30 a	75.1	75.2	75.0	100	75.1	0.0	WSW	0.00	1.0	WSW	75.1	78.9	78.9	77.8	29.831	0.00	0.00	0	0.00	0	0.0	0.00	0.0	0.000	0.210	-52.3	0	---	-52.4	-52.4	 .0971	0.000	700	1	100.0	30
10/24/20	1:00 a	74.8	75.2	74.7	100	74.8	0.0	---	0.00	0.0	---	74.8	78.6	78.6	77.5	29.831	0.00	0.00	0	0.00	0	0.0	0.00	0.0	0.000	0.204	-52.3	0	---	-52.4	-52.4	 .0971	0.000	701	1	100.0	30
10/24/20	1:30 a	74.8	75.0	74.7	100	74.8	0.0	---	0.00	0.0	---	74.8	78.6	78.6	77.5	29.831	0.00	0.00	0	0.00	0	0.0	0.00	0.0	0.000	0.204	-52.3	0	---	-52.4	-52.4	 .0971	0.000	699	1	100.0	30
10/24/20	2:00 a	74.6	74.7	74.5	100	74.6	0.0	---	0.00	0.0	---	74.6	78.3	78.3	77.2	29.831	0.00	0.00	0	0.00	0	0.0	0.00	0.0	0.000	0.200	-52.3	0	---	-52.4	-52.4	 .0971	0.000	702	1	100.0	30
10/24/20	2:30 a	74.4	74.6	74.3	100	74.4	0.0	---	0.00	0.0	---	74.4	78.1	78.1	77.0	29.831	0.00	0.00	0	0.00	0	0.0	0.00	0.0	0.000	0.196	-52.3	0	---	-52.4	-52.4	 .0971	0.000	700	1	100.0	30
10/24/20	3:00 a	74.0	74.4	73.9	100	74.0	0.0	---	0.00	0.0	---	74.0	77.6	77.6	76.5	29.831	0.00	0.00	0	0.00	0	0.0	0.00	0.0	0.000	0.188	-52.3	0	---	-52.4	-52.4	 .0971	0.000	701	1	100.0	30
10/24/20	3:30 a	73.9	74.2	73.9	100	73.9	0.0	---	0.00	0.0	---	73.9	77.5	77.5	76.3	29.831	0.00	0.00	0	0.00	0	0.0	0.00	0.0	0.000	0.185	-52.3	0	---	-52.4	-52.4	 .0971	0.000	701	1	100.0	30
10/24/20	4:00 a	73.7	73.9	73.6	100	73.7	0.0	---	0.00	0.0	---	73.7	77.3	77.3	76.1	29.831	0.00	0.00	0	0.00	0	0.0	0.00	0.0	0.000	0.181	-52.3	0	---	-52.4	-52.4	 .0971	0.000	701	1	100.0	30
10/24/20	4:30 a	73.9	74.0	73.6	100	73.9	0.0	---	0.00	0.0	---	73.9	77.5	77.5	76.3	29.831	0.00	0.00	0	0.00	0	0.0	0.00	0.0	0.000	0.185	-52.3	0	---	-52.4	-52.4	 .0971	0.000	699	1	100.0	30
