		Temp	Hi	Low	Out	Dew	Wind	Wind	Wind	Hi	Hi	Wind	Heat	THW	THSW			Rain	Solar	Solar	Hi Solar	UV 	UV 	Hi 	Heat	Cool	In 	In	In 	In 	In 	In Air		Wind	Wind	ISS 	Arc.
Date	Time	Out	Temp	Temp	Hum	Pt.	Speed	Dir	Run	Speed	Dir	Chill	Index	Index	Index	Bar  	Rain	Rate	Rad.	Energy	Rad. 	Index	Dose	UV 	D-D 	D-D 	Temp	Hum	Dew	Heat	EMC	Density	ET 	Samp	Tx 	Recept	Int.
09/01/20	12:30 a	76.5	76.7	76.3	100	76.5	0.0	---	0.00	0.0	---	76.5	81.3	81.3	79.8	29.866	0.00	0.00	0	0.00	0	0.0	0.00	0.0	0.000	0.240	-52.3	0	---	-52.4	-52.4	 .0972	0.000	700	1	100.0	30
09/01/20	1:00 a	76.6	76.6	76.4	100	76.6	1.0	SW	0.50	6.0	SSE	76.6	81.4	81.4	79.9	29.860	0.00	0.00	0	0.00	0	0.0	0.00	0.0	0.000	0.242	-52.3	0	---	-52.4	-52.4	 .0972	0.000	701	1	100.0	30
09/01/20	1:30 a	76.2	76.7	76.2	100	76.2	1.0	NNE	0.50	4.0	ESE	76.2	80.7	80.7	79.2	29.843	0.00	0.00	0	0.00	0	0.0	0.00	0.0	0.000	0.233	-52.3	0	---	-52.4	-52.4	 .0972	0.000	699	1	100.0	30
09/01/20	2:00 a	75.8	76.2	75.8	100	75.8	1.0	ESE	0.50	3.0	ENE	75.8	80.0	80.0	78.4	29.843	0.00	0.00	0	0.00	0	0.0	0.00	0.0	0.000	0.225	-52.3	0	---	-52.4	-52.4	 .0972	0.000	697	1	100.0	30
09/01/20	2:30 a	75.1	75.8	75.0	100	75.1	0.0	NE	0.00	1.0	NE	75.1	78.9	78.9	77.3	29.816	0.00	0.00	0	0.00	0	0.0	0.00	0.0	0.000	0.210	-52.3	0	---	-52.4	-52.4	 .0971	0.000	698	1	100.0	30
09/01/20	3:00 a	74.6	75.2	74.6	100	74.6	0.0	NE	0.00	1.0	NE	74.6	78.3	78.3	76.7	29.814	0.01	0.00	0	0.00	0	0.0	0.00	0.0	0.000	0.200	-52.3	0	---	-52.4	-52.4	 .0971	0.000	698	1	100.0	30
09/01/20	3:30 a	74.7	74.9	74.6	100	74.7	0.0	---	0.00	0.0	---	74.7	78.4	78.4	76.8	29.814	0.00	0.00	0	0.00	0	0.0	0.00	0.0	0.000	0.202	-52.3	0	---	-52.4	-52.4	 .0971	0.000	700	1	100.0	30
09/01/20	4:00 a	74.2	74.7	74.2	100	74.2	0.0	NE	0.00	1.0	NE	74.2	77.8	77.8	76.2	29.814	0.00	0.00	0	0.00	0	0.0	0.00	0.0	0.000	0.192	-52.3	0	---	-52.4	-52.4	 .0971	0.000	700	1	100.0	30
09/01/20	4:30 a	74.3	74.4	74.0	100	74.3	0.0	ESE	0.00	3.0	ESE	74.3	78.0	78.0	76.4	29.814	0.00	0.00	0	0.00	0	0.0	0.00	0.0	0.000	0.194	-52.3	0	---	-52.4	-52.4	 .0971	0.000	694	1	100.0	30
09/01/20	5:00 a	73.8	74.4	73.7	100	73.8	0.0	---	0.00	0.0	---	73.8	77.4	77.4	75.7	29.814	0.00	0.00	0	0.00	0	0.0	0.00	0.0	0.000	0.183	-52.3	0	---	-52.4	-52.4	 .0971	0.000	699	1	100.0	30
09/01/20	5:30 a	73.5	73.8	73.5	100	73.5	0.0	ESE	0.00	2.0	ESE	73.5	77.1	77.1	75.4	29.814	0.00	0.00	0	0.00	5	0.0	0.00	0.0	0.000	0.177	-52.3	0	---	-52.4	-52.4	 .0971	0.000	700	1	100.0	30
09/01/20	6:00 a	73.9	73.9	73.5	100	73.9	0.0	ESE	0.00	1.0	ESE	73.9	77.5	77.5	76.1	29.814	0.00	0.00	12	0.52	19	0.0	0.00	0.0	0.000	0.185	-52.3	0	---	-52.4	-52.4	 .0971	0.000	701	1	100.0	30
09/01/20	6:30 a	74.5	74.6	73.9	100	74.5	0.0	ESE	0.00	1.0	ESE	74.5	78.2	78.2	78.5	19.389	0.00	0.00	25	1.08	30	0.0	0.00	0.0	0.000	0.198	-52.3	0	---	-52.4	-52.4	 .0631	0.000	699	1	100.0	30
09/01/20	7:00 a	75.5	75.7	74.5	100	75.5	0.0	ESE	0.00	1.0	ESE	75.5	79.6	79.6	82.3	19.389	0.00	0.00	88	3.78	135	0.0	0.00	0.0	0.000	0.219	-52.3	0	---	-52.4	-52.4	 .0631	0.001	698	1	100.0	30
09/01/20	7:30 a	76.4	76.5	75.5	100	76.4	0.0	ESE	0.00	1.0	ESE	76.4	81.1	81.1	84.6	19.389	0.00	0.00	125	5.38	144	0.7	0.15	1.0	0.000	0.238	-52.3	0	---	-52.4	-52.4	 .0631	0.000	699	1	100.0	30
09/01/20	8:00 a	78.0	78.5	76.3	100	78.0	0.0	ESE	0.00	2.0	ESE	78.0	84.4	84.4	91.5	29.891	0.00	0.00	272	11.70	561	1.4	0.30	2.1	0.000	0.271	-52.3	0	---	-52.4	-52.4	 .0973	0.005	700	1	100.0	30
09/01/20	8:30 a	79.8	80.0	76.7	100	79.8	1.0	ESE	0.50	4.0	SE	79.8	89.0	89.0	101.2	29.898	0.00	0.00	606	26.06	724	2.7	0.58	3.3	0.000	0.308	-52.3	0	---	-52.4	-52.4	 .0973	0.000	700	1	100.0	30
09/01/20	9:00 a	82.2	83.0	79.7	100	82.2	1.0	SSE	0.50	4.0	SSE	82.2	96.4	96.4	109.1	29.898	0.00	0.00	735	31.61	847	3.9	0.84	4.9	0.000	0.358	-52.3	0	---	-52.4	-52.4	 .0973	0.015	701	1	100.0	30
09/01/20	9:30 a	83.2	83.5	82.2	100	83.2	1.0	SE	0.50	6.0	S	83.2	100.0	100.0	112.7	29.898	0.00	0.00	709	30.49	976	5.3	1.14	6.8	0.000	0.379	-52.3	0	---	-52.4	-52.4	 .0973	0.000	699	1	100.0	30
09/01/20	10:00 a	82.9	83.4	82.2	100	82.9	3.0	SE	1.50	10.0	SSE	82.9	98.9	98.9	108.2	29.898	0.00	0.00	445	19.14	759	5.3	1.14	7.5	0.000	0.373	-52.3	0	---	-52.4	-52.4	 .0973	0.015	698	1	100.0	30
09/01/20	10:30 a	84.1	84.7	82.8	100	84.1	3.0	SSE	1.50	10.0	ESE	84.1	103.5	103.5	114.5	29.898	0.00	0.00	543	23.35	1102	8.1	1.74	8.9	0.000	0.398	-52.3	0	---	-52.4	-52.4	 .0973	0.000	697	1	100.0	30
09/01/20	11:00 a	84.8	84.9	83.3	100	84.8	3.0	SSE	1.50	10.0	SSE	84.8	106.7	106.7	119.5	19.582	0.00	0.00	945	40.64	1264	8.4	1.80	10.1	0.000	0.413	-52.3	0	---	-52.4	-52.4	 .0638	0.019	701	1	100.0	30
09/01/20	11:30 a	84.2	85.9	84.0	100	84.2	3.0	SE	1.50	11.0	SSE	84.2	104.0	104.0	115.9	29.881	0.00	0.00	987	42.45	1257	9.0	1.93	10.6	0.000	0.400	-52.3	0	---	-52.4	-52.4	 .0973	0.000	701	1	100.0	30
09/01/20	12:00 p	82.5	85.3	82.5	100	82.5	3.0	SE	1.50	8.0	SE	82.5	97.4	97.4	108.9	29.858	0.00	0.00	579	24.90	1280	6.9	1.48	10.9	0.000	0.365	-52.3	0	---	-52.4	-52.4	 .0972	0.021	694	1	100.0	30
09/01/20	12:30 p	84.3	85.0	81.9	100	84.3	2.0	SE	1.00	9.0	SE	84.3	104.5	104.5	117.8	29.768	0.00	0.00	785	33.76	1174	7.7	1.65	9.9	0.000	0.402	-43.6	0	---	-43.7	-43.7	 .0949	0.000	700	1	100.0	30
09/01/20	1:00 p	83.8	84.6	83.2	100	83.8	3.0	SE	1.50	11.0	SSE	83.8	102.3	102.3	115.3	29.840	0.00	0.00	748	32.17	1213	7.0	1.50	9.7	0.000	0.392	-43.6	0	---	-43.7	-43.7	 .0951	0.021	699	1	100.0	30
09/01/20	1:30 p	84.4	84.7	82.9	100	84.4	3.0	SE	1.50	10.0	SSE	84.4	104.9	104.9	117.7	29.840	0.00	0.00	707	30.40	1014	6.7	1.44	9.0	0.000	0.404	-43.6	0	---	-43.7	-43.7	 .0951	0.000	697	1	100.0	30
09/01/20	2:00 p	83.6	84.9	83.1	100	83.6	3.0	SE	1.50	10.0	SSE	83.6	101.5	101.5	113.9	29.824	0.00	0.00	651	28.00	1005	5.3	1.14	7.2	0.000	0.387	-52.3	0	---	-52.4	-52.4	 .0971	0.018	701	1	100.0	30
09/01/20	2:30 p	84.2	84.3	83.1	100	84.2	3.0	SE	1.50	10.0	SE	84.2	104.0	104.0	116.9	29.810	0.00	0.00	737	31.70	861	4.7	1.01	5.4	0.000	0.400	-52.3	0	---	-52.4	-52.4	 .0971	0.000	698	1	100.0	30
09/01/20	3:00 p	82.2	84.3	82.1	100	82.2	3.0	SE	1.50	12.0	ESE	82.2	96.4	96.4	108.5	29.806	0.00	0.00	530	22.79	823	3.1	0.66	4.6	0.000	0.358	-52.3	0	---	-52.4	-52.4	 .0970	0.016	701	1	100.0	30
09/01/20	3:30 p	82.1	82.5	81.3	100	82.1	2.0	E	1.00	10.0	SSE	82.1	96.0	96.0	105.9	29.806	0.00	0.00	346	14.88	554	1.7	0.36	2.0	0.000	0.356	-52.3	0	---	-52.4	-52.4	 .0970	0.000	699	1	100.0	30
09/01/20	4:00 p	81.0	82.4	81.0	100	81.0	2.0	SSE	1.00	10.0	SSE	81.0	92.5	92.5	101.3	29.806	0.00	0.00	263	11.31	427	1.0	0.21	1.5	0.000	0.333	-52.3	0	---	-52.4	-52.4	 .0970	0.008	701	1	100.0	30
09/01/20	4:30 p	79.9	81.0	79.9	100	79.9	1.0	ENE	0.50	7.0	SSE	79.9	89.3	89.3	92.8	29.806	0.00	0.00	92	3.96	116	0.1	0.02	0.5	0.000	0.310	-52.3	0	---	-52.4	-52.4	 .0970	0.000	703	1	100.0	30
09/01/20	5:00 p	79.4	80.1	79.4	100	79.4	0.0	SE	0.00	2.0	SE	79.4	87.9	87.9	88.1	29.812	0.00	0.00	51	2.19	67	0.0	0.00	0.0	0.000	0.300	-52.3	0	---	-52.4	-52.4	 .0971	0.002	697	1	100.0	30
09/01/20	5:30 p	78.9	79.4	78.8	100	78.9	0.0	SE	0.00	1.0	SE	78.9	86.6	86.6	85.9	29.826	0.00	0.00	18	0.77	30	0.0	0.00	0.0	0.000	0.290	-52.3	0	---	-52.4	-52.4	 .0971	0.000	701	1	100.0	30
09/01/20	6:00 p	78.2	79.0	78.2	100	78.2	0.0	---	0.00	0.0	---	78.2	84.9	84.9	83.8	29.826	0.00	0.00	0	0.00	5	0.0	0.00	0.0	0.000	0.275	-52.3	0	---	-52.4	-52.4	 .0971	0.000	701	1	100.0	30
09/01/20	6:30 p	77.6	78.2	77.6	100	77.6	0.0	---	0.00	0.0	---	77.6	83.5	83.5	82.4	29.831	0.00	0.00	0	0.00	0	0.0	0.00	0.0	0.000	0.262	-52.3	0	---	-52.4	-52.4	 .0971	0.000	701	1	100.0	30
09/01/20	7:00 p	76.6	77.6	76.6	100	76.6	0.0	SE	0.00	1.0	SE	76.6	81.4	81.4	80.2	29.833	0.00	0.00	0	0.00	0	0.0	0.00	0.0	0.000	0.242	-52.3	0	---	-52.4	-52.4	 .0971	0.000	701	1	100.0	30
09/01/20	7:30 p	76.2	76.6	76.2	100	76.2	0.0	SE	0.00	1.0	SE	76.2	80.7	80.7	79.5	29.835	0.00	0.00	0	0.00	0	0.0	0.00	0.0	0.000	0.233	-52.3	0	---	-52.4	-52.4	 .0971	0.000	699	1	100.0	30
09/01/20	8:00 p	75.8	76.2	75.8	100	75.8	0.0	SE	0.00	1.0	SE	75.8	80.0	80.0	78.8	29.086	0.00	0.00	0	0.00	0	0.0	0.00	0.0	0.000	0.225	-52.3	0	---	-52.4	-52.4	 .0947	0.000	698	1	100.0	30
09/01/20	8:30 p	75.1	75.8	75.1	100	75.1	0.0	---	0.00	0.0	---	75.1	78.9	78.9	77.7	29.846	0.00	0.00	0	0.00	0	0.0	0.00	0.0	0.000	0.210	-52.3	0	---	-52.4	-52.4	 .0972	0.000	700	1	100.0	30
09/01/20	9:00 p	74.9	75.2	74.8	100	74.9	0.0	SE	0.00	1.0	SE	74.9	78.7	78.7	77.4	29.855	0.00	0.00	0	0.00	0	0.0	0.00	0.0	0.000	0.206	-52.3	0	---	-52.4	-52.4	 .0972	0.000	698	1	100.0	30
09/01/20	9:30 p	74.6	74.9	74.6	100	74.6	0.0	---	0.00	0.0	---	74.6	78.3	78.3	77.0	29.855	0.00	0.00	0	0.00	0	0.0	0.00	0.0	0.000	0.200	-52.3	0	---	-52.4	-52.4	 .0972	0.000	698	1	100.0	30
09/01/20	10:00 p	74.4	74.7	74.3	100	74.4	0.0	---	0.00	0.0	---	74.4	78.1	78.1	76.8	29.855	0.00	0.00	0	0.00	0	0.0	0.00	0.0	0.000	0.196	-52.3	0	---	-52.4	-52.4	 .0972	0.000	702	1	100.0	30
09/01/20	10:30 p	74.2	74.4	74.1	100	74.2	0.0	---	0.00	0.0	---	74.2	77.8	77.8	76.5	29.855	0.00	0.00	0	0.00	0	0.0	0.00	0.0	0.000	0.192	-52.3	0	---	-52.4	-52.4	 .0972	0.000	700	1	100.0	30
09/01/20	11:00 p	74.0	74.3	74.0	100	74.0	0.0	---	0.00	0.0	---	74.0	77.6	77.6	76.3	29.855	0.00	0.00	0	0.00	0	0.0	0.00	0.0	0.000	0.188	-52.3	0	---	-52.4	-52.4	 .0972	0.000	697	1	100.0	30
09/01/20	11:30 p	73.7	74.1	73.7	100	73.7	0.0	---	0.00	0.0	---	73.7	77.3	77.3	76.0	29.855	0.00	0.00	0	0.00	0	0.0	0.00	0.0	0.000	0.181	-52.3	0	---	-52.4	-52.4	 .0972	0.000	699	1	100.0	30
09/02/20	12:00 a	73.6	73.8	73.6	100	73.6	0.0	---	0.00	0.0	---	73.6	77.2	77.2	75.9	29.849	0.00	0.00	0	0.00	0	0.0	0.00	0.0	0.000	0.179	-52.3	0	---	-52.4	-52.4	 .0972	0.000	702	1	100.0	30
09/02/20	12:30 a	73.5	73.7	73.4	100	73.5	0.0	---	0.00	0.0	---	73.5	77.1	77.1	75.8	29.693	0.00	0.00	0	0.00	0	0.0	0.00	0.0	0.000	0.177	-52.3	0	---	-52.4	-52.4	 .0967	0.000	698	1	100.0	30
09/02/20	1:00 a	73.3	73.5	73.3	100	73.3	0.0	---	0.00	0.0	---	73.3	76.9	76.9	75.6	29.835	0.00	0.00	0	0.00	0	0.0	0.00	0.0	0.000	0.173	-52.3	0	---	-52.4	-52.4	 .0971	0.000	703	1	100.0	30
09/02/20	1:30 a	73.1	73.4	73.0	100	73.1	0.0	---	0.00	0.0	---	73.1	76.7	76.7	75.4	29.835	0.00	0.00	0	0.00	0	0.0	0.00	0.0	0.000	0.169	-52.3	0	---	-52.4	-52.4	 .0971	0.000	700	1	100.0	30
09/02/20	2:00 a	72.7	73.1	72.7	100	72.7	0.0	---	0.00	0.0	---	72.7	76.3	76.3	74.9	29.803	0.00	0.00	0	0.00	0	0.0	0.00	0.0	0.000	0.160	-52.3	0	---	-52.4	-52.4	 .0970	0.000	703	1	100.0	30
09/02/20	2:30 a	72.4	72.8	72.4	100	72.4	0.0	SE	0.00	1.0	SE	72.4	76.0	76.0	74.6	29.800	0.00	0.00	0	0.00	0	0.0	0.00	0.0	0.000	0.154	-52.3	0	---	-52.4	-52.4	 .0970	0.000	700	1	100.0	30
09/02/20	3:00 a	72.3	72.5	72.3	100	72.3	0.0	---	0.00	0.0	---	72.3	75.9	75.9	74.5	29.800	0.00	0.00	0	0.00	0	0.0	0.00	0.0	0.000	0.152	-52.3	0	---	-52.4	-52.4	 .0970	0.000	701	1	100.0	30
09/02/20	3:30 a	72.2	72.4	72.1	100	72.2	0.0	---	0.00	0.0	---	72.2	75.8	75.8	74.4	29.785	0.00	0.00	0	0.00	0	0.0	0.00	0.0	0.000	0.150	-52.3	0	---	-52.4	-52.4	 .0970	0.000	698	1	100.0	30
09/02/20	4:00 a	72.1	72.3	72.1	100	72.1	0.0	---	0.00	0.0	---	72.1	75.7	75.7	74.3	29.785	0.00	0.00	0	0.00	0	0.0	0.00	0.0	0.000	0.148	-52.3	0	---	-52.4	-52.4	 .0970	0.000	701	1	100.0	30
09/02/20	4:30 a	72.2	72.3	72.1	100	72.2	0.0	---	0.00	0.0	---	72.2	75.8	75.8	74.4	29.086	0.00	0.00	0	0.00	0	0.0	0.00	0.0	0.000	0.150	-52.3	0	---	-52.4	-52.4	 .0947	0.000	701	1	100.0	30
09/02/20	5:00 a	72.1	72.2	72.0	100	72.1	0.0	---	0.00	0.0	---	72.1	75.7	75.7	74.3	29.086	0.00	0.00	0	0.00	0	0.0	0.00	0.0	0.000	0.148	-52.3	0	---	-52.4	-52.4	 .0947	0.000	701	1	100.0	30
09/02/20	5:30 a	72.1	72.2	72.0	100	72.1	0.0	---	0.00	0.0	---	72.1	75.7	75.7	74.3	29.086	0.00	0.00	0	0.00	5	0.0	0.00	0.0	0.000	0.148	-52.3	0	---	-52.4	-52.4	 .0947	0.000	697	1	100.0	30
09/02/20	6:00 a	72.6	72.6	72.1	100	72.6	0.0	---	0.00	0.0	---	72.6	76.2	76.2	75.1	29.086	0.00	0.00	12	0.52	23	0.0	0.00	0.0	0.000	0.158	-52.3	0	---	-52.4	-52.4	 .0947	0.000	701	1	100.0	30
09/02/20	6:30 a	73.4	73.4	72.6	100	73.4	0.0	---	0.00	0.0	---	73.4	77.0	77.0	77.2	29.087	0.00	0.00	24	1.03	28	0.0	0.00	0.0	0.000	0.175	-52.3	0	---	-52.4	-52.4	 .0947	0.000	699	1	100.0	30
09/02/20	7:00 a	74.2	74.2	73.3	100	74.2	0.0	SE	0.00	1.0	SE	74.2	77.8	77.8	78.1	29.831	0.00	0.00	30	1.29	39	0.0	0.00	0.0	0.000	0.192	-51.7	0	---	-51.8	-51.8	 .0970	0.001	699	1	100.0	30
09/02/20	7:30 a	75.3	75.3	74.2	100	75.3	0.0	SE	0.00	1.0	SE	75.3	79.3	79.3	80.0	29.838	0.00	0.00	45	1.94	53	0.0	0.00	0.0	0.000	0.215	-52.3	0	---	-52.4	-52.4	 .0971	0.000	700	1	100.0	30
09/02/20	8:00 a	77.2	77.2	75.3	100	77.2	0.0	E	0.00	3.0	ESE	77.2	82.6	82.6	90.7	29.844	0.00	0.00	317	13.63	506	1.5	0.32	2.0	0.000	0.254	-52.3	0	---	-52.4	-52.4	 .0972	0.004	699	1	100.0	30
09/02/20	8:30 a	79.6	79.6	77.2	100	79.6	1.0	SSE	0.50	5.0	SSE	79.6	88.5	88.5	100.5	29.847	0.00	0.00	589	25.33	647	2.6	0.56	3.3	0.000	0.304	-52.3	0	---	-52.4	-52.4	 .0972	0.000	703	1	100.0	30
09/02/20	9:00 a	82.6	83.0	79.7	100	82.6	1.0	S	0.50	6.0	SSW	82.6	97.8	97.8	110.5	29.843	0.00	0.00	699	30.06	766	4.0	0.86	4.9	0.000	0.367	-52.3	0	---	-52.4	-52.4	 .0972	0.016	697	1	100.0	30
09/02/20	9:30 a	84.1	84.4	82.5	100	84.1	2.0	SSW	1.00	6.0	SSW	84.1	103.5	103.5	116.4	29.840	0.00	0.00	806	34.66	865	5.6	1.20	6.3	0.000	0.398	-52.3	0	---	-52.4	-52.4	 .0972	0.000	699	1	100.0	30
09/02/20	10:00 a	85.0	85.6	83.7	100	85.0	1.0	S	0.50	7.0	SSE	85.0	107.6	107.6	118.1	29.841	0.00	0.00	511	21.98	863	7.0	1.50	7.6	0.000	0.417	-52.3	0	---	-52.4	-52.4	 .0972	0.016	701	1	100.0	30
09/02/20	10:30 a	84.5	85.7	84.5	100	84.5	2.0	SSE	1.00	7.0	SSE	84.5	105.3	105.3	114.0	29.846	0.00	0.00	403	17.33	1211	8.0	1.71	9.7	0.000	0.406	-52.3	0	---	-52.4	-52.4	 .0972	0.000	699	1	100.0	30
09/02/20	11:00 a	84.8	84.9	83.8	100	84.8	2.0	S	1.00	6.0	SSW	84.8	106.7	106.7	117.7	29.841	0.00	0.00	1040	44.73	1187	9.0	1.93	9.8	0.000	0.413	-52.3	0	---	-52.4	-52.4	 .0972	0.019	701	1	100.0	30
09/02/20	11:30 a	85.6	85.8	84.2	100	85.6	2.0	S	1.00	8.0	SSE	85.6	111.0	111.0	122.4	19.237	0.00	0.00	1124	48.34	1230	9.9	2.12	10.4	0.000	0.429	-52.3	0	---	-52.4	-52.4	 .0626	0.000	697	1	100.0	30
09/02/20	12:00 p	84.8	85.6	84.3	100	84.8	2.0	S	1.00	8.0	SSE	84.8	106.7	106.7	118.2	19.237	0.00	0.00	1085	46.66	1121	9.7	2.08	10.0	0.000	0.413	-52.3	0	---	-52.4	-52.4	 .0626	0.028	700	1	100.0	30
09/02/20	12:30 p	85.0	85.9	84.1	100	85.0	3.0	S	1.50	10.0	S	85.0	107.6	107.6	119.6	19.237	0.00	0.00	1045	44.94	1079	9.3	1.99	9.6	0.000	0.417	-52.3	0	---	-52.4	-52.4	 .0626	0.000	698	1	100.0	30
09/02/20	1:00 p	85.1	85.2	84.1	100	85.1	2.0	S	1.00	8.0	S	85.1	108.2	108.2	120.7	29.785	0.00	0.00	1000	43.01	1034	8.5	1.82	9.0	0.000	0.419	-52.3	0	---	-52.4	-52.4	 .0970	0.026	700	1	100.0	30
09/02/20	1:30 p	84.2	85.9	84.1	100	84.2	2.0	ESE	1.00	9.0	SSE	84.2	104.0	104.0	117.4	19.466	0.00	0.00	979	42.10	997	7.7	1.65	8.2	0.000	0.400	-52.3	0	---	-52.4	-52.4	 .0634	0.000	702	1	100.0	30
09/02/20	2:00 p	83.5	85.7	83.5	100	83.5	2.0	S	1.00	8.0	SSE	83.5	101.1	101.1	115.3	19.466	0.00	0.00	928	39.91	1020	6.3	1.35	7.4	0.000	0.385	-52.3	0	---	-52.4	-52.4	 .0634	0.024	699	1	100.0	30
09/02/20	2:30 p	82.1	84.2	82.1	100	82.1	2.0	SE	1.00	7.0	SSE	82.1	96.0	96.0	105.5	19.466	0.00	0.00	408	17.55	958	3.6	0.77	5.7	0.000	0.356	-52.3	0	---	-52.4	-52.4	 .0634	0.000	699	1	100.0	30
09/02/20	3:00 p	82.7	82.7	81.6	100	82.7	1.0	SE	0.50	7.0	SE	82.7	98.1	98.1	105.4	19.466	0.00	0.00	272	11.70	561	2.1	0.45	2.8	0.000	0.369	-52.3	0	---	-52.4	-52.4	 .0634	0.010	694	1	100.0	30
09/02/20	3:30 p	82.6	83.9	82.3	100	82.6	2.0	SE	1.00	8.0	S	82.6	97.8	97.8	112.0	19.466	0.00	0.00	575	24.73	664	2.4	0.51	2.9	0.000	0.367	-52.3	0	---	-52.4	-52.4	 .0634	0.000	702	1	100.0	30
09/02/20	4:00 p	82.7	83.6	82.6	100	82.7	2.0	ESE	1.00	6.0	SSE	82.7	98.1	98.1	111.9	19.466	0.00	0.00	457	19.65	626	1.4	0.30	1.9	0.000	0.369	-52.3	0	---	-52.4	-52.4	 .0634	0.013	700	1	100.0	30
09/02/20	4:30 p	81.8	82.7	81.8	100	81.8	1.0	SSE	0.50	6.0	SSE	81.8	95.1	95.1	102.7	29.754	0.00	0.00	206	8.86	322	0.7	0.15	1.0	0.000	0.350	-52.3	0	---	-52.4	-52.4	 .0969	0.000	702	1	100.0	30
09/02/20	5:00 p	81.4	82.1	81.4	100	81.4	1.0	SE	0.50	6.0	ESE	81.4	93.8	93.8	95.7	29.766	0.00	0.00	140	6.02	172	0.0	0.00	0.5	0.000	0.342	-52.3	0	---	-52.4	-52.4	 .0969	0.004	702	1	100.0	30
09/02/20	5:30 p	80.4	81.7	80.4	100	80.4	0.0	SE	0.00	1.0	SE	80.4	90.8	90.8	90.8	29.766	0.00	0.00	54	2.32	93	0.0	0.00	0.0	0.000	0.321	-52.3	0	---	-52.4	-52.4	 .0969	0.000	702	1	100.0	30
09/02/20	6:00 p	79.5	80.4	79.4	100	79.5	0.0	---	0.00	0.0	---	79.5	88.2	88.2	87.0	29.781	0.00	0.00	3	0.13	12	0.0	0.00	0.0	0.000	0.302	-52.3	0	---	-52.4	-52.4	 .0970	0.001	697	1	100.0	30
09/02/20	6:30 p	78.5	79.5	78.5	100	78.5	0.0	---	0.00	0.0	---	78.5	85.6	85.6	84.3	29.781	0.00	0.00	0	0.00	0	0.0	0.00	0.0	0.000	0.281	-52.3	0	---	-52.4	-52.4	 .0970	0.000	701	1	100.0	30
09/02/20	7:00 p	78.2	78.6	78.2	100	78.2	0.0	---	0.00	0.0	---	78.2	84.9	84.9	83.6	29.795	0.00	0.00	0	0.00	0	0.0	0.00	0.0	0.000	0.275	-51.1	0	---	-51.2	-51.2	 .0967	0.000	697	1	100.0	30
09/02/20	7:30 p	78.2	78.4	78.1	100	78.2	0.0	---	0.00	0.0	---	78.2	84.9	84.9	83.6	29.805	0.00	0.00	0	0.00	0	0.0	0.00	0.0	0.000	0.275	-52.3	0	---	-52.4	-52.4	 .0970	0.000	700	1	100.0	30
09/02/20	8:00 p	78.1	78.2	78.0	100	78.1	0.0	---	0.00	0.0	---	78.1	84.6	84.6	83.3	29.794	0.00	0.00	0	0.00	0	0.0	0.00	0.0	0.000	0.273	-52.3	0	---	-52.4	-52.4	 .0970	0.000	699	1	100.0	30
09/02/20	8:30 p	77.8	78.1	77.7	100	77.8	0.0	SE	0.00	2.0	SE	77.8	84.0	84.0	82.6	29.795	0.00	0.00	0	0.00	0	0.0	0.00	0.0	0.000	0.267	-52.3	0	---	-52.4	-52.4	 .0970	0.000	701	1	100.0	30
09/02/20	9:00 p	77.8	78.0	77.7	100	77.8	0.0	SE	0.00	2.0	SE	77.8	84.0	84.0	82.6	29.817	0.04	0.85	0	0.00	0	0.0	0.00	0.0	0.000	0.267	-52.3	0	---	-52.4	-52.4	 .0971	0.000	698	1	100.0	30
09/02/20	9:30 p	76.7	77.7	76.6	100	76.7	0.0	SE	0.00	5.0	SW	76.7	81.6	81.6	80.1	29.825	0.16	1.02	0	0.00	0	0.0	0.00	0.0	0.000	0.244	-52.3	0	---	-52.4	-52.4	 .0971	0.000	698	1	100.0	30
09/02/20	10:00 p	76.6	76.8	76.6	100	76.6	0.0	SSE	0.00	1.0	SSE	76.6	81.4	81.4	79.9	29.834	0.28	1.66	0	0.00	0	0.0	0.00	0.0	0.000	0.242	-52.3	0	---	-52.4	-52.4	 .0971	0.000	702	1	100.0	30
09/02/20	10:30 p	76.6	76.8	76.5	100	76.6	0.0	SSE	0.00	1.0	SSE	76.6	81.4	81.4	79.9	29.831	0.05	0.29	0	0.00	0	0.0	0.00	0.0	0.000	0.242	-52.3	0	---	-52.4	-52.4	 .0971	0.000	698	1	100.0	30
09/02/20	11:00 p	76.1	76.7	76.1	100	76.1	0.0	---	0.00	0.0	---	76.1	80.5	80.5	79.0	29.831	0.07	0.24	0	0.00	0	0.0	0.00	0.0	0.000	0.231	-52.3	0	---	-52.4	-52.4	 .0971	0.000	703	1	100.0	30
09/02/20	11:30 p	76.1	76.3	75.9	100	76.1	0.0	---	0.00	0.0	---	76.1	80.5	80.5	79.0	29.831	0.04	0.17	0	0.00	0	0.0	0.00	0.0	0.000	0.231	-52.3	0	---	-52.4	-52.4	 .0971	0.000	698	1	100.0	30
09/03/20	12:00 a	76.2	76.2	76.0	100	76.2	0.0	SSE	0.00	2.0	SSE	76.2	80.7	80.7	79.2	29.831	0.00	0.00	0	0.00	0	0.0	0.00	0.0	0.000	0.233	-52.3	0	---	-52.4	-52.4	 .0971	0.000	700	1	100.0	30
09/03/20	12:30 a	76.0	76.2	75.7	100	76.0	0.0	SSE	0.00	3.0	NE	76.0	80.3	80.3	78.8	29.831	0.00	0.00	0	0.00	0	0.0	0.00	0.0	0.000	0.229	-52.3	0	---	-52.4	-52.4	 .0971	0.000	698	1	100.0	30
09/03/20	1:00 a	75.5	76.0	75.5	100	75.5	0.0	NNE	0.00	1.0	NNE	75.5	79.6	79.6	78.1	29.831	0.00	0.00	0	0.00	0	0.0	0.00	0.0	0.000	0.219	-52.3	0	---	-52.4	-52.4	 .0971	0.000	702	1	100.0	30
09/03/20	1:30 a	75.0	75.5	75.0	100	75.0	0.0	NNE	0.00	2.0	NNE	75.0	78.8	78.8	77.3	29.831	0.00	0.00	0	0.00	0	0.0	0.00	0.0	0.000	0.208	-52.3	0	---	-52.4	-52.4	 .0971	0.000	702	1	100.0	30
09/03/20	2:00 a	74.5	75.1	74.5	100	74.5	0.0	---	0.00	0.0	---	74.5	78.2	78.2	76.6	29.831	0.00	0.00	0	0.00	0	0.0	0.00	0.0	0.000	0.198	-52.3	0	---	-52.4	-52.4	 .0971	0.000	699	1	100.0	30
09/03/20	2:30 a	74.2	74.6	74.2	100	74.2	0.0	NNE	0.00	1.0	NNE	74.2	77.8	77.8	76.2	29.831	0.00	0.00	0	0.00	0	0.0	0.00	0.0	0.000	0.192	-52.3	0	---	-52.4	-52.4	 .0971	0.000	700	1	100.0	30
09/03/20	3:00 a	74.2	74.3	74.1	100	74.2	0.0	NNE	0.00	1.0	NNE	74.2	77.8	77.8	76.2	29.831	0.00	0.00	0	0.00	0	0.0	0.00	0.0	0.000	0.192	-52.3	0	---	-52.4	-52.4	 .0971	0.000	697	1	100.0	30
09/03/20	3:30 a	74.1	74.4	74.0	100	74.1	0.0	NNE	0.00	1.0	NNE	74.1	77.7	77.7	76.1	29.831	0.00	0.00	0	0.00	0	0.0	0.00	0.0	0.000	0.190	-52.3	0	---	-52.4	-52.4	 .0971	0.000	700	1	100.0	30
09/03/20	4:00 a	74.2	74.2	73.9	100	74.2	0.0	---	0.00	0.0	---	74.2	77.8	77.8	76.2	29.831	0.00	0.00	0	0.00	0	0.0	0.00	0.0	0.000	0.192	-52.3	0	---	-52.4	-52.4	 .0971	0.000	700	1	100.0	30
09/03/20	4:30 a	74.2	74.3	74.1	100	74.2	0.0	---	0.00	0.0	---	74.2	77.8	77.8	76.2	29.831	0.00	0.00	0	0.00	0	0.0	0.00	0.0	0.000	0.192	-52.3	0	---	-52.4	-52.4	 .0971	0.000	699	1	100.0	30
09/03/20	5:00 a	74.6	74.6	74.1	100	74.6	0.0	NNE	0.00	1.0	NNE	74.6	78.3	78.3	76.7	29.831	0.00	0.00	0	0.00	0	0.0	0.00	0.0	0.000	0.200	-52.3	0	---	-52.4	-52.4	 .0971	0.000	699	1	100.0	30
09/03/20	5:30 a	74.5	74.6	74.4	100	74.5	0.0	---	0.00	0.0	---	74.5	78.2	78.2	76.6	29.831	0.00	0.00	0	0.00	0	0.0	0.00	0.0	0.000	0.198	-52.3	0	---	-52.4	-52.4	 .0971	0.000	703	1	100.0	30
09/03/20	6:00 a	74.9	74.9	74.4	100	74.9	0.0	---	0.00	0.0	---	74.9	78.7	78.7	77.4	29.831	0.00	0.00	13	0.56	25	0.0	0.00	0.0	0.000	0.206	-52.3	0	---	-52.4	-52.4	 .0971	0.000	700	1	100.0	30
09/03/20	6:30 a	75.3	75.3	74.8	100	75.3	0.0	NNE	0.00	1.0	NNE	75.3	79.3	79.3	79.4	29.831	0.00	0.00	20	0.86	25	0.0	0.00	0.0	0.000	0.215	-52.3	0	---	-52.4	-52.4	 .0971	0.000	699	1	100.0	30
09/03/20	7:00 a	75.8	75.8	75.2	100	75.8	0.0	NNE	0.00	1.0	NNE	75.8	80.0	80.0	80.9	29.831	0.00	0.00	43	1.85	76	0.1	0.02	0.5	0.000	0.225	-52.3	0	---	-52.4	-52.4	 .0971	0.001	700	1	100.0	30
09/03/20	7:30 a	77.0	77.1	75.7	100	77.0	0.0	NNE	0.00	2.0	NNE	77.0	82.2	82.2	84.4	29.831	0.00	0.00	85	3.66	98	0.6	0.13	0.7	0.000	0.250	-52.3	0	---	-52.4	-52.4	 .0971	0.000	699	1	100.0	30
09/03/20	8:00 a	77.1	77.5	76.9	100	77.1	0.0	NNE	0.00	4.0	SW	77.1	82.4	82.4	85.5	29.831	0.00	0.00	126	5.42	151	0.9	0.19	1.0	0.000	0.252	-52.3	0	---	-52.4	-52.4	 .0971	0.003	698	1	100.0	30
09/03/20	8:30 a	76.8	77.9	76.5	100	76.8	1.0	SW	0.50	4.0	SSW	76.8	81.8	81.8	85.2	29.831	0.00	0.00	151	6.49	186	1.1	0.24	1.3	0.000	0.246	-52.3	0	---	-52.4	-52.4	 .0971	0.000	699	1	100.0	30
09/03/20	9:00 a	77.6	77.8	76.7	100	77.6	0.0	SW	0.00	2.0	SW	77.6	83.5	83.5	86.2	29.831	0.01	0.00	136	5.85	153	1.3	0.28	1.6	0.000	0.262	-52.3	0	---	-52.4	-52.4	 .0971	0.003	700	1	100.0	30
09/03/20	9:30 a	77.6	77.8	77.1	100	77.6	0.0	W	0.00	3.0	WNW	77.6	83.5	83.5	85.4	29.831	0.14	1.30	107	4.60	171	1.1	0.24	1.8	0.000	0.262	-52.3	0	---	-52.4	-52.4	 .0971	0.000	700	1	100.0	30
09/03/20	10:00 a	77.9	78.7	77.5	100	77.9	0.0	ENE	0.00	2.0	W	77.9	84.2	84.2	88.7	29.831	0.05	0.28	216	9.29	308	2.3	0.49	3.3	0.000	0.269	-52.3	0	---	-52.4	-52.4	 .0971	0.004	702	1	100.0	30
09/03/20	10:30 a	79.1	79.8	77.9	100	79.1	1.0	SSE	0.50	4.0	S	79.1	87.1	87.1	95.6	29.831	0.00	0.00	400	17.20	671	4.4	0.94	7.8	0.000	0.294	-52.3	0	---	-52.4	-52.4	 .0971	0.000	701	1	100.0	30
09/03/20	11:00 a	78.4	79.3	78.1	100	78.4	1.0	SSW	0.50	5.0	S	78.4	85.4	85.4	91.8	29.831	0.00	0.00	291	12.51	411	3.1	0.66	4.0	0.000	0.279	-52.3	0	---	-52.4	-52.4	 .0971	0.008	701	1	100.0	30
09/03/20	11:30 a	78.5	78.7	78.1	100	78.5	1.0	SE	0.50	4.0	SSE	78.5	85.6	85.6	89.6	29.831	0.01	0.00	190	8.17	274	2.3	0.49	3.4	0.000	0.281	-52.3	0	---	-52.4	-52.4	 .0971	0.000	700	1	100.0	30
09/03/20	12:00 p	78.0	78.6	77.9	100	78.0	1.0	SSE	0.50	4.0	SSE	78.0	84.4	84.4	89.0	29.831	0.04	0.21	215	9.25	290	2.5	0.54	3.4	0.000	0.271	-52.3	0	---	-52.4	-52.4	 .0971	0.005	697	1	100.0	30
09/03/20	12:30 p	78.7	78.7	77.7	100	78.7	1.0	SE	0.50	3.0	SE	78.7	86.1	86.1	92.7	29.831	0.01	0.05	306	13.16	339	3.3	0.71	3.6	0.000	0.285	-52.3	0	---	-52.4	-52.4	 .0971	0.000	702	1	100.0	30
09/03/20	1:00 p	79.5	79.9	78.2	100	79.5	1.0	S	0.50	3.0	S	79.5	88.2	88.2	97.4	29.831	0.00	0.00	448	19.27	663	4.5	0.96	7.4	0.000	0.302	-52.3	0	---	-52.4	-52.4	 .0971	0.010	700	1	100.0	30
09/03/20	1:30 p	79.5	79.7	78.7	100	79.5	1.0	S	0.50	4.0	S	79.5	88.2	88.2	96.4	29.831	0.00	0.00	387	16.64	995	4.3	0.92	6.9	0.000	0.302	-52.3	0	---	-52.4	-52.4	 .0971	0.000	702	1	100.0	30
09/03/20	2:00 p	80.4	80.7	79.0	100	80.4	1.0	SSE	0.50	5.0	SSW	80.4	90.8	90.8	102.5	29.831	0.00	0.00	792	34.06	900	5.8	1.24	6.4	0.000	0.321	-52.3	0	---	-52.4	-52.4	 .0971	0.015	697	1	100.0	30
09/03/20	2:30 p	81.0	81.4	80.3	100	81.0	1.0	S	0.50	6.0	ESE	81.0	92.5	92.5	104.3	29.831	0.00	0.00	560	24.08	821	4.0	0.86	5.6	0.000	0.333	-52.3	0	---	-52.4	-52.4	 .0971	0.000	702	1	100.0	30
09/03/20	3:00 p	80.9	81.2	79.9	100	80.9	1.0	WNW	0.50	3.0	WNW	80.9	92.2	92.2	99.2	29.831	0.00	0.00	267	11.48	406	2.1	0.45	3.1	0.000	0.331	-52.3	0	---	-52.4	-52.4	 .0971	0.011	699	1	100.0	30
09/03/20	3:30 p	79.1	81.1	78.9	100	79.1	0.0	S	0.00	4.0	W	79.1	87.1	87.1	89.1	29.831	0.00	0.00	78	3.35	200	0.3	0.06	1.3	0.000	0.294	-52.3	0	---	-52.4	-52.4	 .0971	0.000	702	1	100.0	30
09/03/20	4:00 p	78.9	79.2	78.6	100	78.9	1.0	WSW	0.50	6.0	W	78.9	86.6	86.6	89.4	29.831	0.01	0.00	88	3.78	178	0.3	0.06	0.9	0.000	0.290	-52.3	0	---	-52.4	-52.4	 .0971	0.002	699	1	100.0	30
09/03/20	4:30 p	79.3	79.3	78.7	100	79.3	0.0	SSW	0.00	2.0	SW	79.3	87.6	87.6	92.0	29.831	0.00	0.00	116	4.99	144	0.1	0.02	0.5	0.000	0.298	-52.3	0	---	-52.4	-52.4	 .0971	0.000	699	1	100.0	30
09/03/20	5:00 p	78.7	79.3	78.6	100	78.7	0.0	SSW	0.00	3.0	WSW	78.7	86.1	86.1	86.2	29.831	0.00	0.00	52	2.24	95	0.0	0.00	0.0	0.000	0.285	-52.3	0	---	-52.4	-52.4	 .0971	0.002	699	1	100.0	30
09/03/20	5:30 p	78.1	78.9	78.1	100	78.1	0.0	SSW	0.00	2.0	SSW	78.1	84.6	84.6	84.0	29.831	0.00	0.00	24	1.03	69	0.0	0.00	0.0	0.000	0.273	-52.3	0	---	-52.4	-52.4	 .0971	0.000	703	1	100.0	30
09/03/20	6:00 p	77.6	78.0	77.5	100	77.6	0.0	WSW	0.00	2.0	WSW	77.6	83.5	83.5	82.4	29.831	0.00	0.00	2	0.09	9	0.0	0.00	0.0	0.000	0.262	-52.3	0	---	-52.4	-52.4	 .0971	0.000	699	1	100.0	30
09/03/20	6:30 p	77.5	77.8	77.5	100	77.5	0.0	WSW	0.00	2.0	WSW	77.5	83.3	83.3	82.1	29.831	0.00	0.00	0	0.00	0	0.0	0.00	0.0	0.000	0.260	-52.3	0	---	-52.4	-52.4	 .0971	0.000	701	1	100.0	30
09/03/20	7:00 p	77.3	77.5	77.3	100	77.3	0.0	W	0.00	1.0	W	77.3	82.9	82.9	81.7	29.831	0.00	0.00	0	0.00	0	0.0	0.00	0.0	0.000	0.256	-52.3	0	---	-52.4	-52.4	 .0971	0.000	699	1	100.0	30
09/03/20	7:30 p	76.9	77.3	76.8	100	76.9	0.0	W	0.00	1.0	W	76.9	82.0	82.0	80.8	29.831	0.00	0.00	0	0.00	0	0.0	0.00	0.0	0.000	0.248	-52.3	0	---	-52.4	-52.4	 .0971	0.000	696	1	100.0	30
09/03/20	8:00 p	76.8	77.0	76.8	100	76.8	0.0	---	0.00	0.0	---	76.8	81.8	81.8	80.6	29.831	0.00	0.00	0	0.00	0	0.0	0.00	0.0	0.000	0.246	-52.3	0	---	-52.4	-52.4	 .0971	0.000	698	1	100.0	30
09/03/20	8:30 p	76.6	76.9	76.6	100	76.6	0.0	W	0.00	1.0	W	76.6	81.4	81.4	80.2	29.831	0.01	0.00	0	0.00	0	0.0	0.00	0.0	0.000	0.242	-52.3	0	---	-52.4	-52.4	 .0971	0.000	699	1	100.0	30
09/03/20	9:00 p	76.3	76.7	76.3	100	76.3	0.0	---	0.00	0.0	---	76.3	80.9	80.9	79.7	29.831	0.00	0.00	0	0.00	0	0.0	0.00	0.0	0.000	0.235	-52.3	0	---	-52.4	-52.4	 .0971	0.000	701	1	100.0	30
09/03/20	9:30 p	76.1	76.4	76.0	100	76.1	0.0	---	0.00	0.0	---	76.1	80.5	80.5	79.3	29.831	0.00	0.00	0	0.00	0	0.0	0.00	0.0	0.000	0.231	-52.3	0	---	-52.4	-52.4	 .0971	0.000	701	1	100.0	30
09/03/20	10:00 p	76.1	76.2	76.0	100	76.1	0.0	W	0.00	1.0	W	76.1	80.5	80.5	79.3	29.831	0.00	0.00	0	0.00	0	0.0	0.00	0.0	0.000	0.231	-52.3	0	---	-52.4	-52.4	 .0971	0.000	701	1	100.0	30
09/03/20	10:30 p	76.2	76.3	76.1	100	76.2	0.0	W	0.00	1.0	W	76.2	80.7	80.7	79.5	29.831	0.00	0.00	0	0.00	0	0.0	0.00	0.0	0.000	0.233	-52.3	0	---	-52.4	-52.4	 .0971	0.000	699	1	100.0	30
09/03/20	11:00 p	76.3	76.3	76.2	100	76.3	0.0	W	0.00	1.0	W	76.3	80.9	80.9	79.7	29.831	0.00	0.00	0	0.00	0	0.0	0.00	0.0	0.000	0.235	-52.3	0	---	-52.4	-52.4	 .0971	0.000	701	1	100.0	30
09/03/20	11:30 p	76.3	76.4	76.1	100	76.3	0.0	W	0.00	1.0	W	76.3	80.9	80.9	79.7	29.831	0.01	0.00	0	0.00	0	0.0	0.00	0.0	0.000	0.235	-52.3	0	---	-52.4	-52.4	 .0971	0.000	699	1	100.0	30
09/04/20	12:00 a	76.2	76.4	76.1	100	76.2	0.0	W	0.00	2.0	W	76.2	80.7	80.7	79.5	29.831	0.00	0.00	0	0.00	0	0.0	0.00	0.0	0.000	0.233	-52.3	0	---	-52.4	-52.4	 .0971	0.000	697	1	100.0	30
09/04/20	12:30 a	76.0	76.2	76.0	100	76.0	0.0	W	0.00	1.0	W	76.0	80.3	80.3	79.1	29.831	0.00	0.00	0	0.00	0	0.0	0.00	0.0	0.000	0.229	-52.3	0	---	-52.4	-52.4	 .0971	0.000	700	1	100.0	30
09/04/20	1:00 a	75.8	76.1	75.8	100	75.8	0.0	W	0.00	1.0	W	75.8	80.0	80.0	78.7	29.831	0.00	0.00	0	0.00	0	0.0	0.00	0.0	0.000	0.225	-52.3	0	---	-52.4	-52.4	 .0971	0.000	701	1	100.0	30
09/04/20	1:30 a	75.5	75.8	75.4	100	75.5	0.0	---	0.00	0.0	---	75.5	79.6	79.6	78.3	29.831	0.00	0.00	0	0.00	0	0.0	0.00	0.0	0.000	0.219	-52.3	0	---	-52.4	-52.4	 .0971	0.000	699	1	100.0	30
09/04/20	2:00 a	75.4	75.7	75.3	100	75.4	0.0	W	0.00	1.0	W	75.4	79.4	79.4	78.1	29.831	0.00	0.00	0	0.00	0	0.0	0.00	0.0	0.000	0.217	-52.3	0	---	-52.4	-52.4	 .0971	0.000	702	1	100.0	30
09/04/20	2:30 a	75.1	75.5	75.1	100	75.1	0.0	W	0.00	1.0	W	75.1	78.9	78.9	77.6	29.831	0.00	0.00	0	0.00	0	0.0	0.00	0.0	0.000	0.210	-52.3	0	---	-52.4	-52.4	 .0971	0.000	698	1	100.0	30
09/04/20	3:00 a	75.1	75.2	75.0	100	75.1	0.0	W	0.00	1.0	W	75.1	78.9	78.9	77.6	29.831	0.00	0.00	0	0.00	0	0.0	0.00	0.0	0.000	0.210	-52.3	0	---	-52.4	-52.4	 .0971	0.000	701	1	100.0	30
09/04/20	3:30 a	75.1	75.3	75.1	100	75.1	0.0	---	0.00	0.0	---	75.1	78.9	78.9	77.6	29.831	0.00	0.00	0	0.00	0	0.0	0.00	0.0	0.000	0.210	-52.3	0	---	-52.4	-52.4	 .0971	0.000	700	1	100.0	30
09/04/20	4:00 a	74.8	75.2	74.8	100	74.8	0.0	W	0.00	1.0	W	74.8	78.6	78.6	77.3	29.831	0.00	0.00	0	0.00	0	0.0	0.00	0.0	0.000	0.204	-52.3	0	---	-52.4	-52.4	 .0971	0.000	696	1	100.0	30
09/04/20	4:30 a	75.0	75.1	74.8	100	75.0	0.0	W	0.00	1.0	W	75.0	78.8	78.8	77.5	29.831	0.00	0.00	0	0.00	0	0.0	0.00	0.0	0.000	0.208	-52.3	0	---	-52.4	-52.4	 .0971	0.000	701	1	100.0	30
09/04/20	5:00 a	74.8	75.1	74.8	100	74.8	0.0	W	0.00	1.0	W	74.8	78.6	78.6	77.3	29.831	0.00	0.00	0	0.00	0	0.0	0.00	0.0	0.000	0.204	-52.3	0	---	-52.4	-52.4	 .0971	0.000	700	1	100.0	30
09/04/20	5:30 a	74.7	74.9	74.7	100	74.7	0.0	---	0.00	0.0	---	74.7	78.4	78.4	77.1	29.831	0.00	0.00	0	0.00	0	0.0	0.00	0.0	0.000	0.202	-52.3	0	---	-52.4	-52.4	 .0971	0.000	702	1	100.0	30
09/04/20	6:00 a	74.7	74.8	74.6	100	74.7	0.0	---	0.00	0.0	---	74.7	78.4	78.4	77.3	29.831	0.00	0.00	10	0.43	26	0.0	0.00	0.0	0.000	0.202	-52.3	0	---	-52.4	-52.4	 .0971	0.000	701	1	100.0	30
09/04/20	6:30 a	75.4	75.4	74.7	100	75.4	0.0	---	0.00	0.0	---	75.4	79.4	79.4	80.9	29.831	0.00	0.00	50	2.15	74	0.0	0.00	0.0	0.000	0.217	-52.3	0	---	-52.4	-52.4	 .0971	0.000	699	1	100.0	30
09/04/20	7:00 a	76.3	76.4	75.4	100	76.3	0.0	W	0.00	1.0	W	76.3	80.9	80.9	84.0	29.831	0.00	0.00	98	4.21	107	0.0	0.00	0.5	0.000	0.235	-52.3	0	---	-52.4	-52.4	 .0971	0.002	700	1	100.0	30
09/04/20	7:30 a	76.7	76.8	76.2	100	76.7	0.0	---	0.00	0.0	---	76.7	81.6	81.6	84.3	29.831	0.00	0.00	102	4.39	111	0.6	0.13	0.8	0.000	0.244	-52.3	0	---	-52.4	-52.4	 .0971	0.000	698	1	100.0	30
09/04/20	8:00 a	77.2	77.4	76.7	100	77.2	0.0	W	0.00	1.0	W	77.2	82.6	82.6	85.3	29.831	0.00	0.00	114	4.90	149	1.0	0.21	1.3	0.000	0.254	-52.3	0	---	-52.4	-52.4	 .0971	0.003	701	1	100.0	30
09/04/20	8:30 a	77.6	78.1	77.2	100	77.6	0.0	W	0.00	2.0	W	77.6	83.5	83.5	86.3	29.831	0.00	0.00	131	5.63	176	1.1	0.24	1.4	0.000	0.262	-52.3	0	---	-52.4	-52.4	 .0971	0.000	699	1	100.0	30
09/04/20	9:00 a	78.0	78.1	76.2	100	78.0	1.0	W	0.50	2.0	W	78.0	84.4	84.4	89.3	29.831	0.11	1.09	221	9.50	343	1.9	0.41	2.8	0.000	0.271	-52.3	0	---	-52.4	-52.4	 .0971	0.004	699	1	100.0	30
09/04/20	9:30 a	77.8	79.7	77.4	100	77.8	0.0	W	0.00	2.0	W	77.8	84.0	84.0	91.4	29.831	0.00	0.00	350	15.05	387	3.0	0.64	3.4	0.000	0.267	-52.3	0	---	-52.4	-52.4	 .0971	0.000	700	1	100.0	30
09/04/20	10:00 a	79.8	80.2	77.9	100	79.8	0.0	---	0.00	0.0	---	79.8	89.0	89.0	96.3	29.831	0.00	0.00	342	14.71	399	3.0	0.64	3.5	0.000	0.308	-52.3	0	---	-52.4	-52.4	 .0971	0.008	700	1	100.0	30
09/04/20	10:30 a	80.3	80.5	78.9	100	80.3	0.0	W	0.00	3.0	WSW	80.3	90.5	90.5	99.5	29.831	0.00	0.00	427	18.36	763	4.5	0.96	6.8	0.000	0.319	-13.7	0	---	-14.0	-14.0	 .0887	0.000	699	1	100.0	30
09/04/20	11:00 a	80.1	81.7	80.1	100	80.1	1.0	SW	0.50	5.0	SSE	80.1	89.9	89.9	100.0	29.831	0.00	0.00	489	21.03	642	4.8	1.03	5.8	0.000	0.315	-52.3	0	---	-52.4	-52.4	 .0971	0.012	703	1	100.0	30
09/04/20	11:30 a	80.5	80.9	80.0	100	80.5	1.0	SW	0.50	4.0	SW	80.5	91.1	91.1	98.8	29.831	0.00	0.00	348	14.97	663	3.8	0.81	6.6	0.000	0.323	-52.3	0	---	-52.4	-52.4	 .0971	0.000	702	1	100.0	30
09/04/20	12:00 p	80.1	81.0	80.1	100	80.1	1.0	SW	0.50	5.0	S	80.1	89.9	89.9	97.8	29.831	0.00	0.00	361	15.53	547	4.6	0.99	5.8	0.000	0.315	-52.3	0	---	-52.4	-52.4	 .0971	0.009	701	1	100.0	30
09/04/20	12:30 p	80.9	81.0	80.0	100	80.9	1.0	SW	0.50	4.0	SW	80.9	92.2	92.2	100.4	29.831	0.00	0.00	380	16.34	501	4.8	1.03	5.6	0.000	0.331	-52.3	0	---	-52.4	-52.4	 .0971	0.000	700	1	100.0	30
09/04/20	1:00 p	81.9	81.9	80.8	100	81.9	1.0	SSW	0.50	6.0	SW	81.9	95.4	95.4	105.7	29.831	0.00	0.00	512	22.02	745	5.8	1.24	7.4	0.000	0.352	-52.3	0	---	-52.4	-52.4	 .0971	0.011	701	1	100.0	30
09/04/20	1:30 p	82.3	82.8	81.4	100	82.3	2.0	SW	1.00	5.0	SSW	82.3	96.8	96.8	108.7	29.831	0.00	0.00	626	26.92	983	6.4	1.37	8.7	0.000	0.360	-52.3	0	---	-52.4	-52.4	 .0971	0.000	701	1	100.0	30
09/04/20	2:00 p	83.5	83.7	82.2	100	83.5	2.0	SW	1.00	6.0	SW	83.5	101.1	101.1	116.0	29.831	0.00	0.00	977	42.02	1303	6.5	1.39	7.9	0.000	0.385	-52.3	0	---	-52.4	-52.4	 .0971	0.020	699	1	100.0	30
09/04/20	2:30 p	80.7	84.3	80.7	100	80.7	2.0	SE	1.00	8.0	SSE	80.7	91.6	91.6	102.0	29.831	0.00	0.00	466	20.04	1153	3.6	0.77	6.4	0.000	0.327	-52.3	0	---	-52.4	-52.4	 .0971	0.000	703	1	100.0	30
09/04/20	3:00 p	79.8	80.7	79.8	100	79.8	2.0	SSE	1.00	6.0	SSW	79.8	89.0	89.0	94.6	29.831	0.00	0.00	211	9.07	387	1.6	0.34	2.4	0.000	0.308	-52.3	0	---	-52.4	-52.4	 .0971	0.010	700	1	100.0	30
09/04/20	3:30 p	78.8	79.9	78.8	100	78.8	1.0	S	0.50	5.0	S	78.8	86.3	86.3	87.3	29.831	0.00	0.00	49	2.11	63	0.3	0.06	0.9	0.000	0.288	-52.3	0	---	-52.4	-52.4	 .0971	0.000	702	1	100.0	30
09/04/20	4:00 p	78.6	78.7	78.2	100	78.6	0.0	S	0.00	2.0	S	78.6	85.8	85.8	86.7	29.831	0.00	0.00	42	1.81	46	0.0	0.00	0.0	0.000	0.283	-52.3	0	---	-52.4	-52.4	 .0971	0.001	700	1	100.0	30
09/04/20	4:30 p	78.3	78.7	78.2	100	78.3	0.0	S	0.00	1.0	S	78.3	85.1	85.1	85.9	29.831	0.00	0.00	32	1.38	46	0.0	0.00	0.0	0.000	0.277	-52.3	0	---	-52.4	-52.4	 .0971	0.000	701	1	100.0	30
09/04/20	5:00 p	78.0	78.3	77.9	100	78.0	0.0	S	0.00	1.0	S	78.0	84.4	84.4	83.9	29.831	0.00	0.00	20	0.86	30	0.0	0.00	0.0	0.000	0.271	-52.3	0	---	-52.4	-52.4	 .0971	0.001	695	1	100.0	30
09/04/20	5:30 p	77.6	78.1	77.6	100	77.6	0.0	---	0.00	0.0	---	77.6	83.5	83.5	82.7	29.831	0.00	0.00	8	0.34	12	0.0	0.00	0.0	0.000	0.262	-52.3	0	---	-52.4	-52.4	 .0971	0.000	703	1	100.0	30
09/04/20	6:00 p	76.8	77.6	76.8	100	76.8	0.0	---	0.00	0.0	---	76.8	81.8	81.8	80.7	29.831	0.00	0.00	0	0.00	5	0.0	0.00	0.0	0.000	0.246	-52.3	0	---	-52.4	-52.4	 .0971	0.000	698	1	100.0	30
09/04/20	6:30 p	76.6	76.8	76.5	100	76.6	0.0	S	0.00	1.0	S	76.6	81.4	81.4	80.3	29.831	0.00	0.00	0	0.00	0	0.0	0.00	0.0	0.000	0.242	-52.3	0	---	-52.4	-52.4	 .0971	0.000	700	1	100.0	30
09/04/20	7:00 p	76.3	76.7	76.3	100	76.3	0.0	S	0.00	1.0	S	76.3	80.9	80.9	79.8	29.831	0.00	0.00	0	0.00	0	0.0	0.00	0.0	0.000	0.235	-52.3	0	---	-52.4	-52.4	 .0971	0.000	702	1	100.0	30
09/04/20	7:30 p	76.2	76.4	76.2	100	76.2	0.0	S	0.00	1.0	S	76.2	80.7	80.7	79.6	29.831	0.00	0.00	0	0.00	0	0.0	0.00	0.0	0.000	0.233	-52.3	0	---	-52.4	-52.4	 .0971	0.000	701	1	100.0	30
09/04/20	8:00 p	75.9	76.3	75.9	100	75.9	0.0	S	0.00	1.0	S	75.9	80.2	80.2	79.1	29.831	0.00	0.00	0	0.00	0	0.0	0.00	0.0	0.000	0.227	-52.3	0	---	-52.4	-52.4	 .0971	0.000	698	1	100.0	30
09/04/20	8:30 p	75.7	75.9	75.6	100	75.7	0.0	S	0.00	1.0	S	75.7	79.8	79.8	78.7	29.831	0.00	0.00	0	0.00	0	0.0	0.00	0.0	0.000	0.223	-52.3	0	---	-52.4	-52.4	 .0971	0.000	700	1	100.0	30
09/04/20	9:00 p	75.6	75.8	75.5	100	75.6	0.0	---	0.00	0.0	---	75.6	79.7	79.7	78.6	29.831	0.00	0.00	0	0.00	0	0.0	0.00	0.0	0.000	0.221	-52.3	0	---	-52.4	-52.4	 .0971	0.000	698	1	100.0	30
09/04/20	9:30 p	75.3	75.7	75.3	100	75.3	0.0	---	0.00	0.0	---	75.3	79.3	79.3	78.2	29.831	0.00	0.00	0	0.00	0	0.0	0.00	0.0	0.000	0.215	-52.3	0	---	-52.4	-52.4	 .0971	0.000	701	1	100.0	30
09/04/20	10:00 p	75.2	75.4	75.1	100	75.2	0.0	S	0.00	1.0	S	75.2	79.1	79.1	78.0	29.831	0.00	0.00	0	0.00	0	0.0	0.00	0.0	0.000	0.212	-52.3	0	---	-52.4	-52.4	 .0971	0.000	702	1	100.0	30
09/04/20	10:30 p	75.8	75.8	75.2	100	75.8	0.0	---	0.00	0.0	---	75.8	80.0	80.0	78.9	29.831	0.00	0.00	0	0.00	0	0.0	0.00	0.0	0.000	0.225	-52.3	0	---	-52.4	-52.4	 .0971	0.000	700	1	100.0	30
09/04/20	11:00 p	75.2	75.8	75.2	100	75.2	0.0	S	0.00	1.0	S	75.2	79.1	79.1	78.0	29.831	0.00	0.00	0	0.00	0	0.0	0.00	0.0	0.000	0.212	-52.3	0	---	-52.4	-52.4	 .0971	0.000	702	1	100.0	30
09/04/20	11:30 p	74.8	75.3	74.8	100	74.8	0.0	S	0.00	1.0	S	74.8	78.6	78.6	77.4	29.831	0.00	0.00	0	0.00	0	0.0	0.00	0.0	0.000	0.204	-52.3	0	---	-52.4	-52.4	 .0971	0.000	702	1	100.0	30
09/05/20	12:00 a	74.5	74.9	74.5	100	74.5	0.0	S	0.00	1.0	S	74.5	78.2	78.2	77.0	29.831	0.00	0.00	0	0.00	0	0.0	0.00	0.0	0.000	0.198	-52.3	0	---	-52.4	-52.4	 .0971	0.000	700	1	100.0	30
09/05/20	12:30 a	74.2	74.5	74.2	100	74.2	0.0	---	0.00	0.0	---	74.2	77.8	77.8	76.6	29.831	0.00	0.00	0	0.00	0	0.0	0.00	0.0	0.000	0.192	-52.3	0	---	-52.4	-52.4	 .0971	0.000	694	1	100.0	30
09/05/20	1:00 a	74.5	74.5	74.2	100	74.5	0.0	---	0.00	0.0	---	74.5	78.2	78.2	77.0	29.831	0.00	0.00	0	0.00	0	0.0	0.00	0.0	0.000	0.198	-52.3	0	---	-52.4	-52.4	 .0971	0.000	702	1	100.0	30
09/05/20	1:30 a	74.7	74.7	74.5	100	74.7	0.0	---	0.00	0.0	---	74.7	78.4	78.4	77.2	29.831	0.00	0.00	0	0.00	0	0.0	0.00	0.0	0.000	0.202	-52.3	0	---	-52.4	-52.4	 .0971	0.000	701	1	100.0	30
09/05/20	2:00 a	74.7	74.7	74.4	100	74.7	0.0	---	0.00	0.0	---	74.7	78.4	78.4	77.2	29.831	0.00	0.00	0	0.00	0	0.0	0.00	0.0	0.000	0.202	-52.3	0	---	-52.4	-52.4	 .0971	0.000	701	1	100.0	30
09/05/20	2:30 a	74.6	74.7	74.5	100	74.6	0.0	---	0.00	0.0	---	74.6	78.3	78.3	77.1	29.831	0.00	0.00	0	0.00	0	0.0	0.00	0.0	0.000	0.200	-52.3	0	---	-52.4	-52.4	 .0971	0.000	701	1	100.0	30
09/05/20	3:00 a	74.3	74.6	74.3	100	74.3	0.0	S	0.00	1.0	S	74.3	78.0	78.0	76.8	29.831	0.00	0.00	0	0.00	0	0.0	0.00	0.0	0.000	0.194	-52.3	0	---	-52.4	-52.4	 .0971	0.000	701	1	100.0	30
09/05/20	3:30 a	74.1	74.4	74.0	100	74.1	0.0	---	0.00	0.0	---	74.1	77.7	77.7	76.5	29.831	0.00	0.00	0	0.00	0	0.0	0.00	0.0	0.000	0.190	-52.3	0	---	-52.4	-52.4	 .0971	0.000	699	1	100.0	30
09/05/20	4:00 a	74.1	74.2	74.0	100	74.1	0.0	---	0.00	0.0	---	74.1	77.7	77.7	76.5	29.831	0.00	0.00	0	0.00	0	0.0	0.00	0.0	0.000	0.190	-52.3	0	---	-52.4	-52.4	 .0971	0.000	700	1	100.0	30
09/05/20	4:30 a	73.9	74.1	73.9	100	73.9	0.0	---	0.00	0.0	---	73.9	77.5	77.5	76.3	29.831	0.00	0.00	0	0.00	0	0.0	0.00	0.0	0.000	0.185	-52.3	0	---	-52.4	-52.4	 .0971	0.000	703	1	100.0	30
09/05/20	5:00 a	73.7	74.0	73.7	100	73.7	0.0	---	0.00	0.0	---	73.7	77.3	77.3	76.1	29.831	0.00	0.00	0	0.00	0	0.0	0.00	0.0	0.000	0.181	-52.3	0	---	-52.4	-52.4	 .0971	0.000	698	1	100.0	30
09/05/20	5:30 a	73.7	73.8	73.6	100	73.7	0.0	---	0.00	0.0	---	73.7	77.3	77.3	76.1	29.831	0.00	0.00	0	0.00	0	0.0	0.00	0.0	0.000	0.181	-52.3	0	---	-52.4	-52.4	 .0971	0.000	701	1	100.0	30
09/05/20	6:00 a	74.2	74.2	73.7	100	74.2	0.0	S	0.00	1.0	S	74.2	77.8	77.8	77.2	29.831	0.00	0.00	22	0.95	40	0.0	0.00	0.0	0.000	0.192	-52.3	0	---	-52.4	-52.4	 .0971	0.000	702	1	100.0	30
09/05/20	6:30 a	75.0	75.1	74.2	100	75.0	0.0	S	0.00	1.0	S	75.0	78.8	78.8	80.4	29.831	0.00	0.00	52	2.24	60	0.0	0.00	0.0	0.000	0.208	-52.3	0	---	-52.4	-52.4	 .0971	0.000	702	1	100.0	30
09/05/20	7:00 a	75.8	75.8	75.0	100	75.8	0.0	S	0.00	1.0	S	75.8	80.0	80.0	81.9	29.831	0.00	0.00	69	2.97	76	0.2	0.04	0.6	0.000	0.225	-52.3	0	---	-52.4	-52.4	 .0971	0.001	700	1	100.0	30
09/05/20	7:30 a	76.5	76.5	75.7	100	76.5	0.0	---	0.00	0.0	---	76.5	81.3	81.3	83.8	29.831	0.00	0.00	96	4.13	113	0.8	0.17	1.0	0.000	0.240	-52.3	0	---	-52.4	-52.4	 .0971	0.000	699	1	100.0	30
09/05/20	8:00 a	77.9	78.3	76.5	100	77.9	0.0	S	0.00	1.0	S	77.9	84.2	84.2	87.9	29.831	0.00	0.00	146	6.28	264	1.3	0.28	1.8	0.000	0.269	-52.3	0	---	-52.4	-52.4	 .0971	0.003	701	1	100.0	30
09/05/20	8:30 a	79.2	79.4	77.8	100	79.2	0.0	S	0.00	2.0	S	79.2	87.4	87.4	98.1	29.831	0.00	0.00	487	20.94	756	2.6	0.56	3.8	0.000	0.296	-52.3	0	---	-52.4	-52.4	 .0971	0.000	701	1	100.0	30
09/05/20	9:00 a	80.5	80.6	79.2	100	80.5	1.0	SSE	0.50	3.0	SSE	80.5	91.1	91.1	98.5	29.831	0.00	0.00	329	14.15	682	3.1	0.66	4.4	0.000	0.323	-52.3	0	---	-52.4	-52.4	 .0971	0.010	701	1	100.0	30
09/05/20	9:30 a	82.5	82.5	80.5	100	82.5	1.0	SSW	0.50	4.0	S	82.5	97.4	97.4	107.6	29.831	0.00	0.00	495	21.29	568	4.8	1.03	5.3	0.000	0.365	-52.3	0	---	-52.4	-52.4	 .0971	0.000	697	1	100.0	30
09/05/20	10:00 a	82.9	84.4	82.5	100	82.9	1.0	SSE	0.50	5.0	SE	82.9	98.9	98.9	106.6	29.831	0.00	0.00	354	15.22	445	6.1	1.31	7.3	0.000	0.373	-52.3	0	---	-52.4	-52.4	 .0971	0.011	697	1	100.0	30
09/05/20	10:30 a	84.7	84.8	81.6	100	84.7	1.0	ESE	0.50	4.0	S	84.7	106.2	106.2	117.1	29.831	0.00	0.00	535	23.01	1157	6.1	1.31	9.5	0.000	0.410	-52.3	0	---	-52.4	-52.4	 .0971	0.000	698	1	100.0	30
09/05/20	11:00 a	86.1	86.2	83.9	100	86.1	2.0	SSW	1.00	6.0	SSW	86.1	113.9	113.9	125.7	29.831	0.00	0.00	1102	47.39	1153	9.8	2.10	10.2	0.000	0.440	-52.3	0	---	-52.4	-52.4	 .0971	0.021	700	1	100.0	30
09/05/20	11:30 a	86.0	86.5	84.6	100	86.0	2.0	SE	1.00	8.0	SE	86.0	113.2	113.2	124.9	29.831	0.00	0.00	1157	49.76	1318	9.6	2.06	10.8	0.000	0.438	-52.3	0	---	-52.4	-52.4	 .0971	0.000	700	1	100.0	30
09/05/20	12:00 p	85.0	86.1	84.7	100	85.0	2.0	SSE	1.00	7.0	S	85.0	107.6	107.6	118.9	29.831	0.00	0.00	1072	46.10	1410	9.5	2.04	11.3	0.000	0.417	-52.3	0	---	-52.4	-52.4	 .0971	0.027	699	1	100.0	30
09/05/20	12:30 p	83.0	85.0	83.0	100	83.0	2.0	SW	1.00	9.0	S	83.0	99.2	99.2	110.2	29.831	0.00	0.00	548	23.57	1313	6.5	1.39	10.5	0.000	0.375	-52.3	0	---	-52.4	-52.4	 .0971	0.000	702	1	100.0	30
09/05/20	1:00 p	84.8	85.0	82.9	100	84.8	3.0	SE	1.50	9.0	SSE	84.8	106.7	106.7	120.4	29.831	0.00	0.00	1103	47.44	1253	9.0	1.93	10.2	0.000	0.413	-52.3	0	---	-52.4	-52.4	 .0971	0.022	702	1	100.0	30
09/05/20	1:30 p	84.1	86.6	83.6	100	84.1	2.0	SE	1.00	9.0	S	84.1	103.5	103.5	116.2	29.831	0.00	0.00	835	35.91	1278	6.5	1.39	9.0	0.000	0.398	-52.3	0	---	-52.4	-52.4	 .0971	0.000	702	1	100.0	30
09/05/20	2:00 p	82.3	84.8	82.3	100	82.3	2.0	SE	1.00	10.0	SSE	82.3	96.8	96.8	104.3	29.831	0.00	0.00	333	14.32	1253	2.9	0.62	7.2	0.000	0.360	-52.3	0	---	-52.4	-52.4	 .0971	0.015	701	1	100.0	30
09/05/20	2:30 p	83.5	83.7	82.0	100	83.5	2.0	SSE	1.00	9.0	NE	83.5	101.1	101.1	108.9	29.831	0.00	0.00	323	13.89	605	3.4	0.73	5.3	0.000	0.385	-52.3	0	---	-52.4	-52.4	 .0971	0.000	701	1	100.0	30
09/05/20	3:00 p	83.0	83.6	82.2	100	83.0	2.0	SE	1.00	9.0	SE	83.0	99.2	99.2	107.0	29.831	0.00	0.00	293	12.60	580	2.2	0.47	3.3	0.000	0.375	-52.3	0	---	-52.4	-52.4	 .0971	0.011	697	1	100.0	30
09/05/20	3:30 p	83.2	83.8	82.7	100	83.2	2.0	SE	1.00	9.0	SSE	83.2	100.0	100.0	111.6	29.831	0.00	0.00	432	18.58	810	1.9	0.41	3.0	0.000	0.379	-52.3	0	---	-52.4	-52.4	 .0971	0.000	701	1	100.0	30
09/05/20	4:00 p	82.8	84.3	82.8	100	82.8	2.0	S	1.00	7.0	S	82.8	98.5	98.5	111.4	29.831	0.00	0.00	429	18.45	606	1.3	0.28	1.6	0.000	0.371	-52.3	0	---	-52.4	-52.4	 .0971	0.011	700	1	100.0	30
09/05/20	4:30 p	82.0	82.9	82.0	100	82.0	1.0	SE	0.50	7.0	SE	82.0	95.7	95.7	101.1	29.831	0.00	0.00	135	5.81	387	0.5	0.11	1.0	0.000	0.354	-52.3	0	---	-52.4	-52.4	 .0971	0.000	701	1	100.0	30
09/05/20	5:00 p	81.3	82.1	81.3	100	81.3	1.0	SSE	0.50	6.0	SSE	81.3	93.5	93.5	94.5	29.831	0.00	0.00	88	3.78	118	0.0	0.00	0.0	0.000	0.340	-52.3	0	---	-52.4	-52.4	 .0971	0.003	701	1	100.0	30
09/05/20	5:30 p	80.8	81.4	80.8	100	80.8	1.0	E	0.50	4.0	ESE	80.8	91.9	91.9	91.9	29.831	0.00	0.00	46	1.98	91	0.0	0.00	0.0	0.000	0.329	-52.3	0	---	-52.4	-52.4	 .0971	0.000	701	1	100.0	30
09/05/20	6:00 p	79.6	80.7	79.6	100	79.6	0.0	NNE	0.00	3.0	ENE	79.6	88.5	88.5	87.5	29.831	0.00	0.00	4	0.17	11	0.0	0.00	0.0	0.000	0.304	-52.3	0	---	-52.4	-52.4	 .0971	0.001	700	1	100.0	30
09/05/20	6:30 p	78.9	79.6	78.8	100	78.9	0.0	NNE	0.00	2.0	NNE	78.9	86.6	86.6	85.4	29.831	0.00	0.00	0	0.00	0	0.0	0.00	0.0	0.000	0.290	-52.3	0	---	-52.4	-52.4	 .0971	0.000	698	1	100.0	30
09/05/20	7:00 p	78.2	78.9	78.2	100	78.2	0.0	NNE	0.00	1.0	NNE	78.2	84.9	84.9	83.7	29.831	0.00	0.00	0	0.00	0	0.0	0.00	0.0	0.000	0.275	-52.3	0	---	-52.4	-52.4	 .0971	0.000	703	1	100.0	30
09/05/20	7:30 p	78.0	78.2	77.9	100	78.0	0.0	NNE	0.00	1.0	NNE	78.0	84.4	84.4	83.2	29.831	0.00	0.00	0	0.00	0	0.0	0.00	0.0	0.000	0.271	-52.3	0	---	-52.4	-52.4	 .0971	0.000	699	1	100.0	30
09/05/20	8:00 p	78.1	78.1	77.9	100	78.1	0.0	---	0.00	0.0	---	78.1	84.6	84.6	83.4	29.831	0.00	0.00	0	0.00	0	0.0	0.00	0.0	0.000	0.273	-49.8	0	---	-49.9	-49.9	 .0965	0.000	701	1	100.0	30
09/05/20	8:30 p	78.1	78.1	77.9	100	78.1	0.0	NNE	0.00	1.0	NNE	78.1	84.6	84.6	83.4	29.831	0.00	0.00	0	0.00	0	0.0	0.00	0.0	0.000	0.273	-49.8	0	---	-49.9	-49.9	 .0965	0.000	700	1	100.0	30
09/05/20	9:00 p	78.0	78.1	77.9	100	78.0	0.0	---	0.00	0.0	---	78.0	84.4	84.4	83.2	29.831	0.00	0.00	0	0.00	0	0.0	0.00	0.0	0.000	0.271	-52.3	0	---	-52.4	-52.4	 .0971	0.000	701	1	100.0	30
09/05/20	9:30 p	77.5	78.0	77.3	100	77.5	0.0	NNE	0.00	1.0	NNE	77.5	83.3	83.3	82.1	29.831	0.00	0.00	0	0.00	0	0.0	0.00	0.0	0.000	0.260	-52.3	0	---	-52.4	-52.4	 .0971	0.000	698	1	100.0	30
09/05/20	10:00 p	77.4	77.6	77.4	100	77.4	0.0	---	0.00	0.0	---	77.4	83.1	83.1	81.9	29.831	0.00	0.00	0	0.00	0	0.0	0.00	0.0	0.000	0.258	-52.3	0	---	-52.4	-52.4	 .0971	0.000	702	1	100.0	30
09/05/20	10:30 p	77.4	77.5	77.3	100	77.4	0.0	NNE	0.00	1.0	NNE	77.4	83.1	83.1	81.9	29.831	0.00	0.00	0	0.00	0	0.0	0.00	0.0	0.000	0.258	-52.3	0	---	-52.4	-52.4	 .0971	0.000	699	1	100.0	30
09/05/20	11:00 p	77.5	77.6	77.4	100	77.5	0.0	NNE	0.00	1.0	NNE	77.5	83.3	83.3	82.1	29.831	0.00	0.00	0	0.00	0	0.0	0.00	0.0	0.000	0.260	-52.3	0	---	-52.4	-52.4	 .0971	0.000	702	1	100.0	30
09/05/20	11:30 p	77.5	77.6	77.4	100	77.5	0.0	NNE	0.00	1.0	NNE	77.5	83.3	83.3	82.1	29.831	0.00	0.00	0	0.00	0	0.0	0.00	0.0	0.000	0.260	-52.3	0	---	-52.4	-52.4	 .0971	0.000	696	1	100.0	30
09/06/20	12:00 a	77.3	77.5	77.2	100	77.3	0.0	NNE	0.00	1.0	NNE	77.3	82.9	82.9	81.7	29.831	0.00	0.00	0	0.00	0	0.0	0.00	0.0	0.000	0.256	-52.3	0	---	-52.4	-52.4	 .0971	0.000	700	1	100.0	30
09/06/20	12:30 a	77.5	77.6	77.3	100	77.5	0.0	NNE	0.00	1.0	NNE	77.5	83.3	83.3	82.1	29.831	0.00	0.00	0	0.00	0	0.0	0.00	0.0	0.000	0.260	-52.3	0	---	-52.4	-52.4	 .0971	0.000	647	1	94.6	30
09/06/20	1:00 a	77.5	77.6	77.3	100	77.5	0.0	NNE	0.00	1.0	NNE	77.5	83.3	83.3	82.1	29.831	0.00	0.00	0	0.00	0	0.0	0.00	0.0	0.000	0.260	-52.3	0	---	-52.4	-52.4	 .0971	0.000	699	1	100.0	30
09/06/20	1:30 a	77.1	77.5	76.9	100	77.1	0.0	NNE	0.00	1.0	NNE	77.1	82.4	82.4	81.2	29.831	0.00	0.00	0	0.00	0	0.0	0.00	0.0	0.000	0.252	-52.3	0	---	-52.4	-52.4	 .0971	0.000	702	1	100.0	30
09/06/20	2:00 a	77.0	77.3	77.0	100	77.0	0.0	NNE	0.00	1.0	NNE	77.0	82.2	82.2	81.0	29.831	0.00	0.00	0	0.00	0	0.0	0.00	0.0	0.000	0.250	-52.3	0	---	-52.4	-52.4	 .0971	0.000	699	1	100.0	30
09/06/20	2:30 a	77.0	77.2	76.9	100	77.0	0.0	NNE	0.00	1.0	NNE	77.0	82.2	82.2	81.0	29.831	0.00	0.00	0	0.00	0	0.0	0.00	0.0	0.000	0.250	-52.3	0	---	-52.4	-52.4	 .0971	0.000	700	1	100.0	30
09/06/20	3:00 a	76.8	77.1	76.7	100	76.8	0.0	NNE	0.00	1.0	NNE	76.8	81.8	81.8	80.5	29.831	0.00	0.00	0	0.00	0	0.0	0.00	0.0	0.000	0.246	-52.3	0	---	-52.4	-52.4	 .0971	0.000	701	1	100.0	30
09/06/20	3:30 a	76.6	76.9	76.4	100	76.6	0.0	NNE	0.00	1.0	NNE	76.6	81.4	81.4	80.1	29.831	0.00	0.00	0	0.00	0	0.0	0.00	0.0	0.000	0.242	-52.3	0	---	-52.4	-52.4	 .0971	0.000	700	1	100.0	30
09/06/20	4:00 a	76.5	76.6	76.4	100	76.5	0.0	---	0.00	0.0	---	76.5	81.3	81.3	80.0	29.831	0.00	0.00	0	0.00	0	0.0	0.00	0.0	0.000	0.240	-52.3	0	---	-52.4	-52.4	 .0971	0.000	699	1	100.0	30
09/06/20	4:30 a	76.0	76.5	75.8	100	76.0	0.0	NNE	0.00	1.0	NNE	76.0	80.3	80.3	79.0	29.831	0.00	0.00	0	0.00	0	0.0	0.00	0.0	0.000	0.229	-52.3	0	---	-52.4	-52.4	 .0971	0.000	699	1	100.0	30
09/06/20	5:00 a	75.5	76.0	75.4	100	75.5	0.0	NNE	0.00	1.0	NNE	75.5	79.6	79.6	78.3	29.831	0.00	0.00	0	0.00	0	0.0	0.00	0.0	0.000	0.219	-52.3	0	---	-52.4	-52.4	 .0971	0.000	702	1	100.0	30
09/06/20	5:30 a	75.3	75.5	75.3	100	75.3	0.0	---	0.00	0.0	---	75.3	79.3	79.3	78.0	29.831	0.00	0.00	2	0.09	11	0.0	0.00	0.0	0.000	0.215	-52.3	0	---	-52.4	-52.4	 .0971	0.000	700	1	100.0	30
09/06/20	6:00 a	76.0	76.0	75.3	100	76.0	0.0	---	0.00	0.0	---	76.0	80.3	80.3	79.9	29.831	0.00	0.00	37	1.59	56	0.0	0.00	0.0	0.000	0.229	-52.3	0	---	-52.4	-52.4	 .0971	0.000	699	1	100.0	30
09/06/20	6:30 a	76.8	77.0	76.0	100	76.8	0.0	NNE	0.00	2.0	NNE	76.8	81.8	81.8	84.7	29.831	0.00	0.00	81	3.48	98	0.0	0.00	0.0	0.000	0.246	-52.3	0	---	-52.4	-52.4	 .0971	0.000	698	1	100.0	30
09/06/20	7:00 a	77.5	77.6	76.9	100	77.5	0.0	NNE	0.00	1.0	NNE	77.5	83.3	83.3	86.6	29.831	0.00	0.00	103	4.43	123	0.3	0.06	0.7	0.000	0.260	-52.3	0	---	-52.4	-52.4	 .0971	0.002	702	1	100.0	30
09/06/20	7:30 a	78.3	78.5	77.5	100	78.3	0.0	NNE	0.00	1.0	NNE	78.3	85.1	85.1	88.7	29.831	0.00	0.00	127	5.46	190	0.9	0.19	1.3	0.000	0.277	-52.3	0	---	-52.4	-52.4	 .0971	0.000	702	1	100.0	30
09/06/20	8:00 a	80.1	80.1	78.2	100	80.1	0.0	NNE	0.00	2.0	NNE	80.1	89.9	89.9	95.6	29.831	0.00	0.00	211	9.07	524	1.6	0.34	2.0	0.000	0.315	-52.3	0	---	-52.4	-52.4	 .0971	0.004	700	1	100.0	30
09/06/20	8:30 a	81.6	81.6	79.6	100	81.6	1.0	S	0.50	4.0	ESE	81.6	94.4	94.4	103.0	29.831	0.00	0.00	362	15.57	809	2.5	0.54	3.6	0.000	0.346	-52.3	0	---	-52.4	-52.4	 .0971	0.000	700	1	100.0	30
09/06/20	9:00 a	84.8	84.8	81.5	100	84.8	1.0	SSW	0.50	4.0	SSW	84.8	106.7	106.7	119.3	29.831	0.00	0.00	663	28.51	726	4.4	0.94	5.3	0.000	0.413	-52.3	0	---	-52.4	-52.4	 .0971	0.013	702	1	100.0	30
09/06/20	9:30 a	85.0	85.6	84.5	100	85.0	2.0	S	1.00	5.0	S	85.0	107.6	107.6	116.9	29.831	0.00	0.00	430	18.49	670	5.9	1.26	6.5	0.000	0.417	-52.3	0	---	-52.4	-52.4	 .0971	0.000	700	1	100.0	30
09/06/20	10:00 a	84.4	85.1	83.6	100	84.4	2.0	SE	1.00	9.0	S	84.4	104.9	104.9	113.1	29.831	0.00	0.00	378	16.26	529	6.5	1.39	7.9	0.000	0.404	-52.3	0	---	-52.4	-52.4	 .0971	0.010	698	1	100.0	30
09/06/20	10:30 a	85.1	85.1	82.5	100	85.1	3.0	SSE	1.50	10.0	SE	85.1	108.2	108.2	118.8	29.831	0.00	0.00	513	22.06	1136	6.5	1.39	9.6	0.000	0.419	-52.3	0	---	-52.4	-52.4	 .0971	0.000	699	1	100.0	30
09/06/20	11:00 a	85.6	85.7	84.6	100	85.6	3.0	S	1.50	10.0	SSE	85.6	111.0	111.0	123.4	29.831	0.00	0.00	969	41.67	1157	8.3	1.78	9.8	0.000	0.429	-52.3	0	---	-52.4	-52.4	 .0971	0.019	701	1	100.0	30
09/06/20	11:30 a	85.2	86.2	85.0	100	85.2	3.0	SE	1.50	9.0	SE	85.2	108.7	108.7	119.7	29.831	0.00	0.00	1100	47.31	1190	10.0	2.14	11.1	0.000	0.421	-52.3	0	---	-52.4	-52.4	 .0971	0.000	700	1	100.0	30
09/06/20	12:00 p	84.8	86.1	84.5	100	84.8	3.0	SE	1.50	12.0	S	84.8	106.7	106.7	119.2	29.831	0.00	0.00	962	41.37	1324	8.9	1.91	11.4	0.000	0.413	-52.3	0	---	-52.4	-52.4	 .0971	0.025	700	1	100.0	30
09/06/20	12:30 p	85.8	86.3	84.7	100	85.8	3.0	SE	1.50	11.0	ESE	85.8	112.1	112.1	125.3	29.831	0.00	0.00	897	38.58	1271	8.5	1.82	10.6	0.000	0.433	-52.3	0	---	-52.4	-52.4	 .0971	0.000	699	1	100.0	30
09/06/20	1:00 p	84.8	86.3	83.9	100	84.8	2.0	SE	1.00	8.0	SE	84.8	106.7	106.7	119.2	29.831	0.00	0.00	673	28.94	1232	7.1	1.52	9.7	0.000	0.413	-52.3	0	---	-52.4	-52.4	 .0971	0.020	701	1	100.0	30
09/06/20	1:30 p	84.8	85.0	84.1	100	84.8	3.0	ESE	1.50	12.0	SSE	84.8	106.7	106.7	119.7	29.831	0.00	0.00	795	34.19	911	6.5	1.39	7.0	0.000	0.413	-52.3	0	---	-52.4	-52.4	 .0971	0.000	702	1	100.0	30
09/06/20	2:00 p	84.3	85.5	84.3	100	84.3	3.0	SE	1.50	11.0	S	84.3	104.5	104.5	116.9	29.831	0.00	0.00	815	35.05	995	5.9	1.26	7.1	0.000	0.402	-52.3	0	---	-52.4	-52.4	 .0971	0.020	698	1	100.0	30
09/06/20	2:30 p	82.6	84.4	82.5	100	82.6	3.0	SE	1.50	9.0	ESE	82.6	97.8	97.8	107.5	29.831	0.00	0.00	421	18.11	606	3.1	0.66	4.4	0.000	0.367	-52.3	0	---	-52.4	-52.4	 .0971	0.000	699	1	100.0	30
09/06/20	3:00 p	82.4	82.7	82.3	100	82.4	2.0	SE	1.00	8.0	SSE	82.4	97.1	97.1	105.2	29.831	0.00	0.00	309	13.29	334	2.0	0.43	2.4	0.000	0.363	-52.3	0	---	-52.4	-52.4	 .0971	0.009	698	1	100.0	30
09/06/20	3:30 p	81.2	82.4	81.2	100	81.2	1.0	ESE	0.50	6.0	SE	81.2	93.1	93.1	97.1	29.831	0.00	0.00	136	5.85	199	0.7	0.15	1.2	0.000	0.337	-52.3	0	---	-52.4	-52.4	 .0971	0.000	702	1	100.0	30
09/06/20	4:00 p	80.5	81.2	80.5	100	80.5	1.0	SE	0.50	6.0	ESE	80.5	91.1	91.1	92.5	29.831	0.00	0.00	52	2.24	60	0.0	0.00	0.0	0.000	0.323	-52.3	0	---	-52.4	-52.4	 .0971	0.002	701	1	100.0	30
09/06/20	4:30 p	79.6	80.5	79.6	100	79.6	1.0	SSE	0.50	4.0	ESE	79.6	88.5	88.5	88.6	29.831	0.00	0.00	17	0.73	35	0.0	0.00	0.0	0.000	0.304	-52.3	0	---	-52.4	-52.4	 .0971	0.000	701	1	100.0	30
09/06/20	5:00 p	79.4	79.8	79.3	100	79.4	0.0	SSE	0.00	2.0	SSE	79.4	87.9	87.9	87.1	29.831	0.00	0.00	4	0.17	11	0.0	0.00	0.0	0.000	0.300	-52.3	0	---	-52.4	-52.4	 .0971	0.000	701	1	100.0	30
09/06/20	5:30 p	78.6	79.5	78.6	100	78.6	1.0	NNE	0.50	5.0	SSW	78.6	85.8	85.8	84.9	29.831	0.63	3.31	0	0.00	0	0.0	0.00	0.0	0.000	0.283	-52.3	0	---	-52.4	-52.4	 .0971	0.000	702	1	100.0	30
09/06/20	6:00 p	77.9	78.6	77.9	100	77.9	1.0	E	0.50	6.0	NNE	77.9	84.2	84.2	83.2	29.831	0.14	1.55	0	0.00	0	0.0	0.00	0.0	0.000	0.269	-52.3	0	---	-52.4	-52.4	 .0971	0.000	701	1	100.0	30
09/06/20	6:30 p	77.4	77.9	77.3	100	77.4	0.0	SSE	0.00	2.0	SSE	77.4	83.1	83.1	82.1	29.831	0.03	0.08	0	0.00	0	0.0	0.00	0.0	0.000	0.258	-52.3	0	---	-52.4	-52.4	 .0971	0.000	701	1	100.0	30
09/06/20	7:00 p	77.1	77.5	77.1	100	77.1	1.0	E	0.50	2.0	E	77.1	82.4	82.4	81.4	29.831	0.01	0.08	0	0.00	0	0.0	0.00	0.0	0.000	0.252	-52.3	0	---	-52.4	-52.4	 .0971	0.000	701	1	100.0	30
09/06/20	7:30 p	76.3	77.2	76.3	100	76.3	0.0	ESE	0.00	3.0	ESE	76.3	80.9	80.9	79.9	29.831	0.01	0.00	0	0.00	0	0.0	0.00	0.0	0.000	0.235	-52.3	0	---	-52.4	-52.4	 .0971	0.000	702	1	100.0	30
09/06/20	8:00 p	76.3	76.6	76.1	100	76.3	0.0	ESE	0.00	1.0	ESE	76.3	80.9	80.9	79.9	29.831	0.04	0.61	0	0.00	0	0.0	0.00	0.0	0.000	0.235	-52.3	0	---	-52.4	-52.4	 .0971	0.000	698	1	100.0	30
09/06/20	8:30 p	75.5	76.3	75.4	100	75.5	0.0	ESE	0.00	2.0	ESE	75.5	79.6	79.6	78.5	29.831	0.53	2.40	0	0.00	0	0.0	0.00	0.0	0.000	0.219	-52.3	0	---	-52.4	-52.4	 .0971	0.000	698	1	100.0	30
09/06/20	9:00 p	75.6	75.7	75.3	100	75.6	0.0	ESE	0.00	2.0	ESE	75.6	79.7	79.7	78.6	29.831	0.06	0.64	0	0.00	0	0.0	0.00	0.0	0.000	0.221	-52.3	0	---	-52.4	-52.4	 .0971	0.000	700	1	100.0	30
09/06/20	9:30 p	75.2	75.7	75.2	100	75.2	0.0	ESE	0.00	1.0	ESE	75.2	79.1	79.1	78.0	29.831	0.00	0.00	0	0.00	0	0.0	0.00	0.0	0.000	0.212	-52.3	0	---	-52.4	-52.4	 .0971	0.000	700	1	100.0	30
09/06/20	10:00 p	74.8	75.3	74.8	100	74.8	0.0	ESE	0.00	1.0	ESE	74.8	78.6	78.6	77.5	29.831	0.00	0.00	0	0.00	0	0.0	0.00	0.0	0.000	0.204	-52.3	0	---	-52.4	-52.4	 .0971	0.000	703	1	100.0	30
09/06/20	10:30 p	74.8	74.9	74.7	100	74.8	0.0	ESE	0.00	2.0	ESE	74.8	78.6	78.6	77.5	29.831	0.00	0.00	0	0.00	0	0.0	0.00	0.0	0.000	0.204	-52.3	0	---	-52.4	-52.4	 .0971	0.000	700	1	100.0	30
09/06/20	11:00 p	75.0	75.1	74.8	100	75.0	0.0	ESE	0.00	2.0	ESE	75.0	78.8	78.8	77.7	29.831	0.00	0.00	0	0.00	0	0.0	0.00	0.0	0.000	0.208	-52.3	0	---	-52.4	-52.4	 .0971	0.000	696	1	100.0	30
09/06/20	11:30 p	75.1	75.1	74.9	100	75.1	0.0	ESE	0.00	1.0	ESE	75.1	78.9	78.9	77.8	29.831	0.00	0.00	0	0.00	0	0.0	0.00	0.0	0.000	0.210	-52.3	0	---	-52.4	-52.4	 .0971	0.000	699	1	100.0	30
09/07/20	12:00 a	75.1	75.4	75.0	100	75.1	1.0	ESE	0.50	9.0	NE	75.1	78.9	78.9	77.8	29.831	0.09	0.48	0	0.00	0	0.0	0.00	0.0	0.000	0.210	-52.3	0	---	-52.4	-52.4	 .0971	0.000	697	1	100.0	30
09/07/20	12:30 a	74.5	75.1	74.5	100	74.5	2.0	ESE	1.00	9.0	SSW	74.5	78.2	78.2	77.1	29.831	0.65	4.97	0	0.00	0	0.0	0.00	0.0	0.000	0.198	-52.3	0	---	-52.4	-52.4	 .0971	0.000	699	1	100.0	30
09/07/20	1:00 a	74.2	74.6	74.2	100	74.2	1.0	S	0.50	4.0	SSE	74.2	77.8	77.8	76.7	29.831	0.23	2.52	0	0.00	0	0.0	0.00	0.0	0.000	0.192	-52.3	0	---	-52.4	-52.4	 .0971	0.000	699	1	100.0	30
09/07/20	1:30 a	74.0	74.2	73.9	100	74.0	0.0	NE	0.00	3.0	ENE	74.0	77.6	77.6	76.5	29.831	0.01	0.05	0	0.00	0	0.0	0.00	0.0	0.000	0.188	-52.3	0	---	-52.4	-52.4	 .0971	0.000	698	1	100.0	30
09/07/20	2:00 a	74.3	74.4	74.0	100	74.3	0.0	NE	0.00	2.0	NE	74.3	78.0	78.0	76.9	29.831	0.05	0.16	0	0.00	0	0.0	0.00	0.0	0.000	0.194	-52.3	0	---	-52.4	-52.4	 .0971	0.000	701	1	100.0	30
09/07/20	2:30 a	74.2	74.4	74.1	100	74.2	0.0	---	0.00	0.0	---	74.2	77.8	77.8	76.7	29.831	0.03	0.14	0	0.00	0	0.0	0.00	0.0	0.000	0.192	-52.3	0	---	-52.4	-52.4	 .0971	0.000	702	1	100.0	30
09/07/20	3:00 a	73.9	74.3	73.8	100	73.9	0.0	NE	0.00	1.0	NE	73.9	77.5	77.5	76.3	29.831	0.00	0.00	0	0.00	0	0.0	0.00	0.0	0.000	0.185	-52.3	0	---	-52.4	-52.4	 .0971	0.000	702	1	100.0	30
09/07/20	3:30 a	74.1	74.1	73.9	100	74.1	0.0	NE	0.00	1.0	NE	74.1	77.7	77.7	76.6	29.831	0.00	0.00	0	0.00	0	0.0	0.00	0.0	0.000	0.190	-52.3	0	---	-52.4	-52.4	 .0971	0.000	700	1	100.0	30
09/07/20	4:00 a	73.9	74.1	73.9	100	73.9	0.0	NE	0.00	3.0	NE	73.9	77.5	77.5	76.3	29.831	0.00	0.00	0	0.00	0	0.0	0.00	0.0	0.000	0.185	-52.3	0	---	-52.4	-52.4	 .0971	0.000	700	1	100.0	30
09/07/20	4:30 a	74.0	74.0	73.9	100	74.0	0.0	ENE	0.00	3.0	NW	74.0	77.6	77.6	76.5	29.831	0.00	0.00	0	0.00	0	0.0	0.00	0.0	0.000	0.188	-52.3	0	---	-52.4	-52.4	 .0971	0.000	701	1	100.0	30
09/07/20	5:00 a	73.9	74.0	73.8	100	73.9	0.0	NNW	0.00	1.0	NNW	73.9	77.5	77.5	76.3	29.831	0.00	0.00	0	0.00	0	0.0	0.00	0.0	0.000	0.185	-52.3	0	---	-52.4	-52.4	 .0971	0.000	698	1	100.0	30
09/07/20	5:30 a	73.8	74.0	73.7	100	73.8	0.0	NNW	0.00	1.0	NNW	73.8	77.4	77.4	76.2	29.831	0.00	0.00	1	0.04	9	0.0	0.00	0.0	0.000	0.183	-52.3	0	---	-52.4	-52.4	 .0971	0.000	703	1	100.0	30
09/07/20	6:00 a	74.0	74.2	73.7	100	74.0	1.0	NNW	0.50	4.0	N	74.0	77.6	77.6	77.2	29.831	0.00	0.00	32	1.38	47	0.0	0.00	0.0	0.000	0.188	-52.3	0	---	-52.4	-52.4	 .0971	0.000	700	1	100.0	30
09/07/20	6:30 a	74.4	74.5	74.0	100	74.4	2.0	N	1.00	5.0	NW	74.4	78.1	78.1	79.9	29.831	0.00	0.00	56	2.41	65	0.0	0.00	0.0	0.000	0.196	-52.3	0	---	-52.4	-52.4	 .0971	0.000	700	1	100.0	30
09/07/20	7:00 a	75.3	75.3	74.4	100	75.3	1.0	N	0.50	4.0	NE	75.3	79.3	79.3	83.4	29.831	0.00	0.00	126	5.42	171	0.3	0.06	0.8	0.000	0.215	-52.3	0	---	-52.4	-52.4	 .0971	0.002	698	1	100.0	30
09/07/20	7:30 a	76.5	76.5	75.3	100	76.5	2.0	NNE	1.00	7.0	NNE	76.5	81.3	81.3	83.9	29.831	0.00	0.00	98	4.21	171	1.0	0.21	1.1	0.000	0.240	-52.3	0	---	-52.4	-52.4	 .0971	0.000	699	1	100.0	30
09/07/20	8:00 a	77.7	77.7	76.5	100	77.7	1.0	N	0.50	5.0	NNE	77.7	83.7	83.7	87.5	29.831	0.00	0.00	150	6.45	478	1.5	0.32	1.8	0.000	0.265	-52.3	0	---	-52.4	-52.4	 .0971	0.003	701	1	100.0	30
09/07/20	8:30 a	78.7	79.1	77.6	100	78.7	0.0	NNE	0.00	2.0	ENE	78.7	86.1	86.1	91.2	29.831	0.00	0.00	213	9.16	482	2.1	0.45	3.6	0.000	0.285	-52.3	0	---	-52.4	-52.4	 .0971	0.000	701	1	100.0	30
09/07/20	9:00 a	81.8	82.4	78.8	100	81.8	1.0	NNE	0.50	5.0	ENE	81.8	95.1	95.1	106.5	29.831	0.00	0.00	565	24.30	738	4.4	0.94	5.3	0.000	0.350	-52.3	0	---	-52.4	-52.4	 .0971	0.010	702	1	100.0	30
09/07/20	9:30 a	82.9	83.6	81.5	100	82.9	2.0	SSW	1.00	7.0	W	82.9	98.9	98.9	107.0	29.831	0.00	0.00	375	16.13	483	5.8	1.24	6.9	0.000	0.373	-52.3	0	---	-52.4	-52.4	 .0971	0.000	700	1	100.0	30
09/07/20	10:00 a	82.2	83.1	81.8	100	82.2	1.0	SSW	0.50	5.0	SW	82.2	96.4	96.4	105.2	29.831	0.00	0.00	414	17.80	468	5.8	1.24	8.3	0.000	0.358	-52.3	0	---	-52.4	-52.4	 .0971	0.010	702	1	100.0	30
09/07/20	10:30 a	83.1	83.2	81.8	100	83.1	1.0	SSW	0.50	4.0	SSE	83.1	99.6	99.6	110.0	29.831	0.00	0.00	508	21.85	1158	6.8	1.46	10.2	0.000	0.377	-52.3	0	---	-52.4	-52.4	 .0971	0.000	702	1	100.0	30
09/07/20	11:00 a	83.5	84.9	83.2	100	83.5	2.0	SSW	1.00	6.0	SW	83.5	101.1	101.1	111.6	29.831	0.00	0.00	1013	43.56	1116	9.2	1.97	10.4	0.000	0.385	-52.3	0	---	-52.4	-52.4	 .0971	0.020	700	1	100.0	30
09/07/20	11:30 a	84.3	84.4	82.8	100	84.3	2.0	WSW	1.00	5.0	SSE	84.3	104.5	104.5	117.0	29.831	0.00	0.00	959	41.24	1067	9.3	1.99	10.3	0.000	0.402	-52.3	0	---	-52.4	-52.4	 .0971	0.000	701	1	100.0	30
09/07/20	12:00 p	84.7	84.7	83.5	100	84.7	2.0	SW	1.00	5.0	S	84.7	106.2	106.2	116.9	29.831	0.00	0.00	1032	44.38	1053	9.9	2.12	10.0	0.000	0.410	-52.3	0	---	-52.4	-52.4	 .0971	0.025	702	1	100.0	30
09/07/20	12:30 p	83.9	85.0	83.3	100	83.9	2.0	S	1.00	6.0	W	83.9	102.7	102.7	113.9	29.831	0.00	0.00	1001	43.05	1111	9.0	1.93	10.1	0.000	0.394	-52.3	0	---	-52.4	-52.4	 .0971	0.000	700	1	100.0	30
09/07/20	1:00 p	84.5	84.9	83.5	100	84.5	2.0	S	1.00	5.0	SSE	84.5	105.3	105.3	117.6	29.831	0.00	0.00	995	42.79	1069	8.8	1.89	9.4	0.000	0.406	-52.3	0	---	-52.4	-52.4	 .0971	0.025	701	1	100.0	30
09/07/20	1:30 p	85.4	86.0	84.4	100	85.4	2.0	NE	1.00	7.0	SE	85.4	109.8	109.8	122.2	29.831	0.00	0.00	911	39.18	1004	7.6	1.63	8.5	0.000	0.425	-52.3	0	---	-52.4	-52.4	 .0971	0.000	699	1	100.0	30
09/07/20	2:00 p	83.7	85.3	83.4	100	83.7	2.0	SE	1.00	8.0	SE	83.7	101.9	101.9	114.3	29.831	0.00	0.00	650	27.95	840	5.2	1.11	6.0	0.000	0.390	-52.3	0	---	-52.4	-52.4	 .0971	0.020	700	1	100.0	30
09/07/20	2:30 p	83.8	85.2	83.6	100	83.8	2.0	S	1.00	6.0	E	83.8	102.3	102.3	114.9	29.831	0.00	0.00	728	31.31	877	4.7	1.01	5.7	0.000	0.392	-52.3	0	---	-52.4	-52.4	 .0971	0.000	703	1	100.0	30
09/07/20	3:00 p	81.5	83.7	81.5	100	81.5	1.0	S	0.50	5.0	SSE	81.5	94.1	94.1	100.1	29.831	0.00	0.00	224	9.63	327	1.8	0.39	2.5	0.000	0.344	-52.3	0	---	-52.4	-52.4	 .0971	0.012	701	1	100.0	30
09/07/20	3:30 p	81.5	81.7	80.9	100	81.5	0.0	SSW	0.00	1.0	SSW	81.5	94.1	94.1	100.1	29.831	0.00	0.00	199	8.56	216	1.2	0.26	1.4	0.000	0.344	-52.3	0	---	-52.4	-52.4	 .0971	0.000	700	1	100.0	30
09/07/20	4:00 p	80.7	81.6	80.7	100	80.7	0.0	SSW	0.00	1.0	SSW	80.7	91.6	91.6	96.4	29.831	0.00	0.00	141	6.06	167	0.7	0.15	0.9	0.000	0.327	-52.3	0	---	-52.4	-52.4	 .0971	0.004	698	1	100.0	30
09/07/20	4:30 p	80.1	81.0	80.0	100	80.1	0.0	SSW	0.00	1.0	SSW	80.1	89.9	89.9	94.2	29.831	0.00	0.00	112	4.82	128	0.2	0.04	0.6	0.000	0.315	-52.3	0	---	-52.4	-52.4	 .0971	0.000	699	1	100.0	30
09/07/20	5:00 p	79.4	80.1	79.3	100	79.4	0.0	SSW	0.00	1.0	SSW	79.4	87.9	87.9	88.4	29.831	0.00	0.00	67	2.88	90	0.0	0.00	0.0	0.000	0.300	-52.3	0	---	-52.4	-52.4	 .0971	0.002	702	1	100.0	30
09/07/20	5:30 p	78.7	79.6	78.7	100	78.7	0.0	SSW	0.00	1.0	SSW	78.7	86.1	86.1	85.2	29.831	0.00	0.00	10	0.43	26	0.0	0.00	0.0	0.000	0.285	-52.3	0	---	-52.4	-52.4	 .0971	0.000	702	1	100.0	30
09/07/20	6:00 p	77.5	78.7	77.5	100	77.5	0.0	---	0.00	0.0	---	77.5	83.3	83.3	82.1	29.831	0.00	0.00	0	0.00	0	0.0	0.00	0.0	0.000	0.260	-52.3	0	---	-52.4	-52.4	 .0971	0.000	703	1	100.0	30
09/07/20	6:30 p	77.0	77.5	76.9	100	77.0	0.0	---	0.00	0.0	---	77.0	82.2	82.2	81.0	29.831	0.00	0.00	0	0.00	0	0.0	0.00	0.0	0.000	0.250	-52.3	0	---	-52.4	-52.4	 .0971	0.000	698	1	100.0	30
09/07/20	7:00 p	76.7	77.1	76.7	100	76.7	0.0	---	0.00	0.0	---	76.7	81.6	81.6	80.4	29.831	0.00	0.00	0	0.00	0	0.0	0.00	0.0	0.000	0.244	-52.3	0	---	-52.4	-52.4	 .0971	0.000	702	1	100.0	30
09/07/20	7:30 p	76.5	76.7	76.4	100	76.5	0.0	---	0.00	0.0	---	76.5	81.3	81.3	80.1	29.831	0.00	0.00	0	0.00	0	0.0	0.00	0.0	0.000	0.240	-52.3	0	---	-52.4	-52.4	 .0971	0.000	700	1	100.0	30
09/07/20	8:00 p	76.2	76.5	76.2	100	76.2	0.0	---	0.00	0.0	---	76.2	80.7	80.7	79.5	29.831	0.00	0.00	0	0.00	0	0.0	0.00	0.0	0.000	0.233	-52.3	0	---	-52.4	-52.4	 .0971	0.000	703	1	100.0	30
09/07/20	8:30 p	76.0	76.2	76.0	100	76.0	0.0	---	0.00	0.0	---	76.0	80.3	80.3	79.1	29.831	0.00	0.00	0	0.00	0	0.0	0.00	0.0	0.000	0.229	-52.3	0	---	-52.4	-52.4	 .0971	0.000	700	1	100.0	30
09/07/20	9:00 p	75.7	76.0	75.7	100	75.7	0.0	---	0.00	0.0	---	75.7	79.8	79.8	78.5	29.831	0.00	0.00	0	0.00	0	0.0	0.00	0.0	0.000	0.223	-52.3	0	---	-52.4	-52.4	 .0971	0.000	702	1	100.0	30
09/07/20	9:30 p	75.4	75.7	75.4	100	75.4	0.0	SSW	0.00	1.0	SSW	75.4	79.4	79.4	78.1	29.831	0.00	0.00	0	0.00	0	0.0	0.00	0.0	0.000	0.217	-52.3	0	---	-52.4	-52.4	 .0971	0.000	701	1	100.0	30
09/07/20	10:00 p	75.3	75.4	75.2	100	75.3	0.0	SSW	0.00	1.0	SSW	75.3	79.3	79.3	78.0	29.831	0.00	0.00	0	0.00	0	0.0	0.00	0.0	0.000	0.215	-52.3	0	---	-52.4	-52.4	 .0971	0.000	700	1	100.0	30
09/07/20	10:30 p	75.1	75.3	75.1	100	75.1	0.0	---	0.00	0.0	---	75.1	78.9	78.9	77.6	29.831	0.00	0.00	0	0.00	0	0.0	0.00	0.0	0.000	0.210	-52.3	0	---	-52.4	-52.4	 .0971	0.000	700	1	100.0	30
09/07/20	11:00 p	74.9	75.1	74.8	100	74.9	0.0	---	0.00	0.0	---	74.9	78.7	78.7	77.4	29.831	0.00	0.00	0	0.00	0	0.0	0.00	0.0	0.000	0.206	-52.3	0	---	-52.4	-52.4	 .0971	0.000	699	1	100.0	30
09/07/20	11:30 p	74.7	75.0	74.7	100	74.7	0.0	---	0.00	0.0	---	74.7	78.4	78.4	77.1	29.831	0.00	0.00	0	0.00	0	0.0	0.00	0.0	0.000	0.202	-52.3	0	---	-52.4	-52.4	 .0971	0.000	701	1	100.0	30
09/08/20	12:00 a	74.8	74.8	74.7	100	74.8	0.0	---	0.00	0.0	---	74.8	78.6	78.6	77.3	29.831	0.00	0.00	0	0.00	0	0.0	0.00	0.0	0.000	0.204	-52.3	0	---	-52.4	-52.4	 .0971	0.000	701	1	100.0	30
09/08/20	12:30 a	74.4	74.9	74.4	100	74.4	0.0	---	0.00	0.0	---	74.4	78.1	78.1	76.8	29.831	0.00	0.00	0	0.00	0	0.0	0.00	0.0	0.000	0.196	-52.3	0	---	-52.4	-52.4	 .0971	0.000	700	1	100.0	30
09/08/20	1:00 a	74.4	74.5	74.3	100	74.4	0.0	---	0.00	0.0	---	74.4	78.1	78.1	76.8	29.831	0.00	0.00	0	0.00	0	0.0	0.00	0.0	0.000	0.196	-52.3	0	---	-52.4	-52.4	 .0971	0.000	702	1	100.0	30
09/08/20	1:30 a	74.2	74.4	74.2	100	74.2	0.0	---	0.00	0.0	---	74.2	77.8	77.8	76.5	29.831	0.00	0.00	0	0.00	0	0.0	0.00	0.0	0.000	0.192	-52.3	0	---	-52.4	-52.4	 .0971	0.000	700	1	100.0	30
09/08/20	2:00 a	74.0	74.2	74.0	100	74.0	0.0	---	0.00	0.0	---	74.0	77.6	77.6	76.3	29.831	0.00	0.00	0	0.00	0	0.0	0.00	0.0	0.000	0.188	-52.3	0	---	-52.4	-52.4	 .0971	0.000	701	1	100.0	30
09/08/20	2:30 a	73.8	74.0	73.7	100	73.8	0.0	---	0.00	0.0	---	73.8	77.4	77.4	76.0	29.831	0.00	0.00	0	0.00	0	0.0	0.00	0.0	0.000	0.183	-52.3	0	---	-52.4	-52.4	 .0971	0.000	702	1	100.0	30
09/08/20	3:00 a	73.6	73.9	73.5	100	73.6	0.0	---	0.00	0.0	---	73.6	77.2	77.2	75.8	29.831	0.00	0.00	0	0.00	0	0.0	0.00	0.0	0.000	0.179	-52.3	0	---	-52.4	-52.4	 .0971	0.000	699	1	100.0	30
09/08/20	3:30 a	73.3	73.6	73.2	100	73.3	0.0	---	0.00	0.0	---	73.3	76.9	76.9	75.5	29.831	0.00	0.00	0	0.00	0	0.0	0.00	0.0	0.000	0.173	-52.3	0	---	-52.4	-52.4	 .0971	0.000	699	1	100.0	30
09/08/20	4:00 a	73.3	73.4	73.1	100	73.3	0.0	---	0.00	0.0	---	73.3	76.9	76.9	75.5	29.831	0.00	0.00	0	0.00	0	0.0	0.00	0.0	0.000	0.173	-52.3	0	---	-52.4	-52.4	 .0971	0.000	701	1	100.0	30
09/08/20	4:30 a	73.1	73.4	73.1	100	73.1	0.0	---	0.00	0.0	---	73.1	76.7	76.7	75.3	29.831	0.00	0.00	0	0.00	0	0.0	0.00	0.0	0.000	0.169	-52.3	0	---	-52.4	-52.4	 .0971	0.000	699	1	100.0	30
09/08/20	5:00 a	72.9	73.2	72.9	100	72.9	0.0	---	0.00	0.0	---	72.9	76.5	76.5	75.1	29.831	0.00	0.00	0	0.00	0	0.0	0.00	0.0	0.000	0.165	-52.3	0	---	-52.4	-52.4	 .0971	0.000	699	1	100.0	30
09/08/20	5:30 a	72.8	72.9	72.7	100	72.8	0.0	---	0.00	0.0	---	72.8	76.4	76.4	75.0	29.831	0.00	0.00	0	0.00	0	0.0	0.00	0.0	0.000	0.163	-52.3	0	---	-52.4	-52.4	 .0971	0.000	699	1	100.0	30
09/08/20	6:00 a	73.2	73.2	72.8	100	73.2	0.0	---	0.00	0.0	---	73.2	76.8	76.8	75.7	29.831	0.00	0.00	13	0.56	19	0.0	0.00	0.0	0.000	0.171	-52.3	0	---	-52.4	-52.4	 .0971	0.000	701	1	100.0	30
09/08/20	6:30 a	73.9	74.0	73.2	100	73.9	0.0	---	0.00	0.0	---	73.9	77.5	77.5	77.9	29.831	0.00	0.00	27	1.16	35	0.0	0.00	0.0	0.000	0.185	-52.3	0	---	-52.4	-52.4	 .0971	0.000	698	1	100.0	30
09/08/20	7:00 a	74.9	75.0	73.9	100	74.9	0.0	---	0.00	0.0	---	74.9	78.7	78.7	79.4	29.831	0.00	0.00	38	1.63	46	0.0	0.00	0.0	0.000	0.206	-52.3	0	---	-52.4	-52.4	 .0971	0.001	702	1	100.0	30
09/08/20	7:30 a	76.0	76.0	75.0	100	76.0	0.0	---	0.00	0.0	---	76.0	80.3	80.3	81.1	29.831	0.00	0.00	45	1.94	49	0.0	0.00	0.0	0.000	0.229	-52.3	0	---	-52.4	-52.4	 .0971	0.000	702	1	100.0	30
09/08/20	8:00 a	77.5	77.6	76.0	100	77.5	0.0	SSW	0.00	3.0	SSW	77.5	83.3	83.3	92.8	29.831	0.00	0.00	382	16.43	526	1.6	0.34	2.3	0.000	0.260	-52.3	0	---	-52.4	-52.4	 .0971	0.005	701	1	100.0	30
09/08/20	8:30 a	79.1	79.1	77.0	100	79.1	1.0	SSE	0.50	4.0	S	79.1	87.1	87.1	99.1	29.831	0.00	0.00	584	25.12	636	3.0	0.64	3.9	0.000	0.294	-52.3	0	---	-52.4	-52.4	 .0971	0.000	697	1	100.0	30
09/08/20	9:00 a	81.8	82.1	79.2	100	81.8	1.0	SSE	0.50	6.0	SSW	81.8	95.1	95.1	104.2	29.831	0.00	0.00	413	17.76	635	4.1	0.88	5.3	0.000	0.350	-52.3	0	---	-52.4	-52.4	 .0971	0.012	697	1	100.0	30
09/08/20	9:30 a	83.5	83.6	81.8	100	83.5	2.0	SSE	1.00	6.0	SW	83.5	101.1	101.1	103.5	29.831	0.00	0.00	118	5.07	193	6.0	1.29	6.8	0.000	0.385	-52.3	0	---	-52.4	-52.4	 .0971	0.000	701	1	100.0	30
09/08/20	10:00 a	84.9	85.1	83.4	100	84.9	2.0	S	1.00	6.0	ESE	84.9	107.2	107.2	110.7	29.831	0.00	0.00	162	6.97	334	7.4	1.59	8.3	0.000	0.415	-52.3	1	-113.9	-52.4	-52.4	 .0971	0.004	702	1	100.0	30
09/08/20	10:30 a	82.6	84.9	82.0	100	82.6	3.0	SE	1.50	9.0	ESE	82.6	97.8	97.8	108.0	29.831	0.00	0.00	497	21.37	1148	6.3	1.35	9.7	0.000	0.367	-52.3	0	---	-52.4	-52.4	 .0971	0.000	699	1	100.0	30
09/08/20	11:00 a	83.2	83.9	82.5	100	83.2	3.0	SE	1.50	10.0	SSE	83.2	100.0	100.0	111.2	29.831	0.00	0.00	1082	46.53	1230	9.5	2.04	10.2	0.000	0.379	-52.3	0	---	-52.4	-52.4	 .0971	0.020	700	1	100.0	30
09/08/20	11:30 a	83.9	84.1	83.1	100	83.9	2.0	SE	1.00	8.0	E	83.9	102.7	102.7	114.6	29.831	0.00	0.00	983	42.27	1148	9.3	1.99	10.3	0.000	0.394	-52.3	0	---	-52.4	-52.4	 .0971	0.000	701	1	100.0	30
09/08/20	12:00 p	83.7	84.5	83.4	100	83.7	1.0	SE	0.50	5.0	SW	83.7	101.9	101.9	115.3	29.831	0.00	0.00	846	36.38	1020	8.9	1.91	10.4	0.000	0.390	-52.3	0	---	-52.4	-52.4	 .0971	0.023	700	1	100.0	30
09/08/20	12:30 p	85.1	85.1	83.2	100	85.1	2.0	SSW	1.00	6.0	SW	85.1	108.2	108.2	119.4	29.831	0.00	0.00	985	42.36	1088	9.4	2.01	10.0	0.000	0.419	-52.3	0	---	-52.4	-52.4	 .0971	0.000	700	1	100.0	30
09/08/20	1:00 p	85.3	85.8	84.3	100	85.3	2.0	SSW	1.00	6.0	S	85.3	109.3	109.3	122.2	29.831	0.00	0.00	1035	44.51	1125	8.6	1.84	9.4	0.000	0.423	-52.3	0	---	-52.4	-52.4	 .0971	0.025	700	1	100.0	30
09/08/20	1:30 p	83.6	85.3	83.5	100	83.6	2.0	SSW	1.00	7.0	W	83.6	101.5	101.5	113.1	29.831	0.00	0.00	868	37.33	1049	7.1	1.52	8.6	0.000	0.387	-52.3	0	---	-52.4	-52.4	 .0971	0.000	700	1	100.0	30
09/08/20	2:00 p	83.9	84.7	83.5	100	83.9	2.0	SE	1.00	8.0	SSE	83.9	102.7	102.7	115.5	29.831	0.00	0.00	731	31.44	1107	5.1	1.09	7.6	0.000	0.394	-52.3	0	---	-52.4	-52.4	 .0971	0.019	699	1	100.0	30
09/08/20	2:30 p	83.6	84.2	83.3	100	83.6	2.0	SSW	1.00	7.0	E	83.6	101.5	101.5	116.2	29.831	0.00	0.00	846	36.38	1069	4.9	1.05	5.7	0.000	0.387	-52.3	0	---	-52.4	-52.4	 .0971	0.000	703	1	100.0	30
09/08/20	3:00 p	81.8	85.1	81.7	100	81.8	2.0	SSE	1.00	8.0	S	81.8	95.1	95.1	103.8	29.831	0.00	0.00	335	14.41	979	2.5	0.54	4.8	0.000	0.350	-52.3	0	---	-52.4	-52.4	 .0971	0.016	699	1	100.0	30
09/08/20	3:30 p	80.1	81.8	80.1	100	80.1	1.0	ESE	0.50	6.0	ESE	80.1	89.9	89.9	91.7	29.831	0.00	0.00	71	3.05	127	0.3	0.06	1.0	0.000	0.315	-52.3	0	---	-52.4	-52.4	 .0971	0.000	700	1	100.0	30
09/08/20	4:00 p	79.8	80.2	79.7	100	79.8	1.0	SSE	0.50	5.0	SSE	79.8	89.0	89.0	89.8	29.831	0.00	0.00	37	1.59	62	0.0	0.00	0.0	0.000	0.308	-52.3	0	---	-52.4	-52.4	 .0971	0.001	702	1	100.0	30
09/08/20	4:30 p	79.4	79.8	79.4	100	79.4	1.0	SSW	0.50	3.0	SSE	79.4	87.9	87.9	87.8	29.831	0.00	0.00	13	0.56	23	0.0	0.00	0.0	0.000	0.300	-52.3	0	---	-52.4	-52.4	 .0971	0.000	702	1	100.0	30
09/08/20	5:00 p	78.9	79.5	78.9	100	78.9	1.0	ESE	0.50	5.0	S	78.9	86.6	86.6	85.8	29.831	0.00	0.00	7	0.30	9	0.0	0.00	0.0	0.000	0.290	-52.3	0	---	-52.4	-52.4	 .0971	0.000	700	1	100.0	30
09/08/20	5:30 p	78.5	78.9	78.5	100	78.5	0.0	WSW	0.00	2.0	SSW	78.5	85.6	85.6	84.7	29.831	0.03	0.24	1	0.04	5	0.0	0.00	0.0	0.000	0.281	-52.3	0	---	-52.4	-52.4	 .0971	0.000	701	1	100.0	30
09/08/20	6:00 p	78.1	78.5	78.1	100	78.1	0.0	WSW	0.00	2.0	WSW	78.1	84.6	84.6	83.7	29.831	0.00	0.00	0	0.00	0	0.0	0.00	0.0	0.000	0.273	-52.3	0	---	-52.4	-52.4	 .0971	0.000	702	1	100.0	30
09/08/20	6:30 p	77.9	78.1	77.9	100	77.9	0.0	WSW	0.00	1.0	WSW	77.9	84.2	84.2	83.2	29.831	0.00	0.00	0	0.00	0	0.0	0.00	0.0	0.000	0.269	-52.3	0	---	-52.4	-52.4	 .0971	0.000	700	1	100.0	30
09/08/20	7:00 p	77.7	78.0	77.7	100	77.7	0.0	WSW	0.00	1.0	WSW	77.7	83.7	83.7	82.7	29.831	0.00	0.00	0	0.00	0	0.0	0.00	0.0	0.000	0.265	-52.3	0	---	-52.4	-52.4	 .0971	0.000	701	1	100.0	30
09/08/20	7:30 p	77.3	77.8	77.3	100	77.3	0.0	WSW	0.00	1.0	WSW	77.3	82.9	82.9	81.9	29.831	0.00	0.00	0	0.00	0	0.0	0.00	0.0	0.000	0.256	-52.3	0	---	-52.4	-52.4	 .0971	0.000	698	1	100.0	30
09/08/20	8:00 p	77.1	77.4	77.1	100	77.1	0.0	WSW	0.00	1.0	WSW	77.1	82.4	82.4	81.4	29.831	0.00	0.00	0	0.00	0	0.0	0.00	0.0	0.000	0.252	-52.3	0	---	-52.4	-52.4	 .0971	0.000	697	1	100.0	30
09/08/20	8:30 p	77.1	77.2	76.9	100	77.1	0.0	WSW	0.00	1.0	WSW	77.1	82.4	82.4	81.4	29.831	0.00	0.00	0	0.00	0	0.0	0.00	0.0	0.000	0.252	-52.3	0	---	-52.4	-52.4	 .0971	0.000	699	1	100.0	30
09/08/20	9:00 p	77.3	77.4	77.1	100	77.3	0.0	WSW	0.00	2.0	WSW	77.3	82.9	82.9	81.9	29.831	0.00	0.00	0	0.00	0	0.0	0.00	0.0	0.000	0.256	-52.3	0	---	-52.4	-52.4	 .0971	0.000	701	1	100.0	30
09/08/20	9:30 p	77.4	77.4	77.2	100	77.4	1.0	SSW	0.50	4.0	N	77.4	83.1	83.1	82.1	29.831	0.00	0.00	0	0.00	0	0.0	0.00	0.0	0.000	0.258	-52.3	0	---	-52.4	-52.4	 .0971	0.000	701	1	100.0	30
09/08/20	10:00 p	77.4	77.5	77.2	100	77.4	0.0	S	0.00	2.0	S	77.4	83.1	83.1	82.1	29.831	0.00	0.00	0	0.00	0	0.0	0.00	0.0	0.000	0.258	-52.3	0	---	-52.4	-52.4	 .0971	0.000	701	1	100.0	30
09/08/20	10:30 p	77.0	77.4	76.9	100	77.0	0.0	S	0.00	2.0	S	77.0	82.2	82.2	81.2	29.831	0.00	0.00	0	0.00	0	0.0	0.00	0.0	0.000	0.250	-52.3	0	---	-52.4	-52.4	 .0971	0.000	700	1	100.0	30
09/08/20	11:00 p	76.9	77.1	76.8	100	76.9	0.0	S	0.00	1.0	S	76.9	82.0	82.0	81.0	29.831	0.01	0.00	0	0.00	0	0.0	0.00	0.0	0.000	0.248	-52.3	0	---	-52.4	-52.4	 .0971	0.000	702	1	100.0	30
09/08/20	11:30 p	77.1	77.1	76.8	100	77.1	0.0	S	0.00	1.0	S	77.1	82.4	82.4	81.4	29.831	0.00	0.00	0	0.00	0	0.0	0.00	0.0	0.000	0.252	-52.3	0	---	-52.4	-52.4	 .0971	0.000	699	1	100.0	30
09/09/20	12:00 a	76.7	77.1	76.7	100	76.7	0.0	S	0.00	2.0	SSE	76.7	81.6	81.6	80.6	29.831	0.01	0.00	0	0.00	0	0.0	0.00	0.0	0.000	0.244	-52.3	0	---	-52.4	-52.4	 .0971	0.000	699	1	100.0	30
09/09/20	12:30 a	76.6	76.9	76.6	100	76.6	0.0	SSE	0.00	1.0	SSE	76.6	81.4	81.4	80.4	29.831	0.07	0.46	0	0.00	0	0.0	0.00	0.0	0.000	0.242	-52.3	0	---	-52.4	-52.4	 .0971	0.000	698	1	100.0	30
09/09/20	1:00 a	76.7	76.7	76.4	100	76.7	0.0	SSE	0.00	1.0	SSE	76.7	81.6	81.6	80.6	29.831	0.08	0.50	0	0.00	0	0.0	0.00	0.0	0.000	0.244	-52.3	0	---	-52.4	-52.4	 .0971	0.000	700	1	100.0	30
09/09/20	1:30 a	76.2	76.7	76.2	100	76.2	0.0	SSE	0.00	1.0	SSE	76.2	80.7	80.7	79.7	29.831	0.00	0.00	0	0.00	0	0.0	0.00	0.0	0.000	0.233	-52.3	0	---	-52.4	-52.4	 .0971	0.000	699	1	100.0	30
09/09/20	2:00 a	75.6	76.2	75.6	100	75.6	0.0	---	0.00	0.0	---	75.6	79.7	79.7	78.6	29.831	0.00	0.00	0	0.00	0	0.0	0.00	0.0	0.000	0.221	-52.3	0	---	-52.4	-52.4	 .0971	0.000	699	1	100.0	30
09/09/20	2:30 a	75.3	75.6	75.3	100	75.3	0.0	SSE	0.00	1.0	SSE	75.3	79.3	79.3	78.2	29.831	0.00	0.00	0	0.00	0	0.0	0.00	0.0	0.000	0.215	-52.3	0	---	-52.4	-52.4	 .0971	0.000	701	1	100.0	30
09/09/20	3:00 a	75.3	75.4	75.2	100	75.3	0.0	SSE	0.00	1.0	SSE	75.3	79.3	79.3	78.2	29.831	0.00	0.00	0	0.00	0	0.0	0.00	0.0	0.000	0.215	-52.3	0	---	-52.4	-52.4	 .0971	0.000	699	1	100.0	30
09/09/20	3:30 a	75.2	75.3	75.0	100	75.2	0.0	SSE	0.00	1.0	SSE	75.2	79.1	79.1	78.0	29.831	0.00	0.00	0	0.00	0	0.0	0.00	0.0	0.000	0.212	-52.3	0	---	-52.4	-52.4	 .0971	0.000	703	1	100.0	30
09/09/20	4:00 a	74.6	75.2	74.6	100	74.6	0.0	---	0.00	0.0	---	74.6	78.3	78.3	77.2	29.831	0.00	0.00	0	0.00	0	0.0	0.00	0.0	0.000	0.200	-52.3	0	---	-52.4	-52.4	 .0971	0.000	697	1	100.0	30
09/09/20	4:30 a	74.3	74.7	74.2	100	74.3	0.0	---	0.00	0.0	---	74.3	78.0	78.0	76.9	29.831	0.00	0.00	0	0.00	0	0.0	0.00	0.0	0.000	0.194	-52.3	0	---	-52.4	-52.4	 .0971	0.000	699	1	100.0	30
09/09/20	5:00 a	74.1	74.3	74.0	100	74.1	0.0	---	0.00	0.0	---	74.1	77.7	77.7	76.6	29.831	0.00	0.00	0	0.00	0	0.0	0.00	0.0	0.000	0.190	-52.3	0	---	-52.4	-52.4	 .0971	0.000	702	1	100.0	30
09/09/20	5:30 a	74.0	74.2	73.9	100	74.0	0.0	---	0.00	0.0	---	74.0	77.6	77.6	76.5	29.831	0.00	0.00	0	0.00	0	0.0	0.00	0.0	0.000	0.188	-52.3	0	---	-52.4	-52.4	 .0971	0.000	700	1	100.0	30
09/09/20	6:00 a	74.3	74.3	73.9	100	74.3	0.0	---	0.00	0.0	---	74.3	78.0	78.0	77.2	29.831	0.00	0.00	14	0.60	30	0.0	0.00	0.0	0.000	0.194	-52.3	0	---	-52.4	-52.4	 .0971	0.000	701	1	100.0	30
09/09/20	6:30 a	75.1	75.1	74.2	100	75.1	0.0	SSE	0.00	1.0	SSE	75.1	78.9	78.9	79.8	29.831	0.01	0.00	37	1.59	56	0.0	0.00	0.0	0.000	0.210	-52.3	0	---	-52.4	-52.4	 .0971	0.000	700	1	100.0	30
09/09/20	7:00 a	76.0	76.0	75.1	100	76.0	0.0	SSE	0.00	1.0	SSE	76.0	80.3	80.3	81.2	29.831	0.00	0.00	42	1.81	56	0.0	0.00	0.5	0.000	0.229	-52.3	0	---	-52.4	-52.4	 .0971	0.001	703	1	100.0	30
09/09/20	7:30 a	77.7	77.7	76.0	100	77.7	0.0	SSE	0.00	1.0	SSE	77.7	83.7	83.7	86.3	29.831	0.00	0.00	96	4.13	128	0.7	0.15	1.0	0.000	0.265	-52.3	0	---	-52.4	-52.4	 .0971	0.000	702	1	100.0	30
09/09/20	8:00 a	78.0	78.0	77.4	100	78.0	1.0	S	0.50	4.0	SSE	78.0	84.4	84.4	87.6	29.831	0.00	0.00	130	5.59	192	1.3	0.28	2.2	0.000	0.271	-52.3	0	---	-52.4	-52.4	 .0971	0.003	703	1	100.0	30
09/09/20	8:30 a	78.6	79.0	77.8	100	78.6	1.0	SE	0.50	4.0	SSE	78.6	85.8	85.8	90.6	29.831	0.00	0.00	205	8.82	272	1.4	0.30	1.8	0.000	0.283	-52.3	0	---	-52.4	-52.4	 .0971	0.000	700	1	100.0	30
09/09/20	9:00 a	78.8	79.3	78.4	100	78.8	1.0	S	0.50	6.0	ESE	78.8	86.3	86.3	90.8	29.831	0.00	0.00	206	8.86	288	1.5	0.32	2.0	0.000	0.288	-52.3	0	---	-52.4	-52.4	 .0971	0.005	699	1	100.0	30
09/09/20	9:30 a	79.7	80.2	78.7	100	79.7	1.0	SSE	0.50	4.0	SSE	79.7	88.8	88.8	94.2	29.831	0.00	0.00	248	10.67	364	2.3	0.49	3.1	0.000	0.306	-52.3	0	---	-52.4	-52.4	 .0971	0.000	699	1	100.0	30
09/09/20	10:00 a	80.5	80.7	79.3	100	80.5	1.0	SW	0.50	4.0	SSE	80.5	91.1	91.1	99.6	29.831	0.00	0.00	402	17.29	522	4.1	0.88	7.6	0.000	0.323	-52.3	0	---	-52.4	-52.4	 .0971	0.008	699	1	100.0	30
09/09/20	10:30 a	80.2	80.8	80.1	100	80.2	2.0	S	1.00	6.0	ESE	80.2	90.2	90.2	97.4	29.831	0.00	0.00	332	14.28	454	3.6	0.77	4.8	0.000	0.317	-52.3	0	---	-52.4	-52.4	 .0971	0.000	702	1	100.0	30
09/09/20	11:00 a	81.5	82.9	80.1	100	81.5	2.0	SSE	1.00	6.0	SSE	81.5	94.1	94.1	104.6	29.831	0.00	0.00	508	21.85	891	6.1	1.31	9.5	0.000	0.344	-52.3	0	---	-52.4	-52.4	 .0971	0.012	701	1	100.0	30
09/09/20	11:30 a	82.1	82.4	81.1	100	82.1	1.0	SW	0.50	5.0	SE	82.1	96.0	96.0	106.3	29.831	0.00	0.00	492	21.16	615	5.4	1.16	6.4	0.000	0.356	-52.3	0	---	-52.4	-52.4	 .0971	0.000	703	1	100.0	30
09/09/20	12:00 p	82.8	82.9	81.9	100	82.8	2.0	SSE	1.00	6.0	SSE	82.8	98.5	98.5	110.5	29.831	0.00	0.00	621	26.71	1194	6.3	1.35	8.9	0.000	0.371	-52.3	0	---	-52.4	-52.4	 .0971	0.015	698	1	100.0	30
09/09/20	12:30 p	84.4	84.4	82.1	100	84.4	2.0	ESE	1.00	12.0	SSE	84.4	104.9	104.9	118.0	29.831	0.00	0.00	749	32.21	1354	7.3	1.56	11.4	0.000	0.404	-52.3	0	---	-52.4	-52.4	 .0971	0.000	702	1	100.0	30
09/09/20	1:00 p	81.2	84.3	80.9	100	81.2	2.0	SSE	1.00	7.0	ESE	81.2	93.1	93.1	100.0	29.831	0.00	0.00	315	13.55	621	3.6	0.77	6.3	0.000	0.337	-52.3	0	---	-52.4	-52.4	 .0971	0.015	700	1	100.0	30
09/09/20	1:30 p	80.6	81.3	80.4	100	80.6	1.0	SE	0.50	6.0	SSE	80.6	91.3	91.3	96.9	29.831	0.00	0.00	253	10.88	318	2.7	0.58	3.2	0.000	0.325	-52.3	0	---	-52.4	-52.4	 .0971	0.000	697	1	100.0	30
09/09/20	2:00 p	81.4	81.4	80.6	100	81.4	2.0	SE	1.00	8.0	NNE	81.4	93.8	93.8	100.4	29.831	0.00	0.00	288	12.39	464	2.4	0.51	3.4	0.000	0.342	-52.3	0	---	-52.4	-52.4	 .0971	0.007	701	1	100.0	30
09/09/20	2:30 p	81.4	82.5	81.3	100	81.4	2.0	SE	1.00	6.0	SSE	81.4	93.8	93.8	102.8	29.831	0.00	0.00	387	16.64	661	3.0	0.64	4.8	0.000	0.342	-52.3	0	---	-52.4	-52.4	 .0971	0.000	701	1	100.0	30
09/09/20	3:00 p	80.0	81.5	80.0	100	80.0	1.0	SSE	0.50	7.0	E	80.0	89.6	89.6	90.7	29.831	0.00	0.00	59	2.54	88	0.3	0.06	0.7	0.000	0.313	-52.3	0	---	-52.4	-52.4	 .0971	0.006	699	1	100.0	30
09/09/20	3:30 p	79.5	80.0	79.4	100	79.5	0.0	S	0.00	4.0	S	79.5	88.2	88.2	88.5	29.831	0.00	0.00	30	1.29	37	0.0	0.00	0.0	0.000	0.302	-52.3	0	---	-52.4	-52.4	 .0971	0.000	699	1	100.0	30
09/09/20	4:00 p	79.3	79.6	78.9	100	79.3	0.0	S	0.00	3.0	SSE	79.3	87.6	87.6	89.4	29.831	0.00	0.00	63	2.71	84	0.0	0.00	0.0	0.000	0.298	-52.3	0	---	-52.4	-52.4	 .0971	0.001	700	1	100.0	30
09/09/20	4:30 p	79.5	79.6	79.2	100	79.5	1.0	NNW	0.50	5.0	NNE	79.5	88.2	88.2	90.6	29.831	0.00	0.00	66	2.84	98	0.0	0.00	0.0	0.000	0.302	-52.3	0	---	-52.4	-52.4	 .0971	0.000	699	1	100.0	30
09/09/20	5:00 p	79.1	79.6	78.9	100	79.1	0.0	SSW	0.00	3.0	SW	79.1	87.1	87.1	86.3	29.831	0.00	0.00	7	0.30	21	0.0	0.00	0.0	0.000	0.294	-52.3	0	---	-52.4	-52.4	 .0971	0.001	701	1	100.0	30
09/09/20	5:30 p	78.5	79.1	78.4	100	78.5	0.0	SSW	0.00	2.0	SSW	78.5	85.6	85.6	84.6	29.831	0.02	0.06	0	0.00	0	0.0	0.00	0.0	0.000	0.281	-52.3	0	---	-52.4	-52.4	 .0971	0.000	698	1	100.0	30
09/09/20	6:00 p	78.2	78.6	78.2	100	78.2	0.0	SSW	0.00	1.0	SSW	78.2	84.9	84.9	83.9	29.831	0.04	0.24	0	0.00	0	0.0	0.00	0.0	0.000	0.275	-52.3	0	---	-52.4	-52.4	 .0971	0.000	700	1	100.0	30
09/09/20	6:30 p	77.9	78.2	77.9	100	77.9	0.0	SSW	0.00	1.0	SSW	77.9	84.2	84.2	83.1	29.831	0.10	0.49	0	0.00	0	0.0	0.00	0.0	0.000	0.269	-52.3	0	---	-52.4	-52.4	 .0971	0.000	701	1	100.0	30
09/09/20	7:00 p	77.9	78.0	77.8	100	77.9	0.0	---	0.00	0.0	---	77.9	84.2	84.2	83.1	29.831	0.06	0.18	0	0.00	0	0.0	0.00	0.0	0.000	0.269	-52.3	0	---	-52.4	-52.4	 .0971	0.000	700	1	100.0	30
09/09/20	7:30 p	77.7	77.9	77.6	100	77.7	0.0	---	0.00	0.0	---	77.7	83.7	83.7	82.6	29.831	0.04	0.20	0	0.00	0	0.0	0.00	0.0	0.000	0.265	-52.3	0	---	-52.4	-52.4	 .0971	0.000	700	1	100.0	30
09/09/20	8:00 p	77.3	77.7	77.3	100	77.3	0.0	SSW	0.00	1.0	SSW	77.3	82.9	82.9	81.8	29.831	0.01	0.06	0	0.00	0	0.0	0.00	0.0	0.000	0.256	-52.3	0	---	-52.4	-52.4	 .0971	0.000	702	1	100.0	30
09/09/20	8:30 p	77.1	77.5	77.1	100	77.1	0.0	SSW	0.00	1.0	SSW	77.1	82.4	82.4	81.3	29.831	0.00	0.00	0	0.00	0	0.0	0.00	0.0	0.000	0.252	-52.3	0	---	-52.4	-52.4	 .0971	0.000	700	1	100.0	30
09/09/20	9:00 p	77.3	77.3	77.1	100	77.3	0.0	SSW	0.00	1.0	SSW	77.3	82.9	82.9	81.8	29.831	0.00	0.00	0	0.00	0	0.0	0.00	0.0	0.000	0.256	-52.3	0	---	-52.4	-52.4	 .0971	0.000	700	1	100.0	30
09/09/20	9:30 p	77.1	77.4	77.1	100	77.1	0.0	ESE	0.00	3.0	SE	77.1	82.4	82.4	81.3	29.831	0.00	0.00	0	0.00	0	0.0	0.00	0.0	0.000	0.252	-52.3	0	---	-52.4	-52.4	 .0971	0.000	699	1	100.0	30
09/09/20	10:00 p	77.2	77.4	77.1	100	77.2	0.0	ESE	0.00	2.0	ESE	77.2	82.6	82.6	81.5	29.831	0.01	0.00	0	0.00	0	0.0	0.00	0.0	0.000	0.254	-52.3	0	---	-52.4	-52.4	 .0971	0.000	696	1	100.0	30
09/09/20	10:30 p	76.9	77.3	76.9	100	76.9	0.0	NE	0.00	3.0	E	76.9	82.0	82.0	80.9	29.831	0.10	1.17	0	0.00	0	0.0	0.00	0.0	0.000	0.248	-52.3	0	---	-52.4	-52.4	 .0971	0.000	698	1	100.0	30
09/09/20	11:00 p	77.1	77.1	76.9	100	77.1	0.0	NE	0.00	1.0	NE	77.1	82.4	82.4	81.3	29.831	0.07	1.65	0	0.00	0	0.0	0.00	0.0	0.000	0.252	-52.3	0	---	-52.4	-52.4	 .0971	0.000	700	1	100.0	30
09/09/20	11:30 p	76.8	77.1	76.8	100	76.8	0.0	NE	0.00	1.0	NE	76.8	81.8	81.8	80.7	29.831	0.00	0.00	0	0.00	0	0.0	0.00	0.0	0.000	0.246	-52.3	0	---	-52.4	-52.4	 .0971	0.000	696	1	100.0	30
09/10/20	12:00 a	76.8	76.9	76.7	100	76.8	0.0	---	0.00	0.0	---	76.8	81.8	81.8	80.7	29.831	0.00	0.00	0	0.00	0	0.0	0.00	0.0	0.000	0.246	-52.3	0	---	-52.4	-52.4	 .0971	0.000	699	1	100.0	30
09/10/20	12:30 a	76.6	76.8	76.6	100	76.6	0.0	NE	0.00	1.0	NE	76.6	81.4	81.4	80.3	29.831	0.01	0.00	0	0.00	0	0.0	0.00	0.0	0.000	0.242	-52.3	0	---	-52.4	-52.4	 .0971	0.000	699	1	100.0	30
09/10/20	1:00 a	76.4	76.7	76.3	100	76.4	0.0	NE	0.00	1.0	NE	76.4	81.1	81.1	80.0	29.831	0.00	0.00	0	0.00	0	0.0	0.00	0.0	0.000	0.238	-52.3	0	---	-52.4	-52.4	 .0971	0.000	700	1	100.0	30
09/10/20	1:30 a	75.9	76.4	75.8	100	75.9	0.0	NE	0.00	1.0	NE	75.9	80.2	80.2	79.0	29.831	0.00	0.00	0	0.00	0	0.0	0.00	0.0	0.000	0.227	-52.3	0	---	-52.4	-52.4	 .0971	0.000	702	1	100.0	30
09/10/20	2:00 a	75.5	76.0	75.5	100	75.5	0.0	NE	0.00	1.0	NE	75.5	79.6	79.6	78.4	29.831	0.00	0.00	0	0.00	0	0.0	0.00	0.0	0.000	0.219	-52.3	0	---	-52.4	-52.4	 .0971	0.000	699	1	100.0	30
09/10/20	2:30 a	75.3	75.5	75.2	100	75.3	0.0	NE	0.00	1.0	NE	75.3	79.3	79.3	78.1	29.831	0.00	0.00	0	0.00	0	0.0	0.00	0.0	0.000	0.215	-52.3	0	---	-52.4	-52.4	 .0971	0.000	700	1	100.0	30
09/10/20	3:00 a	75.5	75.6	75.1	100	75.5	0.0	---	0.00	0.0	---	75.5	79.6	79.6	78.4	29.831	0.00	0.00	0	0.00	0	0.0	0.00	0.0	0.000	0.219	-52.3	0	---	-52.4	-52.4	 .0971	0.000	700	1	100.0	30
09/10/20	3:30 a	75.3	75.6	75.3	100	75.3	0.0	---	0.00	0.0	---	75.3	79.3	79.3	78.1	29.831	0.00	0.00	0	0.00	0	0.0	0.00	0.0	0.000	0.215	-52.3	0	---	-52.4	-52.4	 .0971	0.000	702	1	100.0	30
09/10/20	4:00 a	74.9	75.3	74.9	100	74.9	0.0	---	0.00	0.0	---	74.9	78.7	78.7	77.5	29.831	0.00	0.00	0	0.00	0	0.0	0.00	0.0	0.000	0.206	-52.3	0	---	-52.4	-52.4	 .0971	0.000	700	1	100.0	30
09/10/20	4:30 a	74.8	74.9	74.7	100	74.8	0.0	---	0.00	0.0	---	74.8	78.6	78.6	77.4	29.831	0.00	0.00	0	0.00	0	0.0	0.00	0.0	0.000	0.204	-52.3	0	---	-52.4	-52.4	 .0971	0.000	701	1	100.0	30
09/10/20	5:00 a	74.7	74.9	74.5	100	74.7	0.0	---	0.00	0.0	---	74.7	78.4	78.4	77.2	29.831	0.00	0.00	0	0.00	0	0.0	0.00	0.0	0.000	0.202	-52.3	0	---	-52.4	-52.4	 .0971	0.000	700	1	100.0	30
09/10/20	5:30 a	74.2	74.6	74.2	100	74.2	0.0	---	0.00	0.0	---	74.2	77.8	77.8	76.6	29.831	0.00	0.00	0	0.00	5	0.0	0.00	0.0	0.000	0.192	-52.3	0	---	-52.4	-52.4	 .0971	0.000	700	1	100.0	30
09/10/20	6:00 a	74.7	74.8	74.2	100	74.7	0.0	---	0.00	0.0	---	74.7	78.4	78.4	77.5	29.831	0.00	0.00	16	0.69	21	0.0	0.00	0.0	0.000	0.202	-52.3	0	---	-52.4	-52.4	 .0971	0.000	699	1	100.0	30
09/10/20	6:30 a	75.0	75.1	74.7	100	75.0	0.0	NE	0.00	1.0	NE	75.0	78.8	78.8	79.1	29.831	0.00	0.00	23	0.99	30	0.0	0.00	0.0	0.000	0.208	-52.3	0	---	-52.4	-52.4	 .0971	0.000	700	1	100.0	30
09/10/20	7:00 a	75.6	75.7	75.0	100	75.6	0.0	NE	0.00	1.0	NE	75.6	79.7	79.7	80.2	29.831	0.00	0.00	32	1.38	42	0.0	0.00	0.0	0.000	0.221	-52.3	0	---	-52.4	-52.4	 .0971	0.001	702	1	100.0	30
09/10/20	7:30 a	77.0	77.1	75.6	100	77.0	0.0	NE	0.00	2.0	NE	77.0	82.2	82.2	83.5	29.831	0.00	0.00	59	2.54	79	0.4	0.09	1.0	0.000	0.250	-52.3	0	---	-52.4	-52.4	 .0971	0.000	700	1	100.0	30
09/10/20	8:00 a	77.2	77.6	77.0	100	77.2	0.0	NE	0.00	1.0	NE	77.2	82.6	82.6	84.0	29.831	0.00	0.00	70	3.01	113	1.1	0.24	1.4	0.000	0.254	-52.3	0	---	-52.4	-52.4	 .0971	0.002	701	1	100.0	30
09/10/20	8:30 a	78.3	78.4	77.2	100	78.3	0.0	NE	0.00	1.0	NE	78.3	85.1	85.1	88.7	29.831	0.00	0.00	157	6.75	271	1.5	0.32	2.1	0.000	0.277	-52.3	0	---	-52.4	-52.4	 .0971	0.000	696	1	100.0	30
09/10/20	9:00 a	78.5	79.6	78.2	100	78.5	1.0	SSW	0.50	4.0	SSW	78.5	85.6	85.6	90.2	29.831	0.00	0.00	207	8.90	327	3.2	0.69	4.4	0.000	0.281	-52.3	0	---	-52.4	-52.4	 .0971	0.005	703	1	100.0	30
09/10/20	9:30 a	81.2	81.3	78.5	100	81.2	0.0	SW	0.00	2.0	SSW	81.2	93.1	93.1	96.4	29.831	0.00	0.00	160	6.88	202	4.4	0.94	6.4	0.000	0.337	-52.3	0	---	-52.4	-52.4	 .0971	0.000	698	1	100.0	30
09/10/20	10:00 a	83.4	83.4	79.8	100	83.4	2.0	SW	1.00	7.0	WSW	83.4	100.8	100.8	104.8	29.831	0.00	0.00	186	8.00	297	6.7	1.44	8.0	0.000	0.383	-52.3	0	---	-52.4	-52.4	 .0971	0.004	701	1	100.0	30
09/10/20	10:30 a	84.5	84.7	83.3	100	84.5	2.0	SSW	1.00	6.0	SSE	84.5	105.3	105.3	118.1	29.831	0.00	0.00	700	30.10	1076	8.0	1.71	9.1	0.000	0.406	-52.3	0	---	-52.4	-52.4	 .0971	0.000	699	1	100.0	30
09/10/20	11:00 a	85.5	85.5	84.5	100	85.5	2.0	SSW	1.00	6.0	SW	85.5	110.4	110.4	121.2	29.831	0.00	0.00	1029	44.25	1051	9.5	2.04	9.7	0.000	0.427	-52.3	0	---	-52.4	-52.4	 .0971	0.022	699	1	100.0	30
09/10/20	11:30 a	84.9	85.7	84.3	100	84.9	3.0	SSW	1.50	9.0	SSE	84.9	107.2	107.2	117.3	29.831	0.00	0.00	1044	44.90	1100	9.9	2.12	10.2	0.000	0.415	-52.3	0	---	-52.4	-52.4	 .0971	0.000	700	1	100.0	30
09/10/20	12:00 p	84.0	85.0	84.0	100	84.0	3.0	SW	1.50	8.0	WSW	84.0	103.1	103.1	113.9	29.831	0.00	0.00	1049	45.11	1074	9.9	2.12	10.1	0.000	0.396	-52.3	0	---	-52.4	-52.4	 .0971	0.026	700	1	100.0	30
09/10/20	12:30 p	85.6	85.6	83.9	100	85.6	2.0	S	1.00	7.0	S	85.6	111.0	111.0	123.2	29.831	0.00	0.00	1073	46.15	1176	9.6	2.06	10.1	0.000	0.429	-52.3	0	---	-52.4	-52.4	 .0971	0.000	702	1	100.0	30
09/10/20	1:00 p	84.3	85.7	84.1	100	84.3	2.0	SSW	1.00	8.0	SSE	84.3	104.5	104.5	117.7	29.831	0.00	0.00	1067	45.89	1146	8.7	1.86	9.6	0.000	0.402	-52.3	0	---	-52.4	-52.4	 .0971	0.026	700	1	100.0	30
09/10/20	1:30 p	83.2	84.7	83.0	100	83.2	2.0	SSW	1.00	6.0	ESE	83.2	100.0	100.0	112.0	29.831	0.00	0.00	626	26.92	1223	6.0	1.29	9.0	0.000	0.379	-52.3	0	---	-52.4	-52.4	 .0971	0.000	703	1	100.0	30
09/10/20	2:00 p	82.5	84.4	82.5	100	82.5	2.0	ESE	1.00	6.0	ESE	82.5	97.4	97.4	109.1	29.831	0.00	0.00	583	25.07	1104	5.0	1.07	7.9	0.000	0.365	-52.3	0	---	-52.4	-52.4	 .0971	0.016	700	1	100.0	30
09/10/20	2:30 p	83.4	84.6	82.5	100	83.4	2.0	SSE	1.00	10.0	SSE	83.4	100.8	100.8	113.3	29.831	0.00	0.00	630	27.09	1102	4.2	0.90	6.1	0.000	0.383	-52.3	0	---	-52.4	-52.4	 .0971	0.000	702	1	100.0	30
09/10/20	3:00 p	83.0	83.7	82.4	100	83.0	2.0	ESE	1.00	6.0	S	83.0	99.2	99.2	107.6	29.831	0.00	0.00	321	13.80	698	2.7	0.58	4.2	0.000	0.375	-52.3	0	---	-52.4	-52.4	 .0971	0.014	700	1	100.0	30
09/10/20	3:30 p	82.5	83.5	82.5	100	82.5	2.0	SE	1.00	7.0	SSE	82.5	97.4	97.4	108.5	29.831	0.00	0.00	407	17.50	696	1.9	0.41	2.9	0.000	0.365	-52.3	0	---	-52.4	-52.4	 .0971	0.000	697	1	100.0	30
09/10/20	4:00 p	82.4	82.5	81.7	100	82.4	1.0	SE	0.50	7.0	SSE	82.4	97.1	97.1	105.2	29.831	0.00	0.00	239	10.28	504	1.0	0.21	1.6	0.000	0.363	-52.3	0	---	-52.4	-52.4	 .0971	0.008	702	1	100.0	30
09/10/20	4:30 p	81.6	82.5	81.4	100	81.6	1.0	SSW	0.50	4.0	NNW	81.6	94.4	94.4	98.4	29.831	0.00	0.00	103	4.43	125	0.4	0.09	0.7	0.000	0.346	-52.3	0	---	-52.4	-52.4	 .0971	0.000	700	1	100.0	30
09/10/20	5:00 p	80.6	81.7	80.3	100	80.6	1.0	E	0.50	4.0	SE	80.6	91.3	91.3	91.6	29.831	0.00	0.00	56	2.41	86	0.0	0.00	0.0	0.000	0.325	-52.3	0	---	-52.4	-52.4	 .0971	0.002	700	1	100.0	30
09/10/20	5:30 p	79.4	80.7	79.4	100	79.4	0.0	SSE	0.00	1.0	SSE	79.4	87.9	87.9	87.6	29.831	0.00	0.00	30	1.29	40	0.0	0.00	0.0	0.000	0.300	-52.3	0	---	-52.4	-52.4	 .0971	0.000	701	1	100.0	30
09/10/20	6:00 p	78.6	79.4	78.4	100	78.6	0.0	SSE	0.00	1.0	SSE	78.6	85.8	85.8	84.7	29.831	0.00	0.00	1	0.04	11	0.0	0.00	0.0	0.000	0.283	-52.3	0	---	-52.4	-52.4	 .0971	0.000	701	1	100.0	30
09/10/20	6:30 p	78.5	78.7	78.3	100	78.5	0.0	SSE	0.00	1.0	SSE	78.5	85.6	85.6	84.5	29.831	0.00	0.00	0	0.00	0	0.0	0.00	0.0	0.000	0.281	-52.3	0	---	-52.4	-52.4	 .0971	0.000	701	1	100.0	30
09/10/20	7:00 p	78.2	78.5	78.1	100	78.2	0.0	---	0.00	0.0	---	78.2	84.9	84.9	83.8	29.831	0.00	0.00	0	0.00	0	0.0	0.00	0.0	0.000	0.275	-52.3	0	---	-52.4	-52.4	 .0971	0.000	702	1	100.0	30
09/10/20	7:30 p	78.1	78.2	78.0	100	78.1	0.0	---	0.00	0.0	---	78.1	84.6	84.6	83.5	29.831	0.00	0.00	0	0.00	0	0.0	0.00	0.0	0.000	0.273	-52.3	0	---	-52.4	-52.4	 .0971	0.000	702	1	100.0	30
09/10/20	8:00 p	78.0	78.1	77.9	100	78.0	0.0	---	0.00	0.0	---	78.0	84.4	84.4	83.3	29.831	0.00	0.00	0	0.00	0	0.0	0.00	0.0	0.000	0.271	-52.3	0	---	-52.4	-52.4	 .0971	0.000	700	1	100.0	30
09/10/20	8:30 p	77.9	78.0	77.7	100	77.9	0.0	---	0.00	0.0	---	77.9	84.2	84.2	83.1	29.831	0.00	0.00	0	0.00	0	0.0	0.00	0.0	0.000	0.269	-52.3	0	---	-52.4	-52.4	 .0971	0.000	701	1	100.0	30
09/10/20	9:00 p	77.8	77.9	77.7	100	77.8	0.0	---	0.00	0.0	---	77.8	84.0	84.0	82.9	29.831	0.00	0.00	0	0.00	0	0.0	0.00	0.0	0.000	0.267	-52.3	0	---	-52.4	-52.4	 .0971	0.000	700	1	100.0	30
09/10/20	9:30 p	77.6	77.9	77.6	100	77.6	0.0	SSE	0.00	1.0	SSE	77.6	83.5	83.5	82.4	29.831	0.00	0.00	0	0.00	0	0.0	0.00	0.0	0.000	0.262	-52.3	0	---	-52.4	-52.4	 .0971	0.000	700	1	100.0	30
09/10/20	10:00 p	77.5	77.7	77.5	100	77.5	0.0	---	0.00	0.0	---	77.5	83.3	83.3	82.2	29.831	0.00	0.00	0	0.00	0	0.0	0.00	0.0	0.000	0.260	-52.3	0	---	-52.4	-52.4	 .0971	0.000	700	1	100.0	30
09/10/20	10:30 p	77.1	77.6	77.1	100	77.1	0.0	SSE	0.00	1.0	SSE	77.1	82.4	82.4	81.3	29.831	0.00	0.00	0	0.00	0	0.0	0.00	0.0	0.000	0.252	-52.3	0	---	-52.4	-52.4	 .0971	0.000	701	1	100.0	30
09/10/20	11:00 p	77.1	77.4	77.0	100	77.1	0.0	---	0.00	0.0	---	77.1	82.4	82.4	81.3	29.831	0.00	0.00	0	0.00	0	0.0	0.00	0.0	0.000	0.252	-52.3	0	---	-52.4	-52.4	 .0971	0.000	702	1	100.0	30
09/10/20	11:30 p	77.1	77.3	76.9	100	77.1	0.0	---	0.00	0.0	---	77.1	82.4	82.4	81.3	29.831	0.00	0.00	0	0.00	0	0.0	0.00	0.0	0.000	0.252	-52.3	0	---	-52.4	-52.4	 .0971	0.000	702	1	100.0	30
09/11/20	12:00 a	76.8	77.1	76.7	100	76.8	0.0	---	0.00	0.0	---	76.8	81.8	81.8	80.6	29.831	0.00	0.00	0	0.00	0	0.0	0.00	0.0	0.000	0.246	-52.3	0	---	-52.4	-52.4	 .0971	0.000	701	1	100.0	30
09/11/20	12:30 a	76.7	77.0	76.7	100	76.7	0.0	---	0.00	0.0	---	76.7	81.6	81.6	80.4	29.831	0.00	0.00	0	0.00	0	0.0	0.00	0.0	0.000	0.244	-52.3	0	---	-52.4	-52.4	 .0971	0.000	700	1	100.0	30
09/11/20	1:00 a	76.6	76.8	76.5	100	76.6	0.0	---	0.00	0.0	---	76.6	81.4	81.4	80.2	29.831	0.00	0.00	0	0.00	0	0.0	0.00	0.0	0.000	0.242	-52.3	0	---	-52.4	-52.4	 .0971	0.000	700	1	100.0	30
09/11/20	1:30 a	76.6	76.7	76.5	100	76.6	0.0	---	0.00	0.0	---	76.6	81.4	81.4	80.2	29.831	0.00	0.00	0	0.00	0	0.0	0.00	0.0	0.000	0.242	-52.3	0	---	-52.4	-52.4	 .0971	0.000	701	1	100.0	30
09/11/20	2:00 a	76.2	76.7	76.2	100	76.2	0.0	---	0.00	0.0	---	76.2	80.7	80.7	79.5	29.831	0.00	0.00	0	0.00	0	0.0	0.00	0.0	0.000	0.233	-52.3	0	---	-52.4	-52.4	 .0971	0.000	702	1	100.0	30
09/11/20	2:30 a	76.1	76.2	75.9	100	76.1	0.0	---	0.00	0.0	---	76.1	80.5	80.5	79.3	29.831	0.00	0.00	0	0.00	0	0.0	0.00	0.0	0.000	0.231	-52.3	0	---	-52.4	-52.4	 .0971	0.000	700	1	100.0	30
09/11/20	3:00 a	76.3	76.3	76.1	100	76.3	0.0	---	0.00	0.0	---	76.3	80.9	80.9	79.7	29.831	0.00	0.00	0	0.00	0	0.0	0.00	0.0	0.000	0.235	-52.3	0	---	-52.4	-52.4	 .0971	0.000	698	1	100.0	30
09/11/20	3:30 a	76.3	76.3	76.1	100	76.3	0.0	---	0.00	0.0	---	76.3	80.9	80.9	79.7	29.831	0.00	0.00	0	0.00	0	0.0	0.00	0.0	0.000	0.235	-52.3	0	---	-52.4	-52.4	 .0971	0.000	699	1	100.0	30
09/11/20	4:00 a	76.3	76.5	76.2	100	76.3	0.0	---	0.00	0.0	---	76.3	80.9	80.9	79.7	29.831	0.00	0.00	0	0.00	0	0.0	0.00	0.0	0.000	0.235	-52.3	0	---	-52.4	-52.4	 .0971	0.000	701	1	100.0	30
09/11/20	4:30 a	76.4	76.5	76.3	100	76.4	0.0	---	0.00	0.0	---	76.4	81.1	81.1	79.9	29.831	0.00	0.00	0	0.00	0	0.0	0.00	0.0	0.000	0.238	-52.3	0	---	-52.4	-52.4	 .0971	0.000	698	1	100.0	30
09/11/20	5:00 a	76.3	76.4	76.2	100	76.3	0.0	---	0.00	0.0	---	76.3	80.9	80.9	79.7	29.831	0.00	0.00	0	0.00	0	0.0	0.00	0.0	0.000	0.235	-52.3	0	---	-52.4	-52.4	 .0971	0.000	701	1	100.0	30
09/11/20	5:30 a	76.5	76.6	76.2	100	76.5	0.0	---	0.00	0.0	---	76.5	81.3	81.3	80.1	29.831	0.00	0.00	0	0.00	5	0.0	0.00	0.0	0.000	0.240	-52.3	0	---	-52.4	-52.4	 .0971	0.000	701	1	100.0	30
09/11/20	6:00 a	76.6	76.7	76.5	100	76.6	0.0	---	0.00	0.0	---	76.6	81.4	81.4	80.7	29.831	0.00	0.00	20	0.86	35	0.0	0.00	0.0	0.000	0.242	-52.3	0	---	-52.4	-52.4	 .0971	0.000	703	1	100.0	30
09/11/20	6:30 a	77.4	77.4	76.6	100	77.4	0.0	---	0.00	0.0	---	77.4	83.1	83.1	84.8	29.831	0.00	0.00	51	2.19	81	0.0	0.00	0.0	0.000	0.258	-52.3	0	---	-52.4	-52.4	 .0971	0.000	698	1	100.0	30
09/11/20	7:00 a	77.9	77.9	77.2	100	77.9	0.0	---	0.00	0.0	---	77.9	84.2	84.2	87.6	29.831	0.00	0.00	105	4.52	141	0.0	0.00	0.5	0.000	0.269	-52.3	0	---	-52.4	-52.4	 .0971	0.002	702	1	100.0	30
09/11/20	7:30 a	78.1	78.1	77.7	100	78.1	0.0	---	0.00	0.0	---	78.1	84.6	84.6	87.1	29.831	0.00	0.00	93	4.00	186	0.2	0.04	0.7	0.000	0.273	-52.3	0	---	-52.4	-52.4	 .0971	0.000	701	1	100.0	30
09/11/20	8:00 a	79.7	79.7	78.0	100	79.7	0.0	---	0.00	0.0	---	79.7	88.8	88.8	98.0	29.831	0.00	0.00	361	15.53	708	1.6	0.34	2.9	0.000	0.306	-52.3	0	---	-52.4	-52.4	 .0971	0.006	699	1	100.0	30
09/11/20	8:30 a	81.5	82.1	79.8	100	81.5	0.0	---	0.00	0.0	---	81.5	94.1	94.1	104.9	29.831	0.00	0.00	482	20.73	733	2.6	0.56	3.4	0.000	0.344	-52.3	0	---	-52.4	-52.4	 .0971	0.000	701	1	100.0	30
09/11/20	9:00 a	80.6	81.5	80.5	100	80.6	0.0	---	0.00	0.0	---	80.6	91.3	91.3	95.3	29.831	0.00	0.00	181	7.78	262	1.7	0.36	2.5	0.000	0.325	-52.3	0	---	-52.4	-52.4	 .0971	0.008	700	1	100.0	30
09/11/20	9:30 a	81.4	82.0	80.6	100	81.4	0.0	SE	0.00	4.0	SSE	81.4	93.8	93.8	99.4	29.831	0.00	0.00	249	10.71	285	2.6	0.56	3.3	0.000	0.342	-52.3	0	---	-52.4	-52.4	 .0971	0.000	701	1	100.0	30
09/11/20	10:00 a	83.4	83.7	81.2	100	83.4	1.0	NE	0.50	4.0	SE	83.4	100.8	100.8	107.9	29.831	0.00	0.00	321	13.80	568	4.7	1.01	7.9	0.000	0.383	-52.3	0	---	-52.4	-52.4	 .0971	0.007	700	1	100.0	30
09/11/20	10:30 a	85.0	85.0	83.5	100	85.0	2.0	SE	1.00	8.0	SSE	85.0	107.6	107.6	121.0	29.831	0.00	0.00	819	35.22	1285	8.2	1.76	9.9	0.000	0.417	-52.3	0	---	-52.4	-52.4	 .0971	0.000	700	1	100.0	30
09/11/20	11:00 a	83.9	85.2	83.8	100	83.9	3.0	SE	1.50	11.0	SSE	83.9	102.7	102.7	113.3	29.831	0.00	0.00	1024	44.04	1127	9.1	1.95	9.8	0.000	0.394	-52.3	0	---	-52.4	-52.4	 .0971	0.023	698	1	100.0	30
09/11/20	11:30 a	84.3	84.8	83.6	100	84.3	3.0	SE	1.50	9.0	SE	84.3	104.5	104.5	115.4	29.831	0.00	0.00	1010	43.44	1083	9.3	1.99	9.8	0.000	0.402	-52.3	0	---	-52.4	-52.4	 .0971	0.000	701	1	100.0	30
09/11/20	12:00 p	84.9	85.0	84.2	100	84.9	3.0	SE	1.50	11.0	S	84.9	107.2	107.2	118.0	29.831	0.00	0.00	1047	45.03	1153	9.6	2.06	10.3	0.000	0.415	-52.3	0	---	-52.4	-52.4	 .0971	0.026	698	1	100.0	30
09/11/20	12:30 p	83.5	85.1	83.1	100	83.5	2.0	SE	1.00	8.0	SE	83.5	101.1	101.1	113.9	29.831	0.00	0.00	703	30.23	990	6.9	1.48	9.0	0.000	0.385	-52.3	0	---	-52.4	-52.4	 .0971	0.000	701	1	100.0	30
09/11/20	1:00 p	83.4	84.3	83.3	100	83.4	2.0	S	1.00	7.0	S	83.4	100.8	100.8	113.2	29.831	0.00	0.00	665	28.60	823	6.1	1.31	6.9	0.000	0.383	-52.3	0	---	-52.4	-52.4	 .0971	0.017	700	1	100.0	30
09/11/20	1:30 p	82.2	83.6	81.6	100	82.2	3.0	SW	1.50	9.0	SE	82.2	96.4	96.4	105.4	29.831	0.00	0.00	422	18.15	891	3.7	0.79	7.2	0.000	0.358	-52.3	0	---	-52.4	-52.4	 .0971	0.000	700	1	100.0	30
09/11/20	2:00 p	81.9	82.4	81.8	100	81.9	2.0	S	1.00	10.0	SSE	81.9	95.4	95.4	104.1	29.831	0.00	0.00	394	16.94	615	3.2	0.69	4.6	0.000	0.352	-52.3	0	---	-52.4	-52.4	 .0971	0.010	702	1	100.0	30
09/11/20	2:30 p	82.4	82.5	81.4	100	82.4	2.0	SE	1.00	8.0	SSE	82.4	97.1	97.1	106.4	29.831	0.00	0.00	401	17.25	559	3.0	0.64	3.5	0.000	0.363	-52.3	0	---	-52.4	-52.4	 .0971	0.000	701	1	100.0	30
09/11/20	3:00 p	81.6	82.5	81.5	100	81.6	2.0	SSE	1.00	9.0	SE	81.6	94.4	94.4	102.5	29.831	0.00	0.00	312	13.42	392	2.1	0.45	2.7	0.000	0.346	-52.3	0	---	-52.4	-52.4	 .0971	0.009	702	1	100.0	30
09/11/20	3:30 p	81.3	82.0	81.0	100	81.3	1.0	SE	0.50	5.0	SSE	81.3	93.5	93.5	99.6	29.831	0.00	0.00	202	8.69	227	1.3	0.28	1.5	0.000	0.340	-52.3	0	---	-52.4	-52.4	 .0971	0.000	700	1	100.0	30
09/11/20	4:00 p	81.4	81.6	81.1	100	81.4	1.0	SSE	0.50	5.0	S	81.4	93.8	93.8	99.7	29.831	0.00	0.00	169	7.27	202	0.9	0.19	1.1	0.000	0.342	-52.3	0	---	-52.4	-52.4	 .0971	0.005	701	1	100.0	30
09/11/20	4:30 p	80.8	81.4	80.5	100	80.8	1.0	ESE	0.50	7.0	SE	80.8	91.9	91.9	96.5	29.831	0.00	0.00	120	5.16	146	0.2	0.04	0.7	0.000	0.329	-52.3	0	---	-52.4	-52.4	 .0971	0.000	700	1	100.0	30
09/11/20	5:00 p	80.0	81.0	80.0	100	80.0	1.0	SE	0.50	4.0	SE	80.0	89.6	89.6	90.2	29.831	0.00	0.00	69	2.97	105	0.0	0.00	0.0	0.000	0.313	-52.3	0	---	-52.4	-52.4	 .0971	0.002	700	1	100.0	30
09/11/20	5:30 p	79.5	80.2	79.5	100	79.5	0.0	SE	0.00	1.0	SE	79.5	88.2	88.2	87.5	29.831	0.00	0.00	18	0.77	37	0.0	0.00	0.0	0.000	0.302	-52.3	0	---	-52.4	-52.4	 .0971	0.000	697	1	100.0	30
09/11/20	6:00 p	79.3	79.6	79.3	100	79.3	0.0	SE	0.00	2.0	SE	79.3	87.6	87.6	86.5	29.831	0.00	0.00	0	0.00	0	0.0	0.00	0.0	0.000	0.298	-52.3	0	---	-52.4	-52.4	 .0971	0.000	700	1	100.0	30
09/11/20	6:30 p	79.0	79.4	78.9	100	79.0	0.0	SE	0.00	1.0	SE	79.0	86.8	86.8	85.7	29.831	0.00	0.00	0	0.00	0	0.0	0.00	0.0	0.000	0.292	-52.3	0	---	-52.4	-52.4	 .0971	0.000	701	1	100.0	30
09/11/20	7:00 p	79.0	79.1	78.9	100	79.0	0.0	---	0.00	0.0	---	79.0	86.8	86.8	85.7	29.831	0.00	0.00	0	0.00	0	0.0	0.00	0.0	0.000	0.292	-52.3	0	---	-52.4	-52.4	 .0971	0.000	701	1	100.0	30
09/11/20	7:30 p	78.9	79.1	78.9	100	78.9	0.0	---	0.00	0.0	---	78.9	86.6	86.6	85.5	29.831	0.00	0.00	0	0.00	0	0.0	0.00	0.0	0.000	0.290	-52.3	0	---	-52.4	-52.4	 .0971	0.000	701	1	100.0	30
09/11/20	8:00 p	78.5	78.9	78.5	100	78.5	0.0	SE	0.00	1.0	SE	78.5	85.6	85.6	84.5	29.831	0.00	0.00	0	0.00	0	0.0	0.00	0.0	0.000	0.281	-52.3	0	---	-52.4	-52.4	 .0971	0.000	701	1	100.0	30
09/11/20	8:30 p	78.3	78.6	78.1	100	78.3	0.0	SE	0.00	2.0	SE	78.3	85.1	85.1	84.0	29.831	0.00	0.00	0	0.00	0	0.0	0.00	0.0	0.000	0.277	-52.3	0	---	-52.4	-52.4	 .0971	0.000	700	1	100.0	30
09/11/20	9:00 p	77.7	78.3	77.7	100	77.7	0.0	SE	0.00	1.0	SE	77.7	83.7	83.7	82.5	29.831	0.00	0.00	0	0.00	0	0.0	0.00	0.0	0.000	0.265	-52.3	0	---	-52.4	-52.4	 .0971	0.000	697	1	100.0	30
09/11/20	9:30 p	77.7	77.9	77.6	100	77.7	0.0	SE	0.00	1.0	SE	77.7	83.7	83.7	82.5	29.831	0.00	0.00	0	0.00	0	0.0	0.00	0.0	0.000	0.265	-52.3	0	---	-52.4	-52.4	 .0971	0.000	703	1	100.0	30
09/11/20	10:00 p	77.6	77.8	77.5	100	77.6	0.0	SE	0.00	2.0	SE	77.6	83.5	83.5	82.3	29.831	0.00	0.00	0	0.00	0	0.0	0.00	0.0	0.000	0.262	-52.3	0	---	-52.4	-52.4	 .0971	0.000	700	1	100.0	30
09/11/20	10:30 p	77.5	77.7	77.4	100	77.5	0.0	SE	0.00	1.0	SE	77.5	83.3	83.3	82.1	29.831	0.00	0.00	0	0.00	0	0.0	0.00	0.0	0.000	0.260	-52.3	0	---	-52.4	-52.4	 .0971	0.000	699	1	100.0	30
09/11/20	11:00 p	77.2	77.5	77.1	100	77.2	0.0	SE	0.00	1.0	SE	77.2	82.6	82.6	81.4	29.831	0.00	0.00	0	0.00	0	0.0	0.00	0.0	0.000	0.254	-52.3	0	---	-52.4	-52.4	 .0971	0.000	701	1	100.0	30
09/11/20	11:30 p	77.1	77.3	77.1	100	77.1	0.0	SE	0.00	2.0	SE	77.1	82.4	82.4	81.2	29.831	0.00	0.00	0	0.00	0	0.0	0.00	0.0	0.000	0.252	-52.3	0	---	-52.4	-52.4	 .0971	0.000	701	1	100.0	30
09/12/20	12:00 a	76.8	77.1	76.6	100	76.8	0.0	SE	0.00	2.0	SE	76.8	81.8	81.8	80.6	29.831	0.00	0.00	0	0.00	0	0.0	0.00	0.0	0.000	0.246	-52.3	0	---	-52.4	-52.4	 .0971	0.000	697	1	100.0	30
09/12/20	12:30 a	76.6	76.8	76.5	100	76.6	0.0	SE	0.00	1.0	SE	76.6	81.4	81.4	80.2	29.831	0.00	0.00	0	0.00	0	0.0	0.00	0.0	0.000	0.242	-52.3	0	---	-52.4	-52.4	 .0971	0.000	698	1	100.0	30
09/12/20	1:00 a	76.2	76.7	76.2	100	76.2	0.0	---	0.00	0.0	---	76.2	80.7	80.7	79.5	29.831	0.00	0.00	0	0.00	0	0.0	0.00	0.0	0.000	0.233	-52.3	0	---	-52.4	-52.4	 .0971	0.000	700	1	100.0	30
09/12/20	1:30 a	75.8	76.3	75.8	100	75.8	0.0	SE	0.00	1.0	SE	75.8	80.0	80.0	78.7	29.831	0.00	0.00	0	0.00	0	0.0	0.00	0.0	0.000	0.225	-52.3	0	---	-52.4	-52.4	 .0971	0.000	702	1	100.0	30
09/12/20	2:00 a	75.6	75.9	75.6	100	75.6	0.0	SE	0.00	1.0	SE	75.6	79.7	79.7	78.4	29.831	0.00	0.00	0	0.00	0	0.0	0.00	0.0	0.000	0.221	-52.3	0	---	-52.4	-52.4	 .0971	0.000	698	1	100.0	30
09/12/20	2:30 a	76.0	76.0	75.6	100	76.0	0.0	SE	0.00	1.0	SE	76.0	80.3	80.3	79.1	29.831	0.00	0.00	0	0.00	0	0.0	0.00	0.0	0.000	0.229	-52.3	0	---	-52.4	-52.4	 .0971	0.000	701	1	100.0	30
09/12/20	3:00 a	76.1	76.2	75.9	100	76.1	0.0	SE	0.00	1.0	SE	76.1	80.5	80.5	79.3	29.831	0.00	0.00	0	0.00	0	0.0	0.00	0.0	0.000	0.231	-52.3	0	---	-52.4	-52.4	 .0971	0.000	701	1	100.0	30
09/12/20	3:30 a	76.0	76.2	75.9	100	76.0	0.0	---	0.00	0.0	---	76.0	80.3	80.3	79.1	29.831	0.00	0.00	0	0.00	0	0.0	0.00	0.0	0.000	0.229	-52.3	0	---	-52.4	-52.4	 .0971	0.000	699	1	100.0	30
09/12/20	4:00 a	76.0	76.1	75.9	100	76.0	0.0	---	0.00	0.0	---	76.0	80.3	80.3	79.1	29.831	0.00	0.00	0	0.00	0	0.0	0.00	0.0	0.000	0.229	-52.3	0	---	-52.4	-52.4	 .0971	0.000	701	1	100.0	30
09/12/20	4:30 a	75.9	76.1	75.9	100	75.9	0.0	---	0.00	0.0	---	75.9	80.2	80.2	78.9	29.831	0.00	0.00	0	0.00	0	0.0	0.00	0.0	0.000	0.227	-52.3	0	---	-52.4	-52.4	 .0971	0.000	701	1	100.0	30
09/12/20	5:00 a	76.0	76.1	75.7	100	76.0	0.0	SE	0.00	1.0	SE	76.0	80.3	80.3	79.1	29.831	0.00	0.00	0	0.00	0	0.0	0.00	0.0	0.000	0.229	-52.3	0	---	-52.4	-52.4	 .0971	0.000	698	1	100.0	30
09/12/20	5:30 a	76.2	76.3	76.0	100	76.2	0.0	SE	0.00	1.0	SE	76.2	80.7	80.7	79.5	29.831	0.00	0.00	1	0.04	7	0.0	0.00	0.0	0.000	0.233	-52.3	0	---	-52.4	-52.4	 .0971	0.000	700	1	100.0	30
09/12/20	6:00 a	76.5	76.5	76.1	100	76.5	0.0	SE	0.00	1.0	SE	76.5	81.3	81.3	80.3	29.831	0.00	0.00	12	0.52	19	0.0	0.00	0.0	0.000	0.240	-52.3	0	---	-52.4	-52.4	 .0971	0.000	702	1	100.0	30
09/12/20	6:30 a	77.1	77.1	76.5	100	77.1	0.0	SE	0.00	1.0	SE	77.1	82.4	82.4	83.8	29.831	0.00	0.00	44	1.89	97	0.0	0.00	0.0	0.000	0.252	-52.3	0	---	-52.4	-52.4	 .0971	0.000	699	1	100.0	30
09/12/20	7:00 a	77.6	77.9	77.1	100	77.6	0.0	---	0.00	0.0	---	77.6	83.5	83.5	87.2	29.831	0.00	0.00	112	4.82	137	0.1	0.02	0.5	0.000	0.262	-52.3	0	---	-52.4	-52.4	 .0971	0.002	700	1	100.0	30
09/12/20	7:30 a	78.6	78.8	77.6	100	78.6	0.0	SE	0.00	2.0	SE	78.6	85.8	85.8	90.4	29.831	0.00	0.00	156	6.71	214	0.7	0.15	1.0	0.000	0.283	-52.3	0	---	-52.4	-52.4	 .0971	0.000	701	1	100.0	30
09/12/20	8:00 a	78.4	79.4	78.1	100	78.4	0.0	SE	0.00	3.0	E	78.4	85.4	85.4	91.5	29.831	0.00	0.00	229	9.85	336	1.3	0.28	1.6	0.000	0.279	-52.3	0	---	-52.4	-52.4	 .0971	0.005	699	1	100.0	30
09/12/20	8:30 a	80.8	81.0	78.3	100	80.8	0.0	S	0.00	4.0	SSE	80.8	91.9	91.9	99.1	29.831	0.00	0.00	299	12.86	469	2.7	0.58	3.8	0.000	0.329	-52.3	0	---	-52.4	-52.4	 .0971	0.000	701	1	100.0	30
09/12/20	9:00 a	81.4	81.6	80.7	100	81.4	1.0	S	0.50	3.0	S	81.4	93.8	93.8	102.0	29.831	0.00	0.00	366	15.74	410	2.9	0.62	3.2	0.000	0.342	-52.3	0	---	-52.4	-52.4	 .0971	0.008	700	1	100.0	30
09/12/20	9:30 a	81.5	82.2	81.1	100	81.5	1.0	SSE	0.50	4.0	SSE	81.5	94.1	94.1	102.2	29.831	0.00	0.00	376	16.17	417	3.7	0.79	4.1	0.000	0.344	-52.3	0	---	-52.4	-52.4	 .0971	0.000	700	1	100.0	30
09/12/20	10:00 a	81.9	81.9	81.1	100	81.9	1.0	S	0.50	4.0	SSW	81.9	95.4	95.4	103.2	29.831	0.00	0.00	363	15.61	432	3.8	0.81	4.6	0.000	0.352	-52.3	0	---	-52.4	-52.4	 .0971	0.009	699	1	100.0	30
09/12/20	10:30 a	83.4	83.7	81.7	100	83.4	1.0	SW	0.50	5.0	SSW	83.4	100.8	100.8	113.2	29.831	0.00	0.00	659	28.34	1121	6.6	1.41	8.8	0.000	0.383	-52.3	0	---	-52.4	-52.4	 .0971	0.000	700	1	100.0	30
09/12/20	11:00 a	85.0	85.4	83.2	100	85.0	2.0	S	1.00	6.0	SSW	85.0	107.6	107.6	119.9	29.831	0.00	0.00	972	41.80	1185	8.5	1.82	10.2	0.000	0.417	-52.3	0	---	-52.4	-52.4	 .0971	0.020	702	1	100.0	30
09/12/20	11:30 a	82.3	84.9	82.3	100	82.3	2.0	S	1.00	5.0	SSE	82.3	96.8	96.8	108.3	29.831	0.00	0.00	575	24.73	798	6.3	1.35	8.3	0.000	0.360	-52.3	0	---	-52.4	-52.4	 .0971	0.000	702	1	100.0	30
09/12/20	12:00 p	80.9	82.3	80.9	100	80.9	0.0	SSW	0.00	3.0	SW	80.9	92.2	92.2	98.0	29.831	0.00	0.00	254	10.92	390	2.8	0.60	4.4	0.000	0.331	-52.3	0	---	-52.4	-52.4	 .0971	0.011	700	1	100.0	30
09/12/20	12:30 p	80.5	81.0	80.1	100	80.5	0.0	E	0.00	2.0	SE	80.5	91.1	91.1	96.0	29.831	0.01	0.00	227	9.76	265	2.4	0.51	2.8	0.000	0.323	-52.3	0	---	-52.4	-52.4	 .0971	0.000	697	1	100.0	30
09/12/20	1:00 p	79.8	80.8	79.6	100	79.8	0.0	E	0.00	3.0	ENE	79.8	89.0	89.0	94.3	29.831	0.01	0.00	242	10.41	283	2.6	0.56	2.9	0.000	0.308	-52.3	0	---	-52.4	-52.4	 .0971	0.006	699	1	100.0	30
09/12/20	1:30 p	80.4	81.2	79.7	100	80.4	1.0	SSE	0.50	5.0	SSE	80.4	90.8	90.8	97.8	29.831	0.00	0.00	323	13.89	478	3.0	0.64	3.9	0.000	0.321	-52.3	0	---	-52.4	-52.4	 .0971	0.000	703	1	100.0	30
09/12/20	2:00 p	81.4	82.1	80.3	100	81.4	1.0	SSE	0.50	7.0	SE	81.4	93.8	93.8	104.5	29.831	0.00	0.00	517	22.23	575	4.0	0.86	4.5	0.000	0.342	-52.3	0	---	-52.4	-52.4	 .0971	0.010	697	1	100.0	30
09/12/20	2:30 p	81.0	81.8	80.4	100	81.0	1.0	SSE	0.50	10.0	S	81.0	92.5	92.5	99.4	29.831	0.00	0.00	284	12.21	464	2.2	0.47	3.1	0.000	0.333	-52.3	0	---	-52.4	-52.4	 .0971	0.000	698	1	100.0	30
09/12/20	3:00 p	81.2	81.6	80.7	100	81.2	1.0	SSE	0.50	7.0	S	81.2	93.1	93.1	101.8	29.831	0.00	0.00	339	14.58	371	2.1	0.45	2.4	0.000	0.337	-52.3	0	---	-52.4	-52.4	 .0971	0.008	701	1	100.0	30
09/12/20	3:30 p	81.4	81.9	81.0	100	81.4	1.0	SSE	0.50	5.0	SSE	81.4	93.8	93.8	101.7	29.831	0.00	0.00	266	11.44	332	1.4	0.30	1.7	0.000	0.342	-52.3	0	---	-52.4	-52.4	 .0971	0.000	700	1	100.0	30
09/12/20	4:00 p	80.1	81.4	80.1	100	80.1	1.0	SSE	0.50	4.0	ESE	80.1	89.9	89.9	95.7	29.831	0.00	0.00	170	7.31	234	0.8	0.17	1.1	0.000	0.315	-52.3	0	---	-52.4	-52.4	 .0971	0.005	700	1	100.0	30
09/12/20	4:30 p	79.3	80.2	79.3	100	79.3	1.0	SSW	0.50	5.0	SSE	79.3	87.6	87.6	90.5	29.831	0.00	0.00	79	3.40	116	0.0	0.00	0.5	0.000	0.298	-52.3	0	---	-52.4	-52.4	 .0971	0.000	700	1	100.0	30
09/12/20	5:00 p	78.9	79.4	78.7	100	78.9	0.0	SSW	0.00	3.0	SE	78.9	86.6	86.6	86.3	29.831	0.00	0.00	32	1.38	54	0.0	0.00	0.0	0.000	0.290	-52.3	0	---	-52.4	-52.4	 .0971	0.001	699	1	100.0	30
09/12/20	5:30 p	78.0	78.9	78.0	100	78.0	0.0	ESE	0.00	1.0	ESE	78.0	84.4	84.4	83.5	29.831	0.01	0.00	5	0.22	12	0.0	0.00	0.0	0.000	0.271	-52.3	0	---	-52.4	-52.4	 .0971	0.000	702	1	100.0	30
09/12/20	6:00 p	78.1	78.2	77.8	100	78.1	0.0	ESE	0.00	1.0	ESE	78.1	84.6	84.6	83.6	29.831	0.01	0.00	0	0.00	0	0.0	0.00	0.0	0.000	0.273	-52.3	0	---	-52.4	-52.4	 .0971	0.000	701	1	100.0	30
09/12/20	6:30 p	77.9	78.1	77.8	100	77.9	0.0	---	0.00	0.0	---	77.9	84.2	84.2	83.1	29.831	0.02	0.06	0	0.00	0	0.0	0.00	0.0	0.000	0.269	-52.3	0	---	-52.4	-52.4	 .0971	0.000	699	1	100.0	30
09/12/20	7:00 p	77.6	77.9	77.6	100	77.6	0.0	ESE	0.00	1.0	ESE	77.6	83.5	83.5	82.4	29.831	0.02	0.06	0	0.00	0	0.0	0.00	0.0	0.000	0.262	-52.3	0	---	-52.4	-52.4	 .0971	0.000	698	1	100.0	30
09/12/20	7:30 p	76.6	77.7	76.6	100	76.6	0.0	ESE	0.00	3.0	ESE	76.6	81.4	81.4	80.2	29.831	0.04	0.12	0	0.00	0	0.0	0.00	0.0	0.000	0.242	-52.3	0	---	-52.4	-52.4	 .0971	0.000	701	1	100.0	30
09/12/20	8:00 p	76.4	76.7	76.4	100	76.4	0.0	ESE	0.00	2.0	ESE	76.4	81.1	81.1	79.9	29.831	0.02	0.08	0	0.00	0	0.0	0.00	0.0	0.000	0.238	-52.3	0	---	-52.4	-52.4	 .0971	0.000	700	1	100.0	30
09/12/20	8:30 p	76.5	76.6	76.4	100	76.5	0.0	ESE	0.00	1.0	ESE	76.5	81.3	81.3	80.1	29.831	0.00	0.00	0	0.00	0	0.0	0.00	0.0	0.000	0.240	-52.3	0	---	-52.4	-52.4	 .0971	0.000	698	1	100.0	30
09/12/20	9:00 p	76.4	76.6	76.2	100	76.4	0.0	ESE	0.00	2.0	ESE	76.4	81.1	81.1	79.9	29.831	0.00	0.00	0	0.00	0	0.0	0.00	0.0	0.000	0.238	-52.3	0	---	-52.4	-52.4	 .0971	0.000	697	1	100.0	30
09/12/20	9:30 p	75.8	76.4	75.8	100	75.8	0.0	ESE	0.00	2.0	ESE	75.8	80.0	80.0	78.8	29.831	0.01	0.00	0	0.00	0	0.0	0.00	0.0	0.000	0.225	-52.3	0	---	-52.4	-52.4	 .0971	0.000	697	1	100.0	30
09/12/20	10:00 p	75.7	75.8	75.6	100	75.7	0.0	ENE	0.00	2.0	E	75.7	79.8	79.8	78.6	29.831	0.00	0.00	0	0.00	0	0.0	0.00	0.0	0.000	0.223	-52.3	0	---	-52.4	-52.4	 .0971	0.000	700	1	100.0	30
09/12/20	10:30 p	75.3	75.7	75.3	100	75.3	0.0	ENE	0.00	1.0	ENE	75.3	79.3	79.3	78.1	29.831	0.00	0.00	0	0.00	0	0.0	0.00	0.0	0.000	0.215	-52.3	0	---	-52.4	-52.4	 .0971	0.000	701	1	100.0	30
09/12/20	11:00 p	75.0	75.3	75.0	100	75.0	0.0	ENE	0.00	1.0	ENE	75.0	78.8	78.8	77.6	29.831	0.00	0.00	0	0.00	0	0.0	0.00	0.0	0.000	0.208	-52.3	0	---	-52.4	-52.4	 .0971	0.000	700	1	100.0	30
09/12/20	11:30 p	75.1	75.2	75.0	100	75.1	0.0	ENE	0.00	1.0	ENE	75.1	78.9	78.9	77.7	29.831	0.00	0.00	0	0.00	0	0.0	0.00	0.0	0.000	0.210	-52.3	0	---	-52.4	-52.4	 .0971	0.000	702	1	100.0	30
09/13/20	12:00 a	75.0	75.1	75.0	100	75.0	0.0	ENE	0.00	1.0	ENE	75.0	78.8	78.8	77.6	29.831	0.00	0.00	0	0.00	0	0.0	0.00	0.0	0.000	0.208	-52.3	0	---	-52.4	-52.4	 .0971	0.000	700	1	100.0	30
09/13/20	12:30 a	75.0	75.1	74.9	100	75.0	0.0	---	0.00	0.0	---	75.0	78.8	78.8	77.6	29.831	0.00	0.00	0	0.00	0	0.0	0.00	0.0	0.000	0.208	-52.3	0	---	-52.4	-52.4	 .0971	0.000	699	1	100.0	30
09/13/20	1:00 a	74.9	75.0	74.8	100	74.9	0.0	---	0.00	0.0	---	74.9	78.7	78.7	77.4	29.831	0.00	0.00	0	0.00	0	0.0	0.00	0.0	0.000	0.206	-52.3	0	---	-52.4	-52.4	 .0971	0.000	701	1	100.0	30
09/13/20	1:30 a	74.8	74.9	74.7	100	74.8	0.0	---	0.00	0.0	---	74.8	78.6	78.6	77.3	29.831	0.00	0.00	0	0.00	0	0.0	0.00	0.0	0.000	0.204	-52.3	0	---	-52.4	-52.4	 .0971	0.000	702	1	100.0	30
09/13/20	2:00 a	74.6	74.8	74.6	100	74.6	0.0	ENE	0.00	1.0	ENE	74.6	78.3	78.3	77.0	29.831	0.00	0.00	0	0.00	0	0.0	0.00	0.0	0.000	0.200	-52.3	0	---	-52.4	-52.4	 .0971	0.000	701	1	100.0	30
09/13/20	2:30 a	74.6	74.9	74.6	100	74.6	0.0	ENE	0.00	1.0	ENE	74.6	78.3	78.3	77.0	29.831	0.00	0.00	0	0.00	0	0.0	0.00	0.0	0.000	0.200	-52.3	0	---	-52.4	-52.4	 .0971	0.000	697	1	100.0	30
09/13/20	3:00 a	74.3	74.7	74.3	100	74.3	0.0	---	0.00	0.0	---	74.3	78.0	78.0	76.7	29.831	0.00	0.00	0	0.00	0	0.0	0.00	0.0	0.000	0.194	-52.3	0	---	-52.4	-52.4	 .0971	0.000	701	1	100.0	30
09/13/20	3:30 a	74.0	74.4	74.0	100	74.0	0.0	---	0.00	0.0	---	74.0	77.6	77.6	76.3	29.831	0.00	0.00	0	0.00	0	0.0	0.00	0.0	0.000	0.188	-52.3	0	---	-52.4	-52.4	 .0971	0.000	702	1	100.0	30
09/13/20	4:00 a	73.8	74.0	73.8	100	73.8	0.0	ENE	0.00	1.0	ENE	73.8	77.4	77.4	76.1	29.831	0.00	0.00	0	0.00	0	0.0	0.00	0.0	0.000	0.183	-52.3	0	---	-52.4	-52.4	 .0971	0.000	701	1	100.0	30
09/13/20	4:30 a	73.7	73.8	73.6	100	73.7	0.0	---	0.00	0.0	---	73.7	77.3	77.3	76.0	29.831	0.00	0.00	0	0.00	0	0.0	0.00	0.0	0.000	0.181	-52.3	0	---	-52.4	-52.4	 .0971	0.000	692	1	100.0	30
09/13/20	5:00 a	73.4	73.7	73.3	100	73.4	0.0	---	0.00	0.0	---	73.4	77.0	77.0	75.7	29.831	0.00	0.00	0	0.00	0	0.0	0.00	0.0	0.000	0.175	-52.3	0	---	-52.4	-52.4	 .0971	0.000	699	1	100.0	30
09/13/20	5:30 a	73.1	73.4	73.1	100	73.1	0.0	---	0.00	0.0	---	73.1	76.7	76.7	75.4	29.831	0.00	0.00	0	0.00	0	0.0	0.00	0.0	0.000	0.169	-52.3	0	---	-52.4	-52.4	 .0971	0.000	698	1	100.0	30
09/13/20	6:00 a	73.2	73.3	73.1	100	73.2	0.0	---	0.00	0.0	---	73.2	76.8	76.8	75.6	29.831	0.00	0.00	5	0.22	12	0.0	0.00	0.0	0.000	0.171	-52.3	0	---	-52.4	-52.4	 .0971	0.000	702	1	100.0	30
09/13/20	6:30 a	73.8	73.9	73.1	100	73.8	0.0	---	0.00	0.0	---	73.8	77.4	77.4	77.4	29.831	0.00	0.00	20	0.86	23	0.0	0.00	0.0	0.000	0.183	-52.3	0	---	-52.4	-52.4	 .0971	0.000	699	1	100.0	30
09/13/20	7:00 a	74.8	74.8	73.9	100	74.8	0.0	ENE	0.00	1.0	ENE	74.8	78.6	78.6	78.8	29.831	0.00	0.00	27	1.16	35	0.0	0.00	0.0	0.000	0.204	-52.3	0	---	-52.4	-52.4	 .0971	0.001	702	1	100.0	30
09/13/20	7:30 a	75.5	75.5	74.7	100	75.5	0.0	ENE	0.00	1.0	ENE	75.5	79.6	79.6	79.9	29.831	0.00	0.00	32	1.38	39	0.0	0.00	0.0	0.000	0.219	-52.3	0	---	-52.4	-52.4	 .0971	0.000	702	1	100.0	30
09/13/20	8:00 a	76.9	77.0	75.5	100	76.9	0.0	ENE	0.00	2.0	ENE	76.9	82.0	82.0	88.3	29.831	0.00	0.00	241	10.36	439	1.5	0.32	2.3	0.000	0.248	-52.3	0	---	-52.4	-52.4	 .0971	0.003	700	1	100.0	30
09/13/20	8:30 a	77.2	79.1	76.8	100	77.2	0.0	NW	0.00	3.0	NW	77.2	82.6	82.6	87.2	29.831	0.00	0.00	196	8.43	287	3.0	0.64	3.8	0.000	0.254	-52.3	0	---	-52.4	-52.4	 .0971	0.000	700	1	100.0	30
09/13/20	9:00 a	80.5	80.5	77.2	100	80.5	1.0	SSE	0.50	5.0	SE	80.5	91.1	91.1	94.0	29.831	0.00	0.00	138	5.93	214	4.1	0.88	4.9	0.000	0.323	-52.3	0	---	-52.4	-52.4	 .0971	0.004	701	1	100.0	30
09/13/20	9:30 a	82.5	82.5	80.5	100	82.5	1.0	E	0.50	5.0	S	82.5	97.4	97.4	100.0	29.831	0.00	0.00	130	5.59	149	5.8	1.24	6.2	0.000	0.365	-52.3	0	---	-52.4	-52.4	 .0971	0.000	703	1	100.0	30
09/13/20	10:00 a	83.2	83.4	82.2	100	83.2	2.0	SSW	1.00	5.0	SSW	83.2	100.0	100.0	108.2	29.831	0.00	0.00	377	16.21	742	6.9	1.48	8.0	0.000	0.379	-52.3	0	---	-52.4	-52.4	 .0971	0.006	699	1	100.0	30
09/13/20	10:30 a	83.8	83.9	83.2	100	83.8	2.0	SSW	1.00	6.0	E	83.8	102.3	102.3	115.3	29.831	0.00	0.00	907	39.01	1046	8.2	1.76	9.0	0.000	0.392	-52.3	0	---	-52.4	-52.4	 .0971	0.000	700	1	100.0	30
09/13/20	11:00 a	85.3	85.3	83.6	100	85.3	2.0	SSE	1.00	7.0	SE	85.3	109.3	109.3	120.6	29.831	0.00	0.00	1079	46.40	1171	9.3	1.99	9.9	0.000	0.423	-52.3	0	---	-52.4	-52.4	 .0971	0.025	699	1	100.0	30
09/13/20	11:30 a	85.0	85.4	83.8	100	85.0	2.0	SSE	1.00	9.0	SSE	85.0	107.6	107.6	118.5	29.831	0.00	0.00	1124	48.34	1187	10.1	2.16	10.5	0.000	0.417	-52.3	0	---	-52.4	-52.4	 .0971	0.000	700	1	100.0	30
09/13/20	12:00 p	85.2	85.6	84.1	100	85.2	2.0	S	1.00	9.0	SSE	85.2	108.7	108.7	119.8	29.831	0.00	0.00	1077	46.32	1127	10.0	2.14	10.3	0.000	0.421	-52.3	0	---	-52.4	-52.4	 .0971	0.028	698	1	100.0	30
09/13/20	12:30 p	84.5	85.3	83.7	100	84.5	2.0	SSW	1.00	9.0	S	84.5	105.3	105.3	117.4	29.831	0.00	0.00	1077	46.32	1106	9.7	2.08	10.0	0.000	0.406	-52.3	0	---	-52.4	-52.4	 .0971	0.000	703	1	100.0	30
09/13/20	1:00 p	84.6	85.7	84.2	100	84.6	1.0	S	0.50	5.0	SSW	84.6	105.8	105.8	118.4	29.831	0.00	0.00	1026	44.12	1150	8.0	1.71	9.6	0.000	0.408	-52.3	0	---	-52.4	-52.4	 .0971	0.025	701	1	100.0	30
09/13/20	1:30 p	83.7	85.5	83.5	100	83.7	2.0	SSE	1.00	8.0	SSE	83.7	101.9	101.9	114.3	29.831	0.00	0.00	923	39.69	1063	7.1	1.52	8.1	0.000	0.390	-52.3	0	---	-52.4	-52.4	 .0971	0.000	699	1	100.0	30
09/13/20	2:00 p	82.9	83.9	82.5	100	82.9	2.0	SSE	1.00	12.0	ESE	82.9	98.9	98.9	109.3	29.831	0.00	0.00	491	21.12	833	4.1	0.88	6.3	0.000	0.373	-52.3	0	---	-52.4	-52.4	 .0971	0.017	703	1	100.0	30
09/13/20	2:30 p	82.2	83.1	82.0	100	82.2	2.0	ESE	1.00	9.0	SSE	82.2	96.4	96.4	105.5	29.831	0.00	0.00	390	16.77	455	2.9	0.62	3.5	0.000	0.358	-52.3	0	---	-52.4	-52.4	 .0971	0.000	701	1	100.0	30
09/13/20	3:00 p	81.8	82.5	81.8	100	81.8	1.0	S	0.50	6.0	S	81.8	95.1	95.1	103.8	29.831	0.00	0.00	337	14.49	448	2.2	0.47	2.6	0.000	0.350	-52.3	0	---	-52.4	-52.4	 .0971	0.009	701	1	100.0	30
09/13/20	3:30 p	82.0	82.4	81.7	100	82.0	1.0	SE	0.50	5.0	SSE	82.0	95.7	95.7	105.3	29.831	0.00	0.00	333	14.32	413	1.7	0.36	1.9	0.000	0.354	-52.3	0	---	-52.4	-52.4	 .0971	0.000	701	1	100.0	30
09/13/20	4:00 p	81.5	82.1	81.3	100	81.5	1.0	SE	0.50	3.0	ESE	81.5	94.1	94.1	101.4	29.831	0.00	0.00	215	9.25	308	0.9	0.19	1.3	0.000	0.344	-52.3	0	---	-52.4	-52.4	 .0971	0.007	696	1	100.0	30
09/13/20	4:30 p	81.9	82.0	80.7	100	81.9	0.0	SSE	0.00	3.0	S	81.9	95.4	95.4	101.7	29.831	0.00	0.00	160	6.88	172	0.3	0.06	0.6	0.000	0.352	-52.3	0	---	-52.4	-52.4	 .0971	0.000	699	1	100.0	30
09/13/20	5:00 p	79.8	81.8	79.8	100	79.8	0.0	SSE	0.00	1.0	SSE	79.8	89.0	89.0	89.7	29.831	0.00	0.00	84	3.61	127	0.0	0.00	0.0	0.000	0.308	-52.3	0	---	-52.4	-52.4	 .0971	0.003	700	1	100.0	30
09/13/20	5:30 p	79.1	79.9	79.0	100	79.1	0.0	SSE	0.00	1.0	SSE	79.1	87.1	87.1	86.5	29.831	0.00	0.00	22	0.95	47	0.0	0.00	0.0	0.000	0.294	-52.3	0	---	-52.4	-52.4	 .0971	0.000	699	1	100.0	30
09/13/20	6:00 p	78.2	79.1	78.2	100	78.2	0.0	SSE	0.00	1.0	SSE	78.2	84.9	84.9	83.7	29.831	0.00	0.00	0	0.00	0	0.0	0.00	0.0	0.000	0.275	-52.3	0	---	-52.4	-52.4	 .0971	0.000	699	1	100.0	30
09/13/20	6:30 p	77.7	78.3	77.7	100	77.7	0.0	SSE	0.00	1.0	SSE	77.7	83.7	83.7	82.4	29.831	0.00	0.00	0	0.00	0	0.0	0.00	0.0	0.000	0.265	-52.3	0	---	-52.4	-52.4	 .0971	0.000	699	1	100.0	30
09/13/20	7:00 p	77.6	77.7	77.6	100	77.6	0.0	---	0.00	0.0	---	77.6	83.5	83.5	82.2	29.831	0.00	0.00	0	0.00	0	0.0	0.00	0.0	0.000	0.262	-52.3	0	---	-52.4	-52.4	 .0971	0.000	700	1	100.0	30
09/13/20	7:30 p	77.4	77.6	77.3	100	77.4	0.0	---	0.00	0.0	---	77.4	83.1	83.1	81.8	29.831	0.00	0.00	0	0.00	0	0.0	0.00	0.0	0.000	0.258	-52.3	0	---	-52.4	-52.4	 .0971	0.000	697	1	100.0	30
09/13/20	8:00 p	77.2	77.5	77.2	100	77.2	0.0	---	0.00	0.0	---	77.2	82.6	82.6	81.3	29.831	0.00	0.00	0	0.00	0	0.0	0.00	0.0	0.000	0.254	-52.3	0	---	-52.4	-52.4	 .0971	0.000	699	1	100.0	30
09/13/20	8:30 p	77.2	77.4	77.1	100	77.2	0.0	---	0.00	0.0	---	77.2	82.6	82.6	81.3	29.831	0.00	0.00	0	0.00	0	0.0	0.00	0.0	0.000	0.254	-52.3	0	---	-52.4	-52.4	 .0971	0.000	702	1	100.0	30
09/13/20	9:00 p	77.4	77.5	77.1	100	77.4	0.0	SSE	0.00	2.0	SSE	77.4	83.1	83.1	81.8	29.831	0.00	0.00	0	0.00	0	0.0	0.00	0.0	0.000	0.258	-52.3	0	---	-52.4	-52.4	 .0971	0.000	700	1	100.0	30
09/13/20	9:30 p	77.1	77.4	77.0	100	77.1	0.0	SSE	0.00	1.0	SSE	77.1	82.4	82.4	81.1	29.831	0.00	0.00	0	0.00	0	0.0	0.00	0.0	0.000	0.252	-52.3	0	---	-52.4	-52.4	 .0971	0.000	701	1	100.0	30
09/13/20	10:00 p	76.9	77.1	76.8	100	76.9	0.0	SSE	0.00	1.0	SSE	76.9	82.0	82.0	80.7	29.831	0.00	0.00	0	0.00	0	0.0	0.00	0.0	0.000	0.248	-52.3	0	---	-52.4	-52.4	 .0971	0.000	701	1	100.0	30
09/13/20	10:30 p	76.6	77.0	76.5	100	76.6	0.0	---	0.00	0.0	---	76.6	81.4	81.4	80.1	29.831	0.00	0.00	0	0.00	0	0.0	0.00	0.0	0.000	0.242	-52.3	0	---	-52.4	-52.4	 .0971	0.000	702	1	100.0	30
09/13/20	11:00 p	76.1	76.6	76.1	100	76.1	0.0	---	0.00	0.0	---	76.1	80.5	80.5	79.2	29.831	0.00	0.00	0	0.00	0	0.0	0.00	0.0	0.000	0.231	-52.3	0	---	-52.4	-52.4	 .0971	0.000	701	1	100.0	30
09/13/20	11:30 p	75.9	76.1	75.7	100	75.9	0.0	SSE	0.00	1.0	SSE	75.9	80.2	80.2	78.8	29.831	0.00	0.00	0	0.00	0	0.0	0.00	0.0	0.000	0.227	-52.3	0	---	-52.4	-52.4	 .0971	0.000	701	1	100.0	30
09/14/20	12:00 a	76.1	76.1	75.8	100	76.1	0.0	---	0.00	0.0	---	76.1	80.5	80.5	79.2	29.831	0.00	0.00	0	0.00	0	0.0	0.00	0.0	0.000	0.231	-52.3	0	---	-52.4	-52.4	 .0971	0.000	702	1	100.0	30
09/14/20	12:30 a	76.2	76.2	76.0	100	76.2	0.0	---	0.00	0.0	---	76.2	80.7	80.7	79.4	29.831	0.00	0.00	0	0.00	0	0.0	0.00	0.0	0.000	0.233	-52.3	0	---	-52.4	-52.4	 .0971	0.000	700	1	100.0	30
09/14/20	1:00 a	75.9	76.2	75.8	100	75.9	0.0	---	0.00	0.0	---	75.9	80.2	80.2	78.8	29.831	0.00	0.00	0	0.00	0	0.0	0.00	0.0	0.000	0.227	-52.3	0	---	-52.4	-52.4	 .0971	0.000	700	1	100.0	30
09/14/20	1:30 a	76.0	76.1	75.8	100	76.0	0.0	---	0.00	0.0	---	76.0	80.3	80.3	79.0	29.831	0.00	0.00	0	0.00	0	0.0	0.00	0.0	0.000	0.229	-52.3	0	---	-52.4	-52.4	 .0971	0.000	700	1	100.0	30
09/14/20	2:00 a	76.1	76.3	76.0	100	76.1	0.0	---	0.00	0.0	---	76.1	80.5	80.5	79.2	29.831	0.00	0.00	0	0.00	0	0.0	0.00	0.0	0.000	0.231	-52.3	0	---	-52.4	-52.4	 .0971	0.000	702	1	100.0	30
09/14/20	2:30 a	76.3	76.4	76.1	100	76.3	0.0	---	0.00	0.0	---	76.3	80.9	80.9	79.6	29.831	0.00	0.00	0	0.00	0	0.0	0.00	0.0	0.000	0.235	-52.3	0	---	-52.4	-52.4	 .0971	0.000	699	1	100.0	30
09/14/20	3:00 a	76.4	76.4	76.2	100	76.4	0.0	---	0.00	0.0	---	76.4	81.1	81.1	79.8	29.831	0.00	0.00	0	0.00	0	0.0	0.00	0.0	0.000	0.238	-52.3	0	---	-52.4	-52.4	 .0971	0.000	701	1	100.0	30
09/14/20	3:30 a	76.4	76.5	76.3	100	76.4	0.0	---	0.00	0.0	---	76.4	81.1	81.1	79.8	29.831	0.00	0.00	0	0.00	0	0.0	0.00	0.0	0.000	0.238	-52.3	0	---	-52.4	-52.4	 .0971	0.000	700	1	100.0	30
09/14/20	4:00 a	76.5	76.6	76.3	100	76.5	0.0	---	0.00	0.0	---	76.5	81.3	81.3	80.0	29.831	0.00	0.00	0	0.00	0	0.0	0.00	0.0	0.000	0.240	-52.3	0	---	-52.4	-52.4	 .0971	0.000	701	1	100.0	30
09/14/20	4:30 a	76.5	76.5	76.4	100	76.5	0.0	---	0.00	0.0	---	76.5	81.3	81.3	80.0	29.831	0.00	0.00	0	0.00	0	0.0	0.00	0.0	0.000	0.240	-52.3	0	---	-52.4	-52.4	 .0971	0.000	702	1	100.0	30
09/14/20	5:00 a	76.5	76.6	76.4	100	76.5	0.0	---	0.00	0.0	---	76.5	81.3	81.3	80.0	29.831	0.00	0.00	0	0.00	0	0.0	0.00	0.0	0.000	0.240	-52.3	0	---	-52.4	-52.4	 .0971	0.000	703	1	100.0	30
09/14/20	5:30 a	76.5	76.5	76.3	100	76.5	0.0	---	0.00	0.0	---	76.5	81.3	81.3	80.0	29.831	0.00	0.00	0	0.00	0	0.0	0.00	0.0	0.000	0.240	-52.3	0	---	-52.4	-52.4	 .0971	0.000	700	1	100.0	30
09/14/20	6:00 a	76.6	76.6	76.3	100	76.6	0.0	---	0.00	0.0	---	76.6	81.4	81.4	80.4	29.831	0.00	0.00	14	0.60	39	0.0	0.00	0.0	0.000	0.242	-52.3	0	---	-52.4	-52.4	 .0971	0.000	699	1	100.0	30
09/14/20	6:30 a	77.1	77.1	76.6	100	77.1	0.0	---	0.00	0.0	---	77.1	82.4	82.4	83.7	29.831	0.00	0.00	43	1.85	51	0.0	0.00	0.0	0.000	0.252	-52.3	0	---	-52.4	-52.4	 .0971	0.000	701	1	100.0	30
09/14/20	7:00 a	77.7	77.7	77.0	100	77.7	0.0	---	0.00	0.0	---	77.7	83.7	83.7	86.8	29.831	0.00	0.00	95	4.09	156	0.3	0.06	0.6	0.000	0.265	-52.3	0	---	-52.4	-52.4	 .0971	0.002	702	1	100.0	30
09/14/20	7:30 a	78.3	78.8	77.8	100	78.3	0.0	SSE	0.00	1.0	SSE	78.3	85.1	85.1	90.8	29.831	0.00	0.00	190	8.17	221	1.0	0.21	1.3	0.000	0.277	-52.3	0	---	-52.4	-52.4	 .0971	0.000	700	1	100.0	30
09/14/20	8:00 a	80.2	80.2	78.3	100	80.2	0.0	SE	0.00	2.0	SSE	80.2	90.2	90.2	96.9	29.831	0.00	0.00	251	10.79	422	1.6	0.34	1.8	0.000	0.317	-33.7	0	---	-33.8	-33.8	 .0929	0.005	701	1	100.0	30
09/14/20	8:30 a	80.8	81.1	80.2	100	80.8	0.0	SE	0.00	1.0	SE	80.8	91.9	91.9	97.1	29.831	0.00	0.00	213	9.16	260	1.6	0.34	2.1	0.000	0.329	-52.3	0	---	-52.4	-52.4	 .0971	0.000	703	1	100.0	30
09/14/20	9:00 a	82.2	82.3	80.4	100	82.2	1.0	NE	0.50	4.0	NE	82.2	96.4	96.4	104.6	29.831	0.00	0.00	364	15.65	415	3.4	0.73	3.9	0.000	0.358	-52.3	0	---	-52.4	-52.4	 .0971	0.007	698	1	100.0	30
09/14/20	9:30 a	83.8	84.1	82.1	100	83.8	0.0	SSE	0.00	3.0	E	83.8	102.3	102.3	111.2	29.831	0.00	0.00	411	17.68	462	4.7	1.01	6.7	0.000	0.392	-52.3	0	---	-52.4	-52.4	 .0971	0.000	703	1	100.0	30
09/14/20	10:00 a	83.3	84.8	83.3	100	83.3	1.0	S	0.50	5.0	SSE	83.3	100.4	100.4	108.4	29.831	0.00	0.00	369	15.87	468	5.5	1.18	8.2	0.000	0.381	-52.3	0	---	-52.4	-52.4	 .0971	0.011	700	1	100.0	30
09/14/20	10:30 a	80.6	83.3	80.5	100	80.6	1.0	SSE	0.50	6.0	SSE	80.6	91.3	91.3	96.1	29.831	0.00	0.00	223	9.59	350	2.7	0.58	3.9	0.000	0.325	-52.3	0	---	-52.4	-52.4	 .0971	0.000	702	1	100.0	30
09/14/20	11:00 a	82.9	82.9	80.4	100	82.9	0.0	SSE	0.00	2.0	SSE	82.9	98.9	98.9	110.1	29.831	0.01	0.00	555	23.87	1090	6.3	1.35	9.4	0.000	0.373	-52.3	0	---	-52.4	-52.4	 .0971	0.010	699	1	100.0	30
09/14/20	11:30 a	85.0	85.1	82.7	100	85.0	2.0	SE	1.00	6.0	SSE	85.0	107.6	107.6	118.5	29.831	0.00	0.00	1015	43.65	1060	9.4	2.01	10.0	0.000	0.417	-52.3	0	---	-52.4	-52.4	 .0971	0.000	701	1	100.0	30
09/14/20	12:00 p	85.6	86.0	84.1	100	85.6	3.0	SE	1.50	10.0	SE	85.6	111.0	111.0	122.0	29.831	0.00	0.00	1064	45.76	1216	9.7	2.08	10.5	0.000	0.429	-52.3	0	---	-52.4	-52.4	 .0971	0.026	699	1	100.0	30
09/14/20	12:30 p	83.7	86.5	83.7	100	83.7	3.0	ESE	1.50	9.0	SE	83.7	101.9	101.9	115.0	29.831	0.00	0.00	907	39.01	1250	8.3	1.78	10.5	0.000	0.390	-52.3	0	---	-52.4	-52.4	 .0971	0.000	702	1	100.0	30
09/14/20	1:00 p	83.0	83.6	82.2	100	83.0	3.0	SE	1.50	10.0	SSE	83.0	99.2	99.2	107.9	29.831	0.00	0.00	406	17.46	712	3.9	0.84	6.1	0.000	0.375	-52.3	0	---	-52.4	-52.4	 .0971	0.017	701	1	100.0	30
09/14/20	1:30 p	84.4	85.4	83.1	100	84.4	3.0	ESE	1.50	12.0	SSE	84.4	104.9	104.9	117.4	29.831	0.00	0.00	930	40.00	1034	7.4	1.59	8.5	0.000	0.404	-52.3	0	---	-52.4	-52.4	 .0971	0.000	702	1	100.0	30
09/14/20	2:00 p	85.0	85.1	83.9	100	85.0	3.0	SE	1.50	16.0	SSE	85.0	107.6	107.6	119.9	29.831	0.00	0.00	788	33.89	860	5.8	1.24	6.5	0.000	0.417	-52.3	0	---	-52.4	-52.4	 .0971	0.022	702	1	100.0	30
09/14/20	2:30 p	84.6	85.0	83.6	100	84.6	3.0	ESE	1.50	10.0	SE	84.6	105.8	105.8	118.9	29.831	0.00	0.00	757	32.56	858	4.7	1.01	5.6	0.000	0.408	-52.3	0	---	-52.4	-52.4	 .0971	0.000	699	1	100.0	30
09/14/20	3:00 p	82.6	84.7	82.6	100	82.6	3.0	SSE	1.50	12.0	SSE	82.6	97.8	97.8	109.6	29.831	0.00	0.00	506	21.76	733	2.8	0.60	4.0	0.000	0.367	-52.3	0	---	-52.4	-52.4	 .0971	0.016	701	1	100.0	30
09/14/20	3:30 p	82.0	82.8	82.0	100	82.0	2.0	SSE	1.00	9.0	SSE	82.0	95.7	95.7	102.1	29.831	0.00	0.00	213	9.16	327	1.1	0.24	1.5	0.000	0.354	-52.3	0	---	-52.4	-52.4	 .0971	0.000	698	1	100.0	30
09/14/20	4:00 p	81.8	82.4	81.6	100	81.8	2.0	ESE	1.00	9.0	SSE	81.8	95.1	95.1	103.6	29.831	0.00	0.00	253	10.88	330	1.0	0.21	1.2	0.000	0.350	-52.3	0	---	-52.4	-52.4	 .0971	0.006	699	1	100.0	30
09/14/20	4:30 p	80.4	81.8	80.4	100	80.4	2.0	SE	1.00	9.0	SSE	80.4	90.8	90.8	94.4	29.831	0.00	0.00	94	4.04	163	0.1	0.02	0.5	0.000	0.321	-52.3	0	---	-52.4	-52.4	 .0971	0.000	701	1	100.0	30
09/14/20	5:00 p	79.7	80.6	79.7	100	79.7	1.0	E	0.50	6.0	S	79.7	88.8	88.8	88.4	29.831	0.00	0.00	27	1.16	49	0.0	0.00	0.0	0.000	0.306	-52.3	0	---	-52.4	-52.4	 .0971	0.002	703	1	100.0	30
09/14/20	5:30 p	78.9	79.7	78.9	100	78.9	0.0	ENE	0.00	2.0	ENE	78.9	86.6	86.6	85.6	29.831	0.00	0.00	5	0.22	12	0.0	0.00	0.0	0.000	0.290	-52.3	0	---	-52.4	-52.4	 .0971	0.000	699	1	100.0	30
09/14/20	6:00 p	78.5	79.0	78.5	100	78.5	0.0	---	0.00	0.0	---	78.5	85.6	85.6	84.5	29.831	0.00	0.00	0	0.00	0	0.0	0.00	0.0	0.000	0.281	-52.3	0	---	-52.4	-52.4	 .0971	0.000	695	1	100.0	30
09/14/20	6:30 p	78.2	78.5	78.2	100	78.2	0.0	---	0.00	0.0	---	78.2	84.9	84.9	83.8	29.831	0.00	0.00	0	0.00	0	0.0	0.00	0.0	0.000	0.275	-52.3	0	---	-52.4	-52.4	 .0971	0.000	702	1	100.0	30
09/14/20	7:00 p	77.7	78.2	77.6	100	77.7	0.0	ENE	0.00	1.0	ENE	77.7	83.7	83.7	82.6	29.831	0.00	0.00	0	0.00	0	0.0	0.00	0.0	0.000	0.265	-52.3	0	---	-52.4	-52.4	 .0971	0.000	700	1	100.0	30
09/14/20	7:30 p	77.7	77.9	77.6	100	77.7	0.0	ENE	0.00	2.0	ENE	77.7	83.7	83.7	82.6	29.831	0.00	0.00	0	0.00	0	0.0	0.00	0.0	0.000	0.265	-52.3	0	---	-52.4	-52.4	 .0971	0.000	700	1	100.0	30
09/14/20	8:00 p	77.3	77.8	77.3	100	77.3	0.0	ENE	0.00	1.0	ENE	77.3	82.9	82.9	81.8	29.831	0.00	0.00	0	0.00	0	0.0	0.00	0.0	0.000	0.256	-52.3	0	---	-52.4	-52.4	 .0971	0.000	701	1	100.0	30
09/14/20	8:30 p	77.1	77.3	77.0	100	77.1	0.0	---	0.00	0.0	---	77.1	82.4	82.4	81.3	29.831	0.00	0.00	0	0.00	0	0.0	0.00	0.0	0.000	0.252	-52.3	0	---	-52.4	-52.4	 .0971	0.000	702	1	100.0	30
09/14/20	9:00 p	76.9	77.1	76.9	100	76.9	0.0	---	0.00	0.0	---	76.9	82.0	82.0	80.8	29.831	0.00	0.00	0	0.00	0	0.0	0.00	0.0	0.000	0.248	-52.3	0	---	-52.4	-52.4	 .0971	0.000	699	1	100.0	30
09/14/20	9:30 p	76.7	77.0	76.7	100	76.7	0.0	---	0.00	0.0	---	76.7	81.6	81.6	80.4	29.831	0.00	0.00	0	0.00	0	0.0	0.00	0.0	0.000	0.244	-52.3	0	---	-52.4	-52.4	 .0971	0.000	699	1	100.0	30
09/14/20	10:00 p	76.1	76.8	76.1	100	76.1	0.0	---	0.00	0.0	---	76.1	80.5	80.5	79.3	29.831	0.00	0.00	0	0.00	0	0.0	0.00	0.0	0.000	0.231	-52.3	0	---	-52.4	-52.4	 .0971	0.000	701	1	100.0	30
09/14/20	10:30 p	75.8	76.1	75.8	100	75.8	0.0	---	0.00	0.0	---	75.8	80.0	80.0	78.8	29.831	0.00	0.00	0	0.00	0	0.0	0.00	0.0	0.000	0.225	-52.3	0	---	-52.4	-52.4	 .0971	0.000	702	1	100.0	30
09/14/20	11:00 p	75.8	75.9	75.7	100	75.8	0.0	---	0.00	0.0	---	75.8	80.0	80.0	78.8	29.831	0.00	0.00	0	0.00	0	0.0	0.00	0.0	0.000	0.225	-52.3	0	---	-52.4	-52.4	 .0971	0.000	700	1	100.0	30
09/14/20	11:30 p	75.8	75.8	75.7	100	75.8	0.0	---	0.00	0.0	---	75.8	80.0	80.0	78.8	29.831	0.00	0.00	0	0.00	0	0.0	0.00	0.0	0.000	0.225	-52.3	0	---	-52.4	-52.4	 .0971	0.000	700	1	100.0	30
09/15/20	12:00 a	75.7	75.8	75.6	100	75.7	0.0	---	0.00	0.0	---	75.7	79.8	79.8	78.6	29.831	0.00	0.00	0	0.00	0	0.0	0.00	0.0	0.000	0.223	-52.3	0	---	-52.4	-52.4	 .0971	0.000	698	1	100.0	30
09/15/20	12:30 a	75.8	75.8	75.6	100	75.8	0.0	---	0.00	0.0	---	75.8	80.0	80.0	78.8	29.831	0.00	0.00	0	0.00	0	0.0	0.00	0.0	0.000	0.225	-52.3	0	---	-52.4	-52.4	 .0971	0.000	701	1	100.0	30
09/15/20	1:00 a	75.7	75.9	75.7	100	75.7	0.0	---	0.00	0.0	---	75.7	79.8	79.8	78.6	29.831	0.00	0.00	0	0.00	0	0.0	0.00	0.0	0.000	0.223	-52.3	0	---	-52.4	-52.4	 .0971	0.000	699	1	100.0	30
09/15/20	1:30 a	75.7	75.8	75.7	100	75.7	0.0	---	0.00	0.0	---	75.7	79.8	79.8	78.6	29.831	0.00	0.00	0	0.00	0	0.0	0.00	0.0	0.000	0.223	-52.3	0	---	-52.4	-52.4	 .0971	0.000	701	1	100.0	30
09/15/20	2:00 a	75.7	75.8	75.6	100	75.7	0.0	---	0.00	0.0	---	75.7	79.8	79.8	78.6	29.831	0.00	0.00	0	0.00	0	0.0	0.00	0.0	0.000	0.223	-52.3	0	---	-52.4	-52.4	 .0971	0.000	702	1	100.0	30
09/15/20	2:30 a	75.7	75.8	75.6	100	75.7	0.0	---	0.00	0.0	---	75.7	79.8	79.8	78.6	29.831	0.00	0.00	0	0.00	0	0.0	0.00	0.0	0.000	0.223	-52.3	0	---	-52.4	-52.4	 .0971	0.000	702	1	100.0	30
09/15/20	3:00 a	75.8	75.8	75.7	100	75.8	0.0	---	0.00	0.0	---	75.8	80.0	80.0	78.8	29.831	0.00	0.00	0	0.00	0	0.0	0.00	0.0	0.000	0.225	-52.3	0	---	-52.4	-52.4	 .0971	0.000	698	1	100.0	30
09/15/20	3:30 a	75.8	75.9	75.7	100	75.8	0.0	---	0.00	0.0	---	75.8	80.0	80.0	78.8	29.831	0.00	0.00	0	0.00	0	0.0	0.00	0.0	0.000	0.225	-52.3	0	---	-52.4	-52.4	 .0971	0.000	701	1	100.0	30
09/15/20	4:00 a	76.2	76.2	75.8	100	76.2	0.0	---	0.00	0.0	---	76.2	80.7	80.7	79.5	29.831	0.00	0.00	0	0.00	0	0.0	0.00	0.0	0.000	0.233	-52.3	0	---	-52.4	-52.4	 .0971	0.000	701	1	100.0	30
09/15/20	4:30 a	76.0	76.2	76.0	100	76.0	0.0	---	0.00	0.0	---	76.0	80.3	80.3	79.1	29.831	0.00	0.00	0	0.00	0	0.0	0.00	0.0	0.000	0.229	-52.3	0	---	-52.4	-52.4	 .0971	0.000	702	1	100.0	30
09/15/20	5:00 a	75.7	76.1	75.7	100	75.7	0.0	---	0.00	0.0	---	75.7	79.8	79.8	78.6	29.831	0.00	0.00	0	0.00	0	0.0	0.00	0.0	0.000	0.223	-52.3	0	---	-52.4	-52.4	 .0971	0.000	702	1	100.0	30
09/15/20	5:30 a	75.9	75.9	75.6	100	75.9	0.0	---	0.00	0.0	---	75.9	80.2	80.2	79.0	29.831	0.00	0.00	2	0.09	9	0.0	0.00	0.0	0.000	0.227	-52.3	0	---	-52.4	-52.4	 .0971	0.000	701	1	100.0	30
09/15/20	6:00 a	76.3	76.3	75.8	100	76.3	0.0	---	0.00	0.0	---	76.3	80.9	80.9	80.3	29.831	0.00	0.00	24	1.03	40	0.0	0.00	0.0	0.000	0.235	-52.3	0	---	-52.4	-52.4	 .0971	0.000	701	1	100.0	30
09/15/20	6:30 a	76.7	76.7	76.3	100	76.7	0.0	---	0.00	0.0	---	76.7	81.6	81.6	83.3	29.831	0.00	0.00	52	2.24	65	0.0	0.00	0.0	0.000	0.244	-52.3	0	---	-52.4	-52.4	 .0971	0.000	702	1	100.0	30
09/15/20	7:00 a	77.8	77.8	76.7	100	77.8	0.0	---	0.00	0.0	---	77.8	84.0	84.0	87.2	29.831	0.00	0.00	97	4.17	149	0.3	0.06	0.7	0.000	0.267	-52.3	0	---	-52.4	-52.4	 .0971	0.002	699	1	100.0	30
09/15/20	7:30 a	78.6	79.0	77.7	100	78.6	0.0	SE	0.00	7.0	SE	78.6	85.8	85.8	91.3	29.831	0.00	0.00	182	7.83	267	0.7	0.15	0.9	0.000	0.283	-51.7	0	---	-51.8	-51.8	 .0970	0.000	700	1	100.0	30
09/15/20	8:00 a	79.3	79.3	78.0	100	79.3	1.0	S	0.50	7.0	SE	79.3	87.6	87.6	92.8	29.831	0.00	0.00	193	8.30	292	1.3	0.28	1.7	0.000	0.298	-52.3	0	---	-52.4	-52.4	 .0971	0.005	701	1	100.0	30
09/15/20	8:30 a	80.4	80.5	79.2	100	80.4	1.0	SE	0.50	4.0	SSE	80.4	90.8	90.8	95.5	29.831	0.00	0.00	196	8.43	244	2.0	0.43	2.4	0.000	0.321	-52.3	0	---	-52.4	-52.4	 .0971	0.000	701	1	100.0	30
09/15/20	9:00 a	81.2	81.2	80.0	100	81.2	1.0	ESE	0.50	8.0	SSE	81.2	93.1	93.1	99.8	29.831	0.00	0.00	294	12.64	401	2.9	0.62	4.0	0.000	0.337	-52.3	0	---	-52.4	-52.4	 .0971	0.006	701	1	100.0	30
09/15/20	9:30 a	82.5	83.0	81.0	100	82.5	2.0	SE	1.00	7.0	ESE	82.5	97.4	97.4	106.2	29.831	0.00	0.00	411	17.68	585	4.7	1.01	7.3	0.000	0.365	-52.3	0	---	-52.4	-52.4	 .0971	0.000	700	1	100.0	30
09/15/20	10:00 a	83.8	84.5	82.5	100	83.8	3.0	SE	1.50	8.0	SE	83.8	102.3	102.3	115.3	29.831	0.00	0.00	747	32.13	944	7.0	1.50	8.4	0.000	0.392	-52.3	0	---	-52.4	-52.4	 .0971	0.014	698	1	100.0	30
09/15/20	10:30 a	84.2	85.6	83.9	100	84.2	2.0	SE	1.00	9.0	ESE	84.2	104.0	104.0	116.5	29.831	0.00	0.00	947	40.73	1151	8.1	1.74	9.5	0.000	0.400	-52.3	0	---	-52.4	-52.4	 .0971	0.000	702	1	100.0	30
09/15/20	11:00 a	83.0	84.3	82.8	100	83.0	2.0	SSE	1.00	9.0	SSE	83.0	99.2	99.2	110.8	29.831	0.00	0.00	579	24.90	810	5.8	1.24	7.4	0.000	0.375	-52.3	0	---	-52.4	-52.4	 .0971	0.019	699	1	100.0	30
09/15/20	11:30 a	83.4	84.8	82.9	100	83.4	3.0	SE	1.50	10.0	S	83.4	100.8	100.8	114.0	29.831	0.00	0.00	748	32.17	933	7.5	1.61	9.2	0.000	0.383	-52.3	0	---	-52.4	-52.4	 .0971	0.000	702	1	100.0	30
09/15/20	12:00 p	82.5	84.3	82.5	100	82.5	3.0	SE	1.50	10.0	SSE	82.5	97.4	97.4	110.4	29.831	0.00	0.00	738	31.74	1109	7.2	1.54	9.7	0.000	0.365	-52.3	0	---	-52.4	-52.4	 .0971	0.019	696	1	100.0	30
09/15/20	12:30 p	82.3	82.5	80.9	100	82.3	2.0	SE	1.00	9.0	ESE	82.3	96.8	96.8	107.3	29.831	0.00	0.00	516	22.19	729	4.8	1.03	6.5	0.000	0.360	-52.3	0	---	-52.4	-52.4	 .0971	0.000	699	1	100.0	30
09/15/20	1:00 p	83.1	84.5	82.2	100	83.1	3.0	ESE	1.50	10.0	SSE	83.1	99.6	99.6	112.6	29.831	0.00	0.00	875	37.63	1171	7.8	1.67	9.3	0.000	0.377	-52.3	0	---	-52.4	-52.4	 .0971	0.018	699	1	100.0	30
09/15/20	1:30 p	82.9	83.9	82.5	100	82.9	2.0	S	1.00	9.0	S	82.9	98.9	98.9	110.8	29.831	0.00	0.00	623	26.79	793	5.3	1.14	6.4	0.000	0.373	-52.3	0	---	-52.4	-52.4	 .0971	0.000	700	1	100.0	30
09/15/20	2:00 p	82.4	83.1	82.0	100	82.4	2.0	ESE	1.00	9.0	SSE	82.4	97.1	97.1	107.9	29.831	0.00	0.00	517	22.23	729	4.0	0.86	4.9	0.000	0.363	-52.3	0	---	-52.4	-52.4	 .0971	0.014	701	1	100.0	30
09/15/20	2:30 p	82.8	83.4	82.0	100	82.8	2.0	SE	1.00	9.0	ENE	82.8	98.5	98.5	110.9	29.831	0.00	0.00	622	26.75	854	4.1	0.88	5.0	0.000	0.371	-52.3	0	---	-52.4	-52.4	 .0971	0.000	699	1	100.0	30
09/15/20	3:00 p	83.6	84.1	82.5	100	83.6	1.0	SE	0.50	6.0	SSE	83.6	101.5	101.5	112.9	29.831	0.00	0.00	470	20.21	654	2.9	0.62	4.4	0.000	0.387	-52.3	0	---	-52.4	-52.4	 .0971	0.014	699	1	100.0	30
09/15/20	3:30 p	81.5	83.6	81.4	100	81.5	2.0	S	1.00	8.0	S	81.5	94.1	94.1	103.6	29.831	0.00	0.00	330	14.19	663	1.9	0.41	2.9	0.000	0.344	-52.3	0	---	-52.4	-52.4	 .0971	0.000	702	1	100.0	30
09/15/20	4:00 p	81.5	81.7	81.2	100	81.5	1.0	SSE	0.50	6.0	E	81.5	94.1	94.1	99.0	29.831	0.00	0.00	145	6.24	199	0.6	0.13	0.9	0.000	0.344	-52.3	0	---	-52.4	-52.4	 .0971	0.006	701	1	100.0	30
09/15/20	4:30 p	80.7	81.6	80.5	100	80.7	0.0	SE	0.00	3.0	S	80.7	91.6	91.6	94.6	29.831	0.00	0.00	81	3.48	93	0.0	0.00	0.0	0.000	0.327	-52.3	0	---	-52.4	-52.4	 .0971	0.000	702	1	100.0	30
09/15/20	5:00 p	80.0	80.7	79.9	100	80.0	0.0	---	0.00	0.0	---	80.0	89.6	89.6	89.4	29.831	0.00	0.00	33	1.42	74	0.0	0.00	0.0	0.000	0.313	-52.3	0	---	-52.4	-52.4	 .0971	0.001	701	1	100.0	30
09/15/20	5:30 p	79.7	80.2	79.6	100	79.7	0.0	---	0.00	0.0	---	79.7	88.8	88.8	87.8	29.831	0.00	0.00	1	0.04	7	0.0	0.00	0.0	0.000	0.306	-52.3	0	---	-52.4	-52.4	 .0971	0.000	701	1	100.0	30
09/15/20	6:00 p	79.2	79.9	79.1	100	79.2	0.0	---	0.00	0.0	---	79.2	87.4	87.4	86.4	29.831	0.01	0.00	0	0.00	0	0.0	0.00	0.0	0.000	0.296	-52.3	0	---	-52.4	-52.4	 .0971	0.000	700	1	100.0	30
09/15/20	6:30 p	78.7	79.2	78.7	100	78.7	0.0	---	0.00	0.0	---	78.7	86.1	86.1	85.1	29.831	0.04	0.14	0	0.00	0	0.0	0.00	0.0	0.000	0.285	-52.3	0	---	-52.4	-52.4	 .0971	0.000	700	1	100.0	30
09/15/20	7:00 p	78.5	78.8	78.5	100	78.5	0.0	---	0.00	0.0	---	78.5	85.6	85.6	84.6	29.831	0.06	0.18	0	0.00	0	0.0	0.00	0.0	0.000	0.281	-52.3	0	---	-52.4	-52.4	 .0971	0.000	701	1	100.0	30
09/15/20	7:30 p	78.1	78.6	78.1	100	78.1	0.0	SW	0.00	3.0	SW	78.1	84.6	84.6	83.6	29.831	0.07	0.31	0	0.00	0	0.0	0.00	0.0	0.000	0.273	-52.3	0	---	-52.4	-52.4	 .0971	0.000	700	1	100.0	30
09/15/20	8:00 p	77.7	78.1	77.6	100	77.7	0.0	SSE	0.00	2.0	SSE	77.7	83.7	83.7	82.6	29.831	0.00	0.00	0	0.00	0	0.0	0.00	0.0	0.000	0.265	-52.3	0	---	-52.4	-52.4	 .0971	0.000	699	1	100.0	30
09/15/20	8:30 p	77.7	77.8	77.5	100	77.7	0.0	SSE	0.00	1.0	SSE	77.7	83.7	83.7	82.6	29.831	0.01	0.00	0	0.00	0	0.0	0.00	0.0	0.000	0.265	-52.3	0	---	-52.4	-52.4	 .0971	0.000	700	1	100.0	30
09/15/20	9:00 p	77.3	77.8	77.3	100	77.3	0.0	SSE	0.00	1.0	SSE	77.3	82.9	82.9	81.8	29.831	0.00	0.00	0	0.00	0	0.0	0.00	0.0	0.000	0.256	-52.3	0	---	-52.4	-52.4	 .0971	0.000	700	1	100.0	30
09/15/20	9:30 p	77.0	77.5	77.0	100	77.0	0.0	---	0.00	0.0	---	77.0	82.2	82.2	81.1	29.831	0.00	0.00	0	0.00	0	0.0	0.00	0.0	0.000	0.250	-52.3	0	---	-52.4	-52.4	 .0971	0.000	699	1	100.0	30
09/15/20	10:00 p	76.8	77.1	76.7	100	76.8	0.0	---	0.00	0.0	---	76.8	81.8	81.8	80.6	29.831	0.00	0.00	0	0.00	0	0.0	0.00	0.0	0.000	0.246	-52.3	0	---	-52.4	-52.4	 .0971	0.000	698	1	100.0	30
09/15/20	10:30 p	76.5	76.9	76.4	100	76.5	0.0	---	0.00	0.0	---	76.5	81.3	81.3	80.1	29.831	0.00	0.00	0	0.00	0	0.0	0.00	0.0	0.000	0.240	-52.3	0	---	-52.4	-52.4	 .0971	0.000	699	1	100.0	30
09/15/20	11:00 p	76.2	76.5	76.2	100	76.2	0.0	---	0.00	0.0	---	76.2	80.7	80.7	79.5	29.831	0.00	0.00	0	0.00	0	0.0	0.00	0.0	0.000	0.233	-52.3	0	---	-52.4	-52.4	 .0971	0.000	701	1	100.0	30
09/15/20	11:30 p	76.5	76.5	76.2	100	76.5	0.0	---	0.00	0.0	---	76.5	81.3	81.3	80.1	29.831	0.00	0.00	0	0.00	0	0.0	0.00	0.0	0.000	0.240	-52.3	0	---	-52.4	-52.4	 .0971	0.000	702	1	100.0	30
09/16/20	12:00 a	76.5	76.5	76.3	100	76.5	0.0	---	0.00	0.0	---	76.5	81.3	81.3	80.1	29.831	0.00	0.00	0	0.00	0	0.0	0.00	0.0	0.000	0.240	-52.3	0	---	-52.4	-52.4	 .0971	0.000	703	1	100.0	30
09/16/20	12:30 a	76.3	76.5	76.2	100	76.3	0.0	---	0.00	0.0	---	76.3	80.9	80.9	79.7	29.831	0.00	0.00	0	0.00	0	0.0	0.00	0.0	0.000	0.235	-52.3	0	---	-52.4	-52.4	 .0971	0.000	699	1	100.0	30
09/16/20	1:00 a	76.2	76.4	76.1	100	76.2	0.0	---	0.00	0.0	---	76.2	80.7	80.7	79.5	29.831	0.00	0.00	0	0.00	0	0.0	0.00	0.0	0.000	0.233	-52.3	0	---	-52.4	-52.4	 .0971	0.000	702	1	100.0	30
09/16/20	1:30 a	76.0	76.2	75.9	100	76.0	0.0	---	0.00	0.0	---	76.0	80.3	80.3	79.1	29.831	0.00	0.00	0	0.00	0	0.0	0.00	0.0	0.000	0.229	-52.3	0	---	-52.4	-52.4	 .0971	0.000	701	1	100.0	30
09/16/20	2:00 a	75.7	76.0	75.7	100	75.7	0.0	SE	0.00	2.0	SSE	75.7	79.8	79.8	78.6	29.831	0.00	0.00	0	0.00	0	0.0	0.00	0.0	0.000	0.223	-52.3	0	---	-52.4	-52.4	 .0971	0.000	701	1	100.0	30
09/16/20	2:30 a	75.5	75.7	75.5	100	75.5	0.0	SE	0.00	1.0	SE	75.5	79.6	79.6	78.4	29.831	0.00	0.00	0	0.00	0	0.0	0.00	0.0	0.000	0.219	-52.3	0	---	-52.4	-52.4	 .0971	0.000	702	1	100.0	30
09/16/20	3:00 a	75.3	75.5	75.3	100	75.3	0.0	---	0.00	0.0	---	75.3	79.3	79.3	78.1	29.831	0.00	0.00	0	0.00	0	0.0	0.00	0.0	0.000	0.215	-52.3	0	---	-52.4	-52.4	 .0971	0.000	701	1	100.0	30
09/16/20	3:30 a	75.1	75.3	75.1	100	75.1	0.0	---	0.00	0.0	---	75.1	78.9	78.9	77.7	29.831	0.00	0.00	0	0.00	0	0.0	0.00	0.0	0.000	0.210	-52.3	0	---	-52.4	-52.4	 .0971	0.000	701	1	100.0	30
09/16/20	4:00 a	75.0	75.1	75.0	100	75.0	0.0	---	0.00	0.0	---	75.0	78.8	78.8	77.6	29.831	0.00	0.00	0	0.00	0	0.0	0.00	0.0	0.000	0.208	-52.3	0	---	-52.4	-52.4	 .0971	0.000	703	1	100.0	30
09/16/20	4:30 a	74.8	75.0	74.7	100	74.8	0.0	---	0.00	0.0	---	74.8	78.6	78.6	77.3	29.831	0.00	0.00	0	0.00	0	0.0	0.00	0.0	0.000	0.204	-52.3	0	---	-52.4	-52.4	 .0971	0.000	700	1	100.0	30
09/16/20	5:00 a	74.7	74.9	74.7	100	74.7	0.0	---	0.00	0.0	---	74.7	78.4	78.4	77.1	29.831	0.00	0.00	0	0.00	0	0.0	0.00	0.0	0.000	0.202	-52.3	0	---	-52.4	-52.4	 .0971	0.000	700	1	100.0	30
09/16/20	5:30 a	74.6	74.8	74.6	100	74.6	0.0	SE	0.00	1.0	SE	74.6	78.3	78.3	77.1	29.831	0.00	0.00	1	0.04	7	0.0	0.00	0.0	0.000	0.200	-52.3	0	---	-52.4	-52.4	 .0971	0.000	700	1	100.0	30
09/16/20	6:00 a	74.8	74.8	74.6	100	74.8	0.0	---	0.00	0.0	---	74.8	78.6	78.6	77.8	29.831	0.00	0.00	18	0.77	26	0.0	0.00	0.0	0.000	0.204	-52.3	0	---	-52.4	-52.4	 .0971	0.000	701	1	100.0	30
09/16/20	6:30 a	75.5	75.5	74.8	100	75.5	0.0	SE	0.00	1.0	SE	75.5	79.6	79.6	80.5	29.831	0.00	0.00	36	1.55	42	0.0	0.00	0.0	0.000	0.219	-52.3	0	---	-52.4	-52.4	 .0971	0.000	700	1	100.0	30
09/16/20	7:00 a	76.5	76.5	75.5	100	76.5	0.0	---	0.00	0.0	---	76.5	81.3	81.3	83.1	29.831	0.00	0.00	64	2.75	100	0.2	0.04	0.7	0.000	0.240	-52.3	0	---	-52.4	-52.4	 .0971	0.001	700	1	100.0	30
09/16/20	7:30 a	77.6	77.8	76.5	100	77.6	0.0	SE	0.00	1.0	SE	77.6	83.5	83.5	87.3	29.831	0.00	0.00	133	5.72	158	0.9	0.19	1.2	0.000	0.262	-52.3	0	---	-52.4	-52.4	 .0971	0.000	703	1	100.0	30
09/16/20	8:00 a	78.7	78.8	77.5	100	78.7	0.0	SE	0.00	1.0	SE	78.7	86.1	86.1	90.9	29.831	0.00	0.00	185	7.96	202	1.6	0.34	2.1	0.000	0.285	-52.3	0	---	-52.4	-52.4	 .0971	0.004	702	1	100.0	30
09/16/20	8:30 a	80.3	80.7	78.7	100	80.3	1.0	SE	0.50	3.0	SSW	80.3	90.5	90.5	95.3	29.831	0.00	0.00	200	8.60	213	3.2	0.69	3.6	0.000	0.319	-52.3	0	---	-52.4	-52.4	 .0971	0.000	702	1	100.0	30
09/16/20	9:00 a	83.1	83.1	80.3	100	83.1	1.0	SSW	0.50	4.0	SSE	83.1	99.6	99.6	104.7	29.831	0.00	0.00	215	9.25	225	4.5	0.96	5.3	0.000	0.377	-52.3	0	---	-52.4	-52.4	 .0971	0.005	701	1	100.0	30
09/16/20	9:30 a	83.2	83.9	82.5	100	83.2	1.0	SW	0.50	4.0	SSE	83.2	100.0	100.0	107.7	29.831	0.00	0.00	351	15.09	492	4.6	0.99	5.5	0.000	0.379	-52.3	0	---	-52.4	-52.4	 .0971	0.000	700	1	100.0	30
09/16/20	10:00 a	85.1	85.1	83.2	100	85.1	1.0	WSW	0.50	6.0	SW	85.1	108.2	108.2	121.1	29.831	0.00	0.00	711	30.58	772	6.8	1.46	7.7	0.000	0.419	-52.3	0	---	-52.4	-52.4	 .0971	0.013	702	1	100.0	30
09/16/20	10:30 a	85.0	86.4	84.9	100	85.0	2.0	S	1.00	6.0	SSW	85.0	107.6	107.6	121.0	29.831	0.00	0.00	853	36.68	1020	7.9	1.69	8.6	0.000	0.417	-52.3	0	---	-52.4	-52.4	 .0971	0.000	702	1	100.0	30
09/16/20	11:00 a	85.9	85.9	85.0	100	85.9	2.0	SW	1.00	6.0	SW	85.9	112.6	112.6	123.6	29.831	0.00	0.00	1004	43.18	1146	9.0	1.93	10.1	0.000	0.435	-52.3	0	---	-52.4	-52.4	 .0971	0.024	700	1	100.0	30
09/16/20	11:30 a	85.6	87.1	85.5	100	85.6	2.0	WSW	1.00	9.0	SSW	85.6	111.0	111.0	122.1	29.831	0.00	0.00	1122	48.25	1269	10.3	2.21	11.1	0.000	0.429	-52.3	0	---	-52.4	-52.4	 .0971	0.000	699	1	100.0	30
09/16/20	12:00 p	85.9	86.1	85.1	100	85.9	2.0	S	1.00	7.0	SE	85.9	112.6	112.6	123.0	29.831	0.00	0.00	1018	43.78	1273	9.4	2.01	10.9	0.000	0.435	-52.3	0	---	-52.4	-52.4	 .0971	0.027	702	1	100.0	30
09/16/20	12:30 p	83.9	86.5	83.9	100	83.9	2.0	SSE	1.00	7.0	SSE	83.9	102.7	102.7	116.0	29.831	0.00	0.00	785	33.76	1338	7.4	1.59	11.1	0.000	0.394	-52.3	0	---	-52.4	-52.4	 .0971	0.000	700	1	100.0	30
09/16/20	1:00 p	83.6	84.0	82.5	100	83.6	1.0	SE	0.50	6.0	ESE	83.6	101.5	101.5	108.4	29.831	0.00	0.00	310	13.33	506	3.9	0.84	4.9	0.000	0.387	-52.3	0	---	-52.4	-52.4	 .0971	0.014	703	1	100.0	30
09/16/20	1:30 p	85.1	85.1	83.1	100	85.1	2.0	SE	1.00	8.0	ESE	85.1	108.2	108.2	121.1	29.831	0.00	0.00	718	30.88	1048	6.1	1.31	7.5	0.000	0.419	-52.3	0	---	-52.4	-52.4	 .0971	0.000	699	1	100.0	30
09/16/20	2:00 p	85.7	86.6	84.9	100	85.7	2.0	SSE	1.00	7.0	SE	85.7	111.5	111.5	126.7	29.831	0.00	0.00	987	42.45	1104	6.6	1.41	7.4	0.000	0.431	-52.3	0	---	-52.4	-52.4	 .0971	0.021	700	1	100.0	30
09/16/20	2:30 p	83.0	85.6	83.0	100	83.0	2.0	SE	1.00	8.0	SE	83.0	99.2	99.2	109.5	29.831	0.00	0.00	452	19.44	1046	3.1	0.66	5.7	0.000	0.375	-52.3	0	---	-52.4	-52.4	 .0971	0.000	699	1	100.0	30
09/16/20	3:00 p	81.3	82.9	81.3	100	81.3	1.0	SE	0.50	5.0	SSE	81.3	93.5	93.5	96.3	29.831	0.00	0.00	114	4.90	214	0.5	0.11	1.0	0.000	0.340	-52.3	0	---	-52.4	-52.4	 .0971	0.007	701	1	100.0	30
09/16/20	3:30 p	80.9	81.3	80.8	100	80.9	0.0	SE	0.00	2.0	ESE	80.9	92.2	92.2	93.9	29.831	0.02	0.04	70	3.01	79	0.0	0.00	0.5	0.000	0.331	-52.3	0	---	-52.4	-52.4	 .0971	0.000	700	1	100.0	30
09/16/20	4:00 p	80.9	81.0	80.6	100	80.9	0.0	ENE	0.00	1.0	ENE	80.9	92.2	92.2	94.0	29.831	0.00	0.00	61	2.62	74	0.0	0.00	0.0	0.000	0.331	-52.3	0	---	-52.4	-52.4	 .0971	0.002	697	1	100.0	30
09/16/20	4:30 p	80.8	80.9	80.4	100	80.8	0.0	ENE	0.00	3.0	ESE	80.8	91.9	91.9	93.9	29.831	0.00	0.00	56	2.41	70	0.0	0.00	0.0	0.000	0.329	-52.3	0	---	-52.4	-52.4	 .0971	0.000	701	1	100.0	30
09/16/20	5:00 p	79.5	80.9	79.5	100	79.5	0.0	S	0.00	3.0	SSW	79.5	88.2	88.2	87.8	29.831	0.02	0.35	23	0.99	47	0.0	0.00	0.0	0.000	0.302	-52.3	0	---	-52.4	-52.4	 .0971	0.001	699	1	100.0	30
09/16/20	5:30 p	77.1	79.5	77.1	100	77.1	1.0	NE	0.50	6.0	SSE	77.1	82.4	82.4	81.3	29.831	0.40	2.38	0	0.00	0	0.0	0.00	0.0	0.000	0.252	-52.3	0	---	-52.4	-52.4	 .0971	0.000	701	1	100.0	30
09/16/20	6:00 p	77.0	77.2	77.0	100	77.0	1.0	NNE	0.50	3.0	ENE	77.0	82.2	82.2	81.1	29.831	0.28	1.71	0	0.00	0	0.0	0.00	0.0	0.000	0.250	-52.3	0	---	-52.4	-52.4	 .0971	0.000	700	1	100.0	30
09/16/20	6:30 p	77.3	77.4	77.0	100	77.3	0.0	NNE	0.00	2.0	NNE	77.3	82.9	82.9	81.8	29.831	0.16	1.38	0	0.00	0	0.0	0.00	0.0	0.000	0.256	-52.3	0	---	-52.4	-52.4	 .0971	0.000	702	1	100.0	30
09/16/20	7:00 p	77.4	77.5	77.3	100	77.4	0.0	NNE	0.00	2.0	NNE	77.4	83.1	83.1	82.0	29.831	0.24	2.84	0	0.00	0	0.0	0.00	0.0	0.000	0.258	-52.3	0	---	-52.4	-52.4	 .0971	0.000	698	1	100.0	30
09/16/20	7:30 p	77.0	77.4	77.0	100	77.0	1.0	NE	0.50	3.0	NE	77.0	82.2	82.2	81.1	29.831	0.27	1.21	0	0.00	0	0.0	0.00	0.0	0.000	0.250	-52.3	0	---	-52.4	-52.4	 .0971	0.000	700	1	100.0	30
09/16/20	8:00 p	76.9	77.0	76.6	100	76.9	0.0	ENE	0.00	2.0	NE	76.9	82.0	82.0	80.9	29.831	0.13	1.70	0	0.00	0	0.0	0.00	0.0	0.000	0.248	-52.3	0	---	-52.4	-52.4	 .0971	0.000	701	1	100.0	30
09/16/20	8:30 p	76.8	77.0	76.7	100	76.8	0.0	---	0.00	0.0	---	76.8	81.8	81.8	80.7	29.831	0.01	0.00	0	0.00	0	0.0	0.00	0.0	0.000	0.246	-52.3	0	---	-52.4	-52.4	 .0971	0.000	702	1	100.0	30
09/16/20	9:00 p	76.8	76.9	76.7	100	76.8	0.0	ENE	0.00	1.0	ENE	76.8	81.8	81.8	80.7	29.831	0.00	0.00	0	0.00	0	0.0	0.00	0.0	0.000	0.246	-52.3	0	---	-52.4	-52.4	 .0971	0.000	701	1	100.0	30
09/16/20	9:30 p	76.5	76.9	76.5	100	76.5	0.0	ENE	0.00	1.0	ENE	76.5	81.3	81.3	80.2	29.831	0.16	1.34	0	0.00	0	0.0	0.00	0.0	0.000	0.240	-52.3	0	---	-52.4	-52.4	 .0971	0.000	702	1	100.0	30
09/16/20	10:00 p	76.4	76.5	76.2	100	76.4	1.0	ENE	0.50	3.0	ENE	76.4	81.1	81.1	80.0	29.831	0.29	1.85	0	0.00	0	0.0	0.00	0.0	0.000	0.238	-52.3	0	---	-52.4	-52.4	 .0971	0.000	698	1	100.0	30
09/16/20	10:30 p	76.4	76.5	76.3	100	76.4	0.0	NE	0.00	1.0	NE	76.4	81.1	81.1	80.0	29.831	0.01	0.06	0	0.00	0	0.0	0.00	0.0	0.000	0.238	-52.3	0	---	-52.4	-52.4	 .0971	0.000	701	1	100.0	30
09/16/20	11:00 p	76.5	76.6	76.3	100	76.5	0.0	---	0.00	0.0	---	76.5	81.3	81.3	80.2	29.831	0.01	0.00	0	0.00	0	0.0	0.00	0.0	0.000	0.240	-52.3	0	---	-52.4	-52.4	 .0971	0.000	702	1	100.0	30
09/16/20	11:30 p	76.7	76.7	76.4	100	76.7	0.0	NE	0.00	1.0	NE	76.7	81.6	81.6	80.5	29.831	0.02	0.04	0	0.00	0	0.0	0.00	0.0	0.000	0.244	-52.3	0	---	-52.4	-52.4	 .0971	0.000	700	1	100.0	30
09/17/20	12:00 a	76.3	76.7	76.3	100	76.3	0.0	NE	0.00	2.0	NE	76.3	80.9	80.9	79.8	29.831	0.06	0.31	0	0.00	0	0.0	0.00	0.0	0.000	0.235	-52.3	0	---	-52.4	-52.4	 .0971	0.000	701	1	100.0	30
09/17/20	12:30 a	76.1	76.5	76.1	100	76.1	0.0	NE	0.00	2.0	NE	76.1	80.5	80.5	79.4	29.831	0.00	0.00	0	0.00	0	0.0	0.00	0.0	0.000	0.231	-52.3	0	---	-52.4	-52.4	 .0971	0.000	700	1	100.0	30
09/17/20	1:00 a	76.2	76.2	76.0	100	76.2	0.0	NE	0.00	1.0	NE	76.2	80.7	80.7	79.6	29.831	0.00	0.00	0	0.00	0	0.0	0.00	0.0	0.000	0.233	-52.3	0	---	-52.4	-52.4	 .0971	0.000	701	1	100.0	30
09/17/20	1:30 a	76.1	76.3	76.1	100	76.1	0.0	NE	0.00	1.0	NE	76.1	80.5	80.5	79.4	29.831	0.01	0.00	0	0.00	0	0.0	0.00	0.0	0.000	0.231	-52.3	0	---	-52.4	-52.4	 .0971	0.000	698	1	100.0	30
09/17/20	2:00 a	76.1	76.2	76.0	100	76.1	0.0	NE	0.00	1.0	NE	76.1	80.5	80.5	79.4	29.831	0.01	0.00	0	0.00	0	0.0	0.00	0.0	0.000	0.231	-52.3	0	---	-52.4	-52.4	 .0971	0.000	703	1	100.0	30
09/17/20	2:30 a	76.3	76.4	76.0	100	76.3	0.0	SE	0.00	4.0	SE	76.3	80.9	80.9	79.8	29.831	0.04	0.21	0	0.00	0	0.0	0.00	0.0	0.000	0.235	-52.3	0	---	-52.4	-52.4	 .0971	0.000	701	1	100.0	30
09/17/20	3:00 a	76.1	76.3	76.0	100	76.1	0.0	E	0.00	2.0	SE	76.1	80.5	80.5	79.4	29.831	0.00	0.00	0	0.00	0	0.0	0.00	0.0	0.000	0.231	-52.3	0	---	-52.4	-52.4	 .0971	0.000	700	1	100.0	30
09/17/20	3:30 a	76.2	76.2	75.8	100	76.2	0.0	E	0.00	1.0	E	76.2	80.7	80.7	79.6	29.831	0.01	0.00	0	0.00	0	0.0	0.00	0.0	0.000	0.233	-52.3	0	---	-52.4	-52.4	 .0971	0.000	700	1	100.0	30
09/17/20	4:00 a	75.8	76.2	75.8	100	75.8	0.0	E	0.00	2.0	E	75.8	80.0	80.0	78.8	29.831	0.00	0.00	0	0.00	0	0.0	0.00	0.0	0.000	0.225	-52.3	0	---	-52.4	-52.4	 .0971	0.000	700	1	100.0	30
09/17/20	4:30 a	75.6	75.9	75.6	100	75.6	0.0	E	0.00	1.0	E	75.6	79.7	79.7	78.5	29.831	0.00	0.00	0	0.00	0	0.0	0.00	0.0	0.000	0.221	-52.3	0	---	-52.4	-52.4	 .0971	0.000	696	1	100.0	30
09/17/20	5:00 a	75.5	75.8	75.5	100	75.5	0.0	E	0.00	2.0	E	75.5	79.6	79.6	78.4	29.831	0.00	0.00	0	0.00	0	0.0	0.00	0.0	0.000	0.219	-52.3	0	---	-52.4	-52.4	 .0971	0.000	701	1	100.0	30
09/17/20	5:30 a	75.4	75.5	75.3	100	75.4	0.0	E	0.00	1.0	E	75.4	79.4	79.4	78.3	29.831	0.00	0.00	2	0.09	11	0.0	0.00	0.0	0.000	0.217	-52.3	0	---	-52.4	-52.4	 .0971	0.000	701	1	100.0	30
09/17/20	6:00 a	75.8	75.9	75.5	100	75.8	0.0	E	0.00	1.0	E	75.8	80.0	80.0	79.5	29.831	0.00	0.00	27	1.16	56	0.0	0.00	0.0	0.000	0.225	-52.3	0	---	-52.4	-52.4	 .0971	0.000	700	1	100.0	30
09/17/20	6:30 a	76.2	76.2	75.8	100	76.2	0.0	E	0.00	1.0	E	76.2	80.7	80.7	82.2	29.831	0.00	0.00	47	2.02	56	0.0	0.00	0.0	0.000	0.233	-52.3	0	---	-52.4	-52.4	 .0971	0.000	700	1	100.0	30
09/17/20	7:00 a	76.9	77.0	76.2	100	76.9	0.0	E	0.00	2.0	E	76.9	82.0	82.0	84.2	29.831	0.00	0.00	74	3.18	105	0.3	0.06	0.7	0.000	0.248	-52.3	0	---	-52.4	-52.4	 .0971	0.001	700	1	100.0	30
09/17/20	7:30 a	77.8	77.8	76.9	100	77.8	0.0	E	0.00	1.0	E	77.8	84.0	84.0	87.9	29.831	0.00	0.00	136	5.85	160	0.9	0.19	1.1	0.000	0.267	-52.3	0	---	-52.4	-52.4	 .0971	0.000	700	1	100.0	30
09/17/20	8:00 a	79.0	79.3	77.6	100	79.0	1.0	W	0.50	3.0	E	79.0	86.8	86.8	91.0	29.831	0.00	0.00	161	6.92	318	1.8	0.39	3.0	0.000	0.292	-52.3	0	---	-52.4	-52.4	 .0971	0.004	701	1	100.0	30
09/17/20	8:30 a	80.8	80.8	79.0	100	80.8	1.0	SSW	0.50	4.0	SW	80.8	91.9	91.9	97.6	29.831	0.00	0.00	234	10.06	362	3.0	0.64	4.0	0.000	0.329	164.0	0	---	150.8	0.05	 .0634	0.000	698	1	100.0	30
09/17/20	9:00 a	80.5	80.9	79.7	100	80.5	1.0	SW	0.50	4.0	SSE	80.5	91.1	91.1	96.9	29.831	0.00	0.00	252	10.84	376	2.1	0.45	2.9	0.000	0.323	164.0	0	---	150.8	0.05	 .0634	0.006	701	1	100.0	30
09/17/20	9:30 a	80.1	80.7	79.9	100	80.1	1.0	S	0.50	4.0	SSE	80.1	89.9	89.9	93.8	29.831	0.00	0.00	182	7.83	236	1.9	0.41	2.2	0.000	0.315	164.0	0	---	150.8	0.05	 .0634	0.000	699	1	100.0	30
09/17/20	10:00 a	80.1	80.2	79.3	100	80.1	0.0	SSE	0.00	1.0	SSE	80.1	89.9	89.9	93.2	29.831	0.03	0.16	162	6.97	216	1.8	0.39	2.4	0.000	0.315	-52.3	0	---	-52.4	-52.4	 .0971	0.004	700	1	100.0	30
09/17/20	10:30 a	79.9	80.5	79.4	100	79.9	0.0	SSW	0.00	3.0	SSE	79.9	89.3	89.3	93.0	29.831	0.00	0.00	180	7.74	251	1.9	0.41	2.7	0.000	0.310	-52.3	0	---	-52.4	-52.4	 .0971	0.000	701	1	100.0	30
09/17/20	11:00 a	81.1	81.1	79.9	100	81.1	1.0	SSW	0.50	3.0	S	81.1	92.8	92.8	100.6	29.831	0.00	0.00	351	15.09	548	3.6	0.77	5.3	0.000	0.335	-52.3	0	---	-52.4	-52.4	 .0971	0.007	701	1	100.0	30
09/17/20	11:30 a	80.0	81.2	80.0	100	80.0	1.0	ESE	0.50	5.0	SE	80.0	89.6	89.6	93.2	29.831	0.00	0.00	168	7.22	258	1.9	0.41	2.8	0.000	0.313	-52.3	0	---	-52.4	-52.4	 .0971	0.000	699	1	100.0	30
09/17/20	12:00 p	78.2	80.2	78.2	100	78.2	1.0	S	0.50	3.0	S	78.2	84.9	84.9	87.3	29.831	0.03	0.22	127	5.46	160	1.4	0.30	1.7	0.000	0.275	-52.3	0	---	-52.4	-52.4	 .0971	0.004	700	1	100.0	30
09/17/20	12:30 p	77.6	78.6	77.5	100	77.6	1.0	S	0.50	4.0	NE	77.6	83.5	83.5	87.4	29.831	0.03	0.12	192	8.26	290	2.1	0.45	3.1	0.000	0.262	-52.3	0	---	-52.4	-52.4	 .0971	0.000	701	1	100.0	30
09/17/20	1:00 p	79.6	79.6	77.4	100	79.6	1.0	SSE	0.50	7.0	SE	79.6	88.5	88.5	93.8	29.831	0.00	0.00	243	10.45	494	2.7	0.58	8.3	0.000	0.304	-52.3	0	---	-52.4	-52.4	 .0971	0.006	702	1	100.0	30
09/17/20	1:30 p	80.3	81.4	79.2	100	80.3	2.0	SE	1.00	9.0	SSE	80.3	90.5	90.5	100.9	29.831	0.00	0.00	518	22.28	1042	4.8	1.03	8.4	0.000	0.319	-52.3	0	---	-52.4	-52.4	 .0971	0.000	700	1	100.0	30
09/17/20	2:00 p	79.9	80.9	79.7	100	79.9	2.0	SE	1.00	11.0	S	79.9	89.3	89.3	97.6	29.831	0.00	0.00	382	16.43	937	3.2	0.69	6.7	0.000	0.310	-52.3	0	---	-52.4	-52.4	 .0971	0.013	703	1	100.0	30
09/17/20	2:30 p	79.0	79.9	78.9	100	79.0	1.0	SSE	0.50	10.0	SE	79.0	86.8	86.8	90.9	29.831	0.00	0.00	177	7.61	274	1.3	0.28	2.0	0.000	0.292	-52.3	0	---	-52.4	-52.4	 .0971	0.000	699	1	100.0	30
09/17/20	3:00 p	77.4	79.2	77.4	100	77.4	1.0	SE	0.50	5.0	S	77.4	83.1	83.1	84.9	29.831	0.03	0.10	86	3.70	158	0.6	0.13	1.0	0.000	0.258	-52.3	0	---	-52.4	-52.4	 .0971	0.003	699	1	100.0	30
09/17/20	3:30 p	77.3	77.7	77.1	100	77.3	1.0	SE	0.50	9.0	ESE	77.3	82.9	82.9	85.3	29.831	0.00	0.00	92	3.96	109	0.5	0.11	0.6	0.000	0.256	-52.3	0	---	-52.4	-52.4	 .0971	0.000	700	1	100.0	30
09/17/20	4:00 p	77.1	77.3	76.8	100	77.1	1.0	NE	0.50	4.0	SE	77.1	82.4	82.4	84.5	29.831	0.02	0.29	73	3.14	91	0.0	0.00	0.0	0.000	0.252	-52.3	0	---	-52.4	-52.4	 .0971	0.002	700	1	100.0	30
09/17/20	4:30 p	76.8	77.3	76.8	100	76.8	0.0	NE	0.00	2.0	NE	76.8	81.8	81.8	83.2	29.831	0.00	0.00	48	2.06	72	0.0	0.00	0.0	0.000	0.246	-52.3	0	---	-52.4	-52.4	 .0971	0.000	703	1	100.0	30
09/17/20	5:00 p	76.6	77.0	76.5	100	76.6	0.0	NE	0.00	1.0	NE	76.6	81.4	81.4	80.6	29.831	0.00	0.00	13	0.56	19	0.0	0.00	0.0	0.000	0.242	-52.3	0	---	-52.4	-52.4	 .0971	0.001	701	1	100.0	30
09/17/20	5:30 p	76.6	76.8	76.4	100	76.6	0.0	NE	0.00	1.0	NE	76.6	81.4	81.4	80.3	29.831	0.01	0.00	1	0.04	5	0.0	0.00	0.0	0.000	0.242	-52.3	0	---	-52.4	-52.4	 .0971	0.000	700	1	100.0	30
09/17/20	6:00 p	76.2	76.6	76.2	100	76.2	0.0	NE	0.00	3.0	NNE	76.2	80.7	80.7	79.6	29.831	0.01	0.00	0	0.00	0	0.0	0.00	0.0	0.000	0.233	-52.3	0	---	-52.4	-52.4	 .0971	0.000	698	1	100.0	30
09/17/20	6:30 p	75.8	76.3	75.8	100	75.8	0.0	NE	0.00	2.0	NE	75.8	80.0	80.0	78.9	29.831	0.02	0.04	0	0.00	0	0.0	0.00	0.0	0.000	0.225	-52.3	0	---	-52.4	-52.4	 .0971	0.000	699	1	100.0	30
09/17/20	7:00 p	75.8	75.8	75.7	100	75.8	0.0	NE	0.00	1.0	NE	75.8	80.0	80.0	78.9	29.831	0.02	0.04	0	0.00	0	0.0	0.00	0.0	0.000	0.225	-52.3	0	---	-52.4	-52.4	 .0971	0.000	698	1	100.0	30
09/17/20	7:30 p	75.2	75.8	75.1	100	75.2	0.0	NE	0.00	1.0	NE	75.2	79.1	79.1	78.0	29.831	0.00	0.00	0	0.00	0	0.0	0.00	0.0	0.000	0.212	-52.3	0	---	-52.4	-52.4	 .0971	0.000	701	1	100.0	30
09/17/20	8:00 p	74.9	75.2	74.9	100	74.9	0.0	NE	0.00	1.0	NE	74.9	78.7	78.7	77.5	29.831	0.00	0.00	0	0.00	0	0.0	0.00	0.0	0.000	0.206	-52.3	0	---	-52.4	-52.4	 .0971	0.000	699	1	100.0	30
09/17/20	8:30 p	74.7	75.0	74.7	100	74.7	0.0	NE	0.00	1.0	NE	74.7	78.4	78.4	77.2	29.831	0.00	0.00	0	0.00	0	0.0	0.00	0.0	0.000	0.202	-52.3	0	---	-52.4	-52.4	 .0971	0.000	700	1	100.0	30
09/17/20	9:00 p	74.5	74.8	74.5	100	74.5	0.0	NE	0.00	1.0	NE	74.5	78.2	78.2	77.0	29.831	0.00	0.00	0	0.00	0	0.0	0.00	0.0	0.000	0.198	-52.3	0	---	-52.4	-52.4	 .0971	0.000	699	1	100.0	30
09/17/20	9:30 p	74.2	74.6	74.1	100	74.2	0.0	NE	0.00	1.0	NE	74.2	77.8	77.8	76.6	29.831	0.00	0.00	0	0.00	0	0.0	0.00	0.0	0.000	0.192	-52.3	0	---	-52.4	-52.4	 .0971	0.000	698	1	100.0	30
09/17/20	10:00 p	73.5	74.2	73.5	100	73.5	0.0	NE	0.00	1.0	NE	73.5	77.1	77.1	75.9	29.831	0.00	0.00	0	0.00	0	0.0	0.00	0.0	0.000	0.177	-52.3	0	---	-52.4	-52.4	 .0971	0.000	700	1	100.0	30
09/17/20	10:30 p	73.2	73.6	73.2	100	73.2	0.0	---	0.00	0.0	---	73.2	76.8	76.8	75.6	29.831	0.00	0.00	0	0.00	0	0.0	0.00	0.0	0.000	0.171	-52.3	0	---	-52.4	-52.4	 .0971	0.000	701	1	100.0	30
09/17/20	11:00 p	73.0	73.4	72.8	100	73.0	0.0	---	0.00	0.0	---	73.0	76.6	76.6	75.4	29.831	0.00	0.00	0	0.00	0	0.0	0.00	0.0	0.000	0.167	-52.3	0	---	-52.4	-52.4	 .0971	0.000	702	1	100.0	30
09/17/20	11:30 p	72.7	73.0	72.7	100	72.7	0.0	---	0.00	0.0	---	72.7	76.3	76.3	75.0	29.831	0.00	0.00	0	0.00	0	0.0	0.00	0.0	0.000	0.160	-52.3	0	---	-52.4	-52.4	 .0971	0.000	702	1	100.0	30
09/18/20	12:00 a	72.7	72.8	72.6	100	72.7	0.0	---	0.00	0.0	---	72.7	76.3	76.3	75.0	29.831	0.00	0.00	0	0.00	0	0.0	0.00	0.0	0.000	0.160	-52.3	0	---	-52.4	-52.4	 .0971	0.000	701	1	100.0	30
09/18/20	12:30 a	72.5	72.7	72.5	100	72.5	0.0	---	0.00	0.0	---	72.5	76.1	76.1	74.8	29.831	0.00	0.00	0	0.00	0	0.0	0.00	0.0	0.000	0.156	-52.3	0	---	-52.4	-52.4	 .0971	0.000	700	1	100.0	30
09/18/20	1:00 a	72.7	72.7	72.5	100	72.7	0.0	---	0.00	0.0	---	72.7	76.3	76.3	75.0	29.831	0.00	0.00	0	0.00	0	0.0	0.00	0.0	0.000	0.160	-52.3	0	---	-52.4	-52.4	 .0971	0.000	699	1	100.0	30
09/18/20	1:30 a	72.7	72.8	72.6	100	72.7	0.0	---	0.00	0.0	---	72.7	76.3	76.3	75.0	29.831	0.00	0.00	0	0.00	0	0.0	0.00	0.0	0.000	0.160	-52.3	0	---	-52.4	-52.4	 .0971	0.000	697	1	100.0	30
09/18/20	2:00 a	72.5	72.7	72.4	100	72.5	0.0	---	0.00	0.0	---	72.5	76.1	76.1	74.8	29.831	0.00	0.00	0	0.00	0	0.0	0.00	0.0	0.000	0.156	-52.3	0	---	-52.4	-52.4	 .0971	0.000	698	1	100.0	30
09/18/20	2:30 a	72.2	72.6	72.2	100	72.2	0.0	---	0.00	0.0	---	72.2	75.8	75.8	74.5	29.831	0.00	0.00	0	0.00	0	0.0	0.00	0.0	0.000	0.150	-52.3	0	---	-52.4	-52.4	 .0971	0.000	699	1	100.0	30
09/18/20	3:00 a	72.2	72.3	72.1	100	72.2	0.0	---	0.00	0.0	---	72.2	75.8	75.8	74.5	29.831	0.00	0.00	0	0.00	0	0.0	0.00	0.0	0.000	0.150	-52.3	0	---	-52.4	-52.4	 .0971	0.000	697	1	100.0	30
09/18/20	3:30 a	71.9	72.2	71.8	100	71.9	0.0	---	0.00	0.0	---	71.9	75.5	75.5	74.2	29.831	0.00	0.00	0	0.00	0	0.0	0.00	0.0	0.000	0.144	-52.3	0	---	-52.4	-52.4	 .0971	0.000	693	1	100.0	30
09/18/20	4:00 a	71.9	71.9	71.7	100	71.9	0.0	---	0.00	0.0	---	71.9	75.5	75.5	74.2	29.831	0.00	0.00	0	0.00	0	0.0	0.00	0.0	0.000	0.144	-52.3	0	---	-52.4	-52.4	 .0971	0.000	695	1	100.0	30
09/18/20	4:30 a	71.9	72.0	71.7	100	71.9	0.0	NE	0.00	1.0	NE	71.9	75.5	75.5	74.2	29.831	0.00	0.00	0	0.00	0	0.0	0.00	0.0	0.000	0.144	-52.3	0	---	-52.4	-52.4	 .0971	0.000	700	1	100.0	30
09/18/20	5:00 a	71.7	71.9	71.6	100	71.7	0.0	NE	0.00	1.0	NE	71.7	75.3	75.3	74.0	29.831	0.00	0.00	0	0.00	0	0.0	0.00	0.0	0.000	0.140	-52.3	0	---	-52.4	-52.4	 .0971	0.000	694	1	100.0	30
09/18/20	5:30 a	71.5	71.7	71.4	100	71.5	0.0	---	0.00	0.0	---	71.5	75.1	75.1	73.8	29.831	0.00	0.00	0	0.00	5	0.0	0.00	0.0	0.000	0.135	-52.3	0	---	-52.4	-52.4	 .0971	0.000	693	1	100.0	30
09/18/20	6:00 a	72.1	72.1	71.5	100	72.1	0.0	---	0.00	0.0	---	72.1	75.7	75.7	74.8	29.831	0.00	0.00	16	0.69	26	0.0	0.00	0.0	0.000	0.148	-52.3	0	---	-52.4	-52.4	 .0971	0.000	700	1	100.0	30
09/18/20	6:30 a	72.9	72.9	72.1	100	72.9	0.0	---	0.00	0.0	---	72.9	76.5	76.5	76.8	29.831	0.00	0.00	26	1.12	28	0.0	0.00	0.0	0.000	0.165	-52.3	0	---	-52.4	-52.4	 .0971	0.000	699	1	100.0	30
09/18/20	7:00 a	73.7	73.7	72.9	100	73.7	0.0	NE	0.00	1.0	NE	73.7	77.3	77.3	77.5	29.831	0.00	0.00	27	1.16	30	0.0	0.00	0.0	0.000	0.181	-52.3	0	---	-52.4	-52.4	 .0971	0.001	698	1	100.0	30
09/18/20	7:30 a	74.7	74.7	73.7	100	74.7	0.0	NE	0.00	1.0	NE	74.7	78.4	78.4	78.6	29.831	0.00	0.00	30	1.29	32	0.0	0.00	0.0	0.000	0.202	-52.3	0	---	-52.4	-52.4	 .0971	0.000	701	1	100.0	30
09/18/20	8:00 a	76.2	76.3	74.7	100	76.2	0.0	NE	0.00	2.0	NE	76.2	80.7	80.7	81.0	29.831	0.00	0.00	35	1.51	37	0.0	0.00	0.0	0.000	0.233	-52.3	0	---	-52.4	-52.4	 .0971	0.001	701	1	100.0	30
09/18/20	8:30 a	76.5	78.1	76.2	100	76.5	1.0	NE	0.50	2.0	NE	76.5	81.3	81.3	83.0	29.831	0.00	0.00	89	3.83	153	2.0	0.43	3.9	0.000	0.240	-52.3	0	---	-52.4	-52.4	 .0971	0.000	701	1	100.0	30
09/18/20	9:00 a	79.4	79.6	76.6	100	79.4	1.0	S	0.50	3.0	SSE	79.4	87.9	87.9	88.7	29.831	0.00	0.00	58	2.49	100	1.4	0.30	5.2	0.000	0.300	-52.3	0	---	-52.4	-52.4	 .0971	0.002	701	1	100.0	30
09/18/20	9:30 a	83.1	83.4	79.4	100	83.1	1.0	S	0.50	4.0	SSE	83.1	99.6	99.6	108.7	29.831	0.00	0.00	426	18.32	680	6.0	1.29	6.7	0.000	0.377	-52.3	0	---	-52.4	-52.4	 .0971	0.000	702	1	100.0	30
09/18/20	10:00 a	84.3	84.6	83.1	100	84.3	2.0	SE	1.00	8.0	ESE	84.3	104.5	104.5	117.4	29.831	0.00	0.00	731	31.44	814	7.4	1.59	8.0	0.000	0.402	-52.3	0	---	-52.4	-52.4	 .0971	0.015	698	1	100.0	30
09/18/20	10:30 a	83.6	84.3	83.2	100	83.6	2.0	S	1.00	7.0	S	83.6	101.5	101.5	114.1	29.831	0.00	0.00	939	40.38	1051	8.4	1.80	9.2	0.000	0.387	-52.3	0	---	-52.4	-52.4	 .0971	0.000	700	1	100.0	30
09/18/20	11:00 a	83.7	84.3	83.4	100	83.7	2.0	SE	1.00	7.0	SSW	83.7	101.9	101.9	114.7	29.831	0.00	0.00	936	40.25	1109	8.6	1.84	10.0	0.000	0.390	-52.3	0	---	-52.4	-52.4	 .0971	0.023	703	1	100.0	30
09/18/20	11:30 a	83.8	84.9	83.6	100	83.8	2.0	S	1.00	8.0	SSE	83.8	102.3	102.3	112.5	29.831	0.00	0.00	1050	45.16	1071	9.8	2.10	9.9	0.000	0.392	-52.3	0	---	-52.4	-52.4	 .0971	0.000	700	1	100.0	30
09/18/20	12:00 p	84.9	85.4	83.6	100	84.9	2.0	SW	1.00	7.0	E	84.9	107.2	107.2	118.0	29.831	0.00	0.00	1067	45.89	1116	9.8	2.10	10.1	0.000	0.415	-52.3	0	---	-52.4	-52.4	 .0971	0.027	703	1	100.0	30
09/18/20	12:30 p	84.3	84.9	83.4	100	84.3	2.0	E	1.00	7.0	SE	84.3	104.5	104.5	117.0	29.831	0.00	0.00	1116	47.99	1192	9.3	1.99	10.2	0.000	0.402	-52.3	0	---	-52.4	-52.4	 .0971	0.000	698	1	100.0	30
09/18/20	1:00 p	84.8	85.7	84.3	100	84.8	2.0	S	1.00	7.0	SSW	84.8	106.7	106.7	119.9	29.831	0.00	0.00	1071	46.06	1100	8.8	1.89	9.4	0.000	0.413	-52.3	0	---	-52.4	-52.4	 .0971	0.027	701	1	100.0	30
09/18/20	1:30 p	82.8	84.9	82.8	100	82.8	2.0	SSE	1.00	8.0	SE	82.8	98.5	98.5	111.4	29.831	0.00	0.00	766	32.94	1150	6.0	1.29	8.4	0.000	0.371	-52.3	0	---	-52.4	-52.4	 .0971	0.000	702	1	100.0	30
09/18/20	2:00 p	83.8	84.0	82.7	100	83.8	3.0	SE	1.50	8.0	SSE	83.8	102.3	102.3	114.3	29.831	0.00	0.00	607	26.10	1158	5.1	1.09	7.6	0.000	0.392	-52.3	0	---	-52.4	-52.4	 .0971	0.018	703	1	100.0	30
09/18/20	2:30 p	83.0	84.1	83.0	100	83.0	2.0	SE	1.00	11.0	SE	83.0	99.2	99.2	110.4	29.831	0.00	0.00	509	21.89	974	3.8	0.81	5.2	0.000	0.375	-52.3	0	---	-52.4	-52.4	 .0971	0.000	701	1	100.0	30
09/18/20	3:00 p	83.2	83.4	82.7	100	83.2	2.0	SE	1.00	9.0	ESE	83.2	100.0	100.0	111.1	29.831	0.00	0.00	453	19.48	719	2.6	0.56	3.1	0.000	0.379	-52.3	0	---	-52.4	-52.4	 .0971	0.013	696	1	100.0	30
09/18/20	3:30 p	83.2	83.8	82.7	100	83.2	2.0	SE	1.00	9.0	SSE	83.2	100.0	100.0	111.7	29.831	0.00	0.00	486	20.90	758	2.0	0.43	2.8	0.000	0.379	-52.3	0	---	-52.4	-52.4	 .0971	0.000	700	1	100.0	30
09/18/20	4:00 p	82.4	83.8	82.3	100	82.4	2.0	SE	1.00	8.0	SE	82.4	97.1	97.1	108.2	29.831	0.00	0.00	376	16.17	571	1.1	0.24	1.7	0.000	0.363	-52.3	0	---	-52.4	-52.4	 .0971	0.011	698	1	100.0	30
09/18/20	4:30 p	81.2	82.6	81.1	100	81.2	1.0	SSE	0.50	7.0	SSE	81.2	93.1	93.1	96.0	29.831	0.00	0.00	76	3.27	213	0.3	0.06	0.7	0.000	0.337	-52.3	0	---	-52.4	-52.4	 .0971	0.000	702	1	100.0	30
09/18/20	5:00 p	80.2	81.5	80.2	100	80.2	1.0	SSE	0.50	7.0	ESE	80.2	90.2	90.2	90.6	29.831	0.00	0.00	55	2.37	69	0.0	0.00	0.0	0.000	0.317	-52.3	0	---	-52.4	-52.4	 .0971	0.002	701	1	100.0	30
09/18/20	5:30 p	79.1	80.3	79.1	100	79.1	0.0	NNW	0.00	3.0	NNW	79.1	87.1	87.1	86.5	29.831	0.00	0.00	18	0.77	32	0.0	0.00	0.0	0.000	0.294	-52.3	0	---	-52.4	-52.4	 .0971	0.000	702	1	100.0	30
09/18/20	6:00 p	78.0	79.1	77.9	100	78.0	0.0	ENE	0.00	1.0	ENE	78.0	84.4	84.4	83.4	29.831	0.00	0.00	1	0.04	7	0.0	0.00	0.0	0.000	0.271	-52.3	0	---	-52.4	-52.4	 .0971	0.000	700	1	100.0	30
09/18/20	6:30 p	77.3	77.9	77.3	100	77.3	0.0	ENE	0.00	1.0	ENE	77.3	82.9	82.9	81.8	29.831	0.00	0.00	0	0.00	0	0.0	0.00	0.0	0.000	0.256	-52.3	0	---	-52.4	-52.4	 .0971	0.000	702	1	100.0	30
09/18/20	7:00 p	77.2	77.3	77.1	100	77.2	0.0	ENE	0.00	1.0	ENE	77.2	82.6	82.6	81.5	29.831	0.00	0.00	0	0.00	0	0.0	0.00	0.0	0.000	0.254	-52.3	0	---	-52.4	-52.4	 .0971	0.000	702	1	100.0	30
09/18/20	7:30 p	76.9	77.2	76.9	100	76.9	0.0	---	0.00	0.0	---	76.9	82.0	82.0	80.9	29.831	0.00	0.00	0	0.00	0	0.0	0.00	0.0	0.000	0.248	-52.3	0	---	-52.4	-52.4	 .0971	0.000	700	1	100.0	30
09/18/20	8:00 p	76.5	76.9	76.5	100	76.5	0.0	---	0.00	0.0	---	76.5	81.3	81.3	80.2	29.831	0.00	0.00	0	0.00	0	0.0	0.00	0.0	0.000	0.240	-52.3	0	---	-52.4	-52.4	 .0971	0.000	701	1	100.0	30
09/18/20	8:30 p	76.1	76.5	76.1	100	76.1	0.0	---	0.00	0.0	---	76.1	80.5	80.5	79.4	29.831	0.00	0.00	0	0.00	0	0.0	0.00	0.0	0.000	0.231	-52.3	0	---	-52.4	-52.4	 .0971	0.000	701	1	100.0	30
09/18/20	9:00 p	75.8	76.2	75.7	100	75.8	0.0	---	0.00	0.0	---	75.8	80.0	80.0	78.8	29.831	0.00	0.00	0	0.00	0	0.0	0.00	0.0	0.000	0.225	-52.3	0	---	-52.4	-52.4	 .0971	0.000	700	1	100.0	30
09/18/20	9:30 p	75.5	75.8	75.5	100	75.5	0.0	---	0.00	0.0	---	75.5	79.6	79.6	78.4	29.831	0.00	0.00	0	0.00	0	0.0	0.00	0.0	0.000	0.219	-52.3	0	---	-52.4	-52.4	 .0971	0.000	698	1	100.0	30
09/18/20	10:00 p	75.2	75.6	75.2	100	75.2	0.0	---	0.00	0.0	---	75.2	79.1	79.1	77.9	29.831	0.00	0.00	0	0.00	0	0.0	0.00	0.0	0.000	0.212	-52.3	0	---	-52.4	-52.4	 .0971	0.000	700	1	100.0	30
09/18/20	10:30 p	75.1	75.3	75.0	100	75.1	0.0	---	0.00	0.0	---	75.1	78.9	78.9	77.7	29.831	0.00	0.00	0	0.00	0	0.0	0.00	0.0	0.000	0.210	-52.3	0	---	-52.4	-52.4	 .0971	0.000	700	1	100.0	30
09/18/20	11:00 p	74.9	75.2	74.9	100	74.9	0.0	---	0.00	0.0	---	74.9	78.7	78.7	77.4	29.831	0.00	0.00	0	0.00	0	0.0	0.00	0.0	0.000	0.206	-52.3	0	---	-52.4	-52.4	 .0971	0.000	701	1	100.0	30
09/18/20	11:30 p	74.9	75.0	74.8	100	74.9	0.0	---	0.00	0.0	---	74.9	78.7	78.7	77.4	29.831	0.00	0.00	0	0.00	0	0.0	0.00	0.0	0.000	0.206	-52.3	0	---	-52.4	-52.4	 .0971	0.000	702	1	100.0	30
09/19/20	12:00 a	74.6	74.9	74.6	100	74.6	0.0	---	0.00	0.0	---	74.6	78.3	78.3	77.0	29.831	0.00	0.00	0	0.00	0	0.0	0.00	0.0	0.000	0.200	-52.3	0	---	-52.4	-52.4	 .0971	0.000	703	1	100.0	30
09/19/20	12:30 a	74.5	74.7	74.4	100	74.5	0.0	---	0.00	0.0	---	74.5	78.2	78.2	76.9	29.831	0.00	0.00	0	0.00	0	0.0	0.00	0.0	0.000	0.198	-52.3	0	---	-52.4	-52.4	 .0971	0.000	699	1	100.0	30
09/19/20	1:00 a	74.3	74.5	74.2	100	74.3	0.0	---	0.00	0.0	---	74.3	78.0	78.0	76.7	29.831	0.00	0.00	0	0.00	0	0.0	0.00	0.0	0.000	0.194	-52.3	0	---	-52.4	-52.4	 .0971	0.000	700	1	100.0	30
09/19/20	1:30 a	74.2	74.3	74.1	100	74.2	0.0	---	0.00	0.0	---	74.2	77.8	77.8	76.5	29.831	0.00	0.00	0	0.00	0	0.0	0.00	0.0	0.000	0.192	-52.3	0	---	-52.4	-52.4	 .0971	0.000	701	1	100.0	30
09/19/20	2:00 a	73.9	74.2	73.9	100	73.9	0.0	---	0.00	0.0	---	73.9	77.5	77.5	76.2	29.831	0.00	0.00	0	0.00	0	0.0	0.00	0.0	0.000	0.185	-52.3	0	---	-52.4	-52.4	 .0971	0.000	701	1	100.0	30
09/19/20	2:30 a	73.9	74.0	73.8	100	73.9	0.0	---	0.00	0.0	---	73.9	77.5	77.5	76.2	29.831	0.00	0.00	0	0.00	0	0.0	0.00	0.0	0.000	0.185	-52.3	0	---	-52.4	-52.4	 .0971	0.000	702	1	100.0	30
09/19/20	3:00 a	73.5	73.9	73.5	100	73.5	0.0	---	0.00	0.0	---	73.5	77.1	77.1	75.8	29.831	0.00	0.00	0	0.00	0	0.0	0.00	0.0	0.000	0.177	-52.3	0	---	-52.4	-52.4	 .0971	0.000	703	1	100.0	30
09/19/20	3:30 a	73.3	73.5	73.3	100	73.3	0.0	---	0.00	0.0	---	73.3	76.9	76.9	75.6	29.831	0.00	0.00	0	0.00	0	0.0	0.00	0.0	0.000	0.173	-52.3	0	---	-52.4	-52.4	 .0971	0.000	699	1	100.0	30
09/19/20	4:00 a	73.0	73.4	72.9	100	73.0	0.0	---	0.00	0.0	---	73.0	76.6	76.6	75.3	29.831	0.00	0.00	0	0.00	0	0.0	0.00	0.0	0.000	0.167	-52.3	0	---	-52.4	-52.4	 .0971	0.000	702	1	100.0	30
09/19/20	4:30 a	72.8	73.1	72.8	100	72.8	0.0	---	0.00	0.0	---	72.8	76.4	76.4	75.0	29.831	0.00	0.00	0	0.00	0	0.0	0.00	0.0	0.000	0.163	-52.3	0	---	-52.4	-52.4	 .0971	0.000	701	1	100.0	30
09/19/20	5:00 a	72.8	72.9	72.7	100	72.8	0.0	---	0.00	0.0	---	72.8	76.4	76.4	75.0	29.831	0.00	0.00	0	0.00	0	0.0	0.00	0.0	0.000	0.163	-52.3	0	---	-52.4	-52.4	 .0971	0.000	699	1	100.0	30
09/19/20	5:30 a	72.7	72.9	72.7	100	72.7	0.0	---	0.00	0.0	---	72.7	76.3	76.3	74.9	29.831	0.00	0.00	0	0.00	5	0.0	0.00	0.0	0.000	0.160	-52.3	0	---	-52.4	-52.4	 .0971	0.000	700	1	100.0	30
09/19/20	6:00 a	72.9	73.1	72.7	100	72.9	0.0	---	0.00	0.0	---	72.9	76.5	76.5	75.4	29.831	0.00	0.00	9	0.39	16	0.0	0.00	0.0	0.000	0.165	-52.3	0	---	-52.4	-52.4	 .0971	0.000	700	1	100.0	30
09/19/20	6:30 a	73.7	73.7	73.0	100	73.7	0.0	---	0.00	0.0	---	73.7	77.3	77.3	77.4	29.831	0.00	0.00	21	0.90	25	0.0	0.00	0.0	0.000	0.181	-52.3	0	---	-52.4	-52.4	 .0971	0.000	701	1	100.0	30
09/19/20	7:00 a	74.6	74.6	73.7	100	74.6	0.0	---	0.00	0.0	---	74.6	78.3	78.3	78.5	29.831	0.00	0.00	27	1.16	33	0.0	0.00	0.0	0.000	0.200	-52.3	0	---	-52.4	-52.4	 .0971	0.001	700	1	100.0	30
09/19/20	7:30 a	75.6	75.6	74.6	100	75.6	0.0	ENE	0.00	1.0	ENE	75.6	79.7	79.7	80.0	29.831	0.00	0.00	31	1.33	32	0.0	0.00	0.0	0.000	0.221	-52.3	0	---	-52.4	-52.4	 .0971	0.000	700	1	100.0	30
09/19/20	8:00 a	77.1	77.1	75.6	100	77.1	0.0	ENE	0.00	1.0	ENE	77.1	82.4	82.4	82.8	29.831	0.00	0.00	37	1.59	40	0.0	0.00	0.0	0.000	0.252	-52.3	0	---	-52.4	-52.4	 .0971	0.001	702	1	100.0	30
09/19/20	8:30 a	79.2	79.2	77.2	100	79.2	0.0	WSW	0.00	2.0	ENE	79.2	87.4	87.4	87.9	29.831	0.00	0.00	42	1.81	44	0.0	0.00	0.0	0.000	0.296	-52.3	0	---	-52.4	-52.4	 .0971	0.000	699	1	100.0	30
09/19/20	9:00 a	82.8	82.9	79.2	100	82.8	1.0	SSW	0.50	4.0	SSW	82.8	98.5	98.5	99.6	29.831	0.00	0.00	65	2.80	155	1.6	0.34	5.3	0.000	0.371	-52.3	0	---	-52.4	-52.4	 .0971	0.001	699	1	100.0	30
09/19/20	9:30 a	84.6	84.6	82.8	100	84.6	2.0	S	1.00	6.0	SSW	84.6	105.8	105.8	116.9	29.831	0.00	0.00	550	23.65	679	6.1	1.31	6.8	0.000	0.408	-52.3	0	---	-52.4	-52.4	 .0971	0.000	702	1	100.0	30
09/19/20	10:00 a	84.9	85.0	84.1	100	84.9	2.0	SSW	1.00	5.0	WSW	84.9	107.2	107.2	120.1	29.831	0.00	0.00	725	31.18	831	7.4	1.59	8.1	0.000	0.415	-52.3	0	---	-52.4	-52.4	 .0971	0.016	701	1	100.0	30
09/19/20	10:30 a	85.1	85.6	84.8	100	85.1	2.0	S	1.00	7.0	WSW	85.1	108.2	108.2	120.4	29.831	0.00	0.00	958	41.20	1086	8.5	1.82	9.4	0.000	0.419	-52.3	0	---	-52.4	-52.4	 .0971	0.000	700	1	100.0	30
09/19/20	11:00 a	85.1	85.4	84.7	100	85.1	2.0	SW	1.00	6.0	E	85.1	108.2	108.2	119.1	29.831	0.00	0.00	1044	44.90	1146	9.5	2.04	10.1	0.000	0.419	-52.3	0	---	-52.4	-52.4	 .0971	0.025	702	1	100.0	30
09/19/20	11:30 a	84.9	86.0	84.4	100	84.9	2.0	SE	1.00	8.0	SSE	84.9	107.2	107.2	117.5	29.831	0.00	0.00	1047	45.03	1060	9.9	2.12	10.0	0.000	0.415	-52.3	0	---	-52.4	-52.4	 .0971	0.000	698	1	100.0	30
09/19/20	12:00 p	86.1	86.5	84.8	100	86.1	3.0	ESE	1.50	9.0	SSE	86.1	113.9	113.9	124.5	29.831	0.00	0.00	1034	44.47	1042	9.8	2.10	9.9	0.000	0.440	-52.3	0	---	-52.4	-52.4	 .0971	0.027	702	1	100.0	30
09/19/20	12:30 p	84.9	86.3	84.3	100	84.9	3.0	ESE	1.50	9.0	SE	84.9	107.2	107.2	118.6	29.831	0.00	0.00	1020	43.87	1030	9.4	2.01	9.7	0.000	0.415	-52.3	0	---	-52.4	-52.4	 .0971	0.000	699	1	100.0	30
09/19/20	1:00 p	85.6	86.2	84.9	100	85.6	2.0	SSE	1.00	8.0	S	85.6	111.0	111.0	123.2	29.831	0.00	0.00	990	42.58	1013	8.7	1.86	9.1	0.000	0.429	-52.3	0	---	-52.4	-52.4	 .0971	0.026	699	1	100.0	30
09/19/20	1:30 p	85.7	86.2	85.0	100	85.7	2.0	ESE	1.00	9.0	SSE	85.7	111.5	111.5	124.4	29.831	0.00	0.00	952	40.94	991	7.6	1.63	8.2	0.000	0.431	-52.3	0	---	-52.4	-52.4	 .0971	0.000	699	1	100.0	30
09/19/20	2:00 p	85.4	86.2	84.3	100	85.4	2.0	SE	1.00	10.0	SE	85.4	109.8	109.8	123.0	29.831	0.00	0.00	869	37.37	1005	5.7	1.22	7.1	0.000	0.425	-52.3	0	---	-52.4	-52.4	 .0971	0.022	703	1	100.0	30
09/19/20	2:30 p	83.9	85.8	83.6	100	83.9	3.0	SE	1.50	12.0	SSE	83.9	102.7	102.7	115.2	29.831	0.00	0.00	624	26.84	983	4.0	0.86	5.8	0.000	0.394	-52.3	0	---	-52.4	-52.4	 .0971	0.000	699	1	100.0	30
09/19/20	3:00 p	84.3	85.3	83.9	100	84.3	3.0	SE	1.50	8.0	SE	84.3	104.5	104.5	118.6	29.831	0.00	0.00	694	29.85	817	3.3	0.71	4.1	0.000	0.402	-52.3	0	---	-52.4	-52.4	 .0971	0.016	701	1	100.0	30
09/19/20	3:30 p	84.5	84.9	83.8	100	84.5	3.0	SE	1.50	11.0	SSE	84.5	105.3	105.3	119.1	29.831	0.00	0.00	563	24.21	633	2.2	0.47	2.7	0.000	0.406	-52.3	0	---	-52.4	-52.4	 .0971	0.000	703	1	100.0	30
09/19/20	4:00 p	83.8	85.0	83.8	100	83.8	2.0	SE	1.00	7.0	SSE	83.8	102.3	102.3	115.9	29.831	0.00	0.00	453	19.48	601	1.3	0.28	1.8	0.000	0.392	-52.3	0	---	-52.4	-52.4	 .0971	0.013	697	1	100.0	30
09/19/20	4:30 p	82.9	83.8	82.8	100	82.9	2.0	SE	1.00	7.0	SE	82.9	98.9	98.9	104.8	29.831	0.00	0.00	150	6.45	221	0.3	0.06	0.7	0.000	0.373	-52.3	0	---	-52.4	-52.4	 .0971	0.000	699	1	100.0	30
09/19/20	5:00 p	81.9	83.0	81.7	100	81.9	0.0	NE	0.00	4.0	SSE	81.9	95.4	95.4	96.1	29.831	0.00	0.00	76	3.27	107	0.0	0.00	0.0	0.000	0.352	-52.3	0	---	-52.4	-52.4	 .0971	0.003	699	1	100.0	30
09/19/20	5:30 p	80.9	82.0	80.9	100	80.9	0.0	SSE	0.00	1.0	SSE	80.9	92.2	92.2	91.7	29.831	0.00	0.00	23	0.99	40	0.0	0.00	0.0	0.000	0.331	-52.3	0	---	-52.4	-52.4	 .0971	0.000	701	1	100.0	30
09/19/20	6:00 p	80.2	80.9	80.1	100	80.2	0.0	SSE	0.00	1.0	SSE	80.2	90.2	90.2	89.2	29.831	0.00	0.00	1	0.04	7	0.0	0.00	0.0	0.000	0.317	-52.3	0	---	-52.4	-52.4	 .0971	0.000	702	1	100.0	30
09/19/20	6:30 p	79.9	80.2	79.8	100	79.9	0.0	---	0.00	0.0	---	79.9	89.3	89.3	88.2	29.831	0.00	0.00	0	0.00	0	0.0	0.00	0.0	0.000	0.310	-52.3	0	---	-52.4	-52.4	 .0971	0.000	703	1	100.0	30
09/19/20	7:00 p	79.6	79.9	79.4	100	79.6	0.0	---	0.00	0.0	---	79.6	88.5	88.5	87.4	29.831	0.00	0.00	0	0.00	0	0.0	0.00	0.0	0.000	0.304	-52.3	0	---	-52.4	-52.4	 .0971	0.000	702	1	100.0	30
09/19/20	7:30 p	79.3	79.6	79.2	100	79.3	0.0	---	0.00	0.0	---	79.3	87.6	87.6	86.5	29.831	0.00	0.00	0	0.00	0	0.0	0.00	0.0	0.000	0.298	-52.3	0	---	-52.4	-52.4	 .0971	0.000	701	1	100.0	30
09/19/20	8:00 p	78.8	79.3	78.8	100	78.8	0.0	---	0.00	0.0	---	78.8	86.3	86.3	85.1	29.831	0.00	0.00	0	0.00	0	0.0	0.00	0.0	0.000	0.288	-52.3	0	---	-52.4	-52.4	 .0971	0.000	701	1	100.0	30
09/19/20	8:30 p	78.4	78.9	78.4	100	78.4	0.0	---	0.00	0.0	---	78.4	85.4	85.4	84.2	29.831	0.00	0.00	0	0.00	0	0.0	0.00	0.0	0.000	0.279	-52.3	0	---	-52.4	-52.4	 .0971	0.000	700	1	100.0	30
09/19/20	9:00 p	78.1	78.4	78.1	100	78.1	0.0	---	0.00	0.0	---	78.1	84.6	84.6	83.4	29.831	0.00	0.00	0	0.00	0	0.0	0.00	0.0	0.000	0.273	-52.3	0	---	-52.4	-52.4	 .0971	0.000	703	1	100.0	30
09/19/20	9:30 p	77.8	78.2	77.8	100	77.8	0.0	---	0.00	0.0	---	77.8	84.0	84.0	82.8	29.831	0.00	0.00	0	0.00	0	0.0	0.00	0.0	0.000	0.267	-52.3	0	---	-52.4	-52.4	 .0971	0.000	701	1	100.0	30
09/19/20	10:00 p	77.8	78.0	77.7	100	77.8	0.0	---	0.00	0.0	---	77.8	84.0	84.0	82.8	29.831	0.00	0.00	0	0.00	0	0.0	0.00	0.0	0.000	0.267	-52.3	0	---	-52.4	-52.4	 .0971	0.000	701	1	100.0	30
09/19/20	10:30 p	77.5	77.8	77.5	100	77.5	0.0	---	0.00	0.0	---	77.5	83.3	83.3	82.1	29.831	0.00	0.00	0	0.00	0	0.0	0.00	0.0	0.000	0.260	-52.3	0	---	-52.4	-52.4	 .0971	0.000	699	1	100.0	30
09/19/20	11:00 p	77.2	77.6	77.2	100	77.2	0.0	---	0.00	0.0	---	77.2	82.6	82.6	81.4	29.831	0.00	0.00	0	0.00	0	0.0	0.00	0.0	0.000	0.254	-52.3	0	---	-52.4	-52.4	 .0971	0.000	701	1	100.0	30
09/19/20	11:30 p	77.0	77.3	76.9	100	77.0	0.0	---	0.00	0.0	---	77.0	82.2	82.2	81.0	29.831	0.00	0.00	0	0.00	0	0.0	0.00	0.0	0.000	0.250	-52.3	0	---	-52.4	-52.4	 .0971	0.000	700	1	100.0	30
09/20/20	12:00 a	76.8	77.0	76.7	100	76.8	0.0	---	0.00	0.0	---	76.8	81.8	81.8	80.5	29.831	0.00	0.00	0	0.00	0	0.0	0.00	0.0	0.000	0.246	-52.3	0	---	-52.4	-52.4	 .0971	0.000	701	1	100.0	30
09/20/20	12:30 a	76.9	77.1	76.8	100	76.9	0.0	---	0.00	0.0	---	76.9	82.0	82.0	80.7	29.831	0.00	0.00	0	0.00	0	0.0	0.00	0.0	0.000	0.248	-52.3	0	---	-52.4	-52.4	 .0971	0.000	698	1	100.0	30
09/20/20	1:00 a	77.2	77.2	76.9	100	77.2	0.0	---	0.00	0.0	---	77.2	82.6	82.6	81.4	29.831	0.00	0.00	0	0.00	0	0.0	0.00	0.0	0.000	0.254	-52.3	0	---	-52.4	-52.4	 .0971	0.000	701	1	100.0	30
09/20/20	1:30 a	77.5	77.6	77.1	100	77.5	0.0	SSE	0.00	3.0	SSW	77.5	83.3	83.3	82.1	29.831	0.02	0.04	0	0.00	0	0.0	0.00	0.0	0.000	0.260	-52.3	0	---	-52.4	-52.4	 .0971	0.000	702	1	100.0	30
09/20/20	2:00 a	76.5	77.6	76.5	100	76.5	1.0	SW	0.50	4.0	WSW	76.5	81.3	81.3	80.0	29.831	0.39	3.37	0	0.00	0	0.0	0.00	0.0	0.000	0.240	-52.3	0	---	-52.4	-52.4	 .0971	0.000	700	1	100.0	30
09/20/20	2:30 a	76.5	76.7	76.4	100	76.5	0.0	SW	0.00	4.0	WSW	76.5	81.3	81.3	80.0	29.831	0.06	0.49	0	0.00	0	0.0	0.00	0.0	0.000	0.240	-52.3	0	---	-52.4	-52.4	 .0971	0.000	698	1	100.0	30
09/20/20	3:00 a	76.6	76.6	76.4	100	76.6	0.0	---	0.00	0.0	---	76.6	81.4	81.4	80.1	29.831	0.01	0.09	0	0.00	0	0.0	0.00	0.0	0.000	0.242	-52.3	0	---	-52.4	-52.4	 .0971	0.000	700	1	100.0	30
09/20/20	3:30 a	76.4	76.7	76.4	100	76.4	0.0	SW	0.00	2.0	SW	76.4	81.1	81.1	79.8	29.831	0.01	0.00	0	0.00	0	0.0	0.00	0.0	0.000	0.238	-52.3	0	---	-52.4	-52.4	 .0971	0.000	701	1	100.0	30
09/20/20	4:00 a	76.3	76.6	76.3	100	76.3	0.0	SW	0.00	1.0	SW	76.3	80.9	80.9	79.6	29.831	0.01	0.05	0	0.00	0	0.0	0.00	0.0	0.000	0.235	-52.3	0	---	-52.4	-52.4	 .0971	0.000	701	1	100.0	30
09/20/20	4:30 a	76.2	76.3	76.1	100	76.2	0.0	---	0.00	0.0	---	76.2	80.7	80.7	79.4	29.831	0.00	0.00	0	0.00	0	0.0	0.00	0.0	0.000	0.233	-52.3	0	---	-52.4	-52.4	 .0971	0.000	701	1	100.0	30
09/20/20	5:00 a	76.2	76.3	76.0	100	76.2	0.0	---	0.00	0.0	---	76.2	80.7	80.7	79.4	29.831	0.00	0.00	0	0.00	0	0.0	0.00	0.0	0.000	0.233	-52.3	0	---	-52.4	-52.4	 .0971	0.000	696	1	100.0	30
09/20/20	5:30 a	76.3	76.3	76.1	100	76.3	0.0	SW	0.00	1.0	SW	76.3	80.9	80.9	79.6	29.831	0.00	0.00	1	0.04	12	0.0	0.00	0.0	0.000	0.235	-52.3	0	---	-52.4	-52.4	 .0971	0.000	699	1	100.0	30
09/20/20	6:00 a	76.2	76.5	76.2	100	76.2	0.0	---	0.00	0.0	---	76.2	80.7	80.7	80.1	29.831	0.00	0.00	33	1.42	46	0.0	0.00	0.0	0.000	0.233	-52.3	0	---	-52.4	-52.4	 .0971	0.000	701	1	100.0	30
09/20/20	6:30 a	76.2	76.4	76.1	100	76.2	0.0	---	0.00	0.0	---	76.2	80.7	80.7	82.0	29.831	0.00	0.00	42	1.81	47	0.0	0.00	0.0	0.000	0.233	-52.3	0	---	-52.4	-52.4	 .0971	0.000	701	1	100.0	30
09/20/20	7:00 a	76.5	76.5	76.2	100	76.5	0.0	SW	0.00	1.0	SW	76.5	81.3	81.3	82.3	29.831	0.00	0.00	43	1.85	49	0.0	0.00	0.0	0.000	0.240	-52.3	0	---	-52.4	-52.4	 .0971	0.001	700	1	100.0	30
09/20/20	7:30 a	77.7	77.7	76.5	100	77.7	0.0	SW	0.00	1.0	SW	77.7	83.7	83.7	85.4	29.831	0.00	0.00	71	3.05	151	0.5	0.11	1.1	0.000	0.265	-52.3	0	---	-52.4	-52.4	 .0971	0.000	702	1	100.0	30
09/20/20	8:00 a	78.5	78.9	77.7	100	78.5	0.0	SW	0.00	2.0	SSW	78.5	85.6	85.6	90.9	29.831	0.00	0.00	198	8.52	258	1.7	0.36	2.3	0.000	0.281	-52.3	0	---	-52.4	-52.4	 .0971	0.003	701	1	100.0	30
09/20/20	8:30 a	80.9	80.9	78.6	100	80.9	1.0	S	0.50	3.0	S	80.9	92.2	92.2	98.9	29.831	0.00	0.00	274	11.78	332	2.8	0.60	4.1	0.000	0.331	-52.3	0	---	-52.4	-52.4	 .0971	0.000	700	1	100.0	30
09/20/20	9:00 a	81.3	82.5	80.5	100	81.3	1.0	SSW	0.50	5.0	SSW	81.3	93.5	93.5	100.0	29.831	0.00	0.00	281	12.08	378	4.0	0.86	5.1	0.000	0.340	-52.3	0	---	-52.4	-52.4	 .0971	0.007	699	1	100.0	30
09/20/20	9:30 a	81.4	81.4	80.5	100	81.4	1.0	SSW	0.50	4.0	S	81.4	93.8	93.8	98.6	29.831	0.00	0.00	217	9.33	636	2.3	0.49	5.5	0.000	0.342	-52.3	0	---	-52.4	-52.4	 .0971	0.000	700	1	100.0	30
09/20/20	10:00 a	81.8	83.0	81.4	100	81.8	1.0	SW	0.50	4.0	S	81.8	95.1	95.1	102.9	29.831	0.00	0.00	361	15.53	617	3.9	0.84	5.9	0.000	0.350	-52.3	0	---	-52.4	-52.4	 .0971	0.008	700	1	100.0	30
09/20/20	10:30 a	81.1	81.8	80.7	100	81.1	1.0	WSW	0.50	4.0	SW	81.1	92.8	92.8	96.2	29.831	0.00	0.00	164	7.05	223	2.0	0.43	2.4	0.000	0.335	-52.3	0	---	-52.4	-52.4	 .0971	0.000	697	1	100.0	30
09/20/20	11:00 a	82.0	82.2	80.6	100	82.0	1.0	SSE	0.50	4.0	SSE	82.0	95.7	95.7	103.2	29.831	0.00	0.00	336	14.45	635	4.1	0.88	8.8	0.000	0.354	-52.3	0	---	-52.4	-52.4	 .0971	0.007	700	1	100.0	30
09/20/20	11:30 a	82.0	82.8	81.7	100	82.0	1.0	ESE	0.50	4.0	ESE	82.0	95.7	95.7	103.5	29.831	0.00	0.00	343	14.75	482	5.0	1.07	8.2	0.000	0.354	-52.3	0	---	-52.4	-52.4	 .0971	0.000	700	1	100.0	30
09/20/20	12:00 p	84.5	85.2	81.6	100	84.5	2.0	SSW	1.00	7.0	W	84.5	105.3	105.3	115.6	29.831	0.00	0.00	1015	43.65	1325	9.4	2.01	11.1	0.000	0.406	-52.3	0	---	-52.4	-52.4	 .0971	0.018	702	1	100.0	30
09/20/20	12:30 p	85.3	86.4	84.6	100	85.3	2.0	SSW	1.00	5.0	S	85.3	109.3	109.3	122.1	29.831	0.00	0.00	1133	48.73	1257	9.2	1.97	11.0	0.000	0.423	-52.3	0	---	-52.4	-52.4	 .0971	0.000	700	1	100.0	30
09/20/20	1:00 p	82.5	85.4	82.5	100	82.5	2.0	SE	1.00	8.0	SE	82.5	97.4	97.4	109.0	29.831	0.00	0.00	603	25.93	889	6.0	1.29	8.7	0.000	0.365	-52.3	0	---	-52.4	-52.4	 .0971	0.021	698	1	100.0	30
09/20/20	1:30 p	84.6	84.6	82.5	100	84.6	3.0	SE	1.50	10.0	SSE	84.6	105.8	105.8	117.8	29.831	0.00	0.00	895	38.49	947	7.0	1.50	7.5	0.000	0.408	-52.3	0	---	-52.4	-52.4	 .0971	0.000	699	1	100.0	30
09/20/20	2:00 p	84.1	84.6	83.8	100	84.1	3.0	S	1.50	8.0	SSE	84.1	103.5	103.5	115.7	29.831	0.00	0.00	815	35.05	923	5.8	1.24	6.7	0.000	0.398	-52.3	0	---	-52.4	-52.4	 .0971	0.022	699	1	100.0	30
09/20/20	2:30 p	83.8	84.8	83.7	100	83.8	2.0	S	1.00	6.0	ESE	83.8	102.3	102.3	114.9	29.831	0.00	0.00	681	29.29	849	4.2	0.90	5.3	0.000	0.392	-52.3	0	---	-52.4	-52.4	 .0971	0.000	701	1	100.0	30
09/20/20	3:00 p	82.9	83.8	82.5	100	82.9	1.0	SE	0.50	5.0	SE	82.9	98.9	98.9	107.8	29.831	0.00	0.00	344	14.79	450	2.2	0.47	2.5	0.000	0.373	-52.3	0	---	-52.4	-52.4	 .0971	0.013	699	1	100.0	30
09/20/20	3:30 p	82.3	83.0	82.2	100	82.3	1.0	S	0.50	4.0	SE	82.3	96.8	96.8	104.6	29.831	0.00	0.00	264	11.35	330	1.4	0.30	1.7	0.000	0.360	-52.3	0	---	-52.4	-52.4	 .0971	0.000	701	1	100.0	30
09/20/20	4:00 p	81.8	82.7	81.4	100	81.8	0.0	S	0.00	3.0	S	81.8	95.1	95.1	100.3	29.831	0.00	0.00	151	6.49	199	0.7	0.15	1.1	0.000	0.350	-52.3	0	---	-52.4	-52.4	 .0971	0.005	700	1	100.0	30
09/20/20	4:30 p	80.7	81.9	80.7	100	80.7	1.0	E	0.50	3.0	ESE	80.7	91.6	91.6	93.4	29.831	0.00	0.00	53	2.28	107	0.0	0.00	0.0	0.000	0.327	-52.3	0	---	-52.4	-52.4	 .0971	0.000	702	1	100.0	30
09/20/20	5:00 p	80.3	80.9	80.3	100	80.3	1.0	SE	0.50	3.0	ESE	80.3	90.5	90.5	90.3	29.831	0.00	0.00	29	1.25	44	0.0	0.00	0.0	0.000	0.319	-52.3	0	---	-52.4	-52.4	 .0971	0.001	699	1	100.0	30
09/20/20	5:30 p	79.9	80.5	79.7	100	79.9	1.0	SSE	0.50	5.0	SSE	79.9	89.3	89.3	88.4	29.831	0.00	0.00	4	0.17	12	0.0	0.00	0.0	0.000	0.310	-52.3	0	---	-52.4	-52.4	 .0971	0.000	702	1	100.0	30
09/20/20	6:00 p	79.2	80.0	79.0	100	79.2	0.0	SSE	0.00	1.0	SSE	79.2	87.4	87.4	86.5	29.831	0.00	0.00	0	0.00	0	0.0	0.00	0.0	0.000	0.296	-52.3	0	---	-52.4	-52.4	 .0971	0.000	696	1	100.0	30
09/20/20	6:30 p	79.3	79.4	78.9	100	79.3	0.0	SSE	0.00	1.0	SSE	79.3	87.6	87.6	86.7	29.831	0.00	0.00	0	0.00	0	0.0	0.00	0.0	0.000	0.298	-52.3	0	---	-52.4	-52.4	 .0971	0.000	697	1	100.0	30
09/20/20	7:00 p	78.8	79.3	78.6	100	78.8	0.0	SSE	0.00	1.0	SSE	78.8	86.3	86.3	85.3	29.831	0.00	0.00	0	0.00	0	0.0	0.00	0.0	0.000	0.288	-52.3	0	---	-52.4	-52.4	 .0971	0.000	699	1	100.0	30
09/20/20	7:30 p	78.2	78.9	78.1	100	78.2	0.0	SSE	0.00	1.0	SSE	78.2	84.9	84.9	83.9	29.831	0.00	0.00	0	0.00	0	0.0	0.00	0.0	0.000	0.275	-52.3	0	---	-52.4	-52.4	 .0971	0.000	699	1	100.0	30
09/20/20	8:00 p	77.4	78.2	77.3	100	77.4	0.0	SSE	0.00	2.0	SW	77.4	83.1	83.1	82.0	29.831	0.00	0.00	0	0.00	0	0.0	0.00	0.0	0.000	0.258	-52.3	0	---	-52.4	-52.4	 .0971	0.000	697	1	100.0	30
09/20/20	8:30 p	77.0	77.6	77.0	100	77.0	0.0	NNW	0.00	3.0	WNW	77.0	82.2	82.2	81.1	29.831	0.00	0.00	0	0.00	0	0.0	0.00	0.0	0.000	0.250	-52.3	0	---	-52.4	-52.4	 .0971	0.000	698	1	100.0	30
09/20/20	9:00 p	76.8	77.1	76.6	100	76.8	1.0	N	0.50	4.0	NE	76.8	81.8	81.8	80.7	29.831	0.01	0.00	0	0.00	0	0.0	0.00	0.0	0.000	0.246	-52.3	0	---	-52.4	-52.4	 .0971	0.000	701	1	100.0	30
09/20/20	9:30 p	76.5	76.8	76.5	100	76.5	0.0	NW	0.00	1.0	NW	76.5	81.3	81.3	80.2	29.831	0.00	0.00	0	0.00	0	0.0	0.00	0.0	0.000	0.240	-52.3	0	---	-52.4	-52.4	 .0971	0.000	700	1	100.0	30
09/20/20	10:00 p	76.4	76.8	76.3	100	76.4	0.0	---	0.00	0.0	---	76.4	81.1	81.1	80.0	29.831	0.00	0.00	0	0.00	0	0.0	0.00	0.0	0.000	0.238	-52.3	0	---	-52.4	-52.4	 .0971	0.000	702	1	100.0	30
09/20/20	10:30 p	75.9	76.4	75.9	100	75.9	0.0	---	0.00	0.0	---	75.9	80.2	80.2	79.0	29.831	0.00	0.00	0	0.00	0	0.0	0.00	0.0	0.000	0.227	-52.3	0	---	-52.4	-52.4	 .0971	0.000	702	1	100.0	30
09/20/20	11:00 p	75.8	76.0	75.8	100	75.8	0.0	---	0.00	0.0	---	75.8	80.0	80.0	78.8	29.831	0.00	0.00	0	0.00	0	0.0	0.00	0.0	0.000	0.225	-52.3	0	---	-52.4	-52.4	 .0971	0.000	699	1	100.0	30
09/20/20	11:30 p	75.7	75.8	75.6	100	75.7	0.0	---	0.00	0.0	---	75.7	79.8	79.8	78.6	29.831	0.00	0.00	0	0.00	0	0.0	0.00	0.0	0.000	0.223	-52.3	0	---	-52.4	-52.4	 .0971	0.000	701	1	100.0	30
09/21/20	12:00 a	75.7	75.8	75.6	100	75.7	0.0	NW	0.00	1.0	NW	75.7	79.8	79.8	78.6	29.831	0.00	0.00	0	0.00	0	0.0	0.00	0.0	0.000	0.223	-52.3	0	---	-52.4	-52.4	 .0971	0.000	703	1	100.0	30
09/21/20	12:30 a	75.9	76.0	75.7	100	75.9	0.0	---	0.00	0.0	---	75.9	80.2	80.2	79.0	29.831	0.00	0.00	0	0.00	0	0.0	0.00	0.0	0.000	0.227	-52.3	0	---	-52.4	-52.4	 .0971	0.000	701	1	100.0	30
09/21/20	1:00 a	75.7	76.0	75.7	100	75.7	0.0	---	0.00	0.0	---	75.7	79.8	79.8	78.6	29.831	0.00	0.00	0	0.00	0	0.0	0.00	0.0	0.000	0.223	-52.3	0	---	-52.4	-52.4	 .0971	0.000	701	1	100.0	30
09/21/20	1:30 a	75.7	75.8	75.6	100	75.7	0.0	---	0.00	0.0	---	75.7	79.8	79.8	78.6	29.831	0.00	0.00	0	0.00	0	0.0	0.00	0.0	0.000	0.223	-52.3	0	---	-52.4	-52.4	 .0971	0.000	700	1	100.0	30
09/21/20	2:00 a	75.8	75.9	75.6	100	75.8	0.0	NW	0.00	1.0	NW	75.8	80.0	80.0	78.8	29.831	0.01	0.00	0	0.00	0	0.0	0.00	0.0	0.000	0.225	-52.3	0	---	-52.4	-52.4	 .0971	0.000	702	1	100.0	30
09/21/20	2:30 a	75.9	76.0	75.8	100	75.9	0.0	NW	0.00	1.0	NW	75.9	80.2	80.2	79.0	29.831	0.00	0.00	0	0.00	0	0.0	0.00	0.0	0.000	0.227	-52.3	0	---	-52.4	-52.4	 .0971	0.000	700	1	100.0	30
09/21/20	3:00 a	76.0	76.1	75.9	100	76.0	0.0	NW	0.00	1.0	NW	76.0	80.3	80.3	79.2	29.831	0.00	0.00	0	0.00	0	0.0	0.00	0.0	0.000	0.229	-52.3	0	---	-52.4	-52.4	 .0971	0.000	702	1	100.0	30
09/21/20	3:30 a	75.6	76.1	75.6	100	75.6	0.0	---	0.00	0.0	---	75.6	79.7	79.7	78.5	29.831	0.00	0.00	0	0.00	0	0.0	0.00	0.0	0.000	0.221	-52.3	0	---	-52.4	-52.4	 .0971	0.000	702	1	100.0	30
09/21/20	4:00 a	75.5	75.6	75.4	100	75.5	0.0	---	0.00	0.0	---	75.5	79.6	79.6	78.4	29.831	0.00	0.00	0	0.00	0	0.0	0.00	0.0	0.000	0.219	-52.3	0	---	-52.4	-52.4	 .0971	0.000	700	1	100.0	30
09/21/20	4:30 a	75.4	75.6	75.3	100	75.4	0.0	---	0.00	0.0	---	75.4	79.4	79.4	78.2	29.831	0.00	0.00	0	0.00	0	0.0	0.00	0.0	0.000	0.217	-52.3	0	---	-52.4	-52.4	 .0971	0.000	702	1	100.0	30
09/21/20	5:00 a	75.5	75.5	75.3	100	75.5	0.0	---	0.00	0.0	---	75.5	79.6	79.6	78.4	29.831	0.00	0.00	0	0.00	0	0.0	0.00	0.0	0.000	0.219	-52.3	0	---	-52.4	-52.4	 .0971	0.000	700	1	100.0	30
09/21/20	5:30 a	75.5	75.8	75.4	100	75.5	0.0	---	0.00	0.0	---	75.5	79.6	79.6	78.5	29.831	0.00	0.00	1	0.04	7	0.0	0.00	0.0	0.000	0.219	-51.1	0	---	-51.2	-51.2	 .0968	0.000	699	1	100.0	30
09/21/20	6:00 a	75.6	75.6	75.4	100	75.6	0.0	---	0.00	0.0	---	75.6	79.7	79.7	79.0	29.831	0.00	0.00	19	0.82	35	0.0	0.00	0.0	0.000	0.221	-51.1	0	---	-51.2	-51.2	 .0968	0.000	698	1	100.0	30
09/21/20	6:30 a	76.2	76.2	75.6	100	76.2	0.0	---	0.00	0.0	---	76.2	80.7	80.7	81.9	29.831	0.00	0.00	41	1.76	44	0.0	0.00	0.0	0.000	0.233	-51.1	0	---	-51.2	-51.2	 .0968	0.000	701	1	100.0	30
09/21/20	7:00 a	76.7	76.8	76.2	100	76.7	0.0	---	0.00	0.0	---	76.7	81.6	81.6	82.4	29.831	0.00	0.00	39	1.68	44	0.0	0.00	0.0	0.000	0.244	-52.3	0	---	-52.4	-52.4	 .0971	0.001	702	1	100.0	30
09/21/20	7:30 a	78.2	78.2	76.7	100	78.2	0.0	NW	0.00	2.0	NW	78.2	84.9	84.9	86.6	29.831	0.00	0.00	69	2.97	118	0.4	0.09	1.2	0.000	0.275	-52.3	0	---	-52.4	-52.4	 .0971	0.000	700	1	100.0	30
09/21/20	8:00 a	78.8	79.0	77.8	100	78.8	1.0	S	0.50	5.0	S	78.8	86.3	86.3	90.8	29.831	0.00	0.00	172	7.40	234	1.5	0.32	1.8	0.000	0.288	-52.3	0	---	-52.4	-52.4	 .0971	0.003	702	1	100.0	30
09/21/20	8:30 a	79.6	79.6	78.6	100	79.6	0.0	SW	0.00	3.0	S	79.6	88.5	88.5	92.5	29.831	0.00	0.00	167	7.18	200	1.8	0.39	2.0	0.000	0.304	-52.3	0	---	-52.4	-52.4	 .0971	0.000	700	1	100.0	30
09/21/20	9:00 a	81.6	81.9	79.4	100	81.6	1.0	SW	0.50	4.0	SW	81.6	94.4	94.4	101.5	29.831	0.00	0.00	313	13.46	504	3.4	0.73	5.3	0.000	0.346	-52.3	0	---	-52.4	-52.4	 .0971	0.006	703	1	100.0	30
09/21/20	9:30 a	83.1	83.4	81.5	100	83.1	2.0	S	1.00	6.0	SSW	83.1	99.6	99.6	112.5	29.831	0.00	0.00	764	32.86	953	6.1	1.31	7.5	0.000	0.377	-52.3	0	---	-52.4	-52.4	 .0971	0.000	702	1	100.0	30
09/21/20	10:00 a	82.0	84.6	81.6	100	82.0	2.0	SE	1.00	7.0	ESE	82.0	95.7	95.7	106.0	29.831	0.00	0.00	506	21.76	863	5.7	1.22	7.6	0.000	0.354	-52.3	0	---	-52.4	-52.4	 .0971	0.016	703	1	100.0	30
09/21/20	10:30 a	82.5	83.1	81.9	100	82.5	1.0	SE	0.50	6.0	SSE	82.5	97.4	97.4	106.6	29.831	0.00	0.00	432	18.58	631	5.5	1.18	9.1	0.000	0.365	-52.3	0	---	-52.4	-52.4	 .0971	0.000	701	1	100.0	30
09/21/20	11:00 a	83.0	83.9	82.2	100	83.0	2.0	S	1.00	9.0	SSE	83.0	99.2	99.2	112.2	29.831	0.00	0.00	730	31.39	1359	7.5	1.61	11.0	0.000	0.375	-52.3	0	---	-52.4	-52.4	 .0971	0.016	702	1	100.0	30
09/21/20	11:30 a	82.4	83.6	82.3	100	82.4	2.0	SE	1.00	6.0	SSE	82.4	97.1	97.1	106.5	29.831	0.00	0.00	431	18.54	773	5.6	1.20	10.9	0.000	0.363	-52.3	0	---	-52.4	-52.4	 .0971	0.000	699	1	100.0	30
09/21/20	12:00 p	83.8	83.8	82.1	100	83.8	1.0	S	0.50	6.0	W	83.8	102.3	102.3	112.3	29.831	0.00	0.00	467	20.08	782	6.2	1.33	11.6	0.000	0.392	-52.3	0	---	-52.4	-52.4	 .0971	0.014	703	1	100.0	30
09/21/20	12:30 p	84.3	84.3	83.0	100	84.3	2.0	S	1.00	6.0	ESE	84.3	104.5	104.5	117.3	29.831	0.00	0.00	934	40.17	1151	8.2	1.76	10.8	0.000	0.402	-52.3	0	---	-52.4	-52.4	 .0971	0.000	701	1	100.0	30
09/21/20	1:00 p	85.0	85.8	84.1	100	85.0	2.0	SSW	1.00	6.0	ESE	85.0	107.6	107.6	119.3	29.831	0.00	0.00	955	41.07	998	8.4	1.80	9.0	0.000	0.417	-52.3	0	---	-52.4	-52.4	 .0971	0.024	701	1	100.0	30
09/21/20	1:30 p	85.1	85.6	84.6	100	85.1	1.0	S	0.50	5.0	S	85.1	108.2	108.2	120.2	29.831	0.00	0.00	890	38.27	921	7.3	1.56	7.9	0.000	0.419	-52.3	0	---	-52.4	-52.4	 .0971	0.000	699	1	100.0	30
09/21/20	2:00 p	84.7	85.8	84.5	100	84.7	2.0	SSW	1.00	5.0	SW	84.7	106.2	106.2	119.5	29.831	0.00	0.00	883	37.97	925	6.3	1.35	6.7	0.000	0.410	-52.3	0	---	-52.4	-52.4	 .0971	0.023	700	1	100.0	30
09/21/20	2:30 p	83.9	85.5	83.6	100	83.9	2.0	SW	1.00	7.0	S	83.9	102.7	102.7	115.2	29.831	0.00	0.00	733	31.52	918	4.5	0.96	5.8	0.000	0.394	-52.3	0	---	-52.4	-52.4	 .0971	0.000	699	1	100.0	30
09/21/20	3:00 p	82.7	83.9	82.5	100	82.7	1.0	SSW	0.50	5.0	S	82.7	98.1	98.1	105.4	29.831	0.00	0.00	275	11.83	392	2.0	0.43	2.8	0.000	0.369	-52.3	0	---	-52.4	-52.4	 .0971	0.012	701	1	100.0	30
09/21/20	3:30 p	82.8	83.1	82.5	100	82.8	2.0	S	1.00	7.0	WSW	82.8	98.5	98.5	106.6	29.831	0.00	0.00	274	11.78	371	1.3	0.28	1.7	0.000	0.371	-52.3	0	---	-52.4	-52.4	 .0971	0.000	701	1	100.0	30
09/21/20	4:00 p	82.2	83.0	81.9	100	82.2	1.0	SW	0.50	4.0	S	82.2	96.4	96.4	101.7	29.831	0.00	0.00	152	6.54	253	0.7	0.15	0.9	0.000	0.358	-52.3	0	---	-52.4	-52.4	 .0971	0.005	702	1	100.0	30
09/21/20	4:30 p	81.0	82.3	81.0	100	81.0	0.0	ESE	0.00	2.0	SW	81.0	92.5	92.5	93.7	29.831	0.00	0.00	39	1.68	114	0.0	0.00	0.0	0.000	0.333	-52.3	0	---	-52.4	-52.4	 .0971	0.000	703	1	100.0	30
09/21/20	5:00 p	80.9	81.2	80.5	100	80.9	0.0	SE	0.00	3.0	SE	80.9	92.2	92.2	92.3	29.831	0.00	0.00	42	1.81	58	0.0	0.00	0.0	0.000	0.331	-52.3	0	---	-52.4	-52.4	 .0971	0.001	701	1	100.0	30
09/21/20	5:30 p	80.1	80.9	80.1	100	80.1	0.0	SW	0.00	1.0	SW	80.1	89.9	89.9	89.3	29.831	0.00	0.00	11	0.47	26	0.0	0.00	0.0	0.000	0.315	-52.3	0	---	-52.4	-52.4	 .0971	0.000	701	1	100.0	30
09/21/20	6:00 p	79.7	80.2	79.7	100	79.7	0.0	SW	0.00	1.0	SW	79.7	88.8	88.8	87.9	29.831	0.00	0.00	0	0.00	0	0.0	0.00	0.0	0.000	0.306	-52.3	0	---	-52.4	-52.4	 .0971	0.000	699	1	100.0	30
09/21/20	6:30 p	79.6	79.8	79.6	100	79.6	0.0	SW	0.00	1.0	SW	79.6	88.5	88.5	87.6	29.831	0.00	0.00	0	0.00	0	0.0	0.00	0.0	0.000	0.304	-52.3	0	---	-52.4	-52.4	 .0971	0.000	699	1	100.0	30
09/21/20	7:00 p	79.3	79.6	79.3	100	79.3	0.0	SW	0.00	1.0	SW	79.3	87.6	87.6	86.7	29.831	0.00	0.00	0	0.00	0	0.0	0.00	0.0	0.000	0.298	-52.3	0	---	-52.4	-52.4	 .0971	0.000	700	1	100.0	30
09/21/20	7:30 p	79.2	79.3	79.0	100	79.2	0.0	SW	0.00	1.0	SW	79.2	87.4	87.4	86.5	29.831	0.00	0.00	0	0.00	0	0.0	0.00	0.0	0.000	0.296	-52.3	0	---	-52.4	-52.4	 .0971	0.000	701	1	100.0	30
09/21/20	8:00 p	78.8	79.3	78.7	100	78.8	0.0	---	0.00	0.0	---	78.8	86.3	86.3	85.3	29.831	0.00	0.00	0	0.00	0	0.0	0.00	0.0	0.000	0.288	-52.3	0	---	-52.4	-52.4	 .0971	0.000	702	1	100.0	30
09/21/20	8:30 p	78.6	78.9	78.5	100	78.6	0.0	---	0.00	0.0	---	78.6	85.8	85.8	84.8	29.831	0.01	0.00	0	0.00	0	0.0	0.00	0.0	0.000	0.283	-52.3	0	---	-52.4	-52.4	 .0971	0.000	701	1	100.0	30
09/21/20	9:00 p	77.9	78.6	77.9	100	77.9	0.0	---	0.00	0.0	---	77.9	84.2	84.2	83.2	29.831	0.00	0.00	0	0.00	0	0.0	0.00	0.0	0.000	0.269	-52.3	0	---	-52.4	-52.4	 .0971	0.000	700	1	100.0	30
09/21/20	9:30 p	77.6	78.0	77.6	100	77.6	0.0	---	0.00	0.0	---	77.6	83.5	83.5	82.5	29.831	0.00	0.00	0	0.00	0	0.0	0.00	0.0	0.000	0.262	-52.3	0	---	-52.4	-52.4	 .0971	0.000	697	1	100.0	30
09/21/20	10:00 p	77.4	77.7	77.3	100	77.4	0.0	SW	0.00	1.0	SW	77.4	83.1	83.1	82.1	29.831	0.01	0.00	0	0.00	0	0.0	0.00	0.0	0.000	0.258	-52.3	0	---	-52.4	-52.4	 .0971	0.000	702	1	100.0	30
09/21/20	10:30 p	77.4	77.5	77.3	100	77.4	0.0	SW	0.00	3.0	WSW	77.4	83.1	83.1	82.1	29.831	0.00	0.00	0	0.00	0	0.0	0.00	0.0	0.000	0.258	-52.3	0	---	-52.4	-52.4	 .0971	0.000	699	1	100.0	30
09/21/20	11:00 p	77.4	77.5	77.3	100	77.4	1.0	NW	0.50	4.0	NE	77.4	83.1	83.1	82.1	29.831	0.00	0.00	0	0.00	0	0.0	0.00	0.0	0.000	0.258	-52.3	0	---	-52.4	-52.4	 .0971	0.000	700	1	100.0	30
09/21/20	11:30 p	77.4	77.5	77.3	100	77.4	0.0	NE	0.00	1.0	NE	77.4	83.1	83.1	82.1	29.831	0.00	0.00	0	0.00	0	0.0	0.00	0.0	0.000	0.258	-52.3	0	---	-52.4	-52.4	 .0971	0.000	701	1	100.0	30
09/22/20	12:00 a	77.1	77.5	77.1	100	77.1	0.0	---	0.00	0.0	---	77.1	82.4	82.4	81.4	29.831	0.00	0.00	0	0.00	0	0.0	0.00	0.0	0.000	0.252	-52.3	0	---	-52.4	-52.4	 .0971	0.000	703	1	100.0	30
09/22/20	12:30 a	76.7	77.0	76.6	100	76.7	0.0	NE	0.00	1.0	NE	76.7	81.6	81.6	80.5	29.831	0.00	0.00	0	0.00	0	0.0	0.00	0.0	0.000	0.244	-52.3	0	---	-52.4	-52.4	 .0971	0.000	700	1	100.0	30
09/22/20	1:00 a	76.9	77.0	76.7	100	76.9	0.0	NE	0.00	1.0	NE	76.9	82.0	82.0	80.9	29.831	0.01	0.00	0	0.00	0	0.0	0.00	0.0	0.000	0.248	-52.3	0	---	-52.4	-52.4	 .0971	0.000	702	1	100.0	30
09/22/20	1:30 a	76.8	77.1	76.8	100	76.8	0.0	---	0.00	0.0	---	76.8	81.8	81.8	80.7	29.831	0.00	0.00	0	0.00	0	0.0	0.00	0.0	0.000	0.246	-52.3	0	---	-52.4	-52.4	 .0971	0.000	699	1	100.0	30
09/22/20	2:00 a	76.8	76.9	76.6	100	76.8	0.0	NE	0.00	2.0	NE	76.8	81.8	81.8	80.7	29.831	0.00	0.00	0	0.00	0	0.0	0.00	0.0	0.000	0.246	-52.3	0	---	-52.4	-52.4	 .0971	0.000	697	1	100.0	30
09/22/20	2:30 a	76.8	76.9	76.7	100	76.8	0.0	NNW	0.00	2.0	NNW	76.8	81.8	81.8	80.7	29.831	0.00	0.00	0	0.00	0	0.0	0.00	0.0	0.000	0.246	-52.3	0	---	-52.4	-52.4	 .0971	0.000	702	1	100.0	30
09/22/20	3:00 a	76.9	77.0	76.7	100	76.9	0.0	---	0.00	0.0	---	76.9	82.0	82.0	80.9	29.831	0.00	0.00	0	0.00	0	0.0	0.00	0.0	0.000	0.248	-52.3	0	---	-52.4	-52.4	 .0971	0.000	699	1	100.0	30
09/22/20	3:30 a	76.7	76.9	76.6	100	76.7	0.0	NNW	0.00	2.0	NNW	76.7	81.6	81.6	80.5	29.831	0.00	0.00	0	0.00	0	0.0	0.00	0.0	0.000	0.244	-52.3	0	---	-52.4	-52.4	 .0971	0.000	702	1	100.0	30
09/22/20	4:00 a	76.8	76.8	76.7	100	76.8	0.0	NNW	0.00	2.0	NNW	76.8	81.8	81.8	80.7	29.831	0.00	0.00	0	0.00	0	0.0	0.00	0.0	0.000	0.246	-52.3	0	---	-52.4	-52.4	 .0971	0.000	700	1	100.0	30
09/22/20	4:30 a	76.9	76.9	76.6	100	76.9	1.0	NNW	0.50	2.0	NNW	76.9	82.0	82.0	80.9	29.831	0.00	0.00	0	0.00	0	0.0	0.00	0.0	0.000	0.248	-52.3	0	---	-52.4	-52.4	 .0971	0.000	702	1	100.0	30
09/22/20	5:00 a	76.9	77.0	76.8	100	76.9	1.0	NNW	0.50	3.0	ESE	76.9	82.0	82.0	80.9	29.831	0.02	0.04	0	0.00	0	0.0	0.00	0.0	0.000	0.248	-52.3	0	---	-52.4	-52.4	 .0971	0.000	699	1	100.0	30
09/22/20	5:30 a	76.9	77.1	76.9	100	76.9	0.0	SE	0.00	1.0	SE	76.9	82.0	82.0	80.9	29.831	0.04	0.10	0	0.00	0	0.0	0.00	0.0	0.000	0.248	-52.3	0	---	-52.4	-52.4	 .0971	0.000	701	1	100.0	30
09/22/20	6:00 a	76.9	77.1	76.8	100	76.9	0.0	SE	0.00	1.0	SE	76.9	82.0	82.0	81.0	29.831	0.01	0.16	5	0.22	14	0.0	0.00	0.0	0.000	0.248	-52.3	0	---	-52.4	-52.4	 .0971	0.000	699	1	100.0	30
09/22/20	6:30 a	77.1	77.3	76.9	100	77.1	0.0	---	0.00	0.0	---	77.1	82.4	82.4	83.3	29.831	0.01	0.00	34	1.46	54	0.0	0.00	0.0	0.000	0.252	-52.3	0	---	-52.4	-52.4	 .0971	0.000	699	1	100.0	30
09/22/20	7:00 a	77.9	77.9	77.1	100	77.9	0.0	---	0.00	0.0	---	77.9	84.2	84.2	86.0	29.831	0.00	0.00	63	2.71	79	0.0	0.00	0.0	0.000	0.269	-52.3	0	---	-52.4	-52.4	 .0971	0.001	700	1	100.0	30
09/22/20	7:30 a	78.2	78.3	77.6	100	78.2	0.0	SE	0.00	1.0	SE	78.2	84.9	84.9	87.2	29.831	0.00	0.00	86	3.70	146	0.3	0.06	0.8	0.000	0.275	-52.3	0	---	-52.4	-52.4	 .0971	0.000	694	1	100.0	30
09/22/20	8:00 a	78.0	78.8	77.8	100	78.0	0.0	SSE	0.00	3.0	S	78.0	84.4	84.4	87.6	29.831	0.00	0.00	126	5.42	171	0.8	0.17	1.0	0.000	0.271	-52.3	0	---	-52.4	-52.4	 .0971	0.003	700	1	100.0	30
09/22/20	8:30 a	78.2	78.4	77.7	100	78.2	0.0	SSE	0.00	2.0	SSE	78.2	84.9	84.9	87.9	29.831	0.00	0.00	135	5.81	163	1.0	0.21	1.3	0.000	0.275	-52.3	0	---	-52.4	-52.4	 .0971	0.000	701	1	100.0	30
09/22/20	9:00 a	78.3	78.9	78.0	100	78.3	0.0	SSE	0.00	2.0	SSE	78.3	85.1	85.1	88.4	29.831	0.00	0.00	156	6.71	181	1.3	0.28	1.4	0.000	0.277	-52.3	0	---	-52.4	-52.4	 .0971	0.004	698	1	100.0	30
09/22/20	9:30 a	78.4	78.9	78.1	100	78.4	0.0	SSE	0.00	3.0	SE	78.4	85.4	85.4	86.9	29.831	0.00	0.00	89	3.83	120	0.8	0.17	1.1	0.000	0.279	-52.3	0	---	-52.4	-52.4	 .0971	0.000	700	1	100.0	30
09/22/20	10:00 a	78.6	78.8	78.1	100	78.6	0.0	SE	0.00	3.0	SE	78.6	85.8	85.8	86.9	29.831	0.00	0.00	75	3.23	93	0.7	0.15	0.9	0.000	0.283	-52.3	0	---	-52.4	-52.4	 .0971	0.002	700	1	100.0	30
09/22/20	10:30 a	78.5	79.0	78.4	100	78.5	0.0	SW	0.00	4.0	WSW	78.5	85.6	85.6	87.0	29.831	0.00	0.00	88	3.78	127	0.8	0.17	1.3	0.000	0.281	-52.3	0	---	-52.4	-52.4	 .0971	0.000	700	1	100.0	30
09/22/20	11:00 a	78.2	78.6	78.2	100	78.2	0.0	SSW	0.00	3.0	SSW	78.2	84.9	84.9	85.7	29.831	0.01	0.00	60	2.58	83	0.4	0.09	0.9	0.000	0.275	-52.3	0	---	-52.4	-52.4	 .0971	0.002	696	1	100.0	30
09/22/20	11:30 a	78.6	78.6	77.9	100	78.6	1.0	SSW	0.50	4.0	SSW	78.6	85.8	85.8	87.3	29.831	0.00	0.00	90	3.87	134	1.0	0.21	1.4	0.000	0.283	-52.3	0	---	-52.4	-52.4	 .0971	0.000	699	1	100.0	30
09/22/20	12:00 p	78.4	79.0	78.3	100	78.4	1.0	SW	0.50	4.0	SSW	78.4	85.4	85.4	89.0	29.831	0.00	0.00	173	7.44	223	1.8	0.39	2.3	0.000	0.279	-52.3	0	---	-52.4	-52.4	 .0971	0.003	703	1	100.0	30
09/22/20	12:30 p	79.6	79.6	78.4	100	79.6	1.0	SE	0.50	4.0	SSE	79.6	88.5	88.5	93.1	29.831	0.00	0.00	214	9.20	258	2.3	0.49	2.7	0.000	0.304	-52.3	0	---	-52.4	-52.4	 .0971	0.000	702	1	100.0	30
09/22/20	1:00 p	79.4	80.4	79.2	100	79.4	1.0	S	0.50	4.0	SE	79.4	87.9	87.9	93.9	29.831	0.00	0.00	277	11.91	315	2.8	0.60	3.2	0.000	0.300	-52.3	0	---	-52.4	-52.4	 .0971	0.006	701	1	100.0	30
09/22/20	1:30 p	79.1	79.9	79.0	100	79.1	1.0	SW	0.50	5.0	SSE	79.1	87.1	87.1	91.7	29.831	0.00	0.00	214	9.20	271	2.0	0.43	2.7	0.000	0.294	-52.3	0	---	-52.4	-52.4	 .0971	0.000	702	1	100.0	30
09/22/20	2:00 p	79.0	79.2	78.7	100	79.0	2.0	S	1.00	5.0	SSW	79.0	86.8	86.8	90.3	29.831	0.00	0.00	164	7.05	193	1.5	0.32	1.8	0.000	0.292	-52.3	0	---	-52.4	-52.4	 .0971	0.005	701	1	100.0	30
09/22/20	2:30 p	78.7	79.0	78.5	100	78.7	1.0	S	0.50	5.0	S	78.7	86.1	86.1	88.5	29.831	0.00	0.00	115	4.95	146	1.0	0.21	1.2	0.000	0.285	-52.3	0	---	-52.4	-52.4	 .0971	0.000	702	1	100.0	30
09/22/20	3:00 p	79.1	79.1	78.5	100	79.1	1.0	SSW	0.50	5.0	SSW	79.1	87.1	87.1	90.8	29.831	0.00	0.00	148	6.36	244	1.0	0.21	1.5	0.000	0.294	-52.3	0	---	-52.4	-52.4	 .0971	0.003	701	1	100.0	30
09/22/20	3:30 p	79.1	79.4	78.8	100	79.1	1.0	SSW	0.50	6.0	SSE	79.1	87.1	87.1	92.3	29.831	0.00	0.00	175	7.53	265	1.0	0.21	1.5	0.000	0.294	-52.3	0	---	-52.4	-52.4	 .0971	0.000	699	1	100.0	30
09/22/20	4:00 p	79.2	79.7	79.1	100	79.2	0.0	SSW	0.00	1.0	SSW	79.2	87.4	87.4	91.3	29.831	0.00	0.00	118	5.07	155	0.4	0.09	0.7	0.000	0.296	-52.3	0	---	-52.4	-52.4	 .0971	0.004	699	1	100.0	30
09/22/20	4:30 p	79.1	79.4	79.0	100	79.1	0.0	---	0.00	0.0	---	79.1	87.1	87.1	89.2	29.831	0.00	0.00	60	2.58	72	0.0	0.00	0.0	0.000	0.294	-52.3	0	---	-52.4	-52.4	 .0971	0.000	701	1	100.0	30
09/22/20	5:00 p	78.4	79.1	78.4	100	78.4	0.0	---	0.00	0.0	---	78.4	85.4	85.4	85.1	29.831	0.00	0.00	32	1.38	53	0.0	0.00	0.0	0.000	0.279	-52.3	0	---	-52.4	-52.4	 .0971	0.001	699	1	100.0	30
09/22/20	5:30 p	78.3	78.5	78.2	100	78.3	0.0	---	0.00	0.0	---	78.3	85.1	85.1	84.1	29.831	0.00	0.00	2	0.09	9	0.0	0.00	0.0	0.000	0.277	-52.3	0	---	-52.4	-52.4	 .0971	0.000	703	1	100.0	30
09/22/20	6:00 p	77.7	78.3	77.7	100	77.7	0.0	---	0.00	0.0	---	77.7	83.7	83.7	82.6	29.831	0.00	0.00	0	0.00	0	0.0	0.00	0.0	0.000	0.265	-52.3	0	---	-52.4	-52.4	 .0971	0.000	701	1	100.0	30
09/22/20	6:30 p	77.6	77.8	77.5	100	77.6	0.0	---	0.00	0.0	---	77.6	83.5	83.5	82.4	29.831	0.00	0.00	0	0.00	0	0.0	0.00	0.0	0.000	0.262	-52.3	0	---	-52.4	-52.4	 .0971	0.000	701	1	100.0	30
09/22/20	7:00 p	77.4	77.6	77.3	100	77.4	0.0	---	0.00	0.0	---	77.4	83.1	83.1	82.0	29.831	0.00	0.00	0	0.00	0	0.0	0.00	0.0	0.000	0.258	-52.3	0	---	-52.4	-52.4	 .0971	0.000	701	1	100.0	30
09/22/20	7:30 p	77.1	77.4	77.0	100	77.1	0.0	---	0.00	0.0	---	77.1	82.4	82.4	81.3	29.831	0.00	0.00	0	0.00	0	0.0	0.00	0.0	0.000	0.252	-52.3	0	---	-52.4	-52.4	 .0971	0.000	699	1	100.0	30
09/22/20	8:00 p	76.7	77.1	76.7	100	76.7	0.0	---	0.00	0.0	---	76.7	81.6	81.6	80.5	29.831	0.00	0.00	0	0.00	0	0.0	0.00	0.0	0.000	0.244	-52.3	0	---	-52.4	-52.4	 .0971	0.000	697	1	100.0	30
09/22/20	8:30 p	76.4	76.7	76.3	100	76.4	0.0	---	0.00	0.0	---	76.4	81.1	81.1	80.0	29.831	0.00	0.00	0	0.00	0	0.0	0.00	0.0	0.000	0.238	-52.3	0	---	-52.4	-52.4	 .0971	0.000	701	1	100.0	30
09/22/20	9:00 p	76.1	76.4	76.1	100	76.1	0.0	---	0.00	0.0	---	76.1	80.5	80.5	79.4	29.831	0.00	0.00	0	0.00	0	0.0	0.00	0.0	0.000	0.231	-52.3	0	---	-52.4	-52.4	 .0971	0.000	699	1	100.0	30
09/22/20	9:30 p	75.8	76.1	75.8	100	75.8	0.0	---	0.00	0.0	---	75.8	80.0	80.0	78.8	29.831	0.00	0.00	0	0.00	0	0.0	0.00	0.0	0.000	0.225	-52.3	0	---	-52.4	-52.4	 .0971	0.000	702	1	100.0	30
09/22/20	10:00 p	75.8	75.9	75.7	100	75.8	0.0	---	0.00	0.0	---	75.8	80.0	80.0	78.8	29.831	0.00	0.00	0	0.00	0	0.0	0.00	0.0	0.000	0.225	-52.3	0	---	-52.4	-52.4	 .0971	0.000	702	1	100.0	30
09/22/20	10:30 p	75.8	76.0	75.7	100	75.8	0.0	---	0.00	0.0	---	75.8	80.0	80.0	78.8	29.831	0.00	0.00	0	0.00	0	0.0	0.00	0.0	0.000	0.225	-52.3	0	---	-52.4	-52.4	 .0971	0.000	701	1	100.0	30
09/22/20	11:00 p	75.9	75.9	75.7	100	75.9	0.0	---	0.00	0.0	---	75.9	80.2	80.2	79.0	29.831	0.00	0.00	0	0.00	0	0.0	0.00	0.0	0.000	0.227	-52.3	0	---	-52.4	-52.4	 .0971	0.000	700	1	100.0	30
09/22/20	11:30 p	75.7	75.9	75.7	100	75.7	0.0	---	0.00	0.0	---	75.7	79.8	79.8	78.6	29.831	0.00	0.00	0	0.00	0	0.0	0.00	0.0	0.000	0.223	-52.3	0	---	-52.4	-52.4	 .0971	0.000	699	1	100.0	30
09/23/20	12:00 a	75.5	75.8	75.5	100	75.5	0.0	---	0.00	0.0	---	75.5	79.6	79.6	78.4	29.831	0.00	0.00	0	0.00	0	0.0	0.00	0.0	0.000	0.219	-52.3	0	---	-52.4	-52.4	 .0971	0.000	699	1	100.0	30
09/23/20	12:30 a	75.3	75.5	75.3	100	75.3	0.0	---	0.00	0.0	---	75.3	79.3	79.3	78.1	29.831	0.00	0.00	0	0.00	0	0.0	0.00	0.0	0.000	0.215	-52.3	0	---	-52.4	-52.4	 .0971	0.000	654	1	95.6	30
09/23/20	1:00 a	75.3	75.4	75.1	100	75.3	0.0	---	0.00	0.0	---	75.3	79.3	79.3	78.1	29.831	0.00	0.00	0	0.00	0	0.0	0.00	0.0	0.000	0.215	-52.3	0	---	-52.4	-52.4	 .0971	0.000	698	1	100.0	30
09/23/20	1:30 a	75.4	75.5	75.3	100	75.4	0.0	---	0.00	0.0	---	75.4	79.4	79.4	78.2	29.831	0.00	0.00	0	0.00	0	0.0	0.00	0.0	0.000	0.217	-52.3	0	---	-52.4	-52.4	 .0971	0.000	701	1	100.0	30
09/23/20	2:00 a	75.7	75.7	75.4	100	75.7	0.0	---	0.00	0.0	---	75.7	79.8	79.8	78.6	29.831	0.00	0.00	0	0.00	0	0.0	0.00	0.0	0.000	0.223	-52.3	0	---	-52.4	-52.4	 .0971	0.000	698	1	100.0	30
09/23/20	2:30 a	76.1	76.2	75.7	100	76.1	0.0	---	0.00	0.0	---	76.1	80.5	80.5	79.4	29.831	0.01	0.00	0	0.00	0	0.0	0.00	0.0	0.000	0.231	-52.3	0	---	-52.4	-52.4	 .0971	0.000	699	1	100.0	30
09/23/20	3:00 a	76.2	76.3	76.1	100	76.2	0.0	---	0.00	0.0	---	76.2	80.7	80.7	79.6	29.831	0.00	0.00	0	0.00	0	0.0	0.00	0.0	0.000	0.233	-52.3	0	---	-52.4	-52.4	 .0971	0.000	698	1	100.0	30
09/23/20	3:30 a	76.2	76.2	76.0	100	76.2	0.0	---	0.00	0.0	---	76.2	80.7	80.7	79.6	29.831	0.00	0.00	0	0.00	0	0.0	0.00	0.0	0.000	0.233	-52.3	0	---	-52.4	-52.4	 .0971	0.000	702	1	100.0	30
09/23/20	4:00 a	76.0	76.2	75.9	100	76.0	0.0	---	0.00	0.0	---	76.0	80.3	80.3	79.2	29.831	0.00	0.00	0	0.00	0	0.0	0.00	0.0	0.000	0.229	-52.3	0	---	-52.4	-52.4	 .0971	0.000	699	1	100.0	30
09/23/20	4:30 a	75.4	76.0	75.4	100	75.4	0.0	---	0.00	0.0	---	75.4	79.4	79.4	78.2	29.831	0.00	0.00	0	0.00	0	0.0	0.00	0.0	0.000	0.217	-52.3	0	---	-52.4	-52.4	 .0971	0.000	702	1	100.0	30
09/23/20	5:00 a	75.1	75.5	75.0	100	75.1	0.0	---	0.00	0.0	---	75.1	78.9	78.9	77.7	29.831	0.00	0.00	0	0.00	0	0.0	0.00	0.0	0.000	0.210	-52.3	0	---	-52.4	-52.4	 .0971	0.000	698	1	100.0	30
09/23/20	5:30 a	75.0	75.2	75.0	100	75.0	0.0	---	0.00	0.0	---	75.0	78.8	78.8	77.6	29.831	0.00	0.00	0	0.00	0	0.0	0.00	0.0	0.000	0.208	-52.3	0	---	-52.4	-52.4	 .0971	0.000	703	1	100.0	30
09/23/20	6:00 a	75.3	75.4	75.0	100	75.3	0.0	---	0.00	0.0	---	75.3	79.3	79.3	78.4	29.831	0.00	0.00	13	0.56	25	0.0	0.00	0.0	0.000	0.215	-52.3	0	---	-52.4	-52.4	 .0971	0.000	702	1	100.0	30
09/23/20	6:30 a	76.1	76.1	75.4	100	76.1	0.0	---	0.00	0.0	---	76.1	80.5	80.5	81.2	29.831	0.02	0.10	31	1.33	44	0.0	0.00	0.0	0.000	0.231	-52.3	0	---	-52.4	-52.4	 .0971	0.000	701	1	100.0	30
09/23/20	7:00 a	76.3	76.3	76.0	100	76.3	0.0	ESE	0.00	3.0	ESE	76.3	80.9	80.9	81.3	29.831	0.07	0.23	30	1.29	42	0.0	0.00	0.0	0.000	0.235	-52.3	0	---	-52.4	-52.4	 .0971	0.001	701	1	100.0	30
09/23/20	7:30 a	76.6	76.7	76.2	100	76.6	0.0	---	0.00	0.0	---	76.6	81.4	81.4	82.0	29.831	0.03	0.10	40	1.72	72	0.0	0.00	0.5	0.000	0.242	-52.3	0	---	-52.4	-52.4	 .0971	0.000	700	1	100.0	30
09/23/20	8:00 a	76.8	77.1	76.5	100	76.8	0.0	ESE	0.00	2.0	ESE	76.8	81.8	81.8	82.8	29.831	0.12	1.05	59	2.54	70	0.0	0.00	0.5	0.000	0.246	-52.3	0	---	-52.4	-52.4	 .0971	0.001	699	1	100.0	30
09/23/20	8:30 a	77.6	77.8	76.8	100	77.6	0.0	SE	0.00	2.0	SE	77.6	83.5	83.5	85.2	29.831	0.02	0.39	89	3.83	135	0.7	0.15	1.1	0.000	0.262	-52.3	0	---	-52.4	-52.4	 .0971	0.000	700	1	100.0	30
09/23/20	9:00 a	78.2	78.6	77.4	100	78.2	0.0	SE	0.00	1.0	SE	78.2	84.9	84.9	88.8	29.831	0.00	0.00	178	7.65	316	1.6	0.34	2.7	0.000	0.275	-52.3	0	---	-52.4	-52.4	 .0971	0.003	702	1	100.0	30
09/23/20	9:30 a	78.6	78.9	77.9	100	78.6	1.0	SE	0.50	6.0	ESE	78.6	85.8	85.8	90.4	29.831	0.00	0.00	216	9.29	323	2.0	0.43	3.1	0.000	0.283	-52.3	0	---	-52.4	-52.4	 .0971	0.000	699	1	100.0	30
09/23/20	10:00 a	78.8	79.1	78.2	100	78.8	1.0	SSE	0.50	6.0	SSE	78.8	86.3	86.3	92.9	29.831	0.00	0.00	309	13.29	439	3.2	0.69	4.5	0.000	0.288	-52.3	0	---	-52.4	-52.4	 .0971	0.006	701	1	100.0	30
09/23/20	10:30 a	81.2	81.2	78.8	100	81.2	1.0	SSE	0.50	6.0	E	81.2	93.1	93.1	103.0	29.831	0.00	0.00	480	20.64	563	5.3	1.14	7.5	0.000	0.337	-52.3	0	---	-52.4	-52.4	 .0971	0.000	701	1	100.0	30
09/23/20	11:00 a	81.1	81.7	80.8	100	81.1	2.0	SSE	1.00	7.0	SE	81.1	92.8	92.8	102.5	29.831	0.00	0.00	460	19.78	854	5.1	1.09	8.2	0.000	0.335	-52.3	0	---	-52.4	-52.4	 .0971	0.012	700	1	100.0	30
09/23/20	11:30 a	80.9	81.1	80.2	100	80.9	2.0	SE	1.00	8.0	WSW	80.9	92.2	92.2	100.8	29.831	0.00	0.00	389	16.73	643	4.1	0.88	6.2	0.000	0.331	-52.3	0	---	-52.4	-52.4	 .0971	0.000	702	1	100.0	30
09/23/20	12:00 p	81.7	81.7	80.5	100	81.7	2.0	E	1.00	8.0	WSW	81.7	94.7	94.7	104.5	29.831	0.00	0.00	461	19.83	763	4.9	1.05	6.9	0.000	0.348	-52.3	0	---	-52.4	-52.4	 .0971	0.011	700	1	100.0	30
09/23/20	12:30 p	82.5	83.1	81.5	100	82.5	2.0	SE	1.00	8.0	ESE	82.5	97.4	97.4	110.0	29.831	0.00	0.00	689	29.63	1325	7.3	1.56	11.1	0.000	0.365	-52.3	0	---	-52.4	-52.4	 .0971	0.000	703	1	100.0	30
09/23/20	1:00 p	83.6	83.6	81.6	100	83.6	2.0	SE	1.00	7.0	S	83.6	101.5	101.5	113.8	29.831	0.00	0.00	657	28.25	1250	6.6	1.41	9.3	0.000	0.387	-52.3	0	---	-52.4	-52.4	 .0971	0.019	700	1	100.0	30
09/23/20	1:30 p	83.0	83.8	81.8	100	83.0	2.0	SE	1.00	7.0	S	83.0	99.2	99.2	111.4	29.831	0.00	0.00	645	27.74	826	5.4	1.16	6.3	0.000	0.375	-52.3	0	---	-52.4	-52.4	 .0971	0.000	701	1	100.0	30
09/23/20	2:00 p	82.2	83.2	82.0	100	82.2	1.0	ESE	0.50	6.0	S	82.2	96.4	96.4	107.4	29.831	0.00	0.00	538	23.14	663	4.3	0.92	5.4	0.000	0.358	-52.3	0	---	-52.4	-52.4	 .0971	0.015	700	1	100.0	30
09/23/20	2:30 p	82.3	82.9	82.0	100	82.3	2.0	SE	1.00	5.0	N	82.3	96.8	96.8	108.8	29.831	0.00	0.00	573	24.64	856	3.8	0.81	4.7	0.000	0.360	-52.3	0	---	-52.4	-52.4	 .0971	0.000	702	1	100.0	30
09/23/20	3:00 p	82.8	83.2	82.0	100	82.8	2.0	SE	1.00	7.0	SE	82.8	98.5	98.5	111.9	29.831	0.00	0.00	672	28.90	926	3.2	0.69	3.8	0.000	0.371	-52.3	0	---	-52.4	-52.4	 .0971	0.016	701	1	100.0	30
09/23/20	3:30 p	82.6	83.2	82.3	100	82.6	2.0	SSE	1.00	8.0	SSE	82.6	97.8	97.8	109.5	29.831	0.00	0.00	479	20.60	838	2.0	0.43	3.0	0.000	0.367	-52.3	0	---	-52.4	-52.4	 .0971	0.000	699	1	100.0	30
09/23/20	4:00 p	80.9	82.5	80.9	100	80.9	1.0	SSE	0.50	5.0	SSE	80.9	92.2	92.2	100.0	29.831	0.00	0.00	231	9.93	362	0.8	0.17	1.2	0.000	0.331	-52.3	0	---	-52.4	-52.4	 .0971	0.009	699	1	100.0	30
09/23/20	4:30 p	80.0	81.1	80.0	100	80.0	1.0	SSE	0.50	3.0	ESE	80.0	89.6	89.6	92.1	29.831	0.00	0.00	68	2.92	118	0.0	0.00	0.5	0.000	0.313	-52.3	0	---	-52.4	-52.4	 .0971	0.000	700	1	100.0	30
09/23/20	5:00 p	79.2	80.1	79.2	100	79.2	0.0	NE	0.00	2.0	NE	79.2	87.4	87.4	87.3	29.831	0.00	0.00	36	1.55	44	0.0	0.00	0.0	0.000	0.296	-52.3	0	---	-52.4	-52.4	 .0971	0.001	694	1	100.0	30
09/23/20	5:30 p	78.7	79.1	78.7	100	78.7	0.0	---	0.00	0.0	---	78.7	86.1	86.1	85.3	29.831	0.00	0.00	10	0.43	23	0.0	0.00	0.0	0.000	0.285	-52.3	0	---	-52.4	-52.4	 .0971	0.000	701	1	100.0	30
09/23/20	6:00 p	77.6	78.8	77.6	100	77.6	0.0	---	0.00	0.0	---	77.6	83.5	83.5	82.4	29.831	0.00	0.00	0	0.00	0	0.0	0.00	0.0	0.000	0.262	-52.3	0	---	-52.4	-52.4	 .0971	0.000	703	1	100.0	30
09/23/20	6:30 p	77.0	77.7	77.0	100	77.0	0.0	---	0.00	0.0	---	77.0	82.2	82.2	81.1	29.831	0.00	0.00	0	0.00	0	0.0	0.00	0.0	0.000	0.250	-52.3	0	---	-52.4	-52.4	 .0971	0.000	700	1	100.0	30
09/23/20	7:00 p	76.8	77.1	76.8	100	76.8	0.0	---	0.00	0.0	---	76.8	81.8	81.8	80.7	29.831	0.00	0.00	0	0.00	0	0.0	0.00	0.0	0.000	0.246	-52.3	0	---	-52.4	-52.4	 .0971	0.000	698	1	100.0	30
09/23/20	7:30 p	76.5	76.8	76.5	100	76.5	0.0	NE	0.00	1.0	NE	76.5	81.3	81.3	80.2	29.831	0.00	0.00	0	0.00	0	0.0	0.00	0.0	0.000	0.240	-52.3	0	---	-52.4	-52.4	 .0971	0.000	698	1	100.0	30
09/23/20	8:00 p	76.4	76.6	76.3	100	76.4	0.0	---	0.00	0.0	---	76.4	81.1	81.1	80.0	29.831	0.00	0.00	0	0.00	0	0.0	0.00	0.0	0.000	0.238	-52.3	0	---	-52.4	-52.4	 .0971	0.000	696	1	100.0	30
09/23/20	8:30 p	75.8	76.4	75.8	100	75.8	0.0	---	0.00	0.0	---	75.8	80.0	80.0	78.8	29.831	0.00	0.00	0	0.00	0	0.0	0.00	0.0	0.000	0.225	-52.3	0	---	-52.4	-52.4	 .0971	0.000	690	1	100.0	30
09/23/20	9:00 p	76.1	76.1	75.6	100	76.1	0.0	NE	0.00	1.0	NE	76.1	80.5	80.5	79.4	29.831	0.00	0.00	0	0.00	0	0.0	0.00	0.0	0.000	0.231	-52.3	0	---	-52.4	-52.4	 .0971	0.000	695	1	100.0	30
09/23/20	9:30 p	76.3	76.3	76.0	100	76.3	0.0	NE	0.00	2.0	NE	76.3	80.9	80.9	79.8	29.831	0.01	0.00	0	0.00	0	0.0	0.00	0.0	0.000	0.235	-52.3	0	---	-52.4	-52.4	 .0971	0.000	696	1	100.0	30
09/23/20	10:00 p	76.1	76.3	76.0	100	76.1	0.0	NE	0.00	1.0	NE	76.1	80.5	80.5	79.4	29.831	0.00	0.00	0	0.00	0	0.0	0.00	0.0	0.000	0.231	-52.3	0	---	-52.4	-52.4	 .0971	0.000	703	1	100.0	30
09/23/20	10:30 p	76.2	76.3	76.1	100	76.2	0.0	---	0.00	0.0	---	76.2	80.7	80.7	79.6	29.831	0.00	0.00	0	0.00	0	0.0	0.00	0.0	0.000	0.233	-52.3	0	---	-52.4	-52.4	 .0971	0.000	696	1	100.0	30
09/23/20	11:00 p	76.2	76.4	76.2	100	76.2	0.0	---	0.00	0.0	---	76.2	80.7	80.7	79.6	29.831	0.00	0.00	0	0.00	0	0.0	0.00	0.0	0.000	0.233	-52.3	0	---	-52.4	-52.4	 .0971	0.000	701	1	100.0	30
09/23/20	11:30 p	76.4	76.5	76.1	100	76.4	0.0	---	0.00	0.0	---	76.4	81.1	81.1	80.0	29.831	0.00	0.00	0	0.00	0	0.0	0.00	0.0	0.000	0.238	-52.3	0	---	-52.4	-52.4	 .0971	0.000	698	1	100.0	30
09/24/20	12:00 a	76.4	76.5	76.3	100	76.4	0.0	---	0.00	0.0	---	76.4	81.1	81.1	80.0	29.831	0.00	0.00	0	0.00	0	0.0	0.00	0.0	0.000	0.238	-52.3	0	---	-52.4	-52.4	 .0971	0.000	700	1	100.0	30
09/24/20	12:30 a	76.2	76.4	76.1	100	76.2	0.0	---	0.00	0.0	---	76.2	80.7	80.7	79.6	29.831	0.00	0.00	0	0.00	0	0.0	0.00	0.0	0.000	0.233	-52.3	0	---	-52.4	-52.4	 .0971	0.000	700	1	100.0	30
09/24/20	1:00 a	75.9	76.3	75.9	100	75.9	0.0	---	0.00	0.0	---	75.9	80.2	80.2	79.0	29.831	0.00	0.00	0	0.00	0	0.0	0.00	0.0	0.000	0.227	-52.3	0	---	-52.4	-52.4	 .0971	0.000	699	1	100.0	30
09/24/20	1:30 a	75.8	76.0	75.7	100	75.8	0.0	---	0.00	0.0	---	75.8	80.0	80.0	78.8	29.831	0.00	0.00	0	0.00	0	0.0	0.00	0.0	0.000	0.225	-52.3	0	---	-52.4	-52.4	 .0971	0.000	700	1	100.0	30
09/24/20	2:00 a	75.8	76.0	75.7	100	75.8	0.0	---	0.00	0.0	---	75.8	80.0	80.0	78.8	29.831	0.00	0.00	0	0.00	0	0.0	0.00	0.0	0.000	0.225	-52.3	0	---	-52.4	-52.4	 .0971	0.000	701	1	100.0	30
09/24/20	2:30 a	75.7	76.0	75.7	100	75.7	0.0	---	0.00	0.0	---	75.7	79.8	79.8	78.6	29.831	0.00	0.00	0	0.00	0	0.0	0.00	0.0	0.000	0.223	-52.3	0	---	-52.4	-52.4	 .0971	0.000	701	1	100.0	30
09/24/20	3:00 a	75.6	75.8	75.5	100	75.6	0.0	---	0.00	0.0	---	75.6	79.7	79.7	78.5	29.831	0.00	0.00	0	0.00	0	0.0	0.00	0.0	0.000	0.221	-52.3	0	---	-52.4	-52.4	 .0971	0.000	697	1	100.0	30
09/24/20	3:30 a	75.6	75.7	75.5	100	75.6	0.0	NE	0.00	2.0	NE	75.6	79.7	79.7	78.5	29.831	0.00	0.00	0	0.00	0	0.0	0.00	0.0	0.000	0.221	-52.3	0	---	-52.4	-52.4	 .0971	0.000	701	1	100.0	30
09/24/20	4:00 a	75.5	75.6	75.4	100	75.5	0.0	---	0.00	0.0	---	75.5	79.6	79.6	78.4	29.831	0.00	0.00	0	0.00	0	0.0	0.00	0.0	0.000	0.219	-52.3	0	---	-52.4	-52.4	 .0971	0.000	701	1	100.0	30
09/24/20	4:30 a	75.8	75.8	75.5	100	75.8	0.0	NE	0.00	1.0	NE	75.8	80.0	80.0	78.8	29.831	0.00	0.00	0	0.00	0	0.0	0.00	0.0	0.000	0.225	-52.3	0	---	-52.4	-52.4	 .0971	0.000	700	1	100.0	30
09/24/20	5:00 a	75.8	75.8	75.6	100	75.8	0.0	NE	0.00	1.0	NE	75.8	80.0	80.0	78.8	29.831	0.01	0.00	0	0.00	0	0.0	0.00	0.0	0.000	0.225	-52.3	0	---	-52.4	-52.4	 .0971	0.000	701	1	100.0	30
09/24/20	5:30 a	75.9	76.0	75.8	100	75.9	0.0	NE	0.00	1.0	NE	75.9	80.2	80.2	79.0	29.831	0.05	0.25	0	0.00	0	0.0	0.00	0.0	0.000	0.227	-52.3	0	---	-52.4	-52.4	 .0971	0.000	703	1	100.0	30
09/24/20	6:00 a	76.1	76.1	75.7	100	76.1	0.0	NE	0.00	2.0	NE	76.1	80.5	80.5	79.5	29.831	0.00	0.00	5	0.22	12	0.0	0.00	0.0	0.000	0.231	-52.3	0	---	-52.4	-52.4	 .0971	0.000	699	1	100.0	30
09/24/20	6:30 a	76.3	76.3	76.0	100	76.3	0.0	NE	0.00	1.0	NE	76.3	80.9	80.9	80.7	29.831	0.00	0.00	12	0.52	16	0.0	0.00	0.0	0.000	0.235	-52.3	0	---	-52.4	-52.4	 .0971	0.000	699	1	100.0	30
09/24/20	7:00 a	76.3	76.4	76.2	100	76.3	0.0	NE	0.00	2.0	NE	76.3	80.9	80.9	80.4	29.831	0.00	0.00	8	0.34	12	0.0	0.00	0.0	0.000	0.235	-52.3	0	---	-52.4	-52.4	 .0971	0.000	701	1	100.0	30
09/24/20	7:30 a	76.7	76.7	76.3	100	76.7	0.0	NE	0.00	2.0	NE	76.7	81.6	81.6	82.0	29.831	0.02	0.06	35	1.51	60	0.0	0.00	0.0	0.000	0.244	-52.3	0	---	-52.4	-52.4	 .0971	0.000	702	1	100.0	30
09/24/20	8:00 a	77.0	77.0	76.5	100	77.0	0.0	NE	0.00	2.0	NE	77.0	82.2	82.2	83.3	29.831	0.00	0.00	59	2.54	62	0.0	0.00	0.0	0.000	0.250	-52.3	0	---	-52.4	-52.4	 .0971	0.001	700	1	100.0	30
09/24/20	8:30 a	76.7	77.2	76.5	100	76.7	0.0	ENE	0.00	2.0	ENE	76.7	81.6	81.6	82.2	29.831	0.03	0.14	52	2.24	62	0.0	0.00	0.0	0.000	0.244	-52.3	0	---	-52.4	-52.4	 .0971	0.000	701	1	100.0	30
09/24/20	9:00 a	76.7	76.9	76.1	100	76.7	1.0	SSE	0.50	5.0	SSE	76.7	81.6	81.6	83.3	29.831	0.05	0.47	96	4.13	128	0.9	0.19	1.2	0.000	0.244	-52.3	0	---	-52.4	-52.4	 .0971	0.002	701	1	100.0	30
09/24/20	9:30 a	77.3	77.4	76.7	100	77.3	0.0	ENE	0.00	2.0	ENE	77.3	82.9	82.9	84.0	29.831	0.02	0.14	77	3.31	111	0.7	0.15	1.1	0.000	0.256	-52.3	0	---	-52.4	-52.4	 .0971	0.000	700	1	100.0	30
09/24/20	10:00 a	77.9	78.1	77.1	100	77.9	0.0	ENE	0.00	1.0	ENE	77.9	84.2	84.2	86.1	29.831	0.03	0.25	110	4.73	127	1.1	0.24	1.3	0.000	0.269	-52.3	0	---	-52.4	-52.4	 .0971	0.002	702	1	100.0	30
09/24/20	10:30 a	78.3	78.7	77.8	100	78.3	0.0	ENE	0.00	3.0	S	78.3	85.1	85.1	89.2	29.831	0.01	0.07	199	8.56	258	2.1	0.45	2.6	0.000	0.277	-52.3	0	---	-52.4	-52.4	 .0971	0.000	701	1	100.0	30
09/24/20	11:00 a	78.4	78.9	77.7	100	78.4	0.0	ENE	0.00	2.0	S	78.4	85.4	85.4	89.6	29.831	0.00	0.00	199	8.56	241	2.2	0.47	2.6	0.000	0.279	-52.3	0	---	-52.4	-52.4	 .0971	0.005	702	1	100.0	30
09/24/20	11:30 a	78.3	78.7	77.9	100	78.3	1.0	SSW	0.50	4.0	S	78.3	85.1	85.1	88.7	29.831	0.00	0.00	171	7.35	229	1.8	0.39	2.5	0.000	0.277	-52.3	0	---	-52.4	-52.4	 .0971	0.000	700	1	100.0	30
09/24/20	12:00 p	78.1	78.7	77.7	100	78.1	1.0	E	0.50	4.0	ENE	78.1	84.6	84.6	88.3	29.831	0.02	0.04	176	7.57	199	1.8	0.39	2.1	0.000	0.273	-52.3	0	---	-52.4	-52.4	 .0971	0.004	700	1	100.0	30
09/24/20	12:30 p	77.7	78.6	77.4	100	77.7	1.0	ESE	0.50	5.0	S	77.7	83.7	83.7	87.0	29.831	0.00	0.00	166	7.14	195	1.7	0.36	2.1	0.000	0.265	-52.3	0	---	-52.4	-52.4	 .0971	0.000	702	1	100.0	30
09/24/20	1:00 p	77.8	78.2	77.5	100	77.8	1.0	SSE	0.50	8.0	ESE	77.8	84.0	84.0	88.4	29.831	0.00	0.00	210	9.03	246	2.3	0.49	2.7	0.000	0.267	-52.3	0	---	-52.4	-52.4	 .0971	0.005	701	1	100.0	30
09/24/20	1:30 p	78.7	78.9	77.7	100	78.7	2.0	SSE	1.00	7.0	ESE	78.7	86.1	86.1	93.1	29.831	0.00	0.00	327	14.06	411	2.7	0.58	3.2	0.000	0.285	-52.3	0	---	-52.4	-52.4	 .0971	0.000	701	1	100.0	30
09/24/20	2:00 p	78.9	79.5	78.2	100	78.9	1.0	NNE	0.50	5.0	ENE	78.9	86.6	86.6	93.7	29.831	0.00	0.00	321	13.80	371	2.4	0.51	2.8	0.000	0.290	-52.3	0	---	-52.4	-52.4	 .0971	0.008	699	1	100.0	30
09/24/20	2:30 p	79.8	80.5	78.7	100	79.8	1.0	NE	0.50	4.0	ENE	79.8	89.0	89.0	97.6	29.831	0.00	0.00	375	16.13	585	2.6	0.56	3.6	0.000	0.308	-52.3	0	---	-52.4	-52.4	 .0971	0.000	701	1	100.0	30
09/24/20	3:00 p	81.5	81.5	79.8	100	81.5	1.0	NNE	0.50	5.0	S	81.5	94.1	94.1	104.3	29.831	0.00	0.00	410	17.63	526	2.4	0.51	2.8	0.000	0.344	-52.3	0	---	-52.4	-52.4	 .0971	0.010	701	1	100.0	30
09/24/20	3:30 p	80.0	81.6	79.7	100	80.0	1.0	NNE	0.50	4.0	SW	80.0	89.6	89.6	96.7	29.831	0.00	0.00	242	10.41	429	1.3	0.28	2.0	0.000	0.313	-52.3	0	---	-52.4	-52.4	 .0971	0.000	699	1	100.0	30
09/24/20	4:00 p	79.6	80.2	79.4	100	79.6	0.0	ESE	0.00	1.0	ESE	79.6	88.5	88.5	93.1	29.831	0.00	0.00	140	6.02	185	0.6	0.13	0.9	0.000	0.304	-52.3	0	---	-52.4	-52.4	 .0971	0.005	698	1	100.0	30
09/24/20	4:30 p	78.1	79.6	78.1	100	78.1	0.0	ESE	0.00	2.0	ESE	78.1	84.6	84.6	87.1	29.831	0.00	0.00	70	3.01	95	0.0	0.00	0.0	0.000	0.273	-52.3	0	---	-52.4	-52.4	 .0971	0.000	700	1	100.0	30
09/24/20	5:00 p	77.4	78.2	77.2	100	77.4	1.0	NE	0.50	5.0	NE	77.4	83.1	83.1	82.6	29.831	0.00	0.00	26	1.12	46	0.0	0.00	0.0	0.000	0.258	-52.3	0	---	-52.4	-52.4	 .0971	0.001	699	1	100.0	30
09/24/20	5:30 p	76.5	77.3	76.2	100	76.5	1.0	N	0.50	6.0	NE	76.5	81.3	81.3	80.2	29.831	0.00	0.00	2	0.09	9	0.0	0.00	0.0	0.000	0.240	-52.3	0	---	-52.4	-52.4	 .0971	0.000	701	1	100.0	30
09/24/20	6:00 p	76.6	77.1	76.4	100	76.6	1.0	WSW	0.50	3.0	NW	76.6	81.4	81.4	80.3	29.831	0.00	0.00	0	0.00	0	0.0	0.00	0.0	0.000	0.242	-52.3	0	---	-52.4	-52.4	 .0971	0.000	696	1	100.0	30
09/24/20	6:30 p	76.4	76.7	76.3	100	76.4	0.0	NE	0.00	2.0	NNE	76.4	81.1	81.1	80.0	29.831	0.00	0.00	0	0.00	0	0.0	0.00	0.0	0.000	0.238	-52.3	0	---	-52.4	-52.4	 .0971	0.000	700	1	100.0	30
09/24/20	7:00 p	76.2	76.4	76.1	100	76.2	0.0	NE	0.00	2.0	NE	76.2	80.7	80.7	79.6	29.831	0.00	0.00	0	0.00	0	0.0	0.00	0.0	0.000	0.233	-52.3	0	---	-52.4	-52.4	 .0971	0.000	700	1	100.0	30
09/24/20	7:30 p	76.0	76.2	75.8	100	76.0	0.0	NE	0.00	1.0	NE	76.0	80.3	80.3	79.2	29.831	0.00	0.00	0	0.00	0	0.0	0.00	0.0	0.000	0.229	-52.3	0	---	-52.4	-52.4	 .0971	0.000	697	1	100.0	30
09/24/20	8:00 p	75.6	76.1	75.6	100	75.6	0.0	NE	0.00	1.0	NE	75.6	79.7	79.7	78.5	29.831	0.01	0.00	0	0.00	0	0.0	0.00	0.0	0.000	0.221	-52.3	0	---	-52.4	-52.4	 .0971	0.000	702	1	100.0	30
09/24/20	8:30 p	75.2	75.6	75.2	100	75.2	0.0	---	0.00	0.0	---	75.2	79.1	79.1	77.9	29.831	0.00	0.00	0	0.00	0	0.0	0.00	0.0	0.000	0.212	-52.3	0	---	-52.4	-52.4	 .0971	0.000	702	1	100.0	30
09/24/20	9:00 p	75.2	75.3	75.1	100	75.2	0.0	NE	0.00	1.0	NE	75.2	79.1	79.1	77.9	29.831	0.00	0.00	0	0.00	0	0.0	0.00	0.0	0.000	0.212	-52.3	0	---	-52.4	-52.4	 .0971	0.000	700	1	100.0	30
09/24/20	9:30 p	75.1	75.2	75.0	100	75.1	0.0	NE	0.00	2.0	NE	75.1	78.9	78.9	77.7	29.831	0.00	0.00	0	0.00	0	0.0	0.00	0.0	0.000	0.210	-52.3	0	---	-52.4	-52.4	 .0971	0.000	700	1	100.0	30
09/24/20	10:00 p	75.1	75.2	75.0	100	75.1	0.0	NE	0.00	1.0	NE	75.1	78.9	78.9	77.7	29.831	0.00	0.00	0	0.00	0	0.0	0.00	0.0	0.000	0.210	-52.3	0	---	-52.4	-52.4	 .0971	0.000	703	1	100.0	30
09/24/20	10:30 p	75.1	75.3	75.1	100	75.1	0.0	NE	0.00	1.0	NE	75.1	78.9	78.9	77.7	29.831	0.00	0.00	0	0.00	0	0.0	0.00	0.0	0.000	0.210	-52.3	0	---	-52.4	-52.4	 .0971	0.000	700	1	100.0	30
09/24/20	11:00 p	75.2	75.3	75.1	100	75.2	0.0	NE	0.00	1.0	NE	75.2	79.1	79.1	77.9	29.831	0.00	0.00	0	0.00	0	0.0	0.00	0.0	0.000	0.212	-52.3	0	---	-52.4	-52.4	 .0971	0.000	701	1	100.0	30
09/24/20	11:30 p	74.9	75.2	74.9	100	74.9	0.0	NE	0.00	1.0	NE	74.9	78.7	78.7	77.5	29.831	0.00	0.00	0	0.00	0	0.0	0.00	0.0	0.000	0.206	-52.3	0	---	-52.4	-52.4	 .0971	0.000	698	1	100.0	30
09/25/20	12:00 a	75.0	75.1	74.8	100	75.0	0.0	NE	0.00	3.0	NE	75.0	78.8	78.8	77.6	29.831	0.00	0.00	0	0.00	0	0.0	0.00	0.0	0.000	0.208	-52.3	0	---	-52.4	-52.4	 .0971	0.000	701	1	100.0	30
09/25/20	12:30 a	74.9	75.1	74.9	100	74.9	0.0	NE	0.00	2.0	NE	74.9	78.7	78.7	77.5	29.831	0.00	0.00	0	0.00	0	0.0	0.00	0.0	0.000	0.206	-52.3	0	---	-52.4	-52.4	 .0971	0.000	701	1	100.0	30
09/25/20	1:00 a	74.9	75.1	74.9	100	74.9	0.0	NE	0.00	2.0	NE	74.9	78.7	78.7	77.5	29.831	0.00	0.00	0	0.00	0	0.0	0.00	0.0	0.000	0.206	-52.3	0	---	-52.4	-52.4	 .0971	0.000	699	1	100.0	30
09/25/20	1:30 a	74.6	75.0	74.5	100	74.6	0.0	ENE	0.00	1.0	ENE	74.6	78.3	78.3	77.1	29.831	0.01	0.00	0	0.00	0	0.0	0.00	0.0	0.000	0.200	-52.3	0	---	-52.4	-52.4	 .0971	0.000	703	1	100.0	30
09/25/20	2:00 a	74.1	74.6	74.1	100	74.1	0.0	ENE	0.00	1.0	ENE	74.1	77.7	77.7	76.5	29.831	0.00	0.00	0	0.00	0	0.0	0.00	0.0	0.000	0.190	-52.3	0	---	-52.4	-52.4	 .0971	0.000	698	1	100.0	30
09/25/20	2:30 a	74.2	74.3	74.0	100	74.2	0.0	ENE	0.00	1.0	ENE	74.2	77.8	77.8	76.6	29.831	0.00	0.00	0	0.00	0	0.0	0.00	0.0	0.000	0.192	-52.3	0	---	-52.4	-52.4	 .0971	0.000	700	1	100.0	30
09/25/20	3:00 a	74.3	74.3	74.1	100	74.3	0.0	ENE	0.00	1.0	ENE	74.3	78.0	78.0	76.8	29.831	0.00	0.00	0	0.00	0	0.0	0.00	0.0	0.000	0.194	-52.3	0	---	-52.4	-52.4	 .0971	0.000	700	1	100.0	30
09/25/20	3:30 a	74.7	74.8	74.2	100	74.7	0.0	ENE	0.00	1.0	ENE	74.7	78.4	78.4	77.2	29.831	0.00	0.00	0	0.00	0	0.0	0.00	0.0	0.000	0.202	-52.3	0	---	-52.4	-52.4	 .0971	0.000	702	1	100.0	30
09/25/20	4:00 a	74.8	75.0	74.7	100	74.8	0.0	ENE	0.00	1.0	ENE	74.8	78.6	78.6	77.4	29.831	0.00	0.00	0	0.00	0	0.0	0.00	0.0	0.000	0.204	-52.3	0	---	-52.4	-52.4	 .0971	0.000	699	1	100.0	30
09/25/20	4:30 a	74.4	74.8	74.4	100	74.4	0.0	ENE	0.00	1.0	ENE	74.4	78.1	78.1	76.9	29.831	0.00	0.00	0	0.00	0	0.0	0.00	0.0	0.000	0.196	-52.3	0	---	-52.4	-52.4	 .0971	0.000	700	1	100.0	30
09/25/20	5:00 a	74.7	74.8	74.2	100	74.7	0.0	ENE	0.00	1.0	ENE	74.7	78.4	78.4	77.2	29.831	0.00	0.00	0	0.00	0	0.0	0.00	0.0	0.000	0.202	-52.3	0	---	-52.4	-52.4	 .0971	0.000	699	1	100.0	30
09/25/20	5:30 a	74.7	74.9	74.6	100	74.7	0.0	ENE	0.00	1.0	ENE	74.7	78.4	78.4	77.2	29.831	0.00	0.00	0	0.00	0	0.0	0.00	0.0	0.000	0.202	-52.3	0	---	-52.4	-52.4	 .0971	0.000	702	1	100.0	30
09/25/20	6:00 a	74.6	74.7	74.5	100	74.6	0.0	---	0.00	0.0	---	74.6	78.3	78.3	77.3	29.831	0.00	0.00	12	0.52	26	0.0	0.00	0.0	0.000	0.200	-52.3	0	---	-52.4	-52.4	 .0971	0.000	700	1	100.0	30
09/25/20	6:30 a	75.7	75.7	74.6	100	75.7	0.0	---	0.00	0.0	---	75.7	79.8	79.8	80.8	29.831	0.00	0.00	38	1.63	49	0.0	0.00	0.0	0.000	0.223	-52.3	0	---	-52.4	-52.4	 .0971	0.000	700	1	100.0	30
09/25/20	7:00 a	76.6	76.7	75.6	100	76.6	0.0	NNW	0.00	2.0	NNW	76.6	81.4	81.4	83.8	29.831	0.00	0.00	76	3.27	105	0.1	0.02	0.5	0.000	0.242	-52.3	0	---	-52.4	-52.4	 .0971	0.001	700	1	100.0	30
09/25/20	7:30 a	77.4	77.4	76.0	100	77.4	1.0	N	0.50	4.0	NNE	77.4	83.1	83.1	86.6	29.831	0.00	0.00	119	5.12	125	0.6	0.13	0.7	0.000	0.258	-52.3	0	---	-52.4	-52.4	 .0971	0.000	700	1	100.0	30
09/25/20	8:00 a	78.0	78.1	76.9	100	78.0	0.0	N	0.00	2.0	N	78.0	84.4	84.4	88.7	29.831	0.00	0.00	165	7.10	200	1.1	0.24	1.2	0.000	0.271	-52.3	0	---	-52.4	-52.4	 .0971	0.003	699	1	100.0	30
09/25/20	8:30 a	79.1	79.1	77.7	100	79.1	0.0	ENE	0.00	2.0	ENE	79.1	87.1	87.1	93.1	29.831	0.00	0.00	245	10.54	278	1.8	0.39	2.3	0.000	0.294	-52.3	0	---	-52.4	-52.4	 .0971	0.000	700	1	100.0	30
09/25/20	9:00 a	79.6	79.8	78.2	100	79.6	0.0	ENE	0.00	2.0	ENE	79.6	88.5	88.5	94.7	29.831	0.00	0.00	271	11.65	295	2.4	0.51	2.7	0.000	0.304	-52.3	0	---	-52.4	-52.4	 .0971	0.006	702	1	100.0	30
09/25/20	9:30 a	81.0	81.1	79.3	100	81.0	0.0	S	0.00	3.0	S	81.0	92.5	92.5	101.1	29.831	0.00	0.00	401	17.25	454	3.7	0.79	4.3	0.000	0.333	-52.3	0	---	-52.4	-52.4	 .0971	0.000	700	1	100.0	30
09/25/20	10:00 a	82.5	82.5	81.0	100	82.5	1.0	S	0.50	6.0	ESE	82.5	97.4	97.4	107.8	29.831	0.00	0.00	512	22.02	615	5.1	1.09	5.4	0.000	0.365	-52.3	0	---	-52.4	-52.4	 .0971	0.011	703	1	100.0	30
09/25/20	10:30 a	81.8	83.2	81.6	100	81.8	1.0	SE	0.50	4.0	SSE	81.8	95.1	95.1	106.1	29.831	0.00	0.00	556	23.91	613	5.8	1.24	6.3	0.000	0.350	-52.3	0	---	-52.4	-52.4	 .0971	0.000	701	1	100.0	30
09/25/20	11:00 a	82.3	83.0	81.7	100	82.3	1.0	SSE	0.50	4.0	SE	82.3	96.8	96.8	107.8	29.831	0.00	0.00	544	23.40	645	5.9	1.26	6.6	0.000	0.360	-52.3	0	---	-52.4	-52.4	 .0971	0.014	699	1	100.0	30
09/25/20	11:30 a	82.3	83.0	82.1	100	82.3	2.0	SSE	1.00	6.0	SSE	82.3	96.8	96.8	106.2	29.831	0.00	0.00	431	18.54	598	4.8	1.03	6.4	0.000	0.360	-52.3	0	---	-52.4	-52.4	 .0971	0.000	700	1	100.0	30
09/25/20	12:00 p	84.7	85.0	82.2	100	84.7	2.0	SE	1.00	10.0	SE	84.7	106.2	106.2	119.5	29.831	0.00	0.00	888	38.19	1211	8.3	1.78	10.7	0.000	0.410	-52.3	0	---	-52.4	-52.4	 .0971	0.016	698	1	100.0	30
09/25/20	12:30 p	84.5	85.4	83.5	100	84.5	3.0	SE	1.50	9.0	SE	84.5	105.3	105.3	116.7	29.831	0.00	0.00	1026	44.12	1136	9.0	1.93	10.2	0.000	0.406	-52.3	0	---	-52.4	-52.4	 .0971	0.000	703	1	100.0	30
09/25/20	1:00 p	84.4	85.4	84.3	100	84.4	3.0	SE	1.50	10.0	ESE	84.4	104.9	104.9	117.2	29.831	0.00	0.00	1006	43.26	1104	8.6	1.84	9.2	0.000	0.404	-52.3	0	---	-52.4	-52.4	 .0971	0.025	699	1	100.0	30
09/25/20	1:30 p	83.4	84.7	83.2	100	83.4	2.0	ESE	1.00	9.0	SSE	83.4	100.8	100.8	112.1	29.831	0.00	0.00	571	24.56	1027	5.2	1.11	8.1	0.000	0.383	-52.3	0	---	-52.4	-52.4	 .0971	0.000	700	1	100.0	30
09/25/20	2:00 p	84.1	85.1	82.8	100	84.1	3.0	NE	1.50	10.0	SSE	84.1	103.5	103.5	115.8	29.831	0.00	0.00	636	27.35	947	4.6	0.99	6.0	0.000	0.398	-52.3	0	---	-52.4	-52.4	 .0971	0.016	698	1	100.0	30
09/25/20	2:30 p	82.1	84.1	82.0	100	82.1	2.0	SE	1.00	7.0	ESE	82.1	96.0	96.0	103.2	29.831	0.00	0.00	298	12.82	489	2.4	0.51	3.7	0.000	0.356	-52.3	0	---	-52.4	-52.4	 .0971	0.000	702	1	100.0	30
09/25/20	3:00 p	81.4	82.2	81.4	100	81.4	2.0	ESE	1.00	6.0	ESE	81.4	93.8	93.8	98.4	29.831	0.00	0.00	177	7.61	236	1.1	0.24	1.6	0.000	0.342	-52.3	0	---	-52.4	-52.4	 .0971	0.006	701	1	100.0	30
09/25/20	3:30 p	80.5	81.5	80.5	100	80.5	1.0	ENE	0.50	6.0	SSE	80.5	91.1	91.1	92.5	29.831	0.00	0.00	61	2.62	98	0.1	0.02	0.6	0.000	0.323	-52.3	0	---	-52.4	-52.4	 .0971	0.000	702	1	100.0	30
09/25/20	4:00 p	79.8	80.5	79.7	100	79.8	0.0	ENE	0.00	2.0	ENE	79.8	89.0	89.0	89.3	29.831	0.00	0.00	26	1.12	37	0.0	0.00	0.0	0.000	0.308	-52.3	0	---	-52.4	-52.4	 .0971	0.001	701	1	100.0	30
09/25/20	4:30 p	79.4	79.9	79.3	100	79.4	0.0	ENE	0.00	1.0	ENE	79.4	87.9	87.9	87.6	29.831	0.03	0.10	9	0.39	16	0.0	0.00	0.0	0.000	0.300	-52.3	0	---	-52.4	-52.4	 .0971	0.000	699	1	100.0	30
09/25/20	5:00 p	78.9	79.4	78.8	100	78.9	0.0	ENE	0.00	1.0	ENE	78.9	86.6	86.6	85.8	29.831	0.04	0.11	6	0.26	7	0.0	0.00	0.0	0.000	0.290	-52.3	0	---	-52.4	-52.4	 .0971	0.000	702	1	100.0	30
09/25/20	5:30 p	78.4	78.9	78.3	100	78.4	0.0	---	0.00	0.0	---	78.4	85.4	85.4	84.5	29.831	0.02	0.06	0	0.00	5	0.0	0.00	0.0	0.000	0.279	-52.3	0	---	-52.4	-52.4	 .0971	0.000	700	1	100.0	30
09/25/20	6:00 p	78.1	78.4	78.1	100	78.1	0.0	---	0.00	0.0	---	78.1	84.6	84.6	83.7	29.831	0.00	0.00	0	0.00	0	0.0	0.00	0.0	0.000	0.273	-52.3	0	---	-52.4	-52.4	 .0971	0.000	700	1	100.0	30
09/25/20	6:30 p	78.0	78.2	77.9	100	78.0	0.0	---	0.00	0.0	---	78.0	84.4	84.4	83.5	29.831	0.01	0.00	0	0.00	0	0.0	0.00	0.0	0.000	0.271	-52.3	0	---	-52.4	-52.4	 .0971	0.000	701	1	100.0	30
09/25/20	7:00 p	77.8	78.0	77.8	100	77.8	0.0	---	0.00	0.0	---	77.8	84.0	84.0	83.0	29.831	0.02	0.04	0	0.00	0	0.0	0.00	0.0	0.000	0.267	-52.3	0	---	-52.4	-52.4	 .0971	0.000	699	1	100.0	30
09/25/20	7:30 p	77.8	77.8	77.6	100	77.8	0.0	---	0.00	0.0	---	77.8	84.0	84.0	83.0	29.831	0.00	0.00	0	0.00	0	0.0	0.00	0.0	0.000	0.267	-52.3	0	---	-52.4	-52.4	 .0971	0.000	701	1	100.0	30
09/25/20	8:00 p	77.5	77.8	77.4	100	77.5	0.0	ENE	0.00	1.0	ENE	77.5	83.3	83.3	82.3	29.831	0.00	0.00	0	0.00	0	0.0	0.00	0.0	0.000	0.260	-52.3	0	---	-52.4	-52.4	 .0971	0.000	701	1	100.0	30
09/25/20	8:30 p	77.3	77.5	77.2	100	77.3	0.0	ENE	0.00	1.0	ENE	77.3	82.9	82.9	81.9	29.831	0.00	0.00	0	0.00	0	0.0	0.00	0.0	0.000	0.256	-52.3	0	---	-52.4	-52.4	 .0971	0.000	701	1	100.0	30
09/25/20	9:00 p	77.4	77.5	77.3	100	77.4	0.0	---	0.00	0.0	---	77.4	83.1	83.1	82.1	29.831	0.00	0.00	0	0.00	0	0.0	0.00	0.0	0.000	0.258	-52.3	0	---	-52.4	-52.4	 .0971	0.000	701	1	100.0	30
09/25/20	9:30 p	77.5	77.6	77.3	100	77.5	0.0	---	0.00	0.0	---	77.5	83.3	83.3	82.3	29.831	0.00	0.00	0	0.00	0	0.0	0.00	0.0	0.000	0.260	-52.3	0	---	-52.4	-52.4	 .0971	0.000	700	1	100.0	30
09/25/20	10:00 p	77.4	77.5	77.4	100	77.4	0.0	ENE	0.00	1.0	ENE	77.4	83.1	83.1	82.1	29.831	0.00	0.00	0	0.00	0	0.0	0.00	0.0	0.000	0.258	-52.3	0	---	-52.4	-52.4	 .0971	0.000	700	1	100.0	30
09/25/20	10:30 p	77.4	77.5	77.3	100	77.4	0.0	---	0.00	0.0	---	77.4	83.1	83.1	82.1	29.831	0.00	0.00	0	0.00	0	0.0	0.00	0.0	0.000	0.258	-52.3	0	---	-52.4	-52.4	 .0971	0.000	702	1	100.0	30
09/25/20	11:00 p	77.4	77.6	77.3	100	77.4	0.0	ENE	0.00	1.0	ENE	77.4	83.1	83.1	82.1	29.831	0.00	0.00	0	0.00	0	0.0	0.00	0.0	0.000	0.258	-52.3	0	---	-52.4	-52.4	 .0971	0.000	701	1	100.0	30
09/25/20	11:30 p	77.6	77.7	77.4	100	77.6	0.0	ENE	0.00	1.0	ENE	77.6	83.5	83.5	82.5	29.831	0.01	0.00	0	0.00	0	0.0	0.00	0.0	0.000	0.262	-52.3	0	---	-52.4	-52.4	 .0971	0.000	700	1	100.0	30
09/26/20	12:00 a	77.5	77.7	77.5	100	77.5	0.0	ENE	0.00	1.0	ENE	77.5	83.3	83.3	82.3	29.831	0.00	0.00	0	0.00	0	0.0	0.00	0.0	0.000	0.260	-52.3	0	---	-52.4	-52.4	 .0971	0.000	701	1	100.0	30
09/26/20	12:30 a	77.3	77.6	77.3	100	77.3	0.0	ENE	0.00	1.0	ENE	77.3	82.9	82.9	81.9	29.831	0.00	0.00	0	0.00	0	0.0	0.00	0.0	0.000	0.256	-52.3	0	---	-52.4	-52.4	 .0971	0.000	698	1	100.0	30
09/26/20	1:00 a	77.3	77.3	77.1	100	77.3	0.0	ENE	0.00	2.0	ENE	77.3	82.9	82.9	81.9	29.831	0.00	0.00	0	0.00	0	0.0	0.00	0.0	0.000	0.256	-52.3	0	---	-52.4	-52.4	 .0971	0.000	701	1	100.0	30
09/26/20	1:30 a	77.2	77.3	77.0	100	77.2	0.0	ENE	0.00	2.0	ENE	77.2	82.6	82.6	81.6	29.831	0.00	0.00	0	0.00	0	0.0	0.00	0.0	0.000	0.254	-52.3	0	---	-52.4	-52.4	 .0971	0.000	701	1	100.0	30
09/26/20	2:00 a	76.9	77.3	76.9	100	76.9	0.0	ENE	0.00	1.0	ENE	76.9	82.0	82.0	81.0	29.831	0.00	0.00	0	0.00	0	0.0	0.00	0.0	0.000	0.248	-52.3	0	---	-52.4	-52.4	 .0971	0.000	701	1	100.0	30
09/26/20	2:30 a	76.8	77.1	76.8	100	76.8	0.0	ENE	0.00	1.0	ENE	76.8	81.8	81.8	80.8	29.831	0.00	0.00	0	0.00	0	0.0	0.00	0.0	0.000	0.246	-52.3	0	---	-52.4	-52.4	 .0971	0.000	701	1	100.0	30
09/26/20	3:00 a	76.4	76.8	76.4	100	76.4	0.0	ENE	0.00	1.0	ENE	76.4	81.1	81.1	80.1	29.831	0.00	0.00	0	0.00	0	0.0	0.00	0.0	0.000	0.238	-52.3	0	---	-52.4	-52.4	 .0971	0.000	701	1	100.0	30
09/26/20	3:30 a	75.8	76.4	75.8	100	75.8	0.0	ENE	0.00	1.0	ENE	75.8	80.0	80.0	78.9	29.831	0.00	0.00	0	0.00	0	0.0	0.00	0.0	0.000	0.225	-52.3	0	---	-52.4	-52.4	 .0971	0.000	702	1	100.0	30
09/26/20	4:00 a	75.6	75.9	75.5	100	75.6	0.0	ENE	0.00	2.0	ENE	75.6	79.7	79.7	78.6	29.831	0.00	0.00	0	0.00	0	0.0	0.00	0.0	0.000	0.221	-52.3	0	---	-52.4	-52.4	 .0971	0.000	700	1	100.0	30
09/26/20	4:30 a	75.2	75.7	75.1	100	75.2	0.0	ENE	0.00	1.0	ENE	75.2	79.1	79.1	78.0	29.831	0.00	0.00	0	0.00	0	0.0	0.00	0.0	0.000	0.212	-52.3	0	---	-52.4	-52.4	 .0971	0.000	698	1	100.0	30
09/26/20	5:00 a	75.1	75.2	75.0	100	75.1	0.0	ENE	0.00	1.0	ENE	75.1	78.9	78.9	77.8	29.831	0.00	0.00	0	0.00	0	0.0	0.00	0.0	0.000	0.210	-52.3	0	---	-52.4	-52.4	 .0971	0.000	703	1	100.0	30
09/26/20	5:30 a	74.6	75.1	74.5	100	74.6	0.0	ENE	0.00	1.0	ENE	74.6	78.3	78.3	77.2	29.831	0.00	0.00	1	0.04	7	0.0	0.00	0.0	0.000	0.200	-52.3	0	---	-52.4	-52.4	 .0971	0.000	700	1	100.0	30
09/26/20	6:00 a	74.8	74.9	74.5	100	74.8	0.0	ENE	0.00	1.0	ENE	74.8	78.6	78.6	78.0	29.831	0.00	0.00	23	0.99	46	0.0	0.00	0.0	0.000	0.204	-52.3	0	---	-52.4	-52.4	 .0971	0.000	701	1	100.0	30
09/26/20	6:30 a	75.5	75.7	74.8	100	75.5	0.0	ENE	0.00	1.0	ENE	75.5	79.6	79.6	81.7	29.831	0.00	0.00	61	2.62	70	0.0	0.00	0.0	0.000	0.219	-52.3	0	---	-52.4	-52.4	 .0971	0.000	699	1	100.0	30
09/26/20	7:00 a	76.2	76.5	75.5	100	76.2	0.0	SSW	0.00	1.0	ENE	76.2	80.7	80.7	83.9	29.831	0.00	0.00	97	4.17	125	0.4	0.09	0.7	0.000	0.233	-52.3	0	---	-52.4	-52.4	 .0971	0.002	699	1	100.0	30
09/26/20	7:30 a	78.0	78.0	76.2	100	78.0	0.0	SSW	0.00	1.0	SSW	78.0	84.4	84.4	89.9	29.831	0.00	0.00	179	7.70	223	1.0	0.21	1.3	0.000	0.271	-52.3	0	---	-52.4	-52.4	 .0971	0.000	700	1	100.0	30
09/26/20	8:00 a	79.4	79.5	78.0	100	79.4	0.0	SSW	0.00	1.0	SSW	79.4	87.9	87.9	95.3	29.831	0.00	0.00	276	11.87	306	1.8	0.39	3.1	0.000	0.300	-52.3	0	---	-52.4	-52.4	 .0971	0.006	701	1	100.0	30
09/26/20	8:30 a	80.7	81.2	78.8	100	80.7	1.0	SSW	0.50	5.0	SSW	80.7	91.6	91.6	99.2	29.831	0.00	0.00	314	13.50	429	3.1	0.66	3.8	0.000	0.327	-52.3	0	---	-52.4	-52.4	 .0971	0.000	701	1	100.0	30
09/26/20	9:00 a	81.7	81.7	80.7	100	81.7	1.0	S	0.50	4.0	SSW	81.7	94.7	94.7	103.2	29.831	0.00	0.00	377	16.21	441	3.1	0.66	3.5	0.000	0.348	-52.3	0	---	-52.4	-52.4	 .0971	0.009	700	1	100.0	30
09/26/20	9:30 a	82.5	83.3	81.6	100	82.5	1.0	SW	0.50	5.0	SSW	82.5	97.4	97.4	107.3	29.831	0.00	0.00	473	20.34	758	4.3	0.92	5.9	0.000	0.365	-52.3	0	---	-52.4	-52.4	 .0971	0.000	702	1	100.0	30
09/26/20	10:00 a	83.4	83.9	82.4	100	83.4	1.0	S	0.50	5.0	WSW	83.4	100.8	100.8	112.0	29.831	0.00	0.00	568	24.43	768	5.6	1.20	7.0	0.000	0.383	-52.3	0	---	-52.4	-52.4	 .0971	0.014	703	1	100.0	30
09/26/20	10:30 a	84.4	84.7	82.8	100	84.4	1.0	SW	0.50	8.0	SW	84.4	104.9	104.9	116.8	29.831	0.00	0.00	616	26.49	1107	6.4	1.37	9.2	0.000	0.404	-52.3	0	---	-52.4	-52.4	 .0971	0.000	701	1	100.0	30
09/26/20	11:00 a	84.8	84.8	83.8	100	84.8	2.0	SW	1.00	8.0	NNW	84.8	106.7	106.7	119.6	29.831	0.00	0.00	707	30.40	1065	7.6	1.63	10.6	0.000	0.413	-52.3	0	---	-52.4	-52.4	 .0971	0.018	701	1	100.0	30
09/26/20	11:30 a	85.0	85.6	84.5	100	85.0	2.0	S	1.00	5.0	SSW	85.0	107.6	107.6	117.8	29.831	0.00	0.00	1055	45.37	1288	9.9	2.12	10.6	0.000	0.417	-52.3	0	---	-52.4	-52.4	 .0971	0.000	701	1	100.0	30
09/26/20	12:00 p	85.9	87.0	84.9	100	85.9	2.0	S	1.00	10.0	SSW	85.9	112.6	112.6	123.6	29.831	0.00	0.00	1075	46.23	1113	10.0	2.14	10.2	0.000	0.435	-52.3	0	---	-52.4	-52.4	 .0971	0.027	701	1	100.0	30
09/26/20	12:30 p	85.6	85.9	85.1	100	85.6	3.0	SW	1.50	8.0	SSW	85.6	111.0	111.0	122.3	29.831	0.00	0.00	1008	43.35	1146	9.0	1.93	10.2	0.000	0.429	-52.3	0	---	-52.4	-52.4	 .0971	0.000	698	1	100.0	30
09/26/20	1:00 p	84.9	86.4	84.5	100	84.9	2.0	SSW	1.00	8.0	NW	84.9	107.2	107.2	120.5	29.831	0.00	0.00	833	35.82	1278	7.4	1.59	9.4	0.000	0.415	-52.3	0	---	-52.4	-52.4	 .0971	0.023	702	1	100.0	30
09/26/20	1:30 p	86.1	86.3	85.0	100	86.1	2.0	SW	1.00	7.0	SSW	86.1	113.9	113.9	127.4	29.831	0.00	0.00	990	42.58	1222	7.4	1.59	8.7	0.000	0.440	-52.3	0	---	-52.4	-52.4	 .0971	0.000	698	1	100.0	30
09/26/20	2:00 p	84.8	86.0	84.8	100	84.8	2.0	SW	1.00	8.0	WNW	84.8	106.7	106.7	119.5	29.831	0.00	0.00	853	36.68	1086	5.5	1.18	7.1	0.000	0.413	-52.3	0	---	-52.4	-52.4	 .0971	0.022	700	1	100.0	30
09/26/20	2:30 p	84.4	85.4	84.3	100	84.4	2.0	SW	1.00	6.0	W	84.4	104.9	104.9	117.6	29.831	0.00	0.00	655	28.17	765	4.0	0.86	4.7	0.000	0.404	-52.3	0	---	-52.4	-52.4	 .0971	0.000	702	1	100.0	30
09/26/20	3:00 p	83.1	84.6	83.1	100	83.1	1.0	WSW	0.50	4.0	SSW	83.1	99.6	99.6	108.5	29.831	0.00	0.00	346	14.88	592	2.2	0.47	3.1	0.000	0.377	-52.3	0	---	-52.4	-52.4	 .0971	0.013	699	1	100.0	30
09/26/20	3:30 p	82.8	83.3	82.5	100	82.8	1.0	SSW	0.50	4.0	WSW	82.8	98.5	98.5	106.0	29.831	0.00	0.00	254	10.92	343	1.3	0.28	1.6	0.000	0.371	-52.3	0	---	-52.4	-52.4	 .0971	0.000	699	1	100.0	30
09/26/20	4:00 p	82.2	83.3	82.2	100	82.2	1.0	SSE	0.50	4.0	SSE	82.2	96.4	96.4	103.9	29.831	0.00	0.00	219	9.42	299	0.8	0.17	1.2	0.000	0.358	-52.3	0	---	-52.4	-52.4	 .0971	0.006	700	1	100.0	30
09/26/20	4:30 p	81.8	82.3	81.6	100	81.8	1.0	SSE	0.50	4.0	SSE	81.8	95.1	95.1	99.7	29.831	0.00	0.00	118	5.07	155	0.0	0.00	0.0	0.000	0.350	-52.3	0	---	-52.4	-52.4	 .0971	0.000	699	1	100.0	30
09/26/20	5:00 p	80.9	82.0	80.8	100	80.9	0.0	SSE	0.00	2.0	SSE	80.9	92.2	92.2	92.6	29.831	0.00	0.00	59	2.54	97	0.0	0.00	0.0	0.000	0.331	-52.3	0	---	-52.4	-52.4	 .0971	0.002	698	1	100.0	30
09/26/20	5:30 p	80.3	81.0	80.2	100	80.3	0.0	SSE	0.00	1.0	SSE	80.3	90.5	90.5	89.7	29.831	0.00	0.00	10	0.43	32	0.0	0.00	0.0	0.000	0.319	-52.3	0	---	-52.4	-52.4	 .0971	0.000	699	1	100.0	30
09/26/20	6:00 p	80.0	80.3	79.9	100	80.0	0.0	SSE	0.00	1.0	SSE	80.0	89.6	89.6	88.6	29.831	0.00	0.00	0	0.00	0	0.0	0.00	0.0	0.000	0.313	-52.3	0	---	-52.4	-52.4	 .0971	0.000	698	1	100.0	30
09/26/20	6:30 p	79.3	80.0	79.3	100	79.3	0.0	SSE	0.00	1.0	SSE	79.3	87.6	87.6	86.5	29.831	0.00	0.00	0	0.00	0	0.0	0.00	0.0	0.000	0.298	-52.3	0	---	-52.4	-52.4	 .0971	0.000	702	1	100.0	30
09/26/20	7:00 p	79.1	79.4	79.1	100	79.1	0.0	SSE	0.00	1.0	SSE	79.1	87.1	87.1	86.0	29.831	0.00	0.00	0	0.00	0	0.0	0.00	0.0	0.000	0.294	-52.3	0	---	-52.4	-52.4	 .0971	0.000	703	1	100.0	30
09/26/20	7:30 p	78.7	79.1	78.7	100	78.7	0.0	---	0.00	0.0	---	78.7	86.1	86.1	85.0	29.831	0.01	0.00	0	0.00	0	0.0	0.00	0.0	0.000	0.285	-52.3	0	---	-52.4	-52.4	 .0971	0.000	700	1	100.0	30
09/26/20	8:00 p	78.7	78.9	78.6	100	78.7	0.0	---	0.00	0.0	---	78.7	86.1	86.1	85.0	29.831	0.00	0.00	0	0.00	0	0.0	0.00	0.0	0.000	0.285	-52.3	0	---	-52.4	-52.4	 .0971	0.000	701	1	100.0	30
09/26/20	8:30 p	78.6	78.8	78.6	100	78.6	0.0	---	0.00	0.0	---	78.6	85.8	85.8	84.7	29.831	0.00	0.00	0	0.00	0	0.0	0.00	0.0	0.000	0.283	-52.3	0	---	-52.4	-52.4	 .0971	0.000	698	1	100.0	30
09/26/20	9:00 p	78.3	78.6	78.3	100	78.3	0.0	---	0.00	0.0	---	78.3	85.1	85.1	84.0	29.831	0.00	0.00	0	0.00	0	0.0	0.00	0.0	0.000	0.277	-52.3	0	---	-52.4	-52.4	 .0971	0.000	700	1	100.0	30
09/26/20	9:30 p	77.5	78.3	77.5	100	77.5	0.0	---	0.00	0.0	---	77.5	83.3	83.3	82.1	29.831	0.00	0.00	0	0.00	0	0.0	0.00	0.0	0.000	0.260	-52.3	0	---	-52.4	-52.4	 .0971	0.000	699	1	100.0	30
09/26/20	10:00 p	77.0	77.5	77.0	100	77.0	0.0	---	0.00	0.0	---	77.0	82.2	82.2	81.0	29.831	0.00	0.00	0	0.00	0	0.0	0.00	0.0	0.000	0.250	-52.3	0	---	-52.4	-52.4	 .0971	0.000	699	1	100.0	30
09/26/20	10:30 p	76.6	77.1	76.6	100	76.6	0.0	---	0.00	0.0	---	76.6	81.4	81.4	80.2	29.831	0.00	0.00	0	0.00	0	0.0	0.00	0.0	0.000	0.242	-52.3	0	---	-52.4	-52.4	 .0971	0.000	703	1	100.0	30
09/26/20	11:00 p	76.3	76.6	76.2	100	76.3	0.0	---	0.00	0.0	---	76.3	80.9	80.9	79.7	29.831	0.00	0.00	0	0.00	0	0.0	0.00	0.0	0.000	0.235	-52.3	0	---	-52.4	-52.4	 .0971	0.000	702	1	100.0	30
09/26/20	11:30 p	75.8	76.3	75.8	100	75.8	0.0	---	0.00	0.0	---	75.8	80.0	80.0	78.7	29.831	0.00	0.00	0	0.00	0	0.0	0.00	0.0	0.000	0.225	-52.3	0	---	-52.4	-52.4	 .0971	0.000	703	1	100.0	30
09/27/20	12:00 a	75.8	76.0	75.7	100	75.8	0.0	---	0.00	0.0	---	75.8	80.0	80.0	78.7	29.831	0.00	0.00	0	0.00	0	0.0	0.00	0.0	0.000	0.225	-52.3	0	---	-52.4	-52.4	 .0971	0.000	701	1	100.0	30
09/27/20	12:30 a	75.8	75.9	75.7	100	75.8	0.0	---	0.00	0.0	---	75.8	80.0	80.0	78.7	29.831	0.00	0.00	0	0.00	0	0.0	0.00	0.0	0.000	0.225	-52.3	0	---	-52.4	-52.4	 .0971	0.000	700	1	100.0	30
09/27/20	1:00 a	75.9	75.9	75.7	100	75.9	0.0	SSE	0.00	1.0	SSE	75.9	80.2	80.2	78.9	29.831	0.00	0.00	0	0.00	0	0.0	0.00	0.0	0.000	0.227	-52.3	0	---	-52.4	-52.4	 .0971	0.000	702	1	100.0	30
09/27/20	1:30 a	75.8	75.9	75.7	100	75.8	0.0	SSE	0.00	2.0	SSE	75.8	80.0	80.0	78.7	29.831	0.00	0.00	0	0.00	0	0.0	0.00	0.0	0.000	0.225	-52.3	0	---	-52.4	-52.4	 .0971	0.000	700	1	100.0	30
09/27/20	2:00 a	75.3	75.9	75.3	100	75.3	0.0	SSE	0.00	1.0	SSE	75.3	79.3	79.3	78.0	29.831	0.00	0.00	0	0.00	0	0.0	0.00	0.0	0.000	0.215	-51.1	0	---	-51.2	-51.2	 .0968	0.000	698	1	100.0	30
09/27/20	2:30 a	75.2	75.3	75.1	100	75.2	0.0	SSE	0.00	1.0	SSE	75.2	79.1	79.1	77.8	29.831	0.00	0.00	0	0.00	0	0.0	0.00	0.0	0.000	0.212	-52.3	0	---	-52.4	-52.4	 .0971	0.000	699	1	100.0	30
09/27/20	3:00 a	75.1	75.2	75.0	100	75.1	0.0	---	0.00	0.0	---	75.1	78.9	78.9	77.6	29.831	0.00	0.00	0	0.00	0	0.0	0.00	0.0	0.000	0.210	-52.3	0	---	-52.4	-52.4	 .0971	0.000	700	1	100.0	30
09/27/20	3:30 a	74.8	75.1	74.8	100	74.8	0.0	---	0.00	0.0	---	74.8	78.6	78.6	77.3	29.831	0.00	0.00	0	0.00	0	0.0	0.00	0.0	0.000	0.204	-52.3	0	---	-52.4	-52.4	 .0971	0.000	702	1	100.0	30
09/27/20	4:00 a	74.8	75.0	74.8	100	74.8	0.0	---	0.00	0.0	---	74.8	78.6	78.6	77.3	29.831	0.00	0.00	0	0.00	0	0.0	0.00	0.0	0.000	0.204	-52.3	0	---	-52.4	-52.4	 .0971	0.000	699	1	100.0	30
09/27/20	4:30 a	75.0	75.0	74.7	100	75.0	0.0	---	0.00	0.0	---	75.0	78.8	78.8	77.5	29.831	0.00	0.00	0	0.00	0	0.0	0.00	0.0	0.000	0.208	-52.3	0	---	-52.4	-52.4	 .0971	0.000	699	1	100.0	30
09/27/20	5:00 a	75.1	75.1	74.9	100	75.1	0.0	---	0.00	0.0	---	75.1	78.9	78.9	77.6	29.831	0.00	0.00	0	0.00	0	0.0	0.00	0.0	0.000	0.210	-52.3	0	---	-52.4	-52.4	 .0971	0.000	703	1	100.0	30
09/27/20	5:30 a	75.0	75.1	74.9	100	75.0	0.0	---	0.00	0.0	---	75.0	78.8	78.8	77.5	29.831	0.00	0.00	0	0.00	0	0.0	0.00	0.0	0.000	0.208	-52.3	0	---	-52.4	-52.4	 .0971	0.000	701	1	100.0	30
09/27/20	6:00 a	75.8	75.8	75.0	100	75.8	0.0	SSE	0.00	1.0	SSE	75.8	80.0	80.0	79.2	29.831	0.00	0.00	22	0.95	39	0.0	0.00	0.0	0.000	0.225	-52.3	0	---	-52.4	-52.4	 .0971	0.000	702	1	100.0	30
09/27/20	6:30 a	76.8	76.8	75.8	100	76.8	0.0	---	0.00	0.0	---	76.8	81.8	81.8	84.2	29.831	0.00	0.00	67	2.88	93	0.0	0.00	0.0	0.000	0.246	-52.3	0	---	-52.4	-52.4	 .0971	0.000	700	1	100.0	30
09/27/20	7:00 a	77.5	77.5	76.6	100	77.5	0.0	---	0.00	0.0	---	77.5	83.3	83.3	86.6	29.831	0.00	0.00	98	4.21	146	0.4	0.09	0.7	0.000	0.260	-52.3	0	---	-52.4	-52.4	 .0971	0.002	700	1	100.0	30
09/27/20	7:30 a	78.7	78.9	77.4	100	78.7	0.0	SSE	0.00	1.0	SSE	78.7	86.1	86.1	91.2	29.831	0.00	0.00	164	7.05	272	0.8	0.17	1.3	0.000	0.285	-52.3	0	---	-52.4	-52.4	 .0971	0.000	698	1	100.0	30
09/27/20	8:00 a	79.1	79.2	78.5	100	79.1	0.0	SSE	0.00	3.0	SSE	79.1	87.1	87.1	91.5	29.831	0.00	0.00	165	7.10	271	1.2	0.26	1.4	0.000	0.294	-52.3	0	---	-52.4	-52.4	 .0971	0.004	703	1	100.0	30
09/27/20	8:30 a	79.1	79.9	78.8	100	79.1	1.0	ESE	0.50	4.0	ESE	79.1	87.1	87.1	92.6	29.831	0.00	0.00	225	9.68	290	1.6	0.34	2.2	0.000	0.294	-52.3	0	---	-52.4	-52.4	 .0971	0.000	700	1	100.0	30
09/27/20	9:00 a	79.7	80.2	79.0	100	79.7	1.0	SE	0.50	4.0	SE	79.7	88.8	88.8	92.7	29.831	0.00	0.00	177	7.61	294	1.5	0.32	2.2	0.000	0.306	-52.3	0	---	-52.4	-52.4	 .0971	0.005	701	1	100.0	30
09/27/20	9:30 a	80.6	81.5	79.6	100	80.6	1.0	N	0.50	5.0	SSE	80.6	91.3	91.3	98.6	29.831	0.00	0.00	336	14.45	524	3.0	0.64	4.3	0.000	0.325	-52.3	0	---	-52.4	-52.4	 .0971	0.000	700	1	100.0	30
09/27/20	10:00 a	81.3	81.8	80.7	100	81.3	1.0	SSE	0.50	4.0	SSE	81.3	93.5	93.5	98.8	29.831	0.00	0.00	241	10.36	339	2.8	0.60	3.4	0.000	0.340	-52.3	0	---	-52.4	-52.4	 .0971	0.007	699	1	100.0	30
09/27/20	10:30 a	83.2	83.7	80.9	100	83.2	1.0	SSE	0.50	4.0	SSE	83.2	100.0	100.0	109.7	29.831	0.00	0.00	464	19.95	624	5.1	1.09	7.8	0.000	0.379	70.2	0	---	64.3	0.05	 .0747	0.000	700	1	100.0	30
09/27/20	11:00 a	82.0	83.3	82.0	100	82.0	1.0	SSE	0.50	7.0	SE	82.0	95.7	95.7	105.2	29.831	0.01	0.00	444	19.09	584	5.2	1.11	6.7	0.000	0.354	-52.3	0	---	-52.4	-52.4	 .0971	0.012	700	1	100.0	30
09/27/20	11:30 a	81.7	82.3	81.6	100	81.7	2.0	ESE	1.00	6.0	SSE	81.7	94.7	94.7	103.2	29.831	0.00	0.00	384	16.51	536	4.4	0.94	5.6	0.000	0.348	-52.3	0	---	-52.4	-52.4	 .0971	0.000	702	1	100.0	30
09/27/20	12:00 p	83.6	83.9	81.4	100	83.6	2.0	SE	1.00	10.0	SW	83.6	101.5	101.5	113.2	29.831	0.00	0.00	588	25.29	1334	6.5	1.39	10.4	0.000	0.387	-52.3	0	---	-52.4	-52.4	 .0971	0.014	700	1	100.0	30
09/27/20	12:30 p	84.1	84.8	82.0	100	84.1	3.0	SE	1.50	10.0	SE	84.1	103.5	103.5	115.1	29.831	0.00	0.00	584	25.12	1292	7.4	1.59	10.8	0.000	0.398	-52.3	0	---	-52.4	-52.4	 .0971	0.000	701	1	100.0	30
09/27/20	1:00 p	84.5	85.1	83.0	100	84.5	3.0	ESE	1.50	10.0	SSE	84.5	105.3	105.3	118.3	29.831	0.00	0.00	1061	45.63	1245	7.9	1.69	9.4	0.000	0.406	-52.3	0	---	-52.4	-52.4	 .0971	0.023	699	1	100.0	30
09/27/20	1:30 p	83.2	85.1	83.1	100	83.2	3.0	SSE	1.50	10.0	SSE	83.2	100.0	100.0	113.0	29.831	0.00	0.00	796	34.23	1011	6.4	1.37	7.8	0.000	0.379	-52.3	0	---	-52.4	-52.4	 .0971	0.000	699	1	100.0	30
09/27/20	2:00 p	83.1	84.8	83.1	100	83.1	2.0	SE	1.00	8.0	ESE	83.1	99.6	99.6	111.1	29.831	0.00	0.00	565	24.30	1056	4.9	1.05	7.3	0.000	0.377	-52.3	0	---	-52.4	-52.4	 .0971	0.019	701	1	100.0	30
09/27/20	2:30 p	83.8	84.0	82.6	100	83.8	2.0	SE	1.00	8.0	SE	83.8	102.3	102.3	114.6	29.831	0.00	0.00	596	25.63	914	3.9	0.84	5.2	0.000	0.392	-52.3	0	---	-52.4	-52.4	 .0971	0.000	702	1	100.0	30
09/27/20	3:00 p	81.7	83.8	81.7	100	81.7	2.0	SE	1.00	9.0	ESE	81.7	94.7	94.7	103.9	29.831	0.00	0.00	364	15.65	478	2.3	0.49	3.0	0.000	0.348	-52.3	0	---	-52.4	-52.4	 .0971	0.012	701	1	100.0	30
09/27/20	3:30 p	81.0	81.7	81.0	100	81.0	1.0	ESE	0.50	7.0	SE	81.0	92.5	92.5	98.6	29.831	0.00	0.00	204	8.77	251	1.1	0.24	1.6	0.000	0.333	-52.3	0	---	-52.4	-52.4	 .0971	0.000	702	1	100.0	30
09/27/20	4:00 p	81.2	81.7	81.0	100	81.2	1.0	N	0.50	3.0	SE	81.2	93.1	93.1	99.6	29.831	0.00	0.00	191	8.21	251	0.7	0.15	1.1	0.000	0.337	-52.3	0	---	-52.4	-52.4	 .0971	0.005	703	1	100.0	30
09/27/20	4:30 p	78.0	81.2	78.0	100	78.0	1.0	E	0.50	11.0	NNE	78.0	84.4	84.4	85.3	29.831	0.05	0.51	34	1.46	107	0.0	0.00	0.0	0.000	0.271	-52.3	0	---	-52.4	-52.4	 .0971	0.000	700	1	100.0	30
09/27/20	5:00 p	74.0	77.9	74.0	100	74.0	1.0	NW	0.50	10.0	WSW	74.0	77.6	77.6	76.8	29.831	0.16	1.22	14	0.60	19	0.0	0.00	0.0	0.000	0.188	-52.3	0	---	-52.4	-52.4	 .0971	0.001	700	1	100.0	30
09/27/20	5:30 p	73.9	74.0	73.6	100	73.9	0.0	NW	0.00	2.0	NW	73.9	77.5	77.5	76.5	29.831	0.05	0.59	9	0.39	19	0.0	0.00	0.0	0.000	0.185	-52.3	0	---	-52.4	-52.4	 .0971	0.000	700	1	100.0	30
09/27/20	6:00 p	73.9	74.2	73.9	100	73.9	0.0	W	0.00	2.0	W	73.9	77.5	77.5	76.3	29.831	0.00	0.00	0	0.00	0	0.0	0.00	0.0	0.000	0.185	-52.3	0	---	-52.4	-52.4	 .0971	0.000	701	1	100.0	30
09/27/20	6:30 p	73.8	74.0	73.8	100	73.8	0.0	W	0.00	2.0	W	73.8	77.4	77.4	76.2	29.831	0.02	0.05	0	0.00	0	0.0	0.00	0.0	0.000	0.183	-52.3	0	---	-52.4	-52.4	 .0971	0.000	698	1	100.0	30
09/27/20	7:00 p	73.7	73.9	73.6	100	73.7	0.0	W	0.00	1.0	W	73.7	77.3	77.3	76.1	29.831	0.03	0.08	0	0.00	0	0.0	0.00	0.0	0.000	0.181	-52.3	0	---	-52.4	-52.4	 .0971	0.000	703	1	100.0	30
09/27/20	7:30 p	72.6	73.7	72.6	100	72.6	1.0	N	0.50	3.0	N	72.6	76.2	76.2	74.9	29.831	0.01	0.04	0	0.00	0	0.0	0.00	0.0	0.000	0.158	-52.3	0	---	-52.4	-52.4	 .0971	0.000	699	1	100.0	30
09/27/20	8:00 p	73.0	73.1	72.5	100	73.0	1.0	NNE	0.50	5.0	N	73.0	76.6	76.6	75.4	29.831	0.01	0.00	0	0.00	0	0.0	0.00	0.0	0.000	0.167	-52.3	0	---	-52.4	-52.4	 .0971	0.000	701	1	100.0	30
09/27/20	8:30 p	73.1	73.3	73.0	100	73.1	0.0	NNE	0.00	2.0	NNE	73.1	76.7	76.7	75.5	29.831	0.02	0.00	0	0.00	0	0.0	0.00	0.0	0.000	0.169	-52.3	0	---	-52.4	-52.4	 .0971	0.000	700	1	100.0	30
09/27/20	9:00 p	73.0	73.3	73.0	100	73.0	0.0	NNE	0.00	1.0	NNE	73.0	76.6	76.6	75.4	29.831	0.00	0.00	0	0.00	0	0.0	0.00	0.0	0.000	0.167	-52.3	0	---	-52.4	-52.4	 .0971	0.000	701	1	100.0	30
09/27/20	9:30 p	72.7	73.2	72.7	100	72.7	0.0	NNE	0.00	1.0	NNE	72.7	76.3	76.3	75.0	29.831	0.00	0.00	0	0.00	0	0.0	0.00	0.0	0.000	0.160	-52.3	0	---	-52.4	-52.4	 .0971	0.000	703	1	100.0	30
09/27/20	10:00 p	73.0	73.0	72.6	100	73.0	0.0	NNE	0.00	1.0	NNE	73.0	76.6	76.6	75.4	29.831	0.00	0.00	0	0.00	0	0.0	0.00	0.0	0.000	0.167	-52.3	0	---	-52.4	-52.4	 .0971	0.000	700	1	100.0	30
09/27/20	10:30 p	72.9	73.0	72.8	100	72.9	0.0	NNE	0.00	1.0	NNE	72.9	76.5	76.5	75.2	29.831	0.00	0.00	0	0.00	0	0.0	0.00	0.0	0.000	0.165	-52.3	0	---	-52.4	-52.4	 .0971	0.000	700	1	100.0	30
09/27/20	11:00 p	73.1	73.1	72.9	100	73.1	0.0	NNE	0.00	1.0	NNE	73.1	76.7	76.7	75.5	29.831	0.00	0.00	0	0.00	0	0.0	0.00	0.0	0.000	0.169	-52.3	0	---	-52.4	-52.4	 .0971	0.000	698	1	100.0	30
09/27/20	11:30 p	73.4	73.4	73.0	100	73.4	0.0	NNE	0.00	1.0	NNE	73.4	77.0	77.0	75.8	29.831	0.00	0.00	0	0.00	0	0.0	0.00	0.0	0.000	0.175	-52.3	0	---	-52.4	-52.4	 .0971	0.000	702	1	100.0	30
09/28/20	12:00 a	73.4	73.5	73.3	100	73.4	0.0	---	0.00	0.0	---	73.4	77.0	77.0	75.8	29.831	0.00	0.00	0	0.00	0	0.0	0.00	0.0	0.000	0.175	-52.3	0	---	-52.4	-52.4	 .0971	0.000	690	1	100.0	30
09/28/20	12:30 a	73.3	73.6	73.2	100	73.3	0.0	NNE	0.00	2.0	NNE	73.3	76.9	76.9	75.7	29.831	0.00	0.00	0	0.00	0	0.0	0.00	0.0	0.000	0.173	-52.3	0	---	-52.4	-52.4	 .0971	0.000	698	1	100.0	30
09/28/20	1:00 a	73.2	73.4	73.1	100	73.2	0.0	NNE	0.00	1.0	NNE	73.2	76.8	76.8	75.6	29.831	0.00	0.00	0	0.00	0	0.0	0.00	0.0	0.000	0.171	-52.3	0	---	-52.4	-52.4	 .0971	0.000	699	1	100.0	30
09/28/20	1:30 a	72.6	73.2	72.5	100	72.6	0.0	NNE	0.00	1.0	NNE	72.6	76.2	76.2	74.9	29.831	0.00	0.00	0	0.00	0	0.0	0.00	0.0	0.000	0.158	-52.3	0	---	-52.4	-52.4	 .0971	0.000	698	1	100.0	30
09/28/20	2:00 a	72.7	72.7	72.4	100	72.7	0.0	NNE	0.00	1.0	NNE	72.7	76.3	76.3	75.0	29.831	0.00	0.00	0	0.00	0	0.0	0.00	0.0	0.000	0.160	-52.3	0	---	-52.4	-52.4	 .0971	0.000	701	1	100.0	30
09/28/20	2:30 a	73.0	73.1	72.7	100	73.0	0.0	NNE	0.00	1.0	NNE	73.0	76.6	76.6	75.4	29.831	0.00	0.00	0	0.00	0	0.0	0.00	0.0	0.000	0.167	-52.3	0	---	-52.4	-52.4	 .0971	0.000	700	1	100.0	30
09/28/20	3:00 a	73.3	73.4	72.9	100	73.3	0.0	---	0.00	0.0	---	73.3	76.9	76.9	75.7	29.831	0.00	0.00	0	0.00	0	0.0	0.00	0.0	0.000	0.173	-52.3	0	---	-52.4	-52.4	 .0971	0.000	700	1	100.0	30
09/28/20	3:30 a	73.5	73.6	73.3	100	73.5	0.0	---	0.00	0.0	---	73.5	77.1	77.1	75.9	29.831	0.00	0.00	0	0.00	0	0.0	0.00	0.0	0.000	0.177	-52.3	0	---	-52.4	-52.4	 .0971	0.000	697	1	100.0	30
09/28/20	4:00 a	73.9	73.9	73.5	100	73.9	0.0	NNE	0.00	1.0	NNE	73.9	77.5	77.5	76.3	29.831	0.01	0.00	0	0.00	0	0.0	0.00	0.0	0.000	0.185	-52.3	0	---	-52.4	-52.4	 .0971	0.000	700	1	100.0	30
09/28/20	4:30 a	73.8	73.9	73.7	100	73.8	0.0	---	0.00	0.0	---	73.8	77.4	77.4	76.2	29.831	0.00	0.00	0	0.00	0	0.0	0.00	0.0	0.000	0.183	-52.3	0	---	-52.4	-52.4	 .0971	0.000	698	1	100.0	30
09/28/20	5:00 a	73.6	73.8	73.5	100	73.6	0.0	---	0.00	0.0	---	73.6	77.2	77.2	76.0	29.831	0.00	0.00	0	0.00	0	0.0	0.00	0.0	0.000	0.179	-52.3	0	---	-52.4	-52.4	 .0971	0.000	701	1	100.0	30
09/28/20	5:30 a	73.4	73.6	73.3	100	73.4	0.0	NNE	0.00	1.0	NNE	73.4	77.0	77.0	75.8	29.831	0.00	0.00	0	0.00	5	0.0	0.00	0.0	0.000	0.175	-52.3	0	---	-52.4	-52.4	 .0971	0.000	700	1	100.0	30
09/28/20	6:00 a	73.5	73.5	73.4	100	73.5	0.0	NNE	0.00	1.0	NNE	73.5	77.1	77.1	76.1	29.831	0.00	0.00	11	0.47	19	0.0	0.00	0.0	0.000	0.177	-52.3	0	---	-52.4	-52.4	 .0971	0.000	700	1	100.0	30
09/28/20	6:30 a	74.4	74.5	73.5	100	74.4	0.0	NNE	0.00	1.0	NNE	74.4	78.1	78.1	78.6	29.831	0.00	0.00	27	1.16	37	0.0	0.00	0.0	0.000	0.196	-52.3	0	---	-52.4	-52.4	 .0971	0.000	700	1	100.0	30
09/28/20	7:00 a	75.4	75.4	74.4	100	75.4	0.0	NNE	0.00	2.0	NNE	75.4	79.4	79.4	79.9	29.831	0.00	0.00	33	1.42	44	0.0	0.00	0.0	0.000	0.217	-52.3	0	---	-52.4	-52.4	 .0971	0.001	701	1	100.0	30
09/28/20	7:30 a	76.1	76.2	75.4	100	76.1	0.0	NNE	0.00	2.0	NNE	76.1	80.5	80.5	81.1	29.831	0.00	0.00	39	1.68	53	0.0	0.00	0.0	0.000	0.231	-52.3	0	---	-52.4	-52.4	 .0971	0.000	701	1	100.0	30
09/28/20	8:00 a	77.4	77.6	76.1	100	77.4	1.0	NNE	0.50	2.0	NNE	77.4	83.1	83.1	84.7	29.831	0.00	0.00	75	3.23	162	1.1	0.24	2.3	0.000	0.258	-52.3	0	---	-52.4	-52.4	 .0971	0.001	701	1	100.0	30
09/28/20	8:30 a	77.7	77.8	77.4	100	77.7	0.0	NNE	0.00	1.0	NNE	77.7	83.7	83.7	86.2	29.831	0.00	0.00	115	4.95	142	1.7	0.36	2.1	0.000	0.265	-52.3	0	---	-52.4	-52.4	 .0971	0.000	700	1	100.0	30
09/28/20	9:00 a	79.6	79.6	77.5	100	79.6	1.0	SSW	0.50	4.0	SSW	79.6	88.5	88.5	99.0	29.831	0.00	0.00	497	21.37	687	4.1	0.88	5.4	0.000	0.304	-52.3	0	---	-52.4	-52.4	 .0971	0.007	701	1	100.0	30
09/28/20	9:30 a	83.3	83.3	79.6	100	83.3	2.0	SSW	1.00	5.0	S	83.3	100.4	100.4	113.1	29.831	0.00	0.00	708	30.45	756	6.0	1.29	6.7	0.000	0.381	-52.3	0	---	-52.4	-52.4	 .0971	0.000	700	1	100.0	30
09/28/20	10:00 a	84.3	84.3	83.1	100	84.3	2.0	SSW	1.00	6.0	S	84.3	104.5	104.5	117.5	29.831	0.00	0.00	860	36.98	935	7.3	1.56	8.0	0.000	0.402	-52.3	0	---	-52.4	-52.4	 .0971	0.020	701	1	100.0	30
09/28/20	10:30 a	84.8	84.8	83.9	100	84.8	2.0	S	1.00	6.0	S	84.8	106.7	106.7	118.3	29.831	0.00	0.00	1005	43.22	1107	8.6	1.84	9.3	0.000	0.413	-52.3	0	---	-52.4	-52.4	 .0971	0.000	701	1	100.0	30
09/28/20	11:00 a	84.6	85.2	82.9	100	84.6	2.0	SSW	1.00	7.0	SSE	84.6	105.8	105.8	116.5	29.831	0.00	0.00	1012	43.52	1336	8.7	1.86	10.7	0.000	0.408	-52.3	0	---	-52.4	-52.4	 .0971	0.025	701	1	100.0	30
09/28/20	11:30 a	83.0	85.8	82.8	100	83.0	2.0	S	1.00	6.0	SSE	83.0	99.2	99.2	112.4	29.831	0.00	0.00	757	32.56	1288	7.5	1.61	10.7	0.000	0.375	-52.3	0	---	-52.4	-52.4	 .0971	0.000	702	1	100.0	30
09/28/20	12:00 p	83.6	84.2	83.1	100	83.6	2.0	SSW	1.00	7.0	SW	83.6	101.5	101.5	114.2	29.831	0.00	0.00	690	29.67	905	7.1	1.52	9.4	0.000	0.387	-52.3	0	---	-52.4	-52.4	 .0971	0.018	702	1	100.0	30
09/28/20	12:30 p	84.4	85.0	83.1	100	84.4	2.0	SSW	1.00	6.0	S	84.4	104.9	104.9	117.6	29.831	0.00	0.00	687	29.54	1285	7.0	1.50	11.0	0.000	0.404	-52.3	0	---	-52.4	-52.4	 .0971	0.000	700	1	100.0	30
09/28/20	1:00 p	83.9	84.6	83.4	100	83.9	2.0	SE	1.00	7.0	ESE	83.9	102.7	102.7	115.5	29.831	0.00	0.00	712	30.62	1042	6.6	1.41	8.7	0.000	0.394	-52.3	0	---	-52.4	-52.4	 .0971	0.019	702	1	100.0	30
09/28/20	1:30 p	85.6	85.6	84.0	100	85.6	2.0	SE	1.00	7.0	SSE	85.6	111.0	111.0	123.5	29.831	0.00	0.00	930	40.00	1004	7.3	1.56	8.0	0.000	0.429	-52.3	0	---	-52.4	-52.4	 .0971	0.000	700	1	100.0	30
09/28/20	2:00 p	84.5	85.8	84.3	100	84.5	2.0	SSE	1.00	7.0	S	84.5	105.3	105.3	118.1	29.831	0.00	0.00	853	36.68	916	5.8	1.24	6.5	0.000	0.406	-52.3	0	---	-52.4	-52.4	 .0971	0.022	699	1	100.0	30
09/28/20	2:30 p	84.5	84.7	83.4	100	84.5	2.0	SE	1.00	9.0	ESE	84.5	105.3	105.3	117.9	29.831	0.00	0.00	691	29.72	916	4.0	0.86	5.4	0.000	0.406	-52.3	0	---	-52.4	-52.4	 .0971	0.000	699	1	100.0	30
09/28/20	3:00 p	84.4	85.0	83.2	100	84.4	1.0	SE	0.50	6.0	SSE	84.4	104.9	104.9	117.4	29.831	0.00	0.00	567	24.38	737	2.9	0.62	3.8	0.000	0.404	-52.3	0	---	-52.4	-52.4	 .0971	0.015	700	1	100.0	30
09/28/20	3:30 p	83.5	84.5	83.2	100	83.5	1.0	SSE	0.50	6.0	ESE	83.5	101.1	101.1	112.4	29.831	0.00	0.00	417	17.93	647	1.8	0.39	2.5	0.000	0.385	-52.3	0	---	-52.4	-52.4	 .0971	0.000	701	1	100.0	30
09/28/20	4:00 p	82.2	83.5	82.0	100	82.2	0.0	NE	0.00	3.0	NE	82.2	96.4	96.4	103.5	29.831	0.00	0.00	206	8.86	308	0.9	0.19	1.2	0.000	0.358	-52.3	0	---	-52.4	-52.4	 .0971	0.008	702	1	100.0	30
09/28/20	4:30 p	80.5	82.2	80.4	100	80.5	0.0	NE	0.00	2.0	NE	80.5	91.1	91.1	94.6	29.831	0.00	0.00	93	4.00	148	0.1	0.02	0.6	0.000	0.323	-52.3	0	---	-52.4	-52.4	 .0971	0.000	701	1	100.0	30
09/28/20	5:00 p	79.4	80.5	79.4	100	79.4	0.0	NE	0.00	1.0	NE	79.4	87.9	87.9	87.3	29.831	0.01	0.00	19	0.82	39	0.0	0.00	0.0	0.000	0.300	-52.3	0	---	-52.4	-52.4	 .0971	0.001	702	1	100.0	30
09/28/20	5:30 p	77.4	79.4	77.4	100	77.4	1.0	N	0.50	5.0	NNW	77.4	83.1	83.1	82.1	29.831	0.00	0.00	4	0.17	12	0.0	0.00	0.0	0.000	0.258	-52.3	0	---	-52.4	-52.4	 .0971	0.000	701	1	100.0	30
09/28/20	6:00 p	76.7	77.5	76.7	100	76.7	1.0	NNW	0.50	4.0	WNW	76.7	81.6	81.6	80.4	29.831	0.00	0.00	0	0.00	0	0.0	0.00	0.0	0.000	0.244	-52.3	0	---	-52.4	-52.4	 .0971	0.000	699	1	100.0	30
09/28/20	6:30 p	76.6	76.7	76.4	100	76.6	1.0	NW	0.50	5.0	NNW	76.6	81.4	81.4	80.2	29.831	0.00	0.00	0	0.00	0	0.0	0.00	0.0	0.000	0.242	-52.3	0	---	-52.4	-52.4	 .0971	0.000	702	1	100.0	30
09/28/20	7:00 p	76.3	76.6	76.2	100	76.3	0.0	N	0.00	2.0	NNE	76.3	80.9	80.9	79.7	29.831	0.00	0.00	0	0.00	0	0.0	0.00	0.0	0.000	0.235	-52.3	0	---	-52.4	-52.4	 .0971	0.000	703	1	100.0	30
09/28/20	7:30 p	75.9	76.4	75.8	100	75.9	0.0	N	0.00	2.0	N	75.9	80.2	80.2	79.0	29.831	0.00	0.00	0	0.00	0	0.0	0.00	0.0	0.000	0.227	-52.3	0	---	-52.4	-52.4	 .0971	0.000	697	1	100.0	30
09/28/20	8:00 p	75.1	75.8	75.1	100	75.1	0.0	N	0.00	1.0	N	75.1	78.9	78.9	77.7	29.831	0.00	0.00	0	0.00	0	0.0	0.00	0.0	0.000	0.210	-52.3	0	---	-52.4	-52.4	 .0971	0.000	702	1	100.0	30
09/28/20	8:30 p	75.1	75.1	75.0	100	75.1	0.0	N	0.00	1.0	N	75.1	78.9	78.9	77.7	29.831	0.00	0.00	0	0.00	0	0.0	0.00	0.0	0.000	0.210	-52.3	0	---	-52.4	-52.4	 .0971	0.000	702	1	100.0	30
09/28/20	9:00 p	74.9	75.2	74.9	100	74.9	0.0	N	0.00	1.0	N	74.9	78.7	78.7	77.4	29.831	0.00	0.00	0	0.00	0	0.0	0.00	0.0	0.000	0.206	-52.3	0	---	-52.4	-52.4	 .0971	0.000	699	1	100.0	30
09/28/20	9:30 p	74.9	75.0	74.8	100	74.9	0.0	---	0.00	0.0	---	74.9	78.7	78.7	77.4	29.831	0.00	0.00	0	0.00	0	0.0	0.00	0.0	0.000	0.206	-52.3	0	---	-52.4	-52.4	 .0971	0.000	699	1	100.0	30
09/28/20	10:00 p	74.7	75.0	74.7	100	74.7	0.0	---	0.00	0.0	---	74.7	78.4	78.4	77.1	29.831	0.00	0.00	0	0.00	0	0.0	0.00	0.0	0.000	0.202	-52.3	0	---	-52.4	-52.4	 .0971	0.000	701	1	100.0	30
09/28/20	10:30 p	74.7	74.8	74.6	100	74.7	0.0	---	0.00	0.0	---	74.7	78.4	78.4	77.1	29.831	0.00	0.00	0	0.00	0	0.0	0.00	0.0	0.000	0.202	-52.3	0	---	-52.4	-52.4	 .0971	0.000	699	1	100.0	30
09/28/20	11:00 p	74.7	74.7	74.6	100	74.7	0.0	---	0.00	0.0	---	74.7	78.4	78.4	77.1	29.831	0.00	0.00	0	0.00	0	0.0	0.00	0.0	0.000	0.202	-52.3	0	---	-52.4	-52.4	 .0971	0.000	699	1	100.0	30
09/28/20	11:30 p	75.1	75.1	74.6	100	75.1	0.0	---	0.00	0.0	---	75.1	78.9	78.9	77.7	29.831	0.00	0.00	0	0.00	0	0.0	0.00	0.0	0.000	0.210	-52.3	0	---	-52.4	-52.4	 .0971	0.000	701	1	100.0	30
09/29/20	12:00 a	75.3	75.4	75.0	100	75.3	0.0	---	0.00	0.0	---	75.3	79.3	79.3	78.1	29.831	0.00	0.00	0	0.00	0	0.0	0.00	0.0	0.000	0.215	-52.3	0	---	-52.4	-52.4	 .0971	0.000	699	1	100.0	30
09/29/20	12:30 a	75.2	75.4	75.2	100	75.2	0.0	---	0.00	0.0	---	75.2	79.1	79.1	77.9	29.831	0.00	0.00	0	0.00	0	0.0	0.00	0.0	0.000	0.212	-52.3	0	---	-52.4	-52.4	 .0971	0.000	699	1	100.0	30
09/29/20	1:00 a	75.5	75.6	75.2	100	75.5	1.0	ENE	0.50	3.0	ENE	75.5	79.6	79.6	78.4	29.831	0.00	0.00	0	0.00	0	0.0	0.00	0.0	0.000	0.219	-52.3	0	---	-52.4	-52.4	 .0971	0.000	698	1	100.0	30
09/29/20	1:30 a	75.2	75.5	75.0	100	75.2	2.0	NE	1.00	7.0	E	75.2	79.1	79.1	77.9	29.831	0.01	0.00	0	0.00	0	0.0	0.00	0.0	0.000	0.212	-52.3	0	---	-52.4	-52.4	 .0971	0.000	699	1	100.0	30
09/29/20	2:00 a	75.0	75.2	74.9	100	75.0	0.0	NNE	0.00	4.0	N	75.0	78.8	78.8	77.6	29.831	0.02	0.09	0	0.00	0	0.0	0.00	0.0	0.000	0.208	-52.3	0	---	-52.4	-52.4	 .0971	0.000	701	1	100.0	30
09/29/20	2:30 a	75.0	75.1	74.8	100	75.0	0.0	NNE	0.00	1.0	NNE	75.0	78.8	78.8	77.6	29.831	0.00	0.00	0	0.00	0	0.0	0.00	0.0	0.000	0.208	-52.3	0	---	-52.4	-52.4	 .0971	0.000	700	1	100.0	30
09/29/20	3:00 a	74.8	75.0	74.6	100	74.8	0.0	NNE	0.00	1.0	NNE	74.8	78.6	78.6	77.3	29.831	0.00	0.00	0	0.00	0	0.0	0.00	0.0	0.000	0.204	-52.3	0	---	-52.4	-52.4	 .0971	0.000	698	1	100.0	30
09/29/20	3:30 a	74.8	75.0	74.7	100	74.8	0.0	NNE	0.00	2.0	NNE	74.8	78.6	78.6	77.3	29.831	0.00	0.00	0	0.00	0	0.0	0.00	0.0	0.000	0.204	-52.3	0	---	-52.4	-52.4	 .0971	0.000	700	1	100.0	30
09/29/20	4:00 a	74.6	74.8	74.5	100	74.6	0.0	---	0.00	0.0	---	74.6	78.3	78.3	77.0	29.831	0.00	0.00	0	0.00	0	0.0	0.00	0.0	0.000	0.200	-52.3	0	---	-52.4	-52.4	 .0971	0.000	700	1	100.0	30
09/29/20	4:30 a	74.2	74.7	74.2	100	74.2	0.0	NNE	0.00	1.0	NNE	74.2	77.8	77.8	76.5	29.831	0.00	0.00	0	0.00	0	0.0	0.00	0.0	0.000	0.192	-52.3	0	---	-52.4	-52.4	 .0971	0.000	701	1	100.0	30
09/29/20	5:00 a	73.7	74.2	73.7	100	73.7	0.0	NNE	0.00	1.0	NNE	73.7	77.3	77.3	76.0	29.831	0.00	0.00	0	0.00	0	0.0	0.00	0.0	0.000	0.181	-52.3	0	---	-52.4	-52.4	 .0971	0.000	699	1	100.0	30
09/29/20	5:30 a	73.7	73.8	73.6	100	73.7	0.0	NNE	0.00	1.0	NNE	73.7	77.3	77.3	76.0	29.831	0.00	0.00	0	0.00	5	0.0	0.00	0.0	0.000	0.181	-52.3	0	---	-52.4	-52.4	 .0971	0.000	700	1	100.0	30
09/29/20	6:00 a	74.0	74.0	73.6	100	74.0	0.0	---	0.00	0.0	---	74.0	77.6	77.6	76.7	29.831	0.01	0.00	17	0.73	30	0.0	0.00	0.0	0.000	0.188	-52.3	0	---	-52.4	-52.4	 .0971	0.000	698	1	100.0	30
09/29/20	6:30 a	74.7	74.7	73.9	100	74.7	0.0	---	0.00	0.0	---	74.7	78.4	78.4	79.9	29.831	0.00	0.00	48	2.06	62	0.0	0.00	0.0	0.000	0.202	-52.3	0	---	-52.4	-52.4	 .0971	0.000	701	1	100.0	30
09/29/20	7:00 a	75.4	75.5	74.4	100	75.4	0.0	NNE	0.00	1.0	NNE	75.4	79.4	79.4	81.9	29.831	0.00	0.00	79	3.40	93	0.1	0.02	0.6	0.000	0.217	-52.3	0	---	-52.4	-52.4	 .0971	0.002	702	1	100.0	30
09/29/20	7:30 a	76.7	76.8	75.3	100	76.7	0.0	NNE	0.00	1.0	NNE	76.7	81.6	81.6	85.7	29.831	0.00	0.00	139	5.98	200	0.9	0.19	1.3	0.000	0.244	-52.3	0	---	-52.4	-52.4	 .0971	0.000	701	1	100.0	30
09/29/20	8:00 a	77.7	77.8	76.7	100	77.7	1.0	NNE	0.50	2.0	NNE	77.7	83.7	83.7	89.8	29.831	0.00	0.00	225	9.68	301	1.9	0.41	2.5	0.000	0.265	-52.3	0	---	-52.4	-52.4	 .0971	0.004	701	1	100.0	30
09/29/20	8:30 a	80.4	80.6	77.7	100	80.4	1.0	SE	0.50	3.0	NNE	80.4	90.8	90.8	101.5	29.831	0.00	0.00	470	20.21	524	3.3	0.71	3.9	0.000	0.321	-52.3	0	---	-52.4	-52.4	 .0971	0.000	700	1	100.0	30
09/29/20	9:00 a	83.0	83.0	80.4	100	83.0	1.0	SSE	0.50	7.0	SE	83.0	99.2	99.2	110.9	29.831	0.00	0.00	567	24.38	599	4.6	0.99	5.2	0.000	0.375	-52.3	0	---	-52.4	-52.4	 .0971	0.013	699	1	100.0	30
09/29/20	9:30 a	84.3	84.4	83.0	100	84.3	1.0	SSW	0.50	5.0	SSE	84.3	104.5	104.5	116.9	29.831	0.00	0.00	655	28.17	782	5.7	1.22	6.4	0.000	0.402	-52.3	0	---	-52.4	-52.4	 .0971	0.000	702	1	100.0	30
09/29/20	10:00 a	84.9	85.1	83.6	100	84.9	2.0	ESE	1.00	7.0	SE	84.9	107.2	107.2	120.3	29.831	0.00	0.00	841	36.17	976	7.1	1.52	7.9	0.000	0.415	-52.3	0	---	-52.4	-52.4	 .0971	0.019	702	1	100.0	30
09/29/20	10:30 a	85.2	85.4	84.3	100	85.2	2.0	SE	1.00	11.0	S	85.2	108.7	108.7	120.1	29.831	0.00	0.00	978	42.06	1078	8.3	1.78	9.0	0.000	0.421	-52.3	0	---	-52.4	-52.4	 .0971	0.000	699	1	100.0	30
09/29/20	11:00 a	84.8	85.5	84.3	100	84.8	3.0	ESE	1.50	8.0	SSE	84.8	106.7	106.7	117.6	29.831	0.00	0.00	1029	44.25	1060	9.2	1.97	9.5	0.000	0.413	-52.3	0	---	-52.4	-52.4	 .0971	0.025	700	1	100.0	30
09/29/20	11:30 a	85.4	86.1	84.7	100	85.4	2.0	SE	1.00	9.0	SSE	85.4	109.8	109.8	120.5	29.831	0.00	0.00	1078	46.36	1280	9.7	2.08	11.2	0.000	0.425	-52.3	0	---	-52.4	-52.4	 .0971	0.000	700	1	100.0	30
09/29/20	12:00 p	84.4	85.9	84.0	100	84.4	3.0	SSE	1.50	10.0	SSE	84.4	104.9	104.9	118.3	29.831	0.00	0.00	816	35.09	1404	7.6	1.63	10.5	0.000	0.404	-52.3	0	---	-52.4	-52.4	 .0971	0.024	700	1	100.0	30
09/29/20	12:30 p	84.4	85.0	83.5	100	84.4	2.0	SE	1.00	8.0	SSE	84.4	104.9	104.9	116.8	29.831	0.00	0.00	613	26.36	1129	6.6	1.41	10.3	0.000	0.404	-52.3	0	---	-52.4	-52.4	 .0971	0.000	700	1	100.0	30
09/29/20	1:00 p	84.6	85.4	83.8	100	84.6	3.0	ESE	1.50	10.0	SE	84.6	105.8	105.8	118.6	29.831	0.00	0.00	903	38.83	1151	7.2	1.54	9.1	0.000	0.408	-52.3	0	---	-52.4	-52.4	 .0971	0.020	700	1	100.0	30
09/29/20	1:30 p	85.0	85.8	84.2	100	85.0	3.0	ESE	1.50	10.0	SE	85.0	107.6	107.6	119.6	29.831	0.00	0.00	896	38.53	1074	6.8	1.46	8.1	0.000	0.417	-52.3	0	---	-52.4	-52.4	 .0971	0.000	700	1	100.0	30
09/29/20	2:00 p	84.1	85.5	83.9	100	84.1	2.0	SE	1.00	9.0	SSE	84.1	103.5	103.5	116.3	29.831	0.00	0.00	695	29.89	886	5.1	1.09	6.2	0.000	0.398	-52.3	0	---	-52.4	-52.4	 .0971	0.020	701	1	100.0	30
09/29/20	2:30 p	84.2	84.5	83.5	100	84.2	2.0	ESE	1.00	10.0	SSE	84.2	104.0	104.0	116.6	29.831	0.00	0.00	631	27.14	675	4.0	0.86	4.5	0.000	0.400	-52.3	0	---	-52.4	-52.4	 .0971	0.000	701	1	100.0	30
09/29/20	3:00 p	83.7	85.0	83.5	100	83.7	3.0	SE	1.50	12.0	ESE	83.7	101.9	101.9	114.3	29.831	0.00	0.00	566	24.34	622	2.9	0.62	3.5	0.000	0.390	-52.3	0	---	-52.4	-52.4	 .0971	0.015	702	1	100.0	30
09/29/20	3:30 p	83.7	84.5	83.4	100	83.7	3.0	ESE	1.50	13.0	SE	83.7	101.9	101.9	114.4	29.831	0.00	0.00	519	22.32	580	2.0	0.43	2.4	0.000	0.390	-52.3	0	---	-52.4	-52.4	 .0971	0.000	700	1	100.0	30
09/29/20	4:00 p	83.0	84.3	83.0	100	83.0	2.0	SE	1.00	9.0	SSW	83.0	99.2	99.2	110.0	29.831	0.00	0.00	367	15.78	522	1.1	0.24	1.6	0.000	0.375	-52.3	0	---	-52.4	-52.4	 .0971	0.011	698	1	100.0	30
09/29/20	4:30 p	81.9	83.2	81.8	100	81.9	1.0	SE	0.50	7.0	S	81.9	95.4	95.4	100.3	29.831	0.00	0.00	127	5.46	225	0.2	0.04	0.6	0.000	0.352	-52.3	0	---	-52.4	-52.4	 .0971	0.000	697	1	100.0	30
09/29/20	5:00 p	81.1	81.9	81.0	100	81.1	1.0	ESE	0.50	5.0	SSE	81.1	92.8	92.8	93.0	29.831	0.00	0.00	51	2.19	91	0.0	0.00	0.0	0.000	0.335	-52.3	0	---	-52.4	-52.4	 .0971	0.002	700	1	100.0	30
09/29/20	5:30 p	79.7	81.1	79.7	100	79.7	1.0	SE	0.50	9.0	SE	79.7	88.8	88.8	87.8	29.831	0.02	0.29	3	0.13	12	0.0	0.00	0.0	0.000	0.306	-52.3	0	---	-52.4	-52.4	 .0971	0.000	702	1	100.0	30
09/29/20	6:00 p	78.8	79.8	78.7	100	78.8	0.0	E	0.00	3.0	E	78.8	86.3	86.3	85.2	29.831	0.02	0.29	0	0.00	0	0.0	0.00	0.0	0.000	0.288	-52.3	0	---	-52.4	-52.4	 .0971	0.000	702	1	100.0	30
09/29/20	6:30 p	78.6	78.8	78.5	100	78.6	1.0	SE	0.50	4.0	ESE	78.6	85.8	85.8	84.7	29.831	0.01	0.00	0	0.00	0	0.0	0.00	0.0	0.000	0.283	-52.3	0	---	-52.4	-52.4	 .0971	0.000	702	1	100.0	30
09/29/20	7:00 p	77.4	78.6	77.4	100	77.4	1.0	SE	0.50	7.0	W	77.4	83.1	83.1	81.9	29.831	0.29	2.31	0	0.00	0	0.0	0.00	0.0	0.000	0.258	-52.3	0	---	-52.4	-52.4	 .0971	0.000	698	1	100.0	30
09/29/20	7:30 p	76.8	77.5	76.8	100	76.8	1.0	SE	0.50	7.0	E	76.8	81.8	81.8	80.6	29.831	0.41	2.91	0	0.00	0	0.0	0.00	0.0	0.000	0.246	-52.3	0	---	-52.4	-52.4	 .0971	0.000	701	1	100.0	30
09/29/20	8:00 p	76.9	77.0	76.7	100	76.9	1.0	S	0.50	7.0	SE	76.9	82.0	82.0	80.8	29.831	0.16	0.76	0	0.00	0	0.0	0.00	0.0	0.000	0.248	-52.3	0	---	-52.4	-52.4	 .0971	0.000	700	1	100.0	30
09/29/20	8:30 p	76.5	76.9	76.4	100	76.5	0.0	E	0.00	2.0	E	76.5	81.3	81.3	80.1	29.831	0.10	0.41	0	0.00	0	0.0	0.00	0.0	0.000	0.240	-52.3	0	---	-52.4	-52.4	 .0971	0.000	700	1	100.0	30
09/29/20	9:00 p	76.5	76.6	76.4	100	76.5	0.0	E	0.00	1.0	E	76.5	81.3	81.3	80.1	29.831	0.03	0.13	0	0.00	0	0.0	0.00	0.0	0.000	0.240	-52.3	0	---	-52.4	-52.4	 .0971	0.000	701	1	100.0	30
09/29/20	9:30 p	76.3	76.5	76.3	100	76.3	0.0	E	0.00	1.0	E	76.3	80.9	80.9	79.7	29.831	0.07	0.18	0	0.00	0	0.0	0.00	0.0	0.000	0.235	-52.3	0	---	-52.4	-52.4	 .0971	0.000	701	1	100.0	30
09/29/20	10:00 p	76.0	76.4	76.0	100	76.0	0.0	---	0.00	0.0	---	76.0	80.3	80.3	79.1	29.831	0.07	0.21	0	0.00	0	0.0	0.00	0.0	0.000	0.229	-52.3	0	---	-52.4	-52.4	 .0971	0.000	700	1	100.0	30
09/29/20	10:30 p	76.2	76.3	75.9	100	76.2	0.0	E	0.00	1.0	E	76.2	80.7	80.7	79.5	29.831	0.06	0.19	0	0.00	0	0.0	0.00	0.0	0.000	0.233	-52.3	0	---	-52.4	-52.4	 .0971	0.000	699	1	100.0	30
09/29/20	11:00 p	76.3	76.3	76.2	100	76.3	0.0	---	0.00	0.0	---	76.3	80.9	80.9	79.7	29.831	0.02	0.08	0	0.00	0	0.0	0.00	0.0	0.000	0.235	-52.3	0	---	-52.4	-52.4	 .0971	0.000	701	1	100.0	30
09/29/20	11:30 p	76.5	76.5	76.3	100	76.5	0.0	E	0.00	2.0	E	76.5	81.3	81.3	80.1	29.831	0.09	0.72	0	0.00	0	0.0	0.00	0.0	0.000	0.240	-52.3	0	---	-52.4	-52.4	 .0971	0.000	701	1	100.0	30
09/30/20	12:00 a	76.5	76.5	76.4	100	76.5	0.0	E	0.00	1.0	E	76.5	81.3	81.3	80.1	29.831	0.02	0.50	0	0.00	0	0.0	0.00	0.0	0.000	0.240	-52.3	0	---	-52.4	-52.4	 .0971	0.000	702	1	100.0	30
09/30/20	12:30 a	76.5	76.6	76.4	100	76.5	0.0	E	0.00	1.0	E	76.5	81.3	81.3	80.1	29.831	0.03	0.11	0	0.00	0	0.0	0.00	0.0	0.000	0.240	-52.3	0	---	-52.4	-52.4	 .0971	0.000	696	1	100.0	30
09/30/20	1:00 a	76.4	76.6	76.3	100	76.4	0.0	E	0.00	1.0	E	76.4	81.1	81.1	79.9	29.831	0.00	0.00	0	0.00	0	0.0	0.00	0.0	0.000	0.238	-52.3	0	---	-52.4	-52.4	 .0971	0.000	699	1	100.0	30
09/30/20	1:30 a	76.4	76.5	76.3	100	76.4	0.0	E	0.00	1.0	E	76.4	81.1	81.1	79.9	29.831	0.04	0.22	0	0.00	0	0.0	0.00	0.0	0.000	0.238	-52.3	0	---	-52.4	-52.4	 .0971	0.000	703	1	100.0	30
09/30/20	2:00 a	76.1	76.4	76.1	100	76.1	0.0	NE	0.00	2.0	NE	76.1	80.5	80.5	79.3	29.831	0.08	0.28	0	0.00	0	0.0	0.00	0.0	0.000	0.231	-52.3	0	---	-52.4	-52.4	 .0971	0.000	697	1	100.0	30
09/30/20	2:30 a	76.0	76.2	76.0	100	76.0	0.0	NE	0.00	1.0	NE	76.0	80.3	80.3	79.1	29.831	0.03	0.22	0	0.00	0	0.0	0.00	0.0	0.000	0.229	-52.3	0	---	-52.4	-52.4	 .0971	0.000	698	1	100.0	30
09/30/20	3:00 a	76.0	76.2	75.9	100	76.0	0.0	NE	0.00	1.0	NE	76.0	80.3	80.3	79.1	29.831	0.08	0.32	0	0.00	0	0.0	0.00	0.0	0.000	0.229	-52.3	0	---	-52.4	-52.4	 .0971	0.000	702	1	100.0	30
09/30/20	3:30 a	75.8	76.0	75.8	100	75.8	0.0	---	0.00	0.0	---	75.8	80.0	80.0	78.7	29.831	0.04	0.22	0	0.00	0	0.0	0.00	0.0	0.000	0.225	-52.3	0	---	-52.4	-52.4	 .0971	0.000	700	1	100.0	30
09/30/20	4:00 a	75.7	75.9	75.6	100	75.7	0.0	---	0.00	0.0	---	75.7	79.8	79.8	78.5	29.831	0.02	0.05	0	0.00	0	0.0	0.00	0.0	0.000	0.223	-52.3	0	---	-52.4	-52.4	 .0971	0.000	700	1	100.0	30
09/30/20	4:30 a	75.5	75.7	75.5	100	75.5	0.0	---	0.00	0.0	---	75.5	79.6	79.6	78.3	29.831	0.00	0.00	0	0.00	0	0.0	0.00	0.0	0.000	0.219	-52.3	0	---	-52.4	-52.4	 .0971	0.000	698	1	100.0	30
09/30/20	5:00 a	75.5	75.5	75.4	100	75.5	0.0	---	0.00	0.0	---	75.5	79.6	79.6	78.3	29.831	0.00	0.00	0	0.00	0	0.0	0.00	0.0	0.000	0.219	-52.3	0	---	-52.4	-52.4	 .0971	0.000	699	1	100.0	30
09/30/20	5:30 a	75.3	75.5	75.2	100	75.3	0.0	NE	0.00	2.0	NE	75.3	79.3	79.3	78.0	29.831	0.00	0.00	2	0.09	16	0.0	0.00	0.0	0.000	0.215	-52.3	0	---	-52.4	-52.4	 .0971	0.000	700	1	100.0	30
09/30/20	6:00 a	75.9	75.9	75.2	100	75.9	0.0	NNW	0.00	1.0	NNW	75.9	80.2	80.2	79.9	29.831	0.00	0.00	44	1.89	65	0.0	0.00	0.0	0.000	0.227	-52.3	0	---	-52.4	-52.4	 .0971	0.001	702	1	100.0	30
09/30/20	6:30 a	76.4	76.4	75.9	100	76.4	0.0	NNW	0.00	2.0	NNW	76.4	81.1	81.1	84.0	29.831	0.00	0.00	79	3.40	93	0.0	0.00	0.0	0.000	0.238	-52.3	0	---	-52.4	-52.4	 .0971	0.000	700	1	100.0	30
09/30/20	7:00 a	76.9	77.0	76.3	100	76.9	0.0	NNW	0.00	1.0	NNW	76.9	82.0	82.0	85.1	29.831	0.01	0.00	94	4.04	109	0.4	0.09	0.7	0.000	0.248	-52.3	0	---	-52.4	-52.4	 .0971	0.002	702	1	100.0	30
09/30/20	7:30 a	77.8	77.8	76.9	100	77.8	0.0	ENE	0.00	2.0	NNW	77.8	84.0	84.0	86.1	29.831	0.00	0.00	79	3.40	86	0.9	0.19	1.1	0.000	0.267	-52.3	0	---	-52.4	-52.4	 .0971	0.000	700	1	100.0	30
09/30/20	8:00 a	78.1	78.5	77.4	100	78.1	1.0	SW	0.50	4.0	NW	78.1	84.6	84.6	90.5	29.831	0.00	0.00	215	9.25	459	1.9	0.41	2.8	0.000	0.273	-52.3	0	---	-52.4	-52.4	 .0971	0.004	698	1	100.0	30
09/30/20	8:30 a	80.0	80.6	77.9	100	80.0	1.0	NNE	0.50	3.0	NNW	80.0	89.6	89.6	100.7	29.831	0.00	0.00	493	21.20	564	3.2	0.69	3.9	0.000	0.313	-52.3	0	---	-52.4	-52.4	 .0971	0.000	702	1	100.0	30
09/30/20	9:00 a	80.7	80.8	79.7	100	80.7	0.0	NNE	0.00	2.0	NNE	80.7	91.6	91.6	95.8	29.831	0.00	0.00	186	8.00	420	2.8	0.60	5.6	0.000	0.327	-52.3	0	---	-52.4	-52.4	 .0971	0.009	699	1	100.0	30
09/30/20	9:30 a	80.2	80.7	79.7	100	80.2	0.0	E	0.00	2.0	E	80.2	90.2	90.2	95.4	29.831	0.00	0.00	233	10.02	399	2.9	0.62	3.9	0.000	0.317	-52.3	0	---	-52.4	-52.4	 .0971	0.000	698	1	100.0	30
09/30/20	10:00 a	84.1	84.3	80.3	100	84.1	1.0	SSW	0.50	4.0	SSE	84.1	103.5	103.5	116.3	29.831	0.00	0.00	712	30.62	1014	6.3	1.35	8.1	0.000	0.398	-52.3	0	---	-52.4	-52.4	 .0971	0.012	698	1	100.0	30
09/30/20	10:30 a	83.5	85.7	83.4	100	83.5	1.0	WNW	0.50	5.0	NW	83.5	101.1	101.1	113.2	29.831	0.00	0.00	640	27.52	1114	5.9	1.26	8.5	0.000	0.385	-52.3	0	---	-52.4	-52.4	 .0971	0.000	699	1	100.0	30
09/30/20	11:00 a	83.8	84.9	82.6	100	83.8	1.0	SSW	0.50	5.0	S	83.8	102.3	102.3	111.0	29.831	0.00	0.00	400	17.20	1169	4.7	1.01	9.3	0.000	0.392	-52.3	0	---	-52.4	-52.4	 .0971	0.014	702	1	100.0	30
09/30/20	11:30 a	86.1	86.4	83.7	100	86.1	1.0	SE	0.50	6.0	SSE	86.1	113.9	113.9	127.3	29.831	0.00	0.00	881	37.89	1034	8.0	1.71	9.5	0.000	0.440	-52.3	0	---	-52.4	-52.4	 .0971	0.000	702	1	100.0	30
09/30/20	12:00 p	85.3	86.6	85.1	100	85.3	2.0	SSE	1.00	8.0	SSE	85.3	109.3	109.3	120.1	29.831	0.00	0.00	1050	45.16	1174	9.2	1.97	9.8	0.000	0.423	-52.3	0	---	-52.4	-52.4	 .0971	0.023	702	1	100.0	30
09/30/20	12:30 p	85.4	86.7	85.1	100	85.4	2.0	S	1.00	7.0	SSE	85.4	109.8	109.8	122.6	29.831	0.00	0.00	940	40.43	1121	8.4	1.80	9.5	0.000	0.425	-52.3	0	---	-52.4	-52.4	 .0971	0.000	700	1	100.0	30
09/30/20	1:00 p	86.2	86.2	85.0	100	86.2	2.0	SSE	1.00	7.0	ESE	86.2	114.7	114.7	127.0	29.831	0.00	0.00	1000	43.01	1032	8.5	1.82	8.9	0.000	0.442	-52.3	0	---	-52.4	-52.4	 .0971	0.024	701	1	100.0	30
09/30/20	1:30 p	83.8	86.4	83.7	100	83.8	2.0	SE	1.00	8.0	SE	83.8	102.3	102.3	115.3	29.831	0.00	0.00	803	34.53	1055	6.4	1.37	8.0	0.000	0.392	-52.3	0	---	-52.4	-52.4	 .0971	0.000	700	1	100.0	30
09/30/20	2:00 p	84.1	84.8	83.4	100	84.1	2.0	ESE	1.00	10.0	SSE	84.1	103.5	103.5	115.0	29.831	0.00	0.00	565	24.30	1197	4.6	0.99	7.1	0.000	0.398	-52.3	0	---	-52.4	-52.4	 .0971	0.019	699	1	100.0	30
09/30/20	2:30 p	82.2	84.1	82.2	100	82.2	2.0	SE	1.00	9.0	SE	82.2	96.4	96.4	105.2	29.831	0.00	0.00	377	16.21	663	2.8	0.60	4.0	0.000	0.358	-52.3	0	---	-52.4	-52.4	 .0971	0.000	699	1	100.0	30
09/30/20	3:00 p	81.4	82.7	81.2	100	81.4	1.0	SE	0.50	7.0	E	81.4	93.8	93.8	100.4	29.831	0.00	0.00	251	10.79	341	1.7	0.36	2.3	0.000	0.342	-52.3	0	---	-52.4	-52.4	 .0971	0.008	701	1	100.0	30
09/30/20	3:30 p	81.1	81.4	80.4	100	81.1	1.0	SE	0.50	5.0	WSW	81.1	92.8	92.8	98.3	29.831	0.00	0.00	184	7.91	229	1.1	0.24	1.4	0.000	0.335	-52.3	0	---	-52.4	-52.4	 .0971	0.000	699	1	100.0	30
09/30/20	4:00 p	80.5	81.1	80.5	100	80.5	0.0	ESE	0.00	1.0	ESE	80.5	91.1	91.1	94.5	29.831	0.00	0.00	103	4.43	134	0.3	0.06	0.7	0.000	0.323	-52.3	0	---	-52.4	-52.4	 .0971	0.004	700	1	100.0	30
09/30/20	4:30 p	80.1	80.7	80.1	100	80.1	0.0	ESE	0.00	1.0	ESE	80.1	89.9	89.9	91.9	29.831	0.00	0.00	56	2.41	76	0.0	0.00	0.0	0.000	0.315	-52.3	0	---	-52.4	-52.4	 .0971	0.000	700	1	100.0	30
09/30/20	5:00 p	79.3	80.1	79.3	100	79.3	0.0	NNW	0.00	1.0	ESE	79.3	87.6	87.6	87.2	29.831	0.00	0.00	24	1.03	35	0.0	0.00	0.0	0.000	0.298	-52.3	0	---	-52.4	-52.4	 .0971	0.001	698	1	100.0	30
09/30/20	5:30 p	78.7	79.3	78.7	100	78.7	0.0	NNW	0.00	1.0	NNW	78.7	86.1	86.1	85.3	29.831	0.00	0.00	7	0.30	12	0.0	0.00	0.0	0.000	0.285	-52.3	0	---	-52.4	-52.4	 .0971	0.000	700	1	100.0	30
09/30/20	6:00 p	77.5	78.8	77.5	100	77.5	0.0	NNW	0.00	1.0	NNW	77.5	83.3	83.3	82.2	29.831	0.00	0.00	0	0.00	0	0.0	0.00	0.0	0.000	0.260	-52.3	0	---	-52.4	-52.4	 .0971	0.000	699	1	100.0	30
09/30/20	6:30 p	77.1	77.6	77.1	100	77.1	0.0	---	0.00	0.0	---	77.1	82.4	82.4	81.3	29.831	0.00	0.00	0	0.00	0	0.0	0.00	0.0	0.000	0.252	-52.3	0	---	-52.4	-52.4	 .0971	0.000	702	1	100.0	30
09/30/20	7:00 p	76.9	77.1	76.7	100	76.9	0.0	---	0.00	0.0	---	76.9	82.0	82.0	80.9	29.831	0.00	0.00	0	0.00	0	0.0	0.00	0.0	0.000	0.248	-52.3	0	---	-52.4	-52.4	 .0971	0.000	700	1	100.0	30
09/30/20	7:30 p	76.7	77.0	76.6	100	76.7	0.0	---	0.00	0.0	---	76.7	81.6	81.6	80.5	29.831	0.00	0.00	0	0.00	0	0.0	0.00	0.0	0.000	0.244	-52.3	0	---	-52.4	-52.4	 .0971	0.000	701	1	100.0	30
09/30/20	8:00 p	76.3	76.7	76.2	100	76.3	0.0	---	0.00	0.0	---	76.3	80.9	80.9	79.8	29.831	0.00	0.00	0	0.00	0	0.0	0.00	0.0	0.000	0.235	-52.3	0	---	-52.4	-52.4	 .0971	0.000	699	1	100.0	30
09/30/20	8:30 p	76.1	76.4	76.1	100	76.1	0.0	NNW	0.00	1.0	NNW	76.1	80.5	80.5	79.4	29.831	0.00	0.00	0	0.00	0	0.0	0.00	0.0	0.000	0.231	-52.3	0	---	-52.4	-52.4	 .0971	0.000	702	1	100.0	30
09/30/20	9:00 p	76.2	76.2	76.1	100	76.2	0.0	---	0.00	0.0	---	76.2	80.7	80.7	79.6	29.831	0.00	0.00	0	0.00	0	0.0	0.00	0.0	0.000	0.233	-52.3	0	---	-52.4	-52.4	 .0971	0.000	700	1	100.0	30
09/30/20	9:30 p	76.0	76.2	76.0	100	76.0	0.0	NNW	0.00	1.0	NNW	76.0	80.3	80.3	79.2	29.831	0.00	0.00	0	0.00	0	0.0	0.00	0.0	0.000	0.229	-52.3	0	---	-52.4	-52.4	 .0971	0.000	700	1	100.0	30
09/30/20	10:00 p	76.5	76.5	76.0	100	76.5	0.0	---	0.00	0.0	---	76.5	81.3	81.3	80.2	29.831	0.00	0.00	0	0.00	0	0.0	0.00	0.0	0.000	0.240	-52.3	0	---	-52.4	-52.4	 .0971	0.000	699	1	100.0	30
09/30/20	10:30 p	76.5	76.5	76.3	100	76.5	0.0	---	0.00	0.0	---	76.5	81.3	81.3	80.2	29.831	0.00	0.00	0	0.00	0	0.0	0.00	0.0	0.000	0.240	-52.3	0	---	-52.4	-52.4	 .0971	0.000	703	1	100.0	30
09/30/20	11:00 p	76.4	76.6	76.3	100	76.4	0.0	---	0.00	0.0	---	76.4	81.1	81.1	80.0	29.831	0.00	0.00	0	0.00	0	0.0	0.00	0.0	0.000	0.238	-52.3	0	---	-52.4	-52.4	 .0971	0.000	700	1	100.0	30
09/30/20	11:30 p	76.1	76.4	76.1	100	76.1	0.0	---	0.00	0.0	---	76.1	80.5	80.5	79.4	29.831	0.00	0.00	0	0.00	0	0.0	0.00	0.0	0.000	0.231	-52.3	0	---	-52.4	-52.4	 .0971	0.000	699	1	100.0	30
10/01/20	12:00 a	75.9	76.2	75.9	100	75.9	0.0	---	0.00	0.0	---	75.9	80.2	80.2	79.0	29.831	0.00	0.00	0	0.00	0	0.0	0.00	0.0	0.000	0.227	-52.3	0	---	-52.4	-52.4	 .0971	0.000	695	1	100.0	30
