"Year","Month","Day","Temp_max","Temp_min","Precipitation","Humidity","Date"
2017,6,1,NA,NA,NA,NA,2017-06-01
2017,6,2,NA,NA,NA,NA,2017-06-02
2017,6,3,NA,NA,NA,NA,2017-06-03
2017,6,4,NA,NA,NA,NA,2017-06-04
2017,6,5,NA,NA,NA,NA,2017-06-05
2017,6,6,NA,NA,NA,NA,2017-06-06
2017,6,7,NA,NA,NA,NA,2017-06-07
2017,6,8,NA,NA,NA,NA,2017-06-08
2017,6,9,NA,NA,NA,NA,2017-06-09
2017,6,10,NA,NA,NA,NA,2017-06-10
2017,6,11,NA,NA,NA,NA,2017-06-11
2017,6,12,NA,NA,NA,NA,2017-06-12
2017,6,13,NA,NA,NA,NA,2017-06-13
2017,6,14,NA,NA,NA,NA,2017-06-14
2017,6,15,NA,NA,NA,NA,2017-06-15
2017,6,16,NA,NA,NA,NA,2017-06-16
2017,6,17,NA,NA,NA,NA,2017-06-17
2017,6,18,NA,NA,NA,NA,2017-06-18
2017,6,19,NA,NA,NA,NA,2017-06-19
2017,6,20,NA,NA,NA,NA,2017-06-20
2017,6,21,NA,NA,NA,NA,2017-06-21
2017,6,22,NA,NA,2.1,NA,2017-06-22
2017,6,23,NA,NA,0.1,NA,2017-06-23
2017,6,24,NA,NA,11.9,NA,2017-06-24
2017,6,25,NA,NA,15.8,NA,2017-06-25
2017,6,26,NA,NA,0.9,NA,2017-06-26
2017,6,27,NA,NA,29.6,NA,2017-06-27
2017,6,28,NA,NA,29.3,NA,2017-06-28
2017,6,29,NA,NA,0.1,NA,2017-06-29
2017,6,30,NA,NA,15.2,NA,2017-06-30
2017,6,31,NA,NA,NA,NA,NA
2017,7,1,NA,NA,1.8,NA,2017-07-01
2017,7,2,NA,NA,1.3,NA,2017-07-02
2017,7,3,NA,NA,6.1,NA,2017-07-03
2017,7,4,NA,NA,1.4,NA,2017-07-04
2017,7,5,NA,NA,0,NA,2017-07-05
2017,7,6,NA,NA,0.4,NA,2017-07-06
2017,7,7,NA,NA,42.6,NA,2017-07-07
2017,7,8,NA,NA,0.1,NA,2017-07-08
2017,7,9,NA,NA,7.2,NA,2017-07-09
2017,7,10,NA,NA,35.1,NA,2017-07-10
2017,7,11,NA,NA,14.4,NA,2017-07-11
2017,7,12,NA,NA,4.2,NA,2017-07-12
2017,7,13,NA,NA,12,NA,2017-07-13
2017,7,14,NA,NA,0.3,NA,2017-07-14
2017,7,15,NA,NA,15,NA,2017-07-15
2017,7,16,NA,NA,0.7,NA,2017-07-16
2017,7,17,NA,NA,7,NA,2017-07-17
2017,7,18,NA,NA,0.1,NA,2017-07-18
2017,7,19,NA,NA,2.8,NA,2017-07-19
2017,7,20,NA,NA,0.8,NA,2017-07-20
2017,7,21,NA,NA,26,NA,2017-07-21
2017,7,22,NA,NA,15.4,NA,2017-07-22
2017,7,23,NA,NA,21.4,NA,2017-07-23
2017,7,24,NA,NA,3.5,NA,2017-07-24
2017,7,25,NA,NA,6.3,NA,2017-07-25
2017,7,26,NA,NA,27,NA,2017-07-26
2017,7,27,NA,NA,0,NA,2017-07-27
2017,7,28,NA,NA,12.3,NA,2017-07-28
2017,7,29,NA,NA,19,NA,2017-07-29
2017,7,30,NA,NA,40,NA,2017-07-30
2017,7,31,NA,NA,2.7,NA,2017-07-31
2017,8,1,NA,NA,4.2,NA,2017-08-01
2017,8,2,NA,NA,0.8,NA,2017-08-02
2017,8,3,NA,NA,2.5,NA,2017-08-03
2017,8,4,NA,NA,34.7,NA,2017-08-04
2017,8,5,NA,NA,1,NA,2017-08-05
2017,8,6,NA,NA,21.9,NA,2017-08-06
2017,8,7,NA,NA,4.4,NA,2017-08-07
2017,8,8,NA,NA,6,NA,2017-08-08
2017,8,9,NA,NA,11.3,NA,2017-08-09
2017,8,10,NA,NA,5.9,NA,2017-08-10
2017,8,11,NA,NA,43.6,NA,2017-08-11
2017,8,12,NA,NA,18.2,NA,2017-08-12
2017,8,13,NA,NA,0.6,NA,2017-08-13
2017,8,14,NA,NA,7.2,NA,2017-08-14
2017,8,15,NA,NA,25.3,NA,2017-08-15
2017,8,16,NA,NA,1,NA,2017-08-16
2017,8,17,NA,NA,3,NA,2017-08-17
2017,8,18,NA,NA,17.1,NA,2017-08-18
2017,8,19,NA,NA,12.9,NA,2017-08-19
2017,8,20,NA,NA,7.9,NA,2017-08-20
2017,8,21,NA,NA,0.1,NA,2017-08-21
2017,8,22,NA,NA,17.4,NA,2017-08-22
2017,8,23,NA,NA,8,NA,2017-08-23
2017,8,24,NA,NA,3.6,NA,2017-08-24
2017,8,25,NA,NA,15,NA,2017-08-25
2017,8,26,NA,NA,0.1,NA,2017-08-26
2017,8,27,NA,NA,3.4,NA,2017-08-27
2017,8,28,NA,NA,28.6,NA,2017-08-28
2017,8,29,NA,NA,7.8,NA,2017-08-29
2017,8,30,NA,NA,40.7,NA,2017-08-30
2017,8,31,NA,NA,0.1,NA,2017-08-31
2017,9,1,NA,NA,0,NA,2017-09-01
2017,9,2,NA,NA,1.6,NA,2017-09-02
2017,9,3,NA,NA,5.7,NA,2017-09-03
2017,9,4,NA,NA,0.2,NA,2017-09-04
2017,9,5,NA,NA,5.5,NA,2017-09-05
2017,9,6,NA,NA,7,NA,2017-09-06
2017,9,7,NA,NA,42.4,NA,2017-09-07
2017,9,8,NA,NA,11.2,NA,2017-09-08
2017,9,9,NA,NA,11.4,NA,2017-09-09
2017,9,10,NA,NA,21,NA,2017-09-10
2017,9,11,NA,NA,1.1,NA,2017-09-11
2017,9,12,NA,NA,18.6,NA,2017-09-12
2017,9,13,NA,NA,5.5,NA,2017-09-13
2017,9,14,NA,NA,17.2,NA,2017-09-14
2017,9,15,NA,NA,12.4,NA,2017-09-15
2017,9,16,NA,NA,24,NA,2017-09-16
2017,9,17,NA,NA,12.6,NA,2017-09-17
2017,9,18,NA,NA,3.2,NA,2017-09-18
2017,9,19,NA,NA,24.6,NA,2017-09-19
2017,9,20,NA,NA,15.9,NA,2017-09-20
2017,9,21,NA,NA,1.3,NA,2017-09-21
2017,9,22,NA,NA,60.7,NA,2017-09-22
2017,9,23,NA,NA,5.6,NA,2017-09-23
2017,9,24,NA,NA,20.2,NA,2017-09-24
2017,9,25,NA,NA,25.9,NA,2017-09-25
2017,9,26,NA,NA,0.1,NA,2017-09-26
2017,9,27,NA,NA,5.7,NA,2017-09-27
2017,9,28,NA,NA,5.6,NA,2017-09-28
2017,9,29,NA,NA,23.3,NA,2017-09-29
2017,9,30,NA,NA,54,NA,2017-09-30
2017,9,31,NA,NA,NA,NA,NA
2017,10,1,NA,NA,3.9,NA,2017-10-01
2017,10,2,NA,NA,23.9,NA,2017-10-02
2017,10,3,NA,NA,61.7,NA,2017-10-03
2017,10,4,NA,NA,114.3,NA,2017-10-04
2017,10,5,NA,NA,64.1,NA,2017-10-05
2017,10,6,NA,NA,0.1,NA,2017-10-06
2017,10,7,NA,NA,0.4,NA,2017-10-07
2017,10,8,NA,NA,2.5,NA,2017-10-08
2017,10,9,NA,NA,4.2,NA,2017-10-09
2017,10,10,NA,NA,0,NA,2017-10-10
2017,10,11,NA,NA,1.9,NA,2017-10-11
2017,10,12,NA,NA,9.6,NA,2017-10-12
2017,10,13,NA,NA,5.2,NA,2017-10-13
2017,10,14,NA,NA,0.2,NA,2017-10-14
2017,10,15,NA,NA,10.3,NA,2017-10-15
2017,10,16,NA,NA,0.1,NA,2017-10-16
2017,10,17,NA,NA,0.1,NA,2017-10-17
2017,10,18,NA,NA,22,NA,2017-10-18
2017,10,19,NA,NA,0.4,NA,2017-10-19
2017,10,20,NA,NA,59.4,NA,2017-10-20
2017,10,21,NA,NA,30.8,NA,2017-10-21
2017,10,22,NA,NA,8.8,NA,2017-10-22
2017,10,23,NA,NA,77.6,NA,2017-10-23
2017,10,24,NA,NA,29.9,NA,2017-10-24
2017,10,25,NA,NA,20.1,NA,2017-10-25
2017,10,26,NA,NA,19.8,NA,2017-10-26
2017,10,27,NA,NA,7.8,NA,2017-10-27
2017,10,28,NA,NA,0.4,NA,2017-10-28
2017,10,29,NA,NA,1,NA,2017-10-29
2017,10,30,NA,NA,25.1,NA,2017-10-30
2017,10,31,NA,NA,5.2,NA,2017-10-31
2017,11,1,NA,NA,0.3,NA,2017-11-01
2017,11,2,NA,NA,8.8,NA,2017-11-02
2017,11,3,NA,NA,3.3,NA,2017-11-03
2017,11,4,NA,NA,7,NA,2017-11-04
2017,11,5,NA,NA,4.1,NA,2017-11-05
2017,11,6,NA,NA,3.1,NA,2017-11-06
2017,11,7,NA,NA,18.8,NA,2017-11-07
2017,11,8,NA,NA,20.9,NA,2017-11-08
2017,11,9,NA,NA,29,NA,2017-11-09
2017,11,10,NA,NA,3.8,NA,2017-11-10
2017,11,11,NA,NA,48.5,NA,2017-11-11
2017,11,12,NA,NA,18.6,NA,2017-11-12
2017,11,13,NA,NA,7.5,NA,2017-11-13
2017,11,14,NA,NA,4.9,NA,2017-11-14
2017,11,15,NA,NA,21,NA,2017-11-15
2017,11,16,NA,NA,13.8,NA,2017-11-16
2017,11,17,NA,NA,0.1,NA,2017-11-17
2017,11,18,NA,NA,42.1,NA,2017-11-18
2017,11,19,NA,NA,21.8,NA,2017-11-19
2017,11,20,NA,NA,13,NA,2017-11-20
2017,11,21,NA,NA,40.8,NA,2017-11-21
2017,11,22,NA,NA,20,NA,2017-11-22
2017,11,23,NA,NA,8.3,NA,2017-11-23
2017,11,24,NA,NA,28.7,NA,2017-11-24
2017,11,25,NA,NA,5.7,NA,2017-11-25
2017,11,26,NA,NA,31,NA,2017-11-26
2017,11,27,NA,NA,19.3,NA,2017-11-27
2017,11,28,NA,NA,23.5,NA,2017-11-28
2017,11,29,NA,NA,41.5,NA,2017-11-29
2017,11,30,NA,NA,1.2,NA,2017-11-30
2017,11,31,NA,NA,NA,NA,NA
2017,12,1,NA,NA,4.1,NA,2017-12-01
2017,12,2,NA,NA,1.8,NA,2017-12-02
2017,12,3,NA,NA,3.2,NA,2017-12-03
2017,12,4,NA,NA,3.9,NA,2017-12-04
2017,12,5,NA,NA,0.1,NA,2017-12-05
2017,12,6,NA,NA,0.6,NA,2017-12-06
2017,12,7,NA,NA,10.3,94,2017-12-07
2017,12,8,23.9,-9,0.4,96,2017-12-08
2017,12,9,26.1,18.7,0.2,93,2017-12-09
2017,12,10,27.4,18.4,13,97,2017-12-10
2017,12,11,22.3,18.1,2.3,96,2017-12-11
2017,12,12,24.4,18,2.7,92,2017-12-12
2017,12,13,26.8,17.6,0.7,93,2017-12-13
2017,12,14,27,17.4,0.1,92,2017-12-14
2017,12,15,26.8,16.7,0.1,83,2017-12-15
2017,12,16,28.3,15.9,0,89,2017-12-16
2017,12,17,27.2,16.9,0,75,2017-12-17
2017,12,18,29,15.9,0,76,2017-12-18
2017,12,19,28.7,16.1,0,83,2017-12-19
2017,12,20,28.5,17.4,0,88,2017-12-20
2017,12,21,28.4,16.3,0,82,2017-12-21
2017,12,22,29.2,15.9,0,90,2017-12-22
2017,12,23,26.5,17.7,0,81,2017-12-23
2017,12,24,29.2,16,0,86,2017-12-24
2017,12,25,27.7,17.3,0,82,2017-12-25
2017,12,26,28.5,16.5,4.2,82,2017-12-26
2017,12,27,27.5,15.9,0,87,2017-12-27
2017,12,28,26.8,17.1,32.7,93,2017-12-28
2017,12,29,25.6,17.7,0.1,91,2017-12-29
2017,12,30,27.1,17.9,0.7,91,2017-12-30
2017,12,31,26.8,18.2,8.6,93,2017-12-31
2018,1,1,26,17.1,0.6,91,2018-01-01
2018,1,2,27.5,17.4,23.1,91,2018-01-02
2018,1,3,27.3,17.6,7.2,94,2018-01-03
2018,1,4,25.7,18,2.7,91,2018-01-04
2018,1,5,26,18.2,2.5,93,2018-01-05
2018,1,6,26.6,18.2,0.4,92,2018-01-06
2018,1,7,27.2,18.2,7,94,2018-01-07
2018,1,8,26.4,18.3,11.1,93,2018-01-08
2018,1,9,26.3,18.8,26.9,92,2018-01-09
2018,1,10,27.6,17.7,23.8,92,2018-01-10
2018,1,11,26.7,18.4,30.4,95,2018-01-11
2018,1,12,26.9,18.8,25,94,2018-01-12
2018,1,13,27.5,17.4,2.2,90,2018-01-13
2018,1,14,28.2,17.1,1.9,86,2018-01-14
2018,1,15,27.6,18.4,4.5,94,2018-01-15
2018,1,16,25.7,17.6,2.9,93,2018-01-16
2018,1,17,26.2,17.4,12.6,94,2018-01-17
2018,1,18,26,18.1,13.5,95,2018-01-18
2018,1,19,25.5,17.6,0.1,88,2018-01-19
2018,1,20,28.6,18.1,0,92,2018-01-20
2018,1,21,27.6,18.1,0,82,2018-01-21
2018,1,22,29,17.8,0,84,2018-01-22
2018,1,23,28.4,18.3,13.1,90,2018-01-23
2018,1,24,28.7,17.6,0,89,2018-01-24
2018,1,25,27.8,17.3,0,83,2018-01-25
2018,1,26,28.7,16.7,0,86,2018-01-26
2018,1,27,29.5,17.5,0,81,2018-01-27
2018,1,28,29.2,17.1,0,85,2018-01-28
2018,1,29,29.1,17.6,0,83,2018-01-29
2018,1,30,28.7,17.2,0,81,2018-01-30
2018,1,31,29.3,17.4,0.2,86,2018-01-31
2018,2,1,29.1,17,0,81,2018-02-01
2018,2,2,30.3,18,0,76,2018-02-02
2018,2,3,29.4,16.2,0,80,2018-02-03
2018,2,4,29.2,16.8,0,67,2018-02-04
2018,2,5,30.8,17.1,0,69,2018-02-05
2018,2,6,30.1,15.9,0,74,2018-02-06
2018,2,7,29.8,16.9,0,73,2018-02-07
2018,2,8,30.6,16.8,0,72,2018-02-08
2018,2,9,29,16.1,0,76,2018-02-09
2018,2,10,29.4,18.2,16.7,84,2018-02-10
2018,2,11,29.6,17.5,0.6,85,2018-02-11
2018,2,12,29.6,18.4,0,80,2018-02-12
2018,2,13,29.8,17.2,0,59,2018-02-13
2018,2,14,30.2,15.3,0,57,2018-02-14
2018,2,15,30.1,16.2,0,67,2018-02-15
2018,2,16,30,17.3,0,79,2018-02-16
2018,2,17,30,17.3,0,79,2018-02-17
2018,2,18,29.3,18.3,0,78,2018-02-18
2018,2,19,29.5,17.3,0,68,2018-02-19
2018,2,20,29.9,16.8,0,71,2018-02-20
2018,2,21,30.1,16.7,0,76,2018-02-21
2018,2,22,29.6,17,0,71,2018-02-22
2018,2,23,31.2,16.9,3,72,2018-02-23
2018,2,24,30.5,16.9,6.3,76,2018-02-24
2018,2,25,30.1,16.8,0.1,74,2018-02-25
2018,2,26,29.3,16.4,0,78,2018-02-26
2018,2,27,29.8,17.2,0,73,2018-02-27
2018,2,28,29.8,16.4,0,72,2018-02-28
2018,2,29,NA,NA,NA,NA,NA
2018,2,30,NA,NA,NA,NA,NA
2018,2,31,NA,NA,NA,NA,NA
2018,3,1,31.4,16.8,0,67,2018-03-01
2018,3,2,30.2,16.6,0,64,2018-03-02
2018,3,3,30.3,16.8,0,69,2018-03-03
2018,3,4,30.4,16.6,0,73,2018-03-04
2018,3,5,30,16.9,0,74,2018-03-05
2018,3,6,30.1,17.7,0,78,2018-03-06
2018,3,7,29.3,18.8,0,72,2018-03-07
2018,3,8,30,17.8,0,72,2018-03-08
2018,3,9,30.1,18.2,0,78,2018-03-09
2018,3,10,30.1,18,0,78,2018-03-10
2018,3,11,30.7,18.9,0,82,2018-03-11
2018,3,12,32,19.4,3.3,87,2018-03-12
2018,3,13,30.5,18.7,3.3,88,2018-03-13
2018,3,14,30.6,18,2.5,88,2018-03-14
2018,3,15,28.5,18.4,0.1,80,2018-03-15
2018,3,16,31.2,19.1,0,75,2018-03-16
2018,3,17,32.4,18.1,0,77,2018-03-17
2018,3,18,32.3,19,0,83,2018-03-18
2018,3,19,29.3,17.9,0,81,2018-03-19
2018,3,20,31.4,18,0.8,82,2018-03-20
2018,3,21,30.4,19,0,78,2018-03-21
2018,3,22,30.7,17.3,0.4,58,2018-03-22
2018,3,23,28.8,-9,0,61,2018-03-23
2018,3,24,30.9,17.5,12.4,84,2018-03-24
2018,3,25,31.1,18,0,78,2018-03-25
2018,3,26,30.5,17.7,0,69,2018-03-26
2018,3,27,32.3,16.9,0,75,2018-03-27
2018,3,28,32.7,17.9,0,74,2018-03-28
2018,3,29,32.3,18,0,76,2018-03-29
2018,3,30,32,18.8,11.1,83,2018-03-30
2018,3,31,29.6,18.9,6,88,2018-03-31
2018,4,1,29.7,18.6,0,74,2018-04-01
2018,4,2,30.2,18.2,0.6,82,2018-04-02
2018,4,3,28.3,18.2,0,84,2018-04-03
2018,4,4,29.4,18.4,8.5,85,2018-04-04
2018,4,5,29.9,18.2,0,85,2018-04-05
2018,4,6,28.6,18.7,0.7,88,2018-04-06
2018,4,7,29,18.3,17.8,90,2018-04-07
2018,4,8,30.1,17.9,0,92,2018-04-08
2018,4,9,27.5,19,0,88,2018-04-09
2018,4,10,30.6,19.4,0,89,2018-04-10
2018,4,11,28.1,18.6,0,95,2018-04-11
2018,4,12,24.4,17,0,88,2018-04-12
2018,4,13,27.1,19.3,0,96,2018-04-13
2018,4,14,25.7,17.8,0,90,2018-04-14
2018,4,15,27.4,19.1,0,92,2018-04-15
2018,4,16,27.4,18.2,0,85,2018-04-16
2018,4,17,28.8,20,7.3,91,2018-04-17
2018,4,18,28.9,18.4,39.5,91,2018-04-18
2018,4,19,27.5,18.8,0.8,84,2018-04-19
2018,4,20,29.5,18.7,0.2,85,2018-04-20
2018,4,21,30,19.1,0,87,2018-04-21
2018,4,22,28.5,19.7,8.9,90,2018-04-22
2018,4,23,27.6,19.7,0,91,2018-04-23
2018,4,24,28.7,19.3,18.6,87,2018-04-24
2018,4,25,29.2,19.6,24.3,92,2018-04-25
2018,4,26,29.1,19.1,26.6,95,2018-04-26
2018,4,27,26.1,18.8,24.3,94,2018-04-27
2018,4,28,25.3,17.7,3.8,84,2018-04-28
2018,4,29,30.1,18.6,19,93,2018-04-29
2018,4,30,27.7,18.8,4.5,93,2018-04-30
2018,4,31,NA,NA,NA,NA,NA
2018,5,1,26.1,17.4,0,87,2018-05-01
2018,5,2,27.9,18.1,3.9,84,2018-05-02
2018,5,3,28.8,19.7,0,89,2018-05-03
2018,5,4,27.3,18.8,8.7,88,2018-05-04
2018,5,5,28.1,18.5,23.9,92,2018-05-05
2018,5,6,26,18.6,0,88,2018-05-06
2018,5,7,28.1,18.8,10.1,92,2018-05-07
2018,5,8,26.9,19.1,34.9,93,2018-05-08
2018,5,9,29.3,17.9,4.3,87,2018-05-09
2018,5,10,29.1,19.2,1.6,93,2018-05-10
2018,5,11,26.6,18.3,1.9,91,2018-05-11
2018,5,12,29.2,18.9,8.6,94,2018-05-12
2018,5,13,26.8,18.6,43.4,92,2018-05-13
2018,5,14,27.7,17.3,3,88,2018-05-14
2018,5,15,29.9,18.9,13.8,93,2018-05-15
2018,5,16,28,18.6,12.7,96,2018-05-16
2018,5,17,26.7,18.4,28.9,93,2018-05-17
2018,5,18,27.6,19.5,67.4,96,2018-05-18
2018,5,19,25.9,18.4,26.3,89,2018-05-19
2018,5,20,25.9,18.1,23.3,93,2018-05-20
2018,5,21,25.8,18,49.7,95,2018-05-21
2018,5,22,25.8,18.3,8,94,2018-05-22
2018,5,23,25.6,18.7,30.3,95,2018-05-23
2018,5,24,26.6,18.5,0.1,91,2018-05-24
2018,5,25,28.5,19.7,14.2,93,2018-05-25
2018,5,26,27,19.1,32,96,2018-05-26
2018,5,27,26.1,18.4,5.8,94,2018-05-27
2018,5,28,25.3,19.1,4.3,90,2018-05-28
2018,5,29,29.2,19.3,15.2,95,2018-05-29
2018,5,30,25.6,19.2,0.7,92,2018-05-30
2018,5,31,28.7,20,3.2,94,2018-05-31
2018,6,1,27.4,18.8,23.9,94,2018-06-01
2018,6,2,26.9,19.6,8.3,97,2018-06-02
2018,6,3,26.1,18.6,18.3,92,2018-06-03
2018,6,4,28.5,19.6,9.4,93,2018-06-04
2018,6,5,26.8,20.1,0.9,90,2018-06-05
2018,6,6,29.2,19.9,14,96,2018-06-06
2018,6,7,26.8,19.4,20.4,95,2018-06-07
2018,6,8,26.9,19,9.4,92,2018-06-08
2018,6,9,27.4,19.4,1.2,90,2018-06-09
2018,6,10,27.8,18.9,2.8,87,2018-06-10
2018,6,11,26.7,19.1,1.9,90,2018-06-11
2018,6,12,27.9,18.5,0.1,91,2018-06-12
2018,6,13,27.4,20,5.4,93,2018-06-13
2018,6,14,27,20,45.8,94,2018-06-14
2018,6,15,28.6,17.5,7.4,87,2018-06-15
2018,6,16,27,17.8,9.4,92,2018-06-16
2018,6,17,25.9,18.5,26.5,92,2018-06-17
2018,6,18,27.6,18.3,7.4,90,2018-06-18
2018,6,19,29.7,18.2,3.6,92,2018-06-19
2018,6,20,26.4,18.1,23.1,89,2018-06-20
2018,6,21,28,17.5,11.1,92,2018-06-21
2018,6,22,20.4,-9,0.1,90,2018-06-22
2018,6,23,27.7,19.6,24.5,92,2018-06-23
2018,6,24,27.3,18.4,0.2,92,2018-06-24
2018,6,25,27.5,18.3,0,88,2018-06-25
2018,6,26,26,17.7,40.9,91,2018-06-26
2018,6,27,27.5,17.3,1.7,90,2018-06-27
2018,6,28,26.4,19.2,27,96,2018-06-28
2018,6,29,25.4,18.2,5.7,94,2018-06-29
2018,6,30,26.2,18.5,2.8,95,2018-06-30
2018,6,31,NA,NA,NA,NA,NA
2018,7,1,25.5,18.6,42.7,94,2018-07-01
2018,7,2,26.6,17.8,2.9,91,2018-07-02
2018,7,3,25.9,18.1,0.2,89,2018-07-03
2018,7,4,26.9,18.9,0.4,91,2018-07-04
2018,7,5,28,19.3,6.3,91,2018-07-05
2018,7,6,27.1,19.6,11.2,94,2018-07-06
2018,7,7,26.5,18.3,0,94,2018-07-07
2018,7,8,23.8,17.5,0,90,2018-07-08
2018,7,9,26.8,18.8,0,91,2018-07-09
2018,7,10,28,20.3,5.1,92,2018-07-10
2018,7,11,29.2,18.1,0.1,91,2018-07-11
2018,7,12,24.4,17.6,0,89,2018-07-12
2018,7,13,28.8,18.7,7.1,91,2018-07-13
2018,7,14,27,18.1,37.2,90,2018-07-14
2018,7,15,29,18.3,0.4,91,2018-07-15
2018,7,16,27.3,19.7,3.8,93,2018-07-16
2018,7,17,26,18.1,27.8,93,2018-07-17
2018,7,18,26.9,18.7,8.9,93,2018-07-18
2018,7,19,29.1,17.8,4.4,92,2018-07-19
2018,7,20,28,19.2,30.8,95,2018-07-20
2018,7,21,26.5,19.7,1.3,94,2018-07-21
2018,7,22,25.4,19.6,32.1,94,2018-07-22
2018,7,23,26.2,18.5,14.8,90,2018-07-23
2018,7,24,27.2,18.9,9,94,2018-07-24
2018,7,25,25.4,19.9,21.9,94,2018-07-25
2018,7,26,26.7,18.7,0.8,91,2018-07-26
2018,7,27,26.2,18.6,17.9,94,2018-07-27
2018,7,28,26.4,18.3,16.8,95,2018-07-28
2018,7,29,25.7,17.8,31.4,94,2018-07-29
2018,7,30,27.5,18.7,2.2,93,2018-07-30
2018,7,31,24.4,17.8,0.3,90,2018-07-31
2018,8,1,27.4,19,5.5,95,2018-08-01
2018,8,2,25.5,17.6,16.1,93,2018-08-02
2018,8,3,26.6,16.9,5.9,91,2018-08-03
2018,8,4,25.7,18.1,0,90,2018-08-04
2018,8,5,26.9,17.6,30.5,89,2018-08-05
2018,8,6,27.1,18.7,3.5,93,2018-08-06
2018,8,7,27.2,19.3,2.1,95,2018-08-07
2018,8,8,27,19.2,0,90,2018-08-08
2018,8,9,27.6,20,25.5,94,2018-08-09
2018,8,10,26.8,18.1,0.5,91,2018-08-10
2018,8,11,28.5,19,1.4,92,2018-08-11
2018,8,12,28.1,19.4,0.2,88,2018-08-12
2018,8,13,30.2,19.7,18.9,94,2018-08-13
2018,8,14,27.9,18.3,18,93,2018-08-14
2018,8,15,25,17.2,12,91,2018-08-15
2018,8,16,25.9,18,1.9,89,2018-08-16
2018,8,17,27.5,18.9,0.2,91,2018-08-17
2018,8,18,26.6,18.8,0.3,92,2018-08-18
2018,8,19,27,18.2,7.6,94,2018-08-19
2018,8,20,27.1,18.4,0,89,2018-08-20
2018,8,21,27.3,19.4,0,89,2018-08-21
2018,8,22,29.6,19.6,4.8,88,2018-08-22
2018,8,23,29.6,18.1,17.6,91,2018-08-23
2018,8,24,27,19.2,21.2,94,2018-08-24
2018,8,25,26.1,18.4,4.7,91,2018-08-25
2018,8,26,27.4,18.4,13.7,92,2018-08-26
2018,8,27,25.4,17.3,3.1,90,2018-08-27
2018,8,28,26.1,19.4,14.5,95,2018-08-28
2018,8,29,26,18.6,14.9,92,2018-08-29
2018,8,30,25.4,18.4,0.8,91,2018-08-30
2018,8,31,26.2,17.8,0,91,2018-08-31
2018,9,1,26.8,18.2,37.9,94,2018-09-01
2018,9,2,26.9,17.7,0.7,92,2018-09-02
2018,9,3,26.9,19.2,0,91,2018-09-03
2018,9,4,27.5,19.2,5.6,93,2018-09-04
2018,9,5,25.9,18.4,18.1,88,2018-09-05
2018,9,6,26.5,17.4,37.9,91,2018-09-06
2018,9,7,28.3,17.5,32.7,91,2018-09-07
2018,9,8,28.1,18.3,5.4,92,2018-09-08
2018,9,9,27.3,17,14.9,90,2018-09-09
2018,9,10,28.8,17.2,0.6,85,2018-09-10
2018,9,11,28.7,18.9,34.5,96,2018-09-11
2018,9,12,26.4,18,17.5,93,2018-09-12
2018,9,13,26.8,18.2,14.4,93,2018-09-13
2018,9,14,25.8,18.8,17.4,93,2018-09-14
2018,9,15,24.9,18,5.4,91,2018-09-15
2018,9,16,27.4,17.9,11,89,2018-09-16
2018,9,17,28.4,17.6,28.1,94,2018-09-17
2018,9,18,27,18.4,1.8,93,2018-09-18
2018,9,19,25.8,18.8,2.2,93,2018-09-19
2018,9,20,25.7,19,6.1,95,2018-09-20
2018,9,21,26.4,18.7,12,94,2018-09-21
2018,9,22,26.9,18.7,0.4,92,2018-09-22
2018,9,23,27.5,19.9,36.1,96,2018-09-23
2018,9,24,28.2,18.4,55.8,96,2018-09-24
2018,9,25,25.6,18.3,3.2,88,2018-09-25
2018,9,26,27.9,18,22.7,94,2018-09-26
2018,9,27,26.4,18.4,3.3,87,2018-09-27
2018,9,28,27.1,17.7,16.1,95,2018-09-28
2018,9,29,25.5,18.6,14.2,93,2018-09-29
2018,9,30,27.9,18.3,23.6,94,2018-09-30
2018,9,31,NA,NA,NA,NA,NA
2018,10,1,27.2,17.7,12.8,93,2018-10-01
2018,10,2,27.6,18.8,32.9,95,2018-10-02
2018,10,3,26.5,18.6,13.2,96,2018-10-03
2018,10,4,24.6,18.4,16.5,97,2018-10-04
2018,10,5,22.7,18,62.5,99,2018-10-05
2018,10,6,19.6,14.9,0,82,2018-10-06
2018,10,7,25.3,17.7,0,89,2018-10-07
2018,10,8,27.3,18.3,23.7,91,2018-10-08
2018,10,9,28.1,18.8,69.4,96,2018-10-09
2018,10,10,25.4,18.9,17.5,94,2018-10-10
2018,10,11,25.8,19.3,32.2,96,2018-10-11
2018,10,12,26.2,18.4,26.1,98,2018-10-12
2018,10,13,24.1,18.6,24.1,98,2018-10-13
2018,10,14,22.6,18.5,24,95,2018-10-14
2018,10,15,27.3,18.7,27.7,96,2018-10-15
2018,10,16,25.2,18.5,20.4,97,2018-10-16
2018,10,17,23.6,18.3,2.6,95,2018-10-17
2018,10,18,24.3,18,1.4,93,2018-10-18
2018,10,19,26.4,17.3,3.8,94,2018-10-19
2018,10,20,26.7,18.4,28,94,2018-10-20
2018,10,21,26.4,18.5,60.1,97,2018-10-21
2018,10,22,25.1,18,13,95,2018-10-22
2018,10,23,26.1,17.6,8.7,90,2018-10-23
2018,10,24,29.3,18.5,13.5,94,2018-10-24
2018,10,25,26.9,18.6,14.6,97,2018-10-25
2018,10,26,27.8,19.4,27.4,96,2018-10-26
2018,10,27,25.5,19.2,30.7,97,2018-10-27
2018,10,28,25.7,19.2,7.5,98,2018-10-28
2018,10,29,24.3,19.6,0.4,94,2018-10-29
2018,10,30,25.3,17.7,1.5,93,2018-10-30
2018,10,31,26,18.4,2.1,93,2018-10-31
2018,11,1,26.4,18.3,5.6,94,2018-11-01
2018,11,2,26.1,19.4,5.8,93,2018-11-02
2018,11,3,26.2,17.7,10,90,2018-11-03
2018,11,4,27,18.4,85.5,94,2018-11-04
2018,11,5,27.1,18,2.7,92,2018-11-05
2018,11,6,26.1,18.7,13.5,94,2018-11-06
2018,11,7,26.5,17.6,5.9,94,2018-11-07
2018,11,8,25.8,18.3,3.9,93,2018-11-08
2018,11,9,27.2,19.5,7.8,93,2018-11-09
2018,11,10,27.1,18.8,16.2,93,2018-11-10
2018,11,11,27.9,18.7,8.4,93,2018-11-11
2018,11,12,27.2,19.7,0,94,2018-11-12
2018,11,13,28.7,19.2,2.9,95,2018-11-13
2018,11,14,25.9,19.7,24.3,97,2018-11-14
2018,11,15,25.4,18.9,1.8,95,2018-11-15
2018,11,16,25.9,19.5,3.4,95,2018-11-16
2018,11,17,27.5,18.9,0.9,93,2018-11-17
2018,11,18,27.2,19.4,0.7,93,2018-11-18
2018,11,19,26.7,19.4,3.3,93,2018-11-19
2018,11,20,27.2,19.3,0.4,97,2018-11-20
2018,11,21,24,19.2,7.5,97,2018-11-21
2018,11,22,24.6,19.8,63.4,97,2018-11-22
2018,11,23,27,19.1,18.9,96,2018-11-23
2018,11,24,26.8,18.2,2.6,91,2018-11-24
2018,11,25,27.1,17.9,0.5,91,2018-11-25
2018,11,26,27.3,18.2,17.7,91,2018-11-26
2018,11,27,26.6,18.4,9.8,92,2018-11-27
2018,11,28,27.4,17.8,4,91,2018-11-28
2018,11,29,29,19.7,44.4,98,2018-11-29
2018,11,30,24.9,18.1,4.1,94,2018-11-30
2018,11,31,NA,NA,NA,NA,NA
2018,12,1,25.3,17.6,0.3,89,2018-12-01
2018,12,2,28.2,17.2,1.4,91,2018-12-02
2018,12,3,28.2,18.9,10.1,96,2018-12-03
2018,12,4,26.6,18.9,9.1,95,2018-12-04
2018,12,5,26.5,17.3,0.2,88,2018-12-05
2018,12,6,28.3,17.1,1,91,2018-12-06
2018,12,7,25.8,18,0,89,2018-12-07
2018,12,8,27.8,17.6,1,91,2018-12-08
2018,12,9,26.6,17.9,0,93,2018-12-09
2018,12,10,27,18.7,0.5,87,2018-12-10
2018,12,11,28,17.7,0,80,2018-12-11
2018,12,12,28.8,16.1,0,79,2018-12-12
2018,12,13,27,17.6,0,89,2018-12-13
2018,12,14,27.4,19.5,0,92,2018-12-14
2018,12,15,26.6,18.6,0,85,2018-12-15
2018,12,16,29.7,17.9,0,82,2018-12-16
2018,12,17,27.3,16.8,0,78,2018-12-17
2018,12,18,27.6,16.5,1.1,90,2018-12-18
2018,12,19,26.9,17.3,3.3,90,2018-12-19
2018,12,20,27.1,18.6,0,88,2018-12-20
2018,12,21,26.7,18.1,0.4,72,2018-12-21
2018,12,22,30.1,17,0,73,2018-12-22
2018,12,23,27.9,17.2,0,65,2018-12-23
2018,12,24,29.4,16.6,0,83,2018-12-24
2018,12,25,27.8,17.8,0,82,2018-12-25
2018,12,26,29.3,17.2,0,76,2018-12-26
2018,12,27,30.3,17.6,0,86,2018-12-27
2018,12,28,28.1,16.8,0,82,2018-12-28
2018,12,29,30,16.8,0,75,2018-12-29
2018,12,30,30.8,16.8,0,82,2018-12-30
2018,12,31,28.9,17.1,0,76,2018-12-31
2019,1,1,30.7,17,0,83,2019-01-01
2019,1,2,30.7,16.9,0,88,2019-01-02
2019,1,3,27.9,18.6,0,87,2019-01-03
2019,1,4,30.3,19.2,0,85,2019-01-04
2019,1,5,29.6,17.6,0,78,2019-01-05
2019,1,6,29.2,16.6,0,84,2019-01-06
2019,1,7,29.1,18.1,0,85,2019-01-07
2019,1,8,28.8,18.1,0,81,2019-01-08
2019,1,9,28.8,18.2,0,85,2019-01-09
2019,1,10,28.5,17,2.4,85,2019-01-10
2019,1,11,29.4,17.2,4,89,2019-01-11
2019,1,12,27.7,17.2,0,82,2019-01-12
2019,1,13,29.2,15.8,0,71,2019-01-13
2019,1,14,30.6,15.3,0,65,2019-01-14
2019,1,15,30.4,14.8,0,76,2019-01-15
2019,1,16,28.3,16.1,0,74,2019-01-16
2019,1,17,28.5,16.1,0,72,2019-01-17
2019,1,18,28.4,15.2,0,69,2019-01-18
2019,1,19,30.2,16.8,0,85,2019-01-19
2019,1,20,27.9,17.4,0,71,2019-01-20
2019,1,21,32,19,0,56,2019-01-21
2019,1,22,30.8,16.9,0,58,2019-01-22
2019,1,23,30.4,16.8,0,78,2019-01-23
2019,1,24,29.4,17.7,0,74,2019-01-24
2019,1,25,30,18.8,0,80,2019-01-25
2019,1,26,30.1,17.8,0,83,2019-01-26
2019,1,27,31.7,18.3,0,82,2019-01-27
2019,1,28,29.8,18.5,0,77,2019-01-28
2019,1,29,30.1,17,12.3,88,2019-01-29
2019,1,30,29.1,17.3,0,77,2019-01-30
2019,1,31,30.5,16.8,0,64,2019-01-31
2019,2,1,31.3,17.7,19,86,2019-02-01
2019,2,2,28.9,17.2,0,82,2019-02-02
2019,2,3,29.3,16.6,0,82,2019-02-03
2019,2,4,29.5,16.9,0,73,2019-02-04
2019,2,5,29.7,18,0,78,2019-02-05
2019,2,6,29.4,16.6,0,72,2019-02-06
2019,2,7,29.1,16.4,0,74,2019-02-07
2019,2,8,29.8,16.2,0,62,2019-02-08
2019,2,9,31.1,16.8,0,47,2019-02-09
2019,2,10,31.5,17.5,0,52,2019-02-10
2019,2,11,30.8,18,0,57,2019-02-11
2019,2,12,30.6,18,0,78,2019-02-12
2019,2,13,30.8,18.2,0,80,2019-02-13
2019,2,14,30,17.5,0,80,2019-02-14
2019,2,15,30.7,17.6,0,76,2019-02-15
2019,2,16,30.4,18.6,0,80,2019-02-16
2019,2,17,30.8,18.4,0,78,2019-02-17
2019,2,18,30.9,18.4,0,72,2019-02-18
2019,2,19,32.6,18.4,0.9,81,2019-02-19
2019,2,20,29.2,18.1,0.1,82,2019-02-20
2019,2,21,30.4,18.6,0,80,2019-02-21
2019,2,22,32.6,19.4,0,79,2019-02-22
2019,2,23,31.3,18.9,0,81,2019-02-23
2019,2,24,30.9,18.9,10,83,2019-02-24
2019,2,25,30.5,18.3,2.2,89,2019-02-25
2019,2,26,28.2,17.1,0,77,2019-02-26
2019,2,27,30.1,17.3,12.1,86,2019-02-27
2019,2,28,29.8,17.4,0.6,79,2019-02-28
2019,2,29,NA,NA,NA,NA,NA
2019,2,30,NA,NA,NA,NA,NA
2019,2,31,NA,NA,NA,NA,NA
2019,3,1,28.6,18.4,10.5,81,2019-03-01
2019,3,2,30,18.4,0.1,86,2019-03-02
2019,3,3,30,18.3,0.8,87,2019-03-03
2019,3,4,29.3,18.8,0,86,2019-03-04
2019,3,5,29.7,17.7,2.6,81,2019-03-05
2019,3,6,28,17.5,0,67,2019-03-06
2019,3,7,31.7,17.1,0,58,2019-03-07
2019,3,8,31.7,17.8,0,49,2019-03-08
2019,3,9,32.4,15.9,0,67,2019-03-09
2019,3,10,32.3,17.4,0,75,2019-03-10
2019,3,11,31.5,18.5,0,66,2019-03-11
2019,3,12,32.7,19.3,0,55,2019-03-12
2019,3,13,32.3,16.4,0,64,2019-03-13
2019,3,14,31.4,18.2,1.3,74,2019-03-14
2019,3,15,31,17.4,0,75,2019-03-15
2019,3,16,31.7,18.4,0,72,2019-03-16
2019,3,17,32.3,18.4,0,70,2019-03-17
2019,3,18,32.6,18.7,0.8,82,2019-03-18
2019,3,19,31.7,18.9,32.8,89,2019-03-19
2019,3,20,30.8,18.8,20.8,89,2019-03-20
2019,3,21,30.9,18.1,14.8,82,2019-03-21
2019,3,22,30.9,18.3,0,62,2019-03-22
2019,3,23,31.2,17.1,0.6,73,2019-03-23
2019,3,24,29.9,19,0,69,2019-03-24
2019,3,25,29.2,18.7,6,86,2019-03-25
2019,3,26,29.9,18.9,0,74,2019-03-26
2019,3,27,31.4,18.5,0,60,2019-03-27
2019,3,28,32.6,18.5,1.1,64,2019-03-28
2019,3,29,31.7,17.8,0.4,80,2019-03-29
2019,3,30,30.1,19,5.4,86,2019-03-30
2019,3,31,29.9,19.8,0.6,86,2019-03-31
2019,4,1,31.4,20.9,13.4,92,2019-04-01
2019,4,2,28.6,18.6,0,82,2019-04-02
2019,4,3,29.6,17.3,0,64,2019-04-03
2019,4,4,31.4,17.9,0,83,2019-04-04
2019,4,5,28.6,18.3,0,90,2019-04-05
2019,4,6,24.6,17.5,0,84,2019-04-06
2019,4,7,29.5,20,2.3,91,2019-04-07
2019,4,8,29,19.5,35.8,90,2019-04-08
2019,4,9,29.9,19.8,5.7,94,2019-04-09
2019,4,10,28.5,19.5,15,94,2019-04-10
2019,4,11,26.5,18.1,1,89,2019-04-11
2019,4,12,27.7,19.2,0,88,2019-04-12
2019,4,13,30.1,19.2,0,85,2019-04-13
2019,4,14,30.5,20.2,7.1,89,2019-04-14
2019,4,15,30,19.6,0,87,2019-04-15
2019,4,16,30.5,18.6,1.8,83,2019-04-16
2019,4,17,31.8,18.9,0,85,2019-04-17
2019,4,18,31,19.3,9.4,90,2019-04-18
2019,4,19,29.7,19.4,5.2,92,2019-04-19
2019,4,20,28.4,20,27.7,95,2019-04-20
2019,4,21,27.2,18.6,1.4,89,2019-04-21
2019,4,22,29,19,4.2,95,2019-04-22
2019,4,23,26.1,18.5,15.3,94,2019-04-23
2019,4,24,25.5,18.2,0.9,90,2019-04-24
2019,4,25,29.5,18.7,0,86,2019-04-25
2019,4,26,29.5,19.5,0,85,2019-04-26
2019,4,27,30.8,19.7,16,92,2019-04-27
2019,4,28,29.6,20.1,0,92,2019-04-28
2019,4,29,29.2,20.1,0.1,90,2019-04-29
2019,4,30,29.6,18.9,2.3,90,2019-04-30
2019,4,31,NA,NA,NA,NA,NA
2019,5,1,28.4,19.4,8.3,90,2019-05-01
2019,5,2,28.1,20.5,0,93,2019-05-02
2019,5,3,27.3,20.3,15.9,93,2019-05-03
2019,5,4,27.2,19.2,7.1,84,2019-05-04
2019,5,5,31.7,20.3,1.9,93,2019-05-05
2019,5,6,29,20.1,6.1,91,2019-05-06
2019,5,7,29.6,19.9,4.8,94,2019-05-07
2019,5,8,27,19.7,55.2,97,2019-05-08
2019,5,9,27.3,19.2,14.2,92,2019-05-09
2019,5,10,28.3,18.7,37.5,93,2019-05-10
2019,5,11,27.1,18.7,2.1,89,2019-05-11
2019,5,12,30.6,20,25.5,99,2019-05-12
2019,5,13,23.9,18.7,12.4,94,2019-05-13
2019,5,14,28.9,19,9.9,95,2019-05-14
2019,5,15,29.1,18.3,47.9,91,2019-05-15
2019,5,16,30.2,18.6,7,93,2019-05-16
2019,5,17,26.5,19.5,11.8,93,2019-05-17
2019,5,18,28.4,19.3,4.8,94,2019-05-18
2019,5,19,27,19.1,3.9,92,2019-05-19
2019,5,20,27.6,18.2,28.8,91,2019-05-20
2019,5,21,28.4,17.9,34.4,92,2019-05-21
2019,5,22,25.6,18.4,3.6,96,2019-05-22
2019,5,23,24.2,18.3,50.5,92,2019-05-23
2019,5,24,27.9,18.6,18.1,97,2019-05-24
2019,5,25,25.5,17.3,2.2,90,2019-05-25
2019,5,26,25.9,18.4,1.2,91,2019-05-26
2019,5,27,27.5,18.5,58.2,97,2019-05-27
2019,5,28,25.9,17.9,22.8,95,2019-05-28
2019,5,29,25.8,18.6,14,90,2019-05-29
2019,5,30,27.9,19.2,2,93,2019-05-30
2019,5,31,28,19.3,38.2,94,2019-05-31
2019,6,1,27.4,18.7,0,89,2019-06-01
2019,6,2,27.7,18.1,0.2,91,2019-06-02
2019,6,3,28.6,20,25.4,93,2019-06-03
2019,6,4,27.6,19.5,25,94,2019-06-04
2019,6,5,27.9,20.1,6.9,96,2019-06-05
2019,6,6,28.5,19.9,0.6,92,2019-06-06
2019,6,7,26,18.6,11.8,92,2019-06-07
2019,6,8,28.5,18.2,16,92,2019-06-08
2019,6,9,27,19.7,0.8,95,2019-06-09
2019,6,10,26.5,19.1,7.5,95,2019-06-10
2019,6,11,26.9,18.2,32,93,2019-06-11
2019,6,12,27.5,18.4,33.7,95,2019-06-12
2019,6,13,26.8,18.5,19.9,90,2019-06-13
2019,6,14,28.4,18.9,0.1,91,2019-06-14
2019,6,15,29.1,19.3,0,92,2019-06-15
2019,6,16,29.2,19.8,14.6,92,2019-06-16
2019,6,17,27.9,20.2,0,92,2019-06-17
2019,6,18,28.8,21.1,0.3,92,2019-06-18
2019,6,19,29.9,20.9,12.6,93,2019-06-19
2019,6,20,29.4,19.5,0.9,96,2019-06-20
2019,6,21,26.9,19.6,14.3,93,2019-06-21
2019,6,22,28.5,19.1,0,92,2019-06-22
2019,6,23,27.7,20.4,6.2,91,2019-06-23
2019,6,24,30.2,19.2,0.2,94,2019-06-24
2019,6,25,26.9,19.3,0,88,2019-06-25
2019,6,26,28.5,19.8,0,92,2019-06-26
2019,6,27,28.2,19.3,0.4,89,2019-06-27
2019,6,28,29.6,19.6,3.4,92,2019-06-28
2019,6,29,28.5,18.7,5.8,94,2019-06-29
2019,6,30,27.6,18.5,11.4,94,2019-06-30
2019,6,31,NA,NA,NA,NA,NA
2019,7,1,26.9,18.2,11.1,94,2019-07-01
2019,7,2,28.1,18.8,6,95,2019-07-02
2019,7,3,26.4,19.4,0,93,2019-07-03
2019,7,4,26.5,19.9,0,89,2019-07-04
2019,7,5,28.4,17.7,0.2,86,2019-07-05
2019,7,6,28.6,18,0.2,90,2019-07-06
2019,7,7,27.8,19.9,5.1,95,2019-07-07
2019,7,8,27.3,18.3,2.2,96,2019-07-08
2019,7,9,26.3,18.6,7.4,95,2019-07-09
2019,7,10,26.6,18.3,0.3,91,2019-07-10
2019,7,11,27.4,18.9,67.3,94,2019-07-11
2019,7,12,26.7,19.7,13.8,96,2019-07-12
2019,7,13,26.1,17.7,1,93,2019-07-13
2019,7,14,26.5,18.5,4.6,96,2019-07-14
2019,7,15,23.7,17.5,0.2,90,2019-07-15
2019,7,16,26.5,19.1,0,93,2019-07-16
2019,7,17,26.3,18.6,0,89,2019-07-17
2019,7,18,28.3,19,26.9,96,2019-07-18
2019,7,19,27.3,19,4.5,92,2019-07-19
2019,7,20,30.1,19,0,89,2019-07-20
2019,7,21,29.6,19.1,9.7,94,2019-07-21
2019,7,22,29.3,19.4,10.8,96,2019-07-22
2019,7,23,24.9,18.7,15.9,95,2019-07-23
2019,7,24,25.3,19.1,53.2,98,2019-07-24
2019,7,25,26,18.6,1.3,94,2019-07-25
2019,7,26,25.1,17.7,0,91,2019-07-26
2019,7,27,25.5,17.8,11.8,92,2019-07-27
2019,7,28,28.3,18.1,5.4,94,2019-07-28
2019,7,29,27,18.3,0,87,2019-07-29
2019,7,30,30.3,19,0,89,2019-07-30
2019,7,31,27.6,19.1,0,91,2019-07-31
2019,8,1,28.8,20.4,0.1,93,2019-08-01
2019,8,2,27.4,19,31,94,2019-08-02
2019,8,3,27.8,19.1,1.3,96,2019-08-03
2019,8,4,26.2,19.2,0,92,2019-08-04
2019,8,5,26.8,19.3,4.2,93,2019-08-05
2019,8,6,27.9,20.2,4.9,92,2019-08-06
2019,8,7,29.1,18.9,5.6,96,2019-08-07
2019,8,8,24.3,18,0.3,91,2019-08-08
2019,8,9,27.4,19.5,4.2,93,2019-08-09
2019,8,10,27.7,19.6,0,94,2019-08-10
2019,8,11,27.8,18.9,0.3,93,2019-08-11
2019,8,12,27.7,19.7,7.3,93,2019-08-12
2019,8,13,30.6,19.9,1.1,94,2019-08-13
2019,8,14,27.7,19.5,0.1,94,2019-08-14
2019,8,15,25.7,18.8,24.6,96,2019-08-15
2019,8,16,24.3,17.6,3.7,86,2019-08-16
2019,8,17,28.1,18.4,21,93,2019-08-17
2019,8,18,28.9,18.1,1.4,94,2019-08-18
2019,8,19,24.7,18.9,6.1,95,2019-08-19
2019,8,20,26.9,17.8,44.9,94,2019-08-20
2019,8,21,26.8,18.8,0.1,91,2019-08-21
2019,8,22,28.5,18.9,0.1,94,2019-08-22
2019,8,23,27.2,19.3,0,91,2019-08-23
2019,8,24,28.6,19,22.6,92,2019-08-24
2019,8,25,28.6,18.5,3,92,2019-08-25
2019,8,26,28.6,18.7,0.3,91,2019-08-26
2019,8,27,27.3,19.4,0,90,2019-08-27
2019,8,28,30.4,20.2,2.7,88,2019-08-28
2019,8,29,30.2,19,0,94,2019-08-29
2019,8,30,24.4,18.6,9.1,95,2019-08-30
2019,8,31,26.8,18.5,6.7,94,2019-08-31
2019,9,1,28.8,19.4,23.2,95,2019-09-01
2019,9,2,26.7,18.2,0.5,90,2019-09-02
2019,9,3,29,18.9,10.1,94,2019-09-03
2019,9,4,26.2,17.7,32,93,2019-09-04
2019,9,5,29.5,17.5,0,89,2019-09-05
2019,9,6,26,18.3,4.5,91,2019-09-06
2019,9,7,28.1,19.7,5.5,97,2019-09-07
2019,9,8,23.6,18.4,32.2,91,2019-09-08
2019,9,9,29,18.6,8.2,94,2019-09-09
2019,9,10,28.6,19,0,93,2019-09-10
2019,9,11,27.8,19.3,0,91,2019-09-11
2019,9,12,29.3,19.5,0,92,2019-09-12
2019,9,13,26.2,19.2,4,95,2019-09-13
2019,9,14,25.5,18.8,26.3,94,2019-09-14
2019,9,15,27.8,18.7,6.5,96,2019-09-15
2019,9,16,25.1,17.5,0,87,2019-09-16
2019,9,17,28.7,19.3,20.7,96,2019-09-17
2019,9,18,27.4,17.8,22.2,94,2019-09-18
2019,9,19,28,18.2,4,95,2019-09-19
2019,9,20,27.3,16.6,5.9,92,2019-09-20
2019,9,21,27.6,18.8,13.5,94,2019-09-21
2019,9,22,26.3,18.9,2.4,96,2019-09-22
2019,9,23,26.2,18.5,0.5,94,2019-09-23
2019,9,24,28.2,18.2,1.2,94,2019-09-24
2019,9,25,27.8,19.2,14.6,97,2019-09-25
2019,9,26,25,17.3,5.6,92,2019-09-26
2019,9,27,28.2,18.7,5.5,94,2019-09-27
2019,9,28,27.5,18.7,7,96,2019-09-28
2019,9,29,28.5,18,0,88,2019-09-29
2019,9,30,29.7,19.4,0,94,2019-09-30
2019,9,31,NA,NA,NA,NA,NA
2019,10,1,25.7,19.1,1.1,94,2019-10-01
2019,10,2,26.5,17.6,1.4,93,2019-10-02
2019,10,3,24.7,18.7,4.7,95,2019-10-03
2019,10,4,27.2,17.9,7.9,93,2019-10-04
2019,10,5,28.4,18.7,28.2,97,2019-10-05
2019,10,6,26.6,17.2,13.7,94,2019-10-06
2019,10,7,28.9,17.6,3.9,97,2019-10-07
2019,10,8,24.3,18.3,6.4,94,2019-10-08
2019,10,9,27.3,18.7,4.3,97,2019-10-09
2019,10,10,25.9,18,23.5,94,2019-10-10
2019,10,11,26.5,17.9,6.3,94,2019-10-11
2019,10,12,27.4,18.4,65.2,97,2019-10-12
2019,10,13,26.2,18.4,18.4,97,2019-10-13
2019,10,14,24.6,17.2,15.2,93,2019-10-14
2019,10,15,24,17.9,1,96,2019-10-15
2019,10,16,24.5,17.8,10.5,93,2019-10-16
2019,10,17,27.4,18,10.9,94,2019-10-17
2019,10,18,28.2,17.9,10.1,94,2019-10-18
2019,10,19,27,17.7,16.9,93,2019-10-19
2019,10,20,26.2,17.9,11.4,94,2019-10-20
2019,10,21,27.9,17.8,1.5,94,2019-10-21
2019,10,22,26.1,18.6,6.3,96,2019-10-22
2019,10,23,27.1,19.1,21.1,94,2019-10-23
2019,10,24,28.3,17.9,8.3,95,2019-10-24
2019,10,25,28.9,17.9,12.2,95,2019-10-25
2019,10,26,28.1,18.3,0.1,96,2019-10-26
2019,10,27,25.6,18,2,90,2019-10-27
2019,10,28,28.9,19.8,25,97,2019-10-28
2019,10,29,27,18.2,1.6,93,2019-10-29
2019,10,30,28.5,19.3,10.1,95,2019-10-30
2019,10,31,27.5,17.9,3.3,95,2019-10-31
2019,11,1,25.9,19.5,2.9,93,2019-11-01
2019,11,2,27.2,18.2,12.2,94,2019-11-02
2019,11,3,27.2,19.3,24.6,95,2019-11-03
2019,11,4,25.5,18.3,0.1,94,2019-11-04
2019,11,5,26.6,18.1,0.6,93,2019-11-05
2019,11,6,28.1,18.7,0.7,94,2019-11-06
2019,11,7,25.6,18.5,6.8,94,2019-11-07
2019,11,8,27,19.6,24.6,97,2019-11-08
2019,11,9,27.2,19.5,4.9,95,2019-11-09
2019,11,10,28.1,19.3,11.8,94,2019-11-10
2019,11,11,28.7,18,18.2,94,2019-11-11
2019,11,12,28.8,19.5,3.1,95,2019-11-12
2019,11,13,25.9,18.6,1.7,96,2019-11-13
2019,11,14,26.6,18.2,26.1,95,2019-11-14
2019,11,15,25.5,18.1,34.8,96,2019-11-15
2019,11,16,25.3,18.5,7.2,94,2019-11-16
2019,11,17,27.4,19.5,6.7,93,2019-11-17
2019,11,18,27.4,19.2,17.9,96,2019-11-18
2019,11,19,27.3,18.8,31.9,97,2019-11-19
2019,11,20,25.8,17.8,9.1,94,2019-11-20
2019,11,21,25.2,17.9,0,92,2019-11-21
2019,11,22,26.6,18,0.5,92,2019-11-22
2019,11,23,27,18,1.7,93,2019-11-23
2019,11,24,25.9,17.3,2.2,92,2019-11-24
2019,11,25,27,18.2,3.7,93,2019-11-25
2019,11,26,26.9,19.3,1.6,93,2019-11-26
2019,11,27,27.6,19.6,0.3,92,2019-11-27
2019,11,28,30.4,19.7,10.2,97,2019-11-28
2019,11,29,27,18.3,0.2,94,2019-11-29
2019,11,30,26.9,18.6,3.4,93,2019-11-30
2019,11,31,NA,NA,NA,NA,NA
2019,12,1,27.4,19.4,22.6,95,2019-12-01
2019,12,2,27,19,3,93,2019-12-02
2019,12,3,27,18.7,0,90,2019-12-03
2019,12,4,28.3,18.5,1.1,93,2019-12-04
2019,12,5,28.3,18.4,0,92,2019-12-05
2019,12,6,28.6,17.9,0.6,96,2019-12-06
2019,12,7,24.5,18.2,22.3,95,2019-12-07
2019,12,8,27.5,18.1,0,90,2019-12-08
2019,12,9,28,17,0.5,92,2019-12-09
2019,12,10,27.5,17.6,7.6,92,2019-12-10
2019,12,11,26.6,19.1,0,94,2019-12-11
2019,12,12,25,18.3,1.6,95,2019-12-12
2019,12,13,26.4,17.5,0.1,93,2019-12-13
2019,12,14,26.4,17.6,1.1,92,2019-12-14
2019,12,15,27.2,17.3,1.9,93,2019-12-15
2019,12,16,27.1,18.7,0,92,2019-12-16
2019,12,17,26.8,18.5,35.9,94,2019-12-17
2019,12,18,28,18.1,2.9,94,2019-12-18
2019,12,19,27.9,18.9,0.5,94,2019-12-19
2019,12,20,27,19.2,9.4,95,2019-12-20
2019,12,21,27.1,19.5,5,94,2019-12-21
2019,12,22,27.1,19.8,0.4,95,2019-12-22
2019,12,23,25.6,19.3,0,91,2019-12-23
2019,12,24,27.2,19.2,11.1,95,2019-12-24
2019,12,25,27.5,20.3,7.2,92,2019-12-25
2019,12,26,28.1,19.5,1.7,92,2019-12-26
2019,12,27,28.2,20.2,0.3,93,2019-12-27
2019,12,28,28.6,19.3,0.3,93,2019-12-28
2019,12,29,28.7,19.6,25.9,93,2019-12-29
2019,12,30,28.1,19,1.9,93,2019-12-30
2019,12,31,25.8,19,0,94,2019-12-31
2020,1,1,25,17.5,4.3,91,2020-01-01
2020,1,2,27.1,18.9,16.9,95,2020-01-02
2020,1,3,26.2,18.7,14.8,95,2020-01-03
2020,1,4,26.2,18.2,3.1,89,2020-01-04
2020,1,5,28,17,1.2,83,2020-01-05
2020,1,6,30.8,17.2,4.3,89,2020-01-06
2020,1,7,27.5,17.1,0.1,80,2020-01-07
2020,1,8,29.5,17.1,0,81,2020-01-08
2020,1,9,29.8,17.4,0,72,2020-01-09
2020,1,10,31.4,15.8,0,68,2020-01-10
2020,1,11,30.7,17.5,0,89,2020-01-11
2020,1,12,27.4,18.3,0.4,77,2020-01-12
2020,1,13,30.3,18.2,0,78,2020-01-13
2020,1,14,29.4,17.9,0,70,2020-01-14
2020,1,15,32,17.2,0,74,2020-01-15
2020,1,16,28.7,17.7,0,83,2020-01-16
2020,1,17,30.4,17.7,0,90,2020-01-17
2020,1,18,30.3,18.8,0,83,2020-01-18
2020,1,19,30.8,19.5,0,91,2020-01-19
2020,1,20,28.6,19.8,12.9,91,2020-01-20
2020,1,21,29.4,19,0.1,93,2020-01-21
2020,1,22,25.6,19.2,0.2,90,2020-01-22
2020,1,23,29.5,19.3,2.9,95,2020-01-23
2020,1,24,25.3,18.6,0.6,94,2020-01-24
2020,1,25,27.5,18.8,1.7,90,2020-01-25
2020,1,26,30.2,19.6,6.4,90,2020-01-26
2020,1,27,29.6,19,21.6,93,2020-01-27
2020,1,28,26.9,18.9,3.5,91,2020-01-28
2020,1,29,28,17.6,8.2,91,2020-01-29
2020,1,30,29.7,18.5,0.3,93,2020-01-30
2020,1,31,27.8,17.4,0,87,2020-01-31
2020,2,1,28.3,17.8,0,87,2020-02-01
2020,2,2,28.7,18.3,0,82,2020-02-02
2020,2,3,31,18.3,0,80,2020-02-03
2020,2,4,30.1,19.3,0,85,2020-02-04
2020,2,5,30.8,18.9,0,88,2020-02-05
2020,2,6,29.1,18.2,3.7,86,2020-02-06
2020,2,7,30.1,18.3,0,85,2020-02-07
2020,2,8,29.6,18.2,0,86,2020-02-08
2020,2,9,30.2,17.8,0,68,2020-02-09
2020,2,10,30.2,17.3,0,55,2020-02-10
2020,2,11,32.7,16.4,0,86,2020-02-11
2020,2,12,30.6,18,0,83,2020-02-12
2020,2,13,31.4,18.1,0,86,2020-02-13
2020,2,14,30.3,18.9,0,76,2020-02-14
2020,2,15,30.3,17.5,0,66,2020-02-15
2020,2,16,32.5,18.3,0,73,2020-02-16
2020,2,17,31.5,17.7,0,72,2020-02-17
2020,2,18,32.2,17.7,0,70,2020-02-18
2020,2,19,32.8,18.2,0,77,2020-02-19
2020,2,20,32.4,18.3,2.6,86,2020-02-20
2020,2,21,31,18.4,0,76,2020-02-21
2020,2,22,31.6,17.6,0,66,2020-02-22
2020,2,23,31.9,16.7,0,60,2020-02-23
2020,2,24,31.8,17.9,13.3,72,2020-02-24
2020,2,25,30.8,18.5,19.3,90,2020-02-25
2020,2,26,29.2,18.2,24,90,2020-02-26
2020,2,27,29.6,18.4,5,90,2020-02-27
2020,2,28,29.3,17.1,0,67,2020-02-28
2020,2,29,30.8,17.6,0,60,2020-02-29
2020,2,30,NA,NA,NA,NA,NA
2020,2,31,NA,NA,NA,NA,NA
2020,3,1,31.3,17,0,66,2020-03-01
2020,3,2,32.4,17.3,0,83,2020-03-02
2020,3,3,31.4,18.4,0,85,2020-03-03
2020,3,4,30.5,19.3,0,86,2020-03-04
2020,3,5,30.7,18.2,0,76,2020-03-05
2020,3,6,32,18.9,0,82,2020-03-06
2020,3,7,30.5,17.7,0,71,2020-03-07
2020,3,8,32,17,0,60,2020-03-08
2020,3,9,32.4,17.2,0,58,2020-03-09
2020,3,10,33,16.1,0,67,2020-03-10
2020,3,11,31.7,16.9,0,67,2020-03-11
2020,3,12,31.7,17.2,0,75,2020-03-12
2020,3,13,31.1,18.2,0,84,2020-03-13
2020,3,14,30.8,18.8,0.2,86,2020-03-14
2020,3,15,30.8,17.7,0,79,2020-03-15
2020,3,16,31.6,18.2,0,75,2020-03-16
2020,3,17,31.1,17.5,0,72,2020-03-17
2020,3,18,30.8,18.2,0,65,2020-03-18
2020,3,19,30.6,16.9,0.1,73,2020-03-19
2020,3,20,30,17.2,0.2,75,2020-03-20
2020,3,21,30.4,17.4,0,64,2020-03-21
2020,3,22,30.8,16.3,0,69,2020-03-22
2020,3,23,30.8,17.6,0,66,2020-03-23
2020,3,24,32,18.3,8.3,75,2020-03-24
2020,3,25,31.5,17.6,0,79,2020-03-25
2020,3,26,29.4,18.3,0,83,2020-03-26
2020,3,27,29.3,19.5,0,80,2020-03-27
2020,3,28,31.2,17.6,0,80,2020-03-28
2020,3,29,30.3,18.1,0,80,2020-03-29
2020,3,30,29.5,18.2,0.3,79,2020-03-30
2020,3,31,29.6,18.5,2.6,88,2020-03-31
2020,4,1,30.6,18.8,0,86,2020-04-01
2020,4,2,29.2,18.7,0,88,2020-04-02
2020,4,3,27.3,18.7,0.6,86,2020-04-03
2020,4,4,31.1,19.2,0,84,2020-04-04
2020,4,5,31.6,18.1,0,80,2020-04-05
2020,4,6,31.9,20,0,85,2020-04-06
2020,4,7,30.9,20,0,78,2020-04-07
2020,4,8,33.4,19.8,0,85,2020-04-08
2020,4,9,30.1,19.4,0,85,2020-04-09
2020,4,10,30.5,20.1,0,86,2020-04-10
2020,4,11,30.1,19.3,0,83,2020-04-11
2020,4,12,31,18.7,48,90,2020-04-12
2020,4,13,29.8,19.6,38.4,93,2020-04-13
2020,4,14,29.8,19,12.4,92,2020-04-14
2020,4,15,31.1,18.4,0.3,91,2020-04-15
2020,4,16,28.6,18.4,4.9,81,2020-04-16
2020,4,17,31.4,17.7,0.1,86,2020-04-17
2020,4,18,29.4,19.3,1.3,86,2020-04-18
2020,4,19,29.2,18.8,3.6,89,2020-04-19
2020,4,20,29.8,18.5,0.2,85,2020-04-20
2020,4,21,29.4,18.4,13.1,89,2020-04-21
2020,4,22,29,19.2,0,90,2020-04-22
2020,4,23,28.6,18.6,16.7,93,2020-04-23
2020,4,24,28.7,18.8,8.8,93,2020-04-24
2020,4,25,27.5,18.6,0.3,93,2020-04-25
2020,4,26,28.6,18.4,0.1,87,2020-04-26
2020,4,27,30.2,19.8,1.8,93,2020-04-27
2020,4,28,27.9,19.8,33.2,95,2020-04-28
2020,4,29,27.4,19.1,3,93,2020-04-29
2020,4,30,28.4,19.8,60.2,96,2020-04-30
2020,4,31,NA,NA,NA,NA,NA
2020,5,1,27.4,19.3,5,95,2020-05-01
2020,5,2,27.7,20.3,11,95,2020-05-02
2020,5,3,28.5,19.7,0.1,91,2020-05-03
2020,5,4,28.5,20.3,11.3,91,2020-05-04
2020,5,5,29.9,20.1,2.6,94,2020-05-05
2020,5,6,26.4,19.4,1.2,90,2020-05-06
2020,5,7,29.2,19.6,0,94,2020-05-07
2020,5,8,27.7,20.1,1.1,93,2020-05-08
2020,5,9,27.5,20.9,1.1,93,2020-05-09
2020,5,10,28.5,21.5,0.2,94,2020-05-10
2020,5,11,28.5,20.6,0.2,90,2020-05-11
2020,5,12,28.1,20.6,16.8,92,2020-05-12
2020,5,13,29.7,18.9,3,90,2020-05-13
2020,5,14,28.8,19.7,12.5,95,2020-05-14
2020,5,15,28.1,18.7,1.5,93,2020-05-15
2020,5,16,28.1,19.2,5.5,92,2020-05-16
2020,5,17,29.5,19.9,9.7,96,2020-05-17
2020,5,18,29,20.7,50.8,95,2020-05-18
2020,5,19,27.4,19,42.1,94,2020-05-19
2020,5,20,29.4,19.2,3.1,92,2020-05-20
2020,5,21,28.4,20.4,4.6,92,2020-05-21
2020,5,22,31.2,19.2,6.8,91,2020-05-22
2020,5,23,30.9,19.7,0,91,2020-05-23
2020,5,24,27.3,20.7,0.2,91,2020-05-24
2020,5,25,29.1,20.7,33.9,96,2020-05-25
2020,5,26,29.9,19.2,9.8,94,2020-05-26
2020,5,27,28.7,19.2,54.5,96,2020-05-27
2020,5,28,28,18.7,70.9,92,2020-05-28
2020,5,29,28.9,18.6,16.7,94,2020-05-29
2020,5,30,26.6,17.9,11.9,95,2020-05-30
2020,5,31,25.7,19.1,22.3,95,2020-05-31
2020,6,1,26.6,18.2,1.5,94,2020-06-01
2020,6,2,27.7,18.1,9.3,95,2020-06-02
2020,6,3,28.3,19,7.5,91,2020-06-03
2020,6,4,29,18.4,2.8,94,2020-06-04
2020,6,5,29.2,19.4,3.5,96,2020-06-05
2020,6,6,26.8,19.3,0.2,89,2020-06-06
2020,6,7,30.1,19.4,0,93,2020-06-07
2020,6,8,29.6,20.1,0.1,91,2020-06-08
2020,6,9,29.3,20.6,23.3,97,2020-06-09
2020,6,10,26.9,17.2,45.4,89,2020-06-10
2020,6,11,28.5,17.9,5,94,2020-06-11
2020,6,12,29.1,17.8,13.6,95,2020-06-12
2020,6,13,26.8,17.8,101.1,96,2020-06-13
2020,6,14,28.1,18.2,0.5,92,2020-06-14
2020,6,15,28.8,19.9,17.4,96,2020-06-15
2020,6,16,26.8,17.7,43.9,92,2020-06-16
2020,6,17,28.3,18.2,22.5,94,2020-06-17
2020,6,18,27.4,18.9,1.6,95,2020-06-18
2020,6,19,27.2,18.4,51.9,93,2020-06-19
2020,6,20,28.1,18.2,0.1,96,2020-06-20
2020,6,21,25.3,18.7,22.6,95,2020-06-21
2020,6,22,27.1,18.5,9.4,95,2020-06-22
2020,6,23,27.3,20.1,2.4,98,2020-06-23
2020,6,24,25.5,19.1,0.1,92,2020-06-24
2020,6,25,27.5,18.4,1.1,89,2020-06-25
2020,6,26,30.8,18.7,0.4,94,2020-06-26
2020,6,27,27.1,19.4,40.7,97,2020-06-27
2020,6,28,27.4,18.1,1.4,91,2020-06-28
2020,6,29,28.5,19.6,7.8,93,2020-06-29
2020,6,30,28.5,18,57.2,93,2020-06-30
2020,6,31,NA,NA,NA,NA,NA
2020,7,1,29.7,17.3,0.1,90,2020-07-01
2020,7,2,27.8,18.2,36.8,94,2020-07-02
2020,7,3,27.8,18.8,50,95,2020-07-03
2020,7,4,27.3,17,0.9,97,2020-07-04
2020,7,5,24.3,18.3,0.3,91,2020-07-05
2020,7,6,28.8,19.1,29.6,94,2020-07-06
2020,7,7,27.7,17.8,9.7,94,2020-07-07
2020,7,8,26.9,19.3,0.2,94,2020-07-08
2020,7,9,26.1,18.4,0.7,93,2020-07-09
2020,7,10,28.3,18.5,19.2,96,2020-07-10
2020,7,11,26.3,17.4,9.3,92,2020-07-11
2020,7,12,28.9,17.4,0.9,90,2020-07-12
2020,7,13,29.6,19.1,0.5,96,2020-07-13
2020,7,14,27.9,18.5,2.9,93,2020-07-14
2020,7,15,28.6,18.5,1.7,91,2020-07-15
2020,7,16,28.8,18.8,0,90,2020-07-16
2020,7,17,29.9,17.8,0,91,2020-07-17
2020,7,18,28.2,18.6,0.7,94,2020-07-18
2020,7,19,28.6,19.4,12.2,94,2020-07-19
2020,7,20,29.1,18.1,3.6,94,2020-07-20
2020,7,21,28.4,19.1,0.3,91,2020-07-21
2020,7,22,26,18.5,34.3,97,2020-07-22
2020,7,23,28.5,18.9,25.9,95,2020-07-23
2020,7,24,27.9,18.9,0.6,94,2020-07-24
2020,7,25,27.7,18.7,20.4,97,2020-07-25
2020,7,26,25,17.5,22.7,96,2020-07-26
2020,7,27,26.5,18.5,17.8,97,2020-07-27
2020,7,28,27.9,18.5,57.3,94,2020-07-28
2020,7,29,30.8,18.1,4,92,2020-07-29
2020,7,30,28.1,19.4,0.2,90,2020-07-30
2020,7,31,29.8,19,0.4,90,2020-07-31
2020,8,1,29.5,19.9,36.8,92,2020-08-01
2020,8,2,30.1,19.6,4.8,94,2020-08-02
2020,8,3,28.4,19.9,23.5,96,2020-08-03
2020,8,4,27.7,19,3,94,2020-08-04
2020,8,5,28.3,18.1,29.6,94,2020-08-05
2020,8,6,27.9,17.1,0.1,88,2020-08-06
2020,8,7,28.9,17.6,1,92,2020-08-07
2020,8,8,27.9,19.6,0.1,92,2020-08-08
2020,8,9,28.6,19.6,23.8,94,2020-08-09
2020,8,10,29.2,17.8,7.3,93,2020-08-10
2020,8,11,29.9,19.1,18.7,94,2020-08-11
2020,8,12,28.7,18.4,0.1,92,2020-08-12
2020,8,13,27,19.6,6.4,94,2020-08-13
2020,8,14,28.2,19.1,43.8,96,2020-08-14
2020,8,15,26.6,18.7,9.9,96,2020-08-15
2020,8,16,25.5,18.3,27,94,2020-08-16
2020,8,17,28.6,18.9,36.3,95,2020-08-17
2020,8,18,28.7,18.8,37.8,92,2020-08-18
2020,8,19,28.2,19.4,20.7,94,2020-08-19
2020,8,20,27.8,18.4,2.4,95,2020-08-20
2020,8,21,26.6,18.9,13.9,94,2020-08-21
2020,8,22,27.2,18.3,2.2,97,2020-08-22
2020,8,23,24.2,18,24.3,91,2020-08-23
2020,8,24,28.4,18.9,33.8,98,2020-08-24
2020,8,25,25.9,18.4,8.7,95,2020-08-25
2020,8,26,26,18.2,2.9,96,2020-08-26
2020,8,27,22.6,17.1,0.7,91,2020-08-27
2020,8,28,27.4,19,3.7,96,2020-08-28
2020,8,29,27,18,35.5,94,2020-08-29
2020,8,30,27.9,16.8,9.3,93,2020-08-30
2020,8,31,27.5,17.5,16.7,93,2020-08-31
2020,9,1,28.1,18.9,14.2,95,2020-09-01
2020,9,2,28.3,18.2,18.6,95,2020-09-02
2020,9,3,27.3,18.6,12.4,97,2020-09-03
2020,9,4,26.3,17.9,1.5,91,2020-09-04
2020,9,5,29.3,17.9,7.2,94,2020-09-05
2020,9,6,27.7,19.4,2.6,97,2020-09-06
2020,9,7,26.2,18.9,11.5,96,2020-09-07
2020,9,8,26.3,17.8,40.3,93,2020-09-08
2020,9,9,29.2,17.7,15.9,95,2020-09-09
2020,9,10,24.9,-9,12.8,94,2020-09-10
2020,9,11,29.2,19.3,6.5,95,2020-09-11
2020,9,12,28,19.9,8.4,95,2020-09-12
2020,9,13,27.9,18.1,1.1,92,2020-09-13
2020,9,14,28.3,19.3,53.5,97,2020-09-14
2020,9,15,27.9,18.5,41.3,93,2020-09-15
2020,9,16,28,18.6,3.5,93,2020-09-16
2020,9,17,28.7,19.3,31.4,95,2020-09-17
2020,9,18,27.4,17,28.2,92,2020-09-18
2020,9,19,27.2,19.6,5.5,97,2020-09-19
2020,9,20,27.5,19.3,31,97,2020-09-20
2020,9,21,28.1,19.2,2.3,95,2020-09-21
2020,9,22,26.3,19.5,21.9,98,2020-09-22
2020,9,23,26.8,18.3,8.9,94,2020-09-23
2020,9,24,27.9,18.9,31.1,98,2020-09-24
2020,9,25,25.2,17.6,3.2,94,2020-09-25
2020,9,26,27.5,18.2,10.8,91,2020-09-26
2020,9,27,28.9,18.2,47.2,94,2020-09-27
2020,9,28,27.4,17.6,38.4,94,2020-09-28
2020,9,29,27.7,17.7,6.3,95,2020-09-29
2020,9,30,27,19,36.4,97,2020-09-30
2020,9,31,NA,NA,NA,NA,NA
2020,10,1,27.3,18.5,7.7,95,2020-10-01
2020,10,2,26.3,17.7,38.1,96,2020-10-02
2020,10,3,26,18.1,15.1,97,2020-10-03
2020,10,4,25.7,18.4,1.7,91,2020-10-04
2020,10,5,27,19.2,35.2,96,2020-10-05
2020,10,6,27.8,17.5,0.1,92,2020-10-06
2020,10,7,29.3,18.6,32,97,2020-10-07
2020,10,8,26.1,18.2,16.5,97,2020-10-08
2020,10,9,26.7,18.8,2.2,94,2020-10-09
2020,10,10,28.8,18.7,15.8,95,2020-10-10
2020,10,11,27.3,19.3,7.7,94,2020-10-11
2020,10,12,27.6,19.4,31.7,97,2020-10-12
2020,10,13,26.6,18.5,0.6,96,2020-10-13
2020,10,14,25.5,18.2,26.9,94,2020-10-14
2020,10,15,28.9,17.1,0.4,90,2020-10-15
2020,10,16,27.7,19.2,0.6,93,2020-10-16
2020,10,17,27.6,19,8.8,95,2020-10-17
2020,10,18,27.6,18.5,2.4,92,2020-10-18
2020,10,19,27.2,18.8,6.9,95,2020-10-19
2020,10,20,27.1,18.1,45.8,93,2020-10-20
2020,10,21,27.5,18.6,44.5,100,2020-10-21
2020,10,22,20.9,17.5,9.6,93,2020-10-22
2020,10,23,28.3,18.7,5.3,97,2020-10-23
2020,10,24,26.5,18.2,2.5,95,2020-10-24
2020,10,25,26.8,17.5,9.5,95,2020-10-25
2020,10,26,25.4,17.8,25.3,93,2020-10-26
2020,10,27,27.9,18.7,15.1,96,2020-10-27
2020,10,28,27.7,18.7,15.2,96,2020-10-28
2020,10,29,30,18.2,0.9,93,2020-10-29
2020,10,30,27.4,19,15,96,2020-10-30
2020,10,31,26.1,18.4,22.1,96,2020-10-31
2020,11,1,26.8,19,42.6,98,2020-11-01
2020,11,2,26.4,18.4,17.5,98,2020-11-02
2020,11,3,25.3,18.2,87.1,100,2020-11-03
2020,11,4,21.7,18.6,178.1,100,2020-11-04
2020,11,5,21.5,18.9,8.1,96,2020-11-05
2020,11,6,25.4,18.4,15.9,97,2020-11-06
2020,11,7,24.5,17.9,1.7,95,2020-11-07
2020,11,8,26,18.2,4.3,94,2020-11-08
2020,11,9,28,19,99.3,96,2020-11-09
2020,11,10,28,19,52.2,97,2020-11-10
2020,11,11,27.8,18.2,14.2,97,2020-11-11
2020,11,12,26,18,21.4,93,2020-11-12
2020,11,13,29.4,18.5,5.5,96,2020-11-13
2020,11,14,26.6,18.4,7.3,96,2020-11-14
2020,11,15,26.5,17.6,9.6,96,2020-11-15
2020,11,16,26.4,18.3,37.7,95,2020-11-16
2020,11,17,27.1,18.6,20.3,100,2020-11-17
2020,11,18,21.5,18.4,4.7,97,2020-11-18
2020,11,19,25,18.8,33.1,96,2020-11-19
2020,11,20,25.6,19,1.1,98,2020-11-20
2020,11,21,23.9,18,35.1,96,2020-11-21
2020,11,22,25.8,18.2,17.8,98,2020-11-22
2020,11,23,23.4,17.4,6.5,94,2020-11-23
2020,11,24,27.6,19.1,22.2,96,2020-11-24
2020,11,25,27,18.4,0.8,95,2020-11-25
2020,11,26,29.3,18.5,0.5,95,2020-11-26
2020,11,27,26.2,18.7,26,95,2020-11-27
2020,11,28,26.5,17.1,10.9,92,2020-11-28
2020,11,29,28.3,19.5,24.7,97,2020-11-29
2020,11,30,26.3,18.2,7.4,95,2020-11-30
2020,11,31,NA,NA,NA,NA,NA
2020,12,1,27.2,18.4,23.6,96,2020-12-01
2020,12,2,26.6,19.2,19.7,98,2020-12-02
2020,12,3,25.2,18.1,5.6,93,2020-12-03
2020,12,4,28.2,18.8,33.2,96,2020-12-04
2020,12,5,26.2,18,1,92,2020-12-05
2020,12,6,27.7,18.1,0.2,92,2020-12-06
2020,12,7,26.7,18.8,1.7,94,2020-12-07
2020,12,8,29.1,18.4,0.4,94,2020-12-08
2020,12,9,NA,NA,7.9,93,2020-12-09
2020,12,10,26.2,18.3,2.3,94,2020-12-10
2020,12,11,26.8,18.7,0,90,2020-12-11
2020,12,12,27.6,17.1,0,87,2020-12-12
2020,12,13,27.2,17.2,0.1,89,2020-12-13
2020,12,14,27.2,17.9,0.2,89,2020-12-14
2020,12,15,28.9,17.4,1.4,91,2020-12-15
2020,12,16,26.7,18.5,5.7,94,2020-12-16
2020,12,17,27.4,18,0,90,2020-12-17
2020,12,18,27.7,17.5,0.1,90,2020-12-18
2020,12,19,28.1,17.1,0.2,90,2020-12-19
2020,12,20,20.5,-9,22.2,94,2020-12-20
2020,12,21,25.8,16.9,0,82,2020-12-21
2020,12,22,30,17.9,0,89,2020-12-22
2020,12,23,28.8,18.7,0.2,94,2020-12-23
2020,12,24,27.5,18.8,0.2,91,2020-12-24
2020,12,25,26.9,17.4,0,82,2020-12-25
2020,12,26,30,16.5,0.1,92,2020-12-26
2020,12,27,26.3,17.4,5.7,94,2020-12-27
2020,12,28,27.3,17.7,10,94,2020-12-28
2020,12,29,27.6,18.4,14.5,95,2020-12-29
2020,12,30,27.3,18.5,12.2,97,2020-12-30
2020,12,31,25.5,17.6,2,93,2020-12-31
2021,1,1,27.6,17.7,0.5,91,2021-01-01
2021,1,2,27.4,17.8,5.1,93,2021-01-02
2021,1,3,27.1,18.7,19.7,96,2021-01-03
2021,1,4,26.2,17.5,5.1,91,2021-01-04
2021,1,5,28.2,17.3,0.2,88,2021-01-05
2021,1,6,27.2,17.2,0.2,92,2021-01-06
2021,1,7,28.3,16.1,0,91,2021-01-07
2021,1,8,26.2,16.7,2.2,92,2021-01-08
2021,1,9,27.8,17.1,0.2,93,2021-01-09
2021,1,10,26.1,17.9,16.2,95,2021-01-10
2021,1,11,25.7,18.2,7.7,95,2021-01-11
2021,1,12,27,18,0,91,2021-01-12
2021,1,13,27.4,18.2,1.1,91,2021-01-13
2021,1,14,28.3,18.6,0.6,92,2021-01-14
2021,1,15,27.9,19.4,0,91,2021-01-15
2021,1,16,27.6,18.5,0,89,2021-01-16
2021,1,17,29.3,16.8,0,89,2021-01-17
2021,1,18,27.7,16.8,0,82,2021-01-18
2021,1,19,29.1,16.4,0,84,2021-01-19
2021,1,20,30.1,16.9,0,91,2021-01-20
2021,1,21,27.5,16.6,0,83,2021-01-21
2021,1,22,30,17.7,0.2,89,2021-01-22
2021,1,23,29.2,17.2,5.4,86,2021-01-23
2021,1,24,30.5,17.2,0.1,90,2021-01-24
2021,1,25,28.7,17.8,0,88,2021-01-25
2021,1,26,28.1,17.4,0,84,2021-01-26
2021,1,27,28.1,17.5,0,85,2021-01-27
2021,1,28,30.1,17.4,0,76,2021-01-28
2021,1,29,29.9,16.3,0,68,2021-01-29
2021,1,30,29.9,15.3,0,73,2021-01-30
2021,1,31,30.4,15.7,0,88,2021-01-31
2021,2,1,28.9,17.1,0,85,2021-02-01
2021,2,2,31.5,18.2,0.3,87,2021-02-02
2021,2,3,30.8,18.6,0.7,89,2021-02-03
2021,2,4,27.3,19.2,0,85,2021-02-04
2021,2,5,31.1,18,0,87,2021-02-05
2021,2,6,29.3,19.1,0,88,2021-02-06
2021,2,7,31.6,18.8,0,87,2021-02-07
2021,2,8,31.1,18.6,0.7,89,2021-02-08
2021,2,9,30,18.1,0.2,89,2021-02-09
2021,2,10,29.6,17.7,0,83,2021-02-10
2021,2,11,29.1,17.8,22.7,89,2021-02-11
2021,2,12,29,19.4,16.2,92,2021-02-12
2021,2,13,28.2,19.6,0.1,90,2021-02-13
2021,2,14,29.2,19.2,0,88,2021-02-14
2021,2,15,30.1,18.3,1.5,89,2021-02-15
2021,2,16,28.8,18.8,8.1,92,2021-02-16
2021,2,17,28.6,18.1,0.2,88,2021-02-17
2021,2,18,26.9,18.7,23,92,2021-02-18
2021,2,19,26.5,17.9,5.1,91,2021-02-19
2021,2,20,27.5,18.2,20.5,94,2021-02-20
2021,2,21,26.8,17.5,5.1,90,2021-02-21
2021,2,22,28.1,16.8,1.8,85,2021-02-22
2021,2,23,29.7,15.5,0,84,2021-02-23
2021,2,24,29.5,15.4,0,75,2021-02-24
2021,2,25,30.1,16.6,0,78,2021-02-25
2021,2,26,29.9,16.6,0,85,2021-02-26
2021,2,27,28.7,17.4,0,75,2021-02-27
2021,2,28,29.2,17.1,0,69,2021-02-28
2021,2,29,NA,NA,NA,NA,NA
2021,2,30,NA,NA,NA,NA,NA
2021,2,31,NA,NA,NA,NA,NA
2021,3,1,30.3,17.2,0.2,85,2021-03-01
2021,3,2,29.6,18,0,76,2021-03-02
2021,3,3,31.1,17,0,81,2021-03-03
2021,3,4,29.4,16.6,3.6,75,2021-03-04
2021,3,5,29.5,16.8,0.5,85,2021-03-05
2021,3,6,27.5,16.7,0,80,2021-03-06
2021,3,7,30.4,16.6,0,73,2021-03-07
2021,3,8,30.7,17.1,0,78,2021-03-08
2021,3,9,29.5,17.7,0,74,2021-03-09
2021,3,10,29.3,16.8,0,82,2021-03-10
2021,3,11,30.2,17.1,1,83,2021-03-11
2021,3,12,28.1,16.3,0,81,2021-03-12
2021,3,13,30.3,17.2,0,82,2021-03-13
2021,3,14,30.5,16.5,0.8,81,2021-03-14
2021,3,15,31.2,17.2,1,85,2021-03-15
2021,3,16,29.9,17.7,0.2,86,2021-03-16
2021,3,17,30.4,17.6,0.2,85,2021-03-17
2021,3,18,29.8,18,1.9,90,2021-03-18
2021,3,19,30.4,17.4,0.1,91,2021-03-19
2021,3,20,27.8,18,0.3,90,2021-03-20
2021,3,21,27.7,16.8,0,86,2021-03-21
2021,3,22,28.2,17.4,0.1,85,2021-03-22
2021,3,23,26.1,17.9,0,89,2021-03-23
2021,3,24,29.8,18.2,0.1,88,2021-03-24
2021,3,25,29.3,17.4,0,82,2021-03-25
2021,3,26,30.1,18.2,0.1,89,2021-03-26
2021,3,27,30.2,17.2,0,74,2021-03-27
2021,3,28,30.6,15.4,0,73,2021-03-28
2021,3,29,29.3,17.3,0,81,2021-03-29
2021,3,30,31.7,19,0.4,83,2021-03-30
2021,3,31,31.2,19.1,6.3,89,2021-03-31
2021,4,1,30.6,18.9,0,75,2021-04-01
2021,4,2,30.7,17.7,0,76,2021-04-02
2021,4,3,31.8,16.6,0,69,2021-04-03
2021,4,4,32,17.9,0.7,72,2021-04-04
2021,4,5,31.6,18.7,0,84,2021-04-05
2021,4,6,29.6,17.9,0,85,2021-04-06
2021,4,7,30.4,18,18.7,90,2021-04-07
2021,4,8,29.9,18.8,0.1,92,2021-04-08
2021,4,9,26.1,19.2,0.1,91,2021-04-09
2021,4,10,24.7,19.6,0.5,90,2021-04-10
2021,4,11,28.4,18.4,0,89,2021-04-11
2021,4,12,31,19.3,17.1,90,2021-04-12
2021,4,13,31.7,19.8,0.1,92,2021-04-13
2021,4,14,28.3,20.3,60.8,96,2021-04-14
2021,4,15,27.7,18.1,35.4,99,2021-04-15
2021,4,16,21.4,17.9,13.7,89,2021-04-16
2021,4,17,29.8,18.1,38.6,94,2021-04-17
2021,4,18,25.2,17.2,28,92,2021-04-18
2021,4,19,27.1,17.5,16.9,92,2021-04-19
2021,4,20,30.5,18.8,9.2,95,2021-04-20
2021,4,21,30.3,18,19.2,93,2021-04-21
2021,4,22,28.9,18.2,2.5,91,2021-04-22
2021,4,23,28.7,18.6,10,92,2021-04-23
2021,4,24,29.5,18.7,2.5,91,2021-04-24
2021,4,25,27.4,19.6,17.1,93,2021-04-25
2021,4,26,29.9,18.3,0.1,90,2021-04-26
2021,4,27,29.5,19.5,21.3,91,2021-04-27
2021,4,28,28.1,18.2,10.3,93,2021-04-28
2021,4,29,26.2,19.3,27.2,98,2021-04-29
2021,4,30,24.4,17.1,18.4,92,2021-04-30
2021,4,31,NA,NA,NA,NA,NA
2021,5,1,29.5,18.7,3.8,90,2021-05-01
2021,5,2,29.3,19,28.8,95,2021-05-02
2021,5,3,26.9,17.6,28.4,93,2021-05-03
2021,5,4,29.4,17.3,38.3,95,2021-05-04
2021,5,5,26.4,17.2,9.8,95,2021-05-05
2021,5,6,25.4,17.5,27.2,95,2021-05-06
2021,5,7,29,18,34.9,95,2021-05-07
2021,5,8,27.2,17.8,3.3,95,2021-05-08
2021,5,9,26.7,17.6,0,88,2021-05-09
2021,5,10,29.7,19.3,0,94,2021-05-10
2021,5,11,26.2,18.3,11.2,93,2021-05-11
2021,5,12,28.2,18.2,3.5,92,2021-05-12
2021,5,13,27.1,20.6,1.2,94,2021-05-13
2021,5,14,27.3,20.6,0.2,91,2021-05-14
2021,5,15,29.8,18.8,0,89,2021-05-15
2021,5,16,30.4,19,5.8,90,2021-05-16
2021,5,17,29.1,18.5,1.6,92,2021-05-17
2021,5,18,27.9,19.9,7,95,2021-05-18
2021,5,19,26.9,18.2,1.6,94,2021-05-19
2021,5,20,29.4,19.2,0.7,92,2021-05-20
2021,5,21,28.4,19.9,48.2,95,2021-05-21
2021,5,22,29.7,19.2,4.5,95,2021-05-22
2021,5,23,27.9,19.3,14.5,97,2021-05-23
2021,5,24,26.1,18.9,4.3,94,2021-05-24
2021,5,25,26.6,19.9,3.6,94,2021-05-25
2021,5,26,28.4,20.7,79.5,97,2021-05-26
2021,5,27,27.4,18.7,11.8,95,2021-05-27
2021,5,28,25.9,18.5,17,94,2021-05-28
2021,5,29,27.6,19,33.5,94,2021-05-29
2021,5,30,30.3,18.5,18.7,92,2021-05-30
2021,5,31,28.7,19.2,4.4,94,2021-05-31
2021,6,1,28.8,18.3,7,91,2021-06-01
2021,6,2,29.8,18,1.9,88,2021-06-02
2021,6,3,29.9,20.2,7.2,94,2021-06-03
2021,6,4,28,18.6,5.8,93,2021-06-04
2021,6,5,27.8,19.4,1.2,93,2021-06-05
2021,6,6,28.2,18.6,32.6,94,2021-06-06
2021,6,7,29.3,19,7,97,2021-06-07
2021,6,8,25.5,17.4,59.2,95,2021-06-08
2021,6,9,27.1,18.4,11.9,94,2021-06-09
2021,6,10,28.7,18.2,1.7,93,2021-06-10
2021,6,11,28.6,18.7,1.1,93,2021-06-11
2021,6,12,29.7,19.6,5.7,94,2021-06-12
2021,6,13,29.7,18.1,2.6,91,2021-06-13
2021,6,14,28.7,18.8,7.4,94,2021-06-14
2021,6,15,26.8,18,0.5,90,2021-06-15
2021,6,16,28.3,18,4.7,94,2021-06-16
2021,6,17,27.4,18.9,14.8,91,2021-06-17
2021,6,18,29,18.5,27.2,96,2021-06-18
2021,6,19,26.4,17.9,18.4,91,2021-06-19
2021,6,20,30.3,18.5,17.1,94,2021-06-20
2021,6,21,25.8,17.8,1.2,90,2021-06-21
2021,6,22,27,17.2,7.8,90,2021-06-22
2021,6,23,29.1,17.9,16.7,93,2021-06-23
2021,6,24,27.6,18.7,0.2,93,2021-06-24
2021,6,25,28,18.6,16.9,97,2021-06-25
2021,6,26,26.1,17.6,4,96,2021-06-26
2021,6,27,25.4,17.5,31.7,92,2021-06-27
2021,6,28,28.9,18.1,4.4,89,2021-06-28
2021,6,29,29.3,19,3.5,92,2021-06-29
2021,6,30,29.7,19.6,15.3,95,2021-06-30
2021,6,31,NA,NA,NA,NA,NA
2021,7,1,25.6,17.8,0,85,2021-07-01
2021,7,2,27.4,18.6,10.4,95,2021-07-02
2021,7,3,26.6,19.1,18,95,2021-07-03
2021,7,4,27.2,18.5,8,93,2021-07-04
2021,7,5,28.7,18,1.3,91,2021-07-05
2021,7,6,29.5,18.2,0.1,92,2021-07-06
2021,7,7,27.2,19.2,0,92,2021-07-07
2021,7,8,29.1,19.6,1.3,95,2021-07-08
2021,7,9,27.7,19.7,0.4,91,2021-07-09
2021,7,10,27.7,18.8,0.7,95,2021-07-10
2021,7,11,26.3,17.9,25.8,93,2021-07-11
2021,7,12,28.3,18.5,0.7,90,2021-07-12
2021,7,13,27.8,18.8,0.8,92,2021-07-13
2021,7,14,28.8,18.5,0.1,94,2021-07-14
2021,7,15,27.6,18.5,1.7,92,2021-07-15
2021,7,16,28.7,18.7,0.3,91,2021-07-16
2021,7,17,30.9,20,0.6,97,2021-07-17
2021,7,18,26,19.4,0,91,2021-07-18
2021,7,19,27.8,18.8,0,93,2021-07-19
2021,7,20,27.1,19,0,90,2021-07-20
2021,7,21,29.3,19.9,0,94,2021-07-21
2021,7,22,28.9,19.6,21.6,95,2021-07-22
2021,7,23,27.2,19.4,22.4,97,2021-07-23
2021,7,24,25,19.1,1.9,95,2021-07-24
2021,7,25,26.7,19.4,2.5,95,2021-07-25
2021,7,26,25.8,19.1,28.8,99,2021-07-26
2021,7,27,23.2,17.6,0.4,93,2021-07-27
2021,7,28,27.6,18.6,5.1,96,2021-07-28
2021,7,29,27.1,19.6,2,94,2021-07-29
2021,7,30,26.6,18.6,0.1,94,2021-07-30
2021,7,31,27.7,18.4,3.1,91,2021-07-31
2021,8,1,29,20.5,11,97,2021-08-01
2021,8,2,26,19.8,2.8,90,2021-08-02
2021,8,3,28.9,18.7,2.8,92,2021-08-03
2021,8,4,27.8,18.4,0.1,91,2021-08-04
2021,8,5,27.9,19.1,2.6,93,2021-08-05
2021,8,6,28.9,18.6,21.6,93,2021-08-06
2021,8,7,27,17.7,4,93,2021-08-07
2021,8,8,27.1,17.8,5.6,94,2021-08-08
2021,8,9,28.5,18.5,1.6,93,2021-08-09
2021,8,10,26.6,19.2,1.4,93,2021-08-10
2021,8,11,28.2,18.7,3,94,2021-08-11
2021,8,12,25.7,19.4,25.3,96,2021-08-12
2021,8,13,26.9,17.1,27.7,93,2021-08-13
2021,8,14,26.6,18.5,25.2,95,2021-08-14
2021,8,15,27.4,18.1,16.8,96,2021-08-15
2021,8,16,26.6,16.9,2.7,94,2021-08-16
2021,8,17,27.8,18.2,2.5,94,2021-08-17
2021,8,18,28,18.3,1.6,93,2021-08-18
2021,8,19,27.2,18.9,1.4,94,2021-08-19
2021,8,20,27,18.2,42.8,96,2021-08-20
2021,8,21,27,17.4,9.4,94,2021-08-21
2021,8,22,27.3,18.3,0.6,94,2021-08-22
2021,8,23,27.2,19.1,38.4,98,2021-08-23
2021,8,24,26.7,18.5,20.5,94,2021-08-24
2021,8,25,26.8,18.3,19.2,98,2021-08-25
2021,8,26,24.4,18.3,9.9,97,2021-08-26
2021,8,27,24.9,18.6,2,94,2021-08-27
2021,8,28,26,18.9,0.1,93,2021-08-28
2021,8,29,27.3,19.9,31.8,97,2021-08-29
2021,8,30,26,18.7,50.5,96,2021-08-30
2021,8,31,25.9,17.6,17.6,94,2021-08-31
2021,9,1,24.7,17.8,0.1,87,2021-09-01
2021,9,2,28.6,19.1,9.4,94,2021-09-02
2021,9,3,28.6,19.8,18.7,95,2021-09-03
2021,9,4,27.9,20.3,6.4,97,2021-09-04
2021,9,5,27.6,18,16.3,95,2021-09-05
2021,9,6,28.5,18.2,9.5,95,2021-09-06
2021,9,7,26.4,17.7,13.5,95,2021-09-07
2021,9,8,28.1,18.3,24.7,94,2021-09-08
2021,9,9,28.9,18.9,1.2,94,2021-09-09
2021,9,10,28.9,18.7,27.4,96,2021-09-10
2021,9,11,27.8,18.2,0.5,92,2021-09-11
2021,9,12,28.3,17.5,8.1,92,2021-09-12
2021,9,13,28.4,17.9,27.8,93,2021-09-13
2021,9,14,28.7,18.2,13.9,96,2021-09-14
2021,9,15,28.1,18.3,12.6,94,2021-09-15
2021,9,16,29.6,16.9,0.1,90,2021-09-16
2021,9,17,28.8,18.6,0.8,92,2021-09-17
2021,9,18,27.2,19.3,18.6,95,2021-09-18
2021,9,19,27.4,18.8,2.5,93,2021-09-19
2021,9,20,27.6,18.3,12.3,95,2021-09-20
2021,9,21,27.1,17.8,42.2,96,2021-09-21
2021,9,22,26.6,18.6,17,97,2021-09-22
2021,9,23,26.4,18.8,37.8,96,2021-09-23
2021,9,24,28.7,18.2,5.8,93,2021-09-24
2021,9,25,28.3,18.1,0.4,93,2021-09-25
2021,9,26,28,19.3,0,95,2021-09-26
2021,9,27,25.5,18.8,4.9,95,2021-09-27
2021,9,28,27.6,18.3,17.9,94,2021-09-28
2021,9,29,27.2,18.3,15.5,95,2021-09-29
2021,9,30,26,16.7,12.2,91,2021-09-30
2021,9,31,NA,NA,NA,NA,NA
2021,10,1,28.1,18,17.3,95,2021-10-01
2021,10,2,27.2,18.2,11.6,95,2021-10-02
2021,10,3,26.6,18.9,0.1,95,2021-10-03
2021,10,4,26.8,18.8,20.5,94,2021-10-04
2021,10,5,27.8,18.7,7.1,95,2021-10-05
2021,10,6,26.8,19,4.6,94,2021-10-06
2021,10,7,29.5,19.9,36.6,98,2021-10-07
2021,10,8,26.1,17.9,51.9,92,2021-10-08
2021,10,9,29.4,17.2,11.8,93,2021-10-09
2021,10,10,27,18.1,0.1,93,2021-10-10
2021,10,11,28,18.8,15,95,2021-10-11
2021,10,12,28,19.5,9.7,95,2021-10-12
2021,10,13,28.3,18.3,0.3,92,2021-10-13
2021,10,14,28.3,18.4,0.7,94,2021-10-14
2021,10,15,27.1,19,0.7,94,2021-10-15
2021,10,16,26.7,19.5,2.4,94,2021-10-16
2021,10,17,26.7,18.7,3,94,2021-10-17
2021,10,18,28.5,17.8,17.1,93,2021-10-18
2021,10,19,28.8,17.2,20.2,95,2021-10-19
2021,10,20,26.1,17.6,1.5,92,2021-10-20
2021,10,21,26.2,17.7,33.7,95,2021-10-21
2021,10,22,27,17.9,7.7,94,2021-10-22
2021,10,23,27.9,18.7,25.4,95,2021-10-23
2021,10,24,26.7,17.4,6.9,94,2021-10-24
2021,10,25,29.2,18.2,19.2,95,2021-10-25
2021,10,26,28.4,19,0.7,93,2021-10-26
2021,10,27,29,18.5,4.5,92,2021-10-27
2021,10,28,26.7,19.2,5.4,95,2021-10-28
2021,10,29,28.9,19,13.2,94,2021-10-29
2021,10,30,27.5,17.3,9.6,95,2021-10-30
2021,10,31,26.6,19,47.1,97,2021-10-31
2021,11,1,26.6,18.1,2.8,95,2021-11-01
2021,11,2,26.8,19,22.4,97,2021-11-02
2021,11,3,26.5,18.4,5.1,93,2021-11-03
2021,11,4,27.5,17.8,NA,94,2021-11-04
2021,11,5,27.1,18.7,NA,96,2021-11-05
2021,11,6,27.1,-9,NA,95,2021-11-06
2021,11,7,27.7,18.2,NA,97,2021-11-07
2021,11,8,27.2,18.8,NA,92,2021-11-08
2021,11,9,27.6,18.2,NA,95,2021-11-09
2021,11,10,NA,NA,NA,95,2021-11-10
2021,11,11,26.4,17.8,NA,95,2021-11-11
2021,11,12,27.5,17.5,NA,93,2021-11-12
2021,11,13,27.5,18.9,NA,91,2021-11-13
2021,11,14,27.3,17.4,NA,92,2021-11-14
2021,11,15,26.8,18.6,NA,93,2021-11-15
2021,11,16,27.1,18.7,0.9,93,2021-11-16
2021,11,17,23.8,18.3,0.3,94,2021-11-17
2021,11,18,26.3,18.3,13.5,94,2021-11-18
2021,11,19,25.9,17,7,91,2021-11-19
2021,11,20,26.7,17.1,42.8,93,2021-11-20
2021,11,21,27.1,18.7,9.4,96,2021-11-21
2021,11,22,24.8,17.9,8.8,96,2021-11-22
2021,11,23,26.1,18.6,1,95,2021-11-23
2021,11,24,23.5,17.7,12.7,95,2021-11-24
2021,11,25,25.9,17.9,28.3,95,2021-11-25
2021,11,26,26.8,17.2,0.5,92,2021-11-26
2021,11,27,26.2,16.6,0.3,93,2021-11-27
2021,11,28,25.5,17.8,1.3,93,2021-11-28
2021,11,29,27.2,18.6,9.9,97,2021-11-29
2021,11,30,26.1,18.8,0.2,93,2021-11-30
2021,11,31,NA,NA,NA,NA,NA
2021,12,1,25.9,18.3,0.5,94,2021-12-01
2021,12,2,26.2,17.1,0,92,2021-12-02
2021,12,3,27.2,17,20.3,93,2021-12-03
2021,12,4,26.2,18.1,2.5,94,2021-12-04
2021,12,5,26.7,17.5,17.4,93,2021-12-05
2021,12,6,27.4,18.8,0.1,93,2021-12-06
2021,12,7,27,16.4,0,89,2021-12-07
2021,12,8,27.2,17.4,0,88,2021-12-08
2021,12,9,28.5,17.3,0,81,2021-12-09
2021,12,10,28.8,16,0,85,2021-12-10
2021,12,11,28,16.8,1.9,91,2021-12-11
2021,12,12,28,17.7,0,91,2021-12-12
2021,12,13,26.9,17,2.6,92,2021-12-13
2021,12,14,26.2,17.1,39,92,2021-12-14
2021,12,15,26.9,17.6,2,93,2021-12-15
2021,12,16,25.2,17.5,0,94,2021-12-16
2021,12,17,27,18.3,1.9,94,2021-12-17
2021,12,18,27.3,18.8,1.2,94,2021-12-18
2021,12,19,26.8,17.9,1.4,93,2021-12-19
2021,12,20,27.4,18,17.9,94,2021-12-20
2021,12,21,27.7,19,4.6,99,2021-12-21
2021,12,22,22.1,17.2,19.9,95,2021-12-22
2021,12,23,26.7,17.5,9.3,93,2021-12-23
2021,12,24,27.2,18.6,22.1,95,2021-12-24
2021,12,25,26.4,18.3,0,91,2021-12-25
2021,12,26,27.6,17.4,21.5,93,2021-12-26
2021,12,27,27.6,17,3.8,92,2021-12-27
2021,12,28,26.7,17.5,7.1,91,2021-12-28
2021,12,29,27.1,18.3,0.8,92,2021-12-29
2021,12,30,27.2,18.1,6.8,91,2021-12-30
2021,12,31,28.7,17.8,1.1,92,2021-12-31
2022,1,1,27.5,16.8,0.2,89,2022-01-01
2022,1,2,27.4,17.9,3,90,2022-01-02
2022,1,3,27.7,18.3,3.2,92,2022-01-03
2022,1,4,27.8,17.1,2.3,85,2022-01-04
2022,1,5,28.5,16.7,0,87,2022-01-05
2022,1,6,26.7,16.9,0,87,2022-01-06
2022,1,7,27,16.9,0.4,88,2022-01-07
2022,1,8,27.7,15.8,4.4,90,2022-01-08
2022,1,9,27.4,16.3,2.9,86,2022-01-09
2022,1,10,27.3,16,0.2,88,2022-01-10
2022,1,11,27.4,15.7,0,88,2022-01-11
2022,1,12,27.2,15.6,3.3,89,2022-01-12
2022,1,13,27.1,15.9,2.1,88,2022-01-13
2022,1,14,28.5,15.7,0,87,2022-01-14
2022,1,15,26.8,17.3,0.4,90,2022-01-15
2022,1,16,27.5,16.9,0,87,2022-01-16
2022,1,17,28.3,16,0.1,86,2022-01-17
2022,1,18,28.3,15.9,0,80,2022-01-18
2022,1,19,29.6,16.6,0,84,2022-01-19
2022,1,20,29.6,16.6,0,86,2022-01-20
2022,1,21,28.4,17.8,6.6,90,2022-01-21
2022,1,22,28.4,17.2,0.1,90,2022-01-22
2022,1,23,27.7,16.4,0,84,2022-01-23
2022,1,24,28.9,16.5,0,84,2022-01-24
2022,1,25,28.5,16.3,0.2,83,2022-01-25
2022,1,26,29,16.7,0.1,85,2022-01-26
2022,1,27,28.8,17.8,0,85,2022-01-27
2022,1,28,27.5,17.9,16.4,89,2022-01-28
2022,1,29,29.3,16.9,0,81,2022-01-29
2022,1,30,28.9,16.5,0,79,2022-01-30
2022,1,31,28.6,15.2,0,84,2022-01-31
2022,2,1,27.6,15.6,0,85,2022-02-01
2022,2,2,28.1,15.5,0,85,2022-02-02
2022,2,3,28.1,16.2,0,86,2022-02-03
2022,2,4,28.2,16.5,0,84,2022-02-04
2022,2,5,29.1,17,0,76,2022-02-05
2022,2,6,29.5,16.2,1.7,88,2022-02-06
2022,2,7,27.8,16.9,18.2,88,2022-02-07
2022,2,8,28.6,17,0.2,88,2022-02-08
2022,2,9,28.8,16.3,0,88,2022-02-09
2022,2,10,28.1,17.8,2.7,90,2022-02-10
2022,2,11,27.4,17.9,0.2,85,2022-02-11
2022,2,12,28.9,16.5,0,87,2022-02-12
2022,2,13,29,16.7,0.3,88,2022-02-13
2022,2,14,27.3,16.8,6.6,88,2022-02-14
2022,2,15,29,17.6,4.8,87,2022-02-15
2022,2,16,28,17.3,0.1,76,2022-02-16
2022,2,17,29.5,16.1,0,83,2022-02-17
2022,2,18,27.9,17.1,8.6,86,2022-02-18
2022,2,19,28.8,16.3,0,70,2022-02-19
2022,2,20,28.5,15.2,0,61,2022-02-20
2022,2,21,30.5,14.5,0,60,2022-02-21
2022,2,22,30,14.6,0,64,2022-02-22
2022,2,23,28.9,15.6,0,83,2022-02-23
2022,2,24,28,15.3,0,80,2022-02-24
2022,2,25,28.5,15.8,0,81,2022-02-25
2022,2,26,28.4,15.9,0,76,2022-02-26
2022,2,27,28.6,14.5,0,71,2022-02-27
2022,2,28,29.7,16.4,0,84,2022-02-28
2022,2,29,NA,NA,NA,NA,NA
2022,2,30,NA,NA,NA,NA,NA
2022,2,31,NA,NA,NA,NA,NA
2022,3,1,28.3,16.3,0,86,2022-03-01
2022,3,2,28.9,16.6,0,82,2022-03-02
2022,3,3,27.5,17.5,14.7,89,2022-03-03
2022,3,4,27.7,17.2,0,69,2022-03-04
2022,3,5,27.7,16.1,0,72,2022-03-05
2022,3,6,28.9,16.7,0,89,2022-03-06
2022,3,7,27.5,16.7,5.9,87,2022-03-07
2022,3,8,29.5,16.5,0,86,2022-03-08
2022,3,9,28.8,16.7,0,85,2022-03-09
2022,3,10,29,16.7,5,86,2022-03-10
2022,3,11,28,16.5,22.1,89,2022-03-11
2022,3,12,28.5,18,0.9,87,2022-03-12
2022,3,13,28.8,16.3,0.5,82,2022-03-13
2022,3,14,27.9,17.8,4.8,90,2022-03-14
2022,3,15,27.9,17.6,11.1,90,2022-03-15
2022,3,16,27.4,16.7,21.2,88,2022-03-16
2022,3,17,28.8,17.1,0,87,2022-03-17
2022,3,18,30.1,17.7,26,91,2022-03-18
2022,3,19,29.4,17.9,0,85,2022-03-19
2022,3,20,27.7,17.4,0,81,2022-03-20
2022,3,21,28.5,17.3,0,83,2022-03-21
2022,3,22,29.6,17.2,1.9,87,2022-03-22
2022,3,23,30.1,18.7,24.3,90,2022-03-23
2022,3,24,29.3,18.8,0.8,87,2022-03-24
2022,3,25,29.9,17.9,2.6,86,2022-03-25
2022,3,26,30.5,18.3,18.9,90,2022-03-26
2022,3,27,28,17.2,4.1,88,2022-03-27
2022,3,28,30.1,17.6,0.4,87,2022-03-28
2022,3,29,28.8,18.3,0.2,86,2022-03-29
2022,3,30,31,18.8,3.8,93,2022-03-30
2022,3,31,28.7,17.6,76.9,91,2022-03-31
2022,4,1,28.7,18.3,1.6,91,2022-04-01
2022,4,2,28.6,18,15.3,92,2022-04-02
2022,4,3,27.8,19.4,0.4,91,2022-04-03
2022,4,4,28.5,18.9,29.3,94,2022-04-04
2022,4,5,28.5,17.7,0.4,92,2022-04-05
2022,4,6,27,17.8,0.3,90,2022-04-06
2022,4,7,28,17.4,10.9,88,2022-04-07
2022,4,8,28,18,10.7,94,2022-04-08
2022,4,9,28.2,17.4,4.2,94,2022-04-09
2022,4,10,26.5,18.2,2.3,90,2022-04-10
2022,4,11,26.6,17.8,0.1,86,2022-04-11
2022,4,12,29.4,17.2,16.1,84,2022-04-12
2022,4,13,29.6,18.6,0.2,89,2022-04-13
2022,4,14,29.3,18.3,32.1,94,2022-04-14
2022,4,15,27.8,19.3,6.9,88,2022-04-15
2022,4,16,29,19.5,22.5,94,2022-04-16
2022,4,17,29.4,19,19.5,91,2022-04-17
2022,4,18,28.7,18.2,17,92,2022-04-18
2022,4,19,26.5,16.9,0,88,2022-04-19
2022,4,20,26.1,17.3,0.5,93,2022-04-20
2022,4,21,25.6,16.7,1.9,88,2022-04-21
2022,4,22,27.9,18.2,10.1,92,2022-04-22
2022,4,23,26.8,16.9,2.7,90,2022-04-23
2022,4,24,26.9,16.8,30.1,92,2022-04-24
2022,4,25,27.6,17.6,4.4,93,2022-04-25
2022,4,26,25.9,17.1,32.1,92,2022-04-26
2022,4,27,28.2,17.1,50.1,94,2022-04-27
2022,4,28,28.2,17.3,11.1,92,2022-04-28
2022,4,29,27.9,17.4,10.5,95,2022-04-29
2022,4,30,26,18.1,6.8,95,2022-04-30
2022,4,31,NA,NA,NA,NA,NA
2022,5,1,25.7,18,34.3,95,2022-05-01
2022,5,2,27.1,17.9,40.7,90,2022-05-02
2022,5,3,28.1,17.7,5.4,89,2022-05-03
2022,5,4,29.6,19.9,55.2,97,2022-05-04
2022,5,5,27.8,17.9,12.6,94,2022-05-05
2022,5,6,25.4,18.7,6.3,93,2022-05-06
2022,5,7,28.2,17.9,0.6,89,2022-05-07
2022,5,8,28.8,18.1,7.1,92,2022-05-08
2022,5,9,28.6,19.6,25.1,95,2022-05-09
2022,5,10,27.8,18.5,18.5,93,2022-05-10
2022,5,11,28,17.8,17.2,93,2022-05-11
2022,5,12,28.9,17.7,10.6,93,2022-05-12
2022,5,13,27,18.3,20.4,95,2022-05-13
2022,5,14,28.1,17.9,30.2,94,2022-05-14
2022,5,15,28.1,17.5,12.7,92,2022-05-15
2022,5,16,28.6,17.8,47.2,96,2022-05-16
2022,5,17,26.2,18.5,2.4,96,2022-05-17
2022,5,18,25.4,18.3,35.5,97,2022-05-18
2022,5,19,25.5,17.4,49.9,96,2022-05-19
2022,5,20,26.7,17.5,9.2,96,2022-05-20
2022,5,21,23.9,17.8,6,92,2022-05-21
2022,5,22,28,19.3,2.7,92,2022-05-22
2022,5,23,28.2,19.3,1.3,96,2022-05-23
2022,5,24,28,18,1.8,95,2022-05-24
2022,5,25,25.8,18.6,13.8,97,2022-05-25
2022,5,26,24,17.8,18,94,2022-05-26
2022,5,27,28.8,18.3,0,94,2022-05-27
2022,5,28,25.6,18.7,0.8,93,2022-05-28
2022,5,29,28.8,18,34.1,94,2022-05-29
2022,5,30,27.2,17.4,0.1,88,2022-05-30
2022,5,31,26.9,18.6,3.1,92,2022-05-31
2022,6,1,28.5,17.6,22,96,2022-06-01
2022,6,2,27.6,17.9,18.9,96,2022-06-02
2022,6,3,27,17.1,11,93,2022-06-03
2022,6,4,28.2,18.1,25.4,92,2022-06-04
2022,6,5,28.7,18,1.3,94,2022-06-05
2022,6,6,26.8,17.6,23.5,95,2022-06-06
2022,6,7,25.2,17.6,23.4,97,2022-06-07
2022,6,8,24.4,17.3,12.3,98,2022-06-08
2022,6,9,22.8,16.7,2.6,93,2022-06-09
2022,6,10,25.7,17.7,0.1,91,2022-06-10
2022,6,11,27.7,17.7,69.8,93,2022-06-11
2022,6,12,27.5,17.8,42.1,95,2022-06-12
2022,6,13,23.9,16.9,37,92,2022-06-13
2022,6,14,27,17.2,0.6,92,2022-06-14
2022,6,15,25.7,17,NA,95,2022-06-15
2022,6,16,25,17.6,NA,91,2022-06-16
2022,6,17,27.6,17.6,NA,94,2022-06-17
2022,6,18,25.2,18.5,NA,96,2022-06-18
2022,6,19,27.1,16.8,NA,97,2022-06-19
2022,6,20,26.3,17,NA,92,2022-06-20
2022,6,21,26.8,18.8,NA,96,2022-06-21
2022,6,22,28.3,17.3,NA,96,2022-06-22
2022,6,23,25.6,17.5,NA,94,2022-06-23
2022,6,24,27.3,16.5,NA,93,2022-06-24
2022,6,25,25.2,17.1,NA,92,2022-06-25
2022,6,26,26.9,17.2,NA,96,2022-06-26
2022,6,27,24.6,17.6,NA,93,2022-06-27
2022,6,28,25.4,17.6,NA,95,2022-06-28
2022,6,29,25.5,17.3,NA,94,2022-06-29
2022,6,30,26.5,18.8,NA,97,2022-06-30
2022,6,31,NA,NA,NA,NA,NA
2022,7,1,25.2,18.6,NA,97,2022-07-01
2022,7,2,25.8,18.4,NA,96,2022-07-02
2022,7,3,26.3,17.4,NA,92,2022-07-03
2022,7,4,27.5,16.8,NA,95,2022-07-04
2022,7,5,24.9,18,NA,93,2022-07-05
2022,7,6,26.3,18.8,NA,95,2022-07-06
2022,7,7,28.5,17.9,NA,93,2022-07-07
2022,7,8,26.1,19,NA,93,2022-07-08
2022,7,9,27.3,-9,NA,96,2022-07-09
2022,7,10,26.4,16.9,NA,92,2022-07-10
2022,7,11,26.1,17.1,NA,93,2022-07-11
2022,7,12,26,17.7,NA,96,2022-07-12
2022,7,13,21.2,18,NA,96,2022-07-13
2022,7,14,27.3,17.8,NA,93,2022-07-14
2022,7,15,27.6,18,NA,93,2022-07-15
2022,7,16,27.2,18.5,NA,91,2022-07-16
2022,7,17,27.9,17.1,NA,92,2022-07-17
2022,7,18,27,19.1,NA,95,2022-07-18
2022,7,19,27.5,18.6,NA,92,2022-07-19
2022,7,20,28.5,19.2,NA,95,2022-07-20
2022,7,21,27,19.2,NA,98,2022-07-21
2022,7,22,26,17.6,NA,96,2022-07-22
2022,7,23,27,17,NA,91,2022-07-23
2022,7,24,27.1,19.1,NA,93,2022-07-24
2022,7,25,27,16.6,NA,91,2022-07-25
2022,7,26,27.7,17.2,NA,94,2022-07-26
2022,7,27,24.6,16.9,NA,94,2022-07-27
2022,7,28,26.8,17.4,NA,95,2022-07-28
2022,7,29,26.7,16.7,NA,90,2022-07-29
2022,7,30,27.6,19.1,NA,92,2022-07-30
2022,7,31,27.8,18.7,NA,89,2022-07-31
2022,8,1,28.7,17.7,NA,93,2022-08-01
2022,8,2,26.7,18.6,NA,98,2022-08-02
2022,8,3,23.6,18,NA,97,2022-08-03
2022,8,4,25.8,17.9,NA,95,2022-08-04
2022,8,5,26.9,17,NA,96,2022-08-05
2022,8,6,26.5,18.6,NA,97,2022-08-06
2022,8,7,25.3,17.3,NA,93,2022-08-07
2022,8,8,27.7,19.1,NA,95,2022-08-08
2022,8,9,28.2,19.1,NA,94,2022-08-09
2022,8,10,28.6,17.6,NA,92,2022-08-10
2022,8,11,25.8,19.3,NA,98,2022-08-11
2022,8,12,24.5,18,NA,96,2022-08-12
2022,8,13,25.2,18,NA,95,2022-08-13
2022,8,14,27.7,18.3,NA,94,2022-08-14
2022,8,15,28.7,17.2,NA,95,2022-08-15
2022,8,16,25.9,17.1,NA,91,2022-08-16
2022,8,17,28.3,17.7,NA,94,2022-08-17
2022,8,18,27.6,17.3,NA,92,2022-08-18
2022,8,19,27.4,19.1,NA,90,2022-08-19
2022,8,20,28.9,18.5,NA,93,2022-08-20
2022,8,21,28.1,18.7,NA,94,2022-08-21
2022,8,22,27.4,18.3,NA,93,2022-08-22
2022,8,23,26.4,17.9,NA,95,2022-08-23
2022,8,24,25.4,17.8,NA,94,2022-08-24
2022,8,25,27.2,16.9,NA,93,2022-08-25
2022,8,26,27.3,17.6,NA,93,2022-08-26
2022,8,27,27.4,16.7,NA,91,2022-08-27
2022,8,28,27.7,17.7,NA,96,2022-08-28
2022,8,29,27.7,16.7,NA,92,2022-08-29
2022,8,30,26.4,17.4,5.9,95,2022-08-30
2022,8,31,29.2,16.9,24,93,2022-08-31
2022,9,1,28.2,16.1,32.6,91,2022-09-01
2022,9,2,27,16.6,9.2,91,2022-09-02
2022,9,3,28.1,18.1,19.9,97,2022-09-03
2022,9,4,25.4,17.1,17.6,92,2022-09-04
2022,9,5,26.3,18.3,0.5,95,2022-09-05
2022,9,6,25.2,18,7.1,96,2022-09-06
2022,9,7,27.5,17.4,9.3,95,2022-09-07
2022,9,8,27,17.3,28.2,96,2022-09-08
2022,9,9,26,16.8,38.5,93,2022-09-09
2022,9,10,28.6,17.5,33.5,96,2022-09-10
2022,9,11,27.3,17.7,22.9,95,2022-09-11
2022,9,12,26,17.7,23.9,89,2022-09-12
2022,9,13,27.5,19,9,96,2022-09-13
2022,9,14,24.8,16.9,1.7,89,2022-09-14
2022,9,15,26.5,17.3,3.4,92,2022-09-15
2022,9,16,27.6,17.6,42.7,95,2022-09-16
2022,9,17,27.6,17.1,22.1,95,2022-09-17
2022,9,18,26.3,17.8,8.3,93,2022-09-18
2022,9,19,27.6,17.6,32.4,94,2022-09-19
2022,9,20,28.9,17.3,12.3,94,2022-09-20
2022,9,21,27.6,17.7,34.1,96,2022-09-21
2022,9,22,25.6,17.4,4.2,93,2022-09-22
2022,9,23,27.9,-9,13.8,94,2022-09-23
2022,9,24,29.2,18.6,7,94,2022-09-24
2022,9,25,27.8,17.3,8.1,92,2022-09-25
2022,9,26,27.9,18.1,35.4,96,2022-09-26
2022,9,27,27.1,18,5.9,96,2022-09-27
2022,9,28,24.1,17.1,13.1,95,2022-09-28
2022,9,29,27.6,17.4,17.8,95,2022-09-29
2022,9,30,27.7,16.5,19.9,94,2022-09-30
2022,9,31,NA,NA,NA,NA,NA
2022,10,1,26.7,16.9,10.4,96,2022-10-01
2022,10,2,23.2,17.3,1.1,94,2022-10-02
2022,10,3,26.3,18.9,33.7,95,2022-10-03
2022,10,4,27.6,17.3,1.8,93,2022-10-04
2022,10,5,27.5,18.5,15.3,95,2022-10-05
2022,10,6,26.4,17.9,0.1,96,2022-10-06
2022,10,7,24.8,18,1.1,98,2022-10-07
2022,10,8,23.1,18.1,58.1,95,2022-10-08
2022,10,9,25.2,18,178.3,100,2022-10-09
2022,10,10,21.1,16.4,1.1,94,2022-10-10
2022,10,11,26.1,18.6,22.4,95,2022-10-11
2022,10,12,26.6,18.6,40.1,97,2022-10-12
2022,10,13,27.7,16.7,1.9,94,2022-10-13
2022,10,14,27.5,18.2,41.3,98,2022-10-14
2022,10,15,26.3,17.8,42.2,96,2022-10-15
2022,10,16,28.3,18.5,20,96,2022-10-16
2022,10,17,25.4,18.6,20.2,98,2022-10-17
2022,10,18,25.2,16.9,46.4,96,2022-10-18
2022,10,19,26.4,17.5,0.4,92,2022-10-19
2022,10,20,24.7,17.7,3.1,94,2022-10-20
2022,10,21,28.3,18.1,22.3,96,2022-10-21
2022,10,22,26.3,17.6,20.9,96,2022-10-22
2022,10,23,27.7,17.5,29.4,96,2022-10-23
2022,10,24,26.6,18.3,66.3,98,2022-10-24
2022,10,25,24.6,18.2,42.7,95,2022-10-25
2022,10,26,26.8,19,0.4,90,2022-10-26
2022,10,27,28,17,0,90,2022-10-27
2022,10,28,27.4,17,15.5,93,2022-10-28
2022,10,29,26.4,18.2,44.9,95,2022-10-29
2022,10,30,26.3,16.7,9.2,93,2022-10-30
2022,10,31,24.3,18.1,11.2,95,2022-10-31
2022,11,1,26.2,18,34.8,95,2022-11-01
2022,11,2,27,18.8,0.1,94,2022-11-02
2022,11,3,27.1,18.7,0,95,2022-11-03
2022,11,4,24.1,18.7,31.6,97,2022-11-04
2022,11,5,25.4,17.9,35.2,98,2022-11-05
2022,11,6,24,17.5,23.3,98,2022-11-06
2022,11,7,24,18,30.2,99,2022-11-07
2022,11,8,22.7,17.8,51.5,97,2022-11-08
2022,11,9,26.2,18.2,5.4,96,2022-11-09
2022,11,10,23.7,17.4,0.7,95,2022-11-10
2022,11,11,25.1,18.4,28.1,98,2022-11-11
2022,11,12,24.7,18.1,7.3,97,2022-11-12
2022,11,13,25.8,18.3,4.4,94,2022-11-13
2022,11,14,26.4,17,1.3,95,2022-11-14
2022,11,15,27.1,17.4,30.9,96,2022-11-15
2022,11,16,26,18.9,11.4,96,2022-11-16
2022,11,17,26.4,18.6,3.1,95,2022-11-17
2022,11,18,27.4,18.2,1,96,2022-11-18
2022,11,19,25.2,17.4,1.9,95,2022-11-19
2022,11,20,24.9,17.9,12.5,95,2022-11-20
2022,11,21,26.4,18.2,42.1,96,2022-11-21
2022,11,22,25.5,17.5,1,92,2022-11-22
2022,11,23,29.4,16.7,9.9,94,2022-11-23
2022,11,24,26.5,18.2,28.8,96,2022-11-24
2022,11,25,26,16.7,4.6,95,2022-11-25
2022,11,26,26.4,18.4,16.8,97,2022-11-26
2022,11,27,25.8,17.5,5.6,95,2022-11-27
2022,11,28,26.2,17.4,29.8,97,2022-11-28
2022,11,29,26.7,17.2,1.3,95,2022-11-29
2022,11,30,25.2,17.9,22.5,98,2022-11-30
2022,11,31,NA,NA,NA,NA,NA
2022,12,1,23.9,17.3,2.8,95,2022-12-01
2022,12,2,26.9,14.9,0.1,86,2022-12-02
2022,12,3,27.1,16.2,0.3,87,2022-12-03
2022,12,4,27.4,15.7,10.2,94,2022-12-04
2022,12,5,27,15.9,3,91,2022-12-05
2022,12,6,25.7,15.2,0.1,90,2022-12-06
2022,12,7,26.1,16,0.2,91,2022-12-07
2022,12,8,26.8,16.4,0,89,2022-12-08
2022,12,9,26.5,15.9,0.2,90,2022-12-09
2022,12,10,25.7,16.3,7.2,92,2022-12-10
2022,12,11,26.2,16.7,48.7,93,2022-12-11
2022,12,12,27.1,17.7,16.7,92,2022-12-12
2022,12,13,28.7,16.7,0.4,92,2022-12-13
2022,12,14,26.1,16.8,0,92,2022-12-14
2022,12,15,26.3,16.9,1.4,91,2022-12-15
2022,12,16,27.2,17.6,6,95,2022-12-16
2022,12,17,27.6,17.8,11.8,94,2022-12-17
2022,12,18,27.5,18.2,0.1,83,2022-12-18
2022,12,19,27.5,16.1,4.2,89,2022-12-19
2022,12,20,26.3,15.6,0.1,88,2022-12-20
2022,12,21,27.5,16.9,0,86,2022-12-21
2022,12,22,28.5,16.6,2.4,93,2022-12-22
2022,12,23,25.8,18,1.9,89,2022-12-23
2022,12,24,27.9,16.2,0,82,2022-12-24
2022,12,25,27.7,16.9,0,83,2022-12-25
2022,12,26,28.8,16.2,0.9,89,2022-12-26
2022,12,27,26.9,17,9.4,93,2022-12-27
2022,12,28,26.7,16.7,13.3,91,2022-12-28
2022,12,29,27.4,17,3.8,93,2022-12-29
2022,12,30,27,18.8,7.4,94,2022-12-30
2022,12,31,27.2,16.9,2.9,91,2022-12-31
2023,1,1,27.7,17,2.6,91,2023-01-01
2023,1,2,27.4,16.8,4.5,93,2023-01-02
2023,1,3,26.1,17.7,2.8,92,2023-01-03
2023,1,4,27.2,15.7,5.4,90,2023-01-04
2023,1,5,26.7,15.5,0.2,86,2023-01-05
2023,1,6,26.5,16.1,0,88,2023-01-06
2023,1,7,22,16,0.4,89,2023-01-07
2023,1,8,27.6,16.7,8.8,91,2023-01-08
2023,1,9,27.6,17.8,12.2,94,2023-01-09
2023,1,10,24.1,15.8,25.8,92,2023-01-10
2023,1,11,26.3,16.1,5,92,2023-01-11
2023,1,12,27.3,16.5,0,89,2023-01-12
2023,1,13,27.3,16.3,0,86,2023-01-13
2023,1,14,28.7,16.7,0,83,2023-01-14
2023,1,15,27.9,16.3,0.2,88,2023-01-15
2023,1,16,27.2,16.3,0,89,2023-01-16
2023,1,17,26.6,15.9,0.1,90,2023-01-17
2023,1,18,26.7,16.8,16.8,92,2023-01-18
2023,1,19,27,16.5,0,89,2023-01-19
2023,1,20,27.2,16.1,0.1,84,2023-01-20
2023,1,21,27.7,15.6,0,85,2023-01-21
2023,1,22,27.6,16.2,4.4,90,2023-01-22
2023,1,23,27.8,16.2,0.1,88,2023-01-23
2023,1,24,27.4,17.1,0,90,2023-01-24
2023,1,25,27.2,18.6,7.7,94,2023-01-25
2023,1,26,27.9,17.5,0.1,83,2023-01-26
2023,1,27,29.1,16.3,0,81,2023-01-27
2023,1,28,31,15.4,0,65,2023-01-28
2023,1,29,28.8,14.8,0,70,2023-01-29
2023,1,30,29.8,17,0,82,2023-01-30
2023,1,31,28.6,16.4,0,73,2023-01-31
2023,2,1,29.4,15,0,65,2023-02-01
2023,2,2,29.6,15.2,0,72,2023-02-02
2023,2,3,29.2,15.5,0,85,2023-02-03
2023,2,4,27.9,17.1,0,64,2023-02-04
2023,2,5,30.1,15.7,0,67,2023-02-05
2023,2,6,30.4,15.2,0,80,2023-02-06
2023,2,7,29.5,17.1,0,84,2023-02-07
2023,2,8,30.1,17.1,0,85,2023-02-08
2023,2,9,29,16.2,0,82,2023-02-09
2023,2,10,27.9,16.2,0,82,2023-02-10
2023,2,11,29.2,16.8,0,76,2023-02-11
2023,2,12,29.3,16.3,0,66,2023-02-12
2023,2,13,30.6,14.9,0,75,2023-02-13
2023,2,14,28.9,17.2,0,82,2023-02-14
2023,2,15,30.1,17.7,0.3,85,2023-02-15
2023,2,16,29.9,17.1,0,81,2023-02-16
2023,2,17,30.2,18.7,0,82,2023-02-17
2023,2,18,28.1,16.6,0,58,2023-02-18
2023,2,19,31.4,15.9,0,50,2023-02-19
2023,2,20,31.4,16.2,0,50,2023-02-20
2023,2,21,31.1,15.1,0,73,2023-02-21
2023,2,22,31,16.3,0,79,2023-02-22
2023,2,23,28.7,15.8,0,75,2023-02-23
2023,2,24,29.8,16.9,0,76,2023-02-24
2023,2,25,30.9,15.3,0,62,2023-02-25
2023,2,26,30.1,16.2,0,79,2023-02-26
2023,2,27,31.1,17.5,0,83,2023-02-27
2023,2,28,31.5,17.6,0,80,2023-02-28
2023,2,29,NA,NA,NA,NA,NA
2023,2,30,NA,NA,NA,NA,NA
2023,2,31,NA,NA,NA,NA,NA
2023,3,1,27.5,18.4,0,82,2023-03-01
2023,3,2,29.7,17.9,0,82,2023-03-02
2023,3,3,29.5,18.1,0,82,2023-03-03
2023,3,4,30.2,18.7,3.3,84,2023-03-04
2023,3,5,30.8,18.7,0.1,85,2023-03-05
2023,3,6,29.4,19,0,79,2023-03-06
2023,3,7,27.9,19.3,36.4,88,2023-03-07
2023,3,8,28.1,18.7,0.5,89,2023-03-08
2023,3,9,24.8,18.5,6.3,89,2023-03-09
2023,3,10,28.9,18.2,26.3,92,2023-03-10
2023,3,11,25,17.9,4.3,90,2023-03-11
2023,3,12,26.8,17.6,0.6,87,2023-03-12
2023,3,13,28.4,19.1,15.1,91,2023-03-13
2023,3,14,27.3,17.9,9.2,90,2023-03-14
2023,3,15,27.4,16.9,26.4,91,2023-03-15
2023,3,16,27.4,17.2,44.7,90,2023-03-16
2023,3,17,27.5,17.4,1.1,88,2023-03-17
2023,3,18,27.8,17.6,8.9,90,2023-03-18
2023,3,19,26.8,17.4,0,84,2023-03-19
2023,3,20,28.7,17.8,0,83,2023-03-20
2023,3,21,28.7,17.9,0,78,2023-03-21
2023,3,22,30.1,17,0,68,2023-03-22
2023,3,23,29,16.9,0,78,2023-03-23
2023,3,24,29.8,17.5,0.1,83,2023-03-24
2023,3,25,29.4,17.9,3.1,85,2023-03-25
2023,3,26,28.6,17.6,19,89,2023-03-26
2023,3,27,28.8,18.5,6.6,86,2023-03-27
2023,3,28,28.9,18.3,5.3,89,2023-03-28
2023,3,29,28.2,18.7,2.3,83,2023-03-29
2023,3,30,28.4,15.6,0,77,2023-03-30
2023,3,31,28.7,18,0,82,2023-03-31
2023,4,1,29.1,17.9,0.5,76,2023-04-01
2023,4,2,29.6,17.3,0,78,2023-04-02
2023,4,3,29.7,18.6,0,84,2023-04-03
2023,4,4,30.1,18.9,1.4,87,2023-04-04
2023,4,5,28.5,19,0.1,79,2023-04-05
2023,4,6,30.3,18.8,0,85,2023-04-06
2023,4,7,27.2,17.4,16.6,87,2023-04-07
2023,4,8,28.3,17,1.9,86,2023-04-08
2023,4,9,26.9,17.5,5.6,86,2023-04-09
2023,4,10,29,18.2,0.2,80,2023-04-10
2023,4,11,28.7,18.9,1.6,84,2023-04-11
2023,4,12,29.8,19.3,0.2,83,2023-04-12
2023,4,13,30.1,19.1,5.5,89,2023-04-13
2023,4,14,29.3,19.3,0.1,83,2023-04-14
2023,4,15,28.3,18.4,1.6,84,2023-04-15
2023,4,16,30,19.1,0,85,2023-04-16
2023,4,17,29.5,19.7,0.5,88,2023-04-17
2023,4,18,27.6,19.4,9.2,87,2023-04-18
2023,4,19,28.5,19.4,0.8,87,2023-04-19
2023,4,20,29.6,19.2,0.1,84,2023-04-20
2023,4,21,29.6,19.6,15,89,2023-04-21
2023,4,22,27.8,18.6,0.5,89,2023-04-22
2023,4,23,28.2,18,0.2,84,2023-04-23
2023,4,24,28.2,18.5,0,85,2023-04-24
2023,4,25,29,19.8,3.3,87,2023-04-25
2023,4,26,28.2,20,11.3,90,2023-04-26
2023,4,27,27.8,18.8,13.7,88,2023-04-27
2023,4,28,28.3,19.6,47.8,91,2023-04-28
2023,4,29,27.8,19,1.5,91,2023-04-29
2023,4,30,28.4,19,11.6,90,2023-04-30
2023,4,31,NA,NA,NA,NA,NA
2023,5,1,29,18.9,2.1,92,2023-05-01
2023,5,2,27.7,19.3,3.1,89,2023-05-02
2023,5,3,29.7,19.7,0.1,84,2023-05-03
2023,5,4,29.9,19.4,0,84,2023-05-04
2023,5,5,31.4,20.2,0,75,2023-05-05
2023,5,6,32.3,19.5,0,83,2023-05-06
2023,5,7,30.9,18.7,0,68,2023-05-07
2023,5,8,31.6,18.5,0,78,2023-05-08
2023,5,9,29.8,19.8,43.2,79,2023-05-09
2023,5,10,31.5,20,1.7,86,2023-05-10
2023,5,11,30.6,19.4,7.9,88,2023-05-11
2023,5,12,29.5,19.2,7.8,86,2023-05-12
2023,5,13,30.7,18.9,14.1,87,2023-05-13
2023,5,14,30.3,19.8,7.5,86,2023-05-14
2023,5,15,30.7,20.2,10.4,92,2023-05-15
2023,5,16,28.5,19.4,3,86,2023-05-16
2023,5,17,29.1,20.1,0.4,88,2023-05-17
2023,5,18,29.2,20.1,1.2,87,2023-05-18
2023,5,19,30.5,20.4,6,90,2023-05-19
2023,5,20,30.2,21.2,0.1,88,2023-05-20
2023,5,21,29.2,20.7,22.1,96,2023-05-21
2023,5,22,26.9,20.4,15.9,96,2023-05-22
2023,5,23,25.9,18.7,11.9,90,2023-05-23
2023,5,24,27.7,19.7,11.7,93,2023-05-24
2023,5,25,27.5,19.4,20.8,90,2023-05-25
2023,5,26,27.9,19,28,92,2023-05-26
2023,5,27,27.9,18.5,3.6,88,2023-05-27
2023,5,28,28.4,19.4,6.2,93,2023-05-28
2023,5,29,27.6,20,76.1,94,2023-05-29
2023,5,30,29.1,18.9,20.6,89,2023-05-30
2023,5,31,28.5,19.5,33.9,93,2023-05-31
2023,6,1,28.1,19.5,33.6,89,2023-06-01
2023,6,2,28.2,19.6,0.7,92,2023-06-02
2023,6,3,28.3,19.2,34,92,2023-06-03
2023,6,4,28.8,19.5,20.3,94,2023-06-04
2023,6,5,27.4,18.6,0.9,87,2023-06-05
2023,6,6,28.3,19.4,6.2,91,2023-06-06
2023,6,7,27.5,19.8,20.8,94,2023-06-07
2023,6,8,27.9,18.5,37.4,90,2023-06-08
2023,6,9,29,18.7,11.5,89,2023-06-09
2023,6,10,27.4,19.3,18.7,92,2023-06-10
2023,6,11,28.6,18.9,0.2,86,2023-06-11
2023,6,12,30,21,6,90,2023-06-12
2023,6,13,30.5,20.4,42.9,91,2023-06-13
2023,6,14,29.3,18.9,2.8,91,2023-06-14
2023,6,15,28.3,18.5,5.3,90,2023-06-15
2023,6,16,26.8,19.4,36.3,92,2023-06-16
2023,6,17,28,18.4,6.9,87,2023-06-17
2023,6,18,28.6,19,0,88,2023-06-18
2023,6,19,28.3,19.7,0,89,2023-06-19
2023,6,20,29.7,21,0.3,91,2023-06-20
2023,6,21,29.1,21.2,7.7,93,2023-06-21
2023,6,22,28.9,19.5,30.3,94,2023-06-22
2023,6,23,25.6,18.9,1,89,2023-06-23
2023,6,24,28,20.3,28,93,2023-06-24
2023,6,25,27.7,19.4,3.5,90,2023-06-25
2023,6,26,28.4,18.9,2.8,89,2023-06-26
2023,6,27,28.3,19.1,12.2,90,2023-06-27
2023,6,28,28.8,19.5,0.1,88,2023-06-28
2023,6,29,29,19.7,0,89,2023-06-29
2023,6,30,30.1,20.6,0,90,2023-06-30
2023,6,31,NA,NA,NA,NA,NA
2023,7,1,30.1,20.5,1.5,92,2023-07-01
2023,7,2,25.7,19.5,10,93,2023-07-02
2023,7,3,27.1,19.7,7.6,88,2023-07-03
2023,7,4,28,20.2,0.8,93,2023-07-04
2023,7,5,27.8,20.1,12,95,2023-07-05
2023,7,6,27,19.9,50.6,94,2023-07-06
2023,7,7,28.1,18.8,2.4,89,2023-07-07
2023,7,8,27.7,18.8,25.1,92,2023-07-08
2023,7,9,27.8,18.8,0.1,90,2023-07-09
2023,7,10,29,20.2,0,91,2023-07-10
2023,7,11,28.4,18.8,0,88,2023-07-11
2023,7,12,26.9,20.3,13.8,92,2023-07-12
2023,7,13,28.7,20.6,13.4,95,2023-07-13
2023,7,14,25.5,20.1,3.9,88,2023-07-14
2023,7,15,28.2,19.4,3.4,91,2023-07-15
2023,7,16,28.5,19.1,0,92,2023-07-16
2023,7,17,27.6,20,44.4,92,2023-07-17
2023,7,18,28.1,19.2,0.4,81,2023-07-18
2023,7,19,29.2,19,0,87,2023-07-19
2023,7,20,30.4,20.5,0,88,2023-07-20
2023,7,21,30.9,20.9,12.2,92,2023-07-21
2023,7,22,30.2,19.6,20.1,91,2023-07-22
2023,7,23,28.5,20,2.7,84,2023-07-23
2023,7,24,27.4,20.7,1.2,94,2023-07-24
2023,7,25,28.4,20,0,93,2023-07-25
2023,7,26,26.5,20,2.9,91,2023-07-26
2023,7,27,28.7,19.1,11.7,93,2023-07-27
2023,7,28,29,20.1,2.6,91,2023-07-28
2023,7,29,29.9,20.2,19.3,93,2023-07-29
2023,7,30,28.7,20.1,0.1,95,2023-07-30
2023,7,31,25.5,20.1,6,93,2023-07-31
2023,8,1,28.6,19.4,0,91,2023-08-01
2023,8,2,26.7,19.4,11.3,92,2023-08-02
2023,8,3,28.1,19.3,0,90,2023-08-03
2023,8,4,28.7,19.2,0,90,2023-08-04
2023,8,5,30.2,19.9,1,86,2023-08-05
2023,8,6,31.2,20.4,0,89,2023-08-06
2023,8,7,30.1,20.8,0,95,2023-08-07
2023,8,8,27.5,19.8,9.8,93,2023-08-08
2023,8,9,27.2,19.6,0.1,90,2023-08-09
2023,8,10,29,20.3,15.5,93,2023-08-10
2023,8,11,28.4,19.6,0.1,91,2023-08-11
2023,8,12,28.5,19.3,24.1,94,2023-08-12
2023,8,13,27.6,19.6,17.2,94,2023-08-13
2023,8,14,26.9,18.9,0.7,92,2023-08-14
2023,8,15,26,19.2,13.4,89,2023-08-15
2023,8,16,28.3,18,0,90,2023-08-16
2023,8,17,28.6,19.9,2.2,92,2023-08-17
2023,8,18,28.8,19.3,38.9,94,2023-08-18
2023,8,19,26.8,19,13.4,93,2023-08-19
2023,8,20,29.2,19.3,0,89,2023-08-20
2023,8,21,29.4,20.3,5.1,97,2023-08-21
2023,8,22,24.4,19.8,29.5,96,2023-08-22
2023,8,23,25.4,19.6,17,96,2023-08-23
2023,8,24,23,18.8,1.4,94,2023-08-24
2023,8,25,25.9,19.6,1.3,91,2023-08-25
2023,8,26,28,18.9,16.2,91,2023-08-26
2023,8,27,28.7,19.6,2.8,90,2023-08-27
2023,8,28,29.8,19.5,6.8,92,2023-08-28
2023,8,29,28.6,19.8,0.1,90,2023-08-29
2023,8,30,29.3,20.7,0.1,91,2023-08-30
2023,8,31,30.1,21.4,0.9,93,2023-08-31
2023,9,1,26.9,19.2,2,93,2023-09-01
2023,9,2,27.5,18.7,15.1,91,2023-09-02
2023,9,3,28.6,19.3,8.7,94,2023-09-03
2023,9,4,27.6,18.9,2.1,93,2023-09-04
2023,9,5,27.3,18.5,6.5,89,2023-09-05
2023,9,6,28.4,20.7,0,91,2023-09-06
2023,9,7,29.8,20.5,0,93,2023-09-07
2023,9,8,28,19.2,8,92,2023-09-08
2023,9,9,29.5,20.4,28.1,94,2023-09-09
2023,9,10,29,18.9,26.2,91,2023-09-10
2023,9,11,28,19.7,22.6,95,2023-09-11
2023,9,12,27.8,19.3,0,92,2023-09-12
2023,9,13,27.1,19.1,3.1,90,2023-09-13
2023,9,14,29.1,19.3,0.9,89,2023-09-14
2023,9,15,29.9,20.7,5.4,95,2023-09-15
2023,9,16,26.6,19.3,22.9,92,2023-09-16
2023,9,17,28.4,19.8,3.6,92,2023-09-17
2023,9,18,29,18.8,7.4,93,2023-09-18
2023,9,19,28.2,18.7,24.8,94,2023-09-19
2023,9,20,27.9,18.6,19.8,92,2023-09-20
2023,9,21,28.2,18.7,0,87,2023-09-21
2023,9,22,27.3,19.9,0.4,89,2023-09-22
2023,9,23,29.3,19.9,7.8,91,2023-09-23
2023,9,24,29,21,0.1,93,2023-09-24
2023,9,25,26.8,19.7,1.5,89,2023-09-25
2023,9,26,29,19.5,18.5,90,2023-09-26
2023,9,27,31,19.9,10.1,94,2023-09-27
2023,9,28,28.6,18.2,13.2,90,2023-09-28
2023,9,29,29,19,28,91,2023-09-29
2023,9,30,29.5,19.7,28.5,94,2023-09-30
2023,9,31,NA,NA,NA,NA,NA
2023,10,1,28.4,19.3,15,93,2023-10-01
2023,10,2,29.1,19.2,0.1,91,2023-10-02
2023,10,3,28.6,20.9,49.5,96,2023-10-03
2023,10,4,26.7,19.5,6,93,2023-10-04
2023,10,5,27.6,19.5,10.4,92,2023-10-05
2023,10,6,30,19.8,16.9,93,2023-10-06
2023,10,7,28.5,19.4,58.1,95,2023-10-07
2023,10,8,28.5,20,5.9,92,2023-10-08
2023,10,9,27,19.7,0.1,89,2023-10-09
2023,10,10,28.5,19.7,2.7,93,2023-10-10
2023,10,11,27.7,19.2,10.6,91,2023-10-11
2023,10,12,27.5,18.6,8,88,2023-10-12
2023,10,13,27,19.8,12,94,2023-10-13
2023,10,14,28,19.7,4.6,95,2023-10-14
2023,10,15,25.3,19.3,15.4,94,2023-10-15
2023,10,16,27.7,19.1,28.9,93,2023-10-16
2023,10,17,27.4,19.3,18.7,90,2023-10-17
2023,10,18,27.1,19.5,1.6,92,2023-10-18
2023,10,19,27.9,20.5,24,96,2023-10-19
2023,10,20,26.8,20.3,22.3,94,2023-10-20
2023,10,21,25.6,19.6,32.5,95,2023-10-21
2023,10,22,26.8,19.2,16.5,91,2023-10-22
2023,10,23,27.9,18.7,57.9,93,2023-10-23
2023,10,24,27.2,18.9,14.4,92,2023-10-24
2023,10,25,29.5,19.3,7.3,92,2023-10-25
2023,10,26,28,20,41.5,97,2023-10-26
2023,10,27,27.5,19.2,3.5,92,2023-10-27
2023,10,28,26,18.9,3.4,90,2023-10-28
2023,10,29,28.6,20.1,29.1,96,2023-10-29
2023,10,30,28.1,19.1,2.4,92,2023-10-30
2023,10,31,26.2,18.9,4,94,2023-10-31
2023,11,1,26.1,18.6,21.4,92,2023-11-01
2023,11,2,27.3,17.8,0.1,92,2023-11-02
2023,11,3,26.9,19.5,10.2,95,2023-11-03
2023,11,4,25.2,19.3,3.9,92,2023-11-04
2023,11,5,25.5,19.3,24.3,94,2023-11-05
2023,11,6,29.2,19,1.8,94,2023-11-06
2023,11,7,28.2,18.6,8.7,94,2023-11-07
2023,11,8,26.7,20.2,2.2,94,2023-11-08
2023,11,9,28.6,19.2,21.8,93,2023-11-09
2023,11,10,28.7,20.9,7.5,94,2023-11-10
2023,11,11,28.5,20.2,1,93,2023-11-11
2023,11,12,28.3,20.4,0.6,95,2023-11-12
2023,11,13,28.4,20.5,42,93,2023-11-13
2023,11,14,28.5,19.7,5.5,95,2023-11-14
2023,11,15,26.9,20.4,4.8,92,2023-11-15
2023,11,16,28.5,19.5,2,93,2023-11-16
2023,11,17,25.8,19.8,21.2,96,2023-11-17
2023,11,18,24.8,19,42.2,97,2023-11-18
2023,11,19,25.9,18.7,19.6,96,2023-11-19
2023,11,20,25.8,19.8,24.8,94,2023-11-20
2023,11,21,29.9,17.8,6.9,94,2023-11-21
2023,11,22,26.7,19.9,8,94,2023-11-22
2023,11,23,27,19.7,18.5,97,2023-11-23
2023,11,24,26.7,19.7,9.7,93,2023-11-24
2023,11,25,27.2,19.4,0.2,95,2023-11-25
2023,11,26,26.8,19.2,0.1,92,2023-11-26
2023,11,27,28.5,18.8,0.2,93,2023-11-27
2023,11,28,28,19.7,2.5,91,2023-11-28
2023,11,29,29.2,18.5,12.5,92,2023-11-29
2023,11,30,27.5,18.1,2.3,92,2023-11-30
2023,11,31,NA,NA,NA,NA,NA
2023,12,1,27.5,19.7,0,85,2023-12-01
2023,12,2,29.4,18.1,0,86,2023-12-02
2023,12,3,30,18.6,0,88,2023-12-03
2023,12,4,29.2,18.4,0,87,2023-12-04
2023,12,5,28.6,17.7,0,91,2023-12-05
2023,12,6,28.7,18.8,0.5,89,2023-12-06
2023,12,7,27.9,18.7,0,86,2023-12-07
2023,12,8,29.8,17.2,0,86,2023-12-08
2023,12,9,27.7,19.1,0,87,2023-12-09
2023,12,10,29.6,20.2,1,92,2023-12-10
2023,12,11,28.4,-9,2.8,91,2023-12-11
2023,12,12,29.1,21,4.8,93,2023-12-12
2023,12,13,28.8,21,0,88,2023-12-13
2023,12,14,30.4,19.3,0.1,91,2023-12-14
2023,12,15,29.4,20,58.9,93,2023-12-15
2023,12,16,28.3,20,3.3,92,2023-12-16
2023,12,17,29.1,20.5,5.9,95,2023-12-17
2023,12,18,29,20.2,6.2,93,2023-12-18
2023,12,19,28.2,19,4.1,91,2023-12-19
2023,12,20,28.8,19.5,0.1,92,2023-12-20
2023,12,21,27.3,18.3,0,86,2023-12-21
2023,12,22,29.2,18.8,11.9,93,2023-12-22
2023,12,23,27.7,19.8,0.3,90,2023-12-23
2023,12,24,28.9,18.6,0,91,2023-12-24
2023,12,25,28.7,19.6,1.5,88,2023-12-25
2023,12,26,29.5,19.3,2.3,89,2023-12-26
2023,12,27,28.8,19.5,2.5,91,2023-12-27
2023,12,28,29.1,20.2,15.4,94,2023-12-28
2023,12,29,28.4,19,7.1,96,2023-12-29
2023,12,30,24.5,18.8,2.7,95,2023-12-30
2023,12,31,27.1,19.4,24.8,92,2023-12-31
2024,1,1,27.7,19.3,3.4,91,2024-01-01
2024,1,2,28,18.8,0,90,2024-01-02
2024,1,3,28,17.9,0,88,2024-01-03
2024,1,4,28.4,19.1,0,88,2024-01-04
2024,1,5,29,18.8,0,89,2024-01-05
2024,1,6,29.1,18.4,0,87,2024-01-06
2024,1,7,28.7,18.7,0,82,2024-01-07
2024,1,8,29.5,18.3,0,84,2024-01-08
2024,1,9,30,19.4,0,89,2024-01-09
2024,1,10,29.4,20,0,88,2024-01-10
2024,1,11,28.9,19.6,2.8,92,2024-01-11
2024,1,12,27.9,18.5,0,89,2024-01-12
2024,1,13,29.6,19.4,10.3,91,2024-01-13
2024,1,14,28.5,19.3,5.1,90,2024-01-14
2024,1,15,28.1,18.9,0,89,2024-01-15
2024,1,16,28.1,18.8,0,87,2024-01-16
2024,1,17,29.6,18.4,0,82,2024-01-17
2024,1,18,30.7,18.8,0,88,2024-01-18
2024,1,19,29.4,18.5,0,87,2024-01-19
2024,1,20,29.1,18.4,0,80,2024-01-20
2024,1,21,30,18.9,0,81,2024-01-21
2024,1,22,30,18.1,0,83,2024-01-22
2024,1,23,30.5,18.9,0.3,84,2024-01-23
2024,1,24,29.7,20.3,0.2,85,2024-01-24
2024,1,25,30.6,20.1,2.4,88,2024-01-25
2024,1,26,30.7,20,98.3,88,2024-01-26
2024,1,27,29.9,19.4,0.1,90,2024-01-27
2024,1,28,30.2,21.1,0,84,2024-01-28
2024,1,29,29.4,19.7,0,79,2024-01-29
2024,1,30,29.7,18.1,0,73,2024-01-30
2024,1,31,30.6,17.3,0,75,2024-01-31
2024,2,1,30.8,19.3,0,86,2024-02-01
2024,2,2,30.5,20.2,0.6,89,2024-02-02
2024,2,3,30.9,19.5,4.7,92,2024-02-03
2024,2,4,27.8,19.9,0,85,2024-02-04
2024,2,5,29.9,18.4,0,82,2024-02-05
2024,2,6,29.9,18.2,0.3,84,2024-02-06
2024,2,7,29.8,19.1,0.3,85,2024-02-07
2024,2,8,30.6,19.1,0,79,2024-02-08
2024,2,9,30.6,19.5,0,80,2024-02-09
2024,2,10,30.7,19,0,82,2024-02-10
2024,2,11,30.6,19,0,81,2024-02-11
2024,2,12,31.5,19.3,0,87,2024-02-12
2024,2,13,30,19.7,0,77,2024-02-13
2024,2,14,30,17.8,0,68,2024-02-14
2024,2,15,31.3,18.9,0,73,2024-02-15
2024,2,16,30.5,18.9,2.5,84,2024-02-16
2024,2,17,31.5,19.7,10.7,85,2024-02-17
2024,2,18,29.9,20.9,0.6,88,2024-02-18
2024,2,19,31.2,20.4,0,71,2024-02-19
2024,2,20,32.3,19.3,1.1,80,2024-02-20
2024,2,21,31.2,19.5,0,79,2024-02-21
2024,2,22,30.7,18.2,0.2,79,2024-02-22
2024,2,23,30.7,18.5,8.5,83,2024-02-23
2024,2,24,31,18.7,0.1,84,2024-02-24
2024,2,25,29.6,18.7,0,82,2024-02-25
2024,2,26,29.7,17.9,0,74,2024-02-26
2024,2,27,31,18.8,0,70,2024-02-27
2024,2,28,32,17.6,0,70,2024-02-28
2024,2,29,31.3,17.1,0,72,2024-02-29
2024,2,30,NA,NA,NA,NA,NA
2024,2,31,NA,NA,NA,NA,NA
2024,3,1,30.8,17.3,0,81,2024-03-01
2024,3,2,30.4,18.2,0,82,2024-03-02
2024,3,3,29.3,17.8,0,80,2024-03-03
2024,3,4,31.6,18.9,0,83,2024-03-04
2024,3,5,30.9,19.1,0,84,2024-03-05
2024,3,6,31.9,19.6,0.8,83,2024-03-06
2024,3,7,31.8,20.2,0,85,2024-03-07
2024,3,8,32.4,20.7,0,85,2024-03-08
2024,3,9,32.1,20.2,0,85,2024-03-09
2024,3,10,30.8,19.2,0,81,2024-03-10
2024,3,11,32.2,19.5,0,69,2024-03-11
2024,3,12,32.5,20,0,75,2024-03-12
2024,3,13,-9,19.8,0,75,2024-03-13
2024,3,14,32.6,20.6,23,89,2024-03-14
2024,3,15,30.5,20.1,3.5,88,2024-03-15
2024,3,16,31.5,21.4,3,90,2024-03-16
2024,3,17,31.5,20.5,15.3,91,2024-03-17
2024,3,18,31.5,20.5,0,87,2024-03-18
2024,3,19,30.9,20.9,0,86,2024-03-19
2024,3,20,30.3,20.5,2.4,88,2024-03-20
2024,3,21,31.1,19.8,4.4,88,2024-03-21
2024,3,22,29.9,20.5,0.8,88,2024-03-22
2024,3,23,30.9,20.3,0,88,2024-03-23
2024,3,24,29.4,20.3,0,86,2024-03-24
2024,3,25,31.6,21.3,6.7,90,2024-03-25
2024,3,26,32.5,19.1,16.6,87,2024-03-26
2024,3,27,30.6,21,4.6,91,2024-03-27
2024,3,28,29.5,20.6,11.2,89,2024-03-28
2024,3,29,29.6,18.6,0,82,2024-03-29
2024,3,30,30.6,18.6,0,76,2024-03-30
2024,3,31,30.7,17.5,0,71,2024-03-31
2024,4,1,31.1,18.2,0,76,2024-04-01
2024,4,2,31.6,18.2,0,78,2024-04-02
2024,4,3,31.2,19,0.9,88,2024-04-03
2024,4,4,28.8,18.8,9.3,91,2024-04-04
2024,4,5,27.8,19.7,0.3,91,2024-04-05
2024,4,6,28.5,19.7,0,89,2024-04-06
2024,4,7,29.2,20.3,0,85,2024-04-07
2024,4,8,31.3,20.7,0,86,2024-04-08
2024,4,9,30.7,20.9,0,90,2024-04-09
2024,4,10,29.2,20.8,7.8,93,2024-04-10
2024,4,11,29.6,20,4.7,88,2024-04-11
2024,4,12,29.1,20.4,0.1,71,2024-04-12
2024,4,13,33.3,18.9,0,61,2024-04-13
2024,4,14,31.1,18.8,0,71,2024-04-14
2024,4,15,32.5,18.4,0,74,2024-04-15
2024,4,16,31.3,18.9,0.1,79,2024-04-16
2024,4,17,31.4,19.4,0.1,83,2024-04-17
2024,4,18,31.6,20,26.1,83,2024-04-18
2024,4,19,31.7,20.1,0,87,2024-04-19
2024,4,20,30.2,19.2,28.7,87,2024-04-20
2024,4,21,31.2,19.3,0.2,88,2024-04-21
2024,4,22,30.8,20.6,8.2,91,2024-04-22
2024,4,23,27.7,19.7,0.6,89,2024-04-23
2024,4,24,29.8,19.4,0.4,88,2024-04-24
2024,4,25,30.2,19.8,0,84,2024-04-25
2024,4,26,30.3,20.3,13,94,2024-04-26
2024,4,27,29.3,19.9,4,95,2024-04-27
2024,4,28,26.5,19.8,24.2,96,2024-04-28
2024,4,29,27.2,18.8,10.8,94,2024-04-29
2024,4,30,27.3,20,6.3,91,2024-04-30
2024,4,31,NA,NA,NA,NA,NA
2024,5,1,29.5,20.9,71,94,2024-05-01
2024,5,2,29.1,20.4,5.2,94,2024-05-02
2024,5,3,29.2,20,4.4,90,2024-05-03
2024,5,4,29.5,20.1,8.3,90,2024-05-04
2024,5,5,27.6,19.2,1.2,88,2024-05-05
2024,5,6,29.4,21.2,21.5,93,2024-05-06
2024,5,7,29.6,21.2,0.2,92,2024-05-07
2024,5,8,30.8,20.4,5.9,94,2024-05-08
2024,5,9,27.8,19.9,4.1,90,2024-05-09
2024,5,10,29.1,21.4,2.9,94,2024-05-10
2024,5,11,28.8,-9,5.3,94,2024-05-11
2024,5,12,28.6,18.9,0.1,88,2024-05-12
2024,5,13,28,21.1,38.1,96,2024-05-13
2024,5,14,28.2,20.6,17.4,95,2024-05-14
2024,5,15,29.4,20.1,36.4,97,2024-05-15
2024,5,16,26.3,19.6,0.8,94,2024-05-16
2024,5,17,28.5,19.9,10.1,90,2024-05-17
2024,5,18,29.8,20.9,0.9,92,2024-05-18
2024,5,19,30.5,21,0.1,93,2024-05-19
2024,5,20,27.7,21.4,0,92,2024-05-20
2024,5,21,28.3,20.8,0.4,92,2024-05-21
2024,5,22,29.6,20.2,1.6,91,2024-05-22
2024,5,23,29.6,20,0.1,88,2024-05-23
2024,5,24,28.5,20.7,0,93,2024-05-24
2024,5,25,28.8,20.4,11.5,94,2024-05-25
2024,5,26,28.9,20.1,0.2,91,2024-05-26
2024,5,27,29.7,19.9,23.4,91,2024-05-27
2024,5,28,30.7,19.5,74.6,94,2024-05-28
2024,5,29,28.1,18.8,0.9,90,2024-05-29
2024,5,30,28.7,20,1,92,2024-05-30
2024,5,31,29.2,19.9,34,96,2024-05-31
2024,6,1,28.5,20.5,0.1,90,2024-06-01
2024,6,2,29.9,22.2,24.8,94,2024-06-02
2024,6,3,30.5,21.1,26.7,96,2024-06-03
2024,6,4,28.8,19.2,26.9,91,2024-06-04
2024,6,5,27.5,20.5,15.2,95,2024-06-05
2024,6,6,28.1,19.8,41.3,95,2024-06-06
2024,6,7,27.4,19.3,5.5,90,2024-06-07
2024,6,8,28.9,20.4,3.7,93,2024-06-08
2024,6,9,30.3,19.2,34.2,94,2024-06-09
2024,6,10,27.7,19.9,19.3,95,2024-06-10
2024,6,11,26.7,19.7,12.7,95,2024-06-11
2024,6,12,26.6,20,12.6,96,2024-06-12
2024,6,13,27.2,19.4,3.3,92,2024-06-13
2024,6,14,28.8,19.3,32.8,96,2024-06-14
2024,6,15,26.4,19.2,23.4,97,2024-06-15
2024,6,16,25.2,18.4,9.8,94,2024-06-16
2024,6,17,26.8,18.7,0,92,2024-06-17
2024,6,18,28.6,19.6,32.9,94,2024-06-18
2024,6,19,28.9,18.6,0.2,90,2024-06-19
2024,6,20,28.1,19,0.2,92,2024-06-20
2024,6,21,26.9,19.2,21.4,95,2024-06-21
2024,6,22,27.4,19.2,2.4,93,2024-06-22
2024,6,23,27.9,20.4,7,93,2024-06-23
2024,6,24,28.5,19.7,3.5,96,2024-06-24
2024,6,25,27.7,19.8,38.4,97,2024-06-25
2024,6,26,27.3,18.5,60,96,2024-06-26
2024,6,27,26.4,18.7,20.7,97,2024-06-27
2024,6,28,24.7,18.8,15.1,93,2024-06-28
2024,6,29,27.2,18.3,35.6,95,2024-06-29
2024,6,30,26.6,18.3,2.1,92,2024-06-30
2024,6,31,NA,NA,NA,NA,NA
2024,7,1,27.5,19.6,15.3,96,2024-07-01
2024,7,2,28,19.4,13.2,95,2024-07-02
2024,7,3,27.1,19.2,3.6,93,2024-07-03
2024,7,4,27,19.1,18.9,92,2024-07-04
2024,7,5,28,19.4,48,95,2024-07-05
2024,7,6,25.8,18.9,24.8,95,2024-07-06
2024,7,7,26.7,18.7,0,89,2024-07-07
2024,7,8,28.4,20.4,3.3,94,2024-07-08
2024,7,9,28,21.1,3.1,96,2024-07-09
2024,7,10,28.5,19.8,29.5,93,2024-07-10
2024,7,11,28,19.4,3.6,91,2024-07-11
2024,7,12,27.4,19.5,0,89,2024-07-12
2024,7,13,28.3,19.2,0,94,2024-07-13
2024,7,14,28.1,20.3,0.6,93,2024-07-14
2024,7,15,29,20.3,16.5,94,2024-07-15
2024,7,16,29.2,20,0.5,91,2024-07-16
2024,7,17,30.5,20.7,8.1,95,2024-07-17
2024,7,18,27.6,19.4,16.5,95,2024-07-18
2024,7,19,28.3,19.3,13.3,91,2024-07-19
2024,7,20,27.5,19.7,2.6,93,2024-07-20
2024,7,21,28,20.4,2.7,96,2024-07-21
2024,7,22,26.6,20,2.1,93,2024-07-22
2024,7,23,27.4,20,1.2,93,2024-07-23
2024,7,24,29.3,18.8,0.4,90,2024-07-24
2024,7,25,28.4,20.8,4.9,95,2024-07-25
2024,7,26,27.7,20.1,10.5,95,2024-07-26
2024,7,27,29.3,19.6,0.9,95,2024-07-27
2024,7,28,24.2,18.4,1,90,2024-07-28
2024,7,29,28.5,20.2,0.1,94,2024-07-29
2024,7,30,27.4,20,9.6,97,2024-07-30
2024,7,31,26.4,18.9,23.5,95,2024-07-31
2024,8,1,26.6,19.5,43.3,95,2024-08-01
2024,8,2,28.1,18.7,2.1,94,2024-08-02
2024,8,3,26.2,19.2,7.4,93,2024-08-03
2024,8,4,27.7,18,0,90,2024-08-04
2024,8,5,27.3,19.9,7.3,94,2024-08-05
2024,8,6,27.4,19.7,6.8,94,2024-08-06
2024,8,7,28.1,18.6,50.2,95,2024-08-07
2024,8,8,25.6,18.7,11.2,93,2024-08-08
2024,8,9,27.5,19.2,38.8,93,2024-08-09
2024,8,10,28.7,19.2,3.3,92,2024-08-10
2024,8,11,27.2,18.8,5.3,92,2024-08-11
2024,8,12,29.2,20.3,9,96,2024-08-12
2024,8,13,26.2,19.5,0,95,2024-08-13
2024,8,14,26.9,19.9,5.6,95,2024-08-14
2024,8,15,28.2,20.1,4.2,94,2024-08-15
2024,8,16,28.6,19.6,2.4,92,2024-08-16
2024,8,17,28.3,20.1,1.5,93,2024-08-17
2024,8,18,28.3,19.4,0.3,92,2024-08-18
2024,8,19,27.7,20.1,5.8,94,2024-08-19
2024,8,20,29.4,19.9,0.1,92,2024-08-20
2024,8,21,28.3,20.9,11.2,95,2024-08-21
2024,8,22,27.3,18.9,29.4,95,2024-08-22
2024,8,23,28,19.5,8.5,94,2024-08-23
2024,8,24,29.6,19.1,7.6,93,2024-08-24
2024,8,25,27.3,20,13.6,95,2024-08-25
2024,8,26,26.2,18.9,27.7,96,2024-08-26
2024,8,27,26.9,17.9,3.7,90,2024-08-27
2024,8,28,29.9,20,0,90,2024-08-28
2024,8,29,30.3,19.7,20.5,95,2024-08-29
2024,8,30,29.3,20.3,35.8,97,2024-08-30
2024,8,31,26.6,19.2,0.2,93,2024-08-31
2024,9,1,28,19.8,25.3,94,2024-09-01
2024,9,2,28.4,17.9,7.4,91,2024-09-02
2024,9,3,27.8,19.8,0.1,93,2024-09-03
2024,9,4,28.1,19.5,14.8,92,2024-09-04
2024,9,5,29.7,20.2,19.7,96,2024-09-05
2024,9,6,27.1,20,50.8,97,2024-09-06
2024,9,7,28.1,19.3,14.3,94,2024-09-07
2024,9,8,29.3,19.5,0.3,93,2024-09-08
2024,9,9,27.8,19.8,14,93,2024-09-09
2024,9,10,28,19.1,0.1,89,2024-09-10
2024,9,11,30.6,21,29.8,95,2024-09-11
2024,9,12,28.3,18.7,2.3,91,2024-09-12
2024,9,13,28.9,19.3,6.6,92,2024-09-13
2024,9,14,29.7,19.8,4.4,94,2024-09-14
2024,9,15,29.3,20.4,16.9,95,2024-09-15
2024,9,16,28.6,20.7,0.1,93,2024-09-16
2024,9,17,NA,NA,NA,NA,2024-09-17
2024,9,18,NA,NA,NA,NA,2024-09-18
2024,9,19,NA,NA,NA,NA,2024-09-19
2024,9,20,NA,NA,NA,NA,2024-09-20
2024,9,21,NA,NA,NA,NA,2024-09-21
2024,9,22,NA,NA,NA,NA,2024-09-22
2024,9,23,NA,NA,NA,NA,2024-09-23
2024,9,24,NA,NA,NA,NA,2024-09-24
2024,9,25,NA,NA,NA,NA,2024-09-25
2024,9,26,NA,NA,NA,NA,2024-09-26
2024,9,27,NA,NA,NA,NA,2024-09-27
2024,9,28,NA,NA,NA,NA,2024-09-28
2024,9,29,NA,NA,NA,NA,2024-09-29
2024,9,30,NA,NA,NA,NA,2024-09-30
2024,9,31,NA,NA,NA,NA,NA
