		Temp	Hi	Low	Out	Dew	Wind	Wind	Wind	Hi	Hi	Wind	Heat	THW	THSW			Rain	Solar	Solar	Hi Solar	UV 	UV 	Hi 	Heat	Cool	In 	In	In 	In 	In 	In Air		Wind	Wind	ISS 	Arc.
Date	Time	Out	Temp	Temp	Hum	Pt.	Speed	Dir	Run	Speed	Dir	Chill	Index	Index	Index	Bar  	Rain	Rate	Rad.	Energy	Rad. 	Index	Dose	UV 	D-D 	D-D 	Temp	Hum	Dew	Heat	EMC	Density	ET 	Samp	Tx 	Recept	Int.
01/04/19	0:30	79.4	79.7	79.4	92	76.9	0.0	---	0.00	0.0	---	79.4	86.1	86.1	84.6	29.797	0.00	0.00	0	0.00	0	0.0	0.00	0.0	0.000	0.300	83.1	85	78.1	93.8	17.76	 .0704	0.000	700	1	100.0	30
01/04/19	1:00	79.3	79.6	79.3	92	76.8	0.0	---	0.00	0.0	---	79.3	85.9	85.9	84.4	29.787	0.00	0.00	0	0.00	0	0.0	0.00	0.0	0.000	0.298	82.9	86	78.3	93.6	18.18	 .0704	0.000	702	1	100.0	30
01/04/19	1:30	79.2	79.3	79.2	92	76.7	0.0	---	0.00	0.0	---	79.2	85.7	85.7	84.2	29.776	0.00	0.00	0	0.00	0	0.0	0.00	0.0	0.000	0.296	82.6	86	78.0	92.8	18.19	 .0705	0.000	702	1	100.0	30
01/04/19	2:00	78.9	79.2	78.9	93	76.7	0.0	---	0.00	0.0	---	78.9	85.2	85.2	83.7	29.772	0.00	0.00	0	0.00	0	0.0	0.00	0.0	0.000	0.290	82.5	86	77.9	92.5	18.20	 .0705	0.000	699	1	100.0	30
01/04/19	2:30	79.1	79.1	78.9	93	76.9	0.0	---	0.00	0.0	---	79.1	85.7	85.7	84.2	29.777	0.00	0.00	0	0.00	0	0.0	0.00	0.0	0.000	0.294	82.5	86	77.9	92.5	18.20	 .0705	0.000	700	1	100.0	30
01/04/19	3:00	78.8	79.1	78.8	93	76.6	0.0	---	0.00	0.0	---	78.8	85.0	85.0	83.5	29.766	0.00	0.00	0	0.00	0	0.0	0.00	0.0	0.000	0.288	82.2	87	77.9	92.0	18.62	 .0705	0.000	700	1	100.0	30
01/04/19	3:30	78.8	78.9	78.7	93	76.6	0.0	ENE	0.00	2.0	ENE	78.8	85.0	85.0	83.5	29.772	0.00	0.00	0	0.00	0	0.0	0.00	0.0	0.000	0.288	82.0	87	77.7	91.5	18.63	 .0706	0.000	702	1	100.0	30
01/04/19	4:00	79.0	79.1	78.8	93	76.8	0.0	---	0.00	0.0	---	79.0	85.4	85.4	83.9	29.775	0.00	0.00	0	0.00	0	0.0	0.00	0.0	0.000	0.292	82.1	87	77.8	91.7	18.62	 .0705	0.000	701	1	100.0	30
01/04/19	4:30	79.0	79.1	78.9	93	76.8	0.0	ENE	0.00	1.0	ENE	79.0	85.4	85.4	83.9	29.793	0.00	0.00	0	0.00	0	0.0	0.00	0.0	0.000	0.292	82.1	87	77.8	91.7	18.62	 .0706	0.000	699	1	100.0	30
01/04/19	5:00	79.3	79.4	79.0	93	77.1	0.0	ENE	0.00	1.0	ENE	79.3	86.2	86.2	84.8	29.810	0.00	0.00	0	0.00	0	0.0	0.00	0.0	0.000	0.298	81.9	88	78.0	91.5	19.16	 .0706	0.000	699	1	100.0	30
01/04/19	5:30	79.7	79.7	79.3	93	77.5	0.0	ENE	0.00	2.0	ENE	79.7	87.2	87.2	85.8	29.827	0.00	0.00	0	0.00	0	0.0	0.00	0.0	0.000	0.306	82.0	89	78.4	92.0	19.75	 .0706	0.000	701	1	100.0	30
01/04/19	6:00	79.3	79.7	79.3	93	77.1	0.0	WSW	0.00	4.0	WSW	79.3	86.2	86.2	84.8	29.830	0.00	0.00	2	0.09	9	0.0	0.00	0.0	0.000	0.298	81.9	89	78.3	91.7	19.76	 .0707	0.000	700	1	100.0	30
01/04/19	6:30	79.3	79.4	79.2	94	77.4	0.0	WNW	0.00	2.0	WNW	79.3	86.4	86.4	86.0	29.852	0.00	0.00	7	0.30	12	0.0	0.00	0.0	0.000	0.298	81.9	89	78.3	91.7	19.76	 .0707	0.000	702	1	100.0	30
01/04/19	7:00	79.3	79.4	79.2	94	77.4	0.0	WNW	0.00	1.0	WNW	79.3	86.4	86.4	86.2	29.863	0.00	0.00	14	0.60	16	0.0	0.00	0.0	0.000	0.298	81.7	90	78.5	91.5	20.31	 .0708	0.000	699	1	100.0	30
01/04/19	7:30	79.3	79.4	79.1	95	77.7	0.0	WNW	0.00	1.0	WNW	79.3	86.7	86.7	86.5	29.881	0.03	0.09	15	0.65	19	0.0	0.00	0.0	0.000	0.298	81.7	90	78.5	91.5	20.31	 .0708	0.000	701	1	100.0	30
01/04/19	8:00	79.5	79.5	79.2	95	77.9	0.0	---	0.00	0.0	---	79.5	87.2	87.2	87.1	29.886	0.00	0.00	22	0.95	25	0.0	0.00	0.0	0.000	0.302	81.8	91	78.9	92.1	20.91	 .0708	0.001	702	1	100.0	30
01/04/19	8:30	79.2	79.6	79.1	95	77.6	0.0	WNW	0.00	2.0	WNW	79.2	86.4	86.4	86.4	29.899	0.00	0.00	29	1.25	46	0.0	0.00	0.0	0.000	0.296	81.9	90	78.7	92.0	20.30	 .0708	0.000	702	1	100.0	30
01/04/19	9:00	79.4	79.5	79.1	95	77.8	0.0	WNW	0.00	1.0	WNW	79.4	86.9	86.9	87.4	29.907	0.00	0.00	51	2.19	67	0.2	0.04	0.7	0.000	0.300	82.0	90	78.8	92.3	20.29	 .0708	0.001	699	1	100.0	30
01/04/19	9:30	79.5	79.7	79.3	95	77.9	0.0	---	0.00	0.0	---	79.5	87.2	87.2	88.0	29.900	0.00	0.00	64	2.75	70	0.7	0.15	0.8	0.000	0.302	82.1	90	78.9	92.6	20.28	 .0708	0.000	701	1	100.0	30
01/04/19	10:00	79.8	79.9	79.5	95	78.2	0.0	WNW	0.00	2.0	WNW	79.8	88.0	88.0	89.1	29.905	0.00	0.00	76	3.27	90	0.9	0.19	1.1	0.000	0.308	81.9	91	79.0	92.4	20.90	 .0708	0.002	701	1	100.0	30
01/04/19	10:30	80.2	80.4	79.4	95	78.6	0.0	WNW	0.00	1.0	WNW	80.2	89.1	89.1	91.0	29.904	0.00	0.00	106	4.56	144	1.3	0.28	1.8	0.000	0.317	82.2	91	79.3	93.3	20.87	 .0707	0.000	701	1	100.0	30
01/04/19	11:00	79.3	80.3	79.2	94	77.4	1.0	ENE	0.50	4.0	NE	79.3	86.4	86.4	87.1	29.894	0.01	0.00	59	2.54	172	0.6	0.13	2.5	0.000	0.298	81.8	90	78.6	91.7	20.31	 .0708	0.002	700	1	100.0	30
01/04/19	11:30	80.2	80.4	79.2	92	77.7	0.0	NE	0.00	3.0	NE	80.2	88.1	88.1	93.2	29.880	0.00	0.00	234	10.06	304	3.3	0.71	4.3	0.000	0.317	82.3	87	78.0	92.3	18.61	 .0708	0.000	702	1	100.0	30
01/04/19	12:00	80.2	80.4	79.8	92	77.7	1.0	E	0.50	4.0	E	80.2	88.1	88.1	93.3	29.865	0.00	0.00	239	10.28	301	3.5	0.75	4.3	0.000	0.317	82.5	87	78.2	92.8	18.60	 .0707	0.006	701	1	100.0	30
01/04/19	12:30	83.3	83.3	80.3	87	79.0	1.0	SE	0.50	3.0	NE	83.3	95.1	95.1	104.2	29.843	0.00	0.00	439	18.88	587	5.8	1.24	7.3	0.000	0.381	83.7	85	78.7	95.5	17.73	 .0704	0.000	701	1	100.0	30
01/04/19	13:00	85.3	85.3	83.3	83	79.5	1.0	SW	0.50	4.0	S	85.3	99.4	99.4	111.5	29.829	0.00	0.00	666	28.64	763	8.0	1.71	8.7	0.000	0.423	85.6	82	79.5	99.8	16.53	 .0701	0.014	699	1	100.0	30
01/04/19	13:30	84.9	86.6	84.7	83	79.2	1.0	SSW	0.50	4.0	SSW	84.9	98.2	98.2	108.7	29.821	0.00	0.00	519	22.32	694	6.5	1.39	8.2	0.000	0.415	86.4	79	79.1	100.6	15.37	 .0700	0.000	699	1	100.0	30
01/04/19	14:00	83.9	85.3	83.6	87	79.6	1.0	SSE	0.50	5.0	S	83.9	96.9	96.9	105.9	29.817	0.00	0.00	400	17.20	452	4.9	1.05	5.6	0.000	0.394	86.4	80	79.5	101.1	15.69	 .0700	0.012	703	1	100.0	30
01/04/19	14:30	83.7	84.4	83.7	87	79.4	0.0	S	0.00	4.0	SSE	83.7	96.3	96.3	104.2	29.805	0.00	0.00	320	13.76	343	3.6	0.77	4.1	0.000	0.390	86.1	81	79.6	100.8	16.11	 .0700	0.000	700	1	100.0	30
01/04/19	15:00	83.4	84.1	83.4	85	78.4	1.0	SSE	0.50	4.0	SSE	83.4	94.7	94.7	102.3	29.795	0.00	0.00	275	11.83	287	2.7	0.58	3.0	0.000	0.383	85.6	80	78.7	98.8	15.73	 .0701	0.008	701	1	100.0	30
01/04/19	15:30	83.6	84.3	83.4	85	78.6	0.0	S	0.00	2.0	SSW	83.6	95.2	95.2	102.9	29.781	0.00	0.00	244	10.49	265	2.1	0.45	2.4	0.000	0.387	85.6	80	78.7	98.8	15.73	 .0700	0.000	698	1	100.0	30
01/04/19	16:00	83.4	84.0	83.3	83	77.7	0.0	E	0.00	3.0	SE	83.4	93.9	93.9	100.4	29.780	0.00	0.00	179	7.70	209	1.3	0.28	1.7	0.000	0.383	85.3	81	78.8	98.4	16.14	 .0701	0.006	699	1	100.0	30
01/04/19	16:30	83.2	83.6	82.8	89	79.6	0.0	NE	0.00	1.0	NE	83.2	95.5	95.5	100.6	29.787	0.00	0.00	135	5.81	155	0.8	0.17	1.0	0.000	0.379	85.0	83	79.3	98.5	16.85	 .0701	0.000	701	1	100.0	30
01/04/19	17:00	81.7	83.3	81.7	91	78.8	0.0	NE	0.00	1.0	NE	81.7	91.8	91.8	92.4	29.792	0.00	0.00	89	3.83	116	0.1	0.02	0.5	0.000	0.348	84.6	85	79.6	98.2	17.67	 .0701	0.003	701	1	100.0	30
01/04/19	17:30	80.6	81.8	80.6	92	78.1	0.0	NE	0.00	1.0	NE	80.6	89.2	89.2	88.7	29.795	0.00	0.00	37	1.59	60	0.0	0.00	0.0	0.000	0.325	83.9	85	78.9	96.1	17.72	 .0703	0.000	700	1	100.0	30
01/04/19	18:00	79.2	80.6	79.2	93	77.0	0.0	NE	0.00	1.0	NE	79.2	85.9	85.9	84.5	29.811	0.00	0.00	3	0.13	12	0.0	0.00	0.0	0.000	0.296	83.0	86	78.4	93.8	18.17	 .0705	0.001	701	1	100.0	30
01/04/19	18:30	78.1	79.2	78.1	93	75.9	0.0	---	0.00	0.0	---	78.1	83.4	83.4	81.9	29.824	0.00	0.00	0	0.00	0	0.0	0.00	0.0	0.000	0.273	82.2	86	77.6	91.7	18.22	 .0707	0.000	702	1	100.0	30
01/04/19	19:00	77.5	78.1	77.5	94	75.6	0.0	---	0.00	0.0	---	77.5	82.3	82.3	80.8	29.834	0.00	0.00	0	0.00	0	0.0	0.00	0.0	0.000	0.260	81.7	86	77.1	90.4	18.25	 .0708	0.000	698	1	100.0	30
01/04/19	19:30	77.0	77.5	77.0	94	75.1	0.0	---	0.00	0.0	---	77.0	81.3	81.3	79.8	29.842	0.00	0.00	0	0.00	0	0.0	0.00	0.0	0.000	0.250	81.4	86	76.8	89.6	18.27	 .0709	0.000	699	1	100.0	30
01/04/19	20:00	76.7	77.1	76.7	95	75.2	0.0	---	0.00	0.0	---	76.7	81.0	81.0	79.5	29.846	0.00	0.00	0	0.00	0	0.0	0.00	0.0	0.000	0.244	81.2	87	77.0	89.4	18.68	 .0709	0.000	700	1	100.0	30
01/04/19	20:30	76.4	76.8	76.4	95	74.9	0.0	---	0.00	0.0	---	76.4	80.4	80.4	78.8	29.845	0.00	0.00	0	0.00	0	0.0	0.00	0.0	0.000	0.238	80.9	87	76.7	88.6	18.70	 .0710	0.000	699	1	100.0	30
01/04/19	21:00	76.0	76.4	76.0	95	74.5	0.0	---	0.00	0.0	---	76.0	79.7	79.7	78.1	29.849	0.00	0.00	0	0.00	0	0.0	0.00	0.0	0.000	0.229	80.6	87	76.4	87.9	18.71	 .0710	0.000	702	1	100.0	30
01/04/19	21:30	75.8	76.1	75.8	95	74.3	0.0	---	0.00	0.0	---	75.8	79.4	79.4	77.8	29.843	0.00	0.00	0	0.00	0	0.0	0.00	0.0	0.000	0.225	80.1	87	75.9	86.7	18.74	 .0711	0.000	702	1	100.0	30
01/04/19	22:00	75.5	75.9	75.5	95	74.0	0.0	NE	0.00	1.0	NE	75.5	79.0	79.0	77.3	29.853	0.00	0.00	0	0.00	0	0.0	0.00	0.0	0.000	0.219	80.0	87	75.8	86.5	18.75	 .0712	0.000	702	1	100.0	30
01/04/19	22:30	75.1	75.5	75.0	95	73.6	0.0	---	0.00	0.0	---	75.1	78.4	78.4	76.7	29.853	0.00	0.00	0	0.00	0	0.0	0.00	0.0	0.000	0.210	79.6	87	75.4	85.6	18.77	 .0712	0.000	699	1	100.0	30
01/04/19	23:00	74.9	75.1	74.9	95	73.4	0.0	---	0.00	0.0	---	74.9	78.1	78.1	76.4	29.860	0.00	0.00	0	0.00	0	0.0	0.00	0.0	0.000	0.206	79.4	87	75.2	85.1	18.79	 .0713	0.000	701	1	100.0	30
01/04/19	23:30	74.6	74.9	74.6	95	73.1	0.0	---	0.00	0.0	---	74.6	77.7	77.7	76.0	29.852	0.00	0.00	0	0.00	0	0.0	0.00	0.0	0.000	0.200	79.3	87	75.1	84.9	18.79	 .0713	0.000	700	1	100.0	30
02/04/19	00:00	74.4	74.7	74.4	95	72.9	0.0	---	0.00	0.0	---	74.4	77.3	77.3	75.6	29.845	0.00	0.00	0	0.00	0	0.0	0.00	0.0	0.000	0.196	79.1	87	74.9	84.4	18.80	 .0713	0.000	703	1	100.0	30
02/04/19	0:30	74.4	74.5	74.3	95	72.9	0.0	---	0.00	0.0	---	74.4	77.3	77.3	75.6	29.834	0.00	0.00	0	0.00	0	0.0	0.00	0.0	0.000	0.196	79.0	87	74.8	84.2	18.81	 .0713	0.000	700	1	100.0	30
02/04/19	1:00	74.6	74.6	74.4	96	73.4	0.0	---	0.00	0.0	---	74.6	77.7	77.7	76.0	29.828	0.00	0.00	0	0.00	0	0.0	0.00	0.0	0.000	0.200	79.0	87	74.8	84.2	18.81	 .0713	0.000	703	1	100.0	30
02/04/19	1:30	74.9	74.9	74.5	96	73.7	0.0	---	0.00	0.0	---	74.9	78.2	78.2	76.5	29.820	0.00	0.00	0	0.00	0	0.0	0.00	0.0	0.000	0.206	78.8	88	74.9	84.0	19.40	 .0713	0.000	698	1	100.0	30
02/04/19	2:00	75.0	75.0	74.9	96	73.8	0.0	---	0.00	0.0	---	75.0	78.4	78.4	76.7	29.809	0.00	0.00	0	0.00	0	0.0	0.00	0.0	0.000	0.208	78.9	88	75.0	84.2	19.39	 .0713	0.000	701	1	100.0	30
02/04/19	2:30	74.9	75.0	74.9	96	73.7	0.0	---	0.00	0.0	---	74.9	78.2	78.2	76.5	29.805	0.00	0.00	0	0.00	0	0.0	0.00	0.0	0.000	0.206	78.9	88	75.0	84.2	19.39	 .0712	0.000	701	1	100.0	30
02/04/19	3:00	75.1	75.2	74.9	96	73.9	0.0	---	0.00	0.0	---	75.1	78.5	78.5	76.8	29.804	0.00	0.00	0	0.00	0	0.0	0.00	0.0	0.000	0.210	78.7	89	75.2	83.9	19.95	 .0713	0.000	701	1	100.0	30
02/04/19	3:30	75.0	75.1	74.9	96	73.8	0.0	---	0.00	0.0	---	75.0	78.4	78.4	76.7	29.805	0.00	0.00	0	0.00	0	0.0	0.00	0.0	0.000	0.208	78.8	88	74.9	84.0	19.40	 .0713	0.000	701	1	100.0	30
02/04/19	4:00	74.9	75.0	74.8	96	73.7	0.0	---	0.00	0.0	---	74.9	78.2	78.2	76.5	29.810	0.00	0.00	0	0.00	0	0.0	0.00	0.0	0.000	0.206	78.7	88	74.8	83.8	19.40	 .0713	0.000	698	1	100.0	30
02/04/19	4:30	75.0	75.1	74.9	96	73.8	0.0	---	0.00	0.0	---	75.0	78.4	78.4	76.7	29.827	0.00	0.00	0	0.00	0	0.0	0.00	0.0	0.000	0.208	78.4	89	74.9	83.3	19.95	 .0714	0.000	700	1	100.0	30
02/04/19	5:00	75.1	75.2	75.0	96	73.9	0.0	NE	0.00	1.0	NE	75.1	78.5	78.5	76.8	29.829	0.00	0.00	0	0.00	0	0.0	0.00	0.0	0.000	0.210	78.3	89	74.8	83.0	19.95	 .0714	0.000	702	1	100.0	30
02/04/19	5:30	75.1	75.3	75.0	96	73.9	0.0	---	0.00	0.0	---	75.1	78.5	78.5	76.8	29.839	0.00	0.00	0	0.00	0	0.0	0.00	0.0	0.000	0.210	78.4	90	75.2	83.4	20.45	 .0714	0.000	702	1	100.0	30
02/04/19	6:00	75.2	75.3	74.9	96	74.0	0.0	---	0.00	0.0	---	75.2	78.7	78.7	77.3	29.846	0.00	0.00	11	0.47	19	0.0	0.00	0.0	0.000	0.212	78.4	90	75.2	83.4	20.45	 .0714	0.000	701	1	100.0	30
02/04/19	6:30	76.1	76.1	75.2	96	74.9	0.0	---	0.00	0.0	---	76.1	80.0	80.0	80.6	29.852	0.00	0.00	31	1.33	42	0.0	0.00	0.0	0.000	0.231	78.5	91	75.7	83.8	21.02	 .0714	0.000	702	1	100.0	30
02/04/19	7:00	77.1	77.1	76.1	96	75.9	0.0	---	0.00	0.0	---	77.1	81.9	81.9	83.4	29.864	0.00	0.00	57	2.45	63	0.4	0.09	0.8	0.000	0.252	79.0	92	76.5	85.2	21.13	 .0713	0.001	702	1	100.0	30
02/04/19	7:30	78.3	78.4	77.1	96	77.1	0.0	NE	0.00	2.0	NE	78.3	84.5	84.5	85.8	29.874	0.00	0.00	60	2.58	63	1.1	0.24	1.4	0.000	0.277	79.6	92	77.1	86.6	21.14	 .0712	0.000	700	1	100.0	30
02/04/19	8:00	81.3	81.3	78.3	93	79.1	0.0	NE	0.00	2.0	NE	81.3	91.4	91.4	98.8	29.878	0.00	0.00	279	12.00	459	2.1	0.45	2.8	0.000	0.340	80.3	92	77.8	88.4	21.16	 .0710	0.004	700	1	100.0	30
02/04/19	8:30	83.7	85.9	81.3	88	79.8	1.0	S	0.50	3.0	S	83.7	96.7	96.7	106.1	29.883	0.00	0.00	407	17.50	577	3.3	0.71	3.9	0.000	0.390	81.5	91	78.6	91.3	20.93	 .0708	0.000	698	1	100.0	30
02/04/19	9:00	87.5	87.6	82.9	75	78.6	1.0	S	0.50	6.0	SSE	87.5	101.8	101.8	109.9	29.890	0.00	0.00	369	15.87	545	4.9	1.05	6.4	0.000	0.469	82.5	86	77.9	92.5	18.20	 .0708	0.010	701	1	100.0	30
02/04/19	9:30	89.8	90.0	87.5	72	79.6	2.0	SSW	1.00	6.0	S	89.8	106.8	106.8	109.9	29.885	0.00	0.00	153	6.58	267	7.3	1.56	8.2	0.000	0.517	84.7	82	78.6	97.2	16.56	 .0704	0.000	699	1	100.0	30
02/04/19	10:00	90.3	90.9	89.6	70	79.2	2.0	S	1.00	9.0	S	90.3	106.9	106.9	110.7	29.878	0.00	0.00	183	7.87	230	9.2	1.97	10.2	0.000	0.527	86.3	78	78.6	99.8	15.05	 .0702	0.005	703	1	100.0	30
02/04/19	10:30	90.0	90.6	89.4	69	78.5	2.0	SSW	1.00	8.0	SW	90.0	105.4	105.4	114.8	29.882	0.00	0.00	461	19.83	951	10.5	2.25	11.2	0.000	0.521	87.5	75	78.6	101.8	14.15	 .0700	0.000	700	1	100.0	30
02/04/19	11:00	89.5	90.4	89.1	70	78.4	2.0	SSW	1.00	8.0	SW	89.5	104.6	104.6	116.6	29.870	0.00	0.00	956	41.11	1114	11.3	2.42	12.9	0.000	0.510	88.5	72	78.3	102.9	13.18	 .0699	0.019	702	1	100.0	30
02/04/19	11:30	90.8	91.8	89.2	70	79.7	2.0	SSW	1.00	8.0	SSW	90.8	108.4	108.4	119.5	29.864	0.00	0.00	1045	44.94	1085	12.8	2.74	13.3	0.000	0.538	89.4	71	78.8	104.9	12.85	 .0698	0.000	701	1	100.0	30
02/04/19	12:00	89.6	91.3	88.8	73	79.8	3.0	SW	1.50	8.0	ENE	89.6	106.8	106.8	119.5	29.858	0.00	0.00	916	39.39	1093	11.7	2.51	13.3	0.000	0.512	89.5	71	78.8	105.2	12.85	 .0697	0.027	702	1	100.0	30
02/04/19	12:30	89.7	92.5	89.7	73	79.9	2.0	SSW	1.00	5.0	SSW	89.7	107.1	107.1	119.7	29.849	0.00	0.00	896	38.53	1093	11.2	2.40	13.1	0.000	0.515	90.1	70	79.0	106.3	12.55	 .0696	0.000	701	1	100.0	30
02/04/19	13:00	89.8	92.6	89.7	72	79.6	2.0	SSW	1.00	8.0	W	89.8	106.8	106.8	119.4	29.834	0.00	0.00	986	42.40	1153	11.5	2.46	12.6	0.000	0.517	90.9	69	79.3	108.0	12.33	 .0694	0.026	700	1	100.0	30
02/04/19	13:30	89.7	91.3	89.1	73	79.9	2.0	WSW	1.00	9.0	WSW	89.7	107.1	107.1	119.2	29.822	0.00	0.00	862	37.07	1109	9.2	1.97	11.7	0.000	0.515	90.7	69	79.1	107.4	12.34	 .0695	0.000	702	1	100.0	30
02/04/19	14:00	88.4	90.3	88.4	74	79.1	2.0	SW	1.00	7.0	SSW	88.4	103.8	103.8	116.1	29.814	0.00	0.00	643	27.65	775	6.5	1.39	8.3	0.000	0.488	90.3	69	78.7	106.2	12.34	 .0695	0.020	699	1	100.0	30
02/04/19	14:30	88.8	89.2	88.2	73	79.0	2.0	SSW	1.00	6.0	SW	88.8	104.4	104.4	116.5	29.810	0.00	0.00	580	24.94	724	5.3	1.14	6.4	0.000	0.496	89.9	70	78.8	105.7	12.55	 .0696	0.000	697	1	100.0	30
02/04/19	15:00	89.3	89.6	87.7	74	79.9	2.0	SSW	1.00	8.0	SSE	89.3	106.5	106.5	120.1	29.801	0.00	0.00	616	26.49	693	4.6	0.99	5.3	0.000	0.506	89.9	70	78.8	105.7	12.55	 .0695	0.016	701	1	100.0	30
02/04/19	15:30	86.7	89.4	86.3	77	78.6	1.0	SSE	0.50	5.0	SSW	86.7	100.5	100.5	108.5	29.796	0.00	0.00	255	10.97	489	2.3	0.49	3.6	0.000	0.452	88.8	72	78.6	103.8	13.17	 .0697	0.000	703	1	100.0	30
02/04/19	16:00	87.3	88.0	86.7	76	78.8	1.0	SSE	0.50	5.0	SSE	87.3	101.7	101.7	111.4	29.794	0.00	0.00	299	12.86	466	1.7	0.36	2.2	0.000	0.465	88.5	71	77.9	102.3	12.85	 .0698	0.008	699	1	100.0	30
02/04/19	16:30	86.2	88.1	86.2	78	78.5	1.0	SSE	0.50	5.0	S	86.2	99.5	99.5	106.5	29.792	0.00	0.00	189	8.13	403	0.9	0.19	1.4	0.000	0.442	88.2	72	78.0	102.1	13.19	 .0698	0.000	699	1	100.0	30
02/04/19	17:00	84.1	86.2	84.1	84	78.7	0.0	SE	0.00	4.0	SSE	84.1	96.3	96.3	95.9	29.791	0.00	0.00	44	1.89	60	0.0	0.00	0.5	0.000	0.398	86.8	76	78.3	100.3	14.44	 .0699	0.003	701	1	100.0	30
02/04/19	17:30	83.4	84.0	83.4	86	78.8	0.0	SE	0.00	1.0	SE	83.4	95.0	95.0	94.4	29.807	0.00	0.00	37	1.59	42	0.0	0.00	0.0	0.000	0.383	85.9	78	78.2	98.7	15.08	 .0701	0.000	700	1	100.0	30
02/04/19	18:00	82.1	83.4	82.1	88	78.2	0.0	---	0.00	0.0	---	82.1	92.0	92.0	90.8	29.812	0.00	0.00	8	0.34	32	0.0	0.00	0.0	0.000	0.356	85.2	80	78.3	97.7	15.74	 .0702	0.001	700	1	100.0	30
02/04/19	18:30	81.1	82.1	81.0	89	77.5	0.0	---	0.00	0.0	---	81.1	89.6	89.6	88.2	29.823	0.00	0.00	0	0.00	0	0.0	0.00	0.0	0.000	0.335	84.4	82	78.3	96.3	16.56	 .0703	0.000	703	1	100.0	30
02/04/19	19:00	81.0	81.2	80.9	89	77.4	0.0	---	0.00	0.0	---	81.0	89.3	89.3	87.9	29.836	0.00	0.00	0	0.00	0	0.0	0.00	0.0	0.000	0.333	84.0	83	78.3	95.6	16.89	 .0704	0.000	700	1	100.0	30
02/04/19	19:30	79.8	81.0	79.7	91	76.9	0.0	---	0.00	0.0	---	79.8	86.8	86.8	85.3	29.844	0.00	0.00	0	0.00	0	0.0	0.00	0.0	0.000	0.308	83.5	83	77.8	94.2	16.91	 .0705	0.000	700	1	100.0	30
02/04/19	20:00	79.2	79.7	79.1	92	76.7	0.0	---	0.00	0.0	---	79.2	85.7	85.7	84.2	29.864	0.00	0.00	0	0.00	0	0.0	0.00	0.0	0.000	0.296	83.1	84	77.8	93.4	17.33	 .0706	0.000	700	1	100.0	30
02/04/19	20:30	78.6	79.2	78.6	92	76.1	0.0	---	0.00	0.0	---	78.6	84.3	84.3	82.8	29.871	0.00	0.00	0	0.00	0	0.0	0.00	0.0	0.000	0.283	82.8	84	77.5	92.6	17.34	 .0707	0.000	697	1	100.0	30
02/04/19	21:00	78.2	78.6	78.2	93	76.0	0.0	---	0.00	0.0	---	78.2	83.6	83.6	82.1	29.880	0.00	0.00	0	0.00	0	0.0	0.00	0.0	0.000	0.275	82.5	85	77.5	92.2	17.80	 .0708	0.000	702	1	100.0	30
02/04/19	21:30	77.7	78.2	77.6	93	75.5	0.0	---	0.00	0.0	---	77.7	82.6	82.6	81.0	29.880	0.00	0.00	0	0.00	0	0.0	0.00	0.0	0.000	0.265	82.1	85	77.1	91.2	17.82	 .0709	0.000	700	1	100.0	30
02/04/19	22:00	77.3	77.7	77.3	94	75.4	0.0	---	0.00	0.0	---	77.3	81.9	81.9	80.3	29.884	0.00	0.00	0	0.00	0	0.0	0.00	0.0	0.000	0.256	81.8	85	76.8	90.4	17.84	 .0709	0.000	702	1	100.0	30
02/04/19	22:30	76.9	77.3	76.9	94	75.0	0.0	---	0.00	0.0	---	76.9	81.1	81.1	79.5	29.883	0.00	0.00	0	0.00	0	0.0	0.00	0.0	0.000	0.248	81.6	85	76.6	89.9	17.85	 .0710	0.000	701	1	100.0	30
02/04/19	23:00	76.6	77.0	76.6	94	74.7	0.0	---	0.00	0.0	---	76.6	80.6	80.6	79.0	29.880	0.00	0.00	0	0.00	0	0.0	0.00	0.0	0.000	0.242	81.2	85	76.3	88.9	17.88	 .0710	0.000	700	1	100.0	30
02/04/19	23:30	76.5	76.7	76.5	94	74.6	0.0	---	0.00	0.0	---	76.5	80.4	80.4	78.8	29.878	0.00	0.00	0	0.00	0	0.0	0.00	0.0	0.000	0.240	81.0	86	76.4	88.6	18.29	 .0710	0.000	700	1	100.0	30
03/04/19	00:00	76.2	76.5	76.2	94	74.3	0.0	---	0.00	0.0	---	76.2	79.9	79.9	78.3	29.868	0.00	0.00	0	0.00	0	0.0	0.00	0.0	0.000	0.233	80.9	86	76.3	88.4	18.30	 .0710	0.000	703	1	100.0	30
03/04/19	0:30	76.0	76.2	76.0	95	74.5	0.0	---	0.00	0.0	---	76.0	79.7	79.7	78.1	29.857	0.00	0.00	0	0.00	0	0.0	0.00	0.0	0.000	0.229	80.7	86	76.1	87.9	18.31	 .0711	0.000	698	1	100.0	30
03/04/19	1:00	75.8	76.0	75.8	95	74.3	0.0	---	0.00	0.0	---	75.8	79.4	79.4	77.8	29.844	0.00	0.00	0	0.00	0	0.0	0.00	0.0	0.000	0.225	80.3	86	75.7	87.0	18.33	 .0711	0.000	701	1	100.0	30
03/04/19	1:30	75.7	75.8	75.6	95	74.2	0.0	---	0.00	0.0	---	75.7	79.3	79.3	77.7	29.839	0.00	0.00	0	0.00	0	0.0	0.00	0.0	0.000	0.223	80.1	86	75.5	86.5	18.34	 .0711	0.000	701	1	100.0	30
03/04/19	2:00	75.7	75.8	75.5	95	74.2	0.0	---	0.00	0.0	---	75.7	79.3	79.3	77.7	29.833	0.00	0.00	0	0.00	0	0.0	0.00	0.0	0.000	0.223	79.8	87	75.6	86.0	18.76	 .0712	0.000	697	1	100.0	30
03/04/19	2:30	75.6	75.8	75.5	95	74.1	0.0	---	0.00	0.0	---	75.6	79.1	79.1	77.5	29.828	0.00	0.00	0	0.00	0	0.0	0.00	0.0	0.000	0.221	79.7	87	75.5	85.8	18.77	 .0712	0.000	701	1	100.0	30
03/04/19	3:00	75.1	75.6	75.0	95	73.6	0.0	---	0.00	0.0	---	75.1	78.4	78.4	76.7	29.823	0.00	0.00	0	0.00	0	0.0	0.00	0.0	0.000	0.210	79.7	86	75.1	85.6	18.36	 .0712	0.000	701	1	100.0	30
03/04/19	3:30	74.8	75.1	74.8	95	73.3	0.0	---	0.00	0.0	---	74.8	78.0	78.0	76.3	29.823	0.00	0.00	0	0.00	0	0.0	0.00	0.0	0.000	0.204	79.4	86	74.8	84.9	18.37	 .0712	0.000	703	1	100.0	30
03/04/19	4:00	74.5	74.9	74.5	95	73.0	0.0	---	0.00	0.0	---	74.5	77.5	77.5	75.7	29.828	0.00	0.00	0	0.00	0	0.0	0.00	0.0	0.000	0.198	79.3	86	74.7	84.7	18.38	 .0713	0.000	699	1	100.0	30
03/04/19	4:30	74.3	74.6	74.2	95	72.8	0.0	---	0.00	0.0	---	74.3	77.2	77.2	75.4	29.842	0.00	0.00	0	0.00	0	0.0	0.00	0.0	0.000	0.194	79.0	86	74.5	84.1	18.39	 .0714	0.000	703	1	100.0	30
03/04/19	5:00	74.2	74.3	74.1	95	72.7	0.0	---	0.00	0.0	---	74.2	77.0	77.0	75.2	29.850	0.00	0.00	0	0.00	0	0.0	0.00	0.0	0.000	0.192	78.9	86	74.4	83.9	18.39	 .0714	0.000	700	1	100.0	30
03/04/19	5:30	74.1	74.2	73.9	95	72.6	0.0	---	0.00	0.0	---	74.1	76.9	76.9	75.1	29.856	0.00	0.00	0	0.00	5	0.0	0.00	0.0	0.000	0.190	78.6	87	74.4	83.4	18.83	 .0715	0.000	699	1	100.0	30
03/04/19	6:00	74.5	74.5	74.0	96	73.3	0.0	---	0.00	0.0	---	74.5	77.6	77.6	76.2	29.867	0.00	0.00	15	0.65	23	0.0	0.00	0.0	0.000	0.198	78.3	88	74.5	82.9	19.42	 .0715	0.000	701	1	100.0	30
03/04/19	6:30	75.1	75.2	74.5	96	73.9	0.0	---	0.00	0.0	---	75.1	78.5	78.5	79.2	29.878	0.00	0.00	33	1.42	39	0.0	0.00	0.0	0.000	0.210	78.7	88	74.8	83.8	19.40	 .0715	0.000	702	1	100.0	30
03/04/19	7:00	76.3	76.3	75.1	95	74.8	0.0	---	0.00	0.0	---	76.3	80.2	80.2	81.2	29.888	0.00	0.00	47	2.02	53	0.0	0.00	0.0	0.000	0.235	79.0	89	75.5	84.5	19.95	 .0714	0.001	698	1	100.0	30
03/04/19	7:30	77.8	77.8	76.3	95	76.3	0.0	---	0.00	0.0	---	77.8	83.2	83.2	84.3	29.896	0.00	0.00	56	2.41	60	0.7	0.15	1.4	0.000	0.267	79.6	90	76.4	86.1	20.45	 .0713	0.000	702	1	100.0	30
03/04/19	8:00	82.7	82.7	77.9	86	78.1	0.0	SE	0.00	1.0	SE	82.7	93.0	93.0	101.4	29.902	0.00	0.00	327	14.06	512	2.1	0.45	2.9	0.000	0.369	80.5	90	77.3	88.3	20.41	 .0711	0.005	697	1	100.0	30
03/04/19	8:30	85.4	85.8	82.8	83	79.6	1.0	SSW	0.50	4.0	S	85.4	99.7	99.7	110.5	29.905	0.00	0.00	493	21.20	635	3.5	0.75	4.5	0.000	0.425	81.9	88	78.0	91.5	19.16	 .0709	0.000	701	1	100.0	30
03/04/19	9:00	86.7	87.2	85.5	80	79.8	1.0	SSE	0.50	5.0	SSW	86.7	102.1	102.1	111.2	29.911	0.00	0.00	422	18.15	635	4.6	0.99	5.5	0.000	0.452	83.1	85	78.1	93.8	17.76	 .0707	0.012	702	1	100.0	30
03/04/19	9:30	89.3	89.4	86.3	72	79.1	2.0	SSE	1.00	5.0	SSW	89.3	105.2	105.2	110.4	29.910	0.00	0.00	238	10.24	330	7.1	1.52	8.4	0.000	0.506	84.8	82	78.7	97.4	16.55	 .0705	0.000	699	1	100.0	30
03/04/19	10:00	88.5	90.7	88.3	76	80.0	2.0	SSW	1.00	7.0	W	88.5	105.3	105.3	109.3	29.902	0.00	0.00	192	8.26	216	8.7	1.86	9.8	0.000	0.490	86.6	79	79.3	101.2	15.35	 .0702	0.006	701	1	100.0	30
03/04/19	10:30	89.8	89.9	88.0	73	80.0	3.0	SSW	1.50	7.0	S	89.8	107.4	107.4	115.9	29.904	0.00	0.00	405	17.42	1007	10.7	2.29	11.5	0.000	0.517	87.7	78	80.0	104.1	14.93	 .0700	0.000	702	1	100.0	30
03/04/19	11:00	89.2	90.0	88.8	76	80.6	3.0	SSW	1.50	8.0	WSW	89.2	107.5	107.5	120.4	29.898	0.00	0.00	904	38.88	1090	10.8	2.31	12.3	0.000	0.504	88.3	76	79.8	104.7	14.35	 .0699	0.019	700	1	100.0	30
03/04/19	11:30	89.8	91.0	88.4	74	80.4	2.0	SE	1.00	8.0	SE	89.8	108.1	108.1	121.3	29.885	0.00	0.00	852	36.64	1039	11.0	2.36	12.9	0.000	0.517	88.7	75	79.8	105.3	14.10	 .0698	0.000	701	1	100.0	30
03/04/19	12:00	90.9	91.4	89.8	72	80.6	3.0	ESE	1.50	10.0	E	90.9	110.2	110.2	121.9	29.882	0.00	0.00	1060	45.59	1197	12.5	2.68	13.7	0.000	0.540	89.7	73	79.9	107.1	13.46	 .0697	0.026	701	1	100.0	30
03/04/19	12:30	92.3	92.4	90.9	68	80.2	2.0	ESE	1.00	8.0	ESE	92.3	111.5	111.5	124.8	29.864	0.00	0.00	1119	48.12	1185	13.0	2.79	13.6	0.000	0.569	90.6	71	79.9	108.5	12.84	 .0695	0.000	699	1	100.0	30
03/04/19	13:00	91.1	93.0	90.8	71	80.4	2.0	SE	1.00	8.0	WSW	91.1	110.1	110.1	124.3	29.855	0.00	0.00	1096	47.13	1218	12.0	2.57	12.6	0.000	0.544	91.2	69	79.6	108.9	12.33	 .0694	0.030	701	1	100.0	30
03/04/19	13:30	90.6	91.8	89.7	73	80.8	2.0	SSE	1.00	9.0	SE	90.6	110.0	110.0	124.4	29.837	0.00	0.00	1011	43.48	1160	9.7	2.08	11.4	0.000	0.533	91.0	69	79.4	108.3	12.33	 .0694	0.000	698	1	100.0	30
03/04/19	14:00	89.9	92.4	89.9	73	80.1	2.0	SSW	1.00	6.0	S	89.9	107.7	107.7	122.8	29.826	0.00	0.00	937	40.30	1014	8.5	1.82	9.9	0.000	0.519	91.4	67	78.9	108.1	11.85	 .0694	0.024	702	1	100.0	30
03/04/19	14:30	88.3	92.0	88.3	76	79.8	2.0	S	1.00	7.0	SSE	88.3	104.7	104.7	116.6	29.817	0.00	0.00	653	28.08	962	5.8	1.24	7.8	0.000	0.485	91.2	69	79.6	108.9	12.33	 .0693	0.000	701	1	100.0	30
03/04/19	15:00	88.7	89.4	87.0	74	79.3	1.0	SSW	0.50	7.0	S	88.7	104.7	104.7	112.8	29.812	0.00	0.00	293	12.60	603	3.1	0.66	4.2	0.000	0.494	89.6	70	78.5	104.8	12.55	 .0696	0.014	699	1	100.0	30
03/04/19	15:30	88.8	89.9	87.7	72	78.6	2.0	S	1.00	8.0	ESE	88.8	103.8	103.8	118.3	29.803	0.00	0.00	540	23.22	733	3.1	0.66	3.6	0.000	0.496	90.1	69	78.6	105.7	12.35	 .0695	0.000	703	1	100.0	30
03/04/19	16:00	87.9	89.3	87.9	75	79.0	2.0	SE	1.00	7.0	S	87.9	102.9	102.9	118.4	29.803	0.00	0.00	459	19.74	550	2.0	0.43	2.7	0.000	0.477	90.2	68	78.2	105.3	12.05	 .0695	0.014	699	1	100.0	30
03/04/19	16:30	85.9	88.0	85.9	79	78.6	1.0	S	0.50	8.0	SE	85.9	99.1	99.1	104.4	29.803	0.00	0.00	146	6.28	367	0.8	0.17	1.3	0.000	0.435	89.1	71	78.5	104.0	12.85	 .0697	0.000	700	1	100.0	30
03/04/19	17:00	84.8	86.1	84.8	82	78.7	0.0	S	0.00	5.0	S	84.8	97.4	97.4	97.7	29.804	0.00	0.00	76	3.27	86	0.1	0.02	0.5	0.000	0.413	87.7	74	78.4	101.8	13.80	 .0699	0.003	701	1	100.0	30
03/04/19	17:30	83.1	84.7	83.0	85	78.1	0.0	W	0.00	1.0	W	83.1	93.8	93.8	93.2	29.816	0.00	0.00	34	1.46	56	0.0	0.00	0.0	0.000	0.377	86.5	77	78.4	99.9	14.76	 .0700	0.000	700	1	100.0	30
03/04/19	18:00	81.8	83.1	81.8	88	77.9	0.0	W	0.00	1.0	W	81.8	91.2	91.2	89.8	29.825	0.00	0.00	2	0.09	12	0.0	0.00	0.0	0.000	0.350	85.5	79	78.2	98.0	15.42	 .0702	0.001	699	1	100.0	30
03/04/19	18:30	80.6	81.8	80.5	89	77.1	0.0	---	0.00	0.0	---	80.6	88.3	88.3	86.9	29.837	0.00	0.00	0	0.00	0	0.0	0.00	0.0	0.000	0.325	84.6	81	78.1	96.4	16.17	 .0703	0.000	702	1	100.0	30
03/04/19	19:00	80.0	80.6	80.0	90	76.8	0.0	---	0.00	0.0	---	80.0	87.0	87.0	85.5	29.857	0.00	0.00	0	0.00	0	0.0	0.00	0.0	0.000	0.313	84.1	82	78.0	95.4	16.57	 .0705	0.000	699	1	100.0	30
03/04/19	19:30	79.4	80.0	79.4	91	76.5	0.0	---	0.00	0.0	---	79.4	85.9	85.9	84.4	29.868	0.00	0.00	0	0.00	0	0.0	0.00	0.0	0.000	0.300	83.6	83	77.9	94.5	16.91	 .0706	0.000	700	1	100.0	30
03/04/19	20:00	78.9	79.4	78.9	92	76.4	0.0	---	0.00	0.0	---	78.9	85.0	85.0	83.5	29.877	0.00	0.00	0	0.00	0	0.0	0.00	0.0	0.000	0.290	83.3	83	77.6	93.6	16.92	 .0707	0.000	701	1	100.0	30
03/04/19	20:30	78.4	78.9	78.4	92	75.9	0.0	---	0.00	0.0	---	78.4	83.8	83.8	82.2	29.892	0.00	0.00	0	0.00	0	0.0	0.00	0.0	0.000	0.279	82.9	84	77.6	92.9	17.33	 .0707	0.000	699	1	100.0	30
03/04/19	21:00	78.1	78.4	78.1	93	75.9	0.0	---	0.00	0.0	---	78.1	83.4	83.4	81.8	29.899	0.00	0.00	0	0.00	0	0.0	0.00	0.0	0.000	0.273	82.6	84	77.3	92.1	17.35	 .0708	0.000	701	1	100.0	30
03/04/19	21:30	78.1	78.2	78.0	93	75.9	0.0	---	0.00	0.0	---	78.1	83.4	83.4	81.8	29.902	0.00	0.00	0	0.00	0	0.0	0.00	0.0	0.000	0.273	82.4	84	77.1	91.6	17.35	 .0709	0.000	699	1	100.0	30
03/04/19	22:00	77.7	78.1	77.7	93	75.5	0.0	---	0.00	0.0	---	77.7	82.6	82.6	81.0	29.901	0.00	0.00	0	0.00	0	0.0	0.00	0.0	0.000	0.265	82.2	85	77.2	91.4	17.82	 .0709	0.000	703	1	100.0	30
03/04/19	22:30	77.5	77.7	77.4	94	75.6	0.0	---	0.00	0.0	---	77.5	82.3	82.3	80.7	29.899	0.00	0.00	0	0.00	0	0.0	0.00	0.0	0.000	0.260	82.0	85	77.0	90.9	17.83	 .0709	0.000	698	1	100.0	30
03/04/19	23:00	77.2	77.5	77.2	94	75.3	0.0	---	0.00	0.0	---	77.2	81.7	81.7	80.1	29.892	0.00	0.00	0	0.00	0	0.0	0.00	0.0	0.000	0.254	81.7	85	76.7	90.1	17.85	 .0710	0.000	700	1	100.0	30
03/04/19	23:30	76.9	77.3	76.9	94	75.0	0.0	---	0.00	0.0	---	76.9	81.1	81.1	79.5	29.883	0.00	0.00	0	0.00	0	0.0	0.00	0.0	0.000	0.248	81.5	85	76.6	89.7	17.86	 .0710	0.000	697	1	100.0	30
04/04/19	00:00	76.8	76.9	76.7	94	74.9	0.0	---	0.00	0.0	---	76.8	81.0	81.0	79.4	29.873	0.00	0.00	0	0.00	0	0.0	0.00	0.0	0.000	0.246	81.2	86	76.6	89.1	18.28	 .0710	0.000	702	1	100.0	30
04/04/19	0:30	76.5	76.7	76.5	95	75.0	0.0	---	0.00	0.0	---	76.5	80.6	80.6	79.0	29.867	0.00	0.00	0	0.00	0	0.0	0.00	0.0	0.000	0.240	81.0	86	76.4	88.6	18.29	 .0710	0.000	698	1	100.0	30
04/04/19	1:00	76.4	76.6	76.4	95	74.9	0.0	---	0.00	0.0	---	76.4	80.4	80.4	78.8	29.854	0.00	0.00	0	0.00	0	0.0	0.00	0.0	0.000	0.238	80.8	86	76.2	88.2	18.30	 .0710	0.000	701	1	100.0	30
04/04/19	1:30	76.1	76.5	76.0	95	74.6	0.0	---	0.00	0.0	---	76.1	79.9	79.9	78.3	29.846	0.00	0.00	0	0.00	0	0.0	0.00	0.0	0.000	0.231	80.6	86	76.0	87.7	18.31	 .0711	0.000	702	1	100.0	30
04/04/19	2:00	75.9	76.2	75.9	95	74.4	0.0	---	0.00	0.0	---	75.9	79.6	79.6	78.0	29.836	0.00	0.00	0	0.00	0	0.0	0.00	0.0	0.000	0.227	80.5	86	75.9	87.4	18.32	 .0710	0.000	702	1	100.0	30
04/04/19	2:30	75.7	75.9	75.7	95	74.2	0.0	---	0.00	0.0	---	75.7	79.3	79.3	77.7	29.828	0.00	0.00	0	0.00	0	0.0	0.00	0.0	0.000	0.223	80.2	86	75.6	86.7	18.34	 .0711	0.000	701	1	100.0	30
04/04/19	3:00	75.6	75.8	75.5	95	74.1	0.0	---	0.00	0.0	---	75.6	79.1	79.1	77.5	29.828	0.00	0.00	0	0.00	0	0.0	0.00	0.0	0.000	0.221	80.2	86	75.6	86.7	18.34	 .0711	0.000	698	1	100.0	30
04/04/19	3:30	75.5	75.7	75.5	95	74.0	0.0	---	0.00	0.0	---	75.5	79.0	79.0	77.3	29.824	0.00	0.00	0	0.00	0	0.0	0.00	0.0	0.000	0.219	79.9	87	75.7	86.2	18.76	 .0711	0.000	700	1	100.0	30
04/04/19	4:00	75.1	75.5	75.1	95	73.6	0.0	---	0.00	0.0	---	75.1	78.4	78.4	76.7	29.823	0.00	0.00	0	0.00	0	0.0	0.00	0.0	0.000	0.210	79.8	86	75.2	85.8	18.36	 .0712	0.000	702	1	100.0	30
04/04/19	4:30	75.0	75.3	74.9	95	73.5	0.0	---	0.00	0.0	---	75.0	78.3	78.3	76.6	29.831	0.00	0.00	0	0.00	0	0.0	0.00	0.0	0.000	0.208	79.6	86	75.0	85.4	18.37	 .0712	0.000	701	1	100.0	30
04/04/19	5:00	74.9	75.0	74.8	95	73.4	0.0	---	0.00	0.0	---	74.9	78.1	78.1	76.4	29.838	0.00	0.00	0	0.00	0	0.0	0.00	0.0	0.000	0.206	79.4	86	74.8	84.9	18.37	 .0713	0.000	700	1	100.0	30
04/04/19	5:30	74.9	75.0	74.7	95	73.4	0.0	---	0.00	0.0	---	74.9	78.1	78.1	76.4	29.846	0.00	0.00	1	0.04	5	0.0	0.00	0.0	0.000	0.206	79.3	87	75.1	84.9	18.79	 .0713	0.000	701	1	100.0	30
04/04/19	6:00	75.3	75.3	74.8	96	74.1	0.0	---	0.00	0.0	---	75.3	78.8	78.8	77.5	29.862	0.00	0.00	18	0.77	39	0.0	0.00	0.0	0.000	0.215	79.2	87	75.0	84.7	18.80	 .0714	0.000	701	1	100.0	30
04/04/19	6:30	76.3	76.3	75.3	95	74.8	0.0	---	0.00	0.0	---	76.3	80.2	80.2	81.7	29.863	0.00	0.00	49	2.11	54	0.0	0.00	0.0	0.000	0.235	79.4	88	75.5	85.3	19.37	 .0713	0.000	701	1	100.0	30
04/04/19	7:00	77.1	77.1	76.3	95	75.6	0.0	---	0.00	0.0	---	77.1	81.7	81.7	82.2	29.880	0.00	0.00	34	1.46	46	0.0	0.00	0.0	0.000	0.252	79.6	89	76.1	85.9	19.95	 .0713	0.001	701	1	100.0	30
04/04/19	7:30	78.6	78.6	77.1	95	77.0	0.0	W	0.00	1.0	W	78.6	85.0	85.0	85.9	29.882	0.00	0.00	49	2.11	60	0.2	0.04	1.4	0.000	0.283	80.1	90	76.9	87.3	20.44	 .0711	0.000	700	1	100.0	30
04/04/19	8:00	83.5	83.8	78.6	88	79.6	0.0	W	0.00	2.0	W	83.5	96.1	96.1	104.8	29.894	0.00	0.00	339	14.58	589	2.2	0.47	2.9	0.000	0.385	81.4	90	78.2	90.6	20.34	 .0709	0.005	701	1	100.0	30
04/04/19	8:30	87.0	87.0	83.3	79	79.7	1.0	S	0.50	4.0	SSE	87.0	102.5	102.5	114.4	29.907	0.00	0.00	580	24.94	752	3.3	0.71	4.9	0.000	0.458	83.0	87	78.7	94.2	18.57	 .0707	0.000	702	1	100.0	30
04/04/19	9:00	84.1	87.2	83.8	87	79.8	0.0	SSW	0.00	2.0	SSW	84.1	97.5	97.5	101.1	29.917	0.00	0.00	166	7.14	207	3.1	0.66	3.4	0.000	0.398	83.4	87	79.1	95.4	18.55	 .0706	0.009	702	1	100.0	30
04/04/19	9:30	83.9	86.0	83.4	87	79.6	0.0	NNW	0.00	3.0	NNW	83.9	96.9	96.9	100.6	29.911	0.00	0.00	179	7.70	443	4.2	0.90	6.3	0.000	0.394	83.6	88	79.7	96.4	18.99	 .0705	0.000	702	1	100.0	30
04/04/19	10:00	89.0	89.0	83.9	72	78.8	1.0	SSW	0.50	5.0	S	89.0	104.3	104.3	107.9	29.900	0.00	0.00	176	7.57	244	7.9	1.69	10.6	0.000	0.500	85.0	80	78.1	97.1	15.75	 .0705	0.005	701	1	100.0	30
04/04/19	10:30	90.0	90.9	88.8	72	79.8	2.0	SSW	1.00	9.0	S	90.0	107.4	107.4	116.1	29.892	0.00	0.00	416	17.89	928	10.7	2.29	11.4	0.000	0.521	87.5	77	79.4	102.9	14.70	 .0700	0.000	701	1	100.0	30
04/04/19	11:00	89.8	90.9	88.5	73	80.0	3.0	SW	1.50	8.0	WSW	89.8	107.4	107.4	120.5	29.890	0.00	0.00	801	34.45	1078	9.8	2.10	11.6	0.000	0.517	88.2	76	79.7	104.4	14.36	 .0699	0.017	703	1	100.0	30
04/04/19	11:30	86.4	89.8	86.4	80	79.5	2.0	SSW	1.00	6.0	SSW	86.4	101.1	101.1	109.8	29.878	0.00	0.00	410	17.63	564	5.8	1.24	7.5	0.000	0.446	87.5	77	79.4	102.9	14.70	 .0700	0.000	700	1	100.0	30
04/04/19	12:00	85.3	86.5	85.3	80	78.4	1.0	SSW	0.50	5.0	SSE	85.3	97.9	97.9	101.7	29.863	0.00	0.00	183	7.87	223	3.2	0.69	3.7	0.000	0.423	86.2	77	78.1	99.0	14.78	 .0702	0.008	700	1	100.0	30
04/04/19	12:30	86.5	86.8	85.3	77	78.4	1.0	SSE	0.50	5.0	SE	86.5	99.9	99.9	107.4	29.846	0.00	0.00	352	15.14	668	5.3	1.14	8.0	0.000	0.448	86.4	77	78.3	99.6	14.77	 .0701	0.000	698	1	100.0	30
04/04/19	13:00	85.7	86.9	85.7	79	78.4	2.0	S	1.00	6.0	ESE	85.7	98.6	98.6	105.7	29.830	0.00	0.00	334	14.36	366	4.8	1.03	5.4	0.000	0.431	86.5	78	78.8	100.4	15.03	 .0700	0.010	700	1	100.0	30
04/04/19	13:30	86.5	86.7	85.6	80	79.6	1.0	SSW	0.50	6.0	S	86.5	101.4	101.4	109.1	29.822	0.00	0.00	354	15.22	388	4.8	1.03	5.1	0.000	0.448	86.6	79	79.3	101.2	15.35	 .0700	0.000	703	1	100.0	30
04/04/19	14:00	85.6	86.5	84.8	80	78.7	2.0	ESE	1.00	8.0	SE	85.6	98.8	98.8	106.8	29.808	0.00	0.00	353	15.18	390	4.4	0.94	4.6	0.000	0.429	86.2	77	78.1	99.0	14.78	 .0701	0.010	702	1	100.0	30
04/04/19	14:30	87.3	87.4	85.6	76	78.8	2.0	ESE	1.00	7.0	E	87.3	101.7	101.7	112.5	29.795	0.00	0.00	473	20.34	552	4.7	1.01	4.9	0.000	0.465	86.9	76	78.4	100.6	14.44	 .0699	0.000	700	1	100.0	30
04/04/19	15:00	86.0	87.3	86.0	78	78.3	2.0	S	1.00	9.0	ESE	86.0	98.9	98.9	109.7	29.788	0.00	0.00	427	18.36	563	3.7	0.79	4.8	0.000	0.438	87.2	75	78.3	100.9	14.16	 .0699	0.012	699	1	100.0	30
04/04/19	15:30	85.7	86.2	85.6	80	78.8	1.0	SSE	0.50	7.0	S	85.7	99.1	99.1	107.7	29.794	0.00	0.00	278	11.96	369	2.2	0.47	3.0	0.000	0.431	86.9	76	78.4	100.6	14.44	 .0699	0.000	700	1	100.0	30
04/04/19	16:00	85.3	85.8	85.2	78	77.7	1.0	SE	0.50	6.0	ESE	85.3	97.0	97.0	105.1	29.794	0.00	0.00	233	10.02	262	1.5	0.32	1.7	0.000	0.423	86.4	75	77.5	98.6	14.19	 .0701	0.007	699	1	100.0	30
04/04/19	16:30	84.7	85.5	84.7	80	77.8	1.0	ENE	0.50	5.0	S	84.7	96.3	96.3	101.5	29.805	0.00	0.00	140	6.02	190	0.8	0.17	1.1	0.000	0.410	85.9	76	77.5	97.7	14.50	 .0702	0.000	701	1	100.0	30
04/04/19	17:00	83.4	84.8	83.4	83	77.7	0.0	SSE	0.00	4.0	S	83.4	93.9	93.9	93.7	29.810	0.00	0.00	56	2.41	98	0.0	0.00	0.5	0.000	0.383	85.2	78	77.6	96.8	15.13	 .0702	0.003	701	1	100.0	30
04/04/19	17:30	82.5	83.4	82.5	85	77.5	0.0	SE	0.00	4.0	SE	82.5	92.2	92.2	91.4	29.805	0.00	0.00	27	1.16	40	0.0	0.00	0.0	0.000	0.365	84.5	79	77.3	95.3	15.46	 .0704	0.000	701	1	100.0	30
04/04/19	18:00	81.0	82.5	81.0	88	77.1	0.0	ESE	0.00	1.0	ESE	81.0	89.1	89.1	87.8	29.822	0.00	0.00	2	0.09	11	0.0	0.00	0.0	0.000	0.333	83.7	82	77.6	94.3	16.58	 .0705	0.001	701	1	100.0	30
04/04/19	18:30	80.3	81.0	80.2	89	76.8	0.0	---	0.00	0.0	---	80.3	87.6	87.6	86.1	29.823	0.00	0.00	0	0.00	0	0.0	0.00	0.0	0.000	0.319	83.2	82	77.1	93.0	16.59	 .0706	0.000	698	1	100.0	30
04/04/19	19:00	79.7	80.3	79.6	89	76.2	0.0	---	0.00	0.0	---	79.7	86.1	86.1	84.6	29.842	0.00	0.00	0	0.00	0	0.0	0.00	0.0	0.000	0.306	82.6	83	76.9	91.8	16.95	 .0707	0.000	702	1	100.0	30
04/04/19	19:30	79.4	79.8	79.4	90	76.2	0.0	---	0.00	0.0	---	79.4	85.6	85.6	84.1	29.847	0.00	0.00	0	0.00	0	0.0	0.00	0.0	0.000	0.300	82.4	83	76.7	91.3	16.95	 .0708	0.000	702	1	100.0	30
04/04/19	20:00	79.1	79.5	79.0	90	75.9	0.0	---	0.00	0.0	---	79.1	84.9	84.9	83.4	29.857	0.00	0.00	0	0.00	0	0.0	0.00	0.0	0.000	0.294	82.2	84	76.9	91.1	17.36	 .0708	0.000	701	1	100.0	30
04/04/19	20:30	78.6	79.1	78.6	91	75.8	0.0	---	0.00	0.0	---	78.6	84.1	84.1	82.6	29.867	0.00	0.00	0	0.00	0	0.0	0.00	0.0	0.000	0.283	82.0	84	76.7	90.6	17.37	 .0709	0.000	700	1	100.0	30
04/04/19	21:00	78.3	78.6	78.3	91	75.5	0.0	---	0.00	0.0	---	78.3	83.4	83.4	81.9	29.875	0.00	0.00	0	0.00	0	0.0	0.00	0.0	0.000	0.277	81.8	85	76.8	90.4	17.84	 .0709	0.000	703	1	100.0	30
04/04/19	21:30	78.8	78.8	78.3	91	75.9	0.0	SSE	0.00	3.0	SW	78.8	84.5	84.5	83.0	29.878	0.00	0.00	0	0.00	0	0.0	0.00	0.0	0.000	0.288	81.8	85	76.8	90.4	17.84	 .0709	0.000	702	1	100.0	30
04/04/19	22:00	78.6	78.9	78.6	91	75.8	1.0	W	0.50	7.0	W	78.6	84.1	84.1	82.6	29.886	0.00	0.00	0	0.00	0	0.0	0.00	0.0	0.000	0.283	81.4	85	76.5	89.4	17.87	 .0710	0.000	702	1	100.0	30
04/04/19	22:30	78.4	78.7	78.4	90	75.2	1.0	WNW	0.50	4.0	SSW	78.4	83.4	83.4	81.9	29.882	0.00	0.00	0	0.00	0	0.0	0.00	0.0	0.000	0.279	81.3	85	76.4	89.2	17.87	 .0710	0.000	699	1	100.0	30
04/04/19	23:00	77.9	78.4	77.9	92	75.4	0.0	SW	0.00	2.0	SSW	77.9	82.7	82.7	81.2	29.872	0.00	0.00	0	0.00	0	0.0	0.00	0.0	0.000	0.269	81.0	86	76.4	88.6	18.29	 .0710	0.000	702	1	100.0	30
04/04/19	23:30	77.6	77.9	77.6	93	75.4	0.0	SW	0.00	2.0	SW	77.6	82.4	82.4	80.9	29.866	0.00	0.00	0	0.00	0	0.0	0.00	0.0	0.000	0.262	80.7	87	76.5	88.1	18.71	 .0711	0.000	702	1	100.0	30
05/04/19	00:00	77.3	77.6	77.2	93	75.1	0.0	SW	0.00	1.0	SW	77.3	81.7	81.7	80.2	29.856	0.00	0.00	0	0.00	0	0.0	0.00	0.0	0.000	0.256	80.5	87	76.3	87.7	18.72	 .0711	0.000	699	1	100.0	30
05/04/19	0:30	76.9	77.3	76.9	93	74.7	0.0	SW	0.00	1.0	SW	76.9	81.0	81.0	79.4	29.837	0.00	0.00	0	0.00	0	0.0	0.00	0.0	0.000	0.248	80.2	88	76.3	87.1	19.33	 .0711	0.000	701	1	100.0	30
05/04/19	1:00	76.4	76.9	76.3	94	74.5	0.0	SW	0.00	1.0	SW	76.4	80.3	80.3	78.7	29.826	0.00	0.00	0	0.00	0	0.0	0.00	0.0	0.000	0.238	79.8	88	75.9	86.2	19.36	 .0711	0.000	702	1	100.0	30
05/04/19	1:30	76.2	76.4	76.1	94	74.3	0.0	---	0.00	0.0	---	76.2	79.9	79.9	78.3	29.813	0.00	0.00	0	0.00	0	0.0	0.00	0.0	0.000	0.233	79.8	88	75.9	86.2	19.36	 .0711	0.000	698	1	100.0	30
05/04/19	2:00	75.8	76.2	75.7	94	73.9	0.0	SW	0.00	1.0	SW	75.8	79.3	79.3	77.6	29.799	0.00	0.00	0	0.00	0	0.0	0.00	0.0	0.000	0.225	79.4	88	75.5	85.3	19.37	 .0711	0.000	698	1	100.0	30
05/04/19	2:30	75.5	75.9	75.5	94	73.7	0.0	---	0.00	0.0	---	75.5	78.9	78.9	77.2	29.786	0.00	0.00	0	0.00	0	0.0	0.00	0.0	0.000	0.219	79.4	88	75.5	85.3	19.37	 .0711	0.000	703	1	100.0	30
05/04/19	3:00	75.5	75.6	75.4	94	73.7	0.0	---	0.00	0.0	---	75.5	78.9	78.9	77.2	29.786	0.00	0.00	0	0.00	0	0.0	0.00	0.0	0.000	0.219	79.3	88	75.4	85.1	19.38	 .0711	0.000	701	1	100.0	30
05/04/19	3:30	75.7	75.8	75.5	95	74.2	0.0	SW	0.00	1.0	SW	75.7	79.3	79.3	77.7	29.801	0.00	0.00	0	0.00	0	0.0	0.00	0.0	0.000	0.223	78.9	88	75.0	84.2	19.39	 .0712	0.000	700	1	100.0	30
05/04/19	4:00	75.5	75.8	75.5	94	73.7	0.0	---	0.00	0.0	---	75.5	78.9	78.9	77.2	29.800	0.00	0.00	0	0.00	0	0.0	0.00	0.0	0.000	0.219	78.7	89	75.2	83.9	19.95	 .0713	0.000	698	1	100.0	30
05/04/19	4:30	75.2	75.6	75.1	95	73.7	0.0	---	0.00	0.0	---	75.2	78.6	78.6	76.9	29.797	0.00	0.00	0	0.00	0	0.0	0.00	0.0	0.000	0.212	78.8	88	74.9	84.0	19.40	 .0712	0.000	701	1	100.0	30
05/04/19	5:00	75.5	75.5	75.1	95	74.0	0.0	SW	0.00	1.0	SW	75.5	79.0	79.0	77.3	29.799	0.00	0.00	0	0.00	0	0.0	0.00	0.0	0.000	0.219	78.6	89	75.1	83.7	19.95	 .0713	0.000	702	1	100.0	30
05/04/19	5:30	75.5	75.6	75.4	95	74.0	0.0	---	0.00	0.0	---	75.5	79.0	79.0	77.4	29.804	0.00	0.00	3	0.13	14	0.0	0.00	0.0	0.000	0.219	78.6	89	75.1	83.7	19.95	 .0713	0.000	701	1	100.0	30
05/04/19	6:00	76.0	76.0	75.5	95	74.5	0.0	---	0.00	0.0	---	76.0	79.7	79.7	78.6	29.804	0.00	0.00	22	0.95	30	0.0	0.00	0.0	0.000	0.229	78.8	89	75.3	84.1	19.95	 .0712	0.000	702	1	100.0	30
05/04/19	6:30	76.8	76.8	76.0	95	75.3	0.0	---	0.00	0.0	---	76.8	81.1	81.1	82.4	29.818	0.00	0.00	45	1.94	72	0.0	0.00	0.0	0.000	0.246	79.0	90	75.8	84.7	20.45	 .0712	0.000	703	1	100.0	30
05/04/19	7:00	78.6	78.6	76.8	93	76.4	0.0	---	0.00	0.0	---	78.6	84.5	84.5	88.9	29.829	0.00	0.00	133	5.72	172	0.4	0.09	0.6	0.000	0.283	79.9	90	76.7	86.8	20.45	 .0711	0.002	701	1	100.0	30
05/04/19	7:30	78.9	78.9	78.5	93	76.7	0.0	SW	0.00	1.0	SW	78.9	85.2	85.2	86.8	29.841	0.00	0.00	69	2.97	105	0.2	0.04	0.5	0.000	0.290	80.0	90	76.8	87.0	20.45	 .0711	0.000	701	1	100.0	30
05/04/19	8:00	78.7	79.0	78.7	93	76.5	0.0	---	0.00	0.0	---	78.7	84.7	84.7	85.3	29.862	0.00	0.00	47	2.02	65	0.1	0.02	0.5	0.000	0.285	80.2	91	77.3	87.8	21.03	 .0710	0.001	698	1	100.0	30
05/04/19	8:30	78.0	78.8	78.0	93	75.8	0.0	---	0.00	0.0	---	78.0	83.2	83.2	83.2	29.877	0.00	0.00	30	1.29	37	0.0	0.00	0.0	0.000	0.271	80.0	91	77.1	87.3	21.05	 .0711	0.000	702	1	100.0	30
05/04/19	9:00	78.0	78.0	77.8	94	76.1	0.0	---	0.00	0.0	---	78.0	83.4	83.4	83.4	29.888	0.00	0.00	31	1.33	42	0.0	0.00	0.0	0.000	0.271	79.9	91	77.0	87.1	21.05	 .0712	0.001	702	1	100.0	30
05/04/19	9:30	78.4	78.5	77.9	94	76.5	0.0	---	0.00	0.0	---	78.4	84.3	84.3	84.6	29.880	0.00	0.00	45	1.94	46	0.0	0.00	0.0	0.000	0.279	79.9	91	77.0	87.1	21.05	 .0712	0.000	700	1	100.0	30
05/04/19	10:00	78.9	78.9	78.4	94	77.0	0.0	---	0.00	0.0	---	78.9	85.4	85.4	85.9	29.878	0.00	0.00	50	2.15	54	0.0	0.00	0.0	0.000	0.290	80.1	91	77.2	87.6	21.04	 .0711	0.001	700	1	100.0	30
05/04/19	10:30	79.3	79.3	78.9	94	77.4	0.0	---	0.00	0.0	---	79.3	86.4	86.4	87.3	29.878	0.00	0.00	68	2.92	77	0.9	0.19	1.1	0.000	0.298	80.4	92	77.9	88.6	21.16	 .0710	0.000	700	1	100.0	30
05/04/19	11:00	79.7	79.7	79.2	94	77.8	0.0	---	0.00	0.0	---	79.7	87.4	87.4	88.6	29.876	0.00	0.00	81	3.48	90	1.1	0.24	1.3	0.000	0.306	80.6	92	78.1	89.2	21.16	 .0710	0.002	702	1	100.0	30
05/04/19	11:30	80.7	80.7	79.6	92	78.2	0.0	---	0.00	0.0	---	80.7	89.4	89.4	91.5	29.872	0.00	0.00	114	4.90	127	1.6	0.34	1.7	0.000	0.327	80.7	92	78.2	89.4	21.16	 .0709	0.000	700	1	100.0	30
05/04/19	12:00	80.8	80.9	80.3	92	78.3	0.0	SW	0.00	1.0	SW	80.8	89.7	89.7	91.9	29.869	0.00	0.00	120	5.16	127	1.6	0.34	1.7	0.000	0.329	81.1	92	78.6	90.5	21.17	 .0708	0.003	701	1	100.0	30
05/04/19	12:30	80.2	80.8	80.1	93	78.0	0.0	SW	0.00	1.0	SW	80.2	88.4	88.4	90.6	29.854	0.00	0.00	123	5.29	130	1.6	0.34	1.7	0.000	0.317	81.2	92	78.7	90.8	21.17	 .0708	0.000	701	1	100.0	30
05/04/19	13:00	79.7	80.2	79.7	93	77.5	0.0	SW	0.00	2.0	SW	79.7	87.2	87.2	89.1	29.827	0.00	0.00	110	4.73	123	1.4	0.30	1.6	0.000	0.306	81.0	92	78.5	90.2	21.17	 .0708	0.003	702	1	100.0	30
05/04/19	13:30	79.7	79.9	79.3	93	77.5	0.0	NE	0.00	3.0	NE	79.7	87.2	87.2	89.4	29.816	0.00	0.00	120	5.16	132	1.5	0.32	1.7	0.000	0.306	80.7	92	78.2	89.4	21.16	 .0708	0.000	703	1	100.0	30
05/04/19	14:00	79.5	79.8	79.3	94	77.6	0.0	NE	0.00	2.0	NE	79.5	86.9	86.9	89.0	29.814	0.00	0.00	109	4.69	114	1.3	0.28	1.3	0.000	0.302	80.9	92	78.4	90.0	21.17	 .0708	0.003	701	1	100.0	30
05/04/19	14:30	79.6	79.6	79.0	94	77.7	0.0	NE	0.00	1.0	NE	79.6	87.2	87.2	89.2	29.808	0.00	0.00	96	4.13	107	1.1	0.24	1.2	0.000	0.304	80.8	92	78.3	89.7	21.17	 .0708	0.000	699	1	100.0	30
05/04/19	15:00	79.2	79.6	78.9	94	77.3	0.0	NE	0.00	1.0	NE	79.2	86.2	86.2	87.8	29.799	0.01	0.00	74	3.18	95	0.8	0.17	1.0	0.000	0.296	80.6	93	78.4	89.5	21.26	 .0708	0.002	701	1	100.0	30
05/04/19	15:30	79.0	79.3	78.8	95	77.4	0.0	NE	0.00	2.0	NE	79.0	85.9	85.9	87.2	29.780	0.00	0.00	56	2.41	63	0.3	0.06	0.6	0.000	0.292	80.4	93	78.2	89.0	21.26	 .0708	0.000	703	1	100.0	30
05/04/19	16:00	78.6	79.0	78.5	95	77.0	0.0	NE	0.00	1.0	NE	78.6	85.0	85.0	86.0	29.785	0.00	0.00	41	1.76	63	0.2	0.04	0.5	0.000	0.283	80.3	93	78.1	88.7	21.26	 .0708	0.001	700	1	100.0	30
05/04/19	16:30	78.7	78.8	78.4	95	77.1	0.0	ENE	0.00	2.0	NE	78.7	85.2	85.2	87.1	29.789	0.00	0.00	53	2.28	60	0.0	0.00	0.0	0.000	0.285	80.3	93	78.1	88.7	21.26	 .0708	0.000	702	1	100.0	30
05/04/19	17:00	78.2	78.7	78.2	95	76.6	0.0	ENE	0.00	1.0	ENE	78.2	84.1	84.1	83.9	29.798	0.00	0.00	41	1.76	53	0.0	0.00	0.0	0.000	0.275	80.1	93	77.9	88.2	21.25	 .0709	0.001	701	1	100.0	30
05/04/19	17:30	77.8	78.3	77.8	95	76.3	0.0	ENE	0.00	1.0	ENE	77.8	83.2	83.2	82.2	29.804	0.00	0.00	8	0.34	14	0.0	0.00	0.0	0.000	0.267	79.8	93	77.6	87.4	21.25	 .0709	0.000	702	1	100.0	30
05/04/19	18:00	77.1	77.8	77.1	95	75.6	0.0	ENE	0.00	1.0	ENE	77.1	81.7	81.7	80.5	29.800	0.00	0.00	0	0.00	5	0.0	0.00	0.0	0.000	0.252	79.4	92	76.9	86.1	21.14	 .0710	0.000	697	1	100.0	30
05/04/19	18:30	76.5	77.1	76.5	95	75.0	0.0	ENE	0.00	1.0	ENE	76.5	80.6	80.6	79.3	29.803	0.00	0.00	0	0.00	0	0.0	0.00	0.0	0.000	0.240	78.9	92	76.4	85.0	21.13	 .0711	0.000	700	1	100.0	30
05/04/19	19:00	76.1	76.6	76.1	95	74.6	0.0	ENE	0.00	1.0	ENE	76.1	79.9	79.9	78.6	29.826	0.00	0.00	0	0.00	0	0.0	0.00	0.0	0.000	0.231	78.7	92	76.2	84.5	21.12	 .0712	0.000	702	1	100.0	30
05/04/19	19:30	75.8	76.1	75.8	95	74.3	0.0	ENE	0.00	1.0	ENE	75.8	79.4	79.4	78.1	29.836	0.00	0.00	0	0.00	0	0.0	0.00	0.0	0.000	0.225	78.6	92	76.1	84.3	21.12	 .0713	0.000	700	1	100.0	30
05/04/19	20:00	75.3	75.8	75.3	95	73.8	0.0	ENE	0.00	1.0	ENE	75.3	78.7	78.7	77.4	29.832	0.00	0.00	0	0.00	0	0.0	0.00	0.0	0.000	0.215	78.2	92	75.7	83.4	21.11	 .0714	0.000	698	1	100.0	30
05/04/19	20:30	75.1	75.4	75.0	95	73.6	0.0	ENE	0.00	1.0	ENE	75.1	78.4	78.4	77.1	29.849	0.00	0.00	0	0.00	0	0.0	0.00	0.0	0.000	0.210	78.0	91	75.2	82.7	21.01	 .0715	0.000	699	1	100.0	30
05/04/19	21:00	74.9	75.1	74.8	95	73.4	0.0	ENE	0.00	1.0	ENE	74.9	78.1	78.1	76.8	29.836	0.00	0.00	0	0.00	0	0.0	0.00	0.0	0.000	0.206	77.8	92	75.3	82.5	21.11	 .0715	0.000	701	1	100.0	30
05/04/19	21:30	74.7	74.9	74.6	95	73.2	0.0	ENE	0.00	2.0	ENE	74.7	77.8	77.8	76.5	29.843	0.00	0.00	0	0.00	0	0.0	0.00	0.0	0.000	0.202	77.7	91	74.9	82.1	21.00	 .0715	0.000	700	1	100.0	30
05/04/19	22:00	74.6	74.8	74.6	95	73.1	0.0	ESE	0.00	2.0	ESE	74.6	77.7	77.7	76.4	29.859	0.00	0.00	0	0.00	0	0.0	0.00	0.0	0.000	0.200	77.6	91	74.8	81.9	21.00	 .0716	0.000	701	1	100.0	30
05/04/19	22:30	74.6	74.7	74.5	96	73.4	0.0	ESE	0.00	1.0	ESE	74.6	77.7	77.7	76.4	29.858	0.00	0.00	0	0.00	0	0.0	0.00	0.0	0.000	0.200	77.4	91	74.6	81.6	21.00	 .0716	0.000	701	1	100.0	30
05/04/19	23:00	74.5	74.6	74.5	96	73.3	0.0	ESE	0.00	1.0	ESE	74.5	77.6	77.6	76.3	29.856	0.00	0.00	0	0.00	0	0.0	0.00	0.0	0.000	0.198	77.4	91	74.6	81.6	21.00	 .0716	0.000	702	1	100.0	30
05/04/19	23:30	74.4	74.5	74.4	96	73.2	0.0	---	0.00	0.0	---	74.4	77.4	77.4	76.1	29.850	0.00	0.00	0	0.00	0	0.0	0.00	0.0	0.000	0.196	77.5	91	74.7	81.8	21.00	 .0716	0.000	697	1	100.0	30
06/04/19	00:00	74.1	74.4	74.1	96	72.9	0.0	---	0.00	0.0	---	74.1	76.9	76.9	75.5	29.847	0.00	0.00	0	0.00	0	0.0	0.00	0.0	0.000	0.190	77.4	91	74.6	81.6	21.00	 .0716	0.000	702	1	100.0	30
06/04/19	0:30	73.8	74.2	73.8	96	72.6	0.0	---	0.00	0.0	---	73.8	76.5	76.5	75.1	29.841	0.00	0.00	0	0.00	0	0.0	0.00	0.0	0.000	0.183	77.1	91	74.3	81.0	20.99	 .0716	0.000	699	1	100.0	30
06/04/19	1:00	73.7	73.9	73.5	96	72.5	0.0	---	0.00	0.0	---	73.7	76.4	76.4	75.0	29.826	0.00	0.00	0	0.00	0	0.0	0.00	0.0	0.000	0.181	76.7	91	73.9	80.3	20.98	 .0717	0.000	702	1	100.0	30
06/04/19	1:30	73.5	73.8	73.5	96	72.3	0.0	---	0.00	0.0	---	73.5	76.2	76.2	74.8	29.816	0.00	0.00	0	0.00	0	0.0	0.00	0.0	0.000	0.177	76.9	91	74.1	80.6	20.99	 .0716	0.000	701	1	100.0	30
06/04/19	2:00	73.6	73.7	73.5	96	72.4	0.0	---	0.00	0.0	---	73.6	76.3	76.3	74.9	29.817	0.00	0.00	0	0.00	0	0.0	0.00	0.0	0.000	0.179	76.9	91	74.1	80.6	20.99	 .0716	0.000	699	1	100.0	30
06/04/19	2:30	73.3	73.6	73.1	96	72.1	0.0	---	0.00	0.0	---	73.3	75.9	75.9	74.5	29.817	0.00	0.00	0	0.00	0	0.0	0.00	0.0	0.000	0.173	76.6	91	73.8	80.1	20.98	 .0717	0.000	702	1	100.0	30
06/04/19	3:00	72.9	73.4	72.9	96	71.7	0.0	---	0.00	0.0	---	72.9	75.5	75.5	74.1	29.810	0.00	0.00	0	0.00	0	0.0	0.00	0.0	0.000	0.165	76.4	90	73.2	79.6	20.45	 .0717	0.000	701	1	100.0	30
06/04/19	3:30	72.8	73.0	72.7	96	71.6	0.0	---	0.00	0.0	---	72.8	75.4	75.4	74.0	29.816	0.00	0.00	0	0.00	0	0.0	0.00	0.0	0.000	0.163	76.3	91	73.5	79.6	20.98	 .0717	0.000	702	1	100.0	30
06/04/19	4:00	72.5	72.8	72.4	96	71.3	0.0	---	0.00	0.0	---	72.5	75.1	75.1	73.7	29.816	0.00	0.00	0	0.00	0	0.0	0.00	0.0	0.000	0.156	76.1	90	73.0	79.2	20.45	 .0718	0.000	701	1	100.0	30
06/04/19	4:30	72.2	72.6	72.2	96	71.0	0.0	---	0.00	0.0	---	72.2	74.7	74.7	73.2	29.815	0.00	0.00	0	0.00	0	0.0	0.00	0.0	0.000	0.150	76.1	90	73.0	79.2	20.45	 .0718	0.000	702	1	100.0	30
06/04/19	5:00	72.1	72.3	72.0	96	70.9	0.0	---	0.00	0.0	---	72.1	74.6	74.6	73.1	29.819	0.00	0.00	0	0.00	0	0.0	0.00	0.0	0.000	0.148	75.9	90	72.8	78.9	20.45	 .0718	0.000	700	1	100.0	30
06/04/19	5:30	72.1	72.2	72.0	96	70.9	0.0	---	0.00	0.0	---	72.1	74.6	74.6	73.1	29.825	0.00	0.00	0	0.00	0	0.0	0.00	0.0	0.000	0.148	75.8	90	72.7	78.7	20.45	 .0719	0.000	702	1	100.0	30
06/04/19	6:00	72.2	72.2	71.9	96	71.0	0.0	---	0.00	0.0	---	72.2	74.7	74.7	73.4	29.830	0.00	0.00	7	0.30	14	0.0	0.00	0.0	0.000	0.150	75.6	90	72.5	78.4	20.45	 .0719	0.000	702	1	100.0	30
06/04/19	6:30	72.9	72.9	72.2	96	71.7	0.0	---	0.00	0.0	---	72.9	75.5	75.5	75.6	29.847	0.00	0.00	22	0.95	26	0.0	0.00	0.0	0.000	0.165	75.8	91	73.0	78.9	20.97	 .0719	0.000	701	1	100.0	30
06/04/19	7:00	74.0	74.0	72.9	96	72.8	0.0	---	0.00	0.0	---	74.0	76.8	76.8	77.1	29.855	0.00	0.00	30	1.29	33	0.0	0.00	0.0	0.000	0.188	76.1	92	73.6	79.4	21.07	 .0718	0.001	702	1	100.0	30
06/04/19	7:30	75.4	75.4	74.0	96	74.2	0.0	---	0.00	0.0	---	75.4	79.0	79.0	79.3	29.874	0.00	0.00	35	1.51	39	0.0	0.00	0.0	0.000	0.217	76.8	93	74.6	80.8	21.19	 .0717	0.000	700	1	100.0	30
06/04/19	8:00	77.8	77.8	75.4	96	76.6	0.0	ESE	0.00	2.0	ESE	77.8	83.4	83.4	91.9	29.892	0.00	0.00	335	14.41	503	1.7	0.36	2.8	0.000	0.267	77.7	94	75.8	82.8	21.35	 .0716	0.004	702	1	100.0	30
06/04/19	8:30	83.5	83.5	77.8	82	77.4	1.0	S	0.50	4.0	S	83.5	93.8	93.8	105.7	29.892	0.00	0.00	586	25.20	668	3.6	0.77	4.4	0.000	0.385	78.8	92	76.3	84.7	21.13	 .0714	0.000	701	1	100.0	30
06/04/19	9:00	86.6	86.6	83.5	76	78.1	1.0	SW	0.50	5.0	SW	86.6	99.7	99.7	112.1	29.897	0.00	0.00	729	31.35	777	5.6	1.20	6.8	0.000	0.450	80.4	88	76.5	87.6	19.31	 .0712	0.017	698	1	100.0	30
06/04/19	9:30	88.0	88.3	86.6	70	77.0	2.0	S	1.00	7.0	SSW	88.0	100.4	100.4	112.9	29.897	0.00	0.00	762	32.77	796	7.8	1.67	8.7	0.000	0.479	82.4	83	76.7	91.3	16.95	 .0709	0.000	701	1	100.0	30
06/04/19	10:00	90.0	90.1	87.5	71	79.3	2.0	S	1.00	7.0	S	90.0	106.7	106.7	113.7	29.895	0.00	0.00	327	14.06	700	9.7	2.08	10.6	0.000	0.521	84.1	80	77.3	94.6	15.79	 .0706	0.015	701	1	100.0	30
06/04/19	10:30	90.0	90.3	87.8	68	78.0	2.0	SSW	1.00	8.0	SW	90.0	104.7	104.7	112.4	29.884	0.00	0.00	361	15.53	1014	11.1	2.38	12.2	0.000	0.521	85.5	78	77.9	97.6	15.11	 .0704	0.000	700	1	100.0	30
06/04/19	11:00	88.4	90.2	87.9	72	78.2	2.0	SSW	1.00	7.0	W	88.4	102.6	102.6	113.3	29.870	0.00	0.00	1022	43.95	1041	12.6	2.70	13.1	0.000	0.488	86.8	75	77.9	99.7	14.18	 .0702	0.019	701	1	100.0	30
06/04/19	11:30	89.1	90.0	88.2	70	78.0	2.0	SSW	1.00	7.0	W	89.1	103.4	103.4	114.4	29.860	0.00	0.00	1060	45.59	1076	13.4	2.87	13.6	0.000	0.502	87.9	73	78.2	101.8	13.49	 .0700	0.000	701	1	100.0	30
06/04/19	12:00	90.2	90.6	88.5	66	77.3	2.0	SSW	1.00	7.0	S	90.2	104.0	104.0	115.5	29.841	0.00	0.00	1069	45.97	1083	13.6	2.91	13.7	0.000	0.525	88.4	70	77.4	101.5	12.55	 .0699	0.029	699	1	100.0	30
06/04/19	12:30	90.7	91.6	89.7	69	79.1	2.0	SE	1.00	7.0	S	90.7	107.4	107.4	119.5	29.821	0.00	0.00	1043	44.85	1049	13.3	2.85	13.5	0.000	0.535	89.2	69	77.7	103.1	12.35	 .0698	0.000	701	1	100.0	30
06/04/19	13:00	88.6	91.1	88.6	69	77.1	3.0	SSW	1.50	7.0	S	88.6	101.5	101.5	114.2	29.810	0.00	0.00	1013	43.56	1037	12.3	2.64	12.9	0.000	0.492	89.7	67	77.3	103.3	11.86	 .0697	0.028	700	1	100.0	30
06/04/19	13:30	89.9	89.9	88.5	69	78.4	3.0	S	1.50	9.0	SSE	89.9	105.1	105.1	118.3	29.793	0.00	0.00	949	40.81	979	10.7	2.29	11.5	0.000	0.519	89.8	66	76.9	102.9	11.66	 .0697	0.000	702	1	100.0	30
06/04/19	14:00	88.8	90.3	88.3	69	77.3	3.0	SSW	1.50	8.0	SSE	88.8	102.0	102.0	115.7	29.775	0.00	0.00	876	37.67	914	9.0	1.93	9.9	0.000	0.496	89.8	66	76.9	102.9	11.66	 .0696	0.025	699	1	100.0	30
06/04/19	14:30	89.6	90.4	88.3	70	78.5	2.0	SSW	1.00	9.0	SSE	89.6	104.8	104.8	119.2	29.766	0.00	0.00	789	33.93	831	7.1	1.52	8.0	0.000	0.512	90.0	66	77.1	103.4	11.65	 .0696	0.000	701	1	100.0	30
06/04/19	15:00	88.8	89.6	87.9	69	77.3	2.0	S	1.00	7.0	S	88.8	102.0	102.0	116.9	29.762	0.00	0.00	687	29.54	738	5.2	1.11	6.1	0.000	0.496	89.9	66	77.0	103.2	11.65	 .0696	0.020	700	1	100.0	30
06/04/19	15:30	87.8	89.7	87.5	73	78.1	2.0	SSW	1.00	7.0	SSW	87.8	101.5	101.5	116.9	29.754	0.00	0.00	574	24.69	631	3.5	0.75	4.3	0.000	0.475	89.6	66	76.7	102.4	11.67	 .0696	0.000	701	1	100.0	30
06/04/19	16:00	87.4	88.9	86.7	72	77.3	2.0	S	1.00	6.0	SSW	87.4	99.9	99.9	115.4	29.759	0.00	0.00	467	20.08	531	2.1	0.45	2.8	0.000	0.467	89.3	68	77.3	102.8	12.08	 .0696	0.014	700	1	100.0	30
06/04/19	16:30	85.8	88.3	85.8	75	77.0	2.0	SSW	1.00	5.0	SW	85.8	97.0	97.0	102.4	29.762	0.00	0.00	155	6.67	390	0.9	0.19	1.5	0.000	0.433	88.6	68	76.7	100.9	12.11	 .0698	0.000	702	1	100.0	30
06/04/19	17:00	84.7	85.8	84.5	76	76.3	1.0	SSW	0.50	3.0	SSW	84.7	94.6	94.6	94.1	29.762	0.00	0.00	48	2.06	63	0.0	0.00	0.0	0.000	0.410	86.9	71	76.4	98.0	12.85	 .0700	0.003	701	1	100.0	30
06/04/19	17:30	83.8	84.7	83.8	82	77.7	1.0	SSE	0.50	6.0	SSW	83.8	94.6	94.6	94.1	29.774	0.00	0.00	44	1.89	79	0.0	0.00	0.0	0.000	0.392	86.0	75	77.1	97.5	14.21	 .0701	0.000	702	1	100.0	30
06/04/19	18:00	83.1	83.8	83.0	84	77.8	0.0	SSE	0.00	3.0	S	83.1	93.4	93.4	92.0	29.791	0.00	0.00	1	0.04	9	0.0	0.00	0.0	0.000	0.377	85.2	78	77.6	96.8	15.13	 .0702	0.001	701	1	100.0	30
06/04/19	18:30	82.6	83.1	82.5	85	77.6	0.0	SSE	0.00	5.0	WSW	82.6	92.5	92.5	91.1	29.796	0.00	0.00	0	0.00	0	0.0	0.00	0.0	0.000	0.367	84.5	80	77.6	95.7	15.77	 .0703	0.000	700	1	100.0	30
06/04/19	19:00	81.4	82.5	81.4	87	77.2	0.0	SE	0.00	2.0	SE	81.4	89.9	89.9	88.5	29.805	0.00	0.00	0	0.00	0	0.0	0.00	0.0	0.000	0.342	83.9	81	77.4	94.5	16.19	 .0704	0.001	699	1	100.0	30
06/04/19	19:30	80.3	81.4	80.3	89	76.8	0.0	SE	0.00	1.0	SE	80.3	87.6	87.6	86.1	29.817	0.00	0.00	0	0.00	0	0.0	0.00	0.0	0.000	0.319	83.2	83	77.5	93.4	16.92	 .0705	0.000	699	1	100.0	30
06/04/19	20:00	79.6	80.4	79.5	91	76.7	0.0	---	0.00	0.0	---	79.6	86.4	86.4	84.9	29.834	0.00	0.00	0	0.00	0	0.0	0.00	0.0	0.000	0.304	82.8	84	77.5	92.6	17.34	 .0706	0.000	702	1	100.0	30
06/04/19	20:30	79.7	79.8	79.5	91	76.8	0.0	---	0.00	0.0	---	79.7	86.6	86.6	85.1	29.841	0.00	0.00	0	0.00	0	0.0	0.00	0.0	0.000	0.306	82.5	85	77.5	92.2	17.80	 .0707	0.000	699	1	100.0	30
06/04/19	21:00	79.2	79.7	79.2	92	76.7	0.0	SE	0.00	1.0	SE	79.2	85.7	85.7	84.2	29.857	0.00	0.00	0	0.00	0	0.0	0.00	0.0	0.000	0.296	82.2	86	77.6	91.7	18.22	 .0708	0.000	700	1	100.0	30
06/04/19	21:30	78.7	79.2	78.6	92	76.2	0.0	---	0.00	0.0	---	78.7	84.5	84.5	83.0	29.860	0.00	0.00	0	0.00	0	0.0	0.00	0.0	0.000	0.285	82.0	86	77.4	91.2	18.23	 .0708	0.000	701	1	100.0	30
06/04/19	22:00	78.6	78.7	78.4	93	76.4	0.0	---	0.00	0.0	---	78.6	84.5	84.5	83.0	29.863	0.00	0.00	0	0.00	0	0.0	0.00	0.0	0.000	0.283	81.9	86	77.3	90.9	18.24	 .0708	0.000	701	1	100.0	30
06/04/19	22:30	78.9	78.9	78.6	93	76.7	0.0	---	0.00	0.0	---	78.9	85.2	85.2	83.7	29.868	0.00	0.00	0	0.00	0	0.0	0.00	0.0	0.000	0.290	81.8	87	77.5	90.9	18.64	 .0708	0.000	700	1	100.0	30
06/04/19	23:00	78.8	79.0	78.8	93	76.6	0.0	---	0.00	0.0	---	78.8	85.0	85.0	83.5	29.870	0.00	0.00	0	0.00	0	0.0	0.00	0.0	0.000	0.288	81.7	87	77.5	90.7	18.65	 .0709	0.000	701	1	100.0	30
06/04/19	23:30	78.7	78.9	78.7	93	76.5	0.0	---	0.00	0.0	---	78.7	84.7	84.7	83.2	29.857	0.00	0.00	0	0.00	0	0.0	0.00	0.0	0.000	0.285	81.5	88	77.6	90.4	19.20	 .0708	0.000	701	1	100.0	30
07/04/19	00:00	78.9	78.9	78.6	93	76.7	0.0	---	0.00	0.0	---	78.9	85.2	85.2	83.7	29.846	0.00	0.00	0	0.00	0	0.0	0.00	0.0	0.000	0.290	81.6	88	77.7	90.7	19.19	 .0708	0.000	699	1	100.0	30
07/04/19	0:30	79.1	79.3	78.9	93	76.9	0.0	SE	0.00	1.0	SE	79.1	85.7	85.7	84.2	29.839	0.00	0.00	0	0.00	0	0.0	0.00	0.0	0.000	0.294	81.5	89	77.9	90.7	19.80	 .0708	0.000	700	1	100.0	30
07/04/19	1:00	78.4	79.1	78.4	92	75.9	1.0	SE	0.50	3.0	NNW	78.4	83.8	83.8	82.2	29.836	0.00	0.00	0	0.00	0	0.0	0.00	0.0	0.000	0.279	81.0	88	77.1	89.1	19.25	 .0709	0.000	698	1	100.0	30
07/04/19	1:30	76.9	78.4	76.9	93	74.7	1.0	SSW	0.50	3.0	W	76.9	81.0	81.0	79.4	29.836	0.20	2.36	0	0.00	0	0.0	0.00	0.0	0.000	0.248	80.4	87	76.2	87.4	18.73	 .0710	0.000	703	1	100.0	30
07/04/19	2:00	76.5	76.9	76.5	94	74.6	0.0	SSW	0.00	1.0	SSW	76.5	80.4	80.4	78.8	29.826	0.02	0.25	0	0.00	0	0.0	0.00	0.0	0.000	0.240	80.0	89	76.5	86.8	19.95	 .0710	0.000	701	1	100.0	30
07/04/19	2:30	76.3	76.6	76.3	95	74.8	0.0	SSW	0.00	2.0	SSW	76.3	80.2	80.2	78.6	29.821	0.01	0.08	0	0.00	0	0.0	0.00	0.0	0.000	0.235	79.7	89	76.2	86.1	19.95	 .0711	0.000	700	1	100.0	30
07/04/19	3:00	76.2	76.4	76.1	95	74.7	0.0	NNW	0.00	2.0	NNW	76.2	80.1	80.1	78.5	29.815	0.00	0.00	0	0.00	0	0.0	0.00	0.0	0.000	0.233	79.2	89	75.7	85.0	19.95	 .0712	0.000	699	1	100.0	30
07/04/19	3:30	76.1	76.4	76.0	95	74.6	0.0	NNW	0.00	1.0	NNW	76.1	79.9	79.9	78.3	29.820	0.01	0.00	0	0.00	0	0.0	0.00	0.0	0.000	0.231	79.5	89	76.0	85.7	19.95	 .0711	0.000	700	1	100.0	30
07/04/19	4:00	76.1	76.3	76.0	95	74.6	0.0	NNW	0.00	1.0	NNW	76.1	79.9	79.9	78.3	29.823	0.01	0.00	0	0.00	0	0.0	0.00	0.0	0.000	0.231	79.2	90	76.0	85.2	20.45	 .0712	0.000	701	1	100.0	30
07/04/19	4:30	76.0	76.2	75.9	95	74.5	0.0	NNW	0.00	1.0	NNW	76.0	79.7	79.7	78.1	29.832	0.00	0.00	0	0.00	0	0.0	0.00	0.0	0.000	0.229	79.2	90	76.0	85.2	20.45	 .0712	0.000	701	1	100.0	30
07/04/19	5:00	75.8	76.1	75.8	95	74.3	0.0	NNW	0.00	1.0	NNW	75.8	79.4	79.4	77.8	29.842	0.01	0.00	0	0.00	0	0.0	0.00	0.0	0.000	0.225	79.2	90	76.0	85.2	20.45	 .0712	0.000	699	1	100.0	30
07/04/19	5:30	75.6	75.8	75.6	95	74.1	0.0	NNW	0.00	1.0	NNW	75.6	79.1	79.1	77.5	29.846	0.01	0.00	2	0.09	11	0.0	0.00	0.0	0.000	0.221	78.7	90	75.5	84.0	20.45	 .0713	0.000	698	1	100.0	30
07/04/19	6:00	75.6	75.8	75.5	95	74.1	0.0	---	0.00	0.0	---	75.6	79.1	79.1	77.9	29.851	0.00	0.00	21	0.90	53	0.0	0.00	0.0	0.000	0.221	78.7	90	75.5	84.0	20.45	 .0714	0.000	700	1	100.0	30
07/04/19	6:30	76.4	76.5	75.6	96	75.2	0.0	NNW	0.00	1.0	NNW	76.4	80.6	80.6	83.5	29.860	0.00	0.00	81	3.48	97	0.0	0.00	0.0	0.000	0.238	78.9	91	76.0	84.7	21.03	 .0713	0.000	700	1	100.0	30
07/04/19	7:00	77.0	77.1	76.4	96	75.8	0.0	NNW	0.00	1.0	NNW	77.0	81.7	81.7	84.2	29.865	0.00	0.00	83	3.57	97	0.5	0.11	0.7	0.000	0.250	79.2	91	76.3	85.4	21.03	 .0713	0.002	701	1	100.0	30
07/04/19	7:30	77.4	77.5	77.0	96	76.2	0.0	NNW	0.00	1.0	NNW	77.4	82.5	82.5	83.7	29.873	0.00	0.00	57	2.45	67	0.7	0.15	1.2	0.000	0.258	79.4	92	76.9	86.1	21.14	 .0712	0.000	702	1	100.0	30
07/04/19	8:00	79.3	79.3	77.4	96	78.1	0.0	NNW	0.00	1.0	NNW	79.3	87.0	87.0	95.9	29.884	0.00	0.00	348	14.97	524	1.9	0.41	3.0	0.000	0.298	79.9	93	77.7	87.7	21.25	 .0711	0.005	702	1	100.0	30
07/04/19	8:30	82.5	82.5	79.3	88	78.6	1.0	SSW	0.50	5.0	SSW	82.5	93.1	93.1	105.0	29.882	0.00	0.00	579	24.90	679	3.7	0.79	4.4	0.000	0.365	81.1	91	78.2	90.1	20.96	 .0709	0.000	701	1	100.0	30
07/04/19	9:00	80.0	82.8	79.9	94	78.1	0.0	SSW	0.00	1.0	SSW	80.0	88.2	88.2	90.3	29.888	0.00	0.00	109	4.69	682	2.8	0.60	4.4	0.000	0.313	81.2	92	78.7	90.8	21.17	 .0709	0.009	700	1	100.0	30
07/04/19	9:30	81.7	81.8	79.9	93	79.5	0.0	SSW	0.00	1.0	SSW	81.7	92.6	92.6	97.2	29.888	0.00	0.00	213	9.16	279	4.0	0.86	6.4	0.000	0.348	81.6	93	79.4	92.3	21.28	 .0708	0.000	699	1	100.0	30
07/04/19	10:00	85.0	85.4	81.8	84	79.6	0.0	SSW	0.00	4.0	S	85.0	98.9	98.9	105.1	29.889	0.00	0.00	286	12.30	413	6.8	1.46	11.0	0.000	0.417	83.0	91	80.1	95.6	20.81	 .0705	0.007	699	1	100.0	30
07/04/19	10:30	84.7	86.4	84.6	83	79.0	1.0	S	0.50	4.0	S	84.7	97.6	97.6	105.7	29.882	0.00	0.00	383	16.47	464	7.9	1.69	12.2	0.000	0.410	84.9	86	80.2	99.6	18.06	 .0703	0.000	700	1	100.0	30
07/04/19	11:00	86.4	86.6	84.6	79	79.1	2.0	SSW	1.00	5.0	SW	86.4	100.6	100.6	111.4	29.862	0.00	0.00	539	23.18	904	9.2	1.97	14.3	0.000	0.446	85.7	80	78.8	99.1	15.72	 .0702	0.013	700	1	100.0	30
07/04/19	11:30	87.1	87.9	86.2	75	78.2	2.0	SSW	1.00	5.0	S	87.1	100.6	100.6	113.4	29.856	0.00	0.00	743	31.95	1297	11.1	2.38	16.0	0.000	0.460	87.2	77	79.1	102.0	14.72	 .0700	0.000	700	1	100.0	30
07/04/19	12:00	86.4	88.5	85.9	77	78.3	2.0	SSW	1.00	7.0	SSW	86.4	99.6	99.6	112.5	29.842	0.00	0.00	884	38.02	1369	12.0	2.57	15.6	0.000	0.446	88.2	75	79.3	103.8	14.12	 .0698	0.023	701	1	100.0	30
07/04/19	12:30	88.1	89.2	85.4	74	78.8	2.0	S	1.00	6.0	S	88.1	102.9	102.9	115.7	29.824	0.00	0.00	766	32.94	1260	11.1	2.38	14.6	0.000	0.481	88.6	73	78.8	103.8	13.48	 .0697	0.000	701	1	100.0	30
07/04/19	13:00	88.9	89.9	86.9	71	78.3	2.0	SSE	1.00	6.0	S	88.9	103.4	103.4	114.8	29.811	0.00	0.00	921	39.61	1201	11.7	2.51	13.7	0.000	0.498	89.3	71	78.7	104.6	12.85	 .0696	0.023	701	1	100.0	30
07/04/19	13:30	88.2	90.6	88.1	72	78.0	2.0	SE	1.00	7.0	ESE	88.2	102.1	102.1	115.6	29.801	0.00	0.00	970	41.72	1032	11.2	2.40	12.2	0.000	0.483	90.2	68	78.2	105.3	12.05	 .0695	0.000	702	1	100.0	30
07/04/19	14:00	88.8	89.5	88.1	71	78.2	3.0	SE	1.50	8.0	ESE	88.8	103.2	103.2	117.1	29.787	0.00	0.00	885	38.06	923	9.3	1.99	10.2	0.000	0.496	90.2	68	78.2	105.3	12.05	 .0695	0.025	701	1	100.0	30
07/04/19	14:30	88.1	89.2	88.0	72	77.9	3.0	SE	1.50	8.0	SE	88.1	101.8	101.8	116.3	29.788	0.00	0.00	798	34.32	840	7.3	1.56	8.2	0.000	0.481	90.2	68	78.2	105.3	12.05	 .0695	0.000	696	1	100.0	30
07/04/19	15:00	87.9	88.7	87.4	72	77.7	2.0	SE	1.00	8.0	ESE	87.9	101.2	101.2	116.2	29.791	0.00	0.00	696	29.93	747	5.4	1.16	6.3	0.000	0.477	89.9	68	77.9	104.4	12.05	 .0696	0.021	701	1	100.0	30
07/04/19	15:30	87.4	88.8	87.1	74	78.1	2.0	SSW	1.00	6.0	S	87.4	100.9	100.9	116.6	29.785	0.00	0.00	587	25.24	642	3.7	0.79	4.5	0.000	0.467	90.0	68	78.0	104.7	12.05	 .0695	0.000	701	1	100.0	30
07/04/19	16:00	86.7	87.7	86.4	75	77.8	2.0	ESE	1.00	7.0	SE	86.7	99.5	99.5	114.8	29.782	0.00	0.00	464	19.95	526	2.2	0.47	2.9	0.000	0.452	89.7	69	78.2	104.5	12.35	 .0696	0.014	700	1	100.0	30
07/04/19	16:30	85.2	87.0	85.2	80	78.3	2.0	S	1.00	6.0	SSE	85.2	97.7	97.7	103.5	29.780	0.00	0.00	165	7.10	388	0.8	0.17	1.6	0.000	0.421	89.0	70	77.9	103.1	12.55	 .0697	0.000	700	1	100.0	30
07/04/19	17:00	83.1	85.2	83.1	86	78.5	1.0	E	0.50	5.0	ESE	83.1	94.1	94.1	93.5	29.787	0.00	0.00	35	1.51	63	0.1	0.02	0.6	0.000	0.377	86.9	75	78.0	100.0	14.17	 .0699	0.003	699	1	100.0	30
07/04/19	17:30	81.8	83.1	81.8	89	78.2	0.0	E	0.00	1.0	E	81.8	91.5	91.5	90.7	29.797	0.00	0.00	24	1.03	26	0.0	0.00	0.0	0.000	0.350	85.1	79	77.8	96.9	15.44	 .0702	0.000	699	1	100.0	30
07/04/19	18:00	80.3	81.8	80.3	90	77.1	0.0	---	0.00	0.0	---	80.3	87.8	87.8	86.5	29.792	0.00	0.00	5	0.22	21	0.0	0.00	0.0	0.000	0.319	84.1	81	77.6	95.0	16.19	 .0703	0.000	701	1	100.0	30
07/04/19	18:30	79.4	80.3	79.3	91	76.5	0.0	---	0.00	0.0	---	79.4	85.9	85.9	84.4	29.806	0.00	0.00	0	0.00	0	0.0	0.00	0.0	0.000	0.300	83.2	83	77.5	93.4	16.92	 .0705	0.000	701	1	100.0	30
07/04/19	19:00	78.3	79.4	78.2	92	75.8	0.0	---	0.00	0.0	---	78.3	83.6	83.6	82.0	29.814	0.00	0.00	0	0.00	0	0.0	0.00	0.0	0.000	0.277	82.7	83	77.0	92.1	16.94	 .0706	0.000	702	1	100.0	30
07/04/19	19:30	77.9	78.3	77.8	93	75.7	0.0	---	0.00	0.0	---	77.9	83.0	83.0	81.4	29.826	0.00	0.00	0	0.00	0	0.0	0.00	0.0	0.000	0.269	82.1	84	76.8	90.9	17.37	 .0707	0.000	696	1	100.0	30
07/04/19	20:00	77.8	77.9	77.7	93	75.6	0.0	E	0.00	1.0	E	77.8	82.8	82.8	81.2	29.834	0.00	0.00	0	0.00	0	0.0	0.00	0.0	0.000	0.267	81.5	85	76.6	89.7	17.86	 .0709	0.000	700	1	100.0	30
07/04/19	20:30	77.9	78.0	77.8	94	76.0	0.0	E	0.00	1.0	E	77.9	83.2	83.2	81.7	29.844	0.00	0.00	0	0.00	0	0.0	0.00	0.0	0.000	0.269	81.3	86	76.7	89.4	18.27	 .0709	0.000	698	1	100.0	30
07/04/19	21:00	78.2	78.2	77.9	93	76.0	0.0	E	0.00	3.0	NNE	78.2	83.6	83.6	82.1	29.848	0.00	0.00	0	0.00	0	0.0	0.00	0.0	0.000	0.275	81.2	87	77.0	89.4	18.68	 .0709	0.000	701	1	100.0	30
07/04/19	21:30	77.6	78.2	77.6	94	75.7	0.0	WNW	0.00	1.0	WNW	77.6	82.6	82.6	81.0	29.846	0.00	0.00	0	0.00	0	0.0	0.00	0.0	0.000	0.262	81.2	87	77.0	89.4	18.68	 .0709	0.000	702	1	100.0	30
07/04/19	22:00	77.2	77.6	77.1	94	75.3	0.0	---	0.00	0.0	---	77.2	81.7	81.7	80.1	29.853	0.00	0.00	0	0.00	0	0.0	0.00	0.0	0.000	0.254	81.1	87	76.9	89.1	18.68	 .0709	0.000	699	1	100.0	30
07/04/19	22:30	76.9	77.2	76.9	94	75.0	0.0	WNW	0.00	1.0	WNW	76.9	81.1	81.1	79.5	29.852	0.00	0.00	0	0.00	0	0.0	0.00	0.0	0.000	0.248	80.9	87	76.7	88.6	18.70	 .0710	0.000	699	1	100.0	30
07/04/19	23:00	76.4	76.9	76.4	95	74.9	0.0	---	0.00	0.0	---	76.4	80.4	80.4	78.8	29.844	0.00	0.00	0	0.00	0	0.0	0.00	0.0	0.000	0.238	80.7	87	76.5	88.1	18.71	 .0710	0.000	698	1	100.0	30
07/04/19	23:30	76.2	76.5	76.2	95	74.7	0.0	---	0.00	0.0	---	76.2	80.1	80.1	78.5	29.838	0.00	0.00	0	0.00	0	0.0	0.00	0.0	0.000	0.233	80.5	87	76.3	87.7	18.72	 .0710	0.000	701	1	100.0	30
08/04/19	00:00	76.3	76.3	76.1	95	74.8	0.0	---	0.00	0.0	---	76.3	80.2	80.2	78.6	29.831	0.00	0.00	0	0.00	0	0.0	0.00	0.0	0.000	0.235	80.2	87	76.0	86.9	18.74	 .0711	0.000	700	1	100.0	30
08/04/19	0:30	76.5	76.6	76.3	95	75.0	0.0	---	0.00	0.0	---	76.5	80.6	80.6	79.0	29.819	0.00	0.00	0	0.00	0	0.0	0.00	0.0	0.000	0.240	80.1	88	76.2	86.9	19.34	 .0710	0.000	700	1	100.0	30
08/04/19	1:00	76.7	76.7	76.5	95	75.2	0.0	---	0.00	0.0	---	76.7	81.0	81.0	79.4	29.810	0.00	0.00	0	0.00	0	0.0	0.00	0.0	0.000	0.244	80.0	89	76.5	86.8	19.95	 .0710	0.000	700	1	100.0	30
08/04/19	1:30	76.7	76.8	76.6	95	75.2	0.0	---	0.00	0.0	---	76.7	81.0	81.0	79.4	29.804	0.00	0.00	0	0.00	0	0.0	0.00	0.0	0.000	0.244	79.9	89	76.4	86.6	19.95	 .0710	0.000	702	1	100.0	30
08/04/19	2:00	76.5	76.7	76.5	95	75.0	0.0	---	0.00	0.0	---	76.5	80.6	80.6	79.0	29.795	0.00	0.00	0	0.00	0	0.0	0.00	0.0	0.000	0.240	79.9	89	76.4	86.6	19.95	 .0710	0.000	700	1	100.0	30
08/04/19	2:30	76.5	76.6	76.4	95	75.0	0.0	---	0.00	0.0	---	76.5	80.6	80.6	79.0	29.784	0.00	0.00	0	0.00	0	0.0	0.00	0.0	0.000	0.240	79.7	89	76.2	86.1	19.95	 .0710	0.000	702	1	100.0	30
08/04/19	3:00	76.3	76.6	76.3	95	74.8	0.0	---	0.00	0.0	---	76.3	80.2	80.2	78.6	29.791	0.00	0.00	0	0.00	0	0.0	0.00	0.0	0.000	0.235	79.6	89	76.1	85.9	19.95	 .0710	0.000	701	1	100.0	30
08/04/19	3:30	76.6	76.6	76.3	96	75.4	0.0	---	0.00	0.0	---	76.6	80.9	80.9	79.3	29.792	0.00	0.00	0	0.00	0	0.0	0.00	0.0	0.000	0.242	79.5	90	76.3	85.8	20.45	 .0710	0.000	700	1	100.0	30
08/04/19	4:00	76.6	76.7	76.4	95	75.1	0.0	WNW	0.00	1.0	WNW	76.6	80.8	80.8	79.2	29.794	0.00	0.00	0	0.00	0	0.0	0.00	0.0	0.000	0.242	79.4	90	76.2	85.6	20.45	 .0711	0.000	700	1	100.0	30
08/04/19	4:30	76.4	76.7	76.4	96	75.2	0.0	NW	0.00	1.0	NW	76.4	80.6	80.6	79.0	29.796	0.00	0.00	0	0.00	0	0.0	0.00	0.0	0.000	0.238	79.3	90	76.1	85.4	20.45	 .0711	0.000	698	1	100.0	30
08/04/19	5:00	76.3	76.4	76.2	95	74.8	0.0	---	0.00	0.0	---	76.3	80.2	80.2	78.6	29.804	0.00	0.00	0	0.00	0	0.0	0.00	0.0	0.000	0.235	79.3	90	76.1	85.4	20.45	 .0711	0.000	700	1	100.0	30
08/04/19	5:30	76.2	76.3	76.2	95	74.7	0.0	---	0.00	0.0	---	76.2	80.1	80.1	78.5	29.806	0.00	0.00	1	0.04	7	0.0	0.00	0.0	0.000	0.233	79.2	90	76.0	85.2	20.45	 .0711	0.000	700	1	100.0	30
08/04/19	6:00	76.6	76.6	76.1	96	75.4	0.0	---	0.00	0.0	---	76.6	80.9	80.9	79.8	29.808	0.00	0.00	22	0.95	30	0.0	0.00	0.0	0.000	0.242	79.2	91	76.3	85.4	21.03	 .0711	0.000	703	1	100.0	30
08/04/19	6:30	77.3	77.3	76.6	96	76.1	0.0	---	0.00	0.0	---	77.3	82.3	82.3	83.5	29.816	0.00	0.00	42	1.81	54	0.0	0.00	0.0	0.000	0.256	79.4	92	76.9	86.1	21.14	 .0711	0.000	699	1	100.0	30
08/04/19	7:00	77.9	77.9	77.3	95	76.4	0.0	---	0.00	0.0	---	77.9	83.4	83.4	85.3	29.835	0.00	0.00	67	2.88	74	0.5	0.11	0.8	0.000	0.269	79.8	92	77.3	87.1	21.15	 .0710	0.001	700	1	100.0	30
08/04/19	7:30	78.5	78.6	77.9	95	76.9	0.0	---	0.00	0.0	---	78.5	84.8	84.8	86.9	29.843	0.00	0.00	83	3.57	93	1.2	0.26	1.5	0.000	0.281	80.2	92	77.7	88.1	21.15	 .0710	0.000	700	1	100.0	30
08/04/19	8:00	83.1	83.1	78.5	88	79.2	0.0	NW	0.00	2.0	NW	83.1	94.8	94.8	104.3	29.850	0.00	0.00	376	16.17	575	2.4	0.51	3.2	0.000	0.377	80.7	90	77.5	88.7	20.39	 .0709	0.006	701	1	100.0	30
08/04/19	8:30	85.7	85.9	82.5	80	78.8	1.0	SSW	0.50	3.0	SW	85.7	99.1	99.1	110.5	29.854	0.00	0.00	534	22.96	721	3.9	0.84	4.8	0.000	0.431	82.2	88	78.3	92.3	19.13	 .0707	0.000	698	1	100.0	30
08/04/19	9:00	87.9	87.9	85.6	80	81.0	1.0	SSW	0.50	7.0	WSW	87.9	105.9	105.9	116.9	29.850	0.00	0.00	537	23.09	800	5.1	1.09	7.0	0.000	0.477	83.6	85	78.6	95.2	17.73	 .0705	0.014	703	1	100.0	30
08/04/19	9:30	88.8	89.3	87.6	72	78.6	2.0	ENE	1.00	7.0	W	88.8	103.8	103.8	116.1	29.844	0.00	0.00	829	35.65	914	7.9	1.69	9.1	0.000	0.496	85.6	80	78.7	98.8	15.73	 .0702	0.000	701	1	100.0	30
08/04/19	10:00	87.4	88.8	86.2	74	78.1	1.0	SSW	0.50	6.0	SSW	87.4	100.9	100.9	107.7	29.842	0.00	0.00	316	13.59	947	6.8	1.46	9.6	0.000	0.467	85.9	78	78.2	98.7	15.08	 .0702	0.016	697	1	100.0	30
08/04/19	10:30	87.8	89.1	85.5	76	79.3	2.0	SSW	1.00	8.0	WSW	87.8	103.2	103.2	112.2	29.843	0.00	0.00	433	18.62	1190	7.5	1.61	12.0	0.000	0.475	86.9	78	79.2	101.6	15.00	 .0700	0.000	702	1	100.0	30
08/04/19	11:00	85.2	87.7	85.0	81	78.7	1.0	SSW	0.50	5.0	S	85.2	98.1	98.1	103.8	29.835	0.00	0.00	257	11.05	318	4.5	0.96	5.7	0.000	0.421	85.9	79	78.6	99.1	15.40	 .0701	0.010	699	1	100.0	30
08/04/19	11:30	87.0	87.5	85.1	78	79.3	1.0	S	0.50	5.0	S	87.0	101.9	101.9	112.9	29.821	0.00	0.00	554	23.83	944	8.9	1.91	12.5	0.000	0.458	86.7	77	78.6	100.5	14.75	 .0700	0.000	702	1	100.0	30
08/04/19	12:00	87.1	87.5	86.6	77	79.0	2.0	SSW	1.00	4.0	SSW	87.1	101.7	101.7	113.1	29.804	0.00	0.00	591	25.42	974	9.1	1.95	12.2	0.000	0.460	87.2	77	79.1	102.0	14.72	 .0699	0.016	700	1	100.0	30
08/04/19	12:30	87.4	87.4	86.3	77	79.3	1.0	S	0.50	6.0	ESE	87.4	102.6	102.6	112.6	29.788	0.00	0.00	497	21.37	773	7.8	1.67	10.1	0.000	0.467	87.2	76	78.7	101.4	14.42	 .0699	0.000	700	1	100.0	30
08/04/19	13:00	90.0	90.6	87.4	74	80.6	2.0	SE	1.00	6.0	ESE	90.0	108.7	108.7	121.6	29.776	0.00	0.00	1016	43.69	1155	11.9	2.55	13.1	0.000	0.521	89.6	75	80.6	108.1	14.07	 .0694	0.020	701	1	100.0	30
08/04/19	13:30	90.6	90.6	88.9	74	81.2	2.0	ENE	1.00	7.0	SE	90.6	110.7	110.7	122.5	29.764	0.00	0.00	849	36.51	1049	10.1	2.16	12.0	0.000	0.533	89.9	72	79.7	107.1	13.15	 .0694	0.000	703	1	100.0	30
08/04/19	14:00	88.3	90.8	87.4	75	79.4	2.0	SSE	1.00	7.0	S	88.3	104.1	104.1	114.8	29.754	0.00	0.00	512	22.02	731	6.7	1.44	8.8	0.000	0.485	89.2	72	79.0	104.9	13.17	 .0695	0.019	699	1	100.0	30
08/04/19	14:30	88.7	89.6	87.5	75	79.8	2.0	SE	1.00	10.0	SSW	88.7	105.3	105.3	117.3	29.756	0.00	0.00	648	27.87	788	6.3	1.35	7.1	0.000	0.494	89.2	73	79.4	105.6	13.47	 .0695	0.000	702	1	100.0	30
08/04/19	15:00	89.6	90.6	88.5	74	80.2	2.0	S	1.00	8.0	ENE	89.6	107.5	107.5	126.3	29.754	0.00	0.00	847	36.43	918	6.1	1.31	6.8	0.000	0.512	90.4	70	79.3	107.2	12.54	 .0693	0.020	700	1	100.0	30
08/04/19	15:30	88.7	90.4	87.9	76	80.2	2.0	ESE	1.00	9.0	SSE	88.7	106.0	106.0	124.3	29.748	0.00	0.00	676	29.07	802	4.0	0.86	5.1	0.000	0.494	90.5	70	79.4	107.5	12.54	 .0693	0.000	699	1	100.0	30
08/04/19	16:00	87.4	89.0	87.2	77	79.3	2.0	SE	1.00	9.0	SSE	87.4	102.6	102.6	119.4	29.754	0.00	0.00	505	21.72	599	2.3	0.49	3.1	0.000	0.467	89.9	70	78.8	105.7	12.55	 .0694	0.016	702	1	100.0	30
08/04/19	16:30	86.2	87.5	86.2	78	78.5	2.0	ESE	1.00	8.0	SE	86.2	99.5	99.5	106.1	29.764	0.00	0.00	183	7.87	424	1.0	0.21	1.6	0.000	0.442	89.0	71	78.4	103.7	12.85	 .0696	0.000	699	1	100.0	30
08/04/19	17:00	85.7	86.4	85.7	80	78.8	2.0	S	1.00	8.0	SSE	85.7	99.1	99.1	100.1	29.766	0.00	0.00	111	4.77	134	0.2	0.04	0.6	0.000	0.431	87.7	74	78.4	101.8	13.80	 .0698	0.005	700	1	100.0	30
08/04/19	17:30	84.4	85.7	84.4	83	78.7	1.0	SSE	0.50	7.0	SE	84.4	96.7	96.7	96.2	29.776	0.00	0.00	41	1.76	70	0.0	0.00	0.0	0.000	0.404	86.7	77	78.6	100.5	14.75	 .0699	0.000	699	1	100.0	30
08/04/19	18:00	82.4	84.4	82.4	87	78.1	0.0	ESE	0.00	3.0	SSE	82.4	92.5	92.5	91.3	29.799	0.00	0.00	7	0.30	18	0.0	0.00	0.0	0.000	0.363	85.4	80	78.5	98.2	15.73	 .0701	0.001	702	1	100.0	30
08/04/19	18:30	81.8	82.4	81.7	89	78.2	0.0	SSE	0.00	1.0	SSE	81.8	91.5	91.5	90.1	29.802	0.00	0.00	0	0.00	0	0.0	0.00	0.0	0.000	0.350	84.7	82	78.6	97.2	16.56	 .0702	0.000	701	1	100.0	30
08/04/19	19:00	80.9	81.8	80.9	90	77.7	0.0	SSE	0.00	1.0	SSE	80.9	89.3	89.3	87.9	29.805	0.00	0.00	0	0.00	0	0.0	0.00	0.0	0.000	0.331	84.1	83	78.4	95.9	16.89	 .0703	0.000	701	1	100.0	30
08/04/19	19:30	80.5	80.9	80.5	91	77.6	0.0	---	0.00	0.0	---	80.5	88.6	88.6	87.2	29.811	0.00	0.00	0	0.00	0	0.0	0.00	0.0	0.000	0.323	83.7	84	78.3	95.1	17.30	 .0704	0.000	702	1	100.0	30
08/04/19	20:00	79.8	80.5	79.8	92	77.3	0.0	---	0.00	0.0	---	79.8	87.1	87.1	85.7	29.819	0.00	0.00	0	0.00	0	0.0	0.00	0.0	0.000	0.308	83.3	85	78.3	94.4	17.75	 .0705	0.000	703	1	100.0	30
08/04/19	20:30	79.7	79.9	79.6	93	77.5	0.0	---	0.00	0.0	---	79.7	87.2	87.2	85.8	29.835	0.00	0.00	0	0.00	0	0.0	0.00	0.0	0.000	0.306	83.1	86	78.5	94.1	18.16	 .0705	0.000	700	1	100.0	30
08/04/19	21:00	79.7	79.7	79.6	93	77.5	0.0	---	0.00	0.0	---	79.7	87.2	87.2	85.8	29.851	0.00	0.00	0	0.00	0	0.0	0.00	0.0	0.000	0.306	82.8	86	78.2	93.3	18.18	 .0706	0.000	696	1	100.0	30
08/04/19	21:30	79.6	79.7	79.5	93	77.4	0.0	---	0.00	0.0	---	79.6	86.9	86.9	85.5	29.847	0.00	0.00	0	0.00	0	0.0	0.00	0.0	0.000	0.304	82.7	86	78.1	93.0	18.19	 .0706	0.000	699	1	100.0	30
08/04/19	22:00	79.2	79.6	79.2	93	77.0	0.0	---	0.00	0.0	---	79.2	85.9	85.9	84.4	29.851	0.00	0.00	0	0.00	0	0.0	0.00	0.0	0.000	0.296	82.5	87	78.2	92.8	18.60	 .0706	0.000	700	1	100.0	30
08/04/19	22:30	78.7	79.3	78.7	93	76.5	0.0	SSE	0.00	1.0	SSE	78.7	84.7	84.7	83.2	29.849	0.00	0.00	0	0.00	0	0.0	0.00	0.0	0.000	0.285	82.1	87	77.8	91.7	18.62	 .0707	0.000	703	1	100.0	30
08/04/19	23:00	78.7	78.8	78.6	94	76.8	0.0	SSE	0.00	1.0	SSE	78.7	85.0	85.0	83.5	29.843	0.00	0.00	0	0.00	0	0.0	0.00	0.0	0.000	0.285	81.7	88	77.8	90.9	19.18	 .0708	0.000	701	1	100.0	30
08/04/19	23:30	78.5	78.7	78.4	94	76.6	0.0	---	0.00	0.0	---	78.5	84.5	84.5	83.0	29.831	0.00	0.00	0	0.00	0	0.0	0.00	0.0	0.000	0.281	81.7	88	77.8	90.9	19.18	 .0707	0.000	699	1	100.0	30
09/04/19	00:00	78.3	78.5	78.1	94	76.4	0.0	---	0.00	0.0	---	78.3	84.1	84.1	82.6	29.837	0.00	0.00	0	0.00	0	0.0	0.00	0.0	0.000	0.277	81.5	88	77.6	90.4	19.20	 .0708	0.000	700	1	100.0	30
09/04/19	0:30	78.5	78.5	78.2	94	76.6	0.0	SSE	0.00	4.0	SSE	78.5	84.5	84.5	83.0	29.813	0.00	0.00	0	0.00	0	0.0	0.00	0.0	0.000	0.281	81.3	89	77.7	90.1	19.82	 .0707	0.000	699	1	100.0	30
09/04/19	1:00	79.5	79.6	78.5	92	77.0	1.0	N	0.50	4.0	NW	79.5	86.4	86.4	84.9	29.808	0.00	0.00	0	0.00	0	0.0	0.00	0.0	0.000	0.302	81.5	89	77.9	90.7	19.80	 .0707	0.000	697	1	100.0	30
09/04/19	1:30	78.9	79.5	78.9	93	76.7	0.0	NE	0.00	2.0	NE	78.9	85.2	85.2	83.7	29.803	0.00	0.00	0	0.00	0	0.0	0.00	0.0	0.000	0.290	81.5	89	77.9	90.7	19.80	 .0707	0.000	703	1	100.0	30
09/04/19	2:00	78.9	78.9	78.7	94	77.0	0.0	NE	0.00	1.0	NE	78.9	85.4	85.4	84.0	29.799	0.00	0.00	0	0.00	0	0.0	0.00	0.0	0.000	0.290	81.4	89	77.8	90.4	19.81	 .0707	0.000	702	1	100.0	30
09/04/19	2:30	78.9	79.1	78.8	94	77.0	0.0	NE	0.00	2.0	NE	78.9	85.4	85.4	84.0	29.795	0.14	1.42	0	0.00	0	0.0	0.00	0.0	0.000	0.290	81.0	90	77.8	89.5	20.37	 .0707	0.000	701	1	100.0	30
09/04/19	3:00	78.2	78.9	78.2	95	76.6	0.0	NE	0.00	4.0	SW	78.2	84.1	84.1	82.6	29.799	0.28	1.26	0	0.00	0	0.0	0.00	0.0	0.000	0.275	81.0	90	77.8	89.5	20.37	 .0708	0.000	699	1	100.0	30
09/04/19	3:30	77.4	78.2	77.4	94	75.5	1.0	WSW	0.50	7.0	W	77.4	82.1	82.1	80.5	29.808	0.02	0.26	0	0.00	0	0.0	0.00	0.0	0.000	0.258	80.8	89	77.3	88.8	19.87	 .0708	0.000	701	1	100.0	30
09/04/19	4:00	76.3	77.4	76.3	95	74.8	1.0	ESE	0.50	6.0	ESE	76.3	80.2	80.2	78.6	29.807	0.08	0.51	0	0.00	0	0.0	0.00	0.0	0.000	0.235	79.9	89	76.4	86.6	19.95	 .0710	0.000	701	1	100.0	30
09/04/19	4:30	76.4	76.5	76.3	95	74.9	0.0	S	0.00	2.0	S	76.4	80.4	80.4	78.8	29.814	0.02	0.07	0	0.00	0	0.0	0.00	0.0	0.000	0.238	79.8	89	76.3	86.4	19.95	 .0711	0.000	699	1	100.0	30
09/04/19	5:00	76.3	76.5	76.2	95	74.8	0.0	S	0.00	2.0	S	76.3	80.2	80.2	78.6	29.814	0.01	0.04	0	0.00	0	0.0	0.00	0.0	0.000	0.235	79.7	90	76.5	86.3	20.45	 .0711	0.000	703	1	100.0	30
09/04/19	5:30	76.1	76.3	76.1	95	74.6	0.0	S	0.00	1.0	S	76.1	79.9	79.9	78.3	29.818	0.02	0.00	0	0.00	0	0.0	0.00	0.0	0.000	0.231	79.2	90	76.0	85.2	20.45	 .0712	0.000	699	1	100.0	30
09/04/19	6:00	76.2	76.3	76.1	95	74.7	0.0	S	0.00	1.0	S	76.2	80.1	80.1	78.5	29.819	0.03	0.09	0	0.00	0	0.0	0.00	0.0	0.000	0.233	79.3	90	76.1	85.4	20.45	 .0712	0.000	702	1	100.0	30
09/04/19	6:30	76.5	76.5	76.1	96	75.3	0.0	---	0.00	0.0	---	76.5	80.8	80.8	80.4	29.841	0.02	0.08	10	0.43	21	0.0	0.00	0.0	0.000	0.240	79.3	91	76.4	85.6	21.04	 .0712	0.000	702	1	100.0	30
09/04/19	7:00	77.1	77.1	76.4	96	75.9	0.0	---	0.00	0.0	---	77.1	81.9	81.9	82.9	29.844	0.01	0.00	45	1.94	60	0.0	0.00	0.0	0.000	0.252	79.5	91	76.6	86.1	21.04	 .0711	0.001	703	1	100.0	30
09/04/19	7:30	77.5	77.6	77.1	96	76.3	0.0	S	0.00	1.0	S	77.5	82.8	82.8	84.4	29.845	0.00	0.00	70	3.01	77	0.3	0.06	0.6	0.000	0.260	79.8	92	77.3	87.1	21.15	 .0711	0.000	697	1	100.0	30
09/04/19	8:00	77.8	78.0	77.5	96	76.6	0.0	S	0.00	1.0	S	77.8	83.4	83.4	84.8	29.857	0.00	0.00	72	3.10	86	0.6	0.13	0.8	0.000	0.267	79.9	92	77.4	87.4	21.15	 .0711	0.002	700	1	100.0	30
09/04/19	8:30	78.5	78.6	77.8	96	77.3	0.0	S	0.00	1.0	S	78.5	85.0	85.0	87.5	29.861	0.00	0.00	120	5.16	171	1.2	0.26	1.7	0.000	0.281	80.4	92	77.9	88.6	21.16	 .0710	0.000	702	1	100.0	30
09/04/19	9:00	79.5	79.6	78.6	96	78.3	0.0	S	0.00	1.0	S	79.5	87.5	87.5	92.6	29.870	0.00	0.00	228	9.81	262	2.4	0.51	2.9	0.000	0.302	81.3	92	78.8	91.1	21.18	 .0708	0.004	700	1	100.0	30
09/04/19	9:30	80.1	80.6	79.4	94	78.2	0.0	S	0.00	1.0	S	80.1	88.5	88.5	94.4	29.872	0.01	0.00	271	11.65	308	3.1	0.66	3.4	0.000	0.315	82.2	91	79.3	93.3	20.87	 .0707	0.000	701	1	100.0	30
09/04/19	10:00	81.3	81.5	80.0	92	78.8	0.0	NE	0.00	2.0	S	81.3	91.1	91.1	98.1	29.866	0.00	0.00	329	14.15	431	4.1	0.88	5.4	0.000	0.340	82.8	90	79.6	94.6	20.23	 .0705	0.007	701	1	100.0	30
09/04/19	10:30	83.3	83.5	81.3	89	79.7	1.0	N	0.50	3.0	NNE	83.3	95.8	95.8	106.1	29.851	0.00	0.00	510	21.93	619	6.7	1.44	7.8	0.000	0.381	83.9	88	80.0	97.3	18.96	 .0703	0.000	703	1	100.0	30
09/04/19	11:00	83.6	84.5	83.2	87	79.3	1.0	SSW	0.50	5.0	SSW	83.6	96.0	96.0	108.0	29.840	0.00	0.00	639	27.48	838	8.6	1.84	10.2	0.000	0.387	85.2	86	80.5	100.5	18.04	 .0701	0.015	700	1	100.0	30
09/04/19	11:30	83.6	84.8	83.3	87	79.3	1.0	SE	0.50	4.0	SSW	83.6	96.0	96.0	107.6	29.829	0.00	0.00	596	25.63	707	8.7	1.86	9.8	0.000	0.387	85.8	85	80.8	102.0	17.60	 .0700	0.000	701	1	100.0	30
09/04/19	12:00	85.4	85.4	83.5	85	80.4	1.0	SE	0.50	4.0	SSW	85.4	100.7	100.7	112.8	29.808	0.00	0.00	647	27.82	865	9.4	2.01	11.6	0.000	0.425	86.0	83	80.2	101.5	16.81	 .0699	0.016	699	1	100.0	30
09/04/19	12:30	85.0	85.9	84.6	83	79.3	2.0	SSW	1.00	6.0	S	85.0	98.5	98.5	110.7	29.800	0.00	0.00	665	28.60	795	9.1	1.95	10.4	0.000	0.417	86.7	80	79.8	102.1	15.68	 .0699	0.000	701	1	100.0	30
09/04/19	13:00	85.8	86.2	84.5	81	79.3	2.0	S	1.00	7.0	ESE	85.8	99.9	99.9	112.0	29.788	0.00	0.00	663	28.51	816	8.5	1.82	9.6	0.000	0.433	87.1	80	80.2	103.3	15.67	 .0697	0.018	700	1	100.0	30
09/04/19	13:30	85.7	86.5	85.1	82	79.6	1.0	SSW	0.50	6.0	ESE	85.7	100.1	100.1	111.9	29.794	0.00	0.00	623	26.79	766	7.6	1.63	8.9	0.000	0.431	87.4	80	80.5	104.3	15.65	 .0697	0.000	701	1	100.0	30
09/04/19	14:00	85.4	85.6	84.8	84	80.0	1.0	SSE	0.50	4.0	S	85.4	100.2	100.2	110.7	29.787	0.00	0.00	492	21.16	613	5.7	1.22	6.9	0.000	0.425	87.2	78	79.5	102.5	14.97	 .0698	0.015	701	1	100.0	30
09/04/19	14:30	84.1	85.4	84.1	84	78.7	2.0	SE	1.00	7.0	SE	84.1	96.3	96.3	104.8	29.777	0.00	0.00	357	15.35	452	3.9	0.84	4.9	0.000	0.398	86.3	79	79.0	100.3	15.37	 .0699	0.000	700	1	100.0	30
09/04/19	15:00	83.6	84.2	83.6	85	78.6	1.0	SE	0.50	7.0	SSE	83.6	95.2	95.2	101.9	29.768	0.00	0.00	245	10.54	267	2.5	0.54	2.9	0.000	0.387	85.5	80	78.6	98.5	15.73	 .0700	0.008	699	1	100.0	30
09/04/19	15:30	83.4	83.7	83.2	86	78.8	1.0	SE	0.50	4.0	SE	83.4	95.0	95.0	100.8	29.770	0.00	0.00	186	8.00	214	1.6	0.34	2.0	0.000	0.383	85.0	81	78.5	97.6	16.15	 .0701	0.000	702	1	100.0	30
09/04/19	16:00	82.6	83.4	82.1	88	78.7	1.0	SSE	0.50	4.0	SSE	82.6	93.4	93.4	98.3	29.774	0.00	0.00	138	5.93	169	1.0	0.21	1.3	0.000	0.367	84.6	84	79.2	97.8	17.27	 .0701	0.004	699	1	100.0	30
09/04/19	16:30	82.6	83.1	82.3	89	79.0	0.0	SSE	0.00	6.0	ESE	82.6	93.7	93.7	97.5	29.771	0.00	0.00	96	4.13	120	0.3	0.06	0.7	0.000	0.367	84.5	85	79.5	97.9	17.68	 .0701	0.000	701	1	100.0	30
09/04/19	17:00	82.1	83.0	82.1	92	79.5	0.0	SSE	0.00	2.0	SSE	82.1	93.4	93.4	94.0	29.778	0.00	0.00	76	3.27	93	0.0	0.00	0.0	0.000	0.356	84.3	87	80.0	98.1	18.49	 .0701	0.002	700	1	100.0	30
09/04/19	17:30	81.1	82.1	81.1	93	78.9	0.0	NE	0.00	1.0	NE	81.1	90.9	90.9	90.4	29.784	0.00	0.00	28	1.20	56	0.0	0.00	0.0	0.000	0.335	83.6	88	79.7	96.4	18.99	 .0702	0.000	700	1	100.0	30
09/04/19	18:00	80.3	81.2	80.2	93	78.1	0.0	NE	0.00	1.0	NE	80.3	88.7	88.7	87.6	29.802	0.00	0.00	2	0.09	11	0.0	0.00	0.0	0.000	0.319	82.9	89	79.3	94.6	19.66	 .0704	0.000	701	1	100.0	30
09/04/19	18:30	79.9	80.3	79.8	94	78.0	0.0	NE	0.00	1.0	NE	79.9	87.9	87.9	86.8	29.810	0.00	0.00	0	0.00	0	0.0	0.00	0.0	0.000	0.310	82.3	89	78.7	92.9	19.72	 .0705	0.000	701	1	100.0	30
09/04/19	19:00	79.3	79.9	79.3	94	77.4	0.0	NE	0.00	1.0	NE	79.3	86.4	86.4	85.2	29.813	0.00	0.00	0	0.00	0	0.0	0.00	0.0	0.000	0.298	82.0	89	78.4	92.0	19.75	 .0706	0.000	702	1	100.0	30
09/04/19	19:30	79.2	79.4	79.2	94	77.3	0.0	---	0.00	0.0	---	79.2	86.2	86.2	85.0	29.814	0.00	0.00	0	0.00	0	0.0	0.00	0.0	0.000	0.296	81.7	90	78.5	91.5	20.31	 .0706	0.000	698	1	100.0	30
09/04/19	20:00	79.1	79.3	79.0	94	77.2	0.0	NE	0.00	1.0	NE	79.1	85.9	85.9	84.7	29.820	0.00	0.00	0	0.00	0	0.0	0.00	0.0	0.000	0.294	81.6	90	78.4	91.2	20.32	 .0707	0.000	699	1	100.0	30
09/04/19	20:30	78.7	79.1	78.7	94	76.8	0.0	---	0.00	0.0	---	78.7	85.0	85.0	83.7	29.828	0.00	0.00	0	0.00	0	0.0	0.00	0.0	0.000	0.285	81.4	90	78.2	90.6	20.34	 .0707	0.000	702	1	100.0	30
09/04/19	21:00	78.4	78.7	78.3	95	76.8	0.0	---	0.00	0.0	---	78.4	84.5	84.5	83.2	29.837	0.00	0.00	0	0.00	0	0.0	0.00	0.0	0.000	0.279	81.2	90	78.0	90.1	20.35	 .0708	0.000	701	1	100.0	30
09/04/19	21:30	78.3	78.5	78.3	95	76.7	0.0	---	0.00	0.0	---	78.3	84.3	84.3	83.0	29.849	0.00	0.00	0	0.00	0	0.0	0.00	0.0	0.000	0.277	81.1	90	77.9	89.8	20.36	 .0709	0.000	702	1	100.0	30
09/04/19	22:00	78.1	78.3	78.1	95	76.6	0.0	---	0.00	0.0	---	78.1	83.8	83.8	82.5	29.857	0.00	0.00	0	0.00	0	0.0	0.00	0.0	0.000	0.273	80.9	91	78.0	89.6	20.98	 .0709	0.000	700	1	100.0	30
09/04/19	22:30	78.1	78.2	78.0	95	76.6	0.0	---	0.00	0.0	---	78.1	83.8	83.8	82.5	29.850	0.00	0.00	0	0.00	0	0.0	0.00	0.0	0.000	0.273	80.7	91	77.8	89.1	20.99	 .0709	0.000	701	1	100.0	30
09/04/19	23:00	77.8	78.1	77.8	95	76.3	0.0	---	0.00	0.0	---	77.8	83.2	83.2	81.9	29.845	0.00	0.00	0	0.00	0	0.0	0.00	0.0	0.000	0.267	80.7	91	77.8	89.1	20.99	 .0709	0.000	700	1	100.0	30
09/04/19	23:30	77.7	77.9	77.6	95	76.2	0.0	---	0.00	0.0	---	77.7	83.0	83.0	81.7	29.837	0.00	0.00	0	0.00	0	0.0	0.00	0.0	0.000	0.265	80.4	91	77.5	88.3	21.02	 .0709	0.000	702	1	100.0	30
10/04/19	00:00	77.5	77.7	77.5	95	76.0	0.0	---	0.00	0.0	---	77.5	82.6	82.6	81.3	29.821	0.00	0.00	0	0.00	0	0.0	0.00	0.0	0.000	0.260	80.3	91	77.4	88.1	21.03	 .0709	0.000	699	1	100.0	30
10/04/19	0:30	77.4	77.5	77.4	95	75.9	0.0	---	0.00	0.0	---	77.4	82.3	82.3	81.0	29.810	0.00	0.00	0	0.00	0	0.0	0.00	0.0	0.000	0.258	80.3	91	77.4	88.1	21.03	 .0709	0.000	701	1	100.0	30
10/04/19	1:00	77.4	77.5	77.3	96	76.2	0.0	---	0.00	0.0	---	77.4	82.5	82.5	81.2	29.806	0.00	0.00	0	0.00	0	0.0	0.00	0.0	0.000	0.258	80.2	91	77.3	87.8	21.03	 .0709	0.000	698	1	100.0	30
10/04/19	1:30	77.2	77.5	77.2	95	75.7	0.0	---	0.00	0.0	---	77.2	81.9	81.9	80.6	29.803	0.00	0.00	0	0.00	0	0.0	0.00	0.0	0.000	0.254	80.1	91	77.2	87.6	21.04	 .0709	0.000	701	1	100.0	30
10/04/19	2:00	77.1	77.3	77.1	96	75.9	0.0	NE	0.00	1.0	NE	77.1	81.9	81.9	80.6	29.794	0.00	0.00	0	0.00	0	0.0	0.00	0.0	0.000	0.252	79.8	91	76.9	86.8	21.05	 .0710	0.000	698	1	100.0	30
10/04/19	2:30	76.8	77.1	76.8	96	75.6	0.0	---	0.00	0.0	---	76.8	81.3	81.3	80.0	29.785	0.00	0.00	0	0.00	0	0.0	0.00	0.0	0.000	0.246	79.7	91	76.8	86.6	21.04	 .0710	0.000	701	1	100.0	30
10/04/19	3:00	76.7	76.8	76.5	96	75.5	0.0	---	0.00	0.0	---	76.7	81.1	81.1	79.8	29.788	0.00	0.00	0	0.00	0	0.0	0.00	0.0	0.000	0.244	79.5	91	76.6	86.1	21.04	 .0710	0.000	702	1	100.0	30
10/04/19	3:30	76.5	76.7	76.3	96	75.3	0.0	---	0.00	0.0	---	76.5	80.8	80.8	79.5	29.783	0.00	0.00	0	0.00	0	0.0	0.00	0.0	0.000	0.240	79.2	91	76.3	85.4	21.03	 .0711	0.000	701	1	100.0	30
10/04/19	4:00	76.5	76.6	76.4	96	75.3	0.0	---	0.00	0.0	---	76.5	80.8	80.8	79.5	29.785	0.00	0.00	0	0.00	0	0.0	0.00	0.0	0.000	0.240	79.3	92	76.8	85.9	21.14	 .0710	0.000	703	1	100.0	30
10/04/19	4:30	76.6	76.6	76.4	96	75.4	0.0	---	0.00	0.0	---	76.6	80.9	80.9	79.6	29.788	0.00	0.00	0	0.00	0	0.0	0.00	0.0	0.000	0.242	79.3	91	76.4	85.6	21.04	 .0710	0.000	700	1	100.0	30
10/04/19	5:00	76.5	76.6	76.4	96	75.3	0.0	---	0.00	0.0	---	76.5	80.8	80.8	79.5	29.804	0.00	0.00	0	0.00	0	0.0	0.00	0.0	0.000	0.240	79.2	92	76.7	85.7	21.13	 .0711	0.000	701	1	100.0	30
10/04/19	5:30	76.5	76.6	76.4	96	75.3	0.0	---	0.00	0.0	---	76.5	80.8	80.8	79.6	29.800	0.00	0.00	4	0.17	18	0.0	0.00	0.0	0.000	0.240	79.0	92	76.5	85.2	21.13	 .0711	0.000	699	1	100.0	30
10/04/19	6:00	76.6	76.7	76.5	96	75.4	0.0	---	0.00	0.0	---	76.6	80.9	80.9	79.8	29.806	0.00	0.00	8	0.34	16	0.0	0.00	0.0	0.000	0.242	79.2	92	76.7	85.7	21.13	 .0711	0.000	701	1	100.0	30
10/04/19	6:30	77.0	77.1	76.6	96	75.8	0.0	---	0.00	0.0	---	77.0	81.7	81.7	82.0	29.816	0.00	0.00	24	1.03	37	0.0	0.00	0.0	0.000	0.250	79.1	92	76.6	85.4	21.13	 .0711	0.000	699	1	100.0	30
10/04/19	7:00	77.6	77.6	77.0	96	76.4	0.0	NE	0.00	1.0	NE	77.6	83.0	83.0	83.9	29.832	0.00	0.00	42	1.81	56	0.0	0.00	0.0	0.000	0.262	79.4	93	77.2	86.4	21.24	 .0711	0.001	702	1	100.0	30
10/04/19	7:30	78.3	78.3	77.5	96	77.1	0.0	NE	0.00	1.0	NE	78.3	84.5	84.5	85.9	29.839	0.00	0.00	61	2.62	62	0.0	0.00	0.5	0.000	0.277	79.6	93	77.4	86.9	21.24	 .0711	0.000	700	1	100.0	30
10/04/19	8:00	78.6	78.7	78.2	96	77.4	0.0	NNW	0.00	1.0	NNW	78.6	85.2	85.2	86.4	29.854	0.00	0.00	64	2.75	72	0.6	0.13	0.7	0.000	0.283	79.9	94	78.0	87.9	21.35	 .0710	0.002	703	1	100.0	30
10/04/19	8:30	79.2	79.2	78.6	96	78.0	0.0	NNW	0.00	1.0	NNW	79.2	86.7	86.7	88.3	29.860	0.00	0.00	87	3.74	114	0.9	0.19	1.3	0.000	0.296	80.3	94	78.4	89.0	21.36	 .0709	0.000	700	1	100.0	30
10/04/19	9:00	80.6	80.6	79.0	95	79.0	0.0	---	0.00	0.0	---	80.6	90.2	90.2	93.9	29.861	0.00	0.00	170	7.31	227	2.0	0.43	2.8	0.000	0.325	81.0	94	79.1	90.9	21.37	 .0708	0.003	702	1	100.0	30
10/04/19	9:30	82.6	82.7	80.6	91	79.7	1.0	SW	0.50	3.0	SW	82.6	94.5	94.5	100.1	29.874	0.00	0.00	255	10.97	318	3.2	0.69	3.7	0.000	0.367	82.2	92	79.6	93.7	21.19	 .0706	0.000	700	1	100.0	30
10/04/19	10:00	81.6	82.6	81.4	92	79.0	0.0	SSW	0.00	3.0	SW	81.6	91.9	91.9	94.6	29.870	0.00	0.00	138	5.93	153	1.9	0.41	2.1	0.000	0.346	82.3	92	79.7	94.0	21.20	 .0706	0.005	696	1	100.0	30
10/04/19	10:30	82.8	82.8	81.5	91	79.9	0.0	SSW	0.00	1.0	SSW	82.8	95.0	95.0	98.5	29.865	0.00	0.00	171	7.35	232	2.4	0.51	3.3	0.000	0.371	82.5	92	79.9	94.6	21.20	 .0705	0.000	702	1	100.0	30
10/04/19	11:00	83.5	83.5	82.5	88	79.6	1.0	S	0.50	3.0	S	83.5	96.1	96.1	102.3	29.848	0.00	0.00	280	12.04	380	4.0	0.86	5.4	0.000	0.385	83.3	90	80.1	96.2	20.19	 .0704	0.006	702	1	100.0	30
10/04/19	11:30	84.1	84.4	83.4	86	79.5	1.0	SSW	0.50	4.0	S	84.1	97.1	97.1	106.6	29.837	0.00	0.00	455	19.57	504	6.4	1.37	7.1	0.000	0.398	84.5	87	80.2	98.8	18.48	 .0702	0.000	701	1	100.0	30
10/04/19	12:00	85.3	85.4	83.9	84	79.9	2.0	SSW	1.00	5.0	S	85.3	99.9	99.9	110.7	29.826	0.00	0.00	540	23.22	598	7.6	1.63	8.2	0.000	0.423	85.1	82	79.0	98.3	16.55	 .0702	0.013	700	1	100.0	30
10/04/19	12:30	84.7	85.4	84.6	84	79.3	2.0	S	1.00	6.0	S	84.7	98.1	98.1	108.9	29.819	0.00	0.00	552	23.74	596	7.7	1.65	8.2	0.000	0.410	85.7	82	79.6	100.1	16.52	 .0700	0.000	702	1	100.0	30
10/04/19	13:00	83.6	84.8	83.6	86	79.0	1.0	SSW	0.50	6.0	W	83.6	95.6	95.6	103.6	29.800	0.00	0.00	382	16.43	475	5.5	1.18	6.6	0.000	0.387	85.3	83	79.5	99.4	16.84	 .0701	0.012	700	1	100.0	30
10/04/19	13:30	82.9	83.6	82.8	86	78.3	1.0	S	0.50	6.0	SSE	82.9	93.6	93.6	98.0	29.789	0.00	0.00	206	8.86	283	2.9	0.62	3.8	0.000	0.373	84.4	83	78.7	96.7	16.87	 .0702	0.000	702	1	100.0	30
10/04/19	14:00	82.0	82.9	82.0	89	78.4	1.0	SE	0.50	5.0	S	82.0	92.0	92.0	95.2	29.777	0.00	0.00	149	6.41	195	2.0	0.43	2.5	0.000	0.354	83.9	85	78.9	96.1	17.72	 .0702	0.005	701	1	100.0	30
10/04/19	14:30	81.6	82.4	81.3	90	78.4	1.0	SSW	0.50	3.0	SSW	81.6	91.2	91.2	93.3	29.770	0.00	0.00	101	4.34	183	1.3	0.28	2.3	0.000	0.346	83.4	86	78.8	95.0	18.15	 .0703	0.000	699	1	100.0	30
10/04/19	15:00	82.4	82.5	81.5	89	78.8	1.0	SSE	0.50	4.0	SSE	82.4	93.2	93.2	97.0	29.762	0.00	0.00	143	6.15	214	1.5	0.32	1.9	0.000	0.363	83.4	87	79.1	95.4	18.55	 .0702	0.003	699	1	100.0	30
10/04/19	15:30	83.3	83.7	82.5	87	79.0	1.0	SSE	0.50	4.0	S	83.3	95.1	95.1	102.6	29.770	0.00	0.00	241	10.36	262	2.0	0.43	2.2	0.000	0.381	84.1	86	79.5	97.1	18.10	 .0701	0.000	700	1	100.0	30
10/04/19	16:00	82.4	83.5	82.4	88	78.5	1.0	SSE	0.50	4.0	SSE	82.4	92.9	92.9	98.7	29.769	0.00	0.00	161	6.92	207	1.2	0.26	1.7	0.000	0.363	83.9	86	79.3	96.5	18.12	 .0702	0.005	699	1	100.0	30
10/04/19	16:30	82.0	82.6	81.8	91	79.1	0.0	ESE	0.00	2.0	ESE	82.0	92.7	92.7	97.0	29.764	0.00	0.00	110	4.73	144	0.6	0.13	0.9	0.000	0.354	83.6	87	79.3	96.0	18.53	 .0702	0.000	702	1	100.0	30
10/04/19	17:00	82.0	82.1	81.8	90	78.8	0.0	ESE	0.00	2.0	ESE	82.0	92.3	92.3	92.9	29.782	0.00	0.00	77	3.31	97	0.0	0.00	0.0	0.000	0.354	83.3	87	79.0	95.1	18.55	 .0703	0.002	701	1	100.0	30
10/04/19	17:30	81.0	82.0	80.9	93	78.8	0.0	ESE	0.00	1.0	ESE	81.0	90.6	90.6	90.2	29.793	0.00	0.00	34	1.46	54	0.0	0.00	0.0	0.000	0.333	83.0	89	79.4	94.9	19.65	 .0703	0.000	702	1	100.0	30
10/04/19	18:00	79.7	81.0	79.7	93	77.5	0.0	---	0.00	0.0	---	79.7	87.2	87.2	86.0	29.805	0.00	0.00	3	0.13	14	0.0	0.00	0.0	0.000	0.306	82.4	89	78.8	93.2	19.71	 .0705	0.001	702	1	100.0	30
10/04/19	18:30	78.9	79.7	78.9	94	77.0	0.0	---	0.00	0.0	---	78.9	85.4	85.4	84.2	29.809	0.00	0.00	0	0.00	0	0.0	0.00	0.0	0.000	0.290	81.8	89	78.2	91.5	19.77	 .0706	0.000	700	1	100.0	30
10/04/19	19:00	78.4	78.9	78.4	94	76.5	0.0	---	0.00	0.0	---	78.4	84.3	84.3	83.0	29.810	0.00	0.00	0	0.00	0	0.0	0.00	0.0	0.000	0.279	81.2	90	78.0	90.1	20.35	 .0707	0.000	702	1	100.0	30
10/04/19	19:30	77.9	78.4	77.9	94	76.0	0.0	---	0.00	0.0	---	77.9	83.2	83.2	81.9	29.805	0.00	0.00	0	0.00	0	0.0	0.00	0.0	0.000	0.269	80.9	90	77.7	89.3	20.38	 .0708	0.000	700	1	100.0	30
10/04/19	20:00	77.5	78.0	77.5	95	76.0	0.0	---	0.00	0.0	---	77.5	82.6	82.6	81.2	29.808	0.00	0.00	0	0.00	0	0.0	0.00	0.0	0.000	0.260	80.8	90	77.6	89.0	20.39	 .0708	0.000	700	1	100.0	30
10/04/19	20:30	77.1	77.5	77.1	95	75.6	0.0	---	0.00	0.0	---	77.1	81.7	81.7	80.3	29.811	0.00	0.00	0	0.00	0	0.0	0.00	0.0	0.000	0.252	80.6	90	77.4	88.5	20.40	 .0709	0.000	700	1	100.0	30
10/04/19	21:00	76.9	77.2	76.9	95	75.4	0.0	---	0.00	0.0	---	76.9	81.3	81.3	79.9	29.823	0.00	0.00	0	0.00	0	0.0	0.00	0.0	0.000	0.248	80.4	90	77.2	88.0	20.42	 .0709	0.000	702	1	100.0	30
10/04/19	21:30	76.9	77.0	76.7	95	75.4	0.0	---	0.00	0.0	---	76.9	81.3	81.3	79.9	29.826	0.00	0.00	0	0.00	0	0.0	0.00	0.0	0.000	0.248	80.1	90	76.9	87.3	20.44	 .0710	0.000	700	1	100.0	30
10/04/19	22:00	76.7	76.9	76.6	95	75.2	0.0	---	0.00	0.0	---	76.7	81.0	81.0	79.6	29.818	0.00	0.00	0	0.00	0	0.0	0.00	0.0	0.000	0.244	79.9	90	76.7	86.8	20.45	 .0710	0.000	701	1	100.0	30
10/04/19	22:30	76.5	76.7	76.4	95	75.0	0.0	---	0.00	0.0	---	76.5	80.6	80.6	79.2	29.821	0.00	0.00	0	0.00	0	0.0	0.00	0.0	0.000	0.240	79.7	90	76.5	86.3	20.45	 .0711	0.000	701	1	100.0	30
10/04/19	23:00	76.2	76.5	76.2	95	74.7	0.0	---	0.00	0.0	---	76.2	80.1	80.1	78.7	29.815	0.00	0.00	0	0.00	0	0.0	0.00	0.0	0.000	0.233	79.5	90	76.3	85.8	20.45	 .0711	0.000	701	1	100.0	30
10/04/19	23:30	76.1	76.3	76.0	95	74.6	0.0	---	0.00	0.0	---	76.1	79.9	79.9	78.5	29.808	0.00	0.00	0	0.00	0	0.0	0.00	0.0	0.000	0.231	79.2	91	76.3	85.4	21.03	 .0711	0.000	703	1	100.0	30
11/04/19	00:00	75.9	76.1	75.8	95	74.4	0.0	---	0.00	0.0	---	75.9	79.6	79.6	78.2	29.802	0.00	0.00	0	0.00	0	0.0	0.00	0.0	0.000	0.227	79.0	91	76.1	84.9	21.03	 .0711	0.000	700	1	100.0	30
11/04/19	0:30	75.8	76.0	75.8	96	74.6	0.0	---	0.00	0.0	---	75.8	79.5	79.5	78.1	29.792	0.00	0.00	0	0.00	0	0.0	0.00	0.0	0.000	0.225	78.9	91	76.0	84.7	21.03	 .0711	0.000	700	1	100.0	30
11/04/19	1:00	76.0	76.1	75.8	96	74.8	0.0	---	0.00	0.0	---	76.0	79.8	79.8	78.4	29.770	0.00	0.00	0	0.00	0	0.0	0.00	0.0	0.000	0.229	78.9	91	76.0	84.7	21.03	 .0711	0.000	701	1	100.0	30
11/04/19	1:30	76.0	76.1	75.8	96	74.8	0.0	---	0.00	0.0	---	76.0	79.8	79.8	78.4	29.773	0.00	0.00	0	0.00	0	0.0	0.00	0.0	0.000	0.229	78.8	92	76.3	84.7	21.13	 .0711	0.000	703	1	100.0	30
11/04/19	2:00	75.9	76.2	75.9	96	74.7	0.0	---	0.00	0.0	---	75.9	79.7	79.7	78.3	29.769	0.00	0.00	0	0.00	0	0.0	0.00	0.0	0.000	0.227	78.8	91	75.9	84.5	21.03	 .0711	0.000	700	1	100.0	30
11/04/19	2:30	75.8	76.0	75.8	96	74.6	0.0	---	0.00	0.0	---	75.8	79.5	79.5	78.1	29.766	0.00	0.00	0	0.00	0	0.0	0.00	0.0	0.000	0.225	78.8	91	75.9	84.5	21.03	 .0711	0.000	700	1	100.0	30
11/04/19	3:00	75.8	75.9	75.8	96	74.6	0.0	---	0.00	0.0	---	75.8	79.5	79.5	78.1	29.761	0.00	0.00	0	0.00	0	0.0	0.00	0.0	0.000	0.225	78.7	91	75.8	84.3	21.02	 .0711	0.000	699	1	100.0	30
11/04/19	3:30	75.7	75.8	75.6	96	74.5	0.0	---	0.00	0.0	---	75.7	79.4	79.4	78.0	29.774	0.00	0.00	0	0.00	0	0.0	0.00	0.0	0.000	0.223	78.6	91	75.8	84.1	21.02	 .0712	0.000	699	1	100.0	30
11/04/19	4:00	75.5	75.7	75.5	96	74.3	0.0	---	0.00	0.0	---	75.5	79.1	79.1	77.7	29.775	0.00	0.00	0	0.00	0	0.0	0.00	0.0	0.000	0.219	78.4	91	75.6	83.6	21.02	 .0712	0.000	700	1	100.0	30
11/04/19	4:30	75.4	75.6	75.3	96	74.2	0.0	---	0.00	0.0	---	75.4	79.0	79.0	77.6	29.775	0.00	0.00	0	0.00	0	0.0	0.00	0.0	0.000	0.217	78.3	91	75.5	83.4	21.02	 .0712	0.000	700	1	100.0	30
11/04/19	5:00	75.2	75.5	75.2	96	74.0	0.0	---	0.00	0.0	---	75.2	78.7	78.7	77.2	29.777	0.00	0.00	0	0.00	0	0.0	0.00	0.0	0.000	0.212	78.1	91	75.3	82.9	21.01	 .0713	0.000	702	1	100.0	30
11/04/19	5:30	75.4	75.4	75.1	96	74.2	0.0	---	0.00	0.0	---	75.4	79.0	79.0	77.6	29.785	0.00	0.00	0	0.00	0	0.0	0.00	0.0	0.000	0.217	77.8	92	75.3	82.5	21.11	 .0713	0.000	700	1	100.0	30
11/04/19	6:00	75.8	75.9	75.4	96	74.6	0.0	ESE	0.00	2.0	ESE	75.8	79.5	79.5	78.5	29.791	0.00	0.00	17	0.73	33	0.0	0.00	0.0	0.000	0.225	78.0	93	75.8	83.2	21.21	 .0713	0.000	702	1	100.0	30
11/04/19	6:30	77.0	77.1	75.8	96	75.8	0.0	ESE	0.00	3.0	WNW	77.0	81.7	81.7	83.2	29.801	0.00	0.00	49	2.11	58	0.0	0.00	0.0	0.000	0.250	78.5	94	76.6	84.5	21.35	 .0712	0.000	701	1	100.0	30
11/04/19	7:00	77.9	78.1	77.0	96	76.7	0.0	WSW	0.00	2.0	WSW	77.9	83.6	83.6	84.9	29.808	0.00	0.00	51	2.19	58	0.0	0.00	0.5	0.000	0.269	79.1	94	77.2	85.9	21.35	 .0711	0.001	702	1	100.0	30
11/04/19	7:30	78.7	78.8	77.9	95	77.1	0.0	WSW	0.00	2.0	WSW	78.7	85.2	85.2	86.3	29.817	0.00	0.00	53	2.28	83	0.0	0.00	1.5	0.000	0.285	79.7	94	77.8	87.4	21.35	 .0710	0.000	698	1	100.0	30
11/04/19	8:00	82.5	82.5	78.7	90	79.3	0.0	SW	0.00	3.0	NW	82.5	93.8	93.8	104.4	29.827	0.00	0.00	431	18.54	522	2.4	0.51	3.1	0.000	0.365	80.3	92	77.8	88.4	21.16	 .0709	0.006	699	1	100.0	30
11/04/19	8:30	84.9	84.9	82.5	81	78.4	1.0	SW	0.50	3.0	S	84.9	97.3	97.3	109.0	29.838	0.00	0.00	559	24.04	751	3.7	0.79	4.8	0.000	0.415	81.2	89	77.6	89.8	19.83	 .0708	0.000	701	1	100.0	30
11/04/19	9:00	87.8	87.9	84.4	79	80.5	2.0	SW	1.00	5.0	SSW	87.8	105.0	105.0	117.3	29.837	0.00	0.00	651	28.00	898	5.2	1.11	7.2	0.000	0.475	83.0	86	78.4	93.8	18.17	 .0705	0.015	701	1	100.0	30
11/04/19	9:30	87.8	88.1	86.8	76	79.3	2.0	SSW	1.00	6.0	SW	87.8	103.2	103.2	115.9	29.833	0.00	0.00	790	33.97	942	7.4	1.59	9.0	0.000	0.475	84.8	82	78.7	97.4	16.55	 .0703	0.000	701	1	100.0	30
11/04/19	10:00	89.0	89.8	87.7	73	79.2	2.0	SSW	1.00	7.0	WSW	89.0	105.0	105.0	117.8	29.836	0.00	0.00	769	33.07	954	10.1	2.16	11.1	0.000	0.500	86.7	78	79.0	101.0	15.01	 .0700	0.020	700	1	100.0	30
11/04/19	10:30	89.6	90.0	88.3	73	79.8	2.0	S	1.00	7.0	SSW	89.6	106.8	106.8	117.8	29.826	0.00	0.00	565	24.30	1049	11.4	2.44	12.7	0.000	0.512	87.8	74	78.5	102.1	13.79	 .0699	0.000	702	1	100.0	30
11/04/19	11:00	88.6	90.3	88.5	72	78.4	2.0	SW	1.00	9.0	SSE	88.6	103.2	103.2	113.5	29.813	0.00	0.00	1001	43.05	1097	12.5	2.68	13.4	0.000	0.492	88.5	73	78.7	103.5	13.48	 .0697	0.022	700	1	100.0	30
11/04/19	11:30	89.2	90.4	88.1	71	78.6	3.0	SW	1.50	9.0	SSE	89.2	104.3	104.3	114.8	29.813	0.00	0.00	1043	44.85	1099	13.6	2.91	14.1	0.000	0.504	89.4	70	78.3	104.3	12.55	 .0697	0.000	700	1	100.0	30
11/04/19	12:00	88.8	90.6	88.3	74	79.4	2.0	SSW	1.00	9.0	SW	88.8	105.0	105.0	116.9	29.800	0.00	0.00	966	41.54	1176	12.5	2.68	14.8	0.000	0.496	89.4	71	78.8	104.9	12.85	 .0696	0.027	701	1	100.0	30
11/04/19	12:30	89.7	90.3	88.6	72	79.5	2.0	SSW	1.00	7.0	W	89.7	106.5	106.5	118.3	29.790	0.00	0.00	1032	44.38	1125	13.0	2.79	13.9	0.000	0.515	89.8	72	79.6	106.8	13.15	 .0695	0.000	702	1	100.0	30
11/04/19	13:00	88.5	90.2	88.0	73	78.7	3.0	S	1.50	6.0	WNW	88.5	103.5	103.5	116.7	29.772	0.00	0.00	1060	45.59	1100	12.6	2.70	13.7	0.000	0.490	90.5	69	78.9	106.8	12.34	 .0694	0.028	699	1	100.0	30
11/04/19	13:30	86.8	89.4	86.4	78	79.1	2.0	SSW	1.00	5.0	S	86.8	101.3	101.3	112.8	29.752	0.00	0.00	599	25.76	930	7.5	1.61	11.0	0.000	0.454	89.6	69	78.1	104.2	12.35	 .0695	0.000	700	1	100.0	30
11/04/19	14:00	87.3	87.5	85.9	76	78.8	1.0	ESE	0.50	6.0	S	87.3	101.7	101.7	110.7	29.749	0.00	0.00	413	17.76	585	5.1	1.09	6.3	0.000	0.465	88.2	74	78.9	103.2	13.79	 .0696	0.014	700	1	100.0	30
11/04/19	14:30	87.4	87.6	86.4	80	80.5	2.0	SE	1.00	6.0	S	87.4	104.3	104.3	116.5	29.733	0.00	0.00	595	25.59	719	5.8	1.24	6.3	0.000	0.467	88.7	74	79.3	104.7	13.78	 .0695	0.000	700	1	100.0	30
11/04/19	15:00	87.7	87.8	85.6	80	80.8	2.0	S	1.00	6.0	S	87.7	105.2	105.2	116.9	29.731	0.00	0.00	491	21.12	744	4.0	0.86	5.2	0.000	0.473	88.6	76	80.1	105.6	14.33	 .0694	0.015	699	1	100.0	30
11/04/19	15:30	87.7	87.7	86.4	79	80.4	1.0	SSW	0.50	4.0	SW	87.7	104.7	104.7	117.9	29.728	0.00	0.00	508	21.85	638	3.3	0.71	4.3	0.000	0.473	88.9	75	79.9	105.9	14.09	 .0694	0.000	701	1	100.0	30
11/04/19	16:00	86.6	87.7	85.8	79	79.3	2.0	S	1.00	5.0	S	86.6	101.2	101.2	115.4	29.726	0.00	0.00	439	18.88	577	2.0	0.43	2.9	0.000	0.450	88.9	75	79.9	105.9	14.09	 .0694	0.013	695	1	100.0	30
11/04/19	16:30	84.8	86.7	84.7	84	79.4	2.0	SSE	1.00	7.0	S	84.8	98.3	98.3	105.0	29.721	0.00	0.00	186	8.00	388	1.0	0.21	1.5	0.000	0.413	88.5	75	79.6	104.7	14.11	 .0695	0.000	700	1	100.0	30
11/04/19	17:00	83.9	84.8	83.9	84	78.5	1.0	S	0.50	3.0	S	83.9	95.7	95.7	95.5	29.723	0.00	0.00	53	2.28	91	0.1	0.02	0.6	0.000	0.394	86.8	77	78.7	100.8	14.74	 .0697	0.003	702	1	100.0	30
11/04/19	17:30	82.1	83.9	82.1	88	78.2	0.0	SE	0.00	3.0	ESE	82.1	92.0	92.0	91.2	29.726	0.00	0.00	25	1.08	47	0.0	0.00	0.0	0.000	0.356	85.5	81	79.0	99.0	16.13	 .0699	0.000	700	1	100.0	30
11/04/19	18:00	80.7	82.2	80.7	90	77.5	0.0	---	0.00	0.0	---	80.7	88.7	88.7	87.3	29.730	0.00	0.00	1	0.04	7	0.0	0.00	0.0	0.000	0.327	84.5	83	78.8	97.0	16.87	 .0701	0.000	702	1	100.0	30
11/04/19	18:30	79.9	80.7	79.9	92	77.4	0.0	---	0.00	0.0	---	79.9	87.4	87.4	86.0	29.746	0.00	0.00	0	0.00	0	0.0	0.00	0.0	0.000	0.310	83.7	84	78.3	95.1	17.30	 .0702	0.000	700	1	100.0	30
11/04/19	19:00	79.2	79.9	79.2	93	77.0	0.0	---	0.00	0.0	---	79.2	85.9	85.9	84.4	29.749	0.00	0.00	0	0.00	0	0.0	0.00	0.0	0.000	0.296	83.1	85	78.1	93.8	17.76	 .0703	0.000	698	1	100.0	30
11/04/19	19:30	78.7	79.2	78.7	93	76.5	0.0	---	0.00	0.0	---	78.7	84.7	84.7	83.2	29.758	0.00	0.00	0	0.00	0	0.0	0.00	0.0	0.000	0.285	82.8	85	77.8	93.0	17.78	 .0704	0.000	701	1	100.0	30
11/04/19	20:00	78.6	78.7	78.5	94	76.7	0.0	---	0.00	0.0	---	78.6	84.7	84.7	83.2	29.769	0.00	0.00	0	0.00	0	0.0	0.00	0.0	0.000	0.283	82.5	86	77.9	92.5	18.20	 .0705	0.000	698	1	100.0	30
11/04/19	20:30	78.8	78.9	78.6	94	76.9	0.0	---	0.00	0.0	---	78.8	85.2	85.2	83.7	29.784	0.00	0.00	0	0.00	0	0.0	0.00	0.0	0.000	0.288	82.5	87	78.2	92.8	18.60	 .0705	0.000	702	1	100.0	30
11/04/19	21:00	78.6	79.0	78.6	94	76.7	0.0	---	0.00	0.0	---	78.6	84.7	84.7	83.2	29.780	0.00	0.00	0	0.00	0	0.0	0.00	0.0	0.000	0.283	82.3	87	78.0	92.3	18.61	 .0705	0.000	702	1	100.0	30
11/04/19	21:30	78.5	78.6	78.4	94	76.6	0.0	---	0.00	0.0	---	78.5	84.5	84.5	83.0	29.793	0.00	0.00	0	0.00	0	0.0	0.00	0.0	0.000	0.281	82.0	87	77.7	91.5	18.63	 .0706	0.000	701	1	100.0	30
11/04/19	22:00	78.7	78.8	78.5	94	76.8	0.0	---	0.00	0.0	---	78.7	85.0	85.0	83.5	29.798	0.00	0.00	0	0.00	0	0.0	0.00	0.0	0.000	0.285	82.0	88	78.1	91.7	19.15	 .0706	0.000	701	1	100.0	30
11/04/19	22:30	78.9	78.9	78.7	94	77.0	0.0	---	0.00	0.0	---	78.9	85.4	85.4	84.0	29.794	0.00	0.00	0	0.00	0	0.0	0.00	0.0	0.000	0.290	82.0	88	78.1	91.7	19.15	 .0706	0.000	700	1	100.0	30
11/04/19	23:00	78.8	78.9	78.8	95	77.2	0.0	---	0.00	0.0	---	78.8	85.4	85.4	84.0	29.788	0.00	0.00	0	0.00	0	0.0	0.00	0.0	0.000	0.288	81.9	89	78.3	91.7	19.76	 .0706	0.000	699	1	100.0	30
11/04/19	23:30	78.2	78.9	78.2	95	76.6	0.0	---	0.00	0.0	---	78.2	84.1	84.1	82.6	29.783	0.00	0.00	0	0.00	0	0.0	0.00	0.0	0.000	0.275	81.6	89	78.0	90.9	19.79	 .0706	0.000	703	1	100.0	30
12/04/19	00:00	77.6	78.3	77.6	95	76.1	0.0	---	0.00	0.0	---	77.6	82.8	82.8	81.3	29.782	0.00	0.00	0	0.00	0	0.0	0.00	0.0	0.000	0.262	81.1	89	77.5	89.6	19.84	 .0707	0.000	699	1	100.0	30
12/04/19	0:30	77.2	77.7	77.1	95	75.7	0.0	---	0.00	0.0	---	77.2	81.9	81.9	80.3	29.777	0.00	0.00	0	0.00	0	0.0	0.00	0.0	0.000	0.254	80.8	89	77.3	88.8	19.87	 .0708	0.000	700	1	100.0	30
12/04/19	1:00	76.9	77.1	76.8	95	75.4	0.0	---	0.00	0.0	---	76.9	81.3	81.3	79.7	29.769	0.00	0.00	0	0.00	0	0.0	0.00	0.0	0.000	0.248	80.6	88	76.7	88.1	19.29	 .0708	0.000	700	1	100.0	30
12/04/19	1:30	76.7	76.9	76.6	95	75.2	0.0	---	0.00	0.0	---	76.7	81.0	81.0	79.4	29.760	0.00	0.00	0	0.00	0	0.0	0.00	0.0	0.000	0.244	80.4	89	76.9	87.8	19.91	 .0708	0.000	701	1	100.0	30
12/04/19	2:00	77.0	77.1	76.7	95	75.5	0.0	---	0.00	0.0	---	77.0	81.5	81.5	79.9	29.756	0.00	0.00	0	0.00	0	0.0	0.00	0.0	0.000	0.250	80.3	89	76.8	87.6	19.92	 .0708	0.000	701	1	100.0	30
12/04/19	2:30	77.1	77.2	77.0	95	75.6	0.0	---	0.00	0.0	---	77.1	81.7	81.7	80.1	29.750	0.00	0.00	0	0.00	0	0.0	0.00	0.0	0.000	0.252	80.4	89	76.9	87.8	19.91	 .0708	0.000	698	1	100.0	30
12/04/19	3:00	77.4	77.4	77.1	95	75.9	0.0	---	0.00	0.0	---	77.4	82.3	82.3	80.7	29.747	0.00	0.00	0	0.00	0	0.0	0.00	0.0	0.000	0.258	80.4	90	77.2	88.0	20.42	 .0707	0.000	703	1	100.0	30
12/04/19	3:30	77.5	77.5	77.3	95	76.0	0.0	---	0.00	0.0	---	77.5	82.6	82.6	81.0	29.754	0.00	0.00	0	0.00	0	0.0	0.00	0.0	0.000	0.260	80.3	90	77.1	87.8	20.43	 .0708	0.000	700	1	100.0	30
12/04/19	4:00	77.1	77.5	77.0	95	75.6	0.0	---	0.00	0.0	---	77.1	81.7	81.7	80.1	29.754	0.00	0.00	0	0.00	0	0.0	0.00	0.0	0.000	0.252	80.2	90	77.0	87.5	20.43	 .0708	0.000	702	1	100.0	30
12/04/19	4:30	76.8	77.1	76.7	95	75.3	0.0	---	0.00	0.0	---	76.8	81.1	81.1	79.5	29.759	0.00	0.00	0	0.00	0	0.0	0.00	0.0	0.000	0.246	79.8	90	76.6	86.5	20.45	 .0709	0.000	701	1	100.0	30
12/04/19	5:00	76.5	76.8	76.5	95	75.0	0.0	---	0.00	0.0	---	76.5	80.6	80.6	79.0	29.766	0.00	0.00	0	0.00	0	0.0	0.00	0.0	0.000	0.240	79.7	90	76.5	86.3	20.45	 .0709	0.000	701	1	100.0	30
12/04/19	5:30	76.3	76.5	76.3	95	74.8	0.0	---	0.00	0.0	---	76.3	80.2	80.2	78.6	29.771	0.00	0.00	0	0.00	0	0.0	0.00	0.0	0.000	0.235	79.6	90	76.4	86.1	20.45	 .0710	0.000	700	1	100.0	30
12/04/19	6:00	76.4	76.4	76.2	96	75.2	0.0	---	0.00	0.0	---	76.4	80.6	80.6	79.4	29.781	0.00	0.00	16	0.69	32	0.0	0.00	0.0	0.000	0.238	79.5	90	76.3	85.8	20.45	 .0710	0.000	701	1	100.0	30
12/04/19	6:30	77.4	77.4	76.4	96	76.2	0.0	---	0.00	0.0	---	77.4	82.5	82.5	84.2	29.784	0.00	0.00	51	2.19	58	0.0	0.00	0.0	0.000	0.258	79.7	91	76.8	86.6	21.04	 .0710	0.000	701	1	100.0	30
12/04/19	7:00	78.4	78.4	77.3	95	76.8	0.0	SE	0.00	1.0	SE	78.4	84.5	84.5	86.4	29.795	0.00	0.00	66	2.84	107	0.4	0.09	0.8	0.000	0.279	80.1	92	77.6	87.9	21.15	 .0709	0.001	701	1	100.0	30
12/04/19	7:30	79.6	79.7	78.4	95	78.0	0.0	SE	0.00	1.0	SE	79.6	87.5	87.5	88.9	29.802	0.00	0.00	61	2.62	88	0.9	0.19	1.5	0.000	0.304	80.7	92	78.2	89.4	21.16	 .0708	0.000	701	1	100.0	30
12/04/19	8:00	83.9	83.9	79.6	88	80.0	0.0	SE	0.00	2.0	SE	83.9	97.3	97.3	108.2	29.804	0.00	0.00	447	19.22	541	2.4	0.51	3.1	0.000	0.394	81.8	92	79.2	92.5	21.19	 .0705	0.006	701	1	100.0	30
12/04/19	8:30	83.6	84.9	83.6	87	79.3	1.0	SSW	0.50	6.0	S	83.6	96.0	96.0	104.9	29.808	0.00	0.00	380	16.34	612	3.3	0.71	3.9	0.000	0.387	82.7	90	79.5	94.3	20.23	 .0704	0.000	699	1	100.0	30
12/04/19	9:00	83.9	83.9	82.2	86	79.3	0.0	ESE	0.00	2.0	ESE	83.9	96.5	96.5	99.1	29.808	0.00	0.00	129	5.55	221	3.5	0.75	5.9	0.000	0.394	82.7	90	79.5	94.3	20.23	 .0704	0.007	699	1	100.0	30
12/04/19	9:30	88.1	88.1	84.0	80	81.1	1.0	S	0.50	5.0	SSW	88.1	106.5	106.5	119.0	29.803	0.00	0.00	690	29.67	930	7.0	1.50	8.9	0.000	0.481	84.6	86	79.9	98.6	18.07	 .0701	0.000	702	1	100.0	30
12/04/19	10:00	88.9	89.7	88.2	78	81.1	2.0	S	1.00	6.0	W	88.9	107.9	107.9	120.9	29.804	0.00	0.00	806	34.66	965	9.7	2.08	10.7	0.000	0.498	86.8	82	80.6	103.6	16.48	 .0698	0.019	701	1	100.0	30
12/04/19	10:30	89.6	90.3	88.8	76	81.0	2.0	S	1.00	7.0	SSW	89.6	108.8	108.8	120.4	29.806	0.00	0.00	602	25.89	1099	11.3	2.42	12.6	0.000	0.512	88.1	78	80.4	105.3	14.90	 .0696	0.000	701	1	100.0	30
12/04/19	11:00	89.1	89.7	87.8	77	80.9	2.0	SSW	1.00	7.0	S	89.1	107.9	107.9	119.6	29.800	0.00	0.00	977	42.02	1130	11.8	2.53	13.1	0.000	0.502	88.8	77	80.7	106.9	14.62	 .0695	0.021	699	1	100.0	30
12/04/19	11:30	88.4	89.5	88.3	78	80.7	3.0	SW	1.50	8.0	NW	88.4	106.3	106.3	116.8	29.785	0.00	0.00	1037	44.60	1046	13.3	2.85	13.4	0.000	0.488	89.7	76	81.1	109.2	14.27	 .0693	0.000	700	1	100.0	30
12/04/19	12:00	88.6	89.8	88.1	77	80.5	2.0	SSW	1.00	8.0	SSE	88.6	106.3	106.3	117.3	29.769	0.00	0.00	1037	44.60	1053	13.3	2.85	13.5	0.000	0.492	89.9	73	80.1	107.7	13.45	 .0694	0.028	700	1	100.0	30
12/04/19	12:30	89.2	90.0	88.6	77	81.0	2.0	SSW	1.00	8.0	S	89.2	108.2	108.2	120.0	29.752	0.00	0.00	1024	44.04	1035	12.9	2.76	13.2	0.000	0.504	90.3	73	80.5	109.0	13.44	 .0692	0.000	700	1	100.0	30
12/04/19	13:00	88.9	90.3	88.9	77	80.7	2.0	SSW	1.00	7.0	ESE	88.9	107.2	107.2	119.6	29.739	0.00	0.00	994	42.75	1009	11.9	2.55	12.4	0.000	0.498	90.6	73	80.8	110.0	13.43	 .0691	0.027	702	1	100.0	30
12/04/19	13:30	90.8	90.8	88.6	76	82.2	2.0	SSW	1.00	7.0	SW	90.8	112.9	112.9	126.0	29.726	0.00	0.00	940	40.43	979	10.6	2.27	11.3	0.000	0.538	91.0	73	81.1	111.3	13.41	 .0690	0.000	700	1	100.0	30
12/04/19	14:00	90.2	90.8	88.6	77	82.0	2.0	S	1.00	7.0	SSW	90.2	111.6	111.6	125.3	29.717	0.00	0.00	870	37.41	902	8.9	1.91	9.8	0.000	0.525	91.4	72	81.1	111.8	13.09	 .0690	0.025	702	1	100.0	30
12/04/19	14:30	89.0	90.5	88.3	78	81.2	2.0	S	1.00	6.0	SSW	89.0	108.2	108.2	122.3	29.707	0.00	0.00	778	33.46	847	6.9	1.48	7.9	0.000	0.500	91.3	72	81.0	111.5	13.10	 .0690	0.000	698	1	100.0	30
12/04/19	15:00	88.7	89.2	87.7	78	81.0	2.0	SSW	1.00	6.0	S	88.7	107.3	107.3	122.0	29.701	0.00	0.00	686	29.50	765	4.9	1.05	5.9	0.000	0.494	91.3	71	80.6	110.7	12.82	 .0690	0.019	700	1	100.0	30
12/04/19	15:30	87.5	89.0	87.1	79	80.2	2.0	SSE	1.00	7.0	SE	87.5	104.0	104.0	116.6	29.703	0.00	0.00	489	21.03	626	3.1	0.66	4.1	0.000	0.469	90.2	73	80.4	108.7	13.44	 .0691	0.000	701	1	100.0	30
12/04/19	16:00	87.7	88.4	87.0	78	80.0	2.0	S	1.00	7.0	SSE	87.7	104.1	104.1	117.6	29.699	0.00	0.00	421	18.11	519	2.0	0.43	2.6	0.000	0.473	90.1	73	80.3	108.4	13.45	 .0691	0.012	701	1	100.0	30
12/04/19	16:30	85.8	87.7	85.7	82	79.7	1.0	S	0.50	5.0	SSW	85.8	100.4	100.4	106.1	29.703	0.00	0.00	146	6.28	341	0.9	0.19	1.4	0.000	0.433	89.3	72	79.1	105.2	13.16	 .0693	0.000	699	1	100.0	30
12/04/19	17:00	84.6	85.9	84.6	85	79.6	0.0	SSE	0.00	3.0	SSE	84.6	98.2	98.2	98.4	29.717	0.00	0.00	66	2.84	72	0.1	0.02	0.6	0.000	0.408	87.8	77	79.7	103.8	14.68	 .0695	0.003	702	1	100.0	30
12/04/19	17:30	83.6	84.7	83.5	87	79.3	0.0	ESE	0.00	2.0	ESE	83.6	96.0	96.0	95.8	29.714	0.00	0.00	46	1.98	70	0.0	0.00	0.0	0.000	0.387	87.0	79	79.7	102.5	15.33	 .0696	0.000	698	1	100.0	30
12/04/19	18:00	82.0	83.6	82.0	89	78.4	0.0	ESE	0.00	2.0	ESE	82.0	92.0	92.0	90.8	29.730	0.00	0.00	5	0.22	21	0.0	0.00	0.0	0.000	0.354	86.0	81	79.5	100.4	16.11	 .0698	0.001	700	1	100.0	30
12/04/19	18:30	81.2	82.0	81.2	91	78.3	0.0	---	0.00	0.0	---	81.2	90.4	90.4	89.1	29.742	0.00	0.00	0	0.00	0	0.0	0.00	0.0	0.000	0.337	85.3	82	79.2	98.9	16.54	 .0699	0.000	702	1	100.0	30
12/04/19	19:00	81.0	81.2	81.0	92	78.5	0.0	---	0.00	0.0	---	81.0	90.2	90.2	88.9	29.747	0.00	0.00	0	0.00	0	0.0	0.00	0.0	0.000	0.333	85.0	83	79.3	98.5	16.85	 .0700	0.000	700	1	100.0	30
12/04/19	19:30	80.3	81.1	80.3	92	77.8	0.0	---	0.00	0.0	---	80.3	88.4	88.4	87.1	29.756	0.00	0.00	0	0.00	0	0.0	0.00	0.0	0.000	0.319	84.5	84	79.1	97.5	17.27	 .0701	0.000	700	1	100.0	30
12/04/19	20:00	79.9	80.3	79.9	93	77.7	0.0	ESE	0.00	1.0	ESE	79.9	87.7	87.7	86.4	29.762	0.00	0.00	0	0.00	0	0.0	0.00	0.0	0.000	0.310	84.0	85	79.0	96.4	17.71	 .0702	0.000	701	1	100.0	30
12/04/19	20:30	79.6	79.9	79.5	93	77.4	0.0	---	0.00	0.0	---	79.6	86.9	86.9	85.6	29.772	0.00	0.00	0	0.00	0	0.0	0.00	0.0	0.000	0.304	83.8	85	78.8	95.8	17.72	 .0702	0.000	700	1	100.0	30
12/04/19	21:00	79.7	79.8	79.5	94	77.8	0.0	---	0.00	0.0	---	79.7	87.4	87.4	86.1	29.778	0.00	0.00	0	0.00	0	0.0	0.00	0.0	0.000	0.306	83.7	86	79.1	95.9	18.13	 .0702	0.000	701	1	100.0	30
12/04/19	21:30	79.7	79.9	79.7	93	77.5	0.0	---	0.00	0.0	---	79.7	87.2	87.2	85.9	29.788	0.00	0.00	0	0.00	0	0.0	0.00	0.0	0.000	0.306	83.5	86	78.9	95.3	18.14	 .0703	0.000	703	1	100.0	30
12/04/19	22:00	79.4	79.8	79.4	93	77.2	0.0	---	0.00	0.0	---	79.4	86.4	86.4	85.1	29.797	0.00	0.00	0	0.00	0	0.0	0.00	0.0	0.000	0.300	83.4	86	78.8	95.0	18.15	 .0704	0.000	701	1	100.0	30
12/04/19	22:30	79.4	79.5	79.3	94	77.5	0.0	---	0.00	0.0	---	79.4	86.7	86.7	85.4	29.801	0.00	0.00	0	0.00	0	0.0	0.00	0.0	0.000	0.300	83.2	87	78.9	94.8	18.56	 .0704	0.000	702	1	100.0	30
12/04/19	23:00	79.3	79.5	79.2	94	77.4	0.0	---	0.00	0.0	---	79.3	86.4	86.4	85.1	29.792	0.00	0.00	0	0.00	0	0.0	0.00	0.0	0.000	0.298	83.1	87	78.8	94.5	18.56	 .0704	0.000	700	1	100.0	30
12/04/19	23:30	78.9	79.3	78.8	94	77.0	0.0	---	0.00	0.0	---	78.9	85.4	85.4	84.1	29.794	0.00	0.00	0	0.00	0	0.0	0.00	0.0	0.000	0.290	82.8	87	78.5	93.6	18.58	 .0704	0.000	700	1	100.0	30
13/04/19	00:00	78.8	79.0	78.7	94	76.9	0.0	---	0.00	0.0	---	78.8	85.2	85.2	83.8	29.782	0.00	0.00	0	0.00	0	0.0	0.00	0.0	0.000	0.288	82.7	87	78.4	93.4	18.59	 .0704	0.000	701	1	100.0	30
13/04/19	0:30	78.5	78.8	78.5	94	76.6	0.0	---	0.00	0.0	---	78.5	84.5	84.5	83.1	29.778	0.00	0.00	0	0.00	0	0.0	0.00	0.0	0.000	0.281	82.4	87	78.1	92.5	18.61	 .0705	0.000	700	1	100.0	30
13/04/19	1:00	78.0	78.5	77.9	94	76.1	0.0	---	0.00	0.0	---	78.0	83.4	83.4	82.0	29.771	0.00	0.00	0	0.00	0	0.0	0.00	0.0	0.000	0.271	82.1	87	77.8	91.7	18.62	 .0705	0.000	703	1	100.0	30
13/04/19	1:30	77.6	78.0	77.6	95	76.1	0.0	---	0.00	0.0	---	77.6	82.8	82.8	81.4	29.765	0.00	0.00	0	0.00	0	0.0	0.00	0.0	0.000	0.262	81.8	87	77.5	90.9	18.64	 .0706	0.000	701	1	100.0	30
13/04/19	2:00	77.4	77.7	77.4	95	75.9	0.0	---	0.00	0.0	---	77.4	82.3	82.3	80.8	29.757	0.00	0.00	0	0.00	0	0.0	0.00	0.0	0.000	0.258	81.5	87	77.3	90.2	18.66	 .0706	0.000	703	1	100.0	30
13/04/19	2:30	77.3	77.5	77.3	95	75.8	0.0	---	0.00	0.0	---	77.3	82.1	82.1	80.6	29.744	0.00	0.00	0	0.00	0	0.0	0.00	0.0	0.000	0.256	81.4	88	77.5	90.1	19.21	 .0706	0.000	699	1	100.0	30
13/04/19	3:00	77.1	77.4	77.1	95	75.6	0.0	---	0.00	0.0	---	77.1	81.7	81.7	80.2	29.744	0.00	0.00	0	0.00	0	0.0	0.00	0.0	0.000	0.252	81.2	88	77.3	89.6	19.23	 .0706	0.000	702	1	100.0	30
13/04/19	3:30	76.7	77.1	76.7	95	75.2	0.0	---	0.00	0.0	---	76.7	81.0	81.0	79.5	29.740	0.00	0.00	0	0.00	0	0.0	0.00	0.0	0.000	0.244	80.9	88	77.0	88.8	19.26	 .0707	0.000	699	1	100.0	30
13/04/19	4:00	76.7	76.8	76.6	95	75.2	0.0	---	0.00	0.0	---	76.7	81.0	81.0	79.5	29.740	0.00	0.00	0	0.00	0	0.0	0.00	0.0	0.000	0.244	80.5	88	76.6	87.8	19.30	 .0708	0.000	703	1	100.0	30
13/04/19	4:30	77.1	77.1	76.7	95	75.6	0.0	ESE	0.00	1.0	ESE	77.1	81.7	81.7	80.2	29.749	0.00	0.00	0	0.00	0	0.0	0.00	0.0	0.000	0.252	80.4	89	76.9	87.8	19.91	 .0708	0.000	699	1	100.0	30
13/04/19	5:00	77.1	77.2	77.0	95	75.6	0.0	---	0.00	0.0	---	77.1	81.7	81.7	80.2	29.756	0.00	0.00	0	0.00	0	0.0	0.00	0.0	0.000	0.252	80.4	89	76.9	87.8	19.91	 .0708	0.000	701	1	100.0	30
13/04/19	5:30	76.6	77.2	76.6	95	75.1	0.0	ESE	0.00	1.0	ESE	76.6	80.8	80.8	79.3	29.757	0.00	0.00	0	0.00	0	0.0	0.00	0.0	0.000	0.242	80.2	89	76.7	87.3	19.93	 .0708	0.000	699	1	100.0	30
13/04/19	6:00	76.8	76.8	76.6	95	75.3	0.0	---	0.00	0.0	---	76.8	81.1	81.1	79.9	29.763	0.00	0.00	10	0.43	21	0.0	0.00	0.0	0.000	0.246	80.2	89	76.7	87.3	19.93	 .0709	0.000	698	1	100.0	30
13/04/19	6:30	77.4	77.4	76.8	96	76.2	0.0	---	0.00	0.0	---	77.4	82.5	82.5	83.1	29.779	0.00	0.00	30	1.29	35	0.0	0.00	0.0	0.000	0.258	80.4	90	77.2	88.0	20.42	 .0708	0.000	698	1	100.0	30
13/04/19	7:00	78.3	78.3	77.3	96	77.1	0.0	---	0.00	0.0	---	78.3	84.5	84.5	85.4	29.787	0.00	0.00	40	1.72	44	0.0	0.00	0.0	0.000	0.277	80.5	91	77.6	88.6	21.01	 .0708	0.001	698	1	100.0	30
13/04/19	7:30	79.6	79.6	78.3	95	78.0	0.0	---	0.00	0.0	---	79.6	87.5	87.5	88.9	29.803	0.00	0.00	62	2.67	188	0.3	0.06	1.5	0.000	0.304	81.2	92	78.7	90.8	21.17	 .0707	0.000	701	1	100.0	30
13/04/19	8:00	80.1	80.2	79.6	94	78.2	0.0	ESE	0.00	1.0	ESE	80.1	88.5	88.5	91.8	29.806	0.00	0.00	131	5.63	397	1.0	0.21	2.7	0.000	0.315	81.5	92	78.9	91.6	21.18	 .0706	0.002	699	1	100.0	30
13/04/19	8:30	86.3	86.3	80.0	83	80.5	0.0	ESE	0.00	3.0	SE	86.3	102.5	102.5	114.8	29.810	0.00	0.00	612	26.32	680	3.7	0.79	4.4	0.000	0.444	82.4	89	78.8	93.2	19.71	 .0705	0.000	701	1	100.0	30
13/04/19	9:00	87.9	87.9	85.9	77	79.8	1.0	NW	0.50	5.0	WSW	87.9	104.1	104.1	113.9	29.797	0.00	0.00	462	19.87	796	4.7	1.01	6.7	0.000	0.477	84.3	83	78.6	96.4	16.88	 .0703	0.014	699	1	100.0	30
13/04/19	9:30	89.9	89.9	87.6	75	80.9	2.0	SSW	1.00	5.0	SSE	89.9	109.1	109.1	121.6	29.799	0.00	0.00	823	35.39	896	7.5	1.61	8.7	0.000	0.519	86.1	81	79.6	100.8	16.11	 .0699	0.000	701	1	100.0	30
13/04/19	10:00	90.3	90.6	89.1	72	80.0	2.0	SSW	1.00	7.0	WSW	90.3	108.3	108.3	121.2	29.796	0.00	0.00	823	35.39	923	9.5	2.04	10.6	0.000	0.527	87.7	78	80.0	104.1	14.93	 .0697	0.021	699	1	100.0	30
13/04/19	10:30	90.8	91.2	89.7	70	79.7	2.0	S	1.00	7.0	W	90.8	108.4	108.4	120.4	29.792	0.00	0.00	647	27.82	990	11.3	2.42	11.9	0.000	0.538	89.8	71	79.1	106.1	12.85	 .0695	0.000	664	1	97.1	30
13/04/19	11:00	90.4	91.5	89.4	72	80.1	3.0	SSW	1.50	7.0	SSW	90.4	108.6	108.6	119.1	29.783	0.00	0.00	1010	43.44	1027	12.5	2.68	12.9	0.000	0.529	90.4	70	79.3	107.2	12.54	 .0694	0.023	699	1	100.0	30
13/04/19	11:30	89.8	91.1	89.6	73	80.0	3.0	S	1.50	7.0	WSW	89.8	107.4	107.4	117.7	29.767	0.00	0.00	1035	44.51	1041	13.2	2.83	13.3	0.000	0.517	90.7	69	79.1	107.4	12.34	 .0693	0.000	702	1	100.0	30
13/04/19	12:00	90.4	90.5	89.5	72	80.1	3.0	SSW	1.50	8.0	SSE	90.4	108.6	108.6	119.6	29.757	0.00	0.00	1042	44.81	1046	13.4	2.87	13.4	0.000	0.529	90.9	69	79.3	108.0	12.33	 .0693	0.029	702	1	100.0	30
13/04/19	12:30	92.2	92.8	89.9	68	80.1	2.0	SSW	1.00	7.0	S	92.2	111.2	111.2	122.9	29.746	0.00	0.00	1030	44.30	1041	13.0	2.79	13.3	0.000	0.567	91.3	70	80.1	109.9	12.52	 .0691	0.000	700	1	100.0	30
13/04/19	13:00	91.4	92.1	89.5	73	81.5	2.0	S	1.00	7.0	S	91.4	112.6	112.6	125.1	29.732	0.00	0.00	997	42.88	1020	12.1	2.59	12.7	0.000	0.550	91.5	68	79.4	109.1	12.05	 .0691	0.028	701	1	100.0	30
13/04/19	13:30	90.7	91.4	89.7	72	80.4	2.0	ESE	1.00	9.0	ESE	90.7	109.6	109.6	122.6	29.718	0.00	0.00	946	40.68	986	10.6	2.27	11.4	0.000	0.535	91.5	68	79.4	109.1	12.05	 .0691	0.000	701	1	100.0	30
13/04/19	14:00	89.8	91.3	89.3	73	80.0	3.0	ESE	1.50	8.0	SSE	89.8	107.4	107.4	120.7	29.712	0.00	0.00	867	37.29	911	8.9	1.91	9.8	0.000	0.517	91.3	68	79.3	108.5	12.05	 .0691	0.025	700	1	100.0	30
13/04/19	14:30	89.8	90.5	89.2	72	79.6	2.0	SE	1.00	7.0	ESE	89.8	106.8	106.8	120.6	29.709	0.00	0.00	776	33.37	824	6.9	1.48	7.8	0.000	0.517	91.3	68	79.3	108.5	12.05	 .0691	0.000	702	1	100.0	30
13/04/19	15:00	89.1	90.4	89.1	75	80.1	3.0	SE	1.50	7.0	ESE	89.1	106.5	106.5	120.9	29.707	0.00	0.00	674	28.99	721	5.0	1.07	5.9	0.000	0.502	90.9	70	79.8	108.7	12.53	 .0691	0.020	700	1	100.0	30
13/04/19	15:30	89.4	89.9	88.9	75	80.4	2.0	SSW	1.00	7.0	S	89.4	107.5	107.5	122.3	29.697	0.00	0.00	569	24.47	654	3.4	0.73	4.2	0.000	0.508	91.0	72	80.7	110.5	13.11	 .0690	0.000	700	1	100.0	30
13/04/19	16:00	87.9	89.3	87.9	78	80.2	2.0	S	1.00	6.0	W	87.9	104.7	104.7	118.7	29.699	0.00	0.00	435	18.71	515	2.0	0.43	2.7	0.000	0.477	90.4	72	80.1	108.6	13.13	 .0691	0.014	701	1	100.0	30
13/04/19	16:30	86.5	88.2	86.4	81	80.0	2.0	S	1.00	7.0	SSE	86.5	102.0	102.0	107.6	29.697	0.00	0.00	145	6.24	359	0.9	0.19	1.4	0.000	0.448	89.7	73	79.9	107.1	13.46	 .0692	0.000	701	1	100.0	30
13/04/19	17:00	86.0	86.6	85.9	82	79.9	1.0	SE	0.50	6.0	SSE	86.0	101.0	101.0	100.9	29.720	0.00	0.00	51	2.19	77	0.2	0.04	0.6	0.000	0.438	88.3	75	79.4	104.1	14.12	 .0695	0.003	701	1	100.0	30
13/04/19	17:30	84.0	86.0	84.0	87	79.7	0.0	SSE	0.00	2.0	SSW	84.0	97.2	97.2	96.6	29.721	0.00	0.00	25	1.08	39	0.0	0.00	0.0	0.000	0.396	87.3	78	79.6	102.8	14.97	 .0696	0.000	703	1	100.0	30
13/04/19	18:00	82.7	84.0	82.6	88	78.8	0.0	SSE	0.00	1.0	SSE	82.7	93.7	93.7	92.5	29.720	0.00	0.00	3	0.13	12	0.0	0.00	0.0	0.000	0.369	86.2	80	79.3	100.5	15.70	 .0698	0.001	700	1	100.0	30
13/04/19	18:30	81.8	82.7	81.7	90	78.6	0.0	SSE	0.00	1.0	SSE	81.8	91.7	91.7	90.4	29.736	0.00	0.00	0	0.00	0	0.0	0.00	0.0	0.000	0.350	85.3	82	79.2	98.9	16.54	 .0699	0.000	700	1	100.0	30
13/04/19	19:00	81.0	81.7	80.9	91	78.1	0.0	---	0.00	0.0	---	81.0	89.9	89.9	88.6	29.742	0.00	0.00	0	0.00	0	0.0	0.00	0.0	0.000	0.333	84.8	83	79.1	97.9	16.86	 .0700	0.000	700	1	100.0	30
13/04/19	19:30	80.4	81.0	80.3	92	77.9	0.0	---	0.00	0.0	---	80.4	88.6	88.6	87.3	29.756	0.00	0.00	0	0.00	0	0.0	0.00	0.0	0.000	0.321	84.3	84	78.9	96.9	17.28	 .0701	0.000	701	1	100.0	30
13/04/19	20:00	80.5	80.5	80.3	92	78.0	0.0	---	0.00	0.0	---	80.5	88.9	88.9	87.6	29.770	0.00	0.00	0	0.00	0	0.0	0.00	0.0	0.000	0.323	84.2	84	78.8	96.6	17.28	 .0702	0.000	699	1	100.0	30
13/04/19	20:30	80.5	80.6	80.4	92	78.0	0.0	---	0.00	0.0	---	80.5	88.9	88.9	87.6	29.778	0.00	0.00	0	0.00	0	0.0	0.00	0.0	0.000	0.323	83.8	85	78.8	95.8	17.72	 .0703	0.000	701	1	100.0	30
13/04/19	21:00	80.3	80.6	80.2	92	77.8	0.0	---	0.00	0.0	---	80.3	88.4	88.4	87.1	29.789	0.00	0.00	0	0.00	0	0.0	0.00	0.0	0.000	0.319	83.8	86	79.2	96.2	18.12	 .0703	0.000	702	1	100.0	30
13/04/19	21:30	80.2	80.3	80.2	93	78.0	0.0	---	0.00	0.0	---	80.2	88.4	88.4	87.1	29.792	0.00	0.00	0	0.00	0	0.0	0.00	0.0	0.000	0.317	83.6	86	79.0	95.6	18.13	 .0703	0.000	701	1	100.0	30
13/04/19	22:00	80.2	80.2	80.1	93	78.0	0.0	---	0.00	0.0	---	80.2	88.4	88.4	87.1	29.798	0.00	0.00	0	0.00	0	0.0	0.00	0.0	0.000	0.317	83.4	86	78.8	95.0	18.15	 .0704	0.000	702	1	100.0	30
13/04/19	22:30	79.8	80.2	79.8	94	77.9	0.0	---	0.00	0.0	---	79.8	87.7	87.7	86.4	29.806	0.05	0.27	0	0.00	0	0.0	0.00	0.0	0.000	0.308	82.9	88	79.0	94.2	19.06	 .0704	0.000	697	1	100.0	30
13/04/19	23:00	79.9	79.9	79.7	94	78.0	0.0	SE	0.00	2.0	SE	79.9	87.9	87.9	86.6	29.797	0.01	0.07	0	0.00	0	0.0	0.00	0.0	0.000	0.310	82.7	89	79.1	94.0	19.68	 .0704	0.000	702	1	100.0	30
13/04/19	23:30	79.8	79.9	79.6	95	78.2	0.0	SE	0.00	1.0	SE	79.8	88.0	88.0	86.7	29.787	0.00	0.00	0	0.00	0	0.0	0.00	0.0	0.000	0.308	82.6	89	79.0	93.7	19.69	 .0704	0.000	697	1	100.0	30
14/04/19	00:00	79.6	79.9	79.6	95	78.0	0.0	---	0.00	0.0	---	79.6	87.5	87.5	86.2	29.778	0.00	0.00	0	0.00	0	0.0	0.00	0.0	0.000	0.304	82.6	89	79.0	93.7	19.69	 .0704	0.000	700	1	100.0	30
14/04/19	0:30	79.1	79.6	79.1	95	77.5	0.0	---	0.00	0.0	---	79.1	86.2	86.2	84.9	29.772	0.00	0.00	0	0.00	0	0.0	0.00	0.0	0.000	0.294	82.4	89	78.8	93.2	19.71	 .0704	0.000	700	1	100.0	30
14/04/19	1:00	78.2	79.2	78.1	95	76.6	0.0	---	0.00	0.0	---	78.2	84.1	84.1	82.7	29.770	0.00	0.00	0	0.00	0	0.0	0.00	0.0	0.000	0.275	82.0	89	78.4	92.0	19.75	 .0705	0.000	701	1	100.0	30
14/04/19	1:30	77.8	78.2	77.8	95	76.3	0.0	---	0.00	0.0	---	77.8	83.2	83.2	81.8	29.759	0.00	0.00	0	0.00	0	0.0	0.00	0.0	0.000	0.267	81.6	89	78.0	90.9	19.79	 .0706	0.000	698	1	100.0	30
14/04/19	2:00	77.8	77.9	77.7	95	76.3	0.0	---	0.00	0.0	---	77.8	83.2	83.2	81.8	29.761	0.00	0.00	0	0.00	0	0.0	0.00	0.0	0.000	0.267	81.4	89	77.8	90.4	19.81	 .0706	0.000	702	1	100.0	30
14/04/19	2:30	77.7	77.8	77.6	95	76.2	0.0	---	0.00	0.0	---	77.7	83.0	83.0	81.6	29.757	0.00	0.00	0	0.00	0	0.0	0.00	0.0	0.000	0.265	81.4	89	77.8	90.4	19.81	 .0706	0.000	700	1	100.0	30
14/04/19	3:00	77.4	77.7	77.3	95	75.9	0.0	---	0.00	0.0	---	77.4	82.3	82.3	80.8	29.754	0.00	0.00	0	0.00	0	0.0	0.00	0.0	0.000	0.258	81.0	89	77.4	89.3	19.85	 .0707	0.000	700	1	100.0	30
14/04/19	3:30	77.4	77.5	77.3	95	75.9	0.0	---	0.00	0.0	---	77.4	82.3	82.3	80.8	29.763	0.00	0.00	0	0.00	0	0.0	0.00	0.0	0.000	0.258	80.9	89	77.4	89.0	19.86	 .0707	0.000	701	1	100.0	30
14/04/19	4:00	77.6	77.6	77.4	96	76.4	0.0	---	0.00	0.0	---	77.6	83.0	83.0	81.6	29.771	0.00	0.00	0	0.00	0	0.0	0.00	0.0	0.000	0.262	80.9	90	77.7	89.3	20.38	 .0707	0.000	703	1	100.0	30
14/04/19	4:30	77.5	77.7	77.5	95	76.0	0.0	---	0.00	0.0	---	77.5	82.6	82.6	81.1	29.763	0.00	0.00	0	0.00	0	0.0	0.00	0.0	0.000	0.260	80.5	90	77.3	88.3	20.41	 .0708	0.000	701	1	100.0	30
14/04/19	5:00	77.4	77.6	77.4	95	75.9	0.0	---	0.00	0.0	---	77.4	82.3	82.3	80.8	29.759	0.00	0.00	0	0.00	0	0.0	0.00	0.0	0.000	0.258	80.4	90	77.2	88.0	20.42	 .0708	0.000	701	1	100.0	30
14/04/19	5:30	77.4	77.5	77.3	96	76.2	0.0	SE	0.00	1.0	SE	77.4	82.5	82.5	81.1	29.756	0.00	0.00	1	0.04	5	0.0	0.00	0.0	0.000	0.258	80.3	91	77.4	88.1	21.03	 .0708	0.000	702	1	100.0	30
14/04/19	6:00	77.6	77.7	77.4	96	76.4	0.0	---	0.00	0.0	---	77.6	83.0	83.0	81.9	29.763	0.00	0.00	12	0.52	19	0.0	0.00	0.0	0.000	0.262	80.4	91	77.5	88.3	21.02	 .0708	0.000	701	1	100.0	30
14/04/19	6:30	78.0	78.0	77.6	96	76.8	0.0	---	0.00	0.0	---	78.0	83.8	83.8	84.6	29.775	0.00	0.00	33	1.42	46	0.0	0.00	0.0	0.000	0.271	80.5	91	77.6	88.6	21.01	 .0708	0.000	703	1	100.0	30
14/04/19	7:00	78.7	78.7	78.0	96	77.5	0.0	---	0.00	0.0	---	78.7	85.5	85.5	87.1	29.788	0.00	0.00	58	2.49	77	0.0	0.00	0.0	0.000	0.285	80.9	92	78.4	90.0	21.17	 .0707	0.001	701	1	100.0	30
14/04/19	7:30	80.0	80.0	78.7	96	78.8	0.0	---	0.00	0.0	---	80.0	88.8	88.8	91.7	29.802	0.00	0.00	105	4.52	132	0.6	0.13	0.9	0.000	0.313	81.3	93	79.1	91.4	21.28	 .0706	0.000	702	1	100.0	30
14/04/19	8:00	81.0	81.1	79.9	96	79.8	0.0	---	0.00	0.0	---	81.0	91.6	91.6	96.4	29.813	0.00	0.00	183	7.87	250	1.4	0.30	2.0	0.000	0.333	82.0	93	79.8	93.4	21.29	 .0705	0.004	701	1	100.0	30
14/04/19	8:30	85.1	85.5	81.0	85	80.1	0.0	SE	0.00	2.0	SE	85.1	99.7	99.7	109.9	29.821	0.00	0.00	448	19.27	589	3.1	0.66	3.7	0.000	0.419	83.4	89	79.8	96.1	19.61	 .0703	0.000	700	1	100.0	30
14/04/19	9:00	85.2	85.2	84.1	87	80.9	1.0	SSW	0.50	4.0	SSE	85.2	101.0	101.0	109.5	29.829	0.00	0.00	386	16.60	582	3.9	0.84	5.2	0.000	0.421	84.4	90	81.1	99.8	20.10	 .0701	0.011	701	1	100.0	30
14/04/19	9:30	85.9	86.4	85.2	85	80.9	1.0	S	0.50	3.0	SSW	85.9	102.3	102.3	111.6	29.824	0.00	0.00	444	19.09	603	5.3	1.14	6.6	0.000	0.435	85.2	88	81.2	101.5	18.84	 .0700	0.000	701	1	100.0	30
14/04/19	10:00	89.0	89.2	85.9	78	81.2	1.0	SSW	0.50	5.0	SW	89.0	108.2	108.2	120.8	29.826	0.00	0.00	707	30.40	874	8.2	1.76	10.1	0.000	0.500	86.4	83	80.6	102.8	16.79	 .0699	0.015	701	1	100.0	30
14/04/19	10:30	89.3	90.0	86.6	74	79.9	1.0	SSW	0.50	5.0	SW	89.3	106.5	106.5	118.1	29.809	0.00	0.00	611	26.28	1063	8.9	1.91	12.0	0.000	0.506	87.1	79	79.8	102.8	15.32	 .0698	0.000	699	1	100.0	30
14/04/19	11:00	91.1	91.5	89.4	69	79.5	2.0	S	1.00	7.0	SSW	91.1	108.6	108.6	119.5	29.803	0.00	0.00	1059	45.54	1109	12.5	2.68	13.0	0.000	0.544	89.0	74	79.6	105.6	13.77	 .0696	0.022	701	1	100.0	30
14/04/19	11:30	91.1	91.7	90.4	72	80.8	3.0	SSW	1.50	7.0	ESE	91.1	110.8	110.8	122.3	29.800	0.00	0.00	1141	49.07	1220	13.5	2.89	13.9	0.000	0.544	90.6	72	80.3	109.3	13.13	 .0693	0.000	702	1	100.0	30
14/04/19	12:00	90.3	91.2	88.2	73	80.5	2.0	SSW	1.00	7.0	W	90.3	109.0	109.0	121.9	29.782	0.00	0.00	746	32.08	1238	10.0	2.14	13.9	0.000	0.527	90.2	71	79.5	107.3	12.85	 .0694	0.026	700	1	100.0	30
14/04/19	12:30	90.2	92.6	90.2	72	79.9	2.0	SW	1.00	8.0	S	90.2	108.0	108.0	119.1	29.763	0.00	0.00	988	42.49	1150	11.8	2.53	13.3	0.000	0.525	91.0	70	79.8	109.0	12.53	 .0692	0.000	700	1	100.0	30
14/04/19	13:00	89.0	90.2	88.2	76	80.4	2.0	SW	1.00	6.0	W	89.0	106.9	106.9	118.9	29.751	0.00	0.00	650	27.95	854	8.6	1.84	10.2	0.000	0.500	90.4	72	80.1	108.6	13.13	 .0692	0.022	701	1	100.0	30
14/04/19	13:30	90.2	90.2	88.9	74	80.8	2.0	SSW	1.00	7.0	SSW	90.2	109.4	109.4	122.2	29.741	0.00	0.00	934	40.17	984	10.1	2.16	10.5	0.000	0.525	90.9	72	80.6	110.2	13.11	 .0691	0.000	702	1	100.0	30
14/04/19	14:00	90.7	90.9	89.3	77	82.5	2.0	SSW	1.00	6.0	SSE	90.7	113.4	113.4	127.5	29.730	0.00	0.00	903	38.83	974	8.9	1.91	10.0	0.000	0.535	91.5	72	81.2	112.2	13.09	 .0690	0.025	698	1	100.0	30
14/04/19	14:30	89.8	91.7	89.6	75	80.8	2.0	S	1.00	8.0	SSE	89.8	108.8	108.8	123.4	29.730	0.00	0.00	816	35.09	853	6.9	1.48	7.8	0.000	0.517	91.7	71	81.0	112.0	12.82	 .0690	0.000	700	1	100.0	30
14/04/19	15:00	88.5	89.8	88.5	78	80.8	2.0	SE	1.00	9.0	W	88.5	106.6	106.6	120.7	29.725	0.00	0.00	664	28.56	879	4.6	0.99	6.0	0.000	0.490	91.4	72	81.1	111.8	13.09	 .0690	0.020	702	1	100.0	30
14/04/19	15:30	88.8	89.5	87.7	79	81.4	2.0	SSW	1.00	5.0	S	88.8	108.3	108.3	120.0	29.714	0.00	0.00	458	19.70	668	2.9	0.62	3.9	0.000	0.496	90.8	73	80.9	110.6	13.42	 .0690	0.000	700	1	100.0	30
14/04/19	16:00	87.7	89.7	87.6	79	80.4	1.0	S	0.50	5.0	NW	87.7	104.7	104.7	115.9	29.708	0.00	0.00	357	15.35	566	1.6	0.34	2.5	0.000	0.473	90.4	73	80.6	109.3	13.43	 .0691	0.011	701	1	100.0	30
14/04/19	16:30	86.2	87.7	86.2	84	80.8	1.0	SSW	0.50	6.0	SSE	86.2	102.7	102.7	108.5	29.724	0.00	0.00	147	6.32	301	0.8	0.17	1.1	0.000	0.442	89.3	76	80.7	107.9	14.29	 .0693	0.000	699	1	100.0	30
14/04/19	17:00	85.6	86.3	85.2	84	80.2	1.0	SSE	0.50	5.0	S	85.6	100.8	100.8	100.6	29.733	0.00	0.00	43	1.85	72	0.0	0.00	0.0	0.000	0.429	88.0	77	79.9	104.4	14.67	 .0695	0.003	700	1	100.0	30
14/04/19	17:30	84.4	85.6	84.4	88	80.5	0.0	SE	0.00	6.0	W	84.4	98.9	98.9	98.2	29.741	0.00	0.00	21	0.90	42	0.0	0.00	0.0	0.000	0.404	87.1	80	80.2	103.3	15.67	 .0696	0.000	702	1	100.0	30
14/04/19	18:00	83.6	84.4	83.5	88	79.7	0.0	SE	0.00	2.0	SE	83.6	96.4	96.4	95.2	29.761	0.00	0.00	1	0.04	9	0.0	0.00	0.0	0.000	0.387	86.3	82	80.2	101.9	16.50	 .0698	0.000	702	1	100.0	30
14/04/19	18:30	82.7	83.5	82.7	91	79.8	0.0	SE	0.00	1.0	SE	82.7	94.8	94.8	93.6	29.773	0.00	0.00	0	0.00	0	0.0	0.00	0.0	0.000	0.369	85.7	84	80.3	101.1	17.22	 .0699	0.000	699	1	100.0	30
14/04/19	19:00	82.8	82.8	82.5	90	79.6	0.0	SE	0.00	2.0	SE	82.8	94.6	94.6	93.4	29.785	0.00	0.00	0	0.00	0	0.0	0.00	0.0	0.000	0.371	85.3	84	79.9	99.9	17.24	 .0700	0.000	702	1	100.0	30
14/04/19	19:30	82.5	83.0	82.5	91	79.6	0.0	E	0.00	2.0	E	82.5	94.2	94.2	93.0	29.789	0.00	0.00	0	0.00	0	0.0	0.00	0.0	0.000	0.365	85.0	86	80.3	99.9	18.05	 .0700	0.000	701	1	100.0	30
14/04/19	20:00	82.1	82.5	81.9	91	79.2	0.0	E	0.00	2.0	E	82.1	93.0	93.0	91.8	29.792	0.00	0.00	0	0.00	0	0.0	0.00	0.0	0.000	0.356	84.7	86	80.0	99.0	18.07	 .0701	0.000	698	1	100.0	30
14/04/19	20:30	81.4	82.1	81.4	92	78.9	0.0	E	0.00	3.0	NNW	81.4	91.4	91.4	90.1	29.796	0.00	0.00	0	0.00	0	0.0	0.00	0.0	0.000	0.342	84.2	87	79.9	97.8	18.50	 .0702	0.000	701	1	100.0	30
14/04/19	21:00	80.9	81.4	80.8	92	78.4	0.0	NNW	0.00	1.0	NNW	80.9	90.0	90.0	88.7	29.786	0.00	0.00	0	0.00	0	0.0	0.00	0.0	0.000	0.331	84.0	87	79.7	97.2	18.51	 .0702	0.000	702	1	100.0	30
14/04/19	21:30	80.3	80.9	80.3	93	78.1	0.0	NNW	0.00	1.0	NNW	80.3	88.7	88.7	87.4	29.797	0.00	0.00	0	0.00	0	0.0	0.00	0.0	0.000	0.319	83.7	87	79.4	96.3	18.53	 .0703	0.000	701	1	100.0	30
14/04/19	22:00	79.9	80.3	79.8	93	77.7	0.0	---	0.00	0.0	---	79.9	87.7	87.7	86.4	29.805	0.00	0.00	0	0.00	0	0.0	0.00	0.0	0.000	0.310	83.4	87	79.1	95.4	18.55	 .0703	0.000	701	1	100.0	30
14/04/19	22:30	79.4	79.9	79.4	94	77.5	0.0	---	0.00	0.0	---	79.4	86.7	86.7	85.4	29.805	0.00	0.00	0	0.00	0	0.0	0.00	0.0	0.000	0.300	83.2	87	78.9	94.8	18.56	 .0704	0.000	702	1	100.0	30
14/04/19	23:00	79.1	79.4	79.1	94	77.2	0.0	---	0.00	0.0	---	79.1	85.9	85.9	84.6	29.812	0.00	0.00	0	0.00	0	0.0	0.00	0.0	0.000	0.294	82.9	87	78.6	93.9	18.58	 .0705	0.000	700	1	100.0	30
14/04/19	23:30	78.9	79.1	78.9	94	77.0	0.0	---	0.00	0.0	---	78.9	85.4	85.4	84.1	29.806	0.00	0.00	0	0.00	0	0.0	0.00	0.0	0.000	0.290	82.6	88	78.7	93.4	19.09	 .0705	0.000	699	1	100.0	30
15/04/19	00:00	78.8	78.9	78.7	94	76.9	0.0	---	0.00	0.0	---	78.8	85.2	85.2	83.8	29.796	0.00	0.00	0	0.00	0	0.0	0.00	0.0	0.000	0.288	82.4	88	78.5	92.9	19.11	 .0705	0.000	702	1	100.0	30
15/04/19	0:30	78.8	78.9	78.7	94	76.9	0.0	---	0.00	0.0	---	78.8	85.2	85.2	83.8	29.789	0.00	0.00	0	0.00	0	0.0	0.00	0.0	0.000	0.288	82.4	88	78.5	92.9	19.11	 .0705	0.000	701	1	100.0	30
15/04/19	1:00	78.9	78.9	78.7	95	77.3	0.0	---	0.00	0.0	---	78.9	85.7	85.7	84.4	29.781	0.00	0.00	0	0.00	0	0.0	0.00	0.0	0.000	0.290	82.1	89	78.5	92.3	19.74	 .0705	0.000	701	1	100.0	30
15/04/19	1:30	78.9	79.0	78.6	95	77.3	0.0	ENE	0.00	2.0	NNW	78.9	85.7	85.7	84.4	29.782	0.00	0.00	0	0.00	0	0.0	0.00	0.0	0.000	0.290	82.1	89	78.5	92.3	19.74	 .0705	0.000	699	1	100.0	30
15/04/19	2:00	78.8	79.1	78.8	94	76.9	1.0	ENE	0.50	3.0	ESE	78.8	85.2	85.2	83.8	29.770	0.00	0.00	0	0.00	0	0.0	0.00	0.0	0.000	0.288	81.9	89	78.3	91.7	19.76	 .0705	0.000	702	1	100.0	30
15/04/19	2:30	78.6	78.9	78.5	94	76.7	0.0	SE	0.00	2.0	ESE	78.6	84.7	84.7	83.3	29.764	0.00	0.00	0	0.00	0	0.0	0.00	0.0	0.000	0.283	81.6	89	78.0	90.9	19.79	 .0706	0.000	701	1	100.0	30
15/04/19	3:00	78.0	78.7	77.9	94	76.1	0.0	NNW	0.00	2.0	NE	78.0	83.4	83.4	82.0	29.754	0.35	2.38	0	0.00	0	0.0	0.00	0.0	0.000	0.271	81.4	88	77.5	90.1	19.21	 .0706	0.000	702	1	100.0	30
15/04/19	3:30	77.8	78.1	77.8	95	76.3	1.0	E	0.50	2.0	NNW	77.8	83.2	83.2	81.8	29.761	0.07	0.56	0	0.00	0	0.0	0.00	0.0	0.000	0.267	80.6	90	77.4	88.5	20.40	 .0707	0.000	701	1	100.0	30
15/04/19	4:00	77.8	77.9	77.7	95	76.3	0.0	---	0.00	0.0	---	77.8	83.2	83.2	81.8	29.774	0.00	0.00	0	0.00	0	0.0	0.00	0.0	0.000	0.267	80.8	90	77.6	89.0	20.39	 .0707	0.000	697	1	100.0	30
15/04/19	4:30	77.8	77.9	77.7	95	76.3	0.0	E	0.00	1.0	E	77.8	83.2	83.2	81.8	29.771	0.00	0.00	0	0.00	0	0.0	0.00	0.0	0.000	0.267	80.5	91	77.6	88.6	21.01	 .0708	0.000	699	1	100.0	30
15/04/19	5:00	77.6	77.9	77.5	95	76.1	0.0	E	0.00	1.0	E	77.6	82.8	82.8	81.4	29.783	0.00	0.00	0	0.00	0	0.0	0.00	0.0	0.000	0.262	80.7	90	77.5	88.7	20.39	 .0708	0.000	699	1	100.0	30
15/04/19	5:30	77.4	77.7	77.3	95	75.9	0.0	---	0.00	0.0	---	77.4	82.3	82.3	80.8	29.788	0.00	0.00	0	0.00	0	0.0	0.00	0.0	0.000	0.258	80.4	90	77.2	88.0	20.42	 .0708	0.000	701	1	100.0	30
15/04/19	6:00	77.4	77.5	77.3	95	75.9	0.0	E	0.00	2.0	E	77.4	82.3	82.3	80.9	29.802	0.00	0.00	4	0.17	12	0.0	0.00	0.0	0.000	0.258	80.5	90	77.3	88.3	20.41	 .0709	0.000	699	1	100.0	30
15/04/19	6:30	77.6	77.6	77.4	95	76.1	0.0	---	0.00	0.0	---	77.6	82.8	82.8	83.0	29.813	0.00	0.00	20	0.86	30	0.0	0.00	0.0	0.000	0.262	80.6	91	77.7	88.8	21.00	 .0708	0.000	702	1	100.0	30
15/04/19	7:00	78.0	78.0	77.5	96	76.8	0.0	---	0.00	0.0	---	78.0	83.8	83.8	85.1	29.819	0.00	0.00	51	2.19	76	0.0	0.00	0.0	0.000	0.271	80.7	91	77.8	89.1	20.99	 .0708	0.001	699	1	100.0	30
15/04/19	7:30	79.2	79.4	78.0	96	78.0	0.0	E	0.00	2.0	E	79.2	86.7	86.7	90.3	29.827	0.00	0.00	127	5.46	190	0.8	0.17	1.3	0.000	0.296	81.2	92	78.7	90.8	21.17	 .0707	0.000	703	1	100.0	30
15/04/19	8:00	80.3	80.7	79.2	96	79.1	0.0	E	0.00	2.0	E	80.3	89.6	89.6	94.8	29.826	0.00	0.00	194	8.34	223	1.7	0.36	1.9	0.000	0.319	82.1	92	79.5	93.4	21.19	 .0705	0.004	699	1	100.0	30
15/04/19	8:30	83.4	83.4	80.3	93	81.2	0.0	E	0.00	2.0	E	83.4	97.8	97.8	106.8	29.828	0.00	0.00	383	16.47	605	3.0	0.64	4.1	0.000	0.383	82.7	91	79.8	94.8	20.83	 .0704	0.000	700	1	100.0	30
15/04/19	9:00	85.8	85.8	83.4	89	82.2	1.0	E	0.50	4.0	SSW	85.8	104.1	104.1	116.5	29.827	0.00	0.00	649	27.91	773	4.9	1.05	6.4	0.000	0.433	84.0	90	80.7	98.4	20.13	 .0702	0.013	702	1	100.0	30
15/04/19	9:30	87.9	88.4	85.9	80	81.0	1.0	S	0.50	5.0	SSW	87.9	105.9	105.9	118.4	29.830	0.00	0.00	825	35.48	909	7.4	1.59	8.5	0.000	0.477	85.6	87	81.3	102.4	18.41	 .0699	0.000	701	1	100.0	30
15/04/19	10:00	88.1	88.5	87.8	83	82.3	2.0	SW	1.00	8.0	WSW	88.1	108.5	108.5	121.6	29.839	0.00	0.00	830	35.69	919	9.0	1.93	10.0	0.000	0.481	87.0	85	81.9	106.0	17.53	 .0697	0.022	699	1	100.0	30
15/04/19	10:30	88.5	88.6	86.8	80	81.5	2.0	SE	1.00	7.0	SE	88.5	107.9	107.9	120.9	29.836	0.00	0.00	760	32.68	1002	9.7	2.08	11.6	0.000	0.490	87.5	82	81.3	105.9	16.45	 .0697	0.000	702	1	100.0	30
15/04/19	11:00	88.3	89.4	88.2	82	82.1	2.0	SW	1.00	6.0	S	88.3	108.6	108.6	121.8	29.840	0.00	0.00	889	38.23	998	11.1	2.38	11.6	0.000	0.485	88.5	81	81.9	108.6	16.01	 .0695	0.022	700	1	100.0	30
15/04/19	11:30	90.1	90.1	88.0	79	82.7	3.0	SSW	1.50	9.0	SSW	90.1	112.8	112.8	123.9	29.830	0.00	0.00	1001	43.05	1041	12.6	2.70	13.0	0.000	0.523	89.2	77	81.0	108.2	14.60	 .0695	0.000	699	1	100.0	30
15/04/19	12:00	89.6	90.4	88.8	76	81.0	3.0	S	1.50	9.0	SSW	89.6	108.8	108.8	119.6	29.828	0.00	0.00	1029	44.25	1034	12.9	2.76	13.0	0.000	0.512	89.9	76	81.3	109.8	14.26	 .0694	0.028	702	1	100.0	30
15/04/19	12:30	90.4	90.5	88.6	77	82.2	3.0	SW	1.50	11.0	SW	90.4	112.3	112.3	124.1	29.810	0.00	0.00	1032	44.38	1071	12.5	2.68	12.8	0.000	0.529	90.3	75	81.3	110.4	14.04	 .0693	0.000	698	1	100.0	30
15/04/19	13:00	88.4	91.2	88.1	81	81.8	3.0	SSW	1.50	10.0	WSW	88.4	108.3	108.3	120.8	29.796	0.00	0.00	1004	43.18	1048	11.7	2.51	12.3	0.000	0.488	90.4	74	81.0	110.0	13.74	 .0693	0.028	698	1	100.0	30
15/04/19	13:30	88.6	89.7	88.2	79	81.2	3.0	SW	1.50	9.0	WSW	88.6	107.6	107.6	121.1	29.787	0.00	0.00	983	42.27	1088	9.9	2.12	11.1	0.000	0.492	90.6	74	81.2	110.7	13.74	 .0692	0.000	700	1	100.0	30
15/04/19	14:00	89.4	90.7	88.6	78	81.6	2.0	SSW	1.00	9.0	WSW	89.4	109.6	109.6	123.5	29.776	0.00	0.00	898	38.62	1046	8.6	1.84	9.7	0.000	0.508	91.3	73	81.4	112.3	13.40	 .0691	0.025	701	1	100.0	30
15/04/19	14:30	88.5	89.6	88.4	77	80.4	3.0	SSW	1.50	7.0	SSW	88.5	106.0	106.0	121.3	29.762	0.00	0.00	847	36.43	896	6.7	1.44	7.7	0.000	0.490	91.3	71	80.6	110.7	12.82	 .0691	0.000	702	1	100.0	30
15/04/19	15:00	89.5	89.5	88.2	79	82.1	2.0	SW	1.00	7.0	SW	89.5	110.7	110.7	126.5	29.747	0.00	0.00	734	31.57	837	4.8	1.03	5.8	0.000	0.510	91.2	71	80.5	110.4	12.83	 .0691	0.020	703	1	100.0	30
15/04/19	15:30	88.0	89.7	87.9	78	80.3	2.0	SSW	1.00	7.0	SSE	88.0	105.0	105.0	120.2	29.748	0.00	0.00	586	25.20	680	3.2	0.69	4.1	0.000	0.479	91.2	72	80.9	111.2	13.10	 .0691	0.000	700	1	100.0	30
15/04/19	16:00	87.0	88.5	86.9	81	80.5	2.0	S	1.00	6.0	S	87.0	103.6	103.6	118.1	29.746	0.00	0.00	455	19.57	533	1.9	0.41	2.5	0.000	0.458	90.9	70	79.8	108.7	12.53	 .0692	0.014	698	1	100.0	30
15/04/19	16:30	85.9	87.0	85.9	83	80.1	1.0	SSW	0.50	5.0	SSW	85.9	101.2	101.2	108.1	29.754	0.00	0.00	192	8.26	367	0.8	0.17	1.3	0.000	0.435	89.7	73	79.9	107.1	13.46	 .0694	0.000	701	1	100.0	30
15/04/19	17:00	84.6	85.9	84.5	85	79.6	1.0	SSW	0.50	4.0	WSW	84.6	98.2	98.2	98.6	29.757	0.00	0.00	77	3.31	105	0.1	0.02	0.5	0.000	0.408	88.3	77	80.2	105.3	14.65	 .0695	0.004	697	1	100.0	30
15/04/19	17:30	83.4	84.6	83.4	88	79.5	0.0	SSW	0.00	2.0	SSW	83.4	95.8	95.8	95.0	29.764	0.00	0.00	24	1.03	46	0.0	0.00	0.0	0.000	0.383	87.2	79	79.9	103.1	15.32	 .0697	0.000	702	1	100.0	30
15/04/19	18:00	82.1	83.5	82.0	90	78.9	0.0	SSW	0.00	1.0	SSW	82.1	92.6	92.6	91.2	29.775	0.00	0.00	0	0.00	0	0.0	0.00	0.0	0.000	0.356	86.3	82	80.2	101.9	16.50	 .0698	0.000	701	1	100.0	30
15/04/19	18:30	81.2	82.0	81.2	91	78.3	0.0	SSW	0.00	1.0	SSW	81.2	90.4	90.4	89.0	29.789	0.00	0.00	0	0.00	0	0.0	0.00	0.0	0.000	0.337	85.5	83	79.7	100.0	16.83	 .0700	0.000	700	1	100.0	30
15/04/19	19:00	80.4	81.2	80.4	92	77.9	0.0	SSW	0.00	1.0	SSW	80.4	88.6	88.6	87.2	29.795	0.00	0.00	0	0.00	0	0.0	0.00	0.0	0.000	0.321	84.7	83	79.0	97.6	16.86	 .0702	0.000	701	1	100.0	30
15/04/19	19:30	80.1	80.5	80.0	93	77.9	0.0	SSW	0.00	1.0	SSW	80.1	88.2	88.2	86.8	29.795	0.00	0.00	0	0.00	0	0.0	0.00	0.0	0.000	0.315	84.1	85	79.1	96.7	17.70	 .0702	0.000	702	1	100.0	30
15/04/19	20:00	79.8	80.1	79.8	93	77.6	0.0	SSW	0.00	1.0	SSW	79.8	87.4	87.4	86.0	29.809	0.00	0.00	0	0.00	0	0.0	0.00	0.0	0.000	0.308	83.7	85	78.7	95.5	17.73	 .0704	0.000	700	1	100.0	30
15/04/19	20:30	80.0	80.0	79.8	94	78.1	0.0	---	0.00	0.0	---	80.0	88.2	88.2	86.8	29.822	0.00	0.00	0	0.00	0	0.0	0.00	0.0	0.000	0.313	83.7	86	79.1	95.9	18.13	 .0704	0.000	700	1	100.0	30
15/04/19	21:00	79.8	80.0	79.8	94	77.9	0.0	---	0.00	0.0	---	79.8	87.7	87.7	86.3	29.828	0.00	0.00	0	0.00	0	0.0	0.00	0.0	0.000	0.308	83.6	86	79.0	95.6	18.13	 .0704	0.000	701	1	100.0	30
15/04/19	21:30	79.5	79.9	79.4	94	77.6	0.0	---	0.00	0.0	---	79.5	86.9	86.9	85.5	29.829	0.00	0.00	0	0.00	0	0.0	0.00	0.0	0.000	0.302	83.3	87	79.0	95.1	18.55	 .0704	0.000	702	1	100.0	30
15/04/19	22:00	79.0	79.5	79.0	94	77.1	0.0	---	0.00	0.0	---	79.0	85.7	85.7	84.3	29.827	0.00	0.00	0	0.00	0	0.0	0.00	0.0	0.000	0.292	82.9	87	78.6	93.9	18.58	 .0705	0.000	695	1	100.0	30
15/04/19	22:30	78.8	79.0	78.8	94	76.9	0.0	---	0.00	0.0	---	78.8	85.2	85.2	83.7	29.824	0.00	0.00	0	0.00	0	0.0	0.00	0.0	0.000	0.288	82.8	87	78.5	93.6	18.58	 .0705	0.000	702	1	100.0	30
15/04/19	23:00	78.8	79.0	78.8	95	77.2	0.0	---	0.00	0.0	---	78.8	85.4	85.4	84.0	29.817	0.00	0.00	0	0.00	0	0.0	0.00	0.0	0.000	0.288	82.8	87	78.5	93.6	18.58	 .0705	0.000	701	1	100.0	30
15/04/19	23:30	78.6	78.8	78.6	95	77.0	0.0	---	0.00	0.0	---	78.6	85.0	85.0	83.6	29.813	0.00	0.00	0	0.00	0	0.0	0.00	0.0	0.000	0.283	82.5	88	78.6	93.1	19.10	 .0705	0.000	699	1	100.0	30
16/04/19	00:00	78.3	78.6	78.2	95	76.7	0.0	---	0.00	0.0	---	78.3	84.3	84.3	82.8	29.804	0.00	0.00	0	0.00	0	0.0	0.00	0.0	0.000	0.277	82.3	88	78.4	92.6	19.12	 .0705	0.000	702	1	100.0	30
16/04/19	0:30	77.8	78.3	77.8	95	76.3	0.0	---	0.00	0.0	---	77.8	83.2	83.2	81.7	29.795	0.00	0.00	0	0.00	0	0.0	0.00	0.0	0.000	0.267	82.0	87	77.7	91.5	18.63	 .0706	0.000	701	1	100.0	30
16/04/19	1:00	77.7	77.9	77.7	95	76.2	0.0	---	0.00	0.0	---	77.7	83.0	83.0	81.5	29.787	0.00	0.00	0	0.00	0	0.0	0.00	0.0	0.000	0.265	81.6	88	77.7	90.7	19.19	 .0706	0.000	702	1	100.0	30
16/04/19	1:30	77.3	77.7	77.3	95	75.8	0.0	---	0.00	0.0	---	77.3	82.1	82.1	80.5	29.785	0.00	0.00	0	0.00	0	0.0	0.00	0.0	0.000	0.256	81.4	88	77.5	90.1	19.21	 .0707	0.000	702	1	100.0	30
16/04/19	2:00	77.2	77.3	77.1	95	75.7	0.0	---	0.00	0.0	---	77.2	81.9	81.9	80.3	29.780	0.00	0.00	0	0.00	0	0.0	0.00	0.0	0.000	0.254	81.2	88	77.3	89.6	19.23	 .0707	0.000	702	1	100.0	30
16/04/19	2:30	77.4	77.5	77.2	95	75.9	0.0	---	0.00	0.0	---	77.4	82.3	82.3	80.7	29.777	0.00	0.00	0	0.00	0	0.0	0.00	0.0	0.000	0.258	81.1	88	77.2	89.3	19.24	 .0707	0.000	699	1	100.0	30
16/04/19	3:00	77.7	77.7	77.3	95	76.2	0.0	---	0.00	0.0	---	77.7	83.0	83.0	81.5	29.774	0.00	0.00	0	0.00	0	0.0	0.00	0.0	0.000	0.265	80.7	90	77.5	88.7	20.39	 .0708	0.000	702	1	100.0	30
16/04/19	3:30	77.7	77.8	77.6	95	76.2	0.0	SSW	0.00	2.0	SSW	77.7	83.0	83.0	81.5	29.775	0.00	0.00	0	0.00	0	0.0	0.00	0.0	0.000	0.265	80.7	90	77.5	88.7	20.39	 .0708	0.000	700	1	100.0	30
16/04/19	4:00	77.3	77.7	77.3	95	75.8	0.0	SSW	0.00	1.0	SSW	77.3	82.1	82.1	80.5	29.780	0.00	0.00	0	0.00	0	0.0	0.00	0.0	0.000	0.256	80.8	89	77.3	88.8	19.87	 .0708	0.000	701	1	100.0	30
16/04/19	4:30	77.0	77.3	76.9	95	75.5	0.0	SSW	0.00	1.0	SSW	77.0	81.5	81.5	79.9	29.784	0.00	0.00	0	0.00	0	0.0	0.00	0.0	0.000	0.250	80.5	89	77.0	88.1	19.90	 .0708	0.000	702	1	100.0	30
16/04/19	5:00	77.1	77.1	76.9	95	75.6	0.0	SSW	0.00	1.0	SSW	77.1	81.7	81.7	80.1	29.785	0.00	0.00	0	0.00	0	0.0	0.00	0.0	0.000	0.252	80.0	90	76.8	87.0	20.45	 .0709	0.000	699	1	100.0	30
16/04/19	5:30	76.8	77.1	76.8	95	75.3	0.0	SSW	0.00	1.0	SSW	76.8	81.1	81.1	79.5	29.789	0.00	0.00	0	0.00	0	0.0	0.00	0.0	0.000	0.246	80.1	90	76.9	87.3	20.44	 .0709	0.000	702	1	100.0	30
16/04/19	6:00	76.9	76.9	76.8	95	75.4	0.0	---	0.00	0.0	---	76.9	81.3	81.3	80.0	29.791	0.00	0.00	14	0.60	23	0.0	0.00	0.0	0.000	0.248	80.3	90	77.1	87.8	20.43	 .0709	0.000	701	1	100.0	30
16/04/19	6:30	77.4	77.4	76.8	96	76.2	0.0	---	0.00	0.0	---	77.4	82.5	82.5	83.1	29.800	0.00	0.00	30	1.29	37	0.0	0.00	0.0	0.000	0.258	80.3	91	77.4	88.1	21.03	 .0709	0.000	702	1	100.0	30
16/04/19	7:00	78.4	78.4	77.4	96	77.2	0.0	---	0.00	0.0	---	78.4	84.8	84.8	85.9	29.815	0.00	0.00	45	1.94	53	0.0	0.00	0.0	0.000	0.279	80.4	92	77.9	88.6	21.16	 .0709	0.001	700	1	100.0	30
16/04/19	7:30	79.6	79.6	78.3	96	78.4	0.0	SSW	0.00	1.0	SSW	79.6	87.7	87.7	89.7	29.828	0.00	0.00	78	3.35	292	0.7	0.15	1.5	0.000	0.304	80.9	92	78.4	90.0	21.17	 .0708	0.000	700	1	100.0	30
16/04/19	8:00	83.3	83.3	79.5	90	80.1	0.0	SSW	0.00	4.0	SSW	83.3	96.2	96.2	106.9	29.832	0.00	0.00	433	18.62	548	2.2	0.47	2.8	0.000	0.381	82.2	92	79.6	93.7	21.19	 .0705	0.006	702	1	100.0	30
16/04/19	8:30	86.1	86.2	83.3	83	80.3	1.0	SSW	0.50	5.0	SSW	86.1	101.8	101.8	113.9	29.832	0.00	0.00	589	25.33	654	3.8	0.81	4.6	0.000	0.440	83.4	89	79.8	96.1	19.61	 .0704	0.000	701	1	100.0	30
16/04/19	9:00	87.4	87.7	86.1	82	81.2	2.0	SSW	1.00	8.0	WSW	87.4	105.5	105.5	118.1	29.834	0.00	0.00	706	30.36	752	5.5	1.18	6.6	0.000	0.467	84.6	86	79.9	98.6	18.07	 .0702	0.017	700	1	100.0	30
16/04/19	9:30	88.4	88.5	87.0	81	81.8	2.0	SSW	1.00	9.0	WSW	88.4	108.3	108.3	121.1	29.843	0.00	0.00	800	34.40	846	7.6	1.63	8.5	0.000	0.488	86.0	85	81.0	102.6	17.59	 .0700	0.000	697	1	100.0	30
16/04/19	10:00	89.5	89.5	88.0	80	82.5	2.0	SSW	1.00	8.0	SW	89.5	111.4	111.4	124.2	29.846	0.00	0.00	877	37.72	937	9.5	2.04	10.4	0.000	0.510	87.3	83	81.5	105.8	16.76	 .0697	0.022	702	1	100.0	30
16/04/19	10:30	89.6	90.3	88.8	79	82.2	3.0	SW	1.50	9.0	WSW	89.6	111.0	111.0	123.6	29.842	0.00	0.00	932	40.08	1035	11.2	2.40	12.0	0.000	0.512	88.4	80	81.4	107.6	15.61	 .0696	0.000	699	1	100.0	30
16/04/19	11:00	90.6	91.2	88.4	75	81.6	2.0	SSW	1.00	8.0	S	90.6	111.4	111.4	122.7	29.833	0.00	0.00	1081	46.49	1144	12.4	2.66	12.9	0.000	0.533	89.4	77	81.2	108.9	14.59	 .0695	0.026	703	1	100.0	30
16/04/19	11:30	90.3	91.0	89.7	77	82.1	2.0	SSW	1.00	7.0	W	90.3	112.0	112.0	122.4	29.825	0.00	0.00	1032	44.38	1049	13.0	2.79	13.1	0.000	0.527	90.0	73	80.2	108.0	13.45	 .0695	0.000	700	1	100.0	30
16/04/19	12:00	90.0	90.4	89.1	75	81.0	3.0	SSW	1.50	11.0	WSW	90.0	109.4	109.4	120.2	29.808	0.00	0.00	1034	44.47	1069	12.9	2.76	13.2	0.000	0.521	90.2	74	80.8	109.4	13.75	 .0694	0.028	702	1	100.0	30
16/04/19	12:30	89.5	90.3	88.6	76	80.9	3.0	SW	1.50	9.0	SSW	89.5	108.5	108.5	119.9	29.793	0.00	0.00	1011	43.48	1056	12.3	2.64	12.9	0.000	0.510	90.2	72	79.9	108.0	13.14	 .0694	0.000	701	1	100.0	30
16/04/19	13:00	88.9	91.2	88.2	77	80.7	3.0	SSW	1.50	9.0	SSW	88.9	107.2	107.2	119.1	29.778	0.00	0.00	968	41.63	993	11.5	2.46	12.1	0.000	0.498	90.3	70	79.2	106.9	12.54	 .0694	0.027	702	1	100.0	30
16/04/19	13:30	89.3	90.9	88.4	73	79.5	2.0	SW	1.00	8.0	W	89.3	105.9	105.9	118.1	29.759	0.00	0.00	907	39.01	949	10.1	2.16	10.9	0.000	0.506	90.8	70	79.7	108.4	12.53	 .0692	0.000	699	1	100.0	30
16/04/19	14:00	88.4	89.3	87.8	74	79.1	2.0	SSW	1.00	6.0	SSW	88.4	103.8	103.8	116.6	29.749	0.00	0.00	840	36.12	881	8.5	1.82	9.3	0.000	0.488	90.6	69	79.0	107.1	12.34	 .0693	0.024	701	1	100.0	30
16/04/19	14:30	88.7	89.5	88.3	75	79.8	2.0	SE	1.00	6.0	SSW	88.7	105.3	105.3	118.3	29.743	0.00	0.00	743	31.95	788	6.6	1.41	7.5	0.000	0.494	90.7	69	79.1	107.4	12.34	 .0693	0.000	700	1	100.0	30
16/04/19	15:00	88.1	89.5	87.7	77	80.0	2.0	E	1.00	5.0	SSE	88.1	104.7	104.7	118.0	29.732	0.00	0.00	638	27.44	694	4.8	1.03	5.7	0.000	0.481	90.6	71	79.9	108.5	12.84	 .0692	0.019	701	1	100.0	30
16/04/19	15:30	87.7	88.2	87.2	76	79.2	2.0	SW	1.00	5.0	SW	87.7	102.9	102.9	116.1	29.724	0.00	0.00	520	22.36	578	3.1	0.66	3.9	0.000	0.473	90.5	70	79.4	107.5	12.54	 .0692	0.000	698	1	100.0	30
16/04/19	16:00	86.2	87.8	86.0	79	78.9	2.0	SE	1.00	7.0	SE	86.2	100.0	100.0	111.0	29.720	0.00	0.00	357	15.35	478	1.8	0.39	2.4	0.000	0.442	89.7	70	78.6	105.1	12.55	 .0694	0.012	699	1	100.0	30
16/04/19	16:30	85.2	86.3	85.1	80	78.3	1.0	S	0.50	5.0	S	85.2	97.7	97.7	103.0	29.722	0.00	0.00	136	5.85	290	0.9	0.19	1.3	0.000	0.421	88.9	71	78.3	103.4	12.85	 .0695	0.000	701	1	100.0	30
16/04/19	17:00	84.5	85.1	84.3	82	78.4	0.0	SSE	0.00	3.0	SE	84.5	96.6	96.6	96.9	29.733	0.00	0.00	67	2.88	76	0.1	0.02	0.5	0.000	0.406	87.5	75	78.6	101.8	14.15	 .0697	0.003	702	1	100.0	30
16/04/19	17:30	82.9	84.6	82.9	88	79.0	0.0	E	0.00	2.0	E	82.9	94.2	94.2	93.8	29.742	0.00	0.00	36	1.55	51	0.0	0.00	0.0	0.000	0.373	86.6	78	78.9	100.7	15.02	 .0698	0.000	701	1	100.0	30
16/04/19	18:00	81.7	82.9	81.7	89	78.1	0.0	E	0.00	1.0	E	81.7	91.2	91.2	90.1	29.745	0.00	0.00	4	0.17	18	0.0	0.00	0.0	0.000	0.348	85.6	81	79.1	99.3	16.13	 .0699	0.001	700	1	100.0	30
16/04/19	18:30	80.8	81.7	80.7	91	77.9	0.0	---	0.00	0.0	---	80.8	89.3	89.3	88.0	29.761	0.00	0.00	0	0.00	0	0.0	0.00	0.0	0.000	0.329	84.7	82	78.6	97.2	16.56	 .0701	0.000	701	1	100.0	30
16/04/19	19:00	80.0	80.8	79.9	92	77.5	0.0	---	0.00	0.0	---	80.0	87.6	87.6	86.3	29.769	0.00	0.00	0	0.00	0	0.0	0.00	0.0	0.000	0.313	84.1	83	78.4	95.9	16.89	 .0702	0.000	699	1	100.0	30
16/04/19	19:30	79.8	80.0	79.7	92	77.3	0.0	---	0.00	0.0	---	79.8	87.1	87.1	85.8	29.777	0.00	0.00	0	0.00	0	0.0	0.00	0.0	0.000	0.308	83.6	84	78.2	94.9	17.31	 .0703	0.000	701	1	100.0	30
16/04/19	20:00	79.9	80.0	79.7	93	77.7	0.0	---	0.00	0.0	---	79.9	87.7	87.7	86.4	29.782	0.00	0.00	0	0.00	0	0.0	0.00	0.0	0.000	0.310	83.5	85	78.5	94.9	17.74	 .0703	0.000	701	1	100.0	30
16/04/19	20:30	79.8	80.0	79.7	93	77.6	0.0	---	0.00	0.0	---	79.8	87.4	87.4	86.1	29.800	0.00	0.00	0	0.00	0	0.0	0.00	0.0	0.000	0.308	83.3	85	78.3	94.4	17.75	 .0704	0.000	698	1	100.0	30
16/04/19	21:00	80.0	80.0	79.8	93	77.8	0.0	---	0.00	0.0	---	80.0	87.9	87.9	86.6	29.814	0.00	0.00	0	0.00	0	0.0	0.00	0.0	0.000	0.313	83.4	86	78.8	95.0	18.15	 .0704	0.000	702	1	100.0	30
16/04/19	21:30	80.0	80.1	79.9	94	78.1	0.0	---	0.00	0.0	---	80.0	88.2	88.2	87.0	29.823	0.00	0.00	0	0.00	0	0.0	0.00	0.0	0.000	0.313	83.2	87	78.9	94.8	18.56	 .0704	0.000	702	1	100.0	30
16/04/19	22:00	79.8	80.0	79.7	94	77.9	0.0	---	0.00	0.0	---	79.8	87.7	87.7	86.4	29.825	0.00	0.00	0	0.00	0	0.0	0.00	0.0	0.000	0.308	83.0	87	78.7	94.2	18.57	 .0705	0.000	701	1	100.0	30
16/04/19	22:30	79.4	79.8	79.4	94	77.5	0.0	---	0.00	0.0	---	79.4	86.7	86.7	85.4	29.820	0.00	0.00	0	0.00	0	0.0	0.00	0.0	0.000	0.300	82.8	88	78.9	94.0	19.07	 .0705	0.000	700	1	100.0	30
16/04/19	23:00	79.2	79.5	79.2	94	77.3	0.0	---	0.00	0.0	---	79.2	86.2	86.2	84.9	29.817	0.00	0.00	0	0.00	0	0.0	0.00	0.0	0.000	0.296	82.6	88	78.7	93.4	19.09	 .0705	0.000	700	1	100.0	30
16/04/19	23:30	79.1	79.3	79.1	94	77.2	0.0	---	0.00	0.0	---	79.1	85.9	85.9	84.6	29.805	0.00	0.00	0	0.00	0	0.0	0.00	0.0	0.000	0.294	82.4	88	78.5	92.9	19.11	 .0705	0.000	700	1	100.0	30
17/04/19	00:00	78.7	79.1	78.7	94	76.8	0.0	---	0.00	0.0	---	78.7	85.0	85.0	83.7	29.794	0.00	0.00	0	0.00	0	0.0	0.00	0.0	0.000	0.285	82.3	88	78.4	92.6	19.12	 .0705	0.000	702	1	100.0	30
17/04/19	0:30	78.7	78.8	78.6	95	77.1	0.0	---	0.00	0.0	---	78.7	85.2	85.2	83.9	29.787	0.00	0.00	0	0.00	0	0.0	0.00	0.0	0.000	0.285	82.0	89	78.4	92.0	19.75	 .0705	0.000	699	1	100.0	30
17/04/19	1:00	78.9	78.9	78.7	95	77.3	0.0	---	0.00	0.0	---	78.9	85.7	85.7	84.4	29.775	0.00	0.00	0	0.00	0	0.0	0.00	0.0	0.000	0.290	82.1	89	78.5	92.3	19.74	 .0705	0.000	703	1	100.0	30
17/04/19	1:30	78.5	78.9	78.5	95	76.9	0.0	---	0.00	0.0	---	78.5	84.8	84.8	83.5	29.758	0.00	0.00	0	0.00	0	0.0	0.00	0.0	0.000	0.281	81.9	89	78.3	91.7	19.76	 .0705	0.000	701	1	100.0	30
17/04/19	2:00	78.0	78.5	78.0	95	76.5	0.0	---	0.00	0.0	---	78.0	83.6	83.6	82.3	29.751	0.00	0.00	0	0.00	0	0.0	0.00	0.0	0.000	0.271	81.6	89	78.0	90.9	19.79	 .0705	0.000	698	1	100.0	30
17/04/19	2:30	78.0	78.0	77.9	95	76.5	0.0	---	0.00	0.0	---	78.0	83.6	83.6	82.3	29.756	0.00	0.00	0	0.00	0	0.0	0.00	0.0	0.000	0.271	81.4	89	77.8	90.4	19.81	 .0706	0.000	701	1	100.0	30
17/04/19	3:00	78.0	78.2	77.9	95	76.5	0.0	---	0.00	0.0	---	78.0	83.6	83.6	82.3	29.750	0.00	0.00	0	0.00	0	0.0	0.00	0.0	0.000	0.271	81.4	89	77.8	90.4	19.81	 .0706	0.000	699	1	100.0	30
17/04/19	3:30	77.7	78.0	77.7	95	76.2	0.0	---	0.00	0.0	---	77.7	83.0	83.0	81.7	29.751	0.00	0.00	0	0.00	0	0.0	0.00	0.0	0.000	0.265	81.2	89	77.6	89.8	19.83	 .0706	0.000	701	1	100.0	30
17/04/19	4:00	77.9	77.9	77.7	95	76.4	0.0	---	0.00	0.0	---	77.9	83.4	83.4	82.1	29.751	0.00	0.00	0	0.00	0	0.0	0.00	0.0	0.000	0.269	81.1	90	77.9	89.8	20.36	 .0706	0.000	700	1	100.0	30
17/04/19	4:30	77.9	78.0	77.8	95	76.4	0.0	E	0.00	3.0	NNE	77.9	83.4	83.4	82.1	29.754	0.00	0.00	0	0.00	0	0.0	0.00	0.0	0.000	0.269	80.7	90	77.5	88.7	20.39	 .0707	0.000	701	1	100.0	30
17/04/19	5:00	77.8	78.0	77.8	95	76.3	0.0	N	0.00	3.0	N	77.8	83.2	83.2	81.9	29.762	0.00	0.00	0	0.00	0	0.0	0.00	0.0	0.000	0.267	80.5	91	77.6	88.6	21.01	 .0707	0.000	699	1	100.0	30
17/04/19	5:30	77.7	77.9	77.6	95	76.2	0.0	N	0.00	1.0	N	77.7	83.0	83.0	81.7	29.762	0.00	0.00	4	0.17	16	0.0	0.00	0.0	0.000	0.265	80.6	91	77.7	88.8	21.00	 .0707	0.000	702	1	100.0	30
17/04/19	6:00	78.2	78.2	77.7	95	76.6	0.0	N	0.00	2.0	N	78.2	84.1	84.1	83.7	29.779	0.00	0.00	43	1.85	67	0.0	0.00	0.0	0.000	0.275	80.8	91	77.9	89.3	20.99	 .0707	0.001	700	1	100.0	30
17/04/19	6:30	79.3	79.3	78.3	95	77.7	0.0	NNW	0.00	2.0	NNW	79.3	86.7	86.7	88.9	29.783	0.00	0.00	62	2.67	81	0.0	0.00	0.0	0.000	0.298	81.1	91	78.2	90.1	20.96	 .0707	0.000	702	1	100.0	30
17/04/19	7:00	80.2	80.2	79.2	95	78.6	0.0	NNW	0.00	1.0	NNW	80.2	89.1	89.1	92.0	29.790	0.00	0.00	90	3.87	120	0.3	0.06	0.7	0.000	0.317	81.6	92	79.0	91.9	21.18	 .0706	0.002	701	1	100.0	30
17/04/19	7:30	81.2	81.2	80.1	94	79.3	0.0	ESE	0.00	2.0	NNW	81.2	91.5	91.5	95.4	29.794	0.00	0.00	134	5.76	202	1.1	0.24	1.4	0.000	0.337	82.3	92	79.7	94.0	21.20	 .0704	0.000	700	1	100.0	30
17/04/19	8:00	84.8	84.8	81.1	86	80.1	0.0	ESE	0.00	3.0	N	84.8	99.3	99.3	108.2	29.803	0.00	0.00	341	14.66	541	2.2	0.47	3.3	0.000	0.413	83.3	91	80.4	96.6	20.79	 .0703	0.006	702	1	100.0	30
17/04/19	8:30	85.0	86.8	84.9	85	80.0	1.0	SW	0.50	4.0	SE	85.0	99.4	99.4	108.4	29.799	0.00	0.00	388	16.69	650	3.3	0.71	4.0	0.000	0.417	84.5	87	80.2	98.8	18.48	 .0701	0.000	700	1	100.0	30
17/04/19	9:00	86.7	86.7	84.5	85	81.6	1.0	SW	0.50	4.0	SSE	86.7	105.0	105.0	113.4	29.809	0.00	0.00	379	16.30	782	4.3	0.92	6.6	0.000	0.452	84.8	87	80.5	99.7	18.46	 .0701	0.010	703	1	100.0	30
17/04/19	9:30	87.8	87.9	85.9	83	82.0	1.0	SSW	0.50	5.0	SW	87.8	107.5	107.5	118.2	29.810	0.00	0.00	533	22.92	847	5.8	1.24	8.2	0.000	0.475	85.7	86	81.0	102.2	18.01	 .0699	0.000	702	1	100.0	30
17/04/19	10:00	87.6	88.9	87.5	79	80.3	1.0	SSW	0.50	6.0	SW	87.6	104.3	104.3	115.8	29.809	0.00	0.00	600	25.80	919	6.9	1.48	8.6	0.000	0.471	86.8	82	80.6	103.6	16.48	 .0698	0.015	699	1	100.0	30
17/04/19	10:30	89.7	89.8	87.4	75	80.7	1.0	SW	0.50	5.0	WNW	89.7	108.4	108.4	119.3	29.803	0.00	0.00	547	23.52	919	7.8	1.67	10.8	0.000	0.515	87.3	80	80.4	104.0	15.66	 .0697	0.000	699	1	100.0	30
17/04/19	11:00	91.9	91.9	89.7	75	82.8	2.0	SSW	1.00	6.0	S	91.9	116.0	116.0	126.6	29.804	0.00	0.00	1022	43.95	1158	11.3	2.42	12.6	0.000	0.560	89.2	76	80.6	107.5	14.30	 .0695	0.021	701	1	100.0	30
17/04/19	11:30	90.9	92.1	90.1	70	79.8	2.0	E	1.00	11.0	WSW	90.9	108.7	108.7	119.2	29.789	0.00	0.00	1067	45.89	1215	12.6	2.70	13.6	0.000	0.540	90.1	74	80.7	109.1	13.75	 .0693	0.000	700	1	100.0	30
17/04/19	12:00	89.1	92.3	88.2	78	81.3	3.0	SW	1.50	12.0	SW	89.1	108.6	108.6	121.8	29.778	0.00	0.00	874	37.59	1174	10.7	2.29	13.8	0.000	0.502	90.0	74	80.6	108.7	13.75	 .0693	0.026	699	1	100.0	30
17/04/19	12:30	88.6	89.4	87.7	80	81.6	2.0	SW	1.00	8.0	WSW	88.6	108.2	108.2	119.7	29.770	0.00	0.00	592	25.46	733	8.0	1.71	9.3	0.000	0.492	89.3	76	80.7	107.9	14.29	 .0694	0.000	698	1	100.0	30
17/04/19	13:00	87.3	89.1	87.1	82	81.1	2.0	SSW	1.00	9.0	S	87.3	105.2	105.2	115.5	29.761	0.00	0.00	506	21.76	673	6.9	1.48	8.4	0.000	0.465	89.0	77	80.8	107.6	14.61	 .0694	0.015	703	1	100.0	30
17/04/19	13:30	91.4	91.4	87.3	76	82.8	2.0	SSW	1.00	8.0	WSW	91.4	115.1	115.1	127.4	29.749	0.00	0.00	897	38.58	1076	9.3	1.99	10.7	0.000	0.550	90.0	77	81.8	110.9	14.55	 .0691	0.000	701	1	100.0	30
17/04/19	14:00	89.0	91.7	88.3	79	81.6	3.0	SSW	1.50	11.0	SSW	89.0	108.9	108.9	121.5	29.731	0.00	0.00	821	35.31	1063	7.7	1.65	9.1	0.000	0.500	90.6	74	81.2	110.7	13.74	 .0691	0.022	700	1	100.0	30
17/04/19	14:30	85.9	89.8	85.9	83	80.1	2.0	S	1.00	9.0	SSW	85.9	101.2	101.2	112.2	29.727	0.00	0.00	497	21.37	914	4.6	0.99	7.8	0.000	0.435	89.6	75	80.6	108.1	14.07	 .0692	0.000	702	1	100.0	30
17/04/19	15:00	86.5	86.5	85.8	82	80.3	2.0	SW	1.00	8.0	W	86.5	102.6	102.6	112.0	29.724	0.00	0.00	361	15.53	513	3.2	0.69	3.5	0.000	0.448	88.5	77	80.4	106.0	14.64	 .0694	0.012	702	1	100.0	30
17/04/19	15:30	84.9	86.9	84.9	84	79.5	2.0	SW	1.00	7.0	SSW	84.9	98.6	98.6	106.1	29.725	0.00	0.00	247	10.62	427	2.1	0.45	3.5	0.000	0.415	87.9	78	80.2	104.7	14.92	 .0695	0.000	701	1	100.0	30
17/04/19	16:00	84.5	85.1	84.3	85	79.5	2.0	S	1.00	7.0	S	84.5	97.9	97.9	104.9	29.721	0.00	0.00	200	8.60	304	1.2	0.26	1.7	0.000	0.406	87.2	79	79.9	103.1	15.32	 .0696	0.006	698	1	100.0	30
17/04/19	16:30	84.1	84.5	83.8	87	79.8	2.0	S	1.00	5.0	SSE	84.1	97.5	97.5	102.7	29.723	0.00	0.00	131	5.63	287	0.6	0.13	1.2	0.000	0.398	86.8	80	79.9	102.4	15.68	 .0696	0.000	701	1	100.0	30
17/04/19	17:00	83.4	84.1	83.3	87	79.1	2.0	SSW	1.00	5.0	S	83.4	95.4	95.4	95.3	29.731	0.00	0.00	46	1.98	69	0.0	0.00	0.0	0.000	0.383	86.1	81	79.6	100.8	16.11	 .0698	0.003	699	1	100.0	30
17/04/19	17:30	82.6	83.4	82.5	87	78.3	1.0	S	0.50	5.0	SSE	82.6	93.1	93.1	92.4	29.735	0.00	0.00	23	0.99	37	0.0	0.00	0.0	0.000	0.367	85.4	81	78.9	98.7	16.13	 .0699	0.000	702	1	100.0	30
17/04/19	18:00	81.4	82.6	81.4	89	77.8	0.0	S	0.00	2.0	S	81.4	90.4	90.4	89.2	29.748	0.00	0.00	2	0.09	11	0.0	0.00	0.0	0.000	0.342	84.5	83	78.8	97.0	16.87	 .0701	0.001	698	1	100.0	30
17/04/19	18:30	81.0	81.4	80.9	90	77.8	0.0	S	0.00	1.0	S	81.0	89.5	89.5	88.2	29.767	0.00	0.00	0	0.00	0	0.0	0.00	0.0	0.000	0.333	83.8	84	78.4	95.4	17.30	 .0703	0.000	702	1	100.0	30
17/04/19	19:00	80.3	81.1	80.3	90	77.1	0.0	S	0.00	1.0	S	80.3	87.8	87.8	86.5	29.767	0.00	0.00	0	0.00	0	0.0	0.00	0.0	0.000	0.319	83.6	84	78.2	94.9	17.31	 .0703	0.000	701	1	100.0	30
17/04/19	19:30	79.7	80.3	79.7	91	76.8	0.0	S	0.00	1.0	S	79.7	86.6	86.6	85.3	29.775	0.00	0.00	0	0.00	0	0.0	0.00	0.0	0.000	0.306	83.1	85	78.1	93.8	17.76	 .0704	0.000	702	1	100.0	30
17/04/19	20:00	79.7	79.9	79.7	91	76.8	0.0	---	0.00	0.0	---	79.7	86.6	86.6	85.3	29.792	0.00	0.00	0	0.00	0	0.0	0.00	0.0	0.000	0.306	82.9	86	78.3	93.6	18.18	 .0704	0.000	699	1	100.0	30
17/04/19	20:30	79.3	79.8	79.3	92	76.8	0.0	---	0.00	0.0	---	79.3	85.9	85.9	84.6	29.803	0.00	0.00	0	0.00	0	0.0	0.00	0.0	0.000	0.298	82.7	86	78.1	93.0	18.19	 .0705	0.000	702	1	100.0	30
17/04/19	21:00	78.9	79.3	78.8	93	76.7	0.0	---	0.00	0.0	---	78.9	85.2	85.2	83.9	29.811	0.00	0.00	0	0.00	0	0.0	0.00	0.0	0.000	0.290	82.5	87	78.2	92.8	18.60	 .0705	0.000	701	1	100.0	30
17/04/19	21:30	78.5	78.8	78.5	93	76.3	0.0	---	0.00	0.0	---	78.5	84.3	84.3	83.0	29.823	0.00	0.00	0	0.00	0	0.0	0.00	0.0	0.000	0.281	82.2	87	77.9	92.0	18.62	 .0706	0.000	702	1	100.0	30
17/04/19	22:00	78.3	78.6	78.2	94	76.4	0.0	---	0.00	0.0	---	78.3	84.1	84.1	82.8	29.826	0.00	0.00	0	0.00	0	0.0	0.00	0.0	0.000	0.277	82.0	87	77.7	91.5	18.63	 .0707	0.000	702	1	100.0	30
17/04/19	22:30	78.1	78.3	78.1	94	76.2	0.0	---	0.00	0.0	---	78.1	83.6	83.6	82.3	29.815	0.00	0.00	0	0.00	0	0.0	0.00	0.0	0.000	0.273	81.7	88	77.8	90.9	19.18	 .0707	0.000	700	1	100.0	30
17/04/19	23:00	78.6	78.6	78.1	94	76.7	0.0	E	0.00	2.0	S	78.6	84.7	84.7	83.4	29.806	0.00	0.00	0	0.00	0	0.0	0.00	0.0	0.000	0.283	81.7	88	77.8	90.9	19.18	 .0707	0.000	703	1	100.0	30
17/04/19	23:30	78.3	78.6	78.2	94	76.4	0.0	ENE	0.00	1.0	ENE	78.3	84.1	84.1	82.8	29.805	0.00	0.00	0	0.00	0	0.0	0.00	0.0	0.000	0.277	81.5	88	77.6	90.4	19.20	 .0707	0.000	702	1	100.0	30
18/04/19	00:00	78.1	78.3	78.1	94	76.2	0.0	ENE	0.00	1.0	ENE	78.1	83.6	83.6	82.3	29.787	0.00	0.00	0	0.00	0	0.0	0.00	0.0	0.000	0.273	81.3	89	77.7	90.1	19.82	 .0707	0.000	700	1	100.0	30
18/04/19	0:30	77.8	78.1	77.8	94	75.9	0.0	---	0.00	0.0	---	77.8	83.0	83.0	81.6	29.773	0.00	0.00	0	0.00	0	0.0	0.00	0.0	0.000	0.267	81.1	89	77.5	89.6	19.84	 .0707	0.000	701	1	100.0	30
18/04/19	1:00	77.2	77.8	77.1	94	75.3	0.0	---	0.00	0.0	---	77.2	81.7	81.7	80.3	29.749	0.00	0.00	0	0.00	0	0.0	0.00	0.0	0.000	0.254	80.6	89	77.1	88.3	19.89	 .0707	0.000	701	1	100.0	30
18/04/19	1:30	76.7	77.1	76.6	94	74.8	0.0	---	0.00	0.0	---	76.7	80.8	80.8	79.4	29.741	0.00	0.00	0	0.00	0	0.0	0.00	0.0	0.000	0.244	80.4	88	76.5	87.6	19.31	 .0708	0.000	698	1	100.0	30
18/04/19	2:00	76.5	76.7	76.4	94	74.6	0.0	---	0.00	0.0	---	76.5	80.4	80.4	79.0	29.741	0.00	0.00	0	0.00	0	0.0	0.00	0.0	0.000	0.240	80.3	88	76.4	87.4	19.32	 .0708	0.000	701	1	100.0	30
18/04/19	2:30	76.1	76.5	76.0	94	74.2	0.0	ENE	0.00	1.0	ENE	76.1	79.7	79.7	78.3	29.732	0.00	0.00	0	0.00	0	0.0	0.00	0.0	0.000	0.231	79.8	88	75.9	86.2	19.36	 .0709	0.000	702	1	100.0	30
18/04/19	3:00	76.4	76.4	76.1	95	74.9	0.0	ENE	0.00	2.0	ENE	76.4	80.4	80.4	79.0	29.731	0.00	0.00	0	0.00	0	0.0	0.00	0.0	0.000	0.238	79.8	89	76.3	86.4	19.95	 .0709	0.000	701	1	100.0	30
18/04/19	3:30	76.3	76.4	76.2	95	74.8	0.0	ENE	0.00	1.0	ENE	76.3	80.2	80.2	78.8	29.733	0.00	0.00	0	0.00	0	0.0	0.00	0.0	0.000	0.235	79.8	88	75.9	86.2	19.36	 .0709	0.000	699	1	100.0	30
18/04/19	4:00	76.5	76.5	76.3	94	74.6	0.0	---	0.00	0.0	---	76.5	80.4	80.4	79.0	29.720	0.00	0.00	0	0.00	0	0.0	0.00	0.0	0.000	0.240	79.8	89	76.3	86.4	19.95	 .0708	0.000	700	1	100.0	30
18/04/19	4:30	76.5	76.5	76.4	94	74.6	0.0	ENE	0.00	1.0	ENE	76.5	80.4	80.4	79.0	29.718	0.00	0.00	0	0.00	0	0.0	0.00	0.0	0.000	0.240	79.5	89	76.0	85.7	19.95	 .0709	0.000	701	1	100.0	30
18/04/19	5:00	76.5	76.5	76.4	94	74.6	0.0	ENE	0.00	1.0	ENE	76.5	80.4	80.4	79.0	29.728	0.00	0.00	0	0.00	0	0.0	0.00	0.0	0.000	0.240	79.4	89	75.9	85.5	19.95	 .0709	0.000	699	1	100.0	30
18/04/19	5:30	76.5	76.6	76.4	94	74.6	0.0	ENE	0.00	1.0	ENE	76.5	80.4	80.4	79.0	29.736	0.00	0.00	0	0.00	5	0.0	0.00	0.0	0.000	0.240	79.3	90	76.1	85.4	20.45	 .0709	0.000	700	1	100.0	30
18/04/19	6:00	76.8	76.8	76.5	94	74.9	0.0	---	0.00	0.0	---	76.8	81.0	81.0	79.9	29.751	0.00	0.00	15	0.65	25	0.0	0.00	0.0	0.000	0.246	79.3	91	76.4	85.6	21.04	 .0710	0.000	700	1	100.0	30
18/04/19	6:30	77.7	77.7	76.8	95	76.2	0.0	---	0.00	0.0	---	77.7	83.0	83.0	85.2	29.764	0.00	0.00	63	2.71	83	0.0	0.00	0.0	0.000	0.265	80.1	91	77.2	87.6	21.04	 .0708	0.000	702	1	100.0	30
18/04/19	7:00	79.2	79.3	77.7	94	77.3	0.0	ENE	0.00	2.0	ENE	79.2	86.2	86.2	89.1	29.786	0.00	0.00	90	3.87	104	0.5	0.11	0.8	0.000	0.296	80.5	92	78.0	88.9	21.16	 .0708	0.002	701	1	100.0	30
18/04/19	7:30	80.0	80.0	79.3	94	78.1	0.0	ENE	0.00	1.0	ENE	80.0	88.2	88.2	90.2	29.797	0.00	0.00	79	3.40	109	1.1	0.24	1.5	0.000	0.313	80.9	92	78.4	90.0	21.17	 .0707	0.000	700	1	100.0	30
18/04/19	8:00	82.5	82.6	80.0	90	79.3	0.0	ESE	0.00	2.0	ESE	82.5	93.8	93.8	99.4	29.812	0.00	0.00	211	9.07	566	2.1	0.45	3.0	0.000	0.365	81.8	92	79.2	92.5	21.19	 .0706	0.004	703	1	100.0	30
18/04/19	8:30	82.3	82.8	82.1	91	79.4	0.0	SSE	0.00	2.0	ESE	82.3	93.6	93.6	96.7	29.808	0.00	0.00	138	5.93	169	1.8	0.39	2.4	0.000	0.360	82.4	91	79.5	93.9	20.86	 .0705	0.000	700	1	100.0	30
18/04/19	9:00	80.9	82.3	80.9	92	78.4	0.0	SSE	0.00	2.0	SSE	80.9	90.0	90.0	91.0	29.816	0.10	1.55	68	2.92	97	0.7	0.15	1.2	0.000	0.331	82.1	92	79.5	93.4	21.19	 .0705	0.003	700	1	100.0	30
18/04/19	9:30	80.1	80.9	79.9	94	78.2	0.0	NE	0.00	2.0	NE	80.1	88.5	88.5	91.5	29.812	0.05	0.71	149	6.41	197	1.9	0.41	2.5	0.000	0.315	81.7	92	79.1	92.2	21.18	 .0706	0.000	698	1	100.0	30
18/04/19	10:00	81.4	81.7	80.1	94	79.5	0.0	ENE	0.00	2.0	ENE	81.4	92.1	92.1	98.6	29.802	0.00	0.00	298	12.82	367	3.8	0.81	4.7	0.000	0.342	82.2	94	80.3	94.4	21.39	 .0704	0.006	701	1	100.0	30
18/04/19	10:30	83.0	83.1	81.5	90	79.8	1.0	ENE	0.50	4.0	SSW	83.0	95.2	95.2	102.4	29.798	0.00	0.00	331	14.23	411	4.4	0.94	5.4	0.000	0.375	83.2	92	80.6	96.7	21.21	 .0702	0.000	700	1	100.0	30
18/04/19	11:00	84.8	85.0	83.0	90	81.5	1.0	SSW	0.50	3.0	W	84.8	101.1	101.1	110.7	29.790	0.00	0.00	454	19.52	492	6.1	1.31	6.7	0.000	0.413	84.4	90	81.1	99.8	20.10	 .0700	0.010	703	1	100.0	30
18/04/19	11:30	85.2	85.3	83.9	85	80.2	1.0	S	0.50	4.0	SSW	85.2	100.0	100.0	110.8	29.780	0.00	0.00	530	22.79	823	7.2	1.54	9.7	0.000	0.421	85.1	88	81.1	101.2	18.84	 .0699	0.000	698	1	100.0	30
18/04/19	12:00	85.9	87.7	85.2	82	79.8	2.0	SSW	1.00	7.0	WSW	85.9	100.7	100.7	113.7	29.771	0.00	0.00	770	33.11	1350	10.3	2.21	14.4	0.000	0.435	86.6	83	80.8	103.5	16.79	 .0697	0.018	698	1	100.0	30
18/04/19	12:30	86.2	88.3	85.9	82	80.1	2.0	S	1.00	6.0	SW	86.2	101.6	101.6	114.6	29.762	0.00	0.00	878	37.76	1257	10.8	2.31	13.7	0.000	0.442	87.8	80	80.9	105.6	15.64	 .0695	0.000	701	1	100.0	30
18/04/19	13:00	87.1	88.0	86.0	83	81.3	2.0	SSW	1.00	6.0	SSW	87.1	105.1	105.1	117.5	29.754	0.00	0.00	686	29.50	853	8.2	1.76	9.6	0.000	0.460	87.8	80	80.9	105.6	15.64	 .0695	0.021	700	1	100.0	30
18/04/19	13:30	87.0	88.7	86.8	82	80.8	2.0	SW	1.00	7.0	W	87.0	104.2	104.2	116.2	29.735	0.00	0.00	847	36.43	1106	8.8	1.89	11.3	0.000	0.458	88.6	79	81.2	107.6	15.23	 .0693	0.000	701	1	100.0	30
18/04/19	14:00	85.2	87.0	84.8	84	79.8	3.0	SSW	1.50	8.0	SSW	85.2	99.6	99.6	109.5	29.728	0.00	0.00	466	20.04	742	5.2	1.11	7.1	0.000	0.421	87.4	79	80.1	103.7	15.31	 .0696	0.017	701	1	100.0	30
18/04/19	14:30	85.1	85.3	84.7	84	79.7	2.0	SSW	1.00	6.0	W	85.1	99.3	99.3	107.9	29.722	0.00	0.00	363	15.61	471	3.9	0.84	4.2	0.000	0.419	86.9	81	80.4	103.3	16.07	 .0696	0.000	702	1	100.0	30
18/04/19	15:00	84.5	85.4	84.5	86	79.8	1.0	SSW	0.50	5.0	S	84.5	98.3	98.3	106.7	29.716	0.00	0.00	319	13.72	468	2.8	0.60	4.0	0.000	0.406	86.8	82	80.6	103.6	16.48	 .0696	0.009	697	1	100.0	30
18/04/19	15:30	83.8	84.5	83.8	87	79.5	2.0	SSW	1.00	5.0	S	83.8	96.6	96.6	102.8	29.712	0.00	0.00	203	8.73	278	1.6	0.34	2.3	0.000	0.392	86.0	81	79.5	100.4	16.11	 .0698	0.000	702	1	100.0	30
18/04/19	16:00	83.5	84.1	83.5	86	78.9	1.0	SW	0.50	5.0	WSW	83.5	95.3	95.3	100.7	29.720	0.00	0.00	154	6.62	195	1.0	0.21	1.2	0.000	0.385	85.5	82	79.4	99.5	16.53	 .0698	0.005	701	1	100.0	30
18/04/19	16:30	83.3	83.6	83.2	86	78.7	1.0	SSE	0.50	6.0	SSE	83.3	94.7	94.7	99.5	29.727	0.00	0.00	126	5.42	139	0.6	0.13	0.8	0.000	0.381	85.2	83	79.4	99.1	16.84	 .0699	0.000	700	1	100.0	30
18/04/19	17:00	82.7	83.3	82.7	87	78.4	1.0	S	0.50	4.0	SSW	82.7	93.4	93.4	94.1	29.739	0.00	0.00	83	3.57	109	0.0	0.00	0.0	0.000	0.369	84.7	84	79.3	98.1	17.26	 .0700	0.003	698	1	100.0	30
18/04/19	17:30	81.5	82.7	81.5	89	77.9	0.0	S	0.00	2.0	SW	81.5	90.7	90.7	90.2	29.750	0.00	0.00	31	1.33	53	0.0	0.00	0.0	0.000	0.344	83.9	85	78.9	96.1	17.72	 .0702	0.000	702	1	100.0	30
18/04/19	18:00	80.5	81.5	80.5	91	77.6	0.0	S	0.00	2.0	S	80.5	88.6	88.6	87.4	29.751	0.00	0.00	1	0.04	9	0.0	0.00	0.0	0.000	0.323	83.2	86	78.6	94.4	18.16	 .0703	0.001	700	1	100.0	30
18/04/19	18:30	79.6	80.6	79.6	92	77.1	0.0	S	0.00	1.0	S	79.6	86.6	86.6	85.4	29.760	0.00	0.00	0	0.00	0	0.0	0.00	0.0	0.000	0.304	82.6	87	78.3	93.1	18.59	 .0704	0.000	701	1	100.0	30
18/04/19	19:00	79.2	79.6	79.2	93	77.0	0.0	---	0.00	0.0	---	79.2	85.9	85.9	84.6	29.767	0.00	0.00	0	0.00	0	0.0	0.00	0.0	0.000	0.296	82.2	88	78.3	92.3	19.13	 .0705	0.000	703	1	100.0	30
18/04/19	19:30	78.9	79.3	78.9	93	76.7	0.0	---	0.00	0.0	---	78.9	85.2	85.2	83.9	29.776	0.00	0.00	0	0.00	0	0.0	0.00	0.0	0.000	0.290	81.9	89	78.3	91.7	19.76	 .0705	0.000	696	1	100.0	30
18/04/19	20:00	78.6	78.9	78.6	94	76.7	0.0	---	0.00	0.0	---	78.6	84.7	84.7	83.4	29.791	0.00	0.00	0	0.00	0	0.0	0.00	0.0	0.000	0.283	81.7	89	78.1	91.2	19.78	 .0706	0.000	703	1	100.0	30
18/04/19	20:30	78.6	78.7	78.5	94	76.7	0.0	---	0.00	0.0	---	78.6	84.7	84.7	83.4	29.805	0.00	0.00	0	0.00	0	0.0	0.00	0.0	0.000	0.283	81.6	89	78.0	90.9	19.79	 .0707	0.000	699	1	100.0	30
18/04/19	21:00	78.6	78.6	78.5	94	76.7	0.0	---	0.00	0.0	---	78.6	84.7	84.7	83.4	29.820	0.00	0.00	0	0.00	0	0.0	0.00	0.0	0.000	0.283	81.5	90	78.3	90.9	20.33	 .0707	0.000	701	1	100.0	30
18/04/19	21:30	78.7	78.8	78.6	94	76.8	0.0	---	0.00	0.0	---	78.7	85.0	85.0	83.7	29.823	0.00	0.00	0	0.00	0	0.0	0.00	0.0	0.000	0.285	81.5	90	78.3	90.9	20.33	 .0707	0.000	700	1	100.0	30
18/04/19	22:00	78.5	78.8	78.5	94	76.6	0.0	---	0.00	0.0	---	78.5	84.5	84.5	83.2	29.827	0.00	0.00	0	0.00	0	0.0	0.00	0.0	0.000	0.281	81.4	90	78.2	90.6	20.34	 .0707	0.000	703	1	100.0	30
18/04/19	22:30	78.4	78.6	78.4	94	76.5	0.0	---	0.00	0.0	---	78.4	84.3	84.3	83.0	29.819	0.00	0.00	0	0.00	0	0.0	0.00	0.0	0.000	0.279	81.3	90	78.1	90.3	20.35	 .0707	0.000	699	1	100.0	30
18/04/19	23:00	78.4	78.5	78.3	95	76.8	0.0	---	0.00	0.0	---	78.4	84.5	84.5	83.2	29.814	0.00	0.00	0	0.00	0	0.0	0.00	0.0	0.000	0.279	81.0	91	78.1	89.9	20.97	 .0708	0.000	700	1	100.0	30
18/04/19	23:30	78.4	78.6	78.3	95	76.8	0.0	ENE	0.00	3.0	ESE	78.4	84.5	84.5	83.2	29.809	0.00	0.00	0	0.00	0	0.0	0.00	0.0	0.000	0.279	80.8	91	77.9	89.3	20.99	 .0708	0.000	700	1	100.0	30
19/04/19	00:00	78.2	78.4	78.1	95	76.6	0.0	NE	0.00	1.0	NE	78.2	84.1	84.1	82.8	29.802	0.00	0.00	0	0.00	0	0.0	0.00	0.0	0.000	0.275	80.6	91	77.7	88.8	21.00	 .0708	0.000	702	1	100.0	30
19/04/19	0:30	78.0	78.2	78.0	95	76.5	0.0	---	0.00	0.0	---	78.0	83.6	83.6	82.3	29.789	0.00	0.00	0	0.00	0	0.0	0.00	0.0	0.000	0.271	80.6	92	78.1	89.2	21.16	 .0708	0.000	701	1	100.0	30
19/04/19	1:00	77.8	78.0	77.8	95	76.3	0.0	---	0.00	0.0	---	77.8	83.2	83.2	81.9	29.783	0.00	0.00	0	0.00	0	0.0	0.00	0.0	0.000	0.267	80.4	92	77.9	88.6	21.16	 .0708	0.000	703	1	100.0	30
19/04/19	1:30	77.5	77.8	77.5	95	76.0	0.0	---	0.00	0.0	---	77.5	82.6	82.6	81.2	29.773	0.00	0.00	0	0.00	0	0.0	0.00	0.0	0.000	0.260	80.4	91	77.5	88.3	21.02	 .0708	0.000	701	1	100.0	30
19/04/19	2:00	77.4	77.6	77.4	95	75.9	0.0	---	0.00	0.0	---	77.4	82.3	82.3	80.9	29.769	0.00	0.00	0	0.00	0	0.0	0.00	0.0	0.000	0.258	80.2	91	77.3	87.8	21.03	 .0708	0.000	702	1	100.0	30
19/04/19	2:30	77.4	77.5	77.3	95	75.9	0.0	---	0.00	0.0	---	77.4	82.3	82.3	80.9	29.764	0.00	0.00	0	0.00	0	0.0	0.00	0.0	0.000	0.258	80.2	91	77.3	87.8	21.03	 .0708	0.000	699	1	100.0	30
19/04/19	3:00	77.1	77.4	77.1	95	75.6	0.0	---	0.00	0.0	---	77.1	81.7	81.7	80.3	29.758	0.00	0.00	0	0.00	0	0.0	0.00	0.0	0.000	0.252	80.0	92	77.5	87.6	21.15	 .0708	0.000	698	1	100.0	30
19/04/19	3:30	77.0	77.1	77.0	95	75.5	0.0	---	0.00	0.0	---	77.0	81.5	81.5	80.1	29.754	0.00	0.00	0	0.00	0	0.0	0.00	0.0	0.000	0.250	79.9	91	77.0	87.1	21.05	 .0708	0.000	701	1	100.0	30
19/04/19	4:00	76.9	77.1	76.9	95	75.4	0.0	---	0.00	0.0	---	76.9	81.3	81.3	79.9	29.759	0.00	0.00	0	0.00	0	0.0	0.00	0.0	0.000	0.248	79.8	91	76.9	86.8	21.05	 .0709	0.000	699	1	100.0	30
19/04/19	4:30	76.9	77.0	76.9	95	75.4	0.0	---	0.00	0.0	---	76.9	81.3	81.3	79.9	29.767	0.01	0.00	0	0.00	0	0.0	0.00	0.0	0.000	0.248	79.8	91	76.9	86.8	21.05	 .0709	0.000	703	1	100.0	30
19/04/19	5:00	76.9	77.1	76.9	95	75.4	0.0	---	0.00	0.0	---	76.9	81.3	81.3	79.9	29.769	0.00	0.00	0	0.00	0	0.0	0.00	0.0	0.000	0.248	79.8	92	77.3	87.1	21.15	 .0709	0.000	701	1	100.0	30
19/04/19	5:30	76.9	77.0	76.8	95	75.4	0.0	---	0.00	0.0	---	76.9	81.3	81.3	80.0	29.774	0.00	0.00	3	0.13	16	0.0	0.00	0.0	0.000	0.248	79.8	91	76.9	86.8	21.05	 .0709	0.000	702	1	100.0	30
19/04/19	6:00	77.4	77.4	76.9	95	75.9	0.0	NE	0.00	1.0	NE	77.4	82.3	82.3	81.5	29.788	0.00	0.00	25	1.08	30	0.0	0.00	0.0	0.000	0.258	79.8	92	77.3	87.1	21.15	 .0709	0.000	699	1	100.0	30
19/04/19	6:30	77.9	77.9	77.4	95	76.4	0.0	NE	0.00	1.0	NE	77.9	83.4	83.4	84.5	29.805	0.00	0.00	39	1.68	53	0.0	0.00	0.0	0.000	0.269	79.8	93	77.6	87.4	21.25	 .0709	0.000	701	1	100.0	30
19/04/19	7:00	78.4	78.5	77.9	95	76.8	0.0	NE	0.00	1.0	NE	78.4	84.5	84.5	85.4	29.823	0.00	0.00	42	1.81	53	0.0	0.00	0.0	0.000	0.279	80.0	94	78.1	88.2	21.35	 .0709	0.001	697	1	100.0	30
19/04/19	7:30	78.8	78.9	78.3	95	77.2	0.0	NE	0.00	1.0	NE	78.8	85.4	85.4	86.9	29.828	0.00	0.00	66	2.84	102	0.3	0.06	0.7	0.000	0.288	80.3	94	78.4	89.0	21.36	 .0709	0.000	702	1	100.0	30
19/04/19	8:00	79.1	79.5	78.6	95	77.5	0.0	NE	0.00	1.0	NE	79.1	86.2	86.2	89.1	29.827	0.00	0.00	121	5.20	139	0.9	0.19	1.1	0.000	0.294	80.7	93	78.5	89.8	21.26	 .0708	0.002	700	1	100.0	30
19/04/19	8:30	80.6	80.7	79.1	93	78.4	0.0	NE	0.00	1.0	NE	80.6	89.5	89.5	93.5	29.832	0.00	0.00	173	7.44	207	1.5	0.32	1.9	0.000	0.325	81.4	92	78.9	91.4	21.18	 .0707	0.000	701	1	100.0	30
19/04/19	9:00	82.2	82.2	80.6	91	79.3	0.0	NE	0.00	2.0	NE	82.2	93.3	93.3	99.1	29.836	0.00	0.00	254	10.92	316	2.5	0.54	3.3	0.000	0.358	82.3	92	79.7	94.0	21.20	 .0705	0.005	703	1	100.0	30
19/04/19	9:30	84.1	84.1	82.2	89	80.5	1.0	SSE	0.50	4.0	SSE	84.1	98.3	98.3	106.7	29.834	0.00	0.00	393	16.90	468	4.3	0.92	5.4	0.000	0.398	83.3	90	80.1	96.2	20.19	 .0704	0.000	700	1	100.0	30
19/04/19	10:00	84.9	85.3	84.1	83	79.2	2.0	S	1.00	6.0	W	84.9	98.2	98.2	108.4	29.836	0.00	0.00	511	21.98	694	6.3	1.35	8.3	0.000	0.415	84.4	88	80.5	98.9	18.91	 .0702	0.012	700	1	100.0	30
19/04/19	10:30	84.9	85.3	84.3	83	79.2	2.0	SSW	1.00	7.0	SSW	84.9	98.2	98.2	109.4	29.839	0.00	0.00	572	24.60	745	7.8	1.67	9.5	0.000	0.415	85.3	84	79.9	99.9	17.24	 .0701	0.000	699	1	100.0	30
19/04/19	11:00	86.2	86.4	84.8	81	79.7	1.0	SSW	0.50	5.0	SW	86.2	101.1	101.1	113.9	29.838	0.00	0.00	730	31.39	847	9.7	2.08	11.9	0.000	0.442	86.3	82	80.2	101.9	16.50	 .0700	0.018	700	1	100.0	30
19/04/19	11:30	87.9	88.3	85.4	79	80.6	2.0	SSW	1.00	7.0	S	87.9	105.3	105.3	115.4	29.822	0.00	0.00	1037	44.60	1278	12.2	2.61	14.5	0.000	0.477	87.5	80	80.6	104.6	15.65	 .0697	0.000	701	1	100.0	30
19/04/19	12:00	86.7	88.4	86.2	79	79.4	2.0	S	1.00	9.0	SSE	86.7	101.5	101.5	114.6	29.805	0.00	0.00	798	34.32	1371	11.0	2.36	14.8	0.000	0.452	88.0	79	80.7	105.6	15.27	 .0696	0.025	703	1	100.0	30
19/04/19	12:30	86.4	87.9	85.7	82	80.2	2.0	SE	1.00	8.0	S	86.4	102.3	102.3	115.3	29.795	0.00	0.00	773	33.24	1322	10.8	2.31	14.6	0.000	0.446	87.8	78	80.1	104.4	14.93	 .0697	0.000	700	1	100.0	30
19/04/19	13:00	86.5	87.5	86.1	81	80.0	2.0	SSW	1.00	6.0	SSW	86.5	102.0	102.0	114.4	29.779	0.00	0.00	697	29.97	1397	9.3	1.99	14.3	0.000	0.448	87.9	79	80.6	105.3	15.28	 .0696	0.021	697	1	100.0	30
19/04/19	13:30	86.0	86.9	85.6	82	79.9	2.0	ESE	1.00	6.0	ESE	86.0	101.0	101.0	111.8	29.773	0.00	0.00	543	23.35	798	7.6	1.63	9.4	0.000	0.438	87.4	78	79.7	103.2	14.96	 .0697	0.000	699	1	100.0	30
19/04/19	14:00	89.4	89.4	86.0	79	82.0	2.0	S	1.00	6.0	S	89.4	110.3	110.3	124.1	29.755	0.00	0.00	895	38.49	1049	8.6	1.84	10.0	0.000	0.508	88.8	77	80.7	106.9	14.62	 .0694	0.019	697	1	100.0	30
19/04/19	14:30	86.8	89.9	86.2	83	81.0	2.0	SSW	1.00	6.0	E	86.8	104.1	104.1	116.7	29.755	0.00	0.00	721	31.01	1032	5.8	1.24	8.4	0.000	0.454	89.0	76	80.4	106.9	14.31	 .0694	0.000	701	1	100.0	30
19/04/19	15:00	88.1	88.1	86.5	76	79.6	2.0	SE	1.00	6.0	S	88.1	104.1	104.1	115.9	29.742	0.00	0.00	579	24.90	1041	3.8	0.81	5.1	0.000	0.481	88.7	75	79.8	105.3	14.10	 .0695	0.017	698	1	100.0	30
19/04/19	15:30	85.5	89.4	85.4	82	79.4	1.0	ESE	0.50	5.0	SE	85.5	99.5	99.5	110.9	29.742	0.00	0.00	437	18.79	909	3.0	0.64	4.9	0.000	0.427	88.7	76	80.2	106.0	14.33	 .0694	0.000	701	1	100.0	30
19/04/19	16:00	84.1	85.7	84.1	85	79.1	1.0	SW	0.50	3.0	SW	84.1	96.7	96.7	101.1	29.741	0.00	0.00	129	5.55	197	0.9	0.19	1.5	0.000	0.398	87.0	79	79.7	102.5	15.33	 .0697	0.008	699	1	100.0	30
19/04/19	16:30	83.6	84.5	83.5	86	79.0	1.0	SSW	0.50	4.0	SW	83.6	95.6	95.6	98.2	29.746	0.00	0.00	71	3.05	151	0.5	0.11	0.8	0.000	0.387	86.1	80	79.2	100.2	15.71	 .0698	0.000	703	1	100.0	30
19/04/19	17:00	82.6	83.6	82.5	88	78.7	0.0	SSW	0.00	3.0	SW	82.6	93.4	93.4	92.9	29.763	0.00	0.00	24	1.03	26	0.0	0.00	0.0	0.000	0.367	85.2	83	79.4	99.1	16.84	 .0700	0.001	699	1	100.0	30
19/04/19	17:30	80.3	82.7	80.3	92	77.8	1.0	WNW	0.50	3.0	WNW	80.3	88.4	88.4	87.6	29.766	0.07	0.65	12	0.52	19	0.0	0.00	0.0	0.000	0.319	83.3	87	79.0	95.1	18.55	 .0703	0.000	703	1	100.0	30
19/04/19	18:00	79.9	80.4	79.8	93	77.7	0.0	WNW	0.00	2.0	WNW	79.9	87.7	87.7	86.6	29.785	0.02	0.07	0	0.00	0	0.0	0.00	0.0	0.000	0.310	82.3	89	78.7	92.9	19.72	 .0705	0.000	701	1	100.0	30
19/04/19	18:30	79.7	80.0	79.7	94	77.8	0.0	NNE	0.00	2.0	WNW	79.7	87.4	87.4	86.3	29.793	0.07	1.08	0	0.00	0	0.0	0.00	0.0	0.000	0.306	82.3	90	79.1	93.2	20.27	 .0705	0.000	700	1	100.0	30
19/04/19	19:00	79.4	79.8	79.4	94	77.5	0.0	NNE	0.00	1.0	NNE	79.4	86.7	86.7	85.6	29.812	0.03	0.16	0	0.00	0	0.0	0.00	0.0	0.000	0.300	82.3	90	79.1	93.2	20.27	 .0705	0.000	700	1	100.0	30
19/04/19	19:30	79.3	79.5	79.3	94	77.4	0.0	NNE	0.00	2.0	NNE	79.3	86.4	86.4	85.3	29.816	0.01	0.05	0	0.00	0	0.0	0.00	0.0	0.000	0.298	82.1	90	78.9	92.6	20.28	 .0706	0.000	701	1	100.0	30
19/04/19	20:00	79.0	79.3	79.0	94	77.1	0.0	NNE	0.00	2.0	NNE	79.0	85.7	85.7	84.6	29.823	0.00	0.00	0	0.00	0	0.0	0.00	0.0	0.000	0.292	81.8	90	78.6	91.7	20.31	 .0706	0.000	700	1	100.0	30
19/04/19	20:30	78.9	79.1	78.9	95	77.3	0.0	NNE	0.00	2.0	NNE	78.9	85.7	85.7	84.6	29.834	0.00	0.00	0	0.00	0	0.0	0.00	0.0	0.000	0.290	81.5	91	78.6	91.3	20.93	 .0707	0.000	700	1	100.0	30
19/04/19	21:00	78.8	79.0	78.7	95	77.2	0.0	NNE	0.00	1.0	NNE	78.8	85.4	85.4	84.3	29.850	0.00	0.00	0	0.00	0	0.0	0.00	0.0	0.000	0.288	81.6	91	78.7	91.6	20.92	 .0707	0.000	700	1	100.0	30
19/04/19	21:30	78.7	78.9	78.6	95	77.1	0.0	NNE	0.00	2.0	NNE	78.7	85.2	85.2	84.1	29.849	0.00	0.00	0	0.00	0	0.0	0.00	0.0	0.000	0.285	81.4	91	78.5	91.0	20.94	 .0708	0.000	701	1	100.0	30
19/04/19	22:00	78.4	78.7	78.4	95	76.8	0.0	NNE	0.00	2.0	NNE	78.4	84.5	84.5	83.3	29.856	0.01	0.00	0	0.00	0	0.0	0.00	0.0	0.000	0.279	81.2	91	78.3	90.4	20.95	 .0708	0.000	699	1	100.0	30
19/04/19	22:30	78.2	78.4	78.1	95	76.6	0.0	NNE	0.00	1.0	NNE	78.2	84.1	84.1	82.9	29.859	0.00	0.00	0	0.00	0	0.0	0.00	0.0	0.000	0.275	81.0	91	78.1	89.9	20.97	 .0709	0.000	700	1	100.0	30
19/04/19	23:00	77.9	78.3	77.8	95	76.4	1.0	N	0.50	4.0	N	77.9	83.4	83.4	82.2	29.843	0.00	0.00	0	0.00	0	0.0	0.00	0.0	0.000	0.269	80.3	91	77.4	88.1	21.03	 .0710	0.000	701	1	100.0	30
19/04/19	23:30	77.8	78.0	77.7	95	76.3	0.0	NNW	0.00	3.0	NNE	77.8	83.2	83.2	82.0	29.837	0.00	0.00	0	0.00	0	0.0	0.00	0.0	0.000	0.267	80.1	92	77.6	87.9	21.15	 .0710	0.000	702	1	100.0	30
20/04/19	00:00	77.7	78.0	77.6	95	76.2	0.0	NNW	0.00	1.0	NNW	77.7	83.0	83.0	81.8	29.838	0.00	0.00	0	0.00	0	0.0	0.00	0.0	0.000	0.265	80.3	92	77.8	88.4	21.16	 .0709	0.000	698	1	100.0	30
20/04/19	0:30	77.8	77.8	77.6	95	76.3	0.0	NNW	0.00	1.0	NNW	77.8	83.2	83.2	82.0	29.835	0.00	0.00	0	0.00	0	0.0	0.00	0.0	0.000	0.267	80.6	91	77.7	88.8	21.00	 .0709	0.000	700	1	100.0	30
20/04/19	1:00	77.8	77.9	77.6	95	76.3	0.0	NNW	0.00	1.0	NNW	77.8	83.2	83.2	82.0	29.833	0.00	0.00	0	0.00	0	0.0	0.00	0.0	0.000	0.267	80.4	92	77.9	88.6	21.16	 .0709	0.000	699	1	100.0	30
20/04/19	1:30	77.7	77.8	77.6	95	76.2	0.0	NNW	0.00	1.0	NNW	77.7	83.0	83.0	81.8	29.821	0.00	0.00	0	0.00	0	0.0	0.00	0.0	0.000	0.265	80.4	92	77.9	88.6	21.16	 .0709	0.000	701	1	100.0	30
20/04/19	2:00	77.6	77.7	77.5	95	76.1	0.0	NNW	0.00	1.0	NNW	77.6	82.8	82.8	81.6	29.816	0.00	0.00	0	0.00	0	0.0	0.00	0.0	0.000	0.262	80.4	91	77.5	88.3	21.02	 .0709	0.000	701	1	100.0	30
20/04/19	2:30	77.4	77.7	77.4	95	75.9	0.0	NNW	0.00	1.0	NNW	77.4	82.3	82.3	81.1	29.810	0.00	0.00	0	0.00	0	0.0	0.00	0.0	0.000	0.258	80.3	91	77.4	88.1	21.03	 .0709	0.000	701	1	100.0	30
20/04/19	3:00	77.4	77.4	77.2	95	75.9	0.0	NNW	0.00	1.0	NNW	77.4	82.3	82.3	81.1	29.801	0.00	0.00	0	0.00	0	0.0	0.00	0.0	0.000	0.258	80.0	92	77.5	87.6	21.15	 .0709	0.000	700	1	100.0	30
20/04/19	3:30	77.2	77.4	77.1	95	75.7	0.0	---	0.00	0.0	---	77.2	81.9	81.9	80.7	29.795	0.00	0.00	0	0.00	0	0.0	0.00	0.0	0.000	0.254	80.0	92	77.5	87.6	21.15	 .0709	0.000	700	1	100.0	30
20/04/19	4:00	77.1	77.2	77.0	95	75.6	0.0	NNW	0.00	1.0	NNW	77.1	81.7	81.7	80.5	29.798	0.00	0.00	0	0.00	0	0.0	0.00	0.0	0.000	0.252	79.9	92	77.4	87.4	21.15	 .0709	0.000	702	1	100.0	30
20/04/19	4:30	77.0	77.1	77.0	95	75.5	0.0	---	0.00	0.0	---	77.0	81.5	81.5	80.3	29.804	0.00	0.00	0	0.00	0	0.0	0.00	0.0	0.000	0.250	79.8	92	77.3	87.1	21.15	 .0710	0.000	700	1	100.0	30
20/04/19	5:00	76.8	77.1	76.8	95	75.3	0.0	NNW	0.00	1.0	NNW	76.8	81.1	81.1	79.9	29.806	0.00	0.00	0	0.00	0	0.0	0.00	0.0	0.000	0.246	79.3	92	76.8	85.9	21.14	 .0711	0.000	701	1	100.0	30
20/04/19	5:30	76.7	76.9	76.6	95	75.2	0.0	---	0.00	0.0	---	76.7	81.0	81.0	79.8	29.814	0.00	0.00	1	0.04	11	0.0	0.00	0.0	0.000	0.244	79.2	92	76.7	85.7	21.13	 .0711	0.000	702	1	100.0	30
20/04/19	6:00	77.1	77.1	76.6	95	75.6	0.0	---	0.00	0.0	---	77.1	81.7	81.7	81.2	29.835	0.00	0.00	30	1.29	51	0.0	0.00	0.0	0.000	0.252	79.5	92	77.0	86.4	21.14	 .0711	0.000	701	1	100.0	30
20/04/19	6:30	77.7	77.8	77.0	96	76.5	0.0	---	0.00	0.0	---	77.7	83.2	83.2	84.7	29.847	0.00	0.00	47	2.02	62	0.0	0.00	0.0	0.000	0.265	79.7	93	77.5	87.2	21.24	 .0711	0.000	701	1	100.0	30
20/04/19	7:00	78.4	78.5	77.7	96	77.2	0.0	---	0.00	0.0	---	78.4	84.8	84.8	87.6	29.852	0.00	0.00	88	3.78	107	0.3	0.06	0.7	0.000	0.279	80.1	93	77.9	88.2	21.25	 .0710	0.002	697	1	100.0	30
20/04/19	7:30	79.2	79.2	78.4	96	78.0	0.0	NNW	0.00	1.0	NNW	79.2	86.7	86.7	90.0	29.866	0.00	0.00	117	5.03	132	0.9	0.19	1.2	0.000	0.296	80.5	94	78.6	89.6	21.36	 .0709	0.000	698	1	100.0	30
20/04/19	8:00	79.9	80.0	79.1	95	78.3	0.0	---	0.00	0.0	---	79.9	88.2	88.2	92.6	29.872	0.00	0.00	168	7.22	220	1.4	0.30	1.8	0.000	0.310	81.0	94	79.1	90.9	21.37	 .0708	0.004	701	1	100.0	30
20/04/19	8:30	81.6	81.6	79.9	89	78.0	0.0	NNW	0.00	1.0	NNW	81.6	90.9	90.9	96.9	29.882	0.00	0.00	250	10.75	260	2.3	0.49	2.5	0.000	0.346	82.0	90	78.8	92.3	20.29	 .0707	0.000	702	1	100.0	30
20/04/19	9:00	81.0	82.0	81.0	90	77.8	0.0	NNW	0.00	2.0	NNW	81.0	89.5	89.5	94.6	29.893	0.00	0.00	227	9.76	287	2.6	0.56	3.2	0.000	0.333	82.5	91	79.6	94.2	20.85	 .0706	0.006	697	1	100.0	30
20/04/19	9:30	83.5	83.6	81.1	88	79.6	0.0	NW	0.00	3.0	NW	83.5	96.1	96.1	104.2	29.898	0.00	0.00	380	16.34	605	4.5	0.96	6.8	0.000	0.385	83.2	88	79.3	95.1	19.03	 .0706	0.000	698	1	100.0	30
20/04/19	10:00	85.2	85.9	83.2	81	78.7	1.0	S	0.50	5.0	SSW	85.2	98.1	98.1	109.9	29.894	0.00	0.00	639	27.48	1174	8.1	1.74	10.9	0.000	0.421	84.9	85	79.9	99.1	17.66	 .0703	0.015	696	1	100.0	30
20/04/19	10:30	84.9	85.4	84.5	85	79.9	1.0	WSW	0.50	4.0	W	84.9	99.1	99.1	109.3	29.882	0.00	0.00	505	21.72	612	8.0	1.71	13.5	0.000	0.415	85.2	84	79.8	99.6	17.24	 .0702	0.000	699	1	100.0	30
20/04/19	11:00	87.7	89.2	85.0	79	80.4	1.0	SE	0.50	6.0	SSW	87.7	104.7	104.7	117.0	29.873	0.00	0.00	1187	51.05	1273	13.5	2.89	14.1	0.000	0.473	87.3	81	80.8	104.6	16.06	 .0699	0.023	702	1	100.0	30
20/04/19	11:30	86.9	88.3	86.4	81	80.4	2.0	SSW	1.00	7.0	SSW	86.9	103.3	103.3	115.2	29.865	0.00	0.00	976	41.97	1236	12.6	2.70	14.5	0.000	0.456	87.9	80	81.0	105.9	15.63	 .0698	0.000	698	1	100.0	30
20/04/19	12:00	88.4	89.4	86.3	80	81.4	2.0	SSW	1.00	8.0	WSW	88.4	107.6	107.6	119.9	29.856	0.00	0.00	1179	50.70	1283	13.8	2.96	14.7	0.000	0.488	89.0	78	81.2	108.2	14.83	 .0696	0.028	700	1	100.0	30
20/04/19	12:30	86.1	88.8	86.1	81	79.6	3.0	S	1.50	8.0	WSW	86.1	100.8	100.8	113.5	29.854	0.00	0.00	1131	48.64	1357	13.2	2.83	14.8	0.000	0.440	89.3	75	80.3	107.2	14.08	 .0696	0.000	701	1	100.0	30
20/04/19	13:00	85.5	87.0	84.8	82	79.4	2.0	SSW	1.00	5.0	S	85.5	99.5	99.5	110.5	29.830	0.00	0.00	568	24.43	821	7.8	1.67	10.6	0.000	0.427	88.1	77	80.0	104.7	14.66	 .0697	0.023	700	1	100.0	30
20/04/19	13:30	84.8	85.9	84.6	83	79.1	2.0	SSW	1.00	5.0	SSE	84.8	97.9	97.9	108.1	29.814	0.00	0.00	502	21.59	745	6.7	1.44	9.1	0.000	0.413	87.6	77	79.5	103.2	14.69	 .0698	0.000	699	1	100.0	30
20/04/19	14:00	85.0	85.2	83.6	84	79.6	2.0	SSW	1.00	6.0	SSW	85.0	98.9	98.9	105.6	29.796	0.00	0.00	295	12.69	984	3.6	0.77	7.4	0.000	0.417	86.6	80	79.7	101.8	15.69	 .0699	0.011	700	1	100.0	30
20/04/19	14:30	86.6	86.7	85.0	82	80.4	2.0	SE	1.00	7.0	WSW	86.6	102.9	102.9	116.2	29.787	0.00	0.00	761	32.73	1039	5.9	1.26	7.6	0.000	0.450	88.0	78	80.3	105.0	14.91	 .0696	0.000	701	1	100.0	30
20/04/19	15:00	86.5	87.1	85.5	81	80.0	2.0	SSW	1.00	6.0	SSW	86.5	102.0	102.0	114.9	29.797	0.00	0.00	631	27.14	846	4.7	1.01	5.6	0.000	0.448	88.4	77	80.3	105.7	14.65	 .0696	0.018	701	1	100.0	30
20/04/19	15:30	84.8	86.7	84.8	85	79.8	2.0	SSW	1.00	6.0	WNW	84.8	98.8	98.8	110.7	29.792	0.00	0.00	481	20.69	738	3.0	0.64	4.3	0.000	0.413	88.4	75	79.5	104.4	14.11	 .0696	0.000	703	1	100.0	30
20/04/19	16:00	83.2	84.8	83.2	85	78.2	1.0	S	0.50	3.0	SSW	83.2	94.1	94.1	98.9	29.789	0.00	0.00	141	6.06	195	1.3	0.28	1.8	0.000	0.379	86.9	78	79.2	101.6	15.00	 .0699	0.008	699	1	100.0	30
20/04/19	16:30	82.8	83.4	82.7	85	77.8	1.0	S	0.50	3.0	S	82.8	93.0	93.0	97.3	29.801	0.00	0.00	112	4.82	146	0.7	0.15	0.9	0.000	0.371	86.0	79	78.7	99.4	15.39	 .0700	0.000	701	1	100.0	30
20/04/19	17:00	82.2	82.8	82.0	86	77.6	0.0	S	0.00	2.0	S	82.2	91.7	91.7	92.0	29.809	0.00	0.00	65	2.80	97	0.0	0.00	0.5	0.000	0.358	85.1	80	78.2	97.4	15.75	 .0702	0.002	700	1	100.0	30
20/04/19	17:30	81.0	82.4	81.0	90	77.8	0.0	SSE	0.00	3.0	SSE	81.0	89.5	89.5	88.8	29.809	0.00	0.00	23	0.99	42	0.0	0.00	0.0	0.000	0.333	84.1	83	78.4	95.9	16.89	 .0703	0.000	699	1	100.0	30
20/04/19	18:00	80.2	81.1	80.2	91	77.3	0.0	SSE	0.00	3.0	SSE	80.2	87.8	87.8	86.6	29.821	0.00	0.00	2	0.09	9	0.0	0.00	0.0	0.000	0.317	83.3	85	78.3	94.4	17.75	 .0705	0.000	696	1	100.0	30
20/04/19	18:30	80.2	80.4	80.2	92	77.7	0.0	SSE	0.00	3.0	SSE	80.2	88.1	88.1	86.9	29.833	0.00	0.00	0	0.00	0	0.0	0.00	0.0	0.000	0.317	82.9	86	78.3	93.6	18.18	 .0705	0.000	700	1	100.0	30
20/04/19	19:00	79.9	80.2	79.8	92	77.4	0.0	SE	0.00	2.0	SE	79.9	87.4	87.4	86.2	29.844	0.00	0.00	0	0.00	0	0.0	0.00	0.0	0.000	0.310	82.6	87	78.3	93.1	18.59	 .0706	0.000	702	1	100.0	30
20/04/19	19:30	79.8	79.9	79.7	93	77.6	0.0	---	0.00	0.0	---	79.8	87.4	87.4	86.2	29.849	0.00	0.00	0	0.00	0	0.0	0.00	0.0	0.000	0.308	82.4	88	78.5	92.9	19.11	 .0706	0.000	701	1	100.0	30
20/04/19	20:00	79.5	79.8	79.4	93	77.3	0.0	---	0.00	0.0	---	79.5	86.7	86.7	85.5	29.865	0.00	0.00	0	0.00	0	0.0	0.00	0.0	0.000	0.302	82.4	88	78.5	92.9	19.11	 .0707	0.000	700	1	100.0	30
20/04/19	20:30	79.4	79.7	79.4	93	77.2	0.0	N	0.00	3.0	NE	79.4	86.4	86.4	85.2	29.876	0.01	0.00	0	0.00	0	0.0	0.00	0.0	0.000	0.300	82.1	89	78.5	92.3	19.74	 .0707	0.000	699	1	100.0	30
20/04/19	21:00	79.2	79.4	79.1	94	77.3	0.0	NW	0.00	2.0	NW	79.2	86.2	86.2	85.0	29.884	0.00	0.00	0	0.00	0	0.0	0.00	0.0	0.000	0.296	81.8	89	78.2	91.5	19.77	 .0708	0.000	698	1	100.0	30
20/04/19	21:30	78.4	79.2	78.4	94	76.5	0.0	NW	0.00	1.0	NW	78.4	84.3	84.3	83.0	29.880	0.01	0.00	0	0.00	0	0.0	0.00	0.0	0.000	0.279	81.3	90	78.1	90.3	20.35	 .0709	0.000	701	1	100.0	30
20/04/19	22:00	78.1	78.5	78.1	94	76.2	0.0	NW	0.00	2.0	NW	78.1	83.6	83.6	82.3	29.870	0.01	0.00	0	0.00	0	0.0	0.00	0.0	0.000	0.273	81.0	90	77.8	89.5	20.37	 .0709	0.000	700	1	100.0	30
20/04/19	22:30	77.8	78.1	77.8	94	75.9	0.0	NW	0.00	1.0	NW	77.8	83.0	83.0	81.7	29.864	0.00	0.00	0	0.00	0	0.0	0.00	0.0	0.000	0.267	80.8	90	77.6	89.0	20.39	 .0710	0.000	699	1	100.0	30
20/04/19	23:00	77.7	77.8	77.7	94	75.8	0.0	NW	0.00	1.0	NW	77.7	82.8	82.8	81.5	29.858	0.00	0.00	0	0.00	0	0.0	0.00	0.0	0.000	0.265	80.7	90	77.5	88.7	20.39	 .0710	0.000	700	1	100.0	30
20/04/19	23:30	77.3	77.7	77.3	94	75.4	0.0	---	0.00	0.0	---	77.3	81.9	81.9	80.6	29.857	0.00	0.00	0	0.00	0	0.0	0.00	0.0	0.000	0.256	80.6	90	77.4	88.5	20.40	 .0710	0.000	701	1	100.0	30
21/04/19	00:00	77.1	77.3	77.0	94	75.2	0.0	---	0.00	0.0	---	77.1	81.5	81.5	80.2	29.849	0.00	0.00	0	0.00	0	0.0	0.00	0.0	0.000	0.252	80.4	90	77.2	88.0	20.42	 .0710	0.000	702	1	100.0	30
21/04/19	0:30	76.9	77.1	76.9	95	75.4	0.0	---	0.00	0.0	---	76.9	81.3	81.3	80.0	29.838	0.00	0.00	0	0.00	0	0.0	0.00	0.0	0.000	0.248	80.3	90	77.1	87.8	20.43	 .0710	0.000	699	1	100.0	30
21/04/19	1:00	76.9	77.0	76.8	95	75.4	0.0	---	0.00	0.0	---	76.9	81.3	81.3	80.0	29.828	0.00	0.00	0	0.00	0	0.0	0.00	0.0	0.000	0.248	80.1	90	76.9	87.3	20.44	 .0710	0.000	701	1	100.0	30
21/04/19	1:30	77.0	77.1	76.9	95	75.5	0.0	---	0.00	0.0	---	77.0	81.5	81.5	80.2	29.815	0.00	0.00	0	0.00	0	0.0	0.00	0.0	0.000	0.250	80.1	90	76.9	87.3	20.44	 .0710	0.000	699	1	100.0	30
21/04/19	2:00	77.1	77.2	77.0	95	75.6	0.0	---	0.00	0.0	---	77.1	81.7	81.7	80.4	29.810	0.00	0.00	0	0.00	0	0.0	0.00	0.0	0.000	0.252	80.2	90	77.0	87.5	20.43	 .0709	0.000	699	1	100.0	30
21/04/19	2:30	77.0	77.2	76.9	95	75.5	0.0	---	0.00	0.0	---	77.0	81.5	81.5	80.2	29.807	0.00	0.00	0	0.00	0	0.0	0.00	0.0	0.000	0.250	80.0	91	77.1	87.3	21.05	 .0710	0.000	698	1	100.0	30
21/04/19	3:00	76.5	77.1	76.5	95	75.0	0.0	---	0.00	0.0	---	76.5	80.6	80.6	79.2	29.797	0.00	0.00	0	0.00	0	0.0	0.00	0.0	0.000	0.240	79.8	90	76.6	86.5	20.45	 .0710	0.000	698	1	100.0	30
21/04/19	3:30	76.6	76.7	76.4	95	75.1	0.0	WSW	0.00	2.0	WSW	76.6	80.8	80.8	79.5	29.793	0.00	0.00	0	0.00	0	0.0	0.00	0.0	0.000	0.242	79.5	91	76.6	86.1	21.04	 .0710	0.000	702	1	100.0	30
21/04/19	4:00	76.2	76.6	76.2	95	74.7	0.0	---	0.00	0.0	---	76.2	80.1	80.1	78.7	29.792	0.00	0.00	0	0.00	0	0.0	0.00	0.0	0.000	0.233	79.4	91	76.5	85.9	21.04	 .0710	0.000	702	1	100.0	30
21/04/19	4:30	76.1	76.3	76.0	95	74.6	0.0	---	0.00	0.0	---	76.1	79.9	79.9	78.5	29.797	0.00	0.00	0	0.00	0	0.0	0.00	0.0	0.000	0.231	79.3	91	76.4	85.6	21.04	 .0711	0.000	700	1	100.0	30
21/04/19	5:00	75.9	76.1	75.9	95	74.4	0.0	---	0.00	0.0	---	75.9	79.6	79.6	78.2	29.803	0.00	0.00	0	0.00	0	0.0	0.00	0.0	0.000	0.227	79.2	91	76.3	85.4	21.03	 .0711	0.000	699	1	100.0	30
21/04/19	5:30	76.0	76.0	75.9	95	74.5	0.0	---	0.00	0.0	---	76.0	79.7	79.7	78.3	29.810	0.00	0.00	0	0.00	7	0.0	0.00	0.0	0.000	0.229	78.9	91	76.0	84.7	21.03	 .0712	0.000	699	1	100.0	30
21/04/19	6:00	76.2	76.2	75.8	95	74.7	0.0	---	0.00	0.0	---	76.2	80.1	80.1	79.2	29.816	0.00	0.00	20	0.86	44	0.0	0.00	0.0	0.000	0.233	79.0	91	76.1	84.9	21.03	 .0712	0.000	701	1	100.0	30
21/04/19	6:30	77.2	77.2	76.2	95	75.7	0.0	---	0.00	0.0	---	77.2	81.9	81.9	84.2	29.832	0.00	0.00	66	2.84	93	0.0	0.00	0.0	0.000	0.254	79.5	92	77.0	86.4	21.14	 .0711	0.000	702	1	100.0	30
21/04/19	7:00	78.1	78.2	77.2	96	76.9	0.0	WSW	0.00	1.0	WSW	78.1	84.1	84.1	87.2	29.843	0.00	0.00	98	4.21	109	0.5	0.11	0.9	0.000	0.273	79.8	93	77.6	87.4	21.25	 .0710	0.002	702	1	100.0	30
21/04/19	7:30	78.7	78.7	78.1	95	77.1	0.0	---	0.00	0.0	---	78.7	85.2	85.2	87.0	29.854	0.00	0.00	72	3.10	285	0.4	0.09	1.6	0.000	0.285	80.2	93	78.0	88.4	21.25	 .0710	0.000	699	1	100.0	30
21/04/19	8:00	81.3	81.3	78.7	94	79.4	0.0	SSE	0.00	4.0	SSE	81.3	91.8	91.8	99.6	29.866	0.00	0.00	297	12.77	527	2.1	0.45	2.9	0.000	0.340	80.9	93	78.7	90.3	21.27	 .0709	0.005	699	1	100.0	30
21/04/19	8:30	84.7	84.8	81.3	85	79.7	1.0	S	0.50	4.0	SSE	84.7	98.5	98.5	110.8	29.877	0.00	0.00	632	27.18	721	3.8	0.81	4.7	0.000	0.410	82.3	92	79.7	94.0	21.20	 .0706	0.000	701	1	100.0	30
21/04/19	9:00	84.4	85.5	84.2	86	79.7	2.0	SSW	1.00	7.0	SSW	84.4	98.0	98.0	108.0	29.882	0.00	0.00	473	20.34	809	4.6	0.99	6.4	0.000	0.404	83.2	89	79.6	95.5	19.63	 .0705	0.014	702	1	100.0	30
21/04/19	9:30	86.4	86.4	83.5	85	81.4	3.0	SW	1.50	10.0	WSW	86.4	104.0	104.0	116.8	29.875	0.00	0.00	759	32.64	872	7.1	1.52	8.4	0.000	0.446	84.6	86	79.9	98.6	18.07	 .0703	0.000	699	1	100.0	30
21/04/19	10:00	86.6	86.6	85.8	83	80.8	4.0	SW	2.00	10.0	SW	86.6	103.5	103.5	116.3	29.873	0.00	0.00	861	37.03	884	9.2	1.97	9.7	0.000	0.450	85.8	84	80.4	101.4	17.22	 .0701	0.021	699	1	100.0	30
21/04/19	10:30	87.1	87.2	86.0	82	80.9	3.0	SW	1.50	12.0	SW	87.1	104.5	104.5	117.6	29.875	0.00	0.00	811	34.88	918	10.1	2.16	10.9	0.000	0.460	86.5	81	80.0	102.0	16.09	 .0700	0.000	699	1	100.0	30
21/04/19	11:00	87.7	88.3	86.9	80	80.8	2.0	ESE	1.00	8.0	SW	87.7	105.2	105.2	117.0	29.875	0.00	0.00	979	42.10	1062	11.9	2.55	12.9	0.000	0.473	87.2	81	80.7	104.3	16.06	 .0699	0.023	698	1	100.0	30
21/04/19	11:30	87.8	89.0	87.3	80	80.9	3.0	SSW	1.50	9.0	WSW	87.8	105.6	105.6	115.9	29.860	0.00	0.00	1065	45.80	1086	13.1	2.81	13.4	0.000	0.475	88.2	77	80.1	105.0	14.66	 .0698	0.000	697	1	100.0	30
21/04/19	12:00	87.5	88.5	86.9	82	81.3	3.0	SSW	1.50	9.0	WSW	87.5	105.9	105.9	117.5	29.854	0.00	0.00	1121	48.21	1243	12.9	2.76	13.9	0.000	0.469	88.7	77	80.6	106.6	14.63	 .0697	0.028	700	1	100.0	30
21/04/19	12:30	86.8	88.7	86.8	79	79.5	2.0	SSE	1.00	7.0	WSW	86.8	101.9	101.9	113.8	29.842	0.00	0.00	1073	46.15	1146	12.6	2.70	13.2	0.000	0.454	89.4	75	80.4	107.5	14.07	 .0696	0.000	699	1	100.0	30
21/04/19	13:00	85.2	87.2	85.2	82	79.1	3.0	SSW	1.50	8.0	W	85.2	98.6	98.6	111.5	29.827	0.00	0.00	827	35.57	1104	9.5	2.04	12.1	0.000	0.421	89.0	75	80.0	106.2	14.09	 .0696	0.025	698	1	100.0	30
21/04/19	13:30	86.8	86.9	85.1	81	80.3	3.0	SSW	1.50	8.0	SSW	86.8	103.0	103.0	115.6	29.814	0.00	0.00	727	31.27	1215	8.4	1.80	11.2	0.000	0.454	88.8	76	80.3	106.3	14.32	 .0696	0.000	699	1	100.0	30
21/04/19	14:00	86.9	87.3	85.8	79	79.6	3.0	SSW	1.50	10.0	S	86.9	102.2	102.2	114.5	29.806	0.00	0.00	826	35.52	1181	7.4	1.59	9.4	0.000	0.456	89.3	74	79.9	106.5	13.76	 .0695	0.020	692	1	100.0	30
21/04/19	14:30	87.2	87.4	85.8	80	80.3	2.0	SSW	1.00	9.0	WNW	87.2	103.6	103.6	118.3	29.800	0.00	0.00	841	36.17	893	6.2	1.33	7.3	0.000	0.462	89.3	75	80.3	107.2	14.08	 .0695	0.000	696	1	100.0	30
21/04/19	15:00	85.6	87.5	85.2	80	78.7	3.0	SSW	1.50	10.0	WSW	85.6	98.8	98.8	113.2	29.787	0.00	0.00	705	30.32	925	4.7	1.01	6.0	0.000	0.429	89.0	72	78.8	104.3	13.17	 .0696	0.019	698	1	100.0	30
21/04/19	15:30	85.3	86.4	85.0	80	78.4	2.0	SW	1.00	7.0	SW	85.3	97.9	97.9	111.2	29.786	0.00	0.00	539	23.18	708	3.0	0.64	4.1	0.000	0.423	88.7	73	78.9	104.1	13.48	 .0696	0.000	698	1	100.0	30
21/04/19	16:00	83.9	85.8	83.8	84	78.5	2.0	SSW	1.00	9.0	WSW	83.9	95.7	95.7	107.0	29.794	0.00	0.00	376	16.17	578	1.9	0.41	2.6	0.000	0.394	88.0	74	78.7	102.6	13.79	 .0698	0.012	699	1	100.0	30
21/04/19	16:30	83.7	84.2	83.4	83	78.0	1.0	SSW	0.50	5.0	SSE	83.7	94.7	94.7	102.2	29.801	0.00	0.00	215	9.25	380	1.0	0.21	1.3	0.000	0.390	87.2	75	78.3	100.9	14.16	 .0699	0.000	698	1	100.0	30
21/04/19	17:00	82.9	83.8	82.9	84	77.6	1.0	SSW	0.50	4.0	S	82.9	92.9	92.9	94.2	29.806	0.00	0.00	127	5.46	178	0.2	0.04	0.6	0.000	0.373	86.3	76	77.8	98.8	14.47	 .0701	0.005	692	1	100.0	30
21/04/19	17:30	82.5	82.9	82.5	85	77.5	0.0	S	0.00	3.0	S	82.5	92.2	92.2	92.2	29.818	0.00	0.00	67	2.88	91	0.0	0.00	0.0	0.000	0.365	85.7	78	78.0	98.1	15.09	 .0702	0.000	696	1	100.0	30
21/04/19	18:00	80.7	82.6	80.7	89	77.2	0.0	SSW	0.00	2.0	SSW	80.7	88.5	88.5	87.1	29.818	0.00	0.00	3	0.13	16	0.0	0.00	0.0	0.000	0.327	84.6	81	78.1	96.4	16.17	 .0703	0.001	701	1	100.0	30
21/04/19	18:30	79.7	80.8	79.6	91	76.8	0.0	---	0.00	0.0	---	79.7	86.6	86.6	85.1	29.826	0.00	0.00	0	0.00	0	0.0	0.00	0.0	0.000	0.306	83.3	83	77.6	93.6	16.92	 .0705	0.000	699	1	100.0	30
21/04/19	19:00	78.9	79.7	78.8	92	76.4	0.0	SSW	0.00	1.0	SSW	78.9	85.0	85.0	83.5	29.841	0.00	0.00	0	0.00	0	0.0	0.00	0.0	0.000	0.290	82.6	84	77.3	92.1	17.35	 .0707	0.000	702	1	100.0	30
21/04/19	19:30	78.2	78.9	78.2	92	75.7	0.0	---	0.00	0.0	---	78.2	83.4	83.4	81.8	29.854	0.00	0.00	0	0.00	0	0.0	0.00	0.0	0.000	0.275	82.4	85	77.4	91.9	17.81	 .0707	0.000	700	1	100.0	30
21/04/19	20:00	77.9	78.3	77.9	93	75.7	0.0	SSW	0.00	1.0	SSW	77.9	83.0	83.0	81.4	29.862	0.00	0.00	0	0.00	0	0.0	0.00	0.0	0.000	0.269	82.0	86	77.4	91.2	18.23	 .0708	0.000	700	1	100.0	30
21/04/19	20:30	77.5	77.9	77.5	93	75.3	0.0	---	0.00	0.0	---	77.5	82.1	82.1	80.5	29.863	0.00	0.00	0	0.00	0	0.0	0.00	0.0	0.000	0.260	81.7	86	77.1	90.4	18.25	 .0709	0.000	701	1	100.0	30
21/04/19	21:00	77.3	77.6	77.3	94	75.4	0.0	---	0.00	0.0	---	77.3	81.9	81.9	80.3	29.867	0.00	0.00	0	0.00	0	0.0	0.00	0.0	0.000	0.256	81.1	87	76.9	89.1	18.68	 .0710	0.000	699	1	100.0	30
21/04/19	21:30	77.3	77.4	77.2	94	75.4	0.0	SSW	0.00	2.0	SSW	77.3	81.9	81.9	80.3	29.870	0.00	0.00	0	0.00	0	0.0	0.00	0.0	0.000	0.256	80.8	87	76.6	88.4	18.70	 .0710	0.000	699	1	100.0	30
21/04/19	22:00	76.9	77.4	76.9	94	75.0	0.0	S	0.00	1.0	S	76.9	81.1	81.1	79.5	29.868	0.00	0.00	0	0.00	0	0.0	0.00	0.0	0.000	0.248	81.0	87	76.8	88.8	18.69	 .0710	0.000	701	1	100.0	30
21/04/19	22:30	76.6	77.0	76.5	94	74.7	0.0	---	0.00	0.0	---	76.6	80.6	80.6	79.0	29.863	0.00	0.00	0	0.00	0	0.0	0.00	0.0	0.000	0.242	80.7	87	76.5	88.1	18.71	 .0710	0.000	686	1	100.0	30
21/04/19	23:00	76.1	76.6	76.1	94	74.2	0.0	---	0.00	0.0	---	76.1	79.7	79.7	78.1	29.856	0.00	0.00	0	0.00	0	0.0	0.00	0.0	0.000	0.231	80.4	87	76.2	87.4	18.73	 .0711	0.000	701	1	100.0	30
21/04/19	23:30	75.8	76.2	75.8	94	73.9	0.0	---	0.00	0.0	---	75.8	79.3	79.3	77.6	29.849	0.00	0.00	0	0.00	0	0.0	0.00	0.0	0.000	0.225	79.9	87	75.7	86.2	18.76	 .0712	0.000	702	1	100.0	30
22/04/19	00:00	75.4	75.7	75.4	94	73.6	0.0	---	0.00	0.0	---	75.4	78.7	78.7	77.0	29.835	0.00	0.00	0	0.00	0	0.0	0.00	0.0	0.000	0.217	79.6	87	75.4	85.6	18.77	 .0712	0.000	701	1	100.0	30
22/04/19	0:30	75.1	75.4	75.1	94	73.3	0.0	---	0.00	0.0	---	75.1	78.3	78.3	76.6	29.821	0.00	0.00	0	0.00	0	0.0	0.00	0.0	0.000	0.210	79.4	87	75.2	85.1	18.79	 .0712	0.000	702	1	100.0	30
22/04/19	1:00	75.1	75.2	75.0	95	73.6	0.0	---	0.00	0.0	---	75.1	78.4	78.4	76.7	29.813	0.00	0.00	0	0.00	0	0.0	0.00	0.0	0.000	0.210	79.4	87	75.2	85.1	18.79	 .0712	0.000	698	1	100.0	30
22/04/19	1:30	75.3	75.4	75.0	94	73.5	0.0	---	0.00	0.0	---	75.3	78.6	78.6	76.9	29.803	0.00	0.00	0	0.00	0	0.0	0.00	0.0	0.000	0.215	79.2	88	75.3	84.8	19.38	 .0712	0.000	702	1	100.0	30
22/04/19	2:00	75.5	75.5	75.3	94	73.7	0.0	---	0.00	0.0	---	75.5	78.9	78.9	77.2	29.796	0.00	0.00	0	0.00	0	0.0	0.00	0.0	0.000	0.219	79.3	88	75.4	85.1	19.38	 .0711	0.000	699	1	100.0	30
22/04/19	2:30	75.1	75.4	75.1	95	73.6	0.0	---	0.00	0.0	---	75.1	78.4	78.4	76.7	29.785	0.00	0.00	0	0.00	0	0.0	0.00	0.0	0.000	0.210	79.1	88	75.2	84.6	19.39	 .0712	0.000	703	1	100.0	30
22/04/19	3:00	74.7	75.1	74.7	95	73.2	0.0	---	0.00	0.0	---	74.7	77.8	77.8	76.1	29.780	0.00	0.00	0	0.00	0	0.0	0.00	0.0	0.000	0.202	78.9	88	75.0	84.2	19.39	 .0712	0.000	692	1	100.0	30
22/04/19	3:30	74.4	74.7	74.3	95	72.9	0.0	---	0.00	0.0	---	74.4	77.3	77.3	75.5	29.785	0.00	0.00	0	0.00	0	0.0	0.00	0.0	0.000	0.196	78.8	88	74.9	84.0	19.40	 .0712	0.000	696	1	100.0	30
22/04/19	4:00	74.1	74.4	74.0	95	72.6	0.0	---	0.00	0.0	---	74.1	76.9	76.9	75.1	29.788	0.00	0.00	0	0.00	0	0.0	0.00	0.0	0.000	0.190	78.5	87	74.3	83.2	18.84	 .0713	0.000	689	1	100.0	30
22/04/19	4:30	74.0	74.1	74.0	95	72.5	0.0	---	0.00	0.0	---	74.0	76.7	76.7	74.9	29.797	0.00	0.00	0	0.00	0	0.0	0.00	0.0	0.000	0.188	78.3	88	74.5	82.9	19.42	 .0713	0.000	696	1	100.0	30
22/04/19	5:00	73.9	74.1	73.9	95	72.4	0.0	---	0.00	0.0	---	73.9	76.6	76.6	74.8	29.807	0.00	0.00	0	0.00	0	0.0	0.00	0.0	0.000	0.185	78.2	88	74.4	82.7	19.42	 .0714	0.000	696	1	100.0	30
22/04/19	5:30	73.8	74.0	73.8	95	72.3	0.0	---	0.00	0.0	---	73.8	76.5	76.5	74.7	29.813	0.00	0.00	0	0.00	5	0.0	0.00	0.0	0.000	0.183	78.0	88	74.2	82.3	19.43	 .0714	0.000	692	1	100.0	30
22/04/19	6:00	74.2	74.2	73.7	95	72.7	0.0	---	0.00	0.0	---	74.2	77.0	77.0	75.8	29.819	0.00	0.00	29	1.25	62	0.0	0.00	0.0	0.000	0.192	77.9	88	74.1	82.1	19.43	 .0715	0.000	699	1	100.0	30
22/04/19	6:30	75.5	75.5	74.2	95	74.0	0.0	---	0.00	0.0	---	75.5	79.0	79.0	81.3	29.825	0.00	0.00	68	2.92	86	0.0	0.00	0.0	0.000	0.219	78.0	90	74.8	82.5	20.45	 .0714	0.000	697	1	100.0	30
22/04/19	7:00	75.7	75.7	75.3	95	74.2	0.0	---	0.00	0.0	---	75.7	79.3	79.3	80.1	29.832	0.00	0.00	41	1.76	54	0.0	0.00	0.0	0.000	0.223	78.0	90	74.8	82.5	20.45	 .0714	0.001	698	1	100.0	30
22/04/19	7:30	76.4	76.4	75.7	94	74.5	0.0	S	0.00	1.0	S	76.4	80.3	80.3	81.7	29.844	0.00	0.00	64	2.75	171	0.3	0.06	1.7	0.000	0.238	78.3	90	75.1	83.2	20.45	 .0714	0.000	701	1	100.0	30
22/04/19	8:00	81.0	81.0	76.4	84	75.7	0.0	S	0.00	2.0	S	81.0	88.1	88.1	98.3	29.857	0.00	0.00	420	18.06	533	2.4	0.51	3.3	0.000	0.333	79.2	91	76.3	85.4	21.03	 .0712	0.006	700	1	100.0	30
22/04/19	8:30	84.8	84.8	81.0	78	77.2	1.0	S	0.50	5.0	S	84.8	95.7	95.7	107.7	29.857	0.00	0.00	596	25.63	652	4.2	0.90	5.0	0.000	0.413	80.9	86	76.3	88.4	18.30	 .0710	0.000	696	1	100.0	30
22/04/19	9:00	85.6	86.3	84.8	78	77.9	2.0	SSW	1.00	6.0	W	85.6	97.9	97.9	110.3	29.866	0.00	0.00	705	30.32	756	5.9	1.26	6.8	0.000	0.429	82.6	84	77.3	92.1	17.35	 .0707	0.017	699	1	100.0	30
22/04/19	9:30	87.3	87.3	85.5	76	78.8	2.0	SSW	1.00	6.0	SSW	87.3	101.7	101.7	114.3	29.866	0.00	0.00	805	34.62	842	7.8	1.67	8.6	0.000	0.465	84.3	80	77.5	95.1	15.78	 .0705	0.000	699	1	100.0	30
22/04/19	10:00	87.7	87.8	86.9	78	80.0	2.0	SSE	1.00	8.0	SSW	87.7	104.1	104.1	116.6	29.863	0.00	0.00	885	38.06	918	9.6	2.06	10.4	0.000	0.473	85.7	79	78.4	98.6	15.41	 .0702	0.023	696	1	100.0	30
22/04/19	10:30	87.8	88.3	86.9	78	80.1	3.0	SSW	1.50	8.0	SW	87.8	104.4	104.4	117.4	29.858	0.00	0.00	887	38.15	965	11.1	2.38	11.7	0.000	0.475	86.7	77	78.6	100.5	14.75	 .0701	0.000	702	1	100.0	30
22/04/19	11:00	87.4	88.7	87.1	75	78.5	2.0	SSW	1.00	8.0	WSW	87.4	101.5	101.5	112.6	29.850	0.00	0.00	994	42.75	1011	12.4	2.66	12.8	0.000	0.467	87.6	75	78.7	102.0	14.15	 .0700	0.025	696	1	100.0	30
22/04/19	11:30	86.8	88.1	86.8	74	77.5	3.0	SW	1.50	8.0	SSW	86.8	99.3	99.3	111.4	29.840	0.00	0.00	955	41.07	1199	12.2	2.61	14.1	0.000	0.454	88.0	71	77.4	101.0	12.85	 .0700	0.000	695	1	100.0	30
22/04/19	12:00	87.2	87.5	86.3	74	77.9	2.0	ESE	1.00	6.0	SSW	87.2	100.4	100.4	112.1	29.827	0.00	0.00	613	26.36	724	9.5	2.04	11.5	0.000	0.462	87.2	72	77.1	99.3	13.21	 .0701	0.021	700	1	100.0	30
22/04/19	12:30	88.9	90.0	87.1	71	78.3	2.0	SSW	1.00	6.0	SSW	88.9	103.4	103.4	115.8	29.819	0.00	0.00	1122	48.25	1188	13.3	2.85	14.2	0.000	0.498	88.6	69	77.1	101.5	12.35	 .0699	0.000	701	1	100.0	30
22/04/19	13:00	89.1	89.6	88.5	70	78.0	2.0	SE	1.00	7.0	SSW	89.1	103.4	103.4	115.8	29.808	0.00	0.00	1030	44.30	1187	12.1	2.59	13.6	0.000	0.502	89.3	68	77.3	102.8	12.08	 .0697	0.029	693	1	100.0	30
22/04/19	13:30	88.2	89.9	88.0	70	77.2	2.0	E	1.00	7.0	S	88.2	100.9	100.9	113.2	29.789	0.00	0.00	932	40.08	960	10.5	2.25	11.2	0.000	0.483	89.6	67	77.2	103.0	11.87	 .0697	0.000	698	1	100.0	30
22/04/19	14:00	87.7	89.1	87.0	72	77.5	2.0	SSW	1.00	8.0	ESE	87.7	100.7	100.7	113.7	29.787	0.00	0.00	878	37.76	914	8.8	1.89	9.6	0.000	0.473	89.8	66	76.9	102.9	11.66	 .0697	0.024	696	1	100.0	30
22/04/19	14:30	89.5	89.5	87.4	71	78.8	2.0	SSW	1.00	9.0	SSE	89.5	105.2	105.2	120.2	29.788	0.00	0.00	868	37.33	1000	7.3	1.56	8.1	0.000	0.510	90.4	67	77.9	105.2	11.85	 .0695	0.000	694	1	100.0	30
22/04/19	15:00	87.3	89.4	87.0	72	77.2	2.0	SSW	1.00	6.0	S	87.3	99.6	99.6	113.8	29.775	0.00	0.00	701	30.15	1032	5.1	1.09	7.1	0.000	0.465	90.1	67	77.7	104.4	11.85	 .0695	0.021	694	1	100.0	30
22/04/19	15:30	84.9	87.5	84.9	77	76.9	1.0	SSW	0.50	5.0	S	84.9	95.5	95.5	104.9	29.772	0.00	0.00	333	14.32	686	2.4	0.51	4.2	0.000	0.415	88.8	68	76.9	101.4	12.10	 .0697	0.000	701	1	100.0	30
22/04/19	16:00	82.3	84.9	82.3	84	77.0	0.0	ENE	0.00	3.0	ENE	82.3	91.4	91.4	92.6	29.764	0.00	0.00	49	2.11	69	0.2	0.04	0.9	0.000	0.360	86.3	73	76.6	97.4	13.52	 .0701	0.005	699	1	100.0	30
22/04/19	16:30	82.5	82.7	82.2	87	78.2	0.0	---	0.00	0.0	---	82.5	92.8	92.8	95.4	29.772	0.00	0.00	71	3.05	77	0.5	0.11	0.9	0.000	0.365	85.0	79	77.8	96.7	15.45	 .0702	0.000	701	1	100.0	30
22/04/19	17:00	82.3	82.5	82.1	86	77.7	0.0	---	0.00	0.0	---	82.3	92.0	92.0	92.3	29.772	0.00	0.00	61	2.62	77	0.0	0.00	0.0	0.000	0.360	84.5	80	77.6	95.7	15.77	 .0702	0.002	700	1	100.0	30
22/04/19	17:30	81.6	82.6	81.6	87	77.4	0.0	ENE	0.00	2.0	NE	81.6	90.4	90.4	89.9	29.776	0.00	0.00	26	1.12	44	0.0	0.00	0.0	0.000	0.346	84.3	80	77.5	95.1	15.78	 .0703	0.000	700	1	100.0	30
22/04/19	18:00	80.6	81.7	80.5	89	77.1	0.0	---	0.00	0.0	---	80.6	88.3	88.3	87.2	29.785	0.00	0.00	0	0.00	5	0.0	0.00	0.0	0.000	0.325	83.5	81	77.1	93.4	16.21	 .0704	0.000	701	1	100.0	30
22/04/19	18:30	79.5	80.7	79.4	91	76.6	0.0	---	0.00	0.0	---	79.5	86.1	86.1	84.9	29.792	0.05	0.68	0	0.00	0	0.0	0.00	0.0	0.000	0.302	82.7	84	77.4	92.4	17.34	 .0705	0.000	701	1	100.0	30
22/04/19	19:00	78.3	79.5	78.3	93	76.1	0.0	---	0.00	0.0	---	78.3	83.8	83.8	82.6	29.805	0.00	0.00	0	0.00	0	0.0	0.00	0.0	0.000	0.277	82.2	86	77.6	91.7	18.22	 .0706	0.000	702	1	100.0	30
22/04/19	19:30	78.1	78.3	78.1	93	75.9	0.0	---	0.00	0.0	---	78.1	83.4	83.4	82.2	29.813	0.00	0.00	0	0.00	0	0.0	0.00	0.0	0.000	0.273	81.7	87	77.5	90.7	18.65	 .0707	0.000	701	1	100.0	30
22/04/19	20:00	78.0	78.1	77.9	94	76.1	0.0	---	0.00	0.0	---	78.0	83.4	83.4	82.2	29.826	0.00	0.00	0	0.00	0	0.0	0.00	0.0	0.000	0.271	81.4	87	77.2	89.9	18.67	 .0708	0.000	701	1	100.0	30
22/04/19	20:30	77.8	78.0	77.8	94	75.9	0.0	---	0.00	0.0	---	77.8	83.0	83.0	81.8	29.835	0.00	0.00	0	0.00	0	0.0	0.00	0.0	0.000	0.267	81.2	88	77.3	89.6	19.23	 .0709	0.000	702	1	100.0	30
22/04/19	21:00	77.8	78.0	77.8	94	75.9	0.0	---	0.00	0.0	---	77.8	83.0	83.0	81.8	29.846	0.00	0.00	0	0.00	0	0.0	0.00	0.0	0.000	0.267	81.1	88	77.2	89.3	19.24	 .0709	0.000	700	1	100.0	30
22/04/19	21:30	77.8	78.1	77.8	94	75.9	0.0	---	0.00	0.0	---	77.8	83.0	83.0	81.8	29.854	0.00	0.00	0	0.00	0	0.0	0.00	0.0	0.000	0.267	81.0	89	77.4	89.3	19.85	 .0709	0.000	699	1	100.0	30
22/04/19	22:00	77.8	77.9	77.7	94	75.9	0.0	N	0.00	2.0	NW	77.8	83.0	83.0	81.8	29.852	0.00	0.00	0	0.00	0	0.0	0.00	0.0	0.000	0.267	80.9	89	77.4	89.0	19.86	 .0709	0.000	701	1	100.0	30
22/04/19	22:30	77.9	78.1	77.8	94	76.0	0.0	NNW	0.00	4.0	NNW	77.9	83.2	83.2	82.0	29.848	0.00	0.00	0	0.00	0	0.0	0.00	0.0	0.000	0.269	80.8	89	77.3	88.8	19.87	 .0709	0.000	701	1	100.0	30
22/04/19	23:00	77.7	78.0	77.7	94	75.8	0.0	---	0.00	0.0	---	77.7	82.8	82.8	81.6	29.841	0.00	0.00	0	0.00	0	0.0	0.00	0.0	0.000	0.265	80.8	89	77.3	88.8	19.87	 .0709	0.000	701	1	100.0	30
22/04/19	23:30	77.4	77.8	77.4	94	75.5	0.0	---	0.00	0.0	---	77.4	82.1	82.1	80.9	29.828	0.00	0.00	0	0.00	0	0.0	0.00	0.0	0.000	0.258	80.6	90	77.4	88.5	20.40	 .0709	0.000	703	1	100.0	30
23/04/19	00:00	77.2	77.4	77.2	95	75.7	0.0	---	0.00	0.0	---	77.2	81.9	81.9	80.7	29.830	0.00	0.00	0	0.00	0	0.0	0.00	0.0	0.000	0.254	80.3	90	77.1	87.8	20.43	 .0710	0.000	700	1	100.0	30
23/04/19	0:30	76.9	77.2	76.8	95	75.4	0.0	N	0.00	1.0	N	76.9	81.3	81.3	80.1	29.822	0.00	0.00	0	0.00	0	0.0	0.00	0.0	0.000	0.248	80.1	90	76.9	87.3	20.44	 .0710	0.000	701	1	100.0	30
23/04/19	1:00	76.8	76.9	76.7	95	75.3	0.0	---	0.00	0.0	---	76.8	81.1	81.1	79.9	29.813	0.00	0.00	0	0.00	0	0.0	0.00	0.0	0.000	0.246	80.0	90	76.8	87.0	20.45	 .0710	0.000	699	1	100.0	30
23/04/19	1:30	76.7	77.0	76.7	95	75.2	0.0	NE	0.00	3.0	NE	76.7	81.0	81.0	79.8	29.805	0.00	0.00	0	0.00	0	0.0	0.00	0.0	0.000	0.244	79.8	90	76.6	86.5	20.45	 .0710	0.000	700	1	100.0	30
23/04/19	2:00	76.7	76.8	76.6	95	75.2	0.0	NE	0.00	1.0	NE	76.7	81.0	81.0	79.8	29.801	0.00	0.00	0	0.00	0	0.0	0.00	0.0	0.000	0.244	79.4	91	76.5	85.9	21.04	 .0711	0.000	699	1	100.0	30
23/04/19	2:30	76.6	76.8	76.6	95	75.1	0.0	NE	0.00	1.0	NE	76.6	80.8	80.8	79.6	29.796	0.00	0.00	0	0.00	0	0.0	0.00	0.0	0.000	0.242	79.6	91	76.7	86.4	21.04	 .0710	0.000	702	1	100.0	30
23/04/19	3:00	76.5	76.7	76.5	95	75.0	0.0	---	0.00	0.0	---	76.5	80.6	80.6	79.3	29.791	0.00	0.00	0	0.00	0	0.0	0.00	0.0	0.000	0.240	79.5	90	76.3	85.8	20.45	 .0710	0.000	701	1	100.0	30
23/04/19	3:30	76.4	76.6	76.4	95	74.9	0.0	NE	0.00	1.0	NE	76.4	80.4	80.4	79.1	29.793	0.00	0.00	0	0.00	0	0.0	0.00	0.0	0.000	0.238	79.1	91	76.2	85.2	21.03	 .0711	0.000	703	1	100.0	30
23/04/19	4:00	76.5	76.6	76.3	95	75.0	0.0	---	0.00	0.0	---	76.5	80.6	80.6	79.3	29.790	0.00	0.00	0	0.00	0	0.0	0.00	0.0	0.000	0.240	79.3	91	76.4	85.6	21.04	 .0711	0.000	701	1	100.0	30
23/04/19	4:30	76.6	76.6	76.4	95	75.1	0.0	NE	0.00	1.0	NE	76.6	80.8	80.8	79.6	29.789	0.00	0.00	0	0.00	0	0.0	0.00	0.0	0.000	0.242	79.3	91	76.4	85.6	21.04	 .0711	0.000	701	1	100.0	30
23/04/19	5:00	76.7	76.7	76.5	95	75.2	0.0	---	0.00	0.0	---	76.7	81.0	81.0	79.8	29.799	0.00	0.00	0	0.00	0	0.0	0.00	0.0	0.000	0.244	79.3	91	76.4	85.6	21.04	 .0711	0.000	702	1	100.0	30
23/04/19	5:30	77.0	77.0	76.7	95	75.5	0.0	---	0.00	0.0	---	77.0	81.5	81.5	80.5	29.795	0.00	0.00	10	0.43	28	0.0	0.00	0.0	0.000	0.250	79.4	92	76.9	86.1	21.14	 .0710	0.000	701	1	100.0	30
23/04/19	6:00	77.3	77.3	76.9	95	75.8	0.0	---	0.00	0.0	---	77.3	82.1	82.1	81.2	29.812	0.00	0.00	15	0.65	19	0.0	0.00	0.0	0.000	0.256	79.6	92	77.1	86.6	21.14	 .0710	0.000	702	1	100.0	30
23/04/19	6:30	77.6	77.6	77.3	95	76.1	0.0	---	0.00	0.0	---	77.6	82.8	82.8	82.8	29.819	0.00	0.00	17	0.73	33	0.0	0.00	0.0	0.000	0.262	79.6	92	77.1	86.6	21.14	 .0710	0.000	698	1	100.0	30
23/04/19	7:00	78.1	78.2	77.5	95	76.6	0.0	---	0.00	0.0	---	78.1	83.8	83.8	85.7	29.829	0.00	0.00	66	2.84	77	0.0	0.00	0.0	0.000	0.273	79.6	93	77.4	86.9	21.24	 .0710	0.001	701	1	100.0	30
23/04/19	7:30	78.5	78.5	78.1	95	76.9	0.0	---	0.00	0.0	---	78.5	84.8	84.8	85.6	29.839	0.00	0.00	45	1.94	74	0.0	0.00	0.0	0.000	0.281	80.0	93	77.8	87.9	21.25	 .0710	0.000	700	1	100.0	30
23/04/19	8:00	78.3	78.6	78.2	95	76.7	0.0	---	0.00	0.0	---	78.3	84.3	84.3	85.6	29.847	0.00	0.00	67	2.88	83	0.4	0.09	0.7	0.000	0.277	79.9	93	77.7	87.7	21.25	 .0710	0.001	702	1	100.0	30
23/04/19	8:30	78.6	79.2	78.3	94	76.7	0.0	SE	0.00	2.0	ESE	78.6	84.7	84.7	85.9	29.857	0.00	0.00	72	3.10	104	0.7	0.15	1.1	0.000	0.283	80.5	92	78.0	88.9	21.16	 .0709	0.000	699	1	100.0	30
23/04/19	9:00	78.5	79.0	78.5	93	76.3	0.0	SE	0.00	2.0	SE	78.5	84.3	84.3	86.9	29.857	0.00	0.00	132	5.68	146	1.4	0.30	1.6	0.000	0.281	80.5	92	78.0	88.9	21.16	 .0709	0.003	700	1	100.0	30
23/04/19	9:30	78.7	78.9	78.4	93	76.5	0.0	SE	0.00	2.0	SE	78.7	84.7	84.7	87.1	29.867	0.00	0.00	130	5.59	153	1.5	0.32	1.7	0.000	0.285	80.4	91	77.5	88.3	21.02	 .0710	0.000	702	1	100.0	30
23/04/19	10:00	78.3	78.7	78.2	93	76.1	0.0	ENE	0.00	2.0	ENE	78.3	83.8	83.8	85.6	29.872	0.01	0.00	105	4.52	113	1.3	0.28	1.4	0.000	0.277	80.5	91	77.6	88.6	21.01	 .0710	0.003	701	1	100.0	30
23/04/19	10:30	77.8	78.3	77.6	94	75.9	0.0	S	0.00	3.0	S	77.8	83.0	83.0	84.8	29.875	0.06	0.39	106	4.56	125	1.5	0.32	1.8	0.000	0.267	80.1	91	77.2	87.6	21.04	 .0711	0.000	702	1	100.0	30
23/04/19	11:00	78.3	78.3	77.5	94	76.4	0.0	S	0.00	1.0	S	78.3	84.1	84.1	87.3	29.852	0.03	0.23	162	6.97	234	2.2	0.47	3.2	0.000	0.277	80.2	91	77.3	87.8	21.03	 .0710	0.003	700	1	100.0	30
23/04/19	11:30	79.2	79.2	78.3	92	76.7	1.0	S	0.50	3.0	S	79.2	85.7	85.7	91.8	29.857	0.00	0.00	276	11.87	338	3.8	0.81	4.5	0.000	0.296	80.9	89	77.4	89.0	19.86	 .0709	0.000	699	1	100.0	30
23/04/19	12:00	79.8	80.0	79.1	92	77.3	0.0	S	0.00	2.0	S	79.8	87.1	87.1	94.4	29.854	0.01	0.00	337	14.49	371	4.5	0.96	4.9	0.000	0.308	81.7	90	78.5	91.5	20.31	 .0707	0.008	698	1	100.0	30
23/04/19	12:30	79.5	79.8	79.1	92	77.0	1.0	SSW	0.50	3.0	S	79.5	86.4	86.4	91.6	29.848	0.00	0.00	243	10.45	272	3.3	0.71	3.6	0.000	0.302	81.9	88	78.0	91.5	19.16	 .0707	0.000	702	1	100.0	30
23/04/19	13:00	80.1	80.2	79.0	90	76.9	0.0	SSW	0.00	3.0	SSW	80.1	87.3	87.3	93.9	29.827	0.00	0.00	309	13.29	332	4.0	0.86	4.2	0.000	0.315	81.8	88	77.9	91.2	19.17	 .0707	0.007	702	1	100.0	30
23/04/19	13:30	81.3	81.3	80.0	91	78.4	0.0	SSW	0.00	3.0	ESE	81.3	90.7	90.7	98.7	29.817	0.00	0.00	375	16.13	462	4.5	0.96	5.4	0.000	0.340	82.4	86	77.8	92.2	18.21	 .0706	0.000	701	1	100.0	30
23/04/19	14:00	81.8	81.9	81.3	88	77.9	1.0	SW	0.50	3.0	SW	81.8	91.2	91.2	99.7	29.797	0.00	0.00	393	16.90	494	4.6	0.99	5.6	0.000	0.350	83.2	84	77.9	93.7	17.32	 .0705	0.010	700	1	100.0	30
23/04/19	14:30	81.3	81.9	81.1	90	78.1	1.0	SE	0.50	3.0	SSE	81.3	90.3	90.3	96.1	29.793	0.00	0.00	242	10.41	297	2.8	0.60	3.6	0.000	0.340	83.1	86	78.5	94.1	18.16	 .0704	0.000	700	1	100.0	30
23/04/19	15:00	80.5	81.3	80.5	92	78.0	0.0	SE	0.00	2.0	SE	80.5	88.9	88.9	92.9	29.782	0.00	0.00	156	6.71	239	1.6	0.34	2.7	0.000	0.323	82.8	87	78.5	93.6	18.58	 .0704	0.005	700	1	100.0	30
23/04/19	15:30	81.2	81.2	80.3	89	77.6	0.0	E	0.00	3.0	NE	81.2	89.8	89.8	95.0	29.772	0.00	0.00	176	7.57	213	1.5	0.32	2.0	0.000	0.337	82.7	87	78.4	93.4	18.59	 .0704	0.000	702	1	100.0	30
23/04/19	16:00	80.4	81.3	80.4	92	77.9	0.0	S	0.00	2.0	E	80.4	88.6	88.6	93.2	29.760	0.00	0.00	136	5.85	172	0.9	0.19	1.3	0.000	0.321	82.6	88	78.7	93.4	19.09	 .0704	0.004	699	1	100.0	30
23/04/19	16:30	80.2	80.9	80.2	92	77.7	0.0	S	0.00	3.0	S	80.2	88.1	88.1	91.8	29.755	0.00	0.00	98	4.21	153	0.5	0.11	0.9	0.000	0.317	82.5	89	78.9	93.4	19.70	 .0704	0.000	701	1	100.0	30
23/04/19	17:00	79.6	80.2	79.6	92	77.1	0.0	S	0.00	1.0	S	79.6	86.6	86.6	86.3	29.759	0.00	0.00	39	1.68	67	0.0	0.00	0.0	0.000	0.304	81.9	89	78.3	91.7	19.76	 .0705	0.002	703	1	100.0	30
23/04/19	17:30	79.2	79.8	79.2	93	77.0	0.0	S	0.00	1.0	S	79.2	85.9	85.9	85.1	29.756	0.00	0.00	17	0.73	30	0.0	0.00	0.0	0.000	0.296	81.3	90	78.1	90.3	20.35	 .0706	0.000	696	1	100.0	30
23/04/19	18:00	78.0	79.2	78.0	93	75.8	0.0	S	0.00	1.0	S	78.0	83.2	83.2	82.0	29.758	0.00	0.00	1	0.04	5	0.0	0.00	0.0	0.000	0.271	80.7	90	77.5	88.7	20.39	 .0707	0.000	702	1	100.0	30
23/04/19	18:30	77.4	78.1	77.4	94	75.5	0.0	S	0.00	1.0	S	77.4	82.1	82.1	80.8	29.762	0.00	0.00	0	0.00	0	0.0	0.00	0.0	0.000	0.258	80.1	90	76.9	87.3	20.44	 .0708	0.000	700	1	100.0	30
23/04/19	19:00	76.8	77.4	76.8	94	74.9	0.0	S	0.00	1.0	S	76.8	81.0	81.0	79.7	29.769	0.00	0.00	0	0.00	0	0.0	0.00	0.0	0.000	0.246	79.6	90	76.4	86.1	20.45	 .0710	0.000	700	1	100.0	30
23/04/19	19:30	76.5	76.9	76.4	94	74.6	0.0	---	0.00	0.0	---	76.5	80.4	80.4	79.1	29.768	0.00	0.00	0	0.00	0	0.0	0.00	0.0	0.000	0.240	79.6	90	76.4	86.1	20.45	 .0710	0.000	697	1	100.0	30
23/04/19	20:00	76.1	76.5	76.1	94	74.2	0.0	---	0.00	0.0	---	76.1	79.7	79.7	78.4	29.772	0.00	0.00	0	0.00	0	0.0	0.00	0.0	0.000	0.231	79.3	90	76.1	85.4	20.45	 .0710	0.000	697	1	100.0	30
23/04/19	20:30	75.8	76.1	75.8	94	73.9	0.0	---	0.00	0.0	---	75.8	79.3	79.3	77.9	29.776	0.00	0.00	0	0.00	0	0.0	0.00	0.0	0.000	0.225	79.0	90	75.8	84.7	20.45	 .0711	0.000	700	1	100.0	30
23/04/19	21:00	75.5	75.8	75.4	94	73.7	0.0	---	0.00	0.0	---	75.5	78.9	78.9	77.5	29.787	0.00	0.00	0	0.00	0	0.0	0.00	0.0	0.000	0.219	78.7	90	75.5	84.0	20.45	 .0712	0.000	700	1	100.0	30
23/04/19	21:30	75.1	75.5	75.1	95	73.6	0.0	---	0.00	0.0	---	75.1	78.4	78.4	77.0	29.791	0.00	0.00	0	0.00	0	0.0	0.00	0.0	0.000	0.210	78.3	90	75.1	83.2	20.45	 .0713	0.000	701	1	100.0	30
23/04/19	22:00	74.7	75.1	74.7	94	72.9	0.0	---	0.00	0.0	---	74.7	77.7	77.7	76.3	29.797	0.00	0.00	0	0.00	0	0.0	0.00	0.0	0.000	0.202	78.3	90	75.1	83.2	20.45	 .0713	0.000	701	1	100.0	30
23/04/19	22:30	74.5	74.8	74.5	95	73.0	0.0	---	0.00	0.0	---	74.5	77.5	77.5	76.1	29.805	0.00	0.00	0	0.00	0	0.0	0.00	0.0	0.000	0.198	77.9	90	74.7	82.3	20.45	 .0714	0.000	701	1	100.0	30
23/04/19	23:00	74.2	74.5	74.1	95	72.7	0.0	---	0.00	0.0	---	74.2	77.0	77.0	75.6	29.801	0.00	0.00	0	0.00	0	0.0	0.00	0.0	0.000	0.192	77.6	90	74.4	81.7	20.45	 .0715	0.000	697	1	100.0	30
23/04/19	23:30	73.9	74.2	73.9	95	72.4	0.0	---	0.00	0.0	---	73.9	76.6	76.6	75.2	29.795	0.00	0.00	0	0.00	0	0.0	0.00	0.0	0.000	0.185	77.5	90	74.3	81.6	20.45	 .0715	0.000	700	1	100.0	30
24/04/19	00:00	73.7	74.0	73.7	95	72.2	0.0	---	0.00	0.0	---	73.7	76.3	76.3	74.9	29.787	0.00	0.00	0	0.00	0	0.0	0.00	0.0	0.000	0.181	77.4	90	74.2	81.4	20.45	 .0715	0.000	702	1	100.0	30
24/04/19	0:30	73.7	73.8	73.6	95	72.2	0.0	---	0.00	0.0	---	73.7	76.3	76.3	74.9	29.781	0.00	0.00	0	0.00	0	0.0	0.00	0.0	0.000	0.181	77.3	90	74.1	81.2	20.45	 .0715	0.000	699	1	100.0	30
24/04/19	1:00	73.5	73.7	73.4	95	72.0	0.0	---	0.00	0.0	---	73.5	76.1	76.1	74.6	29.775	0.00	0.00	0	0.00	0	0.0	0.00	0.0	0.000	0.177	77.0	90	73.8	80.6	20.45	 .0715	0.000	699	1	100.0	30
24/04/19	1:30	73.4	73.7	73.4	95	71.9	0.0	---	0.00	0.0	---	73.4	76.0	76.0	74.5	29.772	0.00	0.00	0	0.00	0	0.0	0.00	0.0	0.000	0.175	77.0	90	73.8	80.6	20.45	 .0715	0.000	701	1	100.0	30
24/04/19	2:00	73.3	73.5	73.3	95	71.8	0.0	---	0.00	0.0	---	73.3	75.9	75.9	74.4	29.772	0.00	0.00	0	0.00	0	0.0	0.00	0.0	0.000	0.173	76.9	90	73.7	80.4	20.45	 .0715	0.000	701	1	100.0	30
24/04/19	2:30	73.4	73.5	73.3	95	71.9	0.0	---	0.00	0.0	---	73.4	76.0	76.0	74.5	29.771	0.00	0.00	0	0.00	0	0.0	0.00	0.0	0.000	0.175	76.9	90	73.7	80.4	20.45	 .0715	0.000	701	1	100.0	30
24/04/19	3:00	73.5	73.5	73.4	95	72.0	0.0	---	0.00	0.0	---	73.5	76.1	76.1	74.6	29.775	0.00	0.00	0	0.00	0	0.0	0.00	0.0	0.000	0.177	76.8	90	73.6	80.3	20.45	 .0716	0.000	699	1	100.0	30
24/04/19	3:30	73.4	73.6	73.3	95	71.9	0.0	---	0.00	0.0	---	73.4	76.0	76.0	74.5	29.774	0.00	0.00	0	0.00	0	0.0	0.00	0.0	0.000	0.175	76.8	90	73.6	80.3	20.45	 .0715	0.000	701	1	100.0	30
24/04/19	4:00	73.4	73.5	73.4	95	71.9	0.0	---	0.00	0.0	---	73.4	76.0	76.0	74.5	29.776	0.00	0.00	0	0.00	0	0.0	0.00	0.0	0.000	0.175	76.7	91	73.9	80.3	20.98	 .0716	0.000	698	1	100.0	30
24/04/19	4:30	73.5	73.5	73.3	95	72.0	0.0	---	0.00	0.0	---	73.5	76.1	76.1	74.6	29.784	0.00	0.00	0	0.00	0	0.0	0.00	0.0	0.000	0.177	76.7	91	73.9	80.3	20.98	 .0716	0.000	695	1	100.0	30
24/04/19	5:00	73.5	73.6	73.3	95	72.0	0.0	---	0.00	0.0	---	73.5	76.1	76.1	74.6	29.787	0.00	0.00	0	0.00	0	0.0	0.00	0.0	0.000	0.177	76.6	91	73.8	80.1	20.98	 .0716	0.000	701	1	100.0	30
24/04/19	5:30	73.5	73.6	73.4	95	72.0	0.0	---	0.00	0.0	---	73.5	76.1	76.1	74.6	29.799	0.00	0.00	1	0.04	5	0.0	0.00	0.0	0.000	0.177	76.6	91	73.8	80.1	20.98	 .0716	0.000	701	1	100.0	30
24/04/19	6:00	73.9	73.9	73.5	96	72.7	0.0	---	0.00	0.0	---	73.9	76.7	76.7	75.5	29.804	0.00	0.00	12	0.52	21	0.0	0.00	0.0	0.000	0.185	76.6	92	74.1	80.3	21.08	 .0716	0.000	703	1	100.0	30
24/04/19	6:30	74.7	74.7	73.9	96	73.5	0.0	---	0.00	0.0	---	74.7	77.9	77.9	78.2	29.813	0.00	0.00	25	1.08	30	0.0	0.00	0.0	0.000	0.202	76.8	93	74.6	80.8	21.19	 .0716	0.000	694	1	100.0	30
24/04/19	7:00	75.9	75.9	74.7	96	74.7	0.0	S	0.00	1.0	S	75.9	79.7	79.7	80.2	29.815	0.00	0.00	33	1.42	37	0.0	0.00	0.0	0.000	0.227	77.2	94	75.3	81.7	21.35	 .0715	0.001	697	1	100.0	30
24/04/19	7:30	77.3	77.3	75.8	96	76.1	0.0	S	0.00	1.0	S	77.3	82.3	82.3	83.5	29.825	0.00	0.00	56	2.41	209	0.3	0.06	1.6	0.000	0.256	77.8	95	76.3	83.2	21.65	 .0714	0.000	701	1	100.0	30
24/04/19	8:00	80.3	80.3	77.3	96	79.1	0.0	S	0.00	1.0	S	80.3	89.6	89.6	100.1	29.834	0.00	0.00	423	18.19	566	2.4	0.51	3.2	0.000	0.319	78.7	96	77.5	85.5	21.75	 .0712	0.006	702	1	100.0	30
24/04/19	8:30	82.4	82.4	80.2	90	79.2	0.0	S	0.00	2.0	S	82.4	93.5	93.5	100.0	29.836	0.00	0.00	270	11.61	689	3.3	0.71	5.0	0.000	0.363	79.6	94	77.7	87.2	21.35	 .0710	0.000	699	1	100.0	30
24/04/19	9:00	85.9	86.0	82.3	81	79.4	1.0	S	0.50	5.0	S	85.9	100.2	100.2	112.7	29.837	0.00	0.00	737	31.70	819	6.1	1.31	7.1	0.000	0.435	81.0	92	78.5	90.2	21.17	 .0708	0.014	697	1	100.0	30
24/04/19	9:30	85.3	86.5	85.3	80	78.4	2.0	SSW	1.00	7.0	WSW	85.3	97.9	97.9	110.4	29.843	0.00	0.00	734	31.57	856	7.0	1.50	8.2	0.000	0.423	83.0	87	78.7	94.2	18.57	 .0705	0.000	699	1	100.0	30
24/04/19	10:00	87.2	87.2	84.8	76	78.7	1.0	SSW	0.50	4.0	SSW	87.2	101.4	101.4	113.3	29.839	0.00	0.00	644	27.70	1100	7.7	1.65	10.9	0.000	0.462	83.6	84	78.2	94.9	17.31	 .0705	0.018	700	1	100.0	30
24/04/19	10:30	85.0	87.2	84.9	79	77.8	1.0	SSW	0.50	8.0	SSW	85.0	96.7	96.7	104.7	29.835	0.00	0.00	377	16.21	570	7.5	1.61	11.9	0.000	0.417	84.0	83	78.3	95.6	16.89	 .0704	0.000	700	1	100.0	30
24/04/19	11:00	86.7	88.6	85.0	75	77.8	2.0	SW	1.00	8.0	WNW	86.7	99.5	99.5	112.2	29.829	0.00	0.00	909	39.09	1297	11.2	2.40	13.9	0.000	0.452	85.6	77	77.6	97.4	14.81	 .0702	0.019	695	1	100.0	30
24/04/19	11:30	86.5	87.2	85.7	77	78.4	2.0	SW	1.00	6.0	W	86.5	99.9	99.9	110.6	29.823	0.00	0.00	531	22.84	991	8.4	1.80	12.2	0.000	0.448	85.4	78	77.8	97.3	15.12	 .0702	0.000	697	1	100.0	30
24/04/19	12:00	86.8	87.0	85.6	75	77.9	1.0	WSW	0.50	3.0	W	86.8	99.7	99.7	110.6	29.807	0.00	0.00	549	23.61	1146	8.6	1.84	15.4	0.000	0.454	85.4	78	77.8	97.3	15.12	 .0702	0.016	698	1	100.0	30
24/04/19	12:30	87.0	87.0	85.4	73	77.3	2.0	SSW	1.00	7.0	WSW	87.0	99.3	99.3	110.3	29.803	0.00	0.00	565	24.30	1229	9.1	1.95	14.3	0.000	0.458	85.8	74	76.5	96.6	13.83	 .0702	0.000	701	1	100.0	30
24/04/19	13:00	87.0	88.9	86.9	72	76.9	2.0	SSW	1.00	8.0	NW	87.0	98.8	98.8	110.7	29.790	0.00	0.00	1007	43.31	1079	11.6	2.49	12.6	0.000	0.458	87.6	70	76.6	99.4	12.55	 .0700	0.022	701	1	100.0	30
24/04/19	13:30	87.3	88.0	86.9	74	78.0	2.0	SSW	1.00	6.0	W	87.3	100.7	100.7	113.0	29.778	0.00	0.00	940	40.43	979	10.3	2.21	11.1	0.000	0.465	88.0	72	77.8	101.5	13.19	 .0698	0.000	700	1	100.0	30
24/04/19	14:00	86.5	88.5	86.4	77	78.4	2.0	SSW	1.00	6.0	SSW	86.5	99.9	99.9	112.2	29.769	0.00	0.00	835	35.91	1079	8.3	1.78	9.5	0.000	0.448	88.4	72	78.2	102.6	13.18	 .0697	0.024	701	1	100.0	30
24/04/19	14:30	86.2	88.8	85.8	76	77.7	2.0	SSW	1.00	6.0	S	86.2	98.6	98.6	110.2	29.758	0.00	0.00	556	23.91	1137	5.8	1.24	7.9	0.000	0.442	88.2	72	78.0	102.1	13.19	 .0697	0.000	698	1	100.0	30
24/04/19	15:00	86.2	87.2	85.5	79	78.9	2.0	SSW	1.00	6.0	SSW	86.2	100.0	100.0	112.5	29.751	0.00	0.00	626	26.92	912	4.7	1.01	6.3	0.000	0.442	88.2	72	78.0	102.1	13.19	 .0697	0.017	701	1	100.0	30
24/04/19	15:30	86.7	87.6	86.3	77	78.6	2.0	SSE	1.00	5.0	SSW	86.7	100.5	100.5	116.0	29.746	0.00	0.00	622	26.75	712	3.5	0.75	4.3	0.000	0.452	88.3	73	78.5	102.9	13.48	 .0696	0.000	702	1	100.0	30
24/04/19	16:00	85.6	86.8	85.5	78	77.9	1.0	SSW	0.50	5.0	SSW	85.6	97.9	97.9	110.2	29.746	0.00	0.00	413	17.76	534	1.9	0.41	2.6	0.000	0.429	87.8	73	78.1	101.5	13.49	 .0697	0.014	700	1	100.0	30
24/04/19	16:30	84.0	85.6	83.9	79	76.8	1.0	SSW	0.50	4.0	SSW	84.0	93.9	93.9	98.1	29.741	0.00	0.00	112	4.82	338	0.5	0.11	1.3	0.000	0.396	86.9	73	77.2	99.0	13.51	 .0699	0.000	700	1	100.0	30
24/04/19	17:00	82.1	84.0	82.1	85	77.1	0.0	SW	0.00	4.0	SSE	82.1	91.2	91.2	90.7	29.748	0.00	0.00	32	1.38	39	0.0	0.00	0.0	0.000	0.356	85.5	77	77.5	97.1	14.82	 .0701	0.002	701	1	100.0	30
24/04/19	17:30	80.9	82.1	80.9	87	76.7	0.0	S	0.00	1.0	S	80.9	88.6	88.6	87.8	29.763	0.00	0.00	18	0.77	25	0.0	0.00	0.0	0.000	0.331	84.1	80	77.3	94.6	15.79	 .0703	0.000	698	1	100.0	30
24/04/19	18:00	79.2	80.9	79.2	89	75.7	0.0	---	0.00	0.0	---	79.2	85.0	85.0	83.7	29.760	0.00	0.00	2	0.09	11	0.0	0.00	0.0	0.000	0.296	83.3	81	76.9	92.9	16.22	 .0704	0.000	701	1	100.0	30
24/04/19	18:30	78.2	79.2	78.2	91	75.4	0.0	---	0.00	0.0	---	78.2	83.2	83.2	81.9	29.777	0.00	0.00	0	0.00	0	0.0	0.00	0.0	0.000	0.275	82.6	83	76.9	91.8	16.95	 .0706	0.000	701	1	100.0	30
24/04/19	19:00	77.5	78.2	77.5	92	75.0	0.0	---	0.00	0.0	---	77.5	81.9	81.9	80.5	29.786	0.00	0.00	0	0.00	0	0.0	0.00	0.0	0.000	0.260	82.0	84	76.7	90.6	17.37	 .0707	0.000	700	1	100.0	30
24/04/19	19:30	76.9	77.5	76.9	92	74.4	0.0	---	0.00	0.0	---	76.9	80.8	80.8	79.4	29.792	0.00	0.00	0	0.00	0	0.0	0.00	0.0	0.000	0.248	81.2	85	76.3	88.9	17.88	 .0708	0.000	702	1	100.0	30
24/04/19	20:00	76.6	77.0	76.6	93	74.4	0.0	---	0.00	0.0	---	76.6	80.5	80.5	79.1	29.799	0.00	0.00	0	0.00	0	0.0	0.00	0.0	0.000	0.242	80.8	85	75.9	87.9	17.90	 .0709	0.000	702	1	100.0	30
24/04/19	20:30	76.3	76.7	76.3	93	74.1	0.0	---	0.00	0.0	---	76.3	79.9	79.9	78.5	29.808	0.00	0.00	0	0.00	0	0.0	0.00	0.0	0.000	0.235	80.6	86	76.0	87.7	18.31	 .0710	0.000	701	1	100.0	30
24/04/19	21:00	76.2	76.3	76.1	94	74.3	0.0	---	0.00	0.0	---	76.2	79.9	79.9	78.5	29.814	0.00	0.00	0	0.00	0	0.0	0.00	0.0	0.000	0.233	80.4	86	75.8	87.2	18.33	 .0710	0.000	701	1	100.0	30
24/04/19	21:30	75.9	76.2	75.8	94	74.0	0.0	---	0.00	0.0	---	75.9	79.4	79.4	78.0	29.825	0.00	0.00	0	0.00	0	0.0	0.00	0.0	0.000	0.227	80.1	87	75.9	86.7	18.74	 .0711	0.000	701	1	100.0	30
24/04/19	22:00	75.7	75.9	75.7	94	73.8	0.0	---	0.00	0.0	---	75.7	79.1	79.1	77.7	29.821	0.00	0.00	0	0.00	0	0.0	0.00	0.0	0.000	0.223	79.9	87	75.7	86.2	18.76	 .0711	0.000	700	1	100.0	30
24/04/19	22:30	75.6	75.8	75.6	94	73.8	0.0	---	0.00	0.0	---	75.6	79.0	79.0	77.6	29.815	0.00	0.00	0	0.00	0	0.0	0.00	0.0	0.000	0.221	79.9	87	75.7	86.2	18.76	 .0711	0.000	700	1	100.0	30
24/04/19	23:00	75.5	75.7	75.5	94	73.7	0.0	---	0.00	0.0	---	75.5	78.9	78.9	77.5	29.805	0.00	0.00	0	0.00	0	0.0	0.00	0.0	0.000	0.219	79.6	87	75.4	85.6	18.77	 .0711	0.000	698	1	100.0	30
24/04/19	23:30	75.3	75.5	75.3	94	73.5	0.0	---	0.00	0.0	---	75.3	78.6	78.6	77.2	29.800	0.00	0.00	0	0.00	0	0.0	0.00	0.0	0.000	0.215	79.4	87	75.2	85.1	18.79	 .0712	0.000	702	1	100.0	30
25/04/19	00:00	75.2	75.4	75.2	95	73.7	0.0	---	0.00	0.0	---	75.2	78.6	78.6	77.2	29.794	0.00	0.00	0	0.00	0	0.0	0.00	0.0	0.000	0.212	79.3	88	75.4	85.1	19.38	 .0711	0.000	699	1	100.0	30
25/04/19	0:30	75.2	75.3	75.2	95	73.7	0.0	---	0.00	0.0	---	75.2	78.6	78.6	77.2	29.786	0.00	0.00	0	0.00	0	0.0	0.00	0.0	0.000	0.212	79.0	88	75.1	84.4	19.39	 .0712	0.000	700	1	100.0	30
25/04/19	1:00	75.0	75.3	75.0	95	73.5	0.0	---	0.00	0.0	---	75.0	78.3	78.3	76.9	29.782	0.00	0.00	0	0.00	0	0.0	0.00	0.0	0.000	0.208	78.9	88	75.0	84.2	19.39	 .0712	0.000	700	1	100.0	30
25/04/19	1:30	74.8	75.1	74.8	95	73.3	0.0	---	0.00	0.0	---	74.8	78.0	78.0	76.6	29.778	0.00	0.00	0	0.00	0	0.0	0.00	0.0	0.000	0.204	78.6	89	75.1	83.7	19.95	 .0712	0.000	700	1	100.0	30
25/04/19	2:00	74.7	74.9	74.7	95	73.2	0.0	---	0.00	0.0	---	74.7	77.8	77.8	76.4	29.767	0.00	0.00	0	0.00	0	0.0	0.00	0.0	0.000	0.202	78.5	88	74.6	83.3	19.41	 .0712	0.000	697	1	100.0	30
25/04/19	2:30	74.6	74.7	74.5	95	73.1	0.0	---	0.00	0.0	---	74.6	77.7	77.7	76.3	29.762	0.00	0.00	0	0.00	0	0.0	0.00	0.0	0.000	0.200	78.5	88	74.6	83.3	19.41	 .0712	0.000	699	1	100.0	30
25/04/19	3:00	74.5	74.6	74.4	95	73.0	0.0	---	0.00	0.0	---	74.5	77.5	77.5	76.0	29.764	0.00	0.00	0	0.00	0	0.0	0.00	0.0	0.000	0.198	78.3	88	74.5	82.9	19.42	 .0713	0.000	701	1	100.0	30
25/04/19	3:30	74.5	74.6	74.4	95	73.0	0.0	---	0.00	0.0	---	74.5	77.5	77.5	76.0	29.766	0.00	0.00	0	0.00	0	0.0	0.00	0.0	0.000	0.198	78.3	89	74.8	83.0	19.95	 .0712	0.000	698	1	100.0	30
25/04/19	4:00	74.2	74.4	74.2	95	72.7	0.0	---	0.00	0.0	---	74.2	77.0	77.0	75.5	29.767	0.00	0.00	0	0.00	0	0.0	0.00	0.0	0.000	0.192	78.2	89	74.7	82.8	19.95	 .0713	0.000	701	1	100.0	30
25/04/19	4:30	74.2	74.3	74.1	95	72.7	0.0	---	0.00	0.0	---	74.2	77.0	77.0	75.5	29.774	0.00	0.00	0	0.00	0	0.0	0.00	0.0	0.000	0.192	78.1	89	74.6	82.6	19.95	 .0713	0.000	701	1	100.0	30
25/04/19	5:00	74.0	74.3	74.0	95	72.5	0.0	---	0.00	0.0	---	74.0	76.7	76.7	75.2	29.782	0.00	0.00	0	0.00	0	0.0	0.00	0.0	0.000	0.188	78.0	89	74.5	82.4	19.95	 .0713	0.000	701	1	100.0	30
25/04/19	5:30	74.1	74.2	73.9	95	72.6	0.0	---	0.00	0.0	---	74.1	76.9	76.9	75.5	29.792	0.00	0.00	1	0.04	7	0.0	0.00	0.0	0.000	0.190	77.8	89	74.3	82.0	19.95	 .0714	0.000	699	1	100.0	30
25/04/19	6:00	74.7	74.8	74.1	95	73.2	0.0	---	0.00	0.0	---	74.7	77.8	77.8	76.9	29.804	0.00	0.00	22	0.95	40	0.0	0.00	0.0	0.000	0.202	77.9	90	74.7	82.3	20.45	 .0714	0.000	699	1	100.0	30
25/04/19	6:30	75.8	75.8	74.7	96	74.6	0.0	---	0.00	0.0	---	75.8	79.5	79.5	81.3	29.816	0.00	0.00	56	2.41	70	0.0	0.00	0.0	0.000	0.225	78.1	91	75.3	82.9	21.01	 .0714	0.000	701	1	100.0	30
25/04/19	7:00	76.9	76.9	75.8	95	75.4	0.0	---	0.00	0.0	---	76.9	81.3	81.3	83.7	29.832	0.00	0.00	78	3.35	104	0.6	0.13	0.9	0.000	0.248	78.5	92	76.0	84.1	21.12	 .0713	0.002	697	1	100.0	30
25/04/19	7:30	79.0	79.0	76.9	95	77.4	0.0	---	0.00	0.0	---	79.0	85.9	85.9	90.0	29.835	0.00	0.00	141	6.06	206	1.2	0.26	1.7	0.000	0.292	79.2	92	76.7	85.7	21.13	 .0712	0.000	697	1	100.0	30
25/04/19	8:00	81.2	81.6	78.9	92	78.7	0.0	S	0.00	2.0	S	81.2	90.8	90.8	98.9	29.842	0.00	0.00	311	13.37	504	2.3	0.49	2.9	0.000	0.337	80.3	92	77.8	88.4	21.16	 .0710	0.006	700	1	100.0	30
25/04/19	8:30	83.4	83.5	80.7	90	80.2	0.0	S	0.00	1.0	S	83.4	96.5	96.5	108.1	29.849	0.00	0.00	544	23.40	749	3.8	0.81	4.7	0.000	0.383	81.4	92	78.9	91.4	21.18	 .0707	0.000	698	1	100.0	30
25/04/19	9:00	83.9	84.9	83.3	87	79.6	0.0	S	0.00	2.0	S	83.9	96.9	96.9	103.9	29.855	0.00	0.00	309	13.29	768	3.6	0.77	4.9	0.000	0.394	82.1	90	78.9	92.6	20.28	 .0707	0.011	701	1	100.0	30
25/04/19	9:30	85.1	85.1	83.9	84	79.7	1.0	S	0.50	4.0	S	85.1	99.3	99.3	106.6	29.846	0.00	0.00	339	14.58	469	5.1	1.09	6.2	0.000	0.419	82.7	88	78.8	93.7	19.08	 .0706	0.000	696	1	100.0	30
25/04/19	10:00	90.0	90.0	85.0	76	81.4	1.0	SSW	0.50	5.0	S	90.0	110.2	110.2	122.0	29.829	0.00	0.00	970	41.72	1014	9.5	2.04	10.5	0.000	0.521	84.5	84	79.1	97.5	17.27	 .0703	0.017	701	1	100.0	30
25/04/19	10:30	88.1	90.6	88.1	76	79.6	2.0	SSW	1.00	6.0	SW	88.1	104.1	104.1	116.5	29.833	0.00	0.00	933	40.12	1013	11.1	2.38	11.7	0.000	0.481	86.3	80	79.4	100.8	15.70	 .0700	0.000	702	1	100.0	30
25/04/19	11:00	87.1	88.5	87.1	77	79.0	3.0	SSW	1.50	7.0	S	87.1	101.7	101.7	111.9	29.821	0.00	0.00	1017	43.74	1027	12.2	2.61	12.5	0.000	0.460	87.1	77	79.0	101.7	14.72	 .0699	0.026	696	1	100.0	30
25/04/19	11:30	88.0	89.0	86.5	76	79.5	2.0	SSW	1.00	8.0	W	88.0	103.8	103.8	113.4	29.813	0.00	0.00	1029	44.25	1035	12.8	2.74	12.9	0.000	0.479	87.9	77	79.8	104.1	14.68	 .0697	0.000	701	1	100.0	30
25/04/19	12:00	89.2	89.4	87.8	76	80.6	2.0	SSW	1.00	7.0	SSE	89.2	107.5	107.5	117.9	29.801	0.00	0.00	1034	44.47	1042	12.9	2.76	13.0	0.000	0.504	88.5	76	80.0	105.3	14.34	 .0696	0.028	699	1	100.0	30
25/04/19	12:30	87.7	90.1	87.4	77	79.6	3.0	SSW	1.50	8.0	SSE	87.7	103.5	103.5	114.6	29.796	0.00	0.00	1017	43.74	1032	12.5	2.68	12.9	0.000	0.473	88.9	75	79.9	105.9	14.09	 .0696	0.000	701	1	100.0	30
25/04/19	13:00	89.3	89.8	87.7	75	80.3	2.0	SSW	1.00	7.0	SSW	89.3	107.2	107.2	119.1	29.785	0.00	0.00	986	42.40	1005	11.5	2.46	12.0	0.000	0.506	89.4	75	80.4	107.5	14.07	 .0694	0.027	699	1	100.0	30
25/04/19	13:30	88.3	90.6	88.2	76	79.8	2.0	SSW	1.00	7.0	SW	88.3	104.7	104.7	117.2	29.774	0.00	0.00	947	40.73	969	10.2	2.19	10.9	0.000	0.485	89.8	73	80.0	107.4	13.45	 .0694	0.000	699	1	100.0	30
25/04/19	14:00	88.1	89.6	87.9	77	80.0	2.0	ESE	1.00	8.0	SE	88.1	104.7	104.7	117.9	29.761	0.00	0.00	885	38.06	928	8.4	1.80	9.3	0.000	0.481	90.0	72	79.8	107.4	13.15	 .0693	0.024	703	1	100.0	30
25/04/19	14:30	88.1	88.3	87.3	79	80.8	3.0	SSE	1.50	8.0	SSE	88.1	105.9	105.9	119.8	29.757	0.00	0.00	807	34.71	888	6.4	1.37	7.7	0.000	0.481	89.5	73	79.7	106.5	13.46	 .0694	0.000	702	1	100.0	30
25/04/19	15:00	87.2	89.5	87.2	77	79.1	2.0	SSE	1.00	6.0	SSE	87.2	102.0	102.0	115.9	29.754	0.00	0.00	687	29.54	745	4.8	1.03	5.7	0.000	0.462	89.6	72	79.4	106.2	13.16	 .0694	0.019	702	1	100.0	30
25/04/19	15:30	87.4	88.1	86.9	77	79.3	2.0	ESE	1.00	8.0	S	87.4	102.6	102.6	116.4	29.755	0.00	0.00	564	24.26	622	3.2	0.69	4.0	0.000	0.467	89.4	72	79.2	105.5	13.16	 .0695	0.000	701	1	100.0	30
25/04/19	16:00	86.9	87.6	86.5	78	79.2	2.0	SE	1.00	8.0	SE	86.9	101.6	101.6	114.4	29.754	0.00	0.00	426	18.32	492	1.9	0.41	2.5	0.000	0.456	88.8	71	78.2	103.2	12.85	 .0696	0.014	698	1	100.0	30
25/04/19	16:30	85.4	87.5	85.4	80	78.5	1.0	SSE	0.50	6.0	E	85.4	98.2	98.2	102.1	29.760	0.00	0.00	102	4.39	279	0.6	0.13	1.3	0.000	0.425	88.1	72	77.9	101.8	13.19	 .0697	0.000	700	1	100.0	30
25/04/19	17:00	84.6	85.5	84.6	81	78.1	1.0	S	0.50	4.0	ESE	84.6	96.4	96.4	96.3	29.761	0.00	0.00	42	1.81	54	0.0	0.00	0.0	0.000	0.408	86.8	75	77.9	99.7	14.18	 .0699	0.002	701	1	100.0	30
25/04/19	17:30	82.6	84.7	82.6	87	78.3	0.0	SSE	0.00	2.0	SE	82.6	93.1	93.1	92.5	29.769	0.00	0.00	20	0.86	30	0.0	0.00	0.0	0.000	0.367	85.7	79	78.4	98.6	15.41	 .0700	0.000	700	1	100.0	30
25/04/19	18:00	81.1	82.6	81.1	89	77.5	0.0	---	0.00	0.0	---	81.1	89.6	89.6	88.5	29.776	0.00	0.00	3	0.13	11	0.0	0.00	0.0	0.000	0.335	84.6	81	78.1	96.4	16.17	 .0702	0.000	702	1	100.0	30
25/04/19	18:30	79.9	81.1	79.9	91	77.0	0.0	---	0.00	0.0	---	79.9	87.1	87.1	85.9	29.780	0.00	0.00	0	0.00	0	0.0	0.00	0.0	0.000	0.310	83.7	83	78.0	94.7	16.90	 .0703	0.000	699	1	100.0	30
25/04/19	19:00	79.2	79.9	79.2	92	76.7	0.0	---	0.00	0.0	---	79.2	85.7	85.7	84.5	29.789	0.00	0.00	0	0.00	0	0.0	0.00	0.0	0.000	0.296	83.2	84	77.9	93.7	17.32	 .0704	0.000	702	1	100.0	30
25/04/19	19:30	79.2	79.3	79.1	92	76.7	0.0	---	0.00	0.0	---	79.2	85.7	85.7	84.5	29.804	0.00	0.00	0	0.00	0	0.0	0.00	0.0	0.000	0.296	82.9	85	77.9	93.2	17.78	 .0705	0.000	700	1	100.0	30
25/04/19	20:00	78.9	79.2	78.9	92	76.4	0.0	---	0.00	0.0	---	78.9	85.0	85.0	83.8	29.814	0.00	0.00	0	0.00	0	0.0	0.00	0.0	0.000	0.290	82.7	85	77.7	92.7	17.79	 .0706	0.000	697	1	100.0	30
25/04/19	20:30	78.2	78.9	78.2	93	76.0	0.0	---	0.00	0.0	---	78.2	83.6	83.6	82.4	29.825	0.00	0.00	0	0.00	0	0.0	0.00	0.0	0.000	0.275	82.3	86	77.7	92.0	18.21	 .0707	0.000	702	1	100.0	30
25/04/19	21:00	78.0	78.3	77.9	93	75.8	0.0	---	0.00	0.0	---	78.0	83.2	83.2	81.9	29.834	0.00	0.00	0	0.00	0	0.0	0.00	0.0	0.000	0.271	82.0	86	77.4	91.2	18.23	 .0707	0.000	699	1	100.0	30
25/04/19	21:30	77.6	78.0	77.6	93	75.4	0.0	---	0.00	0.0	---	77.6	82.4	82.4	81.1	29.849	0.00	0.00	0	0.00	0	0.0	0.00	0.0	0.000	0.262	81.7	87	77.5	90.7	18.65	 .0708	0.000	702	1	100.0	30
25/04/19	22:00	77.4	77.7	77.4	94	75.5	0.0	---	0.00	0.0	---	77.4	82.1	82.1	80.8	29.847	0.00	0.00	0	0.00	0	0.0	0.00	0.0	0.000	0.258	81.4	87	77.2	89.9	18.67	 .0709	0.000	702	1	100.0	30
25/04/19	22:30	77.4	77.5	77.3	94	75.5	0.0	---	0.00	0.0	---	77.4	82.1	82.1	80.8	29.846	0.00	0.00	0	0.00	0	0.0	0.00	0.0	0.000	0.258	81.2	87	77.0	89.4	18.68	 .0709	0.000	700	1	100.0	30
25/04/19	23:00	77.5	77.6	77.4	94	75.6	0.0	---	0.00	0.0	---	77.5	82.3	82.3	81.0	29.839	0.00	0.00	0	0.00	0	0.0	0.00	0.0	0.000	0.260	81.2	88	77.3	89.6	19.23	 .0709	0.000	700	1	100.0	30
25/04/19	23:30	77.5	77.6	77.4	94	75.6	0.0	---	0.00	0.0	---	77.5	82.3	82.3	81.0	29.833	0.00	0.00	0	0.00	0	0.0	0.00	0.0	0.000	0.260	81.1	88	77.2	89.3	19.24	 .0709	0.000	701	1	100.0	30
26/04/19	00:00	77.3	77.6	77.3	94	75.4	0.0	---	0.00	0.0	---	77.3	81.9	81.9	80.6	29.827	0.00	0.00	0	0.00	0	0.0	0.00	0.0	0.000	0.256	80.9	88	77.0	88.8	19.26	 .0709	0.000	697	1	100.0	30
26/04/19	0:30	77.1	77.4	77.0	94	75.2	0.0	---	0.00	0.0	---	77.1	81.5	81.5	80.2	29.819	0.00	0.00	0	0.00	0	0.0	0.00	0.0	0.000	0.252	80.7	88	76.8	88.3	19.28	 .0709	0.000	701	1	100.0	30
26/04/19	1:00	76.9	77.1	76.8	94	75.0	0.0	---	0.00	0.0	---	76.9	81.1	81.1	79.8	29.810	0.00	0.00	0	0.00	0	0.0	0.00	0.0	0.000	0.248	80.4	88	76.5	87.6	19.31	 .0710	0.000	699	1	100.0	30
26/04/19	1:30	76.7	77.0	76.6	94	74.8	0.0	---	0.00	0.0	---	76.7	80.8	80.8	79.5	29.804	0.00	0.00	0	0.00	0	0.0	0.00	0.0	0.000	0.244	80.3	89	76.8	87.6	19.92	 .0709	0.000	700	1	100.0	30
26/04/19	2:00	76.6	76.7	76.6	95	75.1	0.0	---	0.00	0.0	---	76.6	80.8	80.8	79.5	29.799	0.00	0.00	0	0.00	0	0.0	0.00	0.0	0.000	0.242	80.3	89	76.8	87.6	19.92	 .0709	0.000	702	1	100.0	30
26/04/19	2:30	76.4	76.7	76.4	95	74.9	0.0	---	0.00	0.0	---	76.4	80.4	80.4	79.1	29.799	0.00	0.00	0	0.00	0	0.0	0.00	0.0	0.000	0.238	80.0	89	76.5	86.8	19.95	 .0710	0.000	699	1	100.0	30
26/04/19	3:00	76.2	76.4	76.1	94	74.3	0.0	---	0.00	0.0	---	76.2	79.9	79.9	78.6	29.792	0.00	0.00	0	0.00	0	0.0	0.00	0.0	0.000	0.233	79.8	89	76.3	86.4	19.95	 .0710	0.000	701	1	100.0	30
26/04/19	3:30	75.9	76.2	75.9	95	74.4	0.0	---	0.00	0.0	---	75.9	79.6	79.6	78.3	29.796	0.00	0.00	0	0.00	0	0.0	0.00	0.0	0.000	0.227	79.6	89	76.1	85.9	19.95	 .0711	0.000	702	1	100.0	30
26/04/19	4:00	75.6	76.0	75.6	95	74.1	0.0	---	0.00	0.0	---	75.6	79.1	79.1	77.8	29.795	0.00	0.00	0	0.00	0	0.0	0.00	0.0	0.000	0.221	79.4	89	75.9	85.5	19.95	 .0711	0.000	701	1	100.0	30
26/04/19	4:30	75.4	75.7	75.3	95	73.9	0.0	---	0.00	0.0	---	75.4	78.9	78.9	77.5	29.800	0.00	0.00	0	0.00	0	0.0	0.00	0.0	0.000	0.217	79.2	88	75.3	84.8	19.38	 .0712	0.000	701	1	100.0	30
26/04/19	5:00	75.1	75.4	75.1	95	73.6	0.0	---	0.00	0.0	---	75.1	78.4	78.4	77.0	29.802	0.00	0.00	0	0.00	0	0.0	0.00	0.0	0.000	0.210	79.0	89	75.5	84.5	19.95	 .0712	0.000	699	1	100.0	30
26/04/19	5:30	75.1	75.2	75.0	95	73.6	0.0	---	0.00	0.0	---	75.1	78.4	78.4	77.0	29.812	0.00	0.00	1	0.04	7	0.0	0.00	0.0	0.000	0.210	78.6	89	75.1	83.7	19.95	 .0713	0.000	701	1	100.0	30
26/04/19	6:00	75.6	75.7	75.1	95	74.1	0.0	---	0.00	0.0	---	75.6	79.1	79.1	78.1	29.824	0.00	0.00	16	0.69	26	0.0	0.00	0.0	0.000	0.221	78.7	90	75.5	84.0	20.45	 .0713	0.000	702	1	100.0	30
26/04/19	6:30	76.5	76.5	75.6	95	75.0	0.0	---	0.00	0.0	---	76.5	80.6	80.6	81.4	29.838	0.00	0.00	35	1.51	60	0.0	0.00	0.0	0.000	0.240	79.0	90	75.8	84.7	20.45	 .0713	0.000	699	1	100.0	30
26/04/19	7:00	78.5	78.5	76.5	95	76.9	0.0	---	0.00	0.0	---	78.5	84.8	84.8	88.1	29.848	0.00	0.00	103	4.43	132	0.4	0.09	0.8	0.000	0.281	79.5	91	76.6	86.1	21.04	 .0712	0.002	700	1	100.0	30
26/04/19	7:30	79.6	79.6	78.4	93	77.4	0.0	---	0.00	0.0	---	79.6	86.9	86.9	90.9	29.853	0.00	0.00	139	5.98	207	1.2	0.26	1.7	0.000	0.304	80.5	92	78.0	88.9	21.16	 .0709	0.000	702	1	100.0	30
26/04/19	8:00	83.1	83.1	79.6	89	79.5	0.0	ESE	0.00	2.0	ESE	83.1	95.2	95.2	105.4	29.864	0.00	0.00	406	17.46	536	2.5	0.54	3.3	0.000	0.377	81.3	91	78.4	90.7	20.95	 .0708	0.007	702	1	100.0	30
26/04/19	8:30	81.8	85.0	81.8	91	78.9	1.0	SSE	0.50	5.0	S	81.8	92.1	92.1	96.9	29.874	0.00	0.00	204	8.77	570	2.9	0.62	3.8	0.000	0.350	82.1	91	79.2	93.0	20.88	 .0707	0.000	699	1	100.0	30
26/04/19	9:00	82.8	82.9	81.0	90	79.6	0.0	SSE	0.00	2.0	SSE	82.8	94.6	94.6	98.0	29.875	0.00	0.00	159	6.84	772	3.4	0.73	6.2	0.000	0.371	82.0	91	79.1	92.7	20.89	 .0707	0.006	699	1	100.0	30
26/04/19	9:30	85.8	85.8	81.7	88	81.8	0.0	SSE	0.00	2.0	SSE	85.8	103.5	103.5	110.4	29.872	0.00	0.00	313	13.46	998	4.9	1.05	8.6	0.000	0.433	82.5	92	79.9	94.6	21.20	 .0706	0.000	700	1	100.0	30
26/04/19	10:00	88.0	88.6	84.8	75	79.1	1.0	SSW	0.50	4.0	S	88.0	103.2	103.2	114.1	29.859	0.00	0.00	559	24.04	997	7.6	1.63	10.0	0.000	0.479	84.3	87	80.0	98.1	18.49	 .0703	0.013	699	1	100.0	30
26/04/19	10:30	89.6	89.6	85.9	74	80.2	2.0	SSW	1.00	7.0	SSW	89.6	107.5	107.5	120.1	29.851	0.00	0.00	703	30.23	1062	9.7	2.08	11.8	0.000	0.512	85.8	81	79.3	99.9	16.12	 .0701	0.000	701	1	100.0	30
26/04/19	11:00	89.4	90.3	89.1	74	80.0	2.0	S	1.00	7.0	SSE	89.4	106.8	106.8	117.1	29.843	0.00	0.00	1024	44.04	1051	12.3	2.64	12.7	0.000	0.508	87.9	77	79.8	104.1	14.68	 .0698	0.023	700	1	100.0	30
26/04/19	11:30	89.2	90.6	89.1	74	79.8	2.0	SSW	1.00	7.0	SSW	89.2	106.2	106.2	115.9	29.835	0.00	0.00	1047	45.03	1074	13.0	2.79	13.4	0.000	0.504	89.0	75	80.0	106.2	14.09	 .0696	0.000	702	1	100.0	30
26/04/19	12:00	88.5	90.3	88.1	78	80.8	2.0	SSW	1.00	8.0	SSW	88.5	106.6	106.6	116.8	29.821	0.00	0.00	1025	44.08	1078	12.9	2.76	13.3	0.000	0.490	89.6	75	80.6	108.1	14.07	 .0695	0.028	699	1	100.0	30
26/04/19	12:30	88.6	89.7	88.0	78	80.9	2.0	SSW	1.00	7.0	SSW	88.6	106.9	106.9	117.9	29.804	0.00	0.00	1007	43.31	1111	12.3	2.64	13.1	0.000	0.492	89.8	74	80.4	108.1	13.75	 .0694	0.000	700	1	100.0	30
26/04/19	13:00	89.4	89.4	87.4	79	82.0	2.0	SSW	1.00	6.0	S	89.4	110.3	110.3	122.9	29.791	0.00	0.00	701	30.15	810	9.0	1.93	9.8	0.000	0.508	89.2	75	80.2	106.8	14.08	 .0695	0.023	697	1	100.0	30
26/04/19	13:30	90.0	90.1	88.2	75	81.0	2.0	SSW	1.00	7.0	ESE	90.0	109.4	109.4	122.0	29.777	0.00	0.00	831	35.74	914	9.3	1.99	9.6	0.000	0.521	89.6	75	80.6	108.1	14.07	 .0694	0.000	698	1	100.0	30
26/04/19	14:00	90.1	90.6	88.8	73	80.3	2.0	S	1.00	6.0	S	90.1	108.4	108.4	120.9	29.764	0.00	0.00	841	36.17	909	8.4	1.80	9.4	0.000	0.523	90.0	74	80.6	108.7	13.75	 .0693	0.023	699	1	100.0	30
26/04/19	14:30	88.9	90.6	88.9	75	79.9	2.0	S	1.00	6.0	S	88.9	105.9	105.9	119.0	29.746	0.00	0.00	768	33.03	877	6.6	1.41	7.9	0.000	0.498	90.5	72	80.2	108.9	13.13	 .0692	0.000	699	1	100.0	30
26/04/19	15:00	87.6	89.3	87.6	77	79.5	2.0	S	1.00	6.0	S	87.6	103.2	103.2	114.7	29.738	0.00	0.00	494	21.24	601	4.1	0.88	5.0	0.000	0.471	89.6	72	79.4	106.2	13.16	 .0694	0.017	697	1	100.0	30
26/04/19	15:30	87.1	88.1	87.0	77	79.0	1.0	ESE	0.50	6.0	ESE	87.1	101.7	101.7	111.2	29.732	0.00	0.00	333	14.32	383	2.5	0.54	3.1	0.000	0.460	88.9	72	78.7	104.1	13.17	 .0695	0.000	700	1	100.0	30
26/04/19	16:00	86.3	87.4	86.2	77	78.2	1.0	SSE	0.50	5.0	SSE	86.3	99.3	99.3	107.1	29.735	0.00	0.00	231	9.93	292	1.4	0.30	1.9	0.000	0.444	88.2	73	78.4	102.7	13.49	 .0696	0.008	699	1	100.0	30
26/04/19	16:30	85.0	86.3	84.9	82	78.9	1.0	SSE	0.50	5.0	SSE	85.0	98.0	98.0	103.3	29.734	0.00	0.00	136	5.85	167	0.7	0.15	1.0	0.000	0.417	87.3	76	78.8	101.7	14.41	 .0697	0.000	700	1	100.0	30
26/04/19	17:00	84.1	85.1	84.1	87	79.8	0.0	SE	0.00	3.0	SE	84.1	97.5	97.5	98.2	29.730	0.00	0.00	79	3.40	105	0.1	0.02	0.5	0.000	0.398	86.6	80	79.7	101.8	15.69	 .0697	0.003	702	1	100.0	30
26/04/19	17:30	82.5	84.1	82.5	89	78.9	0.0	SE	0.00	1.0	SE	82.5	93.4	93.4	93.0	29.737	0.00	0.00	33	1.42	53	0.0	0.00	0.0	0.000	0.365	85.9	81	79.4	100.2	16.11	 .0698	0.000	701	1	100.0	30
26/04/19	18:00	81.1	82.6	81.0	90	77.9	0.0	---	0.00	0.0	---	81.1	89.8	89.8	88.6	29.750	0.00	0.00	3	0.13	14	0.0	0.00	0.0	0.000	0.335	85.1	83	79.4	98.8	16.85	 .0700	0.001	698	1	100.0	30
26/04/19	18:30	80.3	81.1	80.3	91	77.4	0.0	---	0.00	0.0	---	80.3	88.1	88.1	86.9	29.754	0.00	0.00	0	0.00	0	0.0	0.00	0.0	0.000	0.319	84.2	84	78.8	96.6	17.28	 .0701	0.000	702	1	100.0	30
26/04/19	19:00	79.6	80.2	79.6	92	77.1	0.0	---	0.00	0.0	---	79.6	86.6	86.6	85.4	29.753	0.00	0.00	0	0.00	0	0.0	0.00	0.0	0.000	0.304	83.4	85	78.4	94.7	17.75	 .0703	0.000	700	1	100.0	30
26/04/19	19:30	79.2	79.6	79.2	93	77.0	0.0	---	0.00	0.0	---	79.2	85.9	85.9	84.6	29.759	0.00	0.00	0	0.00	0	0.0	0.00	0.0	0.000	0.296	83.1	86	78.5	94.1	18.16	 .0703	0.000	701	1	100.0	30
26/04/19	20:00	79.0	79.2	78.9	93	76.8	0.0	---	0.00	0.0	---	79.0	85.4	85.4	84.1	29.771	0.00	0.00	0	0.00	0	0.0	0.00	0.0	0.000	0.292	82.7	86	78.1	93.0	18.19	 .0704	0.000	701	1	100.0	30
26/04/19	20:30	78.6	79.0	78.6	93	76.4	0.0	---	0.00	0.0	---	78.6	84.5	84.5	83.2	29.780	0.00	0.00	0	0.00	0	0.0	0.00	0.0	0.000	0.283	82.5	87	78.2	92.8	18.60	 .0705	0.000	698	1	100.0	30
26/04/19	21:00	78.3	78.6	78.2	94	76.4	0.0	---	0.00	0.0	---	78.3	84.1	84.1	82.8	29.789	0.00	0.00	0	0.00	0	0.0	0.00	0.0	0.000	0.277	82.3	87	78.0	92.3	18.61	 .0705	0.000	699	1	100.0	30
26/04/19	21:30	78.0	78.3	77.9	94	76.1	0.0	---	0.00	0.0	---	78.0	83.4	83.4	82.1	29.796	0.00	0.00	0	0.00	0	0.0	0.00	0.0	0.000	0.271	82.0	87	77.7	91.5	18.63	 .0706	0.000	702	1	100.0	30
26/04/19	22:00	77.8	78.0	77.8	94	75.9	0.0	---	0.00	0.0	---	77.8	83.0	83.0	81.6	29.803	0.00	0.00	0	0.00	0	0.0	0.00	0.0	0.000	0.267	81.7	87	77.5	90.7	18.65	 .0707	0.000	697	1	100.0	30
26/04/19	22:30	77.6	77.8	77.6	94	75.7	0.0	---	0.00	0.0	---	77.6	82.6	82.6	81.2	29.799	0.00	0.00	0	0.00	0	0.0	0.00	0.0	0.000	0.262	81.4	88	77.5	90.1	19.21	 .0707	0.000	701	1	100.0	30
26/04/19	23:00	77.6	77.6	77.5	94	75.7	0.0	---	0.00	0.0	---	77.6	82.6	82.6	81.2	29.792	0.00	0.00	0	0.00	0	0.0	0.00	0.0	0.000	0.262	81.2	88	77.3	89.6	19.23	 .0707	0.000	694	1	100.0	30
26/04/19	23:30	77.6	77.8	77.6	94	75.7	0.0	---	0.00	0.0	---	77.6	82.6	82.6	81.2	29.790	0.00	0.00	0	0.00	0	0.0	0.00	0.0	0.000	0.262	81.2	88	77.3	89.6	19.23	 .0707	0.000	700	1	100.0	30
27/04/19	00:00	77.4	77.6	77.3	94	75.5	0.0	---	0.00	0.0	---	77.4	82.1	82.1	80.7	29.788	0.00	0.00	0	0.00	0	0.0	0.00	0.0	0.000	0.258	80.9	89	77.4	89.0	19.86	 .0708	0.000	699	1	100.0	30
27/04/19	0:30	77.6	77.6	77.3	94	75.7	0.0	---	0.00	0.0	---	77.6	82.6	82.6	81.2	29.788	0.00	0.00	0	0.00	0	0.0	0.00	0.0	0.000	0.262	80.8	89	77.3	88.8	19.87	 .0708	0.000	699	1	100.0	30
27/04/19	1:00	77.4	77.6	77.4	94	75.5	0.0	---	0.00	0.0	---	77.4	82.1	82.1	80.7	29.781	0.00	0.00	0	0.00	0	0.0	0.00	0.0	0.000	0.258	80.7	89	77.2	88.5	19.88	 .0708	0.000	702	1	100.0	30
27/04/19	1:30	77.2	77.4	77.1	94	75.3	0.0	---	0.00	0.0	---	77.2	81.7	81.7	80.3	29.780	0.00	0.00	0	0.00	0	0.0	0.00	0.0	0.000	0.254	80.7	89	77.2	88.5	19.88	 .0708	0.000	699	1	100.0	30
27/04/19	2:00	77.0	77.2	76.9	94	75.1	0.0	---	0.00	0.0	---	77.0	81.3	81.3	79.9	29.769	0.00	0.00	0	0.00	0	0.0	0.00	0.0	0.000	0.250	80.5	89	77.0	88.1	19.90	 .0708	0.000	699	1	100.0	30
27/04/19	2:30	77.2	77.3	76.9	95	75.7	0.0	---	0.00	0.0	---	77.2	81.9	81.9	80.5	29.767	0.00	0.00	0	0.00	0	0.0	0.00	0.0	0.000	0.254	80.4	89	76.9	87.8	19.91	 .0708	0.000	700	1	100.0	30
27/04/19	3:00	77.1	77.2	77.0	95	75.6	0.0	---	0.00	0.0	---	77.1	81.7	81.7	80.3	29.764	0.00	0.00	0	0.00	0	0.0	0.00	0.0	0.000	0.252	80.3	90	77.1	87.8	20.43	 .0708	0.000	700	1	100.0	30
27/04/19	3:30	77.1	77.1	77.0	95	75.6	0.0	---	0.00	0.0	---	77.1	81.7	81.7	80.3	29.771	0.00	0.00	0	0.00	0	0.0	0.00	0.0	0.000	0.252	80.2	90	77.0	87.5	20.43	 .0708	0.000	702	1	100.0	30
27/04/19	4:00	77.3	77.3	77.1	95	75.8	0.0	---	0.00	0.0	---	77.3	82.1	82.1	80.7	29.776	0.00	0.00	0	0.00	0	0.0	0.00	0.0	0.000	0.256	80.2	90	77.0	87.5	20.43	 .0709	0.000	701	1	100.0	30
27/04/19	4:30	77.4	77.5	77.3	95	75.9	0.0	---	0.00	0.0	---	77.4	82.3	82.3	80.9	29.778	0.00	0.00	0	0.00	0	0.0	0.00	0.0	0.000	0.258	80.2	91	77.3	87.8	21.03	 .0708	0.000	700	1	100.0	30
27/04/19	5:00	77.4	77.4	77.3	95	75.9	0.0	---	0.00	0.0	---	77.4	82.3	82.3	80.9	29.785	0.00	0.00	0	0.00	0	0.0	0.00	0.0	0.000	0.258	80.1	91	77.2	87.6	21.04	 .0709	0.000	702	1	100.0	30
27/04/19	5:30	78.0	78.0	77.4	95	76.5	1.0	SE	0.50	5.0	SSW	78.0	83.6	83.6	82.4	29.802	0.00	0.00	5	0.22	26	0.0	0.00	0.0	0.000	0.271	80.1	91	77.2	87.6	21.04	 .0709	0.000	699	1	100.0	30
27/04/19	6:00	78.9	78.9	78.0	94	77.0	0.0	ENE	0.00	3.0	NW	78.9	85.4	85.4	85.6	29.798	0.00	0.00	64	2.75	104	0.0	0.00	0.0	0.000	0.290	80.4	92	77.9	88.6	21.16	 .0708	0.001	702	1	100.0	30
27/04/19	6:30	79.4	79.5	78.9	94	77.5	0.0	NNE	0.00	1.0	NNE	79.4	86.7	86.7	89.3	29.810	0.00	0.00	71	3.05	104	0.0	0.00	0.0	0.000	0.300	80.8	92	78.3	89.7	21.17	 .0708	0.000	698	1	100.0	30
27/04/19	7:00	79.9	79.9	79.4	94	78.0	0.0	NNE	0.00	1.0	NNE	79.9	87.9	87.9	90.2	29.817	0.00	0.00	73	3.14	100	0.2	0.04	0.7	0.000	0.310	81.0	92	78.5	90.2	21.17	 .0707	0.002	699	1	100.0	30
27/04/19	7:30	81.0	81.2	79.8	92	78.5	0.0	---	0.00	0.0	---	81.0	90.2	90.2	94.1	29.825	0.00	0.00	132	5.68	162	1.0	0.21	1.4	0.000	0.333	81.6	92	79.0	91.9	21.18	 .0706	0.000	698	1	100.0	30
27/04/19	8:00	82.5	82.5	81.0	91	79.6	0.0	NNE	0.00	1.0	NNE	82.5	94.2	94.2	100.0	29.834	0.00	0.00	217	9.33	287	1.9	0.41	2.6	0.000	0.365	82.4	92	79.8	94.3	21.20	 .0705	0.004	700	1	100.0	30
27/04/19	8:30	86.6	86.7	82.6	81	80.1	0.0	N	0.00	3.0	N	86.6	102.3	102.3	112.9	29.826	0.00	0.00	472	20.30	666	3.8	0.81	5.0	0.000	0.450	83.6	88	79.7	96.4	18.99	 .0703	0.000	701	1	100.0	30
27/04/19	9:00	88.2	88.2	86.3	76	79.7	2.0	SSW	1.00	5.0	SSW	88.2	104.4	104.4	116.8	29.826	0.00	0.00	677	29.11	816	5.9	1.26	7.0	0.000	0.483	85.3	83	79.5	99.4	16.84	 .0701	0.015	698	1	100.0	30
27/04/19	9:30	84.3	88.4	84.2	86	79.7	1.0	S	0.50	4.0	SSW	84.3	97.7	97.7	101.5	29.824	0.00	0.00	182	7.83	830	4.1	0.88	7.1	0.000	0.402	85.2	85	80.2	100.0	17.64	 .0701	0.000	701	1	100.0	30
27/04/19	10:00	84.4	84.7	84.0	87	80.1	1.0	WSW	0.50	4.0	SSW	84.4	98.5	98.5	102.0	29.821	0.00	0.00	170	7.31	199	4.0	0.86	6.2	0.000	0.404	84.6	85	79.6	98.2	17.67	 .0702	0.005	700	1	100.0	30
27/04/19	10:30	88.2	88.3	83.9	77	80.1	0.0	SW	0.00	4.0	SSE	88.2	105.0	105.0	113.6	29.815	0.00	0.00	404	17.37	911	6.6	1.41	10.8	0.000	0.483	85.3	85	80.3	100.4	17.63	 .0700	0.000	702	1	100.0	30
27/04/19	11:00	89.9	90.0	88.0	73	80.1	2.0	SW	1.00	7.0	WSW	89.9	107.7	107.7	120.4	29.808	0.00	0.00	932	40.08	953	11.5	2.46	12.1	0.000	0.519	87.8	76	79.3	103.2	14.38	 .0698	0.018	702	1	100.0	30
27/04/19	11:30	88.3	90.4	88.3	76	79.8	3.0	SSW	1.50	8.0	W	88.3	104.7	104.7	116.7	29.801	0.00	0.00	962	41.37	977	12.3	2.64	12.6	0.000	0.485	88.8	72	78.6	103.8	13.17	 .0697	0.000	701	1	100.0	30
27/04/19	12:00	88.9	89.8	88.3	72	78.7	2.0	S	1.00	6.0	SSE	88.9	104.1	104.1	115.7	29.780	0.00	0.00	983	42.27	990	12.7	2.72	12.8	0.000	0.498	89.7	71	79.0	105.8	12.85	 .0695	0.026	699	1	100.0	30
27/04/19	12:30	89.8	90.6	88.9	73	80.0	2.0	SSW	1.00	6.0	SSW	89.8	107.4	107.4	118.1	29.769	0.00	0.00	988	42.49	997	12.5	2.68	12.7	0.000	0.517	90.4	71	79.7	107.9	12.84	 .0693	0.000	700	1	100.0	30
27/04/19	13:00	90.0	90.7	89.6	75	81.0	2.0	S	1.00	6.0	S	90.0	109.4	109.4	121.1	29.747	0.00	0.00	972	41.80	995	11.7	2.51	12.3	0.000	0.521	90.7	71	80.0	108.8	12.84	 .0692	0.027	700	1	100.0	30
27/04/19	13:30	91.2	91.2	89.3	74	81.7	2.0	SSW	1.00	6.0	SSW	91.2	112.7	112.7	124.9	29.731	0.00	0.00	920	39.57	947	10.3	2.21	11.1	0.000	0.546	91.0	71	80.3	109.8	12.83	 .0691	0.000	702	1	100.0	30
27/04/19	14:00	91.2	92.1	88.8	72	80.9	2.0	SSW	1.00	7.0	SE	91.2	111.2	111.2	123.8	29.721	0.00	0.00	848	36.47	889	8.6	1.84	9.5	0.000	0.546	91.2	70	80.0	109.6	12.53	 .0691	0.024	701	1	100.0	30
27/04/19	14:30	89.2	91.4	88.8	73	79.4	2.0	S	1.00	6.0	S	89.2	105.6	105.6	118.4	29.707	0.00	0.00	757	32.56	798	6.7	1.44	7.6	0.000	0.504	91.4	68	79.3	108.8	12.05	 .0691	0.000	701	1	100.0	30
27/04/19	15:00	89.2	90.3	88.6	75	80.2	1.0	SE	0.50	5.0	S	89.2	106.8	106.8	120.1	29.699	0.00	0.00	662	28.47	714	5.0	1.07	5.8	0.000	0.504	91.0	69	79.4	108.3	12.33	 .0691	0.019	702	1	100.0	30
27/04/19	15:30	88.0	89.8	88.0	75	79.1	2.0	S	1.00	6.0	ESE	88.0	103.2	103.2	116.0	29.691	0.00	0.00	529	22.75	603	3.3	0.71	4.1	0.000	0.479	90.9	68	78.9	107.3	12.05	 .0691	0.000	700	1	100.0	30
27/04/19	16:00	87.4	88.3	87.2	78	79.7	1.0	SW	0.50	5.0	SSE	87.4	103.2	103.2	115.4	29.689	0.00	0.00	409	17.59	455	1.9	0.41	2.5	0.000	0.467	90.5	69	78.9	106.8	12.34	 .0692	0.013	698	1	100.0	30
27/04/19	16:30	85.9	87.7	85.9	79	78.6	2.0	S	1.00	5.0	SSE	85.9	99.1	99.1	102.4	29.687	0.00	0.00	88	3.78	223	0.9	0.19	1.3	0.000	0.435	89.5	71	78.8	105.2	12.85	 .0693	0.000	702	1	100.0	30
27/04/19	17:00	85.0	86.2	85.0	81	78.5	1.0	SSW	0.50	4.0	NE	85.0	97.6	97.6	97.5	29.698	0.00	0.00	41	1.76	56	0.0	0.00	0.6	0.000	0.417	88.0	74	78.7	102.6	13.79	 .0695	0.002	700	1	100.0	30
27/04/19	17:30	83.0	85.0	83.0	87	78.7	0.0	ESE	0.00	2.0	ESE	83.0	94.2	94.2	93.5	29.706	0.00	0.00	15	0.65	26	0.0	0.00	0.0	0.000	0.375	86.9	78	79.2	101.6	15.00	 .0697	0.000	699	1	100.0	30
27/04/19	18:00	81.7	83.1	81.7	89	78.1	0.0	---	0.00	0.0	---	81.7	91.2	91.2	90.2	29.721	0.00	0.00	2	0.09	7	0.0	0.00	0.0	0.000	0.348	85.8	80	78.9	99.3	15.72	 .0699	0.000	701	1	100.0	30
27/04/19	18:30	80.8	81.7	80.8	90	77.6	0.0	---	0.00	0.0	---	80.8	89.0	89.0	87.9	29.727	0.00	0.00	0	0.00	0	0.0	0.00	0.0	0.000	0.329	85.2	82	79.1	98.6	16.54	 .0699	0.000	699	1	100.0	30
27/04/19	19:00	80.2	80.8	80.2	91	77.3	0.0	---	0.00	0.0	---	80.2	87.8	87.8	86.7	29.736	0.00	0.00	0	0.00	0	0.0	0.00	0.0	0.000	0.317	84.4	83	78.7	96.7	16.87	 .0701	0.000	702	1	100.0	30
27/04/19	19:30	79.7	80.2	79.7	92	77.2	0.0	---	0.00	0.0	---	79.7	86.9	86.9	85.8	29.749	0.00	0.00	0	0.00	0	0.0	0.00	0.0	0.000	0.306	83.9	84	78.5	95.7	17.29	 .0702	0.000	699	1	100.0	30
27/04/19	20:00	79.4	79.7	79.4	92	76.9	0.0	---	0.00	0.0	---	79.4	86.1	86.1	84.9	29.758	0.00	0.00	0	0.00	0	0.0	0.00	0.0	0.000	0.300	83.4	85	78.4	94.7	17.75	 .0703	0.000	700	1	100.0	30
27/04/19	20:30	79.2	79.4	79.1	93	77.0	0.0	---	0.00	0.0	---	79.2	85.9	85.9	84.7	29.763	0.00	0.00	0	0.00	0	0.0	0.00	0.0	0.000	0.296	83.2	85	78.2	94.1	17.76	 .0703	0.000	701	1	100.0	30
27/04/19	21:00	79.0	79.2	79.0	93	76.8	0.0	---	0.00	0.0	---	79.0	85.4	85.4	84.2	29.770	0.00	0.00	0	0.00	0	0.0	0.00	0.0	0.000	0.292	83.0	86	78.4	93.8	18.17	 .0704	0.000	701	1	100.0	30
27/04/19	21:30	78.9	79.1	78.9	93	76.7	0.0	---	0.00	0.0	---	78.9	85.2	85.2	84.0	29.777	0.00	0.00	0	0.00	0	0.0	0.00	0.0	0.000	0.290	82.8	86	78.2	93.3	18.18	 .0704	0.000	700	1	100.0	30
27/04/19	22:00	78.9	79.0	78.8	93	76.7	0.0	---	0.00	0.0	---	78.9	85.2	85.2	84.0	29.780	0.00	0.00	0	0.00	0	0.0	0.00	0.0	0.000	0.290	82.5	87	78.2	92.8	18.60	 .0705	0.000	701	1	100.0	30
27/04/19	22:30	78.5	78.9	78.5	93	76.3	0.0	---	0.00	0.0	---	78.5	84.3	84.3	83.1	29.772	0.00	0.00	0	0.00	0	0.0	0.00	0.0	0.000	0.281	82.3	87	78.0	92.3	18.61	 .0705	0.000	700	1	100.0	30
27/04/19	23:00	78.1	78.5	78.1	94	76.2	0.0	---	0.00	0.0	---	78.1	83.6	83.6	82.4	29.772	0.00	0.00	0	0.00	0	0.0	0.00	0.0	0.000	0.273	82.0	87	77.7	91.5	18.63	 .0706	0.000	701	1	100.0	30
27/04/19	23:30	77.8	78.1	77.7	94	75.9	0.0	---	0.00	0.0	---	77.8	83.0	83.0	81.8	29.768	0.00	0.00	0	0.00	0	0.0	0.00	0.0	0.000	0.267	81.6	87	77.4	90.4	18.65	 .0706	0.000	702	1	100.0	30
28/04/19	00:00	77.3	77.8	77.3	94	75.4	0.0	---	0.00	0.0	---	77.3	81.9	81.9	80.7	29.762	0.00	0.00	0	0.00	0	0.0	0.00	0.0	0.000	0.256	81.3	88	77.4	89.9	19.22	 .0707	0.000	701	1	100.0	30
28/04/19	0:30	77.2	77.4	77.1	94	75.3	0.0	---	0.00	0.0	---	77.2	81.7	81.7	80.5	29.748	0.00	0.00	0	0.00	0	0.0	0.00	0.0	0.000	0.254	81.1	88	77.2	89.3	19.24	 .0707	0.000	700	1	100.0	30
28/04/19	1:00	77.0	77.2	76.9	94	75.1	0.0	---	0.00	0.0	---	77.0	81.3	81.3	80.1	29.731	0.00	0.00	0	0.00	0	0.0	0.00	0.0	0.000	0.250	80.8	88	76.9	88.6	19.27	 .0707	0.000	700	1	100.0	30
28/04/19	1:30	76.8	77.1	76.8	94	74.9	0.0	---	0.00	0.0	---	76.8	81.0	81.0	79.7	29.718	0.00	0.00	0	0.00	0	0.0	0.00	0.0	0.000	0.246	80.6	88	76.7	88.1	19.29	 .0707	0.000	699	1	100.0	30
28/04/19	2:00	76.6	76.8	76.5	94	74.7	0.0	---	0.00	0.0	---	76.6	80.6	80.6	79.3	29.707	0.00	0.00	0	0.00	0	0.0	0.00	0.0	0.000	0.242	80.4	88	76.5	87.6	19.31	 .0707	0.000	699	1	100.0	30
28/04/19	2:30	76.3	76.7	76.3	94	74.4	0.0	---	0.00	0.0	---	76.3	80.1	80.1	78.8	29.698	0.00	0.00	0	0.00	0	0.0	0.00	0.0	0.000	0.235	80.2	88	76.3	87.1	19.33	 .0707	0.000	699	1	100.0	30
28/04/19	3:00	76.2	76.4	76.2	94	74.3	0.0	---	0.00	0.0	---	76.2	79.9	79.9	78.6	29.712	0.00	0.00	0	0.00	0	0.0	0.00	0.0	0.000	0.233	80.1	88	76.2	86.9	19.34	 .0708	0.000	702	1	100.0	30
28/04/19	3:30	76.4	76.5	76.1	95	74.9	0.0	---	0.00	0.0	---	76.4	80.4	80.4	79.1	29.715	0.00	0.00	0	0.00	0	0.0	0.00	0.0	0.000	0.238	80.1	89	76.6	87.1	19.94	 .0708	0.000	701	1	100.0	30
28/04/19	4:00	76.4	76.5	76.4	95	74.9	0.0	---	0.00	0.0	---	76.4	80.4	80.4	79.1	29.723	0.00	0.00	0	0.00	0	0.0	0.00	0.0	0.000	0.238	80.1	89	76.6	87.1	19.94	 .0708	0.000	701	1	100.0	30
28/04/19	4:30	76.3	76.5	76.3	95	74.8	0.0	---	0.00	0.0	---	76.3	80.2	80.2	78.9	29.736	0.00	0.00	0	0.00	0	0.0	0.00	0.0	0.000	0.235	79.9	89	76.4	86.6	19.95	 .0708	0.000	700	1	100.0	30
28/04/19	5:00	76.2	76.4	76.1	94	74.3	0.0	---	0.00	0.0	---	76.2	79.9	79.9	78.6	29.736	0.00	0.00	0	0.00	0	0.0	0.00	0.0	0.000	0.233	79.5	89	76.0	85.7	19.95	 .0709	0.000	698	1	100.0	30
28/04/19	5:30	76.0	76.2	75.9	95	74.5	0.0	---	0.00	0.0	---	76.0	79.7	79.7	78.4	29.739	0.00	0.00	1	0.04	7	0.0	0.00	0.0	0.000	0.229	79.4	89	75.9	85.5	19.95	 .0710	0.000	702	1	100.0	30
28/04/19	6:00	76.3	76.3	75.9	95	74.8	0.0	---	0.00	0.0	---	76.3	80.2	80.2	79.3	29.744	0.00	0.00	18	0.77	26	0.0	0.00	0.0	0.000	0.235	79.4	90	76.2	85.6	20.45	 .0709	0.000	701	1	100.0	30
28/04/19	6:30	76.9	77.0	76.3	95	75.4	0.0	---	0.00	0.0	---	76.9	81.3	81.3	82.1	29.752	0.00	0.00	34	1.46	39	0.0	0.00	0.0	0.000	0.248	79.6	90	76.4	86.1	20.45	 .0709	0.000	701	1	100.0	30
28/04/19	7:00	77.8	77.8	76.9	95	76.3	0.0	ESE	0.00	1.0	ESE	77.8	83.2	83.2	84.2	29.764	0.00	0.00	44	1.89	51	0.0	0.00	0.0	0.000	0.267	79.9	91	77.0	87.1	21.05	 .0709	0.001	702	1	100.0	30
28/04/19	7:30	79.3	79.3	77.8	94	77.4	0.0	ESE	0.00	1.0	ESE	79.3	86.4	86.4	88.5	29.766	0.00	0.00	81	3.48	169	1.0	0.21	1.7	0.000	0.298	80.5	92	78.0	88.9	21.16	 .0707	0.000	700	1	100.0	30
28/04/19	8:00	83.5	83.5	79.3	86	78.9	0.0	SE	0.00	3.0	SE	83.5	95.3	95.3	105.5	29.769	0.00	0.00	407	17.50	512	2.6	0.56	3.4	0.000	0.385	81.6	91	78.7	91.6	20.92	 .0705	0.006	699	1	100.0	30
28/04/19	8:30	86.7	87.2	83.6	80	79.8	1.0	S	0.50	4.0	S	86.7	102.1	102.1	113.8	29.759	0.00	0.00	554	23.83	605	4.2	0.90	5.1	0.000	0.452	83.0	88	79.1	94.5	19.05	 .0703	0.000	701	1	100.0	30
28/04/19	9:00	89.0	89.1	86.7	73	79.2	1.0	SSE	0.50	4.0	SSE	89.0	105.0	105.0	117.2	29.767	0.00	0.00	647	27.82	731	5.9	1.26	6.8	0.000	0.500	84.6	81	78.1	96.4	16.17	 .0702	0.016	699	1	100.0	30
28/04/19	9:30	89.6	90.0	88.8	74	80.2	2.0	SSW	1.00	5.0	SSE	89.6	107.5	107.5	120.2	29.771	0.00	0.00	780	33.54	824	7.7	1.65	8.6	0.000	0.512	86.3	80	79.4	100.8	15.70	 .0699	0.000	702	1	100.0	30
28/04/19	10:00	89.6	91.0	88.8	76	81.0	2.0	SSW	1.00	6.0	SSW	89.6	108.8	108.8	121.5	29.770	0.00	0.00	877	37.72	918	9.6	2.06	10.4	0.000	0.512	87.7	80	80.8	105.2	15.64	 .0696	0.023	699	1	100.0	30
28/04/19	10:30	90.0	91.1	89.3	76	81.4	2.0	SSW	1.00	7.0	WSW	90.0	110.2	110.2	123.0	29.771	0.00	0.00	915	39.35	976	11.2	2.40	11.9	0.000	0.521	88.8	78	81.0	107.6	14.85	 .0694	0.000	702	1	100.0	30
28/04/19	11:00	90.2	90.5	89.2	77	82.0	2.0	ESE	1.00	8.0	E	90.2	111.6	111.6	121.9	29.762	0.00	0.00	1011	43.48	1063	12.4	2.66	12.9	0.000	0.525	89.5	77	81.3	109.2	14.58	 .0693	0.025	699	1	100.0	30
28/04/19	11:30	89.7	91.4	89.1	80	82.7	3.0	ESE	1.50	10.0	ESE	89.7	112.1	112.1	121.8	29.759	0.00	0.00	1032	44.38	1146	13.1	2.81	14.0	0.000	0.515	89.9	77	81.7	110.6	14.56	 .0692	0.000	701	1	100.0	30
28/04/19	12:00	90.7	90.8	89.6	78	82.9	3.0	SSE	1.50	9.0	SE	90.7	114.2	114.2	125.4	29.742	0.00	0.00	1104	47.48	1153	13.4	2.87	13.8	0.000	0.535	90.9	75	81.9	112.5	14.03	 .0690	0.028	702	1	100.0	30
28/04/19	12:30	91.7	92.4	90.8	74	82.2	2.0	ESE	1.00	8.0	SE	91.7	114.4	114.4	126.0	29.726	0.00	0.00	1043	44.85	1120	12.9	2.76	13.5	0.000	0.556	91.5	74	82.0	113.8	13.72	 .0689	0.000	702	1	100.0	30
28/04/19	13:00	91.3	92.2	90.0	75	82.3	3.0	SE	1.50	11.0	ESE	91.3	113.9	113.9	125.9	29.716	0.00	0.00	991	42.62	1063	11.3	2.42	12.5	0.000	0.548	91.7	73	81.8	113.6	13.38	 .0689	0.027	698	1	100.0	30
28/04/19	13:30	91.1	92.2	89.5	76	82.5	3.0	SSE	1.50	10.0	S	91.1	114.0	114.0	126.3	29.703	0.00	0.00	921	39.61	1004	10.2	2.19	11.2	0.000	0.544	91.5	72	81.2	112.2	13.09	 .0689	0.000	698	1	100.0	30
28/04/19	14:00	89.7	91.1	89.5	77	81.5	3.0	SE	1.50	14.0	SSE	89.7	109.9	109.9	122.6	29.690	0.00	0.00	850	36.55	881	8.5	1.82	9.4	0.000	0.515	91.5	72	81.2	112.2	13.09	 .0689	0.024	700	1	100.0	30
28/04/19	14:30	89.8	91.0	88.9	79	82.4	3.0	SE	1.50	13.0	SE	89.8	111.7	111.7	124.8	29.676	0.00	0.00	763	32.81	807	6.6	1.41	7.6	0.000	0.517	90.7	73	80.8	110.3	13.42	 .0690	0.000	697	1	100.0	30
28/04/19	15:00	88.9	90.1	88.6	77	80.7	4.0	SE	2.00	11.0	S	88.9	107.2	107.2	120.4	29.671	0.00	0.00	659	28.34	728	4.9	1.05	5.8	0.000	0.498	90.5	73	80.7	109.7	13.43	 .0690	0.020	700	1	100.0	30
28/04/19	15:30	88.8	89.5	88.4	78	81.0	3.0	SE	1.50	12.0	SE	88.8	107.6	107.6	121.6	29.673	0.00	0.00	570	24.51	615	3.3	0.71	4.1	0.000	0.496	90.6	73	80.8	110.0	13.43	 .0690	0.000	701	1	100.0	30
28/04/19	16:00	87.7	90.0	87.7	79	80.4	2.0	SE	1.00	10.0	S	87.7	104.7	104.7	117.5	29.674	0.00	0.00	426	18.32	504	1.8	0.39	2.3	0.000	0.473	90.4	73	80.6	109.3	13.43	 .0690	0.014	701	1	100.0	30
28/04/19	16:30	86.9	87.7	86.9	81	80.4	2.0	ENE	1.00	8.0	SSE	86.9	103.3	103.3	109.9	29.684	0.00	0.00	173	7.44	204	0.7	0.15	1.0	0.000	0.456	89.1	76	80.5	107.2	14.30	 .0692	0.000	700	1	100.0	30
28/04/19	17:00	86.3	86.9	86.0	83	80.5	2.0	S	1.00	7.0	SSE	86.3	102.5	102.5	103.4	29.683	0.00	0.00	91	3.91	135	0.1	0.02	0.5	0.000	0.444	88.0	78	80.3	105.0	14.91	 .0694	0.004	701	1	100.0	30
28/04/19	17:30	85.3	86.4	85.3	85	80.3	1.0	SE	0.50	6.0	ESE	85.3	100.4	100.4	101.0	29.699	0.00	0.00	79	3.40	116	0.0	0.00	0.0	0.000	0.423	87.4	80	80.5	104.3	15.65	 .0695	0.000	701	1	100.0	30
28/04/19	18:00	83.0	85.3	83.0	91	80.1	0.0	E	0.00	4.0	SSE	83.0	95.6	95.6	94.5	29.711	0.00	0.00	3	0.13	14	0.0	0.00	0.0	0.000	0.375	86.1	84	80.7	102.4	17.21	 .0696	0.001	698	1	100.0	30
28/04/19	18:30	82.3	83.0	82.2	92	79.7	0.0	E	0.00	1.0	E	82.3	94.0	94.0	92.8	29.710	0.00	0.00	0	0.00	0	0.0	0.00	0.0	0.000	0.360	85.4	86	80.7	101.2	18.03	 .0697	0.000	702	1	100.0	30
28/04/19	19:00	81.5	82.3	81.4	92	78.9	0.0	E	0.00	1.0	E	81.5	91.6	91.6	90.4	29.715	0.00	0.00	0	0.00	0	0.0	0.00	0.0	0.000	0.344	84.8	86	80.1	99.3	18.06	 .0699	0.000	701	1	100.0	30
28/04/19	19:30	81.0	81.5	81.0	93	78.8	0.0	E	0.00	1.0	E	81.0	90.6	90.6	89.4	29.726	0.00	0.00	0	0.00	0	0.0	0.00	0.0	0.000	0.333	84.3	87	80.0	98.1	18.49	 .0700	0.000	700	1	100.0	30
28/04/19	20:00	80.7	81.0	80.7	93	78.5	0.0	---	0.00	0.0	---	80.7	89.8	89.8	88.6	29.734	0.00	0.00	0	0.00	0	0.0	0.00	0.0	0.000	0.327	83.9	87	79.6	96.9	18.52	 .0701	0.000	699	1	100.0	30
28/04/19	20:30	80.8	80.8	80.7	93	78.6	0.0	---	0.00	0.0	---	80.8	90.0	90.0	88.8	29.741	0.00	0.00	0	0.00	0	0.0	0.00	0.0	0.000	0.329	83.9	87	79.6	96.9	18.52	 .0701	0.000	697	1	100.0	30
28/04/19	21:00	80.3	80.8	80.3	93	78.1	0.0	E	0.00	1.0	E	80.3	88.7	88.7	87.5	29.747	0.00	0.00	0	0.00	0	0.0	0.00	0.0	0.000	0.319	83.7	88	79.8	96.7	18.98	 .0701	0.000	701	1	100.0	30
28/04/19	21:30	79.9	80.3	79.8	93	77.7	0.0	---	0.00	0.0	---	79.9	87.7	87.7	86.4	29.756	0.00	0.00	0	0.00	0	0.0	0.00	0.0	0.000	0.310	83.5	88	79.6	96.1	19.00	 .0702	0.000	699	1	100.0	30
28/04/19	22:00	79.4	79.9	79.4	93	77.2	0.0	---	0.00	0.0	---	79.4	86.4	86.4	85.1	29.761	0.00	0.00	0	0.00	0	0.0	0.00	0.0	0.000	0.300	83.2	88	79.3	95.1	19.03	 .0703	0.000	701	1	100.0	30
28/04/19	22:30	79.5	79.6	79.4	94	77.6	0.0	---	0.00	0.0	---	79.5	86.9	86.9	85.6	29.759	0.00	0.00	0	0.00	0	0.0	0.00	0.0	0.000	0.302	83.0	88	79.1	94.5	19.05	 .0703	0.000	698	1	100.0	30
28/04/19	23:00	79.3	79.5	79.3	94	77.4	0.0	---	0.00	0.0	---	79.3	86.4	86.4	85.1	29.746	0.00	0.00	0	0.00	0	0.0	0.00	0.0	0.000	0.298	82.7	88	78.8	93.7	19.08	 .0703	0.000	702	1	100.0	30
28/04/19	23:30	78.9	79.4	78.8	94	77.0	0.0	---	0.00	0.0	---	78.9	85.4	85.4	84.1	29.730	0.00	0.00	0	0.00	0	0.0	0.00	0.0	0.000	0.290	82.6	88	78.7	93.4	19.09	 .0703	0.000	700	1	100.0	30
29/04/19	00:00	78.6	78.9	78.5	94	76.7	0.0	---	0.00	0.0	---	78.6	84.7	84.7	83.3	29.724	0.00	0.00	0	0.00	0	0.0	0.00	0.0	0.000	0.283	82.3	88	78.4	92.6	19.12	 .0704	0.000	702	1	100.0	30
29/04/19	0:30	78.7	78.8	78.5	94	76.8	0.0	---	0.00	0.0	---	78.7	85.0	85.0	83.6	29.720	0.00	0.00	0	0.00	0	0.0	0.00	0.0	0.000	0.285	82.3	89	78.7	92.9	19.72	 .0703	0.000	700	1	100.0	30
29/04/19	1:00	79.0	79.1	78.7	94	77.1	0.0	---	0.00	0.0	---	79.0	85.7	85.7	84.4	29.716	0.00	0.00	0	0.00	0	0.0	0.00	0.0	0.000	0.292	82.1	89	78.5	92.3	19.74	 .0703	0.000	700	1	100.0	30
29/04/19	1:30	79.0	79.2	79.0	94	77.1	0.0	---	0.00	0.0	---	79.0	85.7	85.7	84.4	29.710	0.00	0.00	0	0.00	0	0.0	0.00	0.0	0.000	0.292	82.2	89	78.6	92.6	19.73	 .0703	0.000	700	1	100.0	30
29/04/19	2:00	78.6	79.0	78.5	94	76.7	0.0	---	0.00	0.0	---	78.6	84.7	84.7	83.3	29.692	0.00	0.00	0	0.00	0	0.0	0.00	0.0	0.000	0.283	82.0	89	78.4	92.0	19.75	 .0703	0.000	702	1	100.0	30
29/04/19	2:30	78.1	78.6	78.1	94	76.2	0.0	---	0.00	0.0	---	78.1	83.6	83.6	82.2	29.686	0.00	0.00	0	0.00	0	0.0	0.00	0.0	0.000	0.273	81.6	89	78.0	90.9	19.79	 .0704	0.000	700	1	100.0	30
29/04/19	3:00	78.0	78.2	78.0	94	76.1	0.0	---	0.00	0.0	---	78.0	83.4	83.4	82.0	29.685	0.00	0.00	0	0.00	0	0.0	0.00	0.0	0.000	0.271	81.4	89	77.8	90.4	19.81	 .0704	0.000	702	1	100.0	30
29/04/19	3:30	78.0	78.0	77.8	94	76.1	0.0	E	0.00	1.0	E	78.0	83.4	83.4	82.0	29.699	0.00	0.00	0	0.00	0	0.0	0.00	0.0	0.000	0.271	81.1	90	77.9	89.8	20.36	 .0705	0.000	702	1	100.0	30
29/04/19	4:00	77.9	78.0	77.7	94	76.0	0.0	---	0.00	0.0	---	77.9	83.2	83.2	81.8	29.705	0.00	0.00	0	0.00	0	0.0	0.00	0.0	0.000	0.269	81.1	90	77.9	89.8	20.36	 .0705	0.000	703	1	100.0	30
29/04/19	4:30	77.9	78.0	77.8	94	76.0	0.0	E	0.00	1.0	E	77.9	83.2	83.2	81.8	29.711	0.00	0.00	0	0.00	0	0.0	0.00	0.0	0.000	0.269	81.0	90	77.8	89.5	20.37	 .0705	0.000	702	1	100.0	30
29/04/19	5:00	77.9	78.0	77.8	95	76.4	0.0	---	0.00	0.0	---	77.9	83.4	83.4	82.0	29.715	0.00	0.00	0	0.00	0	0.0	0.00	0.0	0.000	0.269	80.9	90	77.7	89.3	20.38	 .0706	0.000	699	1	100.0	30
29/04/19	5:30	77.5	77.9	77.5	95	76.0	0.0	---	0.00	0.0	---	77.5	82.6	82.6	81.2	29.718	0.00	0.00	0	0.00	0	0.0	0.00	0.0	0.000	0.260	80.7	90	77.5	88.7	20.39	 .0706	0.000	697	1	100.0	30
29/04/19	6:00	77.6	77.7	77.4	95	76.1	0.0	---	0.00	0.0	---	77.6	82.8	82.8	81.7	29.720	0.00	0.00	12	0.52	25	0.0	0.00	0.0	0.000	0.262	80.7	90	77.5	88.7	20.39	 .0706	0.000	701	1	100.0	30
29/04/19	6:30	78.2	78.2	77.6	95	76.6	0.0	E	0.00	1.0	E	78.2	84.1	84.1	84.7	29.730	0.00	0.00	29	1.25	35	0.0	0.00	0.0	0.000	0.275	80.7	91	77.8	89.1	20.99	 .0706	0.000	702	1	100.0	30
29/04/19	7:00	79.2	79.2	78.2	95	77.6	0.0	E	0.00	1.0	E	79.2	86.4	86.4	87.4	29.751	0.00	0.00	43	1.85	49	0.0	0.00	0.0	0.000	0.296	81.1	92	78.6	90.5	21.17	 .0706	0.001	697	1	100.0	30
29/04/19	7:30	80.5	80.6	79.2	94	78.6	0.0	E	0.00	3.0	E	80.5	89.6	89.6	91.8	29.746	0.00	0.00	83	3.57	206	0.7	0.15	1.7	0.000	0.323	81.7	92	79.1	92.2	21.18	 .0704	0.000	700	1	100.0	30
29/04/19	8:00	84.7	84.7	80.6	87	80.4	0.0	E	0.00	2.0	E	84.7	99.4	99.4	109.6	29.757	0.00	0.00	402	17.29	496	2.6	0.56	3.4	0.000	0.410	82.6	92	80.0	94.9	21.20	 .0703	0.006	700	1	100.0	30
29/04/19	8:30	88.2	88.4	84.8	80	81.2	1.0	SSW	0.50	4.0	S	88.2	106.9	106.9	118.4	29.770	0.00	0.00	531	22.84	619	4.2	0.90	5.0	0.000	0.483	83.9	87	79.6	96.9	18.52	 .0702	0.000	703	1	100.0	30
29/04/19	9:00	86.0	88.2	85.6	82	79.9	1.0	SSW	0.50	5.0	SSW	86.0	101.0	101.0	106.4	29.774	0.00	0.00	236	10.15	638	4.4	0.94	6.4	0.000	0.438	84.7	86	80.0	99.0	18.07	 .0700	0.011	701	1	100.0	30
29/04/19	9:30	88.5	88.5	86.1	79	81.1	2.0	SW	1.00	7.0	WSW	88.5	107.3	107.3	114.5	29.768	0.00	0.00	329	14.15	949	5.4	1.16	8.7	0.000	0.490	85.6	84	80.2	100.8	17.23	 .0699	0.000	699	1	100.0	30
29/04/19	10:00	90.8	90.8	88.5	77	82.6	2.0	SSW	1.00	5.0	SW	90.8	113.7	113.7	126.3	29.759	0.00	0.00	892	38.36	949	9.7	2.08	10.2	0.000	0.538	87.9	80	81.0	105.9	15.63	 .0695	0.018	700	1	100.0	30
29/04/19	10:30	90.9	91.4	90.4	73	81.0	2.0	SE	1.00	7.0	ESE	90.9	111.0	111.0	124.0	29.764	0.00	0.00	889	38.23	1018	11.3	2.42	12.1	0.000	0.540	89.0	76	80.4	106.9	14.31	 .0694	0.000	700	1	100.0	30
29/04/19	11:00	89.7	92.0	87.4	76	81.1	2.0	SSW	1.00	8.0	ESE	89.7	109.2	109.2	122.2	29.760	0.00	0.00	742	31.91	1174	9.9	2.12	13.7	0.000	0.515	89.0	77	80.8	107.6	14.61	 .0694	0.022	701	1	100.0	30
29/04/19	11:30	90.0	90.7	89.8	75	81.0	3.0	SSW	1.50	8.0	S	90.0	109.4	109.4	119.5	29.753	0.00	0.00	1055	45.37	1099	13.4	2.87	13.7	0.000	0.521	90.7	74	81.3	111.0	13.74	 .0691	0.000	701	1	100.0	30
29/04/19	12:00	90.5	91.4	89.9	76	81.9	2.0	SSW	1.00	8.0	SSE	90.5	111.9	111.9	122.2	29.741	0.00	0.00	1029	44.25	1102	13.2	2.83	13.9	0.000	0.531	91.1	73	81.2	111.6	13.41	 .0690	0.028	700	1	100.0	30
29/04/19	12:30	86.1	90.8	86.1	83	80.3	1.0	SSW	0.50	7.0	WSW	86.1	101.8	101.8	107.7	29.730	0.00	0.00	267	11.48	1099	4.8	1.03	13.6	0.000	0.440	89.1	76	80.5	107.2	14.30	 .0693	0.000	701	1	100.0	30
29/04/19	13:00	85.2	86.1	84.9	86	80.5	0.0	S	0.00	2.0	S	85.2	100.5	100.5	101.2	29.727	0.00	0.00	54	2.32	81	0.5	0.11	1.7	0.000	0.421	87.2	80	80.3	103.6	15.66	 .0696	0.005	702	1	100.0	30
29/04/19	13:30	84.0	85.3	83.8	89	80.4	0.0	S	0.00	2.0	S	84.0	98.0	98.0	98.6	29.695	0.00	0.00	49	2.11	62	0.2	0.04	0.8	0.000	0.396	86.2	84	80.8	102.7	17.20	 .0696	0.000	701	1	100.0	30
29/04/19	14:00	84.1	84.5	83.9	88	80.2	1.0	SSE	0.50	4.0	S	84.1	97.9	97.9	98.7	29.704	0.00	0.00	56	2.41	74	0.5	0.11	0.9	0.000	0.398	85.7	84	80.3	101.1	17.22	 .0697	0.002	702	1	100.0	30
29/04/19	14:30	83.1	84.1	83.1	85	78.1	1.0	NNE	0.50	9.0	NNE	83.1	93.8	93.8	94.2	29.738	0.00	0.00	41	1.76	81	0.2	0.04	1.0	0.000	0.377	85.0	80	78.1	97.1	15.75	 .0701	0.000	700	1	100.0	30
29/04/19	15:00	79.0	83.1	79.0	90	75.8	3.0	NW	1.50	15.0	NW	79.0	84.7	84.7	84.8	29.720	0.16	3.39	30	1.29	49	0.0	0.00	0.0	0.000	0.292	82.1	85	77.1	91.2	17.82	 .0705	0.001	701	1	100.0	30
29/04/19	15:30	77.6	79.0	77.6	93	75.4	1.0	NNW	0.50	3.0	NE	77.6	82.4	82.4	81.9	29.695	0.16	3.39	10	0.43	12	0.0	0.00	0.0	0.000	0.262	81.2	87	77.0	89.4	18.68	 .0705	0.000	698	1	100.0	30
29/04/19	16:00	77.8	77.9	77.5	93	75.6	0.0	N	0.00	2.0	N	77.8	82.8	82.8	82.7	29.691	0.01	0.15	19	0.82	32	0.0	0.00	0.0	0.000	0.267	81.5	88	77.6	90.4	19.20	 .0704	0.000	702	1	100.0	30
29/04/19	16:30	77.9	78.2	77.8	94	76.0	0.0	N	0.00	1.0	N	77.9	83.2	83.2	84.5	29.690	0.01	0.00	44	1.89	49	0.0	0.00	0.0	0.000	0.269	81.8	88	77.9	91.2	19.17	 .0704	0.000	699	1	100.0	30
29/04/19	17:00	77.7	78.0	77.6	94	75.8	0.0	N	0.00	2.0	N	77.7	82.8	82.8	82.8	29.684	0.00	0.00	50	2.15	53	0.0	0.00	0.0	0.000	0.265	81.5	88	77.6	90.4	19.20	 .0704	0.001	698	1	100.0	30
29/04/19	17:30	77.5	77.9	77.5	94	75.6	0.0	N	0.00	1.0	N	77.5	82.3	82.3	82.0	29.689	0.01	0.00	36	1.55	47	0.0	0.00	0.0	0.000	0.260	81.4	88	77.5	90.1	19.21	 .0705	0.000	700	1	100.0	30
29/04/19	18:00	76.4	77.5	76.4	94	74.5	0.0	N	0.00	1.0	N	76.4	80.3	80.3	79.3	29.701	0.00	0.00	8	0.34	19	0.0	0.00	0.0	0.000	0.238	81.2	87	77.0	89.4	18.68	 .0705	0.001	702	1	100.0	30
29/04/19	18:30	76.4	76.5	76.2	94	74.5	0.0	---	0.00	0.0	---	76.4	80.3	80.3	79.1	29.721	0.00	0.00	0	0.00	0	0.0	0.00	0.0	0.000	0.238	80.5	88	76.6	87.8	19.30	 .0707	0.000	702	1	100.0	30
29/04/19	19:00	76.4	76.5	76.2	95	74.9	0.0	---	0.00	0.0	---	76.4	80.4	80.4	79.2	29.736	0.00	0.00	0	0.00	0	0.0	0.00	0.0	0.000	0.238	80.4	88	76.5	87.6	19.31	 .0708	0.000	699	1	100.0	30
29/04/19	19:30	76.3	76.5	76.2	95	74.8	0.0	---	0.00	0.0	---	76.3	80.2	80.2	79.0	29.743	0.00	0.00	0	0.00	0	0.0	0.00	0.0	0.000	0.235	80.2	88	76.3	87.1	19.33	 .0708	0.000	699	1	100.0	30
29/04/19	20:00	76.4	76.4	76.2	95	74.9	0.0	---	0.00	0.0	---	76.4	80.4	80.4	79.2	29.765	0.00	0.00	0	0.00	0	0.0	0.00	0.0	0.000	0.238	80.0	89	76.5	86.8	19.95	 .0709	0.000	700	1	100.0	30
29/04/19	20:30	76.5	76.5	76.3	95	75.0	0.0	---	0.00	0.0	---	76.5	80.6	80.6	79.4	29.789	0.00	0.00	0	0.00	0	0.0	0.00	0.0	0.000	0.240	79.9	89	76.4	86.6	19.95	 .0710	0.000	702	1	100.0	30
29/04/19	21:00	77.1	77.1	76.4	95	75.6	0.0	N	0.00	2.0	N	77.1	81.7	81.7	80.6	29.804	0.00	0.00	0	0.00	0	0.0	0.00	0.0	0.000	0.252	79.9	90	76.7	86.8	20.45	 .0710	0.000	701	1	100.0	30
29/04/19	21:30	76.9	77.2	76.8	95	75.4	0.0	N	0.00	1.0	N	76.9	81.3	81.3	80.2	29.806	0.00	0.00	0	0.00	0	0.0	0.00	0.0	0.000	0.248	80.0	90	76.8	87.0	20.45	 .0710	0.000	699	1	100.0	30
29/04/19	22:00	76.7	76.9	76.7	95	75.2	0.0	---	0.00	0.0	---	76.7	81.0	81.0	79.9	29.797	0.00	0.00	0	0.00	0	0.0	0.00	0.0	0.000	0.244	79.9	90	76.7	86.8	20.45	 .0710	0.000	703	1	100.0	30
29/04/19	22:30	76.7	76.8	76.6	95	75.2	0.0	---	0.00	0.0	---	76.7	81.0	81.0	79.9	29.793	0.00	0.00	0	0.00	0	0.0	0.00	0.0	0.000	0.244	79.8	90	76.6	86.5	20.45	 .0710	0.000	698	1	100.0	30
29/04/19	23:00	76.4	76.8	76.4	95	74.9	0.0	---	0.00	0.0	---	76.4	80.4	80.4	79.2	29.784	0.00	0.00	0	0.00	0	0.0	0.00	0.0	0.000	0.238	79.6	91	76.7	86.4	21.04	 .0710	0.000	702	1	100.0	30
29/04/19	23:30	76.3	76.5	76.2	95	74.8	0.0	SSW	0.00	2.0	N	76.3	80.2	80.2	79.0	29.774	0.00	0.00	0	0.00	0	0.0	0.00	0.0	0.000	0.235	79.3	91	76.4	85.6	21.04	 .0710	0.000	699	1	100.0	30
30/04/19	00:00	76.4	76.4	76.1	95	74.9	0.0	SSW	0.00	1.0	SSW	76.4	80.4	80.4	79.2	29.753	0.00	0.00	0	0.00	0	0.0	0.00	0.0	0.000	0.238	79.3	91	76.4	85.6	21.04	 .0710	0.000	700	1	100.0	30
30/04/19	0:30	75.9	76.4	75.9	95	74.4	0.0	SSW	0.00	1.0	SSW	75.9	79.6	79.6	78.4	29.749	0.00	0.00	0	0.00	0	0.0	0.00	0.0	0.000	0.227	79.1	91	76.2	85.2	21.03	 .0710	0.000	700	1	100.0	30
30/04/19	1:00	75.9	76.0	75.9	95	74.4	0.0	---	0.00	0.0	---	75.9	79.6	79.6	78.4	29.740	0.00	0.00	0	0.00	0	0.0	0.00	0.0	0.000	0.227	79.0	91	76.1	84.9	21.03	 .0710	0.000	698	1	100.0	30
30/04/19	1:30	75.8	76.0	75.8	95	74.3	0.0	---	0.00	0.0	---	75.8	79.4	79.4	78.2	29.729	0.00	0.00	0	0.00	0	0.0	0.00	0.0	0.000	0.225	79.0	91	76.1	84.9	21.03	 .0710	0.000	702	1	100.0	30
30/04/19	2:00	75.5	75.8	75.5	95	74.0	0.0	---	0.00	0.0	---	75.5	79.0	79.0	77.8	29.714	0.00	0.00	0	0.00	0	0.0	0.00	0.0	0.000	0.219	78.7	91	75.8	84.3	21.02	 .0710	0.000	702	1	100.0	30
30/04/19	2:30	75.5	75.6	75.4	95	74.0	0.0	---	0.00	0.0	---	75.5	79.0	79.0	77.8	29.707	0.00	0.00	0	0.00	0	0.0	0.00	0.0	0.000	0.219	78.5	91	75.7	83.8	21.02	 .0710	0.000	701	1	100.0	30
30/04/19	3:00	75.4	75.5	75.3	95	73.9	0.0	---	0.00	0.0	---	75.4	78.9	78.9	77.7	29.709	0.00	0.00	0	0.00	0	0.0	0.00	0.0	0.000	0.217	78.5	91	75.7	83.8	21.02	 .0710	0.000	702	1	100.0	30
30/04/19	3:30	75.2	75.4	75.2	95	73.7	0.0	---	0.00	0.0	---	75.2	78.6	78.6	77.4	29.714	0.00	0.00	0	0.00	0	0.0	0.00	0.0	0.000	0.212	78.4	91	75.6	83.6	21.02	 .0711	0.000	700	1	100.0	30
30/04/19	4:00	75.2	75.3	75.1	95	73.7	0.0	---	0.00	0.0	---	75.2	78.6	78.6	77.4	29.716	0.00	0.00	0	0.00	0	0.0	0.00	0.0	0.000	0.212	78.3	91	75.5	83.4	21.02	 .0711	0.000	701	1	100.0	30
30/04/19	4:30	75.3	75.3	75.2	95	73.8	0.0	---	0.00	0.0	---	75.3	78.7	78.7	77.5	29.716	0.00	0.00	0	0.00	0	0.0	0.00	0.0	0.000	0.215	78.3	91	75.5	83.4	21.02	 .0711	0.000	702	1	100.0	30
30/04/19	5:00	75.3	75.4	75.2	95	73.8	0.0	---	0.00	0.0	---	75.3	78.7	78.7	77.5	29.723	0.00	0.00	0	0.00	0	0.0	0.00	0.0	0.000	0.215	78.2	91	75.4	83.2	21.01	 .0711	0.000	701	1	100.0	30
30/04/19	5:30	75.4	75.4	75.2	95	73.9	0.0	---	0.00	0.0	---	75.4	78.9	78.9	77.7	29.725	0.00	0.00	1	0.04	11	0.0	0.00	0.0	0.000	0.217	78.2	91	75.4	83.2	21.01	 .0711	0.000	701	1	100.0	30
30/04/19	6:00	75.9	75.9	75.3	96	74.7	0.0	---	0.00	0.0	---	75.9	79.7	79.7	79.2	29.728	0.00	0.00	29	1.25	46	0.0	0.00	0.0	0.000	0.227	78.3	92	75.8	83.6	21.12	 .0711	0.000	698	1	100.0	30
30/04/19	6:30	76.6	76.6	75.9	96	75.4	0.0	---	0.00	0.0	---	76.6	80.9	80.9	82.8	29.734	0.00	0.00	56	2.41	76	0.0	0.00	0.5	0.000	0.242	78.5	93	76.3	84.3	21.22	 .0710	0.000	702	1	100.0	30
30/04/19	7:00	77.5	77.5	76.6	96	76.3	0.0	S	0.00	1.0	S	77.5	82.8	82.8	85.1	29.745	0.00	0.00	75	3.23	86	0.7	0.15	0.9	0.000	0.260	79.0	94	77.1	85.7	21.35	 .0709	0.002	702	1	100.0	30
30/04/19	7:30	78.7	78.7	77.5	96	77.5	0.0	S	0.00	1.0	S	78.7	85.5	85.5	89.5	29.753	0.00	0.00	136	5.85	322	1.3	0.28	2.1	0.000	0.285	79.5	94	77.6	86.9	21.35	 .0708	0.000	700	1	100.0	30
30/04/19	8:00	81.0	81.0	78.6	95	79.4	0.0	S	0.00	1.0	S	81.0	91.3	91.3	101.2	29.768	0.00	0.00	389	16.73	508	2.6	0.56	3.2	0.000	0.333	80.4	95	78.8	89.6	21.65	 .0707	0.006	700	1	100.0	30
30/04/19	8:30	83.4	83.4	81.1	94	81.5	0.0	S	0.00	2.0	S	83.4	98.3	98.3	106.7	29.782	0.00	0.00	349	15.01	399	3.1	0.66	3.5	0.000	0.383	81.9	94	80.0	93.5	21.39	 .0704	0.000	701	1	100.0	30
30/04/19	9:00	83.0	84.1	83.0	90	79.8	1.0	SSW	0.50	5.0	SW	83.0	95.2	95.2	103.2	29.786	0.00	0.00	358	15.40	399	3.4	0.73	3.5	0.000	0.375	82.9	92	80.3	95.8	21.21	 .0703	0.009	702	1	100.0	30
30/04/19	9:30	82.8	83.1	82.2	92	80.2	0.0	SW	0.00	2.0	WSW	82.8	95.5	95.5	101.2	29.796	0.00	0.00	257	11.05	313	2.9	0.62	3.3	0.000	0.371	82.9	92	80.3	95.8	21.21	 .0703	0.000	701	1	100.0	30
30/04/19	10:00	82.8	82.9	82.0	92	80.2	0.0	ESE	0.00	3.0	W	82.8	95.5	95.5	100.4	29.795	0.00	0.00	226	9.72	279	2.8	0.60	3.5	0.000	0.371	82.9	92	80.3	95.8	21.21	 .0703	0.006	699	1	100.0	30
30/04/19	10:30	84.1	84.1	82.8	87	79.8	1.0	SSW	0.50	4.0	SW	84.1	97.5	97.5	104.4	29.789	0.00	0.00	316	13.59	348	4.1	0.88	4.6	0.000	0.398	83.5	92	80.9	97.7	21.22	 .0701	0.000	702	1	100.0	30
30/04/19	11:00	84.8	85.2	84.1	86	80.1	1.0	S	0.50	3.0	WSW	84.8	99.3	99.3	108.0	29.786	0.00	0.00	402	17.29	427	5.3	1.14	5.7	0.000	0.413	84.1	90	80.8	98.7	20.12	 .0701	0.009	701	1	100.0	30
30/04/19	11:30	84.8	85.4	84.8	86	80.1	1.0	SSW	0.50	5.0	SW	84.8	99.3	99.3	108.2	29.778	0.00	0.00	410	17.63	432	5.6	1.20	5.9	0.000	0.413	84.7	89	81.1	100.3	19.48	 .0700	0.000	699	1	100.0	30
30/04/19	12:00	86.0	86.1	84.9	86	81.3	1.0	SW	0.50	5.0	SW	86.0	103.1	103.1	113.1	29.764	0.00	0.00	475	20.43	520	6.4	1.37	7.0	0.000	0.438	85.4	88	81.4	102.2	18.83	 .0698	0.012	703	1	100.0	30
30/04/19	12:30	85.9	86.1	85.6	86	81.2	1.0	S	0.50	5.0	SW	85.9	102.8	102.8	113.6	29.748	0.00	0.00	539	23.18	552	7.2	1.54	7.3	0.000	0.435	85.9	87	81.6	103.3	18.40	 .0697	0.000	697	1	100.0	30
30/04/19	13:00	86.4	86.6	85.9	86	81.7	1.0	SSW	0.50	5.0	SW	86.4	104.5	104.5	116.1	29.738	0.00	0.00	603	25.93	722	7.6	1.63	8.4	0.000	0.446	86.5	87	82.2	105.5	18.36	 .0695	0.015	702	1	100.0	30
30/04/19	13:30	85.4	86.4	85.2	86	80.7	2.0	SW	1.00	6.0	SSE	85.4	101.2	101.2	110.5	29.716	0.00	0.00	448	19.27	563	5.5	1.18	6.7	0.000	0.425	86.3	85	81.3	103.6	17.57	 .0696	0.000	701	1	100.0	30
30/04/19	14:00	84.8	85.6	84.6	87	80.5	1.0	SSW	0.50	4.0	SSW	84.8	99.7	99.7	106.7	29.710	0.00	0.00	313	13.46	364	3.8	0.81	4.5	0.000	0.413	85.8	86	81.1	102.5	18.00	 .0696	0.010	700	1	100.0	30
30/04/19	14:30	85.4	85.4	84.1	88	81.4	1.0	SSW	0.50	3.0	SSW	85.4	102.2	102.2	109.8	29.710	0.00	0.00	318	13.68	378	3.3	0.71	3.7	0.000	0.425	85.6	86	80.9	101.8	18.01	 .0697	0.000	698	1	100.0	30
30/04/19	15:00	85.3	85.7	84.8	87	81.0	2.0	SW	1.00	5.0	SW	85.3	101.4	101.4	110.9	29.701	0.00	0.00	376	16.17	455	3.3	0.71	3.8	0.000	0.423	86.1	85	81.1	102.9	17.58	 .0696	0.009	700	1	100.0	30
30/04/19	15:30	84.2	85.3	84.1	88	80.3	1.0	SSW	0.50	5.0	SSE	84.2	98.2	98.2	106.7	29.703	0.00	0.00	290	12.47	327	2.2	0.47	2.7	0.000	0.400	86.0	85	81.0	102.6	17.59	 .0696	0.000	700	1	100.0	30
30/04/19	16:00	84.1	84.3	83.9	88	80.2	1.0	SW	0.50	3.0	SSW	84.1	97.9	97.9	105.3	29.717	0.00	0.00	218	9.38	257	1.3	0.28	1.8	0.000	0.398	85.6	85	80.6	101.3	17.61	 .0697	0.007	700	1	100.0	30
30/04/19	16:30	83.7	84.3	83.6	88	79.8	0.0	W	0.00	3.0	W	83.7	96.7	96.7	101.6	29.716	0.00	0.00	129	5.55	169	0.6	0.13	1.0	0.000	0.390	85.1	85	80.1	99.7	17.64	 .0698	0.000	702	1	100.0	30
30/04/19	17:00	82.8	83.8	82.8	91	79.9	0.0	W	0.00	1.0	W	82.8	95.0	95.0	95.2	29.728	0.00	0.00	58	2.49	91	0.0	0.00	0.0	0.000	0.371	84.5	88	80.6	99.2	18.90	 .0699	0.003	702	1	100.0	30
30/04/19	17:30	81.8	82.8	81.8	92	79.2	0.0	---	0.00	0.0	---	81.8	92.5	92.5	92.0	29.735	0.00	0.00	24	1.03	35	0.0	0.00	0.0	0.000	0.350	83.8	90	80.6	97.8	20.15	 .0700	0.000	699	1	100.0	30
30/04/19	18:00	81.4	81.9	81.3	93	79.2	0.0	W	0.00	1.0	W	81.4	91.7	91.7	90.7	29.746	0.00	0.00	2	0.09	9	0.0	0.00	0.0	0.000	0.342	83.1	91	80.2	96.0	20.80	 .0702	0.000	699	1	100.0	30
30/04/19	18:30	80.9	81.4	80.8	93	78.7	0.0	---	0.00	0.0	---	80.9	90.3	90.3	89.2	29.750	0.00	0.00	0	0.00	0	0.0	0.00	0.0	0.000	0.331	82.6	91	79.7	94.5	20.84	 .0703	0.000	702	1	100.0	30
30/04/19	19:00	80.2	80.9	80.2	93	78.0	0.0	---	0.00	0.0	---	80.2	88.4	88.4	87.2	29.762	0.00	0.00	0	0.00	0	0.0	0.00	0.0	0.000	0.317	82.3	91	79.4	93.6	20.87	 .0704	0.000	701	1	100.0	30
30/04/19	19:30	79.8	80.2	79.8	94	77.9	0.0	W	0.00	2.0	W	79.8	87.7	87.7	86.5	29.774	0.00	0.00	0	0.00	0	0.0	0.00	0.0	0.000	0.308	82.0	91	79.1	92.7	20.89	 .0705	0.000	700	1	100.0	30
30/04/19	20:00	79.4	79.9	79.4	94	77.5	0.0	---	0.00	0.0	---	79.4	86.7	86.7	85.5	29.787	0.00	0.00	0	0.00	0	0.0	0.00	0.0	0.000	0.300	81.6	91	78.7	91.6	20.92	 .0706	0.000	702	1	100.0	30
30/04/19	20:30	78.8	79.4	78.7	94	76.9	0.0	---	0.00	0.0	---	78.8	85.2	85.2	83.9	29.784	0.00	0.00	0	0.00	0	0.0	0.00	0.0	0.000	0.288	81.4	91	78.5	91.0	20.94	 .0706	0.000	700	1	100.0	30
30/04/19	21:00	78.4	78.8	78.4	94	76.5	0.0	---	0.00	0.0	---	78.4	84.3	84.3	83.0	29.785	0.00	0.00	0	0.00	0	0.0	0.00	0.0	0.000	0.279	81.1	91	78.2	90.1	20.96	 .0707	0.000	702	1	100.0	30
30/04/19	21:30	78.2	78.5	78.2	94	76.3	0.0	---	0.00	0.0	---	78.2	83.8	83.8	82.5	29.795	0.00	0.00	0	0.00	0	0.0	0.00	0.0	0.000	0.275	81.0	91	78.1	89.9	20.97	 .0707	0.000	700	1	100.0	30
30/04/19	22:00	78.1	78.3	78.0	94	76.2	0.0	---	0.00	0.0	---	78.1	83.6	83.6	82.3	29.800	0.00	0.00	0	0.00	0	0.0	0.00	0.0	0.000	0.273	80.9	91	78.0	89.6	20.98	 .0707	0.000	701	1	100.0	30
30/04/19	22:30	77.8	78.1	77.8	94	75.9	0.0	---	0.00	0.0	---	77.8	83.0	83.0	81.7	29.793	0.00	0.00	0	0.00	0	0.0	0.00	0.0	0.000	0.267	80.6	91	77.7	88.8	21.00	 .0708	0.000	699	1	100.0	30
30/04/19	23:00	77.4	77.8	77.4	94	75.5	0.0	---	0.00	0.0	---	77.4	82.1	82.1	80.8	29.780	0.00	0.00	0	0.00	0	0.0	0.00	0.0	0.000	0.258	80.4	91	77.5	88.3	21.02	 .0708	0.000	702	1	100.0	30
30/04/19	23:30	77.1	77.4	77.1	94	75.2	0.0	---	0.00	0.0	---	77.1	81.5	81.5	80.2	29.778	0.00	0.00	0	0.00	0	0.0	0.00	0.0	0.000	0.252	80.2	91	77.3	87.8	21.03	 .0708	0.000	698	1	100.0	30
01/05/19	00:00	76.9	77.1	76.9	94	75.0	0.0	---	0.00	0.0	---	76.9	81.1	81.1	79.8	29.763	0.00	0.00	0	0.00	0	0.0	0.00	0.0	0.000	0.248	80.1	91	77.2	87.6	21.04	 .0708	0.000	703	1	100.0	30
01/05/19	0:30	76.7	77.0	76.7	95	75.2	0.0	---	0.00	0.0	---	76.7	81.0	81.0	79.7	29.752	0.00	0.00	0	0.00	0	0.0	0.00	0.0	0.000	0.244	79.9	91	77.0	87.1	21.05	 .0708	0.000	699	1	100.0	30
01/05/19	1:00	76.5	76.8	76.5	95	75.0	0.0	---	0.00	0.0	---	76.5	80.6	80.6	79.2	29.742	0.00	0.00	0	0.00	0	0.0	0.00	0.0	0.000	0.240	79.8	91	76.9	86.8	21.05	 .0708	0.000	701	1	100.0	30
01/05/19	1:30	76.3	76.5	76.3	95	74.8	0.0	---	0.00	0.0	---	76.3	80.2	80.2	78.8	29.727	0.00	0.00	0	0.00	0	0.0	0.00	0.0	0.000	0.235	79.6	91	76.7	86.4	21.04	 .0708	0.000	698	1	100.0	30
01/05/19	2:00	76.2	76.4	76.1	95	74.7	0.0	---	0.00	0.0	---	76.2	80.1	80.1	78.7	29.715	0.00	0.00	0	0.00	0	0.0	0.00	0.0	0.000	0.233	79.2	91	76.3	85.4	21.03	 .0709	0.000	701	1	100.0	30
01/05/19	2:30	76.1	76.2	76.0	95	74.6	0.0	---	0.00	0.0	---	76.1	79.9	79.9	78.5	29.710	0.00	0.00	0	0.00	0	0.0	0.00	0.0	0.000	0.231	79.1	91	76.2	85.2	21.03	 .0709	0.000	699	1	100.0	30
01/05/19	3:00	76.0	76.2	76.0	95	74.5	0.0	---	0.00	0.0	---	76.0	79.7	79.7	78.3	29.720	0.00	0.00	0	0.00	0	0.0	0.00	0.0	0.000	0.229	79.1	91	76.2	85.2	21.03	 .0709	0.000	699	1	100.0	30
01/05/19	3:30	76.1	76.1	76.0	95	74.6	0.0	---	0.00	0.0	---	76.1	79.9	79.9	78.5	29.736	0.00	0.00	0	0.00	0	0.0	0.00	0.0	0.000	0.231	79.0	91	76.1	84.9	21.03	 .0710	0.000	701	1	100.0	30
01/05/19	4:00	76.1	76.2	76.0	95	74.6	0.0	---	0.00	0.0	---	76.1	79.9	79.9	78.5	29.742	0.00	0.00	0	0.00	0	0.0	0.00	0.0	0.000	0.231	79.0	91	76.1	84.9	21.03	 .0710	0.000	699	1	100.0	30
01/05/19	4:30	76.5	76.5	76.1	95	75.0	0.0	SE	0.00	1.0	SE	76.5	80.6	80.6	79.2	29.749	0.00	0.00	0	0.00	0	0.0	0.00	0.0	0.000	0.240	78.8	92	76.3	84.7	21.13	 .0710	0.000	699	1	100.0	30
01/05/19	5:00	77.2	77.2	76.5	95	75.7	0.0	---	0.00	0.0	---	77.2	81.9	81.9	80.6	29.747	0.04	0.22	0	0.00	0	0.0	0.00	0.0	0.000	0.254	78.9	94	77.0	85.4	21.35	 .0710	0.000	701	1	100.0	30
01/05/19	5:30	76.9	77.2	76.9	95	75.4	0.0	---	0.00	0.0	---	76.9	81.3	81.3	80.0	29.740	0.00	0.00	2	0.09	12	0.0	0.00	0.0	0.000	0.248	79.1	93	76.9	85.7	21.23	 .0709	0.000	700	1	100.0	30
01/05/19	6:00	77.2	77.2	76.7	95	75.7	0.0	---	0.00	0.0	---	77.2	81.9	81.9	81.4	29.755	0.00	0.00	35	1.51	58	0.0	0.00	0.0	0.000	0.254	79.1	93	76.9	85.7	21.23	 .0710	0.000	702	1	100.0	30
01/05/19	6:30	78.1	78.1	77.2	95	76.6	0.0	---	0.00	0.0	---	78.1	83.8	83.8	86.4	29.765	0.00	0.00	73	3.14	105	0.0	0.00	0.0	0.000	0.273	79.4	94	77.5	86.7	21.35	 .0709	0.000	700	1	100.0	30
01/05/19	7:00	78.8	78.9	78.1	95	77.2	0.0	---	0.00	0.0	---	78.8	85.4	85.4	88.4	29.779	0.00	0.00	93	4.00	107	0.3	0.06	0.6	0.000	0.288	79.9	95	78.3	88.2	21.65	 .0708	0.002	699	1	100.0	30
01/05/19	7:30	79.8	79.8	78.8	96	78.6	0.0	SE	0.00	1.0	SE	79.8	88.3	88.3	92.3	29.795	0.00	0.00	136	5.85	163	0.9	0.19	1.2	0.000	0.308	80.3	95	78.7	89.3	21.65	 .0708	0.000	701	1	100.0	30
01/05/19	8:00	81.1	81.5	79.8	95	79.5	0.0	---	0.00	0.0	---	81.1	91.6	91.6	97.5	29.798	0.00	0.00	220	9.46	299	1.7	0.36	2.3	0.000	0.335	81.0	96	79.8	91.6	21.75	 .0706	0.004	699	1	100.0	30
01/05/19	8:30	83.5	83.5	81.0	93	81.3	0.0	SE	0.00	1.0	SE	83.5	98.2	98.2	108.7	29.795	0.00	0.00	462	19.87	638	3.4	0.73	4.4	0.000	0.385	82.0	96	80.7	94.6	21.75	 .0704	0.000	700	1	100.0	30
01/05/19	9:00	85.6	85.6	83.5	88	81.6	1.0	SSW	0.50	4.0	SSE	85.6	102.9	102.9	114.6	29.802	0.00	0.00	584	25.12	824	5.1	1.09	6.7	0.000	0.429	83.4	92	80.8	97.4	21.22	 .0702	0.013	702	1	100.0	30
01/05/19	9:30	87.2	87.5	85.1	81	80.7	1.0	SSW	0.50	5.0	SSW	87.2	104.3	104.3	116.7	29.795	0.00	0.00	832	35.78	949	7.4	1.59	8.6	0.000	0.462	85.0	87	80.7	100.4	18.45	 .0700	0.000	696	1	100.0	30
01/05/19	10:00	87.8	87.8	85.8	79	80.5	2.0	S	1.00	6.0	W	87.8	105.0	105.0	117.9	29.793	0.00	0.00	788	33.89	949	8.1	1.74	10.1	0.000	0.475	85.7	84	80.3	101.1	17.22	 .0699	0.020	700	1	100.0	30
01/05/19	10:30	87.7	88.8	87.2	79	80.4	2.0	SSW	1.00	7.0	WSW	87.7	104.7	104.7	116.8	29.792	0.00	0.00	948	40.77	1016	10.8	2.31	11.6	0.000	0.473	87.3	81	80.8	104.6	16.06	 .0697	0.000	701	1	100.0	30
01/05/19	11:00	88.2	88.9	87.4	77	80.1	2.0	S	1.00	7.0	SSW	88.2	105.0	105.0	115.2	29.784	0.00	0.00	1012	43.52	1044	11.9	2.55	12.2	0.000	0.483	88.2	79	80.9	106.3	15.26	 .0695	0.025	700	1	100.0	30
01/05/19	11:30	88.7	88.7	86.7	79	81.3	2.0	SSW	1.00	7.0	W	88.7	107.9	107.9	117.7	29.778	0.00	0.00	1024	44.04	1039	12.5	2.68	12.7	0.000	0.494	88.6	78	80.9	106.9	14.86	 .0695	0.000	701	1	100.0	30
01/05/19	12:00	88.9	89.8	87.8	81	82.3	2.0	SSW	1.00	8.0	S	88.9	110.0	110.0	120.3	29.764	0.00	0.00	1027	44.17	1032	12.6	2.70	12.7	0.000	0.498	89.1	77	80.9	107.9	14.60	 .0694	0.027	700	1	100.0	30
01/05/19	12:30	88.4	89.9	88.1	81	81.8	2.0	WSW	1.00	7.0	SE	88.4	108.3	108.3	119.4	29.744	0.00	0.00	1014	43.61	1028	12.2	2.61	12.6	0.000	0.488	89.4	77	81.2	108.9	14.59	 .0693	0.000	702	1	100.0	30
01/05/19	13:00	88.4	89.0	87.7	80	81.4	2.0	SSW	1.00	8.0	S	88.4	107.6	107.6	119.3	29.728	0.00	0.00	975	41.93	995	11.3	2.42	11.7	0.000	0.488	89.9	77	81.7	110.6	14.56	 .0691	0.027	700	1	100.0	30
01/05/19	13:30	89.0	90.2	88.1	79	81.6	2.0	SW	1.00	7.0	W	89.0	108.9	108.9	121.1	29.716	0.00	0.00	925	39.78	951	10.0	2.14	10.7	0.000	0.500	90.2	76	81.6	110.9	14.25	 .0691	0.000	702	1	100.0	30
01/05/19	14:00	88.0	89.5	88.0	79	80.7	2.0	SW	1.00	8.0	W	88.0	105.6	105.6	118.7	29.703	0.00	0.00	886	38.10	935	8.5	1.82	9.3	0.000	0.479	90.6	74	81.2	110.7	13.74	 .0690	0.024	700	1	100.0	30
01/05/19	14:30	88.1	89.5	88.0	79	80.8	2.0	SSW	1.00	6.0	W	88.1	105.9	105.9	119.3	29.702	0.00	0.00	793	34.10	856	6.6	1.41	7.6	0.000	0.481	90.4	74	81.0	110.0	13.74	 .0691	0.000	700	1	100.0	30
01/05/19	15:00	87.5	88.4	87.0	79	80.2	2.0	SSW	1.00	6.0	SSW	87.5	104.0	104.0	116.9	29.692	0.00	0.00	649	27.91	701	4.6	0.99	5.1	0.000	0.469	90.1	73	80.3	108.4	13.45	 .0691	0.019	700	1	100.0	30
01/05/19	15:30	88.0	88.4	86.9	80	81.0	2.0	SSW	1.00	4.0	SSW	88.0	106.2	106.2	119.1	29.696	0.00	0.00	533	22.92	642	3.1	0.66	4.0	0.000	0.479	90.1	74	80.7	109.1	13.75	 .0691	0.000	702	1	100.0	30
01/05/19	16:00	87.2	88.0	86.0	80	80.3	1.0	SE	0.50	4.0	SSW	87.2	103.6	103.6	113.1	29.697	0.00	0.00	294	12.64	459	1.6	0.34	2.2	0.000	0.462	89.5	76	80.9	108.5	14.28	 .0692	0.011	699	1	100.0	30
01/05/19	16:30	85.5	87.2	85.5	84	80.1	1.0	SSE	0.50	4.0	SSE	85.5	100.5	100.5	104.4	29.701	0.00	0.00	101	4.34	188	0.8	0.17	1.2	0.000	0.427	88.4	78	80.7	106.3	14.88	 .0693	0.000	703	1	100.0	30
01/05/19	17:00	84.3	85.5	84.1	88	80.4	0.0	SE	0.00	3.0	ESE	84.3	98.6	98.6	98.8	29.713	0.00	0.00	51	2.19	65	0.0	0.00	0.5	0.000	0.402	87.1	81	80.6	103.9	16.07	 .0695	0.002	701	1	100.0	30
01/05/19	17:30	83.1	84.3	83.1	90	79.9	0.0	SSW	0.00	1.0	SSW	83.1	95.5	95.5	94.9	29.712	0.00	0.00	19	0.82	28	0.0	0.00	0.0	0.000	0.377	86.1	84	80.7	102.4	17.21	 .0696	0.000	702	1	100.0	30
01/05/19	18:00	82.2	83.2	82.2	91	79.3	0.0	---	0.00	0.0	---	82.2	93.3	93.3	92.3	29.725	0.00	0.00	1	0.04	7	0.0	0.00	0.0	0.000	0.358	85.2	85	80.2	100.0	17.64	 .0698	0.000	699	1	100.0	30
01/05/19	18:30	81.6	82.3	81.6	92	79.0	0.0	---	0.00	0.0	---	81.6	91.9	91.9	90.9	29.734	0.00	0.00	0	0.00	0	0.0	0.00	0.0	0.000	0.346	84.6	86	79.9	98.6	18.07	 .0700	0.000	702	1	100.0	30
01/05/19	19:00	81.1	81.6	81.1	92	78.6	0.0	---	0.00	0.0	---	81.1	90.5	90.5	89.4	29.742	0.00	0.00	0	0.00	0	0.0	0.00	0.0	0.000	0.335	84.2	87	79.9	97.8	18.50	 .0700	0.000	699	1	100.0	30
01/05/19	19:30	80.7	81.1	80.6	93	78.5	0.0	---	0.00	0.0	---	80.7	89.8	89.8	88.7	29.750	0.00	0.00	0	0.00	0	0.0	0.00	0.0	0.000	0.327	83.7	87	79.4	96.3	18.53	 .0702	0.000	700	1	100.0	30
01/05/19	20:00	80.2	80.6	80.2	93	78.0	0.0	---	0.00	0.0	---	80.2	88.4	88.4	87.3	29.757	0.00	0.00	0	0.00	0	0.0	0.00	0.0	0.000	0.317	83.4	88	79.5	95.8	19.01	 .0702	0.000	702	1	100.0	30
01/05/19	20:30	79.9	80.3	79.9	93	77.7	0.0	SSW	0.00	1.0	SSW	79.9	87.7	87.7	86.6	29.758	0.00	0.00	0	0.00	0	0.0	0.00	0.0	0.000	0.310	83.1	88	79.2	94.8	19.04	 .0703	0.000	698	1	100.0	30
01/05/19	21:00	79.6	80.0	79.6	94	77.7	0.0	---	0.00	0.0	---	79.6	87.2	87.2	86.1	29.767	0.00	0.00	0	0.00	0	0.0	0.00	0.0	0.000	0.304	82.8	89	79.2	94.3	19.67	 .0703	0.000	703	1	100.0	30
01/05/19	21:30	79.4	79.7	79.4	94	77.5	0.0	---	0.00	0.0	---	79.4	86.7	86.7	85.6	29.766	0.00	0.00	0	0.00	0	0.0	0.00	0.0	0.000	0.300	82.6	89	79.0	93.7	19.69	 .0704	0.000	698	1	100.0	30
01/05/19	22:00	79.4	79.5	79.3	94	77.5	0.0	---	0.00	0.0	---	79.4	86.7	86.7	85.6	29.769	0.00	0.00	0	0.00	0	0.0	0.00	0.0	0.000	0.300	82.5	89	78.9	93.4	19.70	 .0704	0.000	703	1	100.0	30
01/05/19	22:30	79.2	79.4	79.1	94	77.3	0.0	---	0.00	0.0	---	79.2	86.2	86.2	85.1	29.764	0.00	0.00	0	0.00	0	0.0	0.00	0.0	0.000	0.296	82.2	89	78.6	92.6	19.73	 .0704	0.000	701	1	100.0	30
01/05/19	23:00	78.9	79.2	78.9	94	77.0	0.0	---	0.00	0.0	---	78.9	85.4	85.4	84.3	29.761	0.00	0.00	0	0.00	0	0.0	0.00	0.0	0.000	0.290	82.0	90	78.8	92.3	20.29	 .0704	0.000	702	1	100.0	30
01/05/19	23:30	78.6	78.9	78.5	94	76.7	0.0	---	0.00	0.0	---	78.6	84.7	84.7	83.5	29.754	0.00	0.00	0	0.00	0	0.0	0.00	0.0	0.000	0.283	81.7	90	78.5	91.5	20.31	 .0705	0.000	701	1	100.0	30
02/05/19	00:00	78.3	78.6	78.3	94	76.4	0.0	---	0.00	0.0	---	78.3	84.1	84.1	82.9	29.747	0.00	0.00	0	0.00	0	0.0	0.00	0.0	0.000	0.277	81.5	90	78.3	90.9	20.33	 .0705	0.000	700	1	100.0	30
02/05/19	0:30	78.1	78.4	78.0	94	76.2	0.0	---	0.00	0.0	---	78.1	83.6	83.6	82.4	29.739	0.00	0.00	0	0.00	0	0.0	0.00	0.0	0.000	0.273	81.2	90	78.0	90.1	20.35	 .0706	0.000	700	1	100.0	30
02/05/19	1:00	77.7	78.1	77.7	94	75.8	0.0	---	0.00	0.0	---	77.7	82.8	82.8	81.5	29.730	0.00	0.00	0	0.00	0	0.0	0.00	0.0	0.000	0.265	81.0	90	77.8	89.5	20.37	 .0706	0.000	701	1	100.0	30
02/05/19	1:30	77.6	77.8	77.6	94	75.7	0.0	---	0.00	0.0	---	77.6	82.6	82.6	81.3	29.724	0.00	0.00	0	0.00	0	0.0	0.00	0.0	0.000	0.262	80.9	90	77.7	89.3	20.38	 .0706	0.000	697	1	100.0	30
02/05/19	2:00	77.5	77.6	77.4	94	75.6	0.0	---	0.00	0.0	---	77.5	82.3	82.3	81.0	29.724	0.00	0.00	0	0.00	0	0.0	0.00	0.0	0.000	0.260	80.8	90	77.6	89.0	20.39	 .0706	0.000	701	1	100.0	30
02/05/19	2:30	77.6	77.6	77.4	94	75.7	0.0	---	0.00	0.0	---	77.6	82.6	82.6	81.3	29.720	0.00	0.00	0	0.00	0	0.0	0.00	0.0	0.000	0.262	80.7	90	77.5	88.7	20.39	 .0706	0.000	701	1	100.0	30
02/05/19	3:00	77.8	77.9	77.6	94	75.9	0.0	---	0.00	0.0	---	77.8	83.0	83.0	81.7	29.725	0.00	0.00	0	0.00	0	0.0	0.00	0.0	0.000	0.267	80.7	91	77.8	89.1	20.99	 .0706	0.000	699	1	100.0	30
02/05/19	3:30	77.8	77.9	77.8	94	75.9	0.0	---	0.00	0.0	---	77.8	83.0	83.0	81.7	29.725	0.00	0.00	0	0.00	0	0.0	0.00	0.0	0.000	0.267	80.8	91	77.9	89.3	20.99	 .0706	0.000	701	1	100.0	30
02/05/19	4:00	77.7	77.8	77.7	95	76.2	0.0	---	0.00	0.0	---	77.7	83.0	83.0	81.8	29.738	0.00	0.00	0	0.00	0	0.0	0.00	0.0	0.000	0.265	80.5	91	77.6	88.6	21.01	 .0707	0.000	698	1	100.0	30
02/05/19	4:30	77.7	77.9	77.7	95	76.2	0.0	---	0.00	0.0	---	77.7	83.0	83.0	81.8	29.731	0.00	0.00	0	0.00	0	0.0	0.00	0.0	0.000	0.265	80.4	91	77.5	88.3	21.02	 .0707	0.000	700	1	100.0	30
02/05/19	5:00	77.9	77.9	77.7	95	76.4	0.0	---	0.00	0.0	---	77.9	83.4	83.4	82.2	29.741	0.00	0.00	0	0.00	0	0.0	0.00	0.0	0.000	0.269	80.4	91	77.5	88.3	21.02	 .0707	0.000	699	1	100.0	30
02/05/19	5:30	78.0	78.1	77.9	95	76.5	0.0	---	0.00	0.0	---	78.0	83.6	83.6	82.4	29.733	0.00	0.00	1	0.04	11	0.0	0.00	0.0	0.000	0.271	80.4	92	77.9	88.6	21.16	 .0707	0.000	702	1	100.0	30
02/05/19	6:00	78.3	78.3	78.0	95	76.7	0.0	---	0.00	0.0	---	78.3	84.3	84.3	83.7	29.752	0.00	0.00	24	1.03	30	0.0	0.00	0.0	0.000	0.277	80.5	92	78.0	88.9	21.16	 .0707	0.000	701	1	100.0	30
02/05/19	6:30	79.1	79.1	78.2	95	77.5	0.0	---	0.00	0.0	---	79.1	86.2	86.2	88.1	29.770	0.00	0.00	56	2.41	72	0.0	0.00	0.0	0.000	0.294	80.7	93	78.5	89.8	21.26	 .0707	0.000	701	1	100.0	30
02/05/19	7:00	80.2	80.3	79.0	95	78.6	0.0	---	0.00	0.0	---	80.2	89.1	89.1	92.1	29.781	0.00	0.00	92	3.96	139	0.3	0.06	0.8	0.000	0.317	81.2	93	79.0	91.2	21.27	 .0706	0.002	702	1	100.0	30
02/05/19	7:30	82.0	82.1	80.2	93	79.8	0.0	SSW	0.00	2.0	SSW	82.0	93.4	93.4	99.2	29.789	0.00	0.00	189	8.13	234	1.1	0.24	1.4	0.000	0.354	82.2	93	80.0	94.1	21.29	 .0704	0.000	700	1	100.0	30
02/05/19	8:00	83.2	83.5	82.0	91	80.3	1.0	ENE	0.50	3.0	NE	83.2	96.3	96.3	102.6	29.795	0.00	0.00	233	10.02	255	1.7	0.36	2.1	0.000	0.379	83.1	91	80.2	96.0	20.80	 .0703	0.005	700	1	100.0	30
02/05/19	8:30	85.3	85.3	83.1	87	81.0	0.0	ENE	0.00	2.0	ENE	85.3	101.4	101.4	108.9	29.799	0.00	0.00	310	13.33	343	2.6	0.56	3.0	0.000	0.423	83.9	90	80.6	98.1	20.14	 .0701	0.000	701	1	100.0	30
02/05/19	9:00	86.0	86.0	84.9	83	80.2	1.0	S	0.50	5.0	SSE	86.0	101.5	101.5	108.7	29.798	0.00	0.00	318	13.68	357	3.2	0.69	3.8	0.000	0.438	84.5	87	80.2	98.8	18.48	 .0701	0.008	702	1	100.0	30
02/05/19	9:30	86.8	86.9	85.7	82	80.6	1.0	SW	0.50	4.0	SE	86.8	103.6	103.6	112.9	29.805	0.00	0.00	446	19.18	503	4.7	1.01	5.3	0.000	0.454	85.4	86	80.7	101.2	18.03	 .0700	0.000	699	1	100.0	30
02/05/19	10:00	86.7	87.2	86.5	84	81.3	1.0	SSE	0.50	4.0	SSE	86.7	104.4	104.4	114.2	29.797	0.00	0.00	477	20.51	497	5.4	1.16	5.5	0.000	0.452	86.0	85	81.0	102.6	17.59	 .0698	0.012	700	1	100.0	30
02/05/19	10:30	87.1	87.2	86.3	82	80.9	1.0	SSE	0.50	7.0	SSE	87.1	104.5	104.5	113.5	29.798	0.00	0.00	430	18.49	504	5.4	1.16	6.2	0.000	0.460	86.2	83	80.4	102.2	16.80	 .0699	0.000	700	1	100.0	30
02/05/19	11:00	87.7	88.1	86.7	81	81.1	2.0	SE	1.00	6.0	ESE	87.7	105.9	105.9	117.3	29.784	0.00	0.00	577	24.81	635	7.2	1.54	7.6	0.000	0.473	86.9	81	80.4	103.3	16.07	 .0697	0.013	699	1	100.0	30
02/05/19	11:30	88.0	89.0	87.6	79	80.7	2.0	SSE	1.00	7.0	E	88.0	105.6	105.6	118.5	29.774	0.00	0.00	721	31.01	765	8.8	1.89	9.2	0.000	0.479	88.0	80	81.0	106.2	15.63	 .0695	0.000	700	1	100.0	30
02/05/19	12:00	89.0	89.0	87.8	80	82.0	2.0	SE	1.00	6.0	ESE	89.0	109.6	109.6	122.5	29.760	0.00	0.00	721	31.01	747	8.7	1.86	9.0	0.000	0.500	88.3	81	81.7	107.9	16.02	 .0694	0.020	697	1	100.0	30
02/05/19	12:30	88.5	89.6	88.5	77	80.4	2.0	SSE	1.00	8.0	SSE	88.5	106.0	106.0	118.5	29.741	0.00	0.00	692	29.76	779	8.4	1.80	9.1	0.000	0.490	88.9	77	80.7	107.2	14.62	 .0694	0.000	700	1	100.0	30
02/05/19	13:00	88.2	89.1	88.2	81	81.6	2.0	ESE	1.00	7.0	S	88.2	107.6	107.6	119.6	29.730	0.00	0.00	642	27.61	765	7.5	1.61	8.3	0.000	0.483	89.0	79	81.6	108.9	15.21	 .0692	0.018	700	1	100.0	30
02/05/19	13:30	87.8	88.3	87.1	78	80.1	2.0	ESE	1.00	8.0	SSE	87.8	104.4	104.4	115.0	29.715	0.00	0.00	532	22.88	577	6.0	1.29	6.6	0.000	0.475	88.6	77	80.5	106.3	14.63	 .0694	0.000	701	1	100.0	30
02/05/19	14:00	87.2	87.8	86.7	83	81.4	2.0	SE	1.00	9.0	SSE	87.2	105.5	105.5	113.5	29.712	0.00	0.00	361	15.53	445	4.2	0.90	5.2	0.000	0.462	88.1	79	80.8	105.9	15.26	 .0694	0.012	701	1	100.0	30
02/05/19	14:30	88.5	88.6	87.2	79	81.1	3.0	SE	1.50	11.0	SSE	88.5	107.3	107.3	118.7	29.705	0.00	0.00	533	22.92	691	4.9	1.05	6.8	0.000	0.490	88.7	78	81.0	107.3	14.85	 .0693	0.000	698	1	100.0	30
02/05/19	15:00	86.4	88.5	86.4	82	80.2	2.0	SE	1.00	8.0	SE	86.4	102.3	102.3	110.3	29.702	0.00	0.00	308	13.25	550	2.8	0.60	4.1	0.000	0.446	88.0	78	80.3	105.0	14.91	 .0694	0.012	700	1	100.0	30
02/05/19	15:30	86.8	86.8	86.3	82	80.6	2.0	SE	1.00	11.0	SE	86.8	103.6	103.6	112.0	29.703	0.00	0.00	287	12.34	315	2.0	0.43	2.3	0.000	0.454	87.5	79	80.2	104.0	15.30	 .0695	0.000	702	1	100.0	30
02/05/19	16:00	86.2	87.2	86.2	82	80.1	2.0	SE	1.00	7.0	SE	86.2	101.6	101.6	109.9	29.708	0.00	0.00	250	10.75	311	1.3	0.28	1.6	0.000	0.442	87.6	80	80.7	104.9	15.65	 .0694	0.008	700	1	100.0	30
02/05/19	16:30	85.9	86.7	85.9	85	80.9	1.0	E	0.50	6.0	NNE	85.9	102.3	102.3	108.1	29.713	0.00	0.00	150	6.45	185	0.7	0.15	1.0	0.000	0.435	87.1	80	80.2	103.3	15.67	 .0696	0.000	700	1	100.0	30
02/05/19	17:00	85.0	85.9	85.0	88	81.0	1.0	ENE	0.50	6.0	ESE	85.0	100.8	100.8	101.7	29.712	0.00	0.00	85	3.66	123	0.1	0.02	0.5	0.000	0.417	86.6	82	80.4	102.9	16.49	 .0696	0.003	700	1	100.0	30
02/05/19	17:30	83.5	85.0	83.5	90	80.3	1.0	SE	0.50	3.0	SE	83.5	96.8	96.8	96.4	29.722	0.00	0.00	30	1.29	54	0.0	0.00	0.0	0.000	0.385	85.7	85	80.7	101.6	17.61	 .0697	0.000	700	1	100.0	30
02/05/19	18:00	82.4	83.5	82.4	91	79.5	0.0	SE	0.00	2.0	SE	82.4	93.9	93.9	92.8	29.723	0.00	0.00	2	0.09	9	0.0	0.00	0.0	0.000	0.363	84.9	86	80.2	99.6	18.06	 .0699	0.001	700	1	100.0	30
02/05/19	18:30	81.5	82.4	81.5	92	78.9	0.0	SE	0.00	1.0	SE	81.5	91.6	91.6	90.4	29.730	0.00	0.00	0	0.00	0	0.0	0.00	0.0	0.000	0.344	84.3	87	80.0	98.1	18.49	 .0700	0.000	701	1	100.0	30
02/05/19	19:00	81.1	81.5	81.1	92	78.6	0.0	---	0.00	0.0	---	81.1	90.5	90.5	89.3	29.740	0.00	0.00	0	0.00	0	0.0	0.00	0.0	0.000	0.335	83.9	88	80.0	97.3	18.96	 .0701	0.000	700	1	100.0	30
02/05/19	19:30	80.7	81.1	80.6	93	78.5	0.0	---	0.00	0.0	---	80.7	89.8	89.8	88.6	29.742	0.00	0.00	0	0.00	0	0.0	0.00	0.0	0.000	0.327	83.6	88	79.7	96.4	18.99	 .0701	0.000	701	1	100.0	30
02/05/19	20:00	80.2	80.7	80.2	93	78.0	0.0	---	0.00	0.0	---	80.2	88.4	88.4	87.2	29.748	0.00	0.00	0	0.00	0	0.0	0.00	0.0	0.000	0.317	83.2	88	79.3	95.1	19.03	 .0702	0.000	702	1	100.0	30
02/05/19	20:30	79.8	80.3	79.8	93	77.6	0.0	SE	0.00	1.0	SE	79.8	87.4	87.4	86.2	29.756	0.00	0.00	0	0.00	0	0.0	0.00	0.0	0.000	0.308	82.9	89	79.3	94.6	19.66	 .0703	0.000	702	1	100.0	30
02/05/19	21:00	79.3	79.8	79.3	93	77.1	0.0	---	0.00	0.0	---	79.3	86.2	86.2	85.0	29.767	0.00	0.00	0	0.00	0	0.0	0.00	0.0	0.000	0.298	82.6	89	79.0	93.7	19.69	 .0704	0.000	703	1	100.0	30
02/05/19	21:30	79.1	79.4	79.1	93	76.9	0.0	---	0.00	0.0	---	79.1	85.7	85.7	84.4	29.772	0.00	0.00	0	0.00	0	0.0	0.00	0.0	0.000	0.294	82.3	89	78.7	92.9	19.72	 .0704	0.000	701	1	100.0	30
02/05/19	22:00	78.7	79.1	78.7	94	76.8	0.0	---	0.00	0.0	---	78.7	85.0	85.0	83.7	29.781	0.00	0.00	0	0.00	0	0.0	0.00	0.0	0.000	0.285	82.0	89	78.4	92.0	19.75	 .0705	0.000	700	1	100.0	30
02/05/19	22:30	78.9	78.9	78.7	94	77.0	0.0	---	0.00	0.0	---	78.9	85.4	85.4	84.2	29.786	0.00	0.00	0	0.00	0	0.0	0.00	0.0	0.000	0.290	82.0	89	78.4	92.0	19.75	 .0705	0.000	701	1	100.0	30
02/05/19	23:00	78.7	78.9	78.7	94	76.8	0.0	---	0.00	0.0	---	78.7	85.0	85.0	83.7	29.778	0.00	0.00	0	0.00	0	0.0	0.00	0.0	0.000	0.285	81.8	89	78.2	91.5	19.77	 .0706	0.000	702	1	100.0	30
02/05/19	23:30	78.8	78.9	78.7	94	76.9	0.0	---	0.00	0.0	---	78.8	85.2	85.2	83.9	29.764	0.00	0.00	0	0.00	0	0.0	0.00	0.0	0.000	0.288	81.8	90	78.6	91.7	20.31	 .0705	0.000	699	1	100.0	30
03/05/19	00:00	78.5	78.8	78.5	94	76.6	0.0	---	0.00	0.0	---	78.5	84.5	84.5	83.2	29.746	0.00	0.00	0	0.00	0	0.0	0.00	0.0	0.000	0.281	81.6	90	78.4	91.2	20.32	 .0705	0.000	701	1	100.0	30
03/05/19	0:30	78.3	78.5	78.2	94	76.4	0.0	---	0.00	0.0	---	78.3	84.1	84.1	82.8	29.732	0.00	0.00	0	0.00	0	0.0	0.00	0.0	0.000	0.277	81.3	90	78.1	90.3	20.35	 .0705	0.000	700	1	100.0	30
03/05/19	1:00	77.9	78.3	77.9	94	76.0	0.0	---	0.00	0.0	---	77.9	83.2	83.2	81.9	29.729	0.00	0.00	0	0.00	0	0.0	0.00	0.0	0.000	0.269	81.2	90	78.0	90.1	20.35	 .0705	0.000	700	1	100.0	30
03/05/19	1:30	77.6	78.0	77.6	94	75.7	0.0	---	0.00	0.0	---	77.6	82.6	82.6	81.2	29.728	0.00	0.00	0	0.00	0	0.0	0.00	0.0	0.000	0.262	80.9	90	77.7	89.3	20.38	 .0706	0.000	703	1	100.0	30
03/05/19	2:00	77.4	77.7	77.4	94	75.5	0.0	---	0.00	0.0	---	77.4	82.1	82.1	80.7	29.722	0.00	0.00	0	0.00	0	0.0	0.00	0.0	0.000	0.258	80.7	90	77.5	88.7	20.39	 .0706	0.000	696	1	100.0	30
03/05/19	2:30	77.4	77.5	77.3	94	75.5	0.0	---	0.00	0.0	---	77.4	82.1	82.1	80.7	29.708	0.00	0.00	0	0.00	0	0.0	0.00	0.0	0.000	0.258	80.4	90	77.2	88.0	20.42	 .0707	0.000	701	1	100.0	30
03/05/19	3:00	77.5	77.6	77.4	94	75.6	0.0	---	0.00	0.0	---	77.5	82.3	82.3	80.9	29.697	0.00	0.00	0	0.00	0	0.0	0.00	0.0	0.000	0.260	80.5	91	77.6	88.6	21.01	 .0706	0.000	700	1	100.0	30
03/05/19	3:30	77.2	77.6	77.2	94	75.3	0.0	---	0.00	0.0	---	77.2	81.7	81.7	80.3	29.694	0.00	0.00	0	0.00	0	0.0	0.00	0.0	0.000	0.254	80.4	90	77.2	88.0	20.42	 .0706	0.000	702	1	100.0	30
03/05/19	4:00	77.0	77.3	76.9	94	75.1	0.0	---	0.00	0.0	---	77.0	81.3	81.3	79.9	29.702	0.00	0.00	0	0.00	0	0.0	0.00	0.0	0.000	0.250	80.2	90	77.0	87.5	20.43	 .0707	0.000	700	1	100.0	30
03/05/19	4:30	77.2	77.2	76.8	94	75.3	0.0	---	0.00	0.0	---	77.2	81.7	81.7	80.3	29.715	0.00	0.00	0	0.00	0	0.0	0.00	0.0	0.000	0.254	80.0	91	77.1	87.3	21.05	 .0707	0.000	702	1	100.0	30
03/05/19	5:00	77.4	77.5	77.2	95	75.9	0.0	---	0.00	0.0	---	77.4	82.3	82.3	80.9	29.714	0.00	0.00	0	0.00	0	0.0	0.00	0.0	0.000	0.258	80.0	91	77.1	87.3	21.05	 .0707	0.000	700	1	100.0	30
03/05/19	5:30	77.2	77.5	77.2	94	75.3	0.0	---	0.00	0.0	---	77.2	81.7	81.7	80.4	29.718	0.00	0.00	2	0.09	11	0.0	0.00	0.0	0.000	0.254	79.9	91	77.0	87.1	21.05	 .0708	0.000	701	1	100.0	30
03/05/19	6:00	77.5	77.6	77.2	95	76.0	0.0	---	0.00	0.0	---	77.5	82.6	82.6	81.8	29.727	0.00	0.00	25	1.08	42	0.0	0.00	0.0	0.000	0.260	80.0	92	77.5	87.6	21.15	 .0707	0.000	699	1	100.0	30
03/05/19	6:30	78.6	78.7	77.5	95	77.0	0.0	SE	0.00	1.0	SE	78.6	85.0	85.0	87.9	29.734	0.00	0.00	78	3.35	113	0.0	0.00	0.0	0.000	0.283	80.4	92	77.9	88.6	21.16	 .0707	0.000	701	1	100.0	30
03/05/19	7:00	79.5	79.5	78.5	95	77.9	0.0	SE	0.00	1.0	SE	79.5	87.2	87.2	90.9	29.747	0.00	0.00	110	4.73	114	0.4	0.09	0.6	0.000	0.302	81.0	93	78.8	90.6	21.27	 .0705	0.002	699	1	100.0	30
03/05/19	7:30	81.2	81.2	79.6	94	79.3	0.0	---	0.00	0.0	---	81.2	91.5	91.5	95.9	29.746	0.00	0.00	146	6.28	188	1.0	0.21	1.2	0.000	0.337	81.6	93	79.4	92.3	21.28	 .0704	0.000	698	1	100.0	30
03/05/19	8:00	82.6	82.6	81.2	93	80.4	0.0	SE	0.00	1.0	SE	82.6	95.3	95.3	100.8	29.760	0.00	0.00	201	8.64	427	1.7	0.36	3.0	0.000	0.367	82.3	93	80.1	94.4	21.30	 .0703	0.004	701	1	100.0	30
03/05/19	8:30	86.9	86.9	82.7	82	80.7	1.0	S	0.50	4.0	SSE	86.9	103.9	103.9	114.4	29.760	0.00	0.00	465	20.00	520	3.5	0.75	3.8	0.000	0.456	83.8	90	80.6	97.8	20.15	 .0701	0.000	701	1	100.0	30
03/05/19	9:00	85.7	87.0	85.7	85	80.7	1.0	SSE	0.50	5.0	SSE	85.7	101.6	101.6	109.2	29.768	0.00	0.00	336	14.45	413	3.2	0.69	3.6	0.000	0.431	84.8	89	81.2	100.7	19.47	 .0699	0.011	702	1	100.0	30
03/05/19	9:30	85.8	85.9	85.4	88	81.8	1.0	S	0.50	3.0	SE	85.8	103.5	103.5	110.2	29.769	0.00	0.00	304	13.07	313	3.4	0.73	3.6	0.000	0.433	85.0	88	81.0	100.8	18.85	 .0699	0.000	701	1	100.0	30
03/05/19	10:00	85.3	85.9	85.0	89	81.7	1.0	SE	0.50	3.0	SE	85.3	102.4	102.4	107.9	29.785	0.00	0.00	247	10.62	276	3.3	0.71	4.0	0.000	0.423	85.0	89	81.4	101.3	19.45	 .0699	0.007	702	1	100.0	30
03/05/19	10:30	86.4	86.4	85.0	86	81.7	0.0	ESE	0.00	3.0	SSE	86.4	104.5	104.5	112.2	29.791	0.00	0.00	353	15.18	606	5.1	1.09	6.4	0.000	0.446	85.5	88	81.5	102.5	18.82	 .0698	0.000	702	1	100.0	30
03/05/19	11:00	89.1	89.2	86.4	83	83.3	1.0	SSW	0.50	6.0	SSW	89.1	112.2	112.2	125.0	29.776	0.00	0.00	701	30.15	1051	8.5	1.82	11.4	0.000	0.502	86.8	85	81.7	105.3	17.54	 .0696	0.014	702	1	100.0	30
03/05/19	11:30	88.7	91.3	88.3	81	82.1	2.0	SSW	1.00	8.0	SSE	88.7	109.3	109.3	119.3	29.768	0.00	0.00	1035	44.51	1262	11.4	2.44	13.4	0.000	0.494	88.7	82	82.5	110.0	16.40	 .0693	0.000	702	1	100.0	30
03/05/19	12:00	86.5	88.7	86.5	85	81.4	2.0	S	1.00	5.0	SSW	86.5	104.3	104.3	113.8	29.761	0.00	0.00	443	19.05	608	5.8	1.24	7.7	0.000	0.448	88.1	82	81.9	107.9	16.43	 .0694	0.020	702	1	100.0	30
03/05/19	12:30	85.2	86.5	85.1	88	81.2	0.0	SSW	0.00	3.0	SW	85.2	101.5	101.5	106.1	29.740	0.00	0.00	214	9.20	276	2.8	0.60	3.6	0.000	0.421	86.8	84	81.4	104.7	17.18	 .0696	0.000	703	1	100.0	30
03/05/19	13:00	85.5	86.2	85.2	86	80.8	1.0	SW	0.50	6.0	SSE	85.5	101.5	101.5	107.5	29.747	0.00	0.00	273	11.74	304	3.4	0.73	3.7	0.000	0.427	86.5	85	81.4	104.3	17.56	 .0696	0.006	699	1	100.0	30
03/05/19	13:30	84.4	85.5	84.3	89	80.8	0.0	S	0.00	2.0	S	84.4	99.3	99.3	102.3	29.742	0.00	0.00	150	6.45	244	1.9	0.41	3.0	0.000	0.404	85.9	86	81.2	102.8	18.00	 .0697	0.000	698	1	100.0	30
03/05/19	14:00	82.6	84.4	82.6	82	76.5	1.0	SW	0.50	5.0	S	82.6	91.5	91.5	91.9	29.752	0.00	0.00	47	2.02	79	0.4	0.09	1.0	0.000	0.367	84.9	81	78.4	97.3	16.15	 .0701	0.003	698	1	100.0	30
03/05/19	14:30	77.5	82.6	77.5	90	74.3	2.0	NE	1.00	9.0	NE	77.5	81.6	81.6	82.0	29.727	0.00	0.00	48	2.06	83	0.3	0.06	0.9	0.000	0.260	81.9	82	75.9	89.8	16.61	 .0706	0.000	703	1	100.0	30
03/05/19	15:00	78.9	78.9	77.5	90	75.7	0.0	ESE	0.00	2.0	NNE	78.9	84.5	84.5	87.2	29.697	0.00	0.00	117	5.03	139	1.1	0.24	1.2	0.000	0.290	81.4	85	76.5	89.4	17.87	 .0705	0.002	700	1	100.0	30
03/05/19	15:30	78.9	79.1	78.8	91	76.0	0.0	N	0.00	1.0	N	78.9	84.7	84.7	87.5	29.727	0.00	0.00	107	4.60	135	0.9	0.19	1.2	0.000	0.290	81.6	86	77.0	90.2	18.25	 .0706	0.000	703	1	100.0	30
03/05/19	16:00	78.6	78.9	78.5	91	75.8	0.0	N	0.00	1.0	N	78.6	84.1	84.1	85.7	29.745	0.00	0.00	61	2.62	83	0.2	0.04	0.6	0.000	0.283	81.4	87	77.2	89.9	18.67	 .0706	0.002	698	1	100.0	30
03/05/19	16:30	78.3	78.6	78.1	92	75.8	0.0	N	0.00	1.0	N	78.3	83.6	83.6	84.0	29.764	0.00	0.00	26	1.12	44	0.0	0.00	0.0	0.000	0.277	81.2	87	77.0	89.4	18.68	 .0707	0.000	701	1	100.0	30
03/05/19	17:00	78.2	78.3	78.1	92	75.7	0.0	N	0.00	2.0	N	78.2	83.4	83.4	82.5	29.768	0.00	0.00	10	0.43	14	0.0	0.00	0.0	0.000	0.275	81.0	88	77.1	89.1	19.25	 .0707	0.001	699	1	100.0	30
03/05/19	17:30	77.7	78.2	77.7	92	75.2	0.0	N	0.00	1.0	N	77.7	82.3	82.3	81.3	29.778	0.01	0.00	3	0.13	5	0.0	0.00	0.0	0.000	0.265	80.6	88	76.7	88.1	19.29	 .0708	0.000	700	1	100.0	30
03/05/19	18:00	77.7	77.7	77.6	93	75.5	0.0	N	0.00	1.0	N	77.7	82.6	82.6	81.5	29.790	0.00	0.00	0	0.00	0	0.0	0.00	0.0	0.000	0.265	80.5	89	77.0	88.1	19.90	 .0709	0.000	701	1	100.0	30
03/05/19	18:30	77.8	77.9	77.6	93	75.6	0.0	---	0.00	0.0	---	77.8	82.8	82.8	81.7	29.813	0.01	0.04	0	0.00	0	0.0	0.00	0.0	0.000	0.267	80.7	90	77.5	88.7	20.39	 .0708	0.000	701	1	100.0	30
03/05/19	19:00	77.7	77.9	77.6	94	75.8	0.0	N	0.00	1.0	N	77.7	82.8	82.8	81.7	29.806	0.09	0.58	0	0.00	0	0.0	0.00	0.0	0.000	0.265	80.4	90	77.2	88.0	20.42	 .0709	0.000	701	1	100.0	30
03/05/19	19:30	78.0	78.0	77.7	94	76.1	0.0	N	0.00	2.0	N	78.0	83.4	83.4	82.3	29.793	0.01	0.07	0	0.00	0	0.0	0.00	0.0	0.000	0.271	80.1	92	77.6	87.9	21.15	 .0709	0.000	699	1	100.0	30
03/05/19	20:00	78.0	78.0	77.9	94	76.1	0.0	N	0.00	1.0	N	78.0	83.4	83.4	82.3	29.802	0.01	0.00	0	0.00	0	0.0	0.00	0.0	0.000	0.271	80.3	92	77.8	88.4	21.16	 .0709	0.000	701	1	100.0	30
03/05/19	20:30	78.1	78.1	78.0	94	76.2	0.0	N	0.00	2.0	N	78.1	83.6	83.6	82.5	29.801	0.00	0.00	0	0.00	0	0.0	0.00	0.0	0.000	0.273	80.1	92	77.6	87.9	21.15	 .0709	0.000	700	1	100.0	30
03/05/19	21:00	78.3	78.3	78.1	94	76.4	0.0	ENE	0.00	3.0	ENE	78.3	84.1	84.1	83.0	29.802	0.01	0.00	0	0.00	0	0.0	0.00	0.0	0.000	0.277	80.2	93	78.0	88.4	21.25	 .0708	0.000	703	1	100.0	30
03/05/19	21:30	78.6	78.6	78.2	94	76.7	0.0	ENE	0.00	1.0	ENE	78.6	84.7	84.7	83.6	29.798	0.00	0.00	0	0.00	0	0.0	0.00	0.0	0.000	0.283	80.2	93	78.0	88.4	21.25	 .0708	0.000	701	1	100.0	30
03/05/19	22:00	78.5	78.6	78.4	94	76.6	0.0	ENE	0.00	4.0	NW	78.5	84.5	84.5	83.4	29.795	0.00	0.00	0	0.00	0	0.0	0.00	0.0	0.000	0.281	80.2	93	78.0	88.4	21.25	 .0708	0.000	701	1	100.0	30
03/05/19	22:30	78.6	78.6	78.5	94	76.7	1.0	NNW	0.50	4.0	NNE	78.6	84.7	84.7	83.6	29.777	0.00	0.00	0	0.00	0	0.0	0.00	0.0	0.000	0.283	80.3	93	78.1	88.7	21.26	 .0708	0.000	697	1	100.0	30
03/05/19	23:00	78.5	78.6	78.5	94	76.6	2.0	SSW	1.00	5.0	NE	78.5	84.5	84.5	83.4	29.759	0.00	0.00	0	0.00	0	0.0	0.00	0.0	0.000	0.281	80.3	93	78.1	88.7	21.26	 .0707	0.000	699	1	100.0	30
03/05/19	23:30	78.5	78.6	78.5	94	76.6	0.0	SSW	0.00	1.0	SSW	78.5	84.5	84.5	83.4	29.753	0.00	0.00	0	0.00	0	0.0	0.00	0.0	0.000	0.281	80.2	93	78.0	88.4	21.25	 .0707	0.000	702	1	100.0	30
04/05/19	00:00	78.4	78.5	78.3	94	76.5	0.0	---	0.00	0.0	---	78.4	84.3	84.3	83.2	29.755	0.00	0.00	0	0.00	0	0.0	0.00	0.0	0.000	0.279	80.0	93	77.8	87.9	21.25	 .0708	0.000	700	1	100.0	30
04/05/19	0:30	78.3	78.4	78.2	94	76.4	0.0	SSW	0.00	1.0	SSW	78.3	84.1	84.1	83.0	29.760	0.00	0.00	0	0.00	0	0.0	0.00	0.0	0.000	0.277	80.0	93	77.8	87.9	21.25	 .0708	0.000	699	1	100.0	30
04/05/19	1:00	78.2	78.3	78.2	94	76.3	0.0	SSW	0.00	1.0	SSW	78.2	83.8	83.8	82.7	29.751	0.00	0.00	0	0.00	0	0.0	0.00	0.0	0.000	0.275	79.9	93	77.7	87.7	21.25	 .0708	0.000	699	1	100.0	30
04/05/19	1:30	78.1	78.2	78.1	94	76.2	0.0	SSW	0.00	1.0	SSW	78.1	83.6	83.6	82.5	29.746	0.01	0.00	0	0.00	0	0.0	0.00	0.0	0.000	0.273	79.8	94	77.9	87.7	21.35	 .0708	0.000	701	1	100.0	30
04/05/19	2:00	78.0	78.1	78.0	94	76.1	0.0	---	0.00	0.0	---	78.0	83.4	83.4	82.3	29.730	0.00	0.00	0	0.00	0	0.0	0.00	0.0	0.000	0.271	79.6	94	77.7	87.2	21.35	 .0708	0.000	700	1	100.0	30
04/05/19	2:30	77.9	78.0	77.8	94	76.0	0.0	N	0.00	3.0	N	77.9	83.2	83.2	82.1	29.712	0.00	0.00	0	0.00	0	0.0	0.00	0.0	0.000	0.269	79.4	94	77.5	86.7	21.35	 .0708	0.000	702	1	100.0	30
04/05/19	3:00	77.7	78.0	77.7	94	75.8	0.0	N	0.00	1.0	N	77.7	82.8	82.8	81.7	29.713	0.00	0.00	0	0.00	0	0.0	0.00	0.0	0.000	0.265	79.6	94	77.7	87.2	21.35	 .0707	0.000	699	1	100.0	30
04/05/19	3:30	77.6	77.8	77.6	94	75.7	0.0	---	0.00	0.0	---	77.6	82.6	82.6	81.5	29.717	0.00	0.00	0	0.00	0	0.0	0.00	0.0	0.000	0.262	79.5	93	77.3	86.7	21.24	 .0708	0.000	701	1	100.0	30
04/05/19	4:00	77.4	77.6	77.4	94	75.5	0.0	N	0.00	1.0	N	77.4	82.1	82.1	81.0	29.717	0.00	0.00	0	0.00	0	0.0	0.00	0.0	0.000	0.258	79.2	93	77.0	85.9	21.23	 .0708	0.000	701	1	100.0	30
04/05/19	4:30	77.3	77.4	77.2	94	75.4	0.0	N	0.00	1.0	N	77.3	81.9	81.9	80.8	29.713	0.00	0.00	0	0.00	0	0.0	0.00	0.0	0.000	0.256	79.2	93	77.0	85.9	21.23	 .0708	0.000	701	1	100.0	30
04/05/19	5:00	77.2	77.3	77.1	94	75.3	0.0	---	0.00	0.0	---	77.2	81.7	81.7	80.6	29.720	0.00	0.00	0	0.00	0	0.0	0.00	0.0	0.000	0.254	79.1	94	77.2	85.9	21.35	 .0708	0.000	702	1	100.0	30
04/05/19	5:30	77.1	77.3	77.1	94	75.2	0.0	---	0.00	0.0	---	77.1	81.5	81.5	80.4	29.720	0.00	0.00	1	0.04	9	0.0	0.00	0.0	0.000	0.252	79.0	93	76.8	85.4	21.23	 .0709	0.000	702	1	100.0	30
04/05/19	6:00	77.2	77.3	77.0	94	75.3	0.0	---	0.00	0.0	---	77.2	81.7	81.7	81.2	29.724	0.00	0.00	27	1.16	46	0.0	0.00	0.0	0.000	0.254	79.1	94	77.2	85.9	21.35	 .0709	0.000	699	1	100.0	30
04/05/19	6:30	77.6	77.6	77.2	94	75.7	0.0	---	0.00	0.0	---	77.6	82.6	82.6	85.0	29.729	0.00	0.00	69	2.97	81	0.0	0.00	0.0	0.000	0.262	79.2	94	77.3	86.2	21.35	 .0709	0.000	701	1	100.0	30
04/05/19	7:00	78.4	78.4	77.6	94	76.5	0.0	---	0.00	0.0	---	78.4	84.3	84.3	87.3	29.741	0.00	0.00	92	3.96	97	0.6	0.13	0.9	0.000	0.279	79.6	94	77.7	87.2	21.35	 .0708	0.002	702	1	100.0	30
04/05/19	7:30	79.6	79.6	78.3	95	78.0	0.0	---	0.00	0.0	---	79.6	87.5	87.5	90.9	29.753	0.00	0.00	116	4.99	190	1.3	0.28	1.7	0.000	0.304	80.1	95	78.5	88.8	21.65	 .0707	0.000	701	1	100.0	30
04/05/19	8:00	82.2	82.3	79.6	92	79.6	1.0	N	0.50	3.0	N	82.2	93.7	93.7	102.8	29.758	0.00	0.00	349	15.01	420	2.6	0.56	3.3	0.000	0.358	80.9	95	79.3	91.0	21.65	 .0705	0.006	702	1	100.0	30
04/05/19	8:30	83.8	83.8	82.1	91	80.9	0.0	N	0.00	2.0	W	83.8	98.2	98.2	109.3	29.757	0.00	0.00	502	21.59	548	4.2	0.90	5.0	0.000	0.392	81.7	95	80.1	93.3	21.65	 .0704	0.000	699	1	100.0	30
04/05/19	9:00	86.5	86.5	83.8	81	80.0	1.0	SSW	0.50	5.0	S	86.5	102.0	102.0	114.1	29.759	0.00	0.00	630	27.09	793	6.0	1.29	6.8	0.000	0.448	83.3	91	80.4	96.6	20.79	 .0701	0.015	700	1	100.0	30
04/05/19	9:30	88.8	89.1	86.5	81	82.2	2.0	SSW	1.00	5.0	S	88.8	109.6	109.6	121.3	29.769	0.00	0.00	864	37.16	951	7.8	1.67	9.0	0.000	0.496	85.0	86	80.3	99.9	18.05	 .0700	0.000	700	1	100.0	30
04/05/19	10:00	88.7	88.8	87.5	80	81.7	2.0	SSW	1.00	10.0	WSW	88.7	108.6	108.6	120.0	29.776	0.00	0.00	921	39.61	1092	9.3	1.99	10.4	0.000	0.494	86.4	83	80.6	102.8	16.79	 .0698	0.024	702	1	100.0	30
04/05/19	10:30	87.4	88.8	85.6	80	80.5	3.0	SSW	1.50	14.0	SW	87.4	104.3	104.3	115.7	29.775	0.00	0.00	588	25.29	1113	7.7	1.65	11.9	0.000	0.467	86.3	83	80.5	102.5	16.80	 .0698	0.000	702	1	100.0	30
04/05/19	11:00	86.3	89.3	85.9	85	81.3	2.0	SE	1.00	9.0	WSW	86.3	103.6	103.6	115.9	29.779	0.00	0.00	654	28.13	1185	9.1	1.95	13.0	0.000	0.444	87.0	83	81.2	104.8	16.77	 .0697	0.018	702	1	100.0	30
04/05/19	11:30	87.6	87.6	85.0	84	82.2	1.0	SW	0.50	5.0	S	87.6	107.5	107.5	117.2	29.772	0.00	0.00	446	19.18	983	7.0	1.50	11.6	0.000	0.471	86.3	85	81.3	103.6	17.57	 .0697	0.000	701	1	100.0	30
04/05/19	12:00	88.2	89.9	87.5	83	82.4	2.0	SSW	1.00	8.0	SW	88.2	108.9	108.9	120.6	29.765	0.00	0.00	1166	50.14	1311	12.1	2.59	14.0	0.000	0.483	88.2	82	82.0	108.2	16.42	 .0694	0.020	698	1	100.0	30
04/05/19	12:30	89.5	89.7	87.4	77	81.3	2.0	SSW	1.00	8.0	WSW	89.5	109.2	109.2	122.4	29.755	0.00	0.00	855	36.77	1297	10.4	2.23	13.4	0.000	0.510	88.7	80	81.7	108.6	15.60	 .0693	0.000	702	1	100.0	30
04/05/19	13:00	89.1	89.7	88.3	79	81.7	3.0	SSW	1.50	7.0	SE	89.1	109.3	109.3	122.0	29.735	0.00	0.00	1058	45.50	1172	11.6	2.49	12.3	0.000	0.502	89.7	77	81.5	109.9	14.57	 .0692	0.024	700	1	100.0	30
04/05/19	13:30	88.2	89.3	87.0	79	80.9	2.0	SSW	1.00	7.0	S	88.2	106.3	106.3	118.8	29.723	0.00	0.00	702	30.19	1150	8.5	1.82	11.0	0.000	0.483	89.4	76	80.8	108.2	14.29	 .0692	0.000	701	1	100.0	30
04/05/19	14:00	88.9	89.2	87.9	80	81.9	2.0	SSW	1.00	7.0	SSE	88.9	109.3	109.3	122.1	29.709	0.00	0.00	870	37.41	970	8.0	1.71	9.4	0.000	0.498	89.6	77	81.4	109.6	14.57	 .0691	0.021	699	1	100.0	30
04/05/19	14:30	88.0	90.2	87.7	79	80.7	2.0	SE	1.00	6.0	SSE	88.0	105.6	105.6	118.0	29.703	0.00	0.00	668	28.73	993	6.0	1.29	7.8	0.000	0.479	89.5	75	80.5	107.8	14.07	 .0692	0.000	701	1	100.0	30
04/05/19	15:00	89.1	89.8	88.0	77	80.9	2.0	SSW	1.00	8.0	SE	89.1	107.9	107.9	122.0	29.702	0.00	0.00	712	30.62	770	4.9	1.05	5.7	0.000	0.502	90.0	75	81.0	109.4	14.05	 .0691	0.018	702	1	100.0	30
04/05/19	15:30	88.5	89.1	88.0	77	80.4	2.0	SSW	1.00	9.0	SSE	88.5	106.0	106.0	119.0	29.694	0.00	0.00	545	23.44	601	3.2	0.69	3.9	0.000	0.490	90.0	74	80.6	108.7	13.75	 .0691	0.000	701	1	100.0	30
04/05/19	16:00	87.4	88.6	87.4	80	80.5	1.0	S	0.50	5.0	SSE	87.4	104.3	104.3	117.7	29.692	0.00	0.00	454	19.52	545	1.8	0.39	2.5	0.000	0.467	89.8	75	80.8	108.8	14.06	 .0691	0.013	699	1	100.0	30
04/05/19	16:30	84.8	87.4	84.8	86	80.1	1.0	SSW	0.50	4.0	ESE	84.8	99.3	99.3	101.3	29.706	0.01	0.00	56	2.41	253	0.0	0.00	0.5	0.000	0.413	87.8	78	80.1	104.4	14.93	 .0695	0.000	701	1	100.0	30
04/05/19	17:00	82.2	84.8	82.2	92	79.6	0.0	SE	0.00	2.0	SSW	82.2	93.7	93.7	93.3	29.729	0.01	0.00	25	1.08	49	0.0	0.00	0.0	0.000	0.358	85.6	85	80.6	101.3	17.61	 .0698	0.001	698	1	100.0	30
04/05/19	17:30	78.7	82.2	78.7	91	75.8	1.0	SE	0.50	4.0	ESE	78.7	84.3	84.3	83.5	29.736	0.04	0.24	15	0.65	23	0.0	0.00	0.0	0.000	0.285	84.2	82	78.1	95.7	16.57	 .0702	0.000	701	1	100.0	30
04/05/19	18:00	76.8	78.7	76.8	92	74.3	1.0	NNW	0.50	3.0	NNW	76.8	80.6	80.6	79.5	29.725	0.00	0.00	5	0.22	14	0.0	0.00	0.0	0.000	0.246	81.6	84	76.3	89.6	17.39	 .0706	0.000	702	1	100.0	30
04/05/19	18:30	75.8	76.8	75.8	93	73.6	0.0	NNW	0.00	3.0	NE	75.8	79.1	79.1	77.8	29.733	0.00	0.00	0	0.00	0	0.0	0.00	0.0	0.000	0.225	80.5	85	75.6	87.3	17.92	 .0708	0.000	701	1	100.0	30
04/05/19	19:00	75.3	75.9	75.3	93	73.1	0.0	NE	0.00	4.0	NNE	75.3	78.4	78.4	77.1	29.738	0.00	0.00	0	0.00	0	0.0	0.00	0.0	0.000	0.215	80.4	85	75.5	87.0	17.93	 .0709	0.000	702	1	100.0	30
04/05/19	19:30	74.5	75.3	74.5	93	72.3	0.0	NNE	0.00	2.0	N	74.5	77.3	77.3	76.0	29.735	0.00	0.00	0	0.00	0	0.0	0.00	0.0	0.000	0.198	79.2	85	74.3	84.3	17.98	 .0711	0.000	701	1	100.0	30
04/05/19	20:00	74.0	74.5	73.9	93	71.8	0.0	NNE	0.00	2.0	NNE	74.0	76.5	76.5	75.1	29.740	0.00	0.00	0	0.00	0	0.0	0.00	0.0	0.000	0.188	79.0	85	74.1	83.9	17.99	 .0711	0.000	699	1	100.0	30
04/05/19	20:30	74.0	74.0	73.8	94	72.2	0.0	NNE	0.00	1.0	NNE	74.0	76.6	76.6	75.3	29.750	0.00	0.00	0	0.00	0	0.0	0.00	0.0	0.000	0.188	78.8	86	74.3	83.7	18.40	 .0712	0.000	701	1	100.0	30
04/05/19	21:00	74.0	74.1	73.9	94	72.2	0.0	---	0.00	0.0	---	74.0	76.6	76.6	75.3	29.758	0.00	0.00	0	0.00	0	0.0	0.00	0.0	0.000	0.188	78.8	86	74.3	83.7	18.40	 .0712	0.000	702	1	100.0	30
04/05/19	21:30	74.4	74.4	74.0	94	72.6	0.0	---	0.00	0.0	---	74.4	77.2	77.2	75.9	29.772	0.00	0.00	0	0.00	0	0.0	0.00	0.0	0.000	0.196	78.8	87	74.6	83.8	18.82	 .0712	0.000	700	1	100.0	30
04/05/19	22:00	74.7	74.8	74.3	94	72.9	0.0	NNE	0.00	1.0	NNE	74.7	77.7	77.7	76.4	29.779	0.00	0.00	0	0.00	0	0.0	0.00	0.0	0.000	0.202	78.8	88	74.9	84.0	19.40	 .0712	0.000	702	1	100.0	30
04/05/19	22:30	75.3	75.3	74.7	94	73.5	0.0	NNE	0.00	2.0	NNE	75.3	78.6	78.6	77.3	29.786	0.00	0.00	0	0.00	0	0.0	0.00	0.0	0.000	0.215	79.0	88	75.1	84.4	19.39	 .0712	0.000	701	1	100.0	30
04/05/19	23:00	75.5	75.6	75.3	94	73.7	0.0	NNE	0.00	1.0	NNE	75.5	78.9	78.9	77.6	29.789	0.00	0.00	0	0.00	0	0.0	0.00	0.0	0.000	0.219	79.0	89	75.5	84.5	19.95	 .0712	0.000	700	1	100.0	30
04/05/19	23:30	75.8	75.9	75.5	94	73.9	0.0	---	0.00	0.0	---	75.8	79.3	79.3	78.0	29.787	0.00	0.00	0	0.00	0	0.0	0.00	0.0	0.000	0.225	79.2	89	75.7	85.0	19.95	 .0711	0.000	701	1	100.0	30
05/05/19	00:00	76.2	76.2	75.8	94	74.3	0.0	---	0.00	0.0	---	76.2	79.9	79.9	78.7	29.777	0.00	0.00	0	0.00	0	0.0	0.00	0.0	0.000	0.233	79.3	90	76.1	85.4	20.45	 .0710	0.000	701	1	100.0	30
05/05/19	0:30	76.5	76.5	76.2	95	75.0	0.0	---	0.00	0.0	---	76.5	80.6	80.6	79.4	29.760	0.00	0.00	0	0.00	0	0.0	0.00	0.0	0.000	0.240	79.4	90	76.2	85.6	20.45	 .0710	0.000	651	1	95.2	30
05/05/19	1:00	76.5	76.6	76.4	95	75.0	0.0	---	0.00	0.0	---	76.5	80.6	80.6	79.4	29.745	0.00	0.00	0	0.00	0	0.0	0.00	0.0	0.000	0.240	79.2	91	76.3	85.4	21.03	 .0710	0.000	701	1	100.0	30
05/05/19	1:30	76.4	76.5	76.3	95	74.9	0.0	---	0.00	0.0	---	76.4	80.4	80.4	79.2	29.742	0.00	0.00	0	0.00	0	0.0	0.00	0.0	0.000	0.238	79.1	91	76.2	85.2	21.03	 .0710	0.000	698	1	100.0	30
05/05/19	2:00	76.3	76.5	76.3	95	74.8	0.0	---	0.00	0.0	---	76.3	80.2	80.2	79.0	29.733	0.00	0.00	0	0.00	0	0.0	0.00	0.0	0.000	0.235	79.1	91	76.2	85.2	21.03	 .0710	0.000	699	1	100.0	30
05/05/19	2:30	76.1	76.4	76.1	94	74.2	0.0	---	0.00	0.0	---	76.1	79.7	79.7	78.5	29.731	0.00	0.00	0	0.00	0	0.0	0.00	0.0	0.000	0.231	79.1	91	76.2	85.2	21.03	 .0710	0.000	700	1	100.0	30
05/05/19	3:00	76.1	76.2	76.0	94	74.2	0.0	---	0.00	0.0	---	76.1	79.7	79.7	78.5	29.735	0.00	0.00	0	0.00	0	0.0	0.00	0.0	0.000	0.231	78.9	91	76.0	84.7	21.03	 .0710	0.000	700	1	100.0	30
05/05/19	3:30	75.9	76.1	75.8	95	74.4	0.0	---	0.00	0.0	---	75.9	79.6	79.6	78.4	29.731	0.00	0.00	0	0.00	0	0.0	0.00	0.0	0.000	0.227	78.8	91	75.9	84.5	21.03	 .0710	0.000	702	1	100.0	30
05/05/19	4:00	75.7	75.9	75.7	95	74.2	0.0	---	0.00	0.0	---	75.7	79.3	79.3	78.1	29.727	0.00	0.00	0	0.00	0	0.0	0.00	0.0	0.000	0.223	78.7	91	75.8	84.3	21.02	 .0710	0.000	700	1	100.0	30
05/05/19	4:30	76.1	76.1	75.7	95	74.6	0.0	NE	0.00	2.0	NE	76.1	79.9	79.9	78.7	29.719	0.00	0.00	0	0.00	0	0.0	0.00	0.0	0.000	0.231	78.5	92	76.0	84.1	21.12	 .0710	0.000	699	1	100.0	30
05/05/19	5:00	75.8	76.1	75.7	95	74.3	0.0	NE	0.00	1.0	NE	75.8	79.4	79.4	78.2	29.728	0.00	0.00	0	0.00	0	0.0	0.00	0.0	0.000	0.225	78.4	92	75.9	83.8	21.12	 .0711	0.000	700	1	100.0	30
05/05/19	5:30	75.7	75.8	75.6	95	74.2	0.0	NE	0.00	2.0	NE	75.7	79.3	79.3	78.1	29.731	0.00	0.00	0	0.00	5	0.0	0.00	0.0	0.000	0.223	78.2	92	75.7	83.4	21.11	 .0711	0.000	701	1	100.0	30
05/05/19	6:00	75.7	75.8	75.5	95	74.2	0.0	---	0.00	0.0	---	75.7	79.3	79.3	78.3	29.733	0.00	0.00	9	0.39	18	0.0	0.00	0.0	0.000	0.223	78.3	92	75.8	83.6	21.12	 .0711	0.000	703	1	100.0	30
05/05/19	6:30	76.3	76.3	75.7	95	74.8	0.0	---	0.00	0.0	---	76.3	80.2	80.2	80.6	29.751	0.00	0.00	27	1.16	33	0.0	0.00	0.0	0.000	0.235	78.5	93	76.3	84.3	21.22	 .0711	0.000	701	1	100.0	30
05/05/19	7:00	77.4	77.5	76.3	95	75.9	0.0	NE	0.00	2.0	NE	77.4	82.3	82.3	83.6	29.757	0.00	0.00	51	2.19	76	0.3	0.06	0.9	0.000	0.258	78.9	93	76.7	85.2	21.23	 .0710	0.001	701	1	100.0	30
05/05/19	7:30	78.4	78.6	77.4	95	76.8	0.0	NE	0.00	3.0	NE	78.4	84.5	84.5	87.4	29.758	0.00	0.00	104	4.47	199	1.2	0.26	1.5	0.000	0.279	79.5	94	77.6	86.9	21.35	 .0709	0.000	702	1	100.0	30
05/05/19	8:00	80.7	80.7	78.4	95	79.1	0.0	NE	0.00	2.0	NE	80.7	90.5	90.5	99.0	29.757	0.00	0.00	324	13.93	413	2.5	0.54	3.2	0.000	0.327	80.3	95	78.7	89.3	21.65	 .0707	0.005	700	1	100.0	30
05/05/19	8:30	84.4	84.7	80.7	89	80.8	1.0	NE	0.50	3.0	SE	84.4	99.3	99.3	109.8	29.757	0.00	0.00	466	20.04	592	3.8	0.81	4.6	0.000	0.404	81.6	93	79.4	92.3	21.28	 .0704	0.000	702	1	100.0	30
05/05/19	9:00	85.1	85.1	83.5	87	80.8	1.0	SSE	0.50	4.0	SSE	85.1	100.7	100.7	108.0	29.752	0.00	0.00	325	13.98	881	4.1	0.88	6.4	0.000	0.419	82.7	93	80.5	95.6	21.30	 .0702	0.011	701	1	100.0	30
05/05/19	9:30	87.9	87.9	84.4	79	80.6	1.0	SW	0.50	5.0	S	87.9	105.3	105.3	116.2	29.756	0.00	0.00	551	23.70	958	6.1	1.31	8.7	0.000	0.477	84.0	90	80.7	98.4	20.13	 .0700	0.000	701	1	100.0	30
05/05/19	10:00	88.0	88.8	87.1	83	82.2	2.0	SSW	1.00	8.0	SSW	88.0	108.2	108.2	121.3	29.756	0.00	0.00	824	35.44	1065	8.4	1.80	10.1	0.000	0.479	85.5	86	80.8	101.5	18.02	 .0698	0.018	703	1	100.0	30
05/05/19	10:30	89.8	90.0	87.9	78	82.0	2.0	SW	1.00	9.0	WSW	89.8	111.0	111.0	124.2	29.748	0.00	0.00	810	34.83	1025	9.8	2.10	11.5	0.000	0.517	86.9	84	81.5	105.1	17.17	 .0696	0.000	699	1	100.0	30
05/05/19	11:00	87.3	89.8	86.8	81	80.8	2.0	SW	1.00	7.0	SW	87.3	104.6	104.6	113.6	29.747	0.00	0.00	422	18.15	967	8.0	1.71	12.0	0.000	0.465	86.8	82	80.6	103.6	16.48	 .0696	0.018	700	1	100.0	30
05/05/19	11:30	89.7	89.9	86.9	77	81.5	2.0	SSW	1.00	7.0	SSW	89.7	109.9	109.9	123.0	29.743	0.00	0.00	746	32.08	1176	10.3	2.21	13.7	0.000	0.515	87.3	81	80.8	104.6	16.06	 .0696	0.000	702	1	100.0	30
05/05/19	12:00	89.8	90.4	88.1	78	82.0	2.0	SSW	1.00	9.0	S	89.8	111.0	111.0	121.2	29.723	0.00	0.00	1029	44.25	1053	12.9	2.76	13.2	0.000	0.517	88.7	78	81.0	107.3	14.85	 .0693	0.024	702	1	100.0	30
05/05/19	12:30	89.7	90.5	89.2	77	81.5	2.0	SSW	1.00	7.0	SSE	89.7	109.9	109.9	121.4	29.710	0.00	0.00	1048	45.07	1178	12.3	2.64	13.0	0.000	0.515	89.7	77	81.5	109.9	14.57	 .0691	0.000	698	1	100.0	30
05/05/19	13:00	88.4	90.3	88.4	77	80.3	2.0	SSW	1.00	6.0	S	88.4	105.7	105.7	118.3	29.704	0.00	0.00	710	30.53	1107	9.6	2.06	12.6	0.000	0.488	89.7	76	81.1	109.2	14.27	 .0691	0.025	699	1	100.0	30
05/05/19	13:30	89.4	90.4	87.8	75	80.4	3.0	SE	1.50	11.0	S	89.4	107.5	107.5	119.7	29.691	0.00	0.00	936	40.25	1195	9.9	2.12	11.1	0.000	0.508	89.8	74	80.4	108.1	13.75	 .0692	0.000	700	1	100.0	30
05/05/19	14:00	89.9	90.3	89.2	75	80.9	3.0	S	1.50	9.0	SSE	89.9	109.1	109.1	121.4	29.677	0.00	0.00	842	36.21	977	8.2	1.76	9.6	0.000	0.519	90.4	74	81.0	110.0	13.74	 .0690	0.024	699	1	100.0	30
05/05/19	14:30	88.6	90.4	88.2	79	81.2	3.0	SSE	1.50	10.0	SSE	88.6	107.6	107.6	120.3	29.665	0.00	0.00	753	32.38	803	6.5	1.39	7.5	0.000	0.492	90.2	72	79.9	108.0	13.14	 .0691	0.000	701	1	100.0	30
05/05/19	15:00	89.2	89.9	88.3	76	80.6	2.0	SE	1.00	8.0	E	89.2	107.5	107.5	120.3	29.671	0.00	0.00	652	28.04	703	4.7	1.01	5.5	0.000	0.504	89.9	73	80.1	107.7	13.45	 .0691	0.019	700	1	100.0	30
05/05/19	15:30	88.0	89.3	87.8	76	79.5	2.0	ESE	1.00	9.0	SSE	88.0	103.8	103.8	116.1	29.659	0.00	0.00	522	22.45	605	3.1	0.66	3.9	0.000	0.479	89.9	72	79.7	107.1	13.15	 .0691	0.000	703	1	100.0	30
05/05/19	16:00	87.9	88.3	87.3	76	79.4	1.0	S	0.50	6.0	SSE	87.9	103.5	103.5	114.6	29.662	0.00	0.00	385	16.56	519	1.8	0.39	2.3	0.000	0.477	89.5	73	79.7	106.5	13.46	 .0692	0.012	698	1	100.0	30
05/05/19	16:30	86.2	87.9	86.2	82	80.1	2.0	SSE	1.00	6.0	ESE	86.2	101.6	101.6	104.9	29.656	0.00	0.00	87	3.74	345	0.8	0.17	1.3	0.000	0.442	88.8	74	79.4	105.0	13.77	 .0693	0.000	700	1	100.0	30
05/05/19	17:00	85.3	86.3	85.3	86	80.6	1.0	SSE	0.50	3.0	E	85.3	100.9	100.9	101.6	29.665	0.00	0.00	70	3.01	83	0.0	0.00	0.5	0.000	0.423	87.5	80	80.6	104.6	15.65	 .0694	0.002	702	1	100.0	30
05/05/19	17:30	84.1	85.4	84.1	88	80.2	0.0	SSE	0.00	3.0	ENE	84.1	97.9	97.9	97.8	29.679	0.00	0.00	35	1.51	54	0.0	0.00	0.0	0.000	0.398	86.5	81	80.0	102.0	16.09	 .0696	0.000	700	1	100.0	30
05/05/19	18:00	82.5	84.1	82.4	90	79.3	0.0	SSW	0.00	1.0	SSW	82.5	93.8	93.8	92.9	29.676	0.00	0.00	3	0.13	16	0.0	0.00	0.0	0.000	0.365	85.5	84	80.1	100.5	17.23	 .0697	0.001	700	1	100.0	30
05/05/19	18:30	81.3	82.5	81.3	91	78.4	0.0	SSW	0.00	1.0	SSW	81.3	90.7	90.7	89.6	29.682	0.00	0.00	0	0.00	0	0.0	0.00	0.0	0.000	0.340	84.7	85	79.7	98.5	17.67	 .0698	0.000	698	1	100.0	30
05/05/19	19:00	80.6	81.3	80.5	92	78.1	0.0	SSW	0.00	1.0	SSW	80.6	89.2	89.2	88.1	29.691	0.00	0.00	0	0.00	0	0.0	0.00	0.0	0.000	0.325	84.1	86	79.5	97.1	18.10	 .0700	0.000	701	1	100.0	30
05/05/19	19:30	80.1	80.6	80.1	92	77.6	0.0	---	0.00	0.0	---	80.1	87.9	87.9	86.8	29.710	0.00	0.00	0	0.00	0	0.0	0.00	0.0	0.000	0.315	83.6	87	79.3	96.0	18.53	 .0701	0.000	700	1	100.0	30
05/05/19	20:00	79.7	80.1	79.7	93	77.5	0.0	---	0.00	0.0	---	79.7	87.2	87.2	86.1	29.724	0.00	0.00	0	0.00	0	0.0	0.00	0.0	0.000	0.306	83.3	87	79.0	95.1	18.55	 .0702	0.000	702	1	100.0	30
05/05/19	20:30	79.8	79.8	79.7	93	77.6	0.0	---	0.00	0.0	---	79.8	87.4	87.4	86.3	29.735	0.00	0.00	0	0.00	0	0.0	0.00	0.0	0.000	0.308	83.1	88	79.2	94.8	19.04	 .0702	0.000	701	1	100.0	30
05/05/19	21:00	79.9	80.0	79.8	93	77.7	0.0	---	0.00	0.0	---	79.9	87.7	87.7	86.6	29.741	0.00	0.00	0	0.00	0	0.0	0.00	0.0	0.000	0.310	83.0	88	79.1	94.5	19.05	 .0702	0.000	701	1	100.0	30
05/05/19	21:30	79.3	79.9	79.3	93	77.1	0.0	---	0.00	0.0	---	79.3	86.2	86.2	85.1	29.740	0.00	0.00	0	0.00	0	0.0	0.00	0.0	0.000	0.298	82.8	88	78.9	94.0	19.07	 .0703	0.000	702	1	100.0	30
05/05/19	22:00	78.8	79.3	78.7	94	76.9	0.0	---	0.00	0.0	---	78.8	85.2	85.2	84.0	29.746	0.00	0.00	0	0.00	0	0.0	0.00	0.0	0.000	0.288	82.4	88	78.5	92.9	19.11	 .0704	0.000	700	1	100.0	30
05/05/19	22:30	78.5	78.8	78.5	94	76.6	0.0	---	0.00	0.0	---	78.5	84.5	84.5	83.3	29.747	0.00	0.00	0	0.00	0	0.0	0.00	0.0	0.000	0.281	82.0	88	78.1	91.7	19.15	 .0705	0.000	703	1	100.0	30
05/05/19	23:00	78.2	78.5	78.2	94	76.3	0.0	SSW	0.00	1.0	SSW	78.2	83.8	83.8	82.6	29.741	0.00	0.00	0	0.00	0	0.0	0.00	0.0	0.000	0.275	81.9	88	78.0	91.5	19.16	 .0705	0.000	700	1	100.0	30
05/05/19	23:30	77.9	78.2	77.9	94	76.0	0.0	---	0.00	0.0	---	77.9	83.2	83.2	82.0	29.753	0.00	0.00	0	0.00	0	0.0	0.00	0.0	0.000	0.269	81.6	89	78.0	90.9	19.79	 .0705	0.000	701	1	100.0	30
06/05/19	00:00	78.0	78.1	77.9	94	76.1	0.0	---	0.00	0.0	---	78.0	83.4	83.4	82.2	29.746	0.00	0.00	0	0.00	0	0.0	0.00	0.0	0.000	0.271	81.6	89	78.0	90.9	19.79	 .0705	0.000	701	1	100.0	30
06/05/19	0:30	77.9	78.2	77.9	94	76.0	0.0	---	0.00	0.0	---	77.9	83.2	83.2	82.0	29.747	0.00	0.00	0	0.00	0	0.0	0.00	0.0	0.000	0.269	81.4	89	77.8	90.4	19.81	 .0706	0.000	701	1	100.0	30
06/05/19	1:00	78.0	78.2	77.9	94	76.1	0.0	---	0.00	0.0	---	78.0	83.4	83.4	82.2	29.747	0.00	0.00	0	0.00	0	0.0	0.00	0.0	0.000	0.271	81.4	90	78.2	90.6	20.34	 .0705	0.000	701	1	100.0	30
06/05/19	1:30	77.6	78.0	77.6	94	75.7	0.0	---	0.00	0.0	---	77.6	82.6	82.6	81.4	29.741	0.00	0.00	0	0.00	0	0.0	0.00	0.0	0.000	0.262	81.1	89	77.5	89.6	19.84	 .0706	0.000	702	1	100.0	30
06/05/19	2:00	77.3	77.7	77.3	94	75.4	0.0	---	0.00	0.0	---	77.3	81.9	81.9	80.7	29.731	0.00	0.00	0	0.00	0	0.0	0.00	0.0	0.000	0.256	80.9	89	77.4	89.0	19.86	 .0706	0.000	702	1	100.0	30
06/05/19	2:30	77.3	77.3	77.2	94	75.4	0.0	---	0.00	0.0	---	77.3	81.9	81.9	80.7	29.732	0.00	0.00	0	0.00	0	0.0	0.00	0.0	0.000	0.256	80.7	90	77.5	88.7	20.39	 .0706	0.000	701	1	100.0	30
06/05/19	3:00	77.3	77.3	77.1	94	75.4	0.0	---	0.00	0.0	---	77.3	81.9	81.9	80.7	29.730	0.00	0.00	0	0.00	0	0.0	0.00	0.0	0.000	0.256	80.5	90	77.3	88.3	20.41	 .0707	0.000	701	1	100.0	30
06/05/19	3:30	77.2	77.3	77.1	94	75.3	0.0	---	0.00	0.0	---	77.2	81.7	81.7	80.5	29.732	0.00	0.00	0	0.00	0	0.0	0.00	0.0	0.000	0.254	80.4	90	77.2	88.0	20.42	 .0707	0.000	701	1	100.0	30
06/05/19	4:00	77.1	77.3	77.1	94	75.2	0.0	---	0.00	0.0	---	77.1	81.5	81.5	80.3	29.730	0.00	0.00	0	0.00	0	0.0	0.00	0.0	0.000	0.252	80.3	90	77.1	87.8	20.43	 .0707	0.000	700	1	100.0	30
06/05/19	4:30	77.1	77.1	77.0	94	75.2	0.0	---	0.00	0.0	---	77.1	81.5	81.5	80.3	29.747	0.00	0.00	0	0.00	0	0.0	0.00	0.0	0.000	0.252	80.3	90	77.1	87.8	20.43	 .0708	0.000	701	1	100.0	30
06/05/19	5:00	76.9	77.1	76.7	95	75.4	0.0	SSW	0.00	1.0	SSW	76.9	81.3	81.3	80.1	29.743	0.00	0.00	0	0.00	0	0.0	0.00	0.0	0.000	0.248	80.0	90	76.8	87.0	20.45	 .0708	0.000	701	1	100.0	30
06/05/19	5:30	76.8	76.9	76.7	95	75.3	0.0	---	0.00	0.0	---	76.8	81.1	81.1	79.9	29.759	0.00	0.00	2	0.09	11	0.0	0.00	0.0	0.000	0.246	80.0	90	76.8	87.0	20.45	 .0709	0.000	699	1	100.0	30
06/05/19	6:00	77.1	77.1	76.7	95	75.6	0.0	---	0.00	0.0	---	77.1	81.7	81.7	81.0	29.757	0.00	0.00	23	0.99	39	0.0	0.00	0.0	0.000	0.252	79.9	91	77.0	87.1	21.05	 .0708	0.000	702	1	100.0	30
06/05/19	6:30	78.2	78.2	77.1	95	76.6	0.0	---	0.00	0.0	---	78.2	84.1	84.1	86.6	29.772	0.00	0.00	69	2.97	98	0.1	0.02	0.5	0.000	0.275	80.2	91	77.3	87.8	21.03	 .0708	0.000	701	1	100.0	30
06/05/19	7:00	79.5	79.5	78.2	94	77.6	0.0	---	0.00	0.0	---	79.5	86.9	86.9	91.1	29.775	0.00	0.00	123	5.29	142	0.7	0.15	0.9	0.000	0.302	80.9	92	78.4	90.0	21.17	 .0707	0.002	700	1	100.0	30
06/05/19	7:30	80.9	81.0	79.4	93	78.7	0.0	---	0.00	0.0	---	80.9	90.3	90.3	95.2	29.775	0.00	0.00	165	7.10	199	1.2	0.26	1.4	0.000	0.331	81.7	92	79.1	92.2	21.18	 .0705	0.000	701	1	100.0	30
06/05/19	8:00	82.6	82.6	81.0	92	80.0	0.0	---	0.00	0.0	---	82.6	94.9	94.9	100.6	29.785	0.00	0.00	209	8.99	248	1.7	0.36	2.1	0.000	0.367	82.3	92	79.7	94.0	21.20	 .0704	0.005	698	1	100.0	30
06/05/19	8:30	83.6	83.6	82.4	91	80.7	0.0	SSW	0.00	2.0	SSW	83.6	97.6	97.6	104.8	29.789	0.00	0.00	294	12.64	367	2.7	0.58	3.5	0.000	0.387	83.2	92	80.6	96.7	21.21	 .0702	0.000	701	1	100.0	30
06/05/19	9:00	85.1	86.2	83.6	90	81.8	1.0	SSE	0.50	4.0	S	85.1	102.1	102.1	110.5	29.783	0.00	0.00	376	16.17	425	4.0	0.86	4.3	0.000	0.419	84.1	91	81.2	99.2	20.72	 .0700	0.009	699	1	100.0	30
06/05/19	9:30	87.3	87.5	85.0	80	80.4	1.0	SSW	0.50	3.0	S	87.3	104.0	104.0	113.6	29.793	0.00	0.00	465	20.00	587	5.2	1.11	6.4	0.000	0.465	85.2	85	80.2	100.0	17.64	 .0700	0.000	701	1	100.0	30
06/05/19	10:00	87.8	89.2	87.2	83	82.0	2.0	SE	1.00	7.0	S	87.8	107.5	107.5	118.9	29.795	0.00	0.00	587	25.24	708	6.6	1.41	7.4	0.000	0.475	86.4	85	81.4	104.0	17.57	 .0698	0.014	697	1	100.0	30
06/05/19	10:30	87.7	88.9	87.6	82	81.5	2.0	SE	1.00	7.0	ESE	87.7	106.5	106.5	117.0	29.782	0.00	0.00	517	22.23	715	6.5	1.39	7.7	0.000	0.473	87.1	84	81.7	105.7	17.17	 .0696	0.000	703	1	100.0	30
06/05/19	11:00	88.3	89.1	87.7	80	81.3	1.0	SSE	0.50	6.0	SSE	88.3	107.2	107.2	116.3	29.771	0.00	0.00	422	18.15	545	6.2	1.33	7.2	0.000	0.485	87.1	83	81.3	105.1	16.77	 .0696	0.013	699	1	100.0	30
06/05/19	11:30	88.1	88.8	87.7	80	81.1	2.0	ESE	1.00	8.0	ESE	88.1	106.5	106.5	115.4	29.761	0.00	0.00	407	17.50	856	6.7	1.44	11.0	0.000	0.481	87.2	80	80.3	103.6	15.66	 .0697	0.000	698	1	100.0	30
06/05/19	12:00	88.1	89.3	87.5	80	81.1	2.0	NE	1.00	9.0	SSE	88.1	106.5	106.5	114.0	29.752	0.00	0.00	334	14.36	547	6.7	1.44	11.5	0.000	0.481	87.6	80	80.7	104.9	15.65	 .0696	0.012	700	1	100.0	30
06/05/19	12:30	90.9	91.0	86.6	79	83.5	2.0	ENE	1.00	10.0	S	90.9	115.7	115.7	125.8	29.742	0.00	0.00	481	20.69	1125	8.6	1.84	12.6	0.000	0.540	88.3	81	81.7	107.9	16.02	 .0694	0.000	701	1	100.0	30
06/05/19	13:00	91.3	91.5	89.6	74	81.8	3.0	SE	1.50	9.0	SSE	91.3	113.1	113.1	125.9	29.730	0.00	0.00	882	37.93	1158	10.1	2.16	12.1	0.000	0.548	89.7	77	81.5	109.9	14.57	 .0692	0.020	697	1	100.0	30
06/05/19	13:30	91.5	92.2	90.8	76	82.9	3.0	SE	1.50	14.0	SSE	91.5	115.4	115.4	128.3	29.722	0.00	0.00	971	41.76	1109	10.0	2.14	10.8	0.000	0.552	91.3	74	81.8	113.1	13.72	 .0689	0.000	701	1	100.0	30
06/05/19	14:00	88.3	91.5	88.3	81	81.7	3.0	SE	1.50	10.0	ESE	88.3	107.9	107.9	118.9	29.725	0.00	0.00	539	23.18	1025	6.5	1.39	9.7	0.000	0.485	90.3	76	81.7	111.2	14.25	 .0691	0.022	696	1	100.0	30
06/05/19	14:30	89.4	89.4	87.6	81	82.8	3.0	SE	1.50	10.0	SSE	89.4	111.8	111.8	121.1	29.710	0.00	0.00	402	17.29	724	4.5	0.96	5.8	0.000	0.508	89.0	77	80.8	107.6	14.61	 .0693	0.000	702	1	100.0	30
06/05/19	15:00	87.5	89.6	87.4	83	81.7	2.0	SE	1.00	8.0	SSE	87.5	106.5	106.5	114.5	29.714	0.00	0.00	307	13.20	649	3.0	0.64	5.1	0.000	0.469	88.8	79	81.4	108.3	15.22	 .0692	0.011	702	1	100.0	30
06/05/19	15:30	86.8	87.8	86.8	82	80.6	1.0	SSE	0.50	6.0	SSE	86.8	103.6	103.6	110.0	29.720	0.00	0.00	215	9.25	334	1.7	0.36	2.4	0.000	0.454	88.2	80	81.2	106.9	15.62	 .0694	0.000	701	1	100.0	30
06/05/19	16:00	85.5	86.8	85.4	86	80.8	1.0	SSE	0.50	8.0	SSE	85.5	101.5	101.5	104.0	29.733	0.00	0.00	80	3.44	160	0.4	0.09	1.2	0.000	0.427	87.2	82	81.0	104.9	16.46	 .0695	0.004	700	1	100.0	30
06/05/19	16:30	84.4	85.7	84.4	89	80.8	1.0	S	0.50	3.0	SE	84.4	99.3	99.3	101.7	29.741	0.00	0.00	66	2.84	98	0.3	0.06	0.6	0.000	0.404	86.6	84	81.2	104.1	17.19	 .0696	0.000	701	1	100.0	30
06/05/19	17:00	83.7	84.4	83.6	91	80.8	0.0	S	0.00	2.0	SSE	83.7	97.9	97.9	97.3	29.759	0.00	0.00	14	0.60	25	0.0	0.00	0.0	0.000	0.390	85.8	87	81.5	103.0	18.40	 .0697	0.001	699	1	100.0	30
06/05/19	17:30	82.0	83.7	82.0	87	77.7	2.0	N	1.00	11.0	E	82.0	91.5	91.5	90.5	29.778	0.00	0.00	5	0.22	19	0.0	0.00	0.0	0.000	0.354	84.1	82	78.0	95.4	16.57	 .0703	0.000	699	1	100.0	30
06/05/19	18:00	80.3	82.0	80.3	89	76.8	1.0	NNW	0.50	10.0	N	80.3	87.6	87.6	86.5	29.748	0.00	0.00	0	0.00	0	0.0	0.00	0.0	0.000	0.319	83.2	84	77.9	93.7	17.32	 .0703	0.000	701	1	100.0	30
06/05/19	18:30	79.4	80.3	79.4	92	76.9	0.0	NNW	0.00	2.0	NNW	79.4	86.1	86.1	85.0	29.735	0.00	0.00	0	0.00	0	0.0	0.00	0.0	0.000	0.300	82.9	86	78.3	93.6	18.18	 .0703	0.000	700	1	100.0	30
06/05/19	19:00	79.3	79.5	79.2	92	76.8	0.0	NW	0.00	2.0	NNW	79.3	85.9	85.9	84.8	29.714	0.00	0.00	0	0.00	0	0.0	0.00	0.0	0.000	0.298	82.5	87	78.2	92.8	18.60	 .0703	0.000	702	1	100.0	30
06/05/19	19:30	79.4	79.4	79.1	93	77.2	1.0	NE	0.50	3.0	NE	79.4	86.4	86.4	85.3	29.761	0.03	0.13	0	0.00	0	0.0	0.00	0.0	0.000	0.300	82.3	89	78.7	92.9	19.72	 .0704	0.000	699	1	100.0	30
06/05/19	20:00	78.3	79.3	78.3	92	75.8	2.0	N	1.00	9.0	NNW	78.3	83.6	83.6	82.4	29.761	0.04	0.36	0	0.00	0	0.0	0.00	0.0	0.000	0.277	81.2	88	77.3	89.6	19.23	 .0707	0.000	700	1	100.0	30
06/05/19	20:30	78.4	78.4	78.1	93	76.2	1.0	WNW	0.50	8.0	NNW	78.4	84.1	84.1	83.0	29.778	0.01	0.04	0	0.00	0	0.0	0.00	0.0	0.000	0.279	81.2	89	77.6	89.8	19.83	 .0707	0.000	701	1	100.0	30
06/05/19	21:00	78.0	78.4	78.0	93	75.8	1.0	W	0.50	2.0	W	78.0	83.2	83.2	82.0	29.775	0.00	0.00	0	0.00	0	0.0	0.00	0.0	0.000	0.271	80.9	90	77.7	89.3	20.38	 .0707	0.000	700	1	100.0	30
06/05/19	21:30	77.8	78.1	77.8	94	75.9	0.0	N	0.00	1.0	N	77.8	83.0	83.0	81.8	29.780	0.00	0.00	0	0.00	0	0.0	0.00	0.0	0.000	0.267	81.1	90	77.9	89.8	20.36	 .0707	0.000	702	1	100.0	30
06/05/19	22:00	77.8	77.9	77.8	94	75.9	0.0	N	0.00	4.0	NE	77.8	83.0	83.0	81.8	29.790	0.00	0.00	0	0.00	0	0.0	0.00	0.0	0.000	0.267	80.9	90	77.7	89.3	20.38	 .0707	0.000	701	1	100.0	30
06/05/19	22:30	77.8	77.9	77.6	94	75.9	0.0	NE	0.00	1.0	NE	77.8	83.0	83.0	81.8	29.801	0.00	0.00	0	0.00	0	0.0	0.00	0.0	0.000	0.267	81.0	90	77.8	89.5	20.37	 .0708	0.000	701	1	100.0	30
06/05/19	23:00	77.6	77.9	77.5	94	75.7	0.0	NE	0.00	2.0	NE	77.6	82.6	82.6	81.4	29.790	0.00	0.00	0	0.00	0	0.0	0.00	0.0	0.000	0.262	80.7	90	77.5	88.7	20.39	 .0708	0.000	699	1	100.0	30
06/05/19	23:30	77.8	77.9	77.6	94	75.9	0.0	NE	0.00	1.0	NE	77.8	83.0	83.0	81.8	29.778	0.00	0.00	0	0.00	0	0.0	0.00	0.0	0.000	0.267	80.8	91	77.9	89.3	20.99	 .0707	0.000	702	1	100.0	30
07/05/19	00:00	77.8	77.8	77.6	94	75.9	0.0	NE	0.00	1.0	NE	77.8	83.0	83.0	81.8	29.770	0.00	0.00	0	0.00	0	0.0	0.00	0.0	0.000	0.267	80.7	91	77.8	89.1	20.99	 .0707	0.000	700	1	100.0	30
07/05/19	0:30	77.7	77.8	77.6	94	75.8	0.0	NE	0.00	2.0	NE	77.7	82.8	82.8	81.6	29.759	0.00	0.00	0	0.00	0	0.0	0.00	0.0	0.000	0.265	80.4	91	77.5	88.3	21.02	 .0708	0.000	700	1	100.0	30
07/05/19	1:00	77.6	77.7	77.4	94	75.7	0.0	NE	0.00	1.0	NE	77.6	82.6	82.6	81.4	29.754	0.00	0.00	0	0.00	0	0.0	0.00	0.0	0.000	0.262	80.5	91	77.6	88.6	21.01	 .0707	0.000	701	1	100.0	30
07/05/19	1:30	77.6	77.7	77.5	95	76.1	0.0	---	0.00	0.0	---	77.6	82.8	82.8	81.7	29.743	0.00	0.00	0	0.00	0	0.0	0.00	0.0	0.000	0.262	80.3	91	77.4	88.1	21.03	 .0707	0.000	701	1	100.0	30
07/05/19	2:00	77.8	77.8	77.6	95	76.3	0.0	---	0.00	0.0	---	77.8	83.2	83.2	82.1	29.727	0.00	0.00	0	0.00	0	0.0	0.00	0.0	0.000	0.267	80.5	91	77.6	88.6	21.01	 .0707	0.000	697	1	100.0	30
07/05/19	2:30	77.9	77.9	77.7	95	76.4	0.0	---	0.00	0.0	---	77.9	83.4	83.4	82.3	29.721	0.00	0.00	0	0.00	0	0.0	0.00	0.0	0.000	0.269	80.3	92	77.8	88.4	21.16	 .0707	0.000	701	1	100.0	30
07/05/19	3:00	78.0	78.1	77.9	95	76.5	0.0	NE	0.00	1.0	NE	78.0	83.6	83.6	82.5	29.729	0.00	0.00	0	0.00	0	0.0	0.00	0.0	0.000	0.271	80.4	92	77.9	88.6	21.16	 .0707	0.000	700	1	100.0	30
07/05/19	3:30	78.2	78.2	78.0	95	76.6	0.0	---	0.00	0.0	---	78.2	84.1	84.1	83.0	29.725	0.00	0.00	0	0.00	0	0.0	0.00	0.0	0.000	0.275	80.5	92	78.0	88.9	21.16	 .0706	0.000	699	1	100.0	30
07/05/19	4:00	78.2	78.3	78.1	95	76.6	0.0	---	0.00	0.0	---	78.2	84.1	84.1	83.0	29.742	0.00	0.00	0	0.00	0	0.0	0.00	0.0	0.000	0.275	80.5	93	78.3	89.2	21.26	 .0706	0.000	699	1	100.0	30
07/05/19	4:30	78.2	78.3	78.1	95	76.6	0.0	---	0.00	0.0	---	78.2	84.1	84.1	83.0	29.757	0.00	0.00	0	0.00	0	0.0	0.00	0.0	0.000	0.275	80.6	93	78.4	89.5	21.26	 .0707	0.000	699	1	100.0	30
07/05/19	5:00	78.1	78.3	78.0	95	76.6	0.0	---	0.00	0.0	---	78.1	83.8	83.8	82.7	29.754	0.00	0.00	0	0.00	0	0.0	0.00	0.0	0.000	0.273	80.5	93	78.3	89.2	21.26	 .0707	0.000	702	1	100.0	30
07/05/19	5:30	78.7	78.7	78.1	95	77.1	0.0	NE	0.00	1.0	NE	78.7	85.2	85.2	84.3	29.769	0.00	0.00	9	0.39	33	0.0	0.00	0.0	0.000	0.285	80.6	93	78.4	89.5	21.26	 .0707	0.000	701	1	100.0	30
07/05/19	6:00	78.9	79.0	78.6	95	77.3	0.0	---	0.00	0.0	---	78.9	85.7	85.7	85.2	29.774	0.00	0.00	23	0.99	47	0.0	0.00	0.0	0.000	0.290	80.7	93	78.5	89.8	21.26	 .0707	0.000	699	1	100.0	30
07/05/19	6:30	78.1	78.9	77.8	95	76.6	1.0	NNW	0.50	6.0	SSW	78.1	83.8	83.8	83.1	29.798	0.00	0.00	2	0.09	11	0.0	0.00	0.0	0.000	0.273	80.3	92	77.8	88.4	21.16	 .0708	0.000	699	1	100.0	30
07/05/19	7:00	78.2	78.2	78.0	95	76.6	0.0	NNW	0.00	2.0	NNW	78.2	84.1	84.1	83.4	29.804	0.00	0.00	3	0.13	7	0.0	0.00	0.0	0.000	0.275	80.2	93	78.0	88.4	21.25	 .0709	0.000	703	1	100.0	30
07/05/19	7:30	78.1	78.2	77.9	95	76.6	0.0	NNE	0.00	2.0	NNE	78.1	83.8	83.8	83.2	29.815	0.00	0.00	7	0.30	9	0.0	0.00	0.0	0.000	0.273	80.1	93	77.9	88.2	21.25	 .0709	0.000	700	1	100.0	30
07/05/19	8:00	78.0	78.1	78.0	95	76.5	0.0	NNE	0.00	2.0	NNE	78.0	83.6	83.6	83.1	29.821	0.00	0.00	11	0.47	12	0.0	0.00	0.0	0.000	0.271	80.1	94	78.2	88.5	21.35	 .0709	0.000	700	1	100.0	30
07/05/19	8:30	78.0	78.1	78.0	95	76.5	0.0	NNE	0.00	1.0	NNE	78.0	83.6	83.6	83.2	29.829	0.00	0.00	14	0.60	16	0.0	0.00	0.0	0.000	0.271	79.9	94	78.0	87.9	21.35	 .0710	0.000	700	1	100.0	30
07/05/19	9:00	78.1	78.2	78.0	95	76.6	0.0	NNE	0.00	1.0	NNE	78.1	83.8	83.8	83.5	29.827	0.00	0.00	19	0.82	23	0.0	0.00	0.0	0.000	0.273	80.1	94	78.2	88.5	21.35	 .0709	0.000	702	1	100.0	30
07/05/19	9:30	78.4	78.5	78.0	95	76.8	0.0	SE	0.00	1.0	NNE	78.4	84.5	84.5	84.4	29.834	0.00	0.00	27	1.16	37	0.0	0.00	0.0	0.000	0.279	80.3	94	78.4	89.0	21.36	 .0709	0.000	699	1	100.0	30
07/05/19	10:00	78.8	78.8	78.2	95	77.2	0.0	SE	0.00	2.0	SE	78.8	85.4	85.4	85.8	29.837	0.00	0.00	47	2.02	56	0.0	0.00	0.8	0.000	0.288	80.5	94	78.6	89.6	21.36	 .0708	0.001	700	1	100.0	30
07/05/19	10:30	79.6	79.6	78.7	95	78.0	0.0	ESE	0.00	2.0	ESE	79.6	87.5	87.5	89.7	29.834	0.00	0.00	118	5.07	199	1.7	0.36	2.8	0.000	0.304	80.7	95	79.1	90.5	21.65	 .0708	0.000	703	1	100.0	30
07/05/19	11:00	81.7	81.8	79.6	94	79.8	0.0	SSE	0.00	2.0	ESE	81.7	93.0	93.0	98.4	29.841	0.00	0.00	240	10.32	260	3.3	0.71	3.6	0.000	0.348	82.0	95	80.4	94.2	21.65	 .0705	0.004	699	1	100.0	30
07/05/19	11:30	82.3	82.3	81.6	91	79.4	0.0	SW	0.00	3.0	SW	82.3	93.6	93.6	99.7	29.821	0.00	0.00	267	11.48	355	3.7	0.79	4.9	0.000	0.360	82.7	93	80.5	95.6	21.30	 .0704	0.000	701	1	100.0	30
07/05/19	12:00	83.5	83.9	82.3	89	79.9	1.0	SW	0.50	5.0	SW	83.5	96.4	96.4	105.1	29.812	0.00	0.00	403	17.33	501	5.7	1.22	7.1	0.000	0.385	83.7	91	80.8	97.9	20.75	 .0702	0.009	700	1	100.0	30
07/05/19	12:30	83.1	83.5	82.9	89	79.5	2.0	S	1.00	7.0	SSW	83.1	95.2	95.2	99.4	29.817	0.00	0.00	198	8.52	323	2.9	0.62	4.7	0.000	0.377	83.6	90	80.4	97.1	20.16	 .0703	0.000	700	1	100.0	30
07/05/19	13:00	81.0	83.2	81.0	92	78.5	2.0	SSE	1.00	7.0	SSE	81.0	90.2	90.2	91.4	29.811	0.12	2.17	79	3.40	114	1.1	0.24	1.9	0.000	0.333	82.6	91	79.7	94.5	20.84	 .0704	0.004	700	1	100.0	30
07/05/19	13:30	79.9	81.0	79.8	93	77.7	1.0	ENE	0.50	6.0	SSW	79.9	87.7	87.7	89.5	29.804	0.03	0.78	103	4.43	181	1.5	0.32	2.5	0.000	0.310	81.8	92	79.2	92.5	21.19	 .0705	0.000	702	1	100.0	30
07/05/19	14:00	81.1	81.5	79.8	92	78.6	0.0	ENE	0.00	4.0	SE	81.1	90.5	90.5	96.8	29.791	0.00	0.00	282	12.13	378	3.3	0.71	4.0	0.000	0.335	82.5	91	79.6	94.2	20.85	 .0704	0.005	698	1	100.0	30
07/05/19	14:30	80.6	81.6	80.5	93	78.4	1.0	SE	0.50	3.0	SSE	80.6	89.5	89.5	92.6	29.790	0.00	0.00	140	6.02	225	1.6	0.34	2.7	0.000	0.325	82.5	91	79.6	94.2	20.85	 .0704	0.000	698	1	100.0	30
07/05/19	15:00	80.1	80.7	80.0	93	77.9	1.0	ENE	0.50	2.0	ESE	80.1	88.2	88.2	89.9	29.772	0.00	0.00	84	3.61	188	0.7	0.15	2.1	0.000	0.315	82.1	91	79.2	93.0	20.88	 .0704	0.003	702	1	100.0	30
07/05/19	15:30	79.6	80.2	79.5	94	77.7	0.0	E	0.00	2.0	E	79.6	87.2	87.2	87.3	29.773	0.00	0.00	26	1.12	39	0.0	0.00	0.0	0.000	0.304	81.5	92	78.9	91.6	21.18	 .0705	0.000	702	1	100.0	30
07/05/19	16:00	79.6	79.8	79.5	94	77.7	0.0	E	0.00	1.0	E	79.6	87.2	87.2	88.1	29.786	0.00	0.00	42	1.81	56	0.0	0.00	0.0	0.000	0.304	81.3	93	79.1	91.4	21.28	 .0706	0.001	701	1	100.0	30
07/05/19	16:30	79.9	79.9	79.6	94	78.0	0.0	E	0.00	1.0	E	79.9	87.9	87.9	89.3	29.775	0.00	0.00	45	1.94	54	0.0	0.00	0.0	0.000	0.310	81.3	93	79.1	91.4	21.28	 .0706	0.000	701	1	100.0	30
07/05/19	17:00	79.6	79.9	79.6	94	77.7	0.0	E	0.00	2.0	E	79.6	87.2	87.2	86.8	29.784	0.00	0.00	25	1.08	40	0.0	0.00	0.0	0.000	0.304	81.3	94	79.4	91.8	21.38	 .0705	0.001	703	1	100.0	30
07/05/19	17:30	79.6	79.7	79.5	94	77.7	0.0	E	0.00	1.0	E	79.6	87.2	87.2	86.3	29.778	0.00	0.00	7	0.30	14	0.0	0.00	0.0	0.000	0.304	81.0	94	79.1	90.9	21.37	 .0706	0.000	698	1	100.0	30
07/05/19	18:00	79.3	79.6	79.3	94	77.4	0.0	E	0.00	2.0	E	79.3	86.4	86.4	85.4	29.788	0.00	0.00	0	0.00	0	0.0	0.00	0.0	0.000	0.298	80.9	94	79.0	90.7	21.37	 .0706	0.000	703	1	100.0	30
07/05/19	18:30	79.4	79.4	79.3	94	77.5	0.0	E	0.00	1.0	E	79.4	86.7	86.7	85.7	29.802	0.00	0.00	0	0.00	0	0.0	0.00	0.0	0.000	0.300	80.8	94	78.9	90.4	21.37	 .0707	0.000	699	1	100.0	30
07/05/19	19:00	79.3	79.4	79.2	94	77.4	0.0	E	0.00	1.0	E	79.3	86.4	86.4	85.4	29.812	0.00	0.00	0	0.00	0	0.0	0.00	0.0	0.000	0.298	80.6	95	79.0	90.2	21.65	 .0707	0.000	700	1	100.0	30
07/05/19	19:30	79.2	79.3	79.1	94	77.3	0.0	E	0.00	1.0	E	79.2	86.2	86.2	85.2	29.830	0.00	0.00	0	0.00	0	0.0	0.00	0.0	0.000	0.296	80.7	95	79.1	90.5	21.65	 .0708	0.000	699	1	100.0	30
07/05/19	20:00	79.2	79.3	79.1	95	77.6	0.0	---	0.00	0.0	---	79.2	86.4	86.4	85.4	29.831	0.00	0.00	0	0.00	0	0.0	0.00	0.0	0.000	0.296	80.6	95	79.0	90.2	21.65	 .0708	0.000	697	1	100.0	30
07/05/19	20:30	79.1	79.3	79.0	95	77.5	0.0	---	0.00	0.0	---	79.1	86.2	86.2	85.2	29.826	0.00	0.00	0	0.00	0	0.0	0.00	0.0	0.000	0.294	80.6	95	79.0	90.2	21.65	 .0708	0.000	700	1	100.0	30
07/05/19	21:00	78.7	79.2	78.7	94	76.8	0.0	E	0.00	1.0	E	78.7	85.0	85.0	83.9	29.805	0.00	0.00	0	0.00	0	0.0	0.00	0.0	0.000	0.285	80.3	95	78.7	89.3	21.65	 .0708	0.000	699	1	100.0	30
07/05/19	21:30	78.6	78.8	78.5	95	77.0	0.0	---	0.00	0.0	---	78.6	85.0	85.0	84.0	29.817	0.00	0.00	0	0.00	0	0.0	0.00	0.0	0.000	0.283	80.3	95	78.7	89.3	21.65	 .0708	0.000	700	1	100.0	30
07/05/19	22:00	78.4	78.6	78.4	95	76.8	0.0	---	0.00	0.0	---	78.4	84.5	84.5	83.4	29.808	0.00	0.00	0	0.00	0	0.0	0.00	0.0	0.000	0.279	80.1	95	78.5	88.8	21.65	 .0708	0.000	702	1	100.0	30
07/05/19	22:30	78.1	78.5	78.1	95	76.6	0.0	---	0.00	0.0	---	78.1	83.8	83.8	82.7	29.801	0.00	0.00	0	0.00	0	0.0	0.00	0.0	0.000	0.273	80.0	94	78.1	88.2	21.35	 .0709	0.000	700	1	100.0	30
07/05/19	23:00	78.1	78.2	78.0	95	76.6	0.0	---	0.00	0.0	---	78.1	83.8	83.8	82.7	29.786	0.00	0.00	0	0.00	0	0.0	0.00	0.0	0.000	0.273	79.9	94	78.0	87.9	21.35	 .0708	0.000	700	1	100.0	30
07/05/19	23:30	77.9	78.2	77.9	95	76.4	0.0	---	0.00	0.0	---	77.9	83.4	83.4	82.3	29.785	0.00	0.00	0	0.00	0	0.0	0.00	0.0	0.000	0.269	79.9	94	78.0	87.9	21.35	 .0708	0.000	701	1	100.0	30
08/05/19	00:00	77.8	78.0	77.7	95	76.3	0.0	---	0.00	0.0	---	77.8	83.2	83.2	82.1	29.783	0.00	0.00	0	0.00	0	0.0	0.00	0.0	0.000	0.267	79.6	95	78.0	87.5	21.65	 .0709	0.000	701	1	100.0	30
08/05/19	0:30	77.8	77.9	77.7	95	76.3	0.0	---	0.00	0.0	---	77.8	83.2	83.2	82.1	29.777	0.00	0.00	0	0.00	0	0.0	0.00	0.0	0.000	0.267	79.7	94	77.8	87.4	21.35	 .0709	0.000	698	1	100.0	30
08/05/19	1:00	77.8	77.9	77.7	95	76.3	0.0	---	0.00	0.0	---	77.8	83.2	83.2	82.1	29.777	0.00	0.00	0	0.00	0	0.0	0.00	0.0	0.000	0.267	79.7	94	77.8	87.4	21.35	 .0709	0.000	695	1	100.0	30
08/05/19	1:30	77.9	78.0	77.8	95	76.4	0.0	---	0.00	0.0	---	77.9	83.4	83.4	82.3	29.763	0.00	0.00	0	0.00	0	0.0	0.00	0.0	0.000	0.269	79.7	95	78.1	87.7	21.65	 .0708	0.000	698	1	100.0	30
08/05/19	2:00	78.2	78.2	77.9	95	76.6	0.0	---	0.00	0.0	---	78.2	84.1	84.1	83.0	29.752	0.02	0.07	0	0.00	0	0.0	0.00	0.0	0.000	0.275	79.6	95	78.0	87.5	21.65	 .0708	0.000	700	1	100.0	30
08/05/19	2:30	78.2	78.3	78.1	95	76.6	0.0	---	0.00	0.0	---	78.2	84.1	84.1	83.0	29.743	0.00	0.00	0	0.00	0	0.0	0.00	0.0	0.000	0.275	79.8	95	78.2	88.0	21.65	 .0707	0.000	699	1	100.0	30
08/05/19	3:00	78.3	78.4	78.2	95	76.7	0.0	---	0.00	0.0	---	78.3	84.3	84.3	83.2	29.739	0.00	0.00	0	0.00	0	0.0	0.00	0.0	0.000	0.277	79.8	95	78.2	88.0	21.65	 .0707	0.000	699	1	100.0	30
08/05/19	3:30	78.5	78.5	78.3	95	76.9	0.0	---	0.00	0.0	---	78.5	84.8	84.8	83.7	29.743	0.01	0.00	0	0.00	0	0.0	0.00	0.0	0.000	0.281	79.8	95	78.2	88.0	21.65	 .0707	0.000	701	1	100.0	30
08/05/19	4:00	78.6	78.6	78.4	95	77.0	0.0	---	0.00	0.0	---	78.6	85.0	85.0	84.0	29.754	0.00	0.00	0	0.00	0	0.0	0.00	0.0	0.000	0.283	79.9	96	78.7	88.5	21.75	 .0707	0.000	701	1	100.0	30
08/05/19	4:30	78.7	78.7	78.5	95	77.1	0.0	---	0.00	0.0	---	78.7	85.2	85.2	84.2	29.757	0.00	0.00	0	0.00	0	0.0	0.00	0.0	0.000	0.285	79.7	96	78.5	88.0	21.75	 .0708	0.000	702	1	100.0	30
08/05/19	5:00	78.5	78.7	78.5	95	76.9	0.0	E	0.00	2.0	E	78.5	84.8	84.8	83.7	29.767	0.00	0.00	0	0.00	0	0.0	0.00	0.0	0.000	0.281	79.8	96	78.6	88.3	21.75	 .0708	0.000	703	1	100.0	30
08/05/19	5:30	78.6	78.6	78.4	95	77.0	0.0	E	0.00	1.0	E	78.6	85.0	85.0	84.4	29.773	0.00	0.00	19	0.82	70	0.0	0.00	0.0	0.000	0.283	79.8	96	78.6	88.3	21.75	 .0708	0.000	698	1	100.0	30
08/05/19	6:00	79.3	79.4	78.6	95	77.7	0.0	E	0.00	1.0	E	79.3	86.7	86.7	87.8	29.772	0.00	0.00	91	3.91	100	0.0	0.00	0.0	0.000	0.298	80.2	96	79.0	89.4	21.75	 .0707	0.001	701	1	100.0	30
08/05/19	6:30	80.0	80.0	79.2	95	78.4	0.0	---	0.00	0.0	---	80.0	88.5	88.5	93.0	29.774	0.00	0.00	117	5.03	137	0.0	0.00	0.5	0.000	0.313	80.8	96	79.6	91.1	21.75	 .0706	0.000	702	1	100.0	30
08/05/19	7:00	80.2	80.2	79.5	95	78.6	0.0	---	0.00	0.0	---	80.2	89.1	89.1	94.3	29.789	0.00	0.00	149	6.41	193	0.7	0.15	0.8	0.000	0.317	81.1	95	79.5	91.6	21.65	 .0706	0.003	701	1	100.0	30
08/05/19	7:30	81.7	81.9	80.2	93	79.5	0.0	E	0.00	3.0	E	81.7	92.6	92.6	99.3	29.789	0.00	0.00	218	9.38	299	1.4	0.30	2.0	0.000	0.348	81.8	95	80.2	93.6	21.65	 .0704	0.000	700	1	100.0	30
08/05/19	8:00	84.1	84.1	81.4	89	80.5	1.0	ENE	0.50	3.0	E	84.1	98.3	98.3	107.7	29.789	0.00	0.00	359	15.44	483	2.7	0.58	3.4	0.000	0.398	82.4	92	79.8	94.3	21.20	 .0704	0.007	701	1	100.0	30
08/05/19	8:30	84.5	85.7	83.8	88	80.6	1.0	NNE	0.50	3.0	NNE	84.5	99.2	99.2	108.3	29.778	0.00	0.00	385	16.56	601	3.4	0.73	4.1	0.000	0.406	83.3	93	81.1	97.5	21.32	 .0701	0.000	702	1	100.0	30
08/05/19	9:00	83.5	84.5	83.1	92	80.9	1.0	ESE	0.50	3.0	E	83.5	97.7	97.7	103.2	29.789	0.00	0.00	240	10.32	749	3.8	0.81	6.3	0.000	0.385	83.2	93	81.0	97.2	21.31	 .0702	0.009	702	1	100.0	30
08/05/19	9:30	86.1	86.6	83.5	84	80.7	1.0	SSW	0.50	5.0	SSW	86.1	102.4	102.4	115.1	29.792	0.00	0.00	733	31.52	879	7.0	1.50	8.0	0.000	0.440	84.6	89	81.0	100.0	19.49	 .0700	0.000	701	1	100.0	30
08/05/19	10:00	87.8	87.8	86.1	81	81.2	2.0	SW	1.00	7.0	WSW	87.8	106.2	106.2	119.2	29.791	0.00	0.00	791	34.02	886	8.2	1.76	9.1	0.000	0.475	85.9	84	80.5	101.7	17.21	 .0699	0.020	700	1	100.0	30
08/05/19	10:30	88.1	88.8	87.8	80	81.1	1.0	SSW	0.50	5.0	SSW	88.1	106.5	106.5	119.5	29.775	0.00	0.00	887	38.15	942	8.5	1.82	11.3	0.000	0.481	87.1	82	80.9	104.5	16.47	 .0697	0.000	700	1	100.0	30
08/05/19	11:00	88.4	88.7	87.0	80	81.4	2.0	SSW	1.00	6.0	SSW	88.4	107.6	107.6	119.1	29.790	0.00	0.00	988	42.49	1288	12.4	2.66	14.8	0.000	0.488	88.2	81	81.6	107.6	16.02	 .0695	0.025	699	1	100.0	30
08/05/19	11:30	87.7	89.1	87.0	82	81.5	2.0	ESE	1.00	8.0	SSW	87.7	106.5	106.5	118.3	29.781	0.00	0.00	985	42.36	1329	11.8	2.53	14.9	0.000	0.473	88.3	80	81.3	107.2	15.62	 .0695	0.000	701	1	100.0	30
08/05/19	12:00	85.4	87.7	84.6	86	80.7	3.0	ESE	1.50	8.0	SE	85.4	101.2	101.2	110.5	29.775	0.00	0.00	438	18.84	831	6.8	1.46	12.5	0.000	0.425	87.0	83	81.2	104.8	16.77	 .0696	0.019	699	1	100.0	30
08/05/19	12:30	82.3	85.7	82.3	88	78.4	3.0	SE	1.50	9.0	SE	82.3	92.6	92.6	97.9	29.784	0.00	0.00	243	10.45	599	3.6	0.77	9.3	0.000	0.360	85.2	83	79.4	99.1	16.84	 .0700	0.000	699	1	100.0	30
08/05/19	13:00	79.2	82.3	79.2	91	76.3	2.0	SE	1.00	8.0	S	79.2	85.4	85.4	87.2	29.778	0.00	0.00	108	4.64	179	1.6	0.34	2.5	0.000	0.296	82.8	85	77.8	93.0	17.78	 .0705	0.005	698	1	100.0	30
08/05/19	13:30	79.6	79.6	78.9	93	77.4	1.0	NE	0.50	4.0	NE	79.6	86.9	86.9	88.1	29.784	0.00	0.00	81	3.48	148	1.0	0.21	2.1	0.000	0.304	82.0	89	78.4	92.0	19.75	 .0705	0.000	702	1	100.0	30
08/05/19	14:00	78.8	79.7	78.8	92	76.3	1.0	NNW	0.50	5.0	NNW	78.8	84.7	84.7	86.1	29.775	0.01	0.11	87	3.74	123	1.2	0.26	1.7	0.000	0.288	81.6	88	77.7	90.7	19.19	 .0706	0.002	699	1	100.0	30
08/05/19	14:30	78.2	78.9	77.9	93	76.0	1.0	SE	0.50	6.0	ESE	78.2	83.6	83.6	85.9	29.754	0.07	0.24	114	4.90	134	1.4	0.30	1.6	0.000	0.275	81.0	89	77.4	89.3	19.85	 .0707	0.000	702	1	100.0	30
08/05/19	15:00	77.6	78.2	77.6	93	75.4	0.0	NNE	0.00	3.0	NNE	77.6	82.4	82.4	83.8	29.758	0.00	0.00	74	3.18	93	0.8	0.17	1.1	0.000	0.262	80.9	89	77.4	89.0	19.86	 .0707	0.002	702	1	100.0	30
08/05/19	15:30	78.1	78.3	77.7	93	75.9	0.0	ESE	0.00	2.0	NE	78.1	83.4	83.4	84.7	29.761	0.00	0.00	63	2.71	77	0.5	0.11	0.8	0.000	0.273	80.9	90	77.7	89.3	20.38	 .0707	0.000	699	1	100.0	30
08/05/19	16:00	78.1	78.2	77.9	93	75.9	0.0	ESE	0.00	1.0	ESE	78.1	83.4	83.4	84.0	29.762	0.02	0.05	37	1.59	46	0.0	0.00	0.0	0.000	0.273	80.8	90	77.6	89.0	20.39	 .0707	0.001	698	1	100.0	30
08/05/19	16:30	77.9	78.2	77.9	94	76.0	0.0	ESE	0.00	2.0	ESE	77.9	83.2	83.2	83.1	29.766	0.00	0.00	16	0.69	23	0.0	0.00	0.0	0.000	0.269	80.3	91	77.4	88.1	21.03	 .0708	0.000	699	1	100.0	30
08/05/19	17:00	77.8	77.9	77.6	94	75.9	0.0	ESE	0.00	1.0	ESE	77.8	83.0	83.0	82.6	29.789	0.02	0.05	8	0.34	9	0.0	0.00	0.0	0.000	0.267	80.2	91	77.3	87.8	21.03	 .0709	0.000	703	1	100.0	30
08/05/19	17:30	77.8	77.8	77.7	94	75.9	0.0	ESE	0.00	1.0	ESE	77.8	83.0	83.0	81.9	29.801	0.02	0.05	1	0.04	5	0.0	0.00	0.0	0.000	0.267	80.1	92	77.6	87.9	21.15	 .0709	0.000	702	1	100.0	30
08/05/19	18:00	77.8	77.9	77.7	94	75.9	0.0	---	0.00	0.0	---	77.8	83.0	83.0	81.9	29.811	0.03	0.06	0	0.00	0	0.0	0.00	0.0	0.000	0.267	80.0	92	77.5	87.6	21.15	 .0709	0.000	702	1	100.0	30
08/05/19	18:30	77.8	77.8	77.7	94	75.9	0.0	ESE	0.00	1.0	ESE	77.8	83.0	83.0	81.9	29.823	0.02	0.06	0	0.00	0	0.0	0.00	0.0	0.000	0.267	80.1	92	77.6	87.9	21.15	 .0709	0.000	700	1	100.0	30
08/05/19	19:00	77.9	77.9	77.8	94	76.0	0.0	---	0.00	0.0	---	77.9	83.2	83.2	82.2	29.829	0.01	0.04	0	0.00	0	0.0	0.00	0.0	0.000	0.269	79.9	93	77.7	87.7	21.25	 .0710	0.000	702	1	100.0	30
08/05/19	19:30	77.9	78.0	77.9	94	76.0	0.0	ESE	0.00	1.0	ESE	77.9	83.2	83.2	82.2	29.827	0.02	0.04	0	0.00	0	0.0	0.00	0.0	0.000	0.269	80.0	93	77.8	87.9	21.25	 .0710	0.000	700	1	100.0	30
08/05/19	20:00	78.0	78.0	77.9	94	76.1	0.0	---	0.00	0.0	---	78.0	83.4	83.4	82.4	29.834	0.01	0.04	0	0.00	0	0.0	0.00	0.0	0.000	0.271	80.0	93	77.8	87.9	21.25	 .0710	0.000	701	1	100.0	30
08/05/19	20:30	78.0	78.0	77.9	94	76.1	0.0	---	0.00	0.0	---	78.0	83.4	83.4	82.4	29.831	0.00	0.00	0	0.00	0	0.0	0.00	0.0	0.000	0.271	79.8	93	77.6	87.4	21.25	 .0710	0.000	701	1	100.0	30
08/05/19	21:00	77.8	78.0	77.8	94	75.9	0.0	ESE	0.00	1.0	ESE	77.8	83.0	83.0	81.9	29.826	0.00	0.00	0	0.00	0	0.0	0.00	0.0	0.000	0.267	79.6	93	77.4	86.9	21.24	 .0710	0.000	700	1	100.0	30
08/05/19	21:30	77.7	77.9	77.7	94	75.8	0.0	ESE	0.00	1.0	ESE	77.7	82.8	82.8	81.7	29.819	0.00	0.00	0	0.00	0	0.0	0.00	0.0	0.000	0.265	79.6	93	77.4	86.9	21.24	 .0710	0.000	700	1	100.0	30
08/05/19	22:00	77.6	77.8	77.6	94	75.7	0.0	---	0.00	0.0	---	77.6	82.6	82.6	81.5	29.823	0.00	0.00	0	0.00	0	0.0	0.00	0.0	0.000	0.262	79.5	93	77.3	86.7	21.24	 .0710	0.000	702	1	100.0	30
08/05/19	22:30	77.6	77.7	77.6	94	75.7	0.0	---	0.00	0.0	---	77.6	82.6	82.6	81.5	29.812	0.01	0.00	0	0.00	0	0.0	0.00	0.0	0.000	0.262	79.3	94	77.4	86.4	21.35	 .0710	0.000	699	1	100.0	30
08/05/19	23:00	77.5	77.7	77.5	94	75.6	0.0	N	0.00	2.0	N	77.5	82.3	82.3	81.2	29.797	0.00	0.00	0	0.00	0	0.0	0.00	0.0	0.000	0.260	79.2	94	77.3	86.2	21.35	 .0710	0.000	698	1	100.0	30
08/05/19	23:30	77.4	77.5	77.4	94	75.5	0.0	SW	0.00	2.0	N	77.4	82.1	82.1	81.0	29.787	0.00	0.00	0	0.00	0	0.0	0.00	0.0	0.000	0.258	79.2	94	77.3	86.2	21.35	 .0710	0.000	700	1	100.0	30
09/05/19	00:00	77.3	77.4	77.2	94	75.4	0.0	WNW	0.00	2.0	W	77.3	81.9	81.9	80.8	29.776	0.00	0.00	0	0.00	0	0.0	0.00	0.0	0.000	0.256	79.0	94	77.1	85.7	21.35	 .0710	0.000	699	1	100.0	30
09/05/19	0:30	77.2	77.3	77.1	94	75.3	0.0	WNW	0.00	1.0	WNW	77.2	81.7	81.7	80.6	29.757	0.00	0.00	0	0.00	0	0.0	0.00	0.0	0.000	0.254	78.9	94	77.0	85.4	21.35	 .0710	0.000	702	1	100.0	30
09/05/19	1:00	77.0	77.2	77.0	94	75.1	0.0	WNW	0.00	1.0	WNW	77.0	81.3	81.3	80.2	29.744	0.00	0.00	0	0.00	0	0.0	0.00	0.0	0.000	0.250	78.7	94	76.8	85.0	21.35	 .0710	0.000	698	1	100.0	30
09/05/19	1:30	76.9	77.1	76.8	94	75.0	0.0	WNW	0.00	1.0	WNW	76.9	81.1	81.1	80.0	29.743	0.00	0.00	0	0.00	0	0.0	0.00	0.0	0.000	0.248	78.5	94	76.6	84.5	21.35	 .0710	0.000	700	1	100.0	30
09/05/19	2:00	76.9	77.0	76.8	94	75.0	0.0	WNW	0.00	1.0	WNW	76.9	81.1	81.1	80.0	29.756	0.00	0.00	0	0.00	0	0.0	0.00	0.0	0.000	0.248	78.7	94	76.8	85.0	21.35	 .0710	0.000	700	1	100.0	30
09/05/19	2:30	76.8	76.9	76.8	94	74.9	0.0	---	0.00	0.0	---	76.8	81.0	81.0	79.9	29.760	0.00	0.00	0	0.00	0	0.0	0.00	0.0	0.000	0.246	78.7	94	76.8	85.0	21.35	 .0710	0.000	702	1	100.0	30
09/05/19	3:00	76.8	76.9	76.7	94	74.9	0.0	---	0.00	0.0	---	76.8	81.0	81.0	79.9	29.754	0.00	0.00	0	0.00	0	0.0	0.00	0.0	0.000	0.246	78.6	94	76.7	84.7	21.35	 .0710	0.000	703	1	100.0	30
09/05/19	3:30	76.7	76.8	76.6	94	74.8	0.0	WNW	0.00	1.0	WNW	76.7	80.8	80.8	79.7	29.757	0.00	0.00	0	0.00	0	0.0	0.00	0.0	0.000	0.244	78.5	94	76.6	84.5	21.35	 .0711	0.000	700	1	100.0	30
09/05/19	4:00	76.6	76.7	76.5	94	74.7	0.0	---	0.00	0.0	---	76.6	80.6	80.6	79.5	29.756	0.00	0.00	0	0.00	0	0.0	0.00	0.0	0.000	0.242	78.4	94	76.5	84.3	21.35	 .0711	0.000	701	1	100.0	30
09/05/19	4:30	76.3	76.6	76.3	94	74.4	0.0	---	0.00	0.0	---	76.3	80.1	80.1	79.0	29.759	0.00	0.00	0	0.00	0	0.0	0.00	0.0	0.000	0.235	78.3	93	76.1	83.8	21.22	 .0711	0.000	697	1	100.0	30
09/05/19	5:00	76.1	76.3	76.1	94	74.2	0.0	---	0.00	0.0	---	76.1	79.7	79.7	78.6	29.769	0.00	0.00	0	0.00	0	0.0	0.00	0.0	0.000	0.231	78.2	94	76.3	83.8	21.35	 .0712	0.000	700	1	100.0	30
09/05/19	5:30	76.2	76.2	76.1	94	74.3	0.0	WNW	0.00	1.0	WNW	76.2	79.9	79.9	78.8	29.773	0.00	0.00	2	0.09	11	0.0	0.00	0.0	0.000	0.233	78.1	94	76.2	83.6	21.35	 .0712	0.000	701	1	100.0	30
09/05/19	6:00	76.4	76.4	76.1	94	74.5	0.0	---	0.00	0.0	---	76.4	80.3	80.3	79.7	29.781	0.00	0.00	23	0.99	35	0.0	0.00	0.0	0.000	0.238	78.3	94	76.4	84.1	21.35	 .0712	0.000	701	1	100.0	30
09/05/19	6:30	76.8	76.8	76.4	94	74.9	0.0	WNW	0.00	1.0	WNW	76.8	81.0	81.0	82.3	29.795	0.00	0.00	44	1.89	49	0.0	0.00	0.0	0.000	0.246	78.3	94	76.4	84.1	21.35	 .0712	0.000	701	1	100.0	30
09/05/19	7:00	77.4	77.4	76.7	94	75.5	0.0	WNW	0.00	1.0	WNW	77.4	82.1	82.1	83.8	29.808	0.00	0.00	61	2.62	81	0.1	0.02	0.5	0.000	0.258	78.4	95	76.8	84.5	21.65	 .0712	0.001	701	1	100.0	30
09/05/19	7:30	78.2	78.2	77.4	95	76.6	0.0	---	0.00	0.0	---	78.2	84.1	84.1	86.9	29.813	0.00	0.00	101	4.34	134	0.7	0.15	1.1	0.000	0.275	79.0	95	77.4	85.9	21.65	 .0711	0.000	697	1	100.0	30
09/05/19	8:00	79.3	79.3	78.2	95	77.7	0.0	WNW	0.00	1.0	WNW	79.3	86.7	86.7	91.1	29.823	0.00	0.00	169	7.27	211	1.6	0.34	2.1	0.000	0.298	79.7	96	78.5	88.0	21.75	 .0709	0.003	700	1	100.0	30
09/05/19	8:30	80.7	80.7	79.3	94	78.8	0.0	WNW	0.00	2.0	WNW	80.7	90.1	90.1	95.7	29.832	0.00	0.00	231	9.93	246	2.6	0.56	5.1	0.000	0.327	80.6	96	79.4	90.5	21.75	 .0708	0.000	702	1	100.0	30
09/05/19	9:00	82.8	82.8	80.6	93	80.6	0.0	NW	0.00	3.0	NW	82.8	95.9	95.9	102.9	29.840	0.00	0.00	308	13.25	431	4.3	0.92	7.8	0.000	0.371	81.6	95	80.0	93.0	21.65	 .0706	0.008	701	1	100.0	30
09/05/19	9:30	82.7	84.9	82.5	90	79.5	1.0	N	0.50	4.0	N	82.7	94.3	94.3	103.3	29.844	0.00	0.00	429	18.45	758	5.4	1.16	7.4	0.000	0.369	82.9	91	80.0	95.3	20.82	 .0704	0.000	700	1	100.0	30
09/05/19	10:00	84.7	84.7	82.6	88	80.7	1.0	S	0.50	4.0	S	84.7	99.9	99.9	108.3	29.835	0.00	0.00	399	17.16	476	5.5	1.18	6.2	0.000	0.410	83.3	90	80.1	96.2	20.19	 .0704	0.012	698	1	100.0	30
09/05/19	10:30	84.7	85.0	84.2	83	79.0	1.0	S	0.50	3.0	SSW	84.7	97.6	97.6	106.9	29.835	0.00	0.00	450	19.35	591	6.2	1.33	7.3	0.000	0.410	83.9	88	80.0	97.3	18.96	 .0703	0.000	702	1	100.0	30
09/05/19	11:00	84.1	85.1	84.1	83	78.4	1.0	SSW	0.50	3.0	S	84.1	95.9	95.9	103.7	29.823	0.00	0.00	358	15.40	636	5.1	1.09	7.6	0.000	0.398	84.1	86	79.5	97.1	18.10	 .0703	0.011	699	1	100.0	30
09/05/19	11:30	84.7	84.7	83.7	84	79.3	1.0	SSW	0.50	2.0	SSW	84.7	98.1	98.1	106.3	29.808	0.00	0.00	374	16.08	561	5.6	1.20	7.7	0.000	0.410	84.0	86	79.4	96.8	18.11	 .0703	0.000	700	1	100.0	30
09/05/19	12:00	84.8	85.4	84.6	85	79.8	1.0	SSW	0.50	4.0	S	84.8	98.8	98.8	108.8	29.803	0.00	0.00	478	20.56	575	7.2	1.54	8.0	0.000	0.413	84.8	85	79.8	98.8	17.66	 .0701	0.011	700	1	100.0	30
09/05/19	12:30	84.9	85.0	84.3	82	78.8	1.0	SSW	0.50	4.0	SSE	84.9	97.7	97.7	107.6	29.793	0.00	0.00	488	20.99	564	7.4	1.59	8.1	0.000	0.415	85.1	83	79.4	98.8	16.85	 .0701	0.000	699	1	100.0	30
09/05/19	13:00	86.0	86.9	84.8	80	79.1	2.0	S	1.00	5.0	SSW	86.0	99.9	99.9	112.8	29.773	0.00	0.00	786	33.80	1160	10.7	2.29	14.3	0.000	0.438	86.5	81	80.0	102.0	16.09	 .0698	0.018	700	1	100.0	30
09/05/19	13:30	85.1	86.7	85.0	85	80.1	2.0	SSW	1.00	6.0	S	85.1	99.7	99.7	111.4	29.765	0.00	0.00	616	26.49	1104	7.5	1.61	12.2	0.000	0.419	86.7	81	80.2	102.7	16.08	 .0697	0.000	699	1	100.0	30
09/05/19	14:00	83.6	85.3	83.5	85	78.6	1.0	SW	0.50	4.0	SSW	83.6	95.2	95.2	101.3	29.757	0.00	0.00	274	11.78	343	3.5	0.75	4.4	0.000	0.387	85.6	82	79.5	99.8	16.53	 .0699	0.012	703	1	100.0	30
09/05/19	14:30	84.4	84.5	83.6	84	79.0	1.0	SSW	0.50	5.0	SSW	84.4	97.2	97.2	104.5	29.737	0.00	0.00	313	13.46	359	3.7	0.79	4.0	0.000	0.404	85.2	82	79.1	98.6	16.54	 .0700	0.000	700	1	100.0	30
09/05/19	15:00	85.0	85.3	84.3	85	80.0	1.0	S	0.50	6.0	E	85.0	99.4	99.4	110.0	29.735	0.00	0.00	444	19.09	659	3.9	0.84	5.0	0.000	0.417	85.9	83	80.1	101.2	16.81	 .0698	0.011	700	1	100.0	30
09/05/19	15:30	83.4	85.4	83.3	87	79.1	1.0	S	0.50	6.0	S	83.4	95.4	95.4	103.8	29.736	0.00	0.00	293	12.60	540	2.2	0.47	3.7	0.000	0.383	85.8	83	80.0	100.9	16.82	 .0698	0.000	699	1	100.0	30
09/05/19	16:00	83.2	83.4	82.4	89	79.6	1.0	SE	0.50	4.0	S	83.2	95.5	95.5	99.4	29.735	0.00	0.00	120	5.16	160	1.0	0.21	1.2	0.000	0.379	84.6	85	79.6	98.2	17.67	 .0700	0.006	697	1	100.0	30
09/05/19	16:30	81.7	83.2	81.7	90	78.5	0.0	SW	0.00	3.0	SW	81.7	91.5	91.5	94.1	29.748	0.00	0.00	74	3.18	125	0.2	0.04	0.7	0.000	0.348	84.0	87	79.7	97.2	18.51	 .0701	0.000	700	1	100.0	30
09/05/19	17:00	81.5	82.0	81.4	91	78.6	0.0	SW	0.00	2.0	SW	81.5	91.3	91.3	92.6	29.754	0.00	0.00	39	1.68	53	0.0	0.00	0.0	0.000	0.344	83.3	88	79.4	95.4	19.02	 .0702	0.002	697	1	100.0	30
09/05/19	17:30	81.1	81.5	81.0	92	78.6	0.0	SSE	0.00	1.0	SSE	81.1	90.5	90.5	90.1	29.750	0.00	0.00	29	1.25	37	0.0	0.00	0.0	0.000	0.335	82.9	89	79.3	94.6	19.66	 .0703	0.000	702	1	100.0	30
09/05/19	18:00	80.7	81.1	80.7	92	78.2	0.0	SSE	0.00	1.0	SSE	80.7	89.4	89.4	88.4	29.769	0.00	0.00	3	0.13	12	0.0	0.00	0.0	0.000	0.327	82.5	90	79.3	93.8	20.25	 .0704	0.000	701	1	100.0	30
09/05/19	18:30	80.4	80.9	80.3	92	77.9	0.0	SSE	0.00	1.0	SSE	80.4	88.6	88.6	87.5	29.781	0.00	0.00	0	0.00	0	0.0	0.00	0.0	0.000	0.321	82.1	90	78.9	92.6	20.28	 .0705	0.000	701	1	100.0	30
09/05/19	19:00	80.2	80.4	80.2	93	78.0	0.0	SSE	0.00	3.0	SSE	80.2	88.4	88.4	87.3	29.790	0.01	0.00	0	0.00	0	0.0	0.00	0.0	0.000	0.317	81.9	92	79.3	92.8	21.19	 .0705	0.000	700	1	100.0	30
09/05/19	19:30	79.8	80.3	79.7	92	77.3	1.0	NNE	0.50	5.0	NE	79.8	87.1	87.1	86.0	29.808	0.03	0.23	0	0.00	0	0.0	0.00	0.0	0.000	0.308	81.1	91	78.2	90.1	20.96	 .0707	0.000	700	1	100.0	30
09/05/19	20:00	77.3	79.8	77.3	92	74.8	2.0	NNW	1.00	7.0	NNE	77.3	81.6	81.6	80.3	29.822	0.13	0.84	0	0.00	0	0.0	0.00	0.0	0.000	0.256	79.6	90	76.4	86.1	20.45	 .0711	0.000	700	1	100.0	30
09/05/19	20:30	76.8	77.3	76.8	93	74.6	1.0	NW	0.50	4.0	SSE	76.8	80.8	80.8	79.5	29.834	0.89	4.40	0	0.00	0	0.0	0.00	0.0	0.000	0.246	79.3	91	76.4	85.6	21.04	 .0712	0.000	698	1	100.0	30
09/05/19	21:00	76.7	76.9	76.7	93	74.5	0.0	ESE	0.00	2.0	NNE	76.7	80.6	80.6	79.3	29.829	0.18	0.79	0	0.00	0	0.0	0.00	0.0	0.000	0.244	79.4	91	76.5	85.9	21.04	 .0711	0.000	699	1	100.0	30
09/05/19	21:30	76.6	76.8	76.6	93	74.4	0.0	ESE	0.00	1.0	ESE	76.6	80.5	80.5	79.2	29.823	0.02	0.13	0	0.00	0	0.0	0.00	0.0	0.000	0.242	79.2	91	76.3	85.4	21.03	 .0712	0.000	700	1	100.0	30
09/05/19	22:00	76.5	76.6	76.5	94	74.6	0.0	NW	0.00	3.0	NNW	76.5	80.4	80.4	79.1	29.823	0.03	0.06	0	0.00	0	0.0	0.00	0.0	0.000	0.240	79.0	92	76.5	85.2	21.13	 .0712	0.000	700	1	100.0	30
09/05/19	22:30	76.6	76.6	76.5	94	74.7	0.0	NW	0.00	1.0	NW	76.6	80.6	80.6	79.3	29.803	0.00	0.00	0	0.00	0	0.0	0.00	0.0	0.000	0.242	79.0	92	76.5	85.2	21.13	 .0711	0.000	701	1	100.0	30
09/05/19	23:00	76.6	76.7	76.5	94	74.7	0.0	NE	0.00	2.0	N	76.6	80.6	80.6	79.3	29.795	0.00	0.00	0	0.00	0	0.0	0.00	0.0	0.000	0.242	79.1	92	76.6	85.4	21.13	 .0711	0.000	699	1	100.0	30
09/05/19	23:30	76.5	76.7	76.5	94	74.6	0.0	---	0.00	0.0	---	76.5	80.4	80.4	79.1	29.782	0.00	0.00	0	0.00	0	0.0	0.00	0.0	0.000	0.240	79.1	92	76.6	85.4	21.13	 .0711	0.000	701	1	100.0	30
10/05/19	00:00	76.3	76.5	76.3	94	74.4	0.0	---	0.00	0.0	---	76.3	80.1	80.1	78.8	29.778	0.00	0.00	0	0.00	0	0.0	0.00	0.0	0.000	0.235	78.9	92	76.4	85.0	21.13	 .0711	0.000	698	1	100.0	30
10/05/19	0:30	76.2	76.3	76.2	94	74.3	0.0	NE	0.00	1.0	NE	76.2	79.9	79.9	78.6	29.771	0.00	0.00	0	0.00	0	0.0	0.00	0.0	0.000	0.233	78.7	92	76.2	84.5	21.12	 .0711	0.000	698	1	100.0	30
10/05/19	1:00	76.0	76.2	76.0	94	74.1	0.0	---	0.00	0.0	---	76.0	79.6	79.6	78.3	29.769	0.00	0.00	0	0.00	0	0.0	0.00	0.0	0.000	0.229	78.7	92	76.2	84.5	21.12	 .0711	0.000	700	1	100.0	30
10/05/19	1:30	75.8	76.0	75.7	94	73.9	0.0	---	0.00	0.0	---	75.8	79.3	79.3	78.0	29.762	0.00	0.00	0	0.00	0	0.0	0.00	0.0	0.000	0.225	78.5	92	76.0	84.1	21.12	 .0711	0.000	699	1	100.0	30
10/05/19	2:00	75.6	75.8	75.6	94	73.8	0.0	---	0.00	0.0	---	75.6	79.0	79.0	77.7	29.763	0.01	0.00	0	0.00	0	0.0	0.00	0.0	0.000	0.221	78.5	91	75.7	83.8	21.02	 .0712	0.000	699	1	100.0	30
10/05/19	2:30	75.5	75.6	75.5	94	73.7	0.0	---	0.00	0.0	---	75.5	78.9	78.9	77.6	29.759	0.00	0.00	0	0.00	0	0.0	0.00	0.0	0.000	0.219	78.5	91	75.7	83.8	21.02	 .0711	0.000	701	1	100.0	30
10/05/19	3:00	75.7	75.7	75.5	94	73.8	0.0	---	0.00	0.0	---	75.7	79.1	79.1	77.8	29.760	0.00	0.00	0	0.00	0	0.0	0.00	0.0	0.000	0.223	78.4	92	75.9	83.8	21.12	 .0711	0.000	703	1	100.0	30
10/05/19	3:30	76.0	76.0	75.7	94	74.1	0.0	---	0.00	0.0	---	76.0	79.6	79.6	78.3	29.764	0.00	0.00	0	0.00	0	0.0	0.00	0.0	0.000	0.229	78.5	92	76.0	84.1	21.12	 .0711	0.000	696	1	100.0	30
10/05/19	4:00	76.1	76.1	75.9	94	74.2	0.0	---	0.00	0.0	---	76.1	79.7	79.7	78.4	29.769	0.00	0.00	0	0.00	0	0.0	0.00	0.0	0.000	0.231	78.5	93	76.3	84.3	21.22	 .0711	0.000	701	1	100.0	30
10/05/19	4:30	75.9	76.1	75.9	94	74.0	0.0	---	0.00	0.0	---	75.9	79.4	79.4	78.1	29.769	0.00	0.00	0	0.00	0	0.0	0.00	0.0	0.000	0.227	78.4	92	75.9	83.8	21.12	 .0712	0.000	701	1	100.0	30
10/05/19	5:00	75.8	76.0	75.8	94	73.9	0.0	---	0.00	0.0	---	75.8	79.3	79.3	78.0	29.775	0.00	0.00	0	0.00	0	0.0	0.00	0.0	0.000	0.225	78.3	92	75.8	83.6	21.12	 .0712	0.000	699	1	100.0	30
10/05/19	5:30	75.6	75.8	75.6	94	73.8	0.0	---	0.00	0.0	---	75.6	79.0	79.0	77.7	29.791	0.00	0.00	1	0.04	7	0.0	0.00	0.0	0.000	0.221	78.1	92	75.6	83.2	21.11	 .0713	0.000	701	1	100.0	30
10/05/19	6:00	75.7	75.7	75.6	94	73.8	0.0	---	0.00	0.0	---	75.7	79.1	79.1	78.2	29.793	0.00	0.00	18	0.77	32	0.0	0.00	0.0	0.000	0.223	78.2	93	76.0	83.6	21.21	 .0712	0.000	702	1	100.0	30
10/05/19	6:30	76.3	76.3	75.6	94	74.4	0.0	---	0.00	0.0	---	76.3	80.1	80.1	81.7	29.797	0.00	0.00	50	2.15	69	0.0	0.00	0.5	0.000	0.235	78.4	93	76.2	84.1	21.22	 .0712	0.000	701	1	100.0	30
10/05/19	7:00	77.1	77.1	76.3	95	75.6	0.0	---	0.00	0.0	---	77.1	81.7	81.7	82.6	29.798	0.00	0.00	42	1.81	63	0.1	0.02	0.7	0.000	0.252	78.6	94	76.7	84.7	21.35	 .0711	0.001	698	1	100.0	30
10/05/19	7:30	77.9	77.9	77.0	95	76.4	0.0	NE	0.00	1.0	NE	77.9	83.4	83.4	84.2	29.813	0.00	0.00	46	1.98	125	0.1	0.02	1.4	0.000	0.269	79.0	95	77.4	85.9	21.65	 .0711	0.000	699	1	100.0	30
10/05/19	8:00	78.8	78.8	77.9	95	77.2	0.0	NE	0.00	1.0	NE	78.8	85.4	85.4	87.1	29.826	0.00	0.00	78	3.35	114	1.4	0.30	1.8	0.000	0.288	79.4	95	77.8	86.9	21.65	 .0710	0.002	701	1	100.0	30
10/05/19	8:30	80.0	80.0	78.7	95	78.4	0.0	---	0.00	0.0	---	80.0	88.5	88.5	92.6	29.827	0.00	0.00	173	7.44	413	2.6	0.56	4.2	0.000	0.313	79.9	95	78.3	88.2	21.65	 .0709	0.000	702	1	100.0	30
10/05/19	9:00	80.3	80.8	79.8	95	78.7	0.0	NW	0.00	1.0	NW	80.3	89.3	89.3	93.6	29.837	0.00	0.00	195	8.39	628	3.7	0.79	5.5	0.000	0.319	80.7	95	79.1	90.5	21.65	 .0708	0.005	698	1	100.0	30
10/05/19	9:30	82.9	83.1	80.3	91	80.0	0.0	NW	0.00	3.0	NNW	82.9	95.3	95.3	104.3	29.829	0.00	0.00	425	18.28	935	5.2	1.11	8.3	0.000	0.373	81.9	94	80.0	93.5	21.39	 .0705	0.000	703	1	100.0	30
10/05/19	10:00	85.2	85.2	82.8	88	81.2	1.0	W	0.50	5.0	SSE	85.2	101.5	101.5	114.0	29.821	0.00	0.00	701	30.15	1067	6.8	1.46	9.0	0.000	0.421	83.3	90	80.1	96.2	20.19	 .0703	0.015	701	1	100.0	30
10/05/19	10:30	85.2	86.5	85.0	85	80.2	2.0	SSW	1.00	5.0	SSW	85.2	100.0	100.0	112.6	29.812	0.00	0.00	920	39.57	1074	7.1	1.52	11.7	0.000	0.421	85.0	87	80.7	100.4	18.45	 .0700	0.000	699	1	100.0	30
10/05/19	11:00	85.9	85.9	84.7	88	81.9	1.0	SE	0.50	6.0	SSW	85.9	103.9	103.9	117.2	29.812	0.00	0.00	840	36.12	1046	10.8	2.31	13.2	0.000	0.435	85.4	87	81.1	101.7	18.43	 .0699	0.022	698	1	100.0	30
10/05/19	11:30	86.6	86.7	85.6	82	80.4	2.0	SSW	1.00	7.0	S	86.6	102.9	102.9	112.8	29.801	0.00	0.00	1066	45.84	1352	12.6	2.70	15.3	0.000	0.450	86.5	84	81.1	103.7	17.19	 .0698	0.000	703	1	100.0	30
10/05/19	12:00	85.2	86.7	85.0	83	79.4	2.0	SSW	1.00	7.0	SSW	85.2	99.1	99.1	111.9	29.790	0.00	0.00	733	31.52	1118	10.3	2.21	13.5	0.000	0.421	86.6	82	80.4	102.9	16.49	 .0698	0.024	700	1	100.0	30
10/05/19	12:30	86.3	87.7	85.2	85	81.3	2.0	S	1.00	6.0	SSW	86.3	103.6	103.6	115.4	29.779	0.00	0.00	1077	46.32	1385	12.4	2.66	15.0	0.000	0.444	87.6	81	81.0	105.6	16.05	 .0696	0.000	700	1	100.0	30
10/05/19	13:00	85.8	86.8	85.5	84	80.4	2.0	SSW	1.00	6.0	SW	85.8	101.4	101.4	113.9	29.764	0.00	0.00	706	30.36	981	9.1	1.95	10.9	0.000	0.433	87.5	81	80.9	105.2	16.05	 .0696	0.023	697	1	100.0	30
10/05/19	13:30	85.1	85.8	84.8	84	79.7	2.0	SSW	1.00	5.0	SSW	85.1	99.3	99.3	110.0	29.750	0.00	0.00	538	23.14	749	6.9	1.48	9.2	0.000	0.419	86.9	82	80.7	103.9	16.47	 .0696	0.000	700	1	100.0	30
10/05/19	14:00	86.9	86.9	85.1	81	80.4	2.0	S	1.00	8.0	SSE	86.9	103.3	103.3	115.0	29.738	0.00	0.00	801	34.45	1085	8.0	1.71	10.0	0.000	0.456	87.5	81	80.9	105.2	16.05	 .0695	0.018	701	1	100.0	30
10/05/19	14:30	87.0	87.8	86.5	84	81.6	2.0	S	1.00	7.0	ESE	87.0	105.4	105.4	118.3	29.743	0.00	0.00	774	33.29	819	6.7	1.44	7.6	0.000	0.458	88.2	81	81.6	107.6	16.02	 .0694	0.000	701	1	100.0	30
10/05/19	15:00	86.1	87.5	86.1	78	78.4	2.0	SE	1.00	9.0	SSE	86.1	99.2	99.2	112.1	29.736	0.00	0.00	668	28.73	740	4.9	1.05	5.7	0.000	0.440	87.9	75	79.0	102.9	14.13	 .0696	0.019	701	1	100.0	30
10/05/19	15:30	85.7	86.8	85.6	79	78.4	2.0	SSE	1.00	8.0	S	85.7	98.6	98.6	111.1	29.742	0.00	0.00	540	23.22	649	3.3	0.71	4.0	0.000	0.431	87.9	76	79.4	103.5	14.38	 .0696	0.000	698	1	100.0	30
10/05/19	16:00	83.9	85.9	83.9	88	80.0	1.0	SSW	0.50	6.0	SSE	83.9	97.3	97.3	105.3	29.745	0.00	0.00	244	10.49	399	1.5	0.32	2.3	0.000	0.394	86.9	79	79.6	102.2	15.34	 .0697	0.011	698	1	100.0	30
10/05/19	16:30	82.6	84.0	82.6	87	78.3	1.0	SSW	0.50	7.0	W	82.6	93.1	93.1	98.7	29.753	0.00	0.00	148	6.36	285	0.5	0.11	1.1	0.000	0.367	85.9	80	79.0	99.6	15.71	 .0699	0.000	702	1	100.0	30
10/05/19	17:00	78.3	82.6	78.3	92	75.8	1.0	WNW	0.50	5.0	S	78.3	83.6	83.6	84.1	29.759	0.39	2.47	25	1.08	47	0.0	0.00	0.0	0.000	0.277	83.2	84	77.9	93.7	17.32	 .0704	0.002	703	1	100.0	30
10/05/19	17:30	78.4	78.5	78.2	93	76.2	1.0	NNW	0.50	3.0	WNW	78.4	84.1	84.1	83.1	29.772	0.33	3.87	6	0.26	12	0.0	0.00	0.0	0.000	0.279	81.4	89	77.8	90.4	19.81	 .0706	0.000	702	1	100.0	30
10/05/19	18:00	78.6	78.7	78.4	94	76.7	0.0	NNW	0.00	1.0	NNW	78.6	84.7	84.7	83.6	29.775	0.00	0.00	0	0.00	0	0.0	0.00	0.0	0.000	0.283	81.5	89	77.9	90.7	19.80	 .0706	0.000	700	1	100.0	30
10/05/19	18:30	78.6	78.8	78.5	94	76.7	0.0	SSE	0.00	3.0	SE	78.6	84.7	84.7	83.6	29.787	0.01	0.00	0	0.00	0	0.0	0.00	0.0	0.000	0.283	81.5	90	78.3	90.9	20.33	 .0706	0.000	701	1	100.0	30
10/05/19	19:00	78.5	78.7	78.5	94	76.6	1.0	WNW	0.50	5.0	SW	78.5	84.5	84.5	83.4	29.797	0.24	3.92	0	0.00	0	0.0	0.00	0.0	0.000	0.281	81.2	91	78.3	90.4	20.95	 .0707	0.000	699	1	100.0	30
10/05/19	19:30	76.1	78.5	76.1	93	73.9	3.0	NNE	1.50	17.0	NNE	76.1	79.6	79.6	78.3	29.822	0.88	7.78	0	0.00	0	0.0	0.00	0.0	0.000	0.231	78.9	90	75.7	84.5	20.45	 .0712	0.000	700	1	100.0	30
10/05/19	20:00	75.6	76.2	75.5	94	73.8	0.0	SSW	0.00	2.0	NNE	75.6	79.0	79.0	77.7	29.836	0.21	0.89	0	0.00	0	0.0	0.00	0.0	0.000	0.221	79.3	90	76.1	85.4	20.45	 .0712	0.000	700	1	100.0	30
10/05/19	20:30	75.5	75.6	75.4	94	73.7	0.0	SSW	0.00	1.0	SSW	75.5	78.9	78.9	77.6	29.839	0.12	0.44	0	0.00	0	0.0	0.00	0.0	0.000	0.219	79.2	90	76.0	85.2	20.45	 .0712	0.000	702	1	100.0	30
10/05/19	21:00	75.5	75.6	75.5	94	73.7	0.0	---	0.00	0.0	---	75.5	78.9	78.9	77.6	29.839	0.09	0.21	0	0.00	0	0.0	0.00	0.0	0.000	0.219	78.9	90	75.7	84.5	20.45	 .0713	0.000	700	1	100.0	30
10/05/19	21:30	75.5	75.6	75.5	94	73.7	0.0	---	0.00	0.0	---	75.5	78.9	78.9	77.6	29.841	0.06	0.18	0	0.00	0	0.0	0.00	0.0	0.000	0.219	78.8	91	75.9	84.5	21.03	 .0713	0.000	698	1	100.0	30
10/05/19	22:00	75.5	75.6	75.4	94	73.7	0.0	---	0.00	0.0	---	75.5	78.9	78.9	77.6	29.843	0.04	0.09	0	0.00	0	0.0	0.00	0.0	0.000	0.219	78.7	91	75.8	84.3	21.02	 .0713	0.000	701	1	100.0	30
10/05/19	22:30	75.5	75.6	75.5	94	73.7	0.0	---	0.00	0.0	---	75.5	78.9	78.9	77.6	29.851	0.01	0.06	0	0.00	0	0.0	0.00	0.0	0.000	0.219	78.8	91	75.9	84.5	21.03	 .0713	0.000	701	1	100.0	30
10/05/19	23:00	75.5	75.6	75.4	94	73.7	0.0	---	0.00	0.0	---	75.5	78.9	78.9	77.6	29.844	0.02	0.00	0	0.00	0	0.0	0.00	0.0	0.000	0.219	79.0	90	75.8	84.7	20.45	 .0713	0.000	700	1	100.0	30
10/05/19	23:30	75.6	75.6	75.5	95	74.1	0.0	---	0.00	0.0	---	75.6	79.1	79.1	77.9	29.840	0.00	0.00	0	0.00	0	0.0	0.00	0.0	0.000	0.221	78.9	91	76.0	84.7	21.03	 .0713	0.000	698	1	100.0	30
11/05/19	00:00	75.7	75.7	75.5	95	74.2	0.0	---	0.00	0.0	---	75.7	79.3	79.3	78.1	29.831	0.00	0.00	0	0.00	0	0.0	0.00	0.0	0.000	0.223	78.4	91	75.6	83.6	21.02	 .0713	0.000	699	1	100.0	30
11/05/19	0:30	75.7	75.8	75.6	95	74.2	0.0	WSW	0.00	2.0	WSW	75.7	79.3	79.3	78.1	29.822	0.05	0.38	0	0.00	0	0.0	0.00	0.0	0.000	0.223	78.6	91	75.8	84.1	21.02	 .0713	0.000	697	1	100.0	30
11/05/19	1:00	75.7	75.8	75.6	95	74.2	0.0	WSW	0.00	1.0	WSW	75.7	79.3	79.3	78.1	29.805	0.01	0.10	0	0.00	0	0.0	0.00	0.0	0.000	0.223	78.5	92	76.0	84.1	21.12	 .0712	0.000	700	1	100.0	30
11/05/19	1:30	75.8	75.8	75.6	95	74.3	0.0	WSW	0.00	2.0	WSW	75.8	79.4	79.4	78.2	29.792	0.00	0.00	0	0.00	0	0.0	0.00	0.0	0.000	0.225	78.5	92	76.0	84.1	21.12	 .0712	0.000	699	1	100.0	30
11/05/19	2:00	75.5	75.8	75.5	95	74.0	0.0	WSW	0.00	1.0	WSW	75.5	79.0	79.0	77.7	29.785	0.00	0.00	0	0.00	0	0.0	0.00	0.0	0.000	0.219	78.2	92	75.7	83.4	21.11	 .0712	0.000	702	1	100.0	30
11/05/19	2:30	75.4	75.6	75.3	95	73.9	0.0	---	0.00	0.0	---	75.4	78.9	78.9	77.6	29.779	0.00	0.00	0	0.00	0	0.0	0.00	0.0	0.000	0.217	78.2	92	75.7	83.4	21.11	 .0712	0.000	698	1	100.0	30
11/05/19	3:00	75.6	75.6	75.3	95	74.1	0.0	---	0.00	0.0	---	75.6	79.1	79.1	77.9	29.778	0.00	0.00	0	0.00	0	0.0	0.00	0.0	0.000	0.221	78.2	92	75.7	83.4	21.11	 .0712	0.000	702	1	100.0	30
11/05/19	3:30	75.5	75.7	75.5	95	74.0	0.0	---	0.00	0.0	---	75.5	79.0	79.0	77.7	29.778	0.00	0.00	0	0.00	0	0.0	0.00	0.0	0.000	0.219	78.1	92	75.6	83.2	21.11	 .0712	0.000	699	1	100.0	30
11/05/19	4:00	75.4	75.6	75.3	95	73.9	0.0	WSW	0.00	1.0	WSW	75.4	78.9	78.9	77.6	29.783	0.00	0.00	0	0.00	0	0.0	0.00	0.0	0.000	0.217	77.8	93	75.6	82.8	21.21	 .0713	0.000	701	1	100.0	30
11/05/19	4:30	75.2	75.4	75.1	95	73.7	0.0	NNW	0.00	2.0	WSW	75.2	78.6	78.6	77.3	29.786	0.00	0.00	0	0.00	0	0.0	0.00	0.0	0.000	0.212	77.6	92	75.1	82.1	21.10	 .0714	0.000	701	1	100.0	30
11/05/19	5:00	75.1	75.2	75.0	95	73.6	0.0	NNE	0.00	3.0	N	75.1	78.4	78.4	77.1	29.790	0.00	0.00	0	0.00	0	0.0	0.00	0.0	0.000	0.210	77.4	93	75.2	81.9	21.20	 .0714	0.000	702	1	100.0	30
11/05/19	5:30	75.1	75.2	75.0	95	73.6	0.0	NE	0.00	2.0	NE	75.1	78.4	78.4	77.2	29.794	0.00	0.00	1	0.04	7	0.0	0.00	0.0	0.000	0.210	77.4	93	75.2	81.9	21.20	 .0714	0.000	701	1	100.0	30
11/05/19	6:00	75.3	75.3	75.1	95	73.8	0.0	NE	0.00	2.0	NE	75.3	78.7	78.7	77.8	29.798	0.00	0.00	14	0.60	21	0.0	0.00	0.0	0.000	0.215	77.5	93	75.3	82.1	21.20	 .0714	0.000	700	1	100.0	30
11/05/19	6:30	75.6	75.6	75.2	95	74.1	0.0	NE	0.00	6.0	ESE	75.6	79.1	79.1	80.0	29.809	0.00	0.00	36	1.55	53	0.0	0.00	0.0	0.000	0.221	77.7	93	75.5	82.6	21.20	 .0714	0.000	701	1	100.0	30
11/05/19	7:00	76.3	76.7	75.6	95	74.8	1.0	NW	0.50	4.0	NE	76.3	80.2	80.2	82.5	29.811	0.00	0.00	77	3.31	105	0.2	0.04	0.7	0.000	0.235	78.2	93	76.0	83.6	21.21	 .0713	0.001	697	1	100.0	30
11/05/19	7:30	78.2	78.2	76.1	94	76.3	1.0	S	0.50	5.0	SSE	78.2	83.8	83.8	87.9	29.810	0.00	0.00	142	6.11	179	1.0	0.21	1.4	0.000	0.275	79.0	93	76.8	85.4	21.23	 .0711	0.000	701	1	100.0	30
11/05/19	8:00	79.3	79.3	78.0	94	77.4	1.0	S	0.50	4.0	WSW	79.3	86.4	86.4	91.8	29.816	0.00	0.00	201	8.64	232	1.8	0.39	2.2	0.000	0.298	79.9	93	77.7	87.7	21.25	 .0709	0.004	700	1	100.0	30
11/05/19	8:30	80.7	80.7	79.3	93	78.5	0.0	WSW	0.00	2.0	WSW	80.7	89.8	89.8	96.7	29.818	0.00	0.00	287	12.34	373	2.8	0.60	3.6	0.000	0.327	80.6	93	78.4	89.5	21.26	 .0708	0.000	699	1	100.0	30
11/05/19	9:00	82.2	82.2	80.7	91	79.3	0.0	SSW	0.00	3.0	S	82.2	93.3	93.3	103.1	29.818	0.00	0.00	456	19.61	570	4.4	0.94	5.3	0.000	0.358	81.5	92	78.9	91.6	21.18	 .0706	0.009	701	1	100.0	30
11/05/19	9:30	83.7	83.8	82.0	88	79.8	1.0	SW	0.50	3.0	SSW	83.7	96.7	96.7	107.8	29.822	0.00	0.00	569	24.47	693	5.8	1.24	6.4	0.000	0.390	82.5	90	79.3	93.8	20.25	 .0705	0.000	701	1	100.0	30
11/05/19	10:00	83.8	83.9	82.6	86	79.2	1.0	SW	0.50	5.0	SSW	83.8	96.2	96.2	107.0	29.821	0.00	0.00	553	23.78	930	6.5	1.39	8.0	0.000	0.392	83.1	89	79.5	95.2	19.64	 .0704	0.015	698	1	100.0	30
11/05/19	10:30	84.7	84.7	83.5	83	79.0	2.0	SW	1.00	6.0	SW	84.7	97.6	97.6	108.8	29.810	0.00	0.00	579	24.90	1058	7.2	1.54	13.0	0.000	0.410	83.9	85	78.9	96.1	17.72	 .0703	0.000	703	1	100.0	30
11/05/19	11:00	85.3	86.2	84.7	81	78.8	1.0	SSE	0.50	5.0	S	85.3	98.4	98.4	111.4	29.806	0.00	0.00	772	33.20	1317	9.7	2.08	14.1	0.000	0.423	85.0	85	80.0	99.4	17.65	 .0701	0.019	701	1	100.0	30
11/05/19	11:30	84.9	85.8	84.4	86	80.2	1.0	S	0.50	6.0	S	84.9	99.6	99.6	110.2	29.799	0.00	0.00	512	22.02	826	9.0	1.93	13.3	0.000	0.415	85.1	86	80.4	100.2	18.04	 .0700	0.000	701	1	100.0	30
11/05/19	12:00	86.7	86.8	84.0	84	81.3	2.0	SSW	1.00	9.0	S	86.7	104.4	104.4	117.5	29.784	0.00	0.00	894	38.45	1125	11.9	2.55	13.6	0.000	0.452	86.0	84	80.6	102.1	17.21	 .0698	0.019	700	1	100.0	30
11/05/19	12:30	87.3	87.4	85.9	82	81.1	3.0	S	1.50	9.0	SSW	87.3	105.2	105.2	116.6	29.776	0.00	0.00	1043	44.85	1178	12.7	2.72	13.4	0.000	0.465	87.0	82	80.8	104.2	16.47	 .0697	0.000	702	1	100.0	30
11/05/19	13:00	87.0	87.8	86.6	81	80.5	2.0	SE	1.00	9.0	SSE	87.0	103.6	103.6	115.6	29.765	0.00	0.00	1015	43.65	1174	11.6	2.49	12.8	0.000	0.458	87.6	80	80.7	104.9	15.65	 .0696	0.027	700	1	100.0	30
11/05/19	13:30	86.4	87.3	86.2	81	79.9	2.0	SSW	1.00	9.0	S	86.4	101.7	101.7	113.8	29.756	0.00	0.00	863	37.11	1162	9.3	1.99	11.8	0.000	0.446	87.9	79	80.6	105.3	15.28	 .0695	0.000	699	1	100.0	30
11/05/19	14:00	85.1	86.7	85.1	83	79.4	3.0	SSW	1.50	8.0	S	85.1	98.8	98.8	110.3	29.747	0.00	0.00	803	34.53	977	8.0	1.71	10.4	0.000	0.419	87.8	78	80.1	104.4	14.93	 .0696	0.021	701	1	100.0	30
11/05/19	14:30	85.1	87.0	84.5	85	80.1	2.0	SSW	1.00	7.0	SW	85.1	99.7	99.7	111.6	29.740	0.00	0.00	583	25.07	976	6.0	1.29	8.4	0.000	0.419	87.4	79	80.1	103.7	15.31	 .0696	0.000	701	1	100.0	30
11/05/19	15:00	85.8	86.4	85.0	83	80.0	2.0	SW	1.00	7.0	WNW	85.8	100.9	100.9	114.4	29.742	0.00	0.00	694	29.85	854	5.0	1.07	6.3	0.000	0.433	88.1	78	80.4	105.3	14.90	 .0695	0.017	702	1	100.0	30
11/05/19	15:30	85.2	85.8	85.1	84	79.8	2.0	SSW	1.00	6.0	SSW	85.2	99.6	99.6	113.8	29.745	0.00	0.00	607	26.10	682	3.2	0.69	4.2	0.000	0.421	88.1	78	80.4	105.3	14.90	 .0695	0.000	702	1	100.0	30
11/05/19	16:00	84.1	85.4	84.1	85	79.1	2.0	SSW	1.00	5.0	S	84.1	96.7	96.7	106.5	29.736	0.00	0.00	315	13.55	599	1.7	0.36	2.6	0.000	0.398	87.4	79	80.1	103.7	15.31	 .0696	0.012	701	1	100.0	30
11/05/19	16:30	83.4	84.1	83.4	87	79.1	1.0	SSW	0.50	5.0	SSW	83.4	95.4	95.4	99.4	29.738	0.00	0.00	106	4.56	190	0.8	0.17	1.0	0.000	0.383	86.5	81	80.0	102.0	16.09	 .0697	0.000	701	1	100.0	30
11/05/19	17:00	82.9	83.6	82.9	88	79.0	1.0	SW	0.50	3.0	SW	82.9	94.2	94.2	96.2	29.741	0.00	0.00	55	2.37	102	0.1	0.02	0.5	0.000	0.373	85.5	83	79.7	100.0	16.83	 .0699	0.002	700	1	100.0	30
11/05/19	17:30	81.2	82.9	81.2	90	78.0	0.0	SW	0.00	4.0	SW	81.2	90.1	90.1	89.3	29.742	0.00	0.00	15	0.65	28	0.0	0.00	0.0	0.000	0.337	84.4	85	79.4	97.6	17.69	 .0700	0.000	699	1	100.0	30
11/05/19	18:00	80.6	81.2	80.6	92	78.1	0.0	SW	0.00	1.0	SW	80.6	89.2	89.2	88.1	29.746	0.00	0.00	2	0.09	7	0.0	0.00	0.0	0.000	0.325	83.6	87	79.3	96.0	18.53	 .0702	0.000	702	1	100.0	30
11/05/19	18:30	80.0	80.6	80.0	92	77.5	0.0	---	0.00	0.0	---	80.0	87.6	87.6	86.4	29.755	0.00	0.00	0	0.00	0	0.0	0.00	0.0	0.000	0.313	82.9	87	78.6	93.9	18.58	 .0703	0.000	701	1	100.0	30
11/05/19	19:00	79.5	80.0	79.5	93	77.3	0.0	---	0.00	0.0	---	79.5	86.7	86.7	85.5	29.763	0.00	0.00	0	0.00	0	0.0	0.00	0.0	0.000	0.302	82.5	88	78.6	93.1	19.10	 .0704	0.000	701	1	100.0	30
11/05/19	19:30	79.4	79.6	79.3	93	77.2	0.0	---	0.00	0.0	---	79.4	86.4	86.4	85.2	29.776	0.00	0.00	0	0.00	0	0.0	0.00	0.0	0.000	0.300	82.3	89	78.7	92.9	19.72	 .0705	0.000	703	1	100.0	30
11/05/19	20:00	79.4	79.5	79.3	93	77.2	0.0	SW	0.00	1.0	SW	79.4	86.4	86.4	85.2	29.782	0.00	0.00	0	0.00	0	0.0	0.00	0.0	0.000	0.300	82.0	90	78.8	92.3	20.29	 .0705	0.000	701	1	100.0	30
11/05/19	20:30	79.5	79.5	79.4	93	77.3	0.0	---	0.00	0.0	---	79.5	86.7	86.7	85.5	29.791	0.00	0.00	0	0.00	0	0.0	0.00	0.0	0.000	0.302	82.0	90	78.8	92.3	20.29	 .0705	0.000	702	1	100.0	30
11/05/19	21:00	79.1	79.5	79.1	93	76.9	0.0	---	0.00	0.0	---	79.1	85.7	85.7	84.5	29.791	0.00	0.00	0	0.00	0	0.0	0.00	0.0	0.000	0.294	81.8	90	78.6	91.7	20.31	 .0706	0.000	701	1	100.0	30
11/05/19	21:30	78.9	79.2	78.8	94	77.0	0.0	---	0.00	0.0	---	78.9	85.4	85.4	84.2	29.800	0.00	0.00	0	0.00	0	0.0	0.00	0.0	0.000	0.290	81.6	90	78.4	91.2	20.32	 .0706	0.000	702	1	100.0	30
11/05/19	22:00	78.7	78.9	78.6	94	76.8	0.0	---	0.00	0.0	---	78.7	85.0	85.0	83.8	29.806	0.00	0.00	0	0.00	0	0.0	0.00	0.0	0.000	0.285	81.5	90	78.3	90.9	20.33	 .0707	0.000	701	1	100.0	30
11/05/19	22:30	78.5	78.7	78.4	94	76.6	0.0	---	0.00	0.0	---	78.5	84.5	84.5	83.3	29.810	0.00	0.00	0	0.00	0	0.0	0.00	0.0	0.000	0.281	81.4	91	78.5	91.0	20.94	 .0707	0.000	698	1	100.0	30
11/05/19	23:00	78.4	78.6	78.3	94	76.5	0.0	---	0.00	0.0	---	78.4	84.3	84.3	83.1	29.811	0.00	0.00	0	0.00	0	0.0	0.00	0.0	0.000	0.279	81.2	91	78.3	90.4	20.95	 .0707	0.000	701	1	100.0	30
11/05/19	23:30	78.2	78.4	78.1	94	76.3	0.0	---	0.00	0.0	---	78.2	83.8	83.8	82.6	29.806	0.00	0.00	0	0.00	0	0.0	0.00	0.0	0.000	0.275	81.1	90	77.9	89.8	20.36	 .0707	0.000	700	1	100.0	30
12/05/19	00:00	78.2	78.3	78.1	94	76.3	0.0	---	0.00	0.0	---	78.2	83.8	83.8	82.6	29.798	0.00	0.00	0	0.00	0	0.0	0.00	0.0	0.000	0.275	80.9	91	78.0	89.6	20.98	 .0707	0.000	700	1	100.0	30
12/05/19	0:30	78.2	78.2	78.1	94	76.3	0.0	---	0.00	0.0	---	78.2	83.8	83.8	82.6	29.789	0.00	0.00	0	0.00	0	0.0	0.00	0.0	0.000	0.275	80.9	91	78.0	89.6	20.98	 .0707	0.000	700	1	100.0	30
12/05/19	1:00	77.9	78.2	77.8	94	76.0	0.0	---	0.00	0.0	---	77.9	83.2	83.2	82.0	29.787	0.00	0.00	0	0.00	0	0.0	0.00	0.0	0.000	0.269	80.5	91	77.6	88.6	21.01	 .0708	0.000	702	1	100.0	30
12/05/19	1:30	77.9	78.0	77.9	94	76.0	0.0	---	0.00	0.0	---	77.9	83.2	83.2	82.0	29.777	0.00	0.00	0	0.00	0	0.0	0.00	0.0	0.000	0.269	80.7	91	77.8	89.1	20.99	 .0707	0.000	698	1	100.0	30
12/05/19	2:00	78.0	78.0	77.9	94	76.1	0.0	---	0.00	0.0	---	78.0	83.4	83.4	82.2	29.767	0.00	0.00	0	0.00	0	0.0	0.00	0.0	0.000	0.271	80.6	92	78.1	89.2	21.16	 .0707	0.000	701	1	100.0	30
12/05/19	2:30	78.1	78.2	77.9	94	76.2	0.0	---	0.00	0.0	---	78.1	83.6	83.6	82.4	29.769	0.00	0.00	0	0.00	0	0.0	0.00	0.0	0.000	0.273	80.5	92	78.0	88.9	21.16	 .0707	0.000	700	1	100.0	30
12/05/19	3:00	78.0	78.2	78.0	94	76.1	0.0	---	0.00	0.0	---	78.0	83.4	83.4	82.2	29.777	0.00	0.00	0	0.00	0	0.0	0.00	0.0	0.000	0.271	80.4	92	77.9	88.6	21.16	 .0708	0.000	702	1	100.0	30
12/05/19	3:30	78.0	78.2	78.0	94	76.1	0.0	---	0.00	0.0	---	78.0	83.4	83.4	82.2	29.775	0.00	0.00	0	0.00	0	0.0	0.00	0.0	0.000	0.271	80.4	92	77.9	88.6	21.16	 .0708	0.000	701	1	100.0	30
12/05/19	4:00	77.8	78.2	77.8	94	75.9	0.0	---	0.00	0.0	---	77.8	83.0	83.0	81.7	29.787	0.01	0.00	0	0.00	0	0.0	0.00	0.0	0.000	0.267	80.2	92	77.7	88.1	21.15	 .0708	0.000	702	1	100.0	30
12/05/19	4:30	77.9	77.9	77.7	94	76.0	0.0	---	0.00	0.0	---	77.9	83.2	83.2	82.0	29.784	0.00	0.00	0	0.00	0	0.0	0.00	0.0	0.000	0.269	80.1	93	77.9	88.2	21.25	 .0708	0.000	700	1	100.0	30
12/05/19	5:00	77.8	77.9	77.7	94	75.9	0.0	NNW	0.00	2.0	NNW	77.8	83.0	83.0	81.7	29.798	0.01	0.00	0	0.00	0	0.0	0.00	0.0	0.000	0.267	79.9	93	77.7	87.7	21.25	 .0709	0.000	699	1	100.0	30
12/05/19	5:30	77.7	77.9	77.6	94	75.8	1.0	WNW	0.50	5.0	NNE	77.7	82.8	82.8	81.5	29.811	0.01	0.00	0	0.00	0	0.0	0.00	0.0	0.000	0.265	79.7	93	77.5	87.2	21.24	 .0710	0.000	703	1	100.0	30
12/05/19	6:00	76.8	77.8	76.8	94	74.9	1.0	ENE	0.50	4.0	NE	76.8	81.0	81.0	79.7	29.825	0.24	1.07	0	0.00	0	0.0	0.00	0.0	0.000	0.246	79.5	92	77.0	86.4	21.14	 .0711	0.000	701	1	100.0	30
12/05/19	6:30	76.3	76.8	76.3	94	74.4	0.0	ENE	0.00	2.0	NE	76.3	80.1	80.1	79.2	29.835	0.44	1.67	0	0.00	0	0.0	0.00	0.0	0.000	0.235	79.1	92	76.6	85.4	21.13	 .0712	0.000	702	1	100.0	30
12/05/19	7:00	76.1	76.4	76.0	94	74.2	0.0	SSE	0.00	4.0	SSE	76.1	79.7	79.7	78.8	29.832	0.31	1.29	0	0.00	0	0.0	0.00	0.0	0.000	0.231	78.8	92	76.3	84.7	21.13	 .0712	0.000	700	1	100.0	30
12/05/19	7:30	76.1	76.1	76.0	94	74.2	0.0	E	0.00	3.0	SSE	76.1	79.7	79.7	78.8	29.849	0.09	0.55	0	0.00	0	0.0	0.00	0.0	0.000	0.231	78.8	92	76.3	84.7	21.13	 .0713	0.000	702	1	100.0	30
12/05/19	8:00	75.9	76.1	75.8	94	74.0	0.0	E	0.00	2.0	E	75.9	79.4	79.4	78.5	29.857	0.07	0.20	0	0.00	0	0.0	0.00	0.0	0.000	0.227	78.8	92	76.3	84.7	21.13	 .0713	0.000	702	1	100.0	30
12/05/19	8:30	75.6	76.0	75.5	95	74.1	0.0	NNE	0.00	2.0	E	75.6	79.1	79.1	78.2	29.854	0.03	0.14	0	0.00	0	0.0	0.00	0.0	0.000	0.221	78.2	92	75.7	83.4	21.11	 .0714	0.000	700	1	100.0	30
12/05/19	9:00	75.8	75.8	75.6	95	74.3	0.0	NNE	0.00	1.0	NNE	75.8	79.4	79.4	78.5	29.866	0.05	0.12	1	0.04	5	0.0	0.00	0.0	0.000	0.225	78.4	92	75.9	83.8	21.12	 .0714	0.000	701	1	100.0	30
12/05/19	9:30	75.7	75.8	75.6	95	74.2	0.0	NNE	0.00	1.0	NNE	75.7	79.3	79.3	78.6	29.856	0.05	0.14	6	0.26	9	0.0	0.00	0.0	0.000	0.223	78.3	92	75.8	83.6	21.12	 .0714	0.000	700	1	100.0	30
12/05/19	10:00	75.7	75.7	75.6	95	74.2	0.0	NNE	0.00	1.0	NNE	75.7	79.3	79.3	78.7	29.853	0.04	0.14	11	0.47	14	0.0	0.00	0.0	0.000	0.223	78.3	93	76.1	83.8	21.22	 .0714	0.000	702	1	100.0	30
12/05/19	10:30	75.7	75.8	75.6	95	74.2	0.0	NNE	0.00	1.0	NNE	75.7	79.3	79.3	78.9	29.846	0.04	0.09	18	0.77	23	0.0	0.00	0.0	0.000	0.223	78.1	93	75.9	83.4	21.21	 .0714	0.000	702	1	100.0	30
12/05/19	11:00	75.9	76.0	75.7	95	74.4	0.0	NNE	0.00	1.0	NNE	75.9	79.6	79.6	79.4	29.829	0.03	0.07	29	1.25	37	0.0	0.00	0.0	0.000	0.227	78.3	93	76.1	83.8	21.22	 .0713	0.001	701	1	100.0	30
12/05/19	11:30	76.3	76.3	75.9	95	74.8	0.0	NNE	0.00	2.0	NNE	76.3	80.2	80.2	80.5	29.812	0.02	0.07	47	2.02	60	0.1	0.02	1.0	0.000	0.235	78.3	93	76.1	83.8	21.22	 .0713	0.000	701	1	100.0	30
12/05/19	12:00	76.8	76.9	76.2	95	75.3	0.0	NNE	0.00	1.0	NNE	76.8	81.1	81.1	82.1	29.792	0.01	0.04	76	3.27	86	1.2	0.26	1.4	0.000	0.246	78.8	93	76.6	85.0	21.23	 .0711	0.002	701	1	100.0	30
12/05/19	12:30	77.2	77.3	76.7	95	75.7	0.0	NNE	0.00	1.0	NNE	77.2	81.9	81.9	83.4	29.793	0.00	0.00	94	4.04	102	1.5	0.32	1.6	0.000	0.254	78.9	94	77.0	85.4	21.35	 .0711	0.000	700	1	100.0	30
12/05/19	13:00	77.7	77.7	77.1	95	76.2	0.0	NNE	0.00	2.0	NNE	77.7	83.0	83.0	85.3	29.798	0.00	0.00	127	5.46	165	1.9	0.41	2.4	0.000	0.265	79.0	94	77.1	85.7	21.35	 .0711	0.003	701	1	100.0	30
12/05/19	13:30	78.5	78.6	77.7	95	76.9	0.0	NNE	0.00	1.0	NNE	78.5	84.8	84.8	89.2	29.797	0.00	0.00	210	9.03	241	2.8	0.60	3.1	0.000	0.281	79.5	95	77.9	87.2	21.65	 .0709	0.000	702	1	100.0	30
12/05/19	14:00	79.2	79.5	78.5	93	77.0	0.0	NNE	0.00	1.0	NNE	79.2	85.9	85.9	91.9	29.788	0.00	0.00	276	11.87	334	3.2	0.69	3.4	0.000	0.296	80.1	93	77.9	88.2	21.25	 .0708	0.006	702	1	100.0	30
12/05/19	14:30	81.1	81.4	79.3	90	77.9	0.0	ESE	0.00	2.0	ESE	81.1	89.8	89.8	99.8	29.776	0.00	0.00	458	19.70	592	3.9	0.84	4.5	0.000	0.335	81.3	93	79.1	91.4	21.28	 .0706	0.000	701	1	100.0	30
12/05/19	15:00	82.6	83.0	81.1	88	78.7	1.0	NW	0.50	3.0	NW	82.6	93.4	93.4	105.0	29.754	0.00	0.00	517	22.23	564	3.9	0.84	4.4	0.000	0.367	82.3	90	79.1	93.2	20.27	 .0704	0.012	703	1	100.0	30
12/05/19	15:30	81.8	83.0	81.8	86	77.2	1.0	SSW	0.50	6.0	SSW	81.8	90.7	90.7	102.2	29.753	0.00	0.00	476	20.47	545	2.8	0.60	3.4	0.000	0.350	83.1	87	78.8	94.5	18.56	 .0703	0.000	700	1	100.0	30
12/05/19	16:00	80.6	81.8	80.5	89	77.1	1.0	SSW	0.50	8.0	SSW	80.6	88.3	88.3	95.9	29.751	0.00	0.00	235	10.11	329	1.5	0.32	2.0	0.000	0.325	82.8	87	78.5	93.6	18.58	 .0703	0.009	699	1	100.0	30
12/05/19	16:30	79.4	80.7	79.3	93	77.2	0.0	SW	0.00	2.0	SW	79.4	86.4	86.4	89.7	29.762	0.00	0.00	92	3.96	130	0.7	0.15	1.0	0.000	0.300	81.4	91	78.5	91.0	20.94	 .0706	0.000	703	1	100.0	30
12/05/19	17:00	78.4	79.3	78.3	93	76.2	0.0	NNE	0.00	2.0	SW	78.4	84.1	84.1	85.6	29.769	0.00	0.00	45	1.94	60	0.1	0.02	0.5	0.000	0.279	80.1	92	77.6	87.9	21.15	 .0708	0.002	700	1	100.0	30
12/05/19	17:30	78.2	78.5	78.2	94	76.3	0.0	NNE	0.00	1.0	NNE	78.2	83.8	83.8	83.2	29.773	0.00	0.00	24	1.03	35	0.0	0.00	0.0	0.000	0.275	80.1	93	77.9	88.2	21.25	 .0708	0.000	699	1	100.0	30
12/05/19	18:00	77.5	78.2	77.5	93	75.3	0.0	NNE	0.00	1.0	NNE	77.5	82.1	82.1	80.9	29.785	0.00	0.00	1	0.04	9	0.0	0.00	0.0	0.000	0.260	79.6	92	77.1	86.6	21.14	 .0710	0.000	701	1	100.0	30
12/05/19	18:30	76.4	77.5	76.3	94	74.5	0.0	---	0.00	0.0	---	76.4	80.3	80.3	79.0	29.793	0.00	0.00	0	0.00	0	0.0	0.00	0.0	0.000	0.238	79.0	92	76.5	85.2	21.13	 .0711	0.000	702	1	100.0	30
12/05/19	19:00	75.7	76.4	75.7	94	73.8	0.0	---	0.00	0.0	---	75.7	79.1	79.1	77.8	29.801	0.00	0.00	0	0.00	0	0.0	0.00	0.0	0.000	0.223	78.5	91	75.7	83.8	21.02	 .0712	0.000	702	1	100.0	30
12/05/19	19:30	75.1	75.7	75.1	94	73.3	0.0	---	0.00	0.0	---	75.1	78.3	78.3	77.0	29.810	0.00	0.00	0	0.00	0	0.0	0.00	0.0	0.000	0.210	78.3	91	75.5	83.4	21.02	 .0713	0.000	702	1	100.0	30
12/05/19	20:00	75.1	75.2	75.1	94	73.3	0.0	---	0.00	0.0	---	75.1	78.3	78.3	77.0	29.820	0.00	0.00	0	0.00	0	0.0	0.00	0.0	0.000	0.210	77.9	91	75.1	82.5	21.01	 .0714	0.000	701	1	100.0	30
12/05/19	20:30	75.0	75.1	75.0	94	73.2	0.0	---	0.00	0.0	---	75.0	78.2	78.2	76.9	29.817	0.00	0.00	0	0.00	0	0.0	0.00	0.0	0.000	0.208	77.7	91	74.9	82.1	21.00	 .0714	0.000	703	1	100.0	30
12/05/19	21:00	75.0	75.1	75.0	94	73.2	0.0	---	0.00	0.0	---	75.0	78.2	78.2	76.9	29.825	0.00	0.00	0	0.00	0	0.0	0.00	0.0	0.000	0.208	77.8	91	75.0	82.3	21.01	 .0714	0.000	701	1	100.0	30
12/05/19	21:30	74.8	75.0	74.8	94	73.0	0.0	---	0.00	0.0	---	74.8	77.8	77.8	76.4	29.830	0.00	0.00	0	0.00	0	0.0	0.00	0.0	0.000	0.204	77.8	91	75.0	82.3	21.01	 .0715	0.000	702	1	100.0	30
12/05/19	22:00	74.7	74.9	74.7	94	72.9	0.0	---	0.00	0.0	---	74.7	77.7	77.7	76.3	29.829	0.00	0.00	0	0.00	0	0.0	0.00	0.0	0.000	0.202	77.7	91	74.9	82.1	21.00	 .0715	0.000	700	1	100.0	30
12/05/19	22:30	74.6	74.7	74.6	94	72.8	0.0	---	0.00	0.0	---	74.6	77.5	77.5	76.1	29.828	0.00	0.00	0	0.00	0	0.0	0.00	0.0	0.000	0.200	77.5	91	74.7	81.8	21.00	 .0715	0.000	702	1	100.0	30
12/05/19	23:00	74.5	74.7	74.4	94	72.7	0.0	---	0.00	0.0	---	74.5	77.4	77.4	76.0	29.820	0.00	0.00	0	0.00	0	0.0	0.00	0.0	0.000	0.198	77.4	91	74.6	81.6	21.00	 .0715	0.000	702	1	100.0	30
12/05/19	23:30	74.4	74.5	74.3	94	72.6	0.0	---	0.00	0.0	---	74.4	77.2	77.2	75.8	29.818	0.00	0.00	0	0.00	0	0.0	0.00	0.0	0.000	0.196	77.3	91	74.5	81.4	21.00	 .0715	0.000	700	1	100.0	30
13/05/19	00:00	74.3	74.4	74.2	94	72.5	0.0	---	0.00	0.0	---	74.3	77.1	77.1	75.7	29.801	0.00	0.00	0	0.00	0	0.0	0.00	0.0	0.000	0.194	77.3	91	74.5	81.4	21.00	 .0715	0.000	700	1	100.0	30
13/05/19	0:30	74.2	74.3	74.1	94	72.4	0.0	---	0.00	0.0	---	74.2	76.9	76.9	75.5	29.793	0.00	0.00	0	0.00	0	0.0	0.00	0.0	0.000	0.192	77.2	91	74.4	81.2	20.99	 .0715	0.000	698	1	100.0	30
13/05/19	1:00	74.0	74.2	74.0	94	72.2	0.0	---	0.00	0.0	---	74.0	76.6	76.6	75.2	29.790	0.00	0.00	0	0.00	0	0.0	0.00	0.0	0.000	0.188	77.2	91	74.4	81.2	20.99	 .0715	0.000	701	1	100.0	30
13/05/19	1:30	73.9	74.1	73.9	94	72.1	0.0	---	0.00	0.0	---	73.9	76.5	76.5	75.1	29.785	0.00	0.00	0	0.00	0	0.0	0.00	0.0	0.000	0.185	77.0	91	74.2	80.8	20.99	 .0715	0.000	701	1	100.0	30
13/05/19	2:00	73.8	73.9	73.8	94	72.0	0.0	---	0.00	0.0	---	73.8	76.4	76.4	75.0	29.781	0.00	0.00	0	0.00	0	0.0	0.00	0.0	0.000	0.183	76.9	91	74.1	80.6	20.99	 .0715	0.000	702	1	100.0	30
13/05/19	2:30	73.7	73.9	73.7	94	71.9	0.0	---	0.00	0.0	---	73.7	76.2	76.2	74.8	29.781	0.00	0.00	0	0.00	0	0.0	0.00	0.0	0.000	0.181	76.8	91	74.0	80.5	20.99	 .0715	0.000	699	1	100.0	30
13/05/19	3:00	73.7	73.9	73.7	94	71.9	0.0	---	0.00	0.0	---	73.7	76.2	76.2	74.8	29.783	0.00	0.00	0	0.00	0	0.0	0.00	0.0	0.000	0.181	76.7	91	73.9	80.3	20.98	 .0716	0.000	699	1	100.0	30
13/05/19	3:30	73.6	73.7	73.5	94	71.8	0.0	---	0.00	0.0	---	73.6	76.1	76.1	74.7	29.790	0.00	0.00	0	0.00	0	0.0	0.00	0.0	0.000	0.179	76.6	91	73.8	80.1	20.98	 .0716	0.000	702	1	100.0	30
13/05/19	4:00	73.6	73.7	73.5	94	71.8	0.0	---	0.00	0.0	---	73.6	76.1	76.1	74.7	29.796	0.00	0.00	0	0.00	0	0.0	0.00	0.0	0.000	0.179	76.6	92	74.1	80.3	21.08	 .0716	0.000	699	1	100.0	30
13/05/19	4:30	73.6	73.6	73.5	94	71.8	0.0	---	0.00	0.0	---	73.6	76.1	76.1	74.7	29.806	0.00	0.00	0	0.00	0	0.0	0.00	0.0	0.000	0.179	76.5	92	74.0	80.1	21.08	 .0716	0.000	703	1	100.0	30
13/05/19	5:00	73.7	73.7	73.5	94	71.9	0.0	---	0.00	0.0	---	73.7	76.2	76.2	74.8	29.804	0.00	0.00	0	0.00	0	0.0	0.00	0.0	0.000	0.181	76.5	92	74.0	80.1	21.08	 .0716	0.000	701	1	100.0	30
13/05/19	5:30	73.7	73.8	73.6	94	71.9	0.0	---	0.00	0.0	---	73.7	76.2	76.2	74.8	29.817	0.00	0.00	0	0.00	5	0.0	0.00	0.0	0.000	0.181	76.4	92	73.9	80.0	21.08	 .0717	0.000	702	1	100.0	30
13/05/19	6:00	73.8	73.8	73.7	94	72.0	0.0	---	0.00	0.0	---	73.8	76.4	76.4	75.3	29.820	0.00	0.00	14	0.60	23	0.0	0.00	0.0	0.000	0.183	76.5	92	74.0	80.1	21.08	 .0717	0.000	701	1	100.0	30
13/05/19	6:30	74.5	74.5	73.7	95	73.0	0.0	---	0.00	0.0	---	74.5	77.5	77.5	78.1	29.827	0.00	0.00	32	1.38	40	0.0	0.00	0.0	0.000	0.198	76.6	93	74.4	80.5	21.18	 .0717	0.000	700	1	100.0	30
13/05/19	7:00	75.4	75.4	74.4	95	73.9	0.0	---	0.00	0.0	---	75.4	78.9	78.9	79.9	29.829	0.00	0.00	45	1.94	51	0.0	0.00	0.0	0.000	0.217	77.1	94	75.2	81.5	21.35	 .0715	0.001	702	1	100.0	30
13/05/19	7:30	76.8	76.8	75.3	95	75.3	0.0	NNE	0.00	1.0	NNE	76.8	81.1	81.1	84.8	29.836	0.00	0.00	128	5.50	281	0.9	0.19	2.2	0.000	0.246	77.6	95	76.1	82.8	21.65	 .0714	0.000	703	1	100.0	30
13/05/19	8:00	78.8	78.8	76.8	95	77.2	1.0	NNE	0.50	3.0	NE	78.8	85.4	85.4	94.1	29.835	0.00	0.00	336	14.45	441	2.8	0.60	3.5	0.000	0.288	78.3	96	77.1	84.5	21.75	 .0713	0.006	701	1	100.0	30
13/05/19	8:30	82.3	82.3	78.8	90	79.1	1.0	NE	0.50	3.0	NE	82.3	93.2	93.2	104.4	29.836	0.00	0.00	512	22.02	587	4.4	0.94	5.3	0.000	0.360	79.4	94	77.5	86.7	21.35	 .0711	0.000	699	1	100.0	30
13/05/19	9:00	84.9	85.0	82.2	82	78.8	1.0	SE	0.50	4.0	SE	84.9	97.7	97.7	110.1	29.854	0.00	0.00	696	29.93	837	6.3	1.35	7.1	0.000	0.415	81.2	94	79.3	91.5	21.37	 .0707	0.015	701	1	100.0	30
13/05/19	9:30	86.2	86.3	85.0	78	78.5	2.0	S	1.00	6.0	SSW	86.2	99.5	99.5	111.5	29.856	0.00	0.00	836	35.95	916	7.7	1.65	8.5	0.000	0.442	82.7	89	79.1	94.0	19.68	 .0706	0.000	699	1	100.0	30
13/05/19	10:00	86.9	86.9	85.2	79	79.6	2.0	S	1.00	4.0	S	86.9	102.2	102.2	115.0	29.847	0.00	0.00	845	36.34	1062	7.5	1.61	9.3	0.000	0.456	83.7	86	79.1	95.9	18.13	 .0704	0.021	703	1	100.0	30
13/05/19	10:30	86.8	87.4	86.5	81	80.3	2.0	SSW	1.00	8.0	SSW	86.8	103.0	103.0	116.0	29.831	0.00	0.00	867	37.29	986	7.4	1.59	11.6	0.000	0.454	84.9	83	79.2	98.2	16.85	 .0702	0.000	698	1	100.0	30
13/05/19	11:00	87.1	88.1	86.7	79	79.8	2.0	SSE	1.00	8.0	SW	87.1	102.8	102.8	113.6	29.832	0.00	0.00	998	42.92	1034	12.2	2.61	12.7	0.000	0.460	86.0	82	79.9	101.0	16.51	 .0700	0.024	701	1	100.0	30
13/05/19	11:30	86.9	87.8	86.3	81	80.4	2.0	SSW	1.00	7.0	WSW	86.9	103.3	103.3	114.8	29.828	0.00	0.00	988	42.49	1063	12.7	2.72	13.2	0.000	0.456	86.6	78	78.9	100.7	15.02	 .0700	0.000	701	1	100.0	30
13/05/19	12:00	86.9	87.5	86.0	78	79.2	3.0	SSW	1.50	7.0	SSW	86.9	101.6	101.6	113.2	29.817	0.00	0.00	984	42.32	1035	12.2	2.61	13.1	0.000	0.456	86.7	78	79.0	101.0	15.01	 .0700	0.026	700	1	100.0	30
13/05/19	12:30	86.9	88.1	86.5	77	78.8	2.0	SSW	1.00	8.0	WNW	86.9	101.1	101.1	111.7	29.794	0.00	0.00	994	42.75	1058	12.3	2.64	13.0	0.000	0.456	87.5	77	79.4	102.9	14.70	 .0698	0.000	699	1	100.0	30
13/05/19	13:00	88.2	88.3	86.3	76	79.7	2.0	S	1.00	6.0	SSW	88.2	104.4	104.4	115.7	29.780	0.00	0.00	962	41.37	1002	11.5	2.46	12.1	0.000	0.483	87.9	76	79.4	103.5	14.38	 .0697	0.026	703	1	100.0	30
13/05/19	13:30	88.1	88.7	87.1	82	81.9	2.0	SW	1.00	6.0	SSW	88.1	107.9	107.9	120.0	29.766	0.00	0.00	923	39.69	1023	10.1	2.16	11.1	0.000	0.481	88.3	77	80.2	105.3	14.65	 .0695	0.000	700	1	100.0	30
13/05/19	14:00	87.2	88.8	87.0	76	78.7	2.0	SSW	1.00	5.0	S	87.2	101.4	101.4	113.0	29.762	0.00	0.00	817	35.14	853	8.3	1.78	8.8	0.000	0.462	88.3	74	79.0	103.5	13.78	 .0696	0.023	702	1	100.0	30
13/05/19	14:30	87.1	87.8	86.8	80	80.2	2.0	SSW	1.00	5.0	SW	87.1	103.3	103.3	116.0	29.768	0.00	0.00	766	32.94	805	6.7	1.44	7.6	0.000	0.460	88.5	76	80.0	105.3	14.34	 .0695	0.000	699	1	100.0	30
13/05/19	15:00	86.3	87.4	85.5	81	79.8	2.0	SSW	1.00	6.0	SSW	86.3	101.4	101.4	113.4	29.753	0.00	0.00	546	23.48	779	4.4	0.94	5.8	0.000	0.444	88.1	75	79.2	103.5	14.13	 .0696	0.017	699	1	100.0	30
13/05/19	15:30	87.0	87.1	86.3	79	79.7	2.0	ESE	1.00	9.0	SSE	87.0	102.5	102.5	116.8	29.758	0.00	0.00	612	26.32	664	3.3	0.71	4.1	0.000	0.458	88.0	75	79.1	103.2	14.13	 .0696	0.000	702	1	100.0	30
13/05/19	16:00	85.9	87.2	85.8	81	79.4	1.0	S	0.50	5.0	SSE	85.9	100.2	100.2	111.5	29.763	0.00	0.00	400	17.20	540	1.6	0.34	2.4	0.000	0.435	87.9	75	79.0	102.9	14.13	 .0697	0.013	701	1	100.0	30
13/05/19	16:30	84.5	85.9	84.4	83	78.8	1.0	SSW	0.50	4.0	SW	84.5	97.0	97.0	101.8	29.774	0.00	0.00	129	5.55	244	0.8	0.17	1.0	0.000	0.406	86.8	80	79.9	102.4	15.68	 .0698	0.000	701	1	100.0	30
13/05/19	17:00	83.4	84.5	83.3	86	78.8	0.0	S	0.00	3.0	SSW	83.4	95.0	95.0	99.2	29.783	0.00	0.00	121	5.20	132	0.1	0.02	0.6	0.000	0.383	85.8	82	79.7	100.4	16.52	 .0699	0.003	700	1	100.0	30
13/05/19	17:30	82.5	84.4	82.4	89	78.9	0.0	SW	0.00	2.0	SW	82.5	93.4	93.4	93.6	29.797	0.00	0.00	74	3.18	98	0.0	0.00	0.0	0.000	0.365	85.2	84	79.8	99.6	17.24	 .0700	0.000	701	1	100.0	30
13/05/19	18:00	81.8	82.5	81.6	91	78.9	0.0	SW	0.00	2.0	SW	81.8	92.1	92.1	91.0	29.795	0.00	0.00	14	0.60	44	0.0	0.00	0.0	0.000	0.350	84.4	86	79.7	98.0	18.09	 .0701	0.001	701	1	100.0	30
13/05/19	18:30	80.9	81.9	80.9	91	78.0	0.0	SW	0.00	1.0	SW	80.9	89.6	89.6	88.2	29.808	0.00	0.00	0	0.00	0	0.0	0.00	0.0	0.000	0.331	83.6	87	79.3	96.0	18.53	 .0703	0.000	703	1	100.0	30
13/05/19	19:00	79.5	80.9	79.5	91	76.6	1.0	NE	0.50	7.0	SW	79.5	86.1	86.1	84.6	29.821	0.45	4.80	0	0.00	0	0.0	0.00	0.0	0.000	0.302	82.9	86	78.3	93.6	18.18	 .0705	0.000	700	1	100.0	30
13/05/19	19:30	78.2	79.5	78.2	92	75.7	1.0	NNE	0.50	4.0	ESE	78.2	83.4	83.4	81.8	29.816	0.02	0.39	0	0.00	0	0.0	0.00	0.0	0.000	0.275	81.5	88	77.6	90.4	19.20	 .0707	0.000	701	1	100.0	30
13/05/19	20:00	77.7	78.2	77.7	93	75.5	0.0	---	0.00	0.0	---	77.7	82.6	82.6	81.0	29.822	0.00	0.00	0	0.00	0	0.0	0.00	0.0	0.000	0.265	81.3	88	77.4	89.9	19.22	 .0708	0.000	700	1	100.0	30
13/05/19	20:30	77.3	77.7	77.2	93	75.1	0.0	---	0.00	0.0	---	77.3	81.7	81.7	80.1	29.834	0.00	0.00	0	0.00	0	0.0	0.00	0.0	0.000	0.256	80.9	89	77.4	89.0	19.86	 .0709	0.000	701	1	100.0	30
13/05/19	21:00	77.3	77.3	77.2	94	75.4	0.0	---	0.00	0.0	---	77.3	81.9	81.9	80.3	29.837	0.00	0.00	0	0.00	0	0.0	0.00	0.0	0.000	0.256	80.7	89	77.2	88.5	19.88	 .0709	0.000	701	1	100.0	30
13/05/19	21:30	77.2	77.4	77.2	94	75.3	0.0	---	0.00	0.0	---	77.2	81.7	81.7	80.1	29.830	0.00	0.00	0	0.00	0	0.0	0.00	0.0	0.000	0.254	80.7	89	77.2	88.5	19.88	 .0709	0.000	702	1	100.0	30
13/05/19	22:00	77.4	77.5	77.1	94	75.5	0.0	---	0.00	0.0	---	77.4	82.1	82.1	80.5	29.831	0.00	0.00	0	0.00	0	0.0	0.00	0.0	0.000	0.258	80.5	90	77.3	88.3	20.41	 .0709	0.000	702	1	100.0	30
13/05/19	22:30	77.8	77.8	77.4	94	75.9	1.0	NNE	0.50	3.0	NNE	77.8	83.0	83.0	81.4	29.826	0.00	0.00	0	0.00	0	0.0	0.00	0.0	0.000	0.267	80.3	91	77.4	88.1	21.03	 .0709	0.000	699	1	100.0	30
13/05/19	23:00	78.0	78.0	77.7	94	76.1	0.0	NE	0.00	2.0	NE	78.0	83.4	83.4	81.9	29.819	0.00	0.00	0	0.00	0	0.0	0.00	0.0	0.000	0.271	80.3	92	77.8	88.4	21.16	 .0709	0.000	703	1	100.0	30
13/05/19	23:30	77.8	78.0	77.8	94	75.9	0.0	---	0.00	0.0	---	77.8	83.0	83.0	81.4	29.810	0.00	0.00	0	0.00	0	0.0	0.00	0.0	0.000	0.267	80.4	92	77.9	88.6	21.16	 .0709	0.000	702	1	100.0	30
14/05/19	00:00	77.7	77.8	77.7	94	75.8	0.0	---	0.00	0.0	---	77.7	82.8	82.8	81.2	29.805	0.00	0.00	0	0.00	0	0.0	0.00	0.0	0.000	0.265	80.3	92	77.8	88.4	21.16	 .0709	0.000	701	1	100.0	30
14/05/19	0:30	77.7	77.8	77.7	94	75.8	0.0	---	0.00	0.0	---	77.7	82.8	82.8	81.2	29.796	0.00	0.00	0	0.00	0	0.0	0.00	0.0	0.000	0.265	80.2	92	77.7	88.1	21.15	 .0709	0.000	700	1	100.0	30
14/05/19	1:00	77.4	77.7	77.4	94	75.5	0.0	---	0.00	0.0	---	77.4	82.1	82.1	80.5	29.793	0.00	0.00	0	0.00	0	0.0	0.00	0.0	0.000	0.258	80.0	92	77.5	87.6	21.15	 .0709	0.000	700	1	100.0	30
14/05/19	1:30	77.3	77.5	77.2	94	75.4	0.0	---	0.00	0.0	---	77.3	81.9	81.9	80.3	29.780	0.00	0.00	0	0.00	0	0.0	0.00	0.0	0.000	0.256	79.6	92	77.1	86.6	21.14	 .0709	0.000	700	1	100.0	30
14/05/19	2:00	76.8	77.2	76.8	94	74.9	0.0	---	0.00	0.0	---	76.8	81.0	81.0	79.4	29.771	0.00	0.00	0	0.00	0	0.0	0.00	0.0	0.000	0.246	79.6	92	77.1	86.6	21.14	 .0709	0.000	703	1	100.0	30
14/05/19	2:30	76.4	76.8	76.4	95	74.9	0.0	---	0.00	0.0	---	76.4	80.4	80.4	78.8	29.770	0.00	0.00	0	0.00	0	0.0	0.00	0.0	0.000	0.238	79.2	92	76.7	85.7	21.13	 .0710	0.000	702	1	100.0	30
14/05/19	3:00	76.3	76.5	76.3	94	74.4	0.0	---	0.00	0.0	---	76.3	80.1	80.1	78.5	29.780	0.00	0.00	0	0.00	0	0.0	0.00	0.0	0.000	0.235	79.0	92	76.5	85.2	21.13	 .0711	0.000	701	1	100.0	30
14/05/19	3:30	76.3	76.4	76.2	95	74.8	0.0	---	0.00	0.0	---	76.3	80.2	80.2	78.6	29.784	0.00	0.00	0	0.00	0	0.0	0.00	0.0	0.000	0.235	79.1	92	76.6	85.4	21.13	 .0711	0.000	702	1	100.0	30
14/05/19	4:00	76.4	76.4	76.3	95	74.9	0.0	NE	0.00	1.0	NE	76.4	80.4	80.4	78.8	29.782	0.00	0.00	0	0.00	0	0.0	0.00	0.0	0.000	0.238	78.8	92	76.3	84.7	21.13	 .0711	0.000	699	1	100.0	30
14/05/19	4:30	76.4	76.5	76.4	95	74.9	0.0	---	0.00	0.0	---	76.4	80.4	80.4	78.8	29.792	0.00	0.00	0	0.00	0	0.0	0.00	0.0	0.000	0.238	79.0	92	76.5	85.2	21.13	 .0711	0.000	703	1	100.0	30
14/05/19	5:00	76.3	76.4	76.2	94	74.4	0.0	---	0.00	0.0	---	76.3	80.1	80.1	78.5	29.805	0.00	0.00	0	0.00	0	0.0	0.00	0.0	0.000	0.235	79.0	92	76.5	85.2	21.13	 .0711	0.000	701	1	100.0	30
14/05/19	5:30	76.3	76.3	76.2	94	74.4	0.0	NE	0.00	1.0	NE	76.3	80.1	80.1	78.6	29.809	0.00	0.00	8	0.34	28	0.0	0.00	0.0	0.000	0.235	78.9	92	76.4	85.0	21.13	 .0712	0.000	698	1	100.0	30
14/05/19	6:00	76.7	76.7	76.2	95	75.2	0.0	---	0.00	0.0	---	76.7	81.0	81.0	80.7	29.832	0.00	0.00	60	2.58	113	0.0	0.00	0.0	0.000	0.244	79.1	93	76.9	85.7	21.23	 .0711	0.001	701	1	100.0	30
14/05/19	6:30	78.5	78.5	76.7	95	76.9	0.0	---	0.00	0.0	---	78.5	84.8	84.8	89.4	29.836	0.00	0.00	123	5.29	132	0.2	0.04	0.6	0.000	0.281	79.6	94	77.7	87.2	21.35	 .0710	0.000	703	1	100.0	30
14/05/19	7:00	78.9	78.9	78.2	95	77.3	0.0	NE	0.00	2.0	NE	78.9	85.7	85.7	91.5	29.850	0.00	0.00	165	7.10	213	0.8	0.17	1.1	0.000	0.290	80.3	94	78.4	89.0	21.36	 .0709	0.004	702	1	100.0	30
14/05/19	7:30	79.9	80.4	78.9	94	78.0	1.0	NE	0.50	6.0	SSE	79.9	87.9	87.9	94.0	29.858	0.00	0.00	200	8.60	246	0.9	0.19	1.1	0.000	0.310	81.1	94	79.2	91.2	21.37	 .0708	0.000	702	1	100.0	30
14/05/19	8:00	80.7	80.7	79.9	93	78.5	1.0	ESE	0.50	6.0	SSE	80.7	89.8	89.8	95.9	29.875	0.00	0.00	227	9.76	250	1.8	0.39	2.4	0.000	0.327	81.4	93	79.2	91.7	21.28	 .0708	0.005	702	1	100.0	30
14/05/19	8:30	81.6	82.0	80.7	92	79.0	0.0	SSE	0.00	2.0	SSE	81.6	91.9	91.9	97.9	29.874	0.00	0.00	246	10.58	265	3.0	0.64	3.4	0.000	0.346	82.0	93	79.8	93.4	21.29	 .0706	0.000	699	1	100.0	30
14/05/19	9:00	83.3	83.3	81.5	91	80.4	1.0	SSW	0.50	4.0	S	83.3	96.6	96.6	106.0	29.875	0.00	0.00	429	18.45	895	4.9	1.05	7.1	0.000	0.381	82.8	91	79.9	95.0	20.83	 .0705	0.009	702	1	100.0	30
14/05/19	9:30	83.4	83.6	82.9	90	80.2	2.0	S	1.00	6.0	SW	83.4	96.5	96.5	107.9	29.877	0.00	0.00	590	25.37	817	6.5	1.39	7.7	0.000	0.383	83.7	89	80.1	97.1	19.58	 .0704	0.000	701	1	100.0	30
14/05/19	10:00	84.5	84.7	83.2	85	79.5	2.0	SSW	1.00	5.0	SSE	84.5	97.9	97.9	110.8	29.867	0.00	0.00	807	34.71	974	7.4	1.59	8.4	0.000	0.406	84.5	87	80.2	98.8	18.48	 .0703	0.018	702	1	100.0	30
14/05/19	10:30	84.4	85.1	84.1	89	80.8	2.0	SSW	1.00	7.0	ESE	84.4	99.3	99.3	112.1	29.856	0.00	0.00	733	31.52	944	7.7	1.65	9.7	0.000	0.404	85.3	85	80.3	100.4	17.63	 .0701	0.000	701	1	100.0	30
14/05/19	11:00	82.8	85.0	82.7	88	78.9	2.0	SSW	1.00	5.0	SSE	82.8	94.0	94.0	100.8	29.863	0.00	0.00	307	13.20	642	5.3	1.14	8.5	0.000	0.371	84.7	85	79.7	98.5	17.67	 .0703	0.014	702	1	100.0	30
14/05/19	11:30	82.9	83.6	82.8	87	78.6	2.0	SSW	1.00	5.0	S	82.9	93.9	93.9	100.5	29.854	0.00	0.00	293	12.60	410	4.7	1.01	6.1	0.000	0.373	84.4	84	79.0	97.2	17.27	 .0703	0.000	701	1	100.0	30
14/05/19	12:00	83.6	83.6	82.5	88	79.7	1.0	SSW	0.50	6.0	SSW	83.6	96.4	96.4	103.4	29.839	0.00	0.00	317	13.63	564	4.8	1.03	7.8	0.000	0.387	84.2	87	79.9	97.8	18.50	 .0703	0.008	700	1	100.0	30
14/05/19	12:30	85.4	85.7	83.6	85	80.4	1.0	SSW	0.50	8.0	SSE	85.4	100.7	100.7	112.8	29.819	0.00	0.00	649	27.91	926	8.8	1.89	12.3	0.000	0.425	85.4	85	80.4	100.7	17.63	 .0700	0.000	701	1	100.0	30
14/05/19	13:00	84.8	86.9	84.5	85	79.8	2.0	SE	1.00	9.0	W	84.8	98.8	98.8	111.3	29.807	0.00	0.00	710	30.53	1174	8.5	1.82	13.0	0.000	0.413	86.1	84	80.7	102.4	17.21	 .0699	0.018	703	1	100.0	30
14/05/19	13:30	82.8	84.8	82.7	88	78.9	2.0	SSW	1.00	8.0	SW	82.8	94.0	94.0	98.7	29.793	0.00	0.00	223	9.59	513	3.3	0.71	6.5	0.000	0.371	85.3	84	79.9	99.9	17.24	 .0700	0.000	701	1	100.0	30
14/05/19	14:00	82.1	82.8	81.7	90	78.9	1.0	S	0.50	6.0	S	82.1	92.6	92.6	96.3	29.785	0.00	0.00	174	7.48	388	2.2	0.47	3.8	0.000	0.356	84.1	86	79.5	97.1	18.10	 .0702	0.006	695	1	100.0	30
14/05/19	14:30	83.1	84.3	82.1	87	78.8	2.0	SW	1.00	8.0	SW	83.1	94.5	94.5	102.8	29.770	0.00	0.00	363	15.61	561	3.5	0.75	5.1	0.000	0.377	84.7	85	79.7	98.5	17.67	 .0700	0.000	698	1	100.0	30
14/05/19	15:00	81.3	83.0	81.3	91	78.4	0.0	SSW	0.00	4.0	SSW	81.3	90.7	90.7	91.5	29.765	0.00	0.00	50	2.15	107	0.3	0.06	1.2	0.000	0.340	83.8	87	79.5	96.6	18.52	 .0702	0.005	699	1	100.0	30
14/05/19	15:30	80.7	81.4	80.7	92	78.2	0.0	SSW	0.00	1.0	SSW	80.7	89.4	89.4	89.3	29.762	0.01	0.00	19	0.82	25	0.0	0.00	0.0	0.000	0.327	82.8	90	79.6	94.6	20.23	 .0703	0.000	699	1	100.0	30
14/05/19	16:00	80.3	80.7	80.2	93	78.1	0.0	SSW	0.00	1.0	SSW	80.3	88.7	88.7	88.8	29.764	0.03	0.11	21	0.90	21	0.0	0.00	0.0	0.000	0.319	82.1	91	79.2	93.0	20.88	 .0704	0.001	701	1	100.0	30
14/05/19	16:30	79.9	80.2	79.7	94	78.0	0.0	SSW	0.00	1.0	SSW	79.9	87.9	87.9	88.3	29.757	0.06	0.14	24	1.03	28	0.0	0.00	0.0	0.000	0.310	82.1	91	79.2	93.0	20.88	 .0704	0.000	703	1	100.0	30
14/05/19	17:00	80.0	80.0	79.8	94	78.1	0.0	SSW	0.00	1.0	SSW	80.0	88.2	88.2	88.5	29.748	0.00	0.00	19	0.82	25	0.0	0.00	0.0	0.000	0.313	81.9	92	79.3	92.8	21.19	 .0704	0.001	701	1	100.0	30
14/05/19	17:30	79.3	80.0	79.3	94	77.4	0.0	SSW	0.00	1.0	SSW	79.3	86.4	86.4	85.6	29.746	0.00	0.00	8	0.34	14	0.0	0.00	0.0	0.000	0.298	81.5	92	78.9	91.6	21.18	 .0705	0.000	702	1	100.0	30
14/05/19	18:00	79.1	79.4	79.1	94	77.2	0.0	SSW	0.00	1.0	SSW	79.1	85.9	85.9	84.9	29.784	0.00	0.00	0	0.00	0	0.0	0.00	0.0	0.000	0.294	81.4	92	78.9	91.4	21.18	 .0706	0.000	701	1	100.0	30
14/05/19	18:30	78.6	79.1	78.6	94	76.7	0.0	SSW	0.00	1.0	SSW	78.6	84.7	84.7	83.6	29.800	0.00	0.00	0	0.00	0	0.0	0.00	0.0	0.000	0.283	81.0	92	78.5	90.2	21.17	 .0707	0.000	702	1	100.0	30
14/05/19	19:00	78.1	78.6	78.1	94	76.2	0.0	SSW	0.00	1.0	SSW	78.1	83.6	83.6	82.5	29.805	0.00	0.00	0	0.00	0	0.0	0.00	0.0	0.000	0.273	80.6	92	78.1	89.2	21.16	 .0708	0.000	700	1	100.0	30
14/05/19	19:30	77.5	78.1	77.5	94	75.6	0.0	---	0.00	0.0	---	77.5	82.3	82.3	81.2	29.827	0.00	0.00	0	0.00	0	0.0	0.00	0.0	0.000	0.260	80.4	92	77.9	88.6	21.16	 .0709	0.000	700	1	100.0	30
14/05/19	20:00	77.2	77.5	77.2	94	75.3	0.0	---	0.00	0.0	---	77.2	81.7	81.7	80.6	29.843	0.00	0.00	0	0.00	0	0.0	0.00	0.0	0.000	0.254	80.3	92	77.8	88.4	21.16	 .0710	0.000	702	1	100.0	30
14/05/19	20:30	77.1	77.3	77.1	94	75.2	0.0	---	0.00	0.0	---	77.1	81.5	81.5	80.4	29.841	0.00	0.00	0	0.00	0	0.0	0.00	0.0	0.000	0.252	80.0	92	77.5	87.6	21.15	 .0710	0.000	699	1	100.0	30
14/05/19	21:00	77.2	77.2	77.0	94	75.3	0.0	---	0.00	0.0	---	77.2	81.7	81.7	80.6	29.849	0.00	0.00	0	0.00	0	0.0	0.00	0.0	0.000	0.254	80.0	92	77.5	87.6	21.15	 .0710	0.000	703	1	100.0	30
14/05/19	21:30	77.3	77.5	77.2	94	75.4	0.0	---	0.00	0.0	---	77.3	81.9	81.9	80.8	29.839	0.00	0.00	0	0.00	0	0.0	0.00	0.0	0.000	0.256	80.1	92	77.6	87.9	21.15	 .0710	0.000	698	1	100.0	30
14/05/19	22:00	77.5	77.6	77.3	94	75.6	0.0	---	0.00	0.0	---	77.5	82.3	82.3	81.2	29.836	0.00	0.00	0	0.00	0	0.0	0.00	0.0	0.000	0.260	80.1	92	77.6	87.9	21.15	 .0710	0.000	703	1	100.0	30
14/05/19	22:30	77.5	77.6	77.4	94	75.6	0.0	---	0.00	0.0	---	77.5	82.3	82.3	81.2	29.839	0.00	0.00	0	0.00	0	0.0	0.00	0.0	0.000	0.260	80.0	92	77.5	87.6	21.15	 .0710	0.000	702	1	100.0	30
14/05/19	23:00	77.8	77.9	77.5	94	75.9	1.0	NNW	0.50	3.0	NNE	77.8	83.0	83.0	81.9	29.831	0.00	0.00	0	0.00	0	0.0	0.00	0.0	0.000	0.267	79.9	93	77.7	87.7	21.25	 .0710	0.000	703	1	100.0	30
14/05/19	23:30	77.7	77.8	77.7	94	75.8	0.0	N	0.00	2.0	N	77.7	82.8	82.8	81.7	29.828	0.00	0.00	0	0.00	0	0.0	0.00	0.0	0.000	0.265	79.6	93	77.4	86.9	21.24	 .0710	0.000	700	1	100.0	30
15/05/19	00:00	77.7	77.7	77.7	94	75.8	0.0	N	0.00	1.0	N	77.7	82.8	82.8	81.7	29.817	0.00	0.00	0	0.00	0	0.0	0.00	0.0	0.000	0.265	79.6	93	77.4	86.9	21.24	 .0710	0.000	702	1	100.0	30
15/05/19	0:30	77.8	77.8	77.7	94	75.9	0.0	N	0.00	3.0	NE	77.8	83.0	83.0	81.9	29.814	0.00	0.00	0	0.00	0	0.0	0.00	0.0	0.000	0.267	79.7	93	77.5	87.2	21.24	 .0710	0.000	701	1	100.0	30
15/05/19	1:00	77.7	77.8	77.6	94	75.8	1.0	NE	0.50	7.0	NNE	77.7	82.8	82.8	81.7	29.808	0.00	0.00	0	0.00	0	0.0	0.00	0.0	0.000	0.265	79.6	94	77.7	87.2	21.35	 .0710	0.000	702	1	100.0	30
15/05/19	1:30	77.7	77.8	77.6	94	75.8	0.0	SE	0.00	3.0	SE	77.7	82.8	82.8	81.7	29.800	0.00	0.00	0	0.00	0	0.0	0.00	0.0	0.000	0.265	79.6	94	77.7	87.2	21.35	 .0709	0.000	702	1	100.0	30
15/05/19	2:00	77.6	77.7	77.6	94	75.7	0.0	SE	0.00	1.0	SE	77.6	82.6	82.6	81.5	29.794	0.02	0.94	0	0.00	0	0.0	0.00	0.0	0.000	0.262	79.5	94	77.6	86.9	21.35	 .0709	0.000	703	1	100.0	30
15/05/19	2:30	77.4	77.7	77.4	94	75.5	0.0	---	0.00	0.0	---	77.4	82.1	82.1	81.0	29.792	0.07	0.94	0	0.00	0	0.0	0.00	0.0	0.000	0.258	79.3	94	77.4	86.4	21.35	 .0710	0.000	701	1	100.0	30
15/05/19	3:00	77.3	77.5	77.2	94	75.4	0.0	---	0.00	0.0	---	77.3	81.9	81.9	80.8	29.795	0.00	0.00	0	0.00	0	0.0	0.00	0.0	0.000	0.256	79.2	94	77.3	86.2	21.35	 .0710	0.000	700	1	100.0	30
15/05/19	3:30	76.9	77.3	76.9	94	75.0	0.0	SE	0.00	1.0	SE	76.9	81.1	81.1	80.0	29.798	0.00	0.00	0	0.00	0	0.0	0.00	0.0	0.000	0.248	78.8	93	76.6	85.0	21.23	 .0711	0.000	702	1	100.0	30
15/05/19	4:00	76.5	77.0	76.5	94	74.6	0.0	---	0.00	0.0	---	76.5	80.4	80.4	79.2	29.802	0.00	0.00	0	0.00	0	0.0	0.00	0.0	0.000	0.240	78.6	93	76.4	84.5	21.22	 .0712	0.000	702	1	100.0	30
15/05/19	4:30	76.4	76.6	76.4	94	74.5	0.0	SE	0.00	1.0	SE	76.4	80.3	80.3	79.1	29.813	0.00	0.00	0	0.00	0	0.0	0.00	0.0	0.000	0.238	78.6	93	76.4	84.5	21.22	 .0712	0.000	702	1	100.0	30
15/05/19	5:00	76.3	76.4	76.3	94	74.4	0.0	SE	0.00	1.0	SE	76.3	80.1	80.1	78.9	29.826	0.00	0.00	0	0.00	0	0.0	0.00	0.0	0.000	0.235	78.6	93	76.4	84.5	21.22	 .0712	0.000	701	1	100.0	30
15/05/19	5:30	76.7	76.7	76.3	94	74.8	0.0	SE	0.00	4.0	E	76.7	80.8	80.8	79.7	29.833	0.00	0.00	2	0.09	9	0.0	0.00	0.0	0.000	0.244	78.6	94	76.7	84.7	21.35	 .0712	0.000	703	1	100.0	30
15/05/19	6:00	76.9	76.9	76.6	94	75.0	0.0	SE	0.00	1.0	SE	76.9	81.1	81.1	80.5	29.830	0.00	0.00	22	0.95	33	0.0	0.00	0.0	0.000	0.248	78.7	94	76.8	85.0	21.35	 .0712	0.000	702	1	100.0	30
15/05/19	6:30	77.4	77.4	76.9	94	75.5	0.0	NE	0.00	2.0	NE	77.4	82.1	82.1	83.6	29.832	0.00	0.00	47	2.02	58	0.0	0.00	0.0	0.000	0.258	79.0	95	77.4	85.9	21.65	 .0711	0.000	700	1	100.0	30
15/05/19	7:00	78.1	78.1	77.4	95	76.6	0.0	NE	0.00	1.0	NE	78.1	83.8	83.8	85.8	29.839	0.00	0.00	68	2.92	77	0.7	0.15	0.9	0.000	0.273	79.3	95	77.7	86.7	21.65	 .0711	0.001	700	1	100.0	30
15/05/19	7:30	79.1	79.1	78.0	95	77.5	0.0	NE	0.00	2.0	NE	79.1	86.2	86.2	90.0	29.836	0.00	0.00	131	5.63	236	1.3	0.28	1.6	0.000	0.294	79.8	96	78.6	88.3	21.75	 .0709	0.000	703	1	100.0	30
15/05/19	8:00	81.1	81.1	78.9	93	78.9	0.0	N	0.00	2.0	NE	81.1	90.9	90.9	97.6	29.834	0.00	0.00	250	10.75	322	2.2	0.47	3.1	0.000	0.335	80.7	95	79.1	90.5	21.65	 .0708	0.005	702	1	100.0	30
15/05/19	8:30	82.5	82.5	80.6	90	79.3	1.0	SW	0.50	4.0	S	82.5	93.8	93.8	101.2	29.835	0.00	0.00	307	13.20	721	3.1	0.66	5.2	0.000	0.365	81.6	93	79.4	92.3	21.28	 .0706	0.000	701	1	100.0	30
15/05/19	9:00	83.6	83.6	82.5	88	79.7	1.0	SSW	0.50	5.0	SSW	83.6	96.4	96.4	107.3	29.841	0.00	0.00	530	22.79	867	5.1	1.09	7.0	0.000	0.387	82.7	92	80.1	95.2	21.20	 .0704	0.012	702	1	100.0	30
15/05/19	9:30	85.8	85.9	83.5	85	80.8	2.0	SSW	1.00	8.0	SSE	85.8	102.0	102.0	113.9	29.838	0.00	0.00	632	27.18	998	6.7	1.44	8.5	0.000	0.433	84.0	90	80.7	98.4	20.13	 .0702	0.000	700	1	100.0	30
15/05/19	10:00	86.0	86.8	85.6	86	81.3	3.0	SSW	1.50	9.0	SW	86.0	103.1	103.1	114.8	29.837	0.00	0.00	946	40.68	1065	7.6	1.63	8.9	0.000	0.438	85.4	88	81.4	102.2	18.83	 .0700	0.021	702	1	100.0	30
15/05/19	10:30	84.7	86.7	84.6	89	81.1	2.0	S	1.00	7.0	SW	84.7	100.3	100.3	112.4	29.837	0.00	0.00	644	27.70	1102	6.7	1.44	8.2	0.000	0.410	85.6	88	81.6	102.9	18.81	 .0699	0.000	701	1	100.0	30
15/05/19	11:00	85.3	85.4	84.2	86	80.6	2.0	S	1.00	8.0	SSW	85.3	100.9	100.9	113.6	29.830	0.00	0.00	709	30.49	846	9.9	2.12	11.0	0.000	0.423	85.5	86	80.8	101.5	18.02	 .0700	0.018	703	1	100.0	30
15/05/19	11:30	86.1	86.1	85.1	83	80.3	2.0	SW	1.00	8.0	SSW	86.1	101.8	101.8	114.2	29.821	0.00	0.00	946	40.68	1004	12.1	2.59	12.6	0.000	0.440	86.3	83	80.5	102.5	16.80	 .0699	0.000	701	1	100.0	30
15/05/19	12:00	86.0	86.2	85.2	81	79.5	3.0	SW	1.50	9.0	WSW	86.0	100.4	100.4	112.6	29.814	0.00	0.00	959	41.24	993	12.2	2.61	12.6	0.000	0.438	86.8	82	80.6	103.6	16.48	 .0698	0.025	702	1	100.0	30
15/05/19	12:30	85.6	86.6	85.2	83	79.8	3.0	SSW	1.50	7.0	SSW	85.6	100.3	100.3	112.4	29.799	0.00	0.00	956	41.11	984	11.9	2.55	12.3	0.000	0.429	87.2	81	80.7	104.3	16.06	 .0697	0.000	699	1	100.0	30
15/05/19	13:00	85.9	86.6	85.6	86	81.2	2.0	SSW	1.00	7.0	SSW	85.9	102.8	102.8	114.2	29.787	0.00	0.00	958	41.20	1034	11.1	2.38	12.1	0.000	0.435	87.6	80	80.7	104.9	15.65	 .0696	0.025	701	1	100.0	30
15/05/19	13:30	85.6	86.3	84.9	85	80.6	2.0	SSW	1.00	7.0	W	85.6	101.3	101.3	113.3	29.785	0.00	0.00	927	39.87	1179	9.6	2.06	11.2	0.000	0.429	87.9	78	80.2	104.7	14.92	 .0696	0.000	700	1	100.0	30
15/05/19	14:00	85.9	86.3	84.1	83	80.1	2.0	SW	1.00	6.0	SSW	85.9	101.2	101.2	112.7	29.778	0.00	0.00	583	25.07	1053	7.0	1.50	8.8	0.000	0.435	87.7	80	80.8	105.2	15.64	 .0696	0.020	700	1	100.0	30
15/05/19	14:30	84.2	87.4	84.2	85	79.2	1.0	SSW	0.50	5.0	SSE	84.2	97.0	97.0	109.2	29.765	0.00	0.00	629	27.05	905	5.7	1.22	8.1	0.000	0.400	88.1	78	80.4	105.3	14.90	 .0695	0.000	700	1	100.0	30
15/05/19	15:00	83.2	84.2	83.0	88	79.3	1.0	S	0.50	4.0	SW	83.2	95.1	95.1	99.4	29.759	0.00	0.00	169	7.27	207	2.2	0.47	2.4	0.000	0.379	86.2	81	79.7	101.1	16.10	 .0698	0.011	702	1	100.0	30
15/05/19	15:30	83.5	83.7	83.1	86	78.9	1.0	SSW	0.50	4.0	SSE	83.5	95.3	95.3	100.7	29.782	0.00	0.00	187	8.04	237	1.7	0.36	2.3	0.000	0.385	85.6	82	79.5	99.8	16.53	 .0700	0.000	700	1	100.0	30
15/05/19	16:00	82.6	83.5	82.4	88	78.7	0.0	SSE	0.00	3.0	WSW	82.6	93.4	93.4	95.9	29.782	0.00	0.00	84	3.61	118	0.5	0.11	0.9	0.000	0.367	84.9	84	79.5	98.6	17.25	 .0701	0.004	700	1	100.0	30
15/05/19	16:30	81.4	82.7	81.4	91	78.5	0.0	S	0.00	3.0	WSW	81.4	91.0	91.0	92.5	29.778	0.00	0.00	50	2.15	60	0.0	0.00	0.0	0.000	0.342	84.0	86	79.4	96.8	18.11	 .0702	0.000	701	1	100.0	30
15/05/19	17:00	81.1	81.7	81.1	92	78.6	0.0	SSW	0.00	1.0	SSW	81.1	90.5	90.5	91.4	29.790	0.00	0.00	30	1.29	40	0.0	0.00	0.0	0.000	0.335	83.5	89	79.9	96.4	19.60	 .0702	0.001	702	1	100.0	30
15/05/19	17:30	80.4	81.1	80.3	92	77.9	0.0	SSW	0.00	2.0	SSW	80.4	88.6	88.6	87.8	29.797	0.00	0.00	13	0.56	19	0.0	0.00	0.0	0.000	0.321	82.9	89	79.3	94.6	19.66	 .0704	0.000	702	1	100.0	30
15/05/19	18:00	79.9	80.4	79.8	93	77.7	0.0	---	0.00	0.0	---	79.9	87.7	87.7	86.6	29.800	0.00	0.00	0	0.00	0	0.0	0.00	0.0	0.000	0.310	82.5	89	78.9	93.4	19.70	 .0705	0.000	699	1	100.0	30
15/05/19	18:30	79.6	79.9	79.5	93	77.4	0.0	---	0.00	0.0	---	79.6	86.9	86.9	85.8	29.810	0.00	0.00	0	0.00	0	0.0	0.00	0.0	0.000	0.304	82.1	90	78.9	92.6	20.28	 .0705	0.000	697	1	100.0	30
15/05/19	19:00	79.4	79.6	79.3	93	77.2	0.0	SSW	0.00	1.0	SSW	79.4	86.4	86.4	85.3	29.824	0.00	0.00	0	0.00	0	0.0	0.00	0.0	0.000	0.300	82.1	90	78.9	92.6	20.28	 .0706	0.000	700	1	100.0	30
15/05/19	19:30	79.5	79.5	79.4	94	77.6	0.0	SSW	0.00	1.0	SSW	79.5	86.9	86.9	85.8	29.824	0.02	0.10	0	0.00	0	0.0	0.00	0.0	0.000	0.302	81.9	91	79.0	92.4	20.90	 .0706	0.000	702	1	100.0	30
15/05/19	20:00	79.2	79.5	79.2	94	77.3	0.0	SSE	0.00	2.0	SSW	79.2	86.2	86.2	85.1	29.825	0.00	0.00	0	0.00	0	0.0	0.00	0.0	0.000	0.296	81.7	91	78.8	91.8	20.91	 .0706	0.000	701	1	100.0	30
15/05/19	20:30	79.0	79.2	78.9	94	77.1	0.0	SSE	0.00	1.0	SSE	79.0	85.7	85.7	84.6	29.833	0.00	0.00	0	0.00	0	0.0	0.00	0.0	0.000	0.292	81.4	92	78.9	91.4	21.18	 .0707	0.000	702	1	100.0	30
15/05/19	21:00	78.6	79.1	78.6	94	76.7	0.0	NNE	0.00	3.0	E	78.6	84.7	84.7	83.6	29.826	0.00	0.00	0	0.00	0	0.0	0.00	0.0	0.000	0.283	81.2	91	78.3	90.4	20.95	 .0707	0.000	703	1	100.0	30
15/05/19	21:30	78.3	78.6	78.3	94	76.4	0.0	NNE	0.00	1.0	NNE	78.3	84.1	84.1	83.0	29.823	0.00	0.00	0	0.00	0	0.0	0.00	0.0	0.000	0.277	80.9	92	78.4	90.0	21.17	 .0708	0.000	701	1	100.0	30
15/05/19	22:00	78.1	78.4	78.1	94	76.2	0.0	NNE	0.00	1.0	NNE	78.1	83.6	83.6	82.5	29.829	0.00	0.00	0	0.00	0	0.0	0.00	0.0	0.000	0.273	80.7	92	78.2	89.4	21.16	 .0708	0.000	703	1	100.0	30
15/05/19	22:30	77.9	78.2	77.8	94	76.0	0.0	NNE	0.00	1.0	NNE	77.9	83.2	83.2	82.1	29.832	0.00	0.00	0	0.00	0	0.0	0.00	0.0	0.000	0.269	80.4	92	77.9	88.6	21.16	 .0709	0.000	701	1	100.0	30
15/05/19	23:00	77.5	77.9	77.5	94	75.6	0.0	NNE	0.00	1.0	NNE	77.5	82.3	82.3	81.1	29.829	0.00	0.00	0	0.00	0	0.0	0.00	0.0	0.000	0.260	80.3	92	77.8	88.4	21.16	 .0709	0.000	701	1	100.0	30
15/05/19	23:30	77.4	77.6	77.3	94	75.5	0.0	NNE	0.00	1.0	NNE	77.4	82.1	82.1	80.9	29.834	0.00	0.00	0	0.00	0	0.0	0.00	0.0	0.000	0.258	80.2	92	77.7	88.1	21.15	 .0710	0.000	700	1	100.0	30
16/05/19	00:00	76.9	77.3	76.9	94	75.0	0.0	---	0.00	0.0	---	76.9	81.1	81.1	79.9	29.841	0.00	0.00	0	0.00	0	0.0	0.00	0.0	0.000	0.248	79.9	92	77.4	87.4	21.15	 .0710	0.000	703	1	100.0	30
16/05/19	0:30	76.8	77.0	76.7	94	74.9	0.0	NNE	0.00	1.0	NNE	76.8	81.0	81.0	79.8	29.824	0.01	0.00	0	0.00	0	0.0	0.00	0.0	0.000	0.246	79.5	92	77.0	86.4	21.14	 .0711	0.000	699	1	100.0	30
16/05/19	1:00	77.0	77.1	76.8	94	75.1	0.0	NNE	0.00	2.0	NNE	77.0	81.3	81.3	80.1	29.815	0.00	0.00	0	0.00	0	0.0	0.00	0.0	0.000	0.250	79.6	92	77.1	86.6	21.14	 .0710	0.000	702	1	100.0	30
16/05/19	1:30	76.9	77.0	76.8	94	75.0	0.0	---	0.00	0.0	---	76.9	81.1	81.1	79.9	29.803	0.00	0.00	0	0.00	0	0.0	0.00	0.0	0.000	0.248	79.6	92	77.1	86.6	21.14	 .0710	0.000	701	1	100.0	30
16/05/19	2:00	76.8	76.9	76.7	94	74.9	0.0	NNE	0.00	1.0	NNE	76.8	81.0	81.0	79.8	29.790	0.00	0.00	0	0.00	0	0.0	0.00	0.0	0.000	0.246	79.6	92	77.1	86.6	21.14	 .0710	0.000	702	1	100.0	30
16/05/19	2:30	76.6	76.8	76.6	95	75.1	0.0	---	0.00	0.0	---	76.6	80.8	80.8	79.6	29.769	0.00	0.00	0	0.00	0	0.0	0.00	0.0	0.000	0.242	79.3	92	76.8	85.9	21.14	 .0710	0.000	703	1	100.0	30
16/05/19	3:00	76.4	76.7	76.4	95	74.9	0.0	NNE	0.00	2.0	NNE	76.4	80.4	80.4	79.2	29.777	0.00	0.00	0	0.00	0	0.0	0.00	0.0	0.000	0.238	79.3	92	76.8	85.9	21.14	 .0710	0.000	701	1	100.0	30
16/05/19	3:30	76.4	76.4	76.2	95	74.9	0.0	NNE	0.00	1.0	NNE	76.4	80.4	80.4	79.2	29.772	0.00	0.00	0	0.00	0	0.0	0.00	0.0	0.000	0.238	79.0	92	76.5	85.2	21.13	 .0710	0.000	702	1	100.0	30
16/05/19	4:00	76.3	76.4	76.2	94	74.4	0.0	---	0.00	0.0	---	76.3	80.1	80.1	78.9	29.782	0.00	0.00	0	0.00	0	0.0	0.00	0.0	0.000	0.235	79.0	92	76.5	85.2	21.13	 .0711	0.000	701	1	100.0	30
16/05/19	4:30	76.4	76.5	76.2	95	74.9	0.0	---	0.00	0.0	---	76.4	80.4	80.4	79.2	29.786	0.00	0.00	0	0.00	0	0.0	0.00	0.0	0.000	0.238	79.1	92	76.6	85.4	21.13	 .0711	0.000	700	1	100.0	30
16/05/19	5:00	76.5	76.6	76.4	95	75.0	0.0	---	0.00	0.0	---	76.5	80.6	80.6	79.4	29.792	0.00	0.00	0	0.00	0	0.0	0.00	0.0	0.000	0.240	79.0	92	76.5	85.2	21.13	 .0711	0.000	701	1	100.0	30
16/05/19	5:30	76.4	76.5	76.3	95	74.9	0.0	---	0.00	0.0	---	76.4	80.4	80.4	79.3	29.794	0.00	0.00	5	0.22	14	0.0	0.00	0.0	0.000	0.238	78.9	92	76.4	85.0	21.13	 .0711	0.000	699	1	100.0	30
16/05/19	6:00	76.7	76.7	76.3	94	74.8	0.0	---	0.00	0.0	---	76.7	80.8	80.8	80.4	29.811	0.00	0.00	34	1.46	58	0.0	0.00	0.0	0.000	0.244	79.0	93	76.8	85.4	21.23	 .0711	0.001	699	1	100.0	30
16/05/19	6:30	77.8	77.8	76.7	95	76.3	0.0	---	0.00	0.0	---	77.8	83.2	83.2	85.8	29.827	0.00	0.00	72	3.10	86	0.0	0.00	0.0	0.000	0.267	79.3	94	77.4	86.4	21.35	 .0711	0.000	701	1	100.0	30
16/05/19	7:00	78.8	78.9	77.7	95	77.2	0.0	ENE	0.00	1.0	ENE	78.8	85.4	85.4	89.4	29.837	0.00	0.00	119	5.12	135	0.5	0.11	0.8	0.000	0.288	80.0	94	78.1	88.2	21.35	 .0709	0.002	698	1	100.0	30
16/05/19	7:30	80.1	80.3	78.9	94	78.2	0.0	ENE	0.00	2.0	ENE	80.1	88.5	88.5	95.1	29.848	0.00	0.00	215	9.25	434	1.4	0.30	2.2	0.000	0.315	80.7	94	78.8	90.1	21.36	 .0708	0.000	701	1	100.0	30
16/05/19	8:00	82.3	83.0	80.0	92	79.7	0.0	ENE	0.00	3.0	ESE	82.3	94.0	94.0	103.9	29.848	0.00	0.00	388	16.69	485	2.6	0.56	3.0	0.000	0.360	81.7	93	79.5	92.6	21.28	 .0706	0.008	702	1	100.0	30
16/05/19	8:30	83.5	85.1	82.2	90	80.3	0.0	SSE	0.00	3.0	SE	83.5	96.8	96.8	107.2	29.857	0.00	0.00	457	19.65	671	3.7	0.79	4.8	0.000	0.385	82.7	92	80.1	95.2	21.20	 .0705	0.000	699	1	100.0	30
16/05/19	9:00	85.1	85.1	83.1	88	81.1	1.0	SSE	0.50	4.0	SSW	85.1	101.2	101.2	110.7	29.872	0.00	0.00	435	18.71	635	4.5	0.96	5.4	0.000	0.419	83.3	92	80.7	97.1	21.22	 .0704	0.012	701	1	100.0	30
16/05/19	9:30	86.8	87.0	84.4	82	80.6	1.0	SSW	0.50	4.0	SW	86.8	103.6	103.6	116.1	29.877	0.00	0.00	706	30.36	898	6.6	1.41	7.9	0.000	0.454	84.6	88	80.6	99.5	18.89	 .0702	0.000	702	1	100.0	30
16/05/19	10:00	83.8	86.9	83.5	85	78.8	1.0	SSE	0.50	7.0	SSW	83.8	95.8	95.8	101.6	29.880	0.00	0.00	269	11.57	503	4.3	0.92	5.9	0.000	0.392	84.0	86	79.4	96.8	18.11	 .0704	0.013	701	1	100.0	30
16/05/19	10:30	85.1	85.1	83.7	88	81.1	1.0	WSW	0.50	4.0	NNE	85.1	101.2	101.2	110.0	29.875	0.00	0.00	416	17.89	606	5.8	1.24	7.5	0.000	0.419	84.2	88	80.3	98.2	18.93	 .0703	0.000	699	1	100.0	30
16/05/19	11:00	86.3	86.3	84.3	84	80.9	2.0	N	1.00	7.0	NNE	86.3	103.1	103.1	115.8	29.845	0.00	0.00	708	30.45	1048	9.2	1.97	12.7	0.000	0.444	85.3	85	80.3	100.4	17.63	 .0701	0.015	700	1	100.0	30
16/05/19	11:30	84.7	86.7	84.2	86	80.0	1.0	SSE	0.50	5.0	S	84.7	99.0	99.0	108.9	29.842	0.00	0.00	472	20.30	828	7.0	1.50	10.3	0.000	0.410	85.5	84	80.1	100.5	17.23	 .0701	0.000	701	1	100.0	30
16/05/19	12:00	84.7	85.1	83.8	86	80.0	2.0	SSE	1.00	9.0	SSE	84.7	99.0	99.0	108.7	29.825	0.00	0.00	457	19.65	893	6.5	1.39	10.6	0.000	0.410	85.3	85	80.3	100.4	17.63	 .0701	0.013	702	1	100.0	30
16/05/19	12:30	86.9	87.1	84.7	83	81.1	2.0	SSE	1.00	7.0	SE	86.9	104.5	104.5	115.7	29.794	0.00	0.00	1026	44.12	1222	11.6	2.49	13.6	0.000	0.456	87.0	84	81.6	105.4	17.17	 .0697	0.000	698	1	100.0	30
16/05/19	13:00	85.6	88.2	85.6	84	80.2	3.0	SSE	1.50	10.0	SE	85.6	100.8	100.8	113.6	29.796	0.00	0.00	1075	46.23	1359	11.3	2.42	13.8	0.000	0.429	87.7	80	80.8	105.2	15.64	 .0696	0.026	701	1	100.0	30
16/05/19	13:30	86.9	88.7	85.7	81	80.4	3.0	SE	1.50	9.0	SSE	86.9	103.3	103.3	117.2	29.781	0.00	0.00	1061	45.63	1151	10.6	2.27	11.6	0.000	0.456	88.4	80	81.4	107.6	15.61	 .0695	0.000	700	1	100.0	30
16/05/19	14:00	85.9	87.4	85.9	83	80.1	2.0	SE	1.00	7.0	E	85.9	101.2	101.2	113.7	29.780	0.00	0.00	865	37.20	1042	8.3	1.78	9.9	0.000	0.435	88.7	77	80.6	106.6	14.63	 .0695	0.025	700	1	100.0	30
16/05/19	14:30	86.1	86.2	84.3	83	80.3	1.0	SSE	0.50	3.0	SE	86.1	101.8	101.8	111.1	29.764	0.00	0.00	410	17.63	889	4.9	1.05	6.4	0.000	0.440	87.6	79	80.3	104.3	15.29	 .0696	0.000	700	1	100.0	30
16/05/19	15:00	85.4	86.4	84.6	84	80.0	2.0	SE	1.00	7.0	S	85.4	100.2	100.2	109.2	29.773	0.00	0.00	362	15.57	805	4.0	0.86	5.7	0.000	0.425	87.4	76	78.9	102.0	14.41	 .0698	0.012	700	1	100.0	30
16/05/19	15:30	82.5	85.7	82.5	88	78.6	1.0	SSE	0.50	4.0	SSE	82.5	93.1	93.1	95.6	29.784	0.00	0.00	98	4.21	109	1.6	0.34	3.0	0.000	0.365	85.9	81	79.4	100.2	16.11	 .0700	0.000	699	1	100.0	30
16/05/19	16:00	81.9	82.9	81.8	89	78.3	1.0	E	0.50	4.0	SSE	81.9	91.7	91.7	94.3	29.772	0.00	0.00	86	3.70	104	0.8	0.17	1.1	0.000	0.352	85.0	83	79.3	98.5	16.85	 .0701	0.003	702	1	100.0	30
16/05/19	16:30	82.5	82.6	81.9	88	78.6	1.0	NE	0.50	6.0	S	82.5	93.1	93.1	96.5	29.764	0.00	0.00	93	4.00	107	0.4	0.09	0.7	0.000	0.365	84.5	84	79.1	97.5	17.27	 .0701	0.000	701	1	100.0	30
16/05/19	17:00	82.3	82.7	82.2	91	79.4	0.0	NNE	0.00	4.0	NE	82.3	93.6	93.6	96.7	29.781	0.00	0.00	81	3.48	91	0.0	0.00	0.0	0.000	0.360	84.2	86	79.6	97.4	18.10	 .0702	0.002	700	1	100.0	30
16/05/19	17:30	82.0	82.3	81.9	90	78.8	0.0	NNE	0.00	2.0	NNE	82.0	92.3	92.3	92.6	29.789	0.00	0.00	69	2.97	84	0.0	0.00	0.0	0.000	0.354	84.1	87	79.8	97.5	18.50	 .0702	0.000	702	1	100.0	30
16/05/19	18:00	81.4	82.2	81.4	92	78.9	0.0	SW	0.00	2.0	WSW	81.4	91.4	91.4	90.5	29.795	0.00	0.00	14	0.60	49	0.0	0.00	0.0	0.000	0.342	83.7	88	79.8	96.7	18.98	 .0702	0.001	700	1	100.0	30
16/05/19	18:30	80.6	81.4	80.5	92	78.1	0.0	SW	0.00	1.0	SW	80.6	89.2	89.2	88.0	29.807	0.00	0.00	0	0.00	0	0.0	0.00	0.0	0.000	0.325	83.2	88	79.3	95.1	19.03	 .0704	0.000	701	1	100.0	30
16/05/19	19:00	80.3	80.7	80.2	92	77.8	0.0	---	0.00	0.0	---	80.3	88.4	88.4	87.1	29.818	0.00	0.00	0	0.00	0	0.0	0.00	0.0	0.000	0.319	82.8	89	79.2	94.3	19.67	 .0704	0.000	703	1	100.0	30
16/05/19	19:30	80.0	80.3	80.0	93	77.8	0.0	---	0.00	0.0	---	80.0	87.9	87.9	86.6	29.818	0.00	0.00	0	0.00	0	0.0	0.00	0.0	0.000	0.313	82.5	90	79.3	93.8	20.25	 .0705	0.000	700	1	100.0	30
16/05/19	20:00	79.6	80.0	79.5	93	77.4	0.0	---	0.00	0.0	---	79.6	86.9	86.9	85.6	29.828	0.00	0.00	0	0.00	0	0.0	0.00	0.0	0.000	0.304	82.3	90	79.1	93.2	20.27	 .0706	0.000	702	1	100.0	30
16/05/19	20:30	79.4	79.6	79.4	93	77.2	0.0	---	0.00	0.0	---	79.4	86.4	86.4	85.1	29.830	0.00	0.00	0	0.00	0	0.0	0.00	0.0	0.000	0.300	82.0	90	78.8	92.3	20.29	 .0706	0.000	700	1	100.0	30
16/05/19	21:00	79.1	79.4	79.1	93	76.9	0.0	SW	0.00	1.0	SW	79.1	85.7	85.7	84.4	29.832	0.00	0.00	0	0.00	0	0.0	0.00	0.0	0.000	0.294	81.8	90	78.6	91.7	20.31	 .0707	0.000	702	1	100.0	30
16/05/19	21:30	78.8	79.1	78.7	94	76.9	0.0	SW	0.00	2.0	WSW	78.8	85.2	85.2	83.9	29.830	0.00	0.00	0	0.00	0	0.0	0.00	0.0	0.000	0.288	81.5	91	78.6	91.3	20.93	 .0707	0.000	700	1	100.0	30
16/05/19	22:00	78.8	78.9	78.7	94	76.9	0.0	WSW	0.00	1.0	WSW	78.8	85.2	85.2	83.9	29.834	0.00	0.00	0	0.00	0	0.0	0.00	0.0	0.000	0.288	81.5	91	78.6	91.3	20.93	 .0707	0.000	702	1	100.0	30
16/05/19	22:30	78.8	78.9	78.7	94	76.9	0.0	NE	0.00	3.0	NE	78.8	85.2	85.2	83.9	29.829	0.00	0.00	0	0.00	0	0.0	0.00	0.0	0.000	0.288	81.3	91	78.4	90.7	20.95	 .0707	0.000	701	1	100.0	30
16/05/19	23:00	78.7	78.8	78.7	94	76.8	0.0	NE	0.00	1.0	NE	78.7	85.0	85.0	83.7	29.821	0.00	0.00	0	0.00	0	0.0	0.00	0.0	0.000	0.285	81.1	91	78.2	90.1	20.96	 .0708	0.000	702	1	100.0	30
16/05/19	23:30	78.5	78.8	78.4	94	76.6	0.0	NE	0.00	1.0	NE	78.5	84.5	84.5	83.2	29.807	0.00	0.00	0	0.00	0	0.0	0.00	0.0	0.000	0.281	81.1	91	78.2	90.1	20.96	 .0707	0.000	701	1	100.0	30
17/05/19	00:00	78.0	78.5	78.0	94	76.1	0.0	---	0.00	0.0	---	78.0	83.4	83.4	82.1	29.801	0.00	0.00	0	0.00	0	0.0	0.00	0.0	0.000	0.271	81.0	91	78.1	89.9	20.97	 .0707	0.000	701	1	100.0	30
17/05/19	0:30	77.7	78.1	77.7	94	75.8	0.0	---	0.00	0.0	---	77.7	82.8	82.8	81.4	29.793	0.00	0.00	0	0.00	0	0.0	0.00	0.0	0.000	0.265	80.6	91	77.7	88.8	21.00	 .0708	0.000	700	1	100.0	30
17/05/19	1:00	77.3	77.7	77.3	94	75.4	0.0	---	0.00	0.0	---	77.3	81.9	81.9	80.5	29.785	0.00	0.00	0	0.00	0	0.0	0.00	0.0	0.000	0.256	80.5	91	77.6	88.6	21.01	 .0708	0.000	701	1	100.0	30
17/05/19	1:30	76.9	77.3	76.9	94	75.0	0.0	---	0.00	0.0	---	76.9	81.1	81.1	79.7	29.782	0.00	0.00	0	0.00	0	0.0	0.00	0.0	0.000	0.248	80.2	91	77.3	87.8	21.03	 .0708	0.000	699	1	100.0	30
17/05/19	2:00	76.7	77.0	76.7	94	74.8	0.0	---	0.00	0.0	---	76.7	80.8	80.8	79.4	29.773	0.00	0.00	0	0.00	0	0.0	0.00	0.0	0.000	0.244	80.1	90	76.9	87.3	20.44	 .0709	0.000	701	1	100.0	30
17/05/19	2:30	76.5	76.7	76.5	94	74.6	0.0	---	0.00	0.0	---	76.5	80.4	80.4	79.0	29.767	0.00	0.00	0	0.00	0	0.0	0.00	0.0	0.000	0.240	79.9	91	77.0	87.1	21.05	 .0709	0.000	703	1	100.0	30
17/05/19	3:00	76.4	76.5	76.3	94	74.5	0.0	NE	0.00	1.0	NE	76.4	80.3	80.3	78.9	29.769	0.00	0.00	0	0.00	0	0.0	0.00	0.0	0.000	0.238	79.6	91	76.7	86.4	21.04	 .0709	0.000	701	1	100.0	30
17/05/19	3:30	76.3	76.4	76.2	94	74.4	0.0	---	0.00	0.0	---	76.3	80.1	80.1	78.7	29.767	0.00	0.00	0	0.00	0	0.0	0.00	0.0	0.000	0.235	79.5	91	76.6	86.1	21.04	 .0710	0.000	702	1	100.0	30
17/05/19	4:00	76.4	76.4	76.3	94	74.5	0.0	NE	0.00	1.0	NE	76.4	80.3	80.3	78.9	29.765	0.00	0.00	0	0.00	0	0.0	0.00	0.0	0.000	0.238	79.3	91	76.4	85.6	21.04	 .0710	0.000	700	1	100.0	30
17/05/19	4:30	76.4	76.5	76.3	95	74.9	0.0	NE	0.00	1.0	NE	76.4	80.4	80.4	79.0	29.778	0.00	0.00	0	0.00	0	0.0	0.00	0.0	0.000	0.238	79.3	91	76.4	85.6	21.04	 .0710	0.000	700	1	100.0	30
17/05/19	5:00	76.5	76.6	76.4	94	74.6	0.0	NE	0.00	1.0	NE	76.5	80.4	80.4	79.0	29.779	0.00	0.00	0	0.00	0	0.0	0.00	0.0	0.000	0.240	79.3	92	76.8	85.9	21.14	 .0710	0.000	700	1	100.0	30
17/05/19	5:30	76.8	76.8	76.4	94	74.9	1.0	SSE	0.50	5.0	ENE	76.8	81.0	81.0	79.8	29.798	0.00	0.00	9	0.39	44	0.0	0.00	0.0	0.000	0.246	79.3	92	76.8	85.9	21.14	 .0710	0.000	702	1	100.0	30
17/05/19	6:00	77.5	77.5	76.8	94	75.6	1.0	ESE	0.50	4.0	SSE	77.5	82.3	82.3	82.1	29.810	0.00	0.00	54	2.32	74	0.0	0.00	0.0	0.000	0.260	79.5	93	77.3	86.7	21.24	 .0710	0.001	700	1	100.0	30
17/05/19	6:30	77.9	77.9	77.4	94	76.0	0.0	NE	0.00	2.0	NE	77.9	83.2	83.2	84.4	29.818	0.02	0.05	40	1.72	67	0.0	0.00	0.0	0.000	0.269	79.8	93	77.6	87.4	21.25	 .0710	0.000	702	1	100.0	30
17/05/19	7:00	78.0	78.1	77.8	94	76.1	0.0	NE	0.00	1.0	NE	78.0	83.4	83.4	83.5	29.826	0.03	0.05	21	0.90	25	0.0	0.00	0.0	0.000	0.271	79.7	93	77.5	87.2	21.24	 .0710	0.001	701	1	100.0	30
17/05/19	7:30	77.8	78.0	77.8	94	75.9	0.0	NE	0.00	1.0	NE	77.8	83.0	83.0	83.2	29.824	0.09	0.26	30	1.29	39	0.0	0.00	0.0	0.000	0.267	79.4	94	77.5	86.7	21.35	 .0710	0.000	700	1	100.0	30
17/05/19	8:00	78.7	78.7	77.8	94	76.8	0.0	NE	0.00	1.0	NE	78.7	85.0	85.0	86.7	29.831	0.03	0.13	80	3.44	156	0.6	0.13	1.4	0.000	0.285	79.9	94	78.0	87.9	21.35	 .0710	0.001	698	1	100.0	30
17/05/19	8:30	79.4	79.8	78.5	94	77.5	0.0	NE	0.00	2.0	NE	79.4	86.7	86.7	91.2	29.843	0.00	0.00	188	8.09	229	1.8	0.39	2.1	0.000	0.300	80.4	94	78.5	89.3	21.36	 .0709	0.000	702	1	100.0	30
17/05/19	9:00	79.9	80.4	79.4	94	78.0	0.0	SSW	0.00	4.0	SSW	79.9	87.9	87.9	90.7	29.855	0.00	0.00	136	5.85	163	1.7	0.36	1.9	0.000	0.310	80.9	95	79.3	91.0	21.65	 .0708	0.004	703	1	100.0	30
17/05/19	9:30	80.5	80.5	79.7	95	78.9	0.0	SSW	0.00	2.0	SSW	80.5	89.9	89.9	92.4	29.838	0.00	0.00	129	5.55	211	1.7	0.36	2.7	0.000	0.323	81.0	95	79.4	91.3	21.65	 .0707	0.000	701	1	100.0	30
17/05/19	10:00	81.3	81.4	80.3	94	79.4	0.0	SSW	0.00	2.0	SSW	81.3	91.8	91.8	96.5	29.843	0.00	0.00	220	9.46	230	2.9	0.62	3.1	0.000	0.340	81.8	94	79.9	93.2	21.39	 .0706	0.004	702	1	100.0	30
17/05/19	10:30	80.7	81.4	80.7	93	78.5	1.0	SSW	0.50	2.0	SSW	80.7	89.8	89.8	93.8	29.844	0.01	0.00	195	8.39	225	2.7	0.58	3.0	0.000	0.327	82.1	94	80.2	94.1	21.39	 .0705	0.000	700	1	100.0	30
17/05/19	11:00	81.7	81.7	80.7	92	79.1	1.0	SW	0.50	5.0	WSW	81.7	92.2	92.2	99.7	29.835	0.00	0.00	345	14.84	408	4.7	1.01	5.4	0.000	0.348	82.5	92	79.9	94.6	21.20	 .0705	0.007	703	1	100.0	30
17/05/19	11:30	81.8	82.0	81.4	90	78.6	2.0	SSW	1.00	6.0	SSE	81.8	91.7	91.7	100.5	29.829	0.00	0.00	413	17.76	431	5.5	1.18	5.7	0.000	0.350	83.1	91	80.2	96.0	20.80	 .0704	0.000	701	1	100.0	30
17/05/19	12:00	80.8	81.9	80.6	92	78.3	1.0	SSW	0.50	5.0	WSW	80.8	89.7	89.7	94.3	29.804	0.00	0.00	215	9.25	373	3.0	0.64	5.2	0.000	0.329	82.8	90	79.6	94.6	20.23	 .0704	0.008	700	1	100.0	30
17/05/19	12:30	80.4	80.8	80.4	92	77.9	1.0	SW	0.50	6.0	SSE	80.4	88.6	88.6	91.1	29.785	0.00	0.00	133	5.72	174	1.9	0.41	2.5	0.000	0.321	82.3	90	79.1	93.2	20.27	 .0704	0.000	699	1	100.0	30
17/05/19	13:00	81.0	81.1	80.0	91	78.1	1.0	SW	0.50	5.0	SSW	81.0	89.9	89.9	93.6	29.784	0.00	0.00	180	7.74	258	2.6	0.56	3.6	0.000	0.333	82.0	90	78.8	92.3	20.29	 .0705	0.004	701	1	100.0	30
17/05/19	13:30	80.7	81.4	80.7	91	77.8	1.0	S	0.50	6.0	SSE	80.7	89.1	89.1	94.2	29.777	0.00	0.00	238	10.24	265	3.2	0.69	3.5	0.000	0.327	82.3	89	78.7	92.9	19.72	 .0705	0.000	702	1	100.0	30
17/05/19	14:00	80.5	80.8	80.4	91	77.6	1.0	SSE	0.50	5.0	SSE	80.5	88.6	88.6	92.3	29.775	0.00	0.00	175	7.53	232	2.1	0.45	2.7	0.000	0.323	82.1	89	78.5	92.3	19.74	 .0705	0.005	701	1	100.0	30
17/05/19	14:30	81.5	81.7	80.4	90	78.3	2.0	SE	1.00	7.0	S	81.5	90.9	90.9	98.6	29.757	0.00	0.00	333	14.32	483	3.2	0.69	4.2	0.000	0.344	82.3	89	78.7	92.9	19.72	 .0704	0.000	701	1	100.0	30
17/05/19	15:00	81.6	82.1	81.3	89	78.0	2.0	SSE	1.00	7.0	SSW	81.6	90.9	90.9	99.4	29.751	0.00	0.00	339	14.58	438	2.8	0.60	3.4	0.000	0.346	83.0	88	79.1	94.5	19.05	 .0703	0.009	699	1	100.0	30
17/05/19	15:30	80.9	81.6	80.9	90	77.7	1.0	SSW	0.50	5.0	S	80.9	89.3	89.3	94.0	29.752	0.00	0.00	167	7.18	223	1.4	0.30	1.9	0.000	0.331	82.7	88	78.8	93.7	19.08	 .0703	0.000	702	1	100.0	30
17/05/19	16:00	81.1	81.3	80.6	90	77.9	0.0	SSW	0.00	2.0	SSE	81.1	89.8	89.8	95.6	29.755	0.00	0.00	176	7.57	195	1.0	0.21	1.1	0.000	0.335	82.7	87	78.4	93.4	18.59	 .0704	0.004	698	1	100.0	30
17/05/19	16:30	79.9	81.2	79.9	91	77.0	0.0	SSW	0.00	3.0	WSW	79.9	87.1	87.1	91.6	29.761	0.00	0.00	124	5.33	165	0.6	0.13	0.9	0.000	0.310	82.4	89	78.8	93.2	19.71	 .0704	0.000	703	1	100.0	30
17/05/19	17:00	80.1	80.3	79.9	92	77.6	0.0	SW	0.00	2.0	SW	80.1	87.9	87.9	91.0	29.777	0.00	0.00	83	3.57	104	0.0	0.00	0.0	0.000	0.315	82.0	89	78.4	92.0	19.75	 .0705	0.003	701	1	100.0	30
17/05/19	17:30	79.7	80.2	79.7	93	77.5	0.0	SW	0.00	1.0	SW	79.7	87.2	87.2	86.9	29.786	0.00	0.00	42	1.81	56	0.0	0.00	0.0	0.000	0.306	81.6	91	78.7	91.6	20.92	 .0706	0.000	701	1	100.0	30
17/05/19	18:00	78.9	79.7	78.7	93	76.7	0.0	SW	0.00	1.0	SW	78.9	85.2	85.2	83.9	29.781	0.00	0.00	3	0.13	18	0.0	0.00	0.0	0.000	0.290	80.7	91	77.8	89.1	20.99	 .0707	0.001	703	1	100.0	30
17/05/19	18:30	78.2	78.9	78.2	93	76.0	0.0	---	0.00	0.0	---	78.2	83.6	83.6	82.3	29.788	0.00	0.00	0	0.00	0	0.0	0.00	0.0	0.000	0.275	80.5	91	77.6	88.6	21.01	 .0708	0.000	699	1	100.0	30
17/05/19	19:00	77.5	78.2	77.5	93	75.3	0.0	SW	0.00	1.0	SW	77.5	82.1	82.1	80.7	29.788	0.00	0.00	0	0.00	0	0.0	0.00	0.0	0.000	0.260	80.2	91	77.3	87.8	21.03	 .0709	0.000	700	1	100.0	30
17/05/19	19:30	77.3	77.5	77.2	94	75.4	0.0	---	0.00	0.0	---	77.3	81.9	81.9	80.5	29.797	0.00	0.00	0	0.00	0	0.0	0.00	0.0	0.000	0.256	79.9	92	77.4	87.4	21.15	 .0709	0.000	701	1	100.0	30
17/05/19	20:00	77.1	77.3	77.1	94	75.2	0.0	SW	0.00	1.0	SW	77.1	81.5	81.5	80.1	29.798	0.00	0.00	0	0.00	0	0.0	0.00	0.0	0.000	0.252	79.6	92	77.1	86.6	21.14	 .0710	0.000	703	1	100.0	30
17/05/19	20:30	76.8	77.1	76.8	94	74.9	0.0	---	0.00	0.0	---	76.8	81.0	81.0	79.6	29.807	0.00	0.00	0	0.00	0	0.0	0.00	0.0	0.000	0.246	79.6	92	77.1	86.6	21.14	 .0710	0.000	702	1	100.0	30
17/05/19	21:00	76.8	76.9	76.7	94	74.9	0.0	---	0.00	0.0	---	76.8	81.0	81.0	79.6	29.815	0.00	0.00	0	0.00	0	0.0	0.00	0.0	0.000	0.246	79.5	92	77.0	86.4	21.14	 .0710	0.000	703	1	100.0	30
17/05/19	21:30	76.7	76.8	76.6	94	74.8	0.0	---	0.00	0.0	---	76.7	80.8	80.8	79.4	29.818	0.00	0.00	0	0.00	0	0.0	0.00	0.0	0.000	0.244	79.3	92	76.8	85.9	21.14	 .0711	0.000	700	1	100.0	30
17/05/19	22:00	76.5	76.8	76.5	94	74.6	0.0	---	0.00	0.0	---	76.5	80.4	80.4	79.0	29.813	0.00	0.00	0	0.00	0	0.0	0.00	0.0	0.000	0.240	79.2	92	76.7	85.7	21.13	 .0711	0.000	702	1	100.0	30
17/05/19	22:30	76.4	76.6	76.4	94	74.5	0.0	---	0.00	0.0	---	76.4	80.3	80.3	78.9	29.811	0.00	0.00	0	0.00	0	0.0	0.00	0.0	0.000	0.238	79.2	92	76.7	85.7	21.13	 .0711	0.000	700	1	100.0	30
17/05/19	23:00	76.5	76.6	76.3	94	74.6	0.0	SW	0.00	1.0	SW	76.5	80.4	80.4	79.0	29.810	0.00	0.00	0	0.00	0	0.0	0.00	0.0	0.000	0.240	79.1	92	76.6	85.4	21.13	 .0711	0.000	701	1	100.0	30
17/05/19	23:30	76.7	76.8	76.5	94	74.8	0.0	---	0.00	0.0	---	76.7	80.8	80.8	79.4	29.813	0.00	0.00	0	0.00	0	0.0	0.00	0.0	0.000	0.244	79.2	93	77.0	85.9	21.23	 .0711	0.000	702	1	100.0	30
18/05/19	00:00	77.0	77.0	76.7	94	75.1	0.0	---	0.00	0.0	---	77.0	81.3	81.3	79.9	29.808	0.00	0.00	0	0.00	0	0.0	0.00	0.0	0.000	0.250	79.1	93	76.9	85.7	21.23	 .0711	0.000	700	1	100.0	30
18/05/19	0:30	77.1	77.1	76.9	94	75.2	0.0	---	0.00	0.0	---	77.1	81.5	81.5	80.1	29.802	0.00	0.00	0	0.00	0	0.0	0.00	0.0	0.000	0.252	79.3	93	77.1	86.2	21.24	 .0710	0.000	702	1	100.0	30
18/05/19	1:00	77.2	77.2	77.1	94	75.3	0.0	SW	0.00	1.0	SW	77.2	81.7	81.7	80.3	29.797	0.20	0.81	0	0.00	0	0.0	0.00	0.0	0.000	0.254	79.4	93	77.2	86.4	21.24	 .0710	0.000	701	1	100.0	30
18/05/19	1:30	77.1	77.3	77.1	94	75.2	0.0	SW	0.00	2.0	SW	77.1	81.5	81.5	80.1	29.790	0.41	3.10	0	0.00	0	0.0	0.00	0.0	0.000	0.252	79.0	94	77.1	85.7	21.35	 .0710	0.000	702	1	100.0	30
18/05/19	2:00	76.3	77.1	76.3	94	74.4	0.0	NW	0.00	3.0	NE	76.3	80.1	80.1	78.7	29.781	0.27	1.70	0	0.00	0	0.0	0.00	0.0	0.000	0.235	78.6	93	76.4	84.5	21.22	 .0711	0.000	698	1	100.0	30
18/05/19	2:30	76.2	76.4	76.2	94	74.3	0.0	NNE	0.00	2.0	NNE	76.2	79.9	79.9	78.5	29.782	0.10	0.46	0	0.00	0	0.0	0.00	0.0	0.000	0.233	78.4	93	76.2	84.1	21.22	 .0712	0.000	702	1	100.0	30
18/05/19	3:00	76.2	76.3	76.1	94	74.3	0.0	NNE	0.00	1.0	NNE	76.2	79.9	79.9	78.5	29.784	0.04	0.40	0	0.00	0	0.0	0.00	0.0	0.000	0.233	78.1	94	76.2	83.6	21.35	 .0712	0.000	700	1	100.0	30
18/05/19	3:30	76.0	76.3	75.9	94	74.1	0.0	---	0.00	0.0	---	76.0	79.6	79.6	78.2	29.786	0.02	0.26	0	0.00	0	0.0	0.00	0.0	0.000	0.229	78.1	94	76.2	83.6	21.35	 .0712	0.000	702	1	100.0	30
18/05/19	4:00	75.9	76.0	75.9	95	74.4	0.0	NNE	0.00	1.0	NNE	75.9	79.6	79.6	78.2	29.783	0.00	0.00	0	0.00	0	0.0	0.00	0.0	0.000	0.227	78.2	93	76.0	83.6	21.21	 .0712	0.000	700	1	100.0	30
18/05/19	4:30	76.0	76.0	75.9	95	74.5	0.0	---	0.00	0.0	---	76.0	79.7	79.7	78.3	29.784	0.00	0.00	0	0.00	0	0.0	0.00	0.0	0.000	0.229	78.3	93	76.1	83.8	21.22	 .0712	0.000	700	1	100.0	30
18/05/19	5:00	75.8	76.0	75.8	95	74.3	0.0	NNE	0.00	1.0	NNE	75.8	79.4	79.4	78.0	29.780	0.00	0.00	0	0.00	0	0.0	0.00	0.0	0.000	0.225	78.2	93	76.0	83.6	21.21	 .0712	0.000	702	1	100.0	30
18/05/19	5:30	75.2	75.8	75.2	94	73.4	0.0	---	0.00	0.0	---	75.2	78.4	78.4	76.9	29.796	0.00	0.00	2	0.09	11	0.0	0.00	0.0	0.000	0.212	77.8	93	75.6	82.8	21.21	 .0713	0.000	701	1	100.0	30
18/05/19	6:00	75.5	75.5	75.1	95	74.0	0.0	---	0.00	0.0	---	75.5	79.0	79.0	78.1	29.805	0.00	0.00	28	1.20	44	0.0	0.00	0.0	0.000	0.219	78.0	93	75.8	83.2	21.21	 .0713	0.000	702	1	100.0	30
18/05/19	6:30	76.0	76.0	75.5	95	74.5	0.0	---	0.00	0.0	---	76.0	79.7	79.7	81.1	29.820	0.00	0.00	47	2.02	54	0.0	0.00	0.0	0.000	0.229	78.0	93	75.8	83.2	21.21	 .0713	0.000	702	1	100.0	30
18/05/19	7:00	76.4	76.4	75.8	95	74.9	0.0	SSW	0.00	1.0	SSW	76.4	80.4	80.4	82.4	29.834	0.00	0.00	68	2.92	79	0.0	0.00	0.0	0.000	0.238	78.3	94	76.4	84.1	21.35	 .0713	0.001	702	1	100.0	30
18/05/19	7:30	76.7	76.8	76.3	95	75.2	0.0	SSW	0.00	1.0	SSW	76.7	81.0	81.0	83.3	29.836	0.00	0.00	87	3.74	97	0.5	0.11	0.6	0.000	0.244	78.5	94	76.6	84.5	21.35	 .0713	0.000	702	1	100.0	30
18/05/19	8:00	77.1	77.1	76.7	95	75.6	0.0	---	0.00	0.0	---	77.1	81.7	81.7	83.5	29.841	0.01	0.00	83	3.57	86	0.7	0.15	0.7	0.000	0.252	78.6	94	76.7	84.7	21.35	 .0713	0.002	701	1	100.0	30
18/05/19	8:30	77.4	77.5	77.0	95	75.9	0.0	SSW	0.00	1.0	SSW	77.4	82.3	82.3	83.4	29.848	0.02	0.04	70	3.01	79	0.7	0.15	0.7	0.000	0.258	78.8	94	76.9	85.2	21.35	 .0712	0.000	702	1	100.0	30
18/05/19	9:00	78.1	78.1	77.4	95	76.6	0.0	SSE	0.00	2.0	SSW	78.1	83.8	83.8	84.9	29.853	0.04	0.10	75	3.23	102	0.9	0.19	1.3	0.000	0.273	79.0	95	77.4	85.9	21.65	 .0712	0.002	701	1	100.0	30
18/05/19	9:30	78.1	78.3	77.6	95	76.6	0.0	SSE	0.00	4.0	NE	78.1	83.8	83.8	85.9	29.859	0.01	0.09	117	5.03	123	1.5	0.32	1.6	0.000	0.273	79.3	95	77.7	86.7	21.65	 .0711	0.000	698	1	100.0	30
18/05/19	10:00	78.6	78.7	78.1	95	77.0	0.0	E	0.00	1.0	E	78.6	85.0	85.0	87.8	29.848	0.02	0.00	144	6.19	186	2.0	0.43	2.6	0.000	0.283	79.6	95	78.0	87.5	21.65	 .0710	0.003	701	1	100.0	30
18/05/19	10:30	79.3	79.5	78.5	94	77.4	0.0	E	0.00	2.0	E	79.3	86.4	86.4	91.8	29.829	0.01	0.00	251	10.79	315	3.5	0.75	4.4	0.000	0.298	79.9	94	78.0	87.9	21.35	 .0710	0.000	701	1	100.0	30
18/05/19	11:00	80.1	80.5	79.3	91	77.2	0.0	NE	0.00	3.0	S	80.1	87.6	87.6	95.1	29.824	0.00	0.00	350	15.05	371	4.9	1.05	5.2	0.000	0.315	80.7	94	78.8	90.1	21.36	 .0708	0.007	702	1	100.0	30
18/05/19	11:30	80.9	80.9	80.0	92	78.4	1.0	SSW	0.50	3.0	SSW	80.9	90.0	90.0	98.3	29.813	0.00	0.00	384	16.51	392	5.4	1.16	5.6	0.000	0.331	81.5	93	79.3	92.0	21.28	 .0706	0.000	701	1	100.0	30
18/05/19	12:00	81.2	81.6	80.7	90	78.0	1.0	SSW	0.50	3.0	SSW	81.2	90.1	90.1	98.9	29.801	0.00	0.00	415	17.85	427	5.8	1.24	6.0	0.000	0.337	82.0	91	79.1	92.7	20.89	 .0705	0.010	701	1	100.0	30
18/05/19	12:30	82.0	82.1	81.2	89	78.4	0.0	S	0.00	3.0	SSW	82.0	92.0	92.0	101.3	29.786	0.00	0.00	448	19.27	552	6.2	1.33	7.0	0.000	0.354	82.5	90	79.3	93.8	20.25	 .0704	0.000	701	1	100.0	30
18/05/19	13:00	83.2	83.6	82.0	88	79.3	1.0	SSW	0.50	3.0	SSW	83.2	95.1	95.1	106.3	29.765	0.00	0.00	580	24.94	645	7.1	1.52	7.6	0.000	0.379	83.6	89	80.0	96.7	19.59	 .0702	0.013	702	1	100.0	30
18/05/19	13:30	82.0	83.2	81.9	89	78.4	1.0	SSE	0.50	4.0	SSE	82.0	92.0	92.0	99.4	29.756	0.00	0.00	345	14.84	461	4.8	1.03	5.9	0.000	0.354	83.4	89	79.8	96.1	19.61	 .0702	0.000	696	1	100.0	30
18/05/19	14:00	81.8	82.2	81.5	89	78.2	1.0	SE	0.50	3.0	ESE	81.8	91.5	91.5	96.7	29.745	0.00	0.00	235	10.11	283	3.7	0.79	4.1	0.000	0.350	82.9	88	79.0	94.2	19.06	 .0703	0.007	701	1	100.0	30
18/05/19	14:30	81.5	82.0	81.3	90	78.3	1.0	SSE	0.50	4.0	SSE	81.5	90.9	90.9	95.2	29.729	0.00	0.00	188	8.09	213	2.8	0.60	3.2	0.000	0.344	82.6	89	79.0	93.7	19.69	 .0703	0.000	701	1	100.0	30
18/05/19	15:00	81.4	82.0	81.3	89	77.8	0.0	ESE	0.00	3.0	ESE	81.4	90.4	90.4	96.8	29.722	0.00	0.00	251	10.79	362	2.8	0.60	3.0	0.000	0.342	82.6	90	79.4	94.0	20.24	 .0702	0.006	701	1	100.0	30
18/05/19	15:30	83.2	83.5	81.4	88	79.3	1.0	SE	0.50	3.0	NE	83.2	95.1	95.1	106.3	29.722	0.00	0.00	432	18.58	559	2.6	0.56	3.0	0.000	0.379	83.5	88	79.6	96.1	19.00	 .0701	0.000	701	1	100.0	30
18/05/19	16:00	82.5	83.3	82.2	89	78.9	1.0	S	0.50	4.0	SSE	82.5	93.4	93.4	103.9	29.731	0.00	0.00	360	15.48	520	1.7	0.36	2.4	0.000	0.365	84.1	87	79.8	97.5	18.50	 .0700	0.010	700	1	100.0	30
18/05/19	16:30	81.1	82.5	81.1	90	77.9	1.0	S	0.50	2.0	S	81.1	89.8	89.8	95.9	29.736	0.00	0.00	165	7.10	221	0.8	0.17	1.2	0.000	0.335	83.5	88	79.6	96.1	19.00	 .0701	0.000	697	1	100.0	30
18/05/19	17:00	80.6	81.3	80.6	92	78.1	0.0	S	0.00	1.0	S	80.6	89.2	89.2	93.0	29.745	0.00	0.00	100	4.30	113	0.0	0.00	0.0	0.000	0.325	82.7	90	79.5	94.3	20.23	 .0703	0.003	701	1	100.0	30
18/05/19	17:30	80.3	80.9	80.2	93	78.1	0.0	S	0.00	1.0	S	80.3	88.7	88.7	88.8	29.757	0.00	0.00	64	2.75	93	0.0	0.00	0.0	0.000	0.319	82.0	91	79.1	92.7	20.89	 .0704	0.000	701	1	100.0	30
18/05/19	18:00	79.6	80.3	79.6	93	77.4	0.0	S	0.00	1.0	S	79.6	86.9	86.9	85.7	29.775	0.00	0.00	7	0.30	30	0.0	0.00	0.0	0.000	0.304	81.2	92	78.7	90.8	21.17	 .0706	0.001	702	1	100.0	30
18/05/19	18:30	79.1	79.7	79.0	93	76.9	0.0	---	0.00	0.0	---	79.1	85.7	85.7	84.3	29.783	0.00	0.00	0	0.00	0	0.0	0.00	0.0	0.000	0.294	80.7	92	78.2	89.4	21.16	 .0707	0.000	700	1	100.0	30
18/05/19	19:00	78.5	79.0	78.5	93	76.3	0.0	---	0.00	0.0	---	78.5	84.3	84.3	82.9	29.794	0.00	0.00	0	0.00	0	0.0	0.00	0.0	0.000	0.281	80.3	93	78.1	88.7	21.26	 .0708	0.000	699	1	100.0	30
18/05/19	19:30	78.1	78.6	78.1	93	75.9	0.0	---	0.00	0.0	---	78.1	83.4	83.4	81.9	29.803	0.00	0.00	0	0.00	0	0.0	0.00	0.0	0.000	0.273	80.1	93	77.9	88.2	21.25	 .0709	0.000	699	1	100.0	30
18/05/19	20:00	77.9	78.1	77.9	93	75.7	0.0	---	0.00	0.0	---	77.9	83.0	83.0	81.5	29.817	0.00	0.00	0	0.00	0	0.0	0.00	0.0	0.000	0.269	80.0	93	77.8	87.9	21.25	 .0709	0.000	703	1	100.0	30
18/05/19	20:30	77.7	77.9	77.6	93	75.5	0.0	---	0.00	0.0	---	77.7	82.6	82.6	81.1	29.816	0.00	0.00	0	0.00	0	0.0	0.00	0.0	0.000	0.265	79.8	93	77.6	87.4	21.25	 .0710	0.000	701	1	100.0	30
18/05/19	21:00	77.4	77.7	77.4	94	75.5	0.0	---	0.00	0.0	---	77.4	82.1	82.1	80.6	29.818	0.00	0.00	0	0.00	0	0.0	0.00	0.0	0.000	0.258	79.5	93	77.3	86.7	21.24	 .0710	0.000	703	1	100.0	30
18/05/19	21:30	77.2	77.4	77.1	94	75.3	0.0	---	0.00	0.0	---	77.2	81.7	81.7	80.2	29.822	0.00	0.00	0	0.00	0	0.0	0.00	0.0	0.000	0.254	79.3	93	77.1	86.2	21.24	 .0711	0.000	701	1	100.0	30
18/05/19	22:00	77.0	77.2	77.0	94	75.1	0.0	---	0.00	0.0	---	77.0	81.3	81.3	79.8	29.829	0.00	0.00	0	0.00	0	0.0	0.00	0.0	0.000	0.250	79.4	93	77.2	86.4	21.24	 .0711	0.000	702	1	100.0	30
18/05/19	22:30	76.7	77.1	76.7	94	74.8	0.0	---	0.00	0.0	---	76.7	80.8	80.8	79.3	29.820	0.00	0.00	0	0.00	0	0.0	0.00	0.0	0.000	0.244	79.1	93	76.9	85.7	21.23	 .0711	0.000	701	1	100.0	30
18/05/19	23:00	76.6	76.8	76.6	94	74.7	0.0	---	0.00	0.0	---	76.6	80.6	80.6	79.1	29.812	0.00	0.00	0	0.00	0	0.0	0.00	0.0	0.000	0.242	79.0	92	76.5	85.2	21.13	 .0711	0.000	700	1	100.0	30
18/05/19	23:30	76.6	76.7	76.5	94	74.7	0.0	---	0.00	0.0	---	76.6	80.6	80.6	79.1	29.805	0.00	0.00	0	0.00	0	0.0	0.00	0.0	0.000	0.242	78.9	93	76.7	85.2	21.23	 .0711	0.000	700	1	100.0	30
19/05/19	00:00	76.4	76.6	76.4	94	74.5	0.0	---	0.00	0.0	---	76.4	80.3	80.3	78.8	29.802	0.00	0.00	0	0.00	0	0.0	0.00	0.0	0.000	0.238	78.9	93	76.7	85.2	21.23	 .0711	0.000	702	1	100.0	30
19/05/19	0:30	76.4	76.4	76.3	94	74.5	0.0	---	0.00	0.0	---	76.4	80.3	80.3	78.8	29.794	0.00	0.00	0	0.00	0	0.0	0.00	0.0	0.000	0.238	78.7	93	76.5	84.7	21.22	 .0711	0.000	701	1	100.0	30
19/05/19	1:00	76.3	76.5	76.3	94	74.4	0.0	---	0.00	0.0	---	76.3	80.1	80.1	78.6	29.788	0.00	0.00	0	0.00	0	0.0	0.00	0.0	0.000	0.235	78.7	93	76.5	84.7	21.22	 .0711	0.000	702	1	100.0	30
19/05/19	1:30	76.4	76.4	76.2	94	74.5	0.0	---	0.00	0.0	---	76.4	80.3	80.3	78.8	29.772	0.00	0.00	0	0.00	0	0.0	0.00	0.0	0.000	0.238	78.7	93	76.5	84.7	21.22	 .0711	0.000	701	1	100.0	30
19/05/19	2:00	76.4	76.5	76.3	94	74.5	0.0	---	0.00	0.0	---	76.4	80.3	80.3	78.8	29.769	0.00	0.00	0	0.00	0	0.0	0.00	0.0	0.000	0.238	78.6	93	76.4	84.5	21.22	 .0711	0.000	702	1	100.0	30
19/05/19	2:30	76.3	76.5	76.3	94	74.4	0.0	---	0.00	0.0	---	76.3	80.1	80.1	78.6	29.768	0.00	0.00	0	0.00	0	0.0	0.00	0.0	0.000	0.235	78.5	93	76.3	84.3	21.22	 .0711	0.000	701	1	100.0	30
19/05/19	3:00	76.0	76.4	76.0	94	74.1	0.0	---	0.00	0.0	---	76.0	79.6	79.6	78.1	29.760	0.00	0.00	0	0.00	0	0.0	0.00	0.0	0.000	0.229	78.2	93	76.0	83.6	21.21	 .0712	0.000	700	1	100.0	30
19/05/19	3:30	75.2	76.0	75.1	94	73.4	0.0	---	0.00	0.0	---	75.2	78.4	78.4	76.8	29.753	0.00	0.00	0	0.00	0	0.0	0.00	0.0	0.000	0.212	77.7	93	75.5	82.6	21.20	 .0712	0.000	703	1	100.0	30
19/05/19	4:00	74.8	75.2	74.7	94	73.0	0.0	---	0.00	0.0	---	74.8	77.8	77.8	76.1	29.762	0.00	0.00	0	0.00	0	0.0	0.00	0.0	0.000	0.204	77.6	92	75.1	82.1	21.10	 .0713	0.000	699	1	100.0	30
19/05/19	4:30	74.5	74.8	74.5	94	72.7	0.0	---	0.00	0.0	---	74.5	77.4	77.4	75.7	29.771	0.00	0.00	0	0.00	0	0.0	0.00	0.0	0.000	0.198	77.5	92	75.0	81.9	21.10	 .0714	0.000	700	1	100.0	30
19/05/19	5:00	74.4	74.5	74.3	94	72.6	0.0	---	0.00	0.0	---	74.4	77.2	77.2	75.5	29.779	0.00	0.00	0	0.00	0	0.0	0.00	0.0	0.000	0.196	77.5	92	75.0	81.9	21.10	 .0714	0.000	703	1	100.0	30
19/05/19	5:30	74.2	74.4	74.2	94	72.4	0.0	---	0.00	0.0	---	74.2	76.9	76.9	75.3	29.777	0.00	0.00	4	0.17	14	0.0	0.00	0.0	0.000	0.192	77.3	92	74.8	81.6	21.10	 .0714	0.000	701	1	100.0	30
19/05/19	6:00	74.8	74.8	74.2	94	73.0	0.0	---	0.00	0.0	---	74.8	77.8	77.8	76.7	29.785	0.00	0.00	26	1.12	33	0.0	0.00	0.0	0.000	0.204	77.4	92	74.9	81.8	21.10	 .0714	0.000	702	1	100.0	30
19/05/19	6:30	75.3	75.3	74.7	94	73.5	0.0	---	0.00	0.0	---	75.3	78.6	78.6	79.5	29.787	0.00	0.00	36	1.55	46	0.0	0.00	0.0	0.000	0.215	77.4	93	75.2	81.9	21.20	 .0714	0.000	698	1	100.0	30
19/05/19	7:00	76.3	76.3	75.3	95	74.8	0.0	S	0.00	1.0	S	76.3	80.2	80.2	81.2	29.788	0.00	0.00	45	1.94	58	0.0	0.00	0.9	0.000	0.235	77.7	94	75.8	82.8	21.35	 .0713	0.001	702	1	100.0	30
19/05/19	7:30	77.6	77.7	76.3	95	76.1	0.0	S	0.00	1.0	S	77.6	82.8	82.8	85.5	29.781	0.00	0.00	97	4.17	355	0.6	0.13	2.2	0.000	0.262	78.3	95	76.7	84.3	21.65	 .0711	0.000	701	1	100.0	30
19/05/19	8:00	80.4	80.4	77.7	94	78.5	0.0	SW	0.00	2.0	SW	80.4	89.3	89.3	99.9	29.794	0.00	0.00	423	18.19	519	2.9	0.62	3.6	0.000	0.321	79.2	95	77.6	86.4	21.65	 .0710	0.006	701	1	100.0	30
19/05/19	8:30	84.1	84.1	80.5	86	79.5	1.0	SSW	0.50	6.0	W	84.1	97.1	97.1	109.2	29.808	0.00	0.00	587	25.24	636	4.4	0.94	5.1	0.000	0.398	80.8	93	78.6	90.0	21.27	 .0707	0.000	702	1	100.0	30
19/05/19	9:00	85.3	85.3	84.1	83	79.5	1.0	S	0.50	5.0	S	85.3	99.4	99.4	111.9	29.812	0.00	0.00	711	30.58	773	6.0	1.29	6.6	0.000	0.423	82.3	90	79.1	93.2	20.27	 .0705	0.017	701	1	100.0	30
19/05/19	9:30	85.8	86.4	85.2	79	78.5	2.0	SSW	1.00	7.0	WSW	85.8	98.9	98.9	111.2	29.818	0.00	0.00	815	35.05	842	7.3	1.56	7.7	0.000	0.433	83.7	86	79.1	95.9	18.13	 .0703	0.000	702	1	100.0	30
19/05/19	10:00	86.5	86.6	85.8	83	80.7	2.0	SSW	1.00	13.0	SW	86.5	103.2	103.2	115.7	29.823	0.00	0.00	875	37.63	905	5.6	1.20	7.7	0.000	0.448	84.7	86	80.0	99.0	18.07	 .0701	0.022	702	1	100.0	30
19/05/19	10:30	86.6	87.1	86.4	83	80.8	2.0	SSW	1.00	7.0	WSW	86.6	103.5	103.5	116.3	29.824	0.00	0.00	903	38.83	965	6.1	1.31	11.4	0.000	0.450	85.6	85	80.6	101.3	17.61	 .0700	0.000	701	1	100.0	30
19/05/19	11:00	86.3	86.8	85.9	79	79.0	2.0	SSW	1.00	8.0	WSW	86.3	100.3	100.3	112.0	29.827	0.00	0.00	977	42.02	995	11.9	2.55	12.3	0.000	0.444	86.3	80	79.4	100.8	15.70	 .0700	0.024	699	1	100.0	30
19/05/19	11:30	87.2	87.2	86.0	81	80.7	2.0	SW	1.00	8.0	SSW	87.2	104.3	104.3	114.3	29.820	0.00	0.00	1014	43.61	1062	12.7	2.72	13.1	0.000	0.462	87.0	79	79.7	102.5	15.33	 .0699	0.000	698	1	100.0	30
19/05/19	12:00	87.5	88.0	86.6	81	80.9	2.0	SE	1.00	9.0	SW	87.5	105.2	105.2	116.0	29.809	0.00	0.00	1078	46.36	1213	12.9	2.76	14.1	0.000	0.469	87.8	79	80.5	105.0	15.28	 .0697	0.027	700	1	100.0	30
19/05/19	12:30	87.4	88.4	86.1	79	80.1	2.0	SSW	1.00	8.0	SW	87.4	103.7	103.7	115.6	29.800	0.00	0.00	965	41.50	1181	11.6	2.49	13.7	0.000	0.467	88.0	79	80.7	105.6	15.27	 .0696	0.000	703	1	100.0	30
19/05/19	13:00	87.1	87.8	86.3	80	80.2	3.0	SSW	1.50	9.0	SSW	87.1	103.3	103.3	114.8	29.784	0.00	0.00	974	41.89	1034	11.2	2.40	12.2	0.000	0.460	88.2	77	80.1	105.0	14.66	 .0696	0.025	701	1	100.0	30
19/05/19	13:30	87.2	87.6	86.3	81	80.7	2.0	S	1.00	7.0	W	87.2	104.3	104.3	116.2	29.765	0.00	0.00	920	39.57	946	10.1	2.16	10.8	0.000	0.462	88.5	75	79.6	104.7	14.11	 .0696	0.000	701	1	100.0	30
19/05/19	14:00	87.0	87.6	86.2	80	80.1	3.0	SSW	1.50	7.0	S	87.0	103.0	103.0	115.8	29.759	0.00	0.00	883	37.97	965	8.3	1.78	9.3	0.000	0.458	88.6	77	80.5	106.3	14.63	 .0695	0.024	702	1	100.0	30
19/05/19	14:30	85.6	87.3	85.3	82	79.5	2.0	SSW	1.00	6.0	S	85.6	99.8	99.8	112.2	29.744	0.00	0.00	758	32.60	1002	6.1	1.31	7.9	0.000	0.429	88.5	77	80.4	106.0	14.64	 .0694	0.000	701	1	100.0	30
19/05/19	15:00	84.8	85.6	84.3	84	79.4	1.0	SSW	0.50	5.0	WSW	84.8	98.3	98.3	106.0	29.745	0.00	0.00	304	13.07	445	3.0	0.64	3.4	0.000	0.413	87.3	80	80.4	104.0	15.66	 .0696	0.014	700	1	100.0	30
19/05/19	15:30	84.3	85.0	84.2	86	79.7	1.0	S	0.50	4.0	SSE	84.3	97.7	97.7	106.4	29.741	0.00	0.00	309	13.29	397	2.3	0.49	3.0	0.000	0.402	86.8	80	79.9	102.4	15.68	 .0697	0.000	699	1	100.0	30
19/05/19	16:00	83.6	84.4	83.5	86	79.0	1.0	SSW	0.50	4.0	SSE	83.6	95.6	95.6	100.9	29.745	0.00	0.00	161	6.92	220	1.2	0.26	1.5	0.000	0.387	86.1	80	79.2	100.2	15.71	 .0698	0.006	701	1	100.0	30
19/05/19	16:30	82.5	83.7	82.5	89	78.9	1.0	S	0.50	4.0	S	82.5	93.4	93.4	97.5	29.744	0.00	0.00	112	4.82	142	0.5	0.11	0.8	0.000	0.365	85.4	83	79.6	99.7	16.83	 .0699	0.000	700	1	100.0	30
19/05/19	17:00	81.9	83.2	81.8	90	78.7	0.0	SSW	0.00	4.0	SSE	81.9	92.0	92.0	94.3	29.753	0.00	0.00	61	2.62	91	0.0	0.00	0.0	0.000	0.352	84.6	85	79.6	98.2	17.67	 .0700	0.002	702	1	100.0	30
19/05/19	17:30	81.5	82.0	81.5	89	77.9	0.0	WNW	0.00	4.0	S	81.5	90.7	90.7	90.6	29.763	0.00	0.00	48	2.06	84	0.0	0.00	0.0	0.000	0.344	83.9	85	78.9	96.1	17.72	 .0702	0.000	702	1	100.0	30
19/05/19	18:00	80.3	81.6	80.3	90	77.1	0.0	WNW	0.00	2.0	WNW	80.3	87.8	87.8	86.9	29.762	0.00	0.00	10	0.43	32	0.0	0.00	0.0	0.000	0.319	83.2	85	78.2	94.1	17.76	 .0703	0.001	702	1	100.0	30
19/05/19	18:30	79.3	80.3	79.3	91	76.4	0.0	WNW	0.00	1.0	WNW	79.3	85.6	85.6	84.4	29.785	0.00	0.00	0	0.00	0	0.0	0.00	0.0	0.000	0.298	82.4	87	78.1	92.5	18.61	 .0705	0.000	701	1	100.0	30
19/05/19	19:00	79.1	79.3	78.9	90	75.9	1.0	NNW	0.50	4.0	NNW	79.1	84.9	84.9	83.6	29.790	0.00	0.00	0	0.00	0	0.0	0.00	0.0	0.000	0.294	81.7	86	77.1	90.4	18.25	 .0707	0.000	703	1	100.0	30
19/05/19	19:30	79.1	79.2	79.0	89	75.6	1.0	N	0.50	7.0	WNW	79.1	84.8	84.8	83.5	29.804	0.00	0.00	0	0.00	0	0.0	0.00	0.0	0.000	0.294	81.2	85	76.3	88.9	17.88	 .0709	0.000	699	1	100.0	30
19/05/19	20:00	78.7	79.3	78.7	91	75.8	1.0	SW	0.50	6.0	W	78.7	84.3	84.3	83.0	29.822	0.02	0.11	0	0.00	0	0.0	0.00	0.0	0.000	0.285	81.3	87	77.1	89.6	18.67	 .0708	0.001	699	1	100.0	30
19/05/19	20:30	77.8	78.7	77.8	92	75.3	0.0	SW	0.00	2.0	SW	77.8	82.5	82.5	81.2	29.826	0.21	1.47	0	0.00	0	0.0	0.00	0.0	0.000	0.267	80.7	89	77.2	88.5	19.88	 .0709	0.000	701	1	100.0	30
19/05/19	21:00	77.6	77.8	77.5	93	75.4	0.0	SW	0.00	3.0	NW	77.6	82.4	82.4	81.1	29.831	0.07	0.51	0	0.00	0	0.0	0.00	0.0	0.000	0.262	80.3	90	77.1	87.8	20.43	 .0710	0.000	700	1	100.0	30
19/05/19	21:30	77.1	77.5	77.0	93	74.9	0.0	S	0.00	3.0	NW	77.1	81.3	81.3	80.0	29.833	0.00	0.00	0	0.00	0	0.0	0.00	0.0	0.000	0.252	80.1	89	76.6	87.1	19.94	 .0710	0.000	703	1	100.0	30
19/05/19	22:00	77.1	77.2	76.9	93	74.9	0.0	S	0.00	1.0	S	77.1	81.3	81.3	80.0	29.839	0.00	0.00	0	0.00	0	0.0	0.00	0.0	0.000	0.252	79.8	90	76.6	86.5	20.45	 .0711	0.000	702	1	100.0	30
19/05/19	22:30	76.7	77.1	76.6	93	74.5	0.0	S	0.00	2.0	S	76.7	80.6	80.6	79.3	29.832	0.00	0.00	0	0.00	0	0.0	0.00	0.0	0.000	0.244	79.6	90	76.4	86.1	20.45	 .0711	0.000	700	1	100.0	30
19/05/19	23:00	76.0	76.7	76.0	93	73.8	0.0	S	0.00	1.0	S	76.0	79.4	79.4	78.0	29.813	0.00	0.00	0	0.00	0	0.0	0.00	0.0	0.000	0.229	79.2	90	76.0	85.2	20.45	 .0712	0.000	701	1	100.0	30
19/05/19	23:30	75.6	76.1	75.6	93	73.4	0.0	---	0.00	0.0	---	75.6	78.9	78.9	77.5	29.799	0.00	0.00	0	0.00	0	0.0	0.00	0.0	0.000	0.221	78.9	89	75.4	84.3	19.95	 .0712	0.000	701	1	100.0	30
20/05/19	00:00	75.7	75.7	75.6	94	73.8	0.0	---	0.00	0.0	---	75.7	79.1	79.1	77.7	29.799	0.00	0.00	0	0.00	0	0.0	0.00	0.0	0.000	0.223	78.8	90	75.6	84.3	20.45	 .0712	0.000	702	1	100.0	30
20/05/19	0:30	75.6	75.7	75.5	94	73.8	0.0	---	0.00	0.0	---	75.6	79.0	79.0	77.6	29.790	0.00	0.00	0	0.00	0	0.0	0.00	0.0	0.000	0.221	78.7	90	75.5	84.0	20.45	 .0712	0.000	701	1	100.0	30
20/05/19	1:00	75.6	75.6	75.5	94	73.8	0.0	---	0.00	0.0	---	75.6	79.0	79.0	77.6	29.786	0.00	0.00	0	0.00	0	0.0	0.00	0.0	0.000	0.221	78.5	91	75.7	83.8	21.02	 .0712	0.000	701	1	100.0	30
20/05/19	1:30	75.7	75.8	75.6	94	73.8	0.0	S	0.00	1.0	S	75.7	79.1	79.1	77.7	29.785	0.00	0.00	0	0.00	0	0.0	0.00	0.0	0.000	0.223	78.6	91	75.8	84.1	21.02	 .0712	0.000	699	1	100.0	30
20/05/19	2:00	75.6	75.7	75.5	94	73.8	0.0	---	0.00	0.0	---	75.6	79.0	79.0	77.6	29.783	0.00	0.00	0	0.00	0	0.0	0.00	0.0	0.000	0.221	78.7	91	75.8	84.3	21.02	 .0712	0.000	701	1	100.0	30
20/05/19	2:30	75.3	75.7	75.3	94	73.5	0.0	---	0.00	0.0	---	75.3	78.6	78.6	77.2	29.778	0.00	0.00	0	0.00	0	0.0	0.00	0.0	0.000	0.215	78.5	90	75.3	83.6	20.45	 .0712	0.000	701	1	100.0	30
20/05/19	3:00	75.4	75.5	75.3	94	73.6	0.0	S	0.00	1.0	S	75.4	78.7	78.7	77.3	29.761	0.00	0.00	0	0.00	0	0.0	0.00	0.0	0.000	0.217	78.2	91	75.4	83.2	21.01	 .0712	0.000	702	1	100.0	30
20/05/19	3:30	75.2	75.4	75.2	94	73.4	0.0	---	0.00	0.0	---	75.2	78.4	78.4	77.0	29.768	0.00	0.00	0	0.00	0	0.0	0.00	0.0	0.000	0.212	78.3	90	75.1	83.2	20.45	 .0712	0.000	700	1	100.0	30
20/05/19	4:00	74.8	75.2	74.8	94	73.0	0.0	---	0.00	0.0	---	74.8	77.8	77.8	76.4	29.768	0.00	0.00	0	0.00	0	0.0	0.00	0.0	0.000	0.204	77.9	91	75.1	82.5	21.01	 .0713	0.000	700	1	100.0	30
20/05/19	4:30	75.0	75.0	74.8	94	73.2	0.0	S	0.00	2.0	S	75.0	78.2	78.2	76.8	29.770	0.00	0.00	0	0.00	0	0.0	0.00	0.0	0.000	0.208	77.9	91	75.1	82.5	21.01	 .0713	0.000	699	1	100.0	30
20/05/19	5:00	75.4	75.5	74.9	94	73.6	0.0	S	0.00	1.0	S	75.4	78.7	78.7	77.3	29.774	0.00	0.00	0	0.00	0	0.0	0.00	0.0	0.000	0.217	77.9	92	75.4	82.7	21.11	 .0713	0.000	700	1	100.0	30
20/05/19	5:30	75.5	75.5	75.3	94	73.7	0.0	---	0.00	0.0	---	75.5	78.9	78.9	77.9	29.783	0.00	0.00	19	0.82	49	0.0	0.00	0.0	0.000	0.219	78.0	92	75.5	82.9	21.11	 .0713	0.000	702	1	100.0	30
20/05/19	6:00	76.4	76.4	75.5	95	74.9	0.0	S	0.00	2.0	S	76.4	80.4	80.4	80.4	29.784	0.00	0.00	57	2.45	60	0.0	0.00	0.0	0.000	0.238	78.3	93	76.1	83.8	21.22	 .0712	0.001	703	1	100.0	30
20/05/19	6:30	77.1	77.1	76.3	94	75.2	1.0	WNW	0.50	3.0	NW	77.1	81.5	81.5	84.3	29.798	0.00	0.00	78	3.35	104	0.0	0.00	0.0	0.000	0.252	78.7	93	76.5	84.7	21.22	 .0711	0.000	700	1	100.0	30
20/05/19	7:00	78.5	78.5	77.0	94	76.6	1.0	WSW	0.50	4.0	NW	78.5	84.5	84.5	89.1	29.808	0.00	0.00	135	5.81	149	0.4	0.09	0.6	0.000	0.281	79.4	94	77.5	86.7	21.35	 .0710	0.003	698	1	100.0	30
20/05/19	7:30	78.4	78.8	78.3	94	76.5	0.0	WSW	0.00	2.0	WSW	78.4	84.3	84.3	86.8	29.816	0.00	0.00	93	4.00	118	0.4	0.09	0.8	0.000	0.279	79.9	93	77.7	87.7	21.25	 .0709	0.000	700	1	100.0	30
20/05/19	8:00	79.3	79.4	78.4	93	77.1	1.0	SSW	0.50	3.0	SSW	79.3	86.2	86.2	91.1	29.828	0.00	0.00	184	7.91	271	1.5	0.32	2.3	0.000	0.298	80.3	94	78.4	89.0	21.36	 .0709	0.003	700	1	100.0	30
20/05/19	8:30	80.8	80.9	79.3	90	77.6	1.0	SW	0.50	5.0	SW	80.8	89.0	89.0	97.1	29.841	0.01	0.00	340	14.62	577	3.2	0.69	5.3	0.000	0.329	81.2	91	78.3	90.4	20.95	 .0708	0.000	700	1	100.0	30
20/05/19	9:00	83.0	83.0	80.8	89	79.4	2.0	SSW	1.00	6.0	SW	83.0	94.9	94.9	106.3	29.848	0.00	0.00	566	24.34	807	4.9	1.05	6.4	0.000	0.375	82.5	90	79.3	93.8	20.25	 .0706	0.012	702	1	100.0	30
20/05/19	9:30	83.8	83.8	82.7	89	80.2	2.0	SSW	1.00	6.0	SW	83.8	97.4	97.4	109.6	29.849	0.00	0.00	656	28.21	812	6.3	1.35	7.3	0.000	0.392	83.4	87	79.1	95.4	18.55	 .0705	0.000	701	1	100.0	30
20/05/19	10:00	83.1	83.8	82.8	89	79.5	1.0	SSW	0.50	5.0	SW	83.1	95.2	95.2	106.4	29.850	0.00	0.00	578	24.86	765	6.7	1.44	7.4	0.000	0.377	83.9	87	79.6	96.9	18.52	 .0704	0.016	699	1	100.0	30
20/05/19	10:30	83.4	83.6	83.1	84	78.1	1.0	SSW	0.50	5.0	S	83.4	94.3	94.3	105.9	29.843	0.00	0.00	612	26.32	733	7.7	1.65	9.9	0.000	0.383	84.3	85	79.3	97.3	17.69	 .0703	0.000	702	1	100.0	30
20/05/19	11:00	85.3	85.6	83.4	84	79.9	2.0	SSW	1.00	7.0	W	85.3	99.9	99.9	111.7	29.840	0.00	0.00	973	41.84	1167	11.5	2.46	13.4	0.000	0.423	85.5	83	79.7	100.0	16.83	 .0701	0.020	701	1	100.0	30
20/05/19	11:30	86.7	87.0	85.3	84	81.3	2.0	SSW	1.00	6.0	S	86.7	104.4	104.4	115.3	29.825	0.00	0.00	1100	47.31	1158	13.3	2.85	13.9	0.000	0.452	86.9	82	80.7	103.9	16.47	 .0698	0.000	700	1	100.0	30
20/05/19	12:00	84.7	86.6	84.7	81	78.2	2.0	SSW	1.00	7.0	S	84.7	96.7	96.7	107.1	29.797	0.00	0.00	1049	45.11	1315	12.3	2.64	14.9	0.000	0.410	87.3	78	79.6	102.8	14.97	 .0698	0.027	698	1	100.0	30
20/05/19	12:30	85.5	86.5	84.7	85	80.5	3.0	S	1.50	10.0	WSW	85.5	101.0	101.0	114.1	29.780	0.00	0.00	795	34.19	1492	11.0	2.36	16.0	0.000	0.427	87.1	78	79.4	102.2	14.98	 .0698	0.000	699	1	100.0	30
20/05/19	13:00	86.7	87.2	85.1	79	79.4	2.0	S	1.00	9.0	WSW	86.7	101.5	101.5	112.9	29.773	0.00	0.00	973	41.84	1267	11.6	2.49	13.8	0.000	0.452	88.0	77	79.9	104.4	14.67	 .0696	0.025	700	1	100.0	30
20/05/19	13:30	83.5	86.8	83.4	86	78.9	2.0	SSW	1.00	9.0	SSW	83.5	95.3	95.3	105.6	29.770	0.00	0.00	515	22.15	1222	7.4	1.59	12.0	0.000	0.385	87.0	80	80.1	103.0	15.67	 .0697	0.000	701	1	100.0	30
20/05/19	14:00	83.8	85.2	83.5	84	78.4	2.0	SSW	1.00	7.0	S	83.8	95.4	95.4	107.6	29.752	0.00	0.00	664	28.56	1042	7.6	1.63	9.7	0.000	0.392	87.2	79	79.9	103.1	15.32	 .0697	0.017	699	1	100.0	30
20/05/19	14:30	84.5	85.1	83.6	85	79.5	3.0	S	1.50	7.0	S	84.5	97.9	97.9	111.6	29.747	0.00	0.00	830	35.69	928	6.8	1.46	7.9	0.000	0.406	87.5	79	80.2	104.0	15.30	 .0696	0.000	702	1	100.0	30
20/05/19	15:00	84.8	85.1	83.7	86	80.1	2.0	S	1.00	6.0	WSW	84.8	99.3	99.3	111.7	29.740	0.00	0.00	649	27.91	884	4.7	1.01	6.3	0.000	0.413	87.4	79	80.1	103.7	15.31	 .0696	0.019	700	1	100.0	30
20/05/19	15:30	83.3	85.1	82.7	83	77.6	3.0	SSW	1.50	6.0	W	83.3	93.6	93.6	104.7	29.731	0.00	0.00	438	18.84	849	2.8	0.60	4.4	0.000	0.381	86.6	77	78.5	100.2	14.75	 .0698	0.000	701	1	100.0	30
20/05/19	16:00	83.0	83.8	83.0	85	78.0	3.0	SSW	1.50	9.0	WNW	83.0	93.5	93.5	105.4	29.736	0.00	0.00	429	18.45	497	2.0	0.43	2.6	0.000	0.375	86.9	77	78.8	101.1	14.74	 .0698	0.012	703	1	100.0	30
20/05/19	16:30	82.2	83.1	82.2	84	76.9	2.0	SW	1.00	6.0	SW	82.2	91.1	91.1	94.4	29.735	0.00	0.00	95	4.09	172	0.8	0.17	1.2	0.000	0.358	86.3	78	78.6	99.8	15.05	 .0698	0.000	702	1	100.0	30
20/05/19	17:00	81.4	82.3	81.4	88	77.5	1.0	SSW	0.50	5.0	SSW	81.4	90.1	90.1	91.3	29.747	0.00	0.00	38	1.63	62	0.1	0.02	0.5	0.000	0.342	84.9	81	78.4	97.3	16.15	 .0701	0.002	701	1	100.0	30
20/05/19	17:30	80.3	81.4	80.3	90	77.1	0.0	SW	0.00	3.0	SW	80.3	87.8	87.8	87.1	29.754	0.00	0.00	17	0.73	26	0.0	0.00	0.0	0.000	0.319	83.7	84	78.3	95.1	17.30	 .0702	0.000	700	1	100.0	30
20/05/19	18:00	80.2	80.3	80.0	91	77.3	1.0	SSW	0.50	4.0	WSW	80.2	87.8	87.8	86.8	29.764	0.00	0.00	2	0.09	9	0.0	0.00	0.0	0.000	0.317	83.0	85	78.0	93.5	17.77	 .0704	0.000	702	1	100.0	30
20/05/19	18:30	80.5	80.5	80.2	90	77.3	1.0	S	0.50	6.0	ESE	80.5	88.3	88.3	87.2	29.780	0.00	0.00	0	0.00	0	0.0	0.00	0.0	0.000	0.323	82.7	86	78.1	93.0	18.19	 .0705	0.000	701	1	100.0	30
20/05/19	19:00	80.7	80.9	80.5	90	77.5	1.0	SSE	0.50	6.0	S	80.7	88.7	88.7	87.6	29.796	0.00	0.00	0	0.00	0	0.0	0.00	0.0	0.000	0.327	82.6	86	78.0	92.8	18.19	 .0705	0.001	701	1	100.0	30
20/05/19	19:30	80.5	80.8	80.5	91	77.6	0.0	ESE	0.00	3.0	SSE	80.5	88.6	88.6	87.5	29.802	0.00	0.00	0	0.00	0	0.0	0.00	0.0	0.000	0.323	82.4	87	78.1	92.5	18.61	 .0705	0.000	698	1	100.0	30
20/05/19	20:00	80.0	80.6	79.9	92	77.5	0.0	ESE	0.00	2.0	ESE	80.0	87.6	87.6	86.5	29.799	0.00	0.00	0	0.00	0	0.0	0.00	0.0	0.000	0.313	82.0	88	78.1	91.7	19.15	 .0706	0.000	702	1	100.0	30
20/05/19	20:30	79.5	80.0	79.4	92	77.0	0.0	ESE	0.00	2.0	ESE	79.5	86.4	86.4	85.3	29.809	0.00	0.00	0	0.00	0	0.0	0.00	0.0	0.000	0.302	81.8	89	78.2	91.5	19.77	 .0706	0.000	700	1	100.0	30
20/05/19	21:00	79.4	79.6	79.4	92	76.9	0.0	WSW	0.00	5.0	ENE	79.4	86.1	86.1	85.0	29.816	0.00	0.00	0	0.00	0	0.0	0.00	0.0	0.000	0.300	81.6	90	78.4	91.2	20.32	 .0707	0.000	699	1	100.0	30
20/05/19	21:30	79.3	79.4	79.2	92	76.8	1.0	NW	0.50	2.0	WSW	79.3	85.9	85.9	84.8	29.828	0.05	1.34	0	0.00	0	0.0	0.00	0.0	0.000	0.298	81.0	91	78.1	89.9	20.97	 .0708	0.000	701	1	100.0	30
20/05/19	22:00	78.2	79.4	78.2	92	75.7	2.0	SSW	1.00	15.0	SW	78.2	83.4	83.4	82.2	29.857	0.27	5.88	0	0.00	0	0.0	0.00	0.0	0.000	0.275	80.6	90	77.4	88.5	20.40	 .0710	0.000	701	1	100.0	30
20/05/19	22:30	75.7	78.2	75.7	92	73.2	3.0	E	1.50	15.0	SSW	75.7	78.9	78.9	77.6	29.879	0.92	4.61	0	0.00	0	0.0	0.00	0.0	0.000	0.223	79.1	89	75.6	84.8	19.95	 .0714	0.000	701	1	100.0	30
20/05/19	23:00	75.2	75.7	75.2	93	73.0	1.0	ENE	0.50	6.0	ESE	75.2	78.3	78.3	77.0	29.842	0.22	1.25	0	0.00	0	0.0	0.00	0.0	0.000	0.212	78.6	89	75.1	83.7	19.95	 .0714	0.000	701	1	100.0	30
20/05/19	23:30	74.9	75.2	74.9	93	72.7	1.0	ENE	0.50	3.0	ENE	74.9	77.9	77.9	76.6	29.839	0.04	0.11	0	0.00	0	0.0	0.00	0.0	0.000	0.206	78.3	89	74.8	83.0	19.95	 .0714	0.000	702	1	100.0	30
21/05/19	00:00	74.5	74.9	74.5	93	72.3	0.0	NE	0.00	1.0	NE	74.5	77.3	77.3	76.0	29.834	0.01	0.10	0	0.00	0	0.0	0.00	0.0	0.000	0.198	78.2	89	74.7	82.8	19.95	 .0714	0.000	701	1	100.0	30
21/05/19	0:30	73.9	74.5	73.9	93	71.7	0.0	NE	0.00	1.0	NE	73.9	76.4	76.4	75.0	29.829	0.03	0.06	0	0.00	0	0.0	0.00	0.0	0.000	0.185	78.1	88	74.3	82.5	19.43	 .0715	0.000	702	1	100.0	30
21/05/19	1:00	73.2	73.9	73.2	93	71.1	0.0	NE	0.00	2.0	NE	73.2	75.6	75.6	74.2	29.806	0.00	0.00	0	0.00	0	0.0	0.00	0.0	0.000	0.171	77.2	88	73.4	80.8	19.46	 .0716	0.000	701	1	100.0	30
21/05/19	1:30	73.2	73.3	73.1	94	71.4	0.0	N	0.00	3.0	N	73.2	75.7	75.7	74.3	29.790	0.01	0.00	0	0.00	0	0.0	0.00	0.0	0.000	0.171	77.1	89	73.6	80.7	19.95	 .0716	0.000	702	1	100.0	30
21/05/19	2:00	73.2	73.3	73.1	94	71.4	1.0	N	0.50	5.0	NE	73.2	75.7	75.7	74.3	29.786	0.00	0.00	0	0.00	0	0.0	0.00	0.0	0.000	0.171	76.9	89	73.4	80.4	19.95	 .0716	0.000	702	1	100.0	30
21/05/19	2:30	73.5	73.5	73.2	94	71.7	1.0	NE	0.50	5.0	NE	73.5	76.0	76.0	74.6	29.771	0.00	0.00	0	0.00	0	0.0	0.00	0.0	0.000	0.177	76.8	89	73.3	80.2	19.95	 .0716	0.000	703	1	100.0	30
21/05/19	3:00	73.7	73.7	73.4	94	71.9	1.0	NE	0.50	4.0	NNE	73.7	76.2	76.2	74.8	29.754	0.00	0.00	0	0.00	0	0.0	0.00	0.0	0.000	0.181	76.9	89	73.4	80.4	19.95	 .0715	0.000	700	1	100.0	30
21/05/19	3:30	73.6	73.7	73.6	94	71.8	0.0	NNE	0.00	3.0	NNE	73.6	76.1	76.1	74.7	29.730	0.00	0.00	0	0.00	0	0.0	0.00	0.0	0.000	0.179	76.8	90	73.6	80.3	20.45	 .0714	0.000	701	1	100.0	30
21/05/19	4:00	73.4	73.7	73.4	94	71.6	0.0	NNW	0.00	2.0	NNW	73.4	75.9	75.9	74.5	29.739	0.00	0.00	0	0.00	0	0.0	0.00	0.0	0.000	0.175	76.6	90	73.4	80.0	20.45	 .0715	0.000	699	1	100.0	30
21/05/19	4:30	73.1	73.4	73.1	94	71.3	0.0	NNE	0.00	1.0	NNW	73.1	75.5	75.5	74.1	29.751	0.00	0.00	0	0.00	0	0.0	0.00	0.0	0.000	0.169	76.6	90	73.4	80.0	20.45	 .0715	0.000	699	1	100.0	30
21/05/19	5:00	72.8	73.1	72.8	94	71.0	0.0	---	0.00	0.0	---	72.8	75.2	75.2	73.8	29.754	0.00	0.00	0	0.00	0	0.0	0.00	0.0	0.000	0.163	76.6	90	73.4	80.0	20.45	 .0715	0.000	702	1	100.0	30
21/05/19	5:30	72.7	72.8	72.6	94	70.9	0.0	---	0.00	0.0	---	72.7	75.1	75.1	73.7	29.757	0.00	0.00	2	0.09	11	0.0	0.00	0.0	0.000	0.160	76.4	89	72.9	79.6	19.95	 .0716	0.000	700	1	100.0	30
21/05/19	6:00	72.8	72.8	72.6	94	71.0	0.0	---	0.00	0.0	---	72.8	75.2	75.2	74.4	29.772	0.00	0.00	26	1.12	54	0.0	0.00	0.0	0.000	0.163	76.4	90	73.2	79.6	20.45	 .0716	0.000	703	1	100.0	30
21/05/19	6:30	74.0	74.0	72.7	94	72.2	0.0	---	0.00	0.0	---	74.0	76.6	76.6	80.0	29.786	0.00	0.00	94	4.04	134	0.0	0.00	0.0	0.000	0.188	76.6	91	73.8	80.1	20.98	 .0716	0.000	701	1	100.0	30
21/05/19	7:00	74.9	74.9	73.9	94	73.1	0.0	---	0.00	0.0	---	74.9	78.0	78.0	82.3	29.798	0.00	0.00	131	5.63	146	0.6	0.13	0.8	0.000	0.206	77.1	91	74.3	81.0	20.99	 .0715	0.003	701	1	100.0	30
21/05/19	7:30	75.5	75.5	74.8	94	73.7	0.0	---	0.00	0.0	---	75.5	78.9	78.9	83.3	29.812	0.00	0.00	152	6.54	172	1.1	0.24	1.4	0.000	0.219	77.6	92	75.1	82.1	21.10	 .0714	0.000	699	1	100.0	30
21/05/19	8:00	77.5	77.6	75.5	94	75.6	0.0	NNE	0.00	1.0	NNE	77.5	82.3	82.3	89.8	29.816	0.00	0.00	286	12.30	533	2.1	0.45	3.0	0.000	0.260	78.4	92	75.9	83.8	21.12	 .0713	0.005	700	1	100.0	30
21/05/19	8:30	78.2	78.2	77.4	94	76.3	0.0	NNE	0.00	2.0	NNE	78.2	83.8	83.8	89.9	29.813	0.00	0.00	254	10.92	392	2.8	0.60	4.0	0.000	0.275	79.1	92	76.6	85.4	21.13	 .0711	0.000	700	1	100.0	30
21/05/19	9:00	80.2	80.4	78.1	91	77.3	0.0	NNE	0.00	2.0	NNE	80.2	87.8	87.8	96.8	29.816	0.00	0.00	413	17.76	621	4.4	0.94	5.5	0.000	0.317	80.2	92	77.7	88.1	21.15	 .0709	0.009	701	1	100.0	30
21/05/19	9:30	82.4	82.5	79.7	84	77.1	1.0	NE	0.50	3.0	WNW	82.4	91.6	91.6	100.5	29.809	0.00	0.00	426	18.32	800	5.6	1.20	7.1	0.000	0.363	81.3	87	77.1	89.6	18.67	 .0708	0.000	701	1	100.0	30
