		Temp	Hi	Low	Out	Dew	Wind	Wind	Wind	Hi	Hi	Wind	Heat	THW	THSW			Rain	Solar	Solar	Hi Solar	UV 	UV 	Hi 	Heat	Cool	In 	In	In 	In 	In 	In Air		Wind	Wind	ISS 	Arc.
Date	Time	Out	Temp	Temp	Hum	Pt.	Speed	Dir	Run	Speed	Dir	Chill	Index	Index	Index	Bar  	Rain	Rate	Rad.	Energy	Rad. 	Index	Dose	UV 	D-D 	D-D 	Temp	Hum	Dew	Heat	EMC	Density	ET 	Samp	Tx 	Recept	Int.
23-03-21	3:00 a	24.6	24.8	24.5	95	23.7	0.0	---	0.00	0.0	---	24.6	26.8	26.8	25.9	1008.5	0.00	0.0	0	0.00	0	0.0	0.00	0.0	0.000	0.130	26.6	88	24.4	29.9	19.36	1.1374	0.00	598	8	100.0	30
23-03-21	3:30 a	24.3	24.6	24.3	95	23.5	0.0	---	0.00	0.0	---	24.3	26.5	26.5	25.6	1008.4	0.00	0.0	0	0.00	0	0.0	0.00	0.0	0.000	0.125	26.4	89	24.4	29.7	19.95	1.1378	0.00	597	8	100.0	30
23-03-21	4:00 a	24.4	24.4	24.3	95	23.5	0.0	---	0.00	0.0	---	24.4	26.6	26.6	25.7	1008.6	0.00	0.0	0	0.00	0	0.0	0.00	0.0	0.000	0.126	26.3	89	24.3	29.5	19.95	1.1388	0.00	598	8	100.0	30
23-03-21	4:30 a	24.2	24.4	24.2	95	23.3	0.0	---	0.00	0.0	---	24.2	26.3	26.3	25.3	1008.5	0.00	0.0	0	0.00	0	0.0	0.00	0.0	0.000	0.122	26.1	89	24.2	29.2	19.95	1.1396	0.00	594	8	100.0	30
23-03-21	5:00 a	24.1	24.2	24.1	95	23.3	0.0	---	0.00	0.0	---	24.1	26.2	26.2	25.3	1008.4	0.00	0.0	0	0.00	0	0.0	0.00	0.0	0.000	0.120	25.9	89	24.0	28.8	19.95	1.1405	0.00	599	8	100.0	30
23-03-21	5:30 a	23.9	24.1	23.9	95	23.1	0.0	---	0.00	0.0	---	23.9	26.0	26.0	25.1	1008.8	0.00	0.0	0	0.00	0	0.0	0.00	0.0	0.000	0.117	25.8	89	23.9	28.7	19.95	1.1415	0.00	598	8	100.0	30
23-03-21	6:00 a	23.9	24.0	23.8	95	23.1	0.0	---	0.00	0.0	---	23.9	26.0	26.0	25.1	1008.8	0.00	0.0	4	0.17	11	0.0	0.00	0.0	0.000	0.117	25.7	90	24.0	28.6	20.45	1.1419	0.00	600	8	100.0	30
23-03-21	6:30 a	24.3	24.3	23.9	95	23.5	0.0	E	0.00	0.4	E	24.3	26.5	26.5	26.4	1009.1	0.00	0.0	17	0.73	21	0.0	0.00	0.0	0.000	0.125	25.8	91	24.3	28.8	21.02	1.1412	0.00	599	8	100.0	30
23-03-21	7:00 a	24.8	24.8	24.3	95	23.9	0.0	E	0.00	0.4	E	24.8	27.2	27.2	27.3	1009.4	0.00	0.0	25	1.08	28	0.0	0.00	0.0	0.000	0.134	26.1	91	24.5	29.3	21.03	1.1402	0.03	596	8	100.0	30
23-03-21	7:30 a	25.4	25.4	24.8	95	24.6	0.0	E	0.00	0.4	E	25.4	28.3	28.3	28.5	1010.0	0.00	0.0	32	1.38	37	0.0	0.00	0.0	0.000	0.148	27.0	93	25.8	31.7	21.26	1.1344	0.00	600	8	100.0	30
23-03-21	8:00 a	26.3	26.3	25.4	95	25.4	0.0	E	0.00	0.9	E	26.3	30.3	30.3	31.0	1010.6	0.00	0.0	68	2.92	401	0.7	0.15	2.2	0.000	0.166	28.1	91	26.5	34.6	20.84	1.1292	0.05	598	8	100.0	30
23-03-21	8:30 a	28.2	28.2	26.2	90	26.4	0.4	E	0.80	1.3	SSW	28.2	34.6	34.6	38.7	1010.8	0.00	0.0	308	13.25	608	2.6	0.56	3.8	0.000	0.206	29.1	87	26.7	36.4	18.49	1.1256	0.00	599	8	100.0	30
23-03-21	9:00 a	29.9	29.9	28.2	84	26.9	0.4	SSE	0.80	2.2	S	29.9	38.0	38.0	44.9	1011.0	0.00	0.0	674	28.99	752	4.9	1.05	5.8	0.000	0.242	29.8	85	27.0	38.0	17.61	1.1220	0.33	599	8	100.0	30
23-03-21	9:30 a	30.5	30.8	29.6	84	27.5	0.4	E	0.80	2.2	SSW	30.5	40.2	40.2	46.7	1011.2	0.00	0.0	610	26.23	930	5.7	1.22	7.9	0.000	0.253	30.3	83	27.1	39.0	16.79	1.1206	0.00	599	8	100.0	30
23-03-21	10:00 a	31.3	31.6	30.3	76	26.6	0.4	SSE	0.80	2.2	S	31.3	39.8	39.8	46.8	1010.8	0.00	0.0	863	37.11	921	7.9	1.69	9.0	0.000	0.271	30.7	80	26.9	39.3	15.66	1.1189	0.48	600	8	100.0	30
23-03-21	10:30 a	31.5	31.8	31.0	78	27.2	0.9	ESE	1.61	2.7	S	31.5	41.3	41.3	48.0	1010.7	0.00	0.0	926	39.82	958	10.0	2.14	10.6	0.000	0.274	31.3	78	27.0	40.3	14.89	1.1165	0.00	598	8	100.0	30
23-03-21	11:00 a	32.2	32.4	31.6	77	27.7	0.9	SSE	1.61	2.7	S	32.2	43.9	43.9	50.2	1010.5	0.00	0.0	1000	43.01	1044	11.3	2.42	11.7	0.000	0.289	31.8	77	27.2	42.1	14.60	1.1138	0.66	600	8	100.0	30
23-03-21	11:30 a	32.5	32.7	31.7	79	28.4	0.9	SSE	1.61	2.2	SSW	32.5	46.1	46.1	52.5	1010.0	0.00	0.0	1011	43.48	1032	12.0	2.57	12.3	0.000	0.295	32.0	75	27.0	42.1	14.07	1.1130	0.00	598	8	100.0	30
23-03-21	12:00 p	32.3	32.8	31.8	70	26.1	0.9	SE	1.61	3.1	E	32.3	41.2	41.2	47.7	1009.4	0.00	0.0	1017	43.74	1030	12.2	2.61	12.3	0.000	0.291	32.2	73	26.7	42.0	13.45	1.1124	0.71	600	8	100.0	30
23-03-21	12:30 p	32.1	33.4	32.1	71	26.2	0.9	SSE	1.61	2.7	SSE	32.1	41.0	41.0	47.8	1009.0	0.00	0.0	987	42.45	1007	11.7	2.51	12.0	0.000	0.287	32.3	73	26.8	42.4	13.45	1.1113	0.00	598	8	100.0	30
23-03-21	1:00 p	32.6	33.1	31.8	69	26.2	0.9	S	1.61	3.1	E	32.6	41.9	41.9	48.9	1008.6	0.00	0.0	947	40.73	967	10.9	2.34	11.4	0.000	0.297	32.3	72	26.6	42.0	13.15	1.1113	0.66	598	8	100.0	30
23-03-21	1:30 p	32.2	32.7	31.6	76	27.5	0.9	ESE	1.61	2.7	SSE	32.2	43.4	43.4	51.1	1008.1	0.00	0.0	920	39.57	1004	9.1	1.95	10.6	0.000	0.289	32.2	73	26.7	42.0	13.45	1.1109	0.00	597	8	100.0	30
23-03-21	2:00 p	32.8	32.8	31.8	74	27.6	0.9	SE	1.61	2.2	SE	32.8	44.9	44.9	52.7	1007.5	0.00	0.0	826	35.52	912	8.0	1.71	9.0	0.000	0.302	32.0	72	26.3	41.0	13.16	1.1117	0.56	598	8	100.0	30
23-03-21	2:30 p	31.8	32.9	31.6	75	26.8	0.9	SW	1.61	2.7	ESE	31.8	41.5	41.5	49.7	1007.3	0.00	0.0	748	32.17	860	6.0	1.29	7.1	0.000	0.281	31.9	73	26.5	41.2	13.46	1.1113	0.00	600	8	100.0	30
23-03-21	3:00 p	31.5	31.9	31.4	72	25.8	0.9	ESE	1.61	2.7	E	31.5	39.2	39.2	47.5	1007.2	0.00	0.0	642	27.61	701	4.5	0.96	5.4	0.000	0.274	31.5	74	26.3	39.8	13.78	1.1133	0.46	599	8	100.0	30
23-03-21	3:30 p	31.1	31.7	31.1	75	26.1	0.9	SSE	1.61	2.7	SSW	31.1	38.4	38.4	46.6	1007.2	0.00	0.0	516	22.19	582	3.0	0.64	3.7	0.000	0.265	31.1	75	26.2	38.6	14.13	1.1150	0.00	597	8	100.0	30
23-03-21	4:00 p	30.5	31.1	30.4	77	26.0	0.9	SE	1.61	3.1	ESE	30.5	37.9	37.9	41.7	1007.2	0.00	0.0	179	7.70	454	1.6	0.34	2.2	0.000	0.253	30.7	78	26.4	38.6	14.97	1.1161	0.25	597	8	100.0	30
23-03-21	4:30 p	29.9	30.6	29.9	78	25.7	0.4	SE	0.80	3.6	SE	29.9	36.6	36.6	39.4	1007.4	0.00	0.0	142	6.11	227	0.7	0.15	1.2	0.000	0.242	30.4	79	26.4	38.3	15.34	1.1171	0.00	599	8	100.0	30
23-03-21	5:00 p	29.2	30.0	29.2	84	26.2	0.4	S	0.80	2.2	SSE	29.2	36.2	36.2	36.4	1007.5	0.00	0.0	77	3.31	105	0.1	0.02	0.5	0.000	0.227	30.3	81	26.7	38.3	16.09	1.1173	0.08	598	8	100.0	30
23-03-21	5:30 p	28.4	29.2	28.4	88	26.3	0.0	E	0.00	1.3	NE	28.4	34.8	34.8	34.3	1007.8	0.00	0.0	15	0.65	28	0.0	0.00	0.0	0.000	0.211	30.1	83	26.8	38.1	16.81	1.1179	0.00	599	8	100.0	30
23-03-21	6:00 p	27.9	28.4	27.8	90	26.2	0.0	ENE	0.00	0.4	ENE	27.9	33.8	33.8	33.2	1008.1	0.00	0.0	4	0.17	11	0.0	0.00	0.0	0.000	0.200	29.7	84	26.7	37.4	17.23	1.1198	0.00	599	8	100.0	30
23-03-21	6:30 p	27.4	27.9	27.4	90	25.7	0.0	---	0.00	0.0	---	27.4	32.4	32.4	31.7	1008.4	0.00	0.0	0	0.00	0	0.0	0.00	0.0	0.000	0.190	29.5	84	26.5	36.8	17.25	1.1216	0.00	598	8	100.0	30
23-03-21	7:00 p	26.8	27.6	26.8	91	25.2	0.0	ENE	0.00	0.4	ENE	26.8	31.0	31.0	30.2	1008.6	0.00	0.0	0	0.00	0	0.0	0.00	0.0	0.000	0.177	29.3	85	26.5	36.6	17.66	1.1223	0.00	599	8	100.0	30
23-03-21	7:30 p	26.2	26.8	26.2	92	24.8	0.0	ENE	0.00	0.4	ENE	26.2	29.8	29.8	28.9	1009.1	0.00	0.0	0	0.00	0	0.0	0.00	0.0	0.000	0.164	28.9	85	26.2	35.7	17.70	1.1252	0.00	599	8	100.0	30
23-03-21	8:00 p	26.0	26.3	25.9	93	24.8	0.0	---	0.00	0.0	---	26.0	29.4	29.4	28.6	1009.3	0.00	0.0	0	0.00	0	0.0	0.00	0.0	0.000	0.160	28.6	85	25.8	34.6	17.75	1.1277	0.00	599	8	100.0	30
23-03-21	8:30 p	25.9	26.0	25.8	94	24.9	0.0	---	0.00	0.0	---	25.9	29.4	29.4	28.6	1009.7	0.00	0.0	0	0.00	0	0.0	0.00	0.0	0.000	0.159	28.7	85	25.9	34.9	17.73	1.1275	0.00	597	8	100.0	30
23-03-21	9:00 p	25.7	26.1	25.7	94	24.7	0.0	---	0.00	0.0	---	25.7	28.9	28.9	28.1	1009.9	0.00	0.0	0	0.00	0	0.0	0.00	0.0	0.000	0.154	28.2	86	25.7	33.8	18.18	1.1300	0.00	597	8	100.0	30
23-03-21	9:30 p	25.5	25.7	25.4	94	24.5	0.0	---	0.00	0.0	---	25.5	28.4	28.4	27.6	1010.3	0.00	0.0	0	0.00	0	0.0	0.00	0.0	0.000	0.149	27.9	86	25.4	33.1	18.21	1.1321	0.00	595	8	100.0	30
23-03-21	10:00 p	25.3	25.5	25.3	94	24.3	0.0	---	0.00	0.0	---	25.3	28.1	28.1	27.2	1010.5	0.00	0.0	0	0.00	0	0.0	0.00	0.0	0.000	0.146	27.7	87	25.4	32.7	18.64	1.1332	0.00	597	8	100.0	30
23-03-21	10:30 p	25.2	25.4	25.2	94	24.1	0.0	---	0.00	0.0	---	25.2	27.8	27.8	26.9	1010.7	0.00	0.0	0	0.00	0	0.0	0.00	0.0	0.000	0.142	27.6	87	25.2	32.2	18.65	1.1344	0.00	598	8	100.0	30
23-03-21	11:00 p	25.1	25.2	25.1	94	24.0	0.0	---	0.00	0.0	---	25.1	27.6	27.6	26.7	1010.5	0.00	0.0	0	0.00	0	0.0	0.00	0.0	0.000	0.140	27.3	87	25.0	31.6	18.68	1.1356	0.00	595	8	100.0	30
23-03-21	11:30 p	24.9	25.1	24.9	94	23.9	0.0	---	0.00	0.0	---	24.9	27.3	27.3	26.4	1010.2	0.00	0.0	0	0.00	0	0.0	0.00	0.0	0.000	0.137	27.2	88	25.0	31.3	19.26	1.1357	0.00	596	8	100.0	30
23-03-22	12:00 a	24.8	24.9	24.7	95	23.9	0.0	---	0.00	0.0	---	24.8	27.2	27.2	26.3	1009.8	0.00	0.0	0	0.00	0	0.0	0.00	0.0	0.000	0.134	26.9	88	24.8	30.8	19.30	1.1366	0.00	598	8	100.0	30
23-03-22	12:30 a	24.7	24.8	24.6	95	23.9	0.0	---	0.00	0.0	---	24.7	27.1	27.1	26.2	1009.5	0.00	0.0	0	0.00	0	0.0	0.00	0.0	0.000	0.133	26.8	88	24.7	30.6	19.32	1.1369	0.00	597	8	100.0	30
23-03-22	1:00 a	24.6	24.7	24.6	95	23.8	0.0	---	0.00	0.0	---	24.6	26.9	26.9	26.1	1009.0	0.00	0.0	0	0.00	0	0.0	0.00	0.0	0.000	0.131	26.7	88	24.6	30.3	19.34	1.1370	0.00	598	8	100.0	30
23-03-22	1:30 a	24.7	24.7	24.5	95	23.8	0.0	---	0.00	0.0	---	24.7	27.0	27.0	26.1	1008.8	0.00	0.0	0	0.00	0	0.0	0.00	0.0	0.000	0.132	26.6	88	24.5	30.1	19.35	1.1374	0.00	598	8	100.0	30
23-03-22	2:00 a	24.6	24.8	24.6	95	23.7	0.0	---	0.00	0.0	---	24.6	26.8	26.8	25.9	1008.3	0.00	0.0	0	0.00	0	0.0	0.00	0.0	0.000	0.130	26.6	89	24.6	30.1	19.95	1.1368	0.00	600	8	100.0	30
23-03-22	2:30 a	24.4	24.6	24.4	95	23.6	0.0	---	0.00	0.0	---	24.4	26.7	26.7	25.8	1007.8	0.00	0.0	0	0.00	0	0.0	0.00	0.0	0.000	0.127	26.4	89	24.5	29.8	19.95	1.1368	0.00	599	8	100.0	30
23-03-22	3:00 a	24.4	24.5	24.3	95	23.5	0.0	---	0.00	0.0	---	24.4	26.6	26.6	25.7	1007.8	0.00	0.0	0	0.00	0	0.0	0.00	0.0	0.000	0.126	26.3	89	24.3	29.5	19.95	1.1378	0.00	599	8	100.0	30
23-03-22	3:30 a	24.1	24.4	24.1	95	23.2	0.0	---	0.00	0.0	---	24.1	26.2	26.2	25.2	1007.8	0.00	0.0	0	0.00	0	0.0	0.00	0.0	0.000	0.119	26.2	89	24.2	29.3	19.95	1.1384	0.00	600	8	100.0	30
23-03-22	4:00 a	24.1	24.2	24.1	95	23.2	0.0	---	0.00	0.0	---	24.1	26.2	26.2	25.2	1007.8	0.00	0.0	0	0.00	0	0.0	0.00	0.0	0.000	0.119	26.0	89	24.0	28.9	19.95	1.1395	0.00	599	8	100.0	30
23-03-22	4:30 a	23.9	24.1	23.9	95	23.1	0.0	---	0.00	0.0	---	23.9	26.0	26.0	25.1	1008.0	0.00	0.0	0	0.00	0	0.0	0.00	0.0	0.000	0.117	25.8	89	23.9	28.7	19.95	1.1406	0.00	600	8	100.0	30
23-03-22	5:00 a	23.8	23.9	23.8	95	23.0	0.0	---	0.00	0.0	---	23.8	25.8	25.8	24.9	1008.1	0.00	0.0	0	0.00	0	0.0	0.00	0.0	0.000	0.115	25.7	89	23.8	28.4	19.95	1.1414	0.00	598	8	100.0	30
23-03-22	5:30 a	23.8	23.9	23.7	95	23.0	0.0	---	0.00	0.0	---	23.8	25.8	25.8	24.9	1008.1	0.00	0.0	0	0.00	0	0.0	0.00	0.0	0.000	0.115	25.6	89	23.7	28.2	19.95	1.1421	0.00	598	8	100.0	30
23-03-22	6:00 a	23.8	23.9	23.8	95	23.0	0.0	---	0.00	0.0	---	23.8	25.8	25.8	24.9	1008.3	0.00	0.0	5	0.22	11	0.0	0.00	0.0	0.000	0.115	25.6	90	23.8	28.3	20.45	1.1419	0.00	600	8	100.0	30
23-03-22	6:30 a	24.2	24.3	23.8	95	23.4	0.0	---	0.00	0.0	---	24.2	26.4	26.4	26.3	1008.9	0.00	0.0	17	0.73	23	0.0	0.00	0.0	0.000	0.123	25.6	91	24.0	28.3	21.01	1.1426	0.00	600	8	100.0	30
23-03-22	7:00 a	24.9	24.9	24.2	95	24.0	0.0	E	0.00	0.4	E	24.9	27.3	27.3	27.4	1009.1	0.00	0.0	27	1.16	32	0.0	0.00	0.0	0.000	0.137	25.9	92	24.5	29.2	21.12	1.1401	0.03	599	8	100.0	30
23-03-22	7:30 a	25.5	25.5	24.9	95	24.6	0.0	E	0.00	0.4	E	25.5	28.4	28.4	28.8	1009.6	0.00	0.0	39	1.68	49	0.0	0.00	0.0	0.000	0.149	26.9	93	25.7	31.4	21.26	1.1346	0.00	599	8	100.0	30
23-03-22	8:00 a	26.2	26.4	25.5	95	25.3	0.0	E	0.00	0.9	ESE	26.2	30.0	30.0	31.4	1010.0	0.00	0.0	106	4.56	345	1.2	0.26	2.0	0.000	0.163	27.9	93	26.7	34.3	21.29	1.1290	0.05	598	8	100.0	30
23-03-22	8:30 a	29.2	29.2	26.2	85	26.4	0.4	SE	0.80	1.3	S	29.2	36.3	36.3	40.3	1010.3	0.00	0.0	305	13.12	599	2.7	0.58	3.4	0.000	0.226	28.9	84	26.0	35.6	17.29	1.1271	0.00	599	8	100.0	30
23-03-22	9:00 a	29.4	29.4	28.8	84	26.5	0.4	SE	0.80	1.3	SE	29.4	36.7	36.7	41.7	1010.5	0.00	0.0	413	17.76	531	3.6	0.77	4.6	0.000	0.231	29.3	85	26.5	36.6	17.66	1.1245	0.23	598	8	100.0	30
23-03-22	9:30 a	30.7	30.7	29.4	82	27.2	0.4	SE	0.80	1.8	S	30.7	39.9	39.9	46.6	1010.5	0.00	0.0	632	27.18	773	5.7	1.22	6.9	0.000	0.257	29.8	83	26.6	37.4	16.82	1.1225	0.00	600	8	100.0	30
23-03-22	10:00 a	30.9	31.2	30.7	77	26.4	0.4	SSW	0.80	2.2	SSW	30.9	38.9	38.9	46.0	1010.3	0.00	0.0	780	33.54	833	7.6	1.63	8.4	0.000	0.263	30.4	80	26.6	38.6	15.68	1.1200	0.48	600	8	100.0	30
23-03-22	10:30 a	31.8	31.9	30.9	75	26.8	0.9	S	1.61	2.7	ESE	31.8	41.3	41.3	48.0	1010.0	0.00	0.0	924	39.74	997	9.7	2.08	10.4	0.000	0.280	31.0	79	26.9	39.7	15.28	1.1168	0.00	599	8	100.0	30
23-03-22	11:00 a	31.5	32.0	31.4	76	26.8	0.9	SSW	1.61	2.7	S	31.5	40.6	40.6	46.7	1010.0	0.00	0.0	979	42.10	1056	10.7	2.29	11.2	0.000	0.274	31.4	78	27.1	40.8	14.87	1.1150	0.66	599	8	100.0	30
23-03-22	11:30 a	31.4	31.6	31.0	81	27.8	0.4	SSW	0.80	3.1	ESE	31.4	42.3	42.3	49.6	1009.7	0.00	0.0	764	32.86	937	8.9	1.91	10.6	0.000	0.273	31.4	79	27.4	41.4	15.23	1.1138	0.00	599	8	100.0	30
23-03-22	12:00 p	31.8	31.9	31.2	74	26.6	0.9	SE	1.61	3.1	E	31.8	40.9	40.9	48.1	1009.4	0.00	0.0	832	35.78	958	9.6	2.06	10.7	0.000	0.280	31.6	77	27.1	41.4	14.62	1.1135	0.53	596	8	100.0	30
23-03-22	12:30 p	31.8	31.9	31.2	75	26.8	0.9	SSW	1.61	3.1	SE	31.8	41.5	41.5	48.6	1009.0	0.00	0.0	747	32.13	884	9.0	1.93	10.3	0.000	0.281	31.8	77	27.3	42.3	14.59	1.1117	0.00	600	8	100.0	30
23-03-22	1:00 p	31.5	32.3	31.5	75	26.5	0.9	SSW	1.61	2.7	WNW	31.5	40.2	40.2	47.2	1008.8	0.00	0.0	762	32.77	895	8.5	1.82	9.3	0.000	0.274	31.9	76	27.2	42.3	14.28	1.1114	0.51	599	8	100.0	30
23-03-22	1:30 p	31.7	32.4	31.5	73	26.3	0.9	SE	1.61	3.6	S	31.7	40.3	40.3	47.1	1008.4	0.00	0.0	781	33.59	865	8.0	1.71	8.6	0.000	0.279	31.9	76	27.2	42.3	14.28	1.1110	0.00	596	8	100.0	30
23-03-22	2:00 p	31.2	32.1	31.1	75	26.2	0.9	ESE	1.61	3.1	ESE	31.2	38.8	38.8	45.3	1008.1	0.00	0.0	709	30.49	838	6.5	1.39	8.0	0.000	0.267	31.8	75	26.8	41.3	14.08	1.1121	0.51	598	8	100.0	30
23-03-22	2:30 p	30.7	31.4	30.4	79	26.7	0.4	S	0.80	3.1	ESE	30.7	39.1	39.1	42.6	1007.9	0.00	0.0	246	10.58	378	3.8	0.81	5.6	0.000	0.258	31.4	78	27.1	40.8	14.87	1.1127	0.00	599	8	100.0	30
23-03-22	3:00 p	31.4	31.6	30.6	76	26.7	0.9	SE	1.61	3.6	SE	31.4	40.3	40.3	46.9	1007.6	0.00	0.0	517	22.23	601	3.8	0.81	4.4	0.000	0.273	31.1	78	26.8	39.6	14.91	1.1139	0.28	599	8	100.0	30
23-03-22	3:30 p	30.7	31.6	30.6	80	26.8	0.4	S	0.80	3.1	ESE	30.7	39.2	39.2	45.4	1007.8	0.00	0.0	397	17.07	555	2.4	0.51	3.3	0.000	0.257	30.9	78	26.7	39.2	14.93	1.1152	0.00	599	8	100.0	30
23-03-22	4:00 p	30.8	31.2	30.5	74	25.7	0.4	SSE	0.80	1.8	SSE	30.8	37.8	37.8	43.1	1007.8	0.00	0.0	280	12.04	496	1.6	0.34	2.2	0.000	0.260	30.7	78	26.4	38.7	14.97	1.1164	0.23	598	8	100.0	30
23-03-22	4:30 p	29.8	30.8	29.8	81	26.2	0.4	S	0.80	1.8	SSW	29.8	36.9	36.9	40.2	1007.8	0.00	0.0	154	6.62	223	0.9	0.19	1.3	0.000	0.240	30.6	80	26.7	38.9	15.67	1.1165	0.00	600	8	100.0	30
23-03-22	5:00 p	29.0	29.9	29.0	85	26.2	0.4	S	0.80	1.8	SE	29.0	35.9	35.9	36.2	1007.9	0.00	0.0	87	3.74	111	0.1	0.02	0.6	0.000	0.222	30.3	83	27.1	39.0	16.79	1.1167	0.08	599	8	100.0	30
23-03-22	5:30 p	28.3	29.1	28.2	88	26.1	0.0	S	0.00	0.9	S	28.3	34.4	34.4	34.2	1008.1	0.00	0.0	48	2.06	72	0.0	0.00	0.0	0.000	0.207	30.0	84	27.0	38.2	17.21	1.1181	0.00	597	8	100.0	30
23-03-22	6:00 p	27.3	28.3	27.3	89	25.3	0.0	SE	0.00	0.4	SE	27.3	31.8	31.8	31.1	1008.4	0.00	0.0	5	0.22	18	0.0	0.00	0.0	0.000	0.186	29.7	84	26.7	37.3	17.23	1.1205	0.03	598	8	100.0	30
23-03-22	6:30 p	26.9	27.3	26.9	91	25.3	0.0	---	0.00	0.0	---	26.9	31.3	31.3	30.5	1008.8	0.00	0.0	0	0.00	0	0.0	0.00	0.0	0.000	0.179	29.3	84	26.3	36.4	17.26	1.1230	0.00	596	8	100.0	30
23-03-22	7:00 p	26.4	26.9	26.4	91	24.9	0.0	SE	0.00	0.4	SE	26.4	30.1	30.1	29.3	1009.1	0.00	0.0	0	0.00	0	0.0	0.00	0.0	0.000	0.169	29.0	84	26.0	35.7	17.28	1.1253	0.00	599	8	100.0	30
23-03-22	7:30 p	26.3	26.4	26.2	92	24.9	0.0	SE	0.00	0.4	SE	26.3	29.9	29.9	29.1	1009.4	0.00	0.0	0	0.00	0	0.0	0.00	0.0	0.000	0.166	28.7	85	25.9	35.1	17.73	1.1269	0.00	600	8	100.0	30
23-03-22	8:00 p	26.1	26.3	26.0	93	24.8	0.0	---	0.00	0.0	---	26.1	29.5	29.5	28.7	1009.7	0.00	0.0	0	0.00	0	0.0	0.00	0.0	0.000	0.161	28.4	85	25.7	34.3	17.76	1.1289	0.00	598	8	100.0	30
23-03-22	8:30 p	25.9	26.1	25.8	93	24.7	0.0	---	0.00	0.0	---	25.9	29.2	29.2	28.3	1009.8	0.00	0.0	0	0.00	0	0.0	0.00	0.0	0.000	0.157	28.2	86	25.7	33.8	18.18	1.1299	0.00	598	8	100.0	30
23-03-22	9:00 p	25.8	25.9	25.7	93	24.6	0.0	---	0.00	0.0	---	25.8	28.9	28.9	28.1	1010.1	0.00	0.0	0	0.00	0	0.0	0.00	0.0	0.000	0.155	28.1	87	25.7	33.6	18.60	1.1308	0.00	599	8	100.0	30
23-03-22	9:30 p	25.4	25.8	25.4	93	24.2	0.0	---	0.00	0.0	---	25.4	28.2	28.2	27.3	1010.1	0.00	0.0	0	0.00	0	0.0	0.00	0.0	0.000	0.148	27.8	87	25.5	32.9	18.62	1.1321	0.00	600	8	100.0	30
23-03-22	10:00 p	25.3	25.5	25.3	94	24.3	0.0	---	0.00	0.0	---	25.3	28.1	28.1	27.2	1010.2	0.00	0.0	0	0.00	0	0.0	0.00	0.0	0.000	0.146	27.7	87	25.3	32.5	18.64	1.1332	0.00	600	8	100.0	30
23-03-22	10:30 p	25.1	25.3	25.1	94	24.1	0.0	---	0.00	0.0	---	25.1	27.7	27.7	26.8	1010.4	0.00	0.0	0	0.00	0	0.0	0.00	0.0	0.000	0.141	27.4	87	25.0	31.8	18.67	1.1351	0.00	600	8	100.0	30
23-03-22	11:00 p	24.9	25.1	24.8	94	23.9	0.0	SE	0.00	0.4	SE	24.9	27.3	27.3	26.4	1010.6	0.00	0.0	0	0.00	0	0.0	0.00	0.0	0.000	0.137	27.3	87	24.9	31.4	18.68	1.1359	0.00	598	8	100.0	30
23-03-22	11:30 p	24.7	24.9	24.7	94	23.7	0.0	---	0.00	0.0	---	24.7	27.1	27.1	26.2	1010.3	0.00	0.0	0	0.00	0	0.0	0.00	0.0	0.000	0.133	27.1	87	24.7	30.9	18.71	1.1370	0.00	599	8	100.0	30
23-03-23	12:00 a	24.6	24.8	24.6	94	23.5	0.0	---	0.00	0.0	---	24.6	26.8	26.8	25.9	1009.7	0.00	0.0	0	0.00	0	0.0	0.00	0.0	0.000	0.130	26.9	87	24.6	30.7	18.72	1.1369	0.00	599	8	100.0	30
23-03-23	12:30 a	24.5	24.7	24.4	94	23.5	0.0	---	0.00	0.0	---	24.5	26.7	26.7	25.8	1009.4	0.00	0.0	0	0.00	0	0.0	0.00	0.0	0.000	0.128	27.3	87	24.9	31.4	18.68	1.1345	0.00	598	8	100.0	30
23-03-23	1:00 a	24.3	24.5	24.2	95	23.4	0.0	---	0.00	0.0	---	24.3	26.4	26.4	25.6	1008.8	0.00	0.0	0	0.00	0	0.0	0.00	0.0	0.000	0.124	26.8	87	24.4	30.3	18.74	1.1369	0.00	597	8	100.0	30
23-03-23	1:30 a	24.1	24.3	24.1	95	23.2	0.0	---	0.00	0.0	---	24.1	26.2	26.2	25.2	1008.7	0.00	0.0	0	0.00	0	0.0	0.00	0.0	0.000	0.119	26.5	87	24.2	29.7	18.77	1.1383	0.00	600	8	100.0	30
23-03-23	2:00 a	24.1	24.1	23.9	95	23.2	0.0	---	0.00	0.0	---	24.1	26.2	26.2	25.2	1008.5	0.00	0.0	0	0.00	0	0.0	0.00	0.0	0.000	0.119	26.3	88	24.2	29.5	19.37	1.1387	0.00	598	8	100.0	30
23-03-23	2:30 a	23.9	24.1	23.8	95	23.1	0.0	---	0.00	0.0	---	23.9	26.0	26.0	25.1	1008.4	0.00	0.0	0	0.00	0	0.0	0.00	0.0	0.000	0.117	26.2	88	24.0	29.2	19.39	1.1396	0.00	591	8	100.0	30
23-03-23	3:00 a	23.8	23.9	23.7	95	22.9	0.0	---	0.00	0.0	---	23.8	25.8	25.8	24.8	1008.1	0.00	0.0	0	0.00	0	0.0	0.00	0.0	0.000	0.113	25.9	88	23.8	28.8	19.40	1.1405	0.00	595	8	100.0	30
23-03-23	3:30 a	23.8	23.8	23.6	95	22.9	0.0	---	0.00	0.0	---	23.8	25.8	25.8	24.8	1008.0	0.00	0.0	0	0.00	0	0.0	0.00	0.0	0.000	0.113	25.8	88	23.7	28.6	19.41	1.1410	0.00	596	8	100.0	30
23-03-23	4:00 a	23.7	23.8	23.6	95	22.9	0.0	---	0.00	0.0	---	23.7	25.7	25.7	24.7	1008.1	0.00	0.0	0	0.00	0	0.0	0.00	0.0	0.000	0.112	25.7	89	23.7	28.3	19.95	1.1418	0.00	597	8	100.0	30
23-03-23	4:30 a	23.7	23.8	23.6	95	22.8	0.0	---	0.00	0.0	---	23.7	25.6	25.6	24.6	1008.3	0.00	0.0	0	0.00	0	0.0	0.00	0.0	0.000	0.111	25.6	89	23.7	28.2	19.95	1.1423	0.00	600	8	100.0	30
23-03-23	5:00 a	23.6	23.8	23.6	95	22.7	0.0	---	0.00	0.0	---	23.6	25.4	25.4	24.4	1008.4	0.00	0.0	0	0.00	0	0.0	0.00	0.0	0.000	0.109	26.0	88	23.9	28.8	19.40	1.1406	0.00	599	8	100.0	30
23-03-23	5:30 a	23.4	23.6	23.3	95	22.6	0.0	---	0.00	0.0	---	23.4	25.2	25.2	24.2	1009.0	0.00	0.0	0	0.00	0	0.0	0.00	0.0	0.000	0.106	26.0	87	23.7	28.8	18.82	1.1416	0.00	595	8	100.0	30
23-03-23	6:00 a	23.5	23.6	23.4	95	22.7	0.0	---	0.00	0.0	---	23.5	25.3	25.3	24.3	1009.6	0.00	0.0	1	0.04	5	0.0	0.00	0.0	0.000	0.108	25.9	88	23.7	28.7	19.41	1.1425	0.00	596	8	100.0	30
23-03-23	6:30 a	23.7	23.7	23.5	95	22.9	0.0	---	0.00	0.0	---	23.7	25.7	25.7	25.4	1010.0	0.00	0.0	9	0.39	16	0.0	0.00	0.0	0.000	0.112	25.9	88	23.7	28.7	19.41	1.1430	0.00	595	8	100.0	30
23-03-23	7:00 a	24.5	24.5	23.7	95	23.6	0.0	SE	0.00	0.4	SE	24.5	26.7	26.7	26.8	1010.3	0.00	0.0	26	1.12	32	0.0	0.00	0.0	0.000	0.128	25.8	91	24.2	28.7	21.02	1.1429	0.00	597	8	100.0	30
23-03-23	7:30 a	25.2	25.3	24.5	95	24.4	0.0	N	0.00	0.9	SE	25.2	27.9	27.9	28.2	1010.3	0.00	0.0	35	1.51	39	0.0	0.00	0.0	0.000	0.144	26.8	93	25.6	31.2	21.25	1.1362	0.00	599	8	100.0	30
23-03-23	8:00 a	26.6	26.6	25.2	95	25.7	0.4	NNE	0.80	2.2	NNW	26.6	31.1	31.1	31.7	1010.7	0.00	0.0	62	2.67	162	0.6	0.13	1.7	0.000	0.172	27.9	89	26.0	33.7	19.72	1.1313	0.03	596	8	100.0	30
23-03-23	8:30 a	28.8	28.8	26.6	83	25.7	0.4	NW	0.80	1.8	NW	28.8	35.1	35.1	39.6	1010.9	0.00	0.0	337	14.49	596	2.4	0.51	3.8	0.000	0.219	28.9	86	26.4	35.9	18.10	1.1269	0.00	598	8	100.0	30
23-03-23	9:00 a	31.3	31.3	28.8	75	26.3	0.4	NNE	0.80	1.8	ENE	31.3	39.2	39.2	46.1	1011.1	0.00	0.0	656	28.21	749	4.7	1.01	5.8	0.000	0.270	29.6	81	26.0	36.4	16.14	1.1254	0.33	597	8	100.0	30
23-03-23	9:30 a	31.4	31.7	29.5	76	26.6	0.4	SSW	0.80	1.3	SSW	31.4	40.1	40.1	46.7	1010.9	0.00	0.0	634	27.27	842	5.9	1.26	7.4	0.000	0.272	29.9	76	25.3	36.2	14.50	1.1256	0.00	600	8	100.0	30
23-03-23	10:00 a	32.1	32.1	31.4	73	26.7	0.4	SW	0.80	2.7	SSW	32.1	41.8	41.8	48.6	1010.9	0.00	0.0	882	37.93	944	8.3	1.78	9.1	0.000	0.287	30.8	75	25.9	38.1	14.15	1.1210	0.51	599	8	100.0	30
23-03-23	10:30 a	32.7	32.7	31.8	71	26.8	0.9	SSW	1.61	3.6	SSW	32.7	43.1	43.1	49.4	1010.8	0.00	0.0	970	41.72	1004	9.9	2.12	10.5	0.000	0.300	31.3	72	25.6	38.3	13.18	1.1198	0.00	598	8	100.0	30
23-03-23	11:00 a	32.3	32.8	31.9	73	26.8	0.9	SSE	1.61	2.7	SSW	32.3	42.4	42.4	48.7	1010.5	0.00	0.0	1004	43.18	1039	11.2	2.40	11.8	0.000	0.291	31.8	72	26.1	40.2	13.17	1.1165	0.69	599	8	100.0	30
23-03-23	11:30 a	33.0	33.1	31.9	73	27.5	0.9	S	1.61	2.7	SSW	33.0	45.1	45.1	51.5	1010.2	0.00	0.0	1019	43.82	1074	11.7	2.51	12.0	0.000	0.306	32.1	72	26.4	41.4	13.15	1.1142	0.00	597	8	100.0	30
23-03-23	12:00 p	32.2	33.1	32.1	76	27.5	0.9	W	1.61	2.7	W	32.2	43.4	43.4	49.9	1010.1	0.00	0.0	1005	43.22	1065	11.7	2.51	12.3	0.000	0.289	32.2	73	26.8	42.2	13.45	1.1128	0.69	600	8	100.0	30
23-03-23	12:30 p	31.8	32.3	31.4	76	27.1	0.9	S	1.61	3.6	WSW	31.8	41.9	41.9	49.0	1009.5	0.00	0.0	1040	44.73	1160	11.3	2.42	12.8	0.000	0.281	32.0	74	26.8	41.8	13.76	1.1130	0.00	596	8	100.0	30
23-03-23	1:00 p	32.2	32.3	31.5	74	26.9	0.9	SSE	1.61	3.1	SSE	32.2	42.4	42.4	49.6	1009.2	0.00	0.0	968	41.63	1030	10.6	2.27	11.5	0.000	0.288	32.1	74	26.8	41.9	13.76	1.1123	0.66	598	8	100.0	30
23-03-23	1:30 p	31.7	32.3	31.6	75	26.7	1.3	SSW	2.41	4.5	SSE	31.7	41.1	41.1	49.1	1008.8	0.00	0.0	976	41.97	1079	9.5	2.04	10.5	0.000	0.279	32.2	72	26.5	41.6	13.15	1.1123	0.00	597	8	100.0	30
23-03-23	2:00 p	29.9	31.7	29.9	77	25.5	0.9	SSE	1.61	4.5	SSE	29.9	36.4	36.4	41.6	1008.6	0.00	0.0	421	18.11	494	5.2	1.11	5.8	0.000	0.242	31.4	73	26.0	39.1	13.48	1.1161	0.48	599	8	100.0	30
23-03-23	2:30 p	30.1	30.2	29.7	78	25.8	0.9	ESE	1.61	3.6	ESE	30.1	37.1	37.1	41.9	1008.5	0.00	0.0	357	15.35	454	4.0	0.86	4.9	0.000	0.245	31.1	75	26.1	38.4	14.13	1.1169	0.00	598	8	100.0	30
23-03-23	3:00 p	29.4	30.1	29.2	82	26.0	0.4	S	0.80	2.2	SSE	29.4	36.1	36.1	40.3	1008.2	0.00	0.0	268	11.53	325	2.7	0.58	3.3	0.000	0.230	30.7	76	26.0	38.2	14.41	1.1180	0.23	596	8	100.0	30
23-03-23	3:30 p	29.1	29.8	29.1	84	26.1	0.4	S	0.80	1.8	S	29.1	35.9	35.9	39.8	1008.2	0.00	0.0	211	9.07	258	1.8	0.39	2.3	0.000	0.225	30.3	76	25.6	37.2	14.45	1.1202	0.00	596	8	100.0	30
23-03-23	4:00 p	29.1	29.1	28.7	81	25.5	0.4	S	0.80	1.8	S	29.1	35.2	35.2	38.5	1008.2	0.00	0.0	159	6.84	185	1.1	0.24	1.4	0.000	0.223	30.3	76	25.6	37.2	14.45	1.1202	0.13	597	8	100.0	30
23-03-23	4:30 p	28.1	29.2	28.1	81	24.5	0.4	SE	0.80	1.8	SSE	28.1	32.6	32.6	34.4	1008.3	0.00	0.0	92	3.96	165	0.5	0.11	1.0	0.000	0.203	29.9	73	24.6	35.6	13.53	1.1241	0.00	596	8	100.0	30
23-03-23	5:00 p	27.6	28.1	27.5	84	24.6	0.4	WSW	0.80	2.2	SE	27.6	31.7	31.7	31.3	1008.6	0.00	0.0	29	1.25	49	0.0	0.00	0.0	0.000	0.192	29.3	77	24.9	34.9	14.85	1.1261	0.05	598	8	100.0	30
23-03-23	5:30 p	27.3	28.1	27.3	85	24.5	0.4	S	0.80	1.8	SSW	27.3	31.2	31.2	30.6	1009.0	0.00	0.0	17	0.73	25	0.0	0.00	0.0	0.000	0.186	29.1	79	25.0	34.8	15.46	1.1272	0.00	599	8	100.0	30
23-03-23	6:00 p	26.9	27.3	26.8	87	24.5	0.4	SSE	0.80	1.8	SSW	26.9	30.6	30.6	29.8	1009.2	0.00	0.0	2	0.09	9	0.0	0.00	0.0	0.000	0.178	28.9	81	25.3	34.9	16.19	1.1275	0.03	593	8	100.0	30
23-03-23	6:30 p	26.6	26.9	26.6	89	24.6	0.0	NNE	0.00	0.9	SE	26.6	30.2	30.2	29.4	1009.6	0.00	0.0	0	0.00	0	0.0	0.00	0.0	0.000	0.172	28.7	82	25.3	34.4	16.58	1.1287	0.00	597	8	100.0	30
23-03-23	7:00 p	27.2	27.3	26.6	87	24.9	0.4	SSE	0.80	1.8	SSW	27.2	31.3	31.3	30.6	1009.8	0.00	0.0	0	0.00	0	0.0	0.00	0.0	0.000	0.185	28.6	83	25.4	34.3	16.91	1.1292	0.03	599	8	100.0	30
23-03-23	7:30 p	26.6	27.3	26.6	89	24.6	0.0	W	0.00	0.9	WNW	26.6	30.2	30.2	29.4	1009.8	0.00	0.0	0	0.00	0	0.0	0.00	0.0	0.000	0.172	28.5	83	25.3	34.1	16.92	1.1295	0.00	597	8	100.0	30
23-03-23	8:00 p	26.2	26.6	26.2	91	24.6	0.0	W	0.00	0.9	W	26.2	29.6	29.6	28.8	1010.0	0.00	0.0	0	0.00	0	0.0	0.00	0.0	0.000	0.164	28.3	84	25.4	33.8	17.33	1.1303	0.00	600	8	100.0	30
23-03-23	8:30 p	26.2	26.2	26.1	91	24.6	0.0	WNW	0.00	0.4	WNW	26.2	29.5	29.5	28.7	1010.4	0.00	0.0	0	0.00	0	0.0	0.00	0.0	0.000	0.163	28.2	84	25.2	33.3	17.34	1.1318	0.00	599	8	100.0	30
23-03-23	9:00 p	26.2	26.2	26.1	91	24.6	0.0	WNW	0.00	0.4	WNW	26.2	29.5	29.5	28.7	1010.6	0.00	0.0	0	0.00	0	0.0	0.00	0.0	0.000	0.163	28.1	85	25.3	33.2	17.80	1.1323	0.00	600	8	100.0	30
23-03-23	9:30 p	26.0	26.2	26.0	92	24.6	0.0	WNW	0.00	0.4	WNW	26.0	29.3	29.3	28.5	1010.9	0.00	0.0	0	0.00	0	0.0	0.00	0.0	0.000	0.160	27.9	86	25.4	33.1	18.21	1.1328	0.00	600	8	100.0	30
23-03-23	10:00 p	26.0	26.2	25.9	92	24.6	0.0	WNW	0.00	0.4	WNW	26.0	29.3	29.3	28.5	1011.3	0.00	0.0	0	0.00	0	0.0	0.00	0.0	0.000	0.160	27.9	86	25.3	32.9	18.22	1.1336	0.00	599	8	100.0	30
23-03-23	10:30 p	26.1	26.1	25.9	92	24.7	0.0	NNW	0.00	0.9	WNW	26.1	29.5	29.5	28.7	1011.4	0.00	0.0	0	0.00	0	0.0	0.00	0.0	0.000	0.162	27.8	86	25.3	32.8	18.22	1.1340	0.00	600	8	100.0	30
23-03-23	11:00 p	26.4	26.5	26.1	89	24.5	0.4	N	0.80	1.8	NNE	26.4	29.8	29.8	29.1	1011.2	0.00	0.0	0	0.00	0	0.0	0.00	0.0	0.000	0.169	27.8	85	25.0	32.4	17.83	1.1346	0.00	600	8	100.0	30
23-03-23	11:30 p	25.9	26.5	25.9	88	23.8	0.9	NNW	1.61	3.6	NNE	25.9	28.8	28.8	27.9	1011.0	0.00	0.0	0	0.00	0	0.0	0.00	0.0	0.000	0.159	27.6	84	24.6	31.7	17.39	1.1360	0.00	598	8	100.0	30
23-03-24	12:00 a	25.3	25.9	25.3	90	23.5	0.4	N	0.80	1.8	NNE	25.3	27.7	27.7	26.9	1010.5	0.00	0.0	0	0.00	0	0.0	0.00	0.0	0.000	0.145	27.4	85	24.6	31.4	17.87	1.1360	0.03	597	8	100.0	30
23-03-24	12:30 a	24.8	25.3	24.8	91	23.3	0.0	NNE	0.00	1.3	NW	24.8	27.0	27.0	26.2	1009.9	0.00	0.0	0	0.00	0	0.0	0.00	0.0	0.000	0.135	27.1	85	24.4	30.8	17.90	1.1370	0.00	597	8	100.0	30
23-03-24	1:00 a	24.2	24.8	24.2	92	22.8	0.0	NNE	0.00	0.4	NNE	24.2	26.2	26.2	25.3	1009.4	0.00	0.0	0	0.00	0	0.0	0.00	0.0	0.000	0.122	26.6	85	23.9	29.7	17.95	1.1393	0.00	598	8	100.0	30
23-03-24	1:30 a	23.9	24.2	23.9	93	22.7	0.0	NNE	0.00	0.9	NNE	23.9	25.9	25.9	25.1	1009.0	0.00	0.0	0	0.00	0	0.0	0.00	0.0	0.000	0.117	26.3	86	23.8	29.3	18.37	1.1401	0.00	598	8	100.0	30
23-03-24	2:00 a	23.5	23.9	23.5	93	22.3	0.0	NNE	0.00	0.4	NNE	23.5	25.2	25.2	24.3	1008.7	0.00	0.0	0	0.00	0	0.0	0.00	0.0	0.000	0.108	25.9	86	23.4	28.6	18.40	1.1420	0.00	598	8	100.0	30
23-03-24	2:30 a	23.7	23.7	23.4	94	22.6	0.0	NNE	0.00	0.9	NNE	23.7	25.5	25.5	24.6	1008.6	0.00	0.0	0	0.00	0	0.0	0.00	0.0	0.000	0.111	25.8	86	23.3	28.3	18.41	1.1428	0.00	599	8	100.0	30
23-03-24	3:00 a	23.5	23.7	23.5	94	22.5	0.0	---	0.00	0.0	---	23.5	25.2	25.2	24.3	1008.5	0.00	0.0	0	0.00	0	0.0	0.00	0.0	0.000	0.108	25.7	87	23.4	28.3	18.85	1.1427	0.00	597	8	100.0	30
23-03-24	3:30 a	23.2	23.6	23.1	94	22.1	0.0	---	0.00	0.0	---	23.2	24.7	24.7	23.8	1008.9	0.00	0.0	0	0.00	0	0.0	0.00	0.0	0.000	0.101	25.4	87	23.1	27.7	18.89	1.1451	0.00	598	8	100.0	30
23-03-24	4:00 a	23.1	23.2	23.0	94	22.0	0.0	---	0.00	0.0	---	23.1	24.6	24.6	23.7	1009.1	0.00	0.0	0	0.00	0	0.0	0.00	0.0	0.000	0.098	25.2	87	22.9	27.4	18.91	1.1462	0.00	600	8	100.0	30
23-03-24	4:30 a	23.1	23.2	22.9	94	22.1	0.0	---	0.00	0.0	---	23.1	24.7	24.7	23.7	1009.1	0.00	0.0	0	0.00	0	0.0	0.00	0.0	0.000	0.100	25.2	88	23.0	27.4	19.46	1.1462	0.00	598	8	100.0	30
23-03-24	5:00 a	23.1	23.2	23.1	94	22.1	0.0	---	0.00	0.0	---	23.1	24.7	24.7	23.7	1009.4	0.00	0.0	0	0.00	0	0.0	0.00	0.0	0.000	0.100	25.1	88	23.0	27.3	19.46	1.1468	0.00	598	8	100.0	30
23-03-24	5:30 a	22.9	23.1	22.9	94	21.9	0.0	---	0.00	0.0	---	22.9	24.5	24.5	23.6	1009.5	0.00	0.0	0	0.00	0	0.0	0.00	0.0	0.000	0.096	24.9	88	22.8	26.9	19.48	1.1482	0.00	600	8	100.0	30
23-03-24	6:00 a	22.9	23.0	22.8	94	21.9	0.0	---	0.00	0.0	---	22.9	24.5	24.5	23.6	1009.7	0.00	0.0	4	0.17	11	0.0	0.00	0.0	0.000	0.096	24.8	88	22.7	26.9	19.48	1.1488	0.00	597	8	100.0	30
23-03-24	6:30 a	23.3	23.3	22.8	94	22.3	0.0	---	0.00	0.0	---	23.3	24.9	24.9	24.8	1009.7	0.00	0.0	16	0.69	19	0.0	0.00	0.0	0.000	0.103	24.9	89	22.9	27.0	19.95	1.1482	0.00	596	8	100.0	30
23-03-24	7:00 a	23.7	23.7	23.2	94	22.7	0.0	---	0.00	0.0	---	23.7	25.6	25.6	25.6	1009.9	0.00	0.0	23	0.99	25	0.0	0.00	0.0	0.000	0.112	25.3	90	23.6	27.8	20.45	1.1454	0.03	599	8	100.0	30
23-03-24	7:30 a	24.3	24.3	23.7	95	23.4	0.0	NNE	0.00	0.4	NNE	24.3	26.4	26.4	26.6	1009.9	0.00	0.0	30	1.29	42	0.0	0.00	0.0	0.000	0.124	26.3	90	24.6	29.7	20.45	1.1396	0.00	597	8	100.0	30
23-03-24	8:00 a	25.1	25.1	24.3	94	24.1	0.0	---	0.00	0.0	---	25.1	27.7	27.7	27.9	1010.5	0.00	0.0	45	1.94	83	0.3	0.06	1.5	0.000	0.141	27.3	89	25.3	31.8	19.84	1.1351	0.03	600	8	100.0	30
23-03-24	8:30 a	27.4	27.4	25.1	89	25.4	0.0	E	0.00	1.3	N	27.4	32.1	32.1	36.6	1010.7	0.00	0.0	340	14.62	608	2.6	0.56	4.0	0.000	0.189	28.3	87	25.9	34.2	18.58	1.1302	0.00	596	8	100.0	30
23-03-24	9:00 a	29.9	29.9	27.4	83	26.7	0.4	NE	0.80	1.3	NE	29.9	37.6	37.6	44.5	1010.8	0.00	0.0	670	28.81	721	4.9	1.05	5.7	0.000	0.241	29.3	84	26.3	36.3	17.26	1.1256	0.33	597	8	100.0	30
23-03-24	9:30 a	30.6	30.7	29.8	73	25.2	0.9	SE	1.61	3.6	ESE	30.6	37.2	37.2	44.1	1010.8	0.00	0.0	769	33.07	814	6.6	1.41	7.4	0.000	0.256	29.9	76	25.3	36.2	14.50	1.1255	0.00	597	8	100.0	30
23-03-24	10:00 a	31.4	31.4	30.6	77	26.9	0.4	SSE	0.80	3.6	ESE	31.4	40.4	40.4	47.5	1010.8	0.00	0.0	854	36.73	888	8.2	1.76	9.0	0.000	0.272	30.7	77	26.2	38.3	14.72	1.1207	0.56	599	8	100.0	30
23-03-24	10:30 a	31.5	31.8	31.1	71	25.6	0.9	SSE	1.61	2.7	ESE	31.5	38.8	38.8	45.6	1010.7	0.00	0.0	922	39.65	947	9.8	2.10	10.4	0.000	0.274	31.1	73	25.6	37.9	13.49	1.1204	0.00	600	8	100.0	30
23-03-24	11:00 a	31.7	32.1	31.6	71	25.8	0.9	S	1.61	2.2	SSE	31.7	39.6	39.6	45.6	1010.7	0.00	0.0	974	41.89	990	10.9	2.34	11.3	0.000	0.279	31.4	71	25.5	38.7	12.85	1.1192	0.66	598	8	100.0	30
23-03-24	11:30 a	31.8	32.1	31.7	72	26.2	0.9	S	1.61	3.1	SE	31.8	40.4	40.4	46.6	1010.3	0.00	0.0	1002	43.09	1013	11.6	2.49	11.7	0.000	0.281	31.8	69	25.4	39.3	12.35	1.1176	0.00	597	8	100.0	30
23-03-24	12:00 p	31.8	32.3	31.8	69	25.4	0.9	ESE	1.61	2.2	SW	31.8	39.1	39.1	45.4	1009.8	0.00	0.0	1010	43.44	1014	11.8	2.53	11.8	0.000	0.280	32.3	68	25.7	40.7	12.05	1.1147	0.69	594	8	100.0	30
23-03-24	12:30 p	31.9	32.4	31.7	71	26.0	0.9	SSW	1.61	3.1	S	31.9	40.4	40.4	47.1	1009.4	0.00	0.0	995	42.79	1005	11.4	2.44	11.7	0.000	0.284	32.2	69	25.8	40.5	12.35	1.1146	0.00	597	8	100.0	30
23-03-24	1:00 p	32.2	32.7	31.6	72	26.5	0.9	E	1.61	3.1	S	32.2	41.6	41.6	48.6	1009.2	0.00	0.0	955	41.07	979	10.5	2.25	11.0	0.000	0.288	32.3	68	25.7	40.7	12.05	1.1139	0.69	598	8	100.0	30
23-03-24	1:30 p	32.2	32.4	31.8	73	26.7	0.9	SSE	1.61	2.7	SSW	32.2	42.0	42.0	49.3	1008.8	0.00	0.0	894	38.45	925	9.2	1.97	9.9	0.000	0.288	32.5	67	25.6	40.8	11.85	1.1131	0.00	598	8	100.0	30
23-03-24	2:00 p	31.9	32.2	31.8	70	25.8	0.9	SSW	1.61	3.1	SW	31.9	40.1	40.1	47.6	1008.4	0.00	0.0	821	35.31	860	7.7	1.65	8.5	0.000	0.284	32.7	68	26.0	41.7	12.05	1.1111	0.61	599	8	100.0	30
23-03-24	2:30 p	32.2	32.6	31.6	74	26.9	0.9	S	1.61	2.7	SSE	32.2	42.4	42.4	50.4	1008.2	0.00	0.0	742	31.91	782	6.1	1.31	6.9	0.000	0.288	32.4	69	26.0	41.2	12.34	1.1119	0.00	600	8	100.0	30
23-03-24	3:00 p	31.7	32.2	31.2	75	26.7	0.9	SSE	1.61	3.6	ESE	31.7	41.1	41.1	49.2	1007.8	0.00	0.0	631	27.14	712	4.3	0.92	5.2	0.000	0.279	32.3	71	26.3	41.6	12.85	1.1110	0.48	597	8	100.0	30
23-03-24	3:30 p	31.1	31.9	30.8	75	26.1	0.9	SE	1.61	3.6	SE	31.1	38.4	38.4	46.7	1007.9	0.00	0.0	529	22.75	592	3.0	0.64	3.7	0.000	0.265	32.1	73	26.6	41.6	13.46	1.1113	0.00	596	8	100.0	30
23-03-24	4:00 p	30.5	31.2	30.4	76	25.8	0.4	S	0.80	2.2	S	30.5	37.7	37.7	43.4	1007.9	0.00	0.0	306	13.16	461	1.6	0.34	2.3	0.000	0.253	31.7	72	26.1	39.9	13.17	1.1138	0.28	598	8	100.0	30
23-03-24	4:30 p	29.7	30.5	29.7	78	25.4	0.4	SSE	0.80	2.2	SSE	29.7	35.9	35.9	37.7	1008.0	0.00	0.0	87	3.74	186	0.7	0.15	1.0	0.000	0.236	30.9	76	26.2	38.6	14.39	1.1164	0.00	596	8	100.0	30
23-03-24	5:00 p	28.8	29.8	28.8	83	25.7	0.4	S	0.80	2.7	SSE	28.8	35.1	35.1	35.0	1008.3	0.00	0.0	46	1.98	72	0.1	0.02	0.5	0.000	0.219	30.6	77	26.1	38.2	14.72	1.1182	0.05	598	8	100.0	30
23-03-24	5:30 p	28.0	28.8	27.9	85	25.2	0.0	SE	0.00	0.9	SE	28.0	33.1	33.1	32.7	1008.3	0.00	0.0	28	1.20	37	0.0	0.00	0.0	0.000	0.201	30.3	78	26.0	37.6	15.03	1.1197	0.00	598	8	100.0	30
23-03-24	6:00 p	26.9	28.0	26.9	87	24.5	0.0	SE	0.00	0.4	SE	26.9	30.6	30.6	29.8	1008.4	0.00	0.0	3	0.13	14	0.0	0.00	0.0	0.000	0.178	29.8	79	25.7	36.4	15.41	1.1223	0.03	598	8	100.0	30
23-03-24	6:30 p	26.3	26.9	26.3	89	24.3	0.0	SE	0.00	0.4	SE	26.3	29.5	29.5	28.7	1008.7	0.00	0.0	0	0.00	0	0.0	0.00	0.0	0.000	0.166	29.1	81	25.5	35.2	16.18	1.1259	0.00	599	8	100.0	30
23-03-24	7:00 p	26.2	26.3	26.1	90	24.4	0.0	SE	0.00	0.4	SE	26.2	29.4	29.4	28.6	1009.1	0.00	0.0	0	0.00	0	0.0	0.00	0.0	0.000	0.163	28.6	82	25.2	34.1	16.58	1.1289	0.00	599	8	100.0	30
23-03-24	7:30 p	26.2	26.3	26.1	91	24.6	0.0	---	0.00	0.0	---	26.2	29.5	29.5	28.8	1009.5	0.00	0.0	0	0.00	0	0.0	0.00	0.0	0.000	0.163	28.3	84	25.4	33.8	17.33	1.1297	0.00	598	8	100.0	30
23-03-24	8:00 p	26.3	26.3	26.2	91	24.7	0.0	---	0.00	0.0	---	26.3	29.8	29.8	29.1	1009.9	0.00	0.0	0	0.00	0	0.0	0.00	0.0	0.000	0.166	28.2	84	25.2	33.3	17.34	1.1312	0.00	600	8	100.0	30
23-03-24	8:30 p	26.2	26.3	26.1	92	24.8	0.0	---	0.00	0.0	---	26.2	29.7	29.7	28.9	1010.1	0.00	0.0	0	0.00	0	0.0	0.00	0.0	0.000	0.163	28.3	85	25.6	33.9	17.77	1.1300	0.00	597	8	100.0	30
23-03-24	9:00 p	26.1	26.2	26.0	92	24.7	0.0	---	0.00	0.0	---	26.1	29.4	29.4	28.7	1010.4	0.00	0.0	0	0.00	0	0.0	0.00	0.0	0.000	0.161	28.2	86	25.6	33.7	18.19	1.1309	0.00	600	8	100.0	30
23-03-24	9:30 p	26.2	26.3	26.1	93	24.9	0.0	---	0.00	0.0	---	26.2	29.8	29.8	29.1	1010.7	0.00	0.0	0	0.00	0	0.0	0.00	0.0	0.000	0.163	28.4	85	25.6	34.1	17.76	1.1304	0.00	594	8	100.0	30
23-03-24	10:00 p	26.2	26.2	26.1	93	24.9	0.0	---	0.00	0.0	---	26.2	29.8	29.8	29.1	1010.9	0.00	0.0	0	0.00	0	0.0	0.00	0.0	0.000	0.163	28.2	86	25.6	33.7	18.19	1.1314	0.00	596	8	100.0	30
23-03-24	10:30 p	26.2	26.2	26.1	93	24.9	0.0	---	0.00	0.0	---	26.2	29.8	29.8	29.1	1010.9	0.00	0.0	0	0.00	0	0.0	0.00	0.0	0.000	0.163	28.3	86	25.7	34.0	18.18	1.1309	0.00	593	8	100.0	30
23-03-24	11:00 p	26.2	26.2	25.9	92	24.8	0.4	NE	0.80	1.8	WNW	26.2	29.8	29.8	29.1	1010.6	0.00	0.0	0	0.00	0	0.0	0.00	0.0	0.000	0.164	28.3	84	25.4	33.8	17.33	1.1310	0.00	596	8	100.0	30
23-03-24	11:30 p	25.7	26.2	25.7	92	24.3	0.0	NNE	0.00	1.3	N	25.7	28.6	28.6	27.8	1010.2	0.00	0.0	0	0.00	0	0.0	0.00	0.0	0.000	0.153	28.4	85	25.6	34.1	17.76	1.1298	0.00	598	8	100.0	30
23-03-25	12:00 a	25.4	25.7	25.3	93	24.2	0.4	N	0.80	1.8	NE	25.4	28.1	28.1	27.3	1009.6	0.00	0.0	0	0.00	0	0.0	0.00	0.0	0.000	0.147	28.2	85	25.5	33.7	17.78	1.1301	0.00	595	8	100.0	30
23-03-25	12:30 a	25.1	25.4	25.1	93	23.8	0.0	N	0.00	0.4	N	25.1	27.5	27.5	26.7	1009.2	0.00	0.0	0	0.00	0	0.0	0.00	0.0	0.000	0.140	27.9	85	25.2	32.9	17.81	1.1312	0.00	598	8	100.0	30
23-03-25	1:00 a	25.0	25.1	25.0	94	24.0	0.0	---	0.00	0.0	---	25.0	27.4	27.4	26.7	1009.0	0.00	0.0	0	0.00	0	0.0	0.00	0.0	0.000	0.139	27.7	86	25.2	32.5	18.24	1.1320	0.00	597	8	100.0	30
23-03-25	1:30 a	24.8	25.1	24.8	94	23.8	0.0	---	0.00	0.0	---	24.8	27.2	27.2	26.4	1008.7	0.00	0.0	0	0.00	0	0.0	0.00	0.0	0.000	0.135	27.6	86	25.1	32.2	18.25	1.1323	0.00	598	8	100.0	30
23-03-25	2:00 a	24.8	24.9	24.7	94	23.7	0.0	---	0.00	0.0	---	24.8	27.1	27.1	26.3	1008.7	0.00	0.0	0	0.00	0	0.0	0.00	0.0	0.000	0.134	27.5	86	24.9	31.9	18.26	1.1329	0.00	598	8	100.0	30
23-03-25	2:30 a	24.8	24.8	24.8	94	23.7	0.0	---	0.00	0.0	---	24.8	27.1	27.1	26.3	1008.5	0.00	0.0	0	0.00	0	0.0	0.00	0.0	0.000	0.134	27.3	86	24.7	31.3	18.28	1.1340	0.00	599	8	100.0	30
23-03-25	3:00 a	24.8	24.8	24.7	94	23.8	0.0	---	0.00	0.0	---	24.8	27.2	27.2	26.4	1008.5	0.00	0.0	0	0.00	0	0.0	0.00	0.0	0.000	0.135	27.2	87	24.9	31.3	18.69	1.1338	0.00	600	8	100.0	30
23-03-25	3:30 a	24.6	24.8	24.6	94	23.6	0.0	---	0.00	0.0	---	24.6	26.9	26.9	26.1	1008.4	0.00	0.0	0	0.00	0	0.0	0.00	0.0	0.000	0.131	27.1	87	24.8	31.1	18.70	1.1344	0.00	599	8	100.0	30
23-03-25	4:00 a	24.6	24.7	24.6	94	23.6	0.0	---	0.00	0.0	---	24.6	26.9	26.9	26.1	1008.5	0.00	0.0	0	0.00	0	0.0	0.00	0.0	0.000	0.131	27.1	87	24.7	30.9	18.71	1.1348	0.00	599	8	100.0	30
23-03-25	4:30 a	24.6	24.7	24.6	95	23.8	0.0	---	0.00	0.0	---	24.6	26.9	26.9	26.2	1008.5	0.00	0.0	0	0.00	0	0.0	0.00	0.0	0.000	0.131	26.9	87	24.6	30.7	18.72	1.1355	0.00	599	8	100.0	30
23-03-25	5:00 a	24.6	24.7	24.6	95	23.7	0.0	---	0.00	0.0	---	24.6	26.8	26.8	26.1	1008.8	0.00	0.0	0	0.00	0	0.0	0.00	0.0	0.000	0.130	26.8	88	24.7	30.6	19.32	1.1361	0.00	598	8	100.0	30
23-03-25	5:30 a	24.5	24.6	24.5	95	23.6	0.0	---	0.00	0.0	---	24.5	26.7	26.7	25.9	1009.0	0.00	0.0	0	0.00	0	0.0	0.00	0.0	0.000	0.128	26.8	88	24.6	30.4	19.33	1.1366	0.00	600	8	100.0	30
23-03-25	6:00 a	24.7	24.7	24.5	95	23.9	0.0	---	0.00	0.0	---	24.7	27.1	27.1	26.4	1009.2	0.00	0.0	11	0.47	26	0.0	0.00	0.0	0.000	0.133	26.8	88	24.6	30.4	19.33	1.1369	0.00	591	8	100.0	30
23-03-25	6:30 a	25.2	25.3	24.7	95	24.3	0.0	---	0.00	0.0	---	25.2	27.8	27.8	28.6	1009.6	0.00	0.0	44	1.89	67	0.0	0.00	0.0	0.000	0.142	26.9	89	25.0	30.9	19.90	1.1359	0.00	587	8	100.0	30
23-03-25	7:00 a	25.1	25.3	25.0	95	24.3	0.0	---	0.00	0.0	---	25.1	27.7	27.7	28.3	1010.0	0.00	0.0	46	1.98	77	0.0	0.00	0.0	0.000	0.141	27.3	89	25.3	31.8	19.84	1.1344	0.03	596	8	100.0	30
23-03-25	7:30 a	25.8	25.8	25.1	95	24.9	0.0	---	0.00	0.0	---	25.8	29.1	29.1	30.8	1010.5	0.00	0.0	112	4.82	162	0.7	0.15	1.0	0.000	0.155	27.9	88	25.7	33.3	19.13	1.1318	0.00	592	8	100.0	30
23-03-25	8:00 a	26.6	26.6	25.8	94	25.5	0.0	---	0.00	0.0	---	26.6	30.8	30.8	32.6	1010.7	0.00	0.0	131	5.63	229	1.3	0.28	2.0	0.000	0.171	28.2	88	26.0	34.2	19.07	1.1301	0.08	595	8	100.0	30
23-03-25	8:30 a	27.2	27.2	26.5	92	25.8	0.0	WNW	0.00	1.3	NW	27.2	32.0	32.0	33.3	1010.8	0.00	0.0	108	4.64	200	2.0	0.43	2.4	0.000	0.184	29.0	85	26.2	35.9	17.70	1.1268	0.00	596	8	100.0	30
23-03-25	9:00 a	27.1	27.6	26.9	92	25.6	0.0	---	0.00	0.0	---	27.1	31.7	31.7	32.9	1010.9	0.00	0.0	110	4.73	701	2.7	0.58	4.8	0.000	0.182	29.1	86	26.5	36.3	18.09	1.1258	0.08	594	8	100.0	30
23-03-25	9:30 a	29.2	29.2	27.0	88	27.0	0.0	WSW	0.00	0.9	WSW	29.2	37.0	37.0	40.8	1010.7	0.00	0.0	310	13.33	838	4.5	0.96	7.5	0.000	0.226	29.3	86	26.7	36.8	18.07	1.1246	0.00	592	8	100.0	30
23-03-25	10:00 a	31.3	31.5	29.3	77	26.8	0.4	SSE	0.80	2.7	SSW	31.3	40.2	40.2	47.2	1010.5	0.00	0.0	869	37.37	926	8.4	1.80	9.2	0.000	0.271	30.3	81	26.7	38.6	16.09	1.1204	0.41	594	8	100.0	30
23-03-25	10:30 a	31.7	31.7	30.5	75	26.7	0.4	SSE	0.80	2.7	SSW	31.7	40.8	40.8	47.3	1010.4	0.00	0.0	941	40.47	977	9.7	2.08	10.4	0.000	0.278	31.1	79	27.0	39.8	15.28	1.1169	0.00	598	8	100.0	30
23-03-25	11:00 a	31.7	32.2	31.1	75	26.7	0.9	SSE	1.61	2.7	W	31.7	40.8	40.8	47.1	1010.2	0.00	0.0	1006	43.26	1018	11.0	2.36	11.4	0.000	0.278	31.6	77	27.1	41.4	14.62	1.1145	0.66	595	8	100.0	30
23-03-25	11:30 a	32.2	32.3	31.3	74	26.9	0.9	SSE	1.61	3.6	WNW	32.2	42.4	42.4	48.6	1010.0	0.00	0.0	1012	43.52	1021	11.7	2.51	11.8	0.000	0.288	32.1	75	27.1	42.6	14.06	1.1123	0.00	598	8	100.0	30
23-03-25	12:00 p	32.1	32.6	31.7	77	27.5	0.9	SW	1.61	3.1	WNW	32.1	43.2	43.2	49.7	1009.6	0.00	0.0	1005	43.22	1034	11.7	2.51	11.9	0.000	0.286	32.3	74	27.0	42.8	13.75	1.1114	0.69	597	8	100.0	30
23-03-25	12:30 p	32.1	32.7	31.6	75	27.1	0.9	SW	1.61	2.7	S	32.1	42.6	42.6	49.1	1009.0	0.00	0.0	969	41.67	1039	11.1	2.38	11.8	0.000	0.287	32.4	73	27.0	43.0	13.43	1.1103	0.00	595	8	100.0	30
23-03-25	1:00 p	31.8	32.4	31.4	72	26.1	0.9	SSW	1.61	3.1	SSW	31.8	40.2	40.2	47.1	1008.8	0.00	0.0	834	35.87	962	9.2	1.97	10.6	0.000	0.280	32.4	70	26.3	41.7	12.54	1.1117	0.63	591	8	100.0	30
23-03-25	1:30 p	30.9	31.8	30.7	80	27.1	0.9	S	1.61	2.7	SSE	30.9	39.8	39.8	45.9	1008.5	0.00	0.0	543	23.35	858	6.2	1.33	7.9	0.000	0.263	32.1	71	26.1	40.8	12.85	1.1131	0.00	593	8	100.0	30
23-03-25	2:00 p	31.5	31.5	30.7	74	26.3	0.9	S	1.61	3.6	WSW	31.5	39.8	39.8	46.7	1008.0	0.00	0.0	656	28.21	800	5.9	1.26	6.9	0.000	0.274	31.9	71	26.0	40.2	12.85	1.1135	0.38	591	8	100.0	30
23-03-25	2:30 p	31.9	31.9	31.1	74	26.7	0.9	S	1.61	2.7	SSE	31.9	41.6	41.6	49.6	1007.6	0.00	0.0	748	32.17	877	5.9	1.26	6.9	0.000	0.284	31.9	70	25.8	40.1	12.55	1.1133	0.00	591	8	100.0	30
23-03-25	3:00 p	31.3	32.1	31.1	76	26.5	0.9	SSE	1.61	2.7	S	31.3	39.6	39.6	48.8	1007.4	0.00	0.0	709	30.49	821	4.6	0.99	5.6	0.000	0.270	32.0	70	25.8	40.2	12.55	1.1127	0.48	596	8	100.0	30
23-03-25	3:30 p	30.1	31.3	30.1	75	25.1	0.4	SE	0.80	2.2	ESE	30.1	36.3	36.3	42.2	1007.1	0.00	0.0	394	16.94	686	2.4	0.51	3.3	0.000	0.244	31.6	72	25.9	39.6	13.17	1.1135	0.00	595	8	100.0	30
23-03-25	4:00 p	29.4	30.1	29.2	81	25.8	0.4	SW	0.80	1.8	S	29.4	35.9	35.9	39.8	1006.8	0.00	0.0	189	8.13	295	1.3	0.28	1.7	0.000	0.230	31.2	73	25.8	38.4	13.49	1.1149	0.20	598	8	100.0	30
23-03-25	4:30 p	29.1	29.5	29.0	78	24.8	0.4	ESE	0.80	2.2	S	29.1	34.7	34.7	37.0	1007.0	0.00	0.0	123	5.29	155	0.7	0.15	1.0	0.000	0.223	31.0	74	25.8	38.1	13.79	1.1160	0.00	599	8	100.0	30
23-03-25	5:00 p	28.9	29.1	28.7	79	24.9	0.4	SSE	0.80	1.8	SSE	28.9	34.5	34.5	34.8	1007.0	0.00	0.0	94	4.04	111	0.0	0.00	0.0	0.000	0.220	30.8	75	25.9	38.1	14.15	1.1165	0.08	598	8	100.0	30
23-03-25	5:30 p	28.4	29.0	28.2	83	25.2	0.4	SSE	0.80	1.8	SSE	28.4	33.8	33.8	33.7	1007.2	0.00	0.0	59	2.54	83	0.0	0.00	0.0	0.000	0.209	30.6	77	26.1	38.2	14.72	1.1169	0.00	600	8	100.0	30
23-03-25	6:00 p	27.1	28.4	27.1	88	25.0	0.0	ESE	0.00	0.4	ESE	27.1	31.2	31.2	30.4	1007.4	0.00	0.0	7	0.30	21	0.0	0.00	0.0	0.000	0.183	30.3	78	26.1	37.7	15.02	1.1183	0.03	598	8	100.0	30
23-03-25	6:30 p	26.6	27.1	26.6	90	24.8	0.0	---	0.00	0.0	---	26.6	30.3	30.3	29.5	1007.6	0.00	0.0	0	0.00	0	0.0	0.00	0.0	0.000	0.172	29.8	80	26.0	36.6	15.73	1.1208	0.00	599	8	100.0	30
23-03-25	7:00 p	26.6	26.6	26.5	90	24.8	0.0	---	0.00	0.0	---	26.6	30.2	30.2	29.4	1007.9	0.00	0.0	0	0.00	0	0.0	0.00	0.0	0.000	0.171	29.4	81	25.8	35.9	16.15	1.1230	0.00	597	8	100.0	30
23-03-25	7:30 p	26.6	26.8	26.6	89	24.6	0.4	ENE	0.80	1.8	E	26.6	30.1	30.1	29.2	1008.6	1.02	17.8	0	0.00	0	0.0	0.00	0.0	0.000	0.171	29.3	81	25.7	35.8	16.16	1.1242	0.00	590	8	100.0	30
23-03-25	8:00 p	25.3	26.5	25.3	93	24.1	0.0	E	0.00	0.9	E	25.3	28.0	28.0	27.1	1008.9	2.03	17.8	0	0.00	0	0.0	0.00	0.0	0.000	0.146	28.7	83	25.5	34.8	16.90	1.1272	0.00	594	8	100.0	30
23-03-25	8:30 p	25.3	25.4	25.3	94	24.2	0.0	E	0.00	0.4	E	25.3	27.9	27.9	27.1	1009.2	0.51	3.8	0	0.00	0	0.0	0.00	0.0	0.000	0.145	28.4	84	25.4	33.9	17.33	1.1291	0.00	596	8	100.0	30
23-03-25	9:00 p	25.3	25.3	25.2	94	24.2	0.0	E	0.00	0.4	E	25.3	27.9	27.9	27.1	1009.6	0.00	0.0	0	0.00	0	0.0	0.00	0.0	0.000	0.145	28.2	85	25.5	33.7	17.78	1.1300	0.00	598	8	100.0	30
23-03-25	9:30 p	25.4	25.5	25.2	94	24.4	0.0	E	0.00	0.9	E	25.4	28.3	28.3	27.4	1009.8	0.00	0.0	0	0.00	0	0.0	0.00	0.0	0.000	0.148	28.1	86	25.5	33.4	18.20	1.1308	0.00	597	8	100.0	30
23-03-25	10:00 p	25.4	25.4	25.3	94	24.4	0.0	E	0.00	0.4	E	25.4	28.3	28.3	27.4	1009.9	0.00	0.0	0	0.00	0	0.0	0.00	0.0	0.000	0.148	28.0	87	25.6	33.4	18.61	1.1308	0.00	599	8	100.0	30
23-03-25	10:30 p	25.4	25.5	25.3	94	24.4	0.0	N	0.00	0.9	E	25.4	28.3	28.3	27.4	1009.8	0.00	0.0	0	0.00	0	0.0	0.00	0.0	0.000	0.148	28.0	86	25.4	33.2	18.21	1.1311	0.00	597	8	100.0	30
23-03-25	11:00 p	25.4	25.5	25.3	95	24.6	0.0	N	0.00	0.4	N	25.4	28.3	28.3	27.5	1009.5	0.00	0.0	0	0.00	0	0.0	0.00	0.0	0.000	0.148	27.9	87	25.5	33.1	18.62	1.1311	0.00	599	8	100.0	30
23-03-25	11:30 p	24.9	25.4	24.9	95	24.1	0.0	N	0.00	1.8	ENE	24.9	27.4	27.4	26.6	1009.3	0.00	0.0	0	0.00	0	0.0	0.00	0.0	0.000	0.138	27.8	86	25.3	32.8	18.22	1.1316	0.00	594	8	100.0	30
23-03-26	12:00 a	25.0	25.1	24.8	95	24.1	0.0	NE	0.00	0.9	N	25.0	27.5	27.5	26.6	1009.0	0.00	0.0	0	0.00	0	0.0	0.00	0.0	0.000	0.139	27.7	86	25.1	32.3	18.24	1.1323	0.00	589	8	100.0	30
23-03-26	12:30 a	24.8	25.0	24.7	95	23.9	0.0	N	0.00	0.4	N	24.8	27.2	27.2	26.3	1008.8	0.00	0.0	0	0.00	0	0.0	0.00	0.0	0.000	0.134	27.4	86	24.9	31.7	18.27	1.1334	0.00	596	8	100.0	30
23-03-26	1:00 a	24.6	24.8	24.6	95	23.8	0.0	---	0.00	0.0	---	24.6	26.9	26.9	26.1	1008.5	0.00	0.0	0	0.00	0	0.0	0.00	0.0	0.000	0.131	27.2	87	24.8	31.2	18.70	1.1342	0.00	594	8	100.0	30
23-03-26	1:30 a	24.7	24.8	24.6	95	23.8	0.0	---	0.00	0.0	---	24.7	27.0	27.0	26.1	1008.3	0.00	0.0	0	0.00	0	0.0	0.00	0.0	0.000	0.132	27.1	87	24.7	30.9	18.71	1.1346	0.00	594	8	100.0	30
23-03-26	2:00 a	24.7	24.8	24.7	95	23.8	0.0	---	0.00	0.0	---	24.7	27.0	27.0	26.1	1007.9	0.00	0.0	0	0.00	0	0.0	0.00	0.0	0.000	0.132	27.1	88	24.9	31.1	19.28	1.1337	0.00	589	8	100.0	30
23-03-26	2:30 a	24.7	24.7	24.6	95	23.8	0.0	---	0.00	0.0	---	24.7	27.0	27.0	26.1	1007.9	0.00	0.0	0	0.00	0	0.0	0.00	0.0	0.000	0.132	26.9	88	24.7	30.7	19.31	1.1348	0.00	592	8	100.0	30
23-03-26	3:00 a	24.6	24.7	24.6	95	23.8	0.0	---	0.00	0.0	---	24.6	26.9	26.9	26.1	1008.0	0.00	0.0	0	0.00	0	0.0	0.00	0.0	0.000	0.131	26.9	88	24.7	30.7	19.31	1.1349	0.00	595	8	100.0	30
23-03-26	3:30 a	24.4	24.7	24.4	95	23.6	0.0	---	0.00	0.0	---	24.4	26.7	26.7	25.8	1008.0	0.00	0.0	0	0.00	0	0.0	0.00	0.0	0.000	0.127	26.7	88	24.6	30.3	19.34	1.1358	0.00	599	8	100.0	30
23-03-26	4:00 a	24.3	24.5	24.2	95	23.5	0.0	---	0.00	0.0	---	24.3	26.5	26.5	25.6	1008.4	0.00	0.0	0	0.00	0	0.0	0.00	0.0	0.000	0.125	26.6	88	24.4	29.9	19.36	1.1372	0.00	596	8	100.0	30
23-03-26	4:30 a	24.1	24.3	24.1	95	23.2	0.0	---	0.00	0.0	---	24.1	26.2	26.2	25.2	1008.5	0.00	0.0	0	0.00	0	0.0	0.00	0.0	0.000	0.119	26.4	88	24.2	29.6	19.37	1.1383	0.00	597	8	100.0	30
23-03-26	5:00 a	24.1	24.2	24.1	95	23.3	0.0	---	0.00	0.0	---	24.1	26.2	26.2	25.3	1008.5	0.00	0.0	0	0.00	0	0.0	0.00	0.0	0.000	0.120	26.2	88	24.1	29.3	19.38	1.1393	0.00	599	8	100.0	30
23-03-26	5:30 a	23.9	24.1	23.9	95	23.1	0.0	---	0.00	0.0	---	23.9	26.0	26.0	25.1	1008.8	0.00	0.0	1	0.04	7	0.0	0.00	0.0	0.000	0.117	26.2	88	24.1	29.3	19.38	1.1397	0.00	599	8	100.0	30
23-03-26	6:00 a	24.3	24.3	23.9	95	23.4	0.0	---	0.00	0.0	---	24.3	26.4	26.4	25.8	1009.0	0.00	0.0	22	0.95	44	0.0	0.00	0.0	0.000	0.124	26.2	89	24.3	29.4	19.95	1.1395	0.00	599	8	100.0	30
23-03-26	6:30 a	24.9	24.9	24.2	95	24.1	0.0	N	0.00	0.4	N	24.9	27.4	27.4	28.6	1009.3	0.00	0.0	62	2.67	81	0.0	0.00	0.0	0.000	0.138	26.5	90	24.7	30.1	20.45	1.1378	0.00	598	8	100.0	30
23-03-26	7:00 a	25.1	25.2	24.8	95	24.3	0.0	N	0.00	0.4	N	25.1	27.7	27.7	28.6	1009.7	0.00	0.0	61	2.62	65	0.2	0.04	0.6	0.000	0.141	27.0	90	25.2	31.2	20.40	1.1353	0.05	597	8	100.0	30
23-03-26	7:30 a	25.4	25.4	25.1	95	24.6	0.0	N	0.00	0.4	N	25.4	28.3	28.3	29.2	1010.1	0.00	0.0	70	3.01	84	0.8	0.17	1.1	0.000	0.148	27.3	90	25.5	32.1	20.35	1.1338	0.00	596	8	100.0	30
23-03-26	8:00 a	26.0	26.2	25.4	95	25.1	0.0	N	0.00	0.4	N	26.0	29.6	29.6	30.8	1010.4	0.00	0.0	96	4.13	172	1.4	0.30	1.5	0.000	0.160	27.9	89	26.0	33.7	19.72	1.1309	0.05	599	8	100.0	30
23-03-26	8:30 a	27.0	27.0	26.0	95	26.1	0.0	NNE	0.00	1.3	NNE	27.0	32.1	32.1	36.1	1010.6	0.00	0.0	302	12.99	582	2.6	0.56	3.9	0.000	0.181	28.7	90	26.9	35.9	20.16	1.1263	0.00	595	8	100.0	30
23-03-26	9:00 a	29.6	29.6	26.6	88	27.4	0.4	SSE	0.80	1.8	SSW	29.6	38.1	38.1	45.1	1010.8	0.00	0.0	674	28.99	763	4.9	1.05	5.9	0.000	0.234	29.5	86	26.9	37.3	18.04	1.1233	0.30	592	8	100.0	30
23-03-26	9:30 a	30.5	30.7	29.5	80	26.7	0.4	SSW	0.80	2.7	SSW	30.5	38.8	38.8	45.7	1010.7	0.00	0.0	805	34.62	877	6.7	1.44	7.7	0.000	0.253	30.3	83	27.1	39.2	16.79	1.1197	0.00	594	8	100.0	30
23-03-26	10:00 a	31.1	31.4	30.5	83	27.8	0.4	SSE	0.80	2.2	NW	31.1	41.4	41.4	48.4	1010.4	0.00	0.0	876	37.67	902	8.4	1.80	9.2	0.000	0.265	30.9	80	27.1	39.8	15.64	1.1172	0.56	598	8	100.0	30
23-03-26	10:30 a	31.1	31.5	30.9	80	27.2	0.4	SW	0.80	1.8	W	31.1	40.1	40.1	46.8	1010.2	0.00	0.0	933	40.12	963	9.9	2.12	10.5	0.000	0.265	31.4	77	26.9	40.7	14.63	1.1154	0.00	599	8	100.0	30
23-03-26	11:00 a	31.6	31.8	30.9	78	27.3	0.4	SSE	0.80	3.1	W	31.6	41.8	41.8	47.9	1009.9	0.00	0.0	981	42.19	1000	11.0	2.36	11.4	0.000	0.277	32.0	75	27.0	42.1	14.07	1.1129	0.66	598	8	100.0	30
23-03-26	11:30 a	31.9	31.9	31.2	75	26.9	0.9	SSW	1.61	3.1	SSW	31.9	41.7	41.7	47.9	1009.5	0.00	0.0	1014	43.61	1023	11.7	2.51	11.8	0.000	0.282	32.3	74	27.1	43.0	13.75	1.1109	0.00	597	8	100.0	30
23-03-26	12:00 p	31.8	32.4	31.7	73	26.4	0.9	SW	1.61	2.2	SSW	31.8	40.7	40.7	47.1	1009.0	0.00	0.0	1017	43.74	1021	11.8	2.53	11.9	0.000	0.281	32.4	73	27.0	43.0	13.43	1.1103	0.69	597	8	100.0	30
23-03-26	12:30 p	32.3	32.3	31.5	77	27.7	0.9	S	1.61	2.7	SSE	32.3	44.1	44.1	50.9	1008.6	0.00	0.0	1005	43.22	1018	11.4	2.44	11.7	0.000	0.291	32.6	72	26.8	43.0	13.13	1.1097	0.00	598	8	100.0	30
23-03-26	1:00 p	31.4	32.3	31.4	72	25.8	0.9	SSW	1.61	3.6	SE	31.4	38.9	38.9	46.1	1008.0	0.00	0.0	979	42.10	1044	10.5	2.25	11.1	0.000	0.273	32.8	72	27.1	43.8	13.11	1.1077	0.69	599	8	100.0	30
23-03-26	1:30 p	31.8	32.8	31.4	72	26.2	0.9	SSE	1.61	4.0	ESE	31.8	40.4	40.4	47.8	1007.7	0.00	0.0	919	39.52	960	9.3	1.99	9.9	0.000	0.281	33.0	72	27.3	44.6	13.09	1.1061	0.00	599	8	100.0	30
23-03-26	2:00 p	32.2	32.2	31.3	75	27.2	0.9	SE	1.61	4.0	SE	32.2	42.8	42.8	50.5	1007.2	0.00	0.0	839	36.08	896	7.6	1.63	8.5	0.000	0.288	32.9	70	26.7	43.3	12.52	1.1070	0.61	598	8	100.0	30
23-03-26	2:30 p	31.7	32.9	31.5	74	26.5	0.9	ESE	1.61	3.1	ESE	31.7	40.5	40.5	48.4	1006.6	0.00	0.0	740	31.82	789	6.0	1.29	6.8	0.000	0.278	32.7	71	26.7	42.9	12.83	1.1073	0.00	597	8	100.0	30
23-03-26	3:00 p	31.2	31.8	31.1	76	26.5	0.9	SSE	1.61	3.1	ESE	31.2	39.3	39.3	47.4	1006.5	0.00	0.0	633	27.22	686	4.4	0.94	5.1	0.000	0.269	32.4	72	26.7	42.4	13.14	1.1083	0.48	598	8	100.0	30
23-03-26	3:30 p	30.8	31.3	30.8	75	25.8	0.9	SE	1.61	3.1	SE	30.8	37.9	37.9	45.9	1006.3	0.00	0.0	516	22.19	577	2.9	0.62	3.6	0.000	0.259	31.6	74	26.4	40.3	13.77	1.1116	0.00	597	8	100.0	30
23-03-26	4:00 p	30.3	30.8	30.2	78	26.1	0.4	SE	0.80	2.7	ESE	30.3	37.7	37.7	44.7	1006.3	0.00	0.0	368	15.83	446	1.8	0.39	2.3	0.000	0.250	31.1	77	26.5	39.1	14.68	1.1133	0.30	596	8	100.0	30
23-03-26	4:30 p	29.6	30.4	29.5	77	25.1	0.4	SE	0.80	2.2	NNW	29.6	35.4	35.4	36.8	1006.3	0.00	0.0	66	2.84	299	0.2	0.04	1.2	0.000	0.234	30.7	77	26.2	38.4	14.71	1.1153	0.00	597	8	100.0	30
23-03-26	5:00 p	28.5	29.6	28.5	85	25.7	0.4	ESE	0.80	1.3	ENE	28.5	34.4	34.4	34.3	1006.6	0.00	0.0	35	1.51	40	0.0	0.00	0.0	0.000	0.212	30.4	79	26.4	38.3	15.34	1.1162	0.05	597	8	100.0	30
23-03-26	5:30 p	27.8	28.6	27.8	88	25.6	0.4	ENE	0.80	1.3	ENE	27.8	33.0	33.0	32.6	1006.7	0.00	0.0	16	0.69	26	0.0	0.00	0.0	0.000	0.197	30.3	81	26.7	38.3	16.09	1.1164	0.00	595	8	100.0	30
23-03-26	6:00 p	27.0	27.8	27.0	90	25.2	0.0	SSE	0.00	0.9	SSE	27.0	31.2	31.2	30.6	1007.1	0.00	0.0	2	0.09	9	0.0	0.00	0.0	0.000	0.181	30.0	80	26.2	37.1	15.71	1.1190	0.00	591	8	100.0	30
23-03-26	6:30 p	26.4	27.0	26.4	91	24.9	0.0	SSE	0.00	0.4	SSE	26.4	30.1	30.1	29.4	1007.3	0.00	0.0	0	0.00	0	0.0	0.00	0.0	0.000	0.169	29.6	81	25.9	36.3	16.14	1.1213	0.00	586	8	100.0	30
23-03-26	7:00 p	26.3	26.4	26.3	92	24.9	0.0	SSE	0.00	0.4	SSE	26.3	29.9	29.9	29.2	1008.0	0.00	0.0	0	0.00	0	0.0	0.00	0.0	0.000	0.166	29.3	82	25.9	35.9	16.56	1.1233	0.00	590	8	100.0	30
23-03-26	7:30 p	26.2	26.3	26.2	92	24.8	0.0	SSE	0.00	0.4	SSE	26.2	29.7	29.7	29.0	1008.3	0.00	0.0	0	0.00	0	0.0	0.00	0.0	0.000	0.163	29.0	83	25.8	35.5	16.88	1.1248	0.00	591	8	100.0	30
23-03-26	8:00 p	26.1	26.2	26.0	93	24.9	0.0	SSE	0.00	0.4	SSE	26.1	29.7	29.7	29.0	1008.6	0.00	0.0	0	0.00	0	0.0	0.00	0.0	0.000	0.162	28.8	84	25.8	35.1	17.30	1.1261	0.00	597	8	100.0	30
23-03-26	8:30 p	25.9	26.1	25.9	93	24.7	0.0	---	0.00	0.0	---	25.9	29.3	29.3	28.6	1009.1	0.00	0.0	0	0.00	0	0.0	0.00	0.0	0.000	0.159	28.6	85	25.8	34.8	17.74	1.1272	0.00	599	8	100.0	30
23-03-26	9:00 p	26.1	26.2	25.9	93	24.9	0.0	---	0.00	0.0	---	26.1	29.7	29.7	29.0	1009.3	0.00	0.0	0	0.00	0	0.0	0.00	0.0	0.000	0.162	28.6	85	25.8	34.8	17.74	1.1274	0.00	597	8	100.0	30
23-03-26	9:30 p	26.1	26.2	26.0	94	25.0	0.0	SSE	0.00	0.4	SSE	26.1	29.7	29.7	29.0	1009.5	0.00	0.0	0	0.00	0	0.0	0.00	0.0	0.000	0.161	28.4	86	25.9	34.4	18.16	1.1282	0.00	598	8	100.0	30
23-03-26	10:00 p	26.1	26.1	26.0	94	25.0	0.0	SSE	0.00	0.4	SSE	26.1	29.7	29.7	29.0	1009.5	0.00	0.0	0	0.00	0	0.0	0.00	0.0	0.000	0.161	28.3	86	25.8	34.1	18.17	1.1289	0.00	600	8	100.0	30
23-03-26	10:30 p	26.0	26.1	25.9	94	25.0	0.0	---	0.00	0.0	---	26.0	29.5	29.5	28.8	1009.5	0.00	0.0	0	0.00	0	0.0	0.00	0.0	0.000	0.160	28.2	87	25.9	34.0	18.58	1.1291	0.00	597	8	100.0	30
23-03-26	11:00 p	25.9	26.1	25.8	94	24.8	0.0	SSE	0.00	0.4	SSE	25.9	29.3	29.3	28.6	1009.5	0.00	0.0	0	0.00	0	0.0	0.00	0.0	0.000	0.157	28.2	87	25.8	33.9	18.59	1.1294	0.00	599	8	100.0	30
23-03-26	11:30 p	25.6	26.0	25.6	94	24.5	0.0	SSE	0.00	0.4	SSE	25.6	28.5	28.5	27.8	1009.1	0.00	0.0	0	0.00	0	0.0	0.00	0.0	0.000	0.150	28.1	87	25.7	33.7	18.59	1.1293	0.00	597	8	100.0	30
23-03-27	12:00 a	25.3	25.6	25.3	94	24.2	0.0	---	0.00	0.0	---	25.3	27.9	27.9	27.2	1008.7	0.00	0.0	0	0.00	0	0.0	0.00	0.0	0.000	0.145	27.9	86	25.3	32.9	18.22	1.1306	0.00	597	8	100.0	30
23-03-27	12:30 a	25.1	25.3	25.1	94	24.1	0.0	---	0.00	0.0	---	25.1	27.7	27.7	26.9	1008.2	0.00	0.0	0	0.00	0	0.0	0.00	0.0	0.000	0.141	27.7	86	25.2	32.5	18.24	1.1310	0.00	595	8	100.0	30
23-03-27	1:00 a	24.8	25.1	24.8	94	23.8	0.0	SSE	0.00	0.4	SSE	24.8	27.2	27.2	26.4	1008.2	0.00	0.0	0	0.00	0	0.0	0.00	0.0	0.000	0.135	27.5	86	24.9	31.9	18.26	1.1323	0.00	596	8	100.0	30
23-03-27	1:30 a	24.7	24.8	24.7	94	23.7	0.0	---	0.00	0.0	---	24.7	27.1	27.1	26.3	1008.0	0.00	0.0	0	0.00	0	0.0	0.00	0.0	0.000	0.133	27.3	86	24.8	31.4	18.28	1.1331	0.00	596	8	100.0	30
23-03-27	2:00 a	24.6	24.8	24.6	94	23.6	0.0	---	0.00	0.0	---	24.6	26.9	26.9	26.2	1007.6	0.00	0.0	0	0.00	0	0.0	0.00	0.0	0.000	0.131	27.2	86	24.7	31.2	18.29	1.1332	0.00	597	8	100.0	30
23-03-27	2:30 a	24.3	24.7	24.3	94	23.2	0.0	---	0.00	0.0	---	24.3	26.4	26.4	25.6	1007.7	0.00	0.0	0	0.00	0	0.0	0.00	0.0	0.000	0.124	27.1	86	24.5	30.8	18.31	1.1343	0.00	595	8	100.0	30
23-03-27	3:00 a	23.9	24.3	23.9	94	22.9	0.0	---	0.00	0.0	---	23.9	26.0	26.0	25.2	1007.5	0.00	0.0	0	0.00	0	0.0	0.00	0.0	0.000	0.117	26.7	86	24.2	30.1	18.34	1.1361	0.00	597	8	100.0	30
23-03-27	3:30 a	23.7	23.9	23.7	94	22.6	0.0	---	0.00	0.0	---	23.7	25.5	25.5	24.7	1007.6	0.00	0.0	0	0.00	0	0.0	0.00	0.0	0.000	0.111	26.4	86	23.9	29.5	18.37	1.1378	0.00	596	8	100.0	30
23-03-27	4:00 a	23.5	23.7	23.4	94	22.5	0.0	---	0.00	0.0	---	23.5	25.2	25.2	24.4	1007.6	0.00	0.0	0	0.00	0	0.0	0.00	0.0	0.000	0.108	26.3	86	23.8	29.3	18.37	1.1384	0.00	599	8	100.0	30
23-03-27	4:30 a	23.4	23.6	23.4	94	22.4	0.0	---	0.00	0.0	---	23.4	25.1	25.1	24.3	1007.6	0.00	0.0	0	0.00	0	0.0	0.00	0.0	0.000	0.106	26.1	86	23.6	28.8	18.39	1.1397	0.00	598	8	100.0	30
23-03-27	5:00 a	23.4	23.5	23.3	94	22.4	0.0	---	0.00	0.0	---	23.4	25.1	25.1	24.3	1007.8	0.00	0.0	0	0.00	0	0.0	0.00	0.0	0.000	0.106	25.9	87	23.6	28.6	18.83	1.1409	0.00	598	8	100.0	30
23-03-27	5:30 a	23.3	23.4	23.2	95	22.4	0.0	---	0.00	0.0	---	23.3	24.9	24.9	24.1	1007.9	0.00	0.0	0	0.00	0	0.0	0.00	0.0	0.000	0.103	25.9	87	23.6	28.6	18.83	1.1409	0.00	598	8	100.0	30
23-03-27	6:00 a	23.3	23.3	23.2	95	22.4	0.0	---	0.00	0.0	---	23.3	24.9	24.9	24.2	1008.3	0.00	0.0	5	0.22	11	0.0	0.00	0.0	0.000	0.103	25.9	87	23.6	28.7	18.83	1.1412	0.00	600	8	100.0	30
23-03-27	6:30 a	23.8	23.8	23.3	95	22.9	0.0	---	0.00	0.0	---	23.8	25.8	25.8	25.7	1008.8	0.00	0.0	16	0.69	19	0.0	0.00	0.0	0.000	0.113	26.0	88	23.9	28.8	19.40	1.1410	0.00	597	8	100.0	30
23-03-27	7:00 a	24.2	24.3	23.8	95	23.4	0.0	---	0.00	0.0	---	24.2	26.4	26.4	26.4	1009.0	0.00	0.0	22	0.95	25	0.0	0.00	0.0	0.000	0.123	26.4	88	24.2	29.6	19.37	1.1389	0.00	600	8	100.0	30
23-03-27	7:30 a	24.9	24.9	24.2	95	24.0	0.0	SSE	0.00	0.4	SSE	24.9	27.3	27.3	27.4	1009.4	0.00	0.0	29	1.25	35	0.0	0.00	0.0	0.000	0.137	27.3	88	25.1	31.6	19.24	1.1342	0.00	597	8	100.0	30
23-03-27	8:00 a	25.6	25.6	24.9	95	24.7	0.0	SSE	0.00	0.4	SSE	25.6	28.6	28.6	28.8	1009.9	0.00	0.0	40	1.72	91	0.1	0.02	1.7	0.000	0.150	28.3	88	26.1	34.4	19.06	1.1287	0.03	598	8	100.0	30
23-03-27	8:30 a	27.1	27.1	25.6	94	26.0	0.4	SSE	0.80	0.9	SSE	27.1	32.0	32.0	36.8	1010.1	0.00	0.0	366	15.74	608	2.7	0.58	4.1	0.000	0.182	29.3	87	26.9	37.0	18.47	1.1234	0.00	593	8	100.0	30
23-03-27	9:00 a	30.3	30.6	27.2	81	26.7	0.4	S	0.80	1.8	S	30.3	38.3	38.3	45.2	1010.2	0.00	0.0	675	29.03	728	5.1	1.09	6.0	0.000	0.249	30.3	80	26.4	38.0	15.69	1.1209	0.33	592	8	100.0	30
23-03-27	9:30 a	31.4	31.7	30.3	74	26.2	0.4	S	0.80	2.7	W	31.4	39.6	39.6	46.6	1010.3	0.00	0.0	781	33.59	831	6.8	1.46	7.6	0.000	0.273	30.9	77	26.4	38.8	14.69	1.1188	0.00	588	8	100.0	30
23-03-27	10:00 a	31.8	32.4	31.3	74	26.6	0.9	S	1.61	2.7	W	31.8	40.9	40.9	47.9	1010.3	0.00	0.0	848	36.47	983	8.2	1.76	9.3	0.000	0.280	31.4	77	26.9	40.4	14.64	1.1159	0.56	599	8	100.0	30
23-03-27	10:30 a	32.2	32.3	31.4	75	27.2	0.4	SSW	0.80	2.2	SSW	32.2	43.0	43.0	49.3	1010.1	0.00	0.0	967	41.59	1049	10.0	2.14	10.9	0.000	0.289	31.7	76	27.0	41.4	14.30	1.1142	0.00	599	8	100.0	30
23-03-27	11:00 a	32.1	32.4	31.6	78	27.7	0.9	SE	1.61	3.1	SSW	32.1	43.6	43.6	49.8	1009.7	0.00	0.0	1005	43.22	1044	11.4	2.44	11.9	0.000	0.286	31.7	77	27.1	41.7	14.61	1.1136	0.66	599	8	100.0	30
23-03-27	11:30 a	32.6	32.7	31.6	74	27.3	0.9	SSE	1.61	3.1	SE	32.6	43.9	43.9	50.2	1009.7	0.00	0.0	975	41.93	1216	11.1	2.38	12.4	0.000	0.296	31.9	76	27.1	42.1	14.29	1.1127	0.00	600	8	100.0	30
23-03-27	12:00 p	32.8	33.1	31.8	76	28.0	0.9	SSE	1.61	3.6	SSE	32.8	45.8	45.8	52.4	1009.3	0.00	0.0	1032	44.38	1062	12.0	2.57	12.2	0.000	0.301	32.2	74	27.0	42.6	13.75	1.1114	0.69	600	8	100.0	30
23-03-27	12:30 p	32.5	33.4	32.2	74	27.3	0.9	SSE	1.61	3.6	SE	32.5	43.7	43.7	50.5	1008.9	0.00	0.0	1008	43.35	1086	11.6	2.49	12.0	0.000	0.295	32.4	73	27.0	43.0	13.43	1.1102	0.00	597	8	100.0	30
23-03-27	1:00 p	33.1	33.1	32.2	76	28.3	0.9	ESE	1.61	3.1	SE	33.1	47.1	47.1	54.1	1008.3	0.00	0.0	955	41.07	981	10.6	2.27	11.1	0.000	0.307	32.6	76	27.8	44.8	14.25	1.1071	0.69	598	8	100.0	30
23-03-27	1:30 p	32.2	33.2	32.2	75	27.2	0.9	SSE	1.61	4.0	SE	32.2	43.0	43.0	50.3	1007.7	0.00	0.0	902	38.79	944	9.3	1.99	10.0	0.000	0.289	32.6	73	27.1	43.4	13.43	1.1082	0.00	599	8	100.0	30
23-03-27	2:00 p	32.1	33.1	31.9	79	28.0	0.9	ESE	1.61	5.4	SSE	32.1	44.3	44.3	51.9	1007.6	0.00	0.0	825	35.48	865	7.8	1.67	8.6	0.000	0.287	32.9	73	27.5	44.9	13.40	1.1057	0.61	599	8	100.0	30
23-03-27	2:30 p	31.9	32.7	31.8	77	27.4	0.9	SSE	1.61	4.0	S	31.9	42.6	42.6	50.3	1007.3	0.00	0.0	730	31.39	777	6.1	1.31	6.9	0.000	0.282	33.1	73	27.6	45.3	13.39	1.1047	0.00	596	8	100.0	30
23-03-27	3:00 p	31.9	32.4	31.7	79	27.8	0.9	ESE	1.61	4.9	SSE	31.9	43.4	43.4	51.4	1007.0	0.00	0.0	626	26.92	684	4.4	0.94	5.2	0.000	0.282	32.8	74	27.6	44.9	13.73	1.1051	0.48	596	8	100.0	30
23-03-27	3:30 p	31.3	32.1	31.1	77	26.8	0.9	SE	1.61	3.1	SSE	31.3	39.9	39.9	47.5	1006.7	0.00	0.0	488	20.99	577	2.9	0.62	3.6	0.000	0.270	32.2	74	26.9	42.4	13.75	1.1088	0.00	597	8	100.0	30
23-03-27	4:00 p	30.7	31.3	30.7	77	26.2	0.9	SSE	1.61	3.1	S	30.7	38.3	38.3	45.3	1007.0	0.00	0.0	368	15.83	490	1.7	0.36	2.2	0.000	0.257	31.7	76	26.9	41.2	14.31	1.1110	0.30	596	8	100.0	30
23-03-27	4:30 p	29.9	30.6	29.9	82	26.5	0.4	SE	0.80	4.0	SSE	29.9	37.3	37.3	38.9	1007.1	0.00	0.0	73	3.14	285	0.4	0.09	1.2	0.000	0.241	31.3	78	27.0	40.6	14.88	1.1121	0.00	599	8	100.0	30
23-03-27	5:00 p	29.2	29.9	29.2	82	25.8	0.4	SSE	0.80	3.1	SSE	29.2	35.7	35.7	35.6	1007.6	0.00	0.0	43	1.85	62	0.1	0.02	0.5	0.000	0.226	31.1	79	27.0	39.9	15.27	1.1135	0.05	599	8	100.0	30
23-03-27	5:30 p	28.6	29.3	28.5	87	26.2	0.0	N	0.00	1.3	NE	28.6	35.0	35.0	34.8	1007.9	0.00	0.0	30	1.29	54	0.0	0.00	0.0	0.000	0.213	31.0	79	26.9	39.7	15.28	1.1145	0.00	600	8	100.0	30
23-03-27	6:00 p	27.7	28.6	27.7	89	25.7	0.0	WNW	0.00	0.9	WNW	27.7	33.1	33.1	32.4	1008.2	0.00	0.0	3	0.13	14	0.0	0.00	0.0	0.000	0.196	30.8	80	26.9	39.4	15.65	1.1156	0.03	599	8	100.0	30
23-03-27	6:30 p	27.1	27.7	27.1	90	25.3	0.0	WNW	0.00	0.4	WNW	27.1	31.4	31.4	30.7	1008.4	0.00	0.0	0	0.00	0	0.0	0.00	0.0	0.000	0.182	30.2	81	26.6	38.2	16.09	1.1187	0.00	596	8	100.0	30
23-03-27	7:00 p	26.9	27.1	26.9	92	25.5	0.0	---	0.00	0.0	---	26.9	31.3	31.3	30.6	1008.5	0.00	0.0	0	0.00	0	0.0	0.00	0.0	0.000	0.178	29.8	82	26.4	37.1	16.53	1.1209	0.00	598	8	100.0	30
23-03-27	7:30 p	26.6	26.9	26.6	92	25.1	0.0	---	0.00	0.0	---	26.6	30.5	30.5	29.8	1009.0	0.00	0.0	0	0.00	0	0.0	0.00	0.0	0.000	0.171	29.4	83	26.3	36.4	16.85	1.1230	0.00	598	8	100.0	30
23-03-27	8:00 p	26.6	26.7	26.6	93	25.3	0.0	---	0.00	0.0	---	26.6	30.6	30.6	29.9	1009.2	0.00	0.0	0	0.00	0	0.0	0.00	0.0	0.000	0.171	29.3	84	26.3	36.3	17.26	1.1238	0.00	600	8	100.0	30
23-03-27	8:30 p	26.3	26.6	26.3	93	25.1	0.0	---	0.00	0.0	---	26.3	30.1	30.1	29.4	1009.4	0.00	0.0	0	0.00	0	0.0	0.00	0.0	0.000	0.167	29.1	85	26.3	36.0	17.69	1.1249	0.00	598	8	100.0	30
23-03-27	9:00 p	26.0	26.3	26.0	93	24.8	0.0	---	0.00	0.0	---	26.0	29.4	29.4	28.7	1009.7	0.00	0.0	0	0.00	0	0.0	0.00	0.0	0.000	0.160	28.8	85	26.0	35.3	17.72	1.1269	0.00	599	8	100.0	30
23-03-27	9:30 p	25.7	26.0	25.7	94	24.7	0.0	---	0.00	0.0	---	25.7	28.9	28.9	28.2	1009.8	0.00	0.0	0	0.00	0	0.0	0.00	0.0	0.000	0.154	28.5	85	25.7	34.4	17.75	1.1287	0.00	600	8	100.0	30
23-03-27	10:00 p	25.4	25.7	25.4	94	24.4	0.0	---	0.00	0.0	---	25.4	28.3	28.3	27.6	1009.7	0.00	0.0	0	0.00	0	0.0	0.00	0.0	0.000	0.148	28.3	85	25.5	33.8	17.78	1.1298	0.00	599	8	100.0	30
23-03-27	10:30 p	25.3	25.5	25.3	94	24.2	0.0	---	0.00	0.0	---	25.3	27.9	27.9	27.2	1009.6	0.00	0.0	0	0.00	0	0.0	0.00	0.0	0.000	0.145	28.1	85	25.3	33.2	17.80	1.1311	0.00	599	8	100.0	30
23-03-27	11:00 p	25.1	25.3	25.1	94	24.0	0.0	---	0.00	0.0	---	25.1	27.6	27.6	26.8	1009.4	0.00	0.0	0	0.00	0	0.0	0.00	0.0	0.000	0.140	27.9	86	25.3	32.9	18.22	1.1314	0.00	600	8	100.0	30
23-03-27	11:30 p	24.9	25.1	24.9	94	23.9	0.0	---	0.00	0.0	---	24.9	27.3	27.3	26.5	1009.2	0.00	0.0	0	0.00	0	0.0	0.00	0.0	0.000	0.137	27.7	86	25.1	32.3	18.24	1.1325	0.00	600	8	100.0	30
23-03-28	12:00 a	24.7	24.9	24.7	95	23.8	0.0	---	0.00	0.0	---	24.7	27.0	27.0	26.2	1008.7	0.00	0.0	0	0.00	0	0.0	0.00	0.0	0.000	0.132	27.5	86	24.9	31.9	18.26	1.1329	0.00	600	8	100.0	30
23-03-28	12:30 a	24.6	24.8	24.5	94	23.5	0.0	---	0.00	0.0	---	24.6	26.8	26.8	26.0	1008.4	0.00	0.0	0	0.00	0	0.0	0.00	0.0	0.000	0.130	27.3	86	24.8	31.4	18.28	1.1335	0.00	598	8	100.0	30
23-03-28	1:00 a	24.3	24.6	24.3	95	23.5	0.0	---	0.00	0.0	---	24.3	26.5	26.5	25.7	1008.1	0.00	0.0	0	0.00	0	0.0	0.00	0.0	0.000	0.125	27.2	86	24.6	31.1	18.30	1.1341	0.00	600	8	100.0	30
23-03-28	1:30 a	24.1	24.4	24.1	95	23.3	0.0	---	0.00	0.0	---	24.1	26.2	26.2	25.4	1007.7	0.00	0.0	0	0.00	0	0.0	0.00	0.0	0.000	0.120	26.9	86	24.4	30.6	18.32	1.1350	0.00	599	8	100.0	30
23-03-28	2:00 a	24.0	24.3	24.0	95	23.1	0.0	---	0.00	0.0	---	24.0	26.1	26.1	25.3	1007.6	0.00	0.0	0	0.00	0	0.0	0.00	0.0	0.000	0.118	26.8	86	24.2	30.2	18.34	1.1358	0.00	597	8	100.0	30
23-03-28	2:30 a	24.0	24.1	23.9	95	23.1	0.0	---	0.00	0.0	---	24.0	26.1	26.1	25.3	1007.5	0.00	0.0	0	0.00	0	0.0	0.00	0.0	0.000	0.118	26.6	86	24.1	29.8	18.35	1.1366	0.00	600	8	100.0	30
23-03-28	3:00 a	23.9	24.1	23.8	95	23.0	0.0	---	0.00	0.0	---	23.9	25.9	25.9	25.2	1007.6	0.00	0.0	0	0.00	0	0.0	0.00	0.0	0.000	0.116	26.5	87	24.2	29.7	18.77	1.1370	0.00	598	8	100.0	30
23-03-28	3:30 a	24.0	24.0	23.8	95	23.1	0.0	---	0.00	0.0	---	24.0	26.1	26.1	25.3	1007.9	0.00	0.0	0	0.00	0	0.0	0.00	0.0	0.000	0.118	26.4	87	24.1	29.6	18.77	1.1377	0.00	588	8	100.0	30
23-03-28	4:00 a	23.8	23.9	23.8	95	22.9	0.0	---	0.00	0.0	---	23.8	25.8	25.8	25.0	1007.8	0.00	0.0	0	0.00	0	0.0	0.00	0.0	0.000	0.113	26.3	87	23.9	29.3	18.79	1.1386	0.00	594	8	100.0	30
23-03-28	4:30 a	23.7	23.8	23.6	95	22.8	0.0	---	0.00	0.0	---	23.7	25.6	25.6	24.8	1008.0	0.00	0.0	0	0.00	0	0.0	0.00	0.0	0.000	0.111	26.2	87	23.8	29.1	18.80	1.1395	0.00	598	8	100.0	30
23-03-28	5:00 a	23.6	23.7	23.5	95	22.7	0.0	---	0.00	0.0	---	23.6	25.4	25.4	24.6	1008.1	0.00	0.0	0	0.00	0	0.0	0.00	0.0	0.000	0.109	26.1	87	23.8	28.9	18.81	1.1399	0.00	598	8	100.0	30
23-03-28	5:30 a	23.5	23.6	23.4	95	22.7	0.0	---	0.00	0.0	---	23.5	25.3	25.3	24.4	1008.4	0.00	0.0	0	0.00	0	0.0	0.00	0.0	0.000	0.108	25.9	87	23.6	28.7	18.83	1.1412	0.00	597	8	100.0	30
23-03-28	6:00 a	23.7	23.7	23.4	95	22.8	0.0	---	0.00	0.0	---	23.7	25.6	25.6	24.8	1008.5	0.00	0.0	5	0.22	11	0.0	0.00	0.0	0.000	0.111	25.9	88	23.7	28.7	19.41	1.1413	0.00	598	8	100.0	30
23-03-28	6:30 a	24.2	24.2	23.7	95	23.4	0.0	---	0.00	0.0	---	24.2	26.4	26.4	26.3	1008.8	0.00	0.0	17	0.73	21	0.0	0.00	0.0	0.000	0.123	26.0	89	24.0	28.9	19.95	1.1406	0.00	590	8	100.0	30
23-03-28	7:00 a	24.8	24.8	24.3	95	24.0	0.0	WNW	0.00	0.4	WNW	24.8	27.2	27.2	27.3	1009.0	0.00	0.0	24	1.03	26	0.0	0.00	0.0	0.000	0.135	26.5	90	24.7	30.1	20.45	1.1375	0.03	598	8	100.0	30
23-03-28	7:30 a	25.6	25.6	24.8	95	24.8	0.0	WNW	0.00	0.9	WNW	25.6	28.7	28.7	28.8	1009.4	0.00	0.0	30	1.29	37	0.0	0.00	0.0	0.000	0.152	27.4	90	25.7	32.4	20.34	1.1323	0.00	597	8	100.0	30
23-03-28	8:00 a	26.4	26.4	25.6	95	25.6	0.4	WNW	0.80	1.3	NNW	26.4	30.7	30.7	31.1	1009.9	0.00	0.0	48	2.06	158	0.2	0.04	1.8	0.000	0.169	28.5	88	26.3	35.1	19.02	1.1274	0.03	598	8	100.0	30
23-03-28	8:30 a	28.3	28.3	26.4	90	26.5	0.0	N	0.00	1.3	NNW	28.3	34.7	34.7	36.2	1009.9	0.00	0.0	121	5.20	580	2.1	0.45	4.0	0.000	0.207	29.5	85	26.7	37.1	17.64	1.1228	0.00	599	8	100.0	30
23-03-28	9:00 a	30.1	30.6	28.3	84	27.1	0.4	SW	0.80	1.8	SSW	30.1	38.4	38.4	44.8	1010.4	0.00	0.0	579	24.90	761	4.2	0.90	5.4	0.000	0.244	30.3	83	27.1	39.0	16.79	1.1196	0.25	593	8	100.0	30
23-03-28	9:30 a	29.7	30.1	28.9	85	26.9	0.0	ESE	0.00	1.8	WSW	29.7	37.5	37.5	40.6	1010.4	0.00	0.0	253	10.88	888	4.1	0.88	7.2	0.000	0.236	30.3	82	26.9	38.7	16.49	1.1201	0.00	586	8	100.0	30
23-03-28	10:00 a	31.7	31.7	29.5	82	28.2	0.4	SSW	0.80	1.8	SSW	31.7	43.9	43.9	49.1	1010.1	0.00	0.0	446	19.18	969	6.4	1.37	9.4	0.000	0.278	30.7	81	27.0	39.6	16.06	1.1180	0.28	588	8	100.0	30
23-03-28	10:30 a	32.2	32.2	31.2	82	28.7	0.4	SSW	0.80	3.1	ESE	32.2	46.4	46.4	52.7	1010.2	0.00	0.0	953	40.98	1005	9.9	2.12	10.6	0.000	0.288	31.5	78	27.2	41.3	14.85	1.1146	0.00	596	8	100.0	30
23-03-28	11:00 a	32.6	32.8	31.9	75	27.6	0.9	SE	1.61	2.7	SSE	32.6	44.6	44.6	50.6	1010.0	0.00	0.0	979	42.10	991	11.1	2.38	11.5	0.000	0.297	32.1	76	27.3	42.8	14.27	1.1121	0.66	598	8	100.0	30
23-03-28	11:30 a	32.6	32.8	32.2	72	26.9	0.9	SSW	1.61	1.8	SSW	32.6	43.2	43.2	49.2	1009.4	0.00	0.0	998	42.92	1004	11.7	2.51	11.9	0.000	0.297	32.4	73	27.0	43.0	13.43	1.1107	0.00	599	8	100.0	30
23-03-28	12:00 p	32.8	33.3	32.4	75	27.8	0.9	SE	1.61	2.2	SSW	32.8	45.4	45.4	51.8	1008.7	0.00	0.0	1001	43.05	1009	11.8	2.53	11.9	0.000	0.302	32.7	72	27.0	43.6	13.11	1.1089	0.69	594	8	100.0	30
23-03-28	12:30 p	32.8	33.1	32.1	71	26.8	0.9	SE	1.61	3.6	SSE	32.8	43.3	43.3	49.8	1008.2	0.00	0.0	984	42.32	997	11.4	2.44	11.7	0.000	0.301	32.9	71	27.0	43.8	12.82	1.1076	0.00	596	8	100.0	30
23-03-28	1:00 p	32.7	33.5	32.4	69	26.2	0.9	SE	1.61	2.7	ESE	32.7	42.1	42.1	48.9	1007.9	0.00	0.0	944	40.60	970	10.5	2.25	11.0	0.000	0.299	33.1	72	27.4	45.0	13.09	1.1057	0.66	596	8	100.0	30
23-03-28	1:30 p	32.9	33.4	32.6	69	26.5	0.9	SE	1.61	3.6	SSE	32.9	42.9	42.9	50.0	1007.4	0.00	0.0	885	38.06	914	9.2	1.97	9.8	0.000	0.304	33.1	70	26.8	43.7	12.52	1.1066	0.00	599	8	100.0	30
23-03-28	2:00 p	32.9	33.1	32.3	69	26.5	0.9	SE	1.61	4.0	S	32.9	42.9	42.9	50.3	1007.2	0.00	0.0	810	34.83	851	7.6	1.63	8.4	0.000	0.304	32.9	68	26.2	42.4	12.05	1.1085	0.58	596	8	100.0	30
23-03-28	2:30 p	32.1	33.1	31.8	71	26.1	0.9	SE	1.61	3.6	SSE	32.1	40.8	40.8	48.4	1006.9	0.00	0.0	725	31.18	770	6.0	1.29	6.8	0.000	0.286	32.7	69	26.2	42.1	12.33	1.1088	0.00	597	8	100.0	30
23-03-28	3:00 p	32.2	33.0	32.0	73	26.7	0.9	S	1.61	3.6	ESE	32.2	42.0	42.0	49.8	1006.6	0.00	0.0	620	26.66	677	4.4	0.94	5.1	0.000	0.288	32.3	71	26.3	41.6	12.85	1.1096	0.48	597	8	100.0	30
23-03-28	3:30 p	31.6	32.4	31.6	70	25.4	0.9	SSE	1.61	3.6	SSE	31.6	38.7	38.7	46.2	1006.7	0.00	0.0	495	21.29	557	2.9	0.62	3.6	0.000	0.275	31.9	73	26.5	41.2	13.46	1.1106	0.00	594	8	100.0	30
23-03-28	4:00 p	30.8	31.5	30.8	76	26.1	0.4	NE	0.80	3.1	ESE	30.8	38.4	38.4	44.8	1006.8	0.00	0.0	345	14.84	418	1.7	0.36	2.2	0.000	0.260	31.7	74	26.5	40.5	13.77	1.1119	0.30	597	8	100.0	30
23-03-28	4:30 p	30.1	30.8	30.1	76	25.4	0.4	SSE	0.80	2.2	SSE	30.1	36.4	36.4	37.8	1006.7	0.00	0.0	66	2.84	251	0.4	0.09	1.1	0.000	0.244	31.1	76	26.4	38.9	14.37	1.1140	0.00	597	8	100.0	30
23-03-28	5:00 p	29.2	30.1	29.2	82	25.8	0.4	ESE	0.80	2.2	SSE	29.2	35.8	35.8	35.7	1007.0	0.00	0.0	38	1.63	47	0.0	0.00	0.0	0.000	0.227	30.7	76	25.9	38.1	14.42	1.1169	0.05	598	8	100.0	30
23-03-28	5:30 p	28.2	29.2	28.2	86	25.7	0.0	ESE	0.00	1.3	ESE	28.2	33.8	33.8	33.5	1007.4	0.00	0.0	22	0.95	33	0.0	0.00	0.0	0.000	0.206	30.4	79	26.3	38.2	15.35	1.1175	0.00	589	8	100.0	30
23-03-28	6:00 p	27.4	28.2	27.4	88	25.3	0.0	ESE	0.00	0.4	ESE	27.4	32.1	32.1	31.5	1007.8	0.00	0.0	2	0.09	9	0.0	0.00	0.0	0.000	0.190	30.2	79	26.2	37.6	15.37	1.1189	0.03	589	8	100.0	30
23-03-28	6:30 p	27.1	27.5	27.1	89	25.1	0.0	ESE	0.00	0.9	ESE	27.1	31.2	31.2	30.6	1007.9	0.00	0.0	0	0.00	0	0.0	0.00	0.0	0.000	0.182	29.9	80	26.1	37.0	15.71	1.1202	0.00	595	8	100.0	30
23-03-28	7:00 p	26.6	27.1	26.6	90	24.8	0.0	---	0.00	0.0	---	26.6	30.3	30.3	29.7	1008.3	0.00	0.0	0	0.00	0	0.0	0.00	0.0	0.000	0.172	29.7	81	26.1	36.6	16.13	1.1218	0.00	597	8	100.0	30
23-03-28	7:30 p	26.4	26.7	26.4	91	24.9	0.0	ESE	0.00	0.4	ESE	26.4	30.1	30.1	29.4	1008.7	0.00	0.0	0	0.00	0	0.0	0.00	0.0	0.000	0.169	29.4	82	26.0	36.1	16.55	1.1235	0.00	592	8	100.0	30
23-03-28	8:00 p	26.3	26.5	26.2	93	25.1	0.0	---	0.00	0.0	---	26.3	30.1	30.1	29.4	1009.0	0.00	0.0	0	0.00	0	0.0	0.00	0.0	0.000	0.167	29.1	83	25.9	35.6	16.88	1.1254	0.00	598	8	100.0	30
23-03-28	8:30 p	25.9	26.3	25.9	93	24.7	0.0	---	0.00	0.0	---	25.9	29.3	29.3	28.6	1009.2	0.00	0.0	0	0.00	0	0.0	0.00	0.0	0.000	0.159	28.8	84	25.8	35.1	17.30	1.1268	0.00	600	8	100.0	30
23-03-28	9:00 p	25.7	26.0	25.7	93	24.4	0.0	---	0.00	0.0	---	25.7	28.7	28.7	28.0	1009.4	0.00	0.0	0	0.00	0	0.0	0.00	0.0	0.000	0.153	28.6	84	25.6	34.4	17.31	1.1283	0.00	599	8	100.0	30
23-03-28	9:30 p	25.5	25.7	25.5	93	24.3	0.0	---	0.00	0.0	---	25.5	28.3	28.3	27.6	1009.5	0.00	0.0	0	0.00	0	0.0	0.00	0.0	0.000	0.149	28.3	85	25.5	33.8	17.78	1.1296	0.00	598	8	100.0	30
23-03-28	10:00 p	25.3	25.5	25.3	94	24.2	0.0	---	0.00	0.0	---	25.3	27.9	27.9	27.2	1009.4	0.00	0.0	0	0.00	0	0.0	0.00	0.0	0.000	0.145	28.1	85	25.3	33.3	17.79	1.1305	0.00	597	8	100.0	30
23-03-28	10:30 p	25.4	25.5	25.3	94	24.4	0.0	---	0.00	0.0	---	25.4	28.3	28.3	27.6	1009.5	0.00	0.0	0	0.00	0	0.0	0.00	0.0	0.000	0.148	28.1	86	25.5	33.4	18.20	1.1305	0.00	599	8	100.0	30
23-03-28	11:00 p	25.4	25.6	25.4	94	24.4	0.0	---	0.00	0.0	---	25.4	28.2	28.2	27.4	1009.2	0.00	0.0	0	0.00	0	0.0	0.00	0.0	0.000	0.147	28.0	86	25.4	33.2	18.21	1.1305	0.00	597	8	100.0	30
23-03-28	11:30 p	25.6	25.6	25.4	94	24.5	0.0	---	0.00	0.0	---	25.6	28.5	28.5	27.8	1009.2	0.00	0.0	0	0.00	0	0.0	0.00	0.0	0.000	0.150	27.9	86	25.4	33.1	18.21	1.1308	0.00	598	8	100.0	30
23-03-29	12:00 a	25.6	25.7	25.5	94	24.6	0.0	---	0.00	0.0	---	25.6	28.6	28.6	27.9	1008.8	0.00	0.0	0	0.00	0	0.0	0.00	0.0	0.000	0.152	27.9	87	25.6	33.3	18.61	1.1299	0.00	598	8	100.0	30
23-03-29	12:30 a	25.4	25.7	25.4	94	24.4	0.0	---	0.00	0.0	---	25.4	28.3	28.3	27.6	1008.5	0.00	0.0	0	0.00	0	0.0	0.00	0.0	0.000	0.148	27.9	87	25.5	33.1	18.62	1.1299	0.00	598	8	100.0	30
23-03-29	1:00 a	25.2	25.4	25.1	94	24.1	0.0	---	0.00	0.0	---	25.2	27.8	27.8	27.1	1008.0	0.00	0.0	0	0.00	0	0.0	0.00	0.0	0.000	0.142	27.7	87	25.3	32.5	18.64	1.1306	0.00	597	8	100.0	30
23-03-29	1:30 a	24.9	25.2	24.9	94	23.9	0.0	---	0.00	0.0	---	24.9	27.4	27.4	26.7	1007.8	0.00	0.0	0	0.00	0	0.0	0.00	0.0	0.000	0.138	27.4	87	25.1	31.9	18.67	1.1318	0.00	600	8	100.0	30
23-03-29	2:00 a	24.8	25.1	24.7	95	23.9	0.0	---	0.00	0.0	---	24.8	27.2	27.2	26.4	1007.7	0.00	0.0	0	0.00	0	0.0	0.00	0.0	0.000	0.134	27.2	87	24.9	31.3	18.69	1.1329	0.00	600	8	100.0	30
23-03-29	2:30 a	24.7	24.8	24.7	95	23.8	0.0	---	0.00	0.0	---	24.7	27.0	27.0	26.3	1007.6	0.00	0.0	0	0.00	0	0.0	0.00	0.0	0.000	0.132	27.1	87	24.8	31.1	18.70	1.1335	0.00	597	8	100.0	30
23-03-29	3:00 a	24.6	24.7	24.6	95	23.7	0.0	---	0.00	0.0	---	24.6	26.8	26.8	26.1	1007.3	0.00	0.0	0	0.00	0	0.0	0.00	0.0	0.000	0.130	26.9	87	24.6	30.7	18.72	1.1341	0.00	599	8	100.0	30
23-03-29	3:30 a	24.4	24.6	24.3	95	23.6	0.0	---	0.00	0.0	---	24.4	26.7	26.7	25.9	1007.3	0.00	0.0	0	0.00	0	0.0	0.00	0.0	0.000	0.127	26.8	87	24.5	30.4	18.73	1.1347	0.00	599	8	100.0	30
23-03-29	4:00 a	24.2	24.4	24.1	95	23.4	0.0	---	0.00	0.0	---	24.2	26.4	26.4	25.7	1007.0	0.00	0.0	0	0.00	0	0.0	0.00	0.0	0.000	0.123	26.4	88	24.3	29.7	19.37	1.1363	0.00	598	8	100.0	30
23-03-29	4:30 a	24.1	24.2	24.1	95	23.3	0.0	---	0.00	0.0	---	24.1	26.2	26.2	25.4	1007.0	0.00	0.0	0	0.00	0	0.0	0.00	0.0	0.000	0.120	26.5	87	24.2	29.7	18.77	1.1364	0.00	599	8	100.0	30
23-03-29	5:00 a	24.0	24.2	23.9	95	23.1	0.0	---	0.00	0.0	---	24.0	26.1	26.1	25.3	1007.5	0.00	0.0	0	0.00	0	0.0	0.00	0.0	0.000	0.118	26.4	87	24.0	29.5	18.78	1.1376	0.00	600	8	100.0	30
23-03-29	5:30 a	23.9	24.0	23.8	95	23.0	0.0	---	0.00	0.0	---	23.9	25.9	25.9	25.2	1007.6	0.00	0.0	0	0.00	0	0.0	0.00	0.0	0.000	0.116	26.4	87	24.0	29.5	18.78	1.1377	0.00	598	8	100.0	30
23-03-29	6:00 a	24.1	24.1	23.9	95	23.3	0.0	---	0.00	0.0	---	24.1	26.2	26.2	25.6	1008.1	0.00	0.0	8	0.34	18	0.0	0.00	0.0	0.000	0.120	26.4	88	24.3	29.7	19.37	1.1376	0.00	598	8	100.0	30
23-03-29	6:30 a	24.7	24.7	24.1	95	23.8	0.0	---	0.00	0.0	---	24.7	27.0	27.0	27.2	1008.5	0.00	0.0	24	1.03	28	0.0	0.00	0.0	0.000	0.132	26.6	89	24.6	30.1	19.95	1.1370	0.00	599	8	100.0	30
23-03-29	7:00 a	25.1	25.1	24.6	95	24.2	0.0	---	0.00	0.0	---	25.1	27.6	27.6	27.9	1008.7	0.00	0.0	33	1.42	39	0.0	0.00	0.0	0.000	0.140	26.9	90	25.2	31.1	20.41	1.1345	0.03	591	8	100.0	30
23-03-29	7:30 a	25.9	25.9	25.1	95	25.1	0.0	ESE	0.00	0.4	ESE	25.9	29.5	29.5	29.9	1009.1	0.00	0.0	42	1.81	49	0.0	0.00	0.0	0.000	0.159	27.8	90	26.0	33.4	20.29	1.1300	0.00	597	8	100.0	30
23-03-29	8:00 a	26.6	26.7	26.0	95	25.7	0.0	ESE	0.00	0.9	ESE	26.6	31.1	31.1	31.9	1009.4	0.00	0.0	72	3.10	209	0.5	0.11	1.9	0.000	0.172	28.6	89	26.6	35.4	19.61	1.1260	0.03	596	8	100.0	30
23-03-29	8:30 a	27.1	27.2	26.5	95	26.2	0.4	ESE	0.80	0.9	ESE	27.1	32.2	32.2	36.2	1009.3	0.00	0.0	298	12.82	598	2.7	0.58	4.0	0.000	0.182	29.2	88	27.0	37.1	18.89	1.1224	0.00	595	8	100.0	30
23-03-29	9:00 a	29.9	29.9	27.1	84	26.9	0.4	S	0.80	1.8	SSE	29.9	38.0	38.0	44.7	1009.5	0.00	0.0	629	27.05	714	4.6	0.99	5.9	0.000	0.242	29.9	83	26.7	37.8	16.81	1.1205	0.28	595	8	100.0	30
23-03-29	9:30 a	31.8	32.1	29.9	77	27.3	0.4	SW	0.80	1.8	SSE	31.8	42.3	42.3	49.4	1009.5	0.00	0.0	758	32.60	798	6.8	1.46	7.7	0.000	0.281	30.8	78	26.5	38.8	14.96	1.1180	0.00	597	8	100.0	30
23-03-29	10:00 a	32.4	32.4	31.4	78	28.1	0.9	S	1.61	3.1	W	32.4	45.3	45.3	52.5	1009.2	0.00	0.0	843	36.25	891	8.5	1.82	9.2	0.000	0.294	31.5	78	27.2	41.3	14.85	1.1135	0.53	600	8	100.0	30
23-03-29	10:30 a	32.5	32.8	31.8	79	28.4	0.9	SSE	1.61	3.1	S	32.5	46.1	46.1	52.9	1009.3	0.00	0.0	929	39.95	1055	9.9	2.12	10.7	0.000	0.295	32.1	78	27.7	43.6	14.77	1.1102	0.00	597	8	100.0	30
23-03-29	11:00 a	32.7	32.8	31.8	75	27.7	0.9	SSW	1.61	2.7	SW	32.7	44.8	44.8	50.8	1008.9	0.00	0.0	982	42.23	1162	11.1	2.38	11.8	0.000	0.299	32.4	76	27.7	44.4	14.25	1.1085	0.66	599	8	100.0	30
23-03-29	11:30 a	33.0	33.6	32.1	71	27.0	0.9	SSW	1.61	3.1	NW	33.0	44.1	44.1	50.3	1008.5	0.00	0.0	1032	44.38	1169	11.9	2.55	12.9	0.000	0.306	32.8	73	27.3	44.2	13.41	1.1077	0.00	599	8	100.0	30
23-03-29	12:00 p	32.5	33.2	31.7	73	27.0	0.9	SSW	1.61	4.0	S	32.5	43.2	43.2	49.8	1008.2	0.00	0.0	1043	44.85	1229	11.1	2.38	13.2	0.000	0.295	33.0	72	27.3	44.6	13.09	1.1067	0.66	597	8	100.0	30
23-03-29	12:30 p	31.8	32.8	31.1	77	27.2	0.9	S	1.61	3.1	SE	31.8	42.1	42.1	48.4	1007.8	0.00	0.0	590	25.37	1192	8.4	1.80	12.6	0.000	0.280	32.9	72	27.2	44.4	13.10	1.1065	0.00	597	8	100.0	30
23-03-29	1:00 p	32.3	32.7	31.2	75	27.3	0.9	SSW	1.61	3.1	S	32.3	43.4	43.4	49.9	1007.5	0.00	0.0	614	26.41	1211	8.6	1.84	11.9	0.000	0.292	32.8	72	27.1	43.8	13.11	1.1071	0.48	596	8	100.0	30
23-03-29	1:30 p	32.0	33.1	31.8	76	27.2	0.9	S	1.61	3.1	S	32.0	42.6	42.6	49.3	1006.9	0.00	0.0	800	34.40	1181	8.3	1.78	10.6	0.000	0.285	33.0	73	27.5	45.1	13.39	1.1047	0.00	596	8	100.0	30
23-03-29	2:00 p	31.1	32.0	30.2	77	26.5	0.9	SSW	1.61	3.1	SSW	31.1	39.1	39.1	42.6	1006.5	0.00	0.0	266	11.44	882	4.2	0.90	8.3	0.000	0.265	32.6	73	27.1	43.4	13.43	1.1068	0.41	598	8	100.0	30
23-03-29	2:30 p	30.7	31.3	30.1	79	26.6	0.9	SW	1.61	2.2	S	30.7	38.9	38.9	42.1	1006.2	0.00	0.0	229	9.85	895	2.5	0.54	5.4	0.000	0.257	32.2	75	27.2	43.0	14.05	1.1073	0.00	595	8	100.0	30
23-03-29	3:00 p	29.4	30.7	29.4	83	26.3	0.4	SW	0.80	2.2	SW	29.4	36.4	36.4	38.6	1005.9	0.00	0.0	143	6.15	202	1.6	0.34	2.0	0.000	0.231	31.9	75	26.9	41.7	14.07	1.1089	0.15	599	8	100.0	30
23-03-29	3:30 p	29.5	29.5	29.1	83	26.3	0.4	WSW	0.80	1.8	WSW	29.5	36.6	36.6	38.7	1005.9	0.00	0.0	122	5.25	163	1.1	0.24	1.5	0.000	0.233	31.6	77	27.0	41.2	14.62	1.1099	0.00	597	8	100.0	30
23-03-29	4:00 p	29.3	30.2	29.3	82	25.9	0.4	SSW	0.80	2.2	SSE	29.3	36.0	36.0	38.9	1006.2	0.00	0.0	144	6.19	295	1.0	0.21	1.6	0.000	0.229	31.3	76	26.5	39.6	14.35	1.1123	0.10	597	8	100.0	30
23-03-29	4:30 p	28.3	29.3	28.3	87	26.0	0.0	SW	0.00	1.3	SW	28.3	34.3	34.3	34.7	1006.3	0.00	0.0	25	1.08	67	0.0	0.00	0.7	0.000	0.208	30.9	77	26.4	38.9	14.69	1.1140	0.00	597	8	100.0	30
23-03-29	5:00 p	28.1	28.4	28.1	87	25.7	0.0	W	0.00	1.8	E	28.1	33.7	33.7	33.4	1006.7	0.00	0.0	21	0.90	26	0.0	0.00	0.0	0.000	0.204	30.7	78	26.4	38.6	14.97	1.1156	0.03	599	8	100.0	30
23-03-29	5:30 p	27.6	28.3	27.6	88	25.4	0.0	SSE	0.00	1.8	ESE	27.6	32.4	32.4	31.9	1006.8	0.00	0.0	10	0.43	18	0.0	0.00	0.0	0.000	0.192	30.3	79	26.3	37.9	15.35	1.1172	0.00	598	8	100.0	30
23-03-29	6:00 p	26.9	27.6	26.9	90	25.2	0.0	SSE	0.00	0.4	SSE	26.9	31.1	31.1	30.6	1007.2	0.00	0.0	4	0.17	12	0.0	0.00	0.0	0.000	0.179	30.1	80	26.2	37.3	15.71	1.1187	0.00	597	8	100.0	30
23-03-29	6:30 p	26.8	27.1	26.8	91	25.2	0.0	SSE	0.00	0.4	SSE	26.8	30.8	30.8	30.3	1007.3	0.00	0.0	0	0.00	0	0.0	0.00	0.0	0.000	0.176	29.8	81	26.2	36.8	16.13	1.1200	0.00	596	8	100.0	30
23-03-29	7:00 p	26.6	26.8	26.6	92	25.1	0.0	SSE	0.00	0.4	SSE	26.6	30.5	30.5	29.9	1007.8	0.00	0.0	0	0.00	0	0.0	0.00	0.0	0.000	0.171	29.5	82	26.1	36.4	16.55	1.1218	0.00	599	8	100.0	30
23-03-29	7:30 p	26.4	26.6	26.4	92	25.0	0.0	SSE	0.00	0.4	SSE	26.4	30.2	30.2	29.7	1008.0	0.00	0.0	0	0.00	0	0.0	0.00	0.0	0.000	0.169	29.4	83	26.2	36.3	16.85	1.1222	0.00	595	8	100.0	30
23-03-29	8:00 p	26.5	26.5	26.3	93	25.3	0.0	---	0.00	0.0	---	26.5	30.5	30.5	29.9	1008.3	0.00	0.0	0	0.00	0	0.0	0.00	0.0	0.000	0.170	29.3	84	26.3	36.3	17.26	1.1228	0.00	598	8	100.0	30
23-03-29	8:30 p	26.4	26.6	26.4	93	25.2	0.0	---	0.00	0.0	---	26.4	30.3	30.3	29.7	1008.5	0.00	0.0	0	0.00	0	0.0	0.00	0.0	0.000	0.168	29.1	84	26.1	35.9	17.27	1.1239	0.00	598	8	100.0	30
23-03-29	9:00 p	26.3	26.4	26.3	93	25.1	0.0	SSE	0.00	0.4	SSE	26.3	30.1	30.1	29.6	1008.8	0.00	0.0	0	0.00	0	0.0	0.00	0.0	0.000	0.167	28.7	86	26.1	35.3	18.13	1.1257	0.00	600	8	100.0	30
23-03-29	9:30 p	26.4	26.4	26.3	94	25.4	0.0	---	0.00	0.0	---	26.4	30.5	30.5	29.9	1008.9	0.00	0.0	0	0.00	0	0.0	0.00	0.0	0.000	0.169	28.4	87	26.0	34.5	18.56	1.1274	0.00	598	8	100.0	30
23-03-29	10:00 p	26.3	26.4	26.2	94	25.2	0.0	---	0.00	0.0	---	26.3	30.2	30.2	29.6	1009.2	0.00	0.0	0	0.00	0	0.0	0.00	0.0	0.000	0.166	28.2	87	25.9	34.0	18.58	1.1288	0.00	598	8	100.0	30
23-03-29	10:30 p	26.2	26.3	26.2	94	25.1	0.0	SSE	0.00	0.4	SSE	26.2	29.9	29.9	29.3	1009.0	0.00	0.0	0	0.00	0	0.0	0.00	0.0	0.000	0.163	28.0	88	25.8	33.6	19.11	1.1294	0.00	593	8	100.0	30
23-03-29	11:00 p	26.0	26.2	25.9	94	25.0	0.0	SSE	0.00	0.4	SSE	26.0	29.5	29.5	28.9	1008.8	0.00	0.0	0	0.00	0	0.0	0.00	0.0	0.000	0.160	27.8	88	25.7	33.2	19.14	1.1301	0.00	595	8	100.0	30
23-03-29	11:30 p	25.7	26.0	25.7	94	24.7	0.0	SSE	0.00	0.4	SSE	25.7	28.9	28.9	28.3	1008.4	0.00	0.0	0	0.00	0	0.0	0.00	0.0	0.000	0.154	27.6	89	25.6	32.7	19.78	1.1306	0.00	591	8	100.0	30
23-03-30	12:00 a	25.4	25.7	25.4	94	24.4	0.0	---	0.00	0.0	---	25.4	28.3	28.3	27.7	1008.1	0.00	0.0	0	0.00	0	0.0	0.00	0.0	0.000	0.148	27.3	89	25.4	31.9	19.83	1.1319	0.00	600	8	100.0	30
23-03-30	12:30 a	25.3	25.4	25.2	94	24.2	0.0	---	0.00	0.0	---	25.3	27.9	27.9	27.3	1007.7	0.00	0.0	0	0.00	0	0.0	0.00	0.0	0.000	0.145	27.1	89	25.1	31.2	19.88	1.1331	0.00	597	8	100.0	30
23-03-30	1:00 a	25.1	25.3	25.0	94	24.0	0.0	SSE	0.00	0.4	SSE	25.1	27.6	27.6	26.9	1007.5	0.00	0.0	0	0.00	0	0.0	0.00	0.0	0.000	0.140	26.9	89	24.9	30.8	19.91	1.1338	0.00	600	8	100.0	30
23-03-30	1:30 a	24.7	25.1	24.7	95	23.9	0.0	---	0.00	0.0	---	24.7	27.1	27.1	26.4	1007.3	0.00	0.0	0	0.00	0	0.0	0.00	0.0	0.000	0.133	26.7	89	24.7	30.3	19.95	1.1349	0.00	597	8	100.0	30
23-03-30	2:00 a	24.8	24.8	24.7	95	23.9	0.0	---	0.00	0.0	---	24.8	27.2	27.2	26.6	1007.0	0.00	0.0	0	0.00	0	0.0	0.00	0.0	0.000	0.134	26.5	90	24.7	30.1	20.45	1.1352	0.00	598	8	100.0	30
23-03-30	2:30 a	24.6	24.8	24.6	95	23.8	0.0	---	0.00	0.0	---	24.6	26.9	26.9	26.3	1006.9	0.00	0.0	0	0.00	0	0.0	0.00	0.0	0.000	0.131	26.6	89	24.6	30.1	19.95	1.1352	0.00	598	8	100.0	30
23-03-30	3:00 a	24.4	24.7	24.4	95	23.5	0.0	---	0.00	0.0	---	24.4	26.6	26.6	25.9	1007.0	0.00	0.0	0	0.00	0	0.0	0.00	0.0	0.000	0.126	26.7	88	24.6	30.3	19.34	1.1346	0.00	599	8	100.0	30
23-03-30	3:30 a	24.4	24.6	24.4	95	23.6	0.0	---	0.00	0.0	---	24.4	26.7	26.7	26.0	1007.1	0.00	0.0	0	0.00	0	0.0	0.00	0.0	0.000	0.127	26.6	88	24.4	29.9	19.36	1.1357	0.00	598	8	100.0	30
23-03-30	4:00 a	24.3	24.5	24.2	95	23.4	0.0	---	0.00	0.0	---	24.3	26.4	26.4	25.8	1007.1	0.00	0.0	0	0.00	0	0.0	0.00	0.0	0.000	0.124	26.1	89	24.2	29.2	19.95	1.1380	0.00	597	8	100.0	30
23-03-30	4:30 a	24.3	24.4	24.2	95	23.4	0.0	SSE	0.00	0.4	SSE	24.3	26.4	26.4	25.8	1007.6	0.00	0.0	0	0.00	0	0.0	0.00	0.0	0.000	0.124	25.9	90	24.1	28.8	20.45	1.1394	0.00	595	8	100.0	30
23-03-30	5:00 a	24.4	24.4	24.3	95	23.6	0.0	---	0.00	0.0	---	24.4	26.7	26.7	26.0	1007.6	0.00	0.0	0	0.00	0	0.0	0.00	0.0	0.000	0.127	25.8	91	24.3	28.8	21.02	1.1394	0.00	597	8	100.0	30
23-03-30	5:30 a	24.4	24.4	24.3	95	23.5	0.0	SSE	0.00	0.4	SSE	24.4	26.6	26.6	25.9	1008.0	0.00	0.0	1	0.04	5	0.0	0.00	0.0	0.000	0.126	25.8	91	24.2	28.7	21.02	1.1402	0.00	597	8	100.0	30
23-03-30	6:00 a	24.8	24.8	24.3	95	23.9	0.0	---	0.00	0.0	---	24.8	27.2	27.2	26.8	1008.1	0.00	0.0	23	0.99	33	0.0	0.00	0.0	0.000	0.134	25.9	92	24.5	29.1	21.12	1.1393	0.00	599	8	100.0	30
23-03-30	6:30 a	25.3	25.3	24.7	95	24.4	0.0	SSE	0.00	0.4	SSE	25.3	28.0	28.0	28.6	1008.4	0.00	0.0	39	1.68	53	0.0	0.00	0.0	0.000	0.145	26.2	92	24.8	29.7	21.13	1.1379	0.00	597	8	100.0	30
23-03-30	7:00 a	25.7	25.7	25.3	95	24.8	0.0	---	0.00	0.0	---	25.7	28.8	28.8	29.7	1008.5	0.00	0.0	59	2.54	62	0.1	0.02	0.5	0.000	0.153	26.4	92	25.0	30.1	21.14	1.1368	0.03	598	8	100.0	30
23-03-30	7:30 a	25.9	25.9	25.6	95	25.0	0.0	---	0.00	0.0	---	25.9	29.3	29.3	29.9	1008.9	0.00	0.0	54	2.32	63	0.3	0.06	0.9	0.000	0.157	27.1	94	26.0	32.0	21.36	1.1325	0.00	596	8	100.0	30
23-03-30	8:00 a	26.6	26.6	25.9	95	25.7	0.0	SSE	0.00	0.4	SSE	26.6	30.9	30.9	31.4	1009.3	0.00	0.0	56	2.41	130	0.4	0.09	1.7	0.000	0.171	28.5	91	26.9	35.7	20.79	1.1254	0.03	597	8	100.0	30
23-03-30	8:30 a	29.1	29.1	26.4	88	26.9	0.4	SSE	0.80	1.8	S	29.1	36.7	36.7	41.4	1009.6	0.00	0.0	364	15.65	724	2.9	0.62	4.7	0.000	0.223	29.2	85	26.4	36.4	17.67	1.1241	0.00	599	8	100.0	30
23-03-30	9:00 a	30.4	30.8	29.1	84	27.4	0.4	SSW	0.80	1.8	SSW	30.4	39.7	39.7	46.6	1009.6	0.00	0.0	660	28.38	763	4.8	1.03	5.3	0.000	0.251	30.1	82	26.7	38.1	16.50	1.1202	0.33	596	8	100.0	30
23-03-30	9:30 a	29.9	30.4	29.7	85	27.1	0.4	WSW	0.80	1.3	SSW	29.9	38.1	38.1	42.9	1009.6	0.00	0.0	403	17.33	483	4.2	0.90	4.8	0.000	0.241	30.3	81	26.7	38.6	16.09	1.1194	0.00	587	8	100.0	30
23-03-30	10:00 a	32.3	32.3	29.8	76	27.5	0.4	SSW	0.80	1.3	SSW	32.3	43.7	43.7	50.8	1009.4	0.00	0.0	760	32.68	962	7.4	1.59	9.1	0.000	0.291	30.8	81	27.2	40.0	16.05	1.1161	0.38	588	8	100.0	30
23-03-30	10:30 a	31.0	32.5	30.9	81	27.4	0.9	SW	1.61	2.7	S	31.0	40.4	40.4	47.3	1009.3	0.00	0.0	676	29.07	893	7.3	1.56	8.6	0.000	0.264	31.4	79	27.3	41.2	15.24	1.1137	0.00	595	8	100.0	30
23-03-30	11:00 a	31.0	31.3	30.8	81	27.4	0.9	SE	1.61	2.7	ESE	31.0	40.4	40.4	47.0	1009.1	0.00	0.0	623	26.79	714	7.4	1.59	8.3	0.000	0.264	31.4	79	27.3	41.2	15.24	1.1135	0.46	594	8	100.0	30
23-03-30	11:30 a	31.3	31.7	31.0	81	27.6	0.9	S	1.61	2.7	S	31.3	41.5	41.5	48.6	1008.8	0.00	0.0	718	30.88	789	8.5	1.82	9.2	0.000	0.270	31.6	77	27.1	41.4	14.62	1.1128	0.00	598	8	100.0	30
23-03-30	12:00 p	32.1	32.6	31.2	72	26.4	0.4	SE	0.80	3.6	ESE	32.1	41.4	41.4	48.7	1008.3	0.00	0.0	830	35.69	921	9.6	2.06	10.4	0.000	0.287	31.9	77	27.4	42.6	14.59	1.1107	0.53	597	8	100.0	30
23-03-30	12:30 p	31.4	32.4	31.3	76	26.6	0.9	SSE	1.61	2.7	ESE	31.4	40.1	40.1	46.9	1008.1	0.00	0.0	693	29.80	810	8.2	1.76	9.0	0.000	0.272	32.2	76	27.5	43.4	14.25	1.1089	0.00	586	8	100.0	30
23-03-30	1:00 p	31.8	31.8	30.6	80	27.9	0.9	SSE	1.61	3.1	SSE	31.8	43.3	43.3	50.0	1007.6	0.00	0.0	631	27.14	756	7.4	1.59	8.4	0.000	0.280	32.1	76	27.3	42.8	14.27	1.1094	0.46	594	8	100.0	30
23-03-30	1:30 p	32.0	32.8	31.6	74	26.8	0.9	NW	1.61	3.1	ESE	32.0	41.8	41.8	48.6	1007.4	0.00	0.0	794	34.15	916	8.1	1.74	8.6	0.000	0.285	32.1	74	26.9	42.2	13.75	1.1098	0.00	595	8	100.0	30
23-03-30	2:00 p	32.1	32.2	31.4	71	26.1	0.9	SE	1.61	3.1	SE	32.1	40.8	40.8	47.7	1007.1	0.00	0.0	672	28.90	847	6.5	1.39	7.5	0.000	0.286	31.7	75	26.7	40.8	14.09	1.1116	0.51	598	8	100.0	30
23-03-30	2:30 p	30.8	32.6	30.8	74	25.7	0.9	ESE	1.61	3.6	SE	30.8	37.8	37.8	44.6	1007.0	0.00	0.0	599	25.76	863	5.2	1.11	7.1	0.000	0.260	31.4	75	26.5	39.9	14.11	1.1129	0.00	598	8	100.0	30
23-03-30	3:00 p	31.2	31.8	30.8	75	26.3	0.4	SE	0.80	2.2	SE	31.2	39.0	39.0	45.6	1006.8	0.00	0.0	495	21.29	675	3.7	0.79	4.7	0.000	0.269	30.9	76	26.2	38.6	14.39	1.1151	0.38	599	8	100.0	30
23-03-30	3:30 p	31.3	31.6	30.7	75	26.3	0.9	S	1.61	2.7	SSE	31.3	39.2	39.2	46.3	1006.5	0.00	0.0	469	20.17	573	2.8	0.60	3.4	0.000	0.270	30.7	76	25.9	38.1	14.42	1.1164	0.00	599	8	100.0	30
23-03-30	4:00 p	30.6	31.3	30.6	78	26.3	0.4	ESE	0.80	1.8	SSE	30.6	38.5	38.5	44.6	1006.5	0.00	0.0	327	14.06	429	1.6	0.34	2.2	0.000	0.256	30.4	79	26.4	38.3	15.34	1.1162	0.28	599	8	100.0	30
23-03-30	4:30 p	29.3	30.6	29.3	81	25.7	0.4	SSE	0.80	2.2	SW	29.3	35.7	35.7	37.4	1006.7	0.00	0.0	82	3.53	227	0.5	0.11	1.0	0.000	0.228	30.2	77	25.7	37.0	14.77	1.1190	0.00	600	8	100.0	30
23-03-30	5:00 p	28.6	29.3	28.6	83	25.4	0.4	S	0.80	2.2	WSW	28.6	34.3	34.3	34.3	1006.8	0.00	0.0	53	2.28	91	0.0	0.00	0.0	0.000	0.213	29.9	77	25.5	36.4	14.80	1.1204	0.05	599	8	100.0	30
23-03-30	5:30 p	27.5	28.6	27.5	86	24.9	0.0	SW	0.00	0.9	SW	27.5	31.9	31.9	31.5	1007.1	0.00	0.0	23	0.99	39	0.0	0.00	0.0	0.000	0.191	29.7	80	25.8	36.3	15.73	1.1210	0.00	599	8	100.0	30
23-03-30	6:00 p	26.8	27.5	26.8	88	24.7	0.0	SW	0.00	0.4	SW	26.8	30.6	30.6	29.9	1007.4	0.00	0.0	2	0.09	5	0.0	0.00	0.0	0.000	0.177	29.0	82	25.6	35.3	16.57	1.1242	0.00	596	8	100.0	30
23-03-30	6:30 p	26.0	26.8	26.0	90	24.2	0.0	SW	0.00	0.4	SW	26.0	29.1	29.1	28.3	1007.6	0.00	0.0	0	0.00	0	0.0	0.00	0.0	0.000	0.160	28.2	83	25.1	33.3	16.94	1.1287	0.00	598	8	100.0	30
23-03-30	7:00 p	25.4	26.0	25.4	91	23.9	0.0	---	0.00	0.0	---	25.4	28.1	28.1	27.3	1008.0	0.00	0.0	0	0.00	0	0.0	0.00	0.0	0.000	0.148	27.7	85	24.9	32.2	17.84	1.1315	0.00	598	8	100.0	30
23-03-30	7:30 p	25.1	25.4	25.1	92	23.7	0.0	---	0.00	0.0	---	25.1	27.4	27.4	26.7	1008.3	0.00	0.0	0	0.00	0	0.0	0.00	0.0	0.000	0.140	27.5	85	24.8	31.7	17.86	1.1328	0.00	600	8	100.0	30
23-03-30	8:00 p	25.2	25.3	25.0	93	24.0	0.0	---	0.00	0.0	---	25.2	27.7	27.7	27.0	1009.0	0.00	0.0	0	0.00	0	0.0	0.00	0.0	0.000	0.142	27.4	86	24.9	31.7	18.27	1.1335	0.00	598	8	100.0	30
23-03-30	8:30 p	25.1	25.3	25.0	93	23.8	0.0	SW	0.00	0.9	SW	25.1	27.5	27.5	26.7	1009.0	0.00	0.0	0	0.00	0	0.0	0.00	0.0	0.000	0.140	27.1	87	24.7	30.9	18.71	1.1354	0.00	599	8	100.0	30
23-03-30	9:00 p	24.9	25.2	24.9	93	23.7	0.0	---	0.00	0.0	---	24.9	27.3	27.3	26.6	1009.1	0.00	0.0	0	0.00	0	0.0	0.00	0.0	0.000	0.138	27.2	87	24.9	31.3	18.69	1.1345	0.00	598	8	100.0	30
23-03-30	9:30 p	24.9	25.0	24.8	93	23.7	0.0	---	0.00	0.0	---	24.9	27.2	27.2	26.4	1009.2	0.00	0.0	0	0.00	0	0.0	0.00	0.0	0.000	0.137	26.7	88	24.6	30.3	19.34	1.1372	0.00	600	8	100.0	30
23-03-30	10:00 p	24.9	24.9	24.8	94	23.9	0.0	---	0.00	0.0	---	24.9	27.3	27.3	26.5	1009.5	0.00	0.0	0	0.00	0	0.0	0.00	0.0	0.000	0.137	26.8	88	24.6	30.4	19.33	1.1373	0.00	599	8	100.0	30
23-03-30	10:30 p	24.8	24.9	24.8	94	23.7	0.0	---	0.00	0.0	---	24.8	27.1	27.1	26.3	1009.4	0.00	0.0	0	0.00	0	0.0	0.00	0.0	0.000	0.134	26.4	89	24.5	29.8	19.95	1.1386	0.00	597	8	100.0	30
23-03-30	11:00 p	24.6	24.8	24.6	94	23.5	0.0	---	0.00	0.0	---	24.6	26.8	26.8	26.0	1009.3	0.00	0.0	0	0.00	0	0.0	0.00	0.0	0.000	0.130	26.6	89	24.6	30.1	19.95	1.1379	0.00	598	8	100.0	30
23-03-30	11:30 p	24.6	24.7	24.5	94	23.5	0.0	SW	0.00	0.9	SW	24.6	26.8	26.8	26.0	1009.2	0.00	0.0	0	0.00	0	0.0	0.00	0.0	0.000	0.130	26.6	89	24.6	30.2	19.95	1.1375	0.00	593	8	100.0	30
23-03-31	12:00 a	24.6	24.7	24.4	95	23.8	0.0	SW	0.00	0.4	SW	24.6	26.9	26.9	26.2	1009.0	0.00	0.0	0	0.00	0	0.0	0.00	0.0	0.000	0.131	26.6	89	24.6	30.1	19.95	1.1376	0.00	596	8	100.0	30
23-03-31	12:30 a	24.3	24.7	24.3	95	23.5	0.0	---	0.00	0.0	---	24.3	26.5	26.5	25.7	1008.8	0.00	0.0	0	0.00	0	0.0	0.00	0.0	0.000	0.125	26.4	89	24.5	29.8	19.95	1.1380	0.00	598	8	100.0	30
23-03-31	1:00 a	24.2	24.4	24.2	95	23.4	0.0	---	0.00	0.0	---	24.2	26.4	26.4	25.6	1008.5	0.00	0.0	0	0.00	0	0.0	0.00	0.0	0.000	0.123	26.3	89	24.3	29.5	19.95	1.1387	0.00	596	8	100.0	30
23-03-31	1:30 a	24.1	24.3	24.1	95	23.3	0.0	---	0.00	0.0	---	24.1	26.2	26.2	25.4	1008.3	0.00	0.0	0	0.00	0	0.0	0.00	0.0	0.000	0.120	26.1	89	24.2	29.2	19.95	1.1394	0.00	599	8	100.0	30
23-03-31	2:00 a	24.0	24.1	23.9	95	23.1	0.0	---	0.00	0.0	---	24.0	26.1	26.1	25.3	1008.1	0.00	0.0	0	0.00	0	0.0	0.00	0.0	0.000	0.118	26.0	89	24.0	28.9	19.95	1.1397	0.00	600	8	100.0	30
23-03-31	2:30 a	23.8	24.1	23.8	95	22.9	0.0	---	0.00	0.0	---	23.8	25.8	25.8	25.0	1008.0	0.00	0.0	0	0.00	0	0.0	0.00	0.0	0.000	0.113	25.9	89	23.9	28.8	19.95	1.1403	0.00	599	8	100.0	30
23-03-31	3:00 a	23.8	23.9	23.7	95	22.9	0.0	---	0.00	0.0	---	23.8	25.8	25.8	25.0	1007.9	0.00	0.0	0	0.00	0	0.0	0.00	0.0	0.000	0.113	25.8	89	23.8	28.6	19.95	1.1408	0.00	599	8	100.0	30
23-03-31	3:30 a	23.8	23.9	23.7	95	22.9	0.0	---	0.00	0.0	---	23.8	25.8	25.8	25.0	1007.9	0.00	0.0	0	0.00	0	0.0	0.00	0.0	0.000	0.113	25.7	89	23.7	28.3	19.95	1.1415	0.00	599	8	100.0	30
23-03-31	4:00 a	23.6	23.8	23.6	95	22.8	0.0	---	0.00	0.0	---	23.6	25.4	25.4	24.6	1007.9	0.00	0.0	0	0.00	0	0.0	0.00	0.0	0.000	0.110	25.6	89	23.7	28.2	19.95	1.1418	0.00	599	8	100.0	30
23-03-31	4:30 a	23.6	23.7	23.4	95	22.7	0.0	---	0.00	0.0	---	23.6	25.4	25.4	24.6	1008.3	0.00	0.0	0	0.00	0	0.0	0.00	0.0	0.000	0.109	25.6	89	23.6	28.2	19.95	1.1426	0.00	599	8	100.0	30
23-03-31	5:00 a	23.6	23.8	23.5	95	22.7	0.0	---	0.00	0.0	---	23.6	25.4	25.4	24.6	1008.7	0.00	0.0	0	0.00	0	0.0	0.00	0.0	0.000	0.109	25.4	90	23.7	28.0	20.45	1.1434	0.00	600	8	100.0	30
23-03-31	5:30 a	23.7	23.7	23.5	95	22.8	0.0	---	0.00	0.0	---	23.7	25.6	25.6	24.8	1008.9	0.00	0.0	0	0.00	0	0.0	0.00	0.0	0.000	0.111	25.4	90	23.7	28.0	20.45	1.1436	0.00	598	8	100.0	30
23-03-31	6:00 a	24.0	24.0	23.7	95	23.1	0.0	---	0.00	0.0	---	24.0	26.1	26.1	25.4	1008.9	0.00	0.0	11	0.47	25	0.0	0.00	0.0	0.000	0.118	25.6	91	24.0	28.3	21.01	1.1426	0.00	598	8	100.0	30
23-03-31	6:30 a	24.5	24.5	24.0	95	23.6	0.0	---	0.00	0.0	---	24.5	26.7	26.7	27.1	1009.0	0.00	0.0	33	1.42	40	0.0	0.00	0.0	0.000	0.128	25.9	91	24.4	29.1	21.02	1.1404	0.00	598	8	100.0	30
23-03-31	7:00 a	25.1	25.1	24.5	95	24.2	0.0	SW	0.00	0.4	SW	25.1	27.6	27.6	27.7	1009.2	0.00	0.0	24	1.03	26	0.0	0.00	0.0	0.000	0.140	26.4	92	25.0	30.2	21.14	1.1372	0.03	591	8	100.0	30
23-03-31	7:30 a	25.7	25.8	25.1	95	24.8	0.0	SW	0.00	1.3	N	25.7	28.8	28.8	29.0	1009.8	0.00	0.0	33	1.42	54	0.0	0.00	0.0	0.000	0.153	27.6	91	26.0	32.9	20.92	1.1316	0.00	592	8	100.0	30
23-03-31	8:00 a	26.6	26.6	25.7	95	25.7	0.4	N	0.80	1.3	N	26.6	30.9	30.9	31.3	1010.2	0.00	0.0	49	2.11	111	0.2	0.04	1.6	0.000	0.171	28.6	89	26.6	35.4	19.61	1.1270	0.03	598	8	100.0	30
23-03-31	8:30 a	28.7	28.7	26.6	89	26.7	0.4	ENE	0.80	1.3	SE	28.7	35.8	35.8	40.3	1010.3	0.00	0.0	346	14.88	624	2.3	0.49	4.3	0.000	0.215	29.5	81	25.9	36.1	16.15	1.1251	0.00	590	8	100.0	30
23-03-31	9:00 a	30.1	31.1	28.7	80	26.3	0.4	SE	0.80	1.8	SSW	30.1	37.5	37.5	44.2	1010.5	0.00	0.0	631	27.14	849	4.6	0.99	5.5	0.000	0.245	30.4	80	26.5	38.4	15.68	1.1206	0.30	596	8	100.0	30
23-03-31	9:30 a	31.5	31.9	29.8	78	27.2	0.9	SSW	1.61	3.1	WSW	31.5	41.3	41.3	48.3	1010.5	0.00	0.0	817	35.14	870	6.9	1.48	7.8	0.000	0.274	30.9	79	26.9	39.5	15.29	1.1177	0.00	598	8	100.0	30
23-03-31	10:00 a	31.5	32.4	31.5	74	26.3	0.4	SSW	0.80	3.1	SSW	31.5	39.8	39.8	46.6	1010.5	0.00	0.0	893	38.40	970	8.2	1.76	9.3	0.000	0.274	31.6	76	26.9	41.0	14.32	1.1153	0.56	599	8	100.0	30
23-03-31	10:30 a	31.7	31.9	30.6	75	26.7	0.4	SW	0.80	3.1	WSW	31.7	40.8	40.8	47.5	1010.4	0.00	0.0	644	27.70	1097	8.0	1.71	11.2	0.000	0.278	31.6	75	26.6	40.6	14.09	1.1157	0.00	599	8	100.0	30
23-03-31	11:00 a	32.4	32.8	31.6	76	27.6	0.9	SSW	1.61	2.2	SW	32.4	44.1	44.1	50.2	1010.3	0.00	0.0	1001	43.05	1056	11.3	2.42	11.6	0.000	0.293	32.2	73	26.7	42.0	13.45	1.1134	0.58	598	8	100.0	30
23-03-31	11:30 a	33.0	33.0	32.2	77	28.4	0.9	SSW	1.61	3.1	ESE	33.0	47.3	47.3	53.4	1009.8	0.00	0.0	1007	43.31	1013	11.9	2.55	12.0	0.000	0.306	32.6	73	27.1	43.4	13.43	1.1106	0.00	597	8	100.0	30
23-03-31	12:00 p	32.8	33.4	32.4	74	27.6	0.9	S	1.61	2.7	E	32.8	44.9	44.9	51.3	1009.4	0.00	0.0	1021	43.91	1032	12.0	2.57	12.1	0.000	0.302	32.8	73	27.4	44.4	13.41	1.1085	0.71	598	8	100.0	30
23-03-31	12:30 p	33.1	33.3	32.1	76	28.3	0.9	SW	1.61	3.6	WSW	33.1	47.1	47.1	53.9	1008.7	0.00	0.0	1018	43.78	1063	11.7	2.51	11.9	0.000	0.307	33.1	73	27.6	45.6	13.39	1.1060	0.00	599	8	100.0	30
23-03-31	1:00 p	32.2	33.3	32.1	74	26.9	0.9	SSE	1.61	2.2	SSE	32.2	42.4	42.4	49.4	1008.4	0.00	0.0	973	41.84	1144	10.8	2.31	11.9	0.000	0.288	33.0	72	27.3	44.6	13.09	1.1069	0.69	598	8	100.0	30
23-03-31	1:30 p	32.4	33.0	31.9	75	27.4	0.9	SSW	1.61	3.6	S	32.4	43.9	43.9	51.2	1008.1	0.00	0.0	911	39.18	977	9.4	2.01	10.0	0.000	0.294	33.0	71	27.0	44.1	12.82	1.1071	0.00	598	8	100.0	30
23-03-31	2:00 p	32.2	32.6	32.1	73	26.7	0.9	SSW	1.61	3.1	SSW	32.2	42.0	42.0	49.7	1007.7	0.00	0.0	850	36.55	911	7.7	1.65	8.5	0.000	0.288	32.8	72	27.1	43.9	13.11	1.1071	0.61	597	8	100.0	30
23-03-31	2:30 p	31.8	32.3	31.0	75	26.8	0.9	SSW	1.61	3.1	S	31.8	41.3	41.3	48.5	1007.4	0.00	0.0	692	29.76	896	5.4	1.16	7.0	0.000	0.280	32.6	72	26.9	43.2	13.12	1.1080	0.00	596	8	100.0	30
23-03-31	3:00 p	31.6	32.1	31.3	75	26.6	0.9	S	1.61	2.7	W	31.6	40.4	40.4	48.0	1007.0	0.00	0.0	615	26.45	721	4.4	0.94	5.4	0.000	0.275	32.3	72	26.6	42.0	13.15	1.1096	0.43	595	8	100.0	30
23-03-31	3:30 p	30.9	31.7	30.8	76	26.2	0.9	SSW	1.61	2.7	ESE	30.9	38.6	38.6	45.6	1007.2	0.00	0.0	470	20.21	540	2.9	0.62	3.6	0.000	0.263	32.1	74	26.8	41.9	13.76	1.1100	0.00	577	8	99.3	30
23-03-31	4:00 p	30.4	31.1	30.4	79	26.4	0.9	SE	1.61	2.2	SSE	30.4	38.3	38.3	44.8	1007.4	0.00	0.0	347	14.92	397	1.7	0.36	2.2	0.000	0.252	31.8	75	26.8	41.5	14.08	1.1109	0.28	578	8	99.5	30
23-03-31	4:30 p	29.3	30.4	29.3	81	25.7	0.4	SSW	0.80	2.2	S	29.3	35.8	35.8	37.6	1007.5	0.00	0.0	85	3.66	146	0.6	0.13	0.9	0.000	0.229	31.8	75	26.8	41.3	14.08	1.1114	0.00	581	8	100.0	30
23-03-31	5:00 p	29.0	29.3	29.0	83	25.8	0.4	SSE	0.80	1.8	S	29.0	35.5	35.5	35.7	1007.5	0.00	0.0	65	2.80	84	0.0	0.00	0.0	0.000	0.222	31.2	76	26.4	39.1	14.36	1.1145	0.05	593	8	100.0	30
23-03-31	5:30 p	28.5	29.1	28.5	85	25.7	0.4	SSW	0.80	1.8	S	28.5	34.4	34.4	34.2	1007.7	0.00	0.0	31	1.33	60	0.0	0.00	0.0	0.000	0.212	30.9	77	26.4	38.8	14.69	1.1158	0.00	596	8	100.0	30
23-03-31	6:00 p	27.6	28.5	27.6	89	25.6	0.0	SSE	0.00	1.3	SSE	27.6	32.7	32.7	32.1	1008.0	0.00	0.0	2	0.09	9	0.0	0.00	0.0	0.000	0.193	30.6	78	26.3	38.4	14.99	1.1177	0.03	597	8	100.0	30
23-03-31	6:30 p	27.4	27.6	27.3	90	25.6	0.0	SSE	0.00	0.4	SSE	27.4	32.3	32.3	31.6	1008.3	0.00	0.0	0	0.00	0	0.0	0.00	0.0	0.000	0.189	30.1	81	26.4	37.6	16.11	1.1195	0.00	600	8	100.0	30
23-03-31	7:00 p	27.1	27.4	27.1	91	25.5	0.0	---	0.00	0.0	---	27.1	31.7	31.7	31.0	1008.6	0.00	0.0	0	0.00	0	0.0	0.00	0.0	0.000	0.183	29.7	82	26.3	36.8	16.53	1.1217	0.00	600	8	100.0	30
23-03-31	7:30 p	26.8	27.1	26.8	92	25.4	0.0	---	0.00	0.0	---	26.8	31.2	31.2	30.5	1009.2	0.00	0.0	0	0.00	0	0.0	0.00	0.0	0.000	0.177	29.6	83	26.4	36.9	16.84	1.1223	0.00	598	8	100.0	30
23-03-31	8:00 p	26.9	26.9	26.8	92	25.5	0.0	SSE	0.00	0.4	SSE	26.9	31.4	31.4	30.8	1009.6	0.00	0.0	0	0.00	0	0.0	0.00	0.0	0.000	0.179	29.4	84	26.5	36.7	17.25	1.1232	0.00	597	8	100.0	30
23-03-31	8:30 p	26.8	26.9	26.8	92	25.4	0.0	---	0.00	0.0	---	26.8	31.2	31.2	30.5	1009.9	0.00	0.0	0	0.00	0	0.0	0.00	0.0	0.000	0.177	29.3	85	26.5	36.5	17.67	1.1241	0.00	596	8	100.0	30
23-03-31	9:00 p	26.8	26.9	26.8	93	25.6	0.0	SSE	0.00	0.4	SSE	26.8	31.3	31.3	30.6	1010.3	0.00	0.0	0	0.00	0	0.0	0.00	0.0	0.000	0.177	29.1	85	26.3	36.1	17.69	1.1255	0.00	596	8	100.0	30
23-03-31	9:30 p	26.7	26.9	26.7	93	25.5	0.0	---	0.00	0.0	---	26.7	31.0	31.0	30.3	1010.5	0.00	0.0	0	0.00	0	0.0	0.00	0.0	0.000	0.175	29.0	86	26.4	36.1	18.10	1.1260	0.00	596	8	100.0	30
23-03-31	10:00 p	26.5	26.7	26.4	94	25.5	0.0	---	0.00	0.0	---	26.5	30.7	30.7	30.0	1010.5	0.00	0.0	0	0.00	0	0.0	0.00	0.0	0.000	0.170	28.8	87	26.4	35.7	18.52	1.1269	0.00	596	8	100.0	30
23-03-31	10:30 p	26.4	26.5	26.4	94	25.3	0.0	---	0.00	0.0	---	26.4	30.4	30.4	29.7	1010.3	0.00	0.0	0	0.00	0	0.0	0.00	0.0	0.000	0.168	28.6	87	26.2	35.2	18.54	1.1277	0.00	598	8	100.0	30
23-03-31	11:00 p	26.3	26.4	26.3	94	25.2	0.0	---	0.00	0.0	---	26.3	30.2	30.2	29.5	1010.2	0.00	0.0	0	0.00	0	0.0	0.00	0.0	0.000	0.166	28.6	87	26.2	35.0	18.55	1.1279	0.00	598	8	100.0	30
23-03-31	11:30 p	26.2	26.3	26.2	94	25.2	0.0	---	0.00	0.0	---	26.2	30.0	30.0	29.3	1009.9	0.00	0.0	0	0.00	0	0.0	0.00	0.0	0.000	0.164	28.6	87	26.2	35.0	18.55	1.1275	0.00	600	8	100.0	30
23-04-01	12:00 a	26.2	26.3	26.2	94	25.1	0.0	---	0.00	0.0	---	26.2	29.9	29.9	29.2	1009.5	0.00	0.0	0	0.00	0	0.0	0.00	0.0	0.000	0.163	28.4	87	26.0	34.5	18.56	1.1281	0.00	597	8	100.0	30
23-04-01	12:30 a	25.8	26.2	25.8	94	24.8	0.0	---	0.00	0.0	---	25.8	29.1	29.1	28.4	1009.1	0.00	0.0	0	0.00	0	0.0	0.00	0.0	0.000	0.156	28.2	87	25.8	33.9	18.59	1.1290	0.00	599	8	100.0	30
23-04-01	1:00 a	26.0	26.0	25.8	95	25.1	0.0	---	0.00	0.0	---	26.0	29.6	29.6	28.9	1008.7	0.00	0.0	0	0.00	0	0.0	0.00	0.0	0.000	0.160	28.1	88	25.9	33.8	19.10	1.1288	0.00	597	8	100.0	30
23-04-01	1:30 a	25.8	26.1	25.8	95	25.0	0.0	---	0.00	0.0	---	25.8	29.2	29.2	28.5	1008.6	0.00	0.0	0	0.00	0	0.0	0.00	0.0	0.000	0.156	28.0	88	25.8	33.6	19.11	1.1289	0.00	598	8	100.0	30
23-04-01	2:00 a	25.6	25.9	25.4	95	24.7	0.0	---	0.00	0.0	---	25.6	28.6	28.6	27.8	1008.2	0.00	0.0	0	0.00	0	0.0	0.00	0.0	0.000	0.150	27.9	88	25.7	33.3	19.13	1.1292	0.00	600	8	100.0	30
23-04-01	2:30 a	25.3	25.6	25.3	95	24.4	0.0	---	0.00	0.0	---	25.3	28.0	28.0	27.3	1008.1	0.00	0.0	0	0.00	0	0.0	0.00	0.0	0.000	0.145	27.7	88	25.5	32.7	19.17	1.1304	0.00	598	8	100.0	30
23-04-01	3:00 a	25.3	25.4	25.3	95	24.4	0.0	---	0.00	0.0	---	25.3	28.0	28.0	27.3	1007.9	0.00	0.0	0	0.00	0	0.0	0.00	0.0	0.000	0.145	27.6	88	25.4	32.4	19.19	1.1307	0.00	599	8	100.0	30
23-04-01	3:30 a	25.3	25.3	25.2	95	24.5	0.0	---	0.00	0.0	---	25.3	28.1	28.1	27.4	1007.9	0.00	0.0	0	0.00	0	0.0	0.00	0.0	0.000	0.146	27.4	88	25.3	32.1	19.21	1.1314	0.00	599	8	100.0	30
23-04-01	4:00 a	25.2	25.3	25.2	95	24.3	0.0	---	0.00	0.0	---	25.2	27.8	27.8	27.1	1008.0	0.00	0.0	0	0.00	0	0.0	0.00	0.0	0.000	0.142	27.3	88	25.2	31.8	19.23	1.1322	0.00	600	8	100.0	30
23-04-01	4:30 a	25.0	25.2	24.9	95	24.1	0.0	---	0.00	0.0	---	25.0	27.5	27.5	26.8	1008.1	0.00	0.0	0	0.00	0	0.0	0.00	0.0	0.000	0.139	27.2	88	25.0	31.3	19.26	1.1333	0.00	598	8	100.0	30
23-04-01	5:00 a	24.8	25.0	24.7	95	23.9	0.0	---	0.00	0.0	---	24.8	27.2	27.2	26.4	1008.2	0.00	0.0	0	0.00	0	0.0	0.00	0.0	0.000	0.134	27.1	88	24.9	31.1	19.28	1.1340	0.00	597	8	100.0	30
23-04-01	5:30 a	24.7	24.8	24.6	95	23.9	0.0	---	0.00	0.0	---	24.7	27.1	27.1	26.3	1008.3	0.00	0.0	0	0.00	0	0.0	0.00	0.0	0.000	0.133	26.9	88	24.7	30.7	19.31	1.1352	0.00	600	8	100.0	30
23-04-01	6:00 a	24.7	24.8	24.6	95	23.9	0.0	---	0.00	0.0	---	24.7	27.1	27.1	26.4	1008.7	0.00	0.0	8	0.34	14	0.0	0.00	0.0	0.000	0.133	26.8	89	24.8	30.6	19.93	1.1359	0.00	598	8	100.0	30
23-04-01	6:30 a	25.1	25.1	24.7	95	24.2	0.0	---	0.00	0.0	---	25.1	27.6	27.6	27.7	1008.9	0.00	0.0	20	0.86	25	0.0	0.00	0.0	0.000	0.140	26.9	89	25.0	30.9	19.90	1.1352	0.00	596	8	100.0	30
23-04-01	7:00 a	25.5	25.5	25.1	95	24.6	0.0	SSE	0.00	0.4	SSE	25.5	28.4	28.4	28.7	1009.2	0.00	0.0	29	1.25	33	0.0	0.00	0.0	0.000	0.149	27.3	90	25.5	32.1	20.35	1.1327	0.03	600	8	100.0	30
23-04-01	7:30 a	26.1	26.1	25.5	95	25.2	0.0	SSE	0.00	0.9	SSE	26.1	29.8	29.8	30.1	1009.8	0.00	0.0	38	1.63	49	0.0	0.00	0.0	0.000	0.161	28.2	89	26.2	34.4	19.67	1.1285	0.00	592	8	100.0	30
23-04-01	8:00 a	27.1	27.1	26.1	95	26.2	0.0	SSE	0.00	0.9	SSE	27.1	32.2	32.2	33.6	1010.1	0.00	0.0	103	4.43	255	1.3	0.28	1.8	0.000	0.182	29.1	88	26.9	36.7	18.92	1.1242	0.05	599	8	100.0	30
23-04-01	8:30 a	27.8	27.8	27.1	95	26.9	0.4	ENE	0.80	1.3	ENE	27.8	34.4	34.4	36.9	1010.3	0.00	0.0	194	8.34	415	2.3	0.49	3.6	0.000	0.197	29.6	88	27.4	38.1	18.84	1.1214	0.00	593	8	100.0	30
23-04-01	9:00 a	30.6	30.6	27.8	81	27.0	0.4	ENE	0.80	1.3	SE	30.6	39.4	39.4	45.7	1010.2	0.00	0.0	554	23.83	795	4.3	0.92	5.9	0.000	0.256	30.2	82	26.8	38.4	16.49	1.1203	0.25	597	8	100.0	30
23-04-01	9:30 a	30.8	31.1	29.5	79	26.7	0.4	SSW	0.80	2.2	SSE	30.8	39.2	39.2	45.2	1010.2	0.00	0.0	547	23.52	905	5.6	1.20	7.8	0.000	0.259	30.6	81	27.0	39.4	16.07	1.1184	0.00	597	8	100.0	30
23-04-01	10:00 a	32.2	32.8	30.8	75	27.2	0.9	SSW	1.61	2.7	SSE	32.2	42.8	42.8	49.4	1010.2	0.00	0.0	905	38.92	939	8.7	1.86	9.3	0.000	0.288	31.5	79	27.4	41.7	15.23	1.1140	0.48	600	8	100.0	30
23-04-01	10:30 a	32.7	32.9	31.9	76	27.9	0.9	SSW	1.61	2.7	S	32.7	45.5	45.5	52.1	1010.1	0.00	0.0	949	40.81	998	10.1	2.16	10.7	0.000	0.300	32.1	78	27.8	43.8	14.77	1.1108	0.00	596	8	100.0	30
23-04-01	11:00 a	32.4	32.7	31.7	77	27.9	0.9	S	1.61	4.0	SSE	32.4	44.8	44.8	51.6	1009.8	0.00	0.0	957	41.16	1100	10.8	2.31	11.6	0.000	0.294	32.4	76	27.7	44.4	14.25	1.1095	0.66	598	8	100.0	30
23-04-01	11:30 a	32.6	33.2	32.3	74	27.3	0.9	WSW	1.61	3.1	SSW	32.6	43.9	43.9	50.0	1009.4	0.00	0.0	1018	43.78	1046	11.9	2.55	12.1	0.000	0.296	32.7	75	27.7	45.0	14.03	1.1080	0.00	598	8	100.0	30
23-04-01	12:00 p	32.2	32.8	32.2	74	27.0	0.9	S	1.61	2.7	SSW	32.2	42.6	42.6	48.9	1008.8	0.00	0.0	1021	43.91	1127	12.0	2.57	12.6	0.000	0.289	33.0	73	27.5	45.1	13.39	1.1067	0.69	597	8	100.0	30
23-04-01	12:30 p	32.3	33.1	31.9	79	28.2	0.9	SE	1.61	3.1	SSW	32.3	45.0	45.0	51.8	1008.4	0.00	0.0	1020	43.87	1197	11.4	2.44	12.7	0.000	0.291	33.1	73	27.6	45.6	13.39	1.1057	0.00	599	8	100.0	30
23-04-01	1:00 p	33.1	33.1	32.3	74	27.8	0.9	SE	1.61	3.1	SE	33.1	45.9	45.9	53.3	1008.2	0.00	0.0	1020	43.87	1139	10.8	2.31	11.8	0.000	0.307	33.2	71	27.2	44.8	12.81	1.1059	0.66	598	8	100.0	30
23-04-01	1:30 p	32.7	33.7	32.6	73	27.2	0.9	ESE	1.61	3.6	E	32.7	43.8	43.8	50.9	1007.8	0.00	0.0	893	38.40	932	9.3	1.99	10.1	0.000	0.299	33.1	70	26.9	43.9	12.52	1.1066	0.00	600	8	100.0	30
23-04-01	2:00 p	32.6	32.9	32.2	74	27.4	0.9	SE	1.61	3.1	ESE	32.6	44.1	44.1	50.9	1007.4	0.00	0.0	762	32.77	921	7.1	1.52	8.7	0.000	0.297	32.9	72	27.2	44.4	13.10	1.1061	0.56	599	8	100.0	30
23-04-01	2:30 p	31.8	33.0	31.6	75	26.8	0.9	S	1.61	3.1	ESE	31.8	41.5	41.5	48.4	1007.0	0.00	0.0	671	28.86	802	5.6	1.20	6.9	0.000	0.281	32.6	73	27.1	43.6	13.42	1.1070	0.00	599	8	100.0	30
23-04-01	3:00 p	31.6	31.9	31.3	77	27.0	0.9	SSE	1.61	3.1	S	31.6	41.2	41.2	47.8	1006.8	0.00	0.0	497	21.37	745	3.8	0.81	5.5	0.000	0.275	32.2	75	27.2	42.8	14.05	1.1084	0.41	599	8	100.0	30
23-04-01	3:30 p	31.1	31.6	30.8	79	27.0	0.9	SSW	1.61	2.7	SSW	31.1	39.8	39.8	45.8	1006.7	0.00	0.0	370	15.91	575	2.4	0.51	3.4	0.000	0.265	31.9	76	27.2	42.3	14.28	1.1090	0.00	596	8	100.0	30
23-04-01	4:00 p	30.4	31.2	30.4	81	26.8	0.4	SSE	0.80	1.8	E	30.4	38.9	38.9	44.3	1006.6	0.00	0.0	294	12.64	443	1.6	0.34	2.1	0.000	0.252	31.6	77	27.0	41.2	14.62	1.1107	0.23	597	8	100.0	30
23-04-01	4:30 p	29.7	30.6	29.7	81	26.1	0.4	S	0.80	1.8	ENE	29.7	36.6	36.6	38.6	1006.9	0.00	0.0	92	3.96	258	0.8	0.17	1.2	0.000	0.236	31.3	76	26.6	39.8	14.35	1.1128	0.00	597	8	100.0	30
23-04-01	5:00 p	29.2	29.7	29.2	85	26.4	0.4	SSE	0.80	2.2	SSE	29.2	36.3	36.3	36.4	1006.9	0.00	0.0	58	2.49	65	0.0	0.00	0.5	0.000	0.226	31.2	76	26.5	39.3	14.36	1.1135	0.05	595	8	100.0	30
23-04-01	5:30 p	28.3	29.1	28.3	86	25.8	0.0	SSE	0.00	1.3	SSE	28.3	34.1	34.1	33.8	1007.2	0.00	0.0	31	1.33	46	0.0	0.00	0.0	0.000	0.208	31.1	78	26.8	39.4	14.92	1.1138	0.00	592	8	100.0	30
23-04-01	6:00 p	27.8	28.6	27.8	89	25.8	0.0	S	0.00	0.9	SSE	27.8	33.2	33.2	32.6	1007.6	0.00	0.0	3	0.13	14	0.0	0.00	0.0	0.000	0.197	30.7	80	26.9	39.3	15.66	1.1153	0.03	590	8	100.0	30
23-04-01	6:30 p	27.5	27.8	27.5	90	25.7	0.0	S	0.00	0.4	S	27.5	32.6	32.6	31.9	1007.8	0.00	0.0	0	0.00	0	0.0	0.00	0.0	0.000	0.191	30.4	81	26.8	38.9	16.08	1.1167	0.00	590	8	100.0	30
23-04-01	7:00 p	27.2	27.6	27.2	91	25.6	0.0	---	0.00	0.0	---	27.2	31.9	31.9	31.3	1008.0	0.00	0.0	0	0.00	0	0.0	0.00	0.0	0.000	0.185	30.1	82	26.7	38.1	16.50	1.1183	0.00	592	8	100.0	30
23-04-01	7:30 p	27.0	27.2	26.9	92	25.6	0.0	---	0.00	0.0	---	27.0	31.6	31.6	30.9	1008.2	0.00	0.0	0	0.00	0	0.0	0.00	0.0	0.000	0.181	29.8	83	26.6	37.4	16.82	1.1198	0.00	587	8	100.0	30
23-04-01	8:00 p	26.7	27.0	26.7	92	25.3	0.0	---	0.00	0.0	---	26.7	30.9	30.9	30.2	1009.0	0.00	0.0	0	0.00	0	0.0	0.00	0.0	0.000	0.175	29.4	84	26.5	36.7	17.25	1.1225	0.00	589	8	100.0	30
23-04-01	8:30 p	26.8	26.9	26.7	93	25.6	0.0	---	0.00	0.0	---	26.8	31.3	31.3	30.6	1009.3	0.00	0.0	0	0.00	0	0.0	0.00	0.0	0.000	0.177	29.3	85	26.5	36.5	17.67	1.1234	0.00	588	8	100.0	30
23-04-01	9:00 p	26.7	26.8	26.6	93	25.5	0.0	---	0.00	0.0	---	26.7	31.0	31.0	30.3	1009.5	0.00	0.0	0	0.00	0	0.0	0.00	0.0	0.000	0.175	29.1	86	26.5	36.3	18.09	1.1241	0.00	589	8	100.0	30
23-04-01	9:30 p	26.5	26.8	26.5	94	25.5	0.0	---	0.00	0.0	---	26.5	30.7	30.7	30.0	1009.4	0.00	0.0	0	0.00	0	0.0	0.00	0.0	0.000	0.170	29.0	86	26.4	36.1	18.10	1.1248	0.00	587	8	100.0	30
23-04-01	10:00 p	26.3	26.5	26.3	94	25.2	0.0	---	0.00	0.0	---	26.3	30.2	30.2	29.5	1009.6	0.00	0.0	0	0.00	0	0.0	0.00	0.0	0.000	0.166	28.8	86	26.2	35.5	18.12	1.1263	0.00	590	8	100.0	30
23-04-01	10:30 p	25.9	26.3	25.9	94	24.9	0.0	---	0.00	0.0	---	25.9	29.4	29.4	28.7	1009.4	0.00	0.0	0	0.00	0	0.0	0.00	0.0	0.000	0.159	28.5	86	25.9	34.7	18.15	1.1277	0.00	596	8	100.0	30
23-04-01	11:00 p	25.8	26.0	25.8	94	24.7	0.0	---	0.00	0.0	---	25.8	29.0	29.0	28.3	1009.4	0.00	0.0	0	0.00	0	0.0	0.00	0.0	0.000	0.155	28.3	86	25.8	34.1	18.17	1.1287	0.00	598	8	100.0	30
23-04-01	11:30 p	25.8	25.9	25.8	94	24.8	0.0	---	0.00	0.0	---	25.8	29.1	29.1	28.4	1009.2	0.00	0.0	0	0.00	0	0.0	0.00	0.0	0.000	0.156	28.2	87	25.9	34.0	18.58	1.1287	0.00	600	8	100.0	30
23-04-02	12:00 a	25.8	25.8	25.7	94	24.7	0.0	---	0.00	0.0	---	25.8	29.0	29.0	28.3	1008.8	0.00	0.0	0	0.00	0	0.0	0.00	0.0	0.000	0.155	28.1	87	25.7	33.6	18.60	1.1293	0.00	599	8	100.0	30
23-04-02	12:30 a	25.7	25.8	25.7	94	24.7	0.0	---	0.00	0.0	---	25.7	28.9	28.9	28.2	1008.4	0.00	0.0	0	0.00	0	0.0	0.00	0.0	0.000	0.154	28.0	88	25.8	33.6	19.11	1.1287	0.00	596	8	100.0	30
23-04-02	1:00 a	25.4	25.7	25.4	94	24.4	0.0	---	0.00	0.0	---	25.4	28.2	28.2	27.4	1008.1	0.00	0.0	0	0.00	0	0.0	0.00	0.0	0.000	0.147	27.9	87	25.5	33.1	18.62	1.1294	0.00	599	8	100.0	30
23-04-02	1:30 a	25.2	25.4	25.2	95	24.4	0.0	---	0.00	0.0	---	25.2	27.9	27.9	27.2	1007.8	0.00	0.0	0	0.00	0	0.0	0.00	0.0	0.000	0.144	27.7	87	25.3	32.5	18.64	1.1304	0.00	599	8	100.0	30
23-04-02	2:00 a	24.9	25.2	24.9	95	24.1	0.0	---	0.00	0.0	---	24.9	27.4	27.4	26.7	1007.5	0.00	0.0	0	0.00	0	0.0	0.00	0.0	0.000	0.138	27.4	87	25.1	31.9	18.67	1.1314	0.00	597	8	100.0	30
23-04-02	2:30 a	24.9	25.0	24.8	95	24.0	0.0	---	0.00	0.0	---	24.9	27.3	27.3	26.6	1007.4	0.00	0.0	0	0.00	0	0.0	0.00	0.0	0.000	0.137	27.3	87	24.9	31.4	18.68	1.1322	0.00	595	8	100.0	30
23-04-02	3:00 a	24.7	24.9	24.6	95	23.9	0.0	---	0.00	0.0	---	24.7	27.1	27.1	26.3	1007.2	0.00	0.0	0	0.00	0	0.0	0.00	0.0	0.000	0.133	27.1	87	24.7	30.9	18.71	1.1334	0.00	592	8	100.0	30
23-04-02	3:30 a	24.4	24.7	24.3	95	23.6	0.0	---	0.00	0.0	---	24.4	26.7	26.7	25.9	1007.2	0.00	0.0	0	0.00	0	0.0	0.00	0.0	0.000	0.127	26.9	87	24.6	30.7	18.72	1.1340	0.00	581	8	100.0	30
23-04-02	4:00 a	24.3	24.4	24.2	95	23.4	0.0	---	0.00	0.0	---	24.3	26.4	26.4	25.7	1007.3	0.00	0.0	0	0.00	0	0.0	0.00	0.0	0.000	0.124	26.7	87	24.4	30.2	18.74	1.1354	0.00	571	8	98.3	30
23-04-02	4:30 a	24.1	24.3	24.0	95	23.3	0.0	---	0.00	0.0	---	24.1	26.2	26.2	25.4	1007.6	0.00	0.0	0	0.00	0	0.0	0.00	0.0	0.000	0.120	26.5	87	24.2	29.7	18.77	1.1371	0.00	565	8	97.2	30
23-04-02	5:00 a	24.0	24.2	24.0	95	23.1	0.0	---	0.00	0.0	---	24.0	26.1	26.1	25.3	1007.9	0.00	0.0	0	0.00	0	0.0	0.00	0.0	0.000	0.118	26.4	88	24.2	29.6	19.37	1.1377	0.00	573	8	98.6	30
23-04-02	5:30 a	23.9	24.1	23.9	95	23.0	0.0	---	0.00	0.0	---	23.9	25.9	25.9	25.1	1008.0	0.00	0.0	0	0.00	0	0.0	0.00	0.0	0.000	0.116	26.3	88	24.1	29.4	19.38	1.1385	0.00	574	8	98.8	30
23-04-02	6:00 a	24.0	24.0	23.8	95	23.1	0.0	---	0.00	0.0	---	24.0	26.1	26.1	25.4	1008.2	0.00	0.0	6	0.26	12	0.0	0.00	0.0	0.000	0.118	26.3	88	24.1	29.4	19.38	1.1387	0.00	572	8	98.5	30
23-04-02	6:30 a	24.9	24.9	23.9	95	24.1	0.0	S	0.00	0.4	S	24.9	27.4	27.4	27.4	1008.5	0.00	0.0	18	0.77	21	0.0	0.00	0.0	0.000	0.138	26.6	89	24.6	30.1	19.95	1.1370	0.00	584	8	100.0	30
23-04-02	7:00 a	25.7	25.7	24.9	95	24.9	0.0	NE	0.00	0.9	NE	25.7	28.9	28.9	29.1	1008.9	0.00	0.0	25	1.08	28	0.0	0.00	0.0	0.000	0.154	27.2	89	25.2	31.5	19.86	1.1338	0.03	593	8	100.0	30
23-04-02	7:30 a	26.2	26.2	25.7	95	25.3	0.4	NNE	0.80	1.3	NE	26.2	30.0	30.0	30.2	1009.1	0.00	0.0	32	1.38	47	0.0	0.00	0.0	0.000	0.163	28.0	89	26.0	33.8	19.71	1.1290	0.00	599	8	100.0	30
23-04-02	8:00 a	26.8	26.8	26.2	95	26.0	0.4	NNE	0.80	0.9	NNE	26.8	31.6	31.6	32.7	1009.4	0.00	0.0	91	3.91	287	0.9	0.19	1.9	0.000	0.177	28.9	87	26.5	36.1	18.51	1.1249	0.05	598	8	100.0	30
23-04-02	8:30 a	28.3	28.3	26.6	90	26.5	0.4	NE	0.80	0.9	NE	28.3	34.7	34.7	37.1	1009.5	0.00	0.0	176	7.57	519	2.7	0.58	3.8	0.000	0.207	29.7	84	26.7	37.3	17.23	1.1217	0.00	594	8	100.0	30
23-04-02	9:00 a	29.0	29.0	27.9	90	27.2	0.0	NE	0.00	0.4	NE	29.0	37.0	37.0	41.6	1009.2	0.00	0.0	376	16.17	888	4.2	0.90	6.2	0.000	0.222	30.3	83	27.1	39.0	16.79	1.1183	0.23	598	8	100.0	30
23-04-02	9:30 a	30.4	31.7	28.9	84	27.4	0.4	SSE	0.80	0.9	SSE	30.4	39.9	39.9	46.3	1009.1	0.00	0.0	589	25.33	905	5.7	1.22	7.4	0.000	0.252	30.9	79	26.9	39.5	15.29	1.1162	0.00	597	8	100.0	30
23-04-02	10:00 a	32.6	32.8	29.6	73	27.1	0.4	SW	0.80	1.8	SW	32.6	43.6	43.6	50.8	1009.0	0.00	0.0	836	35.95	984	8.1	1.74	9.6	0.000	0.297	31.3	77	26.8	40.2	14.65	1.1148	0.46	599	8	100.0	30
23-04-02	10:30 a	33.5	33.5	32.3	71	27.5	0.9	SW	1.61	3.1	WSW	33.5	45.8	45.8	52.4	1008.6	0.00	0.0	949	40.81	974	9.9	2.12	10.5	0.000	0.316	31.9	73	26.5	41.2	13.46	1.1128	0.00	597	8	100.0	30
23-04-02	11:00 a	33.0	33.4	32.8	76	28.2	0.9	SW	1.61	2.7	NNW	33.0	46.8	46.8	53.2	1008.2	0.00	0.0	977	42.02	995	11.1	2.38	11.5	0.000	0.306	32.4	72	26.7	42.4	13.14	1.1102	0.66	600	8	100.0	30
23-04-02	11:30 a	32.9	33.4	32.8	71	26.9	0.9	ESE	1.61	3.6	WSW	32.9	43.7	43.7	49.6	1007.8	0.00	0.0	1007	43.31	1014	11.8	2.53	12.0	0.000	0.303	32.8	71	26.8	43.3	12.83	1.1081	0.00	596	8	100.0	30
23-04-02	12:00 p	33.1	33.6	32.8	74	27.8	1.3	SSE	2.41	3.6	W	33.1	45.9	45.9	52.2	1007.5	0.00	0.0	1006	43.26	1014	11.9	2.55	12.0	0.000	0.307	32.7	72	27.0	43.6	13.11	1.1075	0.71	596	8	100.0	30
23-04-02	12:30 p	33.8	33.9	32.9	73	28.3	0.9	SSE	1.61	3.6	WSW	33.8	48.3	48.3	54.9	1007.1	0.00	0.0	996	42.83	1025	11.4	2.44	12.1	0.000	0.322	33.0	73	27.5	45.1	13.39	1.1049	0.00	597	8	100.0	30
23-04-02	1:00 p	32.7	33.7	32.7	73	27.2	0.9	SW	1.61	4.5	WSW	32.7	43.8	43.8	51.1	1006.8	0.00	0.0	1008	43.35	1120	10.0	2.14	11.6	0.000	0.299	33.1	72	27.4	45.0	13.09	1.1045	0.66	597	8	100.0	30
23-04-02	1:30 p	32.7	33.8	32.1	76	27.9	0.9	SW	1.61	3.6	SSW	32.7	45.3	45.3	52.2	1006.4	0.00	0.0	801	34.45	1009	8.7	1.86	10.3	0.000	0.299	33.1	72	27.3	44.8	13.09	1.1043	0.00	595	8	100.0	30
23-04-02	2:00 p	32.4	33.4	32.3	75	27.4	0.9	S	1.61	2.7	SW	32.4	43.9	43.9	50.9	1006.2	0.00	0.0	783	33.67	979	6.8	1.46	8.6	0.000	0.294	32.9	72	27.2	44.4	13.10	1.1047	0.51	597	8	100.0	30
23-04-02	2:30 p	31.6	32.6	31.4	77	27.0	0.9	S	1.61	3.1	W	31.6	41.2	41.2	47.7	1005.8	0.00	0.0	638	27.44	870	5.1	1.09	6.8	0.000	0.275	32.8	73	27.3	44.2	13.41	1.1046	0.00	598	8	100.0	30
23-04-02	3:00 p	31.7	32.2	31.3	77	27.1	0.9	S	1.61	3.6	WSW	31.7	41.7	41.7	48.1	1005.4	0.00	0.0	528	22.71	661	4.1	0.88	5.1	0.000	0.278	32.4	73	27.0	43.0	13.43	1.1062	0.38	597	8	100.0	30
23-04-02	3:30 p	30.9	31.9	30.9	78	26.7	0.9	SSW	1.61	2.2	SSE	30.9	39.2	39.2	46.1	1005.3	0.00	0.0	464	19.95	541	2.7	0.58	3.6	0.000	0.263	32.0	74	26.8	41.8	13.76	1.1081	0.00	595	8	100.0	30
23-04-02	4:00 p	30.1	31.2	30.0	81	26.4	0.4	SSW	0.80	1.8	SSE	30.1	37.6	37.6	40.7	1005.2	0.00	0.0	153	6.58	318	1.0	0.21	1.5	0.000	0.244	31.7	75	26.7	41.1	14.09	1.1091	0.20	593	8	100.0	30
23-04-02	4:30 p	29.9	30.2	29.7	83	26.7	0.4	WSW	0.80	1.8	SW	29.9	37.6	37.6	40.2	1005.2	0.00	0.0	120	5.16	288	0.7	0.15	0.8	0.000	0.241	31.4	75	26.5	39.9	14.11	1.1108	0.00	592	8	100.0	30
23-04-02	5:00 p	29.1	29.9	29.1	84	26.1	0.4	SSW	0.80	1.3	SW	29.1	35.9	35.9	35.9	1005.4	0.00	0.0	55	2.37	121	0.0	0.00	0.0	0.000	0.225	31.3	76	26.5	39.6	14.35	1.1115	0.08	597	8	100.0	30
23-04-02	5:30 p	28.1	29.1	28.0	87	25.7	0.0	SE	0.00	1.3	S	28.1	33.6	33.6	33.1	1005.7	0.00	0.0	15	0.65	23	0.0	0.00	0.0	0.000	0.203	31.0	77	26.5	39.0	14.68	1.1129	0.00	596	8	100.0	30
23-04-02	6:00 p	27.4	28.1	27.4	90	25.7	0.0	SE	0.00	0.4	SE	27.4	32.4	32.4	31.8	1006.0	0.00	0.0	1	0.04	9	0.0	0.00	0.0	0.000	0.190	30.6	80	26.8	39.1	15.67	1.1141	0.00	593	8	100.0	30
23-04-02	6:30 p	27.1	27.4	27.0	91	25.5	0.0	SE	0.00	0.4	SE	27.1	31.6	31.6	30.8	1006.3	0.00	0.0	0	0.00	0	0.0	0.00	0.0	0.000	0.182	30.2	81	26.5	37.9	16.10	1.1166	0.00	596	8	100.0	30
23-04-02	7:00 p	26.8	27.1	26.7	92	25.4	0.0	SE	0.00	0.4	SE	26.8	31.0	31.0	30.3	1006.5	0.00	0.0	0	0.00	0	0.0	0.00	0.0	0.000	0.176	29.8	82	26.4	37.1	16.53	1.1187	0.00	593	8	100.0	30
23-04-02	7:30 p	26.5	26.8	26.5	93	25.3	0.0	---	0.00	0.0	---	26.5	30.5	30.5	29.8	1006.8	0.00	0.0	0	0.00	0	0.0	0.00	0.0	0.000	0.170	29.3	83	26.1	36.2	16.86	1.1212	0.00	588	8	100.0	30
23-04-02	8:00 p	26.2	26.5	26.2	93	24.9	0.0	---	0.00	0.0	---	26.2	29.8	29.8	29.0	1007.1	0.00	0.0	0	0.00	0	0.0	0.00	0.0	0.000	0.163	29.1	84	26.1	35.8	17.28	1.1227	0.00	587	8	100.0	30
23-04-02	8:30 p	26.0	26.2	25.9	93	24.8	0.0	---	0.00	0.0	---	26.0	29.4	29.4	28.6	1007.3	0.00	0.0	0	0.00	0	0.0	0.00	0.0	0.000	0.160	28.8	84	25.8	35.1	17.30	1.1246	0.00	588	8	100.0	30
23-04-02	9:00 p	25.7	26.0	25.7	94	24.7	0.0	---	0.00	0.0	---	25.7	28.9	28.9	28.1	1007.4	0.00	0.0	0	0.00	0	0.0	0.00	0.0	0.000	0.154	28.6	85	25.8	34.6	17.75	1.1255	0.00	595	8	100.0	30
23-04-02	9:30 p	25.6	25.8	25.6	94	24.6	0.0	---	0.00	0.0	---	25.6	28.6	28.6	27.8	1007.7	0.00	0.0	0	0.00	0	0.0	0.00	0.0	0.000	0.152	28.4	85	25.6	34.1	17.76	1.1269	0.00	600	8	100.0	30
23-04-02	10:00 p	25.5	25.7	25.4	94	24.5	0.0	---	0.00	0.0	---	25.5	28.4	28.4	27.6	1007.7	0.00	0.0	0	0.00	0	0.0	0.00	0.0	0.000	0.149	28.2	86	25.6	33.7	18.19	1.1277	0.00	599	8	100.0	30
23-04-02	10:30 p	25.4	25.6	25.3	94	24.4	0.0	---	0.00	0.0	---	25.4	28.2	28.2	27.3	1007.7	0.00	0.0	0	0.00	0	0.0	0.00	0.0	0.000	0.147	28.1	86	25.5	33.4	18.20	1.1284	0.00	600	8	100.0	30
23-04-02	11:00 p	25.3	25.4	25.2	94	24.2	0.0	---	0.00	0.0	---	25.3	27.9	27.9	27.1	1007.5	0.00	0.0	0	0.00	0	0.0	0.00	0.0	0.000	0.145	27.5	87	25.1	32.1	18.66	1.1310	0.00	598	8	100.0	30
23-04-02	11:30 p	25.1	25.3	25.1	94	24.0	0.0	---	0.00	0.0	---	25.1	27.6	27.6	26.7	1007.1	0.00	0.0	0	0.00	0	0.0	0.00	0.0	0.000	0.140	27.2	88	25.0	31.3	19.26	1.1322	0.00	597	8	100.0	30
23-04-03	12:00 a	25.1	25.2	25.0	94	24.0	0.0	---	0.00	0.0	---	25.1	27.6	27.6	26.7	1006.8	0.00	0.0	0	0.00	0	0.0	0.00	0.0	0.000	0.140	27.1	88	25.0	31.2	19.27	1.1321	0.00	595	8	100.0	30
23-04-03	12:30 a	25.0	25.1	24.9	95	24.1	0.0	---	0.00	0.0	---	25.0	27.5	27.5	26.7	1006.6	0.00	0.0	0	0.00	0	0.0	0.00	0.0	0.000	0.139	26.9	88	24.8	30.8	19.30	1.1329	0.00	597	8	100.0	30
23-04-03	1:00 a	25.0	25.1	25.0	95	24.1	0.0	---	0.00	0.0	---	25.0	27.5	27.5	26.7	1006.4	0.00	0.0	0	0.00	0	0.0	0.00	0.0	0.000	0.139	26.9	89	25.0	30.9	19.90	1.1322	0.00	597	8	100.0	30
23-04-03	1:30 a	25.1	25.1	25.0	95	24.2	0.0	---	0.00	0.0	---	25.1	27.6	27.6	26.8	1006.0	0.00	0.0	0	0.00	0	0.0	0.00	0.0	0.000	0.140	26.8	89	24.9	30.7	19.92	1.1325	0.00	599	8	100.0	30
23-04-03	2:00 a	24.9	25.1	24.8	95	24.0	0.0	---	0.00	0.0	---	24.9	27.3	27.3	26.5	1005.8	0.00	0.0	0	0.00	0	0.0	0.00	0.0	0.000	0.137	26.7	89	24.8	30.4	19.94	1.1328	0.00	600	8	100.0	30
23-04-03	2:30 a	24.8	24.9	24.7	95	23.9	0.0	---	0.00	0.0	---	24.8	27.2	27.2	26.3	1005.7	0.00	0.0	0	0.00	0	0.0	0.00	0.0	0.000	0.134	26.6	89	24.6	30.2	19.95	1.1333	0.00	597	8	100.0	30
23-04-03	3:00 a	24.5	24.8	24.5	95	23.6	0.0	---	0.00	0.0	---	24.5	26.7	26.7	25.9	1005.7	0.00	0.0	0	0.00	0	0.0	0.00	0.0	0.000	0.128	26.4	89	24.5	29.8	19.95	1.1344	0.00	600	8	100.0	30
23-04-03	3:30 a	24.4	24.7	24.4	95	23.6	0.0	---	0.00	0.0	---	24.4	26.7	26.7	25.8	1005.8	0.00	0.0	0	0.00	0	0.0	0.00	0.0	0.000	0.127	26.3	90	24.5	29.6	20.45	1.1351	0.00	597	8	100.0	30
23-04-03	4:00 a	24.3	24.6	24.3	95	23.4	0.0	---	0.00	0.0	---	24.3	26.4	26.4	25.6	1006.0	0.00	0.0	0	0.00	0	0.0	0.00	0.0	0.000	0.124	26.2	90	24.4	29.4	20.45	1.1360	0.00	600	8	100.0	30
23-04-03	4:30 a	24.3	24.4	24.2	95	23.4	0.0	---	0.00	0.0	---	24.3	26.4	26.4	25.6	1006.2	0.00	0.0	0	0.00	0	0.0	0.00	0.0	0.000	0.124	26.0	90	24.2	29.1	20.45	1.1372	0.00	597	8	100.0	30
23-04-03	5:00 a	24.1	24.3	24.1	95	23.3	0.0	---	0.00	0.0	---	24.1	26.2	26.2	25.3	1006.7	0.00	0.0	0	0.00	0	0.0	0.00	0.0	0.000	0.120	25.9	90	24.1	28.8	20.45	1.1384	0.00	597	8	100.0	30
23-04-03	5:30 a	24.0	24.2	24.0	95	23.1	0.0	---	0.00	0.0	---	24.0	26.1	26.1	25.2	1006.8	0.00	0.0	0	0.00	0	0.0	0.00	0.0	0.000	0.118	25.8	90	24.0	28.7	20.45	1.1392	0.00	600	8	100.0	30
23-04-03	6:00 a	24.1	24.2	23.9	95	23.3	0.0	---	0.00	0.0	---	24.1	26.2	26.2	25.4	1007.1	0.00	0.0	7	0.30	12	0.0	0.00	0.0	0.000	0.120	25.7	90	23.9	28.4	20.45	1.1402	0.00	598	8	100.0	30
23-04-03	6:30 a	24.6	24.6	24.1	95	23.7	0.0	---	0.00	0.0	---	24.6	26.8	26.8	26.8	1007.5	0.00	0.0	18	0.77	21	0.0	0.00	0.0	0.000	0.130	25.8	91	24.2	28.7	21.02	1.1396	0.00	599	8	100.0	30
23-04-03	7:00 a	25.1	25.1	24.6	95	24.3	0.0	---	0.00	0.0	---	25.1	27.7	27.7	27.8	1007.7	0.00	0.0	25	1.08	28	0.0	0.00	0.0	0.000	0.141	26.3	92	24.9	30.0	21.14	1.1361	0.03	598	8	100.0	30
23-04-03	7:30 a	25.7	25.8	25.1	95	24.9	0.0	---	0.00	0.0	---	25.7	28.9	28.9	29.1	1008.0	0.00	0.0	33	1.42	40	0.0	0.00	0.0	0.000	0.154	27.3	92	25.9	32.4	21.17	1.1305	0.00	595	8	100.0	30
23-04-03	8:00 a	26.3	26.4	25.7	95	25.5	0.0	SE	0.00	0.9	SE	26.3	30.4	30.4	31.4	1008.4	0.00	0.0	87	3.74	322	1.1	0.24	2.0	0.000	0.167	28.3	91	26.7	35.2	20.81	1.1254	0.05	599	8	100.0	30
23-04-03	8:30 a	27.9	27.9	26.3	95	27.1	0.4	SE	0.80	0.9	SE	27.9	34.9	34.9	40.1	1008.4	0.00	0.0	401	17.25	617	2.8	0.60	4.3	0.000	0.200	29.3	85	26.5	36.6	17.66	1.1221	0.00	597	8	100.0	30
23-04-03	9:00 a	29.3	30.4	28.0	86	26.7	0.4	S	0.80	1.8	S	29.3	36.9	36.9	43.3	1008.6	0.00	0.0	585	25.16	737	4.4	0.94	5.6	0.000	0.229	30.1	81	26.5	37.8	16.10	1.1195	0.30	598	8	100.0	30
23-04-03	9:30 a	31.9	32.1	29.1	78	27.6	0.4	SSW	0.80	1.8	SSE	31.9	43.2	43.2	50.2	1008.5	0.00	0.0	804	34.58	849	7.0	1.50	7.7	0.000	0.284	30.6	78	26.3	38.5	14.98	1.1179	0.00	597	8	100.0	30
23-04-03	10:00 a	31.8	32.5	31.4	72	26.2	0.4	SE	0.80	2.2	SSE	31.8	40.4	40.4	47.3	1008.3	0.00	0.0	886	38.10	1039	8.4	1.80	9.6	0.000	0.281	31.4	76	26.6	40.1	14.34	1.1142	0.56	597	8	100.0	30
23-04-03	10:30 a	32.8	32.8	31.9	71	26.8	0.9	ESE	1.61	3.1	SSW	32.8	43.3	43.3	49.3	1007.9	0.00	0.0	964	41.46	981	10.2	2.19	10.7	0.000	0.301	31.8	75	26.8	41.5	14.08	1.1116	0.00	600	8	100.0	30
23-04-03	11:00 a	33.0	33.1	32.3	72	27.3	0.9	SE	1.61	3.1	SSW	33.0	44.6	44.6	50.6	1007.4	0.00	0.0	1001	43.05	1058	11.2	2.40	11.7	0.000	0.306	32.2	75	27.2	42.8	14.05	1.1090	0.69	599	8	100.0	30
23-04-03	11:30 a	33.6	33.6	32.8	74	28.3	0.9	SE	1.61	2.7	S	33.6	48.3	48.3	54.6	1007.0	0.00	0.0	1043	44.85	1088	11.9	2.55	12.1	0.000	0.318	32.6	74	27.4	44.1	13.74	1.1065	0.00	599	8	100.0	30
23-04-03	12:00 p	33.5	34.2	33.0	72	27.8	0.9	SSW	1.61	3.1	SSE	33.5	46.5	46.5	52.8	1006.8	0.00	0.0	1030	44.30	1099	11.7	2.51	12.3	0.000	0.316	33.0	74	27.7	45.7	13.72	1.1039	0.71	600	8	100.0	30
23-04-03	12:30 p	34.6	34.6	33.0	74	29.2	0.4	W	0.80	3.1	S	34.6	53.0	53.0	60.3	1006.3	0.00	0.0	1088	46.79	1192	11.2	2.40	12.6	0.000	0.338	33.2	73	27.7	45.8	13.38	1.1029	0.00	600	8	100.0	30
23-04-03	1:00 p	31.8	34.6	31.8	75	26.8	0.9	SE	1.61	3.1	ESE	31.8	41.3	41.3	47.1	1005.9	0.00	0.0	528	22.71	1260	7.5	1.61	11.1	0.000	0.280	33.1	73	27.6	45.3	13.39	1.1032	0.56	598	8	100.0	30
23-04-03	1:30 p	31.2	33.4	31.2	78	26.9	0.9	SE	1.61	3.6	ESE	31.2	40.1	40.1	45.4	1005.6	0.00	0.0	458	19.70	1058	6.5	1.39	10.0	0.000	0.269	32.6	75	27.5	44.3	14.04	1.1046	0.00	599	8	100.0	30
23-04-03	2:00 p	31.9	34.1	31.2	78	27.6	1.3	SSE	2.41	4.5	SE	31.9	43.2	43.2	50.1	1005.2	0.00	0.0	651	28.00	926	6.7	1.44	8.8	0.000	0.284	32.5	75	27.5	44.1	14.04	1.1045	0.43	599	8	100.0	30
23-04-03	2:30 p	31.0	32.1	30.5	80	27.1	0.9	ESE	1.61	3.6	ESE	31.0	39.9	39.9	42.9	1004.9	0.00	0.0	210	9.03	364	2.4	0.51	4.4	0.000	0.264	32.1	76	27.3	42.8	14.27	1.1063	0.00	596	8	100.0	30
23-04-03	3:00 p	29.2	31.1	29.2	86	26.6	0.4	ENE	0.80	1.8	WNW	29.2	36.6	36.6	37.2	1004.6	0.00	0.0	57	2.45	116	0.3	0.06	1.4	0.000	0.227	31.4	79	27.4	41.4	15.23	1.1080	0.10	598	8	100.0	30
23-04-03	3:30 p	28.6	29.2	28.6	89	26.6	0.4	ESE	0.80	2.2	NNE	28.6	35.6	35.6	36.2	1004.8	0.00	0.0	51	2.19	107	0.1	0.02	0.7	0.000	0.214	30.8	84	27.8	41.1	17.15	1.1097	0.00	597	8	100.0	30
23-04-03	4:00 p	28.0	28.8	27.9	93	26.8	0.4	E	0.80	1.8	ESE	28.0	34.7	34.7	36.6	1004.5	1.02	23.1	97	4.17	148	0.4	0.09	0.9	0.000	0.201	30.5	86	27.9	41.0	17.94	1.1100	0.05	599	8	100.0	30
23-04-03	4:30 p	28.5	28.7	28.1	92	27.1	0.4	E	0.80	1.8	N	28.5	36.0	36.0	38.9	1004.7	0.00	0.0	135	5.81	330	0.6	0.13	1.0	0.000	0.212	30.2	87	27.8	39.9	18.37	1.1118	0.00	592	8	100.0	30
23-04-03	5:00 p	28.0	28.5	27.9	92	26.6	0.4	ENE	0.80	4.0	SE	28.0	34.4	34.4	34.4	1004.9	0.00	0.0	56	2.41	97	0.0	0.00	0.5	0.000	0.201	29.9	87	27.5	38.8	18.40	1.1137	0.08	598	8	100.0	30
23-04-03	5:30 p	27.4	28.1	27.4	93	26.2	0.0	ENE	0.00	1.3	ENE	27.4	32.9	32.9	32.8	1004.9	0.00	0.0	46	1.98	90	0.0	0.00	0.0	0.000	0.190	29.7	87	27.3	38.3	18.42	1.1148	0.00	596	8	100.0	30
23-04-03	6:00 p	27.2	27.4	27.2	94	26.1	0.0	ENE	0.00	0.9	ENE	27.2	32.3	32.3	31.7	1005.3	0.00	0.0	5	0.22	19	0.0	0.00	0.0	0.000	0.184	29.5	87	27.1	37.6	18.44	1.1166	0.03	598	8	100.0	30
23-04-03	6:30 p	26.7	27.1	26.6	94	25.6	0.0	NE	0.00	0.9	NE	26.7	31.0	31.0	30.3	1005.6	0.00	0.0	0	0.00	0	0.0	0.00	0.0	0.000	0.174	29.2	87	26.8	36.9	18.47	1.1186	0.00	594	8	100.0	30
23-04-03	7:00 p	26.3	26.8	26.3	94	25.2	0.0	NE	0.00	0.4	NE	26.3	30.2	30.2	29.4	1005.7	0.00	0.0	0	0.00	0	0.0	0.00	0.0	0.000	0.166	28.9	87	26.5	36.1	18.51	1.1207	0.00	597	8	100.0	30
23-04-03	7:30 p	26.3	26.4	26.3	94	25.3	0.0	---	0.00	0.0	---	26.3	30.3	30.3	29.5	1005.8	0.00	0.0	0	0.00	0	0.0	0.00	0.0	0.000	0.167	28.7	87	26.3	35.3	18.53	1.1222	0.00	598	8	100.0	30
23-04-03	8:00 p	26.3	26.4	26.3	94	25.3	0.0	---	0.00	0.0	---	26.3	30.3	30.3	29.5	1006.1	0.00	0.0	0	0.00	0	0.0	0.00	0.0	0.000	0.167	28.4	88	26.3	34.8	19.03	1.1233	0.00	599	8	100.0	30
23-04-03	8:30 p	26.1	26.3	26.1	95	25.2	0.0	---	0.00	0.0	---	26.1	29.8	29.8	29.0	1006.4	0.00	0.0	0	0.00	0	0.0	0.00	0.0	0.000	0.161	28.3	88	26.2	34.5	19.05	1.1244	0.00	593	8	100.0	30
23-04-03	9:00 p	26.0	26.1	25.9	95	25.1	0.0	---	0.00	0.0	---	26.0	29.6	29.6	28.8	1006.8	0.00	0.0	0	0.00	0	0.0	0.00	0.0	0.000	0.160	28.2	88	26.0	34.1	19.08	1.1258	0.00	600	8	100.0	30
23-04-03	9:30 p	25.9	26.1	25.9	95	25.1	0.0	---	0.00	0.0	---	25.9	29.5	29.5	28.7	1007.1	0.00	0.0	0	0.00	0	0.0	0.00	0.0	0.000	0.159	28.0	89	26.0	33.8	19.71	1.1267	0.00	589	8	100.0	30
23-04-03	10:00 p	25.7	25.9	25.7	95	24.9	0.0	---	0.00	0.0	---	25.7	28.9	28.9	28.2	1007.0	0.00	0.0	0	0.00	0	0.0	0.00	0.0	0.000	0.154	27.8	89	25.9	33.3	19.74	1.1277	0.00	591	8	100.0	30
23-04-03	10:30 p	25.5	25.7	25.4	95	24.6	0.0	---	0.00	0.0	---	25.5	28.4	28.4	27.7	1007.3	0.00	0.0	0	0.00	0	0.0	0.00	0.0	0.000	0.149	27.6	89	25.6	32.7	19.78	1.1293	0.00	595	8	100.0	30
23-04-03	11:00 p	25.2	25.5	25.2	95	24.3	0.0	---	0.00	0.0	---	25.2	27.8	27.8	27.0	1007.2	0.00	0.0	0	0.00	0	0.0	0.00	0.0	0.000	0.142	27.4	89	25.5	32.3	19.81	1.1302	0.00	589	8	100.0	30
23-04-03	11:30 p	24.6	25.3	24.6	95	23.7	0.0	---	0.00	0.0	---	24.6	26.8	26.8	25.9	1006.9	0.00	0.0	0	0.00	0	0.0	0.00	0.0	0.000	0.130	27.2	88	25.1	31.4	19.25	1.1316	0.00	588	8	100.0	30
23-04-04	12:00 a	24.4	24.7	24.4	95	23.6	0.0	---	0.00	0.0	---	24.4	26.7	26.7	25.8	1006.6	0.00	0.0	0	0.00	0	0.0	0.00	0.0	0.000	0.127	26.9	87	24.6	30.7	18.72	1.1333	0.00	595	8	100.0	30
23-04-04	12:30 a	24.2	24.4	24.1	95	23.4	0.0	---	0.00	0.0	---	24.2	26.4	26.4	25.5	1006.2	0.00	0.0	0	0.00	0	0.0	0.00	0.0	0.000	0.123	26.6	88	24.5	30.1	19.35	1.1343	0.00	595	8	100.0	30
23-04-04	1:00 a	24.1	24.3	24.1	95	23.3	0.0	---	0.00	0.0	---	24.1	26.2	26.2	25.3	1005.8	0.00	0.0	0	0.00	0	0.0	0.00	0.0	0.000	0.120	26.4	88	24.2	29.6	19.37	1.1352	0.00	590	8	100.0	30
23-04-04	1:30 a	24.0	24.1	23.9	95	23.1	0.0	---	0.00	0.0	---	24.0	26.1	26.1	25.2	1005.5	0.00	0.0	0	0.00	0	0.0	0.00	0.0	0.000	0.118	26.2	88	24.1	29.3	19.38	1.1359	0.00	590	8	100.0	30
23-04-04	2:00 a	23.9	24.0	23.8	95	23.0	0.0	---	0.00	0.0	---	23.9	25.9	25.9	25.1	1005.5	0.00	0.0	0	0.00	0	0.0	0.00	0.0	0.000	0.116	26.0	89	24.0	28.9	19.95	1.1368	0.00	599	8	100.0	30
23-04-04	2:30 a	23.8	23.9	23.7	95	22.9	0.0	---	0.00	0.0	---	23.8	25.8	25.8	24.9	1005.2	0.00	0.0	0	0.00	0	0.0	0.00	0.0	0.000	0.113	25.8	89	23.9	28.7	19.95	1.1374	0.00	599	8	100.0	30
23-04-04	3:00 a	23.8	23.9	23.7	95	22.9	0.0	---	0.00	0.0	---	23.8	25.8	25.8	24.9	1005.0	0.00	0.0	0	0.00	0	0.0	0.00	0.0	0.000	0.113	25.7	89	23.8	28.4	19.95	1.1379	0.00	599	8	100.0	30
23-04-04	3:30 a	23.6	23.9	23.6	95	22.8	0.0	---	0.00	0.0	---	23.6	25.4	25.4	24.5	1005.0	0.00	0.0	0	0.00	0	0.0	0.00	0.0	0.000	0.110	25.6	89	23.7	28.2	19.95	1.1384	0.00	599	8	100.0	30
23-04-04	4:00 a	23.6	23.7	23.4	95	22.7	0.0	---	0.00	0.0	---	23.6	25.4	25.4	24.4	1005.0	0.00	0.0	0	0.00	0	0.0	0.00	0.0	0.000	0.109	25.4	90	23.7	28.0	20.45	1.1391	0.00	600	8	100.0	30
23-04-04	4:30 a	23.3	23.6	23.3	95	22.5	0.0	---	0.00	0.0	---	23.3	25.0	25.0	24.1	1005.4	0.00	0.0	0	0.00	0	0.0	0.00	0.0	0.000	0.104	25.3	89	23.4	27.8	19.95	1.1405	0.00	599	8	100.0	30
23-04-04	5:00 a	23.3	23.4	23.2	95	22.4	0.0	---	0.00	0.0	---	23.3	24.9	24.9	24.0	1005.5	0.00	0.0	0	0.00	0	0.0	0.00	0.0	0.000	0.103	25.2	90	23.5	27.6	20.45	1.1409	0.00	598	8	100.0	30
23-04-04	5:30 a	23.2	23.3	23.1	95	22.3	0.0	---	0.00	0.0	---	23.2	24.8	24.8	23.8	1005.6	0.00	0.0	0	0.00	0	0.0	0.00	0.0	0.000	0.101	25.1	90	23.4	27.4	20.45	1.1417	0.00	600	8	100.0	30
23-04-04	6:00 a	23.4	23.4	23.2	95	22.5	0.0	---	0.00	0.0	---	23.4	25.1	25.1	24.2	1005.8	0.00	0.0	6	0.26	12	0.0	0.00	0.0	0.000	0.105	25.0	90	23.2	27.2	20.45	1.1426	0.00	595	8	100.0	30
23-04-04	6:30 a	23.8	23.8	23.4	95	23.0	0.0	---	0.00	0.0	---	23.8	25.8	25.8	25.8	1006.3	0.00	0.0	17	0.73	21	0.0	0.00	0.0	0.000	0.115	25.2	91	23.6	27.6	21.00	1.1418	0.00	594	8	100.0	30
23-04-04	7:00 a	24.6	24.6	23.8	95	23.7	0.0	NE	0.00	0.4	NE	24.6	26.8	26.8	26.9	1006.7	0.00	0.0	24	1.03	26	0.0	0.00	0.0	0.000	0.130	25.7	93	24.5	28.8	21.22	1.1382	0.03	593	8	100.0	30
23-04-04	7:30 a	25.4	25.4	24.5	95	24.6	0.0	NE	0.00	0.4	NE	25.4	28.3	28.3	28.5	1007.1	0.00	0.0	31	1.33	35	0.0	0.00	0.0	0.000	0.148	26.8	94	25.8	31.4	21.36	1.1317	0.00	593	8	100.0	30
23-04-04	8:00 a	26.4	26.5	25.4	95	25.6	0.0	NE	0.00	0.4	NE	26.4	30.7	30.7	31.7	1007.5	0.00	0.0	85	3.66	352	1.1	0.24	2.3	0.000	0.169	28.1	92	26.7	34.8	21.20	1.1252	0.05	599	8	100.0	30
23-04-04	8:30 a	28.3	28.4	26.3	94	27.3	0.4	SSE	0.80	1.8	S	28.3	36.0	36.0	40.7	1007.7	0.00	0.0	351	15.09	622	3.0	0.64	4.3	0.000	0.208	29.3	85	26.5	36.5	17.67	1.1215	0.00	598	8	100.0	30
23-04-04	9:00 a	32.1	32.1	28.3	77	27.5	0.4	S	0.80	1.8	SSW	32.1	43.2	43.2	50.2	1008.0	0.00	0.0	681	29.29	759	5.2	1.11	6.1	0.000	0.286	30.2	82	26.8	38.3	16.50	1.1181	0.33	598	8	100.0	30
23-04-04	9:30 a	31.8	32.3	31.6	77	27.2	0.4	SSW	0.80	1.8	SSE	31.8	42.1	42.1	49.2	1008.2	0.00	0.0	792	34.06	823	7.1	1.52	7.9	0.000	0.280	30.8	79	26.7	39.2	15.31	1.1161	0.00	600	8	100.0	30
23-04-04	10:00 a	32.5	32.7	31.7	73	27.0	0.4	S	0.80	1.8	SSE	32.5	43.2	43.2	50.3	1008.0	0.00	0.0	868	37.33	905	8.8	1.89	9.6	0.000	0.295	31.4	76	26.6	40.1	14.34	1.1137	0.56	599	8	100.0	30
23-04-04	10:30 a	32.3	32.6	32.0	76	27.5	0.4	S	0.80	2.7	SSE	32.3	43.7	43.7	50.6	1007.7	0.00	0.0	930	40.00	956	10.2	2.19	10.8	0.000	0.291	31.8	77	27.3	42.3	14.59	1.1103	0.00	595	8	100.0	30
23-04-04	11:00 a	33.2	33.4	32.2	74	27.9	0.9	SSW	1.61	2.7	SSE	33.2	46.3	46.3	52.7	1007.6	0.00	0.0	980	42.15	1004	11.3	2.42	11.7	0.000	0.309	32.1	77	27.6	43.4	14.56	1.1085	0.66	598	8	100.0	30
23-04-04	11:30 a	33.3	33.4	32.6	74	28.1	0.9	S	1.61	2.7	ESE	33.3	47.1	47.1	53.1	1007.3	0.00	0.0	1009	43.39	1023	11.9	2.55	12.1	0.000	0.313	32.6	76	27.8	45.1	14.25	1.1056	0.00	598	8	100.0	30
23-04-04	12:00 p	32.9	33.4	32.8	76	28.1	0.9	S	1.61	3.1	NW	32.9	46.3	46.3	52.6	1007.0	0.00	0.0	1021	43.91	1046	12.1	2.59	12.2	0.000	0.303	32.9	75	27.9	45.7	14.03	1.1043	0.71	599	8	100.0	30
23-04-04	12:30 p	33.3	33.4	32.7	71	27.4	0.9	SW	1.61	2.7	ESE	33.3	45.2	45.2	51.7	1006.6	0.00	0.0	988	42.49	1018	11.6	2.49	12.0	0.000	0.313	32.9	73	27.4	44.7	13.40	1.1050	0.00	597	8	100.0	30
23-04-04	1:00 p	33.0	33.6	32.7	74	27.7	0.9	SE	1.61	3.1	ESE	33.0	45.7	45.7	52.4	1006.0	0.00	0.0	945	40.64	963	10.7	2.29	11.1	0.000	0.306	32.9	72	27.2	44.2	13.10	1.1048	0.69	599	8	100.0	30
23-04-04	1:30 p	33.2	33.9	33.1	70	27.0	0.9	SSW	1.61	3.1	S	33.2	44.2	44.2	51.2	1005.4	0.00	0.0	888	38.19	921	9.4	2.01	10.1	0.000	0.310	33.0	72	27.3	44.6	13.09	1.1035	0.00	598	8	100.0	30
23-04-04	2:00 p	33.1	33.6	33.1	70	26.8	0.9	SSE	1.61	2.2	SSE	33.1	43.7	43.7	50.7	1005.0	0.00	0.0	787	33.85	849	7.8	1.67	8.6	0.000	0.307	32.9	73	27.4	44.7	13.40	1.1031	0.58	598	8	100.0	30
23-04-04	2:30 p	32.6	33.8	32.6	68	25.9	0.4	SE	0.80	2.2	NE	32.6	41.3	41.3	48.0	1004.7	0.00	0.0	665	28.60	726	6.0	1.29	6.9	0.000	0.296	32.6	72	26.9	43.2	13.12	1.1049	0.00	599	8	100.0	30
23-04-04	3:00 p	32.5	32.9	31.9	73	27.0	0.9	ESE	1.61	2.7	ESE	32.5	43.2	43.2	49.8	1004.8	0.00	0.0	518	22.28	601	4.2	0.90	5.1	0.000	0.295	32.1	70	25.9	40.4	12.55	1.1094	0.43	597	8	100.0	30
23-04-04	3:30 p	30.8	32.6	30.8	75	25.8	0.4	SSE	0.80	3.1	ESE	30.8	37.9	37.9	43.2	1004.6	0.00	0.0	317	13.63	494	2.5	0.54	3.5	0.000	0.259	31.4	72	25.8	38.9	13.18	1.1117	0.00	598	8	100.0	30
23-04-04	4:00 p	31.2	31.2	30.8	74	26.0	0.9	SSE	1.61	2.2	S	31.2	38.7	38.7	44.1	1004.7	0.00	0.0	301	12.94	360	1.6	0.34	1.9	0.000	0.269	31.1	73	25.6	37.9	13.49	1.1135	0.23	597	8	100.0	30
23-04-04	4:30 p	30.2	31.3	30.2	79	26.2	0.4	SE	0.80	1.8	SE	30.2	37.6	37.6	40.2	1004.8	0.00	0.0	121	5.20	237	0.8	0.17	1.2	0.000	0.248	30.8	78	26.5	39.0	14.95	1.1124	0.00	597	8	100.0	30
23-04-04	5:00 p	29.9	30.3	29.9	81	26.3	0.4	SE	0.80	2.7	SSE	29.9	37.1	37.1	37.5	1005.3	0.00	0.0	84	3.61	100	0.2	0.04	0.5	0.000	0.241	30.7	79	26.6	38.9	15.32	1.1134	0.08	600	8	100.0	30
23-04-04	5:30 p	28.6	29.9	28.6	85	25.8	0.4	SE	0.80	1.3	SE	28.6	34.6	34.6	34.3	1005.6	0.00	0.0	27	1.16	63	0.0	0.00	0.0	0.000	0.213	30.4	79	26.4	38.3	15.34	1.1151	0.00	598	8	100.0	30
23-04-04	6:00 p	27.6	28.5	27.6	88	25.4	0.0	SE	0.00	0.9	SE	27.6	32.4	32.4	31.7	1005.9	0.00	0.0	0	0.00	5	0.0	0.00	0.0	0.000	0.192	30.1	80	26.3	37.5	15.70	1.1169	0.03	596	8	100.0	30
23-04-04	6:30 p	27.2	27.6	27.2	90	25.4	0.0	SE	0.00	0.4	SE	27.2	31.7	31.7	30.9	1006.3	0.00	0.0	0	0.00	0	0.0	0.00	0.0	0.000	0.184	29.8	82	26.4	37.1	16.53	1.1184	0.00	598	8	100.0	30
23-04-04	7:00 p	27.1	27.2	27.1	91	25.5	0.0	---	0.00	0.0	---	27.1	31.7	31.7	30.9	1006.7	0.00	0.0	0	0.00	0	0.0	0.00	0.0	0.000	0.183	29.4	83	26.3	36.4	16.85	1.1203	0.00	599	8	100.0	30
23-04-04	7:30 p	26.8	27.1	26.8	92	25.4	0.0	---	0.00	0.0	---	26.8	31.0	31.0	30.3	1006.8	0.00	0.0	0	0.00	0	0.0	0.00	0.0	0.000	0.176	29.2	84	26.2	36.2	17.27	1.1213	0.00	600	8	100.0	30
23-04-04	8:00 p	26.6	26.8	26.5	93	25.4	0.0	SE	0.00	0.9	SE	26.6	30.8	30.8	30.1	1006.9	0.00	0.0	0	0.00	0	0.0	0.00	0.0	0.000	0.172	28.9	85	26.2	35.7	17.70	1.1227	0.00	597	8	100.0	30
23-04-04	8:30 p	27.1	27.1	26.6	90	25.3	0.4	N	0.80	1.3	NW	27.1	31.4	31.4	30.7	1007.1	0.00	0.0	0	0.00	0	0.0	0.00	0.0	0.000	0.182	28.8	84	25.9	35.3	17.29	1.1241	0.00	596	8	100.0	30
23-04-04	9:00 p	26.7	27.1	26.7	92	25.3	0.0	ENE	0.00	0.4	NNW	26.7	30.7	30.7	30.0	1007.3	0.00	0.0	0	0.00	0	0.0	0.00	0.0	0.000	0.174	28.8	85	26.0	35.3	17.72	1.1241	0.00	598	8	100.0	30
23-04-04	9:30 p	26.4	26.7	26.3	92	25.0	0.0	NE	0.00	0.9	NE	26.4	30.1	30.1	29.3	1007.5	0.00	0.0	0	0.00	0	0.0	0.00	0.0	0.000	0.168	28.6	85	25.8	34.6	17.75	1.1256	0.00	597	8	100.0	30
23-04-04	10:00 p	25.8	26.4	25.8	92	24.4	0.0	---	0.00	0.0	---	25.8	28.9	28.9	28.2	1007.5	0.00	0.0	0	0.00	0	0.0	0.00	0.0	0.000	0.156	28.3	85	25.5	33.8	17.78	1.1273	0.00	597	8	100.0	30
23-04-04	10:30 p	25.4	25.9	25.4	93	24.2	0.0	---	0.00	0.0	---	25.4	28.2	28.2	27.4	1007.2	0.00	0.0	0	0.00	0	0.0	0.00	0.0	0.000	0.148	27.9	86	25.3	32.9	18.22	1.1289	0.00	598	8	100.0	30
23-04-04	11:00 p	25.2	25.5	25.2	93	24.0	0.0	---	0.00	0.0	---	25.2	27.8	27.8	27.0	1007.1	0.00	0.0	0	0.00	0	0.0	0.00	0.0	0.000	0.144	27.6	86	25.1	32.2	18.25	1.1304	0.00	594	8	100.0	30
23-04-04	11:30 p	25.0	25.2	25.0	94	24.0	0.0	---	0.00	0.0	---	25.0	27.4	27.4	26.7	1006.8	0.00	0.0	0	0.00	0	0.0	0.00	0.0	0.000	0.139	27.3	87	25.0	31.6	18.68	1.1312	0.00	599	8	100.0	30
23-04-05	12:00 a	24.9	25.1	24.8	94	23.9	0.0	---	0.00	0.0	---	24.9	27.3	27.3	26.4	1006.4	0.00	0.0	0	0.00	0	0.0	0.00	0.0	0.000	0.137	27.1	87	24.8	31.1	18.70	1.1321	0.00	599	8	100.0	30
23-04-05	12:30 a	24.8	24.9	24.7	94	23.7	0.0	---	0.00	0.0	---	24.8	27.1	27.1	26.3	1006.3	0.00	0.0	0	0.00	0	0.0	0.00	0.0	0.000	0.134	26.9	87	24.6	30.7	18.72	1.1329	0.00	598	8	100.0	30
23-04-05	1:00 a	24.7	24.8	24.6	94	23.6	0.0	---	0.00	0.0	---	24.7	26.9	26.9	26.1	1006.0	0.00	0.0	0	0.00	0	0.0	0.00	0.0	0.000	0.132	26.8	88	24.7	30.6	19.32	1.1328	0.00	597	8	100.0	30
23-04-05	1:30 a	24.6	24.7	24.5	94	23.5	0.0	---	0.00	0.0	---	24.6	26.8	26.8	25.9	1005.6	0.00	0.0	0	0.00	0	0.0	0.00	0.0	0.000	0.130	26.7	88	24.5	30.2	19.35	1.1333	0.00	597	8	100.0	30
23-04-05	2:00 a	24.3	24.6	24.3	95	23.5	0.0	---	0.00	0.0	---	24.3	26.5	26.5	25.7	1005.3	0.00	0.0	0	0.00	0	0.0	0.00	0.0	0.000	0.125	26.5	88	24.3	29.8	19.36	1.1340	0.00	599	8	100.0	30
23-04-05	2:30 a	24.4	24.5	24.3	95	23.6	0.0	---	0.00	0.0	---	24.4	26.7	26.7	25.8	1005.2	0.00	0.0	0	0.00	0	0.0	0.00	0.0	0.000	0.127	26.4	89	24.5	29.8	19.95	1.1338	0.00	598	8	100.0	30
23-04-05	3:00 a	24.3	24.4	24.3	95	23.4	0.0	---	0.00	0.0	---	24.3	26.4	26.4	25.6	1005.2	0.00	0.0	0	0.00	0	0.0	0.00	0.0	0.000	0.124	26.2	89	24.3	29.4	19.95	1.1350	0.00	599	8	100.0	30
23-04-05	3:30 a	24.2	24.3	24.2	95	23.3	0.0	---	0.00	0.0	---	24.2	26.3	26.3	25.4	1005.3	0.00	0.0	0	0.00	0	0.0	0.00	0.0	0.000	0.122	26.2	89	24.2	29.3	19.95	1.1355	0.00	599	8	100.0	30
23-04-05	4:00 a	24.1	24.3	24.1	95	23.3	0.0	---	0.00	0.0	---	24.1	26.2	26.2	25.3	1005.4	0.00	0.0	0	0.00	0	0.0	0.00	0.0	0.000	0.120	26.1	89	24.1	29.1	19.95	1.1363	0.00	598	8	100.0	30
23-04-05	4:30 a	24.1	24.2	23.9	95	23.3	0.0	---	0.00	0.0	---	24.1	26.2	26.2	25.3	1005.6	0.00	0.0	0	0.00	0	0.0	0.00	0.0	0.000	0.120	25.9	89	24.0	28.8	19.95	1.1372	0.00	599	8	100.0	30
23-04-05	5:00 a	24.0	24.2	23.9	95	23.1	0.0	---	0.00	0.0	---	24.0	26.1	26.1	25.2	1005.8	0.00	0.0	0	0.00	0	0.0	0.00	0.0	0.000	0.118	25.8	89	23.8	28.6	19.95	1.1384	0.00	600	8	100.0	30
23-04-05	5:30 a	23.9	24.1	23.9	95	23.1	0.0	---	0.00	0.0	---	23.9	26.0	26.0	25.1	1006.0	0.00	0.0	0	0.00	0	0.0	0.00	0.0	0.000	0.117	25.7	90	24.0	28.6	20.45	1.1385	0.00	597	8	100.0	30
23-04-05	6:00 a	24.2	24.2	23.9	95	23.3	0.0	---	0.00	0.0	---	24.2	26.3	26.3	25.5	1006.5	0.00	0.0	8	0.34	14	0.0	0.00	0.0	0.000	0.122	25.7	90	24.0	28.6	20.45	1.1392	0.00	598	8	100.0	30
23-04-05	6:30 a	24.6	24.6	24.2	95	23.7	0.0	---	0.00	0.0	---	24.6	26.8	26.8	26.8	1006.8	0.00	0.0	17	0.73	19	0.0	0.00	0.0	0.000	0.130	26.0	91	24.4	29.2	21.03	1.1375	0.00	599	8	100.0	30
23-04-05	7:00 a	24.9	24.9	24.6	95	24.0	0.0	---	0.00	0.0	---	24.9	27.3	27.3	27.3	1007.1	0.00	0.0	22	0.95	26	0.0	0.00	0.0	0.000	0.137	26.8	90	25.1	30.8	20.43	1.1334	0.03	589	8	100.0	30
23-04-05	7:30 a	25.4	25.4	24.9	95	24.5	0.0	---	0.00	0.0	---	25.4	28.2	28.2	28.4	1007.7	0.00	0.0	31	1.33	35	0.0	0.00	0.0	0.000	0.147	27.8	89	25.8	33.2	19.75	1.1287	0.00	599	8	100.0	30
23-04-05	8:00 a	26.1	26.1	25.3	95	25.2	0.0	---	0.00	0.0	---	26.1	29.8	29.8	30.5	1007.8	0.00	0.0	68	2.92	153	0.8	0.17	1.8	0.000	0.161	28.7	88	26.5	35.7	18.98	1.1237	0.03	598	8	100.0	30
23-04-05	8:30 a	28.4	28.4	26.1	93	27.2	0.4	SE	0.80	1.8	SE	28.4	36.1	36.1	41.0	1007.9	0.00	0.0	380	16.34	624	2.7	0.58	4.4	0.000	0.211	29.7	86	27.1	38.0	18.02	1.1186	0.00	595	8	100.0	30
23-04-05	9:00 a	31.3	31.5	28.5	78	27.0	0.4	S	0.80	1.8	S	31.3	40.6	40.6	47.5	1008.2	0.00	0.0	687	29.54	744	5.3	1.14	6.2	0.000	0.271	30.7	83	27.4	40.3	16.76	1.1147	0.36	600	8	100.0	30
23-04-05	9:30 a	31.4	32.1	31.3	78	27.1	0.4	SE	0.80	1.8	S	31.4	40.8	40.8	47.9	1008.2	0.00	0.0	765	32.90	840	6.9	1.48	7.7	0.000	0.272	31.3	79	27.3	40.9	15.25	1.1128	0.00	597	8	100.0	30
23-04-05	10:00 a	32.6	32.7	31.4	73	27.1	0.9	S	1.61	2.2	SSW	32.6	43.4	43.4	50.3	1008.2	0.00	0.0	890	38.27	965	8.7	1.86	9.7	0.000	0.296	31.8	77	27.3	42.3	14.59	1.1108	0.56	597	8	100.0	30
23-04-05	10:30 a	32.9	33.1	32.2	75	27.9	0.9	SSW	1.61	2.7	SW	32.9	45.9	45.9	52.3	1008.0	0.00	0.0	959	41.24	979	10.4	2.23	11.0	0.000	0.304	32.3	75	27.3	43.2	14.05	1.1090	0.00	596	8	100.0	30
23-04-05	11:00 a	32.9	33.2	32.5	73	27.4	0.9	SSW	1.61	2.7	SSW	32.9	44.7	44.7	50.7	1007.6	0.00	0.0	1004	43.18	1042	11.5	2.46	12.0	0.000	0.303	32.7	74	27.5	44.5	13.73	1.1065	0.69	600	8	100.0	30
23-04-05	11:30 a	33.2	33.7	32.8	77	28.6	0.9	SSW	1.61	2.7	SSW	33.2	48.2	48.2	54.3	1007.3	0.00	0.0	1024	44.04	1035	12.0	2.57	12.2	0.000	0.309	33.2	74	27.9	46.3	13.72	1.1034	0.00	598	8	100.0	30
23-04-05	12:00 p	33.7	34.0	32.9	73	28.2	0.9	SSE	1.61	2.7	SSW	33.7	47.9	47.9	54.1	1006.7	0.00	0.0	1017	43.74	1049	12.1	2.59	12.3	0.000	0.319	33.4	71	27.4	45.4	12.81	1.1032	0.71	599	8	100.0	30
23-04-05	12:30 p	32.7	33.8	32.7	71	26.8	0.9	SE	1.61	2.7	SSE	32.7	43.1	43.1	49.5	1006.0	0.00	0.0	995	42.79	1016	11.7	2.51	12.0	0.000	0.300	33.6	70	27.4	45.6	12.50	1.1017	0.00	600	8	100.0	30
23-04-05	1:00 p	32.9	33.4	32.7	72	27.2	0.9	SW	1.61	3.6	SSE	32.9	44.4	44.4	51.3	1005.9	0.00	0.0	973	41.84	1086	10.3	2.21	11.3	0.000	0.304	33.7	70	27.5	45.9	12.50	1.1009	0.69	598	8	100.0	30
23-04-05	1:30 p	32.9	33.3	32.4	75	27.9	0.9	SE	1.61	3.1	ESE	32.9	45.7	45.7	52.8	1005.6	0.00	0.0	773	33.24	1090	8.4	1.80	10.2	0.000	0.303	33.5	70	27.3	45.2	12.50	1.1019	0.00	599	8	100.0	30
23-04-05	2:00 p	34.1	34.2	32.7	71	28.0	0.9	S	1.61	3.1	SSE	34.1	47.9	47.9	55.2	1005.3	0.00	0.0	812	34.92	977	7.9	1.69	8.7	0.000	0.328	33.7	70	27.4	45.7	12.50	1.1006	0.53	599	8	100.0	30
23-04-05	2:30 p	32.6	34.1	32.4	76	27.8	0.9	SE	1.61	3.6	SSE	32.6	45.1	45.1	52.1	1005.0	0.00	0.0	684	29.42	751	5.9	1.26	6.9	0.000	0.297	33.4	70	27.2	44.8	12.51	1.1019	0.00	598	8	100.0	30
23-04-05	3:00 p	32.3	33.2	31.7	75	27.3	0.9	SSE	1.61	3.6	SE	32.3	43.4	43.4	50.4	1004.6	0.00	0.0	570	24.51	717	3.8	0.81	5.3	0.000	0.292	32.9	71	27.0	43.8	12.82	1.1035	0.41	600	8	100.0	30
23-04-05	3:30 p	31.6	32.4	31.6	76	26.9	0.9	SE	1.61	3.1	ESE	31.6	41.0	41.0	47.4	1004.8	0.00	0.0	441	18.97	564	2.7	0.58	3.6	0.000	0.277	32.5	73	27.0	43.2	13.43	1.1052	0.00	597	8	100.0	30
23-04-05	4:00 p	31.1	32.0	31.1	78	26.8	0.9	SSE	1.61	2.7	S	31.1	39.6	39.6	44.7	1004.8	0.00	0.0	280	12.04	452	1.5	0.32	2.3	0.000	0.266	32.1	73	26.7	41.8	13.45	1.1075	0.25	597	8	100.0	30
23-04-05	4:30 p	30.2	31.1	30.2	82	26.8	0.4	SE	0.80	2.7	SE	30.2	38.3	38.3	40.6	1004.8	0.00	0.0	102	4.39	142	0.7	0.15	0.9	0.000	0.247	31.9	76	27.2	42.3	14.28	1.1068	0.00	600	8	100.0	30
23-04-05	5:00 p	30.0	30.2	29.8	81	26.4	0.4	ESE	0.80	2.2	SE	30.0	37.4	37.4	37.6	1004.9	0.00	0.0	65	2.80	86	0.0	0.00	0.0	0.000	0.243	31.7	77	27.1	41.7	14.61	1.1081	0.08	597	8	100.0	30
23-04-05	5:30 p	29.3	30.1	29.3	86	26.7	0.4	S	0.80	2.7	SSE	29.3	36.9	36.9	36.9	1005.1	0.00	0.0	45	1.94	90	0.0	0.00	0.0	0.000	0.229	31.5	78	27.2	41.3	14.85	1.1087	0.00	599	8	100.0	30
23-04-05	6:00 p	28.6	29.3	28.6	89	26.6	0.0	S	0.00	0.9	S	28.6	35.6	35.6	34.9	1006.1	0.00	0.0	2	0.09	9	0.0	0.00	0.0	0.000	0.214	31.3	79	27.2	40.7	15.25	1.1107	0.03	600	8	100.0	30
23-04-05	6:30 p	28.1	28.6	28.1	90	26.3	0.0	ESE	0.00	0.4	ESE	28.1	34.3	34.3	33.7	1006.3	0.00	0.0	0	0.00	0	0.0	0.00	0.0	0.000	0.204	31.0	80	27.1	39.9	15.64	1.1121	0.00	597	8	100.0	30
23-04-05	7:00 p	28.0	28.2	28.0	90	26.2	0.0	ESE	0.00	0.4	ESE	28.0	34.0	34.0	33.4	1006.8	0.00	0.0	0	0.00	0	0.0	0.00	0.0	0.000	0.201	30.8	81	27.1	39.8	16.05	1.1135	0.00	599	8	100.0	30
23-04-05	7:30 p	27.8	28.1	27.8	92	26.4	0.0	ESE	0.00	1.3	NE	27.8	33.8	33.8	33.2	1007.0	2.54	26.4	0	0.00	0	0.0	0.00	0.0	0.000	0.197	30.6	83	27.4	40.2	16.77	1.1137	0.00	599	8	100.0	30
23-04-05	8:00 p	26.3	27.8	26.3	92	24.9	0.4	NE	0.80	2.2	SSE	26.3	29.9	29.9	29.2	1007.6	13.46	90.9	0	0.00	0	0.0	0.00	0.0	0.000	0.166	30.0	83	26.8	37.9	16.81	1.1181	0.00	596	8	100.0	30
23-04-05	8:30 p	25.8	26.2	25.7	93	24.6	0.9	NE	1.61	3.6	N	25.8	28.9	28.9	28.2	1008.4	28.70	118.1	0	0.00	0	0.0	0.00	0.0	0.000	0.155	29.3	83	26.1	36.2	16.86	1.1230	0.00	598	8	100.0	30
23-04-05	9:00 p	25.7	25.9	25.7	94	24.7	0.0	SE	0.00	1.8	S	25.7	28.9	28.9	28.2	1009.0	6.10	68.6	0	0.00	0	0.0	0.00	0.0	0.000	0.154	28.9	84	26.0	35.6	17.29	1.1255	0.00	592	8	100.0	30
23-04-05	9:30 p	25.7	25.9	25.6	94	24.6	0.0	SE	0.00	0.4	SE	25.7	28.7	28.7	28.0	1009.1	0.00	0.0	0	0.00	0	0.0	0.00	0.0	0.000	0.153	28.8	85	26.0	35.3	17.72	1.1262	0.00	591	8	100.0	30
23-04-05	10:00 p	25.6	25.7	25.6	94	24.5	0.0	SE	0.00	0.4	SE	25.6	28.5	28.5	27.8	1009.0	0.00	0.0	0	0.00	0	0.0	0.00	0.0	0.000	0.150	28.6	86	26.0	35.0	18.14	1.1267	0.00	595	8	100.0	30
23-04-05	10:30 p	25.4	25.6	25.3	94	24.4	0.0	SE	0.00	0.4	SE	25.4	28.2	28.2	27.4	1008.8	0.25	0.0	0	0.00	0	0.0	0.00	0.0	0.000	0.147	28.4	86	25.9	34.4	18.16	1.1274	0.00	587	8	100.0	30
23-04-05	11:00 p	25.6	25.6	25.3	95	24.7	0.0	---	0.00	0.0	---	25.6	28.6	28.6	27.8	1008.8	0.00	0.0	0	0.00	0	0.0	0.00	0.0	0.000	0.150	28.3	86	25.8	34.1	18.17	1.1280	0.00	595	8	100.0	30
23-04-05	11:30 p	25.3	25.6	25.3	95	24.4	0.0	SE	0.00	0.9	SE	25.3	28.0	28.0	27.2	1008.5	0.00	0.0	0	0.00	0	0.0	0.00	0.0	0.000	0.145	28.2	86	25.6	33.7	18.19	1.1287	0.00	596	8	100.0	30
23-04-06	12:00 a	25.3	25.4	25.3	95	24.5	0.0	---	0.00	0.0	---	25.3	28.1	28.1	27.4	1008.4	0.00	0.0	0	0.00	0	0.0	0.00	0.0	0.000	0.146	28.0	87	25.6	33.4	18.61	1.1291	0.00	595	8	100.0	30
23-04-06	12:30 a	25.1	25.3	25.1	95	24.3	0.0	E	0.00	0.4	E	25.1	27.7	27.7	26.9	1008.0	0.00	0.0	0	0.00	0	0.0	0.00	0.0	0.000	0.141	27.8	87	25.5	32.9	18.62	1.1296	0.00	592	8	100.0	30
23-04-06	1:00 a	24.9	25.1	24.8	95	24.0	0.0	---	0.00	0.0	---	24.9	27.3	27.3	26.6	1007.4	0.00	0.0	0	0.00	0	0.0	0.00	0.0	0.000	0.137	27.6	87	25.3	32.4	18.65	1.1303	0.00	596	8	100.0	30
23-04-06	1:30 a	25.1	25.1	24.9	95	24.2	0.0	---	0.00	0.0	---	25.1	27.6	27.6	26.8	1007.0	0.00	0.0	0	0.00	0	0.0	0.00	0.0	0.000	0.140	27.4	87	25.1	31.9	18.67	1.1309	0.00	599	8	100.0	30
23-04-06	2:00 a	25.1	25.2	25.0	95	24.3	0.0	---	0.00	0.0	---	25.1	27.7	27.7	26.9	1006.9	0.00	0.0	0	0.00	0	0.0	0.00	0.0	0.000	0.141	27.4	88	25.2	31.9	19.22	1.1307	0.00	592	8	100.0	30
23-04-06	2:30 a	25.1	25.2	25.1	95	24.3	0.0	---	0.00	0.0	---	25.1	27.7	27.7	26.9	1006.8	0.00	0.0	0	0.00	0	0.0	0.00	0.0	0.000	0.141	27.4	88	25.3	32.1	19.21	1.1302	0.00	594	8	100.0	30
23-04-06	3:00 a	25.2	25.2	25.1	95	24.3	0.0	---	0.00	0.0	---	25.2	27.8	27.8	27.1	1006.6	0.00	0.0	0	0.00	0	0.0	0.00	0.0	0.000	0.142	27.3	89	25.4	31.9	19.83	1.1302	0.00	595	8	100.0	30
23-04-06	3:30 a	25.3	25.3	25.1	95	24.4	0.0	---	0.00	0.0	---	25.3	28.0	28.0	27.2	1006.6	0.00	0.0	0	0.00	0	0.0	0.00	0.0	0.000	0.145	27.3	89	25.3	31.8	19.84	1.1305	0.00	594	8	100.0	30
23-04-06	4:00 a	25.3	25.3	25.2	95	24.4	0.0	---	0.00	0.0	---	25.3	28.0	28.0	27.2	1006.7	0.00	0.0	0	0.00	0	0.0	0.00	0.0	0.000	0.145	27.3	89	25.3	31.8	19.84	1.1306	0.00	597	8	100.0	30
23-04-06	4:30 a	25.1	25.3	25.0	95	24.2	0.0	---	0.00	0.0	---	25.1	27.6	27.6	26.8	1006.6	0.00	0.0	0	0.00	0	0.0	0.00	0.0	0.000	0.140	27.2	89	25.2	31.6	19.85	1.1309	0.00	594	8	100.0	30
23-04-06	5:00 a	24.9	25.1	24.9	95	24.1	0.0	---	0.00	0.0	---	24.9	27.4	27.4	26.7	1006.9	0.00	0.0	0	0.00	0	0.0	0.00	0.0	0.000	0.138	27.2	89	25.2	31.5	19.86	1.1315	0.00	593	8	100.0	30
23-04-06	5:30 a	24.7	25.0	24.7	95	23.9	0.0	---	0.00	0.0	---	24.7	27.1	27.1	26.3	1006.8	0.00	0.0	0	0.00	0	0.0	0.00	0.0	0.000	0.133	27.1	89	25.1	31.2	19.88	1.1321	0.00	599	8	100.0	30
23-04-06	6:00 a	24.9	24.9	24.6	95	24.0	0.0	---	0.00	0.0	---	24.9	27.3	27.3	26.8	1007.4	0.00	0.0	18	0.77	35	0.0	0.00	0.0	0.000	0.137	26.9	89	25.0	30.9	19.90	1.1333	0.00	592	8	100.0	30
23-04-06	6:30 a	25.4	25.4	24.9	95	24.6	0.0	---	0.00	0.0	---	25.4	28.3	28.3	29.3	1007.8	0.00	0.0	52	2.24	63	0.0	0.00	0.0	0.000	0.148	27.2	90	25.4	31.7	20.38	1.1321	0.00	596	8	100.0	30
23-04-06	7:00 a	25.9	26.3	25.4	95	25.0	0.0	E	0.00	0.9	E	25.9	29.3	29.3	30.9	1008.0	0.00	0.0	88	3.78	162	0.4	0.09	0.8	0.000	0.157	27.7	90	25.9	33.1	20.31	1.1294	0.05	597	8	100.0	30
23-04-06	7:30 a	26.5	26.5	25.9	95	25.6	0.0	E	0.00	0.9	E	26.5	30.8	30.8	32.9	1008.6	0.00	0.0	131	5.63	149	1.1	0.24	1.3	0.000	0.170	28.3	91	26.7	35.0	20.82	1.1259	0.00	597	8	100.0	30
23-04-06	8:00 a	27.1	27.1	26.4	95	26.2	0.0	E	0.00	0.9	E	27.1	32.2	32.2	34.9	1008.9	0.00	0.0	189	8.13	234	1.6	0.34	2.0	0.000	0.182	28.9	90	27.1	36.8	20.12	1.1227	0.10	600	8	100.0	30
23-04-06	8:30 a	27.6	27.7	27.1	96	26.9	0.0	E	0.00	0.9	E	27.6	33.9	33.9	36.9	1009.1	0.00	0.0	225	9.68	329	2.2	0.47	2.9	0.000	0.192	29.4	90	27.6	38.1	20.06	1.1202	0.00	593	8	100.0	30
23-04-06	9:00 a	29.3	29.3	27.4	95	28.4	0.4	E	0.80	0.9	E	29.3	39.4	39.4	45.8	1009.2	0.00	0.0	552	23.74	830	4.4	0.94	5.7	0.000	0.228	30.0	89	28.0	39.9	19.35	1.1171	0.25	589	8	100.0	30
23-04-06	9:30 a	31.0	31.0	29.3	84	28.0	0.4	SW	0.80	1.8	SSE	31.0	41.7	41.7	48.5	1009.5	0.00	0.0	653	28.08	803	5.8	1.24	7.0	0.000	0.264	30.7	85	27.9	41.1	17.52	1.1152	0.00	594	8	100.0	30
23-04-06	10:00 a	30.6	31.4	29.7	86	27.9	0.4	SE	0.80	1.8	SE	30.6	41.3	41.3	47.3	1009.5	0.00	0.0	538	23.14	728	6.2	1.33	8.8	0.000	0.255	31.1	84	28.0	41.9	17.13	1.1134	0.41	596	8	100.0	30
23-04-06	10:30 a	30.2	31.6	30.1	85	27.4	0.4	SSE	0.80	1.8	SW	30.2	39.4	39.4	44.9	1009.4	0.00	0.0	489	21.03	981	6.1	1.31	9.8	0.000	0.248	31.3	82	27.8	41.9	16.42	1.1129	0.00	597	8	100.0	30
23-04-06	11:00 a	31.3	31.3	30.0	81	27.6	0.4	SSW	0.80	2.7	SSW	31.3	41.5	41.5	47.4	1009.3	0.00	0.0	526	22.62	981	7.4	1.59	10.8	0.000	0.270	31.4	81	27.8	42.3	16.01	1.1123	0.36	597	8	100.0	30
23-04-06	11:30 a	30.9	32.3	30.8	84	27.9	0.9	SSW	1.61	3.1	WSW	30.9	41.4	41.4	48.7	1008.9	0.00	0.0	767	32.99	1185	9.5	2.04	12.9	0.000	0.262	31.8	79	27.7	43.2	15.19	1.1106	0.00	597	8	100.0	30
23-04-06	12:00 p	29.8	31.0	29.8	81	26.2	0.9	S	1.61	3.1	ESE	29.8	36.8	36.8	42.2	1008.6	0.00	0.0	472	20.30	731	6.5	1.39	9.6	0.000	0.238	31.5	78	27.2	41.3	14.85	1.1127	0.43	597	8	100.0	30
23-04-06	12:30 p	31.1	31.2	29.8	78	26.8	0.9	SSW	1.61	2.7	S	31.1	39.6	39.6	46.3	1008.4	0.00	0.0	654	28.13	851	8.1	1.74	9.8	0.000	0.266	31.7	77	27.1	41.7	14.61	1.1120	0.00	599	8	100.0	30
23-04-06	1:00 p	30.3	31.1	30.3	83	27.1	0.9	SSW	1.61	2.7	SSW	30.3	39.2	39.2	44.5	1008.2	0.00	0.0	470	20.21	561	6.0	1.29	7.1	0.000	0.250	31.7	78	27.4	42.1	14.83	1.1113	0.38	598	8	100.0	30
23-04-06	1:30 p	30.5	30.7	30.3	82	27.1	0.4	SSW	0.80	2.2	SSW	30.5	39.5	39.5	44.1	1007.7	0.00	0.0	379	16.30	417	4.7	1.01	5.1	0.000	0.253	31.4	78	27.1	41.1	14.86	1.1120	0.00	599	8	100.0	30
23-04-06	2:00 p	30.3	30.6	30.1	79	26.3	0.9	SSW	1.61	2.7	SSW	30.3	37.9	37.9	42.8	1007.1	0.00	0.0	397	17.07	427	4.5	0.96	4.7	0.000	0.250	31.3	78	27.0	40.3	14.89	1.1124	0.28	599	8	100.0	30
23-04-06	2:30 p	29.9	30.4	29.8	83	26.7	0.9	S	1.61	3.6	SSE	29.9	37.6	37.6	42.3	1007.3	0.00	0.0	342	14.71	431	3.5	0.75	4.5	0.000	0.241	31.1	79	27.0	39.9	15.27	1.1131	0.00	599	8	100.0	30
23-04-06	3:00 p	29.6	29.8	29.3	83	26.4	0.9	S	1.61	2.7	SSW	29.6	36.7	36.7	40.9	1006.8	0.00	0.0	278	11.96	366	2.3	0.49	3.0	0.000	0.234	30.9	80	27.1	39.8	15.64	1.1130	0.23	599	8	100.0	30
23-04-06	3:30 p	28.8	29.6	28.6	84	25.8	0.9	S	1.61	4.0	ESE	28.8	35.1	35.1	38.6	1006.6	0.00	0.0	199	8.56	271	1.5	0.32	1.9	0.000	0.218	30.7	79	26.6	38.9	15.32	1.1150	0.00	599	8	100.0	30
23-04-06	4:00 p	28.7	28.8	28.4	85	25.9	0.4	SW	0.80	2.2	SSE	28.7	34.9	34.9	37.6	1006.6	0.00	0.0	132	5.68	160	1.0	0.21	1.2	0.000	0.215	30.4	80	26.6	38.6	15.68	1.1157	0.13	599	8	100.0	30
23-04-06	4:30 p	28.3	28.7	28.2	86	25.7	0.4	ESE	0.80	1.8	WSW	28.3	34.0	34.0	36.2	1006.9	0.00	0.0	104	4.47	118	0.5	0.11	0.7	0.000	0.207	30.2	80	26.4	37.8	15.69	1.1174	0.00	598	8	100.0	30
23-04-06	5:00 p	27.7	28.3	27.6	89	25.7	0.4	SSE	0.80	1.3	SSE	27.7	32.9	32.9	32.9	1007.0	0.00	0.0	54	2.32	79	0.0	0.00	0.0	0.000	0.194	30.1	82	26.6	37.8	16.51	1.1176	0.05	600	8	100.0	30
23-04-06	5:30 p	27.3	27.7	27.3	92	25.9	0.0	SSE	0.00	0.9	SSE	27.3	32.4	32.4	32.0	1007.5	0.00	0.0	15	0.65	33	0.0	0.00	0.0	0.000	0.187	29.8	84	26.8	37.7	17.22	1.1185	0.00	598	8	100.0	30
23-04-06	6:00 p	27.1	27.3	26.9	93	25.8	0.0	ESE	0.00	1.3	ESE	27.1	31.8	31.8	31.2	1008.0	0.00	0.0	0	0.00	0	0.0	0.00	0.0	0.000	0.182	29.7	84	26.7	37.3	17.23	1.1201	0.00	598	8	100.0	30
23-04-06	6:30 p	26.9	27.1	26.8	93	25.7	0.0	ESE	0.00	0.9	E	26.9	31.4	31.4	30.8	1008.5	0.00	0.0	0	0.00	0	0.0	0.00	0.0	0.000	0.178	29.5	85	26.7	37.1	17.64	1.1212	0.00	592	8	100.0	30
23-04-06	7:00 p	26.7	26.9	26.7	93	25.5	0.0	E	0.00	0.9	NNE	26.7	31.0	31.0	30.3	1008.8	0.00	0.0	0	0.00	0	0.0	0.00	0.0	0.000	0.175	29.3	85	26.5	36.6	17.66	1.1225	0.00	592	8	100.0	30
23-04-06	7:30 p	26.5	26.8	26.5	94	25.5	0.0	ENE	0.00	0.4	ENE	26.5	30.7	30.7	30.0	1008.8	0.00	0.0	0	0.00	0	0.0	0.00	0.0	0.000	0.170	29.2	85	26.4	36.4	17.67	1.1232	0.00	596	8	100.0	30
23-04-06	8:00 p	26.3	26.6	26.3	94	25.3	0.0	NNE	0.00	1.8	NNE	26.3	30.3	30.3	29.6	1009.1	0.00	0.0	0	0.00	0	0.0	0.00	0.0	0.000	0.167	29.1	85	26.3	36.1	17.69	1.1242	0.00	598	8	100.0	30
23-04-06	8:30 p	26.1	26.3	26.1	94	25.0	0.0	NNE	0.00	0.4	NNE	26.1	29.7	29.7	29.0	1009.5	0.00	0.0	0	0.00	0	0.0	0.00	0.0	0.000	0.161	28.9	85	26.1	35.6	17.71	1.1259	0.00	596	8	100.0	30
23-04-06	9:00 p	25.8	26.1	25.8	94	24.8	0.0	NNE	0.00	0.9	NNE	25.8	29.1	29.1	28.4	1009.9	0.00	0.0	0	0.00	0	0.0	0.00	0.0	0.000	0.156	28.7	85	25.9	35.1	17.73	1.1274	0.00	594	8	100.0	30
23-04-06	9:30 p	25.9	26.1	25.8	94	24.9	0.0	NNE	0.00	0.4	NNE	25.9	29.4	29.4	28.7	1010.2	0.00	0.0	0	0.00	0	0.0	0.00	0.0	0.000	0.159	28.6	86	26.0	34.8	18.15	1.1284	0.00	594	8	100.0	30
23-04-06	10:00 p	25.9	26.0	25.8	94	24.9	0.0	NNE	0.00	0.4	NNE	25.9	29.4	29.4	28.7	1010.4	0.00	0.0	0	0.00	0	0.0	0.00	0.0	0.000	0.159	28.4	86	25.8	34.3	18.16	1.1295	0.00	595	8	100.0	30
23-04-06	10:30 p	26.1	26.1	25.8	94	25.0	0.0	NNE	0.00	0.9	NNE	26.1	29.7	29.7	29.0	1010.0	0.00	0.0	0	0.00	0	0.0	0.00	0.0	0.000	0.161	28.3	87	26.0	34.3	18.57	1.1290	0.00	596	8	100.0	30
23-04-06	11:00 p	26.1	26.2	26.0	94	25.0	0.0	NE	0.00	0.4	NE	26.1	29.7	29.7	29.0	1010.2	0.00	0.0	0	0.00	0	0.0	0.00	0.0	0.000	0.161	28.3	87	25.9	34.2	18.58	1.1295	0.00	597	8	100.0	30
23-04-06	11:30 p	26.1	26.2	25.9	94	25.0	0.0	---	0.00	0.0	---	26.1	29.7	29.7	29.0	1010.1	0.00	0.0	0	0.00	0	0.0	0.00	0.0	0.000	0.161	28.1	88	25.9	33.9	19.09	1.1300	0.00	596	8	100.0	30
23-04-07	12:00 a	26.1	26.2	26.0	95	25.2	0.0	---	0.00	0.0	---	26.1	29.9	29.9	29.2	1009.9	0.00	0.0	0	0.00	0	0.0	0.00	0.0	0.000	0.162	28.0	88	25.8	33.6	19.11	1.1305	0.00	596	8	100.0	30
23-04-07	12:30 a	26.1	26.3	26.1	95	25.2	0.0	NE	0.00	0.9	NE	26.1	29.8	29.8	29.1	1009.4	0.00	0.0	0	0.00	0	0.0	0.00	0.0	0.000	0.161	28.1	88	25.9	33.9	19.09	1.1292	0.00	598	8	100.0	30
23-04-07	1:00 a	25.8	26.1	25.8	95	25.0	0.0	NE	0.00	0.4	NE	25.8	29.2	29.2	28.5	1009.0	0.00	0.0	0	0.00	0	0.0	0.00	0.0	0.000	0.156	27.9	89	26.0	33.7	19.72	1.1293	0.00	597	8	100.0	30
23-04-07	1:30 a	25.3	25.8	25.3	95	24.4	0.0	---	0.00	0.0	---	25.3	28.0	28.0	27.2	1008.6	0.00	0.0	0	0.00	0	0.0	0.00	0.0	0.000	0.145	27.8	88	25.7	33.2	19.14	1.1299	0.00	596	8	100.0	30
23-04-07	2:00 a	25.1	25.3	25.0	95	24.2	0.0	---	0.00	0.0	---	25.1	27.6	27.6	26.8	1008.2	0.00	0.0	0	0.00	0	0.0	0.00	0.0	0.000	0.140	27.5	88	25.3	32.2	19.20	1.1315	0.00	600	8	100.0	30
23-04-07	2:30 a	24.8	25.1	24.7	95	23.9	0.0	---	0.00	0.0	---	24.8	27.2	27.2	26.4	1007.7	0.00	0.0	0	0.00	0	0.0	0.00	0.0	0.000	0.134	27.2	88	25.1	31.4	19.25	1.1325	0.00	595	8	100.0	30
23-04-07	3:00 a	24.7	24.8	24.6	95	23.8	0.0	---	0.00	0.0	---	24.7	27.0	27.0	26.2	1007.6	0.00	0.0	0	0.00	0	0.0	0.00	0.0	0.000	0.132	27.0	88	24.8	30.9	19.29	1.1337	0.00	598	8	100.0	30
23-04-07	3:30 a	24.7	24.8	24.6	95	23.8	0.0	NE	0.00	0.4	NE	24.7	27.0	27.0	26.2	1007.9	0.00	0.0	0	0.00	0	0.0	0.00	0.0	0.000	0.132	26.9	89	25.0	30.9	19.90	1.1340	0.00	598	8	100.0	30
23-04-07	4:00 a	24.4	24.7	24.4	95	23.6	0.0	---	0.00	0.0	---	24.4	26.7	26.7	25.9	1007.9	0.00	0.0	0	0.00	0	0.0	0.00	0.0	0.000	0.127	26.8	89	24.8	30.6	19.93	1.1349	0.00	599	8	100.0	30
23-04-07	4:30 a	24.4	24.6	24.4	95	23.5	0.0	---	0.00	0.0	---	24.4	26.6	26.6	25.8	1008.0	0.00	0.0	0	0.00	0	0.0	0.00	0.0	0.000	0.126	26.7	89	24.8	30.4	19.94	1.1354	0.00	599	8	100.0	30
23-04-07	5:00 a	24.5	24.6	24.4	95	23.6	0.0	---	0.00	0.0	---	24.5	26.7	26.7	25.9	1008.0	0.00	0.0	0	0.00	0	0.0	0.00	0.0	0.000	0.128	26.6	89	24.6	30.2	19.95	1.1361	0.00	599	8	100.0	30
23-04-07	5:30 a	24.6	24.6	24.4	95	23.7	0.0	NE	0.00	0.4	NE	24.6	26.8	26.8	26.1	1008.0	0.00	0.0	1	0.04	7	0.0	0.00	0.0	0.000	0.130	26.6	89	24.6	30.1	19.95	1.1364	0.00	598	8	100.0	30
23-04-07	6:00 a	25.0	25.0	24.6	95	24.1	0.0	NE	0.00	0.4	NE	25.0	27.5	27.5	27.1	1008.4	0.00	0.0	25	1.08	51	0.0	0.00	0.0	0.000	0.139	26.7	90	24.9	30.6	20.44	1.1354	0.00	600	8	100.0	30
23-04-07	6:30 a	25.4	25.5	25.0	95	24.6	0.0	NE	0.00	0.4	NE	25.4	28.3	28.3	29.3	1008.7	0.00	0.0	52	2.24	79	0.0	0.00	0.0	0.000	0.148	27.0	90	25.2	31.2	20.40	1.1342	0.00	595	8	100.0	30
23-04-07	7:00 a	25.8	26.1	25.4	95	24.9	0.0	NE	0.00	0.4	NE	25.8	29.1	29.1	30.7	1009.1	0.00	0.0	91	3.91	118	0.4	0.09	0.7	0.000	0.155	27.4	90	25.6	32.3	20.35	1.1324	0.05	595	8	100.0	30
23-04-07	7:30 a	26.1	26.2	25.7	95	25.2	0.4	SW	0.80	1.8	SW	26.1	29.8	29.8	31.6	1009.6	0.00	0.0	118	5.07	171	0.9	0.19	1.4	0.000	0.161	27.6	87	25.3	32.4	18.65	1.1329	0.00	591	8	100.0	30
23-04-07	8:00 a	28.1	28.1	26.0	88	25.9	0.4	SW	0.80	1.3	SW	28.1	33.9	33.9	36.7	1009.8	0.00	0.0	192	8.26	359	1.8	0.39	2.4	0.000	0.204	28.5	84	25.5	34.3	17.32	1.1291	0.10	597	8	100.0	30
23-04-07	8:30 a	29.7	29.8	27.7	83	26.5	0.0	WSW	0.00	1.3	WSW	29.7	37.2	37.2	41.7	1010.0	0.00	0.0	349	15.01	800	2.8	0.60	5.0	0.000	0.237	29.0	81	25.4	35.1	16.18	1.1277	0.00	597	8	100.0	30
23-04-07	9:00 a	31.1	31.1	29.8	78	26.8	0.4	SW	0.80	1.8	SW	31.1	39.4	39.4	46.4	1010.1	0.00	0.0	729	31.35	756	5.6	1.20	6.4	0.000	0.265	30.1	82	26.6	37.8	16.51	1.1211	0.36	598	8	100.0	30
23-04-07	9:30 a	31.6	31.7	30.9	79	27.5	0.4	S	0.80	2.2	SSW	31.6	42.2	42.2	49.3	1009.9	0.00	0.0	800	34.40	860	7.3	1.56	8.1	0.000	0.277	30.6	80	26.8	39.1	15.67	1.1185	0.00	595	8	100.0	30
23-04-07	10:00 a	31.6	31.9	31.3	75	26.6	0.9	SSW	1.61	2.7	ESE	31.6	40.4	40.4	47.3	1010.0	0.00	0.0	883	37.97	909	8.8	1.89	9.6	0.000	0.275	31.2	77	26.7	39.7	14.66	1.1165	0.56	598	8	100.0	30
23-04-07	10:30 a	32.3	32.4	31.3	76	27.6	0.9	SW	1.61	2.7	SSW	32.3	43.9	43.9	50.9	1009.7	0.00	0.0	922	39.65	972	10.1	2.16	10.9	0.000	0.292	31.6	75	26.6	40.6	14.09	1.1150	0.00	599	8	100.0	30
23-04-07	11:00 a	31.7	32.7	31.4	75	26.7	0.9	SW	1.61	3.1	SSW	31.7	41.1	41.1	48.2	1009.7	0.00	0.0	921	39.61	1000	10.8	2.31	11.4	0.000	0.279	31.8	74	26.6	41.1	13.76	1.1142	0.63	598	8	100.0	30
23-04-07	11:30 a	32.9	33.0	31.6	76	28.1	0.9	SW	1.61	2.7	SSE	32.9	46.3	46.3	53.4	1009.1	0.00	0.0	922	39.65	1125	11.0	2.36	12.4	0.000	0.303	32.1	72	26.4	41.2	13.16	1.1133	0.00	593	8	100.0	30
23-04-07	12:00 p	32.7	32.8	31.7	74	27.4	0.9	SW	1.61	3.6	WSW	32.7	44.3	44.3	51.7	1008.5	0.00	0.0	852	36.64	976	10.6	2.27	11.6	0.000	0.299	32.1	69	25.7	40.3	12.35	1.1138	0.61	599	8	100.0	30
23-04-07	12:30 p	32.6	33.2	32.3	74	27.3	0.9	SE	1.61	2.2	SW	32.6	43.9	43.9	50.4	1008.0	0.00	0.0	1004	43.18	1130	11.6	2.49	12.5	0.000	0.296	32.4	72	26.7	42.6	13.13	1.1097	0.00	596	8	100.0	30
23-04-07	1:00 p	32.3	32.8	31.8	73	26.9	0.9	SSW	1.61	3.1	W	32.3	42.6	42.6	49.4	1007.7	0.00	0.0	876	37.67	1144	9.5	2.04	11.8	0.000	0.292	32.4	69	26.0	41.2	12.34	1.1114	0.61	596	8	100.0	30
23-04-07	1:30 p	32.6	32.6	30.6	72	26.8	0.9	S	1.61	2.2	S	32.6	43.0	43.0	49.5	1007.5	0.00	0.0	608	26.15	1211	7.1	1.52	10.7	0.000	0.296	32.0	72	26.3	41.0	13.16	1.1117	0.00	595	8	100.0	30
23-04-07	2:00 p	31.2	33.1	31.1	79	27.1	0.9	SW	1.61	3.6	NW	31.2	40.4	40.4	47.3	1007.1	0.00	0.0	659	28.34	946	6.8	1.46	9.0	0.000	0.269	31.8	73	26.4	40.7	13.46	1.1117	0.43	593	8	100.0	30
23-04-07	2:30 p	31.8	32.1	30.9	75	26.8	0.9	S	1.61	4.0	WSW	31.8	41.5	41.5	48.3	1006.9	0.00	0.0	583	25.07	775	5.1	1.09	6.9	0.000	0.281	31.6	74	26.4	40.1	13.77	1.1126	0.00	597	8	100.0	30
23-04-07	3:00 p	31.1	31.9	30.7	75	26.1	0.9	W	1.61	4.0	SE	31.1	38.4	38.4	44.7	1006.7	0.00	0.0	452	19.44	670	3.9	0.84	5.2	0.000	0.265	31.2	73	25.8	38.4	13.49	1.1149	0.36	597	8	100.0	30
23-04-07	3:30 p	29.7	31.6	29.7	77	25.3	0.9	SSW	1.61	3.6	SSW	29.7	35.8	35.8	41.3	1006.7	0.00	0.0	333	14.32	557	2.5	0.54	3.6	0.000	0.237	30.9	73	25.5	37.7	13.50	1.1168	0.00	597	8	100.0	30
23-04-07	4:00 p	29.7	30.4	29.6	81	26.1	0.4	SW	0.80	2.2	SW	29.7	36.6	36.6	41.3	1006.8	0.00	0.0	246	10.58	346	1.5	0.32	1.9	0.000	0.236	30.7	75	25.7	37.8	14.16	1.1172	0.20	597	8	100.0	30
23-04-07	4:30 p	28.6	29.7	28.6	85	25.8	0.0	S	0.00	1.8	WSW	28.6	34.8	34.8	36.8	1007.1	0.00	0.0	92	3.96	120	0.7	0.15	1.0	0.000	0.214	30.4	76	25.7	37.6	14.44	1.1184	0.00	597	8	100.0	30
23-04-07	5:00 p	28.1	28.8	28.1	84	25.2	0.0	S	0.00	1.3	S	28.1	33.2	33.2	33.5	1007.6	0.00	0.0	80	3.44	123	0.1	0.02	0.5	0.000	0.204	30.4	77	26.0	37.8	14.74	1.1184	0.05	598	8	100.0	30
23-04-07	5:30 p	27.4	28.2	27.4	88	25.3	0.0	W	0.00	0.9	SSW	27.4	32.1	32.1	31.6	1008.1	0.00	0.0	10	0.43	26	0.0	0.00	0.0	0.000	0.190	30.3	79	26.2	37.8	15.36	1.1189	0.00	600	8	100.0	30
23-04-07	6:00 p	26.9	27.5	26.9	90	25.2	0.0	W	0.00	0.4	W	26.9	31.1	31.1	30.4	1008.3	0.00	0.0	0	0.00	0	0.0	0.00	0.0	0.000	0.179	30.0	80	26.2	37.1	15.71	1.1204	0.00	599	8	100.0	30
23-04-07	6:30 p	26.7	26.9	26.7	91	25.1	0.0	W	0.00	0.9	W	26.7	30.7	30.7	30.1	1008.7	0.00	0.0	0	0.00	0	0.0	0.00	0.0	0.000	0.175	29.7	81	26.1	36.6	16.13	1.1223	0.00	597	8	100.0	30
23-04-07	7:00 p	26.3	26.7	26.3	91	24.7	0.0	W	0.00	0.9	W	26.3	29.9	29.9	29.2	1009.2	0.00	0.0	0	0.00	0	0.0	0.00	0.0	0.000	0.167	29.4	81	25.8	36.0	16.15	1.1242	0.00	598	8	100.0	30
23-04-07	7:30 p	26.4	26.6	26.2	90	24.7	0.4	W	0.80	2.2	NNW	26.4	30.0	30.0	29.3	1009.7	0.00	0.0	0	0.00	0	0.0	0.00	0.0	0.000	0.169	29.2	80	25.4	35.2	15.77	1.1269	0.00	594	8	100.0	30
23-04-07	8:00 p	26.3	26.6	26.3	90	24.5	0.4	NNW	0.80	1.8	WSW	26.3	29.6	29.6	28.9	1010.1	0.00	0.0	0	0.00	0	0.0	0.00	0.0	0.000	0.166	28.8	81	25.2	34.7	16.19	1.1288	0.00	598	8	100.0	30
23-04-07	8:30 p	25.3	26.3	25.3	91	23.7	0.4	N	0.80	3.6	NNW	25.3	27.8	27.8	27.0	1010.4	2.54	26.7	0	0.00	0	0.0	0.00	0.0	0.000	0.145	28.5	83	25.3	34.1	16.92	1.1303	0.00	599	8	100.0	30
23-04-07	9:00 p	24.7	25.3	24.7	93	23.5	0.4	N	0.80	1.8	WNW	24.7	27.0	27.0	26.2	1010.6	2.03	17.5	0	0.00	0	0.0	0.00	0.0	0.000	0.133	28.1	83	24.9	33.0	16.95	1.1328	0.00	600	8	100.0	30
23-04-07	9:30 p	24.5	24.8	24.4	94	23.5	0.4	NW	0.80	1.8	NNE	24.5	26.7	26.7	25.9	1010.8	0.00	0.0	0	0.00	0	0.0	0.00	0.0	0.000	0.128	27.9	83	24.7	32.4	16.96	1.1343	0.00	599	8	100.0	30
23-04-07	10:00 p	24.6	24.7	24.4	94	23.5	0.4	NE	0.80	2.7	WNW	24.6	26.8	26.8	26.0	1011.1	0.25	0.0	0	0.00	0	0.0	0.00	0.0	0.000	0.130	27.7	83	24.5	31.8	16.98	1.1360	0.00	597	8	100.0	30
23-04-07	10:30 p	24.7	24.7	24.6	94	23.7	0.4	NW	0.80	2.7	W	24.7	27.1	27.1	26.3	1010.8	0.00	0.0	0	0.00	0	0.0	0.00	0.0	0.000	0.133	27.6	84	24.7	31.8	17.38	1.1355	0.00	599	8	100.0	30
23-04-07	11:00 p	24.7	24.8	24.6	94	23.6	0.4	N	0.80	2.2	NW	24.7	26.9	26.9	26.2	1010.6	0.00	0.0	0	0.00	0	0.0	0.00	0.0	0.000	0.132	27.5	84	24.6	31.6	17.39	1.1359	0.00	596	8	100.0	30
23-04-07	11:30 p	24.6	24.7	24.4	94	23.5	0.4	NW	0.80	2.2	NE	24.6	26.8	26.8	26.0	1010.2	0.00	0.0	0	0.00	0	0.0	0.00	0.0	0.000	0.130	27.4	84	24.4	31.3	17.40	1.1361	0.00	594	8	100.0	30
23-04-08	12:00 a	24.4	24.6	24.4	94	23.4	0.4	NW	0.80	1.8	NW	24.4	26.6	26.6	25.8	1009.8	0.00	0.0	0	0.00	0	0.0	0.00	0.0	0.000	0.127	27.3	84	24.3	31.0	17.41	1.1363	0.00	595	8	100.0	30
23-04-08	12:30 a	24.4	24.5	24.3	94	23.4	0.0	NW	0.00	0.9	NW	24.4	26.6	26.6	25.8	1009.1	0.00	0.0	0	0.00	0	0.0	0.00	0.0	0.000	0.126	27.2	85	24.5	31.0	17.89	1.1354	0.00	594	8	100.0	30
23-04-08	1:00 a	24.1	24.4	24.1	94	23.1	0.0	---	0.00	0.0	---	24.1	26.2	26.2	25.4	1008.5	0.00	0.0	0	0.00	0	0.0	0.00	0.0	0.000	0.120	27.0	86	24.5	30.7	18.31	1.1356	0.00	591	8	100.0	30
23-04-08	1:30 a	24.1	24.2	23.9	94	23.0	0.0	---	0.00	0.0	---	24.1	26.1	26.1	25.3	1008.4	0.00	0.0	0	0.00	0	0.0	0.00	0.0	0.000	0.119	26.7	86	24.1	29.9	18.35	1.1375	0.00	593	8	100.0	30
23-04-08	2:00 a	23.9	24.1	23.8	95	23.0	0.0	---	0.00	0.0	---	23.9	25.9	25.9	25.2	1008.0	0.00	0.0	0	0.00	0	0.0	0.00	0.0	0.000	0.116	26.4	86	23.9	29.5	18.37	1.1382	0.00	598	8	100.0	30
23-04-08	2:30 a	23.4	23.9	23.3	94	22.4	0.0	---	0.00	0.0	---	23.4	25.1	25.1	24.2	1007.6	0.00	0.0	0	0.00	0	0.0	0.00	0.0	0.000	0.105	26.2	86	23.7	29.1	18.38	1.1391	0.00	598	8	100.0	30
23-04-08	3:00 a	23.0	23.4	22.9	95	22.2	0.0	---	0.00	0.0	---	23.0	24.6	24.6	23.8	1007.4	0.00	0.0	0	0.00	0	0.0	0.00	0.0	0.000	0.097	26.0	86	23.5	28.7	18.40	1.1402	0.00	598	8	100.0	30
23-04-08	3:30 a	22.8	23.0	22.8	95	22.0	0.0	---	0.00	0.0	---	22.8	24.4	24.4	23.6	1007.2	0.00	0.0	0	0.00	0	0.0	0.00	0.0	0.000	0.094	25.7	86	23.2	28.2	18.42	1.1415	0.00	598	8	100.0	30
23-04-08	4:00 a	22.8	22.8	22.7	95	21.9	0.0	---	0.00	0.0	---	22.8	24.3	24.3	23.5	1007.3	0.00	0.0	0	0.00	0	0.0	0.00	0.0	0.000	0.093	25.6	86	23.0	27.9	18.43	1.1425	0.00	598	8	100.0	30
23-04-08	4:30 a	22.8	22.8	22.7	95	22.0	0.0	---	0.00	0.0	---	22.8	24.4	24.4	23.6	1007.2	0.25	0.0	0	0.00	0	0.0	0.00	0.0	0.000	0.094	25.4	87	23.1	27.7	18.89	1.1431	0.00	596	8	100.0	30
23-04-08	5:00 a	22.9	22.9	22.8	95	22.0	0.0	---	0.00	0.0	---	22.9	24.4	24.4	23.6	1007.3	0.00	0.0	0	0.00	0	0.0	0.00	0.0	0.000	0.095	25.3	87	23.0	27.6	18.89	1.1434	0.00	597	8	100.0	30
23-04-08	5:30 a	23.1	23.1	22.8	95	22.2	0.0	---	0.00	0.0	---	23.1	24.7	24.7	23.8	1007.6	0.00	0.0	0	0.00	0	0.0	0.00	0.0	0.000	0.098	25.3	88	23.1	27.6	19.45	1.1438	0.00	599	8	100.0	30
23-04-08	6:00 a	23.4	23.4	23.1	95	22.5	0.0	---	0.00	0.0	---	23.4	25.1	25.1	24.5	1007.8	0.00	0.0	16	0.69	30	0.0	0.00	0.0	0.000	0.105	25.3	89	23.4	27.8	19.95	1.1433	0.00	598	8	100.0	30
23-04-08	6:30 a	23.9	23.9	23.4	95	23.0	0.0	---	0.00	0.0	---	23.9	25.9	25.9	26.8	1008.1	0.00	0.0	50	2.15	65	0.0	0.00	0.0	0.000	0.116	25.6	89	23.7	28.2	19.95	1.1421	0.00	599	8	100.0	30
23-04-08	7:00 a	24.3	24.4	23.8	95	23.5	0.0	---	0.00	0.0	---	24.3	26.5	26.5	27.7	1008.4	0.00	0.0	74	3.18	81	0.2	0.04	0.6	0.000	0.125	26.0	90	24.2	29.1	20.45	1.1397	0.05	596	8	100.0	30
23-04-08	7:30 a	24.9	24.9	24.4	95	24.1	0.0	---	0.00	0.0	---	24.9	27.4	27.4	28.6	1008.7	0.00	0.0	84	3.61	95	0.9	0.19	1.2	0.000	0.138	26.6	90	24.8	30.2	20.45	1.1368	0.00	598	8	100.0	30
23-04-08	8:00 a	25.5	25.6	24.9	95	24.6	0.0	NW	0.00	0.9	NW	25.5	28.4	28.4	30.7	1009.2	0.00	0.0	162	6.97	357	1.6	0.34	2.3	0.000	0.149	27.4	90	25.6	32.3	20.35	1.1325	0.08	598	8	100.0	30
23-04-08	8:30 a	26.1	26.2	25.4	95	25.2	0.4	NW	0.80	0.9	NW	26.1	29.8	29.8	34.0	1009.5	0.00	0.0	322	13.85	561	2.7	0.58	3.9	0.000	0.161	28.2	89	26.2	34.2	19.68	1.1285	0.00	600	8	100.0	30
23-04-08	9:00 a	28.6	28.6	26.1	87	26.2	0.4	NNW	0.80	1.3	NE	28.6	35.0	35.0	41.2	1009.7	0.00	0.0	557	23.95	677	4.6	0.99	5.7	0.000	0.213	28.9	84	26.0	35.6	17.29	1.1264	0.28	599	8	100.0	30
23-04-08	9:30 a	29.6	29.9	28.7	86	27.0	0.4	NNE	0.80	1.3	NE	29.6	37.5	37.5	44.4	1009.9	0.00	0.0	700	30.10	837	6.3	1.35	7.1	0.000	0.234	29.7	84	26.7	37.4	17.23	1.1219	0.00	596	8	100.0	30
23-04-08	10:00 a	31.3	31.3	29.4	79	27.3	0.4	SSW	0.80	2.2	WSW	31.3	40.9	40.9	47.4	1009.5	0.00	0.0	918	39.48	976	8.5	1.82	9.5	0.000	0.271	30.5	79	26.4	38.5	15.34	1.1192	0.51	593	8	100.0	30
23-04-08	10:30 a	31.3	32.2	30.9	77	26.8	0.9	SSW	1.61	2.7	SSW	31.3	39.9	39.9	46.8	1009.6	0.00	0.0	936	40.25	958	10.2	2.19	10.8	0.000	0.270	31.1	76	26.3	38.8	14.38	1.1176	0.00	594	8	100.0	30
23-04-08	11:00 a	31.7	31.9	31.2	68	25.0	0.4	SE	0.80	2.7	WNW	31.7	38.4	38.4	44.8	1009.5	0.00	0.0	975	41.93	993	11.4	2.44	11.7	0.000	0.278	31.5	75	26.5	40.2	14.10	1.1154	0.66	598	8	100.0	30
23-04-08	11:30 a	31.7	32.7	31.6	73	26.2	0.9	SW	1.61	2.2	SSW	31.7	40.1	40.1	45.9	1009.2	0.00	0.0	1011	43.48	1028	12.0	2.57	12.2	0.000	0.278	31.7	71	25.8	39.6	12.85	1.1159	0.00	595	8	100.0	30
23-04-08	12:00 p	32.2	32.4	31.6	70	26.0	0.9	W	1.61	2.2	SSE	32.2	40.8	40.8	46.8	1008.9	0.00	0.0	1020	43.87	1060	11.9	2.55	12.6	0.000	0.288	32.0	70	25.8	40.2	12.55	1.1144	0.69	596	8	100.0	30
23-04-08	12:30 p	30.9	32.8	30.9	72	25.3	0.4	SSW	0.80	2.2	S	30.9	37.4	37.4	44.5	1008.5	0.00	0.0	774	33.29	1141	9.8	2.10	12.5	0.000	0.262	32.1	70	25.9	40.4	12.55	1.1136	0.00	598	8	100.0	30
23-04-08	1:00 p	31.6	33.0	30.8	74	26.4	0.4	SSW	0.80	2.2	S	31.6	40.3	40.3	47.4	1008.3	0.00	0.0	818	35.18	1014	9.5	2.04	10.8	0.000	0.277	32.1	71	26.1	40.8	12.85	1.1129	0.56	600	8	100.0	30
23-04-08	1:30 p	31.2	31.6	30.9	73	25.8	0.4	SE	0.80	2.7	SSW	31.2	38.4	38.4	44.7	1007.9	0.00	0.0	582	25.03	687	7.1	1.52	7.9	0.000	0.269	32.0	71	26.1	40.6	12.85	1.1127	0.00	599	8	100.0	30
23-04-08	2:00 p	31.2	31.8	30.8	74	26.0	0.9	SSW	1.61	2.2	S	31.2	38.5	38.5	44.7	1007.4	0.00	0.0	552	23.74	807	6.4	1.37	8.0	0.000	0.267	31.8	71	25.9	40.0	12.85	1.1131	0.41	598	8	100.0	30
23-04-08	2:30 p	31.9	32.0	31.2	73	26.4	0.9	ESE	1.61	2.2	SSE	31.9	40.9	40.9	47.7	1007.0	0.00	0.0	628	27.01	751	5.8	1.24	6.6	0.000	0.282	31.8	72	26.1	40.2	13.17	1.1125	0.00	598	8	100.0	30
23-04-08	3:00 p	29.6	32.2	29.6	83	26.4	0.4	SW	0.80	1.3	SSE	29.6	36.7	36.7	41.6	1006.7	0.00	0.0	327	14.06	679	3.3	0.71	5.3	0.000	0.234	31.4	73	26.0	39.1	13.48	1.1139	0.33	599	8	100.0	30
23-04-08	3:30 p	31.0	31.4	29.6	74	25.8	0.4	SSW	0.80	2.2	SSW	31.0	38.1	38.1	45.3	1006.5	0.00	0.0	499	21.46	584	3.2	0.69	3.7	0.000	0.264	31.0	74	25.8	38.1	13.79	1.1154	0.00	597	8	100.0	30
23-04-08	4:00 p	30.2	31.1	30.1	76	25.5	0.4	SE	0.80	1.8	SSE	30.2	36.8	36.8	43.1	1006.6	0.00	0.0	357	15.35	464	1.9	0.41	2.6	0.000	0.247	30.8	75	25.8	37.9	14.15	1.1163	0.30	597	8	100.0	30
23-04-08	4:30 p	28.7	30.2	28.7	83	25.5	0.4	SSE	0.80	1.3	SE	28.7	34.6	34.6	36.4	1006.7	0.00	0.0	83	3.57	265	0.4	0.09	1.3	0.000	0.215	30.3	77	25.8	37.4	14.75	1.1180	0.00	599	8	100.0	30
23-04-08	5:00 p	27.8	28.8	27.7	88	25.6	0.0	SW	0.00	0.9	SW	27.8	33.0	33.0	32.8	1006.8	0.00	0.0	32	1.38	44	0.0	0.00	0.0	0.000	0.197	30.3	79	26.2	37.8	15.36	1.1175	0.05	600	8	100.0	30
23-04-08	5:30 p	27.1	27.8	27.1	90	25.3	0.0	---	0.00	0.0	---	27.1	31.5	31.5	31.1	1007.3	0.00	0.0	16	0.69	25	0.0	0.00	0.0	0.000	0.183	29.9	81	26.3	37.2	16.11	1.1190	0.00	598	8	100.0	30
23-04-08	6:00 p	26.4	27.1	26.3	91	24.8	0.0	---	0.00	0.0	---	26.4	30.0	30.0	29.3	1007.4	0.00	0.0	1	0.04	5	0.0	0.00	0.0	0.000	0.168	29.6	81	25.9	36.3	16.14	1.1214	0.00	596	8	100.0	30
23-04-08	6:30 p	25.8	26.4	25.8	92	24.4	0.0	---	0.00	0.0	---	25.8	28.8	28.8	28.1	1007.7	0.00	0.0	0	0.00	0	0.0	0.00	0.0	0.000	0.155	28.9	82	25.6	35.2	16.57	1.1249	0.00	594	8	100.0	30
23-04-08	7:00 p	25.4	25.8	25.3	93	24.2	0.0	---	0.00	0.0	---	25.4	28.1	28.1	27.4	1008.1	0.00	0.0	0	0.00	0	0.0	0.00	0.0	0.000	0.147	28.5	83	25.3	34.1	16.92	1.1275	0.00	597	8	100.0	30
23-04-08	7:30 p	25.2	25.4	25.1	93	24.0	0.0	---	0.00	0.0	---	25.2	27.8	27.8	27.1	1008.5	0.00	0.0	0	0.00	0	0.0	0.00	0.0	0.000	0.144	28.2	84	25.2	33.3	17.34	1.1296	0.00	598	8	100.0	30
23-04-08	8:00 p	25.1	25.2	25.1	94	24.0	0.0	---	0.00	0.0	---	25.1	27.6	27.6	26.8	1008.5	0.00	0.0	0	0.00	0	0.0	0.00	0.0	0.000	0.140	27.9	85	25.1	32.7	17.82	1.1308	0.00	598	8	100.0	30
23-04-08	8:30 p	24.9	25.1	24.8	94	23.9	0.0	---	0.00	0.0	---	24.9	27.3	27.3	26.6	1008.7	0.00	0.0	0	0.00	0	0.0	0.00	0.0	0.000	0.137	27.7	85	24.9	32.2	17.84	1.1323	0.00	597	8	100.0	30
23-04-08	9:00 p	24.6	24.9	24.6	94	23.6	0.0	---	0.00	0.0	---	24.6	26.9	26.9	26.2	1008.8	0.00	0.0	0	0.00	0	0.0	0.00	0.0	0.000	0.131	27.4	86	24.9	31.7	18.27	1.1333	0.00	595	8	100.0	30
23-04-08	9:30 p	24.4	24.7	24.4	94	23.4	0.0	SW	0.00	0.4	SW	24.4	26.6	26.6	25.9	1009.1	0.00	0.0	0	0.00	0	0.0	0.00	0.0	0.000	0.127	27.3	86	24.8	31.4	18.28	1.1343	0.00	590	8	100.0	30
23-04-08	10:00 p	24.3	24.5	24.3	94	23.3	0.0	---	0.00	0.0	---	24.3	26.4	26.4	25.7	1009.0	0.00	0.0	0	0.00	0	0.0	0.00	0.0	0.000	0.125	27.1	86	24.5	30.8	18.31	1.1359	0.00	587	8	100.0	30
23-04-08	10:30 p	24.2	24.3	24.2	94	23.1	0.0	---	0.00	0.0	---	24.2	26.3	26.3	25.5	1009.1	0.00	0.0	0	0.00	0	0.0	0.00	0.0	0.000	0.122	26.9	86	24.4	30.6	18.32	1.1366	0.00	587	8	100.0	30
23-04-08	11:00 p	24.2	24.2	24.1	94	23.1	0.0	---	0.00	0.0	---	24.2	26.3	26.3	25.5	1009.0	0.00	0.0	0	0.00	0	0.0	0.00	0.0	0.000	0.122	26.7	86	24.2	30.1	18.34	1.1378	0.00	585	8	100.0	30
23-04-08	11:30 p	23.9	24.2	23.9	95	23.1	0.0	---	0.00	0.0	---	23.9	26.0	26.0	25.2	1008.7	0.00	0.0	0	0.00	0	0.0	0.00	0.0	0.000	0.117	26.7	87	24.3	30.1	18.75	1.1374	0.00	590	8	100.0	30
23-04-09	12:00 a	23.8	24.0	23.8	95	23.0	0.0	---	0.00	0.0	---	23.8	25.8	25.8	25.1	1008.5	0.00	0.0	0	0.00	0	0.0	0.00	0.0	0.000	0.115	26.4	87	24.1	29.6	18.77	1.1385	0.00	596	8	100.0	30
23-04-09	12:30 a	23.8	23.9	23.7	95	22.9	0.0	---	0.00	0.0	---	23.8	25.8	25.8	25.0	1008.3	0.00	0.0	0	0.00	0	0.0	0.00	0.0	0.000	0.113	26.3	87	23.9	29.3	18.79	1.1391	0.00	596	8	100.0	30
23-04-09	1:00 a	23.7	23.8	23.6	95	22.9	0.0	---	0.00	0.0	---	23.7	25.7	25.7	24.9	1008.0	0.00	0.0	0	0.00	0	0.0	0.00	0.0	0.000	0.112	26.2	87	23.8	29.1	18.80	1.1395	0.00	600	8	100.0	30
23-04-09	1:30 a	23.7	23.7	23.6	95	22.8	0.0	---	0.00	0.0	---	23.7	25.6	25.6	24.8	1007.9	0.00	0.0	0	0.00	0	0.0	0.00	0.0	0.000	0.111	26.1	87	23.7	28.8	18.82	1.1400	0.00	598	8	100.0	30
23-04-09	2:00 a	24.1	24.1	23.7	95	23.2	0.0	---	0.00	0.0	---	24.1	26.2	26.2	25.4	1007.9	0.00	0.0	0	0.00	0	0.0	0.00	0.0	0.000	0.119	26.1	88	24.0	29.1	19.39	1.1393	0.00	600	8	100.0	30
23-04-09	2:30 a	24.1	24.2	24.1	95	23.3	0.0	---	0.00	0.0	---	24.1	26.2	26.2	25.4	1007.9	0.00	0.0	0	0.00	0	0.0	0.00	0.0	0.000	0.120	26.2	89	24.2	29.3	19.95	1.1386	0.00	599	8	100.0	30
23-04-09	3:00 a	23.7	24.1	23.7	95	22.9	0.0	---	0.00	0.0	---	23.7	25.7	25.7	24.9	1007.8	0.00	0.0	0	0.00	0	0.0	0.00	0.0	0.000	0.112	26.1	88	23.9	28.9	19.39	1.1395	0.00	600	8	100.0	30
23-04-09	3:30 a	23.8	23.9	23.7	95	22.9	0.0	---	0.00	0.0	---	23.8	25.8	25.8	25.0	1007.9	0.00	0.0	0	0.00	0	0.0	0.00	0.0	0.000	0.113	25.9	89	24.0	28.8	19.95	1.1399	0.00	592	8	100.0	30
23-04-09	4:00 a	23.7	23.8	23.6	95	22.9	0.0	---	0.00	0.0	---	23.7	25.7	25.7	24.9	1007.9	0.00	0.0	0	0.00	0	0.0	0.00	0.0	0.000	0.112	25.8	89	23.8	28.6	19.95	1.1408	0.00	585	8	100.0	30
23-04-09	4:30 a	23.7	23.8	23.7	95	22.8	0.0	---	0.00	0.0	---	23.7	25.6	25.6	24.8	1008.2	0.00	0.0	0	0.00	0	0.0	0.00	0.0	0.000	0.111	25.8	89	23.8	28.6	19.95	1.1412	0.00	592	8	100.0	30
23-04-09	5:00 a	23.3	23.7	23.3	95	22.5	0.0	---	0.00	0.0	---	23.3	25.0	25.0	24.2	1008.3	0.00	0.0	0	0.00	0	0.0	0.00	0.0	0.000	0.104	25.7	89	23.8	28.4	19.95	1.1417	0.00	588	8	100.0	30
23-04-09	5:30 a	23.4	23.5	23.3	95	22.5	0.0	---	0.00	0.0	---	23.4	25.1	25.1	24.3	1008.4	0.00	0.0	0	0.00	0	0.0	0.00	0.0	0.000	0.105	25.7	88	23.5	28.3	19.42	1.1425	0.00	595	8	100.0	30
23-04-09	6:00 a	23.7	23.7	23.4	95	22.9	0.0	SW	0.00	0.4	SW	23.7	25.7	25.7	25.0	1008.5	0.00	0.0	10	0.43	18	0.0	0.00	0.0	0.000	0.112	25.7	89	23.8	28.4	19.95	1.1418	0.00	594	8	100.0	30
23-04-09	6:30 a	24.8	24.8	23.7	95	23.9	0.4	SW	0.80	1.8	ENE	24.8	27.2	27.2	27.4	1008.6	0.00	0.0	27	1.16	35	0.0	0.00	0.0	0.000	0.134	26.1	90	24.3	29.3	20.45	1.1393	0.00	592	8	100.0	30
23-04-09	7:00 a	25.4	25.4	24.8	95	24.6	0.4	NNE	0.80	2.2	NNE	25.4	28.3	28.3	28.8	1009.1	0.00	0.0	43	1.85	49	0.0	0.00	0.0	0.000	0.148	26.7	90	24.9	30.4	20.45	1.1366	0.03	598	8	100.0	30
23-04-09	7:30 a	26.1	26.1	25.4	95	25.2	0.4	NNE	0.80	1.8	N	26.1	29.8	29.8	30.3	1009.4	0.00	0.0	52	2.24	56	0.0	0.00	0.0	0.000	0.161	27.4	89	25.5	32.3	19.81	1.1327	0.00	592	8	100.0	30
23-04-09	8:00 a	26.6	26.6	25.9	94	25.5	0.4	ENE	0.80	1.3	SSE	26.6	30.8	30.8	31.9	1009.7	0.00	0.0	94	4.04	308	1.4	0.30	2.1	0.000	0.171	28.3	87	25.9	34.2	18.58	1.1289	0.05	599	8	100.0	30
23-04-09	8:30 a	28.4	28.4	26.6	89	26.4	0.4	ENE	0.80	0.9	ENE	28.4	34.9	34.9	39.6	1009.6	0.00	0.0	357	15.35	612	3.0	0.64	4.3	0.000	0.209	29.1	86	26.5	36.2	18.09	1.1246	0.00	599	8	100.0	30
23-04-09	9:00 a	30.2	30.9	28.4	77	25.7	0.4	SE	0.80	3.6	SSE	30.2	37.0	37.0	43.8	1009.7	0.00	0.0	657	28.25	701	5.2	1.11	5.9	0.000	0.247	29.7	84	26.7	37.4	17.23	1.1217	0.33	589	8	100.0	30
23-04-09	9:30 a	31.2	31.2	30.1	76	26.5	0.9	SE	1.61	3.6	SSE	31.2	39.3	39.3	46.3	1009.9	0.00	0.0	741	31.87	784	6.7	1.44	7.5	0.000	0.269	30.3	80	26.4	38.0	15.69	1.1206	0.00	584	8	100.0	30
23-04-09	10:00 a	31.6	32.1	30.8	80	27.7	0.4	S	0.80	2.2	SSE	31.6	42.3	42.3	49.6	1009.6	0.00	0.0	831	35.74	872	8.4	1.80	9.2	0.000	0.275	30.8	78	26.5	38.8	14.96	1.1182	0.53	593	8	100.0	30
23-04-09	10:30 a	31.9	32.5	31.1	73	26.5	0.9	S	1.61	2.7	SSW	31.9	41.2	41.2	48.3	1009.4	0.00	0.0	894	38.45	919	9.8	2.10	10.3	0.000	0.284	31.2	77	26.7	39.4	14.66	1.1162	0.00	600	8	100.0	30
23-04-09	11:00 a	32.3	33.2	31.9	73	26.9	0.9	SSW	1.61	3.1	W	32.3	42.6	42.6	49.7	1009.2	0.00	0.0	928	39.91	949	10.7	2.29	11.1	0.000	0.292	31.6	76	26.9	41.0	14.32	1.1138	0.63	598	8	100.0	30
23-04-09	11:30 a	32.3	32.8	31.8	75	27.3	0.9	SSW	1.61	2.7	SSW	32.3	43.4	43.4	50.1	1008.8	0.00	0.0	976	41.97	1004	11.4	2.44	11.8	0.000	0.292	31.9	74	26.7	41.6	13.76	1.1125	0.00	593	8	100.0	30
23-04-09	12:00 p	33.0	33.0	32.2	76	28.2	0.4	ESE	0.80	2.7	S	33.0	46.8	46.8	53.4	1008.3	0.00	0.0	969	41.67	986	11.5	2.46	11.7	0.000	0.306	32.3	74	27.0	42.8	13.75	1.1100	0.66	597	8	100.0	30
23-04-09	12:30 p	32.7	33.1	32.0	77	28.1	0.9	SE	1.61	3.1	S	32.7	45.8	45.8	52.6	1007.9	0.00	0.0	938	40.34	998	11.0	2.36	11.4	0.000	0.299	32.4	73	27.0	43.0	13.43	1.1090	0.00	595	8	100.0	30
23-04-09	1:00 p	32.2	33.1	31.9	74	27.0	0.9	SE	1.61	4.0	SE	32.2	42.6	42.6	48.9	1007.3	0.00	0.0	908	39.05	1005	9.9	2.12	10.8	0.000	0.289	32.6	74	27.4	44.1	13.74	1.1068	0.63	597	8	100.0	30
23-04-09	1:30 p	32.3	32.9	31.9	79	28.2	0.9	SE	1.61	3.6	SSE	32.3	45.0	45.0	52.1	1007.1	0.00	0.0	776	33.37	977	8.0	1.71	10.1	0.000	0.291	32.7	74	27.4	44.3	13.73	1.1063	0.00	591	8	100.0	30
23-04-09	2:00 p	32.3	32.8	31.6	75	27.3	0.9	SE	1.61	4.5	ESE	32.3	43.4	43.4	50.3	1006.7	0.00	0.0	740	31.82	905	7.4	1.59	8.6	0.000	0.292	32.6	74	27.4	44.1	13.74	1.1062	0.48	599	8	100.0	30
23-04-09	2:30 p	31.7	33.0	31.4	77	27.2	0.9	SE	1.61	3.1	SE	31.7	41.9	41.9	48.7	1006.6	0.00	0.0	612	26.32	694	5.8	1.24	6.8	0.000	0.279	32.4	74	27.2	43.4	13.74	1.1071	0.00	595	8	100.0	30
23-04-09	3:00 p	31.6	32.6	31.3	78	27.3	0.9	SSE	1.61	4.0	SE	31.6	41.8	41.8	48.4	1006.5	0.00	0.0	502	21.59	552	4.1	0.88	4.8	0.000	0.277	32.2	75	27.2	42.8	14.05	1.1080	0.38	596	8	100.0	30
23-04-09	3:30 p	30.5	31.9	30.5	78	26.2	0.4	S	0.80	2.2	SE	30.5	38.2	38.2	43.6	1006.4	0.00	0.0	322	13.85	445	2.5	0.54	3.4	0.000	0.253	31.7	77	27.1	41.7	14.61	1.1098	0.00	598	8	100.0	30
23-04-09	4:00 p	30.4	30.9	30.4	78	26.2	0.9	SSW	1.61	3.6	SSE	30.4	38.1	38.1	43.5	1006.5	0.00	0.0	311	13.37	348	1.6	0.34	2.1	0.000	0.252	31.3	78	27.0	40.6	14.88	1.1113	0.23	598	8	100.0	30
23-04-09	4:30 p	29.7	30.4	29.7	82	26.3	0.9	SE	1.61	3.6	SSE	29.7	36.8	36.8	39.3	1006.8	0.00	0.0	117	5.03	274	0.8	0.17	1.2	0.000	0.236	31.1	79	27.0	39.8	15.28	1.1129	0.00	599	8	100.0	30
23-04-09	5:00 p	28.9	29.7	28.9	86	26.3	0.4	ESE	0.80	2.2	ESE	28.9	35.8	35.8	35.8	1006.9	0.00	0.0	49	2.11	56	0.0	0.00	0.5	0.000	0.220	30.8	80	27.0	39.6	15.65	1.1138	0.08	599	8	100.0	30
23-04-09	5:30 p	28.3	29.0	28.3	89	26.3	0.4	SSE	0.80	1.8	SSE	28.3	34.6	34.6	34.3	1007.4	0.00	0.0	29	1.25	47	0.0	0.00	0.0	0.000	0.207	30.6	81	27.0	39.4	16.07	1.1152	0.00	600	8	100.0	30
23-04-09	6:00 p	27.7	28.3	27.7	89	25.7	0.0	SE	0.00	0.9	SSE	27.7	32.9	32.9	32.3	1007.6	0.00	0.0	3	0.13	12	0.0	0.00	0.0	0.000	0.194	30.3	82	26.9	38.9	16.49	1.1165	0.03	598	8	100.0	30
23-04-09	6:30 p	27.1	27.7	27.1	91	25.5	0.0	E	0.00	0.9	E	27.1	31.6	31.6	30.8	1007.9	0.00	0.0	0	0.00	0	0.0	0.00	0.0	0.000	0.182	30.0	82	26.6	37.7	16.51	1.1189	0.00	598	8	100.0	30
23-04-09	7:00 p	26.9	27.1	26.9	91	25.3	0.0	E	0.00	0.4	E	26.9	31.3	31.3	30.6	1008.2	0.00	0.0	0	0.00	0	0.0	0.00	0.0	0.000	0.179	29.8	83	26.6	37.3	16.83	1.1201	0.00	598	8	100.0	30
23-04-09	7:30 p	26.9	27.0	26.8	92	25.5	0.0	E	0.00	0.4	E	26.9	31.3	31.3	30.6	1008.9	0.00	0.0	0	0.00	0	0.0	0.00	0.0	0.000	0.178	29.4	83	26.3	36.4	16.85	1.1229	0.00	598	8	100.0	30
23-04-09	8:00 p	26.7	26.9	26.7	93	25.4	0.0	E	0.00	0.4	E	26.7	30.9	30.9	30.2	1009.2	0.00	0.0	0	0.00	0	0.0	0.00	0.0	0.000	0.174	29.3	85	26.5	36.5	17.67	1.1233	0.00	600	8	100.0	30
23-04-09	8:30 p	26.4	26.7	26.4	93	25.2	0.0	---	0.00	0.0	---	26.4	30.3	30.3	29.6	1009.5	0.00	0.0	0	0.00	0	0.0	0.00	0.0	0.000	0.168	28.9	85	26.2	35.7	17.70	1.1257	0.00	599	8	100.0	30
23-04-09	9:00 p	26.2	26.4	26.2	93	24.9	0.0	---	0.00	0.0	---	26.2	29.8	29.8	29.1	1009.9	0.00	0.0	0	0.00	0	0.0	0.00	0.0	0.000	0.163	28.7	86	26.1	35.3	18.13	1.1269	0.00	598	8	100.0	30
23-04-09	9:30 p	26.2	26.2	26.1	94	25.1	0.0	E	0.00	0.9	E	26.2	29.9	29.9	29.2	1010.0	0.00	0.0	0	0.00	0	0.0	0.00	0.0	0.000	0.163	28.7	86	26.1	35.2	18.13	1.1274	0.00	598	8	100.0	30
23-04-09	10:00 p	26.2	26.3	26.2	93	25.0	0.0	E	0.00	0.9	E	26.2	29.9	29.9	29.2	1010.0	0.00	0.0	0	0.00	0	0.0	0.00	0.0	0.000	0.164	28.7	85	25.9	34.9	17.73	1.1279	0.00	597	8	100.0	30
23-04-09	10:30 p	26.7	26.7	26.2	91	25.1	0.4	NNW	0.80	1.8	ENE	26.7	30.6	30.6	29.9	1010.1	0.00	0.0	0	0.00	0	0.0	0.00	0.0	0.000	0.174	28.6	84	25.6	34.6	17.31	1.1287	0.00	599	8	100.0	30
23-04-09	11:00 p	26.4	26.7	26.3	90	24.6	0.9	N	1.61	3.1	W	26.4	29.9	29.9	29.2	1009.8	0.00	0.0	0	0.00	0	0.0	0.00	0.0	0.000	0.168	28.5	83	25.3	34.1	16.92	1.1296	0.00	598	8	100.0	30
23-04-09	11:30 p	26.3	26.4	26.3	89	24.4	0.4	N	0.80	2.2	NNW	26.3	29.6	29.6	28.8	1009.3	0.00	0.0	0	0.00	0	0.0	0.00	0.0	0.000	0.167	28.4	83	25.2	33.8	16.93	1.1296	0.00	600	8	100.0	30
23-04-10	12:00 a	26.2	26.4	26.1	89	24.2	0.4	NE	0.80	1.8	NNE	26.2	29.3	29.3	28.5	1008.7	0.00	0.0	0	0.00	0	0.0	0.00	0.0	0.000	0.163	28.3	82	24.9	33.3	16.59	1.1301	0.03	600	8	100.0	30
23-04-10	12:30 a	25.7	26.2	25.7	91	24.1	0.0	NNW	0.00	0.9	N	25.7	28.6	28.6	27.8	1008.5	0.00	0.0	0	0.00	0	0.0	0.00	0.0	0.000	0.154	28.2	84	25.2	33.3	17.34	1.1296	0.00	597	8	100.0	30
23-04-10	1:00 a	25.5	25.8	25.5	93	24.3	0.0	---	0.00	0.0	---	25.5	28.3	28.3	27.6	1008.3	0.00	0.0	0	0.00	0	0.0	0.00	0.0	0.000	0.149	28.0	85	25.2	33.1	17.81	1.1298	0.00	598	8	100.0	30
23-04-10	1:30 a	24.9	25.5	24.9	93	23.7	0.0	---	0.00	0.0	---	24.9	27.3	27.3	26.6	1007.9	0.00	0.0	0	0.00	0	0.0	0.00	0.0	0.000	0.138	27.7	85	24.9	32.2	17.84	1.1314	0.00	599	8	100.0	30
23-04-10	2:00 a	24.6	24.9	24.6	94	23.6	0.0	---	0.00	0.0	---	24.6	26.9	26.9	26.1	1007.6	0.00	0.0	0	0.00	0	0.0	0.00	0.0	0.000	0.131	27.3	86	24.8	31.4	18.28	1.1326	0.00	596	8	100.0	30
23-04-10	2:30 a	24.3	24.6	24.3	94	23.3	0.0	---	0.00	0.0	---	24.3	26.4	26.4	25.6	1007.6	0.00	0.0	0	0.00	0	0.0	0.00	0.0	0.000	0.125	27.0	86	24.5	30.7	18.31	1.1345	0.00	594	8	100.0	30
23-04-10	3:00 a	24.2	24.4	24.1	94	23.1	0.0	---	0.00	0.0	---	24.2	26.3	26.3	25.4	1007.6	0.00	0.0	0	0.00	0	0.0	0.00	0.0	0.000	0.122	26.7	86	24.2	30.1	18.34	1.1362	0.00	598	8	100.0	30
23-04-10	3:30 a	24.0	24.2	24.0	94	23.0	0.0	---	0.00	0.0	---	24.0	26.1	26.1	25.2	1007.6	0.00	0.0	0	0.00	0	0.0	0.00	0.0	0.000	0.118	26.6	87	24.2	29.8	18.76	1.1368	0.00	594	8	100.0	30
23-04-10	4:00 a	23.8	24.0	23.8	95	23.0	0.0	---	0.00	0.0	---	23.8	25.8	25.8	25.0	1007.7	0.00	0.0	0	0.00	0	0.0	0.00	0.0	0.000	0.115	26.3	87	24.0	29.4	18.79	1.1382	0.00	596	8	100.0	30
23-04-10	4:30 a	23.7	23.8	23.7	94	22.7	0.0	---	0.00	0.0	---	23.7	25.6	25.6	24.7	1007.9	0.00	0.0	0	0.00	0	0.0	0.00	0.0	0.000	0.112	26.2	87	23.8	29.1	18.80	1.1394	0.00	596	8	100.0	30
23-04-10	5:00 a	23.6	23.7	23.6	95	22.8	0.0	---	0.00	0.0	---	23.6	25.4	25.4	24.6	1008.1	0.00	0.0	0	0.00	0	0.0	0.00	0.0	0.000	0.110	26.1	87	23.7	28.8	18.82	1.1403	0.00	598	8	100.0	30
23-04-10	5:30 a	23.6	23.7	23.4	95	22.7	0.0	---	0.00	0.0	---	23.6	25.4	25.4	24.5	1008.2	0.00	0.0	0	0.00	0	0.0	0.00	0.0	0.000	0.109	25.9	88	23.8	28.8	19.40	1.1406	0.00	599	8	100.0	30
23-04-10	6:00 a	23.7	23.8	23.6	95	22.9	0.0	---	0.00	0.0	---	23.7	25.7	25.7	24.9	1008.5	0.00	0.0	8	0.34	14	0.0	0.00	0.0	0.000	0.112	25.9	88	23.7	28.7	19.41	1.1413	0.00	599	8	100.0	30
23-04-10	6:30 a	24.2	24.2	23.7	95	23.3	0.0	---	0.00	0.0	---	24.2	26.3	26.3	26.3	1008.7	0.00	0.0	18	0.77	21	0.0	0.00	0.0	0.000	0.122	26.0	89	24.0	28.9	19.95	1.1405	0.00	597	8	100.0	30
23-04-10	7:00 a	24.8	24.8	24.1	95	23.9	0.0	---	0.00	0.0	---	24.8	27.2	27.2	27.2	1009.2	0.00	0.0	24	1.03	28	0.0	0.00	0.0	0.000	0.134	26.6	90	24.8	30.3	20.45	1.1371	0.03	600	8	100.0	30
23-04-10	7:30 a	25.4	25.5	24.8	95	24.6	0.0	NNW	0.00	0.4	NNW	25.4	28.3	28.3	28.6	1009.7	0.00	0.0	34	1.46	67	0.0	0.00	1.2	0.000	0.148	27.6	89	25.6	32.7	19.78	1.1320	0.00	595	8	100.0	30
23-04-10	8:00 a	26.3	26.3	25.4	95	25.4	0.0	NNW	0.00	0.9	NNW	26.3	30.3	30.3	31.2	1010.1	0.00	0.0	79	3.40	199	0.9	0.19	1.8	0.000	0.166	28.6	88	26.4	35.2	19.01	1.1273	0.03	598	8	100.0	30
23-04-10	8:30 a	28.3	28.3	26.3	93	27.0	0.4	NNW	0.80	1.8	SW	28.3	35.6	35.6	40.6	1010.3	0.00	0.0	391	16.82	647	3.0	0.64	4.4	0.000	0.207	29.5	84	26.5	36.8	17.25	1.1237	0.00	599	8	100.0	30
23-04-10	9:00 a	30.8	31.0	28.3	78	26.5	0.4	NNW	0.80	1.8	SSW	30.8	39.0	39.0	45.9	1010.5	0.00	0.0	696	29.93	738	5.3	1.14	6.1	0.000	0.260	30.3	80	26.5	38.2	15.69	1.1209	0.36	598	8	100.0	30
23-04-10	9:30 a	31.3	31.3	30.6	79	27.2	0.4	S	0.80	2.2	SE	31.3	40.7	40.7	47.7	1010.3	0.00	0.0	789	33.93	830	7.0	1.50	7.8	0.000	0.270	30.9	78	26.6	39.1	14.94	1.1183	0.00	599	8	100.0	30
23-04-10	10:00 a	32.2	32.2	31.2	76	27.4	0.9	S	1.61	3.1	ESE	32.2	43.2	43.2	50.3	1010.4	0.00	0.0	867	37.29	896	8.6	1.84	9.3	0.000	0.288	31.4	76	26.6	40.1	14.34	1.1165	0.56	598	8	100.0	30
23-04-10	10:30 a	31.6	32.7	31.5	76	26.8	0.9	SSW	1.61	3.6	SSW	31.6	40.8	40.8	47.7	1010.4	0.00	0.0	925	39.78	947	10.0	2.14	10.6	0.000	0.275	31.8	75	26.8	41.5	14.08	1.1144	0.00	596	8	100.0	30
23-04-10	11:00 a	33.2	33.3	31.5	74	27.9	0.4	SW	0.80	2.7	SSE	33.2	46.3	46.3	53.0	1010.2	0.00	0.0	973	41.84	998	11.1	2.38	11.6	0.000	0.309	32.3	75	27.3	43.2	14.05	1.1115	0.66	598	8	100.0	30
23-04-10	11:30 a	32.7	33.1	32.2	76	27.9	0.9	SSW	1.61	2.7	W	32.7	45.3	45.3	51.1	1009.7	0.00	0.0	1011	43.48	1018	11.8	2.53	12.0	0.000	0.299	32.4	73	27.0	43.0	13.43	1.1111	0.00	595	8	100.0	30
23-04-10	12:00 p	32.4	32.9	32.3	75	27.4	0.9	S	1.61	2.7	SW	32.4	43.9	43.9	49.9	1009.4	0.00	0.0	1014	43.61	1028	11.9	2.55	12.0	0.000	0.294	32.7	73	27.2	43.8	13.42	1.1094	0.71	598	8	100.0	30
23-04-10	12:30 p	32.7	33.1	32.2	77	28.1	0.9	SSW	1.61	2.7	SSW	32.7	45.8	45.8	52.3	1008.5	0.00	0.0	1003	43.13	1016	11.4	2.44	11.7	0.000	0.299	32.8	73	27.3	44.2	13.41	1.1078	0.00	597	8	100.0	30
23-04-10	1:00 p	32.4	33.3	32.3	75	27.4	0.9	SSW	1.61	3.1	WSW	32.4	43.7	43.7	50.3	1008.2	0.00	0.0	954	41.03	1013	10.4	2.23	11.1	0.000	0.293	33.0	72	27.3	44.6	13.09	1.1067	0.69	598	8	100.0	30
23-04-10	1:30 p	31.9	32.9	31.7	75	26.9	0.9	ESE	1.61	2.2	S	31.9	41.7	41.7	48.6	1007.9	0.00	0.0	889	38.23	979	8.8	1.89	9.8	0.000	0.282	32.8	72	27.1	43.9	13.11	1.1073	0.00	594	8	100.0	30
23-04-10	2:00 p	32.6	33.1	31.8	76	27.8	0.9	SSW	1.61	2.7	ESE	32.6	44.8	44.8	51.7	1007.6	0.00	0.0	657	28.25	763	7.3	1.56	8.3	0.000	0.296	32.7	72	27.0	43.4	13.12	1.1080	0.51	598	8	100.0	30
23-04-10	2:30 p	32.0	32.7	31.1	76	27.2	0.4	ESE	0.80	1.8	SSE	32.0	42.6	42.6	48.4	1007.5	0.00	0.0	452	19.44	696	5.1	1.09	6.8	0.000	0.285	32.3	72	26.6	42.2	13.14	1.1098	0.00	599	8	100.0	30
23-04-10	3:00 p	31.8	32.2	31.3	79	27.7	0.9	SW	1.61	2.2	S	31.8	42.9	42.9	49.3	1007.3	0.00	0.0	466	20.04	656	3.9	0.84	5.3	0.000	0.280	31.9	74	26.7	41.6	13.76	1.1108	0.30	593	8	100.0	30
23-04-10	3:30 p	31.6	31.8	31.2	77	27.1	0.9	SSE	1.61	3.1	ESE	31.6	41.4	41.4	47.6	1007.0	0.00	0.0	415	17.85	457	2.9	0.62	3.5	0.000	0.277	31.6	75	26.6	40.4	14.10	1.1122	0.00	596	8	100.0	30
23-04-10	4:00 p	30.7	31.8	30.7	78	26.4	0.4	SSE	0.80	2.7	ESE	30.7	38.6	38.6	44.1	1007.0	0.00	0.0	316	13.59	369	1.7	0.36	2.2	0.000	0.257	31.2	78	26.9	40.1	14.89	1.1126	0.25	595	8	100.0	30
23-04-10	4:30 p	29.7	30.7	29.7	80	25.8	0.4	SSE	0.80	1.8	SE	29.7	36.3	36.3	38.7	1007.1	0.00	0.0	111	4.77	265	0.4	0.09	1.2	0.000	0.236	30.9	78	26.6	39.1	14.94	1.1147	0.00	599	8	100.0	30
23-04-10	5:00 p	28.9	29.7	28.9	86	26.3	0.4	SE	0.80	1.3	ESE	28.9	35.8	35.8	35.8	1007.4	0.00	0.0	44	1.89	53	0.0	0.00	0.0	0.000	0.220	30.8	79	26.7	39.2	15.31	1.1151	0.05	593	8	100.0	30
23-04-10	5:30 p	28.0	28.9	28.0	90	26.2	0.0	SE	0.00	0.9	SE	28.0	34.0	34.0	33.6	1007.5	0.00	0.0	16	0.69	25	0.0	0.00	0.0	0.000	0.201	30.7	80	26.8	39.2	15.66	1.1154	0.00	593	8	100.0	30
23-04-10	6:00 p	27.3	28.0	27.2	91	25.7	0.0	SE	0.00	0.4	SE	27.3	32.1	32.1	31.5	1007.8	0.00	0.0	2	0.09	7	0.0	0.00	0.0	0.000	0.186	30.2	82	26.8	38.3	16.50	1.1178	0.00	594	8	100.0	30
23-04-10	6:30 p	26.8	27.3	26.8	92	25.4	0.0	SE	0.00	0.4	SE	26.8	31.2	31.2	30.5	1008.0	0.00	0.0	0	0.00	0	0.0	0.00	0.0	0.000	0.177	29.8	83	26.6	37.3	16.83	1.1198	0.00	588	8	100.0	30
23-04-10	7:00 p	26.5	26.8	26.5	93	25.3	0.0	SE	0.00	0.4	SE	26.5	30.5	30.5	29.8	1008.3	0.00	0.0	0	0.00	0	0.0	0.00	0.0	0.000	0.170	29.4	84	26.4	36.6	17.25	1.1220	0.00	590	8	100.0	30
23-04-10	7:30 p	26.3	26.5	26.2	93	25.1	0.0	---	0.00	0.0	---	26.3	30.0	30.0	29.3	1008.5	0.00	0.0	0	0.00	0	0.0	0.00	0.0	0.000	0.166	29.1	85	26.3	36.0	17.69	1.1238	0.00	592	8	100.0	30
23-04-10	8:00 p	26.0	26.3	26.0	94	25.0	0.0	---	0.00	0.0	---	26.0	29.5	29.5	28.8	1008.7	0.00	0.0	0	0.00	0	0.0	0.00	0.0	0.000	0.160	28.8	85	26.1	35.4	17.72	1.1254	0.00	598	8	100.0	30
23-04-10	8:30 p	26.0	26.1	25.9	94	25.0	0.0	---	0.00	0.0	---	26.0	29.5	29.5	28.8	1009.0	0.00	0.0	0	0.00	0	0.0	0.00	0.0	0.000	0.160	28.6	86	26.0	35.0	18.14	1.1266	0.00	599	8	100.0	30
23-04-10	9:00 p	25.8	26.0	25.8	94	24.8	0.0	---	0.00	0.0	---	25.8	29.1	29.1	28.4	1009.3	0.00	0.0	0	0.00	0	0.0	0.00	0.0	0.000	0.156	28.4	86	25.9	34.4	18.16	1.1279	0.00	599	8	100.0	30
23-04-10	9:30 p	25.7	25.8	25.7	94	24.6	0.0	---	0.00	0.0	---	25.7	28.7	28.7	28.0	1009.7	0.00	0.0	0	0.00	0	0.0	0.00	0.0	0.000	0.153	28.2	86	25.7	33.8	18.18	1.1297	0.00	600	8	100.0	30
23-04-10	10:00 p	25.6	25.7	25.6	94	24.5	0.0	---	0.00	0.0	---	25.6	28.5	28.5	27.8	1009.7	0.00	0.0	0	0.00	0	0.0	0.00	0.0	0.000	0.150	28.1	87	25.7	33.7	18.59	1.1300	0.00	599	8	100.0	30
23-04-10	10:30 p	25.4	25.6	25.4	94	24.4	0.0	---	0.00	0.0	---	25.4	28.3	28.3	27.5	1009.8	0.00	0.0	0	0.00	0	0.0	0.00	0.0	0.000	0.148	27.9	87	25.6	33.3	18.61	1.1311	0.00	598	8	100.0	30
23-04-10	11:00 p	25.5	25.7	25.4	95	24.6	0.0	---	0.00	0.0	---	25.5	28.4	28.4	27.7	1009.7	0.00	0.0	0	0.00	0	0.0	0.00	0.0	0.000	0.149	27.9	87	25.6	33.3	18.61	1.1310	0.00	599	8	100.0	30
23-04-10	11:30 p	25.4	25.6	25.3	95	24.6	0.0	SE	0.00	0.4	SE	25.4	28.3	28.3	27.6	1009.6	0.00	0.0	0	0.00	0	0.0	0.00	0.0	0.000	0.148	27.9	87	25.5	33.1	18.62	1.1311	0.00	600	8	100.0	30
23-04-11	12:00 a	25.4	25.6	25.4	95	24.6	0.0	SE	0.00	0.4	SE	25.4	28.3	28.3	27.6	1009.3	0.00	0.0	0	0.00	0	0.0	0.00	0.0	0.000	0.148	27.9	87	25.5	33.1	18.62	1.1309	0.00	597	8	100.0	30
23-04-11	12:30 a	25.6	25.6	25.4	95	24.7	0.0	---	0.00	0.0	---	25.6	28.6	28.6	27.8	1008.9	0.00	0.0	0	0.00	0	0.0	0.00	0.0	0.000	0.150	27.8	88	25.6	33.0	19.15	1.1306	0.00	595	8	100.0	30
23-04-11	1:00 a	25.6	25.7	25.6	95	24.8	0.0	---	0.00	0.0	---	25.6	28.7	28.7	27.9	1008.5	0.00	0.0	0	0.00	0	0.0	0.00	0.0	0.000	0.152	27.8	88	25.6	33.0	19.15	1.1301	0.00	598	8	100.0	30
23-04-11	1:30 a	25.7	25.7	25.6	95	24.8	0.0	---	0.00	0.0	---	25.7	28.8	28.8	28.1	1008.2	0.00	0.0	0	0.00	0	0.0	0.00	0.0	0.000	0.153	27.8	88	25.6	33.0	19.15	1.1298	0.00	599	8	100.0	30
23-04-11	2:00 a	25.6	25.7	25.5	95	24.7	0.0	SE	0.00	0.9	SE	25.6	28.6	28.6	27.8	1007.8	0.00	0.0	0	0.00	0	0.0	0.00	0.0	0.000	0.150	27.8	88	25.6	33.0	19.15	1.1293	0.00	595	8	100.0	30
23-04-11	2:30 a	25.4	25.6	25.4	95	24.6	0.0	SE	0.00	0.4	SE	25.4	28.3	28.3	27.6	1007.8	0.00	0.0	0	0.00	0	0.0	0.00	0.0	0.000	0.148	27.6	88	25.4	32.6	19.18	1.1303	0.00	599	8	100.0	30
23-04-11	3:00 a	25.3	25.4	25.3	95	24.4	0.0	---	0.00	0.0	---	25.3	28.0	28.0	27.2	1007.6	0.00	0.0	0	0.00	0	0.0	0.00	0.0	0.000	0.145	27.6	88	25.4	32.4	19.19	1.1304	0.00	598	8	100.0	30
23-04-11	3:30 a	25.4	25.5	25.2	95	24.6	0.0	SE	0.00	0.4	SE	25.4	28.3	28.3	27.6	1007.7	0.00	0.0	0	0.00	0	0.0	0.00	0.0	0.000	0.148	27.5	89	25.5	32.4	19.80	1.1304	0.00	596	8	100.0	30
23-04-11	4:00 a	25.3	25.4	25.3	95	24.5	0.0	---	0.00	0.0	---	25.3	28.1	28.1	27.4	1007.8	0.00	0.0	0	0.00	0	0.0	0.00	0.0	0.000	0.146	27.4	89	25.5	32.3	19.81	1.1309	0.00	596	8	100.0	30
23-04-11	4:30 a	25.2	25.4	25.2	95	24.4	0.0	---	0.00	0.0	---	25.2	27.9	27.9	27.2	1007.8	0.00	0.0	0	0.00	0	0.0	0.00	0.0	0.000	0.144	27.3	89	25.3	31.8	19.84	1.1318	0.00	598	8	100.0	30
23-04-11	5:00 a	25.1	25.2	25.1	95	24.2	0.0	---	0.00	0.0	---	25.1	27.6	27.6	26.8	1008.1	0.00	0.0	0	0.00	0	0.0	0.00	0.0	0.000	0.140	27.2	89	25.2	31.6	19.85	1.1326	0.00	599	8	100.0	30
23-04-11	5:30 a	25.1	25.2	25.1	95	24.3	0.0	---	0.00	0.0	---	25.1	27.7	27.7	26.9	1008.4	0.00	0.0	0	0.00	0	0.0	0.00	0.0	0.000	0.141	27.1	89	25.1	31.2	19.88	1.1339	0.00	599	8	100.0	30
23-04-11	6:00 a	25.4	25.4	25.1	95	24.5	0.0	---	0.00	0.0	---	25.4	28.2	28.2	27.7	1008.6	0.00	0.0	16	0.69	35	0.0	0.00	0.0	0.000	0.147	27.1	89	25.1	31.2	19.88	1.1341	0.00	595	8	100.0	30
23-04-11	6:30 a	25.9	25.9	25.3	95	25.0	0.0	---	0.00	0.0	---	25.9	29.3	29.3	30.4	1008.7	0.00	0.0	57	2.45	72	0.0	0.00	0.0	0.000	0.157	27.4	90	25.6	32.3	20.35	1.1319	0.00	599	8	100.0	30
23-04-11	7:00 a	26.2	26.3	25.9	95	25.4	0.0	SE	0.00	0.4	SE	26.2	30.2	30.2	31.3	1008.8	0.00	0.0	68	2.92	81	0.3	0.06	0.6	0.000	0.164	28.0	90	26.2	34.0	20.26	1.1283	0.05	592	8	100.0	30
23-04-11	7:30 a	26.3	26.4	26.2	95	25.5	0.0	SE	0.00	0.4	SE	26.3	30.4	30.4	30.8	1009.3	0.00	0.0	42	1.81	76	0.0	0.00	1.2	0.000	0.167	28.6	89	26.6	35.6	19.60	1.1256	0.00	595	8	100.0	30
23-04-11	8:00 a	26.8	26.8	26.3	95	25.9	0.0	SE	0.00	0.4	SE	26.8	31.4	31.4	32.1	1009.4	0.00	0.0	62	2.67	132	0.9	0.19	1.8	0.000	0.176	29.2	89	27.2	37.2	19.50	1.1223	0.03	599	8	100.0	30
23-04-11	8:30 a	29.7	29.7	26.8	89	27.7	0.0	SW	0.00	0.9	SE	29.7	38.8	38.8	44.4	1009.6	0.00	0.0	443	19.05	647	3.2	0.69	4.5	0.000	0.236	30.1	81	26.5	37.8	16.10	1.1207	0.00	598	8	100.0	30
23-04-11	9:00 a	28.8	30.3	28.8	88	26.6	0.4	E	0.80	1.8	E	28.8	36.1	36.1	39.4	1009.7	0.00	0.0	263	11.31	675	3.5	0.75	5.0	0.000	0.219	30.4	80	26.5	38.4	15.68	1.1197	0.23	592	8	100.0	30
23-04-11	9:30 a	30.7	30.9	28.4	86	28.1	0.0	E	0.00	0.9	E	30.7	41.8	41.8	48.7	1009.6	0.00	0.0	657	28.25	944	6.1	1.31	7.8	0.000	0.258	30.8	80	27.0	39.6	15.65	1.1169	0.00	597	8	100.0	30
23-04-11	10:00 a	31.1	31.7	30.6	79	27.0	0.4	S	0.80	1.8	SSE	31.1	39.8	39.8	46.9	1009.6	0.00	0.0	816	35.09	977	7.4	1.59	9.2	0.000	0.265	31.4	79	27.3	41.2	15.24	1.1140	0.46	597	8	100.0	30
23-04-11	10:30 a	32.0	32.7	30.8	77	27.5	0.4	SW	0.80	2.7	SSE	32.0	43.0	43.0	49.8	1009.3	0.00	0.0	939	40.38	1011	9.7	2.08	10.6	0.000	0.285	31.8	75	26.8	41.5	14.08	1.1132	0.00	597	8	100.0	30
23-04-11	11:00 a	32.7	33.2	31.9	77	28.1	0.4	SSW	0.80	2.7	W	32.7	45.8	45.8	52.4	1008.8	0.00	0.0	972	41.80	986	11.2	2.40	11.6	0.000	0.299	32.3	74	27.0	42.8	13.75	1.1106	0.63	598	8	100.0	30
23-04-11	11:30 a	32.9	32.9	32.3	76	28.1	0.9	SSW	1.61	2.7	WNW	32.9	46.3	46.3	52.6	1008.6	0.00	0.0	994	42.75	1002	11.8	2.53	11.9	0.000	0.303	32.6	74	27.3	43.9	13.74	1.1086	0.00	597	8	100.0	30
23-04-11	12:00 p	33.0	33.3	32.2	75	28.0	0.9	SSW	1.61	2.7	SSW	33.0	46.2	46.2	52.2	1008.1	0.00	0.0	1000	43.01	1009	11.9	2.55	12.0	0.000	0.306	32.7	76	27.9	45.3	14.25	1.1063	0.69	595	8	100.0	30
23-04-11	12:30 p	32.7	32.9	32.2	74	27.4	0.9	SE	1.61	3.1	S	32.7	44.3	44.3	50.8	1007.9	0.00	0.0	1003	43.13	1023	11.5	2.46	11.8	0.000	0.299	32.9	74	27.7	45.4	13.72	1.1055	0.00	595	8	100.0	30
23-04-11	1:00 p	33.1	33.5	32.3	76	28.3	0.4	SSW	0.80	1.8	SSE	33.1	47.1	47.1	53.7	1007.6	0.00	0.0	947	40.73	991	10.5	2.25	11.1	0.000	0.307	33.1	72	27.4	45.0	13.09	1.1053	0.69	592	8	100.0	30
23-04-11	1:30 p	32.9	33.3	32.4	77	28.3	0.9	SSW	1.61	3.1	S	32.9	46.8	46.8	53.8	1007.3	0.00	0.0	907	39.01	1018	9.1	1.95	9.9	0.000	0.303	33.2	73	27.7	46.0	13.38	1.1037	0.00	595	8	100.0	30
23-04-11	2:00 p	32.7	33.1	32.1	75	27.7	0.9	S	1.61	2.7	SSW	32.7	45.0	45.0	52.0	1006.7	0.00	0.0	688	29.59	860	7.2	1.54	8.6	0.000	0.300	32.9	72	27.2	44.2	13.10	1.1057	0.53	594	8	100.0	30
23-04-11	2:30 p	32.2	33.1	30.9	76	27.5	0.9	SSW	1.61	3.6	SSW	32.2	43.4	43.4	49.7	1006.5	0.00	0.0	501	21.55	763	5.2	1.11	7.1	0.000	0.289	32.6	73	27.1	43.6	13.42	1.1065	0.00	596	8	100.0	30
23-04-11	3:00 p	31.7	32.7	31.7	75	26.7	0.4	SSW	0.80	2.2	SW	31.7	41.1	41.1	47.7	1006.1	0.00	0.0	515	22.15	605	4.2	0.90	5.2	0.000	0.279	32.1	74	26.9	42.2	13.75	1.1085	0.36	598	8	100.0	30
23-04-11	3:30 p	31.4	32.4	31.2	77	26.9	0.9	SSW	1.61	2.2	WSW	31.4	40.7	40.7	46.9	1006.0	0.00	0.0	422	18.15	510	2.6	0.56	3.5	0.000	0.273	31.8	75	26.8	41.3	14.08	1.1097	0.00	596	8	100.0	30
23-04-11	4:00 p	31.0	31.7	31.0	79	26.9	0.9	SSW	1.61	2.7	SSE	31.0	39.7	39.7	45.8	1006.0	0.00	0.0	345	14.84	401	1.7	0.36	2.1	0.000	0.264	31.5	75	26.5	40.2	14.10	1.1114	0.25	599	8	100.0	30
23-04-11	4:30 p	29.9	31.0	29.9	81	26.3	0.4	S	0.80	1.8	SSE	29.9	37.2	37.2	39.0	1006.2	0.00	0.0	83	3.57	172	0.7	0.15	1.1	0.000	0.242	31.2	77	26.7	39.7	14.66	1.1122	0.00	598	8	100.0	30
23-04-11	5:00 p	29.2	29.9	29.2	85	26.4	0.0	S	0.00	2.2	SSE	29.2	36.4	36.4	36.4	1006.4	0.00	0.0	51	2.19	70	0.1	0.02	0.5	0.000	0.227	31.1	77	26.6	39.2	14.67	1.1131	0.05	594	8	100.0	30
23-04-11	5:30 p	28.6	29.3	28.6	87	26.2	0.4	WSW	0.80	1.3	SE	28.6	35.2	35.2	35.0	1006.8	0.00	0.0	31	1.33	46	0.0	0.00	0.0	0.000	0.214	30.9	78	26.7	39.2	14.93	1.1141	0.00	596	8	100.0	30
23-04-11	6:00 p	27.7	28.6	27.7	89	25.7	0.0	WSW	0.00	0.4	WSW	27.7	33.1	33.1	32.4	1007.1	0.00	0.0	2	0.09	11	0.0	0.00	0.0	0.000	0.196	30.7	80	26.8	39.2	15.66	1.1150	0.03	600	8	100.0	30
23-04-11	6:30 p	27.4	27.7	27.4	91	25.8	0.0	WSW	0.00	0.4	WSW	27.4	32.4	32.4	31.8	1007.3	0.00	0.0	0	0.00	0	0.0	0.00	0.0	0.000	0.189	30.3	82	26.9	38.9	16.49	1.1162	0.00	598	8	100.0	30
23-04-11	7:00 p	26.8	27.4	26.8	92	25.4	0.0	WSW	0.00	0.4	WSW	26.8	31.0	31.0	30.3	1007.6	0.00	0.0	0	0.00	0	0.0	0.00	0.0	0.000	0.176	29.9	82	26.5	37.5	16.51	1.1189	0.00	599	8	100.0	30
23-04-11	7:30 p	26.4	26.8	26.4	93	25.2	0.0	---	0.00	0.0	---	26.4	30.4	30.4	29.7	1007.7	0.00	0.0	0	0.00	0	0.0	0.00	0.0	0.000	0.169	29.4	83	26.3	36.4	16.85	1.1216	0.00	598	8	100.0	30
23-04-11	8:00 p	26.3	26.5	26.3	93	25.1	0.0	---	0.00	0.0	---	26.3	30.0	30.0	29.3	1007.9	0.00	0.0	0	0.00	0	0.0	0.00	0.0	0.000	0.166	29.2	84	26.2	36.1	17.27	1.1230	0.00	597	8	100.0	30
23-04-11	8:30 p	26.2	26.3	26.2	94	25.1	0.0	---	0.00	0.0	---	26.2	29.9	29.9	29.2	1008.1	0.00	0.0	0	0.00	0	0.0	0.00	0.0	0.000	0.163	28.9	85	26.1	35.6	17.71	1.1244	0.00	599	8	100.0	30
23-04-11	9:00 p	25.9	26.2	25.9	94	24.8	0.0	---	0.00	0.0	---	25.9	29.3	29.3	28.6	1008.7	0.00	0.0	0	0.00	0	0.0	0.00	0.0	0.000	0.157	28.7	85	25.9	34.9	17.73	1.1264	0.00	597	8	100.0	30
23-04-11	9:30 p	25.8	25.9	25.8	94	24.8	0.0	---	0.00	0.0	---	25.8	29.1	29.1	28.4	1009.1	0.00	0.0	0	0.00	0	0.0	0.00	0.0	0.000	0.156	28.4	86	25.9	34.4	18.16	1.1278	0.00	601	8	100.0	30
23-04-11	10:00 p	25.8	25.8	25.7	94	24.7	0.0	---	0.00	0.0	---	25.8	29.0	29.0	28.3	1009.1	0.00	0.0	0	0.00	0	0.0	0.00	0.0	0.000	0.155	28.3	86	25.7	34.0	18.18	1.1287	0.00	596	8	100.0	30
23-04-11	10:30 p	25.7	25.9	25.7	94	24.7	0.0	---	0.00	0.0	---	25.7	28.9	28.9	28.2	1008.9	0.00	0.0	0	0.00	0	0.0	0.00	0.0	0.000	0.154	28.2	87	25.8	33.9	18.59	1.1288	0.00	600	8	100.0	30
23-04-11	11:00 p	25.5	25.8	25.5	94	24.5	0.0	---	0.00	0.0	---	25.5	28.4	28.4	27.7	1008.6	0.00	0.0	0	0.00	0	0.0	0.00	0.0	0.000	0.149	28.1	87	25.7	33.6	18.60	1.1290	0.00	599	8	100.0	30
23-04-11	11:30 p	25.3	25.6	25.3	95	24.5	0.0	---	0.00	0.0	---	25.3	28.1	28.1	27.4	1008.5	0.00	0.0	0	0.00	0	0.0	0.00	0.0	0.000	0.146	27.9	87	25.5	33.1	18.62	1.1299	0.00	600	8	100.0	30
23-04-12	12:00 a	25.5	25.5	25.3	95	24.6	0.0	---	0.00	0.0	---	25.5	28.4	28.4	27.8	1008.3	0.00	0.0	0	0.00	0	0.0	0.00	0.0	0.000	0.149	27.8	87	25.5	32.9	18.62	1.1300	0.00	598	8	100.0	30
23-04-12	12:30 a	25.3	25.6	25.2	95	24.4	0.0	---	0.00	0.0	---	25.3	28.0	28.0	27.3	1008.0	0.00	0.0	0	0.00	0	0.0	0.00	0.0	0.000	0.145	27.7	87	25.4	32.7	18.64	1.1304	0.00	597	8	100.0	30
23-04-12	1:00 a	24.9	25.3	24.9	95	24.0	0.0	---	0.00	0.0	---	24.9	27.3	27.3	26.6	1007.6	0.00	0.0	0	0.00	0	0.0	0.00	0.0	0.000	0.137	27.6	87	25.2	32.2	18.65	1.1309	0.00	600	8	100.0	30
23-04-12	1:30 a	24.7	25.0	24.7	95	23.9	0.0	---	0.00	0.0	---	24.7	27.1	27.1	26.4	1007.1	0.00	0.0	0	0.00	0	0.0	0.00	0.0	0.000	0.133	27.3	87	24.9	31.4	18.68	1.1320	0.00	597	8	100.0	30
23-04-12	2:00 a	24.7	24.7	24.6	95	23.8	0.0	---	0.00	0.0	---	24.7	27.0	27.0	26.3	1007.0	0.00	0.0	0	0.00	0	0.0	0.00	0.0	0.000	0.132	27.2	87	24.8	31.2	18.70	1.1325	0.00	598	8	100.0	30
23-04-12	2:30 a	24.8	24.8	24.6	95	23.9	0.0	WSW	0.00	0.4	WSW	24.8	27.2	27.2	26.4	1007.0	0.00	0.0	0	0.00	0	0.0	0.00	0.0	0.000	0.134	27.1	88	24.9	31.1	19.28	1.1327	0.00	598	8	100.0	30
23-04-12	3:00 a	24.8	24.8	24.8	95	24.0	0.0	---	0.00	0.0	---	24.8	27.2	27.2	26.5	1006.7	0.00	0.0	0	0.00	0	0.0	0.00	0.0	0.000	0.135	27.0	88	24.8	30.9	19.29	1.1326	0.00	600	8	100.0	30
23-04-12	3:30 a	24.6	24.8	24.5	95	23.7	0.0	---	0.00	0.0	---	24.6	26.8	26.8	26.1	1006.4	0.00	0.0	0	0.00	0	0.0	0.00	0.0	0.000	0.130	26.9	88	24.7	30.7	19.31	1.1330	0.00	599	8	100.0	30
23-04-12	4:00 a	24.7	24.8	24.5	95	23.9	0.0	---	0.00	0.0	---	24.7	27.1	27.1	26.4	1006.7	0.00	0.0	0	0.00	0	0.0	0.00	0.0	0.000	0.133	26.8	88	24.7	30.6	19.32	1.1337	0.00	597	8	100.0	30
23-04-12	4:30 a	24.8	24.8	24.7	95	24.0	0.0	---	0.00	0.0	---	24.8	27.2	27.2	26.5	1006.9	0.00	0.0	0	0.00	0	0.0	0.00	0.0	0.000	0.135	26.9	89	24.9	30.8	19.91	1.1331	0.00	599	8	100.0	30
23-04-12	5:00 a	24.6	24.9	24.6	95	23.8	0.0	---	0.00	0.0	---	24.6	26.9	26.9	26.2	1006.9	0.00	0.0	0	0.00	0	0.0	0.00	0.0	0.000	0.131	26.8	88	24.7	30.6	19.32	1.1339	0.00	597	8	100.0	30
23-04-12	5:30 a	24.6	24.7	24.6	95	23.7	0.0	---	0.00	0.0	---	24.6	26.8	26.8	26.1	1007.2	0.00	0.0	0	0.00	0	0.0	0.00	0.0	0.000	0.130	26.8	89	24.9	30.7	19.92	1.1338	0.00	600	8	100.0	30
23-04-12	6:00 a	24.9	24.9	24.6	95	24.0	0.0	---	0.00	0.0	---	24.9	27.3	27.3	26.7	1007.4	0.00	0.0	9	0.39	14	0.0	0.00	0.0	0.000	0.137	26.9	89	24.9	30.8	19.91	1.1337	0.00	596	8	100.0	30
23-04-12	6:30 a	25.5	25.5	24.9	95	24.6	0.0	N	0.00	0.9	NNW	25.5	28.4	28.4	28.5	1007.7	0.00	0.0	19	0.82	23	0.0	0.00	0.0	0.000	0.149	27.1	89	25.1	31.2	19.88	1.1331	0.00	593	8	100.0	30
23-04-12	7:00 a	25.9	25.9	25.5	95	25.0	0.0	N	0.00	0.4	N	25.9	29.3	29.3	29.5	1008.0	0.00	0.0	27	1.16	30	0.0	0.00	0.0	0.000	0.157	27.7	90	25.9	33.1	20.31	1.1293	0.03	592	8	100.0	30
23-04-12	7:30 a	26.4	26.4	25.9	95	25.6	0.0	SSW	0.00	0.9	N	26.4	30.7	30.7	30.9	1008.5	0.00	0.0	35	1.51	49	0.0	0.00	0.0	0.000	0.169	28.4	90	26.6	35.2	20.19	1.1253	0.00	595	8	100.0	30
23-04-12	8:00 a	27.1	27.1	26.4	95	26.2	0.4	WNW	0.80	1.3	N	27.1	32.2	32.2	32.9	1008.7	0.00	0.0	69	2.97	144	1.0	0.21	1.8	0.000	0.182	29.5	85	26.7	37.1	17.64	1.1214	0.03	599	8	100.0	30
23-04-12	8:30 a	29.2	29.3	27.1	89	27.2	0.4	NNE	0.80	1.8	ENE	29.2	37.4	37.4	40.8	1008.8	0.00	0.0	254	10.92	610	2.8	0.60	4.5	0.000	0.227	30.3	82	26.9	38.7	16.49	1.1183	0.00	596	8	100.0	30
23-04-12	9:00 a	31.6	31.6	28.9	82	28.2	0.4	NNE	0.80	2.2	WSW	31.6	43.6	43.6	50.7	1008.9	0.00	0.0	701	30.15	768	5.3	1.14	6.2	0.000	0.277	30.9	81	27.3	40.3	16.04	1.1149	0.33	595	8	100.0	30
23-04-12	9:30 a	31.5	32.2	31.4	78	27.2	0.4	WNW	0.80	2.2	S	31.5	41.3	41.3	48.4	1008.8	0.00	0.0	799	34.36	833	7.0	1.50	7.8	0.000	0.274	31.6	79	27.5	41.9	15.22	1.1121	0.00	598	8	100.0	30
23-04-12	10:00 a	32.2	32.5	31.6	80	28.3	0.4	WSW	0.80	2.2	SW	32.2	45.2	45.2	52.2	1008.6	0.00	0.0	883	37.97	916	8.5	1.82	9.6	0.000	0.289	32.0	77	27.5	43.0	14.57	1.1103	0.56	599	8	100.0	30
23-04-12	10:30 a	32.8	33.3	32.2	78	28.5	0.9	WSW	1.61	3.1	W	32.8	47.1	47.1	54.1	1008.8	0.00	0.0	937	40.30	972	10.2	2.19	10.8	0.000	0.302	32.3	76	27.6	43.9	14.25	1.1090	0.00	600	8	100.0	30
23-04-12	11:00 a	32.4	33.4	32.3	74	27.2	0.9	SSW	1.61	3.1	WSW	32.4	43.2	43.2	49.8	1008.3	0.00	0.0	974	41.89	1009	11.3	2.42	11.6	0.000	0.293	32.7	74	27.4	44.3	13.73	1.1077	0.66	591	8	100.0	30
23-04-12	11:30 a	32.9	33.7	32.4	74	27.6	0.9	SSW	1.61	2.7	W	32.9	45.2	45.2	51.2	1008.1	0.00	0.0	1002	43.09	1021	11.9	2.55	12.1	0.000	0.303	32.9	74	27.7	45.4	13.72	1.1058	0.00	596	8	100.0	30
23-04-12	12:00 p	33.3	33.4	32.7	75	28.3	0.9	SSW	1.61	2.7	SSE	33.3	47.7	47.7	53.6	1007.7	0.00	0.0	999	42.96	1013	12.0	2.57	12.1	0.000	0.313	33.2	72	27.4	45.2	13.08	1.1051	0.69	591	8	100.0	30
23-04-12	12:30 p	32.8	33.4	32.8	76	28.0	0.9	SSE	1.61	2.2	SSW	32.8	45.8	45.8	52.2	1007.1	0.00	0.0	998	42.92	1081	11.6	2.49	12.0	0.000	0.301	33.3	71	27.4	45.2	12.81	1.1040	0.00	597	8	100.0	30
23-04-12	1:00 p	31.9	33.2	31.4	76	27.1	0.9	SSW	1.61	2.2	SSW	31.9	42.1	42.1	48.7	1006.8	0.00	0.0	642	27.61	1171	8.0	1.71	12.0	0.000	0.282	33.1	73	27.6	45.6	13.39	1.1038	0.58	599	8	100.0	30
23-04-12	1:30 p	33.4	33.8	31.9	77	28.8	0.9	SSE	1.61	2.7	S	33.4	49.3	49.3	56.7	1006.0	0.00	0.0	951	40.90	1028	9.5	2.04	10.4	0.000	0.314	33.4	73	27.9	46.7	13.37	1.1013	0.00	599	8	100.0	30
23-04-12	2:00 p	31.0	33.7	31.0	79	26.9	0.9	SSE	1.61	2.7	S	31.0	39.7	39.7	44.4	1006.0	0.00	0.0	387	16.64	775	5.3	1.14	8.7	0.000	0.264	33.1	74	27.8	45.9	13.72	1.1026	0.46	596	8	100.0	30
23-04-12	2:30 p	32.0	32.9	31.0	74	26.8	0.9	E	1.61	3.6	ESE	32.0	41.8	41.8	48.1	1005.6	0.00	0.0	512	22.02	689	5.5	1.18	6.6	0.000	0.285	32.6	71	26.7	42.7	12.84	1.1065	0.00	598	8	100.0	30
23-04-12	3:00 p	32.0	32.9	31.8	74	26.8	0.9	SSE	1.61	3.1	S	32.0	41.8	41.8	48.3	1005.3	0.00	0.0	490	21.07	538	4.4	0.94	5.1	0.000	0.285	32.3	74	27.0	42.8	13.75	1.1065	0.36	595	8	100.0	30
23-04-12	3:30 p	31.8	32.2	31.3	77	27.3	0.9	SSE	1.61	2.7	SSE	31.8	42.3	42.3	48.6	1005.2	0.00	0.0	405	17.42	441	2.8	0.60	3.6	0.000	0.281	31.8	75	26.8	41.5	14.08	1.1085	0.00	598	8	100.0	30
23-04-12	4:00 p	31.1	31.9	30.9	78	26.8	0.9	SSE	1.61	3.6	SSE	31.1	39.4	39.4	44.8	1004.9	0.00	0.0	308	13.25	388	1.7	0.36	2.2	0.000	0.265	31.6	76	26.8	40.8	14.32	1.1092	0.25	599	8	100.0	30
23-04-12	4:30 p	30.1	31.1	29.9	80	26.2	0.4	SSE	0.80	2.2	S	30.1	37.3	37.3	39.8	1004.8	0.00	0.0	116	4.99	253	0.5	0.11	1.2	0.000	0.244	31.3	79	27.3	40.9	15.25	1.1089	0.00	599	8	100.0	30
23-04-12	5:00 p	29.2	30.1	29.2	85	26.4	0.4	SSE	0.80	2.2	SSE	29.2	36.3	36.3	36.1	1005.4	0.00	0.0	33	1.42	44	0.0	0.00	0.0	0.000	0.226	31.1	80	27.2	40.2	15.63	1.1103	0.05	596	8	100.0	30
23-04-12	5:30 p	28.2	29.2	28.2	89	26.2	0.0	SSE	0.00	1.8	SSE	28.2	34.4	34.4	33.9	1005.4	0.00	0.0	16	0.69	23	0.0	0.00	0.0	0.000	0.206	30.9	79	26.8	39.4	15.29	1.1122	0.00	592	8	100.0	30
23-04-12	6:00 p	27.5	28.3	27.5	90	25.7	0.0	E	0.00	0.4	E	27.5	32.6	32.6	31.9	1005.7	0.00	0.0	2	0.09	9	0.0	0.00	0.0	0.000	0.191	30.5	81	26.9	39.1	16.07	1.1138	0.00	596	8	100.0	30
23-04-12	6:30 p	27.2	27.6	27.2	92	25.8	0.0	E	0.00	0.4	E	27.2	32.0	32.0	31.3	1005.9	0.00	0.0	0	0.00	0	0.0	0.00	0.0	0.000	0.184	30.1	83	26.8	38.1	16.81	1.1158	0.00	594	8	100.0	30
23-04-12	7:00 p	26.8	27.2	26.7	92	25.4	0.0	E	0.00	0.4	E	26.8	31.0	31.0	30.3	1006.0	0.00	0.0	0	0.00	0	0.0	0.00	0.0	0.000	0.176	29.7	84	26.7	37.3	17.23	1.1178	0.00	593	8	100.0	30
23-04-12	7:30 p	26.5	26.8	26.5	93	25.3	0.0	---	0.00	0.0	---	26.5	30.5	30.5	29.8	1006.1	0.00	0.0	0	0.00	0	0.0	0.00	0.0	0.000	0.170	29.3	84	26.3	36.3	17.26	1.1202	0.00	592	8	100.0	30
23-04-12	8:00 p	26.3	26.5	26.3	93	25.1	0.0	---	0.00	0.0	---	26.3	30.1	30.1	29.4	1006.3	0.00	0.0	0	0.00	0	0.0	0.00	0.0	0.000	0.167	29.1	85	26.3	36.0	17.69	1.1213	0.00	597	8	100.0	30
23-04-12	8:30 p	26.3	26.3	26.2	94	25.2	0.0	---	0.00	0.0	---	26.3	30.2	30.2	29.5	1006.7	0.00	0.0	0	0.00	0	0.0	0.00	0.0	0.000	0.166	28.9	85	26.2	35.7	17.70	1.1224	0.00	598	8	100.0	30
23-04-12	9:00 p	26.1	26.3	26.1	94	25.0	0.0	---	0.00	0.0	---	26.1	29.7	29.7	29.0	1007.2	0.00	0.0	0	0.00	0	0.0	0.00	0.0	0.000	0.161	28.7	86	26.1	35.3	18.13	1.1239	0.00	597	8	100.0	30
23-04-12	9:30 p	25.9	26.1	25.9	94	24.8	0.0	---	0.00	0.0	---	25.9	29.3	29.3	28.6	1007.4	0.00	0.0	0	0.00	0	0.0	0.00	0.0	0.000	0.157	28.6	86	26.0	34.8	18.15	1.1251	0.00	599	8	100.0	30
23-04-12	10:00 p	25.8	25.9	25.8	94	24.7	0.0	---	0.00	0.0	---	25.8	29.0	29.0	28.3	1007.4	0.00	0.0	0	0.00	0	0.0	0.00	0.0	0.000	0.155	28.4	86	25.8	34.3	18.16	1.1261	0.00	600	8	100.0	30
23-04-12	10:30 p	25.7	25.8	25.6	94	24.6	0.0	---	0.00	0.0	---	25.7	28.7	28.7	28.0	1007.2	0.00	0.0	0	0.00	0	0.0	0.00	0.0	0.000	0.153	28.2	86	25.7	33.8	18.18	1.1269	0.00	599	8	100.0	30
23-04-12	11:00 p	25.6	25.7	25.6	94	24.5	0.0	---	0.00	0.0	---	25.6	28.5	28.5	27.8	1007.2	0.00	0.0	0	0.00	0	0.0	0.00	0.0	0.000	0.150	28.1	87	25.7	33.7	18.59	1.1271	0.00	598	8	100.0	30
23-04-12	11:30 p	25.6	25.6	25.4	94	24.5	0.0	---	0.00	0.0	---	25.6	28.5	28.5	27.8	1007.0	0.00	0.0	0	0.00	0	0.0	0.00	0.0	0.000	0.150	28.0	87	25.6	33.4	18.61	1.1275	0.00	600	8	100.0	30
23-04-13	12:00 a	25.7	25.7	25.6	95	24.8	0.0	---	0.00	0.0	---	25.7	28.8	28.8	28.1	1006.7	0.00	0.0	0	0.00	0	0.0	0.00	0.0	0.000	0.153	27.9	87	25.6	33.3	18.61	1.1275	0.00	601	8	100.0	30
23-04-13	12:30 a	25.7	25.7	25.6	95	24.9	0.0	---	0.00	0.0	---	25.7	28.9	28.9	28.2	1006.4	0.00	0.0	0	0.00	0	0.0	0.00	0.0	0.000	0.154	27.9	88	25.8	33.4	19.12	1.1267	0.00	598	8	100.0	30
23-04-13	1:00 a	25.9	25.9	25.7	95	25.0	0.0	---	0.00	0.0	---	25.9	29.3	29.3	28.7	1006.2	0.00	0.0	0	0.00	0	0.0	0.00	0.0	0.000	0.157	27.9	88	25.7	33.3	19.13	1.1269	0.00	598	8	100.0	30
23-04-13	1:30 a	25.7	25.9	25.7	95	24.9	0.0	---	0.00	0.0	---	25.7	28.9	28.9	28.2	1006.3	0.00	0.0	0	0.00	0	0.0	0.00	0.0	0.000	0.154	27.9	88	25.7	33.3	19.13	1.1269	0.00	597	8	100.0	30
23-04-13	2:00 a	25.4	25.7	25.4	95	24.6	0.0	---	0.00	0.0	---	25.4	28.3	28.3	27.6	1005.8	0.00	0.0	0	0.00	0	0.0	0.00	0.0	0.000	0.148	27.7	88	25.6	32.8	19.16	1.1273	0.00	599	8	100.0	30
23-04-13	2:30 a	25.3	25.4	25.2	95	24.4	0.0	---	0.00	0.0	---	25.3	28.0	28.0	27.2	1005.9	0.00	0.0	0	0.00	0	0.0	0.00	0.0	0.000	0.145	27.6	88	25.4	32.4	19.19	1.1284	0.00	595	8	100.0	30
23-04-13	3:00 a	25.2	25.3	25.2	95	24.4	0.0	---	0.00	0.0	---	25.2	27.9	27.9	27.2	1006.1	0.00	0.0	0	0.00	0	0.0	0.00	0.0	0.000	0.144	27.4	88	25.3	32.1	19.21	1.1294	0.00	597	8	100.0	30
23-04-13	3:30 a	25.2	25.3	25.1	95	24.4	0.0	E	0.00	0.4	E	25.2	27.9	27.9	27.2	1006.0	0.00	0.0	0	0.00	0	0.0	0.00	0.0	0.000	0.144	27.4	88	25.2	31.9	19.22	1.1295	0.00	597	8	100.0	30
23-04-13	4:00 a	25.1	25.2	25.1	95	24.2	0.0	---	0.00	0.4	E	25.1	27.6	27.6	26.8	1006.1	0.00	0.0	0	0.00	0	0.0	0.00	0.0	0.000	0.140	27.3	88	25.1	31.6	19.24	1.1303	0.00	594	8	100.0	30
23-04-13	4:30 a	25.1	25.1	24.9	95	24.2	0.0	---	0.00	0.0	---	25.1	27.6	27.6	26.8	1006.2	0.00	0.0	0	0.00	0	0.0	0.00	0.0	0.000	0.140	27.2	88	25.1	31.4	19.25	1.1308	0.00	595	8	100.0	30
23-04-13	5:00 a	25.1	25.1	24.9	95	24.2	0.0	---	0.00	0.0	---	25.1	27.6	27.6	26.8	1006.3	0.00	0.0	0	0.00	0	0.0	0.00	0.0	0.000	0.140	27.2	89	25.2	31.5	19.86	1.1308	0.00	597	8	100.0	30
23-04-13	5:30 a	24.9	25.1	24.9	95	24.0	0.0	---	0.00	0.0	---	24.9	27.3	27.3	26.6	1006.7	0.00	0.0	0	0.00	0	0.0	0.00	0.0	0.000	0.137	27.1	89	25.1	31.3	19.87	1.1316	0.00	595	8	100.0	30
23-04-13	6:00 a	25.1	25.1	24.8	95	24.2	0.0	---	0.00	0.0	---	25.1	27.6	27.6	26.9	1006.6	0.00	0.0	9	0.39	18	0.0	0.00	0.0	0.000	0.140	27.1	89	25.1	31.2	19.88	1.1319	0.00	595	8	100.0	30
23-04-13	6:30 a	25.3	25.3	25.0	95	24.5	0.0	---	0.00	0.0	---	25.3	28.1	28.1	28.3	1007.0	0.00	0.0	23	0.99	26	0.0	0.00	0.0	0.000	0.146	27.2	90	25.4	31.7	20.38	1.1313	0.00	594	8	100.0	30
23-04-13	7:00 a	25.6	25.7	25.3	95	24.8	0.0	---	0.00	0.0	---	25.6	28.7	28.7	28.8	1007.4	0.00	0.0	28	1.20	33	0.0	0.00	0.0	0.000	0.152	27.3	89	25.4	31.9	19.83	1.1310	0.03	594	8	100.0	30
23-04-13	7:30 a	25.8	26.0	25.6	95	25.0	0.0	---	0.00	0.0	---	25.8	29.2	29.2	29.6	1007.7	0.00	0.0	42	1.81	53	0.0	0.00	0.0	0.000	0.156	28.1	90	26.3	34.1	20.25	1.1267	0.00	596	8	100.0	30
23-04-13	8:00 a	26.5	26.5	25.8	95	25.6	0.0	---	0.00	0.0	---	26.5	30.8	30.8	31.8	1008.0	0.00	0.0	85	3.66	144	1.4	0.30	1.8	0.000	0.170	28.9	88	26.8	36.4	18.94	1.1225	0.05	598	8	100.0	30
23-04-13	8:30 a	28.1	28.1	26.5	95	27.2	0.0	E	0.00	0.9	E	28.1	35.5	35.5	40.9	1008.2	0.00	0.0	423	18.19	621	3.2	0.69	4.4	0.000	0.204	29.8	84	26.8	37.7	17.22	1.1192	0.00	590	8	100.0	30
23-04-13	9:00 a	30.6	31.0	28.1	77	26.1	0.4	E	0.80	1.3	ESE	30.6	38.2	38.2	45.1	1008.3	0.00	0.0	675	29.03	728	5.2	1.11	6.1	0.000	0.256	30.6	81	27.0	39.4	16.07	1.1162	0.36	588	8	100.0	30
23-04-13	9:30 a	33.1	33.1	30.6	74	27.8	0.4	SSE	0.80	2.7	SSE	33.1	45.9	45.9	53.0	1008.3	0.00	0.0	806	34.66	881	7.0	1.50	7.9	0.000	0.307	31.2	79	27.1	40.2	15.26	1.1139	0.00	592	8	100.0	30
23-04-13	10:00 a	32.7	33.2	32.3	75	27.7	0.4	SSW	0.80	2.2	S	32.7	44.8	44.8	51.9	1008.2	0.00	0.0	868	37.33	881	8.6	1.84	9.2	0.000	0.299	31.7	77	27.2	41.9	14.60	1.1115	0.58	597	8	100.0	30
23-04-13	10:30 a	32.8	32.8	32.0	71	26.9	0.9	ESE	1.61	2.7	SSE	32.8	43.4	43.4	50.5	1007.8	0.00	0.0	910	39.14	944	9.9	2.12	10.5	0.000	0.302	32.3	73	26.9	42.6	13.44	1.1096	0.00	595	8	100.0	30
23-04-13	11:00 a	32.8	33.4	32.7	69	26.4	0.9	S	1.61	3.1	SSE	32.8	42.6	42.6	49.4	1007.4	0.00	0.0	955	41.07	970	11.0	2.36	11.4	0.000	0.302	32.7	71	26.7	42.9	12.83	1.1083	0.66	598	8	100.0	30
23-04-13	11:30 a	33.4	33.7	32.3	72	27.7	0.9	SE	1.61	3.6	SE	33.4	46.3	46.3	52.9	1007.1	0.00	0.0	978	42.06	988	11.6	2.49	11.8	0.000	0.315	32.9	72	27.2	44.4	13.10	1.1058	0.00	595	8	100.0	30
23-04-13	12:00 p	32.8	33.6	32.6	69	26.4	1.3	SE	2.41	3.1	ESE	32.8	42.6	42.6	48.9	1006.5	0.00	0.0	980	42.15	984	11.7	2.51	11.8	0.000	0.302	33.2	71	27.2	44.8	12.81	1.1040	0.69	600	8	100.0	30
23-04-13	12:30 p	32.2	33.6	32.2	71	26.2	0.9	SE	1.61	3.6	SE	32.2	41.2	41.2	47.3	1005.9	0.00	0.0	969	41.67	983	11.3	2.42	11.7	0.000	0.288	33.3	69	26.8	44.0	12.31	1.1042	0.00	599	8	100.0	30
23-04-13	1:00 p	33.9	33.9	32.1	75	28.9	0.9	SE	1.61	2.7	SSE	33.9	50.7	50.7	57.1	1005.6	0.00	0.0	924	39.74	944	10.4	2.23	10.9	0.000	0.325	33.3	71	27.3	45.0	12.81	1.1026	0.66	597	8	100.0	30
23-04-13	1:30 p	33.3	33.9	32.5	73	27.8	0.9	SE	1.61	4.9	ESE	33.3	46.2	46.2	52.7	1005.0	0.00	0.0	844	36.30	891	9.0	1.93	9.7	0.000	0.311	33.3	70	27.1	44.4	12.51	1.1026	0.00	597	8	100.0	30
23-04-13	2:00 p	32.3	33.6	32.1	72	26.6	1.3	SE	2.41	4.0	SE	32.3	42.2	42.2	48.9	1004.8	0.00	0.0	645	27.74	724	7.3	1.56	8.2	0.000	0.292	33.0	70	26.8	43.5	12.52	1.1039	0.51	594	8	100.0	30
23-04-13	2:30 p	32.9	33.2	32.1	74	27.7	0.9	SSE	1.61	5.4	ESE	32.9	45.4	45.4	52.1	1004.6	0.00	0.0	561	24.13	626	5.7	1.22	6.7	0.000	0.304	32.7	73	27.2	44.1	13.41	1.1037	0.00	591	8	100.0	30
23-04-13	3:00 p	32.0	32.9	31.8	74	26.8	0.9	SSE	1.61	4.0	SSE	32.0	41.8	41.8	48.2	1004.3	0.00	0.0	476	20.47	548	4.2	0.90	5.0	0.000	0.285	32.3	74	27.0	42.8	13.75	1.1054	0.36	598	8	100.0	30
23-04-13	3:30 p	31.5	32.7	31.5	75	26.5	0.9	SE	1.61	3.1	SSE	31.5	40.2	40.2	46.3	1004.4	0.00	0.0	405	17.42	438	2.8	0.60	3.5	0.000	0.274	31.9	73	26.5	41.2	13.46	1.1080	0.00	597	8	100.0	30
23-04-13	4:00 p	31.2	32.2	31.1	77	26.7	0.4	S	0.80	2.7	SE	31.2	39.4	39.4	44.9	1004.3	0.00	0.0	318	13.68	476	1.6	0.34	2.2	0.000	0.267	31.8	75	26.8	41.5	14.08	1.1075	0.25	597	8	100.0	30
23-04-13	4:30 p	30.3	31.3	30.2	78	26.1	0.4	SE	0.80	1.8	SSE	30.3	37.7	37.7	40.6	1004.6	0.00	0.0	132	5.68	255	0.8	0.17	1.2	0.000	0.250	31.7	76	26.9	41.2	14.31	1.1082	0.00	597	8	100.0	30
23-04-13	5:00 p	29.4	30.4	29.4	83	26.3	0.4	E	0.80	2.2	S	29.4	36.4	36.4	36.4	1004.7	0.00	0.0	51	2.19	102	0.0	0.00	0.5	0.000	0.231	31.6	78	27.2	41.6	14.85	1.1079	0.08	595	8	100.0	30
23-04-13	5:30 p	28.4	29.4	28.4	88	26.2	0.0	E	0.00	0.9	E	28.4	34.7	34.7	34.3	1004.9	0.00	0.0	19	0.82	28	0.0	0.00	0.0	0.000	0.209	30.8	80	26.9	39.4	15.65	1.1118	0.00	596	8	100.0	30
23-04-13	6:00 p	27.5	28.4	27.5	90	25.7	0.0	E	0.00	0.4	E	27.5	32.6	32.6	31.9	1005.3	0.00	0.0	2	0.09	9	0.0	0.00	0.0	0.000	0.191	30.1	82	26.6	37.8	16.51	1.1156	0.00	595	8	100.0	30
23-04-13	6:30 p	26.9	27.5	26.9	91	25.3	0.0	---	0.00	0.0	---	26.9	31.3	31.3	30.6	1005.5	0.00	0.0	0	0.00	0	0.0	0.00	0.0	0.000	0.179	29.5	83	26.3	36.6	16.85	1.1186	0.00	596	8	100.0	30
23-04-13	7:00 p	26.7	27.0	26.6	92	25.3	0.0	---	0.00	0.0	---	26.7	30.7	30.7	30.0	1005.6	0.00	0.0	0	0.00	0	0.0	0.00	0.0	0.000	0.174	29.1	84	26.1	35.9	17.27	1.1207	0.00	598	8	100.0	30
23-04-13	7:30 p	26.3	26.7	26.3	93	25.1	0.0	---	0.00	0.0	---	26.3	30.1	30.1	29.4	1005.8	0.00	0.0	0	0.00	0	0.0	0.00	0.0	0.000	0.167	28.7	85	25.9	35.1	17.73	1.1227	0.00	595	8	100.0	30
23-04-13	8:00 p	26.2	26.4	26.2	93	24.9	0.0	---	0.00	0.0	---	26.2	29.8	29.8	29.1	1005.9	0.00	0.0	0	0.00	0	0.0	0.00	0.0	0.000	0.163	28.4	86	25.9	34.4	18.16	1.1240	0.00	597	8	100.0	30
23-04-13	8:30 p	26.0	26.2	25.9	93	24.8	0.0	---	0.00	0.0	---	26.0	29.4	29.4	28.7	1006.1	0.00	0.0	0	0.00	0	0.0	0.00	0.0	0.000	0.160	28.2	87	25.8	33.9	18.59	1.1255	0.00	599	8	100.0	30
23-04-13	9:00 p	25.7	26.0	25.7	94	24.7	0.0	---	0.00	0.0	---	25.7	28.9	28.9	28.2	1006.3	0.00	0.0	0	0.00	0	0.0	0.00	0.0	0.000	0.154	27.9	87	25.6	33.3	18.61	1.1270	0.00	598	8	100.0	30
23-04-13	9:30 p	25.4	25.7	25.4	94	24.4	0.0	---	0.00	0.0	---	25.4	28.3	28.3	27.5	1006.5	0.00	0.0	0	0.00	0	0.0	0.00	0.0	0.000	0.148	27.7	87	25.3	32.5	18.64	1.1289	0.00	599	8	100.0	30
23-04-13	10:00 p	25.2	25.5	25.2	94	24.1	0.0	---	0.00	0.0	---	25.2	27.8	27.8	27.0	1006.8	0.00	0.0	0	0.00	0	0.0	0.00	0.0	0.000	0.142	27.4	87	25.1	31.9	18.67	1.1306	0.00	597	8	100.0	30
23-04-13	10:30 p	25.0	25.2	25.0	94	24.0	0.0	---	0.00	0.0	---	25.0	27.4	27.4	26.7	1006.9	0.00	0.0	0	0.00	0	0.0	0.00	0.0	0.000	0.139	27.2	88	25.0	31.3	19.26	1.1319	0.00	600	8	100.0	30
23-04-13	11:00 p	24.9	25.1	24.9	94	23.9	0.0	---	0.00	0.0	---	24.9	27.4	27.4	26.6	1006.8	0.00	0.0	0	0.00	0	0.0	0.00	0.0	0.000	0.138	26.9	88	24.8	30.8	19.30	1.1331	0.00	600	8	100.0	30
23-04-13	11:30 p	24.7	25.0	24.7	94	23.7	0.0	---	0.00	0.0	---	24.7	27.1	27.1	26.2	1006.5	0.00	0.0	0	0.00	0	0.0	0.00	0.0	0.000	0.133	26.8	89	24.8	30.6	19.93	1.1333	0.00	599	8	100.0	30
23-04-14	12:00 a	24.6	24.7	24.6	94	23.5	0.0	---	0.00	0.0	---	24.6	26.8	26.8	25.9	1006.7	0.00	0.0	0	0.00	0	0.0	0.00	0.0	0.000	0.130	26.6	89	24.6	30.2	19.95	1.1346	0.00	598	8	100.0	30
23-04-14	12:30 a	24.6	24.7	24.5	95	23.7	0.0	---	0.00	0.0	---	24.6	26.8	26.8	26.0	1006.7	0.00	0.0	0	0.00	0	0.0	0.00	0.0	0.000	0.130	26.4	89	24.5	29.8	19.95	1.1356	0.00	599	8	100.0	30
23-04-14	1:00 a	24.4	24.6	24.3	95	23.5	0.0	---	0.00	0.0	---	24.4	26.6	26.6	25.8	1006.6	0.00	0.0	0	0.00	0	0.0	0.00	0.0	0.000	0.126	26.3	89	24.3	29.5	19.95	1.1365	0.00	599	8	100.0	30
23-04-14	1:30 a	24.4	24.4	24.3	95	23.5	0.0	---	0.00	0.0	---	24.4	26.6	26.6	25.8	1006.6	0.00	0.0	0	0.00	0	0.0	0.00	0.0	0.000	0.126	26.2	89	24.2	29.3	19.95	1.1371	0.00	588	8	100.0	30
23-04-14	2:00 a	24.2	24.4	24.2	95	23.3	0.0	---	0.00	0.0	---	24.2	26.3	26.3	25.4	1006.4	0.00	0.0	0	0.00	0	0.0	0.00	0.0	0.000	0.122	26.1	90	24.3	29.2	20.45	1.1371	0.00	587	8	100.0	30
23-04-14	2:30 a	24.5	24.5	24.2	95	23.6	0.0	---	0.00	0.0	---	24.5	26.7	26.7	25.9	1006.4	0.00	0.0	0	0.00	0	0.0	0.00	0.0	0.000	0.128	25.9	90	24.2	28.9	20.45	1.1377	0.00	590	8	100.0	30
23-04-14	3:00 a	24.7	24.7	24.5	95	23.8	0.0	---	0.00	0.0	---	24.7	27.0	27.0	26.2	1006.2	0.00	0.0	0	0.00	0	0.0	0.00	0.0	0.000	0.132	26.0	91	24.4	29.2	21.03	1.1368	0.00	591	8	100.0	30
23-04-14	3:30 a	24.9	24.9	24.6	95	24.0	0.0	---	0.00	0.0	---	24.9	27.3	27.3	26.6	1006.3	0.00	0.0	0	0.00	0	0.0	0.00	0.0	0.000	0.137	26.2	91	24.6	29.5	21.03	1.1359	0.00	590	8	100.0	30
23-04-14	4:00 a	25.1	25.1	24.8	95	24.2	0.0	---	0.00	0.0	---	25.1	27.6	27.6	26.8	1006.4	0.00	0.0	0	0.00	0	0.0	0.00	0.0	0.000	0.140	26.2	92	24.8	29.8	21.13	1.1353	0.00	589	8	100.0	30
23-04-14	4:30 a	25.2	25.3	25.0	95	24.3	0.0	---	0.00	0.0	---	25.2	27.8	27.8	27.1	1006.4	0.00	0.0	0	0.00	0	0.0	0.00	0.0	0.000	0.142	26.2	92	24.8	29.8	21.13	1.1353	0.00	593	8	100.0	30
23-04-14	5:00 a	25.1	25.3	25.1	95	24.3	0.0	---	0.00	0.0	---	25.1	27.7	27.7	26.9	1006.6	0.00	0.0	0	0.00	0	0.0	0.00	0.0	0.000	0.141	26.4	92	25.0	30.2	21.14	1.1343	0.00	596	8	100.0	30
23-04-14	5:30 a	24.7	25.1	24.7	95	23.9	0.0	---	0.00	0.0	---	24.7	27.1	27.1	26.3	1006.6	0.00	0.0	0	0.00	0	0.0	0.00	0.0	0.000	0.133	26.3	91	24.7	29.9	21.04	1.1353	0.00	596	8	100.0	30
23-04-14	6:00 a	24.7	24.7	24.6	95	23.9	0.0	---	0.00	0.0	---	24.7	27.1	27.1	26.4	1007.1	0.00	0.0	9	0.39	16	0.0	0.00	0.0	0.000	0.133	26.2	91	24.6	29.5	21.03	1.1369	0.00	595	8	100.0	30
23-04-14	6:30 a	25.1	25.1	24.7	95	24.3	0.0	---	0.00	0.0	---	25.1	27.7	27.7	27.8	1007.3	0.00	0.0	21	0.90	25	0.0	0.00	0.0	0.000	0.141	26.2	92	24.8	29.8	21.13	1.1363	0.00	600	8	100.0	30
23-04-14	7:00 a	25.4	25.4	25.1	95	24.6	0.0	---	0.00	0.0	---	25.4	28.3	28.3	28.6	1007.3	0.00	0.0	30	1.29	37	0.0	0.00	0.0	0.000	0.148	26.7	92	25.3	30.9	21.15	1.1334	0.03	599	8	100.0	30
23-04-14	7:30 a	25.9	26.0	25.4	95	25.0	0.0	---	0.00	0.0	---	25.9	29.3	29.3	29.7	1007.7	0.00	0.0	41	1.76	56	0.0	0.00	0.0	0.000	0.157	27.7	91	26.1	33.3	20.91	1.1286	0.00	596	8	100.0	30
23-04-14	8:00 a	26.6	26.6	25.8	95	25.7	0.0	---	0.00	0.0	---	26.6	30.9	30.9	32.3	1007.8	0.00	0.0	109	4.69	244	1.5	0.32	2.3	0.000	0.171	28.5	89	26.5	35.2	19.62	1.1246	0.05	597	8	100.0	30
23-04-14	8:30 a	28.7	28.7	26.5	90	26.9	0.0	---	0.00	0.0	---	28.7	36.1	36.1	41.8	1007.8	0.00	0.0	449	19.31	573	3.2	0.69	4.2	0.000	0.216	29.4	82	26.0	36.2	16.55	1.1221	0.00	600	8	100.0	30
23-04-14	9:00 a	30.9	30.9	28.7	79	26.8	0.0	ESE	0.00	0.9	SSE	30.9	39.4	39.4	46.2	1008.2	0.00	0.0	646	27.78	712	5.1	1.09	5.9	0.000	0.262	30.2	80	26.3	37.7	15.70	1.1192	0.36	599	8	100.0	30
23-04-14	9:30 a	32.3	32.4	30.9	73	26.9	0.4	S	0.80	1.8	S	32.3	42.6	42.6	49.7	1008.3	0.00	0.0	747	32.13	795	6.8	1.46	7.5	0.000	0.292	30.8	76	26.1	38.3	14.41	1.1177	0.00	597	8	100.0	30
23-04-14	10:00 a	32.9	32.9	31.8	73	27.5	0.4	S	0.80	1.8	SSE	32.9	44.9	44.9	52.1	1008.1	0.00	0.0	839	36.08	881	8.4	1.80	9.1	0.000	0.304	31.4	74	26.2	39.4	13.78	1.1149	0.53	597	8	100.0	30
23-04-14	10:30 a	33.7	33.9	32.8	71	27.7	0.4	SW	0.80	2.2	SSW	33.7	46.7	46.7	53.7	1007.8	0.00	0.0	921	39.61	953	9.9	2.12	10.5	0.000	0.321	31.9	73	26.4	40.9	13.46	1.1122	0.00	596	8	100.0	30
23-04-14	11:00 a	33.1	33.8	32.7	72	27.3	0.9	SSW	1.61	3.1	WSW	33.1	44.8	44.8	51.6	1007.4	0.00	0.0	961	41.33	977	11.0	2.36	11.4	0.000	0.307	32.3	73	26.9	42.6	13.44	1.1092	0.66	595	8	100.0	30
23-04-14	11:30 a	34.1	34.1	32.7	74	28.8	0.9	SW	1.61	2.7	SSW	34.1	50.4	50.4	57.0	1007.1	0.00	0.0	987	42.45	1004	11.7	2.51	11.8	0.000	0.328	32.6	73	27.1	43.6	13.42	1.1072	0.00	599	8	100.0	30
23-04-14	12:00 p	33.6	34.4	33.2	72	27.9	0.9	WSW	1.61	3.1	SSE	33.6	46.9	46.9	53.2	1006.8	0.00	0.0	990	42.58	1000	11.8	2.53	11.8	0.000	0.318	32.7	72	27.0	43.6	13.11	1.1067	0.69	600	8	100.0	30
23-04-14	12:30 p	33.1	34.0	32.7	72	27.4	0.9	SE	1.61	3.1	SE	33.1	45.0	45.0	51.5	1006.9	0.00	0.0	955	41.07	993	11.0	2.36	11.7	0.000	0.308	32.8	73	27.4	44.4	13.41	1.1057	0.00	599	8	100.0	30
23-04-14	1:00 p	32.9	33.9	32.8	74	27.6	0.9	SE	1.61	2.2	SSW	32.9	45.2	45.2	51.9	1006.3	0.00	0.0	903	38.83	977	10.1	2.16	11.0	0.000	0.303	32.8	71	26.8	43.3	12.83	1.1064	0.63	598	8	100.0	30
23-04-14	1:30 p	31.5	33.3	31.5	80	27.6	0.9	SE	1.61	3.6	SE	31.5	42.1	42.1	47.6	1006.0	0.00	0.0	470	20.21	935	7.0	1.50	9.9	0.000	0.274	32.6	73	27.1	43.6	13.42	1.1059	0.00	598	8	100.0	30
23-04-14	2:00 p	33.4	33.4	31.4	75	28.3	0.4	SE	0.80	2.2	SSE	33.4	47.9	47.9	54.1	1005.5	0.00	0.0	519	22.32	731	6.3	1.35	7.6	0.000	0.314	32.3	76	27.5	43.7	14.25	1.1057	0.38	598	8	100.0	30
23-04-14	2:30 p	32.2	33.4	31.9	77	27.7	0.9	S	1.61	3.1	SE	32.2	43.9	43.9	49.8	1005.0	0.00	0.0	467	20.08	726	4.8	1.03	6.3	0.000	0.289	32.2	77	27.6	43.7	14.56	1.1052	0.00	598	8	100.0	30
23-04-14	3:00 p	30.6	32.6	30.6	78	26.3	0.4	SE	0.80	3.1	SSE	30.6	38.4	38.4	41.8	1004.6	0.00	0.0	226	9.72	608	2.4	0.51	5.2	0.000	0.255	31.7	79	27.6	42.5	15.21	1.1067	0.25	590	8	100.0	30
23-04-14	3:30 p	31.0	31.7	30.5	80	27.1	0.4	N	0.80	2.7	ESE	31.0	39.9	39.9	44.5	1004.9	0.00	0.0	270	11.61	490	2.2	0.47	3.0	0.000	0.264	31.3	80	27.4	41.0	15.62	1.1088	0.00	597	8	100.0	30
23-04-14	4:00 p	29.8	32.1	29.8	84	26.8	0.4	NE	0.80	1.8	SE	29.8	37.7	37.7	40.7	1005.3	0.00	0.0	149	6.41	466	1.1	0.24	2.3	0.000	0.240	31.1	80	27.2	40.1	15.63	1.1106	0.15	598	8	100.0	30
23-04-14	4:30 p	29.5	30.0	29.5	84	26.5	0.4	ESE	0.80	1.8	NE	29.5	36.8	36.8	39.4	1005.3	0.00	0.0	117	5.03	202	0.6	0.13	0.9	0.000	0.233	30.9	80	27.0	39.7	15.65	1.1116	0.00	592	8	100.0	30
23-04-14	5:00 p	28.9	29.6	28.9	88	26.8	0.0	ENE	0.00	1.3	E	28.9	36.4	36.4	36.7	1006.0	0.00	0.0	70	3.01	93	0.0	0.00	0.0	0.000	0.221	30.7	82	27.3	40.1	16.46	1.1124	0.08	597	8	100.0	30
23-04-14	5:30 p	28.4	28.9	28.4	89	26.5	0.4	E	0.80	1.3	NE	28.4	35.1	35.1	34.8	1006.3	0.00	0.0	33	1.42	49	0.0	0.00	0.0	0.000	0.211	30.5	83	27.3	39.8	16.77	1.1135	0.00	592	8	100.0	30
23-04-14	6:00 p	27.8	28.4	27.8	91	26.2	0.0	E	0.00	0.4	E	27.8	33.7	33.7	33.2	1006.6	0.00	0.0	6	0.26	14	0.0	0.00	0.0	0.000	0.198	30.1	84	27.1	38.6	17.20	1.1158	0.03	593	8	100.0	30
23-04-14	6:30 p	27.6	27.8	27.6	92	26.1	0.0	E	0.00	0.4	E	27.6	33.1	33.1	32.5	1007.0	0.00	0.0	0	0.00	0	0.0	0.00	0.0	0.000	0.192	29.8	85	27.0	37.8	17.61	1.1178	0.00	595	8	100.0	30
23-04-14	7:00 p	27.2	27.6	27.2	92	25.8	0.0	E	0.00	0.4	E	27.2	32.0	32.0	31.3	1007.3	0.00	0.0	0	0.00	0	0.0	0.00	0.0	0.000	0.184	29.4	86	26.9	37.2	18.05	1.1196	0.00	600	8	100.0	30
23-04-14	7:30 p	26.7	27.2	26.7	93	25.5	0.0	---	0.00	0.0	---	26.7	31.0	31.0	30.3	1007.2	0.00	0.0	0	0.00	0	0.0	0.00	0.0	0.000	0.175	29.1	86	26.5	36.2	18.09	1.1219	0.00	596	8	100.0	30
23-04-14	8:00 p	26.5	26.8	26.4	93	25.3	0.0	---	0.00	0.0	---	26.5	30.5	30.5	29.8	1007.5	0.00	0.0	0	0.00	0	0.0	0.00	0.0	0.000	0.170	28.7	87	26.3	35.3	18.53	1.1241	0.00	592	8	100.0	30
23-04-14	8:30 p	26.3	26.5	26.2	94	25.2	0.0	---	0.00	0.0	---	26.3	30.2	30.2	29.5	1007.8	0.00	0.0	0	0.00	0	0.0	0.00	0.0	0.000	0.166	28.4	87	26.0	34.5	18.56	1.1261	0.00	594	8	100.0	30
23-04-14	9:00 p	26.2	26.3	26.1	94	25.2	0.0	E	0.00	0.9	ENE	26.2	30.0	30.0	29.3	1008.1	0.00	0.0	0	0.00	0	0.0	0.00	0.0	0.000	0.164	28.3	87	25.9	34.2	18.58	1.1271	0.00	597	8	100.0	30
23-04-14	9:30 p	26.0	26.2	26.0	94	25.0	0.0	NE	0.00	0.9	NE	26.0	29.5	29.5	28.8	1007.9	0.00	0.0	0	0.00	0	0.0	0.00	0.0	0.000	0.160	28.2	87	25.8	33.9	18.59	1.1276	0.00	597	8	100.0	30
23-04-14	10:00 p	25.9	26.1	25.9	94	24.9	0.0	---	0.00	0.0	---	25.9	29.4	29.4	28.7	1008.3	0.00	0.0	0	0.00	0	0.0	0.00	0.0	0.000	0.159	28.0	87	25.6	33.4	18.61	1.1291	0.00	597	8	100.0	30
23-04-14	10:30 p	25.6	25.9	25.6	94	24.6	0.0	---	0.00	0.0	---	25.6	28.6	28.6	27.9	1008.3	0.00	0.0	0	0.00	0	0.0	0.00	0.0	0.000	0.152	27.7	88	25.6	32.8	19.16	1.1303	0.00	597	8	100.0	30
23-04-14	11:00 p	25.5	25.6	25.4	94	24.5	0.0	---	0.00	0.0	---	25.5	28.4	28.4	27.7	1008.2	0.00	0.0	0	0.00	0	0.0	0.00	0.0	0.000	0.149	27.4	88	25.3	32.1	19.21	1.1318	0.00	596	8	100.0	30
23-04-14	11:30 p	25.3	25.7	25.3	94	24.2	0.0	---	0.00	0.0	---	25.3	27.9	27.9	27.2	1008.0	0.00	0.0	0	0.00	0	0.0	0.00	0.0	0.000	0.145	27.3	89	25.3	31.8	19.84	1.1321	0.00	597	8	100.0	30
23-04-15	12:00 a	25.1	25.3	25.1	94	24.1	0.0	---	0.00	0.0	---	25.1	27.7	27.7	26.9	1007.5	0.00	0.0	0	0.00	0	0.0	0.00	0.0	0.000	0.141	27.1	89	25.1	31.2	19.88	1.1328	0.00	594	8	100.0	30
23-04-15	12:30 a	25.1	25.3	24.8	94	24.1	0.0	---	0.00	0.0	---	25.1	27.7	27.7	26.9	1007.3	0.00	0.0	0	0.00	0	0.0	0.00	0.0	0.000	0.141	26.8	89	24.9	30.7	19.92	1.1339	0.00	587	8	100.0	30
23-04-15	1:00 a	24.9	25.1	24.8	95	24.0	0.0	---	0.00	0.0	---	24.9	27.3	27.3	26.6	1007.0	0.00	0.0	0	0.00	0	0.0	0.00	0.0	0.000	0.137	26.7	90	24.9	30.4	20.45	1.1342	0.00	583	8	100.0	30
23-04-15	1:30 a	24.6	24.9	24.6	95	23.8	0.0	---	0.00	0.0	---	24.6	26.9	26.9	26.2	1006.7	0.00	0.0	0	0.00	0	0.0	0.00	0.0	0.000	0.131	26.5	90	24.7	30.1	20.45	1.1348	0.00	591	8	100.0	30
23-04-15	2:00 a	24.3	24.6	24.3	95	23.4	0.0	---	0.00	0.0	---	24.3	26.4	26.4	25.7	1006.4	0.00	0.0	0	0.00	0	0.0	0.00	0.0	0.000	0.124	26.3	90	24.6	29.7	20.45	1.1354	0.00	594	8	100.0	30
23-04-15	2:30 a	24.3	24.4	24.3	95	23.5	0.0	---	0.00	0.0	---	24.3	26.5	26.5	25.7	1006.6	0.00	0.0	0	0.00	0	0.0	0.00	0.0	0.000	0.125	26.2	90	24.4	29.4	20.45	1.1366	0.00	598	8	100.0	30
23-04-15	3:00 a	24.2	24.4	24.1	95	23.4	0.0	---	0.00	0.0	---	24.2	26.4	26.4	25.6	1006.9	0.00	0.0	0	0.00	0	0.0	0.00	0.0	0.000	0.123	26.1	90	24.3	29.2	20.45	1.1377	0.00	597	8	100.0	30
23-04-15	3:30 a	24.1	24.3	24.0	95	23.2	0.0	---	0.00	0.0	---	24.1	26.2	26.2	25.3	1007.0	0.00	0.0	0	0.00	0	0.0	0.00	0.0	0.000	0.119	25.9	90	24.1	28.8	20.45	1.1387	0.00	595	8	100.0	30
23-04-15	4:00 a	24.1	24.1	23.9	95	23.2	0.0	---	0.00	0.0	---	24.1	26.2	26.2	25.3	1007.3	0.00	0.0	0	0.00	0	0.0	0.00	0.0	0.000	0.119	25.8	90	24.0	28.7	20.45	1.1397	0.00	598	8	100.0	30
23-04-15	4:30 a	23.9	24.1	23.8	95	23.0	0.0	---	0.00	0.0	---	23.9	25.9	25.9	25.1	1007.6	0.00	0.0	0	0.00	0	0.0	0.00	0.0	0.000	0.116	25.7	90	23.9	28.4	20.45	1.1408	0.00	597	8	100.0	30
23-04-15	5:00 a	23.8	24.0	23.8	95	22.9	0.0	---	0.00	0.0	---	23.8	25.8	25.8	24.9	1007.9	0.00	0.0	0	0.00	0	0.0	0.00	0.0	0.000	0.113	25.6	90	23.8	28.2	20.45	1.1418	0.00	597	8	100.0	30
23-04-15	5:30 a	23.7	23.8	23.6	95	22.9	0.0	---	0.00	0.0	---	23.7	25.7	25.7	24.8	1008.2	0.00	0.0	0	0.00	0	0.0	0.00	0.0	0.000	0.112	25.4	90	23.7	28.0	20.45	1.1427	0.00	597	8	100.0	30
23-04-15	6:00 a	24.0	24.1	23.7	95	23.1	0.0	---	0.00	0.0	---	24.0	26.1	26.1	25.4	1008.4	0.00	0.0	9	0.39	16	0.0	0.00	0.0	0.000	0.118	25.4	91	23.9	28.1	21.01	1.1427	0.00	597	8	100.0	30
23-04-15	6:30 a	24.8	24.8	24.1	95	23.9	0.0	---	0.00	0.0	---	24.8	27.2	27.2	27.3	1008.9	0.00	0.0	21	0.90	25	0.0	0.00	0.0	0.000	0.134	25.7	92	24.3	28.7	21.12	1.1412	0.00	599	8	100.0	30
23-04-15	7:00 a	25.3	25.3	24.8	95	24.5	0.0	---	0.00	0.0	---	25.3	28.1	28.1	28.3	1009.1	0.00	0.0	30	1.29	37	0.0	0.00	0.0	0.000	0.146	26.3	92	24.9	30.0	21.14	1.1378	0.03	599	8	100.0	30
23-04-15	7:30 a	26.1	26.1	25.3	95	25.2	0.0	NE	0.00	0.9	NE	26.1	29.8	29.8	30.3	1009.5	0.00	0.0	47	2.02	53	0.0	0.00	0.0	0.000	0.161	27.1	91	25.5	31.6	20.99	1.1344	0.00	597	8	100.0	30
23-04-15	8:00 a	27.0	27.1	26.1	95	26.1	0.4	NNE	0.80	1.3	ENE	27.0	32.1	32.1	33.4	1009.6	0.00	0.0	101	4.34	285	1.2	0.26	2.2	0.000	0.181	28.2	91	26.6	34.7	20.83	1.1277	0.05	598	8	100.0	30
23-04-15	8:30 a	28.7	28.8	27.0	91	27.1	0.4	N	0.80	1.3	NNE	28.7	36.4	36.4	42.7	1009.8	0.00	0.0	527	22.66	636	3.3	0.71	4.4	0.000	0.216	29.3	88	27.1	37.4	18.87	1.1223	0.00	594	8	100.0	30
23-04-15	9:00 a	32.1	32.1	28.7	82	28.6	0.4	S	0.80	1.8	S	32.1	45.9	45.9	52.9	1009.5	0.00	0.0	708	30.45	798	5.2	1.11	6.1	0.000	0.286	30.3	81	26.7	38.6	16.09	1.1193	0.38	598	8	100.0	30
23-04-15	9:30 a	32.6	32.8	32.1	74	27.3	0.4	S	0.80	2.2	SSW	32.6	43.9	43.9	51.0	1009.8	0.00	0.0	798	34.32	833	6.9	1.48	7.7	0.000	0.296	31.1	79	27.0	39.8	15.28	1.1163	0.00	598	8	100.0	30
23-04-15	10:00 a	32.7	33.4	32.4	72	27.0	0.9	SW	1.61	2.7	SSW	32.7	43.4	43.4	50.4	1009.8	0.00	0.0	878	37.76	905	8.5	1.82	9.3	0.000	0.299	31.7	76	26.9	41.2	14.31	1.1142	0.58	599	8	100.0	30
23-04-15	10:30 a	33.4	34.2	32.7	68	26.7	0.9	SSW	1.61	2.2	SW	33.4	44.2	44.2	50.6	1009.6	0.00	0.0	962	41.37	981	9.9	2.12	10.4	0.000	0.315	32.1	75	27.1	42.6	14.06	1.1118	0.00	599	8	100.0	30
23-04-15	11:00 a	33.8	34.2	33.2	70	27.5	0.9	WSW	1.61	2.2	SSW	33.8	46.1	46.1	52.0	1009.4	0.00	0.0	1020	43.87	1051	11.0	2.36	11.4	0.000	0.322	32.4	74	27.2	43.4	13.74	1.1102	0.69	598	8	100.0	30
23-04-15	11:30 a	33.4	34.3	33.0	72	27.6	0.9	SE	1.61	2.7	SSW	33.4	46.1	46.1	52.9	1009.4	0.00	0.0	963	41.41	1141	10.7	2.29	12.1	0.000	0.314	32.7	74	27.4	44.3	13.73	1.1088	0.00	597	8	100.0	30
23-04-15	12:00 p	33.3	33.5	31.4	72	27.6	0.9	SW	1.61	3.6	WSW	33.3	45.8	45.8	52.9	1009.1	0.00	0.0	703	30.23	1197	8.8	1.89	12.4	0.000	0.313	32.4	74	27.2	43.2	13.74	1.1102	0.56	598	8	100.0	30
23-04-15	12:30 p	33.9	34.1	31.8	72	28.1	0.9	SSW	1.61	2.7	S	33.9	48.1	48.1	55.4	1008.6	0.00	0.0	817	35.14	1153	9.4	2.01	12.2	0.000	0.324	32.4	75	27.4	43.9	14.04	1.1087	0.00	599	8	100.0	30
23-04-15	1:00 p	33.0	34.1	33.0	72	27.3	0.9	W	1.61	3.1	S	33.0	44.6	44.6	51.1	1008.1	0.00	0.0	913	39.26	981	9.9	2.12	10.8	0.000	0.306	32.7	73	27.2	44.1	13.41	1.1076	0.58	598	8	100.0	30
23-04-15	1:30 p	30.0	32.9	30.0	83	26.8	0.4	S	0.80	1.8	SW	30.0	37.9	37.9	39.8	1008.1	0.00	0.0	166	7.14	371	3.1	0.66	5.1	0.000	0.243	32.1	75	27.1	42.6	14.06	1.1101	0.00	599	8	100.0	30
23-04-15	2:00 p	30.2	30.2	29.6	86	27.6	0.0	SSE	0.00	1.3	SSE	30.2	39.6	39.6	41.6	1007.7	0.00	0.0	161	6.92	332	2.3	0.49	3.4	0.000	0.247	31.6	78	27.3	41.8	14.84	1.1110	0.13	596	8	100.0	30
23-04-15	2:30 p	30.1	32.1	30.1	82	26.7	0.4	W	0.80	1.8	SSE	30.1	38.1	38.1	41.6	1007.6	0.00	0.0	262	11.27	599	3.2	0.69	5.4	0.000	0.245	31.4	77	26.9	40.7	14.63	1.1125	0.00	598	8	100.0	30
23-04-15	3:00 p	29.3	30.1	29.2	85	26.5	0.4	SSW	0.80	1.8	SW	29.3	36.5	36.5	37.9	1007.5	0.00	0.0	101	4.34	111	1.5	0.32	1.8	0.000	0.228	31.1	78	26.8	39.6	14.91	1.1138	0.13	594	8	100.0	30
23-04-15	3:30 p	29.2	29.4	28.9	88	27.0	0.0	SSE	0.00	2.2	SE	29.2	37.0	37.0	38.5	1007.5	0.00	0.0	93	4.00	102	1.1	0.24	1.3	0.000	0.226	30.8	80	27.0	39.6	15.65	1.1144	0.00	596	8	100.0	30
23-04-15	4:00 p	28.9	29.4	28.9	87	26.6	0.4	WSW	0.80	1.3	N	28.9	36.2	36.2	38.0	1007.1	0.00	0.0	97	4.17	102	0.9	0.19	1.0	0.000	0.221	30.6	82	27.2	39.8	16.47	1.1143	0.08	596	8	100.0	30
23-04-15	4:30 p	29.0	29.2	28.9	88	26.8	0.4	E	0.80	1.3	NE	29.0	36.6	36.6	38.4	1007.0	0.00	0.0	87	3.74	107	0.4	0.09	0.7	0.000	0.222	30.4	83	27.2	39.6	16.78	1.1147	0.00	594	8	100.0	30
23-04-15	5:00 p	28.9	29.1	28.8	86	26.4	0.4	NE	0.80	1.3	NE	28.9	35.9	35.9	36.5	1007.3	0.00	0.0	88	3.78	95	0.0	0.00	0.5	0.000	0.221	30.3	83	27.1	39.0	16.79	1.1160	0.05	599	8	100.0	30
23-04-15	5:30 p	28.4	29.1	28.4	90	26.6	0.0	ENE	0.00	0.9	NE	28.4	35.1	35.1	35.1	1007.5	0.00	0.0	49	2.11	72	0.0	0.00	0.0	0.000	0.209	30.1	84	27.1	38.6	17.20	1.1168	0.00	600	8	100.0	30
23-04-15	6:00 p	27.4	28.4	27.4	91	25.8	0.0	ENE	0.00	0.4	ENE	27.4	32.4	32.4	32.0	1007.6	0.00	0.0	12	0.52	28	0.0	0.00	0.0	0.000	0.189	29.8	85	27.0	37.8	17.61	1.1184	0.03	597	8	100.0	30
23-04-15	6:30 p	26.7	27.4	26.7	92	25.3	0.0	ENE	0.00	0.4	ENE	26.7	30.7	30.7	30.1	1007.8	0.00	0.0	0	0.00	0	0.0	0.00	0.0	0.000	0.174	29.3	85	26.5	36.5	17.67	1.1217	0.00	598	8	100.0	30
23-04-15	7:00 p	26.3	26.7	26.3	93	25.1	0.0	---	0.00	0.0	---	26.3	30.1	30.1	29.4	1008.3	0.00	0.0	0	0.00	0	0.0	0.00	0.0	0.000	0.167	28.7	86	26.1	35.3	18.13	1.1251	0.00	599	8	100.0	30
23-04-15	7:30 p	26.1	26.4	26.1	93	24.9	0.0	ENE	0.00	0.4	ENE	26.1	29.7	29.7	29.0	1008.9	0.00	0.0	0	0.00	0	0.0	0.00	0.0	0.000	0.162	28.4	87	26.0	34.5	18.56	1.1274	0.00	599	8	100.0	30
23-04-15	8:00 p	26.2	26.3	25.9	94	25.1	0.0	ENE	0.00	0.4	ENE	26.2	29.9	29.9	29.2	1009.3	0.00	0.0	0	0.00	0	0.0	0.00	0.0	0.000	0.163	28.1	87	25.7	33.7	18.59	1.1295	0.00	600	8	100.0	30
23-04-15	8:30 p	26.2	26.2	26.0	94	25.1	0.0	ENE	0.00	0.4	ENE	26.2	29.9	29.9	29.2	1009.6	0.00	0.0	0	0.00	0	0.0	0.00	0.0	0.000	0.163	28.0	88	25.8	33.6	19.11	1.1300	0.00	600	8	100.0	30
23-04-15	9:00 p	26.3	26.3	26.1	94	25.2	0.0	---	0.00	0.0	---	26.3	30.2	30.2	29.5	1009.7	0.00	0.0	0	0.00	0	0.0	0.00	0.0	0.000	0.166	28.0	88	25.8	33.6	19.11	1.1302	0.00	600	8	100.0	30
23-04-15	9:30 p	26.2	26.3	26.1	94	25.1	0.0	---	0.00	0.0	---	26.2	29.9	29.9	29.2	1010.0	0.00	0.0	0	0.00	0	0.0	0.00	0.0	0.000	0.163	27.8	89	25.9	33.3	19.74	1.1311	0.00	599	8	100.0	30
23-04-15	10:00 p	26.1	26.2	26.1	94	25.1	0.0	---	0.00	0.0	---	26.1	29.8	29.8	29.1	1009.9	0.00	0.0	0	0.00	0	0.0	0.00	0.0	0.000	0.162	27.7	89	25.7	33.1	19.76	1.1317	0.00	597	8	100.0	30
23-04-15	10:30 p	26.2	26.2	26.1	94	25.1	0.0	---	0.00	0.0	---	26.2	29.9	29.9	29.2	1010.0	0.00	0.0	0	0.00	0	0.0	0.00	0.0	0.000	0.163	27.7	90	25.9	33.1	20.31	1.1317	0.00	598	8	100.0	30
23-04-15	11:00 p	26.2	26.3	26.1	94	25.2	0.0	---	0.00	0.0	---	26.2	30.0	30.0	29.3	1009.8	0.00	0.0	0	0.00	0	0.0	0.00	0.0	0.000	0.164	27.7	90	25.9	33.1	20.31	1.1314	0.00	597	8	100.0	30
23-04-15	11:30 p	26.1	26.2	26.0	94	25.0	0.0	---	0.00	0.0	---	26.1	29.7	29.7	29.0	1009.6	0.00	0.0	0	0.00	0	0.0	0.00	0.0	0.000	0.161	27.6	90	25.8	32.7	20.32	1.1319	0.00	600	8	100.0	30
23-04-16	12:00 a	26.1	26.2	26.0	95	25.2	0.0	---	0.00	0.0	---	26.1	29.9	29.9	29.2	1009.3	0.00	0.0	0	0.00	0	0.0	0.00	0.0	0.000	0.162	27.5	91	25.9	32.8	20.93	1.1314	0.00	600	8	100.0	30
23-04-16	12:30 a	25.9	26.1	25.8	95	25.0	0.0	---	0.00	0.0	---	25.9	29.3	29.3	28.7	1008.9	0.00	0.0	0	0.00	0	0.0	0.00	0.0	0.000	0.157	27.3	91	25.7	32.3	20.95	1.1320	0.00	598	8	100.0	30
23-04-16	1:00 a	25.7	25.9	25.6	95	24.8	0.0	---	0.00	0.0	---	25.7	28.8	28.8	28.2	1008.5	0.00	0.0	0	0.00	0	0.0	0.00	0.0	0.000	0.153	27.2	91	25.6	31.8	20.98	1.1326	0.00	600	8	100.0	30
23-04-16	1:30 a	25.7	25.7	25.6	95	24.8	0.0	---	0.00	0.0	---	25.7	28.8	28.8	28.2	1008.3	0.00	0.0	0	0.00	0	0.0	0.00	0.0	0.000	0.153	27.1	91	25.5	31.6	20.99	1.1330	0.00	597	8	100.0	30
23-04-16	2:00 a	25.7	25.7	25.6	95	24.8	0.0	---	0.00	0.0	---	25.7	28.8	28.8	28.2	1008.3	0.00	0.0	0	0.00	0	0.0	0.00	0.0	0.000	0.153	27.1	91	25.5	31.6	20.99	1.1330	0.00	600	8	100.0	30
23-04-16	2:30 a	25.7	25.7	25.5	95	24.9	0.0	---	0.00	0.0	---	25.7	28.9	28.9	28.3	1008.7	0.00	0.0	0	0.00	0	0.0	0.00	0.0	0.000	0.154	27.0	91	25.4	31.4	21.00	1.1337	0.00	598	8	100.0	30
23-04-16	3:00 a	25.2	26.1	25.2	95	24.3	0.4	ESE	0.80	2.7	WNW	25.2	27.8	27.8	27.1	1008.5	17.53	91.4	0	0.00	0	0.0	0.00	0.0	0.000	0.142	26.9	90	25.1	31.0	20.42	1.1346	0.00	600	8	100.0	30
23-04-16	3:30 a	24.8	25.2	24.7	95	23.9	0.4	NNE	0.80	1.3	NE	24.8	27.2	27.2	26.4	1008.6	2.54	24.6	0	0.00	0	0.0	0.00	0.0	0.000	0.134	26.7	90	24.9	30.4	20.45	1.1361	0.00	599	8	100.0	30
23-04-16	4:00 a	24.8	24.9	24.7	95	24.0	0.0	NNE	0.00	0.4	NNE	24.8	27.2	27.2	26.5	1008.6	0.00	0.0	0	0.00	0	0.0	0.00	0.0	0.000	0.135	26.6	91	25.0	30.3	21.05	1.1363	0.00	600	8	100.0	30
23-04-16	4:30 a	24.8	24.9	24.7	95	24.0	0.0	NNE	0.00	0.4	NNE	24.8	27.2	27.2	26.5	1008.9	0.00	0.0	0	0.00	0	0.0	0.00	0.0	0.000	0.135	26.4	91	24.9	30.1	21.04	1.1374	0.00	596	8	100.0	30
23-04-16	5:00 a	25.1	25.1	24.7	95	24.3	0.0	NNE	0.00	0.4	NNE	25.1	27.7	27.7	27.0	1009.5	0.00	0.0	0	0.00	0	0.0	0.00	0.0	0.000	0.141	26.4	91	24.9	30.1	21.04	1.1379	0.00	597	8	100.0	30
23-04-16	5:30 a	25.2	25.2	25.1	95	24.3	0.0	ENE	0.00	0.4	ENE	25.2	27.8	27.8	27.2	1009.5	0.00	0.0	3	0.13	12	0.0	0.00	0.0	0.000	0.142	26.4	92	25.0	30.2	21.14	1.1375	0.00	598	8	100.0	30
23-04-16	6:00 a	25.7	25.7	25.2	95	24.8	0.0	ENE	0.00	0.9	ENE	25.7	28.8	28.8	28.5	1009.8	0.00	0.0	28	1.20	40	0.0	0.00	0.0	0.000	0.153	26.6	93	25.3	30.6	21.25	1.1369	0.00	600	8	100.0	30
23-04-16	6:30 a	26.3	26.4	25.7	95	25.5	0.0	ENE	0.00	0.4	ENE	26.3	30.4	30.4	31.7	1010.2	0.00	0.0	68	2.92	100	0.0	0.00	0.0	0.000	0.167	26.8	93	25.6	31.2	21.25	1.1360	0.00	598	8	100.0	30
23-04-16	7:00 a	26.9	26.9	26.2	95	26.1	0.0	ENE	0.00	0.4	ENE	26.9	31.9	31.9	34.4	1010.8	0.00	0.0	133	5.72	156	0.5	0.11	0.7	0.000	0.179	27.2	93	26.0	32.3	21.27	1.1341	0.08	599	8	100.0	30
23-04-16	7:30 a	27.1	27.3	26.8	95	26.2	0.0	ENE	0.00	0.4	ENE	27.1	32.2	32.2	34.5	1010.8	0.00	0.0	142	6.11	155	1.0	0.21	1.3	0.000	0.182	27.6	93	26.3	33.3	21.28	1.1320	0.00	599	8	100.0	30
23-04-16	8:00 a	27.9	27.9	27.0	95	27.1	0.0	ENE	0.00	0.4	ENE	27.9	34.9	34.9	37.4	1011.3	0.00	0.0	172	7.40	199	1.4	0.30	1.7	0.000	0.200	27.9	93	26.7	34.3	21.29	1.1306	0.10	598	8	100.0	30
23-04-16	8:30 a	27.6	28.2	27.6	95	26.7	0.0	ENE	0.00	0.4	ENE	27.6	33.8	33.8	36.9	1011.5	0.00	0.0	223	9.59	251	2.0	0.43	2.5	0.000	0.193	28.2	93	27.0	35.4	21.31	1.1287	0.00	599	8	100.0	30
23-04-16	9:00 a	28.5	28.5	27.6	95	27.6	0.0	ENE	0.00	0.4	ENE	28.5	36.8	36.8	40.6	1011.7	0.00	0.0	299	12.86	381	3.1	0.66	3.9	0.000	0.212	28.6	91	27.0	36.1	20.77	1.1275	0.18	597	8	100.0	30
23-04-16	9:30 a	29.4	29.7	28.4	88	27.2	0.0	ENE	0.00	0.9	N	29.4	37.6	37.6	42.6	1011.8	0.00	0.0	428	18.41	529	4.5	0.96	5.1	0.000	0.230	28.9	88	26.8	36.4	18.94	1.1270	0.00	599	8	100.0	30
23-04-16	10:00 a	30.7	31.0	29.4	87	28.3	0.4	SSE	0.80	1.3	SSW	30.7	42.3	42.3	48.7	1011.9	0.00	0.0	588	25.29	773	6.1	1.31	7.7	0.000	0.258	29.3	88	27.1	37.4	18.87	1.1246	0.33	596	8	100.0	30
23-04-16	10:30 a	30.9	30.9	30.1	80	27.0	0.4	SSW	0.80	1.8	W	30.9	39.7	39.7	46.4	1011.1	0.00	0.0	649	27.91	744	7.4	1.59	7.8	0.000	0.262	29.8	83	26.6	37.4	16.82	1.1232	0.00	597	8	100.0	30
23-04-16	11:00 a	31.0	31.3	30.6	85	28.2	0.4	SW	0.80	1.8	SW	31.0	42.2	42.2	48.9	1011.3	0.00	0.0	637	27.39	663	7.7	1.65	7.9	0.000	0.264	30.2	83	27.0	38.6	16.80	1.1213	0.43	597	8	100.0	30
23-04-16	11:30 a	31.2	31.6	30.9	77	26.7	0.4	SW	0.80	1.8	SSE	31.2	39.4	39.4	46.1	1010.5	0.00	0.0	630	27.09	691	7.8	1.67	8.3	0.000	0.267	30.5	79	26.4	38.5	15.34	1.1204	0.00	595	8	100.0	30
23-04-16	12:00 p	31.4	31.8	30.9	78	27.1	0.4	SW	0.80	2.2	SW	31.4	41.1	41.1	47.9	1010.1	0.00	0.0	661	28.43	705	8.2	1.76	8.5	0.000	0.273	30.7	79	26.7	39.1	15.31	1.1186	0.43	598	8	100.0	30
23-04-16	12:30 p	31.9	32.6	31.5	77	27.4	0.4	S	0.80	2.7	S	31.9	42.6	42.6	49.7	1009.8	0.00	0.0	722	31.05	798	8.7	1.86	9.4	0.000	0.282	30.9	78	26.7	39.2	14.93	1.1175	0.00	597	8	100.0	30
23-04-16	1:00 p	32.2	32.6	31.8	72	26.5	0.9	SSW	1.61	2.7	S	32.2	41.6	41.6	48.7	1009.7	0.00	0.0	773	33.24	838	8.7	1.86	9.4	0.000	0.288	31.1	78	26.8	39.6	14.91	1.1164	0.51	598	8	100.0	30
23-04-16	1:30 p	31.4	32.2	31.2	80	27.5	0.4	S	0.80	2.7	SSE	31.4	41.6	41.6	47.3	1009.4	0.00	0.0	504	21.67	761	6.5	1.39	7.6	0.000	0.272	31.1	79	27.0	39.8	15.28	1.1158	0.00	599	8	100.0	30
23-04-16	2:00 p	31.8	32.4	31.4	78	27.5	0.4	SSW	0.80	1.8	WSW	31.8	42.7	42.7	49.1	1009.0	0.00	0.0	556	23.91	631	6.3	1.35	7.2	0.000	0.281	31.0	79	26.9	39.7	15.28	1.1157	0.38	600	8	100.0	30
23-04-16	2:30 p	31.2	31.8	31.1	77	26.7	0.4	SSW	0.80	2.7	WNW	31.2	39.4	39.4	44.9	1008.9	0.00	0.0	426	18.32	490	4.5	0.96	5.4	0.000	0.267	30.9	79	26.9	39.5	15.29	1.1159	0.00	598	8	100.0	30
23-04-16	3:00 p	30.3	31.3	30.3	80	26.5	0.9	SSW	1.61	2.7	WNW	30.3	38.2	38.2	42.6	1008.7	0.00	0.0	295	12.69	408	3.0	0.64	3.8	0.000	0.250	30.6	80	26.8	39.1	15.67	1.1171	0.25	597	8	100.0	30
23-04-16	3:30 p	29.5	30.3	29.5	85	26.7	0.4	SSE	0.80	2.2	S	29.5	37.1	37.1	39.6	1008.5	0.00	0.0	150	6.45	192	1.5	0.32	1.8	0.000	0.233	30.3	81	26.7	38.3	16.09	1.1184	0.00	598	8	100.0	30
23-04-16	4:00 p	28.9	29.6	28.9	86	26.4	0.4	SSW	0.80	1.3	S	28.9	35.9	35.9	37.9	1008.2	0.00	0.0	105	4.52	155	0.9	0.19	1.3	0.000	0.221	30.0	82	26.6	37.7	16.51	1.1193	0.10	599	8	100.0	30
23-04-16	4:30 p	28.4	28.9	28.4	89	26.5	0.0	SE	0.00	1.8	SW	28.4	35.1	35.1	36.3	1008.2	0.00	0.0	59	2.54	84	0.1	0.02	0.6	0.000	0.211	29.8	83	26.6	37.3	16.83	1.1201	0.00	597	8	100.0	30
23-04-16	5:00 p	28.4	28.6	28.2	89	26.5	0.4	SE	0.80	1.8	SSE	28.4	35.1	35.1	35.2	1008.2	0.00	0.0	50	2.15	77	0.0	0.00	0.0	0.000	0.211	29.6	85	26.8	37.3	17.63	1.1202	0.05	598	8	100.0	30
23-04-16	5:30 p	27.8	28.5	27.7	90	26.0	0.4	S	0.80	1.3	SSW	27.8	33.4	33.4	33.1	1008.8	0.00	0.0	19	0.82	28	0.0	0.00	0.0	0.000	0.197	29.3	85	26.5	36.6	17.66	1.1225	0.00	600	8	100.0	30
23-04-16	6:00 p	27.1	27.8	27.1	92	25.6	0.0	S	0.00	0.9	S	27.1	31.7	31.7	31.2	1009.2	0.00	0.0	1	0.04	7	0.0	0.00	0.0	0.000	0.182	29.1	86	26.5	36.2	18.09	1.1242	0.00	600	8	100.0	30
23-04-16	6:30 p	26.7	27.2	26.7	93	25.4	0.0	S	0.00	0.4	S	26.7	30.9	30.9	30.3	1009.6	0.00	0.0	0	0.00	0	0.0	0.00	0.0	0.000	0.174	28.8	87	26.4	35.7	18.52	1.1258	0.00	599	8	100.0	30
23-04-16	7:00 p	26.4	26.7	26.3	93	25.2	0.0	S	0.00	0.4	S	26.4	30.3	30.3	29.7	1010.2	0.00	0.0	0	0.00	0	0.0	0.00	0.0	0.000	0.168	28.4	88	26.2	34.7	19.04	1.1284	0.00	599	8	100.0	30
23-04-16	7:30 p	26.5	26.5	26.3	94	25.5	0.0	---	0.00	0.0	---	26.5	30.7	30.7	30.1	1010.3	0.00	0.0	0	0.00	0	0.0	0.00	0.0	0.000	0.170	28.2	88	26.0	34.1	19.08	1.1299	0.00	598	8	100.0	30
23-04-16	8:00 p	26.3	26.4	26.3	94	25.2	0.0	S	0.00	0.4	S	26.3	30.2	30.2	29.6	1010.1	0.00	0.0	0	0.00	0	0.0	0.00	0.0	0.000	0.166	28.1	89	26.1	33.9	19.70	1.1299	0.00	596	8	100.0	30
23-04-16	8:30 p	26.3	26.4	26.1	94	25.2	0.0	NW	0.00	1.8	N	26.3	30.2	30.2	29.6	1010.3	0.00	0.0	0	0.00	0	0.0	0.00	0.0	0.000	0.166	27.9	87	25.6	33.3	18.61	1.1317	0.00	597	8	100.0	30
23-04-16	9:00 p	26.2	26.3	26.1	93	25.0	0.0	N	0.00	0.9	NW	26.2	29.9	29.9	29.3	1010.7	0.00	0.0	0	0.00	0	0.0	0.00	0.0	0.000	0.164	27.9	88	25.8	33.4	19.12	1.1317	0.00	597	8	100.0	30
23-04-16	9:30 p	25.9	26.2	25.9	93	24.7	0.0	NNW	0.00	1.8	NW	25.9	29.3	29.3	28.7	1010.7	0.00	0.0	0	0.00	0	0.0	0.00	0.0	0.000	0.159	27.8	87	25.4	32.8	18.63	1.1331	0.00	598	8	100.0	30
23-04-16	10:00 p	25.7	26.1	25.6	93	24.4	0.0	NNW	0.00	0.4	NNW	25.7	28.7	28.7	28.1	1010.9	0.00	0.0	0	0.00	0	0.0	0.00	0.0	0.000	0.153	27.6	88	25.4	32.6	19.18	1.1339	0.00	598	8	100.0	30
23-04-16	10:30 p	25.6	25.7	25.5	94	24.5	0.0	---	0.00	0.0	---	25.6	28.5	28.5	27.9	1010.9	0.00	0.0	0	0.00	0	0.0	0.00	0.0	0.000	0.150	27.3	89	25.3	31.8	19.84	1.1354	0.00	598	8	100.0	30
23-04-16	11:00 p	25.2	25.6	25.1	94	24.2	0.0	---	0.00	0.0	---	25.2	27.9	27.9	27.2	1010.3	0.00	0.0	0	0.00	0	0.0	0.00	0.0	0.000	0.144	27.1	89	25.1	31.2	19.88	1.1361	0.00	600	8	100.0	30
23-04-16	11:30 p	24.9	25.2	24.9	94	23.9	0.0	---	0.00	0.0	---	24.9	27.4	27.4	26.7	1009.7	0.00	0.0	0	0.00	0	0.0	0.00	0.0	0.000	0.138	26.8	89	24.8	30.6	19.93	1.1371	0.00	599	8	100.0	30
23-04-17	12:00 a	24.9	25.0	24.8	94	23.9	0.0	---	0.00	0.0	---	24.9	27.3	27.3	26.6	1009.3	0.00	0.0	0	0.00	0	0.0	0.00	0.0	0.000	0.137	26.6	90	24.8	30.3	20.45	1.1372	0.00	599	8	100.0	30
23-04-17	12:30 a	24.8	24.9	24.8	95	23.9	0.0	---	0.00	0.0	---	24.8	27.2	27.2	26.5	1008.9	0.00	0.0	0	0.00	0	0.0	0.00	0.0	0.000	0.134	26.4	90	24.7	30.0	20.45	1.1378	0.00	599	8	100.0	30
23-04-17	1:00 a	24.7	24.8	24.6	95	23.8	0.0	---	0.00	0.0	---	24.7	27.0	27.0	26.3	1008.5	0.00	0.0	0	0.00	0	0.0	0.00	0.0	0.000	0.132	26.3	90	24.6	29.7	20.45	1.1379	0.00	599	8	100.0	30
23-04-17	1:30 a	24.5	24.7	24.4	95	23.6	0.0	---	0.00	0.0	---	24.5	26.7	26.7	26.1	1008.3	0.00	0.0	0	0.00	0	0.0	0.00	0.0	0.000	0.128	26.2	91	24.6	29.6	21.03	1.1380	0.00	595	8	100.0	30
23-04-17	2:00 a	24.4	24.6	24.4	95	23.6	0.0	---	0.00	0.0	---	24.4	26.7	26.7	26.0	1007.9	0.00	0.0	0	0.00	0	0.0	0.00	0.0	0.000	0.127	26.2	90	24.4	29.4	20.45	1.1382	0.00	597	8	100.0	30
23-04-17	2:30 a	24.3	24.5	24.2	95	23.4	0.0	---	0.00	0.0	---	24.3	26.4	26.4	25.8	1007.6	0.00	0.0	0	0.00	0	0.0	0.00	0.0	0.000	0.124	26.1	90	24.3	29.3	20.45	1.1381	0.00	599	8	100.0	30
23-04-17	3:00 a	24.3	24.4	24.2	95	23.4	0.0	---	0.00	0.0	---	24.3	26.4	26.4	25.8	1007.9	0.00	0.0	0	0.00	0	0.0	0.00	0.0	0.000	0.124	26.2	90	24.4	29.4	20.45	1.1382	0.00	598	8	100.0	30
23-04-17	3:30 a	24.1	24.3	24.1	95	23.3	0.0	---	0.00	0.0	---	24.1	26.2	26.2	25.5	1007.9	0.00	0.0	0	0.00	0	0.0	0.00	0.0	0.000	0.120	26.0	90	24.2	29.1	20.45	1.1391	0.00	597	8	100.0	30
23-04-17	4:00 a	24.1	24.3	24.1	95	23.3	0.0	---	0.00	0.0	---	24.1	26.2	26.2	25.5	1008.0	0.00	0.0	0	0.00	0	0.0	0.00	0.0	0.000	0.120	25.9	90	24.2	28.9	20.45	1.1396	0.00	592	8	100.0	30
23-04-17	4:30 a	24.3	24.3	24.1	95	23.4	0.0	---	0.00	0.0	---	24.3	26.4	26.4	25.8	1008.0	0.00	0.0	0	0.00	0	0.0	0.00	0.0	0.000	0.124	25.7	91	24.1	28.6	21.02	1.1405	0.00	594	8	100.0	30
23-04-17	5:00 a	24.1	24.3	24.0	95	23.2	0.0	NNW	0.00	0.4	NNW	24.1	26.2	26.2	25.4	1008.0	0.00	0.0	0	0.00	0	0.0	0.00	0.0	0.000	0.119	25.6	91	24.0	28.4	21.01	1.1412	0.00	593	8	100.0	30
23-04-17	5:30 a	24.6	24.6	24.0	95	23.7	0.0	N	0.00	0.9	N	24.6	26.8	26.8	26.2	1008.2	0.00	0.0	0	0.00	5	0.0	0.00	0.0	0.000	0.130	25.9	92	24.5	29.2	21.12	1.1390	0.00	596	8	100.0	30
23-04-17	6:00 a	25.1	25.2	24.6	95	24.3	0.4	N	0.80	0.9	N	25.1	27.7	27.7	27.3	1008.8	0.00	0.0	17	0.73	37	0.0	0.00	0.0	0.000	0.141	26.5	91	24.9	30.2	21.04	1.1369	0.00	596	8	100.0	30
23-04-17	6:30 a	25.6	25.8	25.1	95	24.8	0.0	N	0.00	0.9	N	25.6	28.7	28.7	29.7	1008.9	0.00	0.0	55	2.37	72	0.0	0.00	0.0	0.000	0.152	26.9	91	25.3	31.1	21.02	1.1347	0.00	592	8	100.0	30
23-04-17	7:00 a	26.3	26.3	25.6	95	25.4	0.0	N	0.00	0.9	N	26.3	30.3	30.3	32.0	1009.4	0.00	0.0	96	4.13	120	0.4	0.09	0.7	0.000	0.166	27.5	91	25.9	32.8	20.93	1.1315	0.05	593	8	100.0	30
23-04-17	7:30 a	26.8	26.8	26.2	95	25.9	0.0	N	0.00	0.9	N	26.8	31.4	31.4	33.7	1010.1	0.00	0.0	141	6.06	216	1.0	0.21	1.3	0.000	0.176	27.9	90	26.2	33.8	20.27	1.1301	0.00	594	8	100.0	30
23-04-17	8:00 a	27.7	27.9	26.3	92	26.3	0.0	N	0.00	0.9	N	27.7	33.6	33.6	36.9	1010.0	0.00	0.0	223	9.59	376	1.7	0.36	2.0	0.000	0.196	28.5	89	26.5	35.2	19.62	1.1271	0.13	596	8	100.0	30
23-04-17	8:30 a	29.2	29.6	27.8	84	26.2	0.4	NNW	0.80	2.2	NNW	29.2	36.1	36.1	40.1	1010.1	0.00	0.0	306	13.16	705	2.7	0.58	3.6	0.000	0.226	29.1	87	26.7	36.4	18.49	1.1248	0.00	595	8	100.0	30
23-04-17	9:00 a	31.3	31.3	29.2	82	27.9	0.4	S	0.80	1.3	NW	31.3	42.2	42.2	48.8	1010.4	0.00	0.0	591	25.42	912	4.7	1.01	6.1	0.000	0.271	29.6	85	26.8	37.2	17.64	1.1231	0.30	598	8	100.0	30
23-04-17	9:30 a	32.1	32.4	31.3	72	26.4	0.9	NE	1.61	2.2	NE	32.1	41.2	41.2	48.2	1010.3	0.00	0.0	766	32.94	1097	6.7	1.44	8.4	0.000	0.286	30.5	78	26.2	38.2	15.00	1.1207	0.00	593	8	100.0	30
23-04-17	10:00 a	28.7	32.1	28.7	89	26.7	0.4	SSW	0.80	1.3	NNW	28.7	35.8	35.8	37.8	1010.6	0.00	0.0	175	7.53	350	3.0	0.64	4.7	0.000	0.215	30.3	82	26.9	38.7	16.49	1.1204	0.33	598	8	100.0	30
23-04-17	10:30 a	28.6	29.1	28.6	87	26.2	0.0	SSW	0.00	0.9	SSW	28.6	35.0	35.0	37.1	1010.6	0.00	0.0	179	7.70	227	2.7	0.58	3.1	0.000	0.213	30.0	81	26.4	37.4	16.11	1.1225	0.00	600	8	100.0	30
23-04-17	11:00 a	27.1	28.7	27.1	93	25.9	0.4	NNW	0.80	0.9	W	27.1	32.0	32.0	33.6	1010.7	3.81	56.4	142	6.11	190	2.1	0.45	2.8	0.000	0.183	28.9	87	26.6	36.2	18.50	1.1261	0.10	599	8	100.0	30
23-04-17	11:30 a	26.4	27.5	26.4	93	25.2	0.4	NNW	0.80	1.3	W	26.4	30.4	30.4	31.9	1010.2	0.00	0.0	143	6.15	165	2.1	0.45	2.4	0.000	0.169	28.4	89	26.4	34.9	19.64	1.1280	0.00	597	8	100.0	30
23-04-17	12:00 p	26.7	26.8	26.3	93	25.5	0.4	NE	0.80	1.8	NNW	26.7	31.0	31.0	32.3	1009.5	0.00	0.0	130	5.59	148	1.8	0.39	2.0	0.000	0.175	28.1	89	26.1	33.9	19.70	1.1292	0.08	600	8	100.0	30
23-04-17	12:30 p	26.2	27.1	26.2	93	25.0	0.0	NE	0.00	0.9	NE	26.2	29.9	29.9	30.8	1009.8	0.00	0.0	103	4.43	118	1.4	0.30	1.6	0.000	0.164	27.8	89	25.8	33.2	19.75	1.1312	0.00	599	8	100.0	30
23-04-17	1:00 p	26.2	26.3	25.9	93	24.9	0.0	NE	0.00	1.3	E	26.2	29.8	29.8	30.7	1009.2	0.00	0.0	101	4.34	114	1.3	0.28	1.5	0.000	0.163	27.6	89	25.6	32.7	19.78	1.1315	0.08	598	8	100.0	30
23-04-17	1:30 p	26.3	26.6	26.1	94	25.3	0.0	SE	0.00	0.4	SE	26.3	30.3	30.3	30.9	1008.8	0.00	0.0	80	3.44	100	1.0	0.21	1.3	0.000	0.167	27.7	90	25.9	33.1	20.31	1.1303	0.00	597	8	100.0	30
23-04-17	2:00 p	26.6	26.6	26.2	94	25.6	0.0	SE	0.00	0.9	SE	26.6	30.9	30.9	31.8	1008.1	0.00	0.0	95	4.09	100	1.1	0.24	1.2	0.000	0.172	27.7	90	25.9	33.2	20.30	1.1292	0.05	599	8	100.0	30
23-04-17	2:30 p	26.4	26.6	26.3	94	25.3	0.0	---	0.00	0.0	---	26.4	30.4	30.4	31.3	1007.4	0.00	0.0	86	3.70	100	1.0	0.21	1.1	0.000	0.168	27.7	90	25.9	33.1	20.31	1.1287	0.00	597	8	100.0	30
23-04-17	3:00 p	26.8	26.9	26.4	94	25.7	0.0	---	0.00	0.0	---	26.8	31.3	31.3	32.3	1007.3	0.00	0.0	77	3.31	88	0.8	0.17	0.8	0.000	0.176	27.6	92	26.1	33.1	21.18	1.1284	0.05	593	8	100.0	30
23-04-17	3:30 p	26.8	26.9	26.6	94	25.8	0.0	---	0.00	0.0	---	26.8	31.4	31.4	33.3	1006.7	0.00	0.0	115	4.95	135	0.9	0.19	1.0	0.000	0.177	27.7	92	26.2	33.4	21.19	1.1271	0.00	598	8	100.0	30
23-04-17	4:00 p	26.8	26.9	26.7	94	25.8	0.0	SE	0.00	0.4	SE	26.8	31.4	31.4	33.7	1006.6	0.00	0.0	118	5.07	135	0.8	0.17	1.0	0.000	0.177	28.1	92	26.7	34.8	21.20	1.1242	0.08	593	8	100.0	30
23-04-17	4:30 p	26.6	26.9	26.4	94	25.5	0.0	---	0.00	0.0	---	26.6	30.8	30.8	32.2	1006.7	0.00	0.0	68	2.92	95	0.2	0.04	0.6	0.000	0.171	28.3	90	26.5	34.7	20.22	1.1241	0.00	599	8	100.0	30
23-04-17	5:00 p	26.3	26.5	26.2	94	25.2	0.0	---	0.00	0.0	---	26.3	30.2	30.2	30.2	1006.2	0.00	0.0	51	2.19	58	0.0	0.00	0.0	0.000	0.166	28.2	89	26.2	34.2	19.68	1.1247	0.05	593	8	100.0	30
23-04-17	5:30 p	25.5	26.3	25.5	94	24.5	0.0	---	0.00	0.0	---	25.5	28.4	28.4	28.0	1005.8	0.00	0.0	21	0.90	37	0.0	0.00	0.0	0.000	0.149	27.9	89	25.9	33.5	19.73	1.1259	0.00	592	8	100.0	30
23-04-17	6:00 p	25.1	25.6	25.0	94	24.0	0.0	---	0.00	0.0	---	25.1	27.6	27.6	26.9	1006.4	0.00	0.0	1	0.04	5	0.0	0.00	0.0	0.000	0.140	27.6	88	25.4	32.4	19.19	1.1290	0.00	598	8	100.0	30
23-04-17	6:30 p	24.6	25.1	24.6	94	23.6	0.0	---	0.00	0.0	---	24.6	26.9	26.9	26.2	1006.9	0.00	0.0	0	0.00	0	0.0	0.00	0.0	0.000	0.131	27.2	88	25.1	31.4	19.25	1.1316	0.00	592	8	100.0	30
23-04-17	7:00 p	24.3	24.7	24.3	95	23.5	0.0	---	0.00	0.0	---	24.3	26.5	26.5	25.8	1007.6	0.00	0.0	0	0.00	0	0.0	0.00	0.0	0.000	0.125	26.8	88	24.7	30.6	19.32	1.1346	0.00	588	8	100.0	30
23-04-17	7:30 p	24.2	24.3	24.1	95	23.3	0.0	---	0.00	0.0	---	24.2	26.3	26.3	25.6	1008.0	0.00	0.0	0	0.00	0	0.0	0.00	0.0	0.000	0.122	26.6	88	24.5	30.1	19.35	1.1365	0.00	597	8	100.0	30
23-04-17	8:00 p	24.1	24.2	24.0	95	23.2	0.0	---	0.00	0.0	---	24.1	26.2	26.2	25.4	1008.3	0.00	0.0	0	0.00	0	0.0	0.00	0.0	0.000	0.119	26.4	88	24.3	29.7	19.37	1.1378	0.00	600	8	100.0	30
23-04-17	8:30 p	24.0	24.1	24.0	95	23.1	0.0	---	0.00	0.0	---	24.0	26.1	26.1	25.4	1008.7	0.00	0.0	0	0.00	0	0.0	0.00	0.0	0.000	0.118	26.3	89	24.4	29.6	19.95	1.1385	0.00	599	8	100.0	30
23-04-17	9:00 p	23.9	24.1	23.9	95	23.1	0.0	---	0.00	0.0	---	23.9	26.0	26.0	25.3	1008.8	0.00	0.0	0	0.00	0	0.0	0.00	0.0	0.000	0.117	26.2	89	24.2	29.3	19.95	1.1396	0.00	600	8	100.0	30
23-04-17	9:30 p	24.1	24.1	23.9	95	23.3	0.0	---	0.00	0.0	---	24.1	26.2	26.2	25.5	1009.3	0.00	0.0	0	0.00	0	0.0	0.00	0.0	0.000	0.120	26.2	89	24.2	29.3	19.95	1.1402	0.00	598	8	100.0	30
23-04-17	10:00 p	24.1	24.2	24.1	95	23.3	0.0	---	0.00	0.0	---	24.1	26.2	26.2	25.5	1009.1	0.00	0.0	0	0.00	0	0.0	0.00	0.0	0.000	0.120	26.1	90	24.3	29.2	20.45	1.1403	0.00	599	8	100.0	30
23-04-17	10:30 p	24.0	24.1	23.9	95	23.1	0.0	---	0.00	0.0	---	24.0	26.1	26.1	25.4	1009.4	0.00	0.0	0	0.00	0	0.0	0.00	0.0	0.000	0.118	26.0	90	24.2	29.1	20.45	1.1408	0.00	599	8	100.0	30
23-04-17	11:00 p	24.3	24.4	24.0	95	23.5	0.0	---	0.00	0.0	---	24.3	26.5	26.5	25.8	1009.1	0.00	0.0	0	0.00	0	0.0	0.00	0.0	0.000	0.125	26.1	90	24.3	29.2	20.45	1.1403	0.00	600	8	100.0	30
23-04-17	11:30 p	24.4	24.5	24.3	95	23.6	0.0	---	0.00	0.0	---	24.4	26.7	26.7	25.9	1009.0	0.00	0.0	0	0.00	0	0.0	0.00	0.0	0.000	0.127	26.1	91	24.5	29.3	21.03	1.1398	0.00	597	8	100.0	30
23-04-18	12:00 a	24.4	24.6	24.4	95	23.6	0.0	---	0.00	0.0	---	24.4	26.7	26.7	25.9	1008.7	0.00	0.0	0	0.00	0	0.0	0.00	0.0	0.000	0.127	26.1	91	24.5	29.4	21.03	1.1391	0.00	598	8	100.0	30
23-04-18	12:30 a	24.6	24.6	24.4	95	23.7	0.0	---	0.00	0.0	---	24.6	26.8	26.8	26.1	1008.1	0.00	0.0	0	0.00	0	0.0	0.00	0.0	0.000	0.130	26.1	91	24.5	29.4	21.03	1.1383	0.00	598	8	100.0	30
23-04-18	1:00 a	24.4	24.6	24.3	95	23.5	0.0	---	0.00	0.0	---	24.4	26.6	26.6	25.9	1007.9	0.00	0.0	0	0.00	0	0.0	0.00	0.0	0.000	0.126	26.1	91	24.5	29.4	21.03	1.1381	0.00	598	8	100.0	30
23-04-18	1:30 a	24.6	24.6	24.3	95	23.7	0.0	---	0.00	0.0	---	24.6	26.8	26.8	26.1	1007.9	0.00	0.0	0	0.00	0	0.0	0.00	0.0	0.000	0.130	26.0	91	24.4	29.2	21.03	1.1388	0.00	599	8	100.0	30
23-04-18	2:00 a	24.5	24.6	24.5	95	23.6	0.0	---	0.00	0.0	---	24.5	26.7	26.7	26.0	1007.4	0.00	0.0	0	0.00	0	0.0	0.00	0.0	0.000	0.128	26.1	91	24.5	29.3	21.03	1.1379	0.00	599	8	100.0	30
23-04-18	2:30 a	24.5	24.6	24.4	95	23.6	0.0	---	0.00	0.0	---	24.5	26.7	26.7	26.0	1007.1	0.00	0.0	0	0.00	0	0.0	0.00	0.0	0.000	0.128	26.1	91	24.5	29.4	21.03	1.1372	0.00	598	8	100.0	30
23-04-18	3:00 a	24.3	24.6	24.3	95	23.4	0.0	---	0.00	0.0	---	24.3	26.4	26.4	25.7	1007.1	0.00	0.0	0	0.00	0	0.0	0.00	0.0	0.000	0.124	26.0	91	24.4	29.2	21.03	1.1379	0.00	594	8	100.0	30
23-04-18	3:30 a	24.2	24.3	24.1	95	23.4	0.0	---	0.00	0.0	---	24.2	26.4	26.4	25.7	1007.3	0.00	0.0	0	0.00	0	0.0	0.00	0.0	0.000	0.123	25.9	91	24.4	29.1	21.02	1.1384	0.00	590	8	100.0	30
23-04-18	4:00 a	23.9	24.3	23.9	95	23.0	0.0	---	0.00	0.0	---	23.9	25.9	25.9	25.2	1007.4	0.00	0.0	0	0.00	0	0.0	0.00	0.0	0.000	0.116	25.9	91	24.3	28.9	21.02	1.1388	0.00	598	8	100.0	30
23-04-18	4:30 a	23.8	23.9	23.8	95	23.0	0.0	---	0.00	0.0	---	23.8	25.8	25.8	25.1	1007.3	0.00	0.0	0	0.00	0	0.0	0.00	0.0	0.000	0.115	25.8	90	24.0	28.7	20.45	1.1398	0.00	593	8	100.0	30
23-04-18	5:00 a	23.8	23.9	23.8	96	23.2	0.0	---	0.00	0.0	---	23.8	25.9	25.9	25.2	1007.5	0.00	0.0	0	0.00	0	0.0	0.00	0.0	0.000	0.115	25.7	91	24.1	28.6	21.02	1.1399	0.00	594	8	100.0	30
23-04-18	5:30 a	23.8	23.9	23.8	95	22.9	0.0	---	0.00	0.0	---	23.8	25.8	25.8	25.1	1007.7	0.00	0.0	1	0.04	5	0.0	0.00	0.0	0.000	0.113	25.6	91	24.0	28.4	21.01	1.1408	0.00	599	8	100.0	30
23-04-18	6:00 a	24.2	24.2	23.7	95	23.4	0.0	---	0.00	0.0	---	24.2	26.4	26.4	25.9	1007.8	0.00	0.0	21	0.90	32	0.0	0.00	0.0	0.000	0.123	25.7	91	24.1	28.5	21.01	1.1406	0.00	599	8	100.0	30
23-04-18	6:30 a	24.4	24.4	24.2	96	23.7	0.0	---	0.00	0.0	---	24.4	26.6	26.6	27.0	1007.9	0.00	0.0	33	1.42	35	0.0	0.00	0.0	0.000	0.126	25.8	91	24.2	28.7	21.02	1.1401	0.00	597	8	100.0	30
23-04-18	7:00 a	24.6	24.6	24.3	95	23.7	0.0	---	0.00	0.0	---	24.6	26.8	26.8	27.2	1008.2	0.00	0.0	38	1.63	49	0.0	0.00	0.0	0.000	0.130	26.2	92	24.8	29.7	21.13	1.1377	0.03	598	8	100.0	30
23-04-18	7:30 a	25.0	25.1	24.6	96	24.3	0.0	SE	0.00	0.4	SE	25.0	27.6	27.6	28.3	1008.7	0.00	0.0	62	2.67	74	0.8	0.17	1.3	0.000	0.139	26.8	92	25.4	31.0	21.15	1.1347	0.00	599	8	100.0	30
23-04-18	8:00 a	25.8	25.8	25.0	96	25.1	0.0	SE	0.00	0.4	SE	25.8	29.3	29.3	30.7	1009.0	0.00	0.0	108	4.64	318	1.8	0.39	2.7	0.000	0.156	27.6	92	26.2	33.3	21.18	1.1300	0.08	598	8	100.0	30
23-04-18	8:30 a	26.7	26.9	25.8	96	26.0	0.4	SE	0.80	0.9	SE	26.7	31.5	31.5	37.6	1008.8	0.00	0.0	508	21.85	643	3.4	0.73	4.5	0.000	0.175	29.0	89	27.0	36.8	19.53	1.1227	0.00	596	8	100.0	30
23-04-18	9:00 a	28.2	28.2	26.3	95	27.3	0.0	SE	0.00	0.9	SE	28.2	35.9	35.9	41.7	1008.9	0.00	0.0	499	21.46	763	4.7	1.01	6.1	0.000	0.206	29.7	88	27.5	38.6	18.82	1.1188	0.30	596	8	100.0	30
23-04-18	9:30 a	29.4	29.4	27.6	90	27.6	0.0	SSE	0.00	0.9	SSE	29.4	38.1	38.1	43.5	1008.7	0.00	0.0	464	19.95	919	5.5	1.18	8.0	0.000	0.230	29.8	83	26.6	37.3	16.83	1.1207	0.00	594	8	100.0	30
23-04-18	10:00 a	31.7	31.8	29.4	76	26.9	0.4	SSW	0.80	2.2	S	31.7	41.2	41.2	48.3	1009.0	0.00	0.0	867	37.29	963	8.2	1.76	9.3	0.000	0.278	30.8	83	27.6	40.7	16.75	1.1150	0.43	593	8	100.0	30
23-04-18	10:30 a	31.4	32.3	30.9	76	26.6	0.4	SSW	0.80	2.2	SSW	31.4	40.1	40.1	47.3	1008.9	0.00	0.0	815	35.05	1134	9.3	1.99	11.5	0.000	0.272	31.4	78	27.1	40.8	14.87	1.1138	0.00	596	8	100.0	30
23-04-18	11:00 a	30.9	32.9	30.8	79	26.8	0.4	SW	0.80	2.2	SSW	30.9	39.4	39.4	46.2	1009.0	0.00	0.0	657	28.25	1120	8.6	1.84	12.9	0.000	0.262	31.6	77	27.1	41.4	14.62	1.1131	0.53	597	8	100.0	30
23-04-18	11:30 a	30.8	31.2	30.3	82	27.4	0.4	SW	0.80	1.8	SW	30.8	40.4	40.4	45.6	1008.7	0.00	0.0	437	18.79	729	6.4	1.37	9.7	0.000	0.260	31.2	78	26.9	40.1	14.89	1.1146	0.00	596	8	100.0	30
23-04-18	12:00 p	32.2	32.3	30.7	78	27.9	0.4	SE	0.80	2.2	SW	32.2	44.3	44.3	51.6	1008.1	0.00	0.0	769	33.07	1097	9.8	2.10	12.1	0.000	0.289	31.4	80	27.6	41.8	15.61	1.1115	0.43	598	8	100.0	30
23-04-18	12:30 p	31.4	32.4	31.4	80	27.5	0.9	SSW	1.61	2.7	S	31.4	41.6	41.6	48.2	1007.5	0.00	0.0	639	27.48	1069	9.1	1.95	12.6	0.000	0.272	31.8	78	27.5	42.7	14.81	1.1095	0.00	599	8	100.0	30
23-04-18	1:30 p	31.4	31.8	31.3	76	26.7	0.4	SW	0.80	2.2	S	31.4	40.3	40.3	46.1	1005.6	0.00	0.0	513	22.06	635	4.8	1.03	5.2	0.000	0.273	31.8	78	27.5	42.5	14.81	1.1076	0.00	222	8	38.2	30
23-04-18	2:00 p	32.1	32.2	30.9	76	27.3	0.4	SSW	0.80	1.8	SSE	32.1	42.8	42.8	48.3	1005.7	0.00	0.0	459	19.74	534	4.1	0.88	4.4	0.000	0.286	31.4	78	27.1	40.8	14.87	1.1101	0.33	597	8	100.0	30
23-04-18	2:30 p	31.3	32.1	31.0	76	26.5	0.9	SE	1.61	3.1	S	31.3	39.6	39.6	45.1	1005.8	0.00	0.0	432	18.58	490	3.2	0.69	3.9	0.000	0.270	31.0	78	26.7	39.3	14.93	1.1125	0.00	593	8	100.0	30
23-04-18	3:00 p	30.3	31.4	30.3	77	25.8	0.4	SSE	0.80	3.1	SSE	30.3	37.3	37.3	40.9	1005.9	0.00	0.0	243	10.45	336	1.8	0.39	2.2	0.000	0.249	30.5	81	26.9	39.1	16.07	1.1141	0.23	593	8	100.0	30
23-04-18	3:30 p	30.1	30.5	29.8	78	25.8	0.4	SSE	0.80	2.2	SE	30.1	37.1	37.1	40.6	1005.8	0.00	0.0	211	9.07	294	1.1	0.24	1.3	0.000	0.245	30.4	81	26.8	38.9	16.08	1.1144	0.00	594	8	100.0	30
23-04-18	4:00 p	29.1	30.2	29.1	86	26.5	0.4	SSE	0.80	1.3	SE	29.1	36.2	36.2	38.0	1005.8	0.00	0.0	94	4.04	132	0.2	0.04	0.7	0.000	0.223	30.4	81	26.8	38.9	16.08	1.1143	0.10	590	8	100.0	30
23-04-18	4:30 p	28.2	29.1	28.2	90	26.4	0.0	ENE	0.00	0.4	ENE	28.2	34.6	34.6	35.6	1006.2	0.00	0.0	51	2.19	69	0.0	0.00	0.0	0.000	0.206	30.3	82	26.9	38.7	16.49	1.1153	0.00	588	8	100.0	30
23-04-18	5:00 p	26.9	28.2	26.9	91	25.3	0.0	ENE	0.00	0.4	ENE	26.9	31.3	31.3	30.8	1006.3	0.00	0.0	9	0.39	26	0.0	0.00	0.0	0.000	0.179	29.8	82	26.4	37.2	16.52	1.1180	0.03	594	8	100.0	30
23-04-18	5:30 p	26.1	26.9	26.1	92	24.7	0.0	---	0.00	0.0	---	26.1	29.5	29.5	28.9	1006.6	0.00	0.0	0	0.00	0	0.0	0.00	0.0	0.000	0.162	29.2	83	26.0	35.9	16.87	1.1216	0.00	591	8	100.0	30
23-04-18	6:00 p	25.9	26.1	25.9	93	24.7	0.0	ENE	0.00	0.4	ENE	25.9	29.2	29.2	28.6	1007.0	0.00	0.0	0	0.00	0	0.0	0.00	0.0	0.000	0.157	28.7	84	25.7	34.9	17.30	1.1245	0.00	588	8	100.0	30
23-04-18	6:30 p	25.6	25.9	25.6	93	24.4	0.0	---	0.00	0.0	---	25.6	28.6	28.6	27.9	1007.4	0.00	0.0	0	0.00	0	0.0	0.00	0.0	0.000	0.152	28.4	85	25.6	34.1	17.76	1.1265	0.00	582	8	100.0	30
23-04-18	7:00 p	25.4	25.6	25.4	94	24.4	0.0	---	0.00	0.0	---	25.4	28.3	28.3	27.6	1007.7	0.00	0.0	0	0.00	0	0.0	0.00	0.0	0.000	0.148	28.1	86	25.5	33.4	18.20	1.1284	0.00	588	8	100.0	30
23-04-18	7:30 p	25.4	25.4	25.3	94	24.4	0.0	---	0.00	0.0	---	25.4	28.2	28.2	27.5	1007.9	0.00	0.0	0	0.00	0	0.0	0.00	0.0	0.000	0.147	27.8	87	25.5	32.9	18.62	1.1296	0.00	579	8	99.7	30
23-04-18	8:00 p	25.3	25.4	25.3	94	24.2	0.0	---	0.00	0.0	---	25.3	27.9	27.9	27.3	1007.9	0.00	0.0	0	0.00	0	0.0	0.00	0.0	0.000	0.145	27.7	87	25.4	32.7	18.64	1.1302	0.00	573	8	98.6	30
23-04-18	8:30 p	25.3	25.3	25.2	94	24.2	0.0	---	0.00	0.0	---	25.3	27.9	27.9	27.3	1008.1	0.00	0.0	0	0.00	0	0.0	0.00	0.0	0.000	0.145	27.6	87	25.2	32.2	18.65	1.1315	0.00	573	8	98.6	30
23-04-18	9:00 p	25.2	25.3	25.1	95	24.4	0.0	---	0.00	0.0	---	25.2	27.9	27.9	27.3	1008.1	0.00	0.0	0	0.00	0	0.0	0.00	0.0	0.000	0.144	27.4	88	25.2	31.9	19.22	1.1320	0.00	579	8	99.7	30
23-04-18	9:30 p	25.3	25.3	25.1	95	24.4	0.0	---	0.00	0.0	---	25.3	28.0	28.0	27.3	1008.1	0.00	0.0	0	0.00	0	0.0	0.00	0.0	0.000	0.145	27.3	88	25.2	31.8	19.23	1.1323	0.00	589	8	100.0	30
23-04-18	10:00 p	25.3	25.4	25.3	95	24.4	0.0	---	0.00	0.0	---	25.3	28.0	28.0	27.3	1008.2	0.00	0.0	0	0.00	0	0.0	0.00	0.0	0.000	0.145	27.3	89	25.4	31.9	19.83	1.1320	0.00	594	8	100.0	30
23-04-18	10:30 p	25.1	25.3	25.0	95	24.2	0.0	---	0.00	0.0	---	25.1	27.6	27.6	26.9	1008.0	0.00	0.0	0	0.00	0	0.0	0.00	0.0	0.000	0.140	27.2	89	25.2	31.6	19.85	1.1325	0.00	597	8	100.0	30
23-04-18	11:00 p	24.9	25.1	24.9	95	24.0	0.0	---	0.00	0.0	---	24.9	27.3	27.3	26.7	1007.8	0.00	0.0	0	0.00	0	0.0	0.00	0.0	0.000	0.137	27.1	89	25.1	31.3	19.87	1.1329	0.00	599	8	100.0	30
23-04-18	11:30 p	24.7	24.9	24.7	95	23.9	0.0	---	0.00	0.0	---	24.7	27.1	27.1	26.4	1007.4	0.00	0.0	0	0.00	0	0.0	0.00	0.0	0.000	0.133	26.9	89	25.0	30.9	19.90	1.1334	0.00	596	8	100.0	30
23-04-19	12:00 a	24.7	24.8	24.7	95	23.9	0.0	---	0.00	0.0	---	24.7	27.1	27.1	26.4	1007.0	0.00	0.0	0	0.00	0	0.0	0.00	0.0	0.000	0.133	26.8	89	24.9	30.7	19.92	1.1336	0.00	597	8	100.0	30
23-04-19	12:30 a	24.7	24.8	24.6	95	23.8	0.0	ENE	0.00	0.4	ENE	24.7	27.0	27.0	26.3	1006.4	0.00	0.0	0	0.00	0	0.0	0.00	0.0	0.000	0.132	26.7	89	24.8	30.4	19.94	1.1336	0.00	597	8	100.0	30
23-04-19	1:00 a	24.6	24.7	24.6	95	23.7	0.0	---	0.00	0.0	---	24.6	26.8	26.8	26.2	1006.0	0.00	0.0	0	0.00	0	0.0	0.00	0.0	0.000	0.130	26.7	89	24.7	30.3	19.95	1.1334	0.00	599	8	100.0	30
23-04-19	1:30 a	24.4	24.6	24.4	95	23.6	0.0	---	0.00	0.0	---	24.4	26.7	26.7	26.0	1005.9	0.00	0.0	0	0.00	0	0.0	0.00	0.0	0.000	0.127	26.6	89	24.6	30.1	19.95	1.1339	0.00	599	8	100.0	30
23-04-19	2:00 a	24.3	24.4	24.3	95	23.4	0.0	---	0.00	0.0	---	24.3	26.4	26.4	25.8	1006.1	0.00	0.0	0	0.00	0	0.0	0.00	0.0	0.000	0.124	26.4	89	24.5	29.8	19.95	1.1349	0.00	597	8	100.0	30
23-04-19	2:30 a	24.3	24.4	24.2	95	23.4	0.0	---	0.00	0.0	---	24.3	26.4	26.4	25.8	1006.2	0.00	0.0	0	0.00	0	0.0	0.00	0.0	0.000	0.124	26.4	89	24.4	29.7	19.95	1.1353	0.00	592	8	100.0	30
23-04-19	3:00 a	24.3	24.3	24.2	95	23.4	0.0	---	0.00	0.0	---	24.3	26.4	26.4	25.8	1006.3	0.00	0.0	0	0.00	0	0.0	0.00	0.0	0.000	0.124	26.3	89	24.3	29.5	19.95	1.1361	0.00	594	8	100.0	30
23-04-19	3:30 a	24.1	24.3	24.0	95	23.2	0.0	---	0.00	0.0	---	24.1	26.2	26.2	25.4	1006.4	0.00	0.0	0	0.00	0	0.0	0.00	0.0	0.000	0.119	26.2	90	24.4	29.4	20.45	1.1364	0.00	594	8	100.0	30
23-04-19	4:00 a	24.1	24.3	24.1	95	23.3	0.0	---	0.00	0.0	---	24.1	26.2	26.2	25.5	1006.7	0.00	0.0	0	0.00	0	0.0	0.00	0.0	0.000	0.120	26.1	90	24.3	29.2	20.45	1.1375	0.00	587	8	100.0	30
23-04-19	4:30 a	23.9	24.2	23.9	95	23.0	0.0	---	0.00	0.0	---	23.9	25.9	25.9	25.2	1006.8	0.00	0.0	0	0.00	0	0.0	0.00	0.0	0.000	0.116	26.0	90	24.2	29.1	20.45	1.1379	0.00	589	8	100.0	30
23-04-19	5:00 a	24.1	24.1	23.8	95	23.3	0.0	---	0.00	0.0	---	24.1	26.2	26.2	25.6	1006.9	0.00	0.0	3	0.13	9	0.0	0.00	0.0	0.000	0.120	25.9	90	24.2	28.9	20.45	1.1383	0.00	590	8	100.0	30
23-04-19	5:30 a	24.7	24.7	24.1	95	23.8	0.0	---	0.00	0.0	---	24.7	27.0	27.0	26.7	1007.3	0.00	0.0	29	1.25	46	0.0	0.00	0.0	0.000	0.132	26.1	91	24.5	29.3	21.03	1.1377	0.00	596	8	100.0	30
23-04-19	6:00 a	25.0	25.1	24.6	95	24.1	0.0	ENE	0.00	0.4	ENE	25.0	27.5	27.5	27.3	1007.9	0.00	0.0	37	1.59	44	0.0	0.00	0.0	0.000	0.139	26.7	91	25.1	30.6	21.05	1.1348	0.03	591	8	100.0	30
23-04-19	6:30 a	25.4	25.4	25.1	95	24.5	0.0	ENE	0.00	0.4	ENE	25.4	28.2	28.2	29.5	1008.2	0.00	0.0	66	2.84	95	0.7	0.15	1.1	0.000	0.147	27.3	91	25.7	32.3	20.95	1.1312	0.00	597	8	100.0	30
23-04-19	7:00 a	26.2	26.2	25.3	95	25.3	0.0	ENE	0.00	0.4	ENE	26.2	30.0	30.0	31.3	1008.7	0.00	0.0	74	3.18	127	1.4	0.30	1.7	0.000	0.163	28.3	90	26.5	34.7	20.22	1.1265	0.05	597	8	100.0	30
23-04-19	7:30 a	27.3	27.3	26.2	96	26.6	0.0	ENE	0.00	0.4	ENE	27.3	33.2	33.2	37.1	1009.1	0.00	0.0	236	10.15	313	2.1	0.45	2.3	0.000	0.187	28.9	89	26.9	36.4	19.55	1.1237	0.00	596	8	100.0	30
23-04-19	8:00 a	27.6	27.6	27.0	95	26.7	0.0	ENE	0.00	0.9	ENE	27.6	33.7	33.7	37.7	1009.5	0.00	0.0	269	11.57	309	2.7	0.58	3.0	0.000	0.192	29.1	89	27.1	37.1	19.51	1.1227	0.15	598	8	100.0	30
23-04-19	8:30 a	28.9	29.2	27.5	87	26.5	0.0	ENE	0.00	0.9	ENE	28.9	36.1	36.1	40.1	1009.3	0.00	0.0	300	12.90	345	3.3	0.71	3.7	0.000	0.220	29.3	88	27.1	37.4	18.87	1.1217	0.00	598	8	100.0	30
23-04-19	9:00 a	29.0	29.0	28.5	91	27.4	0.0	SE	0.00	0.9	SE	29.0	37.3	37.3	41.3	1009.4	0.00	0.0	317	13.63	350	3.8	0.81	4.2	0.000	0.222	29.6	87	27.2	37.8	18.44	1.1209	0.20	597	8	100.0	30
23-04-19	9:30 a	29.6	29.6	28.8	86	27.0	0.0	SE	0.00	0.9	SE	29.6	37.5	37.5	41.3	1009.4	0.00	0.0	312	13.42	360	4.2	0.90	4.8	0.000	0.234	29.7	86	27.1	38.0	18.02	1.1204	0.00	595	8	100.0	30
23-04-19	10:00 a	30.4	31.0	29.4	85	27.6	0.4	ESE	0.80	2.2	S	30.4	40.3	40.3	45.3	1009.1	0.00	0.0	422	18.15	543	6.3	1.35	11.5	0.000	0.252	30.1	86	27.5	39.3	17.98	1.1176	0.25	595	8	100.0	30
23-04-19	10:30 a	31.8	32.5	30.4	77	27.3	0.4	SW	0.80	1.8	SSE	31.8	42.3	42.3	49.7	1008.8	0.00	0.0	841	36.17	1236	10.4	2.23	13.0	0.000	0.281	31.1	83	27.8	41.4	16.73	1.1131	0.00	595	8	100.0	30
23-04-19	11:00 a	32.0	32.9	31.8	74	26.8	0.9	SE	1.61	3.6	SE	32.0	41.8	41.8	48.4	1008.4	0.00	0.0	971	41.76	1220	11.6	2.49	13.1	0.000	0.285	31.7	78	27.4	42.1	14.83	1.1115	0.63	600	8	100.0	30
23-04-19	11:30 a	31.5	32.7	31.3	80	27.6	0.9	SE	1.61	3.6	SE	31.5	42.1	42.1	48.5	1007.9	0.00	0.0	583	25.07	1032	8.9	1.91	12.0	0.000	0.274	31.7	80	27.8	43.1	15.59	1.1096	0.00	596	8	100.0	30
23-04-19	12:00 p	32.6	32.6	31.1	74	27.3	0.9	SE	1.61	4.0	SE	32.6	43.9	43.9	50.6	1007.2	0.00	0.0	626	26.92	1165	8.3	1.78	11.4	0.000	0.296	31.7	79	27.6	42.7	15.20	1.1093	0.48	599	8	100.0	30
23-04-19	12:30 p	32.8	33.2	31.4	75	27.8	0.9	SE	1.61	4.0	SE	32.8	45.4	45.4	52.4	1006.7	0.00	0.0	936	40.25	1086	9.0	1.93	10.3	0.000	0.302	32.1	79	28.0	44.3	15.16	1.1063	0.00	600	8	100.0	30
23-04-19	1:00 p	32.9	33.1	31.8	75	27.9	0.9	SE	1.61	4.0	SE	32.9	45.9	45.9	53.2	1006.3	0.00	0.0	810	34.83	916	8.1	1.74	9.0	0.000	0.304	32.1	77	27.6	43.4	14.56	1.1070	0.58	599	8	100.0	30
23-04-19	1:30 p	32.9	33.3	31.8	75	27.9	0.9	SE	1.61	4.0	ESE	32.9	45.9	45.9	52.7	1005.8	0.00	0.0	649	27.91	735	5.9	1.26	7.4	0.000	0.304	32.0	78	27.7	43.4	14.78	1.1065	0.00	596	8	100.0	30
23-04-19	2:00 p	32.4	33.0	31.6	74	27.2	0.9	ESE	1.61	4.5	ESE	32.4	43.4	43.4	49.7	1005.6	0.00	0.0	559	24.04	633	4.7	1.01	5.6	0.000	0.294	31.7	77	27.2	41.9	14.60	1.1085	0.41	594	8	100.0	30
23-04-19	2:30 p	31.5	32.4	30.7	77	27.0	0.4	ESE	0.80	2.2	S	31.5	40.9	40.9	44.6	1005.9	0.00	0.0	272	11.70	501	2.6	0.56	3.4	0.000	0.274	31.2	78	26.9	39.8	14.90	1.1117	0.00	587	8	100.0	30
23-04-19	3:00 p	31.3	31.8	31.2	75	26.3	0.9	SE	1.61	3.1	ESE	31.3	39.2	39.2	44.1	1005.9	0.00	0.0	338	14.54	446	2.1	0.45	2.7	0.000	0.270	30.9	78	26.6	39.1	14.94	1.1133	0.23	591	8	100.0	30
23-04-19	3:30 p	30.3	31.3	30.3	78	26.0	0.9	SE	1.61	4.5	SE	30.3	37.6	37.6	41.1	1006.0	0.00	0.0	213	9.16	302	1.1	0.24	1.5	0.000	0.249	30.7	81	27.1	39.7	16.06	1.1129	0.00	595	8	100.0	30
23-04-19	4:00 p	29.6	30.6	29.6	82	26.2	0.4	SSE	0.80	2.2	SSE	29.6	36.7	36.7	37.8	1006.2	0.00	0.0	65	2.80	98	0.2	0.04	0.6	0.000	0.235	30.6	81	26.9	39.3	16.07	1.1141	0.10	589	8	100.0	30
23-04-19	4:30 p	28.5	29.6	28.5	87	26.1	0.4	SE	0.80	2.2	SSE	28.5	34.8	34.8	35.6	1006.6	0.00	0.0	41	1.76	72	0.0	0.00	0.0	0.000	0.212	30.4	82	27.0	39.1	16.48	1.1151	0.00	584	8	100.0	30
23-04-19	5:00 p	27.7	28.6	27.7	89	25.7	0.0	SE	0.00	0.9	SE	27.7	33.1	33.1	32.6	1007.0	0.00	0.0	5	0.22	12	0.0	0.00	0.0	0.000	0.196	30.1	83	26.9	38.3	16.80	1.1167	0.03	593	8	100.0	30
23-04-19	5:30 p	27.2	27.7	27.2	90	25.4	0.0	SE	0.00	0.4	SE	27.2	31.7	31.7	31.1	1007.4	0.00	0.0	0	0.00	0	0.0	0.00	0.0	0.000	0.184	29.7	83	26.5	37.1	16.83	1.1198	0.00	592	8	100.0	30
23-04-19	6:00 p	26.8	27.2	26.8	92	25.4	0.0	SE	0.00	0.4	SE	26.8	31.0	31.0	30.4	1007.7	0.00	0.0	0	0.00	0	0.0	0.00	0.0	0.000	0.176	29.3	84	26.3	36.4	17.26	1.1217	0.00	599	8	100.0	30
23-04-19	6:30 p	26.8	26.8	26.7	92	25.4	0.0	SE	0.00	0.4	SE	26.8	31.2	31.2	30.6	1008.0	0.00	0.0	0	0.00	0	0.0	0.00	0.0	0.000	0.177	29.1	85	26.3	36.0	17.69	1.1232	0.00	598	8	100.0	30
23-04-19	7:00 p	26.6	26.8	26.6	92	25.2	0.0	SE	0.00	0.9	E	26.6	30.6	30.6	30.1	1008.6	0.00	0.0	0	0.00	0	0.0	0.00	0.0	0.000	0.172	28.9	85	26.1	35.6	17.71	1.1250	0.00	599	8	100.0	30
23-04-19	7:30 p	26.5	26.7	26.4	93	25.3	0.0	E	0.00	0.4	E	26.5	30.5	30.5	29.9	1009.0	0.00	0.0	0	0.00	0	0.0	0.00	0.0	0.000	0.170	28.7	86	26.1	35.3	18.13	1.1260	0.00	598	8	100.0	30
23-04-19	8:00 p	26.6	26.6	26.4	93	25.4	0.0	E	0.00	0.9	E	26.6	30.8	30.8	30.2	1009.3	0.00	0.0	0	0.00	0	0.0	0.00	0.0	0.000	0.172	28.6	86	26.0	35.0	18.14	1.1269	0.00	597	8	100.0	30
23-04-19	8:30 p	26.3	26.7	26.3	93	25.1	0.0	---	0.00	0.0	---	26.3	30.1	30.1	29.6	1009.8	0.00	0.0	0	0.00	0	0.0	0.00	0.0	0.000	0.167	28.5	87	26.1	34.8	18.55	1.1277	0.00	597	8	100.0	30
23-04-19	9:00 p	26.1	26.4	26.1	93	24.8	0.0	---	0.00	0.0	---	26.1	29.5	29.5	28.9	1009.7	0.00	0.0	0	0.00	0	0.0	0.00	0.0	0.000	0.161	28.3	87	25.9	34.2	18.58	1.1290	0.00	598	8	100.0	30
23-04-19	9:30 p	25.8	26.1	25.8	93	24.6	0.0	---	0.00	0.0	---	25.8	29.1	29.1	28.4	1009.6	0.00	0.0	0	0.00	0	0.0	0.00	0.0	0.000	0.156	28.1	87	25.7	33.6	18.60	1.1302	0.00	599	8	100.0	30
23-04-19	10:00 p	25.6	25.9	25.6	94	24.5	0.0	---	0.00	0.0	---	25.6	28.5	28.5	27.9	1009.6	0.00	0.0	0	0.00	0	0.0	0.00	0.0	0.000	0.150	27.8	87	25.5	32.9	18.62	1.1315	0.00	598	8	100.0	30
23-04-19	10:30 p	25.7	25.7	25.6	94	24.6	0.0	---	0.00	0.0	---	25.7	28.7	28.7	28.1	1009.5	0.00	0.0	0	0.00	0	0.0	0.00	0.0	0.000	0.153	27.8	88	25.6	33.0	19.15	1.1313	0.00	597	8	100.0	30
23-04-19	11:00 p	25.6	25.7	25.4	94	24.5	0.0	---	0.00	0.0	---	25.6	28.5	28.5	27.9	1009.3	0.00	0.0	0	0.00	0	0.0	0.00	0.0	0.000	0.150	27.7	88	25.5	32.7	19.17	1.1317	0.00	599	8	100.0	30
23-04-19	11:30 p	25.3	25.5	25.3	94	24.3	0.0	---	0.00	0.0	---	25.3	28.1	28.1	27.4	1008.9	0.00	0.0	0	0.00	0	0.0	0.00	0.0	0.000	0.146	27.4	88	25.3	32.1	19.21	1.1326	0.00	598	8	100.0	30
23-04-20	12:00 a	25.2	25.3	25.2	94	24.1	0.0	---	0.00	0.0	---	25.2	27.8	27.8	27.2	1008.5	0.00	0.0	0	0.00	0	0.0	0.00	0.0	0.000	0.142	27.3	88	25.1	31.6	19.24	1.1332	0.00	597	8	100.0	30
23-04-20	12:30 a	25.1	25.2	25.0	94	24.0	0.0	---	0.00	0.0	---	25.1	27.6	27.6	26.9	1008.2	0.00	0.0	0	0.00	0	0.0	0.00	0.0	0.000	0.140	27.1	88	25.0	31.2	19.27	1.1337	0.00	596	8	100.0	30
23-04-20	1:00 a	24.9	25.1	24.9	95	24.1	0.0	---	0.00	0.0	---	24.9	27.4	27.4	26.8	1007.9	0.00	0.0	0	0.00	0	0.0	0.00	0.0	0.000	0.138	27.0	89	25.0	31.1	19.89	1.1336	0.00	593	8	100.0	30
23-04-20	1:30 a	24.9	25.1	24.9	95	24.0	0.0	---	0.00	0.0	---	24.9	27.3	27.3	26.7	1007.6	0.00	0.0	0	0.00	0	0.0	0.00	0.0	0.000	0.137	26.9	89	24.9	30.8	19.91	1.1340	0.00	592	8	100.0	30
23-04-20	2:00 a	24.8	24.9	24.8	95	24.0	0.0	---	0.00	0.0	---	24.8	27.2	27.2	26.6	1007.5	0.00	0.0	0	0.00	0	0.0	0.00	0.0	0.000	0.135	26.8	89	24.8	30.6	19.93	1.1344	0.00	599	8	100.0	30
23-04-20	2:30 a	24.8	24.8	24.8	95	24.0	0.0	---	0.00	0.0	---	24.8	27.2	27.2	26.6	1007.6	0.00	0.0	0	0.00	0	0.0	0.00	0.0	0.000	0.135	26.7	89	24.8	30.4	19.94	1.1349	0.00	598	8	100.0	30
23-04-20	3:00 a	24.8	24.9	24.7	95	23.9	0.0	---	0.00	0.0	---	24.8	27.2	27.2	26.6	1007.6	0.00	0.0	0	0.00	0	0.0	0.00	0.0	0.000	0.134	26.7	89	24.7	30.3	19.95	1.1353	0.00	599	8	100.0	30
23-04-20	3:30 a	24.8	24.9	24.7	95	23.9	0.0	---	0.00	0.0	---	24.8	27.2	27.2	26.6	1008.0	0.00	0.0	0	0.00	0	0.0	0.00	0.0	0.000	0.134	26.6	90	24.8	30.3	20.45	1.1357	0.00	600	8	100.0	30
23-04-20	4:00 a	24.7	24.9	24.7	95	23.9	0.0	---	0.00	0.0	---	24.7	27.1	27.1	26.4	1008.2	0.00	0.0	0	0.00	0	0.0	0.00	0.0	0.000	0.133	26.6	90	24.8	30.2	20.45	1.1363	0.00	596	8	100.0	30
23-04-20	4:30 a	24.9	24.9	24.7	95	24.1	0.0	---	0.00	0.0	---	24.9	27.4	27.4	26.8	1008.7	0.00	0.0	0	0.00	0	0.0	0.00	0.0	0.000	0.138	26.6	90	24.8	30.2	20.45	1.1368	0.00	599	8	100.0	30
23-04-20	5:00 a	25.2	25.2	24.9	95	24.4	0.0	---	0.00	0.0	---	25.2	27.9	27.9	27.4	1008.9	0.00	0.0	10	0.43	23	0.0	0.00	0.0	0.000	0.144	26.7	91	25.1	30.7	21.04	1.1356	0.00	600	8	100.0	30
23-04-20	5:30 a	25.6	25.6	25.2	95	24.7	0.0	---	0.00	0.0	---	25.6	28.6	28.6	28.4	1009.1	0.00	0.0	38	1.63	60	0.0	0.00	0.0	0.000	0.150	26.9	91	25.3	31.3	21.01	1.1345	0.00	598	8	100.0	30
23-04-20	6:00 a	25.9	26.2	25.6	95	25.0	0.0	---	0.00	0.0	---	25.9	29.3	29.3	29.6	1009.3	0.00	0.0	62	2.67	72	0.0	0.00	0.5	0.000	0.157	27.3	91	25.7	32.1	20.96	1.1328	0.03	600	8	100.0	30
23-04-20	6:30 a	26.8	26.8	25.9	95	26.0	0.0	---	0.00	0.0	---	26.8	31.6	31.6	34.3	1010.0	0.00	0.0	124	5.33	178	0.7	0.15	1.0	0.000	0.177	27.7	91	26.1	33.3	20.91	1.1312	0.00	597	8	100.0	30
23-04-20	7:00 a	27.4	27.4	26.7	95	26.6	0.0	E	0.00	0.9	E	27.4	33.3	33.3	36.7	1010.4	0.00	0.0	173	7.44	204	1.4	0.30	1.8	0.000	0.190	28.3	90	26.5	34.7	20.22	1.1285	0.10	598	8	100.0	30
23-04-20	7:30 a	28.2	28.3	27.4	91	26.6	0.0	NE	0.00	1.3	NNE	28.2	34.8	34.8	38.6	1010.7	0.00	0.0	225	9.68	341	2.2	0.47	3.2	0.000	0.206	28.8	89	26.8	36.3	19.56	1.1258	0.00	596	8	100.0	30
23-04-20	8:00 a	29.5	29.6	28.2	84	26.5	0.4	NE	0.80	3.1	ESE	29.5	36.8	36.8	42.7	1010.7	0.00	0.0	424	18.23	754	3.6	0.77	4.9	0.000	0.233	29.4	88	27.2	37.6	18.86	1.1230	0.23	597	8	100.0	30
23-04-20	8:30 a	31.4	31.4	29.6	79	27.4	0.9	SE	1.61	4.0	SE	31.4	41.4	41.4	48.2	1010.8	0.00	0.0	697	29.97	761	5.6	1.20	6.6	0.000	0.273	30.2	86	27.6	39.6	17.97	1.1193	0.00	597	8	100.0	30
23-04-20	9:00 a	29.6	31.8	29.6	84	26.6	0.9	ESE	1.61	2.7	SSE	29.6	36.9	36.9	42.8	1010.8	0.00	0.0	506	21.76	823	5.6	1.20	7.4	0.000	0.234	30.7	82	27.2	39.9	16.46	1.1182	0.41	595	8	100.0	30
23-04-20	9:30 a	32.1	32.1	29.2	77	27.5	0.9	E	1.61	3.6	ESE	32.1	43.2	43.2	50.3	1010.6	0.00	0.0	730	31.39	983	7.7	1.65	9.5	0.000	0.286	30.9	83	27.7	40.9	16.75	1.1161	0.00	599	8	100.0	30
23-04-20	10:00 a	31.8	32.4	31.4	78	27.5	0.9	SSW	1.61	3.6	SSE	31.8	42.7	42.7	49.7	1010.5	0.00	0.0	891	38.32	1030	9.3	1.99	10.6	0.000	0.281	31.4	81	27.7	42.1	16.01	1.1140	0.53	596	8	100.0	30
23-04-20	10:30 a	32.6	33.1	31.8	75	27.6	1.3	SE	2.41	4.9	SSE	32.6	44.6	44.6	51.2	1010.0	0.00	0.0	954	41.03	1027	10.7	2.29	11.4	0.000	0.297	31.9	80	28.0	43.8	15.57	1.1109	0.00	597	8	100.0	30
23-04-20	11:00 a	31.9	33.5	31.8	77	27.4	1.3	SSE	2.41	4.5	S	31.9	42.8	42.8	49.5	1010.2	0.00	0.0	971	41.76	1002	11.0	2.36	11.2	0.000	0.284	32.3	78	27.9	44.6	14.75	1.1099	0.66	595	8	100.0	30
23-04-20	11:30 a	32.6	32.9	31.9	76	27.8	0.9	SSE	1.61	3.1	SE	32.6	44.8	44.8	51.6	1009.7	0.00	0.0	968	41.63	988	10.9	2.34	11.2	0.000	0.296	32.4	78	28.1	45.3	14.75	1.1083	0.00	595	8	100.0	30
23-04-20	12:00 p	32.7	33.6	32.1	75	27.7	0.9	SSE	1.61	3.1	SE	32.7	44.8	44.8	51.8	1009.3	0.00	0.0	938	40.34	997	10.2	2.19	10.8	0.000	0.299	32.6	76	27.8	45.1	14.25	1.1080	0.66	599	8	100.0	30
23-04-20	12:30 p	32.3	33.1	31.9	74	27.0	0.9	SE	1.61	3.6	ESE	32.3	42.8	42.8	50.1	1008.8	0.00	0.0	853	36.68	877	8.9	1.91	9.5	0.000	0.291	32.6	75	27.5	44.3	14.04	1.1083	0.00	600	8	100.0	30
23-04-20	1:00 p	32.2	32.9	32.2	75	27.2	0.9	S	1.61	2.7	S	32.2	43.0	43.0	50.1	1008.7	0.00	0.0	746	32.08	831	7.6	1.63	8.3	0.000	0.289	32.4	74	27.2	43.2	13.74	1.1097	0.56	596	8	100.0	30
23-04-20	1:30 p	32.1	33.1	31.8	77	27.5	0.9	SE	1.61	4.0	SSE	32.1	43.2	43.2	49.9	1008.5	0.00	0.0	634	27.27	682	6.0	1.29	6.8	0.000	0.286	32.1	75	27.1	42.6	14.06	1.1106	0.00	597	8	100.0	30
23-04-20	2:00 p	32.4	32.4	31.6	78	28.1	0.9	SSE	1.61	3.1	S	32.4	45.1	45.1	51.1	1008.5	0.00	0.0	518	22.28	568	4.3	0.92	5.1	0.000	0.293	31.8	78	27.5	42.5	14.81	1.1110	0.41	597	8	100.0	30
23-04-20	2:30 p	31.4	32.4	31.4	79	27.4	0.9	SE	1.61	3.6	SE	31.4	41.4	41.4	46.5	1008.1	0.00	0.0	386	16.60	455	2.8	0.60	3.4	0.000	0.273	31.4	79	27.3	41.2	15.24	1.1123	0.00	599	8	100.0	30
23-04-20	3:00 p	31.0	31.5	30.8	81	27.4	0.4	E	0.80	3.1	ESE	31.0	40.4	40.4	43.9	1008.2	0.00	0.0	230	9.89	253	1.6	0.34	1.9	0.000	0.264	31.1	81	27.4	40.6	16.03	1.1134	0.23	598	8	100.0	30
23-04-20	3:30 p	30.3	30.9	30.3	84	27.3	0.4	SE	0.80	3.1	SE	30.3	39.5	39.5	42.1	1008.0	0.00	0.0	155	6.67	236	0.9	0.19	1.3	0.000	0.250	30.9	83	27.7	41.1	16.74	1.1128	0.00	595	8	100.0	30
23-04-20	4:00 p	29.6	30.3	29.6	84	26.6	0.4	SSE	0.80	2.2	SSE	29.6	37.1	37.1	38.6	1008.6	0.00	0.0	82	3.53	111	0.2	0.04	0.6	0.000	0.235	30.9	83	27.7	40.9	16.75	1.1139	0.08	597	8	100.0	30
23-04-20	4:30 p	28.7	29.7	28.7	88	26.5	0.0	E	0.00	1.3	E	28.7	35.7	35.7	36.6	1008.4	0.00	0.0	46	1.98	63	0.0	0.00	0.0	0.000	0.216	30.8	82	27.3	40.3	16.45	1.1149	0.00	596	8	100.0	30
23-04-20	5:00 p	28.1	28.7	28.1	89	26.1	0.0	ESE	0.00	0.9	ESE	28.1	34.1	34.1	33.7	1008.9	0.00	0.0	10	0.43	26	0.0	0.00	0.0	0.000	0.204	30.4	83	27.2	39.6	16.78	1.1169	0.03	596	8	100.0	30
23-04-20	5:30 p	27.5	28.1	27.5	90	25.7	0.0	ESE	0.00	0.4	ESE	27.5	32.6	32.6	32.0	1009.0	0.00	0.0	0	0.00	0	0.0	0.00	0.0	0.000	0.191	30.1	83	26.9	38.3	16.80	1.1191	0.00	597	8	100.0	30
23-04-20	6:00 p	27.1	27.5	27.1	91	25.5	0.0	ESE	0.00	0.9	ESE	27.1	31.6	31.6	30.9	1009.3	0.00	0.0	0	0.00	0	0.0	0.00	0.0	0.000	0.182	29.7	84	26.7	37.3	17.23	1.1216	0.00	599	8	100.0	30
23-04-20	6:30 p	26.8	27.1	26.7	92	25.4	0.0	---	0.00	0.0	---	26.8	31.0	31.0	30.4	1009.7	0.00	0.0	0	0.00	0	0.0	0.00	0.0	0.000	0.176	29.3	84	26.3	36.4	17.26	1.1240	0.00	600	8	100.0	30
23-04-20	7:00 p	26.5	26.8	26.4	93	25.3	0.0	---	0.00	0.0	---	26.5	30.5	30.5	29.9	1009.9	0.00	0.0	0	0.00	0	0.0	0.00	0.0	0.000	0.170	29.1	85	26.3	36.0	17.69	1.1255	0.00	598	8	100.0	30
23-04-20	7:30 p	26.3	26.5	26.3	93	25.1	0.0	---	0.00	0.0	---	26.3	30.1	30.1	29.5	1010.1	0.00	0.0	0	0.00	0	0.0	0.00	0.0	0.000	0.167	28.7	86	26.1	35.3	18.13	1.1272	0.00	600	8	100.0	30
23-04-20	8:00 p	26.4	26.6	26.3	94	25.4	0.0	ESE	0.00	0.4	ESE	26.4	30.5	30.5	29.9	1010.6	0.00	0.0	0	0.00	0	0.0	0.00	0.0	0.000	0.169	28.6	87	26.2	35.0	18.55	1.1283	0.00	600	8	100.0	30
23-04-20	8:30 p	26.5	26.6	26.4	93	25.3	0.0	ESE	0.00	0.9	ESE	26.5	30.5	30.5	29.9	1010.9	0.00	0.0	0	0.00	0	0.0	0.00	0.0	0.000	0.170	28.7	87	26.3	35.3	18.53	1.1280	0.00	599	8	100.0	30
23-04-20	9:00 p	26.2	26.5	26.2	93	24.9	0.0	ESE	0.00	0.9	ESE	26.2	29.8	29.8	29.2	1011.0	0.00	0.0	0	0.00	0	0.0	0.00	0.0	0.000	0.163	28.5	86	25.9	34.7	18.15	1.1296	0.00	600	8	100.0	30
23-04-20	9:30 p	25.8	26.2	25.8	92	24.4	0.0	E	0.00	0.9	E	25.8	28.9	28.9	28.3	1011.1	0.00	0.0	0	0.00	0	0.0	0.00	0.0	0.000	0.156	27.9	86	25.3	32.9	18.22	1.1333	0.00	598	8	100.0	30
23-04-20	10:00 p	25.6	25.8	25.6	92	24.2	0.0	E	0.00	0.4	E	25.6	28.5	28.5	27.8	1010.8	0.00	0.0	0	0.00	0	0.0	0.00	0.0	0.000	0.152	27.5	87	25.1	32.1	18.66	1.1349	0.00	600	8	100.0	30
23-04-20	10:30 p	25.3	25.6	25.3	93	24.1	0.0	E	0.00	0.4	E	25.3	27.9	27.9	27.2	1010.9	0.00	0.0	0	0.00	0	0.0	0.00	0.0	0.000	0.145	27.2	88	25.1	31.4	19.25	1.1363	0.00	599	8	100.0	30
23-04-20	11:00 p	25.4	25.4	25.3	93	24.2	0.0	E	0.00	0.9	E	25.4	28.1	28.1	27.4	1010.8	0.00	0.0	0	0.00	0	0.0	0.00	0.0	0.000	0.147	27.2	88	25.0	31.3	19.26	1.1365	0.00	599	8	100.0	30
23-04-20	11:30 p	25.4	25.5	25.3	93	24.2	0.0	---	0.00	0.0	---	25.4	28.1	28.1	27.4	1010.0	0.00	0.0	0	0.00	0	0.0	0.00	0.0	0.000	0.147	26.9	89	25.0	30.9	19.90	1.1365	0.00	599	8	100.0	30
23-04-21	12:00 a	25.3	25.4	25.3	94	24.3	0.0	E	0.00	0.4	E	25.3	28.1	28.1	27.4	1009.9	0.00	0.0	0	0.00	0	0.0	0.00	0.0	0.000	0.146	26.8	89	24.9	30.7	19.92	1.1370	0.00	597	8	100.0	30
23-04-21	12:30 a	25.3	25.4	25.3	94	24.2	0.0	E	0.00	0.4	E	25.3	27.9	27.9	27.3	1009.5	0.00	0.0	0	0.00	0	0.0	0.00	0.0	0.000	0.145	26.8	90	25.0	30.7	20.43	1.1364	0.00	599	8	100.0	30
23-04-21	1:00 a	25.2	25.3	25.2	94	24.2	0.0	---	0.00	0.0	---	25.2	27.9	27.9	27.2	1009.3	0.00	0.0	0	0.00	0	0.0	0.00	0.0	0.000	0.144	26.7	90	24.9	30.4	20.45	1.1369	0.00	600	8	100.0	30
23-04-21	1:30 a	25.1	25.2	25.1	94	24.1	0.0	---	0.00	0.0	---	25.1	27.7	27.7	27.0	1009.0	0.00	0.0	0	0.00	0	0.0	0.00	0.0	0.000	0.141	26.4	90	24.7	30.0	20.45	1.1379	0.00	598	8	100.0	30
23-04-21	2:00 a	25.4	25.4	25.0	94	24.4	0.0	E	0.00	0.9	E	25.4	28.3	28.3	27.6	1009.1	0.00	0.0	0	0.00	0	0.0	0.00	0.0	0.000	0.148	26.5	91	24.9	30.2	21.04	1.1372	0.00	600	8	100.0	30
23-04-21	2:30 a	25.4	25.4	25.3	94	24.4	0.0	E	0.00	0.4	E	25.4	28.2	28.2	27.5	1008.8	0.25	0.0	0	0.00	0	0.0	0.00	0.0	0.000	0.147	26.6	91	25.0	30.4	21.05	1.1362	0.00	599	8	100.0	30
23-04-21	3:00 a	25.2	25.4	25.2	95	24.4	0.0	E	0.00	0.9	E	25.2	27.9	27.9	27.3	1008.6	0.25	0.0	0	0.00	0	0.0	0.00	0.0	0.000	0.144	26.6	91	25.0	30.4	21.05	1.1360	0.00	599	8	100.0	30
23-04-21	3:30 a	25.2	25.2	25.1	95	24.3	0.0	E	0.00	0.4	E	25.2	27.8	27.8	27.2	1008.8	0.00	0.0	0	0.00	0	0.0	0.00	0.0	0.000	0.142	26.5	91	24.9	30.2	21.04	1.1369	0.00	596	8	100.0	30
23-04-21	4:00 a	25.2	25.3	25.2	95	24.4	0.0	---	0.00	0.0	---	25.2	27.9	27.9	27.3	1009.1	0.00	0.0	0	0.00	0	0.0	0.00	0.0	0.000	0.144	26.4	92	25.0	30.2	21.14	1.1371	0.00	596	8	100.0	30
23-04-21	4:30 a	25.3	25.3	25.2	95	24.4	0.0	---	0.00	0.0	---	25.3	28.0	28.0	27.3	1008.9	0.00	0.0	0	0.00	0	0.0	0.00	0.0	0.000	0.145	26.4	92	25.0	30.1	21.14	1.1372	0.00	597	8	100.0	30
23-04-21	5:00 a	25.2	25.4	25.2	95	24.4	0.0	---	0.00	0.0	---	25.2	27.9	27.9	27.4	1008.7	0.00	0.0	6	0.26	16	0.0	0.00	0.0	0.000	0.144	26.3	92	24.9	30.0	21.14	1.1373	0.00	595	8	100.0	30
23-04-21	5:30 a	25.4	25.4	25.1	95	24.6	0.0	---	0.00	0.0	---	25.4	28.3	28.3	28.1	1009.2	0.00	0.0	26	1.12	47	0.0	0.00	0.0	0.000	0.148	26.3	92	24.9	30.0	21.14	1.1380	0.00	598	8	100.0	30
23-04-21	6:00 a	25.7	25.7	25.4	95	24.9	0.0	---	0.00	0.0	---	25.7	28.9	28.9	29.2	1009.7	0.00	0.0	66	2.84	84	0.0	0.00	0.0	0.000	0.154	26.5	93	25.3	30.5	21.24	1.1371	0.03	595	8	100.0	30
23-04-21	6:30 a	25.9	26.0	25.7	95	25.1	0.0	---	0.00	0.0	---	25.9	29.5	29.5	31.4	1010.2	0.00	0.0	92	3.96	98	0.5	0.11	0.6	0.000	0.159	26.8	93	25.6	31.2	21.25	1.1360	0.00	596	8	100.0	30
23-04-21	7:00 a	26.2	26.3	25.9	95	25.3	0.0	---	0.00	0.0	---	26.2	30.0	30.0	31.6	1010.7	0.00	0.0	89	3.83	97	0.6	0.13	0.7	0.000	0.163	27.2	93	25.9	32.1	21.27	1.1343	0.05	598	8	100.0	30
23-04-21	7:30 a	26.6	26.6	26.2	95	25.7	0.0	E	0.00	0.4	E	26.6	30.9	30.9	32.7	1010.9	0.00	0.0	115	4.95	135	1.0	0.21	1.2	0.000	0.171	27.4	93	26.2	32.9	21.28	1.1328	0.00	598	8	100.0	30
23-04-21	8:00 a	27.0	27.1	26.6	95	26.1	0.0	---	0.00	0.0	---	27.0	32.1	32.1	34.1	1011.1	0.00	0.0	142	6.11	165	1.4	0.30	1.7	0.000	0.181	27.7	93	26.5	33.8	21.29	1.1314	0.08	598	8	100.0	30
23-04-21	8:30 a	27.8	27.8	27.1	95	26.9	0.0	---	0.00	0.0	---	27.8	34.4	34.4	37.8	1011.1	0.00	0.0	251	10.79	302	2.6	0.56	3.1	0.000	0.197	27.9	93	26.7	34.5	21.30	1.1300	0.00	599	8	100.0	30
23-04-21	9:00 a	27.7	27.8	27.6	94	26.6	0.0	---	0.00	0.0	---	27.7	33.8	33.8	35.9	1010.9	0.00	0.0	173	7.44	209	2.1	0.45	2.5	0.000	0.194	28.1	93	26.8	34.8	21.30	1.1291	0.13	599	8	100.0	30
23-04-21	9:30 a	27.9	28.1	27.5	94	26.9	0.0	---	0.00	0.0	---	27.9	34.7	34.7	37.3	1011.2	0.00	0.0	218	9.38	264	2.8	0.60	3.4	0.000	0.200	28.2	92	26.8	35.1	21.21	1.1288	0.00	599	8	100.0	30
23-04-21	10:00 a	27.8	28.0	27.6	91	26.2	0.0	SSW	0.00	0.9	S	27.8	33.6	33.6	35.3	1011.1	0.00	0.0	156	6.71	209	2.1	0.45	2.8	0.000	0.197	28.3	92	26.9	35.3	21.21	1.1284	0.13	600	8	100.0	30
23-04-21	10:30 a	28.7	28.7	27.8	86	26.1	0.4	ESE	0.80	2.7	S	28.7	35.3	35.3	38.7	1010.7	0.00	0.0	280	12.04	482	3.9	0.84	6.2	0.000	0.216	28.4	91	26.8	35.5	20.79	1.1273	0.00	598	8	100.0	30
23-04-21	11:00 a	28.7	29.2	28.6	88	26.5	0.4	ESE	0.80	2.2	SE	28.7	35.6	35.6	38.8	1010.5	0.00	0.0	258	11.10	494	3.8	0.81	7.5	0.000	0.215	28.8	90	27.0	36.3	20.15	1.1255	0.18	597	8	100.0	30
23-04-21	11:30 a	27.7	28.6	27.6	93	26.5	0.4	NE	0.80	2.2	ENE	27.7	33.8	33.8	36.2	1009.9	1.78	32.0	197	8.47	278	2.9	0.62	3.9	0.000	0.196	28.6	91	27.0	36.1	20.77	1.1254	0.00	597	8	100.0	30
23-04-21	12:00 p	28.0	28.2	27.7	94	26.9	0.0	NE	0.00	0.4	NE	28.0	34.9	34.9	36.9	1009.6	0.00	0.0	174	7.48	216	2.4	0.51	3.1	0.000	0.201	28.4	92	27.0	35.8	21.21	1.1256	0.13	599	8	100.0	30
23-04-21	12:30 p	28.3	28.4	27.5	90	26.5	0.4	SE	0.80	0.9	NE	28.3	34.7	34.7	37.9	1009.0	0.00	0.0	260	11.18	353	3.3	0.71	4.1	0.000	0.207	28.4	93	27.2	36.1	21.31	1.1245	0.00	597	8	100.0	30
23-04-21	1:00 p	29.1	29.1	28.3	91	27.4	0.0	ESE	0.00	0.9	ESE	29.1	37.4	37.4	41.5	1008.4	0.00	0.0	337	14.49	355	3.8	0.81	4.1	0.000	0.223	28.7	93	27.5	36.9	21.32	1.1221	0.20	597	8	100.0	30
23-04-21	1:30 p	28.5	29.0	28.4	90	26.7	0.4	ESE	0.80	2.7	ESE	28.5	35.4	35.4	38.3	1008.1	0.00	0.0	229	9.85	322	2.5	0.54	3.4	0.000	0.212	28.8	92	27.3	36.9	21.23	1.1218	0.00	596	8	100.0	30
23-04-21	2:00 p	28.3	28.7	27.9	92	26.9	0.4	SE	0.80	2.7	SSE	28.3	35.3	35.3	37.1	1007.8	0.25	0.0	154	6.62	239	1.5	0.32	2.2	0.000	0.207	28.7	92	27.3	36.7	21.22	1.1218	0.13	597	8	100.0	30
23-04-21	2:30 p	28.3	28.9	28.2	91	26.7	0.4	ESE	0.80	2.2	N	28.3	35.2	35.2	38.3	1007.6	0.00	0.0	228	9.81	308	1.9	0.41	2.3	0.000	0.208	28.7	92	27.3	36.7	21.22	1.1216	0.00	599	8	100.0	30
23-04-21	3:00 p	27.4	28.3	27.4	93	26.2	0.4	ENE	0.80	1.3	ENE	27.4	32.8	32.8	33.4	1007.5	2.79	23.9	59	2.54	116	0.3	0.06	0.7	0.000	0.189	28.6	92	27.2	36.3	21.22	1.1222	0.10	599	8	100.0	30
23-04-21	3:30 p	27.4	27.6	27.3	94	26.3	0.0	ENE	0.00	0.9	NE	27.4	32.9	32.9	33.8	1007.4	0.00	0.0	63	2.71	127	0.2	0.04	0.8	0.000	0.189	28.4	92	27.0	35.8	21.21	1.1230	0.00	597	8	100.0	30
23-04-21	4:00 p	26.8	27.6	26.8	94	25.8	0.4	NE	0.80	2.2	NNE	26.8	31.4	31.4	31.4	1007.8	7.87	36.6	17	0.73	26	0.0	0.00	0.0	0.000	0.177	28.1	92	26.7	34.8	21.20	1.1256	0.03	594	8	100.0	30
23-04-21	4:30 p	26.8	26.9	26.7	94	25.7	0.4	NNE	0.80	3.6	E	26.8	31.3	31.3	31.1	1008.0	3.05	19.6	6	0.26	16	0.0	0.00	0.0	0.000	0.176	27.8	92	26.4	33.9	21.19	1.1275	0.00	597	8	100.0	30
23-04-21	5:00 p	26.8	26.9	26.8	94	25.7	0.4	NE	0.80	2.2	S	26.8	31.3	31.3	30.8	1008.2	0.25	1.5	1	0.04	7	0.0	0.00	0.0	0.000	0.176	27.7	92	26.3	33.6	21.19	1.1284	0.00	597	8	100.0	30
23-04-21	5:30 p	26.7	26.8	26.7	94	25.6	0.4	NE	0.80	1.3	NE	26.7	31.0	31.0	30.5	1008.6	0.00	0.0	0	0.00	0	0.0	0.00	0.0	0.000	0.174	27.6	93	26.3	33.3	21.28	1.1295	0.00	599	8	100.0	30
23-04-21	6:00 p	26.6	26.7	26.6	94	25.6	0.4	E	0.80	1.3	NNE	26.6	30.9	30.9	30.4	1009.0	0.51	11.7	0	0.00	0	0.0	0.00	0.0	0.000	0.172	27.5	93	26.3	33.1	21.28	1.1303	0.00	597	8	100.0	30
23-04-21	6:30 p	26.6	26.6	26.5	95	25.7	0.4	NE	0.80	2.7	E	26.6	30.9	30.9	30.4	1008.8	3.81	25.7	0	0.00	0	0.0	0.00	0.0	0.000	0.171	27.4	93	26.2	32.8	21.28	1.1307	0.00	595	8	100.0	30
23-04-21	7:00 p	26.3	26.6	26.3	95	25.5	0.0	NE	0.00	1.3	NE	26.3	30.4	30.4	29.8	1008.9	1.02	13.0	0	0.00	0	0.0	0.00	0.0	0.000	0.167	27.3	93	26.1	32.6	21.27	1.1311	0.00	597	8	100.0	30
23-04-21	7:30 p	26.3	26.4	26.3	95	25.4	0.0	ENE	0.00	1.3	ENE	26.3	30.3	30.3	29.7	1008.9	0.76	16.0	0	0.00	0	0.0	0.00	0.0	0.000	0.166	27.2	93	26.0	32.3	21.27	1.1318	0.00	600	8	100.0	30
23-04-21	8:00 p	26.1	26.3	26.1	95	25.2	0.0	ENE	0.00	0.4	ENE	26.1	29.9	29.9	29.3	1009.1	0.00	0.0	0	0.00	0	0.0	0.00	0.0	0.000	0.162	27.2	93	25.9	32.1	21.27	1.1324	0.00	600	8	100.0	30
23-04-21	8:30 p	26.1	26.2	25.9	95	25.2	0.0	---	0.00	0.0	---	26.1	29.8	29.8	29.2	1009.3	0.00	0.0	0	0.00	0	0.0	0.00	0.0	0.000	0.161	27.0	93	25.8	31.7	21.26	1.1336	0.00	599	8	100.0	30
23-04-21	9:00 p	25.9	26.0	25.8	95	25.1	0.0	ENE	0.00	0.4	ENE	25.9	29.5	29.5	28.9	1009.6	0.00	0.0	0	0.00	0	0.0	0.00	0.0	0.000	0.159	26.9	93	25.7	31.6	21.26	1.1343	0.00	600	8	100.0	30
23-04-21	9:30 p	26.0	26.1	25.9	95	25.1	0.0	ENE	0.00	0.9	ENE	26.0	29.6	29.6	29.1	1009.3	0.00	0.0	0	0.00	0	0.0	0.00	0.0	0.000	0.160	27.3	92	25.9	32.4	21.17	1.1320	0.00	597	8	100.0	30
23-04-21	10:00 p	25.9	26.1	25.8	95	25.1	0.0	ENE	0.00	0.4	ENE	25.9	29.5	29.5	28.9	1009.1	0.00	0.0	0	0.00	0	0.0	0.00	0.0	0.000	0.159	27.4	92	26.0	32.6	21.18	1.1315	0.00	596	8	100.0	30
23-04-21	10:30 p	25.9	25.9	25.8	95	25.0	0.0	ENE	0.00	0.4	ENE	25.9	29.3	29.3	28.8	1009.3	0.00	0.0	0	0.00	0	0.0	0.00	0.0	0.000	0.157	27.3	92	25.9	32.4	21.17	1.1320	0.00	596	8	100.0	30
23-04-21	11:00 p	25.7	25.9	25.7	95	24.9	0.0	ENE	0.00	0.4	ENE	25.7	28.9	28.9	28.4	1009.1	0.00	0.0	0	0.00	0	0.0	0.00	0.0	0.000	0.154	27.3	92	25.9	32.4	21.17	1.1318	0.00	599	8	100.0	30
23-04-21	11:30 p	25.7	25.7	25.6	95	24.8	0.0	ENE	0.00	0.4	ENE	25.7	28.8	28.8	28.3	1009.3	0.00	0.0	0	0.00	0	0.0	0.00	0.0	0.000	0.153	27.2	92	25.8	32.0	21.17	1.1330	0.00	598	8	100.0	30
23-04-22	12:00 a	25.8	25.8	25.7	95	24.9	0.0	ENE	0.00	0.4	ENE	25.8	29.1	29.1	28.6	1008.8	0.00	0.0	0	0.00	0	0.0	0.00	0.0	0.000	0.155	27.2	92	25.8	32.1	21.17	1.1321	0.00	599	8	100.0	30
23-04-22	12:30 a	25.8	25.8	25.7	95	25.0	0.0	ENE	0.00	0.4	ENE	25.8	29.2	29.2	28.7	1008.5	0.00	0.0	0	0.00	0	0.0	0.00	0.0	0.000	0.156	27.2	92	25.8	32.1	21.17	1.1318	0.00	598	8	100.0	30
23-04-22	1:00 a	25.7	25.8	25.7	95	24.8	0.0	ENE	0.00	0.4	ENE	25.7	28.8	28.8	28.3	1008.4	0.00	0.0	0	0.00	0	0.0	0.00	0.0	0.000	0.153	27.2	92	25.8	32.1	21.17	1.1317	0.00	598	8	100.0	30
23-04-22	1:30 a	25.4	25.7	25.4	95	24.6	0.0	---	0.00	0.0	---	25.4	28.3	28.3	27.8	1008.0	0.00	0.0	0	0.00	0	0.0	0.00	0.0	0.000	0.148	27.2	91	25.6	31.8	20.98	1.1320	0.00	598	8	100.0	30
23-04-22	2:00 a	25.2	25.6	25.2	95	24.4	0.0	E	0.00	0.4	E	25.2	27.9	27.9	27.3	1008.0	0.00	0.0	0	0.00	0	0.0	0.00	0.0	0.000	0.144	27.1	91	25.5	31.6	20.99	1.1326	0.00	600	8	100.0	30
23-04-22	2:30 a	25.2	25.3	25.2	95	24.3	0.0	---	0.00	0.0	---	25.2	27.8	27.8	27.2	1007.8	0.00	0.0	0	0.00	0	0.0	0.00	0.0	0.000	0.142	26.9	91	25.3	31.3	21.01	1.1331	0.00	597	8	100.0	30
23-04-22	3:00 a	25.1	25.2	25.0	95	24.2	0.0	E	0.00	0.4	E	25.1	27.6	27.6	27.0	1007.7	0.00	0.0	0	0.00	0	0.0	0.00	0.0	0.000	0.140	26.8	91	25.2	31.0	21.03	1.1336	0.00	599	8	100.0	30
23-04-22	3:30 a	24.9	25.1	24.8	95	24.0	0.0	---	0.00	0.0	---	24.9	27.3	27.3	26.7	1007.7	0.00	0.0	0	0.00	0	0.0	0.00	0.0	0.000	0.137	26.4	91	24.8	30.0	21.04	1.1362	0.00	600	8	100.0	30
23-04-22	4:00 a	24.8	24.9	24.7	95	23.9	0.0	---	0.00	0.0	---	24.8	27.2	27.2	26.6	1008.0	0.00	0.0	0	0.00	0	0.0	0.00	0.0	0.000	0.134	25.9	92	24.5	29.2	21.12	1.1389	0.00	600	8	100.0	30
23-04-22	4:30 a	24.7	24.8	24.6	95	23.8	0.0	---	0.00	0.0	---	24.7	27.0	27.0	26.4	1008.2	0.00	0.0	0	0.00	0	0.0	0.00	0.0	0.000	0.132	25.7	93	24.5	28.8	21.22	1.1399	0.00	596	8	100.0	30
23-04-22	5:00 a	24.7	24.7	24.6	96	24.0	0.0	---	0.00	0.0	---	24.7	27.1	27.1	26.6	1008.5	0.25	0.0	6	0.26	14	0.0	0.00	0.0	0.000	0.133	25.6	93	24.4	28.6	21.21	1.1410	0.00	599	8	100.0	30
23-04-22	5:30 a	25.0	25.0	24.7	95	24.1	0.0	---	0.00	0.0	---	25.0	27.5	27.5	27.2	1008.6	0.00	0.0	25	1.08	42	0.0	0.00	0.0	0.000	0.139	25.7	94	24.7	28.9	21.35	1.1401	0.00	599	8	100.0	30
23-04-22	6:00 a	25.5	25.5	25.0	95	24.6	0.0	---	0.00	0.0	---	25.5	28.4	28.4	28.7	1008.8	0.00	0.0	60	2.58	97	0.1	0.02	0.6	0.000	0.149	26.1	95	25.2	29.9	21.65	1.1376	0.03	600	8	100.0	30
23-04-22	6:30 a	26.0	26.1	25.5	96	25.3	0.0	E	0.00	1.3	ENE	26.0	29.7	29.7	30.8	1008.9	0.00	0.0	58	2.49	70	0.7	0.15	1.1	0.000	0.160	26.8	95	25.9	31.4	21.65	1.1337	0.00	598	8	100.0	30
23-04-22	7:00 a	26.8	26.8	26.0	96	26.1	0.4	NE	0.80	1.3	ENE	26.8	31.6	31.6	33.3	1009.3	0.00	0.0	93	4.00	128	1.5	0.32	1.8	0.000	0.176	27.6	95	26.7	33.7	21.65	1.1294	0.05	596	8	100.0	30
23-04-22	7:30 a	27.3	27.4	26.6	96	26.6	0.0	NNE	0.00	0.9	NNE	27.3	33.2	33.2	39.5	1009.7	0.00	0.0	437	18.79	587	2.8	0.60	3.2	0.000	0.187	28.4	90	26.6	35.2	20.19	1.1266	0.00	598	8	100.0	30
23-04-22	8:00 a	27.2	27.6	27.0	94	26.2	0.4	SW	0.80	3.1	SSE	27.2	32.4	32.4	35.7	1010.2	0.00	0.0	222	9.55	255	2.4	0.51	2.6	0.000	0.185	28.7	90	26.9	35.9	20.16	1.1258	0.20	597	8	100.0	30
23-04-22	8:30 a	27.2	27.4	26.9	92	25.8	0.4	SE	0.80	2.2	SSE	27.2	32.0	32.0	34.2	1010.0	0.00	0.0	168	7.22	202	2.1	0.45	2.5	0.000	0.184	28.2	87	25.8	33.9	18.59	1.1300	0.00	596	8	100.0	30
23-04-22	9:00 a	27.1	27.2	26.8	93	25.8	0.4	WSW	0.80	2.2	WSW	27.1	31.8	31.8	33.3	1010.1	0.00	0.0	135	5.81	174	1.8	0.39	2.2	0.000	0.182	27.9	89	26.0	33.7	19.72	1.1305	0.10	600	8	100.0	30
23-04-22	9:30 a	27.3	27.4	26.8	92	25.9	0.0	WSW	0.00	1.3	WSW	27.3	32.4	32.4	34.3	1010.0	0.00	0.0	166	7.14	185	2.1	0.45	2.4	0.000	0.187	27.9	89	25.9	33.5	19.73	1.1308	0.00	599	8	100.0	30
23-04-22	10:00 a	27.2	27.4	27.0	92	25.8	0.0	WNW	0.00	1.3	NNW	27.2	32.1	32.1	34.3	1010.1	0.00	0.0	193	8.30	207	2.5	0.54	2.8	0.000	0.185	27.9	89	25.9	33.5	19.73	1.1309	0.13	597	8	100.0	30
23-04-22	10:30 a	27.9	28.0	27.0	90	26.2	0.4	SSW	0.80	1.8	SSW	27.9	33.8	33.8	37.1	1009.7	0.00	0.0	264	11.35	329	3.6	0.77	4.7	0.000	0.200	27.9	88	25.7	33.3	19.13	1.1309	0.00	598	8	100.0	30
23-04-22	11:00 a	29.2	29.2	27.8	86	26.6	0.4	SSW	0.80	3.1	SSE	29.2	36.5	36.5	42.6	1009.4	0.00	0.0	547	23.52	810	6.7	1.44	9.3	0.000	0.226	28.4	87	26.1	34.7	18.56	1.1276	0.25	597	8	100.0	30
23-04-22	11:30 a	29.1	29.3	28.8	80	25.3	0.4	WSW	0.80	1.8	SW	29.1	35.1	35.1	41.4	1009.4	0.00	0.0	587	25.24	780	7.5	1.61	9.3	0.000	0.223	29.1	85	26.3	36.0	17.69	1.1249	0.00	600	8	100.0	30
23-04-22	12:00 p	30.2	30.2	28.9	77	25.7	0.4	S	0.80	2.7	W	30.2	37.0	37.0	43.2	1009.1	0.00	0.0	566	24.34	835	7.0	1.50	8.7	0.000	0.247	29.2	83	26.0	35.8	16.87	1.1248	0.38	598	8	100.0	30
23-04-22	12:30 p	30.4	30.7	30.2	79	26.4	0.4	SW	0.80	2.2	SW	30.4	38.3	38.3	45.6	1008.1	0.00	0.0	783	33.67	925	8.3	1.78	9.2	0.000	0.252	29.6	82	26.2	36.5	16.54	1.1218	0.00	599	8	100.0	30
23-04-22	1:00 p	29.2	30.9	29.1	85	26.4	0.9	SSW	1.61	3.1	SSE	29.2	36.3	36.3	41.0	1007.7	0.00	0.0	407	17.50	824	4.4	0.94	8.3	0.000	0.226	29.7	83	26.5	37.1	16.83	1.1202	0.41	596	8	100.0	30
23-04-22	1:30 p	30.1	30.1	28.9	81	26.5	0.4	S	0.80	2.2	SSE	30.1	37.8	37.8	41.8	1007.6	0.00	0.0	335	14.41	636	3.5	0.75	4.9	0.000	0.245	29.3	84	26.3	36.4	17.26	1.1215	0.00	599	8	100.0	30
23-04-22	2:00 p	28.9	30.2	28.4	86	26.4	0.9	S	1.61	3.6	ESE	28.9	35.9	35.9	38.7	1007.3	0.00	0.0	219	9.42	334	2.1	0.45	2.7	0.000	0.221	29.1	85	26.3	36.0	17.69	1.1224	0.20	599	8	100.0	30
23-04-22	2:30 p	28.7	29.2	28.4	86	26.1	0.4	SSE	0.80	3.1	SSW	28.7	35.3	35.3	38.4	1007.1	0.00	0.0	232	9.98	348	1.8	0.39	2.4	0.000	0.216	28.9	85	26.1	35.6	17.71	1.1232	0.00	599	8	100.0	30
23-04-22	3:00 p	27.9	28.9	27.9	87	25.5	0.9	SSW	1.61	3.1	SW	27.9	33.1	33.1	34.5	1007.5	0.00	0.0	107	4.60	232	0.8	0.17	1.7	0.000	0.199	28.5	85	25.7	34.4	17.75	1.1259	0.13	600	8	100.0	30
23-04-22	3:30 p	27.5	27.9	27.5	87	25.1	0.9	SSW	1.61	4.5	SSE	27.5	32.1	32.1	33.9	1007.9	0.00	0.0	115	4.95	141	0.6	0.13	0.9	0.000	0.191	28.2	87	25.8	33.9	18.59	1.1275	0.00	599	8	100.0	30
23-04-22	4:00 p	27.2	27.6	27.2	87	24.8	0.4	SE	0.80	3.1	W	27.2	31.2	31.2	31.9	1008.4	0.00	0.0	53	2.28	70	0.0	0.00	0.0	0.000	0.184	28.0	86	25.4	33.2	18.21	1.1296	0.05	598	8	100.0	30
23-04-22	4:30 p	26.9	27.2	26.9	88	24.7	0.4	SE	0.80	2.2	SSE	26.9	30.7	30.7	30.8	1008.4	0.00	0.0	21	0.90	30	0.0	0.00	0.0	0.000	0.178	27.8	86	25.2	32.6	18.23	1.1309	0.00	600	8	100.0	30
23-04-22	5:00 p	26.5	26.9	26.4	91	24.9	0.0	S	0.00	1.3	S	26.5	30.2	30.2	29.7	1008.4	0.00	0.0	2	0.09	9	0.0	0.00	0.0	0.000	0.170	27.7	88	25.5	32.7	19.17	1.1307	0.03	600	8	100.0	30
23-04-22	5:30 p	25.9	26.5	25.9	92	24.5	0.0	S	0.00	0.4	S	25.9	29.1	29.1	28.4	1008.3	0.00	0.0	0	0.00	0	0.0	0.00	0.0	0.000	0.157	27.5	88	25.3	32.2	19.20	1.1316	0.00	600	8	100.0	30
23-04-22	6:00 p	25.6	25.9	25.6	93	24.4	0.0	S	0.00	0.4	S	25.6	28.6	28.6	27.9	1008.5	0.00	0.0	0	0.00	0	0.0	0.00	0.0	0.000	0.152	27.3	89	25.3	31.8	19.84	1.1327	0.00	600	8	100.0	30
23-04-22	6:30 p	25.7	25.7	25.6	94	24.7	0.0	S	0.00	0.9	S	25.7	28.9	28.9	28.3	1008.5	1.27	5.1	0	0.00	0	0.0	0.00	0.0	0.000	0.154	27.1	90	25.3	31.4	20.39	1.1336	0.00	599	8	100.0	30
23-04-22	7:00 p	25.3	25.7	25.3	94	24.3	0.0	S	0.00	0.9	S	25.3	28.1	28.1	27.4	1008.6	0.00	0.0	0	0.00	0	0.0	0.00	0.0	0.000	0.146	26.9	90	25.2	31.1	20.41	1.1344	0.00	598	8	100.0	30
23-04-22	7:30 p	25.1	25.3	25.1	94	24.1	0.0	S	0.00	0.4	S	25.1	27.7	27.7	27.1	1008.7	0.25	0.0	0	0.00	0	0.0	0.00	0.0	0.000	0.141	26.8	90	25.1	30.8	20.43	1.1351	0.00	598	8	100.0	30
23-04-22	8:00 p	24.9	25.2	24.9	94	23.9	0.0	S	0.00	0.4	S	24.9	27.4	27.4	26.8	1009.0	0.00	0.0	0	0.00	0	0.0	0.00	0.0	0.000	0.138	26.8	90	25.0	30.7	20.43	1.1358	0.00	586	8	100.0	30
23-04-22	8:30 p	25.0	25.1	24.9	95	24.1	0.0	S	0.00	0.9	S	25.0	27.5	27.5	26.9	1008.9	0.00	0.0	0	0.00	0	0.0	0.00	0.0	0.000	0.139	26.6	90	24.8	30.2	20.45	1.1371	0.00	595	8	100.0	30
23-04-22	9:00 p	24.9	25.1	24.9	95	24.1	0.0	NNW	0.00	1.8	NW	24.9	27.4	27.4	26.8	1008.7	0.00	0.0	0	0.00	0	0.0	0.00	0.0	0.000	0.138	26.4	91	24.9	30.1	21.04	1.1371	0.00	598	8	100.0	30
23-04-22	9:30 p	24.9	25.1	24.9	95	24.1	0.4	N	0.80	0.9	NNE	24.9	27.4	27.4	26.8	1008.4	0.00	0.0	0	0.00	0	0.0	0.00	0.0	0.000	0.138	26.3	91	24.7	29.9	21.04	1.1374	0.00	599	8	100.0	30
23-04-22	10:00 p	24.8	24.9	24.8	95	23.9	0.0	WSW	0.00	0.4	WSW	24.8	27.2	27.2	26.6	1008.6	0.00	0.0	0	0.00	0	0.0	0.00	0.0	0.000	0.134	26.2	92	24.8	29.8	21.13	1.1379	0.00	599	8	100.0	30
23-04-22	10:30 p	24.7	24.8	24.7	95	23.9	0.0	WSW	0.00	0.4	WSW	24.7	27.1	27.1	26.5	1008.4	0.00	0.0	0	0.00	0	0.0	0.00	0.0	0.000	0.133	26.1	92	24.7	29.5	21.13	1.1383	0.00	600	8	100.0	30
23-04-22	11:00 p	24.5	24.8	24.5	95	23.6	0.0	WSW	0.00	0.4	WSW	24.5	26.7	26.7	26.1	1008.3	0.00	0.0	0	0.00	0	0.0	0.00	0.0	0.000	0.128	26.0	92	24.6	29.3	21.13	1.1389	0.00	596	8	100.0	30
23-04-22	11:30 p	24.4	24.6	24.4	95	23.5	0.0	---	0.00	0.0	---	24.4	26.6	26.6	26.0	1008.2	0.00	0.0	0	0.00	0	0.0	0.00	0.0	0.000	0.126	25.8	92	24.4	28.9	21.12	1.1398	0.00	595	8	100.0	30
23-04-23	12:00 a	24.3	24.5	24.3	95	23.5	0.0	---	0.00	0.0	---	24.3	26.5	26.5	25.9	1008.0	0.00	0.0	0	0.00	0	0.0	0.00	0.0	0.000	0.125	25.7	92	24.3	28.7	21.12	1.1401	0.00	596	8	100.0	30
23-04-23	12:30 a	24.3	24.4	24.3	95	23.4	0.0	---	0.00	0.0	---	24.3	26.4	26.4	25.8	1007.9	0.00	0.0	0	0.00	0	0.0	0.00	0.0	0.000	0.124	25.7	92	24.3	28.6	21.11	1.1404	0.00	597	8	100.0	30
23-04-23	1:00 a	24.2	24.3	24.2	95	23.3	0.0	WSW	0.00	0.4	WSW	24.2	26.3	26.3	25.6	1007.6	0.00	0.0	0	0.00	0	0.0	0.00	0.0	0.000	0.122	25.6	92	24.2	28.5	21.11	1.1404	0.00	598	8	100.0	30
23-04-23	1:30 a	24.2	24.3	24.2	95	23.3	0.0	WSW	0.00	0.9	WSW	24.2	26.3	26.3	25.6	1007.6	0.00	0.0	0	0.00	0	0.0	0.00	0.0	0.000	0.122	25.6	92	24.2	28.3	21.11	1.1406	0.00	592	8	100.0	30
23-04-23	2:00 a	24.0	24.2	24.0	95	23.1	0.0	---	0.00	0.0	---	24.0	26.1	26.1	25.4	1007.7	0.00	0.0	0	0.00	0	0.0	0.00	0.0	0.000	0.118	25.4	92	24.0	28.2	21.11	1.1414	0.00	589	8	100.0	30
23-04-23	2:30 a	23.9	24.0	23.8	95	23.1	0.0	---	0.00	0.0	---	23.9	26.0	26.0	25.3	1007.7	0.00	0.0	0	0.00	0	0.0	0.00	0.0	0.000	0.117	25.3	92	23.9	27.8	21.10	1.1424	0.00	591	8	100.0	30
23-04-23	3:00 a	23.8	23.9	23.8	95	22.9	0.0	---	0.00	0.0	---	23.8	25.8	25.8	25.1	1008.1	0.00	0.0	0	0.00	0	0.0	0.00	0.0	0.000	0.113	25.1	92	23.7	27.4	21.09	1.1442	0.00	598	8	100.0	30
23-04-23	3:30 a	23.7	23.8	23.7	95	22.8	0.0	---	0.00	0.0	---	23.7	25.6	25.6	24.9	1008.3	0.00	0.0	0	0.00	0	0.0	0.00	0.0	0.000	0.111	24.9	92	23.6	27.3	21.09	1.1450	0.00	597	8	100.0	30
23-04-23	4:00 a	23.6	23.7	23.6	95	22.8	0.0	---	0.00	0.0	---	23.6	25.4	25.4	24.8	1008.5	0.00	0.0	0	0.00	0	0.0	0.00	0.0	0.000	0.110	24.9	92	23.6	27.3	21.09	1.1453	0.00	596	8	100.0	30
23-04-23	4:30 a	23.6	23.7	23.6	95	22.8	0.0	---	0.00	0.0	---	23.6	25.4	25.4	24.8	1008.5	0.00	0.0	0	0.00	0	0.0	0.00	0.0	0.000	0.110	24.8	92	23.4	27.0	21.08	1.1462	0.00	595	8	100.0	30
23-04-23	5:00 a	23.8	23.8	23.6	95	22.9	0.0	---	0.00	0.0	---	23.8	25.8	25.8	25.2	1008.7	0.00	0.0	10	0.43	26	0.0	0.00	0.0	0.000	0.113	24.8	93	23.6	27.1	21.18	1.1462	0.00	599	8	100.0	30
23-04-23	5:30 a	24.3	24.3	23.8	96	23.6	0.0	---	0.00	0.0	---	24.3	26.5	26.5	26.4	1009.2	0.00	0.0	43	1.85	60	0.0	0.00	0.0	0.000	0.124	25.0	93	23.8	27.4	21.19	1.1454	0.00	598	8	100.0	30
23-04-23	6:00 a	24.9	24.9	24.3	95	24.0	0.0	N	0.00	0.9	N	24.9	27.3	27.3	27.5	1009.4	0.00	0.0	59	2.54	62	0.3	0.06	0.6	0.000	0.137	25.5	94	24.5	28.4	21.35	1.1423	0.03	598	8	100.0	30
23-04-23	6:30 a	25.4	25.5	24.9	96	24.8	0.0	ESE	0.00	0.4	ESE	25.4	28.4	28.4	29.8	1009.7	0.00	0.0	69	2.97	74	0.9	0.19	1.1	0.000	0.148	26.1	95	25.2	29.9	21.65	1.1386	0.00	600	8	100.0	30
23-04-23	7:00 a	26.1	26.2	25.4	96	25.4	0.4	ESE	0.80	1.8	SW	26.1	29.9	29.9	31.9	1010.2	0.00	0.0	112	4.82	225	1.5	0.32	1.9	0.000	0.161	26.8	95	26.0	31.6	21.65	1.1348	0.05	598	8	100.0	30
23-04-23	7:30 a	26.6	26.8	26.1	95	25.7	0.4	SSW	0.80	2.7	W	26.6	30.9	30.9	34.3	1010.8	0.00	0.0	204	8.77	281	2.1	0.45	3.0	0.000	0.171	27.4	91	25.8	32.4	20.95	1.1339	0.00	598	8	100.0	30
23-04-23	8:00 a	27.6	27.6	26.6	94	26.5	0.0	S	0.00	0.9	WSW	27.6	33.5	33.5	37.1	1010.9	0.00	0.0	241	10.36	429	2.1	0.45	2.9	0.000	0.192	27.7	90	25.9	33.2	20.30	1.1324	0.15	599	8	100.0	30
23-04-23	8:30 a	28.2	28.3	27.4	89	26.2	0.4	S	0.80	2.2	SW	28.2	34.2	34.2	38.9	1010.7	0.00	0.0	354	15.22	712	4.0	0.86	6.0	0.000	0.205	28.3	88	26.1	34.4	19.06	1.1297	0.00	597	8	100.0	30
23-04-23	9:00 a	28.7	28.9	28.1	89	26.7	0.4	SW	0.80	2.7	SW	28.7	35.8	35.8	41.7	1010.5	0.00	0.0	515	22.15	844	5.4	1.16	7.5	0.000	0.215	28.7	87	26.3	35.3	18.53	1.1276	0.33	597	8	100.0	30
23-04-23	9:30 a	29.0	29.6	28.4	83	25.8	0.4	W	0.80	3.1	WNW	29.0	35.5	35.5	41.3	1010.6	0.00	0.0	526	22.62	737	6.2	1.33	7.4	0.000	0.222	29.0	84	26.0	35.7	17.28	1.1270	0.00	597	8	100.0	30
23-04-23	10:00 a	30.5	30.5	28.7	80	26.7	0.9	SW	1.61	3.6	WSW	30.5	38.8	38.8	44.9	1010.0	0.00	0.0	572	24.60	991	7.2	1.54	10.7	0.000	0.253	29.1	82	25.7	35.4	16.56	1.1270	0.36	599	8	100.0	30
23-04-23	10:30 a	30.3	31.2	30.1	79	26.3	1.3	SW	2.41	4.5	SW	30.3	37.9	37.9	44.7	1009.9	0.00	0.0	945	40.64	1144	7.8	1.67	11.2	0.000	0.250	29.8	80	26.0	36.6	15.73	1.1235	0.00	600	8	100.0	30
23-04-23	11:00 a	30.7	31.2	30.1	78	26.4	0.9	WSW	1.61	3.1	SW	30.7	38.6	38.6	45.7	1009.6	0.00	0.0	723	31.09	912	8.7	1.86	10.3	0.000	0.257	29.7	81	26.1	36.7	16.13	1.1230	0.53	597	8	100.0	30
23-04-23	11:30 a	30.6	30.8	30.0	81	26.9	0.9	SW	1.61	2.7	W	30.6	39.3	39.3	45.8	1009.2	0.00	0.0	598	25.72	710	8.0	1.71	8.7	0.000	0.255	29.9	81	26.3	37.1	16.12	1.1216	0.00	599	8	100.0	30
23-04-23	12:00 p	30.4	30.8	30.1	79	26.4	0.9	SW	1.61	2.2	WSW	30.4	38.3	38.3	44.2	1008.8	0.00	0.0	526	22.62	756	7.0	1.50	8.9	0.000	0.252	29.9	79	25.8	36.7	15.40	1.1221	0.38	597	8	100.0	30
23-04-23	12:30 p	29.8	30.4	29.4	79	25.8	0.4	SW	0.80	2.7	W	29.8	36.5	36.5	41.1	1008.5	0.00	0.0	385	16.56	424	5.0	1.07	5.4	0.000	0.240	29.7	78	25.5	36.1	15.11	1.1232	0.00	597	8	100.0	30
23-04-23	1:00 p	31.2	31.4	29.6	78	26.9	0.9	SSE	1.61	3.1	WSW	31.2	40.1	40.1	45.6	1008.1	0.00	0.0	494	21.24	1034	6.0	1.29	8.2	0.000	0.269	29.8	80	26.0	36.7	15.72	1.1211	0.30	597	8	100.0	30
23-04-23	1:30 p	31.0	31.8	29.9	78	26.7	0.4	SW	0.80	1.8	WSW	31.0	39.3	39.3	45.2	1007.7	0.00	0.0	525	22.58	940	5.4	1.16	7.0	0.000	0.264	29.9	80	26.1	36.8	15.72	1.1203	0.00	596	8	100.0	30
23-04-23	2:00 p	31.0	31.7	30.3	78	26.7	0.9	SW	1.61	2.7	SW	31.0	39.3	39.3	46.2	1007.6	0.00	0.0	664	28.56	812	4.8	1.03	5.8	0.000	0.264	29.8	81	26.2	36.9	16.12	1.1200	0.41	600	8	100.0	30
23-04-23	2:30 p	30.8	31.3	30.6	79	26.8	0.9	SW	1.61	2.7	WSW	30.8	39.3	39.3	45.9	1007.3	0.00	0.0	569	24.47	705	3.4	0.73	4.3	0.000	0.260	29.6	80	25.8	36.2	15.74	1.1214	0.00	598	8	100.0	30
23-04-23	3:00 p	30.3	30.8	30.3	81	26.7	0.4	SW	0.80	2.7	W	30.3	38.3	38.3	43.3	1007.3	0.00	0.0	347	14.92	483	2.0	0.43	2.6	0.000	0.249	29.4	81	25.8	35.9	16.15	1.1223	0.30	600	8	100.0	30
23-04-23	3:30 p	29.3	30.2	29.3	82	25.9	0.4	SW	0.80	2.2	SW	29.3	36.0	36.0	39.2	1007.3	0.00	0.0	190	8.17	299	1.0	0.21	1.5	0.000	0.229	29.1	80	25.3	35.2	15.77	1.1244	0.00	599	8	100.0	30
23-04-23	4:00 p	27.7	29.3	27.7	86	25.2	0.0	WSW	0.00	1.3	W	27.7	32.5	32.5	33.6	1007.3	0.00	0.0	66	2.84	91	0.2	0.04	0.6	0.000	0.196	28.9	80	25.1	34.8	15.79	1.1254	0.10	598	8	100.0	30
23-04-23	4:30 p	27.1	27.7	27.1	90	25.3	0.0	WSW	0.00	0.4	WSW	27.1	31.5	31.5	31.8	1007.9	0.00	0.0	27	1.16	40	0.0	0.00	0.0	0.000	0.183	28.7	84	25.7	34.9	17.30	1.1256	0.00	598	8	100.0	30
23-04-23	5:00 p	26.5	27.1	26.4	91	24.9	0.0	WSW	0.00	0.4	WSW	26.5	30.2	30.2	29.7	1008.2	0.00	0.0	5	0.22	11	0.0	0.00	0.0	0.000	0.170	28.4	85	25.6	34.1	17.76	1.1275	0.03	598	8	100.0	30
23-04-23	5:30 p	26.2	26.5	26.2	91	24.6	0.0	WSW	0.00	0.4	WSW	26.2	29.6	29.6	29.0	1008.5	0.00	0.0	0	0.00	0	0.0	0.00	0.0	0.000	0.164	28.0	86	25.4	33.2	18.21	1.1297	0.00	599	8	100.0	30
23-04-23	6:00 p	26.1	26.2	26.1	92	24.7	0.0	---	0.00	0.0	---	26.1	29.5	29.5	28.9	1008.4	0.00	0.0	0	0.00	0	0.0	0.00	0.0	0.000	0.162	27.8	87	25.4	32.8	18.63	1.1304	0.00	598	8	100.0	30
23-04-23	6:30 p	25.9	26.1	25.9	93	24.7	0.0	WSW	0.00	0.4	WSW	25.9	29.3	29.3	28.7	1008.8	0.00	0.0	0	0.00	0	0.0	0.00	0.0	0.000	0.159	27.5	88	25.3	32.2	19.20	1.1321	0.00	599	8	100.0	30
23-04-23	7:00 p	25.7	26.1	25.7	94	24.7	0.0	---	0.00	0.0	---	25.7	28.9	28.9	28.3	1008.8	0.00	0.0	0	0.00	0	0.0	0.00	0.0	0.000	0.154	27.3	89	25.4	31.9	19.83	1.1327	0.00	599	8	100.0	30
23-04-23	7:30 p	25.4	25.8	25.4	94	24.4	0.0	---	0.00	0.0	---	25.4	28.3	28.3	27.7	1008.9	0.00	0.0	0	0.00	0	0.0	0.00	0.0	0.000	0.148	27.1	89	25.1	31.2	19.88	1.1345	0.00	600	8	100.0	30
23-04-23	8:00 p	25.1	25.4	25.1	94	24.1	0.0	---	0.00	0.0	---	25.1	27.7	27.7	27.1	1009.2	0.00	0.0	0	0.00	0	0.0	0.00	0.0	0.000	0.141	26.8	89	24.9	30.7	19.92	1.1362	0.00	597	8	100.0	30
23-04-23	8:30 p	25.0	25.1	24.9	94	24.0	0.0	---	0.00	0.0	---	25.0	27.4	27.4	26.8	1009.4	0.00	0.0	0	0.00	0	0.0	0.00	0.0	0.000	0.139	26.6	90	24.8	30.3	20.45	1.1373	0.00	592	8	100.0	30
23-04-23	9:00 p	24.8	25.0	24.8	94	23.8	0.0	---	0.00	0.0	---	24.8	27.2	27.2	26.5	1009.4	0.00	0.0	0	0.00	0	0.0	0.00	0.0	0.000	0.135	26.4	90	24.7	30.0	20.45	1.1383	0.00	595	8	100.0	30
23-04-23	9:30 p	24.7	24.9	24.7	95	23.9	0.0	---	0.00	0.0	---	24.7	27.1	27.1	26.4	1009.6	0.00	0.0	0	0.00	0	0.0	0.00	0.0	0.000	0.133	26.2	90	24.5	29.5	20.45	1.1398	0.00	599	8	100.0	30
23-04-23	10:00 p	24.7	24.8	24.6	95	23.8	0.0	---	0.00	0.0	---	24.7	27.0	27.0	26.3	1009.5	0.00	0.0	0	0.00	0	0.0	0.00	0.0	0.000	0.132	26.1	91	24.5	29.3	21.03	1.1402	0.00	597	8	100.0	30
23-04-23	10:30 p	24.4	24.7	24.4	95	23.6	0.0	---	0.00	0.0	---	24.4	26.7	26.7	26.0	1009.3	0.00	0.0	0	0.00	0	0.0	0.00	0.0	0.000	0.127	25.9	91	24.3	28.9	21.02	1.1410	0.00	599	8	100.0	30
23-04-23	11:00 p	24.4	24.4	24.3	95	23.5	0.0	---	0.00	0.0	---	24.4	26.6	26.6	25.9	1009.2	0.00	0.0	0	0.00	0	0.0	0.00	0.0	0.000	0.126	25.8	91	24.3	28.8	21.02	1.1413	0.00	598	8	100.0	30
23-04-23	11:30 p	24.3	24.4	24.3	95	23.5	0.0	---	0.00	0.0	---	24.3	26.5	26.5	25.8	1008.9	0.00	0.0	0	0.00	0	0.0	0.00	0.0	0.000	0.125	25.7	91	24.1	28.5	21.01	1.1419	0.00	598	8	100.0	30
23-04-24	12:00 a	24.3	24.4	24.2	95	23.5	0.0	---	0.00	0.0	---	24.3	26.5	26.5	25.8	1008.7	0.00	0.0	0	0.00	0	0.0	0.00	0.0	0.000	0.125	25.6	91	24.0	28.3	21.01	1.1424	0.00	600	8	100.0	30
23-04-24	12:30 a	24.4	24.4	24.3	95	23.5	0.0	---	0.00	0.0	---	24.4	26.6	26.6	25.9	1008.4	0.00	0.0	0	0.00	0	0.0	0.00	0.0	0.000	0.126	25.6	92	24.2	28.3	21.11	1.1416	0.00	597	8	100.0	30
23-04-24	1:00 a	24.9	24.9	24.4	95	24.1	0.0	NNW	0.00	0.9	WSW	24.9	27.4	27.4	26.8	1008.4	0.00	0.0	0	0.00	0	0.0	0.00	0.0	0.000	0.138	25.7	92	24.3	28.7	21.12	1.1406	0.00	599	8	100.0	30
23-04-24	1:30 a	24.9	25.1	24.9	95	24.1	0.4	N	0.80	1.8	NNW	24.9	27.4	27.4	26.8	1008.0	0.00	0.0	0	0.00	0	0.0	0.00	0.0	0.000	0.138	25.9	92	24.5	29.1	21.12	1.1392	0.00	596	8	100.0	30
23-04-24	2:00 a	24.8	25.0	24.7	95	23.9	0.0	N	0.00	1.8	NNE	24.8	27.2	27.2	26.6	1008.0	0.00	0.0	0	0.00	0	0.0	0.00	0.0	0.000	0.134	25.8	92	24.4	28.9	21.12	1.1395	0.00	599	8	100.0	30
23-04-24	2:30 a	24.6	24.8	24.5	95	23.7	0.0	N	0.00	0.4	N	24.6	26.8	26.8	26.2	1008.1	0.00	0.0	0	0.00	0	0.0	0.00	0.0	0.000	0.130	25.7	92	24.3	28.7	21.12	1.1403	0.00	594	8	100.0	30
23-04-24	3:00 a	24.7	24.7	24.5	95	23.9	0.0	NNE	0.00	0.9	NNE	24.7	27.1	27.1	26.4	1008.1	0.00	0.0	0	0.00	0	0.0	0.00	0.0	0.000	0.133	25.7	92	24.3	28.7	21.12	1.1403	0.00	596	8	100.0	30
23-04-24	3:30 a	24.4	24.7	24.4	95	23.5	0.0	NNE	0.00	0.4	NNE	24.4	26.6	26.6	25.9	1008.3	0.00	0.0	0	0.00	0	0.0	0.00	0.0	0.000	0.126	25.6	92	24.2	28.3	21.11	1.1415	0.00	600	8	100.0	30
23-04-24	4:00 a	24.4	24.4	24.3	95	23.5	0.0	---	0.00	0.0	---	24.4	26.6	26.6	25.9	1009.1	0.00	0.0	0	0.00	0	0.0	0.00	0.0	0.000	0.126	25.5	92	24.1	28.3	21.11	1.1428	0.00	599	8	100.0	30
23-04-24	4:30 a	24.5	24.6	24.4	95	23.6	0.0	---	0.00	0.0	---	24.5	26.7	26.7	26.1	1009.2	0.00	0.0	0	0.00	0	0.0	0.00	0.0	0.000	0.128	25.4	93	24.2	28.2	21.21	1.1429	0.00	596	8	100.0	30
23-04-24	5:00 a	24.8	24.8	24.4	95	23.9	0.0	---	0.00	0.0	---	24.8	27.2	27.2	26.8	1009.4	0.00	0.0	18	0.77	33	0.0	0.00	0.0	0.000	0.134	25.5	93	24.3	28.3	21.21	1.1427	0.00	595	8	100.0	30
23-04-24	5:30 a	25.3	25.3	24.7	95	24.5	0.0	---	0.00	0.0	---	25.3	28.1	28.1	28.3	1009.4	0.00	0.0	56	2.41	81	0.0	0.00	0.0	0.000	0.146	25.7	93	24.5	28.8	21.22	1.1414	0.00	599	8	100.0	30
23-04-24	6:00 a	26.0	26.0	25.3	95	25.1	0.0	---	0.00	0.0	---	26.0	29.6	29.6	30.3	1009.8	0.00	0.0	94	4.04	104	0.2	0.04	0.6	0.000	0.160	26.3	93	25.1	30.1	21.24	1.1382	0.05	598	8	100.0	30
23-04-24	6:30 a	26.8	26.8	25.9	94	25.7	0.0	NNE	0.00	1.8	NW	26.8	31.3	31.3	33.6	1010.5	0.00	0.0	107	4.60	186	0.9	0.19	1.1	0.000	0.176	27.1	92	25.6	31.7	21.16	1.1351	0.00	598	8	100.0	30
23-04-24	7:00 a	27.8	27.8	26.8	88	25.7	0.4	N	0.80	2.2	NW	27.8	33.2	33.2	35.9	1010.6	0.00	0.0	145	6.24	178	1.5	0.32	1.9	0.000	0.198	27.8	90	26.0	33.6	20.28	1.1314	0.08	598	8	100.0	30
23-04-24	7:30 a	28.4	29.2	27.8	87	26.1	0.4	NW	0.80	2.2	NW	28.4	34.7	34.7	39.2	1010.9	0.00	0.0	277	11.91	519	2.4	0.51	2.9	0.000	0.211	28.4	85	25.7	34.3	17.76	1.1303	0.00	598	8	100.0	30
23-04-24	8:00 a	27.1	28.4	27.1	90	25.3	0.4	SW	0.80	1.3	SW	27.1	31.4	31.4	33.7	1011.4	1.27	13.7	161	6.92	431	1.6	0.34	2.5	0.000	0.182	28.3	86	25.7	34.0	18.18	1.1314	0.15	597	8	100.0	30
23-04-24	8:30 a	27.4	27.4	26.8	94	26.3	0.0	NW	0.00	1.3	WNW	27.4	32.9	32.9	35.9	1011.4	0.76	10.7	218	9.38	260	2.7	0.58	3.1	0.000	0.189	28.1	90	26.3	34.3	20.24	1.1306	0.00	595	8	100.0	30
23-04-24	9:00 a	27.8	27.9	27.3	94	26.8	0.0	WNW	0.00	0.9	NW	27.8	34.4	34.4	38.4	1011.4	0.00	0.0	321	13.80	369	4.0	0.86	4.5	0.000	0.198	28.6	89	26.6	35.4	19.61	1.1284	0.18	599	8	100.0	30
23-04-24	9:30 a	28.8	28.8	27.7	91	27.2	0.4	NE	0.80	1.8	SSE	28.8	36.6	36.6	41.6	1011.4	0.00	0.0	421	18.11	494	5.3	1.14	6.4	0.000	0.218	29.1	87	26.7	36.4	18.49	1.1262	0.00	592	8	100.0	30
23-04-24	10:00 a	27.2	28.8	27.1	90	25.4	0.9	SSW	1.61	3.6	SSW	27.2	31.8	31.8	34.1	1011.6	0.00	0.0	203	8.73	339	3.1	0.66	5.5	0.000	0.185	28.7	86	26.1	35.3	18.13	1.1289	0.20	592	8	100.0	30
23-04-24	10:30 a	28.4	28.4	27.2	89	26.5	0.4	W	0.80	1.8	SSE	28.4	35.1	35.1	39.4	1010.8	0.00	0.0	367	15.78	519	5.3	1.14	6.7	0.000	0.211	28.7	86	26.1	35.3	18.13	1.1281	0.00	597	8	100.0	30
23-04-24	11:00 a	29.7	29.8	28.2	82	26.3	0.4	WSW	0.80	4.0	SW	29.7	36.8	36.8	42.8	1010.0	0.00	0.0	538	23.14	763	7.4	1.59	9.7	0.000	0.236	29.2	83	26.0	35.8	16.87	1.1258	0.30	597	8	100.0	30
23-04-24	11:30 a	29.9	29.9	29.4	80	26.1	0.4	S	0.80	2.2	SW	29.9	37.0	37.0	43.2	1009.0	0.00	0.0	566	24.34	817	8.4	1.80	10.3	0.000	0.242	29.8	81	26.2	36.8	16.13	1.1220	0.00	598	8	100.0	30
23-04-24	12:00 p	29.8	30.6	29.5	80	26.0	0.4	S	0.80	1.8	SSE	29.8	36.6	36.6	42.2	1008.7	0.00	0.0	500	21.50	823	7.3	1.56	10.3	0.000	0.238	29.9	82	26.5	37.3	16.52	1.1205	0.38	598	8	100.0	30
23-04-24	12:30 p	31.0	31.0	29.8	82	27.6	0.4	ESE	0.80	1.8	SSW	31.0	40.8	40.8	47.4	1008.4	0.00	0.0	627	26.96	995	8.1	1.74	11.5	0.000	0.264	30.1	82	26.7	38.1	16.50	1.1189	0.00	598	8	100.0	30
23-04-24	1:00 p	31.1	31.5	30.8	79	27.0	0.9	SSW	1.61	3.1	W	31.1	39.8	39.8	47.0	1007.8	0.00	0.0	810	34.83	935	8.3	1.78	9.7	0.000	0.265	30.4	79	26.3	38.2	15.35	1.1180	0.51	599	8	100.0	30
23-04-24	1:30 p	30.9	31.4	30.8	79	26.9	0.9	W	1.61	2.2	SW	30.9	39.5	39.5	46.5	1007.7	0.00	0.0	715	30.75	782	6.5	1.39	7.2	0.000	0.263	30.6	78	26.3	38.4	14.99	1.1173	0.00	599	8	100.0	30
23-04-24	2:00 p	30.4	31.2	30.4	78	26.2	0.9	SSW	1.61	2.2	SW	30.4	38.1	38.1	44.6	1007.4	0.00	0.0	608	26.15	701	5.0	1.07	5.8	0.000	0.252	30.3	78	26.1	37.7	15.02	1.1183	0.46	599	8	100.0	30
23-04-24	2:30 p	30.5	31.3	30.4	79	26.4	0.9	S	1.61	2.2	SSE	30.5	38.5	38.5	44.6	1007.2	0.00	0.0	496	21.33	541	3.4	0.73	4.1	0.000	0.253	29.9	79	25.8	36.7	15.40	1.1202	0.00	596	8	100.0	30
23-04-24	3:00 p	29.9	30.5	29.9	80	26.1	0.9	SSW	1.61	2.2	SSE	29.9	37.0	37.0	42.1	1006.9	0.00	0.0	355	15.27	436	2.1	0.45	2.7	0.000	0.242	29.6	81	26.0	36.4	16.14	1.1205	0.30	599	8	100.0	30
23-04-24	3:30 p	29.2	30.0	29.1	80	25.4	0.4	SSW	0.80	2.2	SSE	29.2	35.2	35.2	37.8	1007.1	0.00	0.0	162	6.97	304	0.9	0.19	1.5	0.000	0.226	29.4	80	25.6	35.7	15.75	1.1226	0.00	598	8	100.0	30
23-04-24	4:00 p	28.8	29.2	28.7	83	25.6	0.4	SW	0.80	2.2	SSW	28.8	34.9	34.9	35.3	1007.3	0.00	0.0	36	1.55	42	0.0	0.00	0.0	0.000	0.218	29.3	81	25.7	35.7	16.16	1.1230	0.08	598	8	100.0	30
23-04-24	4:30 p	27.4	28.8	27.4	87	25.1	0.0	SSW	0.00	0.9	SSW	27.4	31.9	31.9	31.9	1007.8	0.00	0.0	17	0.73	25	0.0	0.00	0.0	0.000	0.190	29.2	82	25.8	35.8	16.56	1.1234	0.00	600	8	100.0	30
23-04-24	5:00 p	26.7	27.5	26.6	90	24.9	0.0	S	0.00	0.4	S	26.7	30.4	30.4	29.9	1008.1	0.00	0.0	4	0.17	11	0.0	0.00	0.0	0.000	0.174	28.9	83	25.8	35.4	16.89	1.1250	0.00	600	8	100.0	30
23-04-24	5:30 p	26.0	26.7	26.0	91	24.4	0.0	S	0.00	0.4	S	26.0	29.2	29.2	28.6	1008.2	0.00	0.0	0	0.00	0	0.0	0.00	0.0	0.000	0.160	28.6	84	25.6	34.6	17.31	1.1266	0.00	598	8	100.0	30
23-04-24	6:00 p	25.7	26.1	25.7	93	24.5	0.0	---	0.00	0.0	---	25.7	28.8	28.8	28.2	1008.5	0.00	0.0	0	0.00	0	0.0	0.00	0.0	0.000	0.154	28.2	85	25.5	33.7	17.78	1.1288	0.00	599	8	100.0	30
23-04-24	6:30 p	25.4	25.7	25.4	93	24.2	0.0	---	0.00	0.0	---	25.4	28.1	28.1	27.5	1008.8	0.00	0.0	0	0.00	0	0.0	0.00	0.0	0.000	0.147	27.9	86	25.3	32.9	18.22	1.1307	0.00	596	8	100.0	30
23-04-24	7:00 p	25.2	25.4	25.2	94	24.2	0.0	---	0.00	0.0	---	25.2	27.9	27.9	27.3	1009.2	0.00	0.0	0	0.00	0	0.0	0.00	0.0	0.000	0.144	27.7	86	25.1	32.3	18.24	1.1324	0.00	596	8	100.0	30
23-04-24	7:30 p	25.0	25.3	25.0	94	24.0	0.0	---	0.00	0.0	---	25.0	27.4	27.4	26.8	1009.4	0.00	0.0	0	0.00	0	0.0	0.00	0.0	0.000	0.139	27.4	87	25.1	31.9	18.67	1.1335	0.00	597	8	100.0	30
23-04-24	8:00 p	24.8	25.1	24.8	94	23.8	0.0	---	0.00	0.0	---	24.8	27.2	27.2	26.6	1009.7	0.00	0.0	0	0.00	0	0.0	0.00	0.0	0.000	0.135	27.1	87	24.8	31.1	18.70	1.1359	0.00	600	8	100.0	30
23-04-24	8:30 p	24.7	24.9	24.7	94	23.7	0.0	---	0.00	0.0	---	24.7	27.1	27.1	26.4	1009.8	0.00	0.0	0	0.00	0	0.0	0.00	0.0	0.000	0.133	27.0	87	24.6	30.8	18.71	1.1367	0.00	591	8	100.0	30
23-04-24	9:00 p	24.7	24.8	24.6	95	23.9	0.0	---	0.00	0.0	---	24.7	27.1	27.1	26.5	1009.9	0.00	0.0	0	0.00	0	0.0	0.00	0.0	0.000	0.133	26.8	88	24.6	30.4	19.33	1.1377	0.00	588	8	100.0	30
23-04-24	9:30 p	24.5	24.7	24.5	94	23.5	0.0	---	0.00	0.0	---	24.5	26.7	26.7	26.1	1009.9	0.00	0.0	0	0.00	0	0.0	0.00	0.0	0.000	0.128	26.7	88	24.5	30.2	19.35	1.1383	0.00	592	8	100.0	30
23-04-24	10:00 p	24.6	24.6	24.4	95	23.7	0.0	---	0.00	0.0	---	24.6	26.8	26.8	26.2	1010.0	0.00	0.0	0	0.00	0	0.0	0.00	0.0	0.000	0.130	26.5	89	24.5	29.9	19.95	1.1391	0.00	596	8	100.0	30
23-04-24	10:30 p	24.6	24.6	24.4	95	23.7	0.0	---	0.00	0.0	---	24.6	26.8	26.8	26.2	1009.9	0.00	0.0	0	0.00	0	0.0	0.00	0.0	0.000	0.130	26.4	89	24.5	29.8	19.95	1.1392	0.00	598	8	100.0	30
23-04-24	11:00 p	24.5	24.6	24.5	95	23.6	0.0	---	0.00	0.0	---	24.5	26.7	26.7	26.1	1009.6	0.00	0.0	0	0.00	0	0.0	0.00	0.0	0.000	0.128	26.4	89	24.4	29.7	19.95	1.1392	0.00	600	8	100.0	30
23-04-24	11:30 p	24.4	24.5	24.3	95	23.5	0.0	---	0.00	0.0	---	24.4	26.6	26.6	26.0	1009.2	0.00	0.0	0	0.00	0	0.0	0.00	0.0	0.000	0.126	26.2	89	24.3	29.4	19.95	1.1397	0.00	600	8	100.0	30
23-04-25	12:00 a	24.3	24.4	24.3	95	23.4	0.0	---	0.00	0.0	---	24.3	26.4	26.4	25.8	1008.9	0.00	0.0	0	0.00	0	0.0	0.00	0.0	0.000	0.124	26.2	89	24.2	29.3	19.95	1.1398	0.00	599	8	100.0	30
23-04-25	12:30 a	24.5	24.5	24.3	95	23.6	0.0	---	0.00	0.0	---	24.5	26.7	26.7	26.1	1008.8	0.00	0.0	0	0.00	0	0.0	0.00	0.0	0.000	0.128	25.7	91	24.1	28.5	21.01	1.1418	0.00	597	8	100.0	30
23-04-25	1:00 a	24.4	24.5	24.3	95	23.5	0.0	---	0.00	0.0	---	24.4	26.6	26.6	26.0	1008.5	0.00	0.0	0	0.00	0	0.0	0.00	0.0	0.000	0.126	25.8	91	24.2	28.7	21.02	1.1408	0.00	599	8	100.0	30
23-04-25	1:30 a	24.3	24.4	24.2	95	23.4	0.0	---	0.00	0.0	---	24.3	26.4	26.4	25.8	1008.1	0.00	0.0	0	0.00	0	0.0	0.00	0.0	0.000	0.124	25.8	91	24.3	28.8	21.02	1.1400	0.00	599	8	100.0	30
23-04-25	2:00 a	24.2	24.3	24.2	95	23.3	0.0	---	0.00	0.0	---	24.2	26.3	26.3	25.6	1008.3	0.00	0.0	0	0.00	0	0.0	0.00	0.0	0.000	0.122	25.4	91	23.9	28.1	21.01	1.1425	0.00	594	8	100.0	30
23-04-25	2:30 a	24.2	24.2	24.1	95	23.3	0.0	---	0.00	0.0	---	24.2	26.3	26.3	25.6	1008.2	0.00	0.0	0	0.00	0	0.0	0.00	0.0	0.000	0.122	25.3	92	23.9	27.8	21.10	1.1430	0.00	600	8	100.0	30
23-04-25	3:00 a	24.1	24.2	24.1	95	23.3	0.0	---	0.00	0.0	---	24.1	26.2	26.2	25.6	1008.5	0.00	0.0	0	0.00	0	0.0	0.00	0.0	0.000	0.120	25.1	92	23.7	27.6	21.09	1.1444	0.00	599	8	100.0	30
23-04-25	3:30 a	24.1	24.3	24.1	95	23.3	0.0	---	0.00	0.0	---	24.1	26.2	26.2	25.6	1008.9	0.00	0.0	0	0.00	0	0.0	0.00	0.0	0.000	0.120	25.1	93	23.8	27.5	21.19	1.1448	0.00	595	8	100.0	30
23-04-25	4:00 a	24.0	24.2	24.0	95	23.1	0.0	---	0.00	0.0	---	24.0	26.1	26.1	25.4	1008.9	0.00	0.0	0	0.00	0	0.0	0.00	0.0	0.000	0.118	25.0	93	23.8	27.4	21.19	1.1451	0.00	599	8	100.0	30
23-04-25	4:30 a	23.9	24.1	23.9	95	23.1	0.0	---	0.00	0.0	---	23.9	26.0	26.0	25.3	1009.2	0.00	0.0	0	0.00	0	0.0	0.00	0.0	0.000	0.117	24.9	93	23.7	27.2	21.19	1.1461	0.00	600	8	100.0	30
23-04-25	5:00 a	24.2	24.2	23.9	95	23.3	0.0	---	0.00	0.0	---	24.2	26.3	26.3	25.7	1009.7	0.00	0.0	5	0.22	14	0.0	0.00	0.0	0.000	0.122	24.9	93	23.7	27.2	21.19	1.1467	0.00	597	8	100.0	30
23-04-25	5:30 a	24.3	24.4	24.1	95	23.5	0.0	---	0.00	0.0	---	24.3	26.5	26.5	26.2	1009.4	0.00	0.0	24	1.03	30	0.0	0.00	0.0	0.000	0.125	25.1	94	24.0	27.6	21.35	1.1450	0.00	596	8	100.0	30
23-04-25	6:00 a	24.8	24.9	24.3	95	24.0	0.0	---	0.00	0.0	---	24.8	27.2	27.2	27.1	1009.7	0.00	0.0	39	1.68	49	0.0	0.00	0.0	0.000	0.135	25.4	95	24.6	28.3	21.65	1.1427	0.03	599	8	100.0	30
23-04-25	6:30 a	25.3	25.3	24.8	95	24.5	0.0	---	0.00	0.0	---	25.3	28.1	28.1	29.5	1010.2	0.00	0.0	71	3.05	91	0.7	0.15	1.1	0.000	0.146	26.1	95	25.2	29.8	21.65	1.1396	0.00	598	8	100.0	30
23-04-25	7:00 a	26.4	26.6	25.3	95	25.6	0.0	S	0.00	0.4	S	26.4	30.7	30.7	33.2	1010.4	0.00	0.0	133	5.72	200	1.5	0.32	1.9	0.000	0.169	27.6	93	26.3	33.3	21.28	1.1316	0.08	597	8	100.0	30
23-04-25	7:30 a	27.6	27.8	26.4	95	26.7	0.0	WSW	0.00	0.9	S	27.6	33.8	33.8	38.8	1010.2	0.00	0.0	301	12.94	636	2.5	0.54	3.3	0.000	0.193	28.3	91	26.7	35.0	20.82	1.1278	0.00	597	8	100.0	30
23-04-25	8:00 a	28.2	28.8	27.6	89	26.2	0.0	WSW	0.00	1.3	SW	28.2	34.2	34.2	37.4	1010.4	0.00	0.0	217	9.33	694	2.9	0.62	4.5	0.000	0.205	28.8	89	26.8	36.1	19.57	1.1259	0.20	595	8	100.0	30
23-04-25	8:30 a	29.5	30.2	28.1	80	25.7	0.4	WNW	0.80	1.8	SSW	29.5	35.9	35.9	41.2	1010.5	0.00	0.0	414	17.80	877	4.6	0.99	6.7	0.000	0.233	29.4	86	26.8	37.1	18.06	1.1237	0.00	598	8	100.0	30
23-04-25	9:00 a	28.3	29.4	28.3	88	26.2	0.4	SSW	0.80	1.8	SSW	28.3	34.5	34.5	36.6	1010.7	0.00	0.0	171	7.35	229	2.6	0.56	3.3	0.000	0.208	29.4	85	26.7	36.9	17.65	1.1241	0.20	598	8	100.0	30
23-04-25	9:30 a	28.9	29.1	28.4	85	26.1	0.4	W	0.80	1.8	NNE	28.9	35.6	35.6	39.2	1010.5	0.00	0.0	291	12.51	455	3.8	0.81	5.5	0.000	0.220	29.2	88	27.0	37.1	18.89	1.1237	0.00	597	8	100.0	30
23-04-25	10:00 a	29.6	29.8	28.9	85	26.8	0.4	ENE	0.80	0.9	SSE	29.6	37.2	37.2	41.2	1010.4	0.00	0.0	334	14.36	434	4.8	1.03	5.4	0.000	0.234	29.4	86	26.9	37.2	18.05	1.1232	0.20	600	8	100.0	30
23-04-25	10:30 a	30.1	30.1	29.5	82	26.6	0.4	WSW	0.80	1.3	SW	30.1	37.8	37.8	42.2	1010.2	0.00	0.0	365	15.70	468	5.1	1.09	6.1	0.000	0.244	29.8	83	26.6	37.3	16.83	1.1224	0.00	598	8	100.0	30
23-04-25	11:00 a	30.3	30.3	29.8	80	26.5	0.4	SW	0.80	1.8	SW	30.3	38.2	38.2	43.6	1009.9	0.00	0.0	463	19.91	561	6.3	1.35	7.3	0.000	0.250	30.1	83	26.9	38.3	16.80	1.1200	0.28	599	8	100.0	30
23-04-25	11:30 a	30.7	31.6	30.3	81	27.0	0.4	ESE	0.80	2.2	WSW	30.7	39.6	39.6	46.4	1009.5	0.00	0.0	655	28.17	782	8.2	1.76	9.2	0.000	0.257	30.6	81	27.0	39.4	16.07	1.1175	0.00	600	8	100.0	30
23-04-25	12:00 p	31.6	32.2	30.6	80	27.7	0.9	SSE	1.61	2.2	SW	31.6	42.6	42.6	50.0	1008.9	0.00	0.0	834	35.87	939	9.2	1.97	10.1	0.000	0.277	30.9	81	27.3	40.3	16.04	1.1149	0.51	600	8	100.0	30
23-04-25	12:30 p	31.9	32.6	31.5	78	27.6	0.4	SW	0.80	1.8	S	31.9	43.2	43.2	50.4	1008.3	0.00	0.0	883	37.97	940	8.8	1.89	9.5	0.000	0.284	31.1	79	27.0	39.8	15.28	1.1146	0.00	600	8	100.0	30
23-04-25	1:00 p	31.8	32.5	31.7	77	27.3	0.4	SW	0.80	1.8	SSW	31.8	42.3	42.3	49.6	1007.9	0.00	0.0	784	33.72	853	7.3	1.56	8.0	0.000	0.281	31.2	78	26.9	39.8	14.90	1.1139	0.58	598	8	100.0	30
23-04-25	1:30 p	31.7	32.0	31.4	78	27.4	0.9	SSW	1.61	2.2	SSW	31.7	42.3	42.3	49.2	1007.6	0.00	0.0	683	29.37	735	5.7	1.22	6.5	0.000	0.279	31.0	77	26.5	39.0	14.68	1.1151	0.00	598	8	100.0	30
23-04-25	2:00 p	31.4	32.1	31.2	78	27.1	0.4	SW	0.80	2.2	SSE	31.4	40.8	40.8	47.1	1007.4	0.00	0.0	556	23.91	626	4.2	0.90	4.9	0.000	0.272	30.6	79	26.6	38.8	15.32	1.1162	0.43	598	8	100.0	30
23-04-25	2:30 p	31.1	31.4	30.9	83	27.8	0.4	SSW	0.80	1.8	S	31.1	41.4	41.4	47.1	1006.8	0.00	0.0	445	19.14	489	2.9	0.62	3.5	0.000	0.265	30.0	83	26.8	37.9	16.81	1.1172	0.00	600	8	100.0	30
23-04-25	3:00 p	30.3	31.1	30.2	82	26.9	0.4	SSW	0.80	1.8	S	30.3	38.9	38.9	43.7	1006.7	0.00	0.0	332	14.28	392	1.8	0.39	2.3	0.000	0.250	29.5	82	26.1	36.4	16.55	1.1206	0.28	598	8	100.0	30
23-04-25	3:30 p	29.6	30.6	29.4	82	26.2	0.4	SSW	0.80	1.3	WSW	29.6	36.5	36.5	39.1	1006.8	0.00	0.0	157	6.75	288	0.9	0.19	1.3	0.000	0.234	29.3	84	26.3	36.3	17.26	1.1210	0.00	599	8	100.0	30
23-04-25	4:00 p	28.8	29.6	28.7	86	26.2	0.0	SW	0.00	1.3	SW	28.8	35.5	35.5	36.2	1006.8	0.00	0.0	47	2.02	56	0.1	0.02	0.6	0.000	0.218	29.0	85	26.2	35.9	17.70	1.1222	0.08	599	8	100.0	30
23-04-25	4:30 p	27.9	28.8	27.9	89	26.0	0.0	SSW	0.00	0.4	SSW	27.9	33.7	33.7	33.9	1007.4	0.00	0.0	26	1.12	35	0.0	0.00	0.0	0.000	0.200	28.8	87	26.4	35.7	18.52	1.1233	0.00	598	8	100.0	30
23-04-25	5:00 p	27.3	27.9	27.2	91	25.7	0.0	SSW	0.00	0.4	SSW	27.3	32.1	32.1	31.7	1007.6	0.00	0.0	7	0.30	16	0.0	0.00	0.0	0.000	0.186	28.8	87	26.5	35.9	18.52	1.1232	0.03	599	8	100.0	30
23-04-25	5:30 p	26.6	27.3	26.6	92	25.1	0.0	---	0.00	0.0	---	26.6	30.5	30.5	29.9	1007.8	0.00	0.0	0	0.00	0	0.0	0.00	0.0	0.000	0.171	28.7	87	26.3	35.5	18.53	1.1241	0.00	597	8	100.0	30
23-04-25	6:00 p	26.2	26.6	26.2	93	24.9	0.0	---	0.00	0.0	---	26.2	29.8	29.8	29.2	1008.1	0.00	0.0	0	0.00	0	0.0	0.00	0.0	0.000	0.163	28.6	86	26.0	34.8	18.15	1.1259	0.00	597	8	100.0	30
23-04-25	6:30 p	26.0	26.2	25.9	93	24.8	0.0	---	0.00	0.0	---	26.0	29.4	29.4	28.8	1008.4	0.00	0.0	0	0.00	0	0.0	0.00	0.0	0.000	0.160	28.3	87	26.0	34.3	18.57	1.1271	0.00	599	8	100.0	30
23-04-25	7:00 p	25.8	26.1	25.8	94	24.8	0.0	---	0.00	0.0	---	25.8	29.1	29.1	28.5	1008.6	0.00	0.0	0	0.00	0	0.0	0.00	0.0	0.000	0.156	27.7	88	25.5	32.7	19.17	1.1310	0.00	600	8	100.0	30
23-04-25	7:30 p	26.0	26.1	25.8	94	25.0	0.0	---	0.00	0.0	---	26.0	29.5	29.5	28.9	1009.1	0.00	0.0	0	0.00	0	0.0	0.00	0.0	0.000	0.160	27.4	90	25.7	32.4	20.34	1.1320	0.00	600	8	100.0	30
23-04-25	8:00 p	25.9	26.1	25.9	94	24.9	0.0	---	0.00	0.0	---	25.9	29.4	29.4	28.8	1009.2	0.00	0.0	0	0.00	0	0.0	0.00	0.0	0.000	0.159	27.3	90	25.5	32.1	20.35	1.1328	0.00	598	8	100.0	30
23-04-25	8:30 p	25.8	25.9	25.8	94	24.7	0.0	---	0.00	0.0	---	25.8	29.0	29.0	28.4	1009.5	0.00	0.0	0	0.00	0	0.0	0.00	0.0	0.000	0.155	27.1	90	25.3	31.5	20.39	1.1344	0.00	599	8	100.0	30
23-04-25	9:00 p	25.8	25.8	25.7	94	24.7	0.0	---	0.00	0.0	---	25.8	29.0	29.0	28.4	1009.7	0.00	0.0	0	0.00	0	0.0	0.00	0.0	0.000	0.155	26.9	91	25.3	31.3	21.01	1.1353	0.00	596	8	100.0	30
23-04-25	9:30 p	25.9	25.9	25.8	94	24.8	0.0	---	0.00	0.0	---	25.9	29.3	29.3	28.7	1009.8	0.00	0.0	0	0.00	0	0.0	0.00	0.0	0.000	0.157	26.9	92	25.5	31.4	21.16	1.1349	0.00	599	8	100.0	30
23-04-25	10:00 p	25.7	25.9	25.7	94	24.7	0.0	---	0.00	0.0	---	25.7	28.9	28.9	28.3	1009.8	0.00	0.0	0	0.00	0	0.0	0.00	0.0	0.000	0.154	26.9	92	25.5	31.4	21.16	1.1350	0.00	597	8	100.0	30
23-04-25	10:30 p	25.5	25.8	25.5	95	24.6	0.0	---	0.00	0.0	---	25.5	28.4	28.4	27.8	1009.5	0.00	0.0	0	0.00	0	0.0	0.00	0.0	0.000	0.149	26.8	92	25.4	31.0	21.15	1.1355	0.00	598	8	100.0	30
23-04-25	11:00 p	25.6	25.6	25.4	95	24.8	0.0	SSW	0.00	0.4	SSW	25.6	28.7	28.7	28.1	1009.1	0.00	0.0	0	0.00	0	0.0	0.00	0.0	0.000	0.152	26.7	92	25.3	30.7	21.15	1.1358	0.00	600	8	100.0	30
23-04-25	11:30 p	25.8	25.9	25.6	95	25.0	0.0	SSW	0.00	1.3	NNW	25.8	29.2	29.2	28.6	1009.0	0.00	0.0	0	0.00	0	0.0	0.00	0.0	0.000	0.156	26.8	92	25.4	31.0	21.15	1.1350	0.00	600	8	100.0	30
23-04-26	12:00 a	25.7	25.9	25.7	95	24.8	0.0	NNW	0.00	1.3	NW	25.7	28.8	28.8	28.2	1008.7	0.00	0.0	0	0.00	0	0.0	0.00	0.0	0.000	0.153	26.8	92	25.4	31.0	21.15	1.1347	0.00	599	8	100.0	30
23-04-26	12:30 a	25.4	25.8	25.4	94	24.4	0.0	NNW	0.00	1.3	WNW	25.4	28.2	28.2	27.6	1008.8	0.00	0.0	0	0.00	0	0.0	0.00	0.0	0.000	0.147	26.7	92	25.3	30.7	21.15	1.1354	0.00	596	8	100.0	30
23-04-26	1:00 a	25.6	25.6	25.3	95	24.8	0.0	NNW	0.00	0.9	W	25.6	28.7	28.7	28.1	1008.7	0.00	0.0	0	0.00	0	0.0	0.00	0.0	0.000	0.152	26.6	92	25.2	30.6	21.15	1.1356	0.00	599	8	100.0	30
23-04-26	1:30 a	25.4	25.6	25.3	94	24.4	0.0	---	0.00	0.0	---	25.4	28.3	28.3	27.7	1008.6	0.00	0.0	0	0.00	0	0.0	0.00	0.0	0.000	0.148	26.6	92	25.1	30.5	21.15	1.1359	0.00	599	8	100.0	30
23-04-26	2:00 a	25.4	25.5	25.4	95	24.6	0.0	---	0.00	0.0	---	25.4	28.3	28.3	27.7	1008.4	0.00	0.0	0	0.00	0	0.0	0.00	0.0	0.000	0.148	26.5	92	25.1	30.4	21.14	1.1359	0.00	597	8	100.0	30
23-04-26	2:30 a	25.6	25.6	25.4	95	24.7	0.0	---	0.00	0.0	---	25.6	28.6	28.6	27.9	1008.5	0.00	0.0	0	0.00	0	0.0	0.00	0.0	0.000	0.150	26.4	93	25.2	30.4	21.24	1.1360	0.00	600	8	100.0	30
23-04-26	3:00 a	25.6	25.6	25.4	95	24.7	0.0	---	0.00	0.0	---	25.6	28.6	28.6	27.9	1008.8	0.00	0.0	0	0.00	0	0.0	0.00	0.0	0.000	0.150	26.4	93	25.2	30.4	21.24	1.1364	0.00	600	8	100.0	30
23-04-26	3:30 a	25.6	25.7	25.5	95	24.7	0.0	NW	0.00	0.9	NW	25.6	28.6	28.6	27.9	1009.0	0.00	0.0	0	0.00	0	0.0	0.00	0.0	0.000	0.150	26.4	92	25.0	30.2	21.14	1.1370	0.00	599	8	100.0	30
23-04-26	4:00 a	25.4	25.6	25.4	94	24.4	0.4	NE	0.80	2.2	N	25.4	28.3	28.3	27.7	1008.7	0.00	0.0	0	0.00	0	0.0	0.00	0.0	0.000	0.148	26.4	91	24.9	30.1	21.04	1.1371	0.00	599	8	100.0	30
23-04-26	4:30 a	25.7	25.7	25.4	93	24.4	0.0	WNW	0.00	2.2	NW	25.7	28.7	28.7	28.1	1009.1	0.00	0.0	1	0.04	9	0.0	0.00	0.0	0.000	0.153	26.4	91	24.9	30.1	21.04	1.1375	0.00	599	8	100.0	30
23-04-26	5:00 a	25.7	25.7	25.6	94	24.7	0.0	SE	0.00	0.4	SE	25.7	28.9	28.9	28.6	1009.2	0.00	0.0	19	0.82	32	0.0	0.00	0.0	0.000	0.154	26.4	92	25.0	30.2	21.14	1.1373	0.00	600	8	100.0	30
23-04-26	5:30 a	25.9	25.9	25.7	94	24.8	0.0	---	0.00	0.0	---	25.9	29.3	29.3	29.2	1009.5	0.00	0.0	42	1.81	72	0.0	0.00	0.0	0.000	0.157	26.4	92	25.0	30.1	21.14	1.1380	0.00	599	8	100.0	30
23-04-26	6:00 a	26.1	26.2	25.9	94	25.0	0.0	---	0.00	0.0	---	26.1	29.7	29.7	30.1	1009.7	0.00	0.0	70	3.01	86	0.0	0.00	0.0	0.000	0.161	26.6	93	25.4	30.8	21.25	1.1365	0.03	600	8	100.0	30
23-04-26	6:30 a	27.5	27.6	26.0	91	25.9	0.0	NNE	0.00	0.9	NE	27.5	32.8	32.8	35.8	1010.1	0.00	0.0	143	6.15	178	0.7	0.15	1.2	0.000	0.191	27.1	92	25.7	31.8	21.17	1.1343	0.00	599	8	100.0	30
23-04-26	7:00 a	28.1	28.4	27.5	88	25.9	0.4	NNE	0.80	1.8	NNE	28.1	33.9	33.9	37.8	1010.4	0.00	0.0	202	8.69	223	1.6	0.34	2.0	0.000	0.204	27.9	91	26.3	33.9	20.87	1.1304	0.10	599	8	100.0	30
23-04-26	7:30 a	28.1	29.1	27.9	89	26.1	0.0	NNE	0.00	0.9	NNE	28.1	34.1	34.1	38.8	1010.7	0.00	0.0	288	12.39	418	2.6	0.56	3.1	0.000	0.204	28.6	88	26.4	35.4	19.00	1.1276	0.00	600	8	100.0	30
23-04-26	8:00 a	28.7	28.8	27.9	88	26.5	0.0	ESE	0.00	0.9	ESE	28.7	35.7	35.7	40.3	1010.9	0.00	0.0	311	13.37	847	3.4	0.73	5.7	0.000	0.216	29.1	87	26.7	36.6	18.49	1.1254	0.20	599	8	100.0	30
23-04-26	8:30 a	30.3	31.0	28.8	80	26.4	0.4	SSW	0.80	1.3	SSW	30.3	38.0	38.0	44.0	1010.8	0.00	0.0	488	20.99	849	4.9	1.05	6.7	0.000	0.249	29.7	84	26.7	37.4	17.23	1.1230	0.00	598	8	100.0	30
23-04-26	9:00 a	28.9	30.7	28.7	90	27.1	0.4	SE	0.80	1.3	SSE	28.9	36.7	36.7	39.7	1010.6	0.00	0.0	242	10.41	726	4.4	0.94	7.1	0.000	0.220	29.6	85	26.8	37.2	17.64	1.1233	0.25	599	8	100.0	30
23-04-26	9:30 a	29.4	32.3	28.9	84	26.4	0.4	SE	0.80	1.8	SSE	29.4	36.6	36.6	43.2	1010.7	0.00	0.0	637	27.39	986	7.2	1.54	9.3	0.000	0.230	30.1	82	26.6	37.8	16.51	1.1218	0.00	600	8	100.0	30
23-04-26	10:00 a	32.2	32.3	29.2	75	27.2	0.4	SE	0.80	2.2	S	32.2	43.0	43.0	50.2	1010.1	0.00	0.0	797	34.28	986	7.8	1.67	10.2	0.000	0.289	30.3	82	26.9	38.9	16.49	1.1194	0.48	595	8	100.0	30
23-04-26	10:30 a	32.7	32.7	31.3	75	27.7	0.9	SSW	1.61	2.2	SW	32.7	45.0	45.0	51.7	1010.1	0.00	0.0	953	40.98	1042	7.4	1.59	11.4	0.000	0.300	30.9	79	26.8	39.4	15.29	1.1176	0.00	600	8	100.0	30
23-04-26	11:00 a	32.3	32.8	32.1	76	27.6	0.9	S	1.61	3.1	SSE	32.3	43.9	43.9	49.7	1009.8	0.00	0.0	1005	43.22	1051	11.2	2.40	11.4	0.000	0.292	31.4	76	26.6	40.1	14.34	1.1159	0.66	599	8	100.0	30
23-04-26	11:30 a	31.9	33.0	31.9	78	27.6	0.9	SSW	1.61	2.7	WNW	31.9	43.2	43.2	50.3	1009.4	0.00	0.0	920	39.57	1023	10.3	2.21	11.3	0.000	0.284	31.6	77	27.1	41.4	14.62	1.1135	0.00	596	8	100.0	30
23-04-26	12:00 p	32.7	32.7	31.2	76	27.9	0.4	WNW	0.80	2.2	SSW	32.7	45.3	45.3	52.7	1008.9	0.00	0.0	792	34.06	960	8.5	1.82	10.8	0.000	0.299	31.4	78	27.1	40.8	14.87	1.1138	0.56	599	8	100.0	30
23-04-26	12:30 p	32.2	33.0	32.2	74	27.0	0.9	SSW	1.61	2.7	SSE	32.2	42.6	42.6	49.9	1008.5	0.00	0.0	870	37.41	895	8.9	1.91	9.5	0.000	0.289	31.4	75	26.5	39.9	14.11	1.1146	0.00	599	8	100.0	30
23-04-26	1:00 p	32.2	32.4	31.9	77	27.7	0.9	SSW	1.61	2.2	SSE	32.2	43.9	43.9	51.1	1008.1	0.00	0.0	806	34.66	842	7.5	1.61	8.2	0.000	0.289	31.4	76	26.7	40.3	14.33	1.1135	0.58	600	8	100.0	30
23-04-26	1:30 p	31.9	32.8	31.9	76	27.1	0.9	SSW	1.61	1.8	SSE	31.9	42.1	42.1	49.1	1008.0	0.00	0.0	718	30.88	758	5.9	1.26	6.7	0.000	0.282	31.2	77	26.7	39.7	14.66	1.1142	0.00	596	8	100.0	30
23-04-26	2:00 p	31.9	32.2	31.7	76	27.2	0.9	SW	1.61	2.7	S	31.9	42.3	42.3	48.9	1007.4	0.00	0.0	599	25.76	652	4.4	0.94	5.1	0.000	0.284	30.8	78	26.5	38.8	14.96	1.1157	0.43	599	8	100.0	30
23-04-26	2:30 p	31.2	32.1	31.1	78	26.9	0.9	SSW	1.61	2.7	WSW	31.2	39.8	39.8	45.5	1007.3	0.00	0.0	452	19.44	578	2.9	0.62	3.7	0.000	0.267	30.4	79	26.4	38.3	15.34	1.1170	0.00	599	8	100.0	30
23-04-26	3:00 p	30.8	31.7	30.8	79	26.8	0.9	SW	1.61	2.7	S	30.8	39.3	39.3	44.6	1007.3	0.00	0.0	380	16.34	496	1.8	0.39	2.4	0.000	0.260	30.3	79	26.2	37.8	15.36	1.1180	0.28	599	8	100.0	30
23-04-26	3:30 p	30.0	30.9	30.0	80	26.2	0.4	SSW	0.80	2.7	SSW	30.0	37.1	37.1	39.8	1007.1	0.00	0.0	167	7.18	306	1.0	0.21	1.4	0.000	0.243	30.0	80	26.2	37.1	15.71	1.1189	0.00	599	8	100.0	30
23-04-26	4:00 p	29.6	30.1	29.6	81	25.9	0.4	SSW	0.80	1.8	SSW	29.6	36.3	36.3	36.9	1007.4	0.00	0.0	49	2.11	62	0.1	0.02	0.6	0.000	0.234	29.8	81	26.2	36.8	16.13	1.1201	0.08	599	8	100.0	30
23-04-26	4:30 p	28.5	29.6	28.4	87	26.1	0.0	SSW	0.00	1.3	SSW	28.5	34.8	34.8	35.2	1007.4	0.00	0.0	28	1.20	35	0.0	0.00	0.0	0.000	0.212	29.6	83	26.4	36.7	16.84	1.1205	0.00	598	8	100.0	30
23-04-26	5:00 p	27.6	28.5	27.6	89	25.6	0.0	SSW	0.00	0.4	SSW	27.6	32.7	32.7	32.3	1007.8	0.00	0.0	8	0.34	26	0.0	0.00	0.0	0.000	0.193	29.4	86	26.8	37.1	18.06	1.1205	0.03	600	8	100.0	30
23-04-26	5:30 p	27.2	27.6	27.2	91	25.6	0.0	SSW	0.00	0.4	SSW	27.2	31.9	31.9	31.4	1008.2	0.00	0.0	0	0.00	0	0.0	0.00	0.0	0.000	0.185	29.2	86	26.6	36.6	18.07	1.1221	0.00	598	8	100.0	30
23-04-26	6:00 p	26.8	27.2	26.8	92	25.4	0.0	SSW	0.00	0.4	SSW	26.8	31.0	31.0	30.4	1008.3	0.00	0.0	0	0.00	0	0.0	0.00	0.0	0.000	0.176	28.7	86	26.1	35.2	18.13	1.1255	0.00	597	8	100.0	30
23-04-26	6:30 p	26.5	26.8	26.4	93	25.3	0.0	---	0.00	0.0	---	26.5	30.5	30.5	29.9	1008.8	0.00	0.0	0	0.00	0	0.0	0.00	0.0	0.000	0.170	28.3	87	26.0	34.3	18.57	1.1276	0.00	598	8	100.0	30
23-04-26	7:00 p	26.3	26.5	26.3	93	25.1	0.0	---	0.00	0.0	---	26.3	30.0	30.0	29.4	1008.8	0.00	0.0	0	0.00	0	0.0	0.00	0.0	0.000	0.166	28.1	88	25.9	33.9	19.09	1.1285	0.00	600	8	100.0	30
23-04-26	7:30 p	26.3	26.4	26.3	93	25.1	0.0	SSW	0.00	0.4	SSW	26.3	30.1	30.1	29.6	1009.3	0.00	0.0	0	0.00	0	0.0	0.00	0.0	0.000	0.167	27.9	89	26.0	33.7	19.72	1.1297	0.00	596	8	100.0	30
23-04-26	8:00 p	26.1	26.3	26.0	94	25.0	0.0	---	0.00	0.0	---	26.1	29.7	29.7	29.1	1009.5	0.00	0.0	0	0.00	0	0.0	0.00	0.0	0.000	0.161	27.7	89	25.7	32.9	19.77	1.1316	0.00	599	8	100.0	30
23-04-26	8:30 p	25.8	26.1	25.8	94	24.8	0.0	---	0.00	0.0	---	25.8	29.1	29.1	28.5	1009.7	0.00	0.0	0	0.00	0	0.0	0.00	0.0	0.000	0.156	27.4	89	25.4	32.1	19.82	1.1334	0.00	597	8	100.0	30
23-04-26	9:00 p	25.7	25.8	25.7	94	24.7	0.0	---	0.00	0.0	---	25.7	28.9	28.9	28.3	1009.5	0.00	0.0	0	0.00	0	0.0	0.00	0.0	0.000	0.154	27.3	90	25.5	31.9	20.36	1.1335	0.00	599	8	100.0	30
23-04-26	9:30 p	25.7	25.8	25.7	94	24.7	0.0	SSW	0.00	0.4	SSW	25.7	28.9	28.9	28.3	1009.9	0.00	0.0	0	0.00	0	0.0	0.00	0.0	0.000	0.154	27.2	90	25.4	31.7	20.38	1.1346	0.00	600	8	100.0	30
23-04-26	10:00 p	25.8	25.9	25.7	94	24.7	0.0	NNE	0.00	1.3	NE	25.8	29.0	29.0	28.4	1009.9	0.00	0.0	0	0.00	0	0.0	0.00	0.0	0.000	0.155	27.2	90	25.4	31.7	20.38	1.1346	0.00	600	8	100.0	30
23-04-26	10:30 p	25.9	25.9	25.8	94	24.8	0.0	---	0.00	0.0	---	25.9	29.3	29.3	28.7	1009.8	0.00	0.0	0	0.00	0	0.0	0.00	0.0	0.000	0.157	27.1	91	25.5	31.6	20.99	1.1346	0.00	600	8	100.0	30
23-04-26	11:00 p	25.9	25.9	25.8	94	24.8	0.0	NNE	0.00	0.4	NNE	25.9	29.3	29.3	28.7	1009.6	0.00	0.0	0	0.00	0	0.0	0.00	0.0	0.000	0.157	27.1	91	25.5	31.6	20.99	1.1344	0.00	599	8	100.0	30
23-04-26	11:30 p	25.9	26.0	25.8	94	24.8	0.0	---	0.00	0.0	---	25.9	29.3	29.3	28.7	1009.3	0.00	0.0	0	0.00	0	0.0	0.00	0.0	0.000	0.157	27.1	91	25.5	31.6	20.99	1.1341	0.00	600	8	100.0	30
23-04-27	12:00 a	25.7	25.9	25.7	94	24.7	0.0	---	0.00	0.0	---	25.7	28.9	28.9	28.3	1008.8	0.00	0.0	0	0.00	0	0.0	0.00	0.0	0.000	0.154	26.9	92	25.5	31.4	21.16	1.1338	0.00	599	8	100.0	30
23-04-27	12:30 a	25.4	25.8	25.4	94	24.4	0.0	---	0.00	0.0	---	25.4	28.3	28.3	27.7	1008.7	0.00	0.0	0	0.00	0	0.0	0.00	0.0	0.000	0.148	26.7	91	25.1	30.7	21.04	1.1354	0.00	597	8	100.0	30
23-04-27	1:00 a	25.3	25.4	25.3	95	24.4	0.0	---	0.00	0.0	---	25.3	28.0	28.0	27.4	1008.7	0.00	0.0	0	0.00	0	0.0	0.00	0.0	0.000	0.145	26.6	92	25.1	30.5	21.15	1.1361	0.00	599	8	100.0	30
23-04-27	1:30 a	25.4	25.4	25.3	95	24.5	0.0	NNE	0.00	0.4	NNE	25.4	28.2	28.2	27.6	1008.5	0.00	0.0	0	0.00	0	0.0	0.00	0.0	0.000	0.147	26.5	92	25.1	30.4	21.14	1.1361	0.00	599	8	100.0	30
23-04-27	2:00 a	25.3	25.4	25.3	95	24.5	0.0	---	0.00	0.0	---	25.3	28.1	28.1	27.5	1008.3	0.00	0.0	0	0.00	0	0.0	0.00	0.0	0.000	0.146	26.4	92	25.0	30.1	21.14	1.1366	0.00	599	8	100.0	30
23-04-27	2:30 a	25.3	25.4	25.3	95	24.5	0.0	---	0.00	0.0	---	25.3	28.1	28.1	27.5	1008.3	0.00	0.0	0	0.00	0	0.0	0.00	0.0	0.000	0.146	26.3	92	24.9	29.9	21.14	1.1372	0.00	599	8	100.0	30
23-04-27	3:00 a	25.2	25.3	25.2	95	24.4	0.0	---	0.00	0.0	---	25.2	27.9	27.9	27.3	1008.4	0.00	0.0	0	0.00	0	0.0	0.00	0.0	0.000	0.144	26.3	93	25.1	30.0	21.24	1.1370	0.00	599	8	100.0	30
23-04-27	3:30 a	25.2	25.3	25.2	95	24.3	0.0	---	0.00	0.0	---	25.2	27.8	27.8	27.2	1008.7	0.00	0.0	0	0.00	0	0.0	0.00	0.0	0.000	0.142	26.2	93	25.0	29.9	21.23	1.1376	0.00	599	8	100.0	30
23-04-27	4:00 a	25.1	25.2	25.1	95	24.3	0.0	NNE	0.00	0.4	NNE	25.1	27.7	27.7	27.1	1008.8	0.00	0.0	0	0.00	0	0.0	0.00	0.0	0.000	0.141	26.1	92	24.7	29.5	21.13	1.1388	0.00	600	8	100.0	30
23-04-27	4:30 a	25.1	25.1	25.0	95	24.2	0.0	NNE	0.00	0.4	NNE	25.1	27.6	27.6	27.0	1008.9	0.00	0.0	1	0.04	7	0.0	0.00	0.0	0.000	0.140	26.1	92	24.7	29.4	21.13	1.1393	0.00	598	8	100.0	30
23-04-27	5:00 a	25.2	25.2	25.0	95	24.3	0.0	NNE	0.00	0.4	NNE	25.2	27.8	27.8	27.4	1008.9	0.00	0.0	15	0.65	32	0.0	0.00	0.0	0.000	0.142	26.1	93	24.8	29.5	21.23	1.1388	0.00	599	8	100.0	30
23-04-27	5:30 a	25.6	25.6	25.2	95	24.8	0.0	NNE	0.00	0.4	NNE	25.6	28.7	28.7	28.6	1009.2	0.00	0.0	40	1.72	44	0.0	0.00	0.0	0.000	0.152	26.2	94	25.2	30.0	21.35	1.1378	0.00	600	8	100.0	30
23-04-27	6:00 a	25.8	25.9	25.6	95	25.0	0.0	NNE	0.00	0.4	NNE	25.8	29.2	29.2	29.3	1009.5	0.00	0.0	49	2.11	58	0.0	0.00	0.0	0.000	0.156	26.6	94	25.5	30.8	21.35	1.1361	0.03	599	8	100.0	30
23-04-27	6:30 a	26.3	26.3	25.8	95	25.5	0.0	NNE	0.00	0.4	NNE	26.3	30.4	30.4	31.3	1009.8	0.00	0.0	49	2.11	62	0.1	0.02	1.1	0.000	0.167	27.3	94	26.2	32.6	21.37	1.1321	0.00	598	8	100.0	30
23-04-27	7:00 a	27.6	27.6	26.3	94	26.5	0.4	NNE	0.80	1.3	W	27.6	33.5	33.5	34.8	1010.1	0.00	0.0	73	3.14	95	1.4	0.30	1.7	0.000	0.192	28.3	88	26.2	34.5	19.05	1.1287	0.05	600	8	100.0	30
23-04-27	7:30 a	29.4	29.4	27.6	85	26.7	0.4	W	0.80	1.8	SSE	29.4	36.9	36.9	44.1	1010.4	0.00	0.0	519	22.32	671	2.9	0.62	3.8	0.000	0.231	29.2	86	26.6	36.6	18.07	1.1246	0.00	600	8	100.0	30
23-04-27	8:00 a	29.2	29.8	29.2	88	27.0	0.4	W	0.80	1.8	W	29.2	37.0	37.0	39.6	1010.5	0.00	0.0	175	7.53	661	2.9	0.62	4.6	0.000	0.226	29.5	85	26.7	37.1	17.64	1.1235	0.25	598	8	100.0	30
23-04-27	8:30 a	30.5	30.5	28.7	83	27.3	0.4	S	0.80	1.8	S	30.5	39.8	39.8	46.7	1010.4	0.00	0.0	606	26.06	831	5.0	1.07	6.3	0.000	0.253	29.8	82	26.4	37.1	16.53	1.1232	0.00	598	8	100.0	30
23-04-27	9:00 a	32.2	32.4	30.6	74	27.0	0.9	SW	1.61	3.1	SW	32.2	42.6	42.6	49.3	1010.0	0.00	0.0	768	33.03	905	6.7	1.44	8.2	0.000	0.289	30.3	78	26.1	37.7	15.02	1.1213	0.46	598	8	100.0	30
23-04-27	9:30 a	32.4	32.4	31.4	72	26.7	0.9	SW	1.61	3.1	S	32.4	42.6	42.6	49.6	1010.1	0.00	0.0	807	34.71	935	8.2	1.76	9.5	0.000	0.294	30.7	73	25.3	37.4	13.50	1.1217	0.00	600	8	100.0	30
23-04-27	10:00 a	32.7	32.9	31.9	73	27.2	0.9	SW	1.61	3.1	W	32.7	44.1	44.1	50.7	1010.1	0.00	0.0	915	39.35	932	8.3	1.78	9.9	0.000	0.300	31.1	74	25.9	38.3	13.79	1.1189	0.58	599	8	100.0	30
23-04-27	10:30 a	32.9	32.9	31.9	74	27.6	0.9	S	1.61	3.1	S	32.9	45.2	45.2	52.1	1010.0	0.00	0.0	944	40.60	1021	6.5	1.39	10.9	0.000	0.303	31.4	74	26.2	39.6	13.78	1.1168	0.00	600	8	100.0	30
23-04-27	11:00 a	32.5	32.9	32.3	74	27.3	0.9	WSW	1.61	3.6	WNW	32.5	43.7	43.7	50.6	1009.8	0.00	0.0	955	41.07	986	10.9	2.34	11.1	0.000	0.295	31.7	73	26.2	40.1	13.47	1.1158	0.66	599	8	100.0	30
23-04-27	11:30 a	32.7	33.1	32.3	73	27.2	0.9	SW	1.61	3.1	WSW	32.7	43.8	43.8	50.8	1009.4	0.00	0.0	938	40.34	944	10.7	2.29	10.9	0.000	0.299	32.0	74	26.8	41.8	13.76	1.1129	0.00	599	8	100.0	30
23-04-27	12:00 p	32.6	33.2	32.1	73	27.1	0.9	SE	1.61	2.7	S	32.6	43.6	43.6	50.8	1009.0	0.00	0.0	906	38.96	928	10.0	2.14	10.4	0.000	0.297	32.2	74	26.9	42.4	13.75	1.1114	0.63	598	8	100.0	30
23-04-27	12:30 p	32.6	33.1	32.3	74	27.3	0.9	SSW	1.61	3.1	SW	32.6	43.9	43.9	51.2	1008.6	0.00	0.0	854	36.73	882	8.9	1.91	9.4	0.000	0.296	32.1	74	26.8	41.9	13.76	1.1116	0.00	598	8	100.0	30
23-04-27	1:00 p	32.6	32.6	32.1	75	27.5	0.9	SSW	1.61	3.6	WSW	32.6	44.3	44.3	51.6	1008.2	0.00	0.0	795	34.19	849	7.3	1.56	8.1	0.000	0.296	31.8	75	26.8	41.5	14.08	1.1119	0.56	597	8	100.0	30
23-04-27	1:30 p	32.2	32.8	32.0	77	27.7	0.9	SSW	1.61	3.1	W	32.2	43.9	43.9	50.9	1007.6	0.00	0.0	706	30.36	761	6.0	1.29	6.7	0.000	0.289	31.5	76	26.8	40.6	14.33	1.1127	0.00	600	8	100.0	30
23-04-27	2:00 p	31.9	32.7	31.8	78	27.6	0.9	SSW	1.61	3.1	W	31.9	43.2	43.2	49.6	1007.2	0.00	0.0	574	24.69	654	4.5	0.96	5.2	0.000	0.284	31.2	78	26.9	39.8	14.90	1.1131	0.46	600	8	100.0	30
23-04-27	2:30 p	31.7	32.1	31.1	78	27.4	0.9	SW	1.61	3.1	SSE	31.7	42.1	42.1	47.7	1007.2	0.00	0.0	449	19.31	496	3.1	0.66	3.7	0.000	0.278	30.8	79	26.7	39.2	15.31	1.1149	0.00	600	8	100.0	30
23-04-27	3:00 p	30.6	31.7	30.6	81	27.0	0.4	SW	0.80	1.8	S	30.6	39.4	39.4	43.6	1007.1	0.00	0.0	286	12.30	424	1.7	0.36	2.4	0.000	0.256	30.6	80	26.7	38.9	15.67	1.1157	0.25	598	8	100.0	30
23-04-27	3:30 p	30.2	31.2	30.1	81	26.6	0.9	SSW	1.61	2.7	SW	30.2	38.2	38.2	40.8	1006.8	0.00	0.0	159	6.84	348	0.9	0.19	1.3	0.000	0.248	30.4	80	26.5	38.4	15.68	1.1164	0.00	597	8	100.0	30
23-04-27	4:00 p	29.8	30.3	29.8	81	26.2	0.4	SSW	0.80	1.8	SW	29.8	36.9	36.9	38.2	1007.1	0.00	0.0	74	3.18	88	0.1	0.02	0.6	0.000	0.240	30.2	80	26.3	37.7	15.70	1.1180	0.10	599	8	100.0	30
23-04-27	4:30 p	28.5	29.8	28.5	85	25.7	0.0	SSW	0.00	1.3	SE	28.5	34.4	34.4	34.6	1007.3	0.00	0.0	19	0.82	39	0.0	0.00	0.0	0.000	0.212	29.9	80	26.1	36.8	15.72	1.1198	0.00	598	8	100.0	30
23-04-27	5:00 p	27.6	28.4	27.6	89	25.6	0.0	SE	0.00	0.4	SE	27.6	32.7	32.7	32.3	1007.4	0.00	0.0	5	0.22	9	0.0	0.00	0.0	0.000	0.193	29.3	83	26.1	36.2	16.86	1.1218	0.03	597	8	100.0	30
23-04-27	5:30 p	26.9	27.7	26.9	90	25.2	0.0	SE	0.00	0.9	SE	26.9	31.1	31.1	30.6	1007.8	0.00	0.0	0	0.00	0	0.0	0.00	0.0	0.000	0.179	28.9	85	26.1	35.6	17.71	1.1241	0.00	598	8	100.0	30
23-04-27	6:00 p	26.6	26.9	26.6	91	25.0	0.0	SE	0.00	0.9	SE	26.6	30.3	30.3	29.8	1008.3	0.00	0.0	0	0.00	0	0.0	0.00	0.0	0.000	0.171	28.4	86	25.9	34.4	18.16	1.1268	0.00	599	8	100.0	30
23-04-27	6:30 p	26.5	26.6	26.4	92	25.1	0.0	SE	0.00	0.4	SE	26.5	30.4	30.4	29.8	1008.6	0.00	0.0	0	0.00	0	0.0	0.00	0.0	0.000	0.170	28.2	87	25.8	33.9	18.59	1.1284	0.00	598	8	100.0	30
23-04-27	7:00 p	26.3	26.6	26.3	92	24.9	0.0	SE	0.00	0.4	SE	26.3	29.9	29.9	29.3	1009.1	0.00	0.0	0	0.00	0	0.0	0.00	0.0	0.000	0.166	27.9	88	25.7	33.3	19.13	1.1301	0.00	598	8	100.0	30
23-04-27	7:30 p	26.2	26.3	26.2	93	24.9	0.0	SE	0.00	0.4	SE	26.2	29.8	29.8	29.2	1009.4	0.00	0.0	0	0.00	0	0.0	0.00	0.0	0.000	0.163	27.7	89	25.7	33.1	19.76	1.1311	0.00	600	8	100.0	30
23-04-27	8:00 p	26.0	26.2	26.0	93	24.8	0.0	---	0.00	0.0	---	26.0	29.4	29.4	28.8	1009.4	0.00	0.0	0	0.00	0	0.0	0.00	0.0	0.000	0.160	27.5	89	25.5	32.4	19.80	1.1324	0.00	598	8	100.0	30
23-04-27	8:30 p	25.7	26.0	25.7	93	24.4	0.0	SE	0.00	0.4	SE	25.7	28.7	28.7	28.1	1009.9	0.00	0.0	0	0.00	0	0.0	0.00	0.0	0.000	0.153	27.2	90	25.4	31.8	20.37	1.1342	0.00	599	8	100.0	30
23-04-27	9:00 p	25.6	25.8	25.6	93	24.3	0.0	---	0.00	0.0	---	25.6	28.4	28.4	27.8	1010.0	0.00	0.0	0	0.00	0	0.0	0.00	0.0	0.000	0.150	27.1	90	25.3	31.4	20.39	1.1354	0.00	598	8	100.0	30
23-04-27	9:30 p	25.4	25.6	25.4	94	24.4	0.0	---	0.00	0.0	---	25.4	28.3	28.3	27.7	1010.1	0.00	0.0	0	0.00	0	0.0	0.00	0.0	0.000	0.148	26.8	90	25.1	30.8	20.43	1.1368	0.00	599	8	100.0	30
23-04-27	10:00 p	25.3	25.5	25.3	94	24.2	0.0	---	0.00	0.0	---	25.3	27.9	27.9	27.3	1009.7	0.00	0.0	0	0.00	0	0.0	0.00	0.0	0.000	0.145	26.6	91	25.0	30.4	21.05	1.1373	0.00	599	8	100.0	30
23-04-27	10:30 p	25.1	25.3	25.1	94	24.1	0.0	---	0.00	0.0	---	25.1	27.7	27.7	27.1	1009.5	0.00	0.0	0	0.00	0	0.0	0.00	0.0	0.000	0.141	26.4	91	24.9	30.1	21.04	1.1379	0.00	600	8	100.0	30
23-04-27	11:00 p	25.0	25.2	24.9	94	24.0	0.0	---	0.00	0.0	---	25.0	27.4	27.4	26.8	1009.2	0.00	0.0	0	0.00	0	0.0	0.00	0.0	0.000	0.139	26.3	91	24.7	29.8	21.04	1.1387	0.00	600	8	100.0	30
23-04-27	11:30 p	24.9	25.0	24.9	94	23.9	0.0	---	0.00	0.0	---	24.9	27.3	27.3	26.7	1008.8	0.00	0.0	0	0.00	0	0.0	0.00	0.0	0.000	0.137	26.1	92	24.7	29.5	21.13	1.1387	0.00	598	8	100.0	30
23-04-28	12:00 a	24.9	24.9	24.8	94	23.9	0.0	---	0.00	0.0	---	24.9	27.3	27.3	26.7	1008.7	0.00	0.0	0	0.00	0	0.0	0.00	0.0	0.000	0.137	26.3	91	24.7	29.8	21.04	1.1381	0.00	598	8	100.0	30
23-04-28	12:30 a	25.1	25.1	24.9	94	24.0	0.0	---	0.00	0.0	---	25.1	27.6	27.6	26.9	1008.2	0.00	0.0	0	0.00	0	0.0	0.00	0.0	0.000	0.140	26.2	92	24.8	29.8	21.13	1.1374	0.00	597	8	100.0	30
23-04-28	1:00 a	25.3	25.3	25.0	95	24.4	0.0	---	0.00	0.0	---	25.3	28.0	28.0	27.4	1008.0	0.00	0.0	0	0.00	0	0.0	0.00	0.0	0.000	0.145	26.3	92	24.9	30.0	21.14	1.1365	0.00	597	8	100.0	30
23-04-28	1:30 a	25.3	25.4	25.2	95	24.4	0.0	---	0.00	0.0	---	25.3	28.0	28.0	27.4	1007.7	0.00	0.0	0	0.00	0	0.0	0.00	0.0	0.000	0.145	26.7	92	25.3	30.7	21.15	1.1342	0.00	596	8	100.0	30
23-04-28	2:00 a	25.4	25.4	25.3	95	24.6	0.0	---	0.00	0.0	---	25.4	28.3	28.3	27.8	1007.7	0.00	0.0	0	0.00	0	0.0	0.00	0.0	0.000	0.148	26.8	92	25.4	31.0	21.15	1.1335	0.00	598	8	100.0	30
23-04-28	2:30 a	25.8	25.8	25.4	95	24.9	0.0	SE	0.00	0.4	SE	25.8	29.1	29.1	28.6	1007.6	0.00	0.0	0	0.00	0	0.0	0.00	0.0	0.000	0.155	27.0	92	25.6	31.6	21.16	1.1321	0.00	597	8	100.0	30
23-04-28	3:00 a	25.6	25.8	25.6	95	24.7	0.0	---	0.00	0.0	---	25.6	28.6	28.6	28.0	1007.9	0.00	0.0	0	0.00	0	0.0	0.00	0.0	0.000	0.150	27.1	91	25.5	31.6	20.99	1.1325	0.00	599	8	100.0	30
23-04-28	3:30 a	25.3	25.6	25.3	95	24.5	0.0	---	0.00	0.0	---	25.3	28.1	28.1	27.6	1008.2	0.00	0.0	0	0.00	0	0.0	0.00	0.0	0.000	0.146	26.9	91	25.3	31.1	21.02	1.1338	0.00	599	8	100.0	30
23-04-28	4:00 a	25.2	25.4	25.2	95	24.4	0.0	SE	0.00	0.4	SE	25.2	27.9	27.9	27.3	1008.5	0.00	0.0	0	0.00	0	0.0	0.00	0.0	0.000	0.144	26.8	91	25.2	31.0	21.03	1.1345	0.00	598	8	100.0	30
23-04-28	4:30 a	25.2	25.3	25.2	95	24.3	0.0	SE	0.00	0.4	SE	25.2	27.8	27.8	27.2	1008.7	0.00	0.0	0	0.00	0	0.0	0.00	0.0	0.000	0.142	26.6	91	25.0	30.4	21.05	1.1361	0.00	597	8	100.0	30
23-04-28	5:00 a	25.3	25.3	25.2	95	24.4	0.0	NE	0.00	0.9	SE	25.3	28.0	28.0	27.5	1009.0	0.00	0.0	8	0.34	14	0.0	0.00	0.0	0.000	0.145	26.8	91	25.2	30.8	21.03	1.1355	0.00	599	8	100.0	30
23-04-28	5:30 a	25.5	25.5	25.2	95	24.6	0.0	NE	0.00	0.4	NE	25.5	28.4	28.4	28.3	1009.5	0.00	0.0	32	1.38	51	0.0	0.00	0.0	0.000	0.149	26.9	92	25.5	31.3	21.16	1.1350	0.00	599	8	100.0	30
23-04-28	6:00 a	26.2	26.2	25.5	95	25.3	0.0	NE	0.00	0.4	NE	26.2	30.0	30.0	30.6	1010.0	0.00	0.0	83	3.57	113	0.4	0.09	0.7	0.000	0.163	27.6	91	26.0	32.9	20.92	1.1319	0.03	600	8	100.0	30
23-04-28	6:30 a	26.4	26.4	26.0	95	25.6	0.0	NE	0.00	0.4	NE	26.4	30.7	30.7	33.5	1010.9	0.00	0.0	131	5.63	148	0.9	0.19	0.9	0.000	0.169	28.4	89	26.4	34.9	19.64	1.1289	0.00	600	8	100.0	30
23-04-28	7:00 a	27.2	27.2	26.4	95	26.3	0.4	NE	0.80	1.3	NE	27.2	32.4	32.4	34.8	1011.3	0.00	0.0	125	5.38	174	1.0	0.21	1.6	0.000	0.184	28.7	89	26.7	35.8	19.59	1.1276	0.08	601	8	100.0	30
23-04-28	7:30 a	27.8	27.9	27.2	93	26.6	0.4	NE	0.80	1.8	SSE	27.8	34.2	34.2	39.1	1011.8	0.00	0.0	301	12.94	496	2.4	0.51	3.0	0.000	0.198	29.2	89	27.2	37.4	19.49	1.1247	0.00	598	8	100.0	30
23-04-28	8:00 a	28.2	28.4	27.8	91	26.6	0.0	S	0.00	1.3	N	28.2	34.8	34.8	37.4	1011.8	0.00	0.0	175	7.53	446	2.7	0.58	4.3	0.000	0.206	29.5	88	27.3	37.9	18.84	1.1236	0.18	600	8	100.0	30
23-04-28	8:30 a	27.8	28.4	27.7	92	26.4	0.4	SSE	0.80	1.3	SE	27.8	33.8	33.8	35.7	1011.8	0.00	0.0	150	6.45	183	3.1	0.66	3.3	0.000	0.197	29.3	88	27.1	37.4	18.87	1.1245	0.00	599	8	100.0	30
23-04-28	9:00 a	30.5	30.5	27.7	82	27.1	0.4	SSE	0.80	2.2	S	30.5	39.5	39.5	46.4	1011.6	0.00	0.0	692	29.76	923	6.7	1.44	8.6	0.000	0.253	29.9	84	26.9	38.0	17.21	1.1225	0.28	597	8	100.0	30
23-04-28	9:30 a	31.5	31.6	30.3	78	27.2	0.9	SSW	1.61	2.2	S	31.5	41.3	41.3	47.9	1011.3	0.00	0.0	892	38.36	911	9.1	1.95	9.7	0.000	0.274	30.8	81	27.2	40.0	16.05	1.1183	0.00	599	8	100.0	30
23-04-28	10:00 a	31.7	31.9	31.4	77	27.1	0.9	SW	1.61	1.8	SW	31.7	41.7	41.7	48.0	1011.0	0.00	0.0	923	39.69	935	8.0	1.71	10.0	0.000	0.278	31.4	78	27.1	40.8	14.87	1.1161	0.61	598	8	100.0	30
23-04-28	10:30 a	32.1	32.7	31.5	76	27.3	0.9	WSW	1.61	2.7	W	32.1	43.0	43.0	49.9	1010.5	0.00	0.0	937	40.30	984	6.6	1.41	11.0	0.000	0.287	31.7	78	27.4	42.3	14.82	1.1136	0.00	600	8	100.0	30
23-04-28	11:00 a	32.7	32.9	32.1	76	27.9	0.9	SW	1.61	2.7	SW	32.7	45.3	45.3	52.2	1010.0	0.00	0.0	954	41.03	963	11.0	2.36	11.1	0.000	0.299	31.9	76	27.1	42.1	14.29	1.1131	0.66	598	8	100.0	30
23-04-28	11:30 a	32.2	32.9	31.9	78	27.8	0.9	SSW	1.61	2.7	SSE	32.2	44.1	44.1	51.0	1009.5	0.00	0.0	945	40.64	991	10.7	2.29	11.2	0.000	0.288	31.7	76	27.0	41.4	14.30	1.1135	0.00	598	8	100.0	30
23-04-28	12:00 p	31.9	32.5	31.8	76	27.1	0.9	SSE	1.61	2.7	SSE	31.9	42.1	42.1	49.3	1008.8	0.00	0.0	907	39.01	935	10.1	2.16	10.6	0.000	0.282	31.9	75	26.9	41.7	14.07	1.1123	0.63	598	8	100.0	30
23-04-28	12:30 p	32.6	32.8	31.8	75	27.5	0.9	SSW	1.61	2.2	S	32.6	44.3	44.3	51.7	1008.4	0.00	0.0	866	37.24	898	9.0	1.93	9.6	0.000	0.296	32.0	74	26.8	41.8	13.76	1.1117	0.00	600	8	100.0	30
23-04-28	1:00 p	32.4	32.7	31.5	74	27.2	0.9	S	1.61	3.1	SSW	32.4	43.2	43.2	50.4	1008.1	0.00	0.0	759	32.64	942	7.1	1.52	8.5	0.000	0.293	31.7	75	26.7	40.8	14.09	1.1127	0.56	598	8	100.0	30
23-04-28	1:30 p	32.5	33.1	32.1	75	27.5	0.4	SSE	0.80	2.2	SSW	32.5	44.1	44.1	51.1	1007.9	0.00	0.0	701	30.15	745	6.0	1.29	6.7	0.000	0.295	31.3	77	26.8	40.2	14.65	1.1135	0.00	599	8	100.0	30
23-04-28	2:00 p	31.6	32.5	31.6	76	26.8	0.4	ESE	0.80	2.2	S	31.6	40.8	40.8	47.0	1007.6	0.00	0.0	555	23.87	654	4.5	0.96	5.2	0.000	0.275	31.1	77	26.5	39.1	14.68	1.1147	0.43	600	8	100.0	30
23-04-28	2:30 p	31.3	31.6	31.2	79	27.3	0.4	S	0.80	2.2	SSW	31.3	40.9	40.9	46.1	1007.5	0.00	0.0	399	17.16	452	2.9	0.62	3.6	0.000	0.271	31.0	77	26.5	39.0	14.68	1.1150	0.00	599	8	100.0	30
23-04-28	3:00 p	30.9	31.3	30.9	79	26.8	0.4	SE	0.80	2.2	SSE	30.9	39.4	39.4	43.9	1007.3	0.00	0.0	310	13.33	373	1.8	0.39	2.3	0.000	0.262	30.7	80	26.9	39.3	15.66	1.1149	0.25	598	8	100.0	30
23-04-28	3:30 p	29.8	31.2	29.8	82	26.4	0.4	SW	0.80	2.2	WSW	29.8	37.2	37.2	39.8	1007.6	0.00	0.0	162	6.97	306	1.0	0.21	1.4	0.000	0.240	30.6	80	26.8	39.1	15.67	1.1159	0.00	599	8	100.0	30
23-04-28	4:00 p	29.1	29.8	29.0	86	26.5	0.0	SSE	0.00	0.9	SSE	29.1	36.3	36.3	37.2	1007.7	0.00	0.0	56	2.41	74	0.2	0.04	0.6	0.000	0.225	30.3	82	26.9	38.7	16.49	1.1170	0.08	600	8	100.0	30
23-04-28	4:30 p	27.9	29.1	27.9	87	25.6	0.0	ESE	0.00	0.9	ESE	27.9	33.3	33.3	33.6	1008.1	0.00	0.0	28	1.20	39	0.0	0.00	0.0	0.000	0.200	29.9	82	26.5	37.5	16.51	1.1195	0.00	599	8	100.0	30
23-04-28	5:00 p	27.6	28.0	27.6	90	25.8	0.0	ESE	0.00	1.8	NE	27.6	32.7	32.7	32.3	1008.8	0.00	0.0	5	0.22	16	0.0	0.00	0.0	0.000	0.192	29.8	82	26.4	37.1	16.53	1.1213	0.03	599	8	100.0	30
23-04-28	5:30 p	26.7	27.6	26.7	90	24.9	0.0	ESE	0.00	0.9	ESE	26.7	30.4	30.4	29.8	1009.0	0.00	0.0	0	0.00	0	0.0	0.00	0.0	0.000	0.174	29.4	82	26.0	36.2	16.55	1.1235	0.00	600	8	100.0	30
23-04-28	6:00 p	26.2	26.7	26.2	91	24.6	0.0	ESE	0.00	0.4	ESE	26.2	29.6	29.6	29.0	1009.5	0.00	0.0	0	0.00	0	0.0	0.00	0.0	0.000	0.164	29.1	83	25.9	35.6	16.88	1.1259	0.00	600	8	100.0	30
23-04-28	6:30 p	26.0	26.3	26.0	92	24.6	0.0	ESE	0.00	0.4	ESE	26.0	29.3	29.3	28.7	1010.0	0.00	0.0	0	0.00	0	0.0	0.00	0.0	0.000	0.160	28.7	83	25.5	34.8	16.90	1.1284	0.00	599	8	100.0	30
23-04-28	7:00 p	25.9	26.1	25.8	92	24.5	0.0	ESE	0.00	0.4	ESE	25.9	29.1	29.1	28.4	1010.2	0.00	0.0	0	0.00	0	0.0	0.00	0.0	0.000	0.157	28.4	84	25.5	34.1	17.32	1.1299	0.00	599	8	100.0	30
23-04-28	7:30 p	25.6	25.9	25.6	93	24.3	0.0	---	0.00	0.0	---	25.6	28.4	28.4	27.8	1010.4	0.00	0.0	0	0.00	0	0.0	0.00	0.0	0.000	0.150	28.1	85	25.3	33.3	17.79	1.1317	0.00	600	8	100.0	30
23-04-28	8:00 p	25.6	25.7	25.5	93	24.4	0.0	---	0.00	0.0	---	25.6	28.6	28.6	27.9	1010.7	0.00	0.0	0	0.00	0	0.0	0.00	0.0	0.000	0.152	28.1	86	25.5	33.4	18.20	1.1319	0.00	599	8	100.0	30
23-04-28	8:30 p	25.7	25.8	25.7	93	24.5	0.0	---	0.00	0.0	---	25.7	28.8	28.8	28.2	1011.1	0.00	0.0	0	0.00	0	0.0	0.00	0.0	0.000	0.154	28.1	86	25.5	33.4	18.20	1.1324	0.00	598	8	100.0	30
23-04-28	9:00 p	25.7	25.8	25.6	93	24.4	0.0	---	0.00	0.0	---	25.7	28.7	28.7	28.1	1011.3	0.00	0.0	0	0.00	0	0.0	0.00	0.0	0.000	0.153	27.9	86	25.4	33.1	18.21	1.1333	0.00	599	8	100.0	30
23-04-28	9:30 p	25.5	25.6	25.4	94	24.5	0.0	---	0.00	0.0	---	25.5	28.4	28.4	27.8	1011.1	0.00	0.0	0	0.00	0	0.0	0.00	0.0	0.000	0.149	27.7	87	25.3	32.5	18.64	1.1343	0.00	599	8	100.0	30
23-04-28	10:00 p	25.4	25.6	25.4	94	24.4	0.0	---	0.00	0.0	---	25.4	28.3	28.3	27.7	1011.0	0.00	0.0	0	0.00	0	0.0	0.00	0.0	0.000	0.148	27.6	88	25.4	32.4	19.19	1.1343	0.00	600	8	100.0	30
23-04-28	10:30 p	25.3	25.4	25.3	94	24.2	0.0	---	0.00	0.0	---	25.3	27.9	27.9	27.3	1010.8	0.00	0.0	0	0.00	0	0.0	0.00	0.0	0.000	0.145	27.4	88	25.2	31.9	19.22	1.1351	0.00	600	8	100.0	30
23-04-28	11:00 p	25.2	25.3	25.1	94	24.2	0.0	---	0.00	0.0	---	25.2	27.9	27.9	27.3	1010.2	0.00	0.0	0	0.00	0	0.0	0.00	0.0	0.000	0.144	27.2	88	25.1	31.4	19.25	1.1355	0.00	600	8	100.0	30
23-04-28	11:30 p	25.0	25.2	25.0	94	24.0	0.0	---	0.00	0.0	---	25.0	27.4	27.4	26.8	1009.8	0.00	0.0	0	0.00	0	0.0	0.00	0.0	0.000	0.139	27.1	88	24.9	31.1	19.28	1.1359	0.00	599	8	100.0	30
23-04-29	12:00 a	24.9	25.1	24.8	94	23.9	0.0	---	0.00	0.0	---	24.9	27.3	27.3	26.6	1009.5	0.00	0.0	0	0.00	0	0.0	0.00	0.0	0.000	0.137	26.9	88	24.7	30.7	19.31	1.1366	0.00	600	8	100.0	30
23-04-29	12:30 a	24.7	24.9	24.7	95	23.8	0.0	---	0.00	0.0	---	24.7	27.0	27.0	26.3	1009.4	0.00	0.0	0	0.00	0	0.0	0.00	0.0	0.000	0.132	26.8	89	24.8	30.6	19.93	1.1367	0.00	598	8	100.0	30
23-04-29	1:00 a	24.7	24.8	24.6	95	23.9	0.0	---	0.00	0.0	---	24.7	27.1	27.1	26.4	1009.1	0.00	0.0	0	0.00	0	0.0	0.00	0.0	0.000	0.133	26.7	89	24.7	30.3	19.95	1.1370	0.00	600	8	100.0	30
23-04-29	1:30 a	24.6	24.7	24.5	95	23.7	0.0	---	0.00	0.0	---	24.6	26.8	26.8	26.2	1008.7	0.00	0.0	0	0.00	0	0.0	0.00	0.0	0.000	0.130	26.5	89	24.5	29.9	19.95	1.1376	0.00	598	8	100.0	30
23-04-29	2:00 a	24.4	24.6	24.4	95	23.6	0.0	---	0.00	0.0	---	24.4	26.7	26.7	26.0	1008.6	0.00	0.0	0	0.00	0	0.0	0.00	0.0	0.000	0.127	26.4	89	24.4	29.7	19.95	1.1381	0.00	599	8	100.0	30
23-04-29	2:30 a	24.3	24.5	24.3	95	23.5	0.0	---	0.00	0.0	---	24.3	26.5	26.5	25.8	1008.4	0.00	0.0	0	0.00	0	0.0	0.00	0.0	0.000	0.125	26.3	89	24.4	29.6	19.95	1.1382	0.00	599	8	100.0	30
23-04-29	3:00 a	24.3	24.4	24.3	95	23.4	0.0	---	0.00	0.0	---	24.3	26.4	26.4	25.8	1008.6	0.00	0.0	0	0.00	0	0.0	0.00	0.0	0.000	0.124	26.2	89	24.2	29.3	19.95	1.1394	0.00	599	8	100.0	30
23-04-29	3:30 a	24.2	24.3	24.2	95	23.4	0.0	---	0.00	0.0	---	24.2	26.4	26.4	25.7	1009.2	0.00	0.0	0	0.00	0	0.0	0.00	0.0	0.000	0.123	26.1	89	24.1	29.1	19.95	1.1407	0.00	600	8	100.0	30
23-04-29	4:00 a	24.2	24.3	24.1	95	23.4	0.0	---	0.00	0.0	---	24.2	26.4	26.4	25.7	1009.4	0.00	0.0	0	0.00	0	0.0	0.00	0.0	0.000	0.123	25.9	89	24.0	28.8	19.95	1.1416	0.00	599	8	100.0	30
23-04-29	4:30 a	24.1	24.2	24.0	95	23.2	0.0	---	0.00	0.0	---	24.1	26.2	26.2	25.5	1009.8	0.00	0.0	0	0.00	0	0.0	0.00	0.0	0.000	0.119	25.8	89	23.9	28.7	19.95	1.1427	0.00	597	8	100.0	30
23-04-29	5:00 a	23.9	24.1	23.8	95	23.1	0.0	---	0.00	0.0	---	23.9	26.0	26.0	25.5	1010.0	0.00	0.0	11	0.47	23	0.0	0.00	0.0	0.000	0.117	25.7	89	23.8	28.4	19.95	1.1437	0.00	598	8	100.0	30
23-04-29	5:30 a	24.3	24.3	23.9	95	23.4	0.0	---	0.00	0.0	---	24.3	26.4	26.4	26.2	1010.6	0.00	0.0	34	1.46	44	0.0	0.00	0.0	0.000	0.124	25.6	91	24.0	28.3	21.01	1.1445	0.00	599	8	100.0	30
23-04-29	6:00 a	24.7	24.7	24.3	95	23.8	0.0	---	0.00	0.0	---	24.7	27.0	27.0	27.1	1010.7	0.00	0.0	52	2.24	60	0.1	0.02	0.6	0.000	0.132	25.9	92	24.5	29.2	21.12	1.1420	0.03	599	8	100.0	30
23-04-29	6:30 a	25.3	25.3	24.7	95	24.5	0.0	ESE	0.00	0.4	ESE	25.3	28.1	28.1	29.4	1010.7	0.00	0.0	67	2.88	74	0.9	0.19	1.2	0.000	0.146	26.8	91	25.2	30.8	21.03	1.1375	0.00	598	8	100.0	30
23-04-29	7:00 a	26.1	26.1	25.2	95	25.2	0.0	ESE	0.00	0.4	ESE	26.1	29.8	29.8	31.3	1011.1	0.00	0.0	85	3.66	111	1.4	0.30	1.7	0.000	0.161	28.0	90	26.2	34.0	20.26	1.1310	0.05	600	8	100.0	30
23-04-29	7:30 a	27.4	27.4	26.1	92	26.0	0.4	ESE	0.80	0.9	ESE	27.4	32.6	32.6	38.8	1011.3	0.00	0.0	457	19.65	571	3.0	0.64	3.9	0.000	0.189	29.1	88	26.9	36.7	18.92	1.1257	0.00	600	8	100.0	30
23-04-29	8:00 a	29.1	29.2	27.4	88	26.9	0.4	NE	0.80	1.3	NE	29.1	36.8	36.8	43.2	1011.6	0.00	0.0	473	20.34	673	4.2	0.90	5.5	0.000	0.225	29.7	85	26.9	37.5	17.63	1.1237	0.30	596	8	100.0	30
23-04-29	8:30 a	31.2	31.2	29.2	77	26.7	0.4	SSE	0.80	1.8	SSE	31.2	39.7	39.7	46.4	1011.9	0.00	0.0	695	29.89	737	6.2	1.33	6.9	0.000	0.269	30.6	80	26.7	38.9	15.67	1.1211	0.00	599	8	100.0	30
23-04-29	9:00 a	31.5	32.1	30.9	76	26.8	0.4	S	0.80	2.2	S	31.5	40.6	40.6	47.2	1011.6	0.00	0.0	772	33.20	816	7.7	1.65	8.4	0.000	0.274	31.2	78	26.9	39.8	14.90	1.1182	0.51	599	8	100.0	30
23-04-29	9:30 a	31.8	32.0	31.4	76	27.0	0.4	SE	0.80	2.2	SSW	31.8	41.7	41.7	48.7	1011.4	0.00	0.0	767	32.99	838	8.6	1.84	9.1	0.000	0.280	31.7	77	27.1	41.7	14.61	1.1156	0.00	600	8	100.0	30
23-04-29	10:00 a	32.1	32.3	31.7	76	27.3	0.9	SW	1.61	2.2	S	32.1	42.8	42.8	50.0	1011.1	0.00	0.0	811	34.88	853	7.2	1.54	9.2	0.000	0.286	31.9	75	26.9	41.7	14.07	1.1149	0.53	596	8	100.0	30
23-04-29	10:30 a	32.3	32.4	31.8	75	27.3	0.4	SSE	0.80	2.2	SSE	32.3	43.4	43.4	50.8	1011.0	0.00	0.0	814	35.01	888	6.6	1.41	10.3	0.000	0.292	32.2	74	26.9	42.4	13.75	1.1137	0.00	600	8	100.0	30
23-04-29	11:00 a	31.8	32.6	31.1	79	27.7	0.9	SE	1.61	2.2	SSW	31.8	43.2	43.2	49.7	1010.7	0.00	0.0	605	26.02	814	8.3	1.78	10.1	0.000	0.281	32.1	75	27.1	42.3	14.06	1.1135	0.48	598	8	100.0	30
23-04-29	11:30 a	32.1	32.5	31.8	76	27.3	0.9	SSW	1.61	2.7	SSW	32.1	43.0	43.0	50.4	1010.3	0.00	0.0	858	36.90	919	10.4	2.23	10.9	0.000	0.287	32.4	75	27.4	43.9	14.04	1.1107	0.00	598	8	100.0	30
23-04-29	12:00 p	32.2	32.3	31.8	78	27.9	0.9	SE	1.61	1.8	SW	32.2	44.3	44.3	51.6	1009.8	0.00	0.0	751	32.30	805	9.2	1.97	9.8	0.000	0.289	32.5	74	27.3	43.7	13.74	1.1103	0.56	599	8	100.0	30
23-04-29	12:30 p	32.4	32.4	31.8	78	28.1	0.9	ESE	1.61	2.2	ESE	32.4	45.1	45.1	52.3	1009.5	0.00	0.0	753	32.38	805	8.5	1.82	8.7	0.000	0.293	32.6	73	27.1	43.4	13.43	1.1102	0.00	600	8	100.0	30
23-04-29	1:00 p	32.0	32.8	31.4	79	27.9	0.4	ESE	0.80	2.7	SSE	32.0	43.8	43.8	50.6	1009.2	0.00	0.0	642	27.61	844	6.6	1.41	8.3	0.000	0.285	32.5	76	27.7	44.6	14.25	1.1085	0.48	600	8	100.0	30
23-04-29	1:30 p	31.4	32.1	31.4	79	27.3	1.3	SE	2.41	5.4	S	31.4	41.2	41.2	47.3	1008.7	0.00	0.0	559	24.04	756	5.0	1.07	6.1	0.000	0.272	32.2	77	27.6	43.7	14.56	1.1094	0.00	599	8	100.0	30
23-04-29	2:00 p	31.8	32.2	31.3	79	27.7	0.9	SSE	1.61	3.1	SE	31.8	42.9	42.9	49.1	1008.3	0.00	0.0	546	23.48	708	3.9	0.84	5.0	0.000	0.280	31.8	77	27.3	42.3	14.59	1.1110	0.38	596	8	100.0	30
23-04-29	2:30 p	31.8	31.8	31.1	80	28.0	0.9	SE	1.61	3.6	ESE	31.8	43.6	43.6	49.2	1008.1	0.00	0.0	443	19.05	533	2.9	0.62	3.4	0.000	0.281	31.7	78	27.4	42.3	14.82	1.1108	0.00	600	8	100.0	30
23-04-29	3:00 p	29.4	31.9	29.4	83	26.3	0.9	ESE	1.61	3.6	S	29.4	36.4	36.4	38.8	1008.1	0.00	0.0	168	7.22	501	1.4	0.30	2.4	0.000	0.231	31.6	78	27.3	41.8	14.84	1.1116	0.23	596	8	100.0	30
23-04-29	3:30 p	29.7	29.9	29.3	83	26.5	0.4	SSE	0.80	3.6	S	29.7	37.1	37.1	39.9	1008.6	0.00	0.0	174	7.48	352	1.0	0.21	1.3	0.000	0.236	31.1	79	27.0	39.9	15.27	1.1146	0.00	599	8	100.0	30
23-04-29	4:00 p	29.3	29.7	29.3	84	26.3	0.9	SE	1.61	3.1	SE	29.3	36.4	36.4	37.1	1008.8	0.00	0.0	48	2.06	60	0.0	0.00	0.6	0.000	0.229	30.8	79	26.7	39.2	15.31	1.1168	0.08	600	8	100.0	30
23-04-29	4:30 p	28.9	29.4	28.8	85	26.1	0.4	ESE	0.80	3.1	SE	28.9	35.6	35.6	36.3	1009.1	0.00	0.0	40	1.72	69	0.0	0.00	0.0	0.000	0.220	30.6	81	27.0	39.4	16.07	1.1171	0.00	599	8	100.0	30
23-04-29	5:00 p	27.8	28.9	27.8	90	26.0	0.0	S	0.00	1.8	NNE	27.8	33.6	33.6	33.1	1009.3	0.00	0.0	7	0.30	18	0.0	0.00	0.0	0.000	0.198	30.3	82	26.9	38.9	16.49	1.1185	0.03	598	8	100.0	30
23-04-29	5:30 p	27.3	27.9	27.3	91	25.7	0.0	S	0.00	0.4	S	27.3	32.3	32.3	31.7	1009.9	0.00	0.0	0	0.00	0	0.0	0.00	0.0	0.000	0.187	30.1	83	26.8	38.1	16.81	1.1204	0.00	599	8	100.0	30
23-04-29	6:00 p	27.1	27.3	27.1	92	25.7	0.0	---	0.00	0.0	---	27.1	31.8	31.8	31.3	1010.8	0.00	0.0	0	0.00	0	0.0	0.00	0.0	0.000	0.183	29.7	84	26.7	37.4	17.23	1.1229	0.00	600	8	100.0	30
23-04-29	6:30 p	26.9	27.2	26.9	92	25.5	0.0	S	0.00	0.9	S	26.9	31.4	31.4	30.9	1010.9	0.00	0.0	0	0.00	0	0.0	0.00	0.0	0.000	0.179	29.6	84	26.6	36.9	17.24	1.1240	0.00	600	8	100.0	30
23-04-29	7:00 p	27.3	27.3	26.9	90	25.5	0.4	NE	0.80	2.2	NE	27.3	31.9	31.9	31.4	1011.2	0.00	0.0	0	0.00	0	0.0	0.00	0.0	0.000	0.186	29.4	84	26.4	36.6	17.25	1.1254	0.00	599	8	100.0	30
23-04-29	7:30 p	27.2	27.4	27.1	89	25.2	0.9	NNE	1.61	3.6	NNE	27.2	31.5	31.5	30.9	1011.4	0.00	0.0	0	0.00	0	0.0	0.00	0.0	0.000	0.184	29.2	83	26.0	35.8	16.87	1.1275	0.00	599	8	100.0	30
23-04-29	8:00 p	26.8	27.2	26.8	89	24.9	0.4	NNW	0.80	2.7	NNW	26.8	30.7	30.7	30.1	1011.5	0.00	0.0	0	0.00	0	0.0	0.00	0.0	0.000	0.177	28.9	82	25.6	35.2	16.57	1.1294	0.03	600	8	100.0	30
23-04-29	8:30 p	26.8	26.9	26.8	89	24.8	0.4	NE	0.80	2.2	NNE	26.8	30.6	30.6	29.9	1011.9	0.00	0.0	0	0.00	0	0.0	0.00	0.0	0.000	0.176	28.8	82	25.5	34.9	16.57	1.1305	0.00	600	8	100.0	30
23-04-29	9:00 p	26.9	26.9	26.7	87	24.5	0.9	NNE	1.61	3.6	N	26.9	30.6	30.6	29.9	1011.5	0.00	0.0	0	0.00	0	0.0	0.00	0.0	0.000	0.178	28.7	82	25.3	34.6	16.58	1.1307	0.03	598	8	100.0	30
23-04-29	9:30 p	26.8	27.0	26.8	87	24.5	0.9	NE	1.61	3.1	W	26.8	30.4	30.4	29.8	1010.8	0.00	0.0	0	0.00	0	0.0	0.00	0.0	0.000	0.177	28.6	83	25.4	34.3	16.91	1.1304	0.00	598	8	100.0	30
23-04-29	10:00 p	26.2	26.8	26.2	90	24.4	0.0	NNW	0.00	0.9	W	26.2	29.4	29.4	28.8	1010.5	0.00	0.0	0	0.00	0	0.0	0.00	0.0	0.000	0.163	28.5	83	25.3	34.1	16.92	1.1304	0.03	598	8	100.0	30
23-04-29	10:30 p	25.8	26.4	25.8	91	24.3	0.0	ENE	0.00	1.8	NNW	25.8	28.8	28.8	28.2	1010.5	0.00	0.0	0	0.00	0	0.0	0.00	0.0	0.000	0.156	28.3	84	25.3	33.6	17.33	1.1312	0.00	599	8	100.0	30
23-04-29	11:00 p	25.5	25.8	25.5	92	24.1	0.0	---	0.00	0.0	---	25.5	28.3	28.3	27.7	1010.1	0.00	0.0	0	0.00	0	0.0	0.00	0.0	0.000	0.149	28.0	85	25.2	33.1	17.81	1.1320	0.00	597	8	100.0	30
23-04-29	11:30 p	25.3	25.5	25.3	93	24.1	0.0	---	0.00	0.0	---	25.3	27.9	27.9	27.3	1009.7	0.00	0.0	0	0.00	0	0.0	0.00	0.0	0.000	0.145	27.8	85	25.0	32.4	17.83	1.1328	0.00	599	8	100.0	30
23-04-30	12:00 a	25.4	25.4	25.3	93	24.2	0.0	NNW	0.00	1.3	NW	25.4	28.1	28.1	27.5	1009.0	0.00	0.0	0	0.00	0	0.0	0.00	0.0	0.000	0.147	27.7	85	25.0	32.3	17.84	1.1324	0.00	599	8	100.0	30
23-04-30	12:30 a	25.2	25.4	25.2	93	24.0	0.0	---	0.00	0.0	---	25.2	27.7	27.7	27.1	1008.7	0.00	0.0	0	0.00	0	0.0	0.00	0.0	0.000	0.142	27.5	86	24.9	31.9	18.26	1.1328	0.00	598	8	100.0	30
23-04-30	1:00 a	25.0	25.2	25.0	93	23.8	0.0	---	0.00	0.0	---	25.0	27.4	27.4	26.7	1008.6	0.00	0.0	0	0.00	0	0.0	0.00	0.0	0.000	0.139	27.3	86	24.7	31.3	18.28	1.1341	0.00	599	8	100.0	30
23-04-30	1:30 a	24.8	25.1	24.8	93	23.6	0.0	---	0.00	0.0	---	24.8	27.1	27.1	26.4	1008.5	0.00	0.0	0	0.00	0	0.0	0.00	0.0	0.000	0.134	26.6	88	24.5	30.1	19.35	1.1371	0.00	599	8	100.0	30
23-04-30	2:00 a	24.8	24.9	24.7	94	23.8	0.0	NNW	0.00	0.4	NNW	24.8	27.2	27.2	26.5	1008.4	0.00	0.0	0	0.00	0	0.0	0.00	0.0	0.000	0.135	26.3	89	24.4	29.6	19.95	1.1382	0.00	600	8	100.0	30
23-04-30	2:30 a	24.8	24.8	24.7	94	23.7	0.0	---	0.00	0.0	---	24.8	27.1	27.1	26.4	1008.5	0.00	0.0	0	0.00	0	0.0	0.00	0.0	0.000	0.134	26.2	89	24.2	29.3	19.95	1.1392	0.00	598	8	100.0	30
23-04-30	3:00 a	24.7	24.8	24.7	94	23.6	0.0	---	0.00	0.0	---	24.7	26.9	26.9	26.3	1008.5	0.00	0.0	0	0.00	0	0.0	0.00	0.0	0.000	0.132	26.2	90	24.5	29.5	20.45	1.1386	0.00	598	8	100.0	30
23-04-30	3:30 a	24.6	24.7	24.6	94	23.6	0.0	---	0.00	0.0	---	24.6	26.9	26.9	26.2	1008.7	0.00	0.0	0	0.00	0	0.0	0.00	0.0	0.000	0.131	26.6	88	24.4	29.9	19.36	1.1377	0.00	599	8	100.0	30
23-04-30	4:00 a	24.4	24.6	24.4	94	23.4	0.0	---	0.00	0.0	---	24.4	26.6	26.6	25.9	1009.0	0.00	0.0	0	0.00	0	0.0	0.00	0.0	0.000	0.126	26.5	88	24.3	29.8	19.36	1.1383	0.00	597	8	100.0	30
23-04-30	4:30 a	24.3	24.4	24.3	94	23.2	0.0	---	0.00	0.0	---	24.3	26.4	26.4	25.7	1009.3	0.00	0.0	0	0.00	0	0.0	0.00	0.0	0.000	0.124	26.3	88	24.2	29.5	19.37	1.1396	0.00	600	8	100.0	30
23-04-30	5:00 a	24.3	24.3	24.2	94	23.3	0.0	---	0.00	0.0	---	24.3	26.4	26.4	25.8	1009.5	0.00	0.0	4	0.17	11	0.0	0.00	0.0	0.000	0.125	26.3	88	24.1	29.4	19.38	1.1402	0.00	599	8	100.0	30
23-04-30	5:30 a	24.5	24.6	24.3	94	23.5	0.0	---	0.00	0.0	---	24.5	26.7	26.7	26.3	1010.1	0.00	0.0	20	0.86	46	0.0	0.00	0.0	0.000	0.128	26.3	89	24.4	29.6	19.95	1.1401	0.00	598	8	100.0	30
23-04-30	6:00 a	25.3	25.3	24.6	95	24.5	0.0	---	0.00	0.0	---	25.3	28.1	28.1	28.7	1010.4	0.00	0.0	86	3.70	118	0.2	0.04	0.6	0.000	0.146	26.5	90	24.7	30.1	20.45	1.1391	0.03	600	8	100.0	30
23-04-30	6:30 a	25.8	25.8	25.3	93	24.6	0.0	NNW	0.00	0.9	NNW	25.8	29.1	29.1	31.3	1010.9	0.00	0.0	106	4.56	141	0.9	0.19	1.2	0.000	0.156	27.6	89	25.6	32.6	19.79	1.1338	0.00	598	8	100.0	30
23-04-30	7:00 a	26.5	26.5	25.9	93	25.3	0.0	NNW	0.00	0.4	NNW	26.5	30.5	30.5	31.4	1011.3	0.00	0.0	58	2.49	97	0.5	0.11	1.7	0.000	0.170	28.5	87	26.1	34.8	18.55	1.1295	0.05	600	8	100.0	30
23-04-30	7:30 a	28.3	28.3	26.5	90	26.5	0.4	NNW	0.80	0.9	NNW	28.3	34.7	34.7	42.0	1011.7	0.00	0.0	523	22.49	647	3.3	0.71	4.3	0.000	0.207	29.4	85	26.7	36.9	17.65	1.1251	0.00	600	8	100.0	30
23-04-30	8:00 a	29.8	30.7	28.3	83	26.6	0.4	SSW	0.80	2.2	S	29.8	37.3	37.3	43.2	1011.7	0.00	0.0	424	18.23	745	4.0	0.86	5.2	0.000	0.238	30.1	82	26.7	38.1	16.50	1.1226	0.30	600	8	100.0	30
23-04-30	8:30 a	29.5	30.3	29.4	87	27.1	0.4	ESE	0.80	2.2	SSE	29.5	37.6	37.6	41.9	1011.7	0.00	0.0	323	13.89	454	4.1	0.88	4.7	0.000	0.233	30.3	81	26.7	38.3	16.09	1.1221	0.00	599	8	100.0	30
23-04-30	9:00 a	30.8	30.8	29.1	81	27.2	0.4	SSW	0.80	1.3	SSW	30.8	40.0	40.0	45.4	1011.4	0.00	0.0	453	19.48	497	5.3	1.14	5.8	0.000	0.260	30.6	79	26.6	38.8	15.32	1.1208	0.25	599	8	100.0	30
23-04-30	9:30 a	30.4	30.9	30.3	83	27.2	0.4	NE	0.80	1.8	S	30.4	39.4	39.4	44.7	1011.1	0.00	0.0	462	19.87	519	5.9	1.26	6.1	0.000	0.251	30.8	80	26.9	39.4	15.65	1.1190	0.00	599	8	100.0	30
23-04-30	10:00 a	31.7	31.7	30.2	82	28.2	0.4	SSW	0.80	2.7	S	31.7	43.9	43.9	50.4	1011.0	0.00	0.0	606	26.06	861	6.4	1.37	6.9	0.000	0.278	30.8	82	27.3	40.3	16.45	1.1178	0.36	599	8	100.0	30
23-04-30	10:30 a	31.4	32.1	30.9	80	27.5	0.9	S	1.61	2.7	S	31.4	41.6	41.6	48.5	1011.0	0.00	0.0	683	29.37	895	6.8	1.46	8.5	0.000	0.272	31.4	79	27.4	41.4	15.23	1.1154	0.00	598	8	100.0	30
23-04-30	11:00 a	30.3	31.6	30.2	85	27.5	0.4	SSW	0.80	2.2	SSE	30.3	39.8	39.8	44.7	1010.4	0.00	0.0	406	17.46	591	6.0	1.29	7.9	0.000	0.250	31.2	80	27.3	40.5	15.63	1.1158	0.36	599	8	100.0	30
23-04-30	11:30 a	30.3	30.4	30.2	83	27.1	0.4	SW	0.80	3.1	SSW	30.3	39.2	39.2	43.1	1009.9	0.00	0.0	313	13.46	353	4.8	1.03	5.3	0.000	0.250	31.2	80	27.4	40.8	15.62	1.1149	0.00	598	8	100.0	30
23-04-30	12:00 p	31.1	31.2	30.3	82	27.7	0.4	SE	0.80	2.2	S	31.1	41.1	41.1	46.7	1009.3	0.00	0.0	476	20.47	759	6.4	1.37	8.3	0.000	0.266	31.3	80	27.5	41.3	15.61	1.1135	0.28	600	8	100.0	30
23-04-30	12:30 p	31.7	31.9	30.9	81	28.0	0.9	SE	1.61	1.8	SE	31.7	43.4	43.4	50.1	1008.5	0.00	0.0	638	27.44	789	7.6	1.63	8.9	0.000	0.278	31.4	79	27.4	41.4	15.23	1.1125	0.00	600	8	100.0	30
23-04-30	1:00 p	31.6	31.9	31.3	81	27.9	0.9	SSW	1.61	3.6	SE	31.6	42.8	42.8	49.6	1008.3	0.00	0.0	649	27.91	826	7.0	1.50	8.4	0.000	0.275	31.7	79	27.6	42.5	15.21	1.1109	0.43	599	8	100.0	30
23-04-30	1:30 p	31.1	31.6	30.6	83	27.9	0.4	SE	0.80	2.2	SSE	31.1	41.6	41.6	46.4	1008.2	0.00	0.0	399	17.16	541	4.4	0.94	4.9	0.000	0.266	31.4	79	27.4	41.4	15.23	1.1121	0.00	597	8	100.0	30
23-04-30	2:00 p	30.1	31.3	30.1	85	27.3	0.4	SE	0.80	2.7	E	30.1	38.7	38.7	41.8	1008.0	0.00	0.0	245	10.54	541	2.8	0.60	4.5	0.000	0.244	31.4	79	27.4	41.4	15.23	1.1119	0.23	598	8	100.0	30
23-04-30	2:30 p	30.1	30.4	29.6	85	27.3	0.4	SE	0.80	1.8	SSE	30.1	38.9	38.9	42.2	1008.2	0.00	0.0	244	10.49	410	2.3	0.49	2.7	0.000	0.245	31.2	80	27.4	40.8	15.62	1.1129	0.00	598	8	100.0	30
23-04-30	3:00 p	30.9	30.9	29.6	83	27.7	0.4	SE	0.80	2.2	SSE	30.9	40.9	40.9	45.1	1008.1	0.00	0.0	285	12.26	547	1.6	0.34	2.0	0.000	0.262	31.1	80	27.2	40.2	15.63	1.1135	0.20	599	8	100.0	30
23-04-30	3:30 p	29.6	31.1	29.6	86	27.0	0.4	S	0.80	1.8	S	29.6	37.7	37.7	40.2	1007.9	0.00	0.0	152	6.54	434	0.9	0.19	1.5	0.000	0.235	30.9	80	27.1	39.8	15.64	1.1142	0.00	597	8	100.0	30
23-04-30	4:00 p	29.3	29.9	29.3	86	26.7	0.4	SE	0.80	1.8	SSW	29.3	36.9	36.9	38.6	1008.3	0.00	0.0	95	4.09	121	0.1	0.02	0.5	0.000	0.229	30.8	80	27.0	39.6	15.65	1.1153	0.10	599	8	100.0	30
23-04-30	4:30 p	28.7	29.5	28.7	88	26.5	0.0	SSW	0.00	1.8	S	28.7	35.7	35.7	36.7	1008.8	0.00	0.0	51	2.19	88	0.0	0.00	0.0	0.000	0.216	30.7	81	27.0	39.6	16.06	1.1165	0.00	596	8	100.0	30
23-04-30	5:00 p	28.1	28.7	28.1	91	26.4	0.0	SSW	0.00	0.4	SSW	28.1	34.4	34.4	34.0	1009.2	0.00	0.0	10	0.43	23	0.0	0.00	0.0	0.000	0.203	30.4	83	27.2	39.4	16.78	1.1176	0.03	599	8	100.0	30
23-04-30	5:30 p	27.6	28.1	27.6	92	26.1	0.0	SSW	0.00	0.9	SSW	27.6	33.1	33.1	32.6	1009.2	0.00	0.0	0	0.00	0	0.0	0.00	0.0	0.000	0.192	30.0	84	27.0	38.2	17.21	1.1195	0.00	599	8	100.0	30
23-04-30	6:00 p	26.8	27.7	26.8	93	25.6	0.0	SW	0.00	0.9	SW	26.8	31.2	31.2	30.6	1010.0	1.78	27.2	0	0.00	0	0.0	0.00	0.0	0.000	0.176	29.7	84	26.7	37.3	17.23	1.1223	0.00	599	8	100.0	30
23-04-30	6:30 p	26.2	26.8	26.2	93	24.9	0.4	N	0.80	2.2	N	26.2	29.8	29.8	29.2	1010.1	0.00	0.0	0	0.00	0	0.0	0.00	0.0	0.000	0.163	29.1	84	26.1	35.9	17.27	1.1258	0.00	598	8	100.0	30
23-04-30	7:00 p	26.1	26.2	26.1	93	24.8	0.0	N	0.00	0.9	N	26.1	29.5	29.5	28.9	1010.4	0.00	0.0	0	0.00	0	0.0	0.00	0.0	0.000	0.161	28.8	85	26.0	35.3	17.72	1.1277	0.00	597	8	100.0	30
23-04-30	7:30 p	25.7	26.1	25.7	94	24.6	0.0	N	0.00	0.9	N	25.7	28.7	28.7	28.1	1010.6	0.00	0.0	0	0.00	0	0.0	0.00	0.0	0.000	0.153	28.6	86	26.0	35.0	18.14	1.1284	0.00	593	8	100.0	30
23-04-30	8:00 p	25.3	25.7	25.3	94	24.3	0.0	N	0.00	1.3	N	25.3	28.1	28.1	27.4	1011.2	0.00	0.0	0	0.00	0	0.0	0.00	0.0	0.000	0.146	28.3	85	25.6	33.9	17.77	1.1313	0.00	596	8	100.0	30
23-04-30	8:30 p	25.2	25.3	25.2	94	24.2	0.0	---	0.00	0.0	---	25.2	27.9	27.9	27.2	1011.2	0.00	0.0	0	0.00	0	0.0	0.00	0.0	0.000	0.144	28.0	86	25.4	33.2	18.21	1.1329	0.00	599	8	100.0	30
23-04-30	9:00 p	24.9	25.2	24.9	94	23.9	0.0	---	0.00	0.0	---	24.9	27.4	27.4	26.7	1011.1	0.00	0.0	0	0.00	0	0.0	0.00	0.0	0.000	0.138	27.8	86	25.3	32.8	18.22	1.1337	0.00	599	8	100.0	30
23-04-30	9:30 p	25.0	25.0	24.8	94	24.0	0.0	---	0.00	0.0	---	25.0	27.4	27.4	26.8	1010.7	0.00	0.0	0	0.00	0	0.0	0.00	0.0	0.000	0.139	27.7	87	25.3	32.5	18.64	1.1337	0.00	597	8	100.0	30
23-04-30	10:00 p	24.8	25.1	24.7	95	23.9	0.0	---	0.00	0.0	---	24.8	27.2	27.2	26.5	1010.2	0.00	0.0	0	0.00	0	0.0	0.00	0.0	0.000	0.134	27.5	87	25.1	32.1	18.66	1.1341	0.00	597	8	100.0	30
23-04-30	10:30 p	24.6	24.8	24.6	95	23.7	0.0	---	0.00	0.0	---	24.6	26.8	26.8	26.2	1009.4	0.00	0.0	0	0.00	0	0.0	0.00	0.0	0.000	0.130	27.2	87	24.9	31.3	18.69	1.1348	0.00	597	8	100.0	30
23-04-30	11:00 p	24.4	24.6	24.4	95	23.6	0.0	---	0.00	0.0	---	24.4	26.7	26.7	26.0	1008.5	0.00	0.0	0	0.00	0	0.0	0.00	0.0	0.000	0.127	27.0	87	24.6	30.8	18.71	1.1352	0.00	600	8	100.0	30
23-04-30	11:30 p	24.5	24.6	24.4	95	23.6	0.0	---	0.00	0.0	---	24.5	26.7	26.7	26.1	1007.9	0.00	0.0	0	0.00	0	0.0	0.00	0.0	0.000	0.128	26.8	88	24.7	30.6	19.32	1.1350	0.00	596	8	100.0	30
23-05-01	12:00 a	24.5	24.5	24.4	95	23.6	0.0	---	0.00	0.0	---	24.5	26.7	26.7	26.1	1007.5	0.00	0.0	0	0.00	0	0.0	0.00	0.0	0.000	0.128	26.7	88	24.6	30.3	19.34	1.1352	0.00	596	8	100.0	30
23-05-01	12:30 a	24.7	24.7	24.5	95	23.8	0.0	---	0.00	0.0	---	24.7	27.0	27.0	26.3	1007.5	0.00	0.0	0	0.00	0	0.0	0.00	0.0	0.000	0.132	26.8	88	24.7	30.6	19.32	1.1345	0.00	592	8	100.0	30
23-05-01	1:00 a	24.7	24.8	24.6	95	23.8	0.0	---	0.00	0.0	---	24.7	27.0	27.0	26.3	1007.5	0.00	0.0	0	0.00	0	0.0	0.00	0.0	0.000	0.132	26.9	88	24.8	30.8	19.30	1.1339	0.00	596	8	100.0	30
23-05-01	1:30 a	24.6	24.7	24.6	95	23.7	0.0	---	0.00	0.0	---	24.6	26.8	26.8	26.2	1007.6	0.00	0.0	0	0.00	0	0.0	0.00	0.0	0.000	0.130	26.8	88	24.7	30.6	19.32	1.1346	0.00	592	8	100.0	30
23-05-01	2:00 a	24.7	24.7	24.6	95	23.8	0.0	---	0.00	0.0	---	24.7	27.0	27.0	26.3	1007.7	0.00	0.0	0	0.00	0	0.0	0.00	0.0	0.000	0.132	26.7	89	24.7	30.3	19.95	1.1354	0.00	590	8	100.0	30
23-05-01	2:30 a	24.8	24.8	24.6	95	23.9	0.0	---	0.00	0.0	---	24.8	27.2	27.2	26.5	1007.9	0.00	0.0	0	0.00	0	0.0	0.00	0.0	0.000	0.134	26.6	89	24.6	30.2	19.95	1.1359	0.00	595	8	100.0	30
23-05-01	3:00 a	24.8	25.0	24.7	95	23.9	0.0	---	0.00	0.0	---	24.8	27.2	27.2	26.5	1007.7	0.00	0.0	0	0.00	0	0.0	0.00	0.0	0.000	0.134	26.6	90	24.8	30.3	20.45	1.1353	0.00	600	8	100.0	30
23-05-01	3:30 a	24.7	24.8	24.7	95	23.8	0.0	---	0.00	0.0	---	24.7	27.0	27.0	26.3	1008.0	0.00	0.0	0	0.00	0	0.0	0.00	0.0	0.000	0.132	26.6	90	24.8	30.2	20.45	1.1360	0.00	597	8	100.0	30
23-05-01	4:00 a	24.6	24.7	24.6	95	23.8	0.0	---	0.00	0.0	---	24.6	26.9	26.9	26.3	1008.3	0.00	0.0	0	0.00	0	0.0	0.00	0.0	0.000	0.131	26.4	90	24.7	30.0	20.45	1.1370	0.00	598	8	100.0	30
23-05-01	4:30 a	24.6	24.7	24.5	95	23.7	0.0	---	0.00	0.0	---	24.6	26.8	26.8	26.2	1008.4	0.00	0.0	0	0.00	0	0.0	0.00	0.0	0.000	0.130	26.4	90	24.6	29.9	20.45	1.1374	0.00	599	8	100.0	30
23-05-01	5:00 a	24.6	24.7	24.5	95	23.7	0.0	---	0.00	0.0	---	24.6	26.8	26.8	26.3	1008.7	0.00	0.0	10	0.43	23	0.0	0.00	0.0	0.000	0.130	26.3	90	24.6	29.7	20.45	1.1381	0.00	599	8	100.0	30
23-05-01	5:30 a	24.9	25.0	24.6	95	24.1	0.0	---	0.00	0.0	---	24.9	27.4	27.4	27.3	1009.2	0.00	0.0	40	1.72	53	0.0	0.00	0.0	0.000	0.138	26.5	91	24.9	30.2	21.04	1.1373	0.00	599	8	100.0	30
23-05-01	6:00 a	25.4	25.4	24.9	95	24.5	0.0	---	0.00	0.0	---	25.4	28.2	28.2	28.5	1009.5	0.00	0.0	68	2.92	77	0.2	0.04	0.6	0.000	0.147	26.7	91	25.1	30.6	21.05	1.1367	0.03	596	8	100.0	30
23-05-01	6:30 a	25.7	25.8	25.4	95	24.9	0.0	---	0.00	0.0	---	25.7	28.9	28.9	30.1	1009.9	0.00	0.0	61	2.62	76	0.4	0.09	0.9	0.000	0.154	26.8	91	25.2	31.0	21.03	1.1361	0.00	600	8	100.0	30
23-05-01	7:00 a	26.5	26.5	25.7	95	25.6	0.0	---	0.00	0.0	---	26.5	30.8	30.8	31.7	1010.2	0.00	0.0	59	2.54	72	0.9	0.19	1.7	0.000	0.170	27.4	91	25.8	32.6	20.94	1.1329	0.05	597	8	100.0	30
23-05-01	7:30 a	27.6	27.6	26.4	95	26.7	0.0	---	0.00	0.0	---	27.6	33.7	33.7	40.8	1010.4	0.00	0.0	512	22.02	603	3.1	0.66	3.9	0.000	0.192	28.3	90	26.5	34.9	20.21	1.1281	0.00	598	8	100.0	30
23-05-01	8:00 a	29.4	29.6	27.6	86	26.9	0.0	S	0.00	1.3	SSW	29.4	37.2	37.2	44.2	1010.4	0.00	0.0	614	26.41	717	4.6	0.99	5.7	0.000	0.231	29.1	88	26.9	36.8	18.91	1.1243	0.36	600	8	100.0	30
23-05-01	8:30 a	31.1	31.2	29.4	83	27.9	0.4	SSW	0.80	2.7	W	31.1	41.6	41.6	48.9	1010.5	0.00	0.0	741	31.87	789	6.4	1.37	7.2	0.000	0.266	30.1	85	27.3	38.7	17.58	1.1201	0.00	594	8	100.0	30
23-05-01	9:00 a	28.8	31.1	28.3	87	26.5	0.4	S	0.80	1.8	SSE	28.8	35.9	35.9	39.3	1010.4	0.00	0.0	274	11.78	812	4.8	1.03	8.6	0.000	0.219	30.4	82	27.0	39.3	16.48	1.1192	0.36	600	8	100.0	30
23-05-01	9:30 a	31.7	31.8	28.9	82	28.2	0.4	SE	0.80	3.1	WSW	31.7	43.9	43.9	51.0	1010.6	0.00	0.0	939	40.38	988	9.0	1.93	10.3	0.000	0.278	30.8	80	27.0	39.6	15.65	1.1181	0.00	598	8	100.0	30
23-05-01	10:00 a	31.9	32.3	31.5	81	28.3	0.9	SW	1.61	4.0	SW	31.9	44.7	44.7	51.2	1010.5	0.00	0.0	948	40.77	1028	6.4	1.37	10.0	0.000	0.284	31.2	80	27.4	40.8	15.62	1.1156	0.61	597	8	100.0	30
23-05-01	10:30 a	31.9	32.4	31.8	78	27.6	0.9	WSW	1.61	4.0	WSW	31.9	43.2	43.2	49.2	1010.3	0.00	0.0	973	41.84	998	6.8	1.46	11.6	0.000	0.284	31.7	78	27.4	42.3	14.82	1.1134	0.00	600	8	100.0	30
23-05-01	11:00 a	32.3	32.8	31.9	77	27.8	0.9	SSE	1.61	3.1	W	32.3	44.3	44.3	51.0	1009.9	0.00	0.0	976	41.97	993	11.8	2.53	11.9	0.000	0.292	31.9	76	27.2	42.3	14.28	1.1126	0.66	599	8	100.0	30
23-05-01	11:30 a	32.4	32.6	31.8	78	28.1	0.9	E	1.61	3.1	W	32.4	45.1	45.1	52.1	1009.0	0.00	0.0	670	28.81	960	10.7	2.29	11.8	0.000	0.293	32.3	75	27.3	43.2	14.05	1.1102	0.00	598	8	100.0	30
23-05-01	12:00 p	32.0	32.3	31.9	75	27.0	0.9	SE	1.61	3.1	WNW	32.0	42.1	42.1	49.4	1008.5	0.00	0.0	825	35.48	933	9.8	2.10	11.0	0.000	0.285	32.4	72	26.7	42.6	13.13	1.1103	0.53	600	8	100.0	30
23-05-01	12:30 p	32.1	32.8	31.8	76	27.3	0.4	SE	0.80	2.2	NNE	32.1	42.8	42.8	49.9	1007.5	0.00	0.0	716	30.79	814	8.2	1.76	9.1	0.000	0.286	32.4	70	26.3	41.7	12.54	1.1103	0.00	600	8	100.0	30
23-05-01	1:00 p	31.8	32.7	31.8	73	26.4	0.4	ESE	0.80	2.7	W	31.8	40.7	40.7	47.6	1007.1	0.00	0.0	690	29.67	745	7.2	1.54	7.9	0.000	0.281	32.5	68	25.8	41.2	12.05	1.1106	0.48	598	8	100.0	30
23-05-01	1:30 p	31.9	32.4	31.7	75	27.0	0.9	SW	1.61	2.7	W	31.9	41.9	41.9	48.4	1006.7	0.00	0.0	626	26.92	677	5.7	1.22	6.4	0.000	0.284	32.1	71	26.1	40.8	12.85	1.1111	0.00	599	8	100.0	30
23-05-01	2:00 p	31.8	32.2	31.7	77	27.3	0.4	SSW	0.80	1.8	SSE	31.8	42.3	42.3	48.2	1006.7	0.00	0.0	505	21.72	596	4.4	0.94	5.0	0.000	0.281	31.7	74	26.5	40.5	13.77	1.1117	0.38	598	8	100.0	30
23-05-01	2:30 p	31.3	31.8	31.2	78	27.0	0.4	W	0.80	2.2	SSW	31.3	40.3	40.3	45.4	1006.4	0.00	0.0	397	17.07	422	3.1	0.66	3.7	0.000	0.270	31.3	75	26.4	39.4	14.11	1.1129	0.00	597	8	100.0	30
23-05-01	3:00 p	30.8	31.4	30.7	81	27.2	0.4	WNW	0.80	1.8	S	30.8	40.0	40.0	44.5	1007.1	0.00	0.0	315	13.55	357	2.0	0.43	2.5	0.000	0.260	31.1	77	26.5	39.1	14.68	1.1142	0.25	599	8	100.0	30
23-05-01	3:30 p	29.9	30.8	29.9	81	26.3	0.4	SSE	0.80	1.3	S	29.9	37.2	37.2	39.6	1007.0	0.00	0.0	148	6.36	276	0.9	0.19	1.4	0.000	0.242	30.8	78	26.5	39.0	14.95	1.1149	0.00	598	8	100.0	30
23-05-01	4:00 p	29.2	29.9	29.2	84	26.2	0.4	S	0.80	1.8	SSW	29.2	36.1	36.1	36.8	1007.4	0.00	0.0	49	2.11	70	0.1	0.02	0.6	0.000	0.226	30.7	79	26.6	38.9	15.32	1.1159	0.08	598	8	100.0	30
23-05-01	4:30 p	28.4	29.2	28.4	88	26.3	0.0	S	0.00	0.4	S	28.4	34.8	34.8	34.8	1007.6	0.00	0.0	15	0.65	21	0.0	0.00	0.0	0.000	0.211	30.5	81	26.9	39.1	16.07	1.1161	0.00	600	8	100.0	30
23-05-01	5:00 p	27.7	28.4	27.7	90	25.9	0.0	---	0.00	0.0	---	27.7	33.1	33.1	32.6	1007.6	0.00	0.0	6	0.26	14	0.0	0.00	0.0	0.000	0.194	30.3	82	26.9	38.7	16.49	1.1169	0.00	599	8	100.0	30
23-05-01	5:30 p	27.2	27.7	27.2	92	25.8	0.0	---	0.00	0.0	---	27.2	32.0	32.0	31.5	1007.5	0.00	0.0	0	0.00	0	0.0	0.00	0.0	0.000	0.184	29.8	83	26.6	37.4	16.82	1.1190	0.00	599	8	100.0	30
23-05-01	6:00 p	27.1	27.2	27.1	92	25.6	0.0	---	0.00	0.0	---	27.1	31.7	31.7	31.2	1007.4	0.00	0.0	0	0.00	0	0.0	0.00	0.0	0.000	0.182	29.6	84	26.6	36.9	17.24	1.1200	0.00	599	8	100.0	30
23-05-01	6:30 p	26.8	27.1	26.8	93	25.6	0.0	---	0.00	0.0	---	26.8	31.2	31.2	30.6	1007.4	0.00	0.0	0	0.00	0	0.0	0.00	0.0	0.000	0.176	29.3	85	26.5	36.5	17.67	1.1213	0.00	600	8	100.0	30
23-05-01	7:00 p	26.4	26.8	26.4	93	25.2	0.0	---	0.00	0.0	---	26.4	30.4	30.4	29.8	1007.9	0.00	0.0	0	0.00	0	0.0	0.00	0.0	0.000	0.169	29.0	85	26.2	35.9	17.70	1.1235	0.00	600	8	100.0	30
23-05-01	7:30 p	26.4	26.5	26.3	93	25.2	0.0	---	0.00	0.0	---	26.4	30.4	30.4	29.8	1008.2	0.00	0.0	0	0.00	0	0.0	0.00	0.0	0.000	0.169	28.8	86	26.2	35.5	18.12	1.1247	0.00	598	8	100.0	30
23-05-01	8:00 p	26.2	26.4	26.2	93	25.0	0.0	SE	0.00	0.4	SE	26.2	29.9	29.9	29.3	1008.2	0.00	0.0	0	0.00	0	0.0	0.00	0.0	0.000	0.164	28.2	87	25.9	34.0	18.58	1.1276	0.00	600	8	100.0	30
23-05-01	8:30 p	25.9	26.2	25.9	94	24.9	0.0	---	0.00	0.0	---	25.9	29.4	29.4	28.8	1008.5	0.00	0.0	0	0.00	0	0.0	0.00	0.0	0.000	0.159	28.2	87	25.9	34.0	18.58	1.1280	0.00	598	8	100.0	30
23-05-01	9:00 p	25.8	26.0	25.7	94	24.7	0.0	---	0.00	0.0	---	25.8	29.0	29.0	28.4	1008.6	0.00	0.0	0	0.00	0	0.0	0.00	0.0	0.000	0.155	28.1	87	25.7	33.7	18.59	1.1287	0.00	598	8	100.0	30
23-05-01	9:30 p	25.6	25.8	25.6	94	24.6	0.0	---	0.00	0.0	---	25.6	28.6	28.6	28.1	1008.6	0.00	0.0	0	0.00	0	0.0	0.00	0.0	0.000	0.152	27.7	88	25.5	32.7	19.17	1.1309	0.00	600	8	100.0	30
23-05-01	10:00 p	25.7	25.7	25.6	94	24.6	0.0	---	0.00	0.0	---	25.7	28.7	28.7	28.2	1008.5	0.00	0.0	0	0.00	0	0.0	0.00	0.0	0.000	0.153	27.7	88	25.6	32.8	19.16	1.1305	0.00	600	8	100.0	30
23-05-01	10:30 p	25.7	25.8	25.6	94	24.7	0.0	---	0.00	0.0	---	25.7	28.9	28.9	28.3	1008.1	0.00	0.0	0	0.00	0	0.0	0.00	0.0	0.000	0.154	27.7	88	25.6	32.8	19.16	1.1300	0.00	599	8	100.0	30
23-05-01	11:00 p	25.8	25.9	25.7	94	24.8	0.0	---	0.00	0.0	---	25.8	29.1	29.1	28.6	1007.7	0.00	0.0	0	0.00	0	0.0	0.00	0.0	0.000	0.156	27.3	90	25.5	31.9	20.36	1.1314	0.00	599	8	100.0	30
23-05-01	11:30 p	25.9	25.9	25.8	94	24.8	0.0	---	0.00	0.0	---	25.9	29.3	29.3	28.7	1007.4	0.00	0.0	0	0.00	0	0.0	0.00	0.0	0.000	0.157	27.1	91	25.5	31.6	20.99	1.1319	0.00	600	8	100.0	30
23-05-02	12:00 a	25.8	25.9	25.7	95	24.9	0.0	---	0.00	0.0	---	25.8	29.1	29.1	28.6	1007.2	0.00	0.0	0	0.00	0	0.0	0.00	0.0	0.000	0.155	26.9	91	25.3	31.3	21.01	1.1324	0.00	597	8	100.0	30
23-05-02	12:30 a	25.6	25.8	25.6	95	24.7	0.0	---	0.00	0.0	---	25.6	28.6	28.6	28.0	1006.9	0.00	0.0	0	0.00	0	0.0	0.00	0.0	0.000	0.150	26.8	91	25.2	31.0	21.03	1.1327	0.00	593	8	100.0	30
23-05-02	1:00 a	25.4	25.6	25.4	95	24.5	0.0	---	0.00	0.0	---	25.4	28.2	28.2	27.7	1006.7	0.00	0.0	0	0.00	0	0.0	0.00	0.0	0.000	0.147	26.7	91	25.1	30.6	21.05	1.1334	0.00	597	8	100.0	30
23-05-02	1:30 a	25.2	25.4	25.2	95	24.4	0.0	---	0.00	0.0	---	25.2	27.9	27.9	27.3	1006.6	0.00	0.0	0	0.00	0	0.0	0.00	0.0	0.000	0.144	26.5	91	24.9	30.2	21.04	1.1343	0.00	597	8	100.0	30
23-05-02	2:00 a	25.1	25.2	25.0	95	24.2	0.0	---	0.00	0.0	---	25.1	27.6	27.6	27.0	1006.4	0.00	0.0	0	0.00	0	0.0	0.00	0.0	0.000	0.140	26.3	91	24.7	29.8	21.04	1.1354	0.00	599	8	100.0	30
23-05-02	2:30 a	25.1	25.2	25.0	95	24.3	0.0	---	0.00	0.0	---	25.1	27.7	27.7	27.1	1006.6	0.00	0.0	0	0.00	0	0.0	0.00	0.0	0.000	0.141	26.2	92	24.8	29.8	21.13	1.1355	0.00	598	8	100.0	30
23-05-02	3:00 a	24.9	25.1	24.9	95	24.0	0.0	---	0.00	0.0	---	24.9	27.3	27.3	26.7	1006.8	0.00	0.0	0	0.00	0	0.0	0.00	0.0	0.000	0.137	26.1	92	24.7	29.4	21.13	1.1368	0.00	598	8	100.0	30
23-05-02	3:30 a	24.8	24.9	24.8	95	24.0	0.0	---	0.00	0.0	---	24.8	27.2	27.2	26.6	1007.1	0.00	0.0	0	0.00	0	0.0	0.00	0.0	0.000	0.135	25.9	92	24.5	29.2	21.12	1.1378	0.00	599	8	100.0	30
23-05-02	4:00 a	24.8	24.9	24.7	95	23.9	0.0	---	0.00	0.0	---	24.8	27.2	27.2	26.6	1007.3	0.00	0.0	0	0.00	0	0.0	0.00	0.0	0.000	0.134	25.8	92	24.4	28.9	21.12	1.1386	0.00	600	8	100.0	30
23-05-02	4:30 a	24.8	24.8	24.7	95	23.9	0.0	---	0.00	0.0	---	24.8	27.2	27.2	26.6	1007.4	0.00	0.0	0	0.00	0	0.0	0.00	0.0	0.000	0.134	25.8	92	24.4	28.8	21.12	1.1391	0.00	598	8	100.0	30
23-05-02	5:00 a	24.9	24.9	24.7	95	24.1	0.0	---	0.00	0.0	---	24.9	27.4	27.4	26.9	1007.5	0.00	0.0	9	0.39	19	0.0	0.00	0.0	0.000	0.138	25.7	93	24.5	28.8	21.22	1.1392	0.00	599	8	100.0	30
23-05-02	5:30 a	25.4	25.4	24.9	95	24.5	0.0	---	0.00	0.0	---	25.4	28.2	28.2	28.2	1007.8	0.00	0.0	44	1.89	63	0.0	0.00	0.0	0.000	0.147	26.1	94	25.0	29.7	21.35	1.1371	0.00	599	8	100.0	30
23-05-02	6:00 a	25.8	25.8	25.4	95	25.0	0.0	SE	0.00	0.4	SE	25.8	29.2	29.2	29.3	1008.2	0.00	0.0	47	2.02	63	0.0	0.00	0.0	0.000	0.156	26.6	93	25.4	30.8	21.25	1.1347	0.03	600	8	100.0	30
23-05-02	6:30 a	26.4	26.4	25.8	95	25.6	0.0	SE	0.00	0.4	SE	26.4	30.7	30.7	31.8	1008.5	0.00	0.0	59	2.54	67	0.6	0.13	1.2	0.000	0.169	27.4	93	26.2	32.9	21.28	1.1300	0.00	599	8	100.0	30
23-05-02	7:00 a	26.8	26.8	26.4	95	25.9	0.0	SE	0.00	0.4	SE	26.8	31.4	31.4	32.4	1008.9	0.00	0.0	60	2.58	98	0.8	0.17	1.8	0.000	0.176	28.4	90	26.6	35.1	20.20	1.1261	0.05	599	8	100.0	30
23-05-02	7:30 a	27.8	27.8	26.7	93	26.6	0.0	SE	0.00	0.4	SE	27.8	34.2	34.2	40.9	1009.3	0.00	0.0	490	21.07	610	3.1	0.66	3.8	0.000	0.198	29.3	89	27.3	37.6	19.48	1.1215	0.00	596	8	100.0	30
23-05-02	8:00 a	28.1	28.2	27.8	93	26.9	0.0	SE	0.00	0.9	SE	28.1	35.1	35.1	37.6	1009.5	0.00	0.0	171	7.35	315	2.8	0.60	5.3	0.000	0.204	29.3	89	27.3	37.7	19.47	1.1214	0.23	599	8	100.0	30
23-05-02	8:30 a	30.6	30.6	28.0	81	26.9	0.4	S	0.80	1.3	SW	30.6	39.3	39.3	45.3	1009.5	0.00	0.0	484	20.81	772	5.1	1.09	7.2	0.000	0.255	29.7	84	26.7	37.3	17.23	1.1218	0.00	596	8	100.0	30
23-05-02	9:00 a	31.6	31.7	30.6	77	27.0	0.4	SSE	0.80	3.1	WSW	31.6	41.2	41.2	47.9	1009.2	0.00	0.0	806	34.66	838	8.0	1.71	8.7	0.000	0.275	30.4	81	26.8	38.9	16.08	1.1183	0.43	598	8	100.0	30
23-05-02	9:30 a	32.2	32.2	31.3	80	28.3	0.9	SSW	1.61	3.1	ESE	32.2	45.2	45.2	51.9	1008.9	0.00	0.0	890	38.27	967	9.4	2.01	10.0	0.000	0.289	31.1	81	27.4	40.6	16.03	1.1142	0.00	599	8	100.0	30
23-05-02	10:00 a	32.1	32.3	31.1	79	28.0	0.9	SE	1.61	3.1	W	32.1	44.1	44.1	51.2	1008.5	0.00	0.0	860	36.98	990	5.8	1.24	9.2	0.000	0.286	31.4	80	27.6	41.8	15.61	1.1120	0.58	598	8	100.0	30
23-05-02	10:30 a	31.3	32.2	31.3	81	27.7	0.9	SE	1.61	2.7	ESE	31.3	41.8	41.8	48.7	1007.8	0.00	0.0	937	40.30	1130	5.6	1.20	9.0	0.000	0.271	31.8	80	28.0	43.6	15.58	1.1088	0.00	600	8	100.0	30
23-05-02	11:00 a	31.9	32.3	31.3	77	27.4	0.9	SW	1.61	2.7	W	31.9	42.8	42.8	49.7	1007.3	0.00	0.0	952	40.94	1048	11.5	2.46	11.9	0.000	0.284	31.9	78	27.6	43.2	14.79	1.1086	0.61	598	8	100.0	30
23-05-02	11:30 a	31.8	32.8	31.7	77	27.2	0.9	SSW	1.61	2.7	S	31.8	42.1	42.1	49.2	1006.6	0.00	0.0	705	30.32	974	11.4	2.44	11.7	0.000	0.280	32.1	76	27.3	42.8	14.27	1.1083	0.00	600	8	100.0	30
23-05-02	12:00 p	31.8	32.8	31.8	77	27.3	0.9	SSW	1.61	2.7	S	31.8	42.3	42.3	49.5	1006.0	0.00	0.0	917	39.44	949	10.5	2.25	11.0	0.000	0.281	32.1	76	27.3	42.8	14.27	1.1076	0.56	598	8	100.0	30
23-05-02	12:30 p	32.3	32.6	31.8	75	27.3	0.9	SSW	1.61	2.7	SSW	32.3	43.4	43.4	50.8	1005.5	0.00	0.0	860	36.98	891	9.3	1.99	10.0	0.000	0.292	32.1	75	27.1	42.6	14.06	1.1072	0.00	598	8	100.0	30
23-05-02	1:00 p	32.2	32.4	31.8	77	27.7	0.9	SE	1.61	2.7	SSE	32.2	43.9	43.9	51.1	1005.3	0.00	0.0	762	32.77	826	7.7	1.65	8.6	0.000	0.289	32.1	76	27.3	43.0	14.26	1.1064	0.56	598	8	100.0	30
23-05-02	1:30 p	32.5	32.9	32.1	79	28.4	0.9	S	1.61	2.2	SSE	32.5	46.1	46.1	53.1	1004.6	0.00	0.0	699	30.06	737	6.2	1.33	7.0	0.000	0.295	31.8	75	26.8	41.5	14.08	1.1079	0.00	599	8	100.0	30
23-05-02	2:00 p	32.0	32.7	32.0	75	27.0	0.9	SE	1.61	3.1	SSE	32.0	42.1	42.1	48.2	1004.3	0.00	0.0	540	23.22	654	4.6	0.99	5.5	0.000	0.285	31.3	77	26.8	40.2	14.65	1.1094	0.43	599	8	100.0	30
23-05-02	2:30 p	31.5	32.3	31.4	76	26.8	0.9	SE	1.61	2.7	ESE	31.5	40.6	40.6	45.7	1004.0	0.00	0.0	398	17.12	485	3.1	0.66	3.8	0.000	0.274	30.8	78	26.5	39.0	14.95	1.1114	0.00	596	8	100.0	30
23-05-02	3:00 p	31.1	31.9	31.1	79	27.0	0.4	ESE	0.80	2.7	W	31.1	39.9	39.9	44.1	1004.1	0.00	0.0	289	12.43	350	1.9	0.41	2.5	0.000	0.266	30.6	79	26.5	38.7	15.33	1.1128	0.25	598	8	100.0	30
23-05-02	3:30 p	29.7	31.3	29.7	83	26.5	0.4	ESE	0.80	2.7	S	29.7	37.1	37.1	38.8	1004.3	0.00	0.0	111	4.77	262	0.8	0.17	1.4	0.000	0.236	30.3	83	27.1	39.0	16.79	1.1126	0.00	596	8	100.0	30
23-05-02	4:00 p	28.8	29.8	28.8	86	26.3	0.0	ENE	0.00	0.9	E	28.8	35.7	35.7	36.3	1004.5	0.00	0.0	46	1.98	74	0.1	0.02	0.6	0.000	0.219	30.0	83	26.8	37.9	16.81	1.1145	0.05	598	8	100.0	30
23-05-02	4:30 p	28.3	29.1	28.3	88	26.2	0.0	ESE	0.00	0.9	ESE	28.3	34.5	34.5	34.7	1004.8	0.00	0.0	22	0.95	42	0.0	0.00	0.0	0.000	0.208	29.9	84	26.9	37.9	17.22	1.1150	0.00	598	8	100.0	30
23-05-02	5:00 p	27.9	28.3	27.9	90	26.2	0.0	ESE	0.00	0.4	ESE	27.9	33.8	33.8	33.4	1005.0	0.00	0.0	4	0.17	11	0.0	0.00	0.0	0.000	0.200	29.7	84	26.7	37.3	17.23	1.1166	0.00	598	8	100.0	30
23-05-02	5:30 p	27.6	27.9	27.6	89	25.6	0.0	SSW	0.00	0.4	SSW	27.6	32.7	32.7	32.2	1005.4	0.00	0.0	0	0.00	0	0.0	0.00	0.0	0.000	0.193	29.4	84	26.4	36.6	17.25	1.1187	0.00	600	8	100.0	30
23-05-02	6:00 p	27.6	27.7	27.5	90	25.8	0.0	SSW	0.00	0.4	SSW	27.6	32.7	32.7	32.2	1005.6	0.00	0.0	0	0.00	0	0.0	0.00	0.0	0.000	0.192	29.2	85	26.4	36.3	17.68	1.1199	0.00	600	8	100.0	30
23-05-02	6:30 p	27.3	27.6	27.3	91	25.7	0.0	---	0.00	0.0	---	27.3	32.1	32.1	31.6	1005.7	0.00	0.0	0	0.00	0	0.0	0.00	0.0	0.000	0.186	28.9	86	26.4	35.9	18.10	1.1208	0.00	599	8	100.0	30
23-05-02	7:00 p	27.2	27.3	27.2	91	25.6	0.0	---	0.00	0.0	---	27.2	31.9	31.9	31.4	1006.0	0.00	0.0	0	0.00	0	0.0	0.00	0.0	0.000	0.185	28.7	87	26.3	35.5	18.53	1.1220	0.00	598	8	100.0	30
23-05-02	7:30 p	26.7	27.2	26.7	92	25.3	0.0	---	0.00	0.0	---	26.7	30.9	30.9	30.3	1006.1	0.00	0.0	0	0.00	0	0.0	0.00	0.0	0.000	0.175	28.4	87	26.1	34.7	18.56	1.1238	0.00	599	8	100.0	30
23-05-02	8:00 p	26.4	26.7	26.4	93	25.2	0.0	---	0.00	0.0	---	26.4	30.4	30.4	29.8	1006.7	0.00	0.0	0	0.00	0	0.0	0.00	0.0	0.000	0.169	28.2	88	26.0	34.1	19.08	1.1258	0.00	598	8	100.0	30
23-05-02	8:30 p	26.2	26.4	26.2	93	24.9	0.0	---	0.00	0.0	---	26.2	29.8	29.8	29.2	1006.7	0.00	0.0	0	0.00	0	0.0	0.00	0.0	0.000	0.163	27.9	88	25.7	33.3	19.13	1.1274	0.00	598	8	100.0	30
23-05-02	9:00 p	25.9	26.2	25.9	93	24.7	0.0	---	0.00	0.0	---	25.9	29.3	29.3	28.7	1007.0	0.00	0.0	0	0.00	0	0.0	0.00	0.0	0.000	0.159	27.6	89	25.6	32.7	19.78	1.1290	0.00	597	8	100.0	30
23-05-02	9:30 p	25.9	26.0	25.8	94	24.8	0.0	---	0.00	0.0	---	25.9	29.3	29.3	28.7	1007.1	0.00	0.0	0	0.00	0	0.0	0.00	0.0	0.000	0.157	27.4	89	25.5	32.3	19.81	1.1301	0.00	600	8	100.0	30
23-05-02	10:00 p	25.8	25.9	25.8	94	24.8	0.0	---	0.00	0.0	---	25.8	29.1	29.1	28.5	1007.0	0.00	0.0	0	0.00	0	0.0	0.00	0.0	0.000	0.156	27.3	90	25.5	32.1	20.35	1.1302	0.00	600	8	100.0	30
23-05-02	10:30 p	25.8	25.8	25.8	94	24.7	0.0	---	0.00	0.0	---	25.8	29.0	29.0	28.4	1006.9	0.00	0.0	0	0.00	0	0.0	0.00	0.0	0.000	0.155	27.2	90	25.4	31.7	20.38	1.1311	0.00	597	8	100.0	30
23-05-02	11:00 p	25.6	25.8	25.6	94	24.5	0.0	---	0.00	0.0	---	25.6	28.5	28.5	27.9	1006.6	0.00	0.0	0	0.00	0	0.0	0.00	0.0	0.000	0.150	27.1	90	25.3	31.4	20.39	1.1314	0.00	598	8	100.0	30
23-05-02	11:30 p	25.4	25.6	25.4	94	24.4	0.0	---	0.00	0.0	---	25.4	28.3	28.3	27.7	1006.4	0.00	0.0	0	0.00	0	0.0	0.00	0.0	0.000	0.148	26.9	90	25.1	31.0	20.42	1.1322	0.00	598	8	100.0	30
23-05-03	12:00 a	25.2	25.4	25.2	94	24.2	0.0	---	0.00	0.0	---	25.2	27.9	27.9	27.3	1005.9	0.00	0.0	0	0.00	0	0.0	0.00	0.0	0.000	0.144	26.7	90	24.9	30.6	20.44	1.1326	0.00	600	8	100.0	30
23-05-03	12:30 a	25.0	25.2	25.0	94	24.0	0.0	---	0.00	0.0	---	25.0	27.4	27.4	26.8	1005.4	0.00	0.0	0	0.00	0	0.0	0.00	0.0	0.000	0.139	26.6	90	24.8	30.2	20.45	1.1330	0.00	597	8	100.0	30
23-05-03	1:00 a	25.0	25.1	24.9	94	24.0	0.0	---	0.00	0.0	---	25.0	27.4	27.4	26.8	1005.2	0.00	0.0	0	0.00	0	0.0	0.00	0.0	0.000	0.139	26.3	90	24.6	29.7	20.45	1.1340	0.00	599	8	100.0	30
23-05-03	1:30 a	24.9	25.0	24.9	95	24.1	0.0	---	0.00	0.0	---	24.9	27.4	27.4	26.8	1004.7	0.00	0.0	0	0.00	0	0.0	0.00	0.0	0.000	0.138	26.3	91	24.7	29.8	21.04	1.1335	0.00	600	8	100.0	30
23-05-03	2:00 a	24.8	25.0	24.8	95	24.0	0.0	---	0.00	0.0	---	24.8	27.2	27.2	26.6	1004.6	0.00	0.0	0	0.00	0	0.0	0.00	0.0	0.000	0.135	26.2	91	24.6	29.5	21.03	1.1340	0.00	599	8	100.0	30
23-05-03	2:30 a	24.6	24.8	24.6	95	23.8	0.0	---	0.00	0.0	---	24.6	26.9	26.9	26.3	1004.7	0.00	0.0	0	0.00	0	0.0	0.00	0.0	0.000	0.131	26.0	91	24.4	29.2	21.03	1.1350	0.00	598	8	100.0	30
23-05-03	3:00 a	24.7	24.7	24.6	95	23.8	0.0	---	0.00	0.0	---	24.7	27.0	27.0	26.4	1004.6	0.00	0.0	0	0.00	0	0.0	0.00	0.0	0.000	0.132	25.9	91	24.4	29.1	21.02	1.1353	0.00	599	8	100.0	30
23-05-03	3:30 a	24.6	24.7	24.6	95	23.7	0.0	---	0.00	0.0	---	24.6	26.8	26.8	26.2	1004.9	0.00	0.0	0	0.00	0	0.0	0.00	0.0	0.000	0.130	25.8	91	24.3	28.8	21.02	1.1363	0.00	598	8	100.0	30
23-05-03	4:00 a	24.6	24.6	24.4	95	23.7	0.0	---	0.00	0.0	---	24.6	26.8	26.8	26.2	1005.2	0.00	0.0	0	0.00	0	0.0	0.00	0.0	0.000	0.130	25.7	92	24.3	28.7	21.12	1.1368	0.00	599	8	100.0	30
23-05-03	4:30 a	24.6	24.6	24.5	95	23.7	0.0	---	0.00	0.0	---	24.6	26.8	26.8	26.2	1005.2	0.00	0.0	0	0.00	0	0.0	0.00	0.0	0.000	0.130	25.7	92	24.3	28.6	21.11	1.1372	0.00	598	8	100.0	30
23-05-03	5:00 a	24.7	24.7	24.6	95	23.9	0.0	---	0.00	0.0	---	24.7	27.1	27.1	26.6	1005.7	0.00	0.0	5	0.22	12	0.0	0.00	0.0	0.000	0.133	25.7	92	24.3	28.6	21.11	1.1378	0.00	598	8	100.0	30
23-05-03	5:30 a	25.0	25.1	24.7	95	24.1	0.0	---	0.00	0.0	---	25.0	27.5	27.5	27.2	1006.1	0.00	0.0	20	0.86	30	0.0	0.00	0.0	0.000	0.139	25.8	93	24.6	29.1	21.22	1.1368	0.00	600	8	100.0	30
23-05-03	6:00 a	25.7	25.7	25.0	95	24.8	0.0	SSW	0.00	0.4	SSW	25.7	28.8	28.8	29.1	1006.4	0.00	0.0	61	2.62	77	0.3	0.06	0.6	0.000	0.153	26.4	94	25.4	30.5	21.35	1.1332	0.03	596	8	100.0	30
23-05-03	6:30 a	26.4	26.4	25.7	95	25.6	0.0	SSW	0.00	0.4	SSW	26.4	30.7	30.7	32.1	1006.7	0.00	0.0	68	2.92	77	0.8	0.17	1.1	0.000	0.169	27.3	94	26.3	32.8	21.37	1.1282	0.00	599	8	100.0	30
23-05-03	7:00 a	27.4	27.4	26.4	95	26.5	0.0	SSW	0.00	0.4	SSW	27.4	33.2	33.2	34.7	1006.9	0.00	0.0	86	3.70	149	1.4	0.30	1.6	0.000	0.189	28.2	93	27.0	35.4	21.31	1.1234	0.05	598	8	100.0	30
23-05-03	7:30 a	29.1	29.1	27.3	91	27.4	0.0	E	0.00	0.9	SSE	29.1	37.4	37.4	44.9	1006.9	0.00	0.0	528	22.71	621	3.2	0.69	4.1	0.000	0.223	29.3	85	26.5	36.6	17.66	1.1203	0.00	598	8	100.0	30
23-05-03	8:00 a	31.2	31.2	29.1	79	27.1	0.4	SSW	0.80	1.3	WSW	31.2	40.4	40.4	47.9	1006.9	0.00	0.0	655	28.17	710	4.8	1.03	5.5	0.000	0.269	30.4	83	27.2	39.4	16.78	1.1149	0.38	600	8	100.0	30
23-05-03	8:30 a	32.4	32.4	31.2	75	27.4	0.9	SSW	1.61	2.7	SSE	32.4	43.7	43.7	50.8	1007.1	0.00	0.0	726	31.22	786	6.4	1.37	7.3	0.000	0.293	31.0	81	27.4	40.4	16.04	1.1125	0.00	600	8	100.0	30
23-05-03	9:00 a	32.2	32.6	32.1	78	27.8	0.4	SSW	0.80	2.2	SSW	32.2	44.1	44.1	50.6	1007.1	0.00	0.0	776	33.37	826	7.7	1.65	8.2	0.000	0.288	31.5	79	27.4	41.7	15.23	1.1105	0.51	599	8	100.0	30
23-05-03	9:30 a	32.3	32.7	32.1	76	27.6	0.4	SW	0.80	2.2	SW	32.3	43.9	43.9	50.9	1006.7	0.00	0.0	807	34.71	858	8.5	1.82	9.1	0.000	0.292	31.8	78	27.5	42.5	14.81	1.1089	0.00	599	8	100.0	30
23-05-03	10:00 a	32.9	32.9	32.1	77	28.3	0.4	SSE	0.80	2.2	SSE	32.9	46.8	46.8	54.1	1006.6	0.00	0.0	771	33.16	816	5.7	1.22	7.3	0.000	0.303	32.1	79	28.0	44.3	15.16	1.1062	0.53	600	8	100.0	30
23-05-03	10:30 a	32.9	33.1	32.4	75	27.9	0.9	ESE	1.61	3.1	SE	32.9	45.9	45.9	53.3	1006.4	0.00	0.0	828	35.61	916	6.7	1.44	10.6	0.000	0.304	32.2	78	27.9	44.3	14.75	1.1059	0.00	598	8	100.0	30
23-05-03	11:00 a	32.6	33.2	32.1	78	28.3	0.9	S	1.61	3.6	SE	32.6	46.1	46.1	53.1	1006.1	0.00	0.0	678	29.16	926	9.3	1.99	10.8	0.000	0.297	32.3	79	28.2	45.3	15.14	1.1043	0.53	598	8	100.0	30
23-05-03	11:30 a	32.9	33.3	32.3	77	28.4	0.9	SE	1.61	3.1	SSE	32.9	47.1	47.1	54.2	1005.5	0.00	0.0	685	29.46	911	10.1	2.16	10.7	0.000	0.304	32.6	78	28.3	46.1	14.75	1.1025	0.00	598	8	100.0	30
23-05-03	12:00 p	32.8	33.5	32.4	79	28.7	0.9	SE	1.61	4.9	SE	32.8	47.7	47.7	55.1	1005.0	0.00	0.0	814	35.01	962	9.5	2.04	10.7	0.000	0.302	32.8	77	28.2	46.3	14.53	1.1015	0.51	599	8	100.0	30
23-05-03	12:30 p	33.3	33.4	32.4	76	28.5	0.9	ESE	1.61	3.1	ESE	33.3	48.3	48.3	55.6	1004.6	0.00	0.0	755	32.47	788	8.2	1.76	8.4	0.000	0.313	32.5	78	28.2	45.6	14.75	1.1022	0.00	598	8	100.0	30
23-05-03	1:00 p	33.2	33.6	32.8	79	29.0	0.9	SE	1.61	3.6	NNW	33.2	49.4	49.4	56.7	1004.2	0.00	0.0	750	32.25	780	7.4	1.59	8.0	0.000	0.309	32.4	79	28.3	45.8	15.13	1.1015	0.53	600	8	100.0	30
23-05-03	1:30 p	32.4	33.2	32.3	79	28.3	1.3	SE	2.41	3.1	SSE	32.4	45.8	45.8	52.6	1004.2	0.00	0.0	663	28.51	710	5.8	1.24	6.7	0.000	0.294	32.2	79	28.1	44.7	15.15	1.1028	0.00	598	8	100.0	30
23-05-03	2:00 p	32.7	32.8	32.4	80	28.8	0.9	S	1.61	3.1	SSE	32.7	47.3	47.3	53.3	1003.9	0.00	0.0	515	22.15	673	4.3	0.92	5.1	0.000	0.299	31.9	80	28.1	44.1	15.57	1.1036	0.41	599	8	100.0	30
23-05-03	2:30 p	32.2	32.8	32.1	79	28.1	0.9	S	1.61	2.7	E	32.2	44.7	44.7	49.8	1003.9	0.00	0.0	390	16.77	427	3.0	0.64	3.6	0.000	0.289	31.6	81	27.9	42.8	16.00	1.1054	0.00	600	8	100.0	30
23-05-03	3:00 p	31.7	32.2	31.7	79	27.6	0.4	ESE	0.80	2.7	ESE	31.7	42.5	42.5	46.8	1003.8	0.00	0.0	298	12.82	346	1.9	0.41	2.4	0.000	0.278	31.3	82	27.8	41.9	16.42	1.1065	0.25	596	8	100.0	30
23-05-03	3:30 p	30.9	31.7	30.9	82	27.5	0.4	SSE	0.80	2.2	SSE	30.9	40.7	40.7	42.9	1003.8	0.00	0.0	134	5.76	221	1.0	0.21	1.3	0.000	0.263	30.9	83	27.7	41.1	16.74	1.1080	0.00	600	8	100.0	30
23-05-03	4:00 p	30.3	30.9	30.2	85	27.5	0.4	ESE	0.80	1.3	S	30.3	39.6	39.6	40.6	1003.9	0.00	0.0	58	2.49	67	0.2	0.04	0.6	0.000	0.249	30.7	83	27.5	40.5	16.76	1.1094	0.08	599	8	100.0	30
23-05-03	4:30 p	29.5	30.3	29.5	88	27.3	0.0	E	0.00	1.3	ESE	29.5	37.9	37.9	38.4	1004.0	0.00	0.0	34	1.46	46	0.0	0.00	0.0	0.000	0.233	30.6	85	27.7	40.8	17.53	1.1096	0.00	598	8	100.0	30
23-05-03	5:00 p	28.5	29.4	28.5	90	26.7	0.0	SSE	0.00	0.4	SSE	28.5	35.4	35.4	35.1	1004.3	0.00	0.0	9	0.39	21	0.0	0.00	0.0	0.000	0.212	30.3	85	27.5	39.6	17.56	1.1117	0.03	599	8	100.0	30
23-05-03	5:30 p	27.9	28.6	27.9	91	26.3	0.0	---	0.00	0.0	---	27.9	33.9	33.9	33.4	1004.9	0.00	0.0	0	0.00	0	0.0	0.00	0.0	0.000	0.199	29.8	86	27.2	38.2	18.01	1.1148	0.00	600	8	100.0	30
23-05-03	6:00 p	27.8	27.9	27.8	92	26.4	0.0	---	0.00	0.0	---	27.8	33.9	33.9	33.4	1005.4	0.00	0.0	0	0.00	0	0.0	0.00	0.0	0.000	0.198	29.5	87	27.1	37.6	18.44	1.1166	0.00	600	8	100.0	30
23-05-03	6:30 p	27.8	27.8	27.8	92	26.4	0.0	SSE	0.00	0.4	SSE	27.8	33.9	33.9	33.4	1005.5	0.00	0.0	0	0.00	0	0.0	0.00	0.0	0.000	0.198	29.3	88	27.1	37.4	18.87	1.1173	0.00	600	8	100.0	30
23-05-03	7:00 p	27.6	27.8	27.6	93	26.3	0.0	---	0.00	0.0	---	27.6	33.3	33.3	32.8	1005.9	0.00	0.0	0	0.00	0	0.0	0.00	0.0	0.000	0.192	29.2	88	27.0	37.0	18.90	1.1188	0.00	597	8	100.0	30
23-05-03	7:30 p	27.3	27.6	27.3	93	26.1	0.0	---	0.00	0.0	---	27.3	32.6	32.6	32.1	1006.1	0.00	0.0	0	0.00	0	0.0	0.00	0.0	0.000	0.187	28.9	89	26.9	36.4	19.55	1.1202	0.00	600	8	100.0	30
23-05-03	8:00 p	27.2	27.3	27.1	94	26.1	0.0	---	0.00	0.0	---	27.2	32.3	32.3	31.8	1006.0	0.00	0.0	0	0.00	0	0.0	0.00	0.0	0.000	0.184	28.7	89	26.7	35.8	19.59	1.1215	0.00	599	8	100.0	30
23-05-03	8:30 p	27.0	27.2	26.9	94	26.0	0.0	---	0.00	0.0	---	27.0	31.9	31.9	31.3	1006.5	0.00	0.0	0	0.00	0	0.0	0.00	0.0	0.000	0.181	28.4	90	26.6	35.2	20.19	1.1229	0.00	601	8	100.0	30
23-05-03	9:00 p	27.0	27.1	26.9	94	26.0	0.0	---	0.00	0.0	---	27.0	31.9	31.9	31.3	1006.6	0.00	0.0	0	0.00	0	0.0	0.00	0.0	0.000	0.181	28.3	90	26.5	34.9	20.21	1.1237	0.00	597	8	100.0	30
23-05-03	9:30 p	27.1	27.2	26.9	94	26.0	0.0	---	0.00	0.0	---	27.1	32.0	32.0	31.4	1006.6	0.00	0.0	0	0.00	0	0.0	0.00	0.0	0.000	0.182	28.3	91	26.7	35.0	20.82	1.1237	0.00	598	8	100.0	30
23-05-03	10:00 p	26.9	27.1	26.9	94	25.9	0.0	---	0.00	0.0	---	26.9	31.7	31.7	31.2	1006.7	0.00	0.0	0	0.00	0	0.0	0.00	0.0	0.000	0.179	28.2	91	26.6	34.8	20.83	1.1241	0.00	599	8	100.0	30
23-05-03	10:30 p	26.9	27.0	26.9	94	25.9	0.0	---	0.00	0.0	---	26.9	31.7	31.7	31.2	1006.8	0.00	0.0	0	0.00	0	0.0	0.00	0.0	0.000	0.179	28.1	91	26.5	34.6	20.84	1.1249	0.00	599	8	100.0	30
23-05-03	11:00 p	26.8	26.9	26.8	94	25.8	0.0	---	0.00	0.0	---	26.8	31.4	31.4	30.9	1006.8	0.00	0.0	0	0.00	0	0.0	0.00	0.0	0.000	0.177	28.1	91	26.4	34.4	20.85	1.1252	0.00	600	8	100.0	30
23-05-03	11:30 p	26.7	26.8	26.7	94	25.6	0.0	SSE	0.00	0.4	SSE	26.7	31.0	31.0	30.4	1006.2	0.00	0.0	0	0.00	0	0.0	0.00	0.0	0.000	0.174	27.9	91	26.3	33.9	20.87	1.1256	0.00	600	8	100.0	30
23-05-04	12:00 a	26.5	26.7	26.5	95	25.6	0.0	---	0.00	0.0	---	26.5	30.8	30.8	30.2	1006.3	0.00	0.0	0	0.00	0	0.0	0.00	0.0	0.000	0.170	27.8	91	26.2	33.6	20.89	1.1263	0.00	596	8	100.0	30
23-05-04	12:30 a	26.6	26.6	26.4	95	25.7	0.0	---	0.00	0.0	---	26.6	30.9	30.9	30.3	1006.0	0.00	0.0	0	0.00	0	0.0	0.00	0.0	0.000	0.171	27.6	92	26.2	33.3	21.18	1.1265	0.00	595	8	100.0	30
23-05-04	1:00 a	26.4	26.6	26.4	95	25.6	0.0	---	0.00	0.0	---	26.4	30.7	30.7	30.1	1005.6	0.00	0.0	0	0.00	0	0.0	0.00	0.0	0.000	0.169	27.6	92	26.1	33.1	21.18	1.1263	0.00	599	8	100.0	30
23-05-04	1:30 a	26.4	26.6	26.4	95	25.6	0.0	---	0.00	0.0	---	26.4	30.7	30.7	30.1	1005.4	0.00	0.0	0	0.00	0	0.0	0.00	0.0	0.000	0.169	27.6	92	26.1	33.1	21.18	1.1262	0.00	600	8	100.0	30
23-05-04	2:00 a	26.4	26.5	26.3	95	25.6	0.0	SSE	0.00	0.4	SSE	26.4	30.7	30.7	30.1	1005.2	0.00	0.0	0	0.00	0	0.0	0.00	0.0	0.000	0.169	27.5	92	26.1	32.9	21.18	1.1263	0.00	599	8	100.0	30
23-05-04	2:30 a	26.4	26.6	26.3	95	25.5	0.0	---	0.00	0.0	---	26.4	30.5	30.5	29.9	1005.0	0.00	0.0	0	0.00	0	0.0	0.00	0.0	0.000	0.168	27.4	92	26.0	32.8	21.18	1.1264	0.00	599	8	100.0	30
23-05-04	3:00 a	26.1	26.4	26.1	95	25.2	0.0	SSE	0.00	0.4	SSE	26.1	29.9	29.9	29.3	1004.9	0.00	0.0	0	0.00	0	0.0	0.00	0.0	0.000	0.162	27.3	92	25.9	32.4	21.17	1.1269	0.00	599	8	100.0	30
23-05-04	3:30 a	26.0	26.1	25.9	95	25.1	0.0	---	0.00	0.0	---	26.0	29.6	29.6	29.1	1005.3	0.00	0.0	0	0.00	0	0.0	0.00	0.0	0.000	0.160	27.1	92	25.7	31.8	21.17	1.1287	0.00	599	8	100.0	30
23-05-04	4:00 a	25.8	26.0	25.8	95	25.0	0.0	---	0.00	0.0	---	25.8	29.2	29.2	28.6	1005.3	0.00	0.0	0	0.00	0	0.0	0.00	0.0	0.000	0.156	26.9	92	25.5	31.4	21.16	1.1297	0.00	599	8	100.0	30
23-05-04	4:30 a	25.7	25.9	25.7	95	24.9	0.0	---	0.00	0.0	---	25.7	28.9	28.9	28.3	1005.3	0.00	0.0	0	0.00	0	0.0	0.00	0.0	0.000	0.154	26.8	92	25.4	31.2	21.16	1.1304	0.00	600	8	100.0	30
23-05-04	5:00 a	25.8	25.8	25.6	95	24.9	0.0	---	0.00	0.0	---	25.8	29.1	29.1	28.7	1005.6	0.00	0.0	11	0.47	19	0.0	0.00	0.0	0.000	0.155	26.8	93	25.6	31.2	21.25	1.1306	0.00	600	8	100.0	30
23-05-04	5:30 a	26.1	26.1	25.8	95	25.2	0.0	---	0.00	0.0	---	26.1	29.8	29.8	29.6	1006.0	0.00	0.0	28	1.20	35	0.0	0.00	0.0	0.000	0.161	26.9	93	25.7	31.4	21.26	1.1305	0.00	599	8	100.0	30
23-05-04	6:00 a	26.4	26.6	26.1	95	25.6	0.0	SSE	0.00	0.4	SSE	26.4	30.7	30.7	30.7	1006.3	0.00	0.0	46	1.98	72	0.1	0.02	0.5	0.000	0.169	27.3	93	26.0	32.4	21.27	1.1285	0.03	596	8	100.0	30
23-05-04	6:30 a	26.9	27.0	26.4	95	26.1	0.0	---	0.00	0.0	---	26.9	31.9	31.9	32.6	1006.6	0.00	0.0	39	1.68	42	0.0	0.00	0.0	0.000	0.179	28.2	93	27.0	35.4	21.31	1.1231	0.00	599	8	100.0	30
23-05-04	7:00 a	27.6	27.6	27.0	95	26.7	0.0	SSE	0.00	0.9	SSE	27.6	33.8	33.8	34.8	1006.5	0.00	0.0	59	2.54	116	0.4	0.09	1.7	0.000	0.193	29.4	91	27.8	38.6	20.65	1.1164	0.03	599	8	100.0	30
23-05-04	7:30 a	29.1	29.1	27.6	94	28.0	0.4	SSE	0.80	1.3	SSW	29.1	38.3	38.3	46.0	1006.7	0.00	0.0	539	23.18	666	3.1	0.66	4.0	0.000	0.223	30.3	87	27.9	40.4	18.36	1.1134	0.00	600	8	100.0	30
23-05-04	8:00 a	31.1	31.2	29.1	84	28.1	0.4	S	0.80	2.2	SSE	31.1	42.1	42.1	49.1	1006.7	0.00	0.0	600	25.80	684	4.4	0.94	5.4	0.000	0.266	30.7	84	27.7	40.9	17.16	1.1122	0.36	600	8	100.0	30
23-05-04	8:30 a	31.6	31.7	30.8	81	27.9	0.4	SSE	0.80	2.2	SSW	31.6	43.1	43.1	50.1	1006.7	0.00	0.0	621	26.71	835	5.5	1.18	7.1	0.000	0.277	31.1	83	27.8	41.4	16.73	1.1106	0.00	599	8	100.0	30
23-05-04	9:00 a	32.4	32.7	31.4	76	27.7	0.4	SSW	0.80	2.2	SSE	32.4	44.4	44.4	51.5	1006.6	0.00	0.0	837	36.00	912	7.2	1.54	8.4	0.000	0.294	31.4	81	27.7	42.1	16.01	1.1096	0.48	599	8	100.0	30
23-05-04	9:30 a	32.6	32.7	31.9	80	28.7	0.9	SSW	1.61	2.7	S	32.6	47.1	47.1	54.1	1006.3	0.00	0.0	924	39.74	958	7.9	1.69	9.2	0.000	0.297	31.9	80	28.0	43.8	15.57	1.1068	0.00	599	8	100.0	30
23-05-04	10:00 a	33.4	33.7	32.6	75	28.4	0.9	SE	1.61	3.1	SE	33.4	48.2	48.2	54.8	1006.4	0.00	0.0	956	41.11	969	5.1	1.09	6.3	0.000	0.315	32.4	80	28.5	46.0	15.54	1.1038	0.61	599	8	100.0	30
23-05-04	10:30 a	33.1	33.3	32.6	75	28.1	0.9	SE	1.61	4.0	SE	33.1	46.7	46.7	53.3	1006.1	0.00	0.0	960	41.29	965	6.1	1.31	11.1	0.000	0.308	32.7	78	28.3	46.3	14.75	1.1028	0.00	598	8	100.0	30
23-05-04	11:00 a	33.1	33.7	32.9	76	28.3	0.9	SE	1.61	4.0	SSW	33.1	47.1	47.1	54.4	1005.6	0.00	0.0	858	36.90	1018	11.2	2.40	11.4	0.000	0.307	32.9	77	28.4	47.1	14.52	1.1012	0.63	600	8	100.0	30
23-05-04	11:30 a	33.7	34.0	33.0	78	29.3	0.4	SSE	0.80	2.7	SSE	33.7	51.5	51.5	58.1	1005.3	0.00	0.0	583	25.07	939	10.8	2.31	11.1	0.000	0.319	33.2	76	28.4	47.8	14.25	1.0997	0.00	598	8	100.0	30
23-05-04	12:00 p	33.3	34.0	33.3	77	28.7	0.9	ESE	1.61	4.0	SE	33.3	48.9	48.9	56.2	1004.9	0.00	0.0	909	39.09	930	10.0	2.14	10.4	0.000	0.313	33.3	75	28.2	47.4	14.01	1.0996	0.53	600	8	100.0	30
23-05-04	12:30 p	33.5	33.7	33.1	77	28.9	0.9	SSE	1.61	2.2	SSE	33.5	49.8	49.8	57.3	1004.4	0.00	0.0	856	36.81	886	8.9	1.91	9.5	0.000	0.316	33.0	75	28.0	46.2	14.02	1.1007	0.00	599	8	100.0	30
23-05-04	1:00 p	33.1	33.8	32.8	76	28.3	1.3	SE	2.41	4.0	ESE	33.1	47.3	47.3	54.6	1004.3	0.00	0.0	792	34.06	835	7.5	1.61	8.2	0.000	0.308	32.8	76	28.0	46.0	14.25	1.1009	0.58	598	8	100.0	30
23-05-04	1:30 p	33.4	33.8	33.0	78	29.1	0.9	SW	1.61	3.1	S	33.4	50.2	50.2	57.3	1003.9	0.00	0.0	721	31.01	763	5.9	1.26	6.7	0.000	0.315	32.7	79	28.5	46.8	15.12	1.0998	0.00	600	8	100.0	30
23-05-04	2:00 p	33.0	33.4	32.7	78	28.6	0.9	WSW	1.61	3.1	SSE	33.0	47.9	47.9	54.2	1003.9	0.00	0.0	553	23.78	671	4.4	0.94	5.1	0.000	0.306	32.2	79	28.1	44.7	15.15	1.1025	0.43	599	8	100.0	30
23-05-04	2:30 p	32.3	33.0	32.3	79	28.2	0.9	SE	1.61	3.1	S	32.3	45.0	45.0	50.2	1003.8	0.00	0.0	409	17.59	455	2.9	0.62	3.6	0.000	0.291	31.8	80	28.0	43.6	15.58	1.1042	0.00	598	8	100.0	30
23-05-04	3:00 p	32.2	32.7	32.1	80	28.3	0.9	SSE	1.61	3.1	SE	32.2	45.2	45.2	50.0	1003.5	0.00	0.0	335	14.41	367	1.9	0.41	2.4	0.000	0.289	31.6	81	27.9	43.1	15.99	1.1047	0.25	598	8	100.0	30
23-05-04	3:30 p	31.1	32.2	31.1	82	27.6	0.4	SSW	0.80	2.7	S	31.1	41.0	41.0	43.1	1003.7	0.00	0.0	129	5.55	267	0.9	0.19	1.4	0.000	0.265	31.3	81	27.7	41.8	16.01	1.1066	0.00	598	8	100.0	30
23-05-04	4:00 p	30.7	31.1	30.7	83	27.4	0.4	SSE	0.80	2.7	ESE	30.7	40.3	40.3	41.0	1003.9	0.00	0.0	46	1.98	56	0.0	0.00	0.0	0.000	0.257	31.1	81	27.4	40.6	16.03	1.1085	0.08	599	8	100.0	30
23-05-04	4:30 p	29.7	30.6	29.7	88	27.5	0.0	SSE	0.00	1.3	SSE	29.7	38.6	38.6	39.1	1004.3	0.00	0.0	31	1.33	47	0.0	0.00	0.0	0.000	0.237	30.8	84	27.8	41.2	17.15	1.1087	0.00	600	8	100.0	30
23-05-04	5:00 p	28.9	29.7	28.8	89	26.9	0.0	SE	0.00	0.4	SE	28.9	36.4	36.4	36.1	1004.9	0.00	0.0	7	0.30	14	0.0	0.00	0.0	0.000	0.220	30.5	84	27.5	40.2	17.17	1.1115	0.03	599	8	100.0	30
23-05-04	5:30 p	28.5	28.8	28.4	91	26.9	0.0	---	0.00	0.0	---	28.5	35.7	35.7	35.2	1005.4	0.00	0.0	0	0.00	0	0.0	0.00	0.0	0.000	0.212	30.2	86	27.6	39.6	17.97	1.1130	0.00	599	8	100.0	30
23-05-04	6:00 p	28.3	28.5	28.3	91	26.7	0.0	---	0.00	0.0	---	28.3	35.2	35.2	34.7	1005.5	0.00	0.0	0	0.00	0	0.0	0.00	0.0	0.000	0.208	29.9	87	27.5	39.0	18.40	1.1141	0.00	599	8	100.0	30
23-05-04	6:30 p	27.9	28.3	27.9	92	26.5	0.0	---	0.00	0.0	---	27.9	34.3	34.3	33.8	1005.9	0.00	0.0	0	0.00	0	0.0	0.00	0.0	0.000	0.200	29.7	87	27.3	38.3	18.42	1.1159	0.00	599	8	100.0	30
23-05-04	7:00 p	27.7	27.9	27.7	92	26.3	0.0	---	0.00	0.0	---	27.7	33.6	33.6	33.1	1006.0	0.00	0.0	0	0.00	0	0.0	0.00	0.0	0.000	0.196	29.4	87	27.0	37.3	18.46	1.1180	0.00	600	8	100.0	30
23-05-04	7:30 p	27.7	27.7	27.6	93	26.5	0.0	---	0.00	0.0	---	27.7	33.8	33.8	33.3	1006.1	0.00	0.0	0	0.00	0	0.0	0.00	0.0	0.000	0.196	29.2	88	27.0	37.1	18.89	1.1187	0.00	599	8	100.0	30
23-05-04	8:00 p	27.7	27.8	27.7	93	26.4	0.0	---	0.00	0.0	---	27.7	33.7	33.7	33.2	1006.4	0.00	0.0	0	0.00	0	0.0	0.00	0.0	0.000	0.194	29.1	89	27.1	37.1	19.51	1.1192	0.00	599	8	100.0	30
23-05-04	8:30 p	27.5	27.7	27.5	93	26.3	0.0	---	0.00	0.0	---	27.5	33.1	33.1	32.6	1006.3	0.00	0.0	0	0.00	0	0.0	0.00	0.0	0.000	0.191	28.9	89	26.9	36.6	19.54	1.1201	0.00	600	8	100.0	30
23-05-04	9:00 p	27.5	27.6	27.4	94	26.4	0.0	---	0.00	0.0	---	27.5	33.3	33.3	32.8	1006.4	0.00	0.0	0	0.00	0	0.0	0.00	0.0	0.000	0.191	28.8	90	27.0	36.5	20.14	1.1204	0.00	600	8	100.0	30
23-05-04	9:30 p	27.4	27.5	27.4	94	26.4	0.0	---	0.00	0.0	---	27.4	33.2	33.2	32.7	1006.3	0.00	0.0	0	0.00	0	0.0	0.00	0.0	0.000	0.190	28.8	90	27.0	36.5	20.14	1.1204	0.00	596	8	100.0	30
23-05-04	10:00 p	27.2	27.4	27.2	94	26.2	0.0	---	0.00	0.0	---	27.2	32.4	32.4	31.9	1005.9	0.00	0.0	0	0.00	0	0.0	0.00	0.0	0.000	0.185	28.7	90	26.9	36.1	20.15	1.1206	0.00	600	8	100.0	30
23-05-04	10:30 p	26.9	27.3	26.9	94	25.9	0.0	---	0.00	0.0	---	26.9	31.7	31.7	31.2	1006.1	0.00	0.0	0	0.00	0	0.0	0.00	0.0	0.000	0.179	28.6	90	26.8	35.8	20.17	1.1215	0.00	600	8	100.0	30
23-05-04	11:00 p	26.7	27.0	26.7	94	25.7	0.0	---	0.00	0.0	---	26.7	31.2	31.2	30.6	1006.1	0.00	0.0	0	0.00	0	0.0	0.00	0.0	0.000	0.175	28.7	89	26.7	35.8	19.59	1.1216	0.00	600	8	100.0	30
23-05-04	11:30 p	26.8	26.8	26.7	94	25.7	0.0	---	0.00	0.0	---	26.8	31.3	31.3	30.8	1005.7	0.00	0.0	0	0.00	0	0.0	0.00	0.0	0.000	0.176	28.7	89	26.7	35.8	19.59	1.1211	0.00	598	8	100.0	30
23-05-05	12:00 a	26.6	26.8	26.5	94	25.5	0.0	---	0.00	0.0	---	26.6	30.8	30.8	30.2	1005.7	0.00	0.0	0	0.00	0	0.0	0.00	0.0	0.000	0.171	28.3	89	26.3	34.7	19.65	1.1232	0.00	600	8	100.0	30
23-05-05	12:30 a	26.5	26.6	26.4	95	25.6	0.0	---	0.00	0.0	---	26.5	30.8	30.8	30.2	1005.3	0.00	0.0	0	0.00	0	0.0	0.00	0.0	0.000	0.170	28.4	89	26.5	35.1	19.63	1.1220	0.00	598	8	100.0	30
23-05-05	1:00 a	26.6	26.6	26.5	95	25.7	0.0	---	0.00	0.0	---	26.6	31.1	31.1	30.5	1005.1	0.00	0.0	0	0.00	0	0.0	0.00	0.0	0.000	0.172	28.4	89	26.5	35.1	19.63	1.1217	0.00	599	8	100.0	30
23-05-05	1:30 a	26.6	26.7	26.6	95	25.7	0.0	---	0.00	0.0	---	26.6	31.1	31.1	30.5	1004.8	0.00	0.0	0	0.00	0	0.0	0.00	0.0	0.000	0.172	28.5	89	26.5	35.2	19.62	1.1211	0.00	599	8	100.0	30
23-05-05	2:00 a	26.3	26.6	26.3	95	25.5	0.0	---	0.00	0.0	---	26.3	30.4	30.4	29.8	1004.7	0.00	0.0	0	0.00	0	0.0	0.00	0.0	0.000	0.167	28.3	89	26.3	34.7	19.65	1.1219	0.00	599	8	100.0	30
23-05-05	2:30 a	26.2	26.4	26.2	95	25.4	0.0	---	0.00	0.0	---	26.2	30.2	30.2	29.6	1004.8	0.00	0.0	0	0.00	0	0.0	0.00	0.0	0.000	0.164	28.2	89	26.2	34.2	19.68	1.1231	0.00	599	8	100.0	30
23-05-05	3:00 a	26.1	26.3	26.1	95	25.2	0.0	---	0.00	0.0	---	26.1	29.8	29.8	29.2	1005.0	0.00	0.0	0	0.00	0	0.0	0.00	0.0	0.000	0.161	28.0	89	26.0	33.8	19.71	1.1244	0.00	599	8	100.0	30
23-05-05	3:30 a	26.0	26.1	25.9	95	25.1	0.0	---	0.00	0.0	---	26.0	29.6	29.6	29.1	1005.2	0.00	0.0	0	0.00	0	0.0	0.00	0.0	0.000	0.160	27.9	89	25.9	33.5	19.73	1.1252	0.00	599	8	100.0	30
23-05-05	4:00 a	25.8	26.1	25.8	95	25.0	0.0	---	0.00	0.0	---	25.8	29.2	29.2	28.6	1005.8	0.00	0.0	0	0.00	0	0.0	0.00	0.0	0.000	0.156	27.8	89	25.8	33.2	19.75	1.1266	0.00	599	8	100.0	30
23-05-05	4:30 a	26.0	26.1	25.8	95	25.1	0.0	---	0.00	0.0	---	26.0	29.6	29.6	29.1	1006.2	0.00	0.0	0	0.00	0	0.0	0.00	0.0	0.000	0.160	27.7	90	25.9	33.2	20.30	1.1269	0.00	599	8	100.0	30
23-05-05	5:00 a	26.0	26.1	25.9	95	25.1	0.0	---	0.00	0.0	---	26.0	29.6	29.6	29.2	1006.5	0.00	0.0	8	0.34	16	0.0	0.00	0.0	0.000	0.160	27.7	90	25.9	33.2	20.30	1.1273	0.00	600	8	100.0	30
23-05-05	5:30 a	26.2	26.3	26.0	95	25.4	0.0	---	0.00	0.0	---	26.2	30.2	30.2	29.9	1006.7	0.00	0.0	22	0.95	26	0.0	0.00	0.0	0.000	0.164	27.9	90	26.1	33.7	20.27	1.1265	0.00	600	8	100.0	30
23-05-05	6:00 a	26.6	26.6	26.3	95	25.7	0.0	---	0.00	0.0	---	26.6	30.9	30.9	30.8	1007.1	0.00	0.0	32	1.38	37	0.0	0.00	0.0	0.000	0.171	27.9	92	26.5	34.1	21.19	1.1261	0.03	600	8	100.0	30
23-05-05	6:30 a	26.9	26.9	26.6	95	26.0	0.0	SE	0.00	0.4	SE	26.9	31.7	31.7	32.5	1007.3	0.00	0.0	43	1.85	49	0.0	0.00	0.0	0.000	0.178	28.5	92	27.1	36.0	21.22	1.1226	0.00	599	8	100.0	30
23-05-05	7:00 a	27.6	27.6	26.9	95	26.7	0.0	SE	0.00	0.9	SE	27.6	33.7	33.7	35.1	1007.4	0.00	0.0	77	3.31	163	1.0	0.21	1.8	0.000	0.192	29.3	91	27.7	38.3	20.67	1.1180	0.05	598	8	100.0	30
23-05-05	7:30 a	29.2	29.2	27.6	93	27.9	0.0	SE	0.00	0.9	SE	29.2	38.4	38.4	45.9	1007.6	0.00	0.0	529	22.75	589	3.1	0.66	3.9	0.000	0.226	30.3	87	27.9	40.4	18.36	1.1144	0.00	599	8	100.0	30
23-05-05	8:00 a	31.3	31.5	29.2	82	27.8	0.4	ESE	0.80	1.8	SW	31.3	41.9	41.9	49.4	1007.6	0.00	0.0	642	27.61	684	4.6	0.99	5.2	0.000	0.270	31.1	86	28.5	43.1	17.87	1.1098	0.38	599	8	100.0	30
23-05-05	8:30 a	32.5	32.5	31.3	81	28.8	0.4	S	0.80	2.2	SSE	32.5	47.4	47.4	54.5	1007.5	0.00	0.0	718	30.88	754	6.0	1.29	6.6	0.000	0.295	31.8	82	28.3	44.5	16.38	1.1077	0.00	600	8	100.0	30
23-05-05	9:00 a	32.4	33.0	32.3	78	28.1	0.9	SSW	1.61	2.7	SW	32.4	45.3	45.3	52.1	1007.4	0.00	0.0	766	32.94	867	6.9	1.48	8.2	0.000	0.294	32.1	80	28.2	44.5	15.56	1.1070	0.48	598	8	100.0	30
23-05-05	9:30 a	33.4	33.4	32.3	77	28.9	0.9	SW	1.61	3.1	WNW	33.4	49.6	49.6	56.2	1007.4	0.00	0.0	873	37.54	909	8.0	1.71	8.8	0.000	0.315	32.8	78	28.4	46.8	14.75	1.1037	0.00	599	8	100.0	30
23-05-05	10:00 a	33.2	33.6	32.8	78	28.9	0.9	SSW	1.61	2.7	W	33.2	49.1	49.1	56.1	1007.5	0.00	0.0	893	38.40	921	4.9	1.05	5.3	0.000	0.310	33.2	77	28.6	48.4	14.51	1.1017	0.61	599	8	100.0	30
23-05-05	10:30 a	33.1	34.2	33.0	75	28.1	0.9	SSW	1.61	2.7	S	33.1	46.7	46.7	53.7	1007.1	0.00	0.0	922	39.65	933	6.2	1.33	10.5	0.000	0.308	33.6	73	28.0	47.4	13.35	1.1015	0.00	600	8	100.0	30
23-05-05	11:00 a	33.7	33.9	32.9	74	28.4	0.9	SE	1.61	2.7	SW	33.7	48.8	48.8	56.2	1006.8	0.00	0.0	772	33.20	930	10.6	2.27	10.7	0.000	0.321	33.8	73	28.3	48.3	13.34	1.0998	0.58	600	8	100.0	30
23-05-05	11:30 a	33.6	33.8	33.3	74	28.3	0.4	SE	0.80	2.7	W	33.6	48.3	48.3	53.8	1006.4	0.00	0.0	462	19.87	902	10.3	2.21	10.6	0.000	0.318	33.9	72	28.2	48.3	13.03	1.0990	0.00	600	8	100.0	30
23-05-05	12:00 p	33.7	34.2	33.4	76	28.8	0.9	E	1.61	2.2	S	33.7	50.0	50.0	57.4	1006.1	0.00	0.0	882	37.93	898	9.7	2.08	10.1	0.000	0.319	33.9	73	28.4	48.8	13.33	1.0984	0.48	600	8	100.0	30
23-05-05	12:30 p	33.1	33.7	32.8	76	28.3	1.3	ESE	2.41	4.0	SE	33.1	47.1	47.1	54.4	1005.9	0.00	0.0	847	36.43	868	8.7	1.86	9.2	0.000	0.307	33.5	75	28.5	48.5	14.00	1.0993	0.00	600	8	100.0	30
23-05-05	1:00 p	33.2	33.7	32.9	77	28.6	0.9	SE	1.61	3.1	SE	33.2	48.4	48.4	55.6	1005.5	0.00	0.0	740	31.82	814	7.1	1.52	8.0	0.000	0.310	33.2	74	27.9	46.3	13.72	1.1015	0.56	598	8	100.0	30
23-05-05	1:30 p	32.8	33.3	32.6	77	28.3	1.3	SE	2.41	4.0	ESE	32.8	46.6	46.6	52.9	1005.5	0.00	0.0	584	25.12	668	5.2	1.11	6.1	0.000	0.302	32.7	76	27.9	45.5	14.25	1.1030	0.00	600	8	100.0	30
23-05-05	2:00 p	32.7	33.0	32.5	78	28.3	0.9	SSE	1.61	3.1	SSE	32.7	46.3	46.3	51.7	1005.3	0.00	0.0	454	19.52	550	3.6	0.77	4.4	0.000	0.299	32.3	77	27.8	44.3	14.55	1.1045	0.36	600	8	100.0	30
23-05-05	2:30 p	32.1	33.1	32.1	79	28.0	0.9	SSE	1.61	3.1	ESE	32.1	44.3	44.3	48.7	1005.1	0.00	0.0	333	14.32	441	2.6	0.56	3.3	0.000	0.287	32.0	79	27.9	43.8	15.17	1.1052	0.00	599	8	100.0	30
23-05-05	3:00 p	32.1	32.4	31.8	80	28.2	0.9	SE	1.61	4.0	SSE	32.1	44.5	44.5	48.8	1004.8	0.00	0.0	295	12.69	415	1.7	0.36	2.2	0.000	0.286	31.7	81	28.1	43.7	15.99	1.1055	0.23	599	8	100.0	30
23-05-05	3:30 p	30.9	32.1	30.9	83	27.7	0.4	ESE	0.80	1.8	S	30.9	40.9	40.9	43.4	1004.8	0.00	0.0	149	6.41	294	0.8	0.17	1.2	0.000	0.262	31.6	82	28.1	43.3	16.40	1.1060	0.00	600	8	100.0	30
23-05-05	4:00 p	30.9	31.2	30.7	83	27.7	0.4	ESE	0.80	2.7	SSE	30.9	40.9	40.9	42.6	1004.7	0.00	0.0	88	3.78	113	0.2	0.04	0.6	0.000	0.262	31.2	83	28.0	42.2	16.72	1.1074	0.08	599	8	100.0	30
23-05-05	4:30 p	29.8	30.9	29.8	88	27.6	0.4	SSE	0.80	1.3	SSE	29.8	39.0	39.0	39.6	1004.9	0.00	0.0	36	1.55	69	0.0	0.00	0.0	0.000	0.240	31.1	85	28.3	42.5	17.47	1.1073	0.00	600	8	100.0	30
23-05-05	5:00 p	29.1	29.8	29.1	89	27.1	0.0	SSE	0.00	0.4	SSE	29.1	36.9	36.9	36.6	1005.2	0.00	0.0	11	0.47	26	0.0	0.00	0.0	0.000	0.223	30.8	85	28.0	41.4	17.51	1.1096	0.03	600	8	100.0	30
23-05-05	5:30 p	28.5	29.1	28.5	90	26.7	0.0	SSE	0.00	0.4	SSE	28.5	35.4	35.4	34.9	1005.7	0.00	0.0	0	0.00	0	0.0	0.00	0.0	0.000	0.212	30.3	85	27.5	39.8	17.55	1.1129	0.00	598	8	100.0	30
23-05-05	6:00 p	28.1	28.6	28.0	92	26.6	0.0	---	0.00	0.0	---	28.1	34.6	34.6	34.1	1005.9	0.00	0.0	0	0.00	0	0.0	0.00	0.0	0.000	0.203	30.1	86	27.5	39.1	17.98	1.1143	0.00	599	8	100.0	30
23-05-05	6:30 p	27.8	28.1	27.8	92	26.4	0.0	SSE	0.00	0.4	SSE	27.8	33.8	33.8	33.3	1006.2	0.00	0.0	0	0.00	0	0.0	0.00	0.0	0.000	0.197	29.7	87	27.3	38.3	18.42	1.1163	0.00	599	8	100.0	30
23-05-05	7:00 p	27.8	27.8	27.7	93	26.5	0.0	---	0.00	0.0	---	27.8	34.0	34.0	33.5	1006.7	0.00	0.0	0	0.00	0	0.0	0.00	0.0	0.000	0.197	30.1	86	27.5	39.3	17.98	1.1150	0.00	600	8	100.0	30
23-05-05	7:30 p	27.6	27.8	27.6	93	26.4	0.0	---	0.00	0.0	---	27.6	33.5	33.5	33.0	1007.0	0.00	0.0	0	0.00	0	0.0	0.00	0.0	0.000	0.193	30.0	86	27.4	38.8	17.99	1.1159	0.00	600	8	100.0	30
23-05-05	8:00 p	27.4	27.6	27.4	94	26.4	0.0	---	0.00	0.0	---	27.4	33.2	33.2	32.7	1007.1	0.00	0.0	0	0.00	0	0.0	0.00	0.0	0.000	0.190	29.8	86	27.2	38.3	18.01	1.1171	0.00	599	8	100.0	30
23-05-05	8:30 p	27.2	27.4	27.1	94	26.1	0.0	---	0.00	0.0	---	27.2	32.3	32.3	31.8	1007.2	0.00	0.0	0	0.00	0	0.0	0.00	0.0	0.000	0.184	29.6	87	27.2	37.9	18.43	1.1180	0.00	600	8	100.0	30
23-05-05	9:00 p	27.0	27.2	26.9	94	26.0	0.0	---	0.00	0.0	---	27.0	31.9	31.9	31.3	1007.5	0.00	0.0	0	0.00	0	0.0	0.00	0.0	0.000	0.181	29.4	87	27.1	37.4	18.45	1.1194	0.00	598	8	100.0	30
23-05-05	9:30 p	26.8	27.0	26.8	94	25.8	0.0	---	0.00	0.0	---	26.8	31.4	31.4	30.9	1007.6	0.00	0.0	0	0.00	0	0.0	0.00	0.0	0.000	0.177	28.7	88	26.5	35.7	18.98	1.1234	0.00	599	8	100.0	30
23-05-05	10:00 p	26.7	26.9	26.7	94	25.6	0.0	---	0.00	0.0	---	26.7	31.0	31.0	30.4	1007.4	0.00	0.0	0	0.00	0	0.0	0.00	0.0	0.000	0.174	28.4	89	26.4	34.9	19.64	1.1247	0.00	599	8	100.0	30
23-05-05	10:30 p	26.5	26.7	26.5	94	25.5	0.0	---	0.00	0.0	---	26.5	30.7	30.7	30.1	1007.2	0.00	0.0	0	0.00	0	0.0	0.00	0.0	0.000	0.170	28.2	89	26.2	34.2	19.68	1.1258	0.00	600	8	100.0	30
23-05-05	11:00 p	26.4	26.6	26.3	95	25.6	0.0	---	0.00	0.0	---	26.4	30.7	30.7	30.1	1007.1	0.00	0.0	0	0.00	0	0.0	0.00	0.0	0.000	0.169	28.0	90	26.2	34.0	20.26	1.1263	0.00	600	8	100.0	30
23-05-05	11:30 p	26.3	26.4	26.3	95	25.5	0.0	---	0.00	0.0	---	26.3	30.4	30.4	29.8	1006.9	0.00	0.0	0	0.00	0	0.0	0.00	0.0	0.000	0.167	27.8	90	26.0	33.6	20.28	1.1271	0.00	599	8	100.0	30
23-05-06	12:00 a	26.2	26.3	26.2	95	25.3	0.0	---	0.00	0.0	---	26.2	30.0	30.0	29.4	1006.8	0.00	0.0	0	0.00	0	0.0	0.00	0.0	0.000	0.163	27.7	90	25.9	33.1	20.31	1.1280	0.00	599	8	100.0	30
23-05-06	12:30 a	26.1	26.2	26.1	95	25.2	0.0	---	0.00	0.0	---	26.1	29.8	29.8	29.2	1006.6	0.00	0.0	0	0.00	0	0.0	0.00	0.0	0.000	0.161	27.5	90	25.7	32.6	20.33	1.1288	0.00	599	8	100.0	30
23-05-06	1:00 a	25.9	26.1	25.9	95	25.1	0.0	---	0.00	0.0	---	25.9	29.5	29.5	28.9	1006.3	0.00	0.0	0	0.00	0	0.0	0.00	0.0	0.000	0.159	27.4	91	25.8	32.4	20.95	1.1287	0.00	597	8	100.0	30
23-05-06	1:30 a	25.9	26.0	25.8	95	25.0	0.0	---	0.00	0.0	---	25.9	29.3	29.3	28.8	1006.2	0.00	0.0	0	0.00	0	0.0	0.00	0.0	0.000	0.157	27.3	91	25.7	32.1	20.96	1.1291	0.00	600	8	100.0	30
23-05-06	2:00 a	25.8	25.9	25.8	95	25.0	0.0	---	0.00	0.0	---	25.8	29.2	29.2	28.6	1006.3	0.00	0.0	0	0.00	0	0.0	0.00	0.0	0.000	0.156	27.2	91	25.6	31.8	20.98	1.1299	0.00	599	8	100.0	30
23-05-06	2:30 a	25.8	25.8	25.8	95	24.9	0.0	---	0.00	0.0	---	25.8	29.1	29.1	28.5	1006.2	0.00	0.0	0	0.00	0	0.0	0.00	0.0	0.000	0.155	27.1	91	25.5	31.6	20.99	1.1305	0.00	600	8	100.0	30
23-05-06	3:00 a	25.9	25.9	25.7	95	25.0	0.0	---	0.00	0.0	---	25.9	29.3	29.3	28.8	1006.2	0.00	0.0	0	0.00	0	0.0	0.00	0.0	0.000	0.157	27.0	91	25.4	31.4	21.00	1.1309	0.00	600	8	100.0	30
23-05-06	3:30 a	26.0	26.0	25.7	95	25.1	0.0	---	0.00	0.0	---	26.0	29.6	29.6	29.1	1006.1	0.00	0.0	0	0.00	0	0.0	0.00	0.0	0.000	0.160	26.9	92	25.5	31.3	21.16	1.1310	0.00	599	8	100.0	30
23-05-06	4:00 a	25.8	26.1	25.7	95	24.9	0.0	---	0.00	0.0	---	25.8	29.1	29.1	28.5	1006.2	0.00	0.0	0	0.00	0	0.0	0.00	0.0	0.000	0.155	26.9	92	25.5	31.4	21.16	1.1308	0.00	600	8	100.0	30
23-05-06	4:30 a	25.6	25.8	25.6	95	24.7	0.0	---	0.00	0.0	---	25.6	28.6	28.6	27.9	1006.4	0.00	0.0	0	0.00	0	0.0	0.00	0.0	0.000	0.150	26.8	92	25.4	31.0	21.15	1.1320	0.00	598	8	100.0	30
23-05-06	5:00 a	25.7	25.7	25.5	95	24.8	0.0	---	0.00	0.0	---	25.7	28.8	28.8	28.3	1006.4	0.00	0.0	7	0.30	16	0.0	0.00	0.0	0.000	0.153	26.7	92	25.3	30.9	21.15	1.1324	0.00	599	8	100.0	30
23-05-06	5:30 a	26.1	26.1	25.7	95	25.2	0.0	---	0.00	0.0	---	26.1	29.8	29.8	29.6	1006.8	0.00	0.0	25	1.08	32	0.0	0.00	0.0	0.000	0.161	26.9	93	25.7	31.4	21.26	1.1314	0.00	599	8	100.0	30
23-05-06	6:00 a	26.4	26.4	26.0	95	25.6	0.0	---	0.00	0.0	---	26.4	30.7	30.7	30.7	1007.4	0.00	0.0	39	1.68	47	0.0	0.00	0.0	0.000	0.169	27.3	93	26.1	32.6	21.27	1.1294	0.03	598	8	100.0	30
23-05-06	6:30 a	26.8	26.9	26.4	95	26.0	0.0	---	0.00	0.0	---	26.8	31.6	31.6	32.9	1008.1	0.00	0.0	65	2.80	93	0.6	0.13	1.1	0.000	0.177	28.1	93	26.8	34.8	21.30	1.1259	0.00	599	8	100.0	30
23-05-06	7:00 a	27.6	27.6	26.8	95	26.7	0.0	---	0.00	0.0	---	27.6	33.7	33.7	36.3	1008.5	0.00	0.0	136	5.85	253	1.4	0.30	1.8	0.000	0.192	28.9	93	27.7	37.7	21.33	1.1209	0.08	601	8	100.0	30
23-05-06	7:30 a	28.9	28.9	27.6	94	27.9	0.0	SSE	0.00	0.4	SSE	28.9	37.9	37.9	43.6	1008.5	0.00	0.0	350	15.05	408	2.3	0.49	2.9	0.000	0.221	29.6	91	28.0	39.3	20.64	1.1177	0.00	598	8	100.0	30
23-05-06	8:00 a	30.4	30.4	28.9	89	28.4	0.4	SSE	0.80	1.8	ESE	30.4	41.9	41.9	48.2	1008.5	0.00	0.0	462	19.87	563	3.7	0.79	4.5	0.000	0.251	30.3	89	28.3	41.6	19.29	1.1142	0.25	600	8	100.0	30
23-05-06	8:30 a	31.6	31.7	30.1	82	28.1	0.4	SE	0.80	2.7	S	31.6	43.3	43.3	50.2	1008.5	0.00	0.0	607	26.10	638	5.2	1.11	6.1	0.000	0.275	30.9	85	28.1	42.0	17.49	1.1124	0.00	598	8	100.0	30
23-05-06	9:00 a	31.8	32.2	31.4	79	27.7	0.9	SSE	1.61	2.7	E	31.8	43.2	43.2	49.9	1008.5	0.00	0.0	635	27.31	726	6.2	1.33	6.7	0.000	0.281	31.3	82	27.9	42.2	16.41	1.1115	0.41	597	8	100.0	30
23-05-06	9:30 a	32.2	32.3	31.8	77	27.7	0.9	ESE	1.61	3.6	ESE	32.2	43.9	43.9	50.9	1008.5	0.00	0.0	726	31.22	759	6.8	1.46	7.6	0.000	0.289	31.8	80	28.0	43.6	15.58	1.1096	0.00	599	8	100.0	30
23-05-06	10:00 a	32.6	33.3	32.3	77	28.1	0.4	SE	0.80	2.7	ESE	32.6	45.6	45.6	52.8	1008.3	0.00	0.0	792	34.06	867	5.4	1.16	5.6	0.000	0.297	32.2	79	28.1	44.5	15.16	1.1079	0.53	600	8	100.0	30
23-05-06	10:30 a	33.4	33.4	32.6	81	29.7	0.9	SE	1.61	4.9	ESE	33.4	52.7	52.7	60.1	1008.0	0.00	0.0	894	38.45	974	7.1	1.52	10.2	0.000	0.315	32.6	79	28.5	46.6	15.12	1.1048	0.00	598	8	100.0	30
23-05-06	11:00 a	32.9	33.7	32.8	77	28.4	0.9	ESE	1.61	2.2	SSE	32.9	47.1	47.1	54.0	1007.9	0.00	0.0	649	27.91	918	10.0	2.14	10.9	0.000	0.304	32.9	79	28.8	47.9	15.10	1.1030	0.53	599	8	100.0	30
23-05-06	11:30 a	33.3	33.8	33.0	78	28.9	0.9	SSE	1.61	3.1	SSE	33.3	49.3	49.3	54.4	1007.7	0.00	0.0	408	17.55	949	10.6	2.27	11.2	0.000	0.311	33.1	78	28.7	48.2	14.75	1.1023	0.00	596	8	100.0	30
23-05-06	12:00 p	33.5	34.0	33.2	77	28.9	0.9	S	1.61	2.2	SSE	33.5	49.8	49.8	57.2	1007.4	0.00	0.0	905	38.92	946	10.0	2.14	10.5	0.000	0.316	33.4	75	28.3	47.9	14.01	1.1016	0.48	600	8	100.0	30
23-05-06	12:30 p	33.5	33.7	33.1	77	28.9	0.9	ESE	1.61	3.1	S	33.5	49.8	49.8	57.3	1006.8	0.00	0.0	819	35.22	872	8.6	1.84	9.1	0.000	0.316	33.4	75	28.4	48.2	14.01	1.1007	0.00	600	8	100.0	30
23-05-06	1:00 p	33.8	34.3	33.1	76	29.0	0.9	SSW	1.61	2.7	SSE	33.8	50.9	50.9	58.2	1006.3	0.00	0.0	776	33.37	814	7.4	1.59	8.1	0.000	0.323	33.7	74	28.4	48.6	13.70	1.0994	0.56	600	8	100.0	30
23-05-06	1:30 p	32.6	33.8	32.4	79	28.5	0.9	SSW	1.61	3.1	S	32.6	46.6	46.6	53.6	1006.0	0.00	0.0	698	30.02	742	5.9	1.26	6.7	0.000	0.297	33.4	74	28.1	47.3	13.71	1.1007	0.00	598	8	100.0	30
23-05-06	2:00 p	32.7	33.4	32.4	79	28.5	0.4	S	0.80	3.1	ESE	32.7	46.8	46.8	52.9	1006.1	0.00	0.0	530	22.79	654	4.3	0.92	5.2	0.000	0.299	32.9	76	28.1	46.3	14.25	1.1027	0.43	600	8	100.0	30
23-05-06	2:30 p	32.2	33.2	32.2	78	27.9	0.4	SSW	0.80	3.1	SE	32.2	44.3	44.3	49.4	1006.0	0.00	0.0	396	17.03	482	2.9	0.62	3.7	0.000	0.289	32.8	76	28.0	46.0	14.25	1.1029	0.00	600	8	100.0	30
23-05-06	3:00 p	32.1	32.4	31.7	80	28.2	0.4	SE	0.80	1.8	SSE	32.1	44.5	44.5	48.7	1006.0	0.00	0.0	288	12.39	306	1.7	0.36	2.0	0.000	0.286	32.1	77	27.6	43.4	14.56	1.1066	0.25	599	8	100.0	30
23-05-06	3:30 p	30.9	32.1	30.9	82	27.5	0.4	SE	0.80	2.2	S	30.9	40.7	40.7	43.8	1006.0	0.00	0.0	186	8.00	309	0.9	0.19	1.4	0.000	0.263	32.1	77	27.6	43.4	14.56	1.1066	0.00	600	8	100.0	30
23-05-06	4:00 p	30.0	31.0	30.0	83	26.8	0.4	SE	0.80	1.3	S	30.0	37.9	37.9	39.3	1006.0	0.00	0.0	80	3.44	102	0.1	0.02	0.5	0.000	0.243	31.9	79	27.8	43.4	15.19	1.1069	0.10	600	8	100.0	30
23-05-06	4:30 p	29.4	30.2	29.4	88	27.2	0.0	SW	0.00	0.4	SW	29.4	37.6	37.6	38.1	1006.3	0.00	0.0	34	1.46	51	0.0	0.00	0.0	0.000	0.230	31.4	81	27.8	42.3	16.01	1.1089	0.00	599	8	100.0	30
23-05-06	5:00 p	28.7	29.4	28.7	89	26.7	0.0	SW	0.00	0.4	SW	28.7	35.9	35.9	35.6	1006.5	0.00	0.0	13	0.56	30	0.0	0.00	0.0	0.000	0.216	31.5	81	27.8	42.6	16.00	1.1088	0.03	599	8	100.0	30
23-05-06	5:30 p	28.1	28.7	28.1	90	26.3	0.0	N	0.00	0.4	N	28.1	34.1	34.1	33.6	1006.7	0.00	0.0	0	0.00	0	0.0	0.00	0.0	0.000	0.203	31.1	81	27.5	40.7	16.03	1.1114	0.00	600	8	100.0	30
23-05-06	6:00 p	27.8	28.1	27.8	91	26.2	0.0	N	0.00	0.4	N	27.8	33.6	33.6	33.1	1007.1	0.00	0.0	0	0.00	0	0.0	0.00	0.0	0.000	0.197	30.7	82	27.3	40.1	16.46	1.1137	0.00	599	8	100.0	30
23-05-06	6:30 p	27.6	27.8	27.6	91	26.0	0.0	---	0.00	0.0	---	27.6	33.1	33.1	32.6	1007.4	0.00	0.0	0	0.00	0	0.0	0.00	0.0	0.000	0.193	30.4	83	27.2	39.4	16.78	1.1155	0.00	599	8	100.0	30
23-05-06	7:00 p	27.4	27.6	27.4	92	26.0	0.0	---	0.00	0.0	---	27.4	32.8	32.8	32.2	1007.3	0.00	0.0	0	0.00	0	0.0	0.00	0.0	0.000	0.190	30.1	84	27.1	38.6	17.20	1.1165	0.00	600	8	100.0	30
23-05-06	7:30 p	27.1	27.4	27.1	93	25.9	0.0	---	0.00	0.0	---	27.1	32.0	32.0	31.4	1007.3	0.00	0.0	0	0.00	0	0.0	0.00	0.0	0.000	0.183	29.8	84	26.8	37.7	17.22	1.1183	0.00	599	8	100.0	30
23-05-06	8:00 p	26.9	27.1	26.9	93	25.7	0.0	---	0.00	0.0	---	26.9	31.6	31.6	31.0	1007.6	0.00	0.0	0	0.00	0	0.0	0.00	0.0	0.000	0.179	29.6	85	26.8	37.2	17.64	1.1198	0.00	599	8	100.0	30
23-05-06	8:30 p	26.8	27.0	26.8	93	25.6	0.0	---	0.00	0.0	---	26.8	31.2	31.2	30.6	1007.8	0.00	0.0	0	0.00	0	0.0	0.00	0.0	0.000	0.176	29.3	86	26.7	36.8	18.07	1.1212	0.00	599	8	100.0	30
23-05-06	9:00 p	26.6	26.8	26.6	94	25.5	0.0	---	0.00	0.0	---	26.6	30.8	30.8	30.2	1008.0	0.00	0.0	0	0.00	0	0.0	0.00	0.0	0.000	0.171	29.1	86	26.5	36.2	18.09	1.1228	0.00	598	8	100.0	30
23-05-06	9:30 p	26.4	26.6	26.4	94	25.3	0.0	---	0.00	0.0	---	26.4	30.4	30.4	29.8	1008.0	0.00	0.0	0	0.00	0	0.0	0.00	0.0	0.000	0.168	28.9	86	26.3	35.8	18.11	1.1238	0.00	597	8	100.0	30
23-05-06	10:00 p	26.3	26.4	26.3	94	25.2	0.0	---	0.00	0.0	---	26.3	30.2	30.2	29.6	1008.0	0.00	0.0	0	0.00	0	0.0	0.00	0.0	0.000	0.166	28.7	87	26.3	35.3	18.53	1.1247	0.00	600	8	100.0	30
23-05-06	10:30 p	26.2	26.3	26.1	94	25.1	0.0	---	0.00	0.0	---	26.2	29.9	29.9	29.3	1008.0	0.00	0.0	0	0.00	0	0.0	0.00	0.0	0.000	0.163	28.5	87	26.1	34.8	18.55	1.1256	0.00	599	8	100.0	30
23-05-06	11:00 p	25.9	26.2	25.9	94	24.9	0.0	---	0.00	0.0	---	25.9	29.4	29.4	28.8	1007.7	0.00	0.0	0	0.00	0	0.0	0.00	0.0	0.000	0.159	28.3	87	26.0	34.3	18.57	1.1264	0.00	598	8	100.0	30
23-05-06	11:30 p	25.8	26.1	25.8	94	24.8	0.0	---	0.00	0.0	---	25.8	29.1	29.1	28.5	1007.1	0.00	0.0	0	0.00	0	0.0	0.00	0.0	0.000	0.156	28.2	87	25.8	33.9	18.59	1.1266	0.00	599	8	100.0	30
23-05-07	12:00 a	25.7	25.9	25.7	94	24.7	0.0	---	0.00	0.0	---	25.7	28.9	28.9	28.3	1006.9	0.00	0.0	0	0.00	0	0.0	0.00	0.0	0.000	0.154	28.1	87	25.7	33.6	18.60	1.1270	0.00	599	8	100.0	30
23-05-07	12:30 a	25.7	25.8	25.6	95	24.8	0.0	---	0.00	0.0	---	25.7	28.8	28.8	28.2	1006.6	0.00	0.0	0	0.00	0	0.0	0.00	0.0	0.000	0.153	27.9	88	25.7	33.3	19.13	1.1273	0.00	597	8	100.0	30
23-05-07	1:00 a	25.6	25.7	25.6	95	24.7	0.0	---	0.00	0.0	---	25.6	28.6	28.6	27.9	1006.3	0.00	0.0	0	0.00	0	0.0	0.00	0.0	0.000	0.150	27.8	88	25.6	33.0	19.15	1.1276	0.00	599	8	100.0	30
23-05-07	1:30 a	25.5	25.6	25.4	95	24.6	0.0	---	0.00	0.0	---	25.5	28.4	28.4	27.8	1006.2	0.00	0.0	0	0.00	0	0.0	0.00	0.0	0.000	0.149	27.6	88	25.4	32.6	19.18	1.1284	0.00	599	8	100.0	30
23-05-07	2:00 a	25.3	25.6	25.3	95	24.4	0.0	---	0.00	0.0	---	25.3	28.0	28.0	27.4	1006.0	0.00	0.0	0	0.00	0	0.0	0.00	0.0	0.000	0.145	27.5	88	25.3	32.2	19.20	1.1289	0.00	600	8	100.0	30
23-05-07	2:30 a	25.2	25.3	25.2	95	24.4	0.0	---	0.00	0.0	---	25.2	27.9	27.9	27.3	1005.8	0.00	0.0	0	0.00	0	0.0	0.00	0.0	0.000	0.144	27.4	88	25.2	31.9	19.22	1.1293	0.00	599	8	100.0	30
23-05-07	3:00 a	25.2	25.3	25.2	95	24.4	0.0	---	0.00	0.0	---	25.2	27.9	27.9	27.3	1006.0	0.00	0.0	0	0.00	0	0.0	0.00	0.0	0.000	0.144	27.2	88	25.1	31.4	19.25	1.1305	0.00	600	8	100.0	30
23-05-07	3:30 a	25.3	25.3	25.2	95	24.4	0.0	---	0.00	0.0	---	25.3	28.0	28.0	27.4	1006.2	0.00	0.0	0	0.00	0	0.0	0.00	0.0	0.000	0.145	27.2	89	25.2	31.6	19.85	1.1303	0.00	597	8	100.0	30
23-05-07	4:00 a	25.3	25.4	25.3	95	24.5	0.0	---	0.00	0.0	---	25.3	28.1	28.1	27.5	1006.5	0.00	0.0	0	0.00	0	0.0	0.00	0.0	0.000	0.146	27.2	89	25.2	31.6	19.85	1.1307	0.00	599	8	100.0	30
23-05-07	4:30 a	25.3	25.4	25.3	95	24.5	0.0	---	0.00	0.0	---	25.3	28.1	28.1	27.5	1006.5	0.00	0.0	0	0.00	0	0.0	0.00	0.0	0.000	0.146	27.2	89	25.2	31.6	19.85	1.1308	0.00	600	8	100.0	30
23-05-07	5:00 a	25.4	25.4	25.3	95	24.6	0.0	---	0.00	0.0	---	25.4	28.3	28.3	27.8	1006.7	0.00	0.0	8	0.34	16	0.0	0.00	0.0	0.000	0.148	27.2	89	25.2	31.5	19.86	1.1312	0.00	600	8	100.0	30
23-05-07	5:30 a	25.7	25.7	25.4	95	24.9	0.0	---	0.00	0.0	---	25.7	28.9	28.9	28.7	1006.8	0.00	0.0	26	1.12	33	0.0	0.00	0.0	0.000	0.154	27.3	90	25.5	32.1	20.35	1.1299	0.00	599	8	100.0	30
23-05-07	6:00 a	26.2	26.2	25.8	95	25.3	0.0	---	0.00	0.0	---	26.2	30.0	30.0	29.9	1007.3	0.00	0.0	33	1.42	37	0.0	0.00	0.0	0.000	0.163	27.8	91	26.2	33.6	20.89	1.1275	0.03	599	8	100.0	30
23-05-07	6:30 a	26.8	26.8	26.2	95	25.9	0.0	---	0.00	0.0	---	26.8	31.4	31.4	32.2	1007.6	0.00	0.0	42	1.81	47	0.0	0.00	0.0	0.000	0.176	28.6	89	26.6	35.6	19.60	1.1236	0.00	599	8	100.0	30
23-05-07	7:00 a	27.4	27.4	26.8	95	26.5	0.0	---	0.00	0.0	---	27.4	33.2	33.2	34.9	1007.8	0.00	0.0	96	4.13	190	1.0	0.21	1.7	0.000	0.189	29.3	88	27.1	37.4	18.87	1.1199	0.05	599	8	100.0	30
23-05-07	7:30 a	29.1	29.1	27.3	95	28.2	0.0	SSW	0.00	0.9	WSW	29.1	38.8	38.8	46.0	1007.9	0.00	0.0	504	21.67	585	3.0	0.64	3.8	0.000	0.225	30.1	87	27.7	39.4	18.38	1.1161	0.00	598	8	100.0	30
23-05-07	8:00 a	31.8	31.8	29.1	80	28.0	0.4	SSW	0.80	2.2	SSW	31.8	43.6	43.6	51.1	1008.0	0.00	0.0	645	27.74	691	4.6	0.99	5.3	0.000	0.281	30.8	85	28.0	41.6	17.50	1.1124	0.38	597	8	100.0	30
23-05-07	8:30 a	32.6	32.7	31.8	76	27.8	0.4	S	0.80	3.1	WNW	32.6	45.1	45.1	52.4	1007.7	0.00	0.0	743	31.95	782	6.1	1.31	6.9	0.000	0.297	31.5	81	27.8	42.6	16.00	1.1102	0.00	598	8	100.0	30
23-05-07	9:00 a	32.6	33.0	32.3	79	28.4	0.9	SSW	1.61	2.7	SSW	32.6	46.3	46.3	53.3	1007.8	0.00	0.0	816	35.09	853	7.6	1.63	8.3	0.000	0.296	32.1	80	28.2	44.7	15.56	1.1070	0.53	597	8	100.0	30
23-05-07	9:30 a	32.9	33.1	32.4	78	28.6	0.9	SSW	1.61	3.1	WNW	32.9	47.7	47.7	54.4	1007.5	0.00	0.0	880	37.84	907	6.9	1.48	8.5	0.000	0.304	32.5	79	28.4	46.1	15.13	1.1049	0.00	599	8	100.0	30
23-05-07	10:00 a	32.9	33.7	32.9	78	28.6	0.9	SSW	1.61	3.1	SSW	32.9	47.7	47.7	54.1	1007.5	0.00	0.0	934	40.17	977	4.5	0.96	4.8	0.000	0.304	32.9	78	28.5	47.4	14.75	1.1031	0.63	597	8	100.0	30
23-05-07	10:30 a	33.1	33.6	32.8	77	28.5	0.9	S	1.61	3.6	W	33.1	47.6	47.6	53.8	1007.3	0.00	0.0	975	41.93	991	6.9	1.48	10.9	0.000	0.307	33.2	78	28.9	49.1	14.75	1.1008	0.00	597	8	100.0	30
23-05-07	11:00 a	33.3	33.8	33.1	77	28.7	0.9	SE	1.61	3.6	W	33.3	48.7	48.7	55.7	1007.0	0.00	0.0	691	29.72	986	10.9	2.34	11.0	0.000	0.311	33.6	76	28.7	49.4	14.25	1.0997	0.58	600	8	100.0	30
23-05-07	11:30 a	33.5	33.8	33.3	75	28.5	0.9	ESE	1.61	3.6	ESE	33.5	48.5	48.5	53.2	1006.7	0.00	0.0	372	16.00	1002	10.6	2.27	10.8	0.000	0.316	33.7	73	28.2	48.1	13.34	1.1001	0.00	598	8	100.0	30
23-05-07	12:00 p	33.2	34.2	33.2	76	28.4	0.9	SE	1.61	4.0	SSE	33.2	47.6	47.6	54.2	1006.4	0.00	0.0	985	42.36	1060	9.4	2.01	10.7	0.000	0.309	33.7	72	28.0	47.4	13.04	1.1003	0.46	598	8	100.0	30
23-05-07	12:30 p	33.5	34.0	32.3	77	28.9	1.3	SE	2.41	4.0	ESE	33.5	49.8	49.8	57.3	1005.8	0.00	0.0	816	35.09	979	8.1	1.74	9.5	0.000	0.316	33.7	73	28.2	48.1	13.34	1.0991	0.00	597	8	100.0	30
23-05-07	1:00 p	33.7	34.2	33.3	75	28.7	0.9	SE	1.61	3.6	ESE	33.7	49.6	49.6	56.9	1005.5	0.00	0.0	804	34.58	846	7.2	1.54	8.2	0.000	0.321	33.7	72	28.0	47.4	13.04	1.0992	0.53	600	8	100.0	30
23-05-07	1:30 p	33.6	33.8	32.9	76	28.8	0.9	SSE	1.61	4.0	SSE	33.6	49.7	49.7	56.8	1005.0	0.00	0.0	705	30.32	751	5.9	1.26	6.4	0.000	0.318	33.4	72	27.7	46.3	13.06	1.1004	0.00	599	8	100.0	30
23-05-07	2:00 p	32.9	33.6	32.9	76	28.1	0.9	SE	1.61	4.0	SSE	32.9	46.5	46.5	52.9	1004.9	0.00	0.0	583	25.07	698	4.3	0.92	5.1	0.000	0.304	33.1	73	27.6	45.3	13.39	1.1021	0.46	598	8	100.0	30
23-05-07	2:30 p	32.7	33.2	32.4	77	28.2	0.9	S	1.61	3.6	S	32.7	46.1	46.1	51.4	1004.7	0.00	0.0	422	18.15	508	2.9	0.62	3.6	0.000	0.300	32.6	75	27.6	44.6	14.04	1.1033	0.00	596	8	100.0	30
23-05-07	3:00 p	32.4	32.9	32.3	78	28.1	0.9	SE	1.61	4.0	SSE	32.4	45.1	45.1	50.1	1004.6	0.00	0.0	353	15.18	438	1.9	0.41	2.5	0.000	0.293	32.3	75	27.3	43.4	14.05	1.1049	0.28	598	8	100.0	30
23-05-07	3:30 p	31.2	32.3	31.2	82	27.7	0.4	SE	0.80	1.8	SE	31.2	41.4	41.4	43.6	1004.8	0.00	0.0	133	5.72	269	0.9	0.19	1.3	0.000	0.267	32.1	78	27.8	43.8	14.77	1.1047	0.00	600	8	100.0	30
23-05-07	4:00 p	29.9	31.2	29.9	86	27.3	0.4	SE	0.80	1.3	NNE	29.9	38.5	38.5	39.7	1005.0	0.00	0.0	72	3.10	88	0.1	0.02	0.5	0.000	0.241	31.9	80	28.1	44.1	15.57	1.1049	0.08	598	8	100.0	30
23-05-07	4:30 p	29.3	29.9	29.3	87	26.9	0.0	SE	0.00	0.9	SE	29.3	37.2	37.2	37.9	1005.0	0.00	0.0	43	1.85	58	0.0	0.00	0.0	0.000	0.229	31.6	82	28.2	43.6	16.39	1.1058	0.00	596	8	100.0	30
23-05-07	5:00 p	28.8	29.4	28.8	89	26.8	0.0	SE	0.00	0.9	SE	28.8	36.3	36.3	36.0	1005.4	0.00	0.0	14	0.60	33	0.0	0.00	0.0	0.000	0.219	31.6	81	27.9	42.8	16.00	1.1072	0.03	599	8	100.0	30
23-05-07	5:30 p	28.1	28.8	28.1	90	26.3	0.0	NNE	0.00	0.4	NNE	28.1	34.3	34.3	33.8	1005.8	0.00	0.0	0	0.00	0	0.0	0.00	0.0	0.000	0.204	31.1	81	27.5	40.7	16.03	1.1103	0.00	598	8	100.0	30
23-05-07	6:00 p	27.5	28.1	27.5	91	25.9	0.0	---	0.00	0.0	---	27.5	32.8	32.8	32.2	1006.2	0.00	0.0	0	0.00	0	0.0	0.00	0.0	0.000	0.191	30.7	81	27.0	39.6	16.06	1.1135	0.00	599	8	100.0	30
23-05-07	6:30 p	27.4	27.5	27.3	91	25.8	0.0	---	0.00	0.0	---	27.4	32.4	32.4	31.9	1006.3	0.00	0.0	0	0.00	0	0.0	0.00	0.0	0.000	0.189	30.3	83	27.1	39.0	16.79	1.1150	0.00	599	8	100.0	30
23-05-07	7:00 p	27.1	27.4	27.0	92	25.6	0.0	---	0.00	0.0	---	27.1	31.7	31.7	31.2	1006.5	0.00	0.0	0	0.00	0	0.0	0.00	0.0	0.000	0.182	29.9	83	26.7	37.6	16.82	1.1175	0.00	597	8	100.0	30
23-05-07	7:30 p	26.9	27.1	26.9	93	25.7	0.0	---	0.00	0.0	---	26.9	31.6	31.6	31.0	1006.9	0.00	0.0	0	0.00	0	0.0	0.00	0.0	0.000	0.179	29.6	84	26.6	36.9	17.24	1.1194	0.00	598	8	100.0	30
23-05-07	8:00 p	27.0	27.0	26.9	93	25.8	0.0	---	0.00	0.0	---	27.0	31.7	31.7	31.2	1007.3	0.00	0.0	0	0.00	0	0.0	0.00	0.0	0.000	0.181	29.4	85	26.6	36.8	17.66	1.1204	0.00	600	8	100.0	30
23-05-07	8:30 p	27.2	27.2	27.0	93	26.0	0.0	NNE	0.00	0.4	NNE	27.2	32.3	32.3	31.7	1007.4	0.00	0.0	0	0.00	0	0.0	0.00	0.0	0.000	0.185	29.5	86	26.9	37.3	18.04	1.1194	0.00	600	8	100.0	30
23-05-07	9:00 p	27.3	27.4	27.2	93	26.1	0.0	NNE	0.00	0.4	NNE	27.3	32.6	32.6	32.1	1007.5	0.00	0.0	0	0.00	0	0.0	0.00	0.0	0.000	0.187	29.6	86	27.0	37.5	18.04	1.1192	0.00	599	8	100.0	30
23-05-07	9:30 p	26.8	27.3	26.8	93	25.6	0.0	---	0.00	0.0	---	26.8	31.3	31.3	30.7	1007.6	0.00	0.0	0	0.00	0	0.0	0.00	0.0	0.000	0.177	29.2	86	26.6	36.6	18.07	1.1213	0.00	600	8	100.0	30
23-05-07	10:00 p	26.5	26.8	26.5	94	25.5	0.0	---	0.00	0.0	---	26.5	30.7	30.7	30.1	1007.6	0.00	0.0	0	0.00	0	0.0	0.00	0.0	0.000	0.170	28.9	86	26.4	35.9	18.10	1.1230	0.00	600	8	100.0	30
23-05-07	10:30 p	26.2	26.5	26.2	94	25.1	0.0	---	0.00	0.0	---	26.2	29.9	29.9	29.3	1007.3	0.00	0.0	0	0.00	0	0.0	0.00	0.0	0.000	0.163	28.6	87	26.2	35.2	18.54	1.1242	0.00	600	8	100.0	30
23-05-07	11:00 p	26.0	26.2	26.0	94	25.0	0.0	---	0.00	0.0	---	26.0	29.5	29.5	28.9	1006.9	0.00	0.0	0	0.00	0	0.0	0.00	0.0	0.000	0.160	28.4	87	26.0	34.5	18.56	1.1250	0.00	600	8	100.0	30
23-05-07	11:30 p	26.1	26.1	25.9	94	25.0	0.0	---	0.00	0.0	---	26.1	29.7	29.7	29.1	1006.6	0.00	0.0	0	0.00	0	0.0	0.00	0.0	0.000	0.161	28.2	87	25.9	34.0	18.58	1.1257	0.00	598	8	100.0	30
23-05-08	12:00 a	26.1	26.2	26.0	94	25.0	0.0	---	0.00	0.0	---	26.1	29.7	29.7	29.1	1006.1	0.00	0.0	0	0.00	0	0.0	0.00	0.0	0.000	0.161	28.2	88	26.0	34.1	19.08	1.1251	0.00	598	8	100.0	30
23-05-08	12:30 a	26.2	26.2	26.0	95	25.3	0.0	---	0.00	0.0	---	26.2	30.0	30.0	29.4	1006.0	0.00	0.0	0	0.00	0	0.0	0.00	0.0	0.000	0.163	28.2	88	26.0	34.1	19.08	1.1249	0.00	598	8	100.0	30
23-05-08	1:00 a	26.2	26.3	26.2	95	25.3	0.0	---	0.00	0.0	---	26.2	30.0	30.0	29.4	1005.9	0.00	0.0	0	0.00	0	0.0	0.00	0.0	0.000	0.163	28.2	88	26.0	34.1	19.08	1.1248	0.00	599	8	100.0	30
23-05-08	1:30 a	26.0	26.2	26.0	95	25.1	0.0	---	0.00	0.0	---	26.0	29.6	29.6	29.1	1005.9	0.00	0.0	0	0.00	0	0.0	0.00	0.0	0.000	0.160	28.1	88	25.9	33.8	19.10	1.1255	0.00	599	8	100.0	30
23-05-08	2:00 a	26.2	26.2	26.0	95	25.3	0.0	---	0.00	0.0	---	26.2	30.0	30.0	29.4	1005.7	0.00	0.0	0	0.00	0	0.0	0.00	0.0	0.000	0.163	28.0	89	26.0	33.8	19.71	1.1251	0.00	599	8	100.0	30
23-05-08	2:30 a	26.0	26.2	26.0	95	25.1	0.0	---	0.00	0.0	---	26.0	29.6	29.6	29.1	1005.7	0.00	0.0	0	0.00	0	0.0	0.00	0.0	0.000	0.160	28.1	89	26.1	33.9	19.70	1.1248	0.00	599	8	100.0	30
23-05-08	3:00 a	26.2	26.3	25.9	95	25.4	0.0	NNE	0.00	0.9	NNE	26.2	30.2	30.2	29.6	1005.7	0.00	0.0	0	0.00	0	0.0	0.00	0.0	0.000	0.164	28.0	89	26.0	33.8	19.71	1.1252	0.00	597	8	100.0	30
23-05-08	3:30 a	25.9	26.2	25.9	95	25.0	0.0	NNE	0.00	0.9	NNE	25.9	29.3	29.3	28.8	1006.2	0.00	0.0	0	0.00	0	0.0	0.00	0.0	0.000	0.157	28.1	88	25.9	33.8	19.10	1.1258	0.00	598	8	100.0	30
23-05-08	4:00 a	25.7	25.9	25.7	95	24.9	0.0	---	0.00	0.0	---	25.7	28.9	28.9	28.3	1006.3	0.00	0.0	0	0.00	0	0.0	0.00	0.0	0.000	0.154	27.8	89	25.9	33.3	19.74	1.1268	0.00	599	8	100.0	30
23-05-08	4:30 a	25.6	25.8	25.6	95	24.7	0.0	---	0.00	0.0	---	25.6	28.6	28.6	27.9	1006.4	0.00	0.0	0	0.00	0	0.0	0.00	0.0	0.000	0.150	27.6	89	25.6	32.7	19.78	1.1282	0.00	598	8	100.0	30
23-05-08	5:00 a	25.7	25.7	25.6	95	24.9	0.0	---	0.00	0.0	---	25.7	28.9	28.9	28.4	1006.5	0.00	0.0	8	0.34	14	0.0	0.00	0.0	0.000	0.154	27.4	89	25.5	32.3	19.81	1.1294	0.00	598	8	100.0	30
23-05-08	5:30 a	26.0	26.0	25.7	95	25.1	0.0	---	0.00	0.0	---	26.0	29.6	29.6	29.3	1006.9	0.00	0.0	21	0.90	26	0.0	0.00	0.0	0.000	0.160	27.6	90	25.8	32.7	20.32	1.1287	0.00	599	8	100.0	30
23-05-08	6:00 a	26.4	26.4	26.0	95	25.6	0.0	NNE	0.00	0.4	NNE	26.4	30.7	30.7	30.6	1006.9	0.00	0.0	31	1.33	37	0.0	0.00	0.0	0.000	0.169	28.2	91	26.6	34.7	20.83	1.1246	0.03	599	8	100.0	30
23-05-08	6:30 a	26.8	26.8	26.4	95	26.0	0.0	W	0.00	0.4	W	26.8	31.6	31.6	32.3	1007.1	0.00	0.0	41	1.76	47	0.0	0.00	0.0	0.000	0.177	28.9	90	27.1	36.7	20.13	1.1209	0.00	599	8	100.0	30
23-05-08	7:00 a	27.4	27.4	26.8	95	26.6	0.0	W	0.00	0.9	W	27.4	33.3	33.3	36.8	1007.5	0.00	0.0	180	7.74	445	1.4	0.30	2.3	0.000	0.190	29.8	89	27.8	39.2	19.39	1.1164	0.08	600	8	100.0	30
23-05-08	7:30 a	29.4	29.4	27.4	91	27.8	0.4	S	0.80	1.8	S	29.4	38.6	38.6	45.8	1008.0	0.00	0.0	507	21.80	612	3.1	0.66	3.7	0.000	0.231	30.7	84	27.7	40.7	17.16	1.1140	0.00	597	8	100.0	30
23-05-08	8:00 a	31.2	31.2	29.3	79	27.1	0.4	SSE	0.80	2.2	WSW	31.2	40.2	40.2	47.4	1008.1	0.00	0.0	626	26.92	687	4.5	0.96	5.4	0.000	0.267	31.3	81	27.7	41.8	16.01	1.1117	0.36	599	8	100.0	30
23-05-08	8:30 a	32.2	32.3	31.2	77	27.6	0.4	SSW	0.80	2.7	S	32.2	43.7	43.7	51.0	1008.2	0.00	0.0	746	32.08	807	6.1	1.31	6.9	0.000	0.288	31.9	78	27.6	43.2	14.79	1.1096	0.00	598	8	100.0	30
23-05-08	9:00 a	32.2	32.4	30.4	76	27.4	0.4	S	0.80	2.7	SSE	32.2	43.2	43.2	50.1	1008.1	0.00	0.0	647	27.82	881	6.3	1.35	8.3	0.000	0.288	32.1	78	27.7	43.6	14.77	1.1089	0.46	599	8	100.0	30
23-05-08	9:30 a	32.4	32.4	32.1	78	28.1	0.9	SE	1.61	2.2	SSE	32.4	45.3	45.3	52.1	1007.6	0.00	0.0	889	38.23	912	6.5	1.39	8.5	0.000	0.294	32.6	75	27.6	44.6	14.04	1.1066	0.00	598	8	100.0	30
23-05-08	10:00 a	32.7	32.9	32.4	75	27.7	0.9	SE	1.61	3.1	SSE	32.7	45.0	45.0	51.4	1007.6	0.00	0.0	933	40.12	953	4.7	1.01	5.8	0.000	0.300	33.2	73	27.7	46.0	13.38	1.1040	0.63	598	8	100.0	30
23-05-08	10:30 a	33.1	33.7	32.7	72	27.4	0.9	SE	1.61	2.2	S	33.1	45.0	45.0	51.7	1007.5	0.00	0.0	949	40.81	958	7.3	1.56	10.8	0.000	0.308	33.5	69	27.0	44.8	12.30	1.1046	0.00	598	8	100.0	30
23-05-08	11:00 a	33.3	33.6	32.9	74	28.0	0.9	SE	1.61	2.7	SSE	33.3	46.8	46.8	53.5	1006.9	0.00	0.0	620	26.66	956	10.9	2.34	10.9	0.000	0.311	33.7	69	27.2	45.5	12.30	1.1027	0.53	599	8	100.0	30
23-05-08	11:30 a	33.3	33.6	33.1	74	28.1	0.9	SE	1.61	3.6	SE	33.3	47.1	47.1	51.6	1006.8	0.00	0.0	358	15.40	930	10.6	2.27	10.8	0.000	0.313	33.8	69	27.3	45.9	12.29	1.1019	0.00	599	8	100.0	30
23-05-08	12:00 p	33.2	33.6	32.9	75	28.1	0.9	ESE	1.61	2.2	S	33.2	46.9	46.9	54.2	1006.6	0.00	0.0	906	38.96	926	9.9	2.12	10.3	0.000	0.309	34.1	69	27.6	46.7	12.28	1.1004	0.46	599	8	100.0	30
23-05-08	12:30 p	33.1	33.9	33.1	73	27.6	0.4	ESE	0.80	3.6	SSE	33.1	45.6	45.6	52.9	1006.5	0.00	0.0	850	36.55	881	8.7	1.86	9.3	0.000	0.308	34.1	69	27.6	46.7	12.28	1.1003	0.00	600	8	100.0	30
23-05-08	1:00 p	32.7	33.3	32.6	77	28.2	0.9	ESE	1.61	2.7	SW	32.7	46.1	46.1	53.2	1006.3	0.00	0.0	722	31.05	830	6.9	1.48	8.0	0.000	0.300	33.7	70	27.4	45.7	12.50	1.1017	0.56	599	8	100.0	30
23-05-08	1:30 p	32.8	33.3	32.5	77	28.3	0.4	SSE	0.80	2.2	SSE	32.8	46.6	46.6	53.1	1006.1	0.00	0.0	614	26.41	703	5.3	1.14	6.1	0.000	0.302	33.3	71	27.4	45.2	12.81	1.1029	0.00	599	8	100.0	30
23-05-08	2:00 p	32.6	33.0	32.3	75	27.6	0.9	S	1.61	4.0	S	32.6	44.6	44.6	50.5	1006.1	0.00	0.0	515	22.15	605	4.1	0.88	4.8	0.000	0.297	32.9	73	27.4	44.7	13.40	1.1043	0.41	600	8	100.0	30
23-05-08	2:30 p	31.6	32.6	31.5	79	27.5	0.4	ENE	0.80	2.7	NE	31.6	41.9	41.9	46.1	1005.8	0.00	0.0	314	13.50	360	2.5	0.54	3.0	0.000	0.275	32.4	77	27.9	44.8	14.54	1.1044	0.00	600	8	100.0	30
23-05-08	3:00 p	31.4	31.8	31.2	79	27.3	0.4	SSE	0.80	3.1	ENE	31.4	41.2	41.2	44.7	1005.5	0.00	0.0	242	10.41	272	1.5	0.32	1.9	0.000	0.272	32.1	79	28.0	44.3	15.16	1.1050	0.20	597	8	100.0	30
23-05-08	3:30 p	30.7	31.4	30.7	83	27.4	0.4	SSE	0.80	2.2	SSE	30.7	40.3	40.3	42.8	1005.5	0.00	0.0	154	6.62	257	0.9	0.19	1.3	0.000	0.257	31.9	80	28.1	44.1	15.57	1.1054	0.00	600	8	100.0	30
23-05-08	4:00 p	29.9	30.8	29.9	84	26.9	0.4	SE	0.80	2.2	ESE	29.9	38.0	38.0	39.5	1005.6	0.00	0.0	85	3.66	107	0.2	0.04	0.6	0.000	0.242	31.6	81	27.9	43.1	15.99	1.1070	0.10	597	8	100.0	30
23-05-08	4:30 p	29.3	30.3	29.3	88	27.1	0.4	SE	0.80	1.3	SSE	29.3	37.3	37.3	37.9	1005.9	0.00	0.0	41	1.76	63	0.0	0.00	0.0	0.000	0.228	31.3	82	27.9	42.2	16.41	1.1085	0.00	600	8	100.0	30
23-05-08	5:00 p	28.6	29.3	28.6	90	26.8	0.0	SE	0.00	0.4	SE	28.6	35.6	35.6	35.4	1006.1	0.00	0.0	7	0.30	21	0.0	0.00	0.0	0.000	0.213	30.9	83	27.7	41.1	16.74	1.1107	0.03	599	8	100.0	30
23-05-08	5:30 p	27.9	28.6	27.9	91	26.3	0.0	SE	0.00	0.4	SE	27.9	34.1	34.1	33.6	1006.3	0.00	0.0	0	0.00	0	0.0	0.00	0.0	0.000	0.200	30.5	84	27.5	40.2	17.17	1.1131	0.00	600	8	100.0	30
23-05-08	6:00 p	27.6	27.9	27.6	92	26.1	0.0	---	0.00	0.0	---	27.6	33.1	33.1	32.6	1006.6	0.00	0.0	0	0.00	0	0.0	0.00	0.0	0.000	0.192	30.2	84	27.2	38.8	17.20	1.1154	0.00	600	8	100.0	30
23-05-08	6:30 p	27.4	27.6	27.4	93	26.2	0.0	SE	0.00	0.4	SE	27.4	32.9	32.9	32.4	1006.8	0.00	0.0	0	0.00	0	0.0	0.00	0.0	0.000	0.190	29.8	86	27.2	38.3	18.01	1.1167	0.00	600	8	100.0	30
23-05-08	7:00 p	27.4	27.5	27.4	93	26.2	0.0	SE	0.00	0.4	SE	27.4	32.8	32.8	32.3	1007.1	0.00	0.0	0	0.00	0	0.0	0.00	0.0	0.000	0.189	29.7	86	27.1	37.8	18.03	1.1180	0.00	599	8	100.0	30
23-05-08	7:30 p	27.4	27.4	27.3	93	26.2	0.0	---	0.00	0.0	---	27.4	32.8	32.8	32.3	1007.5	0.00	0.0	0	0.00	0	0.0	0.00	0.0	0.000	0.189	29.7	86	27.1	38.0	18.02	1.1181	0.00	600	8	100.0	30
23-05-08	8:00 p	27.4	27.4	27.3	93	26.2	0.0	---	0.00	0.0	---	27.4	32.8	32.8	32.3	1007.8	0.00	0.0	0	0.00	0	0.0	0.00	0.0	0.000	0.189	29.7	86	27.1	37.8	18.03	1.1189	0.00	599	8	100.0	30
23-05-08	8:30 p	27.2	27.4	27.1	93	25.9	0.0	---	0.00	0.0	---	27.2	32.1	32.1	31.6	1007.8	0.00	0.0	0	0.00	0	0.0	0.00	0.0	0.000	0.184	29.6	86	27.0	37.5	18.04	1.1195	0.00	600	8	100.0	30
23-05-08	9:00 p	27.0	27.2	26.9	94	26.0	0.0	---	0.00	0.0	---	27.0	31.9	31.9	31.4	1008.1	0.00	0.0	0	0.00	0	0.0	0.00	0.0	0.000	0.181	29.4	86	26.8	37.1	18.06	1.1209	0.00	600	8	100.0	30
23-05-08	9:30 p	26.8	27.0	26.8	94	25.8	0.0	---	0.00	0.0	---	26.8	31.4	31.4	30.9	1008.2	0.00	0.0	0	0.00	0	0.0	0.00	0.0	0.000	0.177	29.2	87	26.8	36.9	18.47	1.1216	0.00	599	8	100.0	30
23-05-08	10:00 p	26.7	26.8	26.6	94	25.6	0.0	---	0.00	0.0	---	26.7	31.0	31.0	30.5	1008.0	0.00	0.0	0	0.00	0	0.0	0.00	0.0	0.000	0.174	29.1	87	26.7	36.4	18.49	1.1223	0.00	600	8	100.0	30
23-05-08	10:30 p	26.5	26.7	26.5	94	25.5	0.0	---	0.00	0.0	---	26.5	30.7	30.7	30.1	1007.6	0.00	0.0	0	0.00	0	0.0	0.00	0.0	0.000	0.170	28.8	87	26.5	35.9	18.52	1.1232	0.00	600	8	100.0	30
23-05-08	11:00 p	26.3	26.6	26.3	94	25.3	0.0	---	0.00	0.0	---	26.3	30.3	30.3	29.7	1007.3	0.00	0.0	0	0.00	0	0.0	0.00	0.0	0.000	0.167	28.7	87	26.3	35.3	18.53	1.1239	0.00	599	8	100.0	30
23-05-08	11:30 p	26.3	26.4	26.3	94	25.2	0.0	---	0.00	0.0	---	26.3	30.2	30.2	29.6	1007.0	0.00	0.0	0	0.00	0	0.0	0.00	0.0	0.000	0.166	28.6	87	26.2	35.0	18.55	1.1242	0.00	599	8	100.0	30
23-05-09	12:00 a	26.3	26.4	26.3	94	25.3	0.0	---	0.00	0.0	---	26.3	30.3	30.3	29.7	1007.0	0.00	0.0	0	0.00	0	0.0	0.00	0.0	0.000	0.167	28.5	88	26.3	35.1	19.02	1.1241	0.00	600	8	100.0	30
23-05-09	12:30 a	26.3	26.4	26.3	94	25.3	0.0	---	0.00	0.0	---	26.3	30.3	30.3	29.7	1007.0	0.00	0.0	0	0.00	0	0.0	0.00	0.0	0.000	0.167	28.5	88	26.3	35.1	19.02	1.1241	0.00	597	8	100.0	30
23-05-09	1:00 a	26.2	26.4	26.2	94	25.1	0.0	---	0.00	0.0	---	26.2	29.9	29.9	29.3	1006.9	0.00	0.0	0	0.00	0	0.0	0.00	0.0	0.000	0.163	28.4	88	26.3	34.8	19.03	1.1243	0.00	600	8	100.0	30
23-05-09	1:30 a	25.9	26.2	25.9	94	24.9	0.0	---	0.00	0.0	---	25.9	29.4	29.4	28.8	1006.6	0.00	0.0	0	0.00	0	0.0	0.00	0.0	0.000	0.159	28.3	87	25.9	34.2	18.58	1.1254	0.00	599	8	100.0	30
23-05-09	2:00 a	25.8	25.9	25.7	94	24.7	0.0	---	0.00	0.0	---	25.8	29.0	29.0	28.4	1006.7	0.00	0.0	0	0.00	0	0.0	0.00	0.0	0.000	0.155	28.1	88	25.9	33.8	19.10	1.1264	0.00	597	8	100.0	30
23-05-09	2:30 a	25.7	25.8	25.7	95	24.9	0.0	---	0.00	0.0	---	25.7	28.9	28.9	28.4	1007.0	0.00	0.0	0	0.00	0	0.0	0.00	0.0	0.000	0.154	27.9	88	25.8	33.4	19.12	1.1274	0.00	598	8	100.0	30
23-05-09	3:00 a	25.8	25.8	25.6	95	24.9	0.0	---	0.00	0.0	---	25.8	29.1	29.1	28.6	1007.3	0.00	0.0	0	0.00	0	0.0	0.00	0.0	0.000	0.155	27.8	88	25.7	33.2	19.14	1.1284	0.00	599	8	100.0	30
23-05-09	3:30 a	26.0	26.1	25.8	95	25.1	0.0	SE	0.00	0.4	SE	26.0	29.6	29.6	29.1	1007.5	0.00	0.0	0	0.00	0	0.0	0.00	0.0	0.000	0.160	28.1	88	25.9	33.8	19.10	1.1273	0.00	600	8	100.0	30
23-05-09	4:00 a	26.3	26.3	26.0	95	25.5	0.0	SE	0.00	0.9	SE	26.3	30.4	30.4	29.8	1007.6	0.00	0.0	0	0.00	0	0.0	0.00	0.0	0.000	0.167	28.2	88	26.0	34.1	19.08	1.1267	0.00	599	8	100.0	30
23-05-09	4:30 a	26.4	26.5	26.3	95	25.6	0.0	ESE	0.00	0.4	ESE	26.4	30.7	30.7	30.2	1007.8	0.00	0.0	0	0.00	0	0.0	0.00	0.0	0.000	0.169	28.3	88	26.1	34.4	19.06	1.1263	0.00	598	8	100.0	30
23-05-09	5:00 a	26.7	26.8	26.4	95	25.8	0.0	ESE	0.00	0.9	ESE	26.7	31.2	31.2	30.8	1007.9	0.00	0.0	14	0.60	25	0.0	0.00	0.0	0.000	0.174	28.4	89	26.4	34.9	19.64	1.1253	0.00	600	8	100.0	30
23-05-09	5:30 a	26.8	26.8	26.6	94	25.7	0.0	---	0.00	0.0	---	26.8	31.3	31.3	31.1	1008.3	0.00	0.0	24	1.03	30	0.0	0.00	0.0	0.000	0.176	28.6	89	26.6	35.4	19.61	1.1248	0.00	599	8	100.0	30
23-05-09	6:00 a	27.1	27.1	26.7	94	26.0	0.0	---	0.00	0.0	---	27.1	32.0	32.0	31.8	1008.5	0.00	0.0	28	1.20	33	0.0	0.00	0.0	0.000	0.182	28.7	89	26.7	35.9	19.58	1.1240	0.03	599	8	100.0	30
23-05-09	6:30 a	27.8	27.8	27.0	95	26.9	0.0	NNW	0.00	1.3	NNE	27.8	34.4	34.4	35.2	1008.5	0.00	0.0	41	1.76	46	0.0	0.00	0.0	0.000	0.197	29.3	90	27.5	37.9	20.07	1.1198	0.00	598	8	100.0	30
23-05-09	7:00 a	28.6	28.6	27.8	92	27.1	0.4	ESE	0.80	1.3	SE	28.6	36.2	36.2	39.8	1008.5	0.00	0.0	184	7.91	445	0.9	0.19	2.4	0.000	0.213	30.2	88	28.0	40.3	18.77	1.1157	0.08	599	8	100.0	30
23-05-09	7:30 a	30.3	30.4	28.6	86	27.7	0.4	ESE	0.80	1.8	NW	30.3	40.3	40.3	47.6	1009.0	0.00	0.0	515	22.15	629	3.1	0.66	3.8	0.000	0.250	31.0	84	28.0	41.7	17.14	1.1131	0.00	597	8	100.0	30
23-05-09	8:00 a	32.0	32.1	30.3	79	27.9	0.4	SSW	0.80	1.8	S	32.0	43.8	43.8	50.6	1009.2	0.00	0.0	556	23.91	680	4.2	0.90	5.1	0.000	0.285	31.6	82	28.1	43.3	16.40	1.1110	0.36	597	8	100.0	30
23-05-09	8:30 a	32.3	32.6	31.9	77	27.8	0.4	S	0.80	1.8	SSE	32.3	44.3	44.3	51.4	1009.4	0.00	0.0	721	31.01	752	5.9	1.26	6.6	0.000	0.292	32.2	79	28.1	44.7	15.15	1.1087	0.00	599	8	100.0	30
23-05-09	9:00 a	32.6	32.8	32.3	76	27.8	0.4	SSW	0.80	1.8	SSW	32.6	44.8	44.8	51.5	1008.8	0.00	0.0	787	33.85	817	7.4	1.59	8.0	0.000	0.296	32.6	77	28.1	45.6	14.54	1.1069	0.51	599	8	100.0	30
23-05-09	9:30 a	32.9	33.1	32.4	79	28.8	0.9	SSE	1.61	2.2	S	32.9	48.2	48.2	54.9	1008.7	0.00	0.0	849	36.51	875	6.0	1.29	8.0	0.000	0.304	32.9	77	28.4	47.1	14.52	1.1047	0.00	599	8	100.0	30
23-05-09	10:00 a	33.1	33.4	32.7	76	28.3	0.9	S	1.61	3.1	WNW	33.1	47.1	47.1	53.9	1008.6	0.00	0.0	899	38.66	916	4.9	1.05	7.2	0.000	0.307	33.3	75	28.2	47.4	14.01	1.1038	0.61	599	8	100.0	30
23-05-09	10:30 a	33.4	33.6	33.0	76	28.6	0.9	S	1.61	2.7	SSE	33.4	48.6	48.6	55.6	1008.4	0.00	0.0	934	40.17	946	7.7	1.65	10.7	0.000	0.314	33.6	75	28.6	49.1	14.00	1.1015	0.00	600	8	100.0	30
23-05-09	11:00 a	33.7	33.8	33.3	77	29.1	0.9	SSW	1.61	2.7	SSW	33.7	50.7	50.7	57.5	1008.1	0.00	0.0	627	26.96	1016	10.6	2.27	11.3	0.000	0.319	33.8	74	28.5	49.1	13.69	1.1008	0.53	598	8	100.0	30
23-05-09	11:30 a	33.7	33.8	32.9	77	29.1	0.9	S	1.61	3.1	SSE	33.7	51.1	51.1	56.0	1007.9	0.00	0.0	401	17.25	988	9.7	2.08	10.8	0.000	0.321	33.8	74	28.5	49.1	13.69	1.1005	0.00	599	8	100.0	30
23-05-09	12:00 p	33.6	33.9	33.3	78	29.2	0.9	SE	1.61	2.7	SSW	33.6	50.8	50.8	57.9	1007.4	0.00	0.0	951	40.90	1009	9.7	2.08	10.4	0.000	0.317	34.1	73	28.5	49.6	13.32	1.0988	0.48	598	8	100.0	30
23-05-09	12:30 p	33.3	34.2	33.2	79	29.1	0.9	SSE	1.61	3.1	SSE	33.3	49.9	49.9	57.3	1006.9	0.00	0.0	890	38.27	949	8.6	1.84	9.4	0.000	0.311	34.1	72	28.3	48.8	13.02	1.0989	0.00	599	8	100.0	30
23-05-09	1:00 p	32.8	33.7	32.7	79	28.7	0.9	SSE	1.61	3.1	S	32.8	47.7	47.7	54.9	1006.8	0.00	0.0	777	33.42	912	6.7	1.44	8.4	0.000	0.302	33.8	72	28.1	47.8	13.03	1.1001	0.53	598	8	100.0	30
23-05-09	1:30 p	33.0	33.6	32.6	78	28.6	0.4	S	0.80	2.2	SSE	33.0	47.9	47.9	54.1	1006.6	0.00	0.0	548	23.57	780	5.1	1.09	6.7	0.000	0.306	33.6	75	28.5	48.8	14.00	1.0997	0.00	598	8	100.0	30
23-05-09	2:00 p	33.2	33.2	31.9	78	28.8	0.9	SE	1.61	2.7	S	33.2	48.8	48.8	54.2	1006.6	0.00	0.0	447	19.22	731	3.7	0.79	5.0	0.000	0.309	33.1	75	28.0	46.4	14.02	1.1028	0.36	594	8	100.0	30
23-05-09	2:30 p	32.8	33.4	32.5	77	28.2	0.9	SE	1.61	3.6	ESE	32.8	46.3	46.3	51.9	1006.5	0.00	0.0	449	19.31	517	2.9	0.62	3.6	0.000	0.301	32.8	76	28.0	46.0	14.25	1.1034	0.00	600	8	100.0	30
23-05-09	3:00 p	32.5	33.1	32.2	79	28.4	0.9	SE	1.61	3.1	SE	32.5	46.1	46.1	50.3	1006.5	0.00	0.0	293	12.60	406	1.7	0.36	2.4	0.000	0.295	32.6	78	28.2	45.8	14.75	1.1040	0.25	600	8	100.0	30
23-05-09	3:30 p	31.7	32.6	31.7	80	27.8	0.9	SSE	1.61	4.0	SE	31.7	43.1	43.1	45.1	1006.7	0.00	0.0	121	5.20	309	0.9	0.19	1.3	0.000	0.279	32.4	79	28.3	45.5	15.14	1.1047	0.00	600	8	100.0	30
23-05-09	4:00 p	30.7	31.7	30.7	84	27.7	0.4	S	0.80	2.2	SSE	30.7	40.9	40.9	41.7	1007.2	0.00	0.0	53	2.28	65	0.2	0.04	0.6	0.000	0.258	32.1	80	28.2	44.5	15.56	1.1067	0.08	599	8	100.0	30
23-05-09	4:30 p	29.9	30.7	29.8	85	27.1	0.4	ESE	0.80	2.2	E	29.9	38.1	38.1	38.4	1007.1	0.00	0.0	25	1.08	35	0.0	0.00	0.0	0.000	0.241	31.7	80	27.8	43.1	15.59	1.1087	0.00	597	8	100.0	30
23-05-09	5:00 p	28.9	29.9	28.9	88	26.8	0.0	S	0.00	2.2	SSE	28.9	36.4	36.4	36.2	1007.6	0.00	0.0	5	0.22	14	0.0	0.00	0.0	0.000	0.221	31.1	81	27.4	40.6	16.03	1.1128	0.03	599	8	100.0	30
23-05-09	5:30 p	28.4	28.9	28.3	90	26.6	0.0	S	0.00	0.4	S	28.4	35.1	35.1	34.6	1008.1	0.00	0.0	0	0.00	0	0.0	0.00	0.0	0.000	0.209	30.7	82	27.3	40.1	16.46	1.1148	0.00	600	8	100.0	30
23-05-09	6:00 p	27.9	28.4	27.9	91	26.3	0.0	S	0.00	0.4	S	27.9	34.1	34.1	33.6	1008.2	0.00	0.0	0	0.00	0	0.0	0.00	0.0	0.000	0.200	30.3	84	27.3	39.5	17.19	1.1162	0.00	600	8	100.0	30
23-05-09	6:30 p	27.7	27.9	27.7	92	26.2	0.0	S	0.00	0.4	S	27.7	33.4	33.4	32.9	1008.4	0.00	0.0	0	0.00	0	0.0	0.00	0.0	0.000	0.194	29.9	85	27.1	38.1	17.60	1.1187	0.00	596	8	100.0	30
23-05-09	7:00 p	27.4	27.7	27.4	93	26.2	0.0	---	0.00	0.0	---	27.4	32.8	32.8	32.3	1008.7	0.00	0.0	0	0.00	0	0.0	0.00	0.0	0.000	0.189	29.6	86	27.0	37.5	18.04	1.1206	0.00	599	8	100.0	30
23-05-09	7:30 p	27.2	27.4	27.2	93	26.0	0.0	---	0.00	0.0	---	27.2	32.3	32.3	31.8	1009.0	0.00	0.0	0	0.00	0	0.0	0.00	0.0	0.000	0.185	29.3	86	26.7	36.8	18.07	1.1226	0.00	600	8	100.0	30
23-05-09	8:00 p	27.1	27.2	27.0	93	25.8	0.0	---	0.00	0.0	---	27.1	31.8	31.8	31.3	1009.5	0.00	0.0	0	0.00	0	0.0	0.00	0.0	0.000	0.182	29.1	87	26.7	36.4	18.49	1.1240	0.00	597	8	100.0	30
23-05-09	8:30 p	26.9	27.1	26.9	94	25.9	0.0	---	0.00	0.0	---	26.9	31.7	31.7	31.2	1009.6	0.00	0.0	0	0.00	0	0.0	0.00	0.0	0.000	0.179	28.9	87	26.6	36.2	18.50	1.1249	0.00	598	8	100.0	30
23-05-09	9:00 p	26.7	26.9	26.7	94	25.7	0.0	S	0.00	0.4	S	26.7	31.2	31.2	30.7	1009.7	0.00	0.0	0	0.00	0	0.0	0.00	0.0	0.000	0.175	28.8	87	26.4	35.7	18.52	1.1260	0.00	598	8	100.0	30
23-05-09	9:30 p	26.6	26.8	26.5	94	25.5	0.0	---	0.00	0.0	---	26.6	30.8	30.8	30.2	1009.8	0.00	0.0	0	0.00	0	0.0	0.00	0.0	0.000	0.171	28.6	88	26.4	35.2	19.01	1.1269	0.00	600	8	100.0	30
23-05-09	10:00 p	26.2	26.6	26.2	94	25.1	0.0	---	0.00	0.0	---	26.2	29.9	29.9	29.3	1009.6	0.00	0.0	0	0.00	0	0.0	0.00	0.0	0.000	0.163	28.3	88	26.1	34.4	19.06	1.1284	0.00	600	8	100.0	30
23-05-09	10:30 p	25.8	26.2	25.8	94	24.7	0.0	---	0.00	0.0	---	25.8	29.0	29.0	28.4	1009.4	0.00	0.0	0	0.00	0	0.0	0.00	0.0	0.000	0.155	28.0	87	25.6	33.4	18.61	1.1303	0.00	599	8	100.0	30
23-05-09	11:00 p	25.7	25.8	25.6	94	24.6	0.0	---	0.00	0.0	---	25.7	28.7	28.7	28.2	1009.1	0.00	0.0	0	0.00	0	0.0	0.00	0.0	0.000	0.153	27.8	88	25.6	33.0	19.15	1.1308	0.00	600	8	100.0	30
23-05-09	11:30 p	25.5	25.7	25.4	94	24.5	0.0	---	0.00	0.0	---	25.5	28.4	28.4	27.8	1008.6	0.00	0.0	0	0.00	0	0.0	0.00	0.0	0.000	0.149	27.6	88	25.4	32.4	19.19	1.1315	0.00	600	8	100.0	30
23-05-10	12:00 a	25.4	25.6	25.4	94	24.4	0.0	---	0.00	0.0	---	25.4	28.2	28.2	27.6	1008.3	0.00	0.0	0	0.00	0	0.0	0.00	0.0	0.000	0.147	27.3	88	25.2	31.8	19.23	1.1325	0.00	600	8	100.0	30
23-05-10	12:30 a	25.3	25.4	25.2	94	24.2	0.0	---	0.00	0.0	---	25.3	27.9	27.9	27.3	1008.0	0.00	0.0	0	0.00	0	0.0	0.00	0.0	0.000	0.145	27.2	89	25.2	31.5	19.86	1.1328	0.00	598	8	100.0	30
23-05-10	1:00 a	25.2	25.3	25.2	94	24.1	0.0	---	0.00	0.0	---	25.2	27.8	27.8	27.2	1007.5	0.00	0.0	0	0.00	0	0.0	0.00	0.0	0.000	0.142	27.0	89	25.0	31.1	19.89	1.1332	0.00	599	8	100.0	30
23-05-10	1:30 a	25.1	25.2	25.1	94	24.0	0.0	---	0.00	0.0	---	25.1	27.6	27.6	26.9	1007.5	0.00	0.0	0	0.00	0	0.0	0.00	0.0	0.000	0.140	26.8	89	24.9	30.7	19.92	1.1342	0.00	597	8	100.0	30
23-05-10	2:00 a	25.0	25.1	24.9	94	24.0	0.0	---	0.00	0.0	---	25.0	27.4	27.4	26.8	1007.8	0.00	0.0	0	0.00	0	0.0	0.00	0.0	0.000	0.139	26.7	89	24.8	30.4	19.94	1.1352	0.00	600	8	100.0	30
23-05-10	2:30 a	24.9	25.1	24.9	95	24.1	0.0	---	0.00	0.0	---	24.9	27.4	27.4	26.8	1007.7	0.00	0.0	0	0.00	0	0.0	0.00	0.0	0.000	0.138	26.6	89	24.6	30.2	19.95	1.1357	0.00	600	8	100.0	30
23-05-10	3:00 a	24.8	25.1	24.8	95	24.0	0.0	---	0.00	0.0	---	24.8	27.2	27.2	26.6	1008.2	0.00	0.0	0	0.00	0	0.0	0.00	0.0	0.000	0.135	26.6	90	24.8	30.2	20.45	1.1362	0.00	599	8	100.0	30
23-05-10	3:30 a	24.7	24.9	24.7	95	23.9	0.0	---	0.00	0.0	---	24.7	27.1	27.1	26.5	1008.3	0.00	0.0	0	0.00	0	0.0	0.00	0.0	0.000	0.133	26.4	90	24.7	30.0	20.45	1.1370	0.00	598	8	100.0	30
23-05-10	4:00 a	24.7	24.8	24.6	95	23.8	0.0	---	0.00	0.0	---	24.7	27.0	27.0	26.4	1008.5	0.00	0.0	0	0.00	0	0.0	0.00	0.0	0.000	0.132	26.3	90	24.6	29.7	20.45	1.1379	0.00	599	8	100.0	30
23-05-10	4:30 a	24.7	24.8	24.6	95	23.9	0.0	---	0.00	0.0	---	24.7	27.1	27.1	26.5	1008.6	0.00	0.0	0	0.00	0	0.0	0.00	0.0	0.000	0.133	26.3	90	24.5	29.6	20.45	1.1383	0.00	597	8	100.0	30
23-05-10	5:00 a	24.9	24.9	24.7	95	24.0	0.0	---	0.00	0.0	---	24.9	27.3	27.3	26.8	1008.7	0.00	0.0	9	0.39	14	0.0	0.00	0.0	0.000	0.137	26.3	91	24.7	29.8	21.04	1.1380	0.00	597	8	100.0	30
23-05-10	5:30 a	25.2	25.3	24.8	95	24.4	0.0	---	0.00	0.0	---	25.2	27.9	27.9	27.8	1009.1	0.00	0.0	32	1.38	65	0.0	0.00	0.0	0.000	0.144	26.4	91	24.9	30.1	21.04	1.1375	0.00	596	8	100.0	30
23-05-10	6:00 a	25.7	25.7	25.3	95	24.9	0.0	---	0.00	0.0	---	25.7	28.9	28.9	29.1	1009.4	0.00	0.0	50	2.15	79	0.0	0.00	0.0	0.000	0.154	26.9	91	25.3	31.1	21.02	1.1352	0.03	599	8	100.0	30
23-05-10	6:30 a	26.1	26.1	25.7	95	25.2	0.0	---	0.00	0.0	---	26.1	29.9	29.9	30.7	1009.6	0.00	0.0	46	1.98	53	0.0	0.00	0.0	0.000	0.162	27.7	92	26.2	33.4	21.19	1.1304	0.00	598	8	100.0	30
23-05-10	7:00 a	26.9	27.0	26.1	95	26.1	0.0	---	0.00	0.0	---	26.9	31.9	31.9	35.7	1010.0	0.00	0.0	197	8.47	443	1.3	0.28	2.3	0.000	0.179	28.7	91	27.1	36.4	20.75	1.1248	0.08	600	8	100.0	30
23-05-10	7:30 a	28.1	28.1	26.9	91	26.4	0.0	S	0.00	0.9	S	28.1	34.4	34.4	41.6	1010.2	0.00	0.0	511	21.98	566	3.1	0.66	3.8	0.000	0.203	29.7	89	27.7	38.8	19.41	1.1202	0.00	598	8	100.0	30
23-05-10	8:00 a	31.2	31.2	28.1	79	27.1	0.4	S	0.80	1.8	SSE	31.2	40.2	40.2	47.3	1009.8	0.00	0.0	615	26.45	663	4.5	0.96	5.2	0.000	0.267	30.6	83	27.3	40.1	16.77	1.1173	0.36	595	8	100.0	30
23-05-10	8:30 a	32.2	32.3	30.8	76	27.5	0.9	SE	1.61	3.1	SE	32.2	43.4	43.4	50.3	1009.7	0.00	0.0	704	30.28	742	6.0	1.29	6.6	0.000	0.289	31.3	80	27.5	41.3	15.61	1.1140	0.00	597	8	100.0	30
23-05-10	9:00 a	32.4	32.9	32.2	79	28.3	0.4	SSW	0.80	2.7	SW	32.4	45.8	45.8	52.6	1009.7	0.00	0.0	796	34.23	861	7.3	1.56	7.8	0.000	0.294	31.9	78	27.6	43.2	14.79	1.1113	0.51	598	8	100.0	30
23-05-10	9:30 a	33.3	33.4	32.3	75	28.3	0.9	SSW	1.61	2.7	SSW	33.3	47.7	47.7	54.3	1009.6	0.00	0.0	868	37.33	918	5.7	1.22	7.4	0.000	0.313	32.4	76	27.7	44.4	14.25	1.1093	0.00	598	8	100.0	30
23-05-10	10:00 a	33.7	33.8	32.9	78	29.3	0.9	SE	1.61	2.7	SSE	33.7	51.8	51.8	58.3	1009.7	0.00	0.0	937	40.30	993	5.8	1.24	8.4	0.000	0.321	32.8	74	27.6	44.9	13.73	1.1082	0.61	599	8	100.0	30
23-05-10	10:30 a	33.9	33.9	33.1	76	29.1	0.9	SE	1.61	2.7	S	33.9	51.5	51.5	58.7	1009.5	0.00	0.0	916	39.39	984	8.2	1.76	10.7	0.000	0.325	33.2	73	27.7	45.8	13.38	1.1066	0.00	598	8	100.0	30
23-05-10	11:00 a	33.2	34.3	33.2	74	28.0	0.9	ENE	1.61	3.6	SSE	33.2	46.6	46.6	53.0	1009.5	0.00	0.0	580	24.94	960	9.3	1.99	10.8	0.000	0.310	33.3	72	27.6	45.8	13.07	1.1062	0.53	597	8	100.0	30
23-05-10	11:30 a	33.3	34.3	31.9	72	27.6	0.9	SE	1.61	3.6	SSE	33.3	45.8	45.8	50.2	1009.3	0.00	0.0	350	15.05	960	8.7	1.86	10.9	0.000	0.313	33.2	72	27.5	45.4	13.08	1.1066	0.00	599	8	100.0	30
23-05-10	12:00 p	33.9	33.9	32.7	73	28.4	0.9	SE	1.61	4.5	SSE	33.9	48.8	48.8	56.3	1008.7	0.00	0.0	814	35.01	1037	8.9	1.91	10.3	0.000	0.324	33.3	72	27.6	45.8	13.07	1.1052	0.43	599	8	100.0	30
23-05-10	12:30 p	33.5	34.0	33.5	72	27.8	1.3	SE	2.41	4.5	ESE	33.5	46.5	46.5	53.8	1008.3	0.00	0.0	835	35.91	875	8.7	1.86	9.3	0.000	0.316	33.4	71	27.4	45.4	12.81	1.1050	0.00	599	8	100.0	30
23-05-10	1:00 p	33.4	34.3	32.9	74	28.1	1.3	ESE	2.41	4.0	ESE	33.4	47.3	47.3	54.6	1007.8	0.00	0.0	754	32.43	814	7.2	1.54	8.0	0.000	0.314	33.2	71	27.2	44.8	12.81	1.1054	0.56	597	8	100.0	30
23-05-10	1:30 p	33.2	33.7	32.6	75	28.1	1.3	SE	2.41	4.0	ESE	33.2	46.9	46.9	53.8	1007.5	0.00	0.0	675	29.03	721	5.8	1.24	6.6	0.000	0.309	32.9	72	27.2	44.2	13.10	1.1065	0.00	598	8	100.0	30
23-05-10	2:00 p	32.6	33.2	32.5	76	27.8	0.9	SSW	1.61	3.6	S	32.6	44.8	44.8	51.1	1006.9	0.00	0.0	565	24.30	631	4.4	0.94	5.1	0.000	0.296	32.6	74	27.3	43.9	13.74	1.1067	0.43	599	8	100.0	30
23-05-10	2:30 p	32.3	33.3	32.3	76	27.6	0.9	SE	1.61	3.6	SE	32.3	43.9	43.9	49.2	1007.1	0.00	0.0	424	18.23	496	3.0	0.64	3.7	0.000	0.292	32.1	76	27.3	43.0	14.26	1.1085	0.00	595	8	100.0	30
23-05-10	3:00 p	31.8	32.3	31.7	80	28.0	0.9	SSE	1.61	3.1	SE	31.8	43.6	43.6	47.4	1006.7	0.00	0.0	263	11.31	434	1.8	0.39	2.4	0.000	0.281	31.8	80	28.0	43.6	15.58	1.1075	0.25	598	8	100.0	30
23-05-10	3:30 p	31.7	32.1	31.7	81	28.1	0.9	SE	1.61	2.7	ESE	31.7	43.7	43.7	46.4	1006.8	0.00	0.0	168	7.22	325	1.0	0.21	1.4	0.000	0.279	31.7	79	27.6	42.5	15.21	1.1092	0.00	600	8	100.0	30
23-05-10	4:00 p	31.3	31.7	31.3	81	27.6	0.4	SE	0.80	2.7	SSE	31.3	41.5	41.5	43.9	1006.9	0.00	0.0	128	5.50	155	0.3	0.06	0.7	0.000	0.270	31.6	79	27.5	41.9	15.22	1.1100	0.10	599	8	100.0	30
23-05-10	4:30 p	29.9	31.3	29.9	86	27.3	0.4	SE	0.80	2.2	SSE	29.9	38.7	38.7	39.9	1007.2	0.00	0.0	61	2.62	91	0.0	0.00	0.0	0.000	0.242	31.3	82	27.9	42.2	16.41	1.1100	0.00	600	8	100.0	30
23-05-10	5:00 p	29.4	29.9	29.2	87	27.0	0.4	ESE	0.80	2.2	NE	29.4	37.3	37.3	37.3	1007.7	0.00	0.0	14	0.60	30	0.0	0.00	0.0	0.000	0.230	31.1	82	27.6	41.0	16.43	1.1123	0.03	599	8	100.0	30
23-05-10	5:30 p	28.6	29.3	28.6	87	26.2	0.0	NNW	0.00	0.9	NNW	28.6	35.2	35.2	34.7	1008.0	0.00	0.0	0	0.00	0	0.0	0.00	0.0	0.000	0.214	30.7	81	27.1	39.7	16.06	1.1151	0.00	600	8	100.0	30
23-05-10	6:00 p	28.2	28.7	28.2	88	26.0	0.0	NNW	0.00	0.4	NNW	28.2	34.2	34.2	33.7	1008.2	0.00	0.0	0	0.00	0	0.0	0.00	0.0	0.000	0.206	30.4	82	27.0	39.3	16.48	1.1165	0.00	600	8	100.0	30
23-05-10	6:30 p	27.9	28.3	27.9	89	25.9	0.0	NNW	0.00	0.9	NNW	27.9	33.5	33.5	32.9	1008.6	0.00	0.0	0	0.00	0	0.0	0.00	0.0	0.000	0.199	30.1	83	26.9	38.3	16.80	1.1185	0.00	597	8	100.0	30
23-05-10	7:00 p	27.4	27.9	27.4	90	25.6	0.0	---	0.00	0.0	---	27.4	32.3	32.3	31.7	1008.7	0.00	0.0	0	0.00	0	0.0	0.00	0.0	0.000	0.189	29.8	83	26.6	37.4	16.82	1.1203	0.00	600	8	100.0	30
23-05-10	7:30 p	27.0	27.4	27.0	91	25.4	0.0	---	0.00	0.0	---	27.0	31.4	31.4	30.8	1009.1	0.00	0.0	0	0.00	0	0.0	0.00	0.0	0.000	0.181	29.4	84	26.5	36.7	17.25	1.1227	0.00	599	8	100.0	30
23-05-10	8:00 p	26.8	27.0	26.8	92	25.4	0.0	---	0.00	0.0	---	26.8	31.0	31.0	30.4	1009.1	0.00	0.0	0	0.00	0	0.0	0.00	0.0	0.000	0.176	29.1	85	26.3	36.1	17.69	1.1242	0.00	599	8	100.0	30
23-05-10	8:30 p	26.6	26.8	26.6	93	25.4	0.0	---	0.00	0.0	---	26.6	30.8	30.8	30.2	1009.3	0.00	0.0	0	0.00	0	0.0	0.00	0.0	0.000	0.172	28.8	86	26.2	35.5	18.12	1.1260	0.00	600	8	100.0	30
23-05-10	9:00 p	26.5	26.6	26.4	93	25.3	0.0	---	0.00	0.0	---	26.5	30.5	30.5	29.9	1009.8	0.00	0.0	0	0.00	0	0.0	0.00	0.0	0.000	0.170	28.6	87	26.2	35.2	18.54	1.1271	0.00	599	8	100.0	30
23-05-10	9:30 p	26.3	26.5	26.3	93	25.1	0.0	---	0.00	0.0	---	26.3	30.1	30.1	29.6	1009.7	0.00	0.0	0	0.00	0	0.0	0.00	0.0	0.000	0.167	28.3	87	26.0	34.3	18.57	1.1286	0.00	599	8	100.0	30
23-05-10	10:00 p	26.3	26.4	26.3	94	25.3	0.0	---	0.00	0.0	---	26.3	30.3	30.3	29.7	1009.5	0.00	0.0	0	0.00	0	0.0	0.00	0.0	0.000	0.167	28.2	88	26.0	34.2	19.07	1.1286	0.00	599	8	100.0	30
23-05-10	10:30 p	26.5	26.5	26.3	94	25.5	0.0	NNW	0.00	0.4	NNW	26.5	30.7	30.7	30.1	1008.9	0.00	0.0	0	0.00	0	0.0	0.00	0.0	0.000	0.170	28.2	88	26.0	34.2	19.07	1.1280	0.00	600	8	100.0	30
23-05-10	11:00 p	26.4	26.6	26.3	94	25.3	0.0	NNW	0.00	0.4	NNW	26.4	30.4	30.4	29.8	1008.5	0.00	0.0	0	0.00	0	0.0	0.00	0.0	0.000	0.168	28.2	88	26.0	34.2	19.07	1.1275	0.00	600	8	100.0	30
23-05-10	11:30 p	26.2	26.4	26.2	94	25.2	0.0	---	0.00	0.0	---	26.2	30.0	30.0	29.4	1008.2	0.00	0.0	0	0.00	0	0.0	0.00	0.0	0.000	0.164	28.1	89	26.1	33.9	19.70	1.1277	0.00	600	8	100.0	30
23-05-11	12:00 a	26.1	26.2	26.0	94	25.0	0.0	---	0.00	0.0	---	26.1	29.7	29.7	29.1	1008.1	0.00	0.0	0	0.00	0	0.0	0.00	0.0	0.000	0.161	27.9	89	25.9	33.5	19.73	1.1285	0.00	598	8	100.0	30
23-05-11	12:30 a	25.9	26.1	25.9	94	24.9	0.0	---	0.00	0.0	---	25.9	29.4	29.4	28.8	1007.7	0.00	0.0	0	0.00	0	0.0	0.00	0.0	0.000	0.159	27.7	89	25.7	32.9	19.77	1.1294	0.00	596	8	100.0	30
23-05-11	1:00 a	25.8	25.9	25.8	94	24.8	0.0	---	0.00	0.0	---	25.8	29.1	29.1	28.5	1007.5	0.00	0.0	0	0.00	0	0.0	0.00	0.0	0.000	0.156	27.6	89	25.6	32.6	19.79	1.1299	0.00	599	8	100.0	30
23-05-11	1:30 a	25.7	25.8	25.7	94	24.6	0.0	---	0.00	0.0	---	25.7	28.7	28.7	28.1	1007.0	0.00	0.0	0	0.00	0	0.0	0.00	0.0	0.000	0.153	27.5	89	25.5	32.4	19.80	1.1296	0.00	600	8	100.0	30
23-05-11	2:00 a	25.6	25.7	25.6	94	24.5	0.0	---	0.00	0.0	---	25.6	28.5	28.5	27.9	1007.0	0.00	0.0	0	0.00	0	0.0	0.00	0.0	0.000	0.150	27.3	89	25.4	31.9	19.83	1.1307	0.00	599	8	100.0	30
23-05-11	2:30 a	25.4	25.6	25.4	95	24.6	0.0	---	0.00	0.0	---	25.4	28.3	28.3	27.7	1007.1	0.00	0.0	0	0.00	0	0.0	0.00	0.0	0.000	0.148	27.2	89	25.2	31.6	19.85	1.1314	0.00	595	8	100.0	30
23-05-11	3:00 a	25.3	25.4	25.3	95	24.4	0.0	---	0.00	0.0	---	25.3	28.0	28.0	27.4	1007.3	0.00	0.0	0	0.00	0	0.0	0.00	0.0	0.000	0.145	27.1	89	25.1	31.2	19.88	1.1326	0.00	598	8	100.0	30
23-05-11	3:30 a	25.3	25.4	25.3	95	24.5	0.0	---	0.00	0.0	---	25.3	28.1	28.1	27.5	1007.2	0.00	0.0	0	0.00	0	0.0	0.00	0.0	0.000	0.146	26.9	90	25.2	31.1	20.41	1.1328	0.00	600	8	100.0	30
23-05-11	4:00 a	25.2	25.3	25.2	95	24.4	0.0	---	0.00	0.0	---	25.2	27.9	27.9	27.3	1007.2	0.00	0.0	0	0.00	0	0.0	0.00	0.0	0.000	0.144	26.8	90	25.1	30.8	20.43	1.1334	0.00	600	8	100.0	30
23-05-11	4:30 a	25.1	25.2	25.1	95	24.3	0.0	---	0.00	0.0	---	25.1	27.7	27.7	27.1	1007.5	0.00	0.0	0	0.00	0	0.0	0.00	0.0	0.000	0.141	26.7	90	24.9	30.4	20.45	1.1347	0.00	600	8	100.0	30
23-05-11	5:00 a	25.2	25.3	25.1	95	24.4	0.0	---	0.00	0.0	---	25.2	27.9	27.9	27.4	1007.9	0.00	0.0	9	0.39	16	0.0	0.00	0.0	0.000	0.144	26.7	90	24.9	30.4	20.45	1.1352	0.00	600	8	100.0	30
23-05-11	5:30 a	25.6	25.6	25.2	95	24.7	0.0	---	0.00	0.0	---	25.6	28.6	28.6	28.3	1008.1	0.00	0.0	22	0.95	26	0.0	0.00	0.0	0.000	0.150	26.8	91	25.2	31.0	21.03	1.1340	0.00	599	8	100.0	30
23-05-11	6:00 a	25.9	25.9	25.6	95	25.1	0.0	---	0.00	0.0	---	25.9	29.5	29.5	29.3	1008.8	0.00	0.0	32	1.38	37	0.0	0.00	0.0	0.000	0.159	27.4	91	25.8	32.4	20.95	1.1315	0.03	599	8	100.0	30
23-05-11	6:30 a	26.4	26.4	25.9	95	25.6	0.0	---	0.00	0.0	---	26.4	30.7	30.7	31.4	1009.3	0.00	0.0	44	1.89	49	0.0	0.00	0.0	0.000	0.169	28.2	91	26.6	34.8	20.83	1.1271	0.00	597	8	100.0	30
23-05-11	7:00 a	27.1	27.1	26.4	95	26.2	0.0	NNW	0.00	0.9	NNW	27.1	32.3	32.3	33.7	1009.6	0.00	0.0	77	3.31	174	1.2	0.26	1.6	0.000	0.183	29.1	89	27.1	36.9	19.52	1.1233	0.05	598	8	100.0	30
23-05-11	7:30 a	28.2	28.2	27.1	93	26.9	0.0	NNW	0.00	0.9	NNW	28.2	35.2	35.2	41.3	1010.0	0.00	0.0	392	16.86	568	2.7	0.58	3.6	0.000	0.205	29.7	89	27.7	38.8	19.41	1.1199	0.00	599	8	100.0	30
23-05-11	8:00 a	29.5	29.9	28.2	87	27.1	0.0	NNW	0.00	0.9	NNW	29.5	37.6	37.6	44.4	1009.9	0.00	0.0	589	25.33	647	4.2	0.90	4.7	0.000	0.233	30.7	83	27.5	40.5	16.76	1.1163	0.30	599	8	100.0	30
23-05-11	8:30 a	28.2	29.6	28.2	91	26.6	0.0	NE	0.00	0.9	NNW	28.2	34.8	34.8	36.1	1009.7	0.00	0.0	102	4.39	694	3.1	0.66	5.1	0.000	0.206	30.5	85	27.7	40.6	17.54	1.1165	0.00	597	8	100.0	30
23-05-11	9:00 a	28.6	28.7	27.9	93	27.3	0.0	NNE	0.00	0.9	NE	28.6	36.4	36.4	38.0	1009.7	0.25	0.0	132	5.68	501	2.7	0.58	5.2	0.000	0.213	30.2	87	27.8	39.9	18.37	1.1175	0.10	599	8	100.0	30
23-05-11	9:30 a	29.6	29.8	27.8	92	28.1	0.4	NNE	0.80	0.9	NNE	29.6	39.4	39.4	46.3	1009.2	0.00	0.0	657	28.25	926	5.1	1.09	6.1	0.000	0.234	30.3	88	28.1	41.2	18.75	1.1155	0.00	598	8	100.0	30
23-05-11	10:00 a	31.9	32.2	29.5	83	28.6	0.4	NNE	0.80	1.8	SSE	31.9	45.7	45.7	52.3	1009.2	0.00	0.0	911	39.18	935	5.5	1.18	9.1	0.000	0.282	31.3	79	27.2	40.7	15.25	1.1143	0.51	599	8	100.0	30
23-05-11	10:30 a	33.0	33.4	31.8	77	28.4	0.9	SSE	1.61	2.2	SW	33.0	47.3	47.3	54.3	1008.9	0.00	0.0	939	40.38	958	8.5	1.82	10.7	0.000	0.306	32.2	77	27.7	43.9	14.55	1.1093	0.00	600	8	100.0	30
23-05-11	11:00 a	33.3	33.9	32.9	78	28.9	0.9	W	1.61	4.9	WNW	33.3	49.3	49.3	55.7	1008.5	0.00	0.0	573	24.64	942	10.8	2.31	10.9	0.000	0.311	32.6	75	27.6	44.6	14.04	1.1076	0.53	599	8	100.0	30
23-05-11	11:30 a	33.6	33.6	32.9	76	28.7	0.9	SSW	1.61	3.1	S	33.6	49.4	49.4	53.5	1008.2	0.00	0.0	319	13.72	912	10.6	2.27	10.8	0.000	0.317	32.8	75	27.8	45.4	14.03	1.1060	0.00	599	8	100.0	30
23-05-11	12:00 p	33.5	34.0	33.1	76	28.7	0.9	SSW	1.61	2.2	SW	33.5	49.2	49.2	56.6	1007.6	0.00	0.0	886	38.10	905	9.9	2.12	10.3	0.000	0.316	33.1	73	27.6	45.3	13.39	1.1051	0.43	595	8	100.0	30
23-05-11	12:30 p	33.5	33.9	33.2	76	28.7	0.9	S	1.61	3.1	SSW	33.5	49.2	49.2	56.6	1007.1	0.00	0.0	837	36.00	863	8.8	1.89	9.4	0.000	0.316	33.0	74	27.7	45.7	13.72	1.1043	0.00	599	8	100.0	30
23-05-11	1:00 p	33.3	33.7	33.0	75	28.3	0.9	SSW	1.61	2.7	ESE	33.3	47.7	47.7	54.9	1007.0	0.00	0.0	770	33.11	809	7.4	1.59	8.1	0.000	0.313	32.8	74	27.6	44.9	13.73	1.1052	0.56	596	8	100.0	30
23-05-11	1:30 p	33.2	33.4	33.0	78	28.8	0.9	ESE	1.61	3.6	SE	33.2	48.8	48.8	55.8	1006.8	0.00	0.0	704	30.28	754	5.9	1.26	6.7	0.000	0.309	32.6	76	27.8	45.1	14.25	1.1051	0.00	596	8	100.0	30
23-05-11	2:00 p	32.3	33.7	32.3	80	28.4	0.9	SSE	1.61	2.7	SSE	32.3	45.4	45.4	51.9	1006.5	0.00	0.0	579	24.90	726	4.2	0.90	5.2	0.000	0.291	32.3	77	27.7	44.1	14.55	1.1062	0.43	597	8	100.0	30
23-05-11	2:30 p	31.3	32.3	30.8	83	28.0	0.4	E	0.80	2.2	S	31.3	42.4	42.4	44.8	1005.9	0.00	0.0	176	7.57	545	2.3	0.49	3.5	0.000	0.270	31.8	78	27.5	42.7	14.81	1.1077	0.00	599	8	100.0	30
23-05-11	3:00 p	29.9	31.4	29.9	86	27.3	0.4	SE	0.80	1.3	SW	29.9	38.7	38.7	39.7	1006.8	0.00	0.0	86	3.70	401	1.2	0.26	2.3	0.000	0.242	31.4	82	27.9	42.5	16.41	1.1092	0.13	596	8	100.0	30
23-05-11	3:30 p	29.6	29.9	29.6	87	27.2	0.0	SSE	0.00	0.9	SE	29.6	37.9	37.9	38.7	1007.0	0.00	0.0	61	2.62	123	0.4	0.09	0.8	0.000	0.235	31.2	82	27.7	41.4	16.43	1.1108	0.00	598	8	100.0	30
23-05-11	4:00 p	29.2	29.7	29.1	90	27.4	0.0	SSE	0.00	1.8	SSE	29.2	37.6	37.6	38.0	1007.3	0.00	0.0	34	1.46	49	0.0	0.00	0.0	0.000	0.227	31.1	84	28.0	41.9	17.13	1.1108	0.03	599	8	100.0	30
23-05-11	4:30 p	27.9	29.3	27.9	91	26.3	0.4	NNE	0.80	1.8	SSE	27.9	34.1	34.1	35.1	1007.0	3.81	39.1	57	2.45	91	0.0	0.00	0.0	0.000	0.200	30.6	84	27.6	40.6	17.17	1.1132	0.00	598	8	100.0	30
23-05-11	5:00 p	27.7	27.9	27.6	94	26.6	0.0	N	0.00	0.9	N	27.7	33.8	33.8	33.9	1007.6	0.00	0.0	16	0.69	58	0.0	0.00	0.0	0.000	0.194	30.0	86	27.4	38.8	17.99	1.1166	0.03	598	8	100.0	30
23-05-11	5:30 p	27.1	27.7	27.1	93	25.9	0.4	N	0.80	2.7	NE	27.1	32.0	32.0	31.4	1007.9	0.25	0.0	0	0.00	5	0.0	0.00	0.0	0.000	0.183	29.8	86	27.2	38.2	18.01	1.1183	0.00	597	8	100.0	30
23-05-11	6:00 p	26.7	27.2	26.7	93	25.5	0.4	NNE	0.80	1.8	ENE	26.7	31.0	31.0	30.4	1008.1	0.00	0.0	0	0.00	0	0.0	0.00	0.0	0.000	0.175	29.4	86	26.9	37.2	18.05	1.1205	0.00	597	8	100.0	30
23-05-11	6:30 p	26.3	26.8	26.2	91	24.7	0.9	N	1.61	4.5	NE	26.3	29.8	29.8	29.2	1008.1	0.00	0.0	0	0.00	0	0.0	0.00	0.0	0.000	0.166	29.1	83	25.9	35.6	16.88	1.1243	0.00	597	8	100.0	30
23-05-11	7:00 p	25.6	26.3	25.5	92	24.2	0.0	N	0.00	1.3	NNW	25.6	28.5	28.5	27.9	1007.7	0.00	0.0	0	0.00	0	0.0	0.00	0.0	0.000	0.152	28.4	84	25.5	34.1	17.32	1.1270	0.00	600	8	100.0	30
23-05-11	7:30 p	24.7	25.6	24.7	93	23.5	0.0	---	0.00	0.0	---	24.7	27.0	27.0	26.3	1007.7	0.00	0.0	0	0.00	0	0.0	0.00	0.0	0.000	0.133	28.1	84	25.2	33.2	17.35	1.1290	0.00	598	8	100.0	30
23-05-11	8:00 p	24.4	24.8	24.4	94	23.4	0.0	---	0.00	0.0	---	24.4	26.6	26.6	25.9	1007.7	0.00	0.0	0	0.00	0	0.0	0.00	0.0	0.000	0.126	27.7	84	24.7	32.0	17.38	1.1316	0.00	600	8	100.0	30
23-05-11	8:30 p	24.5	24.5	24.3	94	23.5	0.0	---	0.00	0.0	---	24.5	26.7	26.7	26.1	1007.8	0.00	0.0	0	0.00	0	0.0	0.00	0.0	0.000	0.128	27.3	86	24.7	31.3	18.28	1.1331	0.00	600	8	100.0	30
23-05-11	9:00 p	24.7	24.7	24.5	94	23.6	0.0	---	0.00	0.0	---	24.7	26.9	26.9	26.3	1008.1	0.00	0.0	0	0.00	0	0.0	0.00	0.0	0.000	0.132	27.1	87	24.7	30.9	18.71	1.1344	0.00	600	8	100.0	30
23-05-11	9:30 p	24.7	24.8	24.6	95	23.9	0.0	---	0.00	0.0	---	24.7	27.1	27.1	26.4	1008.2	0.00	0.0	0	0.00	0	0.0	0.00	0.0	0.000	0.133	26.9	87	24.6	30.7	18.72	1.1352	0.00	599	8	100.0	30
23-05-11	10:00 p	24.8	24.9	24.7	95	23.9	0.0	---	0.00	0.0	---	24.8	27.2	27.2	26.6	1008.2	0.00	0.0	0	0.00	0	0.0	0.00	0.0	0.000	0.134	26.8	88	24.7	30.6	19.32	1.1354	0.00	599	8	100.0	30
23-05-11	10:30 p	25.0	25.1	24.8	95	24.1	0.0	---	0.00	0.0	---	25.0	27.5	27.5	26.9	1008.1	0.00	0.0	0	0.00	0	0.0	0.00	0.0	0.000	0.139	26.8	89	24.9	30.7	19.92	1.1349	0.00	600	8	100.0	30
23-05-11	11:00 p	24.9	25.0	24.9	95	24.0	0.0	---	0.00	0.0	---	24.9	27.3	27.3	26.7	1007.7	0.00	0.0	0	0.00	0	0.0	0.00	0.0	0.000	0.137	26.7	89	24.8	30.4	19.94	1.1350	0.00	599	8	100.0	30
23-05-11	11:30 p	24.9	25.0	24.8	95	24.1	0.0	---	0.00	0.0	---	24.9	27.4	27.4	26.8	1007.2	0.00	0.0	0	0.00	0	0.0	0.00	0.0	0.000	0.138	26.7	89	24.8	30.4	19.94	1.1345	0.00	600	8	100.0	30
23-05-12	12:00 a	24.9	24.9	24.8	95	24.0	0.0	---	0.00	0.0	---	24.9	27.3	27.3	26.7	1007.0	0.00	0.0	0	0.00	0	0.0	0.00	0.0	0.000	0.137	26.7	90	24.9	30.6	20.44	1.1339	0.00	595	8	100.0	30
23-05-12	12:30 a	25.1	25.1	24.8	95	24.2	0.0	---	0.00	0.0	---	25.1	27.6	27.6	27.0	1006.7	0.00	0.0	0	0.00	0	0.0	0.00	0.0	0.000	0.140	26.7	90	24.9	30.6	20.44	1.1335	0.00	598	8	100.0	30
23-05-12	1:00 a	25.1	25.1	24.9	95	24.2	0.0	---	0.00	0.0	---	25.1	27.6	27.6	27.0	1006.1	0.00	0.0	0	0.00	0	0.0	0.00	0.0	0.000	0.140	26.7	90	24.9	30.6	20.44	1.1328	0.00	597	8	100.0	30
23-05-12	1:30 a	25.3	25.3	25.0	95	24.5	0.0	---	0.00	0.0	---	25.3	28.1	28.1	27.5	1006.3	0.00	0.0	0	0.00	0	0.0	0.00	0.0	0.000	0.146	26.8	90	25.0	30.7	20.43	1.1327	0.00	600	8	100.0	30
23-05-12	2:00 a	25.3	25.4	25.2	95	24.4	0.0	---	0.00	0.0	---	25.3	28.0	28.0	27.4	1006.1	0.00	0.0	0	0.00	0	0.0	0.00	0.0	0.000	0.145	26.8	91	25.2	30.8	21.03	1.1321	0.00	599	8	100.0	30
23-05-12	2:30 a	24.9	25.3	24.9	95	24.0	0.0	---	0.00	0.0	---	24.9	27.3	27.3	26.7	1006.6	0.00	0.0	0	0.00	0	0.0	0.00	0.0	0.000	0.137	26.8	90	25.0	30.7	20.43	1.1331	0.00	600	8	100.0	30
23-05-12	3:00 a	24.9	25.1	24.8	95	24.0	0.0	---	0.00	0.0	---	24.9	27.3	27.3	26.7	1006.7	0.00	0.0	0	0.00	0	0.0	0.00	0.0	0.000	0.137	26.7	90	24.9	30.4	20.45	1.1338	0.00	600	8	100.0	30
23-05-12	3:30 a	24.9	25.1	24.8	95	24.1	0.0	---	0.00	0.0	---	24.9	27.4	27.4	26.8	1007.1	0.00	0.0	0	0.00	0	0.0	0.00	0.0	0.000	0.138	26.6	90	24.8	30.3	20.45	1.1346	0.00	600	8	100.0	30
23-05-12	4:00 a	23.9	24.9	23.9	95	23.1	0.0	---	0.00	0.0	---	23.9	26.0	26.0	25.3	1007.3	0.00	0.0	0	0.00	0	0.0	0.00	0.0	0.000	0.117	26.4	89	24.5	29.8	19.95	1.1362	0.00	600	8	100.0	30
23-05-12	4:30 a	24.1	24.2	23.9	95	23.3	0.0	---	0.00	0.0	---	24.1	26.2	26.2	25.6	1007.7	0.00	0.0	2	0.09	12	0.0	0.00	0.0	0.000	0.120	26.2	89	24.3	29.4	19.95	1.1380	0.00	598	8	100.0	30
23-05-12	5:00 a	24.6	24.7	24.1	95	23.7	0.0	---	0.00	0.0	---	24.6	26.8	26.8	26.6	1007.8	0.00	0.0	29	1.25	51	0.0	0.00	0.0	0.000	0.130	26.2	90	24.5	29.5	20.45	1.1377	0.00	600	8	100.0	30
23-05-12	5:30 a	25.2	25.2	24.6	95	24.3	0.0	---	0.00	0.0	---	25.2	27.8	27.8	28.1	1008.1	0.00	0.0	65	2.80	72	0.0	0.00	0.0	0.000	0.142	26.6	91	25.0	30.3	21.05	1.1357	0.00	600	8	100.0	30
23-05-12	6:00 a	25.7	25.7	25.1	95	24.9	0.0	---	0.00	0.0	---	25.7	28.9	28.9	29.2	1008.5	0.00	0.0	65	2.80	72	0.1	0.02	0.5	0.000	0.154	26.9	91	25.3	31.1	21.02	1.1342	0.05	600	8	100.0	30
23-05-12	6:30 a	26.1	26.1	25.6	95	25.2	0.0	---	0.00	0.0	---	26.1	29.9	29.9	31.2	1009.1	0.00	0.0	64	2.75	83	0.5	0.11	1.1	0.000	0.162	27.3	92	25.9	32.4	21.17	1.1318	0.00	599	8	100.0	30
23-05-12	7:00 a	27.2	27.3	26.1	95	26.4	0.0	---	0.00	0.0	---	27.2	32.6	32.6	36.9	1009.7	0.00	0.0	225	9.68	561	1.8	0.39	2.8	0.000	0.185	28.3	93	27.0	35.6	21.31	1.1263	0.10	599	8	100.0	30
23-05-12	7:30 a	28.3	28.8	27.3	93	27.1	0.0	---	0.00	0.0	---	28.3	35.7	35.7	40.6	1009.7	0.00	0.0	293	12.60	580	2.1	0.45	3.0	0.000	0.208	29.2	90	27.4	37.4	20.09	1.1222	0.00	599	8	100.0	30
23-05-12	8:00 a	29.4	29.6	28.2	88	27.2	0.0	SSE	0.00	1.3	ESE	29.4	37.6	37.6	43.8	1009.6	0.00	0.0	461	19.83	701	3.8	0.81	5.3	0.000	0.230	29.6	90	27.7	38.7	20.04	1.1197	0.23	598	8	100.0	30
23-05-12	8:30 a	31.2	31.2	29.4	82	27.7	0.4	SW	0.80	2.2	S	31.2	41.4	41.4	48.1	1009.4	0.00	0.0	575	24.73	780	5.4	1.16	6.8	0.000	0.267	30.1	87	27.7	39.7	18.38	1.1175	0.00	599	8	100.0	30
23-05-12	9:00 a	31.2	31.7	30.4	81	27.6	0.4	SSW	0.80	1.8	SE	31.2	41.2	41.2	48.2	1009.0	0.00	0.0	715	30.75	879	6.7	1.44	8.0	0.000	0.269	30.7	84	27.7	40.7	17.16	1.1151	0.43	598	8	100.0	30
23-05-12	9:30 a	31.8	32.2	31.2	83	28.6	0.9	S	1.61	2.7	ESE	31.8	45.3	45.3	52.2	1008.7	0.00	0.0	890	38.27	921	5.3	1.14	7.2	0.000	0.281	31.3	82	27.8	41.9	16.42	1.1122	0.00	599	8	100.0	30
23-05-12	10:00 a	31.9	32.1	31.7	79	27.8	0.9	SE	1.61	2.2	SSE	31.9	43.6	43.6	50.1	1008.5	0.00	0.0	934	40.17	993	5.4	1.16	10.0	0.000	0.284	31.8	80	28.0	43.6	15.58	1.1096	0.61	599	8	100.0	30
23-05-12	10:30 a	32.4	32.7	31.9	79	28.3	0.9	S	1.61	2.2	SSE	32.4	45.8	45.8	52.1	1008.3	0.00	0.0	1000	43.01	1097	9.0	1.93	11.5	0.000	0.294	32.1	81	28.4	45.2	15.96	1.1074	0.00	600	8	100.0	30
23-05-12	11:00 a	32.4	32.7	31.4	80	28.5	0.9	SSW	1.61	2.7	SSE	32.4	46.0	46.0	51.3	1007.9	0.00	0.0	450	19.35	960	10.4	2.23	11.6	0.000	0.293	32.3	80	28.4	45.4	15.55	1.1062	0.48	599	8	100.0	30
23-05-12	11:30 a	32.8	33.1	31.8	79	28.7	0.9	S	1.61	3.6	W	32.8	47.7	47.7	53.4	1007.3	0.00	0.0	485	20.86	1111	9.9	2.12	11.9	0.000	0.302	32.4	80	28.5	46.3	15.53	1.1044	0.00	597	8	100.0	30
23-05-12	12:00 p	32.6	33.1	32.2	79	28.5	0.9	SSW	1.61	3.1	SSW	32.6	46.6	46.6	53.9	1006.7	0.00	0.0	870	37.41	1136	9.4	2.01	11.2	0.000	0.297	32.7	78	28.3	46.3	14.75	1.1036	0.48	597	8	100.0	30
23-05-12	12:30 p	32.6	33.1	32.2	81	28.9	0.9	E	1.61	3.6	SSE	32.6	47.7	47.7	55.1	1006.2	0.00	0.0	825	35.48	977	8.3	1.78	9.9	0.000	0.296	32.6	78	28.2	45.8	14.75	1.1037	0.00	599	8	100.0	30
23-05-12	1:00 p	32.6	32.8	31.4	80	28.7	0.4	SE	0.80	2.7	SSE	32.6	46.8	46.8	53.2	1006.0	0.00	0.0	600	25.80	956	6.0	1.29	9.0	0.000	0.296	32.3	81	28.6	46.2	15.95	1.1034	0.48	599	8	100.0	30
23-05-12	1:30 p	32.8	32.8	31.6	80	28.9	0.9	SE	1.61	3.1	SSE	32.8	47.9	47.9	54.8	1005.7	0.00	0.0	673	28.94	947	5.6	1.20	6.7	0.000	0.301	32.1	79	28.0	44.3	15.16	1.1053	0.00	600	8	100.0	30
23-05-12	2:00 p	32.7	33.0	32.3	81	29.0	0.9	S	1.61	2.7	SSE	32.7	48.5	48.5	55.2	1005.3	0.00	0.0	605	26.02	652	4.5	0.96	5.2	0.000	0.300	32.1	79	28.0	44.1	15.17	1.1051	0.43	599	8	100.0	30
23-05-12	2:30 p	31.9	32.7	31.9	78	27.6	0.4	SE	0.80	2.7	SW	31.9	43.2	43.2	48.8	1005.2	0.00	0.0	458	19.70	519	3.0	0.64	3.6	0.000	0.284	31.6	78	27.3	41.8	14.84	1.1082	0.00	599	8	100.0	30
23-05-12	3:00 p	30.4	32.1	30.4	84	27.4	0.4	SSE	0.80	1.8	ESE	30.4	39.9	39.9	42.7	1005.6	0.00	0.0	189	8.13	403	1.7	0.36	2.5	0.000	0.252	31.3	81	27.7	41.8	16.01	1.1088	0.23	596	8	100.0	30
23-05-12	3:30 p	29.6	30.4	29.6	87	27.2	0.0	SSE	0.00	0.9	SSE	29.6	37.8	37.8	38.4	1005.9	0.00	0.0	52	2.24	98	0.4	0.09	1.0	0.000	0.234	31.1	81	27.4	40.6	16.03	1.1107	0.00	599	8	100.0	30
23-05-12	4:00 p	28.1	29.5	28.1	86	25.5	0.4	NNW	0.80	1.8	S	28.1	33.4	33.4	33.4	1005.8	0.00	0.0	23	0.99	42	0.0	0.00	0.0	0.000	0.203	30.6	79	26.5	38.7	15.33	1.1146	0.03	599	8	100.0	30
23-05-12	4:30 p	27.3	28.1	27.3	90	25.5	0.4	N	0.80	1.8	NNE	27.3	31.9	31.9	32.3	1006.6	0.00	0.0	32	1.38	51	0.0	0.00	0.0	0.000	0.186	30.0	82	26.6	37.7	16.51	1.1175	0.00	600	8	100.0	30
23-05-12	5:00 p	27.1	27.3	27.0	89	25.1	0.4	NW	0.80	1.8	ENE	27.1	31.2	31.2	31.1	1006.9	0.00	0.0	8	0.34	23	0.0	0.00	0.0	0.000	0.182	29.6	82	26.2	36.5	16.54	1.1204	0.03	598	8	100.0	30
23-05-12	5:30 p	26.6	27.1	26.6	91	25.0	0.0	N	0.00	0.9	N	26.6	30.4	30.4	29.9	1007.1	0.00	0.0	0	0.00	0	0.0	0.00	0.0	0.000	0.172	29.2	83	26.0	35.9	16.87	1.1222	0.00	597	8	100.0	30
23-05-12	6:00 p	26.3	26.6	26.3	92	24.9	0.0	N	0.00	0.9	N	26.3	30.0	30.0	29.4	1007.5	0.00	0.0	0	0.00	0	0.0	0.00	0.0	0.000	0.167	28.9	84	26.0	35.6	17.29	1.1238	0.00	599	8	100.0	30
23-05-12	6:30 p	26.2	26.3	26.2	93	25.0	0.0	N	0.00	0.4	N	26.2	29.9	29.9	29.3	1007.7	0.00	0.0	0	0.00	0	0.0	0.00	0.0	0.000	0.164	28.8	85	26.0	35.3	17.72	1.1246	0.00	598	8	100.0	30
23-05-12	7:00 p	26.2	26.3	26.1	93	25.0	0.0	NE	0.00	1.3	NE	26.2	29.9	29.9	29.3	1008.0	0.00	0.0	0	0.00	0	0.0	0.00	0.0	0.000	0.164	28.5	86	25.9	34.7	18.15	1.1261	0.00	598	8	100.0	30
23-05-12	7:30 p	26.3	26.3	26.2	93	25.1	0.0	NE	0.00	0.9	NE	26.3	30.0	30.0	29.4	1008.4	0.00	0.0	0	0.00	0	0.0	0.00	0.0	0.000	0.166	28.4	87	26.1	34.7	18.56	1.1264	0.00	598	8	100.0	30
23-05-12	8:00 p	26.3	26.3	25.8	92	24.9	0.4	NNW	0.80	1.3	NE	26.3	29.9	29.9	29.3	1008.4	0.00	0.0	0	0.00	0	0.0	0.00	0.0	0.000	0.166	28.4	86	25.8	34.3	18.16	1.1273	0.00	600	8	100.0	30
23-05-12	8:30 p	25.6	26.3	25.6	93	24.4	0.0	NNW	0.00	0.4	NNW	25.6	28.6	28.6	27.9	1008.5	0.00	0.0	0	0.00	0	0.0	0.00	0.0	0.000	0.152	28.1	86	25.5	33.6	18.19	1.1291	0.00	600	8	100.0	30
23-05-12	9:00 p	25.4	25.7	25.4	93	24.2	0.0	---	0.00	0.0	---	25.4	28.2	28.2	27.6	1008.3	0.00	0.0	0	0.00	0	0.0	0.00	0.0	0.000	0.148	27.8	86	25.2	32.6	18.23	1.1307	0.00	600	8	100.0	30
23-05-12	9:30 p	25.4	25.5	25.3	94	24.4	0.0	NNW	0.00	0.9	NNW	25.4	28.3	28.3	27.7	1008.3	0.00	0.0	0	0.00	0	0.0	0.00	0.0	0.000	0.148	27.7	87	25.3	32.5	18.64	1.1310	0.00	599	8	100.0	30
23-05-12	10:00 p	25.3	25.6	25.3	94	24.3	0.0	NNW	0.00	0.4	NNW	25.3	28.1	28.1	27.4	1007.6	0.00	0.0	0	0.00	0	0.0	0.00	0.0	0.000	0.146	27.4	87	25.1	31.9	18.67	1.1315	0.00	598	8	100.0	30
23-05-12	10:30 p	25.0	25.3	25.0	94	24.0	0.0	---	0.00	0.0	---	25.0	27.4	27.4	26.8	1007.5	0.00	0.0	0	0.00	0	0.0	0.00	0.0	0.000	0.139	27.2	88	25.1	31.4	19.25	1.1323	0.00	601	8	100.0	30
23-05-12	11:00 p	24.9	25.1	24.9	94	23.9	0.0	---	0.00	0.0	---	24.9	27.4	27.4	26.8	1007.2	0.00	0.0	0	0.00	0	0.0	0.00	0.0	0.000	0.138	27.1	88	24.9	31.1	19.28	1.1329	0.00	600	8	100.0	30
23-05-12	11:30 p	24.9	25.0	24.9	94	23.9	0.0	---	0.00	0.0	---	24.9	27.4	27.4	26.8	1007.3	0.00	0.0	0	0.00	0	0.0	0.00	0.0	0.000	0.138	26.9	88	24.8	30.8	19.30	1.1336	0.00	598	8	100.0	30
23-05-13	12:00 a	25.1	25.1	24.9	94	24.0	0.0	---	0.00	0.0	---	25.1	27.6	27.6	26.9	1006.7	0.00	0.0	0	0.00	0	0.0	0.00	0.0	0.000	0.140	26.9	89	24.9	30.8	19.91	1.1329	0.00	599	8	100.0	30
23-05-13	12:30 a	25.1	25.1	25.0	94	24.1	0.0	---	0.00	0.0	---	25.1	27.7	27.7	27.1	1006.3	0.00	0.0	0	0.00	0	0.0	0.00	0.0	0.000	0.141	26.8	89	24.9	30.7	19.92	1.1328	0.00	595	8	100.0	30
23-05-13	1:00 a	25.4	25.4	25.1	95	24.5	0.0	---	0.00	0.0	---	25.4	28.2	28.2	27.7	1006.1	0.00	0.0	0	0.00	0	0.0	0.00	0.0	0.000	0.147	26.8	90	25.1	30.8	20.43	1.1321	0.00	599	8	100.0	30
23-05-13	1:30 a	25.5	25.6	25.3	95	24.6	0.0	---	0.00	0.0	---	25.5	28.4	28.4	27.9	1005.9	0.00	0.0	0	0.00	0	0.0	0.00	0.0	0.000	0.149	26.9	90	25.1	31.0	20.42	1.1316	0.00	598	8	100.0	30
23-05-13	2:00 a	25.6	25.6	25.5	95	24.7	0.0	---	0.00	0.0	---	25.6	28.6	28.6	28.0	1005.7	0.00	0.0	0	0.00	0	0.0	0.00	0.0	0.000	0.150	26.9	91	25.3	31.3	21.01	1.1306	0.00	598	8	100.0	30
23-05-13	2:30 a	25.7	25.8	25.5	95	24.9	0.0	NW	0.00	0.9	NNW	25.7	28.9	28.9	28.4	1006.1	0.00	0.0	0	0.00	0	0.0	0.00	0.0	0.000	0.154	26.9	91	25.3	31.3	21.01	1.1310	0.00	600	8	100.0	30
23-05-13	3:00 a	25.6	25.8	25.5	95	24.7	0.0	NNE	0.00	0.9	N	25.6	28.6	28.6	28.0	1006.0	0.00	0.0	0	0.00	0	0.0	0.00	0.0	0.000	0.150	27.1	90	25.3	31.5	20.39	1.1304	0.00	598	8	100.0	30
23-05-13	3:30 a	25.4	25.6	25.4	95	24.6	0.0	---	0.00	0.0	---	25.4	28.3	28.3	27.8	1006.1	0.00	0.0	0	0.00	0	0.0	0.00	0.0	0.000	0.148	27.0	90	25.2	31.2	20.40	1.1312	0.00	599	8	100.0	30
23-05-13	4:00 a	25.3	25.6	25.3	95	24.4	0.0	---	0.00	0.0	---	25.3	28.0	28.0	27.4	1006.1	0.00	0.0	0	0.00	0	0.0	0.00	0.0	0.000	0.145	26.8	91	25.2	31.0	21.03	1.1317	0.00	601	8	100.0	30
23-05-13	4:30 a	25.2	25.3	25.1	95	24.3	0.0	---	0.00	0.0	---	25.2	27.8	27.8	27.2	1006.1	0.00	0.0	0	0.00	0	0.0	0.00	0.0	0.000	0.142	26.6	90	24.8	30.3	20.45	1.1335	0.00	598	8	100.0	30
23-05-13	5:00 a	25.2	25.2	25.1	95	24.3	0.0	---	0.00	0.0	---	25.2	27.8	27.8	27.3	1006.6	0.00	0.0	6	0.26	12	0.0	0.00	0.0	0.000	0.142	26.5	91	24.9	30.2	21.04	1.1343	0.00	598	8	100.0	30
23-05-13	5:30 a	25.4	25.4	25.1	95	24.6	0.0	---	0.00	0.0	---	25.4	28.3	28.3	28.0	1006.9	0.00	0.0	20	0.86	26	0.0	0.00	0.0	0.000	0.148	26.7	92	25.3	30.7	21.15	1.1333	0.00	596	8	100.0	30
23-05-13	6:00 a	25.6	25.7	25.4	95	24.7	0.0	NNE	0.00	0.4	NNE	25.6	28.6	28.6	28.3	1007.2	0.00	0.0	24	1.03	33	0.0	0.00	0.0	0.000	0.150	27.1	91	25.5	31.6	20.99	1.1317	0.03	599	8	100.0	30
23-05-13	6:30 a	25.7	25.8	25.6	95	24.9	0.0	NNE	0.00	0.4	NNE	25.7	28.9	28.9	29.8	1008.0	0.00	0.0	47	2.02	56	0.1	0.02	0.9	0.000	0.154	27.7	90	25.9	33.1	20.31	1.1294	0.00	598	8	100.0	30
23-05-13	7:00 a	26.4	26.4	25.7	95	25.5	0.0	NNE	0.00	0.9	NNE	26.4	30.5	30.5	33.2	1008.0	0.00	0.0	139	5.98	475	1.2	0.26	2.5	0.000	0.168	28.3	90	26.5	34.7	20.22	1.1257	0.05	596	8	100.0	30
23-05-13	7:30 a	27.3	27.3	26.4	93	26.0	0.0	---	0.00	0.0	---	27.3	32.4	32.4	38.6	1008.2	0.00	0.0	443	19.05	585	2.9	0.62	4.0	0.000	0.186	28.9	89	26.9	36.4	19.55	1.1227	0.00	600	8	100.0	30
23-05-13	8:00 a	30.9	31.0	27.3	80	27.0	0.0	SE	0.00	1.3	SE	30.9	39.7	39.7	47.1	1008.2	0.00	0.0	631	27.14	684	4.7	1.01	5.5	0.000	0.262	29.9	84	26.9	37.9	17.22	1.1190	0.33	599	8	100.0	30
23-05-13	8:30 a	31.6	31.9	30.8	82	28.2	0.4	SE	0.80	1.3	SSE	31.6	43.6	43.6	50.8	1008.5	0.00	0.0	724	31.14	763	6.2	1.33	7.0	0.000	0.277	30.7	79	26.7	39.1	15.31	1.1167	0.00	598	8	100.0	30
23-05-13	9:00 a	32.2	32.5	31.6	80	28.3	0.4	SSE	0.80	1.8	SSE	32.2	45.2	45.2	52.1	1008.3	0.00	0.0	802	34.49	838	7.3	1.56	7.7	0.000	0.289	31.6	78	27.2	41.6	14.85	1.1120	0.51	600	8	100.0	30
23-05-13	9:30 a	32.7	33.2	32.2	76	27.9	0.4	S	0.80	2.2	S	32.7	45.3	45.3	52.0	1008.0	0.00	0.0	883	37.97	935	4.8	1.03	6.2	0.000	0.299	32.0	76	27.2	42.6	14.27	1.1101	0.00	598	8	100.0	30
23-05-13	10:00 a	32.9	33.1	32.7	75	27.9	0.4	SSW	0.80	2.2	S	32.9	45.7	45.7	52.2	1007.6	0.00	0.0	938	40.34	972	5.4	1.16	10.4	0.000	0.303	32.4	76	27.6	44.1	14.25	1.1074	0.63	600	8	100.0	30
23-05-13	10:30 a	33.4	33.5	32.6	75	28.4	0.9	SSE	1.61	2.7	SSE	33.4	48.2	48.2	55.1	1007.5	0.00	0.0	940	40.43	1014	9.3	1.99	11.4	0.000	0.315	32.8	77	28.2	46.3	14.53	1.1043	0.00	598	8	100.0	30
23-05-13	11:00 a	---	33.4	32.4	---	---	0.9	SE	1.61	3.1	ESE	---	---	---	---	1007.2	0.00	0.0	949	40.81	954	11.2	2.40	11.2	---	---	32.9	75	27.9	45.9	14.02	1.1042	0.00	599	8	100.0	30
23-05-13	8:00 p	28.1	28.2	28.1	92	26.7	0.4	SW	1.61	1.8	ESE	28.1	34.8	34.8	34.1	1008.5	0.00	0.0	0	0.00	0	0.0	0.00	0.0	0.000	0.407	30.1	86	27.5	39.3	17.98	1.1170	0.00	272	8	23.4	60
23-05-13	9:00 p	27.4	28.1	27.4	96	26.7	0.0	S	0.00	0.4	S	27.4	33.5	33.5	32.8	1008.8	0.25	0.0	0	0.00	0	0.0	0.00	0.0	0.000	0.380	29.7	88	27.5	38.6	18.82	1.1187	0.00	1195	8	100.0	60
23-05-13	10:00 p	27.3	27.4	27.2	97	26.8	0.0	S	0.00	0.4	S	27.3	33.2	33.2	32.5	1009.2	0.25	0.0	0	0.00	0	0.0	0.00	0.0	0.000	0.373	29.4	88	27.2	37.7	18.85	1.1209	0.00	1198	8	100.0	60
23-05-13	11:00 p	27.2	27.3	27.2	97	26.6	0.0	S	0.00	0.4	S	27.2	32.8	32.8	32.1	1009.2	0.00	0.0	0	0.00	0	0.0	0.00	0.0	0.000	0.368	28.5	91	26.9	35.7	20.79	1.1253	0.00	1199	8	100.0	60
23-05-14	12:00 a	26.8	27.2	26.8	97	26.3	0.0	S	0.00	0.9	S	26.8	31.8	31.8	31.1	1009.0	0.00	0.0	0	0.00	0	0.0	0.00	0.0	0.000	0.352	28.2	91	26.6	34.7	20.83	1.1271	0.00	1199	8	100.0	60
23-05-14	1:00 a	26.8	26.9	26.7	98	26.4	0.0	S	0.00	0.9	S	26.8	32.0	32.0	31.3	1008.3	0.00	0.0	0	0.00	0	0.0	0.00	0.0	0.000	0.352	28.1	92	26.6	34.6	21.20	1.1265	0.00	1198	8	100.0	60
23-05-14	2:00 a	26.4	26.8	26.4	98	26.0	0.0	S	0.00	0.4	S	26.4	30.9	30.9	30.2	1007.1	1.52	1219.2	0	0.00	0	0.0	0.00	0.0	0.000	0.336	27.7	92	26.2	33.4	21.19	1.1274	0.00	1199	8	100.0	60
23-05-14	3:00 a	26.3	26.4	26.2	98	25.9	0.0	S	0.00	0.4	S	26.3	30.7	30.7	29.9	1007.2	14.99	311.4	0	0.00	0	0.0	0.00	0.0	0.000	0.331	27.5	92	26.1	32.9	21.18	1.1286	0.00	1197	8	100.0	60
23-05-14	4:00 a	26.0	26.3	25.9	98	25.7	0.0	S	0.00	0.4	S	26.0	29.9	29.9	29.2	1007.4	14.73	1625.6	0	0.00	0	0.0	0.00	0.0	0.000	0.319	27.2	92	25.8	32.1	21.17	1.1305	0.00	1199	8	100.0	60
23-05-14	5:00 a	25.7	26.0	25.7	98	25.3	0.0	---	0.00	0.0	---	25.7	29.2	29.2	28.4	1007.7	0.25	14.0	0	0.00	0	0.0	0.00	0.0	0.000	0.306	27.0	92	25.6	31.6	21.16	1.1321	0.00	1199	8	100.0	60
23-05-14	6:00 a	26.1	26.1	25.6	98	25.7	0.0	S	0.00	0.4	S	26.1	30.1	30.1	29.5	1008.1	0.00	0.0	13	1.12	28	0.0	0.00	0.0	0.000	0.322	26.9	93	25.7	31.6	21.26	1.1325	0.00	1199	8	100.0	60
23-05-14	7:00 a	26.9	26.9	26.1	98	26.5	0.0	S	0.00	0.4	S	26.9	32.3	32.3	33.2	1008.6	0.00	0.0	54	4.64	116	0.3	0.13	0.9	0.000	0.356	27.4	94	26.3	32.9	21.38	1.1300	0.03	1200	8	100.0	60
23-05-14	8:00 a	28.2	28.3	26.9	95	27.3	0.0	S	0.00	0.9	S	28.2	35.7	35.7	38.8	1009.0	0.00	0.0	201	17.29	522	1.6	0.69	3.0	0.000	0.410	28.1	94	27.1	35.3	21.40	1.1261	0.13	1198	8	100.0	60
23-05-14	9:00 a	32.3	32.6	28.2	82	28.9	0.4	ENE	1.61	1.8	SSE	32.3	47.3	47.3	54.4	1009.4	0.00	0.0	704	60.55	842	4.8	2.06	6.4	0.000	0.583	31.2	86	28.6	43.8	17.86	1.1112	0.46	1196	8	100.0	60
23-05-14	10:00 a	31.0	32.7	30.9	83	27.8	0.4	SSW	1.61	3.6	S	31.0	41.3	41.3	48.2	1009.3	25.91	1125.5	690	59.35	914	6.3	2.70	8.0	0.000	0.528	31.7	81	28.0	43.4	15.99	1.1110	0.46	1197	8	100.0	60
23-05-14	11:00 a	32.7	33.5	30.2	78	28.3	0.4	SW	1.61	2.7	SSW	32.7	46.3	46.3	53.7	1008.8	135.13	2090.2	769	66.14	1000	5.4	2.31	8.8	0.000	0.597	31.8	81	28.2	44.2	15.98	1.1093	0.51	1195	8	100.0	60
23-05-14	12:00 p	33.6	33.7	32.7	77	29.0	0.9	SE	3.22	2.7	SW	33.6	50.4	50.4	57.4	1007.8	56.90	1463.0	663	57.03	1058	11.1	4.76	11.7	0.000	0.637	32.6	78	28.3	46.1	14.75	1.1051	0.46	1198	8	100.0	60
23-05-14	1:00 p	34.0	34.1	33.1	71	28.0	0.9	SSE	3.22	3.1	SSW	34.0	47.7	47.7	54.8	1007.5	66.04	2090.2	728	62.62	986	10.2	4.37	11.2	0.000	0.653	32.9	75	27.9	45.9	14.02	1.1044	0.51	1199	8	100.0	60
23-05-14	2:00 p	33.7	34.1	33.2	72	27.9	0.4	SE	1.61	3.1	ESE	33.7	47.2	47.2	54.2	1006.6	30.23	665.0	859	73.88	1007	7.8	3.34	9.3	0.000	0.639	32.9	76	28.1	46.3	14.25	1.1032	0.61	1197	8	100.0	60
23-05-14	3:00 p	33.1	33.7	32.8	77	28.5	0.9	SE	3.22	4.9	SSE	33.1	47.9	47.9	54.7	1006.8	2.79	304.8	627	53.93	772	4.6	1.97	6.2	0.000	0.616	32.2	78	27.9	44.3	14.75	1.1064	0.43	1197	8	100.0	60
23-05-14	4:00 p	31.8	33.3	31.8	75	26.8	0.9	ESE	3.22	3.6	ESE	31.8	41.3	41.3	47.2	1007.0	48.26	2090.2	367	31.57	512	2.0	0.86	3.2	0.000	0.560	31.7	78	27.4	42.1	14.83	1.1099	0.25	1195	8	100.0	60
23-05-14	5:00 p	30.4	31.8	30.4	85	27.6	0.4	SSE	1.61	2.7	ESE	30.4	40.1	40.1	41.8	1008.0	81.03	1045.0	80	6.88	105	0.3	0.13	1.0	0.000	0.502	31.2	81	27.6	41.2	16.02	1.1122	0.05	1199	8	100.0	60
23-05-14	6:00 p	28.9	30.4	28.9	91	27.3	0.0	SE	0.00	0.9	SE	28.9	37.1	37.1	36.8	1009.1	67.06	1463.0	19	1.63	44	0.0	0.00	0.0	0.000	0.442	30.7	84	27.7	40.9	17.16	1.1149	0.03	1194	8	100.0	60
23-05-14	7:00 p	28.3	28.9	28.3	87	25.9	0.4	SE	1.61	3.1	NNE	28.3	34.2	34.2	33.5	1010.3	216.92	1219.2	0	0.00	0	0.0	0.00	0.0	0.000	0.414	30.2	84	27.2	38.8	17.20	1.1197	0.00	1196	8	100.0	60
23-05-14	8:00 p	26.6	28.3	26.5	95	25.7	0.4	NW	1.61	1.8	ENE	26.6	30.9	30.9	30.2	1010.4	13.72	2090.2	0	0.00	0	0.0	0.00	0.0	0.000	0.343	29.3	85	26.5	36.5	17.67	1.1247	0.00	1196	8	100.0	60
23-05-14	9:00 p	26.3	26.6	26.3	97	25.8	0.0	NNW	0.00	0.9	NNW	26.3	30.7	30.7	30.0	1010.7	45.97	1625.6	0	0.00	0	0.0	0.00	0.0	0.000	0.333	28.8	87	26.5	35.9	18.52	1.1268	0.00	1194	8	100.0	60
23-05-14	10:00 p	26.1	26.5	26.0	96	25.4	0.0	NNW	0.00	1.8	SSE	26.1	29.9	29.9	29.2	1011.1	143.26	2090.2	0	0.00	0	0.0	0.00	0.0	0.000	0.322	28.3	86	25.8	34.1	18.17	1.1307	0.00	1199	8	100.0	60
23-05-14	11:00 p	25.3	26.1	25.3	97	24.8	0.4	E	1.61	0.9	SSE	25.3	28.2	28.2	27.5	1010.1	145.80	2090.2	0	0.00	0	0.0	0.00	0.0	0.000	0.289	27.9	87	25.5	33.1	18.62	1.1318	0.00	1196	8	100.0	60
23-05-15	12:00 a	25.6	25.6	25.3	98	25.3	0.0	E	0.00	0.9	E	25.6	29.0	29.0	28.3	1009.7	91.19	541.8	0	0.00	0	0.0	0.00	0.0	0.000	0.303	27.6	89	25.6	32.7	19.78	1.1320	0.00	1194	8	100.0	60
23-05-15	1:00 a	25.4	25.6	25.4	98	25.1	0.0	E	0.00	0.4	E	25.4	28.7	28.7	27.9	1009.7	40.39	1463.0	0	0.00	0	0.0	0.00	0.0	0.000	0.296	27.3	90	25.5	32.1	20.35	1.1333	0.00	1195	8	100.0	60
23-05-15	2:00 a	25.5	25.6	25.4	98	25.2	0.0	---	0.00	0.0	---	25.5	28.8	28.8	28.1	1009.2	15.75	375.2	0	0.00	0	0.0	0.00	0.0	0.000	0.299	27.2	90	25.4	31.7	20.38	1.1337	0.00	1195	8	100.0	60
23-05-15	3:00 a	25.4	25.6	25.4	98	25.1	0.0	E	0.00	0.4	E	25.4	28.6	28.6	27.8	1009.0	101.09	2090.2	0	0.00	0	0.0	0.00	0.0	0.000	0.294	27.0	91	25.4	31.4	21.00	1.1341	0.00	1189	8	100.0	60
23-05-15	4:00 a	25.5	25.6	25.3	98	25.2	0.0	---	0.00	0.0	---	25.5	28.8	28.8	28.1	1009.0	66.80	860.6	0	0.00	0	0.0	0.00	0.0	0.000	0.299	26.9	91	25.3	31.3	21.01	1.1344	0.00	1196	8	100.0	60
23-05-15	5:00 a	25.6	25.6	25.5	98	25.3	0.0	---	0.00	0.0	---	25.6	29.0	29.0	28.3	1009.7	1.02	75.4	0	0.00	0	0.0	0.00	0.0	0.000	0.303	26.9	92	25.5	31.3	21.16	1.1352	0.00	1194	8	100.0	60
23-05-15	6:00 a	26.1	26.1	25.6	98	25.7	0.0	E	0.00	0.4	E	26.1	30.1	30.1	29.6	1010.0	15.75	348.2	11	0.95	37	0.0	0.00	0.0	0.000	0.322	26.9	93	25.7	31.6	21.26	1.1348	0.00	1198	8	100.0	60
23-05-15	7:00 a	27.1	27.1	26.0	98	26.8	0.0	E	0.00	0.4	E	27.1	32.9	32.9	34.4	1010.9	56.90	1045.0	83	7.14	162	0.2	0.09	0.8	0.000	0.366	27.4	93	26.2	32.8	21.28	1.1332	0.05	1195	8	100.0	60
23-05-15	8:00 a	28.4	28.4	27.1	95	27.6	0.0	E	0.00	0.9	E	28.4	36.6	36.6	39.2	1011.9	0.00	0.0	173	14.88	244	1.3	0.56	2.0	0.000	0.421	28.3	94	27.3	36.0	21.41	1.1281	0.10	1198	8	100.0	60
23-05-15	9:00 a	29.7	29.8	28.2	92	28.3	0.0	SSE	0.00	1.3	SSW	29.7	40.1	40.1	43.1	1012.1	70.87	1625.6	228	19.61	448	2.7	1.16	4.6	0.000	0.475	29.0	91	27.4	37.3	20.71	1.1256	0.15	1193	8	100.0	60
23-05-15	10:00 a	29.8	31.4	29.6	89	27.8	0.4	SW	1.61	1.8	W	29.8	39.2	39.2	43.6	1012.5	2.03	487.7	372	32.00	919	4.3	1.84	7.0	0.000	0.477	29.9	88	27.7	39.2	18.80	1.1220	0.28	1196	8	100.0	60
23-05-15	11:00 a	28.3	29.8	28.3	95	27.4	0.0	S	0.00	1.8	SSE	28.3	36.1	36.1	37.4	1012.4	86.36	1329.9	121	10.41	271	1.5	0.64	3.4	0.000	0.414	29.4	89	27.4	37.8	19.46	1.1244	0.08	1196	8	100.0	60
23-05-15	12:00 p	30.5	30.6	28.3	86	27.9	0.4	W	1.61	1.3	WSW	30.5	41.0	41.0	44.3	1011.6	15.75	1625.6	260	22.36	466	4.3	1.84	9.0	0.000	0.507	29.4	92	28.0	39.0	21.25	1.1217	0.18	1196	8	100.0	60
23-05-15	1:00 p	30.6	31.4	30.2	86	28.0	0.4	WSW	1.61	1.8	SSW	30.6	41.4	41.4	47.2	1010.4	24.89	2090.2	510	43.87	791	7.1	3.04	9.2	0.000	0.512	30.3	85	27.5	39.8	17.55	1.1183	0.36	1196	8	100.0	60
23-05-15	2:00 p	30.8	31.4	30.0	85	28.0	0.4	SSW	1.61	1.8	SSW	30.8	41.4	41.4	47.9	1009.7	4.57	1329.9	587	50.49	744	6.1	2.61	7.6	0.000	0.519	30.5	85	27.7	40.6	17.54	1.1165	0.38	1191	8	100.0	60
23-05-15	3:00 p	29.8	30.9	29.8	86	27.2	0.4	SSE	1.61	2.2	S	29.8	38.3	38.3	42.8	1009.8	8.13	1329.9	316	27.18	568	3.2	1.37	5.3	0.000	0.479	30.4	87	28.0	41.2	18.34	1.1159	0.20	1196	8	100.0	60
23-05-15	4:00 p	29.2	29.8	28.7	93	27.9	0.0	SE	0.00	0.9	SE	29.2	38.4	38.4	40.8	1009.5	115.32	2090.2	127	10.92	248	0.8	0.34	1.1	0.000	0.451	30.1	89	28.1	40.5	19.33	1.1166	0.08	1192	8	100.0	60
23-05-15	5:00 p	28.3	29.4	28.3	93	27.0	0.4	E	1.61	0.9	SE	28.3	35.6	35.6	37.3	1011.1	93.73	1828.8	82	7.05	160	0.3	0.13	0.9	0.000	0.414	29.7	88	27.5	38.4	18.83	1.1217	0.05	1197	8	100.0	60
23-05-15	6:00 p	27.3	28.3	27.3	89	25.3	0.4	E	1.61	5.4	NNW	27.3	31.8	31.8	31.1	1011.6	0.00	0.0	4	0.34	21	0.0	0.00	0.0	0.000	0.373	28.9	84	26.0	35.6	17.29	1.1285	0.00	1192	8	100.0	60
23-05-15	7:00 p	25.7	27.3	25.7	94	24.7	0.9	WNW	3.22	4.9	NW	25.7	28.9	28.9	28.2	1011.8	0.76	3.8	0	0.00	0	0.0	0.00	0.0	0.000	0.308	27.9	86	25.3	32.9	18.22	1.1341	0.00	1197	8	100.0	60
23-05-15	8:00 p	25.6	25.8	25.4	98	25.3	0.0	NW	0.00	1.3	NNW	25.6	29.0	29.0	28.3	1012.7	1.78	10.2	0	0.00	0	0.0	0.00	0.0	0.000	0.303	27.6	89	25.6	32.6	19.79	1.1359	0.00	1198	8	100.0	60
23-05-15	9:00 p	25.5	25.6	25.4	98	25.2	0.0	NW	0.00	0.9	N	25.5	28.8	28.8	28.1	1014.9	0.25	2.3	0	0.00	0	0.0	0.00	0.0	0.000	0.299	27.3	90	25.5	32.1	20.35	1.1394	0.00	1195	8	100.0	60
23-05-15	10:00 p	25.2	25.6	25.2	97	24.7	0.4	NW	1.61	2.2	NW	25.2	28.0	28.0	27.3	1015.5	4.06	71.1	0	0.00	0	0.0	0.00	0.0	0.000	0.285	27.1	89	25.1	31.2	19.88	1.1421	0.00	1195	8	100.0	60
23-05-15	11:00 p	24.8	25.3	24.8	98	24.5	0.0	NW	0.00	0.9	NW	24.8	27.4	27.4	26.7	1014.8	2.03	4.6	0	0.00	0	0.0	0.00	0.0	0.000	0.271	26.8	90	25.0	30.7	20.43	1.1425	0.00	1197	8	100.0	60
23-05-16	12:00 a	24.4	24.8	24.4	97	23.9	0.0	NW	0.00	1.3	NW	24.4	26.7	26.7	25.9	1013.9	1.52	2.3	0	0.00	0	0.0	0.00	0.0	0.000	0.255	26.4	90	24.7	30.0	20.45	1.1435	0.00	1193	8	100.0	60
23-05-16	1:00 a	24.4	24.5	24.3	97	23.9	0.4	NNE	1.61	1.8	NE	24.4	26.7	26.7	25.9	1013.1	0.76	1.8	0	0.00	0	0.0	0.00	0.0	0.000	0.255	26.2	89	24.3	29.4	19.95	1.1443	0.00	1195	8	100.0	60
23-05-16	2:00 a	24.8	24.8	24.3	97	24.3	0.4	NNE	1.61	2.7	NE	24.8	27.3	27.3	26.5	1011.6	0.00	0.0	0	0.00	0	0.0	0.00	0.0	0.000	0.269	26.2	90	24.4	29.4	20.45	1.1425	0.00	1194	8	100.0	60
23-05-16	3:00 a	25.1	25.2	24.7	92	23.7	0.9	NE	3.22	4.0	NE	25.1	27.6	27.6	26.7	1009.5	0.25	0.0	0	0.00	0	0.0	0.00	0.0	0.000	0.282	25.9	91	24.4	29.1	21.02	1.1409	0.00	1199	8	100.0	60
23-05-16	4:00 a	25.2	25.5	25.0	87	22.8	1.3	NNE	4.83	5.8	NNW	25.2	27.3	27.3	26.5	1008.0	0.00	0.0	0	0.00	0	0.0	0.00	0.0	0.000	0.285	25.8	88	23.6	28.4	19.41	1.1414	0.03	1194	8	100.0	60
23-05-16	5:00 a	26.1	26.2	25.2	81	22.6	1.3	NNE	4.83	4.9	NE	26.1	28.3	28.3	27.4	1008.2	0.00	0.0	0	0.00	0	0.0	0.00	0.0	0.000	0.324	25.9	85	23.2	28.4	18.00	1.1418	0.03	1197	8	100.0	60
23-05-16	6:00 a	26.8	26.8	25.9	77	22.4	1.8	NNE	6.44	6.3	NE	26.8	29.1	29.1	28.4	1008.4	0.00	0.0	18	1.55	62	0.0	0.00	0.0	0.000	0.352	26.2	82	22.9	28.6	16.68	1.1416	0.03	1197	8	100.0	60
23-05-16	7:00 a	27.3	27.4	26.4	76	22.7	1.3	NNE	4.83	4.9	N	27.3	29.9	29.9	32.1	1009.0	0.00	0.0	122	10.49	185	0.3	0.13	0.8	0.000	0.373	26.8	85	24.1	30.2	17.93	1.1375	0.10	1196	8	100.0	60
23-05-16	8:00 a	25.8	27.3	25.2	91	24.2	0.9	NE	3.22	3.6	NNW	25.8	28.7	28.7	31.2	1010.2	0.00	0.0	174	14.97	269	1.2	0.51	1.9	0.000	0.310	27.1	85	24.3	30.6	17.91	1.1377	0.13	1200	8	100.0	60
23-05-16	9:00 a	27.1	27.1	25.8	92	25.6	0.4	NNE	1.61	4.0	NW	27.1	31.7	31.7	33.7	1011.8	0.00	0.0	166	14.28	218	1.8	0.77	2.5	0.000	0.363	27.6	88	25.4	32.4	19.19	1.1352	0.10	1194	8	100.0	60
23-05-16	10:00 a	27.6	28.1	27.1	94	26.5	0.4	W	1.61	3.1	WNW	27.6	33.5	33.5	36.2	1012.6	0.00	0.0	223	19.18	246	2.9	1.24	3.2	0.000	0.384	28.7	88	26.5	35.6	18.99	1.1295	0.15	1191	8	100.0	60
23-05-16	11:00 a	28.6	28.6	27.5	94	27.5	0.0	N	0.00	0.9	W	28.6	36.7	36.7	39.7	1012.5	0.00	0.0	237	20.38	306	3.5	1.50	4.5	0.000	0.426	28.9	90	27.1	36.7	20.13	1.1271	0.15	1192	8	100.0	60
23-05-16	12:00 p	29.0	29.7	28.5	90	27.2	0.0	N	0.00	0.9	N	29.0	37.0	37.0	40.8	1011.9	0.00	0.0	304	26.15	371	4.6	1.97	5.5	0.000	0.444	29.6	87	27.2	37.8	18.44	1.1237	0.20	1196	8	100.0	60
23-05-16	1:00 p	29.4	30.2	28.9	90	27.6	0.4	S	1.61	2.2	SSW	29.4	38.3	38.3	41.9	1011.0	0.00	0.0	303	26.06	448	4.4	1.89	6.3	0.000	0.463	30.2	83	27.0	38.6	16.80	1.1210	0.20	1196	8	100.0	60
23-05-16	2:00 p	29.7	30.0	29.1	86	27.1	0.4	SSE	1.61	1.8	W	29.7	37.8	37.8	41.6	1010.0	0.25	0.0	297	25.55	487	4.0	1.71	5.2	0.000	0.472	29.6	86	27.0	37.7	18.03	1.1218	0.20	1194	8	100.0	60
23-05-16	3:00 p	30.7	31.2	29.4	80	26.8	0.4	W	1.61	2.7	S	30.7	39.2	39.2	45.3	1008.8	0.00	0.0	463	39.82	854	4.3	1.84	6.0	0.000	0.514	29.9	82	26.5	37.3	16.52	1.1207	0.33	1195	8	100.0	60
23-05-16	4:00 p	29.8	30.7	29.6	87	27.4	0.4	SW	1.61	1.8	WSW	29.8	38.5	38.5	42.6	1008.8	0.00	0.0	220	18.92	457	1.7	0.73	2.8	0.000	0.477	29.7	85	26.9	37.7	17.62	1.1202	0.15	1195	8	100.0	60
23-05-16	5:00 p	28.8	29.9	28.8	91	27.2	0.0	WSW	0.00	1.3	SW	28.8	36.8	36.8	39.1	1009.2	0.00	0.0	114	9.81	183	0.3	0.13	0.9	0.000	0.438	29.4	87	27.1	37.4	18.45	1.1214	0.08	1198	8	100.0	60
23-05-16	6:00 p	27.4	28.8	27.4	95	26.5	0.0	---	0.00	0.0	---	27.4	33.2	33.2	32.6	1009.5	0.00	0.0	15	1.29	51	0.0	0.00	0.0	0.000	0.377	28.9	89	26.9	36.6	19.54	1.1238	0.00	1198	8	100.0	60
23-05-16	7:00 p	26.8	27.4	26.8	97	26.3	0.0	---	0.00	0.0	---	26.8	31.8	31.8	31.1	1009.5	0.00	0.0	0	0.00	0	0.0	0.00	0.0	0.000	0.352	28.4	90	26.6	35.2	20.19	1.1264	0.00	1199	8	100.0	60
23-05-16	8:00 p	26.5	26.8	26.5	97	26.0	0.0	---	0.00	0.0	---	26.5	31.1	31.1	30.3	1009.7	0.00	0.0	0	0.00	0	0.0	0.00	0.0	0.000	0.340	28.1	90	26.3	34.1	20.25	1.1290	0.00	1198	8	100.0	60
23-05-16	9:00 p	26.2	26.6	26.2	98	25.9	0.0	---	0.00	0.0	---	26.2	30.5	30.5	29.7	1009.9	0.00	0.0	0	0.00	0	0.0	0.00	0.0	0.000	0.329	27.7	91	26.1	33.4	20.90	1.1308	0.00	1195	8	100.0	60
23-05-16	10:00 p	26.2	26.3	26.2	98	25.8	0.0	---	0.00	0.0	---	26.2	30.4	30.4	29.6	1009.6	0.00	0.0	0	0.00	0	0.0	0.00	0.0	0.000	0.326	27.6	92	26.1	33.1	21.18	1.1310	0.00	1195	8	100.0	60
23-05-16	11:00 p	26.2	26.3	26.2	98	25.8	0.0	---	0.00	0.0	---	26.2	30.4	30.4	29.6	1009.1	0.00	0.0	0	0.00	0	0.0	0.00	0.0	0.000	0.326	27.4	92	26.0	32.6	21.18	1.1314	0.00	1193	8	100.0	60
23-05-17	12:00 a	25.8	26.2	25.8	98	25.5	0.0	WSW	0.00	0.9	WSW	25.8	29.6	29.6	28.8	1009.0	0.00	0.0	0	0.00	0	0.0	0.00	0.0	0.000	0.313	27.1	92	25.7	31.8	21.17	1.1330	0.00	1196	8	100.0	60
23-05-17	1:00 a	25.9	25.9	25.8	98	25.6	0.0	---	0.00	0.0	---	25.9	29.8	29.8	29.1	1008.9	0.00	0.0	0	0.00	0	0.0	0.00	0.0	0.000	0.317	27.0	93	25.8	31.7	21.26	1.1331	0.00	1196	8	100.0	60
23-05-17	2:00 a	25.7	26.0	25.7	99	25.6	0.0	---	0.00	0.0	---	25.7	29.4	29.4	28.6	1008.7	0.00	0.0	0	0.00	0	0.0	0.00	0.0	0.000	0.308	26.8	93	25.6	31.3	21.26	1.1339	0.00	1199	8	100.0	60
23-05-17	3:00 a	25.4	25.7	25.4	99	25.3	0.0	---	0.00	0.0	---	25.4	28.8	28.8	28.0	1008.5	0.00	0.0	0	0.00	0	0.0	0.00	0.0	0.000	0.296	26.7	93	25.4	30.9	21.25	1.1347	0.00	1199	8	100.0	60
23-05-17	4:00 a	25.8	25.8	25.4	99	25.7	0.0	---	0.00	0.0	---	25.8	29.7	29.7	28.9	1009.0	0.00	0.0	0	0.00	0	0.0	0.00	0.0	0.000	0.313	26.7	93	25.5	31.0	21.25	1.1350	0.00	1197	8	100.0	60
23-05-17	5:00 a	25.8	25.9	25.7	99	25.7	0.0	WNW	0.00	1.3	WNW	25.8	29.7	29.7	28.9	1009.1	0.00	0.0	0	0.00	0	0.0	0.00	0.0	0.000	0.313	26.7	93	25.5	31.0	21.25	1.1351	0.00	1197	8	100.0	60
23-05-17	6:00 a	25.7	26.2	25.7	98	25.4	0.0	NNW	0.00	1.8	NNW	25.7	29.3	29.3	28.6	1009.7	0.00	0.0	5	0.43	18	0.0	0.00	0.0	0.000	0.308	26.8	93	25.6	31.3	21.26	1.1351	0.00	1199	8	100.0	60
23-05-17	7:00 a	26.6	26.6	25.7	97	26.0	0.0	NNW	0.00	0.9	NNW	26.6	31.2	31.2	32.9	1010.2	0.00	0.0	91	7.83	128	0.3	0.13	0.8	0.000	0.343	27.1	93	25.8	31.8	21.26	1.1343	0.05	1197	8	100.0	60
23-05-17	8:00 a	27.1	27.5	26.5	96	26.4	0.4	N	1.61	2.2	NNW	27.1	32.5	32.5	35.0	1010.6	0.00	0.0	170	14.62	223	1.4	0.60	2.1	0.000	0.366	27.8	92	26.4	33.9	21.19	1.1305	0.10	1194	8	100.0	60
23-05-17	9:00 a	29.0	29.1	27.1	91	27.4	0.0	NE	0.00	0.9	NE	29.0	37.3	37.3	40.9	1010.2	0.00	0.0	286	24.60	352	2.9	1.24	3.7	0.000	0.444	28.4	92	27.0	35.8	21.21	1.1263	0.18	1194	8	100.0	60
23-05-17	10:00 a	30.2	30.2	28.6	89	28.2	0.4	NE	1.61	1.8	SSE	30.2	40.8	40.8	45.6	1010.5	0.00	0.0	405	34.83	575	4.6	1.97	5.6	0.000	0.493	29.3	89	27.3	37.7	19.47	1.1226	0.28	1196	8	100.0	60
23-05-17	11:00 a	30.8	31.0	29.9	85	28.0	0.4	S	1.61	2.7	E	30.8	41.4	41.4	47.8	1009.5	0.00	0.0	580	49.89	671	6.3	2.70	7.1	0.000	0.519	30.2	85	27.4	39.2	17.57	1.1183	0.38	1196	8	100.0	60
23-05-17	12:00 p	31.1	31.7	30.4	78	26.8	0.4	SE	1.61	3.1	SSE	31.1	39.6	39.6	45.5	1008.9	0.00	0.0	522	44.90	686	8.4	3.60	10.3	0.000	0.532	30.7	82	27.3	40.1	16.46	1.1158	0.36	1196	8	100.0	60
23-05-17	1:00 p	31.2	31.6	31.0	79	27.1	0.4	ESE	1.61	3.6	ESE	31.2	40.4	40.4	47.1	1008.0	0.00	0.0	641	55.13	758	8.5	3.64	9.8	0.000	0.537	31.2	81	27.6	41.2	16.02	1.1122	0.43	1190	8	100.0	60
23-05-17	2:00 p	29.6	31.4	29.6	89	27.6	0.4	SE	1.61	3.6	SE	29.6	38.6	38.6	43.6	1007.4	0.00	0.0	421	36.21	793	5.4	2.31	8.3	0.000	0.470	31.0	84	28.0	41.7	17.14	1.1112	0.30	1195	8	100.0	60
23-05-17	3:00 p	30.6	30.6	29.1	87	28.1	0.4	SSE	1.61	2.2	SSE	30.6	41.8	41.8	45.2	1006.7	0.00	0.0	232	19.95	693	2.8	1.20	3.9	0.000	0.509	30.3	85	27.5	39.6	17.56	1.1144	0.18	1193	8	100.0	60
23-05-17	4:00 p	29.8	30.8	29.8	83	26.6	0.4	ESE	1.61	2.2	SSE	29.8	37.4	37.4	43.3	1006.7	0.00	0.0	357	30.71	536	2.1	0.90	3.3	0.000	0.479	30.0	86	27.4	38.8	17.99	1.1156	0.25	1192	8	100.0	60
23-05-17	5:00 p	29.0	29.9	28.9	88	26.8	0.4	SE	1.61	1.8	S	29.0	36.6	36.6	38.0	1006.9	0.00	0.0	66	5.68	91	0.4	0.17	1.0	0.000	0.444	29.7	87	27.3	38.1	18.43	1.1173	0.05	1190	8	100.0	60
23-05-17	6:00 p	27.7	29.1	27.7	94	26.6	0.0	SSE	0.00	1.8	SSE	27.7	33.8	33.8	33.4	1007.3	0.00	0.0	16	1.38	42	0.0	0.00	0.0	0.000	0.389	29.3	88	27.1	37.3	18.88	1.1197	0.00	1197	8	100.0	60
23-05-17	7:00 p	27.1	27.7	27.1	96	26.4	0.0	---	0.00	0.0	---	27.1	32.4	32.4	31.8	1008.0	0.00	0.0	0	0.00	0	0.0	0.00	0.0	0.000	0.363	28.8	89	26.8	36.1	19.57	1.1231	0.00	1198	8	100.0	60
23-05-17	8:00 p	26.8	27.1	26.8	97	26.3	0.0	---	0.00	0.0	---	26.8	31.9	31.9	31.3	1008.5	0.00	0.0	0	0.00	0	0.0	0.00	0.0	0.000	0.354	28.4	90	26.6	35.2	20.19	1.1252	0.00	1194	8	100.0	60
23-05-17	9:00 p	26.5	26.9	26.5	98	26.2	0.0	---	0.00	0.0	---	26.5	31.2	31.2	30.6	1008.8	0.00	0.0	0	0.00	0	0.0	0.00	0.0	0.000	0.340	28.1	91	26.4	34.4	20.85	1.1275	0.00	1197	8	100.0	60
23-05-17	10:00 p	26.2	26.6	26.2	98	25.9	0.0	---	0.00	0.0	---	26.2	30.5	30.5	29.9	1008.5	0.00	0.0	0	0.00	0	0.0	0.00	0.0	0.000	0.329	27.7	91	26.1	33.3	20.91	1.1295	0.00	1194	8	100.0	60
23-05-17	11:00 p	26.2	26.2	26.1	98	25.8	0.0	---	0.00	0.0	---	26.2	30.4	30.4	29.8	1008.0	0.00	0.0	0	0.00	0	0.0	0.00	0.0	0.000	0.326	27.4	92	26.0	32.8	21.18	1.1298	0.00	1197	8	100.0	60
23-05-18	12:00 a	25.9	26.2	25.8	98	25.5	0.0	---	0.00	0.0	---	25.9	29.7	29.7	29.0	1007.6	0.00	0.0	0	0.00	0	0.0	0.00	0.0	0.000	0.315	27.3	92	25.9	32.3	21.17	1.1304	0.00	1198	8	100.0	60
23-05-18	1:00 a	25.6	25.9	25.6	98	25.3	0.0	---	0.00	0.0	---	25.6	29.0	29.0	28.3	1007.0	0.00	0.0	0	0.00	0	0.0	0.00	0.0	0.000	0.303	27.0	92	25.6	31.6	21.16	1.1314	0.00	1196	8	100.0	60
23-05-18	2:00 a	25.3	25.6	25.3	98	25.0	0.0	---	0.00	0.0	---	25.3	28.4	28.4	27.7	1006.7	0.00	0.0	0	0.00	0	0.0	0.00	0.0	0.000	0.292	26.8	92	25.4	31.0	21.15	1.1324	0.00	1200	8	100.0	60
23-05-18	3:00 a	24.9	25.3	24.8	98	24.6	0.0	---	0.00	0.0	---	24.9	27.6	27.6	26.8	1006.7	0.00	0.0	0	0.00	0	0.0	0.00	0.0	0.000	0.273	26.4	91	24.9	30.1	21.04	1.1347	0.00	1198	8	100.0	60
23-05-18	4:00 a	24.7	24.9	24.6	99	24.5	0.0	---	0.00	0.0	---	24.7	27.2	27.2	26.5	1007.1	0.00	0.0	0	0.00	0	0.0	0.00	0.0	0.000	0.264	26.2	91	24.6	29.5	21.03	1.1368	0.00	1199	8	100.0	60
23-05-18	5:00 a	24.7	24.7	24.4	99	24.5	0.0	---	0.00	0.0	---	24.7	27.2	27.2	26.5	1007.8	0.00	0.0	0	0.00	0	0.0	0.00	0.0	0.000	0.264	25.9	92	24.5	29.1	21.12	1.1389	0.00	1196	8	100.0	60
23-05-18	6:00 a	25.2	25.2	24.7	99	25.0	0.0	---	0.00	0.0	---	25.2	28.2	28.2	27.7	1008.3	0.00	0.0	16	1.38	46	0.0	0.00	0.0	0.000	0.285	26.1	93	24.8	29.5	21.23	1.1382	0.00	1198	8	100.0	60
23-05-18	7:00 a	25.9	25.9	25.2	98	25.6	0.0	---	0.00	0.0	---	25.9	29.8	29.8	30.6	1009.1	0.00	0.0	49	4.21	67	0.1	0.04	0.8	0.000	0.317	26.7	94	25.7	31.2	21.35	1.1347	0.03	1198	8	100.0	60
23-05-18	8:00 a	28.1	28.1	25.9	94	27.1	0.0	SSE	0.00	0.9	SSE	28.1	35.3	35.3	39.3	1009.6	0.00	0.0	266	22.88	768	1.8	0.77	3.8	0.000	0.407	28.1	92	26.6	34.6	21.20	1.1280	0.18	1194	8	100.0	60
23-05-18	9:00 a	31.6	31.8	28.1	78	27.3	0.4	SSE	1.61	1.8	S	31.6	41.8	41.8	48.8	1009.8	0.00	0.0	711	61.15	798	5.2	2.23	6.8	0.000	0.553	29.9	84	26.9	37.9	17.22	1.1208	0.48	1195	8	100.0	60
23-05-18	10:00 a	32.1	32.4	31.4	78	27.7	0.4	SW	1.61	2.7	E	32.1	43.6	43.6	50.6	1009.4	0.00	0.0	883	75.95	956	7.0	3.00	8.4	0.000	0.572	31.0	81	27.4	40.4	16.04	1.1151	0.61	1196	8	100.0	60
23-05-18	11:00 a	32.7	33.1	32.1	75	27.7	0.4	S	1.61	3.1	SSW	32.7	45.0	45.0	50.8	1008.7	0.00	0.0	1004	86.36	1037	5.6	2.40	10.3	0.000	0.600	31.9	79	27.8	43.6	15.18	1.1097	0.69	1196	8	100.0	60
23-05-18	12:00 p	33.2	33.2	32.1	77	28.6	0.4	SSW	1.61	3.1	SSW	33.2	48.2	48.2	54.9	1008.1	0.00	0.0	622	53.50	1025	11.7	5.01	12.1	0.000	0.618	32.2	78	27.8	44.1	14.76	1.1081	0.43	1197	8	100.0	60
23-05-18	1:00 p	32.9	33.2	32.2	78	28.5	0.4	ESE	1.61	2.7	S	32.9	47.4	47.4	54.6	1007.3	0.00	0.0	725	62.36	1274	10.8	4.63	11.9	0.000	0.606	32.6	79	28.4	46.3	15.13	1.1043	0.51	1195	8	100.0	60
23-05-18	2:00 p	32.7	33.2	32.4	74	27.5	0.9	SE	3.22	3.6	SSE	32.7	44.5	44.5	51.9	1006.2	0.00	0.0	914	78.61	1137	8.4	3.60	10.6	0.000	0.600	32.2	76	27.5	43.4	14.25	1.1068	0.63	1198	8	100.0	60
23-05-18	3:00 p	32.2	33.2	32.0	76	27.4	0.4	SE	1.61	3.6	S	32.2	43.2	43.2	50.3	1005.9	0.00	0.0	662	56.94	921	4.8	2.06	6.6	0.000	0.576	31.7	79	27.6	42.7	15.20	1.1078	0.43	1193	8	100.0	60
23-05-18	4:00 p	30.1	32.2	29.9	87	27.7	0.0	SE	0.00	3.1	SSE	30.1	39.4	39.4	42.3	1006.1	0.00	0.0	154	13.25	278	1.1	0.47	2.3	0.000	0.488	31.1	83	27.9	41.6	16.73	1.1097	0.10	1191	8	100.0	60
23-05-18	5:00 p	30.2	30.6	30.1	83	27.0	0.0	SSE	0.00	2.7	S	30.2	38.8	38.8	40.6	1006.6	0.00	0.0	84	7.22	135	0.2	0.09	0.6	0.000	0.495	30.6	85	27.7	40.8	17.53	1.1125	0.05	1193	8	100.0	60
23-05-18	6:00 p	28.4	30.2	28.4	92	27.0	0.0	SE	0.00	1.3	SE	28.4	35.8	35.8	35.3	1007.1	0.00	0.0	12	1.03	40	0.0	0.00	0.0	0.000	0.421	30.2	86	27.6	39.6	17.97	1.1150	0.00	1197	8	100.0	60
23-05-18	7:00 p	27.7	28.4	27.7	95	26.8	0.0	---	0.00	0.0	---	27.7	34.1	34.1	33.4	1007.4	0.00	0.0	0	0.00	0	0.0	0.00	0.0	0.000	0.389	29.6	87	27.2	37.8	18.44	1.1186	0.00	1196	8	100.0	60
23-05-18	8:00 p	28.1	28.2	27.6	92	26.7	0.0	NE	0.00	2.2	NNW	28.1	34.8	34.8	34.2	1008.1	0.00	0.0	0	0.00	0	0.0	0.00	0.0	0.000	0.407	29.2	87	26.8	36.9	18.47	1.1214	0.00	1198	8	100.0	60
23-05-18	9:00 p	27.4	28.1	27.4	96	26.7	0.0	NNE	0.00	0.9	NNE	27.4	33.3	33.3	32.7	1008.5	0.00	0.0	0	0.00	0	0.0	0.00	0.0	0.000	0.377	29.1	89	27.1	36.9	19.52	1.1220	0.00	1197	8	100.0	60
23-05-18	10:00 p	26.2	27.4	26.2	93	24.9	0.0	NNE	0.00	0.4	NNE	26.2	29.8	29.8	29.1	1008.5	0.00	0.0	0	0.00	0	0.0	0.00	0.0	0.000	0.326	28.5	87	26.1	34.8	18.55	1.1263	0.00	1197	8	100.0	60
23-05-18	11:00 p	25.4	26.2	25.4	96	24.8	0.0	---	0.00	0.0	---	25.4	28.4	28.4	27.7	1008.3	0.00	0.0	0	0.00	0	0.0	0.00	0.0	0.000	0.296	27.7	87	25.3	32.5	18.64	1.1310	0.00	1198	8	100.0	60
23-05-19	12:00 a	25.1	25.4	25.1	96	24.4	0.0	---	0.00	0.0	---	25.1	27.8	27.8	27.0	1007.6	0.00	0.0	0	0.00	0	0.0	0.00	0.0	0.000	0.282	27.2	88	25.0	31.3	19.26	1.1327	0.00	1197	8	100.0	60
23-05-19	1:00 a	24.9	25.2	24.8	97	24.4	0.0	---	0.00	0.0	---	24.9	27.4	27.4	26.7	1007.2	0.00	0.0	0	0.00	0	0.0	0.00	0.0	0.000	0.273	26.8	89	24.8	30.6	19.93	1.1342	0.00	1195	8	100.0	60
23-05-19	2:00 a	24.9	24.9	24.7	98	24.6	0.0	---	0.00	0.0	---	24.9	27.6	27.6	26.9	1007.4	0.00	0.0	0	0.00	0	0.0	0.00	0.0	0.000	0.275	26.6	90	24.8	30.2	20.45	1.1353	0.00	1198	8	100.0	60
23-05-19	3:00 a	25.1	25.1	24.9	98	24.7	0.0	---	0.00	0.0	---	25.1	27.8	27.8	27.1	1006.8	0.00	0.0	0	0.00	0	0.0	0.00	0.0	0.000	0.280	26.5	91	24.9	30.2	21.04	1.1346	0.00	1199	8	100.0	60
23-05-19	4:00 a	25.3	25.3	25.1	98	24.9	0.0	---	0.00	0.0	---	25.3	28.3	28.3	27.6	1007.1	0.00	0.0	0	0.00	0	0.0	0.00	0.0	0.000	0.289	27.1	90	25.3	31.4	20.39	1.1320	0.00	1198	8	100.0	60
23-05-19	5:00 a	25.1	25.3	25.1	98	24.7	0.0	---	0.00	0.0	---	25.1	27.8	27.8	27.1	1007.6	0.00	0.0	0	0.00	0	0.0	0.00	0.0	0.000	0.280	26.4	91	24.9	30.1	21.04	1.1357	0.00	1197	8	100.0	60
23-05-19	6:00 a	25.3	25.4	25.1	98	25.0	0.0	---	0.00	0.0	---	25.3	28.4	28.4	27.8	1008.0	0.00	0.0	8	0.69	18	0.0	0.00	0.0	0.000	0.292	26.3	93	25.1	30.1	21.24	1.1361	0.00	1195	8	100.0	60
23-05-19	7:00 a	26.3	26.3	25.3	98	25.9	0.0	---	0.00	0.0	---	26.3	30.7	30.7	30.8	1008.5	0.00	0.0	25	2.15	32	0.0	0.00	0.0	0.000	0.331	27.3	94	26.2	32.6	21.37	1.1306	0.03	1196	8	100.0	60
23-05-19	8:00 a	28.3	28.3	26.3	94	27.3	0.0	NNE	0.00	0.9	NNE	28.3	36.0	36.0	39.3	1009.3	0.00	0.0	217	18.66	591	1.3	0.56	3.5	0.000	0.417	29.2	92	27.7	38.1	21.24	1.1208	0.15	1192	8	100.0	60
23-05-19	9:00 a	31.8	31.9	28.3	85	29.0	0.4	SSW	1.61	1.8	SSW	31.8	46.6	46.6	53.7	1009.4	0.00	0.0	709	60.98	807	5.2	2.23	6.9	0.000	0.563	30.7	84	27.7	40.7	17.16	1.1156	0.48	1190	8	100.0	60
23-05-19	10:00 a	32.4	32.9	31.6	77	27.9	0.4	SSW	1.61	1.8	SSW	32.4	44.8	44.8	51.9	1009.4	0.00	0.0	860	73.97	937	6.7	2.87	8.1	0.000	0.588	31.7	81	28.0	43.4	15.99	1.1111	0.58	1193	8	100.0	60
23-05-19	11:00 a	32.7	33.1	32.4	78	28.3	0.4	SE	1.61	2.7	SW	32.7	46.3	46.3	53.2	1008.7	0.00	0.0	963	82.83	1000	5.7	2.44	9.6	0.000	0.597	32.2	80	28.3	45.2	15.55	1.1075	0.66	1199	8	100.0	60
23-05-19	12:00 p	33.7	33.8	32.5	79	29.5	0.4	S	1.61	2.7	SSW	33.7	52.2	52.2	59.0	1008.0	0.00	0.0	624	53.67	1004	11.4	4.89	11.9	0.000	0.639	32.7	80	28.8	47.6	15.51	1.1036	0.43	1194	8	100.0	60
23-05-19	1:00 p	33.4	34.0	32.9	79	29.3	0.4	ESE	1.61	2.2	SSW	33.4	50.9	50.9	58.1	1007.5	0.00	0.0	738	63.48	1004	10.6	4.54	11.6	0.000	0.630	32.9	79	28.8	48.2	15.10	1.1022	0.51	1194	8	100.0	60
23-05-19	2:00 p	32.5	33.6	32.4	77	27.9	0.9	SE	3.22	3.1	ENE	32.5	45.1	45.1	51.9	1006.9	0.00	0.0	840	72.25	972	7.8	3.34	9.7	0.000	0.590	32.6	78	28.2	45.8	14.75	1.1044	0.56	1197	8	100.0	60
23-05-19	3:00 p	32.6	33.5	32.2	77	28.1	0.9	SE	3.22	3.6	SE	32.6	45.6	45.6	52.4	1006.3	0.00	0.0	641	55.13	809	4.8	2.06	5.9	0.000	0.595	31.9	80	28.1	44.1	15.57	1.1063	0.43	1196	8	100.0	60
23-05-19	4:00 p	31.3	32.8	31.3	83	28.1	0.9	SE	3.22	3.6	SE	31.3	42.7	42.7	48.8	1006.6	0.00	0.0	390	33.54	628	2.1	0.90	3.7	0.000	0.542	31.5	81	27.8	42.6	16.00	1.1089	0.28	1194	8	100.0	60
23-05-19	5:00 p	30.4	31.3	30.0	87	28.0	0.4	SE	1.61	2.7	SSE	30.4	41.0	41.0	42.8	1006.8	0.00	0.0	79	6.79	130	0.2	0.09	0.7	0.000	0.502	31.1	84	28.1	42.1	17.13	1.1099	0.05	1195	8	100.0	60
23-05-19	6:00 p	28.6	30.4	28.6	93	27.3	0.0	ESE	0.00	1.8	SSE	28.6	36.4	36.4	36.1	1008.0	0.76	4.6	11	0.95	51	0.0	0.00	0.0	0.000	0.426	30.7	85	27.9	41.1	17.52	1.1135	0.00	1193	8	100.0	60
23-05-19	7:00 p	27.8	28.5	27.8	97	27.3	0.0	ESE	0.00	0.9	SE	27.8	35.0	35.0	34.4	1008.1	1.02	5.3	0	0.00	0	0.0	0.00	0.0	0.000	0.396	29.9	88	27.7	39.2	18.80	1.1169	0.00	1195	8	100.0	60
23-05-19	8:00 p	27.8	27.8	27.6	98	27.4	0.0	ESE	0.00	0.4	ESE	27.8	35.0	35.0	34.4	1008.9	0.51	1.8	0	0.00	0	0.0	0.00	0.0	0.000	0.394	29.5	90	27.7	38.5	20.04	1.1193	0.00	1198	8	100.0	60
23-05-19	9:00 p	27.8	27.9	27.7	98	27.4	0.0	ESE	0.00	0.4	ESE	27.8	35.0	35.0	34.4	1009.2	0.00	0.0	0	0.00	0	0.0	0.00	0.0	0.000	0.394	29.3	91	27.7	38.3	20.67	1.1202	0.00	1195	8	100.0	60
23-05-19	10:00 p	27.6	27.8	27.4	98	27.2	0.0	E	0.00	0.9	E	27.6	34.3	34.3	33.7	1009.0	0.00	0.0	0	0.00	0	0.0	0.00	0.0	0.000	0.384	29.1	91	27.5	37.6	20.70	1.1213	0.00	1198	8	100.0	60
23-05-19	11:00 p	27.6	27.7	27.4	98	27.2	0.0	ESE	0.00	0.9	E	27.6	34.3	34.3	33.7	1009.0	0.00	0.0	0	0.00	0	0.0	0.00	0.0	0.000	0.384	28.9	91	27.3	36.9	20.73	1.1227	0.00	1197	8	100.0	60
23-05-20	12:00 a	27.1	27.6	27.1	98	26.7	0.0	ESE	0.00	0.9	ESE	27.1	32.7	32.7	32.1	1009.0	0.00	0.0	0	0.00	0	0.0	0.00	0.0	0.000	0.363	28.6	91	26.9	35.9	20.78	1.1247	0.00	1197	8	100.0	60
23-05-20	1:00 a	27.1	27.2	26.9	98	26.7	0.0	ENE	0.00	0.9	E	27.1	32.7	32.7	32.1	1007.8	0.00	0.0	0	0.00	0	0.0	0.00	0.0	0.000	0.363	28.4	91	26.8	35.5	20.79	1.1240	0.00	1197	8	100.0	60
23-05-20	2:00 a	26.8	27.1	26.8	98	26.5	0.0	ENE	0.00	0.4	ENE	26.8	32.1	32.1	31.5	1006.9	0.00	0.0	0	0.00	0	0.0	0.00	0.0	0.000	0.354	28.3	91	26.7	35.0	20.82	1.1239	0.00	1199	8	100.0	60
23-05-20	3:00 a	26.7	26.9	26.7	98	26.3	0.0	ENE	0.00	0.4	ENE	26.7	31.7	31.7	31.1	1006.6	0.00	0.0	0	0.00	0	0.0	0.00	0.0	0.000	0.347	28.1	92	26.6	34.6	21.20	1.1246	0.00	1199	8	100.0	60
23-05-20	4:00 a	26.5	26.7	26.4	98	26.2	0.0	ENE	0.00	0.4	ENE	26.5	31.2	31.2	30.6	1006.6	1.02	13.5	0	0.00	0	0.0	0.00	0.0	0.000	0.340	27.9	92	26.5	34.1	21.19	1.1255	0.00	1198	8	100.0	60
23-05-20	5:00 a	26.3	26.6	26.3	98	26.0	0.0	ENE	0.00	0.4	ENE	26.3	30.8	30.8	30.1	1006.7	0.00	0.0	0	0.00	0	0.0	0.00	0.0	0.000	0.333	27.7	92	26.3	33.6	21.19	1.1266	0.00	1198	8	100.0	60
23-05-20	6:00 a	26.4	26.4	26.3	98	26.0	0.0	ENE	0.00	0.4	ENE	26.4	30.9	30.9	30.4	1007.4	0.00	0.0	12	1.03	39	0.0	0.00	0.0	0.000	0.336	27.6	92	26.1	33.1	21.18	1.1285	0.00	1197	8	100.0	60
23-05-20	7:00 a	27.1	27.2	26.3	98	26.8	0.0	SW	0.00	0.4	SW	27.1	32.9	32.9	34.6	1007.7	0.00	0.0	91	7.83	149	0.4	0.17	1.1	0.000	0.366	27.9	93	26.7	34.5	21.30	1.1261	0.05	1198	8	100.0	60
23-05-20	8:00 a	28.4	28.5	27.2	97	27.9	0.0	SW	0.00	0.9	SW	28.4	36.9	36.9	40.3	1007.7	0.00	0.0	222	19.09	327	1.7	0.73	2.2	0.000	0.419	29.2	93	27.9	38.4	21.34	1.1186	0.15	1197	8	100.0	60
23-05-20	9:00 a	29.1	29.4	28.4	97	28.6	0.0	WSW	0.00	1.3	SW	29.1	39.5	39.5	43.2	1008.0	0.00	0.0	284	24.43	353	2.7	1.16	3.6	0.000	0.449	29.6	91	27.9	39.1	20.65	1.1174	0.18	1196	8	100.0	60
23-05-20	10:00 a	29.8	29.8	29.1	93	28.5	0.0	SSE	0.00	0.9	SW	29.8	40.7	40.7	44.4	1008.8	0.00	0.0	304	26.15	362	3.6	1.54	4.4	0.000	0.477	29.9	90	28.1	39.9	20.00	1.1168	0.20	1191	8	100.0	60
23-05-20	11:00 a	29.9	30.6	29.4	90	28.1	0.4	SSE	1.61	1.8	WNW	29.9	39.9	39.9	44.3	1009.0	0.00	0.0	358	30.79	413	4.5	1.93	4.9	0.000	0.481	30.1	87	27.7	39.7	18.38	1.1171	0.23	1198	8	100.0	60
23-05-20	12:00 p	29.9	30.4	29.6	91	28.3	0.4	SSW	1.61	1.3	SW	29.9	40.3	40.3	44.5	1008.9	0.00	0.0	336	28.90	401	4.5	1.93	5.3	0.000	0.481	30.3	86	27.7	40.1	17.96	1.1165	0.23	1197	8	100.0	60
23-05-20	1:00 p	29.7	30.1	29.5	90	27.9	0.0	SSW	0.00	1.8	WSW	29.7	39.3	39.3	42.8	1008.1	0.00	0.0	285	24.51	355	3.8	1.63	4.9	0.000	0.475	30.3	86	27.7	40.3	17.95	1.1152	0.18	1194	8	100.0	60
23-05-20	2:00 p	28.8	29.8	28.8	92	27.3	0.4	SW	1.61	3.1	WSW	28.8	36.9	36.9	38.3	1007.5	0.00	0.0	125	10.75	234	1.6	0.69	3.0	0.000	0.435	29.9	87	27.5	38.8	18.40	1.1167	0.08	1195	8	100.0	60
23-05-20	3:00 p	28.8	29.3	28.7	93	27.6	0.4	SSW	1.61	2.2	SSW	28.8	37.3	37.3	39.4	1006.8	0.00	0.0	150	12.90	188	1.5	0.64	2.1	0.000	0.438	29.8	87	27.4	38.5	18.41	1.1166	0.10	1194	8	100.0	60
23-05-20	4:00 p	28.7	28.9	28.4	91	27.1	0.4	SSW	1.61	1.8	S	28.7	36.2	36.2	37.7	1006.7	0.00	0.0	87	7.48	120	0.6	0.26	1.1	0.000	0.431	29.4	87	27.1	37.4	18.45	1.1185	0.05	1195	8	100.0	60
23-05-20	5:00 p	28.1	28.7	28.1	95	27.2	0.0	SW	0.00	0.9	SW	28.1	35.5	35.5	37.0	1006.9	0.00	0.0	66	5.68	98	0.2	0.09	0.5	0.000	0.407	29.4	87	27.0	37.3	18.46	1.1190	0.05	1191	8	100.0	60
23-05-20	6:00 p	27.3	28.1	27.3	96	26.6	0.0	SW	0.00	0.4	SW	27.3	33.0	33.0	32.6	1007.8	0.00	0.0	11	0.95	35	0.0	0.00	0.0	0.000	0.373	29.1	89	27.1	36.9	19.52	1.1212	0.00	1190	8	100.0	60
23-05-20	7:00 p	26.7	27.3	26.7	97	26.2	0.0	SW	0.00	0.4	SW	26.7	31.7	31.7	31.1	1008.8	0.00	0.0	0	0.00	0	0.0	0.00	0.0	0.000	0.350	28.6	89	26.6	35.4	19.61	1.1254	0.00	1196	8	100.0	60
23-05-20	8:00 p	26.7	26.7	26.5	98	26.3	0.0	SW	0.00	0.4	SW	26.7	31.7	31.7	31.1	1009.6	0.00	0.0	0	0.00	0	0.0	0.00	0.0	0.000	0.347	28.2	90	26.4	34.4	20.23	1.1282	0.00	1195	8	100.0	60
23-05-20	9:00 p	26.8	26.9	26.6	98	26.5	0.0	SW	0.00	0.4	SW	26.8	32.1	32.1	31.5	1009.5	0.00	0.0	0	0.00	0	0.0	0.00	0.0	0.000	0.354	28.2	91	26.6	34.7	20.83	1.1277	0.00	1199	8	100.0	60
23-05-20	10:00 p	26.9	26.9	26.8	98	26.6	0.0	SW	0.00	0.9	SW	26.9	32.4	32.4	31.8	1009.8	0.00	0.0	0	0.00	0	0.0	0.00	0.0	0.000	0.359	28.1	91	26.5	34.6	20.84	1.1284	0.00	1196	8	100.0	60
23-05-20	11:00 p	27.1	27.1	26.9	98	26.8	0.0	S	0.00	1.3	SSE	27.1	32.9	32.9	32.3	1009.9	0.00	0.0	0	0.00	0	0.0	0.00	0.0	0.000	0.366	28.1	92	26.7	34.8	21.20	1.1280	0.00	1196	8	100.0	60
23-05-21	12:00 a	27.2	27.2	27.1	98	26.9	0.0	NE	0.00	1.8	ESE	27.2	33.2	33.2	32.7	1009.6	0.00	0.0	0	0.00	0	0.0	0.00	0.0	0.000	0.370	28.1	92	26.7	34.8	21.20	1.1276	0.00	1197	8	100.0	60
23-05-21	1:00 a	27.1	27.3	27.1	98	26.7	0.4	NNE	1.61	1.8	NNE	27.1	32.7	32.7	32.2	1008.8	3.05	19.6	0	0.00	0	0.0	0.00	0.0	0.000	0.363	27.9	93	26.7	34.3	21.29	1.1276	0.00	1191	8	100.0	60
23-05-21	2:00 a	26.9	27.1	26.8	98	26.5	0.0	NNE	0.00	1.8	ENE	26.9	32.3	32.3	31.7	1008.2	0.25	0.0	0	0.00	0	0.0	0.00	0.0	0.000	0.356	27.8	93	26.5	34.0	21.29	1.1276	0.00	1198	8	100.0	60
23-05-21	3:00 a	26.4	26.9	26.4	97	25.9	0.0	NNE	0.00	1.3	ENE	26.4	30.8	30.8	30.2	1008.1	12.19	79.0	0	0.00	0	0.0	0.00	0.0	0.000	0.336	27.6	92	26.1	33.1	21.18	1.1293	0.00	1193	8	100.0	60
23-05-21	4:00 a	25.5	26.4	25.5	97	25.0	0.4	E	1.61	1.3	SE	25.5	28.7	28.7	28.0	1007.8	2.79	21.1	0	0.00	0	0.0	0.00	0.0	0.000	0.299	27.1	90	25.3	31.4	20.39	1.1328	0.00	1194	8	100.0	60
23-05-21	5:00 a	25.3	25.5	25.3	98	25.0	0.0	NE	0.00	0.4	NE	25.3	28.4	28.4	27.8	1007.7	0.00	0.0	0	0.00	0	0.0	0.00	0.0	0.000	0.292	26.8	91	25.2	31.0	21.03	1.1336	0.00	1193	8	100.0	60
23-05-21	6:00 a	25.2	25.4	25.2	98	24.8	0.4	NE	1.61	1.8	ESE	25.2	28.1	28.1	27.5	1008.5	0.51	2.0	11	0.95	26	0.0	0.00	0.0	0.000	0.285	26.7	91	25.1	30.7	21.04	1.1352	0.00	1197	8	100.0	60
23-05-21	7:00 a	25.7	25.7	25.2	99	25.6	0.0	ENE	0.00	0.9	ENE	25.7	29.4	29.4	29.9	1008.4	0.00	0.0	40	3.44	70	0.0	0.00	0.0	0.000	0.308	26.8	92	25.4	31.0	21.15	1.1344	0.03	1196	8	100.0	60
23-05-21	8:00 a	26.8	26.8	25.7	99	26.6	0.0	ENE	0.00	0.9	ENE	26.8	32.2	32.2	33.6	1010.0	0.00	0.0	101	8.69	132	0.7	0.30	1.2	0.000	0.352	27.1	93	25.9	32.0	21.27	1.1337	0.05	1199	8	100.0	60
23-05-21	9:00 a	26.4	26.8	26.4	97	25.9	0.4	ENE	1.61	2.7	S	26.4	30.9	30.9	31.5	1010.7	5.33	38.6	65	5.59	107	0.5	0.21	1.3	0.000	0.338	27.2	92	25.8	32.0	21.17	1.1347	0.05	1192	8	100.0	60
23-05-21	10:00 a	26.6	26.7	26.3	97	26.1	0.4	ESE	1.61	2.2	SE	26.6	31.4	31.4	32.7	1010.0	1.02	9.7	127	10.92	162	1.6	0.69	2.0	0.000	0.345	27.3	93	26.0	32.4	21.27	1.1328	0.08	1195	8	100.0	60
23-05-21	11:00 a	27.3	27.3	26.6	98	26.9	0.0	ESE	0.00	0.4	ESE	27.3	33.4	33.4	35.4	1009.7	0.25	1.3	178	15.31	258	2.3	0.99	3.3	0.000	0.373	27.6	94	26.6	33.7	21.38	1.1299	0.10	1198	8	100.0	60
23-05-21	12:00 p	28.8	28.8	27.2	96	28.1	0.0	ESE	0.00	0.9	ESE	28.8	38.0	38.0	41.7	1009.1	0.00	0.0	294	25.29	438	3.8	1.63	5.5	0.000	0.435	28.2	93	27.0	35.4	21.31	1.1260	0.18	1195	8	100.0	60
23-05-21	1:00 p	28.9	29.3	28.7	88	26.8	0.4	SSE	1.61	3.1	N	28.9	36.4	36.4	42.2	1008.4	0.00	0.0	522	44.90	621	6.2	2.66	6.8	0.000	0.442	28.8	90	27.0	36.5	20.14	1.1228	0.36	1195	8	100.0	60
23-05-21	2:00 p	29.9	30.1	28.8	85	27.1	0.4	SSE	1.61	2.7	ESE	29.9	38.3	38.3	43.9	1007.5	0.00	0.0	484	41.63	693	5.2	2.23	6.0	0.000	0.484	29.6	89	27.5	38.4	19.43	1.1178	0.33	1196	8	100.0	60
23-05-21	3:00 p	28.2	29.9	28.1	90	26.4	0.4	S	1.61	2.7	SSE	28.2	34.4	34.4	37.2	1007.3	0.00	0.0	194	16.69	359	2.0	0.86	3.8	0.000	0.410	29.0	88	26.8	36.6	18.93	1.1214	0.13	1195	8	100.0	60
23-05-21	4:00 p	27.0	28.3	27.0	93	25.8	0.0	W	0.00	1.3	ENE	27.0	31.7	31.7	33.2	1007.8	0.25	0.0	89	7.65	134	0.6	0.26	1.2	0.000	0.361	28.4	89	26.5	35.1	19.63	1.1248	0.05	1197	8	100.0	60
23-05-21	5:00 p	26.2	26.9	26.2	98	25.9	0.0	W	0.00	0.4	W	26.2	30.5	30.5	31.3	1008.0	0.76	3.8	40	3.44	60	0.0	0.00	0.0	0.000	0.329	27.8	90	26.0	33.6	20.28	1.1284	0.03	1195	8	100.0	60
23-05-21	6:00 p	25.9	26.3	25.9	98	25.6	0.0	W	0.00	0.4	W	25.9	29.8	29.8	29.3	1008.5	0.00	0.0	6	0.52	26	0.0	0.00	0.0	0.000	0.317	27.6	91	26.0	32.9	20.92	1.1302	0.00	1193	8	100.0	60
23-05-21	7:00 p	25.9	26.0	25.9	99	25.8	0.0	W	0.00	0.4	W	25.9	29.9	29.9	29.4	1009.0	0.00	0.0	0	0.00	0	0.0	0.00	0.0	0.000	0.317	27.2	92	25.8	32.1	21.17	1.1324	0.00	1194	8	100.0	60
23-05-21	8:00 p	26.0	26.1	25.9	99	25.8	0.0	W	0.00	0.4	W	26.0	30.1	30.1	29.5	1009.9	0.25	0.0	0	0.00	0	0.0	0.00	0.0	0.000	0.319	27.2	93	25.9	32.1	21.27	1.1333	0.00	1196	8	100.0	60
23-05-21	9:00 p	26.1	26.1	26.0	99	25.9	0.0	ENE	0.00	0.9	W	26.1	30.2	30.2	29.7	1010.4	0.00	0.0	0	0.00	0	0.0	0.00	0.0	0.000	0.322	27.1	93	25.8	31.8	21.26	1.1346	0.00	1195	8	100.0	60
23-05-21	10:00 p	25.5	26.1	25.4	98	25.2	0.4	NE	1.61	4.5	ENE	25.5	28.8	28.8	28.2	1010.2	46.74	140.7	0	0.00	0	0.0	0.00	0.0	0.000	0.299	26.7	92	25.3	30.7	21.15	1.1370	0.00	1190	8	100.0	60
23-05-21	11:00 p	25.4	25.5	25.4	98	25.1	0.0	WSW	0.00	0.9	WSW	25.4	28.7	28.7	28.1	1010.5	5.84	20.6	0	0.00	0	0.0	0.00	0.0	0.000	0.296	26.6	93	25.4	30.8	21.25	1.1373	0.00	1196	8	100.0	60
23-05-22	12:00 a	25.3	25.4	25.3	99	25.1	0.0	WSW	0.00	0.9	WSW	25.3	28.4	28.4	27.8	1010.0	12.70	47.8	0	0.00	0	0.0	0.00	0.0	0.000	0.289	26.4	93	25.2	30.4	21.24	1.1377	0.00	1196	8	100.0	60
23-05-22	1:00 a	24.8	25.3	24.8	98	24.4	0.0	SE	0.00	2.2	SE	24.8	27.3	27.3	26.7	1009.2	10.92	39.1	0	0.00	0	0.0	0.00	0.0	0.000	0.269	26.1	92	24.7	29.5	21.13	1.1392	0.00	1195	8	100.0	60
23-05-22	2:00 a	24.7	24.8	24.7	99	24.5	0.0	SE	0.00	0.4	SE	24.7	27.2	27.2	26.6	1008.7	2.29	5.1	0	0.00	0	0.0	0.00	0.0	0.000	0.264	25.9	93	24.7	29.3	21.22	1.1392	0.00	1194	8	100.0	60
23-05-22	3:00 a	24.7	24.7	24.7	99	24.5	0.0	SE	0.00	0.4	SE	24.7	27.2	27.2	26.6	1008.1	0.00	0.0	0	0.00	0	0.0	0.00	0.0	0.000	0.264	25.9	93	24.7	29.2	21.22	1.1389	0.00	1197	8	100.0	60
23-05-22	4:00 a	24.8	24.8	24.7	99	24.6	0.0	NNE	0.00	1.3	NNE	24.8	27.4	27.4	26.8	1007.8	0.76	2.0	0	0.00	0	0.0	0.00	0.0	0.000	0.269	25.9	93	24.7	29.2	21.22	1.1385	0.00	1196	8	100.0	60
23-05-22	5:00 a	24.8	24.8	24.7	99	24.7	0.0	NNW	0.00	0.9	NNW	24.8	27.5	27.5	26.9	1007.9	0.25	0.0	0	0.00	0	0.0	0.00	0.0	0.000	0.271	25.8	93	24.6	29.1	21.22	1.1389	0.00	1197	8	100.0	60
23-05-22	6:00 a	24.8	24.8	24.7	99	24.6	0.0	---	0.00	0.0	---	24.8	27.4	27.4	26.9	1007.8	0.25	0.0	13	1.12	39	0.0	0.00	0.0	0.000	0.269	25.8	94	24.7	29.0	21.35	1.1388	0.00	1196	8	100.0	60
23-05-22	7:00 a	25.8	25.8	24.8	99	25.7	0.0	---	0.00	0.0	---	25.8	29.7	29.7	31.2	1008.8	0.00	0.0	83	7.14	142	0.2	0.09	0.8	0.000	0.313	26.1	95	25.2	29.8	21.65	1.1380	0.05	1199	8	100.0	60
23-05-22	8:00 a	27.7	27.7	25.8	96	27.0	0.0	N	0.00	0.9	N	27.7	34.2	34.2	37.9	1009.7	0.00	0.0	243	20.90	462	1.6	0.69	2.6	0.000	0.389	27.1	94	26.0	32.0	21.36	1.1333	0.15	1194	8	100.0	60
23-05-22	9:00 a	27.8	27.8	27.3	97	27.3	0.0	N	0.00	0.4	N	27.8	35.0	35.0	37.7	1010.2	0.00	0.0	210	18.06	302	1.9	0.81	2.8	0.000	0.396	27.6	94	26.6	33.7	21.38	1.1306	0.13	1194	8	100.0	60
23-05-22	10:00 a	28.6	29.2	27.7	92	27.2	0.4	WSW	1.61	0.9	N	28.6	36.3	36.3	40.4	1010.2	0.00	0.0	343	29.50	471	4.1	1.76	5.3	0.000	0.428	28.4	93	27.1	35.9	21.31	1.1262	0.23	1193	8	100.0	60
23-05-22	11:00 a	30.8	30.9	28.7	78	26.5	0.4	NNE	1.61	2.2	ENE	30.8	39.0	39.0	45.2	1009.6	0.00	0.0	571	49.11	921	6.4	2.74	9.2	0.000	0.521	29.2	88	27.0	37.0	18.90	1.1230	0.38	1190	8	100.0	60
23-05-22	12:00 p	28.7	31.3	28.7	88	26.5	0.4	SSW	1.61	2.2	SSW	28.7	35.6	35.6	41.4	1009.7	0.00	0.0	519	44.64	988	6.8	2.91	10.6	0.000	0.431	29.8	88	27.6	38.8	18.81	1.1195	0.38	1196	8	100.0	60
23-05-22	1:00 p	28.8	28.8	27.6	87	26.4	0.4	N	1.61	1.3	W	28.8	35.7	35.7	39.6	1008.7	0.51	2.3	326	28.04	649	4.6	1.97	6.9	0.000	0.435	28.9	91	27.3	37.1	20.72	1.1219	0.20	1198	8	100.0	60
23-05-22	2:00 p	28.3	29.2	28.2	89	26.3	0.0	ESE	0.00	1.3	NE	28.3	34.7	34.7	39.1	1008.3	0.00	0.0	354	30.45	763	4.7	2.01	7.8	0.000	0.417	28.9	89	26.9	36.4	19.55	1.1228	0.25	1195	8	100.0	60
23-05-22	3:00 p	28.2	29.6	28.2	93	26.9	0.0	ESE	0.00	1.3	NE	28.2	35.2	35.2	40.1	1008.4	0.00	0.0	345	29.67	455	3.3	1.41	4.1	0.000	0.410	29.1	90	27.3	37.3	20.10	1.1211	0.23	1196	8	100.0	60
23-05-22	4:00 p	25.3	28.2	25.3	97	24.8	0.9	S	3.22	4.9	SSE	25.3	28.3	28.3	28.7	1009.3	25.65	103.1	37	3.18	162	0.1	0.04	1.7	0.000	0.292	27.7	90	25.9	33.1	20.31	1.1309	0.03	1197	8	100.0	60
23-05-22	5:00 p	25.1	25.3	24.9	98	24.8	0.4	ESE	1.61	3.6	E	25.1	27.9	27.9	27.9	1009.4	21.34	70.1	14	1.20	19	0.0	0.00	0.0	0.000	0.282	27.1	90	25.3	31.4	20.39	1.1346	0.00	1199	8	100.0	60
23-05-22	6:00 p	25.2	25.3	25.1	98	24.9	0.0	E	0.00	0.9	NE	25.2	28.2	28.2	27.7	1009.8	2.03	6.6	1	0.09	7	0.0	0.00	0.0	0.000	0.287	26.9	91	25.3	31.3	21.01	1.1353	0.00	1198	8	100.0	60
23-05-22	7:00 p	25.2	25.3	25.2	99	25.0	0.0	NE	0.00	0.4	NE	25.2	28.2	28.2	27.6	1010.3	2.03	2.8	0	0.00	0	0.0	0.00	0.0	0.000	0.285	26.8	91	25.2	31.0	21.03	1.1366	0.00	1198	8	100.0	60
23-05-22	8:00 p	25.0	25.2	25.0	99	24.8	0.0	NE	0.00	0.9	NE	25.0	27.8	27.8	27.2	1011.1	1.27	2.0	0	0.00	0	0.0	0.00	0.0	0.000	0.278	26.6	91	25.0	30.3	21.05	1.1392	0.00	1195	8	100.0	60
23-05-22	9:00 p	24.9	25.1	24.9	99	24.8	0.0	NE	0.00	1.3	N	24.9	27.7	27.7	27.1	1011.5	3.81	46.2	0	0.00	0	0.0	0.00	0.0	0.000	0.275	26.3	92	24.9	30.0	21.14	1.1406	0.00	1198	8	100.0	60
23-05-22	10:00 p	24.9	25.0	24.9	99	24.8	0.0	NNW	0.00	0.9	NNW	24.9	27.7	27.7	27.1	1011.3	0.76	6.9	0	0.00	0	0.0	0.00	0.0	0.000	0.275	26.3	92	24.9	29.9	21.14	1.1407	0.00	1197	8	100.0	60
23-05-22	11:00 p	24.8	25.0	24.8	99	24.6	0.0	NNW	0.00	0.9	NNW	24.8	27.4	27.4	26.8	1010.3	0.00	0.0	0	0.00	0	0.0	0.00	0.0	0.000	0.269	26.2	92	24.8	29.7	21.13	1.1402	0.00	1199	8	100.0	60
23-05-23	12:00 a	24.8	24.8	24.7	99	24.6	0.4	NNE	1.61	2.2	NNW	24.8	27.4	27.4	26.8	1008.9	0.00	0.0	0	0.00	0	0.0	0.00	0.0	0.000	0.269	26.1	92	24.7	29.4	21.13	1.1392	0.00	1199	8	100.0	60
23-05-23	1:00 a	24.6	24.8	24.6	99	24.4	0.0	E	0.00	1.3	NNE	24.6	27.1	27.1	26.5	1007.4	0.00	0.0	0	0.00	0	0.0	0.00	0.0	0.000	0.262	25.8	93	24.6	28.9	21.22	1.1387	0.00	1195	8	100.0	60
23-05-23	2:00 a	24.3	24.6	24.3	99	24.1	0.0	E	0.00	0.4	E	24.3	26.6	26.6	25.9	1006.4	0.00	0.0	0	0.00	0	0.0	0.00	0.0	0.000	0.248	25.6	92	24.2	28.3	21.11	1.1393	0.00	1200	8	100.0	60
23-05-23	3:00 a	23.9	24.3	23.9	99	23.7	0.0	E	0.00	0.9	E	23.9	26.0	26.0	25.3	1006.7	0.00	0.0	0	0.00	0	0.0	0.00	0.0	0.000	0.231	25.6	91	24.0	28.4	21.01	1.1396	0.00	1197	8	100.0	60
23-05-23	4:00 a	23.7	23.9	23.7	99	23.6	0.0	E	0.00	0.4	E	23.7	25.8	25.8	25.1	1007.6	0.00	0.0	0	0.00	0	0.0	0.00	0.0	0.000	0.225	25.6	91	24.0	28.3	21.01	1.1410	0.00	1198	8	100.0	60
23-05-23	5:00 a	23.9	24.0	23.7	99	23.8	0.0	---	0.00	0.0	---	23.9	26.1	26.1	25.4	1008.4	0.00	0.0	0	0.00	0	0.0	0.00	0.0	0.000	0.234	25.7	91	24.1	28.6	21.02	1.1410	0.00	1194	8	100.0	60
23-05-23	6:00 a	24.3	24.3	23.9	99	24.1	0.0	---	0.00	0.0	---	24.3	26.6	26.6	26.1	1009.5	0.00	0.0	12	1.03	28	0.0	0.00	0.0	0.000	0.248	25.3	93	24.1	27.9	21.20	1.1441	0.00	1198	8	100.0	60
23-05-23	7:00 a	25.6	25.6	24.2	99	25.4	0.4	NE	1.61	1.3	W	25.6	29.1	29.1	30.0	1009.9	0.00	0.0	57	4.90	113	0.2	0.09	0.8	0.000	0.303	25.7	95	24.8	28.8	21.65	1.1415	0.03	1197	8	100.0	60
23-05-23	8:00 a	27.2	27.2	25.6	95	26.3	0.4	NNE	1.61	2.2	NNW	27.2	32.4	32.4	35.0	1009.9	0.00	0.0	173	14.88	322	1.3	0.56	2.0	0.000	0.368	26.6	93	25.3	30.6	21.25	1.1370	0.10	1196	8	100.0	60
23-05-23	9:00 a	29.3	29.6	27.2	90	27.5	0.9	N	3.22	4.0	NW	29.3	37.9	37.9	43.8	1010.3	0.00	0.0	493	42.40	831	3.8	1.63	6.1	0.000	0.458	27.9	91	26.3	34.1	20.87	1.1299	0.33	1197	8	100.0	60
23-05-23	10:00 a	31.1	31.1	29.1	78	26.8	0.9	SSW	3.22	4.0	N	31.1	39.6	39.6	46.6	1010.2	0.00	0.0	853	73.37	1028	5.6	2.40	7.1	0.000	0.532	29.4	84	26.5	36.7	17.25	1.1240	0.56	1195	8	100.0	60
23-05-23	11:00 a	31.6	32.1	30.4	81	27.9	0.4	SSW	1.61	3.1	SW	31.6	43.1	43.1	49.2	1009.8	0.00	0.0	1023	87.99	1069	6.7	2.87	11.7	0.000	0.553	30.4	81	26.8	38.9	16.08	1.1189	0.69	1197	8	100.0	60
23-05-23	12:00 p	30.4	32.3	30.4	81	26.8	0.9	SSW	3.22	4.0	WNW	30.4	38.9	38.9	46.2	1009.8	0.00	0.0	761	65.45	1093	11.7	5.01	13.3	0.000	0.505	30.8	82	27.3	40.3	16.45	1.1164	0.51	1195	8	100.0	60
23-05-23	1:00 p	29.2	30.6	29.0	85	26.4	0.4	SW	1.61	3.6	WSW	29.2	36.3	36.3	41.4	1009.1	0.00	0.0	444	38.19	650	6.5	2.79	11.9	0.000	0.451	30.0	81	26.4	37.4	16.11	1.1208	0.30	1193	8	100.0	60
23-05-23	2:00 p	29.1	30.7	29.1	84	26.1	0.9	SW	3.22	3.1	SSW	29.1	35.9	35.9	41.4	1008.4	0.00	0.0	467	40.17	1053	6.2	2.66	8.9	0.000	0.449	29.8	82	26.4	37.1	16.53	1.1208	0.36	1196	8	100.0	60
23-05-23	3:00 p	28.9	29.7	28.9	88	26.7	0.4	W	1.61	2.7	W	28.9	36.2	36.2	41.2	1007.7	0.00	0.0	357	30.71	587	3.6	1.54	5.2	0.000	0.440	29.4	84	26.4	36.6	17.25	1.1214	0.25	1195	8	100.0	60
23-05-23	4:00 p	29.1	29.7	28.6	83	25.9	0.0	SW	0.00	2.2	SSW	29.1	35.7	35.7	40.7	1008.0	0.00	0.0	285	24.51	533	1.8	0.77	2.4	0.000	0.449	29.2	83	26.0	35.8	16.87	1.1235	0.20	1198	8	100.0	60
23-05-23	5:00 p	26.9	29.1	26.9	95	26.1	0.0	W	0.00	1.3	W	26.9	31.9	31.9	33.4	1008.3	0.00	0.0	72	6.19	186	0.3	0.13	0.9	0.000	0.359	28.8	86	26.2	35.5	18.12	1.1248	0.05	1197	8	100.0	60
23-05-23	6:00 p	26.1	26.9	26.1	95	25.2	0.0	SSW	0.00	0.4	SSW	26.1	29.8	29.8	29.3	1008.7	0.00	0.0	11	0.95	25	0.0	0.00	0.0	0.000	0.322	28.1	87	25.7	33.7	18.59	1.1288	0.00	1197	8	100.0	60
23-05-23	7:00 p	25.7	26.1	25.7	97	25.2	0.0	---	0.00	0.0	---	25.7	29.2	29.2	28.5	1009.5	0.00	0.0	0	0.00	0	0.0	0.00	0.0	0.000	0.308	27.4	89	25.5	32.3	19.81	1.1329	0.00	1193	8	100.0	60
23-05-23	8:00 p	25.5	25.8	25.4	98	25.2	0.0	---	0.00	0.0	---	25.5	28.8	28.8	28.1	1009.5	0.00	0.0	0	0.00	0	0.0	0.00	0.0	0.000	0.299	27.2	90	25.4	31.7	20.38	1.1341	0.00	1199	8	100.0	60
23-05-23	9:00 p	25.3	25.5	25.3	98	24.9	0.0	---	0.00	0.0	---	25.3	28.3	28.3	27.6	1009.9	0.00	0.0	0	0.00	0	0.0	0.00	0.0	0.000	0.289	26.9	91	25.3	31.1	21.02	1.1358	0.00	1197	8	100.0	60
23-05-23	10:00 p	25.1	25.3	25.1	98	24.8	0.0	---	0.00	0.0	---	25.1	27.9	27.9	27.2	1009.5	0.00	0.0	0	0.00	0	0.0	0.00	0.0	0.000	0.282	26.7	91	25.1	30.6	21.05	1.1367	0.00	1198	8	100.0	60
23-05-23	11:00 p	25.1	25.1	25.0	98	24.7	0.0	SSW	0.00	0.4	SSW	25.1	27.8	27.8	27.1	1009.2	0.00	0.0	0	0.00	0	0.0	0.00	0.0	0.000	0.280	26.4	92	25.0	30.2	21.14	1.1372	0.00	1197	8	100.0	60
23-05-24	12:00 a	25.1	25.1	25.1	98	24.7	0.0	---	0.00	0.0	---	25.1	27.8	27.8	27.1	1008.8	0.00	0.0	0	0.00	0	0.0	0.00	0.0	0.000	0.280	26.3	92	24.9	30.0	21.14	1.1375	0.00	1199	8	100.0	60
23-05-24	1:00 a	25.0	25.1	25.0	98	24.7	0.0	---	0.00	0.0	---	25.0	27.7	27.7	27.0	1008.2	0.00	0.0	0	0.00	0	0.0	0.00	0.0	0.000	0.278	26.2	92	24.8	29.7	21.13	1.1377	0.00	1195	8	100.0	60
23-05-24	2:00 a	24.9	25.0	24.9	98	24.6	0.0	---	0.00	0.0	---	24.9	27.6	27.6	26.9	1007.6	0.00	0.0	0	0.00	0	0.0	0.00	0.0	0.000	0.275	26.1	93	24.9	29.7	21.23	1.1369	0.00	1199	8	100.0	60
23-05-24	3:00 a	24.9	25.0	24.8	98	24.6	0.0	---	0.00	0.0	---	24.9	27.6	27.6	26.8	1007.2	0.00	0.0	0	0.00	0	0.0	0.00	0.0	0.000	0.273	25.9	92	24.5	29.2	21.12	1.1379	0.00	1199	8	100.0	60
23-05-24	4:00 a	24.8	24.9	24.7	98	24.5	0.0	---	0.00	0.0	---	24.8	27.4	27.4	26.7	1006.9	0.00	0.0	0	0.00	0	0.0	0.00	0.0	0.000	0.271	25.9	93	24.7	29.2	21.22	1.1375	0.00	1198	8	100.0	60
23-05-24	5:00 a	24.8	24.9	24.8	98	24.5	0.0	---	0.00	0.0	---	24.8	27.4	27.4	26.7	1007.5	0.00	0.0	0	0.00	0	0.0	0.00	0.0	0.000	0.271	25.9	93	24.7	29.2	21.22	1.1381	0.00	1199	8	100.0	60
23-05-24	6:00 a	25.1	25.1	24.8	99	24.9	0.0	---	0.00	0.0	---	25.1	27.9	27.9	27.4	1007.7	0.00	0.0	17	1.46	49	0.0	0.00	0.0	0.000	0.280	25.8	94	24.8	29.1	21.35	1.1383	0.00	1198	8	100.0	60
23-05-24	7:00 a	26.4	26.4	25.0	98	26.0	0.0	WNW	0.00	0.4	WNW	26.4	30.9	30.9	33.1	1008.4	0.00	0.0	110	9.46	158	0.4	0.17	1.0	0.000	0.336	26.8	95	26.0	31.6	21.65	1.1328	0.08	1198	8	100.0	60
23-05-24	8:00 a	27.4	27.4	26.4	96	26.7	0.0	WNW	0.00	0.9	WNW	27.4	33.3	33.3	36.0	1009.1	0.00	0.0	176	15.14	548	1.6	0.69	2.8	0.000	0.377	28.0	93	26.8	34.7	21.30	1.1273	0.13	1198	8	100.0	60
23-05-24	9:00 a	30.4	30.4	27.3	83	27.2	0.4	SSW	1.61	1.8	S	30.4	39.6	39.6	46.4	1009.0	0.00	0.0	624	53.67	932	4.7	2.01	7.2	0.000	0.505	29.0	87	26.6	36.3	18.50	1.1238	0.38	1191	8	100.0	60
23-05-24	10:00 a	30.8	30.8	29.3	86	28.2	0.4	WSW	1.61	2.2	WSW	30.8	42.0	42.0	48.4	1009.1	0.00	0.0	591	50.83	1027	5.5	2.36	7.6	0.000	0.519	29.7	84	26.7	37.3	17.23	1.1213	0.43	1196	8	100.0	60
23-05-24	11:00 a	29.8	31.6	29.4	86	27.2	0.4	SSW	1.61	2.2	S	29.8	38.3	38.3	44.3	1008.7	0.00	0.0	530	45.59	1141	5.4	2.31	6.4	0.000	0.479	30.0	84	27.0	38.2	17.21	1.1189	0.38	1198	8	100.0	60
23-05-24	12:00 p	30.3	31.4	29.8	82	26.9	0.4	WSW	1.61	1.8	SW	30.3	38.9	38.9	44.9	1008.5	0.00	0.0	533	45.84	911	7.7	3.30	10.7	0.000	0.500	30.4	84	27.4	39.7	17.18	1.1163	0.38	1197	8	100.0	60
23-05-24	1:00 p	31.5	31.9	30.3	76	26.8	0.4	SW	1.61	3.6	SW	31.5	40.6	40.6	46.9	1007.4	0.00	0.0	602	51.78	1271	8.9	3.81	12.9	0.000	0.549	30.8	81	27.1	39.8	16.05	1.1142	0.48	1194	8	100.0	60
23-05-24	2:00 p	31.7	32.1	31.4	77	27.1	0.4	SSW	1.61	2.2	SW	31.7	41.7	41.7	48.2	1006.4	0.00	0.0	817	70.27	1007	7.9	3.39	10.2	0.000	0.556	31.0	79	26.9	39.7	15.28	1.1128	0.56	1198	8	100.0	60
23-05-24	3:00 p	31.3	31.8	30.6	79	27.2	0.4	SSW	1.61	2.7	S	31.3	40.7	40.7	48.1	1006.3	0.00	0.0	690	59.35	780	5.0	2.14	6.6	0.000	0.539	30.6	81	26.9	39.3	16.07	1.1142	0.43	1194	8	100.0	60
23-05-24	4:00 p	28.8	31.4	28.8	90	27.0	0.4	SSE	1.61	2.2	S	28.8	36.3	36.3	40.8	1006.3	0.00	0.0	251	21.59	686	1.7	0.73	4.0	0.000	0.435	30.1	84	27.1	38.6	17.20	1.1154	0.18	1190	8	100.0	60
23-05-24	5:00 p	27.9	28.8	27.9	94	26.8	0.0	SE	0.00	0.9	SE	27.9	34.6	34.6	35.6	1006.5	0.00	0.0	48	4.13	84	0.1	0.04	0.6	0.000	0.398	29.6	87	27.2	37.8	18.44	1.1175	0.03	1194	8	100.0	60
23-05-24	6:00 p	27.1	28.2	27.1	90	25.3	0.4	SE	1.61	3.1	SE	27.1	31.5	31.5	31.0	1006.8	0.00	0.0	8	0.69	28	0.0	0.00	0.0	0.000	0.366	28.8	85	26.0	35.3	17.72	1.1235	0.00	1195	8	100.0	60
23-05-24	7:00 p	26.4	27.1	26.4	95	25.6	0.0	E	0.00	0.9	E	26.4	30.7	30.7	30.1	1007.4	0.00	0.0	0	0.00	0	0.0	0.00	0.0	0.000	0.338	28.3	87	25.9	34.2	18.58	1.1263	0.00	1199	8	100.0	60
23-05-24	8:00 p	26.1	26.5	26.1	97	25.6	0.0	NNE	0.00	0.9	NNE	26.1	30.1	30.1	29.5	1008.2	0.25	0.0	0	0.00	0	0.0	0.00	0.0	0.000	0.324	27.9	89	25.9	33.5	19.73	1.1287	0.00	1199	8	100.0	60
23-05-24	9:00 p	26.1	26.2	26.1	98	25.7	0.0	NNE	0.00	0.9	NNE	26.1	30.1	30.1	29.5	1008.0	1.52	34.8	0	0.00	0	0.0	0.00	0.0	0.000	0.322	27.6	90	25.8	32.9	20.31	1.1297	0.00	1198	8	100.0	60
23-05-24	10:00 p	26.0	26.1	25.9	97	25.5	0.0	N	0.00	1.8	NNE	26.0	29.8	29.8	29.2	1008.7	0.25	0.0	0	0.00	0	0.0	0.00	0.0	0.000	0.319	27.4	90	25.7	32.4	20.34	1.1315	0.00	1195	8	100.0	60
23-05-24	11:00 p	25.7	25.9	25.7	97	25.2	0.4	N	1.61	2.2	NE	25.7	29.2	29.2	28.6	1008.7	0.25	0.0	0	0.00	0	0.0	0.00	0.0	0.000	0.308	27.2	90	25.4	31.7	20.38	1.1332	0.00	1197	8	100.0	60
23-05-25	12:00 a	25.6	25.8	25.6	97	25.1	0.0	N	0.00	0.9	N	25.6	28.9	28.9	28.3	1007.9	0.00	0.0	0	0.00	0	0.0	0.00	0.0	0.000	0.303	26.9	91	25.3	31.3	21.01	1.1332	0.00	1198	8	100.0	60
23-05-25	1:00 a	25.5	25.7	25.4	97	25.0	0.0	---	0.00	0.0	---	25.5	28.7	28.7	28.0	1007.2	0.25	0.0	0	0.00	0	0.0	0.00	0.0	0.000	0.299	26.7	92	25.3	30.9	21.15	1.1333	0.00	1193	8	100.0	60
23-05-25	2:00 a	25.3	25.5	25.3	98	24.9	0.0	---	0.00	0.0	---	25.3	28.3	28.3	27.7	1006.8	0.00	0.0	0	0.00	0	0.0	0.00	0.0	0.000	0.289	26.5	92	25.1	30.4	21.14	1.1341	0.00	1199	8	100.0	60
23-05-25	3:00 a	25.1	25.3	25.1	98	24.7	0.0	---	0.00	0.0	---	25.1	27.8	27.8	27.2	1006.8	0.00	0.0	0	0.00	0	0.0	0.00	0.0	0.000	0.280	26.3	92	24.9	29.9	21.14	1.1355	0.00	1199	8	100.0	60
23-05-25	4:00 a	25.0	25.1	25.0	98	24.7	0.0	---	0.00	0.0	---	25.0	27.7	27.7	27.1	1006.8	0.00	0.0	0	0.00	0	0.0	0.00	0.0	0.000	0.278	26.2	93	24.9	29.8	21.23	1.1357	0.00	1194	8	100.0	60
23-05-25	5:00 a	24.9	25.1	24.9	98	24.6	0.0	---	0.00	0.0	---	24.9	27.6	27.6	26.9	1006.8	0.00	0.0	0	0.00	0	0.0	0.00	0.0	0.000	0.275	26.1	93	24.8	29.5	21.23	1.1364	0.00	1175	8	100.0	60
23-05-25	6:00 a	25.2	25.2	24.9	98	24.8	0.0	---	0.00	0.0	---	25.2	28.1	28.1	27.7	1006.9	0.00	0.0	20	1.72	46	0.0	0.00	0.0	0.000	0.285	26.1	94	25.0	29.7	21.35	1.1361	0.03	1180	8	100.0	60
23-05-25	7:00 a	25.8	25.8	25.2	99	25.7	0.0	N	0.00	0.4	N	25.8	29.7	29.7	30.5	1007.3	0.00	0.0	54	4.64	79	0.1	0.04	0.5	0.000	0.313	26.4	94	25.4	30.5	21.35	1.1342	0.03	1191	8	100.0	60
23-05-25	8:00 a	27.0	27.0	25.8	97	26.5	0.0	N	0.00	0.9	N	27.0	32.4	32.4	35.4	1007.5	0.00	0.0	202	17.37	564	1.7	0.73	3.4	0.000	0.361	27.6	94	26.6	33.7	21.38	1.1274	0.13	1193	8	100.0	60
23-05-25	9:00 a	28.4	28.7	27.0	95	27.6	0.4	N	1.61	1.8	S	28.4	36.6	36.6	41.9	1007.6	0.00	0.0	437	37.59	714	3.9	1.67	6.7	0.000	0.421	28.8	92	27.3	36.9	21.23	1.1213	0.30	1191	8	100.0	60
23-05-25	10:00 a	31.1	31.1	28.4	77	26.6	0.4	N	1.61	2.7	NNW	31.1	39.2	39.2	44.6	1008.1	0.00	0.0	468	40.25	1218	4.7	2.01	6.6	0.000	0.532	29.3	88	27.1	37.4	18.87	1.1203	0.36	1190	8	100.0	60
23-05-25	11:00 a	30.4	31.4	29.3	84	27.4	0.4	SW	1.61	1.8	SW	30.4	39.7	39.7	45.1	1007.9	0.00	0.0	458	39.39	1144	6.2	2.66	10.7	0.000	0.502	29.9	84	26.9	37.9	17.22	1.1186	0.36	1189	8	100.0	60
23-05-25	12:00 p	31.8	32.3	29.8	80	28.0	0.4	WSW	1.61	3.1	WSW	31.8	43.6	43.6	49.2	1007.3	0.00	0.0	481	41.37	1100	10.2	4.37	12.5	0.000	0.563	30.7	83	27.4	40.3	16.76	1.1137	0.36	1196	8	100.0	60
23-05-25	1:00 p	31.4	32.4	30.2	83	28.2	0.9	WSW	3.22	4.0	WSW	31.4	43.0	43.0	49.6	1006.9	0.00	0.0	615	52.90	1174	10.1	4.33	11.8	0.000	0.544	30.8	81	27.2	40.0	16.05	1.1133	0.46	1196	8	100.0	60
23-05-25	2:00 p	29.4	32.1	29.4	86	26.9	0.4	NW	1.61	3.1	WNW	29.4	37.2	37.2	43.3	1006.4	0.00	0.0	542	46.62	997	6.0	2.57	10.2	0.000	0.463	30.4	81	26.8	38.7	16.08	1.1154	0.38	1194	8	100.0	60
23-05-25	3:00 p	28.7	29.7	28.6	89	26.7	0.4	SW	1.61	2.7	SSW	28.7	35.8	35.8	38.6	1005.9	0.00	0.0	196	16.86	345	2.1	0.90	3.5	0.000	0.431	29.9	85	27.1	38.1	17.60	1.1158	0.13	1189	8	100.0	60
23-05-25	4:00 p	26.8	28.7	26.8	93	25.6	0.4	SE	1.61	3.6	SSE	26.8	31.2	31.2	31.8	1006.4	0.00	0.0	51	4.39	148	0.3	0.13	1.5	0.000	0.352	29.0	86	26.4	36.1	18.10	1.1213	0.03	1197	8	100.0	60
23-05-25	5:00 p	25.9	26.8	25.9	98	25.6	0.4	ENE	1.61	2.2	ENE	25.9	29.8	29.8	29.6	1007.7	6.86	18.3	7	0.60	11	0.0	0.00	0.0	0.000	0.317	28.2	87	25.8	33.9	18.59	1.1273	0.00	1194	8	100.0	60
23-05-25	6:00 p	24.8	26.1	24.6	98	24.4	0.4	WSW	1.61	4.0	NNW	24.8	27.3	27.3	26.7	1008.3	9.91	45.2	0	0.00	0	0.0	0.00	0.0	0.000	0.269	27.2	88	25.0	31.3	19.26	1.1335	0.00	1195	8	100.0	60
23-05-25	7:00 p	24.7	24.8	24.7	98	24.3	0.4	NNW	1.61	2.2	NNW	24.7	27.2	27.2	26.6	1009.2	54.86	126.2	0	0.00	0	0.0	0.00	0.0	0.000	0.264	26.7	89	24.8	30.4	19.94	1.1368	0.00	1195	8	100.0	60
23-05-25	8:00 p	24.6	24.7	24.6	98	24.3	0.4	SSE	1.61	1.8	SE	24.6	27.1	27.1	26.4	1009.9	29.21	97.5	0	0.00	0	0.0	0.00	0.0	0.000	0.262	26.4	90	24.6	29.9	20.45	1.1391	0.00	1194	8	100.0	60
23-05-25	9:00 p	24.6	24.7	24.6	98	24.3	0.0	ESE	0.00	1.3	N	24.6	27.1	27.1	26.4	1009.9	10.41	37.3	0	0.00	0	0.0	0.00	0.0	0.000	0.262	26.3	90	24.6	29.7	20.45	1.1396	0.00	1196	8	100.0	60
23-05-25	10:00 p	24.6	24.7	24.5	98	24.2	0.0	WNW	0.00	1.3	N	24.6	26.9	26.9	26.3	1010.3	9.65	33.5	0	0.00	0	0.0	0.00	0.0	0.000	0.259	26.2	90	24.4	29.4	20.45	1.1410	0.00	1194	8	100.0	60
23-05-25	11:00 p	24.4	24.6	24.4	99	24.3	0.4	NNW	1.61	1.8	NW	24.4	26.8	26.8	26.2	1010.3	14.73	40.4	0	0.00	0	0.0	0.00	0.0	0.000	0.255	26.0	91	24.4	29.2	21.03	1.1416	0.00	1196	8	100.0	60
23-05-26	12:00 a	24.1	24.4	24.1	98	23.8	0.4	SSW	1.61	1.3	W	24.1	26.3	26.3	25.7	1009.6	16.76	36.1	0	0.00	0	0.0	0.00	0.0	0.000	0.241	25.9	90	24.2	28.9	20.45	1.1414	0.00	1190	8	100.0	60
23-05-26	1:00 a	23.7	24.1	23.7	98	23.4	0.4	N	1.61	4.5	ENE	23.7	25.7	25.7	25.1	1008.8	1.52	5.8	0	0.00	0	0.0	0.00	0.0	0.000	0.225	25.8	90	24.1	28.8	20.45	1.1412	0.00	1195	8	100.0	60
23-05-26	2:00 a	23.7	23.8	23.7	99	23.6	0.4	NW	1.61	2.2	NE	23.7	25.8	25.8	25.2	1007.9	0.25	0.0	0	0.00	0	0.0	0.00	0.0	0.000	0.225	25.9	89	24.0	28.8	19.95	1.1399	0.00	1194	8	100.0	60
23-05-26	3:00 a	23.8	23.8	23.7	98	23.5	0.4	NNE	1.61	2.7	NNE	23.8	25.9	25.9	25.3	1007.6	0.25	0.0	0	0.00	0	0.0	0.00	0.0	0.000	0.229	25.6	90	23.8	28.3	20.45	1.1411	0.00	1195	8	100.0	60
23-05-26	4:00 a	23.8	23.9	23.8	99	23.6	0.0	WNW	0.00	0.4	WNW	23.8	25.8	25.8	25.2	1007.7	0.00	0.0	0	0.00	0	0.0	0.00	0.0	0.000	0.227	25.7	90	24.0	28.6	20.45	1.1406	0.00	1197	8	100.0	60
23-05-26	5:00 a	23.7	23.8	23.7	99	23.6	0.0	WNW	0.00	0.4	WNW	23.7	25.8	25.8	25.2	1007.8	0.00	0.0	0	0.00	0	0.0	0.00	0.0	0.000	0.225	25.6	90	23.8	28.2	20.45	1.1417	0.00	1197	8	100.0	60
23-05-26	6:00 a	23.9	23.9	23.7	99	23.7	0.0	WNW	0.00	1.3	NNE	23.9	26.0	26.0	25.6	1008.3	0.00	0.0	18	1.55	46	0.0	0.00	0.0	0.000	0.231	25.7	90	23.9	28.4	20.45	1.1416	0.00	1195	8	100.0	60
23-05-26	7:00 a	24.7	24.7	23.8	99	24.6	0.0	NNE	0.00	0.4	NNE	24.7	27.3	27.3	29.0	1008.4	0.00	0.0	91	7.83	135	0.3	0.13	0.9	0.000	0.266	25.9	91	24.3	28.9	21.02	1.1400	0.05	1187	8	100.0	60
23-05-26	8:00 a	26.1	26.1	24.7	97	25.6	0.4	NE	1.61	1.3	NE	26.1	30.1	30.1	33.1	1008.2	0.00	0.0	195	16.77	246	1.5	0.64	2.2	0.000	0.324	26.8	92	25.4	31.0	21.15	1.1341	0.13	1196	8	100.0	60
23-05-26	9:00 a	28.2	28.2	26.1	93	26.9	0.4	NE	1.61	0.9	NE	28.2	35.2	35.2	40.7	1008.8	0.00	0.0	450	38.71	849	4.0	1.71	6.3	0.000	0.410	28.2	91	26.6	34.8	20.83	1.1265	0.30	1197	8	100.0	60
23-05-26	10:00 a	30.6	30.6	27.6	81	26.9	0.4	S	1.61	1.8	SSW	30.6	39.3	39.3	46.4	1009.2	0.00	0.0	849	73.02	954	5.0	2.14	6.8	0.000	0.509	29.6	85	26.8	37.3	17.63	1.1213	0.56	1196	8	100.0	60
23-05-26	11:00 a	30.1	31.4	29.7	81	26.5	0.4	SSW	1.61	2.2	SSE	30.1	37.8	37.8	44.1	1009.6	0.00	0.0	583	50.14	977	6.5	2.79	10.9	0.000	0.491	29.5	84	26.5	36.8	17.25	1.1229	0.41	1190	8	100.0	60
23-05-26	12:00 p	29.1	31.3	28.9	90	27.3	0.4	SSW	1.61	2.2	S	29.1	37.3	37.3	42.9	1009.8	0.00	0.0	478	41.11	824	6.6	2.83	9.9	0.000	0.449	29.7	85	26.9	37.7	17.62	1.1213	0.33	1196	8	100.0	60
23-05-26	1:00 p	29.8	31.3	29.0	85	27.0	0.9	SE	3.22	3.6	SSE	29.8	37.8	37.8	43.5	1009.0	0.00	0.0	504	43.35	1129	7.8	3.34	11.6	0.000	0.477	30.3	83	27.1	39.0	16.79	1.1180	0.41	1194	8	100.0	60
23-05-26	2:00 p	29.3	29.8	28.7	90	27.5	0.9	SSW	3.22	3.6	ESE	29.3	37.9	37.9	40.9	1008.0	0.00	0.0	237	20.38	568	3.0	1.29	5.1	0.000	0.458	29.6	88	27.4	38.1	18.84	1.1188	0.18	1196	8	100.0	60
23-05-26	3:00 p	26.8	29.3	26.8	96	26.1	0.4	SE	1.61	4.0	SE	26.8	31.8	31.8	32.3	1007.8	2.54	49.8	53	4.56	139	0.3	0.13	1.5	0.000	0.354	28.3	89	26.3	34.6	19.66	1.1259	0.03	1188	8	100.0	60
23-05-26	4:00 p	26.8	26.9	26.7	98	26.4	0.4	ESE	1.61	1.3	SSW	26.8	32.0	32.0	33.1	1008.5	0.00	0.0	68	5.85	79	0.4	0.17	0.7	0.000	0.352	28.1	91	26.5	34.6	20.84	1.1268	0.05	1190	8	100.0	60
23-05-26	5:00 p	26.2	26.8	26.1	98	25.8	0.0	N	0.00	0.4	N	26.2	30.4	30.4	30.7	1008.9	0.00	0.0	25	2.15	53	0.0	0.00	0.0	0.000	0.326	27.8	90	26.0	33.6	20.28	1.1295	0.03	1193	8	100.0	60
23-05-26	6:00 p	25.3	26.2	25.3	97	24.8	0.4	NNE	1.61	2.2	S	25.3	28.3	28.3	27.7	1009.7	15.75	133.1	1	0.09	5	0.0	0.00	0.0	0.000	0.292	27.2	90	25.4	31.8	20.37	1.1340	0.00	1195	8	100.0	60
23-05-26	7:00 p	25.3	25.4	25.3	98	25.0	0.4	NNW	1.61	1.8	NNW	25.3	28.4	28.4	27.8	1009.9	0.51	12.4	0	0.00	0	0.0	0.00	0.0	0.000	0.292	26.8	90	25.1	30.8	20.43	1.1366	0.00	1197	8	100.0	60
23-05-26	8:00 p	25.3	25.3	25.2	98	24.9	0.0	N	0.00	2.2	NNE	25.3	28.3	28.3	27.7	1010.1	0.51	1.3	0	0.00	0	0.0	0.00	0.0	0.000	0.289	26.7	91	25.1	30.6	21.05	1.1373	0.00	1194	8	100.0	60
23-05-26	9:00 p	25.1	25.3	25.1	98	24.8	0.0	N	0.00	0.9	N	25.1	27.9	27.9	27.3	1009.4	0.51	1.3	0	0.00	0	0.0	0.00	0.0	0.000	0.282	26.8	90	25.1	30.8	20.43	1.1360	0.00	1194	8	100.0	60
23-05-26	10:00 p	24.7	25.1	24.7	98	24.4	0.0	---	0.00	0.0	---	24.7	27.3	27.3	26.7	1009.4	0.00	0.0	0	0.00	0	0.0	0.00	0.0	0.000	0.266	26.7	89	24.7	30.3	19.95	1.1374	0.00	1199	8	100.0	60
23-05-26	11:00 p	24.4	24.7	24.4	98	24.1	0.0	N	0.00	0.4	N	24.4	26.8	26.8	26.2	1009.3	0.25	0.0	0	0.00	0	0.0	0.00	0.0	0.000	0.255	26.4	90	24.6	29.9	20.45	1.1385	0.00	1196	8	100.0	60
23-05-27	12:00 a	24.1	24.4	24.1	98	23.8	0.0	---	0.00	0.0	---	24.1	26.3	26.3	25.6	1009.2	0.00	0.0	0	0.00	0	0.0	0.00	0.0	0.000	0.241	25.9	90	24.2	28.9	20.45	1.1410	0.00	1200	8	100.0	60
23-05-27	1:00 a	24.0	24.2	23.9	98	23.7	0.0	---	0.00	0.0	---	24.0	26.1	26.1	25.4	1008.7	0.00	0.0	0	0.00	0	0.0	0.00	0.0	0.000	0.236	25.9	90	24.1	28.8	20.45	1.1408	0.00	1196	8	100.0	60
23-05-27	2:00 a	23.8	24.0	23.8	98	23.5	0.0	---	0.00	0.0	---	23.8	25.9	25.9	25.2	1008.8	0.00	0.0	0	0.00	0	0.0	0.00	0.0	0.000	0.229	25.7	90	23.9	28.4	20.45	1.1421	0.00	1193	8	100.0	60
23-05-27	3:00 a	23.8	23.9	23.8	98	23.5	0.0	---	0.00	0.0	---	23.8	25.9	25.9	25.2	1008.6	0.00	0.0	0	0.00	0	0.0	0.00	0.0	0.000	0.229	25.7	90	24.0	28.6	20.45	1.1417	0.00	1197	8	100.0	60
23-05-27	4:00 a	23.8	23.8	23.7	98	23.4	0.0	---	0.00	0.0	---	23.8	25.8	25.8	25.2	1008.4	0.00	0.0	0	0.00	0	0.0	0.00	0.0	0.000	0.227	25.6	90	23.8	28.2	20.45	1.1424	0.00	1193	8	100.0	60
23-05-27	5:00 a	23.9	23.9	23.8	99	23.8	0.0	---	0.00	0.0	---	23.9	26.1	26.1	25.4	1008.9	0.00	0.0	0	0.00	0	0.0	0.00	0.0	0.000	0.234	25.6	91	24.0	28.3	21.01	1.1426	0.00	1182	8	100.0	60
23-05-27	6:00 a	24.2	24.2	23.9	99	24.1	0.0	---	0.00	0.0	---	24.2	26.5	26.5	26.0	1009.6	0.00	0.0	12	1.03	30	0.0	0.00	0.0	0.000	0.245	25.7	92	24.3	28.7	21.12	1.1420	0.00	1187	8	100.0	60
23-05-27	7:00 a	25.1	25.1	24.2	99	24.9	0.0	---	0.00	0.0	---	25.1	28.1	28.1	28.7	1010.1	0.00	0.0	45	3.87	91	0.2	0.09	0.9	0.000	0.282	26.7	93	25.4	30.9	21.25	1.1366	0.03	1195	8	100.0	60
23-05-27	8:00 a	26.7	26.7	25.1	99	26.5	0.0	N	0.00	0.9	N	26.7	31.8	31.8	35.3	1011.0	0.00	0.0	226	19.44	578	1.8	0.77	3.3	0.000	0.347	27.8	93	26.5	34.0	21.29	1.1309	0.15	1199	8	100.0	60
23-05-27	9:00 a	29.8	29.8	26.6	86	27.2	0.4	N	1.61	1.3	SSE	29.8	38.3	38.3	45.3	1011.2	0.00	0.0	668	57.46	807	4.7	2.01	6.7	0.000	0.479	29.1	88	26.9	36.7	18.92	1.1256	0.41	1195	8	100.0	60
23-05-27	10:00 a	30.7	30.8	29.4	75	25.8	0.4	SSW	1.61	1.8	SSE	30.7	37.8	37.8	44.8	1011.0	0.00	0.0	849	73.02	1063	5.8	2.49	7.2	0.000	0.516	29.9	80	26.1	36.8	15.72	1.1242	0.56	1197	8	100.0	60
23-05-27	11:00 a	31.2	31.7	30.4	73	25.7	0.4	W	1.61	1.8	SSW	31.2	38.2	38.2	45.2	1010.7	0.00	0.0	934	80.33	1288	7.9	3.39	12.8	0.000	0.535	30.3	79	26.2	37.8	15.36	1.1219	0.61	1196	8	100.0	60
23-05-27	12:00 p	31.2	31.8	30.3	78	26.9	0.4	WSW	1.61	2.7	SSE	31.2	39.8	39.8	46.1	1010.1	0.00	0.0	575	49.46	1039	11.3	4.84	12.1	0.000	0.535	30.7	81	27.0	39.6	16.06	1.1179	0.41	1196	8	100.0	60
23-05-27	1:00 p	31.3	31.8	30.8	77	26.8	0.9	SSW	3.22	3.1	S	31.3	40.2	40.2	47.1	1009.3	0.00	0.0	683	58.75	977	10.9	4.67	11.6	0.000	0.542	30.9	79	26.9	39.5	15.29	1.1163	0.46	1196	8	100.0	60
23-05-27	2:00 p	31.3	31.4	30.3	81	27.7	0.4	S	1.61	3.1	ESE	31.3	41.8	41.8	48.8	1008.9	0.00	0.0	729	62.70	1056	7.5	3.21	10.4	0.000	0.542	30.6	82	27.1	39.7	16.47	1.1168	0.48	1197	8	100.0	60
23-05-27	3:00 p	30.7	31.3	30.4	82	27.2	0.9	SE	3.22	3.1	SE	30.7	39.9	39.9	47.0	1008.7	0.00	0.0	661	56.85	747	4.9	2.10	6.5	0.000	0.514	29.9	84	26.9	38.0	17.21	1.1192	0.43	1192	8	100.0	60
23-05-27	4:00 p	29.7	30.9	29.7	83	26.5	0.4	S	1.61	2.2	SE	29.7	37.2	37.2	43.4	1008.2	0.00	0.0	409	35.18	621	2.1	0.90	3.5	0.000	0.475	29.4	86	26.8	37.1	18.06	1.1210	0.25	1193	8	100.0	60
23-05-27	5:00 p	28.1	29.7	28.1	92	26.7	0.0	SE	0.00	1.8	SE	28.1	34.8	34.8	36.2	1009.0	0.00	0.0	66	5.68	132	0.3	0.13	1.0	0.000	0.407	29.1	88	26.9	36.8	18.91	1.1227	0.05	1197	8	100.0	60
23-05-27	6:00 p	26.9	28.1	26.8	95	26.0	0.0	ESE	0.00	0.9	ESE	26.9	31.7	31.7	31.4	1009.5	0.00	0.0	21	1.81	74	0.0	0.00	0.0	0.000	0.356	28.7	88	26.5	35.6	18.99	1.1259	0.03	1189	8	100.0	60
23-05-27	7:00 p	26.2	26.9	26.2	97	25.7	0.0	ESE	0.00	0.4	ESE	26.2	30.2	30.2	29.6	1010.1	0.00	0.0	0	0.00	0	0.0	0.00	0.0	0.000	0.326	27.9	89	26.0	33.7	19.72	1.1306	0.00	1196	8	100.0	60
23-05-27	8:00 p	26.0	26.2	25.9	97	25.5	0.0	---	0.00	0.0	---	26.0	29.8	29.8	29.2	1010.5	0.00	0.0	0	0.00	0	0.0	0.00	0.0	0.000	0.319	27.4	90	25.7	32.4	20.34	1.1336	0.00	1197	8	100.0	60
23-05-27	9:00 p	25.7	26.0	25.7	96	25.0	0.0	---	0.00	0.0	---	25.7	28.9	28.9	28.3	1010.9	0.00	0.0	0	0.00	0	0.0	0.00	0.0	0.000	0.306	27.0	91	25.4	31.4	21.00	1.1363	0.00	1196	8	100.0	60
23-05-27	10:00 p	25.4	25.7	25.4	97	24.9	0.0	---	0.00	0.0	---	25.4	28.4	28.4	27.8	1010.6	0.00	0.0	0	0.00	0	0.0	0.00	0.0	0.000	0.294	26.9	90	25.1	31.0	20.42	1.1371	0.00	1189	8	100.0	60
23-05-27	11:00 p	25.2	25.4	25.1	97	24.7	0.0	---	0.00	0.0	---	25.2	28.0	28.0	27.3	1010.4	0.00	0.0	0	0.00	0	0.0	0.00	0.0	0.000	0.285	26.7	90	24.9	30.4	20.45	1.1381	0.00	1192	8	100.0	60
23-05-28	12:00 a	24.9	25.2	24.8	97	24.4	0.0	---	0.00	0.0	---	24.9	27.4	27.4	26.7	1009.7	0.00	0.0	0	0.00	0	0.0	0.00	0.0	0.000	0.273	26.7	90	24.9	30.4	20.45	1.1373	0.00	1199	8	100.0	60
23-05-28	1:00 a	24.7	24.9	24.7	97	24.2	0.0	---	0.00	0.0	---	24.7	27.2	27.2	26.4	1009.1	0.00	0.0	0	0.00	0	0.0	0.00	0.0	0.000	0.266	26.3	90	24.6	29.7	20.45	1.1386	0.00	1198	8	100.0	60
23-05-28	2:00 a	24.5	24.7	24.5	98	24.2	0.0	---	0.00	0.0	---	24.5	26.9	26.9	26.2	1008.9	0.00	0.0	0	0.00	0	0.0	0.00	0.0	0.000	0.257	26.3	90	24.6	29.7	20.45	1.1383	0.00	1199	8	100.0	60
23-05-28	3:00 a	24.3	24.6	24.3	98	24.0	0.0	---	0.00	0.0	---	24.3	26.6	26.6	25.9	1008.7	0.00	0.0	0	0.00	0	0.0	0.00	0.0	0.000	0.250	26.2	90	24.4	29.4	20.45	1.1392	0.00	1197	8	100.0	60
23-05-28	4:00 a	24.1	24.4	24.1	98	23.8	0.0	---	0.00	0.0	---	24.1	26.3	26.3	25.6	1008.5	0.00	0.0	0	0.00	0	0.0	0.00	0.0	0.000	0.241	25.9	90	24.2	28.9	20.45	1.1402	0.00	1197	8	100.0	60
23-05-28	5:00 a	23.9	24.2	23.9	98	23.6	0.0	---	0.00	0.0	---	23.9	26.1	26.1	25.3	1009.4	0.00	0.0	0	0.00	0	0.0	0.00	0.0	0.000	0.234	25.8	90	24.0	28.7	20.45	1.1422	0.00	1198	8	100.0	60
23-05-28	6:00 a	24.1	24.1	23.8	99	23.9	0.0	---	0.00	0.0	---	24.1	26.3	26.3	25.8	1009.9	0.00	0.0	15	1.29	35	0.0	0.00	0.0	0.000	0.241	25.8	91	24.2	28.7	21.02	1.1424	0.00	1197	8	100.0	60
23-05-28	7:00 a	24.8	24.8	24.1	99	24.7	0.0	---	0.00	0.0	---	24.8	27.5	27.5	28.1	1010.4	0.00	0.0	43	3.70	56	0.0	0.00	0.9	0.000	0.271	26.5	91	24.9	30.2	21.04	1.1388	0.03	1200	8	100.0	60
23-05-28	8:00 a	26.8	26.8	24.8	97	26.3	0.0	ESE	0.00	0.9	ESE	26.8	31.9	31.9	35.1	1010.9	0.00	0.0	204	17.55	533	1.8	0.77	3.3	0.000	0.354	27.9	91	26.3	33.9	20.87	1.1310	0.13	1196	8	100.0	60
23-05-28	9:00 a	28.8	28.8	26.8	89	26.8	0.0	ESE	0.00	1.8	ENE	28.8	36.1	36.1	41.2	1011.3	0.00	0.0	413	35.52	643	3.7	1.59	4.7	0.000	0.435	28.9	87	26.5	36.1	18.51	1.1271	0.28	1200	8	100.0	60
23-05-28	10:00 a	30.3	30.5	28.6	79	26.2	0.4	S	1.61	1.8	S	30.3	37.8	37.8	42.4	1011.1	0.00	0.0	395	33.97	635	4.9	2.10	6.1	0.000	0.498	29.0	86	26.4	36.1	18.10	1.1267	0.28	1198	8	100.0	60
23-05-28	11:00 a	31.5	31.9	30.1	80	27.6	0.4	SW	1.61	2.2	SSE	31.5	42.1	42.1	49.2	1010.7	0.00	0.0	930	79.99	1007	7.9	3.39	11.6	0.000	0.549	29.9	83	26.7	37.8	16.81	1.1220	0.63	1198	8	100.0	60
23-05-28	12:00 p	29.9	31.7	29.9	85	27.1	0.4	S	1.61	2.7	S	29.9	38.1	38.1	45.3	1010.3	0.00	0.0	745	64.08	1028	10.4	4.46	12.6	0.000	0.481	30.6	80	26.8	39.1	15.67	1.1190	0.51	1197	8	100.0	60
23-05-28	1:00 p	30.4	31.6	29.6	79	26.4	0.4	S	1.61	2.2	ESE	30.4	38.3	38.3	43.6	1009.6	0.00	0.0	458	39.39	1086	6.4	2.74	10.8	0.000	0.505	30.4	80	26.5	38.4	15.68	1.1195	0.33	1195	8	100.0	60
23-05-28	2:00 p	30.5	30.7	30.0	81	26.9	0.4	SSE	1.61	2.2	SE	30.5	39.1	39.1	43.9	1008.8	0.00	0.0	403	34.66	555	4.9	2.10	6.5	0.000	0.507	30.2	84	27.2	39.1	17.19	1.1176	0.28	1197	8	100.0	60
23-05-28	3:00 p	30.0	30.6	29.7	86	27.4	0.4	SSE	1.61	2.2	SSE	30.0	38.8	38.8	43.1	1008.6	0.00	0.0	302	25.98	487	3.3	1.41	4.4	0.000	0.486	29.9	86	27.3	38.7	18.00	1.1181	0.20	1197	8	100.0	60
23-05-28	4:00 p	29.1	30.8	29.1	91	27.4	0.4	ESE	1.61	1.8	SSE	29.1	37.4	37.4	41.9	1008.8	0.00	0.0	245	21.07	540	1.7	0.73	3.0	0.000	0.447	29.7	87	27.3	38.1	18.43	1.1196	0.18	1199	8	100.0	60
23-05-28	5:00 p	28.3	29.3	28.2	91	26.7	0.0	ESE	0.00	0.9	ESE	28.3	35.0	35.0	37.1	1009.1	0.00	0.0	96	8.26	155	0.4	0.17	1.0	0.000	0.414	29.3	88	27.1	37.4	18.87	1.1215	0.08	1198	8	100.0	60
23-05-28	6:00 p	27.1	28.4	27.1	96	26.4	0.0	E	0.00	0.4	E	27.1	32.5	32.5	32.1	1009.5	0.00	0.0	19	1.63	56	0.0	0.00	0.0	0.000	0.366	28.8	89	26.8	36.3	19.56	1.1245	0.03	1198	8	100.0	60
23-05-28	7:00 p	26.7	27.2	26.7	96	26.0	0.0	---	0.00	0.0	---	26.7	31.3	31.3	30.7	1009.9	0.00	0.0	0	0.00	0	0.0	0.00	0.0	0.000	0.347	28.3	90	26.5	34.7	20.22	1.1279	0.00	1199	8	100.0	60
23-05-28	8:00 p	26.6	26.7	26.4	97	26.0	0.0	---	0.00	0.0	---	26.6	31.2	31.2	30.6	1010.7	0.00	0.0	0	0.00	0	0.0	0.00	0.0	0.000	0.343	28.3	90	26.5	34.7	20.22	1.1288	0.00	1197	8	100.0	60
23-05-28	9:00 p	26.6	26.6	26.5	97	26.1	0.0	---	0.00	0.0	---	26.6	31.4	31.4	30.7	1011.1	0.00	0.0	0	0.00	0	0.0	0.00	0.0	0.000	0.345	28.4	90	26.6	35.1	20.20	1.1286	0.00	1196	8	100.0	60
23-05-28	10:00 p	26.6	26.6	26.5	96	25.9	0.0	NE	0.00	1.3	ENE	26.6	31.2	31.2	30.6	1010.9	0.00	0.0	0	0.00	0	0.0	0.00	0.0	0.000	0.345	28.1	89	26.1	33.9	19.70	1.1308	0.00	1199	8	100.0	60
23-05-28	11:00 p	27.1	27.2	26.6	94	26.1	0.4	N	1.61	2.2	N	27.1	32.2	32.2	31.5	1010.5	0.00	0.0	0	0.00	0	0.0	0.00	0.0	0.000	0.366	27.8	90	26.0	33.6	20.28	1.1312	0.00	1198	8	100.0	60
23-05-29	12:00 a	27.0	27.2	26.9	95	26.1	0.4	NW	1.61	1.8	NNW	27.0	32.1	32.1	31.4	1009.5	0.00	0.0	0	0.00	0	0.0	0.00	0.0	0.000	0.361	28.0	90	26.2	34.0	20.26	1.1291	0.00	1196	8	100.0	60
23-05-29	1:00 a	26.5	27.0	26.4	96	25.8	0.0	N	0.00	1.3	N	26.5	30.9	30.9	30.3	1008.8	0.00	0.0	0	0.00	0	0.0	0.00	0.0	0.000	0.340	27.9	90	26.1	33.7	20.27	1.1290	0.00	1194	8	100.0	60
23-05-29	2:00 a	26.1	26.5	26.1	96	25.4	0.0	---	0.00	0.0	---	26.1	30.0	30.0	29.3	1008.3	0.00	0.0	0	0.00	0	0.0	0.00	0.0	0.000	0.324	27.7	89	25.7	32.9	19.77	1.1302	0.00	1196	8	100.0	60
23-05-29	3:00 a	25.6	26.1	25.6	97	25.0	0.0	N	0.00	0.4	N	25.6	28.8	28.8	28.1	1008.0	0.00	0.0	0	0.00	0	0.0	0.00	0.0	0.000	0.301	27.2	90	25.4	31.8	20.37	1.1320	0.00	1197	8	100.0	60
23-05-29	4:00 a	25.2	25.6	25.2	97	24.7	0.0	N	0.00	0.9	N	25.2	28.1	28.1	27.4	1008.8	0.00	0.0	0	0.00	0	0.0	0.00	0.0	0.000	0.287	27.1	89	25.1	31.2	19.88	1.1343	0.00	1199	8	100.0	60
23-05-29	5:00 a	25.0	25.2	24.9	97	24.5	0.0	---	0.00	0.0	---	25.0	27.7	27.7	26.9	1009.2	0.00	0.0	0	0.00	0	0.0	0.00	0.0	0.000	0.278	26.7	90	24.9	30.6	20.44	1.1364	0.00	1196	8	100.0	60
23-05-29	6:00 a	25.1	25.1	24.9	98	24.8	0.0	---	0.00	0.0	---	25.1	27.9	27.9	27.4	1009.8	0.00	0.0	13	1.12	33	0.0	0.00	0.0	0.000	0.282	26.7	91	25.1	30.7	21.04	1.1366	0.00	1199	8	100.0	60
23-05-29	7:00 a	25.9	25.9	25.1	99	25.8	0.0	---	0.00	0.0	---	25.9	29.9	29.9	30.9	1010.6	0.00	0.0	57	4.90	105	0.1	0.04	0.6	0.000	0.317	27.2	91	25.6	31.8	20.98	1.1350	0.03	1197	8	100.0	60
23-05-29	8:00 a	30.0	30.1	25.9	86	27.4	0.4	N	1.61	2.7	N	30.0	38.8	38.8	43.4	1010.6	0.00	0.0	306	26.32	668	2.0	0.86	3.7	0.000	0.486	28.9	87	26.5	36.1	18.51	1.1263	0.20	1198	8	100.0	60
23-05-29	9:00 a	31.1	31.2	29.7	79	27.0	0.4	SW	1.61	2.2	N	31.1	39.9	39.9	46.5	1010.7	0.00	0.0	597	51.35	664	4.5	1.93	5.4	0.000	0.532	30.0	84	27.0	38.2	17.21	1.1211	0.41	1197	8	100.0	60
23-05-29	10:00 a	31.7	31.8	30.6	75	26.7	0.4	NW	1.61	2.2	NNE	31.7	40.8	40.8	47.9	1010.3	0.00	0.0	743	63.91	935	5.3	2.27	6.1	0.000	0.556	30.5	81	26.9	39.1	16.07	1.1192	0.51	1199	8	100.0	60
23-05-29	11:00 a	32.1	32.4	31.4	76	27.3	0.4	N	1.61	2.7	W	32.1	42.8	42.8	50.1	1009.7	0.00	0.0	784	67.43	958	7.2	3.09	10.5	0.000	0.572	31.1	80	27.2	40.1	15.63	1.1157	0.53	1197	8	100.0	60
23-05-29	12:00 p	32.0	32.4	30.8	79	27.9	0.9	WSW	3.22	3.1	W	32.0	43.8	43.8	49.9	1009.2	0.00	0.0	534	45.93	998	10.3	4.41	11.9	0.000	0.569	31.3	79	27.3	40.9	15.25	1.1139	0.38	1199	8	100.0	60
23-05-29	1:00 p	31.9	32.2	31.3	81	28.2	0.9	WSW	3.22	3.1	WSW	31.9	44.4	44.4	50.5	1008.6	0.00	0.0	549	47.22	962	9.6	4.11	11.0	0.000	0.565	31.4	79	27.3	41.2	15.24	1.1129	0.38	1197	8	100.0	60
23-05-29	2:00 p	29.9	32.7	29.9	84	26.9	0.9	SW	3.22	2.7	WNW	29.9	37.9	37.9	43.8	1008.3	0.00	0.0	518	44.55	1072	5.8	2.49	10.1	0.000	0.481	30.9	79	26.9	39.5	15.29	1.1152	0.38	1195	8	100.0	60
23-05-29	3:00 p	29.0	29.9	28.9	89	27.0	0.4	SSW	1.61	1.8	SE	29.0	36.8	36.8	38.7	1007.9	0.00	0.0	137	11.78	229	1.8	0.77	2.7	0.000	0.444	30.2	84	27.2	38.8	17.20	1.1169	0.10	1195	8	100.0	60
23-05-29	4:00 p	27.2	29.0	27.2	95	26.4	0.4	SSW	1.61	1.3	NNE	27.2	32.6	32.6	32.9	1008.3	1.78	10.2	34	2.92	76	0.1	0.04	1.0	0.000	0.370	29.3	88	27.1	37.4	18.87	1.1205	0.03	1195	8	100.0	60
23-05-29	5:00 p	25.0	27.3	25.0	97	24.5	0.4	ESE	1.61	3.1	N	25.0	27.7	27.7	27.2	1009.0	19.05	89.2	1	0.09	5	0.0	0.00	0.0	0.000	0.278	27.9	86	25.3	32.9	18.22	1.1310	0.00	1197	8	100.0	60
23-05-29	6:00 p	24.9	25.2	24.9	97	24.4	0.4	NW	1.61	4.0	N	24.9	27.4	27.4	26.8	1011.2	21.08	65.5	0	0.00	0	0.0	0.00	0.0	0.000	0.273	27.2	87	24.8	31.2	18.70	1.1373	0.00	1198	8	100.0	60
23-05-29	7:00 p	24.7	24.9	24.7	98	24.4	0.0	SE	0.00	0.9	W	24.7	27.3	27.3	26.7	1011.2	9.91	62.2	0	0.00	0	0.0	0.00	0.0	0.000	0.266	26.8	89	24.9	30.7	19.92	1.1385	0.00	1197	8	100.0	60
23-05-29	8:00 p	24.7	24.8	24.7	98	24.4	0.0	ESE	0.00	0.4	ESE	24.7	27.3	27.3	26.7	1010.9	3.81	6.1	0	0.00	0	0.0	0.00	0.0	0.000	0.266	26.6	90	24.8	30.3	20.45	1.1390	0.00	1199	8	100.0	60
23-05-29	9:00 p	24.7	24.7	24.7	98	24.3	0.0	---	0.00	0.0	---	24.7	27.2	27.2	26.6	1010.1	2.03	5.8	0	0.00	0	0.0	0.00	0.0	0.000	0.264	26.6	89	24.6	30.2	19.95	1.1385	0.00	1196	8	100.0	60
23-05-29	10:00 p	24.4	24.7	24.4	98	24.1	0.0	ESE	0.00	0.4	ESE	24.4	26.8	26.8	26.2	1009.6	0.25	0.0	0	0.00	0	0.0	0.00	0.0	0.000	0.255	26.4	89	24.5	29.8	19.95	1.1389	0.00	1198	8	100.0	60
23-05-29	11:00 p	24.1	24.4	24.1	98	23.8	0.0	ESE	0.00	0.4	ESE	24.1	26.3	26.3	25.7	1009.2	0.00	0.0	0	0.00	0	0.0	0.00	0.0	0.000	0.241	26.4	88	24.3	29.7	19.37	1.1389	0.00	1199	8	100.0	60
23-05-30	12:00 a	23.9	24.1	23.9	98	23.6	0.0	---	0.00	0.0	---	23.9	26.1	26.1	25.4	1008.3	0.00	0.0	0	0.00	0	0.0	0.00	0.0	0.000	0.234	26.2	88	24.0	29.2	19.39	1.1394	0.00	1195	8	100.0	60
23-05-30	1:00 a	23.8	23.9	23.8	98	23.5	0.0	---	0.00	0.0	---	23.8	25.9	25.9	25.3	1008.3	0.00	0.0	0	0.00	0	0.0	0.00	0.0	0.000	0.229	26.1	89	24.2	29.2	19.95	1.1393	0.00	1196	8	100.0	60
23-05-30	2:00 a	23.6	23.8	23.6	98	23.2	0.0	---	0.00	0.0	---	23.6	25.5	25.5	24.8	1007.5	0.00	0.0	0	0.00	0	0.0	0.00	0.0	0.000	0.218	25.8	88	23.6	28.4	19.41	1.1407	0.00	1197	8	100.0	60
23-05-30	3:00 a	23.2	23.6	23.2	98	22.9	0.0	---	0.00	0.0	---	23.2	25.1	25.1	24.4	1007.4	0.00	0.0	0	0.00	0	0.0	0.00	0.0	0.000	0.204	25.5	88	23.4	28.0	19.43	1.1423	0.00	1196	8	100.0	60
23-05-30	4:00 a	23.0	23.2	23.0	98	22.7	0.0	---	0.00	0.0	---	23.0	24.8	24.8	24.2	1007.9	0.25	0.0	0	0.00	0	0.0	0.00	0.0	0.000	0.194	25.4	88	23.3	27.8	19.44	1.1435	0.00	1192	8	100.0	60
23-05-30	5:00 a	22.9	23.1	22.9	98	22.6	0.0	---	0.00	0.0	---	22.9	24.8	24.8	24.1	1008.9	0.00	0.0	0	0.00	0	0.0	0.00	0.0	0.000	0.192	25.2	89	23.3	27.6	19.95	1.1453	0.00	1197	8	100.0	60
23-05-30	6:00 a	23.1	23.1	22.9	99	22.9	0.0	---	0.00	0.0	---	23.1	25.0	25.0	24.4	1009.4	0.00	0.0	8	0.69	19	0.0	0.00	0.0	0.000	0.197	25.1	90	23.4	27.4	20.45	1.1461	0.00	1195	8	100.0	60
23-05-30	7:00 a	24.0	24.0	23.1	99	23.8	0.0	ESE	0.00	0.4	ESE	24.0	26.2	26.2	26.3	1009.7	0.00	0.0	26	2.24	33	0.0	0.00	0.0	0.000	0.236	26.0	92	24.6	29.3	21.13	1.1405	0.03	1193	8	100.0	60
23-05-30	8:00 a	26.7	26.7	24.0	99	26.6	0.0	NW	0.00	1.3	SW	26.7	32.0	32.0	35.0	1010.4	0.00	0.0	195	16.77	541	1.2	0.51	3.2	0.000	0.350	27.4	92	26.0	32.8	21.18	1.1326	0.13	1187	8	100.0	60
23-05-30	9:00 a	27.5	27.7	26.7	96	26.8	0.4	NNW	1.61	0.9	NW	27.5	33.7	33.7	39.6	1010.8	0.00	0.0	491	42.23	837	3.8	1.63	5.9	0.000	0.382	28.6	90	26.8	35.8	20.17	1.1269	0.30	1196	8	100.0	60
23-05-30	10:00 a	30.6	30.8	27.4	76	25.8	0.4	NNE	1.61	1.8	SSE	30.6	37.8	37.8	44.8	1010.0	0.00	0.0	853	73.37	1020	4.9	2.10	6.2	0.000	0.509	29.9	83	26.7	37.8	16.81	1.1212	0.53	1192	8	100.0	60
23-05-30	11:00 a	30.9	31.2	30.3	85	28.1	0.4	S	1.61	1.8	SSW	30.9	41.8	41.8	48.9	1009.5	0.00	0.0	931	80.08	1051	7.5	3.21	11.2	0.000	0.523	30.5	77	26.0	37.9	14.74	1.1202	0.61	1194	8	100.0	60
23-05-30	12:00 p	31.5	31.7	30.8	77	27.0	0.4	SSW	1.61	2.7	SSW	31.5	40.9	40.9	47.8	1008.9	0.00	0.0	669	57.54	1000	11.3	4.84	11.8	0.000	0.549	31.7	75	26.7	40.8	14.09	1.1138	0.46	1194	8	100.0	60
23-05-30	1:00 p	31.3	31.8	31.0	75	26.3	0.9	SSE	3.22	2.2	SSE	31.3	39.2	39.2	45.8	1008.6	0.00	0.0	636	54.70	951	10.7	4.59	11.6	0.000	0.539	31.2	76	26.4	39.1	14.36	1.1158	0.43	1198	8	100.0	60
23-05-30	2:00 p	31.0	31.7	30.4	78	26.7	0.9	S	3.22	3.6	E	31.0	39.3	39.3	46.3	1007.8	0.00	0.0	734	63.13	1000	7.4	3.17	10.1	0.000	0.528	30.8	79	26.8	39.3	15.30	1.1153	0.48	1195	8	100.0	60
23-05-30	3:00 p	28.7	31.6	28.6	89	26.7	0.9	SSE	3.22	3.1	ESE	28.7	35.8	35.8	40.9	1007.4	0.00	0.0	373	32.08	969	3.5	1.50	7.5	0.000	0.431	30.2	83	27.0	38.6	16.80	1.1168	0.28	1197	8	100.0	60
23-05-30	4:00 p	28.7	30.1	28.6	89	26.7	0.9	SE	3.22	4.0	ESE	28.7	35.8	35.8	39.6	1007.5	0.00	0.0	206	17.72	448	1.5	0.64	2.9	0.000	0.431	29.4	86	26.8	37.1	18.06	1.1202	0.15	1197	8	100.0	60
23-05-30	5:00 p	27.8	28.8	27.8	90	26.0	0.4	S	1.61	2.7	ESE	27.8	33.6	33.6	35.4	1008.2	0.00	0.0	88	7.57	200	0.2	0.09	1.0	0.000	0.396	28.9	85	26.2	35.7	17.70	1.1242	0.05	1195	8	100.0	60
23-05-30	6:00 p	26.9	27.9	26.9	95	26.0	0.4	SSE	1.61	3.1	SE	26.9	31.7	31.7	31.2	1009.0	0.00	0.0	11	0.95	37	0.0	0.00	0.0	0.000	0.356	28.6	87	26.2	35.0	18.55	1.1266	0.00	1194	8	100.0	60
23-05-30	7:00 p	26.7	26.9	26.6	96	26.0	0.0	ESE	0.00	1.8	ESE	26.7	31.3	31.3	30.7	1009.6	1.02	14.0	0	0.00	0	0.0	0.00	0.0	0.000	0.347	28.3	89	26.3	34.6	19.66	1.1279	0.00	1196	8	100.0	60
23-05-30	8:00 p	26.3	26.7	26.3	97	25.8	0.0	ESE	0.00	0.4	ESE	26.3	30.7	30.7	30.0	1010.1	0.00	0.0	0	0.00	0	0.0	0.00	0.0	0.000	0.333	27.8	90	26.0	33.4	20.29	1.1311	0.00	1198	8	100.0	60
23-05-30	9:00 p	26.3	26.4	26.3	97	25.8	0.0	---	0.00	0.0	---	26.3	30.6	30.6	29.9	1010.5	0.00	0.0	0	0.00	0	0.0	0.00	0.0	0.000	0.331	27.9	90	26.2	33.8	20.27	1.1306	0.00	1194	8	100.0	60
23-05-30	10:00 p	26.2	26.3	26.2	97	25.7	0.0	ESE	0.00	0.4	ESE	26.2	30.2	30.2	29.6	1010.8	0.00	0.0	0	0.00	0	0.0	0.00	0.0	0.000	0.326	27.7	91	26.1	33.4	20.90	1.1319	0.00	1193	8	100.0	60
23-05-30	11:00 p	25.6	26.2	25.6	96	24.9	0.0	N	0.00	1.3	ENE	25.6	28.8	28.8	28.1	1010.5	0.00	0.0	0	0.00	0	0.0	0.00	0.0	0.000	0.303	27.2	90	25.4	31.7	20.38	1.1353	0.00	1199	8	100.0	60
23-05-31	12:00 a	25.3	25.7	25.3	97	24.8	0.0	NNE	0.00	0.9	NNE	25.3	28.3	28.3	27.6	1010.3	2.29	19.3	0	0.00	0	0.0	0.00	0.0	0.000	0.292	26.8	90	25.1	30.8	20.43	1.1370	0.00	1199	8	100.0	60
23-05-31	1:00 a	25.3	25.3	25.2	98	24.9	0.0	NNE	0.00	0.9	NNE	25.3	28.3	28.3	27.6	1009.6	4.83	23.6	0	0.00	0	0.0	0.00	0.0	0.000	0.289	27.1	90	25.3	31.4	20.39	1.1348	0.00	1194	8	100.0	60
23-05-31	2:00 a	25.1	25.2	25.1	98	24.7	0.0	---	0.00	0.0	---	25.1	27.8	27.8	27.1	1009.0	0.76	3.8	0	0.00	0	0.0	0.00	0.0	0.000	0.280	26.9	89	25.0	30.9	19.90	1.1353	0.00	1190	8	100.0	60
23-05-31	3:00 a	25.0	25.1	24.9	98	24.7	0.0	---	0.00	0.0	---	25.0	27.7	27.7	27.0	1009.0	0.25	1.8	0	0.00	0	0.0	0.00	0.0	0.000	0.278	26.8	90	25.0	30.7	20.43	1.1359	0.00	1193	8	100.0	60
23-05-31	4:00 a	24.9	25.0	24.9	98	24.6	0.0	---	0.00	0.0	---	24.9	27.6	27.6	26.9	1009.1	0.00	0.0	0	0.00	0	0.0	0.00	0.0	0.000	0.275	26.7	90	24.9	30.4	20.45	1.1366	0.00	1196	8	100.0	60
23-05-31	5:00 a	24.9	24.9	24.8	98	24.6	0.0	---	0.00	0.0	---	24.9	27.6	27.6	26.8	1009.1	0.25	0.0	0	0.00	0	0.0	0.00	0.0	0.000	0.273	26.6	90	24.8	30.3	20.45	1.1370	0.00	1196	8	100.0	60
23-05-31	6:00 a	25.2	25.2	24.8	99	25.0	0.0	---	0.00	0.0	---	25.2	28.2	28.2	27.8	1009.8	0.25	0.0	27	2.32	81	0.0	0.00	0.0	0.000	0.285	26.6	91	25.0	30.3	21.05	1.1376	0.03	1194	8	100.0	60
23-05-31	7:00 a	25.9	26.0	25.2	99	25.8	0.0	---	0.00	0.0	---	25.9	29.9	29.9	32.4	1010.3	0.00	0.0	129	11.10	169	0.3	0.13	0.7	0.000	0.317	27.3	91	25.7	32.3	20.95	1.1336	0.08	1197	8	100.0	60
23-05-31	8:00 a	26.5	26.7	25.9	97	26.0	0.0	SSW	0.00	0.9	SW	26.5	31.1	31.1	34.1	1010.9	0.00	0.0	200	17.20	352	1.4	0.60	2.4	0.000	0.340	27.8	90	26.0	33.6	20.28	1.1317	0.13	1191	8	100.0	60
23-05-31	9:00 a	27.8	28.1	26.3	92	26.4	0.0	S	0.00	0.4	WSW	27.8	33.8	33.8	37.9	1010.7	0.00	0.0	329	28.30	940	3.3	1.41	5.4	0.000	0.394	28.6	88	26.4	35.2	19.01	1.1281	0.23	1194	8	100.0	60
23-05-31	10:00 a	28.7	28.7	27.2	87	26.3	0.0	S	0.00	1.8	SSE	28.7	35.3	35.3	39.4	1010.7	0.00	0.0	346	29.76	819	4.3	1.84	5.4	0.000	0.431	29.0	89	27.0	36.8	19.53	1.1248	0.25	1192	8	100.0	60
23-05-31	11:00 a	28.1	28.7	27.8	91	26.5	0.0	S	0.00	1.3	E	28.1	34.6	34.6	38.6	1010.3	0.00	0.0	328	28.21	380	4.8	2.06	5.6	0.000	0.407	29.3	86	26.7	36.8	18.07	1.1241	0.20	1194	8	100.0	60
23-05-31	12:00 p	29.3	29.6	27.9	84	26.3	0.4	S	1.61	2.2	SSE	29.3	36.4	36.4	42.1	1010.4	0.00	0.0	499	42.92	608	7.3	3.13	10.2	0.000	0.458	29.6	85	26.8	37.2	17.64	1.1230	0.33	1197	8	100.0	60
23-05-31	1:00 p	31.1	31.4	29.1	79	27.0	0.4	ESE	1.61	4.5	S	31.1	39.9	39.9	46.8	1009.7	0.00	0.0	695	59.78	1276	8.9	3.81	13.2	0.000	0.532	29.7	86	27.1	38.0	18.02	1.1208	0.48	1196	8	100.0	60
23-05-31	2:00 p	30.6	31.2	29.4	83	27.4	0.9	SE	3.22	4.0	S	30.6	40.2	40.2	46.8	1008.9	0.00	0.0	616	52.98	1114	7.4	3.17	11.2	0.000	0.512	29.8	86	27.2	38.2	18.01	1.1195	0.43	1194	8	100.0	60
23-05-31	3:00 p	29.5	31.1	29.4	85	26.7	0.9	SE	3.22	4.0	SE	29.5	37.1	37.1	43.8	1009.0	0.00	0.0	579	49.80	831	4.8	2.06	6.8	0.000	0.465	29.4	87	27.0	37.3	18.46	1.1215	0.38	1194	8	100.0	60
23-05-31	4:00 p	29.6	30.1	29.2	88	27.4	0.4	SE	1.61	2.2	SE	29.6	38.1	38.1	43.4	1008.8	0.00	0.0	300	25.80	584	1.8	0.77	2.6	0.000	0.468	29.2	89	27.2	37.2	19.50	1.1216	0.20	1199	8	100.0	60
23-05-31	5:00 p	27.4	29.6	27.4	90	25.6	0.4	SE	1.61	3.1	SSE	27.4	32.3	32.3	33.3	1009.6	0.00	0.0	53	4.56	202	0.4	0.17	1.3	0.000	0.377	28.7	87	26.3	35.3	18.53	1.1265	0.05	1197	8	100.0	60
23-05-31	6:00 p	24.9	27.4	24.8	97	24.4	0.4	ENE	1.61	4.0	ENE	24.9	27.4	27.4	26.8	1010.0	3.56	16.8	4	0.34	12	0.0	0.00	0.0	0.000	0.273	27.5	87	25.1	32.1	18.66	1.1340	0.00	1199	8	100.0	60
23-05-31	7:00 p	24.9	25.2	24.8	98	24.6	0.0	NNE	0.00	1.8	N	24.9	27.6	27.6	26.9	1010.8	17.78	113.5	0	0.00	0	0.0	0.00	0.0	0.000	0.273	27.1	89	25.1	31.2	19.88	1.1367	0.00	1199	8	100.0	60
23-05-31	8:00 p	24.9	25.0	24.8	98	24.6	0.0	NE	0.00	2.2	NNE	24.9	27.6	27.6	26.9	1011.3	3.81	55.9	0	0.00	0	0.0	0.00	0.0	0.000	0.273	27.4	88	25.2	31.9	19.22	1.1357	0.00	1198	8	100.0	60
23-05-31	9:00 p	24.7	24.9	24.7	98	24.4	0.0	ESE	0.00	0.9	SSE	24.7	27.3	27.3	26.6	1011.9	4.57	59.2	0	0.00	0	0.0	0.00	0.0	0.000	0.266	27.1	89	25.1	31.2	19.88	1.1380	0.00	1197	8	100.0	60
23-05-31	10:00 p	24.7	24.7	24.7	99	24.6	0.0	ESE	0.00	0.9	SE	24.7	27.3	27.3	26.7	1011.4	4.06	8.9	0	0.00	0	0.0	0.00	0.0	0.000	0.266	26.9	89	25.0	30.9	19.90	1.1381	0.00	1196	8	100.0	60
23-05-31	11:00 p	24.7	24.8	24.7	99	24.5	0.0	WNW	0.00	0.9	WSW	24.7	27.2	27.2	26.6	1010.9	3.56	6.3	0	0.00	0	0.0	0.00	0.0	0.000	0.264	26.6	90	24.8	30.2	20.45	1.1394	0.00	1197	8	100.0	60
23-06-01	12:00 a	24.7	24.7	24.7	99	24.5	0.0	NE	0.00	0.9	WNW	24.7	27.2	27.2	26.6	1010.2	0.51	2.3	0	0.00	0	0.0	0.00	0.0	0.000	0.264	26.7	90	24.9	30.6	20.44	1.1376	0.00	1199	8	100.0	60
23-06-01	1:00 a	24.8	24.8	24.7	99	24.6	0.4	NE	1.61	3.6	ENE	24.8	27.4	27.4	26.7	1009.2	0.00	0.0	0	0.00	0	0.0	0.00	0.0	0.000	0.269	26.6	90	24.8	30.2	20.45	1.1374	0.00	1197	8	100.0	60
23-06-01	2:00 a	24.8	24.8	24.7	98	24.4	0.0	NE	0.00	1.8	NNW	24.8	27.3	27.3	26.7	1008.3	0.00	0.0	0	0.00	0	0.0	0.00	0.0	0.000	0.269	26.6	90	24.8	30.2	20.45	1.1363	0.00	1198	8	100.0	60
23-06-01	3:00 a	24.6	24.8	24.6	98	24.2	0.0	ESE	0.00	0.4	ESE	24.6	26.9	26.9	26.3	1007.9	0.00	0.0	0	0.00	0	0.0	0.00	0.0	0.000	0.259	26.4	90	24.6	29.9	20.45	1.1369	0.00	1197	8	100.0	60
23-06-01	4:00 a	24.3	24.6	24.3	98	24.0	0.0	---	0.00	0.0	---	24.3	26.6	26.6	25.9	1007.7	0.00	0.0	0	0.00	0	0.0	0.00	0.0	0.000	0.250	26.2	90	24.4	29.4	20.45	1.1379	0.00	1199	8	100.0	60
23-06-01	5:00 a	23.9	24.3	23.9	98	23.6	0.0	---	0.00	0.0	---	23.9	26.0	26.0	25.3	1008.0	0.00	0.0	0	0.00	0	0.0	0.00	0.0	0.000	0.231	25.9	89	23.9	28.8	19.95	1.1404	0.00	1195	8	100.0	60
23-06-01	6:00 a	23.9	23.9	23.7	99	23.7	0.0	---	0.00	0.0	---	23.9	26.0	26.0	25.4	1008.5	0.00	0.0	14	1.20	40	0.0	0.00	0.0	0.000	0.231	25.8	90	24.0	28.7	20.45	1.1412	0.00	1198	8	100.0	60
23-06-01	7:00 a	24.8	24.8	23.9	99	24.6	0.0	---	0.00	0.0	---	24.8	27.4	27.4	28.5	1009.2	0.00	0.0	67	5.76	104	0.3	0.13	0.8	0.000	0.269	26.2	91	24.6	29.6	21.03	1.1390	0.05	1198	8	100.0	60
23-06-01	8:00 a	26.4	26.4	24.8	98	26.0	0.0	---	0.00	0.0	---	26.4	30.9	30.9	34.4	1010.0	0.00	0.0	231	19.87	457	1.7	0.73	3.0	0.000	0.336	27.2	93	26.0	32.3	21.27	1.1331	0.15	1194	8	100.0	60
23-06-01	9:00 a	28.1	28.1	26.4	95	27.2	0.0	ENE	0.00	1.3	NE	28.1	35.5	35.5	41.4	1010.5	0.00	0.0	499	42.92	684	4.0	1.71	5.6	0.000	0.407	28.7	92	27.2	36.5	21.22	1.1253	0.30	1197	8	100.0	60
23-06-01	10:00 a	30.6	30.6	28.1	86	28.0	0.4	E	1.61	1.8	WSW	30.6	41.4	41.4	48.5	1010.7	0.00	0.0	715	61.50	1078	4.9	2.10	5.6	0.000	0.512	29.8	83	26.6	37.3	16.83	1.1230	0.46	1199	8	100.0	60
23-06-01	11:00 a	29.8	31.0	29.1	91	28.1	0.4	SSE	1.61	2.7	S	29.8	39.9	39.9	45.7	1010.4	0.00	0.0	511	43.95	965	6.1	2.61	6.6	0.000	0.477	30.3	87	27.9	40.4	18.36	1.1177	0.36	1195	8	100.0	60
23-06-01	12:00 p	30.7	31.1	29.6	83	27.4	0.4	SSE	1.61	2.7	NE	30.7	40.3	40.3	46.2	1009.7	0.00	0.0	522	44.90	1071	8.6	3.69	12.7	0.000	0.514	30.5	87	28.1	41.5	18.34	1.1155	0.38	1196	8	100.0	60
23-06-01	1:00 p	30.5	31.5	30.1	86	27.9	0.9	SE	3.22	3.1	SE	30.5	41.0	41.0	46.0	1009.3	0.00	0.0	428	36.81	722	7.5	3.21	11.7	0.000	0.507	30.4	86	27.8	40.6	17.95	1.1162	0.30	1199	8	100.0	60
23-06-01	2:00 p	30.3	30.8	29.4	90	28.5	0.4	SE	1.61	2.7	SSE	30.3	42.1	42.1	46.6	1008.8	0.00	0.0	362	31.14	573	4.7	2.01	7.2	0.000	0.500	30.1	87	27.7	39.4	18.38	1.1172	0.25	1196	8	100.0	60
23-06-01	3:00 p	29.4	30.9	29.4	88	27.2	0.4	SSE	1.61	2.7	ESE	29.4	37.6	37.6	42.6	1008.4	0.00	0.0	368	31.65	686	4.0	1.71	6.0	0.000	0.461	29.9	87	27.5	38.8	18.40	1.1177	0.28	1196	8	100.0	60
23-06-01	4:00 p	28.4	29.5	28.3	95	27.5	0.0	SSE	0.00	0.9	SSE	28.4	36.4	36.4	39.1	1008.5	0.00	0.0	146	12.56	202	1.2	0.51	2.1	0.000	0.419	29.8	89	27.8	39.2	19.39	1.1176	0.10	1196	8	100.0	60
23-06-01	5:00 p	27.9	28.4	27.8	97	27.4	0.0	ESE	0.00	1.3	SE	27.9	35.2	35.2	37.2	1009.3	0.00	0.0	91	7.83	125	0.3	0.13	0.7	0.000	0.398	29.7	89	27.7	38.8	19.41	1.1192	0.05	1193	8	100.0	60
23-06-01	6:00 p	27.0	27.9	27.0	97	26.5	0.0	SSE	0.00	0.4	SSE	27.0	32.4	32.4	31.9	1009.8	0.00	0.0	15	1.29	44	0.0	0.00	0.0	0.000	0.361	28.8	90	27.0	36.5	20.14	1.1244	0.00	1196	8	100.0	60
23-06-01	7:00 p	26.4	27.1	26.4	97	25.9	0.0	---	0.00	0.0	---	26.4	30.9	30.9	30.3	1010.0	0.00	0.0	0	0.00	0	0.0	0.00	0.0	0.000	0.338	28.6	89	26.6	35.4	19.61	1.1268	0.00	1194	8	100.0	60
23-06-01	8:00 p	26.4	26.4	26.2	98	26.0	0.0	---	0.00	0.0	---	26.4	30.9	30.9	30.3	1011.0	0.00	0.0	0	0.00	0	0.0	0.00	0.0	0.000	0.336	27.9	91	26.3	33.9	20.87	1.1311	0.00	1198	8	100.0	60
23-06-01	9:00 p	26.2	26.5	26.1	98	25.8	0.0	ESE	0.00	1.8	SSE	26.2	30.4	30.4	29.7	1011.7	1.78	17.3	0	0.00	0	0.0	0.00	0.0	0.000	0.326	28.0	90	26.2	34.0	20.26	1.1316	0.00	1197	8	100.0	60
23-06-01	10:00 p	25.9	26.2	25.8	97	25.4	0.4	N	1.61	4.5	NNW	25.9	29.6	29.6	28.9	1011.5	0.00	0.0	0	0.00	0	0.0	0.00	0.0	0.000	0.315	27.8	89	25.8	33.2	19.75	1.1332	0.00	1197	8	100.0	60
23-06-01	11:00 p	25.7	25.9	25.7	97	25.2	0.4	NNW	1.61	2.2	NNW	25.7	29.2	29.2	28.5	1010.8	0.00	0.0	0	0.00	0	0.0	0.00	0.0	0.000	0.308	27.3	90	25.5	32.1	20.35	1.1347	0.00	1195	8	100.0	60
23-06-02	12:00 a	25.6	25.8	25.6	97	25.1	0.0	NNW	0.00	1.3	N	25.6	28.9	28.9	28.2	1010.0	0.25	0.0	0	0.00	0	0.0	0.00	0.0	0.000	0.303	27.3	90	25.5	31.9	20.36	1.1340	0.00	1190	8	100.0	60
23-06-02	1:00 a	25.4	25.6	25.4	98	25.1	0.0	---	0.00	0.0	---	25.4	28.6	28.6	27.9	1009.5	0.00	0.0	0	0.00	0	0.0	0.00	0.0	0.000	0.294	27.2	90	25.4	31.8	20.37	1.1338	0.00	1188	8	100.0	60
23-06-02	2:00 a	25.3	25.4	25.3	98	25.0	0.0	---	0.00	0.0	---	25.3	28.4	28.4	27.7	1008.6	0.25	0.0	0	0.00	0	0.0	0.00	0.0	0.000	0.292	27.1	90	25.3	31.4	20.39	1.1337	0.00	1196	8	100.0	60
23-06-02	3:00 a	25.3	25.3	25.3	98	25.0	0.0	---	0.00	0.0	---	25.3	28.4	28.4	27.7	1008.0	0.00	0.0	0	0.00	0	0.0	0.00	0.0	0.000	0.292	26.9	91	25.3	31.3	21.01	1.1333	0.00	1198	8	100.0	60
23-06-02	4:00 a	25.3	25.4	25.3	98	24.9	0.0	---	0.00	0.0	---	25.3	28.3	28.3	27.6	1007.8	0.00	0.0	0	0.00	0	0.0	0.00	0.0	0.000	0.289	26.9	91	25.3	31.3	21.01	1.1330	0.00	1199	8	100.0	60
23-06-02	5:00 a	25.3	25.3	25.2	98	24.9	0.0	NNW	0.00	0.4	NNW	25.3	28.3	28.3	27.6	1007.7	0.00	0.0	0	0.00	0	0.0	0.00	0.0	0.000	0.289	26.8	91	25.2	31.0	21.03	1.1335	0.00	1187	8	100.0	60
23-06-02	6:00 a	25.2	25.3	25.2	98	24.8	0.0	NNW	0.00	0.4	NNW	25.2	28.1	28.1	27.4	1008.5	0.25	0.0	9	0.77	28	0.0	0.00	0.0	0.000	0.285	26.7	91	25.1	30.7	21.04	1.1352	0.00	1195	8	100.0	60
23-06-02	7:00 a	25.6	25.6	25.2	99	25.4	0.0	NNW	0.00	0.4	NNW	25.6	29.0	29.0	29.8	1009.1	0.00	0.0	51	4.39	86	0.1	0.04	0.6	0.000	0.301	26.9	91	25.3	31.3	21.01	1.1346	0.03	1198	8	100.0	60
23-06-02	8:00 a	26.6	26.6	25.6	99	26.4	0.0	NNW	0.00	0.4	NNW	26.6	31.6	31.6	33.4	1009.5	0.00	0.0	126	10.84	221	1.1	0.47	2.1	0.000	0.343	27.4	92	26.0	32.8	21.18	1.1316	0.08	1197	8	100.0	60
23-06-02	9:00 a	29.0	29.0	26.5	94	27.9	0.4	NNW	1.61	2.2	SSE	29.0	38.2	38.2	43.8	1009.8	0.00	0.0	462	39.74	759	3.9	1.67	6.1	0.000	0.444	28.7	91	27.1	36.2	20.76	1.1250	0.30	1194	8	100.0	60
23-06-02	10:00 a	31.4	31.4	28.9	80	27.6	0.9	SE	3.22	3.1	SE	31.4	41.8	41.8	48.3	1009.5	0.00	0.0	920	79.13	1164	5.2	2.23	6.1	0.000	0.546	30.2	88	28.0	40.6	18.77	1.1164	0.61	1195	8	100.0	60
23-06-02	11:00 a	30.1	32.2	30.0	88	27.8	0.9	SSE	3.22	3.6	S	30.1	39.8	39.8	46.8	1009.3	0.00	0.0	682	58.66	1222	6.4	2.74	7.5	0.000	0.488	30.7	85	27.9	41.1	17.52	1.1150	0.46	1195	8	100.0	60
23-06-02	12:00 p	28.9	30.7	28.7	90	27.1	0.4	SE	1.61	3.6	SSE	28.9	36.7	36.7	40.7	1008.8	0.00	0.0	329	28.30	533	5.4	2.31	10.3	0.000	0.440	30.2	87	27.8	40.2	18.37	1.1162	0.25	1197	8	100.0	60
23-06-02	1:00 p	28.9	29.1	28.3	93	27.7	0.4	ENE	1.61	1.8	SSE	28.9	37.7	37.7	39.8	1007.8	0.00	0.0	184	15.83	221	2.9	1.24	3.2	0.000	0.442	29.7	88	27.5	38.4	18.83	1.1179	0.13	1197	8	100.0	60
23-06-02	2:00 p	29.7	29.7	28.5	89	27.7	0.4	NE	1.61	1.3	NE	29.7	38.9	38.9	42.1	1006.9	0.00	0.0	248	21.33	304	3.3	1.41	3.5	0.000	0.475	29.9	89	27.9	39.7	19.36	1.1148	0.15	1196	8	100.0	60
23-06-02	3:00 p	29.7	30.6	29.6	90	27.8	0.4	SE	1.61	2.7	ESE	29.7	39.1	39.1	43.9	1006.4	0.00	0.0	347	29.85	592	3.4	1.46	4.5	0.000	0.472	30.4	87	28.0	41.2	18.34	1.1120	0.23	1189	8	100.0	60
23-06-02	4:00 p	29.7	29.7	28.9	86	27.1	0.4	SE	1.61	1.8	SSE	29.7	37.8	37.8	41.4	1005.9	0.00	0.0	198	17.03	367	1.5	0.64	2.1	0.000	0.472	29.5	90	27.7	38.5	20.04	1.1158	0.13	1192	8	100.0	60
23-06-02	5:00 p	28.6	29.7	28.4	94	27.5	0.4	ENE	1.61	3.6	SE	28.6	36.7	36.7	39.1	1006.5	0.00	0.0	106	9.12	134	0.4	0.17	1.0	0.000	0.426	29.7	89	27.7	38.8	19.41	1.1160	0.08	1197	8	100.0	60
23-06-02	6:00 p	27.0	28.6	27.0	96	26.3	0.0	S	0.00	0.9	SSW	27.0	32.2	32.2	31.8	1006.9	0.00	0.0	23	1.98	54	0.0	0.00	0.0	0.000	0.361	28.8	89	26.8	36.1	19.57	1.1218	0.03	1199	8	100.0	60
23-06-02	7:00 p	26.2	27.0	26.2	98	25.9	0.0	---	0.00	0.0	---	26.2	30.5	30.5	29.8	1007.2	0.00	0.0	0	0.00	0	0.0	0.00	0.0	0.000	0.329	28.2	90	26.4	34.4	20.23	1.1254	0.00	1200	8	100.0	60
23-06-02	8:00 p	25.8	26.2	25.8	98	25.4	0.0	---	0.00	0.0	---	25.8	29.4	29.4	28.7	1007.9	0.00	0.0	0	0.00	0	0.0	0.00	0.0	0.000	0.310	27.7	90	25.9	33.1	20.31	1.1292	0.00	1198	8	100.0	60
23-06-02	9:00 p	25.7	25.8	25.7	98	25.3	0.0	ESE	0.00	0.4	ESE	25.7	29.2	29.2	28.4	1007.9	0.00	0.0	0	0.00	0	0.0	0.00	0.0	0.000	0.306	27.4	90	25.6	32.3	20.35	1.1309	0.00	1197	8	100.0	60
23-06-02	10:00 p	25.5	25.7	25.5	98	25.2	0.0	---	0.00	0.0	---	25.5	28.8	28.8	28.1	1008.3	0.00	0.0	0	0.00	0	0.0	0.00	0.0	0.000	0.299	27.3	90	25.5	32.1	20.35	1.1317	0.00	1195	8	100.0	60
23-06-02	11:00 p	25.5	25.6	25.4	98	25.2	0.0	---	0.00	0.0	---	25.5	28.8	28.8	28.1	1008.2	0.00	0.0	0	0.00	0	0.0	0.00	0.0	0.000	0.299	27.4	90	25.6	32.3	20.35	1.1313	0.00	1199	8	100.0	60
23-06-03	12:00 a	25.3	25.5	25.3	98	25.0	0.0	---	0.00	0.0	---	25.3	28.4	28.4	27.7	1007.7	0.00	0.0	0	0.00	0	0.0	0.00	0.0	0.000	0.292	27.1	90	25.3	31.4	20.39	1.1327	0.00	1198	8	100.0	60
23-06-03	1:00 a	25.0	25.3	25.0	98	24.7	0.0	---	0.00	0.0	---	25.0	27.7	27.7	26.9	1007.0	0.00	0.0	0	0.00	0	0.0	0.00	0.0	0.000	0.278	26.8	90	25.1	30.8	20.43	1.1332	0.00	1193	8	100.0	60
23-06-03	2:00 a	24.8	25.0	24.8	98	24.5	0.0	---	0.00	0.0	---	24.8	27.4	27.4	26.7	1006.7	0.00	0.0	0	0.00	0	0.0	0.00	0.0	0.000	0.271	26.7	90	24.9	30.6	20.44	1.1335	0.00	1198	8	100.0	60
23-06-03	3:00 a	24.7	24.8	24.7	98	24.3	0.0	---	0.00	0.0	---	24.7	27.2	27.2	26.4	1006.4	0.00	0.0	0	0.00	0	0.0	0.00	0.0	0.000	0.264	26.6	90	24.8	30.2	20.45	1.1342	0.00	1198	8	100.0	60
23-06-03	4:00 a	24.5	24.7	24.5	98	24.2	0.0	---	0.00	0.0	---	24.5	26.9	26.9	26.1	1006.4	0.00	0.0	0	0.00	0	0.0	0.00	0.0	0.000	0.257	26.3	90	24.6	29.7	20.45	1.1355	0.00	1195	8	100.0	60
23-06-03	5:00 a	24.3	24.5	24.3	98	24.0	0.0	---	0.00	0.0	---	24.3	26.6	26.6	25.8	1006.5	0.00	0.0	0	0.00	0	0.0	0.00	0.0	0.000	0.250	26.3	90	24.5	29.6	20.45	1.1359	0.00	1199	8	100.0	60
23-06-03	6:00 a	24.5	24.5	24.3	99	24.3	0.0	---	0.00	0.0	---	24.5	26.9	26.9	26.2	1007.2	0.00	0.0	8	0.69	19	0.0	0.00	0.0	0.000	0.257	26.3	91	24.7	29.8	21.04	1.1363	0.00	1198	8	100.0	60
23-06-03	7:00 a	25.3	25.3	24.4	99	25.2	0.0	ESE	0.00	0.4	ESE	25.3	28.5	28.5	28.7	1007.8	0.00	0.0	27	2.32	58	0.0	0.00	0.8	0.000	0.292	27.0	91	25.4	31.4	21.00	1.1327	0.03	1191	8	100.0	60
23-06-03	8:00 a	27.3	27.3	25.3	96	26.6	0.0	SSE	0.00	0.9	SSE	27.3	33.2	33.2	37.0	1008.0	0.00	0.0	251	21.59	599	1.8	0.77	3.3	0.000	0.375	28.6	90	26.8	35.8	20.17	1.1237	0.15	1197	8	100.0	60
23-06-03	9:00 a	28.6	29.6	27.3	94	27.5	0.4	SE	1.61	1.3	SSE	28.6	36.9	36.9	43.0	1008.5	0.00	0.0	524	45.07	772	4.0	1.71	5.5	0.000	0.428	29.6	88	27.4	38.3	18.83	1.1191	0.33	1193	8	100.0	60
23-06-03	10:00 a	31.2	31.3	28.5	79	27.1	0.4	SW	1.61	2.2	WNW	31.2	40.4	40.4	47.4	1008.5	0.00	0.0	847	72.85	918	4.4	1.89	5.8	0.000	0.537	30.6	82	27.2	39.8	16.47	1.1160	0.56	1198	8	100.0	60
23-06-03	11:00 a	32.1	32.2	31.2	77	27.5	0.4	SE	1.61	2.2	SSE	32.1	43.2	43.2	49.2	1008.4	0.00	0.0	990	85.15	1100	7.9	3.39	11.8	0.000	0.572	31.0	81	27.4	40.4	16.04	1.1140	0.66	1196	8	100.0	60
23-06-03	12:00 p	32.3	32.3	31.8	79	28.2	0.9	SSE	3.22	2.2	S	32.3	45.0	45.0	52.4	1007.6	0.00	0.0	843	72.51	1063	11.1	4.76	11.7	0.000	0.581	31.4	81	27.8	42.3	16.01	1.1104	0.53	1198	8	100.0	60
23-06-03	1:00 p	32.4	32.4	31.8	75	27.4	0.9	SSE	3.22	4.5	SE	32.4	43.7	43.7	50.1	1007.1	0.00	0.0	602	51.78	977	10.6	4.54	11.3	0.000	0.586	31.7	80	27.8	43.1	15.59	1.1087	0.43	1197	8	100.0	60
23-06-03	2:00 p	32.2	32.4	31.4	80	28.3	0.9	SSE	3.22	4.5	S	32.2	44.9	44.9	52.1	1006.3	0.00	0.0	871	74.92	993	8.1	3.47	9.7	0.000	0.576	31.6	78	27.2	41.6	14.85	1.1098	0.58	1196	8	100.0	60
23-06-03	3:00 p	31.4	32.3	31.3	81	27.8	0.9	SSE	3.22	4.5	S	31.4	42.3	42.3	49.7	1005.9	0.00	0.0	684	58.83	802	4.9	2.10	6.7	0.000	0.546	30.9	82	27.5	40.7	16.44	1.1110	0.46	1195	8	100.0	60
23-06-03	4:00 p	30.2	31.6	30.2	83	27.0	0.9	SSE	3.22	4.5	SSE	30.2	38.8	38.8	45.3	1005.9	0.00	0.0	425	36.55	631	2.0	0.86	3.3	0.000	0.495	30.4	84	27.4	39.7	17.18	1.1133	0.28	1198	8	100.0	60
23-06-03	5:00 p	29.2	30.3	29.2	84	26.2	0.4	SSE	1.61	3.6	ESE	29.2	36.2	36.2	37.7	1006.4	0.00	0.0	69	5.93	369	0.3	0.13	1.1	0.000	0.454	29.8	85	27.0	38.0	17.61	1.1167	0.05	1197	8	100.0	60
23-06-03	6:00 p	27.8	29.3	27.8	93	26.5	0.0	SE	0.00	1.8	SE	27.8	34.0	34.0	33.7	1006.9	0.00	0.0	23	1.98	47	0.0	0.00	0.0	0.000	0.394	29.4	86	26.9	37.2	18.05	1.1192	0.03	1195	8	100.0	60
23-06-03	7:00 p	27.2	27.8	27.1	95	26.4	0.0	SE	0.00	0.9	SE	27.2	32.6	32.6	32.0	1008.0	0.00	0.0	0	0.00	0	0.0	0.00	0.0	0.000	0.370	28.8	88	26.6	36.1	18.96	1.1232	0.00	1198	8	100.0	60
23-06-03	8:00 p	27.2	27.3	27.2	95	26.3	0.0	ESE	0.00	0.9	SE	27.2	32.4	32.4	31.8	1008.4	0.00	0.0	0	0.00	0	0.0	0.00	0.0	0.000	0.368	28.5	89	26.5	35.2	19.62	1.1252	0.00	1199	8	100.0	60
23-06-03	9:00 p	26.7	27.2	26.7	95	25.8	0.0	---	0.00	0.0	---	26.7	31.2	31.2	30.6	1008.5	0.00	0.0	0	0.00	0	0.0	0.00	0.0	0.000	0.347	27.9	89	26.0	33.7	19.72	1.1288	0.00	1199	8	100.0	60
23-06-03	10:00 p	26.3	26.7	26.2	96	25.6	0.0	---	0.00	0.0	---	26.3	30.4	30.4	29.8	1008.6	0.00	0.0	0	0.00	0	0.0	0.00	0.0	0.000	0.331	27.6	90	25.8	32.9	20.31	1.1304	0.00	1200	8	100.0	60
23-06-03	11:00 p	26.1	26.3	26.1	97	25.5	0.0	---	0.00	0.0	---	26.1	30.0	30.0	29.3	1008.6	0.00	0.0	0	0.00	0	0.0	0.00	0.0	0.000	0.322	27.8	90	26.0	33.6	20.28	1.1291	0.00	1199	8	100.0	60
23-06-04	12:00 a	26.0	26.1	25.9	97	25.5	0.0	---	0.00	0.0	---	26.0	29.8	29.8	29.2	1007.8	0.00	0.0	0	0.00	0	0.0	0.00	0.0	0.000	0.319	27.7	90	25.9	33.2	20.30	1.1288	0.00	1198	8	100.0	60
23-06-04	1:00 a	25.8	26.1	25.8	97	25.3	0.0	---	0.00	0.0	---	25.8	29.4	29.4	28.8	1007.2	0.00	0.0	0	0.00	0	0.0	0.00	0.0	0.000	0.313	27.4	90	25.6	32.3	20.35	1.1301	0.00	1195	8	100.0	60
23-06-04	2:00 a	25.6	25.8	25.6	97	25.1	0.0	---	0.00	0.0	---	25.6	28.9	28.9	28.2	1006.9	0.00	0.0	0	0.00	0	0.0	0.00	0.0	0.000	0.303	27.4	90	25.7	32.4	20.34	1.1294	0.00	1197	8	100.0	60
23-06-04	3:00 a	25.3	25.6	25.3	97	24.8	0.0	---	0.00	0.0	---	25.3	28.3	28.3	27.7	1006.5	0.00	0.0	0	0.00	0	0.0	0.00	0.0	0.000	0.292	27.1	90	25.3	31.4	20.39	1.1313	0.00	1193	8	100.0	60
23-06-04	4:00 a	25.1	25.3	25.1	98	24.8	0.0	---	0.00	0.0	---	25.1	27.9	27.9	27.3	1006.6	0.00	0.0	0	0.00	0	0.0	0.00	0.0	0.000	0.282	27.0	90	25.2	31.2	20.40	1.1317	0.00	1197	8	100.0	60
23-06-04	5:00 a	25.0	25.2	25.0	98	24.7	0.0	---	0.00	0.0	---	25.0	27.7	27.7	27.1	1006.7	0.00	0.0	0	0.00	0	0.0	0.00	0.0	0.000	0.278	26.8	90	25.1	30.8	20.43	1.1328	0.00	1198	8	100.0	60
23-06-04	6:00 a	25.6	25.6	25.0	99	25.4	0.0	---	0.00	0.0	---	25.6	29.1	29.1	28.9	1007.5	0.00	0.0	34	2.92	63	0.0	0.00	0.0	0.000	0.303	26.9	91	25.3	31.3	21.01	1.1327	0.03	1195	8	100.0	60
23-06-04	7:00 a	26.6	26.7	25.6	98	26.3	0.0	ESE	0.00	0.4	ESE	26.6	31.5	31.5	33.2	1008.1	0.00	0.0	91	7.83	151	0.3	0.13	0.7	0.000	0.345	27.7	91	26.1	33.4	20.90	1.1287	0.05	1198	8	100.0	60
23-06-04	8:00 a	28.9	29.1	26.6	92	27.5	0.0	ESE	0.00	1.8	SSW	28.9	37.4	37.4	40.7	1009.1	0.00	0.0	215	18.49	752	1.6	0.69	3.0	0.000	0.442	28.7	89	26.7	35.9	19.58	1.1247	0.15	1199	8	100.0	60
23-06-04	9:00 a	27.9	28.9	27.8	94	26.8	0.0	ESE	0.00	1.8	W	27.9	34.6	34.6	35.8	1009.5	0.00	0.0	113	9.72	237	1.2	0.51	1.8	0.000	0.398	28.9	88	26.7	36.2	18.95	1.1246	0.08	1193	8	100.0	60
23-06-04	10:00 a	28.4	28.4	27.7	95	27.5	0.0	SSW	0.00	0.4	SSW	28.4	36.4	36.4	37.8	1009.4	0.00	0.0	126	10.84	206	1.6	0.69	2.5	0.000	0.419	28.8	89	26.8	36.1	19.57	1.1247	0.08	1199	8	100.0	60
23-06-04	11:00 a	27.7	28.5	27.7	93	26.4	0.4	ENE	1.61	1.3	SSE	27.7	33.7	33.7	35.4	1009.1	0.00	0.0	158	13.59	207	2.1	0.90	2.7	0.000	0.389	28.7	88	26.5	35.7	18.98	1.1252	0.10	1195	8	100.0	60
23-06-04	12:00 p	28.8	28.8	27.6	91	27.2	0.0	ENE	0.00	1.3	ENE	28.8	36.8	36.8	39.5	1009.0	0.00	0.0	225	19.35	338	3.2	1.37	4.8	0.000	0.438	29.0	87	26.6	36.3	18.50	1.1238	0.15	1198	8	100.0	60
23-06-04	1:00 p	29.7	29.9	28.8	91	28.1	0.4	N	1.61	1.3	SE	29.7	39.7	39.7	44.4	1008.6	0.00	0.0	395	33.97	519	5.4	2.31	6.4	0.000	0.475	29.4	86	26.9	37.2	18.05	1.1211	0.25	1196	8	100.0	60
23-06-04	2:00 p	28.7	30.3	28.7	91	27.1	0.4	S	1.61	1.8	ESE	28.7	36.4	36.4	41.0	1007.7	0.00	0.0	381	32.77	670	4.3	1.84	6.4	0.000	0.433	29.3	85	26.5	36.6	17.66	1.1213	0.25	1194	8	100.0	60
23-06-04	3:00 p	27.1	28.8	27.1	94	26.0	0.4	SSW	1.61	6.7	SSE	27.1	32.0	32.0	33.4	1007.9	0.00	0.0	112	9.63	204	1.1	0.47	2.1	0.000	0.363	29.2	85	26.4	36.3	17.68	1.1224	0.08	1199	8	100.0	60
23-06-04	4:00 p	27.1	27.3	26.9	95	26.2	0.4	W	1.61	2.2	SSE	27.1	32.3	32.3	33.8	1007.7	0.00	0.0	88	7.57	162	0.6	0.26	1.3	0.000	0.366	28.2	89	26.2	34.4	19.67	1.1261	0.05	1195	8	100.0	60
23-06-04	5:00 p	26.9	27.1	26.9	97	26.4	0.0	SSE	0.00	1.3	SSE	26.9	32.3	32.3	33.1	1008.8	0.00	0.0	40	3.44	56	0.0	0.00	0.0	0.000	0.359	28.3	90	26.5	34.9	20.21	1.1263	0.03	1195	8	100.0	60
23-06-04	6:00 p	26.8	26.9	26.7	97	26.3	0.0	S	0.00	0.9	S	26.8	31.8	31.8	31.3	1008.9	0.00	0.0	9	0.77	23	0.0	0.00	0.0	0.000	0.352	28.3	89	26.3	34.6	19.66	1.1272	0.00	1195	8	100.0	60
23-06-04	7:00 p	26.7	26.8	26.6	97	26.2	0.0	WSW	0.00	0.4	WSW	26.7	31.5	31.5	30.9	1009.4	0.00	0.0	0	0.00	0	0.0	0.00	0.0	0.000	0.347	28.2	90	26.4	34.4	20.23	1.1280	0.00	1195	8	100.0	60
23-06-04	8:00 p	25.9	26.7	25.9	97	25.4	0.0	WNW	0.00	2.7	W	25.9	29.7	29.7	29.1	1010.6	11.43	133.1	0	0.00	0	0.0	0.00	0.0	0.000	0.317	27.8	89	25.8	33.2	19.75	1.1321	0.00	1190	8	100.0	60
23-06-04	9:00 p	25.3	25.9	25.3	97	24.8	0.0	NE	0.00	2.2	SSE	25.3	28.3	28.3	27.7	1011.6	0.76	1.3	0	0.00	0	0.0	0.00	0.0	0.000	0.292	27.3	89	25.4	31.9	19.83	1.1360	0.00	1197	8	100.0	60
23-06-04	10:00 p	25.0	25.3	24.9	97	24.5	0.0	ESE	0.00	1.8	SSE	25.0	27.7	27.7	27.1	1011.7	2.29	10.2	0	0.00	0	0.0	0.00	0.0	0.000	0.278	27.1	89	25.1	31.2	19.88	1.1377	0.00	1192	8	100.0	60
23-06-04	11:00 p	24.9	25.0	24.9	98	24.6	0.0	ESE	0.00	0.4	ESE	24.9	27.6	27.6	26.9	1012.0	1.52	2.3	0	0.00	0	0.0	0.00	0.0	0.000	0.273	26.8	90	25.0	30.7	20.43	1.1394	0.00	1192	8	100.0	60
23-06-05	12:00 a	24.9	24.9	24.8	98	24.6	0.0	---	0.00	0.0	---	24.9	27.6	27.6	26.9	1011.7	3.05	8.9	0	0.00	0	0.0	0.00	0.0	0.000	0.273	26.8	90	25.1	30.8	20.43	1.1386	0.00	1196	8	100.0	60
23-06-05	1:00 a	24.9	24.9	24.8	98	24.6	0.0	---	0.00	0.0	---	24.9	27.6	27.6	26.9	1011.4	2.03	3.0	0	0.00	0	0.0	0.00	0.0	0.000	0.273	26.7	90	24.9	30.6	20.44	1.1390	0.00	1195	8	100.0	60
23-06-05	2:00 a	24.8	24.9	24.8	99	24.6	0.0	ESE	0.00	0.4	ESE	24.8	27.4	27.4	26.8	1009.7	1.02	2.5	0	0.00	0	0.0	0.00	0.0	0.000	0.269	26.6	90	24.8	30.3	20.45	1.1376	0.00	1197	8	100.0	60
23-06-05	3:00 a	24.5	24.8	24.4	98	24.2	0.0	NNE	0.00	1.8	NE	24.5	26.9	26.9	26.2	1008.3	0.00	0.0	0	0.00	0	0.0	0.00	0.0	0.000	0.257	26.4	90	24.7	30.0	20.45	1.1370	0.00	1195	8	100.0	60
23-06-05	4:00 a	24.6	24.6	24.4	98	24.2	0.4	S	1.61	3.1	NNE	24.6	26.9	26.9	26.3	1007.5	0.00	0.0	0	0.00	0	0.0	0.00	0.0	0.000	0.259	26.3	90	24.6	29.7	20.45	1.1367	0.00	1194	8	100.0	60
23-06-05	5:00 a	24.6	24.6	24.4	98	24.2	0.4	NE	1.61	2.7	NE	24.6	26.9	26.9	26.3	1007.4	0.00	0.0	0	0.00	0	0.0	0.00	0.0	0.000	0.259	26.1	90	24.3	29.3	20.45	1.1379	0.00	1193	8	100.0	60
23-06-05	6:00 a	24.5	24.6	24.4	98	24.2	0.0	W	0.00	1.8	SSW	24.5	26.9	26.9	26.4	1007.8	0.00	0.0	11	0.95	35	0.0	0.00	0.0	0.000	0.257	26.2	91	24.6	29.5	21.03	1.1377	0.00	1189	8	100.0	60
23-06-05	7:00 a	24.8	24.8	24.5	98	24.4	0.0	NE	0.00	0.4	NE	24.8	27.3	27.3	28.6	1008.8	0.00	0.0	72	6.19	102	0.3	0.13	0.8	0.000	0.269	26.5	91	24.9	30.2	21.04	1.1368	0.05	1196	8	100.0	60
23-06-05	8:00 a	26.3	26.3	24.8	98	26.0	0.4	NE	1.61	0.9	NE	26.3	30.8	30.8	34.1	1010.1	0.00	0.0	215	18.49	584	1.4	0.60	3.2	0.000	0.333	27.9	91	26.3	33.9	20.87	1.1301	0.13	1195	8	100.0	60
23-06-05	9:00 a	29.2	29.2	26.3	92	27.8	0.4	S	1.61	1.8	W	29.2	38.3	38.3	45.2	1010.3	0.00	0.0	644	55.39	898	4.5	1.93	6.0	0.000	0.454	29.3	86	26.7	36.9	18.06	1.1237	0.41	1193	8	100.0	60
23-06-05	10:00 a	30.9	31.1	28.4	81	27.3	0.4	SSW	1.61	2.2	S	30.9	40.3	40.3	46.7	1010.6	0.00	0.0	594	51.09	981	4.3	1.84	4.8	0.000	0.525	29.8	84	26.8	37.7	17.22	1.1221	0.41	1196	8	100.0	60
23-06-05	11:00 a	30.2	31.3	29.9	82	26.8	0.4	SW	1.61	2.7	W	30.2	38.3	38.3	45.6	1011.3	0.00	0.0	868	74.66	1118	7.1	3.04	11.3	0.000	0.493	30.3	78	26.1	37.7	15.02	1.1228	0.58	1194	8	100.0	60
23-06-05	12:00 p	29.1	30.3	28.9	88	26.9	0.4	SSW	1.61	1.8	SSE	29.1	36.8	36.8	42.2	1011.1	0.00	0.0	462	39.74	689	6.3	2.70	8.0	0.000	0.449	29.9	82	26.5	37.3	16.52	1.1232	0.30	1193	8	100.0	60
23-06-05	1:00 p	31.1	31.8	29.1	78	26.8	0.9	SW	3.22	2.7	W	31.1	39.4	39.4	46.4	1009.8	0.00	0.0	719	61.84	1090	9.6	4.11	13.3	0.000	0.530	30.3	81	26.7	38.6	16.09	1.1196	0.51	1192	8	100.0	60
23-06-05	2:00 p	30.6	31.3	30.5	81	27.0	0.9	SSW	3.22	3.1	W	30.6	39.4	39.4	45.9	1009.0	0.00	0.0	803	69.07	896	7.8	3.34	9.3	0.000	0.512	30.3	79	26.3	37.9	15.35	1.1197	0.53	1192	8	100.0	60
23-06-05	3:00 p	30.2	31.1	30.1	79	26.1	0.4	SSW	1.61	2.2	SSW	30.2	37.4	37.4	44.2	1008.5	0.00	0.0	609	52.38	719	4.7	2.01	6.2	0.000	0.493	29.7	81	26.1	36.6	16.13	1.1220	0.41	1193	8	100.0	60
23-06-05	4:00 p	29.4	30.3	29.4	82	26.0	0.4	SSE	1.61	1.8	WNW	29.4	36.2	36.2	42.2	1008.8	0.00	0.0	379	32.60	499	2.1	0.90	3.1	0.000	0.463	29.3	84	26.3	36.4	17.26	1.1230	0.25	1198	8	100.0	60
23-06-05	5:00 p	27.8	29.4	27.8	92	26.4	0.0	SE	0.00	1.3	S	27.8	33.9	33.9	35.8	1008.9	0.00	0.0	87	7.48	255	0.4	0.17	1.2	0.000	0.396	29.1	87	26.7	36.4	18.49	1.1234	0.05	1197	8	100.0	60
23-06-05	6:00 p	26.4	27.8	26.4	95	25.6	0.0	ESE	0.00	0.4	ESE	26.4	30.7	30.7	30.2	1008.9	0.00	0.0	18	1.55	46	0.0	0.00	0.0	0.000	0.338	28.4	87	26.1	34.7	18.56	1.1270	0.03	1199	8	100.0	60
23-06-05	7:00 p	25.7	26.4	25.7	97	25.2	0.0	---	0.00	0.0	---	25.7	29.2	29.2	28.5	1009.1	0.00	0.0	0	0.00	0	0.0	0.00	0.0	0.000	0.308	27.8	88	25.7	33.2	19.14	1.1305	0.00	1196	8	100.0	60
23-06-05	8:00 p	25.4	25.8	25.4	98	25.1	0.0	---	0.00	0.0	---	25.4	28.6	28.6	27.9	1009.8	0.00	0.0	0	0.00	0	0.0	0.00	0.0	0.000	0.294	27.3	89	25.3	31.8	19.84	1.1342	0.00	1199	8	100.0	60
23-06-05	9:00 p	25.2	25.4	25.2	97	24.7	0.0	---	0.00	0.0	---	25.2	28.1	28.1	27.4	1010.2	0.00	0.0	0	0.00	0	0.0	0.00	0.0	0.000	0.287	26.9	89	24.9	30.8	19.91	1.1370	0.00	1196	8	100.0	60
23-06-05	10:00 p	25.0	25.2	25.0	97	24.5	0.0	---	0.00	0.0	---	25.0	27.7	27.7	26.9	1010.3	0.00	0.0	0	0.00	0	0.0	0.00	0.0	0.000	0.278	26.8	90	25.0	30.7	20.43	1.1374	0.00	1199	8	100.0	60
23-06-05	11:00 p	24.8	25.0	24.8	98	24.5	0.0	ESE	0.00	0.4	ESE	24.8	27.4	27.4	26.7	1010.7	0.00	0.0	0	0.00	0	0.0	0.00	0.0	0.000	0.271	26.8	90	25.0	30.7	20.43	1.1378	0.00	1190	8	100.0	60
23-06-06	12:00 a	24.7	24.9	24.7	98	24.3	0.0	---	0.00	0.0	---	24.7	27.2	27.2	26.4	1010.8	0.00	0.0	0	0.00	0	0.0	0.00	0.0	0.000	0.264	26.7	89	24.8	30.4	19.94	1.1387	0.00	1193	8	100.0	60
23-06-06	1:00 a	24.7	24.7	24.6	98	24.4	0.0	---	0.00	0.0	---	24.7	27.3	27.3	26.6	1010.3	0.00	0.0	0	0.00	0	0.0	0.00	0.0	0.000	0.266	26.6	90	24.8	30.2	20.45	1.1386	0.00	1198	8	100.0	60
23-06-06	2:00 a	24.6	24.7	24.6	98	24.2	0.0	---	0.00	0.0	---	24.6	26.9	26.9	26.2	1009.7	0.00	0.0	0	0.00	0	0.0	0.00	0.0	0.000	0.259	26.4	89	24.5	29.8	19.95	1.1391	0.00	1200	8	100.0	60
23-06-06	3:00 a	24.3	24.6	24.3	98	24.0	0.0	---	0.00	0.0	---	24.3	26.6	26.6	25.9	1009.1	0.00	0.0	0	0.00	0	0.0	0.00	0.0	0.000	0.250	26.3	89	24.3	29.5	19.95	1.1393	0.00	1198	8	100.0	60
23-06-06	4:00 a	24.1	24.3	24.1	98	23.8	0.0	---	0.00	0.0	---	24.1	26.3	26.3	25.5	1008.8	0.00	0.0	0	0.00	0	0.0	0.00	0.0	0.000	0.241	26.1	89	24.1	29.1	19.95	1.1403	0.00	1200	8	100.0	60
23-06-06	5:00 a	23.9	24.2	23.9	98	23.6	0.0	---	0.00	0.0	---	23.9	26.0	26.0	25.2	1009.6	0.00	0.0	0	0.00	0	0.0	0.00	0.0	0.000	0.231	25.9	89	23.9	28.8	19.95	1.1421	0.00	1198	8	100.0	60
23-06-06	6:00 a	23.9	23.9	23.7	98	23.6	0.0	---	0.00	0.0	---	23.9	26.0	26.0	25.3	1010.2	0.00	0.0	11	0.95	26	0.0	0.00	0.0	0.000	0.231	25.8	90	24.1	28.8	20.45	1.1429	0.00	1199	8	100.0	60
23-06-06	7:00 a	24.7	24.7	23.8	99	24.6	0.0	---	0.00	0.0	---	24.7	27.3	27.3	27.8	1010.2	0.00	0.0	38	3.27	53	0.0	0.00	0.0	0.000	0.266	26.6	91	25.0	30.3	21.05	1.1381	0.03	1183	8	100.0	60
23-06-06	8:00 a	26.6	26.6	24.7	98	26.2	0.0	ESE	0.00	0.4	ESE	26.6	31.4	31.4	34.6	1010.4	0.00	0.0	206	17.72	496	1.6	0.69	3.0	0.000	0.343	27.9	91	26.3	33.9	20.87	1.1304	0.13	1195	8	100.0	60
23-06-06	9:00 a	29.4	29.4	26.6	88	27.2	0.0	SW	0.00	1.8	NW	29.4	37.7	37.7	44.2	1010.6	0.00	0.0	566	48.68	689	4.1	1.76	5.2	0.000	0.463	29.2	87	26.8	36.9	18.47	1.1243	0.36	1186	8	100.0	60
23-06-06	10:00 a	30.8	31.0	29.4	85	28.0	0.4	S	1.61	2.2	S	30.8	41.4	41.4	48.5	1010.6	0.00	0.0	724	62.27	814	4.5	1.93	5.1	0.000	0.519	30.1	83	26.8	38.1	16.81	1.1212	0.48	1192	8	100.0	60
23-06-06	11:00 a	31.3	31.3	30.4	82	27.9	0.4	ESE	1.61	2.2	SSE	31.3	42.2	42.2	49.4	1010.5	0.00	0.0	911	78.36	969	8.0	3.43	10.9	0.000	0.542	30.7	82	27.3	40.1	16.46	1.1176	0.61	1185	8	100.0	60
23-06-06	12:00 p	31.3	31.8	31.1	80	27.5	0.4	S	1.61	2.7	SSE	31.3	41.3	41.3	48.6	1010.0	0.00	0.0	809	69.58	962	10.1	4.33	11.0	0.000	0.542	30.9	80	27.0	39.7	15.65	1.1170	0.53	1192	8	100.0	60
23-06-06	1:00 p	31.8	32.0	31.1	73	26.4	0.9	ESE	3.22	2.2	S	31.8	40.7	40.7	46.7	1009.4	0.00	0.0	546	46.96	861	9.8	4.20	10.6	0.000	0.563	31.1	80	27.2	40.1	15.63	1.1153	0.38	1192	8	100.0	60
23-06-06	2:00 p	31.7	32.1	31.3	75	26.7	0.9	SSE	3.22	2.7	S	31.7	41.1	41.1	48.0	1008.5	0.00	0.0	765	65.80	828	7.4	3.17	8.8	0.000	0.558	30.7	81	27.1	39.7	16.06	1.1158	0.53	1190	8	100.0	60
23-06-06	3:00 p	30.8	32.1	30.6	81	27.2	0.4	ESE	1.61	2.7	ESE	30.8	40.0	40.0	46.8	1007.7	0.00	0.0	574	49.37	770	4.3	1.84	6.2	0.000	0.521	30.1	83	26.8	38.1	16.81	1.1179	0.38	1193	8	100.0	60
23-06-06	4:00 p	30.2	31.1	30.2	80	26.4	0.4	ESE	1.61	2.2	S	30.2	37.8	37.8	44.3	1007.6	0.00	0.0	423	36.38	570	2.2	0.94	3.3	0.000	0.495	29.6	84	26.6	37.1	17.24	1.1200	0.30	1197	8	100.0	60
23-06-06	5:00 p	28.9	30.2	28.9	89	26.9	0.4	ESE	1.61	1.3	NNE	28.9	36.6	36.6	39.3	1008.5	0.00	0.0	130	11.18	295	0.5	0.21	1.3	0.000	0.442	29.5	86	26.9	37.3	18.04	1.1207	0.10	1198	8	100.0	60
23-06-06	6:00 p	27.3	28.9	27.3	95	26.4	0.0	S	0.00	0.4	S	27.3	32.8	32.8	32.4	1009.0	0.00	0.0	28	2.41	81	0.0	0.00	0.0	0.000	0.373	29.1	87	26.7	36.4	18.49	1.1235	0.03	1193	8	100.0	60
23-06-06	7:00 p	26.4	27.3	26.4	96	25.7	0.0	---	0.00	0.0	---	26.4	30.7	30.7	29.9	1008.7	0.00	0.0	0	0.00	0	0.0	0.00	0.0	0.000	0.336	28.4	88	26.2	34.7	19.04	1.1267	0.00	1199	8	100.0	60
23-06-06	8:00 p	26.3	26.4	26.3	96	25.6	0.0	---	0.00	0.0	---	26.3	30.6	30.6	29.8	1009.2	0.00	0.0	0	0.00	0	0.0	0.00	0.0	0.000	0.333	27.9	89	25.9	33.5	19.73	1.1298	0.00	1198	8	100.0	60
23-06-06	9:00 p	26.2	26.4	26.1	96	25.5	0.0	---	0.00	0.0	---	26.2	30.1	30.1	29.3	1009.8	0.00	0.0	0	0.00	0	0.0	0.00	0.0	0.000	0.326	27.6	90	25.8	32.7	20.32	1.1321	0.00	1198	8	100.0	60
23-06-06	10:00 p	25.9	26.2	25.9	97	25.4	0.0	---	0.00	0.0	---	25.9	29.7	29.7	28.9	1010.2	0.00	0.0	0	0.00	0	0.0	0.00	0.0	0.000	0.317	27.7	89	25.7	33.1	19.76	1.1320	0.00	1191	8	100.0	60
23-06-06	11:00 p	25.8	25.9	25.8	97	25.3	0.0	---	0.00	0.0	---	25.8	29.3	29.3	28.6	1009.5	0.00	0.0	0	0.00	0	0.0	0.00	0.0	0.000	0.310	27.5	90	25.7	32.6	20.33	1.1320	0.00	1176	8	100.0	60
23-06-07	12:00 a	25.6	25.8	25.6	97	25.0	0.0	---	0.00	0.0	---	25.6	28.8	28.8	28.0	1009.0	0.00	0.0	0	0.00	0	0.0	0.00	0.0	0.000	0.301	27.3	90	25.5	31.9	20.36	1.1329	0.00	1191	8	100.0	60
23-06-07	1:00 a	25.4	25.6	25.3	97	24.9	0.0	---	0.00	0.0	---	25.4	28.4	28.4	27.6	1009.1	0.00	0.0	0	0.00	0	0.0	0.00	0.0	0.000	0.294	27.0	90	25.2	31.2	20.40	1.1346	0.00	1194	8	100.0	60
23-06-07	2:00 a	25.1	25.4	25.1	97	24.6	0.0	---	0.00	0.0	---	25.1	27.9	27.9	27.1	1008.5	0.00	0.0	0	0.00	0	0.0	0.00	0.0	0.000	0.282	26.9	90	25.2	31.1	20.41	1.1342	0.00	1196	8	100.0	60
23-06-07	3:00 a	24.9	25.2	24.9	97	24.4	0.0	---	0.00	0.0	---	24.9	27.6	27.6	26.7	1008.4	0.00	0.0	0	0.00	0	0.0	0.00	0.0	0.000	0.275	26.7	90	24.9	30.6	20.44	1.1355	0.00	1199	8	100.0	60
23-06-07	4:00 a	24.8	25.0	24.8	98	24.5	0.0	---	0.00	0.0	---	24.8	27.4	27.4	26.6	1008.3	0.00	0.0	0	0.00	0	0.0	0.00	0.0	0.000	0.271	26.6	90	24.8	30.2	20.45	1.1364	0.00	1195	8	100.0	60
23-06-07	5:00 a	24.8	24.8	24.7	98	24.4	0.0	---	0.00	0.0	---	24.8	27.3	27.3	26.5	1008.7	0.00	0.0	0	0.00	0	0.0	0.00	0.0	0.000	0.269	26.4	90	24.7	30.0	20.45	1.1375	0.00	1200	8	100.0	60
23-06-07	6:00 a	24.8	24.9	24.7	98	24.5	0.0	---	0.00	0.0	---	24.8	27.4	27.4	26.7	1008.9	0.00	0.0	8	0.69	28	0.0	0.00	0.0	0.000	0.271	26.6	91	25.0	30.3	21.05	1.1366	0.00	1198	8	100.0	60
23-06-07	7:00 a	25.7	25.7	24.8	99	25.5	0.0	---	0.00	0.0	---	25.7	29.3	29.3	29.9	1009.5	0.00	0.0	47	4.04	56	0.0	0.00	0.5	0.000	0.306	27.4	92	26.0	32.8	21.18	1.1315	0.03	1195	8	100.0	60
23-06-07	8:00 a	26.8	26.8	25.7	99	26.6	0.0	S	0.00	0.9	S	26.8	32.2	32.2	33.4	1010.1	0.00	0.0	96	8.26	374	0.9	0.39	2.7	0.000	0.352	28.6	90	26.8	35.6	20.18	1.1265	0.08	1192	8	100.0	60
23-06-07	9:00 a	29.8	29.9	26.8	88	27.6	0.0	S	0.00	1.3	SSW	29.8	39.0	39.0	44.8	1010.7	0.00	0.0	490	42.15	754	3.7	1.59	5.3	0.000	0.479	29.7	86	27.1	37.8	18.03	1.1222	0.30	1197	8	100.0	60
23-06-07	10:00 a	28.1	30.3	27.9	97	27.5	0.0	SSW	0.00	1.8	SSW	28.1	35.7	35.7	38.8	1011.0	0.00	0.0	247	21.24	904	3.6	1.54	4.9	0.000	0.405	29.7	88	27.5	38.4	18.83	1.1217	0.20	1193	8	100.0	60
23-06-07	11:00 a	32.1	32.2	28.1	81	28.4	0.4	SSW	1.61	3.6	SE	32.1	45.4	45.4	52.8	1010.6	0.00	0.0	884	76.03	1062	7.8	3.34	10.9	0.000	0.574	30.7	83	27.4	40.3	16.76	1.1175	0.56	1191	8	100.0	60
23-06-07	12:00 p	32.4	32.6	31.6	78	28.1	0.9	ESE	3.22	2.7	S	32.4	45.3	45.3	52.7	1010.5	0.00	0.0	850	73.11	1018	10.0	4.29	11.1	0.000	0.588	31.5	82	28.1	43.1	16.40	1.1128	0.53	1196	8	100.0	60
23-06-07	1:00 p	32.2	33.1	32.0	77	27.6	0.9	SE	3.22	4.5	SSE	32.2	43.7	43.7	50.1	1009.6	0.00	0.0	607	52.21	1187	10.1	4.33	11.3	0.000	0.576	31.6	81	27.9	42.8	16.00	1.1119	0.43	1192	8	100.0	60
23-06-07	2:00 p	32.1	32.8	31.4	81	28.4	0.9	ESE	3.22	4.0	SE	32.1	45.4	45.4	52.2	1009.1	0.00	0.0	822	70.70	1048	7.0	3.00	9.4	0.000	0.574	31.2	83	28.0	42.2	16.72	1.1124	0.51	1197	8	100.0	60
23-06-07	3:00 p	29.8	32.4	29.7	86	27.2	0.4	SE	1.61	2.7	NE	29.8	38.2	38.2	42.9	1008.6	0.00	0.0	341	29.33	840	3.5	1.50	6.3	0.000	0.477	30.4	85	27.6	40.3	17.54	1.1155	0.25	1195	8	100.0	60
23-06-07	4:00 p	28.4	29.7	28.4	95	27.6	0.0	SE	0.00	2.2	SSE	28.4	36.6	36.6	37.6	1008.7	0.00	0.0	62	5.33	146	0.4	0.17	1.5	0.000	0.421	29.8	88	27.6	39.0	18.81	1.1179	0.05	1190	8	100.0	60
23-06-07	5:00 p	26.6	28.4	26.6	94	25.6	0.4	N	1.61	3.6	W	26.6	30.9	30.9	30.7	1009.7	1.27	10.9	6	0.52	16	0.0	0.00	0.0	0.000	0.345	28.7	85	25.9	35.1	17.73	1.1272	0.00	1194	8	100.0	60
23-06-07	6:00 p	25.0	26.7	25.0	95	24.1	0.4	NE	1.61	2.2	NNW	25.0	27.5	27.5	26.9	1010.0	3.56	39.6	0	0.00	0	0.0	0.00	0.0	0.000	0.278	27.6	86	25.0	32.1	18.25	1.1340	0.00	1193	8	100.0	60
23-06-07	7:00 p	25.1	25.1	24.9	97	24.6	0.0	NNE	0.00	1.3	NE	25.1	27.9	27.9	27.3	1010.0	1.27	3.3	0	0.00	0	0.0	0.00	0.0	0.000	0.282	27.2	88	25.1	31.4	19.25	1.1352	0.00	1197	8	100.0	60
23-06-07	8:00 p	25.1	25.2	25.1	97	24.6	0.0	NE	0.00	1.8	ENE	25.1	27.9	27.9	27.3	1010.3	0.00	0.0	0	0.00	0	0.0	0.00	0.0	0.000	0.282	26.9	89	25.0	30.9	19.90	1.1368	0.00	1195	8	100.0	60
23-06-07	9:00 p	24.8	25.1	24.8	97	24.3	0.0	NE	0.00	0.4	NE	24.8	27.4	27.4	26.8	1010.0	0.00	0.0	0	0.00	0	0.0	0.00	0.0	0.000	0.271	27.0	89	25.0	31.1	19.89	1.1361	0.00	1194	8	100.0	60
23-06-07	10:00 p	24.4	24.9	24.4	97	23.9	0.0	NE	0.00	0.4	NE	24.4	26.7	26.7	26.1	1010.3	0.00	0.0	0	0.00	0	0.0	0.00	0.0	0.000	0.252	26.6	89	24.6	30.2	19.95	1.1387	0.00	1197	8	100.0	60
23-06-07	11:00 p	24.2	24.4	24.2	97	23.7	0.0	---	0.00	0.0	---	24.2	26.3	26.3	25.7	1010.7	0.00	0.0	0	0.00	0	0.0	0.00	0.0	0.000	0.243	26.4	88	24.3	29.7	19.37	1.1406	0.00	1183	8	100.0	60
23-06-08	12:00 a	24.1	24.2	24.1	98	23.8	0.0	---	0.00	0.0	---	24.1	26.3	26.3	25.7	1010.9	0.00	0.0	0	0.00	0	0.0	0.00	0.0	0.000	0.241	26.2	89	24.2	29.3	19.95	1.1420	0.00	1172	8	100.0	60
23-06-08	1:00 a	24.1	24.2	24.1	98	23.8	0.0	---	0.00	0.0	---	24.1	26.3	26.3	25.7	1010.3	0.00	0.0	0	0.00	0	0.0	0.00	0.0	0.000	0.241	26.2	89	24.3	29.4	19.95	1.1411	0.00	1172	8	100.0	60
23-06-08	2:00 a	24.2	24.3	24.1	98	23.9	0.0	NE	0.00	0.9	NE	24.2	26.4	26.4	25.8	1009.6	0.00	0.0	0	0.00	0	0.0	0.00	0.0	0.000	0.245	26.2	90	24.4	29.4	20.45	1.1402	0.00	1178	8	100.0	60
23-06-08	3:00 a	24.2	24.3	24.2	98	23.9	0.0	NE	0.00	0.4	NE	24.2	26.4	26.4	25.8	1008.8	0.00	0.0	0	0.00	0	0.0	0.00	0.0	0.000	0.245	26.1	90	24.3	29.3	20.45	1.1396	0.00	1176	8	100.0	60
23-06-08	4:00 a	24.1	24.3	24.0	98	23.7	0.0	NE	0.00	0.4	NE	24.1	26.2	26.2	25.6	1008.6	0.00	0.0	0	0.00	0	0.0	0.00	0.0	0.000	0.238	25.9	90	24.2	28.9	20.45	1.1403	0.00	1176	8	100.0	60
23-06-08	5:00 a	23.7	24.1	23.7	98	23.4	0.0	NE	0.00	0.4	NE	23.7	25.7	25.7	25.1	1009.1	0.00	0.0	0	0.00	0	0.0	0.00	0.0	0.000	0.225	25.8	89	23.8	28.6	19.95	1.1423	0.00	1187	8	100.0	60
23-06-08	6:00 a	23.7	23.7	23.6	99	23.5	0.0	SSE	0.00	0.4	SSE	23.7	25.7	25.7	25.3	1010.0	0.00	0.0	12	1.03	35	0.0	0.00	0.0	0.000	0.222	25.6	90	23.8	28.3	20.45	1.1439	0.00	1192	8	100.0	60
23-06-08	7:00 a	24.4	24.4	23.7	99	24.3	0.0	NNE	0.00	0.4	NNE	24.4	26.8	26.8	27.7	1010.8	0.00	0.0	60	5.16	76	0.3	0.13	0.8	0.000	0.255	26.2	91	24.6	29.5	21.03	1.1411	0.03	1194	8	100.0	60
23-06-08	8:00 a	25.8	25.8	24.4	99	25.7	0.0	NNE	0.00	0.4	NNE	25.8	29.7	29.7	32.3	1011.0	0.00	0.0	178	15.31	410	1.5	0.64	2.6	0.000	0.313	27.2	91	25.6	31.9	20.97	1.1351	0.10	1193	8	100.0	60
23-06-08	9:00 a	27.8	27.8	25.9	95	26.9	0.4	NNE	1.61	0.9	NNE	27.8	34.4	34.4	40.1	1011.3	0.00	0.0	475	40.86	566	3.5	1.50	4.3	0.000	0.394	28.5	91	26.9	35.7	20.79	1.1277	0.30	1181	8	100.0	60
23-06-08	10:00 a	30.3	30.3	27.8	82	26.9	0.4	NNE	1.61	1.8	SSE	30.3	38.7	38.7	45.8	1011.3	0.00	0.0	757	65.11	821	4.3	1.84	4.5	0.000	0.498	29.7	83	26.5	37.2	16.83	1.1241	0.51	1194	8	100.0	60
23-06-08	11:00 a	31.4	31.4	30.1	83	28.2	0.4	SE	1.61	2.7	S	31.4	43.0	43.0	50.2	1011.1	0.00	0.0	917	78.87	974	7.7	3.30	10.6	0.000	0.544	30.4	82	27.0	39.1	16.48	1.1203	0.61	1194	8	100.0	60
23-06-08	12:00 p	30.8	31.6	30.2	79	26.8	0.4	SW	1.61	1.8	SSE	30.8	39.3	39.3	46.2	1010.8	0.00	0.0	676	58.14	947	8.5	3.64	10.1	0.000	0.521	30.5	82	27.1	39.5	16.47	1.1192	0.46	1198	8	100.0	60
23-06-08	1:00 p	31.6	31.8	30.8	81	27.9	0.4	SSW	1.61	1.8	SW	31.6	42.8	42.8	49.3	1010.0	0.00	0.0	597	51.35	953	9.8	4.20	10.8	0.000	0.551	30.9	80	27.0	39.7	15.65	1.1169	0.41	1194	8	100.0	60
23-06-08	2:00 p	31.2	32.2	31.2	77	26.7	0.9	SE	3.22	3.1	SE	31.2	39.4	39.4	46.3	1009.7	0.00	0.0	856	73.63	998	7.8	3.34	9.2	0.000	0.535	30.8	79	26.8	39.3	15.30	1.1174	0.58	1198	8	100.0	60
23-06-08	3:00 p	31.4	31.8	30.4	83	28.2	0.4	SE	1.61	2.2	WSW	31.4	43.3	43.3	50.2	1009.1	0.00	0.0	590	50.75	860	4.2	1.80	6.4	0.000	0.546	30.2	85	27.4	39.2	17.57	1.1178	0.36	1193	8	100.0	60
23-06-08	4:00 p	30.7	31.4	30.6	79	26.7	0.9	SE	3.22	3.6	ENE	30.7	39.1	39.1	45.8	1009.5	0.00	0.0	442	38.02	700	2.2	0.94	3.6	0.000	0.516	29.7	84	26.7	37.4	17.23	1.1214	0.30	1194	8	100.0	60
23-06-08	5:00 p	28.5	30.7	28.5	91	26.9	0.4	ESE	1.61	2.2	SE	28.5	35.7	35.7	37.6	1010.2	0.00	0.0	86	7.40	232	0.3	0.13	1.1	0.000	0.424	29.3	87	26.9	37.2	18.46	1.1231	0.05	1194	8	100.0	60
23-06-08	6:00 p	27.3	28.6	27.3	96	26.6	0.0	ESE	0.00	0.4	ESE	27.3	33.0	33.0	32.6	1011.0	0.00	0.0	12	1.03	44	0.0	0.00	0.0	0.000	0.373	28.9	87	26.5	36.1	18.51	1.1269	0.00	1196	8	100.0	60
23-06-08	7:00 p	27.1	27.3	27.0	90	25.3	0.4	N	1.61	3.6	ESE	27.1	31.4	31.4	30.7	1011.6	0.00	0.0	0	0.00	0	0.0	0.00	0.0	0.000	0.363	28.3	87	26.0	34.3	18.57	1.1308	0.00	1194	8	100.0	60
23-06-08	8:00 p	25.7	27.0	25.7	95	24.9	0.0	SSE	0.00	0.9	SSE	25.7	28.9	28.9	28.2	1012.2	25.65	78.2	0	0.00	0	0.0	0.00	0.0	0.000	0.308	27.4	88	25.3	32.1	19.21	1.1364	0.00	1194	8	100.0	60
23-06-08	9:00 p	25.6	25.7	25.6	97	25.0	0.0	NE	0.00	0.4	NE	25.6	28.8	28.8	28.1	1013.1	6.86	52.1	0	0.00	0	0.0	0.00	0.0	0.000	0.301	27.6	89	25.6	32.7	19.78	1.1360	0.00	1195	8	100.0	60
23-06-08	10:00 p	25.7	25.7	25.5	98	25.3	0.0	---	0.00	0.0	---	25.7	29.2	29.2	28.5	1012.5	2.03	4.3	0	0.00	0	0.0	0.00	0.0	0.000	0.306	27.8	89	25.8	33.2	19.75	1.1343	0.00	1191	8	100.0	60
23-06-08	11:00 p	25.6	25.7	25.6	98	25.2	0.0	---	0.00	0.0	---	25.6	28.9	28.9	28.2	1012.1	0.51	1.0	0	0.00	0	0.0	0.00	0.0	0.000	0.301	27.7	89	25.7	32.9	19.77	1.1345	0.00	1196	8	100.0	60
23-06-09	12:00 a	25.5	25.6	25.4	98	25.2	0.0	---	0.00	0.0	---	25.5	28.8	28.8	28.1	1010.6	0.76	1.3	0	0.00	0	0.0	0.00	0.0	0.000	0.299	27.5	89	25.5	32.4	19.80	1.1338	0.00	1197	8	100.0	60
23-06-09	1:00 a	25.3	25.5	25.3	98	25.0	0.0	---	0.00	0.0	---	25.3	28.4	28.4	27.7	1009.5	0.25	0.0	0	0.00	0	0.0	0.00	0.0	0.000	0.292	27.4	89	25.4	32.1	19.82	1.1332	0.00	1197	8	100.0	60
23-06-09	2:00 a	25.2	25.3	25.2	98	24.8	0.0	---	0.00	0.0	---	25.2	28.1	28.1	27.3	1008.8	0.00	0.0	0	0.00	0	0.0	0.00	0.0	0.000	0.285	27.1	90	25.3	31.4	20.39	1.1339	0.00	1191	8	100.0	60
23-06-09	3:00 a	24.9	25.2	24.9	98	24.6	0.0	---	0.00	0.0	---	24.9	27.6	27.6	26.8	1009.0	0.00	0.0	0	0.00	0	0.0	0.00	0.0	0.000	0.273	26.8	89	24.9	30.7	19.92	1.1359	0.00	1197	8	100.0	60
23-06-09	4:00 a	24.7	24.9	24.7	98	24.4	0.0	---	0.00	0.0	---	24.7	27.3	27.3	26.6	1009.3	0.00	0.0	0	0.00	0	0.0	0.00	0.0	0.000	0.266	26.7	89	24.7	30.3	19.95	1.1373	0.00	1197	8	100.0	60
23-06-09	5:00 a	24.6	24.7	24.6	98	24.3	0.0	---	0.00	0.0	---	24.6	27.1	27.1	26.3	1010.0	0.00	0.0	0	0.00	0	0.0	0.00	0.0	0.000	0.262	26.5	90	24.7	30.1	20.45	1.1386	0.00	1197	8	100.0	60
23-06-09	6:00 a	24.8	24.9	24.6	99	24.7	0.0	---	0.00	0.0	---	24.8	27.5	27.5	26.9	1011.0	0.00	0.0	10	0.86	28	0.0	0.00	0.0	0.000	0.271	26.6	91	25.0	30.3	21.05	1.1391	0.00	1198	8	100.0	60
23-06-09	7:00 a	25.8	25.8	24.8	99	25.7	0.0	---	0.00	0.0	---	25.8	29.7	29.7	31.1	1011.7	0.00	0.0	80	6.88	118	0.2	0.09	0.7	0.000	0.313	26.9	91	25.3	31.3	21.01	1.1376	0.05	1197	8	100.0	60
23-06-09	8:00 a	27.1	27.1	25.8	99	26.9	0.0	NE	0.00	0.9	NE	27.1	32.9	32.9	35.3	1012.1	0.00	0.0	157	13.50	241	1.2	0.51	2.0	0.000	0.363	27.6	93	26.3	33.3	21.28	1.1335	0.10	1194	8	100.0	60
23-06-09	9:00 a	29.8	29.8	27.1	86	27.2	0.4	N	1.61	2.2	NW	29.8	38.3	38.3	44.3	1012.4	0.00	0.0	509	43.78	833	3.8	1.63	5.2	0.000	0.479	28.9	90	27.1	36.8	20.12	1.1267	0.33	1192	8	100.0	60
23-06-09	10:00 a	29.9	29.9	29.2	85	27.1	0.4	N	1.61	2.7	NNW	29.9	38.1	38.1	44.4	1012.4	0.00	0.0	596	51.26	717	4.7	2.01	5.0	0.000	0.481	29.9	83	26.7	37.8	16.81	1.1239	0.38	1196	8	100.0	60
23-06-09	11:00 a	30.7	31.3	29.4	86	28.1	0.4	ENE	1.61	2.7	SSW	30.7	41.7	41.7	48.9	1012.0	0.00	0.0	758	65.20	1141	7.6	3.26	11.3	0.000	0.514	30.4	80	26.5	38.4	15.68	1.1223	0.51	1195	8	100.0	60
23-06-09	12:00 p	29.5	30.7	29.5	86	26.9	0.4	SSW	1.61	3.1	WSW	29.5	37.3	37.3	42.8	1011.5	0.00	0.0	472	40.60	758	6.6	2.83	8.9	0.000	0.465	30.2	82	26.8	38.3	16.50	1.1220	0.33	1193	8	100.0	60
23-06-09	1:00 p	30.1	30.9	28.8	86	27.5	0.4	WSW	1.61	3.6	W	30.1	39.1	39.1	44.4	1010.4	0.00	0.0	466	40.08	997	7.3	3.13	11.4	0.000	0.488	30.1	83	26.8	38.1	16.81	1.1210	0.36	1194	8	100.0	60
23-06-09	2:00 p	29.3	30.8	28.8	86	26.7	0.4	SW	1.61	2.7	W	29.3	36.8	36.8	42.5	1009.5	0.00	0.0	492	42.32	860	5.4	2.31	8.4	0.000	0.456	29.9	83	26.7	37.6	16.82	1.1210	0.33	1196	8	100.0	60
23-06-09	3:00 p	29.9	30.5	29.1	83	26.7	0.4	S	1.61	1.8	S	29.9	37.8	37.8	44.4	1009.6	0.00	0.0	533	45.84	610	4.2	1.80	4.6	0.000	0.484	29.7	83	26.5	37.2	16.83	1.1221	0.36	1193	8	100.0	60
23-06-09	4:00 p	29.4	30.6	29.4	84	26.4	0.4	SSW	1.61	2.7	S	29.4	36.6	36.6	43.2	1009.5	0.00	0.0	435	37.41	638	2.3	0.99	3.7	0.000	0.461	29.5	83	26.3	36.6	16.85	1.1232	0.30	1195	8	100.0	60
23-06-09	5:00 p	28.0	29.4	27.8	89	26.0	0.4	SSE	1.61	3.1	W	28.0	33.8	33.8	35.6	1010.1	0.00	0.0	86	7.40	371	0.3	0.13	1.2	0.000	0.403	29.1	84	26.1	35.8	17.28	1.1261	0.05	1194	8	100.0	60
23-06-09	6:00 p	26.9	28.1	26.9	94	25.9	0.4	SSW	1.61	1.8	SE	26.9	31.7	31.7	31.2	1010.3	0.00	0.0	12	1.03	47	0.0	0.00	0.0	0.000	0.359	28.6	85	25.8	34.8	17.74	1.1285	0.00	1196	8	100.0	60
23-06-09	7:00 p	26.6	26.9	26.5	96	25.9	0.0	SW	0.00	0.9	ESE	26.6	31.1	31.1	30.4	1010.8	0.00	0.0	0	0.00	0	0.0	0.00	0.0	0.000	0.343	28.2	88	26.0	34.2	19.07	1.1301	0.00	1196	8	100.0	60
23-06-09	8:00 p	26.3	26.5	26.3	97	25.8	0.0	SW	0.00	0.9	SW	26.3	30.7	30.7	30.0	1011.6	0.00	0.0	0	0.00	0	0.0	0.00	0.0	0.000	0.333	28.0	89	26.0	33.8	19.71	1.1319	0.00	1192	8	100.0	60
23-06-09	9:00 p	26.3	26.3	26.1	98	25.9	0.0	SW	0.00	0.9	SW	26.3	30.7	30.7	30.0	1012.1	0.00	0.0	0	0.00	0	0.0	0.00	0.0	0.000	0.331	28.2	89	26.2	34.2	19.68	1.1316	0.00	1178	8	100.0	60
23-06-09	10:00 p	25.8	26.4	25.7	98	25.4	0.0	ESE	0.00	1.3	NNW	25.8	29.4	29.4	28.8	1012.1	0.51	0.0	0	0.00	0	0.0	0.00	0.0	0.000	0.310	27.7	89	25.7	33.1	19.76	1.1342	0.00	1194	8	100.0	60
23-06-09	11:00 p	25.7	25.8	25.7	97	25.2	0.4	N	1.61	2.2	N	25.7	29.1	29.1	28.4	1011.9	0.00	0.0	0	0.00	0	0.0	0.00	0.0	0.000	0.306	27.6	89	25.6	32.6	19.79	1.1350	0.00	1196	8	100.0	60
23-06-10	12:00 a	25.6	25.8	25.6	96	24.9	0.4	NNE	1.61	2.7	NE	25.6	28.7	28.7	27.9	1010.9	0.25	0.0	0	0.00	0	0.0	0.00	0.0	0.000	0.301	27.2	88	25.0	31.3	19.26	1.1366	0.00	1194	8	100.0	60
23-06-10	1:00 a	25.2	25.6	25.1	96	24.5	0.0	NE	0.00	1.3	NW	25.2	27.9	27.9	27.2	1009.9	0.25	0.0	0	0.00	0	0.0	0.00	0.0	0.000	0.285	26.9	89	25.0	30.9	19.90	1.1363	0.00	1193	8	100.0	60
23-06-10	2:00 a	24.8	25.2	24.8	97	24.3	0.0	---	0.00	0.0	---	24.8	27.3	27.3	26.6	1009.2	0.00	0.0	0	0.00	0	0.0	0.00	0.0	0.000	0.269	26.9	88	24.8	30.8	19.30	1.1359	0.00	1182	8	100.0	60
23-06-10	3:00 a	24.4	24.8	24.4	97	23.9	0.0	---	0.00	0.0	---	24.4	26.7	26.7	26.0	1009.1	0.00	0.0	0	0.00	0	0.0	0.00	0.0	0.000	0.255	26.6	88	24.5	30.1	19.35	1.1377	0.00	1175	8	100.0	60
23-06-10	4:00 a	24.3	24.4	24.3	98	23.9	0.0	---	0.00	0.0	---	24.3	26.6	26.6	25.8	1008.7	0.00	0.0	0	0.00	0	0.0	0.00	0.0	0.000	0.248	26.4	89	24.4	29.7	19.95	1.1382	0.00	1178	8	100.0	60
23-06-10	5:00 a	24.3	24.3	24.2	98	23.9	0.0	---	0.00	0.0	---	24.3	26.6	26.6	25.8	1008.8	0.00	0.0	0	0.00	0	0.0	0.00	0.0	0.000	0.248	26.2	89	24.3	29.4	19.95	1.1393	0.00	1188	8	100.0	60
23-06-10	6:00 a	24.5	24.5	24.3	98	24.2	0.0	---	0.00	0.0	---	24.5	26.9	26.9	26.3	1009.7	0.00	0.0	10	0.86	35	0.0	0.00	0.0	0.000	0.257	26.3	90	24.5	29.6	20.45	1.1396	0.00	1194	8	100.0	60
23-06-10	7:00 a	25.3	25.3	24.5	99	25.2	0.0	---	0.00	0.0	---	25.3	28.5	28.5	29.9	1010.4	0.00	0.0	77	6.62	105	0.3	0.13	0.8	0.000	0.292	26.7	90	24.9	30.6	20.44	1.1378	0.05	1194	8	100.0	60
23-06-10	8:00 a	26.6	26.6	25.3	97	26.0	0.0	ENE	0.00	0.4	ENE	26.6	31.2	31.2	34.6	1010.9	0.00	0.0	218	18.75	543	1.7	0.73	3.1	0.000	0.343	27.9	91	26.3	34.1	20.87	1.1307	0.15	1192	8	100.0	60
23-06-10	9:00 a	28.7	28.7	26.4	89	26.7	0.0	E	0.00	0.9	E	28.7	35.8	35.8	39.0	1011.3	0.00	0.0	248	21.33	1007	2.9	1.24	5.6	0.000	0.431	28.5	90	26.7	35.4	20.19	1.1282	0.18	1178	8	100.0	60
23-06-10	10:00 a	28.2	29.0	27.4	95	27.3	0.0	ESE	0.00	0.9	E	28.2	35.9	35.9	38.3	1011.2	0.00	0.0	203	17.46	348	3.6	1.54	4.6	0.000	0.412	29.0	90	27.2	37.0	20.11	1.1250	0.13	1188	8	100.0	60
23-06-10	11:00 a	30.2	30.3	28.1	84	27.2	0.0	ESE	0.00	1.3	S	30.2	39.1	39.1	43.1	1010.6	0.00	0.0	333	28.64	1167	5.9	2.53	11.8	0.000	0.495	29.7	88	27.5	38.4	18.83	1.1211	0.33	1189	8	100.0	60
23-06-10	12:00 p	31.2	31.8	30.2	79	27.1	0.4	SW	1.61	2.2	S	31.2	40.2	40.2	47.2	1010.2	0.00	0.0	701	60.29	1290	8.8	3.77	13.4	0.000	0.535	29.9	85	27.1	38.3	17.60	1.1204	0.48	1191	8	100.0	60
23-06-10	1:00 p	29.6	31.2	29.6	91	27.9	0.4	NNE	1.61	2.2	S	29.6	39.1	39.1	44.2	1008.9	0.00	0.0	442	38.02	582	6.9	2.96	11.6	0.000	0.468	30.2	85	27.4	39.2	17.57	1.1176	0.30	1194	8	100.0	60
23-06-10	2:00 p	30.4	30.8	29.6	82	27.0	0.4	E	1.61	1.8	SSW	30.4	39.1	39.1	44.3	1008.7	0.00	0.0	440	37.84	652	5.9	2.53	8.1	0.000	0.502	30.1	85	27.3	38.9	17.58	1.1177	0.33	1193	8	100.0	60
23-06-10	3:00 p	30.0	31.3	29.7	83	26.8	0.4	SSW	1.61	2.2	WNW	30.0	37.9	37.9	43.5	1008.5	0.00	0.0	417	35.87	909	4.1	1.76	7.1	0.000	0.486	30.1	85	27.3	38.7	17.58	1.1178	0.28	1189	8	100.0	60
23-06-10	4:00 p	28.2	30.4	28.1	92	26.7	0.4	SSE	1.61	1.3	S	28.2	34.9	34.9	38.3	1008.9	0.00	0.0	183	15.74	563	1.4	0.60	3.3	0.000	0.410	29.6	86	27.0	37.5	18.04	1.1209	0.13	1196	8	100.0	60
23-06-10	5:00 p	27.2	28.2	27.2	96	26.5	0.0	SSE	0.00	0.4	SSE	27.2	32.7	32.7	32.9	1009.7	0.00	0.0	20	1.72	42	0.0	0.00	0.0	0.000	0.368	28.9	88	26.8	36.4	18.94	1.1245	0.03	1194	8	100.0	60
23-06-10	6:00 p	26.7	27.2	26.7	97	26.2	0.0	---	0.00	0.0	---	26.7	31.7	31.7	31.2	1010.1	0.00	0.0	0	0.00	7	0.0	0.00	0.0	0.000	0.350	28.4	89	26.5	35.1	19.63	1.1275	0.00	1191	8	100.0	60
23-06-10	7:00 p	26.4	26.8	26.4	97	25.9	0.0	SE	0.00	2.2	NW	26.4	30.9	30.9	30.4	1010.7	1.78	99.6	0	0.00	0	0.0	0.00	0.0	0.000	0.338	28.7	88	26.5	35.7	18.98	1.1271	0.00	1187	8	100.0	60
23-06-10	8:00 p	25.7	26.5	25.7	98	25.3	0.4	N	1.61	1.8	NE	25.7	29.2	29.2	28.6	1011.5	27.18	174.2	0	0.00	0	0.0	0.00	0.0	0.000	0.306	28.0	89	26.0	33.8	19.71	1.1318	0.00	1185	8	100.0	60
23-06-10	9:00 p	25.6	25.8	25.5	98	25.2	0.0	WSW	0.00	0.9	WSW	25.6	28.9	28.9	28.3	1011.0	1.02	9.7	0	0.00	0	0.0	0.00	0.0	0.000	0.301	27.7	89	25.7	33.1	19.76	1.1329	0.00	1190	8	100.0	60
23-06-10	10:00 p	25.3	25.6	25.3	98	25.0	0.0	---	0.00	0.0	---	25.3	28.4	28.4	27.8	1010.8	0.25	0.0	0	0.00	0	0.0	0.00	0.0	0.000	0.292	27.5	89	25.5	32.4	19.80	1.1341	0.00	1192	8	100.0	60
23-06-10	11:00 p	25.2	25.3	25.1	98	24.8	0.0	---	0.00	0.0	---	25.2	28.1	28.1	27.4	1010.7	0.00	0.0	0	0.00	0	0.0	0.00	0.0	0.000	0.285	27.3	89	25.3	31.8	19.84	1.1353	0.00	1199	8	100.0	60
23-06-11	12:00 a	25.1	25.2	25.0	98	24.7	0.0	---	0.00	0.0	---	25.1	27.8	27.8	27.2	1010.2	0.00	0.0	0	0.00	0	0.0	0.00	0.0	0.000	0.280	27.1	89	25.1	31.3	19.87	1.1357	0.00	1195	8	100.0	60
23-06-11	1:00 a	24.7	25.1	24.7	98	24.4	0.0	---	0.00	0.0	---	24.7	27.3	27.3	26.7	1009.6	0.00	0.0	0	0.00	0	0.0	0.00	0.0	0.000	0.266	26.8	89	24.9	30.7	19.92	1.1366	0.00	1193	8	100.0	60
23-06-11	2:00 a	24.4	24.7	24.4	98	24.1	0.0	---	0.00	0.0	---	24.4	26.7	26.7	26.1	1009.3	0.00	0.0	0	0.00	0	0.0	0.00	0.0	0.000	0.252	26.5	89	24.5	29.9	19.95	1.1383	0.00	1200	8	100.0	60
23-06-11	3:00 a	24.2	24.4	24.2	98	23.8	0.0	---	0.00	0.0	---	24.2	26.4	26.4	25.7	1009.2	0.00	0.0	0	0.00	0	0.0	0.00	0.0	0.000	0.243	26.2	89	24.3	29.4	19.95	1.1397	0.00	1196	8	100.0	60
23-06-11	4:00 a	23.9	24.2	23.9	98	23.6	0.0	---	0.00	0.0	---	23.9	26.1	26.1	25.4	1009.1	0.00	0.0	0	0.00	0	0.0	0.00	0.0	0.000	0.234	26.1	89	24.1	29.1	19.95	1.1406	0.00	1195	8	100.0	60
23-06-11	5:00 a	23.8	23.9	23.8	98	23.5	0.0	---	0.00	0.0	---	23.8	25.9	25.9	25.2	1009.2	0.00	0.0	0	0.00	0	0.0	0.00	0.0	0.000	0.229	25.9	90	24.1	28.8	20.45	1.1413	0.00	1196	8	100.0	60
23-06-11	6:00 a	24.5	24.5	23.8	99	24.3	0.0	NW	0.00	1.3	NW	24.5	26.9	26.9	26.3	1009.7	0.00	0.0	7	0.60	18	0.0	0.00	0.0	0.000	0.257	25.9	91	24.4	29.1	21.02	1.1412	0.00	1199	8	100.0	60
23-06-11	7:00 a	25.1	25.1	24.5	99	24.9	0.4	NW	1.61	1.3	NE	25.1	27.9	27.9	28.0	1009.7	0.00	0.0	22	1.89	30	0.0	0.00	0.0	0.000	0.280	26.6	91	25.0	30.3	21.05	1.1375	0.03	1188	8	100.0	60
23-06-11	8:00 a	26.8	26.8	25.1	100	26.8	0.4	NE	1.61	2.2	NNW	26.8	32.3	32.3	35.5	1010.1	0.00	0.0	206	17.72	552	1.3	0.56	3.1	0.000	0.352	27.8	92	26.4	33.8	21.19	1.1303	0.13	1191	8	100.0	60
23-06-11	9:00 a	30.0	30.0	26.7	89	28.0	0.4	W	1.61	1.8	W	30.0	39.9	39.9	46.8	1009.9	0.25	0.0	658	56.60	768	4.3	1.84	5.1	0.000	0.486	29.1	87	26.7	36.6	18.49	1.1242	0.43	1190	8	100.0	60
23-06-11	10:00 a	30.3	31.6	29.1	89	28.3	0.4	NNW	1.61	2.2	SSE	30.3	41.6	41.6	48.7	1010.0	0.00	0.0	715	61.50	954	4.0	1.71	4.8	0.000	0.500	29.8	87	27.4	38.7	18.41	1.1199	0.46	1200	8	100.0	60
23-06-11	11:00 a	32.2	32.2	30.3	79	28.1	0.4	S	1.61	2.7	SW	32.2	44.5	44.5	50.9	1009.7	0.00	0.0	972	83.60	1028	8.0	3.43	11.2	0.000	0.576	30.4	85	27.6	40.3	17.54	1.1168	0.66	1197	8	100.0	60
23-06-11	12:00 p	32.1	32.2	31.6	80	28.2	0.9	WSW	3.22	3.1	S	32.1	44.5	44.5	51.7	1009.1	0.00	0.0	924	79.47	995	10.8	4.63	11.4	0.000	0.572	31.1	77	26.5	39.1	14.68	1.1165	0.58	1195	8	100.0	60
23-06-11	1:00 p	31.9	32.2	31.4	81	28.3	0.9	SSW	3.22	3.6	SSW	31.9	44.7	44.7	50.4	1008.1	0.00	0.0	511	43.95	942	10.5	4.50	11.1	0.000	0.567	31.1	79	27.0	39.8	15.28	1.1143	0.36	1198	8	100.0	60
23-06-11	2:00 p	32.1	32.2	31.6	84	29.1	0.9	SSE	3.22	2.7	WNW	32.1	47.6	47.6	54.6	1007.5	0.00	0.0	845	72.68	904	8.0	3.43	9.4	0.000	0.574	31.0	80	27.1	39.9	15.64	1.1135	0.58	1193	8	100.0	60
23-06-11	3:00 p	31.7	32.3	31.4	80	27.8	0.9	S	3.22	3.1	WSW	31.7	43.1	43.1	50.4	1007.0	0.00	0.0	672	57.80	766	4.9	2.10	6.5	0.000	0.558	30.3	80	26.5	38.2	15.69	1.1169	0.46	1192	8	100.0	60
23-06-11	4:00 p	30.6	31.8	30.6	85	27.8	0.9	WSW	3.22	3.6	WSW	30.6	40.9	40.9	48.1	1007.6	0.00	0.0	456	39.22	563	2.3	0.99	3.4	0.000	0.512	29.8	82	26.4	37.2	16.52	1.1195	0.30	1193	8	100.0	60
23-06-11	5:00 p	28.8	30.6	28.8	91	27.2	0.4	SSW	1.61	2.2	S	28.8	36.6	36.6	38.2	1008.2	0.00	0.0	72	6.19	292	0.4	0.17	1.2	0.000	0.435	29.6	83	26.4	36.7	16.84	1.1214	0.05	1187	8	100.0	60
23-06-11	6:00 p	27.5	28.8	27.5	96	26.8	0.0	SW	0.00	0.9	SW	27.5	33.7	33.7	33.3	1008.7	0.00	0.0	15	1.29	35	0.0	0.00	0.0	0.000	0.382	29.2	87	26.8	36.9	18.47	1.1221	0.00	1196	8	100.0	60
23-06-11	7:00 p	27.3	27.5	27.3	95	26.5	0.0	NE	0.00	0.4	NE	27.3	32.9	32.9	32.3	1009.1	0.00	0.0	0	0.00	0	0.0	0.00	0.0	0.000	0.375	28.7	88	26.5	35.6	18.99	1.1255	0.00	1197	8	100.0	60
23-06-11	8:00 p	27.1	27.4	27.1	96	26.4	0.0	NE	0.00	0.4	NE	27.1	32.4	32.4	31.8	1009.8	0.00	0.0	0	0.00	0	0.0	0.00	0.0	0.000	0.363	28.3	89	26.3	34.7	19.65	1.1279	0.00	1196	8	100.0	60
23-06-11	9:00 p	27.1	27.1	27.0	97	26.5	0.0	NE	0.00	0.4	NE	27.1	32.6	32.6	31.9	1009.6	0.00	0.0	0	0.00	0	0.0	0.00	0.0	0.000	0.363	28.4	90	26.6	35.1	20.20	1.1268	0.00	1196	8	100.0	60
23-06-11	10:00 p	26.9	27.1	26.9	98	26.6	0.0	NE	0.00	1.3	NNW	26.9	32.4	32.4	31.8	1010.1	7.62	85.6	0	0.00	0	0.0	0.00	0.0	0.000	0.359	28.6	90	26.8	35.6	20.18	1.1265	0.00	1196	8	100.0	60
23-06-11	11:00 p	26.9	27.0	26.8	98	26.5	0.0	---	0.00	0.0	---	26.9	32.3	32.3	31.7	1009.8	0.00	0.0	0	0.00	0	0.0	0.00	0.0	0.000	0.356	28.4	90	26.6	35.1	20.20	1.1271	0.00	1196	8	100.0	60
23-06-12	12:00 a	26.7	26.9	26.7	98	26.4	0.4	NNE	1.61	2.2	NNW	26.7	31.8	31.8	31.2	1009.3	1.78	17.3	0	0.00	0	0.0	0.00	0.0	0.000	0.350	28.4	90	26.6	35.2	20.19	1.1262	0.00	1188	8	100.0	60
23-06-12	1:00 a	26.4	26.7	26.4	98	26.0	0.0	SSW	0.00	0.9	WNW	26.4	30.9	30.9	30.3	1008.9	0.00	0.0	0	0.00	0	0.0	0.00	0.0	0.000	0.336	28.1	90	26.3	34.1	20.25	1.1280	0.00	1193	8	100.0	60
23-06-12	2:00 a	26.1	26.4	26.1	98	25.8	0.0	SSW	0.00	0.4	SSW	26.1	30.2	30.2	29.6	1008.0	0.00	0.0	0	0.00	0	0.0	0.00	0.0	0.000	0.324	27.9	90	26.1	33.7	20.27	1.1281	0.00	1191	8	100.0	60
23-06-12	3:00 a	26.1	26.1	26.0	98	25.7	0.0	---	0.00	0.0	---	26.1	30.1	30.1	29.5	1007.9	0.00	0.0	0	0.00	0	0.0	0.00	0.0	0.000	0.322	27.7	91	26.1	33.3	20.91	1.1288	0.00	1201	8	100.0	60
23-06-12	4:00 a	26.1	26.1	26.1	98	25.7	0.0	SSW	0.00	0.4	SSW	26.1	30.1	30.1	29.5	1008.8	0.00	0.0	0	0.00	0	0.0	0.00	0.0	0.000	0.322	27.7	90	25.9	33.1	20.31	1.1303	0.00	1197	8	100.0	60
23-06-12	5:00 a	26.1	26.1	26.0	98	25.7	0.0	SSW	0.00	0.4	SSW	26.1	30.1	30.1	29.5	1009.0	0.25	0.0	0	0.00	0	0.0	0.00	0.0	0.000	0.322	27.6	91	26.0	32.9	20.92	1.1307	0.00	1195	8	100.0	60
23-06-12	6:00 a	26.1	26.1	25.9	99	25.9	0.0	SSW	0.00	0.4	SSW	26.1	30.2	30.2	29.8	1009.0	0.00	0.0	14	1.20	35	0.0	0.00	0.0	0.000	0.322	27.6	91	26.0	32.9	20.92	1.1308	0.00	1197	8	100.0	60
23-06-12	7:00 a	26.7	26.7	26.0	99	26.5	0.0	---	0.00	0.0	---	26.7	31.8	31.8	33.0	1010.0	0.00	0.0	67	5.76	123	0.2	0.09	0.8	0.000	0.347	27.8	92	26.4	33.8	21.19	1.1301	0.05	1190	8	100.0	60
23-06-12	8:00 a	27.4	27.4	26.7	99	27.3	0.0	SSW	0.00	0.4	SSW	27.4	34.1	34.1	36.2	1010.7	0.00	0.0	138	11.87	557	1.4	0.60	3.0	0.000	0.380	28.6	93	27.3	36.4	21.32	1.1258	0.10	1194	8	100.0	60
23-06-12	9:00 a	29.2	29.2	27.4	92	27.8	0.0	NE	0.00	1.3	ENE	29.2	38.3	38.3	40.6	1010.3	0.00	0.0	183	15.74	410	2.2	0.94	5.0	0.000	0.454	29.1	91	27.5	37.6	20.70	1.1228	0.13	1194	8	100.0	60
23-06-12	10:00 a	29.1	31.2	29.1	92	27.6	0.4	SE	1.61	1.8	N	29.1	37.8	37.8	44.8	1009.6	0.00	0.0	713	61.33	1049	4.1	1.76	5.2	0.000	0.447	30.4	87	28.0	41.2	18.34	1.1157	0.48	1195	8	100.0	60
23-06-12	11:00 a	30.7	31.6	29.1	87	28.3	0.4	SSW	1.61	2.7	SSW	30.7	42.2	42.2	49.5	1008.3	0.00	0.0	861	74.06	1236	7.2	3.09	11.8	0.000	0.514	31.2	84	28.2	42.6	17.12	1.1110	0.56	1187	8	100.0	60
23-06-12	12:00 p	32.0	32.2	30.1	80	28.1	0.4	S	1.61	2.2	SSW	32.0	44.3	44.3	51.3	1007.3	0.00	0.0	703	60.47	1146	9.2	3.94	11.6	0.000	0.569	31.6	82	28.2	43.6	16.39	1.1085	0.46	1187	8	100.0	60
23-06-12	1:00 p	31.0	31.9	30.4	85	28.2	0.4	SE	1.61	3.1	SE	31.0	42.2	42.2	47.1	1006.6	0.00	0.0	414	35.61	594	6.4	2.74	11.5	0.000	0.528	31.6	83	28.4	44.2	16.69	1.1072	0.28	1195	8	100.0	60
23-06-12	2:00 p	30.4	31.1	30.2	83	27.2	0.9	SE	3.22	3.6	SE	30.4	39.6	39.6	44.6	1006.4	0.00	0.0	414	35.61	599	4.6	1.97	6.8	0.000	0.505	31.3	84	28.3	43.2	17.11	1.1081	0.30	1192	8	100.0	60
23-06-12	3:00 p	30.1	31.1	30.0	85	27.3	0.9	SE	3.22	4.5	SE	30.1	38.9	38.9	43.2	1005.9	0.00	0.0	305	26.23	809	2.9	1.24	4.9	0.000	0.491	31.1	85	28.2	42.3	17.48	1.1087	0.23	1182	8	100.0	60
23-06-12	4:00 p	28.7	30.2	28.4	90	26.9	0.4	S	1.61	3.6	SSE	28.7	35.9	35.9	37.7	1005.9	0.00	0.0	99	8.52	364	0.7	0.30	2.7	0.000	0.431	30.6	85	27.7	40.8	17.53	1.1117	0.08	1191	8	100.0	60
23-06-12	5:00 p	28.0	28.9	27.9	96	27.3	0.4	SE	1.61	3.1	S	28.0	35.3	35.3	35.9	1006.5	0.00	0.0	30	2.58	51	0.0	0.00	0.0	0.000	0.403	30.1	87	27.7	39.4	18.38	1.1145	0.03	1192	8	100.0	60
23-06-12	6:00 p	27.6	28.0	27.6	97	27.1	0.0	NE	0.00	0.4	NE	27.6	34.3	34.3	33.8	1007.4	0.00	0.0	2	0.17	16	0.0	0.00	0.0	0.000	0.387	29.7	88	27.5	38.6	18.82	1.1171	0.00	1196	8	100.0	60
23-06-12	7:00 p	27.4	27.6	27.3	98	27.0	0.0	NE	0.00	0.4	NE	27.4	33.7	33.7	33.2	1007.9	0.25	0.0	0	0.00	0	0.0	0.00	0.0	0.000	0.377	29.6	88	27.4	38.3	18.83	1.1183	0.00	1189	8	100.0	60
23-06-12	8:00 p	27.3	27.4	27.3	97	26.8	0.0	NE	0.00	0.9	NE	27.3	33.2	33.2	32.7	1008.2	0.25	1.0	0	0.00	0	0.0	0.00	0.0	0.000	0.373	29.4	88	27.2	37.7	18.85	1.1197	0.00	1187	8	100.0	60
23-06-12	9:00 p	26.8	27.3	26.8	97	26.3	0.4	NNW	1.61	2.7	SSE	26.8	31.9	31.9	31.4	1009.0	3.30	59.9	0	0.00	0	0.0	0.00	0.0	0.000	0.354	28.9	87	26.6	36.2	18.50	1.1242	0.00	1189	8	100.0	60
23-06-12	10:00 p	26.4	26.8	26.4	97	25.9	0.0	WNW	0.00	0.4	WNW	26.4	30.9	30.9	30.4	1008.9	1.02	8.1	0	0.00	0	0.0	0.00	0.0	0.000	0.338	28.7	88	26.5	35.7	18.98	1.1249	0.00	1192	8	100.0	60
23-06-12	11:00 p	26.4	26.4	26.3	98	26.0	0.0	---	0.00	0.0	---	26.4	30.9	30.9	30.4	1008.5	0.00	0.0	0	0.00	0	0.0	0.00	0.0	0.000	0.336	28.6	88	26.4	35.4	19.00	1.1252	0.00	1193	8	100.0	60
23-06-13	12:00 a	26.4	26.4	26.3	98	26.0	0.0	---	0.00	0.0	---	26.4	30.9	30.9	30.4	1008.3	0.00	0.0	0	0.00	0	0.0	0.00	0.0	0.000	0.336	28.6	89	26.6	35.4	19.61	1.1248	0.00	1194	8	100.0	60
23-06-13	1:00 a	26.4	26.5	26.4	98	26.0	0.0	SE	0.00	1.8	SE	26.4	30.9	30.9	30.4	1007.2	0.00	0.0	0	0.00	0	0.0	0.00	0.0	0.000	0.336	28.5	89	26.5	35.2	19.62	1.1238	0.00	1187	8	100.0	60
23-06-13	2:00 a	26.1	26.4	26.0	98	25.7	0.0	---	0.00	0.0	---	26.1	30.1	30.1	29.6	1006.7	0.00	0.0	0	0.00	0	0.0	0.00	0.0	0.000	0.322	28.2	89	26.2	34.4	19.67	1.1250	0.00	1196	8	100.0	60
23-06-13	3:00 a	25.8	26.1	25.7	98	25.4	0.0	---	0.00	0.0	---	25.8	29.4	29.4	28.9	1006.8	0.00	0.0	0	0.00	0	0.0	0.00	0.0	0.000	0.310	27.9	89	25.9	33.5	19.73	1.1271	0.00	1190	8	100.0	60
23-06-13	4:00 a	25.4	25.8	25.4	98	25.1	0.0	---	0.00	0.0	---	25.4	28.7	28.7	28.1	1006.9	0.00	0.0	0	0.00	0	0.0	0.00	0.0	0.000	0.296	27.7	89	25.7	32.9	19.77	1.1285	0.00	1197	8	100.0	60
23-06-13	5:00 a	25.6	25.6	25.4	99	25.4	0.0	---	0.00	0.0	---	25.6	29.1	29.1	28.6	1007.5	0.00	0.0	0	0.00	0	0.0	0.00	0.0	0.000	0.303	27.7	89	25.7	32.9	19.77	1.1292	0.00	1200	8	100.0	60
23-06-13	6:00 a	25.8	25.8	25.6	99	25.7	0.0	---	0.00	0.0	---	25.8	29.7	29.7	29.2	1008.3	0.00	0.0	7	0.60	25	0.0	0.00	0.0	0.000	0.313	27.8	90	26.0	33.4	20.29	1.1291	0.00	1194	8	100.0	60
23-06-13	7:00 a	26.4	26.4	25.8	99	26.2	0.0	---	0.00	0.0	---	26.4	31.1	31.1	32.0	1008.9	0.00	0.0	57	4.90	169	0.2	0.09	0.8	0.000	0.336	28.0	90	26.2	34.0	20.26	1.1285	0.03	1185	8	100.0	60
23-06-13	8:00 a	27.6	27.6	26.4	99	27.4	0.0	SSE	0.00	1.8	SSE	27.6	34.5	34.5	37.8	1009.2	0.00	0.0	210	18.06	594	1.4	0.60	3.0	0.000	0.384	28.6	91	27.0	36.1	20.77	1.1246	0.13	1199	8	100.0	60
23-06-13	9:00 a	30.3	30.3	27.6	90	28.5	0.4	SE	1.61	2.7	ESE	30.3	41.8	41.8	47.7	1009.6	0.00	0.0	485	41.72	926	3.5	1.50	5.2	0.000	0.498	29.7	91	28.0	39.5	20.64	1.1185	0.33	1197	8	100.0	60
23-06-13	10:00 a	30.4	30.7	29.6	89	28.4	0.9	SE	3.22	3.6	E	30.4	42.2	42.2	48.2	1009.1	0.00	0.0	542	46.62	1020	4.1	1.76	5.1	0.000	0.505	30.8	88	28.6	43.3	18.70	1.1122	0.41	1197	8	100.0	60
23-06-13	11:00 a	29.9	31.6	29.9	86	27.3	0.9	SE	3.22	4.9	S	29.9	38.5	38.5	45.1	1008.8	0.00	0.0	627	53.93	1058	6.5	2.79	10.7	0.000	0.481	31.3	84	28.3	43.2	17.11	1.1108	0.46	1191	8	100.0	60
23-06-13	12:00 p	31.3	31.8	29.3	85	28.5	0.9	SSE	3.22	3.6	SE	31.3	43.4	43.4	50.5	1008.3	0.00	0.0	706	60.72	1086	9.3	3.99	11.7	0.000	0.539	31.7	84	28.7	45.3	17.09	1.1078	0.51	1196	8	100.0	60
23-06-13	1:00 p	31.8	31.9	31.3	80	27.9	0.9	SE	3.22	4.0	S	31.8	43.3	43.3	48.7	1007.0	0.00	0.0	469	40.34	1023	9.5	4.07	10.9	0.000	0.560	32.1	82	28.6	45.9	16.36	1.1054	0.36	1198	8	100.0	60
23-06-13	2:00 p	30.8	31.9	30.8	85	28.0	0.9	SE	3.22	4.9	ESE	30.8	41.4	41.4	48.5	1006.5	0.00	0.0	757	65.11	1009	7.0	3.00	9.3	0.000	0.519	31.7	84	28.6	44.9	17.09	1.1062	0.51	1193	8	100.0	60
23-06-13	3:00 p	29.7	31.5	29.7	87	27.3	0.9	SSE	3.22	4.5	SSE	29.7	38.1	38.1	42.7	1006.1	0.00	0.0	323	27.78	731	3.5	1.50	5.8	0.000	0.472	31.1	84	28.1	42.1	17.13	1.1091	0.25	1194	8	100.0	60
23-06-13	4:00 p	28.1	30.0	28.1	95	27.2	0.4	SE	1.61	3.6	SE	28.1	35.5	35.5	37.2	1007.3	0.00	0.0	97	8.34	276	0.8	0.34	2.2	0.000	0.407	30.4	85	27.6	40.3	17.54	1.1140	0.08	1197	8	100.0	60
23-06-13	5:00 p	27.6	28.2	27.5	94	26.5	0.0	NNE	0.00	1.3	NNE	27.6	33.5	33.5	33.4	1007.4	0.00	0.0	10	0.86	16	0.0	0.00	0.0	0.000	0.384	29.8	85	27.0	38.0	17.61	1.1179	0.00	1197	8	100.0	60
23-06-13	6:00 p	27.1	27.6	27.1	95	26.2	0.0	NE	0.00	0.4	NE	27.1	32.3	32.3	31.9	1008.0	0.00	0.0	2	0.17	5	0.0	0.00	0.0	0.000	0.366	29.3	86	26.7	36.9	18.06	1.1211	0.00	1197	8	100.0	60
23-06-13	7:00 p	26.9	27.2	26.8	96	26.2	0.0	NE	0.00	0.9	ENE	26.9	31.9	31.9	31.4	1008.2	0.00	0.0	0	0.00	0	0.0	0.00	0.0	0.000	0.356	29.2	87	26.8	36.7	18.48	1.1219	0.00	1197	8	100.0	60
23-06-13	8:00 p	26.7	26.9	26.7	96	26.0	0.0	W	0.00	0.4	W	26.7	31.3	31.3	30.8	1008.0	0.00	0.0	0	0.00	0	0.0	0.00	0.0	0.000	0.347	28.8	87	26.5	35.9	18.52	1.1236	0.00	1198	8	100.0	60
23-06-13	9:00 p	26.4	26.7	26.4	96	25.8	0.0	---	0.00	0.0	---	26.4	30.8	30.8	30.3	1008.1	0.00	0.0	0	0.00	0	0.0	0.00	0.0	0.000	0.338	28.6	88	26.4	35.2	19.01	1.1250	0.00	1200	8	100.0	60
23-06-13	10:00 p	26.1	26.4	26.1	97	25.5	0.0	---	0.00	0.0	---	26.1	30.0	30.0	29.4	1007.6	0.00	0.0	0	0.00	0	0.0	0.00	0.0	0.000	0.322	28.2	88	26.0	34.2	19.07	1.1265	0.00	1200	8	100.0	60
23-06-13	11:00 p	25.8	26.1	25.8	97	25.3	0.0	---	0.00	0.0	---	25.8	29.3	29.3	28.8	1007.9	0.00	0.0	0	0.00	0	0.0	0.00	0.0	0.000	0.310	28.0	88	25.8	33.6	19.11	1.1281	0.00	1196	8	100.0	60
23-06-14	12:00 a	25.6	25.8	25.6	97	25.0	0.0	---	0.00	0.0	---	25.6	28.8	28.8	28.2	1007.6	0.00	0.0	0	0.00	0	0.0	0.00	0.0	0.000	0.301	27.8	88	25.6	33.0	19.15	1.1291	0.00	1198	8	100.0	60
23-06-14	1:00 a	25.4	25.6	25.4	98	25.1	0.0	---	0.00	0.0	---	25.4	28.6	28.6	28.0	1007.0	0.00	0.0	0	0.00	0	0.0	0.00	0.0	0.000	0.294	27.6	89	25.6	32.7	19.78	1.1289	0.00	1194	8	100.0	60
23-06-14	2:00 a	25.2	25.4	25.2	98	24.9	0.0	---	0.00	0.0	---	25.2	28.2	28.2	27.7	1006.5	0.00	0.0	0	0.00	0	0.0	0.00	0.0	0.000	0.287	27.4	89	25.5	32.3	19.81	1.1294	0.00	1196	8	100.0	60
23-06-14	3:00 a	25.1	25.3	25.1	98	24.8	0.0	---	0.00	0.0	---	25.1	27.9	27.9	27.4	1006.4	0.00	0.0	0	0.00	0	0.0	0.00	0.0	0.000	0.282	27.3	89	25.3	31.8	19.84	1.1302	0.00	1198	8	100.0	60
23-06-14	4:00 a	25.0	25.1	24.9	98	24.7	0.0	---	0.00	0.0	---	25.0	27.7	27.7	27.2	1006.4	0.00	0.0	0	0.00	0	0.0	0.00	0.0	0.000	0.278	27.1	89	25.1	31.3	19.87	1.1313	0.00	1195	8	100.0	60
23-06-14	5:00 a	25.0	25.0	24.9	98	24.7	0.0	W	0.00	0.4	W	25.0	27.7	27.7	27.2	1006.7	0.00	0.0	0	0.00	0	0.0	0.00	0.0	0.000	0.278	27.0	89	25.0	31.1	19.89	1.1323	0.00	1200	8	100.0	60
23-06-14	6:00 a	25.4	25.4	24.9	99	25.3	0.0	---	0.00	0.0	---	25.4	28.8	28.8	28.4	1007.7	0.00	0.0	12	1.03	44	0.0	0.00	0.0	0.000	0.296	27.2	91	25.6	31.8	20.98	1.1316	0.00	1197	8	100.0	60
23-06-14	7:00 a	26.5	26.5	25.4	99	26.3	0.0	W	0.00	0.9	W	26.5	31.4	31.4	32.9	1008.6	0.00	0.0	85	7.31	155	0.2	0.09	0.6	0.000	0.340	27.7	91	26.1	33.3	20.91	1.1296	0.05	1190	8	100.0	60
23-06-14	8:00 a	27.4	27.4	26.4	99	27.2	0.0	NNE	0.00	0.9	W	27.4	33.9	33.9	36.2	1008.9	0.00	0.0	148	12.73	543	1.2	0.51	2.9	0.000	0.377	28.4	92	27.0	35.6	21.21	1.1252	0.10	1197	8	100.0	60
23-06-14	9:00 a	29.0	29.0	27.4	96	28.3	0.0	NNE	0.00	0.4	NNE	29.0	38.8	38.8	43.1	1009.4	0.00	0.0	332	28.56	682	3.0	1.29	3.6	0.000	0.444	29.4	89	27.4	38.0	19.45	1.1207	0.23	1183	8	100.0	60
23-06-14	10:00 a	31.7	31.7	28.7	78	27.4	0.4	ESE	1.61	2.2	S	31.7	42.1	42.1	48.6	1008.5	0.00	0.0	612	52.64	1206	4.8	2.06	5.7	0.000	0.556	30.7	86	28.1	41.7	17.92	1.1136	0.46	1195	8	100.0	60
23-06-14	11:00 a	31.9	32.4	30.8	78	27.6	0.9	SSE	3.22	3.6	SE	31.9	43.2	43.2	50.3	1008.6	0.00	0.0	734	63.13	1164	6.9	2.96	9.3	0.000	0.567	31.3	83	28.1	42.7	16.71	1.1112	0.51	1199	8	100.0	60
23-06-14	12:00 p	30.6	31.9	30.0	82	27.1	0.4	S	1.61	2.7	ESE	30.6	39.7	39.7	45.7	1008.2	0.00	0.0	548	47.13	830	6.7	2.87	8.9	0.000	0.509	31.4	82	27.9	42.5	16.41	1.1109	0.38	1190	8	100.0	60
23-06-14	1:00 p	32.7	32.8	30.3	80	28.8	0.9	SSW	3.22	3.6	SE	32.7	47.3	47.3	53.8	1007.7	0.00	0.0	604	51.95	1067	8.6	3.69	10.2	0.000	0.597	31.8	82	28.3	44.5	16.38	1.1079	0.43	1189	8	100.0	60
23-06-14	2:00 p	29.8	32.7	29.8	90	28.0	0.4	SE	1.61	3.6	SE	29.8	39.5	39.5	43.2	1007.0	0.00	0.0	294	25.29	877	3.9	1.67	8.6	0.000	0.477	31.2	83	28.0	42.2	16.72	1.1100	0.20	1196	8	100.0	60
23-06-14	3:00 p	30.1	30.3	29.6	84	27.1	0.4	ESE	1.61	2.7	S	30.1	38.4	38.4	41.9	1006.5	0.00	0.0	244	20.99	315	2.6	1.11	2.8	0.000	0.488	30.7	86	28.1	41.8	17.91	1.1110	0.15	1196	8	100.0	60
23-06-14	4:00 p	29.8	30.2	29.7	89	27.8	0.4	SE	1.61	2.2	S	29.8	39.3	39.3	43.4	1006.7	0.00	0.0	224	19.27	278	1.6	0.69	2.2	0.000	0.479	30.7	86	28.1	41.7	17.92	1.1115	0.15	1197	8	100.0	60
23-06-14	5:00 p	26.6	29.8	26.5	96	25.9	0.4	SE	1.61	2.2	SE	26.6	31.1	31.1	32.2	1007.7	1.78	28.2	56	4.82	190	0.2	0.09	1.1	0.000	0.343	29.9	85	27.1	38.3	17.60	1.1175	0.05	1195	8	100.0	60
23-06-14	6:00 p	26.1	26.6	26.1	98	25.8	0.0	ENE	0.00	1.3	ENE	26.1	30.2	30.2	29.7	1008.2	0.25	0.0	2	0.17	9	0.0	0.00	0.0	0.000	0.324	28.9	86	26.4	35.9	18.10	1.1237	0.00	1198	8	100.0	60
23-06-14	7:00 p	25.2	26.1	25.1	98	24.8	0.4	NNE	1.61	4.0	E	25.2	28.1	28.1	27.4	1008.6	31.75	130.6	0	0.00	0	0.0	0.00	0.0	0.000	0.285	28.2	86	25.7	33.8	18.18	1.1285	0.00	1190	8	100.0	60
23-06-14	8:00 p	25.1	25.2	25.0	98	24.8	0.0	N	0.00	0.9	N	25.1	27.9	27.9	27.3	1009.7	1.78	9.9	0	0.00	0	0.0	0.00	0.0	0.000	0.282	27.8	86	25.2	32.6	18.23	1.1324	0.00	1198	8	100.0	60
23-06-14	9:00 p	25.2	25.2	25.1	98	24.8	0.0	ESE	0.00	1.3	SE	25.2	28.1	28.1	27.4	1009.2	2.54	5.3	0	0.00	0	0.0	0.00	0.0	0.000	0.285	27.6	88	25.4	32.6	19.18	1.1320	0.00	1196	8	100.0	60
23-06-14	10:00 p	25.3	25.3	25.2	99	25.1	0.0	ESE	0.00	1.8	NE	25.3	28.4	28.4	27.8	1008.8	2.79	5.8	0	0.00	0	0.0	0.00	0.0	0.000	0.289	27.5	89	25.5	32.4	19.80	1.1317	0.00	1188	8	100.0	60
23-06-14	11:00 p	25.3	25.3	25.2	99	25.1	0.0	SSE	0.00	1.8	N	25.3	28.4	28.4	27.8	1008.0	0.76	2.0	0	0.00	0	0.0	0.00	0.0	0.000	0.289	27.2	89	25.2	31.6	19.85	1.1324	0.00	1197	8	100.0	60
23-06-15	12:00 a	25.0	25.3	25.0	98	24.7	0.0	SSE	0.00	0.4	SSE	25.0	27.7	27.7	27.1	1007.5	0.00	0.0	0	0.00	0	0.0	0.00	0.0	0.000	0.278	27.1	89	25.1	31.2	19.88	1.1328	0.00	1193	8	100.0	60
23-06-15	1:00 a	24.9	25.0	24.9	99	24.7	0.0	---	0.00	0.0	---	24.9	27.6	27.6	26.9	1007.5	0.00	0.0	0	0.00	0	0.0	0.00	0.0	0.000	0.273	26.8	90	25.1	30.8	20.43	1.1337	0.00	1189	8	100.0	60
23-06-15	2:00 a	24.8	24.9	24.8	99	24.7	0.0	SSE	0.00	0.4	SSE	24.8	27.5	27.5	26.8	1006.8	0.00	0.0	0	0.00	0	0.0	0.00	0.0	0.000	0.271	26.7	90	24.9	30.6	20.44	1.1336	0.00	1195	8	100.0	60
23-06-15	3:00 a	24.7	24.9	24.7	99	24.6	0.0	SSE	0.00	0.4	SSE	24.7	27.3	27.3	26.7	1006.5	0.00	0.0	0	0.00	0	0.0	0.00	0.0	0.000	0.266	26.6	90	24.8	30.3	20.45	1.1339	0.00	1192	8	100.0	60
23-06-15	4:00 a	24.4	24.8	24.4	99	24.2	0.0	SSE	0.00	0.4	SSE	24.4	26.7	26.7	26.1	1006.1	0.00	0.0	0	0.00	0	0.0	0.00	0.0	0.000	0.252	26.3	90	24.5	29.6	20.45	1.1354	0.00	1195	8	100.0	60
23-06-15	5:00 a	24.2	24.4	24.2	98	23.8	0.0	---	0.00	0.0	---	24.2	26.4	26.4	25.7	1006.9	0.25	0.0	0	0.00	0	0.0	0.00	0.0	0.000	0.243	26.1	90	24.3	29.3	20.45	1.1373	0.00	1197	8	100.0	60
23-06-15	6:00 a	24.2	24.2	24.1	99	24.0	0.0	---	0.00	0.0	---	24.2	26.4	26.4	25.8	1007.3	0.00	0.0	6	0.52	21	0.0	0.00	0.0	0.000	0.243	26.0	90	24.2	29.1	20.45	1.1384	0.00	1197	8	100.0	60
23-06-15	7:00 a	24.8	24.8	24.1	99	24.7	0.0	---	0.00	0.0	---	24.8	27.5	27.5	27.9	1008.2	0.00	0.0	38	3.27	49	0.0	0.00	0.0	0.000	0.271	26.5	92	25.1	30.4	21.14	1.1358	0.03	1187	8	100.0	60
23-06-15	8:00 a	27.1	27.1	24.8	99	26.9	0.0	SSE	0.00	0.4	SSE	27.1	33.1	33.1	36.2	1009.0	0.00	0.0	197	16.94	369	1.4	0.60	2.3	0.000	0.366	27.6	92	26.2	33.3	21.18	1.1301	0.13	1195	8	100.0	60
23-06-15	9:00 a	27.9	28.1	27.1	97	27.4	0.4	ESE	1.61	0.9	SSE	27.9	35.2	35.2	38.7	1009.9	0.00	0.0	274	23.57	381	2.6	1.11	3.4	0.000	0.398	28.4	92	27.0	35.8	21.21	1.1260	0.18	1195	8	100.0	60
23-06-15	10:00 a	28.7	28.8	27.8	94	27.6	0.0	SE	0.00	0.9	SE	28.7	37.1	37.1	40.7	1009.6	0.00	0.0	299	25.72	397	3.6	1.54	4.1	0.000	0.431	28.9	90	27.1	36.7	20.13	1.1238	0.20	1185	8	100.0	60
23-06-15	11:00 a	29.4	29.4	28.1	91	27.8	0.0	SE	0.00	0.9	SE	29.4	38.6	38.6	42.0	1009.2	0.00	0.0	272	23.40	432	3.8	1.63	5.7	0.000	0.463	29.1	90	27.3	37.3	20.10	1.1220	0.18	1196	8	100.0	60
23-06-15	12:00 p	30.4	31.1	29.4	84	27.4	0.4	SSW	1.61	1.8	SSW	30.4	39.9	39.9	46.5	1008.4	0.00	0.0	611	52.55	1011	7.9	3.39	11.2	0.000	0.505	30.3	85	27.5	39.6	17.56	1.1164	0.43	1196	8	100.0	60
23-06-15	1:00 p	30.1	30.9	30.0	85	27.3	0.4	SSE	1.61	2.2	S	30.1	38.7	38.7	44.5	1007.6	0.00	0.0	523	44.98	587	7.0	3.00	8.6	0.000	0.488	30.7	86	28.1	41.7	17.92	1.1126	0.36	1198	8	100.0	60
23-06-15	2:00 p	29.6	30.5	29.2	88	27.4	0.4	SSE	1.61	1.3	SE	29.6	38.1	38.1	42.3	1006.7	0.00	0.0	334	28.73	466	4.1	1.76	5.5	0.000	0.468	30.3	86	27.7	40.3	17.95	1.1136	0.23	1195	8	100.0	60
23-06-15	3:00 p	28.7	29.9	28.7	94	27.7	0.0	SE	0.00	2.2	SSE	28.7	37.2	37.2	40.5	1006.7	0.00	0.0	225	19.35	336	2.4	1.03	3.8	0.000	0.433	30.1	87	27.7	39.7	18.38	1.1145	0.15	1195	8	100.0	60
23-06-15	4:00 p	28.6	28.7	28.3	96	27.9	0.0	SE	0.00	0.4	SE	28.6	37.2	37.2	39.4	1007.0	0.00	0.0	122	10.49	160	1.0	0.43	1.3	0.000	0.426	29.9	88	27.7	39.2	18.80	1.1156	0.08	1195	8	100.0	60
23-06-15	5:00 p	28.1	28.8	28.1	96	27.4	0.0	SE	0.00	0.4	SE	28.1	35.7	35.7	37.8	1007.0	0.00	0.0	92	7.91	141	0.3	0.13	0.8	0.000	0.407	29.8	89	27.8	39.2	19.39	1.1159	0.05	1195	8	100.0	60
23-06-15	6:00 p	27.3	28.1	27.3	98	26.9	0.0	SE	0.00	0.9	SE	27.3	33.4	33.4	32.9	1007.6	0.00	0.0	11	0.95	28	0.0	0.00	0.0	0.000	0.373	29.2	89	27.2	37.4	19.49	1.1200	0.00	1191	8	100.0	60
23-06-15	7:00 p	26.4	27.3	26.4	98	26.1	0.0	---	0.00	0.0	---	26.4	31.1	31.1	30.4	1008.3	0.00	0.0	0	0.00	0	0.0	0.00	0.0	0.000	0.338	28.7	88	26.5	35.7	18.98	1.1242	0.00	1188	8	100.0	60
23-06-15	8:00 p	26.0	26.4	26.0	98	25.7	0.0	---	0.00	0.0	---	26.0	29.9	29.9	29.3	1008.9	0.00	0.0	0	0.00	0	0.0	0.00	0.0	0.000	0.319	28.2	89	26.2	34.4	19.67	1.1275	0.00	1187	8	100.0	60
23-06-15	9:00 p	26.1	26.1	25.9	98	25.7	0.0	---	0.00	0.0	---	26.1	30.1	30.1	29.4	1009.1	0.00	0.0	0	0.00	0	0.0	0.00	0.0	0.000	0.322	28.0	90	26.2	34.0	20.26	1.1286	0.00	1190	8	100.0	60
23-06-15	10:00 p	26.1	26.1	26.0	98	25.7	0.0	---	0.00	0.0	---	26.1	30.1	30.1	29.4	1008.9	0.00	0.0	0	0.00	0	0.0	0.00	0.0	0.000	0.322	27.8	90	26.0	33.4	20.29	1.1297	0.00	1188	8	100.0	60
23-06-15	11:00 p	26.0	26.1	25.9	98	25.7	0.0	---	0.00	0.0	---	26.0	29.9	29.9	29.3	1008.7	0.00	0.0	0	0.00	0	0.0	0.00	0.0	0.000	0.319	27.7	90	25.9	33.1	20.31	1.1301	0.00	1194	8	100.0	60
23-06-16	12:00 a	26.0	26.0	25.9	99	25.8	0.0	---	0.00	0.0	---	26.0	30.1	30.1	29.4	1008.6	0.00	0.0	0	0.00	0	0.0	0.00	0.0	0.000	0.319	27.6	91	26.0	32.9	20.92	1.1303	0.00	1192	8	100.0	60
23-06-16	1:00 a	25.8	26.0	25.8	98	25.4	0.0	---	0.00	0.0	---	25.8	29.4	29.4	28.8	1008.3	0.00	0.0	0	0.00	0	0.0	0.00	0.0	0.000	0.310	27.4	91	25.8	32.4	20.95	1.1310	0.00	1194	8	100.0	60
23-06-16	2:00 a	25.7	25.8	25.7	98	25.3	0.0	NE	0.00	0.4	NE	25.7	29.2	29.2	28.5	1007.5	0.00	0.0	0	0.00	0	0.0	0.00	0.0	0.000	0.306	27.3	91	25.7	32.3	20.95	1.1303	0.00	1199	8	100.0	60
23-06-16	3:00 a	25.7	25.7	25.6	99	25.5	0.0	NE	0.00	0.9	NE	25.7	29.3	29.3	28.6	1007.1	0.00	0.0	0	0.00	0	0.0	0.00	0.0	0.000	0.306	27.2	91	25.6	31.9	20.97	1.1306	0.00	1194	8	100.0	60
23-06-16	4:00 a	25.8	25.8	25.7	99	25.7	0.0	NE	0.00	0.9	NE	25.8	29.7	29.7	29.0	1007.6	0.00	0.0	0	0.00	0	0.0	0.00	0.0	0.000	0.313	27.3	91	25.7	32.1	20.96	1.1308	0.00	1188	8	100.0	60
23-06-16	5:00 a	25.8	25.8	25.8	99	25.6	0.0	---	0.00	0.0	---	25.8	29.6	29.6	28.9	1007.7	0.00	0.0	0	0.00	0	0.0	0.00	0.0	0.000	0.310	27.2	92	25.8	32.1	21.17	1.1308	0.00	1190	8	100.0	60
23-06-16	6:00 a	25.8	25.9	25.7	99	25.7	0.0	---	0.00	0.0	---	25.8	29.7	29.7	29.2	1008.6	0.25	0.0	14	1.20	32	0.0	0.00	0.0	0.000	0.313	27.2	92	25.8	32.1	21.17	1.1319	0.00	1199	8	100.0	60
23-06-16	7:00 a	26.4	26.4	25.8	99	26.2	0.0	NE	0.00	0.9	NE	26.4	31.1	31.1	31.4	1009.0	0.25	0.0	33	2.84	42	0.0	0.00	0.0	0.000	0.336	27.4	93	26.2	32.8	21.28	1.1310	0.03	1191	8	100.0	60
23-06-16	8:00 a	27.0	27.0	26.3	99	26.8	0.0	NE	0.00	0.4	NE	27.0	32.8	32.8	33.9	1010.6	0.25	0.0	88	7.57	125	0.6	0.26	1.1	0.000	0.361	27.8	93	26.5	34.0	21.29	1.1305	0.05	1192	8	100.0	60
23-06-16	9:00 a	27.7	27.7	27.0	99	27.6	0.0	NE	0.00	0.4	NE	27.7	35.0	35.0	37.0	1010.6	0.00	0.0	158	13.59	185	1.5	0.64	2.1	0.000	0.391	28.3	93	27.1	35.7	21.31	1.1270	0.10	1199	8	100.0	60
23-06-16	10:00 a	29.7	29.7	27.7	93	28.5	0.0	NE	0.00	1.3	WNW	29.7	40.5	40.5	45.5	1009.9	0.00	0.0	420	36.12	612	4.1	1.76	5.3	0.000	0.475	29.2	91	27.6	37.9	20.68	1.1217	0.28	1197	8	100.0	60
23-06-16	11:00 a	29.3	30.4	29.2	90	27.5	0.4	SSE	1.61	1.8	SSE	29.3	37.9	37.9	43.6	1009.4	0.00	0.0	490	42.15	698	5.8	2.49	7.2	0.000	0.458	30.0	89	28.0	39.9	19.35	1.1172	0.33	1199	8	100.0	60
23-06-16	12:00 p	29.9	29.9	28.9	89	27.9	0.4	S	1.61	1.3	SE	29.9	39.6	39.6	44.5	1009.0	0.00	0.0	415	35.69	496	5.7	2.44	6.6	0.000	0.481	30.3	86	27.7	40.1	17.96	1.1165	0.28	1196	8	100.0	60
23-06-16	1:00 p	29.7	29.8	29.2	85	26.9	0.4	SSE	1.61	2.2	S	29.7	37.5	37.5	41.9	1009.0	0.00	0.0	378	32.51	441	5.2	2.23	6.0	0.000	0.472	30.3	87	27.9	40.4	18.36	1.1160	0.25	1197	8	100.0	60
23-06-16	2:00 p	30.2	30.3	29.4	85	27.4	0.4	SSE	1.61	2.2	SSE	30.2	39.4	39.4	44.2	1008.3	0.00	0.0	397	34.15	517	4.7	2.01	5.4	0.000	0.495	30.2	87	27.8	40.2	18.37	1.1155	0.25	1193	8	100.0	60
23-06-16	3:00 p	29.8	30.8	29.8	86	27.2	0.4	SE	1.61	2.2	SSE	29.8	38.3	38.3	44.0	1007.8	0.00	0.0	415	35.69	847	3.9	1.67	6.0	0.000	0.479	30.2	87	27.8	40.2	18.37	1.1150	0.28	1193	8	100.0	60
23-06-16	4:00 p	28.9	30.7	28.9	91	27.3	0.4	SSE	1.61	2.7	ESE	28.9	37.1	37.1	42.1	1008.1	0.00	0.0	278	23.91	492	1.8	0.77	3.1	0.000	0.442	30.1	87	27.7	39.4	18.38	1.1164	0.20	1196	8	100.0	60
23-06-16	5:00 p	27.9	28.9	27.9	88	25.8	0.0	NNE	0.00	2.2	NNW	27.9	33.4	33.4	34.9	1008.4	0.00	0.0	70	6.02	125	0.2	0.09	0.8	0.000	0.400	29.6	84	26.6	37.1	17.24	1.1209	0.05	1195	8	100.0	60
23-06-16	6:00 p	26.3	27.9	26.3	93	25.1	0.0	NNE	0.00	1.8	NE	26.3	30.0	30.0	29.4	1008.9	0.00	0.0	9	0.77	25	0.0	0.00	0.0	0.000	0.331	28.8	85	26.0	35.3	17.72	1.1259	0.00	1191	8	100.0	60
23-06-16	7:00 p	25.4	26.3	25.4	96	24.8	0.0	NNW	0.00	0.9	NNW	25.4	28.4	28.4	27.8	1009.0	0.00	0.0	0	0.00	0	0.0	0.00	0.0	0.000	0.296	28.2	85	25.4	33.5	17.79	1.1298	0.00	1187	8	100.0	60
23-06-16	8:00 p	25.1	25.4	25.1	98	24.8	0.0	NNW	0.00	0.4	NNW	25.1	27.9	27.9	27.3	1009.7	0.00	0.0	0	0.00	0	0.0	0.00	0.0	0.000	0.282	27.8	87	25.4	32.8	18.63	1.1320	0.00	1193	8	100.0	60
23-06-16	9:00 p	24.8	25.2	24.8	97	24.3	0.0	---	0.00	0.0	---	24.8	27.3	27.3	26.6	1009.6	0.00	0.0	0	0.00	0	0.0	0.00	0.0	0.000	0.269	27.4	87	25.1	31.9	18.67	1.1338	0.00	1196	8	100.0	60
23-06-16	10:00 p	24.7	24.8	24.7	97	24.2	0.0	---	0.00	0.0	---	24.7	27.1	27.1	26.4	1009.9	0.00	0.0	0	0.00	0	0.0	0.00	0.0	0.000	0.264	27.1	87	24.7	30.9	18.71	1.1364	0.00	1197	8	100.0	60
23-06-16	11:00 p	24.8	24.8	24.7	98	24.4	0.0	---	0.00	0.0	---	24.8	27.3	27.3	26.6	1009.8	0.00	0.0	0	0.00	0	0.0	0.00	0.0	0.000	0.269	27.0	88	24.8	30.9	19.29	1.1362	0.00	1186	8	100.0	60
23-06-17	12:00 a	24.7	24.8	24.7	98	24.4	0.0	---	0.00	0.0	---	24.7	27.3	27.3	26.6	1009.0	0.00	0.0	0	0.00	0	0.0	0.00	0.0	0.000	0.266	26.7	89	24.8	30.4	19.94	1.1365	0.00	1176	8	100.0	60
23-06-17	1:00 a	24.7	24.8	24.7	98	24.4	0.0	NNW	0.00	0.4	NNW	24.7	27.3	27.3	26.6	1008.2	0.00	0.0	0	0.00	0	0.0	0.00	0.0	0.000	0.266	26.6	89	24.6	30.2	19.95	1.1363	0.00	1194	8	100.0	60
23-06-17	2:00 a	24.6	24.8	24.5	98	24.2	0.0	---	0.00	0.0	---	24.6	26.9	26.9	26.2	1007.9	0.00	0.0	0	0.00	0	0.0	0.00	0.0	0.000	0.259	26.3	90	24.6	29.7	20.45	1.1372	0.00	1191	8	100.0	60
23-06-17	3:00 a	24.3	24.6	24.3	98	23.9	0.0	---	0.00	0.0	---	24.3	26.6	26.6	25.8	1007.6	0.00	0.0	0	0.00	0	0.0	0.00	0.0	0.000	0.248	26.2	89	24.2	29.3	19.95	1.1382	0.00	1192	8	100.0	60
23-06-17	4:00 a	24.0	24.3	24.0	98	23.7	0.0	---	0.00	0.0	---	24.0	26.1	26.1	25.4	1007.4	0.00	0.0	0	0.00	0	0.0	0.00	0.0	0.000	0.236	25.9	89	24.0	28.8	19.95	1.1393	0.00	1195	8	100.0	60
23-06-17	5:00 a	23.8	24.0	23.8	98	23.4	0.0	---	0.00	0.0	---	23.8	25.8	25.8	25.1	1007.6	0.00	0.0	0	0.00	0	0.0	0.00	0.0	0.000	0.227	25.7	89	23.8	28.4	19.95	1.1409	0.00	1194	8	100.0	60
23-06-17	6:00 a	23.9	23.9	23.7	98	23.6	0.0	---	0.00	0.0	---	23.9	26.0	26.0	25.3	1008.4	0.00	0.0	6	0.52	18	0.0	0.00	0.0	0.000	0.231	25.7	90	24.0	28.6	20.45	1.1413	0.00	1197	8	100.0	60
23-06-17	7:00 a	24.8	24.8	23.9	99	24.6	0.0	---	0.00	0.0	---	24.8	27.4	27.4	27.7	1008.8	0.00	0.0	31	2.67	46	0.0	0.00	0.0	0.000	0.269	26.6	92	25.1	30.5	21.15	1.1361	0.03	1198	8	100.0	60
23-06-17	8:00 a	26.7	26.7	24.8	100	26.7	0.0	NNW	0.00	0.4	NNW	26.7	32.2	32.2	35.4	1009.2	0.00	0.0	207	17.80	584	1.2	0.51	3.1	0.000	0.350	28.1	92	26.6	34.6	21.20	1.1276	0.13	1196	8	100.0	60
23-06-17	9:00 a	29.1	29.2	26.7	90	27.3	0.4	NNW	1.61	3.1	WSW	29.1	37.3	37.3	42.9	1009.9	0.00	0.0	460	39.57	661	3.5	1.50	4.7	0.000	0.449	29.2	87	26.8	36.9	18.47	1.1235	0.28	1195	8	100.0	60
23-06-17	10:00 a	30.9	31.4	29.1	87	28.5	0.4	WSW	1.61	2.2	NNW	30.9	42.9	42.9	49.9	1009.8	0.00	0.0	700	60.21	844	4.4	1.89	5.5	0.000	0.523	30.3	83	27.1	39.2	16.79	1.1186	0.46	1197	8	100.0	60
23-06-17	11:00 a	31.8	32.3	30.5	79	27.7	0.4	S	1.61	1.8	WSW	31.8	43.2	43.2	49.9	1009.5	0.00	0.0	650	55.91	1116	7.3	3.13	11.2	0.000	0.563	30.9	78	26.7	39.2	14.93	1.1171	0.46	1199	8	100.0	60
23-06-17	12:00 p	31.4	32.6	31.1	83	28.2	0.4	SW	1.61	2.2	WSW	31.4	43.0	43.0	50.3	1009.1	0.00	0.0	867	74.57	1116	10.0	4.29	11.8	0.000	0.544	31.8	74	26.6	40.9	13.77	1.1138	0.58	1197	8	100.0	60
23-06-17	1:00 p	31.0	31.3	29.8	83	27.8	0.4	S	1.61	3.6	WSW	31.0	41.3	41.3	45.8	1008.0	0.00	0.0	384	33.03	566	5.3	2.27	7.0	0.000	0.528	31.2	78	26.9	39.8	14.90	1.1140	0.25	1196	8	100.0	60
23-06-17	2:00 p	30.7	31.2	30.2	84	27.7	0.4	SW	1.61	2.2	SSE	30.7	40.7	40.7	46.1	1007.1	0.00	0.0	447	38.45	564	5.3	2.27	6.6	0.000	0.514	30.9	78	26.6	39.1	14.94	1.1147	0.30	1197	8	100.0	60
23-06-17	3:00 p	29.7	30.9	29.5	89	27.7	0.4	SW	1.61	2.2	SW	29.7	38.8	38.8	43.6	1006.5	0.00	0.0	342	29.42	536	3.3	1.41	5.0	0.000	0.472	30.7	80	26.9	39.3	15.66	1.1140	0.23	1198	8	100.0	60
23-06-17	4:00 p	29.6	29.9	29.5	89	27.5	0.4	WSW	1.61	1.8	WSW	29.6	38.4	38.4	42.4	1007.3	0.00	0.0	221	19.01	258	1.6	0.69	2.2	0.000	0.468	30.6	81	26.9	39.3	16.07	1.1153	0.15	1197	8	100.0	60
23-06-17	5:00 p	28.8	29.7	28.7	92	27.4	0.0	SW	0.00	1.8	SW	28.8	37.1	37.1	39.4	1007.4	0.00	0.0	109	9.38	186	0.4	0.17	1.0	0.000	0.438	30.2	82	26.8	38.4	16.49	1.1170	0.08	1198	8	100.0	60
23-06-17	6:00 p	27.3	28.8	27.3	94	26.3	0.0	WSW	0.00	1.3	SSE	27.3	32.8	32.8	32.3	1007.6	0.00	0.0	19	1.63	37	0.0	0.00	0.0	0.000	0.375	29.8	83	26.6	37.4	16.82	1.1191	0.03	1197	8	100.0	60
23-06-17	7:00 p	26.4	27.3	26.4	97	25.9	0.0	---	0.00	0.0	---	26.4	30.9	30.9	30.3	1008.4	0.00	0.0	0	0.00	0	0.0	0.00	0.0	0.000	0.338	29.0	86	26.4	36.1	18.10	1.1236	0.00	1193	8	100.0	60
23-06-17	8:00 p	26.3	26.6	26.3	98	25.9	0.0	---	0.00	0.0	---	26.3	30.7	30.7	30.0	1008.8	0.00	0.0	0	0.00	0	0.0	0.00	0.0	0.000	0.331	28.6	87	26.2	35.2	18.54	1.1260	0.00	1196	8	100.0	60
23-06-17	9:00 p	26.3	26.4	26.3	98	26.0	0.0	---	0.00	0.0	---	26.3	30.8	30.8	30.1	1008.9	0.00	0.0	0	0.00	0	0.0	0.00	0.0	0.000	0.333	28.3	88	26.2	34.5	19.05	1.1273	0.00	1197	8	100.0	60
23-06-17	10:00 p	26.4	26.4	26.3	98	26.1	0.0	NNE	0.00	1.3	NNE	26.4	31.1	31.1	30.4	1008.8	0.00	0.0	0	0.00	0	0.0	0.00	0.0	0.000	0.338	28.2	89	26.2	34.2	19.68	1.1278	0.00	1197	8	100.0	60
23-06-17	11:00 p	26.1	26.4	26.1	97	25.6	0.0	---	0.00	0.0	---	26.1	30.1	30.1	29.4	1007.8	0.00	0.0	0	0.00	0	0.0	0.00	0.0	0.000	0.324	27.8	89	25.9	33.3	19.74	1.1286	0.00	1196	8	100.0	60
23-06-18	12:00 a	25.8	26.1	25.8	97	25.3	0.0	---	0.00	0.0	---	25.8	29.3	29.3	28.6	1007.3	0.00	0.0	0	0.00	0	0.0	0.00	0.0	0.000	0.310	27.6	89	25.6	32.6	19.79	1.1297	0.00	1197	8	100.0	60
23-06-18	1:00 a	25.5	25.8	25.5	97	25.0	0.0	---	0.00	0.0	---	25.5	28.7	28.7	27.9	1007.0	0.00	0.0	0	0.00	0	0.0	0.00	0.0	0.000	0.299	27.4	89	25.4	32.1	19.82	1.1303	0.00	1196	8	100.0	60
23-06-18	2:00 a	25.4	25.6	25.4	98	25.1	0.0	---	0.00	0.0	---	25.4	28.7	28.7	27.9	1006.8	0.00	0.0	0	0.00	0	0.0	0.00	0.0	0.000	0.296	27.3	90	25.5	31.9	20.36	1.1303	0.00	1197	8	100.0	60
23-06-18	3:00 a	25.3	25.4	25.3	98	24.9	0.0	---	0.00	0.0	---	25.3	28.3	28.3	27.6	1006.6	0.00	0.0	0	0.00	0	0.0	0.00	0.0	0.000	0.289	27.1	90	25.3	31.5	20.39	1.1311	0.00	1195	8	100.0	60
23-06-18	4:00 a	25.4	25.4	25.3	98	25.1	0.0	SSE	0.00	1.8	SSE	25.4	28.6	28.6	27.8	1006.7	0.00	0.0	0	0.00	0	0.0	0.00	0.0	0.000	0.294	27.0	90	25.2	31.2	20.40	1.1318	0.00	1196	8	100.0	60
23-06-18	5:00 a	25.6	25.6	25.3	99	25.4	0.0	N	0.00	1.3	WSW	25.6	29.0	29.0	28.3	1006.7	1.78	22.9	0	0.00	0	0.0	0.00	0.0	0.000	0.301	27.1	91	25.5	31.6	20.99	1.1311	0.00	1197	8	100.0	60
23-06-18	6:00 a	25.7	25.7	25.5	99	25.6	0.4	N	1.61	1.8	NW	25.7	29.4	29.4	28.9	1007.6	1.02	51.8	22	1.89	58	0.0	0.00	0.0	0.000	0.308	27.1	91	25.5	31.6	20.99	1.1321	0.03	1196	8	100.0	60
23-06-18	7:00 a	25.9	25.9	25.7	99	25.8	0.0	NNW	0.00	0.9	NW	25.9	29.9	29.9	30.3	1007.5	0.00	0.0	32	2.75	51	0.0	0.00	0.0	0.000	0.317	27.2	91	25.6	31.9	20.97	1.1310	0.03	1197	8	100.0	60
23-06-18	8:00 a	27.2	27.2	25.9	98	26.9	0.0	NNW	0.00	1.8	NNW	27.2	33.2	33.2	35.2	1008.4	0.00	0.0	136	11.70	241	0.9	0.39	2.0	0.000	0.370	27.7	91	26.1	33.3	20.91	1.1294	0.08	1196	8	100.0	60
23-06-18	9:00 a	28.3	28.6	27.2	96	27.6	0.4	N	1.61	4.0	NNW	28.3	36.3	36.3	39.9	1008.9	0.00	0.0	281	24.17	403	2.8	1.20	3.9	0.000	0.414	28.3	89	26.3	34.7	19.65	1.1268	0.18	1192	8	100.0	60
23-06-18	10:00 a	29.8	30.1	28.2	89	27.8	0.4	WNW	1.61	1.8	NNW	29.8	39.2	39.2	44.6	1008.5	0.00	0.0	478	41.11	687	4.7	2.01	5.2	0.000	0.477	29.3	87	26.9	37.0	18.47	1.1216	0.33	1195	8	100.0	60
23-06-18	11:00 a	31.8	31.9	29.6	81	28.2	0.4	SW	1.61	4.5	WSW	31.8	44.2	44.2	50.5	1007.8	0.00	0.0	1008	86.70	1120	8.6	3.69	11.4	0.000	0.563	30.5	81	26.9	39.1	16.07	1.1162	0.63	1199	8	100.0	60
23-06-18	12:00 p	32.1	32.6	31.8	78	27.7	0.9	WSW	3.22	3.1	W	32.1	43.6	43.6	50.5	1007.7	0.00	0.0	945	81.28	1023	10.9	4.67	11.6	0.000	0.572	31.3	79	27.3	40.9	15.25	1.1122	0.61	1199	8	100.0	60
23-06-18	1:00 p	31.7	32.4	31.4	77	27.2	0.9	SSW	3.22	1.8	SSE	31.7	41.9	41.9	47.4	1007.0	0.00	0.0	496	42.66	951	10.5	4.50	11.3	0.000	0.558	31.7	78	27.4	42.1	14.83	1.1099	0.36	1198	8	100.0	60
23-06-18	2:00 p	32.3	32.4	31.4	78	28.0	0.4	SW	1.61	2.7	W	32.3	44.8	44.8	51.7	1005.7	0.00	0.0	833	71.65	911	8.0	3.43	9.5	0.000	0.583	31.6	78	27.2	41.6	14.85	1.1091	0.58	1198	8	100.0	60
23-06-18	3:00 p	30.6	32.3	30.1	82	27.2	0.4	SSW	1.61	1.8	SW	30.6	39.8	39.8	45.4	1005.7	0.00	0.0	411	35.35	649	3.8	1.63	5.9	0.000	0.512	30.8	81	27.2	40.0	16.05	1.1118	0.28	1195	8	100.0	60
23-06-18	4:00 p	30.6	31.1	30.5	83	27.3	0.4	ESE	1.61	1.8	NNE	30.6	40.1	40.1	46.9	1005.9	0.00	0.0	443	38.10	517	2.2	0.94	3.0	0.000	0.509	30.3	84	27.3	39.5	17.19	1.1136	0.28	1197	8	100.0	60
23-06-18	5:00 p	28.9	30.6	28.9	92	27.5	0.4	S	1.61	1.8	S	28.9	37.4	37.4	39.1	1006.2	0.00	0.0	77	6.62	360	0.4	0.17	1.3	0.000	0.442	30.1	86	27.5	39.1	17.98	1.1147	0.05	1189	8	100.0	60
23-06-18	6:00 p	27.4	29.1	27.4	95	26.5	0.0	SE	0.00	1.3	SE	27.4	33.2	33.2	32.7	1006.8	0.00	0.0	14	1.20	60	0.0	0.00	0.0	0.000	0.377	29.5	87	27.1	37.6	18.44	1.1183	0.00	1196	8	100.0	60
23-06-18	7:00 p	26.9	27.4	26.9	96	26.3	0.0	---	0.00	0.0	---	26.9	32.1	32.1	31.4	1007.5	0.00	0.0	0	0.00	0	0.0	0.00	0.0	0.000	0.359	28.8	87	26.4	35.7	18.52	1.1234	0.00	1199	8	100.0	60
23-06-18	8:00 p	26.7	26.9	26.6	96	26.0	0.0	---	0.00	0.0	---	26.7	31.3	31.3	30.7	1008.0	0.00	0.0	0	0.00	0	0.0	0.00	0.0	0.000	0.347	28.4	88	26.2	34.7	19.04	1.1259	0.00	1199	8	100.0	60
23-06-18	9:00 p	26.6	26.7	26.6	97	26.1	0.0	---	0.00	0.0	---	26.6	31.4	31.4	30.8	1008.5	0.00	0.0	0	0.00	0	0.0	0.00	0.0	0.000	0.345	28.2	90	26.4	34.6	20.23	1.1266	0.00	1197	8	100.0	60
23-06-18	10:00 p	26.3	26.6	26.3	97	25.8	0.0	---	0.00	0.0	---	26.3	30.6	30.6	29.9	1008.5	0.00	0.0	0	0.00	0	0.0	0.00	0.0	0.000	0.331	28.0	89	26.0	33.8	19.71	1.1284	0.00	1198	8	100.0	60
23-06-18	11:00 p	25.9	26.3	25.9	97	25.4	0.0	---	0.00	0.0	---	25.9	29.7	29.7	29.1	1008.4	0.00	0.0	0	0.00	0	0.0	0.00	0.0	0.000	0.317	27.7	89	25.7	32.9	19.77	1.1302	0.00	1196	8	100.0	60
23-06-19	12:00 a	25.6	25.9	25.6	97	25.1	0.0	---	0.00	0.0	---	25.6	28.9	28.9	28.2	1008.0	0.00	0.0	0	0.00	0	0.0	0.00	0.0	0.000	0.303	27.4	90	25.6	32.3	20.35	1.1310	0.00	1198	8	100.0	60
23-06-19	1:00 a	25.4	25.6	25.4	97	24.9	0.0	---	0.00	0.0	---	25.4	28.4	28.4	27.8	1007.6	0.00	0.0	0	0.00	0	0.0	0.00	0.0	0.000	0.294	27.2	90	25.4	31.7	20.38	1.1319	0.00	1195	8	100.0	60
23-06-19	2:00 a	25.2	25.4	25.2	97	24.7	0.0	---	0.00	0.0	---	25.2	28.1	28.1	27.4	1007.1	0.00	0.0	0	0.00	0	0.0	0.00	0.0	0.000	0.287	26.9	90	25.2	31.1	20.41	1.1327	0.00	1172	8	100.0	60
23-06-19	3:00 a	25.1	25.2	25.0	98	24.7	0.0	---	0.00	0.0	---	25.1	27.8	27.8	27.2	1006.5	0.00	0.0	0	0.00	0	0.0	0.00	0.0	0.000	0.280	26.8	90	25.1	30.8	20.43	1.1326	0.00	1173	8	100.0	60
23-06-19	4:00 a	24.9	25.1	24.9	98	24.6	0.0	---	0.00	0.0	---	24.9	27.6	27.6	26.9	1006.9	0.00	0.0	0	0.00	0	0.0	0.00	0.0	0.000	0.275	26.7	90	24.9	30.4	20.45	1.1340	0.00	1191	8	100.0	60
23-06-19	5:00 a	24.9	24.9	24.8	98	24.6	0.0	---	0.00	0.0	---	24.9	27.6	27.6	26.9	1006.9	0.00	0.0	0	0.00	0	0.0	0.00	0.0	0.000	0.273	26.6	90	24.8	30.3	20.45	1.1344	0.00	1194	8	100.0	60
23-06-19	6:00 a	25.2	25.2	24.8	99	25.0	0.0	---	0.00	0.0	---	25.2	28.2	28.2	27.7	1008.0	0.00	0.0	16	1.38	47	0.0	0.00	0.0	0.000	0.285	26.6	92	25.2	30.6	21.15	1.1348	0.00	1189	8	100.0	60
23-06-19	7:00 a	26.2	26.2	25.2	99	26.1	0.0	E	0.00	0.4	E	26.2	30.6	30.6	31.8	1008.7	0.00	0.0	71	6.11	114	0.2	0.09	0.8	0.000	0.329	27.6	92	26.1	33.1	21.18	1.1300	0.05	1193	8	100.0	60
23-06-19	8:00 a	27.7	27.7	26.2	99	27.5	0.0	E	0.00	0.9	E	27.7	34.8	34.8	38.7	1009.2	0.00	0.0	254	21.85	570	1.7	0.73	3.2	0.000	0.389	28.5	92	27.1	36.0	21.22	1.1248	0.18	1196	8	100.0	60
23-06-19	9:00 a	29.9	30.5	27.7	90	28.1	0.4	ENE	1.61	3.1	SE	29.9	40.1	40.1	45.7	1009.4	0.00	0.0	467	40.17	861	3.5	1.50	4.9	0.000	0.484	29.7	89	27.7	38.8	19.41	1.1192	0.30	1199	8	100.0	60
23-06-19	10:00 a	30.3	31.3	29.2	85	27.5	0.4	SSE	1.61	2.2	SSW	30.3	39.6	39.6	43.6	1008.8	0.00	0.0	325	27.95	986	3.9	1.67	5.1	0.000	0.498	29.9	88	27.7	39.4	18.80	1.1174	0.25	1194	8	100.0	60
23-06-19	11:00 a	30.9	31.4	30.1	83	27.7	0.9	ENE	3.22	3.1	SSE	30.9	40.9	40.9	46.1	1008.6	0.00	0.0	445	38.27	1199	6.3	2.70	11.4	0.000	0.523	30.6	85	27.8	40.9	17.52	1.1145	0.36	1199	8	100.0	60
23-06-19	12:00 p	31.0	32.3	30.7	83	27.8	0.9	NNE	3.22	3.1	SSE	31.0	41.3	41.3	48.3	1008.4	0.00	0.0	696	59.86	1171	8.9	3.81	12.3	0.000	0.528	31.4	84	28.4	43.5	17.11	1.1101	0.48	1198	8	100.0	60
23-06-19	1:00 p	31.2	32.6	30.9	84	28.1	0.9	SSE	3.22	3.1	ESE	31.2	42.3	42.3	47.1	1007.7	0.00	0.0	402	34.58	1009	9.2	3.94	11.8	0.000	0.535	31.7	81	28.0	43.4	15.99	1.1092	0.33	1194	8	100.0	60
23-06-19	2:00 p	31.3	32.6	31.2	82	27.9	0.9	SE	3.22	4.0	SE	31.3	42.2	42.2	49.1	1006.9	0.00	0.0	778	66.92	977	7.2	3.09	9.6	0.000	0.542	31.5	82	28.1	43.1	16.40	1.1087	0.48	1196	8	100.0	60
23-06-19	3:00 p	29.9	31.8	29.8	83	26.7	0.9	SE	3.22	3.6	SE	29.9	37.6	37.6	42.3	1006.6	0.00	0.0	333	28.64	800	3.5	1.50	5.6	0.000	0.481	30.9	82	27.5	40.7	16.44	1.1117	0.28	1194	8	100.0	60
23-06-19	4:00 p	28.8	30.8	28.8	92	27.4	0.4	E	1.61	2.7	ESE	28.8	37.1	37.1	41.2	1006.4	0.00	0.0	224	19.27	508	1.6	0.69	3.0	0.000	0.438	30.6	85	27.8	40.9	17.52	1.1121	0.15	1189	8	100.0	60
23-06-19	5:00 p	28.2	29.1	28.2	95	27.3	0.0	NE	0.00	0.9	E	28.2	35.9	35.9	37.6	1006.3	0.00	0.0	74	6.36	116	0.2	0.09	0.8	0.000	0.412	30.4	85	27.6	40.1	17.55	1.1133	0.05	1195	8	100.0	60
23-06-19	6:00 p	27.4	28.2	27.4	95	26.5	0.0	NE	0.00	1.8	E	27.4	33.2	33.2	32.8	1006.6	0.00	0.0	21	1.81	46	0.0	0.00	0.0	0.000	0.377	30.1	85	27.3	38.7	17.58	1.1156	0.03	1199	8	100.0	60
23-06-19	7:00 p	27.2	27.4	27.1	96	26.5	0.0	ESE	0.00	0.4	ESE	27.2	32.7	32.7	32.1	1007.1	0.00	0.0	0	0.00	0	0.0	0.00	0.0	0.000	0.368	29.4	86	26.9	37.2	18.05	1.1194	0.00	1193	8	100.0	60
23-06-19	8:00 p	27.1	27.2	27.1	96	26.4	0.0	---	0.00	0.0	---	27.1	32.4	32.4	31.8	1007.6	0.00	0.0	0	0.00	0	0.0	0.00	0.0	0.000	0.363	29.3	87	26.9	37.0	18.47	1.1206	0.00	1196	8	100.0	60
23-06-19	9:00 p	26.9	27.1	26.9	97	26.4	0.0	ESE	0.00	0.4	ESE	26.9	32.3	32.3	31.7	1007.9	0.00	0.0	0	0.00	0	0.0	0.00	0.0	0.000	0.359	29.0	88	26.8	36.6	18.93	1.1221	0.00	1194	8	100.0	60
23-06-19	10:00 p	26.7	26.9	26.7	97	26.2	0.0	---	0.00	0.0	---	26.7	31.7	31.7	31.1	1008.0	0.00	0.0	0	0.00	0	0.0	0.00	0.0	0.000	0.350	28.7	88	26.5	35.7	18.98	1.1239	0.00	1198	8	100.0	60
23-06-19	11:00 p	26.6	26.8	26.6	97	26.0	0.0	ESE	0.00	0.4	ESE	26.6	31.2	31.2	30.6	1007.7	0.00	0.0	0	0.00	0	0.0	0.00	0.0	0.000	0.343	28.4	89	26.5	35.1	19.63	1.1247	0.00	1199	8	100.0	60
23-06-20	12:00 a	26.6	26.6	26.5	98	26.2	0.0	---	0.00	0.0	---	26.6	31.4	31.4	30.8	1007.7	0.00	0.0	0	0.00	0	0.0	0.00	0.0	0.000	0.343	28.4	89	26.5	35.1	19.63	1.1248	0.00	1197	8	100.0	60
23-06-20	1:00 a	26.3	26.6	26.3	97	25.8	0.0	---	0.00	0.0	---	26.3	30.7	30.7	30.1	1007.0	0.00	0.0	0	0.00	0	0.0	0.00	0.0	0.000	0.333	28.2	89	26.2	34.4	19.67	1.1253	0.00	1197	8	100.0	60
23-06-20	2:00 a	26.1	26.3	26.1	97	25.5	0.0	---	0.00	0.0	---	26.1	30.0	30.0	29.3	1006.6	0.00	0.0	0	0.00	0	0.0	0.00	0.0	0.000	0.322	27.9	89	26.0	33.7	19.72	1.1265	0.00	1197	8	100.0	60
23-06-20	3:00 a	26.0	26.1	25.9	98	25.7	0.0	---	0.00	0.0	---	26.0	29.9	29.9	29.3	1006.7	0.00	0.0	0	0.00	0	0.0	0.00	0.0	0.000	0.319	27.8	90	26.0	33.6	20.28	1.1268	0.00	1196	8	100.0	60
23-06-20	4:00 a	25.9	26.1	25.9	98	25.6	0.0	---	0.00	0.0	---	25.9	29.8	29.8	29.2	1005.9	0.00	0.0	0	0.00	0	0.0	0.00	0.0	0.000	0.317	27.8	89	25.8	33.2	19.75	1.1267	0.00	1197	8	100.0	60
23-06-20	5:00 a	25.8	25.9	25.8	98	25.4	0.0	---	0.00	0.0	---	25.8	29.4	29.4	28.8	1006.2	0.00	0.0	0	0.00	0	0.0	0.00	0.0	0.000	0.310	27.7	90	25.9	33.1	20.31	1.1273	0.00	1197	8	100.0	60
23-06-20	6:00 a	26.1	26.1	25.8	98	25.7	0.0	---	0.00	0.0	---	26.1	30.1	30.1	29.6	1006.6	0.00	0.0	10	0.86	28	0.0	0.00	0.0	0.000	0.322	27.7	91	26.1	33.4	20.90	1.1270	0.00	1199	8	100.0	60
23-06-20	7:00 a	26.7	26.7	26.1	99	26.5	0.0	---	0.00	0.0	---	26.7	31.8	31.8	32.4	1007.0	0.00	0.0	41	3.53	62	0.0	0.00	0.6	0.000	0.347	28.4	91	26.8	35.5	20.79	1.1231	0.03	1196	8	100.0	60
23-06-20	8:00 a	27.8	27.8	26.7	99	27.6	0.0	ESE	0.00	0.4	ESE	27.8	35.2	35.2	37.4	1007.2	0.00	0.0	146	12.56	489	1.4	0.60	2.8	0.000	0.394	29.6	90	27.7	38.7	20.04	1.1170	0.10	1200	8	100.0	60
23-06-20	9:00 a	31.2	31.3	27.8	83	28.0	0.4	ESE	1.61	2.7	S	31.2	42.2	42.2	48.8	1008.1	0.00	0.0	586	50.40	724	4.1	1.76	4.9	0.000	0.537	30.6	87	28.2	41.9	18.32	1.1129	0.38	1194	8	100.0	60
23-06-20	10:00 a	29.7	31.2	29.7	91	28.0	0.4	SE	1.61	2.7	ESE	29.7	39.5	39.5	42.9	1007.9	0.00	0.0	280	24.08	891	3.9	1.67	4.9	0.000	0.472	30.7	86	28.1	41.7	17.92	1.1129	0.23	1198	8	100.0	60
23-06-20	11:00 a	29.3	29.8	28.3	98	28.9	0.4	SSE	1.61	2.2	SSW	29.3	40.6	40.6	43.1	1007.2	5.59	51.1	205	17.63	580	3.4	1.46	7.2	0.000	0.456	30.1	90	28.3	40.9	19.98	1.1135	0.13	1190	8	100.0	60
23-06-20	12:00 p	31.5	31.6	29.3	88	29.3	0.4	ENE	1.61	3.6	ESE	31.5	46.8	46.8	53.2	1006.6	0.25	0.0	583	50.14	1023	7.8	3.34	11.4	0.000	0.549	30.9	88	28.7	43.6	18.69	1.1090	0.41	1188	8	100.0	60
23-06-20	1:00 p	30.7	32.3	30.4	90	28.9	0.4	SE	1.61	2.7	SSE	30.7	43.9	43.9	49.3	1005.9	0.00	0.0	455	39.14	638	8.2	3.51	11.6	0.000	0.516	31.4	85	28.6	44.0	17.44	1.1066	0.30	1199	8	100.0	60
23-06-20	2:00 p	30.5	31.8	30.5	86	27.9	0.4	SE	1.61	2.7	S	30.5	41.0	41.0	46.1	1005.7	0.00	0.0	423	36.38	756	5.2	2.23	9.3	0.000	0.507	31.2	86	28.6	43.8	17.86	1.1070	0.30	1198	8	100.0	60
23-06-20	3:00 p	31.2	32.3	30.4	88	29.0	0.4	SSE	1.61	2.7	S	31.2	45.1	45.1	51.9	1005.3	0.00	0.0	623	53.58	995	4.7	2.01	6.9	0.000	0.537	31.1	87	28.7	43.8	18.27	1.1066	0.43	1199	8	100.0	60
23-06-20	4:00 p	29.3	31.7	29.1	91	27.7	0.4	ESE	1.61	3.6	SSE	29.3	38.3	38.3	42.2	1005.4	0.00	0.0	216	18.58	650	1.8	0.77	3.8	0.000	0.458	30.6	84	27.6	40.6	17.17	1.1114	0.18	1195	8	100.0	60
23-06-20	5:00 p	29.2	29.7	28.7	93	27.9	0.4	N	1.61	2.7	ESE	29.2	38.4	38.4	40.3	1005.8	0.00	0.0	80	6.88	123	0.3	0.13	0.9	0.000	0.451	30.3	87	27.9	40.4	18.36	1.1124	0.05	1198	8	100.0	60
23-06-20	6:00 p	28.1	29.2	28.1	96	27.4	0.4	SE	1.61	1.8	SSE	28.1	35.6	35.6	35.3	1005.8	0.00	0.0	23	1.98	49	0.0	0.00	0.0	0.000	0.405	30.0	88	27.8	39.6	18.79	1.1136	0.03	1198	8	100.0	60
23-06-20	7:00 p	27.6	28.1	27.6	97	27.0	0.0	E	0.00	1.3	E	27.6	34.1	34.1	33.5	1006.4	0.00	0.0	0	0.00	0	0.0	0.00	0.0	0.000	0.384	29.8	88	27.6	38.8	18.81	1.1156	0.00	1191	8	100.0	60
23-06-20	8:00 p	27.3	27.6	27.3	96	26.6	0.0	E	0.00	0.9	E	27.3	33.2	33.2	32.6	1006.7	0.00	0.0	0	0.00	0	0.0	0.00	0.0	0.000	0.375	29.4	88	27.2	37.6	18.86	1.1183	0.00	1196	8	100.0	60
23-06-20	9:00 p	27.1	27.3	27.1	97	26.6	0.0	---	0.00	0.0	---	27.1	32.7	32.7	32.1	1007.6	0.00	0.0	0	0.00	0	0.0	0.00	0.0	0.000	0.366	29.1	89	27.1	36.9	19.52	1.1209	0.00	1195	8	100.0	60
23-06-20	10:00 p	27.2	27.2	27.1	98	26.8	0.0	---	0.00	0.0	---	27.2	33.1	33.1	32.5	1008.0	0.00	0.0	0	0.00	0	0.0	0.00	0.0	0.000	0.368	29.1	89	27.1	36.9	19.52	1.1214	0.00	1198	8	100.0	60
23-06-20	11:00 p	27.2	27.3	27.2	98	26.9	0.0	E	0.00	0.9	E	27.2	33.2	33.2	32.7	1007.6	0.00	0.0	0	0.00	0	0.0	0.00	0.0	0.000	0.370	29.0	90	27.2	37.0	20.11	1.1208	0.00	1198	8	100.0	60
23-06-21	12:00 a	26.8	27.2	26.8	97	26.3	0.0	SSE	0.00	0.9	SE	26.8	31.8	31.8	31.2	1007.1	0.00	0.0	0	0.00	0	0.0	0.00	0.0	0.000	0.352	28.7	89	26.7	35.8	19.59	1.1227	0.00	1197	8	100.0	60
23-06-21	1:00 a	26.4	26.8	26.4	97	25.9	0.0	E	0.00	0.9	E	26.4	30.9	30.9	30.3	1007.0	0.00	0.0	0	0.00	0	0.0	0.00	0.0	0.000	0.338	28.4	88	26.3	34.8	19.03	1.1245	0.00	1195	8	100.0	60
23-06-21	2:00 a	26.2	26.4	26.2	97	25.7	0.0	ENE	0.00	0.4	ENE	26.2	30.2	30.2	29.6	1006.7	0.00	0.0	0	0.00	0	0.0	0.00	0.0	0.000	0.326	28.1	89	26.1	34.1	19.69	1.1256	0.00	1194	8	100.0	60
23-06-21	3:00 a	25.8	26.2	25.8	97	25.3	0.0	ENE	0.00	0.9	ENE	25.8	29.4	29.4	28.8	1005.9	0.00	0.0	0	0.00	0	0.0	0.00	0.0	0.000	0.313	27.9	89	25.9	33.5	19.73	1.1260	0.00	1200	8	100.0	60
23-06-21	4:00 a	25.6	25.9	25.6	97	25.1	0.0	ENE	0.00	0.4	ENE	25.6	28.9	28.9	28.2	1005.8	0.00	0.0	0	0.00	0	0.0	0.00	0.0	0.000	0.303	27.7	88	25.6	32.8	19.16	1.1273	0.00	1194	8	100.0	60
23-06-21	5:00 a	25.4	25.6	25.4	97	24.9	0.0	ENE	0.00	0.4	ENE	25.4	28.4	28.4	27.7	1005.6	0.00	0.0	0	0.00	0	0.0	0.00	0.0	0.000	0.294	27.6	89	25.6	32.6	19.79	1.1277	0.00	1196	8	100.0	60
23-06-21	6:00 a	25.4	25.4	25.3	98	25.1	0.0	ENE	0.00	0.4	ENE	25.4	28.7	28.7	28.2	1005.9	0.00	0.0	19	1.63	56	0.0	0.00	0.0	0.000	0.296	27.4	89	25.4	32.1	19.82	1.1291	0.00	1195	8	100.0	60
23-06-21	7:00 a	26.6	26.6	25.4	99	26.4	0.0	ENE	0.00	0.9	ENE	26.6	31.7	31.7	34.0	1006.6	0.00	0.0	122	10.49	192	0.3	0.13	0.9	0.000	0.345	28.2	89	26.2	34.4	19.67	1.1249	0.08	1197	8	100.0	60
23-06-21	8:00 a	27.6	27.7	26.6	97	27.1	0.0	ENE	0.00	0.9	ENE	27.6	34.3	34.3	36.8	1007.5	0.00	0.0	165	14.19	306	1.2	0.51	2.0	0.000	0.387	28.9	90	27.1	36.7	20.13	1.1214	0.10	1196	8	100.0	60
23-06-21	9:00 a	29.6	29.6	27.6	94	28.5	0.0	ENE	0.00	0.4	ENE	29.6	40.2	40.2	43.2	1008.0	0.00	0.0	231	19.87	339	2.2	0.94	3.6	0.000	0.468	29.2	90	27.4	37.6	20.08	1.1200	0.15	1195	8	100.0	60
23-06-21	10:00 a	31.5	31.5	29.2	83	28.3	0.4	SSE	1.61	1.8	SE	31.5	43.6	43.6	49.2	1007.9	0.00	0.0	490	42.15	902	4.5	1.93	5.5	0.000	0.549	30.1	89	28.0	40.2	19.34	1.1152	0.33	1195	8	100.0	60
23-06-21	11:00 a	31.0	31.6	30.4	79	26.9	0.4	SE	1.61	3.1	SE	31.0	39.7	39.7	46.3	1008.0	0.00	0.0	639	54.96	837	6.5	2.79	7.9	0.000	0.528	30.9	83	27.7	41.1	16.74	1.1128	0.43	1197	8	100.0	60
23-06-21	12:00 p	30.5	31.4	30.4	86	27.9	0.4	SE	1.61	3.1	SE	30.5	41.0	41.0	47.1	1007.3	0.00	0.0	549	47.22	636	7.0	3.00	7.4	0.000	0.507	31.2	83	27.9	41.9	16.73	1.1107	0.38	1199	8	100.0	60
23-06-21	1:00 p	31.1	31.7	30.4	82	27.7	0.4	SE	1.61	3.6	SE	31.1	41.1	41.1	46.7	1006.4	0.00	0.0	497	42.75	728	7.5	3.21	9.4	0.000	0.532	31.4	80	27.6	41.8	15.61	1.1096	0.33	1195	8	100.0	60
23-06-21	2:00 p	30.5	31.2	30.3	85	27.7	0.4	N	1.61	2.7	SSE	30.5	40.6	40.6	45.6	1006.1	0.00	0.0	412	35.44	485	4.8	2.06	5.9	0.000	0.507	31.1	83	27.8	41.4	16.73	1.1099	0.28	1197	8	100.0	60
23-06-21	3:00 p	30.1	30.8	29.8	89	28.0	0.9	SSE	3.22	3.6	SE	30.1	40.2	40.2	45.3	1005.6	0.00	0.0	369	31.74	538	3.4	1.46	4.3	0.000	0.488	30.8	83	27.6	40.8	16.75	1.1107	0.25	1195	8	100.0	60
23-06-21	4:00 p	29.7	30.1	29.4	89	27.7	0.4	S	1.61	1.3	ESE	29.7	38.9	38.9	43.1	1005.8	0.00	0.0	225	19.35	297	1.7	0.73	2.3	0.000	0.475	30.5	85	27.7	40.6	17.54	1.1120	0.15	1195	8	100.0	60
23-06-21	5:00 p	28.6	29.7	28.6	95	27.7	0.0	NE	0.00	1.3	NE	28.6	37.2	37.2	39.3	1006.1	0.00	0.0	96	8.26	142	0.4	0.17	0.9	0.000	0.428	30.4	87	28.0	41.0	18.35	1.1120	0.08	1183	8	100.0	60
23-06-21	6:00 p	27.6	28.6	27.5	97	27.0	0.0	SSE	0.00	1.3	SSE	27.6	34.1	34.1	33.7	1006.5	0.00	0.0	16	1.38	32	0.0	0.00	0.0	0.000	0.384	30.0	86	27.4	38.8	17.99	1.1153	0.00	1191	8	100.0	60
23-06-21	7:00 p	26.8	27.7	26.8	97	26.3	0.0	NW	0.00	0.9	NW	26.8	31.8	31.8	31.2	1006.7	0.00	0.0	0	0.00	0	0.0	0.00	0.0	0.000	0.352	29.4	87	27.0	37.3	18.46	1.1188	0.00	1198	8	100.0	60
23-06-21	8:00 p	26.3	26.8	26.2	98	25.9	0.0	---	0.00	0.0	---	26.3	30.7	30.7	30.0	1007.8	0.00	0.0	0	0.00	0	0.0	0.00	0.0	0.000	0.331	29.1	87	26.7	36.4	18.49	1.1221	0.00	1197	8	100.0	60
23-06-21	9:00 p	26.2	26.3	26.1	98	25.8	0.0	---	0.00	0.0	---	26.2	30.4	30.4	29.7	1007.9	0.00	0.0	0	0.00	0	0.0	0.00	0.0	0.000	0.326	28.6	88	26.4	35.4	19.00	1.1245	0.00	1196	8	100.0	60
23-06-21	10:00 p	26.1	26.2	26.1	98	25.8	0.0	NW	0.00	0.4	NW	26.1	30.2	30.2	29.6	1008.7	0.00	0.0	0	0.00	0	0.0	0.00	0.0	0.000	0.324	28.3	89	26.3	34.6	19.66	1.1269	0.00	1193	8	100.0	60
23-06-21	11:00 p	26.2	26.4	26.1	98	25.8	0.4	N	1.61	2.2	S	26.2	30.4	30.4	29.7	1009.4	5.08	12.7	0	0.00	0	0.0	0.00	0.0	0.000	0.326	28.3	89	26.3	34.6	19.66	1.1278	0.00	1196	8	100.0	60
23-06-22	12:00 a	25.4	26.2	25.4	97	24.9	0.4	SE	1.61	2.7	S	25.4	28.4	28.4	27.7	1008.6	2.29	9.1	0	0.00	0	0.0	0.00	0.0	0.000	0.294	27.8	87	25.4	32.8	18.63	1.1307	0.00	1195	8	100.0	60
23-06-22	1:00 a	24.8	25.4	24.8	97	24.3	0.0	SE	0.00	0.4	SE	24.8	27.3	27.3	26.5	1007.2	1.02	3.6	0	0.00	0	0.0	0.00	0.0	0.000	0.269	27.3	87	24.9	31.4	18.68	1.1320	0.00	1188	8	100.0	60
23-06-22	2:00 a	24.7	24.8	24.6	98	24.3	0.0	SE	0.00	0.4	SE	24.7	27.2	27.2	26.4	1006.5	0.00	0.0	0	0.00	0	0.0	0.00	0.0	0.000	0.264	27.1	88	24.9	31.1	19.28	1.1321	0.00	1194	8	100.0	60
23-06-22	3:00 a	24.8	24.8	24.7	98	24.4	0.0	SE	0.00	0.4	SE	24.8	27.3	27.3	26.6	1006.9	0.00	0.0	0	0.00	0	0.0	0.00	0.0	0.000	0.269	27.0	89	25.0	31.1	19.89	1.1325	0.00	1194	8	100.0	60
23-06-22	4:00 a	24.7	24.8	24.7	98	24.4	0.0	SE	0.00	0.4	SE	24.7	27.3	27.3	26.5	1007.4	0.00	0.0	0	0.00	0	0.0	0.00	0.0	0.000	0.266	26.9	89	25.0	30.9	19.90	1.1333	0.00	1198	8	100.0	60
23-06-22	5:00 a	24.6	24.8	24.6	98	24.3	0.0	---	0.00	0.0	---	24.6	27.1	27.1	26.3	1007.6	0.00	0.0	0	0.00	0	0.0	0.00	0.0	0.000	0.262	26.8	89	24.8	30.6	19.93	1.1346	0.00	1195	8	100.0	60
23-06-22	6:00 a	24.9	24.9	24.6	99	24.7	0.0	SE	0.00	0.4	SE	24.9	27.6	27.6	27.1	1008.7	0.00	0.0	14	1.20	39	0.0	0.00	0.0	0.000	0.273	26.8	90	25.0	30.7	20.43	1.1355	0.00	1194	8	100.0	60
23-06-22	7:00 a	25.8	25.8	24.9	99	25.6	0.0	SE	0.00	0.9	SE	25.8	29.6	29.6	30.5	1008.8	0.51	1.5	58	4.99	116	0.0	0.00	0.0	0.000	0.310	27.3	91	25.7	32.1	20.96	1.1323	0.03	1191	8	100.0	60
23-06-22	8:00 a	26.3	26.3	25.8	99	26.2	0.0	SE	0.00	0.4	SE	26.3	30.9	30.9	31.8	1009.0	0.00	0.0	70	6.02	109	0.1	0.04	0.5	0.000	0.333	27.7	92	26.3	33.6	21.19	1.1293	0.05	1190	8	100.0	60
23-06-22	9:00 a	26.9	26.9	26.3	99	26.8	0.0	---	0.00	0.0	---	26.9	32.6	32.6	33.7	1009.4	0.25	0.0	95	8.17	146	1.0	0.43	1.7	0.000	0.359	28.2	91	26.6	34.7	20.83	1.1276	0.05	1193	8	100.0	60
23-06-22	10:00 a	29.2	29.2	26.9	95	28.3	0.0	ESE	0.00	1.3	ESE	29.2	39.3	39.3	43.1	1009.9	0.00	0.0	312	26.84	626	3.3	1.41	4.7	0.000	0.454	28.9	92	27.5	37.2	21.23	1.1232	0.20	1194	8	100.0	60
23-06-22	11:00 a	30.7	30.7	28.8	86	28.1	0.4	SE	1.61	4.0	SE	30.7	41.8	41.8	47.1	1009.7	0.00	0.0	447	38.45	1150	5.8	2.49	11.6	0.000	0.516	29.7	91	28.0	39.5	20.64	1.1187	0.30	1196	8	100.0	60
23-06-22	12:00 p	28.7	31.3	28.7	94	27.6	0.4	SE	1.61	4.5	S	28.7	37.1	37.1	41.7	1009.2	0.00	0.0	386	33.20	1195	5.6	2.40	11.8	0.000	0.431	29.9	89	27.9	39.6	19.37	1.1177	0.30	1196	8	100.0	60
23-06-22	1:00 p	28.2	28.7	28.2	96	27.5	0.4	SE	1.61	1.8	S	28.2	36.1	36.1	38.8	1008.7	0.00	0.0	221	19.01	257	3.3	1.41	3.8	0.000	0.412	29.5	89	27.5	38.2	19.44	1.1195	0.15	1198	8	100.0	60
23-06-22	2:00 p	28.6	29.4	28.2	96	27.9	0.0	SE	0.00	2.2	SSE	28.6	37.2	37.2	40.4	1008.3	0.00	0.0	251	21.59	345	3.0	1.29	4.2	0.000	0.426	29.6	90	27.7	38.7	20.04	1.1182	0.15	1193	8	100.0	60
23-06-22	3:00 p	27.9	28.6	27.8	98	27.5	0.0	NE	0.00	0.4	NE	27.9	35.4	35.4	36.9	1008.4	0.00	0.0	112	9.63	118	1.2	0.51	1.3	0.000	0.398	29.6	91	27.9	39.1	20.65	1.1179	0.08	1193	8	100.0	60
23-06-22	4:00 p	28.2	28.3	27.8	96	27.5	0.0	NNW	0.00	0.9	NNW	28.2	35.9	35.9	37.9	1008.0	0.00	0.0	111	9.55	132	0.8	0.34	1.0	0.000	0.410	29.5	90	27.7	38.5	20.04	1.1182	0.08	1190	8	100.0	60
23-06-22	5:00 p	27.6	28.2	27.6	97	27.1	0.0	NNW	0.00	0.9	N	27.6	34.3	34.3	35.7	1008.3	0.00	0.0	64	5.50	95	0.1	0.04	0.6	0.000	0.387	29.4	89	27.4	37.8	19.46	1.1197	0.05	1176	8	100.0	60
23-06-22	6:00 p	27.4	27.7	27.4	97	26.9	0.0	N	0.00	1.8	NE	27.4	33.6	33.6	33.2	1009.1	0.00	0.0	13	1.12	37	0.0	0.00	0.0	0.000	0.377	28.9	89	26.9	36.4	19.55	1.1237	0.00	1196	8	100.0	60
23-06-22	7:00 p	27.1	27.4	27.1	97	26.5	0.0	---	0.00	0.0	---	27.1	32.6	32.6	32.0	1009.5	0.00	0.0	0	0.00	0	0.0	0.00	0.0	0.000	0.363	28.6	90	26.8	35.8	20.17	1.1254	0.00	1184	8	100.0	60
23-06-22	8:00 p	26.7	27.1	26.7	97	26.2	0.0	NE	0.00	0.4	NE	26.7	31.7	31.7	31.1	1009.5	0.00	0.0	0	0.00	0	0.0	0.00	0.0	0.000	0.350	28.3	90	26.5	34.7	20.22	1.1274	0.00	1172	8	100.0	60
23-06-22	9:00 p	26.7	26.8	26.6	98	26.4	0.0	SSE	0.00	1.8	SW	26.7	31.8	31.8	31.3	1010.7	2.29	12.4	0	0.00	0	0.0	0.00	0.0	0.000	0.350	28.3	91	26.7	35.0	20.82	1.1284	0.00	1183	8	100.0	60
23-06-22	10:00 p	26.7	26.8	26.7	98	26.4	0.4	SE	1.61	3.1	S	26.7	31.8	31.8	31.3	1010.6	0.51	3.3	0	0.00	0	0.0	0.00	0.0	0.000	0.350	28.2	91	26.6	34.8	20.83	1.1285	0.00	1192	8	100.0	60
23-06-22	11:00 p	25.6	26.7	25.6	97	25.0	0.4	SE	1.61	2.7	S	25.6	28.8	28.8	28.2	1009.6	1.27	8.4	0	0.00	0	0.0	0.00	0.0	0.000	0.301	27.6	88	25.4	32.4	19.19	1.1327	0.00	1191	8	100.0	60
23-06-23	12:00 a	25.3	25.6	25.3	98	25.0	0.0	SE	0.00	0.4	SE	25.3	28.4	28.4	27.8	1009.0	0.00	0.0	0	0.00	0	0.0	0.00	0.0	0.000	0.292	27.3	89	25.4	31.9	19.83	1.1330	0.00	1194	8	100.0	60
23-06-23	1:00 a	25.4	25.5	25.3	98	25.1	0.0	---	0.00	0.0	---	25.4	28.7	28.7	28.1	1007.5	0.00	0.0	0	0.00	0	0.0	0.00	0.0	0.000	0.296	27.3	90	25.5	32.1	20.35	1.1308	0.00	1190	8	100.0	60
23-06-23	2:00 a	25.3	25.5	25.3	98	24.9	0.0	NE	0.00	2.2	E	25.3	28.3	28.3	27.7	1006.7	0.25	0.0	0	0.00	0	0.0	0.00	0.0	0.000	0.289	27.2	90	25.4	31.7	20.38	1.1309	0.00	1191	8	100.0	60
23-06-23	3:00 a	25.5	25.5	25.3	98	25.2	0.4	ESE	1.61	2.2	SSW	25.5	28.8	28.8	28.2	1007.4	0.00	0.0	0	0.00	0	0.0	0.00	0.0	0.000	0.299	27.0	91	25.4	31.4	21.00	1.1323	0.00	1187	8	100.0	60
23-06-23	4:00 a	25.3	25.4	25.3	98	24.9	0.0	ESE	0.00	0.4	ESE	25.3	28.3	28.3	27.7	1008.1	0.00	0.0	0	0.00	0	0.0	0.00	0.0	0.000	0.289	26.9	91	25.3	31.3	21.01	1.1334	0.00	1179	8	100.0	60
23-06-23	5:00 a	25.2	25.3	25.2	98	24.8	0.0	ESE	0.00	0.4	ESE	25.2	28.1	28.1	27.4	1008.3	0.00	0.0	0	0.00	0	0.0	0.00	0.0	0.000	0.285	26.9	91	25.3	31.1	21.02	1.1340	0.00	1174	8	100.0	60
23-06-23	6:00 a	25.1	25.2	25.0	98	24.7	0.0	---	0.00	0.0	---	25.1	27.8	27.8	27.3	1008.4	0.00	0.0	9	0.77	28	0.0	0.00	0.0	0.000	0.280	26.8	91	25.2	30.8	21.03	1.1347	0.00	1180	8	100.0	60
23-06-23	7:00 a	25.9	25.9	25.1	99	25.7	0.0	ESE	0.00	0.4	ESE	25.9	29.8	29.8	30.9	1008.8	0.00	0.0	65	5.59	146	0.2	0.09	0.6	0.000	0.315	27.2	91	25.6	31.8	20.98	1.1329	0.05	1195	8	100.0	60
23-06-23	8:00 a	27.3	27.3	25.8	99	27.1	0.0	ESE	0.00	1.3	SSW	27.3	33.6	33.6	36.2	1009.7	0.00	0.0	172	14.79	580	1.3	0.56	2.2	0.000	0.373	28.5	92	27.1	36.0	21.22	1.1254	0.10	1189	8	100.0	60
23-06-23	9:00 a	29.8	30.4	27.3	92	28.4	0.4	SSW	1.61	1.3	WSW	29.8	40.6	40.6	44.5	1010.5	0.00	0.0	300	25.80	842	3.4	1.46	5.2	0.000	0.479	29.4	88	27.2	37.6	18.86	1.1227	0.28	1194	8	100.0	60
23-06-23	10:00 a	29.8	29.8	28.9	88	27.6	0.4	SSW	1.61	1.3	N	29.8	39.0	39.0	43.4	1010.7	0.00	0.0	372	32.00	571	4.2	1.80	5.0	0.000	0.479	29.9	85	27.1	38.1	17.60	1.1214	0.25	1187	8	100.0	60
23-06-23	11:00 a	31.8	32.2	29.4	84	28.7	0.4	SW	1.61	3.6	WNW	31.8	45.6	45.6	53.0	1010.3	0.00	0.0	838	72.08	1079	7.8	3.34	10.7	0.000	0.560	30.9	80	27.1	39.8	15.64	1.1170	0.56	1196	8	100.0	60
23-06-23	12:00 p	28.3	31.9	28.3	94	27.3	0.4	WSW	1.61	3.6	NW	28.3	36.0	36.0	41.4	1010.6	0.00	0.0	465	40.00	1213	6.4	2.74	12.6	0.000	0.417	30.7	81	27.1	39.7	16.06	1.1182	0.36	1198	8	100.0	60
23-06-23	1:00 p	27.8	28.3	26.8	98	27.4	0.0	NNE	0.00	0.9	W	27.8	35.0	35.0	37.3	1010.3	3.05	29.7	193	16.60	290	2.9	1.24	4.8	0.000	0.394	29.4	87	27.0	37.3	18.46	1.1230	0.13	1186	8	100.0	60
23-06-23	2:00 p	29.0	29.0	27.6	92	27.6	0.4	ESE	1.61	1.3	SE	29.0	37.6	37.6	41.7	1009.4	0.00	0.0	329	28.30	879	4.0	1.71	6.6	0.000	0.444	29.5	87	27.1	37.6	18.44	1.1212	0.23	1194	8	100.0	60
23-06-23	3:00 p	29.6	30.1	29.0	85	26.8	0.4	ESE	1.61	2.2	SSE	29.6	37.3	37.3	44.0	1008.5	0.00	0.0	621	53.41	895	4.7	2.01	6.7	0.000	0.470	29.5	87	27.1	37.6	18.44	1.1202	0.41	1199	8	100.0	60
23-06-23	4:00 p	28.2	29.7	28.2	94	27.2	0.4	SE	1.61	1.8	SE	28.2	35.6	35.6	41.5	1008.9	0.00	0.0	357	30.71	601	2.1	0.90	3.6	0.000	0.412	29.4	87	27.0	37.3	18.46	1.1214	0.23	1197	8	100.0	60
23-06-23	5:00 p	24.7	28.3	24.7	97	24.2	0.4	SE	1.61	3.6	NW	24.7	27.1	27.1	27.5	1009.4	17.78	97.5	30	2.58	128	0.1	0.04	0.7	0.000	0.264	28.1	84	25.2	33.2	17.35	1.1310	0.03	1187	8	100.0	60
23-06-23	6:00 p	24.6	24.7	24.5	98	24.2	0.0	N	0.00	1.8	NE	24.6	26.9	26.9	26.3	1008.7	5.59	66.3	0	0.00	0	0.0	0.00	0.0	0.000	0.259	27.3	87	24.9	31.4	18.68	1.1337	0.00	1193	8	100.0	60
23-06-23	7:00 p	24.6	24.6	24.4	99	24.4	0.0	NE	0.00	1.8	N	24.6	27.1	27.1	26.4	1009.4	0.76	2.3	0	0.00	0	0.0	0.00	0.0	0.000	0.262	27.1	88	24.9	31.1	19.28	1.1354	0.00	1194	8	100.0	60
23-06-23	8:00 p	24.7	24.7	24.6	99	24.6	0.0	---	0.00	0.0	---	24.7	27.3	27.3	26.7	1009.2	0.76	2.0	0	0.00	0	0.0	0.00	0.0	0.000	0.266	26.9	89	24.9	30.8	19.91	1.1358	0.00	1191	8	100.0	60
23-06-23	9:00 p	24.7	24.8	24.7	99	24.5	0.0	---	0.00	0.0	---	24.7	27.2	27.2	26.6	1009.2	0.00	0.0	0	0.00	0	0.0	0.00	0.0	0.000	0.264	26.6	90	24.8	30.3	20.45	1.1371	0.00	1184	8	100.0	60
23-06-23	10:00 p	24.4	24.7	24.4	98	24.1	0.0	---	0.00	0.0	---	24.4	26.8	26.8	26.1	1009.3	0.00	0.0	0	0.00	0	0.0	0.00	0.0	0.000	0.255	26.3	90	24.6	29.7	20.45	1.1388	0.00	1187	8	100.0	60
23-06-23	11:00 p	24.5	24.6	24.3	99	24.3	0.0	---	0.00	0.0	---	24.5	26.9	26.9	26.2	1009.6	0.00	0.0	0	0.00	0	0.0	0.00	0.0	0.000	0.257	26.3	91	24.7	29.9	21.04	1.1388	0.00	1191	8	100.0	60
23-06-24	12:00 a	24.7	24.7	24.5	99	24.6	0.0	---	0.00	0.0	---	24.7	27.3	27.3	26.7	1009.5	0.00	0.0	0	0.00	0	0.0	0.00	0.0	0.000	0.266	26.3	92	24.9	30.0	21.14	1.1383	0.00	1192	8	100.0	60
23-06-24	1:00 a	24.9	24.9	24.7	99	24.7	0.0	---	0.00	0.0	---	24.9	27.6	27.6	27.0	1009.0	0.00	0.0	0	0.00	0	0.0	0.00	0.0	0.000	0.273	26.4	92	25.0	30.2	21.14	1.1371	0.00	1192	8	100.0	60
23-06-24	2:00 a	24.8	24.9	24.8	99	24.7	0.0	NNE	0.00	0.4	NNE	24.8	27.5	27.5	26.9	1008.6	0.00	0.0	0	0.00	0	0.0	0.00	0.0	0.000	0.271	26.3	91	24.7	29.9	21.04	1.1376	0.00	1198	8	100.0	60
23-06-24	3:00 a	24.7	24.8	24.7	99	24.6	0.0	---	0.00	0.4	NNE	24.7	27.3	27.3	26.7	1008.2	0.00	0.0	0	0.00	0	0.0	0.00	0.0	0.000	0.266	26.2	91	24.6	29.6	21.03	1.1378	0.00	1189	8	100.0	60
23-06-24	4:00 a	24.5	24.7	24.4	99	24.3	0.0	---	0.00	0.0	---	24.5	26.9	26.9	26.2	1008.3	0.00	0.0	0	0.00	0	0.0	0.00	0.0	0.000	0.257	26.1	91	24.5	29.3	21.03	1.1389	0.00	1187	8	100.0	60
23-06-24	5:00 a	24.3	24.5	24.3	99	24.1	0.0	---	0.00	0.0	---	24.3	26.6	26.6	25.9	1008.1	0.25	0.0	0	0.00	0	0.0	0.00	0.0	0.000	0.248	25.8	91	24.3	28.8	21.02	1.1399	0.00	1188	8	100.0	60
23-06-24	6:00 a	24.1	24.3	24.1	99	23.9	0.0	---	0.00	0.0	---	24.1	26.3	26.3	25.8	1009.5	0.00	0.0	6	0.52	18	0.0	0.00	0.0	0.000	0.241	25.7	92	24.3	28.7	21.12	1.1418	0.00	1186	8	100.0	60
23-06-24	7:00 a	24.8	24.8	24.1	99	24.7	0.0	---	0.00	0.0	---	24.8	27.5	27.5	27.6	1009.4	0.00	0.0	25	2.15	33	0.0	0.00	0.0	0.000	0.271	26.6	92	25.1	30.5	21.15	1.1368	0.03	1186	8	100.0	60
23-06-24	8:00 a	26.8	26.8	24.8	100	26.8	0.0	WNW	0.00	0.4	WNW	26.8	32.3	32.3	35.9	1010.3	0.00	0.0	232	19.95	649	1.2	0.51	3.1	0.000	0.352	28.1	92	26.6	34.6	21.20	1.1288	0.15	1188	8	100.0	60
23-06-24	9:00 a	29.0	29.0	26.8	97	28.5	0.4	WNW	1.61	1.3	E	29.0	39.1	39.1	46.1	1010.5	0.00	0.0	659	56.68	756	4.2	1.80	4.8	0.000	0.444	29.3	90	27.5	37.9	20.07	1.1221	0.43	1197	8	100.0	60
23-06-24	10:00 a	31.4	31.4	29.0	82	27.9	0.4	ESE	1.61	1.8	SSE	31.4	42.5	42.5	49.6	1010.5	0.00	0.0	838	72.08	947	4.0	1.71	4.6	0.000	0.544	30.3	83	27.1	39.2	16.79	1.1194	0.56	1197	8	100.0	60
23-06-24	11:00 a	30.5	32.0	30.1	82	27.1	0.4	S	1.61	1.8	SSE	30.5	39.5	39.5	46.7	1010.2	0.00	0.0	890	76.55	1055	7.1	3.04	11.0	0.000	0.507	31.1	82	27.7	41.1	16.43	1.1149	0.56	1198	8	100.0	60
23-06-24	12:00 p	31.9	32.2	30.5	79	27.8	0.9	S	3.22	2.7	S	31.9	43.4	43.4	49.8	1009.8	0.00	0.0	970	83.43	1034	10.6	4.54	11.7	0.000	0.565	31.7	81	28.1	43.7	15.99	1.1111	0.58	1195	8	100.0	60
23-06-24	1:00 p	32.4	32.6	31.6	80	28.5	0.9	SE	3.22	2.7	WNW	32.4	46.0	46.0	52.1	1009.2	0.00	0.0	552	47.48	949	10.6	4.54	12.1	0.000	0.586	32.0	80	28.1	44.3	15.57	1.1094	0.38	1195	8	100.0	60
23-06-24	2:00 p	30.9	32.8	30.9	82	27.5	0.9	SE	3.22	5.4	SE	30.9	40.6	40.6	47.4	1008.7	0.00	0.0	770	66.23	1048	7.0	3.00	9.7	0.000	0.523	31.8	81	28.2	44.2	15.98	1.1093	0.48	1197	8	100.0	60
23-06-24	3:00 p	30.3	32.3	30.2	85	27.5	0.9	S	3.22	4.0	ESE	30.3	39.6	39.6	46.4	1008.1	0.00	0.0	560	48.17	1025	4.5	1.93	6.8	0.000	0.498	31.4	82	27.9	42.5	16.41	1.1107	0.41	1195	8	100.0	60
23-06-24	4:00 p	28.8	30.3	28.7	95	27.9	0.4	ESE	1.61	3.1	SSE	28.8	37.7	37.7	40.9	1008.2	0.00	0.0	173	14.88	468	1.1	0.47	2.7	0.000	0.435	30.8	84	27.8	41.1	17.15	1.1135	0.13	1197	8	100.0	60
23-06-24	5:00 p	27.6	28.8	27.6	92	26.2	0.0	NNE	0.00	2.2	NE	27.6	33.3	33.3	34.2	1008.1	0.00	0.0	46	3.96	69	0.0	0.00	0.0	0.000	0.387	30.1	83	26.9	38.3	16.80	1.1179	0.03	1198	8	100.0	60
23-06-24	6:00 p	26.7	27.6	26.7	96	26.0	0.0	ENE	0.00	1.8	NNE	26.7	31.5	31.5	31.1	1009.1	0.00	0.0	13	1.12	35	0.0	0.00	0.0	0.000	0.350	29.4	85	26.6	36.8	17.66	1.1225	0.00	1197	8	100.0	60
23-06-24	7:00 p	26.5	26.8	26.5	95	25.6	0.0	ESE	0.00	1.3	W	26.5	30.8	30.8	30.2	1009.7	0.00	0.0	0	0.00	0	0.0	0.00	0.0	0.000	0.340	28.7	85	25.9	35.1	17.73	1.1272	0.00	1193	8	100.0	60
23-06-24	8:00 p	26.2	26.5	26.2	96	25.5	0.0	W	0.00	0.9	W	26.2	30.1	30.1	29.5	1010.3	0.00	0.0	0	0.00	0	0.0	0.00	0.0	0.000	0.326	28.4	86	25.8	34.3	18.16	1.1294	0.00	1199	8	100.0	60
23-06-24	9:00 p	26.0	26.2	25.9	96	25.3	0.0	W	0.00	0.4	W	26.0	29.7	29.7	29.1	1010.0	0.00	0.0	0	0.00	0	0.0	0.00	0.0	0.000	0.319	27.9	88	25.7	33.3	19.13	1.1312	0.00	1199	8	100.0	60
23-06-24	10:00 p	25.6	25.9	25.6	96	24.9	0.0	---	0.00	0.0	---	25.6	28.8	28.8	28.2	1009.4	0.00	0.0	0	0.00	0	0.0	0.00	0.0	0.000	0.303	27.4	89	25.5	32.3	19.81	1.1328	0.00	1200	8	100.0	60
23-06-24	11:00 p	25.4	25.6	25.3	97	24.9	0.0	---	0.00	0.0	---	25.4	28.4	28.4	27.8	1009.8	0.00	0.0	0	0.00	0	0.0	0.00	0.0	0.000	0.294	27.1	90	25.3	31.5	20.39	1.1348	0.00	1198	8	100.0	60
23-06-25	12:00 a	25.2	25.4	25.2	97	24.7	0.0	---	0.00	0.0	---	25.2	28.0	28.0	27.4	1009.4	0.00	0.0	0	0.00	0	0.0	0.00	0.0	0.000	0.285	26.9	90	25.2	31.1	20.41	1.1353	0.00	1197	8	100.0	60
23-06-25	1:00 a	25.1	25.2	25.1	97	24.6	0.0	---	0.00	0.0	---	25.1	27.9	27.9	27.3	1008.9	0.00	0.0	0	0.00	0	0.0	0.00	0.0	0.000	0.282	26.8	90	25.1	30.8	20.43	1.1354	0.00	1195	8	100.0	60
23-06-25	2:00 a	25.1	25.1	25.1	98	24.7	0.0	---	0.00	0.0	---	25.1	27.8	27.8	27.2	1008.4	0.00	0.0	0	0.00	0	0.0	0.00	0.0	0.000	0.280	26.7	90	24.9	30.6	20.44	1.1355	0.00	1196	8	100.0	60
23-06-25	3:00 a	24.9	25.1	24.9	98	24.6	0.0	---	0.00	0.0	---	24.9	27.6	27.6	27.0	1008.3	0.00	0.0	0	0.00	0	0.0	0.00	0.0	0.000	0.275	26.6	91	25.0	30.4	21.05	1.1356	0.00	1199	8	100.0	60
23-06-25	4:00 a	25.2	25.2	24.9	98	24.8	0.0	---	0.00	0.0	---	25.2	28.1	28.1	27.4	1007.9	0.00	0.0	0	0.00	0	0.0	0.00	0.0	0.000	0.285	26.7	91	25.1	30.7	21.04	1.1345	0.00	1198	8	100.0	60
23-06-25	5:00 a	25.2	25.2	25.1	98	24.8	0.0	SW	0.00	0.4	W	25.2	28.1	28.1	27.4	1008.5	0.00	0.0	0	0.00	0	0.0	0.00	0.0	0.000	0.285	26.8	91	25.2	31.0	21.03	1.1346	0.00	1197	8	100.0	60
23-06-25	6:00 a	25.2	25.2	25.2	99	25.0	0.0	SW	0.00	0.4	SW	25.2	28.2	28.2	27.7	1008.6	0.00	0.0	10	0.86	28	0.0	0.00	0.0	0.000	0.285	26.8	91	25.2	30.8	21.03	1.1349	0.00	1194	8	100.0	60
23-06-25	7:00 a	26.2	26.2	25.2	99	26.1	0.0	SW	0.00	0.4	SW	26.2	30.6	30.6	32.3	1009.4	0.00	0.0	92	7.91	163	0.3	0.13	0.8	0.000	0.329	27.6	91	26.0	32.9	20.92	1.1312	0.05	1197	8	100.0	60
23-06-25	8:00 a	27.7	27.8	26.2	92	26.2	0.4	SE	1.61	2.7	SSE	27.7	33.4	33.4	36.1	1010.2	0.00	0.0	177	15.22	316	1.4	0.60	2.0	0.000	0.389	28.6	88	26.4	35.2	19.01	1.1274	0.10	1197	8	100.0	60
23-06-25	9:00 a	29.9	29.9	27.4	88	27.7	0.4	S	1.61	1.8	SE	29.9	39.2	39.2	43.9	1010.3	0.00	0.0	374	32.17	742	3.4	1.46	5.0	0.000	0.481	29.1	87	26.7	36.4	18.49	1.1250	0.25	1198	8	100.0	60
23-06-25	10:00 a	30.3	30.3	28.7	85	27.5	0.4	S	1.61	2.2	WSW	30.3	39.8	39.8	46.7	1010.3	0.00	0.0	673	57.89	867	4.2	1.80	4.8	0.000	0.500	29.9	84	26.9	38.0	17.21	1.1211	0.43	1199	8	100.0	60
23-06-25	11:00 a	30.1	30.8	29.4	85	27.3	0.9	SE	3.22	3.6	SE	30.1	38.9	38.9	45.9	1009.9	0.00	0.0	712	61.24	893	6.5	2.79	8.8	0.000	0.491	30.4	81	26.8	38.7	16.08	1.1194	0.48	1196	8	100.0	60
23-06-25	12:00 p	31.3	31.6	29.6	79	27.2	0.9	SSE	3.22	3.6	SSE	31.3	40.7	40.7	47.7	1009.7	0.00	0.0	711	61.15	1048	9.0	3.86	11.3	0.000	0.539	30.8	81	27.2	40.0	16.05	1.1164	0.48	1195	8	100.0	60
23-06-25	1:00 p	31.3	31.4	30.3	76	26.6	0.9	S	3.22	3.6	SSE	31.3	39.8	39.8	45.8	1009.4	0.00	0.0	541	46.53	958	9.7	4.16	11.1	0.000	0.542	31.2	78	26.9	39.8	14.90	1.1156	0.38	1200	8	100.0	60
23-06-25	2:00 p	30.5	31.6	29.9	79	26.4	0.9	SSE	3.22	4.0	ESE	30.5	38.5	38.5	45.1	1008.7	0.00	0.0	615	52.90	919	6.5	2.79	9.3	0.000	0.507	31.0	79	26.9	39.7	15.28	1.1153	0.43	1198	8	100.0	60
23-06-25	3:00 p	30.4	31.4	30.1	80	26.6	0.9	SE	3.22	4.0	SSE	30.4	38.6	38.6	45.3	1008.5	0.00	0.0	625	53.76	840	4.6	1.97	5.3	0.000	0.505	30.8	80	26.9	39.4	15.65	1.1159	0.43	1199	8	100.0	60
23-06-25	4:00 p	28.5	30.4	28.2	92	27.1	0.4	SE	1.61	1.8	SSE	28.5	36.0	36.0	39.4	1008.5	0.00	0.0	184	15.83	462	1.5	0.64	2.9	0.000	0.424	30.3	83	27.1	39.2	16.79	1.1171	0.13	1198	8	100.0	60
23-06-25	5:00 p	28.0	28.4	28.0	94	26.9	0.0	SE	0.00	0.9	SE	28.0	34.9	34.9	37.1	1008.6	0.00	0.0	98	8.43	116	0.5	0.21	0.9	0.000	0.403	29.9	85	27.1	38.3	17.60	1.1186	0.08	1197	8	100.0	60
23-06-25	6:00 p	26.7	28.1	26.7	96	26.0	0.0	SE	0.00	0.4	SE	26.7	31.5	31.5	31.2	1009.5	0.00	0.0	26	2.24	72	0.0	0.00	0.0	0.000	0.350	29.4	85	26.7	36.9	17.65	1.1226	0.03	1197	8	100.0	60
23-06-25	7:00 p	26.0	26.7	26.0	97	25.5	0.0	---	0.00	0.0	---	26.0	29.8	29.8	29.1	1009.9	0.00	0.0	0	0.00	0	0.0	0.00	0.0	0.000	0.319	28.4	87	26.0	34.5	18.56	1.1285	0.00	1194	8	100.0	60
23-06-25	8:00 p	25.9	26.1	25.9	97	25.4	0.0	---	0.00	0.0	---	25.9	29.7	29.7	29.0	1010.6	0.00	0.0	0	0.00	0	0.0	0.00	0.0	0.000	0.317	27.9	88	25.8	33.4	19.12	1.1316	0.00	1198	8	100.0	60
23-06-25	9:00 p	25.4	26.1	25.4	95	24.6	0.0	S	0.00	3.6	WSW	25.4	28.3	28.3	27.6	1011.4	5.84	29.7	0	0.00	0	0.0	0.00	0.0	0.000	0.296	27.6	85	24.8	31.9	17.85	1.1361	0.00	1193	8	100.0	60
23-06-25	10:00 p	24.8	25.4	24.8	96	24.2	0.0	---	0.00	0.0	---	24.8	27.3	27.3	26.6	1011.1	2.29	7.9	0	0.00	0	0.0	0.00	0.0	0.000	0.271	26.9	88	24.8	30.8	19.30	1.1382	0.00	1189	8	100.0	60
23-06-25	11:00 p	24.7	24.8	24.6	97	24.2	0.0	---	0.00	0.0	---	24.7	27.1	27.1	26.3	1011.4	1.02	2.0	0	0.00	0	0.0	0.00	0.0	0.000	0.264	26.7	89	24.7	30.3	19.95	1.1397	0.00	1190	8	100.0	60
23-06-26	12:00 a	24.5	24.7	24.4	98	24.2	0.0	---	0.00	0.0	---	24.5	26.9	26.9	26.1	1010.5	0.25	0.0	0	0.00	0	0.0	0.00	0.0	0.000	0.257	26.5	89	24.5	29.9	19.95	1.1397	0.00	1189	8	100.0	60
23-06-26	1:00 a	24.6	24.6	24.5	98	24.2	0.0	---	0.00	0.0	---	24.6	26.9	26.9	26.2	1009.8	0.25	0.0	0	0.00	0	0.0	0.00	0.0	0.000	0.259	26.4	90	24.7	30.0	20.45	1.1388	0.00	1192	8	100.0	60
23-06-26	2:00 a	24.7	24.7	24.6	98	24.3	0.0	---	0.00	0.0	---	24.7	27.2	27.2	26.4	1009.0	0.25	0.0	0	0.00	0	0.0	0.00	0.0	0.000	0.264	26.4	90	24.7	30.0	20.45	1.1378	0.00	1186	8	100.0	60
23-06-26	3:00 a	24.6	24.7	24.6	98	24.3	0.0	---	0.00	0.0	---	24.6	27.1	27.1	26.3	1008.7	0.00	0.0	0	0.00	0	0.0	0.00	0.0	0.000	0.262	26.3	91	24.7	29.8	21.04	1.1380	0.00	1186	8	100.0	60
23-06-26	4:00 a	24.5	24.6	24.4	98	24.2	0.0	---	0.00	0.0	---	24.5	26.9	26.9	26.1	1008.1	0.00	0.0	0	0.00	0	0.0	0.00	0.0	0.000	0.257	26.2	91	24.6	29.5	21.03	1.1381	0.00	1198	8	100.0	60
23-06-26	5:00 a	24.3	24.5	24.3	98	24.0	0.0	NNW	0.00	0.9	NNW	24.3	26.6	26.6	25.8	1008.0	0.00	0.0	0	0.00	0	0.0	0.00	0.0	0.000	0.250	26.1	91	24.5	29.4	21.03	1.1382	0.00	1194	8	100.0	60
23-06-26	6:00 a	24.8	24.8	24.3	99	24.6	0.4	N	1.61	2.2	ENE	24.8	27.4	27.4	26.8	1007.9	0.00	0.0	14	1.20	46	0.0	0.00	0.0	0.000	0.269	26.4	90	24.7	30.0	20.45	1.1365	0.00	1192	8	100.0	60
23-06-26	7:00 a	26.3	26.3	24.8	95	25.5	0.9	NNE	3.22	3.1	N	26.3	30.4	30.4	31.8	1007.8	0.00	0.0	80	6.88	118	0.3	0.13	0.8	0.000	0.333	26.9	90	25.2	31.1	20.41	1.1335	0.05	1187	8	100.0	60
23-06-26	8:00 a	28.3	28.3	26.3	93	27.1	0.4	SSW	1.61	3.1	NE	28.3	35.7	35.7	38.8	1009.4	0.00	0.0	202	17.37	415	1.4	0.60	2.4	0.000	0.417	27.8	91	26.2	33.6	20.89	1.1298	0.13	1195	8	100.0	60
23-06-26	9:00 a	27.8	28.5	27.8	96	27.1	0.0	ENE	0.00	1.3	NE	27.8	34.8	34.8	39.3	1010.1	0.00	0.0	362	31.14	489	2.9	1.24	3.1	0.000	0.396	28.7	91	27.1	36.2	20.76	1.1252	0.23	1197	8	100.0	60
23-06-26	10:00 a	30.3	30.6	27.8	81	26.7	0.0	ENE	0.00	1.3	ESE	30.3	38.6	38.6	43.7	1010.5	0.00	0.0	445	38.27	851	4.1	1.76	5.6	0.000	0.500	29.1	90	27.3	37.3	20.10	1.1235	0.30	1188	8	100.0	60
23-06-26	11:00 a	29.6	30.7	29.4	89	27.5	0.4	SSW	1.61	1.8	NNE	29.6	38.4	38.4	44.9	1010.4	0.00	0.0	611	52.55	886	5.7	2.44	7.4	0.000	0.468	29.9	87	27.5	39.0	18.40	1.1197	0.41	1188	8	100.0	60
23-06-26	12:00 p	29.3	29.9	29.1	93	28.1	0.4	SSE	1.61	1.8	SSE	29.3	39.0	39.0	43.3	1010.1	0.00	0.0	358	30.79	438	5.0	2.14	6.0	0.000	0.458	29.8	87	27.4	38.7	18.41	1.1200	0.23	1197	8	100.0	60
23-06-26	1:00 p	30.0	30.2	29.1	84	27.0	0.0	E	0.00	0.9	E	30.0	38.2	38.2	42.7	1009.5	0.00	0.0	382	32.86	455	5.1	2.19	5.7	0.000	0.486	30.0	85	27.2	38.4	17.59	1.1192	0.25	1190	8	100.0	60
23-06-26	2:00 p	29.9	30.2	29.2	86	27.3	0.4	S	1.61	1.8	SE	29.9	38.7	38.7	43.2	1008.8	0.00	0.0	364	31.31	462	4.4	1.89	5.5	0.000	0.484	30.1	82	26.6	37.8	16.51	1.1196	0.25	1196	8	100.0	60
23-06-26	3:00 p	27.9	30.1	27.6	97	27.4	0.4	W	1.61	1.3	W	27.9	35.2	35.2	38.3	1008.2	0.25	0.0	212	18.23	439	2.3	0.99	4.4	0.000	0.398	29.8	86	27.2	38.2	18.01	1.1187	0.15	1200	8	100.0	60
23-06-26	4:00 p	27.4	28.1	27.4	96	26.7	0.0	W	0.00	0.9	W	27.4	33.5	33.5	35.8	1008.7	0.00	0.0	130	11.18	186	1.0	0.43	1.7	0.000	0.380	29.3	87	26.9	37.2	18.46	1.1215	0.08	1196	8	100.0	60
23-06-26	5:00 p	26.9	27.4	26.8	94	25.8	0.4	W	1.61	3.6	WSW	26.9	31.6	31.6	32.2	1008.8	0.00	0.0	33	2.84	67	0.0	0.00	0.5	0.000	0.356	28.6	85	25.8	34.8	17.74	1.1268	0.03	1192	8	100.0	60
23-06-26	6:00 p	26.1	26.9	26.1	97	25.5	0.4	WSW	1.61	3.1	W	26.1	30.0	30.0	29.6	1009.4	0.00	0.0	11	0.95	28	0.0	0.00	0.0	0.000	0.322	28.4	86	25.9	34.4	18.16	1.1281	0.00	1195	8	100.0	60
23-06-26	7:00 p	25.8	26.1	25.7	98	25.4	0.0	---	0.00	0.0	---	25.8	29.4	29.4	28.8	1009.5	0.00	0.0	0	0.00	0	0.0	0.00	0.0	0.000	0.310	27.9	89	25.9	33.5	19.73	1.1301	0.00	1195	8	100.0	60
23-06-26	8:00 p	25.6	25.8	25.6	99	25.4	0.0	---	0.00	0.0	---	25.6	29.1	29.1	28.5	1010.1	0.00	0.0	0	0.00	0	0.0	0.00	0.0	0.000	0.303	27.6	90	25.8	32.7	20.32	1.1324	0.00	1196	8	100.0	60
23-06-26	9:00 p	25.5	25.6	25.4	98	25.2	0.0	---	0.00	0.0	---	25.5	28.8	28.8	28.2	1010.4	0.00	0.0	0	0.00	0	0.0	0.00	0.0	0.000	0.299	27.3	90	25.5	31.9	20.36	1.1344	0.00	1198	8	100.0	60
23-06-26	10:00 p	25.3	25.5	25.3	98	24.9	0.0	---	0.00	0.0	---	25.3	28.3	28.3	27.7	1010.3	0.00	0.0	0	0.00	0	0.0	0.00	0.0	0.000	0.289	27.1	90	25.3	31.4	20.39	1.1357	0.00	1198	8	100.0	60
23-06-26	11:00 p	25.3	25.3	25.2	99	25.2	0.0	---	0.00	0.0	---	25.3	28.5	28.5	27.9	1010.3	0.00	0.0	0	0.00	0	0.0	0.00	0.0	0.000	0.292	27.0	91	25.4	31.4	21.00	1.1356	0.00	1195	8	100.0	60
23-06-27	12:00 a	25.4	25.4	25.3	99	25.3	0.0	---	0.00	0.0	---	25.4	28.8	28.8	28.2	1010.1	0.25	0.0	0	0.00	0	0.0	0.00	0.0	0.000	0.296	27.1	91	25.5	31.6	20.99	1.1350	0.00	1194	8	100.0	60
23-06-27	1:00 a	25.8	25.8	25.4	99	25.7	0.0	N	0.00	1.3	N	25.8	29.7	29.7	29.1	1009.9	1.52	4.6	0	0.00	0	0.0	0.00	0.0	0.000	0.313	27.3	91	25.7	32.3	20.95	1.1331	0.00	1194	8	100.0	60
23-06-27	2:00 a	24.3	25.9	24.3	97	23.8	0.4	N	1.61	4.9	N	24.3	26.6	26.6	25.9	1009.7	21.84	92.7	0	0.00	0	0.0	0.00	0.0	0.000	0.250	26.7	87	24.3	30.1	18.75	1.1386	0.00	1194	8	100.0	60
23-06-27	3:00 a	23.8	24.4	23.8	98	23.5	0.0	E	0.00	0.9	ESE	23.8	25.9	25.9	25.2	1008.9	2.54	15.5	0	0.00	0	0.0	0.00	0.0	0.000	0.229	26.1	88	24.0	29.1	19.39	1.1405	0.00	1191	8	100.0	60
23-06-27	4:00 a	23.7	23.9	23.6	99	23.5	0.0	ENE	0.00	1.8	WSW	23.7	25.7	25.7	25.1	1009.1	0.00	0.0	0	0.00	0	0.0	0.00	0.0	0.000	0.222	25.9	89	23.9	28.8	19.95	1.1416	0.00	1183	8	100.0	60
23-06-27	5:00 a	24.6	24.6	23.7	99	24.4	0.4	NE	1.61	2.7	SSE	24.6	27.0	27.0	26.3	1008.8	0.00	0.0	0	0.00	0	0.0	0.00	0.0	0.000	0.259	26.3	90	24.5	29.6	20.45	1.1385	0.00	1194	8	100.0	60
23-06-27	6:00 a	24.7	24.7	24.5	99	24.6	0.4	SSE	1.61	1.3	SSW	24.7	27.3	27.3	26.8	1008.8	0.00	0.0	4	0.34	16	0.0	0.00	0.0	0.000	0.266	26.3	91	24.7	29.8	21.04	1.1382	0.00	1196	8	100.0	60
23-06-27	7:00 a	25.2	25.2	24.7	99	25.1	0.0	SSE	0.00	1.3	SSE	25.2	28.3	28.3	28.9	1009.3	0.00	0.0	45	3.87	91	0.1	0.04	0.5	0.000	0.287	26.6	91	25.0	30.4	21.05	1.1368	0.03	1199	8	100.0	60
23-06-27	8:00 a	26.5	26.5	25.2	100	26.5	0.0	WNW	0.00	0.9	WNW	26.5	31.6	31.6	34.2	1009.8	0.00	0.0	179	15.40	383	1.3	0.56	2.5	0.000	0.340	27.1	92	25.6	31.7	21.16	1.1343	0.10	1198	8	100.0	60
23-06-27	9:00 a	28.8	28.9	26.5	93	27.6	0.0	WNW	0.00	1.3	SSW	28.8	37.3	37.3	42.5	1010.0	0.00	0.0	419	36.04	777	3.5	1.50	5.8	0.000	0.438	28.3	90	26.5	34.9	20.21	1.1277	0.28	1197	8	100.0	60
23-06-27	10:00 a	30.3	30.7	28.8	84	27.3	0.4	SE	1.61	2.2	SE	30.3	39.5	39.5	46.7	1010.2	0.00	0.0	783	67.35	960	4.1	1.76	5.0	0.000	0.500	29.9	86	27.3	38.7	18.00	1.1199	0.51	1180	8	100.0	60
23-06-27	11:00 a	31.2	31.2	30.3	85	28.3	0.4	SSE	1.61	2.7	SSE	31.2	42.8	42.8	49.3	1010.0	0.00	0.0	960	82.57	1032	7.9	3.39	11.6	0.000	0.535	31.3	81	27.6	41.5	16.02	1.1141	0.63	1179	8	100.0	60
23-06-27	12:00 p	31.7	31.9	31.2	81	28.0	0.9	SW	3.22	3.6	WSW	31.7	43.4	43.4	49.7	1009.9	0.00	0.0	972	83.60	1034	11.1	4.76	12.1	0.000	0.556	32.0	77	27.5	43.0	14.57	1.1118	0.61	1176	8	100.0	60
23-06-27	1:00 p	30.1	32.2	30.0	87	27.7	0.9	W	3.22	3.1	W	30.1	39.4	39.4	43.4	1009.3	0.00	0.0	325	27.95	912	9.3	3.99	11.7	0.000	0.488	31.5	77	27.0	40.9	14.63	1.1141	0.23	1196	8	100.0	60
23-06-27	2:00 p	29.3	30.3	29.2	90	27.5	0.4	WSW	1.61	1.8	W	29.3	37.9	37.9	42.2	1008.4	0.00	0.0	338	29.07	520	4.7	2.01	6.2	0.000	0.458	30.7	81	27.1	39.7	16.06	1.1157	0.23	1192	8	100.0	60
23-06-27	3:00 p	31.4	31.4	29.3	83	28.2	0.4	SW	1.61	2.2	SSW	31.4	43.3	43.3	49.8	1007.9	0.00	0.0	501	43.09	780	4.3	1.84	5.3	0.000	0.546	30.4	81	26.8	38.7	16.08	1.1170	0.33	1186	8	100.0	60
23-06-27	4:00 p	30.2	31.6	30.2	86	27.6	0.4	WSW	1.61	1.8	WSW	30.2	39.6	39.6	48.1	1007.5	0.00	0.0	532	45.76	700	2.7	1.16	4.1	0.000	0.493	30.1	82	26.6	37.8	16.51	1.1181	0.36	1187	8	100.0	60
23-06-27	5:00 p	28.6	30.2	28.6	94	27.5	0.0	WNW	0.00	0.9	WSW	28.6	36.7	36.7	39.3	1007.9	0.00	0.0	120	10.32	299	0.6	0.26	1.4	0.000	0.426	29.8	84	26.8	37.7	17.22	1.1189	0.08	1189	8	100.0	60
23-06-27	6:00 p	27.1	28.6	27.1	97	26.6	0.0	---	0.00	0.0	---	27.1	32.7	32.7	32.3	1008.9	0.00	0.0	20	1.72	53	0.0	0.00	0.0	0.000	0.366	29.3	87	26.9	37.0	18.47	1.1220	0.03	1199	8	100.0	60
23-06-27	7:00 p	26.7	27.1	26.7	97	26.2	0.0	---	0.00	0.0	---	26.7	31.5	31.5	30.8	1009.2	0.00	0.0	0	0.00	0	0.0	0.00	0.0	0.000	0.347	28.8	88	26.6	36.1	18.96	1.1246	0.00	1190	8	100.0	60
23-06-27	8:00 p	26.4	26.7	26.4	97	25.9	0.0	---	0.00	0.0	---	26.4	30.9	30.9	30.2	1009.1	0.00	0.0	0	0.00	0	0.0	0.00	0.0	0.000	0.338	28.2	89	26.2	34.4	19.67	1.1277	0.00	1193	8	100.0	60
23-06-27	9:00 p	26.1	26.4	26.1	97	25.6	0.0	---	0.00	0.0	---	26.1	30.1	30.1	29.4	1009.5	0.00	0.0	0	0.00	0	0.0	0.00	0.0	0.000	0.324	27.9	89	25.9	33.5	19.73	1.1302	0.00	1199	8	100.0	60
23-06-27	10:00 p	25.9	26.1	25.9	97	25.4	0.0	---	0.00	0.0	---	25.9	29.6	29.6	28.8	1010.0	0.00	0.0	0	0.00	0	0.0	0.00	0.0	0.000	0.315	27.7	90	25.9	33.1	20.31	1.1316	0.00	1194	8	100.0	60
23-06-27	11:00 p	25.9	25.9	25.8	98	25.5	0.0	---	0.00	0.0	---	25.9	29.7	29.7	28.9	1009.9	0.00	0.0	0	0.00	0	0.0	0.00	0.0	0.000	0.315	27.6	90	25.8	32.9	20.31	1.1319	0.00	1198	8	100.0	60
23-06-28	12:00 a	26.1	26.1	25.9	98	25.7	0.0	---	0.00	0.0	---	26.1	30.1	30.1	29.4	1009.5	0.00	0.0	0	0.00	0	0.0	0.00	0.0	0.000	0.322	27.6	91	26.0	32.9	20.92	1.1314	0.00	1176	8	100.0	60
23-06-28	1:00 a	25.9	26.1	25.9	98	25.5	0.0	---	0.00	0.0	---	25.9	29.7	29.7	28.9	1008.8	0.00	0.0	0	0.00	0	0.0	0.00	0.0	0.000	0.315	27.4	91	25.8	32.4	20.95	1.1315	0.00	1183	8	100.0	60
23-06-28	2:00 a	25.9	25.9	25.9	98	25.6	0.0	---	0.00	0.0	---	25.9	29.8	29.8	29.1	1008.4	0.00	0.0	0	0.00	0	0.0	0.00	0.0	0.000	0.317	27.4	91	25.8	32.4	20.95	1.1311	0.00	1177	8	100.0	60
23-06-28	3:00 a	26.0	26.0	25.9	98	25.7	0.0	---	0.00	0.0	---	26.0	29.9	29.9	29.2	1008.1	0.00	0.0	0	0.00	0	0.0	0.00	0.0	0.000	0.319	27.4	92	26.0	32.6	21.18	1.1303	0.00	1181	8	100.0	60
23-06-28	4:00 a	25.9	26.0	25.9	98	25.6	0.0	---	0.00	0.0	---	25.9	29.8	29.8	29.1	1008.0	0.00	0.0	0	0.00	0	0.0	0.00	0.0	0.000	0.317	27.3	92	25.9	32.4	21.17	1.1305	0.00	1174	8	100.0	60
23-06-28	5:00 a	26.1	26.1	25.9	99	25.9	0.0	---	0.00	0.0	---	26.1	30.2	30.2	29.5	1008.1	0.00	0.0	0	0.00	0	0.0	0.00	0.0	0.000	0.322	27.4	92	26.0	32.6	21.18	1.1303	0.00	1169	8	100.0	60
23-06-28	6:00 a	26.3	26.3	26.1	99	26.1	0.0	---	0.00	0.0	---	26.3	30.8	30.8	30.2	1008.2	0.51	1.8	10	0.86	42	0.0	0.00	0.0	0.000	0.331	27.5	92	26.1	32.9	21.18	1.1298	0.00	1162	8	99.8	60
23-06-28	7:00 a	26.8	26.8	26.2	99	26.6	0.0	WSW	0.00	0.4	WSW	26.8	32.2	32.2	33.3	1009.1	0.00	0.0	66	5.68	84	0.1	0.04	0.7	0.000	0.352	27.9	92	26.5	34.1	21.19	1.1284	0.05	1183	8	100.0	60
23-06-28	8:00 a	27.6	27.7	26.8	99	27.4	0.0	WSW	0.00	0.9	WSW	27.6	34.7	34.7	36.6	1009.3	0.00	0.0	129	11.10	299	1.3	0.56	2.3	0.000	0.387	28.2	93	27.0	35.4	21.31	1.1262	0.08	1193	8	100.0	60
23-06-28	9:00 a	28.3	28.3	27.6	98	28.0	0.0	WSW	0.00	0.4	WSW	28.3	36.9	36.9	38.9	1009.0	0.00	0.0	158	13.59	306	2.4	1.03	3.9	0.000	0.417	28.8	92	27.3	36.9	21.23	1.1229	0.13	1187	8	100.0	60
23-06-28	10:00 a	29.1	29.2	28.3	94	28.0	0.0	WSW	0.00	0.9	WSW	29.1	38.6	38.6	41.4	1009.1	0.00	0.0	231	19.87	492	3.7	1.59	4.4	0.000	0.449	29.3	88	27.1	37.3	18.88	1.1218	0.18	1193	8	100.0	60
23-06-28	11:00 a	32.1	32.1	29.1	83	28.8	0.4	E	1.61	1.8	WSW	32.1	46.6	46.6	53.9	1008.9	0.00	0.0	819	70.44	1037	7.6	3.26	11.3	0.000	0.572	30.3	86	27.7	40.3	17.95	1.1161	0.51	1189	8	100.0	60
23-06-28	12:00 p	32.5	32.7	31.9	78	28.2	0.4	SW	1.61	2.2	SW	32.5	45.6	45.6	51.8	1008.5	0.00	0.0	1012	87.04	1151	10.5	4.50	12.1	0.000	0.590	31.4	83	28.2	43.3	16.71	1.1104	0.56	1196	8	100.0	60
23-06-28	1:00 p	31.6	32.5	31.2	83	28.3	0.9	S	3.22	3.1	W	31.6	43.8	43.8	48.2	1007.4	0.00	0.0	365	31.39	1246	9.4	4.03	11.6	0.000	0.551	31.7	81	28.1	43.7	15.99	1.1084	0.28	1196	8	100.0	60
23-06-28	2:00 p	31.7	32.3	30.4	81	28.1	0.4	SSW	1.61	2.7	WNW	31.7	43.7	43.7	50.7	1006.6	0.00	0.0	714	61.41	995	7.1	3.04	9.7	0.000	0.558	31.6	80	27.7	42.3	15.60	1.1091	0.48	1186	8	100.0	60
23-06-28	3:00 p	31.0	32.1	31.0	82	27.6	0.4	SSW	1.61	2.2	SSW	31.0	40.8	40.8	47.7	1006.0	0.00	0.0	586	50.40	849	4.7	2.01	6.4	0.000	0.528	31.2	80	27.4	40.8	15.62	1.1104	0.38	1191	8	100.0	60
23-06-28	4:00 p	29.3	31.0	29.2	92	27.8	0.4	SSW	1.61	1.8	SSW	29.3	38.4	38.4	42.9	1005.9	0.00	0.0	241	20.73	596	1.7	0.73	3.4	0.000	0.456	30.7	83	27.5	40.5	16.76	1.1118	0.18	1195	8	100.0	60
23-06-28	5:00 p	28.5	29.3	28.5	91	26.9	0.0	SE	0.00	1.8	W	28.5	35.7	35.7	37.6	1006.0	0.00	0.0	85	7.31	113	0.3	0.13	0.9	0.000	0.424	30.2	86	27.6	39.8	17.97	1.1135	0.05	1197	8	100.0	60
23-06-28	6:00 p	27.7	28.6	27.6	97	27.1	0.0	SE	0.00	0.4	SE	27.7	34.4	34.4	34.1	1006.2	0.00	0.0	16	1.38	49	0.0	0.00	0.0	0.000	0.389	29.7	87	27.3	38.3	18.42	1.1162	0.00	1198	8	100.0	60
23-06-28	7:00 p	27.4	27.7	27.4	95	26.5	0.0	---	0.00	0.0	---	27.4	33.2	33.2	32.6	1006.3	0.00	0.0	0	0.00	0	0.0	0.00	0.0	0.000	0.377	29.3	87	26.9	37.0	18.47	1.1190	0.00	1188	8	100.0	60
23-06-28	8:00 p	26.9	27.4	26.9	96	26.3	0.0	---	0.00	0.0	---	26.9	32.1	32.1	31.4	1006.9	0.00	0.0	0	0.00	0	0.0	0.00	0.0	0.000	0.359	28.6	88	26.4	35.4	19.00	1.1233	0.00	1180	8	100.0	60
23-06-28	9:00 p	26.6	26.9	26.6	96	25.9	0.0	---	0.00	0.0	---	26.6	31.1	31.1	30.4	1007.4	0.00	0.0	0	0.00	0	0.0	0.00	0.0	0.000	0.343	28.3	89	26.3	34.6	19.66	1.1254	0.00	1171	8	100.0	60
23-06-28	10:00 p	26.3	26.6	26.3	97	25.8	0.0	---	0.00	0.0	---	26.3	30.6	30.6	29.9	1007.8	0.00	0.0	0	0.00	0	0.0	0.00	0.0	0.000	0.331	27.8	90	26.0	33.4	20.29	1.1284	0.00	1167	8	100.0	60
23-06-28	11:00 p	26.3	26.3	26.2	98	26.0	0.0	---	0.00	0.0	---	26.3	30.8	30.8	30.1	1007.8	0.00	0.0	0	0.00	0	0.0	0.00	0.0	0.000	0.333	27.9	91	26.3	33.9	20.87	1.1274	0.00	1166	8	100.0	60
23-06-29	12:00 a	26.4	26.4	26.3	98	26.1	0.0	---	0.00	0.0	---	26.4	31.1	31.1	30.4	1007.3	0.00	0.0	0	0.00	0	0.0	0.00	0.0	0.000	0.338	27.9	91	26.3	34.1	20.87	1.1265	0.00	1167	8	100.0	60
23-06-29	1:00 a	26.2	26.4	26.2	98	25.8	0.0	ENE	0.00	0.4	ENE	26.2	30.4	30.4	29.7	1006.8	0.00	0.0	0	0.00	0	0.0	0.00	0.0	0.000	0.326	27.7	91	26.1	33.4	20.90	1.1273	0.00	1177	8	100.0	60
23-06-29	2:00 a	26.1	26.2	26.1	98	25.7	0.0	---	0.00	0.0	---	26.1	30.1	30.1	29.4	1006.6	0.00	0.0	0	0.00	0	0.0	0.00	0.0	0.000	0.322	27.5	91	25.9	32.8	20.93	1.1284	0.00	1194	8	100.0	60
23-06-29	3:00 a	25.9	26.1	25.9	98	25.6	0.0	---	0.00	0.0	---	25.9	29.8	29.8	29.2	1006.8	0.00	0.0	0	0.00	0	0.0	0.00	0.0	0.000	0.317	27.5	91	25.9	32.8	20.93	1.1285	0.00	1194	8	100.0	60
23-06-29	4:00 a	25.6	25.9	25.6	98	25.3	0.0	---	0.00	0.0	---	25.6	29.0	29.0	28.3	1006.7	0.00	0.0	0	0.00	0	0.0	0.00	0.0	0.000	0.303	27.2	91	25.6	31.9	20.97	1.1302	0.00	1177	8	100.0	60
23-06-29	5:00 a	25.4	25.6	25.3	98	25.1	0.0	---	0.00	0.0	---	25.4	28.6	28.6	27.9	1006.4	0.00	0.0	0	0.00	0	0.0	0.00	0.0	0.000	0.294	27.0	90	25.2	31.2	20.40	1.1315	0.00	1173	8	100.0	60
23-06-29	6:00 a	25.2	25.3	25.1	98	24.8	0.0	---	0.00	0.0	---	25.2	28.1	28.1	27.4	1007.2	0.00	0.0	5	0.43	16	0.0	0.00	0.0	0.000	0.285	26.8	91	25.2	31.0	21.03	1.1330	0.00	1157	8	99.4	60
23-06-29	7:00 a	25.8	25.8	25.2	99	25.6	0.0	---	0.00	0.0	---	25.8	29.6	29.6	29.7	1007.6	0.00	0.0	23	1.98	28	0.0	0.00	0.0	0.000	0.310	27.6	92	26.1	33.1	21.18	1.1287	0.03	1186	8	100.0	60
23-06-29	8:00 a	27.2	27.2	25.7	99	27.1	0.4	SE	1.61	1.3	ESE	27.2	33.4	33.4	34.8	1008.1	0.00	0.0	102	8.77	461	0.9	0.39	2.6	0.000	0.370	28.8	91	27.2	36.6	20.75	1.1223	0.10	1196	8	100.0	60
23-06-29	9:00 a	29.3	29.3	27.2	92	27.9	0.4	SE	1.61	1.8	S	29.3	38.6	38.6	41.9	1008.6	0.00	0.0	247	21.24	849	2.8	1.20	5.2	0.000	0.458	29.4	90	27.6	38.3	20.05	1.1193	0.20	1188	8	100.0	60
23-06-29	10:00 a	30.1	30.1	29.3	92	28.6	0.4	SE	1.61	3.6	SE	30.1	41.5	41.5	44.6	1008.6	0.00	0.0	245	21.07	367	3.7	1.59	4.7	0.000	0.488	29.8	89	27.8	39.2	19.39	1.1177	0.18	1188	8	100.0	60
23-06-29	11:00 a	31.1	31.7	29.3	84	28.0	0.4	SE	1.61	2.2	SSE	31.1	41.9	41.9	47.1	1008.4	0.00	0.0	448	38.53	1225	6.2	2.66	11.5	0.000	0.530	30.4	86	27.8	40.8	17.94	1.1149	0.36	1189	8	100.0	60
23-06-29	12:00 p	32.8	33.0	30.6	79	28.7	0.4	S	1.61	3.1	ESE	32.8	47.7	47.7	54.8	1007.6	0.00	0.0	703	60.47	1146	9.0	3.86	11.9	0.000	0.604	31.0	87	28.6	43.4	18.28	1.1100	0.46	1188	8	100.0	60
23-06-29	1:00 p	32.2	33.1	31.2	80	28.3	0.9	SE	3.22	3.6	SE	32.2	44.9	44.9	49.3	1006.7	0.00	0.0	362	31.14	1088	9.4	4.03	11.2	0.000	0.576	31.2	85	28.3	42.8	17.46	1.1090	0.30	1194	8	100.0	60
23-06-29	2:00 p	32.8	33.2	31.8	79	28.7	0.9	SE	3.22	4.0	SE	32.8	47.3	47.3	55.2	1005.9	0.00	0.0	930	79.99	1055	7.9	3.39	9.5	0.000	0.602	31.2	85	28.4	43.1	17.46	1.1076	0.61	1196	8	100.0	60
23-06-29	3:00 p	31.3	32.7	30.6	85	28.5	0.9	SSE	3.22	4.5	SSE	31.3	43.7	43.7	50.7	1005.5	0.00	0.0	638	54.88	870	4.6	1.97	6.9	0.000	0.542	30.4	85	27.6	40.3	17.54	1.1120	0.41	1197	8	100.0	60
23-06-29	4:00 p	30.7	31.4	30.3	87	28.3	0.9	ESE	3.22	4.0	SSE	30.7	42.2	42.2	48.3	1005.4	0.00	0.0	390	33.54	638	2.1	0.90	3.4	0.000	0.514	29.9	87	27.5	38.8	18.40	1.1142	0.25	1196	8	100.0	60
23-06-29	5:00 p	29.3	30.7	29.2	91	27.7	0.4	SE	1.61	2.7	SSE	29.3	38.1	38.1	40.1	1005.8	0.00	0.0	89	7.65	144	0.3	0.13	1.0	0.000	0.456	29.6	89	27.5	38.4	19.43	1.1158	0.08	1198	8	100.0	60
23-06-29	6:00 p	28.2	29.3	28.2	95	27.3	0.0	E	0.00	1.3	NE	28.2	35.9	35.9	35.4	1006.3	0.00	0.0	10	0.86	28	0.0	0.00	0.0	0.000	0.412	29.9	89	27.9	39.6	19.37	1.1144	0.00	1196	8	100.0	60
23-06-29	7:00 p	28.1	28.3	28.1	95	27.2	0.0	SE	0.00	0.4	SE	28.1	35.5	35.5	34.9	1006.6	0.00	0.0	0	0.00	0	0.0	0.00	0.0	0.000	0.407	29.1	90	27.2	37.2	20.11	1.1193	0.00	1197	8	100.0	60
23-06-29	8:00 p	27.7	28.1	27.7	96	27.0	0.0	SE	0.00	0.4	SE	27.7	34.4	34.4	33.8	1007.0	0.00	0.0	0	0.00	0	0.0	0.00	0.0	0.000	0.391	29.2	90	27.4	37.4	20.09	1.1192	0.00	1197	8	100.0	60
23-06-29	9:00 p	27.3	27.7	27.3	96	26.6	0.0	SE	0.00	0.4	SE	27.3	33.0	33.0	32.4	1007.7	0.00	0.0	0	0.00	0	0.0	0.00	0.0	0.000	0.373	28.8	90	27.0	36.3	20.15	1.1223	0.00	1196	8	100.0	60
23-06-29	10:00 p	27.2	27.3	27.1	97	26.6	0.0	SE	0.00	0.4	SE	27.2	32.8	32.8	32.2	1008.1	0.00	0.0	0	0.00	0	0.0	0.00	0.0	0.000	0.368	28.6	91	27.0	36.1	20.77	1.1233	0.00	1195	8	100.0	60
23-06-29	11:00 p	27.1	27.2	27.1	97	26.5	0.0	SE	0.00	0.4	SE	27.1	32.6	32.6	31.9	1008.0	0.00	0.0	0	0.00	0	0.0	0.00	0.0	0.000	0.363	28.6	91	26.9	35.9	20.78	1.1236	0.00	1197	8	100.0	60
23-06-30	12:00 a	26.9	27.1	26.9	98	26.5	0.0	SE	0.00	0.4	SE	26.9	32.3	32.3	31.7	1007.7	0.00	0.0	0	0.00	0	0.0	0.00	0.0	0.000	0.356	28.3	91	26.7	35.2	20.81	1.1246	0.00	1197	8	100.0	60
23-06-30	1:00 a	26.8	26.9	26.8	98	26.5	0.0	SE	0.00	0.9	SE	26.8	32.1	32.1	31.5	1006.9	0.00	0.0	0	0.00	0	0.0	0.00	0.0	0.000	0.354	28.3	91	26.7	35.0	20.82	1.1240	0.00	1193	8	100.0	60
23-06-30	2:00 a	26.8	26.9	26.8	98	26.5	0.0	SE	0.00	0.9	SE	26.8	32.1	32.1	31.5	1006.9	0.25	0.0	0	0.00	0	0.0	0.00	0.0	0.000	0.354	28.1	92	26.7	34.8	21.20	1.1246	0.00	1198	8	100.0	60
23-06-30	3:00 a	26.8	26.9	26.7	98	26.4	0.0	NW	0.00	1.8	NW	26.8	32.0	32.0	31.4	1006.8	0.00	0.0	0	0.00	0	0.0	0.00	0.0	0.000	0.352	28.2	91	26.6	34.7	20.83	1.1245	0.00	1198	8	100.0	60
23-06-30	4:00 a	26.7	26.8	26.7	98	26.4	0.0	---	0.00	0.0	---	26.7	31.8	31.8	31.2	1006.9	0.00	0.0	0	0.00	0	0.0	0.00	0.0	0.000	0.350	28.0	92	26.6	34.4	21.20	1.1252	0.00	1200	8	100.0	60
23-06-30	5:00 a	26.6	26.7	26.5	98	26.2	0.0	---	0.00	0.0	---	26.6	31.4	31.4	30.8	1007.1	0.00	0.0	0	0.00	0	0.0	0.00	0.0	0.000	0.343	27.9	92	26.5	34.1	21.19	1.1261	0.00	1198	8	100.0	60
23-06-30	6:00 a	26.6	26.6	26.4	98	26.3	0.0	NE	0.00	0.4	NE	26.6	31.5	31.5	31.1	1007.7	0.00	0.0	12	1.03	39	0.0	0.00	0.0	0.000	0.345	27.9	92	26.5	34.3	21.20	1.1265	0.00	1197	8	100.0	60
23-06-30	7:00 a	27.2	27.2	26.6	99	27.0	0.0	NE	0.00	0.4	NE	27.2	33.3	33.3	34.6	1008.0	0.00	0.0	71	6.11	109	0.2	0.09	0.7	0.000	0.368	28.2	92	26.8	35.1	21.21	1.1251	0.05	1198	8	100.0	60
23-06-30	8:00 a	28.4	28.4	27.2	99	28.3	0.0	NE	0.00	0.4	NE	28.4	37.6	37.6	40.6	1007.9	0.00	0.0	193	16.60	476	1.3	0.56	2.5	0.000	0.421	29.0	92	27.6	37.6	21.23	1.1202	0.13	1196	8	100.0	60
23-06-30	9:00 a	31.6	31.6	28.4	87	29.1	0.0	NE	0.00	0.9	NE	31.6	46.4	46.4	52.7	1008.1	0.00	0.0	534	45.93	666	3.8	1.63	4.7	0.000	0.551	30.0	89	28.0	39.9	19.35	1.1157	0.36	1194	8	100.0	60
23-06-30	10:00 a	32.3	32.8	31.6	80	28.4	0.4	SSE	1.61	1.8	SSE	32.3	45.4	45.4	52.4	1007.6	0.00	0.0	701	60.29	846	4.0	1.71	4.4	0.000	0.581	30.9	84	27.9	41.6	17.14	1.1118	0.48	1196	8	100.0	60
23-06-30	11:00 a	32.3	32.3	31.2	79	28.2	0.4	WSW	1.61	2.2	SSW	32.3	45.3	45.3	52.4	1007.8	0.00	0.0	717	61.67	940	6.4	2.74	10.4	0.000	0.583	31.0	82	27.6	40.8	16.44	1.1127	0.48	1199	8	100.0	60
23-06-30	12:00 p	32.7	33.0	31.9	78	28.4	0.4	SSW	1.61	2.7	SSE	32.7	46.6	46.6	53.8	1006.8	0.00	0.0	907	78.01	949	10.1	4.33	10.7	0.000	0.600	31.5	80	27.6	42.1	15.60	1.1096	0.58	1198	8	100.0	60
23-06-30	1:00 p	32.8	33.2	32.4	78	28.4	0.9	S	3.22	2.7	E	32.8	46.8	46.8	52.2	1006.0	0.00	0.0	460	39.57	888	9.7	4.16	10.6	0.000	0.602	31.8	82	28.4	44.8	16.38	1.1057	0.33	1198	8	100.0	60
23-06-30	2:00 p	33.1	33.2	32.3	84	30.0	0.4	SSE	1.61	2.2	S	33.1	53.8	53.8	60.6	1006.0	0.00	0.0	788	67.78	870	7.5	3.21	8.9	0.000	0.616	31.5	83	28.3	43.6	16.70	1.1072	0.53	1200	8	100.0	60
23-06-30	3:00 p	31.4	33.2	31.4	83	28.2	0.9	ESE	3.22	3.1	S	31.4	43.0	43.0	49.9	1005.4	0.00	0.0	625	53.76	751	4.7	2.01	6.2	0.000	0.544	31.0	85	28.2	42.2	17.48	1.1085	0.43	1195	8	100.0	60
23-06-30	4:00 p	30.4	31.4	30.4	87	28.0	0.4	SSE	1.61	3.1	SSE	30.4	41.2	41.2	45.1	1005.8	0.00	0.0	209	17.98	292	1.6	0.69	2.4	0.000	0.505	30.6	88	28.3	42.2	18.73	1.1102	0.15	1197	8	100.0	60
23-06-30	5:00 p	29.2	30.4	29.2	95	28.3	0.4	SSE	1.61	2.2	ESE	29.2	39.3	39.3	40.3	1006.5	0.00	0.0	45	3.87	98	0.0	0.00	0.6	0.000	0.454	30.2	89	28.2	40.8	19.32	1.1128	0.03	1197	8	100.0	60
23-06-30	6:00 p	28.1	29.2	28.1	92	26.6	0.4	NE	1.61	4.0	SSE	28.1	34.6	34.6	34.2	1007.5	0.25	0.0	6	0.52	35	0.0	0.00	0.0	0.000	0.405	29.3	86	26.7	36.9	18.06	1.1205	0.00	1199	8	100.0	60
23-06-30	7:00 p	27.3	28.1	27.3	95	26.5	0.0	ENE	0.00	0.9	ENE	27.3	32.9	32.9	32.4	1008.5	0.00	0.0	0	0.00	0	0.0	0.00	0.0	0.000	0.375	28.6	90	26.8	35.6	20.18	1.1245	0.00	1197	8	100.0	60
23-06-30	8:00 p	27.3	27.3	27.3	97	26.8	0.0	E	0.00	1.3	NNW	27.3	33.2	33.2	32.7	1008.7	1.02	10.2	0	0.00	0	0.0	0.00	0.0	0.000	0.373	28.7	91	27.1	36.4	20.75	1.1234	0.00	1192	8	100.0	60
23-06-30	9:00 p	27.1	27.3	27.1	97	26.5	0.0	N	0.00	0.4	N	27.1	32.6	32.6	32.0	1008.3	0.00	0.0	0	0.00	0	0.0	0.00	0.0	0.000	0.363	28.7	90	26.9	36.1	20.15	1.1234	0.00	1174	8	100.0	60
23-06-30	10:00 p	26.7	27.1	26.7	97	26.2	0.0	N	0.00	0.4	N	26.7	31.5	31.5	30.9	1008.3	0.00	0.0	0	0.00	0	0.0	0.00	0.0	0.000	0.347	28.4	90	26.6	35.2	20.19	1.1251	0.00	1174	8	100.0	60
23-06-30	11:00 p	26.5	26.7	26.4	98	26.2	0.0	---	0.00	0.0	---	26.5	31.2	31.2	30.7	1009.1	0.00	0.0	0	0.00	0	0.0	0.00	0.0	0.000	0.340	28.1	90	26.3	34.3	20.24	1.1279	0.00	1185	8	100.0	60
23-07-01	12:00 a	26.4	26.5	26.4	98	26.1	0.0	---	0.00	0.0	---	26.4	31.1	31.1	30.6	1009.0	0.00	0.0	0	0.00	0	0.0	0.00	0.0	0.000	0.338	28.1	90	26.3	34.3	20.24	1.1278	0.00	1179	8	100.0	60
23-07-01	1:00 a	26.2	26.4	26.2	98	25.9	0.0	---	0.00	0.0	---	26.2	30.5	30.5	29.9	1008.3	0.00	0.0	0	0.00	0	0.0	0.00	0.0	0.000	0.329	27.8	91	26.2	33.7	20.88	1.1282	0.00	1181	8	100.0	60
23-07-01	2:00 a	26.2	26.3	26.2	98	25.9	0.0	---	0.00	0.0	---	26.2	30.5	30.5	29.9	1007.5	0.00	0.0	0	0.00	0	0.0	0.00	0.0	0.000	0.329	27.8	91	26.2	33.6	20.89	1.1277	0.00	1180	8	100.0	60
23-07-01	3:00 a	26.3	26.3	26.2	98	25.9	0.0	ENE	0.00	0.9	ENE	26.3	30.7	30.7	30.1	1006.2	0.25	0.0	0	0.00	0	0.0	0.00	0.0	0.000	0.331	27.8	91	26.2	33.7	20.88	1.1258	0.00	1181	8	100.0	60
23-07-01	4:00 a	26.2	26.3	26.2	98	25.9	0.0	---	0.00	0.0	---	26.2	30.5	30.5	29.9	1005.7	0.00	0.0	0	0.00	0	0.0	0.00	0.0	0.000	0.329	27.8	91	26.2	33.6	20.89	1.1256	0.00	1196	8	100.0	60
23-07-01	5:00 a	26.0	26.3	26.0	98	25.7	0.0	E	0.00	1.3	E	26.0	29.9	29.9	29.4	1006.0	0.00	0.0	0	0.00	0	0.0	0.00	0.0	0.000	0.319	27.6	91	26.0	32.9	20.92	1.1272	0.00	1197	8	100.0	60
23-07-01	6:00 a	26.1	26.1	25.9	99	25.9	0.0	E	0.00	0.4	E	26.1	30.2	30.2	29.8	1007.4	0.00	0.0	11	0.95	37	0.0	0.00	0.0	0.000	0.322	27.4	92	26.0	32.8	21.18	1.1291	0.00	1199	8	100.0	60
23-07-01	7:00 a	26.8	26.8	26.0	99	26.6	0.0	E	0.00	0.4	E	26.8	32.2	32.2	33.1	1008.6	0.00	0.0	57	4.90	70	0.0	0.00	0.0	0.000	0.352	27.8	92	26.4	33.8	21.19	1.1285	0.03	1199	8	100.0	60
23-07-01	8:00 a	27.3	27.3	26.8	99	27.2	0.0	E	0.00	0.4	E	27.3	33.8	33.8	34.9	1009.1	0.00	0.0	89	7.65	105	0.6	0.26	0.9	0.000	0.375	28.2	92	26.7	34.9	21.20	1.1267	0.05	1198	8	100.0	60
23-07-01	9:00 a	27.5	27.6	27.3	99	27.3	0.0	E	0.00	0.4	E	27.5	34.3	34.3	35.3	1009.7	0.00	0.0	90	7.74	109	0.8	0.34	1.0	0.000	0.382	28.6	92	27.1	36.2	21.22	1.1250	0.05	1194	8	100.0	60
23-07-01	10:00 a	26.1	27.6	26.1	97	25.5	0.4	NW	1.61	1.8	W	26.1	30.0	30.0	29.8	1010.2	36.32	112.5	16	1.38	49	0.0	0.00	0.0	0.000	0.322	27.8	89	25.8	33.2	19.75	1.1316	0.00	1195	8	100.0	60
23-07-01	11:00 a	25.3	26.1	25.3	98	25.0	0.4	ENE	1.61	1.8	SSE	25.3	28.4	28.4	28.3	1009.6	9.14	73.9	19	1.63	40	0.0	0.00	0.0	0.000	0.292	27.4	89	25.4	32.1	19.82	1.1333	0.03	1194	8	100.0	60
23-07-01	12:00 p	26.1	26.1	25.3	99	25.9	0.0	ENE	0.00	0.9	ENE	26.1	30.3	30.3	31.1	1009.4	0.76	2.0	88	7.57	169	1.0	0.43	2.2	0.000	0.324	27.7	91	26.1	33.3	20.91	1.1305	0.05	1197	8	100.0	60
23-07-01	1:00 p	27.9	27.9	26.1	99	27.8	0.0	ENE	0.00	0.4	ENE	27.9	35.8	35.8	38.8	1008.1	0.00	0.0	249	21.42	281	3.1	1.33	3.5	0.000	0.400	28.2	91	26.6	34.7	20.83	1.1261	0.15	1196	8	100.0	60
23-07-01	2:00 p	28.0	28.1	27.6	96	27.3	0.0	ENE	0.00	0.9	ENE	28.0	35.3	35.3	38.7	1007.6	0.00	0.0	266	22.88	297	3.1	1.33	3.4	0.000	0.403	28.8	91	27.2	36.6	20.75	1.1217	0.18	1197	8	100.0	60
23-07-01	3:00 p	27.4	27.9	27.2	98	27.1	0.0	NE	0.00	0.4	NE	27.4	33.9	33.9	36.0	1007.3	0.00	0.0	145	12.47	199	1.5	0.64	2.2	0.000	0.380	28.9	90	27.1	36.8	20.12	1.1208	0.10	1197	8	100.0	60
23-07-01	4:00 p	27.5	27.6	27.3	98	27.2	0.0	NE	0.00	0.4	NE	27.5	34.1	34.1	36.6	1007.6	0.00	0.0	139	11.96	169	1.0	0.43	1.2	0.000	0.382	28.9	90	27.1	36.7	20.13	1.1215	0.08	1197	8	100.0	60
23-07-01	5:00 p	27.6	27.8	27.4	96	26.9	0.0	NE	0.00	0.9	NE	27.6	34.1	34.1	36.1	1008.4	0.00	0.0	90	7.74	156	0.3	0.13	0.9	0.000	0.387	28.8	90	27.0	36.3	20.15	1.1231	0.05	1196	8	100.0	60
23-07-01	6:00 p	26.9	27.6	26.9	96	26.2	0.0	NE	0.00	0.4	NE	26.9	31.9	31.9	31.4	1009.4	0.00	0.0	6	0.52	18	0.0	0.00	0.0	0.000	0.356	28.2	90	26.4	34.4	20.23	1.1279	0.00	1197	8	100.0	60
23-07-01	7:00 p	26.3	26.9	26.2	97	25.8	0.0	NE	0.00	0.4	NE	26.3	30.6	30.6	29.9	1009.7	0.00	0.0	0	0.00	0	0.0	0.00	0.0	0.000	0.331	27.7	90	25.9	33.2	20.30	1.1309	0.00	1199	8	100.0	60
23-07-01	8:00 p	25.9	26.3	25.9	97	25.4	0.0	NE	0.00	0.4	NE	25.9	29.7	29.7	29.1	1009.9	0.00	0.0	0	0.00	0	0.0	0.00	0.0	0.000	0.317	27.4	91	25.8	32.6	20.94	1.1325	0.00	1197	8	100.0	60
23-07-01	9:00 p	25.8	25.9	25.8	98	25.4	0.0	---	0.00	0.0	---	25.8	29.4	29.4	28.8	1009.8	0.00	0.0	0	0.00	0	0.0	0.00	0.0	0.000	0.310	27.3	91	25.7	32.3	20.95	1.1330	0.00	1200	8	100.0	60
23-07-01	10:00 p	25.6	25.8	25.6	98	25.2	0.0	NE	0.00	0.4	NE	25.6	28.9	28.9	28.2	1009.7	0.00	0.0	0	0.00	0	0.0	0.00	0.0	0.000	0.301	27.1	91	25.5	31.7	20.99	1.1342	0.00	1197	8	100.0	60
23-07-01	11:00 p	25.4	25.6	25.4	98	25.1	0.0	NE	0.00	0.4	NE	25.4	28.7	28.7	28.0	1009.7	0.00	0.0	0	0.00	0	0.0	0.00	0.0	0.000	0.296	27.1	91	25.5	31.6	20.99	1.1346	0.00	1199	8	100.0	60
23-07-02	12:00 a	25.3	25.5	25.3	98	25.0	0.0	---	0.00	0.0	---	25.3	28.4	28.4	27.7	1009.7	0.00	0.0	0	0.00	0	0.0	0.00	0.0	0.000	0.292	26.9	91	25.3	31.1	21.02	1.1355	0.00	1197	8	100.0	60
23-07-02	1:00 a	25.3	25.3	25.3	98	24.9	0.0	---	0.00	0.0	---	25.3	28.3	28.3	27.6	1009.2	0.00	0.0	0	0.00	0	0.0	0.00	0.0	0.000	0.289	26.8	92	25.4	31.2	21.16	1.1349	0.00	1195	8	100.0	60
23-07-02	2:00 a	25.3	25.3	25.3	99	25.1	0.0	---	0.00	0.0	---	25.3	28.4	28.4	27.7	1008.5	0.00	0.0	0	0.00	0	0.0	0.00	0.0	0.000	0.289	26.7	92	25.3	30.9	21.15	1.1348	0.00	1199	8	100.0	60
23-07-02	3:00 a	25.2	25.3	25.2	99	25.0	0.0	NE	0.00	0.4	NE	25.2	28.2	28.2	27.4	1007.7	0.00	0.0	0	0.00	0	0.0	0.00	0.0	0.000	0.285	26.7	92	25.3	30.7	21.15	1.1342	0.00	1197	8	100.0	60
23-07-02	4:00 a	24.9	25.2	24.9	99	24.7	0.0	---	0.00	0.0	---	24.9	27.6	27.6	26.9	1007.5	0.00	0.0	0	0.00	0	0.0	0.00	0.0	0.000	0.273	26.4	91	24.9	30.1	21.04	1.1357	0.00	1198	8	100.0	60
23-07-02	5:00 a	24.7	24.9	24.7	99	24.6	0.0	---	0.00	0.0	---	24.7	27.3	27.3	26.6	1007.9	0.00	0.0	0	0.00	0	0.0	0.00	0.0	0.000	0.266	26.3	91	24.7	29.8	21.04	1.1371	0.00	1196	8	100.0	60
23-07-02	6:00 a	24.6	24.7	24.6	99	24.4	0.0	---	0.00	0.0	---	24.6	27.1	27.1	26.5	1008.1	0.00	0.0	10	0.86	39	0.0	0.00	0.0	0.000	0.262	26.2	92	24.8	29.8	21.13	1.1373	0.00	1198	8	100.0	60
23-07-02	7:00 a	25.7	25.7	24.6	99	25.6	0.0	NE	0.00	0.4	NE	25.7	29.4	29.4	30.6	1009.2	0.00	0.0	70	6.02	81	0.0	0.00	0.5	0.000	0.308	26.7	93	25.5	31.0	21.25	1.1352	0.05	1196	8	100.0	60
23-07-02	8:00 a	26.5	26.5	25.7	99	26.3	0.0	NE	0.00	0.4	NE	26.5	31.4	31.4	32.6	1009.6	0.00	0.0	91	7.83	137	0.7	0.30	1.3	0.000	0.340	27.1	93	25.9	32.0	21.27	1.1333	0.05	1199	8	100.0	60
23-07-02	9:00 a	28.1	28.1	26.5	100	28.1	0.0	NE	0.00	0.4	NE	28.1	36.3	36.3	39.3	1010.5	0.00	0.0	228	19.61	311	2.3	0.99	3.4	0.000	0.405	27.8	93	26.6	34.2	21.29	1.1300	0.15	1199	8	100.0	60
23-07-02	10:00 a	29.3	29.3	28.1	94	28.2	0.4	NE	1.61	1.3	ESE	29.3	39.1	39.1	42.9	1010.4	0.00	0.0	309	26.58	450	4.1	1.76	4.9	0.000	0.456	28.6	93	27.4	36.6	21.32	1.1251	0.20	1196	8	100.0	60
23-07-02	11:00 a	31.0	31.1	29.3	83	27.8	0.4	SE	1.61	2.7	ESE	31.0	41.3	41.3	46.1	1010.3	0.00	0.0	407	35.01	844	6.0	2.57	10.8	0.000	0.528	29.2	90	27.4	37.6	20.08	1.1225	0.33	1198	8	100.0	60
23-07-02	12:00 p	31.3	31.7	30.4	79	27.2	0.4	E	1.61	3.6	ESE	31.3	40.7	40.7	46.4	1009.6	0.00	0.0	513	44.12	1085	7.9	3.39	12.0	0.000	0.539	29.7	88	27.5	38.4	18.83	1.1200	0.38	1196	8	100.0	60
23-07-02	1:00 p	29.2	32.0	29.2	89	27.2	0.9	SE	3.22	3.6	SE	29.2	37.4	37.4	41.0	1009.1	0.00	0.0	298	25.63	496	7.3	3.13	12.5	0.000	0.454	30.2	85	27.4	39.2	17.57	1.1178	0.23	1197	8	100.0	60
23-07-02	2:00 p	30.1	30.2	29.1	87	27.7	0.4	SE	1.61	2.2	SSE	30.1	39.7	39.7	43.2	1008.4	0.00	0.0	274	23.57	425	3.7	1.59	4.6	0.000	0.491	29.6	88	27.4	38.1	18.84	1.1193	0.18	1197	8	100.0	60
23-07-02	3:00 p	30.4	31.6	30.1	88	28.2	0.4	SE	1.61	3.1	E	30.4	41.4	41.4	47.9	1008.1	0.00	0.0	503	43.26	703	4.2	1.80	5.6	0.000	0.502	29.5	88	27.3	37.9	18.84	1.1193	0.33	1192	8	100.0	60
23-07-02	4:00 p	29.3	30.6	28.9	92	27.9	0.4	SSE	1.61	2.2	ESE	29.3	38.6	38.6	41.9	1008.4	0.00	0.0	178	15.31	343	1.4	0.60	2.6	0.000	0.458	29.4	88	27.2	37.7	18.85	1.1200	0.13	1194	8	100.0	60
23-07-02	5:00 p	27.6	29.5	27.6	93	26.3	0.4	NNE	1.61	1.3	N	27.6	33.3	33.3	35.5	1008.7	0.00	0.0	104	8.95	276	0.3	0.13	1.3	0.000	0.384	28.8	88	26.6	36.1	18.96	1.1240	0.08	1197	8	100.0	60
23-07-02	6:00 p	27.1	27.6	26.9	95	26.2	0.0	NNE	0.00	0.4	NNE	27.1	32.2	32.2	31.7	1009.1	0.00	0.0	14	1.20	42	0.0	0.00	0.0	0.000	0.363	28.6	89	26.6	35.4	19.61	1.1257	0.00	1198	8	100.0	60
23-07-02	7:00 p	26.1	27.1	26.1	95	25.2	0.9	SE	3.22	4.0	ESE	26.1	29.8	29.8	29.1	1010.6	1.52	18.5	0	0.00	0	0.0	0.00	0.0	0.000	0.322	27.7	88	25.5	32.7	19.17	1.1332	0.00	1199	8	100.0	60
23-07-02	8:00 p	25.6	26.1	25.6	97	25.1	0.4	ENE	1.61	3.1	E	25.6	28.9	28.9	28.2	1011.4	2.79	12.4	0	0.00	0	0.0	0.00	0.0	0.000	0.303	27.4	89	25.5	32.3	19.81	1.1351	0.00	1196	8	100.0	60
23-07-02	9:00 p	25.3	25.6	25.3	97	24.8	0.0	NE	0.00	1.3	NE	25.3	28.3	28.3	27.6	1013.5	11.43	42.9	0	0.00	0	0.0	0.00	0.0	0.000	0.292	27.1	90	25.3	31.5	20.39	1.1391	0.00	1196	8	100.0	60
23-07-02	10:00 p	24.8	25.3	24.8	97	24.3	0.0	NE	0.00	0.9	NE	24.8	27.4	27.4	26.6	1013.7	11.18	57.7	0	0.00	0	0.0	0.00	0.0	0.000	0.271	26.8	88	24.6	30.4	19.33	1.1421	0.00	1193	8	100.0	60
23-07-02	11:00 p	24.2	24.8	24.2	97	23.7	0.0	NE	0.00	0.9	NE	24.2	26.3	26.3	25.5	1012.3	6.10	22.4	0	0.00	0	0.0	0.00	0.0	0.000	0.243	26.3	89	24.3	29.5	19.95	1.1430	0.00	1194	8	100.0	60
23-07-03	12:00 a	23.9	24.2	23.9	98	23.6	0.0	NE	0.00	0.4	NE	23.9	26.0	26.0	25.2	1010.8	0.76	2.0	0	0.00	0	0.0	0.00	0.0	0.000	0.231	26.1	89	24.1	29.1	19.95	1.1426	0.00	1193	8	100.0	60
23-07-03	1:00 a	23.6	23.9	23.5	98	23.2	0.0	NE	0.00	1.3	ENE	23.6	25.5	25.5	24.6	1009.5	0.00	0.0	0	0.00	0	0.0	0.00	0.0	0.000	0.218	25.7	89	23.8	28.4	19.95	1.1430	0.00	1193	8	100.0	60
23-07-03	2:00 a	23.7	23.7	23.5	98	23.3	0.4	NW	1.61	3.1	NE	23.7	25.7	25.7	24.8	1008.2	0.00	0.0	0	0.00	0	0.0	0.00	0.0	0.000	0.222	25.6	90	23.8	28.3	20.45	1.1418	0.00	1192	8	100.0	60
23-07-03	3:00 a	23.7	23.7	23.6	98	23.3	0.0	NNE	0.00	0.9	NNE	23.7	25.7	25.7	24.8	1007.7	0.00	0.0	0	0.00	0	0.0	0.00	0.0	0.000	0.222	25.6	90	23.8	28.2	20.45	1.1415	0.00	1192	8	100.0	60
23-07-03	4:00 a	23.6	23.7	23.6	99	23.4	0.0	NNE	0.00	0.4	NNE	23.6	25.6	25.6	24.8	1007.3	0.00	0.0	0	0.00	0	0.0	0.00	0.0	0.000	0.220	25.5	90	23.7	28.1	20.45	1.1413	0.00	1191	8	100.0	60
23-07-03	5:00 a	23.6	23.7	23.6	99	23.4	0.0	NNE	0.00	0.9	NNE	23.6	25.6	25.6	24.7	1007.9	0.00	0.0	0	0.00	0	0.0	0.00	0.0	0.000	0.218	25.3	90	23.6	27.8	20.45	1.1431	0.00	1189	8	100.0	60
23-07-03	6:00 a	23.5	23.6	23.4	99	23.3	0.0	NNE	0.00	0.4	NNE	23.5	25.5	25.5	24.8	1008.7	0.00	0.0	7	0.60	26	0.0	0.00	0.0	0.000	0.215	25.3	90	23.6	27.8	20.45	1.1440	0.00	1188	8	100.0	60
23-07-03	7:00 a	24.5	24.6	23.5	99	24.3	0.0	NW	0.00	0.4	NW	24.5	26.9	26.9	28.2	1009.7	0.00	0.0	75	6.45	137	0.2	0.09	0.7	0.000	0.257	25.9	92	24.5	29.1	21.12	1.1412	0.05	1178	8	100.0	60
23-07-03	8:00 a	25.7	25.7	24.5	99	25.5	0.0	NW	0.00	0.4	NW	25.7	29.3	29.3	31.9	1010.3	0.00	0.0	177	15.22	338	1.3	0.56	2.2	0.000	0.306	26.7	93	25.4	30.9	21.25	1.1368	0.10	1176	8	100.0	60
23-07-03	9:00 a	27.8	27.8	25.7	99	27.6	0.4	NW	1.61	0.9	NW	27.8	35.2	35.2	40.7	1010.9	0.00	0.0	459	39.48	766	3.5	1.50	5.2	0.000	0.394	27.9	92	26.5	34.3	21.20	1.1302	0.28	1195	8	100.0	60
23-07-03	10:00 a	29.8	29.8	27.8	90	28.0	0.4	NW	1.61	1.3	SE	29.8	39.5	39.5	45.9	1011.0	0.00	0.0	595	51.18	744	4.1	1.76	4.7	0.000	0.477	29.0	89	27.0	36.8	19.53	1.1252	0.38	1189	8	100.0	60
23-07-03	11:00 a	30.3	30.4	29.4	90	28.5	0.4	SE	1.61	1.8	SSE	30.3	42.1	42.1	48.8	1011.2	0.00	0.0	644	55.39	816	6.2	2.66	7.9	0.000	0.500	29.8	84	26.8	37.7	17.22	1.1227	0.43	1193	8	100.0	60
23-07-03	12:00 p	30.2	31.6	29.8	89	28.2	0.4	SW	1.61	1.8	SW	30.2	41.1	41.1	48.1	1011.1	0.00	0.0	688	59.18	1016	8.4	3.60	11.2	0.000	0.495	30.2	85	27.4	39.4	17.57	1.1198	0.46	1192	8	100.0	60
23-07-03	1:00 p	29.7	30.2	29.7	88	27.5	0.4	SSE	1.61	1.8	SSE	29.7	38.4	38.4	42.9	1010.3	0.00	0.0	377	32.43	471	5.3	2.27	7.0	0.000	0.472	30.0	85	27.2	38.4	17.59	1.1202	0.25	1194	8	100.0	60
23-07-03	2:00 p	30.4	30.5	28.9	82	27.0	0.4	S	1.61	1.3	ESE	30.4	39.3	39.3	43.8	1009.9	0.00	0.0	369	31.74	745	4.8	2.06	7.2	0.000	0.505	29.9	85	27.1	38.3	17.60	1.1200	0.28	1194	8	100.0	60
23-07-03	3:00 p	29.0	30.6	28.8	92	27.6	0.4	SSE	1.61	1.8	S	29.0	37.6	37.6	41.8	1009.3	0.00	0.0	293	25.20	575	3.4	1.46	5.7	0.000	0.444	29.6	88	27.4	38.1	18.84	1.1203	0.20	1195	8	100.0	60
23-07-03	4:00 p	29.0	29.6	28.7	91	27.4	0.0	NNE	0.00	1.3	NNE	29.0	37.3	37.3	41.2	1008.9	0.00	0.0	212	18.23	329	1.5	0.64	2.0	0.000	0.444	29.5	88	27.3	37.9	18.84	1.1203	0.13	1191	8	100.0	60
23-07-03	5:00 p	28.1	29.0	28.1	95	27.2	0.0	NNE	0.00	0.9	NNE	28.1	35.5	35.5	38.1	1008.8	0.00	0.0	119	10.24	171	0.5	0.21	1.1	0.000	0.407	29.2	89	27.2	37.4	19.49	1.1213	0.08	1193	8	100.0	60
23-07-03	6:00 p	26.6	28.1	26.6	97	26.1	0.0	ENE	0.00	0.4	ENE	26.6	31.4	31.4	30.9	1009.4	0.00	0.0	24	2.06	83	0.0	0.00	0.0	0.000	0.345	28.9	88	26.7	36.2	18.95	1.1245	0.03	1194	8	100.0	60
23-07-03	7:00 p	26.1	26.6	26.1	98	25.7	0.0	---	0.00	0.0	---	26.1	30.1	30.1	29.4	1010.3	0.00	0.0	0	0.00	0	0.0	0.00	0.0	0.000	0.322	28.2	89	26.2	34.2	19.68	1.1295	0.00	1199	8	100.0	60
23-07-03	8:00 p	26.0	26.2	25.9	98	25.7	0.0	---	0.00	0.0	---	26.0	29.9	29.9	29.2	1010.7	0.00	0.0	0	0.00	0	0.0	0.00	0.0	0.000	0.319	27.9	89	26.0	33.7	19.72	1.1313	0.00	1196	8	100.0	60
23-07-03	9:00 p	26.1	26.1	25.9	98	25.7	0.0	---	0.00	0.0	---	26.1	30.1	30.1	29.4	1011.4	0.00	0.0	0	0.00	0	0.0	0.00	0.0	0.000	0.322	27.8	90	26.0	33.6	20.28	1.1323	0.00	1196	8	100.0	60
23-07-03	10:00 p	26.0	26.1	26.0	98	25.7	0.0	---	0.00	0.0	---	26.0	29.9	29.9	29.2	1011.3	0.00	0.0	0	0.00	0	0.0	0.00	0.0	0.000	0.319	27.7	90	25.9	33.1	20.31	1.1332	0.00	1197	8	100.0	60
23-07-03	11:00 p	25.9	26.1	25.9	98	25.5	0.0	---	0.00	0.0	---	25.9	29.7	29.7	28.9	1010.8	0.00	0.0	0	0.00	0	0.0	0.00	0.0	0.000	0.315	27.5	90	25.7	32.6	20.33	1.1337	0.00	1198	8	100.0	60
23-07-04	12:00 a	25.8	25.9	25.8	98	25.4	0.0	ENE	0.00	0.4	ENE	25.8	29.4	29.4	28.7	1010.8	0.00	0.0	0	0.00	0	0.0	0.00	0.0	0.000	0.310	27.3	91	25.7	32.3	20.95	1.1342	0.00	1197	8	100.0	60
23-07-04	1:00 a	25.7	25.8	25.7	98	25.4	0.0	ENE	0.00	0.4	ENE	25.7	29.3	29.3	28.5	1010.2	0.00	0.0	0	0.00	0	0.0	0.00	0.0	0.000	0.308	27.3	91	25.7	32.1	20.96	1.1338	0.00	1196	8	100.0	60
23-07-04	2:00 a	25.4	25.7	25.4	98	25.1	0.0	---	0.00	0.0	---	25.4	28.7	28.7	27.9	1009.7	0.00	0.0	0	0.00	0	0.0	0.00	0.0	0.000	0.296	27.1	91	25.5	31.6	20.99	1.1346	0.00	1199	8	100.0	60
23-07-04	3:00 a	25.2	25.5	25.2	98	24.9	0.0	---	0.00	0.0	---	25.2	28.2	28.2	27.4	1009.5	0.00	0.0	0	0.00	0	0.0	0.00	0.0	0.000	0.287	26.8	91	25.2	30.8	21.03	1.1360	0.00	1196	8	100.0	60
23-07-04	4:00 a	25.1	25.2	25.0	98	24.7	0.0	---	0.00	0.0	---	25.1	27.8	27.8	27.1	1009.4	0.00	0.0	0	0.00	0	0.0	0.00	0.0	0.000	0.280	26.7	91	25.1	30.6	21.05	1.1365	0.00	1186	8	100.0	60
23-07-04	5:00 a	24.9	25.1	24.9	98	24.6	0.0	---	0.00	0.0	---	24.9	27.6	27.6	26.8	1009.4	0.00	0.0	0	0.00	0	0.0	0.00	0.0	0.000	0.275	26.6	91	25.0	30.3	21.05	1.1372	0.00	1185	8	100.0	60
23-07-04	6:00 a	24.9	25.0	24.9	98	24.6	0.0	---	0.00	0.0	---	24.9	27.6	27.6	26.9	1009.6	0.00	0.0	6	0.52	14	0.0	0.00	0.0	0.000	0.275	26.5	91	24.9	30.2	21.04	1.1377	0.00	1190	8	100.0	60
23-07-04	7:00 a	25.7	25.7	24.9	99	25.5	0.0	---	0.00	0.0	---	25.7	29.3	29.3	29.7	1010.6	0.00	0.0	39	3.35	130	0.1	0.04	0.8	0.000	0.306	27.1	92	25.7	31.8	21.17	1.1349	0.03	1195	8	100.0	60
23-07-04	8:00 a	26.8	26.8	25.7	99	26.7	0.0	ENE	0.00	0.9	ENE	26.8	32.3	32.3	34.4	1011.1	0.00	0.0	144	12.39	557	1.5	0.64	3.1	0.000	0.354	28.4	91	26.8	35.5	20.79	1.1278	0.10	1195	8	100.0	60
23-07-04	9:00 a	28.0	28.0	26.8	97	27.5	0.0	SSE	0.00	1.3	ESE	28.0	35.6	35.6	38.3	1011.9	0.00	0.0	210	18.06	615	2.6	1.11	3.9	0.000	0.403	28.8	91	27.2	36.6	20.75	1.1267	0.15	1197	8	100.0	60
23-07-04	10:00 a	29.8	29.8	28.0	87	27.4	0.0	SSE	0.00	1.3	SSW	29.8	38.7	38.7	43.0	1011.6	0.00	0.0	364	31.31	947	3.7	1.59	4.5	0.000	0.479	29.2	89	27.2	37.4	19.49	1.1246	0.25	1194	8	100.0	60
23-07-04	11:00 a	30.4	32.8	29.8	83	27.2	0.4	SSW	1.61	2.7	SW	30.4	39.6	39.6	46.9	1011.8	0.00	0.0	854	73.45	1025	6.5	2.79	10.5	0.000	0.505	30.6	84	27.6	40.6	17.17	1.1187	0.56	1195	8	100.0	60
23-07-04	12:00 p	31.4	32.3	29.7	80	27.5	0.4	SSW	1.61	2.7	SSW	31.4	41.6	41.6	48.4	1011.2	0.00	0.0	659	56.68	1072	8.6	3.69	11.4	0.000	0.544	30.3	85	27.5	39.8	17.55	1.1192	0.43	1200	8	100.0	60
23-07-04	1:00 p	32.2	32.9	31.3	78	27.9	0.9	SSW	3.22	3.1	SSE	32.2	44.3	44.3	49.7	1009.9	0.00	0.0	474	40.77	993	10.0	4.29	10.9	0.000	0.579	30.8	82	27.4	40.4	16.45	1.1162	0.36	1194	8	100.0	60
23-07-04	2:00 p	32.1	32.6	31.7	80	28.2	0.4	SSW	1.61	2.2	SSW	32.1	44.5	44.5	51.2	1009.4	0.00	0.0	800	68.81	986	7.8	3.34	9.9	0.000	0.572	30.7	82	27.3	40.1	16.46	1.1163	0.53	1196	8	100.0	60
23-07-04	3:00 p	30.9	32.2	30.9	82	27.5	0.4	S	1.61	2.7	E	30.9	40.7	40.7	47.5	1008.6	0.00	0.0	554	47.65	717	4.5	1.93	6.2	0.000	0.525	30.0	84	27.0	38.2	17.21	1.1187	0.36	1199	8	100.0	60
23-07-04	4:00 p	30.3	31.4	30.0	88	28.1	0.4	SE	1.61	2.7	ESE	30.3	40.9	40.9	46.9	1008.8	0.00	0.0	381	32.77	522	2.1	0.90	3.1	0.000	0.498	29.4	87	27.1	37.4	18.45	1.1209	0.25	1199	8	100.0	60
23-07-04	5:00 p	28.9	30.3	28.9	92	27.5	0.4	S	1.61	2.2	S	28.9	37.2	37.2	39.4	1008.8	0.00	0.0	98	8.43	269	0.5	0.21	1.0	0.000	0.440	29.7	87	27.3	38.3	18.42	1.1192	0.08	1197	8	100.0	60
23-07-04	6:00 p	27.8	28.9	27.8	96	27.1	0.0	ENE	0.00	0.9	ENE	27.8	34.8	34.8	34.5	1009.4	0.00	0.0	28	2.41	72	0.0	0.00	0.0	0.000	0.396	29.0	89	27.0	36.8	19.53	1.1233	0.03	1198	8	100.0	60
23-07-04	7:00 p	27.6	27.8	27.5	96	26.9	0.0	ENE	0.00	0.4	ENE	27.6	33.9	33.9	33.3	1010.3	0.00	0.0	0	0.00	0	0.0	0.00	0.0	0.000	0.384	28.8	89	26.8	36.1	19.57	1.1257	0.00	1199	8	100.0	60
23-07-04	8:00 p	27.3	27.6	27.3	96	26.6	0.0	---	0.00	0.0	---	27.3	33.0	33.0	32.3	1010.3	0.00	0.0	0	0.00	0	0.0	0.00	0.0	0.000	0.373	28.8	90	27.0	36.3	20.15	1.1253	0.00	1195	8	100.0	60
23-07-04	9:00 p	26.8	27.3	26.8	96	26.1	0.0	ENE	0.00	0.4	ENE	26.8	31.8	31.8	31.1	1011.0	0.00	0.0	0	0.00	0	0.0	0.00	0.0	0.000	0.354	28.3	90	26.5	34.7	20.22	1.1292	0.00	1192	8	100.0	60
23-07-04	10:00 p	26.7	26.8	26.7	97	26.2	0.0	ENE	0.00	0.9	ENE	26.7	31.7	31.7	31.0	1011.3	0.00	0.0	0	0.00	0	0.0	0.00	0.0	0.000	0.350	28.3	90	26.5	34.7	20.22	1.1296	0.00	1196	8	100.0	60
23-07-04	11:00 p	26.7	26.7	26.7	98	26.4	0.0	ENE	0.00	2.2	N	26.7	31.8	31.8	31.2	1011.1	0.76	2.5	0	0.00	0	0.0	0.00	0.0	0.000	0.350	28.2	91	26.6	34.8	20.83	1.1292	0.00	1196	8	100.0	60
23-07-05	12:00 a	26.6	26.7	26.6	97	26.0	0.0	SE	0.00	0.4	SE	26.6	31.2	31.2	30.6	1010.7	0.76	3.8	0	0.00	0	0.0	0.00	0.0	0.000	0.343	28.1	91	26.4	34.4	20.85	1.1297	0.00	1195	8	100.0	60
23-07-05	1:00 a	26.2	26.6	26.2	97	25.7	0.0	SE	0.00	0.4	SE	26.2	30.2	30.2	29.6	1010.3	0.00	0.0	0	0.00	0	0.0	0.00	0.0	0.000	0.326	27.7	91	26.1	33.4	20.90	1.1313	0.00	1193	8	100.0	60
23-07-05	2:00 a	25.9	26.2	25.9	98	25.6	0.0	---	0.00	0.0	---	25.9	29.8	29.8	29.2	1009.5	0.00	0.0	0	0.00	0	0.0	0.00	0.0	0.000	0.317	27.5	90	25.7	32.6	20.33	1.1320	0.00	1195	8	100.0	60
23-07-05	3:00 a	25.8	25.9	25.8	98	25.4	0.0	ESE	0.00	1.3	SE	25.8	29.4	29.4	28.7	1009.2	0.25	0.0	0	0.00	0	0.0	0.00	0.0	0.000	0.310	27.4	90	25.6	32.3	20.35	1.1325	0.00	1196	8	100.0	60
23-07-05	4:00 a	25.4	25.8	25.4	98	25.1	0.0	---	0.00	0.0	---	25.4	28.7	28.7	27.9	1009.2	0.00	0.0	0	0.00	0	0.0	0.00	0.0	0.000	0.296	27.1	90	25.3	31.5	20.39	1.1341	0.00	1194	8	100.0	60
23-07-05	5:00 a	25.2	25.4	25.2	98	24.8	0.0	SE	0.00	0.4	SE	25.2	28.1	28.1	27.3	1009.3	0.00	0.0	0	0.00	0	0.0	0.00	0.0	0.000	0.285	26.8	91	25.2	31.0	21.03	1.1355	0.00	1198	8	100.0	60
23-07-05	6:00 a	25.1	25.2	25.0	98	24.7	0.0	SE	0.00	0.4	SE	25.1	27.8	27.8	27.2	1009.6	0.00	0.0	9	0.77	33	0.0	0.00	0.0	0.000	0.280	26.8	91	25.2	30.8	21.03	1.1361	0.00	1197	8	100.0	60
23-07-05	7:00 a	25.8	25.8	25.1	99	25.7	0.0	SE	0.00	0.4	SE	25.8	29.7	29.7	30.6	1010.3	0.00	0.0	56	4.82	91	0.1	0.04	0.5	0.000	0.313	27.1	92	25.7	31.8	21.17	1.1346	0.03	1196	8	100.0	60
23-07-05	8:00 a	26.8	26.8	25.8	99	26.6	0.0	SE	0.00	0.4	SE	26.8	32.2	32.2	33.8	1010.6	0.00	0.0	116	9.98	144	0.9	0.39	1.2	0.000	0.352	27.7	91	26.1	33.4	20.90	1.1316	0.08	1196	8	100.0	60
23-07-05	9:00 a	28.4	28.4	26.8	98	28.0	0.0	SE	0.00	0.4	SE	28.4	37.1	37.1	39.8	1010.9	0.00	0.0	212	18.23	308	2.0	0.86	3.0	0.000	0.419	28.3	92	26.9	35.4	21.21	1.1278	0.13	1197	8	100.0	60
23-07-05	10:00 a	28.7	29.8	28.4	94	27.6	0.0	S	0.00	0.9	S	28.7	37.1	37.1	41.1	1010.8	0.00	0.0	330	28.38	592	3.7	1.59	4.3	0.000	0.431	29.0	90	27.2	37.0	20.11	1.1245	0.20	1197	8	100.0	60
23-07-05	11:00 a	31.0	31.5	28.7	86	28.4	0.4	S	1.61	1.8	SSW	31.0	42.8	42.8	49.8	1010.9	0.00	0.0	686	59.00	1056	6.8	2.91	10.5	0.000	0.528	30.2	87	27.8	40.2	18.37	1.1185	0.46	1197	8	100.0	60
23-07-05	12:00 p	30.1	31.3	30.0	91	28.5	0.4	SW	1.61	1.8	SE	30.1	41.3	41.3	46.6	1010.4	0.00	0.0	448	38.53	1158	6.6	2.83	11.0	0.000	0.491	30.4	85	27.6	40.1	17.55	1.1179	0.33	1196	8	100.0	60
23-07-05	1:00 p	28.9	30.1	28.8	92	27.5	0.4	ESE	1.61	3.1	ESE	28.9	37.4	37.4	40.3	1009.6	0.00	0.0	234	20.13	406	3.2	1.37	5.1	0.000	0.442	29.7	88	27.5	38.6	18.82	1.1196	0.15	1198	8	100.0	60
23-07-05	2:00 p	26.0	28.9	25.9	97	25.5	0.4	SE	1.61	2.2	SE	26.0	29.8	29.8	30.0	1009.4	55.88	206.0	40	3.44	162	0.3	0.13	2.3	0.000	0.319	28.8	87	26.5	35.9	18.52	1.1253	0.03	1196	8	100.0	60
23-07-05	3:00 p	25.6	26.0	25.6	98	25.2	0.4	SE	1.61	2.2	S	25.6	28.9	28.9	28.8	1009.5	45.97	164.3	20	1.72	37	0.0	0.00	0.0	0.000	0.301	27.9	88	25.8	33.4	19.12	1.1302	0.03	1193	8	100.0	60
23-07-05	4:00 p	26.1	26.1	25.6	99	25.9	0.0	---	0.00	0.0	---	26.1	30.2	30.2	31.4	1009.0	0.76	14.0	72	6.19	107	0.4	0.17	0.7	0.000	0.322	27.9	90	26.2	33.8	20.27	1.1289	0.05	1197	8	100.0	60
23-07-05	5:00 p	26.3	26.4	26.1	98	26.0	0.0	---	0.00	0.0	---	26.3	30.8	30.8	32.5	1009.2	0.00	0.0	80	6.88	105	0.2	0.09	0.6	0.000	0.333	28.1	90	26.3	34.3	20.24	1.1281	0.05	1199	8	100.0	60
23-07-05	6:00 p	26.0	26.4	26.0	98	25.7	0.0	---	0.00	0.0	---	26.0	29.9	29.9	29.6	1009.7	0.00	0.0	19	1.63	51	0.0	0.00	0.0	0.000	0.319	27.8	90	26.0	33.4	20.29	1.1307	0.03	1197	8	100.0	60
23-07-05	7:00 p	25.7	26.0	25.7	98	25.3	0.0	N	0.00	0.4	N	25.7	29.2	29.2	28.5	1010.0	0.00	0.0	0	0.00	0	0.0	0.00	0.0	0.000	0.306	27.4	90	25.7	32.4	20.34	1.1330	0.00	1197	8	100.0	60
23-07-05	8:00 p	25.6	25.7	25.6	98	25.3	0.0	---	0.00	0.0	---	25.6	29.0	29.0	28.3	1010.5	0.00	0.0	0	0.00	0	0.0	0.00	0.0	0.000	0.303	27.2	91	25.6	31.9	20.97	1.1346	0.00	1199	8	100.0	60
23-07-05	9:00 p	25.6	25.7	25.6	99	25.4	0.0	---	0.00	0.0	---	25.6	29.0	29.0	28.3	1010.2	0.00	0.0	0	0.00	0	0.0	0.00	0.0	0.000	0.301	27.1	91	25.5	31.7	20.99	1.1349	0.00	1198	8	100.0	60
23-07-05	10:00 p	25.3	25.6	25.3	99	25.1	0.0	N	0.00	0.4	N	25.3	28.4	28.4	27.7	1010.8	0.00	0.0	0	0.00	0	0.0	0.00	0.0	0.000	0.289	26.9	91	25.3	31.3	21.01	1.1365	0.00	1198	8	100.0	60
23-07-05	11:00 p	25.1	25.3	25.1	98	24.7	0.0	---	0.00	0.0	---	25.1	27.8	27.8	27.1	1010.5	0.00	0.0	0	0.00	0	0.0	0.00	0.0	0.000	0.280	26.7	91	25.1	30.7	21.04	1.1375	0.00	1198	8	100.0	60
23-07-06	12:00 a	24.9	25.1	24.8	99	24.7	0.0	---	0.00	0.0	---	24.9	27.6	27.6	26.9	1010.1	0.00	0.0	0	0.00	0	0.0	0.00	0.0	0.000	0.273	26.6	91	25.0	30.3	21.05	1.1380	0.00	1199	8	100.0	60
23-07-06	1:00 a	24.7	24.9	24.7	99	24.6	0.0	---	0.00	0.0	---	24.7	27.3	27.3	26.6	1009.7	0.00	0.0	0	0.00	0	0.0	0.00	0.0	0.000	0.266	26.3	91	24.7	29.9	21.04	1.1388	0.00	1196	8	100.0	60
23-07-06	2:00 a	24.6	24.7	24.6	99	24.4	0.0	---	0.00	0.0	---	24.6	27.0	27.0	26.3	1008.9	0.00	0.0	0	0.00	0	0.0	0.00	0.0	0.000	0.259	26.3	91	24.7	29.9	21.04	1.1380	0.00	1197	8	100.0	60
23-07-06	3:00 a	24.4	24.6	24.4	99	24.3	0.0	---	0.00	0.0	---	24.4	26.8	26.8	26.1	1008.5	0.00	0.0	0	0.00	0	0.0	0.00	0.0	0.000	0.255	26.1	91	24.5	29.4	21.03	1.1388	0.00	1196	8	100.0	60
23-07-06	4:00 a	24.4	24.6	24.4	99	24.3	0.0	---	0.00	0.0	---	24.4	26.8	26.8	26.1	1008.4	0.00	0.0	0	0.00	0	0.0	0.00	0.0	0.000	0.255	26.0	91	24.4	29.2	21.03	1.1393	0.00	1198	8	100.0	60
23-07-06	5:00 a	24.4	24.5	24.3	99	24.2	0.0	---	0.00	0.0	---	24.4	26.7	26.7	26.0	1008.4	0.00	0.0	0	0.00	0	0.0	0.00	0.0	0.000	0.252	25.9	91	24.4	29.1	21.02	1.1397	0.00	1199	8	100.0	60
23-07-06	6:00 a	24.4	24.4	24.3	99	24.3	0.0	---	0.00	0.0	---	24.4	26.8	26.8	26.2	1009.2	0.00	0.0	10	0.86	37	0.0	0.00	0.0	0.000	0.255	25.9	92	24.5	29.1	21.12	1.1406	0.00	1196	8	100.0	60
23-07-06	7:00 a	25.7	25.7	24.4	99	25.6	0.0	---	0.00	0.0	---	25.7	29.4	29.4	30.8	1009.7	0.00	0.0	81	6.97	156	0.2	0.09	0.7	0.000	0.308	26.6	93	25.4	30.8	21.25	1.1364	0.05	1198	8	100.0	60
23-07-06	8:00 a	26.9	26.9	25.7	99	26.8	0.0	ESE	0.00	0.9	N	26.9	32.6	32.6	35.6	1010.5	0.00	0.0	190	16.34	288	1.2	0.51	1.9	0.000	0.359	27.6	93	26.3	33.3	21.28	1.1316	0.13	1198	8	100.0	60
23-07-06	9:00 a	28.8	29.4	26.9	90	27.0	0.4	ESE	1.61	3.1	SSE	28.8	36.3	36.3	41.7	1010.6	0.00	0.0	443	38.10	816	3.0	1.29	4.9	0.000	0.435	28.4	92	27.0	35.8	21.21	1.1268	0.28	1195	8	100.0	60
23-07-06	10:00 a	29.7	29.7	28.3	91	28.0	0.4	ENE	1.61	3.1	SSE	29.7	39.5	39.5	44.3	1010.7	0.00	0.0	402	34.58	807	3.7	1.59	5.2	0.000	0.472	28.9	91	27.3	37.1	20.72	1.1243	0.28	1198	8	100.0	60
23-07-06	11:00 a	30.4	31.7	29.5	83	27.2	0.9	E	3.22	3.6	S	30.4	39.6	39.6	46.8	1010.3	0.00	0.0	766	65.88	1114	5.9	2.53	9.2	0.000	0.505	29.9	88	27.7	39.4	18.80	1.1191	0.51	1199	8	100.0	60
23-07-06	12:00 p	30.7	31.8	30.2	84	27.7	0.9	ESE	3.22	4.5	SE	30.7	40.7	40.7	48.0	1010.1	0.00	0.0	780	67.09	1299	8.8	3.77	11.6	0.000	0.514	30.4	86	27.8	40.6	17.95	1.1171	0.53	1198	8	100.0	60
23-07-06	1:00 p	26.7	30.6	26.6	98	26.3	0.4	SE	1.61	4.5	SE	26.7	31.7	31.7	33.1	1009.7	1.78	10.7	131	11.27	461	1.9	0.81	6.4	0.000	0.347	29.3	88	27.1	37.3	18.88	1.1225	0.10	1199	8	100.0	60
23-07-06	2:00 p	28.6	28.6	26.5	93	27.4	0.0	NE	0.00	1.8	NE	28.6	36.6	36.6	38.6	1009.0	0.25	1.3	159	13.68	612	2.3	0.99	6.5	0.000	0.428	28.9	89	26.9	36.4	19.55	1.1236	0.13	1199	8	100.0	60
23-07-06	3:00 p	28.4	29.5	28.2	87	26.0	0.4	SE	1.61	4.0	SE	28.4	34.5	34.5	39.3	1008.5	0.00	0.0	346	29.76	747	3.4	1.46	6.0	0.000	0.419	29.1	89	27.1	37.1	19.51	1.1217	0.23	1197	8	100.0	60
23-07-06	4:00 p	27.5	28.4	27.0	96	26.8	0.4	SE	1.61	3.1	S	27.5	33.7	33.7	36.2	1008.7	0.25	0.0	134	11.53	380	1.0	0.43	2.3	0.000	0.382	28.8	89	26.8	36.3	19.56	1.1236	0.10	1198	8	100.0	60
23-07-06	5:00 p	27.4	28.1	27.4	97	26.9	0.0	E	0.00	2.2	ESE	27.4	33.7	33.7	36.2	1008.9	0.00	0.0	120	10.32	223	0.5	0.21	1.1	0.000	0.380	28.7	90	26.9	35.9	20.16	1.1244	0.08	1199	8	100.0	60
23-07-06	6:00 p	26.8	27.4	26.7	96	26.1	0.4	ESE	1.61	1.8	ESE	26.8	31.8	31.8	31.2	1009.3	0.00	0.0	10	0.86	33	0.0	0.00	0.0	0.000	0.354	28.3	89	26.3	34.7	19.65	1.1273	0.00	1199	8	100.0	60
23-07-06	7:00 p	25.9	26.8	25.9	96	25.3	0.4	WNW	1.61	2.2	NNE	25.9	29.6	29.6	28.8	1010.9	20.07	78.7	0	0.00	0	0.0	0.00	0.0	0.000	0.317	27.8	89	25.8	33.2	19.75	1.1325	0.00	1198	8	100.0	60
23-07-06	8:00 p	24.5	25.9	24.5	96	23.8	0.4	N	1.61	4.5	WNW	24.5	26.8	26.8	25.9	1012.7	29.97	99.6	0	0.00	0	0.0	0.00	0.0	0.000	0.257	26.8	86	24.2	30.2	18.34	1.1418	0.00	1196	8	100.0	60
23-07-06	9:00 p	23.6	24.5	23.5	98	23.3	0.9	NW	3.22	4.5	NNE	23.6	25.6	25.6	24.7	1012.1	24.38	89.2	0	0.00	0	0.0	0.00	0.0	0.000	0.220	25.8	87	23.4	28.4	18.85	1.1465	0.00	1193	8	100.0	60
23-07-06	10:00 p	23.7	23.7	23.6	98	23.3	0.9	N	3.22	6.7	NNW	23.7	25.7	25.7	24.7	1012.5	4.83	7.9	0	0.00	0	0.0	0.00	0.0	0.000	0.222	25.8	88	23.6	28.4	19.41	1.1466	0.00	1198	8	100.0	60
23-07-06	11:00 p	23.6	23.7	23.6	98	23.2	0.4	ENE	1.61	4.0	NE	23.6	25.5	25.5	24.6	1011.8	4.06	6.9	0	0.00	0	0.0	0.00	0.0	0.000	0.218	25.7	89	23.7	28.3	19.95	1.1461	0.00	1197	8	100.0	60
23-07-07	12:00 a	23.5	23.6	23.4	98	23.2	0.0	S	0.00	0.9	W	23.5	25.4	25.4	24.5	1009.6	2.29	3.3	0	0.00	0	0.0	0.00	0.0	0.000	0.215	25.4	90	23.6	27.9	20.45	1.1447	0.00	1199	8	100.0	60
23-07-07	1:00 a	23.5	23.5	23.4	98	23.2	0.4	E	1.61	4.0	N	23.5	25.4	25.4	24.5	1008.0	0.51	2.0	0	0.00	0	0.0	0.00	0.0	0.000	0.215	25.4	90	23.6	27.9	20.45	1.1429	0.00	1196	8	100.0	60
23-07-07	2:00 a	23.3	23.5	23.3	98	23.0	0.0	E	0.00	0.4	E	23.3	25.2	25.2	24.3	1008.0	0.00	0.0	0	0.00	0	0.0	0.00	0.0	0.000	0.208	25.2	90	23.4	27.5	20.45	1.1442	0.00	1198	8	100.0	60
23-07-07	3:00 a	23.3	23.4	23.3	99	23.1	0.0	NE	0.00	1.3	ENE	23.3	25.2	25.2	24.3	1006.7	0.00	0.0	0	0.00	0	0.0	0.00	0.0	0.000	0.206	25.2	90	23.4	27.5	20.45	1.1426	0.00	1198	8	100.0	60
23-07-07	4:00 a	23.2	23.3	23.2	99	23.0	0.0	SSW	0.00	2.2	SSE	23.2	25.1	25.1	24.2	1006.5	0.00	0.0	0	0.00	0	0.0	0.00	0.0	0.000	0.201	25.0	90	23.2	27.2	20.45	1.1434	0.00	1197	8	100.0	60
23-07-07	5:00 a	23.1	23.2	23.1	99	22.9	0.0	SSE	0.00	1.3	SSE	23.1	25.1	25.1	24.1	1007.8	0.00	0.0	0	0.00	0	0.0	0.00	0.0	0.000	0.199	24.9	90	23.2	27.2	20.45	1.1452	0.00	1197	8	100.0	60
23-07-07	6:00 a	23.3	23.3	23.1	99	23.1	0.0	SE	0.00	0.4	SE	23.3	25.2	25.2	24.4	1008.5	0.00	0.0	6	0.52	23	0.0	0.00	0.0	0.000	0.206	24.9	91	23.3	27.1	20.99	1.1460	0.00	1200	8	100.0	60
23-07-07	7:00 a	23.9	23.9	23.3	99	23.7	0.0	SE	0.00	0.4	SE	23.9	26.0	26.0	26.4	1009.4	0.00	0.0	42	3.61	77	0.0	0.00	0.0	0.000	0.231	25.3	92	23.9	27.8	21.10	1.1443	0.03	1198	8	100.0	60
23-07-07	8:00 a	25.1	25.1	23.9	100	25.1	0.0	SE	0.00	0.4	SE	25.1	28.0	28.0	29.6	1010.1	0.00	0.0	114	9.81	207	0.8	0.34	1.7	0.000	0.280	25.9	92	24.5	29.1	21.12	1.1416	0.08	1198	8	100.0	60
23-07-07	9:00 a	27.0	27.1	25.1	97	26.5	0.4	ENE	1.61	1.3	ENE	27.0	32.4	32.4	36.4	1010.1	0.00	0.0	318	27.35	538	2.7	1.16	3.5	0.000	0.361	26.9	93	25.7	31.4	21.26	1.1352	0.20	1197	8	100.0	60
23-07-07	10:00 a	28.6	28.7	27.0	93	27.3	0.4	ENE	1.61	1.8	NE	28.6	36.4	36.4	40.9	1010.3	0.00	0.0	380	32.68	478	4.3	1.84	4.8	0.000	0.426	27.7	92	26.3	33.6	21.19	1.1308	0.25	1195	8	100.0	60
23-07-07	11:00 a	30.8	30.8	28.5	87	28.4	0.4	ENE	1.61	2.7	NNE	30.8	42.6	42.6	49.3	1010.2	0.00	0.0	640	55.05	981	7.0	3.00	10.8	0.000	0.519	28.9	89	26.9	36.6	19.54	1.1246	0.46	1197	8	100.0	60
23-07-07	12:00 p	31.2	31.2	29.9	77	26.7	0.4	ENE	1.61	3.6	W	31.2	39.7	39.7	47.0	1009.3	0.00	0.0	810	69.67	981	9.6	4.11	10.7	0.000	0.537	29.5	81	25.9	36.1	16.15	1.1240	0.51	1195	8	100.0	60
23-07-07	1:00 p	31.7	32.6	31.3	83	28.4	0.4	WNW	1.61	2.7	N	31.7	44.4	44.4	50.1	1008.7	0.00	0.0	499	42.92	863	9.7	4.16	10.5	0.000	0.556	30.0	83	26.8	37.9	16.81	1.1194	0.33	1196	8	100.0	60
23-07-07	2:00 p	32.2	32.4	30.3	80	28.3	0.4	W	1.61	3.1	SW	32.2	44.9	44.9	51.9	1008.2	0.00	0.0	741	63.73	868	7.5	3.21	8.5	0.000	0.576	30.0	80	26.2	37.1	15.71	1.1202	0.51	1194	8	100.0	60
23-07-07	3:00 p	29.6	32.3	29.6	85	26.8	0.9	SW	3.22	3.6	W	29.6	37.3	37.3	44.0	1007.6	0.00	0.0	533	45.84	826	4.7	2.01	6.9	0.000	0.470	29.4	80	25.6	35.8	15.75	1.1228	0.38	1197	8	100.0	60
23-07-07	4:00 p	28.8	29.9	28.8	90	27.0	0.0	W	0.00	2.2	SSE	28.8	36.5	36.5	41.1	1007.4	0.00	0.0	254	21.85	552	2.0	0.86	3.0	0.000	0.438	29.2	84	26.2	36.1	17.27	1.1224	0.18	1196	8	100.0	60
23-07-07	5:00 p	28.1	29.1	28.1	94	27.1	0.0	W	0.00	0.4	W	28.1	35.3	35.3	38.0	1008.1	0.00	0.0	137	11.78	274	0.6	0.26	1.3	0.000	0.407	29.1	87	26.7	36.6	18.49	1.1221	0.10	1194	8	100.0	60
23-07-07	6:00 p	26.3	28.1	26.3	97	25.8	0.0	---	0.00	0.0	---	26.3	30.7	30.7	30.2	1008.7	0.00	0.0	24	2.06	67	0.0	0.00	0.0	0.000	0.333	28.3	88	26.2	34.5	19.05	1.1270	0.03	1197	8	100.0	60
23-07-07	7:00 p	25.8	26.3	25.7	96	25.1	0.0	---	0.00	0.0	---	25.8	29.2	29.2	28.4	1009.2	0.00	0.0	0	0.00	0	0.0	0.00	0.0	0.000	0.310	27.7	88	25.5	32.7	19.17	1.1316	0.00	1196	8	100.0	60
23-07-07	8:00 p	25.4	25.8	25.4	96	24.7	0.0	---	0.00	0.0	---	25.4	28.3	28.3	27.5	1009.6	0.00	0.0	0	0.00	0	0.0	0.00	0.0	0.000	0.294	27.2	89	25.2	31.6	19.85	1.1343	0.00	1195	8	100.0	60
23-07-07	9:00 p	25.2	25.4	25.2	96	24.5	0.0	---	0.00	0.0	---	25.2	27.9	27.9	27.1	1009.7	0.00	0.0	0	0.00	0	0.0	0.00	0.0	0.000	0.285	26.9	89	24.9	30.8	19.91	1.1364	0.00	1198	8	100.0	60
23-07-07	10:00 p	24.9	25.2	24.9	97	24.4	0.0	---	0.00	0.0	---	24.9	27.6	27.6	26.7	1009.8	0.00	0.0	0	0.00	0	0.0	0.00	0.0	0.000	0.275	26.7	89	24.8	30.4	19.94	1.1375	0.00	1195	8	100.0	60
23-07-07	11:00 p	24.6	24.9	24.6	97	24.1	0.0	---	0.00	0.0	---	24.6	27.0	27.0	26.1	1009.8	0.00	0.0	0	0.00	0	0.0	0.00	0.0	0.000	0.262	26.4	89	24.4	29.7	19.95	1.1395	0.00	1197	8	100.0	60
23-07-08	12:00 a	24.5	24.6	24.4	97	24.0	0.0	---	0.00	0.0	---	24.5	26.8	26.8	25.9	1009.5	0.00	0.0	0	0.00	0	0.0	0.00	0.0	0.000	0.257	26.3	90	24.5	29.6	20.45	1.1394	0.00	1197	8	100.0	60
23-07-08	1:00 a	24.4	24.6	24.4	97	23.9	0.0	---	0.00	0.0	---	24.4	26.7	26.7	25.8	1008.7	0.00	0.0	0	0.00	0	0.0	0.00	0.0	0.000	0.252	26.1	90	24.3	29.3	20.45	1.1395	0.00	1195	8	100.0	60
23-07-08	2:00 a	24.3	24.4	24.3	98	24.0	0.0	---	0.00	0.0	---	24.3	26.6	26.6	25.7	1008.3	0.00	0.0	0	0.00	0	0.0	0.00	0.0	0.000	0.250	26.1	91	24.5	29.3	21.03	1.1389	0.00	1199	8	100.0	60
23-07-08	3:00 a	24.4	24.5	24.3	98	24.1	0.0	---	0.00	0.0	---	24.4	26.8	26.8	25.9	1008.1	0.00	0.0	0	0.00	0	0.0	0.00	0.0	0.000	0.255	26.0	91	24.4	29.2	21.03	1.1390	0.00	1198	8	100.0	60
23-07-08	4:00 a	24.3	24.5	24.3	98	24.0	0.0	SSE	0.00	0.4	SSE	24.3	26.6	26.6	25.7	1007.9	0.00	0.0	0	0.00	0	0.0	0.00	0.0	0.000	0.250	25.9	91	24.4	29.1	21.02	1.1391	0.00	1197	8	100.0	60
23-07-08	5:00 a	24.2	24.4	24.2	98	23.8	0.0	SSE	0.00	0.4	SSE	24.2	26.4	26.4	25.5	1008.0	0.00	0.0	0	0.00	0	0.0	0.00	0.0	0.000	0.243	25.7	91	24.1	28.6	21.02	1.1405	0.00	1197	8	100.0	60
23-07-08	6:00 a	24.0	24.2	24.0	98	23.7	0.0	---	0.00	0.0	---	24.0	26.1	26.1	25.3	1008.5	0.00	0.0	6	0.52	14	0.0	0.00	0.0	0.000	0.236	25.7	91	24.1	28.5	21.01	1.1415	0.00	1195	8	100.0	60
23-07-08	7:00 a	24.8	24.8	24.0	99	24.6	0.0	SSE	0.00	0.4	SSE	24.8	27.4	27.4	27.4	1009.2	0.00	0.0	21	1.81	30	0.0	0.00	0.0	0.000	0.269	26.4	92	25.0	30.1	21.14	1.1376	0.03	1194	8	100.0	60
23-07-08	8:00 a	26.3	26.3	24.8	99	26.2	0.0	SSE	0.00	0.9	SSE	26.3	30.9	30.9	32.3	1010.3	0.00	0.0	103	8.86	550	0.8	0.34	2.8	0.000	0.333	27.7	92	26.3	33.6	21.19	1.1308	0.08	1198	8	100.0	60
23-07-08	9:00 a	27.1	27.3	26.3	98	26.7	0.0	SSE	0.00	0.9	SSE	27.1	32.7	32.7	35.2	1011.0	0.00	0.0	196	16.86	615	2.4	1.03	5.2	0.000	0.363	28.3	90	26.5	34.7	20.22	1.1292	0.15	1198	8	100.0	60
23-07-08	10:00 a	30.6	30.6	27.0	89	28.6	0.4	NE	1.61	1.8	WNW	30.6	42.9	42.9	49.3	1010.6	0.00	0.0	581	49.97	969	3.9	1.67	5.2	0.000	0.512	29.4	86	26.9	37.2	18.05	1.1235	0.38	1196	8	100.0	60
23-07-08	11:00 a	32.8	32.8	30.7	81	29.1	0.4	S	1.61	3.6	WSW	32.8	48.8	48.8	55.8	1010.0	0.00	0.0	935	80.42	960	7.0	3.00	11.0	0.000	0.602	30.6	84	27.5	40.4	17.17	1.1170	0.63	1199	8	100.0	60
23-07-08	12:00 p	32.2	33.2	31.9	80	28.3	0.9	SSW	3.22	2.7	W	32.2	44.9	44.9	51.9	1009.5	0.00	0.0	932	80.16	979	10.8	4.63	11.3	0.000	0.576	30.8	82	27.3	40.3	16.45	1.1160	0.58	1197	8	100.0	60
23-07-08	1:00 p	32.3	32.8	31.9	78	27.9	0.9	S	3.22	3.1	SSE	32.3	44.6	44.6	49.4	1009.2	0.00	0.0	412	35.44	1002	10.3	4.41	11.3	0.000	0.581	30.9	79	26.9	39.5	15.29	1.1163	0.33	1196	8	100.0	60
23-07-08	2:00 p	31.9	32.8	31.9	80	28.1	0.4	SSE	1.61	2.2	SW	31.9	44.1	44.1	51.2	1008.9	0.00	0.0	850	73.11	904	8.2	3.51	9.6	0.000	0.567	30.8	81	27.1	39.8	16.05	1.1159	0.58	1193	8	100.0	60
23-07-08	3:00 p	29.7	32.2	29.7	88	27.5	0.4	SSE	1.61	2.7	S	29.7	38.4	38.4	44.3	1008.0	0.00	0.0	435	37.41	844	3.9	1.67	6.7	0.000	0.472	30.2	84	27.2	38.8	17.20	1.1170	0.33	1195	8	100.0	60
23-07-08	4:00 p	28.1	29.7	28.1	95	27.2	0.0	SSE	0.00	0.9	SSE	28.1	35.3	35.3	36.3	1008.1	0.00	0.0	61	5.25	153	0.4	0.17	1.5	0.000	0.405	29.8	87	27.4	38.5	18.41	1.1181	0.05	1197	8	100.0	60
23-07-08	5:00 p	27.7	28.1	27.7	95	26.8	0.0	---	0.00	0.0	---	27.7	34.2	34.2	34.4	1008.5	0.00	0.0	20	1.72	26	0.0	0.00	0.0	0.000	0.391	29.3	88	27.1	37.4	18.87	1.1208	0.03	1198	8	100.0	60
23-07-08	6:00 p	27.3	27.8	27.3	95	26.4	0.0	---	0.00	0.0	---	27.3	32.8	32.8	32.3	1008.7	0.00	0.0	4	0.34	12	0.0	0.00	0.0	0.000	0.373	28.7	89	26.7	35.9	19.58	1.1242	0.00	1193	8	100.0	60
23-07-08	7:00 p	26.8	27.3	26.8	96	26.1	0.0	SE	0.00	0.4	SE	26.8	31.6	31.6	31.1	1008.8	0.00	0.0	0	0.00	0	0.0	0.00	0.0	0.000	0.352	28.4	89	26.5	35.1	19.63	1.1261	0.00	1197	8	100.0	60
23-07-08	8:00 p	26.4	26.8	26.3	96	25.7	0.0	---	0.00	0.0	---	26.4	30.7	30.7	30.1	1009.2	0.00	0.0	0	0.00	0	0.0	0.00	0.0	0.000	0.336	28.2	89	26.2	34.2	19.68	1.1282	0.00	1199	8	100.0	60
23-07-08	9:00 p	25.9	26.4	25.9	96	25.2	0.0	---	0.00	0.0	---	25.9	29.4	29.4	28.9	1009.6	0.00	0.0	0	0.00	0	0.0	0.00	0.0	0.000	0.315	27.6	89	25.6	32.7	19.78	1.1320	0.00	1198	8	100.0	60
23-07-08	10:00 p	25.5	25.9	25.5	96	24.8	0.0	---	0.00	0.0	---	25.5	28.6	28.6	27.9	1009.7	0.00	0.0	0	0.00	0	0.0	0.00	0.0	0.000	0.299	27.2	89	25.2	31.6	19.85	1.1344	0.00	1198	8	100.0	60
23-07-08	11:00 p	25.3	25.5	25.2	97	24.8	0.0	---	0.00	0.0	---	25.3	28.2	28.2	27.6	1009.6	0.00	0.0	0	0.00	0	0.0	0.00	0.0	0.000	0.289	27.1	90	25.3	31.4	20.39	1.1349	0.00	1198	8	100.0	60
23-07-09	12:00 a	25.1	25.3	25.0	97	24.5	0.0	---	0.00	0.0	---	25.1	27.8	27.8	27.2	1009.4	0.00	0.0	0	0.00	0	0.0	0.00	0.0	0.000	0.280	26.8	90	25.1	30.8	20.43	1.1359	0.00	1198	8	100.0	60
23-07-09	1:00 a	24.8	25.1	24.8	97	24.3	0.0	---	0.00	0.0	---	24.8	27.4	27.4	26.8	1009.0	0.00	0.0	0	0.00	0	0.0	0.00	0.0	0.000	0.271	26.6	90	24.8	30.2	20.45	1.1372	0.00	1197	8	100.0	60
23-07-09	2:00 a	24.7	24.8	24.7	98	24.4	0.0	---	0.00	0.0	---	24.7	27.3	27.3	26.7	1008.8	0.00	0.0	0	0.00	0	0.0	0.00	0.0	0.000	0.266	26.4	90	24.6	29.9	20.45	1.1380	0.00	1195	8	100.0	60
23-07-09	3:00 a	24.7	24.7	24.7	98	24.3	0.0	SE	0.00	0.4	SE	24.7	27.2	27.2	26.6	1008.6	0.00	0.0	0	0.00	0	0.0	0.00	0.0	0.000	0.264	26.3	90	24.5	29.6	20.45	1.1383	0.00	1195	8	100.0	60
23-07-09	4:00 a	24.6	24.7	24.6	98	24.3	0.0	---	0.00	0.0	---	24.6	27.1	27.1	26.4	1008.1	0.00	0.0	0	0.00	0	0.0	0.00	0.0	0.000	0.262	26.2	91	24.6	29.6	21.03	1.1377	0.00	1198	8	100.0	60
23-07-09	5:00 a	24.7	24.7	24.6	98	24.3	0.0	---	0.00	0.0	---	24.7	27.2	27.2	26.6	1008.8	0.00	0.0	0	0.00	0	0.0	0.00	0.0	0.000	0.264	26.2	91	24.6	29.6	21.03	1.1385	0.00	1198	8	100.0	60
23-07-09	6:00 a	24.9	25.0	24.6	99	24.8	0.0	---	0.00	0.0	---	24.9	27.7	27.7	27.3	1009.2	0.00	0.0	10	0.86	23	0.0	0.00	0.0	0.000	0.275	26.3	92	24.9	30.0	21.14	1.1379	0.00	1197	8	100.0	60
23-07-09	7:00 a	25.4	25.4	24.9	99	25.2	0.0	---	0.00	0.0	---	25.4	28.7	28.7	28.9	1009.6	0.00	0.0	30	2.58	37	0.0	0.00	0.0	0.000	0.294	26.6	92	25.2	30.6	21.15	1.1367	0.03	1200	8	100.0	60
23-07-09	8:00 a	26.8	26.8	25.3	99	26.6	0.0	SE	0.00	0.4	SE	26.8	32.2	32.2	34.0	1010.0	0.00	0.0	127	10.92	515	0.9	0.39	3.0	0.000	0.352	27.7	92	26.2	33.4	21.19	1.1309	0.08	1198	8	100.0	60
23-07-09	9:00 a	29.9	29.9	26.8	89	27.9	0.0	SE	0.00	0.9	SE	29.9	39.6	39.6	45.5	1010.5	0.00	0.0	497	42.75	835	3.8	1.63	6.2	0.000	0.481	29.2	88	27.0	37.1	18.89	1.1237	0.33	1199	8	100.0	60
23-07-09	10:00 a	29.9	30.1	29.8	90	28.1	0.0	S	0.00	0.4	S	29.9	39.9	39.9	42.1	1010.4	0.00	0.0	188	16.17	394	3.3	1.41	4.0	0.000	0.481	29.2	88	27.0	37.1	18.89	1.1237	0.13	1197	8	100.0	60
23-07-09	11:00 a	31.8	31.8	29.8	81	28.2	0.0	SW	0.00	1.8	SSW	31.8	44.2	44.2	49.8	1009.9	0.00	0.0	489	42.06	1056	6.3	2.70	11.2	0.000	0.563	29.7	84	26.7	37.3	17.23	1.1222	0.36	1198	8	100.0	60
23-07-09	12:00 p	32.7	32.8	31.8	77	28.2	0.4	SSE	1.61	3.1	WSW	32.7	46.1	46.1	53.3	1009.6	0.00	0.0	889	76.46	1097	10.8	4.63	11.8	0.000	0.600	30.4	81	26.8	38.9	16.08	1.1187	0.56	1196	8	100.0	60
23-07-09	1:00 p	32.8	33.2	32.1	78	28.4	0.9	SSW	3.22	2.7	SW	32.8	46.8	46.8	52.3	1008.6	0.00	0.0	479	41.20	925	10.7	4.59	11.3	0.000	0.602	30.9	80	27.0	39.7	15.65	1.1154	0.33	1194	8	100.0	60
23-07-09	2:00 p	31.3	33.1	31.3	81	27.7	0.9	SW	3.22	2.7	W	31.3	41.8	41.8	48.9	1008.1	0.00	0.0	849	73.02	962	8.0	3.43	9.7	0.000	0.542	30.8	81	27.2	40.0	16.05	1.1146	0.53	1197	8	100.0	60
23-07-09	3:00 p	30.2	32.3	30.2	85	27.4	0.9	ESE	3.22	3.1	SSE	30.2	39.2	39.2	45.8	1007.6	0.00	0.0	528	45.41	914	4.4	1.89	7.2	0.000	0.493	30.4	85	27.6	40.1	17.55	1.1147	0.36	1191	8	100.0	60
23-07-09	4:00 p	30.4	31.2	30.1	83	27.2	0.9	SE	3.22	3.1	ESE	30.4	39.6	39.6	46.2	1007.5	0.00	0.0	414	35.61	735	2.2	0.94	3.8	0.000	0.505	29.8	85	27.0	38.0	17.61	1.1180	0.28	1195	8	100.0	60
23-07-09	5:00 p	29.3	30.4	29.3	89	27.3	0.4	SE	1.61	3.1	SSE	29.3	37.7	37.7	41.0	1007.3	0.00	0.0	157	13.50	260	0.5	0.21	1.2	0.000	0.458	29.7	86	27.1	37.8	18.03	1.1183	0.10	1199	8	100.0	60
23-07-09	6:00 p	27.4	29.3	27.4	97	26.9	0.0	NNE	0.00	1.3	ENE	27.4	33.6	33.6	33.0	1007.7	1.52	7.9	8	0.69	47	0.0	0.00	0.0	0.000	0.377	29.4	88	27.2	37.7	18.85	1.1192	0.00	1195	8	100.0	60
23-07-09	7:00 p	27.3	27.5	27.3	96	26.6	0.0	NNE	0.00	0.4	NNE	27.3	33.0	33.0	32.3	1008.1	0.51	2.0	0	0.00	0	0.0	0.00	0.0	0.000	0.373	29.0	89	27.0	36.8	19.53	1.1218	0.00	1199	8	100.0	60
23-07-09	8:00 p	27.1	27.3	27.1	97	26.5	0.0	NNE	0.00	0.4	NNE	27.1	32.6	32.6	31.8	1008.7	0.00	0.0	0	0.00	0	0.0	0.00	0.0	0.000	0.363	28.7	90	26.9	36.1	20.15	1.1238	0.00	1198	8	100.0	60
23-07-09	9:00 p	26.9	27.1	26.8	97	26.4	0.0	NNE	0.00	0.4	NNE	26.9	32.1	32.1	31.4	1009.4	0.76	4.3	0	0.00	0	0.0	0.00	0.0	0.000	0.356	28.4	90	26.6	35.2	20.19	1.1262	0.00	1196	8	100.0	60
23-07-09	10:00 p	26.4	26.9	26.4	97	25.9	0.0	NNE	0.00	0.9	NNE	26.4	30.9	30.9	30.2	1009.7	0.00	0.0	0	0.00	0	0.0	0.00	0.0	0.000	0.338	28.1	90	26.3	34.3	20.24	1.1286	0.00	1194	8	100.0	60
23-07-09	11:00 p	26.3	26.4	26.3	98	26.0	0.0	NNE	0.00	0.4	NNE	26.3	30.8	30.8	30.0	1009.6	0.00	0.0	0	0.00	0	0.0	0.00	0.0	0.000	0.333	28.0	90	26.2	34.0	20.26	1.1292	0.00	1195	8	100.0	60
23-07-10	12:00 a	26.3	26.4	26.3	98	25.9	0.4	ESE	1.61	1.8	ESE	26.3	30.7	30.7	29.9	1009.8	0.00	0.0	0	0.00	0	0.0	0.00	0.0	0.000	0.331	27.9	90	26.2	33.8	20.27	1.1298	0.00	1199	8	100.0	60
23-07-10	1:00 a	26.2	26.3	26.2	98	25.9	0.0	NE	0.00	1.8	NE	26.2	30.5	30.5	29.7	1007.6	0.00	0.0	0	0.00	0	0.0	0.00	0.0	0.000	0.329	27.8	90	26.0	33.4	20.29	1.1283	0.00	1191	8	100.0	60
23-07-10	2:00 a	25.9	26.2	25.9	98	25.6	0.0	---	0.00	0.0	---	25.9	29.8	29.8	29.1	1008.6	0.00	0.0	0	0.00	0	0.0	0.00	0.0	0.000	0.317	27.6	91	26.0	32.9	20.92	1.1303	0.00	1190	8	100.0	60
23-07-10	3:00 a	25.7	25.9	25.7	98	25.4	0.0	---	0.00	0.0	---	25.7	29.3	29.3	28.5	1007.6	1.02	12.4	0	0.00	0	0.0	0.00	0.0	0.000	0.308	27.3	90	25.5	32.1	20.35	1.1309	0.00	1197	8	100.0	60
23-07-10	4:00 a	25.6	25.7	25.6	98	25.2	0.0	---	0.00	0.0	---	25.6	28.9	28.9	28.1	1007.4	0.00	0.0	0	0.00	0	0.0	0.00	0.0	0.000	0.301	27.2	91	25.6	31.9	20.97	1.1309	0.00	1197	8	100.0	60
23-07-10	5:00 a	25.6	25.6	25.5	98	25.2	0.0	---	0.00	0.0	---	25.6	28.9	28.9	28.1	1007.6	0.00	0.0	0	0.00	0	0.0	0.00	0.0	0.000	0.301	27.1	91	25.5	31.7	20.99	1.1318	0.00	1190	8	100.0	60
23-07-10	6:00 a	25.4	25.6	25.3	98	25.1	0.0	---	0.00	0.0	---	25.4	28.6	28.6	27.8	1008.3	0.25	0.0	6	0.52	28	0.0	0.00	0.0	0.000	0.294	26.9	91	25.3	31.3	21.01	1.1336	0.00	1199	8	100.0	60
23-07-10	7:00 a	26.2	26.2	25.4	99	26.0	0.0	---	0.00	0.0	---	26.2	30.5	30.5	31.7	1009.2	0.00	0.0	72	6.19	100	0.0	0.00	0.5	0.000	0.326	27.2	92	25.8	32.1	21.17	1.1326	0.05	1197	8	100.0	60
23-07-10	8:00 a	27.1	27.1	26.2	99	26.9	0.0	---	0.00	0.0	---	27.1	32.9	32.9	34.7	1009.7	0.00	0.0	123	10.58	216	0.8	0.34	1.8	0.000	0.363	27.7	92	26.3	33.6	21.19	1.1301	0.08	1198	8	100.0	60
23-07-10	9:00 a	29.4	29.6	27.1	92	28.0	0.0	NE	0.00	0.9	NE	29.4	39.0	39.0	43.4	1010.1	0.00	0.0	349	30.02	459	3.1	1.33	4.2	0.000	0.463	28.8	91	27.2	36.8	20.74	1.1243	0.23	1198	8	100.0	60
23-07-10	10:00 a	30.4	30.7	29.4	87	28.0	0.4	NE	1.61	1.3	SW	30.4	41.0	41.0	46.8	1010.0	0.00	0.0	510	43.87	747	4.2	1.80	4.8	0.000	0.502	29.7	89	27.7	38.8	19.41	1.1200	0.33	1199	8	100.0	60
23-07-10	11:00 a	30.6	31.3	30.3	85	27.8	0.4	S	1.61	2.7	SSE	30.6	40.9	40.9	47.7	1009.4	0.00	0.0	648	55.74	800	6.0	2.57	7.9	0.000	0.512	30.2	88	28.0	40.6	18.77	1.1164	0.43	1200	8	100.0	60
23-07-10	12:00 p	30.5	31.0	29.6	86	27.9	0.4	SE	1.61	3.1	SE	30.5	41.0	41.0	45.7	1009.1	0.00	0.0	389	33.46	663	6.8	2.91	8.6	0.000	0.507	30.4	87	28.0	41.0	18.35	1.1155	0.28	1193	8	100.0	60
23-07-10	1:00 p	31.0	31.6	30.4	88	28.8	0.9	SE	3.22	3.1	ESE	31.0	43.9	43.9	49.1	1008.2	0.00	0.0	439	37.76	786	8.5	3.64	9.3	0.000	0.528	30.8	85	28.0	41.4	17.51	1.1130	0.30	1195	8	100.0	60
23-07-10	2:00 p	31.6	32.1	30.9	82	28.1	0.9	SE	3.22	4.0	SE	31.6	43.3	43.3	50.3	1007.5	0.00	0.0	689	59.26	1027	7.3	3.13	9.0	0.000	0.551	30.9	84	27.9	41.6	17.14	1.1118	0.46	1196	8	100.0	60
23-07-10	3:00 p	30.4	31.8	30.0	87	28.0	0.9	SE	3.22	4.0	SE	30.4	41.2	41.2	47.2	1007.6	0.00	0.0	435	37.41	879	4.3	1.84	6.7	0.000	0.505	30.6	86	27.9	41.3	17.93	1.1133	0.33	1195	8	100.0	60
23-07-10	4:00 p	28.7	31.1	28.7	94	27.6	0.4	SE	1.61	3.1	SSE	28.7	37.1	37.1	41.1	1007.8	0.00	0.0	217	18.66	598	1.7	0.73	3.6	0.000	0.431	30.3	87	27.9	40.7	18.35	1.1143	0.15	1197	8	100.0	60
23-07-10	5:00 p	27.9	28.6	27.8	98	27.5	0.0	SE	0.00	0.4	SE	27.9	35.4	35.4	36.4	1007.8	0.00	0.0	48	4.13	67	0.0	0.00	0.0	0.000	0.398	29.9	89	27.9	39.6	19.37	1.1160	0.03	1198	8	100.0	60
23-07-10	6:00 p	27.3	27.9	27.3	97	26.8	0.0	ENE	0.00	0.9	ENE	27.3	33.4	33.4	33.1	1007.8	0.00	0.0	14	1.20	39	0.0	0.00	0.0	0.000	0.375	29.4	89	27.4	37.8	19.46	1.1191	0.00	1197	8	100.0	60
23-07-10	7:00 p	27.1	27.4	27.1	97	26.5	0.0	NW	0.00	1.3	NE	27.1	32.6	32.6	32.0	1008.3	0.00	0.0	0	0.00	0	0.0	0.00	0.0	0.000	0.363	28.9	89	26.9	36.4	19.55	1.1228	0.00	1197	8	100.0	60
23-07-10	8:00 p	26.6	27.1	26.6	96	25.9	0.0	NE	0.00	0.9	NE	26.6	31.2	31.2	30.6	1008.1	0.00	0.0	0	0.00	0	0.0	0.00	0.0	0.000	0.345	28.5	89	26.5	35.2	19.62	1.1249	0.00	1197	8	100.0	60
23-07-10	9:00 p	26.2	26.6	26.2	97	25.7	0.0	---	0.00	0.0	---	26.2	30.4	30.4	29.8	1008.6	0.00	0.0	0	0.00	0	0.0	0.00	0.0	0.000	0.329	27.9	89	25.9	33.5	19.73	1.1292	0.00	1198	8	100.0	60
23-07-10	10:00 p	25.7	26.2	25.7	97	25.2	0.0	NE	0.00	0.4	NE	25.7	29.1	29.1	28.4	1008.5	0.00	0.0	0	0.00	0	0.0	0.00	0.0	0.000	0.306	27.4	89	25.5	32.3	19.81	1.1317	0.00	1200	8	100.0	60
23-07-10	11:00 p	25.4	25.7	25.4	97	24.9	0.0	---	0.00	0.0	---	25.4	28.4	28.4	27.8	1008.1	0.00	0.0	0	0.00	0	0.0	0.00	0.0	0.000	0.294	27.2	90	25.4	31.7	20.38	1.1324	0.00	1198	8	100.0	60
23-07-11	12:00 a	25.1	25.4	25.1	97	24.6	0.0	---	0.00	0.0	---	25.1	27.9	27.9	27.2	1007.4	0.00	0.0	0	0.00	0	0.0	0.00	0.0	0.000	0.282	26.9	90	25.1	31.0	20.42	1.1333	0.00	1199	8	100.0	60
23-07-11	1:00 a	24.8	25.2	24.8	97	24.3	0.0	---	0.00	0.0	---	24.8	27.4	27.4	26.7	1006.8	0.00	0.0	0	0.00	0	0.0	0.00	0.0	0.000	0.271	26.6	90	24.8	30.3	20.45	1.1343	0.00	1197	8	100.0	60
23-07-11	2:00 a	24.6	24.8	24.6	97	24.1	0.0	---	0.00	0.0	---	24.6	27.0	27.0	26.3	1006.7	0.00	0.0	0	0.00	0	0.0	0.00	0.0	0.000	0.262	26.3	90	24.5	29.6	20.45	1.1361	0.00	1193	8	100.0	60
23-07-11	3:00 a	24.4	24.6	24.4	97	23.9	0.0	---	0.00	0.0	---	24.4	26.7	26.7	26.1	1007.4	0.00	0.0	0	0.00	0	0.0	0.00	0.0	0.000	0.255	26.2	90	24.5	29.5	20.45	1.1373	0.00	1197	8	100.0	60
23-07-11	4:00 a	24.3	24.5	24.3	98	24.0	0.0	---	0.00	0.0	---	24.3	26.6	26.6	25.9	1007.0	0.00	0.0	0	0.00	0	0.0	0.00	0.0	0.000	0.250	26.1	91	24.5	29.3	21.03	1.1374	0.00	1192	8	100.0	60
23-07-11	5:00 a	24.3	24.4	24.3	98	24.0	0.0	---	0.00	0.0	---	24.3	26.6	26.6	25.9	1008.0	0.00	0.0	0	0.00	0	0.0	0.00	0.0	0.000	0.250	26.0	91	24.4	29.2	21.03	1.1389	0.00	1195	8	100.0	60
23-07-11	6:00 a	24.7	24.7	24.3	99	24.5	0.0	NE	0.00	0.4	NE	24.7	27.2	27.2	26.7	1008.4	0.00	0.0	6	0.52	25	0.0	0.00	0.0	0.000	0.264	26.2	92	24.8	29.7	21.13	1.1380	0.00	1195	8	100.0	60
23-07-11	7:00 a	25.9	26.0	24.7	99	25.8	0.0	NNE	0.00	0.9	NNE	25.9	29.9	29.9	30.7	1009.7	0.00	0.0	50	4.30	105	0.1	0.04	0.7	0.000	0.317	26.7	93	25.5	31.0	21.25	1.1357	0.03	1196	8	100.0	60
23-07-11	8:00 a	27.6	27.6	26.0	99	27.4	0.0	NNE	0.00	1.3	NE	27.6	34.7	34.7	37.8	1010.0	0.00	0.0	204	17.55	513	1.5	0.64	2.8	0.000	0.387	27.9	93	26.7	34.3	21.29	1.1291	0.13	1200	8	100.0	60
23-07-11	9:00 a	30.9	30.9	27.6	89	28.9	0.0	ENE	0.00	1.3	SSE	30.9	44.1	44.1	50.3	1010.1	0.00	0.0	519	44.64	824	3.9	1.67	5.8	0.000	0.523	29.4	90	27.6	38.3	20.05	1.1210	0.33	1195	8	100.0	60
23-07-11	10:00 a	31.2	32.0	29.7	83	27.9	0.4	SSE	1.61	2.2	SSE	31.2	41.9	41.9	47.8	1009.6	0.00	0.0	531	45.67	954	4.3	1.84	5.7	0.000	0.535	30.4	88	28.2	41.4	18.75	1.1155	0.36	1196	8	100.0	60
23-07-11	11:00 a	30.7	31.5	29.5	85	27.9	0.9	ESE	3.22	4.0	SSE	30.7	41.1	41.1	47.7	1009.4	0.00	0.0	620	53.33	970	5.9	2.53	8.6	0.000	0.514	30.7	86	28.1	41.7	17.92	1.1146	0.41	1197	8	100.0	60
23-07-11	12:00 p	30.4	30.8	30.2	83	27.2	0.9	SE	3.22	4.0	SSE	30.4	39.6	39.6	46.0	1009.2	0.00	0.0	591	50.83	793	7.8	3.34	9.9	0.000	0.505	31.4	83	28.2	43.0	16.71	1.1115	0.41	1190	8	100.0	60
23-07-11	1:00 p	31.4	31.6	30.4	82	27.9	0.4	SE	1.61	2.7	SW	31.4	42.5	42.5	48.2	1008.5	0.00	0.0	506	43.52	812	7.8	3.34	9.2	0.000	0.544	31.1	83	27.9	41.6	16.73	1.1124	0.36	1198	8	100.0	60
23-07-11	2:00 p	29.4	31.8	29.4	90	27.6	0.4	S	1.61	1.8	SE	29.4	38.3	38.3	44.1	1008.0	0.00	0.0	496	42.66	933	5.7	2.44	8.5	0.000	0.463	30.6	83	27.4	40.2	16.77	1.1149	0.36	1197	8	100.0	60
23-07-11	3:00 p	31.0	31.2	29.1	81	27.4	0.4	S	1.61	1.3	W	31.0	40.4	40.4	46.2	1007.8	0.00	0.0	428	36.81	691	3.7	1.59	4.9	0.000	0.528	30.1	84	27.1	38.6	17.20	1.1171	0.28	1195	8	100.0	60
23-07-11	4:00 p	28.9	31.3	28.9	90	27.1	0.4	SW	1.61	2.2	SSE	28.9	36.8	36.8	42.6	1008.0	0.00	0.0	339	29.16	619	2.0	0.86	3.8	0.000	0.442	29.8	85	27.0	37.8	17.61	1.1189	0.23	1197	8	100.0	60
23-07-11	5:00 p	28.0	29.0	28.0	95	27.1	0.0	SSW	0.00	0.4	SSW	28.0	35.2	35.2	36.2	1008.2	0.00	0.0	48	4.13	74	0.0	0.00	0.5	0.000	0.403	29.9	88	27.7	39.2	18.80	1.1171	0.03	1198	8	100.0	60
23-07-11	6:00 p	27.8	28.0	27.7	95	26.9	0.0	SSW	0.00	0.4	SSW	27.8	34.4	34.4	34.1	1007.4	0.00	0.0	16	1.38	40	0.0	0.00	0.0	0.000	0.394	29.6	88	27.4	38.3	18.83	1.1178	0.00	1195	8	100.0	60
23-07-11	7:00 p	27.1	27.8	27.1	95	26.2	0.0	SSW	0.00	0.4	SSW	27.1	32.3	32.3	31.8	1006.6	0.00	0.0	0	0.00	0	0.0	0.00	0.0	0.000	0.366	28.8	88	26.6	36.1	18.96	1.1216	0.00	1198	8	100.0	60
23-07-11	8:00 p	26.7	27.2	26.7	96	26.0	0.0	---	0.00	0.0	---	26.7	31.5	31.5	30.9	1006.8	0.00	0.0	0	0.00	0	0.0	0.00	0.0	0.000	0.350	28.6	89	26.6	35.4	19.61	1.1231	0.00	1197	8	100.0	60
23-07-11	9:00 p	26.4	26.7	26.4	96	25.7	0.0	---	0.00	0.0	---	26.4	30.7	30.7	30.1	1007.4	0.00	0.0	0	0.00	0	0.0	0.00	0.0	0.000	0.336	28.2	89	26.2	34.2	19.68	1.1261	0.00	1197	8	100.0	60
23-07-11	10:00 p	26.4	26.5	26.3	97	25.9	0.0	---	0.00	0.0	---	26.4	30.9	30.9	30.3	1007.6	0.00	0.0	0	0.00	0	0.0	0.00	0.0	0.000	0.338	28.1	90	26.3	34.3	20.24	1.1262	0.00	1194	8	100.0	60
23-07-11	11:00 p	26.6	26.6	26.4	97	26.0	0.0	---	0.00	0.0	---	26.6	31.2	31.2	30.6	1007.6	0.00	0.0	0	0.00	0	0.0	0.00	0.0	0.000	0.343	28.1	91	26.5	34.6	20.84	1.1258	0.00	1198	8	100.0	60
23-07-12	12:00 a	26.6	26.6	26.5	98	26.3	0.0	SSW	0.00	0.4	SSW	26.6	31.5	31.5	30.9	1007.4	0.76	16.8	0	0.00	0	0.0	0.00	0.0	0.000	0.345	28.1	91	26.4	34.4	20.85	1.1259	0.00	1197	8	100.0	60
23-07-12	1:00 a	26.8	26.8	26.6	98	26.4	0.0	WSW	0.00	0.9	WSW	26.8	32.0	32.0	31.4	1007.4	6.10	80.3	0	0.00	0	0.0	0.00	0.0	0.000	0.352	28.1	92	26.6	34.6	21.20	1.1254	0.00	1195	8	100.0	60
23-07-12	2:00 a	26.8	26.9	26.8	98	26.4	0.0	WSW	0.00	0.4	WSW	26.8	32.0	32.0	31.4	1007.5	0.00	0.0	0	0.00	0	0.0	0.00	0.0	0.000	0.352	28.1	92	26.6	34.6	21.20	1.1255	0.00	1197	8	100.0	60
23-07-12	3:00 a	26.7	26.8	26.7	98	26.4	0.0	WSW	0.00	0.4	WSW	26.7	31.8	31.8	31.3	1007.0	0.00	0.0	0	0.00	0	0.0	0.00	0.0	0.000	0.350	28.0	92	26.6	34.4	21.20	1.1254	0.00	1197	8	100.0	60
23-07-12	4:00 a	26.5	26.7	26.5	98	26.2	0.0	WSW	0.00	0.4	WSW	26.5	31.2	31.2	30.7	1007.1	0.00	0.0	0	0.00	0	0.0	0.00	0.0	0.000	0.340	27.8	91	26.2	33.7	20.88	1.1269	0.00	1199	8	100.0	60
23-07-12	5:00 a	26.4	26.5	26.4	98	26.0	0.0	WSW	0.00	0.4	WSW	26.4	30.9	30.9	30.3	1007.6	0.00	0.0	0	0.00	0	0.0	0.00	0.0	0.000	0.336	27.7	92	26.3	33.6	21.19	1.1277	0.00	1197	8	100.0	60
23-07-12	6:00 a	26.6	26.6	26.3	99	26.4	0.0	WSW	0.00	0.4	WSW	26.6	31.6	31.6	31.1	1008.1	0.00	0.0	9	0.77	32	0.0	0.00	0.0	0.000	0.343	27.8	92	26.4	33.8	21.19	1.1280	0.00	1195	8	100.0	60
23-07-12	7:00 a	27.1	27.1	26.5	99	26.9	0.0	WSW	0.00	0.9	WSW	27.1	33.1	33.1	34.3	1008.8	0.51	0.0	66	5.68	121	0.1	0.04	0.6	0.000	0.366	28.1	92	26.6	34.6	21.20	1.1271	0.05	1195	8	100.0	60
23-07-12	8:00 a	28.1	28.1	27.1	99	27.9	0.0	WSW	0.00	0.4	WSW	28.1	36.2	36.2	38.6	1009.4	1.52	10.2	162	13.93	318	1.1	0.47	1.7	0.000	0.405	28.4	93	27.1	35.9	21.31	1.1253	0.10	1194	8	100.0	60
23-07-12	9:00 a	28.3	28.5	28.1	98	27.9	0.0	WSW	0.00	1.3	W	28.3	36.7	36.7	38.8	1009.5	0.00	0.0	166	14.28	297	1.7	0.73	2.6	0.000	0.414	28.9	92	27.5	37.2	21.23	1.1227	0.10	1198	8	100.0	60
23-07-12	10:00 a	29.6	29.6	28.1	95	28.7	0.4	WSW	1.61	1.3	SW	29.6	40.6	40.6	45.0	1009.1	0.25	0.0	367	31.57	721	3.3	1.41	4.7	0.000	0.468	29.2	91	27.6	37.9	20.68	1.1207	0.25	1197	8	100.0	60
23-07-12	11:00 a	32.1	32.1	29.6	81	28.4	0.4	SSW	1.61	1.8	WNW	32.1	45.4	45.4	52.8	1008.7	0.00	0.0	804	69.15	905	6.6	2.83	9.7	0.000	0.574	30.3	87	27.9	40.7	18.35	1.1153	0.51	1197	8	100.0	60
23-07-12	12:00 p	31.6	32.2	30.4	83	28.3	0.4	S	1.61	2.2	SSE	31.6	43.8	43.8	48.1	1007.7	0.00	0.0	354	30.45	1028	7.0	3.00	10.8	0.000	0.551	30.3	87	27.9	40.7	18.35	1.1142	0.25	1196	8	100.0	60
23-07-12	1:00 p	31.7	32.4	31.5	82	28.3	0.4	S	1.61	2.7	ESE	31.7	44.2	44.2	50.3	1006.8	0.00	0.0	551	47.39	900	9.7	4.16	10.5	0.000	0.558	31.2	84	28.1	42.3	17.13	1.1096	0.38	1193	8	100.0	60
23-07-12	2:00 p	31.8	32.1	31.3	81	28.2	0.9	SE	3.22	4.0	SE	31.8	44.2	44.2	51.2	1006.2	0.00	0.0	733	63.05	860	7.2	3.09	9.0	0.000	0.563	31.2	83	27.9	41.9	16.73	1.1094	0.48	1195	8	100.0	60
23-07-12	3:00 p	31.3	31.9	30.9	83	28.1	0.4	S	1.61	2.7	SSE	31.3	42.7	42.7	49.4	1006.0	0.00	0.0	526	45.24	645	4.2	1.80	5.6	0.000	0.542	30.8	86	28.2	42.2	17.90	1.1097	0.33	1200	8	100.0	60
23-07-12	4:00 p	29.2	31.3	29.2	91	27.6	0.4	E	1.61	1.8	S	29.2	37.9	37.9	41.1	1006.1	0.00	0.0	166	14.28	508	1.4	0.60	3.2	0.000	0.454	30.3	86	27.7	40.1	17.96	1.1132	0.13	1193	8	100.0	60
23-07-12	5:00 p	28.9	29.2	28.8	93	27.7	0.0	ESE	0.00	1.3	ESE	28.9	37.7	37.7	39.1	1006.1	0.00	0.0	65	5.59	113	0.1	0.04	0.6	0.000	0.442	29.9	88	27.7	39.4	18.80	1.1143	0.05	1197	8	100.0	60
23-07-12	6:00 p	28.3	29.0	28.3	93	27.0	0.0	SE	0.00	0.9	SE	28.3	35.6	35.6	35.2	1006.7	0.00	0.0	11	0.95	40	0.0	0.00	0.0	0.000	0.414	29.6	88	27.4	38.3	18.83	1.1170	0.00	1197	8	100.0	60
23-07-12	7:00 p	27.4	28.3	27.4	95	26.6	0.0	NE	0.00	0.9	N	27.4	33.3	33.3	32.7	1007.5	0.76	6.1	0	0.00	0	0.0	0.00	0.0	0.000	0.380	29.0	89	27.0	36.8	19.53	1.1212	0.00	1198	8	100.0	60
23-07-12	8:00 p	26.8	27.4	26.7	96	26.1	0.0	---	0.00	0.0	---	26.8	31.6	31.6	31.0	1007.3	0.00	0.0	0	0.00	0	0.0	0.00	0.0	0.000	0.352	28.3	89	26.3	34.7	19.65	1.1249	0.00	1197	8	100.0	60
23-07-12	9:00 p	26.4	26.8	26.4	96	25.7	0.0	---	0.00	0.0	---	26.4	30.7	30.7	30.1	1007.2	0.25	0.0	0	0.00	0	0.0	0.00	0.0	0.000	0.336	28.0	90	26.2	34.0	20.26	1.1264	0.00	1198	8	100.0	60
23-07-12	10:00 p	26.1	26.4	26.1	97	25.6	0.0	---	0.00	0.0	---	26.1	30.1	30.1	29.5	1007.9	0.00	0.0	0	0.00	0	0.0	0.00	0.0	0.000	0.324	27.8	90	26.0	33.4	20.29	1.1285	0.00	1196	8	100.0	60
23-07-12	11:00 p	26.0	26.1	25.9	97	25.5	0.0	---	0.00	0.0	---	26.0	29.8	29.8	29.2	1007.4	0.00	0.0	0	0.00	0	0.0	0.00	0.0	0.000	0.319	27.6	91	26.0	33.1	20.91	1.1286	0.00	1197	8	100.0	60
23-07-13	12:00 a	25.7	26.0	25.7	97	25.2	0.0	NE	0.00	0.4	NE	25.7	29.2	29.2	28.5	1006.5	0.00	0.0	0	0.00	0	0.0	0.00	0.0	0.000	0.308	27.4	90	25.6	32.3	20.35	1.1293	0.00	1194	8	100.0	60
23-07-13	1:00 a	25.4	25.7	25.4	97	24.9	0.0	---	0.00	0.0	---	25.4	28.6	28.6	27.9	1006.2	0.00	0.0	0	0.00	0	0.0	0.00	0.0	0.000	0.296	27.1	90	25.3	31.4	20.39	1.1310	0.00	1192	8	100.0	60
23-07-13	2:00 a	25.4	25.4	25.3	98	25.1	0.0	---	0.00	0.0	---	25.4	28.6	28.6	27.9	1005.8	0.00	0.0	0	0.00	0	0.0	0.00	0.0	0.000	0.294	26.9	91	25.3	31.3	21.01	1.1307	0.00	1194	8	100.0	60
23-07-13	3:00 a	25.2	25.4	25.2	98	24.8	0.0	---	0.00	0.0	---	25.2	28.1	28.1	27.4	1005.7	0.00	0.0	0	0.00	0	0.0	0.00	0.0	0.000	0.285	26.7	91	25.1	30.7	21.04	1.1319	0.00	1197	8	100.0	60
23-07-13	4:00 a	25.3	25.3	25.2	98	25.0	0.0	---	0.00	0.0	---	25.3	28.4	28.4	27.8	1005.4	0.00	0.0	0	0.00	0	0.0	0.00	0.0	0.000	0.292	26.8	92	25.4	31.0	21.15	1.1308	0.00	1198	8	100.0	60
23-07-13	5:00 a	25.4	25.4	25.3	98	25.1	0.0	---	0.00	0.0	---	25.4	28.7	28.7	28.0	1006.0	0.51	0.0	0	0.00	0	0.0	0.00	0.0	0.000	0.296	26.7	92	25.3	30.9	21.15	1.1318	0.00	1193	8	100.0	60
23-07-13	6:00 a	25.7	25.7	25.4	99	25.6	0.0	---	0.00	0.0	---	25.7	29.4	29.4	28.7	1006.4	0.00	0.0	0	0.00	7	0.0	0.00	0.0	0.000	0.308	26.9	93	25.7	31.4	21.26	1.1309	0.00	1199	8	100.0	60
23-07-13	7:00 a	26.2	26.2	25.7	99	26.0	0.0	---	0.00	0.0	---	26.2	30.5	30.5	30.5	1007.2	0.00	0.0	19	1.63	37	0.0	0.00	0.0	0.000	0.326	27.1	93	25.9	32.0	21.27	1.1305	0.00	1197	8	100.0	60
23-07-13	8:00 a	26.7	26.7	26.2	99	26.5	0.0	---	0.00	0.0	---	26.7	31.8	31.8	32.3	1007.9	0.76	1.5	51	4.39	91	0.2	0.09	0.8	0.000	0.347	27.3	94	26.3	32.8	21.37	1.1296	0.03	1198	8	100.0	60
23-07-13	9:00 a	27.3	27.3	26.7	99	27.2	0.0	---	0.00	0.0	---	27.3	33.8	33.8	35.0	1007.6	0.51	1.0	110	9.46	151	1.1	0.47	1.7	0.000	0.375	27.9	93	26.7	34.5	21.30	1.1259	0.08	1198	8	100.0	60
23-07-13	10:00 a	27.9	27.9	27.3	99	27.7	0.0	SSW	0.00	0.9	SSW	27.9	35.6	35.6	37.7	1007.6	0.00	0.0	182	15.65	200	2.1	0.90	2.3	0.000	0.398	28.4	94	27.4	36.3	21.41	1.1224	0.13	1194	8	100.0	60
23-07-13	11:00 a	28.7	28.7	27.8	96	28.0	0.0	SSW	0.00	0.9	SSW	28.7	37.6	37.6	41.1	1007.5	0.00	0.0	281	24.17	316	3.4	1.46	4.0	0.000	0.431	29.1	92	27.6	37.8	21.24	1.1195	0.18	1197	8	100.0	60
23-07-13	12:00 p	29.6	29.7	28.7	89	27.5	0.4	SE	1.61	1.3	SSE	29.6	38.4	38.4	42.3	1007.2	0.00	0.0	316	27.18	642	3.9	1.67	6.7	0.000	0.468	29.3	91	27.7	38.3	20.67	1.1178	0.20	1195	8	100.0	60
23-07-13	1:00 p	28.8	29.6	28.5	91	27.2	0.4	SE	1.61	2.2	SE	28.8	36.8	36.8	40.3	1006.7	0.00	0.0	289	24.86	327	3.6	1.54	4.0	0.000	0.438	29.4	90	27.6	38.1	20.06	1.1175	0.20	1194	8	100.0	60
23-07-13	2:00 p	27.7	28.9	27.7	96	27.0	0.0	SE	0.00	1.8	SE	27.7	34.4	34.4	36.6	1006.2	0.00	0.0	179	15.40	309	2.2	0.94	3.8	0.000	0.391	29.3	89	27.3	37.6	19.48	1.1180	0.13	1196	8	100.0	60
23-07-13	3:00 p	27.4	27.8	27.4	96	26.7	0.0	SE	0.00	1.3	ESE	27.4	33.5	33.5	35.2	1005.6	0.51	1.8	122	10.49	193	1.2	0.51	1.8	0.000	0.380	29.2	90	27.4	37.4	20.09	1.1175	0.08	1197	8	100.0	60
23-07-13	4:00 p	27.8	27.9	27.4	96	27.1	0.0	E	0.00	1.3	NE	27.8	34.6	34.6	37.6	1005.5	0.00	0.0	157	13.50	183	1.2	0.51	1.4	0.000	0.394	29.1	90	27.3	37.3	20.10	1.1178	0.10	1188	8	100.0	60
23-07-13	5:00 p	27.8	27.9	27.8	96	27.1	0.0	E	0.00	0.9	E	27.8	34.8	34.8	36.6	1005.6	0.00	0.0	82	7.05	130	0.2	0.09	0.8	0.000	0.396	29.0	90	27.2	37.0	20.11	1.1185	0.05	1189	8	100.0	60
23-07-13	6:00 p	27.2	27.8	27.2	96	26.5	0.0	E	0.00	0.4	E	27.2	32.8	32.8	32.5	1006.2	0.00	0.0	21	1.81	49	0.0	0.00	0.0	0.000	0.370	28.6	90	26.8	35.6	20.18	1.1219	0.03	1190	8	100.0	60
23-07-13	7:00 p	26.6	27.2	26.5	96	25.9	0.0	E	0.00	0.4	E	26.6	31.1	31.1	30.4	1006.8	0.00	0.0	0	0.00	0	0.0	0.00	0.0	0.000	0.343	28.0	90	26.2	34.0	20.26	1.1260	0.00	1196	8	100.0	60
23-07-13	8:00 p	26.2	26.6	26.1	97	25.7	0.0	E	0.00	0.4	E	26.2	30.2	30.2	29.6	1007.3	0.00	0.0	0	0.00	0	0.0	0.00	0.0	0.000	0.326	27.6	91	26.0	32.9	20.92	1.1288	0.00	1194	8	100.0	60
23-07-13	9:00 p	25.8	26.2	25.8	97	25.3	0.0	E	0.00	0.4	E	25.8	29.3	29.3	28.7	1007.5	0.00	0.0	0	0.00	0	0.0	0.00	0.0	0.000	0.310	27.3	91	25.7	32.1	20.96	1.1307	0.00	1197	8	100.0	60
23-07-13	10:00 p	25.5	25.8	25.4	97	25.0	0.0	---	0.00	0.0	---	25.5	28.7	28.7	27.9	1007.8	0.00	0.0	0	0.00	0	0.0	0.00	0.0	0.000	0.299	27.1	91	25.5	31.6	20.99	1.1324	0.00	1193	8	100.0	60
23-07-13	11:00 p	25.3	25.5	25.3	98	24.9	0.0	---	0.00	0.0	---	25.3	28.3	28.3	27.6	1007.6	0.00	0.0	0	0.00	0	0.0	0.00	0.0	0.000	0.289	26.8	91	25.2	31.0	21.03	1.1335	0.00	1195	8	100.0	60
23-07-14	12:00 a	25.2	25.3	25.2	98	24.9	0.0	---	0.00	0.0	---	25.2	28.2	28.2	27.5	1006.9	0.00	0.0	0	0.00	0	0.0	0.00	0.0	0.000	0.287	26.7	91	25.1	30.7	21.04	1.1333	0.00	1186	8	100.0	60
23-07-14	1:00 a	25.1	25.3	25.1	98	24.7	0.0	---	0.00	0.0	---	25.1	27.8	27.8	27.1	1006.5	0.00	0.0	0	0.00	0	0.0	0.00	0.0	0.000	0.280	26.6	91	25.0	30.3	21.05	1.1339	0.00	1186	8	100.0	60
23-07-14	2:00 a	25.0	25.1	24.9	98	24.7	0.0	---	0.00	0.0	---	25.0	27.7	27.7	27.0	1006.2	0.00	0.0	0	0.00	0	0.0	0.00	0.0	0.000	0.278	26.4	92	25.0	30.2	21.14	1.1337	0.00	1195	8	100.0	60
23-07-14	3:00 a	24.9	25.1	24.9	98	24.6	0.0	---	0.00	0.0	---	24.9	27.6	27.6	26.8	1005.6	0.00	0.0	0	0.00	0	0.0	0.00	0.0	0.000	0.273	26.3	92	24.9	29.9	21.14	1.1341	0.00	1194	8	100.0	60
23-07-14	4:00 a	24.9	25.0	24.9	99	24.8	0.0	---	0.00	0.0	---	24.9	27.7	27.7	27.0	1005.9	0.00	0.0	0	0.00	0	0.0	0.00	0.0	0.000	0.275	26.3	92	24.9	29.9	21.14	1.1344	0.00	1199	8	100.0	60
23-07-14	5:00 a	25.2	25.2	24.9	99	25.0	0.0	E	0.00	0.4	E	25.2	28.2	28.2	27.4	1006.1	0.00	0.0	0	0.00	0	0.0	0.00	0.0	0.000	0.285	26.3	93	25.1	30.1	21.24	1.1339	0.00	1197	8	100.0	60
23-07-14	6:00 a	25.1	25.2	25.1	99	24.9	0.0	E	0.00	0.4	E	25.1	28.1	28.1	27.4	1006.8	0.00	0.0	7	0.60	26	0.0	0.00	0.0	0.000	0.282	26.3	93	25.1	30.1	21.24	1.1347	0.00	1194	8	100.0	60
23-07-14	7:00 a	25.8	25.8	25.2	99	25.6	0.0	E	0.00	0.4	E	25.8	29.6	29.6	30.7	1007.1	0.00	0.0	67	5.76	105	0.1	0.04	0.6	0.000	0.310	26.7	93	25.5	31.0	21.25	1.1327	0.05	1196	8	100.0	60
23-07-14	8:00 a	26.9	26.9	25.8	99	26.7	0.0	E	0.00	0.9	E	26.9	32.4	32.4	35.4	1007.6	0.00	0.0	196	16.86	501	1.4	0.60	2.8	0.000	0.356	27.7	93	26.4	33.7	21.29	1.1276	0.13	1192	8	100.0	60
23-07-14	9:00 a	29.8	29.8	26.9	90	28.0	0.4	SSE	1.61	2.7	S	29.8	39.7	39.7	46.3	1008.0	0.00	0.0	588	50.57	737	4.0	1.71	4.9	0.000	0.479	29.2	90	27.4	37.6	20.08	1.1199	0.38	1194	8	100.0	60
23-07-14	10:00 a	30.9	30.9	29.8	84	27.9	0.4	ESE	1.61	1.3	SE	30.9	41.4	41.4	47.2	1008.1	0.00	0.0	515	44.30	656	4.5	1.93	5.3	0.000	0.523	29.9	87	27.5	39.0	18.40	1.1170	0.36	1192	8	100.0	60
23-07-14	11:00 a	30.8	31.3	29.8	81	27.1	0.4	S	1.61	1.8	SSW	30.8	39.8	39.8	45.7	1007.5	0.00	0.0	527	45.33	684	5.7	2.44	8.0	0.000	0.519	30.3	83	27.1	39.0	16.79	1.1163	0.36	1195	8	100.0	60
23-07-14	12:00 p	31.4	31.6	30.7	83	28.2	0.4	SW	1.61	1.8	WSW	31.4	43.3	43.3	49.8	1007.4	0.00	0.0	609	52.38	851	8.1	3.47	9.6	0.000	0.546	30.8	80	27.0	39.6	15.65	1.1143	0.41	1192	8	100.0	60
23-07-14	1:00 p	30.8	31.6	30.6	83	27.6	0.4	S	1.61	3.1	WSW	30.8	40.7	40.7	45.6	1006.9	0.00	0.0	424	36.47	752	7.4	3.17	9.9	0.000	0.519	31.1	82	27.7	41.1	16.43	1.1110	0.30	1195	8	100.0	60
23-07-14	2:00 p	32.3	32.3	30.6	78	27.9	0.4	W	1.61	3.1	WSW	32.3	44.6	44.6	51.2	1006.1	0.00	0.0	597	51.35	953	6.5	2.79	9.2	0.000	0.581	30.9	82	27.5	40.7	16.44	1.1112	0.41	1198	8	100.0	60
23-07-14	3:00 p	31.2	32.3	30.9	84	28.2	0.4	S	1.61	2.7	SW	31.2	42.6	42.6	49.2	1005.9	0.00	0.0	514	44.21	773	4.3	1.84	6.5	0.000	0.537	30.7	83	27.4	40.3	16.76	1.1121	0.33	1192	8	100.0	60
23-07-14	4:00 p	31.3	31.4	30.9	85	28.5	0.4	WSW	1.61	2.2	SSE	31.3	43.7	43.7	50.4	1006.3	0.00	0.0	415	35.69	485	2.3	0.99	3.1	0.000	0.542	30.2	84	27.2	39.1	17.19	1.1147	0.28	1198	8	100.0	60
23-07-14	5:00 p	28.2	31.3	28.2	86	25.7	0.4	SW	1.61	7.2	NNW	28.2	33.8	33.8	35.8	1006.3	0.00	0.0	93	8.00	397	0.3	0.13	1.5	0.000	0.412	29.5	81	25.9	36.1	16.15	1.1205	0.08	1200	8	100.0	60
23-07-14	6:00 p	26.3	28.2	26.3	91	24.7	0.4	W	1.61	3.6	N	26.3	29.9	29.9	29.2	1006.6	0.00	0.0	4	0.34	14	0.0	0.00	0.0	0.000	0.333	27.6	87	25.2	32.2	18.65	1.1297	0.00	1193	8	100.0	60
23-07-14	7:00 p	25.6	26.3	25.6	95	24.8	0.0	NE	0.00	1.8	NE	25.6	28.7	28.7	27.9	1006.3	0.51	0.0	0	0.00	0	0.0	0.00	0.0	0.000	0.303	27.3	88	25.2	31.8	19.23	1.1302	0.00	1195	8	100.0	60
23-07-14	8:00 p	24.9	25.6	24.9	95	24.0	0.0	NE	0.00	0.9	NE	24.9	27.3	27.3	26.6	1006.5	0.00	0.0	0	0.00	0	0.0	0.00	0.0	0.000	0.273	26.8	87	24.5	30.4	18.73	1.1338	0.00	1199	8	100.0	60
23-07-14	9:00 p	24.2	24.9	24.2	96	23.5	0.0	ENE	0.00	0.9	ENE	24.2	26.3	26.3	25.5	1006.9	0.00	0.0	0	0.00	0	0.0	0.00	0.0	0.000	0.243	26.2	88	24.0	29.2	19.39	1.1378	0.00	1195	8	100.0	60
23-07-14	10:00 p	23.9	24.2	23.9	97	23.4	0.0	---	0.00	0.0	---	23.9	26.1	26.1	25.2	1007.6	0.00	0.0	0	0.00	0	0.0	0.00	0.0	0.000	0.234	25.8	89	23.8	28.6	19.95	1.1405	0.00	1197	8	100.0	60
23-07-14	11:00 p	23.9	23.9	23.8	97	23.4	0.0	---	0.00	0.0	---	23.9	25.9	25.9	25.1	1007.7	0.00	0.0	0	0.00	0	0.0	0.00	0.0	0.000	0.231	25.7	90	24.0	28.6	20.45	1.1405	0.00	1198	8	100.0	60
23-07-15	12:00 a	23.9	23.9	23.8	98	23.6	0.0	---	0.00	0.0	---	23.9	26.1	26.1	25.2	1007.3	0.00	0.0	0	0.00	0	0.0	0.00	0.0	0.000	0.234	25.7	90	24.0	28.6	20.45	1.1401	0.00	1200	8	100.0	60
23-07-15	1:00 a	24.2	24.2	23.9	98	23.8	0.0	---	0.00	0.0	---	24.2	26.4	26.4	25.6	1007.0	0.00	0.0	0	0.00	0	0.0	0.00	0.0	0.000	0.243	25.7	91	24.1	28.6	21.02	1.1394	0.00	1196	8	100.0	60
23-07-15	2:00 a	24.4	24.4	24.2	98	24.1	0.0	---	0.00	0.0	---	24.4	26.7	26.7	25.9	1006.5	0.00	0.0	0	0.00	0	0.0	0.00	0.0	0.000	0.252	25.8	92	24.4	28.9	21.12	1.1378	0.00	1198	8	100.0	60
23-07-15	3:00 a	24.3	24.4	24.3	98	24.0	0.0	---	0.00	0.0	---	24.3	26.6	26.6	25.8	1006.2	0.00	0.0	0	0.00	0	0.0	0.00	0.0	0.000	0.250	25.7	91	24.1	28.5	21.01	1.1388	0.00	1200	8	100.0	60
23-07-15	4:00 a	24.2	24.3	24.2	98	23.9	0.0	---	0.00	0.0	---	24.2	26.4	26.4	25.6	1006.1	0.00	0.0	0	0.00	0	0.0	0.00	0.0	0.000	0.245	25.6	92	24.2	28.3	21.11	1.1389	0.00	1198	8	100.0	60
23-07-15	5:00 a	24.3	24.3	24.2	99	24.1	0.0	---	0.00	0.0	---	24.3	26.6	26.6	25.8	1006.6	0.00	0.0	0	0.00	0	0.0	0.00	0.0	0.000	0.248	25.6	92	24.2	28.3	21.11	1.1395	0.00	1197	8	100.0	60
23-07-15	6:00 a	24.7	24.7	24.3	99	24.6	0.0	---	0.00	0.0	---	24.7	27.3	27.3	26.7	1007.0	0.00	0.0	9	0.77	26	0.0	0.00	0.0	0.000	0.266	25.8	93	24.6	29.1	21.22	1.1379	0.00	1198	8	100.0	60
23-07-15	7:00 a	25.4	25.4	24.7	99	25.3	0.0	---	0.00	0.0	---	25.4	28.8	28.8	29.2	1007.4	0.00	0.0	35	3.01	39	0.0	0.00	0.0	0.000	0.296	26.6	93	25.4	30.8	21.25	1.1337	0.03	1193	8	100.0	60
23-07-15	8:00 a	26.9	26.9	25.4	99	26.7	0.0	---	0.00	0.0	---	26.9	32.4	32.4	33.9	1008.1	0.00	0.0	105	9.03	533	0.8	0.34	2.8	0.000	0.356	27.9	93	26.7	34.5	21.30	1.1265	0.08	1192	8	100.0	60
23-07-15	9:00 a	29.8	29.8	26.9	90	28.0	0.4	S	1.61	1.8	SW	29.8	39.7	39.7	46.5	1008.8	0.00	0.0	625	53.76	793	4.1	1.76	6.0	0.000	0.479	29.6	89	27.5	38.4	19.43	1.1193	0.38	1194	8	100.0	60
23-07-15	10:00 a	31.9	32.2	29.8	82	28.5	0.4	SW	1.61	2.7	W	31.9	45.3	45.3	51.9	1009.1	0.00	0.0	625	53.76	990	5.1	2.19	6.7	0.000	0.567	30.5	84	27.5	40.2	17.17	1.1163	0.43	1195	8	100.0	60
23-07-15	11:00 a	31.8	32.4	30.9	84	28.8	0.4	SSW	1.61	2.7	S	31.8	45.9	45.9	53.2	1009.0	0.00	0.0	763	65.63	1118	6.4	2.74	10.2	0.000	0.563	31.3	84	28.2	42.9	17.12	1.1114	0.53	1195	8	100.0	60
23-07-15	12:00 p	30.9	31.8	30.2	82	27.5	0.9	ESE	3.22	4.9	SSE	30.9	40.6	40.6	45.9	1009.3	0.00	0.0	464	39.91	744	7.2	3.09	10.6	0.000	0.523	31.1	84	28.0	41.9	17.13	1.1131	0.33	1195	8	100.0	60
23-07-15	1:00 p	30.1	30.8	29.7	83	26.9	0.9	ESE	3.22	4.0	ESE	30.1	38.3	38.3	43.7	1007.9	0.00	0.0	465	40.00	601	6.1	2.61	7.6	0.000	0.491	30.7	85	27.9	41.3	17.51	1.1131	0.33	1196	8	100.0	60
23-07-15	2:00 p	29.9	30.9	29.9	82	26.5	0.9	SSE	3.22	4.0	S	29.9	37.3	37.3	42.9	1007.2	0.00	0.0	478	41.11	645	5.2	2.23	6.5	0.000	0.481	30.6	83	27.3	40.1	16.77	1.1143	0.33	1198	8	100.0	60
23-07-15	3:00 p	30.2	30.6	29.9	82	26.8	0.4	ESE	1.61	2.7	SSE	30.2	38.3	38.3	43.7	1006.7	0.00	0.0	388	33.37	533	3.4	1.46	4.6	0.000	0.493	30.3	85	27.5	39.8	17.55	1.1141	0.25	1196	8	100.0	60
23-07-15	4:00 p	29.2	30.2	29.2	86	26.6	0.4	ESE	1.61	1.8	E	29.2	36.5	36.5	39.9	1006.3	0.00	0.0	186	16.00	295	1.4	0.60	2.4	0.000	0.451	29.9	86	27.3	38.7	18.00	1.1155	0.13	1195	8	100.0	60
23-07-15	5:00 p	29.1	29.3	29.1	91	27.5	0.0	SE	0.00	1.8	ESE	29.1	37.6	37.6	40.1	1007.3	0.00	0.0	119	10.24	148	0.4	0.17	0.9	0.000	0.449	29.7	88	27.5	38.6	18.82	1.1170	0.08	1196	8	100.0	60
23-07-15	6:00 p	28.2	29.1	28.2	93	26.9	0.0	ESE	0.00	0.4	ESE	28.2	35.2	35.2	34.9	1008.0	0.00	0.0	27	2.32	79	0.0	0.00	0.0	0.000	0.410	29.4	88	27.2	37.6	18.86	1.1198	0.03	1193	8	100.0	60
23-07-15	7:00 p	27.2	28.2	27.2	94	26.1	0.0	ESE	0.00	1.3	ENE	27.2	32.3	32.3	31.6	1006.9	0.00	0.0	0	0.00	0	0.0	0.00	0.0	0.000	0.368	28.7	88	26.5	35.7	18.98	1.1227	0.00	1191	8	100.0	60
23-07-15	8:00 p	26.9	27.2	26.8	95	26.0	0.0	S	0.00	0.9	ENE	26.9	31.7	31.7	30.9	1008.4	0.00	0.0	0	0.00	0	0.0	0.00	0.0	0.000	0.356	28.2	90	26.4	34.6	20.23	1.1265	0.00	1196	8	100.0	60
23-07-15	9:00 p	26.7	26.9	26.6	96	26.0	0.0	S	0.00	0.4	S	26.7	31.3	31.3	30.6	1008.7	0.00	0.0	0	0.00	0	0.0	0.00	0.0	0.000	0.347	28.0	90	26.2	34.0	20.26	1.1282	0.00	1195	8	100.0	60
23-07-15	10:00 p	26.3	26.7	26.3	96	25.6	0.0	---	0.00	0.0	---	26.3	30.4	30.4	29.6	1008.5	0.00	0.0	0	0.00	0	0.0	0.00	0.0	0.000	0.331	27.6	91	26.0	32.9	20.92	1.1302	0.00	1196	8	100.0	60
23-07-15	11:00 p	25.9	26.3	25.9	97	25.4	0.0	S	0.00	1.3	ENE	25.9	29.7	29.7	28.9	1007.5	0.00	0.0	0	0.00	0	0.0	0.00	0.0	0.000	0.317	27.4	91	25.8	32.4	20.95	1.1300	0.00	1199	8	100.0	60
23-07-16	12:00 a	25.8	25.9	25.8	97	25.3	0.0	SSE	0.00	1.8	SSE	25.8	29.4	29.4	28.7	1006.8	0.00	0.0	0	0.00	0	0.0	0.00	0.0	0.000	0.313	27.3	90	25.5	31.9	20.36	1.1303	0.00	1196	8	100.0	60
23-07-16	1:00 a	25.7	25.8	25.7	97	25.2	0.0	ESE	0.00	0.4	ESE	25.7	29.2	29.2	28.4	1006.5	0.00	0.0	0	0.00	0	0.0	0.00	0.0	0.000	0.308	27.0	91	25.4	31.4	21.00	1.1312	0.00	1196	8	100.0	60
23-07-16	2:00 a	25.4	25.7	25.4	97	24.9	0.0	ESE	0.00	0.4	ESE	25.4	28.6	28.6	27.7	1005.8	0.00	0.0	0	0.00	0	0.0	0.00	0.0	0.000	0.296	26.8	91	25.2	30.8	21.03	1.1317	0.00	1196	8	100.0	60
23-07-16	3:00 a	25.1	25.5	25.1	97	24.5	0.0	---	0.00	0.0	---	25.1	27.8	27.8	26.9	1005.7	0.00	0.0	0	0.00	0	0.0	0.00	0.0	0.000	0.280	26.4	91	24.8	30.0	21.04	1.1339	0.00	1196	8	100.0	60
23-07-16	4:00 a	24.8	25.1	24.7	97	24.3	0.0	---	0.00	0.0	---	24.8	27.3	27.3	26.4	1006.4	0.00	0.0	0	0.00	0	0.0	0.00	0.0	0.000	0.269	26.1	91	24.5	29.4	21.03	1.1363	0.00	1198	8	100.0	60
23-07-16	5:00 a	24.5	24.8	24.5	97	24.0	0.0	---	0.00	0.0	---	24.5	26.8	26.8	25.9	1006.8	0.00	0.0	0	0.00	0	0.0	0.00	0.0	0.000	0.257	25.8	91	24.3	28.8	21.02	1.1385	0.00	1195	8	100.0	60
23-07-16	6:00 a	24.8	24.8	24.4	98	24.4	0.0	ESE	0.00	0.4	ESE	24.8	27.3	27.3	26.5	1007.6	0.00	0.0	3	0.26	12	0.0	0.00	0.0	0.000	0.269	26.1	92	24.7	29.4	21.13	1.1376	0.00	1197	8	100.0	60
23-07-16	7:00 a	25.4	25.4	24.8	99	25.2	0.0	ESE	0.00	0.4	ESE	25.4	28.7	28.7	28.8	1008.2	0.00	0.0	23	1.98	76	0.0	0.00	0.7	0.000	0.294	26.8	93	25.6	31.3	21.26	1.1334	0.03	1195	8	100.0	60
23-07-16	8:00 a	27.1	27.1	25.3	99	26.9	0.0	SW	0.00	1.3	ENE	27.1	33.1	33.1	35.8	1008.4	0.00	0.0	181	15.57	503	1.3	0.56	2.7	0.000	0.366	28.1	92	26.7	34.8	21.20	1.1263	0.13	1193	8	100.0	60
23-07-16	9:00 a	30.8	30.8	27.1	84	27.8	0.4	N	1.61	1.3	NNW	30.8	41.2	41.2	47.7	1009.1	0.00	0.0	561	48.25	846	3.7	1.59	5.0	0.000	0.521	29.4	90	27.6	38.3	20.05	1.1198	0.36	1195	8	100.0	60
23-07-16	10:00 a	30.8	30.8	30.4	86	28.2	0.4	SE	1.61	2.2	S	30.8	42.0	42.0	45.6	1009.4	0.00	0.0	295	25.37	599	3.8	1.63	6.0	0.000	0.519	29.6	87	27.2	37.9	18.43	1.1206	0.23	1194	8	100.0	60
23-07-16	11:00 a	32.6	32.6	30.8	81	28.9	0.4	SW	1.61	1.8	SSW	32.6	47.9	47.9	55.1	1009.2	0.00	0.0	716	61.58	1056	6.4	2.74	10.9	0.000	0.595	30.6	86	27.9	41.3	17.93	1.1151	0.48	1195	8	100.0	60
23-07-16	12:00 p	31.6	32.6	30.6	82	28.2	0.4	S	1.61	1.8	SE	31.6	43.6	43.6	49.9	1008.4	0.00	0.0	573	49.28	970	8.5	3.64	10.2	0.000	0.553	31.2	82	27.7	41.4	16.43	1.1125	0.41	1196	8	100.0	60
23-07-16	1:00 p	31.6	32.2	31.0	80	27.7	0.4	S	1.61	2.2	SSW	31.6	42.6	42.6	48.2	1007.4	0.00	0.0	493	42.40	747	8.5	3.64	10.7	0.000	0.553	31.6	81	27.9	42.8	16.00	1.1095	0.33	1198	8	100.0	60
23-07-16	2:00 p	29.8	31.6	29.8	90	28.0	0.4	NNE	1.61	1.3	ESE	29.8	39.5	39.5	43.2	1007.2	0.00	0.0	285	24.51	352	3.8	1.63	4.7	0.000	0.477	30.9	84	27.9	41.6	17.14	1.1114	0.20	1198	8	100.0	60
23-07-16	3:00 p	31.2	31.9	29.8	83	28.0	0.4	S	1.61	2.2	SE	31.2	42.2	42.2	48.6	1006.6	0.00	0.0	480	41.29	705	4.0	1.71	4.9	0.000	0.537	30.8	84	27.8	41.1	17.15	1.1118	0.33	1198	8	100.0	60
23-07-16	4:00 p	30.4	31.4	30.3	83	27.2	0.4	SE	1.61	2.2	SE	30.4	39.6	39.6	45.5	1006.7	0.00	0.0	371	31.91	594	2.1	0.90	3.2	0.000	0.505	30.3	87	27.9	40.4	18.36	1.1134	0.25	1197	8	100.0	60
23-07-16	5:00 p	29.2	30.4	29.2	93	27.9	0.4	SE	1.61	3.1	SSE	29.2	38.4	38.4	40.8	1006.9	0.00	0.0	105	9.03	225	0.4	0.17	1.1	0.000	0.451	30.1	87	27.7	39.4	18.38	1.1150	0.08	1197	8	100.0	60
23-07-16	6:00 p	28.7	29.2	28.7	92	27.2	0.0	SE	0.00	0.4	SE	28.7	36.5	36.5	36.2	1007.4	0.00	0.0	21	1.81	51	0.0	0.00	0.0	0.000	0.431	29.7	88	27.5	38.6	18.82	1.1171	0.03	1193	8	100.0	60
23-07-16	7:00 p	27.6	28.7	27.6	93	26.4	0.0	---	0.00	0.0	---	27.6	33.5	33.5	32.8	1007.9	0.00	0.0	0	0.00	0	0.0	0.00	0.0	0.000	0.387	28.9	88	26.7	36.2	18.95	1.1228	0.00	1198	8	100.0	60
23-07-16	8:00 p	27.1	27.7	27.1	95	26.2	0.0	---	0.00	0.0	---	27.1	32.3	32.3	31.7	1008.1	0.00	0.0	0	0.00	0	0.0	0.00	0.0	0.000	0.366	28.6	89	26.6	35.4	19.61	1.1246	0.00	1184	8	100.0	60
23-07-16	9:00 p	26.8	27.1	26.8	96	26.1	0.0	---	0.00	0.0	---	26.8	31.8	31.8	31.1	1008.7	0.00	0.0	0	0.00	0	0.0	0.00	0.0	0.000	0.354	28.2	90	26.4	34.6	20.23	1.1269	0.00	1183	8	100.0	60
23-07-16	10:00 p	26.7	26.8	26.7	96	26.0	0.0	---	0.00	0.0	---	26.7	31.3	31.3	30.6	1009.1	0.00	0.0	0	0.00	0	0.0	0.00	0.0	0.000	0.347	28.0	91	26.4	34.2	20.86	1.1282	0.00	1195	8	100.0	60
23-07-16	11:00 p	26.7	26.7	26.6	97	26.2	0.0	---	0.00	0.0	---	26.7	31.5	31.5	30.8	1009.1	0.00	0.0	0	0.00	0	0.0	0.00	0.0	0.000	0.347	27.9	91	26.3	33.9	20.87	1.1289	0.00	1197	8	100.0	60
23-07-17	12:00 a	26.7	26.7	26.6	98	26.4	0.0	SE	0.00	0.9	SE	26.7	31.8	31.8	31.2	1008.6	1.02	3.3	0	0.00	0	0.0	0.00	0.0	0.000	0.350	28.1	91	26.4	34.4	20.85	1.1273	0.00	1189	8	100.0	60
23-07-17	1:00 a	26.7	26.8	26.7	98	26.4	0.0	---	0.00	0.0	---	26.7	31.8	31.8	31.2	1008.2	1.52	2.5	0	0.00	0	0.0	0.00	0.0	0.000	0.350	27.9	92	26.5	34.1	21.19	1.1274	0.00	1195	8	100.0	60
23-07-17	2:00 a	26.4	26.8	26.4	98	26.0	0.0	---	0.00	0.0	---	26.4	30.9	30.9	30.2	1007.4	0.51	2.0	0	0.00	0	0.0	0.00	0.0	0.000	0.336	27.7	92	26.2	33.4	21.19	1.1278	0.00	1188	8	100.0	60
23-07-17	3:00 a	26.4	26.5	26.4	98	26.1	0.0	SE	0.00	0.4	SE	26.4	31.1	31.1	30.4	1007.3	0.00	0.0	0	0.00	0	0.0	0.00	0.0	0.000	0.338	27.6	92	26.2	33.3	21.18	1.1280	0.00	1196	8	100.0	60
23-07-17	4:00 a	26.4	26.5	26.4	98	26.1	0.0	SE	0.00	0.4	SE	26.4	31.1	31.1	30.4	1007.2	0.00	0.0	0	0.00	0	0.0	0.00	0.0	0.000	0.338	27.6	92	26.1	33.1	21.18	1.1283	0.00	1196	8	100.0	60
23-07-17	5:00 a	26.3	26.4	26.2	98	25.9	0.0	SE	0.00	0.4	SE	26.3	30.7	30.7	29.9	1007.2	0.00	0.0	0	0.00	0	0.0	0.00	0.0	0.000	0.331	27.4	92	26.0	32.6	21.18	1.1293	0.00	1190	8	100.0	60
23-07-17	6:00 a	26.4	26.4	26.2	98	26.0	0.0	SE	0.00	0.4	SE	26.4	30.9	30.9	30.6	1008.2	0.00	0.0	30	2.58	72	0.0	0.00	0.0	0.000	0.336	27.4	93	26.2	32.9	21.28	1.1297	0.03	1189	8	100.0	60
23-07-17	7:00 a	26.8	26.8	26.3	99	26.7	0.0	SE	0.00	0.4	SE	26.8	32.3	32.3	33.7	1008.7	0.00	0.0	77	6.62	139	0.1	0.04	0.6	0.000	0.354	27.9	93	26.7	34.3	21.29	1.1276	0.05	1198	8	100.0	60
23-07-17	8:00 a	27.6	27.6	26.9	99	27.4	0.0	SE	0.00	1.3	ENE	27.6	34.7	34.7	37.3	1009.6	0.00	0.0	179	15.40	348	1.2	0.51	2.3	0.000	0.387	28.4	92	27.0	35.8	21.21	1.1256	0.10	1192	8	100.0	60
23-07-17	9:00 a	28.3	28.4	27.6	95	27.5	0.4	SE	1.61	1.3	ESE	28.3	36.3	36.3	39.4	1009.9	0.00	0.0	242	20.81	496	2.3	0.99	3.0	0.000	0.417	29.1	91	27.4	37.4	20.71	1.1227	0.15	1198	8	100.0	60
23-07-17	10:00 a	29.4	29.4	28.3	90	27.6	0.4	SE	1.61	1.3	N	29.4	38.1	38.1	42.2	1009.7	0.25	0.0	335	28.81	512	3.7	1.59	5.1	0.000	0.461	29.4	91	27.8	38.4	20.66	1.1204	0.23	1198	8	100.0	60
23-07-17	11:00 a	29.6	30.7	29.4	89	27.5	0.4	SE	1.61	3.1	SE	29.6	38.4	38.4	44.1	1009.7	0.00	0.0	502	43.18	777	5.5	2.36	6.6	0.000	0.468	30.1	87	27.7	39.4	18.38	1.1182	0.33	1198	8	100.0	60
23-07-17	12:00 p	31.3	31.3	29.3	84	28.2	0.9	ESE	3.22	4.0	SSE	31.3	42.9	42.9	49.1	1009.4	0.00	0.0	567	48.77	1021	8.3	3.56	11.4	0.000	0.539	30.7	87	28.3	42.2	18.32	1.1140	0.41	1199	8	100.0	60
23-07-17	1:00 p	30.4	31.3	29.8	86	27.8	0.9	SSE	3.22	4.0	NNW	30.4	40.6	40.6	45.3	1008.4	0.00	0.0	400	34.40	543	5.9	2.53	10.2	0.000	0.502	30.6	86	27.9	41.3	17.93	1.1142	0.30	1193	8	100.0	60
23-07-17	2:00 p	28.6	30.4	28.6	90	26.8	0.9	SSE	3.22	3.1	ESE	28.6	35.6	35.6	36.7	1008.1	0.00	0.0	97	8.34	225	1.2	0.51	3.2	0.000	0.426	29.6	87	27.2	37.9	18.43	1.1191	0.08	1198	8	100.0	60
23-07-17	3:00 p	27.6	28.6	27.6	94	26.5	0.4	SE	1.61	4.0	ENE	27.6	33.5	33.5	33.7	1008.5	0.51	8.6	34	2.92	70	0.2	0.09	0.8	0.000	0.384	29.2	88	27.0	37.0	18.90	1.1218	0.03	1199	8	100.0	60
23-07-17	4:00 p	24.6	27.6	24.5	94	23.5	1.3	NE	4.83	5.8	NE	24.6	26.8	26.8	26.3	1008.2	2.79	28.2	1	0.09	5	0.0	0.00	0.0	0.000	0.259	27.1	84	24.1	30.5	17.42	1.1358	0.00	1199	8	100.0	60
23-07-17	5:00 p	24.3	24.6	24.3	96	23.7	0.4	NNW	1.61	4.0	NNW	24.3	26.6	26.6	26.1	1008.6	1.78	16.0	0	0.00	0	0.0	0.00	0.0	0.000	0.250	26.3	88	24.2	29.5	19.37	1.1388	0.00	1198	8	100.0	60
23-07-17	6:00 p	24.2	24.4	24.2	96	23.5	0.0	SSE	0.00	1.8	SSW	24.2	26.3	26.3	25.7	1008.7	0.25	0.0	0	0.00	0	0.0	0.00	0.0	0.000	0.243	26.2	88	24.0	29.2	19.39	1.1399	0.00	1196	8	100.0	60
23-07-17	7:00 p	24.6	24.6	24.2	98	24.2	0.4	S	1.61	2.2	NE	24.6	26.9	26.9	26.3	1009.0	0.00	0.0	0	0.00	0	0.0	0.00	0.0	0.000	0.259	25.9	91	24.3	28.9	21.02	1.1407	0.00	1194	8	100.0	60
23-07-17	8:00 p	25.4	25.4	24.6	93	24.2	0.9	ENE	3.22	6.3	ESE	25.4	28.1	28.1	27.5	1008.3	0.00	0.0	0	0.00	0	0.0	0.00	0.0	0.000	0.294	26.4	88	24.3	29.7	19.37	1.1378	0.00	1194	8	100.0	60
23-07-17	9:00 p	25.6	25.7	25.4	91	24.0	1.3	NE	4.83	4.9	N	25.6	28.4	28.4	27.8	1007.8	0.00	0.0	0	0.00	0	0.0	0.00	0.0	0.000	0.303	26.5	88	24.3	29.8	19.36	1.1369	0.03	1192	8	100.0	60
23-07-17	10:00 p	24.8	25.7	24.8	95	23.9	0.0	WSW	0.00	1.8	SW	24.8	27.2	27.2	26.6	1007.7	0.00	0.0	0	0.00	0	0.0	0.00	0.0	0.000	0.269	26.0	89	24.0	28.9	19.95	1.1393	0.00	1197	8	100.0	60
23-07-17	11:00 p	23.9	24.8	23.9	96	23.3	0.0	WSW	0.00	0.4	WSW	23.9	26.1	26.1	25.4	1007.3	0.00	0.0	0	0.00	0	0.0	0.00	0.0	0.000	0.234	25.4	90	23.7	28.0	20.45	1.1417	0.00	1196	8	100.0	60
23-07-18	12:00 a	23.7	23.9	23.7	97	23.2	0.0	WSW	0.00	0.4	WSW	23.7	25.6	25.6	24.9	1006.9	0.00	0.0	0	0.00	0	0.0	0.00	0.0	0.000	0.222	25.3	90	23.5	27.7	20.45	1.1422	0.00	1197	8	100.0	60
23-07-18	1:00 a	23.6	23.7	23.6	98	23.2	0.0	WSW	0.00	0.4	WSW	23.6	25.5	25.5	24.8	1006.7	0.00	0.0	0	0.00	0	0.0	0.00	0.0	0.000	0.218	25.1	91	23.5	27.5	20.99	1.1426	0.00	1194	8	100.0	60
23-07-18	2:00 a	23.6	23.6	23.5	98	23.2	0.0	---	0.00	0.0	---	23.6	25.5	25.5	24.8	1006.3	0.00	0.0	0	0.00	0	0.0	0.00	0.0	0.000	0.218	25.0	91	23.4	27.3	20.99	1.1428	0.00	1198	8	100.0	60
23-07-18	3:00 a	23.6	23.7	23.5	98	23.3	0.0	---	0.00	0.0	---	23.6	25.6	25.6	24.9	1006.5	0.00	0.0	0	0.00	0	0.0	0.00	0.0	0.000	0.220	25.0	92	23.6	27.3	21.09	1.1426	0.00	1194	8	100.0	60
23-07-18	4:00 a	23.6	23.7	23.6	98	23.3	0.0	---	0.00	0.0	---	23.6	25.6	25.6	24.9	1006.6	0.00	0.0	0	0.00	0	0.0	0.00	0.0	0.000	0.220	24.9	92	23.6	27.3	21.09	1.1431	0.00	1190	8	100.0	60
23-07-18	5:00 a	23.4	23.7	23.4	98	23.1	0.0	---	0.00	0.0	---	23.4	25.3	25.3	24.7	1007.8	0.00	0.0	0	0.00	0	0.0	0.00	0.0	0.000	0.213	24.8	92	23.4	27.0	21.08	1.1454	0.00	1198	8	100.0	60
23-07-18	6:00 a	23.8	23.8	23.4	98	23.5	0.0	---	0.00	0.0	---	23.8	25.9	25.9	25.3	1008.5	0.00	0.0	0	0.00	7	0.0	0.00	0.0	0.000	0.229	25.0	93	23.8	27.4	21.19	1.1447	0.00	1194	8	100.0	60
23-07-18	7:00 a	24.9	24.9	23.8	99	24.8	0.0	NNW	0.00	1.3	N	24.9	27.7	27.7	28.2	1009.1	0.00	0.0	39	3.35	81	0.0	0.00	0.0	0.000	0.275	25.7	93	24.4	28.7	21.21	1.1414	0.03	1193	8	100.0	60
23-07-18	8:00 a	25.9	25.9	24.9	99	25.8	0.0	S	0.00	0.4	S	25.9	29.9	29.9	31.4	1009.3	0.00	0.0	111	9.55	179	0.8	0.34	1.5	0.000	0.317	26.4	93	25.2	30.4	21.24	1.1370	0.08	1197	8	100.0	60
23-07-18	9:00 a	27.6	27.7	25.9	99	27.4	0.0	S	0.00	0.4	S	27.6	34.7	34.7	38.0	1010.0	0.00	0.0	256	22.02	413	2.4	1.03	3.3	0.000	0.387	27.6	93	26.4	33.5	21.28	1.1307	0.15	1197	8	100.0	60
23-07-18	10:00 a	28.6	28.6	27.6	97	28.0	0.0	S	0.00	0.9	S	28.6	37.5	37.5	41.2	1009.7	0.00	0.0	300	25.80	657	3.8	1.63	5.8	0.000	0.426	28.7	93	27.4	36.8	21.32	1.1239	0.20	1196	8	100.0	60
23-07-18	11:00 a	30.3	30.3	28.6	90	28.5	0.4	W	1.61	2.2	SE	30.3	41.8	41.8	46.3	1009.3	0.00	0.0	372	32.00	494	5.0	2.14	6.5	0.000	0.498	29.3	91	27.7	38.3	20.67	1.1203	0.25	1194	8	100.0	60
23-07-18	12:00 p	31.8	31.9	30.3	81	28.1	0.9	SE	3.22	3.1	SSE	31.8	43.9	43.9	49.7	1008.3	0.00	0.0	517	44.47	1018	8.1	3.47	12.0	0.000	0.560	30.2	88	28.0	40.3	18.77	1.1154	0.38	1195	8	100.0	60
23-07-18	1:00 p	32.2	32.6	31.5	81	28.5	0.9	ESE	3.22	4.0	SE	32.2	45.7	45.7	51.3	1007.6	0.00	0.0	498	42.83	1125	9.7	4.16	11.9	0.000	0.576	30.9	86	28.3	42.4	17.89	1.1112	0.43	1195	8	100.0	60
23-07-18	2:00 p	32.0	32.5	31.4	81	28.3	0.9	SE	3.22	4.5	SSE	32.0	44.9	44.9	52.0	1007.6	0.00	0.0	700	60.21	1041	7.2	3.09	10.2	0.000	0.569	30.9	84	27.9	41.6	17.14	1.1119	0.48	1197	8	100.0	60
23-07-18	3:00 p	32.1	32.2	31.2	78	27.7	0.9	SE	3.22	4.5	SSE	32.1	43.6	43.6	50.1	1007.3	0.00	0.0	489	42.06	826	4.6	1.97	6.9	0.000	0.572	30.4	86	27.8	40.8	17.94	1.1135	0.36	1196	8	100.0	60
23-07-18	4:00 p	30.7	32.1	30.7	85	27.9	0.4	S	1.61	3.1	SE	30.7	41.3	41.3	45.4	1007.1	0.00	0.0	219	18.84	759	1.9	0.81	4.2	0.000	0.516	30.1	87	27.7	39.4	18.38	1.1153	0.18	1196	8	100.0	60
23-07-18	5:00 p	28.8	30.7	28.8	85	26.1	0.0	S	0.00	1.8	NE	28.8	35.4	35.4	36.3	1007.7	0.00	0.0	46	3.96	84	0.1	0.04	0.8	0.000	0.438	29.4	86	26.9	37.2	18.05	1.1201	0.03	1193	8	100.0	60
23-07-18	6:00 p	27.7	28.8	27.7	90	25.9	0.0	NNE	0.00	1.8	NE	27.7	33.1	33.1	32.6	1008.6	0.00	0.0	13	1.12	46	0.0	0.00	0.0	0.000	0.389	28.8	87	26.4	35.7	18.52	1.1247	0.03	1197	8	100.0	60
23-07-18	7:00 p	26.4	27.7	26.4	94	25.4	0.0	NNW	0.00	1.3	NNW	26.4	30.5	30.5	29.9	1008.7	0.00	0.0	0	0.00	0	0.0	0.00	0.0	0.000	0.338	28.2	88	26.0	34.1	19.08	1.1280	0.00	1188	8	100.0	60
23-07-18	8:00 p	25.6	26.4	25.6	95	24.7	0.0	---	0.00	0.0	---	25.6	28.6	28.6	27.9	1008.7	0.00	0.0	0	0.00	0	0.0	0.00	0.0	0.000	0.301	27.3	88	25.2	31.8	19.23	1.1330	0.00	1197	8	100.0	60
23-07-18	9:00 p	25.2	25.6	25.2	96	24.5	0.0	---	0.00	0.0	---	25.2	28.0	28.0	27.3	1009.1	0.25	0.0	0	0.00	0	0.0	0.00	0.0	0.000	0.287	26.9	89	24.9	30.8	19.91	1.1357	0.00	1196	8	100.0	60
23-07-18	10:00 p	25.1	25.3	25.0	96	24.4	0.0	---	0.00	0.0	---	25.1	27.7	27.7	27.0	1009.3	0.00	0.0	0	0.00	0	0.0	0.00	0.0	0.000	0.280	26.6	90	24.8	30.3	20.45	1.1372	0.00	1194	8	100.0	60
23-07-18	11:00 p	24.8	25.1	24.8	97	24.3	0.0	---	0.00	0.0	---	24.8	27.3	27.3	26.6	1009.0	0.00	0.0	0	0.00	0	0.0	0.00	0.0	0.000	0.269	26.4	90	24.6	29.9	20.45	1.1382	0.00	1198	8	100.0	60
23-07-19	12:00 a	24.6	24.8	24.6	97	24.0	0.0	---	0.00	0.0	---	24.6	26.9	26.9	26.3	1008.2	0.00	0.0	0	0.00	0	0.0	0.00	0.0	0.000	0.259	26.1	90	24.3	29.2	20.45	1.1392	0.00	1198	8	100.0	60
23-07-19	1:00 a	24.3	24.6	24.3	97	23.8	0.0	---	0.00	0.0	---	24.3	26.6	26.6	25.8	1007.9	0.00	0.0	0	0.00	0	0.0	0.00	0.0	0.000	0.250	25.8	91	24.3	28.8	21.02	1.1397	0.00	1194	8	100.0	60
23-07-19	2:00 a	24.1	24.3	24.1	97	23.6	0.0	---	0.00	0.0	---	24.1	26.3	26.3	25.6	1007.5	0.00	0.0	0	0.00	0	0.0	0.00	0.0	0.000	0.241	25.6	91	24.0	28.4	21.01	1.1406	0.00	1196	8	100.0	60
23-07-19	3:00 a	24.2	24.2	24.1	98	23.8	0.0	---	0.00	0.0	---	24.2	26.4	26.4	25.7	1007.4	0.00	0.0	0	0.00	0	0.0	0.00	0.0	0.000	0.243	25.6	91	24.0	28.4	21.01	1.1405	0.00	1195	8	100.0	60
23-07-19	4:00 a	24.1	24.2	24.1	98	23.8	0.0	---	0.00	0.0	---	24.1	26.3	26.3	25.6	1007.4	0.00	0.0	0	0.00	0	0.0	0.00	0.0	0.000	0.241	25.4	92	24.0	28.2	21.11	1.1410	0.00	1195	8	100.0	60
23-07-19	5:00 a	24.0	24.1	24.0	98	23.7	0.0	---	0.00	0.0	---	24.0	26.1	26.1	25.4	1007.5	0.00	0.0	0	0.00	0	0.0	0.00	0.0	0.000	0.236	25.3	91	23.7	27.8	21.00	1.1425	0.00	1195	8	100.0	60
23-07-19	6:00 a	24.1	24.1	23.9	98	23.7	0.0	---	0.00	0.0	---	24.1	26.2	26.2	25.6	1007.8	0.00	0.0	4	0.34	12	0.0	0.00	0.0	0.000	0.238	25.3	92	23.9	27.9	21.10	1.1422	0.00	1195	8	100.0	60
23-07-19	7:00 a	24.7	24.7	24.1	99	24.5	0.0	---	0.00	0.0	---	24.7	27.2	27.2	27.2	1008.5	0.00	0.0	20	1.72	26	0.0	0.00	0.0	0.000	0.264	26.2	93	24.9	29.8	21.23	1.1377	0.00	1197	8	100.0	60
23-07-19	8:00 a	26.2	26.2	24.6	99	26.0	0.0	NNW	0.00	0.4	NNW	26.2	30.5	30.5	32.2	1009.0	0.00	0.0	123	10.58	533	0.7	0.30	2.9	0.000	0.326	27.7	92	26.3	33.6	21.19	1.1294	0.08	1199	8	100.0	60
23-07-19	9:00 a	27.2	27.4	26.2	97	26.7	0.0	NNW	0.00	0.9	NNW	27.2	33.0	33.0	37.3	1009.7	0.00	0.0	340	29.24	659	3.1	1.33	5.3	0.000	0.370	28.6	90	26.8	35.6	20.18	1.1259	0.23	1200	8	100.0	60
23-07-19	10:00 a	31.7	31.7	27.2	79	27.6	0.4	SSW	1.61	1.8	SW	31.7	42.5	42.5	49.7	1009.5	0.00	0.0	811	69.76	958	5.4	2.31	7.7	0.000	0.556	29.9	86	27.3	38.5	18.00	1.1195	0.48	1198	8	100.0	60
23-07-19	11:00 a	33.6	33.6	31.7	73	28.1	0.9	S	3.22	2.2	SSE	33.6	47.7	47.7	54.4	1009.3	0.00	0.0	946	81.37	979	5.9	2.53	11.1	0.000	0.637	31.2	81	27.5	40.9	16.03	1.1140	0.66	1196	8	100.0	60
23-07-19	12:00 p	34.2	34.6	33.6	72	28.4	0.9	SSW	3.22	2.7	SSW	34.2	49.3	49.3	56.7	1008.4	0.00	0.0	795	68.38	1099	10.7	4.59	11.9	0.000	0.660	31.9	80	28.1	44.1	15.57	1.1088	0.56	1197	8	100.0	60
23-07-19	1:00 p	34.4	34.6	34.1	70	28.1	0.9	SSE	3.22	2.2	SSE	34.4	48.3	48.3	54.6	1007.6	0.00	0.0	570	49.03	956	10.7	4.59	11.4	0.000	0.669	31.8	78	27.5	42.7	14.81	1.1096	0.41	1195	8	100.0	60
23-07-19	2:00 p	34.3	34.4	33.9	71	28.3	0.9	SE	3.22	2.7	SSE	34.3	48.8	48.8	56.2	1006.8	0.00	0.0	867	74.57	937	8.4	3.60	9.8	0.000	0.664	31.6	82	28.1	43.3	16.40	1.1083	0.61	1195	8	100.0	60
23-07-19	3:00 p	33.7	34.5	33.7	72	28.0	0.9	S	3.22	3.1	ESE	33.7	47.4	47.4	55.4	1006.3	0.00	0.0	706	60.72	795	5.3	2.27	6.8	0.000	0.641	31.1	82	27.6	41.0	16.43	1.1107	0.51	1197	8	100.0	60
23-07-19	4:00 p	31.8	33.8	31.8	81	28.2	0.4	SSE	1.61	2.7	SSE	31.8	44.2	44.2	50.1	1006.5	0.00	0.0	354	30.45	652	2.2	0.94	3.8	0.000	0.563	30.6	85	27.8	40.9	17.52	1.1121	0.25	1197	8	100.0	60
23-07-19	5:00 p	30.3	31.8	30.3	85	27.5	0.4	SE	1.61	1.8	E	30.3	39.6	39.6	41.3	1006.6	0.00	0.0	74	6.36	253	0.4	0.17	1.2	0.000	0.498	30.3	87	27.9	40.7	18.35	1.1130	0.05	1197	8	100.0	60
23-07-19	6:00 p	29.1	30.3	29.1	91	27.5	0.0	SE	0.00	0.9	SE	29.1	37.6	37.6	37.3	1007.1	0.00	0.0	17	1.46	58	0.0	0.00	0.0	0.000	0.449	30.1	87	27.7	39.7	18.38	1.1149	0.03	1199	8	100.0	60
23-07-19	7:00 p	28.3	29.1	28.2	93	27.0	0.0	SE	0.00	0.4	SE	28.3	35.6	35.6	35.0	1007.5	0.00	0.0	0	0.00	0	0.0	0.00	0.0	0.000	0.414	29.4	88	27.2	37.6	18.86	1.1192	0.00	1193	8	100.0	60
23-07-19	8:00 p	27.6	28.3	27.6	94	26.5	0.0	---	0.00	0.0	---	27.6	33.5	33.5	32.9	1008.0	0.00	0.0	0	0.00	0	0.0	0.00	0.0	0.000	0.384	28.8	89	26.8	36.1	19.57	1.1231	0.00	1194	8	100.0	60
23-07-19	9:00 p	27.2	27.6	27.2	95	26.4	0.0	---	0.00	0.0	---	27.2	32.6	32.6	32.0	1008.4	0.00	0.0	0	0.00	0	0.0	0.00	0.0	0.000	0.370	28.4	90	26.6	35.2	20.19	1.1252	0.00	1197	8	100.0	60
23-07-19	10:00 p	27.0	27.3	27.0	96	26.3	0.0	---	0.00	0.0	---	27.0	32.2	32.2	31.6	1008.7	0.00	0.0	0	0.00	0	0.0	0.00	0.0	0.000	0.361	28.2	91	26.6	34.7	20.83	1.1268	0.00	1198	8	100.0	60
23-07-19	11:00 p	26.8	27.1	26.8	96	26.1	0.0	---	0.00	0.0	---	26.8	31.6	31.6	30.9	1008.2	0.00	0.0	0	0.00	0	0.0	0.00	0.0	0.000	0.352	27.9	91	26.3	34.1	20.87	1.1275	0.00	1198	8	100.0	60
23-07-20	12:00 a	26.6	26.8	26.6	97	26.1	0.0	---	0.00	0.0	---	26.6	31.4	31.4	30.7	1008.0	0.00	0.0	0	0.00	0	0.0	0.00	0.0	0.000	0.345	27.8	92	26.4	33.8	21.19	1.1279	0.00	1199	8	100.0	60
23-07-20	1:00 a	26.3	26.6	26.3	97	25.8	0.0	---	0.00	0.0	---	26.3	30.7	30.7	30.0	1007.7	0.00	0.0	0	0.00	0	0.0	0.00	0.0	0.000	0.333	27.4	91	25.8	32.6	20.94	1.1299	0.00	1191	8	100.0	60
23-07-20	2:00 a	25.9	26.3	25.9	97	25.4	0.0	---	0.00	0.0	---	25.9	29.7	29.7	29.1	1007.5	0.00	0.0	0	0.00	0	0.0	0.00	0.0	0.000	0.317	27.2	91	25.6	31.8	20.98	1.1313	0.00	1195	8	100.0	60
23-07-20	3:00 a	25.6	25.9	25.6	97	25.1	0.0	---	0.00	0.0	---	25.6	28.9	28.9	28.2	1007.2	0.00	0.0	0	0.00	0	0.0	0.00	0.0	0.000	0.303	26.8	91	25.2	31.0	21.03	1.1330	0.00	1199	8	100.0	60
23-07-20	4:00 a	25.3	25.6	25.3	97	24.8	0.0	---	0.00	0.0	---	25.3	28.2	28.2	27.5	1007.1	0.00	0.0	0	0.00	0	0.0	0.00	0.0	0.000	0.289	26.6	92	25.1	30.5	21.15	1.1342	0.00	1195	8	100.0	60
23-07-20	5:00 a	25.2	25.3	25.1	97	24.7	0.0	---	0.00	0.0	---	25.2	28.0	28.0	27.3	1007.5	0.00	0.0	0	0.00	0	0.0	0.00	0.0	0.000	0.285	26.4	92	25.0	30.1	21.14	1.1355	0.00	1194	8	100.0	60
23-07-20	6:00 a	24.9	25.2	24.9	97	24.4	0.0	---	0.00	0.0	---	24.9	27.6	27.6	26.8	1007.9	0.00	0.0	4	0.34	14	0.0	0.00	0.0	0.000	0.275	26.3	92	24.9	29.9	21.14	1.1367	0.00	1197	8	100.0	60
23-07-20	7:00 a	25.6	25.6	24.9	98	25.3	0.0	---	0.00	0.0	---	25.6	29.0	29.0	29.1	1008.2	0.00	0.0	21	1.81	28	0.0	0.00	0.0	0.000	0.303	27.2	93	25.9	32.1	21.27	1.1313	0.03	1198	8	100.0	60
23-07-20	8:00 a	26.8	26.8	25.6	99	26.6	0.0	SE	0.00	0.9	SE	26.8	32.2	32.2	33.6	1008.4	0.00	0.0	106	9.12	508	0.7	0.30	2.8	0.000	0.352	28.6	91	27.0	36.1	20.77	1.1237	0.08	1194	8	100.0	60
23-07-20	9:00 a	30.8	30.8	26.8	84	27.8	0.4	SE	1.61	1.8	SSE	30.8	41.2	41.2	48.1	1008.4	0.00	0.0	644	55.39	745	4.3	1.84	5.9	0.000	0.521	30.2	85	27.4	39.2	17.57	1.1171	0.41	1196	8	100.0	60
23-07-20	10:00 a	33.1	33.1	30.8	75	28.1	0.4	SE	1.61	2.2	SSE	33.1	46.7	46.7	53.8	1008.4	0.00	0.0	836	71.91	954	6.0	2.57	7.2	0.000	0.616	31.3	79	27.3	40.9	15.25	1.1130	0.56	1195	8	100.0	60
23-07-20	11:00 a	34.1	34.2	33.1	73	28.6	0.9	SE	3.22	3.1	SE	34.1	49.9	49.9	56.6	1007.7	0.00	0.0	954	82.05	1037	5.8	2.49	11.1	0.000	0.657	32.1	80	28.2	44.5	15.56	1.1073	0.66	1197	8	100.0	60
23-07-20	12:00 p	33.6	34.2	33.4	74	28.3	0.9	SE	3.22	4.0	SSE	33.6	48.1	48.1	55.4	1007.3	0.00	0.0	790	67.95	1042	10.8	4.63	11.7	0.000	0.634	32.6	80	28.7	46.8	15.53	1.1038	0.56	1196	8	100.0	60
23-07-20	1:00 p	33.6	33.9	33.3	73	28.1	1.3	SE	4.83	4.5	SE	33.6	47.7	47.7	54.1	1006.7	0.00	0.0	591	50.83	963	10.7	4.59	11.5	0.000	0.637	32.3	80	28.4	45.4	15.55	1.1049	0.43	1196	8	100.0	60
23-07-20	2:00 p	33.1	34.0	32.8	77	28.5	1.3	SE	4.83	4.5	SSE	33.1	47.6	47.6	54.7	1006.1	0.00	0.0	832	71.56	942	8.0	3.43	9.6	0.000	0.613	31.8	82	28.4	44.8	16.38	1.1058	0.56	1199	8	100.0	60
23-07-20	3:00 p	32.8	33.5	32.8	78	28.4	0.9	ESE	3.22	4.0	ESE	32.8	46.8	46.8	54.4	1006.0	0.00	0.0	668	57.46	807	5.2	2.23	6.8	0.000	0.602	31.4	84	28.4	43.5	17.11	1.1073	0.46	1199	8	100.0	60
23-07-20	4:00 p	31.4	32.8	31.4	82	28.0	0.9	SE	3.22	3.1	S	31.4	42.8	42.8	49.7	1006.0	0.00	0.0	425	36.55	547	2.4	1.03	3.3	0.000	0.546	31.1	85	28.3	42.5	17.47	1.1084	0.30	1196	8	100.0	60
23-07-20	5:00 p	30.7	31.6	30.7	85	27.9	0.4	SE	1.61	3.1	SSE	30.7	41.1	41.1	42.5	1005.8	0.00	0.0	62	5.33	311	0.4	0.17	1.3	0.000	0.514	30.8	86	28.2	42.0	17.91	1.1098	0.05	1193	8	100.0	60
23-07-20	6:00 p	29.2	30.7	29.2	91	27.6	0.0	E	0.00	1.3	ENE	29.2	37.9	37.9	37.6	1006.3	0.00	0.0	14	1.20	28	0.0	0.00	0.0	0.000	0.454	30.4	87	28.0	41.2	18.34	1.1119	0.03	1195	8	100.0	60
23-07-20	7:00 p	28.4	29.2	28.4	93	27.2	0.0	E	0.00	0.4	E	28.4	36.1	36.1	35.5	1006.6	0.00	0.0	0	0.00	0	0.0	0.00	0.0	0.000	0.421	29.8	88	27.6	38.8	18.81	1.1158	0.00	1194	8	100.0	60
23-07-20	8:00 p	28.1	28.5	28.1	94	27.0	0.0	---	0.00	0.0	---	28.1	35.1	35.1	34.6	1006.8	0.00	0.0	0	0.00	0	0.0	0.00	0.0	0.000	0.405	29.3	89	27.3	37.7	19.47	1.1184	0.00	1196	8	100.0	60
23-07-20	9:00 p	27.6	28.1	27.5	95	26.7	0.0	---	0.00	0.0	---	27.6	33.7	33.7	33.1	1007.4	0.00	0.0	0	0.00	0	0.0	0.00	0.0	0.000	0.384	28.8	90	27.0	36.5	20.14	1.1216	0.00	1198	8	100.0	60
23-07-20	10:00 p	27.3	27.6	27.2	96	26.6	0.0	---	0.00	0.0	---	27.3	33.0	33.0	32.4	1007.5	0.00	0.0	0	0.00	0	0.0	0.00	0.0	0.000	0.373	28.6	91	27.0	36.1	20.77	1.1227	0.00	1199	8	100.0	60
23-07-20	11:00 p	27.1	27.3	27.1	96	26.4	0.0	E	0.00	0.4	E	27.1	32.4	32.4	31.8	1007.7	0.00	0.0	0	0.00	0	0.0	0.00	0.0	0.000	0.363	28.4	90	26.6	35.2	20.19	1.1243	0.00	1197	8	100.0	60
23-07-21	12:00 a	26.7	27.1	26.7	96	26.0	0.0	---	0.00	0.0	---	26.7	31.5	31.5	30.9	1007.4	0.00	0.0	0	0.00	0	0.0	0.00	0.0	0.000	0.350	28.0	91	26.4	34.2	20.86	1.1263	0.00	1199	8	100.0	60
23-07-21	1:00 a	26.6	26.7	26.6	97	26.1	0.0	---	0.00	0.0	---	26.6	31.4	31.4	30.8	1006.8	0.00	0.0	0	0.00	0	0.0	0.00	0.0	0.000	0.345	27.8	91	26.2	33.7	20.88	1.1266	0.00	1195	8	100.0	60
23-07-21	2:00 a	26.3	26.6	26.3	97	25.8	0.0	---	0.00	0.0	---	26.3	30.6	30.6	29.9	1006.3	0.00	0.0	0	0.00	0	0.0	0.00	0.0	0.000	0.331	27.6	91	26.0	32.9	20.92	1.1276	0.00	1193	8	100.0	60
23-07-21	3:00 a	26.2	26.3	26.2	97	25.7	0.0	E	0.00	0.4	E	26.2	30.2	30.2	29.6	1006.8	0.00	0.0	0	0.00	0	0.0	0.00	0.0	0.000	0.326	27.5	92	26.1	32.9	21.18	1.1281	0.00	1194	8	100.0	60
23-07-21	4:00 a	26.1	26.2	26.1	97	25.5	0.0	---	0.00	0.0	---	26.1	30.0	30.0	29.3	1006.7	0.00	0.0	0	0.00	0	0.0	0.00	0.0	0.000	0.322	27.3	91	25.7	32.1	20.96	1.1298	0.00	1195	8	100.0	60
23-07-21	5:00 a	25.8	26.1	25.8	97	25.3	0.0	---	0.00	0.0	---	25.8	29.3	29.3	28.7	1006.7	0.00	0.0	0	0.00	0	0.0	0.00	0.0	0.000	0.310	27.0	92	25.6	31.6	21.16	1.1310	0.00	1197	8	100.0	60
23-07-21	6:00 a	25.7	25.8	25.6	98	25.3	0.0	---	0.00	0.0	---	25.7	29.2	29.2	28.6	1006.8	0.00	0.0	5	0.43	16	0.0	0.00	0.0	0.000	0.306	26.9	92	25.5	31.4	21.16	1.1314	0.00	1196	8	100.0	60
23-07-21	7:00 a	26.3	26.3	25.7	98	25.9	0.0	E	0.00	0.4	E	26.3	30.7	30.7	30.8	1007.4	0.00	0.0	25	2.15	33	0.0	0.00	0.0	0.000	0.331	27.7	92	26.3	33.6	21.19	1.1275	0.03	1189	8	100.0	60
23-07-21	8:00 a	27.3	27.3	26.2	99	27.2	0.0	E	0.00	0.9	E	27.3	33.8	33.8	35.2	1007.6	0.00	0.0	106	9.12	503	0.6	0.26	2.7	0.000	0.375	29.1	91	27.4	37.4	20.71	1.1200	0.08	1198	8	100.0	60
23-07-21	9:00 a	31.2	31.2	27.4	86	28.5	0.4	E	1.61	1.3	E	31.2	43.4	43.4	50.3	1007.8	0.00	0.0	631	54.27	740	4.3	1.84	5.8	0.000	0.535	30.6	86	27.9	41.3	17.93	1.1134	0.41	1197	8	100.0	60
23-07-21	10:00 a	33.3	33.4	31.2	81	29.6	0.4	SE	1.61	3.1	ESE	33.3	52.0	52.0	59.3	1007.3	0.00	0.0	795	68.38	1000	6.2	2.66	7.2	0.000	0.625	31.6	85	28.7	44.8	17.42	1.1073	0.53	1195	8	100.0	60
23-07-21	11:00 a	33.3	33.6	33.2	80	29.4	0.9	SE	3.22	4.0	SE	33.3	50.6	50.6	58.1	1006.5	0.00	0.0	820	70.53	1092	5.8	2.49	10.5	0.000	0.623	32.0	85	29.2	47.6	17.37	1.1036	0.53	1196	8	100.0	60
23-07-21	12:00 p	33.1	33.8	33.1	80	29.2	0.9	SE	3.22	4.9	S	33.1	49.7	49.7	57.1	1006.3	0.00	0.0	798	68.64	1111	9.0	3.86	11.4	0.000	0.616	32.7	83	29.4	50.0	16.63	1.1003	0.53	1198	8	100.0	60
23-07-21	1:00 p	33.8	34.0	33.1	81	30.1	0.9	SE	3.22	4.0	S	33.8	54.9	54.9	61.5	1006.5	0.00	0.0	610	52.47	1097	10.0	4.29	11.5	0.000	0.644	32.9	82	29.4	50.4	16.30	1.0997	0.46	1197	8	100.0	60
23-07-21	2:00 p	33.1	33.8	32.5	78	28.7	0.9	SSE	3.22	4.0	SE	33.1	48.2	48.2	54.5	1006.3	0.00	0.0	544	46.79	935	6.4	2.74	8.7	0.000	0.613	32.2	81	28.5	45.9	15.95	1.1042	0.43	1196	8	100.0	60
23-07-21	3:00 p	31.3	33.7	31.3	84	28.3	0.4	ESE	1.61	3.1	SSE	31.3	43.2	43.2	47.6	1006.1	0.00	0.0	295	25.37	884	3.3	1.41	6.9	0.000	0.542	31.7	83	28.4	44.4	16.69	1.1062	0.23	1199	8	100.0	60
23-07-21	4:00 p	30.1	31.3	30.1	88	27.9	0.4	SSE	1.61	2.2	SE	30.1	40.1	40.1	41.3	1006.3	0.00	0.0	71	6.11	141	0.5	0.21	1.2	0.000	0.491	31.1	84	28.0	41.9	17.13	1.1097	0.05	1197	8	100.0	60
23-07-21	5:00 p	29.0	30.1	29.0	91	27.4	0.0	ENE	0.00	2.2	SSE	29.0	37.3	37.3	37.3	1005.9	0.25	0.0	14	1.20	33	0.0	0.00	0.0	0.000	0.444	30.4	87	28.0	41.2	18.34	1.1115	0.00	1197	8	100.0	60
23-07-21	6:00 p	27.2	29.1	27.2	94	26.2	0.4	NE	1.61	4.5	W	27.2	32.4	32.4	31.9	1008.5	11.18	68.3	1	0.09	11	0.0	0.00	0.0	0.000	0.370	29.1	86	26.5	36.3	18.09	1.1230	0.00	1196	8	100.0	60
23-07-21	7:00 p	26.3	27.2	26.3	96	25.6	0.0	WNW	0.00	1.3	NW	26.3	30.4	30.4	29.8	1008.8	13.46	78.2	0	0.00	0	0.0	0.00	0.0	0.000	0.331	28.3	88	26.2	34.5	19.05	1.1272	0.00	1195	8	100.0	60
23-07-21	8:00 p	26.2	26.3	26.1	97	25.7	0.0	WNW	0.00	0.4	WNW	26.2	30.2	30.2	29.7	1009.7	0.25	0.0	0	0.00	0	0.0	0.00	0.0	0.000	0.326	28.1	89	26.1	33.9	19.70	1.1295	0.00	1195	8	100.0	60
23-07-21	9:00 p	26.2	26.2	26.1	97	25.7	0.0	NW	0.00	0.9	NW	26.2	30.2	30.2	29.7	1009.1	1.02	5.3	0	0.00	0	0.0	0.00	0.0	0.000	0.326	27.8	90	26.0	33.4	20.29	1.1300	0.00	1197	8	100.0	60
23-07-21	10:00 p	26.0	26.2	25.9	97	25.5	0.0	NW	0.00	0.9	NW	26.0	29.8	29.8	29.3	1009.0	0.25	2.5	0	0.00	0	0.0	0.00	0.0	0.000	0.319	27.6	91	26.0	33.1	20.91	1.1304	0.00	1198	8	100.0	60
23-07-21	11:00 p	25.8	26.0	25.8	97	25.3	0.0	NE	0.00	2.2	NE	25.8	29.4	29.4	28.9	1008.7	0.00	0.0	0	0.00	0	0.0	0.00	0.0	0.000	0.313	27.6	90	25.8	32.7	20.32	1.1309	0.00	1195	8	100.0	60
23-07-22	12:00 a	25.6	25.8	25.6	97	25.0	0.0	NE	0.00	0.4	NE	25.6	28.8	28.8	28.2	1008.4	0.00	0.0	0	0.00	0	0.0	0.00	0.0	0.000	0.301	27.2	91	25.6	31.8	20.98	1.1324	0.00	1198	8	100.0	60
23-07-22	1:00 a	25.3	25.6	25.3	98	25.0	0.0	NE	0.00	0.4	NE	25.3	28.4	28.4	27.8	1007.0	0.00	0.0	0	0.00	0	0.0	0.00	0.0	0.000	0.292	26.9	91	25.3	31.3	21.01	1.1321	0.00	1194	8	100.0	60
23-07-22	2:00 a	25.3	25.4	25.3	98	25.0	0.0	NE	0.00	0.4	NE	25.3	28.4	28.4	27.8	1006.5	0.00	0.0	0	0.00	0	0.0	0.00	0.0	0.000	0.292	26.8	92	25.4	31.0	21.15	1.1321	0.00	1198	8	100.0	60
23-07-22	3:00 a	25.3	25.3	25.3	98	25.0	0.0	---	0.00	0.0	---	25.3	28.4	28.4	27.8	1007.0	0.00	0.0	0	0.00	0	0.0	0.00	0.0	0.000	0.292	26.7	92	25.3	30.9	21.15	1.1330	0.00	1194	8	100.0	60
23-07-22	4:00 a	25.6	25.6	25.3	98	25.2	0.0	---	0.00	0.0	---	25.6	28.9	28.9	28.3	1007.6	0.00	0.0	0	0.00	0	0.0	0.00	0.0	0.000	0.301	26.8	93	25.6	31.3	21.26	1.1327	0.00	1199	8	100.0	60
23-07-22	5:00 a	25.5	25.7	25.4	98	25.2	0.0	NE	0.00	0.4	NE	25.5	28.8	28.8	28.2	1007.9	0.00	0.0	0	0.00	0	0.0	0.00	0.0	0.000	0.299	26.8	92	25.4	31.0	21.15	1.1337	0.00	1197	8	100.0	60
23-07-22	6:00 a	25.6	25.6	25.4	99	25.4	0.0	NE	0.00	0.4	NE	25.6	29.1	29.1	28.7	1008.2	0.00	0.0	9	0.77	37	0.0	0.00	0.0	0.000	0.303	26.8	93	25.6	31.3	21.26	1.1333	0.00	1191	8	100.0	60
23-07-22	7:00 a	26.1	26.1	25.6	99	25.9	0.0	NE	0.00	1.3	NE	26.1	30.2	30.2	31.2	1008.8	0.00	0.0	59	5.07	107	0.1	0.04	0.5	0.000	0.322	27.3	93	26.0	32.4	21.27	1.1313	0.03	1192	8	100.0	60
23-07-22	8:00 a	26.8	26.8	26.1	99	26.6	0.0	NE	0.00	0.9	NE	26.8	32.2	32.2	34.4	1008.6	0.00	0.0	151	12.99	445	1.1	0.47	2.4	0.000	0.352	27.9	92	26.5	34.1	21.19	1.1279	0.10	1196	8	100.0	60
23-07-22	9:00 a	28.6	28.6	26.8	96	27.9	0.4	NE	1.61	1.8	ESE	28.6	37.2	37.2	43.1	1008.5	0.00	0.0	493	42.40	687	3.4	1.46	4.8	0.000	0.426	28.9	91	27.3	37.1	20.72	1.1218	0.30	1192	8	100.0	60
23-07-22	10:00 a	30.6	30.6	28.6	84	27.6	0.4	SE	1.61	3.1	SSE	30.6	40.6	40.6	47.3	1008.5	0.00	0.0	657	56.51	947	5.0	2.14	6.4	0.000	0.512	29.8	87	27.4	38.7	18.41	1.1182	0.41	1198	8	100.0	60
23-07-22	11:00 a	31.7	31.7	30.6	80	27.8	0.9	SE	3.22	4.5	S	31.7	43.1	43.1	50.4	1008.5	0.00	0.0	859	73.88	960	5.6	2.40	8.4	0.000	0.558	30.7	85	27.9	41.1	17.52	1.1141	0.53	1198	8	100.0	60
23-07-22	12:00 p	30.5	32.2	30.4	84	27.5	0.9	SE	3.22	3.1	SE	30.5	40.2	40.2	46.4	1009.1	0.00	0.0	567	48.77	858	6.5	2.79	9.1	0.000	0.507	30.8	84	27.8	41.1	17.15	1.1146	0.38	1196	8	100.0	60
23-07-22	1:00 p	31.9	31.9	30.4	77	27.4	0.4	SE	1.61	3.1	ESE	31.9	42.6	42.6	48.4	1008.3	0.00	0.0	527	45.33	863	6.7	2.87	8.8	0.000	0.565	30.8	86	28.2	42.0	17.91	1.1127	0.36	1197	8	100.0	60
23-07-22	2:00 p	32.1	32.2	31.1	76	27.3	0.9	SE	3.22	4.0	SE	32.1	43.0	43.0	49.7	1007.4	0.00	0.0	620	53.33	900	6.2	2.66	8.5	0.000	0.574	30.8	84	27.8	41.1	17.15	1.1127	0.43	1196	8	100.0	60
23-07-22	3:00 p	31.6	32.4	31.4	78	27.2	0.9	SE	3.22	3.6	SE	31.6	41.6	41.6	49.1	1007.1	0.00	0.0	668	57.46	800	4.8	2.06	6.5	0.000	0.551	30.7	84	27.7	40.7	17.16	1.1130	0.43	1196	8	100.0	60
23-07-22	4:00 p	30.7	31.6	30.7	80	26.8	0.9	SE	3.22	3.6	ESE	30.7	39.2	39.2	46.0	1007.1	0.00	0.0	421	36.21	703	2.4	1.03	3.8	0.000	0.514	30.4	84	27.4	39.9	17.18	1.1144	0.30	1198	8	100.0	60
23-07-22	5:00 p	30.1	30.8	30.1	87	27.7	0.4	ESE	1.61	2.2	SSE	30.1	39.7	39.7	42.1	1007.4	0.00	0.0	122	10.49	192	0.5	0.21	1.1	0.000	0.491	30.2	85	27.4	39.2	17.57	1.1158	0.08	1190	8	100.0	60
23-07-22	6:00 p	28.4	30.1	28.4	90	26.6	0.0	ESE	0.00	0.4	ESE	28.4	35.2	35.2	34.7	1007.9	0.00	0.0	18	1.55	53	0.0	0.00	0.0	0.000	0.421	29.6	86	27.0	37.7	18.03	1.1193	0.03	1188	8	100.0	60
23-07-22	7:00 p	27.5	28.4	27.5	93	26.3	0.0	ESE	0.00	0.4	ESE	27.5	33.1	33.1	32.4	1008.4	0.00	0.0	0	0.00	0	0.0	0.00	0.0	0.000	0.382	28.8	88	26.6	35.9	18.97	1.1240	0.00	1191	8	100.0	60
23-07-22	8:00 p	26.9	27.5	26.8	94	25.8	0.0	---	0.00	0.0	---	26.9	31.6	31.6	30.8	1008.9	0.00	0.0	0	0.00	0	0.0	0.00	0.0	0.000	0.356	28.3	89	26.3	34.7	19.65	1.1269	0.00	1190	8	100.0	60
23-07-22	9:00 p	26.4	26.9	26.4	95	25.6	0.0	---	0.00	0.0	---	26.4	30.7	30.7	29.9	1009.7	0.00	0.0	0	0.00	0	0.0	0.00	0.0	0.000	0.338	27.9	90	26.1	33.7	20.27	1.1300	0.00	1195	8	100.0	60
23-07-22	10:00 p	26.3	26.4	26.3	96	25.6	0.0	W	0.00	1.8	W	26.3	30.6	30.6	29.8	1010.4	0.00	0.0	0	0.00	0	0.0	0.00	0.0	0.000	0.333	27.9	89	26.0	33.7	19.72	1.1309	0.00	1196	8	100.0	60
23-07-22	11:00 p	26.3	26.4	26.3	97	25.8	0.0	NW	0.00	2.2	NW	26.3	30.7	30.7	29.9	1009.7	5.33	102.4	0	0.00	0	0.0	0.00	0.0	0.000	0.333	27.8	91	26.2	33.6	20.89	1.1303	0.00	1197	8	100.0	60
23-07-23	12:00 a	26.1	26.3	26.1	97	25.5	0.0	SW	0.00	0.9	SW	26.1	30.0	30.0	29.2	1008.1	0.25	0.0	0	0.00	0	0.0	0.00	0.0	0.000	0.322	27.6	91	26.0	33.1	20.91	1.1294	0.00	1199	8	100.0	60
23-07-23	1:00 a	25.8	26.1	25.8	97	25.3	0.0	W	0.00	0.9	W	25.8	29.3	29.3	28.6	1007.3	0.00	0.0	0	0.00	0	0.0	0.00	0.0	0.000	0.310	27.2	91	25.6	31.9	20.97	1.1308	0.00	1196	8	100.0	60
23-07-23	2:00 a	25.6	25.8	25.6	97	25.0	0.0	N	0.00	1.3	N	25.6	28.8	28.8	28.0	1006.4	0.00	0.0	0	0.00	0	0.0	0.00	0.0	0.000	0.301	27.1	91	25.5	31.7	20.99	1.1305	0.00	1199	8	100.0	60
23-07-23	3:00 a	25.6	25.6	25.6	98	25.2	0.0	N	0.00	0.4	N	25.6	28.9	28.9	28.1	1007.5	0.00	0.0	0	0.00	0	0.0	0.00	0.0	0.000	0.301	27.1	91	25.5	31.6	20.99	1.1320	0.00	1198	8	100.0	60
23-07-23	4:00 a	25.5	25.7	25.5	98	25.2	0.0	N	0.00	0.4	N	25.5	28.8	28.8	28.0	1008.4	0.00	0.0	0	0.00	0	0.0	0.00	0.0	0.000	0.299	26.9	91	25.3	31.3	21.01	1.1337	0.00	1198	8	100.0	60
23-07-23	5:00 a	25.4	25.5	25.4	98	25.1	0.0	N	0.00	0.4	N	25.4	28.6	28.6	27.8	1008.9	0.00	0.0	0	0.00	0	0.0	0.00	0.0	0.000	0.294	26.8	91	25.2	31.0	21.03	1.1350	0.00	1197	8	100.0	60
23-07-23	6:00 a	25.5	25.5	25.3	98	25.2	0.0	---	0.00	0.0	---	25.5	28.8	28.8	28.1	1009.3	0.00	0.0	8	0.69	39	0.0	0.00	0.0	0.000	0.299	26.8	92	25.4	31.0	21.15	1.1354	0.00	1198	8	100.0	60
23-07-23	7:00 a	26.6	26.6	25.4	99	26.4	0.0	N	0.00	0.9	N	26.6	31.7	31.7	33.4	1009.9	0.00	0.0	93	8.00	121	0.2	0.09	0.7	0.000	0.345	27.6	92	26.2	33.3	21.18	1.1310	0.05	1198	8	100.0	60
23-07-23	8:00 a	27.4	27.4	26.6	98	27.1	0.4	NNW	1.61	2.2	SSE	27.4	33.9	33.9	36.3	1010.5	0.00	0.0	161	13.85	563	1.4	0.60	2.8	0.000	0.380	28.8	90	27.0	36.5	20.14	1.1252	0.10	1197	8	100.0	60
23-07-23	9:00 a	30.4	30.4	27.5	89	28.4	0.4	NNE	1.61	2.7	NNW	30.4	42.2	42.2	47.8	1010.5	0.00	0.0	462	39.74	930	3.5	1.50	5.7	0.000	0.505	29.8	89	27.8	39.3	19.38	1.1195	0.33	1195	8	100.0	60
23-07-23	10:00 a	30.2	30.5	30.2	91	28.6	0.0	N	0.00	0.9	NNE	30.2	41.9	41.9	45.5	1010.6	0.00	0.0	287	24.69	348	3.1	1.33	3.6	0.000	0.495	30.0	89	28.0	39.9	19.35	1.1187	0.20	1194	8	100.0	60
23-07-23	11:00 a	29.2	30.3	29.2	92	27.7	0.4	N	1.61	1.3	N	29.2	38.1	38.1	42.4	1010.2	0.00	0.0	361	31.05	475	4.6	1.97	5.2	0.000	0.451	30.3	86	27.7	40.1	17.96	1.1179	0.23	1193	8	100.0	60
23-07-23	12:00 p	29.8	29.9	28.9	91	28.2	0.0	N	0.00	0.9	N	29.8	40.1	40.1	43.9	1009.9	0.00	0.0	312	26.84	404	4.3	1.84	6.1	0.000	0.479	30.3	85	27.5	39.6	17.56	1.1181	0.20	1181	8	100.0	60
23-07-23	1:00 p	30.4	30.5	29.6	86	27.8	0.0	N	0.00	0.9	NNW	30.4	40.8	40.8	45.4	1009.2	0.00	0.0	388	33.37	540	5.0	2.14	8.0	0.000	0.505	30.4	85	27.6	40.3	17.54	1.1163	0.25	1185	8	100.0	60
23-07-23	2:00 p	31.4	31.8	30.4	83	28.2	0.4	SSW	1.61	2.2	SSW	31.4	43.3	43.3	49.3	1008.9	0.00	0.0	522	44.90	1005	5.9	2.53	9.1	0.000	0.546	30.7	83	27.5	40.5	16.76	1.1153	0.38	1190	8	100.0	60
23-07-23	3:00 p	30.9	31.6	30.9	78	26.6	0.4	S	1.61	1.8	NNW	30.9	39.1	39.1	45.5	1008.5	0.00	0.0	492	42.32	737	4.3	1.84	5.7	0.000	0.523	30.8	81	27.1	39.8	16.05	1.1155	0.33	1199	8	100.0	60
23-07-23	4:00 p	31.0	31.6	30.9	79	26.9	0.4	S	1.61	2.2	SSE	31.0	39.7	39.7	48.0	1008.3	0.00	0.0	509	43.78	582	2.4	1.03	3.3	0.000	0.528	30.3	81	26.7	38.6	16.09	1.1179	0.36	1193	8	100.0	60
23-07-23	5:00 p	29.9	31.0	29.9	87	27.5	0.0	SE	0.00	0.9	ESE	29.9	38.8	38.8	40.9	1008.9	0.00	0.0	93	8.00	221	0.4	0.17	1.3	0.000	0.481	30.1	86	27.5	39.1	17.98	1.1178	0.08	1179	8	100.0	60
23-07-23	6:00 p	28.2	29.9	28.1	91	26.6	0.0	SE	0.00	0.4	SE	28.2	34.7	34.7	34.2	1009.1	0.00	0.0	18	1.55	46	0.0	0.00	0.0	0.000	0.410	29.2	87	26.8	36.9	18.47	1.1226	0.03	1198	8	100.0	60
23-07-23	7:00 p	27.2	28.2	27.2	94	26.2	0.0	---	0.00	0.0	---	27.2	32.4	32.4	31.8	1009.8	0.00	0.0	0	0.00	0	0.0	0.00	0.0	0.000	0.370	28.5	89	26.5	35.2	19.62	1.1269	0.00	1196	8	100.0	60
23-07-23	8:00 p	26.7	27.2	26.7	95	25.8	0.0	---	0.00	0.0	---	26.7	31.2	31.2	30.4	1010.4	0.00	0.0	0	0.00	0	0.0	0.00	0.0	0.000	0.347	28.1	90	26.3	34.1	20.25	1.1298	0.00	1195	8	100.0	60
23-07-23	9:00 p	26.4	26.7	26.4	96	25.8	0.0	---	0.00	0.0	---	26.4	30.8	30.8	30.1	1010.6	0.00	0.0	0	0.00	0	0.0	0.00	0.0	0.000	0.338	27.9	90	26.1	33.7	20.27	1.1310	0.00	1198	8	100.0	60
23-07-23	10:00 p	26.2	26.5	26.2	96	25.5	0.0	---	0.00	0.0	---	26.2	30.3	30.3	29.6	1010.7	0.00	0.0	0	0.00	0	0.0	0.00	0.0	0.000	0.329	27.6	91	26.0	33.1	20.91	1.1324	0.00	1197	8	100.0	60
23-07-23	11:00 p	26.1	26.2	26.1	97	25.5	0.0	---	0.00	0.0	---	26.1	30.0	30.0	29.3	1010.5	0.00	0.0	0	0.00	0	0.0	0.00	0.0	0.000	0.322	27.4	91	25.8	32.6	20.94	1.1332	0.00	1200	8	100.0	60
23-07-24	12:00 a	26.1	26.1	25.9	97	25.5	0.0	---	0.00	0.0	---	26.1	30.0	30.0	29.3	1010.2	0.00	0.0	0	0.00	0	0.0	0.00	0.0	0.000	0.322	27.4	91	25.8	32.6	20.94	1.1328	0.00	1192	8	100.0	60
23-07-24	1:00 a	26.1	26.1	26.0	97	25.5	0.0	---	0.00	0.0	---	26.1	30.0	30.0	29.3	1009.5	0.00	0.0	0	0.00	0	0.0	0.00	0.0	0.000	0.322	27.4	91	25.8	32.4	20.95	1.1324	0.00	1197	8	100.0	60
23-07-24	2:00 a	25.9	26.1	25.9	97	25.4	0.0	SE	0.00	0.4	SE	25.9	29.6	29.6	28.8	1009.5	0.00	0.0	0	0.00	0	0.0	0.00	0.0	0.000	0.315	27.1	91	25.5	31.7	20.99	1.1340	0.00	1198	8	100.0	60
23-07-24	3:00 a	25.6	25.9	25.6	97	25.0	0.0	---	0.00	0.0	---	25.6	28.8	28.8	28.1	1009.0	0.00	0.0	0	0.00	0	0.0	0.00	0.0	0.000	0.301	26.8	91	25.2	30.8	21.03	1.1355	0.00	1197	8	100.0	60
23-07-24	4:00 a	25.3	25.6	25.2	97	24.8	0.0	---	0.00	0.0	---	25.3	28.2	28.2	27.4	1009.0	0.00	0.0	0	0.00	0	0.0	0.00	0.0	0.000	0.289	26.6	92	25.1	30.5	21.15	1.1363	0.00	1194	8	100.0	60
23-07-24	5:00 a	25.0	25.3	25.0	97	24.5	0.0	---	0.00	0.0	---	25.0	27.7	27.7	26.9	1009.2	0.00	0.0	0	0.00	0	0.0	0.00	0.0	0.000	0.278	26.3	92	24.9	30.0	21.14	1.1379	0.00	1199	8	100.0	60
23-07-24	6:00 a	24.9	25.1	24.9	98	24.6	0.0	---	0.00	0.0	---	24.9	27.6	27.6	26.9	1010.0	0.00	0.0	5	0.43	28	0.0	0.00	0.0	0.000	0.275	26.3	92	24.9	29.9	21.14	1.1392	0.00	1198	8	100.0	60
23-07-24	7:00 a	26.1	26.2	24.9	99	25.9	0.0	SE	0.00	0.4	SE	26.1	30.3	30.3	31.5	1010.6	0.00	0.0	69	5.93	113	0.1	0.04	0.7	0.000	0.324	27.2	93	26.0	32.3	21.27	1.1338	0.05	1191	8	100.0	60
23-07-24	8:00 a	26.9	26.9	26.1	99	26.8	0.0	SE	0.00	0.9	SE	26.9	32.6	32.6	34.1	1010.5	0.00	0.0	109	9.38	490	1.0	0.43	2.6	0.000	0.359	28.4	90	26.6	35.1	20.20	1.1279	0.08	1191	8	100.0	60
23-07-24	9:00 a	30.7	30.7	26.9	87	28.3	0.4	SE	1.61	1.3	ESE	30.7	42.2	42.2	49.0	1010.6	0.00	0.0	627	53.93	715	4.0	1.71	5.2	0.000	0.514	29.7	87	27.3	38.1	18.43	1.1217	0.41	1187	8	100.0	60
23-07-24	10:00 a	31.7	31.7	30.6	79	27.6	0.4	E	1.61	2.7	SSE	31.7	42.7	42.7	49.2	1010.0	0.00	0.0	612	52.64	773	5.2	2.23	6.4	0.000	0.558	30.6	84	27.5	40.4	17.17	1.1170	0.41	1192	8	100.0	60
23-07-24	11:00 a	33.3	33.3	31.7	79	29.1	0.4	ESE	1.61	3.1	SE	33.3	49.9	49.9	57.4	1010.7	0.00	0.0	825	70.96	1041	5.4	2.31	8.4	0.000	0.623	31.4	84	28.4	43.5	17.11	1.1126	0.53	1193	8	100.0	60
23-07-24	12:00 p	32.2	33.7	32.2	81	28.5	0.9	SSE	3.22	4.5	ESE	32.2	45.7	45.7	52.5	1010.8	0.00	0.0	654	56.25	1041	7.3	3.13	10.3	0.000	0.576	31.7	84	28.6	44.9	17.09	1.1111	0.46	1192	8	100.0	60
23-07-24	1:00 p	31.8	32.2	30.3	84	28.8	0.4	S	1.61	2.2	SSE	31.8	45.9	45.9	50.3	1009.7	0.00	0.0	364	31.31	970	5.3	2.27	10.2	0.000	0.563	31.1	85	28.3	42.5	17.47	1.1127	0.28	1188	8	100.0	60
23-07-24	2:00 p	32.8	32.9	31.2	71	26.8	0.9	ESE	3.22	3.6	SSE	32.8	43.3	43.3	50.0	1008.9	0.00	0.0	765	65.80	1148	7.2	3.09	9.7	0.000	0.602	31.4	81	27.7	42.1	16.01	1.1122	0.53	1194	8	100.0	60
23-07-24	3:00 p	31.7	32.8	31.6	79	27.6	0.9	SE	3.22	4.0	S	31.7	42.5	42.5	49.4	1008.7	0.00	0.0	622	53.50	770	4.8	2.06	6.5	0.000	0.556	30.6	80	26.7	38.9	15.67	1.1175	0.43	1193	8	100.0	60
23-07-24	4:00 p	30.7	31.8	30.6	84	27.7	0.4	SSE	1.61	3.1	SE	30.7	40.7	40.7	46.3	1008.6	0.00	0.0	320	27.52	622	2.1	0.90	3.3	0.000	0.514	30.6	85	27.7	40.8	17.53	1.1149	0.23	1197	8	100.0	60
23-07-24	5:00 p	29.9	30.7	29.9	88	27.7	0.0	NE	0.00	0.9	NE	29.9	39.2	39.2	41.3	1008.9	0.00	0.0	97	8.34	169	0.4	0.17	1.1	0.000	0.481	30.2	87	27.8	40.2	18.37	1.1162	0.08	1198	8	100.0	60
23-07-24	6:00 p	28.6	29.9	28.6	91	27.0	0.0	NE	0.00	0.4	NE	28.6	36.1	36.1	35.7	1009.2	0.00	0.0	24	2.06	58	0.0	0.00	0.0	0.000	0.428	29.6	88	27.4	38.3	18.83	1.1199	0.03	1193	8	100.0	60
23-07-24	7:00 p	27.8	28.6	27.8	93	26.5	0.0	---	0.00	0.0	---	27.8	34.0	34.0	33.3	1009.8	0.00	0.0	0	0.00	0	0.0	0.00	0.0	0.000	0.394	28.9	89	26.9	36.4	19.55	1.1245	0.00	1195	8	100.0	60
23-07-24	8:00 p	27.2	27.8	27.2	95	26.3	0.0	---	0.00	0.0	---	27.2	32.4	32.4	31.8	1010.1	0.00	0.0	0	0.00	0	0.0	0.00	0.0	0.000	0.368	28.4	90	26.6	35.2	20.19	1.1271	0.00	1198	8	100.0	60
23-07-24	9:00 p	26.8	27.2	26.7	96	26.1	0.0	NE	0.00	0.4	NE	26.8	31.6	31.6	30.9	1010.5	0.00	0.0	0	0.00	0	0.0	0.00	0.0	0.000	0.352	28.2	90	26.4	34.4	20.23	1.1292	0.00	1197	8	100.0	60
23-07-24	10:00 p	26.4	26.8	26.4	96	25.7	0.0	NE	0.00	0.4	NE	26.4	30.7	30.7	29.9	1010.5	0.00	0.0	0	0.00	0	0.0	0.00	0.0	0.000	0.336	27.8	90	26.0	33.6	20.28	1.1313	0.00	1199	8	100.0	60
23-07-24	11:00 p	26.1	26.4	26.1	96	25.4	0.0	---	0.00	0.0	---	26.1	30.0	30.0	29.3	1010.0	0.00	0.0	0	0.00	0	0.0	0.00	0.0	0.000	0.324	27.6	90	25.8	32.9	20.31	1.1320	0.00	1196	8	100.0	60
23-07-25	12:00 a	25.8	26.2	25.8	96	25.1	0.0	---	0.00	0.0	---	25.8	29.3	29.3	28.6	1009.0	0.00	0.0	0	0.00	0	0.0	0.00	0.0	0.000	0.313	27.2	90	25.4	31.8	20.37	1.1332	0.00	1197	8	100.0	60
23-07-25	1:00 a	25.7	25.8	25.7	97	25.2	0.0	---	0.00	0.0	---	25.7	29.1	29.1	28.3	1008.8	0.00	0.0	0	0.00	0	0.0	0.00	0.0	0.000	0.306	27.1	91	25.5	31.7	20.99	1.1332	0.00	1194	8	100.0	60
23-07-25	2:00 a	25.6	25.7	25.6	97	25.0	0.0	---	0.00	0.0	---	25.6	28.8	28.8	28.1	1008.7	0.00	0.0	0	0.00	0	0.0	0.00	0.0	0.000	0.301	27.1	91	25.5	31.7	20.99	1.1331	0.00	1196	8	100.0	60
23-07-25	3:00 a	25.6	25.7	25.6	98	25.3	0.0	---	0.00	0.0	---	25.6	29.0	29.0	28.3	1008.2	0.00	0.0	0	0.00	0	0.0	0.00	0.0	0.000	0.303	27.1	92	25.6	31.7	21.16	1.1325	0.00	1198	8	100.0	60
23-07-25	4:00 a	25.6	25.7	25.6	98	25.3	0.0	---	0.00	0.0	---	25.6	29.0	29.0	28.3	1008.5	0.00	0.0	0	0.00	0	0.0	0.00	0.0	0.000	0.303	26.9	92	25.5	31.4	21.16	1.1335	0.00	1195	8	100.0	60
23-07-25	5:00 a	25.6	25.7	25.6	98	25.3	0.0	---	0.00	0.0	---	25.6	29.0	29.0	28.3	1009.0	0.00	0.0	0	0.00	0	0.0	0.00	0.0	0.000	0.303	27.1	92	25.6	31.7	21.16	1.1334	0.00	1198	8	100.0	60
23-07-25	6:00 a	25.7	25.7	25.6	98	25.3	0.0	---	0.00	0.0	---	25.7	29.2	29.2	28.4	1009.2	0.00	0.0	3	0.26	7	0.0	0.00	0.0	0.000	0.306	26.9	92	25.5	31.4	21.16	1.1343	0.00	1195	8	100.0	60
23-07-25	7:00 a	25.7	25.7	25.6	98	25.4	0.0	---	0.00	0.0	---	25.7	29.3	29.3	29.1	1010.4	0.00	0.0	9	0.77	11	0.0	0.00	0.0	0.000	0.308	27.1	92	25.6	31.7	21.16	1.1350	0.00	1191	8	100.0	60
23-07-25	8:00 a	25.8	25.8	25.7	98	25.4	0.0	---	0.00	0.0	---	25.8	29.4	29.4	29.3	1010.6	0.00	0.0	15	1.29	23	0.0	0.00	0.0	0.000	0.310	27.3	91	25.7	32.3	20.95	1.1339	0.00	1197	8	100.0	60
23-07-25	9:00 a	26.2	26.2	25.7	98	25.8	0.0	---	0.00	0.0	---	26.2	30.4	30.4	30.4	1010.7	0.00	0.0	31	2.67	51	0.0	0.00	0.0	0.000	0.326	27.6	92	26.2	33.3	21.18	1.1319	0.03	1197	8	100.0	60
23-07-25	10:00 a	26.7	26.7	26.2	99	26.6	0.0	---	0.00	0.0	---	26.7	32.0	32.0	32.9	1010.8	0.00	0.0	98	8.43	162	1.1	0.47	1.9	0.000	0.350	28.1	92	26.6	34.6	21.20	1.1294	0.05	1199	8	100.0	60
23-07-25	11:00 a	27.5	27.5	26.7	98	27.2	0.0	NE	0.00	0.4	NE	27.5	34.1	34.1	35.9	1011.6	0.00	0.0	161	13.85	211	2.0	0.86	2.6	0.000	0.382	28.9	92	27.5	37.4	21.23	1.1248	0.10	1194	8	100.0	60
23-07-25	12:00 p	28.7	28.7	27.5	96	28.0	0.0	NE	0.00	0.9	NE	28.7	37.8	37.8	40.8	1010.4	0.00	0.0	243	20.90	279	3.1	1.33	3.6	0.000	0.433	29.9	88	27.7	39.2	18.80	1.1195	0.15	1191	8	100.0	60
23-07-25	1:00 p	30.3	30.3	28.7	91	28.7	0.0	N	0.00	0.9	NE	30.3	42.6	42.6	46.4	1008.5	0.00	0.0	314	27.01	329	3.9	1.67	4.2	0.000	0.500	29.9	89	27.9	39.6	19.37	1.1168	0.20	1199	8	100.0	60
23-07-25	2:00 p	30.2	30.6	30.2	89	28.2	0.0	N	0.00	0.9	N	30.2	41.1	41.1	43.7	1008.1	0.00	0.0	209	17.98	265	2.4	1.03	3.2	0.000	0.495	29.8	90	28.0	39.5	20.01	1.1166	0.15	1196	8	100.0	60
23-07-25	3:00 p	29.9	30.2	29.9	92	28.4	0.0	N	0.00	0.4	N	29.9	40.7	40.7	43.9	1008.3	0.00	0.0	211	18.15	232	2.1	0.90	2.4	0.000	0.481	30.0	88	27.8	39.6	18.79	1.1164	0.15	1197	8	100.0	60
23-07-25	4:00 p	29.7	30.0	29.6	91	28.0	0.0	N	0.00	0.9	NNW	29.7	39.5	39.5	41.8	1008.5	0.00	0.0	120	10.32	179	0.9	0.39	1.5	0.000	0.472	29.8	90	28.0	39.5	20.01	1.1171	0.08	1193	8	100.0	60
23-07-25	5:00 p	29.2	29.6	29.2	93	28.0	0.0	---	0.00	0.0	---	29.2	38.6	38.6	40.2	1008.9	0.00	0.0	69	5.93	111	0.2	0.09	0.7	0.000	0.454	29.6	90	27.7	38.7	20.04	1.1189	0.05	1196	8	100.0	60
23-07-25	6:00 p	28.4	29.2	28.4	95	27.5	0.0	---	0.00	0.0	---	28.4	36.4	36.4	36.1	1009.2	0.00	0.0	15	1.29	35	0.0	0.00	0.0	0.000	0.419	29.3	90	27.5	37.9	20.07	1.1206	0.00	1189	8	100.0	60
23-07-25	7:00 p	27.9	28.4	27.9	96	27.2	0.0	---	0.00	0.0	---	27.9	35.2	35.2	34.6	1009.9	0.00	0.0	0	0.00	0	0.0	0.00	0.0	0.000	0.400	29.1	91	27.5	37.6	20.70	1.1223	0.00	1191	8	100.0	60
23-07-25	8:00 p	27.6	27.9	27.6	96	26.9	0.0	---	0.00	0.0	---	27.6	34.1	34.1	33.5	1009.9	0.00	0.0	0	0.00	0	0.0	0.00	0.0	0.000	0.387	29.1	90	27.2	37.2	20.11	1.1231	0.00	1181	8	100.0	60
23-07-25	9:00 p	27.3	27.7	27.3	97	26.8	0.0	---	0.00	0.0	---	27.3	33.4	33.4	32.8	1009.9	0.00	0.0	0	0.00	0	0.0	0.00	0.0	0.000	0.375	28.8	90	27.0	36.3	20.15	1.1249	0.00	1191	8	100.0	60
23-07-25	10:00 p	27.0	27.3	27.0	97	26.5	0.0	---	0.00	0.0	---	27.0	32.4	32.4	31.8	1010.1	0.00	0.0	0	0.00	0	0.0	0.00	0.0	0.000	0.361	28.6	90	26.8	35.6	20.18	1.1264	0.00	1191	8	100.0	60
23-07-25	11:00 p	26.7	27.1	26.7	97	26.2	0.0	---	0.00	0.0	---	26.7	31.7	31.7	31.1	1009.7	0.00	0.0	0	0.00	0	0.0	0.00	0.0	0.000	0.350	28.3	90	26.5	34.9	20.21	1.1273	0.00	1197	8	100.0	60
23-07-26	12:00 a	26.3	26.7	26.3	97	25.8	0.0	---	0.00	0.0	---	26.3	30.7	30.7	30.0	1008.9	0.00	0.0	0	0.00	0	0.0	0.00	0.0	0.000	0.333	28.1	90	26.3	34.3	20.24	1.1277	0.00	1196	8	100.0	60
23-07-26	1:00 a	26.2	26.3	26.2	97	25.7	0.0	---	0.00	0.0	---	26.2	30.2	30.2	29.6	1008.1	0.00	0.0	0	0.00	0	0.0	0.00	0.0	0.000	0.326	27.9	90	26.1	33.7	20.27	1.1281	0.00	1195	8	100.0	60
23-07-26	2:00 a	26.1	26.2	26.0	97	25.5	0.0	---	0.00	0.0	---	26.1	30.0	30.0	29.3	1007.6	0.00	0.0	0	0.00	0	0.0	0.00	0.0	0.000	0.322	27.7	90	25.9	33.1	20.31	1.1289	0.00	1191	8	100.0	60
23-07-26	3:00 a	25.8	26.1	25.8	97	25.3	0.0	---	0.00	0.0	---	25.8	29.3	29.3	28.7	1007.6	0.00	0.0	0	0.00	0	0.0	0.00	0.0	0.000	0.310	27.6	90	25.8	32.7	20.32	1.1295	0.00	1195	8	100.0	60
23-07-26	4:00 a	25.6	25.8	25.6	98	25.3	0.0	---	0.00	0.0	---	25.6	29.0	29.0	28.3	1007.8	0.00	0.0	0	0.00	0	0.0	0.00	0.0	0.000	0.303	27.4	90	25.6	32.3	20.35	1.1308	0.00	1198	8	100.0	60
23-07-26	5:00 a	25.6	25.6	25.6	98	25.2	0.0	---	0.00	0.0	---	25.6	28.9	28.9	28.2	1008.3	0.00	0.0	0	0.00	0	0.0	0.00	0.0	0.000	0.301	27.3	90	25.5	31.9	20.36	1.1320	0.00	1192	8	100.0	60
23-07-26	6:00 a	25.8	25.8	25.5	98	25.5	0.0	---	0.00	0.0	---	25.8	29.6	29.6	29.3	1008.8	0.00	0.0	31	2.67	84	0.0	0.00	0.0	0.000	0.313	27.4	91	25.8	32.4	20.95	1.1315	0.03	1194	8	100.0	60
23-07-26	7:00 a	27.1	27.1	25.8	99	26.9	0.0	---	0.00	0.0	---	27.1	32.9	32.9	35.6	1009.1	0.00	0.0	140	12.04	192	0.1	0.04	0.5	0.000	0.363	28.2	92	26.7	34.9	21.20	1.1268	0.08	1195	8	100.0	60
23-07-26	8:00 a	28.2	28.2	27.1	99	28.1	0.0	---	0.00	0.0	---	28.2	36.7	36.7	39.8	1009.4	0.00	0.0	200	17.20	255	1.3	0.56	2.1	0.000	0.412	28.8	93	27.6	37.3	21.33	1.1226	0.13	1194	8	100.0	60
23-07-26	9:00 a	29.9	29.9	28.2	86	27.3	0.4	SSW	1.61	2.7	SSE	29.9	38.5	38.5	42.2	1009.9	0.00	0.0	291	25.03	807	3.1	1.33	5.6	0.000	0.481	29.5	87	27.1	37.6	18.44	1.1218	0.23	1196	8	100.0	60
23-07-26	10:00 a	33.1	33.2	29.8	78	28.8	0.4	SSW	1.61	2.2	SSW	33.1	48.5	48.5	55.7	1009.8	0.00	0.0	768	66.06	1044	6.7	2.87	8.7	0.000	0.616	30.7	85	27.9	41.1	17.52	1.1156	0.53	1197	8	100.0	60
23-07-26	11:00 a	30.6	33.3	30.6	84	27.6	0.4	SSW	1.61	2.7	ESE	30.6	40.6	40.6	44.1	1009.8	0.00	0.0	290	24.94	1164	3.5	1.50	6.2	0.000	0.512	30.4	84	27.4	39.9	17.18	1.1174	0.25	1195	8	100.0	60
23-07-26	12:00 p	29.3	30.6	29.3	87	26.9	0.9	SSE	3.22	2.7	SSW	29.3	37.2	37.2	40.3	1009.5	0.00	0.0	256	22.02	424	3.6	1.54	5.7	0.000	0.458	30.0	84	27.0	38.2	17.21	1.1197	0.18	1198	8	100.0	60
23-07-26	1:00 p	28.6	29.4	28.6	91	27.0	0.4	SSE	1.61	1.8	SSE	28.6	36.1	36.1	37.1	1008.5	0.51	2.3	101	8.69	176	1.4	0.60	2.5	0.000	0.428	29.6	87	27.2	37.9	18.43	1.1196	0.08	1194	8	100.0	60
23-07-26	2:00 p	27.9	28.6	27.9	95	27.1	0.0	ESE	0.00	0.9	SE	27.9	34.9	34.9	35.8	1007.9	1.02	2.5	84	7.22	130	0.9	0.39	1.5	0.000	0.400	29.9	88	27.7	39.2	18.80	1.1167	0.05	1197	8	100.0	60
23-07-26	3:00 p	28.1	28.1	27.9	96	27.4	0.0	ESE	0.00	0.4	ESE	28.1	35.7	35.7	37.6	1007.1	0.25	0.0	132	11.35	144	1.4	0.60	1.6	0.000	0.407	29.5	88	27.3	37.9	18.84	1.1182	0.08	1195	8	100.0	60
23-07-26	4:00 p	28.2	28.3	28.1	96	27.5	0.0	ESE	0.00	0.4	ESE	28.2	36.1	36.1	38.5	1007.6	0.00	0.0	128	11.01	144	1.0	0.43	1.4	0.000	0.412	29.4	89	27.4	38.0	19.45	1.1186	0.08	1196	8	100.0	60
23-07-26	5:00 p	28.0	28.3	28.0	95	27.1	0.0	ESE	0.00	0.4	ESE	28.0	35.2	35.2	36.4	1008.4	0.00	0.0	58	4.99	93	0.1	0.04	0.6	0.000	0.403	29.3	90	27.5	37.8	20.07	1.1200	0.05	1195	8	100.0	60
23-07-26	6:00 p	27.5	28.1	27.5	96	26.8	0.0	ESE	0.00	0.4	ESE	27.5	33.7	33.7	33.3	1008.4	0.00	0.0	14	1.20	32	0.0	0.00	0.0	0.000	0.382	29.1	89	27.1	36.9	19.52	1.1219	0.00	1197	8	100.0	60
23-07-26	7:00 p	26.9	27.5	26.9	96	26.3	0.0	ESE	0.00	0.4	ESE	26.9	32.1	32.1	31.4	1008.5	0.00	0.0	0	0.00	0	0.0	0.00	0.0	0.000	0.359	28.7	89	26.7	35.8	19.59	1.1244	0.00	1197	8	100.0	60
23-07-26	8:00 p	26.6	26.9	26.6	97	26.0	0.0	ESE	0.00	0.4	ESE	26.6	31.2	31.2	30.6	1008.7	0.00	0.0	0	0.00	0	0.0	0.00	0.0	0.000	0.343	28.3	89	26.3	34.7	19.65	1.1266	0.00	1192	8	100.0	60
23-07-26	9:00 p	26.3	26.6	26.3	97	25.8	0.0	NE	0.00	1.3	NE	26.3	30.6	30.6	29.9	1008.9	0.00	0.0	0	0.00	0	0.0	0.00	0.0	0.000	0.331	28.1	90	26.3	34.1	20.25	1.1281	0.00	1194	8	100.0	60
23-07-26	10:00 p	26.0	26.3	25.9	97	25.5	0.0	NE	0.00	1.3	N	26.0	29.8	29.8	29.2	1008.8	0.00	0.0	0	0.00	0	0.0	0.00	0.0	0.000	0.319	27.9	90	26.1	33.7	20.27	1.1290	0.00	1194	8	100.0	60
23-07-26	11:00 p	25.7	26.0	25.7	97	25.2	0.0	---	0.00	0.0	---	25.7	29.2	29.2	28.5	1008.8	0.00	0.0	0	0.00	0	0.0	0.00	0.0	0.000	0.308	27.6	89	25.6	32.7	19.78	1.1310	0.00	1195	8	100.0	60
23-07-27	12:00 a	25.4	25.7	25.4	97	24.9	0.0	---	0.00	0.0	---	25.4	28.6	28.6	27.9	1008.6	0.00	0.0	0	0.00	0	0.0	0.00	0.0	0.000	0.296	27.4	89	25.4	32.1	19.82	1.1322	0.00	1195	8	100.0	60
23-07-27	1:00 a	25.2	25.5	25.2	97	24.7	0.0	---	0.00	0.0	---	25.2	28.1	28.1	27.4	1008.3	0.00	0.0	0	0.00	0	0.0	0.00	0.0	0.000	0.287	27.2	89	25.2	31.6	19.85	1.1328	0.00	1194	8	100.0	60
23-07-27	2:00 a	25.1	25.2	25.1	98	24.8	0.0	---	0.00	0.0	---	25.1	27.9	27.9	27.3	1007.9	0.00	0.0	0	0.00	0	0.0	0.00	0.0	0.000	0.282	27.1	89	25.1	31.2	19.88	1.1333	0.00	1194	8	100.0	60
23-07-27	3:00 a	25.0	25.1	24.9	98	24.7	0.0	---	0.00	0.0	---	25.0	27.7	27.7	27.1	1007.8	0.00	0.0	0	0.00	0	0.0	0.00	0.0	0.000	0.278	26.9	90	25.1	31.0	20.42	1.1337	0.00	1196	8	100.0	60
23-07-27	4:00 a	25.0	25.1	24.9	98	24.7	0.0	---	0.00	0.0	---	25.0	27.7	27.7	27.1	1007.7	0.00	0.0	0	0.00	0	0.0	0.00	0.0	0.000	0.278	26.8	90	25.1	30.8	20.43	1.1340	0.00	1197	8	100.0	60
23-07-27	5:00 a	24.7	25.0	24.7	98	24.4	0.0	---	0.00	0.0	---	24.7	27.3	27.3	26.6	1007.8	0.00	0.0	0	0.00	0	0.0	0.00	0.0	0.000	0.266	26.6	89	24.6	30.1	19.95	1.1362	0.00	1197	8	100.0	60
23-07-27	6:00 a	24.8	24.8	24.6	98	24.4	0.0	---	0.00	0.0	---	24.8	27.3	27.3	26.7	1008.6	0.00	0.0	9	0.77	30	0.0	0.00	0.0	0.000	0.269	26.6	90	24.8	30.2	20.45	1.1367	0.00	1199	8	100.0	60
23-07-27	7:00 a	25.6	25.7	24.8	99	25.4	0.0	---	0.00	0.0	---	25.6	29.1	29.1	30.2	1009.6	0.00	0.0	66	5.68	118	0.1	0.04	0.6	0.000	0.303	27.0	91	25.4	31.4	21.00	1.1348	0.05	1193	8	100.0	60
23-07-27	8:00 a	26.9	26.9	25.7	99	26.8	0.0	NE	0.00	0.9	NE	26.9	32.6	32.6	35.5	1010.0	0.00	0.0	190	16.34	253	1.3	0.56	1.9	0.000	0.359	28.2	91	26.6	34.8	20.83	1.1279	0.13	1199	8	100.0	60
23-07-27	9:00 a	28.7	28.7	26.9	94	27.7	0.0	NE	0.00	1.3	ENE	28.7	37.2	37.2	42.2	1010.7	0.00	0.0	407	35.01	737	3.4	1.46	5.2	0.000	0.433	29.2	89	27.2	37.2	19.50	1.1238	0.28	1200	8	100.0	60
23-07-27	10:00 a	31.7	31.7	28.7	85	28.9	0.4	SSW	1.61	1.8	SSW	31.7	45.8	45.8	53.0	1010.2	0.00	0.0	768	66.06	997	6.5	2.79	7.7	0.000	0.558	30.5	85	27.7	40.6	17.54	1.1170	0.51	1193	8	100.0	60
23-07-27	11:00 a	32.1	32.1	31.5	80	28.2	0.9	SE	3.22	3.6	SE	32.1	44.5	44.5	51.8	1009.9	0.00	0.0	890	76.55	1074	5.2	2.23	7.6	0.000	0.572	31.2	82	27.8	41.7	16.42	1.1138	0.61	1193	8	100.0	60
23-07-27	12:00 p	33.5	33.6	32.0	75	28.5	0.9	SE	3.22	4.0	SSE	33.5	48.5	48.5	55.9	1009.2	0.00	0.0	812	69.84	1129	10.2	4.37	11.7	0.000	0.632	31.8	79	27.7	43.2	15.19	1.1109	0.56	1194	8	100.0	60
23-07-27	1:00 p	32.8	34.0	32.5	77	28.2	0.9	SE	3.22	4.0	SE	32.8	46.3	46.3	52.7	1008.2	0.00	0.0	599	51.52	1162	10.8	4.63	11.4	0.000	0.602	32.3	80	28.4	45.4	15.55	1.1065	0.46	1197	8	100.0	60
23-07-27	2:00 p	32.2	33.0	31.8	80	28.3	1.3	SE	4.83	4.9	SSE	32.2	44.9	44.9	52.4	1007.6	0.00	0.0	877	75.43	1069	7.9	3.39	10.0	0.000	0.576	31.9	80	28.0	43.8	15.57	1.1082	0.58	1196	8	100.0	60
23-07-27	3:00 p	31.6	32.3	31.6	78	27.3	0.9	SE	3.22	4.0	SE	31.6	41.8	41.8	49.2	1007.2	0.00	0.0	656	56.42	833	5.0	2.14	6.9	0.000	0.553	31.4	81	27.7	42.1	16.01	1.1102	0.46	1192	8	100.0	60
23-07-27	4:00 p	30.6	31.6	30.6	83	27.3	0.9	SSE	3.22	3.1	SSE	30.6	40.1	40.1	45.4	1007.4	0.00	0.0	296	25.46	436	2.1	0.90	3.2	0.000	0.509	30.8	83	27.6	40.8	16.75	1.1128	0.20	1194	8	100.0	60
23-07-27	5:00 p	30.3	30.8	30.3	86	27.7	0.4	SSE	1.61	2.2	SE	30.3	40.1	40.1	42.3	1008.0	0.00	0.0	113	9.72	271	0.5	0.21	1.3	0.000	0.498	30.6	85	27.7	40.8	17.53	1.1142	0.08	1196	8	100.0	60
23-07-27	6:00 p	28.9	30.3	28.9	90	27.1	0.0	E	0.00	1.8	SE	28.9	36.8	36.8	36.4	1008.5	0.00	0.0	19	1.63	39	0.0	0.00	0.0	0.000	0.442	29.9	86	27.3	38.7	18.00	1.1180	0.03	1196	8	100.0	60
23-07-27	7:00 p	27.9	28.9	27.9	92	26.5	0.0	E	0.00	0.9	E	27.9	34.1	34.1	33.4	1009.0	0.00	0.0	0	0.00	0	0.0	0.00	0.0	0.000	0.398	29.5	86	26.9	37.3	18.04	1.1213	0.00	1194	8	100.0	60
23-07-27	8:00 p	27.3	27.9	27.3	94	26.3	0.0	---	0.00	0.0	---	27.3	32.8	32.8	32.1	1009.4	0.00	0.0	0	0.00	0	0.0	0.00	0.0	0.000	0.375	29.2	87	26.8	36.7	18.48	1.1232	0.00	1199	8	100.0	60
23-07-27	9:00 p	27.1	27.4	27.0	94	26.0	0.0	---	0.00	0.0	---	27.1	32.0	32.0	31.2	1009.4	0.00	0.0	0	0.00	0	0.0	0.00	0.0	0.000	0.363	28.9	87	26.5	36.1	18.51	1.1249	0.00	1195	8	100.0	60
23-07-27	10:00 p	26.7	27.1	26.7	95	25.8	0.0	---	0.00	0.0	---	26.7	31.2	31.2	30.4	1009.7	0.00	0.0	0	0.00	0	0.0	0.00	0.0	0.000	0.347	28.6	88	26.4	35.2	19.01	1.1268	0.00	1198	8	100.0	60
23-07-27	11:00 p	26.4	26.7	26.4	96	25.8	0.0	---	0.00	0.0	---	26.4	30.8	30.8	30.0	1009.2	0.00	0.0	0	0.00	0	0.0	0.00	0.0	0.000	0.338	28.3	88	26.1	34.4	19.06	1.1280	0.00	1197	8	100.0	60
23-07-28	12:00 a	26.2	26.4	26.1	96	25.5	0.0	---	0.00	0.0	---	26.2	30.1	30.1	29.3	1008.6	0.00	0.0	0	0.00	0	0.0	0.00	0.0	0.000	0.326	28.1	89	26.1	33.9	19.70	1.1282	0.00	1196	8	100.0	60
23-07-28	1:00 a	26.0	26.2	26.0	96	25.3	0.0	---	0.00	0.0	---	26.0	29.7	29.7	28.9	1008.2	0.00	0.0	0	0.00	0	0.0	0.00	0.0	0.000	0.319	27.9	89	26.0	33.7	19.72	1.1283	0.00	1197	8	100.0	60
23-07-28	2:00 a	25.8	26.0	25.8	97	25.3	0.0	---	0.00	0.0	---	25.8	29.3	29.3	28.6	1008.1	0.00	0.0	0	0.00	0	0.0	0.00	0.0	0.000	0.310	27.7	89	25.7	32.9	19.77	1.1299	0.00	1195	8	100.0	60
23-07-28	3:00 a	25.7	25.8	25.6	97	25.2	0.0	E	0.00	0.4	E	25.7	29.1	29.1	28.3	1007.8	0.00	0.0	0	0.00	0	0.0	0.00	0.0	0.000	0.306	27.4	89	25.4	32.1	19.82	1.1312	0.00	1195	8	100.0	60
23-07-28	4:00 a	25.7	25.7	25.5	98	25.3	0.0	E	0.00	0.4	E	25.7	29.2	29.2	28.4	1008.0	0.00	0.0	0	0.00	0	0.0	0.00	0.0	0.000	0.306	27.4	90	25.7	32.4	20.34	1.1307	0.00	1198	8	100.0	60
23-07-28	5:00 a	25.8	25.9	25.6	98	25.5	0.0	---	0.00	0.0	---	25.8	29.6	29.6	28.8	1008.4	0.00	0.0	0	0.00	0	0.0	0.00	0.0	0.000	0.313	27.4	91	25.8	32.6	20.94	1.1308	0.00	1195	8	100.0	60
23-07-28	6:00 a	25.8	25.9	25.7	98	25.4	0.0	E	0.00	0.4	E	25.8	29.4	29.4	28.7	1009.0	0.00	0.0	5	0.43	23	0.0	0.00	0.0	0.000	0.310	27.4	91	25.8	32.4	20.95	1.1318	0.00	1195	8	100.0	60
23-07-28	7:00 a	26.2	26.2	25.8	98	25.9	0.0	E	0.00	0.4	E	26.2	30.5	30.5	30.8	1009.6	0.00	0.0	30	2.58	35	0.0	0.00	0.0	0.000	0.329	27.8	91	26.2	33.6	20.89	1.1301	0.03	1194	8	100.0	60
23-07-28	8:00 a	26.9	26.9	26.2	99	26.8	0.0	E	0.00	0.9	E	26.9	32.6	32.6	33.8	1010.2	0.00	0.0	94	8.09	540	0.5	0.21	2.8	0.000	0.359	28.9	90	27.1	36.7	20.13	1.1245	0.08	1196	8	100.0	60
23-07-28	9:00 a	28.1	28.1	26.9	96	27.4	0.0	E	0.00	0.9	E	28.1	35.7	35.7	38.1	1010.4	0.00	0.0	186	16.00	649	2.5	1.07	4.4	0.000	0.407	29.3	89	27.3	37.7	19.47	1.1224	0.13	1197	8	100.0	60
23-07-28	10:00 a	29.7	29.7	28.1	91	28.0	0.4	SSW	1.61	1.8	SSE	29.7	39.5	39.5	42.7	1010.2	0.00	0.0	259	22.28	745	3.9	1.67	7.1	0.000	0.472	29.9	88	27.7	39.4	18.80	1.1190	0.20	1193	8	100.0	60
23-07-28	11:00 a	32.0	32.1	29.7	81	28.3	0.9	SSE	3.22	3.6	S	32.0	44.9	44.9	51.6	1009.8	0.00	0.0	626	53.84	1199	5.4	2.31	7.0	0.000	0.569	31.0	86	28.4	42.8	17.88	1.1130	0.46	1198	8	100.0	60
23-07-28	12:00 p	32.5	33.4	31.9	79	28.4	0.9	ESE	3.22	3.6	SSE	32.5	46.1	46.1	53.4	1009.1	0.00	0.0	784	67.43	1190	9.5	4.07	11.9	0.000	0.590	31.9	81	28.2	44.4	15.97	1.1094	0.53	1195	8	100.0	60
23-07-28	1:00 p	32.3	33.4	32.3	78	28.0	0.9	ESE	3.22	3.6	ESE	32.3	44.8	44.8	50.7	1008.4	0.00	0.0	528	45.41	1007	10.0	4.29	11.5	0.000	0.583	32.1	81	28.4	45.4	15.96	1.1072	0.38	1197	8	100.0	60
23-07-28	2:00 p	32.7	33.1	31.9	79	28.5	0.9	SE	3.22	4.5	SSE	32.7	46.8	46.8	53.8	1008.1	0.00	0.0	745	64.08	1025	7.4	3.17	9.0	0.000	0.597	31.8	84	28.7	45.6	17.08	1.1073	0.51	1198	8	100.0	60
23-07-28	3:00 p	31.7	32.8	31.6	80	27.8	0.9	SSE	3.22	4.5	SE	31.7	42.9	42.9	49.7	1007.4	0.00	0.0	553	47.56	793	4.6	1.97	6.1	0.000	0.556	31.1	84	28.0	41.9	17.13	1.1109	0.38	1197	8	100.0	60
23-07-28	4:00 p	30.8	31.7	30.8	83	27.6	0.9	SE	3.22	4.0	E	30.8	40.8	40.8	46.5	1007.3	0.00	0.0	327	28.13	587	2.1	0.90	3.6	0.000	0.521	30.9	84	27.9	41.4	17.15	1.1118	0.25	1195	8	100.0	60
23-07-28	5:00 p	29.6	30.8	29.6	90	27.8	0.4	SE	1.61	1.3	SSE	29.6	38.9	38.9	40.2	1007.7	0.00	0.0	57	4.90	76	0.0	0.00	0.0	0.000	0.470	30.4	86	27.8	40.8	17.94	1.1141	0.05	1196	8	100.0	60
23-07-28	6:00 p	28.7	29.6	28.7	92	27.2	0.0	ENE	0.00	0.4	ENE	28.7	36.5	36.5	36.2	1008.4	0.00	0.0	15	1.29	39	0.0	0.00	0.0	0.000	0.431	30.1	86	27.5	39.3	17.98	1.1168	0.00	1194	8	100.0	60
23-07-28	7:00 p	28.0	28.7	27.9	94	26.9	0.0	ENE	0.00	0.4	ENE	28.0	34.9	34.9	34.3	1008.6	0.00	0.0	0	0.00	0	0.0	0.00	0.0	0.000	0.403	29.7	87	27.3	38.1	18.43	1.1194	0.00	1194	8	100.0	60
23-07-28	8:00 p	27.5	27.9	27.5	95	26.6	0.0	ENE	0.00	0.4	ENE	27.5	33.5	33.5	32.9	1009.1	0.00	0.0	0	0.00	0	0.0	0.00	0.0	0.000	0.382	29.3	88	27.1	37.4	18.87	1.1215	0.00	1196	8	100.0	60
23-07-28	9:00 p	27.4	27.5	27.4	96	26.7	0.0	---	0.00	0.0	---	27.4	33.5	33.5	32.9	1009.7	0.25	0.0	0	0.00	0	0.0	0.00	0.0	0.000	0.380	29.2	89	27.2	37.2	19.50	1.1226	0.00	1188	8	100.0	60
23-07-28	10:00 p	27.4	27.5	27.4	97	26.9	0.0	ENE	0.00	0.4	ENE	27.4	33.7	33.7	33.2	1009.6	2.29	16.0	0	0.00	0	0.0	0.00	0.0	0.000	0.380	29.1	90	27.2	37.2	20.11	1.1227	0.00	1196	8	100.0	60
23-07-28	11:00 p	27.2	27.4	27.2	97	26.6	0.0	ENE	0.00	0.4	ENE	27.2	32.8	32.8	32.2	1009.8	0.00	0.0	0	0.00	0	0.0	0.00	0.0	0.000	0.368	28.8	90	27.0	36.3	20.15	1.1247	0.00	1191	8	100.0	60
23-07-29	12:00 a	27.1	27.2	27.1	97	26.5	0.0	ENE	0.00	0.4	ENE	27.1	32.6	32.6	31.9	1009.7	0.51	3.8	0	0.00	0	0.0	0.00	0.0	0.000	0.363	28.7	90	26.9	35.9	20.16	1.1252	0.00	1193	8	100.0	60
23-07-29	1:00 a	26.9	27.1	26.9	97	26.4	0.0	ENE	0.00	0.4	ENE	26.9	32.3	32.3	31.7	1008.4	0.00	0.0	0	0.00	0	0.0	0.00	0.0	0.000	0.359	28.6	90	26.8	35.6	20.18	1.1245	0.00	1191	8	100.0	60
23-07-29	2:00 a	26.6	26.9	26.6	97	26.0	0.0	ENE	0.00	0.4	ENE	26.6	31.2	31.2	30.6	1007.7	0.00	0.0	0	0.00	0	0.0	0.00	0.0	0.000	0.343	28.3	90	26.5	34.7	20.22	1.1254	0.00	1189	8	100.0	60
23-07-29	3:00 a	26.3	26.6	26.3	97	25.8	0.0	---	0.00	0.0	---	26.3	30.6	30.6	29.9	1008.2	0.00	0.0	0	0.00	0	0.0	0.00	0.0	0.000	0.331	28.1	90	26.3	34.1	20.25	1.1273	0.00	1194	8	100.0	60
23-07-29	4:00 a	26.1	26.3	26.1	97	25.6	0.0	---	0.00	0.0	---	26.1	30.1	30.1	29.5	1008.2	0.00	0.0	0	0.00	0	0.0	0.00	0.0	0.000	0.324	27.9	90	26.1	33.7	20.27	1.1283	0.00	1200	8	100.0	60
23-07-29	5:00 a	25.8	26.1	25.8	97	25.3	0.0	---	0.00	0.0	---	25.8	29.4	29.4	28.8	1008.1	0.00	0.0	0	0.00	0	0.0	0.00	0.0	0.000	0.313	27.7	90	25.9	33.1	20.31	1.1295	0.00	1195	8	100.0	60
23-07-29	6:00 a	25.9	25.9	25.7	98	25.5	0.0	---	0.00	0.0	---	25.9	29.7	29.7	29.1	1009.2	0.00	0.0	8	0.69	39	0.0	0.00	0.0	0.000	0.315	27.6	90	25.8	32.7	20.32	1.1315	0.00	1199	8	100.0	60
23-07-29	7:00 a	26.7	26.7	25.9	99	26.6	0.0	E	0.00	0.4	E	26.7	32.0	32.0	32.9	1009.7	0.00	0.0	56	4.82	90	0.2	0.09	0.8	0.000	0.350	28.1	92	26.7	34.8	21.20	1.1278	0.03	1194	8	100.0	60
23-07-29	8:00 a	27.8	27.9	26.7	99	27.7	0.0	E	0.00	0.4	E	27.8	35.4	35.4	38.3	1009.8	0.00	0.0	194	16.69	580	1.4	0.60	2.8	0.000	0.396	29.1	93	27.8	38.1	21.34	1.1216	0.13	1192	8	100.0	60
23-07-29	9:00 a	28.2	28.2	27.9	98	27.8	0.0	E	0.00	0.9	E	28.2	36.3	36.3	38.3	1009.4	0.00	0.0	160	13.76	575	2.3	0.99	3.0	0.000	0.410	29.3	91	27.7	38.3	20.67	1.1204	0.10	1189	8	100.0	60
23-07-29	10:00 a	29.2	29.2	28.1	95	28.3	0.0	W	0.00	1.3	W	29.2	39.1	39.1	42.3	1009.4	0.00	0.0	267	22.96	719	3.6	1.54	6.2	0.000	0.451	29.7	88	27.5	38.4	18.83	1.1197	0.18	1194	8	100.0	60
23-07-29	11:00 a	32.2	32.3	29.2	81	28.5	0.4	SSW	1.61	3.6	SE	32.2	45.7	45.7	52.4	1010.0	0.00	0.0	642	55.22	1058	5.4	2.31	6.4	0.000	0.576	30.9	86	28.3	42.6	17.89	1.1136	0.43	1201	8	100.0	60
23-07-29	12:00 p	32.2	32.3	31.7	79	28.1	0.4	ESE	1.61	2.7	ESE	32.2	44.7	44.7	50.8	1010.0	0.00	0.0	547	47.05	1000	7.4	3.17	11.4	0.000	0.579	31.1	86	28.4	42.9	17.88	1.1129	0.38	1193	8	100.0	60
23-07-29	1:00 p	31.3	32.2	31.3	84	28.3	0.9	SE	3.22	2.7	SSE	31.3	43.2	43.2	48.7	1009.2	0.00	0.0	474	40.77	687	7.4	3.17	10.4	0.000	0.542	31.1	86	28.5	43.1	17.87	1.1117	0.33	1199	8	100.0	60
23-07-29	2:00 p	31.6	32.3	31.3	83	28.3	0.9	SE	3.22	3.1	SE	31.6	43.8	43.8	50.6	1007.8	0.00	0.0	629	54.10	881	6.5	2.79	8.5	0.000	0.551	31.3	85	28.5	43.7	17.45	1.1092	0.43	1199	8	100.0	60
23-07-29	3:00 p	30.9	31.7	30.9	88	28.7	0.4	E	1.61	3.1	ESE	30.9	43.8	43.8	49.1	1007.6	0.00	0.0	369	31.74	606	3.9	1.67	5.4	0.000	0.525	30.9	85	28.1	42.0	17.49	1.1113	0.28	1196	8	100.0	60
23-07-29	4:00 p	31.3	31.8	30.9	82	27.9	0.4	SE	1.61	4.0	SSE	31.3	42.2	42.2	48.1	1008.0	0.00	0.0	348	29.93	533	2.2	0.94	3.3	0.000	0.542	30.7	87	28.3	42.2	18.32	1.1125	0.25	1195	8	100.0	60
23-07-29	5:00 p	29.6	31.3	29.6	91	28.0	0.4	ESE	1.61	1.8	ENE	29.6	39.3	39.3	40.8	1008.2	0.00	0.0	69	5.93	125	0.3	0.13	0.9	0.000	0.470	30.4	87	28.0	41.2	18.34	1.1141	0.05	1198	8	100.0	60
23-07-29	6:00 p	28.6	29.6	28.6	92	27.1	0.0	ESE	0.00	0.9	ESE	28.6	36.2	36.2	35.8	1008.6	0.00	0.0	21	1.81	47	0.0	0.00	0.0	0.000	0.426	29.9	87	27.5	39.0	18.40	1.1176	0.03	1197	8	100.0	60
23-07-29	7:00 p	27.4	28.6	27.4	94	26.4	0.0	ESE	0.00	0.4	ESE	27.4	33.2	33.2	32.6	1008.6	0.00	0.0	0	0.00	0	0.0	0.00	0.0	0.000	0.380	29.3	87	26.9	37.2	18.46	1.1214	0.00	1196	8	100.0	60
23-07-29	8:00 p	26.8	27.4	26.8	95	25.9	0.0	---	0.00	0.0	---	26.8	31.4	31.4	30.8	1009.2	0.00	0.0	0	0.00	0	0.0	0.00	0.0	0.000	0.352	28.8	87	26.4	35.7	18.52	1.1254	0.00	1193	8	100.0	60
23-07-29	9:00 p	26.5	26.8	26.5	96	25.8	0.0	ESE	0.00	0.4	ESE	26.5	30.9	30.9	30.3	1009.9	0.00	0.0	0	0.00	0	0.0	0.00	0.0	0.000	0.340	28.6	88	26.4	35.2	19.01	1.1271	0.00	1198	8	100.0	60
23-07-29	10:00 p	26.6	26.7	26.5	97	26.1	0.0	ESE	0.00	0.4	ESE	26.6	31.4	31.4	30.7	1009.9	0.00	0.0	0	0.00	0	0.0	0.00	0.0	0.000	0.345	28.6	89	26.6	35.6	19.60	1.1263	0.00	1196	8	100.0	60
23-07-29	11:00 p	26.4	26.7	26.4	97	25.9	0.0	ESE	0.00	0.4	ESE	26.4	30.9	30.9	30.3	1009.1	0.00	0.0	0	0.00	0	0.0	0.00	0.0	0.000	0.338	28.5	89	26.5	35.2	19.62	1.1261	0.00	1195	8	100.0	60
23-07-30	12:00 a	26.2	26.4	26.1	97	25.7	0.0	ESE	0.00	0.4	ESE	26.2	30.2	30.2	29.6	1008.4	0.00	0.0	0	0.00	0	0.0	0.00	0.0	0.000	0.326	28.2	88	26.0	34.2	19.07	1.1273	0.00	1186	8	100.0	60
23-07-30	1:00 a	25.8	26.2	25.8	97	25.3	0.0	---	0.00	0.0	---	25.8	29.4	29.4	28.8	1007.6	0.00	0.0	0	0.00	0	0.0	0.00	0.0	0.000	0.313	27.9	89	26.0	33.7	19.72	1.1277	0.00	1175	8	100.0	60
23-07-30	2:00 a	25.7	25.8	25.7	97	25.2	0.0	---	0.00	0.0	---	25.7	29.1	29.1	28.4	1006.8	0.00	0.0	0	0.00	0	0.0	0.00	0.0	0.000	0.306	27.7	89	25.7	33.1	19.76	1.1281	0.00	1180	8	100.0	60
23-07-30	3:00 a	25.6	25.7	25.6	98	25.3	0.0	---	0.00	0.0	---	25.6	29.0	29.0	28.3	1007.3	0.00	0.0	0	0.00	0	0.0	0.00	0.0	0.000	0.303	27.6	89	25.6	32.7	19.78	1.1293	0.00	1195	8	100.0	60
23-07-30	4:00 a	25.8	25.8	25.6	98	25.5	0.0	ESE	0.00	0.4	ESE	25.8	29.6	29.6	28.9	1008.0	0.00	0.0	0	0.00	0	0.0	0.00	0.0	0.000	0.313	27.7	90	25.9	33.1	20.31	1.1294	0.00	1193	8	100.0	60
23-07-30	5:00 a	26.1	26.1	25.8	98	25.7	0.0	E	0.00	0.9	E	26.1	30.1	30.1	29.4	1008.0	0.00	0.0	0	0.00	0	0.0	0.00	0.0	0.000	0.322	27.7	90	25.9	33.1	20.31	1.1294	0.00	1192	8	100.0	60
23-07-30	6:00 a	26.1	26.3	26.1	98	25.7	0.4	N	1.61	1.8	ESE	26.1	30.1	30.1	29.5	1008.8	4.83	68.1	3	0.26	23	0.0	0.00	0.0	0.000	0.322	27.8	90	26.0	33.4	20.29	1.1297	0.00	1199	8	100.0	60
23-07-30	7:00 a	26.4	26.4	26.1	98	26.0	0.0	E	0.00	0.9	E	26.4	30.9	30.9	31.2	1010.0	0.76	16.8	29	2.49	47	0.0	0.00	0.0	0.000	0.336	27.9	91	26.3	33.9	20.87	1.1299	0.03	1196	8	100.0	60
23-07-30	8:00 a	26.5	26.6	26.2	98	26.2	0.0	ENE	0.00	0.9	ENE	26.5	31.2	31.2	32.2	1009.9	2.03	36.1	81	6.97	120	0.5	0.21	1.0	0.000	0.340	27.9	90	26.2	33.8	20.27	1.1298	0.05	1192	8	100.0	60
23-07-30	9:00 a	27.2	27.2	26.5	99	27.0	0.0	ENE	0.00	0.4	ENE	27.2	33.3	33.3	35.4	1010.5	0.00	0.0	176	15.14	309	1.7	0.73	2.9	0.000	0.368	28.3	91	26.7	35.0	20.82	1.1281	0.10	1193	8	100.0	60
23-07-30	10:00 a	28.3	28.3	27.2	98	28.0	0.0	ENE	0.00	0.9	ENE	28.3	36.9	36.9	40.5	1010.7	0.00	0.0	295	25.37	533	3.1	1.33	5.3	0.000	0.417	28.7	91	27.1	36.4	20.75	1.1257	0.18	1197	8	100.0	60
23-07-30	11:00 a	30.4	30.4	28.3	87	28.0	0.4	ENE	1.61	2.2	S	30.4	41.2	41.2	47.2	1010.0	0.00	0.0	530	45.59	557	5.5	2.36	5.8	0.000	0.505	29.6	89	27.5	38.4	19.43	1.1206	0.36	1190	8	100.0	60
23-07-30	12:00 p	30.6	30.9	30.4	83	27.4	0.4	SE	1.61	2.2	SSE	30.6	40.2	40.2	46.1	1009.0	0.00	0.0	527	45.33	592	6.8	2.91	7.7	0.000	0.512	30.1	89	28.1	40.5	19.33	1.1161	0.36	1194	8	100.0	60
23-07-30	1:00 p	30.1	30.9	29.9	90	28.2	0.9	SE	3.22	4.5	SSE	30.1	40.6	40.6	45.8	1008.6	0.00	0.0	451	38.79	540	6.2	2.66	7.7	0.000	0.488	30.5	87	28.1	41.5	18.34	1.1142	0.30	1191	8	100.0	60
23-07-30	2:00 p	29.8	30.1	29.7	88	27.6	0.4	SE	1.61	2.7	SSE	29.8	39.0	39.0	43.2	1008.6	0.00	0.0	334	28.73	388	4.0	1.71	4.8	0.000	0.479	30.4	87	28.0	41.2	18.34	1.1145	0.23	1190	8	100.0	60
23-07-30	3:00 p	29.8	30.0	29.8	88	27.6	0.4	SE	1.61	2.2	SE	29.8	39.0	39.0	42.9	1008.0	0.00	0.0	267	22.96	320	2.8	1.20	3.6	0.000	0.479	30.3	87	27.9	40.4	18.36	1.1148	0.18	1191	8	100.0	60
23-07-30	4:00 p	29.8	30.0	29.7	92	28.4	0.4	SE	1.61	3.1	S	29.8	40.6	40.6	44.3	1008.0	0.00	0.0	191	16.43	227	1.6	0.69	2.1	0.000	0.479	30.1	88	27.9	40.1	18.78	1.1154	0.13	1190	8	100.0	60
23-07-30	5:00 p	29.1	29.9	29.1	93	27.8	0.0	ESE	0.00	1.8	ESE	29.1	38.1	38.1	40.2	1008.6	0.00	0.0	96	8.26	155	0.4	0.17	1.0	0.000	0.447	30.0	89	28.0	39.9	19.35	1.1163	0.08	1191	8	100.0	60
23-07-30	6:00 p	28.2	29.1	28.2	93	26.9	0.0	ESE	0.00	0.4	ESE	28.2	35.2	35.2	34.8	1008.7	0.00	0.0	21	1.81	51	0.0	0.00	0.0	0.000	0.410	29.6	88	27.4	38.3	18.83	1.1193	0.03	1193	8	100.0	60
23-07-30	7:00 p	27.1	28.2	27.1	94	26.0	0.0	ESE	0.00	0.4	ESE	27.1	32.0	32.0	31.3	1009.4	0.00	0.0	0	0.00	0	0.0	0.00	0.0	0.000	0.363	28.9	87	26.6	36.2	18.50	1.1246	0.00	1179	8	100.0	60
23-07-30	8:00 p	26.5	27.1	26.5	96	25.8	0.0	---	0.00	0.0	---	26.5	30.9	30.9	30.2	1009.9	0.00	0.0	0	0.00	0	0.0	0.00	0.0	0.000	0.340	28.6	88	26.4	35.2	19.01	1.1271	0.00	1181	8	100.0	60
23-07-30	9:00 p	26.1	26.6	26.1	96	25.4	0.0	---	0.00	0.0	---	26.1	29.9	29.9	29.1	1009.7	0.00	0.0	0	0.00	0	0.0	0.00	0.0	0.000	0.322	28.2	88	26.0	34.1	19.08	1.1291	0.00	1191	8	100.0	60
23-07-30	10:00 p	25.7	26.1	25.7	97	25.2	0.0	ESE	0.00	0.4	ESE	25.7	29.1	29.1	28.3	1009.6	0.00	0.0	0	0.00	0	0.0	0.00	0.0	0.000	0.306	27.9	88	25.7	33.3	19.13	1.1307	0.00	1194	8	100.0	60
23-07-30	11:00 p	25.4	25.7	25.3	97	24.9	0.0	---	0.00	0.0	---	25.4	28.4	28.4	27.7	1009.9	0.00	0.0	0	0.00	0	0.0	0.00	0.0	0.000	0.294	27.6	88	25.4	32.4	19.19	1.1331	0.00	1198	8	100.0	60
23-07-31	12:00 a	25.2	25.4	25.2	97	24.7	0.0	---	0.00	0.0	---	25.2	28.1	28.1	27.3	1009.9	0.00	0.0	0	0.00	0	0.0	0.00	0.0	0.000	0.287	27.4	88	25.2	31.9	19.22	1.1340	0.00	1197	8	100.0	60
23-07-31	1:00 a	25.1	25.2	25.1	97	24.5	0.0	---	0.00	0.0	---	25.1	27.8	27.8	27.0	1008.5	0.00	0.0	0	0.00	0	0.0	0.00	0.0	0.000	0.280	27.2	89	25.2	31.6	19.85	1.1331	0.00	1192	8	100.0	60
23-07-31	2:00 a	25.1	25.1	25.0	98	24.7	0.0	---	0.00	0.0	---	25.1	27.8	27.8	27.1	1007.9	0.00	0.0	0	0.00	0	0.0	0.00	0.0	0.000	0.280	27.1	89	25.1	31.2	19.88	1.1334	0.00	1192	8	100.0	60
23-07-31	3:00 a	25.0	25.1	24.9	98	24.7	0.0	---	0.00	0.0	---	25.0	27.7	27.7	26.9	1007.9	0.00	0.0	0	0.00	0	0.0	0.00	0.0	0.000	0.278	26.9	89	25.0	30.9	19.90	1.1340	0.00	1182	8	100.0	60
23-07-31	4:00 a	25.1	25.1	24.9	98	24.7	0.0	ESE	0.00	0.4	ESE	25.1	27.8	27.8	27.1	1007.5	0.00	0.0	0	0.00	0	0.0	0.00	0.0	0.000	0.280	26.9	90	25.1	31.0	20.42	1.1334	0.00	1185	8	100.0	60
23-07-31	5:00 a	25.0	25.1	24.9	98	24.7	0.0	---	0.00	0.0	---	25.0	27.7	27.7	26.9	1008.6	0.00	0.0	0	0.00	0	0.0	0.00	0.0	0.000	0.278	26.8	90	25.1	30.8	20.43	1.1350	0.00	1198	8	100.0	60
23-07-31	6:00 a	25.1	25.1	24.9	98	24.8	0.0	---	0.00	0.0	---	25.1	27.9	27.9	27.2	1009.0	0.00	0.0	8	0.69	32	0.0	0.00	0.0	0.000	0.282	26.8	90	25.1	30.8	20.43	1.1356	0.00	1194	8	100.0	60
23-07-31	7:00 a	26.1	26.1	25.1	99	25.9	0.0	ESE	0.00	0.4	ESE	26.1	30.2	30.2	31.3	1009.3	0.00	0.0	65	5.59	91	0.1	0.04	0.6	0.000	0.322	27.3	91	25.7	32.1	20.96	1.1328	0.05	1185	8	100.0	60
23-07-31	8:00 a	27.1	27.1	26.0	99	26.9	0.0	ESE	0.00	0.4	ESE	27.1	32.9	32.9	34.7	1010.0	0.00	0.0	121	10.41	160	0.9	0.39	1.2	0.000	0.363	28.1	92	26.7	34.8	21.20	1.1282	0.08	1197	8	100.0	60
23-07-31	9:00 a	29.0	29.0	27.1	99	28.8	0.0	E	0.00	0.9	E	29.0	39.7	39.7	43.9	1010.7	0.00	0.0	329	28.30	513	2.9	1.24	3.8	0.000	0.444	29.2	91	27.5	37.8	20.69	1.1230	0.20	1197	8	100.0	60
23-07-31	10:00 a	31.3	31.3	29.0	87	28.9	0.4	SW	1.61	1.8	W	31.3	45.1	45.1	49.8	1010.5	0.00	0.0	397	34.15	1046	5.0	2.14	8.9	0.000	0.542	30.2	88	28.0	40.6	18.77	1.1177	0.30	1192	8	100.0	60
23-07-31	11:00 a	29.9	31.7	29.9	88	27.7	0.4	SSW	1.61	2.7	SSW	29.9	39.2	39.2	42.2	1010.9	1.27	25.1	245	21.07	795	3.2	1.37	6.6	0.000	0.481	30.1	86	27.5	39.3	17.98	1.1198	0.20	1197	8	100.0	60
23-07-31	12:00 p	28.7	29.9	28.5	92	27.2	0.4	ESE	1.61	1.8	E	28.7	36.5	36.5	39.5	1010.6	0.00	0.0	240	20.64	425	3.4	1.46	7.0	0.000	0.431	29.6	89	27.5	38.4	19.43	1.1214	0.15	1195	8	100.0	60
23-07-31	1:00 p	30.0	30.6	28.7	86	27.4	0.4	ENE	1.61	3.1	SE	30.0	38.8	38.8	44.1	1009.9	0.00	0.0	457	39.31	967	6.3	2.70	9.7	0.000	0.486	30.2	89	28.2	40.8	19.32	1.1168	0.33	1192	8	100.0	60
23-07-31	2:00 p	28.4	30.2	28.4	93	27.1	0.4	E	1.61	2.2	SSE	28.4	35.9	35.9	37.8	1009.6	7.37	64.3	158	13.59	617	1.9	0.81	6.2	0.000	0.419	29.8	88	27.6	39.0	18.81	1.1189	0.13	1197	8	100.0	60
23-07-31	3:00 p	25.8	28.4	25.8	96	25.1	0.9	SW	3.22	7.2	SSE	25.8	29.2	29.2	28.9	1009.2	13.97	60.7	8	0.69	18	0.0	0.00	0.0	0.000	0.310	27.9	87	25.5	33.1	18.62	1.1307	0.00	1196	8	100.0	60
23-07-31	4:00 p	25.1	25.8	25.0	97	24.5	0.4	W	1.61	2.7	NNW	25.1	27.8	27.8	27.3	1009.6	2.79	20.6	0	0.00	0	0.0	0.00	0.0	0.000	0.280	27.3	87	24.9	31.4	18.68	1.1348	0.00	1197	8	100.0	60
23-07-31	5:00 p	25.0	25.1	25.0	97	24.5	0.0	N	0.00	0.9	N	25.0	27.7	27.7	27.2	1009.7	2.54	5.8	0	0.00	0	0.0	0.00	0.0	0.000	0.278	27.4	88	25.2	31.9	19.22	1.1339	0.00	1198	8	100.0	60
23-07-31	6:00 p	24.7	25.0	24.7	98	24.4	0.0	N	0.00	0.9	N	24.7	27.3	27.3	26.7	1009.5	1.02	3.8	0	0.00	0	0.0	0.00	0.0	0.000	0.266	27.1	88	24.9	31.1	19.28	1.1356	0.00	1199	8	100.0	60
23-07-31	7:00 p	24.6	24.7	24.6	98	24.2	0.0	---	0.00	0.0	---	24.6	26.9	26.9	26.3	1009.9	0.00	0.0	0	0.00	0	0.0	0.00	0.0	0.000	0.259	26.9	88	24.8	30.8	19.30	1.1367	0.00	1195	8	100.0	60
23-07-31	8:00 p	24.5	24.6	24.4	98	24.2	0.0	---	0.00	0.0	---	24.5	26.9	26.9	26.3	1010.2	0.00	0.0	0	0.00	0	0.0	0.00	0.0	0.000	0.257	27.1	88	24.9	31.1	19.28	1.1364	0.00	1195	8	100.0	60
23-07-31	9:00 p	24.3	24.5	24.3	98	24.0	0.0	ENE	0.00	0.4	ENE	24.3	26.6	26.6	26.0	1010.2	0.00	0.0	0	0.00	0	0.0	0.00	0.0	0.000	0.250	26.6	88	24.5	30.1	19.35	1.1390	0.00	1195	8	100.0	60
23-07-31	10:00 p	24.3	24.3	24.2	98	23.9	0.0	ENE	0.00	0.4	ENE	24.3	26.6	26.6	25.9	1010.9	0.00	0.0	0	0.00	0	0.0	0.00	0.0	0.000	0.248	26.4	89	24.4	29.7	19.95	1.1408	0.00	1194	8	100.0	60
23-07-31	11:00 p	24.2	24.3	24.2	98	23.8	0.0	ENE	0.00	0.4	ENE	24.2	26.4	26.4	25.8	1011.0	0.00	0.0	0	0.00	0	0.0	0.00	0.0	0.000	0.243	26.3	89	24.3	29.5	19.95	1.1416	0.00	1195	8	100.0	60
23-08-01	12:00 a	24.1	24.2	24.1	98	23.7	0.0	ENE	0.00	0.4	ENE	24.1	26.2	26.2	25.6	1010.8	0.00	0.0	0	0.00	0	0.0	0.00	0.0	0.000	0.238	26.2	89	24.2	29.3	19.95	1.1420	0.00	1199	8	100.0	60
23-08-01	1:00 a	24.1	24.1	24.0	99	23.9	0.0	ENE	0.00	0.4	ENE	24.1	26.2	26.2	25.6	1011.0	0.25	0.0	0	0.00	0	0.0	0.00	0.0	0.000	0.238	26.1	90	24.3	29.2	20.45	1.1425	0.00	1196	8	100.0	60
23-08-01	2:00 a	24.1	24.2	24.1	99	23.9	0.0	ENE	0.00	0.4	ENE	24.1	26.3	26.3	25.7	1010.8	0.00	0.0	0	0.00	0	0.0	0.00	0.0	0.000	0.241	26.1	90	24.3	29.2	20.45	1.1422	0.00	1199	8	100.0	60
23-08-01	3:00 a	24.3	24.3	24.1	99	24.1	0.0	---	0.00	0.0	---	24.3	26.6	26.6	25.9	1010.6	0.00	0.0	0	0.00	0	0.0	0.00	0.0	0.000	0.248	26.1	90	24.3	29.3	20.45	1.1416	0.00	1199	8	100.0	60
23-08-01	4:00 a	24.4	24.4	24.3	99	24.2	0.0	---	0.00	0.0	---	24.4	26.7	26.7	26.1	1010.1	0.00	0.0	0	0.00	0	0.0	0.00	0.0	0.000	0.252	26.1	91	24.5	29.4	21.03	1.1407	0.00	1198	8	100.0	60
23-08-01	5:00 a	24.8	24.8	24.4	99	24.6	0.0	ENE	0.00	0.4	ENE	24.8	27.4	27.4	26.8	1010.7	0.00	0.0	0	0.00	0	0.0	0.00	0.0	0.000	0.269	26.3	91	24.7	29.8	21.04	1.1404	0.00	1196	8	100.0	60
23-08-01	6:00 a	24.8	24.8	24.7	99	24.6	0.0	ENE	0.00	0.4	ENE	24.8	27.4	27.4	26.9	1010.7	0.00	0.0	4	0.34	16	0.0	0.00	0.0	0.000	0.269	26.3	91	24.7	29.8	21.04	1.1404	0.00	1196	8	100.0	60
23-08-01	7:00 a	25.3	25.3	24.8	99	25.2	0.0	ENE	0.00	0.4	ENE	25.3	28.5	28.5	29.3	1011.4	0.00	0.0	56	4.82	100	0.1	0.04	0.6	0.000	0.292	26.5	92	25.1	30.4	21.14	1.1395	0.03	1198	8	100.0	60
23-08-01	8:00 a	26.2	26.2	25.3	99	26.0	0.0	ENE	0.00	0.4	ENE	26.2	30.5	30.5	32.4	1011.8	0.00	0.0	133	11.44	267	1.2	0.51	1.9	0.000	0.326	27.3	93	26.0	32.4	21.27	1.1348	0.08	1197	8	100.0	60
23-08-01	9:00 a	27.5	27.7	26.1	99	27.3	0.0	ENE	0.00	0.4	ENE	27.5	34.3	34.3	38.3	1012.4	0.00	0.0	321	27.61	427	2.8	1.20	3.7	0.000	0.382	28.2	92	26.7	34.9	21.20	1.1306	0.20	1198	8	100.0	60
23-08-01	10:00 a	28.7	28.7	27.5	98	28.3	0.0	ENE	0.00	0.4	ENE	28.7	38.1	38.1	43.2	1012.4	0.00	0.0	439	37.76	589	4.7	2.01	6.0	0.000	0.431	29.2	90	27.4	37.4	20.09	1.1254	0.28	1196	8	100.0	60
23-08-01	11:00 a	29.5	29.5	28.7	84	26.5	0.0	ENE	0.00	0.9	ENE	29.5	36.8	36.8	41.7	1012.1	0.00	0.0	412	35.44	552	5.1	2.19	6.3	0.000	0.465	29.7	86	27.1	37.8	18.03	1.1239	0.28	1195	8	100.0	60
23-08-01	12:00 p	29.5	30.2	29.4	89	27.5	0.4	N	1.61	0.9	N	29.5	38.2	38.2	43.7	1011.3	0.00	0.0	476	40.94	559	6.2	2.66	7.5	0.000	0.465	29.7	84	26.7	37.3	17.23	1.1239	0.30	1196	8	100.0	60
23-08-01	1:00 p	28.6	30.2	28.6	93	27.3	0.0	NNE	0.00	0.9	NNE	28.6	36.4	36.4	41.1	1011.0	0.00	0.0	390	33.54	515	5.5	2.36	7.4	0.000	0.426	29.8	86	27.2	38.2	18.01	1.1219	0.25	1196	8	100.0	60
23-08-01	2:00 p	29.4	30.2	28.3	91	27.8	0.0	NNE	0.00	0.9	NNE	29.4	38.4	38.4	44.0	1010.6	0.00	0.0	463	39.82	559	5.3	2.27	5.8	0.000	0.461	29.9	83	26.7	37.6	16.82	1.1222	0.30	1194	8	100.0	60
23-08-01	3:00 p	30.2	30.3	29.3	85	27.4	0.4	ENE	1.61	1.3	S	30.2	39.2	39.2	45.5	1009.7	0.00	0.0	473	40.68	598	4.2	1.80	5.3	0.000	0.493	29.9	81	26.3	37.1	16.12	1.1222	0.30	1194	8	100.0	60
23-08-01	4:00 p	28.8	30.1	28.8	90	27.0	0.0	S	0.00	0.9	S	28.8	36.5	36.5	40.9	1009.7	0.00	0.0	240	20.64	415	1.7	0.73	3.0	0.000	0.438	29.6	85	26.8	37.2	17.64	1.1222	0.15	1197	8	100.0	60
23-08-01	5:00 p	27.8	28.9	27.8	92	26.4	0.0	S	0.00	0.4	S	27.8	33.8	33.8	35.4	1009.5	0.00	0.0	76	6.54	111	0.2	0.09	0.7	0.000	0.394	29.3	85	26.5	36.6	17.66	1.1233	0.05	1195	8	100.0	60
23-08-01	6:00 p	26.8	27.8	26.8	94	25.8	0.0	---	0.00	0.0	---	26.8	31.4	31.4	31.0	1010.1	0.00	0.0	17	1.46	44	0.0	0.00	0.0	0.000	0.354	28.7	86	26.1	35.3	18.13	1.1272	0.00	1199	8	100.0	60
23-08-01	7:00 p	26.0	26.9	26.0	94	25.0	0.0	---	0.00	0.0	---	26.0	29.5	29.5	28.8	1010.3	0.00	0.0	0	0.00	0	0.0	0.00	0.0	0.000	0.319	28.2	87	25.9	34.0	18.58	1.1300	0.00	1196	8	100.0	60
23-08-01	8:00 p	25.4	26.1	25.3	95	24.5	0.0	---	0.00	0.0	---	25.4	28.2	28.2	27.5	1010.6	0.00	0.0	0	0.00	0	0.0	0.00	0.0	0.000	0.294	27.8	86	25.3	32.8	18.22	1.1331	0.00	1196	8	100.0	60
23-08-01	9:00 p	25.1	25.4	25.0	96	24.4	0.0	---	0.00	0.0	---	25.1	27.7	27.7	26.9	1010.8	0.00	0.0	0	0.00	0	0.0	0.00	0.0	0.000	0.280	27.3	87	25.0	31.6	18.68	1.1359	0.00	1196	8	100.0	60
23-08-01	10:00 p	24.8	25.1	24.8	97	24.3	0.0	---	0.00	0.0	---	24.8	27.4	27.4	26.6	1010.9	0.00	0.0	0	0.00	0	0.0	0.00	0.0	0.000	0.271	27.0	88	24.8	30.9	19.29	1.1375	0.00	1197	8	100.0	60
23-08-01	11:00 p	24.6	24.8	24.6	97	24.1	0.0	---	0.00	0.0	---	24.6	27.0	27.0	26.2	1010.8	0.00	0.0	0	0.00	0	0.0	0.00	0.0	0.000	0.262	26.8	88	24.6	30.4	19.33	1.1387	0.00	1198	8	100.0	60
23-08-02	12:00 a	24.4	24.6	24.3	97	23.9	0.0	---	0.00	0.0	---	24.4	26.7	26.7	25.8	1010.8	0.00	0.0	0	0.00	0	0.0	0.00	0.0	0.000	0.252	26.6	88	24.4	29.9	19.36	1.1401	0.00	1195	8	100.0	60
23-08-02	1:00 a	24.2	24.4	24.1	97	23.7	0.0	---	0.00	0.0	---	24.2	26.3	26.3	25.5	1010.9	0.00	0.0	0	0.00	0	0.0	0.00	0.0	0.000	0.243	26.3	88	24.2	29.5	19.37	1.1415	0.00	1193	8	100.0	60
23-08-02	2:00 a	23.9	24.2	23.9	98	23.6	0.0	---	0.00	0.0	---	23.9	26.1	26.1	25.2	1010.2	0.00	0.0	0	0.00	0	0.0	0.00	0.0	0.000	0.234	26.2	89	24.2	29.3	19.95	1.1412	0.00	1200	8	100.0	60
23-08-02	3:00 a	23.9	24.0	23.9	98	23.6	0.0	---	0.00	0.0	---	23.9	26.1	26.1	25.2	1010.2	0.00	0.0	0	0.00	0	0.0	0.00	0.0	0.000	0.234	26.1	89	24.1	29.1	19.95	1.1419	0.00	1200	8	100.0	60
23-08-02	4:00 a	24.1	24.1	23.9	98	23.7	0.0	---	0.00	0.0	---	24.1	26.2	26.2	25.4	1009.9	0.00	0.0	0	0.00	0	0.0	0.00	0.0	0.000	0.238	26.0	89	24.0	28.9	19.95	1.1418	0.00	1197	8	100.0	60
23-08-02	5:00 a	24.2	24.3	24.1	98	23.9	0.0	---	0.00	0.0	---	24.2	26.4	26.4	25.6	1009.8	0.00	0.0	0	0.00	0	0.0	0.00	0.0	0.000	0.245	26.1	90	24.3	29.2	20.45	1.1411	0.00	1197	8	100.0	60
23-08-02	6:00 a	24.5	24.5	24.2	99	24.3	0.0	---	0.00	0.0	---	24.5	26.9	26.9	26.2	1010.4	0.00	0.0	2	0.17	12	0.0	0.00	0.0	0.000	0.257	26.1	91	24.5	29.4	21.03	1.1410	0.00	1197	8	100.0	60
23-08-02	7:00 a	25.6	25.6	24.5	99	25.4	0.0	S	0.00	0.4	S	25.6	29.1	29.1	30.1	1011.1	0.00	0.0	62	5.33	95	0.0	0.00	0.5	0.000	0.303	26.6	92	25.1	30.5	21.15	1.1388	0.05	1198	8	100.0	60
23-08-02	8:00 a	26.3	26.4	25.6	99	26.2	0.0	S	0.00	0.4	S	26.3	30.9	30.9	31.9	1011.0	0.00	0.0	80	6.88	156	0.5	0.21	1.4	0.000	0.333	27.0	92	25.6	31.6	21.16	1.1360	0.05	1198	8	100.0	60
23-08-02	9:00 a	28.5	28.5	26.4	96	27.8	0.0	S	0.00	1.3	SW	28.5	37.1	37.1	42.5	1011.4	0.00	0.0	448	38.53	791	3.5	1.50	6.0	0.000	0.424	28.2	90	26.4	34.6	20.23	1.1299	0.28	1195	8	100.0	60
23-08-02	10:00 a	30.9	30.9	28.5	82	27.5	0.4	SW	1.61	1.8	SSE	30.9	40.6	40.6	45.9	1011.6	0.00	0.0	473	40.68	1002	5.0	2.14	8.8	0.000	0.523	29.3	87	26.9	37.2	18.46	1.1247	0.33	1198	8	100.0	60
23-08-02	11:00 a	32.4	32.4	30.7	82	28.9	0.4	SSW	1.61	1.8	SW	32.4	47.6	47.6	54.1	1011.4	0.00	0.0	587	50.49	1201	5.4	2.31	8.0	0.000	0.586	30.3	84	27.3	39.3	17.19	1.1203	0.48	1197	8	100.0	60
23-08-02	12:00 p	33.3	33.4	32.4	74	28.1	0.4	SSE	1.61	2.7	SSE	33.3	47.1	47.1	53.9	1011.3	0.00	0.0	947	81.45	1067	9.8	4.20	11.6	0.000	0.625	31.6	80	27.7	42.3	15.60	1.1145	0.63	1197	8	100.0	60
23-08-02	1:00 p	32.0	33.4	32.0	79	27.9	0.4	S	1.61	2.7	SSE	32.0	43.8	43.8	49.6	1010.6	0.00	0.0	509	43.78	1085	10.3	4.41	11.3	0.000	0.569	31.8	78	27.5	42.7	14.81	1.1131	0.38	1195	8	100.0	60
23-08-02	2:00 p	31.9	32.6	31.9	79	27.8	0.4	ESE	1.61	2.2	SW	31.9	43.6	43.6	50.9	1009.7	0.00	0.0	850	73.11	993	7.9	3.39	9.9	0.000	0.567	31.7	81	28.0	43.4	15.99	1.1114	0.53	1197	8	100.0	60
23-08-02	3:00 p	30.7	32.4	30.7	86	28.1	0.4	SE	1.61	1.8	SE	30.7	41.8	41.8	47.3	1009.7	0.00	0.0	384	33.03	847	3.7	1.59	6.8	0.000	0.516	31.1	84	28.0	41.9	17.13	1.1135	0.28	1195	8	100.0	60
23-08-02	4:00 p	29.8	30.7	29.8	89	27.8	0.0	SE	0.00	0.4	SE	29.8	39.2	39.2	40.9	1009.7	0.00	0.0	98	8.43	176	0.8	0.34	1.6	0.000	0.477	30.2	87	27.8	40.2	18.37	1.1171	0.08	1197	8	100.0	60
23-08-02	5:00 p	28.7	29.8	28.7	92	27.3	0.0	SE	0.00	0.4	SE	28.7	36.7	36.7	37.7	1010.4	0.00	0.0	46	3.96	69	0.0	0.00	0.0	0.000	0.433	29.9	87	27.5	38.8	18.40	1.1200	0.03	1196	8	100.0	60
23-08-02	6:00 p	27.9	28.7	27.8	93	26.7	0.0	SE	0.00	0.4	SE	27.9	34.3	34.3	33.9	1010.5	0.00	0.0	12	1.03	25	0.0	0.00	0.0	0.000	0.398	29.5	87	27.1	37.6	18.44	1.1225	0.00	1198	8	100.0	60
23-08-02	7:00 p	27.2	27.9	27.2	95	26.3	0.0	SE	0.00	0.4	SE	27.2	32.4	32.4	31.9	1011.0	0.00	0.0	0	0.00	0	0.0	0.00	0.0	0.000	0.368	29.1	88	26.9	36.7	18.92	1.1254	0.00	1197	8	100.0	60
23-08-02	8:00 p	26.7	27.2	26.7	95	25.8	0.0	SE	0.00	0.4	SE	26.7	31.2	31.2	30.6	1010.7	0.76	1.0	0	0.00	0	0.0	0.00	0.0	0.000	0.347	28.7	88	26.5	35.6	18.99	1.1273	0.00	1199	8	100.0	60
23-08-02	9:00 p	26.5	26.7	26.4	96	25.8	0.0	---	0.00	0.0	---	26.5	30.9	30.9	30.3	1010.9	0.00	0.0	0	0.00	0	0.0	0.00	0.0	0.000	0.340	28.3	89	26.3	34.7	19.65	1.1291	0.00	1198	8	100.0	60
23-08-02	10:00 p	26.3	26.5	26.3	97	25.8	0.0	---	0.00	0.0	---	26.3	30.7	30.7	30.1	1011.3	0.00	0.0	0	0.00	0	0.0	0.00	0.0	0.000	0.333	28.2	89	26.2	34.2	19.68	1.1306	0.00	1198	8	100.0	60
23-08-02	11:00 p	26.2	26.3	26.2	97	25.7	0.0	---	0.00	0.0	---	26.2	30.2	30.2	29.6	1011.1	0.00	0.0	0	0.00	0	0.0	0.00	0.0	0.000	0.326	27.9	89	26.0	33.7	19.72	1.1318	0.00	1197	8	100.0	60
23-08-03	12:00 a	26.0	26.2	26.0	97	25.5	0.0	---	0.00	0.0	---	26.0	29.8	29.8	29.2	1010.7	0.25	0.0	0	0.00	0	0.0	0.00	0.0	0.000	0.319	27.8	90	26.0	33.6	20.28	1.1315	0.00	1198	8	100.0	60
23-08-03	1:00 a	25.7	26.0	25.7	97	25.2	0.0	SE	0.00	0.4	SE	25.7	29.1	29.1	28.4	1009.9	0.00	0.0	0	0.00	0	0.0	0.00	0.0	0.000	0.306	27.6	89	25.6	32.7	19.78	1.1324	0.00	1195	8	100.0	60
23-08-03	2:00 a	25.5	25.7	25.5	97	25.0	0.0	---	0.00	0.0	---	25.5	28.7	28.7	28.0	1009.4	0.00	0.0	0	0.00	0	0.0	0.00	0.0	0.000	0.299	27.4	90	25.6	32.3	20.35	1.1326	0.00	1196	8	100.0	60
23-08-03	3:00 a	25.4	25.6	25.4	98	25.1	0.0	---	0.00	0.0	---	25.4	28.6	28.6	27.9	1008.9	0.00	0.0	0	0.00	0	0.0	0.00	0.0	0.000	0.294	27.3	90	25.5	32.1	20.35	1.1324	0.00	1195	8	100.0	60
23-08-03	4:00 a	25.3	25.4	25.3	98	24.9	0.0	---	0.00	0.0	---	25.3	28.3	28.3	27.7	1009.3	0.00	0.0	0	0.00	0	0.0	0.00	0.0	0.000	0.289	27.1	90	25.3	31.5	20.39	1.1342	0.00	1199	8	100.0	60
23-08-03	5:00 a	25.2	25.3	25.2	98	24.8	0.0	---	0.00	0.0	---	25.2	28.1	28.1	27.4	1009.5	0.00	0.0	0	0.00	0	0.0	0.00	0.0	0.000	0.285	27.0	90	25.2	31.2	20.40	1.1351	0.00	1196	8	100.0	60
23-08-03	6:00 a	25.2	25.2	25.1	98	24.9	0.0	---	0.00	0.0	---	25.2	28.2	28.2	27.7	1009.5	0.00	0.0	9	0.77	32	0.0	0.00	0.0	0.000	0.287	26.9	90	25.2	31.1	20.41	1.1354	0.00	1197	8	100.0	60
23-08-03	7:00 a	26.0	26.1	25.2	99	25.8	0.0	SE	0.00	0.4	SE	26.0	30.1	30.1	30.7	1010.2	0.00	0.0	47	4.04	60	0.0	0.00	0.0	0.000	0.319	27.6	92	26.2	33.3	21.18	1.1314	0.03	1198	8	100.0	60
23-08-03	8:00 a	26.9	26.9	26.0	99	26.7	0.0	SE	0.00	0.4	SE	26.9	32.4	32.4	33.8	1010.6	0.00	0.0	103	8.86	522	0.5	0.21	2.8	0.000	0.356	28.8	92	27.3	36.9	21.23	1.1248	0.08	1192	8	100.0	60
23-08-03	9:00 a	30.1	30.1	26.9	89	28.0	0.4	SE	1.61	1.8	S	30.1	40.2	40.2	47.1	1011.1	0.00	0.0	659	56.68	770	4.2	1.80	5.8	0.000	0.488	30.1	87	27.7	39.4	18.38	1.1198	0.41	1198	8	100.0	60
23-08-03	10:00 a	32.1	32.1	30.1	82	28.6	0.4	SE	1.61	2.7	W	32.1	45.9	45.9	52.9	1011.1	0.00	0.0	709	60.98	923	6.6	2.83	9.0	0.000	0.572	30.9	84	27.9	41.4	17.15	1.1162	0.43	1197	8	100.0	60
23-08-03	11:00 a	32.8	33.0	32.1	79	28.7	0.4	S	1.61	2.7	W	32.8	47.7	47.7	54.5	1011.2	0.00	0.0	952	81.88	1063	5.8	2.49	9.2	0.000	0.604	31.7	82	28.2	43.9	16.39	1.1126	0.61	1195	8	100.0	60
23-08-03	12:00 p	33.7	33.7	32.8	77	29.1	0.9	SW	3.22	2.7	SSW	33.7	50.7	50.7	57.8	1010.9	0.00	0.0	939	80.76	1088	9.5	4.07	11.7	0.000	0.639	32.4	80	28.5	46.3	15.53	1.1086	0.63	1193	8	100.0	60
23-08-03	1:00 p	32.4	33.9	31.9	79	28.3	0.9	SSW	3.22	2.7	ESE	32.4	45.8	45.8	51.9	1009.9	0.00	0.0	554	47.65	1150	9.9	4.24	11.7	0.000	0.588	32.7	79	28.6	47.1	15.11	1.1063	0.41	1197	8	100.0	60
23-08-03	2:00 p	31.4	32.9	31.2	83	28.2	0.4	SE	1.61	2.7	E	31.4	43.3	43.3	49.6	1009.0	0.00	0.0	558	47.99	1074	5.6	2.40	10.1	0.000	0.546	32.0	82	28.5	45.6	16.37	1.1081	0.41	1195	8	100.0	60
23-08-03	3:00 p	31.1	31.5	30.5	83	27.9	0.4	N	1.61	2.2	SSW	31.1	41.6	41.6	46.3	1008.2	0.25	0.0	322	27.70	591	2.9	1.24	4.9	0.000	0.532	30.9	86	28.3	42.4	17.89	1.1118	0.23	1194	8	100.0	60
23-08-03	4:00 p	30.5	31.2	30.3	87	28.1	0.4	SE	1.61	2.7	SSE	30.5	41.5	41.5	45.7	1007.9	0.00	0.0	222	19.09	508	1.6	0.69	3.4	0.000	0.507	30.6	87	28.2	41.9	18.32	1.1128	0.15	1196	8	100.0	60
23-08-03	5:00 p	30.2	30.6	30.2	88	28.0	0.4	SE	1.61	3.1	SE	30.2	40.6	40.6	43.1	1008.3	0.00	0.0	119	10.24	272	0.4	0.17	0.9	0.000	0.495	30.4	87	28.0	41.0	18.35	1.1146	0.08	1193	8	100.0	60
23-08-03	6:00 p	28.8	30.2	28.8	91	27.2	0.0	SE	0.00	0.9	SSE	28.8	36.8	36.8	36.3	1008.3	0.00	0.0	13	1.12	46	0.0	0.00	0.0	0.000	0.438	29.9	87	27.5	38.8	18.40	1.1176	0.00	1197	8	100.0	60
23-08-03	7:00 p	27.7	28.8	27.6	93	26.4	0.0	SE	0.00	0.4	SE	27.7	33.7	33.7	32.9	1008.5	0.00	0.0	0	0.00	0	0.0	0.00	0.0	0.000	0.389	29.3	87	26.9	37.2	18.46	1.1212	0.00	1196	8	100.0	60
23-08-03	8:00 p	26.8	27.7	26.8	94	25.7	0.0	---	0.00	0.0	---	26.8	31.3	31.3	30.6	1008.8	0.00	0.0	0	0.00	0	0.0	0.00	0.0	0.000	0.352	28.7	87	26.3	35.3	18.53	1.1256	0.00	1198	8	100.0	60
23-08-03	9:00 p	26.0	26.8	25.9	95	25.1	0.0	SE	0.00	0.4	SE	26.0	29.6	29.6	28.8	1009.2	0.00	0.0	0	0.00	0	0.0	0.00	0.0	0.000	0.319	27.9	88	25.8	33.4	19.12	1.1300	0.00	1198	8	100.0	60
23-08-03	10:00 p	25.6	26.0	25.6	96	24.9	0.0	---	0.00	0.0	---	25.6	28.8	28.8	27.9	1009.5	0.00	0.0	0	0.00	0	0.0	0.00	0.0	0.000	0.303	27.6	88	25.4	32.4	19.19	1.1326	0.00	1195	8	100.0	60
23-08-03	11:00 p	25.4	25.6	25.3	97	24.9	0.0	---	0.00	0.0	---	25.4	28.4	28.4	27.6	1009.4	0.00	0.0	0	0.00	0	0.0	0.00	0.0	0.000	0.294	27.2	89	25.2	31.6	19.85	1.1341	0.00	1199	8	100.0	60
23-08-04	12:00 a	25.2	25.4	25.2	97	24.7	0.0	---	0.00	0.0	---	25.2	28.0	28.0	27.2	1009.0	0.00	0.0	0	0.00	0	0.0	0.00	0.0	0.000	0.285	27.0	89	25.0	31.1	19.89	1.1349	0.00	1198	8	100.0	60
23-08-04	1:00 a	25.0	25.2	24.9	97	24.5	0.0	---	0.00	0.0	---	25.0	27.7	27.7	26.8	1008.2	0.00	0.0	0	0.00	0	0.0	0.00	0.0	0.000	0.278	26.8	90	25.0	30.7	20.43	1.1349	0.00	1196	8	100.0	60
23-08-04	2:00 a	24.9	25.0	24.9	97	24.4	0.0	---	0.00	0.0	---	24.9	27.6	27.6	26.7	1008.1	0.00	0.0	0	0.00	0	0.0	0.00	0.0	0.000	0.275	26.6	91	25.0	30.4	21.05	1.1354	0.00	1193	8	100.0	60
23-08-04	3:00 a	25.0	25.1	24.9	98	24.7	0.0	---	0.00	0.0	---	25.0	27.7	27.7	26.9	1008.0	0.00	0.0	0	0.00	0	0.0	0.00	0.0	0.000	0.278	26.6	91	25.0	30.3	21.05	1.1355	0.00	1196	8	100.0	60
23-08-04	4:00 a	25.0	25.1	24.9	98	24.7	0.0	SE	0.00	0.4	SE	25.0	27.7	27.7	26.9	1007.9	0.00	0.0	0	0.00	0	0.0	0.00	0.0	0.000	0.278	26.6	91	25.0	30.3	21.05	1.1355	0.00	1197	8	100.0	60
23-08-04	5:00 a	24.9	25.0	24.9	98	24.6	0.0	SE	0.00	0.4	SE	24.9	27.6	27.6	26.8	1008.2	0.00	0.0	0	0.00	0	0.0	0.00	0.0	0.000	0.275	26.4	91	24.9	30.1	21.04	1.1365	0.00	1198	8	100.0	60
23-08-04	6:00 a	24.8	25.0	24.8	98	24.5	0.0	SE	0.00	0.4	SE	24.8	27.4	27.4	26.7	1008.2	0.00	0.0	3	0.26	12	0.0	0.00	0.0	0.000	0.271	26.3	92	24.9	30.0	21.14	1.1367	0.00	1199	8	100.0	60
23-08-04	7:00 a	25.5	25.5	24.8	99	25.3	0.0	ESE	0.00	0.4	ESE	25.5	28.9	28.9	28.9	1008.7	0.00	0.0	22	1.89	28	0.0	0.00	0.0	0.000	0.299	27.1	93	25.8	31.8	21.26	1.1326	0.03	1194	8	100.0	60
23-08-04	8:00 a	26.9	26.9	25.5	99	26.8	0.0	ESE	0.00	0.4	ESE	26.9	32.6	32.6	33.4	1009.2	0.00	0.0	69	5.93	489	0.6	0.26	2.7	0.000	0.359	28.6	93	27.4	36.6	21.32	1.1237	0.05	1196	8	100.0	60
23-08-04	9:00 a	29.4	29.4	26.9	95	28.5	0.4	ESE	1.61	0.9	ESE	29.4	39.8	39.8	46.1	1009.7	0.00	0.0	543	46.70	687	3.5	1.50	4.5	0.000	0.461	30.1	88	27.9	40.1	18.78	1.1173	0.36	1196	8	100.0	60
23-08-04	10:00 a	32.1	32.1	29.4	81	28.4	0.4	SSE	1.61	1.8	S	32.1	45.4	45.4	52.2	1010.2	0.00	0.0	644	55.39	867	5.9	2.53	8.1	0.000	0.574	30.9	83	27.7	40.9	16.75	1.1157	0.43	1198	8	100.0	60
23-08-04	11:00 a	33.6	33.6	32.1	77	29.0	0.4	SSE	1.61	2.2	S	33.6	50.2	50.2	57.6	1009.5	0.00	0.0	850	73.11	1018	5.9	2.53	8.3	0.000	0.634	31.7	81	28.0	43.4	15.99	1.1111	0.58	1198	8	100.0	60
23-08-04	12:00 p	33.4	34.1	33.4	73	27.9	0.9	WNW	3.22	2.7	SSE	33.4	46.9	46.9	53.9	1008.6	0.00	0.0	942	81.02	1116	9.2	3.94	11.6	0.000	0.630	32.5	79	28.4	46.1	15.13	1.1062	0.63	1196	8	100.0	60
23-08-04	1:00 p	32.7	33.4	32.5	77	28.1	0.9	S	3.22	2.7	S	32.7	45.8	45.8	52.4	1007.8	0.00	0.0	638	54.88	963	9.6	4.11	11.3	0.000	0.597	32.6	78	28.2	45.8	14.75	1.1054	0.46	1194	8	100.0	60
23-08-04	2:00 p	32.8	33.1	32.4	78	28.4	0.9	SSW	3.22	2.7	E	32.8	46.8	46.8	54.2	1007.2	0.00	0.0	852	73.28	928	7.8	3.34	9.2	0.000	0.602	32.5	78	28.2	45.6	14.75	1.1052	0.58	1189	8	100.0	60
23-08-04	3:00 p	32.2	33.1	32.1	79	28.1	0.4	S	1.61	2.2	S	32.2	44.5	44.5	51.6	1006.9	0.00	0.0	625	53.76	756	4.9	2.10	6.4	0.000	0.576	31.8	79	27.7	43.2	15.19	1.1083	0.43	1186	8	100.0	60
23-08-04	4:00 p	31.7	32.3	31.6	80	27.8	0.4	SSE	1.61	2.2	SSW	31.7	43.1	43.1	49.3	1006.4	0.00	0.0	375	32.25	503	2.2	0.94	3.4	0.000	0.558	31.2	84	28.1	42.3	17.13	1.1092	0.25	1179	8	100.0	60
23-08-04	5:00 p	30.8	31.8	30.8	86	28.2	0.4	SE	1.61	3.1	SE	30.8	42.2	42.2	43.8	1006.7	0.00	0.0	70	6.02	186	0.4	0.17	0.9	0.000	0.521	30.9	85	28.1	42.0	17.49	1.1104	0.05	1182	8	100.0	60
23-08-04	6:00 p	29.4	30.8	29.4	90	27.6	0.0	SW	0.00	0.4	SW	29.4	38.1	38.1	37.7	1006.9	0.00	0.0	11	0.95	23	0.0	0.00	0.0	0.000	0.461	30.6	85	27.8	40.9	17.52	1.1126	0.00	1188	8	100.0	60
23-08-04	7:00 p	28.4	29.4	28.4	93	27.2	0.0	E	0.00	0.4	E	28.4	36.1	36.1	35.4	1007.4	0.00	0.0	0	0.00	0	0.0	0.00	0.0	0.000	0.421	30.3	85	27.5	39.6	17.56	1.1152	0.00	1192	8	100.0	60
23-08-04	8:00 p	27.8	28.4	27.8	93	26.6	0.0	E	0.00	0.4	E	27.8	34.2	34.2	33.6	1008.0	0.00	0.0	0	0.00	0	0.0	0.00	0.0	0.000	0.396	29.9	86	27.3	38.5	18.00	1.1177	0.00	1194	8	100.0	60
23-08-04	9:00 p	27.4	27.8	27.4	95	26.6	0.0	---	0.00	0.0	---	27.4	33.3	33.3	32.7	1008.7	0.00	0.0	0	0.00	0	0.0	0.00	0.0	0.000	0.380	29.5	86	26.9	37.3	18.04	1.1209	0.00	1197	8	100.0	60
23-08-04	10:00 p	27.1	27.4	27.1	96	26.4	0.0	---	0.00	0.0	---	27.1	32.4	32.4	31.8	1009.3	0.00	0.0	0	0.00	0	0.0	0.00	0.0	0.000	0.363	29.2	87	26.8	36.7	18.48	1.1231	0.00	1192	8	100.0	60
23-08-04	11:00 p	26.9	27.1	26.8	96	26.2	0.0	---	0.00	0.0	---	26.9	31.9	31.9	31.3	1009.2	0.00	0.0	0	0.00	0	0.0	0.00	0.0	0.000	0.356	28.9	88	26.8	36.4	18.94	1.1239	0.00	1190	8	100.0	60
23-08-05	12:00 a	26.6	26.9	26.6	96	25.9	0.0	---	0.00	0.0	---	26.6	31.1	31.1	30.4	1008.8	0.00	0.0	0	0.00	0	0.0	0.00	0.0	0.000	0.343	28.7	88	26.5	35.7	18.98	1.1248	0.00	1198	8	100.0	60
23-08-05	1:00 a	26.4	26.6	26.4	97	25.9	0.0	---	0.00	0.0	---	26.4	30.8	30.8	30.1	1007.9	0.00	0.0	0	0.00	0	0.0	0.00	0.0	0.000	0.336	28.6	88	26.4	35.2	19.01	1.1247	0.00	1197	8	100.0	60
23-08-05	2:00 a	26.3	26.4	26.3	97	25.8	0.0	---	0.00	0.0	---	26.3	30.7	30.7	30.0	1007.5	0.00	0.0	0	0.00	0	0.0	0.00	0.0	0.000	0.333	28.3	89	26.3	34.6	19.66	1.1256	0.00	1194	8	100.0	60
23-08-05	3:00 a	25.9	26.3	25.9	97	25.4	0.0	---	0.00	0.0	---	25.9	29.7	29.7	29.1	1007.3	0.00	0.0	0	0.00	0	0.0	0.00	0.0	0.000	0.317	28.1	89	26.1	33.9	19.70	1.1266	0.00	1197	8	100.0	60
23-08-05	4:00 a	25.7	26.0	25.7	97	25.2	0.0	---	0.00	0.0	---	25.7	29.1	29.1	28.4	1007.6	0.00	0.0	0	0.00	0	0.0	0.00	0.0	0.000	0.306	27.8	88	25.7	33.2	19.14	1.1288	0.00	1193	8	100.0	60
23-08-05	5:00 a	25.4	25.7	25.4	97	24.9	0.0	---	0.00	0.0	---	25.4	28.6	28.6	27.8	1007.9	0.00	0.0	0	0.00	0	0.0	0.00	0.0	0.000	0.296	27.6	88	25.4	32.4	19.19	1.1308	0.00	1194	8	100.0	60
23-08-05	6:00 a	25.3	25.4	25.3	98	25.0	0.0	---	0.00	0.0	---	25.3	28.4	28.4	27.8	1008.1	0.00	0.0	4	0.34	18	0.0	0.00	0.0	0.000	0.292	27.4	89	25.4	32.1	19.82	1.1316	0.00	1196	8	100.0	60
23-08-05	7:00 a	25.9	25.9	25.3	98	25.6	0.0	E	0.00	0.4	E	25.9	29.8	29.8	30.1	1008.9	0.00	0.0	27	2.32	35	0.0	0.00	0.0	0.000	0.317	27.9	90	26.2	33.8	20.27	1.1287	0.03	1195	8	100.0	60
23-08-05	8:00 a	27.1	27.1	25.9	99	26.9	0.0	E	0.00	0.4	E	27.1	32.9	32.9	33.6	1009.2	0.00	0.0	57	4.90	380	0.6	0.26	2.6	0.000	0.363	29.3	89	27.3	37.7	19.47	1.1211	0.05	1190	8	100.0	60
23-08-05	9:00 a	29.2	29.3	27.1	94	28.2	0.0	E	0.00	1.3	W	29.2	38.9	38.9	43.4	1009.8	0.00	0.0	354	30.45	654	2.7	1.16	4.3	0.000	0.454	30.3	87	27.9	40.4	18.36	1.1170	0.23	1186	8	100.0	60
23-08-05	10:00 a	32.2	32.2	29.3	83	29.0	0.4	SSW	1.61	2.2	S	32.2	47.5	47.5	54.3	1009.9	0.00	0.0	652	56.08	1069	5.8	2.49	9.2	0.000	0.579	31.1	84	28.1	42.1	17.13	1.1134	0.43	1182	8	100.0	60
23-08-05	11:00 a	33.7	33.7	32.2	75	28.7	0.4	SSW	1.61	2.2	SSE	33.7	49.6	49.6	56.4	1009.4	0.00	0.0	950	81.71	1021	5.4	2.31	9.2	0.000	0.641	32.2	78	27.9	44.3	14.75	1.1093	0.61	1171	8	100.0	60
23-08-05	12:00 p	31.9	34.3	31.9	84	28.9	0.4	SSE	1.61	2.7	S	31.9	46.6	46.6	53.8	1008.2	0.00	0.0	920	79.13	1053	8.4	3.60	10.8	0.000	0.567	32.8	78	28.5	47.1	14.75	1.1042	0.63	1165	8	100.0	60
23-08-05	1:00 p	32.3	32.6	31.7	81	28.7	0.9	ESE	3.22	4.0	SSE	32.3	46.5	46.5	52.4	1007.8	0.00	0.0	522	44.90	969	7.3	3.13	10.1	0.000	0.583	32.7	80	28.8	47.3	15.52	1.1037	0.41	1161	8	99.7	60
23-08-05	2:00 p	32.6	32.8	32.0	82	29.1	0.9	ESE	3.22	4.9	SE	32.6	48.8	48.8	55.9	1007.4	0.00	0.0	709	60.98	905	6.7	2.87	7.9	0.000	0.595	32.6	80	28.7	47.1	15.52	1.1036	0.48	1184	8	100.0	60
23-08-05	3:00 p	32.2	32.8	31.9	82	28.8	0.9	SE	3.22	4.0	ESE	32.2	46.7	46.7	53.4	1007.4	0.00	0.0	519	44.64	766	4.3	1.84	6.5	0.000	0.579	32.0	83	28.7	46.3	16.67	1.1057	0.36	1195	8	100.0	60
23-08-05	4:00 p	31.4	32.6	31.4	85	28.6	0.9	SE	3.22	3.6	SE	31.4	44.3	44.3	50.2	1007.7	0.00	0.0	342	29.42	494	2.2	0.94	3.5	0.000	0.546	31.4	84	28.4	43.5	17.11	1.1092	0.25	1181	8	100.0	60
23-08-05	5:00 p	30.6	31.4	30.6	86	27.9	0.4	SSE	1.61	2.2	SSE	30.6	41.3	41.3	43.3	1007.3	0.00	0.0	92	7.91	227	0.4	0.17	1.2	0.000	0.509	31.1	85	28.3	42.5	17.47	1.1100	0.08	1187	8	100.0	60
23-08-05	6:00 p	29.3	30.6	29.3	91	27.7	0.0	ESE	0.00	0.9	SSE	29.3	38.3	38.3	37.9	1007.1	0.00	0.0	22	1.89	47	0.0	0.00	0.0	0.000	0.458	30.7	85	27.9	41.1	17.52	1.1125	0.03	1192	8	100.0	60
23-08-05	7:00 p	28.2	29.3	28.2	93	27.0	0.0	ESE	0.00	0.4	ESE	28.2	35.4	35.4	34.7	1008.4	0.00	0.0	0	0.00	0	0.0	0.00	0.0	0.000	0.412	30.2	86	27.6	39.6	17.97	1.1165	0.00	1187	8	100.0	60
23-08-05	8:00 p	27.7	28.2	27.7	95	26.8	0.0	---	0.00	0.0	---	27.7	34.1	34.1	33.4	1008.7	0.00	0.0	0	0.00	0	0.0	0.00	0.0	0.000	0.389	29.8	87	27.4	38.5	18.41	1.1188	0.00	1174	8	100.0	60
23-08-05	9:00 p	27.2	27.7	27.2	96	26.5	0.0	ESE	0.00	0.4	ESE	27.2	32.8	32.8	32.2	1009.5	0.00	0.0	0	0.00	0	0.0	0.00	0.0	0.000	0.370	29.4	87	27.0	37.3	18.46	1.1221	0.00	1142	8	98.1	60
23-08-05	10:00 p	26.8	27.2	26.8	96	26.1	0.0	---	0.00	0.0	---	26.8	31.6	31.6	30.9	1009.5	0.00	0.0	0	0.00	0	0.0	0.00	0.0	0.000	0.352	29.0	87	26.6	36.3	18.50	1.1243	0.00	1181	8	100.0	60
23-08-05	11:00 p	26.4	26.8	26.4	96	25.8	0.0	---	0.00	0.0	---	26.4	30.8	30.8	30.1	1009.2	0.00	0.0	0	0.00	0	0.0	0.00	0.0	0.000	0.338	28.7	87	26.3	35.3	18.53	1.1261	0.00	1194	8	100.0	60
23-08-06	12:00 a	26.2	26.5	26.2	97	25.7	0.0	---	0.00	0.0	---	26.2	30.4	30.4	29.7	1008.3	0.00	0.0	0	0.00	0	0.0	0.00	0.0	0.000	0.329	28.4	88	26.2	34.7	19.04	1.1262	0.00	1193	8	100.0	60
23-08-06	1:00 a	26.1	26.3	26.1	97	25.6	0.0	---	0.00	0.0	---	26.1	30.1	30.1	29.4	1007.9	0.00	0.0	0	0.00	0	0.0	0.00	0.0	0.000	0.324	28.3	88	26.1	34.4	19.06	1.1265	0.00	1197	8	100.0	60
23-08-06	2:00 a	25.9	26.1	25.9	97	25.4	0.0	---	0.00	0.0	---	25.9	29.7	29.7	28.9	1007.8	0.00	0.0	0	0.00	0	0.0	0.00	0.0	0.000	0.317	28.1	88	25.9	33.8	19.10	1.1276	0.00	1190	8	100.0	60
23-08-06	3:00 a	25.9	26.0	25.9	97	25.4	0.0	---	0.00	0.0	---	25.9	29.7	29.7	28.9	1007.7	0.00	0.0	0	0.00	0	0.0	0.00	0.0	0.000	0.317	28.0	89	26.0	33.8	19.71	1.1274	0.00	1176	8	100.0	60
23-08-06	4:00 a	25.9	26.1	25.9	98	25.6	0.0	ESE	0.00	0.4	ESE	25.9	29.8	29.8	29.1	1007.0	0.00	0.0	0	0.00	0	0.0	0.00	0.0	0.000	0.317	27.9	89	26.0	33.7	19.72	1.1270	0.00	1170	8	100.0	60
23-08-06	5:00 a	25.8	25.9	25.8	98	25.5	0.0	ESE	0.00	0.4	ESE	25.8	29.6	29.6	28.8	1008.2	0.00	0.0	0	0.00	0	0.0	0.00	0.0	0.000	0.313	27.8	89	25.9	33.3	19.74	1.1290	0.00	1157	8	99.4	60
23-08-06	6:00 a	26.1	26.1	25.8	98	25.7	0.0	SE	0.00	0.9	ESE	26.1	30.1	30.1	29.4	1008.9	0.00	0.0	6	0.52	26	0.0	0.00	0.0	0.000	0.322	27.8	90	26.0	33.4	20.29	1.1298	0.00	1177	8	100.0	60
23-08-06	7:00 a	26.6	26.6	26.0	98	26.2	0.4	NE	1.61	3.1	ESE	26.6	31.4	31.4	31.4	1009.4	0.00	0.0	21	1.81	53	0.0	0.00	0.0	0.000	0.343	28.1	90	26.3	34.1	20.25	1.1287	0.03	1181	8	100.0	60
23-08-06	8:00 a	27.2	27.2	26.6	98	26.8	0.0	E	0.00	0.9	E	27.2	33.1	33.1	34.6	1009.1	0.00	0.0	109	9.38	172	0.7	0.30	1.4	0.000	0.368	28.4	90	26.6	35.1	20.20	1.1263	0.08	1180	8	100.0	60
23-08-06	9:00 a	29.0	29.0	27.1	92	27.6	0.4	NE	1.61	1.8	S	29.0	37.6	37.6	41.5	1009.4	0.00	0.0	310	26.66	587	2.7	1.16	4.1	0.000	0.444	29.2	90	27.4	37.6	20.08	1.1215	0.20	1193	8	100.0	60
23-08-06	10:00 a	31.2	31.2	29.0	87	28.8	0.4	SE	1.61	2.2	SE	31.2	44.4	44.4	49.7	1010.2	0.00	0.0	447	38.45	737	4.6	1.97	6.8	0.000	0.537	30.3	88	28.1	40.9	18.76	1.1170	0.30	1198	8	100.0	60
23-08-06	11:00 a	30.3	31.2	29.5	93	29.1	0.4	SE	1.61	2.7	E	30.3	43.6	43.6	47.8	1010.1	0.76	9.9	338	29.07	960	3.6	1.54	6.4	0.000	0.500	30.1	90	28.2	40.6	19.98	1.1172	0.25	1191	8	100.0	60
23-08-06	12:00 p	30.8	31.2	29.9	85	28.0	0.9	SE	3.22	4.5	SSE	30.8	41.4	41.4	48.7	1008.9	0.00	0.0	757	65.11	1023	8.2	3.51	10.4	0.000	0.519	31.1	87	28.6	43.6	18.28	1.1111	0.51	1190	8	100.0	60
23-08-06	1:00 p	30.7	30.9	30.2	85	27.9	0.4	SSE	1.61	2.7	SSE	30.7	41.3	41.3	46.7	1008.7	0.00	0.0	476	40.94	847	6.1	2.61	9.8	0.000	0.516	31.2	85	28.3	42.8	17.46	1.1112	0.33	1195	8	100.0	60
23-08-06	2:00 p	31.1	31.2	30.3	84	28.1	0.4	SE	1.61	3.1	SE	31.1	42.1	42.1	47.6	1008.4	0.00	0.0	456	39.22	559	4.9	2.10	5.5	0.000	0.532	31.2	86	28.5	43.4	17.86	1.1104	0.30	1192	8	100.0	60
23-08-06	3:00 p	31.7	31.8	30.9	85	28.8	0.9	SE	3.22	2.7	ESE	31.7	45.4	45.4	52.1	1007.9	0.00	0.0	506	43.52	536	4.2	1.80	4.9	0.000	0.556	31.2	86	28.5	43.4	17.86	1.1098	0.36	1195	8	100.0	60
23-08-06	4:00 p	30.6	31.7	30.6	87	28.1	0.4	SE	1.61	3.1	ESE	30.6	41.8	41.8	46.4	1008.1	0.00	0.0	250	21.50	469	1.8	0.77	3.2	0.000	0.509	30.9	86	28.3	42.4	17.89	1.1117	0.18	1189	8	100.0	60
23-08-06	5:00 p	29.9	30.7	29.9	91	28.3	0.0	E	0.00	1.3	ESE	29.9	40.5	40.5	42.5	1008.7	0.00	0.0	95	8.17	151	0.3	0.13	0.9	0.000	0.484	30.6	88	28.4	42.4	18.72	1.1131	0.08	1170	8	100.0	60
23-08-06	6:00 p	28.9	29.9	28.9	94	27.8	0.0	E	0.00	0.9	E	28.9	37.8	37.8	37.4	1009.4	0.00	0.0	15	1.29	44	0.0	0.00	0.0	0.000	0.440	30.3	88	28.1	40.9	18.76	1.1160	0.00	1171	8	100.0	60
23-08-06	7:00 p	28.3	28.9	28.3	95	27.4	0.0	E	0.00	0.9	E	28.3	36.1	36.1	35.5	1009.7	0.25	0.0	0	0.00	0	0.0	0.00	0.0	0.000	0.414	29.9	88	27.7	39.4	18.80	1.1184	0.00	1192	8	100.0	60
23-08-06	8:00 p	27.8	28.3	27.7	96	27.1	0.0	E	0.00	0.9	E	27.8	34.6	34.6	33.9	1010.2	0.00	0.0	0	0.00	0	0.0	0.00	0.0	0.000	0.394	29.5	88	27.3	37.9	18.84	1.1217	0.00	1194	8	100.0	60
23-08-06	9:00 p	27.2	27.8	27.2	97	26.7	0.0	E	0.00	0.9	E	27.2	33.0	33.0	32.3	1011.0	12.70	115.3	0	0.00	0	0.0	0.00	0.0	0.000	0.370	29.2	88	27.0	37.1	18.89	1.1243	0.00	1185	8	100.0	60
23-08-06	10:00 p	26.7	27.2	26.7	97	26.2	0.4	NE	1.61	2.2	NE	26.7	31.5	31.5	30.8	1010.9	8.89	80.3	0	0.00	0	0.0	0.00	0.0	0.000	0.347	28.8	88	26.6	36.1	18.96	1.1266	0.00	1185	8	100.0	60
23-08-06	11:00 p	26.5	26.7	26.5	98	26.2	0.0	ESE	0.00	0.9	ENE	26.5	31.2	31.2	30.5	1011.6	3.30	49.8	0	0.00	0	0.0	0.00	0.0	0.000	0.340	28.6	89	26.6	35.4	19.61	1.1285	0.00	1195	8	100.0	60
23-08-07	12:00 a	26.2	26.6	26.2	98	25.9	0.4	ESE	1.61	3.6	SSE	26.2	30.5	30.5	29.8	1010.3	0.25	1.5	0	0.00	0	0.0	0.00	0.0	0.000	0.329	28.4	89	26.5	35.1	19.63	1.1278	0.00	1191	8	100.0	60
23-08-07	1:00 a	26.2	26.3	26.2	98	25.9	0.0	ESE	0.00	0.4	ESE	26.2	30.5	30.5	29.8	1009.4	0.00	0.0	0	0.00	0	0.0	0.00	0.0	0.000	0.329	28.2	89	26.2	34.4	19.67	1.1280	0.00	1189	8	100.0	60
23-08-07	2:00 a	26.2	26.2	26.1	98	25.8	0.0	---	0.00	0.0	---	26.2	30.4	30.4	29.7	1009.0	0.00	0.0	0	0.00	0	0.0	0.00	0.0	0.000	0.326	28.1	89	26.1	34.1	19.69	1.1283	0.00	1191	8	100.0	60
23-08-07	3:00 a	26.1	26.2	26.1	98	25.7	0.0	---	0.00	0.0	---	26.1	30.1	30.1	29.4	1008.8	0.00	0.0	0	0.00	0	0.0	0.00	0.0	0.000	0.322	28.1	89	26.1	33.9	19.70	1.1284	0.00	1178	8	100.0	60
23-08-07	4:00 a	26.2	26.2	25.9	98	25.8	0.0	ESE	0.00	4.5	SE	26.2	30.4	30.4	29.7	1009.7	0.00	0.0	0	0.00	0	0.0	0.00	0.0	0.000	0.326	27.9	90	26.1	33.7	20.27	1.1300	0.00	1173	8	100.0	60
23-08-07	5:00 a	25.8	26.2	25.8	98	25.5	0.4	SSE	1.61	3.6	ESE	25.8	29.6	29.6	28.8	1010.0	3.05	8.9	0	0.00	0	0.0	0.00	0.0	0.000	0.313	27.9	90	26.1	33.7	20.27	1.1303	0.00	1188	8	100.0	60
23-08-07	6:00 a	25.6	25.8	25.6	98	25.2	0.0	ENE	0.00	1.3	ENE	25.6	28.9	28.9	28.1	1011.3	15.49	110.0	0	0.00	0	0.0	0.00	0.0	0.000	0.301	27.6	89	25.6	32.6	19.79	1.1343	0.00	1187	8	100.0	60
23-08-07	7:00 a	25.5	25.6	25.4	98	25.2	0.4	ENE	1.61	1.8	NE	25.5	28.8	28.8	28.6	1011.3	16.76	95.0	12	1.03	32	0.0	0.00	0.0	0.000	0.299	27.4	90	25.6	32.3	20.35	1.1349	0.00	1188	8	100.0	60
23-08-07	8:00 a	25.3	25.6	25.2	98	25.0	0.0	E	0.00	1.3	ENE	25.3	28.4	28.4	28.8	1011.3	3.81	23.9	49	4.21	128	0.2	0.09	1.1	0.000	0.292	27.2	90	25.4	31.7	20.38	1.1362	0.03	1193	8	100.0	60
23-08-07	9:00 a	25.7	25.8	25.3	99	25.6	0.0	ENE	0.00	1.3	NE	25.7	29.4	29.4	30.6	1011.7	0.00	0.0	114	9.81	142	1.1	0.47	1.2	0.000	0.308	27.4	90	25.6	32.3	20.35	1.1353	0.08	1187	8	100.0	60
23-08-07	10:00 a	26.2	26.2	25.7	99	26.0	0.4	NNE	1.61	1.3	NE	26.2	30.5	30.5	31.9	1010.9	0.00	0.0	133	11.44	171	1.4	0.60	1.9	0.000	0.326	27.4	90	25.7	32.4	20.34	1.1341	0.08	1192	8	100.0	60
23-08-07	11:00 a	26.6	26.6	26.2	98	26.2	0.0	NNE	0.00	0.4	NNE	26.6	31.4	31.4	33.4	1010.5	0.00	0.0	181	15.57	200	2.1	0.90	2.4	0.000	0.343	28.0	91	26.4	34.2	20.86	1.1299	0.10	1196	8	100.0	60
23-08-07	12:00 p	27.4	27.4	26.5	98	27.0	0.0	NNE	0.00	0.4	NNE	27.4	33.7	33.7	37.1	1010.0	0.00	0.0	273	23.48	311	3.3	1.41	3.7	0.000	0.377	28.4	91	26.8	35.5	20.79	1.1265	0.18	1183	8	100.0	60
23-08-07	1:00 p	28.2	28.2	27.4	97	27.7	0.0	NNE	0.00	0.9	NNE	28.2	36.3	36.3	39.8	1009.9	0.00	0.0	287	24.69	374	3.5	1.50	4.3	0.000	0.412	28.8	90	27.0	36.5	20.14	1.1245	0.18	1190	8	100.0	60
23-08-07	2:00 p	29.7	29.8	28.2	92	28.3	0.0	NE	0.00	0.9	NE	29.7	40.1	40.1	44.3	1009.8	0.00	0.0	327	28.13	366	3.7	1.59	4.3	0.000	0.475	29.7	88	27.5	38.4	18.83	1.1202	0.20	1183	8	100.0	60
23-08-07	3:00 p	29.6	30.0	29.6	92	28.2	0.0	NE	0.00	0.9	NE	29.6	39.7	39.7	43.1	1009.6	0.00	0.0	224	19.27	272	2.2	0.94	2.9	0.000	0.470	29.7	89	27.7	38.8	19.41	1.1195	0.15	1186	8	100.0	60
23-08-07	4:00 p	29.2	29.6	29.2	93	27.9	0.0	NE	0.00	0.9	NE	29.2	38.4	38.4	41.9	1009.9	0.00	0.0	177	15.22	239	1.3	0.56	1.9	0.000	0.451	29.8	89	27.8	39.3	19.38	1.1188	0.13	1184	8	100.0	60
23-08-07	5:00 p	28.4	29.2	28.4	95	27.5	0.0	E	0.00	0.4	E	28.4	36.4	36.4	38.1	1010.5	0.00	0.0	76	6.54	116	0.2	0.09	0.7	0.000	0.419	29.7	89	27.7	38.8	19.41	1.1206	0.05	1179	8	100.0	60
23-08-07	6:00 p	27.7	28.4	27.7	96	27.0	0.0	E	0.00	0.4	E	27.7	34.2	34.2	33.8	1010.4	0.00	0.0	12	1.03	37	0.0	0.00	0.0	0.000	0.389	29.3	89	27.3	37.7	19.47	1.1224	0.00	1187	8	100.0	60
23-08-07	7:00 p	27.1	27.7	27.1	96	26.4	0.0	---	0.00	0.0	---	27.1	32.5	32.5	31.8	1010.2	0.00	0.0	0	0.00	0	0.0	0.00	0.0	0.000	0.366	28.9	89	26.9	36.4	19.55	1.1250	0.00	1187	8	100.0	60
23-08-07	8:00 p	26.8	27.1	26.8	97	26.3	0.0	E	0.00	0.4	E	26.8	31.8	31.8	31.1	1010.8	0.00	0.0	0	0.00	0	0.0	0.00	0.0	0.000	0.352	28.8	89	26.8	36.3	19.56	1.1260	0.00	1190	8	100.0	60
23-08-07	9:00 p	26.5	26.8	26.5	97	26.0	0.0	---	0.00	0.0	---	26.5	31.1	31.1	30.4	1011.1	0.00	0.0	0	0.00	0	0.0	0.00	0.0	0.000	0.340	28.7	88	26.5	35.6	18.99	1.1278	0.00	1187	8	100.0	60
23-08-07	10:00 p	26.2	26.6	26.2	97	25.7	0.0	---	0.00	0.0	---	26.2	30.4	30.4	29.7	1010.8	0.00	0.0	0	0.00	0	0.0	0.00	0.0	0.000	0.329	28.2	89	26.2	34.4	19.67	1.1297	0.00	1195	8	100.0	60
23-08-07	11:00 p	25.9	26.3	25.9	97	25.4	0.0	---	0.00	0.0	---	25.9	29.7	29.7	29.0	1010.2	0.00	0.0	0	0.00	0	0.0	0.00	0.0	0.000	0.317	27.9	89	26.0	33.7	19.72	1.1306	0.00	1199	8	100.0	60
23-08-08	12:00 a	25.7	25.9	25.7	98	25.3	0.0	---	0.00	0.0	---	25.7	29.2	29.2	28.4	1009.5	0.00	0.0	0	0.00	0	0.0	0.00	0.0	0.000	0.306	27.7	89	25.7	32.9	19.77	1.1316	0.00	1200	8	100.0	60
23-08-08	1:00 a	25.4	25.7	25.4	98	25.1	0.0	---	0.00	0.0	---	25.4	28.7	28.7	27.9	1009.1	0.00	0.0	0	0.00	0	0.0	0.00	0.0	0.000	0.296	27.4	89	25.5	32.3	19.81	1.1325	0.00	1193	8	100.0	60
23-08-08	2:00 a	25.3	25.5	25.2	98	24.9	0.0	---	0.00	0.0	---	25.3	28.3	28.3	27.6	1009.4	0.00	0.0	0	0.00	0	0.0	0.00	0.0	0.000	0.289	27.3	89	25.3	31.8	19.84	1.1337	0.00	1196	8	100.0	60
23-08-08	3:00 a	25.2	25.3	25.1	98	24.8	0.0	---	0.00	0.0	---	25.2	28.1	28.1	27.3	1009.6	0.00	0.0	0	0.00	0	0.0	0.00	0.0	0.000	0.285	27.2	89	25.2	31.5	19.86	1.1347	0.00	1194	8	100.0	60
23-08-08	4:00 a	25.5	25.5	25.2	98	25.2	0.0	---	0.00	0.0	---	25.5	28.8	28.8	28.1	1009.7	0.25	0.0	0	0.00	0	0.0	0.00	0.0	0.000	0.299	27.2	90	25.4	31.8	20.37	1.1340	0.00	1178	8	100.0	60
23-08-08	5:00 a	25.4	25.5	25.4	98	25.1	0.0	---	0.00	0.0	---	25.4	28.7	28.7	27.9	1010.0	0.00	0.0	0	0.00	0	0.0	0.00	0.0	0.000	0.296	27.2	90	25.4	31.7	20.38	1.1347	0.00	1198	8	100.0	60
23-08-08	6:00 a	25.6	25.6	25.3	99	25.4	0.0	---	0.00	0.0	---	25.6	29.1	29.1	28.4	1010.7	0.00	0.0	2	0.17	12	0.0	0.00	0.0	0.000	0.303	27.2	91	25.6	31.9	20.97	1.1347	0.00	1199	8	100.0	60
23-08-08	7:00 a	26.7	26.8	25.6	99	26.6	0.0	E	0.00	0.4	E	26.7	32.0	32.0	33.4	1011.4	0.76	11.2	80	6.88	165	0.2	0.09	0.7	0.000	0.350	27.7	92	26.2	33.4	21.19	1.1325	0.05	1178	8	100.0	60
23-08-08	8:00 a	27.1	27.1	26.7	99	26.9	0.0	ESE	0.00	0.9	E	27.1	33.1	33.1	34.8	1011.7	0.00	0.0	121	10.41	285	1.2	0.51	1.9	0.000	0.366	28.4	91	26.8	35.5	20.79	1.1285	0.08	1186	8	100.0	60
23-08-08	9:00 a	28.1	28.1	27.1	98	27.8	0.4	SE	1.61	1.8	S	28.1	36.2	36.2	40.6	1011.6	0.00	0.0	351	30.19	798	3.0	1.29	5.5	0.000	0.407	29.2	90	27.4	37.6	20.08	1.1241	0.23	1173	8	100.0	60
23-08-08	10:00 a	29.9	30.2	28.1	90	28.1	0.4	S	1.61	2.2	SSE	29.9	39.9	39.9	44.9	1012.3	0.00	0.0	433	37.24	784	4.4	1.89	6.9	0.000	0.481	30.1	88	27.9	40.1	18.78	1.1203	0.30	1173	8	100.0	60
23-08-08	11:00 a	27.8	29.9	27.8	94	26.7	0.0	SW	0.00	0.9	WNW	27.8	34.2	34.2	34.3	1012.2	7.87	38.4	34	2.92	62	0.0	0.00	0.8	0.000	0.394	29.4	88	27.2	37.7	18.85	1.1243	0.03	1180	8	100.0	60
23-08-08	12:00 p	27.2	27.8	27.2	97	26.7	0.0	N	0.00	0.9	SW	27.2	33.0	33.0	33.3	1010.4	0.51	1.8	49	4.21	88	0.4	0.17	1.2	0.000	0.370	29.5	88	27.3	37.9	18.84	1.1219	0.03	1164	8	100.0	60
23-08-08	1:00 p	27.7	27.7	27.2	97	27.1	0.0	NNE	0.00	0.9	NNE	27.7	34.4	34.4	36.0	1009.7	0.00	0.0	141	12.13	188	1.8	0.77	2.4	0.000	0.389	29.1	90	27.2	37.2	20.11	1.1229	0.10	1162	8	99.8	60
23-08-08	2:00 p	27.7	27.8	27.6	97	27.2	0.0	ESE	0.00	0.9	NNE	27.7	34.6	34.6	36.3	1009.5	0.00	0.0	140	12.04	243	1.6	0.69	2.5	0.000	0.391	29.3	89	27.3	37.7	19.47	1.1214	0.10	1176	8	100.0	60
23-08-08	3:00 p	28.5	28.6	27.8	96	27.8	0.0	ESE	0.00	0.9	ESE	28.5	37.1	37.1	40.8	1009.0	0.00	0.0	251	21.59	302	2.3	0.99	2.9	0.000	0.424	29.5	89	27.5	38.2	19.44	1.1199	0.15	1182	8	100.0	60
23-08-08	4:00 p	28.0	28.6	28.0	96	27.3	0.0	ESE	0.00	0.9	E	28.0	35.3	35.3	37.0	1009.8	0.00	0.0	90	7.74	216	0.6	0.26	1.8	0.000	0.403	29.4	89	27.4	37.8	19.46	1.1215	0.05	1184	8	100.0	60
23-08-08	5:00 p	27.6	28.0	27.6	96	26.9	0.0	ESE	0.00	0.4	ESE	27.6	33.9	33.9	34.6	1009.9	0.00	0.0	34	2.92	40	0.0	0.00	0.0	0.000	0.384	29.2	89	27.2	37.2	19.50	1.1230	0.03	1180	8	100.0	60
23-08-08	6:00 p	27.1	27.6	27.1	97	26.5	0.0	ESE	0.00	0.4	ESE	27.1	32.6	32.6	32.1	1010.1	0.00	0.0	8	0.69	25	0.0	0.00	0.0	0.000	0.363	28.9	89	26.9	36.4	19.55	1.1248	0.00	1163	8	99.9	60
23-08-08	7:00 p	26.7	27.1	26.7	97	26.2	0.0	ESE	0.00	0.4	ESE	26.7	31.7	31.7	31.1	1010.2	0.00	0.0	0	0.00	0	0.0	0.00	0.0	0.000	0.350	28.6	89	26.6	35.4	19.61	1.1269	0.00	1131	8	97.2	60
23-08-08	8:00 p	26.5	26.7	26.5	98	26.2	0.0	ESE	0.00	0.4	ESE	26.5	31.2	31.2	30.7	1010.8	0.00	0.0	0	0.00	0	0.0	0.00	0.0	0.000	0.340	28.2	90	26.4	34.6	20.23	1.1292	0.00	1115	8	95.8	60
23-08-08	9:00 p	26.3	26.5	26.3	98	25.9	0.0	---	0.00	0.0	---	26.3	30.7	30.7	30.1	1010.7	0.00	0.0	0	0.00	0	0.0	0.00	0.0	0.000	0.331	27.9	90	26.2	33.8	20.27	1.1309	0.00	1144	8	98.3	60
23-08-08	10:00 p	26.1	26.3	26.1	98	25.7	0.0	---	0.00	0.0	---	26.1	30.1	30.1	29.6	1010.8	0.00	0.0	0	0.00	0	0.0	0.00	0.0	0.000	0.322	27.7	90	25.9	33.1	20.31	1.1327	0.00	1182	8	100.0	60
23-08-08	11:00 p	25.8	26.1	25.8	98	25.4	0.0	---	0.00	0.0	---	25.8	29.4	29.4	28.8	1010.7	0.00	0.0	0	0.00	0	0.0	0.00	0.0	0.000	0.310	27.4	90	25.7	32.4	20.34	1.1338	0.00	1194	8	100.0	60
23-08-09	12:00 a	25.6	25.8	25.6	98	25.2	0.0	---	0.00	0.0	---	25.6	28.9	28.9	28.3	1010.6	0.00	0.0	0	0.00	0	0.0	0.00	0.0	0.000	0.301	27.2	91	25.6	31.9	20.97	1.1346	0.00	1199	8	100.0	60
23-08-09	1:00 a	25.4	25.6	25.4	98	25.1	0.0	---	0.00	0.0	---	25.4	28.6	28.6	27.9	1009.8	0.00	0.0	0	0.00	0	0.0	0.00	0.0	0.000	0.294	26.9	91	25.3	31.3	21.01	1.1353	0.00	1187	8	100.0	60
23-08-09	2:00 a	25.2	25.4	25.2	98	24.8	0.0	---	0.00	0.0	---	25.2	28.1	28.1	27.4	1009.1	0.00	0.0	0	0.00	0	0.0	0.00	0.0	0.000	0.285	26.8	91	25.2	30.8	21.03	1.1356	0.00	1144	8	98.3	60
23-08-09	3:00 a	25.0	25.2	25.0	98	24.7	0.0	---	0.00	0.0	---	25.0	27.7	27.7	27.1	1009.2	0.00	0.0	0	0.00	0	0.0	0.00	0.0	0.000	0.278	26.6	91	25.0	30.4	21.05	1.1367	0.00	1169	8	100.0	60
23-08-09	4:00 a	24.8	25.1	24.8	98	24.5	0.0	---	0.00	0.0	---	24.8	27.4	27.4	26.8	1009.2	0.00	0.0	0	0.00	0	0.0	0.00	0.0	0.000	0.271	26.4	91	24.9	30.1	21.04	1.1377	0.00	1165	8	100.0	60
23-08-09	5:00 a	24.6	24.8	24.6	99	24.4	0.0	---	0.00	0.0	---	24.6	27.1	27.1	26.4	1009.7	0.00	0.0	0	0.00	0	0.0	0.00	0.0	0.000	0.262	26.2	91	24.6	29.6	21.03	1.1396	0.00	1189	8	100.0	60
23-08-09	6:00 a	24.6	24.7	24.5	99	24.4	0.0	---	0.00	0.0	---	24.6	27.0	27.0	26.4	1010.7	0.00	0.0	5	0.43	16	0.0	0.00	0.0	0.000	0.259	26.3	91	24.7	29.8	21.04	1.1404	0.00	1191	8	100.0	60
23-08-09	7:00 a	25.2	25.2	24.6	99	25.0	0.0	ESE	0.00	0.4	ESE	25.2	28.2	28.2	28.2	1010.7	0.00	0.0	22	1.89	26	0.0	0.00	0.0	0.000	0.285	26.9	91	25.3	31.3	21.01	1.1365	0.03	1188	8	100.0	60
23-08-09	8:00 a	26.3	26.4	25.2	99	26.2	0.0	ESE	0.00	0.9	ESE	26.3	30.9	30.9	31.7	1011.4	0.00	0.0	67	5.76	156	0.8	0.34	2.7	0.000	0.333	28.2	91	26.6	34.7	20.83	1.1299	0.05	1187	8	100.0	60
23-08-09	9:00 a	28.8	28.8	26.4	98	28.5	0.4	ESE	1.61	1.8	ENE	28.8	38.7	38.7	45.7	1011.4	0.00	0.0	659	56.68	828	4.1	1.76	5.8	0.000	0.438	29.5	90	27.7	38.5	20.04	1.1221	0.41	1182	8	100.0	60
23-08-09	10:00 a	31.7	31.7	28.8	84	28.6	0.9	SSE	3.22	3.1	SSE	31.7	44.9	44.9	52.1	1011.8	0.00	0.0	862	74.14	976	7.4	3.17	9.0	0.000	0.556	30.7	86	28.1	41.7	17.92	1.1173	0.58	1189	8	100.0	60
23-08-09	11:00 a	32.9	32.9	31.7	76	28.1	0.9	SE	3.22	4.0	S	32.9	46.5	46.5	52.7	1011.5	0.00	0.0	1004	86.36	1085	6.8	2.91	9.9	0.000	0.609	31.5	84	28.5	44.1	17.10	1.1129	0.66	1194	8	100.0	60
23-08-09	12:00 p	32.5	33.2	32.3	79	28.4	0.9	SE	3.22	4.0	SSE	32.5	46.1	46.1	52.1	1010.8	0.00	0.0	987	84.89	1092	9.3	3.99	11.5	0.000	0.590	31.9	81	28.3	44.7	15.97	1.1110	0.66	1192	8	100.0	60
23-08-09	1:00 p	32.7	33.8	32.6	76	27.9	0.9	SE	3.22	4.5	SE	32.7	45.5	45.5	52.1	1009.7	0.00	0.0	944	81.19	1076	10.4	4.46	11.2	0.000	0.600	32.5	81	28.8	47.4	15.93	1.1063	0.63	1188	8	100.0	60
23-08-09	2:00 p	32.8	33.5	32.4	82	29.3	0.9	SE	3.22	4.0	SSE	32.8	49.7	49.7	57.0	1009.3	0.00	0.0	843	72.51	926	7.9	3.39	9.2	0.000	0.602	32.2	81	28.5	45.7	15.95	1.1079	0.58	1185	8	100.0	60
23-08-09	3:00 p	31.7	33.1	31.7	81	28.0	0.9	SE	3.22	3.6	S	31.7	43.4	43.4	50.2	1008.8	0.00	0.0	553	47.56	654	4.9	2.10	6.3	0.000	0.556	31.4	82	28.0	42.8	16.41	1.1113	0.38	1186	8	100.0	60
23-08-09	4:00 p	30.9	31.9	30.9	84	27.9	0.9	SE	3.22	2.7	ESE	30.9	41.4	41.4	46.7	1008.8	0.00	0.0	287	24.69	381	2.2	0.94	3.5	0.000	0.523	30.7	85	27.9	41.3	17.51	1.1141	0.20	1179	8	100.0	60
23-08-09	5:00 p	30.4	30.9	30.4	87	28.0	0.0	SE	0.00	1.3	E	30.4	41.2	41.2	42.9	1009.1	0.00	0.0	76	6.54	193	0.3	0.13	1.2	0.000	0.505	30.5	85	27.7	40.6	17.54	1.1158	0.05	1169	8	100.0	60
23-08-09	6:00 p	29.1	30.4	29.1	91	27.5	0.0	ENE	0.00	0.9	ENE	29.1	37.6	37.6	37.3	1009.3	0.00	0.0	24	2.06	40	0.0	0.00	0.0	0.000	0.449	30.2	86	27.6	39.8	17.97	1.1172	0.03	1187	8	100.0	60
23-08-09	7:00 p	27.9	29.1	27.9	93	26.7	0.0	---	0.00	0.0	---	27.9	34.5	34.5	33.9	1009.5	0.00	0.0	0	0.00	0	0.0	0.00	0.0	0.000	0.400	29.7	87	27.3	38.1	18.43	1.1203	0.00	1188	8	100.0	60
23-08-09	8:00 p	27.3	27.9	27.3	95	26.4	0.0	ENE	0.00	0.4	ENE	27.3	32.8	32.8	32.1	1008.1	0.00	0.0	0	0.00	0	0.0	0.00	0.0	0.000	0.373	29.3	87	26.9	37.0	18.47	1.1211	0.00	1191	8	100.0	60
23-08-09	9:00 p	27.0	27.3	26.9	96	26.3	0.0	---	0.00	0.0	---	27.0	32.2	32.2	31.6	1009.5	0.00	0.0	0	0.00	0	0.0	0.00	0.0	0.000	0.361	29.1	88	26.9	36.7	18.92	1.1236	0.00	1188	8	100.0	60
23-08-09	10:00 p	26.9	27.0	26.9	97	26.4	0.0	---	0.00	0.0	---	26.9	32.3	32.3	31.6	1009.9	0.00	0.0	0	0.00	0	0.0	0.00	0.0	0.000	0.359	29.0	88	26.8	36.6	18.93	1.1244	0.00	1176	8	100.0	60
23-08-09	11:00 p	26.8	26.9	26.8	97	26.3	0.0	---	0.00	0.0	---	26.8	31.9	31.9	31.3	1010.2	0.00	0.0	0	0.00	0	0.0	0.00	0.0	0.000	0.354	28.8	89	26.8	36.1	19.57	1.1256	0.00	1150	8	98.8	60
23-08-10	12:00 a	26.8	26.8	26.8	97	26.3	0.0	---	0.00	0.0	---	26.8	31.8	31.8	31.1	1009.6	0.00	0.0	0	0.00	0	0.0	0.00	0.0	0.000	0.352	28.7	89	26.7	35.8	19.59	1.1256	0.00	1152	8	99.0	60
23-08-10	1:00 a	26.6	26.8	26.6	97	26.1	0.0	---	0.00	0.0	---	26.6	31.4	31.4	30.7	1008.9	0.00	0.0	0	0.00	0	0.0	0.00	0.0	0.000	0.345	28.5	89	26.5	35.2	19.62	1.1258	0.00	1168	8	100.0	60
23-08-10	2:00 a	26.3	26.6	26.3	97	25.8	0.0	ENE	0.00	0.4	ENE	26.3	30.7	30.7	30.0	1009.0	0.00	0.0	0	0.00	0	0.0	0.00	0.0	0.000	0.333	28.3	89	26.3	34.7	19.65	1.1270	0.00	1182	8	100.0	60
23-08-10	3:00 a	26.2	26.3	26.1	98	25.9	0.0	ENE	0.00	0.4	ENE	26.2	30.5	30.5	29.8	1009.1	0.00	0.0	0	0.00	0	0.0	0.00	0.0	0.000	0.329	28.2	89	26.2	34.2	19.68	1.1281	0.00	1179	8	100.0	60
23-08-10	4:00 a	26.2	26.3	26.2	98	25.9	0.0	ENE	0.00	0.4	ENE	26.2	30.5	30.5	29.8	1009.0	0.00	0.0	0	0.00	0	0.0	0.00	0.0	0.000	0.329	28.1	89	26.1	34.1	19.69	1.1283	0.00	1188	8	100.0	60
23-08-10	5:00 a	26.2	26.3	26.2	98	25.9	0.0	---	0.00	0.0	---	26.2	30.5	30.5	29.8	1009.5	0.00	0.0	0	0.00	0	0.0	0.00	0.0	0.000	0.329	28.0	90	26.2	34.0	20.26	1.1290	0.00	1190	8	100.0	60
23-08-10	6:00 a	26.4	26.4	26.2	98	26.0	0.0	ENE	0.00	0.4	ENE	26.4	30.9	30.9	30.4	1010.3	0.00	0.0	9	0.77	42	0.0	0.00	0.0	0.000	0.336	28.0	90	26.2	34.0	20.26	1.1300	0.00	1185	8	100.0	60
23-08-10	7:00 a	27.1	27.1	26.4	99	26.9	0.0	ENE	0.00	0.9	ENE	27.1	33.1	33.1	34.4	1010.6	0.25	0.0	76	6.54	109	0.1	0.04	0.6	0.000	0.366	28.3	91	26.7	35.0	20.82	1.1283	0.05	1192	8	100.0	60
23-08-10	8:00 a	27.7	27.7	27.1	99	27.6	0.0	ENE	0.00	0.4	ENE	27.7	35.0	35.0	36.8	1010.9	0.00	0.0	128	11.01	200	1.0	0.43	1.6	0.000	0.391	28.8	90	27.0	36.3	20.15	1.1260	0.08	1189	8	100.0	60
23-08-10	9:00 a	29.2	29.2	27.7	98	28.8	0.0	ENE	0.00	0.4	ENE	29.2	40.1	40.1	43.7	1011.0	0.00	0.0	284	24.43	364	2.5	1.07	3.3	0.000	0.451	29.4	90	27.6	38.3	20.05	1.1220	0.18	1169	8	100.0	60
23-08-10	10:00 a	31.1	31.1	29.1	86	28.4	0.4	S	1.61	2.2	SSE	31.1	42.9	42.9	48.7	1011.1	0.00	0.0	504	43.35	916	5.2	2.23	8.5	0.000	0.530	30.5	86	27.9	41.0	17.94	1.1176	0.36	1185	8	100.0	60
23-08-10	11:00 a	33.1	33.1	31.0	81	29.4	0.4	SE	1.61	2.2	SSE	33.1	50.7	50.7	57.9	1010.4	0.00	0.0	921	79.22	1125	6.9	2.96	10.1	0.000	0.616	31.5	85	28.7	44.6	17.43	1.1111	0.61	1180	8	100.0	60
23-08-10	12:00 p	31.4	33.1	30.7	81	27.8	0.9	SE	3.22	3.1	S	31.4	42.3	42.3	47.9	1009.8	0.00	0.0	490	42.15	1266	6.2	2.66	12.6	0.000	0.546	31.6	83	28.3	43.8	16.70	1.1111	0.38	1187	8	100.0	60
23-08-10	1:00 p	31.7	33.2	31.3	78	27.4	0.9	SE	3.22	4.0	S	31.7	42.1	42.1	48.9	1008.3	0.00	0.0	683	58.75	1104	8.1	3.47	11.2	0.000	0.556	31.8	81	28.2	44.2	15.98	1.1088	0.48	1186	8	100.0	60
23-08-10	2:00 p	32.1	32.8	31.6	78	27.8	0.9	E	3.22	2.7	SSE	32.1	43.8	43.8	50.4	1008.1	0.00	0.0	782	67.26	1021	7.3	3.13	9.3	0.000	0.574	31.9	82	28.4	45.1	16.37	1.1077	0.51	1191	8	100.0	60
23-08-10	3:00 p	31.0	32.2	30.9	85	28.2	0.4	S	1.61	2.7	S	31.0	42.2	42.2	46.1	1008.5	0.00	0.0	263	22.62	561	2.6	1.11	4.8	0.000	0.528	31.4	83	28.2	43.0	16.71	1.1107	0.20	1190	8	100.0	60
23-08-10	4:00 p	29.3	30.9	29.3	89	27.3	0.4	SW	1.61	2.7	SSE	29.3	37.6	37.6	38.2	1008.2	0.00	0.0	42	3.61	105	0.2	0.09	0.9	0.000	0.456	30.9	86	28.3	42.4	17.89	1.1119	0.03	1169	8	100.0	60
23-08-10	5:00 p	26.8	29.3	26.8	94	25.8	0.4	NE	1.61	4.0	SE	26.8	31.4	31.4	31.0	1008.5	0.25	0.0	6	0.52	11	0.0	0.00	0.0	0.000	0.354	29.7	84	26.7	37.4	17.23	1.1203	0.00	1183	8	100.0	60
23-08-10	6:00 p	26.4	26.8	26.4	95	25.6	0.0	NE	0.00	0.4	NE	26.4	30.7	30.7	30.2	1008.4	0.00	0.0	2	0.17	5	0.0	0.00	0.0	0.000	0.338	29.1	85	26.3	36.1	17.69	1.1234	0.00	1159	8	99.6	60
23-08-10	7:00 p	25.9	26.4	25.9	96	25.3	0.0	NE	0.00	0.4	NE	25.9	29.6	29.6	29.1	1009.0	0.00	0.0	0	0.00	0	0.0	0.00	0.0	0.000	0.317	28.6	86	26.0	34.8	18.15	1.1270	0.00	1170	8	100.0	60
23-08-10	8:00 p	25.8	26.0	25.8	97	25.3	0.0	---	0.00	0.0	---	25.8	29.3	29.3	28.8	1009.9	0.00	0.0	0	0.00	0	0.0	0.00	0.0	0.000	0.310	28.2	87	25.9	34.0	18.58	1.1295	0.00	1175	8	100.0	60
23-08-10	9:00 p	25.6	25.8	25.6	97	25.1	0.0	NE	0.00	0.4	NE	25.6	28.9	28.9	28.3	1009.8	0.00	0.0	0	0.00	0	0.0	0.00	0.0	0.000	0.303	28.1	87	25.7	33.6	18.60	1.1304	0.00	1167	8	100.0	60
23-08-10	10:00 p	25.4	25.7	25.4	97	24.9	0.0	---	0.00	0.0	---	25.4	28.6	28.6	27.9	1010.3	0.00	0.0	0	0.00	0	0.0	0.00	0.0	0.000	0.296	27.8	88	25.7	33.2	19.14	1.1319	0.00	1180	8	100.0	60
23-08-10	11:00 p	25.4	25.5	25.3	97	24.9	0.0	---	0.00	0.0	---	25.4	28.4	28.4	27.8	1009.5	0.00	0.0	0	0.00	0	0.0	0.00	0.0	0.000	0.294	27.7	88	25.6	32.8	19.16	1.1316	0.00	1181	8	100.0	60
23-08-11	12:00 a	25.4	25.4	25.3	98	25.1	0.0	---	0.00	0.0	---	25.4	28.6	28.6	28.0	1009.5	0.00	0.0	0	0.00	0	0.0	0.00	0.0	0.000	0.294	27.6	88	25.4	32.6	19.18	1.1323	0.00	1179	8	100.0	60
23-08-11	1:00 a	25.4	25.5	25.4	98	25.1	0.0	---	0.00	0.0	---	25.4	28.6	28.6	28.0	1008.8	0.00	0.0	0	0.00	0	0.0	0.00	0.0	0.000	0.294	27.6	89	25.6	32.6	19.79	1.1314	0.00	1176	8	100.0	60
23-08-11	2:00 a	25.5	25.5	25.4	98	25.2	0.0	---	0.00	0.0	---	25.5	28.8	28.8	28.2	1008.2	0.00	0.0	0	0.00	0	0.0	0.00	0.0	0.000	0.299	27.5	89	25.5	32.4	19.80	1.1310	0.00	1176	8	100.0	60
23-08-11	3:00 a	25.4	25.5	25.4	98	25.1	0.0	---	0.00	0.0	---	25.4	28.7	28.7	28.1	1008.4	0.00	0.0	0	0.00	0	0.0	0.00	0.0	0.000	0.296	27.4	89	25.4	32.1	19.82	1.1319	0.00	1176	8	100.0	60
23-08-11	4:00 a	25.4	25.5	25.4	98	25.1	0.0	---	0.00	0.0	---	25.4	28.6	28.6	28.0	1008.5	0.00	0.0	0	0.00	0	0.0	0.00	0.0	0.000	0.294	27.3	89	25.3	31.8	19.84	1.1327	0.00	1178	8	100.0	60
23-08-11	5:00 a	25.4	25.4	25.3	98	25.1	0.0	---	0.00	0.0	---	25.4	28.7	28.7	28.1	1008.5	0.00	0.0	0	0.00	0	0.0	0.00	0.0	0.000	0.296	27.3	90	25.5	32.1	20.35	1.1319	0.00	1179	8	100.0	60
23-08-11	6:00 a	25.8	25.9	25.4	99	25.7	0.0	E	0.00	0.9	E	25.8	29.7	29.7	29.2	1008.9	0.00	0.0	6	0.52	26	0.0	0.00	0.0	0.000	0.313	27.5	90	25.7	32.6	20.33	1.1315	0.00	1190	8	100.0	60
23-08-11	7:00 a	26.8	26.8	25.9	99	26.7	0.0	E	0.00	0.4	E	26.8	32.3	32.3	34.2	1009.7	0.00	0.0	102	8.77	195	0.2	0.09	0.8	0.000	0.354	27.9	91	26.3	33.9	20.87	1.1295	0.08	1193	8	100.0	60
23-08-11	8:00 a	27.6	27.6	26.9	99	27.4	0.0	E	0.00	1.3	SSE	27.6	34.7	34.7	37.4	1010.4	0.00	0.0	184	15.83	250	1.1	0.47	1.8	0.000	0.387	28.7	91	27.1	36.4	20.75	1.1253	0.13	1176	8	100.0	60
23-08-11	9:00 a	28.9	28.9	27.6	96	28.2	0.0	SE	0.00	0.4	SE	28.9	38.3	38.3	41.6	1010.4	0.00	0.0	251	21.59	367	2.4	1.03	3.5	0.000	0.440	29.2	90	27.4	37.6	20.08	1.1227	0.15	1181	8	100.0	60
23-08-11	10:00 a	30.8	30.8	28.9	87	28.4	0.4	SE	1.61	1.8	S	30.8	42.8	42.8	48.3	1010.3	0.00	0.0	476	40.94	710	5.0	2.14	7.2	0.000	0.521	30.0	89	28.0	39.9	19.35	1.1182	0.30	1185	8	100.0	60
23-08-11	11:00 a	32.6	33.0	30.8	75	27.5	0.9	SSE	3.22	4.5	SSE	32.6	44.3	44.3	51.3	1009.9	0.00	0.0	943	81.11	1037	8.1	3.47	10.1	0.000	0.593	31.2	84	28.2	42.6	17.12	1.1128	0.63	1188	8	100.0	60
23-08-11	12:00 p	31.6	33.0	31.6	79	27.5	1.3	SE	4.83	4.0	SE	31.6	42.2	42.2	49.3	1008.9	0.00	0.0	922	79.30	1058	8.8	3.77	10.9	0.000	0.553	32.0	81	28.3	44.9	15.97	1.1085	0.63	1174	8	100.0	60
23-08-11	1:00 p	31.0	32.0	30.8	84	28.0	0.9	SE	3.22	4.0	ESE	31.0	41.7	41.7	47.8	1008.0	0.00	0.0	544	46.79	977	6.6	2.83	9.6	0.000	0.528	31.7	83	28.5	44.7	16.69	1.1080	0.38	1166	8	100.0	60
23-08-11	2:00 p	30.3	31.9	30.3	84	27.3	0.9	SE	3.22	4.0	SE	30.3	39.5	39.5	44.9	1007.5	0.00	0.0	447	38.45	738	5.0	2.14	6.9	0.000	0.500	31.4	83	28.2	43.3	16.71	1.1092	0.33	1167	8	100.0	60
23-08-11	3:00 p	30.4	30.7	30.3	85	27.6	0.9	ESE	3.22	4.5	ESE	30.4	40.3	40.3	45.0	1007.0	0.00	0.0	320	27.52	490	3.0	1.29	3.9	0.000	0.505	30.8	83	27.6	40.8	16.75	1.1124	0.23	1189	8	100.0	60
23-08-11	4:00 p	29.1	30.4	29.1	87	26.7	0.9	SE	3.22	3.6	E	29.1	36.6	36.6	38.6	1007.3	0.51	10.7	108	9.29	265	0.8	0.34	2.2	0.000	0.449	30.2	84	27.2	39.1	17.19	1.1159	0.08	1180	8	100.0	60
23-08-11	5:00 p	27.3	29.1	27.3	95	26.5	0.0	ENE	0.00	1.8	NE	27.3	32.9	32.9	32.4	1007.6	4.83	16.5	2	0.17	11	0.0	0.00	0.0	0.000	0.375	29.2	87	26.8	36.9	18.47	1.1209	0.00	1173	8	100.0	60
23-08-11	6:00 p	26.6	27.3	26.6	96	25.9	0.0	NNE	0.00	0.9	NNE	26.6	31.2	31.2	30.7	1007.6	0.25	1.8	0	0.00	0	0.0	0.00	0.0	0.000	0.345	28.8	87	26.5	35.9	18.52	1.1232	0.00	1173	8	100.0	60
23-08-11	7:00 p	26.3	26.7	26.3	97	25.8	0.0	NNE	0.00	1.8	ENE	26.3	30.7	30.7	30.1	1009.3	0.00	0.0	0	0.00	0	0.0	0.00	0.0	0.000	0.333	28.6	88	26.4	35.2	19.01	1.1264	0.00	1179	8	100.0	60
23-08-11	8:00 p	26.3	26.3	26.2	97	25.8	0.0	NNE	0.00	0.9	NNE	26.3	30.6	30.6	30.0	1010.0	0.00	0.0	0	0.00	0	0.0	0.00	0.0	0.000	0.331	28.2	88	26.0	34.2	19.07	1.1292	0.00	1195	8	100.0	60
23-08-11	9:00 p	25.2	26.3	25.2	96	24.5	0.4	WNW	1.61	4.5	W	25.2	28.0	28.0	27.4	1010.1	0.51	3.3	0	0.00	0	0.0	0.00	0.0	0.000	0.287	27.2	88	25.0	31.3	19.26	1.1357	0.00	1178	8	100.0	60
23-08-11	10:00 p	24.9	25.2	24.9	97	24.4	0.0	WNW	0.00	0.9	WNW	24.9	27.6	27.6	26.9	1009.9	0.00	0.0	0	0.00	0	0.0	0.00	0.0	0.000	0.275	26.8	89	24.9	30.7	19.92	1.1369	0.00	1186	8	100.0	60
23-08-11	11:00 p	24.9	24.9	24.8	98	24.6	0.0	WNW	0.00	0.9	WNW	24.9	27.6	27.6	26.9	1009.7	0.00	0.0	0	0.00	0	0.0	0.00	0.0	0.000	0.273	26.7	90	24.9	30.4	20.45	1.1373	0.00	1183	8	100.0	60
23-08-12	12:00 a	24.8	24.9	24.8	98	24.5	0.0	WNW	0.00	0.4	WNW	24.8	27.4	27.4	26.8	1009.1	0.00	0.0	0	0.00	0	0.0	0.00	0.0	0.000	0.271	26.4	90	24.7	30.0	20.45	1.1379	0.00	1193	8	100.0	60
23-08-12	1:00 a	24.6	24.8	24.6	98	24.3	0.0	WNW	0.00	0.4	WNW	24.6	27.1	27.1	26.4	1008.2	0.00	0.0	0	0.00	0	0.0	0.00	0.0	0.000	0.262	26.2	90	24.5	29.5	20.45	1.1382	0.00	1184	8	100.0	60
23-08-12	2:00 a	24.3	24.7	24.3	98	24.0	0.0	WNW	0.00	0.4	WNW	24.3	26.6	26.6	25.9	1007.5	0.00	0.0	0	0.00	0	0.0	0.00	0.0	0.000	0.250	25.9	91	24.4	29.1	21.02	1.1386	0.00	1145	8	98.4	60
23-08-12	3:00 a	24.3	24.4	24.3	98	23.9	0.0	WNW	0.00	0.4	WNW	24.3	26.6	26.6	25.9	1007.1	0.00	0.0	0	0.00	0	0.0	0.00	0.0	0.000	0.248	25.9	91	24.3	28.9	21.02	1.1385	0.00	1163	8	99.9	60
23-08-12	4:00 a	24.3	24.4	24.2	98	24.0	0.0	WNW	0.00	0.9	WNW	24.3	26.6	26.6	25.9	1007.1	0.25	0.0	0	0.00	0	0.0	0.00	0.0	0.000	0.250	25.9	91	24.4	29.1	21.02	1.1381	0.00	1187	8	100.0	60
23-08-12	5:00 a	24.4	24.6	24.3	98	24.1	0.0	WNW	0.00	0.4	WNW	24.4	26.8	26.8	26.1	1008.0	0.00	0.0	0	0.00	0	0.0	0.00	0.0	0.000	0.255	25.9	92	24.5	29.1	21.12	1.1391	0.00	1198	8	100.0	60
23-08-12	6:00 a	24.5	24.5	24.4	99	24.3	0.0	---	0.00	0.0	---	24.5	26.9	26.9	26.3	1008.3	0.00	0.0	6	0.52	26	0.0	0.00	0.0	0.000	0.257	25.8	93	24.6	29.1	21.22	1.1394	0.00	1194	8	100.0	60
23-08-12	7:00 a	25.4	25.4	24.5	99	25.2	0.0	WNW	0.00	0.4	WNW	25.4	28.7	28.7	29.7	1008.8	0.00	0.0	65	5.59	102	0.1	0.04	0.5	0.000	0.294	26.6	92	25.1	30.5	21.15	1.1362	0.05	1193	8	100.0	60
23-08-12	8:00 a	26.7	26.8	25.4	99	26.6	0.0	WNW	0.00	0.4	WNW	26.7	32.0	32.0	34.5	1009.5	0.00	0.0	173	14.88	332	1.1	0.47	2.0	0.000	0.350	27.6	92	26.2	33.3	21.18	1.1305	0.10	1164	8	100.0	60
23-08-12	9:00 a	27.4	27.5	26.7	99	27.3	0.0	WNW	0.00	0.4	WNW	27.4	34.1	34.1	38.3	1009.6	0.00	0.0	329	28.30	434	2.6	1.11	3.0	0.000	0.380	28.6	91	27.0	36.1	20.77	1.1250	0.20	1172	8	100.0	60
23-08-12	10:00 a	29.2	29.3	27.4	91	27.6	0.4	NE	1.61	1.3	NE	29.2	37.9	37.9	43.6	1009.5	0.00	0.0	499	42.92	710	4.8	2.06	6.1	0.000	0.454	29.6	87	27.2	37.8	18.44	1.1210	0.33	1170	8	100.0	60
23-08-12	11:00 a	29.9	31.6	29.2	87	27.5	0.4	SSE	1.61	2.7	SSE	29.9	39.0	39.0	45.4	1009.4	0.00	0.0	598	51.43	1151	7.1	3.04	10.9	0.000	0.484	30.4	84	27.4	39.7	17.18	1.1173	0.43	1178	8	100.0	60
23-08-12	12:00 p	30.6	30.6	29.9	84	27.5	0.4	WSW	1.61	2.2	SW	30.6	40.4	40.4	45.8	1008.7	0.00	0.0	464	39.91	749	6.4	2.74	8.3	0.000	0.509	30.4	83	27.2	39.4	16.78	1.1170	0.30	1173	8	100.0	60
23-08-12	1:00 p	30.7	31.7	30.6	84	27.7	0.4	SSW	1.61	2.7	W	30.7	40.9	40.9	48.1	1007.9	0.00	0.0	780	67.09	1111	8.6	3.69	10.3	0.000	0.516	31.2	80	27.4	40.8	15.62	1.1126	0.53	1182	8	100.0	60
23-08-12	2:00 p	31.8	31.8	30.3	80	28.0	0.4	SW	1.61	2.2	S	31.8	43.6	43.6	49.4	1007.1	0.00	0.0	495	42.58	947	5.5	2.36	7.8	0.000	0.563	31.1	81	27.4	40.6	16.03	1.1122	0.36	1170	8	100.0	60
23-08-12	3:00 p	31.0	32.1	30.3	85	28.2	0.4	SSW	1.61	1.8	S	31.0	42.2	42.2	47.3	1006.6	0.00	0.0	360	30.96	717	3.8	1.63	6.4	0.000	0.528	30.7	82	27.3	40.1	16.46	1.1131	0.25	1178	8	100.0	60
23-08-12	4:00 p	30.3	31.0	30.1	87	27.9	0.4	SSW	1.61	2.2	SSW	30.3	40.7	40.7	45.4	1006.4	0.00	0.0	248	21.33	341	1.9	0.81	2.6	0.000	0.500	30.1	82	26.6	37.8	16.51	1.1168	0.18	1186	8	100.0	60
23-08-12	5:00 p	30.1	30.7	30.1	87	27.7	0.0	SE	0.00	0.9	SE	30.1	39.7	39.7	40.8	1007.2	0.00	0.0	134	11.53	343	0.4	0.17	1.4	0.000	0.491	29.9	85	27.1	38.3	17.60	1.1170	0.10	1186	8	100.0	60
23-08-12	6:00 p	28.4	30.1	28.4	91	26.8	0.0	SSE	0.00	0.4	SSE	28.4	35.3	35.3	35.1	1007.7	0.00	0.0	28	2.41	76	0.0	0.00	0.0	0.000	0.419	29.6	87	27.2	37.8	18.44	1.1190	0.03	1184	8	100.0	60
23-08-12	7:00 p	27.3	28.4	27.3	95	26.4	0.0	SSE	0.00	0.4	SSE	27.3	32.8	32.8	32.2	1008.8	2.79	6.6	0	0.00	0	0.0	0.00	0.0	0.000	0.373	28.7	89	26.7	35.8	19.59	1.1247	0.00	1170	8	100.0	60
23-08-12	8:00 p	25.5	27.3	25.5	95	24.6	0.4	NNE	1.61	2.7	NNW	25.5	28.4	28.4	27.7	1009.4	26.42	174.2	0	0.00	0	0.0	0.00	0.0	0.000	0.299	27.4	88	25.3	32.1	19.21	1.1331	0.00	1179	8	100.0	60
23-08-12	9:00 p	25.2	25.6	25.2	97	24.7	0.0	NNE	0.00	0.4	NNE	25.2	28.0	28.0	27.3	1009.3	0.00	0.0	0	0.00	0	0.0	0.00	0.0	0.000	0.285	27.1	89	25.1	31.2	19.88	1.1350	0.00	1174	8	100.0	60
23-08-12	10:00 p	24.9	25.2	24.9	97	24.4	0.0	NNE	0.00	0.4	NNE	24.9	27.6	27.6	26.8	1009.6	0.00	0.0	0	0.00	0	0.0	0.00	0.0	0.000	0.275	26.7	90	24.9	30.4	20.45	1.1372	0.00	1171	8	100.0	60
23-08-12	11:00 p	24.8	24.9	24.8	97	24.3	0.0	---	0.00	0.0	---	24.8	27.4	27.4	26.6	1009.3	0.00	0.0	0	0.00	0	0.0	0.00	0.0	0.000	0.271	26.4	91	24.9	30.1	21.04	1.1378	0.00	1173	8	100.0	60
23-08-13	12:00 a	24.7	24.8	24.7	98	24.4	0.0	---	0.00	0.0	---	24.7	27.3	27.3	26.5	1009.1	0.00	0.0	0	0.00	0	0.0	0.00	0.0	0.000	0.266	26.3	91	24.7	29.9	21.04	1.1382	0.00	1177	8	100.0	60
23-08-13	1:00 a	24.9	24.9	24.7	98	24.6	0.0	NNE	0.00	1.3	SE	24.9	27.6	27.6	26.9	1008.8	0.51	8.6	0	0.00	0	0.0	0.00	0.0	0.000	0.275	26.4	92	25.0	30.2	21.14	1.1368	0.00	1170	8	100.0	60
23-08-13	2:00 a	25.2	25.3	24.9	98	24.9	0.0	ENE	0.00	1.8	NE	25.2	28.2	28.2	27.5	1008.0	3.56	14.2	0	0.00	0	0.0	0.00	0.0	0.000	0.287	26.7	91	25.1	30.7	21.04	1.1346	0.00	1172	8	100.0	60
23-08-13	3:00 a	24.9	25.2	24.9	98	24.6	0.0	NE	0.00	0.9	NE	24.9	27.6	27.6	26.9	1006.7	0.25	1.0	0	0.00	0	0.0	0.00	0.0	0.000	0.275	26.4	92	25.0	30.2	21.14	1.1343	0.00	1179	8	100.0	60
23-08-13	4:00 a	24.7	24.9	24.7	98	24.4	0.0	NE	0.00	1.3	NE	24.7	27.3	27.3	26.5	1007.3	0.00	0.0	0	0.00	0	0.0	0.00	0.0	0.000	0.266	26.2	91	24.6	29.5	21.03	1.1371	0.00	1194	8	100.0	60
23-08-13	5:00 a	24.5	24.7	24.5	98	24.2	0.0	NE	0.00	0.9	NE	24.5	26.9	26.9	26.1	1007.4	0.00	0.0	0	0.00	0	0.0	0.00	0.0	0.000	0.257	25.9	92	24.5	29.1	21.12	1.1384	0.00	1198	8	100.0	60
23-08-13	6:00 a	24.6	24.6	24.4	99	24.4	0.0	NE	0.00	0.4	NE	24.6	27.0	27.0	26.3	1007.5	0.00	0.0	9	0.77	37	0.0	0.00	0.0	0.000	0.259	25.9	93	24.7	29.2	21.22	1.1382	0.00	1195	8	100.0	60
23-08-13	7:00 a	25.3	25.4	24.6	99	25.2	0.0	NE	0.00	0.4	NE	25.3	28.5	28.5	29.6	1008.5	0.00	0.0	68	5.85	128	0.1	0.04	0.6	0.000	0.292	26.6	93	25.3	30.6	21.25	1.1353	0.05	1198	8	100.0	60
23-08-13	8:00 a	26.4	26.4	25.3	99	26.3	0.0	NE	0.00	0.4	NE	26.4	31.2	31.2	33.7	1009.5	0.00	0.0	173	14.88	327	1.2	0.51	2.5	0.000	0.338	27.7	91	26.1	33.4	20.90	1.1303	0.10	1127	8	96.8	60
23-08-13	9:00 a	28.4	28.4	26.4	95	27.5	0.4	NE	1.61	1.3	NE	28.4	36.4	36.4	42.9	1009.7	0.00	0.0	576	49.54	742	3.7	1.59	5.3	0.000	0.419	29.0	89	27.0	36.8	19.53	1.1237	0.36	1161	8	99.7	60
23-08-13	10:00 a	30.9	30.9	28.3	85	28.1	0.4	SE	1.61	2.2	S	30.9	41.8	41.8	49.0	1009.8	0.00	0.0	754	64.85	898	6.7	2.87	8.4	0.000	0.523	30.0	87	27.6	39.2	18.39	1.1186	0.51	1191	8	100.0	60
23-08-13	11:00 a	31.8	32.3	30.9	78	27.5	0.9	SE	3.22	3.6	S	31.8	42.7	42.7	48.7	1009.7	0.00	0.0	991	85.24	1141	8.4	3.60	10.0	0.000	0.563	30.8	84	27.8	41.2	17.15	1.1149	0.63	1193	8	100.0	60
23-08-13	12:00 p	30.5	31.8	30.3	81	26.9	0.9	SE	3.22	4.0	SE	30.5	39.1	39.1	44.7	1009.1	0.00	0.0	492	42.32	705	6.1	2.61	7.8	0.000	0.507	30.8	85	28.0	41.4	17.51	1.1141	0.33	1189	8	100.0	60
23-08-13	1:00 p	30.5	31.4	30.4	83	27.3	0.9	SE	3.22	4.0	SSE	30.5	39.8	39.8	46.0	1008.6	0.00	0.0	564	48.51	1144	7.3	3.13	11.6	0.000	0.507	31.0	83	27.8	41.3	16.74	1.1132	0.43	1191	8	100.0	60
23-08-13	2:00 p	31.0	31.3	30.3	81	27.4	0.9	SE	3.22	3.1	SE	31.0	40.4	40.4	46.4	1007.5	0.00	0.0	519	44.64	816	5.4	2.31	7.3	0.000	0.528	30.8	84	27.8	41.1	17.15	1.1127	0.36	1196	8	100.0	60
23-08-13	3:00 p	30.3	31.3	30.3	83	27.1	0.9	SSE	3.22	3.1	ESE	30.3	39.0	39.0	45.0	1007.1	0.00	0.0	441	37.93	659	4.0	1.71	5.3	0.000	0.498	30.7	84	27.7	40.7	17.16	1.1130	0.30	1183	8	100.0	60
23-08-13	4:00 p	29.9	30.3	29.7	87	27.5	0.0	N	0.00	0.9	SW	29.9	39.0	39.0	42.6	1006.9	0.00	0.0	184	15.83	237	1.4	0.60	1.9	0.000	0.484	30.1	86	27.5	39.3	17.98	1.1152	0.13	1160	8	99.7	60
23-08-13	5:00 p	28.7	29.9	28.7	91	27.1	0.0	N	0.00	0.4	N	28.7	36.2	36.2	36.4	1007.4	0.00	0.0	60	5.16	109	0.1	0.04	0.6	0.000	0.431	29.7	87	27.3	38.3	18.42	1.1175	0.05	1155	8	99.2	60
23-08-13	6:00 p	27.7	28.7	27.7	93	26.4	0.0	N	0.00	0.4	N	27.7	33.7	33.7	33.2	1007.8	0.00	0.0	8	0.69	26	0.0	0.00	0.0	0.000	0.389	29.1	88	26.9	36.7	18.92	1.1216	0.00	1168	8	100.0	60
23-08-13	7:00 p	26.9	27.7	26.9	95	26.1	0.0	N	0.00	0.4	N	26.9	31.9	31.9	31.3	1008.7	0.00	0.0	0	0.00	0	0.0	0.00	0.0	0.000	0.359	28.4	89	26.5	35.1	19.63	1.1260	0.00	1184	8	100.0	60
23-08-13	8:00 p	26.4	26.9	26.4	96	25.8	0.0	N	0.00	0.4	N	26.4	30.8	30.8	30.2	1009.4	0.25	0.0	0	0.00	0	0.0	0.00	0.0	0.000	0.338	28.0	90	26.2	34.0	20.26	1.1289	0.00	1186	8	100.0	60
23-08-13	9:00 p	25.5	26.5	25.5	94	24.5	0.4	NNW	1.61	2.2	SSW	25.5	28.4	28.4	27.7	1010.2	1.52	17.8	0	0.00	0	0.0	0.00	0.0	0.000	0.299	27.6	86	25.0	32.1	18.25	1.1342	0.00	1189	8	100.0	60
23-08-13	10:00 p	24.9	25.5	24.9	96	24.3	0.0	NNW	0.00	0.9	NNW	24.9	27.5	27.5	26.8	1010.1	0.51	3.8	0	0.00	0	0.0	0.00	0.0	0.000	0.275	27.1	88	25.0	31.2	19.27	1.1359	0.00	1192	8	100.0	60
23-08-13	11:00 p	24.8	24.9	24.8	97	24.3	0.0	NNW	0.00	0.4	NNW	24.8	27.3	27.3	26.6	1009.7	0.51	1.3	0	0.00	0	0.0	0.00	0.0	0.000	0.269	26.8	89	24.8	30.6	19.93	1.1370	0.00	1189	8	100.0	60
23-08-14	12:00 a	24.8	24.9	24.8	97	24.3	0.0	S	0.00	2.7	W	24.8	27.4	27.4	26.7	1009.6	0.00	0.0	0	0.00	0	0.0	0.00	0.0	0.000	0.271	26.6	90	24.8	30.2	20.45	1.1378	0.00	1179	8	100.0	60
23-08-14	1:00 a	24.7	24.8	24.7	98	24.4	0.4	NW	1.61	1.8	WSW	24.7	27.3	27.3	26.6	1008.6	2.03	10.7	0	0.00	0	0.0	0.00	0.0	0.000	0.266	26.4	90	24.6	29.9	20.45	1.1377	0.00	1182	8	100.0	60
23-08-14	2:00 a	24.7	24.7	24.6	98	24.3	0.0	NW	0.00	0.4	NW	24.7	27.2	27.2	26.4	1008.2	0.00	0.0	0	0.00	0	0.0	0.00	0.0	0.000	0.264	26.3	91	24.7	29.8	21.04	1.1375	0.00	1183	8	100.0	60
23-08-14	3:00 a	24.7	24.7	24.6	98	24.3	0.0	NW	0.00	0.4	NW	24.7	27.2	27.2	26.4	1007.8	0.00	0.0	0	0.00	0	0.0	0.00	0.0	0.000	0.264	26.1	92	24.7	29.5	21.13	1.1376	0.00	1152	8	99.0	60
23-08-14	4:00 a	24.8	24.8	24.6	98	24.4	0.0	NW	0.00	0.4	NW	24.8	27.3	27.3	26.6	1007.6	0.00	0.0	0	0.00	0	0.0	0.00	0.0	0.000	0.269	26.2	92	24.8	29.7	21.13	1.1371	0.00	1162	8	99.8	60
23-08-14	5:00 a	24.9	24.9	24.8	98	24.6	0.0	NW	0.00	0.4	NW	24.9	27.6	27.6	26.9	1007.9	0.00	0.0	0	0.00	0	0.0	0.00	0.0	0.000	0.275	26.2	92	24.8	29.8	21.13	1.1371	0.00	1167	8	100.0	60
23-08-14	6:00 a	24.9	24.9	24.9	98	24.6	0.0	NW	0.00	0.4	NW	24.9	27.6	27.6	26.9	1008.3	0.00	0.0	2	0.17	12	0.0	0.00	0.0	0.000	0.275	26.3	92	24.9	29.9	21.14	1.1372	0.00	1170	8	100.0	60
23-08-14	7:00 a	25.2	25.3	24.9	99	25.1	0.0	NW	0.00	0.4	NW	25.2	28.3	28.3	28.6	1008.8	0.00	0.0	32	2.75	74	0.0	0.00	0.0	0.000	0.287	26.4	93	25.2	30.4	21.24	1.1364	0.03	1180	8	100.0	60
23-08-14	8:00 a	26.2	26.2	25.2	99	26.0	0.0	NW	0.00	0.4	NW	26.2	30.5	30.5	32.8	1009.6	0.00	0.0	163	14.02	274	1.0	0.43	1.8	0.000	0.326	27.3	92	25.9	32.3	21.17	1.1327	0.10	1164	8	100.0	60
23-08-14	9:00 a	27.4	27.4	26.2	99	27.3	0.0	NW	0.00	0.9	NW	27.4	34.1	34.1	38.0	1010.0	0.25	0.0	308	26.49	346	2.5	1.07	3.1	0.000	0.380	28.2	90	26.4	34.4	20.23	1.1287	0.20	1175	8	100.0	60
23-08-14	10:00 a	28.7	29.1	27.4	91	27.1	0.0	E	0.00	0.9	WNW	28.7	36.2	36.2	41.1	1010.2	0.00	0.0	418	35.95	591	4.1	1.76	5.4	0.000	0.431	28.8	88	26.6	35.9	18.97	1.1261	0.28	1151	8	98.9	60
23-08-14	11:00 a	31.3	31.4	28.5	77	26.8	0.4	E	1.61	2.2	SE	31.3	40.2	40.2	46.6	1009.9	0.00	0.0	587	50.49	1028	5.9	2.53	10.5	0.000	0.542	29.7	86	27.1	37.8	18.03	1.1213	0.41	1168	8	100.0	60
23-08-14	12:00 p	28.3	31.4	27.4	98	28.0	0.4	SE	1.61	2.7	ESE	28.3	36.9	36.9	40.2	1009.4	0.25	0.0	263	22.62	912	3.7	1.59	9.1	0.000	0.417	29.4	88	27.2	37.7	18.85	1.1211	0.20	1178	8	100.0	60
23-08-14	1:00 p	28.5	29.1	28.2	95	27.6	0.0	SE	0.00	1.3	SSE	28.5	36.8	36.8	40.8	1008.9	0.00	0.0	327	28.13	710	4.3	1.84	8.2	0.000	0.424	29.4	88	27.2	37.6	18.86	1.1209	0.23	1166	8	100.0	60
23-08-14	2:00 p	28.1	28.5	28.0	96	27.4	0.0	SE	0.00	1.3	SE	28.1	35.7	35.7	38.2	1008.3	0.00	0.0	194	16.69	216	2.2	0.94	2.6	0.000	0.407	29.4	88	27.2	37.6	18.86	1.1202	0.13	1168	8	100.0	60
23-08-14	3:00 p	27.8	28.2	27.8	93	26.6	0.0	SE	0.00	1.8	SSE	27.8	34.2	34.2	35.7	1007.8	0.00	0.0	113	9.72	137	1.1	0.47	1.4	0.000	0.396	28.9	89	26.9	36.4	19.55	1.1221	0.08	1192	8	100.0	60
23-08-14	4:00 p	27.8	27.9	27.7	95	26.9	0.0	SW	0.00	1.8	SSE	27.8	34.4	34.4	36.6	1007.9	0.00	0.0	116	9.98	127	0.8	0.34	1.0	0.000	0.394	28.8	89	26.8	36.1	19.57	1.1229	0.08	1173	8	100.0	60
23-08-14	5:00 p	27.6	27.8	27.6	95	26.7	0.0	SW	0.00	0.9	SW	27.6	33.8	33.8	34.5	1008.3	0.00	0.0	89	7.65	111	0.2	0.09	0.6	0.000	0.387	28.6	89	26.6	35.6	19.60	1.1245	0.05	1164	8	100.0	60
23-08-14	6:00 p	26.8	27.6	26.8	95	26.0	0.0	ESE	0.00	0.9	ESE	26.8	31.6	31.6	31.2	1009.2	0.00	0.0	16	1.38	44	0.0	0.00	0.0	0.000	0.354	28.2	89	26.2	34.4	19.67	1.1278	0.00	1162	8	99.8	60
23-08-14	7:00 p	26.1	26.8	26.1	95	25.2	0.0	---	0.00	0.0	---	26.1	29.9	29.9	29.3	1009.9	0.00	0.0	0	0.00	0	0.0	0.00	0.0	0.000	0.324	27.6	90	25.8	32.7	20.32	1.1322	0.00	1173	8	100.0	60
23-08-14	8:00 p	25.8	26.1	25.8	97	25.3	0.0	---	0.00	0.0	---	25.8	29.4	29.4	28.8	1009.7	0.00	0.0	0	0.00	0	0.0	0.00	0.0	0.000	0.313	27.3	91	25.7	32.3	20.95	1.1329	0.00	1184	8	100.0	60
23-08-14	9:00 p	25.7	25.9	25.7	97	25.2	0.0	---	0.00	0.0	---	25.7	29.2	29.2	28.6	1010.2	0.00	0.0	0	0.00	0	0.0	0.00	0.0	0.000	0.308	27.1	91	25.5	31.7	20.99	1.1349	0.00	1184	8	100.0	60
23-08-14	10:00 p	25.7	25.8	25.6	97	25.2	0.4	NNE	1.61	2.2	NE	25.7	29.2	29.2	28.6	1010.7	0.00	0.0	0	0.00	0	0.0	0.00	0.0	0.000	0.308	27.2	90	25.4	31.8	20.37	1.1352	0.00	1189	8	100.0	60
23-08-14	11:00 p	26.1	26.1	25.7	97	25.6	0.4	NE	1.61	2.7	NE	26.1	30.1	30.1	29.6	1010.1	0.00	0.0	0	0.00	0	0.0	0.00	0.0	0.000	0.324	27.3	91	25.7	32.1	20.96	1.1337	0.00	1194	8	100.0	60
23-08-15	12:00 a	25.8	26.1	25.8	97	25.3	0.0	NE	0.00	0.4	NE	25.8	29.4	29.4	28.8	1009.9	0.00	0.0	0	0.00	0	0.0	0.00	0.0	0.000	0.313	26.9	92	25.5	31.4	21.16	1.1351	0.00	1191	8	100.0	60
23-08-15	1:00 a	25.6	25.9	25.6	97	25.0	0.0	NE	0.00	0.4	NE	25.6	28.8	28.8	28.2	1009.1	0.00	0.0	0	0.00	0	0.0	0.00	0.0	0.000	0.301	26.8	92	25.4	31.0	21.15	1.1351	0.00	1188	8	100.0	60
23-08-15	2:00 a	25.4	25.6	25.4	98	25.1	0.0	NE	0.00	0.4	NE	25.4	28.7	28.7	28.1	1008.8	0.00	0.0	0	0.00	0	0.0	0.00	0.0	0.000	0.296	26.8	92	25.4	31.0	21.15	1.1348	0.00	1193	8	100.0	60
23-08-15	3:00 a	25.1	25.4	25.1	97	24.6	0.0	NE	0.00	0.4	NE	25.1	27.9	27.9	27.3	1008.4	0.00	0.0	0	0.00	0	0.0	0.00	0.0	0.000	0.282	26.4	92	25.0	30.1	21.14	1.1366	0.00	1194	8	100.0	60
23-08-15	4:00 a	24.7	25.1	24.7	98	24.4	0.0	NE	0.00	0.4	NE	24.7	27.3	27.3	26.6	1008.0	0.00	0.0	0	0.00	0	0.0	0.00	0.0	0.000	0.266	26.1	91	24.5	29.3	21.03	1.1385	0.00	1198	8	100.0	60
23-08-15	5:00 a	24.4	24.7	24.4	98	24.1	0.0	NE	0.00	0.9	NE	24.4	26.8	26.8	26.1	1007.8	0.00	0.0	0	0.00	0	0.0	0.00	0.0	0.000	0.255	25.8	91	24.2	28.7	21.02	1.1400	0.00	1198	8	100.0	60
23-08-15	6:00 a	24.2	24.4	24.2	98	23.8	0.0	---	0.00	0.0	---	24.2	26.4	26.4	25.8	1008.1	0.00	0.0	5	0.43	18	0.0	0.00	0.0	0.000	0.243	25.5	92	24.1	28.3	21.11	1.1416	0.00	1180	8	100.0	60
23-08-15	7:00 a	24.3	24.4	24.2	98	24.0	0.0	NE	0.00	0.4	NE	24.3	26.6	26.6	26.8	1008.7	0.00	0.0	28	2.41	33	0.0	0.00	0.0	0.000	0.250	25.9	92	24.5	29.1	21.12	1.1399	0.03	1175	8	100.0	60
23-08-15	8:00 a	24.9	24.9	24.3	99	24.8	0.0	NE	0.00	0.4	NE	24.9	27.7	27.7	28.5	1009.7	0.00	0.0	71	6.11	522	0.5	0.21	2.6	0.000	0.275	26.9	92	25.5	31.3	21.16	1.1351	0.05	1164	8	100.0	60
23-08-15	9:00 a	26.9	26.9	24.9	97	26.4	0.0	NE	0.00	0.9	NE	26.9	32.1	32.1	37.1	1009.9	0.00	0.0	407	35.01	570	3.1	1.33	4.8	0.000	0.356	28.3	90	26.5	34.7	20.22	1.1278	0.25	1185	8	100.0	60
23-08-15	10:00 a	31.1	31.1	26.9	83	27.8	0.0	ESE	0.00	2.2	SSE	31.1	41.4	41.4	48.6	1009.5	0.00	0.0	845	72.68	918	7.3	3.13	8.9	0.000	0.530	29.9	82	26.5	37.3	16.52	1.1214	0.56	1183	8	100.0	60
23-08-15	11:00 a	33.4	33.4	31.0	72	27.6	0.4	SSE	1.61	2.7	SSE	33.4	46.1	46.1	52.5	1009.2	0.00	0.0	976	83.95	1030	8.7	3.73	10.5	0.000	0.627	30.9	81	27.2	40.1	16.05	1.1155	0.66	1180	8	100.0	60
23-08-15	12:00 p	32.4	33.4	32.2	76	27.7	0.9	SSE	3.22	2.7	SSE	32.4	44.4	44.4	50.6	1008.5	0.00	0.0	1021	87.82	1255	9.3	3.99	12.4	0.000	0.588	31.5	81	27.8	42.6	16.00	1.1111	0.66	1187	8	100.0	60
23-08-15	1:00 p	32.2	32.8	32.0	78	27.9	0.9	SE	3.22	4.5	SSE	32.2	44.3	44.3	50.9	1007.6	0.00	0.0	953	81.97	1106	10.0	4.29	11.5	0.000	0.579	31.8	79	27.7	42.9	15.20	1.1094	0.66	1184	8	100.0	60
23-08-15	2:00 p	30.4	32.4	30.4	81	26.8	0.9	SSE	3.22	4.9	S	30.4	38.9	38.9	45.6	1007.5	0.00	0.0	615	52.90	898	6.5	2.79	8.9	0.000	0.505	31.5	81	27.8	42.6	16.00	1.1099	0.43	1181	8	100.0	60
23-08-15	3:00 p	29.8	31.2	29.7	82	26.4	0.4	SE	1.61	3.1	SE	29.8	37.1	37.1	41.6	1006.9	0.00	0.0	316	27.18	541	3.2	1.37	5.3	0.000	0.477	30.9	82	27.5	40.6	16.45	1.1125	0.23	1182	8	100.0	60
23-08-15	4:00 p	29.1	30.0	29.1	88	26.9	0.0	S	0.00	1.3	NNE	29.1	36.7	36.7	39.1	1007.9	0.00	0.0	127	10.92	260	1.0	0.43	2.2	0.000	0.447	30.2	83	27.0	38.6	16.80	1.1174	0.08	1168	8	100.0	60
23-08-15	5:00 p	26.2	29.1	26.2	91	24.6	0.0	WSW	0.00	1.8	WNW	26.2	29.5	29.5	29.0	1007.3	1.52	6.1	9	0.77	18	0.0	0.00	0.0	0.000	0.326	28.5	84	25.5	34.3	17.32	1.1262	0.00	1178	8	100.0	60
23-08-15	6:00 p	25.1	26.2	25.1	95	24.3	0.0	E	0.00	0.9	E	25.1	27.7	27.7	27.1	1006.9	0.25	0.0	0	0.00	0	0.0	0.00	0.0	0.000	0.282	27.8	85	25.0	32.4	17.83	1.1296	0.00	1156	8	99.3	60
23-08-15	7:00 p	24.7	25.1	24.6	96	24.0	0.0	E	0.00	0.4	E	24.7	27.1	27.1	26.4	1007.6	0.25	0.0	0	0.00	0	0.0	0.00	0.0	0.000	0.264	26.9	87	24.6	30.7	18.72	1.1344	0.00	1153	8	99.1	60
23-08-15	8:00 p	24.4	24.7	24.4	97	23.9	0.0	---	0.00	0.0	---	24.4	26.7	26.7	26.1	1008.3	0.00	0.0	0	0.00	0	0.0	0.00	0.0	0.000	0.255	26.5	88	24.3	29.8	19.36	1.1375	0.00	1153	8	99.1	60
23-08-15	9:00 p	24.4	24.4	24.3	97	23.9	0.0	---	0.00	0.0	---	24.4	26.7	26.7	25.9	1009.0	0.00	0.0	0	0.00	0	0.0	0.00	0.0	0.000	0.252	26.3	90	24.5	29.6	20.45	1.1389	0.00	1150	8	98.8	60
23-08-15	10:00 p	24.4	24.4	24.3	97	23.9	0.0	---	0.00	0.0	---	24.4	26.7	26.7	25.9	1008.7	0.00	0.0	0	0.00	0	0.0	0.00	0.0	0.000	0.252	26.2	90	24.4	29.4	20.45	1.1391	0.00	1151	8	98.9	60
23-08-15	11:00 p	24.4	24.4	24.3	98	24.1	0.0	---	0.00	0.0	---	24.4	26.7	26.7	26.0	1008.7	0.00	0.0	0	0.00	0	0.0	0.00	0.0	0.000	0.252	26.1	91	24.5	29.3	21.03	1.1394	0.00	1160	8	99.7	60
23-08-16	12:00 a	24.3	24.4	24.3	98	24.0	0.0	---	0.00	0.0	---	24.3	26.6	26.6	25.9	1008.2	0.00	0.0	0	0.00	0	0.0	0.00	0.0	0.000	0.250	25.9	91	24.3	28.9	21.02	1.1398	0.00	1165	8	100.0	60
23-08-16	1:00 a	24.3	24.4	24.3	98	23.9	0.0	---	0.00	0.0	---	24.3	26.6	26.6	25.9	1007.4	0.25	0.0	0	0.00	0	0.0	0.00	0.0	0.000	0.248	25.8	91	24.2	28.7	21.02	1.1394	0.00	1193	8	100.0	60
23-08-16	2:00 a	24.1	24.3	24.1	98	23.8	0.0	---	0.00	0.0	---	24.1	26.3	26.3	25.6	1006.7	0.00	0.0	0	0.00	0	0.0	0.00	0.0	0.000	0.241	25.6	91	24.0	28.3	21.01	1.1400	0.00	1199	8	100.0	60
23-08-16	3:00 a	24.1	24.2	24.0	98	23.7	0.0	---	0.00	0.0	---	24.1	26.2	26.2	25.5	1006.4	0.00	0.0	0	0.00	0	0.0	0.00	0.0	0.000	0.238	25.5	91	23.9	28.2	21.01	1.1400	0.00	1195	8	100.0	60
23-08-16	4:00 a	23.9	24.1	23.9	98	23.6	0.0	---	0.00	0.0	---	23.9	26.1	26.1	25.3	1006.7	0.00	0.0	0	0.00	0	0.0	0.00	0.0	0.000	0.234	25.3	92	23.9	27.8	21.10	1.1413	0.00	1197	8	100.0	60
23-08-16	5:00 a	23.9	24.0	23.9	98	23.6	0.0	---	0.00	0.0	---	23.9	26.1	26.1	25.3	1007.3	0.00	0.0	0	0.00	0	0.0	0.00	0.0	0.000	0.234	25.2	92	23.8	27.7	21.10	1.1422	0.00	1197	8	100.0	60
23-08-16	6:00 a	24.1	24.1	23.9	99	23.9	0.0	---	0.00	0.0	---	24.1	26.2	26.2	25.6	1008.1	0.00	0.0	5	0.43	14	0.0	0.00	0.0	0.000	0.238	25.3	93	24.1	27.9	21.20	1.1425	0.00	1195	8	100.0	60
23-08-16	7:00 a	24.7	24.7	24.0	99	24.5	0.0	---	0.00	0.0	---	24.7	27.2	27.2	27.4	1008.2	0.00	0.0	27	2.32	49	0.0	0.00	0.0	0.000	0.264	26.1	93	24.9	29.7	21.23	1.1376	0.03	1191	8	100.0	60
23-08-16	8:00 a	26.1	26.1	24.7	99	25.9	0.0	E	0.00	0.9	E	26.1	30.3	30.3	31.6	1008.8	0.00	0.0	101	8.69	383	1.0	0.43	2.2	0.000	0.324	27.6	92	26.1	33.1	21.18	1.1301	0.08	1175	8	100.0	60
23-08-16	9:00 a	27.8	27.8	26.2	99	27.7	0.0	NE	0.00	0.9	NE	27.8	35.4	35.4	41.1	1009.6	0.00	0.0	486	41.80	708	3.4	1.46	4.9	0.000	0.396	29.0	91	27.4	37.3	20.71	1.1226	0.30	1183	8	100.0	60
23-08-16	10:00 a	31.2	31.2	27.8	86	28.5	0.4	S	1.61	2.2	S	31.2	43.4	43.4	50.6	1009.6	0.00	0.0	731	62.87	1048	6.6	2.83	9.1	0.000	0.535	30.3	85	27.5	39.6	17.56	1.1177	0.46	1178	8	100.0	60
23-08-16	11:00 a	30.2	31.3	29.7	83	27.0	0.4	SSW	1.61	1.8	SE	30.2	38.6	38.6	44.7	1009.6	0.00	0.0	561	48.25	1181	6.9	2.96	10.8	0.000	0.493	30.8	78	26.5	38.8	14.96	1.1182	0.43	1178	8	100.0	60
23-08-16	12:00 p	31.7	31.7	29.9	84	28.7	0.4	S	1.61	1.8	SSE	31.7	45.3	45.3	51.9	1008.8	0.00	0.0	614	52.81	1329	8.3	3.56	13.3	0.000	0.558	31.3	79	27.2	40.7	15.25	1.1138	0.46	1179	8	100.0	60
23-08-16	1:00 p	31.0	31.9	29.8	86	28.4	0.4	W	1.61	1.8	WNW	31.0	42.8	42.8	46.5	1008.0	0.00	0.0	303	26.06	1304	5.1	2.19	12.4	0.000	0.528	31.1	79	27.0	39.8	15.28	1.1142	0.28	1180	8	100.0	60
23-08-16	2:00 p	30.3	31.1	30.1	83	27.1	0.4	WNW	1.61	3.1	WSW	30.3	39.0	39.0	42.4	1007.5	0.00	0.0	266	22.88	473	3.8	1.63	8.8	0.000	0.498	30.8	80	26.9	39.4	15.65	1.1147	0.23	1171	8	100.0	60
23-08-16	3:00 p	31.2	31.7	30.1	82	27.8	0.4	SSW	1.61	2.2	SW	31.2	41.7	41.7	47.9	1006.9	0.00	0.0	466	40.08	698	4.0	1.71	5.5	0.000	0.537	30.7	81	27.1	39.7	16.06	1.1139	0.30	1176	8	100.0	60
23-08-16	4:00 p	30.3	31.2	30.3	87	27.9	0.4	SSW	1.61	1.8	S	30.3	40.7	40.7	43.6	1006.9	1.78	80.0	147	12.64	417	1.0	0.43	2.9	0.000	0.500	30.1	84	27.1	38.6	17.20	1.1161	0.10	1158	8	99.5	60
23-08-16	5:00 p	26.7	30.3	26.7	95	25.8	0.4	NW	1.61	2.2	NW	26.7	31.2	31.2	30.7	1007.3	30.73	140.7	9	0.77	26	0.0	0.00	0.0	0.000	0.347	28.6	87	26.2	35.2	18.54	1.1242	0.00	1177	8	100.0	60
23-08-16	6:00 p	26.2	26.7	26.2	97	25.7	0.0	N	0.00	1.3	N	26.2	30.4	30.4	29.8	1007.4	5.33	68.3	2	0.17	9	0.0	0.00	0.0	0.000	0.329	28.3	88	26.1	34.4	19.06	1.1258	0.00	1184	8	100.0	60
23-08-16	7:00 p	26.2	26.2	26.2	98	25.9	0.0	N	0.00	0.9	N	26.2	30.5	30.5	29.9	1007.5	3.30	25.1	0	0.00	0	0.0	0.00	0.0	0.000	0.329	28.1	89	26.1	33.9	19.70	1.1268	0.00	1197	8	100.0	60
23-08-16	8:00 p	26.2	26.3	26.2	98	25.8	0.0	N	0.00	0.4	N	26.2	30.4	30.4	29.8	1008.3	1.52	27.9	0	0.00	0	0.0	0.00	0.0	0.000	0.326	27.7	90	25.9	33.2	20.30	1.1294	0.00	1191	8	100.0	60
23-08-16	9:00 p	25.9	26.2	25.9	98	25.6	0.0	N	0.00	0.4	N	25.9	29.8	29.8	29.2	1009.0	0.00	0.0	0	0.00	0	0.0	0.00	0.0	0.000	0.317	27.5	91	25.9	32.8	20.93	1.1312	0.00	1195	8	100.0	60
23-08-16	10:00 p	25.9	26.0	25.9	98	25.6	0.0	N	0.00	0.9	N	25.9	29.8	29.8	29.2	1009.1	0.51	2.8	0	0.00	0	0.0	0.00	0.0	0.000	0.317	27.4	91	25.8	32.6	20.94	1.1316	0.00	1191	8	100.0	60
23-08-16	11:00 p	25.8	25.9	25.8	98	25.5	0.0	---	0.00	0.0	---	25.8	29.6	29.6	28.9	1008.9	0.00	0.0	0	0.00	0	0.0	0.00	0.0	0.000	0.313	27.2	92	25.8	32.0	21.17	1.1326	0.00	1196	8	100.0	60
23-08-17	12:00 a	25.9	25.9	25.8	98	25.5	0.0	N	0.00	1.3	N	25.9	29.7	29.7	29.1	1008.4	6.86	39.1	0	0.00	0	0.0	0.00	0.0	0.000	0.315	27.3	91	25.7	32.1	20.96	1.1318	0.00	1197	8	100.0	60
23-08-17	1:00 a	25.6	25.9	25.6	98	25.2	0.0	WSW	0.00	0.9	WSW	25.6	28.9	28.9	28.3	1008.1	0.00	0.0	0	0.00	0	0.0	0.00	0.0	0.000	0.301	27.1	91	25.5	31.7	20.99	1.1323	0.00	1182	8	100.0	60
23-08-17	2:00 a	25.2	25.6	25.2	98	24.9	0.0	WSW	0.00	0.4	WSW	25.2	28.2	28.2	27.6	1007.7	0.00	0.0	0	0.00	0	0.0	0.00	0.0	0.000	0.287	26.7	92	25.3	30.9	21.15	1.1339	0.00	1182	8	100.0	60
23-08-17	3:00 a	25.3	25.3	25.2	99	25.2	0.0	---	0.00	0.0	---	25.3	28.5	28.5	27.9	1007.6	0.25	0.0	0	0.00	0	0.0	0.00	0.0	0.000	0.292	26.6	92	25.2	30.6	21.15	1.1344	0.00	1189	8	100.0	60
23-08-17	4:00 a	25.3	25.4	25.3	99	25.2	0.0	---	0.00	0.0	---	25.3	28.5	28.5	27.9	1007.6	0.25	0.0	0	0.00	0	0.0	0.00	0.0	0.000	0.292	26.5	93	25.3	30.5	21.24	1.1346	0.00	1189	8	100.0	60
23-08-17	5:00 a	25.2	25.3	25.2	99	25.1	0.0	---	0.00	0.0	---	25.2	28.3	28.3	27.7	1007.5	0.00	0.0	0	0.00	0	0.0	0.00	0.0	0.000	0.287	26.3	93	25.1	30.1	21.24	1.1356	0.00	1172	8	100.0	60
23-08-17	6:00 a	25.3	25.3	25.2	99	25.2	0.0	WSW	0.00	0.4	WSW	25.3	28.5	28.5	28.0	1008.2	0.00	0.0	11	0.95	33	0.0	0.00	0.0	0.000	0.292	26.4	93	25.2	30.4	21.24	1.1357	0.00	1189	8	100.0	60
23-08-17	7:00 a	26.2	26.2	25.3	99	26.0	0.0	WSW	0.00	0.4	WSW	26.2	30.5	30.5	31.8	1008.8	0.00	0.0	78	6.71	149	0.2	0.09	0.8	0.000	0.326	27.0	93	25.8	31.7	21.26	1.1331	0.05	1181	8	100.0	60
23-08-17	8:00 a	27.2	27.2	26.2	99	27.0	0.0	WSW	0.00	0.9	WSW	27.2	33.3	33.3	36.4	1008.9	0.00	0.0	209	17.98	362	1.3	0.56	2.8	0.000	0.368	28.0	93	26.8	34.7	21.30	1.1271	0.13	1179	8	100.0	60
23-08-17	9:00 a	27.7	27.8	27.2	99	27.6	0.0	S	0.00	1.3	S	27.7	35.0	35.0	37.3	1009.8	0.00	0.0	188	16.17	302	1.9	0.81	3.9	0.000	0.391	28.6	92	27.1	36.2	21.22	1.1252	0.13	1188	8	100.0	60
23-08-17	10:00 a	28.7	28.7	27.7	98	28.3	0.0	S	0.00	1.8	SSW	28.7	38.1	38.1	42.1	1010.4	0.25	0.0	325	27.95	1095	3.8	1.63	8.4	0.000	0.431	29.2	90	27.4	37.6	20.08	1.1227	0.23	1194	8	100.0	60
23-08-17	11:00 a	28.5	28.8	28.5	96	27.8	0.0	WSW	0.00	1.8	SSW	28.5	37.1	37.1	39.2	1010.0	0.00	0.0	177	15.22	313	2.6	1.11	4.2	0.000	0.424	29.0	91	27.4	37.3	20.71	1.1231	0.13	1163	8	99.9	60
23-08-17	12:00 p	28.2	28.5	28.2	96	27.5	0.0	WSW	0.00	1.3	SW	28.2	36.1	36.1	37.4	1009.2	0.00	0.0	122	10.49	162	1.8	0.77	2.4	0.000	0.412	28.8	90	27.0	36.3	20.15	1.1241	0.08	1180	8	100.0	60
23-08-17	1:00 p	29.1	29.1	28.1	93	27.8	0.4	W	1.61	1.8	SSW	29.1	38.1	38.1	42.2	1008.4	0.25	0.0	345	29.67	747	4.6	1.97	8.1	0.000	0.447	29.1	89	27.1	37.1	19.51	1.1215	0.23	1171	8	100.0	60
23-08-17	2:00 p	29.6	30.2	29.1	88	27.4	0.4	SSE	1.61	2.2	SSW	29.6	38.1	38.1	43.8	1007.8	0.00	0.0	477	41.03	1141	5.4	2.31	10.1	0.000	0.468	29.9	84	26.9	37.9	17.22	1.1184	0.33	1183	8	100.0	60
23-08-17	3:00 p	30.2	30.3	29.3	86	27.6	0.4	SSW	1.61	2.2	SSE	30.2	39.6	39.6	45.4	1006.9	0.00	0.0	429	36.90	817	4.0	1.71	6.0	0.000	0.493	29.8	83	26.6	37.3	16.83	1.1187	0.30	1195	8	100.0	60
23-08-17	4:00 p	29.7	30.2	29.3	90	27.8	0.4	SW	1.61	0.9	SSW	29.7	39.1	39.1	44.3	1007.3	0.00	0.0	284	24.43	545	2.0	0.86	3.6	0.000	0.472	29.8	84	26.8	37.6	17.23	1.1186	0.20	1194	8	100.0	60
23-08-17	5:00 p	28.7	29.7	28.7	92	27.3	0.0	SW	0.00	0.4	SW	28.7	36.7	36.7	37.3	1007.5	0.00	0.0	104	8.95	167	0.3	0.13	0.9	0.000	0.433	29.4	88	27.2	37.6	18.86	1.1192	0.08	1186	8	100.0	60
23-08-17	6:00 p	27.6	28.8	27.6	94	26.6	0.0	SW	0.00	0.4	SW	27.6	33.7	33.7	33.3	1008.1	0.00	0.0	21	1.81	60	0.0	0.00	0.0	0.000	0.387	28.8	89	26.8	36.1	19.57	1.1232	0.03	1188	8	100.0	60
23-08-17	7:00 p	26.7	27.7	26.7	95	25.9	0.0	SW	0.00	0.4	SW	26.7	31.3	31.3	30.7	1008.8	0.00	0.0	0	0.00	0	0.0	0.00	0.0	0.000	0.350	28.3	89	26.3	34.6	19.66	1.1270	0.00	1192	8	100.0	60
23-08-17	8:00 p	26.2	26.7	26.2	96	25.5	0.0	---	0.00	0.0	---	26.2	30.1	30.1	29.4	1009.0	0.00	0.0	0	0.00	0	0.0	0.00	0.0	0.000	0.326	27.6	90	25.8	32.7	20.32	1.1312	0.00	1193	8	100.0	60
23-08-17	9:00 p	25.6	26.2	25.6	96	24.9	0.0	SW	0.00	0.4	SW	25.6	28.8	28.8	28.0	1009.2	0.00	0.0	0	0.00	0	0.0	0.00	0.0	0.000	0.303	27.1	90	25.3	31.5	20.39	1.1341	0.00	1168	8	100.0	60
23-08-17	10:00 p	25.3	25.6	25.3	97	24.8	0.0	---	0.00	0.0	---	25.3	28.3	28.3	27.6	1009.2	0.00	0.0	0	0.00	0	0.0	0.00	0.0	0.000	0.292	26.8	91	25.2	30.8	21.03	1.1357	0.00	1168	8	100.0	60
23-08-17	11:00 p	25.3	25.4	25.2	97	24.8	0.0	---	0.00	0.0	---	25.3	28.2	28.2	27.4	1008.9	0.00	0.0	0	0.00	0	0.0	0.00	0.0	0.000	0.289	26.6	91	25.0	30.4	21.05	1.1363	0.00	1171	8	100.0	60
23-08-18	12:00 a	25.1	25.3	25.1	97	24.6	0.0	---	0.00	0.0	---	25.1	27.9	27.9	27.1	1008.6	0.00	0.0	0	0.00	0	0.0	0.00	0.0	0.000	0.282	26.4	91	24.9	30.1	21.04	1.1370	0.00	1170	8	100.0	60
23-08-18	1:00 a	25.0	25.1	25.0	98	24.7	0.0	---	0.00	0.0	---	25.0	27.7	27.7	26.9	1008.5	0.00	0.0	0	0.00	0	0.0	0.00	0.0	0.000	0.278	26.3	92	24.9	30.0	21.14	1.1371	0.00	1168	8	100.0	60
23-08-18	2:00 a	25.3	25.3	25.0	98	24.9	0.0	---	0.00	0.0	---	25.3	28.3	28.3	27.6	1007.8	0.00	0.0	0	0.00	0	0.0	0.00	0.0	0.000	0.289	26.6	93	25.4	30.8	21.25	1.1342	0.00	1185	8	100.0	60
23-08-18	3:00 a	25.3	25.4	25.2	98	25.0	0.0	---	0.00	0.0	---	25.3	28.4	28.4	27.7	1007.8	0.25	0.0	0	0.00	0	0.0	0.00	0.0	0.000	0.292	26.4	93	25.2	30.4	21.24	1.1352	0.00	1195	8	100.0	60
23-08-18	4:00 a	25.4	25.5	25.3	98	25.1	0.0	---	0.00	0.0	---	25.4	28.7	28.7	27.9	1007.7	0.00	0.0	0	0.00	0	0.0	0.00	0.0	0.000	0.296	26.4	93	25.2	30.4	21.24	1.1351	0.00	1197	8	100.0	60
23-08-18	5:00 a	25.4	25.6	25.4	98	25.1	0.0	SW	0.00	0.4	SW	25.4	28.7	28.7	27.9	1007.6	0.00	0.0	0	0.00	0	0.0	0.00	0.0	0.000	0.296	26.4	93	25.2	30.4	21.24	1.1349	0.00	1196	8	100.0	60
23-08-18	6:00 a	25.3	25.4	25.2	99	25.1	0.0	---	0.00	0.0	---	25.3	28.4	28.4	27.8	1007.6	0.00	0.0	8	0.69	26	0.0	0.00	0.0	0.000	0.289	26.3	93	25.1	30.1	21.24	1.1357	0.00	1197	8	100.0	60
23-08-18	7:00 a	25.8	25.9	25.3	99	25.7	0.0	---	0.00	0.0	---	25.8	29.7	29.7	30.6	1008.7	0.00	0.0	60	5.16	98	0.1	0.04	0.5	0.000	0.313	26.8	94	25.8	31.4	21.36	1.1335	0.03	1184	8	100.0	60
23-08-18	8:00 a	26.5	26.6	25.8	99	26.3	0.0	SW	0.00	0.9	SW	26.5	31.4	31.4	32.8	1009.5	0.00	0.0	106	9.12	128	0.8	0.34	0.9	0.000	0.340	27.6	93	26.3	33.3	21.28	1.1305	0.08	1189	8	100.0	60
23-08-18	9:00 a	27.1	27.2	26.5	99	26.9	0.0	SW	0.00	1.3	SW	27.1	33.1	33.1	34.4	1010.3	2.29	18.3	115	9.89	199	1.2	0.51	2.3	0.000	0.366	28.1	93	26.9	35.1	21.30	1.1280	0.08	1191	8	100.0	60
23-08-18	10:00 a	28.3	28.3	27.1	99	28.1	0.0	SW	0.00	0.9	SW	28.3	36.9	36.9	40.3	1010.3	0.00	0.0	274	23.57	520	3.3	1.41	5.7	0.000	0.414	28.8	90	27.0	36.3	20.15	1.1253	0.18	1194	8	100.0	60
23-08-18	11:00 a	30.9	31.0	28.3	84	27.9	0.4	SW	1.61	2.2	SE	30.9	41.4	41.4	48.8	1010.1	0.00	0.0	797	68.55	1213	8.6	3.69	11.2	0.000	0.523	30.1	87	27.7	39.4	18.38	1.1186	0.53	1193	8	100.0	60
23-08-18	12:00 p	30.4	31.8	30.4	83	27.2	0.4	S	1.61	2.2	S	30.4	39.6	39.6	46.9	1009.2	0.00	0.0	764	65.71	1125	9.1	3.90	12.0	0.000	0.505	30.9	84	27.9	41.4	17.15	1.1140	0.53	1188	8	100.0	60
23-08-18	1:00 p	30.8	30.8	29.8	83	27.6	0.4	SSE	1.61	3.1	WNW	30.8	40.8	40.8	46.4	1007.8	0.00	0.0	488	41.97	898	6.0	2.57	8.7	0.000	0.521	30.6	86	27.9	41.3	17.93	1.1135	0.33	1191	8	100.0	60
23-08-18	2:00 p	30.3	31.1	29.8	88	28.1	0.9	SE	3.22	2.7	SSE	30.3	41.2	41.2	47.4	1007.0	0.00	0.0	543	46.70	977	5.7	2.44	9.1	0.000	0.500	30.7	84	27.7	40.7	17.16	1.1129	0.38	1187	8	100.0	60
23-08-18	3:00 p	29.8	30.4	29.8	86	27.2	0.4	SE	1.61	3.1	SSE	29.8	38.3	38.3	43.2	1006.9	0.00	0.0	334	28.73	448	3.2	1.37	4.5	0.000	0.479	30.2	85	27.4	39.2	17.57	1.1153	0.23	1189	8	100.0	60
23-08-18	4:00 p	28.9	29.8	28.8	91	27.3	0.4	SE	1.61	2.2	SSW	28.9	36.9	36.9	39.7	1006.3	0.00	0.0	142	12.21	200	1.1	0.47	1.8	0.000	0.440	29.7	87	27.3	38.3	18.42	1.1163	0.10	1194	8	100.0	60
23-08-18	5:00 p	28.6	28.8	28.6	92	27.2	0.0	SE	0.00	1.3	SE	28.6	36.3	36.3	37.2	1006.2	0.00	0.0	109	9.38	141	0.4	0.17	0.8	0.000	0.428	29.6	88	27.4	38.1	18.84	1.1167	0.08	1194	8	100.0	60
23-08-18	6:00 p	27.7	28.6	27.7	94	26.6	0.0	SE	0.00	0.4	SE	27.7	33.8	33.8	33.5	1006.7	0.00	0.0	18	1.55	47	0.0	0.00	0.0	0.000	0.389	28.9	88	26.8	36.4	18.94	1.1211	0.03	1198	8	100.0	60
23-08-18	7:00 p	26.7	27.7	26.7	94	25.7	0.0	---	0.00	0.0	---	26.7	31.2	31.2	30.6	1007.5	0.00	0.0	0	0.00	0	0.0	0.00	0.0	0.000	0.350	28.4	88	26.2	34.7	19.04	1.1253	0.00	1195	8	100.0	60
23-08-18	8:00 p	26.0	26.7	26.0	96	25.3	0.0	---	0.00	0.0	---	26.0	29.7	29.7	29.1	1008.1	0.00	0.0	0	0.00	0	0.0	0.00	0.0	0.000	0.319	27.9	88	25.7	33.3	19.13	1.1290	0.00	1192	8	100.0	60
23-08-18	9:00 p	25.7	26.0	25.7	96	25.0	0.0	---	0.00	0.0	---	25.7	28.9	28.9	28.3	1008.1	0.00	0.0	0	0.00	0	0.0	0.00	0.0	0.000	0.306	27.6	89	25.6	32.6	19.79	1.1306	0.00	1192	8	100.0	60
23-08-18	10:00 p	25.6	25.7	25.5	97	25.0	0.0	---	0.00	0.0	---	25.6	28.8	28.8	28.2	1008.6	0.00	0.0	0	0.00	0	0.0	0.00	0.0	0.000	0.301	27.2	90	25.4	31.8	20.37	1.1327	0.00	1192	8	100.0	60
23-08-18	11:00 p	25.4	25.6	25.4	97	24.9	0.0	---	0.00	0.0	---	25.4	28.6	28.6	27.9	1008.2	0.00	0.0	0	0.00	0	0.0	0.00	0.0	0.000	0.296	27.0	91	25.4	31.4	21.00	1.1332	0.00	1198	8	100.0	60
23-08-19	12:00 a	25.4	25.5	25.4	98	25.1	0.0	---	0.00	0.0	---	25.4	28.6	28.6	27.9	1007.8	0.00	0.0	0	0.00	0	0.0	0.00	0.0	0.000	0.294	26.8	91	25.2	31.0	21.03	1.1337	0.00	1196	8	100.0	60
23-08-19	1:00 a	25.3	25.4	25.2	98	24.9	0.0	---	0.00	0.0	---	25.3	28.3	28.3	27.7	1007.4	0.00	0.0	0	0.00	0	0.0	0.00	0.0	0.000	0.289	26.6	92	25.2	30.6	21.15	1.1341	0.00	1193	8	100.0	60
23-08-19	2:00 a	25.3	25.3	25.2	98	24.9	0.0	---	0.00	0.0	---	25.3	28.3	28.3	27.7	1006.7	0.00	0.0	0	0.00	0	0.0	0.00	0.0	0.000	0.289	26.6	92	25.2	30.6	21.15	1.1333	0.00	1196	8	100.0	60
23-08-19	3:00 a	25.2	25.3	25.2	98	24.8	0.0	---	0.00	0.0	---	25.2	28.1	28.1	27.4	1006.6	0.00	0.0	0	0.00	0	0.0	0.00	0.0	0.000	0.285	26.4	92	25.0	30.2	21.14	1.1342	0.00	1181	8	100.0	60
23-08-19	4:00 a	25.4	25.4	25.1	98	25.1	0.0	SE	0.00	0.9	SE	25.4	28.6	28.6	27.9	1006.6	0.00	0.0	0	0.00	0	0.0	0.00	0.0	0.000	0.294	26.8	92	25.4	31.0	21.15	1.1322	0.00	1189	8	100.0	60
23-08-19	5:00 a	25.5	25.5	25.4	99	25.3	0.0	ESE	0.00	0.4	ESE	25.5	28.9	28.9	28.3	1007.0	0.00	0.0	0	0.00	0	0.0	0.00	0.0	0.000	0.299	26.7	93	25.4	30.9	21.25	1.1330	0.00	1197	8	100.0	60
23-08-19	6:00 a	25.6	25.7	25.4	99	25.4	0.0	ESE	0.00	0.4	ESE	25.6	29.1	29.1	28.6	1007.5	0.00	0.0	4	0.34	33	0.0	0.00	0.0	0.000	0.303	26.7	93	25.5	31.0	21.25	1.1332	0.00	1198	8	100.0	60
23-08-19	7:00 a	26.4	26.4	25.6	99	26.2	0.0	ESE	0.00	0.4	ESE	26.4	31.1	31.1	32.3	1008.2	0.00	0.0	72	6.19	146	0.2	0.09	0.7	0.000	0.336	27.2	93	26.0	32.3	21.27	1.1310	0.05	1191	8	100.0	60
23-08-19	8:00 a	27.1	27.1	26.4	99	26.9	0.4	ESE	1.61	1.8	SSE	27.1	32.9	32.9	35.1	1008.6	0.00	0.0	149	12.82	218	1.0	0.43	1.6	0.000	0.363	28.0	93	26.8	34.7	21.30	1.1268	0.10	1187	8	100.0	60
23-08-19	9:00 a	28.4	28.4	27.1	98	28.1	0.4	E	1.61	2.2	SSE	28.4	37.3	37.3	39.6	1008.9	0.25	0.0	179	15.40	552	2.2	0.94	6.2	0.000	0.421	29.1	93	27.9	38.2	21.34	1.1203	0.15	1173	8	100.0	60
23-08-19	10:00 a	30.7	30.7	28.4	87	28.3	0.4	ENE	1.61	3.1	E	30.7	42.2	42.2	48.8	1008.5	0.00	0.0	640	55.05	1176	6.4	2.74	9.0	0.000	0.514	30.6	87	28.2	41.9	18.32	1.1134	0.46	1179	8	100.0	60
23-08-19	11:00 a	31.6	32.3	30.7	82	28.1	0.4	SE	1.61	3.1	SE	31.6	43.3	43.3	50.7	1008.4	0.00	0.0	868	74.66	1192	9.0	3.86	11.5	0.000	0.551	31.5	84	28.5	44.1	17.10	1.1094	0.58	1191	8	100.0	60
23-08-19	12:00 p	29.0	31.5	29.0	91	27.4	0.4	ENE	1.61	3.6	SE	29.0	37.3	37.3	40.0	1007.6	0.00	0.0	222	19.09	399	3.7	1.59	8.4	0.000	0.444	30.8	85	28.0	41.6	17.50	1.1120	0.18	1198	8	100.0	60
23-08-19	1:00 p	30.8	31.0	28.8	84	27.8	0.4	ENE	1.61	3.6	SSE	30.8	41.1	41.1	46.5	1006.7	0.00	0.0	478	41.11	1199	6.6	2.83	11.5	0.000	0.519	30.7	87	28.3	42.3	18.31	1.1106	0.38	1195	8	100.0	60
23-08-19	2:00 p	31.0	31.6	30.7	80	27.1	0.9	SE	3.22	3.6	ESE	31.0	39.9	39.9	46.4	1005.7	0.00	0.0	594	51.09	1090	6.5	2.79	9.6	0.000	0.528	30.9	83	27.7	40.9	16.75	1.1105	0.43	1191	8	100.0	60
23-08-19	3:00 p	31.2	31.7	30.9	80	27.3	0.9	SE	3.22	3.6	ESE	31.2	40.5	40.5	47.3	1005.3	0.00	0.0	565	48.60	657	4.6	1.97	5.8	0.000	0.535	30.4	84	27.4	39.7	17.18	1.1126	0.38	1191	8	100.0	60
23-08-19	4:00 p	30.7	31.2	30.6	84	27.7	0.9	SE	3.22	4.0	SSE	30.7	40.9	40.9	48.6	1005.3	0.00	0.0	461	39.65	610	2.4	1.03	3.5	0.000	0.516	30.1	85	27.3	38.9	17.58	1.1138	0.30	1186	8	100.0	60
23-08-19	5:00 p	29.6	30.8	29.6	88	27.4	0.4	S	1.61	3.1	SE	29.6	38.1	38.1	38.6	1006.2	0.00	0.0	94	8.09	380	0.2	0.09	1.3	0.000	0.468	29.8	87	27.4	38.5	18.41	1.1158	0.08	1192	8	100.0	60
23-08-19	6:00 p	28.1	29.6	28.1	91	26.4	0.0	E	0.00	1.3	N	28.1	34.4	34.4	33.7	1006.4	0.00	0.0	6	0.52	19	0.0	0.00	0.0	0.000	0.405	29.2	87	26.8	36.7	18.48	1.1198	0.00	1188	8	100.0	60
23-08-19	7:00 p	26.9	28.1	26.9	92	25.5	0.4	NNE	1.61	1.8	N	26.9	31.3	31.3	30.5	1006.5	0.00	0.0	0	0.00	0	0.0	0.00	0.0	0.000	0.356	28.3	86	25.8	34.1	18.17	1.1254	0.00	1192	8	100.0	60
23-08-19	8:00 p	26.3	26.9	26.3	94	25.3	0.4	NNE	1.61	2.7	NNE	26.3	30.3	30.3	29.5	1006.6	0.00	0.0	0	0.00	0	0.0	0.00	0.0	0.000	0.333	27.8	88	25.7	33.2	19.14	1.1276	0.00	1193	8	100.0	60
23-08-19	9:00 p	25.9	26.3	25.9	93	24.7	0.0	N	0.00	1.3	N	25.9	29.3	29.3	28.4	1006.7	0.00	0.0	0	0.00	0	0.0	0.00	0.0	0.000	0.317	27.5	87	25.1	32.1	18.66	1.1302	0.00	1198	8	100.0	60
23-08-19	10:00 p	25.4	26.0	25.4	95	24.5	0.0	N	0.00	0.4	N	25.4	28.2	28.2	27.4	1007.7	0.00	0.0	0	0.00	0	0.0	0.00	0.0	0.000	0.294	26.8	89	24.9	30.7	19.92	1.1344	0.00	1189	8	100.0	60
23-08-19	11:00 p	25.0	25.4	25.0	95	24.1	0.0	N	0.00	0.4	N	25.0	27.5	27.5	26.6	1007.4	0.00	0.0	0	0.00	0	0.0	0.00	0.0	0.000	0.278	26.4	90	24.7	30.0	20.45	1.1360	0.00	1194	8	100.0	60
23-08-20	12:00 a	24.9	25.1	24.9	97	24.4	0.0	N	0.00	1.8	N	24.9	27.6	27.6	26.7	1006.7	0.00	0.0	0	0.00	0	0.0	0.00	0.0	0.000	0.275	26.8	89	24.9	30.7	19.92	1.1332	0.00	1198	8	100.0	60
23-08-20	1:00 a	25.2	25.2	24.9	96	24.5	0.4	NE	1.61	1.8	ENE	25.2	28.0	28.0	27.2	1005.7	0.00	0.0	0	0.00	0	0.0	0.00	0.0	0.000	0.287	26.9	89	25.0	30.9	19.90	1.1315	0.00	1191	8	100.0	60
23-08-20	2:00 a	25.1	25.3	25.1	96	24.4	0.0	W	0.00	0.9	W	25.1	27.7	27.7	26.8	1005.0	0.00	0.0	0	0.00	0	0.0	0.00	0.0	0.000	0.280	26.4	90	24.7	30.0	20.45	1.1331	0.00	1192	8	100.0	60
23-08-20	3:00 a	24.8	25.1	24.8	97	24.3	0.0	W	0.00	0.4	W	24.8	27.3	27.3	26.4	1004.7	0.00	0.0	0	0.00	0	0.0	0.00	0.0	0.000	0.269	26.2	91	24.6	29.5	21.03	1.1341	0.00	1197	8	100.0	60
23-08-20	4:00 a	24.6	24.8	24.6	97	24.0	0.0	---	0.00	0.0	---	24.6	26.9	26.9	26.1	1005.5	0.00	0.0	0	0.00	0	0.0	0.00	0.0	0.000	0.259	25.8	92	24.4	28.9	21.12	1.1365	0.00	1197	8	100.0	60
23-08-20	5:00 a	24.6	24.6	24.5	98	24.2	0.0	---	0.00	0.0	---	24.6	26.9	26.9	26.1	1005.9	0.00	0.0	0	0.00	0	0.0	0.00	0.0	0.000	0.259	25.9	92	24.5	29.2	21.12	1.1364	0.00	1192	8	100.0	60
23-08-20	6:00 a	24.6	24.6	24.5	98	24.3	0.0	W	0.00	0.4	W	24.6	27.1	27.1	26.3	1005.9	0.00	0.0	7	0.60	32	0.0	0.00	0.0	0.000	0.262	25.8	92	24.4	28.9	21.12	1.1371	0.00	1194	8	100.0	60
23-08-20	7:00 a	25.5	25.6	24.6	99	25.3	0.0	W	0.00	0.4	W	25.5	28.9	28.9	30.0	1006.5	0.00	0.0	69	5.93	111	0.1	0.04	0.6	0.000	0.299	26.6	92	25.2	30.6	21.15	1.1331	0.05	1197	8	100.0	60
23-08-20	8:00 a	26.4	26.4	25.5	99	26.2	0.0	W	0.00	0.9	W	26.4	31.1	31.1	33.3	1007.6	0.00	0.0	158	13.59	213	1.1	0.47	1.7	0.000	0.336	27.6	91	26.0	32.9	20.92	1.1291	0.10	1189	8	100.0	60
23-08-20	9:00 a	28.6	28.6	26.4	95	27.7	0.0	W	0.00	0.9	W	28.6	37.2	37.2	41.9	1008.4	0.00	0.0	388	33.37	555	3.1	1.33	4.7	0.000	0.428	28.6	90	26.8	35.8	20.17	1.1241	0.25	1170	8	100.0	60
23-08-20	10:00 a	31.5	31.6	28.6	76	26.8	0.4	SE	1.61	2.7	E	31.5	40.6	40.6	47.3	1008.0	0.00	0.0	660	56.77	715	6.1	2.61	7.3	0.000	0.549	30.0	85	27.2	38.4	17.59	1.1176	0.43	1173	8	100.0	60
23-08-20	11:00 a	32.4	32.5	31.5	79	28.3	0.4	SE	1.61	2.7	S	32.4	45.5	45.5	52.7	1007.8	0.00	0.0	745	64.08	974	8.2	3.51	10.0	0.000	0.586	30.8	82	27.3	40.3	16.45	1.1141	0.48	1172	8	100.0	60
23-08-20	12:00 p	31.6	32.7	31.6	81	27.9	0.4	SSE	1.61	1.8	NNE	31.6	43.1	43.1	48.8	1007.2	0.00	0.0	493	42.40	860	6.4	2.74	9.3	0.000	0.553	30.9	82	27.5	40.6	16.45	1.1128	0.36	1199	8	100.0	60
23-08-20	1:00 p	31.6	32.1	31.5	85	28.7	0.4	SSE	1.61	1.8	S	31.6	44.8	44.8	50.7	1006.7	0.00	0.0	513	44.12	740	6.4	2.74	7.6	0.000	0.551	30.9	83	27.7	41.1	16.74	1.1113	0.36	1191	8	100.0	60
23-08-20	2:00 p	30.6	31.5	30.6	86	28.0	0.4	S	1.61	1.8	SSE	30.6	41.4	41.4	46.9	1006.1	0.00	0.0	458	39.39	707	5.0	2.14	7.3	0.000	0.512	30.8	82	27.4	40.4	16.45	1.1118	0.30	1197	8	100.0	60
23-08-20	3:00 p	30.3	30.9	30.3	88	28.1	0.4	ENE	1.61	1.3	SW	30.3	41.2	41.2	45.6	1005.0	0.00	0.0	303	26.06	404	2.8	1.20	4.0	0.000	0.500	30.5	84	27.5	40.2	17.17	1.1116	0.20	1181	8	100.0	60
23-08-20	4:00 p	29.8	30.4	29.8	90	28.0	0.0	SW	0.00	0.9	SSW	29.8	39.5	39.5	42.4	1005.3	0.00	0.0	152	13.07	202	1.1	0.47	1.7	0.000	0.477	30.2	85	27.4	39.2	17.57	1.1134	0.10	1187	8	100.0	60
23-08-20	5:00 p	28.9	29.8	28.9	92	27.5	0.0	SW	0.00	0.4	SW	28.9	37.4	37.4	37.9	1005.3	0.00	0.0	83	7.14	121	0.1	0.04	0.7	0.000	0.442	30.0	87	27.6	39.2	18.39	1.1135	0.05	1173	8	100.0	60
23-08-20	6:00 p	28.1	29.0	28.1	93	26.8	0.0	SW	0.00	0.4	SW	28.1	34.8	34.8	34.5	1006.2	1.02	17.0	17	1.46	53	0.0	0.00	0.0	0.000	0.405	29.4	88	27.2	37.6	18.86	1.1177	0.03	1182	8	100.0	60
23-08-20	7:00 p	26.7	28.1	26.7	94	25.6	0.0	W	0.00	0.9	SW	26.7	31.0	31.0	30.4	1006.2	0.76	4.1	0	0.00	0	0.0	0.00	0.0	0.000	0.347	28.2	89	26.2	34.4	19.67	1.1243	0.00	1189	8	100.0	60
23-08-20	8:00 p	26.1	26.7	26.1	96	25.4	0.0	---	0.00	0.0	---	26.1	30.0	30.0	29.4	1006.6	0.00	0.0	0	0.00	0	0.0	0.00	0.0	0.000	0.324	27.6	90	25.8	32.7	20.32	1.1284	0.00	1184	8	100.0	60
23-08-20	9:00 p	26.1	26.2	26.0	97	25.5	0.0	---	0.00	0.0	---	26.1	30.0	30.0	29.4	1007.1	0.00	0.0	0	0.00	0	0.0	0.00	0.0	0.000	0.322	27.4	91	25.8	32.6	20.94	1.1293	0.00	1184	8	100.0	60
23-08-20	10:00 p	26.1	26.1	26.0	98	25.7	0.0	W	0.00	0.4	W	26.1	30.1	30.1	29.5	1006.6	0.00	0.0	0	0.00	0	0.0	0.00	0.0	0.000	0.322	27.5	91	25.9	32.8	20.93	1.1284	0.00	1188	8	100.0	60
23-08-20	11:00 p	26.2	26.2	26.0	98	25.8	0.0	W	0.00	0.9	W	26.2	30.4	30.4	29.8	1006.5	0.00	0.0	0	0.00	0	0.0	0.00	0.0	0.000	0.326	27.5	92	26.1	32.9	21.18	1.1278	0.00	1189	8	100.0	60
23-08-21	12:00 a	25.6	26.3	25.6	97	25.1	0.4	W	1.61	4.9	NW	25.6	28.9	28.9	28.3	1006.7	0.25	0.0	0	0.00	0	0.0	0.00	0.0	0.000	0.303	27.2	90	25.4	31.7	20.38	1.1309	0.00	1189	8	100.0	60
23-08-21	1:00 a	25.6	25.7	25.6	98	25.3	0.0	ESE	0.00	1.8	SSW	25.6	29.0	29.0	28.4	1005.6	3.30	19.3	0	0.00	0	0.0	0.00	0.0	0.000	0.303	27.2	91	25.6	31.9	20.97	1.1289	0.00	1191	8	100.0	60
23-08-21	2:00 a	25.4	25.6	25.4	98	25.1	0.0	ENE	0.00	0.9	ENE	25.4	28.7	28.7	28.1	1005.0	0.00	0.0	0	0.00	0	0.0	0.00	0.0	0.000	0.296	27.0	91	25.4	31.4	21.00	1.1295	0.00	1194	8	100.0	60
23-08-21	3:00 a	25.3	25.5	25.3	98	25.0	0.0	ENE	0.00	0.4	ENE	25.3	28.4	28.4	27.8	1005.2	0.25	0.0	0	0.00	0	0.0	0.00	0.0	0.000	0.292	26.7	92	25.3	30.9	21.15	1.1309	0.00	1195	8	100.0	60
23-08-21	4:00 a	25.4	25.4	25.3	98	25.1	0.0	ENE	0.00	0.4	ENE	25.4	28.6	28.6	27.9	1005.7	0.25	0.0	0	0.00	0	0.0	0.00	0.0	0.000	0.294	26.8	92	25.4	31.0	21.15	1.1311	0.00	1191	8	100.0	60
23-08-21	5:00 a	25.3	25.4	25.3	98	25.0	0.0	ENE	0.00	0.4	ENE	25.3	28.4	28.4	27.8	1006.1	0.00	0.0	0	0.00	0	0.0	0.00	0.0	0.000	0.292	26.6	92	25.2	30.6	21.15	1.1327	0.00	1195	8	100.0	60
23-08-21	6:00 a	25.4	25.4	25.3	98	25.1	0.0	---	0.00	0.0	---	25.4	28.6	28.6	27.9	1005.8	0.25	0.0	0	0.00	0	0.0	0.00	0.0	0.000	0.294	26.6	93	25.4	30.8	21.25	1.1319	0.00	1197	8	100.0	60
23-08-21	7:00 a	25.4	25.5	25.3	98	25.1	0.0	ENE	0.00	0.4	ENE	25.4	28.7	28.7	28.5	1007.0	0.00	0.0	12	1.03	30	0.0	0.00	0.0	0.000	0.296	26.7	93	25.4	30.9	21.25	1.1329	0.00	1197	8	100.0	60
23-08-21	8:00 a	26.2	26.2	25.5	99	26.0	0.0	ENE	0.00	0.4	ENE	26.2	30.5	30.5	31.3	1006.8	0.00	0.0	71	6.11	118	0.3	0.13	0.9	0.000	0.326	27.2	92	25.8	32.0	21.17	1.1302	0.05	1193	8	100.0	60
23-08-21	9:00 a	26.7	26.7	26.2	99	26.5	0.0	ENE	0.00	0.9	ENE	26.7	31.8	31.8	33.1	1007.8	0.00	0.0	117	10.06	149	1.1	0.47	1.4	0.000	0.347	27.6	92	26.2	33.3	21.18	1.1286	0.08	1170	8	100.0	60
23-08-21	10:00 a	25.6	26.7	25.6	97	25.0	0.4	ENE	1.61	1.8	SE	25.6	28.8	28.8	28.7	1008.3	11.43	118.1	22	1.89	37	0.0	0.00	0.0	0.000	0.301	27.2	89	25.2	31.6	19.85	1.1328	0.03	1183	8	100.0	60
23-08-21	11:00 a	25.2	25.6	25.2	98	24.9	0.4	E	1.61	1.8	NE	25.2	28.2	28.2	28.2	1008.0	30.99	94.5	33	2.84	62	0.0	0.00	0.9	0.000	0.287	26.8	91	25.2	31.0	21.03	1.1340	0.03	1176	8	100.0	60
23-08-21	12:00 p	25.9	26.0	25.2	99	25.8	0.0	ESE	0.00	0.9	ESE	25.9	29.9	29.9	31.6	1007.6	2.29	18.3	150	12.90	260	1.9	0.81	3.5	0.000	0.317	27.6	90	25.8	32.9	20.31	1.1293	0.10	1177	8	100.0	60
23-08-21	1:00 p	26.4	26.4	25.9	98	26.1	0.0	E	0.00	0.9	E	26.4	31.1	31.1	32.6	1006.9	0.76	3.3	141	12.13	264	1.8	0.77	3.5	0.000	0.338	27.7	91	26.1	33.4	20.90	1.1273	0.08	1192	8	100.0	60
23-08-21	2:00 p	26.8	26.8	26.4	98	26.5	0.0	E	0.00	0.4	E	26.8	32.1	32.1	33.5	1006.0	0.51	1.8	125	10.75	139	1.5	0.64	1.7	0.000	0.354	27.8	91	26.2	33.7	20.88	1.1256	0.08	1190	8	100.0	60
23-08-21	3:00 p	26.7	26.8	26.6	97	26.2	0.0	E	0.00	0.9	ESE	26.7	31.5	31.5	33.1	1005.2	0.51	0.0	116	9.98	139	1.2	0.51	1.5	0.000	0.347	27.7	89	25.7	33.1	19.76	1.1262	0.08	1191	8	100.0	60
23-08-21	4:00 p	26.4	26.7	26.4	97	25.9	0.0	ESE	0.00	0.9	ESE	26.4	30.8	30.8	31.7	1005.4	0.51	0.0	60	5.16	91	0.3	0.13	0.8	0.000	0.336	27.8	90	26.0	33.4	20.29	1.1257	0.05	1198	8	100.0	60
23-08-21	5:00 p	26.2	26.4	26.2	98	25.9	0.0	ESE	0.00	0.9	ESE	26.2	30.5	30.5	30.3	1005.6	0.00	0.0	28	2.41	56	0.0	0.00	0.0	0.000	0.329	27.7	90	25.9	33.2	20.30	1.1263	0.03	1195	8	100.0	60
23-08-21	6:00 p	26.0	26.2	25.9	98	25.7	0.0	ESE	0.00	0.4	ESE	26.0	29.9	29.9	29.4	1006.3	0.25	0.0	5	0.43	21	0.0	0.00	0.0	0.000	0.319	27.6	91	26.0	32.9	20.92	1.1276	0.00	1199	8	100.0	60
23-08-21	7:00 p	25.6	26.0	25.6	98	25.3	0.0	ESE	0.00	0.4	ESE	25.6	29.0	29.0	28.4	1006.5	0.00	0.0	0	0.00	0	0.0	0.00	0.0	0.000	0.303	27.1	91	25.5	31.6	20.99	1.1309	0.00	1198	8	100.0	60
23-08-21	8:00 p	25.3	25.6	25.3	98	25.0	0.0	---	0.00	0.0	---	25.3	28.4	28.4	27.8	1007.0	0.00	0.0	0	0.00	0	0.0	0.00	0.0	0.000	0.292	26.6	92	25.2	30.6	21.15	1.1337	0.00	1197	8	100.0	60
23-08-21	9:00 p	25.2	25.3	25.1	98	24.8	0.0	---	0.00	0.0	---	25.2	28.1	28.1	27.4	1007.7	0.00	0.0	0	0.00	0	0.0	0.00	0.0	0.000	0.285	26.3	93	25.1	30.1	21.24	1.1358	0.00	1197	8	100.0	60
23-08-21	10:00 p	25.1	25.2	25.0	98	24.7	0.0	---	0.00	0.0	---	25.1	27.8	27.8	27.2	1007.9	0.00	0.0	0	0.00	0	0.0	0.00	0.0	0.000	0.280	26.2	93	24.9	29.8	21.23	1.1369	0.00	1194	8	100.0	60
23-08-21	11:00 p	25.0	25.1	25.0	98	24.7	0.0	---	0.00	0.0	---	25.0	27.7	27.7	27.1	1007.7	0.00	0.0	0	0.00	0	0.0	0.00	0.0	0.000	0.278	26.1	93	24.9	29.7	21.23	1.1371	0.00	1197	8	100.0	60
23-08-22	12:00 a	25.1	25.1	25.0	99	24.9	0.0	---	0.00	0.0	---	25.1	28.1	28.1	27.4	1006.9	0.00	0.0	0	0.00	0	0.0	0.00	0.0	0.000	0.282	26.2	93	25.0	29.9	21.23	1.1356	0.00	1198	8	100.0	60
23-08-22	1:00 a	25.2	25.3	25.1	99	25.1	0.0	ESE	0.00	0.4	ESE	25.2	28.3	28.3	27.7	1006.5	3.81	49.8	0	0.00	0	0.0	0.00	0.0	0.000	0.287	26.3	93	25.1	30.0	21.24	1.1347	0.00	1193	8	100.0	60
23-08-22	2:00 a	25.3	25.4	25.2	99	25.2	0.0	ESE	0.00	1.3	ENE	25.3	28.5	28.5	27.9	1006.2	16.26	53.3	0	0.00	0	0.0	0.00	0.0	0.000	0.292	26.6	93	25.3	30.6	21.25	1.1327	0.00	1197	8	100.0	60
23-08-22	3:00 a	25.1	25.4	25.1	99	24.9	0.0	NE	0.00	1.3	NE	25.1	27.9	27.9	27.3	1005.9	6.60	37.6	0	0.00	0	0.0	0.00	0.0	0.000	0.280	26.3	92	24.9	30.0	21.14	1.1341	0.00	1197	8	100.0	60
23-08-22	4:00 a	24.7	25.1	24.7	99	24.6	0.0	NE	0.00	0.4	NE	24.7	27.3	27.3	26.7	1005.2	1.02	6.3	0	0.00	0	0.0	0.00	0.0	0.000	0.266	26.1	92	24.7	29.4	21.13	1.1349	0.00	1196	8	100.0	60
23-08-22	5:00 a	24.6	24.7	24.5	99	24.4	0.0	NE	0.00	0.4	NE	24.6	27.0	27.0	26.4	1005.6	0.51	1.0	0	0.00	0	0.0	0.00	0.0	0.000	0.259	25.7	93	24.5	28.8	21.22	1.1369	0.00	1197	8	100.0	60
23-08-22	6:00 a	24.5	24.6	24.5	99	24.3	0.0	---	0.00	0.0	---	24.5	26.9	26.9	26.3	1006.0	0.00	0.0	6	0.52	25	0.0	0.00	0.0	0.000	0.257	25.7	93	24.5	28.8	21.22	1.1375	0.00	1185	8	100.0	60
23-08-22	7:00 a	25.1	25.1	24.5	99	24.9	0.0	NE	0.00	0.4	NE	25.1	28.1	28.1	28.8	1006.6	0.00	0.0	53	4.56	83	0.0	0.00	0.0	0.000	0.282	26.1	94	25.0	29.7	21.35	1.1358	0.03	1195	8	100.0	60
23-08-22	8:00 a	25.7	25.7	25.1	99	25.6	0.0	NE	0.00	0.9	NE	25.7	29.4	29.4	30.4	1007.1	0.00	0.0	88	7.57	156	0.6	0.26	1.4	0.000	0.308	26.8	93	25.6	31.2	21.25	1.1325	0.05	1187	8	100.0	60
23-08-22	9:00 a	26.9	26.9	25.7	99	26.7	0.0	NE	0.00	0.4	NE	26.9	32.4	32.4	35.7	1007.1	0.00	0.0	255	21.93	427	2.6	1.11	4.0	0.000	0.356	27.6	92	26.2	33.3	21.18	1.1278	0.15	1193	8	100.0	60
23-08-22	10:00 a	26.9	27.1	26.8	99	26.8	0.0	SW	0.00	1.3	SSE	26.9	32.6	32.6	35.1	1007.4	1.02	1.5	210	18.06	448	2.4	1.03	3.9	0.000	0.359	28.0	91	26.4	34.2	20.86	1.1262	0.13	1190	8	100.0	60
23-08-22	11:00 a	27.1	27.1	26.9	98	26.7	0.0	WSW	0.00	0.9	WSW	27.1	32.7	32.7	35.1	1007.0	1.52	3.8	201	17.29	258	2.8	1.20	3.7	0.000	0.363	28.7	89	26.7	35.9	19.58	1.1223	0.13	1189	8	100.0	60
23-08-22	12:00 p	27.7	27.7	26.9	97	27.1	0.0	W	0.00	0.9	WSW	27.7	34.4	34.4	37.1	1006.3	0.00	0.0	220	18.92	292	3.2	1.37	4.2	0.000	0.389	28.9	88	26.8	36.4	18.94	1.1206	0.15	1184	8	100.0	60
23-08-22	1:00 p	27.7	27.7	27.4	96	27.0	0.0	W	0.00	0.4	W	27.7	34.2	34.2	36.6	1005.8	0.00	0.0	200	17.20	279	2.9	1.24	3.9	0.000	0.389	28.7	88	26.5	35.6	18.99	1.1217	0.13	1196	8	100.0	60
23-08-22	2:00 p	28.3	28.3	27.7	95	27.4	0.0	SSW	0.00	0.9	WSW	28.3	36.1	36.1	39.6	1004.9	0.00	0.0	268	23.05	353	3.2	1.37	4.2	0.000	0.414	28.7	89	26.7	35.8	19.59	1.1202	0.18	1193	8	100.0	60
23-08-22	3:00 p	27.2	28.3	27.2	95	26.4	0.4	WNW	1.61	1.8	SSE	27.2	32.6	32.6	34.1	1004.7	0.00	0.0	113	9.72	171	1.2	0.51	1.9	0.000	0.370	28.4	88	26.2	34.7	19.04	1.1221	0.08	1191	8	100.0	60
23-08-22	4:00 p	26.6	27.2	26.6	96	25.9	0.4	SW	1.61	4.0	WSW	26.6	31.1	31.1	31.9	1004.7	1.02	3.0	56	4.82	81	0.3	0.13	0.8	0.000	0.343	27.7	89	25.7	33.1	19.76	1.1257	0.03	1188	8	100.0	60
23-08-22	5:00 p	25.9	26.6	25.9	97	25.4	0.4	W	1.61	4.0	ESE	25.9	29.6	29.6	29.1	1005.6	11.68	91.9	11	0.95	58	0.0	0.00	0.0	0.000	0.315	27.3	90	25.5	32.1	20.35	1.1285	0.00	1185	8	100.0	60
23-08-22	6:00 p	25.6	25.9	25.6	97	25.0	0.4	SSE	1.61	3.1	S	25.6	28.8	28.8	28.2	1006.2	6.60	18.8	0	0.00	0	0.0	0.00	0.0	0.000	0.301	27.1	90	25.3	31.4	20.39	1.1309	0.00	1191	8	100.0	60
23-08-22	7:00 p	25.8	25.9	25.5	98	25.4	0.9	SE	3.22	4.5	SE	25.8	29.4	29.4	28.9	1006.8	3.81	14.7	0	0.00	0	0.0	0.00	0.0	0.000	0.310	27.1	91	25.5	31.6	20.99	1.1313	0.00	1188	8	100.0	60
23-08-22	8:00 p	25.6	25.8	25.6	98	25.3	0.0	NE	0.00	2.2	S	25.6	29.0	29.0	28.4	1007.2	2.29	20.3	0	0.00	0	0.0	0.00	0.0	0.000	0.303	27.1	91	25.5	31.6	20.99	1.1317	0.00	1196	8	100.0	60
23-08-22	9:00 p	25.4	25.6	25.4	98	25.1	0.0	NNE	0.00	0.9	NE	25.4	28.7	28.7	28.1	1007.9	2.03	24.9	0	0.00	0	0.0	0.00	0.0	0.000	0.296	26.8	92	25.4	31.2	21.16	1.1334	0.00	1193	8	100.0	60
23-08-22	10:00 p	25.3	25.5	25.3	98	24.9	0.0	NNE	0.00	1.8	NW	25.3	28.3	28.3	27.7	1008.0	7.11	51.6	0	0.00	0	0.0	0.00	0.0	0.000	0.289	26.7	91	25.1	30.7	21.04	1.1346	0.00	1194	8	100.0	60
23-08-22	11:00 p	24.8	25.3	24.8	98	24.4	0.4	ENE	1.61	1.8	NE	24.8	27.3	27.3	26.7	1008.1	19.81	112.5	0	0.00	0	0.0	0.00	0.0	0.000	0.269	26.5	91	24.9	30.2	21.04	1.1361	0.00	1197	8	100.0	60
23-08-23	12:00 a	24.7	24.8	24.6	99	24.6	0.0	N	0.00	0.9	SSE	24.7	27.3	27.3	26.7	1007.6	3.30	21.8	0	0.00	0	0.0	0.00	0.0	0.000	0.266	26.3	91	24.7	29.8	21.04	1.1368	0.00	1198	8	100.0	60
23-08-23	1:00 a	24.6	24.7	24.6	99	24.4	0.4	NNE	1.61	2.2	NE	24.6	27.1	27.1	26.5	1007.2	2.54	11.2	0	0.00	0	0.0	0.00	0.0	0.000	0.262	26.2	91	24.6	29.6	21.03	1.1366	0.00	1197	8	100.0	60
23-08-23	2:00 a	24.4	24.7	24.4	99	24.3	0.4	NE	1.61	1.8	ENE	24.4	26.8	26.8	26.2	1006.8	0.25	1.5	0	0.00	0	0.0	0.00	0.0	0.000	0.255	26.1	90	24.3	29.3	20.45	1.1372	0.00	1196	8	100.0	60
23-08-23	3:00 a	24.3	24.4	24.3	99	24.1	0.4	NE	1.61	1.8	WNW	24.3	26.6	26.6	25.9	1006.2	0.25	0.0	0	0.00	0	0.0	0.00	0.0	0.000	0.248	26.1	90	24.3	29.2	20.45	1.1369	0.00	1194	8	100.0	60
23-08-23	4:00 a	24.3	24.3	24.1	99	24.1	0.4	NNE	1.61	1.3	NNE	24.3	26.6	26.6	25.9	1005.9	0.76	1.3	0	0.00	0	0.0	0.00	0.0	0.000	0.248	25.9	91	24.4	29.1	21.02	1.1368	0.00	1197	8	100.0	60
23-08-23	5:00 a	24.4	24.4	24.2	99	24.2	0.0	NNW	0.00	0.9	NNW	24.4	26.7	26.7	26.1	1007.3	2.79	18.0	0	0.00	0	0.0	0.00	0.0	0.000	0.252	25.7	92	24.3	28.6	21.11	1.1396	0.00	1198	8	100.0	60
23-08-23	6:00 a	24.4	24.5	24.3	99	24.3	0.0	N	0.00	1.3	WNW	24.4	26.8	26.8	26.2	1007.6	9.91	24.9	0	0.00	0	0.0	0.00	0.0	0.000	0.255	25.7	92	24.3	28.6	21.11	1.1400	0.00	1196	8	100.0	60
23-08-23	7:00 a	24.3	24.4	24.2	99	24.1	0.0	N	0.00	0.9	N	24.3	26.6	26.6	26.3	1008.7	2.03	12.4	8	0.69	16	0.0	0.00	0.0	0.000	0.248	25.7	92	24.3	28.6	21.11	1.1413	0.00	1193	8	100.0	60
23-08-23	8:00 a	24.2	24.3	24.2	99	24.1	0.0	N	0.00	0.9	N	24.2	26.5	26.5	26.4	1008.9	2.54	9.7	21	1.81	26	0.0	0.00	0.0	0.000	0.245	25.8	92	24.4	28.8	21.12	1.1409	0.03	1194	8	100.0	60
23-08-23	9:00 a	24.6	24.6	24.2	99	24.4	0.0	N	0.00	0.4	N	24.6	27.0	27.0	27.1	1009.6	1.52	2.8	38	3.27	51	0.0	0.00	0.0	0.000	0.259	26.0	91	24.4	29.2	21.03	1.1408	0.03	1193	8	100.0	60
23-08-23	10:00 a	24.9	24.9	24.6	99	24.8	0.0	N	0.00	0.4	N	24.9	27.7	27.7	28.1	1009.8	2.79	5.1	58	4.99	74	0.6	0.26	1.1	0.000	0.275	26.3	92	24.9	29.9	21.14	1.1390	0.03	1186	8	100.0	60
23-08-23	11:00 a	25.2	25.3	24.9	99	25.1	0.0	NE	0.00	0.9	N	25.2	28.3	28.3	28.9	1010.0	3.30	21.1	78	6.71	149	1.0	0.43	2.3	0.000	0.287	26.5	91	24.9	30.2	21.04	1.1382	0.05	1191	8	100.0	60
23-08-23	12:00 p	25.8	25.9	25.2	99	25.7	0.0	NE	0.00	0.9	NE	25.8	29.7	29.7	31.2	1009.4	0.51	3.0	138	11.87	169	2.1	0.90	2.5	0.000	0.313	26.9	92	25.5	31.4	21.16	1.1345	0.08	1189	8	100.0	60
23-08-23	1:00 p	26.1	26.1	25.8	99	25.9	0.0	NE	0.00	0.9	NE	26.1	30.3	30.3	32.4	1008.5	0.25	0.0	181	15.57	214	2.6	1.11	3.0	0.000	0.324	27.1	91	25.5	31.6	20.99	1.1332	0.10	1192	8	100.0	60
23-08-23	2:00 p	26.4	26.4	26.1	99	26.2	0.0	NE	0.00	0.9	NE	26.4	31.1	31.1	33.4	1008.1	0.25	0.0	191	16.43	227	2.4	1.03	3.0	0.000	0.336	27.3	92	25.9	32.4	21.17	1.1307	0.13	1194	8	100.0	60
23-08-23	3:00 p	26.0	26.4	26.0	98	25.7	0.0	ENE	0.00	1.3	ENE	26.0	29.9	29.9	31.6	1007.4	0.51	0.0	120	10.32	141	1.4	0.60	1.7	0.000	0.319	27.3	91	25.7	32.1	20.96	1.1306	0.08	1187	8	100.0	60
23-08-23	4:00 p	25.9	26.1	25.9	98	25.5	0.0	ENE	0.00	0.4	ENE	25.9	29.7	29.7	30.9	1007.1	0.25	0.0	74	6.36	90	0.6	0.26	0.9	0.000	0.315	27.1	91	25.5	31.6	20.99	1.1316	0.05	1189	8	100.0	60
23-08-23	5:00 p	25.4	25.9	25.3	98	25.1	0.0	---	0.00	0.0	---	25.4	28.6	28.6	28.5	1007.6	0.00	0.0	41	3.53	58	0.0	0.00	0.0	0.000	0.294	26.7	91	25.1	30.6	21.05	1.1345	0.03	1196	8	100.0	60
23-08-23	6:00 p	25.1	25.4	25.1	98	24.8	0.0	---	0.00	0.0	---	25.1	27.9	27.9	27.4	1008.6	0.76	1.8	4	0.34	19	0.0	0.00	0.0	0.000	0.282	26.4	92	25.0	30.1	21.14	1.1369	0.00	1197	8	100.0	60
23-08-23	7:00 p	24.9	25.1	24.9	98	24.6	0.0	ENE	0.00	0.4	ENE	24.9	27.6	27.6	27.0	1008.9	0.25	1.8	0	0.00	0	0.0	0.00	0.0	0.000	0.275	26.2	92	24.8	29.7	21.13	1.1385	0.00	1183	8	100.0	60
23-08-23	8:00 p	24.7	24.9	24.7	99	24.6	0.0	ENE	0.00	0.4	ENE	24.7	27.3	27.3	26.7	1009.4	1.27	30.7	0	0.00	0	0.0	0.00	0.0	0.000	0.266	25.9	93	24.7	29.3	21.22	1.1401	0.00	1193	8	100.0	60
23-08-23	9:00 p	24.6	24.8	24.6	99	24.4	0.0	ENE	0.00	0.4	ENE	24.6	27.1	27.1	26.5	1009.7	0.25	4.6	0	0.00	0	0.0	0.00	0.0	0.000	0.262	25.9	92	24.5	29.2	21.12	1.1408	0.00	1187	8	100.0	60
23-08-23	10:00 p	24.5	24.7	24.5	99	24.3	0.0	ENE	0.00	0.4	ENE	24.5	26.9	26.9	26.3	1009.4	0.00	0.0	0	0.00	0	0.0	0.00	0.0	0.000	0.257	25.8	92	24.4	28.8	21.12	1.1415	0.00	1172	8	100.0	60
23-08-23	11:00 p	24.3	24.6	24.3	99	24.2	0.0	ENE	0.00	0.4	ENE	24.3	26.6	26.6	26.0	1008.9	0.00	0.0	0	0.00	0	0.0	0.00	0.0	0.000	0.250	25.6	92	24.2	28.3	21.11	1.1422	0.00	1172	8	100.0	60
23-08-24	12:00 a	24.3	24.4	24.3	99	24.1	0.0	ENE	0.00	0.9	ENE	24.3	26.6	26.6	25.9	1007.8	0.00	0.0	0	0.00	0	0.0	0.00	0.0	0.000	0.248	25.6	93	24.4	28.6	21.21	1.1402	0.00	1178	8	100.0	60
23-08-24	1:00 a	24.3	24.3	24.2	99	24.1	0.0	NNE	0.00	0.9	NE	24.3	26.6	26.6	25.9	1007.3	0.00	0.0	0	0.00	0	0.0	0.00	0.0	0.000	0.248	25.5	93	24.3	28.3	21.21	1.1402	0.00	1189	8	100.0	60
23-08-24	2:00 a	24.2	24.3	24.2	99	24.0	0.0	---	0.00	0.0	---	24.2	26.4	26.4	25.8	1006.7	0.25	0.0	0	0.00	0	0.0	0.00	0.0	0.000	0.243	25.3	93	24.1	27.9	21.20	1.1409	0.00	1187	8	100.0	60
23-08-24	3:00 a	24.1	24.2	24.1	99	23.9	0.0	---	0.00	0.0	---	24.1	26.2	26.2	25.6	1006.6	0.00	0.0	0	0.00	0	0.0	0.00	0.0	0.000	0.238	25.2	93	24.0	27.7	21.20	1.1414	0.00	1164	8	100.0	60
23-08-24	4:00 a	24.0	24.1	24.0	99	23.8	0.0	NNE	0.00	0.4	NNE	24.0	26.2	26.2	25.5	1006.8	0.00	0.0	0	0.00	0	0.0	0.00	0.0	0.000	0.236	25.2	93	24.0	27.7	21.20	1.1417	0.00	1193	8	100.0	60
23-08-24	5:00 a	23.9	24.1	23.9	99	23.8	0.0	---	0.00	0.0	---	23.9	26.1	26.1	25.4	1007.9	0.00	0.0	0	0.00	0	0.0	0.00	0.0	0.000	0.234	25.0	93	23.8	27.4	21.19	1.1439	0.00	1198	8	100.0	60
23-08-24	6:00 a	24.2	24.2	23.9	99	24.0	0.0	NNE	0.00	0.4	NNE	24.2	26.4	26.4	25.8	1008.5	0.00	0.0	5	0.43	23	0.0	0.00	0.0	0.000	0.243	25.2	94	24.2	27.9	21.35	1.1430	0.00	1197	8	100.0	60
23-10-07	5:07 p	26.7	26.7	26.7	98	26.3	0.0	---	0.00	0.0	---	26.7	31.7	31.7	31.2	1009.1	0.00	1.0	0	0.00	0	---	---	---	0.000	0.006	28.1	96	27.4	35.6	21.75	1.1257	0.00	10	8	52.6	1
23-10-07	5:08 p	26.7	26.7	26.7	98	26.3	0.0	---	0.00	0.0	---	26.7	31.7	31.7	31.2	1009.1	0.00	1.0	0	0.00	0	---	---	---	0.000	0.006	28.1	96	27.4	35.6	21.75	1.1257	0.00	20	8	100.0	1
23-10-07	5:09 p	26.7	26.7	26.7	98	26.3	0.0	NE	0.00	0.4	NE	26.7	31.7	31.7	31.2	1009.1	0.00	1.0	0	0.00	0	---	---	---	0.000	0.006	28.1	96	27.4	35.6	21.75	1.1257	0.00	20	8	100.0	1
23-10-07	5:10 p	26.7	26.7	26.7	98	26.3	0.0	---	0.00	0.0	---	26.7	31.7	31.7	31.2	1009.0	0.00	1.0	0	0.00	0	---	---	---	0.000	0.006	28.1	96	27.4	35.7	21.75	1.1253	0.00	19	8	100.0	1
23-10-07	5:11 p	26.7	26.7	26.7	98	26.3	0.0	---	0.00	0.0	---	26.7	31.7	31.7	31.2	1009.0	0.25	2.3	0	0.00	0	---	---	---	0.000	0.006	28.2	96	27.5	35.9	21.75	1.1249	0.00	19	8	100.0	1
23-10-07	5:12 p	26.7	26.7	26.7	98	26.3	0.0	---	0.00	0.0	---	26.7	31.7	31.7	31.2	1009.2	0.00	2.3	0	0.00	0	---	---	---	0.000	0.006	28.2	96	27.5	35.9	21.75	1.1251	0.00	20	8	100.0	1
23-10-07	5:13 p	26.7	26.7	26.7	98	26.3	0.0	---	0.00	0.0	---	26.7	31.7	31.7	31.2	1009.2	0.00	2.3	0	0.00	0	---	---	---	0.000	0.006	28.2	95	27.3	35.7	21.65	1.1256	0.00	20	8	100.0	1
23-10-07	5:14 p	26.7	26.7	26.7	98	26.3	0.0	NE	0.00	0.4	NE	26.7	31.7	31.7	31.2	1009.2	0.00	2.3	0	0.00	0	---	---	---	0.000	0.006	28.2	96	27.5	35.9	21.75	1.1251	0.00	20	8	100.0	1
23-10-07	5:15 p	26.7	26.7	26.7	98	26.3	0.0	NE	0.00	0.4	NE	26.7	31.7	31.7	31.2	1009.2	0.00	2.3	0	0.00	0	---	---	---	0.000	0.006	28.2	96	27.5	36.1	21.75	1.1247	0.00	20	8	100.0	1
