poly_id,year,month,forest,open_land,lst_mean,cooling,elv_mean,n_points,month_date
1,2020,10,27.204739540501667,31.657896664268115,29.431318102384893,4.453157123766448,14.236887454986572,19,2020-10-01
1,2020,11,27.465295410156273,33.2188264734605,30.342060941808388,5.753531063304228,14.236887454986572,17,2020-11-01
1,2020,12,27.637893194901338,33.58895103053045,30.613422112715895,5.951057835629112,14.236887454986572,19,2020-12-01
1,2021,1,27.83650360107424,34.482000732421895,31.159252166748068,6.645497131347656,14.236887454986572,20,2021-01-01
1,2021,2,28.78610975477433,38.26611226399742,33.52611100938587,9.480002509223091,14.236887454986572,18,2021-02-01
1,2021,3,28.67052933542354,39.00736790707239,33.838948621247965,10.33683857164885,14.236887454986572,19,2021-03-01
1,2021,4,27.643158280222064,37.42157978258637,32.532369031404215,9.77842150236431,14.236887454986572,19,2021-04-01
1,2021,5,26.90000064247535,35.15736501593341,31.02868282920438,8.25736437345806,14.236887454986572,19,2021-05-01
1,2021,6,27.404735685649694,34.69947284899262,31.05210426732116,7.294737163342927,14.236887454986572,19,2021-06-01
1,2021,7,26.822500610351586,32.99399566650393,29.90824813842776,6.171495056152343,14.236887454986572,20,2021-07-01
1,2021,8,26.474209755345417,32.403685238486865,29.438947496916143,5.929475483141448,14.236887454986572,19,2021-08-01
1,2021,9,28.140556165907142,34.49833577473961,31.319445970323372,6.357779608832465,14.236887454986572,18,2021-09-01
1,2021,10,27.633156545538675,35.36947503340874,31.501315789473708,7.736318487870066,14.236887454986572,19,2021-10-01
1,2021,11,26.89315667403374,35.05315712376647,30.973156898900104,8.16000044973273,14.236887454986572,19,2021-11-01
1,2021,12,27.72749938964846,35.30950164794924,31.518500518798852,7.582002258300781,14.236887454986572,20,2021-12-01
1,2022,1,27.96473806280841,35.423687101665315,31.694212582236865,7.4589490388569075,14.236887454986572,19,2022-01-01
1,2022,2,28.521108669704883,39.03833245171443,33.779720560709656,10.517223782009548,14.236887454986572,18,2022-02-01
1,2022,3,29.502101215563346,42.63210449218752,36.06710285387543,13.130003276624178,14.236887454986572,19,2022-03-01
1,2022,4,27.7942122609992,40.38421020507815,34.089211233038675,12.589997944078947,14.236887454986572,19,2022-04-01
1,2022,5,25.762500000000024,37.25100097656252,31.506750488281273,11.4885009765625,14.236887454986572,20,2022-05-01
1,2022,6,24.747216796875023,35.30555623372398,30.026386515299503,10.558339436848959,14.236887454986572,18,2022-06-01
1,2022,7,25.974734978926833,30.870527086759893,28.422631032843363,4.895792107833059,14.236887454986572,19,2022-07-01
1,2022,8,26.977370733963838,31.885790694387357,29.4315807141756,4.90841996042352,14.236887454986572,19,2022-08-01
1,2022,9,26.266839599609398,29.886844353926833,28.076841976768115,3.620004754317434,14.236887454986572,19,2022-09-01
1,2022,10,26.892629844264004,30.309474262438346,28.601052053351175,3.416844418174342,14.236887454986572,19,2022-10-01
1,2022,11,26.307366943359398,31.40368202611022,28.855524484734808,5.096315082750823,14.236887454986572,19,2022-11-01
1,2022,12,28.719474712171074,36.51262978001647,32.61605224609377,7.793155067845395,14.236887454986572,19,2022-12-01
1,2023,1,28.101575670744268,34.96157387181334,31.531574771278805,6.859998201069079,14.236887454986572,19,2023-01-01
1,2023,2,29.72611219618058,41.455551825629364,35.59083201090497,11.729439629448784,14.236887454986572,18,2023-02-01
1,2023,3,29.08549957275393,43.01250152587893,36.04900054931643,13.927001953125,14.236887454986572,20,2023-03-01
1,2023,4,29.069443427191864,42.54055514865453,35.8049992879232,13.471111721462673,14.236887454986572,18,2023-04-01
1,2023,5,29.369471821032096,41.973684531764,35.67157817639805,12.604212710731908,14.236887454986572,19,2023-05-01
1,2023,6,28.168948846114333,34.61000012849509,31.38947448730471,6.441051282380757,14.236887454986572,19,2023-06-01
1,2023,7,28.64894698293588,32.35947008634871,30.50420853464229,3.7105231034128288,14.236887454986572,19,2023-07-01
1,2023,8,28.23750152587893,31.811001586914085,30.024251556396507,3.573500061035156,14.236887454986572,20,2023-08-01
1,2023,9,28.097894287109398,32.2484214381168,30.1731578626131,4.1505271510074015,14.236887454986572,19,2023-09-01
1,2023,10,27.023680355674365,34.16421380293999,30.593947079307178,7.140533447265625,14.236887454986572,19,2023-10-01
1,2023,11,28.170530941611865,35.78105115388571,31.97579104774879,7.6105202122738485,14.236887454986572,19,2023-11-01
1,2023,12,29.858946468955615,35.74000019274262,32.79947333084912,5.881053723787007,14.236887454986572,19,2023-12-01
1,2024,1,30.415002441406273,34.89749908447268,32.65625076293948,4.482496643066407,14.236887454986572,20,2024-01-01
1,2024,2,30.60999959309898,37.27000325520836,33.94000142415367,6.660003662109375,14.236887454986572,18,2024-02-01
1,2024,3,31.458417711759893,41.669472463507425,36.563945087633655,10.211054751747533,14.236887454986572,19,2024-03-01
1,2024,4,30.063892618815128,41.715554809570335,35.88972371419273,11.651662190755209,14.236887454986572,18,2024-04-01
1,2024,5,28.28999938964846,39.21350097656252,33.75175018310549,10.923501586914062,14.236887454986572,20,2024-05-01
1,2024,6,26.28947079307157,36.13578908819903,31.212629940635303,9.846318295127467,14.236887454986572,19,2024-06-01
1,2024,7,27.468891398112003,37.83055860731339,32.6497250027127,10.36166720920139,14.236887454986572,18,2024-07-01
1,2024,8,27.884501647949243,35.302496337890645,31.593498992919944,7.417994689941406,14.236887454986572,20,2024-08-01
1,2024,9,27.7452959846048,29.27940925149359,28.512352618049196,1.5341132668887867,14.236887454986572,17,2024-09-01
1,2024,10,28.996473604090095,31.158823529411787,30.07764856675094,2.162349925321691,14.236887454986572,17,2024-10-01
2,2020,10,25.990525416324036,28.510525673314167,27.2505255448191,2.5200002569901314,35.77858638763428,19,2020-10-01
2,2020,11,27.09333190917971,28.65555386013457,27.874442884657142,1.5622219509548612,35.77858638763428,18,2020-11-01
2,2020,12,29.244208406147226,29.269998972039495,29.257103689093363,0.025790565892269735,35.77858638763428,19,2020-12-01
2,2021,1,28.58549957275393,31.412503051757835,29.99900131225588,2.8270034790039063,35.77858638763428,20,2021-01-01
2,2021,2,28.93111233181426,34.77500474717884,31.85305853949655,5.843892415364583,35.77858638763428,18,2021-02-01
2,2021,3,28.49263112921466,34.472632478412855,31.482631803813756,5.980001349198191,35.77858638763428,19,2021-03-01
2,2021,4,26.70368266858555,32.237366043893935,29.470524356239743,5.533683375308388,35.77858638763428,19,2021-04-01
2,2021,5,26.70526315789476,30.82894768965874,28.76710542377675,4.12368453176398,35.77858638763428,19,2021-05-01
2,2021,6,27.057366943359398,29.96420962685035,28.510788285104876,2.9068426834909538,35.77858638763428,19,2021-06-01
2,2021,7,26.65350036621096,28.83850097656252,27.746000671386742,2.1850006103515627,35.77858638763428,20,2021-07-01
2,2021,8,26.166843133223708,28.708947753906273,27.43789544356499,2.542104620682566,35.77858638763428,19,2021-08-01
2,2021,9,27.163335842556446,30.90833435058596,29.035835096571205,3.744998508029514,35.77858638763428,18,2021-09-01
2,2021,10,26.686313348067458,30.687368613795254,28.686840980931354,4.001055265727796,35.77858638763428,19,2021-10-01
2,2021,11,26.561576762952324,30.643161492598708,28.602369127775518,4.081584729646382,35.77858638763428,19,2021-11-01
2,2021,12,27.23949890136721,30.79399871826174,29.016748809814477,3.5544998168945314,35.77858638763428,20,2021-12-01
2,2022,1,29.85105526572782,32.28105436626236,31.066054815995088,2.4299991005345394,35.77858638763428,19,2022-01-01
2,2022,2,29.251111178927975,33.8911088731554,31.57111002604169,4.63999769422743,35.77858638763428,18,2022-02-01
2,2022,3,28.708950966282917,35.51105089689558,32.11000093158925,6.802099930612664,35.77858638763428,19,2022-03-01
2,2022,4,26.84684383994657,33.79210494192025,30.31947439093341,6.945261101973684,35.77858638763428,19,2022-04-01
2,2022,5,25.37850036621096,31.89950103759768,28.63900070190432,6.521000671386719,35.77858638763428,20,2022-05-01
2,2022,6,24.42055324978301,27.658887057834225,26.039720153808616,3.238333808051215,35.77858638763428,18,2022-06-01
2,2022,7,27.23684563887749,28.324737870065814,27.78079175447165,1.0878922311883223,35.77858638763428,19,2022-07-01
2,2022,8,27.870527086759893,29.624741724917786,28.747634405838838,1.7542146381578947,35.77858638763428,19,2022-08-01
2,2022,9,26.13789640727798,29.28736989874591,27.712633153011947,3.1494734914679277,35.77858638763428,19,2022-09-01
2,2022,10,25.993499755859396,29.618499755859396,27.805999755859396,3.625,35.77858638763428,20,2022-10-01
2,2022,11,25.49210751182157,28.916844739412028,27.2044761256168,3.4247372275904606,35.77858638763428,19,2022-11-01
2,2022,12,27.043683825041143,32.51053049187914,29.777107158460137,5.466846666837993,35.77858638763428,19,2022-12-01
2,2023,1,27.63368337530841,32.22315930818259,29.9284213417455,4.589475932874177,35.77858638763428,19,2023-01-01
2,2023,2,30.133889770507835,35.50166388617624,32.81777682834203,5.367774115668403,35.77858638763428,18,2023-02-01
2,2023,3,29.4279968261719,37.252497863769555,33.34024734497073,7.824501037597656,35.77858638763428,20,2023-03-01
2,2023,4,28.868330891927105,35.713335503472244,32.290833197699676,6.845004611545139,35.77858638763428,18,2023-04-01
2,2023,5,29.476840691817458,34.475261808696565,31.97605125025701,4.998421116879112,35.77858638763428,19,2023-05-01
2,2023,6,28.47578703227798,32.52157946134871,30.498683246813346,4.0457924290707235,35.77858638763428,19,2023-06-01
2,2023,7,29.04842208059213,32.24105706465874,30.644739572625433,3.1926349840666117,35.77858638763428,19,2023-07-01
2,2023,8,28.29949951171877,30.83400115966799,29.56675033569338,2.534501647949219,35.77858638763428,20,2023-08-01
2,2023,9,28.723157701994268,31.461578690378314,30.09236819618629,2.7384209883840462,35.77858638763428,19,2023-09-01
2,2023,10,27.84736745733966,30.7421026932566,29.29473507529813,2.894735235916941,35.77858638763428,19,2023-10-01
2,2023,11,28.443684146278805,31.418422016344596,29.9310530813117,2.9747378700657894,35.77858638763428,19,2023-11-01
2,2023,12,29.260003662109398,33.80842381527552,31.534213738692458,4.548420153166118,35.77858638763428,19,2023-12-01
2,2024,1,30.514500427246116,35.534498596191426,33.02449951171877,5.019998168945312,35.77858638763428,20,2024-01-01
2,2024,2,30.907223849826412,37.73222249348961,34.31972317165801,6.824998643663195,35.77858638763428,18,2024-02-01
2,2024,3,31.234211490028805,39.87210596988078,35.553158729954795,8.637894479851974,35.77858638763428,19,2024-03-01
2,2024,4,29.502223375108528,37.747221883138046,33.62472262912328,8.244998508029514,35.77858638763428,18,2024-04-01
2,2024,5,27.732998657226585,35.455999755859395,31.59449920654299,7.723001098632812,35.77858638763428,20,2024-05-01
2,2024,6,25.457367264597064,31.56894595497535,28.513156609786208,6.111578690378289,35.77858638763428,19,2024-06-01
2,2024,7,27.153895738389778,30.00610758463544,28.58000166151261,2.85221184624566,35.77858638763428,18,2024-07-01
2,2024,8,27.582495117187523,30.5289978027344,29.05574645996096,2.946502685546875,35.77858638763428,20,2024-08-01
2,2024,9,27.641765998391566,31.401172593060686,29.521469295726124,3.7594065946691178,35.77858638763428,17,2024-09-01
2,2024,10,27.964446004231792,31.365557183159744,29.66500159369577,3.4011111789279513,35.77858638763428,18,2024-10-01
3,2020,10,26.645262386924365,30.293156995271403,28.469209691097884,3.6478946083470394,36.62546491622925,19,2020-10-01
3,2020,11,26.962776014539955,30.593889702690994,28.778332858615475,3.6311136881510415,36.62546491622925,18,2020-11-01
3,2020,12,27.40368363229854,31.08632009405841,29.245001863178476,3.6826364617598686,36.62546491622925,19,2020-12-01
3,2021,1,28.849497985839868,31.29650573730471,30.073001861572287,2.447007751464844,36.62546491622925,20,2021-01-01
3,2021,2,32.8049984402127,34.08499891493058,33.44499867757164,1.280000474717882,36.62546491622925,18,2021-02-01
3,2021,3,31.5915755422492,35.141049354954795,33.366312448601995,3.549473812705592,36.62546491622925,19,2021-03-01
3,2021,4,29.53473735608555,33.70368106239723,31.619209209241387,4.168943706311677,36.62546491622925,19,2021-04-01
3,2021,5,27.67736527292354,33.26736803556746,30.4723666542455,5.590002762643914,36.62546491622925,19,2021-05-01
3,2021,6,27.658947111430944,33.39052734375002,30.52473722759048,5.731580232319079,36.62546491622925,19,2021-06-01
3,2021,7,26.878501892089865,32.41550140380862,29.647001647949242,5.53699951171875,36.62546491622925,20,2021-07-01
3,2021,8,26.424737548828148,31.845790180407096,29.13526386461762,5.421052631578948,36.62546491622925,19,2021-08-01
3,2021,9,27.992220391167557,33.82610812717016,30.90916425916886,5.8338877360026045,36.62546491622925,18,2021-09-01
3,2021,10,27.158947111430944,32.577368806537855,29.868157958984398,5.4184216951069075,36.62546491622925,19,2021-10-01
3,2021,11,27.714211233038675,28.13158087479443,27.922896053916553,0.4173696417557566,36.62546491622925,19,2021-11-01
3,2021,12,28.939501953125024,29.899499511718773,29.4195007324219,0.95999755859375,36.62546491622925,20,2021-12-01
3,2022,1,30.00421174701894,33.36631726716696,31.68526450709295,3.362105520148026,36.62546491622925,19,2022-01-01
3,2022,2,30.974443901909744,35.015000067816864,32.994721984863304,4.040556165907118,36.62546491622925,18,2022-02-01
3,2022,3,31.578946083470417,36.49263112921466,34.03578860634254,4.913685045744243,36.62546491622925,19,2022-03-01
3,2022,4,29.372105969880778,34.290527664987685,31.83131681743423,4.9184216951069075,36.62546491622925,19,2022-04-01
3,2022,5,27.343499755859398,31.92599792480471,29.634748840332055,4.582498168945312,36.62546491622925,20,2022-05-01
3,2022,6,25.85889078776044,29.81000162760419,27.834446207682316,3.95111083984375,36.62546491622925,18,2022-06-01
3,2022,7,27.08420956260282,29.90368202611022,28.49394579435652,2.819472463507401,36.62546491622925,19,2022-07-01
3,2022,8,28.46526007401318,30.501050768400518,29.48315542120685,2.0357906943873356,36.62546491622925,19,2022-08-01
3,2022,9,27.27210468493012,29.161579654091305,28.216842169510713,1.8894749691611843,36.62546491622925,19,2022-09-01
3,2022,10,27.47099761962893,29.387001037597678,28.428999328613305,1.91600341796875,36.62546491622925,20,2022-10-01
3,2022,11,27.1373663651316,29.463159179687523,28.300262772409564,2.3257928145559212,36.62546491622925,19,2022-11-01
3,2022,12,29.281579589843773,32.682105134662855,30.981842362253314,3.4005255448190788,36.62546491622925,19,2022-12-01
3,2023,1,29.736318809107754,33.88895006681746,31.812634437962604,4.152631257709704,36.62546491622925,19,2023-01-01
3,2023,2,31.72388610839846,37.58444451226131,34.65416531032989,5.860558403862847,36.62546491622925,18,2023-02-01
3,2023,3,30.865000915527368,37.442999267578145,34.15400009155276,6.577998352050781,36.62546491622925,20,2023-03-01
3,2023,4,31.127221679687523,38.6661078559028,34.89666476779516,7.538886176215278,36.62546491622925,18,2023-04-01
3,2023,5,31.219473105982754,40.26368504574427,35.74157907586351,9.044211939761514,36.62546491622925,19,2023-05-01
3,2023,6,29.57631514699838,39.45315905119246,34.51473709909542,9.876843904194079,36.62546491622925,19,2023-06-01
3,2023,7,28.52052419562091,33.14736809981499,30.83394614771795,4.626843904194079,36.62546491622925,19,2023-07-01
3,2023,8,28.910501098632835,32.525999450683614,30.718250274658224,3.615498352050781,36.62546491622925,20,2023-08-01
3,2023,9,29.224738191303476,32.933157188014,31.07894768965874,3.708418996710526,36.62546491622925,19,2023-09-01
3,2023,10,28.23105532997535,30.89631765265216,29.563686491313756,2.665262322676809,36.62546491622925,19,2023-10-01
3,2023,11,29.054734400699036,31.07263215717519,30.063683278937113,2.017897756476151,36.62546491622925,19,2023-11-01
3,2023,12,31.143158280222064,32.968424265008245,32.05579127261515,1.8252659847861843,36.62546491622925,19,2023-12-01
3,2024,1,32.6320007324219,36.12149658203127,34.376748657226585,3.489495849609375,36.62546491622925,20,2024-01-01
3,2024,2,33.832781304253494,38.819996134440125,36.32638871934681,4.987214830186632,36.62546491622925,18,2024-02-01
3,2024,3,34.718422658819925,43.6705261230469,39.19447439093341,8.952103464226974,36.62546491622925,19,2024-03-01
3,2024,4,32.625556776258705,41.897224256727455,37.26139051649308,9.27166748046875,36.62546491622925,18,2024-04-01
3,2024,5,29.26500396728518,37.34300079345705,33.30400238037112,8.077996826171875,36.62546491622925,20,2024-05-01
3,2024,6,27.057893773129134,33.72736912777552,30.392631450452324,6.669475354646382,36.62546491622925,19,2024-06-01
3,2024,7,27.206842041015648,33.516315982216305,30.361579011615976,6.3094739412006575,36.62546491622925,19,2024-07-01
3,2024,8,28.144499206542992,33.810501098632834,30.977500152587915,5.666001892089843,36.62546491622925,20,2024-08-01
3,2024,9,27.960556708441864,30.179442342122417,29.069999525282142,2.2188856336805554,36.62546491622925,18,2024-09-01
3,2024,10,29.131665378146725,30.939447021484398,30.03555619981556,1.8077816433376737,36.62546491622925,18,2024-10-01
4,2020,10,26.788423558285384,27.4631575734992,27.12579056589229,0.6747340152138158,40.78579902648926,19,2020-10-01
4,2020,11,26.205556911892383,26.80277574327259,26.50416632758249,0.5972188313802084,40.78579902648926,18,2020-11-01
4,2020,12,28.03684146278785,29.8584212453742,28.947631354081025,1.8215797825863487,40.78579902648926,19,2020-12-01
4,2021,1,28.850498962402366,30.631004333496115,29.740751647949242,1.78050537109375,40.78579902648926,20,2021-01-01
4,2021,2,29.764998372395855,33.23611009385853,31.500554233127193,3.4711117214626737,40.78579902648926,18,2021-02-01
4,2021,3,29.230528500205615,32.34947477641861,30.790001638312113,3.1189462762129936,40.78579902648926,19,2021-03-01
4,2021,4,26.97736591539887,29.350000000000023,28.163682957699447,2.372634084601151,40.78579902648926,19,2021-04-01
4,2021,5,25.69842240182979,27.083684339021403,26.3910533704256,1.385261937191612,40.78579902648926,19,2021-05-01
4,2021,6,26.682631964432588,27.87105070415298,27.276841334292786,1.1884187397203947,40.78579902648926,19,2021-06-01
4,2021,7,26.168499755859397,26.9559997558594,26.562249755859398,0.7875,40.78579902648926,20,2021-07-01
4,2021,8,26.295262708162028,26.94368575246713,26.61947423031458,0.6484230443050987,40.78579902648926,19,2021-08-01
4,2021,9,28.186664835612003,28.503889973958355,28.34527740478518,0.3172251383463542,40.78579902648926,18,2021-09-01
4,2021,10,28.265787546258245,28.57262894479854,28.419208245528395,0.3068413985402961,40.78579902648926,19,2021-10-01
4,2021,11,27.17000089946548,27.647894929584726,27.408947914525104,0.4778940301192434,40.78579902648926,19,2021-11-01
4,2021,12,28.293499755859397,29.605499267578146,28.949499511718773,1.31199951171875,40.78579902648926,20,2021-12-01
4,2022,1,29.37631900185035,31.248945055509893,30.31263202868012,1.8726260536595394,40.78579902648926,19,2022-01-01
4,2022,2,30.097226291232662,32.89666646321617,31.496946377224415,2.799440171983507,40.78579902648926,18,2022-02-01
4,2022,3,29.311578369140648,34.0999983938117,31.705788381476175,4.788420024671052,40.78579902648926,19,2022-03-01
4,2022,4,26.138946854440814,31.0557944849918,28.597370669716305,4.916847630550987,40.78579902648926,19,2022-04-01
4,2022,5,25.20850067138674,27.409500122070334,26.30900039672854,2.200999450683594,40.78579902648926,20,2022-05-01
4,2022,6,24.70277981228301,25.105552503797767,24.904166158040386,0.4027726915147569,40.78579902648926,18,2022-06-01
4,2022,7,27.613686330694925,27.036314633018115,27.32500048185652,-0.5773716976768092,40.78579902648926,19,2022-07-01
4,2022,8,27.949999678762357,27.385260652240976,27.667630165501667,-0.5647390265213815,40.78579902648926,19,2022-08-01
4,2022,9,27.06421091180101,26.86684249074838,26.965526701274694,-0.19736842105263158,40.78579902648926,19,2022-09-01
4,2022,10,27.09789749948604,26.87158235248769,26.984739925986865,-0.22631514699835525,40.78579902648926,19,2022-10-01
4,2022,11,26.336843711451504,26.53315847296466,26.435001092208083,0.19631476151315788,40.78579902648926,19,2022-11-01
4,2022,12,29.039475611636536,29.443684146278805,29.24157987895767,0.40420853464226975,40.78579902648926,19,2022-12-01
4,2023,1,29.7452620656867,30.077367200349528,29.911314633018115,0.3321051346628289,40.78579902648926,19,2023-01-01
4,2023,2,32.84499850802953,33.155553860134575,33.000276184082054,0.3105553521050347,40.78579902648926,18,2023-02-01
4,2023,3,29.98100280761721,33.00550079345705,31.49325180053713,3.0244979858398438,40.78579902648926,20,2023-03-01
4,2023,4,29.961665513780403,32.37333238389759,31.167498948838997,2.4116668701171875,40.78579902648926,18,2023-04-01
4,2023,5,29.64473716334295,30.382106098375846,30.013421630859398,0.7373689350328947,40.78579902648926,19,2023-05-01
4,2023,6,28.965790116159564,28.646314440275518,28.80605227821754,-0.3194756758840461,40.78579902648926,19,2023-06-01
4,2023,7,29.576841976768115,28.98947015059624,29.283156063682178,-0.587371826171875,40.78579902648926,19,2023-07-01
4,2023,8,28.139501953125023,27.78650054931643,27.963001251220724,-0.35300140380859374,40.78579902648926,20,2023-08-01
4,2023,9,28.783887057834225,28.49833238389759,28.64110972086591,-0.2855546739366319,40.78579902648926,18,2023-09-01
4,2023,10,28.557895379317458,27.846317010176833,28.202106194747145,-0.711578369140625,40.78579902648926,19,2023-10-01
4,2023,11,28.922631835937523,28.670522910670254,28.796577373303887,-0.25210892526726975,40.78579902648926,19,2023-11-01
4,2023,12,29.413686973170254,31.291579718338838,30.352633345754544,1.8778927451685856,40.78579902648926,19,2023-12-01
4,2024,1,30.618094017392135,33.65238269624258,32.13523835681736,3.0342886788504466,40.78579902648926,21,2024-01-01
4,2024,2,31.043890041775196,36.35278049045141,33.698335266113304,5.308890448676215,40.78579902648926,18,2024-02-01
4,2024,3,32.35316097861844,40.22526341488489,36.28921219675167,7.872102436266448,40.78579902648926,19,2024-03-01
4,2024,4,30.008330281575542,38.27222086588544,34.14027557373049,8.263890584309896,40.78579902648926,18,2024-04-01
4,2024,5,27.490501403808615,34.32550354003909,30.90800247192385,6.835002136230469,40.78579902648926,20,2024-05-01
4,2024,6,26.721665106879364,28.207776217990475,27.464720662434917,1.4861111111111112,40.78579902648926,18,2024-06-01
4,2024,7,27.354739861739333,27.24105063990545,27.297895250822393,-0.11368922183388158,40.78579902648926,19,2024-07-01
4,2024,8,26.973501586914086,27.115998840332054,27.044750213623068,0.14249725341796876,40.78579902648926,20,2024-08-01
4,2024,9,27.872776285807316,28.088891601562523,27.980833943684917,0.21611531575520834,40.78579902648926,18,2024-09-01
4,2024,10,27.780557250976585,28.465554809570335,28.12305603027346,0.68499755859375,40.78579902648926,18,2024-10-01
5,2020,10,27.83947304173522,29.488422915810055,28.663947978772637,1.6489498740748356,9.813473999500276,19,2020-10-01
5,2020,11,28.462936580882374,29.093532068589177,28.778234324735777,0.6305954877068015,9.813473999500276,17,2020-11-01
5,2020,12,28.728417968750023,29.40315840871713,29.065788188733574,0.6747404399671053,9.813473999500276,19,2020-12-01
5,2021,1,28.89850006103518,30.726499938964867,29.81250000000002,1.8279998779296875,9.813473999500276,20,2021-01-01
5,2021,2,29.885000271267383,34.1255550808377,32.00527767605254,4.2405548095703125,9.813473999500276,18,2021-02-01
5,2021,3,30.007367907072393,35.67263504831417,32.84000147769328,5.6652671412417765,9.813473999500276,19,2021-03-01
5,2021,4,29.082632285670254,34.76736964175578,31.925000963713018,5.6847373560855265,9.813473999500276,19,2021-04-01
5,2021,5,28.237369256270583,32.95631360505759,30.596841430664085,4.718944348787007,9.813473999500276,19,2021-05-01
5,2021,6,28.416841527035384,32.06842233758226,30.24263193230882,3.651580810546875,9.813473999500276,19,2021-06-01
5,2021,7,27.26549987792971,29.25499725341799,28.26024856567385,1.9894973754882812,9.813473999500276,20,2021-07-01
5,2021,8,26.747894608347064,28.586837286698213,27.667365947522637,1.8389426783511513,9.813473999500276,19,2021-08-01
5,2021,9,28.317224121093773,30.54444274902346,29.430833435058616,2.2272186279296875,9.813473999500276,18,2021-09-01
5,2021,10,29.116840884560055,30.284213738692458,29.700527311626256,1.1673728541324013,9.813473999500276,19,2021-10-01
5,2021,11,29.02316155684624,29.3552618729441,29.18921171489517,0.33210031609786184,9.813473999500276,19,2021-11-01
5,2021,12,29.63350219726565,30.573498535156272,30.10350036621096,0.939996337890625,9.813473999500276,20,2021-12-01
5,2022,1,29.191051603618444,32.125263736122555,30.6581576698705,2.9342121325041117,9.813473999500276,19,2022-01-01
5,2022,2,29.653887261284744,34.30277574327259,31.978331502278667,4.648888481987847,9.813473999500276,18,2022-02-01
5,2022,3,30.485790373149694,37.141581003289495,33.81368568821959,6.655790630139802,9.813473999500276,19,2022-03-01
5,2022,4,28.801053017064167,35.5057890239515,32.153421020507835,6.704736006887336,9.813473999500276,19,2022-04-01
5,2022,5,26.75299987792971,32.9195022583008,29.836251068115256,6.166502380371094,9.813473999500276,20,2022-05-01
5,2022,6,25.746669175889778,31.59388631184898,28.67027774386938,5.847217135959202,9.813473999500276,18,2022-06-01
5,2022,7,27.278421823601995,31.21894948858966,29.24868565609583,3.9405276649876644,9.813473999500276,19,2022-07-01
5,2022,8,28.332633891858574,28.516315982216305,28.42447493703744,0.18368209035773025,9.813473999500276,19,2022-08-01
5,2022,9,27.060529528166143,28.231052117598708,27.645790822882425,1.1705225894325657,9.813473999500276,19,2022-09-01
5,2022,10,27.69368254009048,29.246320543791143,28.470001541940814,1.552638003700658,9.813473999500276,19,2022-10-01
5,2022,11,27.07263215717519,28.69157843338818,27.882105295281683,1.6189462762129934,9.813473999500276,19,2022-11-01
5,2022,12,29.241053852282096,31.55105462325249,30.39605423776729,2.3100007709703947,9.813473999500276,19,2022-12-01
5,2023,1,28.256842683490976,32.73158215974509,30.494212421618034,4.474739476254112,9.813473999500276,19,2023-01-01
5,2023,2,30.502223375108528,36.38111267089846,33.441668023003494,5.87888929578993,9.813473999500276,18,2023-02-01
5,2023,3,30.33800201416018,36.472000122070334,33.405001068115254,6.133998107910156,9.813473999500276,20,2023-03-01
5,2023,4,30.69999932183162,36.19444512261287,33.447222222222244,5.49444580078125,9.813473999500276,18,2023-04-01
5,2023,5,30.793685431229463,36.693684146278805,33.74368478875414,5.8999987150493425,9.813473999500276,19,2023-05-01
5,2023,6,28.80684171977798,33.75421335320726,31.28052753649262,4.9473716334292765,9.813473999500276,19,2023-06-01
5,2023,7,29.298948910361865,32.93052625154196,31.114737580951914,3.631577341180099,9.813473999500276,19,2023-07-01
5,2023,8,29.59250183105471,35.28450317382815,32.43850250244143,5.6920013427734375,9.813473999500276,20,2023-08-01
5,2023,9,29.676316431949036,35.299475740131605,32.487896086040315,5.623159308182566,9.813473999500276,19,2023-09-01
5,2023,10,28.603682989823213,30.13262971576894,29.368156352796074,1.5289467259457237,9.813473999500276,19,2023-10-01
5,2023,11,29.55263029399673,29.83737054122124,29.695000417608988,0.2847402472245066,9.813473999500276,19,2023-11-01
5,2023,12,30.63368337530841,30.37526052374591,30.50447194952716,-0.2584228515625,9.813473999500276,19,2023-12-01
5,2024,1,31.22600250244143,32.52750091552737,31.876751708984397,1.3014984130859375,9.813473999500276,20,2024-01-01
5,2024,2,31.59333190917971,34.481668090820335,33.03750000000002,2.888336181640625,9.813473999500276,18,2024-02-01
5,2024,3,32.29736842105265,36.912106483861045,34.604737452456845,4.614738062808388,9.813473999500276,19,2024-03-01
5,2024,4,30.604999796549503,35.956672498914955,33.28083614773223,5.351672702365452,9.813473999500276,18,2024-04-01
5,2024,5,28.36000213623049,33.69549560546877,31.02774887084963,5.335493469238282,9.813473999500276,20,2024-05-01
5,2024,6,26.06420930561269,31.140002120168607,28.602105712890648,5.075792814555921,9.813473999500276,19,2024-06-01
5,2024,7,27.189443630642383,32.14055616590714,29.66499989827476,4.951112535264757,9.813473999500276,18,2024-07-01
5,2024,8,28.22400054931643,28.834497070312523,28.529248809814476,0.61049652099609375,9.813473999500276,20,2024-08-01
5,2024,9,27.62470128676473,28.274117144416383,27.949409215590556,0.6494158576516544,9.813473999500276,17,2024-09-01
5,2024,10,29.39059196920958,30.572351074218773,29.981471521714177,1.1817591050091911,9.813473999500276,17,2024-10-01
6,2020,10,26.328422466077324,29.414732601768115,27.87157753392272,3.0863101356907894,152.9643783569336,19,2020-10-01
6,2020,11,26.401666259765648,29.51333685980905,27.95750155978735,3.1116706000434027,152.9643783569336,18,2020-11-01
6,2020,12,27.365265213815814,30.731578947368444,29.04842208059213,3.3663137335526314,152.9643783569336,19,2020-12-01
6,2021,1,27.757998657226587,31.507000732421897,29.63249969482424,3.7490020751953126,152.9643783569336,20,2021-01-01
6,2021,2,29.282776557074676,33.545000542534744,31.41388854980471,4.26222398546007,152.9643783569336,18,2021-02-01
6,2021,3,28.204736328125023,33.56631341231499,30.885524870220006,5.3615770841899675,152.9643783569336,19,2021-03-01
6,2021,4,26.258943577816634,31.26368825812091,28.761315917968773,5.0047446803042765,152.9643783569336,19,2021-04-01
6,2021,5,26.268948524876667,31.784734143708903,29.026841334292786,5.515785618832237,152.9643783569336,19,2021-05-01
6,2021,6,28.16894563373769,30.575788317228643,29.372366975483164,2.4068426834909538,152.9643783569336,19,2021-06-01
6,2021,7,27.75749969482424,29.997000122070336,28.87724990844729,2.2395004272460937,152.9643783569336,20,2021-07-01
6,2021,8,26.769998972039495,28.852632542660384,27.81131575734994,2.0826335706208883,152.9643783569336,19,2021-08-01
6,2021,9,28.136668565538216,30.341667005750892,29.239167785644554,2.2049984402126737,152.9643783569336,18,2021-09-01
6,2021,10,27.670000542534744,29.814445326063392,28.74222293429907,2.144444783528646,152.9643783569336,18,2021-10-01
6,2021,11,27.726839085629134,29.76631758840463,28.74657833701688,2.0394785027754936,152.9643783569336,19,2021-11-01
6,2021,12,28.17649841308596,29.877497863769555,29.026998138427757,1.7009994506835937,152.9643783569336,20,2021-12-01
6,2022,1,28.61053017064147,32.43052785773028,30.52052901418588,3.819997687088816,152.9643783569336,19,2022-01-01
6,2022,2,29.45555352105037,34.66833394368492,32.061943732367645,5.212780422634548,152.9643783569336,18,2022-02-01
6,2022,3,28.615787225020583,34.891581003289495,31.75368411415504,6.275793778268914,152.9643783569336,19,2022-03-01
6,2022,4,26.595790180407096,32.742102693256605,29.66894643683185,6.146312512849507,152.9643783569336,19,2022-04-01
6,2022,5,25.366999816894555,31.332499694824243,28.3497497558594,5.9654998779296875,152.9643783569336,20,2022-05-01
6,2022,6,25.586109415690128,27.830002509223114,26.70805596245662,2.243893093532986,152.9643783569336,18,2022-06-01
6,2022,7,26.688950709292786,28.30263029399673,27.49579050164476,1.6136795847039473,152.9643783569336,19,2022-07-01
6,2022,8,27.202630615234398,28.42000089946548,27.81131575734994,1.2173702842310856,152.9643783569336,19,2022-08-01
6,2022,9,26.693155710320745,27.836843711451504,27.264999710886126,1.1436880011307566,152.9643783569336,19,2022-09-01
6,2022,10,26.358999633789086,27.47099761962893,26.914998626709007,1.1119979858398437,152.9643783569336,20,2022-10-01
6,2022,11,25.756314247532917,26.84894634046055,26.30263029399673,1.0926320929276316,152.9643783569336,19,2022-11-01
6,2022,12,28.155789345189167,29.915265856291143,29.035527600740153,1.7594765111019737,152.9643783569336,19,2022-12-01
6,2023,1,27.865260395250846,32.45315583881581,30.15920811703333,4.5878954435649675,152.9643783569336,19,2023-01-01
6,2023,2,30.10389099121096,36.51888597276478,33.31138848198787,6.41499498155382,152.9643783569336,18,2023-02-01
6,2023,3,28.902497863769554,38.29699859619143,33.59974822998049,9.394500732421875,152.9643783569336,20,2023-03-01
6,2023,4,28.66055365668405,37.81833123101131,33.23944244384768,9.157777574327257,152.9643783569336,18,2023-04-01
6,2023,5,30.002628045333083,38.13578748201071,34.0692077636719,8.133159436677632,152.9643783569336,19,2023-05-01
6,2023,6,29.101052053351175,36.04684159128292,32.57394682231705,6.945789537931743,152.9643783569336,19,2023-06-01
6,2023,7,29.678948974609398,36.53315847296466,33.10605372378703,6.854209498355263,152.9643783569336,19,2023-07-01
6,2023,8,27.87350006103518,34.10799713134768,30.99074859619143,6.2344970703125,152.9643783569336,20,2023-08-01
6,2023,9,29.489473362972884,31.429474198190814,30.45947378058185,1.9400008352179277,152.9643783569336,19,2023-09-01
6,2023,10,28.31052792197782,29.903161621093773,29.106844771535794,1.592633699115954,152.9643783569336,19,2023-10-01
6,2023,11,29.28263485557157,30.949474455180944,30.116054655376256,1.666839599609375,152.9643783569336,19,2023-11-01
6,2023,12,31.3147345291941,33.12368324681334,32.21920888800372,1.8089487176192434,152.9643783569336,19,2023-12-01
6,2024,1,30.889500427246116,35.54799804687502,33.21874923706057,4.658497619628906,152.9643783569336,20,2024-01-01
6,2024,2,30.63055826822919,39.83889160156252,35.23472493489586,9.208333333333334,152.9643783569336,18,2024-02-01
6,2024,3,30.538418739720417,43.43263035824427,36.98552454898234,12.89421161852385,152.9643783569336,19,2024-03-01
6,2024,4,29.136665174696205,42.13500196668839,35.6358335706923,12.998336791992188,152.9643783569336,18,2024-04-01
6,2024,5,27.488999938964866,39.60950012207034,33.5492500305176,12.120500183105468,152.9643783569336,20,2024-05-01
6,2024,6,25.075788317228643,35.77315513209295,30.424471724660794,10.69736681486431,152.9643783569336,19,2024-06-01
6,2024,7,25.94666442871096,37.03610975477433,31.491387091742645,11.089445326063368,152.9643783569336,18,2024-07-01
6,2024,8,26.223684531764004,37.39210462068259,31.807894576223294,11.168420088918586,152.9643783569336,19,2024-08-01
6,2024,9,26.51470875459561,35.33470171760113,30.92470523609837,8.819992963005514,152.9643783569336,17,2024-09-01
6,2024,10,27.53388875325523,28.279441663954017,27.906665208604622,0.7455529106987847,152.9643783569336,18,2024-10-01
7,2020,10,28.329472913240153,30.7215804250617,29.525526669150928,2.3921075118215462,48.43452548980713,19,2020-10-01
7,2020,11,28.931110636393253,29.147222561306446,29.03916659884985,0.21611192491319445,48.43452548980713,18,2020-11-01
7,2020,12,29.52421200400907,32.05578966642683,30.79000083521795,2.5315776624177633,48.43452548980713,19,2020-12-01
7,2021,1,29.917002868652368,32.852003479003926,31.384503173828147,2.9350006103515627,48.43452548980713,20,2021-01-01
7,2021,2,32.721115790473114,34.48389078776044,33.602503289116775,1.7627749972873263,48.43452548980713,18,2021-02-01
7,2021,3,33.14578761050578,33.97052676552223,33.558157188014,0.8247391550164473,48.43452548980713,19,2021-03-01
7,2021,4,31.2826300370066,32.91894723992601,32.100788638466305,1.636317202919408,48.43452548980713,19,2021-04-01
7,2021,5,29.93105147512338,31.77368196186269,30.852366718493034,1.8426304867393093,48.43452548980713,19,2021-05-01
7,2021,6,29.841580360814167,30.45368427477387,30.14763231779402,0.612103913959704,48.43452548980713,19,2021-06-01
7,2021,7,28.95049743652346,29.079498291015646,29.014997863769555,0.1290008544921875,48.43452548980713,20,2021-07-01
7,2021,8,28.44631829512749,28.363683118318278,28.405000706722884,-0.08263517680921052,48.43452548980713,19,2021-08-01
7,2021,9,30.231111992730057,30.059998236762176,30.145555114746116,-0.17111375596788195,48.43452548980713,18,2021-09-01
7,2021,10,29.335790051912028,29.12789146021795,29.23184075606499,-0.20789859169407895,48.43452548980713,19,2021-10-01
7,2021,11,29.018423301295254,29.855788702713838,29.437106002004544,0.8373654014185855,48.43452548980713,19,2021-11-01
7,2021,12,30.226496887207055,33.00599822998049,31.616247558593773,2.7795013427734374,48.43452548980713,20,2021-12-01
7,2022,1,31.143159886410384,34.50000513980265,32.82158251310652,3.3568452533922697,48.43452548980713,19,2022-01-01
7,2022,2,33.61666598849828,36.51999986436634,35.06833292643231,2.9033338758680554,48.43452548980713,18,2022-02-01
7,2022,3,34.52105263157897,37.80841899671055,36.16473581414476,3.2873663651315788,48.43452548980713,19,2022-03-01
7,2022,4,31.860000128495088,35.55684011358966,33.70842012104237,3.6968399850945723,48.43452548980713,19,2022-04-01
7,2022,5,29.63099517822268,33.19300384521487,31.411999511718772,3.5620086669921873,48.43452548980713,20,2022-05-01
7,2022,6,27.86555379231773,27.61055569118926,27.738054741753494,-0.2549981011284722,48.43452548980713,18,2022-06-01
7,2022,7,29.332629073293607,29.193688964843773,29.26315901906869,-0.13894010844983554,48.43452548980713,19,2022-07-01
7,2022,8,29.765265535053476,30.137369577508245,29.951317556280863,0.37210404245476975,48.43452548980713,19,2022-08-01
7,2022,9,28.994733629728643,29.26473870528374,29.12973616750619,0.2700050755550987,48.43452548980713,19,2022-09-01
7,2022,10,29.62699890136721,29.994001770019555,29.810500335693384,0.36700286865234377,48.43452548980713,20,2022-10-01
7,2022,11,28.877893066406273,29.447895572060055,29.162894319233164,0.5700025056537829,48.43452548980713,19,2022-11-01
7,2022,12,31.888418418482754,31.890527343750023,31.889472881116387,0.002108925267269737,48.43452548980713,19,2022-12-01
7,2023,1,33.52315673828127,33.234738319798545,33.378947529039905,-0.28841841848273025,48.43452548980713,19,2023-01-01
7,2023,2,35.96833190917971,37.595000203450546,36.781666056315125,1.6266682942708333,48.43452548980713,18,2023-02-01
7,2023,3,34.865998840332054,39.41399841308596,37.13999862670901,4.547999572753906,48.43452548980713,20,2023-03-01
7,2023,4,34.711109415690125,39.43166503906252,37.07138722737633,4.7205556233723955,48.43452548980713,18,2023-04-01
7,2023,5,33.596839021381605,39.33368112664476,36.46526007401318,5.7368421052631575,48.43452548980713,19,2023-05-01
7,2023,6,31.2452620656867,36.53000070672289,33.887631386204795,5.284738641036184,48.43452548980713,19,2023-06-01
7,2023,7,30.72263247841285,33.05999948601976,31.891315982216305,2.337367007606908,48.43452548980713,19,2023-07-01
7,2023,8,30.8965026855469,33.26950378417971,32.083003234863305,2.3730010986328125,48.43452548980713,20,2023-08-01
7,2023,9,31.283685302734398,33.133156545538675,32.20842092413653,1.8494712428042763,48.43452548980713,19,2023-09-01
7,2023,10,30.57052483809624,30.059474262438346,30.31499955026729,-0.5110505756578947,48.43452548980713,19,2023-10-01
7,2023,11,31.448952443976175,29.782631643194925,30.61579204358555,-1.66632080078125,48.43452548980713,19,2023-11-01
7,2023,12,30.748949874074857,32.03473574989723,31.39184281198604,1.2857858758223684,48.43452548980713,19,2023-12-01
7,2024,1,32.48350067138674,33.945999145507834,33.21474990844729,1.4624984741210938,48.43452548980713,20,2024-01-01
7,2024,2,34.247777981228325,36.45999891493058,35.35388844807945,2.212220933702257,48.43452548980713,18,2024-02-01
7,2024,3,36.07473626387749,39.24105063990545,37.65789345189147,3.1663143760279606,48.43452548980713,19,2024-03-01
7,2024,4,33.87499898274742,37.51722446017797,35.6961117214627,3.6422254774305554,48.43452548980713,18,2024-04-01
7,2024,5,30.72650146484377,34.64050292968752,32.683502197265646,3.91400146484375,48.43452548980713,20,2024-05-01
7,2024,6,28.52473562140216,32.47842118112667,30.501578401264414,3.9536855597245064,48.43452548980713,19,2024-06-01
7,2024,7,28.546313155324857,31.941054815995088,30.243683985659974,3.3947416606702303,48.43452548980713,19,2024-07-01
7,2024,8,29.45650329589846,26.847998046875023,28.152250671386742,-2.6085052490234375,48.43452548980713,20,2024-08-01
7,2024,9,29.314705523322633,27.51588098862594,28.415293255974287,-1.7988245346966911,48.43452548980713,17,2024-09-01
7,2024,10,29.42944573296443,27.19888882107207,28.314167277018253,-2.230556911892361,48.43452548980713,18,2024-10-01
8,2020,10,27.471577212685055,30.252629651521403,28.86210343210323,2.781052438836349,37.08544862270355,19,2020-10-01
8,2020,11,27.832220119900196,30.668335639105926,29.25027787950306,2.836115519205729,37.08544862270355,18,2020-11-01
8,2020,12,30.066845060649694,32.568945954975355,31.317895507812523,2.502100894325658,37.08544862270355,19,2020-12-01
8,2021,1,32.13900146484377,33.52549896240237,32.83225021362307,1.3864974975585938,37.08544862270355,20,2021-01-01
8,2021,2,33.30666334364152,36.202220323350716,34.75444183349612,2.8955569797092013,37.08544862270355,18,2021-02-01
8,2021,3,32.277893387643935,35.37789146021795,33.82789242393094,3.0999980725740133,37.08544862270355,19,2021-03-01
8,2021,4,29.704737934313346,32.56368568821959,31.13421181126647,2.85894775390625,37.08544862270355,19,2021-04-01
8,2021,5,27.809474262438346,29.949999678762357,28.87973697060035,2.1405254163240133,37.08544862270355,19,2021-05-01
8,2021,6,27.80473761307568,30.2484214381168,29.02657952559624,2.4436838250411186,37.08544862270355,19,2021-06-01
8,2021,7,27.453501892089868,29.77300262451174,28.613252258300804,2.319500732421875,37.08544862270355,20,2021-07-01
8,2021,8,26.74157907586351,28.891579397101175,27.81657923648234,2.1500003212376644,37.08544862270355,19,2021-08-01
8,2021,9,28.113888888888912,30.600554402669292,29.357221645779102,2.486665513780382,37.08544862270355,18,2021-09-01
8,2021,10,28.645790822882425,31.550002569901338,30.09789669639188,2.9042117470189144,37.08544862270355,19,2021-10-01
8,2021,11,28.538418739720417,31.086845317639824,29.81263202868012,2.548426577919408,37.08544862270355,19,2021-11-01
8,2021,12,30.616497802734397,32.66250305175784,31.639500427246116,2.0460052490234375,37.08544862270355,20,2021-12-01
8,2022,1,32.02473562140216,34.601052053351175,33.31289383737667,2.5763164319490133,37.08544862270355,19,2022-01-01
8,2022,2,33.16055365668405,35.558331637912346,34.3594426472982,2.3977779812282987,37.08544862270355,18,2022-02-01
8,2022,3,32.258948396381605,34.520000578227815,33.38947448730471,2.261052181846217,37.08544862270355,19,2022-03-01
8,2022,4,29.16105282432157,30.525789280941634,29.8434210526316,1.3647364566200657,37.08544862270355,19,2022-04-01
8,2022,5,26.80999908447268,27.085501098632836,26.947750091552756,0.27550201416015624,37.08544862270355,20,2022-05-01
8,2022,6,26.013330078125023,25.935005018446205,25.974167548285614,-0.07832505967881945,37.08544862270355,18,2022-06-01
8,2022,7,27.271576248972064,27.803688772101175,27.537632510536618,0.5321125231291118,37.08544862270355,19,2022-07-01
8,2022,8,27.974212967722064,28.533685302734398,28.25394913522823,0.5594723350123355,37.08544862270355,19,2022-08-01
8,2022,9,28.063685688219596,29.457367264597064,28.76052647640833,1.393681576377467,37.08544862270355,19,2022-09-01
8,2022,10,28.63579230057568,30.14105256733144,29.388422433953558,1.5052602667557566,37.08544862270355,19,2022-10-01
8,2022,11,28.12684101305512,29.755789023951504,28.941315018503314,1.6289480108963816,37.08544862270355,19,2022-11-01
8,2022,12,31.173683889288675,33.14737291837996,32.16052840383431,1.973689029091283,37.08544862270355,19,2022-12-01
8,2023,1,32.18368562397206,34.15316162109377,33.16842362253292,1.9694759971217106,37.08544862270355,19,2023-01-01
8,2023,2,33.84222310384117,37.136109076605926,35.48916609022355,3.293885972764757,37.08544862270355,18,2023-02-01
8,2023,3,31.52400054931643,35.69850311279299,33.61125183105471,4.174502563476563,37.08544862270355,20,2023-03-01
8,2023,4,31.251667277018253,33.5644470214844,32.40805714925133,2.312779744466146,37.08544862270355,18,2023-04-01
8,2023,5,30.96263556229443,32.07894929584706,31.520792429070745,1.1163137335526316,37.08544862270355,19,2023-05-01
8,2023,6,29.30105462325249,29.5878989771793,29.444476800215895,0.28684435392680924,37.08544862270355,19,2023-06-01
8,2023,7,30.17157978258637,29.824211040296074,29.997895411441224,-0.3473687422902961,37.08544862270355,19,2023-07-01
8,2023,8,30.039500427246118,29.821502685546896,29.930501556396507,-0.21799774169921876,37.08544862270355,20,2023-08-01
8,2023,9,30.691583251953148,30.579994924444925,30.635789088199036,-0.11158832750822369,37.08544862270355,19,2023-09-01
8,2023,10,30.024738833778805,30.514735492907096,30.26973716334295,0.4899966591282895,37.08544862270355,19,2023-10-01
8,2023,11,30.484739925986865,30.972634084601175,30.72868700529402,0.48789415861430924,37.08544862270355,19,2023-11-01
8,2023,12,32.07894287109377,34.91842201634459,33.49868244371918,2.8394791452508223,37.08544862270355,19,2023-12-01
8,2024,1,34.413500976562524,36.229496765136744,35.32149887084963,1.8159957885742188,37.08544862270355,20,2024-01-01
8,2024,2,35.10278049045141,36.906666056315125,36.00472327338327,1.8038855658637152,37.08544862270355,18,2024-02-01
8,2024,3,35.44947284899262,37.97842278731499,36.713947818153805,2.5289499383223686,37.08544862270355,19,2024-03-01
8,2024,4,32.37110968695749,35.96111111111114,34.16611039903431,3.590001424153646,37.08544862270355,18,2024-04-01
8,2024,5,29.29949951171877,32.91849517822268,31.108997344970724,3.6189956665039063,37.08544862270355,20,2024-05-01
8,2024,6,26.95263382761104,29.91579268606088,28.43421325683596,2.9631588584498356,37.08544862270355,19,2024-06-01
8,2024,7,27.954737934313346,30.738946533203148,29.346842233758245,2.7842085988898027,37.08544862270355,19,2024-07-01
8,2024,8,28.664997863769553,30.741999816894555,29.703498840332053,2.077001953125,37.08544862270355,20,2024-08-01
8,2024,9,30.902352007697633,29.76059067670039,30.331471342199013,-1.1417613309972428,37.08544862270355,17,2024-09-01
8,2024,10,30.28833245171443,28.06555413140193,29.17694329155818,-2.2227783203125,37.08544862270355,18,2024-10-01
9,2020,10,28.62947194952716,29.156314568770583,28.89289325914887,0.526842619243421,46.992342948913574,19,2020-10-01
9,2020,11,28.80500183105471,29.465000406901066,29.135001118977886,0.6599985758463541,46.992342948913574,18,2020-11-01
9,2020,12,30.015785940069925,31.327372018914495,30.67157897949221,1.3115860788445723,46.992342948913574,19,2020-12-01
9,2021,1,30.528002929687524,31.64299774169924,31.085500335693382,1.1149948120117188,46.992342948913574,20,2021-01-01
9,2021,2,31.845554606119816,33.11222059461808,32.47888760036895,1.2666659884982638,46.992342948913574,18,2021-02-01
9,2021,3,31.373683246813346,32.68842227333473,32.03105276007403,1.3147390265213816,46.992342948913574,19,2021-03-01
9,2021,4,28.65105108963818,30.067368678042786,29.35920988384048,1.4163175884046053,46.992342948913574,19,2021-04-01
9,2021,5,27.37526212993423,28.31105314555923,27.84315763774673,0.935791015625,46.992342948913574,19,2021-05-01
9,2021,6,27.927896921258245,28.562103592722064,28.245000256990153,0.6342066714638158,46.992342948913574,19,2021-06-01
9,2021,7,27.446998596191428,27.356500244140648,27.401749420166038,-0.09049835205078124,46.992342948913574,20,2021-07-01
9,2021,8,26.7505255448191,26.549474133943278,26.64999983938119,-0.20105141087582237,46.992342948913574,19,2021-08-01
9,2021,9,27.591665310329883,27.51666497124568,27.554165140787784,-0.0750003390842014,46.992342948913574,18,2021-09-01
9,2021,10,27.86105218184624,28.86526360762749,28.363157894736865,1.00421142578125,46.992342948913574,19,2021-10-01
9,2021,11,27.619476639597064,29.89631765265216,28.757897146124613,2.276841013055099,46.992342948913574,19,2021-11-01
9,2021,12,29.338499450683617,32.5205017089844,30.929500579834006,3.1820022583007814,46.992342948913574,20,2021-12-01
9,2022,1,31.244738448293607,34.95368106239723,33.09920975534542,3.7089426141036186,46.992342948913574,19,2022-01-01
9,2022,2,31.94444512261287,35.24555697970922,33.59500105116105,3.301111857096354,46.992342948913574,18,2022-02-01
9,2022,3,31.15474050421466,35.23578716077305,33.19526383249386,4.081046656558388,46.992342948913574,19,2022-03-01
9,2022,4,28.17631964432568,31.998946661698213,30.087633153011947,3.822627017372533,46.992342948913574,19,2022-04-01
9,2022,5,26.051997375488305,29.49150085449221,27.771749114990257,3.439503479003906,46.992342948913574,20,2022-05-01
9,2022,6,25.84111260308162,26.401666259765648,26.121389431423633,0.5605536566840278,46.992342948913574,18,2022-06-01
9,2022,7,27.117894544099528,27.71947792454772,27.418686234323626,0.6015833804481908,46.992342948913574,19,2022-07-01
9,2022,8,27.691581645764824,29.01263138620479,28.352106515984808,1.321049740439967,46.992342948913574,19,2022-08-01
9,2022,9,27.28210641961351,29.55210507041532,28.417105745014414,2.269998650801809,46.992342948913574,19,2022-09-01
9,2022,10,27.918423622532917,30.42157817639805,29.17000089946548,2.5031545538651314,46.992342948913574,19,2022-10-01
9,2022,11,26.971577212685055,29.02263312088818,27.997105166786618,2.051055908203125,46.992342948913574,19,2022-11-01
9,2022,12,29.540526058799365,31.683160400390648,30.611843229595006,2.142634341591283,46.992342948913574,19,2022-12-01
9,2023,1,30.700524902343773,33.61210905376236,32.15631697805306,2.9115841514185856,46.992342948913574,19,2023-01-01
9,2023,2,32.44333123101131,35.753888278537346,34.09860975477433,3.3105570475260415,46.992342948913574,18,2023-02-01
9,2023,3,30.00100250244143,33.06699981689455,31.53400115966799,3.065997314453125,46.992342948913574,20,2023-03-01
9,2023,4,30.046109347873287,32.83444451226131,31.4402769300673,2.788335164388021,46.992342948913574,18,2023-04-01
9,2023,5,30.218947882401338,32.45789730674344,31.338422594572393,2.2389494243421053,46.992342948913574,19,2023-05-01
9,2023,6,28.497369384765648,29.81842073139394,29.15789505807979,1.3210513466282894,46.992342948913574,19,2023-06-01
9,2023,7,29.417895186574857,29.619470214843773,29.518682700709316,0.20157502826891446,46.992342948913574,19,2023-07-01
9,2023,8,28.989997863769553,29.24299926757815,29.11649856567385,0.25300140380859376,46.992342948913574,20,2023-08-01
9,2023,9,29.277368164062523,30.09894794664887,29.688158055355697,0.8215797825863487,46.992342948913574,19,2023-09-01
9,2023,10,28.4173667506168,29.364736777857754,28.891051764237275,0.947370027240954,46.992342948913574,19,2023-10-01
9,2023,11,29.106315532483574,30.66105282432157,29.88368417840257,1.5547372918379934,46.992342948913574,19,2023-11-01
9,2023,12,31.5389487818668,33.375262129934235,32.45710545590052,1.8363133480674343,46.992342948913574,19,2023-12-01
9,2024,1,32.79800109863284,35.68349914550784,34.24075012207034,2.885498046875,46.992342948913574,20,2024-01-01
9,2024,2,33.40722384982641,37.45222540961374,35.42972462972008,4.045001559787327,46.992342948913574,18,2024-02-01
9,2024,3,33.88210770456417,39.38579069438736,36.633949199475765,5.503682989823191,46.992342948913574,19,2024-03-01
9,2024,4,31.198332722981792,36.54166395399308,33.869998338487434,5.343331231011285,46.992342948913574,18,2024-04-01
9,2024,5,28.40749664306643,31.958001708984398,30.182749176025414,3.5505050659179687,46.992342948913574,20,2024-05-01
9,2024,6,25.67631161338407,28.57526469983555,27.125788156609808,2.8989530864514803,46.992342948913574,19,2024-06-01
9,2024,7,26.981048905222064,30.63000520405019,28.805527054636126,3.648956298828125,46.992342948913574,19,2024-07-01
9,2024,8,27.675999450683616,31.449499511718773,29.562749481201195,3.7735000610351563,46.992342948913574,20,2024-08-01
9,2024,9,28.53941183651197,32.15352962718293,30.34647073184745,3.614117790670956,46.992342948913574,17,2024-09-01
9,2024,10,27.038335842556446,30.306668429904537,28.67250213623049,3.26833258734809,46.992342948913574,18,2024-10-01
10,2020,10,26.31316046463818,28.7621077688117,27.53763411672494,2.4489473041735197,33.284361839294434,19,2020-10-01
10,2020,11,26.405557250976585,28.880554877387176,27.64305606418188,2.47499762641059,33.284361839294434,18,2020-11-01
10,2020,12,28.393680291426833,31.90631938733555,30.14999983938119,3.512639095908717,33.284361839294434,19,2020-12-01
10,2021,1,29.60649871826174,33.916499328613305,31.761499023437523,4.310000610351563,33.284361839294434,20,2021-01-01
10,2021,2,30.12055358886721,39.853333197699676,34.98694339328344,9.732779608832466,33.284361839294434,18,2021-02-01
10,2021,3,30.348421116879134,41.854736649362685,36.10157888312091,11.506315532483553,33.284361839294434,19,2021-03-01
10,2021,4,27.32210532740545,37.22316091437091,32.27263312088818,9.90105558696546,33.284361839294434,19,2021-04-01
10,2021,5,25.987897692228643,31.374738512541143,28.681318102384893,5.3868408203125,33.284361839294434,19,2021-05-01
10,2021,6,26.382628109580615,29.574206221731107,27.978417165655863,3.1915781121504936,33.284361839294434,19,2021-06-01
10,2021,7,25.84499664306643,28.0424987792969,26.943747711181665,2.1975021362304688,33.284361839294434,20,2021-07-01
10,2021,8,25.154208855879958,27.13631431178045,26.145261583830205,1.9821054559004934,33.284361839294434,19,2021-08-01
10,2021,9,26.70444471571183,28.90333624945749,27.80389048258466,2.19889153374566,33.284361839294434,18,2021-09-01
10,2021,10,27.80444573296443,30.374444580078148,29.08944515652129,2.569998847113715,33.284361839294434,18,2021-10-01
10,2021,11,27.883156545538675,30.956842041015648,29.41999929327716,3.073685495476974,33.284361839294434,19,2021-11-01
10,2021,12,29.673498535156273,33.19200286865237,31.432750701904318,3.518504333496094,33.284361839294434,20,2021-12-01
10,2022,1,30.858951287520583,35.47000154194081,33.1644764147307,4.61105025442023,33.284361839294434,19,2022-01-01
10,2022,2,30.420000542534744,37.66055535210506,34.0402779473199,7.2405548095703125,33.284361839294434,18,2022-02-01
10,2022,3,30.12052548057157,39.58421277497946,34.85236912777552,9.463687294407896,33.284361839294434,19,2022-03-01
10,2022,4,26.11631405479032,34.18894749691614,30.15263077585323,8.072633442125822,33.284361839294434,19,2022-04-01
10,2022,5,24.044998168945334,28.920997619628928,26.48299789428713,4.875999450683594,33.284361839294434,20,2022-05-01
10,2022,6,22.93833652072485,26.709439425998287,24.82388797336157,3.7711029052734375,33.284361839294434,18,2022-06-01
10,2022,7,24.692103656969596,28.56842233758226,26.630262997275928,3.8763186806126644,33.284361839294434,19,2022-07-01
10,2022,8,24.268424907483574,27.961053466796898,26.114739187140238,3.6926285593133223,33.284361839294434,19,2022-08-01
10,2022,9,26.026841334292786,33.661579654091305,29.844210494192044,7.63473831979852,33.284361839294434,19,2022-09-01
10,2022,10,26.808999633789085,35.13849945068362,30.97374954223635,8.329499816894531,33.284361839294434,20,2022-10-01
10,2022,11,25.920526123046898,33.93473767732321,29.927631900185055,8.014211554276315,33.284361839294434,19,2022-11-01
10,2022,12,31.506317459909564,33.531574771278805,32.51894611559418,2.0252573113692436,33.284361839294434,19,2022-12-01
10,2023,1,31.045265920538675,35.629475161903805,33.33737054122124,4.584209241365132,33.284361839294434,19,2023-01-01
10,2023,2,32.19222242567277,42.35166490342884,37.271943664550804,10.159442477756077,33.284361839294434,18,2023-02-01
10,2023,3,29.624502563476586,39.433502197265646,34.52900238037112,9.808999633789062,33.284361839294434,20,2023-03-01
10,2023,4,30.026671346028667,38.20611300998266,34.11639217800567,8.179441663953993,33.284361839294434,18,2023-04-01
10,2023,5,29.59210397820726,36.116842490748375,32.854473234477815,6.524738512541118,33.284361839294434,19,2023-05-01
10,2023,6,27.74684255499591,30.563155646073213,29.154999100534564,2.8163130910773027,33.284361839294434,19,2023-06-01
10,2023,7,28.869998650801833,34.096839021381605,31.483418836091715,5.22684037057977,33.284361839294434,19,2023-07-01
10,2023,8,27.97850036621096,35.48800048828127,31.733250427246116,7.509500122070312,33.284361839294434,20,2023-08-01
10,2023,9,29.28631623920644,37.41789036800989,33.35210330360817,8.131574128803454,33.284361839294434,19,2023-09-01
10,2023,10,27.9578940943668,32.887366365131605,30.4226302297492,4.929472270764802,33.284361839294434,19,2023-10-01
10,2023,11,30.256317459909564,32.58579005191203,31.421053755910794,2.329472592002467,33.284361839294434,19,2023-11-01
10,2023,12,33.28473574989723,35.60631874486022,34.44552724737872,2.3215829949629936,33.284361839294434,19,2023-12-01
10,2024,1,32.63599700927737,38.82550201416018,35.73074951171877,6.189505004882813,33.284361839294434,20,2024-01-01
10,2024,2,32.05889112684464,40.81500142415367,36.43694627549915,8.756110297309029,33.284361839294434,18,2024-02-01
10,2024,3,32.19842079564147,42.927365272923545,37.5628930342825,10.728944477282072,33.284361839294434,19,2024-03-01
10,2024,4,29.4983340793186,39.79277784559464,34.64555596245662,10.294443766276041,33.284361839294434,18,2024-04-01
10,2024,5,26.75000152587893,35.47449493408205,31.11224822998049,8.724493408203125,33.284361839294434,20,2024-05-01
10,2024,6,23.870001863178476,31.0947349146793,27.482368388928887,7.224733051500823,33.284361839294434,19,2024-06-01
10,2024,7,24.89105256733144,32.07052162571959,28.480787096525518,7.1794690583881575,33.284361839294434,19,2024-07-01
10,2024,8,25.8414978027344,32.67000427246096,29.25575103759768,6.8285064697265625,33.284361839294434,20,2024-08-01
10,2024,9,26.352942253561604,32.818234791475206,29.585588522518407,6.465292537913603,33.284361839294434,17,2024-09-01
10,2024,10,27.211112806532142,28.769998168945335,27.99055548773874,1.5588853624131944,33.284361839294434,18,2024-10-01
11,2020,10,27.5900030838816,27.318419125205615,27.454211104543607,-0.27158395867598684,79.73870658874512,19,2020-10-01
11,2020,11,27.88110758463544,27.592221408420162,27.7366644965278,-0.2888861762152778,79.73870658874512,18,2020-11-01
11,2020,12,28.172627017372555,27.874213288959726,28.023420153166143,-0.2984137284128289,79.73870658874512,19,2020-12-01
11,2021,1,28.987998962402365,29.501496887207054,29.24474792480471,0.5134979248046875,79.73870658874512,20,2021-01-01
11,2021,2,31.619446478949676,34.70889010959203,33.16416829427086,3.089443630642361,79.73870658874512,18,2021-02-01
11,2021,3,31.603162584806768,34.64368350380348,33.12342304430512,3.0405209189967106,79.73870658874512,19,2021-03-01
11,2021,4,30.207367264597064,32.92473754882815,31.566052406712604,2.7173702842310856,79.73870658874512,19,2021-04-01
11,2021,5,28.892631450452324,30.72631546823604,29.809473459344183,1.833684017783717,79.73870658874512,19,2021-05-01
11,2021,6,28.905264121607754,30.127893066406273,29.51657859400701,1.2226289447985197,79.73870658874512,19,2021-06-01
11,2021,7,28.163003540039085,29.44749908447268,28.805251312255884,1.2844955444335937,79.73870658874512,20,2021-07-01
11,2021,8,27.703687487150518,29.034735749897226,28.36921161852387,1.3310482627467106,79.73870658874512,19,2021-08-01
11,2021,9,29.348889499240475,30.979999796549503,30.16444464789499,1.6311102973090277,79.73870658874512,18,2021-09-01
11,2021,10,28.51631437602798,30.338419382195745,29.427366879111865,1.822105006167763,79.73870658874512,19,2021-10-01
11,2021,11,27.812633634868444,29.466842169510713,28.63973790218958,1.6542085346422697,79.73870658874512,19,2021-11-01
11,2021,12,29.315998840332053,31.073497009277368,30.19474792480471,1.7574981689453124,79.73870658874512,20,2021-12-01
11,2022,1,30.388946854440814,32.258948396381605,31.323947625411208,1.8700015419407894,79.73870658874512,19,2022-01-01
11,2022,2,31.594447496202278,33.647224256727455,32.62083587646487,2.0527767605251737,79.73870658874512,18,2022-02-01
11,2022,3,32.787893516139,33.93316040039065,33.36052695826483,1.1452668842516447,79.73870658874512,19,2022-03-01
11,2022,4,30.603682989823213,30.631577662417786,30.6176303261205,0.02789467259457237,79.73870658874512,19,2022-04-01
11,2022,5,28.28949890136721,28.314500427246116,28.301999664306663,0.02500152587890625,79.73870658874512,20,2022-05-01
11,2022,6,26.703330824110267,26.706664021809917,26.70499742296009,0.003333197699652778,79.73870658874512,18,2022-06-01
11,2022,7,27.664737420333083,28.2484214381168,27.95657942922494,0.5836840177837171,79.73870658874512,19,2022-07-01
11,2022,8,28.151577919407917,28.888950066817458,28.52026399311269,0.7373721474095395,79.73870658874512,19,2022-08-01
11,2022,9,27.3721075760691,28.585260009765648,27.978683792917376,1.213152433696546,79.73870658874512,19,2022-09-01
11,2022,10,27.87299957275393,29.30549926757815,28.589249420166038,1.4324996948242188,79.73870658874512,20,2022-10-01
11,2022,11,27.399999036287028,28.756842683490976,28.078420859889004,1.3568436472039473,79.73870658874512,19,2022-11-01
11,2022,12,29.152106355365976,30.53736989874591,29.844738127055944,1.3852635433799343,79.73870658874512,19,2022-12-01
11,2023,1,29.87841989617601,32.18315558182568,31.030787739000846,2.3047356856496712,79.73870658874512,19,2023-01-01
11,2023,2,32.052224731445335,37.11721869574655,34.58472171359594,5.064993964301215,79.73870658874512,18,2023-02-01
11,2023,3,31.613003540039085,39.07799987792971,35.3455017089844,7.464996337890625,79.73870658874512,20,2023-03-01
11,2023,4,32.140000067816864,39.166112942165825,35.65305650499134,7.026112874348958,79.73870658874512,18,2023-04-01
11,2023,5,32.15526412160775,39.07368421052634,35.61447416606705,6.918420088918586,79.73870658874512,19,2023-05-01
11,2023,6,30.932108347039495,37.06631501850331,33.9992116827714,6.134206671463816,79.73870658874512,19,2023-06-01
11,2023,7,29.442632092927653,31.994738448293607,30.71868527061063,2.5521063553659538,79.73870658874512,19,2023-07-01
11,2023,8,28.699497985839866,30.082499694824243,29.390998840332053,1.383001708984375,79.73870658874512,20,2023-08-01
11,2023,9,28.48473831979854,29.964741275185055,29.2247397974918,1.480002955386513,79.73870658874512,19,2023-09-01
11,2023,10,27.39947060032897,28.271579461348708,27.835525030838838,0.8721088610197368,79.73870658874512,19,2023-10-01
11,2023,11,28.67842214483966,29.068947561163675,28.873684853001667,0.39052541632401316,79.73870658874512,19,2023-11-01
11,2023,12,30.062628816303476,33.886839535361865,31.97473417583267,3.8242107190583883,79.73870658874512,19,2023-12-01
11,2024,1,31.529998779296896,35.23899993896487,33.384499359130885,3.709001159667969,79.73870658874512,20,2024-01-01
11,2024,2,32.76722446017797,35.932226223415825,34.3497253417969,3.1650017632378473,79.73870658874512,18,2024-02-01
11,2024,3,33.66631469726565,40.58368112664476,37.124997911955205,6.917366429379112,79.73870658874512,19,2024-03-01
11,2024,4,31.649446953667557,39.24222208658856,35.44583452012806,7.592775132921007,79.73870658874512,18,2024-04-01
11,2024,5,29.029003906250022,35.92100067138674,32.47500228881838,6.891996765136719,79.73870658874512,20,2024-05-01
11,2024,6,27.025262451171898,33.36368311831828,30.194472784745088,6.338420667146382,79.73870658874512,19,2024-06-01
11,2024,7,28.323155774568278,33.84210397820726,31.08262987638777,5.51894820363898,79.73870658874512,19,2024-07-01
11,2024,8,28.881999206542993,33.76250152587893,31.32225036621096,4.880502319335937,79.73870658874512,20,2024-08-01
11,2024,9,28.10166659884985,29.170558336046028,28.63611246744794,1.0688917371961806,79.73870658874512,18,2024-09-01
11,2024,10,28.40588307100186,29.541174675436604,28.973528873219234,1.1352916044347428,79.73870658874512,17,2024-10-01
12,2020,10,27.619471821032096,28.281579589843773,27.950525705437933,0.6621077688116777,50.658592224121094,19,2020-10-01
12,2020,11,27.956107923719642,28.856113688151066,28.406110805935352,0.9000057644314237,50.658592224121094,18,2020-11-01
12,2020,12,29.981048905222064,31.23420988384048,30.607629394531273,1.253160978618421,50.658592224121094,19,2020-12-01
12,2021,1,30.88350219726565,32.79100036621096,31.837251281738304,1.9074981689453125,50.658592224121094,20,2021-01-01
12,2021,2,32.31277703179256,36.788330756293426,34.55055389404299,4.475553724500868,50.658592224121094,18,2021-02-01
12,2021,3,32.38105565121302,38.229998458059235,35.30552705463612,5.8489428068462175,50.658592224121094,19,2021-03-01
12,2021,4,29.50420692845397,34.03157798365545,31.76789245605471,4.52737105520148,50.658592224121094,19,2021-04-01
12,2021,5,27.388420024671074,30.272629908511536,28.830524966591305,2.8842098838404606,50.658592224121094,19,2021-05-01
12,2021,6,28.071576891447393,29.42157817639805,28.74657753392272,1.350001284950658,50.658592224121094,19,2021-06-01
12,2021,7,27.063000488281272,27.43499755859377,27.248999023437523,0.3719970703125,50.658592224121094,20,2021-07-01
12,2021,8,26.318947561163675,26.62841828998769,26.47368292557568,0.30947072882401316,50.658592224121094,19,2021-08-01
12,2021,9,26.471665106879364,26.806668429904537,26.63916676839195,0.3350033230251736,50.658592224121094,18,2021-09-01
12,2021,10,27.52526566354854,27.910000770970417,27.71763321725948,0.384735107421875,50.658592224121094,19,2021-10-01
12,2021,11,26.786839856599528,28.96210712633637,27.87447349146795,2.175267269736842,50.658592224121094,19,2021-11-01
12,2021,12,29.31100006103518,32.4424987792969,30.87674942016604,3.1314987182617187,50.658592224121094,20,2021-12-01
12,2022,1,30.934737677323213,35.64000051398028,33.28736909565175,4.705262836657073,50.658592224121094,19,2022-01-01
12,2022,2,32.109443495008705,37.653331163194466,34.881387329101585,5.543887668185764,50.658592224121094,18,2022-02-01
12,2022,3,31.66473581414476,38.69894923159953,35.181842522872145,7.03421341745477,50.658592224121094,19,2022-03-01
12,2022,4,28.44157843338818,34.895790822882425,31.668684628135303,6.454212389494243,50.658592224121094,19,2022-04-01
12,2022,5,26.113504028320335,31.927505493164084,29.02050476074221,5.81400146484375,50.658592224121094,20,2022-05-01
12,2022,6,24.956664021809917,30.688887532552105,27.82277577718101,5.7322235107421875,50.658592224121094,18,2022-06-01
12,2022,7,26.736840820312523,29.982631000719596,28.359735910516058,3.2457901804070723,50.658592224121094,19,2022-07-01
12,2022,8,27.542106548108574,29.162628495065814,28.352367521587194,1.620521946957237,50.658592224121094,19,2022-08-01
12,2022,9,27.042104941920254,28.954206285978643,27.998155613949447,1.912101344058388,50.658592224121094,19,2022-09-01
12,2022,10,27.672101793791143,29.914210590563346,28.793156192177243,2.2421087967722038,50.658592224121094,19,2022-10-01
12,2022,11,26.458420924136536,28.687890625000023,27.573155774568278,2.2294697008634867,50.658592224121094,19,2022-11-01
12,2022,12,30.085793264288675,33.25736790707239,31.671580585680534,3.171574642783717,50.658592224121094,19,2022-12-01
12,2023,1,31.105785490337194,34.14737452456828,32.62658000745274,3.0415890342310856,50.658592224121094,19,2023-01-01
12,2023,2,33.95610961914065,38.8205505371094,36.38833007812502,4.86444091796875,50.658592224121094,18,2023-02-01
12,2023,3,31.19800262451174,38.711500549316426,34.954751586914085,7.513497924804687,50.658592224121094,20,2023-03-01
12,2023,4,31.585555013020855,39.00610928005645,35.29583214653865,7.42055426703559,50.658592224121094,18,2023-04-01
12,2023,5,30.453687487150518,35.3331526906867,32.89342008891861,4.879465203536184,50.658592224121094,19,2023-05-01
12,2023,6,28.041576505962194,30.592634020353643,29.317105263157917,2.5510575143914473,50.658592224121094,19,2023-06-01
12,2023,7,29.04473587839229,29.692105263157917,29.368420570775104,0.647369384765625,50.658592224121094,19,2023-07-01
12,2023,8,28.195001220703148,28.526499938964868,28.360750579834008,0.33149871826171873,50.658592224121094,20,2023-08-01
12,2023,9,29.304739219264004,30.418423622532917,29.86158142089846,1.1136844032689144,50.658592224121094,19,2023-09-01
12,2023,10,28.31105153937091,32.16895045230265,30.240000995836784,3.8578989129317436,50.658592224121094,19,2023-10-01
12,2023,11,29.2163169459293,30.83052657277963,30.023421759354463,1.614209626850329,50.658592224121094,19,2023-11-01
12,2023,12,32.16315532483555,32.69105160361844,32.427103464226995,0.5278962787828947,50.658592224121094,19,2023-12-01
12,2024,1,33.2445007324219,35.43949890136721,34.34199981689456,2.1949981689453124,50.658592224121094,20,2024-01-01
12,2024,2,34.34111599392364,39.33277621799047,36.836946105957054,4.99166022406684,50.658592224121094,18,2024-02-01
12,2024,3,35.141050961143115,40.28473896227387,37.71289496170849,5.143688001130757,50.658592224121094,19,2024-03-01
12,2024,4,32.38166537814672,36.33444620768231,34.35805579291452,3.95278082953559,50.658592224121094,18,2024-04-01
12,2024,5,28.480499267578146,31.141999816894554,29.81124954223635,2.6615005493164063,50.658592224121094,20,2024-05-01
12,2024,6,25.380525609066634,27.731578947368444,26.55605227821754,2.351053338301809,50.658592224121094,19,2024-06-01
12,2024,7,26.263683439555944,28.865265213815814,27.56447432668588,2.6015817742598686,50.658592224121094,19,2024-07-01
12,2024,8,27.454498291015646,29.87699890136721,28.665748596191428,2.4225006103515625,50.658592224121094,20,2024-08-01
12,2024,9,27.913530417049657,31.3070635627298,29.61029698988973,3.393533145680147,50.658592224121094,17,2024-09-01
12,2024,10,26.94055582682294,28.96110772026912,27.950831773546028,2.0205518934461804,50.658592224121094,18,2024-10-01
13,2020,10,28.412706491565373,31.323155774568278,29.867931133066826,2.9104492830029054,31.72288942337036,19,2020-10-01
13,2020,11,28.69492598574412,31.524443562825542,30.109684774284833,2.8295175770814214,31.72288942337036,18,2020-11-01
13,2020,12,30.00595614290725,32.34157714843752,31.173766645672387,2.3356210055302724,31.72288942337036,19,2020-12-01
13,2021,1,31.598551641526914,33.216001892089864,32.40727676680839,1.6174502505629533,31.72288942337036,20,2021-01-01
13,2021,2,34.81420697876023,35.70999552408856,35.2621012514244,0.8957885453283344,31.72288942337036,18,2021-02-01
13,2021,3,34.950485627457894,36.068947561163675,35.50971659431078,1.1184619337057806,31.72288942337036,19,2021-03-01
13,2021,4,31.65986539838638,32.85368298982321,32.2567741941048,1.1938175914368325,31.72288942337036,19,2021-04-01
13,2021,5,28.80962049157052,31.926313219572393,30.367966855571456,3.116692728001872,31.72288942337036,19,2021-05-01
13,2021,6,28.18165086099126,31.102104106702324,29.641877483846795,2.9204532457110632,31.72288942337036,19,2021-06-01
13,2021,7,27.94091542392412,30.313999938964866,29.127457681444493,2.3730845150407447,31.72288942337036,20,2021-07-01
13,2021,8,27.286082876331875,29.41315693102387,28.349619903677873,2.1270740546919966,31.72288942337036,19,2021-08-01
13,2021,9,28.753823215818812,30.904443359375023,29.829133287596918,2.1506201435562105,31.72288942337036,18,2021-09-01
13,2021,10,28.584394105533725,30.535792621813346,29.560093363673534,1.9513985162796201,31.72288942337036,19,2021-10-01
13,2021,11,29.26166594090419,30.80684011358966,30.034253027246926,1.5451741726854702,31.72288942337036,19,2021-11-01
13,2021,12,30.278529156557628,32.422003173828145,31.350266165192888,2.1434740172705204,31.72288942337036,20,2021-12-01
13,2022,1,31.71334997711568,34.57210532740545,33.14272765226057,2.85875535028977,31.72288942337036,19,2022-01-01
13,2022,2,34.4724132986646,37.43166673448353,35.95204001657407,2.9592534358189306,31.72288942337036,18,2022-02-01
13,2022,3,35.26191540846754,40.10999852230677,37.685956965387156,4.848083113839227,31.72288942337036,19,2022-03-01
13,2022,4,31.632087925853348,36.89736970600331,34.26472881592833,5.265281780149965,31.72288942337036,19,2022-04-01
13,2022,5,28.19756386485729,32.92200012207034,30.55978199346381,4.724436257213045,31.72288942337036,20,2022-05-01
13,2022,6,26.40591578082636,30.106108601888042,28.2560121913572,3.700192821061686,31.72288942337036,18,2022-06-01
13,2022,7,27.61550201826239,31.284212132504134,29.449857075383264,3.668710114241743,31.72288942337036,19,2022-07-01
13,2022,8,27.838599577360075,31.503686523437523,29.671143050398797,3.6650869460774484,31.72288942337036,19,2022-08-01
13,2022,9,28.202881060316425,29.38263132195726,28.792756191136842,1.1797502616408337,31.72288942337036,19,2022-09-01
13,2022,10,28.56487885177743,29.397000122070335,28.98093948692388,0.8321212702929074,31.72288942337036,20,2022-10-01
13,2022,11,27.6618568673089,28.84368446751647,28.252770667412683,1.181827600207573,31.72288942337036,19,2022-11-01
13,2022,12,30.654384177290382,31.416844739412028,31.035614458351205,0.762460562121646,31.72288942337036,19,2022-12-01
13,2023,1,31.05472481922759,32.584209562602815,31.819467190915205,1.5294847433752292,31.72288942337036,19,2023-01-01
13,2023,2,33.483204339675034,37.384442477756096,35.43382340871557,3.9012381380810677,31.72288942337036,18,2023-02-01
13,2023,3,32.34777243586759,38.249499511718774,35.29863597379318,5.9017270758511815,31.72288942337036,20,2023-03-01
13,2023,4,32.067163645575114,37.03610975477433,34.55163670017472,4.968946109199215,31.72288942337036,18,2023-04-01
13,2023,5,32.335523672446904,38.383684981496735,35.35960432697182,6.048161309049832,31.72288942337036,19,2023-05-01
13,2023,6,29.90324053595067,36.0252624511719,32.964251493561285,6.122021915221228,31.72288942337036,19,2023-06-01
13,2023,7,29.83074063556408,36.188415848581435,33.009578242072756,6.357675213017357,31.72288942337036,19,2023-07-01
13,2023,8,29.752948208023916,35.37949981689455,32.56622401245924,5.626551608870639,31.72288942337036,20,2023-08-01
13,2023,9,30.519940392522912,35.79684159128292,33.15839099190291,5.276901198760006,31.72288942337036,19,2023-09-01
13,2023,10,29.67439025116232,31.368944991262357,30.521667621212337,1.6945547401000394,31.72288942337036,19,2023-10-01
13,2023,11,30.375056942804974,30.10947329872535,30.242265120765165,-0.2655836440796227,31.72288942337036,19,2023-11-01
13,2023,12,32.37963243730626,32.28526418585528,32.33244831158078,-0.09436825145097541,31.72288942337036,19,2023-12-01
13,2024,1,34.486583612169845,35.27550201416018,34.88104281316501,0.7889184019903354,31.72288942337036,20,2024-01-01
13,2024,2,35.73483400988881,38.05111253526478,36.892973272576796,2.316278525375973,31.72288942337036,18,2024-02-01
13,2024,3,37.0536214540261,42.30052779348275,39.67707462375443,5.246906339456652,31.72288942337036,19,2024-03-01
13,2024,4,34.30006666329039,40.8638854980469,37.58197608066864,6.563818834756511,31.72288942337036,18,2024-04-01
13,2024,5,31.329359142174788,37.5914993286133,34.460429235394045,6.262140186438515,31.72288942337036,20,2024-05-01
13,2024,6,27.820595180332486,32.56579140111022,30.193193290721354,4.745196220777736,31.72288942337036,19,2024-06-01
13,2024,7,28.57124474468554,33.335263222142295,30.953253983413916,4.7640184774567516,31.72288942337036,19,2024-07-01
13,2024,8,29.460882468579943,33.971577212685055,31.716229840632497,4.5106947441051135,31.72288942337036,19,2024-08-01
13,2024,9,29.470292744117923,30.259998276654436,29.865145510386178,0.7897055325365125,31.72288942337036,17,2024-09-01
13,2024,10,28.57167317125999,28.306665039062523,28.439169105161255,-0.2650081321974685,31.72288942337036,18,2024-10-01
14,2020,10,27.383151726973708,27.90316001490545,27.64315587093958,0.5200082879317435,4.86187744140625,19,2020-10-01
14,2020,11,27.228331502278667,27.87222357855905,27.55027754041886,0.6438920762803819,4.86187744140625,18,2020-11-01
14,2020,12,29.2826300370066,30.51946732370479,29.901048680355697,1.2368372866981907,4.86187744140625,19,2020-12-01
14,2021,1,30.3570007324219,33.7289978027344,32.042999267578146,3.3719970703125,4.86187744140625,20,2021-01-01
14,2021,2,31.849445597330753,38.01277737087676,34.93111148410375,6.163331773546007,4.86187744140625,18,2021-02-01
14,2021,3,32.085264828330615,39.44210686934624,35.76368584883843,7.356842041015625,4.86187744140625,19,2021-03-01
14,2021,4,28.85684075606499,35.59526174444903,32.226051250257015,6.738420988384046,4.86187744140625,19,2021-04-01
14,2021,5,26.995265278063346,32.30052779348275,29.64789653577305,5.3052625154194075,4.86187744140625,19,2021-05-01
14,2021,6,28.05894903885693,30.9663169459293,29.512632992393115,2.9073679070723686,4.86187744140625,19,2021-06-01
14,2021,7,27.12350006103518,29.409997558593773,28.266748809814477,2.2864974975585937,4.86187744140625,20,2021-07-01
14,2021,8,26.405265727796074,28.70000128495068,27.55263350637338,2.2947355571546053,4.86187744140625,19,2021-08-01
14,2021,9,26.753889973958355,29.495555284288216,28.124722629123287,2.741665310329861,4.86187744140625,18,2021-09-01
14,2021,10,27.109476511101995,30.101048840974528,28.60526267603826,2.991572329872533,4.86187744140625,19,2021-10-01
14,2021,11,27.345788574218773,30.340528307463018,28.843158440840895,2.9947397332442436,4.86187744140625,19,2021-11-01
14,2021,12,29.028002929687524,33.33600158691409,31.182002258300805,4.3079986572265625,4.86187744140625,20,2021-12-01
14,2022,1,31.191580039576504,36.18421084755348,33.68789544356499,4.9926308079769735,4.86187744140625,19,2022-01-01
14,2022,2,31.732224188910614,38.911111450195335,35.32166781955297,7.178887261284722,4.86187744140625,18,2022-02-01
14,2022,3,31.626845831620088,42.07842407226565,36.85263495194287,10.45157824064556,4.86187744140625,19,2022-03-01
14,2022,4,27.93158151726976,38.347369063527985,33.13947529039887,10.415787546258224,4.86187744140625,19,2022-04-01
14,2022,5,25.556005859375023,35.32100372314456,30.43850479125979,9.764997863769532,4.86187744140625,20,2022-05-01
14,2022,6,24.629995388454883,24.598338487413216,24.61416693793405,-0.031656901041666664,4.86187744140625,18,2022-06-01
14,2022,7,26.438420667146403,26.78631623920644,26.61236845317642,0.3478955720600329,4.86187744140625,19,2022-07-01
14,2022,8,26.395792429070745,30.6947394120066,28.545265920538675,4.298946982935855,4.86187744140625,19,2022-08-01
14,2022,9,26.178420538651338,27.07526469983555,26.626842619243444,0.8968441611842105,4.86187744140625,19,2022-09-01
14,2022,10,26.486499023437524,26.176501464843774,26.33150024414065,-0.30999755859375,4.86187744140625,20,2022-10-01
14,2022,11,25.943684146278805,26.307365337171074,26.12552474172494,0.36368119089226975,4.86187744140625,19,2022-11-01
14,2022,12,29.755263800370088,31.781579589843773,30.76842169510693,2.026315789473684,4.86187744140625,19,2022-12-01
14,2023,1,30.536843068976175,33.900000642475355,32.218421855725765,3.3631575734991777,4.86187744140625,19,2023-01-01
14,2023,2,33.2255560980903,39.56667141384551,36.3961137559679,6.341115315755208,4.86187744140625,18,2023-02-01
14,2023,3,30.54699859619143,38.18849792480471,34.36774826049807,7.641499328613281,4.86187744140625,20,2023-03-01
14,2023,4,30.932778930664085,36.7388871934679,33.835833062065994,5.80610826280382,4.86187744140625,18,2023-04-01
14,2023,5,30.16631790964229,34.01315660978621,32.08973725971425,3.8468387001439144,4.86187744140625,19,2023-05-01
14,2023,6,27.9326255396793,30.454739540501667,29.19368254009048,2.5221140008223686,4.86187744140625,19,2023-06-01
14,2023,7,28.4715804250617,30.661051218133245,29.566315821597474,2.1894707930715462,4.86187744140625,19,2023-07-01
14,2023,8,28.002998352050803,29.657998657226585,28.830498504638694,1.6550003051757813,4.86187744140625,20,2023-08-01
14,2023,9,28.92526116622124,30.52052901418588,29.722895090203558,1.595267847964638,4.86187744140625,19,2023-09-01
14,2023,10,27.91052438836351,29.734735107421898,28.822629747892705,1.824210719058388,4.86187744140625,19,2023-10-01
14,2023,11,29.034213738692458,31.05999948601976,30.047106612356107,2.0257857473273027,4.86187744140625,19,2023-11-01
14,2023,12,31.144733950966305,34.23210577713818,32.68841986405224,3.087371826171875,4.86187744140625,19,2023-12-01
14,2024,1,32.53600311279299,37.29550018310549,34.91575164794924,4.7594970703125,4.86187744140625,20,2024-01-01
14,2024,2,33.56222093370228,40.17500033908422,36.86861063639325,6.612779405381945,4.86187744140625,18,2024-02-01
14,2024,3,34.516315982216305,44.47000154194081,39.49315876207856,9.953685559724507,4.86187744140625,19,2024-03-01
14,2024,4,31.734446885850716,40.80833672417537,36.271391805013046,9.073889838324654,4.86187744140625,18,2024-04-01
14,2024,5,28.076496887207053,34.10149841308596,31.088997650146506,6.025001525878906,4.86187744140625,20,2024-05-01
14,2024,6,24.613157894736865,28.901052695826504,26.757105295281683,4.287894801089638,4.86187744140625,19,2024-06-01
14,2024,7,25.521049419202324,29.580002955386536,27.55052618729443,4.058953536184211,4.86187744140625,19,2024-07-01
14,2024,8,26.215998840332055,28.740000915527368,27.47799987792971,2.5240020751953125,4.86187744140625,20,2024-08-01
14,2024,9,27.53812179565432,30.07437667846682,28.80624923706057,2.5362548828125,4.86187744140625,16,2024-09-01
14,2024,10,26.35666639539933,27.862222290039085,27.109444342719208,1.505555894639757,4.86187744140625,18,2024-10-01
15,2020,10,27.332633891858574,29.500005139802653,28.416319515830615,2.1673712479440788,85.35719108581543,19,2020-10-01
15,2020,11,26.973889499240475,28.320001220703148,27.64694535997181,1.3461117214626737,85.35719108581543,18,2020-11-01
15,2020,12,28.99421161852387,31.64526399311269,30.319737805818278,2.651052374588816,85.35719108581543,19,2020-12-01
15,2021,1,29.740998840332054,31.938000488281272,30.839499664306665,2.197001647949219,85.35719108581543,20,2021-01-01
15,2021,2,29.282223849826412,34.18055623372398,31.731390041775196,4.89833238389757,85.35719108581543,18,2021-02-01
15,2021,3,28.93157991108144,35.34000147769328,32.13579069438736,6.4084215666118425,85.35719108581543,19,2021-03-01
15,2021,4,26.478948010896403,32.226317074424365,29.352632542660384,5.747369063527961,85.35719108581543,19,2021-04-01
15,2021,5,26.06211001747535,30.335264828330615,28.19868742290298,4.273154810855263,85.35719108581543,19,2021-05-01
15,2021,6,26.901054302014824,30.627893066406273,28.76447368421055,3.7268387643914473,85.35719108581543,19,2021-06-01
15,2021,7,26.43349761962893,29.751499938964866,28.092498779296896,3.3180023193359376,85.35719108581543,20,2021-07-01
15,2021,8,26.167369962993444,29.37579056589229,27.771580264442868,3.208420602898849,85.35719108581543,19,2021-08-01
15,2021,9,27.080000813802105,30.513335164388042,28.796667989095074,3.4333343505859375,85.35719108581543,18,2021-09-01
15,2021,10,27.093682861328148,31.409999164782096,29.25184101305512,4.316316303453948,85.35719108581543,19,2021-10-01
15,2021,11,26.433682411595417,30.540526058799365,28.487104235197393,4.106843647203948,85.35719108581543,19,2021-11-01
15,2021,12,27.812498474121117,32.556001281738304,30.18424987792971,4.743502807617188,85.35719108581543,20,2021-12-01
15,2022,1,29.66315532483555,35.01263620476976,32.33789576480265,5.349480879934211,85.35719108581543,19,2022-01-01
15,2022,2,30.795554945204017,36.420000542534744,33.60777774386938,5.6244455973307295,85.35719108581543,18,2022-02-01
15,2022,3,30.696843518708903,37.09105513723275,33.89394932797083,6.3942116185238485,85.35719108581543,19,2022-03-01
15,2022,4,27.124738512541143,33.121580746299365,30.123159629420254,5.9968422337582235,85.35719108581543,19,2022-04-01
15,2022,5,25.26399841308596,30.30500183105471,27.784500122070334,5.04100341796875,85.35719108581543,20,2022-05-01
15,2022,6,24.275552368164085,28.64999966091582,26.462776014539955,4.374447292751736,85.35719108581543,18,2022-06-01
15,2022,7,26.187365401418607,29.46789101048522,27.827628205951914,3.2805256090666117,85.35719108581543,19,2022-07-01
15,2022,8,26.9173667506168,29.647366493626667,28.28236662212173,2.7299997430098686,85.35719108581543,19,2022-08-01
15,2022,9,26.36894659745068,29.011052503083903,27.68999955026729,2.642105905633224,85.35719108581543,19,2022-09-01
15,2022,10,26.49842304430512,29.162630101254134,27.83052657277963,2.6642070569490133,85.35719108581543,19,2022-10-01
15,2022,11,25.914212196751667,28.306314890008245,27.110263543379958,2.3921026932565788,85.35719108581543,19,2022-11-01
15,2022,12,28.005263800370088,30.473157701994268,29.239210751182178,2.4678939016241777,85.35719108581543,19,2022-12-01
15,2023,1,28.870528692948213,32.329998136821565,30.600263414884893,3.4594694438733553,85.35719108581543,19,2023-01-01
15,2023,2,31.44999932183162,36.26555616590714,33.85777774386938,4.8155568440755205,85.35719108581543,18,2023-02-01
15,2023,3,29.699499511718773,36.69300079345705,33.196250152587915,6.993501281738281,85.35719108581543,20,2023-03-01
15,2023,4,29.927774047851585,36.27166646321617,33.099720255533875,6.343892415364583,85.35719108581543,18,2023-04-01
15,2023,5,29.171054559004958,34.77263312088818,31.97184383994657,5.6015785618832235,85.35719108581543,19,2023-05-01
15,2023,6,27.998946661698213,32.366312448601995,30.182629555150104,4.3673657869037825,85.35719108581543,19,2023-06-01
15,2023,7,28.994733629728643,32.18262875205594,30.58868119089229,3.1878951223273027,85.35719108581543,19,2023-07-01
15,2023,8,27.59199829101565,30.656497192382837,29.124247741699243,3.0644989013671875,85.35719108581543,20,2023-08-01
15,2023,9,28.06631341231499,32.45736887078539,30.26184114155019,4.391055458470395,85.35719108581543,19,2023-09-01
15,2023,10,27.501050768400518,31.968947882401338,29.734999325400928,4.467897114000823,85.35719108581543,19,2023-10-01
15,2023,11,28.244736842105286,32.81157836914065,30.528157605622965,4.566841527035362,85.35719108581543,19,2023-11-01
15,2023,12,30.64105417351976,35.6789489746094,33.16000157406458,5.037894801089638,85.35719108581543,19,2023-12-01
15,2024,1,30.971427990141393,37.80143054780508,34.38642926897324,6.830002557663691,85.35719108581543,21,2024-01-01
15,2024,2,31.514443969726585,39.71388990614152,35.61416693793405,8.19944593641493,85.35719108581543,18,2024-02-01
15,2024,3,32.826841976768115,42.379473555715485,37.6031577662418,9.552631578947368,85.35719108581543,19,2024-03-01
15,2024,4,29.870000881618946,38.873890177408875,34.37194552951391,9.00388929578993,85.35719108581543,18,2024-04-01
15,2024,5,26.96750183105471,35.096501159667994,31.03200149536135,8.128999328613281,85.35719108581543,20,2024-05-01
15,2024,6,25.166111246744816,29.22389119466148,27.195001220703148,4.057779947916667,85.35719108581543,18,2024-06-01
15,2024,7,25.834211168791143,27.98894974557979,26.911580457185465,2.154738576788651,85.35719108581543,19,2024-07-01
15,2024,8,26.008999633789085,27.857498168945334,26.93324890136721,1.84849853515625,85.35719108581543,20,2024-08-01
15,2024,9,27.232780287000892,28.86500447591148,28.048892381456184,1.6322241889105902,85.35719108581543,18,2024-09-01
15,2024,10,27.69666442871096,28.398889160156273,28.047776794433616,0.7022247314453125,85.35719108581543,18,2024-10-01
16,2020,10,26.848424329255778,29.676318038137357,28.26237118369657,2.8278937088815788,53.716583251953125,19,2020-10-01
16,2020,11,27.09055311414933,27.72888590494794,27.409719509548633,0.6383327907986112,53.716583251953125,18,2020-11-01
16,2020,12,29.447370348478643,30.27684454666943,29.862107447574036,0.8294741981907895,53.716583251953125,19,2020-12-01
16,2021,1,31.09599761962893,32.55050048828127,31.823249053955102,1.4545028686523438,53.716583251953125,20,2021-01-01
16,2021,2,32.31888902452259,35.704443020290825,34.01166602240671,3.385553995768229,53.716583251953125,18,2021-02-01
16,2021,3,31.096320222553476,36.33210063733555,33.714210429944515,5.235780414782073,53.716583251953125,19,2021-03-01
16,2021,4,28.15736983449838,33.16263010125414,30.659999967876256,5.005260266755757,53.716583251953125,19,2021-04-01
16,2021,5,25.948419189453148,30.482104170949857,28.215261680201504,4.533684981496711,53.716583251953125,19,2021-05-01
16,2021,6,27.179475804379134,30.731053723787028,28.955264764083083,3.5515779194078947,53.716583251953125,19,2021-06-01
16,2021,7,26.56800231933596,29.505500793457053,28.036751556396506,2.9374984741210937,53.716583251953125,20,2021-07-01
16,2021,8,25.84316085012338,28.695263029399694,27.269211939761536,2.852102179276316,53.716583251953125,19,2021-08-01
16,2021,9,25.882775878906273,28.930000135633705,27.40638800726999,3.0472242567274304,53.716583251953125,18,2021-09-01
16,2021,10,26.74736456620068,30.21368600945726,28.48052528782897,3.4663214432565788,53.716583251953125,19,2021-10-01
16,2021,11,26.267368035567458,30.653156802528805,28.46026241904813,4.3857887669613485,53.716583251953125,19,2021-11-01
16,2021,12,28.60500183105471,33.07200164794924,30.838501739501975,4.466999816894531,53.716583251953125,20,2021-12-01
16,2022,1,30.751580810546898,31.907368228310055,31.329474519428476,1.155787417763158,53.716583251953125,19,2022-01-01
16,2022,2,31.74444817437068,33.59833170572919,32.671389940049934,1.853883531358507,53.716583251953125,18,2022-02-01
16,2022,3,31.105263479132425,36.883156545538675,33.99421001233555,5.77789306640625,53.716583251953125,19,2022-03-01
16,2022,4,27.741055458470417,33.95789248817848,30.849473973324447,6.216837029708059,53.716583251953125,19,2022-04-01
16,2022,5,25.432998657226584,31.19800262451174,28.315500640869164,5.765003967285156,53.716583251953125,20,2022-05-01
16,2022,6,24.47611050075957,27.190001424153667,25.83305596245662,2.7138909233940973,53.716583251953125,18,2022-06-01
16,2022,7,25.92368228310035,27.908420281661208,26.916051282380778,1.9847379985608553,53.716583251953125,19,2022-07-01
16,2022,8,26.354739861739333,27.777371376439167,27.06605561908925,1.4226315146998356,53.716583251953125,19,2022-08-01
16,2022,9,25.924209112870088,27.232631000719596,26.57842005679484,1.3084218878495066,53.716583251953125,19,2022-09-01
16,2022,10,26.590529913651338,27.98368466025907,27.287107286955205,1.3931547466077303,53.716583251953125,19,2022-10-01
16,2022,11,25.434737677323213,27.57684358295644,26.505790630139824,2.142105905633224,53.716583251953125,19,2022-11-01
16,2022,12,29.39000372635693,31.663158537212194,30.526581131784564,2.2731548108552633,53.716583251953125,19,2022-12-01
16,2023,1,30.77842342979032,32.19631990131581,31.487371665553066,1.4178964715254934,53.716583251953125,19,2023-01-01
16,2023,2,33.67277764214412,37.417221747504364,35.54499969482424,3.744444105360243,53.716583251953125,18,2023-02-01
16,2023,3,30.13949890136721,37.470002746582054,33.80475082397463,7.330503845214844,53.716583251953125,20,2023-03-01
16,2023,4,29.597221204969642,38.052221340603325,33.82472127278648,8.45500013563368,53.716583251953125,18,2023-04-01
16,2023,5,28.846320222553476,34.701578561883245,31.773949392218363,5.85525833932977,53.716583251953125,19,2023-05-01
16,2023,6,26.92315705951894,30.01263138620479,28.467894222861865,3.0894743266858553,53.716583251953125,19,2023-06-01
16,2023,7,27.823684210526338,28.565261358963838,28.194472784745088,0.7415771484375,53.716583251953125,19,2023-07-01
16,2023,8,27.073498535156272,27.480499267578146,27.27699890136721,0.407000732421875,53.716583251953125,20,2023-08-01
16,2023,9,28.213154361122555,28.75789473684213,28.48552454898234,0.5447403757195723,53.716583251953125,19,2023-09-01
16,2023,10,27.475260202508245,28.485261937191634,27.98026106984994,1.010001734683388,53.716583251953125,19,2023-10-01
16,2023,11,28.773159950657917,29.972634084601175,29.372897017629544,1.1994741339432566,53.716583251953125,19,2023-11-01
16,2023,12,31.897363281250023,37.68000102796055,34.78868215460528,5.7826377467105265,53.716583251953125,19,2023-12-01
16,2024,1,33.87099914550784,37.22049407958987,35.545746612548854,3.3494949340820313,53.716583251953125,20,2024-01-01
16,2024,2,34.5594438340929,37.42611083984377,35.99277733696834,2.866667005750868,53.716583251953125,18,2024-02-01
16,2024,3,33.751584022923545,42.869995438425185,38.310789730674365,9.118411415501646,53.716583251953125,19,2024-03-01
16,2024,4,30.826667616102455,39.48999938964846,35.15833350287546,8.663331773546007,53.716583251953125,18,2024-04-01
16,2024,5,27.044000244140648,32.71849822998049,29.88124923706057,5.674497985839844,53.716583251953125,20,2024-05-01
16,2024,6,24.45052329615545,28.405786132812523,26.428154714483988,3.9552628366570723,53.716583251953125,19,2024-06-01
16,2024,7,25.525790887129958,28.3531577662418,26.93947432668588,2.827366879111842,53.716583251953125,19,2024-07-01
16,2024,8,26.298999023437524,28.697001647949243,27.498000335693384,2.3980026245117188,53.716583251953125,20,2024-08-01
16,2024,9,27.315881347656273,29.430002728630537,28.372942038143407,2.1141213809742645,53.716583251953125,17,2024-09-01
16,2024,10,26.360552300347244,27.44889051649308,26.904721408420162,1.0883382161458333,53.716583251953125,18,2024-10-01
17,2020,10,28.906843004728643,27.356313926295254,28.131578465511947,-1.550529078433388,12.074978113174438,19,2020-10-01
17,2020,11,28.70499742296009,27.605555894639778,28.155276658799934,-1.0994415283203125,12.074978113174438,18,2020-11-01
17,2020,12,29.868948203639004,27.612107447574036,28.74052782560652,-2.256840756064967,12.074978113174438,19,2020-12-01
17,2021,1,30.852500915527365,28.72399902343752,29.788249969482443,-2.1285018920898438,12.074978113174438,20,2021-01-01
17,2021,2,32.941668023003494,30.983331298828148,31.96249966091582,-1.9583367241753473,12.074978113174438,18,2021-02-01
17,2021,3,32.70684364720397,31.12262958727387,31.91473661723892,-1.5842140599300987,12.074978113174438,19,2021-03-01
17,2021,4,30.57999813682157,30.63579230057568,30.607895218698626,0.05579416375411184,12.074978113174438,19,2021-04-01
17,2021,5,29.67736848530019,31.130527215254958,30.40394785027757,1.4531587299547697,12.074978113174438,19,2021-05-01
17,2021,6,29.210525030838838,34.605261872944105,31.90789345189147,5.394736842105263,12.074978113174438,19,2021-06-01
17,2021,7,29.050500488281273,33.75199890136721,31.40124969482424,4.701498413085938,12.074978113174438,20,2021-07-01
17,2021,8,28.857892809416143,31.9210577713816,30.38947529039887,3.0631649619654606,12.074978113174438,19,2021-08-01
17,2021,9,30.591110907660614,31.404441663954017,30.997776285807316,0.8133307562934028,12.074978113174438,18,2021-09-01
17,2021,10,29.52000057822782,29.879475161903805,29.699737870065814,0.35947458367598684,12.074978113174438,19,2021-10-01
17,2021,11,29.328420859889004,29.553683953536208,29.441052406712604,0.22526309364720395,12.074978113174438,19,2021-11-01
17,2021,12,30.16700134277346,29.76700134277346,29.96700134277346,-0.4,12.074978113174438,20,2021-12-01
17,2022,1,31.829996530633245,31.674734336451504,31.752365433542376,-0.15526219418174342,12.074978113174438,19,2022-01-01
17,2022,2,33.30166863335506,34.57722371419273,33.939446173773895,1.2755550808376737,12.074978113174438,18,2022-02-01
17,2022,3,33.47105198910364,39.88895167300578,36.68000183105471,6.417899683902138,12.074978113174438,19,2022-03-01
17,2022,4,30.941583251953148,37.54158132452716,34.24158228824015,6.599998072574013,12.074978113174438,19,2022-04-01
17,2022,5,28.561499023437523,35.30649871826174,31.93399887084963,6.744999694824219,12.074978113174438,20,2022-05-01
17,2022,6,26.926668633355057,32.10333150227867,29.515000067816864,5.176662868923611,12.074978113174438,18,2022-06-01
17,2022,7,28.142629844264004,28.392104620682588,28.267367232473294,0.24947477641858554,12.074978113174438,19,2022-07-01
17,2022,8,28.802106676603643,29.423155453330615,29.11263106496713,0.6210487767269737,12.074978113174438,19,2022-08-01
17,2022,9,28.321051667865976,30.03947079307157,29.180261230468773,1.718419125205592,12.074978113174438,19,2022-09-01
17,2022,10,28.704998779296897,30.71549987792971,29.710249328613305,2.0105010986328127,12.074978113174438,20,2022-10-01
17,2022,11,28.015787546258245,30.196845124897226,29.106316335577738,2.1810575786389803,12.074978113174438,19,2022-11-01
17,2022,12,31.1200034693668,31.978419574938346,31.54921152215257,0.858416105571546,12.074978113174438,19,2022-12-01
17,2023,1,32.1926353053043,33.24420840614723,32.718421855725765,1.0515731008429277,12.074978113174438,19,2023-01-01
17,2023,2,35.373330688476585,40.896668158637176,38.13499942355688,5.52333747016059,12.074978113174438,18,2023-02-01
17,2023,3,33.692500305175805,41.70699768066409,37.69974899291994,8.014497375488281,12.074978113174438,20,2023-03-01
17,2023,4,31.61777818467884,37.85110880533856,34.734443495008705,6.233330620659722,12.074978113174438,18,2023-04-01
17,2023,5,31.684736071134893,38.36894499126236,35.02684053119862,6.6842089201274675,12.074978113174438,19,2023-05-01
17,2023,6,30.37526212993423,33.605263479132425,31.99026280453333,3.230001349198191,12.074978113174438,19,2023-06-01
17,2023,7,30.525789280941634,34.69631508275084,32.61105218184624,4.170525801809211,12.074978113174438,19,2023-07-01
17,2023,8,30.067498779296898,33.593501281738305,31.8305000305176,3.5260025024414063,12.074978113174438,20,2023-08-01
17,2023,9,30.864738384046074,32.63999890779196,31.75236864591902,1.775260523745888,12.074978113174438,19,2023-09-01
17,2023,10,30.284212132504134,28.918948846114333,29.60158048930923,-1.3652632863898027,12.074978113174438,19,2023-10-01
17,2023,11,30.946845124897226,29.45946976511104,30.203157445004134,-1.4873753597861843,12.074978113174438,19,2023-11-01
17,2023,12,32.50000192742601,31.67157817639805,32.08579005191203,-0.8284237510279605,12.074978113174438,19,2023-12-01
17,2024,1,34.601496887207055,32.66400299072268,33.632749938964864,-1.937493896484375,12.074978113174438,20,2024-01-01
17,2024,2,36.24221869574655,33.93111402723527,35.086666361490906,-2.311104668511285,12.074978113174438,18,2024-02-01
17,2024,3,36.36473838404608,39.00421335320726,37.68447586862667,2.639474969161184,12.074978113174438,19,2024-03-01
17,2024,4,33.44444512261287,37.6916697184245,35.568057420518684,4.247224595811632,12.074978113174438,18,2024-04-01
17,2024,5,30.58449859619143,37.04400024414065,33.814249420166036,6.459501647949219,12.074978113174438,20,2024-05-01
17,2024,6,27.631576056229463,34.94157843338818,31.28657724480882,7.3100023771587175,12.074978113174438,19,2024-06-01
17,2024,7,28.796665445963566,33.54444613986547,31.17055579291452,4.74778069390191,12.074978113174438,18,2024-07-01
17,2024,8,29.4195007324219,32.97700042724612,31.198250579834006,3.5574996948242186,12.074978113174438,20,2024-08-01
17,2024,9,29.644117647058845,33.237648638557005,31.440883142807927,3.5935309914981617,12.074978113174438,17,2024-09-01
17,2024,10,29.489441596137176,31.581111314561653,30.535276455349415,2.091669718424479,12.074978113174438,18,2024-10-01
18,2020,10,27.791579718338838,29.08105019017272,28.436314954255778,1.2894704718338816,278.0802230834961,19,2020-10-01
18,2020,11,26.47944539388023,28.77777506510419,27.62861022949221,2.2983296712239585,278.0802230834961,18,2020-11-01
18,2020,12,29.25420853464229,32.10789762798111,30.6810530813117,2.853689093338816,278.0802230834961,19,2020-12-01
18,2021,1,30.54949951171877,33.93450012207033,32.241999816894555,3.3850006103515624,278.0802230834961,20,2021-01-01
18,2021,2,32.194446818033875,37.1572204589844,34.67583363850914,4.9627736409505205,278.0802230834961,18,2021-02-01
18,2021,3,32.59052670127469,40.32473787006581,36.45763228567025,7.734211168791118,278.0802230834961,19,2021-03-01
18,2021,4,28.95105173211351,36.101582095497555,32.52631691380553,7.150530363384046,278.0802230834961,19,2021-04-01
18,2021,5,26.20263382761104,30.89052413137338,28.54657897949221,4.687890303762336,278.0802230834961,19,2021-05-01
18,2021,6,26.56157997532897,29.458947753906273,28.01026386461762,2.8973677785773027,278.0802230834961,19,2021-06-01
18,2021,7,26.710002136230493,28.573001098632837,27.641501617431665,1.8629989624023438,278.0802230834961,20,2021-07-01
18,2021,8,25.981052117598708,27.59052509508637,26.78578860634254,1.6094729774876644,278.0802230834961,19,2021-08-01
18,2021,9,26.568331231011307,28.781662665473114,27.67499694824221,2.2133314344618054,278.0802230834961,18,2021-09-01
18,2021,10,27.48157734118012,30.17736848530019,28.829472913240153,2.695791144120066,278.0802230834961,19,2021-10-01
18,2021,11,27.38158087479443,30.19368254009048,28.787631707442458,2.8121016652960527,278.0802230834961,19,2021-11-01
18,2021,12,29.813996887207054,32.34549713134768,31.079747009277366,2.531500244140625,278.0802230834961,20,2021-12-01
18,2022,1,31.876844225431768,36.858948075143935,34.367896150287855,4.982103849712171,278.0802230834961,19,2022-01-01
18,2022,2,33.11833428276912,41.45999891493058,37.289166598849846,8.341664632161459,278.0802230834961,18,2022-02-01
18,2022,3,31.92052933542354,42.90157952559624,37.41105443050989,10.981050190172697,278.0802230834961,19,2022-03-01
18,2022,4,27.94789235968341,37.91316014340052,32.93052625154196,9.965267783717104,278.0802230834961,19,2022-04-01
18,2022,5,25.325000000000024,34.021000671386744,29.67300033569338,8.696000671386718,278.0802230834961,20,2022-05-01
18,2022,6,24.563333129882835,26.71888631184898,25.64110972086591,2.155553181966146,278.0802230834961,18,2022-06-01
18,2022,7,26.531049547697393,28.175794420744268,27.35342198422083,1.644744873046875,278.0802230834961,19,2022-07-01
18,2022,8,26.268946918688346,27.946316688939167,27.107631803813756,1.6773697702508223,278.0802230834961,19,2022-08-01
18,2022,9,24.953157445004134,27.026839728104463,25.9899985865543,2.0736822831003288,278.0802230834961,19,2022-09-01
18,2022,10,25.68894589072782,28.39157779091285,27.040261840820335,2.702631900185033,278.0802230834961,19,2022-10-01
18,2022,11,25.743683182565814,28.476317074424365,27.110000128495088,2.7326338918585527,278.0802230834961,19,2022-11-01
18,2022,12,30.68263357062091,32.673683889288675,31.67815872995479,1.991050318667763,278.0802230834961,19,2022-12-01
18,2023,1,31.127896278782917,34.077370412726175,32.60263334575455,2.9494741339432564,278.0802230834961,19,2023-01-01
18,2023,2,34.330002509223114,40.902222357855926,37.61611243353952,6.5722198486328125,278.0802230834961,18,2023-02-01
18,2023,3,30.56750488281252,38.9174987792969,34.74250183105471,8.349993896484374,278.0802230834961,20,2023-03-01
18,2023,4,30.61610989040801,38.193334621853325,34.40472225613067,7.5772247314453125,278.0802230834961,18,2023-04-01
18,2023,5,29.24578889545644,35.00157920435858,32.1236840499075,5.755790308902138,278.0802230834961,19,2023-05-01
18,2023,6,27.853156160053476,31.49474005448193,29.673948107267705,3.6415838944284538,278.0802230834961,19,2023-06-01
18,2023,7,28.2215804250617,31.454739540501667,29.838159982781683,3.233159115439967,278.0802230834961,19,2023-07-01
18,2023,8,27.336499023437522,31.292500305175803,29.314499664306663,3.9560012817382813,278.0802230834961,20,2023-08-01
18,2023,9,28.45631681743423,33.298948910361865,30.87763286389805,4.842632092927632,278.0802230834961,19,2023-09-01
18,2023,10,26.968419446443278,31.41157804790298,29.18999874717313,4.443158601459704,278.0802230834961,19,2023-10-01
18,2023,11,28.258950002569925,32.55578966642683,30.40736983449838,4.2968396638569075,278.0802230834961,19,2023-11-01
18,2023,12,34.5194753546464,35.698950837787855,35.109213096217125,1.1794754831414473,278.0802230834961,19,2023-12-01
18,2024,1,35.993501281738304,39.21050109863283,37.60200119018557,3.216999816894531,278.0802230834961,20,2024-01-01
18,2024,2,37.367779880099846,45.41944613986547,41.39361300998266,8.051666259765625,278.0802230834961,18,2024-02-01
18,2024,3,36.440001156455615,48.21737060546877,42.32868588096219,11.777369449013158,278.0802230834961,19,2024-03-01
18,2024,4,33.5050004747179,45.095556301540825,39.300278388129364,11.590555826822916,278.0802230834961,18,2024-04-01
18,2024,5,28.70299987792971,36.95399932861331,32.82849960327151,8.250999450683594,278.0802230834961,20,2024-05-01
18,2024,6,24.779470664576504,29.7421026932566,27.260786678916553,4.9626320286800985,278.0802230834961,19,2024-06-01
18,2024,7,26.4747397974918,27.411579654091305,26.943159725791553,0.9368398565995065,278.0802230834961,19,2024-07-01
18,2024,8,26.829998779296897,28.177000427246117,27.503499603271507,1.3470016479492188,278.0802230834961,20,2024-08-01
18,2024,9,27.286471378102046,28.57411929859837,27.930295338350206,1.2876479204963236,278.0802230834961,17,2024-09-01
18,2024,10,27.883335367838566,28.76777547200523,28.325555419921898,0.8844401041666666,278.0802230834961,18,2024-10-01
19,2020,10,28.350000000000023,33.455259945518115,30.90262997275907,5.1052599455180925,45.54393529891968,19,2020-10-01
19,2020,11,27.246665785047767,29.973333401150196,28.60999959309898,2.7266676161024304,45.54393529891968,18,2020-11-01
19,2020,12,29.177895315069925,32.1563161749589,30.667105745014414,2.9784208598889803,45.54393529891968,19,2020-12-01
19,2021,1,30.045503234863304,33.26700286865237,31.656253051757837,3.2214996337890627,45.54393529891968,20,2021-01-01
19,2021,2,30.49110989040801,35.334441121419296,32.91277550591365,4.843331231011285,45.54393529891968,18,2021-02-01
19,2021,3,30.222629266036208,35.24368639494246,32.73315783048933,5.02105712890625,45.54393529891968,19,2021-03-01
19,2021,4,27.961581902754958,31.268420088918607,29.615000995836784,3.306838186163651,45.54393529891968,19,2021-04-01
19,2021,5,26.33052175421466,29.654735685649694,27.992628719932178,3.324213931435033,45.54393529891968,19,2021-05-01
19,2021,6,26.987370862458903,30.184736071134893,28.586053466796898,3.1973652086759867,45.54393529891968,19,2021-06-01
19,2021,7,26.553498840332054,29.736499023437524,28.14499893188479,3.183000183105469,45.54393529891968,20,2021-07-01
19,2021,8,26.35368780838818,29.033683696546074,27.69368575246713,2.6799958881578947,45.54393529891968,19,2021-08-01
19,2021,9,27.300556437174503,30.028887261284744,28.664721849229622,2.728330824110243,45.54393529891968,18,2021-09-01
19,2021,10,27.42315866570726,32.02473562140216,29.72394714355471,4.6015769556949015,45.54393529891968,19,2021-10-01
19,2021,11,26.72210404245479,31.310526315789495,29.016315179122145,4.588422273334704,45.54393529891968,19,2021-11-01
19,2021,12,28.384497070312523,33.44699859619143,30.915747833251977,5.062501525878906,45.54393529891968,20,2021-12-01
19,2022,1,30.410000770970417,34.3936851099918,32.40184294048111,3.9836843390213814,45.54393529891968,19,2022-01-01
19,2022,2,31.772776963975716,36.63611246744794,34.20444471571183,4.863335503472222,45.54393529891968,18,2022-02-01
19,2022,3,31.51526874743012,37.03526097347864,34.27526486045438,5.51999222604852,45.54393529891968,19,2022-03-01
19,2022,4,27.59052348889805,32.08315590306334,29.836839695980697,4.492632414165296,45.54393529891968,19,2022-04-01
19,2022,5,25.38650054931643,28.95900115966799,27.17275085449221,3.5725006103515624,45.54393529891968,20,2022-05-01
19,2022,6,24.32110833062068,27.65888875325523,25.989998541937958,3.3377804226345487,45.54393529891968,18,2022-06-01
19,2022,7,26.96052824321548,30.868943385074036,28.91473581414476,3.9084151418585527,45.54393529891968,19,2022-07-01
19,2022,8,27.936843390213838,32.07210532740545,30.004474358809645,4.135261937191612,45.54393529891968,19,2022-08-01
19,2022,9,26.39894698293588,29.01157772666532,27.7052623548006,2.612630743729441,45.54393529891968,19,2022-09-01
19,2022,10,26.268946918688346,28.642629844264004,27.455788381476175,2.373682925575658,45.54393529891968,19,2022-10-01
19,2022,11,25.865787225020583,27.62684101305512,26.74631411903785,1.7610537880345394,45.54393529891968,19,2022-11-01
19,2022,12,29.073155774568278,32.19631508275084,30.634735428659564,3.123159308182566,45.54393529891968,19,2022-12-01
19,2023,1,30.436313348067458,34.077368806537855,32.25684107730265,3.6410554584703947,45.54393529891968,19,2023-01-01
19,2023,2,33.06777513292103,38.762224663628494,35.914999898274765,5.694449530707465,45.54393529891968,18,2023-02-01
19,2023,3,30.065998840332053,36.81999664306643,33.442997741699244,6.753997802734375,45.54393529891968,20,2023-03-01
19,2023,4,30.027778455946205,35.61055399576825,32.81916622585723,5.582775539822048,45.54393529891968,18,2023-04-01
19,2023,5,29.39789653577305,33.133154939350355,31.2655257375617,3.7352584035773027,45.54393529891968,19,2023-05-01
19,2023,6,28.266844418174365,31.310001092208083,29.788422755191224,3.043156674033717,45.54393529891968,19,2023-06-01
19,2023,7,29.082632285670254,31.62473690635282,30.353684596011536,2.542104620682566,45.54393529891968,19,2023-07-01
19,2023,8,27.673500061035178,29.81000213623049,28.741751098632836,2.1365020751953123,45.54393529891968,20,2023-08-01
19,2023,9,28.25947683233966,30.320526444284564,29.290001638312113,2.061049611944901,45.54393529891968,19,2023-09-01
19,2023,10,27.626314183285384,28.52052419562091,28.073419189453148,0.8942100123355263,45.54393529891968,19,2023-10-01
19,2023,11,28.97947323447782,29.183158794202324,29.08131601434007,0.20368555972450658,45.54393529891968,19,2023-11-01
19,2023,12,31.271579461348708,31.906839792351995,31.58920962685035,0.6352603310032895,45.54393529891968,19,2023-12-01
19,2024,1,32.26714332217264,34.24809890020464,33.25762111118864,1.980955578031994,45.54393529891968,21,2024-01-01
19,2024,2,32.64222615559898,36.13110928005645,34.38666771782771,3.488883124457465,45.54393529891968,18,2024-02-01
19,2024,3,34.068949167351995,41.303160336143115,37.686054751747555,7.234211168791118,45.54393529891968,19,2024-03-01
19,2024,4,30.966668701171898,39.015000067816864,34.99083438449438,8.048331366644966,45.54393529891968,18,2024-04-01
19,2024,5,28.012498474121116,35.02449645996096,31.518497467041037,7.011997985839844,45.54393529891968,20,2024-05-01
19,2024,6,26.021051025390648,31.338947818153805,28.679999421772226,5.3178967927631575,45.54393529891968,19,2024-06-01
19,2024,7,26.713682797080615,32.13473703484789,29.42420991596425,5.42105423776727,45.54393529891968,19,2024-07-01
19,2024,8,26.89649810791018,32.406498718261744,29.65149841308596,5.510000610351563,45.54393529891968,20,2024-08-01
19,2024,9,26.975551011827278,33.31999782986114,30.147774420844208,6.3444468180338545,45.54393529891968,18,2024-09-01
19,2024,10,27.28666924370662,32.45389200846356,29.87028062608509,5.167222764756945,45.54393529891968,18,2024-10-01
20,2020,10,26.936314954255778,31.49421161852387,29.215263286389824,4.5578966642680925,229.20970153808594,19,2020-10-01
20,2020,11,26.754444376627628,31.235557386610267,28.995000881618946,4.481113009982639,229.20970153808594,18,2020-11-01
20,2020,12,29.727367521587194,34.25263447008637,31.990000995836784,4.525266948499177,229.20970153808594,19,2020-12-01
20,2021,1,33.51799926757815,37.156996154785176,35.33749771118166,3.638996887207031,229.20970153808594,20,2021-01-01
20,2021,2,34.881670464409744,41.0505564371745,37.96611345079212,6.168885972764757,229.20970153808594,18,2021-02-01
20,2021,3,34.58263228567025,42.41315693102387,38.49789460834706,7.830524645353618,229.20970153808594,19,2021-03-01
20,2021,4,31.055264442845417,38.07999974300989,34.56763209292765,7.0247353001644735,229.20970153808594,19,2021-04-01
20,2021,5,27.60947811729032,33.1089528937089,30.359215505499613,5.499474776418586,229.20970153808594,19,2021-05-01
20,2021,6,26.991055458470417,32.871580746299365,29.931318102384893,5.880525287828948,229.20970153808594,19,2021-06-01
20,2021,7,26.613500976562523,32.730500793457054,29.672000885009787,6.116999816894531,229.20970153808594,20,2021-07-01
20,2021,8,25.448424008018115,31.24578889545644,28.347106451737275,5.797364887438323,229.20970153808594,19,2021-08-01
20,2021,9,25.9549991183811,31.241111585829017,28.598055352105057,5.286112467447917,229.20970153808594,18,2021-09-01
20,2021,10,27.407373046875023,31.751052374588838,29.57921271073193,4.343679327713816,229.20970153808594,19,2021-10-01
20,2021,11,27.953685880962194,32.618948203639,30.2863170423006,4.665262322676809,229.20970153808594,19,2021-11-01
20,2021,12,31.18450164794924,38.10099792480471,34.642749786376974,6.916496276855469,229.20970153808594,20,2021-12-01
20,2022,1,34.71684056332239,45.75526219418177,40.23605137875208,11.038421630859375,229.20970153808594,19,2022-01-01
20,2022,2,36.44499952528214,49.091110907660614,42.768055216471375,12.646111382378471,229.20970153808594,18,2022-02-01
20,2022,3,34.511574514288675,47.18105468750002,40.846314600894345,12.66948017321135,229.20970153808594,19,2022-03-01
20,2022,4,29.584211168791143,40.286841462787855,34.935526315789495,10.70263029399671,229.20970153808594,19,2022-04-01
20,2022,5,25.42149810791018,34.125500488281276,29.773499298095725,8.704002380371094,229.20970153808594,20,2022-05-01
20,2022,6,24.725557793511307,31.46888631184898,28.097222052680145,6.743328518337673,229.20970153808594,18,2022-06-01
20,2022,7,26.15315840871713,33.2752624511719,29.71421042994451,7.12210404245477,229.20970153808594,19,2022-07-01
20,2022,8,26.354735043174365,33.32842407226565,29.841579557720006,6.9736890290912825,229.20970153808594,19,2022-08-01
20,2022,9,24.461581902754958,29.18578651829772,26.823684210526338,4.724204615542763,229.20970153808594,19,2022-09-01
20,2022,10,26.038999938964867,30.559500122070336,28.2992500305176,4.520500183105469,229.20970153808594,20,2022-10-01
20,2022,11,26.778417005037028,30.243688001130778,28.511052503083903,3.46527099609375,229.20970153808594,19,2022-11-01
20,2022,12,32.379475161903805,36.072632157175185,34.226053659539495,3.6931569952713814,229.20970153808594,19,2022-12-01
20,2023,1,33.53053074886927,38.51894691868834,36.024738833778805,4.988416169819079,229.20970153808594,19,2023-01-01
20,2023,2,37.29388665093318,45.13500027126739,41.21444346110028,7.841113620334202,229.20970153808594,18,2023-02-01
20,2023,3,32.7154983520508,41.04200134277346,36.87874984741213,8.326502990722656,229.20970153808594,20,2023-03-01
20,2023,4,31.46333380805124,40.90888875325523,36.186111280653236,9.445554945203993,229.20970153808594,18,2023-04-01
20,2023,5,29.657368228310055,38.40157791940792,34.02947307385899,8.744209691097861,229.20970153808594,19,2023-05-01
20,2023,6,27.70368427477387,35.16000077097042,31.431842522872145,7.456316496196546,229.20970153808594,19,2023-06-01
20,2023,7,28.77052419562091,35.49052541632403,32.13052480597247,6.720001220703125,229.20970153808594,19,2023-07-01
20,2023,8,28.023999023437522,34.04049987792971,31.032249450683615,6.016500854492188,229.20970153808594,20,2023-08-01
20,2023,9,28.736844032689167,35.076315146998375,31.906579589843773,6.339471114309211,229.20970153808594,19,2023-09-01
20,2023,10,27.687365401418607,32.26473870528374,29.976052053351175,4.577373303865132,229.20970153808594,19,2023-10-01
20,2023,11,29.816319837068278,33.331580232319105,31.57395003469369,3.5152603952508223,229.20970153808594,19,2023-11-01
20,2023,12,33.294735878392295,37.25579223632815,35.27526405736022,3.9610563579358553,229.20970153808594,19,2023-12-01
20,2024,1,34.89047502790181,39.17476225353425,37.03261864071803,4.284287225632441,229.20970153808594,21,2024-01-01
20,2024,2,37.834997219509575,43.99444308810766,40.91472015380862,6.15944586859809,229.20970153808594,18,2024-02-01
20,2024,3,37.65526412160775,44.983154618112685,41.31920936986022,7.327890496504934,229.20970153808594,19,2024-03-01
20,2024,4,34.12666897243926,41.53499925401478,37.83083411322702,7.4083302815755205,229.20970153808594,18,2024-04-01
20,2024,5,28.07950134277346,34.294998168945334,31.187249755859398,6.215496826171875,229.20970153808594,20,2024-05-01
20,2024,6,23.72722100151912,28.7527777777778,26.23999938964846,5.02555677625868,229.20970153808594,18,2024-06-01
20,2024,7,25.858336385091167,31.124446275499153,28.491391330295162,5.266109890407986,229.20970153808594,18,2024-07-01
20,2024,8,25.955503845214867,28.894497680664085,27.425000762939476,2.9389938354492187,229.20970153808594,20,2024-08-01
20,2024,9,26.613530058019325,29.711767937155354,28.16264899758734,3.0982378791360294,229.20970153808594,17,2024-09-01
20,2024,10,26.898889160156273,30.855554199218773,28.877221679687523,3.9566650390625,229.20970153808594,18,2024-10-01
21,2020,10,26.78420892012749,30.064212517989333,28.42421071905841,3.280003597861842,519.9567718505859,19,2020-10-01
21,2020,11,26.642222764756966,29.882775878906273,28.26249932183162,3.2405531141493054,519.9567718505859,18,2020-11-01
21,2020,12,30.115788831208903,34.40894711143094,32.262367971319925,4.293158280222039,519.9567718505859,19,2020-12-01
21,2021,1,33.06800231933596,37.8570022583008,35.462502288818385,4.788999938964844,519.9567718505859,20,2021-01-01
21,2021,2,34.19278191460506,40.705555216471375,37.449168565538216,6.51277330186632,519.9567718505859,18,2021-02-01
21,2021,3,34.206316817434235,41.86473677785775,38.03552679764599,7.65841996042352,519.9567718505859,19,2021-03-01
21,2021,4,30.20421271073193,37.407895058079795,33.80605388440586,7.203682347347862,519.9567718505859,19,2021-04-01
21,2021,5,27.59263241416532,34.717894222861865,31.15526331851359,7.125261808696546,519.9567718505859,19,2021-05-01
21,2021,6,27.272628302323213,33.770000578227815,30.521314440275518,6.497372275904605,519.9567718505859,19,2021-06-01
21,2021,7,26.29249725341799,33.14049987792971,29.716498565673852,6.848002624511719,519.9567718505859,20,2021-07-01
21,2021,8,25.261050896895583,31.9226302297492,28.591840563322393,6.661579332853618,519.9567718505859,19,2021-08-01
21,2021,9,25.724445597330753,32.66444295247398,29.194444274902366,6.9399973551432295,519.9567718505859,18,2021-09-01
21,2021,10,26.496840948807588,33.82105166786598,30.158946308336784,7.324210719058388,519.9567718505859,19,2021-10-01
21,2021,11,29.769473748458083,33.810527921977815,31.79000083521795,4.041054173519737,519.9567718505859,19,2021-11-01
21,2021,12,32.246499633789085,35.88099822998049,34.06374893188479,3.6344985961914063,519.9567718505859,20,2021-12-01
21,2022,1,34.45262900904608,36.82526469983555,35.63894685444081,2.372635690789474,519.9567718505859,19,2022-01-01
21,2022,2,36.485552300347244,43.36111178927953,39.92333204481339,6.875559488932292,519.9567718505859,18,2022-02-01
21,2022,3,35.44578985916943,46.40420885587996,40.92499935752469,10.958418996710526,519.9567718505859,19,2022-03-01
21,2022,4,30.33947946648851,40.11210584138571,35.22579265393711,9.772626374897204,519.9567718505859,19,2022-04-01
21,2022,5,27.036001586914086,35.521995544433615,31.278998565673852,8.485993957519531,519.9567718505859,20,2022-05-01
21,2022,6,25.63166707356773,26.45499742296009,26.043332248263912,0.8233303493923612,519.9567718505859,18,2022-06-01
21,2022,7,27.144738769531273,27.52999749434624,27.337368131938756,0.3852587248149671,519.9567718505859,19,2022-07-01
21,2022,8,26.971051989103643,27.500527151007425,27.235789570055534,0.5294751619037829,519.9567718505859,19,2022-08-01
21,2022,9,26.523158344469596,28.005785811574857,27.264472078022226,1.482627467105263,519.9567718505859,19,2022-09-01
21,2022,10,27.66158126027963,29.457368870785384,28.559475065532506,1.7957876105057566,519.9567718505859,19,2022-10-01
21,2022,11,26.6136847245066,28.75473697060035,27.684210847553476,2.14105224609375,519.9567718505859,19,2022-11-01
21,2022,12,32.97263087222453,35.40052425986844,34.18657756604649,2.4278933876439144,519.9567718505859,19,2022-12-01
21,2023,1,34.201580168071565,37.51473709909542,35.85815863358349,3.313156931023849,519.9567718505859,19,2023-01-01
21,2023,2,37.60555589463978,45.721668497721375,41.66361219618058,8.116112603081596,519.9567718505859,18,2023-02-01
21,2023,3,33.035501098632835,42.919998168945334,37.97774963378909,9.8844970703125,519.9567718505859,20,2023-03-01
21,2023,4,32.863331095377625,42.83110792371964,37.84721950954864,9.967776828342014,519.9567718505859,18,2023-04-01
21,2023,5,30.986315596731107,40.394735557154625,35.69052557694287,9.40841996042352,519.9567718505859,19,2023-05-01
21,2023,6,28.884737034847884,35.19105481599509,32.03789592542149,6.306317781147204,519.9567718505859,19,2023-06-01
21,2023,7,29.751050768400518,34.94841918945315,32.34973497892683,5.197368421052632,519.9567718505859,19,2023-07-01
21,2023,8,28.970001220703146,33.35049896240237,31.160250091552758,4.380497741699219,519.9567718505859,20,2023-08-01
21,2023,9,30.256314247532917,34.04210494192025,32.149209594726585,3.7857906943873356,519.9567718505859,19,2023-09-01
21,2023,10,28.550002569901338,31.837894158614333,30.193948364257835,3.2878915887129936,519.9567718505859,19,2023-10-01
21,2023,11,30.058422209087194,32.53526257966696,31.29684239437708,2.4768403705797697,519.9567718505859,19,2023-11-01
21,2023,12,33.38841681229443,35.839474647923545,34.61394573010899,2.4510578356291117,519.9567718505859,19,2023-12-01
21,2024,1,36.35500030517581,38.8455032348633,37.600251770019554,2.4905029296875,519.9567718505859,20,2024-01-01
21,2024,2,38.123886786566864,45.77166137695315,41.94777408176,7.647774590386285,519.9567718505859,18,2024-02-01
21,2024,3,37.89736970600331,49.617897756476175,43.75763373123974,11.720528050472861,519.9567718505859,19,2024-03-01
21,2024,4,34.71722140842016,46.78555535210506,40.75138838026261,12.068333943684896,519.9567718505859,18,2024-04-01
21,2024,5,29.556001281738304,37.28499755859377,33.42049942016604,7.728996276855469,519.9567718505859,20,2024-05-01
21,2024,6,25.401581131784564,29.552103464226995,27.476842298005778,4.150522332442434,519.9567718505859,19,2024-06-01
21,2024,7,26.987894479851995,30.5036849172492,28.7457896985506,3.5157904373972038,519.9567718505859,19,2024-07-01
21,2024,8,27.20700378417971,30.000498962402368,28.60375137329104,2.7934951782226563,519.9567718505859,20,2024-08-01
21,2024,9,27.175884650735316,29.234119370404436,28.205002010569874,2.0582347196691178,519.9567718505859,17,2024-09-01
21,2024,10,27.518885972764778,30.203892008463566,28.861388990614174,2.685006035698785,519.9567718505859,18,2024-10-01
22,2020,10,26.913682154605286,30.535264185855286,28.724473170230286,3.62158203125,326.1105041503906,19,2020-10-01
22,2020,11,27.047219848632835,30.135556369357662,28.591388108995247,3.0883365207248263,326.1105041503906,18,2020-11-01
22,2020,12,30.349474776418607,33.75263286389805,32.05105382015833,3.403158087479441,326.1105041503906,19,2020-12-01
22,2021,1,32.53249969482424,37.871499633789085,35.20199966430666,5.338999938964844,326.1105041503906,20,2021-01-01
22,2021,2,34.524999660915825,40.20889010959203,37.36694488525393,5.683890448676215,326.1105041503906,18,2021-02-01
22,2021,3,35.99421322471219,42.37683780067848,39.185525512695335,6.3826245759662825,326.1105041503906,19,2021-03-01
22,2021,4,31.88105083264805,37.20420789216696,34.5426293624075,5.323157059518914,326.1105041503906,19,2021-04-01
22,2021,5,26.436314954255778,30.748949874074857,28.59263241416532,4.312634919819079,326.1105041503906,19,2021-05-01
22,2021,6,26.707367264597064,31.372631193462194,29.03999922902963,4.665263928865132,326.1105041503906,19,2021-06-01
22,2021,7,26.016999816894554,30.826501464843773,28.421750640869163,4.809501647949219,326.1105041503906,20,2021-07-01
22,2021,8,25.12841989617601,28.486844032689167,26.807631964432588,3.358424136513158,326.1105041503906,19,2021-08-01
22,2021,9,25.695555623372417,28.354442003038216,27.02499881320532,2.6588863796657987,326.1105041503906,18,2021-09-01
22,2021,10,26.74105063990545,29.265262322676833,28.003156481291143,2.5242116827713814,326.1105041503906,19,2021-10-01
22,2021,11,27.627367842824857,29.6289435135691,28.62815567819698,2.0015756707442436,326.1105041503906,19,2021-11-01
22,2021,12,30.251499938964866,32.37399749755862,31.31274871826174,2.12249755859375,326.1105041503906,20,2021-12-01
22,2022,1,34.528418611225355,37.68630852950249,36.10736357036392,3.1578899182771383,326.1105041503906,19,2022-01-01
22,2022,2,37.32833421495228,42.57944471571183,39.953889465332054,5.251110500759548,326.1105041503906,18,2022-02-01
22,2022,3,36.22789595754525,42.24526688425167,39.23658142089846,6.017370926706414,326.1105041503906,19,2022-03-01
22,2022,4,31.407891845703148,36.88789480108966,34.1478933233964,5.480002955386513,326.1105041503906,19,2022-04-01
22,2022,5,26.477497863769553,32.18449859619143,29.33099822998049,5.707000732421875,326.1105041503906,20,2022-05-01
22,2022,6,24.684998236762176,29.676110839843773,27.180554538302975,4.991112603081597,326.1105041503906,18,2022-06-01
22,2022,7,26.270002184416143,30.67684004934213,28.473421116879134,4.406837864925987,326.1105041503906,19,2022-07-01
22,2022,8,26.184207635176833,30.22579024465463,28.20499893991573,4.041582609477796,326.1105041503906,19,2022-08-01
22,2022,9,24.668422016344596,28.751049162212194,26.709735589278395,4.0826271458675985,326.1105041503906,19,2022-09-01
22,2022,10,25.84349822998049,29.50249938964846,27.672998809814477,3.6590011596679686,326.1105041503906,20,2022-10-01
22,2022,11,25.674209112870088,28.656316174958903,27.165262643914495,2.982107062088816,326.1105041503906,19,2022-11-01
22,2022,12,31.54842208059213,35.77421361019739,33.66131784539476,4.225791529605263,326.1105041503906,19,2022-12-01
22,2023,1,33.64316149259871,38.576841976768115,36.11000173468341,4.9336804841694075,326.1105041503906,19,2023-01-01
22,2023,2,38.62166578504777,44.55999993218318,41.59083285861547,5.938334147135417,326.1105041503906,18,2023-02-01
22,2023,3,34.447000122070335,40.29799804687502,37.37249908447268,5.8509979248046875,326.1105041503906,20,2023-03-01
22,2023,4,32.45056050618492,38.20111321343318,35.32583685980905,5.750552707248264,326.1105041503906,18,2023-04-01
22,2023,5,29.78210160104854,35.57474108244246,32.6784213417455,5.792639481393914,326.1105041503906,19,2023-05-01
22,2023,6,27.46420962685035,31.86421316046466,29.664211393657506,4.400003533614309,326.1105041503906,19,2023-06-01
22,2023,7,28.0678939016242,31.866317267166963,29.967105584395583,3.7984233655427633,326.1105041503906,19,2023-07-01
22,2023,8,27.622500610351587,31.318998718261742,29.470749664306663,3.6964981079101564,326.1105041503906,20,2023-08-01
22,2023,9,28.510524067125846,31.885790694387357,30.1981573807566,3.3752666272615133,326.1105041503906,19,2023-09-01
22,2023,10,27.63842323704772,28.936841784025518,28.287632510536618,1.298418546977796,326.1105041503906,19,2023-10-01
22,2023,11,29.24631893760282,29.762632992393115,29.504475964997965,0.516314054790296,326.1105041503906,19,2023-11-01
22,2023,12,33.556844932154625,33.326840370579795,33.44184265136721,-0.23000456157483554,326.1105041503906,19,2023-12-01
22,2024,1,35.62381243024556,36.291906156994074,35.95785929361981,0.6680937267485119,326.1105041503906,21,2024-01-01
22,2024,2,39.3122260199653,42.36277669270836,40.83750135633683,3.0505506727430554,326.1105041503906,18,2024-02-01
22,2024,3,39.04578793174344,44.49841822574015,41.7721030787418,5.452630293996711,326.1105041503906,19,2024-03-01
22,2024,4,35.14277716742624,40.26166687011721,37.70222201877172,5.118889702690972,326.1105041503906,18,2024-04-01
22,2024,5,29.043499755859397,32.791499328613305,30.91749954223635,3.747999572753906,326.1105041503906,20,2024-05-01
22,2024,6,24.320528050472884,26.763161428351175,25.541844739412028,2.4426333778782894,326.1105041503906,19,2024-06-01
22,2024,7,26.43333163791235,27.619446478949676,27.02638905843101,1.1861148410373263,326.1105041503906,18,2024-07-01
22,2024,8,26.025500488281274,27.01650085449221,26.52100067138674,0.9910003662109375,326.1105041503906,20,2024-08-01
22,2024,9,26.48647281422337,27.439409323299657,26.962941068761513,0.9529365090762868,326.1105041503906,17,2024-09-01
22,2024,10,27.421109347873287,28.358885701497417,27.889997524685352,0.9377763536241319,326.1105041503906,18,2024-10-01
23,2020,10,24.55684171977798,27.043158601459726,25.800000160618854,2.4863168816817436,557.3696594238281,19,2020-10-01
23,2020,11,23.817776828342037,26.463886515299503,25.14083167182077,2.646109686957465,557.3696594238281,18,2020-11-01
23,2020,12,26.05210507041532,29.601053659539495,27.82657936497741,3.5489485891241777,557.3696594238281,19,2020-12-01
23,2021,1,27.586499023437522,33.14250335693362,30.36450119018557,5.556004333496094,557.3696594238281,20,2021-01-01
23,2021,2,29.170558336046028,36.19444512261287,32.68250172932945,7.02388678656684,557.3696594238281,18,2021-02-01
23,2021,3,29.732104170949857,37.01842008891861,33.375262129934235,7.28631591796875,557.3696594238281,19,2021-03-01
23,2021,4,25.681578304893115,31.489996980365976,28.585787642629544,5.808418675472862,557.3696594238281,19,2021-04-01
23,2021,5,23.038418739720417,26.518423301295254,24.778421020507835,3.4800045615748356,557.3696594238281,19,2021-05-01
23,2021,6,23.437368613795254,25.742105905633245,24.58973725971425,2.3047372918379936,557.3696594238281,19,2021-06-01
23,2021,7,23.53700103759768,25.79550476074221,24.666252899169944,2.258503723144531,557.3696594238281,20,2021-07-01
23,2021,8,22.809474262438346,25.021576248972064,23.915525255705205,2.212101986533717,557.3696594238281,19,2021-08-01
23,2021,9,23.510556369357662,25.798335435655403,24.654445902506534,2.287779066297743,557.3696594238281,18,2021-09-01
23,2021,10,25.043158601459726,27.046839985094596,26.04499929327716,2.0036813836348686,557.3696594238281,19,2021-10-01
23,2021,11,24.79421065481088,26.628946725945745,25.711578690378314,1.8347360711348684,557.3696594238281,19,2021-11-01
23,2021,12,26.53350067138674,29.158003234863305,27.845751953125024,2.6245025634765624,557.3696594238281,20,2021-12-01
23,2022,1,29.191580039576504,33.5431569952714,31.367368517423955,4.3515769556949015,557.3696594238281,19,2022-01-01
23,2022,2,30.474998304579017,37.03610975477433,33.755554029676674,6.5611114501953125,557.3696594238281,18,2022-02-01
23,2022,3,28.79841726202716,36.43683857164887,32.61762791683802,7.638421309621711,557.3696594238281,19,2022-03-01
23,2022,4,25.039474005448213,30.986312384354463,28.012893194901338,5.94683837890625,557.3696594238281,19,2022-04-01
23,2022,5,22.441499328613304,26.221997070312522,24.331748199462915,3.780497741699219,557.3696594238281,20,2022-05-01
23,2022,6,21.71944240993926,23.91499396430124,22.817218187120247,2.195551554361979,557.3696594238281,18,2022-06-01
23,2022,7,23.278421823601995,25.215263286389824,24.24684255499591,1.936841462787829,557.3696594238281,19,2022-07-01
23,2022,8,23.270527407997555,25.30263029399673,24.286578850997145,2.0321028859991777,557.3696594238281,19,2022-08-01
23,2022,9,23.003159693667786,24.560524709601175,23.78184220163448,1.557365015933388,557.3696594238281,19,2022-09-01
23,2022,10,23.808500671386742,25.302998352050803,24.555749511718773,1.4944976806640624,557.3696594238281,20,2022-10-01
23,2022,11,23.763156609786208,25.001052374588838,24.382104492187523,1.2378957648026316,557.3696594238281,19,2022-11-01
23,2022,12,28.065786582545254,28.39789653577305,28.23184155915915,0.3321099532277961,557.3696594238281,19,2022-12-01
23,2023,1,29.10473664936269,30.53737150493423,29.82105407714846,1.432634855571546,557.3696594238281,19,2023-01-01
23,2023,2,31.949446614583355,35.372221883138046,33.6608342488607,3.4227752685546875,557.3696594238281,18,2023-02-01
23,2023,3,27.539500427246118,32.82699890136721,30.183249664306665,5.287498474121094,557.3696594238281,20,2023-03-01
23,2023,4,26.724445597330753,31.563333129882835,29.143889363606792,4.838887532552083,557.3696594238281,18,2023-04-01
23,2023,5,25.439472720497555,29.237370862458903,27.33842179147823,3.797898141961349,557.3696594238281,19,2023-05-01
23,2023,6,24.350001606188346,27.08315911543999,25.716580360814167,2.7331575092516447,557.3696594238281,19,2023-06-01
23,2023,7,25.036844675164495,27.236842426500846,26.13684355083267,2.199997751336349,557.3696594238281,19,2023-07-01
23,2023,8,25.13350067138674,27.552502441406272,26.34300155639651,2.4190017700195314,557.3696594238281,20,2023-08-01
23,2023,9,26.09368607370479,28.750528757195745,27.42210741545027,2.6568426834909538,557.3696594238281,19,2023-09-01
23,2023,10,24.724209755345417,27.13684114155019,25.930525448447803,2.4126313862047697,557.3696594238281,19,2023-10-01
23,2023,11,25.89894698293588,28.378423108552653,27.138685045744268,2.479476125616776,557.3696594238281,19,2023-11-01
23,2023,12,28.387369577508245,31.45631521124591,29.92184239437708,3.0689456337376644,557.3696594238281,19,2023-12-01
23,2024,1,30.11450347900393,33.304998779296895,31.709751129150412,3.1904953002929686,557.3696594238281,20,2024-01-01
23,2024,2,31.475001695421028,37.17500203450523,34.32500186496313,5.700000339084202,557.3696594238281,18,2024-02-01
23,2024,3,30.973686137952324,41.40894711143094,36.19131662469164,10.435260973478618,557.3696594238281,19,2024-03-01
23,2024,4,28.37611287434898,38.653331163194466,33.51472201877172,10.277218288845486,557.3696594238281,18,2024-04-01
23,2024,5,24.790501403808616,31.13099822998049,27.960749816894555,6.340496826171875,557.3696594238281,20,2024-05-01
23,2024,6,21.632104492187523,24.884737034847884,23.258420763517705,3.2526325426603617,557.3696594238281,19,2024-06-01
23,2024,7,24.949477667557588,26.112104235197393,25.53079095137749,1.1626265676398027,557.3696594238281,19,2024-07-01
23,2024,8,25.142999267578148,25.58949890136721,25.366249084472678,0.4464996337890625,557.3696594238281,20,2024-08-01
23,2024,9,24.15529605641087,25.985880414177412,25.07058823529414,1.8305843577665442,557.3696594238281,17,2024-09-01
23,2024,10,24.987217203776066,26.722775607638912,25.85499640570749,1.7355584038628473,557.3696594238281,18,2024-10-01
24,2020,10,23.72666490342884,26.594440714518253,25.16055280897355,2.86777581108941,462.6147918701172,18,2020-10-01
24,2020,11,23.799998643663216,26.38889126247832,25.09444495307077,2.588892618815104,462.6147918701172,18,2020-11-01
24,2020,12,25.361055394222884,29.419477282072393,27.390266338147637,4.058421887849507,462.6147918701172,19,2020-12-01
24,2021,1,26.578501892089868,33.15100097656252,29.864751434326195,6.572499084472656,462.6147918701172,20,2021-01-01
24,2021,2,27.789448038737003,36.00722486707902,31.89833645290801,8.217776828342014,462.6147918701172,18,2021-02-01
24,2021,3,27.777368164062523,33.63947207802223,30.708420121042376,5.862103913959704,462.6147918701172,19,2021-03-01
24,2021,4,25.319469572368444,30.346312191611865,27.832890881990153,5.026842619243421,462.6147918701172,19,2021-04-01
24,2021,5,22.30315872995479,26.14526559930101,24.2242121646279,3.842106869346217,462.6147918701172,19,2021-05-01
24,2021,6,22.94842079564147,25.838419382195745,24.393420088918607,2.889998586554276,462.6147918701172,19,2021-06-01
24,2021,7,23.17449645996096,25.802497863769553,24.488497161865258,2.628001403808594,462.6147918701172,20,2021-07-01
24,2021,8,21.87420847039476,23.901054302014824,22.88763138620479,2.026845831620066,462.6147918701172,19,2021-08-01
24,2021,9,23.210556708441864,25.378335571289085,24.294446139865475,2.1677788628472223,462.6147918701172,18,2021-09-01
24,2021,10,23.323158986944925,26.102630936472064,24.712894961708493,2.7794719495271383,462.6147918701172,19,2021-10-01
24,2021,11,23.358422851562523,26.246317331414495,24.80237009148851,2.887894479851974,462.6147918701172,19,2021-11-01
24,2021,12,26.282501220703146,29.773001098632836,28.027751159667993,3.4904998779296874,462.6147918701172,20,2021-12-01
24,2022,1,27.768948524876667,34.09105353104443,30.93000102796055,6.322105006167763,462.6147918701172,19,2022-01-01
24,2022,2,28.809445529513912,36.7072201199002,32.758332824707054,7.897774590386285,462.6147918701172,18,2022-02-01
24,2022,3,27.379998779296898,34.31421251798933,30.847105648643115,6.934213738692434,462.6147918701172,19,2022-03-01
24,2022,4,24.26631919459295,29.554736006887357,26.910527600740153,5.2884168122944075,462.6147918701172,19,2022-04-01
24,2022,5,22.741499328613305,25.35949707031252,24.050498199462915,2.617997741699219,462.6147918701172,20,2022-05-01
24,2022,6,22.571667819552975,24.145557657877628,23.3586127387153,1.5738898383246527,462.6147918701172,18,2022-06-01
24,2022,7,23.503686523437523,25.27684454666943,24.390265535053476,1.773158023231908,462.6147918701172,19,2022-07-01
24,2022,8,24.203687487150518,26.60684075606499,25.405264121607754,2.403153268914474,462.6147918701172,19,2022-08-01
24,2022,9,21.66631630345397,24.001579204358574,22.833947753906273,2.3352629009046053,462.6147918701172,19,2022-09-01
24,2022,10,22.197001647949243,24.689501953125024,23.443251800537134,2.4925003051757813,462.6147918701172,20,2022-10-01
24,2022,11,22.606313926295254,25.292098517166963,23.949206221731107,2.6857845908717106,462.6147918701172,19,2022-11-01
24,2022,12,26.21736899928045,31.12473690635282,28.671052952816634,4.907367907072368,462.6147918701172,19,2022-12-01
24,2023,1,27.065261358963838,33.02579088712996,30.045526123046898,5.960529528166118,462.6147918701172,19,2023-01-01
24,2023,2,30.53833414713544,37.55111253526478,34.04472334120011,7.01277838812934,462.6147918701172,18,2023-02-01
24,2023,3,27.08400115966799,33.96600036621096,30.525000762939477,6.881999206542969,462.6147918701172,20,2023-03-01
24,2023,4,26.54166395399308,32.15777994791669,29.349721950954883,5.616115993923611,462.6147918701172,18,2023-04-01
24,2023,5,26.233157830489333,30.37894833213407,28.3060530813117,4.145790501644737,462.6147918701172,19,2023-05-01
24,2023,6,25.28210641961351,27.7910528885691,26.536579654091305,2.508946468955592,462.6147918701172,19,2023-06-01
24,2023,7,25.684737677323213,27.10157888312091,26.393158280222064,1.4168412057976973,462.6147918701172,19,2023-07-01
24,2023,8,24.80699615478518,26.264501953125023,25.5357490539551,1.4575057983398438,462.6147918701172,20,2023-08-01
24,2023,9,24.711578690378314,26.18789544356499,25.44973706697165,1.4763167531866777,462.6147918701172,19,2023-09-01
24,2023,10,23.038947175678476,24.40316001490545,23.721053595291963,1.3642128392269737,462.6147918701172,19,2023-10-01
24,2023,11,24.919994474712194,26.938422273334726,25.92920837402346,2.018427798622533,462.6147918701172,19,2023-11-01
24,2023,12,27.94578985916943,32.12947034333884,30.037630101254134,4.1836804841694075,462.6147918701172,19,2023-12-01
24,2024,1,29.380003138950915,34.56047828311014,31.970240711030527,5.180475144159226,462.6147918701172,21,2024-01-01
24,2024,2,30.23473671361022,36.55262708162009,33.39368189761515,6.317890368009868,462.6147918701172,19,2024-02-01
24,2024,3,30.8989485891242,39.339476254111865,35.11921242161803,8.440527664987664,462.6147918701172,19,2024-03-01
24,2024,4,28.212779405381966,35.899443562825546,32.05611148410375,7.686664157443577,462.6147918701172,18,2024-04-01
24,2024,5,25.20500183105471,30.33300018310549,27.7690010070801,5.127998352050781,462.6147918701172,20,2024-05-01
24,2024,6,21.702222018771725,24.48444010416669,23.093331061469208,2.782218085394965,462.6147918701172,18,2024-06-01
24,2024,7,23.84055650499134,24.47833658854169,24.159446546766517,0.6377800835503472,462.6147918701172,18,2024-07-01
24,2024,8,23.445498657226587,23.504002380371116,23.47475051879885,0.05850372314453125,462.6147918701172,20,2024-08-01
24,2024,9,23.049998643663216,22.678330145941864,22.86416439480254,-0.3716684977213542,462.6147918701172,18,2024-09-01
24,2024,10,24.398889160156273,25.41499905056426,24.906944105360267,1.0161098904079862,462.6147918701172,18,2024-10-01
25,2020,10,25.501577598170254,27.70841610557157,26.60499685187091,2.206838507401316,411.1108703613281,19,2020-10-01
25,2020,11,24.94999932183162,27.350554402669292,26.150276862250458,2.4005550808376737,411.1108703613281,18,2020-11-01
25,2020,12,26.984211490028805,30.496317331414495,28.74026441072165,3.512105841385691,411.1108703613281,19,2020-12-01
25,2021,1,28.61450195312502,33.54750213623049,31.081002044677756,4.933000183105468,411.1108703613281,20,2021-01-01
25,2021,2,30.412778049045162,37.56110873752172,33.98694339328344,7.1483306884765625,411.1108703613281,18,2021-02-01
25,2021,3,31.1521079615543,39.23631720291943,35.194212582236865,8.084209241365132,411.1108703613281,19,2021-03-01
25,2021,4,27.65157952559624,34.289997622841305,30.970788574218773,6.638418097245066,411.1108703613281,19,2021-04-01
25,2021,5,24.30210507041532,28.155789345189167,26.228947207802243,3.853684274773849,411.1108703613281,19,2021-05-01
25,2021,6,25.329471307051833,28.515790758634893,26.922631032843363,3.186319451583059,411.1108703613281,19,2021-06-01
25,2021,7,25.53700103759768,28.200996398925803,26.868998718261743,2.663995361328125,411.1108703613281,20,2021-07-01
25,2021,8,24.63000199167354,27.06105153937091,25.845526765522226,2.4310495476973686,411.1108703613281,19,2021-08-01
25,2021,9,25.060552639431446,27.448887125651066,26.254719882541256,2.388334486219618,411.1108703613281,18,2021-09-01
25,2021,10,25.590001477693278,28.082632285670254,26.836316881681768,2.492630807976974,411.1108703613281,19,2021-10-01
25,2021,11,25.885789088199036,28.357364373458083,27.121576730828558,2.4715752852590462,411.1108703613281,19,2021-11-01
25,2021,12,27.879499816894555,31.283502197265648,29.5815010070801,3.404002380371094,411.1108703613281,20,2021-12-01
25,2022,1,30.793156995271403,35.69842079564147,33.245788895456435,4.905263800370066,411.1108703613281,19,2022-01-01
25,2022,2,32.59110921223961,41.899443562825546,37.24527638753258,9.3083343505859375,411.1108703613281,18,2022-02-01
25,2022,3,30.609996916118444,42.32158010382403,36.46578850997124,11.711583187705592,411.1108703613281,19,2022-03-01
25,2022,4,26.60841963918588,36.28579101562502,31.44710532740545,9.677371376439146,411.1108703613281,19,2022-04-01
25,2022,5,23.79749908447268,29.88000183105471,26.838750457763695,6.082502746582032,411.1108703613281,20,2022-05-01
25,2022,6,23.399997965494816,27.306668429904537,25.353333197699676,3.9066704644097223,411.1108703613281,18,2022-06-01
25,2022,7,24.907368228310055,28.820526444284564,26.863947336297308,3.9131582159745064,411.1108703613281,19,2022-07-01
25,2022,8,24.783682090357754,28.563684082031273,26.67368308619451,3.7800019916735197,411.1108703613281,19,2022-08-01
25,2022,9,23.264208663137357,26.00841996042354,24.63631431178045,2.744211297286184,411.1108703613281,19,2022-09-01
25,2022,10,24.14400024414065,26.72850036621096,25.436250305175804,2.5845001220703123,411.1108703613281,20,2022-10-01
25,2022,11,24.107892809416143,26.683682411595417,25.395787610505778,2.575789602179276,411.1108703613281,19,2022-11-01
25,2022,12,28.18578812448604,31.288947175678476,29.73736765008226,3.103159051192434,411.1108703613281,19,2022-12-01
25,2023,1,30.051053017064167,34.278948653371735,32.16500083521795,4.227895636307566,411.1108703613281,19,2023-01-01
25,2023,2,34.142778862847244,41.367776489257835,37.75527767605254,7.22499762641059,411.1108703613281,18,2023-02-01
25,2023,3,30.54799957275393,38.60550231933596,34.576750946044946,8.057502746582031,411.1108703613281,20,2023-03-01
25,2023,4,29.793890041775196,36.48611178927953,33.14000091552737,6.69222174750434,411.1108703613281,18,2023-04-01
25,2023,5,28.570526444284564,33.60895128752058,31.08973886590257,5.03842484323602,411.1108703613281,19,2023-05-01
25,2023,6,26.895787610505778,30.160529206928476,28.52815840871713,3.2647415964226973,411.1108703613281,19,2023-06-01
25,2023,7,27.746315725226175,29.856317138671898,28.801316431949036,2.110001413445724,411.1108703613281,19,2023-07-01
25,2023,8,27.670501708984396,29.14550018310549,28.408000946044943,1.4749984741210938,411.1108703613281,20,2023-08-01
25,2023,9,28.58420956260282,29.682631964432588,29.133420763517705,1.0984224018297697,411.1108703613281,19,2023-09-01
25,2023,10,27.151052695826504,28.09578696803045,27.623419831928476,0.9447342722039473,411.1108703613281,19,2023-10-01
25,2023,11,28.278421823601995,29.02999749434624,28.654209658974118,0.7515756707442435,411.1108703613281,19,2023-11-01
25,2023,12,30.863683118318278,32.6621032714844,31.762893194901338,1.7984201531661184,411.1108703613281,19,2023-12-01
25,2024,1,32.49100189208987,35.965502929687524,34.22825241088869,3.474501037597656,411.1108703613281,20,2024-01-01
25,2024,2,33.91555853949655,42.04444274902346,37.98000064426,8.128884209526909,411.1108703613281,18,2024-02-01
25,2024,3,33.418945633737685,44.57578831722864,38.99736697548317,11.156842683490954,411.1108703613281,19,2024-03-01
25,2024,4,30.653887261284744,40.381110975477455,35.517499118381096,9.727223714192709,411.1108703613281,18,2024-04-01
25,2024,5,26.398501586914087,33.630003356933614,30.01425247192385,7.231501770019531,411.1108703613281,20,2024-05-01
25,2024,6,22.82210532740545,27.192633699115976,25.007369513260713,4.3705283717105265,411.1108703613281,19,2024-06-01
25,2024,7,25.03842034590874,27.32736880653785,26.182894576223294,2.2889484606291117,411.1108703613281,19,2024-07-01
25,2024,8,24.750498962402368,26.595996093750024,25.673247528076196,1.8454971313476563,411.1108703613281,20,2024-08-01
25,2024,9,24.63941075942098,26.43058974322153,25.535000251321254,1.7911789838005514,411.1108703613281,17,2024-09-01
25,2024,10,25.468335300021725,26.077220323350716,25.772777811686222,0.6088850233289931,411.1108703613281,18,2024-10-01
26,2020,10,25.748885091145855,27.196667819552975,26.472776455349415,1.447782728407118,394.5237579345703,18,2020-10-01
26,2020,11,25.768336656358528,27.121665785047767,26.445001220703148,1.3533291286892362,394.5237579345703,18,2020-11-01
26,2020,12,28.014735492907096,29.34263241416532,28.678683953536208,1.3278969212582237,394.5237579345703,19,2020-12-01
26,2021,1,30.031997680664084,31.304002380371116,30.6680000305176,1.2720046997070313,394.5237579345703,20,2021-01-01
26,2021,2,31.894998168945335,33.38333197699655,32.63916507297094,1.4883338080512152,394.5237579345703,18,2021-02-01
26,2021,3,31.69000276264394,34.375790565892295,33.032896664268115,2.6857878032483553,394.5237579345703,19,2021-03-01
26,2021,4,28.279473876953148,32.75210603412831,30.51578995554073,4.472632157175164,394.5237579345703,19,2021-04-01
26,2021,5,24.741575863486865,28.888950066817458,26.81526296515216,4.1473742033305925,394.5237579345703,19,2021-05-01
26,2021,6,25.34631379780019,28.896316046463838,27.12131492213201,3.550002248663651,394.5237579345703,19,2021-06-01
26,2021,7,25.575003051757836,28.033000183105493,26.804001617431663,2.457997131347656,394.5237579345703,20,2021-07-01
26,2021,8,24.58894621196548,26.66052438836351,25.624735300164495,2.071578176398026,394.5237579345703,19,2021-08-01
26,2021,9,25.3299991183811,26.809442138671898,26.069720628526497,1.4794430202907987,394.5237579345703,18,2021-09-01
26,2021,10,25.377893066406273,26.9815757349918,26.179734400699036,1.6036826685855263,394.5237579345703,19,2021-10-01
26,2021,11,25.74526045949838,27.863157894736865,26.80420917711762,2.1178974352384867,394.5237579345703,19,2021-11-01
26,2021,12,28.68800506591799,31.537498474121115,30.112751770019553,2.849493408203125,394.5237579345703,20,2021-12-01
26,2022,1,31.26315982216285,34.737896086040315,33.000527954101585,3.474736263877467,394.5237579345703,19,2022-01-01
26,2022,2,33.308887736002625,37.98888888888891,35.64888831244577,4.680001152886285,394.5237579345703,18,2022-02-01
26,2022,3,31.807371761924365,38.74894826788653,35.27816001490545,6.941576505962171,394.5237579345703,19,2022-03-01
26,2022,4,27.81157997532897,33.745788895456435,30.778684435392705,5.9342089201274675,394.5237579345703,19,2022-04-01
26,2022,5,23.840998840332055,27.34349517822268,25.592247009277365,3.502496337890625,394.5237579345703,20,2022-05-01
26,2022,6,24.01333685980905,26.68499993218318,25.349168395996116,2.671663072374132,394.5237579345703,18,2022-06-01
26,2022,7,26.41631630345397,27.65736662212173,27.03684146278785,1.241050318667763,394.5237579345703,19,2022-07-01
26,2022,8,27.603684596011536,27.38684114155019,27.495262868780863,-0.21684345446134867,394.5237579345703,19,2022-08-01
26,2022,9,23.790002441406273,24.262104556435055,24.026053498920664,0.4721021150287829,394.5237579345703,19,2022-09-01
26,2022,10,24.692498779296898,25.83149871826174,25.26199874877932,1.1389999389648438,394.5237579345703,20,2022-10-01
26,2022,11,24.732102564761536,26.112104235197393,25.422103399979463,1.3800016704358553,394.5237579345703,19,2022-11-01
26,2022,12,29.074734657689167,30.043156995271403,29.558945826480286,0.9684223375822368,394.5237579345703,19,2022-12-01
26,2023,1,30.545259495785384,31.657368228310055,31.10131386204772,1.112108732524671,394.5237579345703,19,2023-01-01
26,2023,2,35.08666720920141,37.52721896701391,36.30694308810766,2.4405517578125,394.5237579345703,18,2023-02-01
26,2023,3,31.15249938964846,35.98299713134768,33.56774826049807,4.830497741699219,394.5237579345703,20,2023-03-01
26,2023,4,30.259444173177105,35.8166697184245,33.038056945800804,5.5572255452473955,394.5237579345703,18,2023-04-01
26,2023,5,28.673683889288675,33.039999229029625,30.85684155915915,4.366315339740954,394.5237579345703,19,2023-05-01
26,2023,6,27.1842124537418,29.828949295847064,28.50658087479443,2.6447368421052633,394.5237579345703,19,2023-06-01
26,2023,7,28.024734015213838,30.101577276932588,29.063155646073213,2.07684326171875,394.5237579345703,19,2023-07-01
26,2023,8,27.48249969482424,29.26900024414065,28.375749969482445,1.7865005493164063,394.5237579345703,20,2023-08-01
26,2023,9,27.70526315789476,29.17947259200249,28.442367874948626,1.4742094341077303,394.5237579345703,19,2023-09-01
26,2023,10,26.57683876439147,26.92421071905841,26.75052474172494,0.34737195466694076,394.5237579345703,19,2023-10-01
26,2023,11,28.520527407997555,29.205789987664495,28.863158697831025,0.6852625796669408,394.5237579345703,19,2023-11-01
26,2023,12,31.229471628289495,32.28526579204361,31.757368710166553,1.055794163754112,394.5237579345703,19,2023-12-01
26,2024,1,32.27762247721356,34.00761747814362,33.14261997767859,1.7299950009300595,394.5237579345703,21,2024-01-01
26,2024,2,35.23389078776044,38.36388888888891,36.798889838324676,3.1299981011284723,394.5237579345703,18,2024-02-01
26,2024,3,35.23631399054278,40.49000501130759,37.863159500925185,5.253691020764802,394.5237579345703,19,2024-03-01
26,2024,4,31.676109144422767,37.74222208658856,34.70916561550567,6.066112942165798,394.5237579345703,18,2024-04-01
26,2024,5,27.13600006103518,33.01500091552737,30.07550048828127,5.879000854492188,394.5237579345703,20,2024-05-01
26,2024,6,22.62631900185035,26.5900030838816,24.608161042865976,3.96368408203125,394.5237579345703,19,2024-06-01
26,2024,7,25.848328314887176,28.653887261284744,27.25110778808596,2.8055589463975696,394.5237579345703,18,2024-07-01
26,2024,8,25.606997680664087,27.20599822998049,26.406497955322287,1.5990005493164063,394.5237579345703,20,2024-08-01
26,2024,9,26.13117101332723,27.022348920036787,26.57675996668201,0.8911779067095589,394.5237579345703,17,2024-09-01
26,2024,10,25.478331502278667,25.611110093858528,25.5447207980686,0.1327785915798611,394.5237579345703,18,2024-10-01
27,2020,10,28.418950452302653,28.363687936883245,28.39131919459295,-0.055262515419407895,449.5663757324219,19,2020-10-01
27,2020,11,27.923333740234398,28.173889838324676,28.048611789279537,0.2505560980902778,449.5663757324219,18,2020-11-01
27,2020,12,30.254735364412028,31.32789724249591,30.79131630345397,1.0731618780838816,449.5663757324219,19,2020-12-01
27,2021,1,31.48399810791018,35.43199768066408,33.45799789428713,3.9479995727539063,449.5663757324219,20,2021-01-01
27,2021,2,33.69333123101131,40.373334079318596,37.033332655164955,6.680002848307292,449.5663757324219,18,2021-02-01
27,2021,3,35.35315937243012,44.37684101305512,39.86500019274262,9.023681640625,449.5663757324219,19,2021-03-01
27,2021,4,31.479474840666143,39.41210166529608,35.44578825298111,7.932626824629934,449.5663757324219,19,2021-04-01
27,2021,5,29.202106997841305,33.38894524825249,31.295526123046898,4.186838250411184,449.5663757324219,19,2021-05-01
27,2021,6,30.501579204358574,31.73105532997535,31.116317267166963,1.2294761256167763,449.5663757324219,19,2021-06-01
27,2021,7,29.516503906250023,30.223001098632835,29.86975250244143,0.7064971923828125,449.5663757324219,20,2021-07-01
27,2021,8,28.401581131784564,29.08052657277963,28.741053852282096,0.6789454409950658,449.5663757324219,19,2021-08-01
27,2021,9,29.084446207682316,30.00666707356773,29.545556640625023,0.9222208658854166,449.5663757324219,18,2021-09-01
27,2021,10,28.015787546258245,30.837365722656273,29.42657663445726,2.821578176398026,449.5663757324219,19,2021-10-01
27,2021,11,28.160000770970417,30.747896214535384,29.4539484927529,2.587895443564967,449.5663757324219,19,2021-11-01
27,2021,12,29.790501403808616,32.15299987792971,30.971750640869164,2.362498474121094,449.5663757324219,20,2021-12-01
27,2022,1,32.617369320518115,38.0015808105469,35.3094750655325,5.3842114900287825,449.5663757324219,19,2022-01-01
27,2022,2,35.092780897352455,42.59888610839846,38.84583350287546,7.506105211046007,449.5663757324219,18,2022-02-01
27,2022,3,35.59052670127469,44.63157926860611,40.1110529849404,9.041052567331414,449.5663757324219,19,2022-03-01
27,2022,4,30.55263029399673,38.4899985865543,34.52131444027552,7.937368292557566,449.5663757324219,19,2022-04-01
27,2022,5,27.40299987792971,34.48350219726565,30.94325103759768,7.080502319335937,449.5663757324219,20,2022-05-01
27,2022,6,25.803330145941864,30.78555365668405,28.294441901312958,4.9822235107421875,449.5663757324219,18,2022-06-01
27,2022,7,27.79210333573193,33.00999884354443,30.40105108963818,5.2178955078125,449.5663757324219,19,2022-07-01
27,2022,8,27.53316007915298,32.677368485300185,30.105264282226585,5.144208406147204,449.5663757324219,19,2022-08-01
27,2022,9,26.497374203330615,34.18684178402552,30.342107993678066,7.6894675806949015,449.5663757324219,19,2022-09-01
27,2022,10,27.26105571546055,34.94579146535775,31.10342359040915,7.684735749897204,449.5663757324219,19,2022-10-01
27,2022,11,26.412633313630778,33.468952700966305,29.94079300729854,7.0563193873355265,449.5663757324219,19,2022-11-01
27,2022,12,30.271577855160384,37.105261872944105,33.68841986405224,6.8336840177837175,449.5663757324219,19,2022-12-01
27,2023,1,31.547900069387357,41.33052817896795,36.43921412417765,9.782628109580592,449.5663757324219,19,2023-01-01
27,2023,2,36.73777669270836,47.85000000000002,42.29388834635419,11.112223307291666,449.5663757324219,18,2023-02-01
27,2023,3,33.79250183105471,43.638999938964865,38.71575088500979,9.846498107910156,449.5663757324219,20,2023-03-01
27,2023,4,33.8755550808377,44.929444037543426,39.40249955919056,11.053888956705729,449.5663757324219,18,2023-04-01
27,2023,5,31.725788638466305,42.25473215203539,36.99026039525084,10.528943513569079,449.5663757324219,19,2023-05-01
27,2023,6,29.376314183285384,39.048420474403805,34.21236732884459,9.672106291118421,449.5663757324219,19,2023-06-01
27,2023,7,29.270527407997555,35.49789460834706,32.38421100817231,6.227367200349507,449.5663757324219,19,2023-07-01
27,2023,8,28.474998474121115,31.218501281738305,29.84674987792971,2.7435028076171877,449.5663757324219,20,2023-08-01
27,2023,9,30.022634727076504,34.11789454409953,32.07026463558802,4.0952598170230265,449.5663757324219,19,2023-09-01
27,2023,10,27.97105038291532,37.33894460577716,32.65499749434624,9.367894222861842,449.5663757324219,19,2023-10-01
27,2023,11,29.370000256990153,37.18473928351153,33.27736977025084,7.814739026521382,449.5663757324219,19,2023-11-01
27,2023,12,32.49421001233555,36.17578317742601,34.33499659488078,3.6815731650904606,449.5663757324219,19,2023-12-01
27,2024,1,35.20749969482424,42.775500488281274,38.99150009155276,7.568000793457031,449.5663757324219,20,2024-01-01
27,2024,2,37.60888909233943,48.7438903808594,43.17638973659942,11.135001288519966,449.5663757324219,18,2024-02-01
27,2024,3,38.9010526958265,50.08263067948193,44.491841687654215,11.181577983655428,449.5663757324219,19,2024-03-01
27,2024,4,36.58722330729169,46.77111036512589,41.67916683620879,10.183887057834202,449.5663757324219,18,2024-04-01
27,2024,5,31.82699890136721,39.55399627685549,35.69049758911135,7.726997375488281,449.5663757324219,20,2024-05-01
27,2024,6,26.658420281661208,33.08315750925167,29.87078889545644,6.424737227590461,449.5663757324219,19,2024-06-01
27,2024,7,27.00157599198193,33.58684210526318,30.294209048622555,6.58526611328125,449.5663757324219,19,2024-07-01
27,2024,8,27.52550201416018,28.339500427246115,27.93250122070315,0.8139984130859375,449.5663757324219,20,2024-08-01
27,2024,9,29.027499771118187,32.02812538146975,30.527812576293968,3.0006256103515625,449.5663757324219,16,2024-09-01
27,2024,10,28.266110568576412,33.28277825249568,30.77444441053605,5.0166676839192705,449.5663757324219,18,2024-10-01
28,2020,10,25.430529463918607,26.872634405838838,26.151581934878724,1.4421049419202303,543.58050537109375,19,2020-10-01
28,2020,11,25.51111246744794,25.384445868598114,25.447779168023025,-0.1266665988498264,543.58050537109375,18,2020-11-01
28,2020,12,27.135790694387357,27.309996273643115,27.222893484015238,0.17420557925575658,543.58050537109375,19,2020-12-01
28,2021,1,27.494000244140647,29.30049743652346,28.397248840332054,1.8064971923828126,543.58050537109375,20,2021-01-01
28,2021,2,28.97388610839846,32.79722154405384,30.88555382622615,3.823335435655382,543.58050537109375,18,2021-02-01
28,2021,3,28.266844418174365,32.39368671618012,30.330265567177243,4.126842298005757,543.58050537109375,19,2021-03-01
28,2021,4,25.985261937191634,29.60579030890216,27.795526123046898,3.620528371710526,543.58050537109375,19,2021-04-01
28,2021,5,23.992104299444925,27.152106355365976,25.57210532740545,3.1600020559210527,543.58050537109375,19,2021-05-01
28,2021,6,24.395790822882425,27.874738512541143,26.135264667711784,3.478947689658717,543.58050537109375,19,2021-06-01
28,2021,7,24.59749908447268,27.483000183105492,26.040249633789085,2.8855010986328127,543.58050537109375,20,2021-07-01
28,2021,8,24.216313733552653,26.86684249074838,25.541578112150518,2.650528757195724,543.58050537109375,19,2021-08-01
28,2021,9,25.45444471571183,28.14444546169707,26.79944508870445,2.690000745985243,543.58050537109375,18,2021-09-01
28,2021,10,25.544737484580615,28.32052483809624,26.932631161338428,2.775787353515625,543.58050537109375,19,2021-10-01
28,2021,11,24.158947111430944,26.846840627569925,25.502893869500433,2.6878935161389803,543.58050537109375,19,2021-11-01
28,2021,12,26.578498840332053,28.809503173828148,27.6940010070801,2.231004333496094,543.58050537109375,20,2021-12-01
28,2022,1,28.22631546823604,29.951053338301833,29.08868440326894,1.7247378700657894,543.58050537109375,19,2022-01-01
28,2022,2,29.14499986436634,32.46278279622398,30.803891330295162,3.317782931857639,543.58050537109375,18,2022-02-01
28,2022,3,28.033155260588018,33.54053087736433,30.786843068976175,5.507375616776316,543.58050537109375,19,2022-03-01
28,2022,4,25.235265149568278,30.113157894736865,27.67421152215257,4.877892745168586,543.58050537109375,19,2022-04-01
28,2022,5,23.85299987792971,28.327502441406274,26.090251159667993,4.4745025634765625,543.58050537109375,20,2022-05-01
28,2022,6,22.80722622341582,26.58222351074221,24.694724867079017,3.774997287326389,543.58050537109375,18,2022-06-01
28,2022,7,24.31157997532897,27.01526071648851,25.66342034590874,2.7036807411595394,543.58050537109375,19,2022-07-01
28,2022,8,24.59052348889805,27.37473690635282,25.982630197625433,2.7842134174547697,543.58050537109375,19,2022-08-01
28,2022,9,24.746317331414495,26.558947432668607,25.652632382041553,1.812630101254112,543.58050537109375,19,2022-09-01
28,2022,10,25.13999569541532,26.901576313219596,26.020786004317458,1.7615806178042763,543.58050537109375,19,2022-10-01
28,2022,11,24.1052618729441,25.754740182976995,24.93000102796055,1.6494783100328947,543.58050537109375,19,2022-11-01
28,2022,12,26.938950709292786,30.063157252261536,28.50105398077716,3.12420654296875,543.58050537109375,19,2022-12-01
28,2023,1,28.162630101254134,31.546839985094596,29.854735043174365,3.3842098838404606,543.58050537109375,19,2023-01-01
28,2023,2,30.438889227973114,35.48666619194881,32.96277770996096,5.047776963975695,543.58050537109375,18,2023-02-01
28,2023,3,27.28399810791018,33.3249954223633,30.30449676513674,6.040997314453125,543.58050537109375,20,2023-03-01
28,2023,4,27.296105957031273,33.08333231608075,30.18971913655601,5.7872263590494795,543.58050537109375,18,2023-04-01
28,2023,5,27.506314247532917,31.421051346628314,29.463682797080615,3.9147370990953947,543.58050537109375,19,2023-05-01
28,2023,6,26.95368266858555,30.03842034590874,28.496051507247145,3.084737677323191,543.58050537109375,19,2023-06-01
28,2023,7,27.019473748458083,30.10157888312091,28.560526315789495,3.0821051346628288,543.58050537109375,19,2023-07-01
28,2023,8,25.957499694824243,28.8809997558594,27.41924972534182,2.9235000610351563,543.58050537109375,20,2023-08-01
28,2023,9,26.53368690892272,29.519998972039495,28.026842940481107,2.986312063116776,543.58050537109375,19,2023-09-01
28,2023,10,25.951053338301833,28.75315487510282,27.352104106702324,2.8021015368009867,543.58050537109375,19,2023-10-01
28,2023,11,25.683682411595417,27.417365144428476,26.550523778011947,1.7336827328330593,543.58050537109375,19,2023-11-01
28,2023,12,28.23473671361022,30.3615806178043,29.29815866570726,2.1268439041940788,543.58050537109375,19,2023-12-01
28,2024,1,30.677142624627997,33.700475492931574,32.18880905877978,3.0233328683035716,543.58050537109375,21,2024-01-01
28,2024,2,31.176109144422767,34.29500223795575,32.73555569118926,3.118893093532986,543.58050537109375,18,2024-02-01
28,2024,3,30.889472078022226,35.51894691868834,33.20420949835528,4.629474840666118,543.58050537109375,19,2024-03-01
28,2024,4,28.40777825249568,33.576667616102455,30.99222293429907,5.1688893636067705,543.58050537109375,18,2024-04-01
28,2024,5,25.696501159667992,29.933499145507835,27.815000152587913,4.236997985839844,543.58050537109375,20,2024-05-01
28,2024,6,24.37764713062962,27.770004451976124,26.073825791302873,3.3923573213465072,543.58050537109375,17,2024-06-01
28,2024,7,25.191053209806768,28.50368331106088,26.84736826043382,3.3126301012541117,543.58050537109375,19,2024-07-01
28,2024,8,25.418498229980493,28.36600036621096,26.892249298095727,2.9475021362304688,543.58050537109375,20,2024-08-01
28,2024,9,26.40294081744028,28.104705092486235,27.25382295496326,1.7017642750459558,543.58050537109375,17,2024-09-01
28,2024,10,25.723889499240475,26.347777303059917,26.035833401150196,0.6238878038194444,543.58050537109375,18,2024-10-01
29,2020,10,27.067367071854463,31.80999787983144,29.43868247584295,4.7426308079769735,362.69093322753906,19,2020-10-01
29,2020,11,26.966668701171898,31.82111002604169,29.393889363606792,4.854441324869792,362.69093322753906,18,2020-11-01
29,2020,12,29.678947368421074,34.988424521998375,32.33368594520973,5.309477153577302,362.69093322753906,19,2020-12-01
29,2021,1,31.778501892089867,37.85749969482424,34.81800079345705,6.078997802734375,362.69093322753906,20,2021-01-01
29,2021,2,33.57277492947051,42.346112399631096,37.959443664550804,8.773337470160591,362.69093322753906,18,2021-02-01
29,2021,3,34.15210956774262,43.605265085320745,38.87868732653168,9.453155517578125,362.69093322753906,19,2021-03-01
29,2021,4,30.416839920847064,39.01526392886515,34.71605192485611,8.598424008018092,362.69093322753906,19,2021-04-01
29,2021,5,26.317367071854463,34.20105333830183,30.259210205078148,7.883686266447368,362.69093322753906,19,2021-05-01
29,2021,6,26.93894589072782,33.90526412160775,30.422105006167786,6.966318230879934,362.69093322753906,19,2021-06-01
29,2021,7,27.337500000000023,33.58949890136721,30.463499450683617,6.2519989013671875,362.69093322753906,20,2021-07-01
29,2021,8,26.248945055509893,32.027891781455615,29.138418418482754,5.7789467259457235,362.69093322753906,19,2021-08-01
29,2021,9,26.455002509223114,31.96555820041235,29.21028035481773,5.510555691189236,362.69093322753906,18,2021-09-01
29,2021,10,26.383158151726995,32.40316001490545,29.393159083316224,6.020001863178454,362.69093322753906,19,2021-10-01
29,2021,11,27.145790822882425,32.47000154194081,29.807896182411618,5.324210719058388,362.69093322753906,19,2021-11-01
29,2021,12,30.15500183105471,36.56200103759768,33.35850143432619,6.406999206542968,362.69093322753906,20,2021-12-01
29,2022,1,33.6842124537418,42.495260459498375,38.08973645662009,8.811048005756579,362.69093322753906,19,2022-01-01
29,2022,2,36.37000088161895,46.895001559787346,41.63250122070315,10.525000678168404,362.69093322753906,18,2022-02-01
29,2022,3,35.41474063270973,47.70052490234377,41.55763276752675,12.285784269634046,362.69093322753906,19,2022-03-01
29,2022,4,30.269473748458083,41.1510526958265,35.710263222142295,10.881578947368421,362.69093322753906,19,2022-04-01
29,2022,5,26.51100006103518,34.56250000000002,30.536750030517602,8.051499938964843,362.69093322753906,20,2022-05-01
29,2022,6,25.804444037543426,31.447776624891517,28.626110331217472,5.64333258734809,362.69093322753906,18,2022-06-01
29,2022,7,27.168420410156273,32.37210436369246,29.770262386924365,5.203683953536184,362.69093322753906,19,2022-07-01
29,2022,8,27.252631257709726,32.245787289268115,29.74920927348892,4.993156031558388,362.69093322753906,19,2022-08-01
29,2022,9,24.68263357062091,29.087368935032917,26.885001252826914,4.404735364412007,362.69093322753906,19,2022-09-01
29,2022,10,26.173997497558616,30.931997680664086,28.55299758911135,4.758000183105469,362.69093322753906,20,2022-10-01
29,2022,11,25.965790116159564,30.64105256733144,28.3034213417455,4.675262451171875,362.69093322753906,19,2022-11-01
29,2022,12,30.653685238486865,36.629475161903805,33.641580200195335,5.975789923416941,362.69093322753906,19,2022-12-01
29,2023,1,32.32789563630759,39.553158729954795,35.94052718313119,7.225263093647204,362.69093322753906,19,2023-01-01
29,2023,2,36.8961120605469,46.91833224826391,41.9072221544054,10.022220187717014,362.69093322753906,18,2023-02-01
29,2023,3,33.75799865722659,43.44099884033206,38.59949874877932,9.683000183105468,362.69093322753906,20,2023-03-01
29,2023,4,32.42667032877606,43.73110690646703,38.07888861762155,11.304436577690971,362.69093322753906,18,2023-04-01
29,2023,5,30.633156545538675,40.645262386924365,35.63920946623152,10.01210584138569,362.69093322753906,19,2023-05-01
29,2023,6,28.63105083264805,36.63210609837584,32.63157846551195,8.001055265727796,362.69093322753906,19,2023-06-01
29,2023,7,29.070528050472884,37.782103207236865,33.42631562885487,8.71157515676398,362.69093322753906,19,2023-07-01
29,2023,8,29.018000793457055,36.47999725341799,32.74899902343752,7.461996459960938,362.69093322753906,20,2023-08-01
29,2023,9,30.201578561883245,36.16000077097042,33.18078966642683,5.958422209087171,362.69093322753906,19,2023-09-01
29,2023,10,28.403156802528805,33.3742116827714,30.888684242650104,4.9710548802425985,362.69093322753906,19,2023-10-01
29,2023,11,30.153156802528805,34.31631501850331,32.23473591051606,4.163158215974507,362.69093322753906,19,2023-11-01
29,2023,12,32.601053659539495,37.596842233758245,35.09894794664887,4.99578857421875,362.69093322753906,19,2023-12-01
29,2024,1,34.90333164760047,40.149999418712824,37.526665533156645,5.246667771112351,362.69093322753906,21,2024-01-01
29,2024,2,37.696662733289955,45.580555216471375,41.63860897488067,7.883892483181423,362.69093322753906,18,2024-02-01
29,2024,3,38.57526309364723,48.24526688425167,43.41026498894945,9.67000379060444,362.69093322753906,19,2024-03-01
29,2024,4,34.85389099121096,46.00611267089846,40.43000183105471,11.1522216796875,362.69093322753906,18,2024-04-01
29,2024,5,29.04650115966799,39.029998779296896,34.03824996948244,9.983497619628906,362.69093322753906,20,2024-05-01
29,2024,6,24.564441935221378,31.688333129882835,28.126387532552105,7.123891194661458,362.69093322753906,18,2024-06-01
29,2024,7,26.578330824110267,32.31499803331165,29.44666442871096,5.736667209201389,362.69093322753906,18,2024-07-01
29,2024,8,27.330000305175805,30.94100036621096,29.135500335693383,3.6110000610351563,362.69093322753906,20,2024-08-01
29,2024,9,27.77999985638789,31.384702076631456,29.582350966509672,3.604702220243566,362.69093322753906,17,2024-09-01
29,2024,10,28.11444498697919,31.508333672417557,29.811389329698372,3.393888685438368,362.69093322753906,18,2024-10-01
30,2020,10,25.365262001439167,29.364736777857754,27.36499938964846,3.9994747764185856,484.16246032714844,19,2020-10-01
30,2020,11,25.796670532226585,29.477219306098114,27.63694491916235,3.6805487738715277,484.16246032714844,18,2020-11-01
30,2020,12,28.043158601459726,32.66736996299344,30.355264282226585,4.6242113615337175,484.16246032714844,19,2020-12-01
30,2021,1,29.66449890136721,35.93400115966799,32.7992500305176,6.269502258300781,484.16246032714844,20,2021-01-01
30,2021,2,31.47444220648874,38.55221964518231,35.013330925835525,7.077777438693577,484.16246032714844,18,2021-02-01
30,2021,3,32.21368761564558,39.459472977487685,35.83658029656664,7.245785361842105,484.16246032714844,19,2021-03-01
30,2021,4,29.07262894479854,35.132629715768935,32.10262933028374,6.060000770970395,484.16246032714844,19,2021-04-01
30,2021,5,24.559472656250023,29.39105256733144,26.97526261179073,4.831579911081414,484.16246032714844,19,2021-05-01
30,2021,6,24.627894672594596,29.702630615234398,27.165262643914495,5.074735942639802,484.16246032714844,19,2021-06-01
30,2021,7,25.322500610351586,29.7059997558594,27.514250183105492,4.3834991455078125,484.16246032714844,20,2021-07-01
30,2021,8,24.552106676603643,28.496315725226175,26.52421120091491,3.944209048622533,484.16246032714844,19,2021-08-01
30,2021,9,25.907223849826412,28.953886922200542,27.430555386013477,3.046663072374132,484.16246032714844,18,2021-09-01
30,2021,10,26.394210333573213,28.769997365851175,27.582103849712194,2.3757870322779606,484.16246032714844,19,2021-10-01
30,2021,11,26.748419831928476,29.05578806023851,27.902103946083493,2.307368228310033,484.16246032714844,19,2021-11-01
30,2021,12,29.085501098632836,32.26700286865237,30.6762519836426,3.181501770019531,484.16246032714844,20,2021-12-01
30,2022,1,31.915791079872555,37.50158241673522,34.70868674830389,5.585791336862664,484.16246032714844,19,2022-01-01
30,2022,2,34.2166687011719,43.36444498697919,38.790556844075546,9.147776285807291,484.16246032714844,18,2022-02-01
30,2022,3,32.97947644685446,43.72894640470808,38.35421142578127,10.749469957853618,484.16246032714844,19,2022-03-01
30,2022,4,28.490003405119268,37.26157933285364,32.875791368986455,8.771575927734375,484.16246032714844,19,2022-04-01
30,2022,5,24.788500976562524,29.777001953125023,27.282751464843773,4.9885009765625,484.16246032714844,20,2022-05-01
30,2022,6,24.81833462185332,28.674444240993946,26.746389431423633,3.856109619140625,484.16246032714844,18,2022-06-01
30,2022,7,26.33210063733555,29.511054109272226,27.921577373303887,3.1789534719366777,484.16246032714844,19,2022-07-01
30,2022,8,26.465791722347884,29.39947541889394,27.93263357062091,2.9336836965460527,484.16246032714844,19,2022-08-01
30,2022,9,23.830001349198213,25.96157708418999,24.8957892166941,2.131575734991776,484.16246032714844,19,2022-09-01
30,2022,10,25.13800201416018,27.587005615234396,26.362503814697288,2.4490036010742187,484.16246032714844,20,2022-10-01
30,2022,11,25.210521818462194,27.777368164062523,26.493944991262357,2.5668463456003288,484.16246032714844,19,2022-11-01
30,2022,12,29.60158048930923,33.30052297491778,31.45105173211351,3.6989424856085527,484.16246032714844,19,2022-12-01
30,2023,1,30.4342124537418,36.06210038034542,33.24815641704361,5.627887926603618,484.16246032714844,19,2023-01-01
30,2023,2,34.87166917588978,42.22166680230037,38.54666798909508,7.34999762641059,484.16246032714844,18,2023-02-01
30,2023,3,30.89699859619143,39.57450103759768,35.235749816894554,8.67750244140625,484.16246032714844,20,2023-03-01
30,2023,4,29.796663750542557,37.263891262478325,33.53027750651044,7.467227511935764,484.16246032714844,18,2023-04-01
30,2023,5,28.422635048314167,34.31210680509871,31.36737092670644,5.889471756784539,484.16246032714844,19,2023-05-01
30,2023,6,27.227892745168607,31.413683760793607,29.320788252981107,4.185791015625,484.16246032714844,19,2023-06-01
30,2023,7,28.257899555407096,31.85315937243012,30.055529463918607,3.595259817023026,484.16246032714844,19,2023-07-01
30,2023,8,27.522000122070335,30.700999450683618,29.111499786376974,3.178999328613281,484.16246032714844,20,2023-08-01
30,2023,9,28.167365144428476,31.24842304430512,29.7078940943668,3.0810578998766447,484.16246032714844,19,2023-09-01
30,2023,10,26.754735364412028,29.974209755345417,28.364472559878724,3.2194743909333883,484.16246032714844,19,2023-10-01
30,2023,11,28.3147345291941,31.202630615234398,29.75868257221425,2.8878960860402962,484.16246032714844,19,2023-11-01
30,2023,12,30.642629844264004,34.984738319798545,32.81368408203127,4.342108475534539,484.16246032714844,19,2023-12-01
30,2024,1,31.757140822637673,37.607145472935294,34.68214314778648,5.850004650297619,484.16246032714844,21,2024-01-01
30,2024,2,34.95610792371964,44.607224188910614,39.781666056315125,9.651116265190971,484.16246032714844,18,2024-02-01
30,2024,3,35.08210384971219,48.68579294305101,41.883948396381605,13.603689093338815,484.16246032714844,19,2024-03-01
30,2024,4,31.643333265516517,43.94555562337242,37.794444444444466,12.302222357855904,484.16246032714844,18,2024-04-01
30,2024,5,26.81049957275393,35.29600219726565,31.05325088500979,8.485502624511719,484.16246032714844,20,2024-05-01
30,2024,6,22.46000301963407,28.04894730417354,25.254475161903805,5.5889442845394735,484.16246032714844,19,2024-06-01
30,2024,7,25.682222832573807,30.050556437174503,27.866389634874153,4.368333604600695,484.16246032714844,18,2024-07-01
30,2024,8,25.432998657226584,28.035501098632835,26.73424987792971,2.60250244140625,484.16246032714844,20,2024-08-01
30,2024,9,25.494116569967854,28.456470444623186,26.975293507295518,2.962353874655331,484.16246032714844,17,2024-09-01
30,2024,10,25.00944078233509,28.767219373914955,26.888330078125023,3.757778591579861,484.16246032714844,18,2024-10-01
31,2020,10,21.553160336143115,24.183685623972064,22.868422980057588,2.6305252878289473,885.0867614746094,19,2020-10-01
31,2020,11,23.004444376627628,24.656106567382835,23.83027547200523,1.6516621907552083,885.0867614746094,18,2020-11-01
31,2020,12,24.752102821751667,27.302631900185055,26.027367360968363,2.5505290784333883,885.0867614746094,19,2020-12-01
31,2021,1,26.401496887207053,31.32599792480471,28.86374740600588,4.924501037597656,885.0867614746094,20,2021-01-01
31,2021,2,27.516668362087696,33.33888821072051,30.427778286404102,5.8222198486328125,885.0867614746094,18,2021-02-01
31,2021,3,27.065788188733574,33.717367393092125,30.39157779091285,6.651579204358552,885.0867614746094,19,2021-03-01
31,2021,4,23.82420782791943,29.96420962685035,26.894208727384893,6.140001798930921,885.0867614746094,19,2021-04-01
31,2021,5,20.981052117598708,25.747367778577324,23.364209948088018,4.766315660978618,885.0867614746094,19,2021-05-01
31,2021,6,21.04052284642272,25.110000128495088,23.075261487458903,4.069477282072368,885.0867614746094,19,2021-06-01
31,2021,7,21.64600067138674,25.559500122070336,23.60275039672854,3.913499450683594,885.0867614746094,20,2021-07-01
31,2021,8,19.75210442793999,23.259995631167786,21.506050029553887,3.5078912032277962,885.0867614746094,19,2021-08-01
31,2021,9,21.48944498697919,25.350003390842037,23.419724188910614,3.8605584038628473,885.0867614746094,18,2021-09-01
31,2021,10,20.673688707853643,24.386839535361865,22.530264121607754,3.713150827508224,885.0867614746094,19,2021-10-01
31,2021,11,21.465791722347884,25.34210397820726,23.40394785027757,3.876312255859375,885.0867614746094,19,2021-11-01
31,2021,12,24.730499267578146,28.03399810791018,26.382248687744163,3.3034988403320313,885.0867614746094,20,2021-12-01
31,2022,1,27.268423301295254,30.56737189041943,28.91789759585734,3.2989485891241777,885.0867614746094,19,2022-01-01
31,2022,2,28.142778862847244,33.91166585286461,31.027222357855926,5.768886990017361,885.0867614746094,18,2022-02-01
31,2022,3,26.774734015213838,33.58789255242601,30.181313283819925,6.813158537212171,885.0867614746094,19,2022-03-01
31,2022,4,23.60894807514394,29.516320800781273,26.562634437962604,5.907372725637336,885.0867614746094,19,2022-04-01
31,2022,5,21.243000793457053,25.14250183105471,23.192751312255883,3.8995010375976564,885.0867614746094,20,2022-05-01
31,2022,6,21.144443766276066,23.60888909233943,22.376666429307747,2.464445326063368,885.0867614746094,18,2022-06-01
31,2022,7,21.421576570209726,23.891581003289495,22.656578786749613,2.4700044330797697,885.0867614746094,19,2022-07-01
31,2022,8,21.970525159333903,24.545789537931768,23.258157348632835,2.5752643785978617,885.0867614746094,19,2022-08-01
31,2022,9,19.55946944387338,21.989471756784564,20.77447060032897,2.430002312911184,885.0867614746094,19,2022-09-01
31,2022,10,20.478997802734398,22.907502746582054,21.693250274658226,2.4285049438476563,885.0867614746094,20,2022-10-01
31,2022,11,21.102632542660384,23.684209241365153,22.39342089201277,2.5815766987047697,885.0867614746094,19,2022-11-01
31,2022,12,24.836318487870088,28.63262971576894,26.73447410181951,3.796311227898849,885.0867614746094,19,2022-12-01
31,2023,1,26.52473722759048,30.90526251541943,28.714999871504958,4.380525287828948,885.0867614746094,19,2023-01-01
31,2023,2,29.729998101128494,35.39166666666669,32.56083238389759,5.661668565538195,885.0867614746094,18,2023-02-01
31,2023,3,26.416001892089866,32.26150054931643,29.33875122070315,5.845498657226562,885.0867614746094,20,2023-03-01
31,2023,4,25.240523810135713,30.22579185084295,27.733157830489333,4.985268040707237,885.0867614746094,19,2023-04-01
31,2023,5,24.622101151315814,28.598421116879134,26.610261134097474,3.9763199655633223,885.0867614746094,19,2023-05-01
31,2023,6,24.205555216471378,26.712776014539955,25.459165615505665,2.5072207980685763,885.0867614746094,18,2023-06-01
31,2023,7,24.86736610814147,26.174737548828148,25.521051828484808,1.3073714406866777,885.0867614746094,19,2023-07-01
31,2023,8,23.551997375488305,25.2789978027344,24.41549758911135,1.7270004272460937,885.0867614746094,20,2023-08-01
31,2023,9,22.852102500514004,24.84315603155841,23.847629266036208,1.991053531044408,885.0867614746094,19,2023-09-01
31,2023,10,21.54052445261104,23.735263543379958,22.6378939979955,2.1947390907689144,885.0867614746094,19,2023-10-01
31,2023,11,24.021055843955615,26.296316367701504,25.158686105828558,2.2752605237458883,885.0867614746094,19,2023-11-01
31,2023,12,27.0815802323191,30.0731573807566,28.57736880653785,2.9915771484375,885.0867614746094,19,2023-12-01
31,2024,1,28.47950134277346,32.81250000000002,30.64600067138674,4.332998657226563,885.0867614746094,20,2024-01-01
31,2024,2,29.660000770970417,36.03841873972042,32.84920975534542,6.37841796875,885.0867614746094,19,2024-02-01
31,2024,3,29.520522589432588,36.81263202868012,33.16657730905636,7.2921094392475325,885.0867614746094,19,2024-03-01
31,2024,4,26.06778021918405,32.60666300455731,29.33722161187068,6.538882785373264,885.0867614746094,18,2024-04-01
31,2024,5,23.363500976562523,28.78849792480471,26.075999450683618,5.424996948242187,885.0867614746094,20,2024-05-01
31,2024,6,19.91894563373769,24.04052445261104,21.979735043174365,4.121578818873355,885.0867614746094,19,2024-06-01
31,2024,7,22.243888685438392,26.93611043294273,24.58999955919056,4.69222174750434,885.0867614746094,18,2024-07-01
31,2024,8,21.850498962402366,26.17450408935549,24.01250152587893,4.324005126953125,885.0867614746094,20,2024-08-01
31,2024,9,22.359998994715095,25.61647051642925,23.988234755572172,3.2564715217141544,885.0867614746094,17,2024-09-01
31,2024,10,22.44278021918405,24.439998033311653,23.441389126247852,1.9972178141276042,885.0867614746094,18,2024-10-01
32,2020,10,19.48262778834295,19.86552076277497,19.67407427555896,0.38289297443201886,1051.1854858398438,19,2020-10-01
32,2020,11,19.966110907660614,20.347321747562393,20.156716327611505,0.3812108399017815,1051.1854858398438,18,2020-11-01
32,2020,12,21.952102179276338,22.4255688207328,22.18883550000457,0.47346664145645956,1051.1854858398438,19,2020-12-01
32,2021,1,23.553997802734397,25.036553672606793,24.295275737670593,1.4825558698723937,1051.1854858398438,20,2021-01-01
32,2021,2,24.012224663628494,27.23053337543021,25.621379019529353,3.2183087118017144,1051.1854858398438,18,2021-02-01
32,2021,3,23.77158267372535,26.856038646236936,25.313810659981144,3.0844559725115825,1051.1854858398438,19,2021-03-01
32,2021,4,21.077894030119268,23.136375366334715,22.10713469822699,2.0584813362154484,1051.1854858398438,19,2021-04-01
32,2021,5,19.194737805818278,20.43938562773925,19.817061716778763,1.2446478219209691,1051.1854858398438,19,2021-05-01
32,2021,6,19.94315731650907,21.15852942398349,20.55084337024628,1.2153721074744226,1051.1854858398438,19,2021-06-01
32,2021,7,20.410000610351585,21.72874326862049,21.06937193948604,1.3187426582689057,1051.1854858398438,20,2021-07-01
32,2021,8,18.404207249691634,19.051861183653852,18.728034216672743,0.6476539339622186,1051.1854858398438,19,2021-08-01
32,2021,9,20.07666422526044,20.624908739206205,20.35078648223332,0.5482445139457658,1051.1854858398438,18,2021-09-01
32,2021,10,20.273158344469596,20.985203823450792,20.629181083960194,0.7120454789811973,1051.1854858398438,19,2021-10-01
32,2021,11,20.863683118318278,22.28535934360105,21.574521230959665,1.4216762252827708,1051.1854858398438,19,2021-11-01
32,2021,12,23.00350036621096,24.829430569018548,23.916465467614756,1.8259302028075894,1051.1854858398438,20,2021-12-01
32,2022,1,23.295262708162028,26.43769150097557,24.8664771045688,3.1424287928135426,1051.1854858398438,19,2022-01-01
32,2022,2,24.216667005750892,27.5999456608526,25.908306333301745,3.38327865510171,1051.1854858398438,18,2022-02-01
32,2022,3,23.16736835680512,26.570269818355587,24.868819087580352,3.402901461550465,1051.1854858398438,19,2022-03-01
32,2022,4,20.42684165553045,22.94769309457288,21.687267375051665,2.520851439042429,1051.1854858398438,19,2022-04-01
32,2022,5,19.57526630602387,21.624778184536222,20.600022245280048,2.0495118785123503,1051.1854858398438,19,2022-05-01
32,2022,6,19.723889499240475,20.376043352707327,20.0499664259739,0.6521538534668517,1051.1854858398438,18,2022-06-01
32,2022,7,20.652996826171897,21.094379491492095,20.873688158831996,0.44138266532019654,1051.1854858398438,20,2022-07-01
32,2022,8,21.74737099095397,22.327358257944073,22.037364624449022,0.5799872669901028,1051.1854858398438,19,2022-08-01
32,2022,9,18.899473812705615,20.217422875544607,19.55844834412511,1.317949062838992,1051.1854858398438,19,2022-09-01
32,2022,10,18.900003051757835,20.62159299751584,19.760798024636838,1.7215899457580037,1051.1854858398438,20,2022-10-01
32,2022,11,19.699998072574036,21.48030967912782,20.590153875850927,1.7803116065537845,1051.1854858398438,19,2022-11-01
32,2022,12,21.889998907791963,26.135377147888704,24.012688027840333,4.245378240096742,1051.1854858398438,19,2022-12-01
32,2023,1,22.502629651521403,27.369020648827576,24.93582515017449,4.866390997306173,1051.1854858398438,19,2023-01-01
32,2023,2,25.706111314561653,31.36506576333811,28.53558853894988,5.658954448776452,1051.1854858398438,18,2023-02-01
32,2023,3,23.127505493164087,27.51369302918113,25.320599261172607,4.386187536017045,1051.1854858398438,20,2023-03-01
32,2023,4,22.72578703227798,25.373082496144,24.049434764210993,2.647295463866017,1051.1854858398438,19,2023-04-01
32,2023,5,22.857365979646403,24.967875609279822,23.912620794463113,2.110509629633417,1051.1854858398438,19,2023-05-01
32,2023,6,22.158418675472884,23.183877587529444,22.671148131501166,1.0254589120565596,1051.1854858398438,19,2023-06-01
32,2023,7,22.494213224712194,23.406928814731653,22.950571019721924,0.9127155900194602,1051.1854858398438,19,2023-07-01
32,2023,8,21.87250213623049,22.52594276916067,22.19922245269558,0.6534406329301788,1051.1854858398438,20,2023-08-01
32,2023,9,21.428940943667786,21.834873230957054,21.63190708731242,0.4059322872892668,1051.1854858398438,19,2023-09-01
32,2023,10,20.793683825041143,20.853225361402966,20.823454593222053,0.059541536361824625,1051.1854858398438,19,2023-10-01
32,2023,11,22.20150299072268,22.35902594827764,22.28026446950016,0.15752295755496276,1051.1854858398438,20,2023-11-01
32,2023,12,23.750523938630778,26.946112429514102,25.34831818407244,3.195588490883321,1051.1854858398438,19,2023-12-01
32,2024,1,24.192859177362372,28.162819378669052,26.177839278015714,3.969960201306679,1051.1854858398438,21,2024-01-01
32,2024,2,25.64631765265216,29.455882706980606,27.551100179816384,3.809565054328447,1051.1854858398438,19,2024-02-01
32,2024,3,26.21421444541532,30.56758105021594,28.39089774781563,4.353366604800619,1051.1854858398438,19,2024-03-01
32,2024,4,23.476108805338566,27.236291291861992,25.35620004860028,3.7601824865234272,1051.1854858398438,18,2024-04-01
32,2024,5,20.925505065917992,23.627995224940147,22.27675014542907,2.702490159022156,1051.1854858398438,20,2024-05-01
32,2024,6,18.18579133686269,20.105992294420282,19.145891815641484,1.9202009575575942,1051.1854858398438,19,2024-06-01
32,2024,7,19.828417647512357,21.720969432121358,20.77469353981686,1.8925517846090003,1051.1854858398438,19,2024-07-01
32,2024,8,20.22199859619143,21.93451971269696,21.078259154444197,1.7125211165055334,1051.1854858398438,20,2024-08-01
32,2024,9,20.632221476237003,21.627388396632856,21.12980493643493,0.9951669203958539,1051.1854858398438,18,2024-09-01
32,2024,10,21.920554945204017,22.32502432762892,22.122789636416467,0.40446938242490343,1051.1854858398438,18,2024-10-01
33,2020,10,27.30736854954772,29.542628559313346,28.424998554430534,2.235260009765625,810.50048828125,19,2020-10-01
33,2020,11,27.465554809570335,30.051663547092037,28.758609178331184,2.5861087375217013,810.50048828125,18,2020-11-01
33,2020,12,30.00999884354443,33.35736758583473,31.68368321468958,3.3473687422902962,810.50048828125,19,2020-12-01
33,2021,1,30.935498046875022,36.26450042724612,33.59999923706057,5.329002380371094,810.50048828125,20,2021-01-01
33,2021,2,31.804442342122417,40.87277628580731,36.33860931396487,9.068333943684896,810.50048828125,18,2021-02-01
33,2021,3,32.05368395353621,40.572632157175185,36.3131580553557,8.51894820363898,810.50048828125,19,2021-03-01
33,2021,4,28.765790758634893,35.257894736842125,32.01184274773851,6.492103978207237,810.50048828125,19,2021-04-01
33,2021,5,26.104739861739333,31.309475868626667,28.707107865183,5.204736006887336,810.50048828125,19,2021-05-01
33,2021,6,27.04052927117601,29.719473105982754,28.38000118857938,2.6789438348067436,810.50048828125,19,2021-06-01
33,2021,7,26.56200103759768,27.86600036621096,27.214000701904318,1.3039993286132812,810.50048828125,20,2021-07-01
33,2021,8,25.73368466025907,26.97578703227798,26.354735846268525,1.2421023720189144,810.50048828125,19,2021-08-01
33,2021,9,26.287776353624153,28.40666436089412,27.347220357259136,2.118888007269965,810.50048828125,18,2021-09-01
33,2021,10,27.17000089946548,30.934210847553476,29.05210587350948,3.7642099480879936,810.50048828125,19,2021-10-01
33,2021,11,27.358946468955615,31.091578754625846,29.22526261179073,3.7326322856702303,810.50048828125,19,2021-11-01
33,2021,12,30.31700134277346,34.09949798583987,32.20824966430666,3.7824966430664064,810.50048828125,20,2021-12-01
33,2022,1,32.29947413394328,38.40420724969164,35.35184069181746,6.104733115748355,810.50048828125,19,2022-01-01
33,2022,2,33.383886379665825,43.29888814290367,38.341387261284744,9.915001763237846,810.50048828125,18,2022-02-01
33,2022,3,32.75263447008637,45.07210532740545,38.91236989874591,12.319470857319079,810.50048828125,19,2022-03-01
33,2022,4,28.021051025390648,38.72315770199427,33.37210436369246,10.702106676603618,810.50048828125,19,2022-04-01
33,2022,5,25.172996520996115,34.612501525878926,29.892749023437524,9.439505004882813,810.50048828125,20,2022-05-01
33,2022,6,24.83722161187068,27.62888827853735,26.233054945204017,2.7916666666666665,810.50048828125,18,2022-06-01
33,2022,7,26.904210462068278,29.107896021792786,28.006053241930534,2.2036855597245064,810.50048828125,19,2022-07-01
33,2022,8,26.82210372121713,30.24210751182157,28.53210561651935,3.420003790604441,810.50048828125,19,2022-08-01
33,2022,9,25.972105648643115,29.272106291118444,27.622105969880778,3.3000006424753288,810.50048828125,19,2022-09-01
33,2022,10,26.796313155324857,29.651055908203148,28.223684531764004,2.8547427528782894,810.50048828125,19,2022-10-01
33,2022,11,25.6778937088816,28.449474455180944,27.063684082031273,2.771580746299342,810.50048828125,19,2022-11-01
33,2022,12,29.990001798930944,34.00210442793999,31.996053113435465,4.012102629009046,810.50048828125,19,2022-12-01
33,2023,1,31.34158196700249,38.69263048673933,35.01710622687091,7.3510485197368425,810.50048828125,19,2023-01-01
33,2023,2,34.22167019314239,44.36610989040801,39.2938900417752,10.144439697265625,810.50048828125,18,2023-02-01
33,2023,3,30.697497558593774,40.68700256347658,35.69225006103518,9.989505004882812,810.50048828125,20,2023-03-01
33,2023,4,31.043335639105926,39.51277906629777,35.27805735270184,8.469443427191841,810.50048828125,18,2023-04-01
33,2023,5,29.86737092670644,36.475788638466305,33.17157978258637,6.608417711759868,810.50048828125,19,2023-05-01
33,2023,6,27.918420410156273,33.01420866313736,30.466314536646816,5.095788252981086,810.50048828125,19,2023-06-01
33,2023,7,28.95736565840874,32.06210680509871,30.509736231753724,3.104741146689967,810.50048828125,19,2023-07-01
33,2023,8,28.23549957275393,30.864004516601586,29.549752044677756,2.6285049438476564,810.50048828125,20,2023-08-01
33,2023,9,29.756839471114333,32.47526341488489,31.116051442999613,2.718423943770559,810.50048828125,19,2023-09-01
33,2023,10,28.086840499074857,30.827894030119268,29.457367264597064,2.741053531044408,810.50048828125,19,2023-10-01
33,2023,11,29.34105353104443,32.254736970600355,30.797895250822393,2.9136834395559212,810.50048828125,19,2023-11-01
33,2023,12,31.7973716334293,36.63999890779196,34.21868527061063,4.842627274362664,810.50048828125,19,2023-12-01
33,2024,1,34.40850067138674,39.51149444580081,36.95999755859377,5.102993774414062,810.50048828125,20,2024-01-01
33,2024,2,35.82722201877172,43.42944573296443,39.62833387586808,7.602223714192708,810.50048828125,18,2024-02-01
33,2024,3,36.08368594520973,47.92052451685858,42.00210523103415,11.83683857164885,810.50048828125,19,2024-03-01
33,2024,4,34.90722554524742,45.2661088731554,40.08666720920141,10.358883327907986,810.50048828125,18,2024-04-01
33,2024,5,31.461999511718773,38.84400177001955,35.153000640869166,7.382002258300782,810.50048828125,20,2024-05-01
33,2024,6,26.3178939016242,32.17420911287009,29.246051507247145,5.856315211245888,810.50048828125,19,2024-06-01
33,2024,7,26.357367585834726,29.017366429379134,27.68736700760693,2.659998843544408,810.50048828125,19,2024-07-01
33,2024,8,26.64550476074221,29.409497070312522,28.027500915527366,2.7639923095703125,810.50048828125,20,2024-08-01
33,2024,9,27.311874008178734,30.189376449584984,28.75062522888186,2.87750244140625,810.50048828125,16,2024-09-01
33,2024,10,27.35499640570749,28.976668294270855,28.165832349989174,1.621671888563368,810.50048828125,18,2024-10-01
34,2020,10,26.032628430818278,27.396841270045254,26.714734850431768,1.3642128392269737,836.64892578125,19,2020-10-01
34,2020,11,25.08610772026912,26.359997897677975,25.72305280897355,1.2738901774088542,836.64892578125,18,2020-11-01
34,2020,12,26.986840820312523,28.98894813939147,27.987894479851995,2.0021073190789473,836.64892578125,19,2020-12-01
34,2021,1,26.916001892089866,31.56600036621096,29.241001129150412,4.649998474121094,836.64892578125,20,2021-01-01
34,2021,2,28.30777553982207,33.75388658311634,31.030831061469208,5.4461110432942705,836.64892578125,18,2021-02-01
34,2021,3,29.118419767680944,34.514211875514,31.816315821597474,5.395792107833059,836.64892578125,19,2021-03-01
34,2021,4,25.3668440969367,29.85105526572782,27.60894968133226,4.484211168791118,836.64892578125,19,2021-04-01
34,2021,5,23.100528435958083,25.32263215717519,24.211580296566634,2.2221037212171053,836.64892578125,19,2021-05-01
34,2021,6,23.677896921258245,25.292630165501667,24.485263543379958,1.614733244243421,836.64892578125,19,2021-06-01
34,2021,7,23.737002563476587,25.11150054931643,24.424251556396506,1.3744979858398438,836.64892578125,20,2021-07-01
34,2021,8,22.911054430509893,24.13000199167354,23.520528211091715,1.2189475611636513,836.64892578125,19,2021-08-01
34,2021,9,23.135001966688392,24.466110907660614,23.800556437174503,1.3311089409722223,836.64892578125,18,2021-09-01
34,2021,10,24.535262579666963,25.93157991108144,25.2334212453742,1.3963173314144737,836.64892578125,19,2021-10-01
34,2021,11,24.95947458367601,25.824209434107754,25.39184200889188,0.8647348504317435,836.64892578125,19,2021-11-01
34,2021,12,26.96449890136721,27.70149841308596,27.332998657226586,0.73699951171875,836.64892578125,20,2021-12-01
34,2022,1,28.956313605057588,30.7047347219367,29.830524163497145,1.748421116879112,836.64892578125,19,2022-01-01
34,2022,2,30.28277825249568,33.356108601888046,31.819443427191864,3.073330349392361,836.64892578125,18,2022-02-01
34,2022,3,28.783685302734398,32.96105186060858,30.872368581671488,4.177366557874177,836.64892578125,19,2022-03-01
34,2022,4,25.313684082031273,29.306314890008245,27.30999948601976,3.992630807976974,836.64892578125,19,2022-04-01
34,2022,5,22.942500305175805,26.62299957275393,24.782749938964866,3.680499267578125,836.64892578125,20,2022-05-01
34,2022,6,22.975554402669292,25.558889431423633,24.267221917046463,2.58333502875434,836.64892578125,18,2022-06-01
34,2022,7,24.76157772666532,27.42315705951894,26.09236739309213,2.6615793328536186,836.64892578125,19,2022-07-01
34,2022,8,24.74157746967519,26.26947214226976,25.505524805972474,1.5278946725945723,836.64892578125,19,2022-08-01
34,2022,9,23.043158601459726,22.536314633018115,22.78973661723892,-0.5068439684416118,836.64892578125,19,2022-09-01
34,2022,10,23.493000793457053,22.741499328613305,23.11725006103518,-0.75150146484375,836.64892578125,20,2022-10-01
34,2022,11,23.34474294562091,22.621574321546074,22.983158633583493,-0.7231686240748355,836.64892578125,19,2022-11-01
34,2022,12,26.646842876233574,28.672627017372555,27.659734946803066,2.0257841411389803,836.64892578125,19,2022-12-01
34,2023,1,27.82210050884048,30.655265727796074,29.238683118318278,2.833165218955592,836.64892578125,19,2023-01-01
34,2023,2,31.207220119900196,34.11833428276912,32.662777201334656,2.9111141628689237,836.64892578125,18,2023-02-01
34,2023,3,27.73949890136721,30.84150085449221,29.29049987792971,3.102001953125,836.64892578125,20,2023-03-01
34,2023,4,27.518334960937523,31.75111287434898,29.634723917643253,4.232777913411458,836.64892578125,18,2023-04-01
34,2023,5,26.62526212993423,30.27526405736022,28.450263093647226,3.6500019274259867,836.64892578125,19,2023-05-01
34,2023,6,25.25000192742601,28.287895122327324,26.768948524876667,3.037893194901316,836.64892578125,19,2023-06-01
34,2023,7,25.698419189453148,27.8873663651316,26.792892777292376,2.1889471756784538,836.64892578125,19,2023-07-01
34,2023,8,25.733999633789086,27.378498840332053,26.55624923706057,1.6444992065429687,836.64892578125,20,2023-08-01
34,2023,9,26.37157914011104,28.031051153885713,27.20131514699838,1.659472013774671,836.64892578125,19,2023-09-01
34,2023,10,24.704736328125023,26.33684210526318,25.5207892166941,1.632105777138158,836.64892578125,19,2023-10-01
34,2023,11,25.75263286389805,27.58842098838407,26.670526926141058,1.8357881244860197,836.64892578125,19,2023-11-01
34,2023,12,28.455789987664495,32.73263260690792,30.594211297286208,4.276842619243421,836.64892578125,19,2023-12-01
34,2024,1,30.62000122070315,35.12500000000002,32.87250061035159,4.504998779296875,836.64892578125,20,2024-01-01
34,2024,2,32.513335164388046,38.19499952528214,35.35416734483509,5.681664360894097,836.64892578125,18,2024-02-01
34,2024,3,32.231055329975355,39.63579069438736,35.93342301218136,7.404735364412007,836.64892578125,19,2024-03-01
34,2024,4,29.597227986653667,36.33333570692277,32.965281846788216,6.736107720269097,836.64892578125,18,2024-04-01
34,2024,5,25.819001770019554,30.467500305175804,28.14325103759768,4.64849853515625,836.64892578125,20,2024-05-01
34,2024,6,22.411579654091305,25.308947432668607,23.860263543379958,2.8973677785773027,836.64892578125,19,2024-06-01
34,2024,7,24.273686780427653,26.986320415296074,25.630003597861865,2.7126336348684212,836.64892578125,19,2024-07-01
34,2024,8,24.018000793457055,26.188000488281272,25.103000640869162,2.169999694824219,836.64892578125,20,2024-08-01
34,2024,9,23.78882482192098,24.189412913602965,23.98911886776197,0.4005880916819853,836.64892578125,17,2024-09-01
34,2024,10,24.469447496202278,26.137779066297767,25.303613281250023,1.6683315700954862,836.64892578125,18,2024-10-01
35,2020,10,22.538330756293426,25.026113552517383,23.782222154405403,2.4877827962239585,705.2720642089844,18,2020-10-01
35,2020,11,22.19944322374134,24.778332858615475,23.48888804117841,2.578889634874132,705.2720642089844,18,2020-11-01
35,2020,12,23.46210712633637,28.138421630859398,25.800264378597884,4.6763145045230265,705.2720642089844,19,2020-12-01
35,2021,1,24.97900543212893,32.36549987792971,28.672252655029318,7.386494445800781,705.2720642089844,20,2021-01-01
35,2021,2,26.61777818467884,33.681108940972244,30.149443562825542,7.063330756293403,705.2720642089844,18,2021-02-01
35,2021,3,26.754735364412028,33.65578934518917,30.2052623548006,6.901053980777138,705.2720642089844,19,2021-03-01
35,2021,4,24.03157798365545,30.33105179636104,27.181314890008245,6.2994738127055925,705.2720642089844,19,2021-04-01
35,2021,5,21.446315082750846,25.585264828330615,23.51578995554073,4.13894974557977,705.2720642089844,19,2021-05-01
35,2021,6,21.970526765522226,24.865788831208903,23.418157798365566,2.8952620656866777,705.2720642089844,19,2021-06-01
35,2021,7,22.66649627685549,24.490002441406272,23.578249359130883,1.8235061645507813,705.2720642089844,20,2021-07-01
35,2021,8,21.041578112150518,23.633156545538675,22.337367328844596,2.591578433388158,705.2720642089844,19,2021-08-01
35,2021,9,22.287220255533878,26.396108669704883,24.34166446261938,4.108888414171007,705.2720642089844,18,2021-09-01
35,2021,10,22.26525911030019,25.642104620682588,23.953681865491387,3.376845510382401,705.2720642089844,19,2021-10-01
35,2021,11,22.6405257375617,26.025787674753314,24.333156706157506,3.3852619371916117,705.2720642089844,19,2021-11-01
35,2021,12,24.647500610351585,29.61700134277346,27.132250976562524,4.969500732421875,705.2720642089844,20,2021-12-01
35,2022,1,25.93578812448604,31.88579230057568,28.910790212530863,5.950004176089638,705.2720642089844,19,2022-01-01
35,2022,2,27.1777774386936,34.18666653103301,30.682221984863304,7.00888909233941,705.2720642089844,18,2022-02-01
35,2022,3,26.09894794664887,33.190529592413675,29.644738769531273,7.091581645764802,705.2720642089844,19,2022-03-01
35,2022,4,22.927900133634893,28.97316091437091,25.9505305240029,6.04526078073602,705.2720642089844,19,2022-04-01
35,2022,5,21.20550537109377,25.115502929687523,23.160504150390647,3.90999755859375,705.2720642089844,20,2022-05-01
35,2022,6,21.63777737087676,24.702222018771725,23.16999969482424,3.064444647894965,705.2720642089844,18,2022-06-01
35,2022,7,22.16105282432157,25.24000019274262,23.700526508532096,3.0789473684210527,705.2720642089844,19,2022-07-01
35,2022,8,22.57684358295644,26.06842073139394,24.32263215717519,3.4915771484375,705.2720642089844,19,2022-08-01
35,2022,9,20.05210507041532,24.037366686369268,22.04473587839229,3.9852616159539473,705.2720642089844,19,2022-09-01
35,2022,10,20.647000122070335,25.19250183105471,22.919750976562522,4.545501708984375,705.2720642089844,20,2022-10-01
35,2022,11,21.028945440995088,25.71420962685035,23.37157753392272,4.685264185855263,705.2720642089844,19,2022-11-01
35,2022,12,23.869473427220417,29.211580296566634,26.540526861893525,5.3421068693462175,705.2720642089844,19,2022-12-01
35,2023,1,24.970523553145583,31.481582159745088,28.226052856445335,6.511058606599507,705.2720642089844,19,2023-01-01
35,2023,2,28.637779066297767,36.71999850802953,32.67888878716365,8.082219441731771,705.2720642089844,18,2023-02-01
35,2023,3,25.941499328613304,33.864001464843774,29.90275039672854,7.922502136230468,705.2720642089844,20,2023-03-01
35,2023,4,25.538890245225716,31.406667751736133,28.472778998480926,5.867777506510417,705.2720642089844,18,2023-04-01
35,2023,5,25.10789120322782,29.24578889545644,27.17684004934213,4.137897692228618,705.2720642089844,19,2023-05-01
35,2023,6,24.532631643194925,28.945788252981107,26.739209948088018,4.413156609786184,705.2720642089844,19,2023-06-01
35,2023,7,24.97526180869657,33.16578786749591,29.07052483809624,8.190526058799342,705.2720642089844,19,2023-07-01
35,2023,8,24.553996276855493,32.261497497558615,28.407746887207054,7.707501220703125,705.2720642089844,20,2023-08-01
35,2023,9,24.09105353104443,30.983159436677653,27.53710648386104,6.8921059056332235,705.2720642089844,19,2023-09-01
35,2023,10,22.1863165604441,27.025262451171898,24.605789505808,4.838945890727796,705.2720642089844,19,2023-10-01
35,2023,11,24.228417968750023,28.629475161903805,26.428946565326914,4.4010571931537825,705.2720642089844,19,2023-11-01
35,2023,12,27.164212196751667,27.687893837376667,27.426053017064167,0.523681640625,705.2720642089844,19,2023-12-01
35,2024,1,28.433999633789085,30.345001220703146,29.389500427246116,1.9110015869140624,705.2720642089844,20,2024-01-01
35,2024,2,29.70579159385282,36.98315943667765,33.34447551526524,7.277367842824836,705.2720642089844,19,2024-02-01
35,2024,3,29.996315725226175,39.31210359272206,34.65420965897412,9.315787867495889,705.2720642089844,19,2024-03-01
35,2024,4,26.684998236762176,34.72610880533856,30.70555352105037,8.04111056857639,705.2720642089844,18,2024-04-01
35,2024,5,23.799497985839867,28.099497985839868,25.949497985839866,4.3,705.2720642089844,20,2024-05-01
35,2024,6,20.38473382247124,22.34368446751647,21.364209144993854,1.9589506450452303,705.2720642089844,19,2024-06-01
35,2024,7,23.24110989040801,23.424444240993946,23.332777065700977,0.1833343505859375,705.2720642089844,18,2024-07-01
35,2024,8,22.77900543212893,23.141999816894554,22.96050262451174,0.362994384765625,705.2720642089844,20,2024-08-01
35,2024,9,22.176112535264778,25.365557183159744,23.77083485921226,3.189444647894965,705.2720642089844,18,2024-09-01
35,2024,10,23.178333536783878,25.565001424153667,24.371667480468773,2.3866678873697915,705.2720642089844,18,2024-10-01
36,2020,10,27.093154425370088,32.072103721217125,29.582629073293607,4.978949295847039,670.7474670410156,19,2020-10-01
36,2020,11,26.25333218044707,29.081111314561653,27.667221747504364,2.8277791341145835,670.7474670410156,18,2020-11-01
36,2020,12,29.765262322676833,32.77631289833473,31.270787610505778,3.0110505756578947,670.7474670410156,19,2020-12-01
36,2021,1,31.56549987792971,35.86900024414065,33.71725006103518,4.303500366210938,670.7474670410156,20,2021-01-01
36,2021,2,33.50444268120662,36.96610921223961,35.235275946723114,3.461666531032986,670.7474670410156,18,2021-02-01
36,2021,3,32.69631508275084,37.967895829050185,35.33210545590052,5.2715807462993425,670.7474670410156,19,2021-03-01
36,2021,4,29.24789300215874,33.67947419819081,31.463683600174775,4.431581196032073,670.7474670410156,19,2021-04-01
36,2021,5,26.51578915244657,30.23578716077305,28.375788156609808,3.7199980083264803,670.7474670410156,19,2021-05-01
36,2021,6,27.072630550986865,29.101052053351175,28.08684130216902,2.028421502364309,670.7474670410156,19,2021-06-01
36,2021,7,26.969998168945335,28.424998474121118,27.697498321533224,1.4550003051757812,670.7474670410156,20,2021-07-01
36,2021,8,26.250527151007425,27.420526123046898,26.83552663702716,1.1699989720394737,670.7474670410156,19,2021-08-01
36,2021,9,27.178887939453148,28.301112535264778,27.740000237358963,1.122224595811632,670.7474670410156,18,2021-09-01
36,2021,10,27.8499983938117,28.963682797080615,28.40684059544616,1.1136844032689144,670.7474670410156,19,2021-10-01
36,2021,11,27.56789229543588,30.728948010896403,29.148420153166143,3.161055715460526,670.7474670410156,19,2021-11-01
36,2021,12,28.972497558593773,32.30300292968752,30.637750244140648,3.33050537109375,670.7474670410156,20,2021-12-01
36,2022,1,31.5678939016242,35.84421129728621,33.706052599455205,4.276317395662007,670.7474670410156,19,2022-01-01
36,2022,2,33.49000278049047,39.8322201199002,36.661111450195335,6.342217339409722,670.7474670410156,18,2022-02-01
36,2022,3,32.754210140830615,41.55315712376647,37.153683632298545,8.798946982935854,670.7474670410156,19,2022-03-01
36,2022,4,28.100001606188346,35.36000012849509,31.730000867341715,7.259998522306743,670.7474670410156,19,2022-04-01
36,2022,5,25.307502746582053,30.025500488281274,27.666501617431663,4.717997741699219,670.7474670410156,20,2022-05-01
36,2022,6,24.201667616102455,26.451665920681446,25.32666676839195,2.249998304578993,670.7474670410156,18,2022-06-01
36,2022,7,26.102634148848708,26.682631964432588,26.392633056640648,0.5799978155838815,670.7474670410156,19,2022-07-01
36,2022,8,25.792633377878314,26.20525833932979,25.998945858604053,0.41262496145148025,670.7474670410156,19,2022-08-01
36,2022,9,25.770527407997555,28.052103464226995,26.911315436112275,2.281576056229441,670.7474670410156,19,2022-09-01
36,2022,10,26.00050201416018,29.39699859619143,27.698750305175803,3.39649658203125,670.7474670410156,20,2022-10-01
36,2022,11,25.5305259303043,28.744738448293607,27.137632189298955,3.214212517989309,670.7474670410156,19,2022-11-01
36,2022,12,29.70526155170644,33.49579050164476,31.6005260266756,3.7905289499383223,670.7474670410156,19,2022-12-01
36,2023,1,31.331578626130778,35.89368671618012,33.61263267115545,4.5621080900493425,670.7474670410156,19,2023-01-01
36,2023,2,34.8916683620877,41.591107516818596,38.24138793945315,6.699439154730903,670.7474670410156,18,2023-02-01
36,2023,3,30.941999816894555,38.43350067138674,34.687750244140645,7.4915008544921875,670.7474670410156,20,2023-03-01
36,2023,4,30.93611212836374,37.25889146592884,34.09750179714629,6.3227793375651045,670.7474670410156,18,2023-04-01
36,2023,5,29.39947220651729,33.838947818153805,31.61921001233555,4.439475611636513,670.7474670410156,19,2023-05-01
36,2023,6,28.10157888312091,30.693158922697393,29.39736890290915,2.5915800395764803,670.7474670410156,19,2023-06-01
36,2023,7,29.179474198190814,31.008943577816634,30.094208888003724,1.8294693796258223,670.7474670410156,19,2023-07-01
36,2023,8,28.71350097656252,30.186001586914085,29.449751281738305,1.4725006103515625,670.7474670410156,20,2023-08-01
36,2023,9,30.060002698396403,31.490003405119268,30.775003051757835,1.430000706722862,670.7474670410156,19,2023-09-01
36,2023,10,28.216842169510713,29.50736630088407,28.862104235197393,1.2905241313733553,670.7474670410156,19,2023-10-01
36,2023,11,29.107896021792786,31.122104363692458,30.11500019274262,2.0142083418996712,670.7474670410156,19,2023-11-01
36,2023,12,32.7110534667969,36.492635947779625,34.601844707288265,3.7815824809827303,670.7474670410156,19,2023-12-01
36,2024,1,35.384500122070335,38.95550231933596,37.17000122070315,3.571002197265625,670.7474670410156,20,2024-01-01
36,2024,2,36.41833224826391,43.027778455946205,39.72305535210506,6.609446207682292,670.7474670410156,18,2024-02-01
36,2024,3,36.100523617393115,44.504210140830615,40.302366879111865,8.4036865234375,670.7474670410156,19,2024-03-01
36,2024,4,33.045000542534744,41.14722256130645,37.09611155192059,8.102222018771702,670.7474670410156,18,2024-04-01
36,2024,5,30.792503356933615,35.19800109863284,32.995252227783226,4.405497741699219,670.7474670410156,20,2024-05-01
36,2024,6,27.77052580180923,30.241055458470417,29.005790630139824,2.470529656661184,670.7474670410156,19,2024-06-01
36,2024,7,29.404738898026338,31.515262322676833,30.460000610351585,2.1105234246504936,670.7474670410156,19,2024-07-01
36,2024,8,29.511502075195335,28.085000610351585,28.79825134277346,-1.42650146484375,670.7474670410156,20,2024-08-01
36,2024,9,27.331177834903514,28.256470803653514,27.793824319278514,0.92529296875,670.7474670410156,17,2024-09-01
36,2024,10,28.073887125651066,29.21333380805124,28.64361046685115,1.1394466824001737,670.7474670410156,18,2024-10-01
37,2020,10,25.46420962685035,30.201053338301833,27.83263148257609,4.73684371145148,604.7735595703125,19,2020-10-01
37,2020,11,26.473328314887176,28.869443088107662,27.671385701497417,2.396114773220486,604.7735595703125,18,2020-11-01
37,2020,12,28.60105044716285,29.825263093647226,29.21315677040504,1.224212646484375,604.7735595703125,19,2020-12-01
37,2021,1,29.68250122070315,31.22749938964846,30.455000305175805,1.5449981689453125,604.7735595703125,20,2021-01-01
37,2021,2,31.342780897352455,35.3688903808594,33.355835639105926,4.026109483506945,604.7735595703125,18,2021-02-01
37,2021,3,31.361577405427653,36.05052779348275,33.706052599455205,4.6889503880550985,604.7735595703125,19,2021-03-01
37,2021,4,28.12947355571548,32.46631855211762,30.297896053916553,4.336844996402138,604.7735595703125,19,2021-04-01
37,2021,5,24.27894704718341,27.406316174958903,25.84263161107116,3.1273691277754936,604.7735595703125,19,2021-05-01
37,2021,6,25.236844032689167,27.238422915810055,26.237633474249613,2.0015788831208883,604.7735595703125,19,2021-06-01
37,2021,7,26.159500122070334,26.782499694824242,26.47099990844729,0.6229995727539063,604.7735595703125,20,2021-07-01
37,2021,8,24.926313219572393,25.337368935032917,25.131841077302653,0.4110557154605263,604.7735595703125,19,2021-08-01
37,2021,9,25.014443969726585,25.64833645290801,25.3313902113173,0.6338924831814237,604.7735595703125,18,2021-09-01
37,2021,10,25.01210134405841,25.410527600740153,25.211314472399284,0.3984262566817434,604.7735595703125,19,2021-10-01
37,2021,11,25.33526322214229,27.424734336451504,26.379998779296898,2.0894711143092106,604.7735595703125,19,2021-11-01
37,2021,12,28.15650024414065,31.739500427246117,29.948000335693383,3.5830001831054688,604.7735595703125,20,2021-12-01
37,2022,1,30.700002891139004,36.87946873715052,33.78973581414476,6.179465846011513,604.7735595703125,19,2022-01-01
37,2022,2,32.3961120605469,41.210556708441864,36.80333438449438,8.814444647894966,604.7735595703125,18,2022-02-01
37,2022,3,31.196316688939167,40.33683889288653,35.766577790912855,9.140522203947368,604.7735595703125,19,2022-03-01
37,2022,4,27.32789724249591,34.331053402549365,30.829475322522637,7.003156160053454,604.7735595703125,19,2022-04-01
37,2022,5,23.652497863769554,26.800495910644553,25.226496887207055,3.147998046875,604.7735595703125,20,2022-05-01
37,2022,6,23.95833401150176,24.769443766276066,24.363888888888912,0.8111097547743056,604.7735595703125,18,2022-06-01
37,2022,7,25.243157958984398,25.908420281661208,25.575789120322803,0.6652623226768092,604.7735595703125,19,2022-07-01
37,2022,8,25.705788381476175,27.56578497635693,26.635786678916553,1.8599965948807566,604.7735595703125,19,2022-08-01
37,2022,9,22.8905257375617,25.654208855879958,24.27236729672083,2.7636831183182564,604.7735595703125,19,2022-09-01
37,2022,10,24.119497680664086,26.967500305175804,25.543498992919943,2.848002624511719,604.7735595703125,20,2022-10-01
37,2022,11,24.3905257375617,26.84894794664887,25.619736842105286,2.4584222090871712,604.7735595703125,19,2022-11-01
37,2022,12,28.440521561472064,32.53736668636927,30.488944123920664,4.096845124897204,604.7735595703125,19,2022-12-01
37,2023,1,30.155260909231107,34.6405257375617,32.3978933233964,4.4852648283305925,604.7735595703125,19,2023-01-01
37,2023,2,33.976669989691864,40.02277865939672,36.999724324544296,6.046108669704861,604.7735595703125,18,2023-02-01
37,2023,3,30.02550506591799,37.172996520996115,33.59925079345705,7.147491455078125,604.7735595703125,20,2023-03-01
37,2023,4,29.184445529513912,35.80333184136287,32.49388868543839,6.618886311848958,604.7735595703125,18,2023-04-01
37,2023,5,27.92736527292354,34.996317331414495,31.46184130216902,7.068952058490954,604.7735595703125,19,2023-05-01
37,2023,6,26.21736899928045,33.189474326685875,29.703421662983164,6.972105327405427,604.7735595703125,19,2023-06-01
37,2023,7,26.560526315789495,31.30684011358966,28.93368321468958,4.746313797800164,604.7735595703125,19,2023-07-01
37,2023,8,25.954496765136742,28.782502746582054,27.368499755859396,2.8280059814453127,604.7735595703125,20,2023-08-01
37,2023,9,26.243684788754134,27.862105841385713,27.052895315069925,1.618421052631579,604.7735595703125,19,2023-09-01
37,2023,10,25.39894698293588,25.228948010896403,25.313947496916143,-0.16999897203947367,604.7735595703125,19,2023-10-01
37,2023,11,28.23894813939147,27.387369577508245,27.813158858449857,-0.8515785618832237,604.7735595703125,19,2023-11-01
37,2023,12,31.098949552837194,32.99421001233555,32.04657978258637,1.8952604594983553,604.7735595703125,19,2023-12-01
37,2024,1,32.77713855561758,36.58619297572547,34.681665765671525,3.809054420107887,604.7735595703125,21,2024-01-01
37,2024,2,35.1572221544054,43.39666646321617,39.27694430881078,8.239444308810764,604.7735595703125,18,2024-02-01
37,2024,3,34.94578985916943,45.347369063527985,40.14657946134871,10.401579204358553,604.7735595703125,19,2024-03-01
37,2024,4,31.57055901421443,40.664448038737,36.117503526475716,9.09388902452257,604.7735595703125,18,2024-04-01
37,2024,5,27.144499206542992,33.322000122070335,30.233249664306662,6.177500915527344,604.7735595703125,20,2024-05-01
37,2024,6,22.5068442896793,26.492634341591305,24.499739315635303,3.9857900519120064,604.7735595703125,19,2024-06-01
37,2024,7,25.181110636393253,28.558889431423633,26.870000033908443,3.377778795030382,604.7735595703125,18,2024-07-01
37,2024,8,25.167503356933615,27.963000488281274,26.565251922607445,2.7954971313476564,604.7735595703125,20,2024-08-01
37,2024,9,26.08470351275278,28.322938088809764,27.203820800781273,2.2382345760569855,604.7735595703125,17,2024-09-01
37,2024,10,25.647222561306446,27.4005557590061,26.523889160156273,1.7533331976996527,604.7735595703125,18,2024-10-01
38,2020,10,28.305264442845417,29.879475161903805,29.092369802374613,1.574210719058388,895.37481689453125,19,2020-10-01
38,2020,11,28.25110778808596,29.781666056315128,29.016386922200542,1.5305582682291667,895.37481689453125,18,2020-11-01
38,2020,12,31.025790887129958,33.682105134662855,32.3539480108964,2.6563142475328947,895.37481689453125,19,2020-12-01
38,2021,1,32.95949707031252,37.40499725341799,35.182247161865256,4.445500183105469,895.37481689453125,20,2021-01-01
38,2021,2,34.737222290039085,39.698332722981796,37.21777750651044,4.961110432942708,895.37481689453125,18,2021-02-01
38,2021,3,33.53000070672289,39.79631797388983,36.66315934030636,6.266317267166941,895.37481689453125,19,2021-03-01
38,2021,4,30.206842041015648,36.4468435187089,33.326842779862275,6.240001477693257,895.37481689453125,19,2021-04-01
38,2021,5,27.207892488178476,32.85210731907897,30.029999903628724,5.644214830900493,895.37481689453125,19,2021-05-01
38,2021,6,28.059475868626667,31.29052445261104,29.675000160618854,3.231048583984375,895.37481689453125,19,2021-06-01
38,2021,7,27.544998168945334,29.52699890136721,28.535998535156274,1.982000732421875,895.37481689453125,20,2021-07-01
38,2021,8,26.666314697265648,28.50842317280019,27.587368935032917,1.8421084755345394,895.37481689453125,19,2021-08-01
38,2021,9,26.981111992730057,28.78888854980471,27.885000271267383,1.8077765570746527,895.37481689453125,18,2021-09-01
38,2021,10,28.61210262900907,29.799474133943278,29.205788381476175,1.1873715049342106,895.37481689453125,19,2021-10-01
38,2021,11,28.672106612356107,29.87420686420644,29.273156738281273,1.202100251850329,895.37481689453125,19,2021-11-01
38,2021,12,31.08999938964846,31.422000122070337,31.2559997558594,0.332000732421875,895.37481689453125,20,2021-12-01
38,2022,1,34.34789589329772,36.801573422080615,35.57473465768917,2.4536775287828947,895.37481689453125,19,2022-01-01
38,2022,2,36.29388834635419,42.03666585286461,39.1652770996094,5.742777506510417,895.37481689453125,18,2022-02-01
38,2022,3,35.24315956517272,44.12789627878292,39.685527921977815,8.884736713610197,895.37481689453125,19,2022-03-01
38,2022,4,30.046316367701504,37.827368806537855,33.93684258711968,7.7810524388363485,895.37481689453125,19,2022-04-01
38,2022,5,26.96050262451174,33.833500671386744,30.397001647949242,6.872998046875,895.37481689453125,20,2022-05-01
38,2022,6,26.09778069390193,32.7277770996094,29.412778896755665,6.629996405707465,895.37481689453125,18,2022-06-01
38,2022,7,28.019998972039495,35.323158986944925,31.67157897949221,7.303160014905427,895.37481689453125,19,2022-07-01
38,2022,8,27.89473716334295,35.17841572008637,31.53657644171466,7.283678556743421,895.37481689453125,19,2022-08-01
38,2022,9,27.620000256990153,30.31526457134048,28.96763241416532,2.6952643143503288,895.37481689453125,19,2022-09-01
38,2022,10,28.44157843338818,27.928420538651338,28.18499948601976,-0.5131578947368421,895.37481689453125,19,2022-10-01
38,2022,11,27.086843711451504,27.844211297286208,27.465527504368854,0.757367585834704,895.37481689453125,19,2022-11-01
38,2022,12,31.702627402857754,34.54263498406664,33.12263119346219,2.8400075812088814,895.37481689453125,19,2022-12-01
38,2023,1,34.13526065224098,37.37210436369246,35.753682507966715,3.2368437114514803,895.37481689453125,19,2023-01-01
38,2023,2,39.12888997395836,43.64444715711808,41.386668565538216,4.515557183159722,895.37481689453125,18,2023-02-01
38,2023,3,33.2050003051758,41.37749633789065,37.291248321533224,8.172496032714843,895.37481689453125,20,2023-03-01
38,2023,4,32.884998575846375,41.18555263943145,37.03527560763891,8.30055406358507,895.37481689453125,18,2023-04-01
38,2023,5,31.25789634303045,38.52157464278374,34.88973549290709,7.263678299753289,895.37481689453125,19,2023-05-01
38,2023,6,28.92684004934213,35.36789133172289,32.1473656905325,6.441051282380757,895.37481689453125,19,2023-06-01
38,2023,7,30.68000102796055,34.882628109580615,32.78131456877058,4.202627081620066,895.37481689453125,19,2023-07-01
38,2023,8,29.688000488281272,31.46049957275393,30.5742500305176,1.7724990844726563,895.37481689453125,20,2023-08-01
38,2023,9,31.196316688939167,33.065264571340485,32.13079063013983,1.8689478824013157,895.37481689453125,19,2023-09-01
38,2023,10,30.13789480108966,31.243686394942458,30.690790598016058,1.105791593852796,895.37481689453125,19,2023-10-01
38,2023,11,31.595791786595417,32.69526784796466,32.14552981728004,1.0994760613692434,895.37481689453125,19,2023-11-01
38,2023,12,34.82367778577305,36.05526123046877,35.43946950812091,1.2315834446957237,895.37481689453125,19,2023-12-01
38,2024,1,36.01250152587893,39.87350311279299,37.94300231933596,3.8610015869140626,895.37481689453125,20,2024-01-01
38,2024,2,38.37722337510853,44.438333129882835,41.40777825249568,6.061109754774305,895.37481689453125,18,2024-02-01
38,2024,3,39.04736520867601,47.322103721217125,43.184734464946565,8.274738512541118,895.37481689453125,19,2024-03-01
38,2024,4,35.77944505479603,45.29499715169273,40.53722110324438,9.515552096896702,895.37481689453125,18,2024-04-01
38,2024,5,30.677500915527368,38.161999511718776,34.41975021362307,7.484498596191406,895.37481689453125,20,2024-05-01
38,2024,6,26.499998715049365,31.978948010896403,29.239473362972884,5.478949295847039,895.37481689453125,19,2024-06-01
38,2024,7,27.952627402857754,33.53473574989723,30.74368157637749,5.5821083470394735,895.37481689453125,19,2024-07-01
38,2024,8,28.21650085449221,33.25200042724612,30.734250640869163,5.035499572753906,895.37481689453125,20,2024-08-01
38,2024,9,28.94117754767925,31.302941894531273,30.122059721105263,2.361764346852022,895.37481689453125,17,2024-09-01
38,2024,10,28.030001152886307,30.986110093858528,29.508055623372417,2.9561089409722223,895.37481689453125,18,2024-10-01
40,2020,10,26.85631232010693,28.711580296566634,27.783946308336784,1.855267976459704,777.6642761230469,19,2020-10-01
40,2020,11,26.742776489257835,28.56722073025176,27.6549986097548,1.8244442409939237,777.6642761230469,18,2020-11-01
40,2020,12,28.934736071134893,31.482632606907917,30.208684339021403,2.547896535773026,777.6642761230469,19,2020-12-01
40,2021,1,30.847000122070334,34.711499023437526,32.779249572753926,3.8644989013671873,777.6642761230469,20,2021-01-01
40,2021,2,33.613331095377625,38.58277791341148,36.098054504394554,4.9694468180338545,777.6642761230469,18,2021-02-01
40,2021,3,33.87263279965052,41.47421136153374,37.673422080592125,7.6015785618832235,777.6642761230469,19,2021-03-01
40,2021,4,29.973156095805944,38.33631688168177,34.15473648874386,8.363160785875822,777.6642761230469,19,2021-04-01
40,2021,5,26.747894608347064,34.54316181383637,30.645528211091715,7.795267205489309,777.6642761230469,19,2021-05-01
40,2021,6,26.94262888055101,31.560526315789495,29.251577598170254,4.617897435238487,777.6642761230469,19,2021-06-01
40,2021,7,27.68199920654299,29.6100036621094,28.646001434326195,1.9280044555664062,777.6642761230469,20,2021-07-01
40,2021,8,26.723157701994268,28.53210481342519,27.627631257709726,1.808947111430921,777.6642761230469,19,2021-08-01
40,2021,9,27.84833170572919,29.617222086588566,28.732776896158878,1.768890380859375,777.6642761230469,18,2021-09-01
40,2021,10,28.24832899305558,29.765552775065128,29.006940884060352,1.5172237820095487,777.6642761230469,18,2021-10-01
40,2021,11,28.17315705951894,29.64263466282897,28.907895861173955,1.469477603310033,777.6642761230469,19,2021-11-01
40,2021,12,29.542999267578146,31.105500793457054,30.3242500305176,1.5625015258789063,777.6642761230469,20,2021-12-01
40,2022,1,32.66789679276318,36.46052663702716,34.56421171489517,3.7926298442639803,777.6642761230469,19,2022-01-01
40,2022,2,34.48500128851999,41.19499952528214,37.84000040690106,6.709998236762153,777.6642761230469,18,2022-02-01
40,2022,3,33.03000070672289,44.91736835680512,38.973684531764,11.887367650082236,777.6642761230469,19,2022-03-01
40,2022,4,27.928417326274694,38.14000212016861,33.03420972322165,10.211584793893914,777.6642761230469,19,2022-04-01
40,2022,5,25.344999694824242,34.49999694824221,29.922498321533226,9.154997253417969,777.6642761230469,20,2022-05-01
40,2022,6,23.99055379231773,32.38388807508683,28.187220933702278,8.393334282769096,777.6642761230469,18,2022-06-01
40,2022,7,25.866840884560055,30.586845317639824,28.22684310109994,4.72000443307977,777.6642761230469,19,2022-07-01
40,2022,8,25.364209948088018,30.02526405736022,27.694737002724118,4.661054109272204,777.6642761230469,19,2022-08-01
40,2022,9,25.775790887129958,29.530524324115976,27.653157605622965,3.7547334369860197,777.6642761230469,19,2022-09-01
40,2022,10,27.094999694824242,30.129002380371116,28.61200103759768,3.034002685546875,777.6642761230469,20,2022-10-01
40,2022,11,26.329474519428476,29.142103014494268,27.73578876696137,2.8126284950657894,777.6642761230469,19,2022-11-01
40,2022,12,30.20631521124591,33.084737998560875,31.645526604903395,2.878422787314967,777.6642761230469,19,2022-12-01
40,2023,1,33.79053248355265,33.418945633737685,33.60473905864517,-0.3715868498149671,777.6642761230469,19,2023-01-01
40,2023,2,36.425554741753494,44.71388821072051,40.569721476237,8.288333468967014,777.6642761230469,18,2023-02-01
40,2023,3,31.355500793457054,41.27350006103518,36.31450042724612,9.917999267578125,777.6642761230469,20,2023-03-01
40,2023,4,30.72944539388023,41.465002102322075,36.09722374810115,10.735556708441841,777.6642761230469,18,2023-04-01
40,2023,5,29.84316085012338,39.25210282175167,34.54763183593752,9.40894197162829,777.6642761230469,19,2023-05-01
40,2023,6,28.432630358244268,36.48684403268917,32.459737195466715,8.0542136744449,777.6642761230469,19,2023-06-01
40,2023,7,29.3315802323191,36.32684518914476,32.82921271073193,6.9952649568256575,777.6642761230469,19,2023-07-01
40,2023,8,28.563500976562523,35.05350036621096,31.808500671386742,6.489999389648437,777.6642761230469,20,2023-08-01
40,2023,9,30.332105455900518,36.596842233758245,33.46447384482938,6.26473677785773,777.6642761230469,19,2023-09-01
40,2023,10,28.566318230879958,32.77526405736022,30.670791144120088,4.208945826480263,777.6642761230469,19,2023-10-01
40,2023,11,29.8636847245066,34.28895038805512,32.07631755628086,4.42526566354852,777.6642761230469,19,2023-11-01
40,2023,12,32.61579204358555,37.755267012746735,35.18552952816614,5.139474969161184,777.6642761230469,19,2023-12-01
40,2024,1,34.972000122070334,40.396000671386744,37.684000396728536,5.424000549316406,777.6642761230469,20,2024-01-01
40,2024,2,35.89111056857641,44.168335639105926,40.02972310384117,8.277225070529514,777.6642761230469,18,2024-02-01
40,2024,3,34.99368478875414,47.540526058799365,41.26710542377675,12.54684127004523,777.6642761230469,19,2024-03-01
40,2024,4,32.176665242513046,43.93388604058162,38.05527564154733,11.757220798068577,777.6642761230469,18,2024-04-01
40,2024,5,28.156501770019553,37.37300262451174,32.76475219726565,9.216500854492187,777.6642761230469,20,2024-05-01
40,2024,6,24.690524773848708,31.94684673108555,28.31868575246713,7.2563219572368425,777.6642761230469,19,2024-06-01
40,2024,7,25.567368678042786,33.00631424753292,29.28684146278785,7.438945569490132,777.6642761230469,19,2024-07-01
40,2024,8,26.221002197265648,32.60050048828127,29.41075134277346,6.379498291015625,777.6642761230469,20,2024-08-01
40,2024,9,26.295877972771162,30.979410687614912,28.637644330193037,4.68353271484375,777.6642761230469,17,2024-09-01
40,2024,10,28.212776014539955,30.58500230577259,29.398889160156273,2.372226291232639,777.6642761230469,18,2024-10-01
41,2020,10,24.96833190917971,25.094998508029537,25.031665208604622,0.1266665988498264,1134.3453979492188,18,2020-10-01
41,2020,11,25.893887668185787,25.518333265516517,25.70611046685115,-0.3755544026692708,1134.3453979492188,18,2020-11-01
41,2020,12,27.94105642218341,28.389472078022226,28.16526425010282,0.44841565583881576,1134.3453979492188,19,2020-12-01
41,2021,1,29.168000793457054,31.160499572753928,30.16425018310549,1.992498779296875,1134.3453979492188,20,2021-01-01
41,2021,2,30.853892686631966,33.343891398112,32.098892042371986,2.489998711480035,1134.3453979492188,18,2021-02-01
41,2021,3,29.80841899671055,32.769470536081435,31.288944766395993,2.9610515393708883,1134.3453979492188,19,2021-03-01
41,2021,4,26.987897692228643,29.669996080900518,28.32894688656458,2.682098388671875,1134.3453979492188,19,2021-04-01
41,2021,5,23.726840691817458,26.01157772666532,24.869209209241387,2.2847370348478617,1134.3453979492188,19,2021-05-01
41,2021,6,24.205788381476175,26.551579846833903,25.37868411415504,2.3457914653577303,1134.3453979492188,19,2021-06-01
41,2021,7,24.145495605468774,26.502998352050803,25.32424697875979,2.357502746582031,1134.3453979492188,20,2021-07-01
41,2021,8,23.390002120168607,25.284732537520583,24.337367328844596,1.8947304173519737,1134.3453979492188,19,2021-08-01
41,2021,9,25.059445529513912,24.993890380859398,25.026667955186653,-0.0655551486545139,1134.3453979492188,18,2021-09-01
41,2021,10,25.9257896021793,25.855258660567458,25.89052413137338,-0.0705309416118421,1134.3453979492188,19,2021-10-01
41,2021,11,24.951053338301833,25.31526296515216,25.133158151726995,0.3642096268503289,1134.3453979492188,19,2021-11-01
41,2021,12,27.731001281738305,28.83549957275393,28.283250427246116,1.104498291015625,1134.3453979492188,20,2021-12-01
41,2022,1,30.904210462068278,31.96052824321548,31.43236935264188,1.056317781147204,1134.3453979492188,19,2022-01-01
41,2022,2,32.49944288465714,33.26944037543405,32.88444163004559,0.7699974907769097,1134.3453979492188,18,2022-02-01
41,2022,3,30.74947188527963,32.09946995785364,31.424470921566634,1.349998072574013,1134.3453979492188,19,2022-03-01
41,2022,4,26.526839728104463,28.063684082031273,27.295261905067868,1.5368443539268093,1134.3453979492188,19,2022-04-01
41,2022,5,24.15299987792971,25.72249908447268,24.937749481201195,1.5694992065429687,1134.3453979492188,20,2022-05-01
41,2022,6,23.734997897677975,25.154997762044292,24.444997829861133,1.4199998643663194,1134.3453979492188,18,2022-06-01
41,2022,7,24.71736739309213,26.217894222861865,25.467630807976995,1.500526829769737,1134.3453979492188,19,2022-07-01
41,2022,8,25.253681704872555,26.765787546258245,26.0097346255654,1.5121058413856907,1134.3453979492188,19,2022-08-01
41,2022,9,24.71894948858966,25.12841989617601,24.923684692382835,0.4094704075863487,1134.3453979492188,19,2022-09-01
41,2022,10,25.665498352050804,25.947003173828147,25.806250762939477,0.28150482177734376,1134.3453979492188,20,2022-10-01
41,2022,11,25.105788702713838,25.705788381476175,25.405788542095006,0.5999996787623355,1134.3453979492188,19,2022-11-01
41,2022,12,27.672105006167786,29.81263202868012,28.742368517423955,2.1405270225123356,1134.3453979492188,19,2022-12-01
41,2023,1,29.63526386461762,31.325263093647226,30.480263479132425,1.6899992290296053,1134.3453979492188,19,2023-01-01
41,2023,2,33.57666931152346,36.96055162217884,35.26861046685115,3.383882310655382,1134.3453979492188,18,2023-02-01
41,2023,3,29.281001281738305,34.01249694824221,31.646749114990257,4.731495666503906,1134.3453979492188,20,2023-03-01
41,2023,4,28.419444444444466,32.530557250976585,30.475000847710525,4.111112806532118,1134.3453979492188,18,2023-04-01
41,2023,5,28.200528114720417,31.295787931743444,29.74815802323193,3.095259817023026,1134.3453979492188,19,2023-05-01
41,2023,6,27.240527022512357,29.63632073653374,28.43842387952305,2.3957937140213814,1134.3453979492188,19,2023-06-01
41,2023,7,27.623156417043607,28.433153975637357,28.02815519634048,0.80999755859375,1134.3453979492188,19,2023-07-01
41,2023,8,26.79199829101565,27.487498474121118,27.13974838256838,0.6955001831054688,1134.3453979492188,20,2023-08-01
41,2023,9,27.147372918379958,27.892631450452324,27.520002184416143,0.7452585320723685,1134.3453979492188,19,2023-09-01
41,2023,10,25.781051153885713,26.473159308182588,26.12710523103415,0.692108154296875,1134.3453979492188,19,2023-10-01
41,2023,11,27.023685174239333,27.64684608861022,27.335265631424775,0.6231609143708882,1134.3453979492188,19,2023-11-01
41,2023,12,29.48842130962173,31.63368337530841,30.56105234246507,2.1452620656866777,1134.3453979492188,19,2023-12-01
41,2024,1,32.44714181082592,34.45571579706103,33.45142880394347,2.008573986235119,1134.3453979492188,21,2024-01-01
41,2024,2,33.710000610351585,37.33277621799047,35.52138841417103,3.622775607638889,1134.3453979492188,18,2024-02-01
41,2024,3,33.06421251798933,38.645794035259065,35.8550032766242,5.581581517269737,1134.3453979492188,19,2024-03-01
41,2024,4,29.805554538302975,34.72388949924047,32.26472201877172,4.9183349609375,1134.3453979492188,18,2024-04-01
41,2024,5,25.9955017089844,29.71350097656252,27.85450134277346,3.717999267578125,1134.3453979492188,20,2024-05-01
41,2024,6,24.010001866957744,25.358823170381456,24.6844125186696,1.3488213034237133,1134.3453979492188,17,2024-06-01
41,2024,7,25.13894524825249,26.106313926295254,25.62262958727387,0.9673686780427632,1134.3453979492188,19,2024-07-01
41,2024,8,24.6049987792969,25.47149810791018,25.03824844360354,0.8664993286132813,1134.3453979492188,20,2024-08-01
41,2024,9,25.40176499310664,25.97293916590076,25.6873520795037,0.5711741727941176,1134.3453979492188,17,2024-09-01
41,2024,10,24.91499905056426,25.249444580078148,25.082221815321205,0.3344455295138889,1134.3453979492188,18,2024-10-01
42,2020,10,20.056666734483528,20.278888956705753,20.167777845594642,0.2222222222222222,1041.5003356933594,18,2020-10-01
42,2020,11,20.723887803819466,20.474445597330753,20.59916670057511,-0.2494422064887153,1041.5003356933594,18,2020-11-01
42,2020,12,22.491580682051833,23.867892937911208,23.17973680998152,1.376312255859375,1041.5003356933594,19,2020-12-01
42,2021,1,24.04900360107424,27.10350036621096,25.5762519836426,3.0544967651367188,1041.5003356933594,20,2021-01-01
42,2021,2,25.215554809570335,29.07499932183162,27.145277065700977,3.859444512261285,1041.5003356933594,18,2021-02-01
42,2021,3,25.349474776418607,29.65631296258226,27.502893869500433,4.3068381861636515,1041.5003356933594,19,2021-03-01
42,2021,4,22.17315705951894,26.11684249074838,24.14499977513366,3.943685431229441,1041.5003356933594,19,2021-04-01
42,2021,5,19.720003148129134,22.91999929327716,21.320001220703148,3.199996145148026,1041.5003356933594,19,2021-05-01
42,2021,6,21.365266820004134,23.28052753649262,22.32289717824838,1.915260716488487,1041.5003356933594,19,2021-06-01
42,2021,7,22.26900024414065,22.700000000000024,22.484500122070337,0.430999755859375,1041.5003356933594,20,2021-07-01
42,2021,8,20.39579403525907,20.66368536698193,20.5297397011205,0.26789133172286184,1041.5003356933594,19,2021-08-01
42,2021,9,22.28444485134551,22.588891601562523,22.436668226454017,0.3044467502170139,1041.5003356933594,18,2021-09-01
42,2021,10,21.6005560980903,21.885000271267383,21.74277818467884,0.2844441731770833,1041.5003356933594,18,2021-10-01
42,2021,11,21.114209948088018,23.75578741776318,22.4349986829256,2.6415774696751644,1041.5003356933594,19,2021-11-01
42,2021,12,22.75899810791018,26.150000000000023,24.4544990539551,3.391001892089844,1041.5003356933594,20,2021-12-01
42,2022,1,24.68368401778374,28.448946019222884,26.566315018503314,3.7652620014391447,1041.5003356933594,19,2022-01-01
42,2022,2,26.038330756293426,30.306666734483528,28.172498745388477,4.2683359781901045,1041.5003356933594,18,2022-02-01
42,2022,3,24.86789615028785,29.51368183336762,27.190788991827738,4.64578568307977,1041.5003356933594,19,2022-03-01
42,2022,4,21.58526322214229,25.550002569901338,23.567632896021816,3.9647393477590462,1041.5003356933594,19,2022-04-01
42,2022,5,20.53350067138674,23.48199920654299,22.007749938964867,2.94849853515625,1041.5003356933594,20,2022-05-01
42,2022,6,20.08833380805124,22.568332926432316,21.328333367241775,2.4799991183810763,1041.5003356933594,18,2022-06-01
42,2022,7,21.060000174386182,23.459999883742583,22.260000029064383,2.3999997093563987,1041.5003356933594,21,2022-07-01
42,2022,8,21.405003356933616,24.1674987792969,22.786251068115256,2.762495422363281,1041.5003356933594,20,2022-08-01
42,2022,9,19.197776624891517,21.57222052680124,20.384998575846378,2.3744439019097223,1041.5003356933594,18,2022-09-01
42,2022,10,19.273158344469596,21.707367264597064,20.49026280453333,2.434208920127467,1041.5003356933594,19,2022-10-01
42,2022,11,19.87526052374591,22.280524324115976,21.077892423930944,2.405263800370066,1041.5003356933594,19,2022-11-01
42,2022,12,23.059475868626667,26.45315423262749,24.75631505062708,3.3936783640008223,1041.5003356933594,19,2022-12-01
42,2023,1,24.302108282791963,27.729474840666143,26.015791561729053,3.4273665578741777,1041.5003356933594,19,2023-01-01
42,2023,2,28.053333536783878,32.33722161187068,30.195277574327278,4.283888075086805,1041.5003356933594,18,2023-02-01
42,2023,3,24.605499267578146,29.086497497558618,26.845998382568382,4.480998229980469,1041.5003356933594,20,2023-03-01
42,2023,4,23.35500183105471,27.434500122070336,25.394750976562523,4.079498291015625,1041.5003356933594,20,2023-04-01
42,2023,5,23.589999871504958,27.89473234477798,25.74236610814147,4.3047324732730265,1041.5003356933594,19,2023-05-01
42,2023,6,22.845263350637357,26.302631900185055,24.573947625411208,3.4573685495476973,1041.5003356933594,19,2023-06-01
42,2023,7,23.81052792197782,25.947895572060055,24.87921174701894,2.1373676500822367,1041.5003356933594,19,2023-07-01
42,2023,8,22.582501220703147,24.76300048828127,23.67275085449221,2.180499267578125,1041.5003356933594,20,2023-08-01
42,2023,9,22.673155453330615,24.584736392372555,23.628945922851585,1.9115809390419407,1041.5003356933594,19,2023-09-01
42,2023,10,21.635789088199036,23.047366814864333,22.341577951531683,1.411577726665296,1041.5003356933594,19,2023-10-01
42,2023,11,23.24199676513674,24.47350311279299,23.857749938964865,1.23150634765625,1041.5003356933594,20,2023-11-01
42,2023,12,25.163682154605286,27.06631341231499,26.114997783460137,1.902631257709704,1041.5003356933594,19,2023-12-01
42,2024,1,26.25428379603797,29.569049362909247,27.91166657947361,3.3147655668712797,1041.5003356933594,21,2024-01-01
42,2024,2,27.87526212993423,31.09631540398851,29.48578876696137,3.221053274054276,1041.5003356933594,19,2024-02-01
42,2024,3,28.41210648386104,33.32894768965874,30.870527086759893,4.916841205797698,1041.5003356933594,19,2024-03-01
42,2024,4,24.91333414713544,30.555554538302975,27.734444342719208,5.642220391167535,1041.5003356933594,18,2024-04-01
42,2024,5,21.398001098632836,26.005500793457053,23.701750946044946,4.607499694824218,1041.5003356933594,20,2024-05-01
42,2024,6,18.75368331106088,21.580002955386536,20.166843133223708,2.826319644325658,1041.5003356933594,19,2024-06-01
42,2024,7,20.166841527035384,22.34684383994657,21.256842683490976,2.180002312911184,1041.5003356933594,19,2024-07-01
42,2024,8,20.761497497558615,23.040501403808616,21.900999450683617,2.27900390625,1041.5003356933594,20,2024-08-01
42,2024,9,21.168820728975206,24.563526108685686,22.866173418830446,3.394705379710478,1041.5003356933594,17,2024-09-01
42,2024,10,21.75610758463544,23.40555386013457,22.580830722385006,1.649446275499132,1041.5003356933594,18,2024-10-01
43,2020,10,19.82721862792971,21.683889431423633,20.755554029676674,1.8566708034939237,974.7439880371094,18,2020-10-01
43,2020,11,20.10999959309898,21.944443427191864,21.027221510145424,1.834443834092882,974.7439880371094,18,2020-11-01
43,2020,12,21.966842169510713,25.162103271484398,23.564472720497555,3.195261101973684,974.7439880371094,19,2020-12-01
43,2021,1,23.70350036621096,28.128501892089865,25.916001129150413,4.425001525878907,974.7439880371094,20,2021-01-01
43,2021,2,25.100001695421028,29.040553453233528,27.070277574327278,3.9405517578125,974.7439880371094,18,2021-02-01
43,2021,3,25.45105012592519,28.274738833778805,26.862894479851995,2.8236887078536186,974.7439880371094,19,2021-03-01
43,2021,4,22.506317459909564,24.376314183285384,23.441315821597474,1.8699967233758223,974.7439880371094,19,2021-04-01
43,2021,5,20.244738448293607,21.43000263414887,20.83737054122124,1.185264185855263,974.7439880371094,19,2021-05-01
43,2021,6,21.02368356805101,21.64473716334295,21.33421036569698,0.6210535952919408,974.7439880371094,19,2021-06-01
43,2021,7,21.288999938964867,21.662002563476584,21.475501251220727,0.37300262451171873,974.7439880371094,20,2021-07-01
43,2021,8,19.275790887129958,20.273156738281273,19.774473812705615,0.9973658511513158,974.7439880371094,19,2021-08-01
43,2021,9,21.133333672417557,22.85666639539933,21.995000033908443,1.7233327229817708,974.7439880371094,18,2021-09-01
43,2021,10,20.71473806280841,22.907368228310055,21.81105314555923,2.1926301655016447,974.7439880371094,19,2021-10-01
43,2021,11,21.133686587685055,23.42684004934213,22.28026331851359,2.2931534616570723,974.7439880371094,19,2021-11-01
43,2021,12,22.908000183105493,25.67799530029299,24.292997741699242,2.7699951171875,974.7439880371094,20,2021-12-01
43,2022,1,24.58473478618423,27.284732537520583,25.93473366185241,2.699997751336349,974.7439880371094,19,2022-01-01
43,2022,2,26.056665039062523,27.909999254014778,26.98333214653865,1.853334214952257,974.7439880371094,18,2022-02-01
43,2022,3,24.890002120168607,26.50736630088407,25.698684210526338,1.6173641807154606,974.7439880371094,19,2022-03-01
43,2022,4,21.759472013774694,22.83420956260282,22.296840788188756,1.074737548828125,974.7439880371094,19,2022-04-01
43,2022,5,20.762632992393115,20.75420853464229,20.758420763517705,-0.008424457750822368,974.7439880371094,19,2022-05-01
43,2022,6,20.812777031792557,20.898887464735267,20.855832248263912,0.08611043294270833,974.7439880371094,18,2022-06-01
43,2022,7,21.91200103759768,22.18199920654299,22.047000122070337,0.2699981689453125,974.7439880371094,20,2022-07-01
43,2022,8,22.224497985839868,22.22400054931643,22.22424926757815,-4.974365234375e-4,974.7439880371094,20,2022-08-01
43,2022,9,19.652220662434917,20.488887193467903,20.070553927951412,0.8366665310329862,974.7439880371094,18,2022-09-01
43,2022,10,19.52300262451174,21.00199890136721,20.262500762939474,1.4789962768554688,974.7439880371094,20,2022-10-01
43,2022,11,20.414737420333083,21.856313926295254,21.135525673314167,1.441576505962171,974.7439880371094,19,2022-11-01
43,2022,12,23.30315712376647,26.32000443307979,24.81158077842313,3.0168473093133223,974.7439880371094,19,2022-12-01
43,2023,1,24.475265021073213,27.117894544099528,25.79657978258637,2.642629523026316,974.7439880371094,19,2023-01-01
43,2023,2,28.19444512261287,30.92222154405384,29.558333333333355,2.7277764214409723,974.7439880371094,18,2023-02-01
43,2023,3,25.215997314453148,27.61699676513674,26.416497039794944,2.4009994506835937,974.7439880371094,20,2023-03-01
43,2023,4,24.292634984066634,25.6926353053043,24.992635144685465,1.4000003212376644,974.7439880371094,19,2023-04-01
43,2023,5,24.388948460629134,24.81526296515216,24.602105712890648,0.4263145045230263,974.7439880371094,19,2023-05-01
43,2023,6,23.4363165604441,22.7452620656867,23.0907893130654,-0.6910544947574013,974.7439880371094,19,2023-06-01
43,2023,7,23.77052580180923,23.438949103104463,23.60473745245685,-0.33157669870476975,974.7439880371094,19,2023-07-01
43,2023,8,23.000498962402368,22.882002258300805,22.941250610351585,-0.1184967041015625,974.7439880371094,20,2023-08-01
43,2023,9,22.52421200400907,22.356843968441634,22.44052798622535,-0.1673680355674342,974.7439880371094,19,2023-09-01
43,2023,10,21.486315596731107,21.107897627981107,21.297106612356107,-0.37841796875,974.7439880371094,19,2023-10-01
43,2023,11,22.93999938964846,22.46449890136721,22.702249145507835,-0.47550048828125,974.7439880371094,20,2023-11-01
43,2023,12,24.517369641755778,29.44947284899262,26.9834212453742,4.9321032072368425,974.7439880371094,19,2023-12-01
43,2024,1,26.023332577659993,29.57285824730285,27.798095412481423,3.549525669642857,974.7439880371094,21,2024-01-01
43,2024,2,27.469474712171074,32.726317074424365,30.09789589329772,5.256842362253289,974.7439880371094,19,2024-02-01
43,2024,3,28.03842034590874,32.16736996299344,30.10289515445109,4.128949617084704,974.7439880371094,19,2024-03-01
43,2024,4,24.953337605794292,27.588889906141517,26.271113755967903,2.6355523003472223,974.7439880371094,18,2024-04-01
43,2024,5,21.994500732421898,23.65149841308596,22.82299957275393,1.6569976806640625,974.7439880371094,20,2024-05-01
43,2024,6,19.284212132504134,19.186311741879134,19.235261937191634,-0.097900390625,974.7439880371094,19,2024-06-01
43,2024,7,21.239473362972884,21.272628302323213,21.25605083264805,0.03315493935032895,974.7439880371094,19,2024-07-01
43,2024,8,21.61449890136721,22.710000610351585,22.1622497558594,1.095501708984375,974.7439880371094,20,2024-08-01
43,2024,9,20.699446614583355,24.203337605794292,22.451392110188824,3.5038909912109375,974.7439880371094,18,2024-09-01
43,2024,10,21.90055406358509,24.54111294216582,23.220833502875458,2.640558878580729,974.7439880371094,18,2024-10-01
45,2020,10,21.558887736002628,21.139443969726585,21.349165852864605,-0.4194437662760417,974.3828430175781,18,2020-10-01
45,2020,11,21.68499993218318,21.265000067816864,21.475000000000023,-0.4199998643663194,974.3828430175781,18,2020-11-01
45,2020,12,23.385789088199036,23.026319323088018,23.206054205643525,-0.35946976511101975,974.3828430175781,19,2020-12-01
45,2021,1,24.584497070312523,24.158503723144555,24.37150039672854,-0.42599334716796877,974.3828430175781,20,2021-01-01
45,2021,2,26.11444329155818,25.90055406358509,26.007498677571636,-0.2138892279730903,974.3828430175781,18,2021-02-01
45,2021,3,26.066840242084726,26.96210712633637,26.51447368421055,0.8952668842516447,974.3828430175781,19,2021-03-01
45,2021,4,22.89947220651729,24.306838507401338,23.603155356959316,1.407366300884046,974.3828430175781,19,2021-04-01
45,2021,5,20.44420936986022,22.059474262438346,21.251841816149284,1.615264892578125,974.3828430175781,19,2021-05-01
45,2021,6,21.6352622584293,22.744206799958903,22.1897345291941,1.1089445415296053,974.3828430175781,19,2021-06-01
45,2021,7,21.494500732421898,21.289500427246118,21.392000579834008,-0.20500030517578124,974.3828430175781,20,2021-07-01
45,2021,8,19.68210513466285,19.42947259200249,19.55578886333267,-0.25263254266036184,974.3828430175781,19,2021-08-01
45,2021,9,21.445002916124153,21.349445597330753,21.397224256727455,-0.09555731879340278,974.3828430175781,18,2021-09-01
45,2021,10,21.191576827199857,21.26157772666532,21.226577276932588,0.07000089946546052,974.3828430175781,19,2021-10-01
45,2021,11,21.472630872224528,21.68525968852798,21.578945280376256,0.21262881630345395,974.3828430175781,19,2021-11-01
45,2021,12,23.61650085449221,25.43249664306643,24.52449874877932,1.8159957885742188,974.3828430175781,20,2021-12-01
45,2022,1,25.45631681743423,28.188949103104463,26.82263296026935,2.7326322856702303,974.3828430175781,19,2022-01-01
45,2022,2,26.4983340793186,29.26111077202693,27.879722425672767,2.7627766927083335,974.3828430175781,18,2022-02-01
45,2022,3,24.92473273026318,28.637893194901338,26.78131296258226,3.713160464638158,974.3828430175781,19,2022-03-01
45,2022,4,21.945793071546074,25.040002441406273,23.492897756476175,3.0942093698601973,974.3828430175781,19,2022-04-01
45,2022,5,20.772000122070335,23.87599792480471,22.323999023437523,3.103997802734375,974.3828430175781,20,2022-05-01
45,2022,6,20.266113959418426,23.476663208007835,21.87138858371313,3.21054924858941,974.3828430175781,18,2022-06-01
45,2022,7,21.375784141139004,24.713682797080615,23.044733469109808,3.3378986559416117,974.3828430175781,19,2022-07-01
45,2022,8,22.356497192382836,24.186999511718774,23.271748352050803,1.8305023193359375,974.3828430175781,20,2022-08-01
45,2022,9,20.092780897352455,21.246667480468773,20.669724188910614,1.1538865831163194,974.3828430175781,18,2022-09-01
45,2022,10,20.343499755859398,21.26550292968752,20.80450134277346,0.922003173828125,974.3828430175781,20,2022-10-01
45,2022,11,20.614209948088018,22.333160721628314,21.473685334858164,1.718950773540296,974.3828430175781,19,2022-11-01
45,2022,12,23.752106034128314,26.584736392372555,25.168421213250433,2.8326303582442436,974.3828430175781,19,2022-12-01
45,2023,1,24.81684345446137,26.972630872224528,25.89473716334295,2.155787417763158,974.3828430175781,19,2023-01-01
45,2023,2,28.557773844401066,31.899443562825542,30.228608703613304,3.341669718424479,974.3828430175781,18,2023-02-01
45,2023,3,24.95299987792971,29.2975036621094,27.125251770019553,4.344503784179688,974.3828430175781,20,2023-03-01
45,2023,4,24.06894595497535,27.397366493626667,25.73315622430101,3.328420538651316,974.3828430175781,19,2023-04-01
45,2023,5,24.008945184004958,26.80999948601976,25.409472335012357,2.8010543020148027,974.3828430175781,19,2023-05-01
45,2023,6,23.163683760793607,25.754210140830615,24.458946950812113,2.5905263800370064,974.3828430175781,19,2023-06-01
45,2023,7,23.615262001439167,26.79894730417354,25.207104652806354,3.183685302734375,974.3828430175781,19,2023-07-01
45,2023,8,22.730500793457054,25.19599761962893,23.96324920654299,2.465496826171875,974.3828430175781,20,2023-08-01
45,2023,9,22.662630101254134,24.43157991108144,23.547105006167786,1.7689498098273027,974.3828430175781,19,2023-09-01
45,2023,10,21.027371376439167,22.481053723787028,21.7542125501131,1.453682347347862,974.3828430175781,19,2023-10-01
45,2023,11,22.23999938964846,23.83700103759768,23.03850021362307,1.5970016479492188,974.3828430175781,20,2023-11-01
45,2023,12,26.844208084909564,27.736315596731107,27.290261840820335,0.892107511821546,974.3828430175781,19,2023-12-01
45,2024,1,27.69428623744422,29.74571707589288,28.72000165666855,2.0514308384486606,974.3828430175781,21,2024-01-01
45,2024,2,29.001577598170254,31.65947394120068,30.330525769685465,2.6578963430304277,974.3828430175781,19,2024-02-01
45,2024,3,28.761580939041963,34.18315879420233,31.472369866622145,5.421577855160362,974.3828430175781,19,2024-03-01
45,2024,4,25.553889634874153,31.186113823784744,28.37000172932945,5.63222418891059,974.3828430175781,18,2024-04-01
45,2024,5,22.273497009277367,26.606500244140648,24.439998626709006,4.333003234863281,974.3828430175781,20,2024-05-01
45,2024,6,19.66473581414476,22.54210333573193,21.103419574938346,2.8773675215871712,974.3828430175781,19,2024-06-01
45,2024,7,21.571578497635713,24.08947464792354,22.83052657277963,2.5178961502878288,974.3828430175781,19,2024-07-01
45,2024,8,22.162498474121115,24.5424987792969,23.352498626709007,2.3800003051757814,974.3828430175781,20,2024-08-01
45,2024,9,22.397059900620427,24.2735337201287,23.33529681037456,1.876473819508272,974.3828430175781,17,2024-09-01
45,2024,10,22.127223375108528,24.441113620334225,23.284168497721378,2.3138902452256946,974.3828430175781,18,2024-10-01
46,2020,10,22.8636847245066,24.968947882401338,23.91631630345397,2.1052631578947367,1075.0966796875,19,2020-10-01
46,2020,11,22.62500237358943,24.033332655164955,23.329167514377193,1.4083302815755208,1075.0966796875,18,2020-11-01
46,2020,12,24.359474904913675,24.530000706722884,24.444737805818278,0.17052580180921054,1075.0966796875,19,2020-12-01
46,2021,1,25.904998779296896,28.267999267578148,27.086499023437522,2.36300048828125,1075.0966796875,20,2021-01-01
46,2021,2,26.47055630154082,30.776666259765648,28.623611280653236,4.306109958224827,1075.0966796875,18,2021-02-01
46,2021,3,27.149468994140648,32.47421296772206,29.811840980931354,5.324743973581414,1075.0966796875,19,2021-03-01
46,2021,4,23.98473671361022,28.099474776418607,26.042105745014414,4.114738062808388,1075.0966796875,19,2021-04-01
46,2021,5,22.183160400390648,24.668422016344596,23.42579120836762,2.4852616159539473,1075.0966796875,19,2021-05-01
46,2021,6,22.587367328844596,24.791056100945745,23.68921171489517,2.203688772101151,1075.0966796875,19,2021-06-01
46,2021,7,22.790998840332055,24.91949920654299,23.855249023437523,2.1285003662109374,1075.0966796875,20,2021-07-01
46,2021,8,22.00789473684213,23.981050511410384,22.994472624126256,1.9731557745682566,1075.0966796875,19,2021-08-01
46,2021,9,22.57222561306426,24.59555799696183,23.583891805013042,2.0233323838975696,1075.0966796875,18,2021-09-01
46,2021,10,23.56999640213818,24.906316174958903,24.23815628854854,1.3363197728207237,1075.0966796875,19,2021-10-01
46,2021,11,22.979476446854463,24.954739540501667,23.967107993678066,1.975263093647204,1075.0966796875,19,2021-11-01
46,2021,12,24.183494567871115,27.06049957275393,25.621997070312524,2.8770050048828124,1075.0966796875,20,2021-12-01
46,2022,1,26.59631540398851,30.722105648643115,28.659210526315814,4.125790244654605,1075.0966796875,19,2022-01-01
46,2022,2,27.76666497124568,30.97889099121096,29.37277798122832,3.2122260199652777,1075.0966796875,18,2022-02-01
46,2022,3,26.38000038548522,30.837894158614333,28.608947272049775,4.457893773129112,1075.0966796875,19,2022-03-01
46,2022,4,23.63789480108966,27.607892809416143,25.6228938052529,3.9699980083264803,1075.0966796875,19,2022-04-01
46,2022,5,21.823497009277368,25.3809997558594,23.602248382568384,3.5575027465820313,1075.0966796875,20,2022-05-01
46,2022,6,20.79666714138457,24.107222493489605,22.451944817437088,3.310555352105035,1075.0966796875,18,2022-06-01
46,2022,7,22.225263414884893,25.80157663445726,24.013420024671074,3.5763132195723686,1075.0966796875,19,2022-07-01
46,2022,8,22.59999678762338,25.896838057668607,24.248417422645993,3.2968412700452303,1075.0966796875,19,2022-08-01
46,2022,9,21.314736135382425,23.02473562140216,22.16973587839229,1.709999486019737,1075.0966796875,19,2022-09-01
46,2022,10,21.886502075195335,24.373001098632834,23.129751586914086,2.4864990234375,1075.0966796875,20,2022-10-01
46,2022,11,21.7889487818668,24.167895186574857,22.97842198422083,2.378946404708059,1075.0966796875,19,2022-11-01
46,2022,12,24.108418032997555,28.212629137541143,26.16052358526935,4.104211104543586,1075.0966796875,19,2022-12-01
46,2023,1,25.61473517166943,30.106845574629958,27.860790373149694,4.4921104029605265,1075.0966796875,19,2023-01-01
46,2023,2,28.803887939453148,34.69389241536461,31.748890177408878,5.890004475911458,1075.0966796875,18,2023-02-01
46,2023,3,25.77350006103518,31.33549957275393,28.554499816894555,5.56199951171875,1075.0966796875,20,2023-03-01
46,2023,4,25.952778116862003,30.6711127387153,28.31194542778865,4.718334621853298,1075.0966796875,18,2023-04-01
46,2023,5,25.443155710320745,28.63684114155019,27.039998425935465,3.193685431229441,1075.0966796875,19,2023-05-01
46,2023,6,24.496315725226175,26.852105712890648,25.67421071905841,2.355789987664474,1075.0966796875,19,2023-06-01
46,2023,7,24.928948974609398,27.05999948601976,25.99447423031458,2.1310505114103617,1075.0966796875,19,2023-07-01
46,2023,8,25.00149841308596,27.000498962402368,26.000998687744165,1.9990005493164063,1075.0966796875,20,2023-08-01
46,2023,9,25.61684249074838,27.589476254111865,26.60315937243012,1.972633763363487,1075.0966796875,19,2023-09-01
46,2023,10,23.859476511101995,25.616312448601995,24.737894479851995,1.7568359375,1075.0966796875,19,2023-10-01
46,2023,11,24.69526784796466,25.144738769531273,24.920003308747965,0.44947092156661184,1075.0966796875,19,2023-11-01
46,2023,12,27.242627916838018,28.14947060032897,27.696049258583493,0.906842683490954,1075.0966796875,19,2023-12-01
46,2024,1,28.696998596191428,32.02550201416018,30.361250305175805,3.32850341796875,1075.0966796875,20,2024-01-01
46,2024,2,29.932773844401066,34.9572201199002,32.44499698215063,5.024446275499132,1075.0966796875,18,2024-02-01
46,2024,3,29.46683895713407,36.51736642937914,32.992102693256605,7.050527472245066,1075.0966796875,19,2024-03-01
46,2024,4,26.703334214952278,33.73499959309898,30.21916690402563,7.031665378146702,1075.0966796875,18,2024-04-01
46,2024,5,23.439500427246116,28.601997375488303,26.02074890136721,5.162496948242188,1075.0966796875,20,2024-05-01
46,2024,6,20.33947304173522,24.087365722656273,22.213419382195745,3.7478926809210527,1075.0966796875,19,2024-06-01
46,2024,7,22.085788445723708,26.077894030119268,24.081841237921488,3.992105584395559,1075.0966796875,19,2024-07-01
46,2024,8,21.93150329589846,25.683999633789085,23.807751464843772,3.752496337890625,1075.0966796875,20,2024-08-01
46,2024,9,23.175882855583662,25.47117453182447,24.323528693704066,2.295291676240809,1075.0966796875,17,2024-09-01
46,2024,10,23.593335300021725,25.389998372395855,24.49166683620879,1.796663072374132,1075.0966796875,18,2024-10-01
47,2020,10,21.747781372070335,21.53833414713544,21.643057759602886,-0.20944722493489584,936.697265625,18,2020-10-01
47,2020,11,21.830000813802105,21.714446004231792,21.77222340901695,-0.1155548095703125,936.697265625,18,2020-11-01
47,2020,12,23.504738576788675,24.049994538959726,23.7773665578742,0.5452559621710527,936.697265625,19,2020-12-01
47,2021,1,24.62000427246096,26.22699890136721,25.423501586914085,1.60699462890625,936.697265625,20,2021-01-01
47,2021,2,25.73555569118926,28.466668701171898,27.10111219618058,2.731113009982639,936.697265625,18,2021-02-01
47,2021,3,25.646314440275518,29.982629394531273,27.814471917403395,4.336314954255757,936.697265625,19,2021-03-01
47,2021,4,23.27789499383226,27.843682861328148,25.560788927580205,4.565787867495888,936.697265625,19,2021-04-01
47,2021,5,20.835788445723708,23.615262001439167,22.22552522358144,2.7794735557154606,936.697265625,19,2021-05-01
47,2021,6,22.439472720497555,24.7484214381168,23.593947079307178,2.3089487176192436,936.697265625,19,2021-06-01
47,2021,7,22.195001220703148,23.965003967285178,23.080002593994163,1.7700027465820312,936.697265625,20,2021-07-01
47,2021,8,20.99263112921466,22.626317395662028,21.809474262438346,1.6336862664473684,936.697265625,19,2021-08-01
47,2021,9,22.340554809570335,24.197222222222244,23.26888851589629,1.8566674126519098,936.697265625,18,2021-09-01
47,2021,10,21.68999794407897,23.638421630859398,22.664209787469183,1.9484236867804277,936.697265625,19,2021-10-01
47,2021,11,21.56368247584295,22.74421001233555,22.15394624408925,1.1805275364925987,936.697265625,19,2021-11-01
47,2021,12,23.935000610351587,25.064001464843773,24.49950103759768,1.1290008544921875,936.697265625,20,2021-12-01
47,2022,1,25.638418418482754,27.834211168791143,26.736314793636947,2.1957927503083883,936.697265625,19,2022-01-01
47,2022,2,26.444999525282142,30.401664564344642,28.423332044813392,3.9566650390625,936.697265625,18,2022-02-01
47,2022,3,25.43578651829772,29.86210262900907,27.648944573653395,4.4263161107113485,936.697265625,19,2022-03-01
47,2022,4,22.83473478618423,27.13631431178045,24.98552454898234,4.3015795255962175,936.697265625,19,2022-04-01
47,2022,5,21.291499328613305,24.214001464843772,22.752750396728537,2.922502136230469,936.697265625,20,2022-05-01
47,2022,6,20.724445597330753,22.451111518012176,21.587778557671463,1.7266659206814237,936.697265625,18,2022-06-01
47,2022,7,22.33473799856088,24.04631476151318,23.190526380037028,1.7115767629523027,936.697265625,19,2022-07-01
47,2022,8,23.085000610351585,23.681501770019555,23.383251190185568,0.5965011596679688,936.697265625,20,2022-08-01
47,2022,9,21.143892754448807,22.837779405381966,21.990836079915386,1.6938866509331598,936.697265625,18,2022-09-01
47,2022,10,21.513499450683618,24.28050231933596,22.89700088500979,2.7670028686523436,936.697265625,20,2022-10-01
47,2022,11,21.510000449732754,24.55578645405019,23.03289345189147,3.045786004317434,936.697265625,19,2022-11-01
47,2022,12,24.35841963918588,27.442105263157917,25.900262451171898,3.0836856239720394,936.697265625,19,2022-12-01
47,2023,1,24.99000019274262,28.095260138260713,26.542630165501667,3.105259945518092,936.697265625,19,2023-01-01
47,2023,2,28.55222303602433,32.47167019314239,30.511946614583355,3.9194471571180554,936.697265625,18,2023-02-01
47,2023,3,24.970498657226585,28.950000000000024,26.960249328613305,3.9795013427734376,936.697265625,20,2023-03-01
47,2023,4,24.55263350637338,28.120523874383245,26.336578690378314,3.5678903680098686,936.697265625,19,2023-04-01
47,2023,5,24.576841976768115,26.98473671361022,25.780789345189167,2.4078947368421053,936.697265625,19,2023-05-01
47,2023,6,24.181054687500023,26.024210397820745,25.102632542660384,1.8431557103207237,936.697265625,19,2023-06-01
47,2023,7,24.196845124897226,24.97316091437091,24.58500301963407,0.7763157894736842,936.697265625,19,2023-07-01
47,2023,8,23.08449859619143,23.447000122070335,23.265749359130883,0.36250152587890627,936.697265625,20,2023-08-01
47,2023,9,23.557895379317458,24.016839599609398,23.787367489463428,0.45894422029194076,936.697265625,19,2023-09-01
47,2023,10,22.665261037726175,23.935261294716305,23.30026116622124,1.2700002569901316,936.697265625,19,2023-10-01
47,2023,11,23.62699890136721,25.07050018310549,24.34874954223635,1.4435012817382813,936.697265625,20,2023-11-01
47,2023,12,26.361579011615976,26.974738191303476,26.668158601459726,0.6131591796875,936.697265625,19,2023-12-01
47,2024,1,27.604002380371117,29.207498168945335,28.405750274658224,1.6034957885742187,936.697265625,20,2024-01-01
47,2024,2,28.924734336451504,32.33736732884459,30.63105083264805,3.412632992393092,936.697265625,19,2024-02-01
47,2024,3,29.02894704718341,33.520000578227815,31.274473812705615,4.4910535310444075,936.697265625,19,2024-03-01
47,2024,4,26.181115722656273,30.700557115342903,28.440836418999588,4.519441392686632,936.697265625,18,2024-04-01
47,2024,5,23.06600036621096,26.90899810791018,24.987499237060568,3.842997741699219,936.697265625,20,2024-05-01
47,2024,6,21.10389099121096,21.310003323025196,21.20694715711808,0.2061123318142361,936.697265625,18,2024-06-01
47,2024,7,22.16526425010282,21.577892423930944,21.87157833701688,-0.587371826171875,936.697265625,19,2024-07-01
47,2024,8,22.55800018310549,21.941499328613304,22.249749755859398,-0.6165008544921875,936.697265625,20,2024-08-01
47,2024,9,23.07411570829506,23.05823400160848,23.066174854951768,-0.01588170668658088,936.697265625,17,2024-09-01
47,2024,10,22.199448310004364,23.2527777777778,22.726113043891083,1.0533294677734375,936.697265625,18,2024-10-01
48,2020,10,24.93000263414887,24.833682732833083,24.881842683490976,-0.09631990131578948,870.3188781738281,19,2020-10-01
48,2020,11,25.091665310329883,25.00333387586808,25.04749959309898,-0.08833143446180555,870.3188781738281,18,2020-11-01
48,2020,12,27.078422466077324,27.01052727950249,27.04447487278991,-0.06789518657483552,870.3188781738281,19,2020-12-01
48,2021,1,29.12749938964846,28.325000000000024,28.72624969482424,-0.8024993896484375,870.3188781738281,20,2021-01-01
48,2021,2,30.934998236762176,30.53833245171443,30.736665344238304,-0.3966657850477431,870.3188781738281,18,2021-02-01
48,2021,3,29.341051924856107,33.0463163677015,31.193684146278805,3.7052644428453947,870.3188781738281,19,2021-03-01
48,2021,4,26.52631450452305,30.152633185135713,28.33947384482938,3.6263186806126644,870.3188781738281,19,2021-04-01
48,2021,5,24.138951673005778,27.489473362972884,25.814212517989333,3.3505216899671053,870.3188781738281,19,2021-05-01
48,2021,6,24.73578876696137,28.26947214226976,26.502630454615566,3.5336833753083883,870.3188781738281,19,2021-06-01
48,2021,7,24.48199920654299,28.009002685546896,26.245500946044945,3.5270034790039064,870.3188781738281,20,2021-07-01
48,2021,8,23.95684525339229,26.534735749897226,25.24579050164476,2.577890496504934,870.3188781738281,19,2021-08-01
48,2021,9,25.39499986436634,25.284999254014778,25.33999955919056,-0.1100006103515625,870.3188781738281,18,2021-09-01
48,2021,10,25.90736662212173,25.84315603155841,25.87526132684007,-0.06421059056332237,870.3188781738281,19,2021-10-01
48,2021,11,24.47999845805923,24.392629844264004,24.436314151161618,-0.08736861379523027,870.3188781738281,19,2021-11-01
48,2021,12,27.381997680664085,27.308496093750023,27.345246887207054,-0.0735015869140625,870.3188781738281,20,2021-12-01
48,2022,1,29.246312512849528,29.24157425729854,29.243943385074036,-0.004738255550986842,870.3188781738281,19,2022-01-01
48,2022,2,30.289446343315994,30.564999728732662,30.42722303602433,0.2755533854166667,870.3188781738281,18,2022-02-01
48,2022,3,29.393158280222064,31.32736880653785,30.360263543379958,1.9342105263157894,870.3188781738281,19,2022-03-01
48,2022,4,26.43947432668588,28.847891074732754,27.643682700709316,2.408416748046875,870.3188781738281,19,2022-04-01
48,2022,5,24.998498535156273,27.221499633789087,26.10999908447268,2.2230010986328126,870.3188781738281,20,2022-05-01
48,2022,6,23.86500447591148,25.789441257052975,24.827222866482227,1.924436781141493,870.3188781738281,18,2022-06-01
48,2022,7,25.11105218184624,26.505262194181768,25.808157188014004,1.3942100123355263,870.3188781738281,19,2022-07-01
48,2022,8,25.438420667146403,26.83526322214229,26.13684194464435,1.396842554995888,870.3188781738281,19,2022-08-01
48,2022,9,24.664737420333083,25.978421181126667,25.321579300729876,1.3136837607935856,870.3188781738281,19,2022-09-01
48,2022,10,24.997896214535384,26.374210076583083,25.68605314555923,1.3763138620476973,870.3188781738281,19,2022-10-01
48,2022,11,23.93157991108144,25.23684563887749,24.584212774979463,1.3052657277960527,870.3188781738281,19,2022-11-01
48,2022,12,27.15736983449838,28.17737009148851,27.667369962993444,1.0200002569901316,870.3188781738281,19,2022-12-01
48,2023,1,28.828422466077324,28.762624961451504,28.795523713764414,-0.06579750462582237,870.3188781738281,19,2023-01-01
48,2023,2,31.51944715711808,32.01555616590714,31.76750166151261,0.4961090087890625,870.3188781738281,18,2023-02-01
48,2023,3,28.257502746582055,29.45000457763674,28.853753662109398,1.1925018310546875,870.3188781738281,20,2023-03-01
48,2023,4,28.149443562825542,29.222784084743946,28.686113823784744,1.0733405219184027,870.3188781738281,18,2023-04-01
48,2023,5,27.807895379317458,28.641574578536208,28.224734978926833,0.83367919921875,870.3188781738281,19,2023-05-01
48,2023,6,26.96368440326894,27.23841970343341,27.101052053351175,0.2747353001644737,870.3188781738281,19,2023-06-01
48,2023,7,27.072630550986865,27.342105584395583,27.207368067691224,0.2694750334087171,870.3188781738281,19,2023-07-01
48,2023,8,25.969998168945335,26.20249938964846,26.0862487792969,0.232501220703125,870.3188781738281,20,2023-08-01
48,2023,9,26.493683182565814,26.728419574938346,26.61105137875208,0.23473639237253288,870.3188781738281,19,2023-09-01
48,2023,10,25.991580682051833,26.216845381887357,26.104213031969596,0.22526469983552633,870.3188781738281,19,2023-10-01
48,2023,11,26.577370412726175,26.785262579666963,26.68131649619657,0.20789216694078946,870.3188781738281,19,2023-11-01
48,2023,12,29.613683118318278,29.534735749897226,29.574209434107754,-0.07894736842105263,870.3188781738281,19,2023-12-01
48,2024,1,31.71047799246654,31.647148204985143,31.67881309872584,-0.06332978748139881,870.3188781738281,21,2024-01-01
48,2024,2,31.95388861762155,33.4644476996528,32.709168158637176,1.51055908203125,870.3188781738281,18,2024-02-01
48,2024,3,31.39684608861022,34.129476768092125,32.763161428351175,2.732630679481908,870.3188781738281,19,2024-03-01
48,2024,4,28.640554470486133,30.59555630154082,29.618055386013477,1.9550018310546875,870.3188781738281,18,2024-04-01
48,2024,5,25.590496826171897,26.96349792480471,26.276997375488303,1.3730010986328125,870.3188781738281,20,2024-05-01
48,2024,6,23.87588249655333,25.071762264476124,24.47382238051473,1.1958797679227942,870.3188781738281,17,2024-06-01
48,2024,7,24.748948267886536,26.056843325966305,25.40289579692642,1.3078950580797697,870.3188781738281,19,2024-07-01
48,2024,8,24.85999908447268,25.97400054931643,25.416999816894553,1.11400146484375,870.3188781738281,20,2024-08-01
48,2024,9,25.88470387178311,26.263531135110316,26.074117503446715,0.3788272633272059,870.3188781738281,17,2024-09-01
48,2024,10,26.40889044867624,25.781666056315128,26.09527825249568,-0.6272243923611112,870.3188781738281,18,2024-10-01
49,2020,10,19.4715804250617,19.24578407689147,19.358682250976585,-0.22579634817023025,1146.3457641601563,19,2020-10-01
49,2020,11,19.654445054796028,19.424445936414955,19.53944549560549,-0.2299991183810764,1146.3457641601563,18,2020-11-01
49,2020,12,21.783155260588018,21.957367264597064,21.87026126259254,0.17421200400904605,1146.3457641601563,19,2020-12-01
49,2021,1,24.46649627685549,26.13099822998049,25.298747253417993,1.664501953125,1146.3457641601563,20,2021-01-01
49,2021,2,25.542221747504364,28.306114027235267,26.924167887369816,2.7638922797309027,1146.3457641601563,18,2021-02-01
49,2021,3,25.59631540398851,28.53999922902963,27.06815731650907,2.9436838250411186,1146.3457641601563,19,2021-03-01
49,2021,4,22.583685945209726,25.312633634868444,23.948159790039085,2.728947689658717,1146.3457641601563,19,2021-04-01
49,2021,5,20.130524002878314,22.75947040758637,21.44499720523234,2.628946404708059,1146.3457641601563,19,2021-05-01
49,2021,6,21.201054944490153,23.49000019274262,22.345527568616387,2.288945248252467,1146.3457641601563,19,2021-06-01
49,2021,7,20.346003723144555,21.533999633789087,20.94000167846682,1.1879959106445313,1146.3457641601563,20,2021-07-01
49,2021,8,19.044737484580615,20.107367585834726,19.57605253520767,1.062630101254112,1146.3457641601563,19,2021-08-01
49,2021,9,20.446667819552975,21.625000678168426,21.0358342488607,1.1783328586154513,1146.3457641601563,18,2021-09-01
49,2021,10,20.052108282791963,21.224736585115153,20.638422433953558,1.1726283023231907,1146.3457641601563,19,2021-10-01
49,2021,11,21.476317074424365,21.708420924136536,21.59236899928045,0.23210384971217105,1146.3457641601563,19,2021-11-01
49,2021,12,24.337500000000023,24.121501159667993,24.229500579834006,-0.21599884033203126,1146.3457641601563,20,2021-12-01
49,2022,1,26.17526116622124,26.108418032997555,26.141839599609398,-0.06684313322368421,1146.3457641601563,19,2022-01-01
49,2022,2,27.329446411132835,28.47833658854169,27.90389149983726,1.1488901774088542,1146.3457641601563,18,2022-02-01
49,2022,3,25.62526534231088,28.102102500514004,26.86368392141244,2.476837158203125,1146.3457641601563,19,2022-03-01
49,2022,4,22.07420782791943,24.7742071854441,23.424207506681768,2.6999993575246712,1146.3457641601563,19,2022-04-01
49,2022,5,20.879998779296898,23.770501708984398,22.325250244140648,2.8905029296875,1146.3457641601563,20,2022-05-01
49,2022,6,19.76263138620479,20.603684596011536,20.183157991108164,0.8410532098067435,1146.3457641601563,19,2022-06-01
49,2022,7,21.055711728050618,21.723808361235143,21.38976004464288,0.6680966331845238,1146.3457641601563,21,2022-07-01
49,2022,8,21.432859584263415,23.660955229259695,22.546907406761555,2.2280956449962797,1146.3457641601563,21,2022-08-01
49,2022,9,19.39722086588544,21.407222154405403,20.402221510145424,2.010001288519965,1146.3457641601563,18,2022-09-01
49,2022,10,19.060524709601175,21.027369770250846,20.04394723992601,1.966845060649671,1146.3457641601563,19,2022-10-01
49,2022,11,20.16210487767272,21.344739733244268,20.753422305458493,1.182634855571546,1146.3457641601563,19,2022-11-01
49,2022,12,24.235265149568278,24.674209112870088,24.454737131219183,0.43894396330180924,1146.3457641601563,19,2022-12-01
49,2023,1,25.536314633018115,26.006314247532917,25.771314440275518,0.46999961451480265,1146.3457641601563,19,2023-01-01
49,2023,2,29.48500128851999,30.597775607638912,30.04138844807945,1.1127743191189237,1146.3457641601563,18,2023-02-01
49,2023,3,25.527998352050805,27.55450134277346,26.541249847412132,2.026502990722656,1146.3457641601563,20,2023-03-01
49,2023,4,23.999470279091305,26.617892937911208,25.308681608501256,2.618422658819901,1146.3457641601563,19,2023-04-01
49,2023,5,24.047895250822393,26.71420962685035,25.38105243883637,2.6663143760279606,1146.3457641601563,19,2023-05-01
49,2023,6,23.071051667865976,25.35473664936269,24.212894158614333,2.2836849814967106,1146.3457641601563,19,2023-06-01
49,2023,7,22.774738833778805,23.45947458367601,23.11710670872741,0.684735749897204,1146.3457641601563,19,2023-07-01
49,2023,8,21.97949829101565,22.26800231933596,22.123750305175804,0.2885040283203125,1146.3457641601563,20,2023-08-01
49,2023,9,22.32947773180512,22.465261680201504,22.397369706003314,0.13578394839638158,1146.3457641601563,19,2023-09-01
49,2023,10,21.457898912931768,21.287366686369268,21.372632799650518,-0.1705322265625,1146.3457641601563,19,2023-10-01
49,2023,11,23.085710507347493,22.752856735956122,22.919283621651807,-0.33285377139136907,1146.3457641601563,21,2023-11-01
49,2023,12,26.227500915527365,25.706497192382834,25.9669990539551,-0.52100372314453125,1146.3457641601563,20,2023-12-01
49,2024,1,27.45299987792971,27.150500488281274,27.30175018310549,-0.3024993896484375,1146.3457641601563,20,2024-01-01
49,2024,2,28.799470921566634,29.718424265008245,29.25894759328744,0.9189533434416118,1146.3457641601563,19,2024-02-01
49,2024,3,28.95473311574838,30.912101665296074,29.933417390522226,1.9573685495476973,1146.3457641601563,19,2024-03-01
49,2024,4,25.692224121093773,28.173888142903667,26.933056131998722,2.481664021809896,1146.3457641601563,18,2024-04-01
49,2024,5,22.370498657226584,24.15599822998049,23.263248443603537,1.7854995727539063,1146.3457641601563,20,2024-05-01
49,2024,6,19.762626567639824,20.91000237715874,20.336314472399284,1.1473758095189144,1146.3457641601563,19,2024-06-01
49,2024,7,20.819472784745088,21.71894948858966,21.269211136667376,0.8994767038445723,1146.3457641601563,19,2024-07-01
49,2024,8,21.366499328613305,21.23450164794924,21.300500488281273,-0.1319976806640625,1146.3457641601563,20,2024-08-01
49,2024,9,22.063529698988994,20.862941248276677,21.463235473632835,-1.2005884507123161,1146.3457641601563,17,2024-09-01
49,2024,10,21.694446818033878,21.838891601562523,21.7666692097982,0.14444478352864584,1146.3457641601563,18,2024-10-01
50,2020,10,23.32684037057979,25.784207313939167,24.55552384225948,2.457366943359375,1030.4036865234375,19,2020-10-01
50,2020,11,22.477777099609398,22.255000474717903,22.36638878716365,-0.22277662489149305,1030.4036865234375,18,2020-11-01
50,2020,12,24.141579397101175,23.901582737972884,24.021581067537028,-0.23999665912828946,1030.4036865234375,19,2020-12-01
50,2021,1,24.764505004882835,28.620002746582053,26.692253875732444,3.8554977416992187,1030.4036865234375,20,2021-01-01
50,2021,2,26.81944003634985,31.51666666666669,29.16805335150827,4.69722663031684,1030.4036865234375,18,2021-02-01
50,2021,3,27.42736527292354,32.79631476151318,30.111840017218363,5.368949488589638,1030.4036865234375,19,2021-03-01
50,2021,4,23.986844032689167,28.455789987664495,26.221317010176833,4.468945954975329,1030.4036865234375,19,2021-04-01
50,2021,5,21.57263376336351,24.742627916838018,23.15763084010076,3.1699941534745064,1030.4036865234375,19,2021-05-01
50,2021,6,21.785262579666963,24.912630101254134,23.34894634046055,3.1273675215871712,1030.4036865234375,19,2021-06-01
50,2021,7,21.914997863769553,24.315498352050803,23.11524810791018,2.40050048828125,1030.4036865234375,20,2021-07-01
50,2021,8,21.263155003597884,23.452102179276338,22.357628591437113,2.1889471756784538,1030.4036865234375,19,2021-08-01
50,2021,9,21.82722540961374,24.106668090820335,22.966946750217037,2.2794426812065973,1030.4036865234375,18,2021-09-01
50,2021,10,22.696315082750846,25.09105353104443,23.893684306897637,2.3947384482935856,1030.4036865234375,19,2021-10-01
50,2021,11,21.665784655119268,24.223684531764004,22.944734593441634,2.5578998766447367,1030.4036865234375,19,2021-11-01
50,2021,12,22.8809997558594,26.830499267578148,24.855749511718773,3.94949951171875,1030.4036865234375,20,2021-12-01
50,2022,1,25.10894968133226,30.095260138260713,27.602104909796488,4.986310456928454,1030.4036865234375,19,2022-01-01
50,2022,2,26.491665988498287,32.22166680230037,29.35666639539933,5.730000813802083,1030.4036865234375,18,2022-02-01
50,2022,3,25.744738448293607,32.01368665193259,28.8792125501131,6.26894820363898,1030.4036865234375,19,2022-03-01
50,2022,4,23.196319901315814,28.704211104543607,25.95026550292971,5.507891203227796,1030.4036865234375,19,2022-04-01
50,2022,5,21.459501647949242,26.454998779296897,23.95725021362307,4.995497131347657,1030.4036865234375,20,2022-05-01
50,2022,6,20.758333672417557,23.466668701171898,22.112501186794727,2.70833502875434,1030.4036865234375,18,2022-06-01
50,2022,7,22.32052483809624,24.57894768965874,23.44973626387749,2.2584228515625,1030.4036865234375,19,2022-07-01
50,2022,8,22.58947464792354,24.70052972090874,23.645002184416143,2.1110550729851973,1030.4036865234375,19,2022-08-01
50,2022,9,20.897893323396403,23.267898077713838,22.08289570055512,2.370004754317434,1030.4036865234375,19,2022-09-01
50,2022,10,21.395498657226586,24.099002075195337,22.74725036621096,2.70350341796875,1030.4036865234375,20,2022-10-01
50,2022,11,21.296841591282917,24.017369641755778,22.65710561651935,2.7205280504728617,1030.4036865234375,19,2022-11-01
50,2022,12,23.263686651932588,28.438949103104463,25.851317877518525,5.175262451171875,1030.4036865234375,19,2022-12-01
50,2023,1,24.502106034128314,30.02841861122535,27.265262322676833,5.526312577097039,1030.4036865234375,19,2023-01-01
50,2023,2,27.663330756293426,34.92500372992624,31.294167243109833,7.2616729736328125,1030.4036865234375,18,2023-02-01
50,2023,3,24.884001159667992,31.792997741699242,28.338499450683617,6.90899658203125,1030.4036865234375,20,2023-03-01
50,2023,4,25.155552164713566,30.526667955186653,27.84111005995011,5.37111579047309,1030.4036865234375,18,2023-04-01
50,2023,5,24.52578606856499,28.631055651213018,26.578420859889004,4.1052695826480265,1030.4036865234375,19,2023-05-01
50,2023,6,23.609474904913675,26.851052053351175,25.230263479132425,3.2415771484375,1030.4036865234375,19,2023-06-01
50,2023,7,23.81420930561269,26.908420281661208,25.361314793636947,3.0942109760485197,1030.4036865234375,19,2023-07-01
50,2023,8,23.467004394531273,26.877998352050803,25.172501373291038,3.410993957519531,1030.4036865234375,20,2023-08-01
50,2023,9,23.857365979646403,27.525787674753314,25.691576827199857,3.668421695106908,1030.4036865234375,19,2023-09-01
50,2023,10,22.180527857730286,25.55157502826894,23.866051442999613,3.371047170538651,1030.4036865234375,19,2023-10-01
50,2023,11,23.25789473684213,26.872634405838838,25.06526457134048,3.6147396689967106,1030.4036865234375,19,2023-11-01
50,2023,12,26.066845060649694,29.856842362253314,27.961843711451504,3.7899973016036186,1030.4036865234375,19,2023-12-01
50,2024,1,28.164500427246118,32.739001464843774,30.451750946044946,4.574501037597656,1030.4036865234375,20,2024-01-01
50,2024,2,29.75888807508683,36.83944430881078,33.29916619194881,7.080556233723958,1030.4036865234375,18,2024-02-01
50,2024,3,29.328942871093773,37.962625925164495,33.64578439812914,8.633683054070724,1030.4036865234375,19,2024-03-01
50,2024,4,26.72666490342884,34.10555589463978,30.41611039903431,7.3788909912109375,1030.4036865234375,18,2024-04-01
50,2024,5,23.452502441406274,28.12450103759768,25.788501739501974,4.671998596191406,1030.4036865234375,20,2024-05-01
50,2024,6,20.265785940069925,23.350000000000023,21.807892970034974,3.084214059930099,1030.4036865234375,19,2024-06-01
50,2024,7,21.976839085629134,25.254738576788675,23.615788831208903,3.2778994911595394,1030.4036865234375,19,2024-07-01
50,2024,8,22.024998474121116,24.98649597167971,23.505747222900414,2.961497497558594,1030.4036865234375,20,2024-08-01
50,2024,9,22.335000610351585,24.654445054796028,23.494722832573807,2.3194444444444446,1030.4036865234375,18,2024-09-01
50,2024,10,22.67722303602433,25.075555419921898,23.876389227973114,2.3983323838975696,1030.4036865234375,18,2024-10-01
51,2020,10,17.857896021792786,20.20736565840874,19.03263084010076,2.3494696366159538,1256.7237548828125,19,2020-10-01
51,2020,11,18.233334689670162,20.646113755967903,19.439724222819034,2.412779066297743,1256.7237548828125,18,2020-11-01
51,2020,12,20.65736983449838,23.110528564453148,21.88394919947576,2.4531587299547697,1256.7237548828125,19,2020-12-01
51,2021,1,22.711499023437522,25.488499450683616,24.09999923706057,2.7770004272460938,1256.7237548828125,20,2021-01-01
51,2021,2,23.407220458984398,26.651111857096378,25.029166158040386,3.243891398111979,1256.7237548828125,18,2021-02-01
51,2021,3,22.88105083264805,26.21210552014805,24.54657817639805,3.3310546875,1256.7237548828125,19,2021-03-01
51,2021,4,19.975788638466305,22.850001606188346,21.412895122327324,2.8742129677220394,1256.7237548828125,19,2021-04-01
51,2021,5,18.208947753906273,19.87105391652963,19.04000083521795,1.6621061626233553,1256.7237548828125,19,2021-05-01
51,2021,6,19.258421566611865,20.427371697676833,19.84289663214435,1.168950131064967,1256.7237548828125,19,2021-06-01
51,2021,7,19.251504516601585,20.40500183105471,19.82825317382815,1.153497314453125,1256.7237548828125,20,2021-07-01
51,2021,8,17.569471178556768,18.55684493215463,18.063158055355697,0.9873737535978618,1256.7237548828125,19,2021-08-01
51,2021,9,18.89333157009551,20.064441935221378,19.478886752658443,1.171110365125868,1256.7237548828125,18,2021-09-01
51,2021,10,18.404441663954017,19.50666876898874,18.955555216471378,1.1022271050347223,1256.7237548828125,18,2021-10-01
51,2021,11,19.047895250822393,20.219473105982754,19.63368417840257,1.171577855160362,1256.7237548828125,19,2021-11-01
51,2021,12,21.832499694824243,23.124499511718774,22.47849960327151,1.2919998168945313,1256.7237548828125,20,2021-12-01
51,2022,1,23.134737034847884,25.394210333573213,24.26447368421055,2.2594732987253288,1256.7237548828125,19,2022-01-01
51,2022,2,23.831664021809917,26.646663072374153,25.239163547092037,2.814999050564236,1256.7237548828125,18,2022-02-01
51,2022,3,22.218419446443278,25.411051218133245,23.81473533228826,3.192631771689967,1256.7237548828125,19,2022-03-01
51,2022,4,19.27946905838818,22.02368356805101,20.651576313219596,2.7442145096628288,1256.7237548828125,19,2022-04-01
51,2022,5,18.804732794510713,21.43683857164887,20.12078568307979,2.632105777138158,1256.7237548828125,19,2022-05-01
51,2022,6,18.4977728949653,20.067773437500023,19.282773166232662,1.5700005425347223,1256.7237548828125,18,2022-06-01
51,2022,7,19.614761788504488,21.015236700148833,20.31499924432666,1.4004749116443453,1256.7237548828125,21,2022-07-01
51,2022,8,21.28450164794924,22.314997863769555,21.7997497558594,1.0304962158203126,1256.7237548828125,20,2022-08-01
51,2022,9,18.4631575734992,19.379475161903805,18.921316367701504,0.9163175884046053,1256.7237548828125,19,2022-09-01
51,2022,10,18.608502197265647,19.546499633789086,19.077500915527366,0.9379974365234375,1256.7237548828125,20,2022-10-01
51,2022,11,19.292630165501667,20.302108282791963,19.797369224146816,1.009478117290296,1256.7237548828125,19,2022-11-01
51,2022,12,21.78789833470397,24.04052766498769,22.91421299984583,2.252629330283717,1256.7237548828125,19,2022-12-01
51,2023,1,22.394738769531273,24.950002891139004,23.672370830335137,2.5552641216077303,1256.7237548828125,19,2023-01-01
51,2023,2,25.178333536783878,28.433333333333355,26.805833435058616,3.254999796549479,1256.7237548828125,18,2023-02-01
51,2023,3,21.893501281738303,25.241001892089866,23.567251586914086,3.3475006103515623,1256.7237548828125,20,2023-03-01
51,2023,4,21.50599822998049,24.782499694824242,23.144248962402365,3.27650146484375,1256.7237548828125,20,2023-04-01
51,2023,5,21.879475161903805,24.997897820723708,23.438686491313756,3.118422658819901,1256.7237548828125,19,2023-05-01
51,2023,6,21.056313283819925,23.529473876953148,22.292893580386536,2.473160593133224,1256.7237548828125,19,2023-06-01
51,2023,7,21.137893194901338,21.94578985916943,21.541841527035384,0.8078966642680921,1256.7237548828125,19,2023-07-01
51,2023,8,20.813000488281272,21.72900085449221,21.27100067138674,0.9160003662109375,1256.7237548828125,20,2023-08-01
51,2023,9,20.484739925986865,21.403685238486865,20.944212582236865,0.9189453125,1256.7237548828125,19,2023-09-01
51,2023,10,19.36999704461351,20.624210076583083,19.997103560598294,1.2542130319695723,1256.7237548828125,19,2023-10-01
51,2023,11,20.868570672898088,22.24333670479913,21.55595368884861,1.3747660319010417,1256.7237548828125,21,2023-11-01
51,2023,12,25.384737034847884,27.59736906352798,26.491053049187933,2.212632028680099,1256.7237548828125,19,2023-12-01
51,2024,1,26.03714541480657,28.620000639415945,27.328573027111258,2.582855224609375,1256.7237548828125,21,2024-01-01
51,2024,2,26.748418225740153,30.45842413651318,28.603421181126667,3.710005910773026,1256.7237548828125,19,2024-02-01
51,2024,3,25.739996980365976,30.132107704564167,27.93605234246507,4.392110724198191,1256.7237548828125,19,2024-03-01
51,2024,4,22.629997083875892,26.464998711480057,24.547497897677975,3.8350016276041665,1256.7237548828125,18,2024-04-01
51,2024,5,19.91949920654299,23.065501403808618,21.492500305175803,3.146002197265625,1256.7237548828125,20,2024-05-01
51,2024,6,17.49947188527963,20.029999100534564,18.764735492907096,2.530527215254934,1256.7237548828125,19,2024-06-01
51,2024,7,18.735791979338018,21.561054751747555,20.148423365542786,2.8252627724095394,1256.7237548828125,19,2024-07-01
51,2024,8,19.237998962402365,21.762500000000024,20.500249481201195,2.5245010375976564,1256.7237548828125,20,2024-08-01
51,2024,9,20.129444376627628,20.66888665093318,20.399165513780403,0.5394422743055556,1256.7237548828125,18,2024-09-01
51,2024,10,20.925559828016517,22.724445597330753,21.825002712673633,1.7988857693142362,1256.7237548828125,18,2024-10-01
52,2020,10,18.71105507298522,20.505262194181768,19.608158633583493,1.794207121196546,1364.3589477539063,19,2020-10-01
52,2020,11,19.873890177408878,19.916109551323807,19.89499986436634,0.04221937391493055,1364.3589477539063,18,2020-11-01
52,2020,12,21.38684114155019,22.06842073139394,21.727630936472064,0.68157958984375,1364.3589477539063,19,2020-12-01
52,2021,1,22.23199920654299,24.814500427246116,23.523249816894555,2.582501220703125,1364.3589477539063,20,2021-01-01
52,2021,2,23.26944037543405,26.536111450195335,24.902775912814693,3.266671074761285,1364.3589477539063,18,2021-02-01
52,2021,3,23.23052689401729,26.906843004728643,25.068684949372965,3.676316110711349,1364.3589477539063,19,2021-03-01
52,2021,4,20.50473697060035,23.803682347347884,22.154209658974118,3.298945376747533,1364.3589477539063,19,2021-04-01
52,2021,5,18.609998522306768,21.3989485891242,20.00447355571548,2.788950066817434,1364.3589477539063,19,2021-05-01
52,2021,6,19.469473105982754,21.73315622430101,20.60131466514188,2.2636831183182564,1364.3589477539063,19,2021-06-01
52,2021,7,20.003501892089865,22.22249908447268,21.113000488281273,2.2189971923828127,1364.3589477539063,20,2021-07-01
52,2021,8,18.213159179687523,20.12473690635282,19.16894804302017,1.911577726665296,1364.3589477539063,19,2021-08-01
52,2021,9,19.896664767795162,21.975551011827278,20.936107889811222,2.078886244032118,1364.3589477539063,18,2021-09-01
52,2021,10,19.351108805338566,21.126116265190994,20.238612535264778,1.7750074598524306,1364.3589477539063,18,2021-10-01
52,2021,11,19.866845703125023,22.19157843338818,21.0292120682566,2.324732730263158,1364.3589477539063,19,2021-11-01
52,2021,12,21.380500793457053,24.560998535156273,22.970749664306663,3.180497741699219,1364.3589477539063,20,2021-12-01
52,2022,1,22.888946854440814,26.119998650801833,24.50447275262132,3.2310517963610197,1364.3589477539063,19,2022-01-01
52,2022,2,24.03833414713544,27.417777845594642,25.72805599636504,3.3794436984592013,1364.3589477539063,18,2022-02-01
52,2022,3,22.83947304173522,26.292106548108574,24.565789794921898,3.4526335063733553,1364.3589477539063,19,2022-03-01
52,2022,4,19.756841077302653,22.808947432668607,21.28289425498563,3.0521063553659538,1364.3589477539063,19,2022-04-01
52,2022,5,18.982631000719596,21.883156545538675,20.432893773129134,2.9005255448190788,1364.3589477539063,19,2022-05-01
52,2022,6,21.187222629123287,20.714444308810787,20.950833468967037,-0.4727783203125,1364.3589477539063,18,2022-06-01
52,2022,7,22.582378278459846,21.480950927734398,22.03166460309712,-1.1014273507254464,1364.3589477539063,21,2022-07-01
52,2022,8,21.36499938964846,22.66699829101565,22.015998840332053,1.3019989013671875,1364.3589477539063,20,2022-08-01
52,2022,9,18.547895250822393,19.801053017064167,19.174474133943278,1.2531577662417763,1364.3589477539063,19,2022-09-01
52,2022,10,18.678498840332054,19.972502136230492,19.32550048828127,1.2940032958984375,1364.3589477539063,20,2022-10-01
52,2022,11,19.141581003289495,20.990527022512357,20.066054012900928,1.848946019222862,1364.3589477539063,19,2022-11-01
52,2022,12,22.91579268606088,23.484733501233574,23.200263093647226,0.5689408151726973,1364.3589477539063,19,2022-12-01
52,2023,1,23.539472399259893,24.223678107010713,23.881575253135303,0.6842057077508223,1364.3589477539063,19,2023-01-01
52,2023,2,25.76666497124568,28.165560234917557,26.96611260308162,2.398895263671875,1364.3589477539063,18,2023-02-01
52,2023,3,22.948498535156272,26.04549713134768,24.496997833251974,3.096998596191406,1364.3589477539063,20,2023-03-01
52,2023,4,22.44000244140627,25.396499633789084,23.918251037597678,2.9564971923828125,1364.3589477539063,20,2023-04-01
52,2023,5,22.457892488178476,25.246837736430944,23.85236511230471,2.788945248252467,1364.3589477539063,19,2023-05-01
52,2023,6,21.743154746607754,23.925262772409564,22.83420875950866,2.182108025801809,1364.3589477539063,19,2023-06-01
52,2023,7,22.228949617084726,23.94631829512749,23.087633956106107,1.717368678042763,1364.3589477539063,19,2023-07-01
52,2023,8,21.186997985839866,23.309497070312524,22.248247528076195,2.1224990844726563,1364.3589477539063,20,2023-08-01
52,2023,9,20.47210725483144,22.777896600020583,21.62500192742601,2.3057893451891447,1364.3589477539063,19,2023-09-01
52,2023,10,19.458942935341305,21.938949103104463,20.698946019222884,2.480006167763158,1364.3589477539063,19,2023-10-01
52,2023,11,20.980500793457054,23.800000000000022,22.39025039672854,2.819499206542969,1364.3589477539063,20,2023-11-01
52,2023,12,23.255260587993444,26.806310071443278,25.030785329718363,3.5510494834498356,1364.3589477539063,19,2023-12-01
52,2024,1,24.793809872581868,27.832381184895855,26.313095528738863,3.038571312313988,1364.3589477539063,21,2024-01-01
52,2024,2,26.156838186163675,29.55368716591285,27.85526267603826,3.3968489797491777,1364.3589477539063,19,2024-02-01
52,2024,3,26.575789923416963,30.70684364720397,28.641316785310465,4.131053723787007,1364.3589477539063,19,2024-03-01
52,2024,4,23.60444708930124,27.251111178927975,25.427779134114605,3.646664089626736,1364.3589477539063,18,2024-04-01
52,2024,5,21.069500732421897,23.561500549316428,22.315500640869164,2.4919998168945314,1364.3589477539063,20,2024-05-01
52,2024,6,18.383156545538675,19.996317331414495,19.189736938476585,1.6131607858758223,1364.3589477539063,19,2024-06-01
52,2024,7,19.87473208778785,21.412631707442458,20.643681897615153,1.5378996196546053,1364.3589477539063,19,2024-07-01
52,2024,8,20.099499511718772,21.626997375488305,20.86324844360354,1.5274978637695313,1364.3589477539063,20,2024-08-01
52,2024,9,20.001111178927975,22.1505557590061,21.075833468967037,2.149444580078125,1364.3589477539063,18,2024-09-01
52,2024,10,21.825001017252628,24.335555013020855,23.08027801513674,2.510553995768229,1364.3589477539063,18,2024-10-01
53,2020,10,18.203685880962194,20.2536849172492,19.228685399105697,2.0499990362870064,1327.622802734375,19,2020-10-01
53,2020,11,19.06666632758249,20.762219577365475,19.91444295247398,1.6955532497829862,1327.622802734375,18,2020-11-01
53,2020,12,20.769473748458083,22.612109053762357,21.69079140111022,1.8426353053042763,1327.622802734375,19,2020-12-01
53,2021,1,22.775000000000023,24.439501953125024,23.607250976562522,1.664501953125,1327.622802734375,20,2021-01-01
53,2021,2,23.545000542534744,26.284443155924503,24.914721849229622,2.739442613389757,1327.622802734375,18,2021-02-01
53,2021,3,22.918501281738305,26.89250183105471,24.90550155639651,3.9740005493164063,1327.622802734375,20,2021-03-01
53,2021,4,20.008946790193278,23.25526701274673,21.632106901470006,3.2463202225534538,1327.622802734375,19,2021-04-01
53,2021,5,18.684210847553476,21.522634727076504,20.10342278731499,2.838423879523026,1327.622802734375,19,2021-05-01
53,2021,6,19.501579204358574,21.077367200349528,20.289473202354053,1.575787995990954,1327.622802734375,19,2021-06-01
53,2021,7,19.322000122070335,20.52900085449221,19.925500488281273,1.207000732421875,1327.622802734375,20,2021-07-01
53,2021,8,18.034735749897226,19.040004047594596,18.53736989874591,1.0052682976973684,1327.622802734375,19,2021-08-01
53,2021,9,19.25333387586808,20.316108534071205,19.784721204969642,1.062774658203125,1327.622802734375,18,2021-09-01
53,2021,10,18.81833631727433,19.84111260308162,19.329724460177975,1.0227762858072917,1327.622802734375,18,2021-10-01
53,2021,11,19.876314183285384,20.511574514288675,20.193944348787028,0.6352603310032895,1327.622802734375,19,2021-11-01
53,2021,12,22.088999938964868,22.558502197265646,22.323751068115257,0.46950225830078124,1327.622802734375,20,2021-12-01
53,2022,1,23.646314440275518,25.060524709601175,24.353419574938346,1.414210269325658,1327.622802734375,19,2022-01-01
53,2022,2,24.369444783528667,27.621113077799503,25.995278930664085,3.2516682942708335,1327.622802734375,18,2022-02-01
53,2022,3,22.29736520867601,26.908948717619268,24.603156963147637,4.611583508943257,1327.622802734375,19,2022-03-01
53,2022,4,19.042104941920254,23.489473362972884,21.26578915244657,4.447368421052632,1327.622802734375,19,2022-04-01
53,2022,5,18.513500976562522,22.920500183105492,20.717000579834007,4.406999206542968,1327.622802734375,20,2022-05-01
53,2022,6,18.184209241365153,20.158947111430944,19.17157817639805,1.9747378700657894,1327.622802734375,19,2022-06-01
53,2022,7,19.206666201636928,20.84952334449407,20.028094773065497,1.6428571428571428,1327.622802734375,21,2022-07-01
53,2022,8,19.544001770019555,21.173497009277366,20.35874938964846,1.6294952392578126,1327.622802734375,20,2022-08-01
53,2022,9,17.760522460937523,18.801051410875846,18.280786935906683,1.0405289499383223,1327.622802734375,19,2022-09-01
53,2022,10,18.28684146278785,18.85052682976976,18.568684146278805,0.5636853669819079,1327.622802734375,19,2022-10-01
53,2022,11,18.762104556435055,19.815261358963838,19.288682957699447,1.053156802528783,1327.622802734375,19,2022-11-01
53,2022,12,21.721053595291963,24.156316174958903,22.938684885125433,2.435262579666941,1327.622802734375,19,2022-12-01
53,2023,1,22.700526508532096,24.998946661698213,23.849736585115153,2.2984201531661186,1327.622802734375,19,2023-01-01
53,2023,2,25.558887736002628,28.402776760525196,26.980832248263912,2.8438890245225696,1327.622802734375,18,2023-02-01
53,2023,3,22.008006286621118,25.788499450683616,23.898252868652367,3.7804931640625,1327.622802734375,20,2023-03-01
53,2023,4,21.323682604338018,25.434210847553476,23.378946725945745,4.110528243215461,1327.622802734375,19,2023-04-01
53,2023,5,21.69947284899262,25.12526212993423,23.412367489463428,3.4257892809416117,1327.622802734375,19,2023-05-01
53,2023,6,20.965263286389824,23.66578947368423,22.315526380037028,2.700526187294408,1327.622802734375,19,2023-06-01
53,2023,7,21.31526457134048,24.060526315789495,22.68789544356499,2.7452617444490133,1327.622802734375,19,2023-07-01
53,2023,8,20.44749908447268,23.71100006103518,22.07924957275393,3.2635009765625,1327.622802734375,20,2023-08-01
53,2023,9,20.504740182976995,22.06842073139394,21.286580457185465,1.5636805484169407,1327.622802734375,19,2023-09-01
53,2023,10,19.18210513466285,20.731050511410384,19.956577823036618,1.548945376747533,1327.622802734375,19,2023-10-01
53,2023,11,20.75999930245538,22.586668178013415,21.673333740234398,1.8266688755580358,1327.622802734375,21,2023-11-01
53,2023,12,24.308999633789085,25.385496520996117,24.8472480773926,1.0764968872070313,1327.622802734375,20,2023-12-01
53,2024,1,25.070001220703148,26.13549804687502,25.602749633789085,1.065496826171875,1327.622802734375,20,2024-01-01
53,2024,2,25.86263267115545,29.423685495476995,27.643159083316224,3.5610528243215462,1327.622802734375,19,2024-02-01
53,2024,3,25.557366943359398,30.59789589329772,28.077631418328558,5.040528949938323,1327.622802734375,19,2024-03-01
53,2024,4,22.650003051757835,27.869444783528667,25.259723917643253,5.219441731770833,1327.622802734375,18,2024-04-01
53,2024,5,20.118496704101585,24.09199829101565,22.105247497558615,3.9735015869140624,1327.622802734375,20,2024-05-01
53,2024,6,18.01263138620479,20.880527215254958,19.446579300729876,2.8678958290501644,1327.622802734375,19,2024-06-01
53,2024,7,19.04631476151318,21.848421116879134,20.44736793919616,2.8021063553659538,1327.622802734375,19,2024-07-01
53,2024,8,19.83350219726565,22.10350036621096,20.968501281738305,2.2699981689453126,1327.622802734375,20,2024-08-01
53,2024,9,20.984115780101124,20.55882460650278,20.77147019330195,-0.42529117359834556,1327.622802734375,17,2024-09-01
53,2024,10,19.9277774386936,20.284999254014778,20.10638834635419,0.3572218153211806,1327.622802734375,18,2024-10-01
54,2020,10,23.98368466025907,25.53210641961351,24.75789553993629,1.5484217593544407,1181.7261962890625,19,2020-10-01
54,2020,11,24.513331773546028,23.221670193142383,23.867500983344208,-1.2916615804036458,1181.7261962890625,18,2020-11-01
54,2020,12,24.560001092208083,25.55578645405019,25.057893773129134,0.9957853618421053,1181.7261962890625,19,2020-12-01
54,2021,1,25.93249969482424,29.869998168945337,27.901248931884787,3.9374984741210937,1181.7261962890625,20,2021-01-01
54,2021,2,27.969445800781273,32.413886854383705,30.19166632758249,4.44444105360243,1181.7261962890625,18,2021-02-01
54,2021,3,27.770002184416143,33.42947259200249,30.599737388209316,5.6594704075863485,1181.7261962890625,19,2021-03-01
54,2021,4,24.5900030838816,29.731578947368444,27.160791015625023,5.1415758634868425,1181.7261962890625,19,2021-04-01
54,2021,5,21.371580746299365,25.493683182565814,23.432631964432588,4.122102436266448,1181.7261962890625,19,2021-05-01
54,2021,6,20.816316624691634,25.784735749897226,23.30052618729443,4.9684191252055925,1181.7261962890625,19,2021-06-01
54,2021,7,20.894500732421896,26.04100036621096,23.467750549316428,5.1464996337890625,1181.7261962890625,20,2021-07-01
54,2021,8,19.91526425010282,24.79052766498769,22.352895957545254,4.875263414884868,1181.7261962890625,19,2021-08-01
54,2021,9,20.85611029730905,26.036104668511307,23.44610748291018,5.179994371202257,1181.7261962890625,18,2021-09-01
54,2021,10,20.419477282072393,24.1726302297492,22.296053755910794,3.753152947676809,1181.7261962890625,19,2021-10-01
54,2021,11,21.028945440995088,22.85157888312091,21.940262162058,1.8226334421258223,1181.7261962890625,19,2021-11-01
54,2021,12,24.789997863769553,24.996496582031273,24.893247222900413,0.20649871826171876,1181.7261962890625,20,2021-12-01
54,2022,1,28.359998522306768,30.83684210526318,29.598420313784974,2.4768435829564144,1181.7261962890625,19,2022-01-01
54,2022,2,27.783330959743946,33.71000230577259,30.74666663275827,5.9266713460286455,1181.7261962890625,18,2022-02-01
54,2022,3,26.537895122327324,33.665789473684235,30.101842298005778,7.1278943513569075,1181.7261962890625,19,2022-03-01
54,2022,4,23.73842452199838,30.33894621196548,27.03868536698193,6.600521689967105,1181.7261962890625,19,2022-04-01
54,2022,5,21.14849853515627,26.83550262451174,23.992000579834006,5.687004089355469,1181.7261962890625,20,2022-05-01
54,2022,6,21.14000176323787,26.816111924913216,23.978056844075542,5.676110161675347,1181.7261962890625,18,2022-06-01
54,2022,7,22.238418097245088,28.339476254111865,25.288947175678476,6.1010581568667765,1181.7261962890625,19,2022-07-01
54,2022,8,22.797368421052653,29.099471564041963,25.948419992547308,6.302103142989309,1181.7261962890625,19,2022-08-01
54,2022,9,20.745263671875023,24.21736739309213,22.481315532483574,3.4721037212171053,1181.7261962890625,19,2022-09-01
54,2022,10,22.753498840332053,23.350498962402366,23.05199890136721,0.5970001220703125,1181.7261962890625,20,2022-10-01
54,2022,11,22.528945440995088,23.15526251541943,22.84210397820726,0.6263170744243421,1181.7261962890625,19,2022-11-01
54,2022,12,26.214212839226995,26.979995245682588,26.59710404245479,0.7657824064555921,1181.7261962890625,19,2022-12-01
54,2023,1,25.52052901418588,30.82999813682157,28.175263575503724,5.309469122635691,1181.7261962890625,19,2023-01-01
54,2023,2,29.476113891601585,36.34055311414933,32.90833350287546,6.864439222547743,1181.7261962890625,18,2023-02-01
54,2023,3,25.901499938964868,33.91899719238283,29.91024856567385,8.017497253417968,1181.7261962890625,20,2023-03-01
54,2023,4,25.388330078125023,33.40055406358509,29.394442070855057,8.01222398546007,1181.7261962890625,18,2023-04-01
54,2023,5,24.545262708162028,31.347894287109398,27.946578497635713,6.802631578947368,1181.7261962890625,19,2023-05-01
54,2023,6,23.28578780324838,29.0710532740543,26.178420538651338,5.785265470805921,1181.7261962890625,19,2023-06-01
54,2023,7,23.47947323447782,29.361575799239333,26.420524516858574,5.882102564761513,1181.7261962890625,19,2023-07-01
54,2023,8,23.119001770019555,29.25550231933596,26.187252044677756,6.136500549316406,1181.7261962890625,20,2023-08-01
54,2023,9,23.3873663651316,29.612629458778805,26.499997911955205,6.225263093647204,1181.7261962890625,19,2023-09-01
54,2023,10,22.39894216437091,28.278945440995088,25.338943802683,5.880003276624177,1181.7261962890625,19,2023-10-01
54,2023,11,24.036319451583083,30.476317074424365,27.256318263003724,6.4399976228412825,1181.7261962890625,19,2023-11-01
54,2023,12,26.404208855879958,29.405259303042786,27.90473407946137,3.0010504471628288,1181.7261962890625,19,2023-12-01
54,2024,1,29.447143264043923,32.63714279901416,31.04214303152904,3.189999534970238,1181.7261962890625,21,2024-01-01
54,2024,2,30.92222323947485,36.48555569118926,33.703889465332054,5.56333245171441,1181.7261962890625,18,2024-02-01
54,2024,3,30.109474904913675,37.036843068976175,33.573158986944925,6.9273681640625,1181.7261962890625,19,2024-03-01
54,2024,4,26.871665785047767,33.95610792371964,30.413886854383705,7.084442138671875,1181.7261962890625,18,2024-04-01
54,2024,5,23.61199951171877,29.793504333496116,26.702751922607444,6.181504821777343,1181.7261962890625,20,2024-05-01
54,2024,6,20.145267205489333,25.188420667146403,22.666843936317868,5.043153461657073,1181.7261962890625,19,2024-06-01
54,2024,7,22.214211233038675,27.95894614771795,25.086578690378314,5.7447349146792765,1181.7261962890625,19,2024-07-01
54,2024,8,21.838499450683617,27.149499511718773,24.493999481201193,5.311000061035156,1181.7261962890625,20,2024-08-01
54,2024,9,22.09999820484837,25.8264727424173,23.963235473632835,3.726474537568934,1181.7261962890625,17,2024-09-01
54,2024,10,21.83277791341148,25.547775946723114,23.6902769300673,3.714998033311632,1181.7261962890625,18,2024-10-01
55,2020,10,20.158420281661208,21.23894813939147,20.698684210526338,1.080527857730263,1193.0613403320313,19,2020-10-01
55,2020,11,20.788890245225716,20.838337198893253,20.813613722059486,0.049446953667534724,1193.0613403320313,18,2020-11-01
55,2020,12,22.483159436677653,23.08105500873769,22.78210722270767,0.5978955720600329,1193.0613403320313,19,2020-12-01
55,2021,1,24.215003967285178,25.131498718261742,24.67325134277346,0.9164947509765625,1193.0613403320313,20,2021-01-01
55,2021,2,25.63944227430558,26.562222629123287,26.10083245171443,0.9227803548177084,1193.0613403320313,18,2021-02-01
55,2021,3,25.33368112664476,26.612104235197393,25.972892680921074,1.2784231085526316,1193.0613403320313,19,2021-03-01
55,2021,4,22.022634727076504,23.77421200400907,22.898423365542786,1.7515772769325657,1193.0613403320313,19,2021-04-01
55,2021,5,19.905265727796074,21.342630807976995,20.623948267886536,1.437365080180921,1193.0613403320313,19,2021-05-01
55,2021,6,20.27789499383226,21.63000038548522,20.95394768965874,1.3521053916529606,1193.0613403320313,19,2021-06-01
55,2021,7,20.903001403808616,22.219999694824242,21.561500549316428,1.316998291015625,1193.0613403320313,20,2021-07-01
55,2021,8,19.10947811729032,18.98420827765216,19.04684319747124,-0.12526983963815788,1193.0613403320313,19,2021-08-01
55,2021,9,21.019443766276066,20.461109415690128,20.740276590983097,-0.5583343505859375,1193.0613403320313,18,2021-09-01
55,2021,10,20.337368935032917,19.768424907483574,20.052896921258245,-0.5689440275493421,1193.0613403320313,19,2021-10-01
55,2021,11,21.12262958727387,20.556843325966305,20.839736456620088,-0.5657862613075658,1193.0613403320313,19,2021-11-01
55,2021,12,23.877500915527367,23.910000610351585,23.893750762939476,0.03249969482421875,1193.0613403320313,20,2021-12-01
55,2022,1,25.560002698396403,26.348421116879134,25.95421190763777,0.7884184184827303,1193.0613403320313,19,2022-01-01
55,2022,2,26.456662326388912,27.79444274902346,27.125552537706184,1.3377804226345487,1193.0613403320313,18,2022-02-01
55,2022,3,25.031579589843773,26.873683246813346,25.952631418328558,1.8421036569695723,1193.0613403320313,19,2022-03-01
55,2022,4,21.786844675164495,23.659999164782096,22.723421919973294,1.8731544896175987,1193.0613403320313,19,2022-04-01
55,2022,5,20.575267912212194,22.427895315069925,21.501581613641058,1.8526274028577303,1193.0613403320313,19,2022-05-01
55,2022,6,20.600552707248287,22.286111450195335,21.44333207872181,1.6855587429470487,1193.0613403320313,18,2022-06-01
55,2022,7,21.228503417968774,22.934500122070336,22.081501770019553,1.7059967041015625,1193.0613403320313,20,2022-07-01
55,2022,8,21.671576570209726,23.44578985916943,22.55868321468958,1.774213288959704,1193.0613403320313,19,2022-08-01
55,2022,9,19.208422530324857,19.89158260947782,19.550002569901338,0.6831600791529605,1193.0613403320313,19,2022-09-01
55,2022,10,19.400003051757835,19.428501892089866,19.414252471923852,0.02849884033203125,1193.0613403320313,20,2022-10-01
55,2022,11,20.558947432668607,20.494735235916963,20.526841334292786,-0.06421219675164473,1193.0613403320313,19,2022-11-01
55,2022,12,23.9984214381168,23.921576570209726,23.95999900416326,-0.07684486790707237,1193.0613403320313,19,2022-12-01
55,2023,1,24.870000256990153,25.71789582905019,25.29394804302017,0.8478955720600329,1193.0613403320313,19,2023-01-01
55,2023,2,28.250556776258705,29.37388848198787,28.812222629123287,1.1233317057291667,1193.0613403320313,18,2023-02-01
55,2023,3,25.060000610351587,26.829499816894554,25.94475021362307,1.7694992065429687,1193.0613403320313,20,2023-03-01
55,2023,4,24.32894768965874,25.6221075760691,24.97552763286392,1.293159886410362,1193.0613403320313,19,2023-04-01
55,2023,5,24.257893130653805,25.194212582236865,24.726052856445335,0.9363194515830592,1193.0613403320313,19,2023-05-01
55,2023,6,23.23999938964846,23.892780558268253,23.566389973958355,0.6527811686197916,1193.0613403320313,18,2023-06-01
55,2023,7,23.87157914011104,24.11105218184624,23.991315660978643,0.23947304173519737,1193.0613403320313,19,2023-07-01
55,2023,8,23.55450134277346,23.32799987792971,23.441250610351585,-0.22650146484375,1193.0613403320313,20,2023-08-01
55,2023,9,22.731053723787028,22.56420930561269,22.647631514699857,-0.16684441817434212,1193.0613403320313,19,2023-09-01
55,2023,10,21.261584151418607,21.464211233038675,21.362897692228643,0.2026270816200658,1193.0613403320313,19,2023-10-01
55,2023,11,23.059001159667993,23.31300201416018,23.186001586914085,0.2540008544921875,1193.0613403320313,20,2023-11-01
55,2023,12,25.95368427477387,27.914210590563346,26.933947432668607,1.9605263157894737,1193.0613403320313,19,2023-12-01
55,2024,1,27.576501464843773,29.24799957275393,28.41225051879885,1.6714981079101563,1193.0613403320313,20,2024-01-01
55,2024,2,28.10315937243012,30.351052053351175,29.227105712890648,2.2478926809210527,1193.0613403320313,19,2024-02-01
55,2024,3,27.906317781147226,30.830001349198213,29.36815956517272,2.9236835680509867,1193.0613403320313,19,2024-03-01
55,2024,4,24.786111450195335,27.632777574327278,26.209444512261307,2.8466661241319446,1193.0613403320313,18,2024-04-01
55,2024,5,22.090002441406273,24.63800048828127,23.364001464843774,2.547998046875,1193.0613403320313,20,2024-05-01
55,2024,6,19.103686202199857,21.208420924136536,20.156053563168197,2.1047347219366777,1193.0613403320313,19,2024-06-01
55,2024,7,20.824211040296074,23.008416748046898,21.916313894171488,2.1842057077508223,1193.0613403320313,19,2024-07-01
55,2024,8,21.053498840332054,21.770501708984398,21.412000274658226,0.71700286865234375,1193.0613403320313,20,2024-08-01
55,2024,9,21.0416690402561,21.596109008789085,21.31888902452259,0.5544399685329862,1193.0613403320313,18,2024-09-01
55,2024,10,21.332782999674503,22.346665106879364,21.83972405327693,1.0138821072048612,1193.0613403320313,18,2024-10-01
56,2020,10,18.64105417351976,21.647366493626667,20.144210333573213,3.006312320106908,1586.5170288085938,19,2020-10-01
56,2020,11,19.897776963975716,22.129446072048633,21.013611518012176,2.2316691080729165,1586.5170288085938,18,2020-11-01
56,2020,12,20.638418418482754,23.463154361122555,22.050786389802653,2.8247359426398027,1586.5170288085938,19,2020-12-01
56,2021,1,21.584999084472678,25.715000915527366,23.650000000000023,4.130001831054687,1586.5170288085938,20,2021-01-01
56,2021,2,22.025557454427105,28.00388827853735,25.014722866482227,5.978330824110243,1586.5170288085938,18,2021-02-01
56,2021,3,21.457368870785384,29.047895250822393,25.252632060803887,7.590526380037007,1586.5170288085938,19,2021-03-01
56,2021,4,19.242101087068278,26.28789833470397,22.764999710886126,7.045797247635691,1586.5170288085938,19,2021-04-01
56,2021,5,18.055791272615153,23.92579120836762,20.990791240491387,5.8699999357524675,1586.5170288085938,19,2021-05-01
56,2021,6,18.262632992393115,23.190523167660384,20.72657808002675,4.92789017526727,1586.5170288085938,19,2021-06-01
56,2021,7,18.84900054931643,22.324494934082054,20.58674774169924,3.475494384765625,1586.5170288085938,20,2021-07-01
56,2021,8,17.498948267886536,20.635787482010713,19.067367874948626,3.1368392141241777,1586.5170288085938,19,2021-08-01
56,2021,9,18.78666924370662,22.296109347873287,20.541389295789955,3.5094401041666665,1586.5170288085938,18,2021-09-01
56,2021,10,18.129475161903805,21.38737118369657,19.75842317280019,3.2578960217927633,1586.5170288085938,19,2021-10-01
56,2021,11,18.502106034128314,21.647894929584726,20.07500048185652,3.1457888954564144,1586.5170288085938,19,2021-11-01
56,2021,12,20.063000488281272,24.104995727539084,22.08399810791018,4.041995239257813,1586.5170288085938,20,2021-12-01
56,2022,1,21.155259303042786,27.04841726202716,24.101838282534974,5.893157958984375,1586.5170288085938,19,2022-01-01
56,2022,2,21.820553927951412,29.60944519042971,25.71499955919056,7.788891262478298,1586.5170288085938,18,2022-02-01
56,2022,3,20.946313476562523,29.673160271895583,25.309736874229053,8.72684679533306,1586.5170288085938,19,2022-03-01
56,2022,4,18.844211297286208,26.867889725534564,22.856050511410384,8.023678428248354,1586.5170288085938,19,2022-04-01
56,2022,5,17.02350006103518,24.059001159667993,20.541250610351586,7.035501098632812,1586.5170288085938,20,2022-05-01
56,2022,6,18.1711127387153,21.638333468967037,19.904723103841167,3.467220730251736,1586.5170288085938,18,2022-06-01
56,2022,7,18.704736328125023,21.733159436677653,20.218947882401338,3.0284231085526314,1586.5170288085938,19,2022-07-01
56,2022,8,19.308423815275518,22.461053466796898,20.884738641036208,3.1526296515213814,1586.5170288085938,19,2022-08-01
56,2022,9,17.265262322676833,19.94631829512749,18.60579030890216,2.681055972450658,1586.5170288085938,19,2022-09-01
56,2022,10,17.577000427246116,20.340998840332055,18.958999633789084,2.7639984130859374,1586.5170288085938,20,2022-10-01
56,2022,11,17.740525416324036,20.583155903063346,19.16184065969369,2.842630486739309,1586.5170288085938,19,2022-11-01
56,2022,12,20.06473934775907,23.848949552837194,21.95684445029813,3.784210205078125,1586.5170288085938,19,2022-12-01
56,2023,1,20.84736745733966,26.144733950966305,23.49605070415298,5.297366493626645,1586.5170288085938,19,2023-01-01
56,2023,2,23.276667955186653,30.48722059461808,26.881944274902366,7.210552639431423,1586.5170288085938,18,2023-02-01
56,2023,3,21.184495544433616,28.60450134277346,24.89449844360354,7.420005798339844,1586.5170288085938,20,2023-03-01
56,2023,4,21.103686202199857,28.578420859889004,24.84105353104443,7.474734657689145,1586.5170288085938,19,2023-04-01
56,2023,5,20.50263286389805,26.986315596731107,23.74447423031458,6.483682732833059,1586.5170288085938,19,2023-05-01
56,2023,6,19.503891669379364,25.154446750217037,22.3291692097982,5.650555080837673,1586.5170288085938,18,2023-06-01
56,2023,7,20.263163034539495,24.709996594880778,22.486579814710137,4.4468335603412825,1586.5170288085938,19,2023-07-01
56,2023,8,19.96600036621096,23.41350250244143,21.689751434326194,3.4475021362304688,1586.5170288085938,20,2023-08-01
56,2023,9,20.167893580386536,22.9868392141242,21.577366397255368,2.8189456337376644,1586.5170288085938,19,2023-09-01
56,2023,10,19.18368401778374,21.11000173468341,20.146842876233574,1.926317716899671,1586.5170288085938,19,2023-10-01
56,2023,11,21.636315917968773,23.366315660978643,22.501315789473708,1.7299997430098684,1586.5170288085938,19,2023-11-01
56,2023,12,22.78999922902963,25.405789345189167,24.097894287109398,2.6157901161595394,1586.5170288085938,19,2023-12-01
56,2024,1,24.03999633789065,28.26350250244143,26.151749420166038,4.223506164550781,1586.5170288085938,20,2024-01-01
56,2024,2,24.787368292557588,31.40736501593341,28.0973666542455,6.619996723375823,1586.5170288085938,19,2024-02-01
56,2024,3,24.375263736122555,33.33789415861433,28.856578947368444,8.962630422491776,1586.5170288085938,19,2024-03-01
56,2024,4,21.78055555555558,30.363331095377628,26.071943325466602,8.582775539822048,1586.5170288085938,18,2024-04-01
56,2024,5,20.14400024414065,27.380503845214868,23.76225204467776,7.236503601074219,1586.5170288085938,20,2024-05-01
56,2024,6,17.56473934775907,21.660003983347064,19.612371665553066,4.095264635587993,1586.5170288085938,19,2024-06-01
56,2024,7,19.1344424777561,22.942778523763042,21.03861050075957,3.8083360460069446,1586.5170288085938,18,2024-07-01
56,2024,8,19.92699890136721,21.779499816894553,20.85324935913088,1.8525009155273438,1586.5170288085938,20,2024-08-01
56,2024,9,19.67471062155333,21.65412023207723,20.66441542681528,1.979409610523897,1586.5170288085938,17,2024-09-01
56,2024,10,19.513889567057316,21.75722317165801,20.635556369357662,2.2433336046006946,1586.5170288085938,18,2024-10-01
57,2020,10,18.4868392141242,19.475265021073213,18.981052117598708,0.9884258069490132,1259.827392578125,19,2020-10-01
57,2020,11,19.901667955186653,19.91666734483509,19.909167650010872,0.0149993896484375,1259.827392578125,18,2020-11-01
57,2020,12,21.4173667506168,21.94421097604854,21.68078886333267,0.5268442254317435,1259.827392578125,19,2020-12-01
57,2021,1,22.46350097656252,24.66949920654299,23.566500091552758,2.2059982299804686,1259.827392578125,20,2021-01-01
57,2021,2,23.441668023003494,26.450002712673633,24.945835367838566,3.008334689670139,1259.827392578125,18,2021-02-01
57,2021,3,22.81789229543588,26.63315975791532,24.7255260266756,3.815267462479441,1259.827392578125,19,2021-03-01
57,2021,4,20.120528692948213,23.36315950092519,21.7418440969367,3.242630807976974,1259.827392578125,19,2021-04-01
57,2021,5,18.409472335012357,21.106843968441634,19.758158151726995,2.697371633429276,1259.827392578125,19,2021-05-01
57,2021,6,18.79263177168999,20.446315082750846,19.619473427220417,1.6536833110608553,1259.827392578125,19,2021-06-01
57,2021,7,19.21700134277346,20.82900085449221,20.023001098632836,1.61199951171875,1259.827392578125,20,2021-07-01
57,2021,8,17.14526559930101,19.107892809416143,18.126579204358574,1.9626272101151316,1259.827392578125,19,2021-08-01
57,2021,9,18.55000203450523,21.06000162760419,19.80500183105471,2.5099995930989585,1259.827392578125,18,2021-09-01
57,2021,10,18.027222357855926,20.479442003038216,19.25333218044707,2.4522196451822915,1259.827392578125,18,2021-10-01
57,2021,11,20.00473697060035,21.408421887849528,20.70657942922494,1.4036849172491777,1259.827392578125,19,2021-11-01
57,2021,12,22.470996093750024,23.155499267578147,22.813247680664084,0.684503173828125,1259.827392578125,20,2021-12-01
57,2022,1,23.228419574938346,25.069999614514824,24.149209594726585,1.8415800395764803,1259.827392578125,19,2022-01-01
57,2022,2,24.080000813802105,26.724443901909744,25.402222357855926,2.644443088107639,1259.827392578125,18,2022-02-01
57,2022,3,22.72210886101976,25.878946725945745,24.300527793482754,3.1568378649259867,1259.827392578125,19,2022-03-01
57,2022,4,19.775260844983574,22.950524902343773,21.362892873663675,3.1752640573601973,1259.827392578125,19,2022-04-01
57,2022,5,18.920526123046898,21.297895250822393,20.109210686934645,2.3773691277754936,1259.827392578125,19,2022-05-01
57,2022,6,18.31611022949221,19.825557115342903,19.070833672417557,1.5094468858506944,1259.827392578125,18,2022-06-01
57,2022,7,19.005710856119816,20.54999912806922,19.777854992094518,1.5442882719494047,1259.827392578125,21,2022-07-01
57,2022,8,19.999499511718774,21.832000732421896,20.915750122070335,1.832501220703125,1259.827392578125,20,2022-08-01
57,2022,9,17.620001863178476,19.06420930561269,18.342105584395583,1.4442074424342106,1259.827392578125,19,2022-09-01
57,2022,10,17.73950195312502,19.147996520996116,18.44374923706057,1.4084945678710938,1259.827392578125,20,2022-10-01
57,2022,11,18.462630743729463,19.94210686934624,19.20236880653785,1.4794761256167763,1259.827392578125,19,2022-11-01
57,2022,12,21.727367521587194,23.863157894736865,22.795262708162028,2.1357903731496712,1259.827392578125,19,2022-12-01
57,2023,1,23.48789608604032,25.54736520867601,24.517630647358164,2.059469122635691,1259.827392578125,19,2023-01-01
57,2023,2,25.847221204969642,29.23778008355037,27.542500644260006,3.390558878580729,1259.827392578125,18,2023-02-01
57,2023,3,22.14600219726565,25.93499755859377,24.04049987792971,3.788995361328125,1259.827392578125,20,2023-03-01
57,2023,4,21.345001220703146,24.593496704101586,22.969248962402368,3.2484954833984374,1259.827392578125,20,2023-04-01
57,2023,5,21.49578889545644,23.985261937191634,22.740525416324036,2.4894730417351973,1259.827392578125,19,2023-05-01
57,2023,6,20.750555080837696,22.303891330295162,21.52722320556643,1.5533362494574652,1259.827392578125,18,2023-06-01
57,2023,7,21.19420936986022,22.533683696546074,21.863946533203148,1.3394743266858553,1259.827392578125,19,2023-07-01
57,2023,8,20.725498962402366,21.23800201416018,20.98175048828127,0.5125030517578125,1259.827392578125,20,2023-08-01
57,2023,9,20.21789261667354,20.38947368421055,20.303683150442044,0.17158106753700658,1259.827392578125,19,2023-09-01
57,2023,10,19.712103913959726,19.898421759354463,19.805262836657096,0.18631784539473684,1259.827392578125,19,2023-10-01
57,2023,11,21.41299743652346,21.64550018310549,21.529248809814476,0.23250274658203124,1259.827392578125,20,2023-11-01
57,2023,12,24.296317973889824,25.368419767680944,24.832368870785384,1.0721017937911184,1259.827392578125,19,2023-12-01
57,2024,1,25.419043840680825,28.157143438430083,26.788093639555456,2.738099597749256,1259.827392578125,21,2024-01-01
57,2024,2,25.920526123046898,29.37579056589229,27.648158344469596,3.4552644428453947,1259.827392578125,19,2024-02-01
57,2024,3,25.21789582905019,28.57263215717519,26.89526399311269,3.354736328125,1259.827392578125,19,2024-03-01
57,2024,4,22.30333184136287,25.884998575846378,24.094165208604622,3.581666734483507,1259.827392578125,18,2024-04-01
57,2024,5,20.155496215820335,23.128996276855492,21.642246246337912,2.973500061035156,1259.827392578125,20,2024-05-01
57,2024,6,17.75421174701894,19.994733629728643,18.87447268837379,2.2405218827097038,1259.827392578125,19,2024-06-01
57,2024,7,19.266839599609398,21.58315911543999,20.424999357524694,2.316319515830592,1259.827392578125,19,2024-07-01
57,2024,8,19.532499694824242,21.51949615478518,20.52599792480471,1.9869964599609375,1259.827392578125,20,2024-08-01
57,2024,9,19.90555555555558,20.407222154405403,20.15638885498049,0.5016665988498263,1259.827392578125,18,2024-09-01
57,2024,10,21.301665242513042,21.430005221896725,21.365835232204883,0.12833997938368055,1259.827392578125,18,2024-10-01
58,2020,10,23.48841970343341,23.434737677323213,23.461578690378314,-0.053682026110197366,1375.034423828125,19,2020-10-01
58,2020,11,22.68611043294273,22.6888858371311,22.687498135036915,0.0027754041883680555,1375.034423828125,18,2020-11-01
58,2020,12,24.52789338764394,25.82473626387749,25.176314825760713,1.2968428762335527,1375.034423828125,19,2020-12-01
58,2021,1,26.552000427246117,31.87700347900393,29.214501953125023,5.325003051757813,1375.034423828125,20,2021-01-01
58,2021,2,28.386114162868946,34.89666476779516,31.641389465332054,6.510550604926215,1375.034423828125,18,2021-02-01
58,2021,3,28.531579589843773,35.7963163677015,32.16394797877264,7.26473677785773,1375.034423828125,19,2021-03-01
58,2021,4,24.93157991108144,31.48053010639394,28.20605500873769,6.5489501953125,1375.034423828125,19,2021-04-01
58,2021,5,22.115788831208903,27.847892680921074,24.98184075606499,5.732103849712171,1375.034423828125,19,2021-05-01
58,2021,6,22.45894614771795,28.437893837376667,25.448419992547308,5.9789476896587175,1375.034423828125,19,2021-06-01
58,2021,7,22.412002563476584,28.44799957275393,25.430001068115256,6.035997009277343,1375.034423828125,20,2021-07-01
58,2021,8,21.25999884354443,26.975788638466305,24.117893741005368,5.715789794921875,1375.034423828125,19,2021-08-01
58,2021,9,22.303891330295162,23.082221815321205,22.69305657280818,0.7783304850260416,1375.034423828125,18,2021-09-01
58,2021,10,23.296317973889824,23.224734978926833,23.26052647640833,-0.07158299496299342,1375.034423828125,19,2021-10-01
58,2021,11,23.316846666838018,23.325263093647226,23.32105488024262,0.008416426809210526,1375.034423828125,19,2021-11-01
58,2021,12,25.289500427246118,24.947001647949243,25.11825103759768,-0.342498779296875,1375.034423828125,20,2021-12-01
58,2022,1,28.34316085012338,27.626317395662028,27.984739122892705,-0.7168434544613487,1375.034423828125,19,2022-01-01
58,2022,2,29.132224867079017,31.610553995768253,30.371389431423633,2.478329128689236,1375.034423828125,18,2022-02-01
58,2022,3,26.995792107833083,34.11421155427634,30.55500183105471,7.118419446443257,1375.034423828125,19,2022-03-01
58,2022,4,24.00683786492601,30.132636140522226,27.069737002724118,6.1257982755962175,1375.034423828125,19,2022-04-01
58,2022,5,21.93700103759768,27.388999938964865,24.663000488281273,5.451998901367188,1375.034423828125,20,2022-05-01
58,2022,6,21.082221815321205,26.27278035481773,23.677501085069466,5.190558539496528,1375.034423828125,18,2022-06-01
58,2022,7,22.493156352796074,28.155792557565814,25.324474455180944,5.662636204769737,1375.034423828125,19,2022-07-01
58,2022,8,22.40579095137749,26.788945569490153,24.59736826043382,4.383154618112664,1375.034423828125,19,2022-08-01
58,2022,9,21.146314440275518,23.33789255242601,22.24210349635076,2.1915781121504936,1375.034423828125,19,2022-09-01
58,2022,10,21.696998596191428,24.013504028320334,22.85525131225588,2.3165054321289063,1375.034423828125,20,2022-10-01
58,2022,11,21.49578889545644,23.749998715049365,22.6228938052529,2.2542098195929277,1375.034423828125,19,2022-11-01
58,2022,12,28.059472656250023,27.443155710320745,27.751314183285384,-0.6163169459292763,1375.034423828125,19,2022-12-01
58,2023,1,30.410525994551833,29.101577276932588,29.75605163574221,-1.3089487176192434,1375.034423828125,19,2023-01-01
58,2023,2,30.57888861762155,34.80389133029516,32.69138997395836,4.225002712673611,1375.034423828125,18,2023-02-01
58,2023,3,26.087998962402366,31.67199859619143,28.879998779296898,5.5839996337890625,1375.034423828125,20,2023-03-01
58,2023,4,25.257777574327278,31.418332248263912,28.338054911295597,6.160554673936632,1375.034423828125,18,2023-04-01
58,2023,5,24.375263736122555,30.187897049753314,27.281580392937933,5.812633313630757,1375.034423828125,19,2023-05-01
58,2023,6,23.24052862870068,28.583160721628314,25.911844675164495,5.342632092927632,1375.034423828125,19,2023-06-01
58,2023,7,23.491575863486865,28.41473420795644,25.95315503572165,4.923158344469573,1375.034423828125,19,2023-07-01
58,2023,8,23.513500976562522,27.700503540039087,25.607002258300803,4.187002563476563,1375.034423828125,20,2023-08-01
58,2023,9,23.98473671361022,28.278950259560055,26.131843486585137,4.294213545949836,1375.034423828125,19,2023-09-01
58,2023,10,23.3447349146793,25.705789987664495,24.525262451171898,2.3610550729851973,1375.034423828125,19,2023-10-01
58,2023,11,24.96473966899673,26.49052862870068,25.727634148848708,1.5257889597039473,1375.034423828125,19,2023-11-01
58,2023,12,27.966842169510713,30.129998779296898,29.048420474403805,2.163156609786184,1375.034423828125,19,2023-12-01
58,2024,1,29.67850036621096,32.57899932861331,31.12874984741213,2.900498962402344,1375.034423828125,20,2024-01-01
58,2024,2,30.853331502278667,35.35666639539933,33.104998948839,4.50333489312066,1375.034423828125,18,2024-02-01
58,2024,3,29.866315660978643,35.87684101305512,32.87157833701688,6.01052535207648,1375.034423828125,19,2024-03-01
58,2024,4,26.80222303602433,32.539446343315994,29.670834689670162,5.737223307291667,1375.034423828125,18,2024-04-01
58,2024,5,23.574003601074242,28.552502441406272,26.063253021240257,4.978498840332032,1375.034423828125,20,2024-05-01
58,2024,6,20.469473105982754,24.548420474403805,22.508946790193278,4.078947368421052,1375.034423828125,19,2024-06-01
58,2024,7,22.321580103824036,26.88315975791532,24.602369930869678,4.5615796540912825,1375.034423828125,19,2024-07-01
58,2024,8,22.04049987792971,26.490501403808615,24.265500640869163,4.450001525878906,1375.034423828125,20,2024-08-01
58,2024,9,22.011177691291383,26.463530776079985,24.237354233685686,4.452353084788603,1375.034423828125,17,2024-09-01
58,2024,10,22.422219848632835,26.487222290039085,24.45472106933596,4.06500244140625,1375.034423828125,18,2024-10-01
59,2020,10,18.418420410156273,20.296841591282917,19.357631000719596,1.8784211811266447,1283.5335083007813,19,2020-10-01
59,2020,11,19.333888414171028,19.223889499240475,19.278888956705753,-0.10999891493055555,1283.5335083007813,18,2020-11-01
59,2020,12,20.951581774259893,20.473681319387357,20.712631546823626,-0.4779004548725329,1283.5335083007813,19,2020-12-01
59,2021,1,22.760000610351586,21.39950103759768,22.07975082397463,-1.3604995727539062,1283.5335083007813,20,2021-01-01
59,2021,2,23.491113281250023,23.999444580078148,23.745278930664085,0.508331298828125,1283.5335083007813,18,2021-02-01
59,2021,3,23.23949890136721,25.79399871826174,24.516748809814477,2.5544998168945314,1283.5335083007813,20,2021-03-01
59,2021,4,20.440526380037028,23.474208149157096,21.957367264597064,3.033681769120066,1283.5335083007813,19,2021-04-01
59,2021,5,19.11736771432979,21.823682604338018,20.470525159333903,2.706314890008224,1283.5335083007813,19,2021-05-01
59,2021,6,20.252631257709726,23.21210712633637,21.73236919202305,2.9594758686266447,1283.5335083007813,19,2021-06-01
59,2021,7,19.34049987792971,23.399499511718773,21.36999969482424,4.058999633789062,1283.5335083007813,20,2021-07-01
59,2021,8,17.976839085629134,21.839999871504958,19.908419478567044,3.8631607858758223,1283.5335083007813,19,2021-08-01
59,2021,9,19.277776760525196,22.839998711480057,21.058887736002628,3.562221950954861,1283.5335083007813,18,2021-09-01
59,2021,10,18.84000210232207,19.26500176323787,19.052501932779972,0.4249996609157986,1283.5335083007813,18,2021-10-01
59,2021,11,19.686318166632425,20.027896600020583,19.857107383326504,0.3415784333881579,1283.5335083007813,19,2021-11-01
59,2021,12,21.662998962402366,21.82800445556643,21.7455017089844,0.1650054931640625,1283.5335083007813,20,2021-12-01
59,2022,1,23.30315712376647,22.93105147512338,23.117104299444925,-0.3721056486430921,1283.5335083007813,19,2022-01-01
59,2022,2,23.92444763183596,24.791116333007835,24.357781982421898,0.866668701171875,1283.5335083007813,18,2022-02-01
59,2022,3,22.36789615028785,24.864209948088018,23.616053049187933,2.4963137978001644,1283.5335083007813,19,2022-03-01
59,2022,4,19.301051410875846,22.75420692845397,21.02762916966491,3.453155517578125,1283.5335083007813,19,2022-04-01
59,2022,5,18.761997985839866,22.562002563476586,20.662000274658226,3.800004577636719,1283.5335083007813,20,2022-05-01
59,2022,6,18.367894544099528,19.62947676809213,18.99868565609583,1.2615822239925987,1283.5335083007813,19,2022-06-01
59,2022,7,19.44904697963172,20.290000988188268,19.869523983909993,0.8409540085565477,1283.5335083007813,21,2022-07-01
59,2022,8,19.914761207217285,20.756190418061777,20.335475812639533,0.8414292108444941,1283.5335083007813,21,2022-08-01
59,2022,9,17.573689029091305,18.20684364720397,17.890266338147637,0.6331546181126645,1283.5335083007813,19,2022-09-01
59,2022,10,18.511052503083903,18.292108154296898,18.4015803286904,-0.21894434878700658,1283.5335083007813,19,2022-10-01
59,2022,11,19.037895122327324,18.75105398077716,18.894474551552243,-0.2868411415501645,1283.5335083007813,19,2022-11-01
59,2022,12,21.771577855160384,23.02000057822782,22.3957892166941,1.2484227230674343,1283.5335083007813,19,2022-12-01
59,2023,1,22.6863165604441,24.941051603618444,23.813684082031273,2.254735043174342,1283.5335083007813,19,2023-01-01
59,2023,2,25.483331298828148,28.886668565538216,27.18499993218318,3.4033372667100696,1283.5335083007813,18,2023-02-01
59,2023,3,22.17850036621096,26.36600036621096,24.27225036621096,4.1875,1283.5335083007813,20,2023-03-01
59,2023,4,21.279999100534564,25.595788574218773,23.437893837376667,4.315789473684211,1283.5335083007813,19,2023-04-01
59,2023,5,21.85210731907897,25.207892488178476,23.529999903628724,3.3557851690995064,1283.5335083007813,19,2023-05-01
59,2023,6,21.174737548828148,23.4599982010691,22.317367874948626,2.2852606522409538,1283.5335083007813,19,2023-06-01
59,2023,7,21.650002248663675,23.62841989617601,22.63921107241984,1.9784176475123356,1283.5335083007813,19,2023-07-01
59,2023,8,21.038500976562524,22.94299926757815,21.990750122070335,1.904498291015625,1283.5335083007813,20,2023-08-01
59,2023,9,21.039997622841305,21.899999036287028,21.469998329564167,0.8600014134457237,1283.5335083007813,19,2023-09-01
59,2023,10,19.80263029399673,20.42473915501647,20.1136847245066,0.6221088610197368,1283.5335083007813,19,2023-10-01
59,2023,11,21.310000174386182,22.006190418061777,21.65809529622398,0.6961902436755952,1283.5335083007813,21,2023-11-01
59,2023,12,23.82500152587893,24.943501281738303,24.384251403808616,1.118499755859375,1283.5335083007813,20,2023-12-01
59,2024,1,24.664997863769553,25.754499816894555,25.209748840332054,1.089501953125,1283.5335083007813,20,2024-01-01
59,2024,2,25.96683895713407,28.260525673314167,27.113682315224118,2.293686716180099,1283.5335083007813,19,2024-02-01
59,2024,3,25.680527857730286,30.143158280222064,27.911843068976175,4.4626304224917765,1283.5335083007813,19,2024-03-01
59,2024,4,22.586667209201412,28.11499938964846,25.350833299424934,5.528332180447048,1283.5335083007813,18,2024-04-01
59,2024,5,20.003996276855492,24.84350280761721,22.42374954223635,4.839506530761719,1283.5335083007813,20,2024-05-01
59,2024,6,17.87526534231088,21.863683118318278,19.86947423031458,3.988417776007401,1283.5335083007813,19,2024-06-01
59,2024,7,19.058945826480286,22.664210590563346,20.861578208521816,3.605264764083059,1283.5335083007813,19,2024-07-01
59,2024,8,20.07850036621096,19.63300018310549,19.855750274658227,-0.44550018310546874,1283.5335083007813,20,2024-08-01
59,2024,9,20.395293471392485,20.54235768037686,20.468825575884672,0.147064208984375,1283.5335083007813,17,2024-09-01
59,2024,10,20.230559285481792,20.881114366319466,20.55583682590063,0.6505550808376737,1283.5335083007813,18,2024-10-01
60,2020,10,22.511052503083903,22.62473208778785,22.56789229543588,0.11367958470394737,1269.8865966796875,19,2020-10-01
60,2020,11,22.84888610839846,22.977224392361133,22.9130552503798,0.1283382839626736,1269.8865966796875,18,2020-11-01
60,2020,12,24.65841546309624,25.195788252981107,24.927101858038675,0.5373727898848685,1269.8865966796875,19,2020-12-01
60,2021,1,26.720999145507836,28.621997070312524,27.67149810791018,1.9009979248046875,1269.8865966796875,20,2021-01-01
60,2021,2,27.105554199218773,30.458335706922767,28.78194495307077,3.352781507703993,1269.8865966796875,18,2021-02-01
60,2021,3,26.94789717824838,30.42157817639805,28.684737677323213,3.4736809981496712,1269.8865966796875,19,2021-03-01
60,2021,4,24.04421065481088,27.095263350637357,25.569737002724118,3.0510526958264803,1269.8865966796875,19,2021-04-01
60,2021,5,21.18526290090463,23.755263800370088,22.470263350637357,2.5700008994654606,1269.8865966796875,19,2021-05-01
60,2021,6,21.456313605057588,24.096845446134893,22.77657952559624,2.6405318410773027,1269.8865966796875,19,2021-06-01
60,2021,7,21.903001403808616,24.6799987792969,23.291500091552756,2.776997375488281,1269.8865966796875,20,2021-07-01
60,2021,8,20.582632285670254,22.7163169459293,21.649474615799775,2.1336846602590462,1269.8865966796875,19,2021-08-01
60,2021,9,21.75055168999568,22.573332722981792,22.16194220648874,0.8227810329861112,1269.8865966796875,18,2021-09-01
60,2021,10,21.226839085629134,22.073689029091305,21.65026405736022,0.846849943462171,1269.8865966796875,19,2021-10-01
60,2021,11,21.812106805098708,22.647893323396403,22.230000064247555,0.8357865182976973,1269.8865966796875,19,2021-11-01
60,2021,12,24.14000396728518,24.949002075195335,24.544503021240256,0.80899810791015625,1269.8865966796875,20,2021-12-01
60,2022,1,26.925787995990976,27.520527407997555,27.223157701994268,0.594739412006579,1269.8865966796875,19,2022-01-01
60,2022,2,27.793884955512176,30.733887396918426,29.2638861762153,2.94000244140625,1269.8865966796875,18,2022-02-01
60,2022,3,26.0357894094367,30.15368363229854,28.09473652086762,4.1178942228618425,1269.8865966796875,19,2022-03-01
60,2022,4,23.051051410875846,26.8094710500617,24.930261230468773,3.7584196391858553,1269.8865966796875,19,2022-04-01
60,2022,5,20.232502746582053,23.48699645996096,21.859749603271506,3.2544937133789063,1269.8865966796875,20,2022-05-01
60,2022,6,20.334446207682316,23.625000678168426,21.97972344292537,3.290554470486111,1269.8865966796875,18,2022-06-01
60,2022,7,21.1673667506168,24.672631835937523,22.91999929327716,3.505265085320724,1269.8865966796875,19,2022-07-01
60,2022,8,22.10631232010693,25.092107190583903,23.599209755345417,2.985794870476974,1269.8865966796875,19,2022-08-01
60,2022,9,20.419472463507425,20.50841996042354,20.46394621196548,0.08894749691611842,1269.8865966796875,19,2022-09-01
60,2022,10,21.183999633789085,21.30000152587893,21.242000579834006,0.11600189208984375,1269.8865966796875,20,2022-10-01
60,2022,11,21.25105398077716,21.372631193462194,21.311842587119678,0.1215772126850329,1269.8865966796875,19,2022-11-01
60,2022,12,24.7773665578742,24.948947625411208,24.863157091642705,0.17158106753700658,1269.8865966796875,19,2022-12-01
60,2023,1,26.05473761307568,27.369471821032096,26.712104717053887,1.3147342079564144,1269.8865966796875,19,2023-01-01
60,2023,2,28.76833157009551,34.147224256727455,31.45777791341148,5.378892686631945,1269.8865966796875,18,2023-02-01
60,2023,3,25.708001708984398,31.716499328613303,28.71225051879885,6.008497619628907,1269.8865966796875,20,2023-03-01
60,2023,4,25.397776963975716,30.862778388129364,28.13027767605254,5.4650014241536455,1269.8865966796875,18,2023-04-01
60,2023,5,24.50421174701894,27.33263067948193,25.918421213250433,2.8284189324629936,1269.8865966796875,19,2023-05-01
60,2023,6,23.1436851099918,25.35420981959295,24.248947464792376,2.210524709601151,1269.8865966796875,19,2023-06-01
60,2023,7,23.36736771432979,25.721051989103643,24.544209851716715,2.353684274773849,1269.8865966796875,19,2023-07-01
60,2023,8,22.99550018310549,25.649998474121116,24.322749328613305,2.654498291015625,1269.8865966796875,20,2023-08-01
60,2023,9,23.18000263414887,25.86052374588818,24.520263190018525,2.680521111739309,1269.8865966796875,19,2023-09-01
60,2023,10,21.956318423622555,24.441576827199857,23.198947625411208,2.4852584035773027,1269.8865966796875,19,2023-10-01
60,2023,11,23.918944027549365,26.703159051192458,25.31105153937091,2.784215023643092,1269.8865966796875,19,2023-11-01
60,2023,12,25.78842034590874,28.880003597861865,27.334211971885303,3.091583251953125,1269.8865966796875,19,2023-12-01
60,2024,1,28.236186872209846,30.983335658482165,29.609761265346005,2.7471487862723216,1269.8865966796875,21,2024-01-01
60,2024,2,28.74421001233555,32.43368241159542,30.58894621196548,3.6894723992598686,1269.8865966796875,19,2024-02-01
60,2024,3,29.082627467105286,33.22842278731499,31.155525127210137,4.145795320209704,1269.8865966796875,19,2024-03-01
60,2024,4,27.042221747504364,30.75888807508683,28.900554911295597,3.716666327582465,1269.8865966796875,18,2024-04-01
60,2024,5,24.01250152587893,27.14100036621096,25.576750946044946,3.128498840332031,1269.8865966796875,20,2024-05-01
60,2024,6,20.504210140830615,22.945263029399694,21.724736585115153,2.4410528885690788,1269.8865966796875,19,2024-06-01
60,2024,7,22.74222378200957,25.464444308810787,24.10333404541018,2.722220526801215,1269.8865966796875,18,2024-07-01
60,2024,8,22.400498962402366,24.71050262451174,23.555500793457053,2.310003662109375,1269.8865966796875,20,2024-08-01
60,2024,9,22.706470444623186,23.4817659265855,23.094118185604344,0.7752954819623161,1269.8865966796875,17,2024-09-01
60,2024,10,22.557222832573807,24.829446411132835,23.69333462185332,2.2722235785590277,1269.8865966796875,18,2024-10-01
61,2020,10,21.301049804687523,23.158948717619268,22.229999261153395,1.8578989129317434,1550.0108032226563,19,2020-10-01
61,2020,11,20.803887939453148,20.863888888888912,20.833888414171028,0.06000094943576389,1550.0108032226563,18,2020-11-01
61,2020,12,22.10052682976976,23.319998008326504,22.71026241904813,1.2194711785567434,1550.0108032226563,19,2020-12-01
61,2021,1,23.112498474121118,25.77600097656252,24.44424972534182,2.663502502441406,1550.0108032226563,20,2021-01-01
61,2021,2,24.053889634874153,26.938887532552105,25.49638858371313,2.8849978976779513,1550.0108032226563,18,2021-02-01
61,2021,3,24.75789473684213,28.281579589843773,26.51973716334295,3.5236848530016447,1550.0108032226563,19,2021-03-01
61,2021,4,22.06421091180101,25.28631784539476,23.675264378597884,3.22210693359375,1550.0108032226563,19,2021-04-01
61,2021,5,20.100530042146403,22.94368254009048,21.522106291118444,2.8431524979440788,1550.0108032226563,19,2021-05-01
61,2021,6,20.472105648643115,23.249998715049365,21.86105218184624,2.77789306640625,1550.0108032226563,19,2021-06-01
61,2021,7,20.53950347900393,23.330500793457055,21.93500213623049,2.790997314453125,1550.0108032226563,20,2021-07-01
61,2021,8,19.427374910053476,22.042104941920254,20.734739925986865,2.614730031866776,1550.0108032226563,19,2021-08-01
61,2021,9,20.0572211371528,22.361110093858528,21.209165615505665,2.303888956705729,1550.0108032226563,18,2021-09-01
61,2021,10,20.65526251541943,21.397891717208083,21.026577116313756,0.7426292017886513,1550.0108032226563,19,2021-10-01
61,2021,11,20.765262322676833,22.046839985094596,21.406051153885713,1.281577662417763,1550.0108032226563,19,2021-11-01
61,2021,12,22.097496032714865,24.70299987792971,23.40024795532229,2.6055038452148436,1550.0108032226563,20,2021-12-01
61,2022,1,24.102632542660384,27.54368221885282,25.8231573807566,3.441049676192434,1550.0108032226563,19,2022-01-01
61,2022,2,25.260005357530403,29.577227105034744,27.418616231282574,4.31722174750434,1550.0108032226563,18,2022-02-01
61,2022,3,24.369470214843773,29.41052438836351,26.889997301603643,5.041054173519737,1550.0108032226563,19,2022-03-01
61,2022,4,21.85157888312091,26.39105256733144,24.121315725226175,4.5394736842105265,1550.0108032226563,19,2022-04-01
61,2022,5,20.310000610351587,24.511001586914084,22.410501098632835,4.2010009765625,1550.0108032226563,20,2022-05-01
61,2022,6,19.897778659396725,20.525557454427105,20.211668056911915,0.6277787950303819,1550.0108032226563,18,2022-06-01
61,2022,7,21.340001477693278,21.509472013774694,21.424736745733988,0.16947053608141446,1550.0108032226563,19,2022-07-01
61,2022,8,20.789472399259893,21.293683825041143,21.041578112150518,0.50421142578125,1550.0108032226563,19,2022-08-01
61,2022,9,19.642101408305944,20.6084212453742,20.12526132684007,0.9663198370682565,1550.0108032226563,19,2022-09-01
61,2022,10,20.368997192382835,21.37500000000002,20.87199859619143,1.0060028076171874,1550.0108032226563,20,2022-10-01
61,2022,11,20.04684319747124,20.87947355571548,20.463158376593363,0.8326303582442435,1550.0108032226563,19,2022-11-01
61,2022,12,22.557895379317458,24.5089483963816,23.533421887849528,1.9510530170641447,1550.0108032226563,19,2022-12-01
61,2023,1,23.47368292557568,25.959996594880778,24.71683976022823,2.486313669305099,1550.0108032226563,19,2023-01-01
61,2023,2,26.141110568576412,29.882774183485267,28.011942376030838,3.741663614908854,1550.0108032226563,18,2023-02-01
61,2023,3,23.610498046875023,27.78199920654299,25.696248626709007,4.171501159667969,1550.0108032226563,20,2023-03-01
61,2023,4,23.47666490342884,26.762775675455753,25.1197202894423,3.28611077202691,1550.0108032226563,18,2023-04-01
61,2023,5,23.055267655222064,25.12736944901318,24.09131855211762,2.0721017937911186,1550.0108032226563,19,2023-05-01
61,2023,6,22.30368716591285,23.776846152857754,23.040266659385303,1.4731589869449013,1550.0108032226563,19,2023-06-01
61,2023,7,22.416841527035384,23.50789473684213,22.962368131938756,1.0910532098067434,1550.0108032226563,19,2023-07-01
61,2023,8,22.691497802734396,23.333499145507837,23.012498474121116,0.6420013427734375,1550.0108032226563,20,2023-08-01
61,2023,9,23.062106805098708,23.718417840254958,23.390262322676833,0.65631103515625,1550.0108032226563,19,2023-09-01
61,2023,10,21.558422209087194,22.17052772923522,21.864474969161208,0.6121055201480263,1550.0108032226563,19,2023-10-01
61,2023,11,22.653164833470417,23.33999505293999,22.996579943205205,0.6868302194695723,1550.0108032226563,19,2023-11-01
61,2023,12,24.265792364823213,26.271051025390648,25.26842169510693,2.005258660567434,1550.0108032226563,19,2023-12-01
61,2024,1,25.918496704101585,28.974998474121115,27.44674758911135,3.056501770019531,1550.0108032226563,20,2024-01-01
61,2024,2,27.11166958279082,31.13333197699655,29.122500779893684,4.0216623942057295,1550.0108032226563,18,2024-02-01
61,2024,3,27.223151277240976,32.116839278371735,29.669995277806354,4.893688001130757,1550.0108032226563,19,2024-03-01
61,2024,4,24.717221408420162,28.654448445638042,26.685834927029102,3.937227037217882,1550.0108032226563,18,2024-04-01
61,2024,5,22.692500305175805,25.03899841308596,23.86574935913088,2.3464981079101563,1550.0108032226563,20,2024-05-01
61,2024,6,19.973681319387357,21.54579275030841,20.759737034847884,1.5721114309210527,1550.0108032226563,19,2024-06-01
61,2024,7,21.7568442896793,23.45631521124591,22.606579750462604,1.699470921566612,1550.0108032226563,19,2024-07-01
61,2024,8,21.405503845214866,22.52299957275393,21.9642517089844,1.1174957275390625,1550.0108032226563,20,2024-08-01
61,2024,9,20.923889838324676,21.158892144097244,21.04139099121096,0.23500230577256945,1550.0108032226563,18,2024-09-01
61,2024,10,21.306110636393253,20.741108194987003,21.023609415690128,-0.56500244140625,1550.0108032226563,18,2024-10-01
63,2020,10,19.882632928145583,20.372104363692458,20.12736864591902,0.489471435546875,1739.105712890625,19,2020-10-01
63,2020,11,20.287781439887176,20.593328518337696,20.440554979112434,0.3055470784505208,1739.105712890625,18,2020-11-01
63,2020,12,21.64105417351976,23.007367907072393,22.324211040296074,1.3663137335526316,1739.105712890625,19,2020-12-01
63,2021,1,22.83449859619143,28.001000976562523,25.417749786376977,5.166502380371094,1739.105712890625,20,2021-01-01
63,2021,2,23.25666876898874,30.059445529513912,26.658057149251324,6.802776760525173,1739.105712890625,18,2021-02-01
63,2021,3,22.728421181126667,30.507369513260713,26.61789534719369,7.778948332134046,1739.105712890625,19,2021-03-01
63,2021,4,19.991580682051833,27.005790630139824,23.49868565609583,7.014209948087993,1739.105712890625,19,2021-04-01
63,2021,5,18.02631450452305,24.192632092927653,21.10947329872535,6.166317588404605,1739.105712890625,19,2021-05-01
63,2021,6,18.005262194181768,24.28420892012749,21.14473555715463,6.2789467259457235,1739.105712890625,19,2021-06-01
63,2021,7,18.479499816894553,25.079499816894554,21.779499816894553,6.6,1739.105712890625,20,2021-07-01
63,2021,8,17.009475226151338,22.92421071905841,19.966842972604876,5.914735492907073,1739.105712890625,19,2021-08-01
63,2021,9,19.684443834092903,25.047224934895855,22.36583438449438,5.362781100802952,1739.105712890625,18,2021-09-01
63,2021,10,19.394210333573213,23.788423558285384,21.5913169459293,4.394213224712171,1739.105712890625,19,2021-10-01
63,2021,11,20.251052374588838,22.287895122327324,21.269473748458083,2.0368427477384867,1739.105712890625,19,2021-11-01
63,2021,12,22.30699920654299,22.684001159667993,22.49550018310549,0.377001953125,1739.105712890625,20,2021-12-01
63,2022,1,23.768945312500023,28.583685945209726,26.176315628854876,4.814740632709704,1739.105712890625,19,2022-01-01
63,2022,2,24.298888142903667,32.68055792914499,28.48972303602433,8.38166978624132,1739.105712890625,18,2022-02-01
63,2022,3,22.923683889288675,31.585790051912028,27.25473697060035,8.662106162623354,1739.105712890625,19,2022-03-01
63,2022,4,20.30737015573604,27.887889982524694,24.097630069130368,7.5805198267886515,1739.105712890625,19,2022-04-01
63,2022,5,18.538999938964867,25.230000305175803,21.884500122070335,6.691000366210938,1739.105712890625,20,2022-05-01
63,2022,6,18.706111314561653,25.516670057508705,22.11139068603518,6.810558742947048,1739.105712890625,18,2022-06-01
63,2022,7,19.036844675164495,26.028421823601995,22.532633249383245,6.9915771484375,1739.105712890625,19,2022-07-01
63,2022,8,19.69421097604854,25.712632349917786,22.703421662983164,6.018421373869243,1739.105712890625,19,2022-08-01
63,2022,9,18.44526142321137,18.663683760793607,18.55447259200249,0.21842233758223684,1739.105712890625,19,2022-09-01
63,2022,10,18.75599822998049,19.02100067138674,18.888499450683618,0.26500244140625,1739.105712890625,20,2022-10-01
63,2022,11,19.211053466796898,19.507893130653805,19.35947329872535,0.2968396638569079,1739.105712890625,19,2022-11-01
63,2022,12,21.914740632709726,24.09736745733966,23.006054045024694,2.182626824629934,1739.105712890625,19,2022-12-01
63,2023,1,22.83684210526318,28.568942742598708,25.702892423930944,5.7321006373355265,1739.105712890625,19,2023-01-01
63,2023,2,25.103333197699676,33.2094428168403,29.15638800726999,8.106109619140625,1739.105712890625,18,2023-02-01
63,2023,3,22.86799774169924,30.8049987792969,26.836498260498068,7.937001037597656,1739.105712890625,20,2023-03-01
63,2023,4,22.256317459909564,30.420524516858574,26.33842098838407,8.164207056949014,1739.105712890625,19,2023-04-01
63,2023,5,21.691580039576504,28.911574835526338,25.30157743755142,7.219994795949836,1739.105712890625,19,2023-05-01
63,2023,6,20.978887600368946,27.005554877387176,23.99222123887806,6.0266672770182295,1739.105712890625,18,2023-06-01
63,2023,7,23.76789165296055,26.566311806126667,25.167101729543607,2.7984201531661186,1739.105712890625,19,2023-07-01
63,2023,8,23.653001403808616,26.095500183105493,24.874250793457055,2.442498779296875,1739.105712890625,20,2023-08-01
63,2023,9,23.469998329564167,25.796317973889824,24.633158151726995,2.326319644325658,1739.105712890625,19,2023-09-01
63,2023,10,21.60736919202305,23.83526322214229,22.72131620708267,2.2278940301192436,1739.105712890625,19,2023-10-01
63,2023,11,22.344998168945335,26.35999908447268,24.352498626709007,4.015000915527343,1739.105712890625,20,2023-11-01
63,2023,12,25.339469829358574,29.29316020764805,27.316315018503314,3.953690378289474,1739.105712890625,19,2023-12-01
63,2024,1,25.972500610351585,31.93700103759768,28.95475082397463,5.964500427246094,1739.105712890625,20,2024-01-01
63,2024,2,26.542108154296898,34.464739668996735,30.503423911646816,7.922631514699836,1739.105712890625,19,2024-02-01
63,2024,3,25.732104170949857,34.96736899928045,30.349736585115153,9.235264828330592,1739.105712890625,19,2024-03-01
63,2024,4,22.649446953667557,31.148889160156273,26.899168056911915,8.499442206488716,1739.105712890625,18,2024-04-01
63,2024,5,20.72400054931643,28.207998657226586,24.465999603271506,7.483998107910156,1739.105712890625,20,2024-05-01
63,2024,6,17.958420924136536,23.863157894736865,20.9107894094367,5.904736970600329,1739.105712890625,19,2024-06-01
63,2024,7,19.600003390842037,26.23722398546009,22.918613688151066,6.637220594618055,1739.105712890625,18,2024-07-01
63,2024,8,19.222999572753928,25.60600280761721,22.414501190185568,6.383003234863281,1739.105712890625,20,2024-08-01
63,2024,9,19.33647353228403,25.767643827550575,22.5520586799173,6.431170295266544,1739.105712890625,17,2024-09-01
63,2024,10,20.042225138346378,25.28833414713544,22.66527964274091,5.2461090087890625,1739.105712890625,18,2024-10-01
65,2020,10,19.45631521124591,22.50421174701894,20.980263479132425,3.047896535773026,1595.8562622070313,19,2020-10-01
65,2020,11,20.428886244032142,20.293333943684917,20.361110093858528,-0.1355523003472222,1595.8562622070313,18,2020-11-01
65,2020,12,21.272634727076504,22.20842413651318,21.74052943179484,0.9357894094366777,1595.8562622070313,19,2020-12-01
65,2021,1,21.340496826171897,24.77649841308596,23.05849761962893,3.4360015869140623,1595.8562622070313,20,2021-01-01
65,2021,2,21.731106906467037,26.7961127387153,24.263609822591167,5.065005832248264,1595.8562622070313,18,2021-02-01
65,2021,3,21.77473722759048,27.744208406147226,24.759472816868854,5.969471178556743,1595.8562622070313,19,2021-03-01
65,2021,4,19.6673667506168,25.255262194181768,22.461314472399284,5.5878954435649675,1595.8562622070313,19,2021-04-01
65,2021,5,18.257897949218773,23.07526469983555,20.66658132452716,4.8173667506167765,1595.8562622070313,19,2021-05-01
65,2021,6,18.78315847296466,22.475263414884893,20.629210943924775,3.6921049419202303,1595.8562622070313,19,2021-06-01
65,2021,7,19.337500000000023,21.719502258300803,20.528501129150413,2.382002258300781,1595.8562622070313,20,2021-07-01
65,2021,8,17.939472720497555,20.095263350637357,19.017368035567458,2.1557906301398027,1595.8562622070313,19,2021-08-01
65,2021,9,19.321667819552975,21.707225206163216,20.514446512858097,2.385557386610243,1595.8562622070313,18,2021-09-01
65,2021,10,18.54368221885282,20.820001220703148,19.68184171977798,2.2763190018503288,1595.8562622070313,19,2021-10-01
65,2021,11,19.359998522306768,21.707362446032096,20.53368048416943,2.3473639237253288,1595.8562622070313,19,2021-11-01
65,2021,12,21.63349761962893,23.772004699707054,22.70275115966799,2.138507080078125,1595.8562622070313,20,2021-12-01
65,2022,1,22.23052528782897,26.73841970343341,24.48447249563119,4.507894415604441,1595.8562622070313,19,2022-01-01
65,2022,2,22.732778591579883,29.017222764756966,25.875000678168426,6.284444173177083,1595.8562622070313,18,2022-02-01
65,2022,3,21.853684596011536,28.66211130242601,25.257897949218773,6.8084267064144735,1595.8562622070313,19,2022-03-01
65,2022,4,19.863681512129958,25.875792172080615,22.869736842105286,6.0121106599506575,1595.8562622070313,19,2022-04-01
65,2022,5,17.96650085449221,23.148501586914087,20.55750122070315,5.182000732421875,1595.8562622070313,20,2022-05-01
65,2022,6,18.405001152886307,21.859441799587696,20.132221476237003,3.454440646701389,1595.8562622070313,18,2022-06-01
65,2022,7,18.8957892166941,22.143683503803476,20.51973636024879,3.247894287109375,1595.8562622070313,19,2022-07-01
65,2022,8,19.526839728104463,22.887893194901338,21.2073664615029,3.361053466796875,1595.8562622070313,19,2022-08-01
65,2022,9,17.855788702713838,20.303683953536208,19.079736328125023,2.4478952508223686,1595.8562622070313,19,2022-09-01
65,2022,10,18.86799774169924,20.7215026855469,19.794750213623068,1.8535049438476563,1595.8562622070313,20,2022-10-01
65,2022,11,19.12631097090874,20.96683895713407,20.046574964021403,1.840527986225329,1595.8562622070313,19,2022-11-01
65,2022,12,20.98894813939147,23.864209948088018,22.426579043739743,2.8752618086965462,1595.8562622070313,19,2022-12-01
65,2023,1,21.246317331414495,26.124733693976175,23.685525512695335,4.878416362561677,1595.8562622070313,19,2023-01-01
65,2023,2,24.097777303059917,29.841667005750892,26.969722154405403,5.743889702690972,1595.8562622070313,18,2023-02-01
65,2023,3,22.07049713134768,27.819496154785178,24.94499664306643,5.7489990234375,1595.8562622070313,20,2023-03-01
65,2023,4,21.98000167043588,28.223684531764004,25.10184310109994,6.243682861328125,1595.8562622070313,19,2023-04-01
65,2023,5,21.501580810546898,26.748418225740153,24.124999518143525,5.246837415193257,1595.8562622070313,19,2023-05-01
65,2023,6,20.694997829861133,24.94166463216148,22.818331231011307,4.246666802300347,1595.8562622070313,18,2023-06-01
65,2023,7,20.950524902343773,23.388946854440814,22.16973587839229,2.4384219520970394,1595.8562622070313,19,2023-07-01
65,2023,8,20.49699859619143,22.59949645996096,21.548247528076196,2.102497863769531,1595.8562622070313,20,2023-08-01
65,2023,9,20.69368575246713,22.02789499383226,21.360790373149694,1.3342092413651316,1595.8562622070313,19,2023-09-01
65,2023,10,19.962633956106107,20.95421271073193,20.45842333341902,0.9915787546258223,1595.8562622070313,19,2023-10-01
65,2023,11,22.45947297748769,23.229471628289495,22.84447230288859,0.7699986508018092,1595.8562622070313,19,2023-11-01
65,2023,12,24.06684184827305,26.0900030838816,25.078422466077324,2.0231612356085527,1595.8562622070313,19,2023-12-01
65,2024,1,24.202500915527366,28.80600280761721,26.50425186157229,4.603501892089843,1595.8562622070313,20,2024-01-01
65,2024,2,24.84684383994657,31.15526251541943,28.001053177683,6.308418675472862,1595.8562622070313,19,2024-02-01
65,2024,3,24.998948267886536,32.3852622584293,28.692105263157917,7.386313990542763,1595.8562622070313,19,2024-03-01
65,2024,4,22.48500128851999,29.365558878580753,25.92528008355037,6.880557590060764,1595.8562622070313,18,2024-04-01
65,2024,5,20.672000122070337,26.628501892089865,23.6502510070801,5.956501770019531,1595.8562622070313,20,2024-05-01
65,2024,6,18.215790116159564,21.388950066817458,19.80237009148851,3.1731599506578947,1595.8562622070313,19,2024-06-01
65,2024,7,19.955002509223114,22.7527777777778,21.353890143500458,2.7977752685546875,1595.8562622070313,18,2024-07-01
65,2024,8,20.269502258300804,21.308500671386742,20.78900146484377,1.0389984130859375,1595.8562622070313,20,2024-08-01
65,2024,9,20.425882855583662,21.637060905905354,21.03147188074451,1.2111780503216911,1595.8562622070313,17,2024-09-01
65,2024,10,19.566669718424503,21.706665717230926,20.636667717827713,2.1399959988064237,1595.8562622070313,18,2024-10-01
66,2020,10,18.92368228310035,20.73842130962173,19.83105179636104,1.8147390265213816,1547.0839233398438,19,2020-10-01
66,2020,11,19.32499932183162,19.510000271267383,19.417499796549503,0.1850009494357639,1547.0839233398438,18,2020-11-01
66,2020,12,20.933682411595417,21.775787674753314,21.354735043174365,0.8421052631578947,1547.0839233398438,19,2020-12-01
66,2021,1,22.459497070312523,24.277497863769554,23.36849746704104,1.8180007934570313,1547.0839233398438,20,2021-01-01
66,2021,2,23.71222330729169,25.995555284288216,24.853889295789955,2.2833319769965277,1547.0839233398438,18,2021-02-01
66,2021,3,23.35579030890216,25.834206350226175,24.594998329564167,2.4784160413240133,1547.0839233398438,19,2021-03-01
66,2021,4,20.377366236636536,22.80473761307568,21.591051924856107,2.4273713764391447,1547.0839233398438,19,2021-04-01
66,2021,5,18.51578915244657,20.64210622687091,19.57894768965874,2.126317074424342,1547.0839233398438,19,2021-05-01
66,2021,6,18.77842342979032,20.984211490028805,19.881317459909564,2.2057880602384867,1547.0839233398438,19,2021-06-01
66,2021,7,19.13549957275393,21.415501403808616,20.275500488281274,2.2800018310546877,1547.0839233398438,20,2021-07-01
66,2021,8,17.385787482010713,19.39683966385693,18.39131357293382,2.011052181846217,1547.0839233398438,19,2021-08-01
66,2021,9,19.14000176323787,21.170000542534744,20.155001152886307,2.029998779296875,1547.0839233398438,18,2021-09-01
66,2021,10,19.255551486545162,20.13166707356773,19.693609280056446,0.8761155870225694,1547.0839233398438,18,2021-10-01
66,2021,11,19.899999036287028,20.195788252981107,20.04789364463407,0.2957892166940789,1547.0839233398438,19,2021-11-01
66,2021,12,21.60150299072268,22.65199890136721,22.126750946044943,1.0504959106445313,1547.0839233398438,20,2021-12-01
66,2022,1,22.436841784025518,25.260528885690814,23.848685334858164,2.8236871016652962,1547.0839233398438,19,2022-01-01
66,2022,2,23.551668633355057,26.012224663628494,24.781946648491775,2.4605560302734375,1547.0839233398438,18,2022-02-01
66,2022,3,22.547370027240976,24.836843711451504,23.69210686934624,2.289473684210526,1547.0839233398438,19,2022-03-01
66,2022,4,19.828420859889004,21.61000334087173,20.719212100380368,1.7815824809827303,1547.0839233398438,19,2022-04-01
66,2022,5,19.30684011358966,20.9042120682566,20.10552609092313,1.5973719546669407,1547.0839233398438,19,2022-05-01
66,2022,6,19.067778523763042,20.56666632758249,19.817222425672767,1.4988878038194444,1547.0839233398438,18,2022-06-01
66,2022,7,19.962381708054338,21.481905691964307,20.722143700009322,1.5195239839099703,1547.0839233398438,21,2022-07-01
66,2022,8,20.582499694824243,22.08550262451174,21.33400115966799,1.5030029296875,1547.0839233398438,20,2022-08-01
66,2022,9,18.096842233758245,18.88000038548522,18.48842130962173,0.7831581517269737,1547.0839233398438,19,2022-09-01
66,2022,10,18.2320007324219,18.38999938964846,18.31100006103518,0.1579986572265625,1547.0839233398438,20,2022-10-01
66,2022,11,18.909999164782096,19.10894486276729,19.009472013774694,0.19894569798519737,1547.0839233398438,19,2022-11-01
66,2022,12,21.158420281661208,23.239471756784564,22.198946019222884,2.0810514751233553,1547.0839233398438,19,2022-12-01
66,2023,1,21.630525609066634,24.26789968390216,22.949212646484398,2.637374074835526,1547.0839233398438,19,2023-01-01
66,2023,2,24.611666191948807,27.719449191623287,26.16555769178605,3.107782999674479,1547.0839233398438,18,2023-02-01
66,2023,3,21.958499145507837,25.150503540039086,23.55450134277346,3.19200439453125,1547.0839233398438,20,2023-03-01
66,2023,4,21.44150085449221,24.892500305175805,23.167000579834006,3.450999450683594,1547.0839233398438,20,2023-04-01
66,2023,5,21.60736919202305,24.890527343750023,23.248948267886536,3.283158151726974,1547.0839233398438,19,2023-05-01
66,2023,6,20.84611070421009,22.984996202256966,21.915553453233528,2.138885498046875,1547.0839233398438,18,2023-06-01
66,2023,7,21.129998779296898,22.45263382761104,21.79131630345397,1.3226350483141447,1547.0839233398438,19,2023-07-01
66,2023,8,20.009503173828147,21.73950195312502,20.874502563476586,1.729998779296875,1547.0839233398438,20,2023-08-01
66,2023,9,19.484731895045254,21.15894550524262,20.32183870014394,1.6742136101973684,1547.0839233398438,19,2023-09-01
66,2023,10,18.59789589329772,20.16736835680512,19.38263212505142,1.5694724635074013,1547.0839233398438,19,2023-10-01
66,2023,11,20.2664978027344,21.966999816894553,21.116748809814474,1.7005020141601563,1547.0839233398438,20,2023-11-01
66,2023,12,24.303685559724528,26.21210712633637,25.25789634303045,1.908421566611842,1547.0839233398438,19,2023-12-01
66,2024,1,25.338571893601213,26.281905110677105,25.81023850213916,0.9433332170758929,1547.0839233398438,21,2024-01-01
66,2024,2,26.674209112870088,27.49421161852387,27.08421036569698,0.8200025056537829,1547.0839233398438,19,2024-02-01
66,2024,3,26.315261358963838,29.0815802323191,27.69842079564147,2.7663188733552633,1547.0839233398438,19,2024-03-01
66,2024,4,23.067219034830753,26.118330891927105,24.59277496337893,3.051111857096354,1547.0839233398438,18,2024-04-01
66,2024,5,20.421499633789086,23.16949920654299,21.79549942016604,2.747999572753906,1547.0839233398438,20,2024-05-01
66,2024,6,17.824209434107754,20.144210333573213,18.98420988384048,2.3200008994654606,1547.0839233398438,19,2024-06-01
66,2024,7,19.08684210526318,21.725788638466305,20.406315371864743,2.638946533203125,1547.0839233398438,19,2024-07-01
66,2024,8,19.17850036621096,21.63350067138674,20.40600051879885,2.455000305175781,1547.0839233398438,20,2024-08-01
66,2024,9,19.541178265739912,20.674114631204066,20.10764644847199,1.1329363654641544,1547.0839233398438,17,2024-09-01
66,2024,10,20.18277723524308,20.643334960937523,20.4130560980903,0.4605577256944444,1547.0839233398438,18,2024-10-01
67,2020,10,20.65315840871713,21.10894968133226,20.881054045024694,0.4557912726151316,1692.57958984375,19,2020-10-01
67,2020,11,20.988331095377628,22.188887532552105,21.588609313964866,1.2005564371744792,1692.57958984375,18,2020-11-01
67,2020,12,22.132107704564167,23.56999640213818,22.851052053351175,1.437888697574013,1692.57958984375,19,2020-12-01
67,2021,1,23.59049987792971,26.00249938964846,24.796499633789086,2.41199951171875,1692.57958984375,20,2021-01-01
67,2021,2,24.330002509223114,28.271112060546898,26.300557284885006,3.941109551323785,1692.57958984375,18,2021-02-01
67,2021,3,24.191054815995088,29.582107062088838,26.886580939041963,5.39105224609375,1692.57958984375,19,2021-03-01
67,2021,4,21.74999710886104,27.222627659847884,24.486312384354463,5.4726305509868425,1692.57958984375,19,2021-04-01
67,2021,5,19.562108411287028,24.638948460629134,22.100528435958083,5.076840049342105,1692.57958984375,19,2021-05-01
67,2021,6,19.722629266036208,24.95789570055512,22.340262483295664,5.235266434518914,1692.57958984375,19,2021-06-01
67,2021,7,19.71049957275393,24.99400329589846,22.352251434326195,5.283503723144531,1692.57958984375,20,2021-07-01
67,2021,8,19.06368247584295,23.874738512541143,21.469210494192044,4.811056036698191,1692.57958984375,19,2021-08-01
67,2021,9,20.692773437500023,23.918333943684917,22.305553690592472,3.225560506184896,1692.57958984375,18,2021-09-01
67,2021,10,20.562103592722064,20.375792172080615,20.468947882401338,-0.18631142064144737,1692.57958984375,19,2021-10-01
67,2021,11,21.113681512129958,20.91842522872124,21.0160533704256,-0.19525628340871712,1692.57958984375,19,2021-11-01
67,2021,12,22.386999511718773,23.725000000000023,23.055999755859396,1.33800048828125,1692.57958984375,20,2021-12-01
67,2022,1,24.653685238486865,28.875787353515648,26.764736296001256,4.2221021150287825,1692.57958984375,19,2022-01-01
67,2022,2,25.328330824110267,31.294446139865475,28.31138848198787,5.966115315755208,1692.57958984375,18,2022-02-01
67,2022,3,23.87105391652963,30.950526508532096,27.410790212530863,7.0794725920024675,1692.57958984375,19,2022-03-01
67,2022,4,20.909475547389004,27.945263029399694,24.42736928839435,7.035787482010691,1692.57958984375,19,2022-04-01
67,2022,5,19.27949829101565,25.639500427246116,22.45949935913088,6.360002136230468,1692.57958984375,20,2022-05-01
67,2022,6,18.946113416883705,25.11777818467884,22.031945800781273,6.171664767795139,1692.57958984375,18,2022-06-01
67,2022,7,20.10105044716285,26.700524902343773,23.400787674753314,6.599474455180921,1692.57958984375,19,2022-07-01
67,2022,8,20.440001156455615,25.079471307051833,22.759736231753724,4.6394701505962175,1692.57958984375,19,2022-08-01
67,2022,9,19.3584212453742,20.471577212685055,19.91499922902963,1.1131559673108553,1692.57958984375,19,2022-09-01
67,2022,10,20.157998657226585,21.31800231933596,20.738000488281273,1.160003662109375,1692.57958984375,20,2022-10-01
67,2022,11,19.577894030119268,20.678418932463018,20.128156481291143,1.10052490234375,1692.57958984375,19,2022-11-01
67,2022,12,22.387369577508245,23.73894974557979,23.06315966154402,1.351580168071546,1692.57958984375,19,2022-12-01
67,2023,1,23.493684788754134,26.215264892578148,24.854474840666143,2.7215801038240133,1692.57958984375,19,2023-01-01
67,2023,2,25.287223646375892,30.778887261284744,28.03305545383032,5.4916636149088545,1692.57958984375,18,2023-02-01
67,2023,3,22.67299957275393,29.49499664306643,26.08399810791018,6.8219970703125,1692.57958984375,20,2023-03-01
67,2023,4,22.19222073025176,28.715000406901066,25.453610568576412,6.522779676649305,1692.57958984375,18,2023-04-01
67,2023,5,22.14211104543588,26.49315956517272,24.3176353053043,4.3510485197368425,1692.57958984375,19,2023-05-01
67,2023,6,21.154737291838018,24.616315660978643,22.88552647640833,3.461578369140625,1692.57958984375,19,2023-06-01
67,2023,7,21.40842349403785,24.231050511410384,22.819737002724118,2.822627017372533,1692.57958984375,19,2023-07-01
67,2023,8,22.02749938964846,24.0184997558594,23.02299957275393,1.9910003662109375,1692.57958984375,20,2023-08-01
67,2023,9,22.186314954255778,23.898421759354463,23.04236835680512,1.7121068050986843,1692.57958984375,19,2023-09-01
67,2023,10,20.79052927117601,21.583682732833083,21.187106002004544,0.7931534616570723,1692.57958984375,19,2023-10-01
67,2023,11,22.57841925370068,23.510525673314167,23.044472463507425,0.9321064196134868,1692.57958984375,19,2023-11-01
67,2023,12,24.380527215254958,25.93368401778374,25.15710561651935,1.553156802528783,1692.57958984375,19,2023-12-01
67,2024,1,26.2857125418527,27.624761381603445,26.955236961728072,1.339048839750744,1692.57958984375,21,2024-01-01
67,2024,2,26.661111450195335,29.738332790798633,28.199722120496986,3.0772213406032987,1692.57958984375,18,2024-02-01
67,2024,3,26.56158158151729,32.50999884354443,29.535790212530863,5.948417262027138,1692.57958984375,19,2024-03-01
67,2024,4,24.27444525824655,30.8616644965278,27.568054877387176,6.58721923828125,1692.57958984375,18,2024-04-01
67,2024,5,21.63249664306643,27.377496337890648,24.50499649047854,5.744999694824219,1692.57958984375,20,2024-05-01
67,2024,6,18.7184210526316,23.373684853001667,21.046052952816634,4.655263800370066,1692.57958984375,19,2024-06-01
67,2024,7,20.466315339740976,25.593682861328148,23.029999100534564,5.127367521587171,1692.57958984375,19,2024-07-01
67,2024,8,19.88099822998049,24.740998840332054,22.310998535156273,4.8600006103515625,1692.57958984375,20,2024-08-01
67,2024,9,19.800554741753494,24.63166707356773,22.216110907660614,4.831112331814236,1692.57958984375,18,2024-09-01
67,2024,10,20.67555813259551,22.572780015733528,21.62416907416452,1.8972218831380208,1692.57958984375,18,2024-10-01
70,2020,10,19.20525833932979,21.786844675164495,20.496051507247145,2.5815863358347038,1604.9100952148438,19,2020-10-01
70,2020,11,19.89166666666669,22.583335706922767,21.237501186794727,2.6916690402560763,1604.9100952148438,18,2020-11-01
70,2020,12,20.964208020662028,24.501585629111865,22.732896824886947,3.5373776084498356,1604.9100952148438,19,2020-12-01
70,2021,1,21.57599792480471,26.66650085449221,24.12124938964846,5.0905029296875,1604.9100952148438,20,2021-01-01
70,2021,2,22.66111314561634,27.841110907660614,25.251112026638477,5.1799977620442705,1604.9100952148438,18,2021-02-01
70,2021,3,22.480528500205615,27.61315950092519,25.0468440005654,5.132631000719573,1604.9100952148438,19,2021-03-01
70,2021,4,20.255262194181768,24.866840884560055,22.56105153937091,4.611578690378289,1604.9100952148438,19,2021-04-01
70,2021,5,18.74737099095397,22.789472399259893,20.76842169510693,4.042101408305921,1604.9100952148438,19,2021-05-01
70,2021,6,18.993683182565814,23.08894942434213,21.04131630345397,4.095266241776316,1604.9100952148438,19,2021-06-01
70,2021,7,19.55999755859377,23.75350036621096,21.656748962402368,4.193502807617188,1604.9100952148438,20,2021-07-01
70,2021,8,17.81947439093341,21.450524902343773,19.63499964663859,3.6310505114103617,1604.9100952148438,19,2021-08-01
70,2021,9,19.43000183105471,23.484443495008705,21.457222663031708,4.054441663953993,1604.9100952148438,18,2021-09-01
70,2021,10,18.83895103053045,21.747891395970417,20.293421213250433,2.908940365439967,1604.9100952148438,19,2021-10-01
70,2021,11,20.336840499074857,20.471577212685055,20.404208855879958,0.13473671361019737,1604.9100952148438,19,2021-11-01
70,2021,12,21.52400360107424,24.528999328613303,23.026501464843772,3.0049957275390624,1604.9100952148438,20,2021-12-01
70,2022,1,22.859998522306768,28.16474384508637,25.51237118369657,5.304745322779605,1604.9100952148438,19,2022-01-01
70,2022,2,25.17444254557294,28.90777825249568,27.04111039903431,3.733335706922743,1604.9100952148438,18,2022-02-01
70,2022,3,22.212630743729463,27.347892680921074,24.78026171232527,5.135261937191612,1604.9100952148438,19,2022-03-01
70,2022,4,19.559472656250023,23.584212774979463,21.571842715614743,4.024740118729441,1604.9100952148438,19,2022-04-01
70,2022,5,18.718417840254958,22.27263312088818,20.49552548057157,3.554215280633224,1604.9100952148438,19,2022-05-01
70,2022,6,18.648334757487003,21.955000813802105,20.301667785644554,3.306666056315104,1604.9100952148438,18,2022-06-01
70,2022,7,19.244282749721005,22.565714227585588,20.9049984886533,3.3214314778645835,1604.9100952148438,21,2022-07-01
70,2022,8,19.73400115966799,23.047000122070337,21.390500640869163,3.312998962402344,1604.9100952148438,20,2022-08-01
70,2022,9,17.89789653577305,19.582632285670254,18.74026441072165,1.684735749897204,1604.9100952148438,19,2022-09-01
70,2022,10,18.603002929687523,18.71100006103518,18.65700149536135,0.10799713134765625,1604.9100952148438,20,2022-10-01
70,2022,11,19.344209691097884,19.490527022512357,19.41736835680512,0.14631733141447367,1604.9100952148438,19,2022-11-01
70,2022,12,21.333682732833083,23.972630872224528,22.653156802528805,2.6389481393914473,1604.9100952148438,19,2022-12-01
70,2023,1,21.973686137952324,27.44789396587173,24.710790051912028,5.4742078279194075,1604.9100952148438,19,2023-01-01
70,2023,2,24.4161078559028,30.407776557074676,27.41194220648874,5.991668701171875,1604.9100952148438,18,2023-02-01
70,2023,3,21.924502563476587,27.409497070312522,24.666999816894553,5.484994506835937,1604.9100952148438,20,2023-03-01
70,2023,4,21.557366943359398,26.07683876439147,23.817102853875433,4.519471821032073,1604.9100952148438,19,2023-04-01
70,2023,5,21.66999929327716,25.321051667865976,23.49552548057157,3.651052374588816,1604.9100952148438,19,2023-05-01
70,2023,6,20.96611260308162,24.056665039062523,22.51138882107207,3.0905524359809027,1604.9100952148438,18,2023-06-01
70,2023,7,21.496840948807588,24.951053338301833,23.22394714355471,3.4542123894942436,1604.9100952148438,19,2023-07-01
70,2023,8,21.113003540039085,25.266001892089868,23.189502716064474,4.152998352050782,1604.9100952148438,20,2023-08-01
70,2023,9,20.5326300370066,24.503153268914495,22.51789165296055,3.9705232319078947,1604.9100952148438,19,2023-09-01
70,2023,10,19.477369127775518,23.182103528474528,21.329736328125023,3.7047344006990133,1604.9100952148438,19,2023-10-01
70,2023,11,21.47450103759768,25.605996704101585,23.54024887084963,4.131495666503906,1604.9100952148438,20,2023-11-01
70,2023,12,24.079472913240153,28.247367778577324,26.16342034590874,4.167894865337171,1604.9100952148438,19,2023-12-01
70,2024,1,25.157141985212075,29.565241931733652,27.361191958472865,4.4080999465215776,1604.9100952148438,21,2024-01-01
70,2024,2,25.53473735608555,31.25526540655841,28.39500138132198,5.720528050472862,1604.9100952148438,19,2024-02-01
70,2024,3,25.245265278063346,31.573682604338018,28.40947394120068,6.328417326274671,1604.9100952148438,19,2024-03-01
70,2024,4,22.674444240993946,27.695555623372417,25.18499993218318,5.021111382378472,1604.9100952148438,18,2024-04-01
70,2024,5,20.73999633789065,24.67799987792971,22.70899810791018,3.9380035400390625,1604.9100952148438,20,2024-05-01
70,2024,6,18.098419510690814,21.24000019274262,19.669209851716715,3.141580682051809,1604.9100952148438,19,2024-06-01
70,2024,7,19.582627467105286,23.013685045744268,21.298156256424775,3.4310575786389803,1604.9100952148438,19,2024-07-01
70,2024,8,19.787503051757835,23.01299743652346,21.400250244140647,3.225494384765625,1604.9100952148438,20,2024-08-01
70,2024,9,20.689996337890648,22.96764705882355,21.8288216983571,2.2776507209329044,1604.9100952148438,17,2024-09-01
70,2024,10,21.132221476237003,22.638887871636307,21.885554673936653,1.5066663953993056,1604.9100952148438,18,2024-10-01
