poly_id,year,month,forest,open_land,lst_mean,cooling,elv_mean,n_points,month_date
1,2020,10,18.56263202868012,22.77473722759048,20.668684628135303,4.212105198910362,14.236887454986572,19,2020-10-01
1,2020,11,18.575789923416963,23.9173667506168,21.24657833701688,5.341576827199836,14.236887454986572,19,2020-11-01
1,2020,12,19.433996582031273,24.958999633789084,22.19649810791018,5.525003051757812,14.236887454986572,20,2020-12-01
1,2021,1,19.6221075760691,25.666314697265648,22.644211136667376,6.044207121196546,14.236887454986572,19,2021-01-01
1,2021,2,20.354118077895244,28.424112836052412,24.389115456973826,8.069994758157168,14.236887454986572,17,2021-02-01
1,2021,3,20.120523874383245,28.899999036287028,24.510261455335137,8.779475161903783,14.236887454986572,19,2021-03-01
1,2021,4,19.92684004934213,28.66052438836351,24.29368221885282,8.733684339021382,14.236887454986572,19,2021-04-01
1,2021,5,19.563999938964866,27.277500915527366,23.420750427246116,7.7135009765625,14.236887454986572,20,2021-05-01
1,2021,6,20.01684120579772,26.82999813682157,23.423419671309645,6.8131569310238485,14.236887454986572,19,2021-06-01
1,2021,7,20.173160271895583,26.24842304430512,23.21079165810035,6.075262772409539,14.236887454986572,19,2021-07-01
1,2021,8,19.36055569118926,25.255002170138912,22.307778930664085,5.894446478949653,14.236887454986572,18,2021-08-01
1,2021,9,20.404213674444925,26.30841899671055,23.356316335577738,5.904205322265625,14.236887454986572,19,2021-09-01
1,2021,10,19.799002075195336,27.316497802734396,23.557749938964868,7.517495727539062,14.236887454986572,20,2021-10-01
1,2021,11,19.958422530324857,28.014735492907096,23.986579011615976,8.056312962582236,14.236887454986572,19,2021-11-01
1,2021,12,20.21789261667354,27.172631835937523,23.695262226305534,6.95473921926398,14.236887454986572,19,2021-12-01
1,2022,1,19.535262579666963,26.10158048930923,22.8184215344881,6.56631790964227,14.236887454986572,19,2022-01-01
1,2022,2,19.208818502987157,27.97940889246326,23.594113697725206,8.770590389476103,14.236887454986572,17,2022-02-01
1,2022,3,19.88550415039065,30.584503173828146,25.2350036621094,10.6989990234375,14.236887454986572,20,2022-03-01
1,2022,4,19.09210397820726,30.196843518708903,24.644473748458083,11.104739540501646,14.236887454986572,19,2022-04-01
1,2022,5,19.40474050421466,30.62947194952716,25.01710622687091,11.2247314453125,14.236887454986572,19,2022-05-01
1,2022,6,16.658821734260133,27.458822093290465,22.058821913775297,10.800000359030332,14.236887454986572,17,2022-06-01
1,2022,7,18.74315956517272,23.559472656250023,21.15131611071137,4.816313091077302,14.236887454986572,19,2022-07-01
1,2022,8,19.111577405427653,23.71526649876647,21.413421952097064,4.603689093338816,14.236887454986572,19,2022-08-01
1,2022,9,17.76895013106499,21.302103464226995,19.535526797645993,3.5331533331620064,14.236887454986572,19,2022-09-01
1,2022,10,18.12052548057157,21.3736800344367,19.747102757504134,3.2531545538651314,14.236887454986572,19,2022-10-01
1,2022,11,18.70111490885419,23.417781236436653,21.059448072645424,4.716666327582465,14.236887454986572,18,2022-11-01
1,2022,12,20.32631514699838,27.46052663702716,23.89342089201277,7.1342114900287825,14.236887454986572,19,2022-12-01
1,2023,1,19.684002685546897,25.70900115966799,22.696501922607446,6.024998474121094,14.236887454986572,20,2023-01-01
1,2023,2,19.273889160156273,28.673889838324676,23.973889499240475,9.400000678168404,14.236887454986572,18,2023-02-01
1,2023,3,19.705266370271403,31.028421823601995,25.3668440969367,11.323155453330592,14.236887454986572,19,2023-03-01
1,2023,4,21.550522974917786,32.72052194695726,27.135522460937523,11.169998972039474,14.236887454986572,19,2023-04-01
1,2023,5,21.232635819284564,31.789474005448213,26.511054912366387,10.55683818616365,14.236887454986572,19,2023-05-01
1,2023,6,19.97999845805923,25.617894544099528,22.79894650107938,5.637896086040296,14.236887454986572,19,2023-06-01
1,2023,7,21.943997192382835,25.283499145507836,23.613748168945335,3.339501953125,14.236887454986572,20,2023-07-01
1,2023,8,20.162633313630778,23.308945826480286,21.735789570055534,3.1463125128495064,14.236887454986572,19,2023-08-01
1,2023,9,21.161665852864605,24.888330078125023,23.024997965494816,3.7266642252604165,14.236887454986572,18,2023-09-01
1,2023,10,16.808891126844642,23.289997355143253,20.049444240993946,6.481106228298611,14.236887454986572,18,2023-10-01
1,2023,11,19.585264828330615,26.464212839226995,23.024738833778805,6.878948010896382,14.236887454986572,19,2023-11-01
1,2023,12,21.98449859619143,27.049998474121118,24.517248535156273,5.065499877929687,14.236887454986572,20,2023-12-01
1,2024,1,22.241582288240153,25.755262194181768,23.99842224121096,3.5136799059416117,14.236887454986572,19,2024-01-01
1,2024,2,22.083891805013042,27.218891398112003,24.651391601562523,5.134999593098958,14.236887454986572,18,2024-02-01
1,2024,3,22.775500488281274,30.420500183105492,26.59800033569338,7.644999694824219,14.236887454986572,20,2024-03-01
1,2024,4,22.44842079564147,31.83631366930512,27.142367232473294,9.38789287366365,14.236887454986572,19,2024-04-01
1,2024,5,20.64894698293588,30.1521079615543,25.400527472245088,9.503160978618421,14.236887454986572,19,2024-05-01
1,2024,6,19.728949617084726,29.40052265368012,24.564736135382425,9.671573036595396,14.236887454986572,19,2024-06-01
1,2024,7,20.693160528885713,30.498424650493444,25.59579258968958,9.80526412160773,14.236887454986572,19,2024-07-01
1,2024,8,20.646314440275518,27.97579024465463,24.31105234246507,7.329475804379112,14.236887454986572,19,2024-08-01
1,2024,9,20.317895507812523,21.755789023951504,21.03684226588201,1.4378935161389803,14.236887454986572,19,2024-09-01
1,2024,10,21.021112060546898,22.969996812608528,21.995554436577713,1.948884752061632,14.236887454986572,18,2024-10-01
2,2020,10,17.727367521587194,20.12789146021795,18.92762949090257,2.4005239386307564,35.77858638763428,19,2020-10-01
2,2020,11,18.692110081722884,20.063157252261536,19.37763366699221,1.3710471705386513,35.77858638763428,19,2020-11-01
2,2020,12,20.991998291015648,21.00249938964846,20.997248840332055,0.0105010986328125,35.77858638763428,20,2020-12-01
2,2021,1,19.454736328125023,22.190526380037028,20.822631354081025,2.7357900519120064,35.77858638763428,19,2021-01-01
2,2021,2,19.209412698184764,24.037643612132374,21.62352815515857,4.8282309139476105,35.77858638763428,17,2021-02-01
2,2021,3,19.83842098838407,24.877367842824857,22.357894415604463,5.038946854440789,35.77858638763428,19,2021-03-01
2,2021,4,19.741580682051833,24.79894730417354,22.27026399311269,5.057366622121711,35.77858638763428,19,2021-04-01
2,2021,5,19.715998840332055,23.58849792480471,21.65224838256838,3.8724990844726563,35.77858638763428,20,2021-05-01
2,2021,6,20.05368716591285,22.761052503083903,21.40736983449838,2.7073653371710527,35.77858638763428,19,2021-06-01
2,2021,7,19.99684255499591,22.111579011615976,21.054210783305944,2.114736456620066,35.77858638763428,19,2021-07-01
2,2021,8,18.752107640316634,21.20947458367601,19.98079111199632,2.457366943359375,35.77858638763428,19,2021-08-01
2,2021,9,19.81263202868012,23.30052618729443,21.556579107987275,3.487894158614309,35.77858638763428,19,2021-09-01
2,2021,10,19.13200378417971,22.915502929687523,21.023753356933618,3.7834991455078124,35.77858638763428,20,2021-10-01
2,2021,11,19.589476254111865,23.37473690635282,21.48210658023234,3.7852606522409538,35.77858638763428,19,2021-11-01
2,2021,12,19.866317267166963,23.026841334292786,21.446579300729876,3.1605240671258223,35.77858638763428,19,2021-12-01
2,2022,1,20.706311998869268,22.80999787983144,21.75815493935035,2.1036858809621712,35.77858638763428,19,2022-01-01
2,2022,2,19.234115780101124,22.972940961052412,21.103528370576768,3.7388251809512867,35.77858638763428,17,2022-02-01
2,2022,3,20.15100097656252,25.7350036621094,22.94300231933596,5.584002685546875,35.77858638763428,20,2022-03-01
2,2022,4,18.458419317948213,24.644210333573213,21.551314825760713,6.185791015625,35.77858638763428,19,2022-04-01
2,2022,5,18.53737150493423,24.801049804687523,21.66921065481088,6.263678299753289,35.77858638763428,19,2022-05-01
2,2022,6,17.011764705882374,20.33000380572153,18.67088425580195,3.3182390998391544,35.77858638763428,17,2022-06-01
2,2022,7,20.808945826480286,21.874735300164495,21.341840563322393,1.0657894736842106,35.77858638763428,19,2022-07-01
2,2022,8,20.00799713134768,21.67200164794924,20.83999938964846,1.6640045166015625,35.77858638763428,20,2022-08-01
2,2022,9,17.299474133943278,20.462630743729463,18.88105243883637,3.163156609786184,35.77858638763428,19,2022-09-01
2,2022,10,18.332103849712194,21.873156417043607,20.1026301333779,3.5410525673314144,35.77858638763428,19,2022-10-01
2,2022,11,17.817773437500023,21.299998643663216,19.55888604058162,3.4822252061631946,35.77858638763428,18,2022-11-01
2,2022,12,18.62684101305512,23.454211104543607,21.040526058799365,4.827370091488487,35.77858638763428,19,2022-12-01
2,2023,1,19.250498962402368,23.253498840332053,21.25199890136721,4.002999877929687,35.77858638763428,20,2023-01-01
2,2023,2,19.397778659396725,23.56888902452259,21.48333384195966,4.171110365125868,35.77858638763428,18,2023-02-01
2,2023,3,20.00999884354443,26.419474069695745,23.214736456620088,6.409475226151316,35.77858638763428,19,2023-03-01
2,2023,4,21.572106933593773,27.433157188014004,24.502632060803887,5.86105025442023,35.77858638763428,19,2023-04-01
2,2023,5,21.453679456208903,25.61473517166943,23.534207313939167,4.1610557154605265,35.77858638763428,19,2023-05-01
2,2023,6,20.47263247841285,24.02946905838818,22.251050768400518,3.5568365799753288,35.77858638763428,19,2023-06-01
2,2023,7,22.356997680664087,25.161001586914086,23.758999633789085,2.80400390625,35.77858638763428,20,2023-07-01
2,2023,8,20.699999678762357,22.942632092927653,21.821315885845006,2.2426324141652962,35.77858638763428,19,2023-08-01
2,2023,9,21.532222154405403,23.94999932183162,22.74111073811851,2.417777167426215,35.77858638763428,18,2023-09-01
2,2023,10,17.843889702690994,20.467219712999153,19.155554707845074,2.62333001030816,35.77858638763428,18,2023-10-01
2,2023,11,20.477367521587194,23.06473934775907,21.77105343467313,2.587371826171875,35.77858638763428,19,2023-11-01
2,2023,12,21.499998474121117,25.274499511718773,23.387248992919943,3.7745010375976564,35.77858638763428,20,2023-12-01
2,2024,1,22.214212839226995,26.123159629420254,24.168686234323626,3.9089467901932564,35.77858638763428,19,2024-01-01
2,2024,2,22.25333726671009,27.356668090820335,24.805002678765213,5.103330824110243,35.77858638763428,18,2024-02-01
2,2024,3,22.65150299072268,29.066998291015647,25.859250640869163,6.415495300292969,35.77858638763428,20,2024-03-01
2,2024,4,21.941053209806768,28.55052618729443,25.2457896985506,6.609472977487664,35.77858638763428,19,2024-04-01
2,2024,5,20.325791529605286,27.005263800370088,23.66552766498769,6.679472270764802,35.77858638763428,19,2024-05-01
2,2024,6,19.06158158151729,24.783156866776338,21.922369224146816,5.721575285259046,35.77858638763428,19,2024-06-01
2,2024,7,20.332632285670254,23.011054109272226,21.67184319747124,2.678421823601974,35.77858638763428,19,2024-07-01
2,2024,8,20.440001156455615,23.15473247327305,21.797366814864333,2.714731316817434,35.77858638763428,19,2024-08-01
2,2024,9,19.858422851562523,23.331053402549365,21.594738127055944,3.472630550986842,35.77858638763428,19,2024-09-01
2,2024,10,20.359997897677975,23.576109822591167,21.96805386013457,3.2161119249131946,35.77858638763428,18,2024-10-01
3,2020,10,17.85684075606499,21.26210134405841,19.5594710500617,3.4052605879934212,36.62546491622925,19,2020-10-01
3,2020,11,18.354443698459225,21.668333943684917,20.01138882107207,3.3138902452256946,36.62546491622925,18,2020-11-01
3,2020,12,18.622998046875022,21.90900115966799,20.265999603271506,3.2860031127929688,36.62546491622925,20,2020-12-01
3,2021,1,20.341578754625846,22.484735107421898,21.41315693102387,2.1431563527960527,36.62546491622925,19,2021-01-01
3,2021,2,22.981764131433845,23.96058672736675,23.471175429400297,0.9788225959329044,36.62546491622925,17,2021-02-01
3,2021,3,22.413678942228643,25.29894730417354,23.85631312320109,2.885268361944901,36.62546491622925,19,2021-03-01
3,2021,4,21.612104235197393,25.253686523437523,23.432895379317458,3.6415822882401314,36.62546491622925,19,2021-04-01
3,2021,5,20.519499206542992,25.653497314453148,23.086498260498068,5.133998107910156,36.62546491622925,20,2021-05-01
3,2021,6,20.144210333573213,25.41473420795644,22.779472270764824,5.2705238743832235,36.62546491622925,19,2021-06-01
3,2021,7,20.017369641755778,25.329999743009893,22.673684692382835,5.312630101254112,36.62546491622925,19,2021-07-01
3,2021,8,19.141579397101175,24.414210590563346,21.77789499383226,5.272631193462171,36.62546491622925,19,2021-08-01
3,2021,9,19.73421470240545,25.011579332853643,22.372897017629544,5.277364630448191,36.62546491622925,19,2021-09-01
3,2021,10,18.845996093750024,23.64900054931643,21.247498321533225,4.803004455566406,36.62546491622925,20,2021-10-01
3,2021,11,20.671054559004958,21.01473870528374,20.84289663214435,0.3436841462787829,36.62546491622925,19,2021-11-01
3,2021,12,20.874211682771403,21.850000000000023,21.362105841385713,0.9757883172286185,36.62546491622925,19,2021-12-01
3,2022,1,20.988422915810055,23.889998907791963,22.43921091180101,2.901575991981908,36.62546491622925,19,2022-01-01
3,2022,2,20.74882704790903,24.04823680204506,22.398531924977046,3.2994097541360294,36.62546491622925,17,2022-02-01
3,2022,3,21.553498840332054,25.478001403808616,23.515750122070337,3.9245025634765627,36.62546491622925,20,2022-03-01
3,2022,4,20.27421200400907,24.513158215974528,22.3936851099918,4.238946211965461,36.62546491622925,19,2022-04-01
3,2022,5,20.584207956414495,24.92315705951894,22.753682507966715,4.338949103104441,36.62546491622925,19,2022-05-01
3,2022,6,18.0688218060662,22.04352991440719,20.056175860236696,3.9747081083409928,36.62546491622925,17,2022-06-01
3,2022,7,19.2300032766242,21.898420153166143,20.56421171489517,2.668416876541941,36.62546491622925,19,2022-07-01
3,2022,8,19.882501220703148,21.76350250244143,20.823001861572287,1.8810012817382813,36.62546491622925,20,2022-08-01
3,2022,9,18.41368536698193,20.221051989103643,19.317368678042786,1.8073666221217106,36.62546491622925,19,2022-09-01
3,2022,10,18.90052907843341,20.733159436677653,19.816844257555534,1.8326303582442434,36.62546491622925,19,2022-10-01
3,2022,11,19.053886244032142,21.21110772026912,20.13249698215063,2.157221476236979,36.62546491622925,18,2022-11-01
3,2022,12,20.53315847296466,23.559472656250023,22.04631556460734,3.0263141832853617,36.62546491622925,19,2022-12-01
3,2023,1,20.58350219726565,24.180500793457053,22.38200149536135,3.596998596191406,36.62546491622925,20,2023-01-01
3,2023,2,20.678330145941864,25.265554470486133,22.971942308213997,4.5872243245442705,36.62546491622925,18,2023-02-01
3,2023,3,21.0089483963816,26.296316367701504,23.652632382041553,5.2873679713199015,36.62546491622925,19,2023-03-01
3,2023,4,22.981052117598708,29.037366686369268,26.009209401983988,6.056314568770559,36.62546491622925,19,2023-04-01
3,2023,5,22.522107897306768,29.89736809981499,26.20973799856088,7.3752602025082235,36.62546491622925,19,2023-05-01
3,2023,6,20.68210513466285,29.134210205078148,24.9081576698705,8.452105070415296,36.62546491622925,19,2023-06-01
3,2023,7,21.77300262451174,25.478002929687523,23.625502777099634,3.705000305175781,36.62546491622925,20,2023-07-01
3,2023,8,20.38368498149673,23.543687037417786,21.96368600945726,3.1600020559210527,36.62546491622925,19,2023-08-01
3,2023,9,21.467224799262176,24.668330552842903,23.06777767605254,3.201105753580729,36.62546491622925,18,2023-09-01
3,2023,10,17.973887803819466,20.442219034830753,19.20805341932511,2.468331231011285,36.62546491622925,18,2023-10-01
3,2023,11,20.62947194952716,22.451053338301833,21.540262643914495,1.821581388774671,36.62546491622925,19,2023-11-01
3,2023,12,22.967498779296896,24.491999816894555,23.729749298095726,1.5245010375976562,36.62546491622925,20,2023-12-01
3,2024,1,23.64525917454772,26.373154810855286,25.009206992701504,2.727895636307566,36.62546491622925,19,2024-01-01
3,2024,2,24.178887939453148,27.919446139865475,26.04916703965931,3.7405582004123263,36.62546491622925,18,2024-02-01
3,2024,3,25.101997375488303,31.678001403808615,28.38999938964846,6.5760040283203125,36.62546491622925,20,2024-03-01
3,2024,4,24.20684525339229,31.515792364823213,27.861318809107754,7.308947111430921,36.62546491622925,19,2024-04-01
3,2024,5,21.429474198190814,28.34736906352798,24.888421630859398,6.917894865337171,36.62546491622925,19,2024-05-01
3,2024,6,20.15631938733555,26.466842169510713,23.31158077842313,6.310522782175164,36.62546491622925,19,2024-06-01
3,2024,7,21.011584151418607,27.012632992393115,24.012108571905863,6.001048840974507,36.62546491622925,19,2024-07-01
3,2024,8,20.554736006887357,25.94789235968341,23.251314183285384,5.393156352796052,36.62546491622925,19,2024-08-01
3,2024,9,20.7484214381168,22.83894942434213,21.793685431229463,2.0905279862253288,36.62546491622925,19,2024-09-01
3,2024,10,21.25888637966582,22.9049994574653,22.08194291856556,1.6461130777994792,36.62546491622925,18,2024-10-01
4,2020,10,17.599473170230286,18.237897692228643,17.918685431229463,0.6384245219983553,40.78579902648926,19,2020-10-01
4,2020,11,17.30315872995479,17.96842587119657,17.63579230057568,0.6652671412417763,40.78579902648926,19,2020-11-01
4,2020,12,17.593000793457055,19.21650085449221,18.40475082397463,1.6235000610351562,40.78579902648926,20,2020-12-01
4,2021,1,17.795787931743444,19.281579589843773,18.538683760793607,1.485791658100329,40.78579902648926,19,2021-01-01
4,2021,2,17.972942756204066,20.84000459558826,19.406473675896162,2.867061839384191,40.78579902648926,17,2021-02-01
4,2021,3,17.597894287109398,20.109476511101995,18.853685399105697,2.511582223992599,40.78579902648926,19,2021-03-01
4,2021,4,17.871052310341305,20.02105263157897,18.946052470960137,2.1500003212376644,40.78579902648926,19,2021-04-01
4,2021,5,18.628501892089865,20.0184997558594,19.323500823974634,1.3899978637695312,40.78579902648926,20,2021-05-01
4,2021,6,18.232104170949857,19.316316624691634,18.774210397820745,1.0842124537417763,40.78579902648926,19,2021-06-01
4,2021,7,18.486842426500846,19.244736842105286,18.865789634303066,0.7578944156044408,40.78579902648926,19,2021-07-01
4,2021,8,18.402634791324036,19.02999749434624,18.716316142835137,0.627362703022204,40.78579902648926,19,2021-08-01
4,2021,9,19.226840691817458,19.48262778834295,19.354734240080205,0.2557870965254934,40.78579902648926,19,2021-09-01
4,2021,10,19.261001586914084,19.510000610351586,19.385501098632837,0.2489990234375,40.78579902648926,20,2021-10-01
4,2021,11,18.8821028859992,19.4073714406867,19.14473716334295,0.5252685546875,40.78579902648926,19,2021-11-01
4,2021,12,18.50263286389805,19.705264764083083,19.103948813990566,1.202631900185033,40.78579902648926,19,2021-12-01
4,2022,1,17.580004561574857,19.083685945209726,18.33184525339229,1.5036813836348684,40.78579902648926,19,2022-01-01
4,2022,2,16.90823830997245,19.04882381663605,17.97853106330425,2.140585506663603,40.78579902648926,17,2022-02-01
4,2022,3,17.363996887207055,21.132501220703148,19.2482490539551,3.768504333496094,40.78579902648926,20,2022-03-01
4,2022,4,16.814212517989333,21.465790116159564,19.140001317074447,4.65157759817023,40.78579902648926,19,2022-04-01
4,2022,5,17.941054815995088,20.195794677734398,19.068424746864743,2.254739861739309,40.78579902648926,19,2022-05-01
4,2022,6,16.89882273954506,17.32235466452208,17.11058870203357,0.4235319249770221,40.78579902648926,17,2022-06-01
4,2022,7,19.015263928865153,18.373684853001667,18.69447439093341,-0.6415790758634868,40.78579902648926,19,2022-07-01
4,2022,8,18.563499450683615,18.007002258300805,18.28525085449221,-0.5564971923828125,40.78579902648926,20,2022-08-01
4,2022,9,17.345790180407096,17.09579339278374,17.220791786595417,-0.24999678762335525,40.78579902648926,19,2022-09-01
4,2022,10,18.9166690402561,18.64444546169707,18.780557250976585,-0.2722235785590278,40.78579902648926,18,2022-10-01
4,2022,11,18.655557250976585,18.719444105360267,18.687500678168426,0.06388685438368055,40.78579902648926,18,2022-11-01
4,2022,12,18.357365979646403,18.693158922697393,18.525262451171898,0.33579294305098684,40.78579902648926,19,2022-12-01
4,2023,1,18.34049987792971,18.517500305175805,18.42900009155276,0.17700042724609374,40.78579902648926,20,2023-01-01
4,2023,2,18.548889838324676,18.69667121039499,18.622780524359833,0.1477813720703125,40.78579902648926,18,2023-02-01
4,2023,3,18.502106034128314,20.9768439041941,19.739474969161208,2.4747378700657894,40.78579902648926,19,2023-03-01
4,2023,4,19.964736456620088,21.942630486739333,20.95368347167971,1.9778940301192434,40.78579902648926,19,2023-04-01
4,2023,5,20.273685174239333,20.84631540398851,20.56000028911392,0.5726302297491777,40.78579902648926,19,2023-05-01
4,2023,6,19.753688129625846,19.425262772409564,19.589475451017705,-0.3284253572162829,40.78579902648926,19,2023-06-01
4,2023,7,21.031001281738305,20.432498168945337,20.73174972534182,-0.59850311279296875,40.78579902648926,20,2023-07-01
4,2023,8,20.133681769120088,19.74684255499591,19.940262162058,-0.38683921412417765,40.78579902648926,19,2023-08-01
4,2023,9,20.006665378146725,19.692222425672767,19.849443901909744,-0.3144429524739583,40.78579902648926,18,2023-09-01
4,2023,10,17.9438907199436,17.2594424777561,17.60166659884985,-0.6844482421875,40.78579902648926,18,2023-10-01
4,2023,11,19.344209691097884,19.068949167351995,19.20657942922494,-0.27526052374588816,40.78579902648926,19,2023-11-01
4,2023,12,19.50650329589846,20.891999816894554,20.199251556396508,1.3854965209960937,40.78579902648926,20,2023-12-01
4,2024,1,18.844285946800618,21.15857340494794,20.001429675874277,2.3142874581473216,40.78579902648926,21,2024-01-01
4,2024,2,19.4755560980903,23.327222018771725,21.40138905843101,3.8516659206814237,40.78579902648926,18,2024-02-01
4,2024,3,20.311497497558616,25.944998168945336,23.128247833251976,5.633500671386718,40.78579902648926,20,2024-03-01
4,2024,4,19.993684788754134,26.618419767680944,23.30605227821754,6.624734978926809,40.78579902648926,19,2024-04-01
4,2024,5,19.549474133943278,25.78052753649262,22.66500083521795,6.2310534025493425,40.78579902648926,19,2024-05-01
4,2024,6,19.174734336451504,20.519475354646403,19.847104845548955,1.3447410181949013,40.78579902648926,19,2024-06-01
4,2024,7,20.174205900493444,20.02263312088818,20.098419510690814,-0.15157277960526316,40.78579902648926,19,2024-07-01
4,2024,8,19.317895507812523,19.376320608038675,19.3471080579256,0.058425100226151314,40.78579902648926,19,2024-08-01
4,2024,9,19.562633634868444,19.77474043996713,19.668687037417786,0.2121068050986842,40.78579902648926,19,2024-09-01
4,2024,10,19.4049994574653,20.03389044867624,19.71944495307077,0.6288909912109375,40.78579902648926,18,2024-10-01
5,2020,10,19.106317138671898,20.72052837171055,19.913422755191224,1.6142112330386513,9.813473999500276,19,2020-10-01
5,2020,11,19.44842240182979,20.00263286389805,19.72552763286392,0.5542104620682565,9.813473999500276,19,2020-11-01
5,2020,12,20.38300018310549,21.00500183105471,20.6940010070801,0.62200164794921875,9.813473999500276,20,2020-12-01
5,2021,1,20.535792621813346,22.227895957545254,21.3818442896793,1.692103335731908,9.813473999500276,19,2021-01-01
5,2021,2,21.23294175091914,24.807650577320796,23.02029616411997,3.5747088264016544,9.813473999500276,17,2021-02-01
5,2021,3,21.207890881990153,25.94525981702305,23.5765753495066,4.737368935032895,9.813473999500276,19,2021-03-01
5,2021,4,21.186843390213838,26.23842452199838,23.712633956106107,5.051581131784539,9.813473999500276,19,2021-04-01
5,2021,5,20.819497680664085,25.244497680664086,23.031997680664084,4.425,9.813473999500276,20,2021-05-01
5,2021,6,20.932630358244268,24.257367907072393,22.59499913265833,3.324737548828125,9.813473999500276,19,2021-06-01
5,2021,7,20.58947304173522,22.520522589432588,21.554997815583903,1.9310495476973684,9.813473999500276,19,2021-07-01
5,2021,8,19.601668294270855,21.401667955186653,20.501668124728756,1.7999996609157987,9.813473999500276,18,2021-08-01
5,2021,9,20.517369641755778,22.464208020662028,21.490788831208903,1.94683837890625,9.813473999500276,19,2021-09-01
5,2021,10,21.279499816894553,22.217498779296896,21.748499298095727,0.9379989624023437,9.813473999500276,20,2021-10-01
5,2021,11,22.10947329872535,22.368948203639004,22.239210751182178,0.2594749049136513,9.813473999500276,19,2021-11-01
5,2021,12,21.944736199629958,22.836845317639824,22.390790758634893,0.8921091180098685,9.813473999500276,19,2021-12-01
5,2022,1,20.595268169202324,23.17157817639805,21.88342317280019,2.576310007195724,9.813473999500276,19,2022-01-01
5,2022,2,20.137647920496345,23.979410687614912,22.05852930405563,3.841762767118566,9.813473999500276,17,2022-02-01
5,2022,3,20.661999511718772,26.02050018310549,23.341249847412133,5.358500671386719,9.813473999500276,20,2022-03-01
5,2022,4,19.93894589072782,25.826837158203148,22.88289152446548,5.887891267475329,9.813473999500276,19,2022-04-01
5,2022,5,20.352630936472064,26.36052374588818,23.35657734118012,6.007892809416118,9.813473999500276,19,2022-05-01
5,2022,6,17.682354377297816,23.66118056353403,20.671767470415922,5.978826186236213,9.813473999500276,17,2022-06-01
5,2022,7,19.96473966899673,23.696316688939167,21.83052817896795,3.731577019942434,9.813473999500276,19,2022-07-01
5,2022,8,20.300000963713018,20.55052618729443,20.425263575503724,0.2505252235814145,9.813473999500276,19,2022-08-01
5,2022,9,18.53842034590874,19.72789435135693,19.133157348632835,1.1894740054481907,9.813473999500276,19,2022-09-01
5,2022,10,18.874735300164495,20.35579030890216,19.61526280453333,1.4810550087376644,9.813473999500276,19,2022-10-01
5,2022,11,19.420000542534744,21.012224663628494,20.21611260308162,1.59222412109375,9.813473999500276,18,2022-11-01
5,2022,12,20.797898463199036,22.791576505962194,21.794737484580615,1.993678042763158,9.813473999500276,19,2022-12-01
5,2023,1,19.756500244140646,23.632000732421897,21.694250488281273,3.87550048828125,9.813473999500276,20,2023-01-01
5,2023,2,19.84666680230037,24.50333726671009,22.17500203450523,4.656670464409722,9.813473999500276,18,2023-02-01
5,2023,3,20.669474069695745,25.65157149465463,23.16052278217519,4.982097424958882,9.813473999500276,19,2023-03-01
5,2023,4,22.833684339021403,27.327892423930944,25.080788381476175,4.494208084909539,9.813473999500276,19,2023-04-01
5,2023,5,22.387369577508245,27.27052580180923,24.82894768965874,4.883156224300987,9.813473999500276,19,2023-05-01
5,2023,6,20.46315596731088,24.768945312500023,22.61605063990545,4.305789345189145,9.813473999500276,19,2023-06-01
5,2023,7,22.516499328613303,25.735000610351584,24.125749969482445,3.2185012817382814,9.813473999500276,20,2023-07-01
5,2023,8,21.353682989823213,26.458419317948213,23.906051153885713,5.104736328125,9.813473999500276,19,2023-08-01
5,2023,9,22.497776285807316,27.485557386610267,24.99166683620879,4.987781100802952,9.813473999500276,18,2023-09-01
5,2023,10,18.230003187391517,19.72666659884985,18.97833489312068,1.4966634114583333,9.813473999500276,18,2023-10-01
5,2023,11,20.872632799650518,21.13947529039887,21.006054045024694,0.26684249074835525,9.813473999500276,19,2023-11-01
5,2023,12,22.619497680664086,22.395503234863305,22.507500457763694,-0.22399444580078126,9.813473999500276,20,2023-12-01
5,2024,1,22.84894794664887,23.81158158151729,23.330264764083083,0.962633634868421,9.813473999500276,19,2024-01-01
5,2024,2,22.822222222222244,25.04722323947485,23.93472273084855,2.225001017252604,9.813473999500276,18,2024-02-01
5,2024,3,23.37900085449221,26.823497009277368,25.10124893188479,3.4444961547851563,9.813473999500276,20,2024-03-01
5,2024,4,22.85579030890216,27.1457892166941,25.00078976279813,4.289998907791941,9.813473999500276,19,2024-04-01
5,2024,5,20.67736366673522,25.31421091180101,22.995787289268115,4.636847245065789,9.813473999500276,19,2024-05-01
5,2024,6,19.490525416324036,24.451578561883245,21.971051989103643,4.961053145559211,9.813473999500276,19,2024-06-01
5,2024,7,20.406843004728643,25.104214638157917,22.755528821443278,4.6973716334292765,9.813473999500276,19,2024-07-01
5,2024,8,20.9363165604441,21.48631720291943,21.211316881681768,0.550000642475329,9.813473999500276,19,2024-08-01
5,2024,9,20.2078940943668,20.83420956260282,20.521051828484808,0.6263154682360197,9.813473999500276,19,2024-09-01
5,2024,10,21.353887600368946,22.407223849826412,21.88055572509768,1.0533362494574652,9.813473999500276,18,2024-10-01
6,2020,10,17.034735749897226,19.995263671875023,18.514999710886126,2.9605279219777962,152.9643783569336,19,2020-10-01
6,2020,11,17.641579397101175,20.62947355571548,19.13552647640833,2.987894158614309,152.9643783569336,19,2020-11-01
6,2020,12,18.20850067138674,21.328999328613303,19.768750000000022,3.1204986572265625,152.9643783569336,20,2020-12-01
6,2021,1,17.553685559724528,20.88421181126647,19.2189486854955,3.330526251541941,152.9643783569336,19,2021-01-01
6,2021,2,18.30176427504598,21.774118939568037,20.03794160730701,3.472354664522059,152.9643783569336,17,2021-02-01
6,2021,3,18.41105282432157,22.98368466025907,20.69736874229032,4.5726318359375,152.9643783569336,19,2021-03-01
6,2021,4,18.526839728104463,23.194734593441634,20.86078716077305,4.667894865337171,152.9643783569336,19,2021-04-01
6,2021,5,17.619000244140647,22.56800231933596,20.093501281738305,4.949002075195312,152.9643783569336,20,2021-05-01
6,2021,6,19.861579011615976,22.134732216282917,20.998155613949447,2.273153204666941,152.9643783569336,19,2021-06-01
6,2021,7,19.8905257375617,22.03473735608555,20.962631546823626,2.144211618523849,152.9643783569336,19,2021-07-01
6,2021,8,18.45166931152346,20.512779066297767,19.482224188910614,2.0611097547743054,152.9643783569336,18,2021-08-01
6,2021,9,19.819472784745088,21.918422016344596,20.86894740054484,2.0989492315995064,152.9643783569336,19,2021-09-01
6,2021,10,19.2195007324219,21.28399810791018,20.25174942016604,2.064497375488281,152.9643783569336,20,2021-10-01
6,2021,11,19.90526251541943,21.643688322368444,20.77447541889394,1.738425806949013,152.9643783569336,19,2021-11-01
6,2021,12,19.72421136153374,21.211053466796898,20.46763241416532,1.486842105263158,152.9643783569336,19,2021-12-01
6,2022,1,18.30842060289887,21.633681769120088,19.97105118600948,3.325261166221217,152.9643783569336,19,2022-01-01
6,2022,2,17.42764748965995,21.68588005514708,19.556763772403514,4.258232565487132,152.9643783569336,17,2022-02-01
6,2022,3,18.680500793457053,23.965498352050805,21.32299957275393,5.28499755859375,152.9643783569336,20,2022-03-01
6,2022,4,18.175792814555944,23.79684319747124,20.98631800601359,5.621050382915296,152.9643783569336,19,2022-04-01
6,2022,5,18.191662936740475,23.987776692708355,21.089719814724415,5.796113755967882,152.9643783569336,18,2022-05-01
6,2022,6,17.83235545438881,20.13235581341914,18.982355633903975,2.300000359030331,152.9643783569336,17,2022-06-01
6,2022,7,19.49000019274262,21.08947464792354,20.289737420333083,1.599474455180921,152.9643783569336,19,2022-07-01
6,2022,8,18.779472270764824,19.97263247841285,19.376052374588838,1.1931602076480263,152.9643783569336,19,2022-08-01
6,2022,9,17.494443088107662,18.633330281575542,18.063886684841602,1.138887193467882,152.9643783569336,18,2022-09-01
6,2022,10,18.677366879111865,19.80210507041532,19.23973597476359,1.124738191303454,152.9643783569336,19,2022-10-01
6,2022,11,18.520589671415465,19.643527042164546,19.082058356790004,1.1229373707490808,152.9643783569336,17,2022-11-01
6,2022,12,18.755262194181768,20.186841784025518,19.471051989103643,1.43157958984375,152.9643783569336,19,2022-12-01
6,2023,1,18.07550048828127,22.12750244140627,20.10150146484377,4.052001953125,152.9643783569336,20,2023-01-01
6,2023,2,17.348889499240475,22.397224256727455,19.873056877983963,5.0483347574869795,152.9643783569336,18,2023-02-01
6,2023,3,18.35368780838818,26.16841880396795,22.261053306178066,7.81473099557977,152.9643783569336,19,2023-03-01
6,2023,4,19.361053788034564,27.170524516858574,23.26578915244657,7.809470728824013,152.9643783569336,19,2023-04-01
6,2023,5,20.497218492296028,27.21611260308162,23.856665547688824,6.71889411078559,152.9643783569336,18,2023-05-01
6,2023,6,19.99263112921466,26.018948524876667,23.005789827045664,6.026317395662007,152.9643783569336,19,2023-06-01
6,2023,7,20.80999908447268,26.680003356933618,23.74500122070315,5.870004272460937,152.9643783569336,20,2023-07-01
6,2023,8,19.583154296875023,25.250523938630778,22.4168391177529,5.667369641755757,152.9643783569336,19,2023-08-01
6,2023,9,21.03888854980471,22.79166395399308,21.915276251898895,1.752775404188368,152.9643783569336,18,2023-09-01
6,2023,10,18.221670193142383,19.694446818033878,18.95805850558813,1.472776624891493,152.9643783569336,18,2023-10-01
6,2023,11,20.463687615645583,21.961580296566634,21.212633956106107,1.4978926809210527,152.9643783569336,19,2023-11-01
6,2023,12,21.753997802734396,23.259001159667992,22.506499481201196,1.5050033569335937,152.9643783569336,20,2023-12-01
6,2024,1,20.69684030633226,24.24263273540298,22.46973652086762,3.545792429070724,152.9643783569336,19,2024-01-01
6,2024,2,19.84666680230037,26.80277574327259,23.32472127278648,6.956108940972222,152.9643783569336,18,2024-02-01
6,2024,3,20.46099853515627,30.20550231933596,25.333250427246117,9.744503784179688,152.9643783569336,20,2024-03-01
6,2024,4,20.308422209087194,30.87104909796466,25.589735653525928,10.562626888877467,152.9643783569336,19,2024-04-01
6,2024,5,20.097054156135133,30.740000287224287,25.41852722167971,10.642946131089154,152.9643783569336,17,2024-05-01
6,2024,6,18.168891737196205,28.719998508029537,23.44444512261287,10.551106770833334,152.9643783569336,18,2024-06-01
6,2024,7,18.486840820312523,29.146312834087194,23.816576827199857,10.659472013774671,152.9643783569336,19,2024-07-01
6,2024,8,18.656846217105286,29.310526315789495,23.983686266447393,10.65368009868421,152.9643783569336,19,2024-08-01
6,2024,9,19.047774251302105,27.276664564344642,23.162219407823372,8.228890313042534,152.9643783569336,18,2024-09-01
6,2024,10,19.130559963650196,19.8666693793403,19.498614671495247,0.7361094156901041,152.9643783569336,18,2024-10-01
7,2020,10,19.55578806023851,21.814736135382425,20.685262097810465,2.2589480751439144,48.43452548980713,19,2020-10-01
7,2020,11,19.84684383994657,20.058945826480286,19.952894833213428,0.21210198653371712,48.43452548980713,19,2020-11-01
7,2020,12,20.603001403808616,22.913500976562524,21.758251190185568,2.310499572753906,48.43452548980713,20,2020-12-01
7,2021,1,21.25789473684213,23.88421181126647,22.5710532740543,2.626317074424342,48.43452548980713,19,2021-01-01
7,2021,2,22.91235279756436,24.4076495002298,23.66000114889708,1.4952967026654411,48.43452548980713,17,2021-02-01
7,2021,3,23.680524645353643,24.36421316046466,24.02236890290915,0.6836885151110197,48.43452548980713,19,2021-03-01
7,2021,4,23.13894524825249,24.56579300729854,23.852369127775518,1.4268477590460527,48.43452548980713,19,2021-04-01
7,2021,5,22.582998657226586,24.24100036621096,23.411999511718772,1.658001708984375,48.43452548980713,20,2021-05-01
7,2021,6,22.181578304893115,22.751580810546898,22.466579557720006,0.5700025056537829,48.43452548980713,19,2021-06-01
7,2021,7,21.998419831928476,22.1352622584293,22.066841045178887,0.13684242650082237,48.43452548980713,19,2021-07-01
7,2021,8,21.162631707442458,21.105263479132425,21.13394759328744,-0.057368228310032895,48.43452548980713,19,2021-08-01
7,2021,9,21.72894319233144,21.583685945209726,21.656314568770583,-0.14525724712171054,48.43452548980713,19,2021-09-01
7,2021,10,20.898001098632836,20.7424987792969,20.820249938964867,-0.1555023193359375,48.43452548980713,20,2021-10-01
7,2021,11,21.799999357524694,22.583157509251667,22.19157843338818,0.7831581517269737,48.43452548980713,19,2021-11-01
7,2021,12,22.033685302734398,24.619473427220417,23.32657936497741,2.5857881244860197,48.43452548980713,19,2021-12-01
7,2022,1,22.02526405736022,24.936314954255778,23.480789505808,2.911050896895559,48.43452548980713,19,2022-01-01
7,2022,2,23.008822452320796,25.457646268956825,24.23323436063881,2.4488238166360294,48.43452548980713,17,2022-02-01
7,2022,3,23.940501403808618,26.607502746582053,25.274002075195334,2.6670013427734376,48.43452548980713,20,2022-03-01
7,2022,4,22.4684210526316,25.687892231188346,24.078156641909974,3.2194711785567436,48.43452548980713,19,2022-04-01
7,2022,5,22.719996723375846,26.105787096525518,24.41289190995068,3.3857903731496712,48.43452548980713,19,2022-05-01
7,2022,6,20.080583639705907,19.830587230009215,19.95558543485756,-0.24999640969669118,48.43452548980713,17,2022-06-01
7,2022,7,21.449998072574036,21.328949295847064,21.38947368421055,-0.12104877672697369,48.43452548980713,19,2022-07-01
7,2022,8,21.164500427246118,21.564501953125024,21.36450119018557,0.40000152587890625,48.43452548980713,20,2022-08-01
7,2022,9,20.11736771432979,20.397366493626667,20.25736710397823,0.279998779296875,48.43452548980713,19,2022-09-01
7,2022,10,20.886317524157096,21.23052528782897,21.058421405993034,0.344207763671875,48.43452548980713,19,2022-10-01
7,2022,11,20.84277581108943,21.364997694227455,21.103886752658443,0.5222218831380209,48.43452548980713,18,2022-11-01
7,2022,12,22.794737484580615,22.898945376747555,22.846841430664085,0.10420789216694079,48.43452548980713,19,2022-12-01
7,2023,1,23.907498168945335,23.714997863769554,23.811248016357446,-0.19250030517578126,48.43452548980713,20,2023-01-01
7,2023,2,24.121665785047767,25.4277774386936,24.77472161187068,1.3061116536458333,48.43452548980713,18,2023-02-01
7,2023,3,24.25421174701894,27.93789544356499,26.096053595291963,3.6836836965460527,48.43452548980713,19,2023-03-01
7,2023,4,25.949476061369268,29.801578240645583,27.875527151007425,3.852102179276316,48.43452548980713,19,2023-04-01
7,2023,5,24.42315705951894,29.144738769531273,26.783947914525104,4.721581710012336,48.43452548980713,19,2023-05-01
7,2023,6,22.178420538651338,26.763155003597884,24.470787771124613,4.584734464946546,48.43452548980713,19,2023-06-01
7,2023,7,23.78899841308596,25.871997070312524,24.83049774169924,2.0829986572265624,48.43452548980713,20,2023-07-01
7,2023,8,22.13789480108966,24.225788638466305,23.18184171977798,2.0878938373766447,48.43452548980713,19,2023-08-01
7,2023,9,23.25666707356773,24.865552096896725,24.061109585232227,1.608885023328993,48.43452548980713,18,2023-09-01
7,2023,10,20.001116265190994,19.60889078776044,19.805003526475716,-0.3922254774305556,48.43452548980713,18,2023-10-01
7,2023,11,22.79684319747124,21.335264828330615,22.066054012900928,-1.461578369140625,48.43452548980713,19,2023-11-01
7,2023,12,22.669001770019555,23.672500610351584,23.17075119018557,1.0034988403320313,48.43452548980713,20,2023-12-01
7,2024,1,23.556843325966305,24.738422915810055,24.14763312088818,1.18157958984375,48.43452548980713,19,2024-01-01
7,2024,2,24.51222296820749,26.22944539388023,25.37083418104386,1.717222425672743,48.43452548980713,18,2024-02-01
7,2024,3,26.171499633789086,28.5080017089844,27.339750671386742,2.3365020751953125,48.43452548980713,20,2024-03-01
7,2024,4,25.2215804250617,28.13105243883637,26.676316431949036,2.9094720137746712,48.43452548980713,19,2024-04-01
7,2024,5,22.696316688939167,26.091048712479463,24.393682700709316,3.3947320235402962,48.43452548980713,19,2024-05-01
7,2024,6,21.562106805098708,25.338947818153805,23.450527311626256,3.776841013055099,48.43452548980713,19,2024-06-01
7,2024,7,22.45368266858555,25.773158344469596,24.11342050652757,3.3194756758840462,48.43452548980713,19,2024-07-01
7,2024,8,21.790530877364333,19.39947220651729,20.595001541940814,-2.3910586708470394,48.43452548980713,19,2024-08-01
7,2024,9,21.57526469983555,19.929999421772226,20.752632060803887,-1.6452652780633223,48.43452548980713,19,2024-09-01
7,2024,10,21.5799991183811,19.616111585829017,20.598055352105057,-1.9638875325520833,48.43452548980713,18,2024-10-01
8,2020,10,19.194737805818278,21.867894544099528,20.531316174958903,2.67315673828125,37.08544862270355,19,2020-10-01
8,2020,11,19.5173712479441,22.154737291838018,20.836054269891058,2.6373660438939144,37.08544862270355,19,2020-11-01
8,2020,12,20.814501953125024,23.00700378417971,21.910752868652366,2.1925018310546873,37.08544862270355,20,2020-12-01
8,2021,1,21.73000167043588,22.93315558182568,22.331578626130778,1.2031539113898027,37.08544862270355,19,2021-01-01
8,2021,2,21.84647432215076,24.19353278664984,23.020003554400297,2.347058464499081,37.08544862270355,17,2021-02-01
8,2021,3,21.883156545538675,24.463682797080615,23.173419671309645,2.580526251541941,37.08544862270355,19,2021-03-01
8,2021,4,21.57421425267272,24.151576313219596,22.86289528294616,2.577362060546875,37.08544862270355,19,2021-04-01
8,2021,5,21.256498718261742,23.376495361328146,22.316497039794946,2.1199966430664063,37.08544862270355,20,2021-05-01
8,2021,6,20.43999955026729,22.764735492907096,21.602367521587194,2.3247359426398027,37.08544862270355,19,2021-06-01
8,2021,7,20.48578876696137,22.725265021073213,21.60552689401729,2.239476254111842,37.08544862270355,19,2021-07-01
8,2021,8,19.736313990542786,21.89158260947782,20.813948300010303,2.155268618935033,37.08544862270355,19,2021-08-01
8,2021,9,20.339471435546898,22.686840177837194,21.513155806692044,2.3473687422902962,37.08544862270355,19,2021-09-01
8,2021,10,21.23249969482424,24.000996398925803,22.616748046875024,2.7684967041015627,37.08544862270355,20,2021-10-01
8,2021,11,21.038947175678476,23.410527600740153,22.224737388209316,2.3715804250616777,37.08544862270355,19,2021-11-01
8,2021,12,21.413682154605286,23.253159693667786,22.333420924136536,1.8394775390625,37.08544862270355,19,2021-12-01
8,2022,1,21.47842278731499,23.649997430098708,22.56421010870685,2.171574642783717,37.08544862270355,19,2022-01-01
8,2022,2,21.091175034466936,22.99882345760572,22.044999246036326,1.9076484231387867,37.08544862270355,17,2022-02-01
8,2022,3,21.76049804687502,23.587998962402366,22.674248504638694,1.8275009155273438,37.08544862270355,20,2022-03-01
8,2022,4,20.194736199629958,21.472629266036208,20.833682732833083,1.27789306640625,37.08544862270355,19,2022-04-01
8,2022,5,19.60473825555101,19.913683760793607,19.759211008172308,0.3089455052425987,37.08544862270355,19,2022-05-01
8,2022,6,18.63058579388789,18.57823378619028,18.604409790039085,-0.052352007697610295,37.08544862270355,17,2022-06-01
8,2022,7,20.490522203947393,20.994736842105286,20.742629523026338,0.5042146381578947,37.08544862270355,19,2022-07-01
8,2022,8,19.737498474121118,20.290502929687523,20.01400070190432,0.5530044555664062,37.08544862270355,20,2022-08-01
8,2022,9,19.73473831979854,21.138421630859398,20.43657997532897,1.4036833110608553,37.08544862270355,19,2022-09-01
8,2022,10,20.83105019017272,22.3126304224918,21.57184030633226,1.481580232319079,37.08544862270355,19,2022-10-01
8,2022,11,20.915555148654537,22.523333062065994,21.719444105360267,1.6077779134114583,37.08544862270355,18,2022-11-01
8,2022,12,21.67421232524673,23.5036849172492,22.588948621247965,1.829472592002467,37.08544862270355,19,2022-12-01
8,2023,1,21.611000061035178,23.299002075195336,22.45500106811526,1.6880020141601562,37.08544862270355,20,2023-01-01
8,2023,2,21.097226291232662,23.66333245171443,22.38027937147355,2.566106160481771,37.08544862270355,18,2023-02-01
8,2023,3,21.160527600740153,24.621580746299365,22.89105417351976,3.4610531455592106,37.08544862270355,19,2023-03-01
8,2023,4,22.91210487767272,24.88631431178045,23.899209594726585,1.9742094341077303,37.08544862270355,19,2023-04-01
8,2023,5,22.34210397820726,23.312633634868444,22.82736880653785,0.9705296566611842,37.08544862270355,19,2023-05-01
8,2023,6,21.73420827765216,21.992109118009893,21.863158697831025,0.25790084035773025,37.08544862270355,19,2023-06-01
8,2023,7,23.626000976562523,23.33899841308596,23.48249969482424,-0.2870025634765625,37.08544862270355,20,2023-07-01
8,2023,8,21.817890689247555,21.58894942434213,21.70342005679484,-0.22894126490542763,37.08544862270355,19,2023-08-01
8,2023,9,22.85777520073787,22.749442884657142,22.803609042697506,-0.10833231608072917,37.08544862270355,18,2023-09-01
8,2023,10,19.40222405327693,19.833891805013042,19.61805792914499,0.4316677517361111,37.08544862270355,18,2023-10-01
8,2023,11,21.740001798930944,22.192632092927653,21.9663169459293,0.4526302939967105,37.08544862270355,19,2023-11-01
8,2023,12,23.30650329589846,25.594001770019553,24.450252532959006,2.2874984741210938,37.08544862270355,20,2023-12-01
8,2024,1,24.229995245682588,25.691051603618444,24.960523424650518,1.4610563579358553,37.08544862270355,19,2024-01-01
8,2024,2,24.44610833062068,25.8299991183811,25.138053724500892,1.3838907877604167,37.08544862270355,18,2024-02-01
8,2024,3,25.104502868652368,27.019497680664085,26.062000274658224,1.9149948120117188,37.08544862270355,20,2024-03-01
8,2024,4,23.585790051912028,26.52947548314147,25.05763276752675,2.943685431229441,37.08544862270355,19,2024-04-01
8,2024,5,22.43683857164887,25.63684274773851,24.03684065969369,3.2000041760896383,37.08544862270355,19,2024-05-01
8,2024,6,20.63263132195726,23.477369127775518,22.055000224866387,2.8447378058182564,37.08544862270355,19,2024-06-01
8,2024,7,21.497369384765648,24.186841784025518,22.842105584395583,2.6894723992598686,37.08544862270355,19,2024-07-01
8,2024,8,21.853682989823213,24.00789473684213,22.93078886333267,2.1542117470189144,37.08544862270355,19,2024-08-01
8,2024,9,22.6373663651316,21.64105256733144,22.13920946623152,-0.9963137978001645,37.08544862270355,19,2024-09-01
8,2024,10,23.12833387586808,21.06389092339412,22.0961123996311,-2.0644429524739585,37.08544862270355,18,2024-10-01
9,2020,10,20.131054045024694,20.62526052374591,20.378157284385303,0.4942064787212171,46.992342948913574,19,2020-10-01
9,2020,11,20.4952620656867,21.127896278782917,20.811579172234808,0.6326342130962171,46.992342948913574,19,2020-11-01
9,2020,12,20.378997802734396,21.46949920654299,20.924248504638694,1.0905014038085938,46.992342948913574,20,2020-12-01
9,2021,1,20.04368221885282,20.921051346628314,20.482366782740566,0.8773691277754935,46.992342948913574,19,2021-01-01
9,2021,2,20.495882999195796,21.417644904641566,20.95676395191868,0.9217619054457721,46.992342948913574,17,2021-02-01
9,2021,3,20.775787674753314,21.738422915810055,21.257105295281683,0.9626352410567435,46.992342948913574,19,2021-03-01
9,2021,4,20.40105108963818,21.63000038548522,21.0155257375617,1.2289492958470394,46.992342948913574,19,2021-04-01
9,2021,5,20.493998718261743,21.363502502441428,20.928750610351585,0.8695037841796875,46.992342948913574,20,2021-05-01
9,2021,6,20.25526540655841,20.781582802220417,20.518424104389414,0.5263173956620065,46.992342948913574,19,2021-06-01
9,2021,7,20.420526123046898,20.34736906352798,20.38394759328744,-0.07315705951891448,46.992342948913574,19,2021-07-01
9,2021,8,19.58105500873769,19.37789146021795,19.47947323447782,-0.20316354851973684,46.992342948913574,19,2021-08-01
9,2021,9,19.95210378546466,20.001052374588838,19.97657808002675,0.048948589124177634,46.992342948913574,19,2021-09-01
9,2021,10,20.338499450683617,21.331501770019553,20.835000610351585,0.9930023193359375,46.992342948913574,20,2021-10-01
9,2021,11,19.854735043174365,22.138418418482754,20.996576730828558,2.2836833753083883,46.992342948913574,19,2021-11-01
9,2021,12,20.183685623972064,22.88526386461762,21.53447474429484,2.701578240645559,46.992342948913574,19,2021-12-01
9,2022,1,20.465258467824857,23.357367585834726,21.91131302682979,2.8921091180098686,46.992342948913574,19,2022-01-01
9,2022,2,20.058235796760133,22.49058730181528,21.274411549287706,2.432351505055147,46.992342948913574,17,2022-02-01
9,2022,3,20.70099792480471,23.736502075195336,22.21875000000002,3.035504150390625,46.992342948913574,20,2022-03-01
9,2022,4,19.04999775133637,22.313157252261536,20.681577501798955,3.2631595009251644,46.992342948913574,19,2022-04-01
9,2022,5,18.63947368421055,21.90999434621713,20.274734015213838,3.2705206620065788,46.992342948913574,19,2022-05-01
9,2022,6,18.378821159811604,18.970000502642485,18.674410831227046,0.5911793428308824,46.992342948913574,17,2022-06-01
9,2022,7,20.325263093647226,20.863157894736865,20.594210494192044,0.5378948010896382,46.992342948913574,19,2022-07-01
9,2022,8,19.288002014160178,20.53900146484377,19.913501739501974,1.2509994506835938,46.992342948913574,20,2022-08-01
9,2022,9,18.70210539165298,20.98841970343341,19.845262547543197,2.2863143117804277,46.992342948913574,19,2022-09-01
9,2022,10,19.920524516858574,22.32421425267272,21.122369384765648,2.4036897358141447,46.992342948913574,19,2022-10-01
9,2022,11,19.787776353624153,21.917776150173633,20.852776251898895,2.129999796549479,46.992342948913574,18,2022-11-01
9,2022,12,20.05368716591285,21.817895507812523,20.93579133686269,1.764208341899671,46.992342948913574,19,2022-12-01
9,2023,1,20.14399871826174,22.432498168945337,21.28824844360354,2.288499450683594,46.992342948913574,20,2023-01-01
9,2023,2,19.61444498697919,21.938889227973114,20.77666710747615,2.3244442409939237,46.992342948913574,18,2023-02-01
9,2023,3,19.66894723992601,22.045791144120088,20.85736919202305,2.3768439041940788,46.992342948913574,19,2023-03-01
9,2023,4,21.585260009765648,23.77052580180923,22.67789290578744,2.1852657920435856,46.992342948913574,19,2023-04-01
9,2023,5,21.38842323704772,23.20946976511104,22.29894650107938,1.8210465280633223,46.992342948913574,19,2023-05-01
9,2023,6,20.8447349146793,22.009472013774694,21.427103464226995,1.1647370990953947,46.992342948913574,19,2023-06-01
9,2023,7,22.83949890136721,22.990998840332054,22.91524887084963,0.15149993896484376,46.992342948913574,20,2023-07-01
9,2023,8,20.827367200349528,21.13789640727798,20.982631803813756,0.3105292069284539,46.992342948913574,19,2023-08-01
9,2023,9,21.54499884711374,22.266107177734398,21.90555301242407,0.7211083306206597,46.992342948913574,18,2023-09-01
9,2023,10,17.84055820041235,18.72999640570749,18.285277303059917,0.8894382052951388,46.992342948913574,18,2023-10-01
9,2023,11,20.296319580078148,21.5626304224918,20.929475001284974,1.2663108424136513,46.992342948913574,19,2023-11-01
9,2023,12,22.38999938964846,23.833499145507837,23.111749267578148,1.443499755859375,46.992342948913574,20,2023-12-01
9,2024,1,22.765263928865153,24.793155389083083,23.779209658974118,2.0278914602179277,46.992342948913574,19,2024-01-01
9,2024,2,23.066669718424503,25.841114298502628,24.453892008463566,2.774444580078125,46.992342948913574,18,2024-02-01
9,2024,3,23.62350006103518,27.383503723144553,25.503501892089865,3.760003662109375,46.992342948913574,20,2024-03-01
9,2024,4,22.344738127055944,26.317367071854463,24.331052599455205,3.9726289447985197,46.992342948913574,19,2024-04-01
9,2024,5,21.373689671566634,24.42421071905841,22.898950195312523,3.050521047491776,46.992342948913574,19,2024-05-01
9,2024,6,19.602630936472064,22.482632606907917,21.04263177168999,2.8800016704358553,46.992342948913574,19,2024-06-01
9,2024,7,20.463682797080615,23.942632092927653,22.203157445004134,3.4789492958470394,46.992342948913574,19,2024-07-01
9,2024,8,20.84210237201894,24.420526123046898,22.631314247532917,3.5784237510279606,46.992342948913574,19,2024-08-01
9,2024,9,20.33368112664476,23.583160721628314,21.958420924136536,3.2494795949835527,46.992342948913574,19,2024-09-01
9,2024,10,20.140556165907142,23.325001017252628,21.732778591579883,3.184444851345486,46.992342948913574,18,2024-10-01
10,2020,10,16.87947355571548,19.235263543379958,18.05736854954772,2.355789987664474,33.284361839294434,19,2020-10-01
10,2020,11,17.495266884251667,19.870523874383245,18.682895379317458,2.3752569901315788,33.284361839294434,19,2020-11-01
10,2020,12,17.588496398925805,20.73249969482424,19.160498046875023,3.1440032958984374,33.284361839294434,20,2020-12-01
10,2021,1,17.423155453330615,21.04473587839229,19.233945665861455,3.6215804250616777,33.284361839294434,19,2021-01-01
10,2021,2,17.580587230009215,25.241764921300575,21.411176075654893,7.6611776912913605,33.284361839294434,17,2021-02-01
10,2021,3,17.076319965563346,25.55263029399673,21.31447512978004,8.476310328433389,33.284361839294434,19,2021-03-01
10,2021,4,17.48841970343341,25.771576248972064,21.629997976202738,8.28315654553865,33.284361839294434,19,2021-04-01
10,2021,5,17.710000610351585,22.698999023437523,20.204499816894554,4.9889984130859375,33.284361839294434,20,2021-05-01
10,2021,6,17.16157804790298,20.10420821340463,18.632893130653805,2.9426301655016447,33.284361839294434,19,2021-06-01
10,2021,7,17.84526495682568,19.993683182565814,18.919474069695745,2.1484182257401314,33.284361839294434,19,2021-07-01
10,2021,8,17.16631630345397,19.17315866570726,18.169737484580615,2.0068423622532894,33.284361839294434,19,2021-08-01
10,2021,9,17.888420024671074,20.004735364412028,18.946577694541553,2.1163153397409538,33.284361839294434,19,2021-09-01
10,2021,10,18.464501953125023,20.884500122070335,19.67450103759768,2.4199981689453125,33.284361839294434,20,2021-10-01
10,2021,11,18.82684037057979,21.769998972039495,20.298419671309645,2.9431586014597038,33.284361839294434,19,2021-11-01
10,2021,12,19.6457892166941,22.846842233758245,21.246315725226175,3.2010530170641447,33.284361839294434,19,2021-12-01
10,2022,1,18.766315982216305,22.45105173211351,20.60868385716491,3.6847357498972038,33.284361839294434,19,2022-01-01
10,2022,2,16.971176326976124,22.263525749655354,19.61735103831574,5.292349422679228,33.284361839294434,17,2022-02-01
10,2022,3,17.9559997558594,24.763999938964865,21.359999847412134,6.808000183105468,33.284361839294434,20,2022-03-01
10,2022,4,15.828420859889002,22.818419125205615,19.323419992547308,6.989998265316612,33.284361839294434,19,2022-04-01
10,2022,5,15.668947239926009,20.369478245785384,18.019212742855697,4.700531005859375,33.284361839294434,19,2022-05-01
10,2022,6,14.741174316406273,18.729412482766566,16.73529339958642,3.988238166360294,33.284361839294434,17,2022-06-01
10,2022,7,16.542104941920254,20.34368446751647,18.442894704718363,3.801579525596217,33.284361839294434,19,2022-07-01
10,2022,8,15.520497131347678,19.211499023437522,17.3659980773926,3.6910018920898438,33.284361839294434,20,2022-08-01
10,2022,9,16.722105648643115,24.564737741570745,20.64342169510693,7.842632092927632,33.284361839294434,19,2022-09-01
10,2022,10,18.86555548773874,27.064443630642383,22.96499955919056,8.198888142903646,33.284361839294434,18,2022-10-01
10,2022,11,18.78666246202259,26.993332587348114,22.889997524685352,8.206670125325521,33.284361839294434,18,2022-11-01
10,2022,12,20.21421444541532,22.44210686934624,21.328160657380778,2.2278924239309212,33.284361839294434,19,2022-12-01
10,2023,1,18.638499450683618,22.32149810791018,20.4799987792969,3.6829986572265625,33.284361839294434,20,2023-01-01
10,2023,2,16.999998982747417,24.037230428059917,20.518614705403667,7.0372314453125,33.284361839294434,18,2023-02-01
10,2023,3,17.71631052117601,25.21368119089229,21.46499585603415,7.4973706697162825,33.284361839294434,19,2023-03-01
10,2023,4,19.27316155684624,25.672633442125846,22.47289749948604,6.399471885279605,33.284361839294434,19,2023-04-01
10,2023,5,19.700001017252628,24.993332587348114,22.34666680230037,5.293331570095486,33.284361839294434,18,2023-05-01
10,2023,6,18.354213031969596,20.6778937088816,19.5160533704256,2.3236806769120064,33.284361839294434,19,2023-06-01
10,2023,7,20.54950103759768,25.164500427246118,22.8570007324219,4.614999389648437,33.284361839294434,20,2023-07-01
10,2023,8,19.015790758634893,25.914210590563346,22.465000674599118,6.898419831928454,33.284361839294434,19,2023-08-01
10,2023,9,20.054444037543426,27.068894110785614,23.56166907416452,7.0144500732421875,33.284361839294434,18,2023-09-01
10,2023,10,17.571177045036787,22.187061264935686,19.879119154986235,4.615884219898897,33.284361839294434,17,2023-10-01
10,2023,11,19.853681383634893,21.925259560032917,20.889470471833903,2.071578176398026,33.284361839294434,19,2023-11-01
10,2023,12,22.15850067138674,24.08600006103518,23.12225036621096,1.9274993896484376,33.284361839294434,20,2023-12-01
10,2024,1,20.095258532072393,24.579996530633245,22.33762753135282,4.484737998560855,33.284361839294434,19,2024-01-01
10,2024,2,19.819450208875892,25.856668090820335,22.838059149848114,6.037217881944445,33.284361839294434,18,2024-02-01
10,2024,3,20.464501953125023,27.587998962402366,24.026250457763695,7.123497009277344,33.284361839294434,20,2024-03-01
10,2024,4,19.03631623920644,26.566316624691634,22.801316431949036,7.530000385485198,33.284361839294434,19,2024-04-01
10,2024,5,18.52947548314147,25.89052413137338,22.209999807257425,7.3610486482319075,33.284361839294434,19,2024-05-01
10,2024,6,16.877894672594596,24.07631032843341,20.477102500514004,7.198415655838816,33.284361839294434,19,2024-06-01
10,2024,7,17.97368935032897,25.047895250822393,21.51079230057568,7.074205900493421,33.284361839294434,19,2024-07-01
10,2024,8,18.72157881887338,25.360526958264824,22.0410528885691,6.638948139391448,33.284361839294434,19,2024-08-01
10,2024,9,18.554444037543426,24.62888658311634,21.591665310329883,6.074442545572917,33.284361839294434,18,2024-09-01
10,2024,10,19.10888909233943,20.58277791341148,19.845833502875458,1.4738888210720487,33.284361839294434,18,2024-10-01
11,2020,10,18.487369256270583,18.22421136153374,18.35579030890216,-0.2631578947368421,79.73870658874512,19,2020-10-01
11,2020,11,19.146664767795162,18.85666639539933,19.001665581597244,-0.2899983723958333,79.73870658874512,18,2020-11-01
11,2020,12,19.32950134277346,19.033001708984397,19.181251525878928,-0.2964996337890625,79.73870658874512,20,2020-12-01
11,2021,1,20.497896214535384,20.93841584858144,20.71815603155841,0.44051963404605265,79.73870658874512,19,2021-01-01
11,2021,2,22.210588522518407,24.72412037568936,23.467354449103883,2.513531853170956,79.73870658874512,17,2021-02-01
11,2021,3,22.396314440275518,24.913683760793607,23.654999100534564,2.517369320518092,79.73870658874512,19,2021-03-01
11,2021,4,22.147894929584726,24.533156866776338,23.340525898180534,2.3852619371916117,79.73870658874512,19,2021-04-01
11,2021,5,21.66250152587893,23.318496704101584,22.490499114990257,1.6559951782226563,79.73870658874512,20,2021-05-01
11,2021,6,21.316838635896403,22.473157701994268,21.894998168945335,1.156319066097862,79.73870658874512,19,2021-06-01
11,2021,7,21.256317459909564,22.500527151007425,21.878422305458493,1.244209691097862,79.73870658874512,19,2021-07-01
11,2021,8,20.374738512541143,21.655264121607754,21.015001317074447,1.280525609066612,79.73870658874512,19,2021-08-01
11,2021,9,21.151577919407917,22.642104620682588,21.896841270045254,1.490526701274671,79.73870658874512,19,2021-09-01
11,2021,10,20.25099792480471,21.933503723144554,21.09225082397463,1.6825057983398437,79.73870658874512,20,2021-10-01
11,2021,11,20.942108475534564,22.58789255242601,21.765000513980286,1.6457840768914473,79.73870658874512,19,2021-11-01
11,2021,12,21.361053788034564,22.920524516858574,22.14078915244657,1.559470728824013,79.73870658874512,19,2021-12-01
11,2022,1,21.404737291838018,23.01105571546055,22.207896503649284,1.606318423622533,79.73870658874512,19,2022-01-01
11,2022,2,21.272352510340095,22.93823529411767,22.105293902228883,1.6658827837775736,79.73870658874512,17,2022-02-01
11,2022,3,22.33349761962893,23.285000610351585,22.80924911499026,0.9515029907226562,79.73870658874512,20,2022-03-01
11,2022,4,21.327894030119268,21.34578536184213,21.336839695980697,0.017891331722861843,79.73870658874512,19,2022-04-01
11,2022,5,21.62105070415298,21.63789480108966,21.62947275262132,0.01684409693667763,79.73870658874512,19,2022-05-01
11,2022,6,18.908236514820796,18.941766357421898,18.925001436121345,0.03352984260110294,79.73870658874512,17,2022-06-01
11,2022,7,19.78105597245068,20.326318359375023,20.05368716591285,0.5452623869243421,79.73870658874512,19,2022-07-01
11,2022,8,19.58350067138674,20.26700134277346,19.9252510070801,0.6835006713867188,79.73870658874512,20,2022-08-01
11,2022,9,18.606839149876667,19.80315712376647,19.20499813682157,1.1963179738898027,79.73870658874512,19,2022-09-01
11,2022,10,19.315786582545254,20.697895572060055,20.006841077302653,1.3821089895148027,79.73870658874512,19,2022-10-01
11,2022,11,19.38111267089846,20.67499694824221,20.028054809570335,1.29388427734375,79.73870658874512,18,2022-11-01
11,2022,12,20.494208406147226,21.741575863486865,21.117892134817044,1.247367457339638,79.73870658874512,19,2022-12-01
11,2023,1,20.78450164794924,22.5789978027344,21.68174972534182,1.7944961547851563,79.73870658874512,20,2023-01-01
11,2023,2,20.727222696940128,24.673889838324676,22.7005562676324,3.9466671413845487,79.73870658874512,18,2023-02-01
11,2023,3,21.493684788754134,27.535265792043607,24.51447529039887,6.0415810032894735,79.73870658874512,19,2023-03-01
11,2023,4,23.692103656969596,29.343682861328148,26.51789325914887,5.651579204358552,79.73870658874512,19,2023-04-01
11,2023,5,23.273688386615976,28.89315667403374,26.083422530324857,5.619468287417763,79.73870658874512,19,2023-05-01
11,2023,6,21.787896728515648,27.023156738281273,24.40552673339846,5.235260009765625,79.73870658874512,19,2023-06-01
11,2023,7,22.37500000000002,24.423999023437524,23.399499511718773,2.0489990234375,79.73870658874512,20,2023-07-01
11,2023,8,20.18421405993012,21.401052695826504,20.792633377878314,1.2168386358963816,79.73870658874512,19,2023-08-01
11,2023,9,20.950557115342903,22.238334486219642,21.594445800781273,1.2877773708767362,79.73870658874512,18,2023-09-01
11,2023,10,17.195001220703148,18.059443834092903,17.627222527398025,0.8644426133897569,79.73870658874512,18,2023-10-01
11,2023,11,20.158948717619268,20.500523938630778,20.329736328125023,0.34157522101151316,79.73870658874512,19,2023-11-01
11,2023,12,21.961499023437522,25.256500244140646,23.608999633789086,3.295001220703125,79.73870658874512,20,2023-12-01
11,2024,1,22.76789325914887,25.773158344469596,24.27052580180923,3.005265085320724,79.73870658874512,19,2024-01-01
11,2024,2,23.31111212836374,25.7094428168403,24.51027747260202,2.3983306884765625,79.73870658874512,18,2024-02-01
11,2024,3,24.22950592041018,29.312002563476586,26.770754241943383,5.082496643066406,79.73870658874512,20,2024-03-01
11,2024,4,23.497896214535384,29.48473671361022,26.491316464072803,5.986840499074836,79.73870658874512,19,2024-04-01
11,2024,5,21.2063216359992,27.148420153166143,24.17737089458267,5.942098517166941,79.73870658874512,19,2024-05-01
11,2024,6,20.09894634046055,26.134208598889824,23.11657746967519,6.0352622584292765,79.73870658874512,19,2024-06-01
11,2024,7,21.829999743009893,27.084736392372555,24.457368067691224,5.254736649362664,79.73870658874512,19,2024-07-01
11,2024,8,21.319999614514824,26.07157528525907,23.695787449886947,4.751575670744243,79.73870658874512,19,2024-08-01
11,2024,9,20.974734978926833,21.986844032689167,21.480789505808,1.0121090537623356,79.73870658874512,19,2024-09-01
11,2024,10,20.43611212836374,21.424998643663216,20.930555386013477,0.9888865152994791,79.73870658874512,18,2024-10-01
12,2020,10,18.855788702713838,19.47631386204772,19.166051282380778,0.6205251593338815,50.658592224121094,19,2020-10-01
12,2020,11,19.70263222142272,20.619471821032096,20.16105202122741,0.916839599609375,50.658592224121094,19,2020-11-01
12,2020,12,19.678501892089866,20.81449890136721,20.24650039672854,1.1359970092773437,50.658592224121094,20,2020-12-01
12,2021,1,19.458947753906273,21.058423815275518,20.258685784590895,1.5994760613692434,50.658592224121094,19,2021-01-01
12,2021,2,19.96588062959561,23.460001507927412,21.712941068761513,3.4941208783318016,50.658592224121094,17,2021-02-01
12,2021,3,20.413160143400518,24.94052798622535,22.676844064812933,4.527367842824836,50.658592224121094,19,2021-03-01
12,2021,4,20.32052483809624,24.26368183336762,22.29210333573193,3.9431569952713814,50.658592224121094,19,2021-04-01
12,2021,5,20.30249938964846,23.150001525878928,21.726250457763694,2.8475021362304687,50.658592224121094,20,2021-05-01
12,2021,6,19.898945376747555,21.278420217413675,20.588682797080615,1.3794748406661184,50.658592224121094,19,2021-06-01
12,2021,7,20.010000449732754,20.415261037726175,20.212630743729463,0.4052605879934211,50.658592224121094,19,2021-07-01
12,2021,8,19.019473748458083,19.38105083264805,19.200262290553066,0.3615770841899671,50.658592224121094,19,2021-08-01
12,2021,9,19.09631540398851,19.468416234066634,19.28236581902757,0.372100830078125,50.658592224121094,19,2021-09-01
12,2021,10,19.3340026855469,19.703999328613303,19.5190010070801,0.36999664306640623,50.658592224121094,20,2021-10-01
12,2021,11,18.784212132504134,21.233683054070745,20.00894759328744,2.4494709215666117,50.658592224121094,19,2021-11-01
12,2021,12,19.430527857730286,22.156843004728643,20.793685431229463,2.7263151469983553,50.658592224121094,19,2021-12-01
12,2022,1,19.331578626130778,23.0763167531867,21.20394768965874,3.7447381270559212,50.658592224121094,19,2022-01-01
12,2022,2,19.037058392693037,23.1499985638787,21.09352847828587,4.112940171185662,50.658592224121094,17,2022-02-01
12,2022,3,20.17900085449221,25.46100006103518,22.820000457763694,5.281999206542968,50.658592224121094,20,2022-03-01
12,2022,4,18.81316046463818,24.467370605468773,21.640265535053476,5.6542101408305925,50.658592224121094,19,2022-04-01
12,2022,5,18.276842940481107,24.01262978001647,21.14473636024879,5.735786839535362,50.658592224121094,19,2022-05-01
12,2022,6,17.38353163775278,23.415293255974287,20.399412446863533,6.031761618221507,50.658592224121094,17,2022-06-01
12,2022,7,19.22105038291532,22.75473697060035,20.987893676757835,3.533686587685033,50.658592224121094,19,2022-07-01
12,2022,8,18.906501770019553,20.503001403808618,19.704751586914085,1.5964996337890625,50.658592224121094,20,2022-08-01
12,2022,9,18.27000057822782,20.249998715049365,19.25999964663859,1.979998136821546,50.658592224121094,19,2022-09-01
12,2022,10,19.781666056315128,22.003889973958355,20.89277801513674,2.222223917643229,50.658592224121094,18,2022-10-01
12,2022,11,19.421109347873287,21.743332587348114,20.5822209676107,2.3222232394748263,50.658592224121094,18,2022-11-01
12,2022,12,19.719473105982754,22.478948010896403,21.09921055843958,2.759474904913651,50.658592224121094,19,2022-12-01
12,2023,1,19.49899597167971,21.9695007324219,20.734248352050805,2.4705047607421875,50.658592224121094,20,2023-01-01
12,2023,2,19.420558336046028,22.877219984266517,21.148889160156273,3.456661648220486,50.658592224121094,18,2023-02-01
12,2023,3,19.87158235248769,25.84578696803045,22.85868466025907,5.974204615542763,50.658592224121094,19,2023-03-01
12,2023,4,21.86841816149262,27.873684853001667,24.871051507247145,6.005266691509046,50.658592224121094,19,2023-04-01
12,2023,5,21.504446072048633,25.498886786566864,23.501666429307747,3.994440714518229,50.658592224121094,18,2023-05-01
12,2023,6,20.089999871504958,22.404735685649694,21.247367778577324,2.3147358141447367,50.658592224121094,19,2023-06-01
12,2023,7,21.940998840332053,22.522998046875024,22.231998443603537,0.5819992065429688,50.658592224121094,20,2023-07-01
12,2023,8,20.44578985916943,20.78999601665298,20.617892937911208,0.34420615748355265,50.658592224121094,19,2023-08-01
12,2023,9,21.215554809570335,22.216667005750892,21.716110907660614,1.0011121961805556,50.658592224121094,18,2023-09-01
12,2023,10,18.34111260308162,21.923889838324676,20.132501220703148,3.5827772352430554,50.658592224121094,18,2023-10-01
12,2023,11,19.91736835680512,21.429999421772226,20.673683889288675,1.5126310649671053,50.658592224121094,19,2023-11-01
12,2023,12,21.888999938964865,22.36750183105471,22.128250885009788,0.47850189208984373,50.658592224121094,20,2023-12-01
12,2024,1,21.89157779091285,23.449999678762357,22.670788734837604,1.5584218878495066,50.658592224121094,19,2024-01-01
12,2024,2,22.32444322374134,25.796670532226585,24.060556877983963,3.472227308485243,50.658592224121094,18,2024-02-01
12,2024,3,23.650498962402366,27.18999938964846,25.420249176025415,3.539500427246094,50.658592224121094,20,2024-03-01
12,2024,4,22.062103592722064,24.995263671875023,23.52868363229854,2.9331600791529606,50.658592224121094,19,2024-04-01
12,2024,5,21.256317459909564,23.67579120836762,22.46605433413859,2.419473748458059,50.658592224121094,19,2024-05-01
12,2024,6,19.169474069695745,21.56578497635693,20.367629523026338,2.396310906661184,50.658592224121094,19,2024-06-01
12,2024,7,19.828424072265648,22.4226302297492,21.125527151007425,2.5942061574835527,50.658592224121094,19,2024-07-01
12,2024,8,20.84263241416532,23.19789717824838,22.02026479620685,2.355264764083059,50.658592224121094,19,2024-08-01
12,2024,9,19.94368575246713,23.162108090049365,21.552896921258245,3.2184223375822367,50.658592224121094,19,2024-09-01
12,2024,10,20.24277479383683,22.355554199218773,21.2991644965278,2.1127794053819446,50.658592224121094,18,2024-10-01
13,2020,10,19.39045735342297,22.143680291426833,20.767068822424903,2.75322293800386,31.72288942337036,19,2020-10-01
13,2020,11,19.82578894537987,22.45631681743423,21.141052881407052,2.630527872054364,31.72288942337036,19,2020-11-01
13,2020,12,20.58093691736993,22.63399810791018,21.607467512640053,2.0530611905402507,31.72288942337036,20,2020-12-01
13,2021,1,20.790311273744113,22.222629266036208,21.50647026989016,1.4323179922920957,31.72288942337036,19,2021-01-01
13,2021,2,22.626578965542123,23.390003159466936,23.00829106250453,0.7634241939248106,31.72288942337036,17,2021-02-01
13,2021,3,23.45530564187683,24.405265727796074,23.930285684836452,0.9499600859192463,31.72288942337036,19,2021-03-01
13,2021,4,23.231175447939194,24.282633249383245,23.75690434866122,1.0514578014440543,31.72288942337036,19,2021-04-01
13,2021,5,21.308217364630472,24.199998474121116,22.754107919375794,2.8917811094906454,31.72288942337036,20,2021-05-01
13,2021,6,20.378806455084415,23.069471178556768,21.72413881682059,2.6906647234723513,31.72288942337036,19,2021-06-01
13,2021,7,20.502834883700096,22.80684011358966,21.654837498644877,2.3040052298895652,31.72288942337036,19,2021-07-01
13,2021,8,19.674159269839265,21.793156995271403,20.733658132555334,2.118997725432139,31.72288942337036,19,2021-08-01
13,2021,9,20.572811936930314,22.582632285670254,21.577722111300282,2.009820348739939,31.72288942337036,19,2021-09-01
13,2021,10,20.238926969708093,22.082499694824243,21.160713332266166,1.8435727251161496,31.72288942337036,20,2021-10-01
13,2021,11,21.065535810127262,22.555789666426833,21.810662738277045,1.49025385629957,31.72288942337036,19,2021-11-01
13,2021,12,21.490983624644898,23.385790694387357,22.43838715951613,1.8948070697424615,31.72288942337036,19,2021-12-01
13,2022,1,21.144834606947608,23.476840691817458,22.310837649382535,2.3320060848698474,31.72288942337036,19,2022-01-01
13,2022,2,21.94386310693506,24.22411678538605,23.083989946160557,2.2802536784509937,31.72288942337036,17,2022-02-01
13,2022,3,23.97953689565343,27.79200134277346,25.885769119213442,3.812464447120033,31.72288942337036,20,2022-03-01
13,2022,4,21.967964778131634,26.56684345446137,24.267404116296504,4.598878676329736,31.72288942337036,19,2022-04-01
13,2022,5,20.568280462556537,25.069472784745088,22.818876623650812,4.501192322188552,31.72288942337036,19,2022-05-01
13,2022,6,18.946150418422786,22.704705810546898,20.825428114484843,3.7585553921241113,31.72288942337036,17,2022-06-01
13,2022,7,20.62585457367191,24.215263286389824,22.420558930030868,3.5894087127179155,31.72288942337036,19,2022-07-01
13,2022,8,19.274843073840522,22.765498352050805,21.020170712945664,3.4906552782102835,31.72288942337036,20,2022-08-01
13,2022,9,18.824672381033164,19.789474005448213,19.30707319324069,0.9648016244150492,31.72288942337036,19,2022-09-01
13,2022,10,20.563688429796542,21.341578754625846,20.952633592211193,0.7778903248293043,31.72288942337036,19,2022-10-01
13,2022,11,20.482802829791744,21.56055603027346,21.021679430032602,1.0777532004817152,31.72288942337036,18,2022-11-01
13,2022,12,20.99864086543773,21.744736842105286,21.371688853771506,0.7460959766675584,31.72288942337036,19,2022-12-01
13,2023,1,20.745122329865232,22.055496215820334,21.400309272842783,1.3103738859551044,31.72288942337036,20,2023-01-01
13,2023,2,20.07763103346475,23.01999986436634,21.548815448915548,2.942368830901592,31.72288942337036,18,2023-02-01
13,2023,3,21.238023358652814,26.015790758634893,23.62690705864385,4.7777673999820776,31.72288942337036,19,2023-03-01
13,2023,4,23.15323068045591,27.341578754625846,25.247404717540878,4.188348074169937,31.72288942337036,19,2023-04-01
13,2023,5,23.094694456339788,28.02444525824655,25.55956985729317,4.929750801906762,31.72288942337036,18,2023-05-01
13,2023,6,21.189779609390865,26.605263479132425,23.897521544261643,5.41548386974156,31.72288942337036,19,2023-06-01
13,2023,7,22.774055943426227,28.39600067138674,25.585028307406482,5.621944727960516,31.72288942337036,20,2023-07-01
13,2023,8,21.113641453244302,26.036314633018115,23.57497804313121,4.922673179773812,31.72288942337036,19,2023-08-01
13,2023,9,22.076878580835043,26.689998033311653,24.383438307073348,4.613119452476614,31.72288942337036,18,2023-09-01
13,2023,10,18.114813796984933,19.888884480794292,19.001849138889614,1.774070683809359,31.72288942337036,18,2023-10-01
13,2023,11,21.486279850701614,21.241053852282096,21.363666851491853,-0.245225998419519,31.72288942337036,19,2023-11-01
13,2023,12,22.903515529140233,22.853501892089866,22.87850871061505,-0.05001363705036681,31.72288942337036,20,2023-12-01
13,2024,1,23.78169341205952,24.420524516858574,24.101108964459048,0.6388311047990549,31.72288942337036,19,2024-01-01
13,2024,2,24.53197370634726,26.205556911892383,25.368765309119823,1.6735832055451252,31.72288942337036,18,2024-02-01
13,2024,3,25.505836526261728,29.23399810791018,27.369917317085953,3.7281615816484504,31.72288942337036,20,2024-03-01
13,2024,4,24.672471252039255,29.87368645918999,27.273078855614624,5.201215207150734,31.72288942337036,19,2024-04-01
13,2024,5,22.867023258677932,28.15842349403785,25.512723376357894,5.291400235359919,31.72288942337036,19,2024-05-01
13,2024,6,21.272076564571336,25.930526251541963,23.60130140805665,4.658449686970626,31.72288942337036,19,2024-06-01
13,2024,7,21.644460805448706,26.184209241365153,23.91433502340693,4.53974843591645,31.72288942337036,19,2024-07-01
13,2024,8,22.205489617372614,26.43842548571137,24.321957551541992,4.232935868338757,31.72288942337036,19,2024-08-01
13,2024,9,21.878655939296653,22.535555352105057,22.207105645700857,0.6568994128084031,31.72288942337036,18,2024-09-01
13,2024,10,21.14432670462194,20.85333658854169,20.998831646581813,-0.2909901160802488,31.72288942337036,18,2024-10-01
14,2020,10,18.4394759328742,18.9194708573191,18.67947339509665,0.4799949244449013,4.86187744140625,19,2020-10-01
14,2020,11,18.719474712171074,19.307366943359398,19.013420827765238,0.5878922311883223,4.86187744140625,19,2020-11-01
14,2020,12,18.906501770019553,20.141499328613303,19.52400054931643,1.23499755859375,4.86187744140625,20,2020-12-01
14,2021,1,18.679999421772226,21.419474069695745,20.049736745733988,2.7394746479235197,4.86187744140625,19,2021-01-01
14,2021,2,19.599414780560686,24.370590389476124,21.985002585018407,4.771175608915441,4.86187744140625,17,2021-02-01
14,2021,3,19.770527407997555,25.196841912520583,22.48368466025907,5.4263145045230265,4.86187744140625,19,2021-03-01
14,2021,4,19.780003919099528,25.539477217824857,22.659740568462194,5.759473298725329,4.86187744140625,19,2021-04-01
14,2021,5,19.540498352050804,24.363499450683616,21.95199890136721,4.823001098632813,4.86187744140625,20,2021-05-01
14,2021,6,19.339999871504958,21.942103656969596,20.641051764237275,2.6021037854646383,4.86187744140625,19,2021-06-01
14,2021,7,19.75789473684213,21.941575221011536,20.849734978926833,2.183680484169408,4.86187744140625,19,2021-07-01
14,2021,8,18.655260909231107,20.89052413137338,19.772892520302243,2.2352632221422697,4.86187744140625,19,2021-08-01
14,2021,9,18.837897370990976,21.495258853310055,20.166578112150518,2.6573614823190788,4.86187744140625,19,2021-09-01
14,2021,10,18.919998168945334,21.707496643066428,20.31374740600588,2.7874984741210938,4.86187744140625,20,2021-10-01
14,2021,11,18.872102757504134,21.61789615028785,20.244999453895993,2.745793392783717,4.86187744140625,19,2021-11-01
14,2021,12,19.149999036287028,22.884210205078148,21.017104620682588,3.7342111687911186,4.86187744140625,19,2021-12-01
14,2022,1,19.63894524825249,23.56999640213818,21.604470825195335,3.931051153885691,4.86187744140625,19,2022-01-01
14,2022,2,18.75882065716914,23.96059031767006,21.3597054874196,5.201769660500919,4.86187744140625,17,2022-02-01
14,2022,3,19.97799987792971,27.503498840332053,23.74074935913088,7.525498962402343,4.86187744140625,20,2022-03-01
14,2022,4,18.12684101305512,26.914212196751667,22.520526604903395,8.787371183696546,4.86187744140625,19,2022-04-01
14,2022,5,17.505792236328148,26.802103464226995,22.15394785027757,9.29631122789885,4.86187744140625,19,2022-05-01
14,2022,6,16.87293665268844,16.922942397173735,16.89793952493109,0.050005744485294115,4.86187744140625,17,2022-06-01
14,2022,7,18.652103142989333,18.998946661698213,18.825524902343773,0.3468435187088816,4.86187744140625,19,2022-07-01
14,2022,8,17.552500915527368,21.652998352050805,19.602749633789085,4.100497436523438,4.86187744140625,20,2022-08-01
14,2022,9,16.883680162931768,17.348951159025518,17.116315660978643,0.46527099609375,4.86187744140625,19,2022-09-01
14,2022,10,18.306843325966305,18.005262194181768,18.156052760074036,-0.3015811317845395,4.86187744140625,19,2022-10-01
14,2022,11,18.646666463216167,18.818332926432316,18.73249969482424,0.17166646321614584,4.86187744140625,18,2022-11-01
14,2022,12,19.467894222861865,21.118948203639004,20.293421213250433,1.651053980777138,4.86187744140625,19,2022-12-01
14,2023,1,18.981001281738305,21.655999755859398,20.31850051879885,2.674998474121094,4.86187744140625,20,2023-01-01
14,2023,2,18.682778930664085,23.048335435655403,20.865557183159744,4.36555650499132,4.86187744140625,18,2023-02-01
14,2023,3,19.178420538651338,25.01263138620479,22.095525962428066,5.834210847553454,4.86187744140625,19,2023-03-01
14,2023,4,20.85947329872535,25.367364501953148,23.11341890033925,4.507891203227796,4.86187744140625,19,2023-04-01
14,2023,5,21.104998101128494,24.142222764756966,22.62361043294273,3.0372246636284723,4.86187744140625,18,2023-05-01
14,2023,6,19.58105500873769,21.766315982216305,20.673685495476995,2.1852609734786186,4.86187744140625,19,2023-06-01
14,2023,7,21.260998535156272,23.127497863769555,22.194248199462912,1.8664993286132812,4.86187744140625,20,2023-07-01
14,2023,8,19.566845060649694,20.990525416324036,20.278685238486865,1.423680355674342,4.86187744140625,19,2023-08-01
14,2023,9,20.663890245225716,22.05055304633249,21.357221645779102,1.3866628011067708,4.86187744140625,18,2023-09-01
14,2023,10,17.125556776258705,18.691113620334225,17.908335198296463,1.5655568440755208,4.86187744140625,18,2023-10-01
14,2023,11,19.4073714406867,21.164737420333083,20.286054430509893,1.7573659796463816,4.86187744140625,19,2023-11-01
14,2023,12,21.04699859619143,23.429499816894555,22.238249206542992,2.382501220703125,4.86187744140625,20,2023-12-01
14,2024,1,21.273159950657917,24.70894614771795,22.991053049187933,3.435786197060033,4.86187744140625,19,2024-01-01
14,2024,2,21.747221883138042,26.21222330729169,23.979722595214866,4.4650014241536455,4.86187744140625,18,2024-02-01
14,2024,3,23.121498107910178,29.709999084472678,26.415748596191428,6.5885009765625,4.86187744140625,20,2024-03-01
14,2024,4,21.557365337171074,28.118949809827324,24.8381575734992,6.56158447265625,4.86187744140625,19,2024-04-01
14,2024,5,20.253681704872555,25.251577598170254,22.752629651521403,4.997895893297698,4.86187744140625,19,2024-05-01
14,2024,6,18.32736880653785,22.575789923416963,20.45157936497741,4.248421116879112,4.86187744140625,19,2024-06-01
14,2024,7,19.045261101973708,22.98368466025907,21.014472881116387,3.9384235582853617,4.86187744140625,19,2024-07-01
14,2024,8,19.56263202868012,22.077365594161208,20.819998811420664,2.5147335654810856,4.86187744140625,19,2024-08-01
14,2024,9,19.749997287326412,22.03999905056426,20.894998168945335,2.2900017632378473,4.86187744140625,18,2024-09-01
14,2024,10,19.225554402669292,20.673333740234398,19.949444071451847,1.4477793375651042,4.86187744140625,18,2024-10-01
15,2020,10,18.04000083521795,20.158948717619268,19.099474776418607,2.118947882401316,85.35719108581543,19,2020-10-01
15,2020,11,17.880527215254958,19.272629908511536,18.576578561883245,1.392102693256579,85.35719108581543,19,2020-11-01
15,2020,12,18.31300201416018,20.64450378417971,19.478752899169944,2.331501770019531,85.35719108581543,20,2020-12-01
15,2021,1,18.5357894094367,20.24421161852387,19.390000513980286,1.708422209087171,85.35719108581543,19,2021-01-01
15,2021,2,17.54529454848348,21.374708467371345,19.460001507927412,3.8294139188878678,85.35719108581543,17,2021-02-01
15,2021,3,17.24421161852387,22.275789280941634,19.760000449732754,5.031577662417763,85.35719108581543,19,2021-03-01
15,2021,4,17.27684454666943,22.365260395250846,19.821052470960137,5.088415848581414,85.35719108581543,19,2021-04-01
15,2021,5,18.53600006103518,22.69150085449221,20.613750457763693,4.155500793457032,85.35719108581543,20,2021-05-01
15,2021,6,18.190524773848708,21.667369962993444,19.928947368421074,3.4768451891447367,85.35719108581543,19,2021-06-01
15,2021,7,18.400527472245088,21.66420577199838,20.03236662212173,3.2636782997532894,85.35719108581543,19,2021-07-01
15,2021,8,18.06368086965463,21.22421136153374,19.643946115594183,3.1605304918791117,85.35719108581543,19,2021-08-01
15,2021,9,17.975258596319925,21.15000064247535,19.562629619397637,3.1747420461554277,85.35719108581543,19,2021-09-01
15,2021,10,17.924998474121118,22.003002929687522,19.964000701904318,4.078004455566406,85.35719108581543,20,2021-10-01
15,2021,11,17.85158048930923,21.885265470805944,19.868422980057588,4.033684981496711,85.35719108581543,19,2021-11-01
15,2021,12,18.101577276932588,22.375785747327324,20.238681512129958,4.274208470394737,85.35719108581543,19,2021-12-01
15,2022,1,17.693158922697393,22.0510481984992,19.872103560598294,4.357889275801809,85.35719108581543,19,2022-01-01
15,2022,2,17.289998851102965,21.622356818704066,19.456177834903514,4.332357967601103,85.35719108581543,17,2022-02-01
15,2022,3,18.09400024414065,23.052998352050803,20.573499298095726,4.958998107910157,85.35719108581543,20,2022-03-01
15,2022,4,17.56631341231499,22.97368292557568,20.269998168945335,5.407369513260691,85.35719108581543,19,2022-04-01
15,2022,5,17.98157734118012,23.02736495168588,20.504471146433,5.045787610505757,85.35719108581543,19,2022-05-01
15,2022,6,16.307056382123186,20.95941090303311,18.633233642578148,4.652354520909927,85.35719108581543,17,2022-06-01
15,2022,7,17.478419574938346,20.628946725945745,19.053683150442044,3.150527151007401,85.35719108581543,19,2022-07-01
15,2022,8,17.45900115966799,20.03000183105471,18.74450149536135,2.571000671386719,85.35719108581543,20,2022-08-01
15,2022,9,16.337894158614333,18.889997301603643,17.613945730108988,2.552103142989309,85.35719108581543,19,2022-09-01
15,2022,10,17.887367971319925,20.46157708418999,19.174472527754958,2.574209112870066,85.35719108581543,19,2022-10-01
15,2022,11,18.08277791341148,20.550554741753494,19.31666632758249,2.467776828342014,85.35719108581543,18,2022-11-01
15,2022,12,17.373156417043607,19.4968489797492,18.435002698396403,2.123692562705592,85.35719108581543,19,2022-12-01
15,2023,1,17.499502563476586,20.349497985839868,18.924500274658225,2.849995422363281,85.35719108581543,20,2023-01-01
15,2023,2,17.30333184136287,20.8777777777778,19.090554809570335,3.5744459364149304,85.35719108581543,18,2023-02-01
15,2023,3,18.000523938630778,23.70368266858555,20.852103303608164,5.70315872995477,85.35719108581543,19,2023-03-01
15,2023,4,19.710001413445745,24.837367328844596,22.27368437114517,5.1273659153988485,85.35719108581543,19,2023-04-01
15,2023,5,19.69631829512749,24.40579095137749,22.05105462325249,4.70947265625,85.35719108581543,19,2023-05-01
15,2023,6,18.73578876696137,22.611053788034564,20.673421277497965,3.875265021073191,85.35719108581543,19,2023-06-01
15,2023,7,20.273001098632836,22.982998657226585,21.62799987792971,2.70999755859375,85.35719108581543,20,2023-07-01
15,2023,8,19.814443630642383,22.6666690402561,21.24055633544924,2.852225409613715,85.35719108581543,18,2023-08-01
15,2023,9,19.146110365125892,23.10222100151912,21.124165683322506,3.956110636393229,85.35719108581543,18,2023-09-01
15,2023,10,17.069997829861133,21.181114027235267,19.1255559285482,4.111116197374132,85.35719108581543,18,2023-10-01
15,2023,11,18.497367778577324,22.70210539165298,20.599736585115153,4.2047376130756575,85.35719108581543,19,2023-11-01
15,2023,12,20.357002258300803,24.44349822998049,22.400250244140647,4.086495971679687,85.35719108581543,20,2023-12-01
15,2024,1,19.190000915527367,24.31599731445315,21.752999114990256,5.125996398925781,85.35719108581543,20,2024-01-01
15,2024,2,19.861110093858528,25.804998440212696,22.833054267035614,5.943888346354167,85.35719108581543,18,2024-02-01
15,2024,3,20.425003051757834,27.06650085449221,23.745751953125023,6.641497802734375,85.35719108581543,20,2024-03-01
15,2024,4,19.793158601459726,26.76789325914887,23.2805259303043,6.974734657689145,85.35719108581543,19,2024-04-01
15,2024,5,18.74157907586351,25.99263112921466,22.367105102539085,7.2510520533511515,85.35719108581543,19,2024-05-01
15,2024,6,17.728949617084726,21.554740825452324,19.641845221268525,3.825791208367599,85.35719108581543,19,2024-06-01
15,2024,7,18.74684255499591,20.80841899671055,19.77763077585323,2.0615764417146383,85.35719108581543,19,2024-07-01
15,2024,8,18.121575927734398,19.877896278782917,18.99973610325866,1.7563203510485197,85.35719108581543,19,2024-08-01
15,2024,9,19.017896471525518,20.56526296515216,19.791579718338838,1.5473664936266447,85.35719108581543,19,2024-09-01
15,2024,10,19.19444512261287,19.886114162868946,19.54027964274091,0.6916690402560763,85.35719108581543,18,2024-10-01
16,2020,10,18.158420281661208,21.05263350637338,19.60552689401729,2.8942132247121712,53.716583251953125,19,2020-10-01
16,2020,11,18.92368228310035,19.535264185855286,19.22947323447782,0.6115819027549342,53.716583251953125,19,2020-11-01
16,2020,12,19.228001403808616,20.05999908447268,19.64400024414065,0.8319976806640625,53.716583251953125,20,2020-12-01
16,2021,1,19.658418675472884,20.83315911543999,20.24578889545644,1.1747404399671053,53.716583251953125,19,2021-01-01
16,2021,2,19.962354951746345,22.63411685719212,21.298235904469234,2.671761905445772,53.716583251953125,17,2021-02-01
16,2021,3,19.46105507298522,23.475788638466305,21.46842185572576,4.014733565481086,53.716583251953125,19,2021-03-01
16,2021,4,19.125787353515648,23.465261680201504,21.295524516858574,4.339474326685855,53.716583251953125,19,2021-04-01
16,2021,5,19.030500793457055,23.36200103759768,21.196250915527365,4.331500244140625,53.716583251953125,20,2021-05-01
16,2021,6,19.168422016344596,22.524738833778805,20.8465804250617,3.3563168174342106,53.716583251953125,19,2021-06-01
16,2021,7,19.57420782791943,22.46789582905019,21.021051828484808,2.8936880011307564,53.716583251953125,19,2021-07-01
16,2021,8,18.617894544099528,21.48368466025907,20.0507896021793,2.8657901161595394,53.716583251953125,19,2021-08-01
16,2021,9,18.542104941920254,21.620527086759893,20.08131601434007,3.0784221448396383,53.716583251953125,19,2021-09-01
16,2021,10,18.564497375488305,21.897000122070335,20.23074874877932,3.332502746582031,53.716583251953125,20,2021-10-01
16,2021,11,18.45842413651318,22.817367071854463,20.63789560418382,4.3589429353412825,53.716583251953125,19,2021-11-01
16,2021,12,18.819471178556768,22.60789120322782,20.71368119089229,3.7884200246710527,53.716583251953125,19,2021-12-01
16,2022,1,19.164208984375023,20.113686330694925,19.638947657534974,0.9494773463199013,53.716583251953125,19,2022-01-01
16,2022,2,18.715882424747264,20.09705774643844,19.406470085592854,1.3811753216911764,53.716583251953125,17,2022-02-01
16,2022,3,19.752000427246116,24.066999816894555,21.909500122070334,4.314999389648437,53.716583251953125,20,2022-03-01
16,2022,4,18.281052760074036,23.67052772923522,20.97579024465463,5.389474969161184,53.716583251953125,19,2022-04-01
16,2022,5,17.640000513980286,23.295265920538675,20.46763321725948,5.655265406558388,53.716583251953125,19,2022-05-01
16,2022,6,16.87058859432447,19.765295769186604,18.317942181755537,2.8947071748621322,53.716583251953125,17,2022-06-01
16,2022,7,18.44158485814147,20.44421418842519,19.44289952328333,2.002629330283717,53.716583251953125,19,2022-07-01
16,2022,8,17.82599792480471,19.17549743652346,18.500747680664084,1.34949951171875,53.716583251953125,20,2022-08-01
16,2022,9,17.247369384765648,18.523159950657917,17.885264667711784,1.2757905658922697,53.716583251953125,19,2022-09-01
16,2022,10,18.734443495008705,20.113888888888912,19.424166191948807,1.3794453938802083,53.716583251953125,18,2022-10-01
16,2022,11,18.41444464789499,20.43777533637155,19.42610999213327,2.0233306884765625,53.716583251953125,18,2022-11-01
16,2022,12,19.121575927734398,21.17368228310035,20.147629105417376,2.0521063553659538,53.716583251953125,19,2022-12-01
16,2023,1,19.223002624511743,20.397500610351585,19.810251617431664,1.1744979858398437,53.716583251953125,20,2023-01-01
16,2023,2,19.245555284288216,21.874439493815128,20.559997389051674,2.62888420952691,53.716583251953125,18,2023-02-01
16,2023,3,19.10157888312091,24.836845317639824,21.969212100380368,5.735266434518914,53.716583251953125,19,2023-03-01
16,2023,4,20.357897627981107,27.116840884560055,23.737369256270583,6.758943256578948,53.716583251953125,19,2023-04-01
16,2023,5,20.180000135633705,24.97444220648874,22.577221171061222,4.794442070855035,53.716583251953125,18,2023-05-01
16,2023,6,19.042104941920254,21.86999704461351,20.45605099326688,2.8278921026932564,53.716583251953125,19,2023-06-01
16,2023,7,20.84650115966799,21.49550018310549,21.171000671386743,0.6489990234375,53.716583251953125,20,2023-07-01
16,2023,8,19.479474840666143,19.825789923416963,19.652632382041553,0.34631508275082235,53.716583251953125,19,2023-08-01
16,2023,9,20.221109008789085,20.73222588433162,20.476667446560352,0.5111168755425347,53.716583251953125,18,2023-09-01
16,2023,10,17.69444512261287,18.572222222222244,18.133333672417557,0.877777099609375,53.716583251953125,18,2023-10-01
16,2023,11,19.546844803659564,20.507369513260713,20.027107158460137,0.9605247096011513,53.716583251953125,19,2023-11-01
16,2023,12,21.699494934082054,26.169998168945334,23.934746551513694,4.470503234863282,53.716583251953125,20,2023-12-01
16,2024,1,22.33052817896795,24.89631925884048,23.613423718904215,2.565791079872533,53.716583251953125,19,2024-01-01
16,2024,2,22.485559082031273,24.408332655164955,23.446945868598114,1.9227735731336806,53.716583251953125,18,2024-02-01
16,2024,3,22.699502563476585,28.93450164794924,25.817002105712913,6.234999084472657,53.716583251953125,20,2024-03-01
16,2024,4,20.894738769531273,27.321581710012357,24.108160239771816,6.426842940481086,53.716583251953125,19,2024-04-01
16,2024,5,20.088422594572393,25.055262836657096,22.571842715614743,4.966840242084704,53.716583251953125,19,2024-05-01
16,2024,6,18.2078940943668,22.168422016344596,20.188158055355697,3.9605279219777962,53.716583251953125,19,2024-06-01
16,2024,7,19.142633056640648,21.919477282072393,20.53105516935652,2.7768442254317436,53.716583251953125,19,2024-07-01
16,2024,8,19.709477796052653,22.074212646484398,20.891845221268525,2.3647348504317436,53.716583251953125,19,2024-08-01
16,2024,9,19.462632349917786,21.412103271484398,20.43736781070109,1.949470921566612,53.716583251953125,19,2024-09-01
16,2024,10,19.689445326063392,20.81555582682294,20.252500576443165,1.1261105007595487,53.716583251953125,18,2024-10-01
17,2020,10,20.388948460629134,18.944736199629958,19.666842330129544,-1.4442122609991777,12.074978113174438,19,2020-10-01
17,2020,11,20.005260587993444,19.01631437602798,19.510787482010713,-0.9889462119654605,12.074978113174438,19,2020-11-01
17,2020,12,21.38999938964846,19.411502075195337,20.400750732421898,-1.978497314453125,12.074978113174438,20,2020-12-01
17,2021,1,21.490523810135713,19.65526251541943,20.57289316277757,-1.835261294716283,12.074978113174438,19,2021-01-01
17,2021,2,22.31058565027576,20.76764562270223,21.539115636488994,-1.5429400275735294,12.074978113174438,17,2021-02-01
17,2021,3,23.210001413445745,21.848951159025518,22.52947628623563,-1.3610502544202303,12.074978113174438,19,2021-03-01
17,2021,4,23.14157779091285,23.18579133686269,23.16368456388777,0.04421354594983553,12.074978113174438,19,2021-04-01
17,2021,5,22.674497985839867,24.025999450683617,23.350248718261742,1.35150146484375,12.074978113174438,20,2021-05-01
17,2021,6,22.0442122609992,27.133156545538675,24.58868440326894,5.0889442845394735,12.074978113174438,19,2021-06-01
17,2021,7,22.176843261718773,26.753156481291143,24.464999871504958,4.576313219572368,12.074978113174438,19,2021-07-01
17,2021,8,21.382104492187523,24.41158126027963,22.896842876233574,3.0294767680921053,12.074978113174438,19,2021-08-01
17,2021,9,22.864736777857754,23.646312834087194,23.255524805972474,0.7815760562294408,12.074978113174438,19,2021-09-01
17,2021,10,21.64299468994143,21.988500976562523,21.815747833251976,0.34550628662109373,12.074978113174438,20,2021-10-01
17,2021,11,22.01157772666532,22.252631257709726,22.132104492187523,0.24105353104440788,12.074978113174438,19,2021-11-01
17,2021,12,22.312106805098708,21.96894306383637,22.14052493446754,-0.3431637412623355,12.074978113174438,19,2021-12-01
17,2022,1,22.32947773180512,22.21947792454772,22.27447782817642,-0.10999980725740131,12.074978113174438,19,2022-01-01
17,2022,2,22.37529548196234,23.343532068589177,22.85941377527576,0.9682365866268382,12.074978113174438,17,2022-02-01
17,2022,3,23.90249938964846,29.07950134277346,26.49100036621096,5.177001953125,12.074978113174438,20,2022-03-01
17,2022,4,22.050524581106107,27.878421502364333,24.96447304173522,5.8278969212582235,12.074978113174438,19,2022-04-01
17,2022,5,21.49736456620068,27.94789396587173,24.722629266036208,6.450529399671052,12.074978113174438,19,2022-05-01
17,2022,6,19.552938304227965,24.751763916015648,22.152351110121806,5.198825611787684,12.074978113174438,17,2022-06-01
17,2022,7,21.695258210834726,21.94842079564147,21.8218395032381,0.2531625848067434,12.074978113174438,19,2022-07-01
17,2022,8,20.76349792480471,21.43649597167971,21.09999694824221,0.672998046875,12.074978113174438,20,2022-08-01
17,2022,9,19.440524773848708,21.151052695826504,20.295788734837604,1.710527921977796,12.074978113174438,19,2022-09-01
17,2022,10,20.825793135793607,22.786839856599528,21.80631649619657,1.961046720805921,12.074978113174438,19,2022-10-01
17,2022,11,20.412776353624153,22.536667548285614,21.474721950954883,2.1238911946614585,12.074978113174438,18,2022-11-01
17,2022,12,22.075259881270583,22.95631681743423,22.51578834935241,0.8810569361636513,12.074978113174438,19,2022-12-01
17,2023,1,23.01899871826174,23.966503906250022,23.492751312255884,0.9475051879882812,12.074978113174438,20,2023-01-01
17,2023,2,23.323332722981792,27.627776082356792,25.475554402669292,4.304443359375,12.074978113174438,18,2023-02-01
17,2023,3,23.36631405479032,29.9578940943668,26.662104074578558,6.59158003957648,12.074978113174438,19,2023-03-01
17,2023,4,23.971053595291963,29.335788445723708,26.653421020507835,5.364734850431743,12.074978113174438,19,2023-04-01
17,2023,5,23.178945762232754,28.831578626130778,26.005262194181768,5.6526328638980265,12.074978113174438,19,2023-05-01
17,2023,6,22.16210487767272,24.91315693102387,23.537630904348294,2.751052053351151,12.074978113174438,19,2023-06-01
17,2023,7,23.818998718261742,27.61999969482424,25.71949920654299,3.8010009765625,12.074978113174438,20,2023-07-01
17,2023,8,22.074733051500846,25.162630101254134,23.61868157637749,3.0878970497532894,12.074978113174438,19,2023-08-01
17,2023,9,23.162221950954883,24.757775878906273,23.95999891493058,1.5955539279513888,12.074978113174438,18,2023-09-01
17,2023,10,19.828335910373287,18.696667819552975,19.26250186496313,-1.1316680908203125,12.074978113174438,18,2023-10-01
17,2023,11,22.614736777857754,21.26262978001647,21.938683278937113,-1.352106997841283,12.074978113174438,19,2023-11-01
17,2023,12,24.13799743652346,23.46900024414065,23.803498840332054,-0.6689971923828125,12.074978113174438,20,2023-12-01
17,2024,1,25.362629458778805,23.90684139854032,24.634735428659564,-1.455788060238487,12.074978113174438,19,2024-01-01
17,2024,2,26.231106906467037,24.314447021484398,25.272776963975716,-1.9166598849826388,12.074978113174438,18,2024-02-01
17,2024,3,26.376501464843773,28.332002258300804,27.354251861572287,1.9555007934570312,12.074978113174438,20,2024-03-01
17,2024,4,24.934207635176833,28.389998907791963,26.662103271484398,3.4557912726151314,12.074978113174438,19,2024-04-01
17,2024,5,22.861053788034564,28.497369384765648,25.679211586400104,5.636315596731086,12.074978113174438,19,2024-05-01
17,2024,6,21.134208598889824,28.20526315789476,24.66973587839229,7.071054559004934,12.074978113174438,19,2024-06-01
17,2024,7,21.822630550986865,26.13263132195726,23.977630936472064,4.310000770970395,12.074978113174438,19,2024-07-01
17,2024,8,22.156844610916963,25.364736777857754,23.760790694387357,3.2078921669407894,12.074978113174438,19,2024-08-01
17,2024,9,21.573158986944925,24.87157914011104,23.22236906352798,3.2984201531661186,12.074978113174438,19,2024-09-01
17,2024,10,21.873885091145855,23.78388875325523,22.828886922200542,1.910003662109375,12.074978113174438,18,2024-10-01
18,2020,10,15.911057642886536,16.98052689401729,16.445792268451914,1.0694692511307566,278.0802230834961,19,2020-10-01
18,2020,11,15.319475997121733,17.452630615234398,16.386053306178066,2.1331546181126644,278.0802230834961,19,2020-11-01
18,2020,12,15.370504760742211,17.77549743652346,16.573001098632837,2.40499267578125,278.0802230834961,20,2020-12-01
18,2021,1,14.994210012335548,17.59894794664887,16.29657897949221,2.6047379343133223,278.0802230834961,19,2021-01-01
18,2021,2,15.931174962660869,19.441766357421898,17.686470660041383,3.5105913947610294,278.0802230834961,17,2021-02-01
18,2021,3,15.078422466077326,20.216842169510713,17.64763231779402,5.138419703433388,278.0802230834961,19,2021-03-01
18,2021,4,15.598944734272226,21.31526296515216,18.457103849712194,5.716318230879934,278.0802230834961,19,2021-04-01
18,2021,5,15.427500915527366,19.709503173828146,17.568502044677757,4.282002258300781,278.0802230834961,20,2021-05-01
18,2021,6,15.31999640213818,17.926314825760713,16.623155613949447,2.606318423622533,278.0802230834961,19,2021-06-01
18,2021,7,16.361579011615976,18.08789094623769,17.224734978926833,1.7263119346217106,278.0802230834961,19,2021-07-01
18,2021,8,15.693160528885713,17.242109118009893,16.467634823447803,1.5489485891241777,278.0802230834961,19,2021-08-01
18,2021,9,15.364738384046076,17.405789345189167,16.38526386461762,2.041050961143092,278.0802230834961,19,2021-09-01
18,2021,10,15.536499023437523,17.916001892089866,16.726250457763694,2.379502868652344,278.0802230834961,20,2021-10-01
18,2021,11,15.71947792454772,18.262104556435055,16.990791240491387,2.5426266318873356,278.0802230834961,19,2021-11-01
18,2021,12,16.548420474403805,18.619998650801833,17.58420956260282,2.071578176398026,278.0802230834961,19,2021-12-01
18,2022,1,15.549472527754958,19.096317010176833,17.322894768965895,3.546844482421875,278.0802230834961,19,2022-01-01
18,2022,2,14.740589096966934,20.124117862477046,17.43235347972199,5.3835287655101105,278.0802230834961,17,2022-02-01
18,2022,3,15.733500671386741,23.138500976562522,19.43600082397463,7.405000305175781,278.0802230834961,20,2022-03-01
18,2022,4,14.798947304173543,22.92842214483966,18.8636847245066,8.129474840666118,278.0802230834961,19,2022-04-01
18,2022,5,14.73947015059624,22.96736899928045,18.853419574938346,8.22789884868421,278.0802230834961,19,2022-05-01
18,2022,6,13.472775607638912,15.55389302571617,14.51333431667754,2.081117418077257,278.0802230834961,18,2022-06-01
18,2022,7,15.576315146998377,17.06842073139394,16.32236793919616,1.4921055843955593,278.0802230834961,19,2022-07-01
18,2022,8,14.884001159667992,16.41400146484377,15.649001312255882,1.5300003051757813,278.0802230834961,20,2022-08-01
18,2022,9,13.923687101665319,15.937897049753312,14.930792075709315,2.0142099480879936,278.0802230834961,19,2022-09-01
18,2022,10,14.573158986944923,17.083685945209726,15.828422466077326,2.5105269582648027,278.0802230834961,19,2022-10-01
18,2022,11,15.902222357855926,18.61444498697919,17.258333672417557,2.712222629123264,278.0802230834961,18,2022-11-01
18,2022,12,16.40526251541943,18.035791015625023,17.220526765522226,1.630528500205592,278.0802230834961,19,2022-12-01
18,2023,1,15.150502014160178,17.26449890136721,16.207500457763693,2.113996887207031,278.0802230834961,20,2023-01-01
18,2023,2,15.076665920681446,19.223335096571205,17.150000508626324,4.146669175889757,278.0802230834961,18,2023-02-01
18,2023,3,15.455263157894759,21.553683953536208,18.50447355571548,6.098420795641448,278.0802230834961,19,2023-03-01
18,2023,4,16.481578947368444,21.988422915810055,19.23500093158925,5.506843968441612,278.0802230834961,19,2023-04-01
18,2023,5,16.901113552517383,21.420554945204017,19.1608342488607,4.519441392686632,278.0802230834961,18,2023-05-01
18,2023,6,16.300524581106107,19.45631681743423,17.87842069927017,3.155792236328125,278.0802230834961,19,2023-06-01
18,2023,7,17.11600036621096,19.86400299072268,18.490001678466818,2.748002624511719,278.0802230834961,20,2023-07-01
18,2023,8,15.888420024671076,19.323155774568278,17.605787899619678,3.4347357498972038,278.0802230834961,19,2023-08-01
18,2023,9,16.272222561306446,20.32110833062068,18.296665445963566,4.048885769314236,278.0802230834961,18,2023-09-01
18,2023,10,14.452778116862001,18.412778049045162,16.432778082953583,3.95999993218316,278.0802230834961,18,2023-10-01
18,2023,11,15.613159500925187,19.377894672594596,17.495527086759893,3.764735171669408,278.0802230834961,19,2023-11-01
18,2023,12,19.391502380371115,20.230998229980493,19.811250305175804,0.839495849609375,278.0802230834961,20,2023-12-01
18,2024,1,18.677895315069925,20.704736328125023,19.691315821597474,2.026841013055099,278.0802230834961,19,2024-01-01
18,2024,2,18.68611043294273,23.518336656358528,21.10222354465063,4.832226223415798,278.0802230834961,18,2024-02-01
18,2024,3,19.139001464843773,26.40400085449221,22.77150115966799,7.2649993896484375,278.0802230834961,20,2024-03-01
18,2024,4,18.156317781147226,26.02842342979032,22.092370605468773,7.8721056486430925,278.0802230834961,19,2024-04-01
18,2024,5,17.55578806023851,24.340526701274694,20.9481573807566,6.784738641036184,278.0802230834961,19,2024-05-01
18,2024,6,15.846315403988509,20.513156609786208,18.179736006887357,4.666841205797698,278.0802230834961,19,2024-06-01
18,2024,7,16.8989485891242,17.709999807257425,17.304474198190814,0.8110512181332237,278.0802230834961,19,2024-07-01
18,2024,8,16.92157817639805,18.094209691097884,17.507893933747965,1.1726315146998356,278.0802230834961,19,2024-08-01
18,2024,9,17.29388665093318,18.44611002604169,17.869998338487434,1.152223375108507,278.0802230834961,18,2024-09-01
18,2024,10,16.852222696940128,17.51666497124568,17.184443834092903,0.6644422743055556,278.0802230834961,18,2024-10-01
19,2020,10,19.019998972039495,24.03578459087173,21.527891781455615,5.015785618832237,45.54393529891968,19,2020-10-01
19,2020,11,18.18894589072782,20.96631855211762,19.57763222142272,2.7773726613898027,45.54393529891968,19,2020-11-01
19,2020,12,18.377497863769555,21.06349792480471,19.72049789428713,2.6860000610351564,45.54393529891968,20,2020-12-01
19,2021,1,18.61631405479032,21.335786839535384,19.97605044716285,2.719472784745066,45.54393529891968,19,2021-01-01
19,2021,2,18.40587948069855,22.25941485236675,20.332647166532652,3.8535353716681984,45.54393529891968,17,2021-02-01
19,2021,3,18.128416683799365,22.133681769120088,20.131049226459726,4.0052650853207235,45.54393529891968,19,2021-03-01
19,2021,4,18.510524067125846,21.459999807257425,19.985261937191634,2.9494757401315788,45.54393529891968,19,2021-04-01
19,2021,5,18.72649841308596,21.943998718261742,20.33524856567385,3.2175003051757813,45.54393529891968,20,2021-05-01
19,2021,6,18.193688964843773,21.20947297748769,19.70158097116573,3.0157840126439144,45.54393529891968,19,2021-06-01
19,2021,7,18.452106997841305,21.59315763774673,20.02263231779402,3.1410506399054277,45.54393529891968,19,2021-07-01
19,2021,8,18.154210462068278,20.840528307463018,19.497369384765648,2.6863178453947367,45.54393529891968,19,2021-08-01
19,2021,9,18.08420956260282,20.56684184827305,19.325525705437933,2.4826322856702303,45.54393529891968,19,2021-09-01
19,2021,10,18.169497680664087,22.541499328613305,20.355498504638696,4.372001647949219,45.54393529891968,20,2021-10-01
19,2021,11,18.06842233758226,22.58578362715874,20.3271029823705,4.51736128957648,45.54393529891968,19,2021-11-01
19,2021,12,18.577367200349528,23.13737118369657,20.85736919202305,4.560003983347039,45.54393529891968,19,2021-12-01
19,2022,1,18.217899041426833,21.44842240182979,19.833160721628314,3.2305233604029606,45.54393529891968,19,2022-01-01
19,2022,2,17.902939022288624,21.69059053308826,19.79676477768844,3.7876515107996322,45.54393529891968,17,2022-02-01
19,2022,3,18.624002075195335,22.882998657226587,20.75350036621096,4.25899658203125,45.54393529891968,20,2022-03-01
19,2022,4,17.946313476562523,22.010522460937523,19.978417968750023,4.064208984375,45.54393529891968,19,2022-04-01
19,2022,5,18.044732666015648,21.634737034847884,19.839734850431768,3.5900043688322367,45.54393529891968,19,2022-05-01
19,2022,6,16.33411829331344,19.891769588694874,18.112943941004158,3.557651295381434,45.54393529891968,17,2022-06-01
19,2022,7,18.18157991108144,21.97210404245479,20.076841976768115,3.7905241313733553,45.54393529891968,19,2022-07-01
19,2022,8,18.29300231933596,22.14900054931643,20.221001434326194,3.855998229980469,45.54393529891968,20,2022-08-01
19,2022,9,16.253159693667786,18.758945184004958,17.50605243883637,2.5057854903371712,45.54393529891968,19,2022-09-01
19,2022,10,17.583684339021403,19.868949809827324,18.726317074424365,2.2852654708059212,45.54393529891968,19,2022-10-01
19,2022,11,17.935003323025196,19.842223103841167,18.88861321343318,1.9072197808159723,45.54393529891968,18,2022-11-01
19,2022,12,18.223684531764004,20.88894524825249,19.556314890008245,2.6652607164884867,45.54393529891968,19,2022-12-01
19,2023,1,18.697500610351586,21.783499145507836,20.24049987792971,3.08599853515625,45.54393529891968,20,2023-01-01
19,2023,2,18.412779744466167,22.662220255533878,20.537500000000023,4.249440511067708,45.54393529891968,18,2023-02-01
19,2023,3,18.16999929327716,23.682631964432588,20.926315628854876,5.512632671155427,45.54393529891968,19,2023-03-01
19,2023,4,19.674737548828148,24.218419446443278,21.946578497635713,4.543681897615132,45.54393529891968,19,2023-04-01
19,2023,5,19.80684011358966,22.909475547389004,21.358157830489333,3.102635433799342,45.54393529891968,19,2023-05-01
19,2023,6,18.949998072574036,21.647891717208083,20.298944894891058,2.6978936446340462,45.54393529891968,19,2023-06-01
19,2023,7,20.243998718261743,22.43349761962893,21.338748168945337,2.1894989013671875,45.54393529891968,20,2023-07-01
19,2023,8,19.80222134060332,21.7961127387153,20.79916703965931,1.9938913981119792,45.54393529891968,18,2023-08-01
19,2023,9,19.195555623372417,21.058333333333355,20.126944478352886,1.8627777099609375,45.54393529891968,18,2023-09-01
19,2023,10,17.187777031792557,18.02832946777346,17.60805324978301,0.8405524359809028,45.54393529891968,18,2023-10-01
19,2023,11,19.103156160053476,19.325261487458903,19.21420882375619,0.22210532740542763,45.54393529891968,19,2023-11-01
19,2023,12,20.775000000000023,21.259504699707055,21.01725234985354,0.48450469970703125,45.54393529891968,20,2023-12-01
19,2024,1,20.09499664306643,21.515498352050805,20.805247497558618,1.420501708984375,45.54393529891968,20,2024-01-01
19,2024,2,20.57444491916235,23.062222629123287,21.81833377414282,2.4877777099609375,45.54393529891968,18,2024-02-01
19,2024,3,21.18199920654299,26.183999633789085,23.682999420166038,5.002000427246093,45.54393529891968,20,2024-03-01
19,2024,4,20.558950645045254,26.8315802323191,23.695265438682178,6.2726295872738485,45.54393529891968,19,2024-04-01
19,2024,5,19.612629458778805,25.844741339432588,22.728685399105697,6.2321118806537825,45.54393529891968,19,2024-05-01
19,2024,6,18.583157509251667,23.774208791632425,21.178683150442044,5.191051282380757,45.54393529891968,19,2024-06-01
19,2024,7,19.585790051912028,24.857896021792786,22.22184303685241,5.272105969880757,45.54393529891968,19,2024-07-01
19,2024,8,18.88000038548522,24.237364437705615,21.558682411595417,5.357364052220395,45.54393529891968,19,2024-08-01
19,2024,9,18.815786582545254,24.867891331722884,21.84183895713407,6.052104749177632,45.54393529891968,19,2024-09-01
19,2024,10,18.75055847167971,23.761665174696205,21.256111823187958,5.011106703016493,45.54393529891968,18,2024-10-01
20,2020,10,15.698417583264826,19.823682604338018,17.76105009380142,4.125265021073191,229.20970153808594,19,2020-10-01
20,2020,11,15.902628366570747,20.003158087479463,17.952893227025104,4.1005297209087175,229.20970153808594,19,2020-11-01
20,2020,12,16.620999145507835,20.175000000000022,18.39799957275393,3.5540008544921875,229.20970153808594,20,2020-12-01
20,2021,1,17.97631868061269,20.687897049753314,19.332107865183,2.711578369140625,229.20970153808594,19,2021-01-01
20,2021,2,18.754707964728883,23.102353443818956,20.92853070427392,4.347645479090073,229.20970153808594,17,2021-02-01
20,2021,3,18.033156866776338,23.376845831620088,20.705001349198213,5.34368896484375,229.20970153808594,19,2021-03-01
20,2021,4,18.131054045024694,23.78209999486022,20.956577019942458,5.6510459498355265,229.20970153808594,19,2021-04-01
20,2021,5,18.30600280761721,23.47400054931643,20.89000167846682,5.167997741699219,229.20970153808594,20,2021-05-01
20,2021,6,16.946315082750846,22.422635048314167,19.684475065532506,5.476319965563323,229.20970153808594,19,2021-06-01
20,2021,7,16.977895957545254,22.691053209806768,19.83447458367601,5.713157252261513,229.20970153808594,19,2021-07-01
20,2021,8,16.005260587993444,21.68526290090463,18.845261744449036,5.680002312911184,229.20970153808594,19,2021-08-01
20,2021,9,16.00631585372124,20.98473831979854,18.495527086759893,4.978422466077302,229.20970153808594,19,2021-09-01
20,2021,10,17.13399810791018,21.146499633789084,19.140248870849632,4.012501525878906,229.20970153808594,20,2021-10-01
20,2021,11,17.155260909231107,21.4173667506168,19.286313829923955,4.262105841385691,229.20970153808594,19,2021-11-01
20,2021,12,17.88105243883637,23.5357894094367,20.708420924136536,5.654736970600329,229.20970153808594,19,2021-12-01
20,2022,1,18.231580553556768,26.007369513260713,22.11947503340874,7.775788959703948,229.20970153808594,19,2022-01-01
20,2022,2,17.495882999195796,25.621175608915465,21.55852930405563,8.125292609719668,229.20970153808594,17,2022-02-01
20,2022,3,18.515002441406274,27.0840026855469,22.799502563476587,8.569000244140625,229.20970153808594,20,2022-03-01
20,2022,4,17.02526566354854,25.68525968852798,21.35526267603826,8.65999402497944,229.20970153808594,19,2022-04-01
20,2022,5,15.97631386204772,24.363686330694925,20.17000009637132,8.387372468647204,229.20970153808594,19,2022-05-01
20,2022,6,14.236113484700544,20.896112060546898,17.566112772623722,6.6599985758463545,229.20970153808594,18,2022-06-01
20,2022,7,16.405789345189167,23.14894698293588,19.777368164062523,6.743157637746711,229.20970153808594,19,2022-07-01
20,2022,8,15.661502075195335,22.152000427246115,18.906751251220726,6.490498352050781,229.20970153808594,20,2022-08-01
20,2022,9,15.240000192742622,20.021055843955615,17.630528018349118,4.781055651212993,229.20970153808594,19,2022-09-01
20,2022,10,16.620556979709225,21.048889838324676,18.83472340901695,4.428332858615452,229.20970153808594,18,2022-10-01
20,2022,11,17.419446139865475,20.839444308810787,19.12944522433813,3.4199981689453125,229.20970153808594,18,2022-11-01
20,2022,12,18.242105905633245,21.123681640625023,19.682893773129134,2.881575734991776,229.20970153808594,19,2022-12-01
20,2023,1,17.900495910644555,21.516996765136742,19.70874633789065,3.6165008544921875,229.20970153808594,20,2023-01-01
20,2023,2,17.659999254014778,22.580002509223114,20.120000881618946,4.920003255208333,229.20970153808594,18,2023-02-01
20,2023,3,17.70368266858555,23.647893323396403,20.675787995990976,5.944210654810855,229.20970153808594,19,2023-03-01
20,2023,4,18.382632928145583,25.290004047594596,21.836318487870088,6.907371119449013,229.20970153808594,19,2023-04-01
20,2023,5,18.03388875325523,24.94166463216148,21.487776692708355,6.90777587890625,229.20970153808594,18,2023-05-01
20,2023,6,17.026842940481107,23.594209691097884,20.310526315789495,6.5673667506167765,229.20970153808594,19,2023-06-01
20,2023,7,18.536001586914086,24.24449920654299,21.39025039672854,5.708497619628906,229.20970153808594,20,2023-07-01
20,2023,8,17.547368421052653,22.735263543379958,20.141315982216305,5.187895122327302,229.20970153808594,19,2023-08-01
20,2023,9,17.904441663954017,23.32777981228301,20.61611073811851,5.423338148328993,229.20970153808594,18,2023-09-01
20,2023,10,16.3394476996528,20.54666883680558,18.44305826822919,4.207221137152778,229.20970153808594,18,2023-10-01
20,2023,11,17.7536849172492,20.72789435135693,19.240789634303066,2.9742094341077303,229.20970153808594,19,2023-11-01
20,2023,12,19.337498474121116,22.21750183105471,20.777500152587912,2.8800033569335937,229.20970153808594,20,2023-12-01
20,2024,1,19.387369577508245,22.28895038805512,20.838159982781683,2.901580810546875,229.20970153808594,19,2024-01-01
20,2024,2,19.933884345160614,23.62944268120662,21.781663513183616,3.695558336046007,229.20970153808594,18,2024-02-01
20,2024,3,20.966502380371118,25.434500122070336,23.200501251220725,4.467997741699219,229.20970153808594,20,2024-03-01
20,2024,4,19.553155517578148,24.546319580078148,22.049737548828148,4.9931640625,229.20970153808594,19,2024-04-01
20,2024,5,18.197367136101995,23.366840884560055,20.782104010331025,5.169473748458059,229.20970153808594,19,2024-05-01
20,2024,6,16.19789235968341,21.347891074732754,18.772891717208083,5.1499987150493425,229.20970153808594,19,2024-06-01
20,2024,7,16.851052053351175,21.765262322676833,19.308157188014004,4.9142102693256575,229.20970153808594,19,2024-07-01
20,2024,8,16.984211490028805,19.720001541940814,18.352106515984808,2.7357900519120064,229.20970153808594,19,2024-08-01
20,2024,9,16.934210847553476,19.744738448293607,18.33947464792354,2.8105276007401314,229.20970153808594,19,2024-09-01
20,2024,10,17.30222134060332,20.872225273980057,19.08722330729169,3.570003933376736,229.20970153808594,18,2024-10-01
21,2020,10,15.656844610916963,18.64105256733144,17.1489485891242,2.984207956414474,519.9567718505859,19,2020-10-01
21,2020,11,16.062106805098708,19.043156995271403,17.552631900185055,2.9810501901726973,519.9567718505859,19,2020-11-01
21,2020,12,16.772496032714866,20.267999267578148,18.52024765014651,3.495503234863281,519.9567718505859,20,2020-12-01
21,2021,1,17.750528757195745,21.39105256733144,19.57079066226359,3.640523810135691,519.9567718505859,19,2021-01-01
21,2021,2,18.381178193933845,23.0076448328355,20.694411513384672,4.626466638901654,519.9567718505859,17,2021-02-01
21,2021,3,17.41578947368423,22.623156417043607,20.01947294536392,5.207366943359375,519.9567718505859,19,2021-03-01
21,2021,4,17.573155774568278,23.18210513466285,20.377630454615566,5.608949360094573,519.9567718505859,19,2021-04-01
21,2021,5,17.616998291015648,24.097000122070334,20.85699920654299,6.480001831054688,519.9567718505859,20,2021-05-01
21,2021,6,16.70842413651318,22.588419382195745,19.648421759354463,5.879995245682566,519.9567718505859,19,2021-06-01
21,2021,7,16.602104106702324,23.02263312088818,19.812368613795254,6.420529014185855,519.9567718505859,19,2021-07-01
21,2021,8,15.594738127055944,22.112105841385713,18.85342198422083,6.51736771432977,519.9567718505859,19,2021-08-01
21,2021,9,15.353686202199858,21.93999794407897,18.646842073139414,6.586311741879112,519.9567718505859,19,2021-09-01
21,2021,10,15.687001037597678,22.36549987792971,19.026250457763695,6.678498840332031,519.9567718505859,20,2021-10-01
21,2021,11,18.80157663445726,22.308947432668607,20.555262033562933,3.507370798211349,519.9567718505859,19,2021-11-01
21,2021,12,19.04842368678045,21.792104941920254,20.42026431435035,2.7436812551398027,519.9567718505859,19,2021-12-01
21,2022,1,18.41157804790298,19.998945055509893,19.20526155170644,1.587367007606908,519.9567718505859,19,2022-01-01
21,2022,2,17.882942828010133,22.180000933478883,20.03147188074451,4.29705810546875,519.9567718505859,17,2022-02-01
21,2022,3,19.167002868652368,26.44100036621096,22.804001617431663,7.273997497558594,519.9567718505859,20,2022-03-01
21,2022,4,17.578946083470417,25.45421271073193,21.516579397101175,7.875266627261513,519.9567718505859,19,2022-04-01
21,2022,5,17.133161364103643,25.15368684467519,21.143424104389414,8.020525480571546,519.9567718505859,19,2022-05-01
21,2022,6,15.642943617876861,16.45647223977484,16.04970792882585,0.8135286218979779,519.9567718505859,17,2022-06-01
21,2022,7,16.812100380345417,17.126845831620088,16.969473105982754,0.3147454512746711,519.9567718505859,19,2022-07-01
21,2022,8,16.090000915527366,16.533499145507836,16.3117500305176,0.44349822998046873,519.9567718505859,20,2022-08-01
21,2022,9,15.987370862458905,17.47052997789887,16.728950420178887,1.483159115439967,519.9567718505859,19,2022-09-01
21,2022,10,16.968422658819925,18.58105179636104,17.77473722759048,1.6126291375411184,519.9567718505859,19,2022-10-01
21,2022,11,17.47833489312068,19.521666463216167,18.500000678168426,2.043331570095486,519.9567718505859,18,2022-11-01
21,2022,12,18.923685495476995,20.758945184004958,19.841315339740976,1.8352596885279606,519.9567718505859,19,2022-12-01
21,2023,1,18.359504699707053,20.73750152587893,19.548503112792993,2.377996826171875,519.9567718505859,20,2023-01-01
21,2023,2,18.141112263997417,23.2416693793403,20.69139082166886,5.100557115342882,519.9567718505859,18,2023-02-01
21,2023,3,18.213689221833903,25.334211168791143,21.773950195312523,7.120521946957237,519.9567718505859,19,2023-03-01
21,2023,4,19.14157779091285,26.350003212376667,22.74579050164476,7.208425421463816,519.9567718505859,19,2023-04-01
21,2023,5,19.07722371419273,26.50055338541669,22.78888854980471,7.423329671223958,519.9567718505859,18,2023-05-01
21,2023,6,17.897894929584726,23.324209434107754,20.61105218184624,5.4263145045230265,519.9567718505859,19,2023-06-01
21,2023,7,19.441001892089865,23.89149627685549,21.66624908447268,4.450494384765625,519.9567718505859,20,2023-07-01
21,2023,8,18.333682732833083,22.046841591282917,20.190262162058,3.7131588584498356,519.9567718505859,19,2023-08-01
21,2023,9,18.751667277018253,21.901111857096378,20.326389567057316,3.149444580078125,519.9567718505859,18,2023-09-01
21,2023,10,16.415556844075542,19.32777981228301,17.871668328179275,2.912222968207465,519.9567718505859,18,2023-10-01
21,2023,11,17.73578876696137,19.870527086759893,18.80315792686063,2.1347383197985197,519.9567718505859,19,2023-11-01
21,2023,12,19.590498352050805,21.36000213623049,20.475250244140646,1.7695037841796875,519.9567718505859,20,2023-12-01
21,2024,1,20.17157817639805,21.691580039576504,20.931579107987275,1.520001863178454,519.9567718505859,19,2024-01-01
21,2024,2,20.44888882107207,25.112776692708355,22.780832756890213,4.663887871636285,519.9567718505859,18,2024-02-01
21,2024,3,21.416499328613305,28.635000610351586,25.025749969482444,7.218501281738281,519.9567718505859,20,2024-03-01
21,2024,4,20.011052503083903,28.12368645918999,24.067369481136947,8.112633956106086,519.9567718505859,19,2024-04-01
21,2024,5,19.137893194901338,25.334207956414495,22.236050575657917,6.1963147615131575,519.9567718505859,19,2024-05-01
21,2024,6,17.369476639597064,21.488944927014824,19.429210783305944,4.119468287417763,519.9567718505859,19,2024-06-01
21,2024,7,18.209999807257425,21.474734978926833,19.84236739309213,3.264735171669408,519.9567718505859,19,2024-07-01
21,2024,8,18.26473870528374,20.941053209806768,19.602895957545254,2.676314504523026,519.9567718505859,19,2024-08-01
21,2024,9,17.968335300021725,19.87611287434898,18.922224087185352,1.907777574327257,519.9567718505859,18,2024-09-01
21,2024,10,17.543890041775196,19.998335774739605,18.7711129082574,2.45444573296441,519.9567718505859,18,2024-10-01
22,2020,10,14.546313155324858,17.95368427477387,16.249998715049365,3.4073711194490133,326.1105041503906,19,2020-10-01
22,2020,11,15.12894993832239,18.04052445261104,16.584737195466715,2.911574514288651,326.1105041503906,19,2020-11-01
22,2020,12,15.731001281738305,18.707000732421896,17.219001007080102,2.975999450683594,326.1105041503906,20,2020-12-01
22,2021,1,16.046313155324857,20.238951351768115,18.142632253546488,4.192638196443257,326.1105041503906,19,2021-01-01
22,2021,2,17.25411735983458,21.43235617244947,19.343236766142027,4.1782388126148895,326.1105041503906,17,2021-02-01
22,2021,3,17.160525994551833,21.5878989771793,19.374212485865566,4.4273729826274675,326.1105041503906,19,2021-03-01
22,2021,4,17.61684249074838,22.130527215254958,19.873684853001667,4.513684724506579,326.1105041503906,19,2021-04-01
22,2021,5,16.22950134277346,20.535502624511743,18.3825019836426,4.306001281738281,326.1105041503906,20,2021-05-01
22,2021,6,15.391052567331437,19.842107190583903,17.61657987895767,4.4510546232524675,326.1105041503906,19,2021-06-01
22,2021,7,15.271049419202326,19.989473362972884,17.630261391087604,4.718423943770559,326.1105041503906,19,2021-07-01
22,2021,8,14.511050896895583,17.973156095805944,16.24210349635076,3.4621051989103617,326.1105041503906,19,2021-08-01
22,2021,9,14.405789345189168,17.026319323088018,15.716054334138592,2.620529977898849,326.1105041503906,19,2021-09-01
22,2021,10,15.354502868652366,17.7559997558594,16.555251312255884,2.4014968872070313,326.1105041503906,20,2021-10-01
22,2021,11,15.604214638157918,17.458420924136536,16.531317781147226,1.8542062859786184,326.1105041503906,19,2021-11-01
22,2021,12,16.05684011358966,17.835786839535384,16.946313476562523,1.7789467259457237,326.1105041503906,19,2021-12-01
22,2022,1,16.580001349198213,18.84789749948604,17.71394942434213,2.2678961502878288,326.1105041503906,19,2022-01-01
22,2022,2,16.427056884765648,19.824121093750023,18.125588989257835,3.397064208984375,326.1105041503906,17,2022-02-01
22,2022,3,18.20150299072268,22.441497802734396,20.32150039672854,4.239994812011719,326.1105041503906,20,2022-03-01
22,2022,4,17.41999929327716,22.060526315789495,19.74026280453333,4.640527022512336,326.1105041503906,19,2022-04-01
22,2022,5,15.798944091796898,21.475266627261536,18.637105359529215,5.676322535464638,326.1105041503906,19,2022-05-01
22,2022,6,13.486113484700544,18.474998304579017,15.98055589463978,4.988884819878472,326.1105041503906,18,2022-06-01
22,2022,7,15.152106355365976,19.416841527035384,17.28447394120068,4.2647351716694075,326.1105041503906,19,2022-07-01
22,2022,8,14.497499084472679,18.382495117187524,16.4399971008301,3.884996032714844,326.1105041503906,20,2022-08-01
22,2022,9,13.985263543379958,18.248948267886536,16.117105905633245,4.263684724506579,326.1105041503906,19,2022-09-01
22,2022,10,15.024737227590483,18.574206221731107,16.799471724660794,3.549468994140625,326.1105041503906,19,2022-10-01
22,2022,11,15.276662868923633,18.31277533637155,16.79471910264759,3.0361124674479165,326.1105041503906,18,2022-11-01
22,2022,12,16.327367200349528,19.786843068976175,18.05710513466285,3.4594758686266447,326.1105041503906,19,2022-12-01
22,2023,1,16.45199890136721,20.170002746582053,18.31100082397463,3.718003845214844,326.1105041503906,20,2023-01-01
22,2023,2,17.316108534071205,21.200555419921898,19.25833197699655,3.8844468858506946,326.1105041503906,18,2023-02-01
22,2023,3,17.73052689401729,22.126844225431768,19.928685559724528,4.3963173314144735,326.1105041503906,19,2023-03-01
22,2023,4,17.596840627569925,22.03263485557157,19.814737741570745,4.435794228001645,326.1105041503906,19,2023-04-01
22,2023,5,16.794446139865475,21.61833428276912,19.2063902113173,4.8238881429036455,326.1105041503906,18,2023-05-01
22,2023,6,15.856843968441634,19.8315802323191,17.844212100380368,3.974736263877467,326.1105041503906,19,2023-06-01
22,2023,7,16.62550506591799,20.04950408935549,18.337504577636743,3.4239990234375,326.1105041503906,20,2023-07-01
22,2023,8,15.735791979338016,19.063157252261536,17.399474615799775,3.3273652729235197,326.1105041503906,19,2023-08-01
22,2023,9,16.1388861762153,19.102778795030403,17.620832485622852,2.963892618815104,326.1105041503906,18,2023-09-01
22,2023,10,14.722629266036208,15.946841912520583,15.334735589278395,1.224212646484375,326.1105041503906,19,2023-10-01
22,2023,11,16.11262624640216,16.60000481856499,16.356315532483574,0.4873785721628289,326.1105041503906,19,2023-11-01
22,2023,12,18.05699920654299,17.849002075195337,17.953000640869163,-0.20799713134765624,326.1105041503906,20,2023-12-01
22,2024,1,18.20631521124591,18.61894659745068,18.412630904348294,0.41263138620476975,326.1105041503906,19,2024-01-01
22,2024,2,18.895554267035614,20.751667277018253,19.82361077202693,1.8561130099826388,326.1105041503906,18,2024-02-01
22,2024,3,19.855003356933615,23.344497680664084,21.59975051879885,3.4894943237304688,326.1105041503906,20,2024-03-01
22,2024,4,18.604213031969596,22.23420827765216,20.41921065481088,3.629995245682566,326.1105041503906,19,2024-04-01
22,2024,5,17.684210847553476,20.937892231188346,19.31105153937091,3.2536813836348686,326.1105041503906,19,2024-05-01
22,2024,6,15.579994924444923,18.06579140111022,16.82289316277757,2.4857964766652962,326.1105041503906,19,2024-06-01
22,2024,7,15.991580682051833,17.123156417043607,16.55736854954772,1.1315757349917763,326.1105041503906,19,2024-07-01
22,2024,8,15.617372532894759,16.573684210526338,16.09552837171055,0.956311677631579,326.1105041503906,19,2024-08-01
22,2024,9,16.2483340793186,17.162223646375892,16.705278862847244,0.9138895670572916,326.1105041503906,18,2024-09-01
22,2024,10,16.461663818359398,17.34611070421009,16.903887261284744,0.8844468858506944,326.1105041503906,18,2024-10-01
23,2020,10,11.864733565481108,14.212632349917786,13.038682957699447,2.3478987844366777,557.3696594238281,19,2020-10-01
23,2020,11,12.089474647923543,14.722100830078148,13.405787739000845,2.6326261821546053,557.3696594238281,19,2020-11-01
23,2020,12,12.012002563476585,15.324998474121116,13.66850051879885,3.3129959106445313,557.3696594238281,20,2020-12-01
23,2021,1,11.885265470805944,16.387364758943278,14.136315114874611,4.502099288137336,557.3696594238281,19,2021-01-01
23,2021,2,12.463530776079986,17.791178265739912,15.127354520909948,5.327647489659927,557.3696594238281,17,2021-02-01
23,2021,3,11.564737741570747,16.70210539165298,14.133421566611865,5.137367650082237,557.3696594238281,19,2021-03-01
23,2021,4,12.047896857010713,17.223684531764004,14.635790694387358,5.175787674753289,557.3696594238281,19,2021-04-01
23,2021,5,11.914001464843773,15.421000671386741,13.667501068115257,3.506999206542969,557.3696594238281,20,2021-05-01
23,2021,6,11.816315018503312,14.123154810855286,12.969734914679298,2.306839792351974,557.3696594238281,19,2021-06-01
23,2021,7,12.69052638003703,15.01842169510693,13.85447403757198,2.327895315069901,557.3696594238281,19,2021-07-01
23,2021,8,11.95683722245068,14.261052503083905,13.108944862767293,2.304215280633224,557.3696594238281,19,2021-08-01
23,2021,9,11.852630936472062,14.105787096525516,12.979209016498789,2.2531561600534538,557.3696594238281,19,2021-09-01
23,2021,10,12.400999450683617,14.280497741699241,13.340748596191428,1.879498291015625,557.3696594238281,20,2021-10-01
23,2021,11,12.625260523745911,14.461056679173543,13.543158601459726,1.8357961554276316,557.3696594238281,19,2021-11-01
23,2021,12,12.934737677323213,15.327368806537851,14.131053241930532,2.3926311292146383,557.3696594238281,19,2021-12-01
23,2022,1,12.136844353926833,15.400525866056766,13.768685109991798,3.263681512129934,557.3696594238281,19,2022-01-01
23,2022,2,11.595883717256456,16.01529397403495,13.805588845645703,4.419410256778493,557.3696594238281,17,2022-02-01
23,2022,3,12.194999694824242,17.826499938964865,15.010749816894554,5.631500244140625,557.3696594238281,20,2022-03-01
23,2022,4,11.49105706465874,16.699999678762357,14.095528371710548,5.208942614103618,557.3696594238281,19,2022-04-01
23,2022,5,10.965790116159562,14.76053370425578,12.86316191020767,3.794743588096217,557.3696594238281,19,2022-05-01
23,2022,6,9.998421438116798,12.177893708881601,11.0881575734992,2.1794722707648027,557.3696594238281,19,2022-06-01
23,2022,7,11.67526116622124,13.63158087479443,12.653421020507835,1.9563197085731907,557.3696594238281,19,2022-07-01
23,2022,8,11.178999328613305,13.203501892089866,12.191250610351585,2.0245025634765623,557.3696594238281,20,2022-08-01
23,2022,9,11.860528564453148,13.437370219983576,12.648949392218361,1.5768416555304277,557.3696594238281,19,2022-09-01
23,2022,10,12.681578304893115,14.19210686934624,13.436842587119678,1.510528564453125,557.3696594238281,19,2022-10-01
23,2022,11,13.125556776258703,14.44277513292103,13.784165954589866,1.3172183566623263,557.3696594238281,18,2022-11-01
23,2022,12,13.406319387335548,13.707895700555122,13.557107543945335,0.30157631321957235,557.3696594238281,19,2022-12-01
23,2023,1,12.429499816894554,13.50299987792971,12.966249847412133,1.0735000610351562,557.3696594238281,20,2023-01-01
23,2023,2,12.079443020290821,14.361664496527801,13.220553758409311,2.282221476236979,557.3696594238281,18,2023-02-01
23,2023,3,11.957894094366798,16.126317395662028,14.042105745014414,4.16842330129523,557.3696594238281,19,2023-03-01
23,2023,4,12.086843711451502,15.975788638466305,14.031316174958905,3.8889449270148027,557.3696594238281,19,2023-04-01
23,2023,5,12.626111178927975,15.96722310384117,14.296667141384571,3.3411119249131946,557.3696594238281,18,2023-05-01
23,2023,6,12.334737998560877,14.93789544356499,13.636316721062935,2.6031574450041117,557.3696594238281,19,2023-06-01
23,2023,7,13.151998901367211,15.25150299072268,14.201750946044944,2.099504089355469,557.3696594238281,20,2023-07-01
23,2023,8,12.718422658819923,14.999478310032918,13.85895048442642,2.2810556512129936,557.3696594238281,19,2023-08-01
23,2023,9,13.06944512261287,15.506110975477453,14.287778049045162,2.4366658528645835,557.3696594238281,18,2023-09-01
23,2023,10,12.207779608832489,14.518892754448807,13.363336181640648,2.3111131456163196,557.3696594238281,18,2023-10-01
23,2023,11,12.982631000719595,15.321578497635713,14.152104749177655,2.3389474969161186,557.3696594238281,19,2023-11-01
23,2023,12,13.25249938964846,15.72150115966799,14.487000274658225,2.4690017700195313,557.3696594238281,20,2023-12-01
23,2024,1,12.697895572060055,15.020000578227819,13.858948075143937,2.3221050061677633,557.3696594238281,19,2024-01-01
23,2024,2,12.582220119900196,16.22888590494794,14.405553012424068,3.646665785047743,557.3696594238281,18,2024-02-01
23,2024,3,13.243498229980492,20.2195007324219,16.731499481201194,6.976002502441406,557.3696594238281,20,2024-03-01
23,2024,4,12.862631064967127,20.55315872995479,16.70789489746096,7.690527664987664,557.3696594238281,19,2024-04-01
23,2024,5,13.135789088199036,18.78789190995068,15.961840499074858,5.652102821751645,557.3696594238281,19,2024-05-01
23,2024,6,11.6642073781867,15.170000899465483,13.417104138826092,3.505793521278783,557.3696594238281,19,2024-06-01
23,2024,7,14.226840691817458,15.485787160773048,14.856313926295252,1.258946468955592,557.3696594238281,19,2024-07-01
23,2024,8,14.221577212685055,14.60368138363489,14.412629298159974,0.3821041709498355,557.3696594238281,19,2024-08-01
23,2024,9,13.322220526801239,15.181114027235266,14.251667277018251,1.8588935004340277,557.3696594238281,18,2024-09-01
23,2024,10,12.946110026041689,14.578886922200544,13.762498474121116,1.6327768961588542,557.3696594238281,18,2024-10-01
24,2020,10,13.978946404708083,17.040526058799365,15.509736231753724,3.061579654091283,462.6147918701172,19,2020-10-01
24,2020,11,14.269997365851173,17.04736520867601,15.658681287263592,2.7773678428248356,462.6147918701172,19,2020-11-01
24,2020,12,13.458000183105492,17.397001647949242,15.427500915527366,3.93900146484375,462.6147918701172,20,2020-12-01
24,2021,1,12.815259752775516,18.564736135382425,15.68999794407897,5.7494763826069075,462.6147918701172,19,2021-01-01
24,2021,2,13.678234504250941,20.47646843405333,17.077351469152138,6.7982339298023895,462.6147918701172,17,2021-02-01
24,2021,3,13.59578696803045,18.44315731650907,16.01947214226976,4.847370348478618,462.6147918701172,19,2021-03-01
24,2021,4,14.383154939350351,19.144740375719596,16.763947657534974,4.761585436369243,462.6147918701172,19,2021-04-01
24,2021,5,14.646501159667991,19.02099761962893,16.83374938964846,4.3744964599609375,462.6147918701172,20,2021-05-01
24,2021,6,14.037896728515648,17.233683054070745,15.635789891293197,3.195786325555099,462.6147918701172,19,2021-06-01
24,2021,7,14.343160850123377,17.22789435135693,15.785527600740155,2.8847335012335527,462.6147918701172,19,2021-07-01
24,2021,8,14.081053402549365,16.459999807257425,15.270526604903395,2.378946404708059,462.6147918701172,19,2021-08-01
24,2021,9,14.137366365131601,16.58105661492601,15.359211490028805,2.443690249794408,462.6147918701172,19,2021-09-01
24,2021,10,14.024497985839867,17.08800201416018,15.556250000000023,3.0635040283203123,462.6147918701172,20,2021-10-01
24,2021,11,14.066843454461372,17.245792107833083,15.656317781147226,3.1789486533717106,462.6147918701172,19,2021-11-01
24,2021,12,14.337372147409562,17.575793135793607,15.956582641601585,3.2384209883840462,462.6147918701172,19,2021-12-01
24,2022,1,13.32578831722864,18.555789666426833,15.940788991827736,5.230001349198191,462.6147918701172,19,2022-01-01
24,2022,2,12.754115564682927,18.8194124109605,15.786763987821715,6.065296846277573,462.6147918701172,17,2022-02-01
24,2022,3,13.904501342773461,19.689500427246116,16.797000885009787,5.784999084472656,462.6147918701172,20,2022-03-01
24,2022,4,13.556313283819923,18.788423558285384,16.172368421052653,5.232110274465461,462.6147918701172,19,2022-04-01
24,2022,5,14.13842323704772,17.042630165501667,15.590526701274694,2.9042069284539473,462.6147918701172,19,2022-05-01
24,2022,6,12.78222554524742,14.483890787760439,13.633058166503929,1.7016652425130208,462.6147918701172,18,2022-06-01
24,2022,7,14.429994603207259,16.373684853001667,15.401839728104463,1.943690249794408,462.6147918701172,19,2022-07-01
24,2022,8,14.59399871826174,17.1465026855469,15.87025070190432,2.552503967285156,462.6147918701172,20,2022-08-01
24,2022,9,13.066840242084726,15.81316046463818,14.440000353361453,2.7463202225534538,462.6147918701172,19,2022-09-01
24,2022,10,13.6489485891242,16.487370862458903,15.068159725791553,2.8384222733347038,462.6147918701172,19,2022-10-01
24,2022,11,14.26555616590714,17.31278211805558,15.78916914198136,3.0472259521484375,462.6147918701172,18,2022-11-01
24,2022,12,13.844738127055944,18.267894865337194,16.05631649619657,4.42315673828125,462.6147918701172,19,2022-12-01
24,2023,1,13.30400085449221,18.455000305175805,15.879500579834007,5.150999450683594,462.6147918701172,20,2023-01-01
24,2023,2,13.035555352105057,18.142778862847244,15.58916710747615,5.1072235107421875,462.6147918701172,18,2023-02-01
24,2023,3,13.51473870528374,19.41736835680512,16.46605353104443,5.902629651521382,462.6147918701172,19,2023-03-01
24,2023,4,15.662631707442458,20.75315487510282,18.207893291272637,5.090523167660362,462.6147918701172,19,2023-04-01
24,2023,5,15.962223307291689,19.882779269748287,17.92250128851999,3.9205559624565973,462.6147918701172,18,2023-05-01
24,2023,6,15.244206799958905,17.765263928865153,16.504735364412028,2.52105712890625,462.6147918701172,19,2023-06-01
24,2023,7,16.147003173828146,17.58300018310549,16.865001678466818,1.4359970092773438,462.6147918701172,20,2023-07-01
24,2023,8,15.025259238795252,16.523685174239333,15.774472206517293,1.498425935444079,462.6147918701172,19,2023-08-01
24,2023,9,15.092779201931446,16.63944227430558,15.866110738118513,1.546663072374132,462.6147918701172,18,2023-09-01
24,2023,10,13.741052246093773,15.182106740851173,14.461579493472474,1.4410544947574013,462.6147918701172,19,2023-10-01
24,2023,11,15.036316239206437,17.06631341231499,16.051314825760713,2.0299971731085527,462.6147918701172,19,2023-11-01
24,2023,12,15.533500671386742,19.13600006103518,17.33475036621096,3.6024993896484374,462.6147918701172,20,2023-12-01
24,2024,1,14.848001098632835,18.897003173828146,16.87250213623049,4.049002075195313,462.6147918701172,20,2024-01-01
24,2024,2,15.311668226454016,20.01444566514759,17.663056945800804,4.702777438693577,462.6147918701172,18,2024-02-01
24,2024,3,16.300000000000022,22.49950103759768,19.39975051879885,6.199501037597656,462.6147918701172,20,2024-03-01
24,2024,4,16.19683870014394,22.639472078022226,19.418155389083083,6.442633377878289,462.6147918701172,19,2024-04-01
24,2024,5,16.212630743729463,21.27052580180923,18.74157827276935,5.05789505807977,462.6147918701172,19,2024-05-01
24,2024,6,15.090528307463016,18.31157997532897,16.701054141395993,3.2210516678659538,462.6147918701172,19,2024-06-01
24,2024,7,15.489474969161208,16.201054944490153,15.84526495682568,0.7115799753289473,462.6147918701172,19,2024-07-01
24,2024,8,15.065788188733576,15.205259945518115,15.135524067125845,0.13947175678453946,462.6147918701172,19,2024-08-01
24,2024,9,15.10526026675578,14.699472848992622,14.9023665578742,-0.4057874177631579,462.6147918701172,19,2024-09-01
24,2024,10,15.779999457465301,16.941113620334225,16.36055653889976,1.1611141628689237,462.6147918701172,18,2024-10-01
25,2020,10,13.077368806537851,15.166841527035384,14.122105166786618,2.089472720497533,411.1108703613281,19,2020-10-01
25,2020,11,13.02158106753703,15.34105353104443,14.18131729929073,2.319472463507401,411.1108703613281,19,2020-11-01
25,2020,12,12.713502502441429,15.755999755859397,14.234751129150414,3.042497253417969,411.1108703613281,20,2020-12-01
25,2021,1,12.771577855160384,16.666314697265648,14.718946276213016,3.8947368421052633,411.1108703613281,19,2021-01-01
25,2021,2,13.943527401194876,19.27999985638789,16.611763628791383,5.3364724551930145,411.1108703613281,17,2021-02-01
25,2021,3,13.41683831465874,19.11579204358555,16.266315179122145,5.698953728926809,411.1108703613281,19,2021-03-01
25,2021,4,13.794735878392293,19.54052445261104,16.667630165501667,5.74578857421875,411.1108703613281,19,2021-04-01
25,2021,5,14.013499450683616,17.861000061035178,15.937249755859398,3.8475006103515623,411.1108703613281,20,2021-05-01
25,2021,6,13.924210719058411,16.95631681743423,15.440263768246322,3.0321060983758223,411.1108703613281,19,2021-06-01
25,2021,7,14.763685045744266,17.402104749177653,16.08289489746096,2.6384197034333883,411.1108703613281,19,2021-07-01
25,2021,8,13.961578690378312,16.422105006167786,15.191841848273048,2.460526315789474,411.1108703613281,19,2021-08-01
25,2021,9,13.702105391652983,16.0731573807566,14.887631386204793,2.3710519891036186,411.1108703613281,19,2021-09-01
25,2021,10,14.099998474121117,16.453001403808617,15.276499938964866,2.3530029296875,411.1108703613281,20,2021-10-01
25,2021,11,13.799999357524694,16.141576184724528,14.970787771124611,2.3415768271998356,411.1108703613281,19,2021-11-01
25,2021,12,13.864209948088016,16.776842940481107,15.320526444284562,2.912632992393092,411.1108703613281,19,2021-12-01
25,2022,1,13.536838250411208,17.148420153166143,15.342629201788673,3.611581902754934,411.1108703613281,19,2022-01-01
25,2022,2,13.059411621093773,19.082940673828148,16.07117614746096,6.023529052734375,411.1108703613281,17,2022-02-01
25,2022,3,13.91349792480471,22.37450103759768,18.143999481201195,8.46100311279297,411.1108703613281,20,2022-03-01
25,2022,4,13.210003019634069,21.527896600020583,17.368949809827324,8.317893580386514,411.1108703613281,19,2022-04-01
25,2022,5,12.974739797491798,19.064737741570745,16.019738769531273,6.089997944078948,411.1108703613281,19,2022-05-01
25,2022,6,12.135000271267383,16.080555216471378,14.10777774386938,3.945554945203993,411.1108703613281,18,2022-06-01
25,2022,7,13.654734079461372,17.47579024465463,15.565262162058,3.8210561651932564,411.1108703613281,19,2022-07-01
25,2022,8,13.052497863769554,16.717498779296896,14.884998321533226,3.6650009155273438,411.1108703613281,20,2022-08-01
25,2022,9,12.475258596319923,15.144211939761536,13.80973526804073,2.6689533434416117,411.1108703613281,19,2022-09-01
25,2022,10,13.234209883840483,15.770524195620911,14.502367039730697,2.5363143117804277,411.1108703613281,19,2022-10-01
25,2022,11,13.59111260308162,16.223887803819466,14.907500203450544,2.6327752007378473,411.1108703613281,18,2022-11-01
25,2022,12,13.49789300215874,16.009472013774694,14.753682507966717,2.5115790116159538,411.1108703613281,19,2022-12-01
25,2023,1,13.486997985839867,16.678501892089866,15.082749938964866,3.19150390625,411.1108703613281,20,2023-01-01
25,2023,2,14.152222357855926,18.95777791341148,16.555000135633705,4.805555555555555,411.1108703613281,18,2023-02-01
25,2023,3,14.541578112150516,20.711575478001667,17.62657679507609,6.1699973658511515,411.1108703613281,19,2023-03-01
25,2023,4,15.277368164062523,20.544209048622555,17.91078860634254,5.2668408845600325,411.1108703613281,19,2023-04-01
25,2023,5,15.625555080837696,19.891668362087696,17.758611721462696,4.26611328125,411.1108703613281,18,2023-05-01
25,2023,6,15.17684165553045,18.18789544356499,16.68236854954772,3.0110537880345394,411.1108703613281,19,2023-06-01
25,2023,7,16.21100006103518,18.111499023437524,17.16124954223635,1.9004989624023438,411.1108703613281,20,2023-07-01
25,2023,8,15.597364244963016,16.912103271484398,16.254733758223708,1.3147390265213816,411.1108703613281,19,2023-08-01
25,2023,9,15.990001085069467,16.952778116862003,16.471389600965736,0.9627770317925347,411.1108703613281,18,2023-09-01
25,2023,10,14.280527536492622,15.09946995785364,14.689998747173131,0.8189424213610197,411.1108703613281,19,2023-10-01
25,2023,11,15.21789101048522,15.896317652652161,15.55710433156869,0.6784266421669408,411.1108703613281,19,2023-11-01
25,2023,12,15.709498596191429,17.116001892089866,16.412750244140646,1.4065032958984376,411.1108703613281,20,2023-12-01
25,2024,1,15.016314376027983,17.50000032123769,16.258157348632835,2.4836859452097038,411.1108703613281,19,2024-01-01
25,2024,2,14.961111111111133,20.227222696940128,17.59416690402563,5.266111585828993,411.1108703613281,18,2024-02-01
25,2024,3,15.66800231933596,23.05149841308596,19.35975036621096,7.38349609375,411.1108703613281,20,2024-03-01
25,2024,4,15.131055651213016,22.236842426500846,18.68394903885693,7.105786775287829,411.1108703613281,19,2024-04-01
25,2024,5,15.213159179687523,21.57631514699838,18.39473716334295,6.363155967310855,411.1108703613281,19,2024-05-01
25,2024,6,13.774208791632423,18.37157914011104,16.07289396587173,4.597370348478618,411.1108703613281,19,2024-06-01
25,2024,7,14.805261230468773,17.101577276932588,15.95341925370068,2.296316046463816,411.1108703613281,19,2024-07-01
25,2024,8,14.148945376747555,15.994736842105286,15.07184110942642,1.8457914653577303,411.1108703613281,19,2024-08-01
25,2024,9,14.201667616102453,16.00555826822919,15.103612942165821,1.8038906521267362,411.1108703613281,18,2024-09-01
25,2024,10,14.38500196668839,14.981668090820335,14.683335028754364,0.5966661241319444,411.1108703613281,18,2024-10-01
26,2020,10,14.527894993832259,16.017368035567458,15.272631514699858,1.4894730417351973,394.5237579345703,19,2020-10-01
26,2020,11,14.786316239206437,16.17315705951894,15.479736649362687,1.3868408203125,394.5237579345703,19,2020-11-01
26,2020,12,14.827502441406272,16.012002563476585,15.41975250244143,1.1845001220703124,394.5237579345703,20,2020-12-01
26,2021,1,14.894207121196569,15.952103785464661,15.423155453330615,1.057896664268092,394.5237579345703,19,2021-01-01
26,2021,2,16.106471521714177,17.261768296185686,16.68411990894993,1.1552967744715072,394.5237579345703,17,2021-02-01
26,2021,3,15.583155903063345,17.57631514699838,16.579735525030863,1.993159243935033,394.5237579345703,19,2021-03-01
26,2021,4,15.783160079152983,19.657368228310055,17.72026415373152,3.8742081491570723,394.5237579345703,19,2021-04-01
26,2021,5,16.150000000000023,20.56999969482424,18.359999847412134,4.419999694824218,394.5237579345703,20,2021-05-01
26,2021,6,15.456315211245911,19.07263215717519,17.26447368421055,3.616316945929276,394.5237579345703,19,2021-06-01
26,2021,7,15.821051667865976,18.371052310341305,17.096051989103643,2.5500006424753288,394.5237579345703,19,2021-07-01
26,2021,8,15.094209691097884,17.32841925370068,16.211314472399284,2.2342095626027962,394.5237579345703,19,2021-08-01
26,2021,9,15.077897242495911,16.67736848530019,15.877632863898048,1.5994712428042763,394.5237579345703,19,2021-09-01
26,2021,10,15.241999816894554,16.912500000000023,16.07724990844729,1.6705001831054687,394.5237579345703,20,2021-10-01
26,2021,11,15.037366686369266,17.21789582905019,16.127631257709726,2.1805291426809212,394.5237579345703,19,2021-11-01
26,2021,12,15.510528885690812,17.994736842105286,16.75263286389805,2.484207956414474,394.5237579345703,19,2021-12-01
26,2022,1,15.059999486019759,17.71210552014805,16.386052503083903,2.6521060341282894,394.5237579345703,19,2022-01-01
26,2022,2,14.821765854779434,18.035882568359398,16.428824211569417,3.2141167135799633,394.5237579345703,17,2022-02-01
26,2022,3,16.10950164794924,21.26100006103518,18.68525085449221,5.151498413085937,394.5237579345703,20,2022-03-01
26,2022,4,15.336845317639826,20.606837543688346,17.971841430664085,5.26999222604852,394.5237579345703,19,2022-04-01
26,2022,5,14.813685688219595,18.5678939016242,16.690789794921898,3.7542082134046053,394.5237579345703,19,2022-05-01
26,2022,6,13.479445393880232,16.23832939995662,14.858887396918426,2.758884006076389,394.5237579345703,18,2022-06-01
26,2022,7,16.506312641344596,17.9394759328742,17.222894287109398,1.4331632915296053,394.5237579345703,19,2022-07-01
26,2022,8,16.70099792480471,16.50450134277346,16.602749633789085,-0.19649658203125,394.5237579345703,20,2022-08-01
26,2022,9,14.84368446751647,15.504208534642293,15.173946501079381,0.6605240671258223,394.5237579345703,19,2022-09-01
26,2022,10,15.571667819552975,16.877223375108528,16.224445597330753,1.3055555555555556,394.5237579345703,18,2022-10-01
26,2022,11,15.438887532552107,16.928333536783878,16.18361053466799,1.4894460042317708,394.5237579345703,18,2022-11-01
26,2022,12,15.490527022512358,16.354735043174365,15.922631032843361,0.8642080206620065,394.5237579345703,19,2022-12-01
26,2023,1,15.125500488281272,16.056001281738304,15.590750885009788,0.9305007934570313,394.5237579345703,20,2023-01-01
26,2023,2,15.754446072048633,17.417776150173633,16.586111111111133,1.663330078125,394.5237579345703,18,2023-02-01
26,2023,3,15.84105353104443,19.586316881681768,17.7136852063631,3.7452633506373356,394.5237579345703,19,2023-03-01
26,2023,4,17.131049226459726,21.675786389802653,19.40341780813119,4.544737163342927,394.5237579345703,19,2023-04-01
26,2023,5,17.06055603027346,20.925554741753494,18.993055386013477,3.864998711480035,394.5237579345703,18,2023-05-01
26,2023,6,16.4089438990543,18.93579133686269,17.672367617958493,2.5268474378083883,394.5237579345703,19,2023-06-01
26,2023,7,17.577500915527366,19.55199432373049,18.56474761962893,1.974493408203125,394.5237579345703,20,2023-07-01
26,2023,8,16.708947753906273,18.42736848530019,17.56815811960323,1.7184207313939144,394.5237579345703,19,2023-08-01
26,2023,9,16.948331027560787,18.395557657877628,17.671944342719208,1.4472266303168402,394.5237579345703,18,2023-09-01
26,2023,10,15.648945376747555,16.08842098838407,15.868683182565812,0.43947561163651316,394.5237579345703,19,2023-10-01
26,2023,11,16.61420673571137,17.313685688219596,16.96394621196548,0.6994789525082237,394.5237579345703,19,2023-11-01
26,2023,12,17.256497192382835,18.15299987792971,17.704748535156273,0.896502685546875,394.5237579345703,20,2023-12-01
26,2024,1,16.68579133686269,17.99421001233555,17.340000674599118,1.308418675472862,394.5237579345703,19,2024-01-01
26,2024,2,17.225554402669292,19.31055603027346,18.268055216471378,2.0850016276041665,394.5237579345703,18,2024-02-01
26,2024,3,18.305998229980492,21.901997375488303,20.103997802734398,3.5959991455078124,394.5237579345703,20,2024-03-01
26,2024,4,17.517369641755778,22.252102821751667,19.884736231753724,4.734733179995888,394.5237579345703,19,2024-04-01
26,2024,5,17.020527407997555,22.49157907586351,19.756053241930534,5.471051667865954,394.5237579345703,19,2024-05-01
26,2024,6,15.779995888157918,20.40368363229854,18.09183976022823,4.623687744140625,394.5237579345703,19,2024-06-01
26,2024,7,16.75526540655841,19.653685238486865,18.204475322522637,2.8984198319284538,394.5237579345703,19,2024-07-01
26,2024,8,16.470001541940814,18.200526508532096,17.335264025236455,1.730524966591283,394.5237579345703,19,2024-08-01
26,2024,9,16.269998972039495,17.19578985916943,16.732894415604463,0.9257908871299342,394.5237579345703,19,2024-09-01
26,2024,10,15.807780626085092,16.01277737087676,15.910278998480926,0.20499674479166666,394.5237579345703,18,2024-10-01
27,2020,10,17.87157753392272,17.89947220651729,17.885524870220006,0.02789467259457237,449.5663757324219,19,2020-10-01
27,2020,11,17.966845381887357,18.295791144120088,18.131318263003724,0.32894576223273025,449.5663757324219,19,2020-11-01
27,2020,12,17.509498596191428,18.73149871826174,18.120498657226584,1.2220001220703125,449.5663757324219,20,2020-12-01
27,2021,1,17.274210397820745,20.538425164473708,18.906317781147226,3.2642147666529606,449.5663757324219,19,2021-01-01
27,2021,2,18.68411721622245,23.69705666934745,21.19058694278495,5.012939453125,449.5663757324219,17,2021-02-01
27,2021,3,18.933680805407096,25.294209048622555,22.113944927014824,6.360528243215461,449.5663757324219,19,2021-03-01
27,2021,4,19.166841527035384,25.843159243935055,22.50500038548522,6.676317716899671,449.5663757324219,19,2021-04-01
27,2021,5,19.653001403808616,23.571502685546896,21.612252044677756,3.918501281738281,449.5663757324219,20,2021-05-01
27,2021,6,20.038945569490153,21.230528500205615,20.634737034847884,1.1915829307154606,449.5663757324219,19,2021-06-01
27,2021,7,20.3552618729441,21.127367842824857,20.74131485788448,0.7721059698807565,449.5663757324219,19,2021-07-01
27,2021,8,19.342105584395583,20.114738384046074,19.72842198422083,0.7726327996504935,449.5663757324219,19,2021-08-01
27,2021,9,19.07736880653785,20.046839985094596,19.562104395816224,0.9694711785567435,449.5663757324219,19,2021-09-01
27,2021,10,17.41999969482424,20.215997314453148,18.817998504638695,2.7959976196289063,449.5663757324219,20,2021-10-01
27,2021,11,17.83737054122124,20.247894608347064,19.04263257478415,2.4105240671258223,449.5663757324219,19,2021-11-01
27,2021,12,17.839999871504958,20.017369641755778,18.928684756630368,2.1773697702508223,449.5663757324219,19,2021-12-01
27,2022,1,18.0273665578742,22.188944284539495,20.10815542120685,4.161577726665296,449.5663757324219,19,2022-01-01
27,2022,2,17.969413488051494,23.19823249368109,20.58382299086629,5.228819005629596,449.5663757324219,17,2022-02-01
27,2022,3,20.08900299072268,26.38249969482424,23.23575134277346,6.293496704101562,449.5663757324219,20,2022-03-01
27,2022,4,18.356847180818278,25.003686523437523,21.6802668521279,6.646839342619243,449.5663757324219,19,2022-04-01
27,2022,5,17.994208406147226,24.849473170230286,21.421840788188756,6.855264764083059,449.5663757324219,19,2022-05-01
27,2022,6,16.371179199218773,21.597648351332744,18.98441377527576,5.226469152113971,449.5663757324219,17,2022-06-01
27,2022,7,18.048944091796898,23.109474904913675,20.579209498355286,5.0605308131167765,449.5663757324219,19,2022-07-01
27,2022,8,17.278001403808616,22.285499572753928,19.781750488281272,5.007498168945313,449.5663757324219,20,2022-08-01
27,2022,9,16.30157663445726,24.082103849712194,20.191840242084726,7.780527215254934,449.5663757324219,19,2022-09-01
27,2022,10,17.21210552014805,24.503159693667786,20.857632606907917,7.291054173519737,449.5663757324219,19,2022-10-01
27,2022,11,17.986667887369816,25.257779269748287,21.62222357855905,7.271111382378472,449.5663757324219,18,2022-11-01
27,2022,12,17.61526360762749,23.377894672594596,20.49657914011104,5.762631064967105,449.5663757324219,19,2022-12-01
27,2023,1,17.15750427246096,24.74499969482424,20.9512519836426,7.587495422363281,449.5663757324219,20,2023-01-01
27,2023,2,18.399441867404537,25.81944512261287,22.109443495008705,7.420003255208333,449.5663757324219,18,2023-02-01
27,2023,3,19.42474076120479,26.75947683233966,23.092108796772226,7.334736071134868,449.5663757324219,19,2023-03-01
27,2023,4,20.58105179636104,28.868943385074036,24.72499759071754,8.287891588712993,449.5663757324219,19,2023-04-01
27,2023,5,20.256665378146725,28.7527777777778,24.50472157796226,8.496112399631077,449.5663757324219,18,2023-05-01
27,2023,6,18.810002698396403,27.35684075606499,23.083421727230697,8.546838057668586,449.5663757324219,19,2023-06-01
27,2023,7,19.71600036621096,25.074502563476585,22.395251464843774,5.358502197265625,449.5663757324219,20,2023-07-01
27,2023,8,18.539475611636536,21.007369513260713,19.773422562448626,2.4678939016241777,449.5663757324219,19,2023-08-01
27,2023,9,19.237222290039085,22.88333197699655,21.06027713351782,3.646109686957465,449.5663757324219,18,2023-09-01
27,2023,10,16.410557047526066,24.820555623372417,20.61555633544924,8.409998575846354,449.5663757324219,18,2023-10-01
27,2023,11,17.733157830489333,25.019998972039495,21.376578401264414,7.286841141550164,449.5663757324219,19,2023-11-01
27,2023,12,19.782501220703146,22.736502075195336,21.259501647949243,2.9540008544921874,449.5663757324219,20,2023-12-01
27,2024,1,20.194734593441634,25.57631514699838,22.885524870220006,5.381580553556743,449.5663757324219,19,2024-01-01
27,2024,2,21.24777798122832,28.638335164388042,24.94305657280818,7.390557183159722,449.5663757324219,18,2024-02-01
27,2024,3,22.96549987792971,30.193501281738303,26.579500579834008,7.228001403808594,449.5663757324219,20,2024-03-01
27,2024,4,22.16105282432157,29.307366943359398,25.73420988384048,7.146314119037829,449.5663757324219,19,2024-04-01
27,2024,5,21.551056229440814,27.955259945518115,24.753158087479463,6.404203716077302,449.5663757324219,19,2024-05-01
27,2024,6,19.046841591282917,25.677895315069925,22.36236845317642,6.631053723787007,449.5663757324219,19,2024-06-01
27,2024,7,18.995265278063346,25.600523617393115,22.29789444772823,6.60525833932977,449.5663757324219,19,2024-07-01
27,2024,8,19.16999929327716,19.993156352796074,19.581577823036618,0.8231570595189145,449.5663757324219,19,2024-08-01
27,2024,9,19.75388827853735,22.83777770996096,21.295832994249153,3.083889431423611,449.5663757324219,18,2024-09-01
27,2024,10,18.880000474717903,23.83555331759985,21.357776896158878,4.955552842881945,449.5663757324219,18,2024-10-01
28,2020,10,17.10105526572782,18.70947458367601,17.905264924701914,1.6084193179481907,543.58050537109375,19,2020-10-01
28,2020,11,17.220526765522226,17.126842619243444,17.173684692382835,-0.0936841462787829,543.58050537109375,19,2020-11-01
28,2020,12,17.10299987792971,17.283499145507836,17.193249511718772,0.180499267578125,543.58050537109375,20,2020-12-01
28,2021,1,16.730528500205615,18.416843133223708,17.57368581671466,1.686314633018092,543.58050537109375,19,2021-01-01
28,2021,2,17.67588106043201,20.935296630859398,19.3055888456457,3.2594155704273895,543.58050537109375,17,2021-02-01
28,2021,3,17.257369513260713,20.8026351125617,19.030002312911208,3.5452655993009867,543.58050537109375,19,2021-03-01
28,2021,4,17.394211939761536,20.883681769120088,19.138946854440814,3.4894698293585527,543.58050537109375,19,2021-04-01
28,2021,5,17.558999633789085,21.017498779296897,19.288249206542993,3.4584991455078127,543.58050537109375,20,2021-05-01
28,2021,6,16.86315950092519,20.525789280941634,18.69447439093341,3.6626297800164473,543.58050537109375,19,2021-06-01
28,2021,7,17.432630358244268,20.575793135793607,19.00421174701894,3.143162777549342,543.58050537109375,19,2021-07-01
28,2021,8,16.91894563373769,19.905264121607754,18.41210487767272,2.986318487870066,543.58050537109375,19,2021-08-01
28,2021,9,17.161057642886536,20.05420917711762,18.60763341000208,2.8931515342310856,543.58050537109375,19,2021-09-01
28,2021,10,17.122000122070336,19.96600036621096,18.544000244140648,2.844000244140625,543.58050537109375,20,2021-10-01
28,2021,11,16.833155903063346,19.877896278782917,18.35552609092313,3.0447403757195723,543.58050537109375,19,2021-11-01
28,2021,12,17.033682090357754,19.10262933028374,18.068155710320745,2.0689472399259867,543.58050537109375,19,2021-12-01
28,2022,1,16.990003405119268,18.44789396587173,17.7189486854955,1.457890560752467,543.58050537109375,19,2022-01-01
28,2022,2,16.420585363051494,19.06706076229322,17.74382306267236,2.646475399241728,543.58050537109375,17,2022-02-01
28,2022,3,17.058999633789085,21.818997192382835,19.43899841308596,4.75999755859375,543.58050537109375,20,2022-03-01
28,2022,4,16.553682347347884,21.364739990234398,18.959211168791143,4.811057642886513,543.58050537109375,19,2022-04-01
28,2022,5,16.182103528474528,20.943158922697393,18.56263122558596,4.761055394222862,543.58050537109375,19,2022-05-01
28,2022,6,15.114702292049655,19.388236730238994,17.251469511144325,4.273534438189338,543.58050537109375,17,2022-06-01
28,2022,7,16.16421380293999,19.035262579666963,17.599738191303476,2.871048776726974,543.58050537109375,19,2022-07-01
28,2022,8,15.808499145507835,18.69550018310549,17.251999664306663,2.8870010375976563,543.58050537109375,20,2022-08-01
28,2022,9,15.754208534642293,17.657368228310055,16.705788381476175,1.903159693667763,543.58050537109375,19,2022-09-01
28,2022,10,17.05333184136287,18.902222357855926,17.977777099609398,1.8488905164930556,543.58050537109375,18,2022-10-01
28,2022,11,16.865552096896725,18.725001695421028,17.795276896158878,1.8594495985243056,543.58050537109375,18,2022-11-01
28,2022,12,16.813684082031273,19.68894589072782,18.251314986379544,2.8752618086965462,543.58050537109375,19,2022-12-01
28,2023,1,17.093003845214866,20.113500976562523,18.603252410888693,3.020497131347656,543.58050537109375,20,2023-01-01
28,2023,2,16.812219238281273,20.74222547743058,18.777222357855926,3.9300062391493054,543.58050537109375,18,2023-02-01
28,2023,3,16.555262836657096,21.867894544099528,19.211578690378314,5.312631707442434,543.58050537109375,19,2023-03-01
28,2023,4,18.27263312088818,23.40947394120068,20.84105353104443,5.1368408203125,543.58050537109375,19,2023-04-01
28,2023,5,18.723157701994268,22.227891138980286,20.475524420487275,3.5047334369860197,543.58050537109375,19,2023-05-01
28,2023,6,18.30947747481499,21.256317459909564,19.782897467362275,2.9468399850945723,543.58050537109375,19,2023-06-01
28,2023,7,19.449499511718773,22.441497802734396,20.945498657226587,2.991998291015625,543.58050537109375,20,2023-07-01
28,2023,8,18.3263167531867,21.31473934775907,19.820528050472884,2.9884225945723686,543.58050537109375,19,2023-08-01
28,2023,9,18.499446275499153,21.468330213758705,19.98388824462893,2.9688839382595487,543.58050537109375,18,2023-09-01
28,2023,10,15.975556098090301,18.772776963975716,17.37416653103301,2.7972208658854165,543.58050537109375,18,2023-10-01
28,2023,11,16.678420538651338,18.39947541889394,17.538947978772637,1.7210548802425987,543.58050537109375,19,2023-11-01
28,2023,12,18.517498779296897,20.334997558593773,19.426248168945335,1.817498779296875,543.58050537109375,20,2023-12-01
28,2024,1,18.685713704427105,21.047143554687523,19.866428629557316,2.3614298502604165,543.58050537109375,21,2024-01-01
28,2024,2,19.60889078776044,21.896664767795162,20.7527777777778,2.2877739800347223,543.58050537109375,18,2024-02-01
28,2024,3,19.866502380371116,23.35499725341799,21.610749816894554,3.488494873046875,543.58050537109375,20,2024-03-01
28,2024,4,19.01210616262338,23.357896021792786,21.185001092208083,4.3457898591694075,543.58050537109375,19,2024-04-01
28,2024,5,18.493684788754134,22.616840884560055,20.555262836657096,4.123156095805921,543.58050537109375,19,2024-05-01
28,2024,6,17.410525994551833,21.075791529605286,19.243158762078558,3.6652655350534538,543.58050537109375,19,2024-06-01
28,2024,7,18.34473652086762,21.817895507812523,20.08131601434007,3.473158986944901,543.58050537109375,19,2024-07-01
28,2024,8,17.977891138980286,21.164212196751667,19.571051667865976,3.1863210577713814,543.58050537109375,19,2024-08-01
28,2024,9,18.172106612356107,19.957368870785384,19.064737741570745,1.7852622584292763,543.58050537109375,19,2024-09-01
28,2024,10,18.082220119900196,18.813887532552105,18.44805382622615,0.7316674126519097,543.58050537109375,18,2024-10-01
29,2020,10,15.945788252981108,20.32368742290298,18.134737837942044,4.377899169921875,362.69093322753906,19,2020-10-01
29,2020,11,16.282631643194925,20.814740953947393,18.54868629857116,4.5321093107524675,362.69093322753906,19,2020-11-01
29,2020,12,16.595501708984397,21.04499969482424,18.82025070190432,4.449497985839844,362.69093322753906,20,2020-12-01
29,2021,1,16.808422209087194,21.45894454152963,19.13368337530841,4.650522332442434,362.69093322753906,19,2021-01-01
29,2021,2,18.000001077091014,24.262940530216014,21.131470803653514,6.262939453125,362.69093322753906,17,2021-02-01
29,2021,3,17.92052772923522,24.524213610197393,21.222370669716305,6.603685880962171,362.69093322753906,19,2021-03-01
29,2021,4,17.930526251541963,24.75526540655841,21.34289582905019,6.824739155016448,362.69093322753906,19,2021-04-01
29,2021,5,17.221002197265648,24.707998657226586,20.964500427246115,7.486996459960937,362.69093322753906,20,2021-05-01
29,2021,6,17.026319323088018,23.606317138671898,20.316318230879958,6.579997815583882,362.69093322753906,19,2021-06-01
29,2021,7,17.818947561163675,23.766315982216305,20.79263177168999,5.947368421052632,362.69093322753906,19,2021-07-01
29,2021,8,16.946845124897226,22.717365786903805,19.832105455900518,5.770520662006579,362.69093322753906,19,2021-08-01
29,2021,9,16.60473664936269,21.946843518708903,19.275790084035794,5.3421068693462175,362.69093322753906,19,2021-09-01
29,2021,10,16.269001770019553,22.022499084472678,19.145750427246117,5.753497314453125,362.69093322753906,20,2021-10-01
29,2021,11,16.522634727076504,21.446841912520583,18.98473831979854,4.924207185444079,362.69093322753906,19,2021-11-01
29,2021,12,17.200526508532096,22.432628752055944,19.81657763029402,5.2321022435238485,362.69093322753906,19,2021-12-01
29,2022,1,17.711051860608574,23.965263286389824,20.8381575734992,6.25421142578125,362.69093322753906,19,2022-01-01
29,2022,2,17.669414924172816,24.50529318416822,21.087354054170518,6.835878259995404,362.69093322753906,17,2022-02-01
29,2022,3,19.32100219726565,27.691998291015647,23.506500244140646,8.37099609375,362.69093322753906,20,2022-03-01
29,2022,4,17.74157746967519,26.664210590563346,22.202894030119268,8.922633120888158,362.69093322753906,19,2022-04-01
29,2022,5,17.14894698293588,25.020527407997555,21.084737195466715,7.871580425061677,362.69093322753906,19,2022-05-01
29,2022,6,15.405557250976585,20.991665988498287,18.198611619737434,5.586108737521702,362.69093322753906,18,2022-06-01
29,2022,7,17.519473748458083,22.555264442845417,20.03736909565175,5.035790694387336,362.69093322753906,19,2022-07-01
29,2022,8,16.638999938964865,21.350498962402366,18.994749450683617,4.7114990234375,362.69093322753906,20,2022-08-01
29,2022,9,15.444739412006601,20.195263029399694,17.820001220703148,4.7505236173930925,362.69093322753906,19,2022-09-01
29,2022,10,16.871113077799503,21.589442613389778,19.230277845594642,4.718329535590278,362.69093322753906,18,2022-10-01
29,2022,11,16.79388834635419,21.454446411132835,19.12416737874351,4.6605580647786455,362.69093322753906,18,2022-11-01
29,2022,12,17.082107062088838,21.798420474403805,19.44026376824632,4.7163134123149675,362.69093322753906,19,2022-12-01
29,2023,1,17.166003417968774,22.574499511718773,19.870251464843772,5.40849609375,362.69093322753906,20,2023-01-01
29,2023,2,17.588889906141517,23.97388610839846,20.78138800726999,6.384996202256945,362.69093322753906,18,2023-02-01
29,2023,3,18.70684364720397,25.667898398951504,22.187371023077738,6.9610547517475325,362.69093322753906,19,2023-03-01
29,2023,4,19.287895122327324,27.70105012592519,23.494472624126256,8.413155003597861,362.69093322753906,19,2023-04-01
29,2023,5,18.98388909233943,27.01111246744794,22.997500779893684,8.027223375108507,362.69093322753906,18,2023-05-01
29,2023,6,17.982108989514824,25.045789537931768,21.513949263723294,7.063680548416941,362.69093322753906,19,2023-06-01
29,2023,7,18.942500305175805,26.553498840332054,22.74799957275393,7.61099853515625,362.69093322753906,20,2023-07-01
29,2023,8,18.690001156455615,25.10210892526729,21.896055040861455,6.412107768811677,362.69093322753906,19,2023-08-01
29,2023,9,19.33777770996096,24.57166951497398,21.954723612467472,5.2338918050130205,362.69093322753906,18,2023-09-01
29,2023,10,17.089442613389778,21.73166639539933,19.410554504394554,4.642223782009548,362.69093322753906,18,2023-10-01
29,2023,11,18.260524067125846,21.86947503340874,20.06499955026729,3.6089509662828947,362.69093322753906,19,2023-11-01
29,2023,12,19.004002380371116,22.778498840332055,20.891250610351584,3.7744964599609374,362.69093322753906,20,2023-12-01
29,2024,1,19.643158280222064,23.259997237356107,21.451577758789085,3.6168389571340462,362.69093322753906,19,2024-01-01
29,2024,2,20.115557183159744,24.98944498697919,22.552501085069466,4.873887803819445,362.69093322753906,18,2024-02-01
29,2024,3,21.81799774169924,27.83799743652346,24.82799758911135,6.019999694824219,362.69093322753906,20,2024-03-01
29,2024,4,20.231578947368444,27.96263556229443,24.09710725483144,7.731056614925987,362.69093322753906,19,2024-04-01
29,2024,5,19.20841610557157,27.665791079872555,23.437103592722064,8.457374974300986,362.69093322753906,19,2024-05-01
29,2024,6,17.12579056589229,24.489471756784564,20.807631161338428,7.36368119089227,362.69093322753906,19,2024-06-01
29,2024,7,17.693158922697393,23.165786261307588,20.42947259200249,5.472627338610198,362.69093322753906,19,2024-07-01
29,2024,8,18.50368331106088,21.974736585115153,20.239209948088018,3.471053274054276,362.69093322753906,19,2024-08-01
29,2024,9,18.174737548828148,21.511579332853643,19.843158440840895,3.3368417840254936,362.69093322753906,19,2024-09-01
29,2024,10,18.588884819878494,21.83277791341148,20.21083136664499,3.243893093532986,362.69093322753906,18,2024-10-01
30,2020,10,13.873683246813345,17.655260909231107,15.764472078022226,3.7815776624177633,484.16246032714844,19,2020-10-01
30,2020,11,14.457367264597062,17.922106612356107,16.189736938476585,3.4647393477590462,484.16246032714844,19,2020-11-01
30,2020,12,14.511497497558617,18.517002868652366,16.514250183105492,4.00550537109375,484.16246032714844,20,2020-12-01
30,2021,1,14.422631835937523,19.30578806023851,16.864209948088018,4.883156224300987,484.16246032714844,19,2021-01-01
30,2021,2,15.716471234489912,20.938233498966014,18.327352366727965,5.221762264476103,484.16246032714844,17,2021-02-01
30,2021,3,15.636842747738509,20.768945312500023,18.202894030119268,5.132102564761513,484.16246032714844,19,2021-03-01
30,2021,4,16.115790437397226,21.132099673622555,18.623945055509893,5.016309236225329,484.16246032714844,19,2021-04-01
30,2021,5,15.41099548339846,20.35749969482424,17.88424758911135,4.946504211425781,484.16246032714844,20,2021-05-01
30,2021,6,14.392103014494266,19.285792621813346,16.838947818153805,4.893689607319079,484.16246032714844,19,2021-06-01
30,2021,7,15.269998972039497,19.52789499383226,17.39894698293588,4.257896021792763,484.16246032714844,19,2021-07-01
30,2021,8,14.725790244654627,18.707370476973708,16.716580360814167,3.9815802323190788,484.16246032714844,19,2021-08-01
30,2021,9,15.281582802220418,18.22632028680101,16.753951544510713,2.944737484580592,484.16246032714844,19,2021-09-01
30,2021,10,15.81750183105471,18.132502746582055,16.97500228881838,2.3150009155273437,484.16246032714844,20,2021-10-01
30,2021,11,15.56210841128703,17.735785554584726,16.64894698293588,2.1736771432976973,484.16246032714844,19,2021-11-01
30,2021,12,15.636317524157095,18.284210526315814,16.960264025236455,2.647893002158717,484.16246032714844,19,2021-12-01
30,2022,1,15.462632349917786,19.49052862870068,17.47658048930923,4.027896278782895,484.16246032714844,19,2022-01-01
30,2022,2,15.141765998391566,21.033529124540465,18.087647561466014,5.891763126148897,484.16246032714844,17,2022-02-01
30,2022,3,16.712498474121116,24.289500427246118,20.500999450683615,7.577001953125,484.16246032714844,20,2022-03-01
30,2022,4,15.577895636307588,23.03210481342519,19.305000224866387,7.4542091771175985,484.16246032714844,19,2022-04-01
30,2022,5,15.225260202508247,20.301053017064167,17.763156609786208,5.075792814555921,484.16246032714844,19,2022-05-01
30,2022,6,14.083886718750023,17.937777031792557,16.01083187527129,3.853890313042535,484.16246032714844,18,2022-06-01
30,2022,7,16.191051603618444,19.286844675164495,17.73894813939147,3.0957930715460527,484.16246032714844,19,2022-07-01
30,2022,8,15.293000793457054,17.996499633789085,16.64475021362307,2.7034988403320313,484.16246032714844,20,2022-08-01
30,2022,9,14.517371247944101,16.8431624563117,15.6802668521279,2.325791208367599,484.16246032714844,19,2022-09-01
30,2022,10,15.641663275824676,18.191669718424503,16.916666497124588,2.5500064425998263,484.16246032714844,18,2022-10-01
30,2022,11,15.553335232204883,18.153892347547767,16.853613789876324,2.600557115342882,484.16246032714844,18,2022-11-01
30,2022,12,15.555267655222062,18.530522717927653,17.042895186574857,2.975255062705592,484.16246032714844,19,2022-12-01
30,2023,1,14.849998474121117,19.100004577636742,16.97500152587893,4.250006103515625,484.16246032714844,20,2023-01-01
30,2023,2,15.492774793836828,20.27889065212676,17.885832722981792,4.78611585828993,484.16246032714844,18,2023-02-01
30,2023,3,15.5678939016242,22.026846152857754,18.797370027240976,6.458952251233552,484.16246032714844,19,2023-03-01
30,2023,4,16.443684146278805,22.191581645764824,19.317632896021816,5.74789749948602,484.16246032714844,19,2023-04-01
30,2023,5,16.45999891493058,21.325553724500892,18.892776319715736,4.8655548095703125,484.16246032714844,18,2023-05-01
30,2023,6,16.17473915501647,19.991052246093773,18.08289570055512,3.8163130910773027,484.16246032714844,19,2023-06-01
30,2023,7,17.492002868652367,20.695001220703148,19.093502044677756,3.2029983520507814,484.16246032714844,20,2023-07-01
30,2023,8,16.503158087479463,19.33263067948193,17.917894383480697,2.829472592002467,484.16246032714844,19,2023-08-01
30,2023,9,16.892219373914955,19.677774047851585,18.28499671088327,2.785554673936632,484.16246032714844,18,2023-09-01
30,2023,10,15.093686073704793,18.101575670744268,16.597630872224528,3.007889597039474,484.16246032714844,19,2023-10-01
30,2023,11,16.026841334292786,18.606315532483574,17.31657843338818,2.5794741981907894,484.16246032714844,19,2023-11-01
30,2023,12,16.650999450683617,19.93649597167971,18.293747711181663,3.2854965209960936,484.16246032714844,20,2023-12-01
30,2024,1,16.27894704718341,20.365790437397226,18.32236874229032,4.086843390213816,484.16246032714844,19,2024-01-01
30,2024,2,17.00666876898874,23.007221476237003,20.00694512261287,6.000552707248264,484.16246032714844,18,2024-02-01
30,2024,3,18.20649871826174,26.939001464843773,22.572750091552756,8.732502746582032,484.16246032714844,20,2024-03-01
30,2024,4,17.038945569490153,25.783683696546074,21.411314633018115,8.744738127055921,484.16246032714844,19,2024-04-01
30,2024,5,16.516315982216305,23.93105147512338,20.22368372866984,7.414735492907073,484.16246032714844,19,2024-05-01
30,2024,6,15.111050575657918,21.208420924136536,18.159735749897226,6.097370348478618,484.16246032714844,19,2024-06-01
30,2024,7,16.205788381476175,20.476845510382425,18.3413169459293,4.27105712890625,484.16246032714844,19,2024-07-01
30,2024,8,15.987372468647226,18.52684454666943,17.25710850765833,2.5394720780222038,484.16246032714844,19,2024-08-01
30,2024,9,15.394738769531273,18.197367136101995,16.796052952816634,2.802628366570724,484.16246032714844,19,2024-09-01
30,2024,10,15.046668836805578,18.683889431423633,16.865279134114605,3.6372205946180554,484.16246032714844,18,2024-10-01
31,2020,10,11.748423044305122,14.540527664987687,13.144475354646405,2.792104620682566,885.0867614746094,19,2020-10-01
31,2020,11,13.002634470086372,14.718421052631601,13.860527761358986,1.7157865825452303,885.0867614746094,19,2020-11-01
31,2020,12,12.376499938964866,14.899502563476585,13.638001251220725,2.5230026245117188,885.0867614746094,20,2020-12-01
31,2021,1,12.164210590563345,16.322630550986865,14.243420570775106,4.15841996042352,885.0867614746094,19,2021-01-01
31,2021,2,12.717061839384215,17.464710190716936,15.090886015050573,4.747648351332721,885.0867614746094,17,2021-02-01
31,2021,3,12.135789088199036,17.441051603618444,14.78842034590874,5.3052625154194075,885.0867614746094,19,2021-03-01
31,2021,4,12.699999678762358,18.7163169459293,15.708158312345828,6.016317267166941,885.0867614746094,19,2021-04-01
31,2021,5,12.853001403808616,18.478497314453147,15.665749359130881,5.625495910644531,885.0867614746094,20,2021-05-01
31,2021,6,11.868418161492622,16.437368613795254,14.152893387643937,4.568950452302632,885.0867614746094,19,2021-06-01
31,2021,7,12.08263067948193,16.3989485891242,14.240789634303065,4.31631790964227,885.0867614746094,19,2021-07-01
31,2021,8,11.687368613795252,15.924207506681766,13.805788060238509,4.236838892886513,885.0867614746094,19,2021-08-01
31,2021,9,11.531052760074036,15.747367778577326,13.63921026932568,4.216315018503289,885.0867614746094,19,2021-09-01
31,2021,10,11.155003356933616,15.279496765136741,13.217250061035179,4.124493408203125,885.0867614746094,20,2021-10-01
31,2021,11,11.297371633429298,15.442632092927655,13.370001863178476,4.145260459498355,885.0867614746094,19,2021-11-01
31,2021,12,12.328950902035384,15.309999486019759,13.819475194027572,2.981048583984375,885.0867614746094,19,2021-12-01
31,2022,1,12.018948524876668,14.656312962582259,13.337630743729463,2.637364437705592,885.0867614746094,19,2022-01-01
31,2022,2,11.317645981732559,15.418237304687523,13.367941643210042,4.100591322954963,885.0867614746094,17,2022-02-01
31,2022,3,12.597001647949241,18.22500152587893,15.411001586914086,5.627999877929687,885.0867614746094,20,2022-03-01
31,2022,4,12.371050704152983,18.20947458367601,15.290262643914497,5.8384238795230265,885.0867614746094,19,2022-04-01
31,2022,5,12.411581260279627,16.844209691097884,14.627895475688756,4.432628430818257,885.0867614746094,19,2022-05-01
31,2022,6,11.004444376627626,13.64666646321617,12.325555419921898,2.6422220865885415,885.0867614746094,18,2022-06-01
31,2022,7,12.164734207956437,14.923161878083905,13.54394804302017,2.758427670127467,885.0867614746094,19,2022-07-01
31,2022,8,11.771998596191429,14.462001037597679,13.116999816894554,2.69000244140625,885.0867614746094,20,2022-08-01
31,2022,9,10.833154296875023,13.717894222861865,12.275524259868444,2.884739925986842,885.0867614746094,19,2022-09-01
31,2022,10,11.686838571648872,14.472107254831437,13.079472913240155,2.785268683182566,885.0867614746094,19,2022-10-01
31,2022,11,12.084997219509571,15.01611226399742,13.550554741753494,2.9311150444878473,885.0867614746094,18,2022-11-01
31,2022,12,12.068419125205615,15.489996980365976,13.779208052785796,3.4215778551603617,885.0867614746094,19,2022-12-01
31,2023,1,12.01449890136721,15.612495422363304,13.813497161865257,3.5979965209960936,885.0867614746094,20,2023-01-01
31,2023,2,12.03111504448787,16.085555013020855,14.058335028754364,4.054439968532986,885.0867614746094,18,2023-02-01
31,2023,3,12.133684981496733,17.047366814864333,14.590525898180532,4.9136818333675985,885.0867614746094,19,2023-03-01
31,2023,4,13.506844289679298,18.11684249074838,15.811843390213838,4.609998201069079,885.0867614746094,19,2023-04-01
31,2023,5,13.79277784559464,17.641673448350716,15.717225646972679,3.8488956027560763,885.0867614746094,18,2023-05-01
31,2023,6,13.74947349146795,16.308423815275518,15.028948653371733,2.558950323807566,885.0867614746094,19,2023-06-01
31,2023,7,14.80400085449221,16.16399841308596,15.483999633789086,1.35999755859375,885.0867614746094,20,2023-07-01
31,2023,8,13.027896600020583,14.830524966591305,13.929210783305944,1.8026283665707237,885.0867614746094,19,2023-08-01
31,2023,9,12.828888617621551,14.918890041775196,13.873889329698374,2.090001424153646,885.0867614746094,18,2023-09-01
31,2023,10,12.204739540501668,14.64999903628703,13.427369288394349,2.4452594957853617,885.0867614746094,19,2023-10-01
31,2023,11,13.092103978207259,15.366840884560055,14.229472431383657,2.2747369063527962,885.0867614746094,19,2023-11-01
31,2023,12,13.81249694824221,16.408499145507836,15.110498046875023,2.596002197265625,885.0867614746094,20,2023-12-01
31,2024,1,13.081907435825915,16.507142275855678,14.794524855840796,3.425234840029762,885.0867614746094,21,2024-01-01
31,2024,2,13.442219034830751,18.148333062065994,15.795276048448374,4.706114027235243,885.0867614746094,18,2024-02-01
31,2024,3,13.721002197265648,19.14049987792971,16.43075103759768,5.419497680664063,885.0867614746094,20,2024-03-01
31,2024,4,13.474208149157095,19.26473870528374,16.369473427220417,5.790530556126645,885.0867614746094,19,2024-04-01
31,2024,5,13.62105552271795,19.296844803659564,16.458950163188756,5.675789280941612,885.0867614746094,19,2024-05-01
31,2024,6,12.867370926706437,18.205264764083083,15.536317845394759,5.337893837376645,885.0867614746094,19,2024-06-01
31,2024,7,13.283160079152983,18.535264185855286,15.909212132504134,5.252104106702302,885.0867614746094,19,2024-07-01
31,2024,8,12.804210783305944,17.780000706722884,15.292105745014414,4.975789923416941,885.0867614746094,19,2024-08-01
31,2024,9,13.048422080592127,16.627366236636536,14.837894158614333,3.578944156044408,885.0867614746094,19,2024-09-01
31,2024,10,13.224442206488739,15.540555148654537,14.382498677571638,2.3161129421657987,885.0867614746094,18,2024-10-01
32,2020,10,10.161052824321569,10.606904654291153,10.383978739306361,0.44585182996958467,1051.1854858398438,19,2020-10-01
32,2020,11,10.446840306332259,10.862619398759302,10.65472985254578,0.41577909242704136,1051.1854858398438,19,2020-11-01
32,2020,12,10.158001708984397,10.58003896741619,10.369020338200293,0.4220372584317914,1051.1854858398438,20,2020-12-01
32,2021,1,9.877367842824858,11.138122750216274,10.507745296520566,1.2607549073914164,1051.1854858398438,19,2021-01-01
32,2021,2,9.757059613396162,12.482621887768955,11.119840750582558,2.725562274372792,1051.1854858398438,17,2021-02-01
32,2021,3,9.523158344469595,12.10934069040551,10.816249517437553,2.5861823459359154,1051.1854858398438,19,2021-03-01
32,2021,4,10.390000513980286,12.574807196007086,11.482403854993686,2.1848066820267995,1051.1854858398438,19,2021-04-01
32,2021,5,10.996502685546897,12.53835541107207,11.767429048309484,1.5418527255251717,1051.1854858398438,20,2021-05-01
32,2021,6,10.692105263157918,12.08809133287753,11.390098298017724,1.3959860697196136,1051.1854858398438,19,2021-06-01
32,2021,7,11.093157637746733,12.61657041575612,11.854864026751427,1.5234127780093865,1051.1854858398438,19,2021-07-01
32,2021,8,10.607365979646405,11.482369301869985,11.044867640758195,0.8750033222235809,1051.1854858398438,19,2021-08-01
32,2021,9,10.283683696546076,10.879807933259022,10.581745814902549,0.5961242367129461,1051.1854858398438,19,2021-09-01
32,2021,10,10.808004760742211,11.599851346596498,11.203928053669355,0.7918465858542874,1051.1854858398438,20,2021-10-01
32,2021,11,10.908948717619266,12.614966638684441,11.761957678151854,1.706017921065175,1051.1854858398438,19,2021-11-01
32,2021,12,11.155787739000845,12.900734307076553,12.028261023038699,1.7449465680757072,1051.1854858398438,19,2021-12-01
32,2022,1,8.771049419202326,11.310570620702878,10.040810019952602,2.539521201500553,1051.1854858398438,19,2022-01-01
32,2022,2,8.364118867761972,10.842980333362013,9.603549600561992,2.478861465600042,1051.1854858398438,17,2022-02-01
32,2022,3,9.676501464843772,12.669601287384253,11.173051376114014,2.9930998225404806,1051.1854858398438,20,2022-03-01
32,2022,4,10.09368446751647,12.81585106587016,11.454767766693315,2.72216659835369,1051.1854858398438,19,2022-04-01
32,2022,5,10.343159243935055,12.779326125081349,11.561242684508201,2.436166881146293,1051.1854858398438,19,2022-05-01
32,2022,6,10.03110995822485,10.771391684829613,10.401250821527231,0.7402817266047634,1051.1854858398438,18,2022-06-01
32,2022,7,11.091578754625845,11.579161881116027,11.335370317870936,0.4875831264901828,1051.1854858398438,19,2022-07-01
32,2022,8,11.599502563476586,12.227216893482586,11.913359728479586,0.6277143300060004,1051.1854858398438,20,2022-08-01
32,2022,9,10.141050961143115,11.809534422369822,10.975292691756469,1.6684834612267063,1051.1854858398438,19,2022-09-01
32,2022,10,10.40842188784953,12.496150522660272,11.4522862052549,2.0877286348107424,1051.1854858398438,19,2022-10-01
32,2022,11,10.675000339084225,12.796528342053907,11.735764340569066,2.121528002969683,1051.1854858398438,18,2022-11-01
32,2022,12,9.499475097656273,13.36616800223735,11.43282154994681,3.8666929045810763,1051.1854858398438,19,2022-12-01
32,2023,1,8.629495239257835,12.742478603708415,10.685986921483124,4.11298336445058,1051.1854858398438,20,2023-01-01
32,2023,2,8.805556233723982,12.870560406489801,10.83805832010689,4.06500417276582,1051.1854858398438,18,2023-02-01
32,2023,3,9.50210442793999,13.415065558767926,11.458584993353957,3.9129611308279366,1051.1854858398438,19,2023-03-01
32,2023,4,11.39683966385693,14.054839673538048,12.725839668697489,2.6580000096811167,1051.1854858398438,19,2023-04-01
32,2023,5,11.998327297634571,14.161929736139358,13.080128516886965,2.1636024385047867,1051.1854858398438,18,2023-05-01
32,2023,6,11.622104363692458,12.705456995903681,12.16378067979807,1.083352632211224,1051.1854858398438,19,2023-06-01
32,2023,7,12.285002136230492,13.260324522562495,12.772663329396494,0.9753223863320045,1051.1854858398438,20,2023-07-01
32,2023,8,11.499998715049365,12.197916768260747,11.848957741655056,0.6979180532113823,1051.1854858398438,19,2023-08-01
32,2023,9,11.605557590060787,12.042546217728873,11.82405190389483,0.4369886276680859,1051.1854858398438,18,2023-09-01
32,2023,10,11.363681512129958,11.404324996633656,11.384003254381806,0.04064348450369954,1051.1854858398438,19,2023-10-01
32,2023,11,12.049472527754958,12.231328783438533,12.140400655596745,0.18185625568357686,1051.1854858398438,19,2023-11-01
32,2023,12,10.955500793457054,13.784467340838598,12.369984067147826,2.828966547381543,1051.1854858398438,20,2023-12-01
32,2024,1,9.66049957275393,12.958004204896213,11.30925188882507,3.297504632142284,1051.1854858398438,20,2024-01-01
32,2024,2,10.350556098090301,13.361745257207682,11.85615067764899,3.011189159117382,1051.1854858398438,18,2024-02-01
32,2024,3,10.989004516601586,14.427156568974237,12.708080542787911,3.438152052372652,1051.1854858398438,20,2024-03-01
32,2024,4,11.331051796361043,14.904552003377944,13.117801899869493,3.5735002070169015,1051.1854858398438,19,2024-04-01
32,2024,5,11.58737054122124,14.678663943438915,13.133017242330078,3.091293402217676,1051.1854858398438,19,2024-05-01
32,2024,6,10.916314697265648,13.514179232796694,12.21524696503117,2.597864535531046,1051.1854858398438,19,2024-06-01
32,2024,7,11.371579140111043,13.67794674569063,12.524762942900836,2.3063676055795876,1051.1854858398438,19,2024-07-01
32,2024,8,10.861053788034562,12.85674658474469,11.858900186389626,1.9956927967101263,1051.1854858398438,19,2024-08-01
32,2024,9,12.075786711040319,13.25255181728954,12.66416926416493,1.1767651062492213,1051.1854858398438,19,2024-09-01
32,2024,10,12.5366641574436,13.039092263536471,12.787878210490035,0.5024281060928723,1051.1854858398438,18,2024-10-01
33,2020,10,17.21210552014805,19.349474776418607,18.28079014828333,2.137369256270559,810.50048828125,19,2020-10-01
33,2020,11,17.91578947368423,20.408948717619268,19.16236909565175,2.493159243935033,810.50048828125,19,2020-11-01
33,2020,12,17.74950103759768,20.709497070312523,19.229499053955102,2.9599960327148436,810.50048828125,20,2020-12-01
33,2021,1,17.281054366262357,21.562105198910384,19.42157978258637,4.2810508326480265,810.50048828125,19,2021-01-01
33,2021,2,17.82235466452208,24.535880773207744,21.179117718864912,6.713526108685662,810.50048828125,17,2021-02-01
33,2021,3,17.378946725945745,23.403685238486865,20.391315982216305,6.024738512541118,810.50048828125,19,2021-03-01
33,2021,4,17.65368363229854,22.947367136101995,20.30052538420027,5.293683503803454,810.50048828125,19,2021-04-01
33,2021,5,17.326501464843773,22.155499267578147,19.74100036621096,4.828997802734375,810.50048828125,20,2021-05-01
33,2021,6,17.254210140830615,19.7973716334293,18.525790887129958,2.543161492598684,810.50048828125,19,2021-06-01
33,2021,7,17.95368266858555,19.221055201480286,18.587368935032917,1.267372532894737,810.50048828125,19,2021-07-01
33,2021,8,17.019475354646403,18.27052580180923,17.64500057822782,1.251050447162829,810.50048828125,19,2021-08-01
33,2021,9,17.011579332853643,19.207367264597064,18.10947329872535,2.1957879317434212,810.50048828125,19,2021-09-01
33,2021,10,17.402001953125023,20.868997192382835,19.13549957275393,3.4669952392578125,810.50048828125,20,2021-10-01
33,2021,11,17.665265856291143,21.08105179636104,19.37315882632609,3.415785940069901,810.50048828125,19,2021-11-01
33,2021,12,18.586315275493444,21.812108411287028,20.199211843390238,3.2257931357935856,810.50048828125,19,2021-12-01
33,2022,1,18.363683118318278,22.928945762232754,20.646314440275518,4.5652626439144735,810.50048828125,19,2022-01-01
33,2022,2,17.445882640165465,24.15235021254598,20.79911642635572,6.7064675723805145,810.50048828125,17,2022-02-01
33,2022,3,18.77199859619143,27.223498535156274,22.997748565673852,8.451499938964844,810.50048828125,20,2022-03-01
33,2022,4,16.79315378289476,25.654210462068278,21.22368212248152,8.86105667917352,810.50048828125,19,2022-04-01
33,2022,5,16.244741660670254,25.297896857010713,20.77131925884048,9.05315519634046,810.50048828125,19,2022-05-01
33,2022,6,15.677645694508294,18.60294404871326,17.140294871610777,2.9252983542049633,810.50048828125,17,2022-06-01
33,2022,7,17.649473812705615,19.717365786903805,18.68341979980471,2.067891974198191,810.50048828125,19,2022-07-01
33,2022,8,16.91199645996096,20.181997680664086,18.54699707031252,3.270001220703125,810.50048828125,20,2022-08-01
33,2022,9,16.01842169510693,19.229474840666143,17.623948267886536,3.2110531455592106,810.50048828125,19,2022-09-01
33,2022,10,17.725001695421028,20.482780287000892,19.10389099121096,2.757778591579861,810.50048828125,18,2022-10-01
33,2022,11,17.592779201931446,20.395554267035614,18.994166734483528,2.8027750651041665,810.50048828125,18,2022-11-01
33,2022,12,17.786844675164495,20.991052246093773,19.388948460629134,3.204207570929276,810.50048828125,19,2022-12-01
33,2023,1,17.545501708984396,23.165501403808616,20.355501556396508,5.619999694824219,810.50048828125,20,2023-01-01
33,2023,2,17.291665649414085,23.963886515299503,20.627776082356792,6.672220865885417,810.50048828125,18,2023-02-01
33,2023,3,17.671581388774694,25.04842208059213,21.36000173468341,7.376840691817434,810.50048828125,19,2023-03-01
33,2023,4,19.00263447008637,25.301578240645583,22.152106355365976,6.298943770559211,810.50048828125,19,2023-04-01
33,2023,5,19.287221950954883,24.530557250976585,21.908889600965736,5.243335300021702,810.50048828125,18,2023-05-01
33,2023,6,17.99789300215874,22.49631893760282,20.247105969880778,4.498425935444079,810.50048828125,19,2023-06-01
33,2023,7,20.007502746582055,22.710501098632836,21.359001922607444,2.7029983520507814,810.50048828125,20,2023-07-01
33,2023,8,18.83105179636104,21.14947220651729,19.990262001439167,2.31842041015625,810.50048828125,19,2023-08-01
33,2023,9,19.564996337890648,21.890000067816864,20.727498202853756,2.325003729926215,810.50048828125,18,2023-09-01
33,2023,10,16.858332994249153,19.32444491916235,18.091388956705753,2.4661119249131946,810.50048828125,18,2023-10-01
33,2023,11,18.143158280222064,20.664739026521403,19.40394865337173,2.521580746299342,810.50048828125,19,2023-11-01
33,2023,12,19.797496032714868,23.48000183105471,21.638748931884788,3.682505798339844,810.50048828125,20,2023-12-01
33,2024,1,20.312103592722064,23.908947111430944,22.110525352076504,3.5968435187088814,810.50048828125,19,2024-01-01
33,2024,2,20.790556844075542,25.677224731445335,23.23389078776044,4.886667887369792,810.50048828125,18,2024-02-01
33,2024,3,21.929499816894555,29.43050231933596,25.680001068115256,7.501002502441406,810.50048828125,20,2024-03-01
33,2024,4,21.52947548314147,28.74315956517272,25.136317524157096,7.21368408203125,810.50048828125,19,2024-04-01
33,2024,5,21.756834652549365,27.888420024671074,24.82262733861022,6.131585372121711,810.50048828125,19,2024-05-01
33,2024,6,19.081578626130778,24.731052117598708,21.906315371864743,5.649473491467927,810.50048828125,19,2024-06-01
33,2024,7,18.724209755345417,21.33842098838407,20.031315371864743,2.614211233038651,810.50048828125,19,2024-07-01
33,2024,8,18.94104999743012,21.611579011615976,20.27631450452305,2.6705290141858553,810.50048828125,19,2024-08-01
33,2024,9,18.62944268120662,21.298332044813392,19.963887363010006,2.668889363606771,810.50048828125,18,2024-09-01
33,2024,10,18.69333462185332,20.16111314561634,19.427223883734833,1.4677785237630208,810.50048828125,18,2024-10-01
34,2020,10,13.316840242084726,14.658950323807588,13.987895282946157,1.342110081722862,836.64892578125,19,2020-10-01
34,2020,11,13.332632285670252,14.647894929584726,13.99026360762749,1.3152626439144737,836.64892578125,19,2020-11-01
34,2020,12,12.67649841308596,14.607498168945336,13.641998291015648,1.930999755859375,836.64892578125,20,2020-12-01
34,2021,1,11.307893773129134,15.106842362253312,13.207368067691224,3.7989485891241777,836.64892578125,19,2021-01-01
34,2021,2,11.781177475873184,15.951763556985316,13.866470516429251,4.170586081112132,836.64892578125,17,2021-02-01
34,2021,3,11.111053788034562,14.880003597861865,12.995528692948213,3.7689498098273027,836.64892578125,19,2021-03-01
34,2021,4,11.741049033717127,15.74105063990545,13.741049836811289,4.000001606188323,836.64892578125,19,2021-04-01
34,2021,5,12.22450103759768,14.657998657226585,13.441249847412132,2.4334976196289064,836.64892578125,20,2021-05-01
34,2021,6,12.080529785156273,13.761052503083905,12.920791144120088,1.6805227179276316,836.64892578125,19,2021-06-01
34,2021,7,13.002634470086372,14.497372597142293,13.750003533614333,1.494738127055921,836.64892578125,19,2021-07-01
34,2021,8,12.21947792454772,13.606310713918608,12.912894319233164,1.386832789370888,836.64892578125,19,2021-08-01
34,2021,9,11.73947657534953,13.14736809981499,12.443422337582259,1.4078915244654606,836.64892578125,19,2021-09-01
34,2021,10,12.170503234863304,13.561999511718772,12.866251373291039,1.3914962768554688,836.64892578125,20,2021-10-01
34,2021,11,12.734733501233576,13.595791786595418,13.165262643914497,0.8610582853618421,836.64892578125,19,2021-11-01
34,2021,12,13.16210487767272,13.837897370990976,13.500001124331849,0.6757924933182565,836.64892578125,19,2021-12-01
34,2022,1,11.772631514699858,13.034737356085548,12.403684435392703,1.2621058413856907,836.64892578125,19,2022-01-01
34,2022,2,11.293531709558847,13.28058507582723,12.287058392693037,1.9870533662683822,836.64892578125,17,2022-02-01
34,2022,3,12.175000000000022,15.323997497558617,13.74949874877932,3.148997497558594,836.64892578125,20,2022-03-01
34,2022,4,11.830523360402983,15.471053595291963,13.650788477847474,3.6405302348889803,836.64892578125,19,2022-04-01
34,2022,5,11.581051796361043,15.37368645918999,13.477369127775516,3.7926346628289473,836.64892578125,19,2022-05-01
34,2022,6,11.373156417043608,14.00157599198193,12.68736620451277,2.6284195749383223,836.64892578125,19,2022-06-01
34,2022,7,13.195263029399694,15.906314568770583,14.550788799085138,2.7110515393708883,836.64892578125,19,2022-07-01
34,2022,8,12.63849792480471,13.994001770019555,13.316249847412132,1.3555038452148438,836.64892578125,20,2022-08-01
34,2022,9,11.946837093955615,11.528423429790319,11.737630261872967,-0.4184136641652961,836.64892578125,19,2022-09-01
34,2022,10,12.44210686934624,11.71684056332239,12.079473716334315,-0.7252663060238487,836.64892578125,19,2022-10-01
34,2022,11,12.66332906087242,11.919446139865475,12.291387600368946,-0.7438829210069444,836.64892578125,18,2022-11-01
34,2022,12,12.132106098375845,13.76315821597453,12.947632157175187,1.6310521175986843,836.64892578125,19,2022-12-01
34,2023,1,11.339500427246117,13.49499969482424,12.41725006103518,2.155499267578125,836.64892578125,20,2023-01-01
34,2023,2,11.663334147135439,13.635554673936655,12.649444410536047,1.9722205268012152,836.64892578125,18,2023-02-01
34,2023,3,12.127894672594595,14.605791915090483,13.366843293842539,2.4778972424958883,836.64892578125,19,2023-03-01
34,2023,4,12.814734529194101,16.307892166940814,14.561313348067458,3.4931576377467106,836.64892578125,19,2023-04-01
34,2023,5,13.669441053602453,17.004998779296898,15.337219916449676,3.3355577256944446,836.64892578125,18,2023-05-01
34,2023,6,13.215791722347884,16.147371312191634,14.681581517269759,2.93157958984375,836.64892578125,19,2023-06-01
34,2023,7,13.862998962402367,16.00000152587893,14.931500244140647,2.1370025634765626,836.64892578125,20,2023-07-01
34,2023,8,13.343157637746733,14.93473607113489,14.138946854440812,1.591578433388158,836.64892578125,19,2023-08-01
34,2023,9,13.414441257052975,14.975003390842037,14.194722323947506,1.5605621337890625,836.64892578125,18,2023-09-01
34,2023,10,12.332220119900196,13.98333638509117,13.157778252495682,1.6511162651909723,836.64892578125,18,2023-10-01
34,2023,11,12.896842876233576,14.698947625411208,13.79789525082239,1.8021047491776316,836.64892578125,19,2023-11-01
34,2023,12,13.233998107910178,16.650000000000023,14.9419990539551,3.416001892089844,836.64892578125,20,2023-12-01
34,2024,1,12.951578561883247,16.23052689401729,14.59105272795027,3.2789483321340462,836.64892578125,19,2024-01-01
34,2024,2,13.262219577365475,16.990001085069466,15.12611033121747,3.727781507703993,836.64892578125,18,2024-02-01
34,2024,3,13.926502990722678,18.93249969482424,16.42950134277346,5.0059967041015625,836.64892578125,20,2024-03-01
34,2024,4,13.730526894017293,18.922103399979463,16.32631514699838,5.191576505962171,836.64892578125,19,2024-04-01
34,2024,5,14.15421046206828,18.549999357524694,16.352104909796488,4.395788895456414,836.64892578125,19,2024-05-01
34,2024,6,12.70052329615545,15.961053466796898,14.330788381476173,3.2605301706414473,836.64892578125,19,2024-06-01
34,2024,7,13.675262772409562,16.52263312088818,15.098947946648872,2.8473703484786186,836.64892578125,19,2024-07-01
34,2024,8,13.06210198653374,15.394735557154627,14.228418771844185,2.3326335706208883,836.64892578125,19,2024-08-01
34,2024,9,13.03277486165367,13.48999938964846,13.261387125651064,0.4572245279947917,836.64892578125,18,2024-09-01
34,2024,10,12.773887464735266,14.393329874674501,13.583608669704883,1.6194424099392362,836.64892578125,18,2024-10-01
35,2020,10,12.493156352796076,15.196843518708905,13.84499993575249,2.7036871659128288,705.2720642089844,19,2020-10-01
35,2020,11,12.138950066817458,14.963686009457259,13.551318038137358,2.8247359426398027,705.2720642089844,19,2020-11-01
35,2020,12,11.239500427246117,15.782000732421897,13.510750579834006,4.542500305175781,705.2720642089844,20,2020-12-01
35,2021,1,10.964738062808411,17.327367200349528,14.14605263157897,6.362629137541118,705.2720642089844,19,2021-01-01
35,2021,2,12.033529124540465,17.828239171645244,14.930884148092854,5.794710047104779,705.2720642089844,17,2021-02-01
35,2021,3,12.021576248972062,17.59158196700249,14.806579107987275,5.570005718030427,705.2720642089844,19,2021-03-01
35,2021,4,12.807365337171076,18.978419574938346,15.89289245605471,6.17105423776727,705.2720642089844,19,2021-04-01
35,2021,5,13.382997131347679,18.255500793457053,15.819248962402366,4.872503662109375,705.2720642089844,20,2021-05-01
35,2021,6,12.875262129934233,16.10473343698604,14.489997783460138,3.229471307051809,705.2720642089844,19,2021-06-01
35,2021,7,13.291582930715483,15.336840499074858,14.31421171489517,2.045257568359375,705.2720642089844,19,2021-07-01
35,2021,8,13.04894569798522,16.162630101254134,14.605787899619678,3.1136844032689144,705.2720642089844,19,2021-08-01
35,2021,9,12.562632028680122,17.13631270559213,14.849472367136125,4.573680676912007,705.2720642089844,19,2021-09-01
35,2021,10,12.76499938964846,16.46849822998049,14.616748809814476,3.7034988403320313,705.2720642089844,20,2021-10-01
35,2021,11,12.636315917968773,16.43421405993012,14.535264988949447,3.797898141961349,705.2720642089844,19,2021-11-01
35,2021,12,12.281576377467127,16.963682797080615,14.622629587273872,4.682106419613487,705.2720642089844,19,2021-12-01
35,2022,1,11.0999983938117,15.929999421772226,13.514998907791963,4.8300010279605265,705.2720642089844,19,2022-01-01
35,2022,2,10.744703584558847,15.942942181755537,13.343822883157191,5.198238597196691,705.2720642089844,17,2022-02-01
35,2022,3,12.13600006103518,18.06850280761721,15.102251434326195,5.932502746582031,705.2720642089844,20,2022-03-01
35,2022,4,11.748943449321569,17.82684358295644,14.787893516139002,6.077900133634868,705.2720642089844,19,2022-04-01
35,2022,5,12.232107383326502,16.688420667146403,14.460264025236453,4.4563132838199015,705.2720642089844,19,2022-05-01
35,2022,6,11.4549991183811,14.78666924370662,13.12083418104386,3.331670125325521,705.2720642089844,18,2022-06-01
35,2022,7,12.908418675472884,16.353684596011536,14.63105163574221,3.445265920538651,705.2720642089844,19,2022-07-01
35,2022,8,12.450001525878928,16.197497558593774,14.323749542236351,3.7474960327148437,705.2720642089844,20,2022-08-01
35,2022,9,11.212633956106108,16.0494757401316,13.631054848118856,4.836841784025493,705.2720642089844,19,2022-09-01
35,2022,10,11.734209883840483,17.0305259303043,14.38236790707239,5.296316046463816,705.2720642089844,19,2022-10-01
35,2022,11,12.081665717230926,17.51722106933596,14.799443393283443,5.435555352105035,705.2720642089844,18,2022-11-01
35,2022,12,11.224736585115155,16.002631257709726,13.61368392141244,4.777894672594573,705.2720642089844,19,2022-12-01
35,2023,1,10.851000976562522,16.397001647949242,13.624001312255881,5.546000671386719,705.2720642089844,20,2023-01-01
35,2023,2,11.240555487738739,17.023889160156273,14.132222323947506,5.783333672417535,705.2720642089844,18,2023-02-01
35,2023,3,11.833687551398048,18.61315950092519,15.223423526161618,6.779471949527138,705.2720642089844,19,2023-03-01
35,2023,4,13.802633506373377,19.166319515830615,16.484476511101995,5.363686009457237,705.2720642089844,19,2023-04-01
35,2023,5,14.432778930664085,18.43832973904082,16.435554334852455,4.005550808376736,705.2720642089844,18,2023-05-01
35,2023,6,14.059999486019759,18.46736739309213,16.263683439555944,4.407367907072368,705.2720642089844,19,2023-06-01
35,2023,7,14.944000244140648,23.365998840332054,19.15499954223635,8.421998596191406,705.2720642089844,20,2023-07-01
35,2023,8,14.161051218133247,21.974736585115153,18.0678939016242,7.8136853669819075,705.2720642089844,19,2023-08-01
35,2023,9,14.131665378146725,21.41444464789499,17.773055013020855,7.282779269748264,705.2720642089844,18,2023-09-01
35,2023,10,12.845260138260713,18.416844739412028,15.631052438836372,5.571584601151316,705.2720642089844,19,2023-10-01
35,2023,11,13.653685238486865,18.251579204358574,15.95263222142272,4.597893965871711,705.2720642089844,19,2023-11-01
35,2023,12,14.089001464843772,14.776000976562523,14.432501220703148,0.68699951171875,705.2720642089844,20,2023-12-01
35,2024,1,13.24619082496282,14.749518694196452,13.997854759579635,1.503327869233631,705.2720642089844,21,2024-01-01
35,2024,2,13.834997219509571,19.166111246744816,16.500554233127193,5.331114027235243,705.2720642089844,18,2024-02-01
35,2024,3,14.502000427246116,21.37900085449221,17.940500640869164,6.877000427246093,705.2720642089844,20,2024-03-01
35,2024,4,14.21262913754114,21.11789615028785,17.665262643914495,6.905267012746711,705.2720642089844,19,2024-04-01
35,2024,5,14.225790244654627,18.633158151726995,16.429474198190814,4.407367907072368,705.2720642089844,19,2024-05-01
35,2024,6,13.627896278782918,16.039475611636536,14.833685945209726,2.4115793328536186,705.2720642089844,19,2024-06-01
35,2024,7,14.490001798930944,14.720001541940812,14.605001670435877,0.22999974300986842,705.2720642089844,19,2024-07-01
35,2024,8,13.968946276213016,14.256845895867622,14.112896086040319,0.28789961965460525,705.2720642089844,19,2024-08-01
35,2024,9,13.722629266036208,17.359474904913675,15.54105208547494,3.636845638877467,705.2720642089844,19,2024-09-01
35,2024,10,14.11443990071617,16.939443630642383,15.526941765679275,2.825003729926215,705.2720642089844,18,2024-10-01
36,2020,10,15.512104556435055,20.096317010176833,17.804210783305944,4.5842124537417765,670.7474670410156,19,2020-10-01
36,2020,11,15.304210783305944,18.015262322676833,16.659736552991387,2.7110515393708883,670.7474670410156,19,2020-11-01
36,2020,12,16.256001281738303,18.828001403808617,17.54200134277346,2.5720001220703126,670.7474670410156,20,2020-12-01
36,2021,1,16.12052548057157,19.551053017064167,17.835789248817868,3.430527536492599,670.7474670410156,19,2021-01-01
36,2021,2,17.202355957031273,19.560587445427412,18.381471701229344,2.3582314883961395,670.7474670410156,17,2021-02-01
36,2021,3,15.291056100945747,18.835264828330615,17.06316046463818,3.5442087273848686,670.7474670410156,19,2021-03-01
36,2021,4,15.958420924136536,19.46473966899673,17.711580296566634,3.5063187448601973,670.7474670410156,19,2021-04-01
36,2021,5,15.892999267578148,19.26349792480471,17.57824859619143,3.3704986572265625,670.7474670410156,20,2021-05-01
36,2021,6,16.03473735608555,17.869471821032096,16.95210458855882,1.834734464946546,670.7474670410156,19,2021-06-01
36,2021,7,16.87262958727387,18.218947882401338,17.545788734837604,1.346318295127467,670.7474670410156,19,2021-07-01
36,2021,8,16.263685045744268,17.352104106702324,16.807894576223294,1.0884190609580593,670.7474670410156,19,2021-08-01
36,2021,9,16.031049547697393,17.014737099095417,16.522893323396403,0.9836875513980263,670.7474670410156,19,2021-09-01
36,2021,10,15.959498596191429,16.894996643066428,16.42724761962893,0.935498046875,670.7474670410156,20,2021-10-01
36,2021,11,16.217894222861865,19.165262643914495,17.69157843338818,2.9473684210526314,670.7474670410156,19,2021-11-01
36,2021,12,16.377366236636536,19.215263286389824,17.79631476151318,2.8378970497532894,670.7474670410156,19,2021-12-01
36,2022,1,15.747369384765648,18.868944991262357,17.308157188014004,3.1215756064967106,670.7474670410156,19,2022-01-01
36,2022,2,15.383529842601126,19.562942684398,17.47323626349956,4.179412841796875,670.7474670410156,17,2022-02-01
36,2022,3,16.51249694824221,22.483995056152366,19.498246002197288,5.971498107910156,670.7474670410156,20,2022-03-01
36,2022,4,15.06841591282897,20.972627659847884,18.020521786338428,5.904211747018914,670.7474670410156,19,2022-04-01
36,2022,5,14.815793007298543,19.264211875514004,17.040002441406273,4.448418868215461,670.7474670410156,19,2022-05-01
36,2022,6,13.2644473605686,15.56999952528214,14.41722344292537,2.3055521647135415,670.7474670410156,18,2022-06-01
36,2022,7,15.456316817434233,15.926314825760713,15.691315821597474,0.46999800832648025,670.7474670410156,19,2022-07-01
36,2022,8,14.780999755859398,15.09350280761721,14.937251281738304,0.3125030517578125,670.7474670410156,20,2022-08-01
36,2022,9,14.720003148129134,17.12157753392272,15.920790341025928,2.4015743857935856,670.7474670410156,19,2022-09-01
36,2022,10,15.392107833059233,18.66157804790298,17.026842940481107,3.26947021484375,670.7474670410156,19,2022-10-01
36,2022,11,16.098333401150196,19.342224799262176,17.720279100206184,3.243891398111979,670.7474670410156,18,2022-11-01
36,2022,12,16.013685045744268,19.085790051912028,17.549737548828148,3.0721050061677633,670.7474670410156,19,2022-12-01
36,2023,1,15.603999328613304,19.022001647949242,17.313000488281272,3.4180023193359377,670.7474670410156,20,2023-01-01
36,2023,2,15.623335774739607,19.917220052083355,17.77027791341148,4.29388427734375,670.7474670410156,18,2023-02-01
36,2023,3,15.917368356805122,21.435789730674365,18.676579043739743,5.518421373869243,670.7474670410156,19,2023-03-01
36,2023,4,16.836840499074857,21.4768439041941,19.15684220163448,4.640003405119243,670.7474670410156,19,2023-04-01
36,2023,5,17.211667209201412,20.741667683919292,18.976667446560352,3.530000474717882,670.7474670410156,18,2023-05-01
36,2023,6,16.704214316920254,18.91789679276318,17.811055554841715,2.2136824758429277,670.7474670410156,19,2023-06-01
36,2023,7,18.119500732421898,19.58850250244143,18.854001617431663,1.4690017700195313,670.7474670410156,20,2023-07-01
36,2023,8,17.278421823601995,18.470001541940814,17.874211682771403,1.1915797183388157,670.7474670410156,19,2023-08-01
36,2023,9,17.84277750651044,18.953334214952278,18.39805586073136,1.1105567084418402,670.7474670410156,18,2023-09-01
36,2023,10,15.77111036512589,16.88611246744794,16.328611416286915,1.1150021023220487,670.7474670410156,18,2023-10-01
36,2023,11,16.66105282432157,18.28316007915298,17.472106451737275,1.6221072548314144,670.7474670410156,19,2023-11-01
36,2023,12,18.43549957275393,21.238996887207055,19.837248229980492,2.803497314453125,670.7474670410156,20,2023-12-01
36,2024,1,18.524738833778805,20.929999421772226,19.727369127775518,2.4052605879934212,670.7474670410156,19,2024-01-01
36,2024,2,18.420002237955753,22.445555623372417,20.432778930664085,4.025553385416667,670.7474670410156,18,2024-02-01
36,2024,3,19.14600067138674,24.3205017089844,21.73325119018557,5.174501037597656,670.7474670410156,20,2024-03-01
36,2024,4,18.07263376336351,23.600001606188346,20.836317684775928,5.527367842824836,670.7474670410156,19,2024-04-01
36,2024,5,19.69368093390216,23.17526116622124,21.4344710500617,3.4815802323190788,670.7474670410156,19,2024-05-01
36,2024,6,18.973686137952324,21.404208855879958,20.188947496916143,2.4305227179276314,670.7474670410156,19,2024-06-01
36,2024,7,20.002106034128314,21.984733501233574,20.993419767680944,1.982627467105263,670.7474670410156,19,2024-07-01
36,2024,8,19.718422658819925,18.10473664936269,18.911579654091305,-1.613686009457237,670.7474670410156,19,2024-08-01
36,2024,9,17.58833380805124,18.415002441406273,18.001668124728756,0.8266686333550347,670.7474670410156,18,2024-09-01
36,2024,10,17.005553181966167,17.94166632758249,17.47360975477433,0.9361131456163194,670.7474670410156,18,2024-10-01
37,2020,10,14.473681319387358,19.2247397974918,16.84921055843958,4.751058478104441,604.7735595703125,19,2020-10-01
37,2020,11,15.222104042454793,17.616317267166963,16.41921065481088,2.3942132247121712,604.7735595703125,19,2020-11-01
37,2020,12,15.032501220703148,16.191003417968773,15.61175231933596,1.158502197265625,604.7735595703125,20,2020-12-01
37,2021,1,14.458944541529627,15.664737420333083,15.061840980931356,1.205792878803454,604.7735595703125,19,2021-01-01
37,2021,2,15.494120160271162,18.605295697380537,17.04970792882585,3.111175537109375,604.7735595703125,17,2021-02-01
37,2021,3,15.017893259148872,18.551581453022226,16.78473735608555,3.5336881938733553,604.7735595703125,19,2021-03-01
37,2021,4,15.438422273334726,19.253153268914495,17.345787771124613,3.8147309955797697,604.7735595703125,19,2021-04-01
37,2021,5,15.58100280761721,18.85299987792971,17.21700134277346,3.2719970703125,604.7735595703125,20,2021-05-01
37,2021,6,15.207367264597062,17.16210487767272,16.184736071134893,1.954737613075658,604.7735595703125,19,2021-06-01
37,2021,7,16.20368266858555,16.83684853001647,16.52026559930101,0.633165861430921,604.7735595703125,19,2021-07-01
37,2021,8,15.367372532894759,15.749468672902983,15.558420602898872,0.3820961400082237,604.7735595703125,19,2021-08-01
37,2021,9,14.489471756784562,15.145262386924365,14.817367071854463,0.6557906301398027,604.7735595703125,19,2021-09-01
37,2021,10,14.773999023437522,15.12549743652346,14.949748229980491,0.3514984130859375,604.7735595703125,20,2021-10-01
37,2021,11,14.511055715460548,16.710523424650518,15.610789570055532,2.199467709189967,604.7735595703125,19,2021-11-01
37,2021,12,14.943684146278805,18.06263202868012,16.503158087479463,3.118947882401316,604.7735595703125,19,2021-12-01
37,2022,1,14.372631193462194,19.052103464226995,16.712367328844596,4.679472270764802,604.7735595703125,19,2022-01-01
37,2022,2,13.87529548196234,19.86411886776197,16.869707174862157,5.988823385799632,604.7735595703125,17,2022-02-01
37,2022,3,15.349998474121117,22.15099792480471,18.750498199462914,6.800999450683594,604.7735595703125,20,2022-03-01
37,2022,4,14.728949617084726,20.93579133686269,17.832370476973708,6.206841719777961,604.7735595703125,19,2022-04-01
37,2022,5,14.49105063990545,17.80684171977798,16.148946179841715,3.315791079872533,604.7735595703125,19,2022-05-01
37,2022,6,13.417781236436655,14.23611009385853,13.826945665147592,0.818328857421875,604.7735595703125,18,2022-06-01
37,2022,7,15.291054494757423,15.95263222142272,15.621843358090072,0.661577726665296,604.7735595703125,19,2022-07-01
37,2022,8,14.598500061035178,16.470503234863305,15.534501647949241,1.872003173828125,604.7735595703125,20,2022-08-01
37,2022,9,13.855787096525516,17.043685431229463,15.44973626387749,3.1878983347039473,604.7735595703125,19,2022-09-01
37,2022,10,14.823331027560787,17.84611070421009,16.33472086588544,3.0227796766493054,604.7735595703125,18,2022-10-01
37,2022,11,14.958332316080751,17.542776150173633,16.250554233127193,2.584443834092882,604.7735595703125,18,2022-11-01
37,2022,12,14.823682604338016,18.211051860608574,16.517367232473294,3.387369256270559,604.7735595703125,19,2022-12-01
37,2023,1,14.562500000000023,18.16200103759768,16.362250518798852,3.599501037597656,604.7735595703125,20,2023-01-01
37,2023,2,14.857778591579883,18.961111111111133,16.90944485134551,4.10333251953125,604.7735595703125,18,2023-02-01
37,2023,3,14.71578850997124,20.301053017064167,17.508420763517705,5.585264507092927,604.7735595703125,19,2023-03-01
37,2023,4,15.909470728824036,21.360526958264824,18.63499884354443,5.451056229440789,604.7735595703125,19,2023-04-01
37,2023,5,16.073887125651066,22.360004679362003,19.216945902506534,6.2861175537109375,604.7735595703125,18,2023-05-01
37,2023,6,15.335786839535384,21.989471756784564,18.662629298159974,6.653684917249177,604.7735595703125,19,2023-06-01
37,2023,7,16.02400054931643,20.42550201416018,18.224751281738303,4.40150146484375,604.7735595703125,20,2023-07-01
37,2023,8,15.07315577456828,17.682101922286208,16.377628848427243,2.6089461477179277,604.7735595703125,19,2023-08-01
37,2023,9,15.30888604058162,16.852775404188392,16.080830722385006,1.5438893636067708,604.7735595703125,18,2023-09-01
37,2023,10,14.342632414165319,14.154734079461372,14.248683246813345,-0.18789833470394737,604.7735595703125,19,2023-10-01
37,2023,11,16.083682732833083,15.30473761307568,15.694210172954381,-0.7789451197574013,604.7735595703125,19,2023-11-01
37,2023,12,16.905500793457055,18.399998474121116,17.652749633789085,1.4944976806640624,604.7735595703125,20,2023-12-01
37,2024,1,16.704207892166963,19.490525416324036,18.0973666542455,2.7863175241570723,604.7735595703125,19,2024-01-01
37,2024,2,16.792777845594642,22.255002170138912,19.523890007866775,5.4622243245442705,604.7735595703125,18,2024-02-01
37,2024,3,17.63750152587893,24.778999328613303,21.208250427246117,7.141497802734375,604.7735595703125,20,2024-03-01
37,2024,4,17.09947638260693,23.99210751182157,20.54579194721425,6.892631129214638,604.7735595703125,19,2024-04-01
37,2024,5,16.768416876541963,22.506314247532917,19.63736556203744,5.737897370990954,604.7735595703125,19,2024-05-01
37,2024,6,15.3905257375617,20.001577598170254,17.696051667865976,4.611051860608552,604.7735595703125,19,2024-06-01
37,2024,7,15.922631835937523,19.384737034847884,17.653684435392705,3.4621051989103617,604.7735595703125,19,2024-07-01
37,2024,8,15.814737741570747,18.748949874074857,17.281843807822803,2.9342121325041117,604.7735595703125,19,2024-08-01
37,2024,9,16.165791079872555,18.36105218184624,17.263421630859398,2.195261101973684,604.7735595703125,19,2024-09-01
37,2024,10,15.878332180447071,17.655557250976585,16.76694471571183,1.7772250705295138,604.7735595703125,18,2024-10-01
38,2020,10,18.352105712890648,19.77789499383226,19.065000353361455,1.425789280941612,895.37481689453125,19,2020-10-01
38,2020,11,18.85894807514394,20.252636076274694,19.555792075709316,1.3936880011307566,895.37481689453125,19,2020-11-01
38,2020,12,18.902000427246115,21.147499084472678,20.024749755859396,2.2454986572265625,895.37481689453125,20,2020-12-01
38,2021,1,19.17368228310035,22.603684596011536,20.888683439555944,3.430002312911184,895.37481689453125,19,2021-01-01
38,2021,2,20.32294347426473,23.858236155790465,22.090589815027595,3.5352926815257355,895.37481689453125,17,2021-02-01
38,2021,3,18.9042120682566,23.187897049753314,21.046054559004958,4.283684981496711,895.37481689453125,19,2021-03-01
38,2021,4,19.16947567588407,24.121575927734398,21.64552580180923,4.952100251850329,895.37481689453125,19,2021-04-01
38,2021,5,18.789500427246118,23.990998840332054,21.390249633789086,5.201498413085938,895.37481689453125,20,2021-05-01
38,2021,6,18.511574514288675,21.554210783305944,20.032892648797308,3.0426362690172697,895.37481689453125,19,2021-06-01
38,2021,7,19.128423108552653,20.943158922697393,20.035791015625023,1.814735814144737,895.37481689453125,19,2021-07-01
38,2021,8,18.151052695826504,19.91578786749591,19.033420281661208,1.764735171669408,895.37481689453125,19,2021-08-01
38,2021,9,18.1136847245066,19.81263202868012,18.963158376593363,1.6989473041735197,895.37481689453125,19,2021-09-01
38,2021,10,19.103002929687523,20.156997680664084,19.630000305175805,1.0539947509765626,895.37481689453125,20,2021-10-01
38,2021,11,19.04158132452716,20.08947464792354,19.56552798622535,1.0478933233963816,895.37481689453125,19,2021-11-01
38,2021,12,19.370527086759893,19.535794228001667,19.453160657380778,0.16526714124177633,895.37481689453125,19,2021-12-01
38,2022,1,20.11947503340874,21.759473619963018,20.93947432668588,1.6399985865542763,895.37481689453125,19,2022-01-01
38,2022,2,19.7711748908548,23.464710190716936,21.61794254078587,3.6935352998621322,895.37481689453125,17,2022-02-01
38,2022,3,20.80099792480471,26.820001220703148,23.81049957275393,6.019003295898438,895.37481689453125,20,2022-03-01
38,2022,4,18.7589483963816,25.118421373869268,21.938684885125433,6.359472977487664,895.37481689453125,19,2022-04-01
38,2022,5,18.151052695826504,24.6710577713816,21.411055233604053,6.5200050755550985,895.37481689453125,19,2022-05-01
38,2022,6,17.156470085592854,23.849411190257374,20.502940637925114,6.692941104664522,895.37481689453125,17,2022-06-01
38,2022,7,19.01473228053045,25.85579191509048,22.435262097810465,6.8410596345600325,895.37481689453125,19,2022-07-01
38,2022,8,18.13949890136721,24.959503173828146,21.54950103759768,6.820004272460937,895.37481689453125,20,2022-08-01
38,2022,9,17.839998265316634,20.0794761256168,18.959737195466715,2.2394778603001644,895.37481689453125,19,2022-09-01
38,2022,10,19.49277818467884,18.901666259765648,19.197222222222244,-0.5911119249131944,895.37481689453125,18,2022-10-01
38,2022,11,19.197776624891517,19.59944220648874,19.398609415690128,0.4016655815972222,895.37481689453125,18,2022-11-01
38,2022,12,19.41000237715874,21.65842349403785,20.534212935598294,2.2484211168791117,895.37481689453125,19,2022-12-01
38,2023,1,19.83149871826174,22.294000244140648,21.062749481201195,2.4625015258789063,895.37481689453125,20,2023-01-01
38,2023,2,20.7755557590061,23.594444105360267,22.18499993218318,2.8188883463541665,895.37481689453125,18,2023-02-01
38,2023,3,19.812103592722064,25.785262579666963,22.79868308619451,5.9731589869449015,895.37481689453125,19,2023-03-01
38,2023,4,20.707890881990153,26.81105314555923,23.759472013774694,6.103162263569079,895.37481689453125,19,2023-04-01
38,2023,5,20.643334960937523,26.342223103841167,23.492779032389347,5.6988881429036455,895.37481689453125,18,2023-05-01
38,2023,6,19.250527151007425,24.872631193462194,22.061579172234808,5.62210404245477,895.37481689453125,19,2023-06-01
38,2023,7,21.90449829101565,25.34599761962893,23.625247955322287,3.4414993286132813,895.37481689453125,20,2023-07-01
38,2023,8,20.515265535053476,22.05263029399673,21.283947914525104,1.5373647589432566,895.37481689453125,19,2023-08-01
38,2023,9,21.154441663954017,22.657218763563392,21.905830213758705,1.502777099609375,895.37481689453125,18,2023-09-01
38,2023,10,18.91888665093318,19.858332994249153,19.388609822591167,0.9394463433159722,895.37481689453125,18,2023-10-01
38,2023,11,20.348422723067458,21.220525159333903,20.78447394120068,0.8721024362664473,895.37481689453125,19,2023-11-01
38,2023,12,22.293498229980493,23.134504699707055,22.714001464843772,0.8410064697265625,895.37481689453125,20,2023-12-01
38,2024,1,21.833682732833083,24.390522525185055,23.11210262900907,2.556839792351974,895.37481689453125,19,2024-01-01
38,2024,2,22.771666463216167,26.52278035481773,24.64722340901695,3.7511138916015625,895.37481689453125,18,2024-02-01
38,2024,3,24.17450103759768,29.303495788574242,26.73899841308596,5.128994750976562,895.37481689453125,20,2024-03-01
38,2024,4,22.417891974198213,28.923155453330615,25.670523713764414,6.5052634791324015,895.37481689453125,19,2024-04-01
38,2024,5,21.46526649876647,27.61316110711351,24.53921380293999,6.147894608347039,895.37481689453125,19,2024-05-01
38,2024,6,19.668422016344596,25.171581388774694,22.420001702559645,5.5031593724300985,895.37481689453125,19,2024-06-01
38,2024,7,20.438420667146403,25.77052580180923,23.10447323447782,5.332105134662829,895.37481689453125,19,2024-07-01
38,2024,8,20.74316117136104,25.70315423262749,23.223157701994268,4.959993061266448,895.37481689453125,19,2024-08-01
38,2024,9,20.802224731445335,23.007775878906273,21.905000305175804,2.2055511474609375,895.37481689453125,18,2024-09-01
38,2024,10,19.846665106879364,22.552219645182316,21.199442376030838,2.7055545383029513,895.37481689453125,18,2024-10-01
40,2020,10,16.846842233758245,18.580001349198213,17.71342179147823,1.733159115439967,777.6642761230469,19,2020-10-01
40,2020,11,17.2352667557566,18.96210552014805,18.098686137952324,1.7268387643914473,777.6642761230469,19,2020-11-01
40,2020,12,17.303001403808615,19.61650085449221,18.459751129150412,2.3134994506835938,777.6642761230469,20,2020-12-01
40,2021,1,17.506314247532917,20.601052053351175,19.053683150442044,3.0947378058182564,777.6642761230469,19,2021-01-01
40,2021,2,19.34117323931528,22.97882726332723,21.160000251321254,3.6376540240119484,777.6642761230469,17,2021-02-01
40,2021,3,18.405789345189167,23.754738576788675,21.08026396098892,5.348949231599507,777.6642761230469,19,2021-03-01
40,2021,4,18.453157445004134,25.200528114720417,21.826842779862275,6.7473706697162825,777.6642761230469,19,2021-04-01
40,2021,5,17.64850006103518,24.948498535156272,21.298499298095727,7.299998474121094,777.6642761230469,20,2021-05-01
40,2021,6,17.310526315789495,21.74474005448193,19.527633185135713,4.434213738692434,777.6642761230469,19,2021-06-01
40,2021,7,18.889998907791963,20.727367521587194,19.80868321468958,1.8373686137952303,777.6642761230469,19,2021-07-01
40,2021,8,18.26263138620479,20.0563116776316,19.159471531918197,1.7936802914268093,777.6642761230469,19,2021-08-01
40,2021,9,18.23473831979854,19.856313926295254,19.045526123046898,1.6215756064967106,777.6642761230469,19,2021-09-01
40,2021,10,17.990502929687523,19.329499816894554,18.66000137329104,1.3389968872070313,777.6642761230469,20,2021-10-01
40,2021,11,18.358946468955615,19.686314954255778,19.022630711605697,1.3273684853001644,777.6642761230469,19,2021-11-01
40,2021,12,18.789472399259893,20.09052509508637,19.43999874717313,1.3010526958264803,777.6642761230469,19,2021-12-01
40,2022,1,19.023685174239333,21.89210622687091,20.45789570055512,2.8684210526315788,777.6642761230469,19,2022-01-01
40,2022,2,18.653527832031273,23.122356818704066,20.88794232536767,4.468828986672794,777.6642761230469,17,2022-02-01
40,2022,3,18.926002502441428,27.227996826171896,23.076999664306662,8.301994323730469,777.6642761230469,20,2022-03-01
40,2022,4,16.585788445723708,25.19894280684624,20.892365626284974,8.613154361122533,777.6642761230469,19,2022-04-01
40,2022,5,16.30684171977798,25.091578754625846,20.699210237201914,8.784737034847861,777.6642761230469,19,2022-05-01
40,2022,6,15.083529483570794,23.82999482996326,19.456762156767027,8.746465346392464,777.6642761230469,17,2022-06-01
40,2022,7,16.915262643914495,21.462632349917786,19.188947496916143,4.547369706003289,777.6642761230469,19,2022-07-01
40,2022,8,15.917500305175803,20.4955017089844,18.2065010070801,4.578001403808594,777.6642761230469,20,2022-08-01
40,2022,9,16.033685302734398,19.718947882401338,17.876316592567868,3.685262579666941,777.6642761230469,19,2022-09-01
40,2022,10,17.927366879111865,20.839999871504958,19.38368337530841,2.912632992393092,777.6642761230469,19,2022-10-01
40,2022,11,18.59888610839846,21.480557590060787,20.039721849229622,2.8816714816623263,777.6642761230469,18,2022-11-01
40,2022,12,18.29473427220397,20.73473671361022,19.514735492907096,2.44000244140625,777.6642761230469,19,2022-12-01
40,2023,1,19.686500549316428,19.480497741699242,19.583499145507837,-0.2060028076171875,777.6642761230469,20,2023-01-01
40,2023,2,18.923332044813392,24.46055840386287,21.69194522433813,5.5372263590494795,777.6642761230469,18,2023-02-01
40,2023,3,18.155260909231107,25.570526444284564,21.862893676757835,7.415265535053454,777.6642761230469,19,2023-03-01
40,2023,4,18.808422209087194,26.96105507298522,22.884738641036208,8.152632863898026,777.6642761230469,19,2023-04-01
40,2023,5,19.264443969726585,26.84388800726999,23.054165988498287,7.579444037543403,777.6642761230469,18,2023-05-01
40,2023,6,18.384206992701504,25.575789923416963,21.97999845805923,7.191582930715461,777.6642761230469,19,2023-06-01
40,2023,7,20.06749725341799,26.192500305175805,23.129998779296898,6.125003051757813,777.6642761230469,20,2023-07-01
40,2023,8,18.89789814196137,24.708422530324857,21.803160336143115,5.810524388363487,777.6642761230469,19,2023-08-01
40,2023,9,19.96333380805124,25.27499966091582,22.619166734483528,5.311665852864583,777.6642761230469,18,2023-09-01
40,2023,10,17.889405373966014,21.77293952493109,19.83117244944855,3.8835341509650734,777.6642761230469,17,2023-10-01
40,2023,11,18.877367842824857,22.744735235916963,20.81105153937091,3.8673673930921053,777.6642761230469,19,2023-11-01
40,2023,12,20.72500152587893,24.744001770019555,22.73450164794924,4.019000244140625,777.6642761230469,20,2023-12-01
40,2024,1,20.576313540810055,24.445788252981107,22.511050896895583,3.8694747121710527,777.6642761230469,19,2024-01-01
40,2024,2,21.08444959852433,26.506109280056446,23.795279439290386,5.421659681532118,777.6642761230469,18,2024-02-01
40,2024,3,21.04449920654299,29.125503540039084,25.08500137329104,8.081004333496093,777.6642761230469,20,2024-03-01
40,2024,4,19.74421001233555,28.049469315378314,23.89683966385693,8.305259303042764,777.6642761230469,19,2024-04-01
40,2024,5,19.030524324115976,26.715785297594596,22.873154810855286,7.685260973478618,777.6642761230469,19,2024-05-01
40,2024,6,17.1757896021793,24.507893130653805,20.841841366416553,7.332103528474507,777.6642761230469,19,2024-06-01
40,2024,7,17.981578947368444,25.308422209087194,21.64500057822782,7.32684326171875,777.6642761230469,19,2024-07-01
40,2024,8,18.15526251541943,24.36263106496713,21.258946790193278,6.207368549547698,777.6642761230469,19,2024-08-01
40,2024,9,18.024996270073807,22.473335096571205,20.249165683322506,4.4483388264973955,777.6642761230469,18,2024-09-01
40,2024,10,19.087779405381966,21.358332994249153,20.22305619981556,2.2705535888671875,777.6642761230469,18,2024-10-01
41,2020,10,15.533155260588016,15.774735621402161,15.653945440995088,0.24158036081414475,1134.3453979492188,19,2020-10-01
41,2020,11,16.921054559004958,16.59473652086762,16.75789553993629,-0.3263180381373355,1134.3453979492188,19,2020-11-01
41,2020,12,16.644502258300804,17.230500793457054,16.93750152587893,0.58599853515625,1134.3453979492188,20,2020-12-01
41,2021,1,16.454737934313346,18.211578690378314,17.33315831234583,1.756840756064967,1134.3453979492188,19,2021-01-01
41,2021,2,17.49941226734837,19.55058845071234,18.525000359030354,2.0511761833639706,1134.3453979492188,17,2021-02-01
41,2021,3,16.618419767680944,19.026839728104463,17.822629747892705,2.4084199604235197,1134.3453979492188,19,2021-03-01
41,2021,4,16.50420853464229,18.971053595291963,17.73763106496713,2.4668450606496712,1134.3453979492188,19,2021-04-01
41,2021,5,16.37399597167971,18.855999755859397,17.614997863769553,2.4820037841796876,1134.3453979492188,20,2021-05-01
41,2021,6,15.848951159025516,18.35947811729032,17.104214638157917,2.5105269582648027,1134.3453979492188,19,2021-06-01
41,2021,7,16.255263800370088,18.78315847296466,17.519211136667376,2.5278946725945723,1134.3453979492188,19,2021-07-01
41,2021,8,15.45895257247124,17.719476318359398,16.58921444541532,2.260523745888158,1134.3453979492188,19,2021-08-01
41,2021,9,17.057896985505778,17.017896471525518,17.037896728515648,-0.04000051398026316,1134.3453979492188,19,2021-09-01
41,2021,10,17.13000183105471,17.084500122070335,17.107250976562522,-0.045501708984375,1134.3453979492188,20,2021-10-01
41,2021,11,16.623683246813346,17.086315275493444,16.854999261153395,0.4626320286800987,1134.3453979492188,19,2021-11-01
41,2021,12,16.539472399259893,17.541579718338838,17.040526058799365,1.0021073190789473,1134.3453979492188,19,2021-12-01
41,2022,1,17.305791272615153,18.207368870785384,17.75658007170027,0.9015775981702303,1134.3453979492188,19,2022-01-01
41,2022,2,17.12470667221969,17.760585291245427,17.44264598173256,0.6358786190257353,1134.3453979492188,17,2022-02-01
41,2022,3,17.843499755859398,18.961001586914087,18.402250671386742,1.1175018310546876,1134.3453979492188,20,2022-03-01
41,2022,4,16.473156095805944,17.988943320826504,17.231049708316224,1.5157872250205593,1134.3453979492188,19,2022-04-01
41,2022,5,16.084207956414495,17.771577855160384,16.92789290578744,1.687369898745888,1134.3453979492188,19,2022-05-01
41,2022,6,14.529443359375023,16.085555013020855,15.307499186197939,1.5561116536458333,1134.3453979492188,18,2022-06-01
41,2022,7,16.395262386924365,18.02947548314147,17.212368935032917,1.6342130962171053,1134.3453979492188,19,2022-07-01
41,2022,8,16.15949859619143,17.754998779296898,16.957248687744162,1.5955001831054687,1134.3453979492188,20,2022-08-01
41,2022,9,16.116317267166963,16.551581453022226,16.333949360094596,0.43526418585526316,1134.3453979492188,19,2022-09-01
41,2022,10,17.608332994249153,17.94666951497398,17.77750125461157,0.3383365207248264,1134.3453979492188,18,2022-10-01
41,2022,11,17.359446885850716,17.983329603407142,17.67138824462893,0.6238827175564237,1134.3453979492188,18,2022-11-01
41,2022,12,16.17684165553045,18.10210892526729,17.13947529039887,1.925267269736842,1134.3453979492188,19,2022-12-01
41,2023,1,16.779997253417992,18.269999694824243,17.524998474121116,1.49000244140625,1134.3453979492188,20,2023-01-01
41,2023,2,16.818332926432316,19.273889160156273,18.046111043294292,2.4555562337239585,1134.3453979492188,18,2023-02-01
41,2023,3,16.808952251233574,20.776839728104463,18.79289598966902,3.9678874768708883,1134.3453979492188,19,2023-03-01
41,2023,4,18.393158280222064,21.97999845805923,20.186578369140648,3.5868401778371712,1134.3453979492188,19,2023-04-01
41,2023,5,18.70777791341148,21.517780558268253,20.112779235839866,2.810002644856771,1134.3453979492188,18,2023-05-01
41,2023,6,17.954207892166963,20.281054366262357,19.11763112921466,2.3268464740953947,1134.3453979492188,19,2023-06-01
41,2023,7,19.17699890136721,19.980497741699242,19.578748321533226,0.8034988403320312,1134.3453979492188,20,2023-07-01
41,2023,8,18.13262971576894,18.8531577662418,18.492893741005368,0.7205280504728618,1134.3453979492188,19,2023-08-01
41,2023,9,18.394443766276066,19.146664767795162,18.770554267035614,0.7522210015190972,1134.3453979492188,18,2023-09-01
41,2023,10,16.03842034590874,16.761050896895583,16.39973562140216,0.7226305509868421,1134.3453979492188,19,2023-10-01
41,2023,11,17.403685238486865,18.055789666426833,17.72973745245685,0.6521044279399671,1134.3453979492188,19,2023-11-01
41,2023,12,18.161999511718772,19.91350250244143,19.0377510070801,1.7515029907226563,1134.3453979492188,20,2023-12-01
41,2024,1,18.675498962402365,20.24299774169924,19.459248352050803,1.567498779296875,1134.3453979492188,20,2024-01-01
41,2024,2,19.302219645182316,21.888330078125023,20.595274861653667,2.5861104329427085,1134.3453979492188,18,2024-02-01
41,2024,3,19.912995910644554,23.901499938964868,21.90724792480471,3.9885040283203126,1134.3453979492188,20,2024-03-01
41,2024,4,18.515262322676833,22.446841912520583,20.481052117598708,3.93157958984375,1134.3453979492188,19,2024-04-01
41,2024,5,17.88421181126647,21.446319901315814,19.665265856291143,3.562108090049342,1134.3453979492188,19,2024-05-01
41,2024,6,17.06737189041943,18.523685174239333,17.79552853232938,1.4563132838199013,1134.3453979492188,19,2024-06-01
41,2024,7,17.666841527035384,18.696315082750846,18.181578304893115,1.0294735557154606,1134.3453979492188,19,2024-07-01
41,2024,8,17.28999922902963,18.251050768400518,17.77052499871507,0.9610515393708882,1134.3453979492188,19,2024-08-01
41,2024,9,17.101575670744268,17.695791465357754,17.39868356805101,0.5942157946134868,1134.3453979492188,19,2024-09-01
41,2024,10,17.04666714138457,17.420556640625023,17.2336118910048,0.3738894992404514,1134.3453979492188,18,2024-10-01
42,2020,10,10.611582223992622,10.891055779708083,10.751319001850351,0.2794735557154605,1041.5003356933594,19,2020-10-01
42,2020,11,11.401049483449858,11.12894993832239,11.264999710886125,-0.2720995451274671,1041.5003356933594,19,2020-11-01
42,2020,12,10.555000305175804,11.98450164794924,11.269750976562523,1.4295013427734375,1041.5003356933594,20,2020-12-01
42,2021,1,10.263685045744266,12.974212967722062,11.618949006733164,2.7105279219777962,1041.5003356933594,19,2021-01-01
42,2021,2,10.67235358743109,13.960001507927412,12.316177547679251,3.2876479204963234,1041.5003356933594,17,2021-02-01
42,2021,3,10.75789634303045,14.379473555715483,12.568684949372967,3.621577212685033,1041.5003356933594,19,2021-03-01
42,2021,4,11.417368356805122,15.708419317948213,13.562893837376668,4.2910509611430925,1041.5003356933594,19,2021-04-01
42,2021,5,11.687998962402366,15.70999908447268,13.698999023437523,4.022000122070312,1041.5003356933594,20,2021-05-01
42,2021,6,11.761057321648872,13.938420667146405,12.849738994397638,2.177363345497533,1041.5003356933594,19,2021-06-01
42,2021,7,13.389998907791963,13.868421373869266,13.629210140830615,0.47842246607730265,1041.5003356933594,19,2021-07-01
42,2021,8,13.08684210526318,13.438419060958083,13.262630583110631,0.3515769556949013,1041.5003356933594,19,2021-08-01
42,2021,9,12.722105648643115,13.062632028680122,12.892368838661618,0.3405263800370066,1041.5003356933594,19,2021-09-01
42,2021,10,12.360502624511742,12.686999511718772,12.523751068115256,0.32649688720703124,1041.5003356933594,20,2021-10-01
42,2021,11,11.153678813733576,14.428948974609398,12.791313894171486,3.2752701608758223,1041.5003356933594,19,2021-11-01
42,2021,12,11.051051410875845,14.413156931023872,12.732104170949858,3.362105520148026,1041.5003356933594,19,2021-12-01
42,2022,1,9.853682989823213,12.985788766961372,11.419735878392293,3.132105777138158,1041.5003356933594,19,2022-01-01
42,2022,2,9.610589599609398,12.80882460650278,11.20970710305609,3.1982350068933822,1041.5003356933594,17,2022-02-01
42,2022,3,11.140000915527366,15.341502380371116,13.240751647949242,4.20150146484375,1041.5003356933594,20,2022-03-01
42,2022,4,11.285257761101997,15.690527986225351,13.487892873663673,4.405270225123355,1041.5003356933594,19,2022-04-01
42,2022,5,11.395265599301009,14.976845510382423,13.186055554841717,3.5815799110814144,1041.5003356933594,19,2022-05-01
42,2022,6,10.676110839843773,13.527775065104189,12.101942952473982,2.8516642252604165,1041.5003356933594,18,2022-06-01
42,2022,7,11.404735685649694,14.224736585115155,12.814736135382423,2.8200008994654606,1041.5003356933594,19,2022-07-01
42,2022,8,11.168501281738305,14.210000610351585,12.689250946044945,3.0414993286132814,1041.5003356933594,20,2022-08-01
42,2022,9,9.855261872944101,12.708944541529627,11.282103207236865,2.853682668585526,1041.5003356933594,19,2022-09-01
42,2022,10,10.491580682051833,13.451053338301833,11.971317010176833,2.95947265625,1041.5003356933594,19,2022-10-01
42,2022,11,10.888896348741342,13.826665920681446,12.357781134711395,2.937769571940104,1041.5003356933594,18,2022-11-01
42,2022,12,10.459472977487687,13.705259945518115,12.0823664615029,3.2457869680304277,1041.5003356933594,19,2022-12-01
42,2023,1,10.067999267578148,13.053501892089866,11.560750579834007,2.9855026245117187,1041.5003356933594,20,2023-01-01
42,2023,2,10.354998101128494,13.498890177408876,11.926944139268686,3.143892076280382,1041.5003356933594,18,2023-02-01
42,2023,3,10.916311484889002,15.001580810546898,12.95894614771795,4.085269325657895,1041.5003356933594,19,2023-03-01
42,2023,4,12.153503417968773,16.29549713134768,14.224500274658226,4.141993713378906,1041.5003356933594,20,2023-04-01
42,2023,5,12.578327433268251,17.08221842447919,14.83027292887372,4.5038909912109375,1041.5003356933594,18,2023-05-01
42,2023,6,12.24473362972864,16.046844803659564,14.145789216694101,3.8021111739309212,1041.5003356933594,19,2023-06-01
42,2023,7,13.553501892089866,15.92500152587893,14.739251708984398,2.3714996337890626,1041.5003356933594,20,2023-07-01
42,2023,8,12.371050704152983,14.767366429379134,13.56920856676606,2.396315725226151,1041.5003356933594,19,2023-08-01
42,2023,9,12.396669854058182,14.650001356336828,13.523335605197506,2.253331502278646,1041.5003356933594,18,2023-09-01
42,2023,10,12.093159243935055,13.770003790604463,12.931581517269759,1.676844546669408,1041.5003356933594,19,2023-10-01
42,2023,11,13.75157599198193,15.146842876233576,14.449209434107752,1.3952668842516447,1041.5003356933594,19,2023-11-01
42,2023,12,12.308001708984397,14.099502563476586,13.203752136230491,1.7915008544921875,1041.5003356933594,20,2023-12-01
42,2024,1,11.360499572753929,14.155500793457055,12.75800018310549,2.795001220703125,1041.5003356933594,20,2024-01-01
42,2024,2,12.163334147135439,14.750000678168426,13.456667412651932,2.586666531032986,1041.5003356933594,18,2024-02-01
42,2024,3,12.70500183105471,16.635000610351586,14.670001220703147,3.929998779296875,1041.5003356933594,20,2024-03-01
42,2024,4,12.438420667146405,17.85894486276729,15.148682764956849,5.420524195620888,1041.5003356933594,19,2024-04-01
42,2024,5,12.237894479851997,17.551053017064167,14.894473748458083,5.313158537212171,1041.5003356933594,19,2024-05-01
42,2024,6,11.535264185855286,15.403683632298543,13.469473909076914,3.8684194464432564,1041.5003356933594,19,2024-06-01
42,2024,7,11.986313990542786,14.67052772923522,13.328420859889002,2.684213738692434,1041.5003356933594,19,2024-07-01
42,2024,8,11.39263466282897,13.999998715049365,12.696316688939168,2.6073640522203947,1041.5003356933594,19,2024-08-01
42,2024,9,11.964738062808411,15.894211939761536,13.929475001284974,3.929473876953125,1041.5003356933594,19,2024-09-01
42,2024,10,12.408336046006967,14.38778245713978,13.398059251573374,1.9794464111328125,1041.5003356933594,18,2024-10-01
43,2020,10,10.316843454461372,12.468947882401338,11.392895668431356,2.152104427939967,974.7439880371094,19,2020-10-01
43,2020,11,10.623684853001668,12.7621077688117,11.692896310906685,2.138422915810033,974.7439880371094,19,2020-11-01
43,2020,12,10.117500305175804,13.28400115966799,11.700750732421898,3.1665008544921873,974.7439880371094,20,2020-12-01
43,2021,1,9.956315211245911,13.869473427220418,11.912894319233164,3.9131582159745064,974.7439880371094,19,2021-01-01
43,2021,2,10.61235243853403,13.987058033662706,12.299705236098369,3.3747055951286766,974.7439880371094,17,2021-02-01
43,2021,3,10.86631566097864,13.255792236328148,12.061053948653395,2.3894765753495064,974.7439880371094,19,2021-03-01
43,2021,4,11.848422723067458,13.906839792351997,12.877631257709726,2.0584170692845394,974.7439880371094,19,2021-04-01
43,2021,5,12.272003173828148,13.75949859619143,13.015750885009789,1.4874954223632813,974.7439880371094,20,2021-05-01
43,2021,6,11.730000064247555,12.478944798519759,12.104472431383657,0.748944734272204,974.7439880371094,19,2021-06-01
43,2021,7,12.121050704152983,12.557895379317458,12.33947304173522,0.4368446751644737,974.7439880371094,19,2021-07-01
43,2021,8,11.675786389802655,12.921578176398048,12.298682283100351,1.2457917865953947,974.7439880371094,19,2021-08-01
43,2021,9,11.414740632709726,13.419478888260713,12.41710976048522,2.0047382555509867,974.7439880371094,19,2021-09-01
43,2021,10,11.051496887207055,13.687001037597678,12.369248962402366,2.635504150390625,974.7439880371094,20,2021-10-01
43,2021,11,11.255789023951502,13.764735492907095,12.510262258429298,2.508946468955592,974.7439880371094,19,2021-11-01
43,2021,12,11.050524581106108,13.806841719777983,12.428683150442046,2.756317138671875,974.7439880371094,19,2021-12-01
43,2022,1,9.827895636307588,12.018945312500023,10.923420474403805,2.191049676192434,974.7439880371094,19,2022-01-01
43,2022,2,9.708236873851126,11.087056956571715,10.39764691521142,1.3788200827205883,974.7439880371094,17,2022-02-01
43,2022,3,11.205500793457054,12.658999633789085,11.93225021362307,1.4534988403320313,974.7439880371094,20,2022-03-01
43,2022,4,11.534210526315812,12.726317074424365,12.130263800370088,1.1921065481085527,974.7439880371094,19,2022-04-01
43,2022,5,11.732632606907918,11.731580553556766,11.732106580232342,-0.0010520533511513158,974.7439880371094,19,2022-05-01
43,2022,6,11.300553046332489,11.375556776258703,11.338054911295595,0.07500372992621528,974.7439880371094,18,2022-06-01
43,2022,7,12.453685880962194,12.771054237767293,12.612370059364743,0.3173683568050987,974.7439880371094,19,2022-07-01
43,2022,8,12.14200134277346,12.151499938964866,12.146750640869163,0.00949859619140625,974.7439880371094,20,2022-08-01
43,2022,9,10.644738769531273,11.620003469366798,11.132371119449036,0.9752646998355263,974.7439880371094,19,2022-09-01
43,2022,10,11.069474390933411,12.932109953227819,12.000792172080615,1.862635562294408,974.7439880371094,19,2022-10-01
43,2022,11,11.489443291558182,13.291111246744814,12.390277269151499,1.801667955186632,974.7439880371094,18,2022-11-01
43,2022,12,10.754213353207259,13.529473876953148,12.141843615080203,2.7752605237458883,974.7439880371094,19,2022-12-01
43,2023,1,10.298498535156273,12.567999267578148,11.433248901367211,2.269500732421875,974.7439880371094,20,2023-01-01
43,2023,2,10.51722106933596,12.512775675455751,11.514998372395857,1.9955546061197917,974.7439880371094,18,2023-02-01
43,2023,3,11.386842747738509,13.542630165501668,12.464736456620088,2.155787417763158,974.7439880371094,19,2023-03-01
43,2023,4,13.035791015625023,14.441049997430122,13.738420506527572,1.4052589818050987,974.7439880371094,19,2023-04-01
43,2023,5,13.538890245225717,13.953888617621551,13.746389431423633,0.4149983723958333,974.7439880371094,18,2023-05-01
43,2023,6,12.938945890727819,12.172106612356108,12.555526251541963,-0.7668392783717105,974.7439880371094,19,2023-06-01
43,2023,7,13.626002502441429,13.297502136230491,13.461752319335961,-0.3285003662109375,974.7439880371094,20,2023-07-01
43,2023,8,12.756842683490976,12.606315532483576,12.681579107987275,-0.15052715100740133,974.7439880371094,19,2023-08-01
43,2023,9,12.69999932183162,12.511670260959225,12.605834791395422,-0.18832906087239584,974.7439880371094,18,2023-09-01
43,2023,10,12.044737484580615,11.620525480571569,11.832631482576092,-0.4242120040090461,974.7439880371094,19,2023-10-01
43,2023,11,13.213889906141516,12.678889634874155,12.946389770507835,-0.5350002712673612,974.7439880371094,18,2023-11-01
43,2023,12,11.748999023437523,16.012995910644555,13.880997467041038,4.263996887207031,974.7439880371094,20,2023-12-01
43,2024,1,11.204499816894554,14.131498718261742,12.667999267578148,2.9269989013671873,974.7439880371094,20,2024-01-01
43,2024,2,11.86499938964846,15.994443088107662,13.929721238878061,4.129443698459202,974.7439880371094,18,2024-02-01
43,2024,3,12.500003051757835,15.731504821777367,14.1157539367676,3.2315017700195314,974.7439880371094,20,2024-03-01
43,2024,4,12.632106098375845,15.141581003289497,13.88684355083267,2.509474904913651,974.7439880371094,19,2024-04-01
43,2024,5,12.865262001439168,14.646314440275516,13.755788220857342,1.7810524388363487,974.7439880371094,19,2024-05-01
43,2024,6,12.387894801089661,12.242632735402983,12.315263768246322,-0.14526206568667763,974.7439880371094,19,2024-06-01
43,2024,7,13.174734336451502,13.19473780581828,13.18473607113489,0.020003469366776317,974.7439880371094,19,2024-07-01
43,2024,8,12.456316817434233,13.617892937911208,13.03710487767272,1.1615761204769737,974.7439880371094,19,2024-08-01
43,2024,9,12.171579782586372,16.39157779091285,14.281578786749611,4.21999800832648,974.7439880371094,19,2024-09-01
43,2024,10,12.548335435655405,15.696667819552975,14.122501627604189,3.1483323838975696,974.7439880371094,18,2024-10-01
45,2020,10,12.284212132504134,11.789999229029627,12.037105680766881,-0.4942129034745066,974.3828430175781,19,2020-10-01
45,2020,11,12.523153525904627,12.007369513260713,12.26526151958267,-0.5157840126439145,974.3828430175781,19,2020-11-01
45,2020,12,11.460498046875022,11.08399810791018,11.2722480773926,-0.37649993896484374,974.3828430175781,20,2020-12-01
45,2021,1,10.706842041015648,10.336310456928476,10.521576248972062,-0.3705315840871711,974.3828430175781,19,2021-01-01
45,2021,2,11.47058751723348,11.262355310776677,11.366471414005078,-0.20823220645680146,974.3828430175781,17,2021-02-01
45,2021,3,11.415262643914497,12.116314054790319,11.765788349352407,0.7010514108758223,974.3828430175781,19,2021-03-01
45,2021,4,12.092632414165319,13.603684596011536,12.848158505088428,1.511052181846217,974.3828430175781,19,2021-04-01
45,2021,5,12.524497985839867,14.54849548339846,13.536496734619163,2.023997497558594,974.3828430175781,20,2021-05-01
45,2021,6,11.973154489617622,13.281574771278805,12.627364630448213,1.3084202816611843,974.3828430175781,19,2021-06-01
45,2021,7,12.365790437397226,12.123684853001668,12.244737645199447,-0.2421055843955592,974.3828430175781,19,2021-07-01
45,2021,8,12.018946918688345,11.712107126336372,11.865527022512358,-0.3068397923519737,974.3828430175781,19,2021-08-01
45,2021,9,11.705261551706437,11.613687936883247,11.659474744294842,-0.09157361482319079,974.3828430175781,19,2021-09-01
45,2021,10,11.49499969482424,11.547500610351586,11.521250152587914,0.05250091552734375,974.3828430175781,20,2021-10-01
45,2021,11,11.73894813939147,11.966316945929298,11.852632542660384,0.22736880653782895,974.3828430175781,19,2021-11-01
45,2021,12,11.87473851254114,13.840523488898048,12.857631000719595,1.965784976356908,974.3828430175781,19,2021-12-01
45,2022,1,10.603152947676833,12.873159629420252,11.738156288548543,2.2700066817434212,974.3828430175781,19,2022-01-01
45,2022,2,10.101177619485316,12.161175178079066,11.131176398782191,2.05999755859375,974.3828430175781,17,2022-02-01
45,2022,3,11.250000000000023,14.574497985839866,12.912248992919945,3.3244979858398436,974.3828430175781,20,2022-03-01
45,2022,4,11.51157933285364,14.967895829050187,13.239737580951914,3.4563164961965462,974.3828430175781,19,2022-04-01
45,2022,5,11.774210397820747,15.512102950246733,13.64315667403374,3.7378925524259867,974.3828430175781,19,2022-05-01
45,2022,6,10.766110568576412,14.451114908854189,12.608612738715301,3.6850043402777777,974.3828430175781,18,2022-06-01
45,2022,7,11.680526251541963,15.476843904194101,13.578685077868032,3.7963176526521383,974.3828430175781,19,2022-07-01
45,2022,8,12.354502868652366,14.36650085449221,13.360501861572288,2.0119979858398436,974.3828430175781,20,2022-08-01
45,2022,9,11.016312769839661,12.420000899465483,11.718156834652572,1.4036881296258223,974.3828430175781,19,2022-09-01
45,2022,10,11.703681062397226,12.909475547389002,12.306578304893115,1.2057944849917763,974.3828430175781,19,2022-10-01
45,2022,11,11.879998779296898,13.741106499565994,12.810552639431446,1.8611077202690973,974.3828430175781,18,2022-11-01
45,2022,12,11.170002505653805,13.955261551706437,12.562632028680122,2.7852590460526314,974.3828430175781,19,2022-12-01
45,2023,1,10.609500122070335,12.479998779296897,11.544749450683616,1.8704986572265625,974.3828430175781,20,2023-01-01
45,2023,2,10.737776692708357,13.196666124131967,11.967221408420162,2.458889431423611,974.3828430175781,18,2023-02-01
45,2023,3,11.217895829050187,15.181579911081437,13.199737870065812,3.96368408203125,974.3828430175781,19,2023-03-01
45,2023,4,12.78700103759768,16.11700134277346,14.45200119018557,3.330000305175781,974.3828430175781,20,2023-04-01
45,2023,5,13.15222066243492,16.021664767795162,14.58694271511504,2.869444105360243,974.3828430175781,18,2023-05-01
45,2023,6,12.600525223581437,15.408417069284562,14.004471146433,2.807891845703125,974.3828430175781,19,2023-06-01
45,2023,7,13.431497192382835,16.873999023437523,15.15274810791018,3.4425018310546873,974.3828430175781,20,2023-07-01
45,2023,8,12.516317588404627,15.185791336862687,13.851054462633657,2.669473748458059,974.3828430175781,19,2023-08-01
45,2023,9,12.560001627604189,14.642219373914953,13.601110500759571,2.082217746310764,974.3828430175781,18,2023-09-01
45,2023,10,11.457370476973708,13.148416940789497,12.302893708881601,1.6910464638157894,974.3828430175781,19,2023-10-01
45,2023,11,12.577781507704016,14.359996202256967,13.468888854980491,1.7822146945529513,974.3828430175781,18,2023-11-01
45,2023,12,13.85700378417971,14.746501159667991,14.301752471923852,0.8894973754882812,974.3828430175781,20,2023-12-01
45,2024,1,12.701496887207053,14.388998413085961,13.545247650146507,1.6875015258789063,974.3828430175781,20,2024-01-01
45,2024,2,13.276667955186655,15.253333875868078,14.265000915527366,1.9766659206814237,974.3828430175781,18,2024-02-01
45,2024,3,13.171997070312523,17.420500183105492,15.296248626709007,4.248503112792969,974.3828430175781,20,2024-03-01
45,2024,4,13.135263864617622,18.460001413445745,15.797632639031685,5.324737548828125,974.3828430175781,19,2024-04-01
45,2024,5,13.224734978926833,18.151576313219596,15.688155646073213,4.926841334292763,974.3828430175781,19,2024-05-01
45,2024,6,12.706840434827326,16.644208727384893,14.675524581106108,3.937368292557566,974.3828430175781,19,2024-06-01
45,2024,7,13.650525866056766,16.729995245682588,15.190260555869678,3.0794693796258223,974.3828430175781,19,2024-07-01
45,2024,8,13.005262194181766,15.815262965152161,14.410262579666963,2.8100007709703947,974.3828430175781,19,2024-08-01
45,2024,9,13.306840113589661,15.482107383326502,14.394473748458083,2.175267269736842,974.3828430175781,19,2024-09-01
45,2024,10,12.887779066297766,15.587776014539953,14.23777754041886,2.6999969482421875,974.3828430175781,18,2024-10-01
46,2020,10,10.485788766961372,12.492627916838016,11.489208341899694,2.0068391498766447,1075.0966796875,19,2020-10-01
46,2020,11,11.098949552837194,12.534738962273872,11.816844257555532,1.4357894094366777,1075.0966796875,19,2020-11-01
46,2020,12,10.74900054931643,10.846502685546898,10.797751617431663,0.09750213623046874,1075.0966796875,20,2020-12-01
46,2021,1,10.777891781455615,12.704736328125023,11.741314054790319,1.926844546669408,1075.0966796875,19,2021-01-01
46,2021,2,10.461766142003698,13.727646053538626,12.094706097771162,3.2658799115349266,1075.0966796875,17,2021-02-01
46,2021,3,9.70420628597864,13.427898527446569,11.566052406712606,3.7236922414679277,1075.0966796875,19,2021-03-01
46,2021,4,10.805261230468773,14.673158665707259,12.739209948088016,3.8678974352384867,1075.0966796875,19,2021-04-01
46,2021,5,11.684501647949242,14.359001159667992,13.021751403808617,2.67449951171875,1075.0966796875,20,2021-05-01
46,2021,6,11.382632928145583,13.651576313219595,12.517104620682588,2.2689433850740133,1075.0966796875,19,2021-06-01
46,2021,7,12.305261230468773,14.557895379317458,13.431578304893115,2.252634148848684,1075.0966796875,19,2021-07-01
46,2021,8,11.59263402035364,13.745790501644759,12.6692122609992,2.1531564812911186,1075.0966796875,19,2021-08-01
46,2021,9,11.151576313219595,13.2300032766242,12.190789794921898,2.0784269634046053,1075.0966796875,19,2021-09-01
46,2021,10,11.218000793457055,12.408000183105491,11.813000488281272,1.1899993896484375,1075.0966796875,20,2021-10-01
46,2021,11,11.188420667146405,13.182105134662851,12.185262900904627,1.9936844675164473,1075.0966796875,19,2021-11-01
46,2021,12,11.145262386924365,13.68737343236022,12.416317909642293,2.5421110454358553,1075.0966796875,19,2021-12-01
46,2022,1,10.242634341591305,13.247894608347062,11.745264474969185,3.0052602667557564,1075.0966796875,19,2022-01-01
46,2022,2,9.874704877068037,12.021765495749104,10.94823518640857,2.147060618681066,1075.0966796875,17,2022-02-01
46,2022,3,10.516001892089866,13.855497741699242,12.185749816894553,3.339495849609375,1075.0966796875,20,2022-03-01
46,2022,4,10.511054109272226,14.181581517269759,12.346317813270993,3.670527407997533,1075.0966796875,19,2022-04-01
46,2022,5,10.51579075863489,14.203159051192458,12.359474904913673,3.687368292557566,1075.0966796875,19,2022-05-01
46,2022,6,9.427368485300187,12.71736899928045,11.072368742290319,3.2900005139802633,1075.0966796875,19,2022-06-01
46,2022,7,10.872102757504134,14.492105905633247,12.68210433156869,3.6200031481291117,1075.0966796875,19,2022-07-01
46,2022,8,10.739001464843772,13.936502075195335,12.337751770019555,3.1975006103515624,1075.0966796875,20,2022-08-01
46,2022,9,10.615792043585548,12.67684165553045,11.646316849558,2.061049611944901,1075.0966796875,19,2022-09-01
46,2022,10,10.945264635588016,13.511582545230286,12.22842359040915,2.5663179096422697,1075.0966796875,19,2022-10-01
46,2022,11,11.258889770507835,13.76611226399742,12.512501017252626,2.5072224934895835,1075.0966796875,18,2022-11-01
46,2022,12,10.339999871504958,13.767366429379134,12.053683150442046,3.4273665578741777,1075.0966796875,19,2022-12-01
46,2023,1,9.776496887207054,13.17749938964846,11.476998138427756,3.4010025024414063,1075.0966796875,20,2023-01-01
46,2023,2,9.933887736002626,13.875555080837696,11.904721408420162,3.9416673448350696,1075.0966796875,18,2023-02-01
46,2023,3,10.625262129934233,15.12105552271795,12.873158826326092,4.4957933927837175,1075.0966796875,19,2023-03-01
46,2023,4,11.519998972039497,15.472629266036208,13.496314119037851,3.9526302939967106,1075.0966796875,19,2023-04-01
46,2023,5,12.854994710286482,15.808333333333357,14.33166402180992,2.953338623046875,1075.0966796875,18,2023-05-01
46,2023,6,12.666841527035384,15.00052393863078,13.833682732833083,2.3336824115953947,1075.0966796875,19,2023-06-01
46,2023,7,13.303497314453148,15.438497924804711,14.370997619628929,2.1350006103515624,1075.0966796875,20,2023-07-01
46,2023,8,12.821580103824036,14.762104556435055,13.791842330129546,1.9405244526110197,1075.0966796875,19,2023-08-01
46,2023,9,12.874444580078148,14.732224188910614,13.80333438449438,1.8577796088324652,1075.0966796875,18,2023-09-01
46,2023,10,11.998330688476585,13.733331298828148,12.865830993652366,1.7350006103515625,1075.0966796875,18,2023-10-01
46,2023,11,12.193684146278805,12.715786903782918,12.454735525030861,0.5221027575041118,1075.0966796875,19,2023-11-01
46,2023,12,12.346000671386742,13.09650115966799,12.721250915527367,0.75050048828125,1075.0966796875,20,2023-12-01
46,2024,1,11.511052503083905,13.985790373149694,12.748421438116798,2.4747378700657894,1075.0966796875,19,2024-01-01
46,2024,2,11.363888888888912,14.70333421495228,13.033611551920595,3.339445326063368,1075.0966796875,18,2024-02-01
46,2024,3,11.815002441406273,16.713499450683617,14.264250946044944,4.898497009277344,1075.0966796875,20,2024-03-01
46,2024,4,11.56157997532897,17.196843518708903,14.379211747018937,5.635263543379934,1075.0966796875,19,2024-04-01
46,2024,5,11.977372340152161,17.000527151007425,14.488949745579793,5.023154810855263,1075.0966796875,19,2024-05-01
46,2024,6,10.66631630345397,14.938949103104463,12.802632703279217,4.272632799650493,1075.0966796875,19,2024-06-01
46,2024,7,11.512106162623377,15.773680355674365,13.642893259148872,4.261574193050987,1075.0966796875,19,2024-07-01
46,2024,8,10.998943449321569,14.935262900904627,12.967103175113099,3.936319451583059,1075.0966796875,19,2024-08-01
46,2024,9,12.351668294270857,14.895557657877626,13.623612976074241,2.543889363606771,1075.0966796875,18,2024-09-01
46,2024,10,11.98778008355037,13.89555596245662,12.941668023003494,1.90777587890625,1075.0966796875,18,2024-10-01
47,2020,10,12.455788381476173,12.210526637027161,12.333157509251668,-0.24526174444901316,936.697265625,19,2020-10-01
47,2020,11,12.60684075606499,12.456840434827326,12.531840595446157,-0.15000032123766446,936.697265625,19,2020-11-01
47,2020,12,11.529998779296898,12.128002929687522,11.829000854492211,0.598004150390625,936.697265625,20,2020-12-01
47,2021,1,10.864209948088016,12.331580232319101,11.59789509020356,1.4673702842310856,936.697265625,19,2021-01-01
47,2021,2,11.33529411764708,13.71352898092833,12.524411549287706,2.37823486328125,936.697265625,17,2021-02-01
47,2021,3,11.140000513980286,14.795264314350351,12.967632414165319,3.655263800370066,936.697265625,19,2021-03-01
47,2021,4,12.051053017064168,16.857367585834726,14.454210301449447,4.806314568770559,936.697265625,19,2021-04-01
47,2021,5,12.655497741699241,16.10700378417971,14.381250762939477,3.4515060424804687,936.697265625,20,2021-05-01
47,2021,6,12.427893708881601,14.964739668996733,13.696316688939168,2.5368459601151314,936.697265625,19,2021-06-01
47,2021,7,13.227370733963838,15.317367071854463,14.27236890290915,2.089996337890625,936.697265625,19,2021-07-01
47,2021,8,12.818420731393937,14.920000899465483,13.86921081542971,2.1015801680715462,936.697265625,19,2021-08-01
47,2021,9,12.50894679019328,14.645263993112687,13.577105391652983,2.136317202919408,936.697265625,19,2021-09-01
47,2021,10,12.132995605468773,14.411500549316429,13.2722480773926,2.2785049438476563,936.697265625,20,2021-10-01
47,2021,11,11.987894479851997,13.307365337171076,12.647629908511536,1.319470857319079,936.697265625,19,2021-11-01
47,2021,12,12.30105462325249,13.479476446854463,12.890265535053476,1.1784218236019737,936.697265625,19,2021-12-01
47,2022,1,10.98526514956828,12.881055651213016,11.933160400390648,1.895790501644737,936.697265625,19,2022-01-01
47,2022,2,10.227059038947633,13.304117718864912,11.765588378906273,3.0770586799172794,936.697265625,17,2022-02-01
47,2022,3,11.70299987792971,15.73450164794924,13.718750762939475,4.031501770019531,936.697265625,20,2022-03-01
47,2022,4,12.084736392372555,16.75263447008637,14.418685431229463,4.667898077713816,936.697265625,19,2022-04-01
47,2022,5,12.333157509251668,15.818417519017293,14.07578751413448,3.485260009765625,936.697265625,19,2022-05-01
47,2022,6,11.725556098090301,13.808335028754364,12.766945563422333,2.0827789306640625,936.697265625,18,2022-06-01
47,2022,7,12.757893130653805,14.696316688939168,13.727104909796486,1.938423558285362,936.697265625,19,2022-07-01
47,2022,8,13.198573230561779,13.833811151413713,13.516192190987747,0.6352379208519345,936.697265625,21,2022-08-01
47,2022,9,11.819474390933411,13.79684319747124,12.808158794202326,1.977368806537829,936.697265625,19,2022-09-01
47,2022,10,12.617892937911208,15.996318937602819,14.307105937757013,3.3784259996916117,936.697265625,19,2022-10-01
47,2022,11,12.998332383897592,16.721670193142383,14.860001288519989,3.7233378092447915,936.697265625,18,2022-11-01
47,2022,12,11.881052438836372,14.88000038548522,13.380526412160796,2.998947946648849,936.697265625,19,2022-12-01
47,2023,1,10.922000122070335,13.70999908447268,12.315999603271507,2.7879989624023436,936.697265625,20,2023-01-01
47,2023,2,10.849442206488739,13.813331434461828,12.331386820475283,2.96388922797309,936.697265625,18,2023-02-01
47,2023,3,11.39420872738489,15.05473761307568,13.224473170230286,3.6605288856907894,936.697265625,19,2023-03-01
47,2023,4,12.982501220703147,16.40249938964846,14.692500305175804,3.4199981689453125,936.697265625,20,2023-04-01
47,2023,5,13.849443901909744,16.25722317165801,15.053333536783876,2.407779269748264,936.697265625,18,2023-05-01
47,2023,6,13.364733565481108,15.283156866776338,14.323945216128724,1.9184233012952303,936.697265625,19,2023-06-01
47,2023,7,14.069998168945336,14.862504577636741,14.466251373291039,0.7925064086914062,936.697265625,20,2023-07-01
47,2023,8,13.122104363692458,13.458949360094595,13.290526861893525,0.33684499640213816,936.697265625,19,2023-08-01
47,2023,9,13.316111924913217,13.766666666666689,13.541389295789953,0.4505547417534722,936.697265625,18,2023-09-01
47,2023,10,13.013685045744266,14.4631575734992,13.738421309621733,1.4494725277549343,936.697265625,19,2023-10-01
47,2023,11,14.24052862870068,15.846317010176833,15.043422819438756,1.6057883814761513,936.697265625,19,2023-11-01
47,2023,12,13.700001525878928,14.267503356933616,13.983752441406272,0.5675018310546875,936.697265625,20,2023-12-01
47,2024,1,12.931996154785178,14.23499908447268,13.583497619628929,1.3030029296875,936.697265625,20,2024-01-01
47,2024,2,13.585000610351585,16.241664293077278,14.913332451714432,2.6566636827256946,936.697265625,18,2024-02-01
47,2024,3,13.59950103759768,17.075000000000024,15.33725051879885,3.4754989624023436,936.697265625,20,2024-03-01
47,2024,4,13.744210012335548,17.886844353926833,15.81552718313119,4.1426343415912825,936.697265625,19,2024-04-01
47,2024,5,13.878419896176009,18.1373663651316,16.007893130653805,4.2589464689555925,936.697265625,19,2024-05-01
47,2024,6,13.663160143400516,13.831051796361043,13.74710596988078,0.16789165296052633,936.697265625,19,2024-06-01
47,2024,7,14.224208149157095,13.45000128495068,13.837104717053888,-0.7742068642064145,936.697265625,19,2024-07-01
47,2024,8,13.707892488178476,12.901577919407918,13.304735203793197,-0.8063145687705592,936.697265625,19,2024-08-01
47,2024,9,14.064737741570747,14.007893130653805,14.036315436112275,-0.05684461091694079,936.697265625,19,2024-09-01
47,2024,10,13.017780558268251,14.1122256808811,13.565003119574676,1.0944451226128473,936.697265625,18,2024-10-01
48,2020,10,16.655264121607754,16.555261230468773,16.60526267603826,-0.10000289113898027,870.3188781738281,19,2020-10-01
48,2020,11,16.906316174958903,16.819998008326504,16.863157091642705,-0.08631816663240131,870.3188781738281,19,2020-11-01
48,2020,12,16.94499969482424,16.819497680664085,16.882248687744163,-0.12550201416015624,870.3188781738281,20,2020-12-01
48,2021,1,18.076318359375023,17.155789345189167,17.616053852282096,-0.9205290141858553,870.3188781738281,19,2021-01-01
48,2021,2,19.134705666934764,18.57176764993109,18.853236658432927,-0.5629380170036765,870.3188781738281,17,2021-02-01
48,2021,3,17.91157804790298,21.075261487458903,19.493419767680944,3.1636834395559212,870.3188781738281,19,2021-03-01
48,2021,4,17.75842477898851,21.2589483963816,19.508686587685055,3.500523617393092,870.3188781738281,19,2021-04-01
48,2021,5,17.68799743652346,21.37849731445315,19.533247375488305,3.6904998779296876,870.3188781738281,20,2021-05-01
48,2021,6,17.198417583264824,21.00789473684213,19.103156160053476,3.8094771535773027,870.3188781738281,19,2021-06-01
48,2021,7,17.30526604903374,21.19684030633226,19.251053177683,3.8915742572985197,870.3188781738281,19,2021-07-01
48,2021,8,16.72157881887338,19.79473587839229,18.258157348632835,3.0731570595189144,870.3188781738281,19,2021-08-01
48,2021,9,17.32526469983555,17.21736739309213,17.271316046463838,-0.10789730674342106,870.3188781738281,19,2021-09-01
48,2021,10,17.36450347900393,17.253498840332053,17.309001159667993,-0.111004638671875,870.3188781738281,20,2021-10-01
48,2021,11,17.324737870065814,17.215264892578148,17.27000138132198,-0.10947297748766448,870.3188781738281,19,2021-11-01
48,2021,12,17.64210622687091,17.53315847296466,17.587632349917786,-0.10894775390625,870.3188781738281,19,2021-12-01
48,2022,1,17.623684853001667,17.52368356805101,17.573684210526338,-0.1000012849506579,870.3188781738281,19,2022-01-01
48,2022,2,17.075883932674657,17.151176183363994,17.113530058019325,0.07529225068933823,870.3188781738281,17,2022-02-01
48,2022,3,18.14300231933596,19.759001159667992,18.951001739501976,1.6159988403320313,870.3188781738281,20,2022-03-01
48,2022,4,17.705264764083083,20.0915755422492,18.898420153166143,2.3863107781661186,870.3188781738281,19,2022-04-01
48,2022,5,17.36315950092519,19.785791015625023,18.574475258275104,2.4226315146998356,870.3188781738281,19,2022-05-01
48,2022,6,16.285882568359398,18.475294404871345,17.380588486615373,2.1894118365119484,870.3188781738281,17,2022-06-01
48,2022,7,17.001577598170254,18.46736739309213,17.73447249563119,1.465789794921875,870.3188781738281,19,2022-07-01
48,2022,8,16.70450134277346,18.147503662109397,17.426002502441428,1.4430023193359376,870.3188781738281,20,2022-08-01
48,2022,9,15.663683760793608,17.0900030838816,16.376843422337604,1.4263193230879934,870.3188781738281,19,2022-09-01
48,2022,10,16.82389051649308,18.262779066297767,17.543334791395424,1.4388885498046875,870.3188781738281,18,2022-10-01
48,2022,11,16.68944023980037,18.140000067816864,17.414720153808616,1.450559828016493,870.3188781738281,18,2022-11-01
48,2022,12,16.77578606856499,17.782103207236865,17.278944637900928,1.006317138671875,870.3188781738281,19,2022-12-01
48,2023,1,17.43700103759768,17.299002075195336,17.368001556396507,-0.13799896240234374,870.3188781738281,20,2023-01-01
48,2023,2,17.274997965494816,17.51389126247832,17.39444461398657,0.23889329698350695,870.3188781738281,18,2023-02-01
48,2023,3,17.223686137952324,18.09894634046055,17.66131623920644,0.8752602025082237,870.3188781738281,19,2023-03-01
48,2023,4,18.95631681743423,19.81894595497535,19.38763138620479,0.8626291375411185,870.3188781738281,19,2023-04-01
48,2023,5,18.793683825041143,19.471577212685055,19.1326305188631,0.6778933876439145,870.3188781738281,19,2023-05-01
48,2023,6,18.200526508532096,18.41684634560035,18.308686427066224,0.21631983706825658,870.3188781738281,19,2023-06-01
48,2023,7,19.39950103759768,19.61200408935549,19.505752563476584,0.2125030517578125,870.3188781738281,20,2023-07-01
48,2023,8,18.310001092208083,18.53736989874591,18.423685495476995,0.22736880653782895,870.3188781738281,19,2023-08-01
48,2023,9,18.4322211371528,18.629444376627628,18.530832756890213,0.1972232394748264,870.3188781738281,18,2023-09-01
48,2023,10,16.192776828342037,16.434442138671898,16.313609483506966,0.2416653103298611,870.3188781738281,18,2023-10-01
48,2023,11,17.54263177168999,17.755263800370088,17.64894778603004,0.21263202868009867,870.3188781738281,19,2023-11-01
48,2023,12,19.465998840332055,19.333999633789084,19.39999923706057,-0.13199920654296876,870.3188781738281,20,2023-12-01
48,2024,1,19.193806675502255,19.060000174386182,19.12690342494422,-0.13380650111607142,870.3188781738281,21,2024-01-01
48,2024,2,19.758335367838566,20.82888861762155,20.293611992730057,1.0705532497829862,870.3188781738281,18,2024-02-01
48,2024,3,19.94450378417971,21.951499938964865,20.948001861572287,2.0069961547851563,870.3188781738281,20,2024-03-01
48,2024,4,18.967894222861865,20.59894634046055,19.783420281661208,1.6310521175986843,870.3188781738281,19,2024-04-01
48,2024,5,18.253153268914495,19.56842073139394,18.910787000154215,1.3152674624794407,870.3188781738281,19,2024-05-01
48,2024,6,16.98473671361022,18.31105314555923,17.647894929584726,1.326316431949013,870.3188781738281,19,2024-06-01
48,2024,7,17.792636590254958,19.13368498149673,18.463160785875846,1.3410483912417763,870.3188781738281,19,2024-07-01
48,2024,8,17.386839535361865,18.61315628854854,17.999997911955205,1.2263167531866777,870.3188781738281,19,2024-08-01
48,2024,9,17.830001349198213,18.243683182565814,18.03684226588201,0.4136818333675987,870.3188781738281,19,2024-09-01
48,2024,10,18.782225545247417,18.13166707356773,18.456946309407574,-0.6505584716796875,870.3188781738281,18,2024-10-01
49,2020,10,10.160525994551833,9.935788124486043,10.048157059518937,-0.22473787006578946,1146.3457641601563,19,2020-10-01
49,2020,11,10.225788638466305,9.986844032689168,10.106316335577736,-0.23894460577713816,1146.3457641601563,19,2020-11-01
49,2020,12,9.829499816894554,10.19300231933596,10.011251068115257,0.36350250244140625,1146.3457641601563,20,2020-12-01
49,2021,1,10.646838057668608,12.15421046206828,11.400524259868444,1.507372404399671,1146.3457641601563,19,2021-01-01
49,2021,2,10.955883430032191,13.366468721277597,12.161176075654893,2.4105852912454044,1146.3457641601563,17,2021-02-01
49,2021,3,10.810527921977819,13.26684120579772,12.03868456388777,2.456313283819901,1146.3457641601563,19,2021-03-01
49,2021,4,11.775262451171898,14.891052567331437,13.333157509251668,3.1157901161595394,1146.3457641601563,19,2021-04-01
49,2021,5,12.02249908447268,15.418499755859397,13.720499420166039,3.3960006713867186,1146.3457641601563,20,2021-05-01
49,2021,6,11.18526450709295,13.852105712890648,12.518685109991798,2.6668412057976973,1146.3457641601563,19,2021-06-01
49,2021,7,11.275260844983576,12.761054109272226,12.0181574771279,1.4857932642886513,1146.3457641601563,19,2021-07-01
49,2021,8,11.051051410875845,12.508953214946569,11.780002312911208,1.4579018040707237,1146.3457641601563,19,2021-08-01
49,2021,9,10.654737291838016,12.075266306023872,11.365001798930944,1.4205290141858553,1146.3457641601563,19,2021-09-01
49,2021,10,10.369500732421898,11.742002868652367,11.055751800537132,1.3725021362304688,1146.3457641601563,20,2021-10-01
49,2021,11,11.765785940069923,11.996842554995911,11.881314247532918,0.23105661492598684,1146.3457641601563,19,2021-11-01
49,2021,12,12.609476511101997,12.483159436677655,12.546317973889826,-0.12631707442434212,1146.3457641601563,19,2021-12-01
49,2022,1,10.865790437397226,10.837367328844595,10.851578883120911,-0.02842310855263158,1146.3457641601563,19,2022-01-01
49,2022,2,10.318236586626861,11.10411628274359,10.711176434685225,0.7858796961167279,1146.3457641601563,17,2022-02-01
49,2022,3,11.658499145507836,13.896502685546897,12.777500915527366,2.2380035400390623,1146.3457641601563,20,2022-03-01
49,2022,4,11.707368870785384,14.881052438836372,13.294210654810877,3.1736835680509867,1146.3457641601563,19,2022-04-01
49,2022,5,11.640527343750023,15.167371569181766,13.403949456465895,3.5268442254317436,1146.3457641601563,19,2022-05-01
49,2022,6,10.68555603027346,11.725556098090301,11.20555606418188,1.0400000678168402,1146.3457641601563,18,2022-06-01
49,2022,7,11.21899871826174,11.967002868652367,11.593000793457055,0.748004150390625,1146.3457641601563,20,2022-07-01
49,2022,8,11.219087912819624,13.723637806285534,12.47136285955258,2.504549893465909,1146.3457641601563,22,2022-08-01
49,2022,9,9.77105263157897,12.131579268606108,10.951315950092539,2.3605266370271383,1146.3457641601563,19,2022-09-01
49,2022,10,10.501579204358576,13.017371247944101,11.759475226151338,2.515792043585526,1146.3457641601563,19,2022-10-01
49,2022,11,11.084442816840301,12.787220255533876,11.935831536187088,1.7027774386935763,1146.3457641601563,18,2022-11-01
49,2022,12,11.438420667146405,11.841580360814168,11.640000513980286,0.40315969366776316,1146.3457641601563,19,2022-12-01
49,2023,1,10.98949890136721,11.390495300292992,11.189997100830102,0.40099639892578126,1146.3457641601563,20,2023-01-01
49,2023,2,11.376665581597244,12.22722100151912,11.801943291558182,0.850555419921875,1146.3457641601563,18,2023-02-01
49,2023,3,11.768423301295252,13.65526251541943,12.711842908357342,1.8868392141241777,1146.3457641601563,19,2023-03-01
49,2023,4,12.700500488281273,15.387498474121116,14.043999481201194,2.686997985839844,1146.3457641601563,20,2023-04-01
49,2023,5,12.907776557074676,15.729442003038217,14.318609280056446,2.8216654459635415,1146.3457641601563,18,2023-05-01
49,2023,6,12.354208213404627,15.003158087479463,13.678683150442046,2.6489498740748356,1146.3457641601563,19,2023-06-01
49,2023,7,12.372003173828148,13.138500976562522,12.755252075195335,0.766497802734375,1146.3457641601563,20,2023-07-01
49,2023,8,11.79263177168999,12.142631450452326,11.967631611071157,0.3499996787623355,1146.3457641601563,19,2023-08-01
49,2023,9,11.686113823784744,11.952223714192732,11.819168768988739,0.2661098904079861,1146.3457641601563,18,2023-09-01
49,2023,10,11.762102950246733,11.658950323807588,11.710526637027161,-0.10315262643914473,1146.3457641601563,19,2023-10-01
49,2023,11,13.641003417968772,13.26450347900393,13.452753448486352,-0.37649993896484374,1146.3457641601563,20,2023-11-01
49,2023,12,13.270999145507835,12.782998657226585,13.026998901367211,-0.48800048828125,1146.3457641601563,20,2023-12-01
49,2024,1,12.36999969482424,12.134001159667992,12.252000427246116,-0.23599853515625,1146.3457641601563,20,2024-01-01
49,2024,2,12.326470947265648,13.02470954446234,12.675590245863994,0.6982385971966911,1146.3457641601563,17,2024-02-01
49,2024,3,12.83099822998049,14.356500244140648,13.59374923706057,1.5255020141601563,1146.3457641601563,20,2024-03-01
49,2024,4,13.088420988384069,15.556316496196569,14.322368742290319,2.4678955078125,1146.3457641601563,19,2024-04-01
49,2024,5,13.314210911801009,15.456838828639002,14.385524870220006,2.1426279168379936,1146.3457641601563,19,2024-05-01
49,2024,6,12.70052329615545,14.34105353104443,13.52078841359994,1.6405302348889803,1146.3457641601563,19,2024-06-01
49,2024,7,12.87789788497124,14.054736006887358,13.466316945929298,1.1768381219161184,1146.3457641601563,19,2024-07-01
49,2024,8,12.129471949527161,12.029473876953148,12.079472913240155,-0.09999807257401316,1146.3457641601563,19,2024-08-01
49,2024,9,13.010528885690812,11.588417776007423,12.299473330849118,-1.422111109683388,1146.3457641601563,19,2024-09-01
49,2024,10,12.337776014539953,12.469445800781273,12.403610907660614,0.13166978624131945,1146.3457641601563,18,2024-10-01
50,2020,10,10.972629266036208,13.31579140111022,12.144210333573213,2.3431621350740133,1030.4036865234375,19,2020-10-01
50,2020,11,10.975790244654627,10.813155646073213,10.89447294536392,-0.16263459858141446,1030.4036865234375,19,2020-11-01
50,2020,12,10.614500427246117,10.427000427246117,10.520750427246117,-0.1875,1030.4036865234375,20,2020-12-01
50,2021,1,9.818420731393937,13.03842034590874,11.428420538651338,3.2199996145148027,1030.4036865234375,19,2021-01-01
50,2021,2,10.814710908777597,14.402352007697633,12.608531458237614,3.5876410989200367,1030.4036865234375,17,2021-02-01
50,2021,3,9.93473607113489,13.69052638003703,11.81263122558596,3.7557903089021383,1030.4036865234375,19,2021-03-01
50,2021,4,10.865788831208905,15.06052952816614,12.963159179687523,4.194740696957237,1030.4036865234375,19,2021-04-01
50,2021,5,11.027502441406273,14.574998474121116,12.801250457763695,3.547496032714844,1030.4036865234375,20,2021-05-01
50,2021,6,10.577368806537851,13.850525223581437,12.213947015059645,3.2731564170435856,1030.4036865234375,19,2021-06-01
50,2021,7,11.413683760793608,14.030002312911208,12.721843036852407,2.616318552117599,1030.4036865234375,19,2021-07-01
50,2021,8,10.771579461348708,13.240000192742622,12.005789827045664,2.4684207313939144,1030.4036865234375,19,2021-08-01
50,2021,9,10.376312577097062,12.741575863486865,11.558944220291963,2.3652632863898027,1030.4036865234375,19,2021-09-01
50,2021,10,10.420004272460961,12.723002624511741,11.57150344848635,2.302998352050781,1030.4036865234375,20,2021-10-01
50,2021,11,9.986847245065812,12.582103849712194,11.284475547389002,2.5952566046463814,1030.4036865234375,19,2021-11-01
50,2021,12,10.07841925370068,13.582107062088838,11.830263157894759,3.503687808388158,1030.4036865234375,19,2021-12-01
50,2022,1,9.24368800113078,12.902633185135713,11.073160593133247,3.658945184004934,1030.4036865234375,19,2022-01-01
50,2022,2,9.063533289292302,12.850587014591015,10.95706015194166,3.7870537252987133,1030.4036865234375,17,2022-02-01
50,2022,3,10.089501953125023,14.951501464843773,12.520501708984398,4.86199951171875,1030.4036865234375,20,2022-03-01
50,2022,4,10.123684853001668,15.292634984066634,12.70815991853415,5.1689501310649675,1030.4036865234375,19,2022-04-01
50,2022,5,10.192103656969595,15.446845124897226,12.819474390933411,5.254741467927632,1030.4036865234375,19,2022-05-01
50,2022,6,9.435261294716305,12.152629972759069,10.793945633737687,2.7173686780427633,1030.4036865234375,19,2022-06-01
50,2022,7,11.071053274054298,13.400000642475351,12.235526958264826,2.3289473684210527,1030.4036865234375,19,2022-07-01
50,2022,8,10.695498657226585,12.818000793457054,11.75674972534182,2.1225021362304686,1030.4036865234375,20,2022-08-01
50,2022,9,10.110526958264826,12.72631386204772,11.418420410156273,2.6157869037828947,1030.4036865234375,19,2022-09-01
50,2022,10,10.428948974609398,13.260524067125845,11.844736520867622,2.8315750925164473,1030.4036865234375,19,2022-10-01
50,2022,11,10.783332655164953,13.68333672417537,12.233334689670162,2.9000040690104165,1030.4036865234375,18,2022-11-01
50,2022,12,9.744210012335548,14.123162841796898,11.933686427066224,4.3789528294613485,1030.4036865234375,19,2022-12-01
50,2023,1,8.971000671386742,13.122001647949242,11.046501159667992,4.1510009765625,1030.4036865234375,20,2023-01-01
50,2023,2,9.165000745985266,14.038332451714432,11.60166659884985,4.873331705729167,1030.4036865234375,18,2023-02-01
50,2023,3,9.893685109991798,15.521051025390648,12.707368067691224,5.6273659153988485,1030.4036865234375,19,2023-03-01
50,2023,4,10.857372404399694,15.40841546309624,13.132893933747967,4.551043058696546,1030.4036865234375,19,2023-04-01
50,2023,5,12.061108737521725,15.988888888888912,14.024998813205318,3.9277801513671875,1030.4036865234375,18,2023-05-01
50,2023,6,11.837895764802655,15.104738255551009,13.471317010176833,3.2668424907483553,1030.4036865234375,19,2023-06-01
50,2023,7,12.212500000000023,15.440496826171898,13.826498413085961,3.227996826171875,1030.4036865234375,20,2023-07-01
50,2023,8,11.3668440969367,14.802105070415319,13.084474583676009,3.4352609734786186,1030.4036865234375,19,2023-08-01
50,2023,9,11.25222337510853,14.796668836805578,13.024446105957054,3.5444454616970487,1030.4036865234375,18,2023-09-01
50,2023,10,10.413886854383703,13.856666395399328,12.135276624891516,3.442779541015625,1030.4036865234375,18,2023-10-01
50,2023,11,10.890527343750023,14.473684531764002,12.682105937757013,3.5831571880139803,1030.4036865234375,19,2023-11-01
50,2023,12,11.52100067138674,14.673999023437522,13.097499847412132,3.152998352050781,1030.4036865234375,20,2023-12-01
50,2024,1,11.143683503803476,14.534737356085548,12.839210429944513,3.3910538522820723,1030.4036865234375,19,2024-01-01
50,2024,2,11.221109008789085,15.955002509223114,13.5880557590061,4.733893500434028,1030.4036865234375,18,2024-02-01
50,2024,3,11.739501953125023,17.743997192382835,14.741749572753928,6.004495239257812,1030.4036865234375,20,2024-03-01
50,2024,4,11.614211554276338,17.58789255242601,14.601052053351173,5.973680998149671,1030.4036865234375,19,2024-04-01
50,2024,5,11.987367650082259,16.564737741570745,14.276052695826502,4.577370091488487,1030.4036865234375,19,2024-05-01
50,2024,6,10.637369577508247,14.258421566611865,12.447895572060055,3.6210519891036186,1030.4036865234375,19,2024-06-01
50,2024,7,11.44420936986022,15.009473619963016,13.226841494911618,3.5652642501027962,1030.4036865234375,19,2024-07-01
50,2024,8,11.104735043174365,14.304207570929298,12.704471307051833,3.199472527754934,1030.4036865234375,19,2024-08-01
50,2024,9,12.101108805338564,14.682778930664085,13.391943868001325,2.581670125325521,1030.4036865234375,18,2024-09-01
50,2024,10,11.045003933376758,13.611108398437523,12.32805616590714,2.566104465060764,1030.4036865234375,18,2024-10-01
51,2020,10,8.585264828330615,11.29789525082239,9.941580039576502,2.712630422491776,1256.7237548828125,19,2020-10-01
51,2020,11,8.674210719058411,11.437898655941634,10.056054687500023,2.763687936883224,1256.7237548828125,19,2020-11-01
51,2020,12,8.917501831054711,11.241998291015648,10.07975006103518,2.3244964599609377,1256.7237548828125,20,2020-12-01
51,2021,1,9.373681640625023,11.73473671361022,10.554209177117622,2.3610550729851973,1256.7237548828125,19,2021-01-01
51,2021,2,9.36235243853403,12.080587230009215,10.721469834271621,2.718234791475184,1256.7237548828125,17,2021-02-01
51,2021,3,8.923158665707259,11.637369577508247,10.280264121607752,2.7142109118009867,1256.7237548828125,19,2021-03-01
51,2021,4,9.532633249383247,12.6726302297492,11.102631739566224,3.1399969803659538,1256.7237548828125,19,2021-04-01
51,2021,5,10.008003234863304,12.068496704101586,11.038249969482445,2.0604934692382813,1256.7237548828125,20,2021-05-01
51,2021,6,9.951580168071569,11.293682218852819,10.622631193462194,1.34210205078125,1256.7237548828125,19,2021-06-01
51,2021,7,10.053161942331437,11.363684724506601,10.70842333341902,1.3105227821751644,1256.7237548828125,19,2021-07-01
51,2021,8,9.631052438836372,10.902107961554298,10.266580200195335,1.2710555227179277,1256.7237548828125,19,2021-08-01
51,2021,9,9.234211490028805,10.502106034128312,9.86815876207856,1.2678945440995066,1256.7237548828125,19,2021-09-01
51,2021,10,8.869001770019555,10.117498779296898,9.493250274658227,1.2484970092773438,1256.7237548828125,20,2021-10-01
51,2021,11,8.999475097656273,10.271577855160384,9.635526476408328,1.272102757504112,1256.7237548828125,19,2021-11-01
51,2021,12,10.31316046463818,11.557895379317458,10.935527921977819,1.2447349146792763,1256.7237548828125,19,2021-12-01
51,2022,1,8.605263479132423,10.386841141550187,9.496052310341305,1.781577662417763,1256.7237548828125,19,2022-01-01
51,2022,2,8.06411491842833,10.024120734719691,9.044117826574011,1.9600058162913603,1256.7237548828125,17,2022-02-01
51,2022,3,8.934500122070336,11.716998291015647,10.32574920654299,2.7824981689453123,1256.7237548828125,20,2022-03-01
51,2022,4,9.338944605777161,12.36315468236022,10.85104964406869,3.024210076583059,1256.7237548828125,19,2022-04-01
51,2022,5,9.59000147769328,12.703684274773872,11.146842876233576,3.113682797080592,1256.7237548828125,19,2022-05-01
51,2022,6,9.003328789605057,10.761109076605926,9.882218933105491,1.757780287000868,1256.7237548828125,18,2022-06-01
51,2022,7,9.780529142680944,11.350528435958083,10.565528789319513,1.569999293277138,1256.7237548828125,19,2022-07-01
51,2022,8,11.141429792131719,12.238092041015648,11.689760916573684,1.0966622488839286,1256.7237548828125,21,2022-08-01
51,2022,9,9.761049290707259,10.816316624691634,10.288682957699447,1.055267333984375,1256.7237548828125,19,2022-09-01
51,2022,10,10.283683696546076,11.406839792351997,10.845261744449036,1.123156095805921,1256.7237548828125,19,2022-10-01
51,2022,11,10.431110636393251,11.59333190917971,11.012221272786482,1.1622212727864583,1256.7237548828125,18,2022-11-01
51,2022,12,9.50210442793999,11.467894222861865,10.484999325400928,1.965789794921875,1256.7237548828125,19,2022-12-01
51,2023,1,8.546000671386741,10.645997619628929,9.595999145507836,2.0999969482421874,1256.7237548828125,20,2023-01-01
51,2023,2,8.53333435058596,10.81389092339412,9.67361263699004,2.28055657280816,1256.7237548828125,18,2023-02-01
51,2023,3,8.675262772409562,11.615787225020583,10.145524998715072,2.9405244526110197,1256.7237548828125,19,2023-03-01
51,2023,4,10.253001403808616,13.548501586914085,11.900751495361352,3.2955001831054687,1256.7237548828125,20,2023-04-01
51,2023,5,10.838332112630232,14.10277540418839,12.470553758409311,3.26444329155816,1256.7237548828125,18,2023-05-01
51,2023,6,10.524212004009069,13.333157509251668,11.928684756630368,2.808945505242599,1256.7237548828125,19,2023-06-01
51,2023,7,10.887002563476585,11.76350250244143,11.325252532959007,0.8764999389648438,1256.7237548828125,20,2023-07-01
51,2023,8,10.573157380756601,11.543156995271405,11.058157188014002,0.9699996145148027,1256.7237548828125,19,2023-08-01
51,2023,9,10.507219780815994,11.527224053276932,11.017221917046463,1.0200042724609375,1256.7237548828125,18,2023-09-01
51,2023,10,9.836312063116798,11.254213353207259,10.54526270816203,1.4179012900904606,1256.7237548828125,19,2023-10-01
51,2023,11,11.09799957275393,12.620999145507835,11.859499359130883,1.5229995727539063,1256.7237548828125,20,2023-11-01
51,2023,12,12.335000610351585,14.343498229980492,13.339249420166038,2.008497619628906,1256.7237548828125,20,2023-12-01
51,2024,1,11.146002197265648,13.284500122070336,12.215251159667991,2.1384979248046876,1256.7237548828125,20,2024-01-01
51,2024,2,11.182222832573807,14.043332248263912,12.61277754041886,2.861109415690104,1256.7237548828125,18,2024-02-01
51,2024,3,10.417501831054711,13.903997802734398,12.160749816894555,3.4864959716796875,1256.7237548828125,20,2024-03-01
51,2024,4,10.485261937191634,14.225793457031273,12.355527697111453,3.7405315198396383,1256.7237548828125,19,2024-04-01
51,2024,5,10.60631232010693,14.320001220703148,12.463156770405039,3.713688900596217,1256.7237548828125,19,2024-05-01
51,2024,6,10.00736790707239,13.524738833778805,11.766053370425599,3.5173709267064144,1256.7237548828125,19,2024-06-01
51,2024,7,10.293158601459726,13.783156866776338,12.038157734118032,3.4899982653166117,1256.7237548828125,19,2024-07-01
51,2024,8,9.858419639185877,12.940524773848708,11.399472206517293,3.0821051346628288,1256.7237548828125,19,2024-08-01
51,2024,9,11.62157753392272,12.257369513260713,11.939473523591717,0.6357919793379935,1256.7237548828125,19,2024-09-01
51,2024,10,11.433889431423633,13.423886447482662,12.428887939453148,1.9899970160590277,1256.7237548828125,18,2024-10-01
52,2020,10,9.431581517269759,11.516314376027983,10.473947946648872,2.084732858758224,1364.3589477539063,19,2020-10-01
52,2020,11,10.462105520148048,10.493684788754134,10.477895154451092,0.03157926860608553,1364.3589477539063,19,2020-11-01
52,2020,12,9.491998291015648,10.349002075195335,9.920500183105492,0.8570037841796875,1364.3589477539063,20,2020-12-01
52,2021,1,8.871582352487687,11.086320094058411,9.978951223273048,2.214737741570724,1364.3589477539063,19,2021-01-01
52,2021,2,9.257061408547816,11.995882999195794,10.626472203871806,2.738821590647978,1364.3589477539063,17,2021-02-01
52,2021,3,9.215264892578148,12.233157830489333,10.72421136153374,3.017892937911184,1364.3589477539063,19,2021-03-01
52,2021,4,10.033158472964661,13.625263736122555,11.829211104543608,3.5921052631578947,1364.3589477539063,19,2021-04-01
52,2021,5,10.419001770019554,13.904499816894553,12.161750793457054,3.485498046875,1364.3589477539063,20,2021-05-01
52,2021,6,10.332627467105286,13.001579204358576,11.66710333573193,2.6689517372532894,1364.3589477539063,19,2021-06-01
52,2021,7,10.780000706722884,13.38473382247124,12.082367264597062,2.6047331157483553,1364.3589477539063,19,2021-07-01
52,2021,8,10.50631585372124,13.007893130653805,11.757104492187523,2.501577276932566,1364.3589477539063,19,2021-08-01
52,2021,9,10.282631643194923,12.66368536698193,11.473158505088428,2.3810537237870064,1364.3589477539063,19,2021-09-01
52,2021,10,9.96400299072268,12.010997009277366,10.987500000000022,2.0469940185546873,1364.3589477539063,20,2021-10-01
52,2021,11,9.851578883120911,12.487896086040319,11.169737484580615,2.636317202919408,1364.3589477539063,19,2021-11-01
52,2021,12,9.630527215254958,12.737896086040319,11.184211650647638,3.1073688707853617,1364.3589477539063,19,2021-12-01
52,2022,1,8.463686009457259,10.994736842105286,9.729211425781273,2.531050832648026,1364.3589477539063,19,2022-01-01
52,2022,2,8.21411420036767,10.599409395105722,9.406761797736696,2.3852951947380516,1364.3589477539063,17,2022-02-01
52,2022,3,9.46850280761721,12.497996520996116,10.983249664306664,3.029493713378906,1364.3589477539063,20,2022-03-01
52,2022,4,9.642107833059233,12.991052246093773,11.316580039576502,3.3489444130345394,1364.3589477539063,19,2022-04-01
52,2022,5,9.749471885279627,13.213159179687523,11.481315532483576,3.4636872944078947,1364.3589477539063,19,2022-05-01
52,2022,6,11.845554606119814,11.346110704210092,11.595832655164953,-0.4994439019097222,1364.3589477539063,18,2022-06-01
52,2022,7,13.335785233347062,12.10420981959295,12.719997526470006,-1.231575413754112,1364.3589477539063,19,2022-07-01
52,2022,8,11.144001770019553,12.581001281738304,11.86250152587893,1.43699951171875,1364.3589477539063,20,2022-08-01
52,2022,9,9.835263222142293,11.352104106702326,10.59368366442231,1.516840884560033,1364.3589477539063,19,2022-09-01
52,2022,10,10.285792621813345,11.873688065378312,11.079740343595828,1.587895443564967,1364.3589477539063,19,2022-10-01
52,2022,11,10.265552775065126,12.303889634874155,11.28472120496964,2.0383368598090277,1364.3589477539063,18,2022-11-01
52,2022,12,10.351578883120911,11.06631341231499,10.70894614771795,0.714734529194079,1364.3589477539063,19,2022-12-01
52,2023,1,9.584001159667991,10.09300231933596,9.838501739501975,0.5090011596679688,1364.3589477539063,20,2023-01-01
52,2023,2,8.981111992730057,10.687227715386307,9.834169854058182,1.70611572265625,1364.3589477539063,18,2023-02-01
52,2023,3,9.474736585115155,12.192110081722884,10.83342333341902,2.7173734966077303,1364.3589477539063,19,2023-03-01
52,2023,4,11.047365208676009,13.9715804250617,12.509472816868856,2.924215216385691,1364.3589477539063,19,2023-04-01
52,2023,5,11.57166442871096,14.511668565538217,13.041666497124588,2.940004136827257,1364.3589477539063,18,2023-05-01
52,2023,6,11.307895379317458,13.71263556229443,12.510265470805944,2.404740182976974,1364.3589477539063,19,2023-06-01
52,2023,7,12.122001647949242,14.044999694824241,13.08350067138674,1.922998046875,1364.3589477539063,20,2023-07-01
52,2023,8,10.844736520867622,13.202103785464661,12.02342015316614,2.3573672645970394,1364.3589477539063,19,2023-08-01
52,2023,9,10.606666395399328,13.215554809570335,11.911110602484833,2.608888414171007,1364.3589477539063,18,2023-09-01
52,2023,10,9.992107511821569,12.904213674444923,11.448160593133247,2.9121061626233553,1364.3589477539063,19,2023-10-01
52,2023,11,10.827223714192732,13.947776624891516,12.387500169542124,3.120552910698785,1364.3589477539063,18,2023-11-01
52,2023,12,10.449499511718773,13.711499023437522,12.080499267578148,3.26199951171875,1364.3589477539063,20,2023-12-01
52,2024,1,10.115501403808617,12.584501647949242,11.350001525878929,2.469000244140625,1364.3589477539063,20,2024-01-01
52,2024,2,10.655553860134571,13.279999457465301,11.967776658799936,2.624445597330729,1364.3589477539063,18,2024-02-01
52,2024,3,11.121499633789085,14.35450134277346,12.738000488281273,3.233001708984375,1364.3589477539063,20,2024-03-01
52,2024,4,11.521579461348708,15.104735043174365,13.313157252261536,3.583155581825658,1364.3589477539063,19,2024-04-01
52,2024,5,11.830001349198213,14.713686009457259,13.271843679327736,2.8836846602590462,1364.3589477539063,19,2024-05-01
52,2024,6,11.19631829512749,13.40263157894739,12.29947493703744,2.206313283819901,1364.3589477539063,19,2024-06-01
52,2024,7,11.546839985094595,13.435266113281273,12.491053049187935,1.8884261281866777,1364.3589477539063,19,2024-07-01
52,2024,8,10.93210352847453,12.694736199629958,11.813419864052243,1.7626326711554277,1364.3589477539063,19,2024-08-01
52,2024,9,11.408948717619266,14.01736964175578,12.713159179687523,2.6084209241365133,1364.3589477539063,19,2024-09-01
52,2024,10,12.365555487738739,15.272224256727453,13.818889872233095,2.906668768988715,1364.3589477539063,18,2024-10-01
53,2020,10,9.143683503803476,11.668422016344595,10.406052760074036,2.5247385125411186,1327.622802734375,19,2020-10-01
53,2020,11,9.763681833367622,11.764211875514002,10.763946854440812,2.0005300421463814,1327.622802734375,19,2020-11-01
53,2020,12,9.039501953125022,10.738000488281273,9.888751220703147,1.69849853515625,1327.622802734375,20,2020-12-01
53,2021,1,9.565788188733576,11.028948653371733,10.297368421052655,1.463160464638158,1327.622802734375,19,2021-01-01
53,2021,2,9.685881850298736,11.990000287224287,10.837941068761511,2.3041184369255516,1327.622802734375,17,2021-02-01
53,2021,3,8.90421046206828,12.130524002878312,10.517367232473296,3.226313540810033,1327.622802734375,19,2021-03-01
53,2021,4,9.85263575503703,13.606317138671898,11.729476446854463,3.7536813836348686,1327.622802734375,19,2021-04-01
53,2021,5,10.569499206542991,14.228495788574241,12.398997497558616,3.65899658203125,1327.622802734375,20,2021-05-01
53,2021,6,10.038943963301833,11.93473607113489,10.986840017218361,1.8957921078330593,1327.622802734375,19,2021-06-01
53,2021,7,10.312103592722062,11.800002569901338,11.0560530813117,1.4878989771792763,1327.622802734375,19,2021-07-01
53,2021,8,10.157895058079793,11.51052727950249,10.83421116879114,1.3526322214226973,1327.622802734375,19,2021-08-01
53,2021,9,9.727367521587194,10.99052862870068,10.358948075143937,1.263161107113487,1327.622802734375,19,2021-09-01
53,2021,10,9.457000732421898,10.647500610351585,10.05225067138674,1.1904998779296876,1327.622802734375,20,2021-10-01
53,2021,11,10.101050447162851,10.790524452611043,10.445787449886947,0.6894740054481908,1327.622802734375,19,2021-11-01
53,2021,12,10.647890111019759,11.151054302014826,10.899472206517293,0.5031641909950658,1327.622802734375,19,2021-12-01
53,2022,1,8.999471885279627,10.122631193462194,9.561051539370911,1.1231593081825657,1327.622802734375,19,2022-01-01
53,2022,2,8.39529526654414,10.59176384420958,9.493529555376861,2.196468577665441,1327.622802734375,17,2022-02-01
53,2022,3,9.010000610351586,13.135998535156272,11.072999572753929,4.125997924804688,1327.622802734375,20,2022-03-01
53,2022,4,9.186841784025516,14.38473382247124,11.785787803248377,5.1978920384457235,1327.622802734375,19,2022-04-01
53,2022,5,9.304209177117622,14.696840306332259,12.00052474172494,5.392631129214638,1327.622802734375,19,2022-05-01
53,2022,6,8.881667073567732,11.18944532606339,10.035556199815561,2.30777825249566,1327.622802734375,18,2022-06-01
53,2022,7,9.573501586914086,11.433999633789085,10.503750610351585,1.860498046875,1327.622802734375,20,2022-07-01
53,2022,8,9.685002552379284,11.521819513494341,10.603411032936812,1.8368169611150569,1327.622802734375,22,2022-08-01
53,2022,9,8.735263543379958,9.920524516858576,9.327894030119266,1.1852609734786184,1327.622802734375,19,2022-09-01
53,2022,10,9.785262579666963,10.482107383326502,10.133684981496733,0.6968448036595395,1327.622802734375,19,2022-10-01
53,2022,11,9.787221950954883,10.942219034830751,10.364720492892818,1.154997083875868,1327.622802734375,18,2022-11-01
53,2022,12,9.347894287109398,11.565262965152161,10.45657862613078,2.2173686780427633,1327.622802734375,19,2022-12-01
53,2023,1,8.833999633789086,10.71600036621096,9.775000000000023,1.882000732421875,1327.622802734375,20,2023-01-01
53,2023,2,8.947217135959225,11.006663682725717,9.97694040934247,2.059446546766493,1327.622802734375,18,2023-02-01
53,2023,3,9.042106548108576,12.497369384765648,10.769737966437111,3.4552628366570723,1327.622802734375,19,2023-03-01
53,2023,4,10.50047781808038,14.817620849609398,12.659049333844889,4.317143031529018,1327.622802734375,21,2023-04-01
53,2023,5,10.5036849172492,14.099473170230286,12.301579043739743,3.5957882529810856,1327.622802734375,19,2023-05-01
53,2023,6,10.343682861328148,13.406314568770583,11.874998715049365,3.062631707442434,1327.622802734375,19,2023-06-01
53,2023,7,11.16399841308596,14.391502380371117,12.777750396728539,3.2275039672851564,1327.622802734375,20,2023-07-01
53,2023,8,10.512104556435055,14.14315667403374,12.327630615234398,3.631052117598684,1327.622802734375,19,2023-08-01
53,2023,9,10.226113891601585,12.001109483506967,11.113611687554275,1.774995591905382,1327.622802734375,18,2023-09-01
53,2023,10,9.834209562602819,11.66684473941203,10.750527151007423,1.8326351768092106,1327.622802734375,19,2023-10-01
53,2023,11,11.063500976562523,13.18100280761721,12.122251892089867,2.1175018310546876,1327.622802734375,20,2023-11-01
53,2023,12,11.476499938964867,12.525000000000023,12.000749969482445,1.0485000610351563,1327.622802734375,20,2023-12-01
53,2024,1,10.662500000000023,11.583499145507835,11.12299957275393,0.9209991455078125,1327.622802734375,20,2024-01-01
53,2024,2,10.127054730583662,12.849407599954066,11.488231165268864,2.7223528693704044,1327.622802734375,17,2024-02-01
53,2024,3,10.208499145507835,14.224000549316429,12.216249847412133,4.015501403808594,1327.622802734375,20,2024-03-01
53,2024,4,10.455264764083083,15.715790116159562,13.085527440121322,5.26052535207648,1327.622802734375,19,2024-04-01
53,2024,5,10.952106997841305,15.796316367701502,13.374211682771405,4.844209369860198,1327.622802734375,19,2024-05-01
53,2024,6,10.638946854440812,14.704209498355286,12.671578176398048,4.0652626439144735,1327.622802734375,19,2024-06-01
53,2024,7,10.858946468955615,14.424735942639826,12.64184120579772,3.5657894736842106,1327.622802734375,19,2024-07-01
53,2024,8,10.459998201069101,13.335263222142293,11.897630711605697,2.875265021073191,1327.622802734375,19,2024-08-01
53,2024,9,11.904735685649694,11.401055908203148,11.65289579692642,-0.503679777446546,1327.622802734375,19,2024-09-01
53,2024,10,10.43389112684464,10.782781643337696,10.60833638509117,0.3488905164930556,1327.622802734375,18,2024-10-01
54,2020,10,13.385265470805944,14.865265213815812,14.125265342310877,1.4799997430098684,1181.7261962890625,19,2020-10-01
54,2020,11,13.282104813425187,11.913155324835548,12.597630069130368,-1.368949488589638,1181.7261962890625,19,2020-11-01
54,2020,12,11.325498962402367,12.470500183105491,11.897999572753928,1.145001220703125,1181.7261962890625,20,2020-12-01
54,2021,1,11.541054494757423,14.792630165501668,13.166842330129546,3.2515756707442436,1181.7261962890625,19,2021-01-01
54,2021,2,12.932937801585501,16.48470279469212,14.708820298138809,3.5517649931066178,1181.7261962890625,17,2021-02-01
54,2021,3,11.850528435958083,16.184736071134893,14.017632253546486,4.334207635176809,1181.7261962890625,19,2021-03-01
54,2021,4,12.319999614514826,17.186840177837194,14.753419896176009,4.866840563322368,1181.7261962890625,19,2021-04-01
54,2021,5,12.37699890136721,17.13899841308596,14.757998657226585,4.76199951171875,1181.7261962890625,20,2021-05-01
54,2021,6,10.660000770970418,16.03263485557157,13.346317813270993,5.3726340846011515,1181.7261962890625,19,2021-06-01
54,2021,7,10.833157509251668,16.4257896021793,13.629473555715483,5.592632092927632,1181.7261962890625,19,2021-07-01
54,2021,8,10.441576827199858,15.991049033717127,13.216312930458493,5.54947220651727,1181.7261962890625,19,2021-08-01
54,2021,9,10.151055908203148,15.635789088199036,12.893422498201092,5.484733179995888,1181.7261962890625,19,2021-09-01
54,2021,10,10.15900115966799,14.082000732421898,12.120500946044945,3.9229995727539064,1181.7261962890625,20,2021-10-01
54,2021,11,10.334734786184233,11.949474455180944,11.142104620682588,1.6147396689967106,1181.7261962890625,19,2021-11-01
54,2021,12,12.09158196700249,12.234211490028805,12.162896728515648,0.1426295230263158,1181.7261962890625,19,2021-12-01
54,2022,1,12.262102950246733,14.206313605057588,13.234208277652161,1.9442106548108553,1181.7261962890625,19,2022-01-01
54,2022,2,10.45117474724267,14.471765136718773,12.461469941980722,4.020590389476103,1181.7261962890625,17,2022-02-01
54,2022,3,11.481004333496116,17.156501770019553,14.318753051757835,5.675497436523438,1181.7261962890625,20,2022-03-01
54,2022,4,11.611048969469595,17.940001156455615,14.775525062962606,6.32895218698602,1181.7261962890625,19,2022-04-01
54,2022,5,11.823157380756601,18.328946083470417,15.076051732113509,6.505788702713816,1181.7261962890625,19,2022-05-01
54,2022,6,10.848887803819467,16.935554334852455,13.89222106933596,6.086666531032986,1181.7261962890625,18,2022-06-01
54,2022,7,12.189474326685877,18.812106805098708,15.500790565892293,6.622632478412829,1181.7261962890625,19,2022-07-01
54,2022,8,11.697497558593772,18.191998291015647,14.94474792480471,6.494500732421875,1181.7261962890625,20,2022-08-01
54,2022,9,11.643685109991798,15.481577341180122,13.56263122558596,3.8378922311883223,1181.7261962890625,19,2022-09-01
54,2022,10,13.353159372430122,13.993686394942458,13.673422883686289,0.6405270225123355,1181.7261962890625,19,2022-10-01
54,2022,11,13.272220865885439,13.92499694824221,13.598608907063825,0.6527760823567709,1181.7261962890625,18,2022-11-01
54,2022,12,13.055264442845418,13.707890881990155,13.381577662417786,0.6526264391447368,1181.7261962890625,19,2022-12-01
54,2023,1,10.577502441406272,14.938005065917991,12.757753753662133,4.360502624511719,1181.7261962890625,20,2023-01-01
54,2023,2,11.755556572808182,16.6505557590061,14.20305616590714,4.894999186197917,1181.7261962890625,18,2023-02-01
54,2023,3,11.378419896176009,17.961050254420254,14.669735075298131,6.582630358244243,1181.7261962890625,19,2023-03-01
54,2023,4,12.341051924856108,19.4631575734992,15.902104749177655,7.1221056486430925,1181.7261962890625,19,2023-04-01
54,2023,5,12.752777777777801,19.275552368164085,16.014165072970943,6.522774590386285,1181.7261962890625,18,2023-05-01
54,2023,6,12.565262965152161,18.579472913240153,15.572367939196157,6.014209948087993,1181.7261962890625,19,2023-06-01
54,2023,7,13.082501220703147,19.267498779296897,16.175000000000022,6.18499755859375,1181.7261962890625,20,2023-07-01
54,2023,8,12.357369192023048,18.668950452302653,15.513159822162851,6.311581260279605,1181.7261962890625,19,2023-08-01
54,2023,9,12.383891465928842,18.749442884657142,15.566667175292991,6.365551418728298,1181.7261962890625,18,2023-09-01
54,2023,10,11.336315275493444,17.436318166632425,14.386316721062935,6.10000289113898,1181.7261962890625,19,2023-10-01
54,2023,11,11.995788895456437,18.32789724249591,15.161843068976173,6.3321083470394735,1181.7261962890625,19,2023-11-01
54,2023,12,12.770498657226586,15.547502136230491,14.159000396728539,2.7770034790039064,1181.7261962890625,20,2023-12-01
54,2024,1,13.593686073704793,16.067895507812523,14.830790790758657,2.4742094341077303,1181.7261962890625,19,2024-01-01
54,2024,2,13.348333401150196,17.33166910807294,15.340001254611568,3.983335706922743,1181.7261962890625,18,2024-02-01
54,2024,3,13.430000305175804,18.48999938964846,15.959999847412131,5.059999084472656,1181.7261962890625,20,2024-03-01
54,2024,4,12.944734593441634,18.970003148129134,15.957368870785384,6.0252685546875,1181.7261962890625,19,2024-04-01
54,2024,5,13.343689286081437,19.755790630139824,16.54973995811063,6.412101344058388,1181.7261962890625,19,2024-05-01
54,2024,6,12.153683632298543,18.46105507298522,15.307369352641881,6.307371440686677,1181.7261962890625,19,2024-06-01
54,2024,7,12.847369063527983,19.291578112150518,16.06947358783925,6.4442090486225325,1181.7261962890625,19,2024-07-01
54,2024,8,12.314734529194101,18.33842098838407,15.326577758789085,6.0236864591899675,1181.7261962890625,19,2024-08-01
54,2024,9,12.280000706722884,16.31999640213818,14.299998554430532,4.039995695415296,1181.7261962890625,19,2024-09-01
54,2024,10,11.92277764214412,16.00611267089846,13.96444515652129,4.08333502875434,1181.7261962890625,18,2024-10-01
55,2020,10,10.73105372378703,11.942633699115976,11.336843711451502,1.2115799753289473,1193.0613403320313,19,2020-10-01
55,2020,11,11.253686523437523,11.28683985659953,11.270263190018525,0.03315333316200658,1193.0613403320313,19,2020-11-01
55,2020,12,10.533998107910179,11.136500549316429,10.835249328613305,0.60250244140625,1193.0613403320313,20,2020-12-01
55,2021,1,10.464206414473708,11.23105372378703,10.847630069130368,0.7668473093133223,1193.0613403320313,19,2021-01-01
55,2021,2,11.178236299402597,11.945880845013809,11.562058572208203,0.7676445456112132,1193.0613403320313,17,2021-02-01
55,2021,3,10.86105218184624,11.928420538651338,11.394736360248789,1.0673683568050987,1193.0613403320313,19,2021-03-01
55,2021,4,11.406317781147226,13.217367393092127,12.311842587119678,1.8110496119449013,1193.0613403320313,19,2021-04-01
55,2021,5,11.833003234863304,13.612995910644553,12.72299957275393,1.77999267578125,1193.0613403320313,20,2021-05-01
55,2021,6,11.227895957545252,12.825791529605286,12.02684374357527,1.597895572060033,1193.0613403320313,19,2021-06-01
55,2021,7,11.642107833059233,13.157891845703148,12.39999983938119,1.5157840126439144,1193.0613403320313,19,2021-07-01
55,2021,8,11.5036849172492,11.42684165553045,11.465263286389826,-0.07684326171875,1193.0613403320313,19,2021-08-01
55,2021,9,11.368948203639002,10.730523681640648,11.049735942639826,-0.6384245219983553,1193.0613403320313,19,2021-09-01
55,2021,10,11.020997619628929,10.398002624511742,10.709500122070335,-0.6229949951171875,1193.0613403320313,20,2021-10-01
55,2021,11,11.224208149157095,10.598946340460548,10.911577244808822,-0.625261808696546,1193.0613403320313,19,2021-11-01
55,2021,12,11.943685752467127,12.00052393863078,11.972104845548953,0.056838186163651314,1193.0613403320313,19,2021-12-01
55,2022,1,10.584209562602819,11.219469893606108,10.901839728104463,0.6352603310032895,1193.0613403320313,19,2022-01-01
55,2022,2,10.047059182559765,11.00470616957723,10.525882676068496,0.9576469870174632,1193.0613403320313,17,2022-02-01
55,2022,3,11.31449890136721,12.917999267578148,12.11624908447268,1.6035003662109375,1193.0613403320313,20,2022-03-01
55,2022,4,11.392103014494266,13.379997173108576,12.38605009380142,1.9878941586143093,1193.0613403320313,19,2022-04-01
55,2022,5,11.537366686369266,13.72789435135693,12.632630518863099,2.1905276649876644,1193.0613403320313,19,2022-05-01
55,2022,6,10.890554470486133,12.753335571289085,11.82194502088761,1.8627811008029513,1193.0613403320313,18,2022-06-01
55,2022,7,11.956845253392293,13.93999794407897,12.948421598735631,1.9831526906866777,1193.0613403320313,19,2022-07-01
55,2022,8,11.658999633789085,13.605000305175803,12.631999969482445,1.9460006713867188,1193.0613403320313,20,2022-08-01
55,2022,9,10.489998586554298,11.321051667865976,10.905525127210138,0.8310530813116777,1193.0613403320313,19,2022-09-01
55,2022,10,10.926311613384069,10.94157843338818,10.933945023386125,0.015266820004111841,1193.0613403320313,19,2022-10-01
55,2022,11,11.538330756293426,11.46666700575089,11.502498881022158,-0.07166375054253472,1193.0613403320313,18,2022-11-01
55,2022,12,11.464209626850351,11.338420988384069,11.40131530761721,-0.12578863846628288,1193.0613403320313,19,2022-12-01
55,2023,1,10.606497192382836,11.319499206542991,10.962998199462913,0.7130020141601563,1193.0613403320313,20,2023-01-01
55,2023,2,10.745000881618946,11.557226223415821,11.151113552517383,0.812225341796875,1193.0613403320313,18,2023-02-01
55,2023,3,11.151582737972884,12.709474583676009,11.930528660824447,1.557891845703125,1193.0613403320313,19,2023-03-01
55,2023,4,12.886841141550187,14.1573714406867,13.522106291118444,1.270530299136513,1193.0613403320313,19,2023-04-01
55,2023,5,13.541111246744814,14.485553995768251,14.013332621256533,0.9444427490234375,1193.0613403320313,18,2023-05-01
55,2023,6,13.070523231907918,13.777891781455615,13.424207506681766,0.7073685495476973,1193.0613403320313,19,2023-06-01
55,2023,7,13.889996337890647,14.120500183105491,14.00524826049807,0.23050384521484374,1193.0613403320313,20,2023-07-01
55,2023,8,13.299472527754958,13.051049804687523,13.17526116622124,-0.2484227230674342,1193.0613403320313,19,2023-08-01
55,2023,9,13.164997355143251,12.964447699652801,13.064722527398025,-0.2005496554904514,1193.0613403320313,18,2023-09-01
55,2023,10,12.036313026829793,12.278948653371733,12.157630840100763,0.2426356265419408,1193.0613403320313,19,2023-10-01
55,2023,11,12.782101601048543,13.034732537520583,12.908417069284562,0.2526309364720395,1193.0613403320313,19,2023-11-01
55,2023,12,12.90400085449221,14.605999755859397,13.755000305175804,1.7019989013671875,1193.0613403320313,20,2023-12-01
55,2024,1,12.19200134277346,13.540502929687523,12.866252136230491,1.3485015869140624,1193.0613403320313,20,2024-01-01
55,2024,2,12.234443495008703,13.941664632161482,13.088054063585092,1.7072211371527777,1193.0613403320313,18,2024-02-01
55,2024,3,12.275999450683617,14.545999145507835,13.410999298095726,2.269999694824219,1193.0613403320313,20,2024-03-01
55,2024,4,12.60262933028374,15.320526444284562,13.96157788728415,2.7178971140008223,1193.0613403320313,19,2024-04-01
55,2024,5,12.805261230468773,15.69315892269739,14.249210076583083,2.8878976922286186,1193.0613403320313,19,2024-05-01
55,2024,6,12.077363987972884,14.916314697265648,13.496839342619266,2.8389507092927633,1193.0613403320313,19,2024-06-01
55,2024,7,12.459999807257423,15.089474647923543,13.774737227590483,2.6294748406661186,1193.0613403320313,19,2024-07-01
55,2024,8,11.882634534333905,12.721578818873377,12.30210667660364,0.8389442845394737,1193.0613403320313,19,2024-08-01
55,2024,9,12.54105128238078,13.203159051192458,12.872105166786618,0.6621077688116777,1193.0613403320313,19,2024-09-01
55,2024,10,11.99888848198787,13.16166924370662,12.580278862847244,1.16278076171875,1193.0613403320313,18,2024-10-01
56,2020,10,8.981582159745088,12.188950709292786,10.585266434518937,3.2073685495476973,1586.5170288085938,19,2020-10-01
56,2020,11,9.81316046463818,12.07578831722864,10.944474390933411,2.2626278525904606,1586.5170288085938,19,2020-11-01
56,2020,12,8.902497863769554,11.543504333496116,10.223001098632835,2.6410064697265625,1586.5170288085938,20,2020-12-01
56,2021,1,8.785262579666963,12.222629266036208,10.503945922851585,3.4373666863692436,1586.5170288085938,19,2021-01-01
56,2021,2,8.782938519646162,13.72235394646142,11.252646233053792,4.939415426815257,1586.5170288085938,17,2021-02-01
56,2021,3,7.875262129934233,13.808420602898872,10.841841366416553,5.933158472964638,1586.5170288085938,19,2021-03-01
56,2021,4,8.805789666426833,16.08052336040298,12.443156513414907,7.2747336939761515,1586.5170288085938,19,2021-04-01
56,2021,5,9.823001098632835,16.99299926757815,13.408000183105491,7.1699981689453125,1586.5170288085938,20,2021-05-01
56,2021,6,9.228949617084726,14.774207185444101,12.001578401264414,5.545257568359375,1586.5170288085938,19,2021-06-01
56,2021,7,9.541052888569101,13.396319258840483,11.468686073704793,3.8552663702713814,1586.5170288085938,19,2021-07-01
56,2021,8,9.2384261281867,12.997894608347062,11.118160368266881,3.7594684801603617,1586.5170288085938,19,2021-08-01
56,2021,9,9.108946468955615,12.846315403988509,10.977630936472062,3.7373689350328947,1586.5170288085938,19,2021-09-01
56,2021,10,8.77100067138674,12.388000488281273,10.579500579834008,3.6169998168945314,1586.5170288085938,20,2021-10-01
56,2021,11,8.493156352796076,11.698417583264826,10.09578696803045,3.20526123046875,1586.5170288085938,19,2021-11-01
56,2021,12,8.524212004009069,12.29473427220397,10.40947313810652,3.770522268194901,1586.5170288085938,19,2021-12-01
56,2022,1,7.535265792043608,12.051581453022226,9.793423622532918,4.516315660978618,1586.5170288085938,19,2022-01-01
56,2022,2,7.017649213005537,12.261764705882376,9.639706959443956,5.244115492876838,1586.5170288085938,17,2022-02-01
56,2022,3,8.02799987792971,15.343000793457055,11.685500335693382,7.315000915527344,1586.5170288085938,20,2022-03-01
56,2022,4,8.161051218133247,16.379995566920254,12.27052339252675,8.218944348787007,1586.5170288085938,19,2022-04-01
56,2022,5,8.391579397101173,17.018945312500023,12.705262354800599,8.62736591539885,1586.5170288085938,19,2022-05-01
56,2022,6,8.543888346354189,12.354999796549501,10.449444071451845,3.8111114501953125,1586.5170288085938,18,2022-06-01
56,2022,7,9.517368035567458,12.952630615234398,11.234999325400928,3.435262579666941,1586.5170288085938,19,2022-07-01
56,2022,8,9.158000183105491,12.443501281738303,10.800750732421898,3.2855010986328126,1586.5170288085938,20,2022-08-01
56,2022,9,8.490525416324036,11.573682604338016,10.032104010331025,3.0831571880139803,1586.5170288085938,19,2022-09-01
56,2022,10,8.837368935032918,12.0357894094367,10.43657917223481,3.198420474403783,1586.5170288085938,19,2022-10-01
56,2022,11,8.84777730305992,12.039999050564258,10.443888176812088,3.19222174750434,1586.5170288085938,18,2022-11-01
56,2022,12,8.564736135382423,11.970525159333905,10.267630647358164,3.4057890239514803,1586.5170288085938,19,2022-12-01
56,2023,1,7.722499084472679,11.894499206542992,9.808499145507835,4.172000122070313,1586.5170288085938,20,2023-01-01
56,2023,2,8.162776353624155,13.315554131401932,10.739165242513044,5.152777777777778,1586.5170288085938,18,2023-02-01
56,2023,3,8.207368870785384,14.442105263157918,11.32473706697165,6.2347363923725325,1586.5170288085938,19,2023-03-01
56,2023,4,9.277369770250845,16.336316881681768,12.806843325966305,7.058947111430921,1586.5170288085938,19,2023-04-01
56,2023,5,9.704446411132835,16.3844424777561,13.044444444444467,6.679996066623264,1586.5170288085938,18,2023-05-01
56,2023,6,9.436841784025516,15.732631000719595,12.584736392372555,6.295789216694079,1586.5170288085938,19,2023-06-01
56,2023,7,10.636500549316429,15.595498657226585,13.115999603271508,4.958998107910157,1586.5170288085938,20,2023-07-01
56,2023,8,10.137369577508247,13.778423429790319,11.957896503649282,3.6410538522820723,1586.5170288085938,19,2023-08-01
56,2023,9,10.173335435655405,13.202225409613739,11.687780422634571,3.0288899739583335,1586.5170288085938,18,2023-09-01
56,2023,10,10.010525673314168,12.197368742290319,11.103947207802243,2.186843068976151,1586.5170288085938,19,2023-10-01
56,2023,11,10.372632799650516,12.060527921977819,11.216580360814168,1.6878951223273027,1586.5170288085938,19,2023-11-01
56,2023,12,10.214498901367211,12.569999694824242,11.392249298095726,2.3555007934570313,1586.5170288085938,20,2023-12-01
56,2024,1,9.880000232514904,13.321900576636928,11.600950404575915,3.4419003441220237,1586.5170288085938,21,2024-01-01
56,2024,2,9.603887600368946,14.470556301540821,12.037221950954883,4.866668701171875,1586.5170288085938,18,2024-02-01
56,2024,3,9.404498291015647,16.28150024414065,12.842999267578147,6.877001953125,1586.5170288085938,20,2024-03-01
56,2024,4,9.708944541529627,17.916844739412028,13.812894640470828,8.2079001978824,1586.5170288085938,19,2024-04-01
56,2024,5,10.151574707031273,18.11684249074838,14.134208598889826,7.965267783717105,1586.5170288085938,19,2024-05-01
56,2024,6,9.721055201480286,15.107894415604463,12.414474808542375,5.386839214124177,1586.5170288085938,19,2024-06-01
56,2024,7,10.115265213815812,14.573157380756601,12.344211297286208,4.457892166940789,1586.5170288085938,19,2024-07-01
56,2024,8,11.082632285670252,13.194210976048543,12.138421630859398,2.1115786903782894,1586.5170288085938,19,2024-08-01
56,2024,9,10.801578240645583,12.996844161184233,11.899211200914907,2.195265920538651,1586.5170288085938,19,2024-09-01
56,2024,10,10.211665513780405,12.733334689670162,11.472500101725283,2.521669175889757,1586.5170288085938,18,2024-10-01
57,2020,10,9.143681897615155,10.273158344469595,9.708420121042375,1.1294764468544407,1259.827392578125,19,2020-10-01
57,2020,11,10.469476318359398,10.465264892578148,10.467370605468773,-0.00421142578125,1259.827392578125,19,2020-11-01
57,2020,12,9.523500061035179,10.180497741699241,9.85199890136721,0.6569976806640625,1259.827392578125,20,2020-12-01
57,2021,1,9.103159372430122,10.97263087222453,10.037895122327326,1.869471499794408,1259.827392578125,19,2021-01-01
57,2021,2,9.434704230813441,11.939998133042302,10.687351181927871,2.5052939022288605,1259.827392578125,17,2021-02-01
57,2021,3,8.900522653680122,12.032633249383247,10.466577951531685,3.132110595703125,1259.827392578125,19,2021-03-01
57,2021,4,9.617370926706437,13.127893066406273,11.372631996556356,3.5105221396998356,1259.827392578125,19,2021-04-01
57,2021,5,10.135501098632835,13.465002441406273,11.800251770019553,3.3295013427734377,1259.827392578125,20,2021-05-01
57,2021,6,9.578420859889002,11.537369898745911,10.557895379317458,1.958949038856908,1259.827392578125,19,2021-06-01
57,2021,7,9.838946211965483,11.709999807257423,10.774473009611453,1.8710535952919407,1259.827392578125,19,2021-07-01
57,2021,8,9.154737291838016,11.665789473684233,10.410263382761125,2.511052181846217,1259.827392578125,19,2021-08-01
57,2021,9,8.74894505550989,11.603684596011536,10.176314825760713,2.8547395405016447,1259.827392578125,19,2021-09-01
57,2021,10,8.458001708984398,11.260499572753929,9.859250640869163,2.8024978637695313,1259.827392578125,20,2021-10-01
57,2021,11,10.25210442793999,11.60420981959295,10.92815712376647,1.3521053916529606,1259.827392578125,19,2021-11-01
57,2021,12,10.62315802323193,11.295787931743444,10.959472977487687,0.6726299085115132,1259.827392578125,19,2021-12-01
57,2022,1,8.745788895456437,10.19420936986022,9.469999132658328,1.448420474403783,1259.827392578125,19,2022-01-01
57,2022,2,8.279412841796898,10.136472096162706,9.207942468979802,1.8570592543658089,1259.827392578125,17,2022-02-01
57,2022,3,9.401496887207054,12.127500915527367,10.76449890136721,2.7260040283203124,1259.827392578125,20,2022-03-01
57,2022,4,9.60210731907897,13.062630422491798,11.332368870785384,3.4605231034128288,1259.827392578125,19,2022-04-01
57,2022,5,9.690524773848708,12.51262978001647,11.101577276932588,2.8221050061677633,1259.827392578125,19,2022-05-01
57,2022,6,8.609443495008703,10.277222357855926,9.443332926432314,1.6677788628472223,1259.827392578125,18,2022-06-01
57,2022,7,9.33842259457239,11.118949809827326,10.228686202199858,1.7805272152549343,1259.827392578125,19,2022-07-01
57,2022,8,9.73850250244143,11.736500549316428,10.73750152587893,1.997998046875,1259.827392578125,20,2022-08-01
57,2022,9,8.703152626439168,10.408945505242622,9.556049065840895,1.705792878803454,1259.827392578125,19,2022-09-01
57,2022,10,9.117896150287851,10.810526315789497,9.964211233038673,1.6926301655016447,1259.827392578125,19,2022-10-01
57,2022,11,9.35000169542103,11.070559014214432,10.210280354817732,1.7205573187934027,1259.827392578125,18,2022-11-01
57,2022,12,9.305786454050187,11.324209434107752,10.31499794407897,2.018422980057566,1259.827392578125,19,2022-12-01
57,2023,1,9.479998779296897,11.191502380371116,10.335750579834007,1.7115036010742188,1259.827392578125,20,2023-01-01
57,2023,2,9.082781304253494,11.492776489257835,10.287778896755665,2.40999518500434,1259.827392578125,18,2023-02-01
57,2023,3,8.755789023951502,12.07841925370068,10.417104138826092,3.3226302297491777,1259.827392578125,19,2023-03-01
57,2023,4,9.930001027960548,13.135790694387358,11.532895861173953,3.205789666426809,1259.827392578125,19,2023-04-01
57,2023,5,10.616667683919294,13.239444986979189,11.928056335449241,2.622777303059896,1259.827392578125,18,2023-05-01
57,2023,6,10.453162263569101,12.133683375308411,11.293422819438756,1.6805211117393093,1259.827392578125,19,2023-06-01
57,2023,7,11.019000244140647,12.460502624511742,11.739751434326195,1.4415023803710938,1259.827392578125,20,2023-07-01
57,2023,8,10.374213288959726,10.908420281661208,10.641316785310467,0.5342069927014803,1259.827392578125,19,2023-08-01
57,2023,9,10.358334689670162,10.562780422634571,10.460557556152366,0.2044457329644097,1259.827392578125,18,2023-09-01
57,2023,10,10.342107190583905,10.562630422491798,10.452368806537851,0.22052323190789475,1259.827392578125,19,2023-10-01
57,2023,11,11.023681961862687,11.283158472964661,11.153420217413673,0.2594765111019737,1259.827392578125,19,2023-11-01
57,2023,12,11.410000610351585,12.352500915527367,11.881250762939477,0.9425003051757812,1259.827392578125,20,2023-12-01
57,2024,1,10.612001037597679,12.874499511718772,11.743250274658227,2.262498474121094,1259.827392578125,20,2024-01-01
57,2024,2,10.537776353624155,13.223333401150196,11.880554877387176,2.6855570475260415,1259.827392578125,18,2024-02-01
57,2024,3,10.048999023437522,12.655497741699241,11.352248382568382,2.6064987182617188,1259.827392578125,20,2024-03-01
57,2024,4,10.283156866776338,13.80894903885693,12.046052952816634,3.525792172080592,1259.827392578125,19,2024-04-01
57,2024,5,10.727369127775516,14.178423751027983,12.45289643940175,3.451054623252467,1259.827392578125,19,2024-05-01
57,2024,6,10.319472784745088,13.381055651213016,11.850264217979053,3.0615828664679277,1259.827392578125,19,2024-06-01
57,2024,7,10.752106034128312,13.57999974300989,12.166052888569101,2.8278937088815788,1259.827392578125,19,2024-07-01
57,2024,8,10.252634470086372,12.656844610916963,11.454739540501668,2.404210140830592,1259.827392578125,19,2024-08-01
57,2024,9,11.30105462325249,11.89842015316614,11.599737388209315,0.5973655299136513,1259.827392578125,19,2024-09-01
57,2024,10,11.849998304579016,12.01555616590714,11.932777235243078,0.165557861328125,1259.827392578125,18,2024-10-01
58,2020,10,11.350528435958083,11.373154810855286,11.361841623406685,0.022626374897203948,1375.034423828125,19,2020-10-01
58,2020,11,11.194736199629958,11.206840434827326,11.20078831722864,0.012104235197368422,1375.034423828125,19,2020-11-01
58,2020,12,10.890002441406272,12.38949890136721,11.639750671386741,1.4994964599609375,1375.034423828125,20,2020-12-01
58,2021,1,11.276841334292786,15.643159886410384,13.460000610351585,4.3663185521175985,1375.034423828125,19,2021-01-01
58,2021,2,12.041178265739912,17.138820154526677,14.589999210133294,5.0976418887867645,1375.034423828125,17,2021-02-01
58,2021,3,10.836318487870088,16.017366429379134,13.426842458624611,5.181047941509046,1375.034423828125,19,2021-03-01
58,2021,4,11.502102821751668,17.3957892166941,14.448946019222884,5.893686394942434,1375.034423828125,19,2021-04-01
58,2021,5,11.76200103759768,18.04650115966799,14.904251098632836,6.2845001220703125,1375.034423828125,20,2021-05-01
58,2021,6,11.240000192742622,17.448949231599528,14.344474712171076,6.2089490388569075,1375.034423828125,19,2021-06-01
58,2021,7,12.054210783305944,18.62421489514805,15.339212839226997,6.570004111842105,1375.034423828125,19,2021-07-01
58,2021,8,11.165792686060877,17.641579397101175,14.403686041581025,6.475786711040296,1375.034423828125,19,2021-08-01
58,2021,9,11.370523874383247,12.048422080592127,11.709472977487687,0.6778982062088815,1375.034423828125,19,2021-09-01
58,2021,10,11.542999267578148,11.55400085449221,11.54850006103518,0.0110015869140625,1375.034423828125,20,2021-10-01
58,2021,11,11.3668440969367,11.373681640625023,11.370262868780861,0.0068375436883223685,1375.034423828125,19,2021-11-01
58,2021,12,11.792630165501668,11.486840820312523,11.639735492907095,-0.30578934518914475,1375.034423828125,19,2021-12-01
58,2022,1,11.345260138260713,10.804210783305944,11.074735460783328,-0.5410493549547697,1375.034423828125,19,2022-01-01
58,2022,2,10.519999066521162,11.744708970013809,11.132354018267486,1.224709903492647,1375.034423828125,17,2022-02-01
58,2022,3,10.993998718261741,16.52199859619143,13.757998657226585,5.5279998779296875,1375.034423828125,20,2022-03-01
58,2022,4,11.06579140111022,16.8531577662418,13.959474583676009,5.787366365131579,1375.034423828125,19,2022-04-01
58,2022,5,10.896316046463838,16.760000449732754,13.828158248098296,5.863684403268914,1375.034423828125,19,2022-05-01
58,2022,6,9.881055651213016,15.211575478001668,12.546315564607342,5.3305198267886515,1375.034423828125,19,2022-06-01
58,2022,7,11.192630486739333,17.049999357524694,14.121314922132013,5.857368870785362,1375.034423828125,19,2022-07-01
58,2022,8,10.908996582031273,15.206004333496116,13.057500457763695,4.297007751464844,1375.034423828125,20,2022-08-01
58,2022,9,10.515787546258247,12.926843261718773,11.721315403988509,2.411055715460526,1375.034423828125,19,2022-09-01
58,2022,10,10.920529335423543,13.372632799650516,12.14658106753703,2.452103464226974,1375.034423828125,19,2022-10-01
58,2022,11,11.008330281575544,13.452223714192732,12.230276997884138,2.4438934326171875,1375.034423828125,18,2022-11-01
58,2022,12,13.45263222142272,13.091580360814168,13.272106291118444,-0.36105186060855265,1375.034423828125,19,2022-12-01
58,2023,1,13.430996704101585,12.44950103759768,12.940248870849633,-0.9814956665039063,1375.034423828125,20,2023-01-01
58,2023,2,11.44055074055992,14.332218424479189,12.886384582519554,2.891667683919271,1375.034423828125,18,2023-02-01
58,2023,3,10.943684146278805,15.504736970600351,13.224210558439578,4.561052824321546,1375.034423828125,19,2023-03-01
58,2023,4,11.170522910670252,16.48473671361022,13.827629812140236,5.3142138029399675,1375.034423828125,19,2023-04-01
58,2023,5,11.851110500759571,17.367783270941864,14.609446885850717,5.516672770182292,1375.034423828125,18,2023-05-01
58,2023,6,11.551578240645583,16.972105648643115,14.261841944644349,5.4205274079975325,1375.034423828125,19,2023-06-01
58,2023,7,12.107499694824241,17.157501220703146,14.632500457763694,5.050001525878907,1375.034423828125,20,2023-07-01
58,2023,8,11.540526058799365,15.717894222861865,13.629210140830615,4.1773681640625,1375.034423828125,19,2023-08-01
58,2023,9,11.529999457465301,15.714446004231794,13.622222730848547,4.184446546766493,1375.034423828125,18,2023-09-01
58,2023,10,11.312632028680122,13.889998907791963,12.601315468236043,2.577366879111842,1375.034423828125,19,2023-10-01
58,2023,11,12.552108282791963,14.06736546566614,13.309736874229053,1.5152571828741777,1375.034423828125,19,2023-11-01
58,2023,12,13.02100067138674,14.849002075195335,13.935001373291039,1.8280014038085937,1375.034423828125,20,2023-12-01
58,2024,1,12.205266370271405,14.346310585423543,13.275788477847474,2.1410442151521383,1375.034423828125,19,2024-01-01
58,2024,2,12.204448106553842,15.351108805338564,13.777778455946203,3.1466606987847223,1375.034423828125,18,2024-02-01
58,2024,3,12.105497741699242,16.353001403808616,14.229249572753929,4.247503662109375,1375.034423828125,20,2024-03-01
58,2024,4,11.847894287109398,16.584211168791143,14.21605272795027,4.736316881681743,1375.034423828125,19,2024-04-01
58,2024,5,12.255792236328148,17.281579589843773,14.76868591308596,5.025787353515625,1375.034423828125,19,2024-05-01
58,2024,6,10.943684146278805,15.723679713199036,13.33368192973892,4.77999556692023,1375.034423828125,19,2024-06-01
58,2024,7,11.813685688219595,16.756841077302653,14.285263382761125,4.943155389083059,1375.034423828125,19,2024-07-01
58,2024,8,11.22789435135693,15.988949745579793,13.608422048468361,4.761055394222862,1375.034423828125,19,2024-08-01
58,2024,9,11.170529335423543,15.872632799650516,13.52158106753703,4.7021034642269735,1375.034423828125,19,2024-09-01
58,2024,10,11.307219441731794,15.649443562825544,13.47833150227867,4.34222412109375,1375.034423828125,18,2024-10-01
59,2020,10,9.324737870065812,11.607896021792786,10.466316945929298,2.283158151726974,1283.5335083007813,19,2020-10-01
59,2020,11,9.971574000308411,9.877367842824858,9.924470921566634,-0.09420615748355263,1283.5335083007813,19,2020-11-01
59,2020,12,9.138499450683616,8.603498840332055,8.870999145507835,-0.5350006103515625,1283.5335083007813,20,2020-12-01
59,2021,1,9.44368735865545,8.249475097656273,8.846581228155861,-1.1942122609991777,1283.5335083007813,19,2021-01-01
59,2021,2,9.488822667738994,9.901177978515648,9.69500032312732,0.41235531077665444,1283.5335083007813,17,2021-02-01
59,2021,3,9.121053916529627,11.148946982935877,10.135000449732752,2.02789306640625,1283.5335083007813,19,2021-03-01
59,2021,4,10.087368935032918,13.653688450863509,11.870528692948213,3.566319515830592,1283.5335083007813,19,2021-04-01
59,2021,5,11.15900115966799,14.694000244140648,12.92650070190432,3.5349990844726564,1283.5335083007813,20,2021-05-01
59,2021,6,10.794739090768937,14.360000128495088,12.577369609632013,3.565261037726151,1283.5335083007813,19,2021-06-01
59,2021,7,10.256317459909562,15.212632349917786,12.734474904913673,4.9563148900082235,1283.5335083007813,19,2021-07-01
59,2021,8,10.034207313939168,15.127894672594595,12.581050993266881,5.093687358655427,1283.5335083007813,19,2021-08-01
59,2021,9,9.650529078433411,13.546841591282918,11.598685334858164,3.8963125128495064,1283.5335083007813,19,2021-09-01
59,2021,10,9.368998718261741,9.892497253417991,9.630747985839866,0.52349853515625,1283.5335083007813,20,2021-10-01
59,2021,11,9.80684653834295,10.206315211245911,10.00658087479443,0.3994686729029605,1283.5335083007813,19,2021-11-01
59,2021,12,10.165791079872555,10.334737998560877,10.250264539216717,0.16894691868832237,1283.5335083007813,19,2021-12-01
59,2022,1,8.673685495476997,8.421052952816634,8.547369224146815,-0.25263254266036184,1283.5335083007813,19,2022-01-01
59,2022,2,8.034704948874104,8.584118293313441,8.309411621093773,0.5494133444393382,1283.5335083007813,17,2022-02-01
59,2022,3,9.005999755859397,11.26700134277346,10.136500549316429,2.2610015869140625,1283.5335083007813,20,2022-03-01
59,2022,4,9.335264828330615,13.407895058079793,11.371579943205203,4.072630229749177,1283.5335083007813,19,2022-04-01
59,2022,5,9.49105063990545,14.164210590563345,11.827630615234398,4.673159950657895,1283.5335083007813,19,2022-05-01
59,2022,6,9.004446072048633,10.51333177354603,9.758888922797333,1.5088857014973958,1283.5335083007813,18,2022-06-01
59,2022,7,9.658001708984397,10.65900115966799,10.158501434326194,1.0009994506835938,1283.5335083007813,20,2022-07-01
59,2022,8,9.768180985884255,10.73818081942474,10.253180902654497,0.9699998335404829,1283.5335083007813,22,2022-08-01
59,2022,9,8.485263543379958,9.206313605057588,8.845788574218773,0.7210500616776315,1283.5335083007813,19,2022-09-01
59,2022,10,9.995793714021405,9.748423044305122,9.872108379163263,-0.24737066971628288,1283.5335083007813,19,2022-10-01
59,2022,11,10.034448242187523,9.765557861328148,9.900003051757835,-0.268890380859375,1283.5335083007813,18,2022-11-01
59,2022,12,9.351050447162851,10.428947368421076,9.889998907791963,1.0778969212582237,1283.5335083007813,19,2022-12-01
59,2023,1,8.750500488281272,10.586502075195336,9.668501281738305,1.8360015869140625,1283.5335083007813,20,2023-01-01
59,2023,2,8.774999660915821,11.252221679687523,10.013610670301672,2.4772220187717013,1283.5335083007813,18,2023-02-01
59,2023,3,9.061053145559233,12.935259688527983,10.998156417043608,3.87420654296875,1283.5335083007813,19,2023-03-01
59,2023,4,10.191999816894555,14.637498474121116,12.414749145507836,4.445498657226563,1283.5335083007813,20,2023-04-01
59,2023,5,10.715556504991342,14.297224934895857,12.5063907199436,3.581668429904514,1283.5335083007813,18,2023-05-01
59,2023,6,10.511054109272226,13.087368935032918,11.799211522152572,2.576314825760691,1283.5335083007813,19,2023-06-01
59,2023,7,11.41449890136721,13.728497314453147,12.571498107910179,2.3139984130859377,1283.5335083007813,20,2023-07-01
59,2023,8,11.02526405736022,13.169474069695747,12.097369063527983,2.144210012335526,1283.5335083007813,19,2023-08-01
59,2023,9,10.803330145941864,11.80333184136287,11.303330993652366,1.000001695421007,1283.5335083007813,18,2023-09-01
59,2023,10,10.350000000000023,11.16789679276318,10.758948396381601,0.8178967927631579,1283.5335083007813,19,2023-10-01
59,2023,11,11.639500427246116,12.467999267578147,12.053749847412131,0.82849884033203125,1283.5335083007813,20,2023-11-01
59,2023,12,11.012998962402367,12.15799713134768,11.585498046875022,1.1449981689453126,1283.5335083007813,20,2023-12-01
59,2024,1,10.219499206542991,11.170498657226585,10.694998931884788,0.9509994506835937,1283.5335083007813,20,2024-01-01
59,2024,2,10.09764655618109,11.864117072610316,10.980881814395703,1.766470516429228,1283.5335083007813,17,2024-02-01
59,2024,3,10.261500549316429,13.806999206542992,12.03424987792971,3.5454986572265623,1283.5335083007813,20,2024-03-01
59,2024,4,10.29526270816203,15.864736777857752,13.07999974300989,5.5694740696957235,1283.5335083007813,19,2024-04-01
59,2024,5,10.766844418174365,16.683158794202324,13.725001606188345,5.916314376027961,1283.5335083007813,19,2024-05-01
59,2024,6,10.483157830489333,16.097894287109398,13.290526058799365,5.614736456620066,1283.5335083007813,19,2024-06-01
59,2024,7,10.862631064967127,15.428947368421076,13.145789216694101,4.566316303453948,1283.5335083007813,19,2024-07-01
59,2024,8,10.747367778577326,10.21999993575249,10.483683857164907,-0.5273678428248355,1283.5335083007813,19,2024-08-01
59,2024,9,11.175789602179298,11.348944734272226,11.262367168225763,0.17315513209292763,1283.5335083007813,19,2024-09-01
59,2024,10,10.672224934895857,11.431665039062523,11.051944986979189,0.7594401041666666,1283.5335083007813,18,2024-10-01
60,2020,10,11.933153975637358,12.022631514699858,11.977892745168608,0.0894775390625,1269.8865966796875,19,2020-10-01
60,2020,11,11.892631450452326,11.999471885279627,11.946051667865976,0.10684043482730263,1269.8865966796875,19,2020-11-01
60,2020,12,11.789999389648461,12.361997985839867,12.075998687744164,0.57199859619140625,1269.8865966796875,20,2020-12-01
60,2021,1,12.395789216694101,13.927895315069923,13.161842265882013,1.5321060983758223,1269.8865966796875,19,2021-01-01
60,2021,2,12.377060116038626,15.073530488855722,13.725295302447174,2.6964703728170956,1269.8865966796875,17,2021-02-01
60,2021,3,11.505789023951502,14.18736700760693,12.846578015779217,2.6815779836554277,1269.8865966796875,19,2021-03-01
60,2021,4,12.14842015316614,15.03683985659953,13.592630004882835,2.8884197034333883,1269.8865966796875,19,2021-04-01
60,2021,5,12.587500000000023,15.56249694824221,14.074998474121116,2.9749969482421874,1269.8865966796875,20,2021-05-01
60,2021,6,11.702629009046076,14.587367328844595,13.144998168945335,2.8847383197985197,1269.8865966796875,19,2021-06-01
60,2021,7,11.981578947368444,14.962105520148048,13.471842233758247,2.9805265727796053,1269.8865966796875,19,2021-07-01
60,2021,8,11.60526026675578,14.098946340460548,12.852103303608164,2.4936860737047697,1269.8865966796875,19,2021-08-01
60,2021,9,11.343154425370088,12.183158794202326,11.763156609786208,0.8400043688322368,1269.8865966796875,19,2021-09-01
60,2021,10,11.252001953125022,12.146499633789086,11.699250793457054,0.8944976806640625,1269.8865966796875,20,2021-10-01
60,2021,11,11.203679456208905,12.028945440995088,11.616312448601997,0.8252659847861842,1269.8865966796875,19,2021-11-01
60,2021,12,11.635263864617622,12.338946211965483,11.987105038291553,0.7036823473478618,1269.8865966796875,19,2021-12-01
60,2022,1,11.475261808696569,11.99894505550989,11.73710343210323,0.5236832468133223,1269.8865966796875,19,2022-01-01
60,2022,2,10.637057315602044,12.678232709099287,11.657645012350667,2.0411753934972428,1269.8865966796875,17,2022-02-01
60,2022,3,11.451000976562522,14.752496337890648,13.101748657226585,3.301495361328125,1269.8865966796875,20,2022-03-01
60,2022,4,11.152104749177655,14.744211618523872,12.948158183850763,3.592106869346217,1269.8865966796875,19,2022-04-01
60,2022,5,11.157898270456437,14.906844610916963,13.0323714406867,3.748946340460526,1269.8865966796875,19,2022-05-01
60,2022,6,10.131668768988739,13.676668633355057,11.904168701171898,3.5449998643663196,1269.8865966796875,18,2022-06-01
60,2022,7,11.358424457750845,15.210006232010713,13.28421534488078,3.8515817742598686,1269.8865966796875,19,2022-07-01
60,2022,8,11.142497253417991,13.993498229980492,12.56799774169924,2.8510009765625,1269.8865966796875,20,2022-08-01
60,2022,9,11.341578754625845,11.432630358244266,11.387104556435055,0.09105160361842106,1269.8865966796875,19,2022-09-01
60,2022,10,11.909999164782095,12.007371119449036,11.958685142115565,0.09737195466694079,1269.8865966796875,19,2022-10-01
60,2022,11,12.007224867079016,12.116667683919294,12.061946275499155,0.10944281684027778,1269.8865966796875,18,2022-11-01
60,2022,12,11.968421052631601,12.08263067948193,12.025525866056766,0.11420962685032894,1269.8865966796875,19,2022-12-01
60,2023,1,11.383998107910179,12.25949859619143,11.821748352050804,0.87550048828125,1269.8865966796875,20,2023-01-01
60,2023,2,11.426110839843773,15.246667480468773,13.336389160156273,3.820556640625,1269.8865966796875,18,2023-02-01
60,2023,3,11.315266177528805,16.25105398077716,13.783160079152983,4.935787803248355,1269.8865966796875,19,2023-03-01
60,2023,4,12.606315532483576,17.406316174958903,15.00631585372124,4.800000642475329,1269.8865966796875,19,2023-04-01
60,2023,5,12.8844424777561,15.588335503472244,14.236388990614172,2.703893025716146,1269.8865966796875,18,2023-05-01
60,2023,6,12.536841462787851,14.811051539370911,13.673946501079381,2.274210076583059,1269.8865966796875,19,2023-06-01
60,2023,7,13.210502624511742,15.683000183105491,14.446751403808616,2.47249755859375,1269.8865966796875,20,2023-07-01
60,2023,8,12.398421759354463,15.117367714329793,13.757894736842127,2.7189459549753288,1269.8865966796875,19,2023-08-01
60,2023,9,12.415000745985266,15.164999050564258,13.789999898274763,2.749998304578993,1269.8865966796875,18,2023-09-01
60,2023,10,11.385790694387358,14.013686651932588,12.699738673159974,2.6278959575452303,1269.8865966796875,19,2023-10-01
60,2023,11,12.036317845394759,14.7621077688117,13.39921280710323,2.725789923416941,1269.8865966796875,19,2023-11-01
60,2023,12,12.450000000000022,15.165000915527367,13.807500457763695,2.7150009155273436,1269.8865966796875,20,2023-12-01
60,2024,1,12.826319965563345,14.973156095805944,13.899738030684645,2.146836130242599,1269.8865966796875,19,2024-01-01
60,2024,2,12.346110704210092,15.027781846788217,13.686946275499155,2.681671142578125,1269.8865966796875,18,2024-02-01
60,2024,3,12.869000244140647,15.917498779296897,14.393249511718773,3.04849853515625,1269.8865966796875,20,2024-03-01
60,2024,4,13.440523167660384,16.638420024671074,15.03947159616573,3.197896857010691,1269.8865966796875,19,2024-04-01
60,2024,5,13.872629587273872,17.115265213815814,15.493947400544842,3.242635626541941,1269.8865966796875,19,2024-05-01
60,2024,6,12.962632349917786,16.028420217413675,14.49552628366573,3.0657878674958883,1269.8865966796875,19,2024-06-01
60,2024,7,13.609473298725351,16.634210205078148,15.12184175190175,3.0247369063527962,1269.8865966796875,19,2024-07-01
60,2024,8,13.192102050781273,15.857369192023048,14.524735621402161,2.665267141241776,1269.8865966796875,19,2024-08-01
60,2024,9,13.216313733552655,14.056844932154627,13.63657933285364,0.8405311986019737,1269.8865966796875,19,2024-09-01
60,2024,10,12.921670532226585,15.35222608778214,14.136948310004364,2.4305555555555554,1269.8865966796875,18,2024-10-01
61,2020,10,10.094209691097884,11.802630293996733,10.94841999254731,1.7084206028988487,1550.0108032226563,19,2020-10-01
61,2020,11,9.915784655119266,9.937893837376668,9.926839246247967,0.022109182257401317,1550.0108032226563,19,2020-11-01
61,2020,12,9.24100036621096,10.366999816894554,9.804000091552757,1.1259994506835938,1550.0108032226563,20,2020-12-01
61,2021,1,8.987894479851997,11.122109182257423,10.05500183105471,2.1342147024054277,1550.0108032226563,19,2021-01-01
61,2021,2,9.135881491268405,11.379411764705905,10.257646627987155,2.2435302734375,1550.0108032226563,17,2021-02-01
61,2021,3,8.51157933285364,10.947367136101997,9.729473234477819,2.4357878032483553,1550.0108032226563,19,2021-03-01
61,2021,4,9.605261872944101,12.613684724506601,11.109473298725351,3.0084228515625,1550.0108032226563,19,2021-04-01
61,2021,5,10.173999023437522,13.329499816894554,11.751749420166039,3.155500793457031,1550.0108032226563,20,2021-05-01
61,2021,6,9.845790180407095,12.780000706722884,11.31289544356499,2.9342105263157894,1550.0108032226563,19,2021-06-01
61,2021,7,10.667366750616798,13.76684120579772,12.217103978207259,3.0994744551809212,1550.0108032226563,19,2021-07-01
61,2021,8,9.915787867495911,12.887367971319923,11.401577919407918,2.9715801038240133,1550.0108032226563,19,2021-08-01
61,2021,9,9.468949488589661,11.75789634303045,10.613422915810055,2.2889468544407894,1550.0108032226563,19,2021-09-01
61,2021,10,9.486001586914085,10.186997985839866,9.836499786376976,0.70099639892578125,1550.0108032226563,20,2021-10-01
61,2021,11,9.360525352076502,10.685788124486043,10.023156738281273,1.3252627724095394,1550.0108032226563,19,2021-11-01
61,2021,12,9.44052638003703,11.782106419613509,10.61131639982527,2.3415800395764803,1550.0108032226563,19,2021-12-01
61,2022,1,8.562628816303476,11.023151919716305,9.79289036800989,2.4605231034128288,1550.0108032226563,19,2022-01-01
61,2022,2,8.299999640969691,11.06529433306528,9.682646987017486,2.7652946920955883,1550.0108032226563,17,2022-02-01
61,2022,3,9.47799987792971,13.45450134277346,11.466250610351585,3.97650146484375,1550.0108032226563,20,2022-03-01
61,2022,4,9.80052618729443,14.195263029399694,11.997894608347062,4.394736842105263,1550.0108032226563,19,2022-04-01
61,2022,5,9.821580103824036,14.37315802323193,12.097369063527983,4.551577919407895,1550.0108032226563,19,2022-05-01
61,2022,6,9.266842811986043,9.81052952816614,9.538686170076092,0.5436867161800987,1550.0108032226563,19,2022-06-01
61,2022,7,10.473159308182588,10.613156288548543,10.543157798365565,0.13999698036595395,1550.0108032226563,19,2022-07-01
61,2022,8,10.141001892089866,10.675498962402367,10.408250427246116,0.5344970703125,1550.0108032226563,20,2022-08-01
61,2022,9,9.691580039576502,10.71262913754114,10.202104588558822,1.021049097964638,1550.0108032226563,19,2022-09-01
61,2022,10,10.005260587993444,11.031054366262358,10.5181574771279,1.0257937782689144,1550.0108032226563,19,2022-10-01
61,2022,11,10.021112060546898,10.88833177354603,10.454721917046463,0.8672197129991319,1550.0108032226563,18,2022-11-01
61,2022,12,9.45421271073193,11.0678939016242,10.261053306178065,1.6136811908922697,1550.0108032226563,19,2022-12-01
61,2023,1,8.512493896484397,10.337500000000023,9.42499694824221,1.825006103515625,1550.0108032226563,20,2023-01-01
61,2023,2,8.822781711154537,11.319441731770857,10.071111721462696,2.4966600206163196,1550.0108032226563,18,2023-02-01
61,2023,3,9.412106483861043,12.86105218184624,11.13657933285364,3.4489456979851973,1550.0108032226563,19,2023-03-01
61,2023,4,10.071580103824036,12.954736328125023,11.51315821597453,2.8831562243009867,1550.0108032226563,19,2023-04-01
61,2023,5,11.303333536783876,13.322778320312523,12.3130559285482,2.019444783528646,1550.0108032226563,18,2023-05-01
61,2023,6,11.166317909642293,12.674210719058411,11.920264314350351,1.5078928094161184,1550.0108032226563,19,2023-06-01
61,2023,7,11.727996826171898,12.832000732421898,12.279998779296898,1.10400390625,1550.0108032226563,20,2023-07-01
61,2023,8,11.38421181126647,11.998423044305122,11.691317427785796,0.6142112330386513,1550.0108032226563,19,2023-08-01
61,2023,9,11.29888814290367,11.912776353624155,11.605832248263912,0.6138882107204862,1550.0108032226563,18,2023-09-01
61,2023,10,10.560524709601173,11.144733950966305,10.85262933028374,0.5842092413651315,1550.0108032226563,19,2023-10-01
61,2023,11,11.033685302734398,11.685788124486043,11.35973671361022,0.6521028217516447,1550.0108032226563,19,2023-11-01
61,2023,12,10.345500183105491,12.069500732421897,11.207500457763695,1.7240005493164063,1550.0108032226563,20,2023-12-01
61,2024,1,9.621052310341305,11.884737034847884,10.752894672594595,2.2636847245065788,1550.0108032226563,19,2024-01-01
61,2024,2,9.913335842556446,12.699441528320335,11.30638868543839,2.786105685763889,1550.0108032226563,18,2024-02-01
61,2024,3,10.342495727539085,13.890998840332054,12.11674728393557,3.548503112792969,1550.0108032226563,20,2024-03-01
61,2024,4,10.577365594161208,13.934734464946569,12.256050029553888,3.3573688707853617,1550.0108032226563,19,2024-04-01
61,2024,5,11.878418289987687,14.303155517578148,13.090786903782918,2.4247372275904606,1550.0108032226563,19,2024-05-01
61,2024,6,10.962105520148048,12.80894903885693,11.88552727950249,1.8468435187088816,1550.0108032226563,19,2024-06-01
61,2024,7,11.737369256270583,13.621579140111043,12.679474198190812,1.8842098838404606,1550.0108032226563,19,2024-07-01
61,2024,8,11.161049611944923,12.362105841385713,11.761577726665319,1.2010562294407894,1550.0108032226563,19,2024-08-01
61,2024,9,11.088947818153805,11.311578369140648,11.200263093647226,0.22263055098684212,1550.0108032226563,19,2024-09-01
61,2024,10,10.96833190917971,10.453332519531273,10.710832214355491,-0.5149993896484375,1550.0108032226563,18,2024-10-01
63,2020,10,10.284212132504134,11.089469829358576,10.686840980931356,0.8052576968544408,1739.105712890625,19,2020-10-01
63,2020,11,10.295791144120088,10.55736854954772,10.426579846833905,0.2615774054276316,1739.105712890625,19,2020-11-01
63,2020,12,9.763998413085961,11.252998352050804,10.508498382568382,1.4889999389648438,1739.105712890625,20,2020-12-01
63,2021,1,9.588946211965483,13.917368356805122,11.753157284385303,4.328422144839638,1739.105712890625,19,2021-01-01
63,2021,2,9.523531924977044,15.121180994370427,12.322356459673736,5.597649069393382,1739.105712890625,17,2021-02-01
63,2021,3,8.827368806537851,15.041578112150516,11.934473459344185,6.214209305612664,1739.105712890625,19,2021-03-01
63,2021,4,9.41368536698193,16.61789615028785,13.01579075863489,7.204210783305921,1739.105712890625,19,2021-04-01
63,2021,5,9.618002319335961,17.10199890136721,13.360000610351586,7.48399658203125,1739.105712890625,20,2021-05-01
63,2021,6,8.76579075863489,16.028945440995088,12.39736809981499,7.263154682360198,1739.105712890625,19,2021-06-01
63,2021,7,8.926318038137358,16.35420981959295,12.640263928865155,7.4278917814555925,1739.105712890625,19,2021-07-01
63,2021,8,8.582632285670252,15.902107961554298,12.242370123612275,7.319475675884046,1739.105712890625,19,2021-08-01
63,2021,9,10.013159822162851,15.768948524876668,12.891054173519759,5.755788702713816,1739.105712890625,19,2021-09-01
63,2021,10,10.215002441406273,15.196498107910179,12.705750274658225,4.981495666503906,1739.105712890625,20,2021-10-01
63,2021,11,10.218421052631601,12.21684056332239,11.217630807976997,1.9984195106907894,1739.105712890625,19,2021-11-01
63,2021,12,10.435789730674365,10.719998329564168,10.577894030119266,0.28420859888980265,1739.105712890625,19,2021-12-01
63,2022,1,9.382631321957259,13.151054302014826,11.266842811986043,3.768422980057566,1739.105712890625,19,2022-01-01
63,2022,2,8.633529842601126,14.383528047449472,11.508528945025299,5.749998204848346,1739.105712890625,17,2022-02-01
63,2022,3,9.534999084472679,16.82100219726565,13.178000640869163,7.286003112792969,1739.105712890625,20,2022-03-01
63,2022,4,9.579471307051833,17.348422723067458,13.463947015059645,7.768951416015625,1739.105712890625,19,2022-04-01
63,2022,5,9.73263421309624,17.73894974557979,13.735791979338016,8.006315532483553,1739.105712890625,19,2022-05-01
63,2022,6,8.90111016167537,16.3572207980686,12.629165479871984,7.4561106363932295,1739.105712890625,18,2022-06-01
63,2022,7,9.764737099095418,17.84421450966285,13.804475804379134,8.079477410567435,1739.105712890625,19,2022-07-01
63,2022,8,9.708999633789086,15.665002441406273,12.687001037597678,5.956002807617187,1739.105712890625,20,2022-08-01
63,2022,9,9.78368690892272,9.993686394942458,9.888686651932588,0.20999948601973684,1739.105712890625,19,2022-09-01
63,2022,10,10.1405257375617,10.369471821032095,10.254998779296898,0.22894608347039475,1739.105712890625,19,2022-10-01
63,2022,11,10.292774454752626,10.534441460503494,10.413607957628061,0.24166700575086805,1739.105712890625,18,2022-11-01
63,2022,12,9.978424393503312,11.51262978001647,10.74552708675989,1.534205386513158,1739.105712890625,19,2022-12-01
63,2023,1,9.13300018310549,13.726501464843773,11.429750823974633,4.593501281738281,1739.105712890625,20,2023-01-01
63,2023,2,9.131110975477453,14.916667344835092,12.023889160156273,5.785556369357639,1739.105712890625,18,2023-02-01
63,2023,3,9.47947484066614,16.154735685649694,12.817105263157918,6.675260844983552,1739.105712890625,19,2023-03-01
63,2023,4,10.332105455900516,18.04052445261104,14.18631495425578,7.7084189967105265,1739.105712890625,19,2023-04-01
63,2023,5,10.865555487738739,18.301109144422767,14.583332316080751,7.435553656684028,1739.105712890625,18,2023-05-01
63,2023,6,10.787896728515648,17.571051667865976,14.179474198190812,6.783154939350329,1739.105712890625,19,2023-06-01
63,2023,7,14.297998046875023,17.311499023437523,15.804748535156273,3.0135009765625,1739.105712890625,20,2023-07-01
63,2023,8,13.845788574218773,16.38737118369657,15.11657987895767,2.5415826094777962,1739.105712890625,19,2023-08-01
63,2023,9,13.730003187391516,16.230559285481792,14.980281236436655,2.5005560980902777,1739.105712890625,18,2023-09-01
63,2023,10,12.846312191611865,15.384210205078148,14.115261198345006,2.537898013466283,1739.105712890625,19,2023-10-01
63,2023,11,11.225790244654627,15.318950773540319,13.272370509097474,4.093160528885691,1739.105712890625,19,2023-11-01
63,2023,12,12.314996337890648,15.91049957275393,14.112747955322288,3.595503234863281,1739.105712890625,20,2023-12-01
63,2024,1,11.29666399274556,16.197141810825915,13.746902901785736,4.900477818080357,1739.105712890625,21,2024-01-01
63,2024,2,10.827220323350717,16.734996202256966,13.781108262803842,5.90777587890625,1739.105712890625,18,2024-02-01
63,2024,3,10.435998535156273,17.49750213623049,13.966750335693382,7.061503601074219,1739.105712890625,20,2024-03-01
63,2024,4,10.501055586965483,18.583684339021403,14.542369962993444,8.082628752055921,1739.105712890625,19,2024-04-01
63,2024,5,10.737366043893937,19.028945440995088,14.883155742444513,8.29157939710115,1739.105712890625,19,2024-05-01
63,2024,6,10.224736585115155,18.043155389083083,14.133945987099118,7.818418803967927,1739.105712890625,19,2024-06-01
63,2024,7,10.400524259868444,18.098422723067458,14.24947349146795,7.697898463199013,1739.105712890625,19,2024-07-01
63,2024,8,10.026841334292786,17.490001798930944,13.758421566611865,7.4631604646381575,1739.105712890625,19,2024-08-01
63,2024,9,10.133154939350351,17.47210404245479,13.802629490902572,7.338949103104441,1739.105712890625,19,2024-09-01
63,2024,10,10.64222106933596,16.781113349066864,13.711667209201412,6.138892279730903,1739.105712890625,18,2024-10-01
65,2020,10,9.686318166632423,13.054736006887358,11.37052708675989,3.368417840254934,1595.8562622070313,19,2020-10-01
65,2020,11,10.20052329615545,10.096318616365155,10.148420956260303,-0.10420467979029606,1595.8562622070313,19,2020-11-01
65,2020,12,9.327998352050804,10.322000122070335,9.82499923706057,0.9940017700195313,1595.8562622070313,20,2020-12-01
65,2021,1,8.386842747738509,11.399473812705615,9.893158280222062,3.0126310649671053,1595.8562622070313,19,2021-01-01
65,2021,2,8.36353185317098,12.678230913947633,10.520881383559306,4.314699060776654,1595.8562622070313,17,2021-02-01
65,2021,3,7.973159308182589,12.742105905633247,10.357632606907918,4.7689465974506575,1595.8562622070313,19,2021-03-01
65,2021,4,9.013155003597884,14.933687230160384,11.973421116879134,5.9205322265625,1595.8562622070313,19,2021-04-01
65,2021,5,9.878500366210961,15.912002563476586,12.895251464843772,6.033502197265625,1595.8562622070313,20,2021-05-01
65,2021,6,9.622101151315812,13.906838186163673,11.764469668739743,4.284737034847862,1595.8562622070313,19,2021-06-01
65,2021,7,9.8989485891242,12.672106612356108,11.285527600740155,2.773158023231908,1595.8562622070313,19,2021-07-01
65,2021,8,9.568947561163673,12.298420474403805,10.93368401778374,2.7294729132401314,1595.8562622070313,19,2021-08-01
65,2021,9,9.436318166632423,12.152103142989333,10.794210654810877,2.715784976356908,1595.8562622070313,19,2021-09-01
65,2021,10,9.10299987792971,11.721498107910179,10.412248992919945,2.6184982299804687,1595.8562622070313,20,2021-10-01
65,2021,11,9.313685688219595,11.741577469675187,10.52763157894739,2.427891781455592,1595.8562622070313,19,2021-11-01
65,2021,12,9.845788574218773,11.951580168071569,10.89868437114517,2.1057915938527962,1595.8562622070313,19,2021-12-01
65,2022,1,8.228946404708083,11.791576505962194,10.010261455335138,3.5626301012541117,1595.8562622070313,19,2022-01-01
65,2022,2,7.52647597369028,11.864705882352965,9.695590928021621,4.338229908662684,1595.8562622070313,17,2022-02-01
65,2022,3,8.629502868652366,14.461502075195336,11.54550247192385,5.831999206542969,1595.8562622070313,20,2022-03-01
65,2022,4,8.968947882401338,15.300524581106108,12.134736231753724,6.33157669870477,1595.8562622070313,19,2022-04-01
65,2022,5,9.324737870065812,15.860000128495088,12.59236899928045,6.5352622584292765,1595.8562622070313,19,2022-05-01
65,2022,6,8.631670464409744,12.567778523763044,10.599724494086395,3.9361080593532987,1595.8562622070313,18,2022-06-01
65,2022,7,9.569999614514826,13.400529078433411,11.485264346474118,3.8305294639185856,1595.8562622070313,19,2022-07-01
65,2022,8,9.257499694824242,12.882501220703148,11.070000457763694,3.6250015258789063,1595.8562622070313,20,2022-08-01
65,2022,9,9.09841790450249,11.989478181537851,10.54394804302017,2.8910602770353617,1595.8562622070313,19,2022-09-01
65,2022,10,10.210001413445747,12.46841944644328,11.339210429944513,2.258418032997533,1595.8562622070313,19,2022-10-01
65,2022,11,10.250555080837696,12.470552910698807,11.360553995768251,2.219997829861111,1595.8562622070313,18,2022-11-01
65,2022,12,9.271582673725351,11.983683054070747,10.627632863898048,2.7121003803453947,1595.8562622070313,19,2022-12-01
65,2023,1,7.9460006713867415,11.87649841308596,9.911249542236352,3.930497741699219,1595.8562622070313,20,2023-01-01
65,2023,2,8.58388841417103,12.825557115342905,10.704722764756967,4.241668701171875,1595.8562622070313,18,2023-02-01
65,2023,3,8.787369898745911,13.747369384765648,11.26736964175578,4.959999486019737,1595.8562622070313,19,2023-03-01
65,2023,4,10.015262322676833,15.995792107833083,13.005527215254958,5.98052978515625,1595.8562622070313,19,2023-04-01
65,2023,5,10.609443495008703,16.126665581597244,13.368054538302975,5.517222086588542,1595.8562622070313,18,2023-05-01
65,2023,6,10.633684981496733,15.544207442434233,13.088946211965483,4.9105224609375,1595.8562622070313,19,2023-06-01
65,2023,7,11.240499877929711,14.05749969482424,12.648999786376976,2.816999816894531,1595.8562622070313,20,2023-07-01
65,2023,8,10.47368292557568,12.837894158614333,11.655788542095006,2.364211233038651,1595.8562622070313,19,2023-08-01
65,2023,9,10.595556301540821,12.12000427246096,11.35778028700089,1.5244479709201388,1595.8562622070313,18,2023-09-01
65,2023,10,10.762106162623377,11.96789101048522,11.364998586554298,1.205784847861842,1595.8562622070313,19,2023-10-01
65,2023,11,11.099473170230286,11.907896664268115,11.5036849172492,0.808423494037829,1595.8562622070313,19,2023-11-01
65,2023,12,11.246003723144554,13.146501159667991,12.196252441406273,1.9004974365234375,1595.8562622070313,20,2023-12-01
65,2024,1,9.859998139880975,13.754289608909993,11.807143874395484,3.894291469029018,1595.8562622070313,21,2024-01-01
65,2024,2,9.548891533745682,14.304998440212696,11.926944986979189,4.756106906467014,1595.8562622070313,18,2024-02-01
65,2024,3,9.836000061035179,15.532498168945335,12.684249114990257,5.696498107910156,1595.8562622070313,20,2024-03-01
65,2024,4,10.236847245065812,16.92315866570726,13.580002955386536,6.686311420641448,1595.8562622070313,19,2024-04-01
65,2024,5,10.692103656969595,17.278420217413675,13.985261937191634,6.586316560444079,1595.8562622070313,19,2024-05-01
65,2024,6,10.540002441406273,14.733159436677655,12.636580939041963,4.193156995271382,1595.8562622070313,19,2024-06-01
65,2024,7,10.951054944490155,14.33157862613078,12.641316785310467,3.380523681640625,1595.8562622070313,19,2024-07-01
65,2024,8,11.331577019942458,12.595263350637358,11.963420185289907,1.2636863306949013,1595.8562622070313,19,2024-08-01
65,2024,9,11.493157958984398,12.946840306332259,12.219999132658328,1.453682347347862,1595.8562622070313,19,2024-09-01
65,2024,10,10.1888858371311,12.655553860134571,11.422219848632835,2.4666680230034723,1595.8562622070313,18,2024-10-01
66,2020,10,9.825791529605286,11.883158151726997,10.85447484066614,2.0573666221217106,1547.0839233398438,19,2020-10-01
66,2020,11,9.929997815583905,10.107370798211372,10.018684306897638,0.17737298262746712,1547.0839233398438,19,2020-11-01
66,2020,12,9.181500244140647,9.985501098632835,9.58350067138674,0.8040008544921875,1547.0839233398438,20,2020-12-01
66,2021,1,9.217897435238509,10.73105372378703,9.97447557951277,1.5131562885485197,1547.0839233398438,19,2021-01-01
66,2021,2,9.768823242187523,11.617059326171898,10.69294128417971,1.848236083984375,1547.0839233398438,17,2021-02-01
66,2021,3,9.412103271484398,11.407368228310055,10.409735749897226,1.995264956825658,1547.0839233398438,19,2021-03-01
66,2021,4,10.135790694387358,12.718422658819923,11.42710667660364,2.582631964432566,1547.0839233398438,19,2021-04-01
66,2021,5,10.418998718261742,13.056999206542992,11.737998962402367,2.63800048828125,1547.0839233398438,20,2021-05-01
66,2021,6,9.667368356805122,12.226840691817458,10.947104524311289,2.5594723350123356,1547.0839233398438,19,2021-06-01
66,2021,7,9.893689928556766,12.532106419613509,11.212898174085138,2.6384164910567436,1547.0839233398438,19,2021-07-01
66,2021,8,9.57157689144739,12.156314568770583,10.863945730108986,2.584737677323191,1547.0839233398438,19,2021-08-01
66,2021,9,9.640000513980286,11.886844353926833,10.76342243395356,2.2468438399465462,1547.0839233398438,19,2021-09-01
66,2021,10,9.944494628906273,10.883999633789085,10.414247131347679,0.9395050048828125,1547.0839233398438,20,2021-10-01
66,2021,11,9.983157830489333,10.281054366262358,10.132106098375845,0.2978965357730263,1547.0839233398438,19,2021-11-01
66,2021,12,9.922103399979463,10.949999678762358,10.436051539370911,1.0278962787828947,1547.0839233398438,19,2021-12-01
66,2022,1,8.161579654091305,10.312105198910384,9.236842426500845,2.1505255448190788,1547.0839233398438,19,2022-01-01
66,2022,2,7.9017649931066405,9.600000000000023,8.75088249655333,1.6982350068933822,1547.0839233398438,17,2022-02-01
66,2022,3,9.336499023437522,11.279002380371116,10.30775070190432,1.9425033569335937,1547.0839233398438,20,2022-03-01
66,2022,4,9.964736456620088,11.858419639185877,10.911578047902983,1.8936831825657894,1547.0839233398438,19,2022-04-01
66,2022,5,10.286317845394759,12.14262823807568,11.21447304173522,1.856310392680921,1547.0839233398438,19,2022-05-01
66,2022,6,9.633891465928842,11.26722106933596,10.4505562676324,1.633329603407118,1547.0839233398438,18,2022-06-01
66,2022,7,10.482631000719595,12.170000899465483,11.326315950092539,1.687369898745888,1547.0839233398438,19,2022-07-01
66,2022,8,10.371998596191428,11.97450103759768,11.173249816894554,1.60250244140625,1547.0839233398438,20,2022-08-01
66,2022,9,9.400527472245088,10.237896086040319,9.819211779142703,0.8373686137952303,1547.0839233398438,19,2022-09-01
66,2022,10,9.82841925370068,9.992104299444923,9.910261776572803,0.16368504574424342,1547.0839233398438,19,2022-10-01
66,2022,11,10.041667344835092,10.217775811089432,10.129721577962263,0.1761084662543403,1547.0839233398438,18,2022-11-01
66,2022,12,9.055262836657095,10.81157997532897,9.933421405993032,1.756317138671875,1547.0839233398438,19,2022-12-01
66,2023,1,8.028501892089867,10.136497497558617,9.082499694824241,2.10799560546875,1547.0839233398438,20,2023-01-01
66,2023,2,8.311669921875023,10.457216729058182,9.384443325466602,2.14554680718316,1547.0839233398438,18,2023-02-01
66,2023,3,8.73473671361022,11.486842426500845,10.110789570055532,2.752105712890625,1547.0839233398438,19,2023-03-01
66,2023,4,10.107501220703147,13.517500305175805,11.812500762939475,3.4099990844726564,1547.0839233398438,20,2023-04-01
66,2023,5,10.748335774739607,14.187775336371551,12.468055555555578,3.4394395616319446,1547.0839233398438,18,2023-05-01
66,2023,6,10.64999903628703,13.006317459909562,11.828158248098296,2.356318423622533,1547.0839233398438,19,2023-06-01
66,2023,7,11.013000488281273,12.480499267578148,11.74674987792971,1.467498779296875,1547.0839233398438,20,2023-07-01
66,2023,8,9.75631585372124,11.601052053351173,10.678683953536208,1.8447361996299343,1547.0839233398438,19,2023-08-01
66,2023,9,9.61388380262589,11.464995320638044,10.539439561631967,1.8511115180121527,1547.0839233398438,18,2023-09-01
66,2023,10,9.173157059518937,10.964736456620088,10.068946758069513,1.7915793971011513,1547.0839233398438,19,2023-10-01
66,2023,11,9.974998304579016,11.874447970920162,10.924723137749588,1.8994496663411458,1547.0839233398438,18,2023-11-01
66,2023,12,11.383999633789085,13.132498168945336,12.25824890136721,1.74849853515625,1547.0839233398438,20,2023-12-01
66,2024,1,10.565496826171898,11.290000915527367,10.927748870849632,0.7245040893554687,1547.0839233398438,20,2024-01-01
66,2024,2,11.049998643663217,11.680554538302975,11.365276590983095,0.6305558946397569,1547.0839233398438,18,2024-02-01
66,2024,3,10.865000915527366,13.046998596191429,11.955999755859398,2.1819976806640624,1547.0839233398438,20,2024-03-01
66,2024,4,11.066841848273048,14.051049804687523,12.558945826480286,2.984207956414474,1547.0839233398438,19,2024-04-01
66,2024,5,11.117372532894759,14.357365979646405,12.737369256270583,3.2399934467516447,1547.0839233398438,19,2024-05-01
66,2024,6,10.435261294716305,13.62473851254114,12.029999903628724,3.1894772178248356,1547.0839233398438,19,2024-06-01
66,2024,7,10.652636397512358,13.899475418893937,12.276055908203148,3.2468390213815788,1547.0839233398438,19,2024-07-01
66,2024,8,10.001577598170252,12.95052972090874,11.476053659539497,2.9489521227384867,1547.0839233398438,19,2024-08-01
66,2024,9,10.14947060032897,11.428948974609398,10.789209787469185,1.2794783742804277,1547.0839233398438,19,2024-09-01
66,2024,10,10.585000610351585,11.122223578559051,10.853612094455318,0.5372229682074653,1547.0839233398438,18,2024-10-01
67,2020,10,10.50578741776318,11.206316817434233,10.856052117598708,0.7005293996710527,1692.57958984375,19,2020-10-01
67,2020,11,10.219474712171076,11.578946083470418,10.899210397820747,1.359471371299342,1692.57958984375,19,2020-11-01
67,2020,12,9.650000000000023,11.13950347900393,10.394751739501976,1.4895034790039063,1692.57958984375,20,2020-12-01
67,2021,1,10.0273665578742,12.254211747018937,11.140789152446569,2.2268451891447367,1692.57958984375,19,2021-01-01
67,2021,2,10.182350786994508,13.648233929802412,11.91529235839846,3.4658831428079044,1692.57958984375,17,2021-02-01
67,2021,3,9.127367842824858,13.394733950966305,11.261050896895583,4.267366108141448,1692.57958984375,19,2021-03-01
67,2021,4,9.870001863178476,15.488419703433411,12.679210783305944,5.618417840254934,1692.57958984375,19,2021-04-01
67,2021,5,10.433003234863303,16.703999328613303,13.568501281738303,6.27099609375,1692.57958984375,20,2021-05-01
67,2021,6,9.705791593852819,15.806840113589661,12.75631585372124,6.1010485197368425,1692.57958984375,19,2021-06-01
67,2021,7,10.176314825760713,16.587894158614333,13.382104492187523,6.411579332853618,1692.57958984375,19,2021-07-01
67,2021,8,9.926321250514002,15.91000237715874,12.918161813836372,5.983681126644737,1692.57958984375,19,2021-08-01
67,2021,9,10.674210719058411,14.262106162623377,12.468158440840895,3.587895443564967,1692.57958984375,19,2021-09-01
67,2021,10,10.611001586914085,10.501501464843773,10.55625152587893,-0.1095001220703125,1692.57958984375,20,2021-10-01
67,2021,11,10.27263312088818,10.187892231188345,10.230262676038263,-0.08474088969983552,1692.57958984375,19,2021-11-01
67,2021,12,10.187368613795252,11.427370091488509,10.807369352641881,1.2400014776932566,1692.57958984375,19,2021-12-01
67,2022,1,9.61631566097864,13.042628559313345,11.329472110145993,3.4263128983347038,1692.57958984375,19,2022-01-01
67,2022,2,8.895293471392486,13.127054730583662,11.011174100988073,4.231761259191177,1692.57958984375,17,2022-02-01
67,2022,3,9.484500122070335,15.613999938964866,12.549250030517602,6.129499816894532,1692.57958984375,20,2022-03-01
67,2022,4,9.380001991673543,16.848422723067458,13.1142123573705,7.468420731393914,1692.57958984375,19,2022-04-01
67,2022,5,9.70052329615545,17.505268618935055,13.602895957545252,7.804745322779605,1692.57958984375,19,2022-05-01
67,2022,6,8.941668023003494,15.935554334852453,12.438611178927975,6.993886311848958,1692.57958984375,18,2022-06-01
67,2022,7,9.950528114720418,17.53368690892272,13.742107511821569,7.583158794202302,1692.57958984375,19,2022-07-01
67,2022,8,10.044500732421898,14.792500305175803,12.41850051879885,4.747999572753907,1692.57958984375,20,2022-08-01
67,2022,9,10.022629908511536,11.418948846114333,10.720789377312935,1.396318937602796,1692.57958984375,19,2022-09-01
67,2022,10,10.518945312500023,11.996842554995911,11.257893933747967,1.477897242495888,1692.57958984375,19,2022-10-01
67,2022,11,10.333334011501758,11.744997490776932,11.039165751139345,1.4116634792751737,1692.57958984375,18,2022-11-01
67,2022,12,10.016317588404627,11.379470343338838,10.697893965871733,1.3631527549342106,1692.57958984375,19,2022-12-01
67,2023,1,9.185997009277367,11.474499511718772,10.33024826049807,2.288502502441406,1692.57958984375,20,2023-01-01
67,2023,2,9.058333333333357,13.29277784559464,11.175555589463999,4.234444512261285,1692.57958984375,18,2023-02-01
67,2023,3,9.043161813836372,15.152634791324036,12.097898302580203,6.109472977487664,1692.57958984375,19,2023-03-01
67,2023,4,9.71736899928045,16.098421116879134,12.907895058079793,6.381052117598684,1692.57958984375,19,2023-04-01
67,2023,5,10.714446004231794,15.365553792317732,13.039999898274763,4.6511077880859375,1692.57958984375,18,2023-05-01
67,2023,6,10.778950259560055,14.83579005191203,12.807370155736043,4.0568397923519735,1692.57958984375,19,2023-06-01
67,2023,7,11.351997375488304,14.667500305175803,13.009748840332055,3.3155029296875,1692.57958984375,20,2023-07-01
67,2023,8,11.507894736842127,13.885265470805944,12.696580103824036,2.377370733963816,1692.57958984375,19,2023-08-01
67,2023,9,11.450552029079883,13.492225477430578,12.471388753255232,2.0416734483506946,1692.57958984375,18,2023-09-01
67,2023,10,10.790526058799365,11.928948974609398,11.359737516704381,1.138422915810033,1692.57958984375,19,2023-10-01
67,2023,11,11.186313348067458,12.305788060238509,11.746050704152983,1.1194747121710527,1692.57958984375,19,2023-11-01
67,2023,12,11.281501770019554,12.83099822998049,12.056250000000023,1.5494964599609375,1692.57958984375,20,2023-12-01
67,2024,1,10.693684146278805,11.823157380756601,11.258420763517703,1.129473234477796,1692.57958984375,19,2024-01-01
67,2024,2,10.394445461697071,12.822223917643251,11.608334689670162,2.4277784559461804,1692.57958984375,18,2024-02-01
67,2024,3,10.516502380371117,15.20600280761721,12.861252593994163,4.689500427246093,1692.57958984375,20,2024-03-01
67,2024,4,10.968943063836372,17.294209048622555,14.131576056229463,6.325265984786184,1692.57958984375,19,2024-04-01
67,2024,5,11.500000321237687,18.067370284231107,14.783685302734398,6.567369962993421,1692.57958984375,19,2024-05-01
67,2024,6,10.333684339021405,16.536314633018115,13.434999486019759,6.202630293996711,1692.57958984375,19,2024-06-01
67,2024,7,10.903686844675187,17.13368498149673,14.01868591308596,6.229998136821546,1692.57958984375,19,2024-07-01
67,2024,8,10.342102372018937,16.226840691817458,13.284471531918197,5.88473831979852,1692.57958984375,19,2024-08-01
67,2024,9,10.433687230160384,16.268423301295254,13.351055265727819,5.834736071134868,1692.57958984375,19,2024-09-01
67,2024,10,10.91555345323353,13.395554267035614,12.155553860134571,2.4800008138020835,1692.57958984375,18,2024-10-01
70,2020,10,9.828420859889002,12.86526360762749,11.346842233758247,3.0368427477384867,1604.9100952148438,19,2020-10-01
70,2020,11,10.312632028680122,13.346313797800187,11.829472913240155,3.033681769120066,1604.9100952148438,19,2020-11-01
70,2020,12,9.134501647949241,12.540496826171898,10.83749923706057,3.405995178222656,1604.9100952148438,20,2020-12-01
70,2021,1,8.418422016344595,12.72263087222453,10.570526444284562,4.304208855879934,1604.9100952148438,19,2021-01-01
70,2021,2,8.854708682789544,13.192355167164544,11.023531924977044,4.337646484375,1604.9100952148438,17,2021-02-01
70,2021,3,8.636842747738509,12.799999357524694,10.718421052631601,4.163156609786184,1604.9100952148438,19,2021-03-01
70,2021,4,9.827895636307588,14.697893965871733,12.262894801089661,4.869998329564145,1604.9100952148438,19,2021-04-01
70,2021,5,10.575502014160179,15.588499450683617,13.082000732421898,5.012997436523437,1604.9100952148438,20,2021-05-01
70,2021,6,9.970001541940812,14.766315982216305,12.36815876207856,4.796314440275493,1604.9100952148438,19,2021-06-01
70,2021,7,10.253683311060877,15.09841790450249,12.676050607781685,4.844734593441612,1604.9100952148438,19,2021-07-01
70,2021,8,9.966842169510713,14.634210205078148,12.30052618729443,4.667368035567434,1604.9100952148438,19,2021-08-01
70,2021,9,9.81579140111022,14.389995695415319,12.10289354826277,4.5742042943050985,1604.9100952148438,19,2021-09-01
70,2021,10,9.753498840332053,12.78050231933596,11.267000579834008,3.0270034790039064,1604.9100952148438,20,2021-10-01
70,2021,11,10.385790694387358,10.526319323088016,10.456055008737687,0.14052862870065788,1604.9100952148438,19,2021-11-01
70,2021,12,9.628948332134069,12.716842169510713,11.17289525082239,3.0878938373766447,1604.9100952148438,19,2021-12-01
70,2022,1,8.503683311060877,12.58421116879114,10.543947239926009,4.080527857730263,1604.9100952148438,19,2022-01-01
70,2022,2,9.214119585822633,11.731765926585501,10.472942756204066,2.5176463407628678,1604.9100952148438,17,2022-02-01
70,2022,3,8.98199920654299,13.409503173828147,11.19575119018557,4.427503967285157,1604.9100952148438,20,2022-03-01
70,2022,4,9.235261937191634,13.564736135382423,11.39999903628703,4.329474198190789,1604.9100952148438,19,2022-04-01
70,2022,5,9.551576634457259,13.726317074424365,11.638946854440812,4.174740439967105,1604.9100952148438,19,2022-05-01
70,2022,6,8.91222364637589,12.580556911892383,10.746390279134138,3.668333265516493,1604.9100952148438,18,2022-06-01
70,2022,7,9.80105462325249,13.572633763363509,11.686844193308,3.7715791401110197,1604.9100952148438,19,2022-07-01
70,2022,8,9.59799957275393,13.158497619628928,11.37824859619143,3.560498046875,1604.9100952148438,20,2022-08-01
70,2022,9,9.123159629420252,10.956315211245911,10.039737420333083,1.833155581825658,1604.9100952148438,19,2022-09-01
70,2022,10,10.096313797800187,10.204736328125023,10.150525062962606,0.10842253032483552,1604.9100952148438,19,2022-10-01
70,2022,11,10.354999796549501,10.47889099121096,10.416945393880232,0.12389119466145833,1604.9100952148438,18,2022-11-01
70,2022,12,9.36105218184624,11.125265342310877,10.24315876207856,1.764213160464638,1604.9100952148438,19,2022-12-01
70,2023,1,8.280003356933616,12.753997802734398,10.517000579834008,4.473994445800781,1604.9100952148438,20,2023-01-01
70,2023,2,8.255556572808182,12.454446411132835,10.355001491970508,4.198889838324653,1604.9100952148438,18,2023-02-01
70,2023,3,8.57578831722864,13.35789280941614,10.96684056332239,4.7821044921875,1604.9100952148438,19,2023-03-01
70,2023,4,10.012104556435055,14.447897178248377,12.230000867341717,4.435792621813323,1604.9100952148438,19,2023-04-01
70,2023,5,10.981664699978321,14.784995863172766,12.883330281575544,3.8033311631944446,1604.9100952148438,18,2023-05-01
70,2023,6,10.792633377878312,14.184737677323213,12.488685527600763,3.392104299444901,1604.9100952148438,19,2023-06-01
70,2023,7,11.526499938964866,15.39450378417971,13.460501861572288,3.8680038452148438,1604.9100952148438,20,2023-07-01
70,2023,8,10.932631964432588,15.434212453741798,13.183422209087194,4.501580489309211,1604.9100952148438,19,2023-08-01
70,2023,9,10.792220052083357,15.25777757432728,13.024998813205318,4.465557522243923,1604.9100952148438,18,2023-09-01
70,2023,10,10.268948524876668,14.586318487870088,12.427633506373377,4.317369962993421,1604.9100952148438,19,2023-10-01
70,2023,11,10.86947503340874,15.331051796361043,13.10026341488489,4.461576762952302,1604.9100952148438,19,2023-11-01
70,2023,12,11.247998046875022,15.046499633789086,13.147248840332054,3.7985015869140626,1604.9100952148438,20,2023-12-01
70,2024,1,10.410998535156272,14.009002685546898,12.210000610351585,3.598004150390625,1604.9100952148438,20,2024-01-01
70,2024,2,10.183333333333357,14.542221747504364,12.36277754041886,4.358888414171007,1604.9100952148438,18,2024-02-01
70,2024,3,10.026002502441429,14.932501220703148,12.479251861572289,4.906498718261719,1604.9100952148438,20,2024-03-01
70,2024,4,10.735790373149694,15.572632157175187,13.15421126516244,4.836841784025493,1604.9100952148438,19,2024-04-01
70,2024,5,11.212632349917786,15.780527536492622,13.496579943205203,4.567895186574836,1604.9100952148438,19,2024-05-01
70,2024,6,10.698424008018115,14.983681447882423,12.84105272795027,4.285257439864309,1604.9100952148438,19,2024-06-01
70,2024,7,11.028943834806766,15.230000064247555,13.129471949527161,4.201056229440789,1604.9100952148438,19,2024-07-01
70,2024,8,10.582103849712194,14.402628366570747,12.49236610814147,3.8205245168585527,1604.9100952148438,19,2024-08-01
70,2024,9,11.464736456620088,14.04368382504114,12.754210140830615,2.5789473684210527,1604.9100952148438,19,2024-09-01
70,2024,10,11.796665445963564,13.57610982259117,12.686387634277366,1.7794443766276042,1604.9100952148438,18,2024-10-01
